Mach,Alpha,CD Power-Off,CD Power-On,CA Power-Off,CA Power-On,CL Power-Off,CL Power-On,CN Power-Off,CN Power-On,CNalpha (0 to 4 deg) (per rad),CP,Reynolds Number
0.01,0.0,0.396,0.383,0.396,0.383,0.0,0.0,0.0,0.0,14.9,85.382,623680.0
0.02,0.0,0.404,0.391,0.404,0.391,0.0,0.0,0.0,0.0,14.9,85.382,1247360.0
0.03,0.0,0.395,0.382,0.395,0.382,0.0,0.0,0.0,0.0,14.9,85.382,1871039.0
0.04,0.0,0.385,0.372,0.385,0.372,0.0,0.0,0.0,0.0,14.9,85.382,2494719.0
0.05,0.0,0.377,0.364,0.377,0.364,0.0,0.0,0.0,0.0,14.9,85.382,3118399.0
0.06,0.0,0.374,0.361,0.374,0.361,0.0,0.0,0.0,0.0,14.9,85.382,3742079.0
0.07,0.0,0.372,0.359,0.372,0.359,0.0,0.0,0.0,0.0,14.9,85.382,4365758.0
0.08,0.0,0.37,0.357,0.37,0.357,0.0,0.0,0.0,0.0,14.9,85.382,4989438.0
0.09,0.0,0.368,0.355,0.368,0.355,0.0,0.0,0.0,0.0,14.9,85.382,5613118.0
0.1,0.0,0.367,0.355,0.367,0.355,0.0,0.0,0.0,0.0,14.9,85.382,6236798.0
0.11,0.0,0.367,0.355,0.367,0.355,0.0,0.0,0.0,0.0,14.9,85.382,6860478.0
0.12,0.0,0.367,0.354,0.367,0.354,0.0,0.0,0.0,0.0,14.9,85.382,7484158.0
0.13,0.0,0.367,0.354,0.367,0.354,0.0,0.0,0.0,0.0,14.9,85.382,8107837.0
0.14,0.0,0.367,0.354,0.367,0.354,0.0,0.0,0.0,0.0,14.9,85.382,8731517.0
0.15,0.0,0.367,0.354,0.367,0.354,0.0,0.0,0.0,0.0,14.9,85.382,9355197.0
0.16,0.0,0.367,0.354,0.367,0.354,0.0,0.0,0.0,0.0,14.9,85.382,9978877.0
0.17,0.0,0.367,0.354,0.367,0.354,0.0,0.0,0.0,0.0,14.9,85.382,10602560.0
0.18,0.0,0.367,0.354,0.367,0.354,0.0,0.0,0.0,0.0,14.9,85.382,11226240.0
0.19,0.0,0.367,0.354,0.367,0.354,0.0,0.0,0.0,0.0,14.9,85.382,11849920.0
0.2,0.0,0.367,0.354,0.367,0.354,0.0,0.0,0.0,0.0,14.9,85.382,12473600.0
0.21,0.0,0.367,0.354,0.367,0.354,0.0,0.0,0.0,0.0,14.9,85.382,13097280.0
0.22,0.0,0.367,0.354,0.367,0.354,0.0,0.0,0.0,0.0,14.9,85.382,13720960.0
0.23,0.0,0.367,0.354,0.367,0.354,0.0,0.0,0.0,0.0,14.9,85.382,14344640.0
0.24,0.0,0.367,0.354,0.367,0.354,0.0,0.0,0.0,0.0,14.9,85.382,14968320.0
0.25,0.0,0.367,0.354,0.367,0.354,0.0,0.0,0.0,0.0,14.9,85.382,15592000.0
0.26,0.0,0.367,0.354,0.367,0.354,0.0,0.0,0.0,0.0,14.9,85.382,16215670.0
0.27,0.0,0.367,0.354,0.367,0.354,0.0,0.0,0.0,0.0,14.9,85.382,16839360.0
0.28,0.0,0.367,0.354,0.367,0.354,0.0,0.0,0.0,0.0,14.9,85.382,17463030.0
0.29,0.0,0.367,0.354,0.367,0.354,0.0,0.0,0.0,0.0,14.9,85.382,18086710.0
0.3,0.0,0.367,0.355,0.367,0.355,0.0,0.0,0.0,0.0,14.9,85.382,18710390.0
0.31,0.0,0.368,0.355,0.368,0.355,0.0,0.0,0.0,0.0,14.9,85.382,19334070.0
0.32,0.0,0.368,0.355,0.368,0.355,0.0,0.0,0.0,0.0,14.9,85.382,19957750.0
0.33,0.0,0.368,0.355,0.368,0.355,0.0,0.0,0.0,0.0,14.9,85.382,20581430.0
0.34,0.0,0.368,0.355,0.368,0.355,0.0,0.0,0.0,0.0,14.9,85.382,21205110.0
0.35,0.0,0.368,0.355,0.368,0.355,0.0,0.0,0.0,0.0,14.9,85.382,21828790.0
0.36,0.0,0.368,0.355,0.368,0.355,0.0,0.0,0.0,0.0,14.9,85.382,22452470.0
0.37,0.0,0.368,0.355,0.368,0.355,0.0,0.0,0.0,0.0,14.9,85.382,23076150.0
0.38,0.0,0.368,0.355,0.368,0.355,0.0,0.0,0.0,0.0,14.9,85.382,23699830.0
0.39,0.0,0.368,0.356,0.368,0.356,0.0,0.0,0.0,0.0,14.9,85.382,24323510.0
0.4,0.0,0.369,0.356,0.369,0.356,0.0,0.0,0.0,0.0,14.9,85.382,24947190.0
0.41,0.0,0.369,0.356,0.369,0.356,0.0,0.0,0.0,0.0,14.9,85.382,25570870.0
0.42,0.0,0.369,0.356,0.369,0.356,0.0,0.0,0.0,0.0,14.9,85.382,26194550.0
0.43,0.0,0.369,0.356,0.369,0.356,0.0,0.0,0.0,0.0,14.9,85.382,26818230.0
0.44,0.0,0.369,0.356,0.369,0.356,0.0,0.0,0.0,0.0,14.9,85.382,27441910.0
0.45,0.0,0.369,0.356,0.369,0.356,0.0,0.0,0.0,0.0,14.9,85.382,28065590.0
0.46,0.0,0.369,0.356,0.369,0.356,0.0,0.0,0.0,0.0,14.9,85.382,28689270.0
0.47,0.0,0.369,0.356,0.369,0.356,0.0,0.0,0.0,0.0,14.9,85.382,29312950.0
0.48,0.0,0.369,0.357,0.369,0.357,0.0,0.0,0.0,0.0,14.9,85.382,29936630.0
0.49,0.0,0.37,0.357,0.37,0.357,0.0,0.0,0.0,0.0,14.9,85.382,30560310.0
0.5,0.0,0.37,0.357,0.37,0.357,0.0,0.0,0.0,0.0,14.9,85.382,31183990.0
0.51,0.0,0.37,0.357,0.37,0.357,0.0,0.0,0.0,0.0,14.9,85.382,31807670.0
0.52,0.0,0.37,0.357,0.37,0.357,0.0,0.0,0.0,0.0,14.9,85.382,32431350.0
0.53,0.0,0.37,0.357,0.37,0.357,0.0,0.0,0.0,0.0,14.9,85.382,33055030.0
0.54,0.0,0.37,0.357,0.37,0.357,0.0,0.0,0.0,0.0,14.9,85.382,33678710.0
0.55,0.0,0.37,0.357,0.37,0.357,0.0,0.0,0.0,0.0,14.9,85.382,34302390.0
0.56,0.0,0.37,0.357,0.37,0.357,0.0,0.0,0.0,0.0,14.9,85.382,34926070.0
0.57,0.0,0.37,0.358,0.37,0.358,0.0,0.0,0.0,0.0,14.9,85.382,35549750.0
0.58,0.0,0.371,0.358,0.371,0.358,0.0,0.0,0.0,0.0,14.9,85.382,36173430.0
0.59,0.0,0.371,0.358,0.371,0.358,0.0,0.0,0.0,0.0,14.9,85.382,36797110.0
0.6,0.0,0.371,0.357,0.371,0.357,0.0,0.0,0.0,0.0,14.9,85.382,37420790.0
0.61,0.0,0.371,0.358,0.371,0.358,0.0,0.0,0.0,0.0,14.9,85.382,38044470.0
0.62,0.0,0.372,0.358,0.372,0.358,0.0,0.0,0.0,0.0,14.9,85.382,38668150.0
0.63,0.0,0.372,0.358,0.372,0.358,0.0,0.0,0.0,0.0,14.9,85.382,39291830.0
0.64,0.0,0.372,0.358,0.372,0.358,0.0,0.0,0.0,0.0,14.9,85.382,39915510.0
0.65,0.0,0.373,0.358,0.373,0.358,0.0,0.0,0.0,0.0,14.9,85.382,40539180.0
0.66,0.0,0.373,0.358,0.373,0.358,0.0,0.0,0.0,0.0,14.9,85.382,41162870.0
0.67,0.0,0.373,0.358,0.373,0.358,0.0,0.0,0.0,0.0,14.9,85.382,41786550.0
0.68,0.0,0.374,0.358,0.374,0.358,0.0,0.0,0.0,0.0,14.9,85.382,42410230.0
0.69,0.0,0.374,0.358,0.374,0.358,0.0,0.0,0.0,0.0,14.9,85.382,43033900.0
0.7,0.0,0.375,0.359,0.375,0.359,0.0,0.0,0.0,0.0,14.9,85.382,43657580.0
0.71,0.0,0.375,0.359,0.375,0.359,0.0,0.0,0.0,0.0,14.9,85.382,44281260.0
0.72,0.0,0.375,0.359,0.375,0.359,0.0,0.0,0.0,0.0,14.9,85.382,44904950.0
0.73,0.0,0.376,0.359,0.376,0.359,0.0,0.0,0.0,0.0,14.9,85.382,45528630.0
0.74,0.0,0.376,0.359,0.376,0.359,0.0,0.0,0.0,0.0,14.9,85.382,46152300.0
0.75,0.0,0.376,0.359,0.376,0.359,0.0,0.0,0.0,0.0,14.9,85.382,46775980.0
0.76,0.0,0.377,0.359,0.377,0.359,0.0,0.0,0.0,0.0,14.9,85.382,47399660.0
0.77,0.0,0.377,0.359,0.377,0.359,0.0,0.0,0.0,0.0,14.9,85.382,48023340.0
0.78,0.0,0.378,0.359,0.378,0.359,0.0,0.0,0.0,0.0,14.9,85.382,48647020.0
0.79,0.0,0.378,0.359,0.378,0.359,0.0,0.0,0.0,0.0,14.9,85.382,49270700.0
0.8,0.0,0.378,0.36,0.378,0.36,0.0,0.0,0.0,0.0,14.9,85.382,49894380.0
0.81,0.0,0.379,0.36,0.379,0.36,0.0,0.0,0.0,0.0,14.9,85.382,50518060.0
0.82,0.0,0.379,0.36,0.379,0.36,0.0,0.0,0.0,0.0,14.9,85.382,51141740.0
0.83,0.0,0.379,0.36,0.379,0.36,0.0,0.0,0.0,0.0,14.9,85.382,51765420.0
0.84,0.0,0.38,0.36,0.38,0.36,0.0,0.0,0.0,0.0,14.9,85.382,52389100.0
0.85,0.0,0.38,0.36,0.38,0.36,0.0,0.0,0.0,0.0,14.9,85.382,53012780.0
0.86,0.0,0.38,0.36,0.38,0.36,0.0,0.0,0.0,0.0,14.9,85.382,53636460.0
0.87,0.0,0.381,0.36,0.381,0.36,0.0,0.0,0.0,0.0,14.9,85.382,54260140.0
0.88,0.0,0.381,0.36,0.381,0.36,0.0,0.0,0.0,0.0,14.9,85.382,54883820.0
0.89,0.0,0.382,0.361,0.382,0.361,0.0,0.0,0.0,0.0,14.9,85.382,55507500.0
0.9,0.0,0.382,0.361,0.382,0.361,0.0,0.0,0.0,0.0,14.9,85.382,56131180.0
0.91,0.0,0.385,0.363,0.385,0.363,0.0,0.0,0.0,0.0,14.72,85.361,56754860.0
0.92,0.0,0.392,0.371,0.392,0.371,0.0,0.0,0.0,0.0,14.53,85.34,57378540.0
0.93,0.0,0.405,0.382,0.405,0.382,0.0,0.0,0.0,0.0,14.35,85.319,58002220.0
0.94,0.0,0.417,0.393,0.417,0.393,0.0,0.0,0.0,0.0,14.16,85.298,58625900.0
0.95,0.0,0.43,0.405,0.43,0.405,0.0,0.0,0.0,0.0,13.98,85.278,59249580.0
0.96,0.0,0.443,0.417,0.443,0.417,0.0,0.0,0.0,0.0,13.79,85.257,59873260.0
0.97,0.0,0.456,0.428,0.456,0.428,0.0,0.0,0.0,0.0,13.6,85.236,60496940.0
0.98,0.0,0.468,0.44,0.468,0.44,0.0,0.0,0.0,0.0,13.42,85.215,61120620.0
0.99,0.0,0.481,0.451,0.481,0.451,0.0,0.0,0.0,0.0,13.23,85.194,61744300.0
1.0,0.0,0.494,0.463,0.494,0.463,0.0,0.0,0.0,0.0,13.05,85.173,62367980.0
1.01,0.0,0.507,0.474,0.507,0.474,0.0,0.0,0.0,0.0,12.86,85.152,62991660.0
1.02,0.0,0.519,0.486,0.519,0.486,0.0,0.0,0.0,0.0,12.68,85.131,63615340.0
1.03,0.0,0.532,0.497,0.532,0.497,0.0,0.0,0.0,0.0,12.49,85.111,64239020.0
1.04,0.0,0.545,0.509,0.545,0.509,0.0,0.0,0.0,0.0,12.31,85.09,64862700.0
1.05,0.0,0.558,0.521,0.558,0.521,0.0,0.0,0.0,0.0,12.12,85.069,65486380.0
1.06,0.0,0.557,0.52,0.557,0.52,0.0,0.0,0.0,0.0,12.13,85.005,66110060.0
1.07,0.0,0.556,0.519,0.556,0.519,0.0,0.0,0.0,0.0,12.14,84.948,66733740.0
1.08,0.0,0.554,0.518,0.554,0.518,0.0,0.0,0.0,0.0,12.15,84.895,67357420.0
1.09,0.0,0.553,0.517,0.553,0.517,0.0,0.0,0.0,0.0,12.16,84.845,67981100.0
1.1,0.0,0.552,0.516,0.552,0.516,0.0,0.0,0.0,0.0,12.17,84.799,68604780.0
1.11,0.0,0.551,0.515,0.551,0.515,0.0,0.0,0.0,0.0,12.17,84.748,69228460.0
1.12,0.0,0.55,0.514,0.55,0.514,0.0,0.0,0.0,0.0,12.17,84.689,69852140.0
1.13,0.0,0.549,0.513,0.549,0.513,0.0,0.0,0.0,0.0,12.16,84.633,70475820.0
1.14,0.0,0.548,0.512,0.548,0.512,0.0,0.0,0.0,0.0,12.16,84.578,71099500.0
1.15,0.0,0.547,0.511,0.547,0.511,0.0,0.0,0.0,0.0,12.16,84.526,71723180.0
1.16,0.0,0.545,0.51,0.545,0.51,0.0,0.0,0.0,0.0,12.15,84.476,72346860.0
1.17,0.0,0.543,0.508,0.543,0.508,0.0,0.0,0.0,0.0,12.15,84.427,72970540.0
1.18,0.0,0.541,0.506,0.541,0.506,0.0,0.0,0.0,0.0,12.15,84.38,73594220.0
1.19,0.0,0.539,0.504,0.539,0.504,0.0,0.0,0.0,0.0,12.14,84.334,74217900.0
1.2,0.0,0.537,0.502,0.537,0.502,0.0,0.0,0.0,0.0,12.14,84.289,74841580.0
1.21,0.0,0.535,0.5,0.535,0.5,0.0,0.0,0.0,0.0,12.14,84.246,75465260.0
1.22,0.0,0.533,0.498,0.533,0.498,0.0,0.0,0.0,0.0,12.13,84.203,76088940.0
1.23,0.0,0.531,0.496,0.531,0.496,0.0,0.0,0.0,0.0,12.13,84.161,76712620.0
1.24,0.0,0.529,0.495,0.529,0.495,0.0,0.0,0.0,0.0,12.12,84.119,77336300.0
1.25,0.0,0.527,0.493,0.527,0.493,0.0,0.0,0.0,0.0,12.12,84.077,77959980.0
1.26,0.0,0.526,0.491,0.526,0.491,0.0,0.0,0.0,0.0,12.12,84.036,78583660.0
1.27,0.0,0.524,0.489,0.524,0.489,0.0,0.0,0.0,0.0,12.11,83.996,79207340.0
1.28,0.0,0.522,0.487,0.522,0.487,0.0,0.0,0.0,0.0,12.11,83.957,79831020.0
1.29,0.0,0.52,0.485,0.52,0.485,0.0,0.0,0.0,0.0,12.1,83.919,80454690.0
1.3,0.0,0.518,0.483,0.518,0.483,0.0,0.0,0.0,0.0,12.1,83.881,81078370.0
1.31,0.0,0.516,0.481,0.516,0.481,0.0,0.0,0.0,0.0,12.1,83.844,81702050.0
1.32,0.0,0.514,0.48,0.514,0.48,0.0,0.0,0.0,0.0,12.09,83.807,82325740.0
1.33,0.0,0.513,0.478,0.513,0.478,0.0,0.0,0.0,0.0,12.09,83.771,82949420.0
1.34,0.0,0.512,0.477,0.512,0.477,0.0,0.0,0.0,0.0,12.08,83.735,83573100.0
1.35,0.0,0.51,0.476,0.51,0.476,0.0,0.0,0.0,0.0,12.08,83.7,84196780.0
1.36,0.0,0.509,0.474,0.509,0.474,0.0,0.0,0.0,0.0,12.07,83.666,84820460.0
1.37,0.0,0.508,0.473,0.508,0.473,0.0,0.0,0.0,0.0,12.07,83.632,85444140.0
1.38,0.0,0.507,0.472,0.507,0.472,0.0,0.0,0.0,0.0,12.07,83.598,86067810.0
1.39,0.0,0.506,0.471,0.506,0.471,0.0,0.0,0.0,0.0,12.06,83.565,86691490.0
1.4,0.0,0.505,0.471,0.505,0.471,0.0,0.0,0.0,0.0,12.06,83.532,87315170.0
1.41,0.0,0.505,0.47,0.505,0.47,0.0,0.0,0.0,0.0,12.05,83.5,87938850.0
1.42,0.0,0.504,0.469,0.504,0.469,0.0,0.0,0.0,0.0,12.05,83.468,88562530.0
1.43,0.0,0.503,0.469,0.503,0.469,0.0,0.0,0.0,0.0,12.05,83.437,89186210.0
1.44,0.0,0.503,0.468,0.503,0.468,0.0,0.0,0.0,0.0,12.04,83.406,89809900.0
1.45,0.0,0.502,0.468,0.502,0.468,0.0,0.0,0.0,0.0,12.03,83.375,90433580.0
1.46,0.0,0.502,0.467,0.502,0.467,0.0,0.0,0.0,0.0,12.02,83.345,91057260.0
1.47,0.0,0.502,0.467,0.502,0.467,0.0,0.0,0.0,0.0,12.01,83.315,91680940.0
1.48,0.0,0.501,0.466,0.501,0.466,0.0,0.0,0.0,0.0,12.0,83.285,92304610.0
1.49,0.0,0.501,0.466,0.501,0.466,0.0,0.0,0.0,0.0,11.99,83.256,92928290.0
1.5,0.0,0.501,0.466,0.501,0.466,0.0,0.0,0.0,0.0,11.98,83.227,93551970.0
1.51,0.0,0.501,0.466,0.501,0.466,0.0,0.0,0.0,0.0,11.97,83.198,94175650.0
1.52,0.0,0.501,0.466,0.501,0.466,0.0,0.0,0.0,0.0,11.96,83.169,94799330.0
1.53,0.0,0.501,0.466,0.501,0.466,0.0,0.0,0.0,0.0,11.95,83.141,95423010.0
1.54,0.0,0.501,0.466,0.501,0.466,0.0,0.0,0.0,0.0,11.94,83.113,96046690.0
1.55,0.0,0.501,0.466,0.501,0.466,0.0,0.0,0.0,0.0,11.93,83.086,96670370.0
1.56,0.0,0.501,0.466,0.501,0.466,0.0,0.0,0.0,0.0,11.92,83.058,97294050.0
1.57,0.0,0.502,0.467,0.502,0.467,0.0,0.0,0.0,0.0,11.91,83.031,97917730.0
1.58,0.0,0.502,0.467,0.502,0.467,0.0,0.0,0.0,0.0,11.9,83.005,98541410.0
1.59,0.0,0.502,0.467,0.502,0.467,0.0,0.0,0.0,0.0,11.89,82.978,99165090.0
1.6,0.0,0.503,0.468,0.503,0.468,0.0,0.0,0.0,0.0,11.88,82.952,99788770.0
1.61,0.0,0.503,0.468,0.503,0.468,0.0,0.0,0.0,0.0,11.87,82.926,100412400.0
1.62,0.0,0.504,0.469,0.504,0.469,0.0,0.0,0.0,0.0,11.86,82.9,101036100.0
1.63,0.0,0.505,0.47,0.505,0.47,0.0,0.0,0.0,0.0,11.85,82.874,101659800.0
1.64,0.0,0.505,0.47,0.505,0.47,0.0,0.0,0.0,0.0,11.84,82.849,102283500.0
1.65,0.0,0.506,0.471,0.506,0.471,0.0,0.0,0.0,0.0,11.83,82.824,102907200.0
1.66,0.0,0.507,0.472,0.507,0.472,0.0,0.0,0.0,0.0,11.82,82.799,103530800.0
1.67,0.0,0.508,0.473,0.508,0.473,0.0,0.0,0.0,0.0,11.81,82.774,104154500.0
1.68,0.0,0.509,0.474,0.509,0.474,0.0,0.0,0.0,0.0,11.8,82.75,104778200.0
1.69,0.0,0.51,0.475,0.51,0.475,0.0,0.0,0.0,0.0,11.79,82.725,105401900.0
1.7,0.0,0.511,0.476,0.511,0.476,0.0,0.0,0.0,0.0,11.78,82.701,106025600.0
1.71,0.0,0.512,0.477,0.512,0.477,0.0,0.0,0.0,0.0,11.77,82.678,106649200.0
1.72,0.0,0.513,0.478,0.513,0.478,0.0,0.0,0.0,0.0,11.76,82.654,107272900.0
1.73,0.0,0.514,0.479,0.514,0.479,0.0,0.0,0.0,0.0,11.75,82.63,107896600.0
1.74,0.0,0.516,0.481,0.516,0.481,0.0,0.0,0.0,0.0,11.74,82.607,108520300.0
1.75,0.0,0.517,0.482,0.517,0.482,0.0,0.0,0.0,0.0,11.73,82.584,109144000.0
1.76,0.0,0.518,0.484,0.518,0.484,0.0,0.0,0.0,0.0,11.72,82.561,109767600.0
1.77,0.0,0.52,0.485,0.52,0.485,0.0,0.0,0.0,0.0,11.71,82.539,110391300.0
1.78,0.0,0.521,0.487,0.521,0.487,0.0,0.0,0.0,0.0,11.7,82.516,111015000.0
1.79,0.0,0.523,0.488,0.523,0.488,0.0,0.0,0.0,0.0,11.69,82.494,111638700.0
1.8,0.0,0.525,0.49,0.525,0.49,0.0,0.0,0.0,0.0,11.68,82.471,112262400.0
1.81,0.0,0.526,0.492,0.526,0.492,0.0,0.0,0.0,0.0,11.67,82.45,112886000.0
1.82,0.0,0.528,0.493,0.528,0.493,0.0,0.0,0.0,0.0,11.66,82.428,113509700.0
1.83,0.0,0.53,0.495,0.53,0.495,0.0,0.0,0.0,0.0,11.65,82.406,114133400.0
1.84,0.0,0.532,0.497,0.532,0.497,0.0,0.0,0.0,0.0,11.64,82.385,114757100.0
1.85,0.0,0.534,0.499,0.534,0.499,0.0,0.0,0.0,0.0,11.63,82.363,115380800.0
1.86,0.0,0.536,0.501,0.536,0.501,0.0,0.0,0.0,0.0,11.62,82.342,116004400.0
1.87,0.0,0.538,0.503,0.538,0.503,0.0,0.0,0.0,0.0,11.61,82.321,116628100.0
1.88,0.0,0.54,0.506,0.54,0.506,0.0,0.0,0.0,0.0,11.6,82.3,117251800.0
1.89,0.0,0.543,0.508,0.543,0.508,0.0,0.0,0.0,0.0,11.59,82.28,117875500.0
1.9,0.0,0.545,0.51,0.545,0.51,0.0,0.0,0.0,0.0,11.58,82.259,118499200.0
1.91,0.0,0.547,0.513,0.547,0.513,0.0,0.0,0.0,0.0,11.57,82.239,119122800.0
1.92,0.0,0.55,0.515,0.55,0.515,0.0,0.0,0.0,0.0,11.56,82.219,119746500.0
1.93,0.0,0.552,0.518,0.552,0.518,0.0,0.0,0.0,0.0,11.55,82.199,120370200.0
1.94,0.0,0.555,0.52,0.555,0.52,0.0,0.0,0.0,0.0,11.54,82.179,120993900.0
1.95,0.0,0.558,0.523,0.558,0.523,0.0,0.0,0.0,0.0,11.53,82.159,121617600.0
1.96,0.0,0.56,0.525,0.56,0.525,0.0,0.0,0.0,0.0,11.52,82.14,122241200.0
1.97,0.0,0.563,0.528,0.563,0.528,0.0,0.0,0.0,0.0,11.51,82.12,122864900.0
1.98,0.0,0.566,0.531,0.566,0.531,0.0,0.0,0.0,0.0,11.5,82.101,123488600.0
1.99,0.0,0.569,0.534,0.569,0.534,0.0,0.0,0.0,0.0,11.49,82.082,124112300.0
2.0,0.0,0.572,0.537,0.572,0.537,0.0,0.0,0.0,0.0,11.48,82.063,124736000.0
2.01,0.0,0.575,0.54,0.575,0.54,0.0,0.0,0.0,0.0,11.47,82.044,125359600.0
2.02,0.0,0.578,0.543,0.578,0.543,0.0,0.0,0.0,0.0,11.46,82.025,125983300.0
2.03,0.0,0.581,0.546,0.581,0.546,0.0,0.0,0.0,0.0,11.45,82.007,126607000.0
2.04,0.0,0.585,0.549,0.585,0.549,0.0,0.0,0.0,0.0,11.44,81.988,127230700.0
2.05,0.0,0.588,0.553,0.588,0.553,0.0,0.0,0.0,0.0,11.43,81.97,127854400.0
2.06,0.0,0.592,0.556,0.592,0.556,0.0,0.0,0.0,0.0,11.42,81.952,128478000.0
2.07,0.0,0.595,0.56,0.595,0.56,0.0,0.0,0.0,0.0,11.41,81.934,129101700.0
2.08,0.0,0.599,0.563,0.599,0.563,0.0,0.0,0.0,0.0,11.4,81.916,129725400.0
2.09,0.0,0.603,0.567,0.603,0.567,0.0,0.0,0.0,0.0,11.39,81.898,130349100.0
2.1,0.0,0.607,0.571,0.607,0.571,0.0,0.0,0.0,0.0,11.38,81.881,130972800.0
2.11,0.0,0.61,0.574,0.61,0.574,0.0,0.0,0.0,0.0,11.37,81.863,131596400.0
2.12,0.0,0.614,0.578,0.614,0.578,0.0,0.0,0.0,0.0,11.36,81.846,132220100.0
2.13,0.0,0.618,0.582,0.618,0.582,0.0,0.0,0.0,0.0,11.35,81.829,132843800.0
2.14,0.0,0.623,0.586,0.623,0.586,0.0,0.0,0.0,0.0,11.34,81.812,133467500.0
2.15,0.0,0.627,0.59,0.627,0.59,0.0,0.0,0.0,0.0,11.33,81.795,134091200.0
2.16,0.0,0.625,0.588,0.625,0.588,0.0,0.0,0.0,0.0,11.3,81.752,134714800.0
2.17,0.0,0.622,0.586,0.622,0.586,0.0,0.0,0.0,0.0,11.28,81.703,135338500.0
2.18,0.0,0.619,0.583,0.619,0.583,0.0,0.0,0.0,0.0,11.25,81.654,135962200.0
2.19,0.0,0.617,0.58,0.617,0.58,0.0,0.0,0.0,0.0,11.23,81.603,136585900.0
2.2,0.0,0.614,0.577,0.614,0.577,0.0,0.0,0.0,0.0,11.2,81.552,137209600.0
2.21,0.0,0.612,0.575,0.612,0.575,0.0,0.0,0.0,0.0,11.17,81.5,137833200.0
2.22,0.0,0.609,0.572,0.609,0.572,0.0,0.0,0.0,0.0,11.14,81.447,138456900.0
2.23,0.0,0.606,0.569,0.606,0.569,0.0,0.0,0.0,0.0,11.12,81.393,139080600.0
2.24,0.0,0.604,0.567,0.604,0.567,0.0,0.0,0.0,0.0,11.09,81.339,139704300.0
2.25,0.0,0.601,0.564,0.601,0.564,0.0,0.0,0.0,0.0,11.06,81.284,140328000.0
2.26,0.0,0.599,0.561,0.599,0.561,0.0,0.0,0.0,0.0,11.03,81.228,140951600.0
2.27,0.0,0.596,0.559,0.596,0.559,0.0,0.0,0.0,0.0,11.0,81.171,141575300.0
2.28,0.0,0.594,0.556,0.594,0.556,0.0,0.0,0.0,0.0,10.97,81.114,142199000.0
2.29,0.0,0.592,0.554,0.592,0.554,0.0,0.0,0.0,0.0,10.94,81.041,142822700.0
2.3,0.0,0.589,0.551,0.589,0.551,0.0,0.0,0.0,0.0,10.92,80.957,143446400.0
2.31,0.0,0.587,0.549,0.587,0.549,0.0,0.0,0.0,0.0,10.9,80.873,144070000.0
2.32,0.0,0.584,0.546,0.584,0.546,0.0,0.0,0.0,0.0,10.87,80.788,144693700.0
2.33,0.0,0.582,0.544,0.582,0.544,0.0,0.0,0.0,0.0,10.85,80.703,145317400.0
2.34,0.0,0.58,0.542,0.58,0.542,0.0,0.0,0.0,0.0,10.82,80.617,145941100.0
2.35,0.0,0.577,0.539,0.577,0.539,0.0,0.0,0.0,0.0,10.8,80.531,146564800.0
2.36,0.0,0.575,0.537,0.575,0.537,0.0,0.0,0.0,0.0,10.77,80.445,147188400.0
2.37,0.0,0.573,0.534,0.573,0.534,0.0,0.0,0.0,0.0,10.75,80.359,147812100.0
2.38,0.0,0.571,0.532,0.571,0.532,0.0,0.0,0.0,0.0,10.72,80.272,148435800.0
2.39,0.0,0.568,0.53,0.568,0.53,0.0,0.0,0.0,0.0,10.7,80.185,149059500.0
2.4,0.0,0.566,0.527,0.566,0.527,0.0,0.0,0.0,0.0,10.67,80.098,149683200.0
2.41,0.0,0.564,0.525,0.564,0.525,0.0,0.0,0.0,0.0,10.65,80.011,150306800.0
2.42,0.0,0.562,0.523,0.562,0.523,0.0,0.0,0.0,0.0,10.62,79.923,150930500.0
2.43,0.0,0.56,0.521,0.56,0.521,0.0,0.0,0.0,0.0,10.6,79.836,151554200.0
2.44,0.0,0.557,0.518,0.557,0.518,0.0,0.0,0.0,0.0,10.57,79.748,152177900.0
2.45,0.0,0.555,0.516,0.555,0.516,0.0,0.0,0.0,0.0,10.55,79.66,152801600.0
2.46,0.0,0.553,0.514,0.553,0.514,0.0,0.0,0.0,0.0,10.52,79.572,153425200.0
2.47,0.0,0.551,0.512,0.551,0.512,0.0,0.0,0.0,0.0,10.5,79.484,154048900.0
2.48,0.0,0.549,0.51,0.549,0.51,0.0,0.0,0.0,0.0,10.47,79.396,154672600.0
2.49,0.0,0.547,0.508,0.547,0.508,0.0,0.0,0.0,0.0,10.45,79.308,155296300.0
2.5,0.0,0.545,0.507,0.545,0.507,0.0,0.0,0.0,0.0,10.42,79.22,155920000.0
2.51,0.0,0.543,0.505,0.543,0.505,0.0,0.0,0.0,0.0,10.4,79.132,156543600.0
2.52,0.0,0.541,0.503,0.541,0.503,0.0,0.0,0.0,0.0,10.37,79.044,157167300.0
2.53,0.0,0.539,0.501,0.539,0.501,0.0,0.0,0.0,0.0,10.35,78.955,157791000.0
2.54,0.0,0.537,0.499,0.537,0.499,0.0,0.0,0.0,0.0,10.32,78.867,158414700.0
2.55,0.0,0.535,0.497,0.535,0.497,0.0,0.0,0.0,0.0,10.3,78.779,159038400.0
2.56,0.0,0.533,0.496,0.533,0.496,0.0,0.0,0.0,0.0,10.27,78.691,159662000.0
2.57,0.0,0.531,0.494,0.531,0.494,0.0,0.0,0.0,0.0,10.25,78.602,160285700.0
2.58,0.0,0.529,0.492,0.529,0.492,0.0,0.0,0.0,0.0,10.22,78.514,160909400.0
2.59,0.0,0.527,0.49,0.527,0.49,0.0,0.0,0.0,0.0,10.2,78.426,161533100.0
2.6,0.0,0.525,0.489,0.525,0.489,0.0,0.0,0.0,0.0,10.18,78.338,162156700.0
2.61,0.0,0.523,0.487,0.523,0.487,0.0,0.0,0.0,0.0,10.15,78.25,162780400.0
2.62,0.0,0.521,0.485,0.521,0.485,0.0,0.0,0.0,0.0,10.13,78.162,163404100.0
2.63,0.0,0.519,0.483,0.519,0.483,0.0,0.0,0.0,0.0,10.1,78.075,164027800.0
2.64,0.0,0.517,0.482,0.517,0.482,0.0,0.0,0.0,0.0,10.08,77.987,164651500.0
2.65,0.0,0.516,0.48,0.516,0.48,0.0,0.0,0.0,0.0,10.05,77.899,165275200.0
2.66,0.0,0.514,0.478,0.514,0.478,0.0,0.0,0.0,0.0,10.03,77.812,165898800.0
2.67,0.0,0.512,0.477,0.512,0.477,0.0,0.0,0.0,0.0,10.01,77.725,166522500.0
2.68,0.0,0.51,0.475,0.51,0.475,0.0,0.0,0.0,0.0,9.98,77.637,167146200.0
2.69,0.0,0.508,0.474,0.508,0.474,0.0,0.0,0.0,0.0,9.96,77.55,167769900.0
2.7,0.0,0.507,0.472,0.507,0.472,0.0,0.0,0.0,0.0,9.93,77.463,168393600.0
2.71,0.0,0.505,0.47,0.505,0.47,0.0,0.0,0.0,0.0,9.91,77.377,169017200.0
2.72,0.0,0.503,0.469,0.503,0.469,0.0,0.0,0.0,0.0,9.89,77.29,169640900.0
2.73,0.0,0.501,0.467,0.501,0.467,0.0,0.0,0.0,0.0,9.86,77.204,170264600.0
2.74,0.0,0.5,0.466,0.5,0.466,0.0,0.0,0.0,0.0,9.84,77.117,170888300.0
2.75,0.0,0.498,0.464,0.498,0.464,0.0,0.0,0.0,0.0,9.82,77.031,171512000.0
2.76,0.0,0.496,0.463,0.496,0.463,0.0,0.0,0.0,0.0,9.79,76.945,172135600.0
2.77,0.0,0.494,0.461,0.494,0.461,0.0,0.0,0.0,0.0,9.77,76.859,172759300.0
2.78,0.0,0.493,0.46,0.493,0.46,0.0,0.0,0.0,0.0,9.75,76.774,173383000.0
2.79,0.0,0.491,0.458,0.491,0.458,0.0,0.0,0.0,0.0,9.72,76.688,174006700.0
2.8,0.0,0.489,0.457,0.489,0.457,0.0,0.0,0.0,0.0,9.7,76.603,174630300.0
2.81,0.0,0.488,0.455,0.488,0.455,0.0,0.0,0.0,0.0,9.68,76.518,175254000.0
2.82,0.0,0.486,0.454,0.486,0.454,0.0,0.0,0.0,0.0,9.66,76.433,175877700.0
2.83,0.0,0.484,0.452,0.484,0.452,0.0,0.0,0.0,0.0,9.63,76.349,176501400.0
2.84,0.0,0.483,0.451,0.483,0.451,0.0,0.0,0.0,0.0,9.61,76.264,177125100.0
2.85,0.0,0.481,0.449,0.481,0.449,0.0,0.0,0.0,0.0,9.59,76.18,177748700.0
2.86,0.0,0.48,0.448,0.48,0.448,0.0,0.0,0.0,0.0,9.57,76.096,178372400.0
2.87,0.0,0.478,0.446,0.478,0.446,0.0,0.0,0.0,0.0,9.54,76.012,178996100.0
2.88,0.0,0.476,0.445,0.476,0.445,0.0,0.0,0.0,0.0,9.52,75.929,179619800.0
2.89,0.0,0.475,0.444,0.475,0.444,0.0,0.0,0.0,0.0,9.5,75.846,180243500.0
2.9,0.0,0.473,0.442,0.473,0.442,0.0,0.0,0.0,0.0,9.48,75.762,180867200.0
2.91,0.0,0.472,0.441,0.472,0.441,0.0,0.0,0.0,0.0,9.46,75.68,181490800.0
2.92,0.0,0.47,0.439,0.47,0.439,0.0,0.0,0.0,0.0,9.43,75.597,182114500.0
2.93,0.0,0.469,0.438,0.469,0.438,0.0,0.0,0.0,0.0,9.41,75.515,182738200.0
2.94,0.0,0.467,0.437,0.467,0.437,0.0,0.0,0.0,0.0,9.39,75.433,183361900.0
2.95,0.0,0.465,0.435,0.465,0.435,0.0,0.0,0.0,0.0,9.37,75.351,183985500.0
2.96,0.0,0.464,0.434,0.464,0.434,0.0,0.0,0.0,0.0,9.35,75.269,184609200.0
2.97,0.0,0.462,0.433,0.462,0.433,0.0,0.0,0.0,0.0,9.33,75.188,185232900.0
2.98,0.0,0.461,0.431,0.461,0.431,0.0,0.0,0.0,0.0,9.31,75.107,185856600.0
2.99,0.0,0.459,0.43,0.459,0.43,0.0,0.0,0.0,0.0,9.29,75.026,186480300.0
3.0,0.0,0.458,0.429,0.458,0.429,0.0,0.0,0.0,0.0,9.26,74.946,187103900.0
3.01,0.0,0.457,0.428,0.457,0.428,0.0,0.0,0.0,0.0,9.24,74.865,187727600.0
3.02,0.0,0.455,0.426,0.455,0.426,0.0,0.0,0.0,0.0,9.22,74.785,188351300.0
3.03,0.0,0.454,0.425,0.454,0.425,0.0,0.0,0.0,0.0,9.2,74.706,188975000.0
3.04,0.0,0.452,0.424,0.452,0.424,0.0,0.0,0.0,0.0,9.18,74.626,189598700.0
3.05,0.0,0.451,0.422,0.451,0.422,0.0,0.0,0.0,0.0,9.16,74.547,190222300.0
3.06,0.0,0.45,0.421,0.45,0.421,0.0,0.0,0.0,0.0,9.14,74.468,190846000.0
3.07,0.0,0.448,0.42,0.448,0.42,0.0,0.0,0.0,0.0,9.12,74.389,191469700.0
3.08,0.0,0.447,0.419,0.447,0.419,0.0,0.0,0.0,0.0,9.1,74.311,192093400.0
3.09,0.0,0.446,0.417,0.446,0.417,0.0,0.0,0.0,0.0,9.08,74.233,192717100.0
3.1,0.0,0.444,0.416,0.444,0.416,0.0,0.0,0.0,0.0,9.06,74.155,193340700.0
3.11,0.0,0.443,0.415,0.443,0.415,0.0,0.0,0.0,0.0,9.04,74.078,193964400.0
3.12,0.0,0.442,0.414,0.442,0.414,0.0,0.0,0.0,0.0,9.02,74.0,194588100.0
3.13,0.0,0.441,0.413,0.441,0.413,0.0,0.0,0.0,0.0,9.0,73.924,195211800.0
3.14,0.0,0.439,0.411,0.439,0.411,0.0,0.0,0.0,0.0,8.98,73.847,195835500.0
3.15,0.0,0.438,0.41,0.438,0.41,0.0,0.0,0.0,0.0,8.96,73.771,196459100.0
3.16,0.0,0.437,0.409,0.437,0.409,0.0,0.0,0.0,0.0,8.94,73.695,197082800.0
3.17,0.0,0.435,0.408,0.435,0.408,0.0,0.0,0.0,0.0,8.92,73.619,197706500.0
3.18,0.0,0.434,0.407,0.434,0.407,0.0,0.0,0.0,0.0,8.9,73.543,198330200.0
3.19,0.0,0.433,0.406,0.433,0.406,0.0,0.0,0.0,0.0,8.89,73.468,198953900.0
3.2,0.0,0.432,0.404,0.432,0.404,0.0,0.0,0.0,0.0,8.87,73.393,199577500.0
3.21,0.0,0.43,0.403,0.43,0.403,0.0,0.0,0.0,0.0,8.85,73.319,200201200.0
3.22,0.0,0.429,0.402,0.429,0.402,0.0,0.0,0.0,0.0,8.83,73.245,200824900.0
3.23,0.0,0.428,0.401,0.428,0.401,0.0,0.0,0.0,0.0,8.81,73.171,201448600.0
3.24,0.0,0.427,0.4,0.427,0.4,0.0,0.0,0.0,0.0,8.79,73.097,202072300.0
3.25,0.0,0.425,0.399,0.425,0.399,0.0,0.0,0.0,0.0,8.77,73.024,202695900.0
3.26,0.0,0.424,0.398,0.424,0.398,0.0,0.0,0.0,0.0,8.75,72.951,203319600.0
3.27,0.0,0.423,0.396,0.423,0.396,0.0,0.0,0.0,0.0,8.74,72.878,203943300.0
3.28,0.0,0.422,0.395,0.422,0.395,0.0,0.0,0.0,0.0,8.72,72.805,204567000.0
3.29,0.0,0.421,0.394,0.421,0.394,0.0,0.0,0.0,0.0,8.7,72.733,205190700.0
3.3,0.0,0.419,0.393,0.419,0.393,0.0,0.0,0.0,0.0,8.68,72.661,205814300.0
3.31,0.0,0.418,0.392,0.418,0.392,0.0,0.0,0.0,0.0,8.66,72.59,206438000.0
3.32,0.0,0.417,0.391,0.417,0.391,0.0,0.0,0.0,0.0,8.65,72.519,207061700.0
3.33,0.0,0.416,0.39,0.416,0.39,0.0,0.0,0.0,0.0,8.63,72.448,207685400.0
3.34,0.0,0.415,0.389,0.415,0.389,0.0,0.0,0.0,0.0,8.61,72.377,208309000.0
3.35,0.0,0.414,0.388,0.414,0.388,0.0,0.0,0.0,0.0,8.59,72.307,208932700.0
3.36,0.0,0.413,0.387,0.413,0.387,0.0,0.0,0.0,0.0,8.57,72.237,209556400.0
3.37,0.0,0.411,0.386,0.411,0.386,0.0,0.0,0.0,0.0,8.56,72.167,210180100.0
3.38,0.0,0.41,0.385,0.41,0.385,0.0,0.0,0.0,0.0,8.54,72.098,210803800.0
3.39,0.0,0.409,0.384,0.409,0.384,0.0,0.0,0.0,0.0,8.52,72.029,211427500.0
3.4,0.0,0.408,0.383,0.408,0.383,0.0,0.0,0.0,0.0,8.5,71.96,212051100.0
3.41,0.0,0.407,0.382,0.407,0.382,0.0,0.0,0.0,0.0,8.49,71.892,212674800.0
3.42,0.0,0.406,0.381,0.406,0.381,0.0,0.0,0.0,0.0,8.47,71.824,213298500.0
3.43,0.0,0.405,0.38,0.405,0.38,0.0,0.0,0.0,0.0,8.45,71.756,213922200.0
3.44,0.0,0.404,0.379,0.404,0.379,0.0,0.0,0.0,0.0,8.44,71.687,214545900.0
3.45,0.0,0.403,0.378,0.403,0.378,0.0,0.0,0.0,0.0,8.42,71.614,215169500.0
3.46,0.0,0.401,0.377,0.401,0.377,0.0,0.0,0.0,0.0,8.41,71.542,215793200.0
3.47,0.0,0.4,0.376,0.4,0.376,0.0,0.0,0.0,0.0,8.39,71.469,216416900.0
3.48,0.0,0.399,0.375,0.399,0.375,0.0,0.0,0.0,0.0,8.37,71.397,217040600.0
3.49,0.0,0.398,0.374,0.398,0.374,0.0,0.0,0.0,0.0,8.36,71.326,217664300.0
3.5,0.0,0.397,0.373,0.397,0.373,0.0,0.0,0.0,0.0,8.34,71.254,218287900.0
3.51,0.0,0.396,0.372,0.396,0.372,0.0,0.0,0.0,0.0,8.33,71.183,218911600.0
3.52,0.0,0.395,0.371,0.395,0.371,0.0,0.0,0.0,0.0,8.31,71.112,219535300.0
3.53,0.0,0.394,0.37,0.394,0.37,0.0,0.0,0.0,0.0,8.3,71.041,220159000.0
3.54,0.0,0.393,0.369,0.393,0.369,0.0,0.0,0.0,0.0,8.28,70.97,220782600.0
3.55,0.0,0.392,0.368,0.392,0.368,0.0,0.0,0.0,0.0,8.27,70.9,221406300.0
3.56,0.0,0.391,0.367,0.391,0.367,0.0,0.0,0.0,0.0,8.25,70.83,222030000.0
3.57,0.0,0.39,0.366,0.39,0.366,0.0,0.0,0.0,0.0,8.24,70.76,222653700.0
3.58,0.0,0.389,0.365,0.389,0.365,0.0,0.0,0.0,0.0,8.22,70.69,223277400.0
3.59,0.0,0.388,0.364,0.388,0.364,0.0,0.0,0.0,0.0,8.21,70.621,223901000.0
3.6,0.0,0.387,0.363,0.387,0.363,0.0,0.0,0.0,0.0,8.2,70.551,224524700.0
3.61,0.0,0.386,0.362,0.386,0.362,0.0,0.0,0.0,0.0,8.19,70.482,225148400.0
3.62,0.0,0.385,0.361,0.385,0.361,0.0,0.0,0.0,0.0,8.18,70.414,225772100.0
3.63,0.0,0.384,0.361,0.384,0.361,0.0,0.0,0.0,0.0,8.17,70.345,226395800.0
3.64,0.0,0.383,0.36,0.383,0.36,0.0,0.0,0.0,0.0,8.16,70.277,227019500.0
3.65,0.0,0.382,0.359,0.382,0.359,0.0,0.0,0.0,0.0,8.15,70.209,227643100.0
3.66,0.0,0.381,0.358,0.381,0.358,0.0,0.0,0.0,0.0,8.15,70.142,228266800.0
3.67,0.0,0.38,0.357,0.38,0.357,0.0,0.0,0.0,0.0,8.14,70.074,228890500.0
3.68,0.0,0.379,0.356,0.379,0.356,0.0,0.0,0.0,0.0,8.13,70.007,229514200.0
3.69,0.0,0.378,0.355,0.378,0.355,0.0,0.0,0.0,0.0,8.12,69.94,230137900.0
3.7,0.0,0.377,0.354,0.377,0.354,0.0,0.0,0.0,0.0,8.11,69.873,230761500.0
3.71,0.0,0.376,0.354,0.376,0.354,0.0,0.0,0.0,0.0,8.1,69.807,231385200.0
3.72,0.0,0.375,0.353,0.375,0.353,0.0,0.0,0.0,0.0,8.1,69.74,232008900.0
3.73,0.0,0.374,0.352,0.374,0.352,0.0,0.0,0.0,0.0,8.09,69.675,232632600.0
3.74,0.0,0.373,0.351,0.373,0.351,0.0,0.0,0.0,0.0,8.08,69.609,233256200.0
3.75,0.0,0.372,0.35,0.372,0.35,0.0,0.0,0.0,0.0,8.07,69.543,233879900.0
3.76,0.0,0.371,0.349,0.371,0.349,0.0,0.0,0.0,0.0,8.06,69.478,234503600.0
3.77,0.0,0.37,0.349,0.37,0.349,0.0,0.0,0.0,0.0,8.06,69.413,235127300.0
3.78,0.0,0.37,0.348,0.37,0.348,0.0,0.0,0.0,0.0,8.05,69.348,235751000.0
3.79,0.0,0.369,0.347,0.369,0.347,0.0,0.0,0.0,0.0,8.04,69.284,236374600.0
3.8,0.0,0.368,0.346,0.368,0.346,0.0,0.0,0.0,0.0,8.03,69.22,236998300.0
3.81,0.0,0.367,0.345,0.367,0.345,0.0,0.0,0.0,0.0,8.02,69.156,237622000.0
3.82,0.0,0.366,0.344,0.366,0.344,0.0,0.0,0.0,0.0,8.02,69.092,238245700.0
3.83,0.0,0.365,0.344,0.365,0.344,0.0,0.0,0.0,0.0,8.01,69.029,238869400.0
3.84,0.0,0.364,0.343,0.364,0.343,0.0,0.0,0.0,0.0,8.0,68.965,239493000.0
3.85,0.0,0.363,0.342,0.363,0.342,0.0,0.0,0.0,0.0,7.99,68.902,240116700.0
3.86,0.0,0.362,0.341,0.362,0.341,0.0,0.0,0.0,0.0,7.99,68.84,240740400.0
3.87,0.0,0.361,0.34,0.361,0.34,0.0,0.0,0.0,0.0,7.98,68.777,241364100.0
3.88,0.0,0.361,0.34,0.361,0.34,0.0,0.0,0.0,0.0,7.97,68.715,241987800.0
3.89,0.0,0.36,0.339,0.36,0.339,0.0,0.0,0.0,0.0,7.97,68.653,242611500.0
3.9,0.0,0.359,0.338,0.359,0.338,0.0,0.0,0.0,0.0,7.96,68.591,243235100.0
3.91,0.0,0.358,0.337,0.358,0.337,0.0,0.0,0.0,0.0,7.95,68.53,243858800.0
3.92,0.0,0.357,0.336,0.357,0.336,0.0,0.0,0.0,0.0,7.94,68.469,244482500.0
3.93,0.0,0.356,0.336,0.356,0.336,0.0,0.0,0.0,0.0,7.94,68.408,245106200.0
3.94,0.0,0.355,0.335,0.355,0.335,0.0,0.0,0.0,0.0,7.93,68.347,245729800.0
3.95,0.0,0.355,0.334,0.355,0.334,0.0,0.0,0.0,0.0,7.92,68.287,246353500.0
3.96,0.0,0.354,0.333,0.354,0.333,0.0,0.0,0.0,0.0,7.92,68.226,246977200.0
3.97,0.0,0.353,0.332,0.353,0.332,0.0,0.0,0.0,0.0,7.91,68.167,247600900.0
3.98,0.0,0.352,0.332,0.352,0.332,0.0,0.0,0.0,0.0,7.9,68.107,248224600.0
3.99,0.0,0.351,0.331,0.351,0.331,0.0,0.0,0.0,0.0,7.9,68.047,248848200.0
4.0,0.0,0.35,0.33,0.35,0.33,0.0,0.0,0.0,0.0,7.89,67.988,249471900.0
4.01,0.0,0.35,0.329,0.35,0.329,0.0,0.0,0.0,0.0,7.88,67.929,250095600.0
4.02,0.0,0.349,0.329,0.349,0.329,0.0,0.0,0.0,0.0,7.88,67.871,250719300.0
4.03,0.0,0.348,0.328,0.348,0.328,0.0,0.0,0.0,0.0,7.87,67.812,251343000.0
4.04,0.0,0.347,0.327,0.347,0.327,0.0,0.0,0.0,0.0,7.87,67.754,251966600.0
4.05,0.0,0.346,0.326,0.346,0.326,0.0,0.0,0.0,0.0,7.86,67.696,252590300.0
4.06,0.0,0.346,0.326,0.346,0.326,0.0,0.0,0.0,0.0,7.85,67.638,253214000.0
4.07,0.0,0.345,0.325,0.345,0.325,0.0,0.0,0.0,0.0,7.85,67.581,253837700.0
4.08,0.0,0.344,0.324,0.344,0.324,0.0,0.0,0.0,0.0,7.84,67.524,254461400.0
4.09,0.0,0.343,0.323,0.343,0.323,0.0,0.0,0.0,0.0,7.84,67.467,255085000.0
4.1,0.0,0.342,0.323,0.342,0.323,0.0,0.0,0.0,0.0,7.83,67.41,255708700.0
4.11,0.0,0.342,0.322,0.342,0.322,0.0,0.0,0.0,0.0,7.82,67.354,256332400.0
4.12,0.0,0.341,0.321,0.341,0.321,0.0,0.0,0.0,0.0,7.82,67.298,256956100.0
4.13,0.0,0.34,0.321,0.34,0.321,0.0,0.0,0.0,0.0,7.81,67.242,257579800.0
4.14,0.0,0.339,0.32,0.339,0.32,0.0,0.0,0.0,0.0,7.81,67.186,258203400.0
4.15,0.0,0.338,0.319,0.338,0.319,0.0,0.0,0.0,0.0,7.8,67.131,258827100.0
4.16,0.0,0.338,0.318,0.338,0.318,0.0,0.0,0.0,0.0,7.8,67.076,259450800.0
4.17,0.0,0.337,0.318,0.337,0.318,0.0,0.0,0.0,0.0,7.79,67.021,260074500.0
4.18,0.0,0.336,0.317,0.336,0.317,0.0,0.0,0.0,0.0,7.78,66.966,260698100.0
4.19,0.0,0.335,0.316,0.335,0.316,0.0,0.0,0.0,0.0,7.78,66.912,261321800.0
4.2,0.0,0.335,0.316,0.335,0.316,0.0,0.0,0.0,0.0,7.77,66.858,261945500.0
4.21,0.0,0.334,0.315,0.334,0.315,0.0,0.0,0.0,0.0,7.77,66.804,262569200.0
4.22,0.0,0.333,0.314,0.333,0.314,0.0,0.0,0.0,0.0,7.76,66.75,263192900.0
4.23,0.0,0.332,0.314,0.332,0.314,0.0,0.0,0.0,0.0,7.76,66.7,263816600.0
4.24,0.0,0.332,0.313,0.332,0.313,0.0,0.0,0.0,0.0,7.75,66.671,264440200.0
4.25,0.0,0.331,0.312,0.331,0.312,0.0,0.0,0.0,0.0,7.73,66.641,265063900.0
4.26,0.0,0.33,0.311,0.33,0.311,0.0,0.0,0.0,0.0,7.72,66.612,265687600.0
4.27,0.0,0.329,0.311,0.329,0.311,0.0,0.0,0.0,0.0,7.71,66.582,266311300.0
4.28,0.0,0.329,0.31,0.329,0.31,0.0,0.0,0.0,0.0,7.7,66.553,266935000.0
4.29,0.0,0.328,0.309,0.328,0.309,0.0,0.0,0.0,0.0,7.69,66.523,267558600.0
4.3,0.0,0.327,0.309,0.327,0.309,0.0,0.0,0.0,0.0,7.68,66.494,268182300.0
4.31,0.0,0.327,0.308,0.327,0.308,0.0,0.0,0.0,0.0,7.66,66.465,268806000.0
4.32,0.0,0.326,0.307,0.326,0.307,0.0,0.0,0.0,0.0,7.65,66.435,269429700.0
4.33,0.0,0.325,0.307,0.325,0.307,0.0,0.0,0.0,0.0,7.64,66.406,270053300.0
4.34,0.0,0.324,0.306,0.324,0.306,0.0,0.0,0.0,0.0,7.63,66.377,270677100.0
4.35,0.0,0.324,0.306,0.324,0.306,0.0,0.0,0.0,0.0,7.62,66.347,271300700.0
4.36,0.0,0.323,0.305,0.323,0.305,0.0,0.0,0.0,0.0,7.61,66.318,271924400.0
4.37,0.0,0.322,0.304,0.322,0.304,0.0,0.0,0.0,0.0,7.6,66.289,272548100.0
4.38,0.0,0.322,0.304,0.322,0.304,0.0,0.0,0.0,0.0,7.58,66.26,273171700.0
4.39,0.0,0.321,0.303,0.321,0.303,0.0,0.0,0.0,0.0,7.57,66.231,273795400.0
4.4,0.0,0.32,0.302,0.32,0.302,0.0,0.0,0.0,0.0,7.56,66.201,274419100.0
4.41,0.0,0.32,0.302,0.32,0.302,0.0,0.0,0.0,0.0,7.55,66.172,275042800.0
4.42,0.0,0.319,0.301,0.319,0.301,0.0,0.0,0.0,0.0,7.54,66.143,275666500.0
4.43,0.0,0.318,0.301,0.318,0.301,0.0,0.0,0.0,0.0,7.53,66.114,276290100.0
4.44,0.0,0.318,0.3,0.318,0.3,0.0,0.0,0.0,0.0,7.52,66.085,276913800.0
4.45,0.0,0.317,0.299,0.317,0.299,0.0,0.0,0.0,0.0,7.51,66.056,277537500.0
4.46,0.0,0.316,0.299,0.316,0.299,0.0,0.0,0.0,0.0,7.5,66.027,278161200.0
4.47,0.0,0.316,0.298,0.316,0.298,0.0,0.0,0.0,0.0,7.49,65.998,278784900.0
4.48,0.0,0.315,0.298,0.315,0.298,0.0,0.0,0.0,0.0,7.47,65.969,279408500.0
4.49,0.0,0.314,0.297,0.314,0.297,0.0,0.0,0.0,0.0,7.46,65.94,280032200.0
4.5,0.0,0.314,0.296,0.314,0.296,0.0,0.0,0.0,0.0,7.45,65.911,280655900.0
4.51,0.0,0.313,0.296,0.313,0.296,0.0,0.0,0.0,0.0,7.44,65.882,281279600.0
4.52,0.0,0.312,0.295,0.312,0.295,0.0,0.0,0.0,0.0,7.43,65.853,281903300.0
4.53,0.0,0.312,0.295,0.312,0.295,0.0,0.0,0.0,0.0,7.42,65.825,282527000.0
4.54,0.0,0.311,0.294,0.311,0.294,0.0,0.0,0.0,0.0,7.41,65.796,283150600.0
4.55,0.0,0.31,0.294,0.31,0.294,0.0,0.0,0.0,0.0,7.4,65.767,283774300.0
4.56,0.0,0.31,0.293,0.31,0.293,0.0,0.0,0.0,0.0,7.39,65.738,284398000.0
4.57,0.0,0.309,0.292,0.309,0.292,0.0,0.0,0.0,0.0,7.38,65.71,285021700.0
4.58,0.0,0.308,0.292,0.308,0.292,0.0,0.0,0.0,0.0,7.37,65.681,285645300.0
4.59,0.0,0.308,0.291,0.308,0.291,0.0,0.0,0.0,0.0,7.36,65.652,286269000.0
4.6,0.0,0.307,0.291,0.307,0.291,0.0,0.0,0.0,0.0,7.35,65.624,286892700.0
4.61,0.0,0.306,0.29,0.306,0.29,0.0,0.0,0.0,0.0,7.34,65.595,287516400.0
4.62,0.0,0.306,0.29,0.306,0.29,0.0,0.0,0.0,0.0,7.33,65.566,288140100.0
4.63,0.0,0.305,0.289,0.305,0.289,0.0,0.0,0.0,0.0,7.32,65.538,288763700.0
4.64,0.0,0.304,0.289,0.304,0.289,0.0,0.0,0.0,0.0,7.31,65.509,289387400.0
4.65,0.0,0.304,0.288,0.304,0.288,0.0,0.0,0.0,0.0,7.3,65.481,290011100.0
4.66,0.0,0.303,0.287,0.303,0.287,0.0,0.0,0.0,0.0,7.29,65.452,290634800.0
4.67,0.0,0.303,0.287,0.303,0.287,0.0,0.0,0.0,0.0,7.28,65.424,291258500.0
4.68,0.0,0.302,0.286,0.302,0.286,0.0,0.0,0.0,0.0,7.27,65.395,291882100.0
4.69,0.0,0.301,0.286,0.301,0.286,0.0,0.0,0.0,0.0,7.26,65.367,292505800.0
4.7,0.0,0.301,0.285,0.301,0.285,0.0,0.0,0.0,0.0,7.25,65.339,293129500.0
4.71,0.0,0.3,0.285,0.3,0.285,0.0,0.0,0.0,0.0,7.24,65.31,293753200.0
4.72,0.0,0.3,0.284,0.3,0.284,0.0,0.0,0.0,0.0,7.23,65.282,294376900.0
4.73,0.0,0.299,0.284,0.299,0.284,0.0,0.0,0.0,0.0,7.22,65.254,295000500.0
4.74,0.0,0.298,0.283,0.298,0.283,0.0,0.0,0.0,0.0,7.21,65.226,295624200.0
4.75,0.0,0.298,0.283,0.298,0.283,0.0,0.0,0.0,0.0,7.2,65.197,296247900.0
4.76,0.0,0.297,0.282,0.297,0.282,0.0,0.0,0.0,0.0,7.19,65.169,296871600.0
4.77,0.0,0.297,0.282,0.297,0.282,0.0,0.0,0.0,0.0,7.18,65.141,297495300.0
4.78,0.0,0.296,0.281,0.296,0.281,0.0,0.0,0.0,0.0,7.17,65.113,298118900.0
4.79,0.0,0.295,0.28,0.295,0.28,0.0,0.0,0.0,0.0,7.16,65.085,298742600.0
4.8,0.0,0.295,0.28,0.295,0.28,0.0,0.0,0.0,0.0,7.15,65.057,299366300.0
4.81,0.0,0.294,0.279,0.294,0.279,0.0,0.0,0.0,0.0,7.14,65.028,299990000.0
4.82,0.0,0.294,0.279,0.294,0.279,0.0,0.0,0.0,0.0,7.13,65.0,300613700.0
4.83,0.0,0.293,0.278,0.293,0.278,0.0,0.0,0.0,0.0,7.12,64.972,301237300.0
4.84,0.0,0.292,0.278,0.292,0.278,0.0,0.0,0.0,0.0,7.11,64.944,301861000.0
4.85,0.0,0.292,0.277,0.292,0.277,0.0,0.0,0.0,0.0,7.1,64.917,302484700.0
4.86,0.0,0.291,0.277,0.291,0.277,0.0,0.0,0.0,0.0,7.09,64.889,303108400.0
4.87,0.0,0.291,0.276,0.291,0.276,0.0,0.0,0.0,0.0,7.08,64.861,303732100.0
4.88,0.0,0.29,0.276,0.29,0.276,0.0,0.0,0.0,0.0,7.07,64.833,304355700.0
4.89,0.0,0.29,0.275,0.29,0.275,0.0,0.0,0.0,0.0,7.06,64.805,304979400.0
4.9,0.0,0.289,0.275,0.289,0.275,0.0,0.0,0.0,0.0,7.05,64.777,305603100.0
4.91,0.0,0.288,0.274,0.288,0.274,0.0,0.0,0.0,0.0,7.04,64.749,306226800.0
4.92,0.0,0.288,0.274,0.288,0.274,0.0,0.0,0.0,0.0,7.03,64.722,306850500.0
4.93,0.0,0.287,0.273,0.287,0.273,0.0,0.0,0.0,0.0,7.03,64.694,307474100.0
4.94,0.0,0.287,0.273,0.287,0.273,0.0,0.0,0.0,0.0,7.02,64.666,308097800.0
4.95,0.0,0.286,0.272,0.286,0.272,0.0,0.0,0.0,0.0,7.01,64.639,308721500.0
4.96,0.0,0.286,0.272,0.286,0.272,0.0,0.0,0.0,0.0,7.0,64.611,309345200.0
4.97,0.0,0.285,0.271,0.285,0.271,0.0,0.0,0.0,0.0,6.99,64.583,309968800.0
4.98,0.0,0.284,0.271,0.284,0.271,0.0,0.0,0.0,0.0,6.98,64.556,310592500.0
4.99,0.0,0.284,0.27,0.284,0.27,0.0,0.0,0.0,0.0,6.97,64.528,311216200.0
5.0,0.0,0.283,0.27,0.283,0.27,0.0,0.0,0.0,0.0,6.96,64.501,311839900.0
0.01,1.0,0.4,0.387,0.396,0.383,0.233,0.233,0.24,0.24,14.9,84.57,623680.0
0.02,1.0,0.408,0.395,0.404,0.391,0.233,0.233,0.24,0.24,14.9,84.57,1247360.0
0.03,1.0,0.399,0.386,0.395,0.382,0.233,0.233,0.24,0.24,14.9,84.57,1871039.0
0.04,1.0,0.389,0.377,0.385,0.372,0.233,0.234,0.24,0.24,14.9,84.57,2494719.0
0.05,1.0,0.381,0.368,0.377,0.364,0.234,0.234,0.24,0.24,14.9,84.57,3118399.0
0.06,1.0,0.378,0.366,0.374,0.361,0.234,0.234,0.24,0.24,14.9,84.57,3742079.0
0.07,1.0,0.377,0.364,0.372,0.359,0.234,0.234,0.24,0.24,14.9,84.57,4365758.0
0.08,1.0,0.375,0.362,0.37,0.358,0.234,0.234,0.24,0.24,14.9,84.57,4989438.0
0.09,1.0,0.373,0.36,0.368,0.356,0.234,0.234,0.24,0.24,14.9,84.57,5613118.0
0.1,1.0,0.372,0.359,0.368,0.355,0.234,0.234,0.24,0.24,14.9,84.57,6236798.0
0.11,1.0,0.372,0.359,0.368,0.355,0.234,0.234,0.24,0.24,14.9,84.57,6860478.0
0.12,1.0,0.372,0.359,0.367,0.355,0.234,0.234,0.24,0.24,14.9,84.57,7484158.0
0.13,1.0,0.372,0.359,0.367,0.355,0.234,0.234,0.24,0.24,14.9,84.57,8107837.0
0.14,1.0,0.372,0.359,0.367,0.355,0.234,0.234,0.24,0.24,14.9,84.57,8731517.0
0.15,1.0,0.372,0.359,0.367,0.354,0.234,0.234,0.24,0.24,14.9,84.57,9355197.0
0.16,1.0,0.371,0.359,0.367,0.354,0.234,0.234,0.24,0.24,14.9,84.57,9978877.0
0.17,1.0,0.371,0.359,0.367,0.354,0.234,0.234,0.24,0.24,14.9,84.57,10602560.0
0.18,1.0,0.371,0.359,0.367,0.354,0.234,0.234,0.24,0.24,14.9,84.57,11226240.0
0.19,1.0,0.371,0.358,0.367,0.354,0.234,0.234,0.24,0.24,14.9,84.57,11849920.0
0.2,1.0,0.371,0.358,0.367,0.354,0.234,0.234,0.24,0.24,14.9,84.57,12473600.0
0.21,1.0,0.371,0.358,0.367,0.354,0.234,0.234,0.24,0.24,14.9,84.57,13097280.0
0.22,1.0,0.371,0.358,0.367,0.354,0.234,0.234,0.24,0.24,14.9,84.57,13720960.0
0.23,1.0,0.371,0.358,0.367,0.354,0.234,0.234,0.24,0.24,14.9,84.57,14344640.0
0.24,1.0,0.371,0.358,0.367,0.354,0.234,0.234,0.24,0.24,14.9,84.57,14968320.0
0.25,1.0,0.371,0.358,0.367,0.354,0.234,0.234,0.24,0.24,14.9,84.57,15592000.0
0.26,1.0,0.371,0.358,0.367,0.354,0.234,0.234,0.24,0.24,14.9,84.57,16215670.0
0.27,1.0,0.371,0.358,0.367,0.354,0.234,0.234,0.24,0.24,14.9,84.57,16839360.0
0.28,1.0,0.371,0.359,0.367,0.354,0.234,0.234,0.24,0.24,14.9,84.57,17463030.0
0.29,1.0,0.372,0.359,0.367,0.355,0.234,0.234,0.24,0.24,14.9,84.57,18086710.0
0.3,1.0,0.372,0.359,0.368,0.355,0.234,0.234,0.24,0.24,14.9,84.57,18710390.0
0.31,1.0,0.372,0.359,0.368,0.355,0.234,0.234,0.24,0.24,14.9,84.57,19334070.0
0.32,1.0,0.372,0.359,0.368,0.355,0.234,0.234,0.24,0.24,14.9,84.57,19957750.0
0.33,1.0,0.372,0.359,0.368,0.355,0.234,0.234,0.24,0.24,14.9,84.57,20581430.0
0.34,1.0,0.372,0.359,0.368,0.355,0.234,0.234,0.24,0.24,14.9,84.57,21205110.0
0.35,1.0,0.372,0.359,0.368,0.355,0.234,0.234,0.24,0.24,14.9,84.57,21828790.0
0.36,1.0,0.372,0.359,0.368,0.355,0.234,0.234,0.24,0.24,14.9,84.57,22452470.0
0.37,1.0,0.372,0.36,0.368,0.355,0.234,0.234,0.24,0.24,14.9,84.57,23076150.0
0.38,1.0,0.373,0.36,0.368,0.356,0.234,0.234,0.24,0.24,14.9,84.57,23699830.0
0.39,1.0,0.373,0.36,0.369,0.356,0.234,0.234,0.24,0.24,14.9,84.57,24323510.0
0.4,1.0,0.373,0.36,0.369,0.356,0.234,0.234,0.24,0.24,14.9,84.57,24947190.0
0.41,1.0,0.373,0.36,0.369,0.356,0.234,0.234,0.24,0.24,14.9,84.57,25570870.0
0.42,1.0,0.373,0.36,0.369,0.356,0.234,0.234,0.24,0.24,14.9,84.57,26194550.0
0.43,1.0,0.373,0.36,0.369,0.356,0.234,0.234,0.24,0.24,14.9,84.57,26818230.0
0.44,1.0,0.373,0.36,0.369,0.356,0.234,0.234,0.24,0.24,14.9,84.57,27441910.0
0.45,1.0,0.373,0.36,0.369,0.356,0.234,0.234,0.24,0.24,14.9,84.57,28065590.0
0.46,1.0,0.373,0.361,0.369,0.356,0.234,0.234,0.24,0.24,14.9,84.57,28689270.0
0.47,1.0,0.374,0.361,0.369,0.357,0.234,0.234,0.24,0.24,14.9,84.57,29312950.0
0.48,1.0,0.374,0.361,0.37,0.357,0.234,0.234,0.24,0.24,14.9,84.57,29936630.0
0.49,1.0,0.374,0.361,0.37,0.357,0.234,0.234,0.24,0.24,14.9,84.57,30560310.0
0.5,1.0,0.374,0.361,0.37,0.357,0.234,0.234,0.24,0.24,14.9,84.57,31183990.0
0.51,1.0,0.374,0.361,0.37,0.357,0.234,0.234,0.24,0.24,14.9,84.57,31807670.0
0.52,1.0,0.374,0.361,0.37,0.357,0.234,0.234,0.24,0.24,14.9,84.57,32431350.0
0.53,1.0,0.374,0.361,0.37,0.357,0.234,0.234,0.24,0.24,14.9,84.57,33055030.0
0.54,1.0,0.374,0.362,0.37,0.357,0.234,0.234,0.24,0.24,14.9,84.57,33678710.0
0.55,1.0,0.375,0.362,0.37,0.357,0.234,0.234,0.24,0.24,14.9,84.57,34302390.0
0.56,1.0,0.375,0.362,0.37,0.358,0.234,0.234,0.24,0.24,14.9,84.57,34926070.0
0.57,1.0,0.375,0.362,0.371,0.358,0.234,0.234,0.24,0.24,14.9,84.57,35549750.0
0.58,1.0,0.375,0.362,0.371,0.358,0.234,0.234,0.24,0.24,14.9,84.57,36173430.0
0.59,1.0,0.375,0.362,0.371,0.358,0.234,0.234,0.24,0.24,14.9,84.57,36797110.0
0.6,1.0,0.375,0.362,0.371,0.358,0.234,0.234,0.24,0.24,14.9,84.57,37420790.0
0.61,1.0,0.375,0.362,0.371,0.358,0.234,0.234,0.24,0.24,14.9,84.57,38044470.0
0.62,1.0,0.376,0.362,0.372,0.358,0.234,0.234,0.24,0.24,14.9,84.57,38668150.0
0.63,1.0,0.376,0.362,0.372,0.358,0.234,0.234,0.24,0.24,14.9,84.57,39291830.0
0.64,1.0,0.377,0.362,0.372,0.358,0.234,0.234,0.24,0.24,14.9,84.57,39915510.0
0.65,1.0,0.377,0.362,0.373,0.358,0.234,0.234,0.24,0.24,14.9,84.57,40539180.0
0.66,1.0,0.377,0.362,0.373,0.358,0.234,0.234,0.24,0.24,14.9,84.57,41162870.0
0.67,1.0,0.378,0.362,0.374,0.358,0.234,0.234,0.24,0.24,14.9,84.57,41786550.0
0.68,1.0,0.378,0.363,0.374,0.358,0.234,0.234,0.24,0.24,14.9,84.57,42410230.0
0.69,1.0,0.378,0.363,0.374,0.359,0.234,0.234,0.24,0.24,14.9,84.57,43033900.0
0.7,1.0,0.379,0.363,0.375,0.359,0.234,0.234,0.24,0.24,14.9,84.57,43657580.0
0.71,1.0,0.379,0.363,0.375,0.359,0.234,0.234,0.24,0.24,14.9,84.57,44281260.0
0.72,1.0,0.38,0.363,0.375,0.359,0.234,0.234,0.24,0.24,14.9,84.57,44904950.0
0.73,1.0,0.38,0.363,0.376,0.359,0.234,0.234,0.24,0.24,14.9,84.57,45528630.0
0.74,1.0,0.38,0.363,0.376,0.359,0.234,0.234,0.24,0.24,14.9,84.57,46152300.0
0.75,1.0,0.381,0.363,0.377,0.359,0.234,0.234,0.24,0.24,14.9,84.57,46775980.0
0.76,1.0,0.381,0.363,0.377,0.359,0.234,0.234,0.24,0.24,14.9,84.57,47399660.0
0.77,1.0,0.381,0.364,0.377,0.359,0.234,0.234,0.24,0.24,14.9,84.57,48023340.0
0.78,1.0,0.382,0.364,0.378,0.359,0.234,0.234,0.24,0.24,14.9,84.57,48647020.0
0.79,1.0,0.382,0.364,0.378,0.36,0.234,0.234,0.24,0.24,14.9,84.57,49270700.0
0.8,1.0,0.383,0.364,0.378,0.36,0.234,0.234,0.24,0.24,14.9,84.57,49894380.0
0.81,1.0,0.383,0.364,0.379,0.36,0.233,0.234,0.24,0.24,14.9,84.57,50518060.0
0.82,1.0,0.383,0.364,0.379,0.36,0.233,0.234,0.24,0.24,14.9,84.57,51141740.0
0.83,1.0,0.384,0.364,0.379,0.36,0.233,0.234,0.24,0.24,14.9,84.57,51765420.0
0.84,1.0,0.384,0.364,0.38,0.36,0.233,0.234,0.24,0.24,14.9,84.57,52389100.0
0.85,1.0,0.384,0.364,0.38,0.36,0.233,0.234,0.24,0.24,14.9,84.57,53012780.0
0.86,1.0,0.385,0.365,0.381,0.36,0.233,0.234,0.24,0.24,14.9,84.57,53636460.0
0.87,1.0,0.385,0.365,0.381,0.36,0.233,0.234,0.24,0.24,14.9,84.57,54260140.0
0.88,1.0,0.385,0.365,0.381,0.361,0.233,0.234,0.24,0.24,14.9,84.57,54883820.0
0.89,1.0,0.386,0.365,0.382,0.361,0.233,0.234,0.24,0.24,14.9,84.57,55507500.0
0.9,1.0,0.386,0.365,0.382,0.361,0.233,0.234,0.24,0.24,14.9,84.57,56131180.0
0.91,1.0,0.389,0.367,0.385,0.363,0.23,0.231,0.237,0.237,14.72,84.536,56754860.0
0.92,1.0,0.397,0.375,0.392,0.371,0.227,0.227,0.234,0.234,14.53,84.503,57378540.0
0.93,1.0,0.409,0.386,0.405,0.382,0.223,0.224,0.23,0.23,14.35,84.469,58002220.0
0.94,1.0,0.421,0.397,0.417,0.393,0.22,0.22,0.227,0.227,14.16,84.435,58625900.0
0.95,1.0,0.434,0.409,0.43,0.405,0.216,0.217,0.224,0.224,13.98,84.401,59249580.0
0.96,1.0,0.447,0.42,0.443,0.417,0.213,0.213,0.221,0.221,13.79,84.367,59873260.0
0.97,1.0,0.459,0.432,0.456,0.428,0.21,0.21,0.218,0.218,13.6,84.333,60496940.0
0.98,1.0,0.472,0.443,0.469,0.44,0.206,0.207,0.214,0.214,13.42,84.3,61120620.0
0.99,1.0,0.485,0.455,0.481,0.451,0.203,0.203,0.211,0.211,13.23,84.266,61744300.0
1.0,1.0,0.498,0.466,0.494,0.463,0.199,0.2,0.208,0.208,13.05,84.232,62367980.0
1.01,1.0,0.51,0.478,0.507,0.474,0.196,0.196,0.205,0.205,12.86,84.198,62991660.0
1.02,1.0,0.523,0.489,0.52,0.486,0.192,0.193,0.201,0.201,12.68,84.164,63615340.0
1.03,1.0,0.536,0.501,0.532,0.498,0.189,0.189,0.198,0.198,12.49,84.13,64239020.0
1.04,1.0,0.548,0.513,0.545,0.509,0.185,0.186,0.195,0.195,12.31,84.097,64862700.0
1.05,1.0,0.561,0.524,0.558,0.521,0.182,0.183,0.192,0.192,12.12,84.063,65486380.0
1.06,1.0,0.56,0.523,0.557,0.52,0.182,0.183,0.192,0.192,12.13,84.003,66110060.0
1.07,1.0,0.559,0.522,0.556,0.519,0.182,0.183,0.192,0.192,12.14,83.948,66733740.0
1.08,1.0,0.558,0.521,0.555,0.518,0.182,0.183,0.192,0.192,12.15,83.897,67357420.0
1.09,1.0,0.557,0.52,0.554,0.517,0.183,0.183,0.192,0.192,12.16,83.85,67981100.0
1.1,1.0,0.556,0.519,0.552,0.516,0.183,0.183,0.192,0.192,12.17,83.806,68604780.0
1.11,1.0,0.555,0.518,0.551,0.515,0.183,0.183,0.192,0.192,12.17,83.757,69228460.0
1.12,1.0,0.554,0.518,0.55,0.514,0.183,0.183,0.192,0.192,12.17,83.7,69852140.0
1.13,1.0,0.553,0.517,0.549,0.513,0.183,0.183,0.192,0.192,12.16,83.645,70475820.0
1.14,1.0,0.551,0.516,0.548,0.512,0.183,0.183,0.192,0.192,12.16,83.593,71099500.0
1.15,1.0,0.55,0.515,0.547,0.512,0.183,0.183,0.192,0.192,12.16,83.542,71723180.0
1.16,1.0,0.548,0.513,0.545,0.51,0.183,0.183,0.192,0.192,12.15,83.493,72346860.0
1.17,1.0,0.546,0.511,0.543,0.508,0.183,0.183,0.192,0.192,12.15,83.446,72970540.0
1.18,1.0,0.544,0.509,0.541,0.506,0.183,0.183,0.192,0.192,12.15,83.4,73594220.0
1.19,1.0,0.543,0.508,0.539,0.504,0.183,0.183,0.192,0.192,12.14,83.355,74217900.0
1.2,1.0,0.541,0.506,0.537,0.502,0.183,0.183,0.192,0.192,12.14,83.312,74841580.0
1.21,1.0,0.539,0.504,0.535,0.501,0.183,0.183,0.192,0.192,12.14,83.269,75465260.0
1.22,1.0,0.537,0.502,0.533,0.499,0.182,0.183,0.192,0.192,12.13,83.228,76088940.0
1.23,1.0,0.535,0.5,0.531,0.497,0.182,0.183,0.192,0.192,12.13,83.187,76712620.0
1.24,1.0,0.533,0.498,0.53,0.495,0.182,0.183,0.192,0.192,12.12,83.146,77336300.0
1.25,1.0,0.531,0.496,0.528,0.493,0.182,0.183,0.192,0.192,12.12,83.105,77959980.0
1.26,1.0,0.529,0.494,0.526,0.491,0.182,0.183,0.192,0.192,12.12,83.066,78583660.0
1.27,1.0,0.527,0.492,0.524,0.489,0.182,0.183,0.191,0.191,12.11,83.027,79207340.0
1.28,1.0,0.525,0.49,0.522,0.487,0.182,0.183,0.191,0.191,12.11,82.988,79831020.0
1.29,1.0,0.523,0.488,0.52,0.485,0.182,0.183,0.191,0.191,12.1,82.951,80454690.0
1.3,1.0,0.521,0.487,0.518,0.483,0.182,0.183,0.191,0.191,12.1,82.914,81078370.0
1.31,1.0,0.519,0.485,0.516,0.481,0.182,0.183,0.191,0.191,12.1,82.878,81702050.0
1.32,1.0,0.518,0.483,0.515,0.48,0.182,0.183,0.191,0.191,12.09,82.842,82325740.0
1.33,1.0,0.516,0.482,0.513,0.478,0.182,0.183,0.191,0.191,12.09,82.807,82949420.0
1.34,1.0,0.515,0.48,0.512,0.477,0.182,0.183,0.191,0.191,12.08,82.772,83573100.0
1.35,1.0,0.514,0.479,0.511,0.476,0.182,0.183,0.191,0.191,12.08,82.738,84196780.0
1.36,1.0,0.513,0.478,0.509,0.475,0.182,0.182,0.191,0.191,12.07,82.704,84820460.0
1.37,1.0,0.512,0.477,0.508,0.473,0.182,0.182,0.191,0.191,12.07,82.671,85444140.0
1.38,1.0,0.511,0.476,0.507,0.472,0.182,0.182,0.191,0.191,12.07,82.638,86067810.0
1.39,1.0,0.51,0.475,0.506,0.472,0.182,0.182,0.191,0.191,12.06,82.606,86691490.0
1.4,1.0,0.509,0.474,0.506,0.471,0.182,0.182,0.191,0.191,12.06,82.574,87315170.0
1.41,1.0,0.508,0.473,0.505,0.47,0.182,0.182,0.19,0.19,12.05,82.543,87938850.0
1.42,1.0,0.507,0.473,0.504,0.469,0.182,0.182,0.19,0.19,12.05,82.511,88562530.0
1.43,1.0,0.507,0.472,0.504,0.469,0.181,0.182,0.19,0.19,12.05,82.481,89186210.0
1.44,1.0,0.506,0.471,0.503,0.468,0.181,0.182,0.19,0.19,12.04,82.45,89809900.0
1.45,1.0,0.506,0.471,0.503,0.468,0.181,0.182,0.19,0.19,12.03,82.42,90433580.0
1.46,1.0,0.505,0.471,0.502,0.467,0.181,0.182,0.19,0.19,12.02,82.391,91057260.0
1.47,1.0,0.505,0.47,0.502,0.467,0.181,0.182,0.19,0.19,12.01,82.361,91680940.0
1.48,1.0,0.505,0.47,0.501,0.467,0.181,0.182,0.19,0.19,12.0,82.332,92304610.0
1.49,1.0,0.504,0.47,0.501,0.466,0.181,0.182,0.19,0.19,11.99,82.304,92928290.0
1.5,1.0,0.504,0.47,0.501,0.466,0.181,0.182,0.19,0.19,11.98,82.275,93551970.0
1.51,1.0,0.504,0.469,0.501,0.466,0.181,0.182,0.19,0.19,11.97,82.247,94175650.0
1.52,1.0,0.504,0.469,0.501,0.466,0.181,0.181,0.19,0.19,11.96,82.219,94799330.0
1.53,1.0,0.504,0.469,0.501,0.466,0.181,0.181,0.19,0.19,11.95,82.192,95423010.0
1.54,1.0,0.504,0.469,0.501,0.466,0.181,0.181,0.19,0.19,11.94,82.165,96046690.0
1.55,1.0,0.504,0.47,0.501,0.466,0.181,0.181,0.189,0.189,11.93,82.138,96670370.0
1.56,1.0,0.505,0.47,0.501,0.467,0.181,0.181,0.189,0.189,11.92,82.111,97294050.0
1.57,1.0,0.505,0.47,0.502,0.467,0.181,0.181,0.189,0.189,11.91,82.084,97917730.0
1.58,1.0,0.505,0.47,0.502,0.467,0.18,0.181,0.189,0.189,11.9,82.058,98541410.0
1.59,1.0,0.506,0.471,0.502,0.468,0.18,0.181,0.189,0.189,11.89,82.032,99165090.0
1.6,1.0,0.506,0.471,0.503,0.468,0.18,0.181,0.189,0.189,11.88,82.006,99788770.0
1.61,1.0,0.507,0.472,0.503,0.469,0.18,0.181,0.189,0.189,11.87,81.981,100412400.0
1.62,1.0,0.507,0.472,0.504,0.469,0.18,0.181,0.189,0.189,11.86,81.956,101036100.0
1.63,1.0,0.508,0.473,0.505,0.47,0.18,0.181,0.189,0.189,11.85,81.931,101659800.0
1.64,1.0,0.509,0.474,0.505,0.471,0.18,0.181,0.189,0.189,11.84,81.906,102283500.0
1.65,1.0,0.509,0.474,0.506,0.471,0.18,0.18,0.189,0.189,11.83,81.881,102907200.0
1.66,1.0,0.51,0.475,0.507,0.472,0.18,0.18,0.189,0.189,11.82,81.857,103530800.0
1.67,1.0,0.511,0.476,0.508,0.473,0.18,0.18,0.189,0.189,11.81,81.833,104154500.0
1.68,1.0,0.512,0.477,0.509,0.474,0.18,0.18,0.188,0.188,11.8,81.809,104778200.0
1.69,1.0,0.513,0.478,0.51,0.475,0.179,0.18,0.188,0.188,11.79,81.785,105401900.0
1.7,1.0,0.514,0.479,0.511,0.476,0.179,0.18,0.188,0.188,11.78,81.761,106025600.0
1.71,1.0,0.515,0.48,0.512,0.477,0.179,0.18,0.188,0.188,11.77,81.738,106649200.0
1.72,1.0,0.516,0.482,0.513,0.478,0.179,0.18,0.188,0.188,11.76,81.715,107272900.0
1.73,1.0,0.518,0.483,0.514,0.48,0.179,0.18,0.188,0.188,11.75,81.692,107896600.0
1.74,1.0,0.519,0.484,0.516,0.481,0.179,0.18,0.188,0.188,11.74,81.669,108520300.0
1.75,1.0,0.52,0.485,0.517,0.482,0.179,0.18,0.188,0.188,11.73,81.646,109144000.0
1.76,1.0,0.522,0.487,0.519,0.484,0.179,0.179,0.188,0.188,11.72,81.624,109767600.0
1.77,1.0,0.523,0.488,0.52,0.485,0.179,0.179,0.188,0.188,11.71,81.602,110391300.0
1.78,1.0,0.525,0.49,0.522,0.487,0.179,0.179,0.188,0.188,11.7,81.579,111015000.0
1.79,1.0,0.526,0.492,0.523,0.488,0.178,0.179,0.188,0.188,11.69,81.557,111638700.0
1.8,1.0,0.528,0.493,0.525,0.49,0.178,0.179,0.188,0.188,11.68,81.536,112262400.0
1.81,1.0,0.53,0.495,0.527,0.492,0.178,0.179,0.188,0.188,11.67,81.514,112886000.0
1.82,1.0,0.532,0.497,0.528,0.494,0.178,0.179,0.187,0.187,11.66,81.493,113509700.0
1.83,1.0,0.533,0.499,0.53,0.495,0.178,0.179,0.187,0.187,11.65,81.471,114133400.0
1.84,1.0,0.535,0.501,0.532,0.497,0.178,0.179,0.187,0.187,11.64,81.45,114757100.0
1.85,1.0,0.537,0.503,0.534,0.499,0.178,0.178,0.187,0.187,11.63,81.429,115380800.0
1.86,1.0,0.539,0.505,0.536,0.501,0.178,0.178,0.187,0.187,11.62,81.409,116004400.0
1.87,1.0,0.542,0.507,0.538,0.504,0.178,0.178,0.187,0.187,11.61,81.388,116628100.0
1.88,1.0,0.544,0.509,0.541,0.506,0.177,0.178,0.187,0.187,11.6,81.368,117251800.0
1.89,1.0,0.546,0.511,0.543,0.508,0.177,0.178,0.187,0.187,11.59,81.347,117875500.0
1.9,1.0,0.548,0.514,0.545,0.51,0.177,0.178,0.187,0.187,11.58,81.327,118499200.0
1.91,1.0,0.551,0.516,0.548,0.513,0.177,0.178,0.187,0.187,11.57,81.307,119122800.0
1.92,1.0,0.553,0.518,0.55,0.515,0.177,0.178,0.187,0.187,11.56,81.287,119746500.0
1.93,1.0,0.556,0.521,0.553,0.518,0.177,0.178,0.187,0.187,11.55,81.268,120370200.0
1.94,1.0,0.558,0.523,0.555,0.52,0.177,0.177,0.186,0.186,11.54,81.248,120993900.0
1.95,1.0,0.561,0.526,0.558,0.523,0.177,0.177,0.186,0.186,11.53,81.229,121617600.0
1.96,1.0,0.564,0.529,0.56,0.526,0.177,0.177,0.186,0.186,11.52,81.209,122241200.0
1.97,1.0,0.566,0.532,0.563,0.528,0.176,0.177,0.186,0.186,11.51,81.19,122864900.0
1.98,1.0,0.569,0.534,0.566,0.531,0.176,0.177,0.186,0.186,11.5,81.171,123488600.0
1.99,1.0,0.572,0.537,0.569,0.534,0.176,0.177,0.186,0.186,11.49,81.153,124112300.0
2.0,1.0,0.575,0.54,0.572,0.537,0.176,0.177,0.186,0.186,11.48,81.134,124736000.0
2.01,1.0,0.578,0.543,0.575,0.54,0.176,0.176,0.186,0.186,11.47,81.115,125359600.0
2.02,1.0,0.582,0.546,0.578,0.543,0.176,0.176,0.186,0.186,11.46,81.097,125983300.0
2.03,1.0,0.585,0.549,0.582,0.546,0.176,0.176,0.186,0.186,11.45,81.079,126607000.0
2.04,1.0,0.588,0.553,0.585,0.55,0.175,0.176,0.186,0.186,11.44,81.06,127230700.0
2.05,1.0,0.592,0.556,0.588,0.553,0.175,0.176,0.186,0.186,11.43,81.042,127854400.0
2.06,1.0,0.595,0.56,0.592,0.556,0.175,0.176,0.186,0.186,11.42,81.025,128478000.0
2.07,1.0,0.599,0.563,0.596,0.56,0.175,0.176,0.185,0.185,11.41,81.007,129101700.0
2.08,1.0,0.602,0.567,0.599,0.563,0.175,0.176,0.185,0.185,11.4,80.989,129725400.0
2.09,1.0,0.606,0.57,0.603,0.567,0.175,0.175,0.185,0.185,11.39,80.972,130349100.0
2.1,1.0,0.61,0.574,0.607,0.571,0.175,0.175,0.185,0.185,11.38,80.954,130972800.0
2.11,1.0,0.614,0.578,0.611,0.575,0.174,0.175,0.185,0.185,11.37,80.937,131596400.0
2.12,1.0,0.618,0.582,0.615,0.578,0.174,0.175,0.185,0.185,11.36,80.92,132220100.0
2.13,1.0,0.622,0.585,0.619,0.582,0.174,0.175,0.185,0.185,11.35,80.903,132843800.0
2.14,1.0,0.626,0.589,0.623,0.586,0.174,0.175,0.185,0.185,11.34,80.886,133467500.0
2.15,1.0,0.63,0.594,0.627,0.59,0.174,0.174,0.185,0.185,11.33,80.869,134091200.0
2.16,1.0,0.628,0.592,0.625,0.588,0.174,0.174,0.184,0.184,11.3,80.826,134714800.0
2.17,1.0,0.625,0.589,0.622,0.586,0.173,0.174,0.184,0.184,11.28,80.778,135338500.0
2.18,1.0,0.623,0.586,0.62,0.583,0.173,0.174,0.184,0.184,11.25,80.728,135962200.0
2.19,1.0,0.62,0.583,0.617,0.58,0.173,0.173,0.183,0.183,11.23,80.678,136585900.0
2.2,1.0,0.617,0.581,0.614,0.577,0.172,0.173,0.183,0.183,11.2,80.627,137209600.0
2.21,1.0,0.615,0.578,0.612,0.575,0.172,0.173,0.183,0.183,11.17,80.574,137833200.0
2.22,1.0,0.612,0.575,0.609,0.572,0.172,0.172,0.182,0.182,11.14,80.521,138456900.0
2.23,1.0,0.61,0.573,0.607,0.569,0.171,0.172,0.182,0.182,11.12,80.468,139080600.0
2.24,1.0,0.607,0.57,0.604,0.567,0.171,0.172,0.181,0.181,11.09,80.413,139704300.0
2.25,1.0,0.605,0.567,0.602,0.564,0.171,0.171,0.181,0.181,11.06,80.358,140328000.0
2.26,1.0,0.602,0.565,0.599,0.562,0.17,0.171,0.181,0.181,11.03,80.302,140951600.0
2.27,1.0,0.6,0.562,0.597,0.559,0.17,0.17,0.18,0.18,11.0,80.246,141575300.0
2.28,1.0,0.597,0.56,0.594,0.557,0.169,0.17,0.18,0.18,10.97,80.189,142199000.0
2.29,1.0,0.595,0.557,0.592,0.554,0.169,0.17,0.179,0.179,10.94,80.116,142822700.0
2.3,1.0,0.592,0.555,0.589,0.552,0.169,0.17,0.179,0.179,10.92,80.034,143446400.0
2.31,1.0,0.59,0.552,0.587,0.549,0.169,0.169,0.179,0.179,10.9,79.951,144070000.0
2.32,1.0,0.588,0.55,0.585,0.547,0.168,0.169,0.179,0.179,10.87,79.867,144693700.0
2.33,1.0,0.585,0.547,0.582,0.544,0.168,0.169,0.178,0.178,10.85,79.784,145317400.0
2.34,1.0,0.583,0.545,0.58,0.542,0.168,0.168,0.178,0.178,10.82,79.699,145941100.0
2.35,1.0,0.581,0.542,0.578,0.539,0.167,0.168,0.178,0.178,10.8,79.615,146564800.0
2.36,1.0,0.578,0.54,0.575,0.537,0.167,0.168,0.177,0.177,10.77,79.53,147188400.0
2.37,1.0,0.576,0.538,0.573,0.535,0.167,0.167,0.177,0.177,10.75,79.446,147812100.0
2.38,1.0,0.574,0.535,0.571,0.532,0.167,0.167,0.177,0.177,10.72,79.36,148435800.0
2.39,1.0,0.571,0.533,0.569,0.53,0.166,0.167,0.176,0.176,10.7,79.275,149059500.0
2.4,1.0,0.569,0.531,0.566,0.528,0.166,0.167,0.176,0.176,10.67,79.19,149683200.0
2.41,1.0,0.567,0.528,0.564,0.525,0.166,0.166,0.175,0.175,10.65,79.104,150306800.0
2.42,1.0,0.565,0.526,0.562,0.523,0.165,0.166,0.175,0.175,10.62,79.018,150930500.0
2.43,1.0,0.563,0.524,0.56,0.521,0.165,0.166,0.175,0.175,10.6,78.932,151554200.0
2.44,1.0,0.561,0.521,0.558,0.519,0.165,0.165,0.174,0.174,10.57,78.846,152177900.0
2.45,1.0,0.558,0.519,0.555,0.516,0.164,0.165,0.174,0.174,10.55,78.76,152801600.0
2.46,1.0,0.556,0.517,0.553,0.514,0.164,0.165,0.174,0.174,10.52,78.673,153425200.0
2.47,1.0,0.554,0.515,0.551,0.512,0.164,0.164,0.173,0.173,10.5,78.587,154048900.0
2.48,1.0,0.552,0.513,0.549,0.511,0.164,0.164,0.173,0.173,10.47,78.501,154672600.0
2.49,1.0,0.55,0.512,0.547,0.509,0.163,0.164,0.173,0.173,10.45,78.414,155296300.0
2.5,1.0,0.548,0.51,0.545,0.507,0.163,0.164,0.172,0.172,10.42,78.327,155920000.0
2.51,1.0,0.546,0.508,0.543,0.505,0.163,0.163,0.172,0.172,10.4,78.241,156543600.0
2.52,1.0,0.544,0.506,0.541,0.503,0.162,0.163,0.172,0.172,10.37,78.154,157167300.0
2.53,1.0,0.542,0.504,0.539,0.501,0.162,0.163,0.171,0.171,10.35,78.068,157791000.0
2.54,1.0,0.54,0.502,0.537,0.499,0.162,0.162,0.171,0.171,10.32,77.981,158414700.0
2.55,1.0,0.538,0.5,0.535,0.498,0.161,0.162,0.171,0.171,10.3,77.895,159038400.0
2.56,1.0,0.536,0.499,0.533,0.496,0.161,0.162,0.17,0.17,10.27,77.808,159662000.0
2.57,1.0,0.534,0.497,0.531,0.494,0.161,0.161,0.17,0.17,10.25,77.722,160285700.0
2.58,1.0,0.532,0.495,0.529,0.492,0.16,0.161,0.17,0.17,10.22,77.635,160909400.0
2.59,1.0,0.53,0.493,0.527,0.49,0.16,0.161,0.169,0.169,10.2,77.549,161533100.0
2.6,1.0,0.528,0.492,0.525,0.489,0.16,0.161,0.169,0.169,10.18,77.463,162156700.0
2.61,1.0,0.526,0.49,0.523,0.487,0.16,0.16,0.169,0.169,10.15,77.377,162780400.0
2.62,1.0,0.524,0.488,0.521,0.485,0.159,0.16,0.168,0.168,10.13,77.291,163404100.0
2.63,1.0,0.522,0.486,0.519,0.484,0.159,0.16,0.168,0.168,10.1,77.205,164027800.0
2.64,1.0,0.52,0.485,0.518,0.482,0.159,0.159,0.168,0.168,10.08,77.119,164651500.0
2.65,1.0,0.519,0.483,0.516,0.48,0.158,0.159,0.167,0.167,10.05,77.033,165275200.0
2.66,1.0,0.517,0.481,0.514,0.479,0.158,0.159,0.167,0.167,10.03,76.947,165898800.0
2.67,1.0,0.515,0.48,0.512,0.477,0.158,0.158,0.167,0.167,10.01,76.862,166522500.0
2.68,1.0,0.513,0.478,0.51,0.475,0.158,0.158,0.166,0.166,9.98,76.776,167146200.0
2.69,1.0,0.511,0.477,0.508,0.474,0.157,0.158,0.166,0.166,9.96,76.691,167769900.0
2.7,1.0,0.51,0.475,0.507,0.472,0.157,0.158,0.166,0.166,9.93,76.606,168393600.0
2.71,1.0,0.508,0.473,0.505,0.471,0.157,0.157,0.166,0.166,9.91,76.521,169017200.0
2.72,1.0,0.506,0.472,0.503,0.469,0.156,0.157,0.165,0.165,9.89,76.436,169640900.0
2.73,1.0,0.504,0.47,0.501,0.467,0.156,0.157,0.165,0.165,9.86,76.352,170264600.0
2.74,1.0,0.502,0.469,0.5,0.466,0.156,0.156,0.165,0.165,9.84,76.267,170888300.0
2.75,1.0,0.501,0.467,0.498,0.464,0.156,0.156,0.164,0.164,9.82,76.183,171512000.0
2.76,1.0,0.499,0.466,0.496,0.463,0.155,0.156,0.164,0.164,9.79,76.099,172135600.0
2.77,1.0,0.497,0.464,0.495,0.461,0.155,0.156,0.164,0.164,9.77,76.015,172759300.0
2.78,1.0,0.496,0.462,0.493,0.46,0.155,0.155,0.163,0.163,9.75,75.931,173383000.0
2.79,1.0,0.494,0.461,0.491,0.458,0.154,0.155,0.163,0.163,9.72,75.848,174006700.0
2.8,1.0,0.492,0.459,0.489,0.457,0.154,0.155,0.163,0.163,9.7,75.765,174630300.0
2.81,1.0,0.491,0.458,0.488,0.455,0.154,0.154,0.162,0.162,9.68,75.681,175254000.0
2.82,1.0,0.489,0.457,0.486,0.454,0.154,0.154,0.162,0.162,9.66,75.599,175877700.0
2.83,1.0,0.487,0.455,0.485,0.452,0.153,0.154,0.162,0.162,9.63,75.516,176501400.0
2.84,1.0,0.486,0.454,0.483,0.451,0.153,0.154,0.162,0.162,9.61,75.433,177125100.0
2.85,1.0,0.484,0.452,0.481,0.449,0.153,0.153,0.161,0.161,9.59,75.351,177748700.0
2.86,1.0,0.482,0.451,0.48,0.448,0.153,0.153,0.161,0.161,9.57,75.269,178372400.0
2.87,1.0,0.481,0.449,0.478,0.447,0.152,0.153,0.161,0.161,9.54,75.188,178996100.0
2.88,1.0,0.479,0.448,0.476,0.445,0.152,0.153,0.16,0.16,9.52,75.106,179619800.0
2.89,1.0,0.478,0.446,0.475,0.444,0.152,0.152,0.16,0.16,9.5,75.025,180243500.0
2.9,1.0,0.476,0.445,0.473,0.442,0.152,0.152,0.16,0.16,9.48,74.944,180867200.0
2.91,1.0,0.474,0.444,0.472,0.441,0.151,0.152,0.16,0.16,9.46,74.863,181490800.0
2.92,1.0,0.473,0.442,0.47,0.44,0.151,0.152,0.159,0.159,9.43,74.782,182114500.0
2.93,1.0,0.471,0.441,0.469,0.438,0.151,0.151,0.159,0.159,9.41,74.702,182738200.0
2.94,1.0,0.47,0.44,0.467,0.437,0.151,0.151,0.159,0.159,9.39,74.622,183361900.0
2.95,1.0,0.468,0.438,0.466,0.436,0.15,0.151,0.158,0.158,9.37,74.542,183985500.0
2.96,1.0,0.467,0.437,0.464,0.434,0.15,0.151,0.158,0.158,9.35,74.463,184609200.0
2.97,1.0,0.465,0.436,0.463,0.433,0.15,0.15,0.158,0.158,9.33,74.383,185232900.0
2.98,1.0,0.464,0.434,0.461,0.432,0.15,0.15,0.158,0.158,9.31,74.304,185856600.0
2.99,1.0,0.462,0.433,0.46,0.43,0.149,0.15,0.157,0.157,9.29,74.226,186480300.0
3.0,1.0,0.461,0.432,0.458,0.429,0.149,0.15,0.157,0.157,9.26,74.147,187103900.0
3.01,1.0,0.459,0.43,0.457,0.428,0.149,0.149,0.157,0.157,9.24,74.069,187727600.0
3.02,1.0,0.458,0.429,0.455,0.426,0.149,0.149,0.157,0.157,9.22,73.991,188351300.0
3.03,1.0,0.457,0.428,0.454,0.425,0.148,0.149,0.156,0.156,9.2,73.913,188975000.0
3.04,1.0,0.455,0.427,0.453,0.424,0.148,0.149,0.156,0.156,9.18,73.836,189598700.0
3.05,1.0,0.454,0.425,0.451,0.423,0.148,0.148,0.156,0.156,9.16,73.759,190222300.0
3.06,1.0,0.453,0.424,0.45,0.421,0.148,0.148,0.156,0.156,9.14,73.682,190846000.0
3.07,1.0,0.451,0.423,0.449,0.42,0.147,0.148,0.155,0.155,9.12,73.605,191469700.0
3.08,1.0,0.45,0.421,0.447,0.419,0.147,0.148,0.155,0.155,9.1,73.529,192093400.0
3.09,1.0,0.449,0.42,0.446,0.418,0.147,0.147,0.155,0.155,9.08,73.453,192717100.0
3.1,1.0,0.447,0.419,0.445,0.416,0.147,0.147,0.155,0.155,9.06,73.377,193340700.0
3.11,1.0,0.446,0.418,0.443,0.415,0.147,0.147,0.154,0.154,9.04,73.302,193964400.0
3.12,1.0,0.445,0.417,0.442,0.414,0.146,0.147,0.154,0.154,9.02,73.227,194588100.0
3.13,1.0,0.443,0.415,0.441,0.413,0.146,0.147,0.154,0.154,9.0,73.152,195211800.0
3.14,1.0,0.442,0.414,0.439,0.412,0.146,0.146,0.154,0.154,8.98,73.078,195835500.0
3.15,1.0,0.441,0.413,0.438,0.41,0.146,0.146,0.153,0.153,8.96,73.003,196459100.0
3.16,1.0,0.439,0.412,0.437,0.409,0.145,0.146,0.153,0.153,8.94,72.929,197082800.0
3.17,1.0,0.438,0.411,0.436,0.408,0.145,0.146,0.153,0.153,8.92,72.856,197706500.0
3.18,1.0,0.437,0.409,0.434,0.407,0.145,0.145,0.153,0.153,8.9,72.782,198330200.0
3.19,1.0,0.436,0.408,0.433,0.406,0.145,0.145,0.152,0.152,8.89,72.709,198953900.0
3.2,1.0,0.434,0.407,0.432,0.404,0.145,0.145,0.152,0.152,8.87,72.637,199577500.0
3.21,1.0,0.433,0.406,0.43,0.403,0.144,0.145,0.152,0.152,8.85,72.564,200201200.0
3.22,1.0,0.432,0.405,0.429,0.402,0.144,0.145,0.152,0.152,8.83,72.492,200824900.0
3.23,1.0,0.431,0.404,0.428,0.401,0.144,0.144,0.151,0.151,8.81,72.42,201448600.0
3.24,1.0,0.429,0.402,0.427,0.4,0.144,0.144,0.151,0.151,8.79,72.349,202072300.0
3.25,1.0,0.428,0.401,0.426,0.399,0.144,0.144,0.151,0.151,8.77,72.277,202695900.0
3.26,1.0,0.427,0.4,0.424,0.398,0.143,0.144,0.151,0.151,8.75,72.206,203319600.0
3.27,1.0,0.426,0.399,0.423,0.397,0.143,0.144,0.151,0.151,8.74,72.136,203943300.0
3.28,1.0,0.425,0.398,0.422,0.395,0.143,0.143,0.15,0.15,8.72,72.065,204567000.0
3.29,1.0,0.423,0.397,0.421,0.394,0.143,0.143,0.15,0.15,8.7,71.995,205190700.0
3.3,1.0,0.422,0.396,0.42,0.393,0.143,0.143,0.15,0.15,8.68,71.926,205814300.0
3.31,1.0,0.421,0.395,0.418,0.392,0.142,0.143,0.15,0.15,8.66,71.856,206438000.0
3.32,1.0,0.42,0.394,0.417,0.391,0.142,0.143,0.149,0.149,8.65,71.787,207061700.0
3.33,1.0,0.419,0.393,0.416,0.39,0.142,0.142,0.149,0.149,8.63,71.718,207685400.0
3.34,1.0,0.417,0.392,0.415,0.389,0.142,0.142,0.149,0.149,8.61,71.65,208309000.0
3.35,1.0,0.416,0.39,0.414,0.388,0.142,0.142,0.149,0.149,8.59,71.582,208932700.0
3.36,1.0,0.415,0.389,0.413,0.387,0.141,0.142,0.149,0.149,8.57,71.514,209556400.0
3.37,1.0,0.414,0.388,0.412,0.386,0.141,0.142,0.148,0.148,8.56,71.446,210180100.0
3.38,1.0,0.413,0.387,0.41,0.385,0.141,0.141,0.148,0.148,8.54,71.379,210803800.0
3.39,1.0,0.412,0.386,0.409,0.384,0.141,0.141,0.148,0.148,8.52,71.312,211427500.0
3.4,1.0,0.411,0.385,0.408,0.383,0.141,0.141,0.148,0.148,8.5,71.246,212051100.0
3.41,1.0,0.41,0.384,0.407,0.382,0.14,0.141,0.148,0.148,8.49,71.179,212674800.0
3.42,1.0,0.408,0.383,0.406,0.381,0.14,0.141,0.147,0.147,8.47,71.113,213298500.0
3.43,1.0,0.407,0.382,0.405,0.38,0.14,0.14,0.147,0.147,8.45,71.048,213922200.0
3.44,1.0,0.406,0.381,0.404,0.379,0.14,0.14,0.147,0.147,8.44,70.981,214545900.0
3.45,1.0,0.405,0.38,0.403,0.378,0.14,0.14,0.147,0.147,8.42,70.911,215169500.0
3.46,1.0,0.404,0.379,0.402,0.377,0.14,0.14,0.147,0.147,8.41,70.841,215793200.0
3.47,1.0,0.403,0.378,0.4,0.376,0.139,0.14,0.146,0.146,8.39,70.771,216416900.0
3.48,1.0,0.402,0.377,0.399,0.375,0.139,0.14,0.146,0.146,8.37,70.701,217040600.0
3.49,1.0,0.401,0.376,0.398,0.374,0.139,0.14,0.146,0.146,8.36,70.632,217664300.0
3.5,1.0,0.4,0.375,0.397,0.373,0.139,0.139,0.146,0.146,8.34,70.563,218287900.0
3.51,1.0,0.399,0.374,0.396,0.372,0.139,0.139,0.146,0.146,8.33,70.494,218911600.0
3.52,1.0,0.398,0.373,0.395,0.371,0.139,0.139,0.146,0.146,8.31,70.425,219535300.0
3.53,1.0,0.397,0.372,0.394,0.37,0.138,0.139,0.145,0.145,8.3,70.357,220159000.0
3.54,1.0,0.396,0.371,0.393,0.369,0.138,0.139,0.145,0.145,8.28,70.288,220782600.0
3.55,1.0,0.395,0.371,0.392,0.368,0.138,0.139,0.145,0.145,8.27,70.221,221406300.0
3.56,1.0,0.393,0.37,0.391,0.367,0.138,0.138,0.145,0.145,8.25,70.153,222030000.0
3.57,1.0,0.392,0.369,0.39,0.366,0.138,0.138,0.145,0.145,8.24,70.085,222653700.0
3.58,1.0,0.391,0.368,0.389,0.365,0.138,0.138,0.145,0.145,8.22,70.018,223277400.0
3.59,1.0,0.39,0.367,0.388,0.364,0.138,0.138,0.144,0.144,8.21,69.951,223901000.0
3.6,1.0,0.389,0.366,0.387,0.363,0.137,0.138,0.144,0.144,8.2,69.884,224524700.0
3.61,1.0,0.388,0.365,0.386,0.363,0.137,0.138,0.144,0.144,8.19,69.818,225148400.0
3.62,1.0,0.387,0.364,0.385,0.362,0.137,0.138,0.144,0.144,8.18,69.752,225772100.0
3.63,1.0,0.386,0.363,0.384,0.361,0.137,0.137,0.144,0.144,8.17,69.686,226395800.0
3.64,1.0,0.385,0.362,0.383,0.36,0.137,0.137,0.144,0.144,8.16,69.62,227019500.0
3.65,1.0,0.384,0.361,0.382,0.359,0.137,0.137,0.143,0.143,8.15,69.555,227643100.0
3.66,1.0,0.383,0.36,0.381,0.358,0.137,0.137,0.143,0.143,8.15,69.489,228266800.0
3.67,1.0,0.382,0.36,0.38,0.357,0.136,0.137,0.143,0.143,8.14,69.424,228890500.0
3.68,1.0,0.382,0.359,0.379,0.356,0.136,0.137,0.143,0.143,8.13,69.359,229514200.0
3.69,1.0,0.381,0.358,0.378,0.355,0.136,0.137,0.143,0.143,8.12,69.295,230137900.0
3.7,1.0,0.38,0.357,0.377,0.355,0.136,0.136,0.143,0.143,8.11,69.231,230761500.0
3.71,1.0,0.379,0.356,0.376,0.354,0.136,0.136,0.143,0.143,8.1,69.167,231385200.0
3.72,1.0,0.378,0.355,0.375,0.353,0.136,0.136,0.142,0.142,8.1,69.103,232008900.0
3.73,1.0,0.377,0.354,0.374,0.352,0.136,0.136,0.142,0.142,8.09,69.039,232632600.0
3.74,1.0,0.376,0.354,0.373,0.351,0.136,0.136,0.142,0.142,8.08,68.976,233256200.0
3.75,1.0,0.375,0.353,0.372,0.35,0.135,0.136,0.142,0.142,8.07,68.913,233879900.0
3.76,1.0,0.374,0.352,0.372,0.349,0.135,0.136,0.142,0.142,8.06,68.85,234503600.0
3.77,1.0,0.373,0.351,0.371,0.349,0.135,0.136,0.142,0.142,8.06,68.788,235127300.0
3.78,1.0,0.372,0.35,0.37,0.348,0.135,0.135,0.142,0.142,8.05,68.726,235751000.0
3.79,1.0,0.371,0.349,0.369,0.347,0.135,0.135,0.141,0.141,8.04,68.663,236374600.0
3.8,1.0,0.37,0.349,0.368,0.346,0.135,0.135,0.141,0.141,8.03,68.602,236998300.0
3.81,1.0,0.369,0.348,0.367,0.345,0.135,0.135,0.141,0.141,8.02,68.54,237622000.0
3.82,1.0,0.368,0.347,0.366,0.345,0.135,0.135,0.141,0.141,8.02,68.479,238245700.0
3.83,1.0,0.368,0.346,0.365,0.344,0.135,0.135,0.141,0.141,8.01,68.418,238869400.0
3.84,1.0,0.367,0.345,0.364,0.343,0.134,0.135,0.141,0.141,8.0,68.357,239493000.0
3.85,1.0,0.366,0.345,0.363,0.342,0.134,0.135,0.141,0.141,7.99,68.296,240116700.0
3.86,1.0,0.365,0.344,0.362,0.341,0.134,0.135,0.141,0.141,7.99,68.236,240740400.0
3.87,1.0,0.364,0.343,0.362,0.341,0.134,0.134,0.14,0.14,7.98,68.176,241364100.0
3.88,1.0,0.363,0.342,0.361,0.34,0.134,0.134,0.14,0.14,7.97,68.116,241987800.0
3.89,1.0,0.362,0.341,0.36,0.339,0.134,0.134,0.14,0.14,7.97,68.057,242611500.0
3.9,1.0,0.361,0.34,0.359,0.338,0.134,0.134,0.14,0.14,7.96,67.998,243235100.0
3.91,1.0,0.361,0.34,0.358,0.337,0.134,0.134,0.14,0.14,7.95,67.938,243858800.0
3.92,1.0,0.36,0.339,0.357,0.336,0.134,0.134,0.14,0.14,7.94,67.88,244482500.0
3.93,1.0,0.359,0.338,0.356,0.336,0.133,0.134,0.14,0.14,7.94,67.821,245106200.0
3.94,1.0,0.358,0.337,0.356,0.335,0.133,0.134,0.14,0.14,7.93,67.763,245729800.0
3.95,1.0,0.357,0.336,0.355,0.334,0.133,0.134,0.139,0.139,7.92,67.705,246353500.0
3.96,1.0,0.356,0.336,0.354,0.333,0.133,0.133,0.139,0.139,7.92,67.647,246977200.0
3.97,1.0,0.355,0.335,0.353,0.333,0.133,0.133,0.139,0.139,7.91,67.589,247600900.0
3.98,1.0,0.355,0.334,0.352,0.332,0.133,0.133,0.139,0.139,7.9,67.532,248224600.0
3.99,1.0,0.354,0.333,0.351,0.331,0.133,0.133,0.139,0.139,7.9,67.475,248848200.0
4.0,1.0,0.353,0.333,0.351,0.33,0.133,0.133,0.139,0.139,7.89,67.418,249471900.0
4.01,1.0,0.352,0.332,0.35,0.329,0.133,0.133,0.139,0.139,7.88,67.362,250095600.0
4.02,1.0,0.351,0.331,0.349,0.329,0.133,0.133,0.139,0.139,7.88,67.305,250719300.0
4.03,1.0,0.35,0.33,0.348,0.328,0.132,0.133,0.139,0.139,7.87,67.249,251343000.0
4.04,1.0,0.35,0.33,0.347,0.327,0.132,0.133,0.138,0.138,7.87,67.194,251966600.0
4.05,1.0,0.349,0.329,0.346,0.326,0.132,0.133,0.138,0.138,7.86,67.138,252590300.0
4.06,1.0,0.348,0.328,0.346,0.326,0.132,0.132,0.138,0.138,7.85,67.083,253214000.0
4.07,1.0,0.347,0.327,0.345,0.325,0.132,0.132,0.138,0.138,7.85,67.028,253837700.0
4.08,1.0,0.346,0.327,0.344,0.324,0.132,0.132,0.138,0.138,7.84,66.973,254461400.0
4.09,1.0,0.346,0.326,0.343,0.323,0.132,0.132,0.138,0.138,7.84,66.918,255085000.0
4.1,1.0,0.345,0.325,0.342,0.323,0.132,0.132,0.138,0.138,7.83,66.864,255708700.0
4.11,1.0,0.344,0.324,0.342,0.322,0.132,0.132,0.138,0.138,7.82,66.81,256332400.0
4.12,1.0,0.343,0.324,0.341,0.321,0.132,0.132,0.138,0.138,7.82,66.756,256956100.0
4.13,1.0,0.342,0.323,0.34,0.321,0.132,0.132,0.137,0.137,7.81,66.702,257579800.0
4.14,1.0,0.342,0.322,0.339,0.32,0.131,0.132,0.137,0.137,7.81,66.649,258203400.0
4.15,1.0,0.341,0.322,0.339,0.319,0.131,0.132,0.137,0.137,7.8,66.596,258827100.0
4.16,1.0,0.34,0.321,0.338,0.318,0.131,0.132,0.137,0.137,7.8,66.543,259450800.0
4.17,1.0,0.339,0.32,0.337,0.318,0.131,0.132,0.137,0.137,7.79,66.491,260074500.0
4.18,1.0,0.339,0.319,0.336,0.317,0.131,0.131,0.137,0.137,7.78,66.438,260698100.0
4.19,1.0,0.338,0.319,0.336,0.316,0.131,0.131,0.137,0.137,7.78,66.386,261321800.0
4.2,1.0,0.337,0.318,0.335,0.316,0.131,0.131,0.137,0.137,7.77,66.334,261945500.0
4.21,1.0,0.336,0.317,0.334,0.315,0.131,0.131,0.137,0.137,7.77,66.283,262569200.0
4.22,1.0,0.336,0.317,0.333,0.314,0.131,0.131,0.137,0.137,7.76,66.231,263192900.0
4.23,1.0,0.335,0.316,0.333,0.314,0.131,0.131,0.137,0.137,7.76,66.183,263816600.0
4.24,1.0,0.334,0.315,0.332,0.313,0.13,0.131,0.136,0.136,7.75,66.155,264440200.0
4.25,1.0,0.333,0.315,0.331,0.312,0.13,0.131,0.136,0.136,7.73,66.126,265063900.0
4.26,1.0,0.333,0.314,0.33,0.312,0.13,0.13,0.136,0.136,7.72,66.097,265687600.0
4.27,1.0,0.332,0.313,0.33,0.311,0.13,0.13,0.136,0.136,7.71,66.068,266311300.0
4.28,1.0,0.331,0.313,0.329,0.31,0.13,0.13,0.135,0.135,7.7,66.039,266935000.0
4.29,1.0,0.33,0.312,0.328,0.31,0.13,0.13,0.135,0.135,7.69,66.011,267558600.0
4.3,1.0,0.33,0.311,0.327,0.309,0.129,0.13,0.135,0.135,7.68,65.982,268182300.0
4.31,1.0,0.329,0.311,0.327,0.308,0.129,0.129,0.135,0.135,7.66,65.953,268806000.0
4.32,1.0,0.328,0.31,0.326,0.308,0.129,0.129,0.135,0.135,7.65,65.924,269429700.0
4.33,1.0,0.328,0.309,0.325,0.307,0.129,0.129,0.134,0.134,7.64,65.896,270053300.0
4.34,1.0,0.327,0.309,0.325,0.306,0.129,0.129,0.134,0.134,7.63,65.867,270677100.0
4.35,1.0,0.326,0.308,0.324,0.306,0.128,0.129,0.134,0.134,7.62,65.839,271300700.0
4.36,1.0,0.325,0.307,0.323,0.305,0.128,0.129,0.134,0.134,7.61,65.81,271924400.0
4.37,1.0,0.325,0.307,0.322,0.304,0.128,0.128,0.134,0.134,7.6,65.782,272548100.0
4.38,1.0,0.324,0.306,0.322,0.304,0.128,0.128,0.133,0.133,7.58,65.753,273171700.0
4.39,1.0,0.323,0.305,0.321,0.303,0.128,0.128,0.133,0.133,7.57,65.725,273795400.0
4.4,1.0,0.323,0.305,0.32,0.302,0.127,0.128,0.133,0.133,7.56,65.696,274419100.0
4.41,1.0,0.322,0.304,0.32,0.302,0.127,0.128,0.133,0.133,7.55,65.668,275042800.0
4.42,1.0,0.321,0.304,0.319,0.301,0.127,0.127,0.133,0.133,7.54,65.639,275666500.0
4.43,1.0,0.321,0.303,0.318,0.301,0.127,0.127,0.133,0.133,7.53,65.611,276290100.0
4.44,1.0,0.32,0.302,0.318,0.3,0.127,0.127,0.132,0.132,7.52,65.583,276913800.0
4.45,1.0,0.319,0.302,0.317,0.3,0.127,0.127,0.132,0.132,7.51,65.554,277537500.0
4.46,1.0,0.319,0.301,0.316,0.299,0.126,0.127,0.132,0.132,7.5,65.526,278161200.0
4.47,1.0,0.318,0.301,0.316,0.298,0.126,0.127,0.132,0.132,7.49,65.498,278784900.0
4.48,1.0,0.317,0.3,0.315,0.298,0.126,0.126,0.132,0.132,7.47,65.47,279408500.0
4.49,1.0,0.317,0.299,0.314,0.297,0.126,0.126,0.131,0.131,7.46,65.442,280032200.0
4.5,1.0,0.316,0.299,0.314,0.297,0.126,0.126,0.131,0.131,7.45,65.413,280655900.0
4.51,1.0,0.315,0.298,0.313,0.296,0.126,0.126,0.131,0.131,7.44,65.385,281279600.0
4.52,1.0,0.315,0.298,0.312,0.295,0.125,0.126,0.131,0.131,7.43,65.357,281903300.0
4.53,1.0,0.314,0.297,0.312,0.295,0.125,0.125,0.131,0.131,7.42,65.329,282527000.0
4.54,1.0,0.313,0.296,0.311,0.294,0.125,0.125,0.13,0.13,7.41,65.301,283150600.0
4.55,1.0,0.313,0.296,0.31,0.294,0.125,0.125,0.13,0.13,7.4,65.273,283774300.0
4.56,1.0,0.312,0.295,0.31,0.293,0.125,0.125,0.13,0.13,7.39,65.245,284398000.0
4.57,1.0,0.311,0.295,0.309,0.293,0.124,0.125,0.13,0.13,7.38,65.217,285021700.0
4.58,1.0,0.311,0.294,0.308,0.292,0.124,0.125,0.13,0.13,7.37,65.189,285645300.0
4.59,1.0,0.31,0.294,0.308,0.291,0.124,0.124,0.13,0.13,7.36,65.161,286269000.0
4.6,1.0,0.309,0.293,0.307,0.291,0.124,0.124,0.129,0.129,7.35,65.134,286892700.0
4.61,1.0,0.309,0.293,0.306,0.29,0.124,0.124,0.129,0.129,7.34,65.106,287516400.0
4.62,1.0,0.308,0.292,0.306,0.29,0.124,0.124,0.129,0.129,7.33,65.078,288140100.0
4.63,1.0,0.307,0.291,0.305,0.289,0.123,0.124,0.129,0.129,7.32,65.05,288763700.0
4.64,1.0,0.307,0.291,0.305,0.289,0.123,0.124,0.129,0.129,7.31,65.022,289387400.0
4.65,1.0,0.306,0.29,0.304,0.288,0.123,0.123,0.128,0.128,7.3,64.995,290011100.0
4.66,1.0,0.306,0.29,0.303,0.288,0.123,0.123,0.128,0.128,7.29,64.967,290634800.0
4.67,1.0,0.305,0.289,0.303,0.287,0.123,0.123,0.128,0.128,7.28,64.939,291258500.0
4.68,1.0,0.304,0.289,0.302,0.286,0.123,0.123,0.128,0.128,7.27,64.912,291882100.0
4.69,1.0,0.304,0.288,0.301,0.286,0.122,0.123,0.128,0.128,7.26,64.884,292505800.0
4.7,1.0,0.303,0.288,0.301,0.285,0.122,0.123,0.128,0.128,7.25,64.857,293129500.0
4.71,1.0,0.302,0.287,0.3,0.285,0.122,0.122,0.127,0.127,7.24,64.829,293753200.0
4.72,1.0,0.302,0.286,0.3,0.284,0.122,0.122,0.127,0.127,7.23,64.802,294376900.0
4.73,1.0,0.301,0.286,0.299,0.284,0.122,0.122,0.127,0.127,7.22,64.774,295000500.0
4.74,1.0,0.301,0.285,0.298,0.283,0.122,0.122,0.127,0.127,7.21,64.747,295624200.0
4.75,1.0,0.3,0.285,0.298,0.283,0.122,0.122,0.127,0.127,7.2,64.719,296247900.0
4.76,1.0,0.299,0.284,0.297,0.282,0.121,0.122,0.127,0.127,7.19,64.692,296871600.0
4.77,1.0,0.299,0.284,0.297,0.282,0.121,0.121,0.126,0.126,7.18,64.665,297495300.0
4.78,1.0,0.298,0.283,0.296,0.281,0.121,0.121,0.126,0.126,7.17,64.637,298118900.0
4.79,1.0,0.298,0.283,0.295,0.281,0.121,0.121,0.126,0.126,7.16,64.61,298742600.0
4.8,1.0,0.297,0.282,0.295,0.28,0.121,0.121,0.126,0.126,7.15,64.583,299366300.0
4.81,1.0,0.296,0.282,0.294,0.28,0.121,0.121,0.126,0.126,7.14,64.556,299990000.0
4.82,1.0,0.296,0.281,0.294,0.279,0.12,0.121,0.126,0.126,7.13,64.528,300613700.0
4.83,1.0,0.295,0.281,0.293,0.278,0.12,0.12,0.125,0.125,7.12,64.501,301237300.0
4.84,1.0,0.295,0.28,0.292,0.278,0.12,0.12,0.125,0.125,7.11,64.474,301861000.0
4.85,1.0,0.294,0.28,0.292,0.277,0.12,0.12,0.125,0.125,7.1,64.447,302484700.0
4.86,1.0,0.293,0.279,0.291,0.277,0.12,0.12,0.125,0.125,7.09,64.42,303108400.0
4.87,1.0,0.293,0.279,0.291,0.276,0.12,0.12,0.125,0.125,7.08,64.393,303732100.0
4.88,1.0,0.292,0.278,0.29,0.276,0.119,0.12,0.125,0.125,7.07,64.366,304355700.0
4.89,1.0,0.292,0.278,0.29,0.275,0.119,0.12,0.124,0.124,7.06,64.339,304979400.0
4.9,1.0,0.291,0.277,0.289,0.275,0.119,0.119,0.124,0.124,7.05,64.312,305603100.0
4.91,1.0,0.291,0.276,0.288,0.274,0.119,0.119,0.124,0.124,7.04,64.285,306226800.0
4.92,1.0,0.29,0.276,0.288,0.274,0.119,0.119,0.124,0.124,7.03,64.258,306850500.0
4.93,1.0,0.289,0.275,0.287,0.273,0.119,0.119,0.124,0.124,7.03,64.232,307474100.0
4.94,1.0,0.289,0.275,0.287,0.273,0.119,0.119,0.124,0.124,7.02,64.205,308097800.0
4.95,1.0,0.288,0.274,0.286,0.272,0.118,0.119,0.123,0.123,7.01,64.178,308721500.0
4.96,1.0,0.288,0.274,0.286,0.272,0.118,0.118,0.123,0.123,7.0,64.151,309345200.0
4.97,1.0,0.287,0.273,0.285,0.271,0.118,0.118,0.123,0.123,6.99,64.125,309968800.0
4.98,1.0,0.287,0.273,0.285,0.271,0.118,0.118,0.123,0.123,6.98,64.098,310592500.0
4.99,1.0,0.286,0.272,0.284,0.27,0.118,0.118,0.123,0.123,6.97,64.071,311216200.0
5.0,1.0,0.286,0.272,0.283,0.27,0.118,0.118,0.123,0.123,6.96,64.045,311839900.0
0.01,2.0,0.414,0.401,0.397,0.384,0.479,0.48,0.494,0.494,14.9,83.803,623680.0
0.02,2.0,0.421,0.408,0.404,0.391,0.479,0.48,0.494,0.494,14.9,83.803,1247360.0
0.03,2.0,0.412,0.399,0.395,0.382,0.479,0.48,0.494,0.494,14.9,83.803,1871039.0
0.04,2.0,0.403,0.39,0.386,0.373,0.48,0.48,0.494,0.494,14.9,83.803,2494719.0
0.05,2.0,0.394,0.381,0.377,0.364,0.48,0.481,0.494,0.494,14.9,83.803,3118399.0
0.06,2.0,0.392,0.379,0.375,0.362,0.48,0.481,0.494,0.494,14.9,83.803,3742079.0
0.07,2.0,0.39,0.377,0.373,0.36,0.48,0.481,0.494,0.494,14.9,83.803,4365758.0
0.08,2.0,0.388,0.375,0.371,0.358,0.48,0.481,0.494,0.494,14.9,83.803,4989438.0
0.09,2.0,0.386,0.373,0.369,0.356,0.48,0.481,0.494,0.494,14.9,83.803,5613118.0
0.1,2.0,0.385,0.372,0.368,0.355,0.48,0.481,0.494,0.494,14.9,83.803,6236798.0
0.11,2.0,0.385,0.372,0.368,0.355,0.48,0.481,0.494,0.494,14.9,83.803,6860478.0
0.12,2.0,0.385,0.372,0.368,0.355,0.48,0.481,0.494,0.494,14.9,83.803,7484158.0
0.13,2.0,0.385,0.372,0.368,0.355,0.48,0.481,0.494,0.494,14.9,83.803,8107837.0
0.14,2.0,0.385,0.372,0.368,0.355,0.48,0.481,0.494,0.494,14.9,83.803,8731517.0
0.15,2.0,0.385,0.372,0.368,0.355,0.48,0.481,0.494,0.494,14.9,83.803,9355197.0
0.16,2.0,0.385,0.372,0.368,0.355,0.48,0.481,0.494,0.494,14.9,83.803,9978877.0
0.17,2.0,0.385,0.372,0.368,0.355,0.48,0.481,0.494,0.494,14.9,83.803,10602560.0
0.18,2.0,0.385,0.372,0.368,0.355,0.48,0.481,0.494,0.494,14.9,83.803,11226240.0
0.19,2.0,0.385,0.372,0.368,0.355,0.48,0.481,0.494,0.494,14.9,83.803,11849920.0
0.2,2.0,0.385,0.372,0.368,0.355,0.48,0.481,0.494,0.494,14.9,83.803,12473600.0
0.21,2.0,0.384,0.372,0.367,0.355,0.48,0.481,0.494,0.494,14.9,83.803,13097280.0
0.22,2.0,0.384,0.372,0.367,0.355,0.48,0.481,0.494,0.494,14.9,83.803,13720960.0
0.23,2.0,0.384,0.372,0.367,0.355,0.48,0.481,0.494,0.494,14.9,83.803,14344640.0
0.24,2.0,0.384,0.371,0.367,0.354,0.48,0.481,0.494,0.494,14.9,83.803,14968320.0
0.25,2.0,0.384,0.371,0.367,0.354,0.48,0.481,0.494,0.494,14.9,83.803,15592000.0
0.26,2.0,0.384,0.372,0.367,0.355,0.48,0.481,0.494,0.494,14.9,83.803,16215670.0
0.27,2.0,0.385,0.372,0.368,0.355,0.48,0.481,0.494,0.494,14.9,83.803,16839360.0
0.28,2.0,0.385,0.372,0.368,0.355,0.48,0.481,0.494,0.494,14.9,83.803,17463030.0
0.29,2.0,0.385,0.372,0.368,0.355,0.48,0.481,0.494,0.494,14.9,83.803,18086710.0
0.3,2.0,0.385,0.372,0.368,0.355,0.48,0.481,0.494,0.494,14.9,83.803,18710390.0
0.31,2.0,0.385,0.372,0.368,0.355,0.48,0.481,0.494,0.494,14.9,83.803,19334070.0
0.32,2.0,0.385,0.372,0.368,0.355,0.48,0.481,0.494,0.494,14.9,83.803,19957750.0
0.33,2.0,0.385,0.372,0.368,0.355,0.48,0.481,0.494,0.494,14.9,83.803,20581430.0
0.34,2.0,0.385,0.372,0.368,0.355,0.48,0.481,0.494,0.494,14.9,83.803,21205110.0
0.35,2.0,0.385,0.373,0.368,0.356,0.48,0.481,0.494,0.494,14.9,83.803,21828790.0
0.36,2.0,0.386,0.373,0.369,0.356,0.48,0.481,0.494,0.494,14.9,83.803,22452470.0
0.37,2.0,0.386,0.373,0.369,0.356,0.48,0.481,0.494,0.494,14.9,83.803,23076150.0
0.38,2.0,0.386,0.373,0.369,0.356,0.48,0.481,0.494,0.494,14.9,83.803,23699830.0
0.39,2.0,0.386,0.373,0.369,0.356,0.48,0.481,0.494,0.494,14.9,83.803,24323510.0
0.4,2.0,0.386,0.373,0.369,0.356,0.48,0.481,0.494,0.494,14.9,83.803,24947190.0
0.41,2.0,0.386,0.373,0.369,0.356,0.48,0.481,0.494,0.494,14.9,83.803,25570870.0
0.42,2.0,0.386,0.373,0.369,0.356,0.48,0.481,0.494,0.494,14.9,83.803,26194550.0
0.43,2.0,0.386,0.373,0.369,0.356,0.48,0.481,0.494,0.494,14.9,83.803,26818230.0
0.44,2.0,0.386,0.374,0.369,0.357,0.48,0.481,0.494,0.494,14.9,83.803,27441910.0
0.45,2.0,0.387,0.374,0.37,0.357,0.48,0.481,0.494,0.494,14.9,83.803,28065590.0
0.46,2.0,0.387,0.374,0.37,0.357,0.48,0.481,0.494,0.494,14.9,83.803,28689270.0
0.47,2.0,0.387,0.374,0.37,0.357,0.48,0.481,0.494,0.494,14.9,83.803,29312950.0
0.48,2.0,0.387,0.374,0.37,0.357,0.48,0.481,0.494,0.494,14.9,83.803,29936630.0
0.49,2.0,0.387,0.374,0.37,0.357,0.48,0.481,0.494,0.494,14.9,83.803,30560310.0
0.5,2.0,0.387,0.374,0.37,0.357,0.48,0.481,0.494,0.494,14.9,83.803,31183990.0
0.51,2.0,0.387,0.374,0.37,0.357,0.48,0.481,0.494,0.494,14.9,83.803,31807670.0
0.52,2.0,0.387,0.374,0.37,0.357,0.48,0.481,0.494,0.494,14.9,83.803,32431350.0
0.53,2.0,0.387,0.375,0.37,0.358,0.48,0.481,0.494,0.494,14.9,83.803,33055030.0
0.54,2.0,0.388,0.375,0.371,0.358,0.48,0.481,0.494,0.494,14.9,83.803,33678710.0
0.55,2.0,0.388,0.375,0.371,0.358,0.48,0.481,0.494,0.494,14.9,83.803,34302390.0
0.56,2.0,0.388,0.375,0.371,0.358,0.48,0.481,0.494,0.494,14.9,83.803,34926070.0
0.57,2.0,0.388,0.375,0.371,0.358,0.48,0.481,0.494,0.494,14.9,83.803,35549750.0
0.58,2.0,0.388,0.375,0.371,0.358,0.48,0.481,0.494,0.494,14.9,83.803,36173430.0
0.59,2.0,0.388,0.375,0.371,0.358,0.48,0.481,0.494,0.494,14.9,83.803,36797110.0
0.6,2.0,0.388,0.375,0.371,0.358,0.48,0.481,0.494,0.494,14.9,83.803,37420790.0
0.61,2.0,0.389,0.375,0.372,0.358,0.48,0.481,0.494,0.494,14.9,83.803,38044470.0
0.62,2.0,0.389,0.375,0.372,0.358,0.48,0.481,0.494,0.494,14.9,83.803,38668150.0
0.63,2.0,0.389,0.375,0.372,0.358,0.48,0.481,0.494,0.494,14.9,83.803,39291830.0
0.64,2.0,0.39,0.375,0.373,0.358,0.48,0.481,0.494,0.494,14.9,83.803,39915510.0
0.65,2.0,0.39,0.375,0.373,0.358,0.48,0.481,0.494,0.494,14.9,83.803,40539180.0
0.66,2.0,0.391,0.376,0.374,0.359,0.48,0.481,0.494,0.494,14.9,83.803,41162870.0
0.67,2.0,0.391,0.376,0.374,0.359,0.48,0.481,0.494,0.494,14.9,83.803,41786550.0
0.68,2.0,0.391,0.376,0.374,0.359,0.48,0.481,0.494,0.494,14.9,83.803,42410230.0
0.69,2.0,0.392,0.376,0.375,0.359,0.48,0.481,0.494,0.494,14.9,83.803,43033900.0
0.7,2.0,0.392,0.376,0.375,0.359,0.48,0.481,0.494,0.494,14.9,83.803,43657580.0
0.71,2.0,0.392,0.376,0.375,0.359,0.48,0.481,0.494,0.494,14.9,83.803,44281260.0
0.72,2.0,0.393,0.376,0.376,0.359,0.48,0.481,0.494,0.494,14.9,83.803,44904950.0
0.73,2.0,0.393,0.376,0.376,0.359,0.48,0.481,0.494,0.494,14.9,83.803,45528630.0
0.74,2.0,0.393,0.376,0.376,0.359,0.48,0.481,0.494,0.494,14.9,83.803,46152300.0
0.75,2.0,0.394,0.377,0.377,0.359,0.48,0.481,0.494,0.494,14.9,83.803,46775980.0
0.76,2.0,0.394,0.377,0.377,0.36,0.48,0.481,0.494,0.494,14.9,83.803,47399660.0
0.77,2.0,0.395,0.377,0.378,0.36,0.48,0.481,0.494,0.494,14.9,83.803,48023340.0
0.78,2.0,0.395,0.377,0.378,0.36,0.48,0.481,0.494,0.494,14.9,83.803,48647020.0
0.79,2.0,0.395,0.377,0.378,0.36,0.48,0.481,0.494,0.494,14.9,83.803,49270700.0
0.8,2.0,0.396,0.377,0.379,0.36,0.48,0.481,0.494,0.494,14.9,83.803,49894380.0
0.81,2.0,0.396,0.377,0.379,0.36,0.48,0.481,0.494,0.494,14.9,83.803,50518060.0
0.82,2.0,0.396,0.377,0.379,0.36,0.48,0.481,0.494,0.494,14.9,83.803,51141740.0
0.83,2.0,0.397,0.377,0.38,0.36,0.48,0.481,0.494,0.494,14.9,83.803,51765420.0
0.84,2.0,0.397,0.377,0.38,0.36,0.48,0.481,0.494,0.494,14.9,83.803,52389100.0
0.85,2.0,0.398,0.378,0.381,0.361,0.48,0.481,0.494,0.494,14.9,83.803,53012780.0
0.86,2.0,0.398,0.378,0.381,0.361,0.48,0.481,0.494,0.494,14.9,83.803,53636460.0
0.87,2.0,0.398,0.378,0.381,0.361,0.48,0.481,0.494,0.494,14.9,83.803,54260140.0
0.88,2.0,0.399,0.378,0.382,0.361,0.48,0.481,0.494,0.494,14.9,83.803,54883820.0
0.89,2.0,0.399,0.378,0.382,0.361,0.48,0.481,0.494,0.494,14.9,83.803,55507500.0
0.9,2.0,0.399,0.378,0.382,0.361,0.48,0.481,0.494,0.494,14.9,83.803,56131180.0
0.91,2.0,0.402,0.38,0.385,0.364,0.473,0.474,0.487,0.487,14.72,83.758,56754860.0
0.92,2.0,0.409,0.388,0.393,0.371,0.467,0.467,0.481,0.481,14.53,83.712,57378540.0
0.93,2.0,0.421,0.399,0.405,0.382,0.46,0.461,0.474,0.474,14.35,83.667,58002220.0
0.94,2.0,0.434,0.41,0.418,0.394,0.453,0.454,0.468,0.468,14.16,83.622,58625900.0
0.95,2.0,0.446,0.421,0.431,0.405,0.446,0.447,0.461,0.461,13.98,83.577,59249580.0
0.96,2.0,0.459,0.433,0.443,0.417,0.439,0.44,0.455,0.455,13.79,83.532,59873260.0
0.97,2.0,0.472,0.444,0.456,0.429,0.432,0.433,0.448,0.448,13.6,83.486,60496940.0
0.98,2.0,0.484,0.455,0.469,0.44,0.425,0.426,0.442,0.442,13.42,83.441,61120620.0
0.99,2.0,0.497,0.467,0.482,0.452,0.418,0.419,0.435,0.435,13.23,83.396,61744300.0
1.0,2.0,0.509,0.478,0.494,0.463,0.411,0.413,0.429,0.429,13.05,83.351,62367980.0
1.01,2.0,0.522,0.489,0.507,0.475,0.405,0.406,0.422,0.422,12.86,83.306,62991660.0
1.02,2.0,0.534,0.501,0.52,0.486,0.398,0.399,0.416,0.416,12.68,83.26,63615340.0
1.03,2.0,0.547,0.512,0.533,0.498,0.391,0.392,0.41,0.41,12.49,83.215,64239020.0
1.04,2.0,0.559,0.523,0.546,0.51,0.384,0.385,0.403,0.403,12.31,83.17,64862700.0
1.05,2.0,0.572,0.535,0.558,0.521,0.377,0.378,0.397,0.397,12.12,83.125,65486380.0
1.06,2.0,0.571,0.534,0.557,0.52,0.377,0.379,0.397,0.397,12.13,83.067,66110060.0
1.07,2.0,0.57,0.533,0.556,0.519,0.378,0.379,0.397,0.397,12.14,83.015,66733740.0
1.08,2.0,0.569,0.532,0.555,0.518,0.378,0.379,0.398,0.398,12.15,82.967,67357420.0
1.09,2.0,0.568,0.531,0.554,0.518,0.378,0.38,0.398,0.398,12.16,82.922,67981100.0
1.1,2.0,0.567,0.53,0.553,0.517,0.379,0.38,0.398,0.398,12.17,82.88,68604780.0
1.11,2.0,0.565,0.529,0.552,0.516,0.379,0.38,0.398,0.398,12.17,82.833,69228460.0
1.12,2.0,0.564,0.528,0.551,0.515,0.379,0.38,0.398,0.398,12.17,82.777,69852140.0
1.13,2.0,0.563,0.527,0.55,0.514,0.379,0.38,0.398,0.398,12.16,82.724,70475820.0
1.14,2.0,0.562,0.527,0.549,0.513,0.378,0.38,0.398,0.398,12.16,82.673,71099500.0
1.15,2.0,0.561,0.526,0.548,0.512,0.378,0.38,0.398,0.398,12.16,82.624,71723180.0
1.16,2.0,0.559,0.524,0.546,0.51,0.378,0.38,0.398,0.398,12.15,82.577,72346860.0
1.17,2.0,0.557,0.522,0.544,0.508,0.378,0.38,0.398,0.398,12.15,82.531,72970540.0
1.18,2.0,0.555,0.52,0.542,0.507,0.378,0.379,0.397,0.397,12.15,82.486,73594220.0
1.19,2.0,0.553,0.518,0.54,0.505,0.378,0.379,0.397,0.397,12.14,82.442,74217900.0
1.2,2.0,0.551,0.516,0.538,0.503,0.378,0.379,0.397,0.397,12.14,82.4,74841580.0
1.21,2.0,0.549,0.515,0.536,0.501,0.378,0.379,0.397,0.397,12.14,82.359,75465260.0
1.22,2.0,0.547,0.513,0.534,0.499,0.378,0.379,0.397,0.397,12.13,82.319,76088940.0
1.23,2.0,0.545,0.511,0.532,0.497,0.378,0.379,0.397,0.397,12.13,82.279,76712620.0
1.24,2.0,0.544,0.509,0.53,0.495,0.378,0.379,0.397,0.397,12.12,82.239,77336300.0
1.25,2.0,0.542,0.507,0.528,0.493,0.378,0.379,0.397,0.397,12.12,82.199,77959980.0
1.26,2.0,0.54,0.505,0.526,0.491,0.378,0.379,0.396,0.396,12.12,82.16,78583660.0
1.27,2.0,0.538,0.503,0.524,0.489,0.378,0.379,0.396,0.396,12.11,82.122,79207340.0
1.28,2.0,0.536,0.501,0.522,0.488,0.378,0.379,0.396,0.396,12.11,82.085,79831020.0
1.29,2.0,0.534,0.499,0.52,0.486,0.378,0.379,0.396,0.396,12.1,82.049,80454690.0
1.3,2.0,0.532,0.497,0.519,0.484,0.377,0.379,0.396,0.396,12.1,82.013,81078370.0
1.31,2.0,0.53,0.495,0.517,0.482,0.377,0.379,0.396,0.396,12.1,81.977,81702050.0
1.32,2.0,0.529,0.494,0.515,0.48,0.377,0.379,0.396,0.396,12.09,81.942,82325740.0
1.33,2.0,0.527,0.492,0.514,0.479,0.377,0.378,0.395,0.395,12.09,81.908,82949420.0
1.34,2.0,0.526,0.491,0.512,0.477,0.377,0.378,0.395,0.395,12.08,81.874,83573100.0
1.35,2.0,0.524,0.49,0.511,0.476,0.377,0.378,0.395,0.395,12.08,81.841,84196780.0
1.36,2.0,0.523,0.488,0.51,0.475,0.377,0.378,0.395,0.395,12.07,81.808,84820460.0
1.37,2.0,0.522,0.487,0.509,0.474,0.377,0.378,0.395,0.395,12.07,81.776,85444140.0
1.38,2.0,0.521,0.486,0.508,0.473,0.377,0.378,0.395,0.395,12.07,81.744,86067810.0
1.39,2.0,0.52,0.486,0.507,0.472,0.377,0.378,0.394,0.394,12.06,81.712,86691490.0
1.4,2.0,0.52,0.485,0.506,0.471,0.376,0.378,0.394,0.394,12.06,81.681,87315170.0
1.41,2.0,0.519,0.484,0.505,0.47,0.376,0.378,0.394,0.394,12.05,81.65,87938850.0
1.42,2.0,0.518,0.483,0.505,0.47,0.376,0.377,0.394,0.394,12.05,81.62,88562530.0
1.43,2.0,0.517,0.483,0.504,0.469,0.376,0.377,0.394,0.394,12.05,81.59,89186210.0
1.44,2.0,0.517,0.482,0.503,0.469,0.376,0.377,0.394,0.394,12.04,81.56,89809900.0
1.45,2.0,0.516,0.482,0.503,0.468,0.376,0.377,0.394,0.394,12.03,81.531,90433580.0
1.46,2.0,0.516,0.481,0.503,0.468,0.376,0.377,0.393,0.393,12.02,81.502,91057260.0
1.47,2.0,0.516,0.481,0.502,0.467,0.376,0.377,0.393,0.393,12.01,81.473,91680940.0
1.48,2.0,0.515,0.481,0.502,0.467,0.375,0.377,0.393,0.393,12.0,81.445,92304610.0
1.49,2.0,0.515,0.48,0.502,0.467,0.375,0.377,0.393,0.393,11.99,81.417,92928290.0
1.5,2.0,0.515,0.48,0.502,0.467,0.375,0.376,0.393,0.393,11.98,81.389,93551970.0
1.51,2.0,0.515,0.48,0.501,0.467,0.375,0.376,0.393,0.393,11.97,81.361,94175650.0
1.52,2.0,0.515,0.48,0.501,0.467,0.375,0.376,0.393,0.393,11.96,81.334,94799330.0
1.53,2.0,0.515,0.48,0.501,0.467,0.375,0.376,0.392,0.392,11.95,81.307,95423010.0
1.54,2.0,0.515,0.48,0.502,0.467,0.375,0.376,0.392,0.392,11.94,81.281,96046690.0
1.55,2.0,0.515,0.48,0.502,0.467,0.374,0.376,0.392,0.392,11.93,81.254,96670370.0
1.56,2.0,0.515,0.48,0.502,0.467,0.374,0.376,0.392,0.392,11.92,81.228,97294050.0
1.57,2.0,0.516,0.481,0.502,0.467,0.374,0.375,0.392,0.392,11.91,81.202,97917730.0
1.58,2.0,0.516,0.481,0.503,0.468,0.374,0.375,0.392,0.392,11.9,81.177,98541410.0
1.59,2.0,0.516,0.481,0.503,0.468,0.374,0.375,0.392,0.392,11.89,81.151,99165090.0
1.6,2.0,0.517,0.482,0.503,0.469,0.374,0.375,0.391,0.391,11.88,81.126,99788770.0
1.61,2.0,0.517,0.482,0.504,0.469,0.373,0.375,0.391,0.391,11.87,81.101,100412400.0
1.62,2.0,0.518,0.483,0.504,0.47,0.373,0.375,0.391,0.391,11.86,81.076,101036100.0
1.63,2.0,0.518,0.484,0.505,0.47,0.373,0.374,0.391,0.391,11.85,81.052,101659800.0
1.64,2.0,0.519,0.484,0.506,0.471,0.373,0.374,0.391,0.391,11.84,81.027,102283500.0
1.65,2.0,0.52,0.485,0.507,0.472,0.373,0.374,0.391,0.391,11.83,81.003,102907200.0
1.66,2.0,0.521,0.486,0.507,0.473,0.373,0.374,0.391,0.391,11.82,80.979,103530800.0
1.67,2.0,0.522,0.487,0.508,0.473,0.372,0.374,0.39,0.39,11.81,80.956,104154500.0
1.68,2.0,0.523,0.488,0.509,0.474,0.372,0.373,0.39,0.39,11.8,80.932,104778200.0
1.69,2.0,0.524,0.489,0.51,0.475,0.372,0.373,0.39,0.39,11.79,80.909,105401900.0
1.7,2.0,0.525,0.49,0.511,0.476,0.372,0.373,0.39,0.39,11.78,80.886,106025600.0
1.71,2.0,0.526,0.491,0.512,0.478,0.372,0.373,0.39,0.39,11.77,80.863,106649200.0
1.72,2.0,0.527,0.492,0.514,0.479,0.372,0.373,0.39,0.39,11.76,80.84,107272900.0
1.73,2.0,0.528,0.493,0.515,0.48,0.371,0.373,0.39,0.39,11.75,80.818,107896600.0
1.74,2.0,0.529,0.495,0.516,0.481,0.371,0.372,0.389,0.389,11.74,80.795,108520300.0
1.75,2.0,0.531,0.496,0.518,0.483,0.371,0.372,0.389,0.389,11.73,80.773,109144000.0
1.76,2.0,0.532,0.497,0.519,0.484,0.371,0.372,0.389,0.389,11.72,80.751,109767600.0
1.77,2.0,0.534,0.499,0.52,0.486,0.371,0.372,0.389,0.389,11.71,80.729,110391300.0
1.78,2.0,0.535,0.5,0.522,0.487,0.37,0.372,0.389,0.389,11.7,80.707,111015000.0
1.79,2.0,0.537,0.502,0.524,0.489,0.37,0.371,0.389,0.389,11.69,80.686,111638700.0
1.8,2.0,0.539,0.504,0.525,0.49,0.37,0.371,0.388,0.388,11.68,80.665,112262400.0
1.81,2.0,0.54,0.505,0.527,0.492,0.37,0.371,0.388,0.388,11.67,80.643,112886000.0
1.82,2.0,0.542,0.507,0.529,0.494,0.369,0.371,0.388,0.388,11.66,80.622,113509700.0
1.83,2.0,0.544,0.509,0.531,0.496,0.369,0.37,0.388,0.388,11.65,80.602,114133400.0
1.84,2.0,0.546,0.511,0.533,0.498,0.369,0.37,0.388,0.388,11.64,80.581,114757100.0
1.85,2.0,0.548,0.513,0.535,0.5,0.369,0.37,0.388,0.388,11.63,80.56,115380800.0
1.86,2.0,0.55,0.515,0.537,0.502,0.369,0.37,0.388,0.388,11.62,80.54,116004400.0
1.87,2.0,0.552,0.517,0.539,0.504,0.368,0.37,0.387,0.387,11.61,80.52,116628100.0
1.88,2.0,0.554,0.519,0.541,0.506,0.368,0.369,0.387,0.387,11.6,80.5,117251800.0
1.89,2.0,0.557,0.522,0.543,0.508,0.368,0.369,0.387,0.387,11.59,80.48,117875500.0
1.9,2.0,0.559,0.524,0.546,0.511,0.368,0.369,0.387,0.387,11.58,80.46,118499200.0
1.91,2.0,0.561,0.526,0.548,0.513,0.367,0.369,0.387,0.387,11.57,80.44,119122800.0
1.92,2.0,0.564,0.529,0.551,0.516,0.367,0.368,0.387,0.387,11.56,80.421,119746500.0
1.93,2.0,0.566,0.531,0.553,0.518,0.367,0.368,0.386,0.386,11.55,80.401,120370200.0
1.94,2.0,0.569,0.534,0.556,0.521,0.367,0.368,0.386,0.386,11.54,80.382,120993900.0
1.95,2.0,0.571,0.537,0.558,0.523,0.366,0.368,0.386,0.386,11.53,80.363,121617600.0
1.96,2.0,0.574,0.539,0.561,0.526,0.366,0.367,0.386,0.386,11.52,80.344,122241200.0
1.97,2.0,0.577,0.542,0.564,0.529,0.366,0.367,0.386,0.386,11.51,80.325,122864900.0
1.98,2.0,0.58,0.545,0.567,0.532,0.366,0.367,0.386,0.386,11.5,80.306,123488600.0
1.99,2.0,0.583,0.548,0.569,0.534,0.365,0.367,0.385,0.385,11.49,80.288,124112300.0
2.0,2.0,0.586,0.55,0.572,0.537,0.365,0.366,0.385,0.385,11.48,80.27,124736000.0
2.01,2.0,0.589,0.554,0.576,0.54,0.365,0.366,0.385,0.385,11.47,80.251,125359600.0
2.02,2.0,0.592,0.557,0.579,0.544,0.365,0.366,0.385,0.385,11.46,80.233,125983300.0
2.03,2.0,0.595,0.56,0.582,0.547,0.364,0.366,0.385,0.385,11.45,80.215,126607000.0
2.04,2.0,0.599,0.563,0.586,0.55,0.364,0.365,0.385,0.385,11.44,80.197,127230700.0
2.05,2.0,0.602,0.567,0.589,0.553,0.364,0.365,0.385,0.385,11.43,80.179,127854400.0
2.06,2.0,0.606,0.57,0.593,0.557,0.363,0.365,0.384,0.384,11.42,80.162,128478000.0
2.07,2.0,0.609,0.573,0.596,0.56,0.363,0.364,0.384,0.384,11.41,80.144,129101700.0
2.08,2.0,0.613,0.577,0.6,0.564,0.363,0.364,0.384,0.384,11.4,80.127,129725400.0
2.09,2.0,0.617,0.581,0.604,0.568,0.363,0.364,0.384,0.384,11.39,80.11,130349100.0
2.1,2.0,0.62,0.584,0.607,0.571,0.362,0.364,0.384,0.384,11.38,80.093,130972800.0
2.11,2.0,0.624,0.588,0.611,0.575,0.362,0.363,0.384,0.384,11.37,80.076,131596400.0
2.12,2.0,0.628,0.592,0.615,0.579,0.362,0.363,0.383,0.383,11.36,80.059,132220100.0
2.13,2.0,0.632,0.596,0.619,0.583,0.361,0.363,0.383,0.383,11.35,80.042,132843800.0
2.14,2.0,0.636,0.6,0.623,0.587,0.361,0.362,0.383,0.383,11.34,80.025,133467500.0
2.15,2.0,0.64,0.604,0.627,0.591,0.361,0.362,0.383,0.383,11.33,80.009,134091200.0
2.16,2.0,0.639,0.602,0.626,0.589,0.36,0.361,0.382,0.382,11.3,79.965,134714800.0
2.17,2.0,0.636,0.599,0.623,0.586,0.36,0.361,0.382,0.382,11.28,79.917,135338500.0
2.18,2.0,0.633,0.596,0.62,0.583,0.359,0.36,0.381,0.381,11.25,79.868,135962200.0
2.19,2.0,0.63,0.594,0.618,0.581,0.358,0.36,0.38,0.38,11.23,79.818,136585900.0
2.2,2.0,0.628,0.591,0.615,0.578,0.358,0.359,0.379,0.379,11.2,79.766,137209600.0
2.21,2.0,0.625,0.588,0.612,0.575,0.357,0.358,0.379,0.379,11.17,79.714,137833200.0
2.22,2.0,0.623,0.585,0.61,0.573,0.356,0.358,0.378,0.378,11.14,79.662,138456900.0
2.23,2.0,0.62,0.583,0.607,0.57,0.356,0.357,0.377,0.377,11.12,79.608,139080600.0
2.24,2.0,0.617,0.58,0.605,0.567,0.355,0.356,0.376,0.376,11.09,79.553,139704300.0
2.25,2.0,0.615,0.578,0.602,0.565,0.354,0.356,0.375,0.375,11.06,79.498,140328000.0
2.26,2.0,0.612,0.575,0.6,0.562,0.353,0.355,0.375,0.375,11.03,79.443,140951600.0
2.27,2.0,0.61,0.572,0.597,0.56,0.353,0.354,0.374,0.374,11.0,79.386,141575300.0
2.28,2.0,0.607,0.57,0.595,0.557,0.352,0.353,0.373,0.373,10.97,79.329,142199000.0
2.29,2.0,0.605,0.567,0.592,0.555,0.351,0.353,0.372,0.372,10.94,79.258,142822700.0
2.3,2.0,0.602,0.565,0.59,0.552,0.351,0.352,0.372,0.372,10.92,79.177,143446400.0
2.31,2.0,0.6,0.562,0.587,0.55,0.35,0.352,0.371,0.371,10.9,79.095,144070000.0
2.32,2.0,0.598,0.56,0.585,0.547,0.35,0.351,0.37,0.37,10.87,79.013,144693700.0
2.33,2.0,0.595,0.557,0.583,0.545,0.349,0.35,0.37,0.37,10.85,78.931,145317400.0
2.34,2.0,0.593,0.555,0.58,0.542,0.349,0.35,0.369,0.369,10.82,78.849,145941100.0
2.35,2.0,0.591,0.552,0.578,0.54,0.348,0.349,0.368,0.368,10.8,78.766,146564800.0
2.36,2.0,0.588,0.55,0.576,0.537,0.347,0.349,0.368,0.368,10.77,78.683,147188400.0
2.37,2.0,0.586,0.548,0.574,0.535,0.347,0.348,0.367,0.367,10.75,78.599,147812100.0
2.38,2.0,0.584,0.545,0.571,0.533,0.346,0.348,0.366,0.366,10.72,78.516,148435800.0
2.39,2.0,0.581,0.543,0.569,0.53,0.346,0.347,0.366,0.366,10.7,78.432,149059500.0
2.4,2.0,0.579,0.54,0.567,0.528,0.345,0.346,0.365,0.365,10.67,78.348,149683200.0
2.41,2.0,0.577,0.538,0.565,0.526,0.344,0.346,0.364,0.364,10.65,78.264,150306800.0
2.42,2.0,0.575,0.536,0.562,0.524,0.344,0.345,0.364,0.364,10.62,78.18,150930500.0
2.43,2.0,0.573,0.534,0.56,0.521,0.343,0.345,0.363,0.363,10.6,78.095,151554200.0
2.44,2.0,0.57,0.531,0.558,0.519,0.343,0.344,0.362,0.362,10.57,78.011,152177900.0
2.45,2.0,0.568,0.529,0.556,0.517,0.342,0.343,0.362,0.362,10.55,77.926,152801600.0
2.46,2.0,0.566,0.527,0.554,0.515,0.341,0.343,0.361,0.361,10.52,77.841,153425200.0
2.47,2.0,0.564,0.525,0.552,0.513,0.341,0.342,0.36,0.36,10.5,77.756,154048900.0
2.48,2.0,0.562,0.523,0.55,0.511,0.34,0.341,0.36,0.36,10.47,77.672,154672600.0
2.49,2.0,0.56,0.521,0.548,0.509,0.34,0.341,0.359,0.359,10.45,77.587,155296300.0
2.5,2.0,0.558,0.519,0.545,0.507,0.339,0.34,0.358,0.358,10.42,77.502,155920000.0
2.51,2.0,0.556,0.518,0.543,0.505,0.338,0.34,0.357,0.357,10.4,77.417,156543600.0
2.52,2.0,0.554,0.516,0.541,0.503,0.338,0.339,0.357,0.357,10.37,77.332,157167300.0
2.53,2.0,0.551,0.514,0.539,0.502,0.337,0.338,0.356,0.356,10.35,77.247,157791000.0
2.54,2.0,0.549,0.512,0.537,0.5,0.336,0.338,0.355,0.355,10.32,77.162,158414700.0
2.55,2.0,0.547,0.51,0.535,0.498,0.336,0.337,0.355,0.355,10.3,77.077,159038400.0
2.56,2.0,0.545,0.508,0.533,0.496,0.335,0.337,0.354,0.354,10.27,76.993,159662000.0
2.57,2.0,0.543,0.506,0.531,0.494,0.335,0.336,0.353,0.353,10.25,76.908,160285700.0
2.58,2.0,0.541,0.505,0.529,0.493,0.334,0.335,0.353,0.353,10.22,76.823,160909400.0
2.59,2.0,0.54,0.503,0.528,0.491,0.333,0.335,0.352,0.352,10.2,76.739,161533100.0
2.6,2.0,0.538,0.501,0.526,0.489,0.333,0.334,0.351,0.351,10.18,76.654,162156700.0
2.61,2.0,0.536,0.499,0.524,0.487,0.332,0.334,0.351,0.351,10.15,76.57,162780400.0
2.62,2.0,0.534,0.498,0.522,0.486,0.332,0.333,0.35,0.35,10.13,76.485,163404100.0
2.63,2.0,0.532,0.496,0.52,0.484,0.331,0.332,0.349,0.349,10.1,76.401,164027800.0
2.64,2.0,0.53,0.494,0.518,0.482,0.331,0.332,0.349,0.349,10.08,76.317,164651500.0
2.65,2.0,0.528,0.493,0.516,0.481,0.33,0.331,0.348,0.348,10.05,76.233,165275200.0
2.66,2.0,0.526,0.491,0.514,0.479,0.329,0.331,0.348,0.348,10.03,76.149,165898800.0
2.67,2.0,0.524,0.489,0.513,0.477,0.329,0.33,0.347,0.347,10.01,76.065,166522500.0
2.68,2.0,0.523,0.488,0.511,0.476,0.328,0.329,0.346,0.346,9.98,75.982,167146200.0
2.69,2.0,0.521,0.486,0.509,0.474,0.328,0.329,0.346,0.346,9.96,75.898,167769900.0
2.7,2.0,0.519,0.484,0.507,0.473,0.327,0.328,0.345,0.345,9.93,75.815,168393600.0
2.71,2.0,0.517,0.483,0.505,0.471,0.327,0.328,0.344,0.344,9.91,75.732,169017200.0
2.72,2.0,0.515,0.481,0.504,0.469,0.326,0.327,0.344,0.344,9.89,75.649,169640900.0
2.73,2.0,0.514,0.479,0.502,0.468,0.325,0.327,0.343,0.343,9.86,75.566,170264600.0
2.74,2.0,0.512,0.478,0.5,0.466,0.325,0.326,0.342,0.342,9.84,75.484,170888300.0
2.75,2.0,0.51,0.476,0.498,0.465,0.324,0.325,0.342,0.342,9.82,75.401,171512000.0
2.76,2.0,0.508,0.475,0.497,0.463,0.324,0.325,0.341,0.341,9.79,75.319,172135600.0
2.77,2.0,0.507,0.473,0.495,0.462,0.323,0.324,0.341,0.341,9.77,75.237,172759300.0
2.78,2.0,0.505,0.472,0.493,0.46,0.323,0.324,0.34,0.34,9.75,75.155,173383000.0
2.79,2.0,0.503,0.47,0.492,0.459,0.322,0.323,0.339,0.339,9.72,75.074,174006700.0
2.8,2.0,0.501,0.469,0.49,0.457,0.322,0.323,0.339,0.339,9.7,74.992,174630300.0
2.81,2.0,0.5,0.467,0.488,0.456,0.321,0.322,0.338,0.338,9.68,74.911,175254000.0
2.82,2.0,0.498,0.466,0.487,0.454,0.32,0.322,0.338,0.338,9.66,74.83,175877700.0
2.83,2.0,0.496,0.464,0.485,0.453,0.32,0.321,0.337,0.337,9.63,74.749,176501400.0
2.84,2.0,0.495,0.463,0.483,0.451,0.319,0.32,0.336,0.336,9.61,74.669,177125100.0
2.85,2.0,0.493,0.461,0.482,0.45,0.319,0.32,0.336,0.336,9.59,74.589,177748700.0
2.86,2.0,0.491,0.46,0.48,0.448,0.318,0.319,0.335,0.335,9.57,74.509,178372400.0
2.87,2.0,0.49,0.458,0.478,0.447,0.318,0.319,0.335,0.335,9.54,74.43,178996100.0
2.88,2.0,0.488,0.457,0.477,0.446,0.317,0.318,0.334,0.334,9.52,74.353,179619800.0
2.89,2.0,0.487,0.456,0.475,0.444,0.317,0.318,0.333,0.333,9.5,74.276,180243500.0
2.9,2.0,0.485,0.454,0.474,0.443,0.316,0.317,0.333,0.333,9.48,74.2,180867200.0
2.91,2.0,0.483,0.453,0.472,0.441,0.316,0.317,0.332,0.332,9.46,74.124,181490800.0
2.92,2.0,0.482,0.451,0.471,0.44,0.315,0.316,0.332,0.332,9.43,74.048,182114500.0
2.93,2.0,0.48,0.45,0.469,0.439,0.314,0.315,0.331,0.331,9.41,73.972,182738200.0
2.94,2.0,0.479,0.449,0.468,0.437,0.314,0.315,0.33,0.33,9.39,73.897,183361900.0
2.95,2.0,0.477,0.447,0.466,0.436,0.313,0.314,0.33,0.33,9.37,73.821,183985500.0
2.96,2.0,0.476,0.446,0.465,0.435,0.313,0.314,0.329,0.329,9.35,73.746,184609200.0
2.97,2.0,0.474,0.445,0.463,0.433,0.312,0.313,0.329,0.329,9.33,73.672,185232900.0
2.98,2.0,0.473,0.443,0.462,0.432,0.312,0.313,0.328,0.328,9.31,73.597,185856600.0
2.99,2.0,0.471,0.442,0.46,0.431,0.311,0.312,0.327,0.327,9.29,73.523,186480300.0
3.0,2.0,0.47,0.441,0.459,0.429,0.311,0.312,0.327,0.327,9.26,73.449,187103900.0
3.01,2.0,0.468,0.439,0.457,0.428,0.31,0.311,0.326,0.326,9.24,73.375,187727600.0
3.02,2.0,0.467,0.438,0.456,0.427,0.31,0.311,0.326,0.326,9.22,73.302,188351300.0
3.03,2.0,0.465,0.437,0.454,0.426,0.309,0.31,0.325,0.325,9.2,73.228,188975000.0
3.04,2.0,0.464,0.435,0.453,0.424,0.309,0.31,0.325,0.325,9.18,73.156,189598700.0
3.05,2.0,0.463,0.434,0.452,0.423,0.308,0.309,0.324,0.324,9.16,73.083,190222300.0
3.06,2.0,0.461,0.433,0.45,0.422,0.308,0.309,0.323,0.323,9.14,73.011,190846000.0
3.07,2.0,0.46,0.431,0.449,0.42,0.307,0.308,0.323,0.323,9.12,72.938,191469700.0
3.08,2.0,0.459,0.43,0.448,0.419,0.306,0.307,0.322,0.322,9.1,72.867,192093400.0
3.09,2.0,0.457,0.429,0.446,0.418,0.306,0.307,0.322,0.322,9.08,72.795,192717100.0
3.1,2.0,0.456,0.428,0.445,0.417,0.305,0.306,0.321,0.321,9.06,72.724,193340700.0
3.11,2.0,0.455,0.426,0.444,0.416,0.305,0.306,0.321,0.321,9.04,72.653,193964400.0
3.12,2.0,0.453,0.425,0.442,0.414,0.304,0.305,0.32,0.32,9.02,72.582,194588100.0
3.13,2.0,0.452,0.424,0.441,0.413,0.304,0.305,0.32,0.32,9.0,72.511,195211800.0
3.14,2.0,0.451,0.423,0.44,0.412,0.304,0.304,0.319,0.319,8.98,72.441,195835500.0
3.15,2.0,0.449,0.422,0.438,0.411,0.303,0.304,0.319,0.319,8.96,72.371,196459100.0
3.16,2.0,0.448,0.42,0.437,0.41,0.303,0.303,0.318,0.318,8.94,72.302,197082800.0
3.17,2.0,0.447,0.419,0.436,0.408,0.302,0.303,0.317,0.317,8.92,72.232,197706500.0
3.18,2.0,0.445,0.418,0.435,0.407,0.302,0.303,0.317,0.317,8.9,72.163,198330200.0
3.19,2.0,0.444,0.417,0.433,0.406,0.301,0.302,0.316,0.316,8.89,72.094,198953900.0
3.2,2.0,0.443,0.416,0.432,0.405,0.301,0.302,0.316,0.316,8.87,72.026,199577500.0
3.21,2.0,0.442,0.414,0.431,0.404,0.3,0.301,0.315,0.315,8.85,71.958,200201200.0
3.22,2.0,0.44,0.413,0.43,0.403,0.3,0.301,0.315,0.315,8.83,71.89,200824900.0
3.23,2.0,0.439,0.412,0.428,0.401,0.299,0.3,0.314,0.314,8.81,71.822,201448600.0
3.24,2.0,0.438,0.411,0.427,0.4,0.299,0.3,0.314,0.314,8.79,71.755,202072300.0
3.25,2.0,0.437,0.41,0.426,0.399,0.298,0.299,0.313,0.313,8.77,71.688,202695900.0
3.26,2.0,0.435,0.409,0.425,0.398,0.298,0.299,0.313,0.313,8.75,71.621,203319600.0
3.27,2.0,0.434,0.408,0.424,0.397,0.297,0.298,0.312,0.312,8.74,71.555,203943300.0
3.28,2.0,0.433,0.406,0.422,0.396,0.297,0.298,0.312,0.312,8.72,71.488,204567000.0
3.29,2.0,0.432,0.405,0.421,0.395,0.296,0.297,0.311,0.311,8.7,71.423,205190700.0
3.3,2.0,0.431,0.404,0.42,0.394,0.296,0.297,0.311,0.311,8.68,71.357,205814300.0
3.31,2.0,0.429,0.403,0.419,0.393,0.296,0.297,0.31,0.31,8.66,71.292,206438000.0
3.32,2.0,0.428,0.402,0.418,0.391,0.295,0.296,0.31,0.31,8.65,71.227,207061700.0
3.33,2.0,0.427,0.401,0.416,0.39,0.295,0.296,0.309,0.309,8.63,71.162,207685400.0
3.34,2.0,0.426,0.4,0.415,0.389,0.294,0.295,0.309,0.309,8.61,71.098,208309000.0
3.35,2.0,0.425,0.399,0.414,0.388,0.294,0.295,0.308,0.308,8.59,71.033,208932700.0
3.36,2.0,0.424,0.398,0.413,0.387,0.293,0.294,0.308,0.308,8.57,70.97,209556400.0
3.37,2.0,0.422,0.397,0.412,0.386,0.293,0.294,0.308,0.308,8.56,70.906,210180100.0
3.38,2.0,0.421,0.396,0.411,0.385,0.293,0.293,0.307,0.307,8.54,70.843,210803800.0
3.39,2.0,0.42,0.395,0.41,0.384,0.292,0.293,0.307,0.307,8.52,70.78,211427500.0
3.4,2.0,0.419,0.394,0.409,0.383,0.292,0.293,0.306,0.306,8.5,70.717,212051100.0
3.41,2.0,0.418,0.393,0.407,0.382,0.291,0.292,0.306,0.306,8.49,70.655,212674800.0
3.42,2.0,0.417,0.391,0.406,0.381,0.291,0.292,0.305,0.305,8.47,70.593,213298500.0
3.43,2.0,0.416,0.39,0.405,0.38,0.29,0.291,0.305,0.305,8.45,70.531,213922200.0
3.44,2.0,0.414,0.389,0.404,0.379,0.29,0.291,0.304,0.304,8.44,70.468,214545900.0
3.45,2.0,0.413,0.388,0.403,0.378,0.29,0.291,0.304,0.304,8.42,70.402,215169500.0
3.46,2.0,0.412,0.387,0.402,0.377,0.289,0.29,0.304,0.304,8.41,70.336,215793200.0
3.47,2.0,0.411,0.386,0.401,0.376,0.289,0.29,0.303,0.303,8.39,70.27,216416900.0
3.48,2.0,0.41,0.385,0.4,0.375,0.289,0.29,0.303,0.303,8.37,70.205,217040600.0
3.49,2.0,0.409,0.384,0.399,0.374,0.288,0.289,0.302,0.302,8.36,70.14,217664300.0
3.5,2.0,0.408,0.383,0.398,0.373,0.288,0.289,0.302,0.302,8.34,70.074,218287900.0
3.51,2.0,0.407,0.382,0.397,0.372,0.288,0.288,0.302,0.302,8.33,70.01,218911600.0
3.52,2.0,0.406,0.382,0.396,0.371,0.287,0.288,0.301,0.301,8.31,69.945,219535300.0
3.53,2.0,0.405,0.381,0.394,0.37,0.287,0.288,0.301,0.301,8.3,69.88,220159000.0
3.54,2.0,0.404,0.38,0.393,0.369,0.287,0.287,0.3,0.3,8.28,69.816,220782600.0
3.55,2.0,0.403,0.379,0.392,0.368,0.286,0.287,0.3,0.3,8.27,69.752,221406300.0
3.56,2.0,0.402,0.378,0.391,0.367,0.286,0.287,0.3,0.3,8.25,69.689,222030000.0
3.57,2.0,0.401,0.377,0.39,0.367,0.285,0.286,0.299,0.299,8.24,69.625,222653700.0
3.58,2.0,0.4,0.376,0.389,0.366,0.285,0.286,0.299,0.299,8.22,69.562,223277400.0
3.59,2.0,0.399,0.375,0.388,0.365,0.285,0.286,0.299,0.299,8.21,69.499,223901000.0
3.6,2.0,0.397,0.374,0.387,0.364,0.284,0.285,0.298,0.298,8.2,69.436,224524700.0
3.61,2.0,0.396,0.373,0.386,0.363,0.284,0.285,0.298,0.298,8.19,69.373,225148400.0
3.62,2.0,0.395,0.372,0.385,0.362,0.284,0.285,0.297,0.297,8.18,69.311,225772100.0
3.63,2.0,0.394,0.371,0.384,0.361,0.283,0.284,0.297,0.297,8.17,69.249,226395800.0
3.64,2.0,0.393,0.37,0.383,0.36,0.283,0.284,0.297,0.297,8.16,69.187,227019500.0
3.65,2.0,0.392,0.369,0.382,0.359,0.283,0.284,0.296,0.296,8.15,69.125,227643100.0
3.66,2.0,0.391,0.368,0.381,0.358,0.283,0.283,0.296,0.296,8.15,69.064,228266800.0
3.67,2.0,0.39,0.368,0.38,0.357,0.282,0.283,0.296,0.296,8.14,69.002,228890500.0
3.68,2.0,0.39,0.367,0.379,0.357,0.282,0.283,0.295,0.295,8.13,68.941,229514200.0
3.69,2.0,0.389,0.366,0.378,0.356,0.282,0.282,0.295,0.295,8.12,68.881,230137900.0
3.7,2.0,0.388,0.365,0.378,0.355,0.281,0.282,0.295,0.295,8.11,68.82,230761500.0
3.71,2.0,0.387,0.364,0.377,0.354,0.281,0.282,0.294,0.294,8.1,68.76,231385200.0
3.72,2.0,0.386,0.363,0.376,0.353,0.281,0.281,0.294,0.294,8.1,68.7,232008900.0
3.73,2.0,0.385,0.362,0.375,0.352,0.28,0.281,0.294,0.294,8.09,68.64,232632600.0
3.74,2.0,0.384,0.361,0.374,0.351,0.28,0.281,0.293,0.293,8.08,68.58,233256200.0
3.75,2.0,0.383,0.361,0.373,0.351,0.28,0.281,0.293,0.293,8.07,68.521,233879900.0
3.76,2.0,0.382,0.36,0.372,0.35,0.279,0.28,0.293,0.293,8.06,68.462,234503600.0
3.77,2.0,0.381,0.359,0.371,0.349,0.279,0.28,0.292,0.292,8.06,68.403,235127300.0
3.78,2.0,0.38,0.358,0.37,0.348,0.279,0.28,0.292,0.292,8.05,68.344,235751000.0
3.79,2.0,0.379,0.357,0.369,0.347,0.279,0.279,0.292,0.292,8.04,68.286,236374600.0
3.8,2.0,0.378,0.356,0.368,0.346,0.278,0.279,0.291,0.291,8.03,68.227,236998300.0
3.81,2.0,0.377,0.356,0.367,0.346,0.278,0.279,0.291,0.291,8.02,68.169,237622000.0
3.82,2.0,0.376,0.355,0.366,0.345,0.278,0.278,0.291,0.291,8.02,68.112,238245700.0
3.83,2.0,0.375,0.354,0.365,0.344,0.277,0.278,0.29,0.29,8.01,68.054,238869400.0
3.84,2.0,0.374,0.353,0.365,0.343,0.277,0.278,0.29,0.29,8.0,67.997,239493000.0
3.85,2.0,0.374,0.352,0.364,0.342,0.277,0.278,0.29,0.29,7.99,67.94,240116700.0
3.86,2.0,0.373,0.352,0.363,0.342,0.277,0.277,0.289,0.289,7.99,67.883,240740400.0
3.87,2.0,0.372,0.351,0.362,0.341,0.276,0.277,0.289,0.289,7.98,67.826,241364100.0
3.88,2.0,0.371,0.35,0.361,0.34,0.276,0.277,0.289,0.289,7.97,67.77,241987800.0
3.89,2.0,0.37,0.349,0.36,0.339,0.276,0.277,0.289,0.289,7.97,67.714,242611500.0
3.9,2.0,0.369,0.348,0.359,0.338,0.276,0.276,0.288,0.288,7.96,67.658,243235100.0
3.91,2.0,0.368,0.347,0.358,0.338,0.275,0.276,0.288,0.288,7.95,67.602,243858800.0
3.92,2.0,0.367,0.347,0.358,0.337,0.275,0.276,0.288,0.288,7.94,67.547,244482500.0
3.93,2.0,0.367,0.346,0.357,0.336,0.275,0.275,0.287,0.287,7.94,67.491,245106200.0
3.94,2.0,0.366,0.345,0.356,0.335,0.275,0.275,0.287,0.287,7.93,67.436,245729800.0
3.95,2.0,0.365,0.344,0.355,0.334,0.274,0.275,0.287,0.287,7.92,67.382,246353500.0
3.96,2.0,0.364,0.343,0.354,0.334,0.274,0.275,0.287,0.287,7.92,67.327,246977200.0
3.97,2.0,0.363,0.343,0.353,0.333,0.274,0.274,0.286,0.286,7.91,67.273,247600900.0
3.98,2.0,0.362,0.342,0.353,0.332,0.273,0.274,0.286,0.286,7.9,67.219,248224600.0
3.99,2.0,0.361,0.341,0.352,0.331,0.273,0.274,0.286,0.286,7.9,67.165,248848200.0
4.0,2.0,0.361,0.34,0.351,0.331,0.273,0.274,0.285,0.285,7.89,67.111,249471900.0
4.01,2.0,0.36,0.34,0.35,0.33,0.273,0.273,0.285,0.285,7.88,67.058,250095600.0
4.02,2.0,0.359,0.339,0.349,0.329,0.273,0.273,0.285,0.285,7.88,67.005,250719300.0
4.03,2.0,0.358,0.338,0.348,0.328,0.272,0.273,0.285,0.285,7.87,66.952,251343000.0
4.04,2.0,0.357,0.337,0.348,0.327,0.272,0.273,0.284,0.284,7.87,66.899,251966600.0
4.05,2.0,0.356,0.336,0.347,0.327,0.272,0.273,0.284,0.284,7.86,66.847,252590300.0
4.06,2.0,0.356,0.336,0.346,0.326,0.272,0.272,0.284,0.284,7.85,66.794,253214000.0
4.07,2.0,0.355,0.335,0.345,0.325,0.271,0.272,0.284,0.284,7.85,66.742,253837700.0
4.08,2.0,0.354,0.334,0.344,0.325,0.271,0.272,0.283,0.283,7.84,66.691,254461400.0
4.09,2.0,0.353,0.333,0.344,0.324,0.271,0.272,0.283,0.283,7.84,66.639,255085000.0
4.1,2.0,0.352,0.333,0.343,0.323,0.271,0.271,0.283,0.283,7.83,66.588,255708700.0
4.11,2.0,0.352,0.332,0.342,0.322,0.27,0.271,0.283,0.283,7.82,66.537,256332400.0
4.12,2.0,0.351,0.331,0.341,0.322,0.27,0.271,0.282,0.282,7.82,66.486,256956100.0
4.13,2.0,0.35,0.331,0.34,0.321,0.27,0.271,0.282,0.282,7.81,66.435,257579800.0
4.14,2.0,0.349,0.33,0.34,0.32,0.27,0.27,0.282,0.282,7.81,66.385,258203400.0
4.15,2.0,0.349,0.329,0.339,0.319,0.27,0.27,0.282,0.282,7.8,66.335,258827100.0
4.16,2.0,0.348,0.328,0.338,0.319,0.269,0.27,0.281,0.281,7.8,66.285,259450800.0
4.17,2.0,0.347,0.328,0.337,0.318,0.269,0.27,0.281,0.281,7.79,66.235,260074500.0
4.18,2.0,0.346,0.327,0.337,0.317,0.269,0.27,0.281,0.281,7.78,66.186,260698100.0
4.19,2.0,0.345,0.326,0.336,0.317,0.269,0.269,0.281,0.281,7.78,66.136,261321800.0
4.2,2.0,0.345,0.326,0.335,0.316,0.268,0.269,0.28,0.28,7.77,66.087,261945500.0
4.21,2.0,0.344,0.325,0.334,0.315,0.268,0.269,0.28,0.28,7.77,66.039,262569200.0
4.22,2.0,0.343,0.324,0.334,0.315,0.268,0.269,0.28,0.28,7.76,65.99,263192900.0
4.23,2.0,0.342,0.323,0.333,0.314,0.268,0.268,0.28,0.28,7.76,65.945,263816600.0
4.24,2.0,0.342,0.323,0.332,0.313,0.267,0.268,0.279,0.279,7.75,65.918,264440200.0
4.25,2.0,0.341,0.322,0.331,0.313,0.267,0.268,0.279,0.279,7.73,65.891,265063900.0
4.26,2.0,0.34,0.321,0.331,0.312,0.267,0.267,0.278,0.278,7.72,65.864,265687600.0
4.27,2.0,0.339,0.321,0.33,0.311,0.266,0.267,0.278,0.278,7.71,65.838,266311300.0
4.28,2.0,0.339,0.32,0.329,0.311,0.266,0.266,0.277,0.277,7.7,65.811,266935000.0
4.29,2.0,0.338,0.319,0.328,0.31,0.265,0.266,0.277,0.277,7.69,65.784,267558600.0
4.3,2.0,0.337,0.319,0.328,0.309,0.265,0.265,0.276,0.276,7.68,65.758,268182300.0
4.31,2.0,0.336,0.318,0.327,0.309,0.264,0.265,0.276,0.276,7.66,65.731,268806000.0
4.32,2.0,0.336,0.317,0.326,0.308,0.264,0.265,0.276,0.276,7.65,65.704,269429700.0
4.33,2.0,0.335,0.317,0.326,0.307,0.264,0.264,0.275,0.275,7.64,65.678,270053300.0
4.34,2.0,0.334,0.316,0.325,0.307,0.263,0.264,0.275,0.275,7.63,65.651,270677100.0
4.35,2.0,0.334,0.315,0.324,0.306,0.263,0.263,0.274,0.274,7.62,65.625,271300700.0
4.36,2.0,0.333,0.315,0.323,0.305,0.262,0.263,0.274,0.274,7.61,65.598,271924400.0
4.37,2.0,0.332,0.314,0.323,0.305,0.262,0.262,0.273,0.273,7.6,65.571,272548100.0
4.38,2.0,0.331,0.313,0.322,0.304,0.261,0.262,0.273,0.273,7.58,65.545,273171700.0
4.39,2.0,0.331,0.313,0.321,0.303,0.261,0.262,0.272,0.272,7.57,65.519,273795400.0
4.4,2.0,0.33,0.312,0.321,0.303,0.261,0.261,0.272,0.272,7.56,65.492,274419100.0
4.41,2.0,0.329,0.311,0.32,0.302,0.26,0.261,0.272,0.272,7.55,65.466,275042800.0
4.42,2.0,0.329,0.311,0.319,0.302,0.26,0.26,0.271,0.271,7.54,65.439,275666500.0
4.43,2.0,0.328,0.31,0.319,0.301,0.259,0.26,0.271,0.271,7.53,65.413,276290100.0
4.44,2.0,0.327,0.31,0.318,0.3,0.259,0.26,0.27,0.27,7.52,65.387,276913800.0
4.45,2.0,0.326,0.309,0.317,0.3,0.259,0.259,0.27,0.27,7.51,65.36,277537500.0
4.46,2.0,0.326,0.308,0.317,0.299,0.258,0.259,0.269,0.269,7.5,65.334,278161200.0
4.47,2.0,0.325,0.308,0.316,0.299,0.258,0.258,0.269,0.269,7.49,65.308,278784900.0
4.48,2.0,0.324,0.307,0.315,0.298,0.257,0.258,0.269,0.269,7.47,65.282,279408500.0
4.49,2.0,0.324,0.307,0.315,0.297,0.257,0.258,0.268,0.268,7.46,65.255,280032200.0
4.5,2.0,0.323,0.306,0.314,0.297,0.257,0.257,0.268,0.268,7.45,65.229,280655900.0
4.51,2.0,0.322,0.305,0.313,0.296,0.256,0.257,0.267,0.267,7.44,65.203,281279600.0
4.52,2.0,0.322,0.305,0.313,0.296,0.256,0.256,0.267,0.267,7.43,65.177,281903300.0
4.53,2.0,0.321,0.304,0.312,0.295,0.255,0.256,0.266,0.266,7.42,65.151,282527000.0
4.54,2.0,0.32,0.304,0.311,0.295,0.255,0.256,0.266,0.266,7.41,65.125,283150600.0
4.55,2.0,0.32,0.303,0.311,0.294,0.255,0.255,0.266,0.266,7.4,65.099,283774300.0
4.56,2.0,0.319,0.302,0.31,0.293,0.254,0.255,0.265,0.265,7.39,65.073,284398000.0
4.57,2.0,0.318,0.302,0.309,0.293,0.254,0.254,0.265,0.265,7.38,65.047,285021700.0
4.58,2.0,0.318,0.301,0.309,0.292,0.253,0.254,0.264,0.264,7.37,65.021,285645300.0
4.59,2.0,0.317,0.301,0.308,0.292,0.253,0.254,0.264,0.264,7.36,64.995,286269000.0
4.6,2.0,0.316,0.3,0.307,0.291,0.253,0.253,0.264,0.264,7.35,64.969,286892700.0
4.61,2.0,0.316,0.3,0.307,0.291,0.252,0.253,0.263,0.263,7.34,64.943,287516400.0
4.62,2.0,0.315,0.299,0.306,0.29,0.252,0.252,0.263,0.263,7.33,64.917,288140100.0
4.63,2.0,0.314,0.298,0.305,0.289,0.251,0.252,0.262,0.262,7.32,64.891,288763700.0
4.64,2.0,0.314,0.298,0.305,0.289,0.251,0.252,0.262,0.262,7.31,64.866,289387400.0
4.65,2.0,0.313,0.297,0.304,0.288,0.251,0.251,0.261,0.261,7.3,64.84,290011100.0
4.66,2.0,0.313,0.297,0.304,0.288,0.25,0.251,0.261,0.261,7.29,64.814,290634800.0
4.67,2.0,0.312,0.296,0.303,0.287,0.25,0.25,0.261,0.261,7.28,64.788,291258500.0
4.68,2.0,0.311,0.296,0.302,0.287,0.25,0.25,0.26,0.26,7.27,64.763,291882100.0
4.69,2.0,0.311,0.295,0.302,0.286,0.249,0.25,0.26,0.26,7.26,64.737,292505800.0
4.7,2.0,0.31,0.294,0.301,0.286,0.249,0.249,0.259,0.259,7.25,64.711,293129500.0
4.71,2.0,0.309,0.294,0.301,0.285,0.248,0.249,0.259,0.259,7.24,64.686,293753200.0
4.72,2.0,0.309,0.293,0.3,0.285,0.248,0.249,0.259,0.259,7.23,64.66,294376900.0
4.73,2.0,0.308,0.293,0.299,0.284,0.248,0.248,0.258,0.258,7.22,64.634,295000500.0
4.74,2.0,0.308,0.292,0.299,0.283,0.247,0.248,0.258,0.258,7.21,64.609,295624200.0
4.75,2.0,0.307,0.292,0.298,0.283,0.247,0.247,0.258,0.258,7.2,64.583,296247900.0
4.76,2.0,0.306,0.291,0.297,0.282,0.247,0.247,0.257,0.257,7.19,64.558,296871600.0
4.77,2.0,0.306,0.291,0.297,0.282,0.246,0.247,0.257,0.257,7.18,64.532,297495300.0
4.78,2.0,0.305,0.29,0.296,0.281,0.246,0.246,0.256,0.256,7.17,64.507,298118900.0
4.79,2.0,0.304,0.29,0.296,0.281,0.245,0.246,0.256,0.256,7.16,64.481,298742600.0
4.8,2.0,0.304,0.289,0.295,0.28,0.245,0.246,0.256,0.256,7.15,64.456,299366300.0
4.81,2.0,0.303,0.289,0.295,0.28,0.245,0.245,0.255,0.255,7.14,64.431,299990000.0
4.82,2.0,0.303,0.288,0.294,0.279,0.244,0.245,0.255,0.255,7.13,64.405,300613700.0
4.83,2.0,0.302,0.287,0.293,0.279,0.244,0.245,0.254,0.254,7.12,64.38,301237300.0
4.84,2.0,0.301,0.287,0.293,0.278,0.244,0.244,0.254,0.254,7.11,64.355,301861000.0
4.85,2.0,0.301,0.286,0.292,0.278,0.243,0.244,0.254,0.254,7.1,64.33,302484700.0
4.86,2.0,0.3,0.286,0.292,0.277,0.243,0.243,0.253,0.253,7.09,64.304,303108400.0
4.87,2.0,0.3,0.285,0.291,0.277,0.243,0.243,0.253,0.253,7.08,64.279,303732100.0
4.88,2.0,0.299,0.285,0.29,0.276,0.242,0.243,0.253,0.253,7.07,64.254,304355700.0
4.89,2.0,0.298,0.284,0.29,0.276,0.242,0.242,0.252,0.252,7.06,64.229,304979400.0
4.9,2.0,0.298,0.284,0.289,0.275,0.242,0.242,0.252,0.252,7.05,64.204,305603100.0
4.91,2.0,0.297,0.283,0.289,0.275,0.241,0.242,0.251,0.251,7.04,64.178,306226800.0
4.92,2.0,0.297,0.283,0.288,0.274,0.241,0.241,0.251,0.251,7.03,64.153,306850500.0
4.93,2.0,0.296,0.282,0.288,0.274,0.24,0.241,0.251,0.251,7.03,64.128,307474100.0
4.94,2.0,0.296,0.282,0.287,0.273,0.24,0.241,0.25,0.25,7.02,64.103,308097800.0
4.95,2.0,0.295,0.281,0.286,0.273,0.24,0.24,0.25,0.25,7.01,64.078,308721500.0
4.96,2.0,0.294,0.281,0.286,0.272,0.239,0.24,0.25,0.25,7.0,64.053,309345200.0
4.97,2.0,0.294,0.28,0.285,0.272,0.239,0.24,0.249,0.249,6.99,64.028,309968800.0
4.98,2.0,0.293,0.28,0.285,0.271,0.239,0.239,0.249,0.249,6.98,64.003,310592500.0
4.99,2.0,0.293,0.279,0.284,0.271,0.238,0.239,0.248,0.248,6.97,63.979,311216200.0
5.0,2.0,0.292,0.279,0.284,0.27,0.238,0.239,0.248,0.248,6.96,63.954,311839900.0
0.01,3.0,0.436,0.424,0.397,0.384,0.738,0.739,0.76,0.76,14.9,83.077,623680.0
0.02,3.0,0.444,0.431,0.405,0.392,0.738,0.739,0.76,0.76,14.9,83.077,1247360.0
0.03,3.0,0.435,0.422,0.396,0.383,0.739,0.739,0.76,0.76,14.9,83.077,1871039.0
0.04,3.0,0.425,0.413,0.386,0.373,0.739,0.74,0.76,0.76,14.9,83.077,2494719.0
0.05,3.0,0.417,0.404,0.378,0.365,0.74,0.74,0.76,0.76,14.9,83.077,3118399.0
0.06,3.0,0.414,0.402,0.375,0.362,0.74,0.74,0.76,0.76,14.9,83.077,3742079.0
0.07,3.0,0.413,0.4,0.373,0.36,0.74,0.74,0.76,0.76,14.9,83.077,4365758.0
0.08,3.0,0.411,0.398,0.371,0.358,0.74,0.741,0.76,0.76,14.9,83.077,4989438.0
0.09,3.0,0.409,0.396,0.369,0.356,0.74,0.741,0.76,0.76,14.9,83.077,5613118.0
0.1,3.0,0.408,0.395,0.368,0.356,0.74,0.741,0.76,0.76,14.9,83.077,6236798.0
0.11,3.0,0.408,0.395,0.368,0.355,0.74,0.741,0.76,0.76,14.9,83.077,6860478.0
0.12,3.0,0.408,0.395,0.368,0.355,0.74,0.741,0.76,0.76,14.9,83.077,7484158.0
0.13,3.0,0.408,0.395,0.368,0.355,0.74,0.741,0.76,0.76,14.9,83.077,8107837.0
0.14,3.0,0.408,0.395,0.368,0.355,0.74,0.741,0.76,0.76,14.9,83.077,8731517.0
0.15,3.0,0.408,0.395,0.368,0.355,0.74,0.741,0.76,0.76,14.9,83.077,9355197.0
0.16,3.0,0.408,0.395,0.368,0.355,0.74,0.741,0.76,0.76,14.9,83.077,9978877.0
0.17,3.0,0.407,0.395,0.368,0.355,0.74,0.741,0.76,0.76,14.9,83.077,10602560.0
0.18,3.0,0.407,0.395,0.368,0.355,0.74,0.741,0.76,0.76,14.9,83.077,11226240.0
0.19,3.0,0.407,0.395,0.368,0.355,0.74,0.741,0.76,0.76,14.9,83.077,11849920.0
0.2,3.0,0.407,0.394,0.368,0.355,0.74,0.741,0.76,0.76,14.9,83.077,12473600.0
0.21,3.0,0.407,0.394,0.368,0.355,0.74,0.741,0.76,0.76,14.9,83.077,13097280.0
0.22,3.0,0.407,0.394,0.368,0.355,0.74,0.741,0.76,0.76,14.9,83.077,13720960.0
0.23,3.0,0.407,0.394,0.368,0.355,0.74,0.741,0.76,0.76,14.9,83.077,14344640.0
0.24,3.0,0.407,0.394,0.368,0.355,0.74,0.741,0.76,0.76,14.9,83.077,14968320.0
0.25,3.0,0.407,0.394,0.368,0.355,0.74,0.741,0.76,0.76,14.9,83.077,15592000.0
0.26,3.0,0.407,0.394,0.368,0.355,0.74,0.741,0.76,0.76,14.9,83.077,16215670.0
0.27,3.0,0.407,0.395,0.368,0.355,0.74,0.741,0.76,0.76,14.9,83.077,16839360.0
0.28,3.0,0.408,0.395,0.368,0.355,0.74,0.741,0.76,0.76,14.9,83.077,17463030.0
0.29,3.0,0.408,0.395,0.368,0.355,0.74,0.741,0.76,0.76,14.9,83.077,18086710.0
0.3,3.0,0.408,0.395,0.368,0.356,0.74,0.741,0.76,0.76,14.9,83.077,18710390.0
0.31,3.0,0.408,0.395,0.369,0.356,0.74,0.741,0.76,0.76,14.9,83.077,19334070.0
0.32,3.0,0.408,0.395,0.369,0.356,0.74,0.741,0.76,0.76,14.9,83.077,19957750.0
0.33,3.0,0.408,0.395,0.369,0.356,0.74,0.741,0.76,0.76,14.9,83.077,20581430.0
0.34,3.0,0.408,0.395,0.369,0.356,0.74,0.741,0.76,0.76,14.9,83.077,21205110.0
0.35,3.0,0.408,0.395,0.369,0.356,0.74,0.741,0.76,0.76,14.9,83.077,21828790.0
0.36,3.0,0.408,0.396,0.369,0.356,0.74,0.741,0.76,0.76,14.9,83.077,22452470.0
0.37,3.0,0.409,0.396,0.369,0.356,0.74,0.741,0.76,0.76,14.9,83.077,23076150.0
0.38,3.0,0.409,0.396,0.369,0.356,0.74,0.741,0.76,0.76,14.9,83.077,23699830.0
0.39,3.0,0.409,0.396,0.369,0.357,0.74,0.741,0.76,0.76,14.9,83.077,24323510.0
0.4,3.0,0.409,0.396,0.37,0.357,0.74,0.741,0.76,0.76,14.9,83.077,24947190.0
0.41,3.0,0.409,0.396,0.37,0.357,0.74,0.741,0.76,0.76,14.9,83.077,25570870.0
0.42,3.0,0.409,0.396,0.37,0.357,0.74,0.741,0.76,0.76,14.9,83.077,26194550.0
0.43,3.0,0.409,0.396,0.37,0.357,0.74,0.741,0.76,0.76,14.9,83.077,26818230.0
0.44,3.0,0.409,0.396,0.37,0.357,0.74,0.741,0.76,0.76,14.9,83.077,27441910.0
0.45,3.0,0.409,0.397,0.37,0.357,0.74,0.741,0.76,0.76,14.9,83.077,28065590.0
0.46,3.0,0.41,0.397,0.37,0.357,0.74,0.741,0.76,0.76,14.9,83.077,28689270.0
0.47,3.0,0.41,0.397,0.37,0.357,0.74,0.741,0.76,0.76,14.9,83.077,29312950.0
0.48,3.0,0.41,0.397,0.37,0.358,0.74,0.741,0.76,0.76,14.9,83.077,29936630.0
0.49,3.0,0.41,0.397,0.371,0.358,0.74,0.741,0.76,0.76,14.9,83.077,30560310.0
0.5,3.0,0.41,0.397,0.371,0.358,0.74,0.741,0.76,0.76,14.9,83.077,31183990.0
0.51,3.0,0.41,0.397,0.371,0.358,0.74,0.741,0.76,0.76,14.9,83.077,31807670.0
0.52,3.0,0.41,0.397,0.371,0.358,0.74,0.741,0.76,0.76,14.9,83.077,32431350.0
0.53,3.0,0.41,0.397,0.371,0.358,0.74,0.741,0.76,0.76,14.9,83.077,33055030.0
0.54,3.0,0.41,0.398,0.371,0.358,0.74,0.741,0.76,0.76,14.9,83.077,33678710.0
0.55,3.0,0.411,0.398,0.371,0.358,0.74,0.741,0.76,0.76,14.9,83.077,34302390.0
0.56,3.0,0.411,0.398,0.371,0.358,0.74,0.741,0.76,0.76,14.9,83.077,34926070.0
0.57,3.0,0.411,0.398,0.372,0.359,0.74,0.741,0.76,0.76,14.9,83.077,35549750.0
0.58,3.0,0.411,0.398,0.372,0.359,0.74,0.74,0.76,0.76,14.9,83.077,36173430.0
0.59,3.0,0.411,0.398,0.372,0.359,0.74,0.741,0.76,0.76,14.9,83.077,36797110.0
0.6,3.0,0.411,0.398,0.372,0.358,0.74,0.741,0.76,0.76,14.9,83.077,37420790.0
0.61,3.0,0.412,0.398,0.372,0.359,0.74,0.741,0.76,0.76,14.9,83.077,38044470.0
0.62,3.0,0.412,0.398,0.373,0.359,0.74,0.741,0.76,0.76,14.9,83.077,38668150.0
0.63,3.0,0.412,0.398,0.373,0.359,0.74,0.74,0.76,0.76,14.9,83.077,39291830.0
0.64,3.0,0.413,0.398,0.373,0.359,0.74,0.74,0.76,0.76,14.9,83.077,39915510.0
0.65,3.0,0.413,0.398,0.374,0.359,0.74,0.74,0.76,0.76,14.9,83.077,40539180.0
0.66,3.0,0.413,0.398,0.374,0.359,0.74,0.74,0.76,0.76,14.9,83.077,41162870.0
0.67,3.0,0.414,0.398,0.374,0.359,0.74,0.74,0.76,0.76,14.9,83.077,41786550.0
0.68,3.0,0.414,0.399,0.375,0.359,0.74,0.74,0.76,0.76,14.9,83.077,42410230.0
0.69,3.0,0.414,0.399,0.375,0.359,0.74,0.74,0.76,0.76,14.9,83.077,43033900.0
0.7,3.0,0.415,0.399,0.376,0.359,0.74,0.74,0.76,0.76,14.9,83.077,43657580.0
0.71,3.0,0.415,0.399,0.376,0.36,0.74,0.74,0.76,0.76,14.9,83.077,44281260.0
0.72,3.0,0.416,0.399,0.376,0.36,0.74,0.74,0.76,0.76,14.9,83.077,44904950.0
0.73,3.0,0.416,0.399,0.377,0.36,0.74,0.74,0.76,0.76,14.9,83.077,45528630.0
0.74,3.0,0.416,0.399,0.377,0.36,0.74,0.74,0.76,0.76,14.9,83.077,46152300.0
0.75,3.0,0.417,0.399,0.377,0.36,0.74,0.74,0.76,0.76,14.9,83.077,46775980.0
0.76,3.0,0.417,0.399,0.378,0.36,0.739,0.74,0.76,0.76,14.9,83.077,47399660.0
0.77,3.0,0.417,0.4,0.378,0.36,0.739,0.74,0.76,0.76,14.9,83.077,48023340.0
0.78,3.0,0.418,0.4,0.379,0.36,0.739,0.74,0.76,0.76,14.9,83.077,48647020.0
0.79,3.0,0.418,0.4,0.379,0.36,0.739,0.74,0.76,0.76,14.9,83.077,49270700.0
0.8,3.0,0.419,0.4,0.379,0.361,0.739,0.74,0.76,0.76,14.9,83.077,49894380.0
0.81,3.0,0.419,0.4,0.38,0.361,0.739,0.74,0.76,0.76,14.9,83.077,50518060.0
0.82,3.0,0.419,0.4,0.38,0.361,0.739,0.74,0.76,0.76,14.9,83.077,51141740.0
0.83,3.0,0.42,0.4,0.38,0.361,0.739,0.74,0.76,0.76,14.9,83.077,51765420.0
0.84,3.0,0.42,0.4,0.381,0.361,0.739,0.74,0.76,0.76,14.9,83.077,52389100.0
0.85,3.0,0.42,0.4,0.381,0.361,0.739,0.74,0.76,0.76,14.9,83.077,53012780.0
0.86,3.0,0.421,0.401,0.382,0.361,0.739,0.74,0.76,0.76,14.9,83.077,53636460.0
0.87,3.0,0.421,0.401,0.382,0.361,0.739,0.74,0.76,0.76,14.9,83.077,54260140.0
0.88,3.0,0.422,0.401,0.382,0.361,0.739,0.74,0.76,0.76,14.9,83.077,54883820.0
0.89,3.0,0.422,0.401,0.383,0.362,0.739,0.74,0.76,0.76,14.9,83.077,55507500.0
0.9,3.0,0.422,0.401,0.383,0.362,0.739,0.74,0.76,0.76,14.9,83.077,56131180.0
0.91,3.0,0.424,0.403,0.386,0.364,0.729,0.731,0.751,0.751,14.72,83.021,56754860.0
0.92,3.0,0.432,0.41,0.393,0.372,0.719,0.72,0.741,0.741,14.53,82.966,57378540.0
0.93,3.0,0.443,0.421,0.406,0.383,0.709,0.71,0.731,0.731,14.35,82.911,58002220.0
0.94,3.0,0.456,0.432,0.418,0.394,0.699,0.7,0.722,0.722,14.16,82.856,58625900.0
0.95,3.0,0.468,0.443,0.431,0.406,0.688,0.69,0.712,0.712,13.98,82.801,59249580.0
0.96,3.0,0.48,0.454,0.444,0.418,0.678,0.679,0.702,0.702,13.79,82.745,59873260.0
0.97,3.0,0.492,0.465,0.457,0.429,0.668,0.669,0.692,0.692,13.6,82.69,60496940.0
0.98,3.0,0.505,0.476,0.47,0.441,0.657,0.659,0.683,0.683,13.42,82.635,61120620.0
0.99,3.0,0.517,0.487,0.482,0.452,0.647,0.648,0.673,0.673,13.23,82.58,61744300.0
1.0,3.0,0.529,0.498,0.495,0.464,0.637,0.638,0.663,0.663,13.05,82.525,62367980.0
1.01,3.0,0.542,0.509,0.508,0.476,0.626,0.628,0.654,0.654,12.86,82.47,62991660.0
1.02,3.0,0.554,0.52,0.521,0.487,0.616,0.618,0.644,0.644,12.68,82.414,63615340.0
1.03,3.0,0.566,0.531,0.534,0.499,0.605,0.607,0.634,0.634,12.49,82.359,64239020.0
1.04,3.0,0.578,0.542,0.546,0.51,0.595,0.597,0.625,0.625,12.31,82.304,64862700.0
1.05,3.0,0.591,0.553,0.559,0.522,0.585,0.587,0.615,0.615,12.12,82.249,65486380.0
1.06,3.0,0.59,0.553,0.558,0.521,0.585,0.587,0.615,0.615,12.13,82.194,66110060.0
1.07,3.0,0.588,0.552,0.557,0.52,0.586,0.588,0.616,0.616,12.14,82.144,66733740.0
1.08,3.0,0.587,0.551,0.556,0.519,0.586,0.588,0.616,0.616,12.15,82.098,67357420.0
1.09,3.0,0.586,0.55,0.555,0.518,0.587,0.589,0.617,0.617,12.16,82.055,67981100.0
1.1,3.0,0.585,0.549,0.554,0.517,0.587,0.589,0.617,0.617,12.17,82.015,68604780.0
1.11,3.0,0.584,0.548,0.553,0.516,0.588,0.589,0.617,0.617,12.17,81.97,69228460.0
1.12,3.0,0.583,0.547,0.552,0.516,0.587,0.589,0.617,0.617,12.17,81.916,69852140.0
1.13,3.0,0.582,0.546,0.551,0.515,0.587,0.589,0.617,0.617,12.16,81.864,70475820.0
1.14,3.0,0.581,0.545,0.55,0.514,0.587,0.589,0.617,0.617,12.16,81.814,71099500.0
1.15,3.0,0.58,0.544,0.548,0.513,0.587,0.589,0.617,0.617,12.16,81.767,71723180.0
1.16,3.0,0.578,0.543,0.546,0.511,0.587,0.589,0.616,0.616,12.15,81.72,72346860.0
1.17,3.0,0.576,0.541,0.545,0.509,0.587,0.589,0.616,0.616,12.15,81.676,72970540.0
1.18,3.0,0.574,0.539,0.543,0.507,0.587,0.589,0.616,0.616,12.15,81.632,73594220.0
1.19,3.0,0.572,0.537,0.541,0.506,0.587,0.589,0.616,0.616,12.14,81.59,74217900.0
1.2,3.0,0.57,0.535,0.539,0.504,0.587,0.588,0.616,0.616,12.14,81.549,74841580.0
1.21,3.0,0.568,0.533,0.537,0.502,0.587,0.588,0.616,0.616,12.14,81.509,75465260.0
1.22,3.0,0.566,0.531,0.535,0.5,0.587,0.588,0.615,0.615,12.13,81.469,76088940.0
1.23,3.0,0.564,0.529,0.533,0.498,0.586,0.588,0.615,0.615,12.13,81.431,76712620.0
1.24,3.0,0.562,0.527,0.531,0.496,0.586,0.588,0.615,0.615,12.12,81.391,77336300.0
1.25,3.0,0.56,0.525,0.529,0.494,0.586,0.588,0.615,0.615,12.12,81.353,77959980.0
1.26,3.0,0.558,0.524,0.527,0.492,0.586,0.588,0.614,0.614,12.12,81.315,78583660.0
1.27,3.0,0.557,0.522,0.525,0.49,0.586,0.588,0.614,0.614,12.11,81.278,79207340.0
1.28,3.0,0.555,0.52,0.523,0.488,0.586,0.588,0.614,0.614,12.11,81.242,79831020.0
1.29,3.0,0.553,0.518,0.521,0.486,0.586,0.588,0.614,0.614,12.1,81.206,80454690.0
1.3,3.0,0.551,0.516,0.519,0.484,0.586,0.587,0.614,0.614,12.1,81.171,81078370.0
1.31,3.0,0.549,0.514,0.518,0.483,0.585,0.587,0.613,0.613,12.1,81.136,81702050.0
1.32,3.0,0.547,0.512,0.516,0.481,0.585,0.587,0.613,0.613,12.09,81.102,82325740.0
1.33,3.0,0.546,0.511,0.514,0.479,0.585,0.587,0.613,0.613,12.09,81.069,82949420.0
1.34,3.0,0.544,0.51,0.513,0.478,0.585,0.587,0.613,0.613,12.08,81.036,83573100.0
1.35,3.0,0.543,0.508,0.512,0.477,0.585,0.587,0.613,0.613,12.08,81.003,84196780.0
1.36,3.0,0.542,0.507,0.511,0.476,0.585,0.587,0.612,0.612,12.07,80.971,84820460.0
1.37,3.0,0.541,0.506,0.51,0.475,0.585,0.586,0.612,0.612,12.07,80.939,85444140.0
1.38,3.0,0.54,0.505,0.509,0.474,0.584,0.586,0.612,0.612,12.07,80.908,86067810.0
1.39,3.0,0.539,0.504,0.508,0.473,0.584,0.586,0.612,0.612,12.06,80.877,86691490.0
1.4,3.0,0.538,0.503,0.507,0.472,0.584,0.586,0.611,0.611,12.06,80.847,87315170.0
1.41,3.0,0.537,0.503,0.506,0.471,0.584,0.586,0.611,0.611,12.05,80.817,87938850.0
1.42,3.0,0.537,0.502,0.505,0.47,0.584,0.586,0.611,0.611,12.05,80.787,88562530.0
1.43,3.0,0.536,0.501,0.505,0.47,0.584,0.585,0.611,0.611,12.05,80.758,89186210.0
1.44,3.0,0.535,0.501,0.504,0.469,0.583,0.585,0.611,0.611,12.04,80.729,89809900.0
1.45,3.0,0.535,0.5,0.504,0.469,0.583,0.585,0.61,0.61,12.03,80.7,90433580.0
1.46,3.0,0.535,0.5,0.503,0.468,0.583,0.585,0.61,0.61,12.02,80.672,91057260.0
1.47,3.0,0.534,0.499,0.503,0.468,0.583,0.585,0.61,0.61,12.01,80.644,91680940.0
1.48,3.0,0.534,0.499,0.503,0.468,0.583,0.584,0.61,0.61,12.0,80.616,92304610.0
1.49,3.0,0.534,0.499,0.502,0.468,0.582,0.584,0.61,0.61,11.99,80.589,92928290.0
1.5,3.0,0.534,0.499,0.502,0.467,0.582,0.584,0.609,0.609,11.98,80.562,93551970.0
1.51,3.0,0.533,0.499,0.502,0.467,0.582,0.584,0.609,0.609,11.97,80.535,94175650.0
1.52,3.0,0.533,0.498,0.502,0.467,0.582,0.584,0.609,0.609,11.96,80.508,94799330.0
1.53,3.0,0.533,0.499,0.502,0.467,0.582,0.583,0.609,0.609,11.95,80.482,95423010.0
1.54,3.0,0.533,0.499,0.502,0.467,0.581,0.583,0.608,0.608,11.94,80.456,96046690.0
1.55,3.0,0.534,0.499,0.502,0.468,0.581,0.583,0.608,0.608,11.93,80.43,96670370.0
1.56,3.0,0.534,0.499,0.503,0.468,0.581,0.583,0.608,0.608,11.92,80.404,97294050.0
1.57,3.0,0.534,0.499,0.503,0.468,0.581,0.582,0.608,0.608,11.91,80.379,97917730.0
1.58,3.0,0.534,0.5,0.503,0.468,0.58,0.582,0.608,0.608,11.9,80.354,98541410.0
1.59,3.0,0.535,0.5,0.504,0.469,0.58,0.582,0.607,0.607,11.89,80.329,99165090.0
1.6,3.0,0.535,0.5,0.504,0.469,0.58,0.582,0.607,0.607,11.88,80.304,99788770.0
1.61,3.0,0.536,0.501,0.505,0.47,0.58,0.581,0.607,0.607,11.87,80.28,100412400.0
1.62,3.0,0.536,0.501,0.505,0.47,0.579,0.581,0.607,0.607,11.86,80.256,101036100.0
1.63,3.0,0.537,0.502,0.506,0.471,0.579,0.581,0.606,0.606,11.85,80.232,101659800.0
1.64,3.0,0.538,0.503,0.507,0.472,0.579,0.581,0.606,0.606,11.84,80.208,102283500.0
1.65,3.0,0.538,0.503,0.507,0.472,0.579,0.58,0.606,0.606,11.83,80.184,102907200.0
1.66,3.0,0.539,0.504,0.508,0.473,0.578,0.58,0.606,0.606,11.82,80.161,103530800.0
1.67,3.0,0.54,0.505,0.509,0.474,0.578,0.58,0.606,0.606,11.81,80.138,104154500.0
1.68,3.0,0.541,0.506,0.51,0.475,0.578,0.58,0.605,0.605,11.8,80.115,104778200.0
1.69,3.0,0.542,0.507,0.511,0.476,0.578,0.579,0.605,0.605,11.79,80.092,105401900.0
1.7,3.0,0.543,0.508,0.512,0.477,0.577,0.579,0.605,0.605,11.78,80.069,106025600.0
1.71,3.0,0.544,0.509,0.513,0.478,0.577,0.579,0.605,0.605,11.77,80.047,106649200.0
1.72,3.0,0.545,0.51,0.514,0.479,0.577,0.579,0.604,0.604,11.76,80.024,107272900.0
1.73,3.0,0.547,0.512,0.516,0.481,0.576,0.578,0.604,0.604,11.75,80.002,107896600.0
1.74,3.0,0.548,0.513,0.517,0.482,0.576,0.578,0.604,0.604,11.74,79.98,108520300.0
1.75,3.0,0.549,0.514,0.518,0.483,0.576,0.578,0.604,0.604,11.73,79.958,109144000.0
1.76,3.0,0.551,0.516,0.52,0.485,0.576,0.577,0.604,0.604,11.72,79.937,109767600.0
1.77,3.0,0.552,0.517,0.521,0.486,0.575,0.577,0.603,0.603,11.71,79.915,110391300.0
1.78,3.0,0.554,0.519,0.523,0.488,0.575,0.577,0.603,0.603,11.7,79.894,111015000.0
1.79,3.0,0.555,0.52,0.524,0.49,0.575,0.576,0.603,0.603,11.69,79.873,111638700.0
1.8,3.0,0.557,0.522,0.526,0.491,0.574,0.576,0.603,0.603,11.68,79.852,112262400.0
1.81,3.0,0.559,0.524,0.528,0.493,0.574,0.576,0.602,0.602,11.67,79.831,112886000.0
1.82,3.0,0.561,0.526,0.53,0.495,0.574,0.575,0.602,0.602,11.66,79.811,113509700.0
1.83,3.0,0.562,0.528,0.532,0.497,0.573,0.575,0.602,0.602,11.65,79.79,114133400.0
1.84,3.0,0.564,0.529,0.534,0.499,0.573,0.575,0.602,0.602,11.64,79.77,114757100.0
1.85,3.0,0.566,0.531,0.536,0.501,0.573,0.574,0.601,0.601,11.63,79.75,115380800.0
1.86,3.0,0.568,0.533,0.538,0.503,0.572,0.574,0.601,0.601,11.62,79.73,116004400.0
1.87,3.0,0.57,0.536,0.54,0.505,0.572,0.574,0.601,0.601,11.61,79.71,116628100.0
1.88,3.0,0.573,0.538,0.542,0.507,0.572,0.573,0.601,0.601,11.6,79.69,117251800.0
1.89,3.0,0.575,0.54,0.544,0.509,0.571,0.573,0.601,0.601,11.59,79.67,117875500.0
1.9,3.0,0.577,0.542,0.547,0.512,0.571,0.573,0.6,0.6,11.58,79.651,118499200.0
1.91,3.0,0.58,0.545,0.549,0.514,0.571,0.572,0.6,0.6,11.57,79.632,119122800.0
1.92,3.0,0.582,0.547,0.551,0.516,0.57,0.572,0.6,0.6,11.56,79.618,119746500.0
1.93,3.0,0.584,0.55,0.554,0.519,0.569,0.571,0.599,0.599,11.55,79.606,120370200.0
1.94,3.0,0.587,0.552,0.556,0.522,0.569,0.571,0.599,0.599,11.54,79.593,120993900.0
1.95,3.0,0.59,0.555,0.559,0.524,0.568,0.57,0.598,0.598,11.53,79.581,121617600.0
1.96,3.0,0.592,0.557,0.562,0.527,0.568,0.57,0.598,0.598,11.52,79.569,122241200.0
1.97,3.0,0.595,0.56,0.565,0.53,0.567,0.569,0.598,0.598,11.51,79.557,122864900.0
1.98,3.0,0.598,0.563,0.567,0.532,0.567,0.569,0.597,0.597,11.5,79.545,123488600.0
1.99,3.0,0.601,0.566,0.57,0.535,0.566,0.568,0.597,0.597,11.49,79.533,124112300.0
2.0,3.0,0.604,0.569,0.573,0.538,0.566,0.567,0.596,0.596,11.48,79.522,124736000.0
2.01,3.0,0.607,0.572,0.577,0.541,0.565,0.567,0.596,0.596,11.47,79.51,125359600.0
2.02,3.0,0.61,0.575,0.58,0.544,0.564,0.566,0.596,0.596,11.46,79.499,125983300.0
2.03,3.0,0.613,0.578,0.583,0.548,0.564,0.566,0.595,0.595,11.45,79.487,126607000.0
2.04,3.0,0.617,0.581,0.586,0.551,0.563,0.565,0.595,0.595,11.44,79.476,127230700.0
2.05,3.0,0.62,0.585,0.59,0.554,0.563,0.565,0.594,0.594,11.43,79.465,127854400.0
2.06,3.0,0.624,0.588,0.593,0.558,0.562,0.564,0.594,0.594,11.42,79.454,128478000.0
2.07,3.0,0.627,0.592,0.597,0.561,0.562,0.563,0.594,0.594,11.41,79.444,129101700.0
2.08,3.0,0.631,0.595,0.601,0.565,0.561,0.563,0.593,0.593,11.4,79.433,129725400.0
2.09,3.0,0.635,0.599,0.604,0.568,0.56,0.562,0.593,0.593,11.39,79.422,130349100.0
2.1,3.0,0.638,0.602,0.608,0.572,0.56,0.562,0.592,0.592,11.38,79.412,130972800.0
2.11,3.0,0.642,0.606,0.612,0.576,0.559,0.561,0.592,0.592,11.37,79.402,131596400.0
2.12,3.0,0.646,0.61,0.616,0.58,0.558,0.56,0.592,0.592,11.36,79.391,132220100.0
2.13,3.0,0.65,0.614,0.62,0.584,0.558,0.56,0.591,0.591,11.35,79.381,132843800.0
2.14,3.0,0.654,0.618,0.624,0.588,0.557,0.559,0.591,0.591,11.34,79.371,133467500.0
2.15,3.0,0.658,0.622,0.628,0.592,0.557,0.558,0.59,0.59,11.33,79.362,134091200.0
2.16,3.0,0.657,0.62,0.627,0.59,0.556,0.558,0.589,0.589,11.3,79.325,134714800.0
2.17,3.0,0.654,0.617,0.624,0.587,0.555,0.556,0.588,0.588,11.28,79.283,135338500.0
2.18,3.0,0.651,0.614,0.621,0.584,0.553,0.555,0.587,0.587,11.25,79.241,135962200.0
2.19,3.0,0.648,0.611,0.619,0.582,0.552,0.554,0.585,0.585,11.23,79.197,136585900.0
2.2,3.0,0.646,0.609,0.616,0.579,0.551,0.553,0.584,0.584,11.2,79.153,137209600.0
2.21,3.0,0.643,0.606,0.613,0.576,0.55,0.552,0.583,0.583,11.17,79.107,137833200.0
2.22,3.0,0.64,0.603,0.611,0.574,0.549,0.551,0.582,0.582,11.14,79.061,138456900.0
2.23,3.0,0.638,0.6,0.608,0.571,0.548,0.55,0.58,0.58,11.12,79.014,139080600.0
2.24,3.0,0.635,0.598,0.606,0.568,0.546,0.548,0.579,0.579,11.09,78.966,139704300.0
2.25,3.0,0.632,0.595,0.603,0.566,0.545,0.547,0.577,0.577,11.06,78.918,140328000.0
2.26,3.0,0.63,0.592,0.601,0.563,0.544,0.546,0.576,0.576,11.03,78.869,140951600.0
2.27,3.0,0.627,0.59,0.598,0.56,0.543,0.545,0.575,0.575,11.0,78.819,141575300.0
2.28,3.0,0.625,0.587,0.596,0.558,0.541,0.543,0.573,0.573,10.97,78.769,142199000.0
2.29,3.0,0.622,0.585,0.593,0.555,0.54,0.542,0.572,0.572,10.94,78.705,142822700.0
2.3,3.0,0.62,0.582,0.591,0.553,0.539,0.541,0.571,0.571,10.92,78.631,143446400.0
2.31,3.0,0.617,0.579,0.588,0.55,0.538,0.54,0.57,0.57,10.9,78.557,144070000.0
2.32,3.0,0.615,0.577,0.586,0.548,0.537,0.539,0.569,0.569,10.87,78.483,144693700.0
2.33,3.0,0.613,0.574,0.584,0.545,0.536,0.538,0.568,0.568,10.85,78.408,145317400.0
2.34,3.0,0.61,0.572,0.581,0.543,0.535,0.537,0.566,0.566,10.82,78.333,145941100.0
2.35,3.0,0.608,0.569,0.579,0.541,0.534,0.536,0.565,0.565,10.8,78.258,146564800.0
2.36,3.0,0.605,0.567,0.577,0.538,0.533,0.535,0.564,0.564,10.77,78.182,147188400.0
2.37,3.0,0.603,0.565,0.574,0.536,0.532,0.534,0.563,0.563,10.75,78.106,147812100.0
2.38,3.0,0.601,0.562,0.572,0.534,0.531,0.533,0.562,0.562,10.72,78.03,148435800.0
2.39,3.0,0.598,0.56,0.57,0.531,0.53,0.532,0.56,0.56,10.7,77.953,149059500.0
2.4,3.0,0.596,0.557,0.568,0.529,0.529,0.531,0.559,0.559,10.67,77.877,149683200.0
2.41,3.0,0.594,0.555,0.565,0.527,0.528,0.53,0.558,0.558,10.65,77.8,150306800.0
2.42,3.0,0.592,0.553,0.563,0.524,0.527,0.529,0.557,0.557,10.62,77.723,150930500.0
2.43,3.0,0.589,0.55,0.561,0.522,0.526,0.528,0.556,0.556,10.6,77.646,151554200.0
2.44,3.0,0.587,0.548,0.559,0.52,0.525,0.527,0.555,0.555,10.57,77.569,152177900.0
2.45,3.0,0.585,0.546,0.557,0.518,0.523,0.526,0.553,0.553,10.55,77.491,152801600.0
2.46,3.0,0.583,0.544,0.555,0.516,0.522,0.524,0.552,0.552,10.52,77.414,153425200.0
2.47,3.0,0.581,0.542,0.553,0.514,0.521,0.523,0.551,0.551,10.5,77.336,154048900.0
2.48,3.0,0.578,0.54,0.55,0.512,0.52,0.522,0.55,0.55,10.47,77.259,154672600.0
2.49,3.0,0.576,0.538,0.548,0.51,0.519,0.521,0.549,0.549,10.45,77.181,155296300.0
2.5,3.0,0.574,0.536,0.546,0.508,0.518,0.52,0.547,0.547,10.42,77.103,155920000.0
2.51,3.0,0.572,0.534,0.544,0.506,0.517,0.519,0.546,0.546,10.4,77.026,156543600.0
2.52,3.0,0.57,0.532,0.542,0.504,0.516,0.518,0.545,0.545,10.37,76.948,157167300.0
2.53,3.0,0.568,0.53,0.54,0.502,0.515,0.517,0.544,0.544,10.35,76.87,157791000.0
2.54,3.0,0.566,0.528,0.538,0.501,0.514,0.516,0.543,0.543,10.32,76.792,158414700.0
2.55,3.0,0.564,0.526,0.536,0.499,0.513,0.515,0.542,0.542,10.3,76.715,159038400.0
2.56,3.0,0.562,0.525,0.534,0.497,0.512,0.514,0.54,0.54,10.27,76.637,159662000.0
2.57,3.0,0.56,0.523,0.532,0.495,0.511,0.513,0.539,0.539,10.25,76.559,160285700.0
2.58,3.0,0.558,0.521,0.53,0.493,0.51,0.511,0.538,0.538,10.22,76.482,160909400.0
2.59,3.0,0.556,0.519,0.528,0.492,0.508,0.51,0.537,0.537,10.2,76.404,161533100.0
2.6,3.0,0.554,0.517,0.526,0.49,0.507,0.509,0.536,0.536,10.18,76.327,162156700.0
2.61,3.0,0.552,0.516,0.525,0.488,0.506,0.508,0.535,0.535,10.15,76.249,162780400.0
2.62,3.0,0.55,0.514,0.523,0.487,0.505,0.507,0.533,0.533,10.13,76.172,163404100.0
2.63,3.0,0.548,0.512,0.521,0.485,0.504,0.506,0.532,0.532,10.1,76.094,164027800.0
2.64,3.0,0.546,0.51,0.519,0.483,0.503,0.505,0.531,0.531,10.08,76.017,164651500.0
2.65,3.0,0.544,0.509,0.517,0.481,0.502,0.504,0.53,0.53,10.05,75.94,165275200.0
2.66,3.0,0.542,0.507,0.515,0.48,0.501,0.503,0.529,0.529,10.03,75.863,165898800.0
2.67,3.0,0.54,0.505,0.513,0.478,0.5,0.502,0.528,0.528,10.01,75.786,166522500.0
2.68,3.0,0.538,0.503,0.512,0.477,0.499,0.501,0.527,0.527,9.98,75.71,167146200.0
2.69,3.0,0.537,0.502,0.51,0.475,0.498,0.5,0.525,0.525,9.96,75.633,167769900.0
2.7,3.0,0.535,0.5,0.508,0.473,0.497,0.499,0.524,0.524,9.93,75.556,168393600.0
2.71,3.0,0.533,0.498,0.506,0.472,0.496,0.498,0.523,0.523,9.91,75.48,169017200.0
2.72,3.0,0.531,0.497,0.504,0.47,0.495,0.497,0.522,0.522,9.89,75.404,169640900.0
2.73,3.0,0.529,0.495,0.503,0.469,0.494,0.496,0.521,0.521,9.86,75.328,170264600.0
2.74,3.0,0.527,0.494,0.501,0.467,0.493,0.495,0.52,0.52,9.84,75.252,170888300.0
2.75,3.0,0.526,0.492,0.499,0.465,0.492,0.494,0.519,0.519,9.82,75.176,171512000.0
2.76,3.0,0.524,0.49,0.497,0.464,0.491,0.493,0.518,0.518,9.79,75.101,172135600.0
2.77,3.0,0.522,0.489,0.496,0.462,0.49,0.492,0.517,0.517,9.77,75.025,172759300.0
2.78,3.0,0.52,0.487,0.494,0.461,0.489,0.491,0.516,0.516,9.75,74.95,173383000.0
2.79,3.0,0.519,0.486,0.492,0.459,0.488,0.49,0.515,0.515,9.72,74.875,174006700.0
2.8,3.0,0.517,0.484,0.491,0.458,0.487,0.489,0.513,0.513,9.7,74.8,174630300.0
2.81,3.0,0.515,0.483,0.489,0.456,0.486,0.488,0.512,0.512,9.68,74.725,175254000.0
2.82,3.0,0.513,0.481,0.487,0.455,0.485,0.487,0.511,0.511,9.66,74.651,175877700.0
2.83,3.0,0.512,0.479,0.486,0.453,0.484,0.486,0.51,0.51,9.63,74.576,176501400.0
2.84,3.0,0.51,0.478,0.484,0.452,0.483,0.485,0.509,0.509,9.61,74.502,177125100.0
2.85,3.0,0.508,0.476,0.482,0.45,0.482,0.484,0.508,0.508,9.59,74.428,177748700.0
2.86,3.0,0.507,0.475,0.481,0.449,0.481,0.483,0.507,0.507,9.57,74.355,178372400.0
2.87,3.0,0.505,0.474,0.479,0.448,0.48,0.482,0.506,0.506,9.54,74.281,178996100.0
2.88,3.0,0.503,0.472,0.478,0.446,0.479,0.481,0.505,0.505,9.52,74.208,179619800.0
2.89,3.0,0.502,0.471,0.476,0.445,0.478,0.48,0.504,0.504,9.5,74.135,180243500.0
2.9,3.0,0.5,0.469,0.474,0.443,0.478,0.479,0.503,0.503,9.48,74.062,180867200.0
2.91,3.0,0.499,0.468,0.473,0.442,0.477,0.478,0.502,0.502,9.46,73.99,181490800.0
2.92,3.0,0.497,0.466,0.471,0.441,0.476,0.477,0.501,0.501,9.43,73.917,182114500.0
2.93,3.0,0.495,0.465,0.47,0.439,0.475,0.476,0.5,0.5,9.41,73.845,182738200.0
2.94,3.0,0.494,0.463,0.468,0.438,0.474,0.475,0.499,0.499,9.39,73.773,183361900.0
2.95,3.0,0.492,0.462,0.467,0.437,0.473,0.475,0.498,0.498,9.37,73.701,183985500.0
2.96,3.0,0.491,0.461,0.465,0.435,0.472,0.474,0.497,0.497,9.35,73.63,184609200.0
2.97,3.0,0.489,0.459,0.464,0.434,0.471,0.473,0.496,0.496,9.33,73.559,185232900.0
2.98,3.0,0.488,0.458,0.462,0.433,0.47,0.472,0.495,0.495,9.31,73.488,185856600.0
2.99,3.0,0.486,0.457,0.461,0.431,0.469,0.471,0.494,0.494,9.29,73.417,186480300.0
3.0,3.0,0.484,0.455,0.459,0.43,0.468,0.47,0.493,0.493,9.26,73.346,187103900.0
3.01,3.0,0.483,0.454,0.458,0.429,0.468,0.469,0.492,0.492,9.24,73.276,187727600.0
3.02,3.0,0.482,0.453,0.456,0.427,0.467,0.468,0.491,0.491,9.22,73.206,188351300.0
3.03,3.0,0.48,0.451,0.455,0.426,0.466,0.467,0.49,0.49,9.2,73.136,188975000.0
3.04,3.0,0.479,0.45,0.454,0.425,0.465,0.466,0.489,0.489,9.18,73.067,189598700.0
3.05,3.0,0.477,0.449,0.452,0.424,0.464,0.466,0.488,0.488,9.16,72.998,190222300.0
3.06,3.0,0.476,0.447,0.451,0.422,0.463,0.465,0.487,0.487,9.14,72.929,190846000.0
3.07,3.0,0.474,0.446,0.45,0.421,0.462,0.464,0.487,0.487,9.12,72.86,191469700.0
3.08,3.0,0.473,0.445,0.448,0.42,0.462,0.463,0.486,0.486,9.1,72.791,192093400.0
3.09,3.0,0.472,0.443,0.447,0.419,0.461,0.462,0.485,0.485,9.08,72.723,192717100.0
3.1,3.0,0.47,0.442,0.446,0.417,0.46,0.461,0.484,0.484,9.06,72.655,193340700.0
3.11,3.0,0.469,0.441,0.444,0.416,0.459,0.46,0.483,0.483,9.04,72.587,193964400.0
3.12,3.0,0.468,0.44,0.443,0.415,0.458,0.46,0.482,0.482,9.02,72.52,194588100.0
3.13,3.0,0.466,0.438,0.442,0.414,0.457,0.459,0.481,0.481,9.0,72.453,195211800.0
3.14,3.0,0.465,0.437,0.44,0.413,0.456,0.458,0.48,0.48,8.98,72.386,195835500.0
3.15,3.0,0.464,0.436,0.439,0.411,0.456,0.457,0.479,0.479,8.96,72.319,196459100.0
3.16,3.0,0.462,0.435,0.438,0.41,0.455,0.456,0.478,0.478,8.94,72.253,197082800.0
3.17,3.0,0.461,0.433,0.437,0.409,0.454,0.455,0.478,0.478,8.92,72.187,197706500.0
3.18,3.0,0.46,0.432,0.435,0.408,0.453,0.455,0.477,0.477,8.9,72.121,198330200.0
3.19,3.0,0.458,0.431,0.434,0.407,0.452,0.454,0.476,0.476,8.89,72.055,198953900.0
3.2,3.0,0.457,0.43,0.433,0.405,0.452,0.453,0.475,0.475,8.87,71.99,199577500.0
3.21,3.0,0.456,0.429,0.432,0.404,0.451,0.452,0.474,0.474,8.85,71.925,200201200.0
3.22,3.0,0.454,0.427,0.43,0.403,0.45,0.451,0.473,0.473,8.83,71.86,200824900.0
3.23,3.0,0.453,0.426,0.429,0.402,0.449,0.451,0.472,0.472,8.81,71.796,201448600.0
3.24,3.0,0.452,0.425,0.428,0.401,0.448,0.45,0.471,0.471,8.79,71.731,202072300.0
3.25,3.0,0.451,0.424,0.427,0.4,0.448,0.449,0.471,0.471,8.77,71.667,202695900.0
3.26,3.0,0.449,0.423,0.425,0.399,0.447,0.448,0.47,0.47,8.75,71.604,203319600.0
3.27,3.0,0.448,0.422,0.424,0.398,0.446,0.448,0.469,0.469,8.74,71.54,203943300.0
3.28,3.0,0.447,0.42,0.423,0.396,0.445,0.447,0.468,0.468,8.72,71.477,204567000.0
3.29,3.0,0.446,0.419,0.422,0.395,0.445,0.446,0.467,0.467,8.7,71.414,205190700.0
3.3,3.0,0.444,0.418,0.421,0.394,0.444,0.445,0.466,0.466,8.68,71.352,205814300.0
3.31,3.0,0.443,0.417,0.419,0.393,0.443,0.444,0.466,0.466,8.66,71.289,206438000.0
3.32,3.0,0.442,0.416,0.418,0.392,0.442,0.444,0.465,0.465,8.65,71.227,207061700.0
3.33,3.0,0.441,0.415,0.417,0.391,0.442,0.443,0.464,0.464,8.63,71.166,207685400.0
3.34,3.0,0.44,0.414,0.416,0.39,0.441,0.442,0.463,0.463,8.61,71.104,208309000.0
3.35,3.0,0.438,0.413,0.415,0.389,0.44,0.441,0.462,0.462,8.59,71.043,208932700.0
3.36,3.0,0.437,0.411,0.414,0.388,0.439,0.441,0.462,0.462,8.57,70.982,209556400.0
3.37,3.0,0.436,0.41,0.413,0.387,0.439,0.44,0.461,0.461,8.56,70.922,210180100.0
3.38,3.0,0.435,0.409,0.411,0.386,0.438,0.439,0.46,0.46,8.54,70.861,210803800.0
3.39,3.0,0.434,0.408,0.41,0.385,0.437,0.439,0.459,0.459,8.52,70.801,211427500.0
3.4,3.0,0.433,0.407,0.409,0.384,0.436,0.438,0.458,0.458,8.5,70.741,212051100.0
3.41,3.0,0.431,0.406,0.408,0.383,0.436,0.437,0.458,0.458,8.49,70.682,212674800.0
3.42,3.0,0.43,0.405,0.407,0.382,0.435,0.436,0.457,0.457,8.47,70.623,213298500.0
3.43,3.0,0.429,0.404,0.406,0.381,0.434,0.436,0.456,0.456,8.45,70.564,213922200.0
3.44,3.0,0.428,0.403,0.405,0.38,0.434,0.435,0.456,0.456,8.44,70.504,214545900.0
3.45,3.0,0.427,0.402,0.404,0.379,0.433,0.434,0.455,0.455,8.42,70.44,215169500.0
3.46,3.0,0.426,0.401,0.403,0.378,0.432,0.434,0.454,0.454,8.41,70.377,215793200.0
3.47,3.0,0.425,0.4,0.401,0.377,0.432,0.433,0.453,0.453,8.39,70.314,216416900.0
3.48,3.0,0.424,0.399,0.4,0.376,0.431,0.432,0.453,0.453,8.37,70.251,217040600.0
3.49,3.0,0.422,0.398,0.399,0.375,0.43,0.432,0.452,0.452,8.36,70.189,217664300.0
3.5,3.0,0.421,0.397,0.398,0.374,0.43,0.431,0.451,0.451,8.34,70.126,218287900.0
3.51,3.0,0.42,0.396,0.397,0.373,0.429,0.43,0.451,0.451,8.33,70.064,218911600.0
3.52,3.0,0.419,0.395,0.396,0.372,0.429,0.43,0.45,0.45,8.31,70.002,219535300.0
3.53,3.0,0.418,0.394,0.395,0.371,0.428,0.429,0.449,0.449,8.3,69.94,220159000.0
3.54,3.0,0.417,0.393,0.394,0.37,0.427,0.429,0.449,0.449,8.28,69.879,220782600.0
3.55,3.0,0.416,0.392,0.393,0.369,0.427,0.428,0.448,0.448,8.27,69.817,221406300.0
3.56,3.0,0.415,0.391,0.392,0.368,0.426,0.427,0.447,0.447,8.25,69.756,222030000.0
3.57,3.0,0.414,0.39,0.391,0.367,0.426,0.427,0.447,0.447,8.24,69.695,222653700.0
3.58,3.0,0.413,0.389,0.39,0.366,0.425,0.426,0.446,0.446,8.22,69.635,223277400.0
3.59,3.0,0.412,0.388,0.389,0.365,0.424,0.426,0.445,0.445,8.21,69.574,223901000.0
3.6,3.0,0.411,0.387,0.388,0.364,0.424,0.425,0.445,0.445,8.2,69.514,224524700.0
3.61,3.0,0.41,0.386,0.387,0.363,0.423,0.424,0.444,0.444,8.19,69.454,225148400.0
3.62,3.0,0.409,0.385,0.386,0.362,0.423,0.424,0.443,0.443,8.18,69.394,225772100.0
3.63,3.0,0.408,0.384,0.385,0.362,0.422,0.423,0.443,0.443,8.17,69.334,226395800.0
3.64,3.0,0.407,0.383,0.384,0.361,0.421,0.423,0.442,0.442,8.16,69.274,227019500.0
3.65,3.0,0.406,0.382,0.383,0.36,0.421,0.422,0.441,0.441,8.15,69.215,227643100.0
3.66,3.0,0.405,0.381,0.382,0.359,0.42,0.421,0.441,0.441,8.15,69.156,228266800.0
3.67,3.0,0.403,0.381,0.381,0.358,0.42,0.421,0.44,0.44,8.14,69.097,228890500.0
3.68,3.0,0.402,0.38,0.38,0.357,0.419,0.42,0.44,0.44,8.13,69.039,229514200.0
3.69,3.0,0.402,0.379,0.379,0.356,0.419,0.42,0.439,0.439,8.12,68.98,230137900.0
3.7,3.0,0.401,0.378,0.378,0.355,0.418,0.419,0.438,0.438,8.11,68.922,230761500.0
3.71,3.0,0.4,0.377,0.377,0.355,0.417,0.419,0.438,0.438,8.1,68.864,231385200.0
3.72,3.0,0.399,0.376,0.376,0.354,0.417,0.418,0.437,0.437,8.1,68.806,232008900.0
3.73,3.0,0.398,0.375,0.375,0.353,0.416,0.418,0.437,0.437,8.09,68.749,232632600.0
3.74,3.0,0.397,0.374,0.374,0.352,0.416,0.417,0.436,0.436,8.08,68.691,233256200.0
3.75,3.0,0.396,0.373,0.373,0.351,0.415,0.416,0.435,0.435,8.07,68.634,233879900.0
3.76,3.0,0.395,0.373,0.372,0.35,0.415,0.416,0.435,0.435,8.06,68.577,234503600.0
3.77,3.0,0.394,0.372,0.372,0.349,0.414,0.415,0.434,0.434,8.06,68.52,235127300.0
3.78,3.0,0.393,0.371,0.371,0.349,0.414,0.415,0.434,0.434,8.05,68.464,235751000.0
3.79,3.0,0.392,0.37,0.37,0.348,0.413,0.414,0.433,0.433,8.04,68.408,236374600.0
3.8,3.0,0.391,0.369,0.369,0.347,0.413,0.414,0.433,0.433,8.03,68.352,236998300.0
3.81,3.0,0.39,0.368,0.368,0.346,0.412,0.413,0.432,0.432,8.02,68.296,237622000.0
3.82,3.0,0.389,0.367,0.367,0.345,0.412,0.413,0.431,0.431,8.02,68.24,238245700.0
3.83,3.0,0.388,0.367,0.366,0.345,0.411,0.412,0.431,0.431,8.01,68.185,238869400.0
3.84,3.0,0.387,0.366,0.365,0.344,0.411,0.412,0.43,0.43,8.0,68.129,239493000.0
3.85,3.0,0.386,0.365,0.364,0.343,0.41,0.411,0.43,0.43,7.99,68.074,240116700.0
3.86,3.0,0.385,0.364,0.363,0.342,0.41,0.411,0.429,0.429,7.99,68.02,240740400.0
3.87,3.0,0.384,0.363,0.362,0.341,0.409,0.41,0.429,0.429,7.98,67.965,241364100.0
3.88,3.0,0.384,0.362,0.362,0.341,0.409,0.41,0.428,0.428,7.97,67.911,241987800.0
3.89,3.0,0.383,0.362,0.361,0.34,0.408,0.409,0.428,0.428,7.97,67.856,242611500.0
3.9,3.0,0.382,0.361,0.36,0.339,0.408,0.409,0.427,0.427,7.96,67.803,243235100.0
3.91,3.0,0.381,0.36,0.359,0.338,0.407,0.408,0.427,0.427,7.95,67.749,243858800.0
3.92,3.0,0.38,0.359,0.358,0.337,0.407,0.408,0.426,0.426,7.94,67.695,244482500.0
3.93,3.0,0.379,0.358,0.357,0.336,0.406,0.407,0.425,0.425,7.94,67.642,245106200.0
3.94,3.0,0.378,0.357,0.356,0.336,0.406,0.407,0.425,0.425,7.93,67.589,245729800.0
3.95,3.0,0.377,0.357,0.356,0.335,0.405,0.406,0.424,0.424,7.92,67.536,246353500.0
3.96,3.0,0.376,0.356,0.355,0.334,0.405,0.406,0.424,0.424,7.92,67.483,246977200.0
3.97,3.0,0.376,0.355,0.354,0.333,0.404,0.405,0.423,0.423,7.91,67.431,247600900.0
3.98,3.0,0.375,0.354,0.353,0.333,0.404,0.405,0.423,0.423,7.9,67.379,248224600.0
3.99,3.0,0.374,0.353,0.352,0.332,0.403,0.404,0.422,0.422,7.9,67.327,248848200.0
4.0,3.0,0.373,0.353,0.351,0.331,0.403,0.404,0.422,0.422,7.89,67.275,249471900.0
4.01,3.0,0.372,0.352,0.351,0.33,0.402,0.404,0.421,0.421,7.88,67.223,250095600.0
4.02,3.0,0.371,0.351,0.35,0.33,0.402,0.403,0.421,0.421,7.88,67.172,250719300.0
4.03,3.0,0.37,0.35,0.349,0.329,0.402,0.403,0.42,0.42,7.87,67.121,251343000.0
4.04,3.0,0.37,0.35,0.348,0.328,0.401,0.402,0.42,0.42,7.87,67.07,251966600.0
4.05,3.0,0.369,0.349,0.347,0.327,0.401,0.402,0.419,0.419,7.86,67.019,252590300.0
4.06,3.0,0.368,0.348,0.346,0.326,0.4,0.401,0.419,0.419,7.85,66.969,253214000.0
4.07,3.0,0.367,0.347,0.346,0.326,0.4,0.401,0.418,0.418,7.85,66.918,253837700.0
4.08,3.0,0.366,0.346,0.345,0.325,0.399,0.4,0.418,0.418,7.84,66.868,254461400.0
4.09,3.0,0.365,0.346,0.344,0.324,0.399,0.4,0.417,0.417,7.84,66.818,255085000.0
4.1,3.0,0.365,0.345,0.343,0.324,0.398,0.4,0.417,0.417,7.83,66.769,255708700.0
4.11,3.0,0.364,0.344,0.343,0.323,0.398,0.399,0.417,0.417,7.82,66.719,256332400.0
4.12,3.0,0.363,0.343,0.342,0.322,0.398,0.399,0.416,0.416,7.82,66.67,256956100.0
4.13,3.0,0.362,0.343,0.341,0.321,0.397,0.398,0.416,0.416,7.81,66.621,257579800.0
4.14,3.0,0.361,0.342,0.34,0.321,0.397,0.398,0.415,0.415,7.81,66.572,258203400.0
4.15,3.0,0.361,0.341,0.339,0.32,0.396,0.397,0.415,0.415,7.8,66.523,258827100.0
4.16,3.0,0.36,0.34,0.339,0.319,0.396,0.397,0.414,0.414,7.8,66.475,259450800.0
4.17,3.0,0.359,0.34,0.338,0.319,0.396,0.397,0.414,0.414,7.79,66.427,260074500.0
4.18,3.0,0.358,0.339,0.337,0.318,0.395,0.396,0.413,0.413,7.78,66.379,260698100.0
4.19,3.0,0.357,0.338,0.336,0.317,0.395,0.396,0.413,0.413,7.78,66.331,261321800.0
4.2,3.0,0.357,0.338,0.336,0.316,0.394,0.395,0.412,0.412,7.77,66.284,261945500.0
4.21,3.0,0.356,0.337,0.335,0.316,0.394,0.395,0.412,0.412,7.77,66.236,262569200.0
4.22,3.0,0.355,0.336,0.334,0.315,0.394,0.395,0.412,0.412,7.76,66.189,263192900.0
4.23,3.0,0.354,0.335,0.333,0.314,0.393,0.394,0.411,0.411,7.76,66.146,263816600.0
4.24,3.0,0.354,0.335,0.333,0.314,0.392,0.393,0.41,0.41,7.75,66.121,264440200.0
4.25,3.0,0.353,0.334,0.332,0.313,0.392,0.393,0.409,0.409,7.73,66.096,265063900.0
4.26,3.0,0.352,0.333,0.331,0.312,0.391,0.392,0.409,0.409,7.72,66.071,265687600.0
4.27,3.0,0.351,0.333,0.33,0.312,0.39,0.391,0.408,0.408,7.71,66.047,266311300.0
4.28,3.0,0.351,0.332,0.33,0.311,0.389,0.39,0.407,0.407,7.7,66.022,266935000.0
4.29,3.0,0.35,0.331,0.329,0.31,0.389,0.39,0.406,0.406,7.69,65.997,267558600.0
4.3,3.0,0.349,0.33,0.328,0.31,0.388,0.389,0.406,0.406,7.68,65.972,268182300.0
4.31,3.0,0.348,0.33,0.327,0.309,0.387,0.388,0.405,0.405,7.66,65.948,268806000.0
4.32,3.0,0.347,0.329,0.327,0.308,0.386,0.387,0.404,0.404,7.65,65.923,269429700.0
4.33,3.0,0.347,0.328,0.326,0.308,0.386,0.387,0.403,0.403,7.64,65.898,270053300.0
4.34,3.0,0.346,0.328,0.325,0.307,0.385,0.386,0.403,0.403,7.63,65.874,270677100.0
4.35,3.0,0.345,0.327,0.325,0.306,0.384,0.385,0.402,0.402,7.62,65.849,271300700.0
4.36,3.0,0.344,0.326,0.324,0.306,0.384,0.384,0.401,0.401,7.61,65.825,271924400.0
4.37,3.0,0.344,0.326,0.323,0.305,0.383,0.384,0.4,0.4,7.6,65.8,272548100.0
4.38,3.0,0.343,0.325,0.323,0.304,0.382,0.383,0.4,0.4,7.58,65.776,273171700.0
4.39,3.0,0.342,0.324,0.322,0.304,0.381,0.382,0.399,0.399,7.57,65.751,273795400.0
4.4,3.0,0.342,0.324,0.321,0.303,0.381,0.382,0.398,0.398,7.56,65.727,274419100.0
4.41,3.0,0.341,0.323,0.32,0.303,0.38,0.381,0.397,0.397,7.55,65.702,275042800.0
4.42,3.0,0.34,0.322,0.32,0.302,0.379,0.38,0.397,0.397,7.54,65.678,275666500.0
4.43,3.0,0.339,0.322,0.319,0.301,0.379,0.379,0.396,0.396,7.53,65.653,276290100.0
4.44,3.0,0.339,0.321,0.318,0.301,0.378,0.379,0.395,0.395,7.52,65.629,276913800.0
4.45,3.0,0.338,0.32,0.318,0.3,0.377,0.378,0.394,0.394,7.51,65.605,277537500.0
4.46,3.0,0.337,0.32,0.317,0.3,0.376,0.377,0.394,0.394,7.5,65.58,278161200.0
4.47,3.0,0.337,0.319,0.316,0.299,0.376,0.377,0.393,0.393,7.49,65.556,278784900.0
4.48,3.0,0.336,0.319,0.316,0.298,0.375,0.376,0.392,0.392,7.47,65.532,279408500.0
4.49,3.0,0.335,0.318,0.315,0.298,0.374,0.375,0.391,0.391,7.46,65.507,280032200.0
4.5,3.0,0.334,0.317,0.314,0.297,0.374,0.375,0.391,0.391,7.45,65.483,280655900.0
4.51,3.0,0.334,0.317,0.314,0.297,0.373,0.374,0.39,0.39,7.44,65.459,281279600.0
4.52,3.0,0.333,0.316,0.313,0.296,0.372,0.373,0.389,0.389,7.43,65.434,281903300.0
4.53,3.0,0.332,0.315,0.312,0.296,0.372,0.372,0.388,0.388,7.42,65.41,282527000.0
4.54,3.0,0.332,0.315,0.312,0.295,0.371,0.372,0.388,0.388,7.41,65.386,283150600.0
4.55,3.0,0.331,0.314,0.311,0.294,0.37,0.371,0.387,0.387,7.4,65.362,283774300.0
4.56,3.0,0.33,0.314,0.31,0.294,0.37,0.37,0.386,0.386,7.39,65.338,284398000.0
4.57,3.0,0.33,0.313,0.31,0.293,0.369,0.37,0.386,0.386,7.38,65.314,285021700.0
4.58,3.0,0.329,0.312,0.309,0.293,0.368,0.369,0.385,0.385,7.37,65.289,285645300.0
4.59,3.0,0.328,0.312,0.309,0.292,0.368,0.368,0.384,0.384,7.36,65.265,286269000.0
4.6,3.0,0.328,0.311,0.308,0.292,0.367,0.368,0.383,0.383,7.35,65.241,286892700.0
4.61,3.0,0.327,0.311,0.307,0.291,0.366,0.367,0.383,0.383,7.34,65.217,287516400.0
4.62,3.0,0.326,0.31,0.307,0.29,0.366,0.366,0.382,0.382,7.33,65.193,288140100.0
4.63,3.0,0.325,0.309,0.306,0.29,0.365,0.366,0.381,0.381,7.32,65.169,288763700.0
4.64,3.0,0.325,0.309,0.305,0.289,0.364,0.365,0.381,0.381,7.31,65.145,289387400.0
4.65,3.0,0.324,0.308,0.305,0.289,0.364,0.364,0.38,0.38,7.3,65.121,290011100.0
4.66,3.0,0.324,0.308,0.304,0.288,0.363,0.364,0.379,0.379,7.29,65.097,290634800.0
4.67,3.0,0.323,0.307,0.303,0.288,0.362,0.363,0.379,0.379,7.28,65.073,291258500.0
4.68,3.0,0.322,0.307,0.303,0.287,0.362,0.362,0.378,0.378,7.27,65.049,291882100.0
4.69,3.0,0.322,0.306,0.302,0.287,0.361,0.362,0.377,0.377,7.26,65.025,292505800.0
4.7,3.0,0.321,0.305,0.302,0.286,0.36,0.361,0.377,0.377,7.25,65.002,293129500.0
4.71,3.0,0.32,0.305,0.301,0.286,0.36,0.36,0.376,0.376,7.24,64.978,293753200.0
4.72,3.0,0.32,0.304,0.3,0.285,0.359,0.36,0.375,0.375,7.23,64.954,294376900.0
4.73,3.0,0.319,0.304,0.3,0.284,0.358,0.359,0.374,0.374,7.22,64.93,295000500.0
4.74,3.0,0.318,0.303,0.299,0.284,0.358,0.358,0.374,0.374,7.21,64.906,295624200.0
4.75,3.0,0.318,0.303,0.299,0.283,0.357,0.358,0.373,0.373,7.2,64.882,296247900.0
4.76,3.0,0.317,0.302,0.298,0.283,0.356,0.357,0.372,0.372,7.19,64.859,296871600.0
4.77,3.0,0.316,0.301,0.297,0.282,0.356,0.356,0.372,0.372,7.18,64.835,297495300.0
4.78,3.0,0.316,0.301,0.297,0.282,0.355,0.356,0.371,0.371,7.17,64.81,298118900.0
4.79,3.0,0.315,0.3,0.296,0.281,0.355,0.355,0.371,0.371,7.16,64.782,298742600.0
4.8,3.0,0.315,0.3,0.296,0.281,0.354,0.355,0.37,0.37,7.15,64.755,299366300.0
4.81,3.0,0.314,0.299,0.295,0.28,0.354,0.354,0.37,0.37,7.14,64.727,299990000.0
4.82,3.0,0.313,0.299,0.294,0.28,0.353,0.354,0.369,0.369,7.13,64.7,300613700.0
4.83,3.0,0.313,0.298,0.294,0.279,0.353,0.353,0.369,0.369,7.12,64.672,301237300.0
4.84,3.0,0.312,0.298,0.293,0.279,0.352,0.353,0.368,0.368,7.11,64.645,301861000.0
4.85,3.0,0.311,0.297,0.293,0.278,0.352,0.353,0.368,0.368,7.1,64.617,302484700.0
4.86,3.0,0.311,0.296,0.292,0.278,0.351,0.352,0.367,0.367,7.09,64.59,303108400.0
4.87,3.0,0.31,0.296,0.291,0.277,0.351,0.352,0.367,0.367,7.08,64.563,303732100.0
4.88,3.0,0.31,0.295,0.291,0.277,0.35,0.351,0.366,0.366,7.07,64.535,304355700.0
4.89,3.0,0.309,0.295,0.29,0.276,0.35,0.351,0.366,0.366,7.06,64.508,304979400.0
4.9,3.0,0.308,0.294,0.29,0.276,0.349,0.35,0.365,0.365,7.05,64.481,305603100.0
4.91,3.0,0.308,0.294,0.289,0.275,0.349,0.35,0.365,0.365,7.04,64.454,306226800.0
4.92,3.0,0.307,0.293,0.289,0.275,0.349,0.349,0.364,0.364,7.03,64.426,306850500.0
4.93,3.0,0.307,0.293,0.288,0.274,0.348,0.349,0.364,0.364,7.03,64.399,307474100.0
4.94,3.0,0.306,0.292,0.287,0.274,0.348,0.348,0.363,0.363,7.02,64.372,308097800.0
4.95,3.0,0.305,0.292,0.287,0.273,0.347,0.348,0.363,0.363,7.01,64.345,308721500.0
4.96,3.0,0.305,0.291,0.286,0.273,0.347,0.348,0.362,0.362,7.0,64.318,309345200.0
4.97,3.0,0.304,0.291,0.286,0.272,0.346,0.347,0.362,0.362,6.99,64.291,309968800.0
4.98,3.0,0.304,0.29,0.285,0.272,0.346,0.347,0.361,0.361,6.98,64.264,310592500.0
4.99,3.0,0.303,0.29,0.285,0.271,0.345,0.346,0.361,0.361,6.97,64.237,311216200.0
5.0,3.0,0.303,0.289,0.284,0.271,0.345,0.346,0.36,0.36,6.96,64.21,311839900.0
0.01,4.0,0.47,0.457,0.398,0.385,1.01,1.011,1.04,1.04,14.9,82.389,623680.0
0.02,4.0,0.477,0.464,0.406,0.393,1.009,1.01,1.04,1.04,14.9,82.389,1247360.0
0.03,4.0,0.468,0.455,0.397,0.384,1.01,1.011,1.04,1.04,14.9,82.389,1871039.0
0.04,4.0,0.459,0.446,0.387,0.374,1.011,1.012,1.04,1.04,14.9,82.389,2494719.0
0.05,4.0,0.45,0.437,0.378,0.365,1.011,1.012,1.04,1.04,14.9,82.389,3118399.0
0.06,4.0,0.448,0.435,0.376,0.363,1.012,1.012,1.04,1.04,14.9,82.389,3742079.0
0.07,4.0,0.446,0.433,0.374,0.361,1.012,1.013,1.04,1.04,14.9,82.389,4365758.0
0.08,4.0,0.444,0.431,0.372,0.359,1.012,1.013,1.04,1.04,14.9,82.389,4989438.0
0.09,4.0,0.442,0.429,0.37,0.357,1.012,1.013,1.04,1.04,14.9,82.389,5613118.0
0.1,4.0,0.441,0.428,0.369,0.356,1.012,1.013,1.04,1.04,14.9,82.389,6236798.0
0.11,4.0,0.441,0.428,0.369,0.356,1.012,1.013,1.04,1.04,14.9,82.389,6860478.0
0.12,4.0,0.441,0.428,0.369,0.356,1.012,1.013,1.04,1.04,14.9,82.389,7484158.0
0.13,4.0,0.441,0.428,0.369,0.356,1.012,1.013,1.04,1.04,14.9,82.389,8107837.0
0.14,4.0,0.441,0.428,0.369,0.356,1.012,1.013,1.04,1.04,14.9,82.389,8731517.0
0.15,4.0,0.441,0.428,0.369,0.356,1.012,1.013,1.04,1.04,14.9,82.389,9355197.0
0.16,4.0,0.441,0.428,0.369,0.356,1.012,1.013,1.04,1.04,14.9,82.389,9978877.0
0.17,4.0,0.441,0.428,0.369,0.356,1.012,1.013,1.04,1.04,14.9,82.389,10602560.0
0.18,4.0,0.441,0.428,0.369,0.356,1.012,1.013,1.04,1.04,14.9,82.389,11226240.0
0.19,4.0,0.441,0.428,0.369,0.356,1.012,1.013,1.04,1.04,14.9,82.389,11849920.0
0.2,4.0,0.441,0.428,0.369,0.356,1.012,1.013,1.04,1.04,14.9,82.389,12473600.0
0.21,4.0,0.441,0.428,0.369,0.356,1.012,1.013,1.04,1.04,14.9,82.389,13097280.0
0.22,4.0,0.44,0.428,0.369,0.356,1.012,1.013,1.04,1.04,14.9,82.389,13720960.0
0.23,4.0,0.44,0.428,0.369,0.356,1.012,1.013,1.04,1.04,14.9,82.389,14344640.0
0.24,4.0,0.44,0.427,0.369,0.356,1.012,1.013,1.04,1.04,14.9,82.389,14968320.0
0.25,4.0,0.44,0.427,0.369,0.356,1.012,1.013,1.04,1.04,14.9,82.389,15592000.0
0.26,4.0,0.44,0.428,0.369,0.356,1.012,1.013,1.04,1.04,14.9,82.389,16215670.0
0.27,4.0,0.441,0.428,0.369,0.356,1.012,1.013,1.04,1.04,14.9,82.389,16839360.0
0.28,4.0,0.441,0.428,0.369,0.356,1.012,1.013,1.04,1.04,14.9,82.389,17463030.0
0.29,4.0,0.441,0.428,0.369,0.356,1.012,1.013,1.04,1.04,14.9,82.389,18086710.0
0.3,4.0,0.441,0.428,0.369,0.356,1.012,1.013,1.04,1.04,14.9,82.389,18710390.0
0.31,4.0,0.441,0.428,0.369,0.356,1.012,1.013,1.04,1.04,14.9,82.389,19334070.0
0.32,4.0,0.441,0.428,0.369,0.357,1.012,1.013,1.04,1.04,14.9,82.389,19957750.0
0.33,4.0,0.441,0.428,0.37,0.357,1.012,1.013,1.04,1.04,14.9,82.389,20581430.0
0.34,4.0,0.441,0.428,0.37,0.357,1.012,1.013,1.04,1.04,14.9,82.389,21205110.0
0.35,4.0,0.441,0.429,0.37,0.357,1.012,1.013,1.04,1.04,14.9,82.389,21828790.0
0.36,4.0,0.442,0.429,0.37,0.357,1.012,1.013,1.04,1.04,14.9,82.389,22452470.0
0.37,4.0,0.442,0.429,0.37,0.357,1.012,1.013,1.04,1.04,14.9,82.389,23076150.0
0.38,4.0,0.442,0.429,0.37,0.357,1.012,1.013,1.04,1.04,14.9,82.389,23699830.0
0.39,4.0,0.442,0.429,0.37,0.357,1.012,1.013,1.04,1.04,14.9,82.389,24323510.0
0.4,4.0,0.442,0.429,0.37,0.357,1.012,1.013,1.04,1.04,14.9,82.389,24947190.0
0.41,4.0,0.442,0.429,0.37,0.358,1.012,1.013,1.04,1.04,14.9,82.389,25570870.0
0.42,4.0,0.442,0.429,0.371,0.358,1.012,1.013,1.04,1.04,14.9,82.389,26194550.0
0.43,4.0,0.442,0.429,0.371,0.358,1.012,1.013,1.04,1.04,14.9,82.389,26818230.0
0.44,4.0,0.442,0.43,0.371,0.358,1.012,1.013,1.04,1.04,14.9,82.389,27441910.0
0.45,4.0,0.443,0.43,0.371,0.358,1.012,1.013,1.04,1.04,14.9,82.389,28065590.0
0.46,4.0,0.443,0.43,0.371,0.358,1.012,1.013,1.04,1.04,14.9,82.389,28689270.0
0.47,4.0,0.443,0.43,0.371,0.358,1.012,1.013,1.04,1.04,14.9,82.389,29312950.0
0.48,4.0,0.443,0.43,0.371,0.358,1.012,1.013,1.04,1.04,14.9,82.389,29936630.0
0.49,4.0,0.443,0.43,0.371,0.358,1.012,1.013,1.04,1.04,14.9,82.389,30560310.0
0.5,4.0,0.443,0.43,0.372,0.359,1.012,1.013,1.04,1.04,14.9,82.389,31183990.0
0.51,4.0,0.443,0.43,0.372,0.359,1.012,1.013,1.04,1.04,14.9,82.389,31807670.0
0.52,4.0,0.443,0.43,0.372,0.359,1.012,1.013,1.04,1.04,14.9,82.389,32431350.0
0.53,4.0,0.444,0.431,0.372,0.359,1.012,1.013,1.04,1.04,14.9,82.389,33055030.0
0.54,4.0,0.444,0.431,0.372,0.359,1.012,1.013,1.04,1.04,14.9,82.389,33678710.0
0.55,4.0,0.444,0.431,0.372,0.359,1.012,1.013,1.04,1.04,14.9,82.389,34302390.0
0.56,4.0,0.444,0.431,0.372,0.359,1.012,1.013,1.04,1.04,14.9,82.389,34926070.0
0.57,4.0,0.444,0.431,0.372,0.359,1.012,1.013,1.04,1.04,14.9,82.389,35549750.0
0.58,4.0,0.444,0.431,0.372,0.359,1.012,1.013,1.04,1.04,14.9,82.389,36173430.0
0.59,4.0,0.444,0.431,0.373,0.359,1.012,1.013,1.04,1.04,14.9,82.389,36797110.0
0.6,4.0,0.444,0.431,0.373,0.359,1.012,1.013,1.04,1.04,14.9,82.389,37420790.0
0.61,4.0,0.445,0.431,0.373,0.359,1.012,1.013,1.04,1.04,14.9,82.389,38044470.0
0.62,4.0,0.445,0.431,0.373,0.359,1.012,1.013,1.04,1.04,14.9,82.389,38668150.0
0.63,4.0,0.445,0.431,0.374,0.36,1.012,1.013,1.04,1.04,14.9,82.389,39291830.0
0.64,4.0,0.446,0.431,0.374,0.36,1.012,1.013,1.04,1.04,14.9,82.389,39915510.0
0.65,4.0,0.446,0.431,0.375,0.36,1.012,1.013,1.04,1.04,14.9,82.389,40539180.0
0.66,4.0,0.447,0.432,0.375,0.36,1.012,1.013,1.04,1.04,14.9,82.389,41162870.0
0.67,4.0,0.447,0.432,0.375,0.36,1.012,1.013,1.04,1.04,14.9,82.389,41786550.0
0.68,4.0,0.447,0.432,0.376,0.36,1.012,1.013,1.04,1.04,14.9,82.389,42410230.0
0.69,4.0,0.448,0.432,0.376,0.36,1.012,1.013,1.04,1.04,14.9,82.389,43033900.0
0.7,4.0,0.448,0.432,0.376,0.36,1.011,1.013,1.04,1.04,14.9,82.389,43657580.0
0.71,4.0,0.448,0.432,0.377,0.36,1.011,1.013,1.04,1.04,14.9,82.389,44281260.0
0.72,4.0,0.449,0.432,0.377,0.36,1.011,1.013,1.04,1.04,14.9,82.389,44904950.0
0.73,4.0,0.449,0.432,0.378,0.361,1.011,1.013,1.04,1.04,14.9,82.389,45528630.0
0.74,4.0,0.45,0.432,0.378,0.361,1.011,1.013,1.04,1.04,14.9,82.389,46152300.0
0.75,4.0,0.45,0.433,0.378,0.361,1.011,1.013,1.04,1.04,14.9,82.389,46775980.0
0.76,4.0,0.45,0.433,0.379,0.361,1.011,1.013,1.04,1.04,14.9,82.389,47399660.0
0.77,4.0,0.451,0.433,0.379,0.361,1.011,1.013,1.04,1.04,14.9,82.389,48023340.0
0.78,4.0,0.451,0.433,0.379,0.361,1.011,1.013,1.04,1.04,14.9,82.389,48647020.0
0.79,4.0,0.451,0.433,0.38,0.361,1.011,1.013,1.04,1.04,14.9,82.389,49270700.0
0.8,4.0,0.452,0.433,0.38,0.361,1.011,1.013,1.04,1.04,14.9,82.389,49894380.0
0.81,4.0,0.452,0.433,0.38,0.361,1.011,1.013,1.04,1.04,14.9,82.389,50518060.0
0.82,4.0,0.453,0.433,0.381,0.362,1.011,1.013,1.04,1.04,14.9,82.389,51141740.0
0.83,4.0,0.453,0.433,0.381,0.362,1.011,1.013,1.04,1.04,14.9,82.389,51765420.0
0.84,4.0,0.453,0.433,0.382,0.362,1.011,1.013,1.04,1.04,14.9,82.389,52389100.0
0.85,4.0,0.454,0.434,0.382,0.362,1.011,1.012,1.04,1.04,14.9,82.389,53012780.0
0.86,4.0,0.454,0.434,0.382,0.362,1.011,1.012,1.04,1.04,14.9,82.389,53636460.0
0.87,4.0,0.454,0.434,0.383,0.362,1.011,1.012,1.04,1.04,14.9,82.389,54260140.0
0.88,4.0,0.455,0.434,0.383,0.362,1.011,1.012,1.04,1.04,14.9,82.389,54883820.0
0.89,4.0,0.455,0.434,0.383,0.362,1.011,1.012,1.04,1.04,14.9,82.389,55507500.0
0.9,4.0,0.455,0.434,0.384,0.362,1.011,1.012,1.04,1.04,14.9,82.389,56131180.0
0.91,4.0,0.457,0.436,0.386,0.365,0.998,0.999,1.027,1.027,14.72,82.325,56754860.0
0.92,4.0,0.464,0.442,0.394,0.372,0.984,0.986,1.014,1.014,14.53,82.261,57378540.0
0.93,4.0,0.475,0.453,0.407,0.384,0.971,0.972,1.001,1.001,14.35,82.197,58002220.0
0.94,4.0,0.487,0.463,0.419,0.395,0.957,0.959,0.989,0.989,14.16,82.133,58625900.0
0.95,4.0,0.499,0.474,0.432,0.407,0.943,0.945,0.976,0.976,13.98,82.069,59249580.0
0.96,4.0,0.511,0.485,0.445,0.419,0.929,0.931,0.963,0.963,13.79,82.005,59873260.0
0.97,4.0,0.523,0.495,0.458,0.43,0.916,0.917,0.95,0.95,13.6,81.941,60496940.0
0.98,4.0,0.535,0.506,0.471,0.442,0.902,0.904,0.937,0.937,13.42,81.877,61120620.0
0.99,4.0,0.547,0.517,0.483,0.453,0.888,0.89,0.924,0.924,13.23,81.813,61744300.0
1.0,4.0,0.559,0.527,0.496,0.465,0.874,0.876,0.911,0.911,13.05,81.749,62367980.0
1.01,4.0,0.571,0.538,0.509,0.477,0.86,0.863,0.898,0.898,12.86,81.685,62991660.0
1.02,4.0,0.582,0.549,0.522,0.488,0.847,0.849,0.885,0.885,12.68,81.621,63615340.0
1.03,4.0,0.594,0.56,0.535,0.5,0.833,0.835,0.872,0.872,12.49,81.557,64239020.0
1.04,4.0,0.606,0.57,0.548,0.512,0.819,0.822,0.859,0.859,12.31,81.493,64862700.0
1.05,4.0,0.618,0.581,0.56,0.523,0.805,0.808,0.846,0.846,12.12,81.429,65486380.0
1.06,4.0,0.617,0.58,0.559,0.522,0.806,0.809,0.847,0.847,12.13,81.377,66110060.0
1.07,4.0,0.616,0.579,0.558,0.521,0.807,0.809,0.848,0.848,12.14,81.329,66733740.0
1.08,4.0,0.615,0.578,0.557,0.52,0.807,0.81,0.848,0.848,12.15,81.285,67357420.0
1.09,4.0,0.614,0.577,0.556,0.519,0.808,0.811,0.849,0.849,12.16,81.244,67981100.0
1.1,4.0,0.613,0.576,0.555,0.518,0.809,0.811,0.849,0.849,12.17,81.206,68604780.0
1.11,4.0,0.612,0.576,0.554,0.518,0.809,0.811,0.85,0.85,12.17,81.162,69228460.0
1.12,4.0,0.611,0.575,0.553,0.517,0.809,0.811,0.849,0.849,12.17,81.109,69852140.0
1.13,4.0,0.61,0.574,0.552,0.516,0.809,0.811,0.849,0.849,12.16,81.059,70475820.0
1.14,4.0,0.609,0.573,0.551,0.515,0.808,0.811,0.849,0.849,12.16,81.011,71099500.0
1.15,4.0,0.607,0.572,0.55,0.514,0.808,0.811,0.849,0.849,12.16,80.964,71723180.0
1.16,4.0,0.606,0.57,0.548,0.512,0.808,0.811,0.848,0.848,12.15,80.919,72346860.0
1.17,4.0,0.604,0.568,0.546,0.51,0.808,0.81,0.848,0.848,12.15,80.876,72970540.0
1.18,4.0,0.602,0.566,0.544,0.508,0.808,0.81,0.848,0.848,12.15,80.833,73594220.0
1.19,4.0,0.6,0.565,0.542,0.507,0.808,0.81,0.848,0.848,12.14,80.792,74217900.0
1.2,4.0,0.598,0.563,0.54,0.505,0.808,0.81,0.847,0.847,12.14,80.752,74841580.0
1.21,4.0,0.596,0.561,0.538,0.503,0.808,0.81,0.847,0.847,12.14,80.713,75465260.0
1.22,4.0,0.594,0.559,0.536,0.501,0.808,0.81,0.847,0.847,12.13,80.675,76088940.0
1.23,4.0,0.592,0.557,0.534,0.499,0.807,0.81,0.847,0.847,12.13,80.637,76712620.0
1.24,4.0,0.59,0.555,0.532,0.497,0.807,0.81,0.846,0.846,12.12,80.599,77336300.0
1.25,4.0,0.588,0.553,0.53,0.495,0.807,0.81,0.846,0.846,12.12,80.561,77959980.0
1.26,4.0,0.586,0.551,0.528,0.493,0.807,0.809,0.846,0.846,12.12,80.524,78583660.0
1.27,4.0,0.584,0.549,0.526,0.491,0.807,0.809,0.846,0.846,12.11,80.488,79207340.0
1.28,4.0,0.582,0.547,0.524,0.489,0.807,0.809,0.845,0.845,12.11,80.453,79831020.0
1.29,4.0,0.58,0.545,0.522,0.487,0.806,0.809,0.845,0.845,12.1,80.418,80454690.0
1.3,4.0,0.578,0.543,0.52,0.485,0.806,0.809,0.845,0.845,12.1,80.383,81078370.0
1.31,4.0,0.576,0.541,0.519,0.484,0.806,0.809,0.844,0.844,12.1,80.35,81702050.0
1.32,4.0,0.575,0.54,0.517,0.482,0.806,0.808,0.844,0.844,12.09,80.316,82325740.0
1.33,4.0,0.573,0.538,0.515,0.48,0.806,0.808,0.844,0.844,12.09,80.284,82949420.0
1.34,4.0,0.572,0.537,0.514,0.479,0.806,0.808,0.844,0.844,12.08,80.251,83573100.0
1.35,4.0,0.57,0.536,0.513,0.478,0.805,0.808,0.843,0.843,12.08,80.22,84196780.0
1.36,4.0,0.569,0.534,0.512,0.477,0.805,0.808,0.843,0.843,12.07,80.188,84820460.0
1.37,4.0,0.568,0.533,0.511,0.476,0.805,0.807,0.843,0.843,12.07,80.157,85444140.0
1.38,4.0,0.567,0.532,0.51,0.475,0.805,0.807,0.842,0.842,12.07,80.127,86067810.0
1.39,4.0,0.566,0.531,0.509,0.474,0.805,0.807,0.842,0.842,12.06,80.097,86691490.0
1.4,4.0,0.565,0.53,0.508,0.473,0.804,0.807,0.842,0.842,12.06,80.067,87315170.0
1.41,4.0,0.565,0.53,0.507,0.472,0.804,0.807,0.842,0.842,12.05,80.038,87938850.0
1.42,4.0,0.564,0.529,0.506,0.471,0.804,0.806,0.841,0.841,12.05,80.009,88562530.0
1.43,4.0,0.563,0.528,0.506,0.471,0.804,0.806,0.841,0.841,12.05,79.98,89186210.0
1.44,4.0,0.563,0.528,0.505,0.47,0.803,0.806,0.84,0.84,12.04,79.959,89809900.0
1.45,4.0,0.562,0.527,0.505,0.47,0.802,0.805,0.84,0.84,12.03,79.942,90433580.0
1.46,4.0,0.562,0.527,0.504,0.469,0.802,0.804,0.839,0.839,12.02,79.925,91057260.0
1.47,4.0,0.561,0.526,0.504,0.469,0.801,0.804,0.838,0.838,12.01,79.909,91680940.0
1.48,4.0,0.561,0.526,0.504,0.469,0.8,0.803,0.838,0.838,12.0,79.893,92304610.0
1.49,4.0,0.561,0.526,0.504,0.469,0.8,0.802,0.837,0.837,11.99,79.877,92928290.0
1.5,4.0,0.561,0.526,0.503,0.468,0.799,0.802,0.836,0.836,11.98,79.862,93551970.0
1.51,4.0,0.56,0.525,0.503,0.468,0.798,0.801,0.836,0.836,11.97,79.847,94175650.0
1.52,4.0,0.56,0.525,0.503,0.468,0.798,0.8,0.835,0.835,11.96,79.832,94799330.0
1.53,4.0,0.56,0.525,0.503,0.468,0.797,0.8,0.834,0.834,11.95,79.817,95423010.0
1.54,4.0,0.56,0.525,0.503,0.468,0.796,0.799,0.834,0.834,11.94,79.802,96046690.0
1.55,4.0,0.56,0.526,0.504,0.469,0.796,0.798,0.833,0.833,11.93,79.788,96670370.0
1.56,4.0,0.561,0.526,0.504,0.469,0.795,0.798,0.832,0.832,11.92,79.774,97294050.0
1.57,4.0,0.561,0.526,0.504,0.469,0.794,0.797,0.832,0.832,11.91,79.76,97917730.0
1.58,4.0,0.561,0.526,0.504,0.469,0.794,0.796,0.831,0.831,11.9,79.747,98541410.0
1.59,4.0,0.561,0.527,0.505,0.47,0.793,0.795,0.83,0.83,11.89,79.733,99165090.0
1.6,4.0,0.562,0.527,0.505,0.47,0.792,0.795,0.829,0.829,11.88,79.72,99788770.0
1.61,4.0,0.562,0.527,0.506,0.471,0.792,0.794,0.829,0.829,11.87,79.707,100412400.0
1.62,4.0,0.563,0.528,0.506,0.471,0.791,0.793,0.828,0.828,11.86,79.695,101036100.0
1.63,4.0,0.563,0.529,0.507,0.472,0.79,0.792,0.827,0.827,11.85,79.682,101659800.0
1.64,4.0,0.564,0.529,0.508,0.473,0.789,0.792,0.827,0.827,11.84,79.67,102283500.0
1.65,4.0,0.565,0.53,0.508,0.473,0.789,0.791,0.826,0.826,11.83,79.658,102907200.0
1.66,4.0,0.566,0.531,0.509,0.474,0.788,0.79,0.825,0.825,11.82,79.646,103530800.0
1.67,4.0,0.566,0.532,0.51,0.475,0.787,0.79,0.825,0.825,11.81,79.634,104154500.0
1.68,4.0,0.567,0.532,0.511,0.476,0.786,0.789,0.824,0.824,11.8,79.623,104778200.0
1.69,4.0,0.568,0.533,0.512,0.477,0.786,0.788,0.823,0.823,11.79,79.611,105401900.0
1.7,4.0,0.569,0.534,0.513,0.478,0.785,0.787,0.823,0.823,11.78,79.6,106025600.0
1.71,4.0,0.57,0.535,0.514,0.479,0.784,0.786,0.822,0.822,11.77,79.589,106649200.0
1.72,4.0,0.572,0.537,0.516,0.481,0.783,0.786,0.821,0.821,11.76,79.578,107272900.0
1.73,4.0,0.573,0.538,0.517,0.482,0.783,0.785,0.821,0.821,11.75,79.568,107896600.0
1.74,4.0,0.574,0.539,0.518,0.483,0.782,0.784,0.82,0.82,11.74,79.557,108520300.0
1.75,4.0,0.575,0.54,0.519,0.484,0.781,0.783,0.819,0.819,11.73,79.547,109144000.0
1.76,4.0,0.577,0.542,0.521,0.486,0.78,0.783,0.818,0.818,11.72,79.537,109767600.0
1.77,4.0,0.578,0.543,0.522,0.487,0.779,0.782,0.818,0.818,11.71,79.526,110391300.0
1.78,4.0,0.58,0.545,0.524,0.489,0.779,0.781,0.817,0.817,11.7,79.517,111015000.0
1.79,4.0,0.581,0.546,0.526,0.491,0.778,0.78,0.816,0.816,11.69,79.507,111638700.0
1.8,4.0,0.583,0.548,0.527,0.492,0.777,0.779,0.816,0.816,11.68,79.497,112262400.0
1.81,4.0,0.585,0.55,0.529,0.494,0.776,0.779,0.815,0.815,11.67,79.488,112886000.0
1.82,4.0,0.586,0.551,0.531,0.496,0.775,0.778,0.814,0.814,11.66,79.479,113509700.0
1.83,4.0,0.588,0.553,0.533,0.498,0.774,0.777,0.814,0.814,11.65,79.47,114133400.0
1.84,4.0,0.59,0.555,0.535,0.5,0.774,0.776,0.813,0.813,11.64,79.461,114757100.0
1.85,4.0,0.592,0.557,0.537,0.502,0.773,0.775,0.812,0.812,11.63,79.452,115380800.0
1.86,4.0,0.594,0.559,0.539,0.504,0.772,0.774,0.811,0.811,11.62,79.443,116004400.0
1.87,4.0,0.596,0.561,0.541,0.506,0.771,0.774,0.811,0.811,11.61,79.435,116628100.0
1.88,4.0,0.598,0.563,0.543,0.508,0.77,0.773,0.81,0.81,11.6,79.427,117251800.0
1.89,4.0,0.6,0.566,0.545,0.51,0.769,0.772,0.809,0.809,11.59,79.418,117875500.0
1.9,4.0,0.603,0.568,0.548,0.513,0.768,0.771,0.809,0.809,11.58,79.41,118499200.0
1.91,4.0,0.605,0.57,0.55,0.515,0.768,0.77,0.808,0.808,11.57,79.402,119122800.0
1.92,4.0,0.608,0.573,0.553,0.518,0.767,0.769,0.807,0.807,11.56,79.394,119746500.0
1.93,4.0,0.61,0.575,0.555,0.52,0.766,0.768,0.807,0.807,11.55,79.387,120370200.0
1.94,4.0,0.613,0.578,0.558,0.523,0.765,0.767,0.806,0.806,11.54,79.379,120993900.0
1.95,4.0,0.615,0.58,0.56,0.525,0.764,0.767,0.805,0.805,11.53,79.372,121617600.0
1.96,4.0,0.618,0.583,0.563,0.528,0.763,0.766,0.804,0.804,11.52,79.365,122241200.0
1.97,4.0,0.62,0.586,0.566,0.531,0.762,0.765,0.804,0.804,11.51,79.358,122864900.0
1.98,4.0,0.623,0.588,0.569,0.534,0.761,0.764,0.803,0.803,11.5,79.351,123488600.0
1.99,4.0,0.626,0.591,0.572,0.536,0.76,0.763,0.802,0.802,11.49,79.344,124112300.0
2.0,4.0,0.629,0.594,0.575,0.539,0.76,0.762,0.802,0.802,11.48,79.337,124736000.0
2.01,4.0,0.632,0.597,0.578,0.542,0.759,0.761,0.801,0.801,11.47,79.33,125359600.0
2.02,4.0,0.635,0.6,0.581,0.546,0.758,0.76,0.8,0.8,11.46,79.324,125983300.0
2.03,4.0,0.639,0.603,0.584,0.549,0.757,0.759,0.799,0.799,11.45,79.318,126607000.0
2.04,4.0,0.642,0.606,0.588,0.552,0.756,0.758,0.799,0.799,11.44,79.311,127230700.0
2.05,4.0,0.645,0.61,0.591,0.555,0.755,0.757,0.798,0.798,11.43,79.305,127854400.0
2.06,4.0,0.649,0.613,0.595,0.559,0.754,0.756,0.797,0.797,11.42,79.299,128478000.0
2.07,4.0,0.652,0.617,0.598,0.562,0.753,0.755,0.797,0.797,11.41,79.293,129101700.0
2.08,4.0,0.656,0.62,0.602,0.566,0.752,0.754,0.796,0.796,11.4,79.288,129725400.0
2.09,4.0,0.66,0.624,0.606,0.57,0.751,0.753,0.795,0.795,11.39,79.282,130349100.0
2.1,4.0,0.663,0.627,0.61,0.573,0.75,0.752,0.794,0.794,11.38,79.277,130972800.0
2.11,4.0,0.667,0.631,0.613,0.577,0.749,0.751,0.794,0.794,11.37,79.271,131596400.0
2.12,4.0,0.671,0.635,0.617,0.581,0.748,0.751,0.793,0.793,11.36,79.266,132220100.0
2.13,4.0,0.675,0.639,0.621,0.585,0.747,0.75,0.792,0.792,11.35,79.261,132843800.0
2.14,4.0,0.679,0.643,0.626,0.589,0.746,0.749,0.792,0.792,11.34,79.256,133467500.0
2.15,4.0,0.683,0.647,0.63,0.593,0.745,0.747,0.791,0.791,11.33,79.251,134091200.0
2.16,4.0,0.681,0.645,0.628,0.591,0.743,0.746,0.789,0.789,11.3,79.22,134714800.0
2.17,4.0,0.679,0.642,0.625,0.588,0.742,0.744,0.787,0.787,11.28,79.183,135338500.0
2.18,4.0,0.676,0.639,0.622,0.586,0.74,0.743,0.786,0.786,11.25,79.145,135962200.0
2.19,4.0,0.673,0.636,0.62,0.583,0.739,0.741,0.784,0.784,11.23,79.107,136585900.0
2.2,4.0,0.67,0.633,0.617,0.58,0.737,0.739,0.782,0.782,11.2,79.067,137209600.0
2.21,4.0,0.667,0.63,0.615,0.577,0.735,0.738,0.78,0.78,11.17,79.027,137833200.0
2.22,4.0,0.665,0.628,0.612,0.575,0.733,0.736,0.778,0.778,11.14,78.986,138456900.0
2.23,4.0,0.662,0.625,0.609,0.572,0.732,0.734,0.776,0.776,11.12,78.944,139080600.0
2.24,4.0,0.659,0.622,0.607,0.569,0.73,0.732,0.774,0.774,11.09,78.901,139704300.0
2.25,4.0,0.657,0.619,0.604,0.567,0.728,0.731,0.772,0.772,11.06,78.858,140328000.0
2.26,4.0,0.654,0.617,0.602,0.564,0.726,0.729,0.77,0.77,11.03,78.814,140951600.0
2.27,4.0,0.651,0.614,0.599,0.562,0.724,0.727,0.768,0.768,11.0,78.769,141575300.0
2.28,4.0,0.649,0.611,0.597,0.559,0.722,0.725,0.766,0.766,10.97,78.724,142199000.0
2.29,4.0,0.646,0.609,0.594,0.557,0.721,0.723,0.764,0.764,10.94,78.665,142822700.0
2.3,4.0,0.644,0.606,0.592,0.554,0.719,0.722,0.762,0.762,10.92,78.596,143446400.0
2.31,4.0,0.641,0.603,0.59,0.552,0.718,0.72,0.761,0.761,10.9,78.527,144070000.0
2.32,4.0,0.639,0.601,0.587,0.549,0.716,0.719,0.759,0.759,10.87,78.458,144693700.0
2.33,4.0,0.636,0.598,0.585,0.547,0.715,0.717,0.757,0.757,10.85,78.388,145317400.0
2.34,4.0,0.634,0.596,0.583,0.544,0.713,0.716,0.756,0.756,10.82,78.318,145941100.0
2.35,4.0,0.631,0.593,0.58,0.542,0.712,0.714,0.754,0.754,10.8,78.248,146564800.0
2.36,4.0,0.629,0.591,0.578,0.539,0.71,0.713,0.752,0.752,10.77,78.177,147188400.0
2.37,4.0,0.627,0.588,0.576,0.537,0.708,0.711,0.75,0.75,10.75,78.106,147812100.0
2.38,4.0,0.624,0.586,0.573,0.535,0.707,0.71,0.749,0.749,10.72,78.035,148435800.0
2.39,4.0,0.622,0.583,0.571,0.532,0.705,0.708,0.747,0.747,10.7,77.964,149059500.0
2.4,4.0,0.619,0.581,0.569,0.53,0.704,0.706,0.745,0.745,10.67,77.892,149683200.0
2.41,4.0,0.617,0.578,0.567,0.528,0.702,0.705,0.743,0.743,10.65,77.82,150306800.0
2.42,4.0,0.615,0.576,0.564,0.525,0.701,0.703,0.742,0.742,10.62,77.748,150930500.0
2.43,4.0,0.613,0.573,0.562,0.523,0.699,0.702,0.74,0.74,10.6,77.676,151554200.0
2.44,4.0,0.61,0.571,0.56,0.521,0.697,0.7,0.738,0.738,10.57,77.604,152177900.0
2.45,4.0,0.608,0.569,0.558,0.519,0.696,0.698,0.736,0.736,10.55,77.531,152801600.0
2.46,4.0,0.606,0.567,0.556,0.517,0.694,0.697,0.735,0.735,10.52,77.459,153425200.0
2.47,4.0,0.603,0.565,0.554,0.515,0.693,0.695,0.733,0.733,10.5,77.386,154048900.0
2.48,4.0,0.601,0.563,0.552,0.513,0.691,0.694,0.731,0.731,10.47,77.314,154672600.0
2.49,4.0,0.599,0.561,0.55,0.511,0.689,0.692,0.729,0.729,10.45,77.241,155296300.0
2.5,4.0,0.597,0.559,0.547,0.509,0.688,0.69,0.728,0.728,10.42,77.168,155920000.0
2.51,4.0,0.595,0.557,0.545,0.507,0.686,0.689,0.726,0.726,10.4,77.095,156543600.0
2.52,4.0,0.593,0.555,0.543,0.505,0.685,0.687,0.724,0.724,10.37,77.022,157167300.0
2.53,4.0,0.59,0.553,0.541,0.503,0.683,0.686,0.722,0.722,10.35,76.949,157791000.0
2.54,4.0,0.588,0.551,0.539,0.502,0.681,0.684,0.721,0.721,10.32,76.876,158414700.0
2.55,4.0,0.586,0.549,0.537,0.5,0.68,0.682,0.719,0.719,10.3,76.803,159038400.0
2.56,4.0,0.584,0.547,0.535,0.498,0.678,0.681,0.717,0.717,10.27,76.73,159662000.0
2.57,4.0,0.582,0.545,0.533,0.496,0.677,0.679,0.716,0.716,10.25,76.657,160285700.0
2.58,4.0,0.58,0.543,0.531,0.494,0.675,0.678,0.714,0.714,10.22,76.585,160909400.0
2.59,4.0,0.578,0.541,0.529,0.493,0.673,0.676,0.712,0.712,10.2,76.512,161533100.0
2.6,4.0,0.576,0.539,0.528,0.491,0.672,0.674,0.71,0.71,10.18,76.439,162156700.0
2.61,4.0,0.574,0.538,0.526,0.489,0.67,0.673,0.709,0.709,10.15,76.366,162780400.0
2.62,4.0,0.572,0.536,0.524,0.488,0.669,0.671,0.707,0.707,10.13,76.293,163404100.0
2.63,4.0,0.57,0.534,0.522,0.486,0.667,0.67,0.705,0.705,10.1,76.221,164027800.0
2.64,4.0,0.568,0.532,0.52,0.484,0.666,0.668,0.704,0.704,10.08,76.148,164651500.0
2.65,4.0,0.566,0.53,0.518,0.482,0.664,0.666,0.702,0.702,10.05,76.076,165275200.0
2.66,4.0,0.564,0.528,0.516,0.481,0.662,0.665,0.7,0.7,10.03,76.003,165898800.0
2.67,4.0,0.562,0.527,0.514,0.479,0.661,0.663,0.698,0.698,10.01,75.931,166522500.0
2.68,4.0,0.56,0.525,0.513,0.478,0.659,0.662,0.697,0.697,9.98,75.859,167146200.0
2.69,4.0,0.558,0.523,0.511,0.476,0.658,0.66,0.695,0.695,9.96,75.787,167769900.0
2.7,4.0,0.556,0.522,0.509,0.474,0.656,0.659,0.693,0.693,9.93,75.715,168393600.0
2.71,4.0,0.554,0.52,0.507,0.473,0.655,0.657,0.692,0.692,9.91,75.643,169017200.0
2.72,4.0,0.552,0.518,0.505,0.471,0.653,0.656,0.69,0.69,9.89,75.571,169640900.0
2.73,4.0,0.551,0.516,0.504,0.47,0.652,0.654,0.689,0.689,9.86,75.5,170264600.0
2.74,4.0,0.549,0.515,0.502,0.468,0.65,0.653,0.687,0.687,9.84,75.429,170888300.0
2.75,4.0,0.547,0.513,0.5,0.466,0.649,0.651,0.685,0.685,9.82,75.357,171512000.0
2.76,4.0,0.545,0.511,0.499,0.465,0.647,0.65,0.684,0.684,9.79,75.286,172135600.0
2.77,4.0,0.543,0.51,0.497,0.463,0.646,0.648,0.682,0.682,9.77,75.215,172759300.0
2.78,4.0,0.541,0.508,0.495,0.462,0.644,0.647,0.68,0.68,9.75,75.144,173383000.0
2.79,4.0,0.54,0.507,0.493,0.46,0.643,0.645,0.679,0.679,9.72,75.074,174006700.0
2.8,4.0,0.538,0.505,0.492,0.459,0.641,0.644,0.677,0.677,9.7,75.003,174630300.0
2.81,4.0,0.536,0.503,0.49,0.457,0.64,0.642,0.676,0.676,9.68,74.933,175254000.0
2.82,4.0,0.534,0.502,0.488,0.456,0.638,0.641,0.674,0.674,9.66,74.863,175877700.0
2.83,4.0,0.532,0.5,0.487,0.454,0.637,0.639,0.673,0.673,9.63,74.793,176501400.0
2.84,4.0,0.531,0.499,0.485,0.453,0.635,0.638,0.671,0.671,9.61,74.723,177125100.0
2.85,4.0,0.529,0.497,0.483,0.451,0.634,0.636,0.669,0.669,9.59,74.654,177748700.0
2.86,4.0,0.527,0.496,0.482,0.45,0.633,0.635,0.668,0.668,9.57,74.584,178372400.0
2.87,4.0,0.526,0.494,0.48,0.449,0.631,0.633,0.666,0.666,9.54,74.515,178996100.0
2.88,4.0,0.524,0.492,0.479,0.447,0.63,0.632,0.665,0.665,9.52,74.446,179619800.0
2.89,4.0,0.522,0.491,0.477,0.446,0.628,0.63,0.663,0.663,9.5,74.377,180243500.0
2.9,4.0,0.52,0.489,0.475,0.444,0.627,0.629,0.662,0.662,9.48,74.308,180867200.0
2.91,4.0,0.519,0.488,0.474,0.443,0.625,0.628,0.66,0.66,9.46,74.24,181490800.0
2.92,4.0,0.517,0.486,0.472,0.442,0.624,0.626,0.659,0.659,9.43,74.172,182114500.0
2.93,4.0,0.516,0.485,0.471,0.44,0.623,0.625,0.657,0.657,9.41,74.104,182738200.0
2.94,4.0,0.514,0.484,0.469,0.439,0.621,0.623,0.656,0.656,9.39,74.036,183361900.0
2.95,4.0,0.512,0.482,0.468,0.438,0.62,0.622,0.654,0.654,9.37,73.969,183985500.0
2.96,4.0,0.511,0.481,0.466,0.436,0.619,0.621,0.653,0.653,9.35,73.901,184609200.0
2.97,4.0,0.509,0.479,0.465,0.435,0.617,0.619,0.651,0.651,9.33,73.834,185232900.0
2.98,4.0,0.507,0.478,0.463,0.434,0.616,0.618,0.65,0.65,9.31,73.767,185856600.0
2.99,4.0,0.506,0.476,0.462,0.432,0.614,0.617,0.648,0.648,9.29,73.7,186480300.0
3.0,4.0,0.504,0.475,0.46,0.431,0.613,0.615,0.647,0.647,9.26,73.634,187103900.0
3.01,4.0,0.503,0.474,0.459,0.43,0.612,0.614,0.645,0.645,9.24,73.568,187727600.0
3.02,4.0,0.501,0.472,0.457,0.428,0.61,0.612,0.644,0.644,9.22,73.502,188351300.0
3.03,4.0,0.5,0.471,0.456,0.427,0.609,0.611,0.642,0.642,9.2,73.436,188975000.0
3.04,4.0,0.498,0.469,0.455,0.426,0.608,0.61,0.641,0.641,9.18,73.37,189598700.0
3.05,4.0,0.497,0.468,0.453,0.425,0.606,0.608,0.64,0.64,9.16,73.305,190222300.0
3.06,4.0,0.495,0.467,0.452,0.423,0.605,0.607,0.638,0.638,9.14,73.24,190846000.0
3.07,4.0,0.494,0.465,0.451,0.422,0.604,0.606,0.637,0.637,9.12,73.175,191469700.0
3.08,4.0,0.492,0.464,0.449,0.421,0.602,0.604,0.635,0.635,9.1,73.111,192093400.0
3.09,4.0,0.491,0.463,0.448,0.42,0.601,0.603,0.634,0.634,9.08,73.046,192717100.0
3.1,4.0,0.49,0.461,0.447,0.418,0.6,0.602,0.633,0.633,9.06,72.982,193340700.0
3.11,4.0,0.488,0.46,0.445,0.417,0.599,0.601,0.631,0.631,9.04,72.918,193964400.0
3.12,4.0,0.487,0.459,0.444,0.416,0.597,0.599,0.63,0.63,9.02,72.855,194588100.0
3.13,4.0,0.485,0.457,0.443,0.415,0.596,0.598,0.628,0.628,9.0,72.791,195211800.0
3.14,4.0,0.484,0.456,0.441,0.413,0.595,0.597,0.627,0.627,8.98,72.728,195835500.0
3.15,4.0,0.483,0.455,0.44,0.412,0.594,0.595,0.626,0.626,8.96,72.665,196459100.0
3.16,4.0,0.481,0.454,0.439,0.411,0.592,0.594,0.624,0.624,8.94,72.603,197082800.0
3.17,4.0,0.48,0.452,0.438,0.41,0.591,0.593,0.623,0.623,8.92,72.54,197706500.0
3.18,4.0,0.479,0.451,0.436,0.409,0.59,0.592,0.622,0.622,8.9,72.478,198330200.0
3.19,4.0,0.477,0.45,0.435,0.407,0.588,0.59,0.62,0.62,8.89,72.416,198953900.0
3.2,4.0,0.476,0.449,0.434,0.406,0.587,0.589,0.619,0.619,8.87,72.355,199577500.0
3.21,4.0,0.475,0.447,0.432,0.405,0.586,0.588,0.618,0.618,8.85,72.293,200201200.0
3.22,4.0,0.473,0.446,0.431,0.404,0.585,0.587,0.616,0.616,8.83,72.232,200824900.0
3.23,4.0,0.472,0.445,0.43,0.403,0.584,0.585,0.615,0.615,8.81,72.171,201448600.0
3.24,4.0,0.471,0.444,0.429,0.402,0.582,0.584,0.614,0.614,8.79,72.111,202072300.0
3.25,4.0,0.469,0.442,0.428,0.401,0.581,0.583,0.612,0.612,8.77,72.05,202695900.0
3.26,4.0,0.468,0.441,0.426,0.4,0.58,0.582,0.611,0.611,8.75,71.99,203319600.0
3.27,4.0,0.467,0.44,0.425,0.398,0.579,0.581,0.61,0.61,8.74,71.93,203943300.0
3.28,4.0,0.465,0.439,0.424,0.397,0.578,0.579,0.609,0.609,8.72,71.871,204567000.0
3.29,4.0,0.464,0.438,0.423,0.396,0.576,0.578,0.607,0.607,8.7,71.811,205190700.0
3.3,4.0,0.463,0.436,0.422,0.395,0.575,0.577,0.606,0.606,8.68,71.752,205814300.0
3.31,4.0,0.462,0.435,0.42,0.394,0.574,0.576,0.605,0.605,8.66,71.693,206438000.0
3.32,4.0,0.46,0.434,0.419,0.393,0.573,0.575,0.604,0.604,8.65,71.635,207061700.0
3.33,4.0,0.459,0.433,0.418,0.392,0.572,0.574,0.602,0.602,8.63,71.577,207685400.0
3.34,4.0,0.458,0.432,0.417,0.391,0.571,0.572,0.601,0.601,8.61,71.519,208309000.0
3.35,4.0,0.457,0.431,0.416,0.39,0.569,0.571,0.6,0.6,8.59,71.461,208932700.0
3.36,4.0,0.455,0.429,0.415,0.389,0.568,0.57,0.599,0.599,8.57,71.403,209556400.0
3.37,4.0,0.454,0.428,0.413,0.388,0.567,0.569,0.597,0.597,8.56,71.346,210180100.0
3.38,4.0,0.453,0.427,0.412,0.387,0.566,0.568,0.596,0.596,8.54,71.289,210803800.0
3.39,4.0,0.452,0.426,0.411,0.386,0.565,0.567,0.595,0.595,8.52,71.233,211427500.0
3.4,4.0,0.45,0.425,0.41,0.384,0.564,0.565,0.594,0.594,8.5,71.176,212051100.0
3.41,4.0,0.449,0.424,0.409,0.383,0.563,0.564,0.592,0.592,8.49,71.12,212674800.0
3.42,4.0,0.448,0.423,0.408,0.382,0.561,0.563,0.591,0.591,8.47,71.064,213298500.0
3.43,4.0,0.447,0.422,0.407,0.381,0.56,0.562,0.59,0.59,8.45,71.008,213922200.0
3.44,4.0,0.446,0.421,0.406,0.38,0.559,0.561,0.589,0.589,8.44,70.952,214545900.0
3.45,4.0,0.445,0.42,0.404,0.379,0.558,0.56,0.588,0.588,8.42,70.891,215169500.0
3.46,4.0,0.443,0.418,0.403,0.378,0.557,0.559,0.587,0.587,8.41,70.831,215793200.0
3.47,4.0,0.442,0.417,0.402,0.377,0.556,0.558,0.586,0.586,8.39,70.771,216416900.0
3.48,4.0,0.441,0.416,0.401,0.376,0.555,0.557,0.585,0.585,8.37,70.711,217040600.0
3.49,4.0,0.44,0.415,0.4,0.375,0.554,0.556,0.583,0.583,8.36,70.652,217664300.0
3.5,4.0,0.439,0.414,0.399,0.375,0.553,0.555,0.582,0.582,8.34,70.592,218287900.0
3.51,4.0,0.438,0.413,0.398,0.374,0.552,0.554,0.581,0.581,8.33,70.533,218911600.0
3.52,4.0,0.436,0.412,0.397,0.373,0.551,0.553,0.58,0.58,8.31,70.474,219535300.0
3.53,4.0,0.435,0.411,0.396,0.372,0.55,0.552,0.579,0.579,8.3,70.415,220159000.0
3.54,4.0,0.434,0.41,0.395,0.371,0.549,0.551,0.578,0.578,8.28,70.356,220782600.0
3.55,4.0,0.433,0.409,0.394,0.37,0.548,0.55,0.577,0.577,8.27,70.297,221406300.0
3.56,4.0,0.432,0.408,0.393,0.369,0.547,0.549,0.576,0.576,8.25,70.239,222030000.0
3.57,4.0,0.431,0.407,0.392,0.368,0.546,0.548,0.575,0.575,8.24,70.181,222653700.0
3.58,4.0,0.43,0.406,0.391,0.367,0.545,0.547,0.574,0.574,8.22,70.123,223277400.0
3.59,4.0,0.429,0.405,0.39,0.366,0.545,0.546,0.573,0.573,8.21,70.059,223901000.0
3.6,4.0,0.428,0.404,0.389,0.365,0.544,0.546,0.572,0.572,8.2,69.992,224524700.0
3.61,4.0,0.427,0.403,0.388,0.364,0.543,0.545,0.572,0.572,8.19,69.925,225148400.0
3.62,4.0,0.426,0.402,0.387,0.363,0.543,0.544,0.571,0.571,8.18,69.859,225772100.0
3.63,4.0,0.425,0.401,0.386,0.362,0.542,0.544,0.571,0.571,8.17,69.792,226395800.0
3.64,4.0,0.424,0.4,0.385,0.361,0.542,0.543,0.57,0.57,8.16,69.726,227019500.0
3.65,4.0,0.423,0.399,0.384,0.361,0.541,0.543,0.569,0.569,8.15,69.66,227643100.0
3.66,4.0,0.422,0.398,0.383,0.36,0.541,0.542,0.569,0.569,8.15,69.595,228266800.0
3.67,4.0,0.42,0.398,0.382,0.359,0.54,0.542,0.568,0.568,8.14,69.529,228890500.0
3.68,4.0,0.419,0.397,0.381,0.358,0.54,0.541,0.568,0.568,8.13,69.464,229514200.0
3.69,4.0,0.418,0.396,0.38,0.357,0.539,0.541,0.567,0.567,8.12,69.399,230137900.0
3.7,4.0,0.417,0.395,0.379,0.356,0.539,0.54,0.566,0.566,8.11,69.334,230761500.0
3.71,4.0,0.416,0.394,0.378,0.355,0.538,0.54,0.566,0.566,8.1,69.27,231385200.0
3.72,4.0,0.415,0.393,0.377,0.354,0.537,0.539,0.565,0.565,8.1,69.206,232008900.0
3.73,4.0,0.415,0.392,0.376,0.354,0.537,0.539,0.565,0.565,8.09,69.142,232632600.0
3.74,4.0,0.414,0.391,0.375,0.353,0.536,0.538,0.564,0.564,8.08,69.078,233256200.0
3.75,4.0,0.413,0.39,0.374,0.352,0.536,0.538,0.563,0.563,8.07,69.015,233879900.0
3.76,4.0,0.412,0.389,0.373,0.351,0.535,0.537,0.563,0.563,8.06,68.952,234503600.0
3.77,4.0,0.411,0.389,0.372,0.35,0.535,0.537,0.562,0.562,8.06,68.889,235127300.0
3.78,4.0,0.41,0.388,0.371,0.349,0.535,0.536,0.562,0.562,8.05,68.826,235751000.0
3.79,4.0,0.409,0.387,0.37,0.349,0.534,0.536,0.561,0.561,8.04,68.764,236374600.0
3.8,4.0,0.408,0.386,0.37,0.348,0.534,0.535,0.561,0.561,8.03,68.701,236998300.0
3.81,4.0,0.407,0.385,0.369,0.347,0.533,0.535,0.56,0.56,8.02,68.639,237622000.0
3.82,4.0,0.406,0.384,0.368,0.346,0.533,0.534,0.56,0.56,8.02,68.578,238245700.0
3.83,4.0,0.405,0.383,0.367,0.345,0.532,0.534,0.559,0.559,8.01,68.516,238869400.0
3.84,4.0,0.404,0.383,0.366,0.345,0.532,0.533,0.559,0.559,8.0,68.455,239493000.0
3.85,4.0,0.403,0.382,0.365,0.344,0.531,0.533,0.558,0.558,7.99,68.394,240116700.0
3.86,4.0,0.402,0.381,0.364,0.343,0.531,0.532,0.558,0.558,7.99,68.334,240740400.0
3.87,4.0,0.401,0.38,0.363,0.342,0.53,0.532,0.557,0.557,7.98,68.273,241364100.0
3.88,4.0,0.4,0.379,0.362,0.341,0.53,0.531,0.557,0.557,7.97,68.213,241987800.0
3.89,4.0,0.399,0.378,0.362,0.34,0.53,0.531,0.556,0.556,7.97,68.153,242611500.0
3.9,4.0,0.399,0.378,0.361,0.34,0.529,0.531,0.556,0.556,7.96,68.093,243235100.0
3.91,4.0,0.398,0.377,0.36,0.339,0.529,0.53,0.555,0.555,7.95,68.034,243858800.0
3.92,4.0,0.397,0.376,0.359,0.338,0.528,0.53,0.555,0.555,7.94,67.975,244482500.0
3.93,4.0,0.396,0.375,0.358,0.337,0.528,0.529,0.554,0.554,7.94,67.916,245106200.0
3.94,4.0,0.395,0.374,0.357,0.336,0.527,0.529,0.554,0.554,7.93,67.857,245729800.0
3.95,4.0,0.394,0.373,0.356,0.336,0.527,0.528,0.553,0.553,7.92,67.799,246353500.0
3.96,4.0,0.393,0.373,0.355,0.335,0.527,0.528,0.553,0.553,7.92,67.74,246977200.0
3.97,4.0,0.392,0.372,0.355,0.334,0.526,0.528,0.552,0.552,7.91,67.682,247600900.0
3.98,4.0,0.391,0.371,0.354,0.333,0.526,0.527,0.552,0.552,7.9,67.625,248224600.0
3.99,4.0,0.391,0.37,0.353,0.333,0.525,0.527,0.551,0.551,7.9,67.567,248848200.0
4.0,4.0,0.39,0.369,0.352,0.332,0.525,0.526,0.551,0.551,7.89,67.51,249471900.0
4.01,4.0,0.389,0.369,0.351,0.331,0.525,0.526,0.55,0.55,7.88,67.453,250095600.0
4.02,4.0,0.388,0.368,0.35,0.33,0.524,0.526,0.55,0.55,7.88,67.396,250719300.0
4.03,4.0,0.387,0.367,0.35,0.329,0.524,0.525,0.55,0.55,7.87,67.34,251343000.0
4.04,4.0,0.386,0.366,0.349,0.329,0.523,0.525,0.549,0.549,7.87,67.284,251966600.0
4.05,4.0,0.385,0.365,0.348,0.328,0.523,0.524,0.549,0.549,7.86,67.228,252590300.0
4.06,4.0,0.385,0.365,0.347,0.327,0.523,0.524,0.548,0.548,7.85,67.172,253214000.0
4.07,4.0,0.384,0.364,0.346,0.326,0.522,0.524,0.548,0.548,7.85,67.117,253837700.0
4.08,4.0,0.383,0.363,0.346,0.326,0.522,0.523,0.547,0.547,7.84,67.062,254461400.0
4.09,4.0,0.382,0.362,0.345,0.325,0.522,0.523,0.547,0.547,7.84,67.007,255085000.0
4.1,4.0,0.381,0.362,0.344,0.324,0.521,0.523,0.547,0.547,7.83,66.952,255708700.0
4.11,4.0,0.381,0.361,0.343,0.324,0.521,0.522,0.546,0.546,7.82,66.897,256332400.0
4.12,4.0,0.38,0.36,0.342,0.323,0.521,0.522,0.546,0.546,7.82,66.843,256956100.0
4.13,4.0,0.379,0.359,0.342,0.322,0.52,0.522,0.545,0.545,7.81,66.789,257579800.0
4.14,4.0,0.378,0.359,0.341,0.321,0.52,0.521,0.545,0.545,7.81,66.736,258203400.0
4.15,4.0,0.377,0.358,0.34,0.321,0.52,0.521,0.545,0.545,7.8,66.682,258827100.0
4.16,4.0,0.377,0.357,0.339,0.32,0.519,0.521,0.544,0.544,7.8,66.629,259450800.0
4.17,4.0,0.376,0.356,0.339,0.319,0.519,0.52,0.544,0.544,7.79,66.576,260074500.0
4.18,4.0,0.375,0.356,0.338,0.319,0.519,0.52,0.543,0.543,7.78,66.523,260698100.0
4.19,4.0,0.374,0.355,0.337,0.318,0.518,0.52,0.543,0.543,7.78,66.471,261321800.0
4.2,4.0,0.373,0.354,0.336,0.317,0.518,0.519,0.543,0.543,7.77,66.419,261945500.0
4.21,4.0,0.373,0.353,0.336,0.316,0.518,0.519,0.542,0.542,7.77,66.367,262569200.0
4.22,4.0,0.372,0.353,0.335,0.316,0.517,0.519,0.542,0.542,7.76,66.315,263192900.0
4.23,4.0,0.371,0.352,0.334,0.315,0.517,0.518,0.542,0.542,7.76,66.267,263816600.0
4.24,4.0,0.37,0.351,0.333,0.314,0.516,0.517,0.541,0.541,7.75,66.238,264440200.0
4.25,4.0,0.369,0.351,0.333,0.314,0.515,0.517,0.54,0.54,7.73,66.209,265063900.0
4.26,4.0,0.369,0.35,0.332,0.313,0.515,0.516,0.539,0.539,7.72,66.18,265687600.0
4.27,4.0,0.368,0.349,0.331,0.312,0.514,0.515,0.538,0.538,7.71,66.151,266311300.0
4.28,4.0,0.367,0.348,0.33,0.312,0.513,0.514,0.537,0.537,7.7,66.122,266935000.0
4.29,4.0,0.366,0.348,0.33,0.311,0.512,0.514,0.537,0.537,7.69,66.093,267558600.0
4.3,4.0,0.365,0.347,0.329,0.31,0.512,0.513,0.536,0.536,7.68,66.064,268182300.0
4.31,4.0,0.365,0.346,0.328,0.31,0.511,0.512,0.535,0.535,7.66,66.035,268806000.0
4.32,4.0,0.364,0.346,0.327,0.309,0.51,0.511,0.534,0.534,7.65,66.007,269429700.0
4.33,4.0,0.363,0.345,0.327,0.308,0.509,0.511,0.533,0.533,7.64,65.978,270053300.0
4.34,4.0,0.362,0.344,0.326,0.308,0.509,0.51,0.533,0.533,7.63,65.949,270677100.0
4.35,4.0,0.362,0.343,0.325,0.307,0.508,0.509,0.532,0.532,7.62,65.92,271300700.0
4.36,4.0,0.361,0.343,0.325,0.306,0.507,0.508,0.531,0.531,7.61,65.892,271924400.0
4.37,4.0,0.36,0.342,0.324,0.306,0.506,0.508,0.53,0.53,7.6,65.863,272548100.0
4.38,4.0,0.359,0.341,0.323,0.305,0.506,0.507,0.529,0.529,7.58,65.835,273171700.0
4.39,4.0,0.359,0.341,0.323,0.304,0.505,0.506,0.529,0.529,7.57,65.806,273795400.0
4.4,4.0,0.358,0.34,0.322,0.304,0.504,0.505,0.528,0.528,7.56,65.777,274419100.0
4.41,4.0,0.357,0.339,0.321,0.303,0.503,0.505,0.527,0.527,7.55,65.749,275042800.0
4.42,4.0,0.356,0.339,0.32,0.303,0.503,0.504,0.526,0.526,7.54,65.72,275666500.0
4.43,4.0,0.356,0.338,0.32,0.302,0.502,0.503,0.526,0.526,7.53,65.692,276290100.0
4.44,4.0,0.355,0.337,0.319,0.301,0.501,0.503,0.525,0.525,7.52,65.663,276913800.0
4.45,4.0,0.354,0.337,0.318,0.301,0.501,0.502,0.524,0.524,7.51,65.635,277537500.0
4.46,4.0,0.353,0.336,0.318,0.3,0.5,0.501,0.523,0.523,7.5,65.607,278161200.0
4.47,4.0,0.353,0.335,0.317,0.3,0.499,0.5,0.523,0.523,7.49,65.578,278784900.0
4.48,4.0,0.352,0.335,0.316,0.299,0.498,0.5,0.522,0.522,7.47,65.55,279408500.0
4.49,4.0,0.351,0.334,0.316,0.299,0.498,0.499,0.521,0.521,7.46,65.522,280032200.0
4.5,4.0,0.351,0.333,0.315,0.298,0.497,0.498,0.52,0.52,7.45,65.493,280655900.0
4.51,4.0,0.35,0.333,0.314,0.297,0.496,0.498,0.52,0.52,7.44,65.465,281279600.0
4.52,4.0,0.349,0.332,0.314,0.297,0.496,0.497,0.519,0.519,7.43,65.437,281903300.0
4.53,4.0,0.348,0.332,0.313,0.296,0.495,0.496,0.518,0.518,7.42,65.409,282527000.0
4.54,4.0,0.348,0.331,0.312,0.296,0.494,0.495,0.517,0.517,7.41,65.381,283150600.0
4.55,4.0,0.347,0.33,0.312,0.295,0.494,0.495,0.517,0.517,7.4,65.352,283774300.0
4.56,4.0,0.346,0.33,0.311,0.294,0.493,0.494,0.516,0.516,7.39,65.324,284398000.0
4.57,4.0,0.346,0.329,0.31,0.294,0.492,0.493,0.515,0.515,7.38,65.296,285021700.0
4.58,4.0,0.345,0.328,0.31,0.293,0.492,0.493,0.514,0.514,7.37,65.268,285645300.0
4.59,4.0,0.344,0.328,0.309,0.293,0.491,0.492,0.514,0.514,7.36,65.24,286269000.0
4.6,4.0,0.344,0.327,0.309,0.292,0.49,0.491,0.513,0.513,7.35,65.212,286892700.0
4.61,4.0,0.343,0.327,0.308,0.292,0.49,0.491,0.512,0.512,7.34,65.184,287516400.0
4.62,4.0,0.342,0.326,0.307,0.291,0.489,0.49,0.512,0.512,7.33,65.156,288140100.0
4.63,4.0,0.341,0.325,0.307,0.291,0.488,0.489,0.511,0.511,7.32,65.128,288763700.0
4.64,4.0,0.341,0.325,0.306,0.29,0.487,0.489,0.51,0.51,7.31,65.101,289387400.0
4.65,4.0,0.34,0.324,0.305,0.289,0.487,0.488,0.509,0.509,7.3,65.073,290011100.0
4.66,4.0,0.339,0.324,0.305,0.289,0.486,0.487,0.509,0.509,7.29,65.045,290634800.0
4.67,4.0,0.339,0.323,0.304,0.288,0.486,0.487,0.508,0.508,7.28,65.017,291258500.0
4.68,4.0,0.338,0.322,0.303,0.288,0.485,0.486,0.507,0.507,7.27,64.989,291882100.0
4.69,4.0,0.337,0.322,0.303,0.287,0.484,0.485,0.507,0.507,7.26,64.962,292505800.0
4.7,4.0,0.337,0.321,0.302,0.287,0.484,0.485,0.506,0.506,7.25,64.934,293129500.0
4.71,4.0,0.336,0.321,0.302,0.286,0.483,0.484,0.505,0.505,7.24,64.906,293753200.0
4.72,4.0,0.335,0.32,0.301,0.286,0.482,0.483,0.504,0.504,7.23,64.879,294376900.0
4.73,4.0,0.335,0.319,0.3,0.285,0.482,0.483,0.504,0.504,7.22,64.851,295000500.0
4.74,4.0,0.334,0.319,0.3,0.285,0.481,0.482,0.503,0.503,7.21,64.824,295624200.0
4.75,4.0,0.334,0.318,0.299,0.284,0.48,0.481,0.502,0.502,7.2,64.796,296247900.0
4.76,4.0,0.333,0.318,0.299,0.283,0.48,0.481,0.502,0.502,7.19,64.769,296871600.0
4.77,4.0,0.332,0.317,0.298,0.283,0.479,0.48,0.501,0.501,7.18,64.741,297495300.0
4.78,4.0,0.332,0.317,0.297,0.282,0.478,0.479,0.5,0.5,7.17,64.714,298118900.0
4.79,4.0,0.331,0.316,0.297,0.282,0.478,0.479,0.5,0.5,7.16,64.686,298742600.0
4.8,4.0,0.33,0.315,0.296,0.281,0.477,0.478,0.499,0.499,7.15,64.659,299366300.0
4.81,4.0,0.33,0.315,0.296,0.281,0.477,0.478,0.498,0.498,7.14,64.632,299990000.0
4.82,4.0,0.329,0.314,0.295,0.28,0.476,0.477,0.498,0.498,7.13,64.604,300613700.0
4.83,4.0,0.328,0.314,0.294,0.28,0.475,0.476,0.497,0.497,7.12,64.577,301237300.0
4.84,4.0,0.328,0.313,0.294,0.279,0.475,0.476,0.496,0.496,7.11,64.55,301861000.0
4.85,4.0,0.327,0.313,0.293,0.279,0.474,0.475,0.496,0.496,7.1,64.522,302484700.0
4.86,4.0,0.326,0.312,0.293,0.278,0.473,0.474,0.495,0.495,7.09,64.495,303108400.0
4.87,4.0,0.326,0.311,0.292,0.278,0.473,0.474,0.494,0.494,7.08,64.468,303732100.0
4.88,4.0,0.325,0.311,0.292,0.277,0.472,0.473,0.494,0.494,7.07,64.441,304355700.0
4.89,4.0,0.325,0.31,0.291,0.277,0.472,0.473,0.493,0.493,7.06,64.414,304979400.0
4.9,4.0,0.324,0.31,0.29,0.276,0.471,0.472,0.492,0.492,7.05,64.387,305603100.0
4.91,4.0,0.323,0.309,0.29,0.276,0.47,0.471,0.492,0.492,7.04,64.36,306226800.0
4.92,4.0,0.323,0.309,0.289,0.275,0.47,0.471,0.491,0.491,7.03,64.333,306850500.0
4.93,4.0,0.322,0.308,0.289,0.275,0.469,0.47,0.49,0.49,7.03,64.306,307474100.0
4.94,4.0,0.322,0.308,0.288,0.274,0.469,0.47,0.49,0.49,7.02,64.279,308097800.0
4.95,4.0,0.321,0.307,0.288,0.274,0.468,0.469,0.489,0.489,7.01,64.252,308721500.0
4.96,4.0,0.32,0.307,0.287,0.273,0.467,0.468,0.489,0.489,7.0,64.225,309345200.0
4.97,4.0,0.32,0.306,0.286,0.273,0.467,0.468,0.488,0.488,6.99,64.198,309968800.0
4.98,4.0,0.319,0.305,0.286,0.272,0.466,0.467,0.487,0.487,6.98,64.171,310592500.0
4.99,4.0,0.319,0.305,0.285,0.272,0.466,0.467,0.487,0.487,6.97,64.144,311216200.0
5.0,4.0,0.318,0.304,0.285,0.271,0.465,0.466,0.486,0.486,6.96,64.118,311839900.0
0.01,5.0,0.514,0.501,0.399,0.386,1.294,1.295,1.333,1.333,14.9,81.737,623680.0
0.02,5.0,0.522,0.509,0.407,0.394,1.293,1.294,1.333,1.333,14.9,81.737,1247360.0
0.03,5.0,0.513,0.5,0.398,0.385,1.294,1.295,1.333,1.333,14.9,81.737,1871039.0
0.04,5.0,0.503,0.49,0.388,0.375,1.295,1.296,1.333,1.333,14.9,81.737,2494719.0
0.05,5.0,0.494,0.481,0.379,0.367,1.295,1.296,1.333,1.333,14.9,81.737,3118399.0
0.06,5.0,0.492,0.479,0.377,0.364,1.295,1.297,1.333,1.333,14.9,81.737,3742079.0
0.07,5.0,0.49,0.477,0.375,0.362,1.296,1.297,1.333,1.333,14.9,81.737,4365758.0
0.08,5.0,0.488,0.475,0.373,0.36,1.296,1.297,1.333,1.333,14.9,81.737,4989438.0
0.09,5.0,0.486,0.473,0.371,0.358,1.296,1.297,1.333,1.333,14.9,81.737,5613118.0
0.1,5.0,0.485,0.472,0.37,0.357,1.296,1.297,1.333,1.333,14.9,81.737,6236798.0
0.11,5.0,0.485,0.472,0.37,0.357,1.296,1.297,1.333,1.333,14.9,81.737,6860478.0
0.12,5.0,0.485,0.472,0.37,0.357,1.296,1.297,1.333,1.333,14.9,81.737,7484158.0
0.13,5.0,0.485,0.472,0.37,0.357,1.296,1.297,1.333,1.333,14.9,81.737,8107837.0
0.14,5.0,0.485,0.472,0.37,0.357,1.296,1.297,1.333,1.333,14.9,81.737,8731517.0
0.15,5.0,0.485,0.472,0.37,0.357,1.296,1.297,1.333,1.333,14.9,81.737,9355197.0
0.16,5.0,0.485,0.472,0.37,0.357,1.296,1.297,1.333,1.333,14.9,81.737,9978877.0
0.17,5.0,0.485,0.472,0.37,0.357,1.296,1.297,1.333,1.333,14.9,81.737,10602560.0
0.18,5.0,0.485,0.472,0.37,0.357,1.296,1.297,1.333,1.333,14.9,81.737,11226240.0
0.19,5.0,0.485,0.472,0.37,0.357,1.296,1.297,1.333,1.333,14.9,81.737,11849920.0
0.2,5.0,0.485,0.472,0.37,0.357,1.296,1.297,1.333,1.333,14.9,81.737,12473600.0
0.21,5.0,0.485,0.472,0.37,0.357,1.296,1.297,1.333,1.333,14.9,81.737,13097280.0
0.22,5.0,0.485,0.472,0.37,0.357,1.296,1.297,1.333,1.333,14.9,81.737,13720960.0
0.23,5.0,0.485,0.472,0.37,0.357,1.296,1.297,1.333,1.333,14.9,81.737,14344640.0
0.24,5.0,0.485,0.472,0.37,0.357,1.296,1.297,1.333,1.333,14.9,81.737,14968320.0
0.25,5.0,0.485,0.472,0.37,0.357,1.296,1.297,1.333,1.333,14.9,81.737,15592000.0
0.26,5.0,0.485,0.472,0.37,0.357,1.296,1.297,1.333,1.333,14.9,81.737,16215670.0
0.27,5.0,0.485,0.472,0.37,0.357,1.296,1.297,1.333,1.333,14.9,81.737,16839360.0
0.28,5.0,0.485,0.472,0.37,0.357,1.296,1.297,1.333,1.333,14.9,81.737,17463030.0
0.29,5.0,0.485,0.472,0.37,0.357,1.296,1.297,1.333,1.333,14.9,81.737,18086710.0
0.3,5.0,0.485,0.472,0.37,0.357,1.296,1.297,1.333,1.333,14.9,81.737,18710390.0
0.31,5.0,0.485,0.472,0.37,0.357,1.296,1.297,1.333,1.333,14.9,81.737,19334070.0
0.32,5.0,0.485,0.472,0.37,0.358,1.296,1.297,1.333,1.333,14.9,81.737,19957750.0
0.33,5.0,0.485,0.472,0.371,0.358,1.296,1.297,1.333,1.333,14.9,81.737,20581430.0
0.34,5.0,0.486,0.473,0.371,0.358,1.296,1.297,1.333,1.333,14.9,81.737,21205110.0
0.35,5.0,0.486,0.473,0.371,0.358,1.296,1.297,1.333,1.333,14.9,81.737,21828790.0
0.36,5.0,0.486,0.473,0.371,0.358,1.296,1.297,1.333,1.333,14.9,81.737,22452470.0
0.37,5.0,0.486,0.473,0.371,0.358,1.296,1.297,1.333,1.333,14.9,81.737,23076150.0
0.38,5.0,0.486,0.473,0.371,0.358,1.296,1.297,1.333,1.333,14.9,81.737,23699830.0
0.39,5.0,0.486,0.473,0.371,0.358,1.296,1.297,1.333,1.333,14.9,81.737,24323510.0
0.4,5.0,0.486,0.473,0.371,0.358,1.296,1.297,1.333,1.333,14.9,81.737,24947190.0
0.41,5.0,0.486,0.473,0.372,0.359,1.296,1.297,1.333,1.333,14.9,81.737,25570870.0
0.42,5.0,0.486,0.473,0.372,0.359,1.296,1.297,1.333,1.333,14.9,81.737,26194550.0
0.43,5.0,0.487,0.474,0.372,0.359,1.296,1.297,1.333,1.333,14.9,81.737,26818230.0
0.44,5.0,0.487,0.474,0.372,0.359,1.296,1.297,1.333,1.333,14.9,81.737,27441910.0
0.45,5.0,0.487,0.474,0.372,0.359,1.296,1.297,1.333,1.333,14.9,81.737,28065590.0
0.46,5.0,0.487,0.474,0.372,0.359,1.296,1.297,1.333,1.333,14.9,81.737,28689270.0
0.47,5.0,0.487,0.474,0.372,0.359,1.296,1.297,1.333,1.333,14.9,81.737,29312950.0
0.48,5.0,0.487,0.474,0.372,0.359,1.296,1.297,1.333,1.333,14.9,81.737,29936630.0
0.49,5.0,0.487,0.474,0.372,0.359,1.296,1.297,1.333,1.333,14.9,81.737,30560310.0
0.5,5.0,0.487,0.474,0.373,0.36,1.296,1.297,1.333,1.333,14.9,81.737,31183990.0
0.51,5.0,0.487,0.475,0.373,0.36,1.296,1.297,1.333,1.333,14.9,81.737,31807670.0
0.52,5.0,0.488,0.475,0.373,0.36,1.296,1.297,1.333,1.333,14.9,81.737,32431350.0
0.53,5.0,0.488,0.475,0.373,0.36,1.296,1.297,1.333,1.333,14.9,81.737,33055030.0
0.54,5.0,0.488,0.475,0.373,0.36,1.296,1.297,1.333,1.333,14.9,81.737,33678710.0
0.55,5.0,0.488,0.475,0.373,0.36,1.296,1.297,1.333,1.333,14.9,81.737,34302390.0
0.56,5.0,0.488,0.475,0.373,0.36,1.296,1.297,1.333,1.333,14.9,81.737,34926070.0
0.57,5.0,0.488,0.475,0.373,0.36,1.296,1.297,1.333,1.333,14.9,81.737,35549750.0
0.58,5.0,0.488,0.475,0.373,0.36,1.296,1.297,1.333,1.333,14.9,81.737,36173430.0
0.59,5.0,0.488,0.475,0.374,0.36,1.296,1.297,1.333,1.333,14.9,81.737,36797110.0
0.6,5.0,0.488,0.475,0.374,0.36,1.296,1.297,1.333,1.333,14.9,81.737,37420790.0
0.61,5.0,0.489,0.475,0.374,0.36,1.296,1.297,1.333,1.333,14.9,81.737,38044470.0
0.62,5.0,0.489,0.475,0.374,0.36,1.296,1.297,1.333,1.333,14.9,81.737,38668150.0
0.63,5.0,0.49,0.475,0.375,0.36,1.296,1.297,1.333,1.333,14.9,81.737,39291830.0
0.64,5.0,0.49,0.475,0.375,0.361,1.296,1.297,1.333,1.333,14.9,81.737,39915510.0
0.65,5.0,0.49,0.476,0.376,0.361,1.296,1.297,1.333,1.333,14.9,81.737,40539180.0
0.66,5.0,0.491,0.476,0.376,0.361,1.296,1.297,1.333,1.333,14.9,81.737,41162870.0
0.67,5.0,0.491,0.476,0.376,0.361,1.296,1.297,1.333,1.333,14.9,81.737,41786550.0
0.68,5.0,0.491,0.476,0.377,0.361,1.296,1.297,1.333,1.333,14.9,81.737,42410230.0
0.69,5.0,0.492,0.476,0.377,0.361,1.295,1.297,1.333,1.333,14.9,81.737,43033900.0
0.7,5.0,0.492,0.476,0.377,0.361,1.295,1.297,1.333,1.333,14.9,81.737,43657580.0
0.71,5.0,0.493,0.476,0.378,0.361,1.295,1.297,1.333,1.333,14.9,81.737,44281260.0
0.72,5.0,0.493,0.476,0.378,0.361,1.295,1.297,1.333,1.333,14.9,81.737,44904950.0
0.73,5.0,0.493,0.476,0.379,0.362,1.295,1.297,1.333,1.333,14.9,81.737,45528630.0
0.74,5.0,0.494,0.477,0.379,0.362,1.295,1.297,1.333,1.333,14.9,81.737,46152300.0
0.75,5.0,0.494,0.477,0.379,0.362,1.295,1.297,1.333,1.333,14.9,81.737,46775980.0
0.76,5.0,0.494,0.477,0.38,0.362,1.295,1.297,1.333,1.333,14.9,81.737,47399660.0
0.77,5.0,0.495,0.477,0.38,0.362,1.295,1.297,1.333,1.333,14.9,81.737,48023340.0
0.78,5.0,0.495,0.477,0.38,0.362,1.295,1.297,1.333,1.333,14.9,81.737,48647020.0
0.79,5.0,0.496,0.477,0.381,0.362,1.295,1.297,1.333,1.333,14.9,81.737,49270700.0
0.8,5.0,0.496,0.477,0.381,0.362,1.295,1.297,1.333,1.333,14.9,81.737,49894380.0
0.81,5.0,0.496,0.477,0.382,0.362,1.295,1.297,1.333,1.333,14.9,81.737,50518060.0
0.82,5.0,0.497,0.477,0.382,0.363,1.295,1.297,1.333,1.333,14.9,81.737,51141740.0
0.83,5.0,0.497,0.478,0.382,0.363,1.295,1.297,1.333,1.333,14.9,81.737,51765420.0
0.84,5.0,0.497,0.478,0.383,0.363,1.295,1.297,1.333,1.333,14.9,81.737,52389100.0
0.85,5.0,0.498,0.478,0.383,0.363,1.295,1.297,1.333,1.333,14.9,81.737,53012780.0
0.86,5.0,0.498,0.478,0.383,0.363,1.295,1.297,1.333,1.333,14.9,81.737,53636460.0
0.87,5.0,0.499,0.478,0.384,0.363,1.295,1.297,1.333,1.333,14.9,81.737,54260140.0
0.88,5.0,0.499,0.478,0.384,0.363,1.295,1.297,1.333,1.333,14.9,81.737,54883820.0
0.89,5.0,0.499,0.478,0.385,0.363,1.295,1.297,1.333,1.333,14.9,81.737,55507500.0
0.9,5.0,0.5,0.478,0.385,0.363,1.295,1.297,1.333,1.333,14.9,81.737,56131180.0
0.91,5.0,0.501,0.479,0.388,0.366,1.278,1.28,1.317,1.317,14.72,81.665,56754860.0
0.92,5.0,0.507,0.485,0.395,0.373,1.262,1.264,1.301,1.301,14.53,81.593,57378540.0
0.93,5.0,0.518,0.495,0.408,0.385,1.245,1.247,1.285,1.285,14.35,81.521,58002220.0
0.94,5.0,0.53,0.505,0.421,0.396,1.227,1.229,1.269,1.269,14.16,81.45,58625900.0
0.95,5.0,0.541,0.516,0.433,0.408,1.21,1.212,1.253,1.253,13.98,81.378,59249580.0
0.96,5.0,0.552,0.526,0.446,0.42,1.193,1.195,1.236,1.236,13.79,81.306,59873260.0
0.97,5.0,0.564,0.536,0.459,0.431,1.176,1.178,1.22,1.22,13.6,81.235,60496940.0
0.98,5.0,0.575,0.546,0.472,0.443,1.158,1.161,1.204,1.204,13.42,81.163,61120620.0
0.99,5.0,0.587,0.556,0.485,0.455,1.141,1.144,1.188,1.188,13.23,81.091,61744300.0
1.0,5.0,0.598,0.567,0.498,0.466,1.124,1.127,1.172,1.172,13.05,81.02,62367980.0
1.01,5.0,0.609,0.577,0.511,0.478,1.107,1.11,1.156,1.156,12.86,80.948,62991660.0
1.02,5.0,0.621,0.587,0.523,0.49,1.09,1.093,1.14,1.14,12.68,80.876,63615340.0
1.03,5.0,0.632,0.597,0.536,0.501,1.072,1.075,1.123,1.123,12.49,80.805,64239020.0
1.04,5.0,0.643,0.607,0.549,0.513,1.055,1.058,1.107,1.107,12.31,80.733,64862700.0
1.05,5.0,0.655,0.618,0.562,0.525,1.038,1.041,1.091,1.091,12.12,80.661,65486380.0
1.06,5.0,0.654,0.617,0.561,0.524,1.039,1.042,1.092,1.092,12.13,80.611,66110060.0
1.07,5.0,0.653,0.616,0.56,0.523,1.04,1.043,1.093,1.093,12.14,80.565,66733740.0
1.08,5.0,0.652,0.615,0.559,0.522,1.041,1.044,1.093,1.093,12.15,80.523,67357420.0
1.09,5.0,0.651,0.614,0.558,0.521,1.041,1.045,1.094,1.094,12.16,80.484,67981100.0
1.1,5.0,0.65,0.613,0.556,0.52,1.042,1.045,1.095,1.095,12.17,80.447,68604780.0
1.11,5.0,0.649,0.612,0.555,0.519,1.042,1.046,1.095,1.095,12.17,80.405,69228460.0
1.12,5.0,0.648,0.612,0.554,0.518,1.042,1.045,1.095,1.095,12.17,80.354,69852140.0
1.13,5.0,0.647,0.611,0.553,0.517,1.042,1.045,1.094,1.094,12.16,80.305,70475820.0
1.14,5.0,0.645,0.61,0.552,0.516,1.042,1.045,1.094,1.094,12.16,80.258,71099500.0
1.15,5.0,0.644,0.609,0.551,0.515,1.041,1.045,1.094,1.094,12.16,80.217,71723180.0
1.16,5.0,0.642,0.607,0.549,0.514,1.041,1.044,1.093,1.093,12.15,80.19,72346860.0
1.17,5.0,0.64,0.605,0.547,0.512,1.04,1.043,1.092,1.092,12.15,80.164,72970540.0
1.18,5.0,0.638,0.603,0.545,0.51,1.039,1.042,1.09,1.09,12.15,80.14,73594220.0
1.19,5.0,0.636,0.601,0.543,0.508,1.038,1.041,1.089,1.089,12.14,80.116,74217900.0
1.2,5.0,0.634,0.599,0.541,0.506,1.037,1.04,1.088,1.088,12.14,80.094,74841580.0
1.21,5.0,0.632,0.597,0.539,0.504,1.036,1.039,1.087,1.087,12.14,80.072,75465260.0
1.22,5.0,0.63,0.595,0.537,0.502,1.035,1.038,1.086,1.086,12.13,80.052,76088940.0
1.23,5.0,0.628,0.593,0.535,0.5,1.034,1.037,1.085,1.085,12.13,80.032,76712620.0
1.24,5.0,0.626,0.591,0.533,0.498,1.033,1.037,1.084,1.084,12.12,80.011,77336300.0
1.25,5.0,0.624,0.589,0.532,0.496,1.032,1.036,1.083,1.083,12.12,79.991,77959980.0
1.26,5.0,0.622,0.587,0.53,0.494,1.032,1.035,1.082,1.082,12.12,79.972,78583660.0
1.27,5.0,0.62,0.585,0.528,0.493,1.031,1.034,1.081,1.081,12.11,79.953,79207340.0
1.28,5.0,0.618,0.583,0.526,0.491,1.03,1.033,1.08,1.08,12.11,79.935,79831020.0
1.29,5.0,0.616,0.581,0.524,0.489,1.029,1.032,1.078,1.078,12.1,79.917,80454690.0
1.3,5.0,0.614,0.579,0.522,0.487,1.028,1.031,1.077,1.077,12.1,79.901,81078370.0
1.31,5.0,0.612,0.577,0.52,0.485,1.027,1.03,1.076,1.076,12.1,79.884,81702050.0
1.32,5.0,0.61,0.575,0.518,0.483,1.026,1.029,1.075,1.075,12.09,79.868,82325740.0
1.33,5.0,0.609,0.574,0.517,0.482,1.025,1.028,1.074,1.074,12.09,79.853,82949420.0
1.34,5.0,0.607,0.572,0.516,0.48,1.024,1.027,1.073,1.073,12.08,79.838,83573100.0
1.35,5.0,0.606,0.571,0.514,0.479,1.023,1.026,1.072,1.072,12.08,79.823,84196780.0
1.36,5.0,0.604,0.57,0.513,0.478,1.022,1.025,1.071,1.071,12.07,79.809,84820460.0
1.37,5.0,0.603,0.568,0.512,0.477,1.021,1.024,1.069,1.069,12.07,79.796,85444140.0
1.38,5.0,0.602,0.567,0.511,0.476,1.02,1.023,1.068,1.068,12.07,79.783,86067810.0
1.39,5.0,0.601,0.566,0.51,0.475,1.019,1.022,1.067,1.067,12.06,79.77,86691490.0
1.4,5.0,0.6,0.565,0.509,0.474,1.018,1.021,1.066,1.066,12.06,79.757,87315170.0
1.41,5.0,0.599,0.564,0.509,0.473,1.017,1.02,1.065,1.065,12.05,79.745,87938850.0
1.42,5.0,0.599,0.564,0.508,0.473,1.015,1.019,1.064,1.064,12.05,79.733,88562530.0
1.43,5.0,0.598,0.563,0.507,0.472,1.014,1.017,1.063,1.063,12.05,79.722,89186210.0
1.44,5.0,0.597,0.562,0.507,0.472,1.013,1.016,1.062,1.062,12.04,79.711,89809900.0
1.45,5.0,0.597,0.562,0.506,0.471,1.012,1.015,1.06,1.06,12.03,79.7,90433580.0
1.46,5.0,0.596,0.561,0.506,0.471,1.011,1.014,1.059,1.059,12.02,79.689,91057260.0
1.47,5.0,0.596,0.561,0.505,0.47,1.01,1.013,1.058,1.058,12.01,79.679,91680940.0
1.48,5.0,0.595,0.56,0.505,0.47,1.009,1.012,1.057,1.057,12.0,79.669,92304610.0
1.49,5.0,0.595,0.56,0.505,0.47,1.008,1.011,1.056,1.056,11.99,79.659,92928290.0
1.5,5.0,0.595,0.56,0.505,0.47,1.007,1.01,1.055,1.055,11.98,79.65,93551970.0
1.51,5.0,0.595,0.56,0.505,0.47,1.006,1.009,1.054,1.054,11.97,79.641,94175650.0
1.52,5.0,0.594,0.56,0.505,0.47,1.005,1.008,1.053,1.053,11.96,79.632,94799330.0
1.53,5.0,0.594,0.559,0.505,0.47,1.003,1.006,1.051,1.051,11.95,79.623,95423010.0
1.54,5.0,0.594,0.559,0.505,0.47,1.002,1.005,1.05,1.05,11.94,79.615,96046690.0
1.55,5.0,0.594,0.559,0.505,0.47,1.001,1.004,1.049,1.049,11.93,79.607,96670370.0
1.56,5.0,0.595,0.56,0.505,0.47,1.0,1.003,1.048,1.048,11.92,79.599,97294050.0
1.57,5.0,0.595,0.56,0.505,0.47,0.999,1.002,1.047,1.047,11.91,79.591,97917730.0
1.58,5.0,0.595,0.56,0.506,0.471,0.998,1.001,1.046,1.046,11.9,79.584,98541410.0
1.59,5.0,0.595,0.56,0.506,0.471,0.997,1.0,1.045,1.045,11.89,79.577,99165090.0
1.6,5.0,0.596,0.561,0.507,0.472,0.995,0.998,1.044,1.044,11.88,79.57,99788770.0
1.61,5.0,0.596,0.561,0.507,0.472,0.994,0.997,1.042,1.042,11.87,79.563,100412400.0
1.62,5.0,0.597,0.562,0.508,0.473,0.993,0.996,1.041,1.041,11.86,79.556,101036100.0
1.63,5.0,0.597,0.562,0.508,0.473,0.992,0.995,1.04,1.04,11.85,79.55,101659800.0
1.64,5.0,0.598,0.563,0.509,0.474,0.991,0.994,1.039,1.039,11.84,79.544,102283500.0
1.65,5.0,0.598,0.563,0.51,0.475,0.989,0.993,1.038,1.038,11.83,79.538,102907200.0
1.66,5.0,0.599,0.564,0.511,0.476,0.988,0.991,1.037,1.037,11.82,79.532,103530800.0
1.67,5.0,0.6,0.565,0.512,0.476,0.987,0.99,1.036,1.036,11.81,79.526,104154500.0
1.68,5.0,0.601,0.566,0.513,0.477,0.986,0.989,1.034,1.034,11.8,79.521,104778200.0
1.69,5.0,0.602,0.567,0.514,0.478,0.985,0.988,1.033,1.033,11.79,79.516,105401900.0
1.7,5.0,0.603,0.568,0.515,0.479,0.983,0.986,1.032,1.032,11.78,79.511,106025600.0
1.71,5.0,0.604,0.569,0.516,0.481,0.982,0.985,1.031,1.031,11.77,79.506,106649200.0
1.72,5.0,0.605,0.57,0.517,0.482,0.981,0.984,1.03,1.03,11.76,79.501,107272900.0
1.73,5.0,0.606,0.571,0.518,0.483,0.98,0.983,1.029,1.029,11.75,79.497,107896600.0
1.74,5.0,0.607,0.572,0.52,0.484,0.978,0.982,1.028,1.028,11.74,79.493,108520300.0
1.75,5.0,0.608,0.573,0.521,0.486,0.977,0.98,1.026,1.026,11.73,79.488,109144000.0
1.76,5.0,0.61,0.575,0.522,0.487,0.976,0.979,1.025,1.025,11.72,79.485,109767600.0
1.77,5.0,0.611,0.576,0.524,0.489,0.975,0.978,1.024,1.024,11.71,79.481,110391300.0
1.78,5.0,0.613,0.578,0.525,0.49,0.973,0.976,1.023,1.023,11.7,79.477,111015000.0
1.79,5.0,0.614,0.579,0.527,0.492,0.972,0.975,1.022,1.022,11.69,79.474,111638700.0
1.8,5.0,0.616,0.581,0.529,0.494,0.971,0.974,1.021,1.021,11.68,79.47,112262400.0
1.81,5.0,0.617,0.582,0.53,0.495,0.97,0.973,1.02,1.02,11.67,79.467,112886000.0
1.82,5.0,0.619,0.584,0.532,0.497,0.968,0.971,1.018,1.018,11.66,79.464,113509700.0
1.83,5.0,0.621,0.586,0.534,0.499,0.967,0.97,1.017,1.017,11.65,79.462,114133400.0
1.84,5.0,0.623,0.588,0.536,0.501,0.966,0.969,1.016,1.016,11.64,79.459,114757100.0
1.85,5.0,0.625,0.59,0.538,0.503,0.964,0.967,1.015,1.015,11.63,79.456,115380800.0
1.86,5.0,0.627,0.592,0.54,0.505,0.963,0.966,1.014,1.014,11.62,79.454,116004400.0
1.87,5.0,0.629,0.594,0.542,0.507,0.962,0.965,1.013,1.013,11.61,79.452,116628100.0
1.88,5.0,0.631,0.596,0.545,0.509,0.96,0.963,1.012,1.012,11.6,79.45,117251800.0
1.89,5.0,0.633,0.598,0.547,0.512,0.959,0.962,1.01,1.01,11.59,79.448,117875500.0
1.9,5.0,0.635,0.6,0.549,0.514,0.958,0.961,1.009,1.009,11.58,79.446,118499200.0
1.91,5.0,0.637,0.602,0.552,0.516,0.956,0.959,1.008,1.008,11.57,79.445,119122800.0
1.92,5.0,0.64,0.605,0.554,0.519,0.955,0.958,1.007,1.007,11.56,79.443,119746500.0
1.93,5.0,0.642,0.607,0.557,0.521,0.953,0.957,1.006,1.006,11.55,79.442,120370200.0
1.94,5.0,0.645,0.61,0.559,0.524,0.952,0.955,1.005,1.005,11.54,79.441,120993900.0
1.95,5.0,0.647,0.612,0.562,0.527,0.951,0.954,1.003,1.003,11.53,79.44,121617600.0
1.96,5.0,0.65,0.615,0.565,0.529,0.949,0.952,1.002,1.002,11.52,79.439,122241200.0
1.97,5.0,0.652,0.617,0.567,0.532,0.948,0.951,1.001,1.001,11.51,79.439,122864900.0
1.98,5.0,0.655,0.62,0.57,0.535,0.947,0.95,1.0,1.0,11.5,79.438,123488600.0
1.99,5.0,0.658,0.623,0.573,0.538,0.945,0.948,0.999,0.999,11.49,79.438,124112300.0
2.0,5.0,0.661,0.626,0.576,0.541,0.944,0.947,0.998,0.998,11.48,79.437,124736000.0
2.01,5.0,0.664,0.629,0.579,0.544,0.942,0.945,0.997,0.997,11.47,79.437,125359600.0
2.02,5.0,0.667,0.632,0.583,0.547,0.941,0.944,0.995,0.995,11.46,79.437,125983300.0
2.03,5.0,0.67,0.635,0.586,0.55,0.939,0.942,0.994,0.994,11.45,79.437,126607000.0
2.04,5.0,0.674,0.638,0.589,0.554,0.938,0.941,0.993,0.993,11.44,79.438,127230700.0
2.05,5.0,0.677,0.641,0.593,0.557,0.936,0.94,0.992,0.992,11.43,79.438,127854400.0
2.06,5.0,0.68,0.645,0.596,0.56,0.935,0.938,0.991,0.991,11.42,79.439,128478000.0
2.07,5.0,0.684,0.648,0.6,0.564,0.933,0.937,0.989,0.989,11.41,79.439,129101700.0
2.08,5.0,0.688,0.652,0.604,0.568,0.932,0.935,0.988,0.988,11.4,79.44,129725400.0
2.09,5.0,0.691,0.655,0.607,0.571,0.93,0.934,0.987,0.987,11.39,79.441,130349100.0
2.1,5.0,0.695,0.659,0.611,0.575,0.929,0.932,0.986,0.986,11.38,79.442,130972800.0
2.11,5.0,0.699,0.662,0.615,0.579,0.927,0.931,0.985,0.985,11.37,79.444,131596400.0
2.12,5.0,0.702,0.666,0.619,0.583,0.926,0.929,0.984,0.984,11.36,79.445,132220100.0
2.13,5.0,0.706,0.67,0.623,0.587,0.924,0.928,0.982,0.982,11.35,79.447,132843800.0
2.14,5.0,0.71,0.674,0.627,0.591,0.923,0.926,0.981,0.981,11.34,79.448,133467500.0
2.15,5.0,0.714,0.678,0.631,0.595,0.921,0.925,0.98,0.98,11.33,79.45,134091200.0
2.16,5.0,0.712,0.676,0.63,0.593,0.919,0.922,0.978,0.978,11.3,79.425,134714800.0
2.17,5.0,0.71,0.673,0.627,0.59,0.917,0.92,0.975,0.975,11.28,79.395,135338500.0
2.18,5.0,0.707,0.67,0.624,0.587,0.915,0.918,0.973,0.973,11.25,79.364,135962200.0
2.19,5.0,0.704,0.667,0.622,0.584,0.912,0.915,0.97,0.97,11.23,79.332,136585900.0
2.2,5.0,0.701,0.664,0.619,0.582,0.91,0.913,0.967,0.967,11.2,79.3,137209600.0
2.21,5.0,0.698,0.661,0.616,0.579,0.907,0.911,0.965,0.965,11.17,79.266,137833200.0
2.22,5.0,0.695,0.658,0.614,0.576,0.905,0.908,0.962,0.962,11.14,79.232,138456900.0
2.23,5.0,0.692,0.655,0.611,0.574,0.902,0.906,0.959,0.959,11.12,79.196,139080600.0
2.24,5.0,0.69,0.652,0.609,0.571,0.9,0.903,0.957,0.957,11.09,79.16,139704300.0
2.25,5.0,0.687,0.649,0.606,0.568,0.897,0.901,0.954,0.954,11.06,79.124,140328000.0
2.26,5.0,0.684,0.647,0.603,0.566,0.895,0.898,0.951,0.951,11.03,79.087,140951600.0
2.27,5.0,0.681,0.644,0.601,0.563,0.892,0.896,0.948,0.948,11.0,79.049,141575300.0
2.28,5.0,0.679,0.641,0.599,0.561,0.89,0.893,0.945,0.945,10.97,79.011,142199000.0
2.29,5.0,0.676,0.638,0.596,0.558,0.887,0.891,0.943,0.943,10.94,78.958,142822700.0
2.3,5.0,0.673,0.635,0.594,0.556,0.885,0.889,0.941,0.941,10.92,78.896,143446400.0
2.31,5.0,0.671,0.633,0.591,0.553,0.883,0.886,0.938,0.938,10.9,78.833,144070000.0
2.32,5.0,0.668,0.63,0.589,0.551,0.881,0.884,0.936,0.936,10.87,78.77,144693700.0
2.33,5.0,0.666,0.627,0.586,0.548,0.879,0.882,0.933,0.933,10.85,78.707,145317400.0
2.34,5.0,0.663,0.625,0.584,0.546,0.876,0.88,0.931,0.931,10.82,78.644,145941100.0
2.35,5.0,0.661,0.622,0.582,0.543,0.874,0.878,0.928,0.928,10.8,78.58,146564800.0
2.36,5.0,0.658,0.62,0.58,0.541,0.872,0.875,0.926,0.926,10.77,78.515,147188400.0
2.37,5.0,0.656,0.617,0.577,0.539,0.87,0.873,0.924,0.924,10.75,78.451,147812100.0
2.38,5.0,0.653,0.614,0.575,0.536,0.868,0.871,0.921,0.921,10.72,78.386,148435800.0
2.39,5.0,0.651,0.612,0.573,0.534,0.865,0.869,0.919,0.919,10.7,78.321,149059500.0
2.4,5.0,0.648,0.609,0.57,0.531,0.863,0.866,0.916,0.916,10.67,78.255,149683200.0
2.41,5.0,0.646,0.607,0.568,0.529,0.861,0.864,0.914,0.914,10.65,78.19,150306800.0
2.42,5.0,0.643,0.604,0.566,0.527,0.859,0.862,0.911,0.911,10.62,78.124,150930500.0
2.43,5.0,0.641,0.602,0.564,0.525,0.856,0.86,0.909,0.909,10.6,78.058,151554200.0
2.44,5.0,0.639,0.599,0.562,0.522,0.854,0.857,0.906,0.906,10.57,77.992,152177900.0
2.45,5.0,0.636,0.597,0.56,0.52,0.852,0.855,0.904,0.904,10.55,77.926,152801600.0
2.46,5.0,0.634,0.595,0.557,0.518,0.849,0.853,0.901,0.901,10.52,77.86,153425200.0
2.47,5.0,0.631,0.593,0.555,0.516,0.847,0.851,0.899,0.899,10.5,77.793,154048900.0
2.48,5.0,0.629,0.59,0.553,0.514,0.845,0.848,0.897,0.897,10.47,77.727,154672600.0
2.49,5.0,0.627,0.588,0.551,0.512,0.843,0.846,0.894,0.894,10.45,77.66,155296300.0
2.5,5.0,0.625,0.586,0.549,0.51,0.84,0.844,0.892,0.892,10.42,77.594,155920000.0
2.51,5.0,0.622,0.584,0.547,0.509,0.838,0.841,0.889,0.889,10.4,77.527,156543600.0
2.52,5.0,0.62,0.582,0.545,0.507,0.836,0.839,0.887,0.887,10.37,77.46,157167300.0
2.53,5.0,0.618,0.58,0.543,0.505,0.834,0.837,0.884,0.884,10.35,77.393,157791000.0
2.54,5.0,0.616,0.578,0.541,0.503,0.831,0.835,0.882,0.882,10.32,77.327,158414700.0
2.55,5.0,0.613,0.576,0.539,0.501,0.829,0.832,0.879,0.879,10.3,77.26,159038400.0
2.56,5.0,0.611,0.574,0.537,0.499,0.827,0.83,0.877,0.877,10.27,77.193,159662000.0
2.57,5.0,0.609,0.572,0.535,0.498,0.825,0.828,0.874,0.874,10.25,77.126,160285700.0
2.58,5.0,0.607,0.57,0.533,0.496,0.822,0.825,0.872,0.872,10.22,77.059,160909400.0
2.59,5.0,0.605,0.568,0.531,0.494,0.82,0.823,0.87,0.87,10.2,76.992,161533100.0
2.6,5.0,0.603,0.566,0.529,0.492,0.818,0.821,0.867,0.867,10.18,76.926,162156700.0
2.61,5.0,0.6,0.564,0.527,0.491,0.816,0.819,0.865,0.865,10.15,76.859,162780400.0
2.62,5.0,0.598,0.562,0.525,0.489,0.813,0.816,0.862,0.862,10.13,76.792,163404100.0
2.63,5.0,0.596,0.56,0.523,0.487,0.811,0.814,0.86,0.86,10.1,76.726,164027800.0
2.64,5.0,0.594,0.558,0.521,0.485,0.809,0.812,0.858,0.858,10.08,76.659,164651500.0
2.65,5.0,0.592,0.557,0.52,0.484,0.807,0.81,0.855,0.855,10.05,76.593,165275200.0
2.66,5.0,0.59,0.555,0.518,0.482,0.804,0.808,0.853,0.853,10.03,76.526,165898800.0
2.67,5.0,0.588,0.553,0.516,0.48,0.802,0.805,0.85,0.85,10.01,76.46,166522500.0
2.68,5.0,0.586,0.551,0.514,0.479,0.8,0.803,0.848,0.848,9.98,76.394,167146200.0
2.69,5.0,0.584,0.549,0.512,0.477,0.798,0.801,0.846,0.846,9.96,76.328,167769900.0
2.7,5.0,0.582,0.547,0.51,0.476,0.796,0.799,0.843,0.843,9.93,76.262,168393600.0
2.71,5.0,0.58,0.545,0.509,0.474,0.793,0.797,0.841,0.841,9.91,76.196,169017200.0
2.72,5.0,0.578,0.544,0.507,0.472,0.791,0.794,0.839,0.839,9.89,76.13,169640900.0
2.73,5.0,0.576,0.542,0.505,0.471,0.789,0.792,0.836,0.836,9.86,76.064,170264600.0
2.74,5.0,0.574,0.54,0.503,0.469,0.787,0.79,0.834,0.834,9.84,75.999,170888300.0
2.75,5.0,0.572,0.538,0.502,0.468,0.785,0.788,0.832,0.832,9.82,75.933,171512000.0
2.76,5.0,0.57,0.537,0.5,0.466,0.783,0.786,0.829,0.829,9.79,75.868,172135600.0
2.77,5.0,0.568,0.535,0.498,0.465,0.781,0.784,0.827,0.827,9.77,75.803,172759300.0
2.78,5.0,0.566,0.533,0.496,0.463,0.778,0.781,0.825,0.825,9.75,75.738,173383000.0
2.79,5.0,0.565,0.531,0.495,0.462,0.776,0.779,0.823,0.823,9.72,75.673,174006700.0
2.8,5.0,0.563,0.53,0.493,0.46,0.774,0.777,0.82,0.82,9.7,75.608,174630300.0
2.81,5.0,0.561,0.528,0.491,0.459,0.772,0.775,0.818,0.818,9.68,75.543,175254000.0
2.82,5.0,0.559,0.526,0.49,0.457,0.77,0.773,0.816,0.816,9.66,75.479,175877700.0
2.83,5.0,0.557,0.525,0.488,0.456,0.768,0.771,0.814,0.814,9.63,75.415,176501400.0
2.84,5.0,0.555,0.523,0.486,0.454,0.766,0.769,0.811,0.811,9.61,75.351,177125100.0
2.85,5.0,0.553,0.521,0.485,0.453,0.764,0.767,0.809,0.809,9.59,75.287,177748700.0
2.86,5.0,0.552,0.52,0.483,0.451,0.762,0.764,0.807,0.807,9.57,75.223,178372400.0
2.87,5.0,0.55,0.518,0.482,0.45,0.76,0.763,0.805,0.805,9.54,75.157,178996100.0
2.88,5.0,0.548,0.517,0.48,0.448,0.758,0.761,0.803,0.803,9.52,75.075,179619800.0
2.89,5.0,0.546,0.515,0.478,0.447,0.757,0.76,0.802,0.802,9.5,74.994,180243500.0
2.9,5.0,0.545,0.514,0.477,0.446,0.756,0.759,0.801,0.801,9.48,74.913,180867200.0
2.91,5.0,0.543,0.512,0.475,0.444,0.755,0.757,0.799,0.799,9.46,74.832,181490800.0
2.92,5.0,0.541,0.511,0.474,0.443,0.753,0.756,0.798,0.798,9.43,74.752,182114500.0
2.93,5.0,0.54,0.509,0.472,0.441,0.752,0.755,0.796,0.796,9.41,74.672,182738200.0
2.94,5.0,0.538,0.508,0.471,0.44,0.751,0.754,0.795,0.795,9.39,74.592,183361900.0
2.95,5.0,0.536,0.506,0.469,0.439,0.75,0.752,0.794,0.794,9.37,74.512,183985500.0
2.96,5.0,0.535,0.505,0.468,0.437,0.748,0.751,0.792,0.792,9.35,74.432,184609200.0
2.97,5.0,0.533,0.503,0.466,0.436,0.747,0.75,0.791,0.791,9.33,74.353,185232900.0
2.98,5.0,0.532,0.502,0.464,0.435,0.746,0.749,0.789,0.789,9.31,74.274,185856600.0
2.99,5.0,0.53,0.501,0.463,0.433,0.745,0.747,0.788,0.788,9.29,74.196,186480300.0
3.0,5.0,0.528,0.499,0.462,0.432,0.744,0.746,0.787,0.787,9.26,74.117,187103900.0
3.01,5.0,0.527,0.498,0.46,0.431,0.742,0.745,0.785,0.785,9.24,74.039,187727600.0
3.02,5.0,0.525,0.496,0.459,0.43,0.741,0.744,0.784,0.784,9.22,73.961,188351300.0
3.03,5.0,0.524,0.495,0.457,0.428,0.74,0.743,0.783,0.783,9.2,73.884,188975000.0
3.04,5.0,0.522,0.493,0.456,0.427,0.739,0.741,0.782,0.782,9.18,73.806,189598700.0
3.05,5.0,0.521,0.492,0.455,0.426,0.738,0.74,0.78,0.78,9.16,73.729,190222300.0
3.06,5.0,0.519,0.491,0.453,0.424,0.737,0.739,0.779,0.779,9.14,73.653,190846000.0
3.07,5.0,0.518,0.489,0.452,0.423,0.735,0.738,0.778,0.778,9.12,73.576,191469700.0
3.08,5.0,0.516,0.488,0.451,0.422,0.734,0.737,0.776,0.776,9.1,73.5,192093400.0
3.09,5.0,0.515,0.487,0.449,0.421,0.733,0.736,0.775,0.775,9.08,73.424,192717100.0
3.1,5.0,0.514,0.485,0.448,0.419,0.732,0.734,0.774,0.774,9.06,73.348,193340700.0
3.11,5.0,0.512,0.484,0.447,0.418,0.731,0.733,0.773,0.773,9.04,73.273,193964400.0
3.12,5.0,0.511,0.483,0.445,0.417,0.73,0.732,0.771,0.771,9.02,73.198,194588100.0
3.13,5.0,0.509,0.481,0.444,0.416,0.729,0.731,0.77,0.77,9.0,73.123,195211800.0
3.14,5.0,0.508,0.48,0.443,0.415,0.728,0.73,0.769,0.769,8.98,73.049,195835500.0
3.15,5.0,0.507,0.479,0.441,0.413,0.726,0.729,0.768,0.768,8.96,72.975,196459100.0
3.16,5.0,0.505,0.477,0.44,0.412,0.725,0.728,0.767,0.767,8.94,72.901,197082800.0
3.17,5.0,0.504,0.476,0.439,0.411,0.724,0.727,0.765,0.765,8.92,72.827,197706500.0
3.18,5.0,0.502,0.475,0.437,0.41,0.723,0.726,0.764,0.764,8.9,72.754,198330200.0
3.19,5.0,0.501,0.474,0.436,0.409,0.722,0.725,0.763,0.763,8.89,72.681,198953900.0
3.2,5.0,0.5,0.472,0.435,0.407,0.721,0.723,0.762,0.762,8.87,72.608,199577500.0
3.21,5.0,0.498,0.471,0.434,0.406,0.72,0.722,0.761,0.761,8.85,72.536,200201200.0
3.22,5.0,0.497,0.47,0.432,0.405,0.719,0.721,0.76,0.76,8.83,72.464,200824900.0
3.23,5.0,0.496,0.469,0.431,0.404,0.718,0.72,0.758,0.758,8.81,72.392,201448600.0
3.24,5.0,0.494,0.467,0.43,0.403,0.717,0.719,0.757,0.757,8.79,72.321,202072300.0
3.25,5.0,0.493,0.466,0.429,0.402,0.716,0.718,0.756,0.756,8.77,72.249,202695900.0
3.26,5.0,0.492,0.465,0.428,0.401,0.715,0.717,0.755,0.755,8.75,72.179,203319600.0
3.27,5.0,0.49,0.464,0.426,0.399,0.714,0.716,0.754,0.754,8.74,72.108,203943300.0
3.28,5.0,0.489,0.462,0.425,0.398,0.713,0.715,0.753,0.753,8.72,72.038,204567000.0
3.29,5.0,0.488,0.461,0.424,0.397,0.712,0.714,0.752,0.752,8.7,71.968,205190700.0
3.3,5.0,0.487,0.46,0.423,0.396,0.711,0.713,0.751,0.751,8.68,71.898,205814300.0
3.31,5.0,0.485,0.459,0.422,0.395,0.71,0.712,0.75,0.75,8.66,71.829,206438000.0
3.32,5.0,0.484,0.458,0.42,0.394,0.709,0.711,0.748,0.748,8.65,71.76,207061700.0
3.33,5.0,0.483,0.457,0.419,0.393,0.708,0.71,0.747,0.747,8.63,71.691,207685400.0
3.34,5.0,0.481,0.455,0.418,0.392,0.707,0.709,0.746,0.746,8.61,71.623,208309000.0
3.35,5.0,0.48,0.454,0.417,0.391,0.706,0.708,0.745,0.745,8.59,71.555,208932700.0
3.36,5.0,0.479,0.453,0.416,0.39,0.705,0.707,0.744,0.744,8.57,71.487,209556400.0
3.37,5.0,0.478,0.452,0.415,0.389,0.704,0.706,0.743,0.743,8.56,71.42,210180100.0
3.38,5.0,0.477,0.451,0.413,0.388,0.703,0.705,0.742,0.742,8.54,71.352,210803800.0
3.39,5.0,0.475,0.45,0.412,0.387,0.702,0.705,0.741,0.741,8.52,71.286,211427500.0
3.4,5.0,0.474,0.449,0.411,0.386,0.701,0.704,0.74,0.74,8.5,71.219,212051100.0
3.41,5.0,0.473,0.447,0.41,0.385,0.7,0.703,0.739,0.739,8.49,71.153,212674800.0
3.42,5.0,0.472,0.446,0.409,0.384,0.7,0.702,0.738,0.738,8.47,71.087,213298500.0
3.43,5.0,0.47,0.445,0.408,0.382,0.699,0.701,0.737,0.737,8.45,71.021,213922200.0
3.44,5.0,0.469,0.444,0.407,0.381,0.698,0.7,0.736,0.736,8.44,70.955,214545900.0
3.45,5.0,0.468,0.443,0.406,0.38,0.697,0.699,0.735,0.735,8.42,70.884,215169500.0
3.46,5.0,0.467,0.442,0.405,0.379,0.696,0.698,0.734,0.734,8.41,70.814,215793200.0
3.47,5.0,0.466,0.441,0.403,0.378,0.695,0.698,0.733,0.733,8.39,70.745,216416900.0
3.48,5.0,0.465,0.44,0.402,0.377,0.695,0.697,0.733,0.733,8.37,70.675,217040600.0
3.49,5.0,0.464,0.439,0.401,0.377,0.694,0.696,0.732,0.732,8.36,70.606,217664300.0
3.5,5.0,0.462,0.438,0.4,0.376,0.693,0.695,0.731,0.731,8.34,70.537,218287900.0
3.51,5.0,0.461,0.437,0.399,0.375,0.692,0.694,0.73,0.73,8.33,70.468,218911600.0
3.52,5.0,0.46,0.436,0.398,0.374,0.692,0.694,0.729,0.729,8.31,70.399,219535300.0
3.53,5.0,0.459,0.435,0.397,0.373,0.691,0.693,0.728,0.728,8.3,70.331,220159000.0
3.54,5.0,0.458,0.434,0.396,0.372,0.69,0.692,0.727,0.727,8.28,70.263,220782600.0
3.55,5.0,0.457,0.433,0.395,0.371,0.689,0.691,0.727,0.727,8.27,70.195,221406300.0
3.56,5.0,0.456,0.432,0.394,0.37,0.689,0.691,0.726,0.726,8.25,70.128,222030000.0
3.57,5.0,0.455,0.431,0.393,0.369,0.688,0.69,0.725,0.725,8.24,70.06,222653700.0
3.58,5.0,0.453,0.43,0.392,0.368,0.687,0.689,0.724,0.724,8.22,69.993,223277400.0
3.59,5.0,0.452,0.429,0.391,0.367,0.686,0.689,0.723,0.723,8.21,69.926,223901000.0
3.6,5.0,0.451,0.428,0.39,0.366,0.686,0.688,0.722,0.722,8.2,69.86,224524700.0
3.61,5.0,0.45,0.427,0.389,0.365,0.685,0.687,0.722,0.722,8.19,69.793,225148400.0
3.62,5.0,0.449,0.426,0.388,0.364,0.684,0.686,0.721,0.721,8.18,69.727,225772100.0
3.63,5.0,0.448,0.425,0.387,0.363,0.684,0.686,0.72,0.72,8.17,69.661,226395800.0
3.64,5.0,0.447,0.424,0.386,0.362,0.683,0.685,0.719,0.719,8.16,69.596,227019500.0
3.65,5.0,0.446,0.423,0.385,0.362,0.682,0.684,0.719,0.719,8.15,69.53,227643100.0
3.66,5.0,0.445,0.422,0.384,0.361,0.682,0.684,0.718,0.718,8.15,69.465,228266800.0
3.67,5.0,0.444,0.421,0.383,0.36,0.681,0.683,0.717,0.717,8.14,69.4,228890500.0
3.68,5.0,0.443,0.42,0.382,0.359,0.68,0.682,0.716,0.716,8.13,69.335,229514200.0
3.69,5.0,0.442,0.419,0.381,0.358,0.68,0.682,0.716,0.716,8.12,69.271,230137900.0
3.7,5.0,0.441,0.418,0.38,0.357,0.679,0.681,0.715,0.715,8.11,69.207,230761500.0
3.71,5.0,0.44,0.417,0.379,0.356,0.678,0.68,0.714,0.714,8.1,69.143,231385200.0
3.72,5.0,0.439,0.416,0.378,0.355,0.678,0.68,0.713,0.713,8.1,69.079,232008900.0
3.73,5.0,0.438,0.415,0.377,0.355,0.677,0.679,0.713,0.713,8.09,69.016,232632600.0
3.74,5.0,0.437,0.414,0.376,0.354,0.676,0.678,0.712,0.712,8.08,68.953,233256200.0
3.75,5.0,0.436,0.414,0.375,0.353,0.676,0.678,0.711,0.711,8.07,68.89,233879900.0
3.76,5.0,0.435,0.413,0.374,0.352,0.675,0.677,0.711,0.711,8.06,68.827,234503600.0
3.77,5.0,0.434,0.412,0.373,0.351,0.675,0.677,0.71,0.71,8.06,68.764,235127300.0
3.78,5.0,0.433,0.411,0.372,0.35,0.674,0.676,0.709,0.709,8.05,68.702,235751000.0
3.79,5.0,0.432,0.41,0.371,0.35,0.673,0.675,0.708,0.708,8.04,68.64,236374600.0
3.8,5.0,0.431,0.409,0.371,0.349,0.673,0.675,0.708,0.708,8.03,68.579,236998300.0
3.81,5.0,0.43,0.408,0.37,0.348,0.672,0.674,0.707,0.707,8.02,68.517,237622000.0
3.82,5.0,0.429,0.407,0.369,0.347,0.672,0.674,0.706,0.706,8.02,68.456,238245700.0
3.83,5.0,0.428,0.406,0.368,0.346,0.671,0.673,0.706,0.706,8.01,68.395,238869400.0
3.84,5.0,0.427,0.406,0.367,0.345,0.67,0.672,0.705,0.705,8.0,68.334,239493000.0
3.85,5.0,0.426,0.405,0.366,0.345,0.67,0.672,0.705,0.705,7.99,68.274,240116700.0
3.86,5.0,0.425,0.404,0.365,0.344,0.669,0.671,0.704,0.704,7.99,68.214,240740400.0
3.87,5.0,0.424,0.403,0.364,0.343,0.669,0.671,0.703,0.703,7.98,68.154,241364100.0
3.88,5.0,0.423,0.402,0.363,0.342,0.668,0.67,0.703,0.703,7.97,68.094,241987800.0
3.89,5.0,0.422,0.401,0.362,0.341,0.668,0.67,0.702,0.702,7.97,68.035,242611500.0
3.9,5.0,0.421,0.4,0.362,0.341,0.667,0.669,0.701,0.701,7.96,67.975,243235100.0
3.91,5.0,0.42,0.4,0.361,0.34,0.667,0.668,0.701,0.701,7.95,67.916,243858800.0
3.92,5.0,0.42,0.399,0.36,0.339,0.666,0.668,0.7,0.7,7.94,67.858,244482500.0
3.93,5.0,0.419,0.398,0.359,0.338,0.666,0.667,0.7,0.7,7.94,67.799,245106200.0
3.94,5.0,0.418,0.397,0.358,0.337,0.665,0.667,0.699,0.699,7.93,67.741,245729800.0
3.95,5.0,0.417,0.396,0.357,0.337,0.665,0.666,0.698,0.698,7.92,67.683,246353500.0
3.96,5.0,0.416,0.395,0.356,0.336,0.664,0.666,0.698,0.698,7.92,67.625,246977200.0
3.97,5.0,0.415,0.394,0.356,0.335,0.664,0.665,0.697,0.697,7.91,67.568,247600900.0
3.98,5.0,0.414,0.394,0.355,0.334,0.663,0.665,0.697,0.697,7.9,67.511,248224600.0
3.99,5.0,0.413,0.393,0.354,0.333,0.663,0.664,0.696,0.696,7.9,67.454,248848200.0
4.0,5.0,0.412,0.392,0.353,0.333,0.662,0.664,0.696,0.696,7.89,67.397,249471900.0
4.01,5.0,0.412,0.391,0.352,0.332,0.662,0.663,0.695,0.695,7.88,67.341,250095600.0
4.02,5.0,0.411,0.39,0.351,0.331,0.661,0.663,0.694,0.694,7.88,67.284,250719300.0
4.03,5.0,0.41,0.39,0.351,0.33,0.661,0.662,0.694,0.694,7.87,67.228,251343000.0
4.04,5.0,0.409,0.389,0.35,0.33,0.66,0.662,0.693,0.693,7.87,67.173,251966600.0
4.05,5.0,0.408,0.388,0.349,0.329,0.66,0.661,0.693,0.693,7.86,67.117,252590300.0
4.06,5.0,0.407,0.387,0.348,0.328,0.659,0.661,0.692,0.692,7.85,67.062,253214000.0
4.07,5.0,0.406,0.386,0.347,0.327,0.659,0.661,0.692,0.692,7.85,67.007,253837700.0
4.08,5.0,0.406,0.386,0.347,0.327,0.658,0.66,0.691,0.691,7.84,66.952,254461400.0
4.09,5.0,0.405,0.385,0.346,0.326,0.658,0.66,0.691,0.691,7.84,66.898,255085000.0
4.1,5.0,0.404,0.384,0.345,0.325,0.657,0.659,0.69,0.69,7.83,66.844,255708700.0
4.11,5.0,0.403,0.383,0.344,0.324,0.657,0.659,0.69,0.69,7.82,66.79,256332400.0
4.12,5.0,0.402,0.383,0.343,0.324,0.657,0.658,0.689,0.689,7.82,66.736,256956100.0
4.13,5.0,0.401,0.382,0.343,0.323,0.656,0.658,0.689,0.689,7.81,66.682,257579800.0
4.14,5.0,0.401,0.381,0.342,0.322,0.656,0.657,0.688,0.688,7.81,66.629,258203400.0
4.15,5.0,0.4,0.38,0.341,0.322,0.655,0.657,0.688,0.688,7.8,66.576,258827100.0
4.16,5.0,0.399,0.379,0.34,0.321,0.655,0.657,0.687,0.687,7.8,66.523,259450800.0
4.17,5.0,0.398,0.379,0.34,0.32,0.655,0.656,0.687,0.687,7.79,66.471,260074500.0
4.18,5.0,0.397,0.378,0.339,0.319,0.654,0.656,0.686,0.686,7.78,66.419,260698100.0
4.19,5.0,0.396,0.377,0.338,0.319,0.654,0.655,0.686,0.686,7.78,66.367,261321800.0
4.2,5.0,0.396,0.377,0.337,0.318,0.653,0.655,0.685,0.685,7.77,66.315,261945500.0
4.21,5.0,0.395,0.376,0.336,0.317,0.653,0.655,0.685,0.685,7.77,66.263,262569200.0
4.22,5.0,0.394,0.375,0.336,0.317,0.653,0.654,0.684,0.684,7.76,66.212,263192900.0
4.23,5.0,0.393,0.374,0.335,0.316,0.652,0.654,0.684,0.684,7.76,66.164,263816600.0
4.24,5.0,0.392,0.374,0.334,0.315,0.651,0.653,0.683,0.683,7.75,66.135,264440200.0
4.25,5.0,0.392,0.373,0.333,0.315,0.65,0.652,0.682,0.682,7.73,66.107,265063900.0
4.26,5.0,0.391,0.372,0.333,0.314,0.649,0.651,0.681,0.681,7.72,66.078,265687600.0
4.27,5.0,0.39,0.371,0.332,0.313,0.648,0.65,0.68,0.68,7.71,66.049,266311300.0
4.28,5.0,0.389,0.37,0.331,0.313,0.647,0.649,0.679,0.679,7.7,66.02,266935000.0
4.29,5.0,0.388,0.37,0.331,0.312,0.646,0.648,0.678,0.678,7.69,65.991,267558600.0
4.3,5.0,0.388,0.369,0.33,0.311,0.645,0.647,0.677,0.677,7.68,65.963,268182300.0
4.31,5.0,0.387,0.368,0.329,0.311,0.644,0.646,0.676,0.676,7.66,65.934,268806000.0
4.32,5.0,0.386,0.367,0.328,0.31,0.643,0.645,0.675,0.675,7.65,65.905,269429700.0
4.33,5.0,0.385,0.367,0.328,0.309,0.643,0.644,0.674,0.674,7.64,65.877,270053300.0
4.34,5.0,0.384,0.366,0.327,0.309,0.642,0.643,0.673,0.673,7.63,65.848,270677100.0
4.35,5.0,0.384,0.365,0.326,0.308,0.641,0.642,0.672,0.672,7.62,65.82,271300700.0
4.36,5.0,0.383,0.365,0.326,0.307,0.64,0.641,0.671,0.671,7.61,65.791,271924400.0
4.37,5.0,0.382,0.364,0.325,0.307,0.639,0.64,0.67,0.67,7.6,65.763,272548100.0
4.38,5.0,0.381,0.363,0.324,0.306,0.638,0.64,0.669,0.669,7.58,65.734,273171700.0
4.39,5.0,0.38,0.362,0.323,0.305,0.637,0.639,0.668,0.668,7.57,65.706,273795400.0
4.4,5.0,0.38,0.362,0.323,0.305,0.636,0.638,0.667,0.667,7.56,65.677,274419100.0
4.41,5.0,0.379,0.361,0.322,0.304,0.635,0.637,0.666,0.666,7.55,65.649,275042800.0
4.42,5.0,0.378,0.36,0.321,0.304,0.634,0.636,0.665,0.665,7.54,65.621,275666500.0
4.43,5.0,0.377,0.36,0.321,0.303,0.633,0.635,0.664,0.664,7.53,65.592,276290100.0
4.44,5.0,0.377,0.359,0.32,0.302,0.633,0.634,0.663,0.663,7.52,65.564,276913800.0
4.45,5.0,0.376,0.358,0.319,0.302,0.632,0.633,0.662,0.662,7.51,65.536,277537500.0
4.46,5.0,0.375,0.358,0.319,0.301,0.631,0.632,0.661,0.661,7.5,65.508,278161200.0
4.47,5.0,0.374,0.357,0.318,0.301,0.63,0.631,0.66,0.66,7.49,65.479,278784900.0
4.48,5.0,0.373,0.356,0.317,0.3,0.629,0.63,0.659,0.659,7.47,65.451,279408500.0
4.49,5.0,0.373,0.356,0.317,0.299,0.628,0.63,0.658,0.658,7.46,65.423,280032200.0
4.5,5.0,0.372,0.355,0.316,0.299,0.627,0.629,0.657,0.657,7.45,65.395,280655900.0
4.51,5.0,0.371,0.354,0.315,0.298,0.626,0.628,0.656,0.656,7.44,65.367,281279600.0
4.52,5.0,0.371,0.354,0.315,0.298,0.625,0.627,0.655,0.655,7.43,65.339,281903300.0
4.53,5.0,0.37,0.353,0.314,0.297,0.625,0.626,0.654,0.654,7.42,65.311,282527000.0
4.54,5.0,0.369,0.352,0.313,0.296,0.624,0.625,0.654,0.654,7.41,65.283,283150600.0
4.55,5.0,0.368,0.352,0.313,0.296,0.623,0.624,0.653,0.653,7.4,65.255,283774300.0
4.56,5.0,0.368,0.351,0.312,0.295,0.622,0.623,0.652,0.652,7.39,65.227,284398000.0
4.57,5.0,0.367,0.35,0.311,0.295,0.621,0.623,0.651,0.651,7.38,65.199,285021700.0
4.58,5.0,0.366,0.35,0.311,0.294,0.62,0.622,0.65,0.65,7.37,65.171,285645300.0
4.59,5.0,0.365,0.349,0.31,0.294,0.62,0.621,0.649,0.649,7.36,65.142,286269000.0
4.6,5.0,0.365,0.348,0.309,0.293,0.62,0.621,0.649,0.649,7.35,65.096,286892700.0
4.61,5.0,0.364,0.348,0.309,0.292,0.621,0.622,0.65,0.65,7.34,65.05,287516400.0
4.62,5.0,0.364,0.347,0.308,0.292,0.621,0.622,0.65,0.65,7.33,65.004,288140100.0
4.63,5.0,0.363,0.347,0.307,0.291,0.622,0.623,0.651,0.651,7.32,64.958,288763700.0
4.64,5.0,0.362,0.346,0.307,0.291,0.622,0.623,0.651,0.651,7.31,64.912,289387400.0
4.65,5.0,0.362,0.346,0.306,0.29,0.623,0.624,0.652,0.652,7.3,64.867,290011100.0
4.66,5.0,0.361,0.345,0.306,0.29,0.623,0.624,0.652,0.652,7.29,64.821,290634800.0
4.67,5.0,0.361,0.345,0.305,0.289,0.624,0.625,0.653,0.653,7.28,64.776,291258500.0
4.68,5.0,0.36,0.344,0.304,0.289,0.624,0.625,0.653,0.653,7.27,64.731,291882100.0
4.69,5.0,0.359,0.344,0.304,0.288,0.625,0.626,0.653,0.653,7.26,64.686,292505800.0
4.7,5.0,0.359,0.343,0.303,0.287,0.625,0.626,0.654,0.654,7.25,64.642,293129500.0
4.71,5.0,0.358,0.343,0.302,0.287,0.626,0.627,0.654,0.654,7.24,64.597,293753200.0
4.72,5.0,0.358,0.342,0.302,0.286,0.626,0.627,0.655,0.655,7.23,64.553,294376900.0
4.73,5.0,0.357,0.342,0.301,0.286,0.627,0.628,0.655,0.655,7.22,64.509,295000500.0
4.74,5.0,0.357,0.341,0.301,0.285,0.627,0.628,0.656,0.656,7.21,64.465,295624200.0
4.75,5.0,0.356,0.341,0.3,0.285,0.628,0.629,0.656,0.656,7.2,64.421,296247900.0
4.76,5.0,0.356,0.34,0.299,0.284,0.628,0.63,0.657,0.657,7.19,64.377,296871600.0
4.77,5.0,0.355,0.34,0.299,0.284,0.629,0.63,0.657,0.657,7.18,64.334,297495300.0
4.78,5.0,0.354,0.339,0.298,0.283,0.629,0.631,0.658,0.658,7.17,64.29,298118900.0
4.79,5.0,0.354,0.339,0.298,0.283,0.63,0.631,0.658,0.658,7.16,64.247,298742600.0
4.8,5.0,0.353,0.338,0.297,0.282,0.63,0.632,0.659,0.659,7.15,64.204,299366300.0
4.81,5.0,0.353,0.338,0.296,0.282,0.631,0.632,0.659,0.659,7.14,64.161,299990000.0
4.82,5.0,0.352,0.337,0.296,0.281,0.631,0.633,0.66,0.66,7.13,64.119,300613700.0
4.83,5.0,0.352,0.337,0.295,0.281,0.632,0.633,0.66,0.66,7.12,64.076,301237300.0
4.84,5.0,0.351,0.337,0.295,0.28,0.633,0.634,0.661,0.661,7.11,64.034,301861000.0
4.85,5.0,0.351,0.336,0.294,0.279,0.633,0.634,0.661,0.661,7.1,63.992,302484700.0
4.86,5.0,0.35,0.336,0.293,0.279,0.634,0.635,0.662,0.662,7.09,63.95,303108400.0
4.87,5.0,0.349,0.335,0.293,0.278,0.634,0.635,0.662,0.662,7.08,63.908,303732100.0
4.88,5.0,0.349,0.335,0.292,0.278,0.635,0.636,0.663,0.663,7.07,63.866,304355700.0
4.89,5.0,0.348,0.334,0.292,0.277,0.635,0.637,0.663,0.663,7.06,63.825,304979400.0
4.9,5.0,0.348,0.334,0.291,0.277,0.636,0.637,0.664,0.664,7.05,63.783,305603100.0
4.91,5.0,0.347,0.333,0.291,0.276,0.637,0.638,0.664,0.664,7.04,63.742,306226800.0
4.92,5.0,0.347,0.333,0.29,0.276,0.637,0.638,0.665,0.665,7.03,63.701,306850500.0
4.93,5.0,0.346,0.332,0.289,0.275,0.638,0.639,0.665,0.665,7.03,63.66,307474100.0
4.94,5.0,0.346,0.332,0.289,0.275,0.638,0.639,0.666,0.666,7.02,63.62,308097800.0
4.95,5.0,0.345,0.331,0.288,0.274,0.639,0.64,0.666,0.666,7.01,63.579,308721500.0
4.96,5.0,0.345,0.331,0.288,0.274,0.639,0.641,0.667,0.667,7.0,63.539,309345200.0
4.97,5.0,0.344,0.331,0.287,0.273,0.64,0.641,0.668,0.668,6.99,63.498,309968800.0
4.98,5.0,0.344,0.33,0.287,0.273,0.641,0.642,0.668,0.668,6.98,63.458,310592500.0
4.99,5.0,0.343,0.33,0.286,0.272,0.641,0.642,0.669,0.669,6.97,63.418,311216200.0
5.0,5.0,0.343,0.329,0.285,0.272,0.642,0.643,0.669,0.669,6.96,63.379,311839900.0
0.01,6.0,0.57,0.557,0.4,0.387,1.589,1.59,1.64,1.64,14.9,81.118,623680.0
0.02,6.0,0.577,0.564,0.408,0.395,1.588,1.589,1.64,1.64,14.9,81.118,1247360.0
0.03,6.0,0.568,0.555,0.399,0.386,1.589,1.59,1.64,1.64,14.9,81.118,1871039.0
0.04,6.0,0.559,0.546,0.389,0.376,1.59,1.591,1.64,1.64,14.9,81.118,2494719.0
0.05,6.0,0.55,0.537,0.381,0.368,1.591,1.592,1.64,1.64,14.9,81.118,3118399.0
0.06,6.0,0.548,0.535,0.378,0.365,1.591,1.593,1.64,1.64,14.9,81.118,3742079.0
0.07,6.0,0.546,0.533,0.376,0.363,1.591,1.593,1.64,1.64,14.9,81.118,4365758.0
0.08,6.0,0.544,0.531,0.374,0.361,1.592,1.593,1.64,1.64,14.9,81.118,4989438.0
0.09,6.0,0.542,0.529,0.372,0.359,1.592,1.593,1.64,1.64,14.9,81.118,5613118.0
0.1,6.0,0.541,0.528,0.372,0.358,1.592,1.593,1.64,1.64,14.9,81.118,6236798.0
0.11,6.0,0.541,0.528,0.371,0.358,1.592,1.593,1.64,1.64,14.9,81.118,6860478.0
0.12,6.0,0.541,0.528,0.371,0.358,1.592,1.593,1.64,1.64,14.9,81.118,7484158.0
0.13,6.0,0.541,0.528,0.371,0.358,1.592,1.593,1.64,1.64,14.9,81.118,8107837.0
0.14,6.0,0.541,0.528,0.371,0.358,1.592,1.593,1.64,1.64,14.9,81.118,8731517.0
0.15,6.0,0.541,0.528,0.371,0.358,1.592,1.593,1.64,1.64,14.9,81.118,9355197.0
0.16,6.0,0.541,0.528,0.371,0.358,1.592,1.593,1.64,1.64,14.9,81.118,9978877.0
0.17,6.0,0.541,0.528,0.371,0.358,1.592,1.593,1.64,1.64,14.9,81.118,10602560.0
0.18,6.0,0.541,0.528,0.371,0.358,1.592,1.593,1.64,1.64,14.9,81.118,11226240.0
0.19,6.0,0.541,0.528,0.371,0.358,1.592,1.593,1.64,1.64,14.9,81.118,11849920.0
0.2,6.0,0.54,0.528,0.371,0.358,1.592,1.593,1.64,1.64,14.9,81.118,12473600.0
0.21,6.0,0.54,0.527,0.371,0.358,1.592,1.593,1.64,1.64,14.9,81.118,13097280.0
0.22,6.0,0.54,0.527,0.371,0.358,1.592,1.593,1.64,1.64,14.9,81.118,13720960.0
0.23,6.0,0.54,0.527,0.371,0.358,1.592,1.593,1.64,1.64,14.9,81.118,14344640.0
0.24,6.0,0.54,0.527,0.371,0.358,1.592,1.593,1.64,1.64,14.9,81.118,14968320.0
0.25,6.0,0.54,0.527,0.371,0.358,1.592,1.593,1.64,1.64,14.9,81.118,15592000.0
0.26,6.0,0.54,0.527,0.371,0.358,1.592,1.593,1.64,1.64,14.9,81.118,16215670.0
0.27,6.0,0.541,0.528,0.371,0.358,1.592,1.593,1.64,1.64,14.9,81.118,16839360.0
0.28,6.0,0.541,0.528,0.371,0.358,1.592,1.593,1.64,1.64,14.9,81.118,17463030.0
0.29,6.0,0.541,0.528,0.371,0.358,1.592,1.593,1.64,1.64,14.9,81.118,18086710.0
0.3,6.0,0.541,0.528,0.372,0.358,1.592,1.593,1.64,1.64,14.9,81.118,18710390.0
0.31,6.0,0.541,0.528,0.372,0.359,1.592,1.593,1.64,1.64,14.9,81.118,19334070.0
0.32,6.0,0.541,0.528,0.372,0.359,1.592,1.593,1.64,1.64,14.9,81.118,19957750.0
0.33,6.0,0.541,0.528,0.372,0.359,1.592,1.593,1.64,1.64,14.9,81.118,20581430.0
0.34,6.0,0.541,0.528,0.372,0.359,1.592,1.593,1.64,1.64,14.9,81.118,21205110.0
0.35,6.0,0.541,0.528,0.372,0.359,1.592,1.593,1.64,1.64,14.9,81.118,21828790.0
0.36,6.0,0.542,0.529,0.372,0.359,1.592,1.593,1.64,1.64,14.9,81.118,22452470.0
0.37,6.0,0.542,0.529,0.372,0.359,1.592,1.593,1.64,1.64,14.9,81.118,23076150.0
0.38,6.0,0.542,0.529,0.372,0.359,1.592,1.593,1.64,1.64,14.9,81.118,23699830.0
0.39,6.0,0.542,0.529,0.373,0.36,1.592,1.593,1.64,1.64,14.9,81.118,24323510.0
0.4,6.0,0.542,0.529,0.373,0.36,1.592,1.593,1.64,1.64,14.9,81.118,24947190.0
0.41,6.0,0.542,0.529,0.373,0.36,1.592,1.593,1.64,1.64,14.9,81.118,25570870.0
0.42,6.0,0.542,0.529,0.373,0.36,1.592,1.593,1.64,1.64,14.9,81.118,26194550.0
0.43,6.0,0.542,0.529,0.373,0.36,1.592,1.593,1.64,1.64,14.9,81.118,26818230.0
0.44,6.0,0.542,0.529,0.373,0.36,1.592,1.593,1.64,1.64,14.9,81.118,27441910.0
0.45,6.0,0.543,0.53,0.373,0.36,1.592,1.593,1.64,1.64,14.9,81.118,28065590.0
0.46,6.0,0.543,0.53,0.373,0.36,1.592,1.593,1.64,1.64,14.9,81.118,28689270.0
0.47,6.0,0.543,0.53,0.373,0.36,1.592,1.593,1.64,1.64,14.9,81.118,29312950.0
0.48,6.0,0.543,0.53,0.374,0.361,1.592,1.593,1.64,1.64,14.9,81.118,29936630.0
0.49,6.0,0.543,0.53,0.374,0.361,1.592,1.593,1.64,1.64,14.9,81.118,30560310.0
0.5,6.0,0.543,0.53,0.374,0.361,1.592,1.593,1.64,1.64,14.9,81.118,31183990.0
0.51,6.0,0.543,0.53,0.374,0.361,1.592,1.593,1.64,1.64,14.9,81.118,31807670.0
0.52,6.0,0.543,0.53,0.374,0.361,1.592,1.593,1.64,1.64,14.9,81.118,32431350.0
0.53,6.0,0.543,0.531,0.374,0.361,1.592,1.593,1.64,1.64,14.9,81.118,33055030.0
0.54,6.0,0.544,0.531,0.374,0.361,1.592,1.593,1.64,1.64,14.9,81.118,33678710.0
0.55,6.0,0.544,0.531,0.374,0.361,1.592,1.593,1.64,1.64,14.9,81.118,34302390.0
0.56,6.0,0.544,0.531,0.374,0.361,1.592,1.593,1.64,1.64,14.9,81.118,34926070.0
0.57,6.0,0.544,0.531,0.375,0.362,1.592,1.593,1.64,1.64,14.9,81.118,35549750.0
0.58,6.0,0.544,0.531,0.375,0.362,1.592,1.593,1.64,1.64,14.9,81.118,36173430.0
0.59,6.0,0.544,0.531,0.375,0.362,1.592,1.593,1.64,1.64,14.9,81.118,36797110.0
0.6,6.0,0.544,0.531,0.375,0.361,1.592,1.593,1.64,1.64,14.9,81.118,37420790.0
0.61,6.0,0.545,0.531,0.375,0.361,1.591,1.593,1.64,1.64,14.9,81.118,38044470.0
0.62,6.0,0.545,0.531,0.376,0.362,1.591,1.593,1.64,1.64,14.9,81.118,38668150.0
0.63,6.0,0.545,0.531,0.376,0.362,1.591,1.593,1.64,1.64,14.9,81.118,39291830.0
0.64,6.0,0.546,0.531,0.376,0.362,1.591,1.593,1.64,1.64,14.9,81.118,39915510.0
0.65,6.0,0.546,0.531,0.377,0.362,1.591,1.593,1.64,1.64,14.9,81.118,40539180.0
0.66,6.0,0.547,0.531,0.377,0.362,1.591,1.593,1.64,1.64,14.9,81.118,41162870.0
0.67,6.0,0.547,0.532,0.378,0.362,1.591,1.593,1.64,1.64,14.9,81.118,41786550.0
0.68,6.0,0.547,0.532,0.378,0.362,1.591,1.593,1.64,1.64,14.9,81.118,42410230.0
0.69,6.0,0.548,0.532,0.378,0.362,1.591,1.593,1.64,1.64,14.9,81.118,43033900.0
0.7,6.0,0.548,0.532,0.379,0.362,1.591,1.593,1.64,1.64,14.9,81.118,43657580.0
0.71,6.0,0.548,0.532,0.379,0.363,1.591,1.593,1.64,1.64,14.9,81.118,44281260.0
0.72,6.0,0.549,0.532,0.379,0.363,1.591,1.593,1.64,1.64,14.9,81.118,44904950.0
0.73,6.0,0.549,0.532,0.38,0.363,1.591,1.593,1.64,1.64,14.9,81.118,45528630.0
0.74,6.0,0.55,0.532,0.38,0.363,1.591,1.593,1.64,1.64,14.9,81.118,46152300.0
0.75,6.0,0.55,0.532,0.381,0.363,1.591,1.593,1.64,1.64,14.9,81.118,46775980.0
0.76,6.0,0.55,0.533,0.381,0.363,1.591,1.593,1.64,1.64,14.9,81.118,47399660.0
0.77,6.0,0.551,0.533,0.381,0.363,1.591,1.593,1.64,1.64,14.9,81.118,48023340.0
0.78,6.0,0.551,0.533,0.382,0.363,1.591,1.593,1.64,1.64,14.9,81.118,48647020.0
0.79,6.0,0.551,0.533,0.382,0.363,1.591,1.593,1.64,1.64,14.9,81.118,49270700.0
0.8,6.0,0.552,0.533,0.382,0.364,1.591,1.593,1.64,1.64,14.9,81.118,49894380.0
0.81,6.0,0.552,0.533,0.383,0.364,1.591,1.593,1.64,1.64,14.9,81.118,50518060.0
0.82,6.0,0.552,0.533,0.383,0.364,1.591,1.593,1.64,1.64,14.9,81.118,51141740.0
0.83,6.0,0.553,0.533,0.384,0.364,1.591,1.593,1.64,1.64,14.9,81.118,51765420.0
0.84,6.0,0.553,0.533,0.384,0.364,1.591,1.593,1.64,1.64,14.9,81.118,52389100.0
0.85,6.0,0.554,0.534,0.384,0.364,1.591,1.593,1.64,1.64,14.9,81.118,53012780.0
0.86,6.0,0.554,0.534,0.385,0.364,1.59,1.593,1.64,1.64,14.9,81.118,53636460.0
0.87,6.0,0.554,0.534,0.385,0.364,1.59,1.593,1.64,1.64,14.9,81.118,54260140.0
0.88,6.0,0.555,0.534,0.385,0.364,1.59,1.593,1.64,1.64,14.9,81.118,54883820.0
0.89,6.0,0.555,0.534,0.386,0.365,1.59,1.593,1.64,1.64,14.9,81.118,55507500.0
0.9,6.0,0.555,0.534,0.386,0.365,1.59,1.593,1.64,1.64,14.9,81.118,56131180.0
0.91,6.0,0.556,0.534,0.389,0.367,1.57,1.572,1.619,1.619,14.72,81.054,56754860.0
0.92,6.0,0.562,0.54,0.397,0.375,1.549,1.551,1.599,1.599,14.53,80.99,57378540.0
0.93,6.0,0.572,0.549,0.409,0.386,1.528,1.53,1.579,1.579,14.35,80.926,58002220.0
0.94,6.0,0.583,0.558,0.422,0.398,1.506,1.509,1.559,1.559,14.16,80.862,58625900.0
0.95,6.0,0.593,0.568,0.435,0.409,1.485,1.487,1.539,1.539,13.98,80.799,59249580.0
0.96,6.0,0.604,0.578,0.448,0.421,1.463,1.466,1.518,1.518,13.79,80.735,59873260.0
0.97,6.0,0.615,0.587,0.461,0.433,1.442,1.445,1.498,1.498,13.6,80.671,60496940.0
0.98,6.0,0.625,0.597,0.474,0.444,1.42,1.423,1.478,1.478,13.42,80.607,61120620.0
0.99,6.0,0.636,0.606,0.486,0.456,1.399,1.402,1.458,1.458,13.23,80.543,61744300.0
1.0,6.0,0.647,0.616,0.499,0.468,1.378,1.381,1.438,1.438,13.05,80.479,62367980.0
1.01,6.0,0.658,0.625,0.512,0.48,1.356,1.359,1.417,1.417,12.86,80.415,62991660.0
1.02,6.0,0.668,0.635,0.525,0.491,1.335,1.338,1.397,1.397,12.68,80.352,63615340.0
1.03,6.0,0.679,0.644,0.538,0.503,1.313,1.317,1.377,1.377,12.49,80.288,64239020.0
1.04,6.0,0.69,0.654,0.551,0.515,1.292,1.296,1.357,1.357,12.31,80.224,64862700.0
1.05,6.0,0.7,0.663,0.564,0.526,1.27,1.274,1.337,1.337,12.12,80.16,65486380.0
1.06,6.0,0.699,0.662,0.563,0.525,1.27,1.274,1.336,1.336,12.13,80.135,66110060.0
1.07,6.0,0.698,0.661,0.562,0.524,1.27,1.274,1.336,1.336,12.14,80.114,66733740.0
1.08,6.0,0.697,0.66,0.561,0.524,1.27,1.273,1.335,1.335,12.15,80.097,67357420.0
1.09,6.0,0.696,0.659,0.559,0.523,1.269,1.273,1.335,1.335,12.16,80.082,67981100.0
1.1,6.0,0.695,0.658,0.558,0.522,1.269,1.273,1.334,1.334,12.17,80.07,68604780.0
1.11,6.0,0.694,0.657,0.557,0.521,1.268,1.272,1.333,1.333,12.17,80.052,69228460.0
1.12,6.0,0.692,0.656,0.556,0.52,1.266,1.27,1.332,1.332,12.17,80.025,69852140.0
1.13,6.0,0.691,0.655,0.555,0.519,1.265,1.269,1.33,1.33,12.16,80.0,70475820.0
1.14,6.0,0.69,0.654,0.554,0.518,1.263,1.267,1.328,1.328,12.16,79.977,71099500.0
1.15,6.0,0.689,0.653,0.553,0.517,1.262,1.265,1.327,1.327,12.16,79.956,71723180.0
1.16,6.0,0.686,0.651,0.551,0.515,1.26,1.264,1.325,1.325,12.15,79.936,72346860.0
1.17,6.0,0.684,0.649,0.549,0.513,1.259,1.262,1.323,1.323,12.15,79.918,72970540.0
1.18,6.0,0.682,0.647,0.547,0.512,1.257,1.261,1.322,1.322,12.15,79.9,73594220.0
1.19,6.0,0.68,0.645,0.545,0.51,1.256,1.26,1.32,1.32,12.14,79.884,74217900.0
1.2,6.0,0.678,0.643,0.543,0.508,1.254,1.258,1.318,1.318,12.14,79.869,74841580.0
1.21,6.0,0.676,0.641,0.541,0.506,1.253,1.257,1.317,1.317,12.14,79.855,75465260.0
1.22,6.0,0.674,0.639,0.539,0.504,1.251,1.255,1.315,1.315,12.13,79.842,76088940.0
1.23,6.0,0.672,0.637,0.537,0.502,1.25,1.254,1.313,1.313,12.13,79.829,76712620.0
1.24,6.0,0.669,0.634,0.535,0.5,1.248,1.252,1.312,1.312,12.12,79.815,77336300.0
1.25,6.0,0.667,0.632,0.533,0.498,1.247,1.251,1.31,1.31,12.12,79.802,77959980.0
1.26,6.0,0.665,0.63,0.531,0.496,1.245,1.249,1.308,1.308,12.12,79.79,78583660.0
1.27,6.0,0.663,0.628,0.529,0.494,1.244,1.248,1.306,1.306,12.11,79.779,79207340.0
1.28,6.0,0.661,0.626,0.528,0.492,1.242,1.246,1.305,1.305,12.11,79.768,79831020.0
1.29,6.0,0.659,0.624,0.526,0.49,1.241,1.244,1.303,1.303,12.1,79.758,80454690.0
1.3,6.0,0.657,0.622,0.524,0.488,1.239,1.243,1.301,1.301,12.1,79.748,81078370.0
1.31,6.0,0.655,0.62,0.522,0.487,1.238,1.241,1.299,1.299,12.1,79.739,81702050.0
1.32,6.0,0.653,0.618,0.52,0.485,1.236,1.24,1.298,1.298,12.09,79.73,82325740.0
1.33,6.0,0.651,0.616,0.519,0.483,1.234,1.238,1.296,1.296,12.09,79.722,82949420.0
1.34,6.0,0.65,0.615,0.517,0.482,1.233,1.237,1.294,1.294,12.08,79.714,83573100.0
1.35,6.0,0.648,0.613,0.516,0.481,1.231,1.235,1.292,1.292,12.08,79.707,84196780.0
1.36,6.0,0.647,0.612,0.515,0.48,1.23,1.233,1.291,1.291,12.07,79.7,84820460.0
1.37,6.0,0.646,0.611,0.514,0.479,1.228,1.232,1.289,1.289,12.07,79.694,85444140.0
1.38,6.0,0.645,0.609,0.513,0.478,1.226,1.23,1.287,1.287,12.07,79.688,86067810.0
1.39,6.0,0.643,0.608,0.512,0.477,1.225,1.228,1.285,1.285,12.06,79.683,86691490.0
1.4,6.0,0.642,0.607,0.511,0.476,1.223,1.227,1.284,1.284,12.06,79.677,87315170.0
1.41,6.0,0.641,0.606,0.51,0.475,1.221,1.225,1.282,1.282,12.05,79.673,87938850.0
1.42,6.0,0.641,0.606,0.51,0.474,1.22,1.223,1.28,1.28,12.05,79.668,88562530.0
1.43,6.0,0.64,0.605,0.509,0.474,1.218,1.222,1.278,1.278,12.05,79.664,89186210.0
1.44,6.0,0.639,0.604,0.508,0.473,1.216,1.22,1.277,1.277,12.04,79.66,89809900.0
1.45,6.0,0.638,0.603,0.508,0.473,1.215,1.218,1.275,1.275,12.03,79.657,90433580.0
1.46,6.0,0.638,0.603,0.508,0.472,1.213,1.217,1.273,1.273,12.02,79.654,91057260.0
1.47,6.0,0.637,0.602,0.507,0.472,1.211,1.215,1.271,1.271,12.01,79.651,91680940.0
1.48,6.0,0.637,0.602,0.507,0.472,1.21,1.213,1.27,1.27,12.0,79.648,92304610.0
1.49,6.0,0.636,0.601,0.507,0.471,1.208,1.212,1.268,1.268,11.99,79.646,92928290.0
1.5,6.0,0.636,0.601,0.506,0.471,1.206,1.21,1.266,1.266,11.98,79.644,93551970.0
1.51,6.0,0.636,0.601,0.506,0.471,1.204,1.208,1.264,1.264,11.97,79.642,94175650.0
1.52,6.0,0.636,0.601,0.506,0.471,1.203,1.206,1.263,1.263,11.96,79.641,94799330.0
1.53,6.0,0.635,0.6,0.506,0.471,1.201,1.205,1.261,1.261,11.95,79.64,95423010.0
1.54,6.0,0.635,0.6,0.506,0.471,1.199,1.203,1.259,1.259,11.94,79.639,96046690.0
1.55,6.0,0.635,0.6,0.507,0.471,1.197,1.201,1.257,1.257,11.93,79.638,96670370.0
1.56,6.0,0.635,0.6,0.507,0.472,1.196,1.199,1.256,1.256,11.92,79.638,97294050.0
1.57,6.0,0.635,0.6,0.507,0.472,1.194,1.198,1.254,1.254,11.91,79.638,97917730.0
1.58,6.0,0.636,0.601,0.507,0.472,1.192,1.196,1.252,1.252,11.9,79.638,98541410.0
1.59,6.0,0.636,0.601,0.508,0.473,1.19,1.194,1.25,1.25,11.89,79.638,99165090.0
1.6,6.0,0.636,0.601,0.508,0.473,1.189,1.192,1.249,1.249,11.88,79.639,99788770.0
1.61,6.0,0.636,0.601,0.509,0.474,1.187,1.19,1.247,1.247,11.87,79.64,100412400.0
1.62,6.0,0.637,0.602,0.509,0.474,1.185,1.189,1.245,1.245,11.86,79.641,101036100.0
1.63,6.0,0.637,0.602,0.51,0.475,1.183,1.187,1.243,1.243,11.85,79.642,101659800.0
1.64,6.0,0.638,0.603,0.511,0.476,1.181,1.185,1.242,1.242,11.84,79.644,102283500.0
1.65,6.0,0.638,0.603,0.512,0.476,1.179,1.183,1.24,1.24,11.83,79.645,102907200.0
1.66,6.0,0.639,0.604,0.512,0.477,1.178,1.181,1.238,1.238,11.82,79.647,103530800.0
1.67,6.0,0.64,0.605,0.513,0.478,1.176,1.179,1.236,1.236,11.81,79.65,104154500.0
1.68,6.0,0.64,0.605,0.514,0.479,1.174,1.178,1.234,1.234,11.8,79.652,104778200.0
1.69,6.0,0.641,0.606,0.515,0.48,1.172,1.176,1.233,1.233,11.79,79.655,105401900.0
1.7,6.0,0.642,0.607,0.516,0.481,1.17,1.174,1.231,1.231,11.78,79.657,106025600.0
1.71,6.0,0.643,0.608,0.517,0.482,1.168,1.172,1.229,1.229,11.77,79.66,106649200.0
1.72,6.0,0.644,0.609,0.519,0.483,1.166,1.17,1.227,1.227,11.76,79.664,107272900.0
1.73,6.0,0.645,0.61,0.52,0.485,1.165,1.168,1.226,1.226,11.75,79.667,107896600.0
1.74,6.0,0.646,0.611,0.521,0.486,1.163,1.166,1.224,1.224,11.74,79.67,108520300.0
1.75,6.0,0.648,0.612,0.523,0.487,1.161,1.164,1.222,1.222,11.73,79.674,109144000.0
1.76,6.0,0.649,0.614,0.524,0.489,1.159,1.163,1.22,1.22,11.72,79.678,109767600.0
1.77,6.0,0.65,0.615,0.526,0.49,1.157,1.161,1.219,1.219,11.71,79.682,110391300.0
1.78,6.0,0.651,0.616,0.527,0.492,1.155,1.159,1.217,1.217,11.7,79.687,111015000.0
1.79,6.0,0.653,0.618,0.529,0.494,1.153,1.157,1.215,1.215,11.69,79.691,111638700.0
1.8,6.0,0.654,0.619,0.531,0.495,1.151,1.155,1.213,1.213,11.68,79.696,112262400.0
1.81,6.0,0.656,0.621,0.532,0.497,1.149,1.153,1.211,1.211,11.67,79.701,112886000.0
1.82,6.0,0.658,0.623,0.534,0.499,1.147,1.151,1.21,1.21,11.66,79.706,113509700.0
1.83,6.0,0.659,0.624,0.536,0.501,1.145,1.149,1.208,1.208,11.65,79.711,114133400.0
1.84,6.0,0.661,0.626,0.538,0.503,1.143,1.147,1.206,1.206,11.64,79.717,114757100.0
1.85,6.0,0.663,0.628,0.54,0.505,1.141,1.145,1.204,1.204,11.63,79.722,115380800.0
1.86,6.0,0.665,0.63,0.542,0.507,1.139,1.143,1.203,1.203,11.62,79.728,116004400.0
1.87,6.0,0.667,0.632,0.544,0.509,1.137,1.141,1.201,1.201,11.61,79.734,116628100.0
1.88,6.0,0.669,0.634,0.546,0.511,1.135,1.139,1.199,1.199,11.6,79.741,117251800.0
1.89,6.0,0.671,0.636,0.549,0.513,1.133,1.137,1.197,1.197,11.59,79.747,117875500.0
1.9,6.0,0.673,0.638,0.551,0.516,1.131,1.135,1.195,1.195,11.58,79.753,118499200.0
1.91,6.0,0.675,0.64,0.553,0.518,1.129,1.133,1.194,1.194,11.57,79.76,119122800.0
1.92,6.0,0.677,0.642,0.556,0.521,1.127,1.131,1.192,1.192,11.56,79.767,119746500.0
1.93,6.0,0.68,0.645,0.558,0.523,1.125,1.129,1.19,1.19,11.55,79.774,120370200.0
1.94,6.0,0.682,0.647,0.561,0.526,1.123,1.127,1.188,1.188,11.54,79.781,120993900.0
1.95,6.0,0.685,0.65,0.564,0.529,1.121,1.125,1.186,1.186,11.53,79.789,121617600.0
1.96,6.0,0.687,0.652,0.566,0.531,1.119,1.123,1.185,1.185,11.52,79.796,122241200.0
1.97,6.0,0.69,0.655,0.569,0.534,1.117,1.121,1.183,1.183,11.51,79.804,122864900.0
1.98,6.0,0.692,0.657,0.572,0.537,1.115,1.118,1.181,1.181,11.5,79.812,123488600.0
1.99,6.0,0.695,0.66,0.575,0.54,1.113,1.116,1.179,1.179,11.49,79.82,124112300.0
2.0,6.0,0.698,0.663,0.578,0.543,1.111,1.114,1.177,1.177,11.48,79.828,124736000.0
2.01,6.0,0.701,0.666,0.581,0.546,1.108,1.112,1.176,1.176,11.47,79.837,125359600.0
2.02,6.0,0.704,0.669,0.585,0.549,1.106,1.11,1.174,1.174,11.46,79.845,125983300.0
2.03,6.0,0.707,0.672,0.588,0.552,1.104,1.108,1.172,1.172,11.45,79.854,126607000.0
2.04,6.0,0.71,0.675,0.591,0.555,1.102,1.106,1.17,1.17,11.44,79.863,127230700.0
2.05,6.0,0.714,0.678,0.595,0.559,1.1,1.104,1.168,1.168,11.43,79.872,127854400.0
2.06,6.0,0.717,0.681,0.598,0.562,1.098,1.101,1.167,1.167,11.42,79.882,128478000.0
2.07,6.0,0.72,0.685,0.602,0.566,1.096,1.099,1.165,1.165,11.41,79.891,129101700.0
2.08,6.0,0.724,0.688,0.606,0.569,1.093,1.097,1.163,1.163,11.4,79.901,129725400.0
2.09,6.0,0.728,0.691,0.609,0.573,1.091,1.095,1.161,1.161,11.39,79.91,130349100.0
2.1,6.0,0.731,0.695,0.613,0.577,1.089,1.093,1.159,1.159,11.38,79.92,130972800.0
2.11,6.0,0.735,0.699,0.617,0.581,1.087,1.091,1.158,1.158,11.37,79.931,131596400.0
2.12,6.0,0.739,0.702,0.621,0.585,1.085,1.088,1.156,1.156,11.36,79.941,132220100.0
2.13,6.0,0.742,0.706,0.625,0.589,1.082,1.086,1.154,1.154,11.35,79.951,132843800.0
2.14,6.0,0.746,0.71,0.629,0.593,1.08,1.084,1.152,1.152,11.34,79.962,133467500.0
2.15,6.0,0.75,0.714,0.634,0.597,1.078,1.082,1.15,1.15,11.33,79.973,134091200.0
2.16,6.0,0.748,0.711,0.632,0.595,1.075,1.079,1.147,1.147,11.3,79.957,134714800.0
2.17,6.0,0.745,0.708,0.629,0.592,1.072,1.076,1.144,1.144,11.28,79.936,135338500.0
2.18,6.0,0.742,0.705,0.626,0.589,1.069,1.072,1.14,1.14,11.25,79.914,135962200.0
2.19,6.0,0.739,0.702,0.624,0.586,1.065,1.069,1.137,1.137,11.23,79.891,136585900.0
2.2,6.0,0.736,0.699,0.621,0.584,1.062,1.066,1.133,1.133,11.2,79.868,137209600.0
2.21,6.0,0.733,0.696,0.618,0.581,1.059,1.063,1.13,1.13,11.17,79.843,137833200.0
2.22,6.0,0.73,0.693,0.616,0.578,1.055,1.059,1.126,1.126,11.14,79.818,138456900.0
2.23,6.0,0.727,0.69,0.613,0.576,1.052,1.056,1.122,1.122,11.12,79.792,139080600.0
2.24,6.0,0.724,0.687,0.611,0.573,1.049,1.053,1.119,1.119,11.09,79.766,139704300.0
2.25,6.0,0.721,0.684,0.608,0.57,1.045,1.049,1.115,1.115,11.06,79.738,140328000.0
2.26,6.0,0.718,0.681,0.606,0.568,1.042,1.046,1.111,1.111,11.03,79.711,140951600.0
2.27,6.0,0.715,0.678,0.603,0.565,1.038,1.042,1.107,1.107,11.0,79.682,141575300.0
2.28,6.0,0.713,0.675,0.601,0.563,1.035,1.039,1.104,1.104,10.97,79.653,142199000.0
2.29,6.0,0.71,0.672,0.598,0.56,1.032,1.036,1.1,1.1,10.94,79.61,142822700.0
2.3,6.0,0.707,0.669,0.596,0.557,1.029,1.033,1.097,1.097,10.92,79.556,143446400.0
2.31,6.0,0.704,0.666,0.593,0.555,1.026,1.03,1.094,1.094,10.9,79.502,144070000.0
2.32,6.0,0.702,0.663,0.591,0.552,1.023,1.027,1.09,1.09,10.87,79.448,144693700.0
2.33,6.0,0.699,0.661,0.588,0.55,1.02,1.024,1.087,1.087,10.85,79.393,145317400.0
2.34,6.0,0.696,0.658,0.586,0.548,1.017,1.021,1.084,1.084,10.82,79.338,145941100.0
2.35,6.0,0.694,0.655,0.584,0.545,1.013,1.018,1.08,1.08,10.8,79.282,146564800.0
2.36,6.0,0.691,0.652,0.581,0.543,1.01,1.014,1.077,1.077,10.77,79.226,147188400.0
2.37,6.0,0.688,0.65,0.579,0.54,1.007,1.011,1.074,1.074,10.75,79.17,147812100.0
2.38,6.0,0.686,0.647,0.577,0.538,1.004,1.008,1.07,1.07,10.72,79.114,148435800.0
2.39,6.0,0.683,0.644,0.575,0.536,1.001,1.005,1.067,1.067,10.7,79.057,149059500.0
2.4,6.0,0.681,0.642,0.572,0.533,0.999,1.003,1.065,1.065,10.67,78.977,149683200.0
2.41,6.0,0.678,0.639,0.57,0.531,0.997,1.001,1.063,1.063,10.65,78.892,150306800.0
2.42,6.0,0.676,0.637,0.568,0.529,0.996,1.0,1.061,1.061,10.62,78.806,150930500.0
2.43,6.0,0.673,0.634,0.566,0.526,0.994,0.998,1.059,1.059,10.6,78.721,151554200.0
2.44,6.0,0.671,0.632,0.564,0.524,0.992,0.996,1.057,1.057,10.57,78.635,152177900.0
2.45,6.0,0.669,0.629,0.561,0.522,0.99,0.994,1.055,1.055,10.55,78.549,152801600.0
2.46,6.0,0.666,0.627,0.559,0.52,0.988,0.992,1.053,1.053,10.52,78.463,153425200.0
2.47,6.0,0.664,0.625,0.557,0.518,0.987,0.991,1.051,1.051,10.5,78.377,154048900.0
2.48,6.0,0.662,0.623,0.555,0.516,0.985,0.989,1.048,1.048,10.47,78.291,154672600.0
2.49,6.0,0.659,0.621,0.553,0.514,0.983,0.987,1.046,1.046,10.45,78.205,155296300.0
2.5,6.0,0.657,0.619,0.551,0.512,0.981,0.985,1.044,1.044,10.42,78.119,155920000.0
2.51,6.0,0.655,0.616,0.549,0.51,0.979,0.983,1.042,1.042,10.4,78.033,156543600.0
2.52,6.0,0.652,0.614,0.547,0.508,0.977,0.981,1.04,1.04,10.37,77.946,157167300.0
2.53,6.0,0.65,0.612,0.545,0.507,0.976,0.98,1.038,1.038,10.35,77.86,157791000.0
2.54,6.0,0.648,0.61,0.543,0.505,0.974,0.978,1.036,1.036,10.32,77.774,158414700.0
2.55,6.0,0.646,0.608,0.541,0.503,0.972,0.976,1.034,1.034,10.3,77.688,159038400.0
2.56,6.0,0.644,0.606,0.539,0.501,0.97,0.974,1.032,1.032,10.27,77.602,159662000.0
2.57,6.0,0.641,0.604,0.537,0.499,0.969,0.972,1.03,1.03,10.25,77.516,160285700.0
2.58,6.0,0.639,0.602,0.535,0.498,0.967,0.971,1.028,1.028,10.22,77.43,160909400.0
2.59,6.0,0.637,0.6,0.533,0.496,0.965,0.969,1.026,1.026,10.2,77.344,161533100.0
2.6,6.0,0.635,0.598,0.531,0.494,0.963,0.967,1.024,1.024,10.18,77.258,162156700.0
2.61,6.0,0.633,0.596,0.529,0.492,0.961,0.965,1.022,1.022,10.15,77.172,162780400.0
2.62,6.0,0.631,0.595,0.527,0.491,0.96,0.963,1.02,1.02,10.13,77.087,163404100.0
2.63,6.0,0.629,0.593,0.525,0.489,0.958,0.962,1.018,1.018,10.1,77.001,164027800.0
2.64,6.0,0.627,0.591,0.523,0.487,0.956,0.96,1.016,1.016,10.08,76.916,164651500.0
2.65,6.0,0.625,0.589,0.521,0.485,0.954,0.958,1.014,1.014,10.05,76.83,165275200.0
2.66,6.0,0.622,0.587,0.519,0.484,0.953,0.956,1.013,1.013,10.03,76.745,165898800.0
2.67,6.0,0.62,0.585,0.518,0.482,0.951,0.955,1.011,1.011,10.01,76.66,166522500.0
2.68,6.0,0.618,0.583,0.516,0.48,0.949,0.953,1.009,1.009,9.98,76.575,167146200.0
2.69,6.0,0.616,0.581,0.514,0.479,0.948,0.951,1.007,1.007,9.96,76.491,167769900.0
2.7,6.0,0.614,0.58,0.512,0.477,0.946,0.949,1.005,1.005,9.93,76.406,168393600.0
2.71,6.0,0.612,0.578,0.51,0.476,0.944,0.948,1.003,1.003,9.91,76.321,169017200.0
2.72,6.0,0.61,0.576,0.509,0.474,0.942,0.946,1.001,1.001,9.89,76.237,169640900.0
2.73,6.0,0.608,0.574,0.507,0.472,0.941,0.944,0.999,0.999,9.86,76.153,170264600.0
2.74,6.0,0.607,0.572,0.505,0.471,0.939,0.943,0.997,0.997,9.84,76.069,170888300.0
2.75,6.0,0.605,0.571,0.503,0.469,0.937,0.941,0.995,0.995,9.82,75.985,171512000.0
2.76,6.0,0.603,0.569,0.502,0.468,0.936,0.939,0.994,0.994,9.79,75.901,172135600.0
2.77,6.0,0.601,0.567,0.5,0.466,0.934,0.938,0.992,0.992,9.77,75.818,172759300.0
2.78,6.0,0.599,0.566,0.498,0.465,0.932,0.936,0.99,0.99,9.75,75.735,173383000.0
2.79,6.0,0.597,0.564,0.496,0.463,0.931,0.934,0.988,0.988,9.72,75.652,174006700.0
2.8,6.0,0.595,0.562,0.495,0.462,0.929,0.933,0.986,0.986,9.7,75.569,174630300.0
2.81,6.0,0.593,0.56,0.493,0.46,0.928,0.931,0.985,0.985,9.68,75.486,175254000.0
2.82,6.0,0.591,0.559,0.491,0.459,0.926,0.929,0.983,0.983,9.66,75.404,175877700.0
2.83,6.0,0.59,0.557,0.49,0.457,0.924,0.928,0.981,0.981,9.63,75.322,176501400.0
2.84,6.0,0.588,0.556,0.488,0.456,0.923,0.926,0.979,0.979,9.61,75.24,177125100.0
2.85,6.0,0.586,0.554,0.486,0.454,0.921,0.925,0.977,0.977,9.59,75.158,177748700.0
2.86,6.0,0.584,0.552,0.485,0.453,0.92,0.923,0.976,0.976,9.57,75.077,178372400.0
2.87,6.0,0.582,0.551,0.483,0.451,0.918,0.921,0.974,0.974,9.54,74.995,178996100.0
2.88,6.0,0.581,0.549,0.482,0.45,0.917,0.92,0.972,0.972,9.52,74.914,179619800.0
2.89,6.0,0.579,0.548,0.48,0.449,0.915,0.918,0.971,0.971,9.5,74.833,180243500.0
2.9,6.0,0.577,0.546,0.478,0.447,0.914,0.917,0.969,0.969,9.48,74.753,180867200.0
2.91,6.0,0.575,0.544,0.477,0.446,0.912,0.915,0.967,0.967,9.46,74.673,181490800.0
2.92,6.0,0.574,0.543,0.475,0.444,0.911,0.914,0.965,0.965,9.43,74.593,182114500.0
2.93,6.0,0.572,0.541,0.474,0.443,0.909,0.912,0.964,0.964,9.41,74.513,182738200.0
2.94,6.0,0.57,0.54,0.472,0.442,0.908,0.911,0.962,0.962,9.39,74.433,183361900.0
2.95,6.0,0.568,0.538,0.471,0.44,0.906,0.909,0.961,0.961,9.37,74.354,183985500.0
2.96,6.0,0.567,0.537,0.469,0.439,0.905,0.908,0.959,0.959,9.35,74.275,184609200.0
2.97,6.0,0.565,0.535,0.468,0.438,0.903,0.906,0.957,0.957,9.33,74.196,185232900.0
2.98,6.0,0.563,0.534,0.466,0.436,0.902,0.905,0.956,0.956,9.31,74.117,185856600.0
2.99,6.0,0.562,0.532,0.465,0.435,0.9,0.903,0.954,0.954,9.29,74.039,186480300.0
3.0,6.0,0.56,0.531,0.463,0.434,0.899,0.902,0.952,0.952,9.26,73.961,187103900.0
3.01,6.0,0.559,0.529,0.462,0.432,0.897,0.9,0.951,0.951,9.24,73.883,187727600.0
3.02,6.0,0.557,0.528,0.46,0.431,0.896,0.899,0.949,0.949,9.22,73.806,188351300.0
3.03,6.0,0.555,0.526,0.459,0.43,0.895,0.898,0.948,0.948,9.2,73.729,188975000.0
3.04,6.0,0.554,0.525,0.457,0.428,0.893,0.896,0.946,0.946,9.18,73.652,189598700.0
3.05,6.0,0.552,0.524,0.456,0.427,0.892,0.895,0.945,0.945,9.16,73.575,190222300.0
3.06,6.0,0.551,0.522,0.455,0.426,0.89,0.893,0.943,0.943,9.14,73.499,190846000.0
3.07,6.0,0.549,0.521,0.453,0.425,0.889,0.892,0.941,0.941,9.12,73.423,191469700.0
3.08,6.0,0.548,0.519,0.452,0.423,0.888,0.891,0.94,0.94,9.1,73.347,192093400.0
3.09,6.0,0.546,0.518,0.451,0.422,0.886,0.889,0.938,0.938,9.08,73.272,192717100.0
3.1,6.0,0.545,0.516,0.449,0.421,0.885,0.888,0.937,0.937,9.06,73.197,193340700.0
3.11,6.0,0.543,0.515,0.448,0.42,0.884,0.886,0.935,0.935,9.04,73.122,193964400.0
3.12,6.0,0.542,0.514,0.447,0.418,0.882,0.885,0.934,0.934,9.02,73.047,194588100.0
3.13,6.0,0.54,0.512,0.445,0.417,0.881,0.884,0.933,0.933,9.0,72.973,195211800.0
3.14,6.0,0.539,0.511,0.444,0.416,0.88,0.882,0.931,0.931,8.98,72.899,195835500.0
3.15,6.0,0.538,0.51,0.443,0.415,0.878,0.881,0.93,0.93,8.96,72.825,196459100.0
3.16,6.0,0.536,0.508,0.441,0.414,0.877,0.88,0.928,0.928,8.94,72.752,197082800.0
3.17,6.0,0.535,0.507,0.44,0.412,0.876,0.879,0.927,0.927,8.92,72.678,197706500.0
3.18,6.0,0.533,0.506,0.439,0.411,0.874,0.877,0.925,0.925,8.9,72.606,198330200.0
3.19,6.0,0.532,0.504,0.438,0.41,0.873,0.876,0.924,0.924,8.89,72.533,198953900.0
3.2,6.0,0.53,0.503,0.436,0.409,0.872,0.875,0.923,0.923,8.87,72.461,199577500.0
3.21,6.0,0.529,0.502,0.435,0.408,0.871,0.873,0.921,0.921,8.85,72.389,200201200.0
3.22,6.0,0.528,0.5,0.434,0.406,0.869,0.872,0.92,0.92,8.83,72.317,200824900.0
3.23,6.0,0.526,0.499,0.433,0.405,0.868,0.871,0.918,0.918,8.81,72.246,201448600.0
3.24,6.0,0.525,0.498,0.431,0.404,0.867,0.87,0.917,0.917,8.79,72.175,202072300.0
3.25,6.0,0.524,0.497,0.43,0.403,0.866,0.868,0.916,0.916,8.77,72.104,202695900.0
3.26,6.0,0.522,0.495,0.429,0.402,0.864,0.867,0.914,0.914,8.75,72.034,203319600.0
3.27,6.0,0.521,0.494,0.428,0.401,0.863,0.866,0.913,0.913,8.74,71.964,203943300.0
3.28,6.0,0.519,0.493,0.427,0.4,0.862,0.865,0.912,0.912,8.72,71.894,204567000.0
3.29,6.0,0.518,0.492,0.425,0.399,0.861,0.864,0.91,0.91,8.7,71.824,205190700.0
3.3,6.0,0.517,0.49,0.424,0.398,0.86,0.862,0.909,0.909,8.68,71.755,205814300.0
3.31,6.0,0.515,0.489,0.423,0.396,0.858,0.861,0.908,0.908,8.66,71.686,206438000.0
3.32,6.0,0.514,0.488,0.422,0.395,0.857,0.86,0.906,0.906,8.65,71.618,207061700.0
3.33,6.0,0.513,0.487,0.421,0.394,0.856,0.859,0.905,0.905,8.63,71.549,207685400.0
3.34,6.0,0.512,0.485,0.419,0.393,0.855,0.858,0.904,0.904,8.61,71.481,208309000.0
3.35,6.0,0.51,0.484,0.418,0.392,0.854,0.857,0.903,0.903,8.59,71.414,208932700.0
3.36,6.0,0.509,0.483,0.417,0.391,0.853,0.855,0.901,0.901,8.57,71.346,209556400.0
3.37,6.0,0.508,0.482,0.416,0.39,0.852,0.854,0.9,0.9,8.56,71.279,210180100.0
3.38,6.0,0.506,0.481,0.415,0.389,0.85,0.853,0.899,0.899,8.54,71.213,210803800.0
3.39,6.0,0.505,0.48,0.414,0.388,0.849,0.852,0.897,0.897,8.52,71.146,211427500.0
3.4,6.0,0.504,0.478,0.413,0.387,0.848,0.851,0.896,0.896,8.5,71.08,212051100.0
3.41,6.0,0.503,0.477,0.411,0.386,0.847,0.85,0.895,0.895,8.49,71.014,212674800.0
3.42,6.0,0.501,0.476,0.41,0.385,0.846,0.849,0.894,0.894,8.47,70.949,213298500.0
3.43,6.0,0.5,0.475,0.409,0.384,0.845,0.848,0.893,0.893,8.45,70.884,213922200.0
3.44,6.0,0.499,0.474,0.408,0.383,0.844,0.847,0.892,0.892,8.44,70.817,214545900.0
3.45,6.0,0.498,0.473,0.407,0.382,0.843,0.846,0.891,0.891,8.42,70.748,215169500.0
3.46,6.0,0.497,0.472,0.406,0.381,0.842,0.845,0.889,0.889,8.41,70.678,215793200.0
3.47,6.0,0.495,0.471,0.405,0.38,0.841,0.844,0.888,0.888,8.39,70.609,216416900.0
3.48,6.0,0.494,0.469,0.404,0.379,0.84,0.843,0.887,0.887,8.37,70.54,217040600.0
3.49,6.0,0.493,0.468,0.403,0.378,0.839,0.842,0.886,0.886,8.36,70.471,217664300.0
3.5,6.0,0.492,0.467,0.402,0.377,0.838,0.841,0.885,0.885,8.34,70.402,218287900.0
3.51,6.0,0.491,0.466,0.4,0.376,0.837,0.84,0.884,0.884,8.33,70.334,218911600.0
3.52,6.0,0.49,0.465,0.399,0.375,0.837,0.839,0.883,0.883,8.31,70.266,219535300.0
3.53,6.0,0.488,0.464,0.398,0.374,0.836,0.838,0.882,0.882,8.3,70.198,220159000.0
3.54,6.0,0.487,0.463,0.397,0.373,0.835,0.837,0.881,0.881,8.28,70.131,220782600.0
3.55,6.0,0.486,0.462,0.396,0.372,0.834,0.836,0.88,0.88,8.27,70.063,221406300.0
3.56,6.0,0.485,0.461,0.395,0.371,0.833,0.835,0.879,0.879,8.25,69.996,222030000.0
3.57,6.0,0.484,0.46,0.394,0.37,0.832,0.835,0.878,0.878,8.24,69.929,222653700.0
3.58,6.0,0.483,0.459,0.393,0.369,0.831,0.834,0.877,0.877,8.22,69.863,223277400.0
3.59,6.0,0.482,0.458,0.392,0.368,0.83,0.833,0.876,0.876,8.21,69.796,223901000.0
3.6,6.0,0.48,0.457,0.391,0.367,0.83,0.832,0.875,0.875,8.2,69.73,224524700.0
3.61,6.0,0.479,0.456,0.39,0.366,0.829,0.831,0.874,0.874,8.19,69.664,225148400.0
3.62,6.0,0.478,0.455,0.389,0.365,0.828,0.83,0.873,0.873,8.18,69.598,225772100.0
3.63,6.0,0.477,0.454,0.388,0.365,0.827,0.829,0.872,0.872,8.17,69.533,226395800.0
3.64,6.0,0.476,0.453,0.387,0.364,0.826,0.829,0.871,0.871,8.16,69.468,227019500.0
3.65,6.0,0.475,0.452,0.386,0.363,0.825,0.828,0.87,0.87,8.15,69.403,227643100.0
3.66,6.0,0.474,0.451,0.385,0.362,0.825,0.827,0.87,0.87,8.15,69.338,228266800.0
3.67,6.0,0.473,0.45,0.384,0.361,0.824,0.826,0.869,0.869,8.14,69.274,228890500.0
3.68,6.0,0.472,0.449,0.383,0.36,0.823,0.825,0.868,0.868,8.13,69.21,229514200.0
3.69,6.0,0.471,0.448,0.382,0.359,0.822,0.825,0.867,0.867,8.12,69.146,230137900.0
3.7,6.0,0.47,0.447,0.381,0.358,0.821,0.824,0.866,0.866,8.11,69.082,230761500.0
3.71,6.0,0.469,0.446,0.38,0.357,0.821,0.823,0.865,0.865,8.1,69.019,231385200.0
3.72,6.0,0.468,0.445,0.379,0.357,0.82,0.822,0.864,0.864,8.1,68.955,232008900.0
3.73,6.0,0.467,0.444,0.378,0.356,0.819,0.821,0.863,0.863,8.09,68.892,232632600.0
3.74,6.0,0.465,0.443,0.377,0.355,0.818,0.821,0.863,0.863,8.08,68.83,233256200.0
3.75,6.0,0.464,0.442,0.376,0.354,0.818,0.82,0.862,0.862,8.07,68.767,233879900.0
3.76,6.0,0.463,0.441,0.376,0.353,0.817,0.819,0.861,0.861,8.06,68.705,234503600.0
3.77,6.0,0.462,0.44,0.375,0.352,0.816,0.818,0.86,0.86,8.06,68.643,235127300.0
3.78,6.0,0.461,0.439,0.374,0.352,0.815,0.818,0.859,0.859,8.05,68.581,235751000.0
3.79,6.0,0.46,0.439,0.373,0.351,0.815,0.817,0.858,0.858,8.04,68.52,236374600.0
3.8,6.0,0.459,0.438,0.372,0.35,0.814,0.816,0.858,0.858,8.03,68.459,236998300.0
3.81,6.0,0.458,0.437,0.371,0.349,0.813,0.816,0.857,0.857,8.02,68.398,237622000.0
3.82,6.0,0.457,0.436,0.37,0.348,0.813,0.815,0.856,0.856,8.02,68.337,238245700.0
3.83,6.0,0.457,0.435,0.369,0.347,0.813,0.815,0.856,0.856,8.01,68.266,238869400.0
3.84,6.0,0.456,0.434,0.368,0.347,0.814,0.817,0.857,0.857,8.0,68.173,239493000.0
3.85,6.0,0.455,0.434,0.367,0.346,0.816,0.818,0.859,0.859,7.99,68.081,240116700.0
3.86,6.0,0.454,0.433,0.366,0.345,0.818,0.82,0.861,0.861,7.99,67.99,240740400.0
3.87,6.0,0.454,0.432,0.365,0.344,0.819,0.821,0.862,0.862,7.98,67.899,241364100.0
3.88,6.0,0.453,0.432,0.365,0.343,0.821,0.823,0.864,0.864,7.97,67.809,241987800.0
3.89,6.0,0.452,0.431,0.364,0.343,0.822,0.825,0.865,0.865,7.97,67.72,242611500.0
3.9,6.0,0.451,0.43,0.363,0.342,0.824,0.826,0.867,0.867,7.96,67.631,243235100.0
3.91,6.0,0.451,0.43,0.362,0.341,0.826,0.828,0.868,0.868,7.95,67.543,243858800.0
3.92,6.0,0.45,0.429,0.361,0.34,0.827,0.83,0.87,0.87,7.94,67.456,244482500.0
3.93,6.0,0.449,0.429,0.36,0.339,0.829,0.831,0.871,0.871,7.94,67.369,245106200.0
3.94,6.0,0.449,0.428,0.359,0.338,0.831,0.833,0.873,0.873,7.93,67.283,245729800.0
3.95,6.0,0.448,0.427,0.359,0.338,0.832,0.835,0.875,0.875,7.92,67.198,246353500.0
3.96,6.0,0.447,0.427,0.358,0.337,0.834,0.836,0.876,0.876,7.92,67.113,246977200.0
3.97,6.0,0.447,0.426,0.357,0.336,0.836,0.838,0.878,0.878,7.91,67.029,247600900.0
3.98,6.0,0.446,0.425,0.356,0.335,0.837,0.84,0.88,0.88,7.9,66.946,248224600.0
3.99,6.0,0.445,0.425,0.355,0.335,0.839,0.841,0.881,0.881,7.9,66.863,248848200.0
4.0,6.0,0.445,0.424,0.354,0.334,0.841,0.843,0.883,0.883,7.89,66.781,249471900.0
4.01,6.0,0.444,0.424,0.353,0.333,0.843,0.845,0.884,0.884,7.88,66.699,250095600.0
4.02,6.0,0.443,0.423,0.353,0.332,0.844,0.846,0.886,0.886,7.88,66.618,250719300.0
4.03,6.0,0.443,0.422,0.352,0.331,0.846,0.848,0.888,0.888,7.87,66.538,251343000.0
4.04,6.0,0.442,0.422,0.351,0.331,0.848,0.85,0.889,0.889,7.87,66.459,251966600.0
4.05,6.0,0.441,0.421,0.35,0.33,0.85,0.852,0.891,0.891,7.86,66.38,252590300.0
4.06,6.0,0.441,0.421,0.349,0.329,0.851,0.853,0.893,0.893,7.85,66.301,253214000.0
4.07,6.0,0.44,0.42,0.349,0.328,0.853,0.855,0.894,0.894,7.85,66.223,253837700.0
4.08,6.0,0.44,0.42,0.348,0.328,0.855,0.857,0.896,0.896,7.84,66.146,254461400.0
4.09,6.0,0.439,0.419,0.347,0.327,0.856,0.859,0.898,0.898,7.84,66.069,255085000.0
4.1,6.0,0.438,0.418,0.346,0.326,0.858,0.86,0.899,0.899,7.83,65.993,255708700.0
4.11,6.0,0.438,0.418,0.345,0.325,0.86,0.862,0.901,0.901,7.82,65.918,256332400.0
4.12,6.0,0.437,0.417,0.345,0.325,0.862,0.864,0.903,0.903,7.82,65.843,256956100.0
4.13,6.0,0.436,0.417,0.344,0.324,0.864,0.866,0.904,0.904,7.81,65.769,257579800.0
4.14,6.0,0.436,0.416,0.343,0.323,0.865,0.867,0.906,0.906,7.81,65.695,258203400.0
4.15,6.0,0.435,0.416,0.342,0.323,0.867,0.869,0.908,0.908,7.8,65.622,258827100.0
4.16,6.0,0.435,0.415,0.341,0.322,0.869,0.871,0.91,0.91,7.8,65.549,259450800.0
4.17,6.0,0.434,0.415,0.341,0.321,0.871,0.873,0.911,0.911,7.79,65.477,260074500.0
4.18,6.0,0.433,0.414,0.34,0.32,0.873,0.875,0.913,0.913,7.78,65.406,260698100.0
4.19,6.0,0.433,0.414,0.339,0.32,0.874,0.876,0.915,0.915,7.78,65.335,261321800.0
4.2,6.0,0.432,0.413,0.338,0.319,0.876,0.878,0.917,0.917,7.77,65.265,261945500.0
4.21,6.0,0.432,0.413,0.338,0.318,0.878,0.88,0.918,0.918,7.77,65.195,262569200.0
4.22,6.0,0.431,0.412,0.337,0.318,0.88,0.882,0.92,0.92,7.76,65.126,263192900.0
4.23,6.0,0.431,0.412,0.336,0.317,0.881,0.883,0.922,0.922,7.76,65.06,263816600.0
4.24,6.0,0.43,0.411,0.335,0.316,0.883,0.885,0.923,0.923,7.75,65.011,264440200.0
4.25,6.0,0.429,0.41,0.335,0.316,0.884,0.886,0.924,0.924,7.73,64.961,265063900.0
4.26,6.0,0.429,0.41,0.334,0.315,0.885,0.887,0.925,0.925,7.72,64.912,265687600.0
4.27,6.0,0.428,0.409,0.333,0.314,0.886,0.888,0.926,0.926,7.71,64.864,266311300.0
4.28,6.0,0.427,0.409,0.332,0.314,0.887,0.889,0.927,0.927,7.7,64.815,266935000.0
4.29,6.0,0.427,0.408,0.332,0.313,0.888,0.89,0.928,0.928,7.69,64.767,267558600.0
4.3,6.0,0.426,0.408,0.331,0.312,0.89,0.891,0.929,0.929,7.68,64.719,268182300.0
4.31,6.0,0.426,0.407,0.33,0.312,0.891,0.893,0.93,0.93,7.66,64.671,268806000.0
4.32,6.0,0.425,0.407,0.329,0.311,0.892,0.894,0.931,0.931,7.65,64.623,269429700.0
4.33,6.0,0.424,0.406,0.329,0.31,0.893,0.895,0.933,0.933,7.64,64.575,270053300.0
4.34,6.0,0.424,0.405,0.328,0.31,0.894,0.896,0.934,0.934,7.63,64.528,270677100.0
4.35,6.0,0.423,0.405,0.327,0.309,0.895,0.897,0.935,0.935,7.62,64.481,271300700.0
4.36,6.0,0.423,0.404,0.327,0.308,0.897,0.899,0.936,0.936,7.61,64.434,271924400.0
4.37,6.0,0.422,0.404,0.326,0.308,0.898,0.9,0.937,0.937,7.6,64.388,272548100.0
4.38,6.0,0.421,0.403,0.325,0.307,0.899,0.901,0.938,0.938,7.58,64.341,273171700.0
4.39,6.0,0.421,0.403,0.325,0.306,0.9,0.902,0.939,0.939,7.57,64.295,273795400.0
4.4,6.0,0.42,0.402,0.324,0.306,0.901,0.903,0.94,0.94,7.56,64.249,274419100.0
4.41,6.0,0.42,0.402,0.323,0.305,0.903,0.904,0.942,0.942,7.55,64.203,275042800.0
4.42,6.0,0.419,0.401,0.322,0.305,0.904,0.906,0.943,0.943,7.54,64.158,275666500.0
4.43,6.0,0.419,0.401,0.322,0.304,0.905,0.907,0.944,0.944,7.53,64.112,276290100.0
4.44,6.0,0.418,0.4,0.321,0.303,0.906,0.908,0.945,0.945,7.52,64.067,276913800.0
4.45,6.0,0.417,0.4,0.32,0.303,0.907,0.909,0.946,0.946,7.51,64.022,277537500.0
4.46,6.0,0.417,0.399,0.32,0.302,0.909,0.911,0.947,0.947,7.5,63.977,278161200.0
4.47,6.0,0.416,0.399,0.319,0.302,0.91,0.912,0.948,0.948,7.49,63.933,278784900.0
4.48,6.0,0.416,0.399,0.318,0.301,0.911,0.913,0.95,0.95,7.47,63.889,279408500.0
4.49,6.0,0.415,0.398,0.318,0.3,0.912,0.914,0.951,0.951,7.46,63.845,280032200.0
4.5,6.0,0.415,0.398,0.317,0.3,0.914,0.915,0.952,0.952,7.45,63.801,280655900.0
4.51,6.0,0.414,0.397,0.316,0.299,0.915,0.917,0.953,0.953,7.44,63.757,281279600.0
4.52,6.0,0.414,0.397,0.316,0.299,0.916,0.918,0.954,0.954,7.43,63.713,281903300.0
4.53,6.0,0.413,0.396,0.315,0.298,0.917,0.919,0.956,0.956,7.42,63.67,282527000.0
4.54,6.0,0.413,0.396,0.314,0.297,0.919,0.92,0.957,0.957,7.41,63.627,283150600.0
4.55,6.0,0.412,0.395,0.314,0.297,0.92,0.922,0.958,0.958,7.4,63.584,283774300.0
4.56,6.0,0.412,0.395,0.313,0.296,0.921,0.923,0.959,0.959,7.39,63.542,284398000.0
4.57,6.0,0.411,0.394,0.312,0.296,0.922,0.924,0.96,0.96,7.38,63.499,285021700.0
4.58,6.0,0.411,0.394,0.312,0.295,0.924,0.925,0.962,0.962,7.37,63.457,285645300.0
4.59,6.0,0.41,0.394,0.311,0.295,0.925,0.927,0.963,0.963,7.36,63.415,286269000.0
4.6,6.0,0.409,0.393,0.31,0.294,0.926,0.928,0.964,0.964,7.35,63.373,286892700.0
4.61,6.0,0.409,0.393,0.31,0.293,0.928,0.929,0.965,0.965,7.34,63.331,287516400.0
4.62,6.0,0.408,0.392,0.309,0.293,0.929,0.931,0.966,0.966,7.33,63.29,288140100.0
4.63,6.0,0.408,0.392,0.308,0.292,0.93,0.932,0.968,0.968,7.32,63.249,288763700.0
4.64,6.0,0.407,0.391,0.308,0.292,0.931,0.933,0.969,0.969,7.31,63.207,289387400.0
4.65,6.0,0.407,0.391,0.307,0.291,0.933,0.934,0.97,0.97,7.3,63.167,290011100.0
4.66,6.0,0.406,0.391,0.307,0.291,0.934,0.936,0.971,0.971,7.29,63.126,290634800.0
4.67,6.0,0.406,0.39,0.306,0.29,0.935,0.937,0.973,0.973,7.28,63.085,291258500.0
4.68,6.0,0.405,0.39,0.305,0.29,0.937,0.938,0.974,0.974,7.27,63.045,291882100.0
4.69,6.0,0.405,0.389,0.305,0.289,0.938,0.94,0.975,0.975,7.26,63.005,292505800.0
4.7,6.0,0.404,0.389,0.304,0.288,0.939,0.941,0.976,0.976,7.25,62.965,293129500.0
4.71,6.0,0.404,0.388,0.303,0.288,0.941,0.942,0.978,0.978,7.24,62.925,293753200.0
4.72,6.0,0.404,0.388,0.303,0.287,0.942,0.943,0.979,0.979,7.23,62.886,294376900.0
4.73,6.0,0.403,0.388,0.302,0.287,0.943,0.945,0.98,0.98,7.22,62.847,295000500.0
4.74,6.0,0.403,0.387,0.302,0.286,0.945,0.946,0.981,0.981,7.21,62.808,295624200.0
4.75,6.0,0.402,0.387,0.301,0.286,0.946,0.947,0.983,0.983,7.2,62.769,296247900.0
4.76,6.0,0.402,0.386,0.3,0.285,0.947,0.949,0.984,0.984,7.19,62.73,296871600.0
4.77,6.0,0.401,0.386,0.3,0.285,0.949,0.95,0.985,0.985,7.18,62.691,297495300.0
4.78,6.0,0.401,0.386,0.299,0.284,0.95,0.951,0.987,0.987,7.17,62.653,298118900.0
4.79,6.0,0.4,0.385,0.299,0.284,0.95,0.951,0.987,0.987,7.16,62.623,298742600.0
4.8,6.0,0.399,0.385,0.298,0.283,0.949,0.951,0.986,0.986,7.15,62.599,299366300.0
4.81,6.0,0.399,0.384,0.297,0.283,0.949,0.95,0.985,0.985,7.14,62.574,299990000.0
4.82,6.0,0.398,0.383,0.297,0.282,0.948,0.949,0.984,0.984,7.13,62.55,300613700.0
4.83,6.0,0.397,0.383,0.296,0.281,0.947,0.949,0.984,0.984,7.12,62.525,301237300.0
4.84,6.0,0.397,0.382,0.296,0.281,0.946,0.948,0.983,0.983,7.11,62.501,301861000.0
4.85,6.0,0.396,0.382,0.295,0.28,0.946,0.947,0.982,0.982,7.1,62.476,302484700.0
4.86,6.0,0.395,0.381,0.294,0.28,0.945,0.947,0.981,0.981,7.09,62.452,303108400.0
4.87,6.0,0.395,0.38,0.294,0.279,0.944,0.946,0.981,0.981,7.08,62.428,303732100.0
4.88,6.0,0.394,0.38,0.293,0.279,0.944,0.945,0.98,0.98,7.07,62.404,304355700.0
4.89,6.0,0.393,0.379,0.293,0.278,0.943,0.945,0.979,0.979,7.06,62.379,304979400.0
4.9,6.0,0.393,0.379,0.292,0.278,0.943,0.944,0.978,0.978,7.05,62.355,305603100.0
4.91,6.0,0.392,0.378,0.292,0.277,0.942,0.943,0.978,0.978,7.04,62.331,306226800.0
4.92,6.0,0.392,0.377,0.291,0.277,0.941,0.943,0.977,0.977,7.03,62.307,306850500.0
4.93,6.0,0.391,0.377,0.29,0.276,0.941,0.942,0.976,0.976,7.03,62.283,307474100.0
4.94,6.0,0.39,0.376,0.29,0.276,0.94,0.941,0.976,0.976,7.02,62.259,308097800.0
4.95,6.0,0.39,0.376,0.289,0.275,0.939,0.941,0.975,0.975,7.01,62.235,308721500.0
4.96,6.0,0.389,0.375,0.289,0.275,0.939,0.94,0.974,0.974,7.0,62.211,309345200.0
4.97,6.0,0.388,0.375,0.288,0.274,0.938,0.94,0.974,0.974,6.99,62.187,309968800.0
4.98,6.0,0.388,0.374,0.288,0.274,0.937,0.939,0.973,0.973,6.98,62.164,310592500.0
4.99,6.0,0.387,0.373,0.287,0.273,0.937,0.938,0.972,0.972,6.97,62.14,311216200.0
5.0,6.0,0.386,0.373,0.286,0.273,0.936,0.938,0.972,0.972,6.96,62.116,311839900.0
0.01,7.0,0.638,0.625,0.402,0.389,1.895,1.897,1.959,1.959,14.9,80.53,623680.0
0.02,7.0,0.646,0.633,0.41,0.397,1.894,1.896,1.959,1.959,14.9,80.53,1247360.0
0.03,7.0,0.637,0.624,0.401,0.388,1.896,1.897,1.959,1.959,14.9,80.53,1871039.0
0.04,7.0,0.627,0.614,0.391,0.378,1.897,1.898,1.959,1.959,14.9,80.53,2494719.0
0.05,7.0,0.618,0.605,0.382,0.369,1.898,1.899,1.959,1.959,14.9,80.53,3118399.0
0.06,7.0,0.616,0.603,0.38,0.367,1.898,1.9,1.959,1.959,14.9,80.53,3742079.0
0.07,7.0,0.614,0.601,0.378,0.365,1.898,1.9,1.959,1.959,14.9,80.53,4365758.0
0.08,7.0,0.612,0.599,0.376,0.363,1.899,1.9,1.959,1.959,14.9,80.53,4989438.0
0.09,7.0,0.61,0.597,0.374,0.361,1.899,1.9,1.959,1.959,14.9,80.53,5613118.0
0.1,7.0,0.609,0.596,0.373,0.36,1.899,1.9,1.959,1.959,14.9,80.53,6236798.0
0.11,7.0,0.609,0.596,0.373,0.36,1.899,1.9,1.959,1.959,14.9,80.53,6860478.0
0.12,7.0,0.609,0.596,0.373,0.36,1.899,1.9,1.959,1.959,14.9,80.53,7484158.0
0.13,7.0,0.609,0.596,0.373,0.36,1.899,1.901,1.959,1.959,14.9,80.53,8107837.0
0.14,7.0,0.609,0.596,0.373,0.36,1.899,1.901,1.959,1.959,14.9,80.53,8731517.0
0.15,7.0,0.609,0.596,0.373,0.36,1.899,1.901,1.959,1.959,14.9,80.53,9355197.0
0.16,7.0,0.609,0.596,0.373,0.36,1.899,1.901,1.959,1.959,14.9,80.53,9978877.0
0.17,7.0,0.609,0.596,0.373,0.36,1.899,1.901,1.959,1.959,14.9,80.53,10602560.0
0.18,7.0,0.609,0.596,0.373,0.36,1.899,1.901,1.959,1.959,14.9,80.53,11226240.0
0.19,7.0,0.609,0.596,0.373,0.36,1.899,1.901,1.959,1.959,14.9,80.53,11849920.0
0.2,7.0,0.609,0.596,0.373,0.36,1.899,1.901,1.959,1.959,14.9,80.53,12473600.0
0.21,7.0,0.609,0.596,0.373,0.359,1.899,1.901,1.959,1.959,14.9,80.53,13097280.0
0.22,7.0,0.608,0.596,0.373,0.359,1.899,1.901,1.959,1.959,14.9,80.53,13720960.0
0.23,7.0,0.608,0.595,0.373,0.359,1.899,1.901,1.959,1.959,14.9,80.53,14344640.0
0.24,7.0,0.608,0.595,0.372,0.359,1.899,1.901,1.959,1.959,14.9,80.53,14968320.0
0.25,7.0,0.608,0.595,0.372,0.359,1.899,1.901,1.959,1.959,14.9,80.53,15592000.0
0.26,7.0,0.609,0.596,0.373,0.359,1.899,1.901,1.959,1.959,14.9,80.53,16215670.0
0.27,7.0,0.609,0.596,0.373,0.36,1.899,1.901,1.959,1.959,14.9,80.53,16839360.0
0.28,7.0,0.609,0.596,0.373,0.36,1.899,1.901,1.959,1.959,14.9,80.53,17463030.0
0.29,7.0,0.609,0.596,0.373,0.36,1.899,1.901,1.959,1.959,14.9,80.53,18086710.0
0.3,7.0,0.609,0.596,0.373,0.36,1.899,1.9,1.959,1.959,14.9,80.53,18710390.0
0.31,7.0,0.609,0.596,0.373,0.36,1.899,1.9,1.959,1.959,14.9,80.53,19334070.0
0.32,7.0,0.609,0.596,0.373,0.36,1.899,1.9,1.959,1.959,14.9,80.53,19957750.0
0.33,7.0,0.609,0.596,0.373,0.36,1.899,1.9,1.959,1.959,14.9,80.53,20581430.0
0.34,7.0,0.609,0.596,0.373,0.36,1.899,1.9,1.959,1.959,14.9,80.53,21205110.0
0.35,7.0,0.61,0.597,0.374,0.36,1.899,1.9,1.959,1.959,14.9,80.53,21828790.0
0.36,7.0,0.61,0.597,0.374,0.361,1.899,1.9,1.959,1.959,14.9,80.53,22452470.0
0.37,7.0,0.61,0.597,0.374,0.361,1.899,1.9,1.959,1.959,14.9,80.53,23076150.0
0.38,7.0,0.61,0.597,0.374,0.361,1.899,1.9,1.959,1.959,14.9,80.53,23699830.0
0.39,7.0,0.61,0.597,0.374,0.361,1.899,1.9,1.959,1.959,14.9,80.53,24323510.0
0.4,7.0,0.61,0.597,0.374,0.361,1.899,1.9,1.959,1.959,14.9,80.53,24947190.0
0.41,7.0,0.61,0.597,0.374,0.361,1.899,1.9,1.959,1.959,14.9,80.53,25570870.0
0.42,7.0,0.61,0.597,0.374,0.361,1.899,1.9,1.959,1.959,14.9,80.53,26194550.0
0.43,7.0,0.61,0.597,0.374,0.361,1.899,1.9,1.959,1.959,14.9,80.53,26818230.0
0.44,7.0,0.611,0.598,0.375,0.362,1.899,1.9,1.959,1.959,14.9,80.53,27441910.0
0.45,7.0,0.611,0.598,0.375,0.362,1.899,1.9,1.959,1.959,14.9,80.53,28065590.0
0.46,7.0,0.611,0.598,0.375,0.362,1.899,1.9,1.959,1.959,14.9,80.53,28689270.0
0.47,7.0,0.611,0.598,0.375,0.362,1.899,1.9,1.959,1.959,14.9,80.53,29312950.0
0.48,7.0,0.611,0.598,0.375,0.362,1.899,1.9,1.959,1.959,14.9,80.53,29936630.0
0.49,7.0,0.611,0.598,0.375,0.362,1.899,1.9,1.959,1.959,14.9,80.53,30560310.0
0.5,7.0,0.611,0.598,0.375,0.362,1.899,1.9,1.959,1.959,14.9,80.53,31183990.0
0.51,7.0,0.611,0.598,0.375,0.362,1.899,1.9,1.959,1.959,14.9,80.53,31807670.0
0.52,7.0,0.611,0.598,0.376,0.362,1.899,1.9,1.959,1.959,14.9,80.53,32431350.0
0.53,7.0,0.612,0.599,0.376,0.363,1.899,1.9,1.959,1.959,14.9,80.53,33055030.0
0.54,7.0,0.612,0.599,0.376,0.363,1.899,1.9,1.959,1.959,14.9,80.53,33678710.0
0.55,7.0,0.612,0.599,0.376,0.363,1.899,1.9,1.959,1.959,14.9,80.53,34302390.0
0.56,7.0,0.612,0.599,0.376,0.363,1.899,1.9,1.959,1.959,14.9,80.53,34926070.0
0.57,7.0,0.612,0.599,0.376,0.363,1.899,1.9,1.959,1.959,14.9,80.53,35549750.0
0.58,7.0,0.612,0.599,0.376,0.363,1.899,1.9,1.959,1.959,14.9,80.53,36173430.0
0.59,7.0,0.612,0.599,0.376,0.363,1.898,1.9,1.959,1.959,14.9,80.53,36797110.0
0.6,7.0,0.612,0.599,0.376,0.363,1.898,1.9,1.959,1.959,14.9,80.53,37420790.0
0.61,7.0,0.613,0.599,0.377,0.363,1.898,1.9,1.959,1.959,14.9,80.53,38044470.0
0.62,7.0,0.613,0.599,0.377,0.363,1.898,1.9,1.959,1.959,14.9,80.53,38668150.0
0.63,7.0,0.613,0.599,0.378,0.363,1.898,1.9,1.959,1.959,14.9,80.53,39291830.0
0.64,7.0,0.614,0.599,0.378,0.363,1.898,1.9,1.959,1.959,14.9,80.53,39915510.0
0.65,7.0,0.614,0.599,0.378,0.363,1.898,1.9,1.959,1.959,14.9,80.53,40539180.0
0.66,7.0,0.615,0.6,0.379,0.363,1.898,1.9,1.959,1.959,14.9,80.53,41162870.0
0.67,7.0,0.615,0.6,0.379,0.364,1.898,1.9,1.959,1.959,14.9,80.53,41786550.0
0.68,7.0,0.615,0.6,0.379,0.364,1.898,1.9,1.959,1.959,14.9,80.53,42410230.0
0.69,7.0,0.616,0.6,0.38,0.364,1.898,1.9,1.959,1.959,14.9,80.53,43033900.0
0.7,7.0,0.616,0.6,0.38,0.364,1.898,1.9,1.959,1.959,14.9,80.53,43657580.0
0.71,7.0,0.616,0.6,0.381,0.364,1.898,1.9,1.959,1.959,14.9,80.53,44281260.0
0.72,7.0,0.617,0.6,0.381,0.364,1.898,1.9,1.959,1.959,14.9,80.53,44904950.0
0.73,7.0,0.617,0.6,0.381,0.364,1.898,1.9,1.959,1.959,14.9,80.53,45528630.0
0.74,7.0,0.618,0.6,0.382,0.364,1.898,1.9,1.959,1.959,14.9,80.53,46152300.0
0.75,7.0,0.618,0.6,0.382,0.364,1.898,1.9,1.959,1.959,14.9,80.53,46775980.0
0.76,7.0,0.618,0.601,0.382,0.365,1.898,1.9,1.959,1.959,14.9,80.53,47399660.0
0.77,7.0,0.619,0.601,0.383,0.365,1.898,1.9,1.959,1.959,14.9,80.53,48023340.0
0.78,7.0,0.619,0.601,0.383,0.365,1.898,1.9,1.959,1.959,14.9,80.53,48647020.0
0.79,7.0,0.619,0.601,0.384,0.365,1.898,1.9,1.959,1.959,14.9,80.53,49270700.0
0.8,7.0,0.62,0.601,0.384,0.365,1.898,1.9,1.959,1.959,14.9,80.53,49894380.0
0.81,7.0,0.62,0.601,0.384,0.365,1.898,1.9,1.959,1.959,14.9,80.53,50518060.0
0.82,7.0,0.621,0.601,0.385,0.365,1.897,1.9,1.959,1.959,14.9,80.53,51141740.0
0.83,7.0,0.621,0.601,0.385,0.365,1.895,1.898,1.957,1.957,14.9,80.555,51765420.0
0.84,7.0,0.621,0.601,0.385,0.365,1.893,1.896,1.955,1.955,14.9,80.581,52389100.0
0.85,7.0,0.621,0.601,0.386,0.366,1.891,1.894,1.953,1.953,14.9,80.607,53012780.0
0.86,7.0,0.621,0.601,0.386,0.366,1.889,1.892,1.951,1.951,14.9,80.633,53636460.0
0.87,7.0,0.621,0.601,0.387,0.366,1.887,1.89,1.949,1.949,14.9,80.66,54260140.0
0.88,7.0,0.621,0.6,0.387,0.366,1.885,1.887,1.947,1.947,14.9,80.686,54883820.0
0.89,7.0,0.621,0.6,0.387,0.366,1.883,1.885,1.944,1.944,14.9,80.713,55507500.0
0.9,7.0,0.622,0.6,0.388,0.366,1.881,1.883,1.942,1.942,14.9,80.739,56131180.0
0.91,7.0,0.621,0.6,0.39,0.369,1.856,1.858,1.918,1.918,14.72,80.688,56754860.0
0.92,7.0,0.626,0.604,0.398,0.376,1.83,1.833,1.893,1.893,14.53,80.636,57378540.0
0.93,7.0,0.635,0.612,0.411,0.388,1.804,1.807,1.868,1.868,14.35,80.585,58002220.0
0.94,7.0,0.645,0.621,0.424,0.399,1.778,1.781,1.844,1.844,14.16,80.534,58625900.0
0.95,7.0,0.655,0.63,0.437,0.411,1.752,1.755,1.819,1.819,13.98,80.482,59249580.0
0.96,7.0,0.665,0.638,0.45,0.423,1.726,1.729,1.794,1.794,13.79,80.431,59873260.0
0.97,7.0,0.675,0.647,0.462,0.435,1.7,1.703,1.769,1.769,13.6,80.38,60496940.0
0.98,7.0,0.685,0.656,0.475,0.446,1.674,1.677,1.745,1.745,13.42,80.329,61120620.0
0.99,7.0,0.694,0.664,0.488,0.458,1.648,1.651,1.72,1.72,13.23,80.277,61744300.0
1.0,7.0,0.704,0.673,0.501,0.47,1.622,1.625,1.695,1.695,13.05,80.226,62367980.0
1.01,7.0,0.714,0.681,0.514,0.481,1.595,1.599,1.671,1.671,12.86,80.175,62991660.0
1.02,7.0,0.724,0.69,0.527,0.493,1.569,1.573,1.646,1.646,12.68,80.123,63615340.0
1.03,7.0,0.734,0.699,0.54,0.505,1.543,1.548,1.621,1.621,12.49,80.072,64239020.0
1.04,7.0,0.744,0.707,0.553,0.517,1.517,1.522,1.596,1.596,12.31,80.021,64862700.0
1.05,7.0,0.753,0.716,0.566,0.528,1.491,1.496,1.572,1.572,12.12,79.97,65486380.0
1.06,7.0,0.752,0.715,0.565,0.527,1.49,1.495,1.571,1.571,12.13,79.953,66110060.0
1.07,7.0,0.751,0.714,0.564,0.527,1.489,1.494,1.57,1.57,12.14,79.941,66733740.0
1.08,7.0,0.75,0.713,0.563,0.526,1.489,1.493,1.569,1.569,12.15,79.932,67357420.0
1.09,7.0,0.749,0.712,0.562,0.525,1.488,1.492,1.568,1.568,12.16,79.925,67981100.0
1.1,7.0,0.747,0.711,0.561,0.524,1.487,1.491,1.567,1.567,12.17,79.921,68604780.0
1.11,7.0,0.746,0.71,0.56,0.523,1.485,1.489,1.565,1.565,12.17,79.912,69228460.0
1.12,7.0,0.745,0.708,0.558,0.522,1.483,1.487,1.562,1.562,12.17,79.893,69852140.0
1.13,7.0,0.743,0.707,0.557,0.521,1.48,1.485,1.56,1.56,12.16,79.877,70475820.0
1.14,7.0,0.742,0.706,0.556,0.52,1.478,1.482,1.557,1.557,12.16,79.862,71099500.0
1.15,7.0,0.741,0.705,0.555,0.519,1.475,1.48,1.555,1.555,12.16,79.85,71723180.0
1.16,7.0,0.738,0.703,0.553,0.517,1.473,1.478,1.552,1.552,12.15,79.838,72346860.0
1.17,7.0,0.736,0.701,0.551,0.515,1.471,1.475,1.55,1.55,12.15,79.828,72970540.0
1.18,7.0,0.734,0.698,0.549,0.514,1.469,1.473,1.547,1.547,12.15,79.819,73594220.0
1.19,7.0,0.731,0.696,0.547,0.512,1.467,1.471,1.545,1.545,12.14,79.811,74217900.0
1.2,7.0,0.729,0.694,0.545,0.51,1.464,1.469,1.542,1.542,12.14,79.805,74841580.0
1.21,7.0,0.727,0.692,0.543,0.508,1.462,1.466,1.54,1.54,12.14,79.799,75465260.0
1.22,7.0,0.725,0.69,0.541,0.506,1.46,1.464,1.537,1.537,12.13,79.794,76088940.0
1.23,7.0,0.722,0.687,0.539,0.504,1.458,1.462,1.535,1.535,12.13,79.79,76712620.0
1.24,7.0,0.72,0.685,0.537,0.502,1.455,1.46,1.532,1.532,12.12,79.785,77336300.0
1.25,7.0,0.718,0.683,0.535,0.5,1.453,1.457,1.53,1.53,12.12,79.78,77959980.0
1.26,7.0,0.716,0.681,0.533,0.498,1.451,1.455,1.527,1.527,12.12,79.777,78583660.0
1.27,7.0,0.713,0.678,0.532,0.496,1.448,1.453,1.524,1.524,12.11,79.774,79207340.0
1.28,7.0,0.711,0.676,0.53,0.494,1.446,1.45,1.522,1.522,12.11,79.772,79831020.0
1.29,7.0,0.709,0.674,0.528,0.492,1.444,1.448,1.519,1.519,12.1,79.77,80454690.0
1.3,7.0,0.707,0.672,0.526,0.49,1.441,1.446,1.517,1.517,12.1,79.769,81078370.0
1.31,7.0,0.704,0.669,0.524,0.489,1.439,1.443,1.514,1.514,12.1,79.768,81702050.0
1.32,7.0,0.702,0.667,0.522,0.487,1.436,1.441,1.511,1.511,12.09,79.768,82325740.0
1.33,7.0,0.701,0.666,0.521,0.485,1.434,1.438,1.509,1.509,12.09,79.769,82949420.0
1.34,7.0,0.699,0.664,0.519,0.484,1.432,1.436,1.506,1.506,12.08,79.77,83573100.0
1.35,7.0,0.697,0.662,0.518,0.483,1.429,1.434,1.504,1.504,12.08,79.771,84196780.0
1.36,7.0,0.696,0.661,0.517,0.482,1.427,1.431,1.501,1.501,12.07,79.773,84820460.0
1.37,7.0,0.695,0.659,0.516,0.48,1.424,1.429,1.498,1.498,12.07,79.776,85444140.0
1.38,7.0,0.693,0.658,0.515,0.479,1.422,1.426,1.496,1.496,12.07,79.779,86067810.0
1.39,7.0,0.692,0.657,0.514,0.479,1.419,1.424,1.493,1.493,12.06,79.782,86691490.0
1.4,7.0,0.691,0.656,0.513,0.478,1.417,1.421,1.491,1.491,12.06,79.786,87315170.0
1.41,7.0,0.69,0.655,0.512,0.477,1.415,1.419,1.488,1.488,12.05,79.79,87938850.0
1.42,7.0,0.689,0.654,0.512,0.476,1.412,1.416,1.485,1.485,12.05,79.794,88562530.0
1.43,7.0,0.688,0.653,0.511,0.476,1.41,1.414,1.483,1.483,12.05,79.799,89186210.0
1.44,7.0,0.687,0.652,0.51,0.475,1.407,1.411,1.48,1.48,12.04,79.804,89809900.0
1.45,7.0,0.686,0.651,0.51,0.475,1.405,1.409,1.478,1.478,12.03,79.81,90433580.0
1.46,7.0,0.686,0.65,0.51,0.474,1.402,1.406,1.475,1.475,12.02,79.816,91057260.0
1.47,7.0,0.685,0.65,0.509,0.474,1.399,1.404,1.473,1.473,12.01,79.822,91680940.0
1.48,7.0,0.684,0.649,0.509,0.474,1.397,1.401,1.47,1.47,12.0,79.828,92304610.0
1.49,7.0,0.684,0.649,0.509,0.473,1.394,1.399,1.467,1.467,11.99,79.835,92928290.0
1.5,7.0,0.683,0.648,0.508,0.473,1.392,1.396,1.465,1.465,11.98,79.843,93551970.0
1.51,7.0,0.683,0.648,0.508,0.473,1.389,1.394,1.462,1.462,11.97,79.85,94175650.0
1.52,7.0,0.682,0.647,0.508,0.473,1.387,1.391,1.46,1.46,11.96,79.858,94799330.0
1.53,7.0,0.682,0.647,0.508,0.473,1.384,1.388,1.457,1.457,11.95,79.866,95423010.0
1.54,7.0,0.682,0.647,0.508,0.473,1.382,1.386,1.454,1.454,11.94,79.874,96046690.0
1.55,7.0,0.682,0.647,0.509,0.473,1.379,1.383,1.452,1.452,11.93,79.883,96670370.0
1.56,7.0,0.682,0.647,0.509,0.474,1.376,1.381,1.449,1.449,11.92,79.892,97294050.0
1.57,7.0,0.682,0.647,0.509,0.474,1.374,1.378,1.447,1.447,11.91,79.902,97917730.0
1.58,7.0,0.682,0.647,0.509,0.474,1.371,1.375,1.444,1.444,11.9,79.911,98541410.0
1.59,7.0,0.682,0.647,0.51,0.475,1.368,1.373,1.441,1.441,11.89,79.921,99165090.0
1.6,7.0,0.682,0.647,0.51,0.475,1.366,1.37,1.439,1.439,11.88,79.931,99788770.0
1.61,7.0,0.682,0.647,0.511,0.476,1.363,1.368,1.436,1.436,11.87,79.942,100412400.0
1.62,7.0,0.682,0.647,0.511,0.476,1.361,1.365,1.434,1.434,11.86,79.952,101036100.0
1.63,7.0,0.683,0.648,0.512,0.477,1.358,1.362,1.431,1.431,11.85,79.963,101659800.0
1.64,7.0,0.683,0.648,0.513,0.477,1.355,1.36,1.428,1.428,11.84,79.974,102283500.0
1.65,7.0,0.684,0.648,0.514,0.478,1.353,1.357,1.426,1.426,11.83,79.986,102907200.0
1.66,7.0,0.684,0.649,0.514,0.479,1.35,1.354,1.423,1.423,11.82,79.998,103530800.0
1.67,7.0,0.685,0.65,0.515,0.48,1.347,1.351,1.421,1.421,11.81,80.01,104154500.0
1.68,7.0,0.685,0.65,0.516,0.481,1.344,1.349,1.418,1.418,11.8,80.022,104778200.0
1.69,7.0,0.686,0.651,0.517,0.482,1.342,1.346,1.415,1.415,11.79,80.034,105401900.0
1.7,7.0,0.687,0.652,0.518,0.483,1.339,1.343,1.413,1.413,11.78,80.047,106025600.0
1.71,7.0,0.688,0.652,0.52,0.484,1.336,1.341,1.41,1.41,11.77,80.06,106649200.0
1.72,7.0,0.688,0.653,0.521,0.485,1.334,1.338,1.408,1.408,11.76,80.073,107272900.0
1.73,7.0,0.689,0.654,0.522,0.487,1.331,1.335,1.405,1.405,11.75,80.087,107896600.0
1.74,7.0,0.69,0.655,0.523,0.488,1.328,1.332,1.402,1.402,11.74,80.1,108520300.0
1.75,7.0,0.691,0.656,0.525,0.489,1.325,1.33,1.4,1.4,11.73,80.114,109144000.0
1.76,7.0,0.693,0.657,0.526,0.491,1.323,1.327,1.397,1.397,11.72,80.128,109767600.0
1.77,7.0,0.694,0.659,0.528,0.492,1.32,1.324,1.394,1.394,11.71,80.143,110391300.0
1.78,7.0,0.695,0.66,0.529,0.494,1.317,1.321,1.392,1.392,11.7,80.157,111015000.0
1.79,7.0,0.696,0.661,0.531,0.496,1.314,1.318,1.389,1.389,11.69,80.172,111638700.0
1.8,7.0,0.698,0.663,0.533,0.497,1.311,1.316,1.387,1.387,11.68,80.187,112262400.0
1.81,7.0,0.699,0.664,0.534,0.499,1.308,1.313,1.384,1.384,11.67,80.203,112886000.0
1.82,7.0,0.701,0.665,0.536,0.501,1.306,1.31,1.381,1.381,11.66,80.218,113509700.0
1.83,7.0,0.702,0.667,0.538,0.503,1.303,1.307,1.379,1.379,11.65,80.234,114133400.0
1.84,7.0,0.704,0.669,0.54,0.505,1.3,1.304,1.376,1.376,11.64,80.25,114757100.0
1.85,7.0,0.705,0.67,0.542,0.507,1.297,1.301,1.373,1.373,11.63,80.266,115380800.0
1.86,7.0,0.707,0.672,0.544,0.509,1.294,1.299,1.371,1.371,11.62,80.283,116004400.0
1.87,7.0,0.709,0.674,0.546,0.511,1.291,1.296,1.368,1.368,11.61,80.3,116628100.0
1.88,7.0,0.711,0.676,0.549,0.513,1.289,1.293,1.366,1.366,11.6,80.317,117251800.0
1.89,7.0,0.713,0.678,0.551,0.516,1.286,1.29,1.363,1.363,11.59,80.334,117875500.0
1.9,7.0,0.715,0.68,0.553,0.518,1.283,1.287,1.36,1.36,11.58,80.351,118499200.0
1.91,7.0,0.717,0.682,0.556,0.52,1.28,1.284,1.358,1.358,11.57,80.369,119122800.0
1.92,7.0,0.719,0.684,0.558,0.523,1.277,1.281,1.355,1.355,11.56,80.387,119746500.0
1.93,7.0,0.721,0.686,0.561,0.525,1.274,1.278,1.352,1.352,11.55,80.405,120370200.0
1.94,7.0,0.724,0.688,0.563,0.528,1.271,1.275,1.35,1.35,11.54,80.423,120993900.0
1.95,7.0,0.726,0.691,0.566,0.531,1.268,1.272,1.347,1.347,11.53,80.442,121617600.0
1.96,7.0,0.728,0.693,0.569,0.533,1.265,1.269,1.344,1.344,11.52,80.461,122241200.0
1.97,7.0,0.731,0.696,0.572,0.536,1.262,1.266,1.342,1.342,11.51,80.48,122864900.0
1.98,7.0,0.733,0.698,0.574,0.539,1.259,1.263,1.339,1.339,11.5,80.499,123488600.0
1.99,7.0,0.736,0.701,0.577,0.542,1.256,1.26,1.336,1.336,11.49,80.518,124112300.0
2.0,7.0,0.739,0.703,0.58,0.545,1.253,1.258,1.334,1.334,11.48,80.538,124736000.0
2.01,7.0,0.741,0.706,0.584,0.548,1.25,1.254,1.331,1.331,11.47,80.558,125359600.0
2.02,7.0,0.744,0.709,0.587,0.551,1.247,1.251,1.329,1.329,11.46,80.578,125983300.0
2.03,7.0,0.747,0.712,0.59,0.554,1.244,1.248,1.326,1.326,11.45,80.598,126607000.0
2.04,7.0,0.751,0.715,0.594,0.558,1.241,1.245,1.323,1.323,11.44,80.619,127230700.0
2.05,7.0,0.754,0.718,0.597,0.561,1.238,1.242,1.321,1.321,11.43,80.64,127854400.0
2.06,7.0,0.757,0.721,0.601,0.565,1.237,1.241,1.32,1.32,11.42,80.627,128478000.0
2.07,7.0,0.761,0.725,0.604,0.568,1.236,1.24,1.319,1.319,11.41,80.61,129101700.0
2.08,7.0,0.764,0.728,0.608,0.572,1.235,1.239,1.319,1.319,11.4,80.592,129725400.0
2.09,7.0,0.768,0.732,0.612,0.575,1.234,1.238,1.318,1.318,11.39,80.575,130349100.0
2.1,7.0,0.772,0.735,0.616,0.579,1.233,1.237,1.317,1.317,11.38,80.558,130972800.0
2.11,7.0,0.776,0.739,0.62,0.583,1.232,1.236,1.317,1.317,11.37,80.541,131596400.0
2.12,7.0,0.779,0.743,0.624,0.587,1.23,1.235,1.316,1.316,11.36,80.524,132220100.0
2.13,7.0,0.783,0.747,0.628,0.591,1.229,1.234,1.316,1.316,11.35,80.507,132843800.0
2.14,7.0,0.787,0.751,0.632,0.595,1.228,1.233,1.315,1.315,11.34,80.49,133467500.0
2.15,7.0,0.792,0.755,0.636,0.599,1.227,1.232,1.315,1.315,11.33,80.473,134091200.0
2.16,7.0,0.789,0.753,0.634,0.597,1.225,1.23,1.312,1.312,11.3,80.43,134714800.0
2.17,7.0,0.786,0.75,0.632,0.594,1.223,1.228,1.31,1.31,11.28,80.382,135338500.0
2.18,7.0,0.783,0.746,0.629,0.592,1.221,1.226,1.307,1.307,11.25,80.332,135962200.0
2.19,7.0,0.78,0.743,0.626,0.589,1.219,1.223,1.305,1.305,11.23,80.282,136585900.0
2.2,7.0,0.778,0.74,0.623,0.586,1.217,1.221,1.302,1.302,11.2,80.231,137209600.0
2.21,7.0,0.775,0.737,0.621,0.583,1.214,1.219,1.3,1.3,11.17,80.178,137833200.0
2.22,7.0,0.772,0.734,0.618,0.581,1.212,1.216,1.297,1.297,11.14,80.126,138456900.0
2.23,7.0,0.769,0.731,0.616,0.578,1.209,1.214,1.294,1.294,11.12,80.072,139080600.0
2.24,7.0,0.766,0.728,0.613,0.575,1.207,1.212,1.291,1.291,11.09,80.017,139704300.0
2.25,7.0,0.763,0.725,0.61,0.573,1.205,1.209,1.289,1.289,11.06,79.962,140328000.0
2.26,7.0,0.76,0.722,0.608,0.57,1.202,1.207,1.286,1.286,11.03,79.906,140951600.0
2.27,7.0,0.757,0.719,0.605,0.567,1.199,1.204,1.283,1.283,11.0,79.85,141575300.0
2.28,7.0,0.754,0.717,0.603,0.565,1.197,1.202,1.28,1.28,10.97,79.793,142199000.0
2.29,7.0,0.752,0.714,0.6,0.562,1.195,1.199,1.277,1.277,10.94,79.721,142822700.0
2.3,7.0,0.749,0.711,0.598,0.56,1.193,1.197,1.275,1.275,10.92,79.639,143446400.0
2.31,7.0,0.746,0.708,0.596,0.557,1.191,1.195,1.273,1.273,10.9,79.557,144070000.0
2.32,7.0,0.744,0.705,0.593,0.555,1.189,1.194,1.271,1.271,10.87,79.474,144693700.0
2.33,7.0,0.741,0.703,0.591,0.552,1.187,1.192,1.268,1.268,10.85,79.391,145317400.0
2.34,7.0,0.738,0.7,0.588,0.55,1.185,1.19,1.266,1.266,10.82,79.308,145941100.0
2.35,7.0,0.736,0.697,0.586,0.547,1.183,1.188,1.264,1.264,10.8,79.224,146564800.0
2.36,7.0,0.733,0.695,0.584,0.545,1.181,1.186,1.261,1.261,10.77,79.14,147188400.0
2.37,7.0,0.731,0.692,0.581,0.542,1.179,1.183,1.259,1.259,10.75,79.056,147812100.0
2.38,7.0,0.728,0.689,0.579,0.54,1.177,1.181,1.257,1.257,10.72,78.971,148435800.0
2.39,7.0,0.725,0.687,0.577,0.538,1.175,1.179,1.254,1.254,10.7,78.887,149059500.0
2.4,7.0,0.723,0.684,0.575,0.535,1.173,1.177,1.252,1.252,10.67,78.802,149683200.0
2.41,7.0,0.72,0.681,0.572,0.533,1.17,1.175,1.249,1.249,10.65,78.717,150306800.0
2.42,7.0,0.718,0.679,0.57,0.531,1.168,1.173,1.247,1.247,10.62,78.632,150930500.0
2.43,7.0,0.715,0.676,0.568,0.528,1.166,1.171,1.245,1.245,10.6,78.546,151554200.0
2.44,7.0,0.713,0.674,0.566,0.526,1.164,1.169,1.242,1.242,10.57,78.461,152177900.0
2.45,7.0,0.711,0.671,0.564,0.524,1.162,1.167,1.24,1.24,10.55,78.376,152801600.0
2.46,7.0,0.708,0.669,0.561,0.522,1.16,1.165,1.238,1.238,10.52,78.29,153425200.0
2.47,7.0,0.706,0.667,0.559,0.52,1.158,1.163,1.235,1.235,10.5,78.204,154048900.0
2.48,7.0,0.703,0.664,0.557,0.518,1.156,1.16,1.233,1.233,10.47,78.119,154672600.0
2.49,7.0,0.701,0.662,0.555,0.516,1.154,1.158,1.23,1.23,10.45,78.033,155296300.0
2.5,7.0,0.699,0.66,0.553,0.514,1.152,1.156,1.228,1.228,10.42,77.947,155920000.0
2.51,7.0,0.696,0.658,0.551,0.512,1.149,1.154,1.226,1.226,10.4,77.861,156543600.0
2.52,7.0,0.694,0.656,0.549,0.51,1.147,1.152,1.223,1.223,10.37,77.775,157167300.0
2.53,7.0,0.692,0.654,0.547,0.509,1.145,1.15,1.221,1.221,10.35,77.69,157791000.0
2.54,7.0,0.689,0.651,0.545,0.507,1.143,1.148,1.219,1.219,10.32,77.604,158414700.0
2.55,7.0,0.687,0.649,0.543,0.505,1.141,1.146,1.216,1.216,10.3,77.518,159038400.0
2.56,7.0,0.685,0.647,0.541,0.503,1.139,1.144,1.214,1.214,10.27,77.432,159662000.0
2.57,7.0,0.682,0.645,0.539,0.501,1.137,1.141,1.212,1.212,10.25,77.347,160285700.0
2.58,7.0,0.68,0.643,0.537,0.5,1.135,1.139,1.209,1.209,10.22,77.261,160909400.0
2.59,7.0,0.678,0.641,0.535,0.498,1.133,1.137,1.207,1.207,10.2,77.175,161533100.0
2.6,7.0,0.676,0.639,0.533,0.496,1.131,1.135,1.205,1.205,10.18,77.09,162156700.0
2.61,7.0,0.674,0.637,0.531,0.494,1.129,1.133,1.202,1.202,10.15,77.005,162780400.0
2.62,7.0,0.671,0.635,0.529,0.492,1.127,1.131,1.2,1.2,10.13,76.919,163404100.0
2.63,7.0,0.669,0.633,0.527,0.491,1.125,1.129,1.198,1.198,10.1,76.834,164027800.0
2.64,7.0,0.667,0.631,0.525,0.489,1.122,1.127,1.195,1.195,10.08,76.749,164651500.0
2.65,7.0,0.665,0.629,0.523,0.487,1.12,1.125,1.193,1.193,10.05,76.664,165275200.0
2.66,7.0,0.663,0.627,0.522,0.486,1.118,1.123,1.191,1.191,10.03,76.579,165898800.0
2.67,7.0,0.661,0.625,0.52,0.484,1.116,1.121,1.189,1.189,10.01,76.494,166522500.0
2.68,7.0,0.659,0.623,0.518,0.482,1.114,1.119,1.186,1.186,9.98,76.41,167146200.0
2.69,7.0,0.656,0.621,0.516,0.481,1.112,1.117,1.184,1.184,9.96,76.325,167769900.0
2.7,7.0,0.654,0.62,0.514,0.479,1.11,1.115,1.182,1.182,9.93,76.241,168393600.0
2.71,7.0,0.652,0.618,0.512,0.477,1.108,1.113,1.18,1.18,9.91,76.157,169017200.0
2.72,7.0,0.65,0.616,0.511,0.476,1.107,1.111,1.178,1.178,9.89,76.073,169640900.0
2.73,7.0,0.648,0.614,0.509,0.474,1.105,1.109,1.175,1.175,9.86,75.989,170264600.0
2.74,7.0,0.646,0.612,0.507,0.473,1.103,1.107,1.173,1.173,9.84,75.906,170888300.0
2.75,7.0,0.644,0.61,0.505,0.471,1.101,1.105,1.171,1.171,9.82,75.822,171512000.0
2.76,7.0,0.642,0.609,0.504,0.47,1.099,1.103,1.169,1.169,9.79,75.739,172135600.0
2.77,7.0,0.64,0.607,0.502,0.468,1.097,1.101,1.167,1.167,9.77,75.656,172759300.0
2.78,7.0,0.638,0.605,0.5,0.466,1.095,1.099,1.165,1.165,9.75,75.573,173383000.0
2.79,7.0,0.636,0.603,0.498,0.465,1.093,1.097,1.162,1.162,9.72,75.491,174006700.0
2.8,7.0,0.634,0.601,0.497,0.463,1.091,1.095,1.16,1.16,9.7,75.408,174630300.0
2.81,7.0,0.632,0.6,0.495,0.462,1.089,1.093,1.158,1.158,9.68,75.326,175254000.0
2.82,7.0,0.631,0.598,0.493,0.46,1.087,1.091,1.156,1.156,9.66,75.244,175877700.0
2.83,7.0,0.629,0.596,0.492,0.459,1.086,1.09,1.154,1.154,9.63,75.162,176501400.0
2.84,7.0,0.627,0.594,0.49,0.457,1.084,1.088,1.152,1.152,9.61,75.081,177125100.0
2.85,7.0,0.625,0.593,0.488,0.456,1.082,1.086,1.15,1.15,9.59,74.999,177748700.0
2.86,7.0,0.623,0.591,0.487,0.455,1.08,1.084,1.148,1.148,9.57,74.918,178372400.0
2.87,7.0,0.621,0.589,0.485,0.453,1.078,1.082,1.146,1.146,9.54,74.837,178996100.0
2.88,7.0,0.619,0.588,0.483,0.452,1.076,1.08,1.144,1.144,9.52,74.757,179619800.0
2.89,7.0,0.617,0.586,0.482,0.45,1.075,1.079,1.142,1.142,9.5,74.676,180243500.0
2.9,7.0,0.616,0.584,0.48,0.449,1.073,1.077,1.14,1.14,9.48,74.596,180867200.0
2.91,7.0,0.614,0.583,0.479,0.447,1.071,1.075,1.138,1.138,9.46,74.516,181490800.0
2.92,7.0,0.612,0.581,0.477,0.446,1.069,1.073,1.136,1.136,9.43,74.437,182114500.0
2.93,7.0,0.61,0.58,0.476,0.445,1.068,1.071,1.134,1.134,9.41,74.357,182738200.0
2.94,7.0,0.608,0.578,0.474,0.443,1.066,1.07,1.132,1.132,9.39,74.278,183361900.0
2.95,7.0,0.607,0.576,0.472,0.442,1.064,1.068,1.13,1.13,9.37,74.199,183985500.0
2.96,7.0,0.605,0.575,0.471,0.441,1.062,1.066,1.128,1.128,9.35,74.12,184609200.0
2.97,7.0,0.603,0.573,0.469,0.439,1.061,1.064,1.126,1.126,9.33,74.042,185232900.0
2.98,7.0,0.601,0.572,0.468,0.438,1.059,1.063,1.124,1.124,9.31,73.964,185856600.0
2.99,7.0,0.6,0.57,0.466,0.437,1.057,1.061,1.123,1.123,9.29,73.886,186480300.0
3.0,7.0,0.598,0.569,0.465,0.435,1.056,1.059,1.121,1.121,9.26,73.809,187103900.0
3.01,7.0,0.596,0.567,0.463,0.434,1.054,1.058,1.119,1.119,9.24,73.731,187727600.0
3.02,7.0,0.595,0.566,0.462,0.433,1.052,1.056,1.117,1.117,9.22,73.654,188351300.0
3.03,7.0,0.593,0.564,0.461,0.431,1.051,1.054,1.115,1.115,9.2,73.577,188975000.0
3.04,7.0,0.592,0.563,0.459,0.43,1.049,1.053,1.113,1.113,9.18,73.501,189598700.0
3.05,7.0,0.59,0.561,0.458,0.429,1.047,1.051,1.112,1.112,9.16,73.425,190222300.0
3.06,7.0,0.588,0.56,0.457,0.428,1.046,1.049,1.11,1.11,9.14,73.349,190846000.0
3.07,7.0,0.587,0.558,0.455,0.426,1.044,1.048,1.108,1.108,9.12,73.273,191469700.0
3.08,7.0,0.585,0.557,0.454,0.425,1.043,1.046,1.106,1.106,9.1,73.198,192093400.0
3.09,7.0,0.584,0.555,0.452,0.424,1.041,1.045,1.104,1.104,9.08,73.123,192717100.0
3.1,7.0,0.582,0.554,0.451,0.423,1.04,1.043,1.103,1.103,9.06,73.048,193340700.0
3.11,7.0,0.581,0.552,0.45,0.421,1.038,1.041,1.101,1.101,9.04,72.974,193964400.0
3.12,7.0,0.579,0.551,0.448,0.42,1.036,1.04,1.099,1.099,9.02,72.899,194588100.0
3.13,7.0,0.578,0.549,0.447,0.419,1.035,1.038,1.098,1.098,9.0,72.825,195211800.0
3.14,7.0,0.576,0.548,0.446,0.418,1.033,1.037,1.096,1.096,8.98,72.752,195835500.0
3.15,7.0,0.575,0.547,0.445,0.416,1.032,1.035,1.094,1.094,8.96,72.679,196459100.0
3.16,7.0,0.573,0.545,0.443,0.415,1.03,1.034,1.092,1.092,8.94,72.605,197082800.0
3.17,7.0,0.572,0.544,0.442,0.414,1.029,1.032,1.091,1.091,8.92,72.533,197706500.0
3.18,7.0,0.57,0.542,0.441,0.413,1.027,1.031,1.089,1.089,8.9,72.46,198330200.0
3.19,7.0,0.569,0.541,0.439,0.412,1.026,1.029,1.087,1.087,8.89,72.388,198953900.0
3.2,7.0,0.567,0.54,0.438,0.41,1.024,1.028,1.086,1.086,8.87,72.316,199577500.0
3.21,7.0,0.566,0.538,0.437,0.409,1.023,1.026,1.084,1.084,8.85,72.245,200201200.0
3.22,7.0,0.564,0.537,0.436,0.408,1.021,1.025,1.083,1.083,8.83,72.174,200824900.0
3.23,7.0,0.563,0.536,0.434,0.407,1.02,1.023,1.081,1.081,8.81,72.103,201448600.0
3.24,7.0,0.561,0.534,0.433,0.406,1.019,1.022,1.079,1.079,8.79,72.032,202072300.0
3.25,7.0,0.56,0.533,0.432,0.405,1.017,1.02,1.078,1.078,8.77,71.962,202695900.0
3.26,7.0,0.559,0.532,0.431,0.404,1.016,1.019,1.076,1.076,8.75,71.892,203319600.0
3.27,7.0,0.557,0.53,0.429,0.402,1.014,1.018,1.075,1.075,8.74,71.822,203943300.0
3.28,7.0,0.556,0.529,0.428,0.401,1.013,1.016,1.073,1.073,8.72,71.753,204567000.0
3.29,7.0,0.555,0.528,0.427,0.4,1.014,1.018,1.074,1.074,8.7,71.642,205190700.0
3.3,7.0,0.554,0.527,0.426,0.399,1.017,1.02,1.077,1.077,8.68,71.521,205814300.0
3.31,7.0,0.553,0.526,0.425,0.398,1.019,1.022,1.079,1.079,8.66,71.401,206438000.0
3.32,7.0,0.552,0.526,0.423,0.397,1.021,1.024,1.081,1.081,8.65,71.282,207061700.0
3.33,7.0,0.551,0.525,0.422,0.396,1.023,1.027,1.083,1.083,8.63,71.164,207685400.0
3.34,7.0,0.55,0.524,0.421,0.395,1.026,1.029,1.085,1.085,8.61,71.046,208309000.0
3.35,7.0,0.549,0.523,0.42,0.394,1.028,1.031,1.087,1.087,8.59,70.93,208932700.0
3.36,7.0,0.548,0.522,0.419,0.393,1.03,1.033,1.089,1.089,8.57,70.815,209556400.0
3.37,7.0,0.548,0.522,0.418,0.392,1.033,1.036,1.092,1.092,8.56,70.7,210180100.0
3.38,7.0,0.547,0.521,0.416,0.39,1.035,1.038,1.094,1.094,8.54,70.587,210803800.0
3.39,7.0,0.546,0.52,0.415,0.389,1.037,1.04,1.096,1.096,8.52,70.475,211427500.0
3.4,7.0,0.545,0.519,0.414,0.388,1.04,1.043,1.098,1.098,8.5,70.363,212051100.0
3.41,7.0,0.544,0.519,0.413,0.387,1.042,1.045,1.1,1.1,8.49,70.252,212674800.0
3.42,7.0,0.543,0.518,0.412,0.386,1.044,1.047,1.103,1.103,8.47,70.143,213298500.0
3.43,7.0,0.542,0.517,0.411,0.385,1.047,1.05,1.105,1.105,8.45,70.034,213922200.0
3.44,7.0,0.542,0.516,0.41,0.384,1.049,1.052,1.107,1.107,8.44,69.925,214545900.0
3.45,7.0,0.541,0.516,0.409,0.383,1.052,1.055,1.11,1.11,8.42,69.813,215169500.0
3.46,7.0,0.54,0.515,0.407,0.382,1.054,1.057,1.112,1.112,8.41,69.702,215793200.0
3.47,7.0,0.539,0.514,0.406,0.381,1.057,1.06,1.115,1.115,8.39,69.592,216416900.0
3.48,7.0,0.538,0.514,0.405,0.38,1.059,1.062,1.117,1.117,8.37,69.483,217040600.0
3.49,7.0,0.538,0.513,0.404,0.379,1.062,1.065,1.119,1.119,8.36,69.374,217664300.0
3.5,7.0,0.537,0.512,0.403,0.378,1.064,1.067,1.122,1.122,8.34,69.267,218287900.0
3.51,7.0,0.536,0.512,0.402,0.377,1.067,1.07,1.124,1.124,8.33,69.16,218911600.0
3.52,7.0,0.535,0.511,0.401,0.376,1.069,1.072,1.127,1.127,8.31,69.054,219535300.0
3.53,7.0,0.535,0.51,0.4,0.375,1.072,1.075,1.129,1.129,8.3,68.949,220159000.0
3.54,7.0,0.534,0.51,0.399,0.374,1.075,1.078,1.132,1.132,8.28,68.845,220782600.0
3.55,7.0,0.533,0.509,0.398,0.373,1.077,1.08,1.134,1.134,8.27,68.742,221406300.0
3.56,7.0,0.532,0.508,0.397,0.373,1.08,1.083,1.137,1.137,8.25,68.639,222030000.0
3.57,7.0,0.532,0.508,0.396,0.372,1.082,1.085,1.139,1.139,8.24,68.538,222653700.0
3.58,7.0,0.531,0.507,0.395,0.371,1.085,1.088,1.142,1.142,8.22,68.437,223277400.0
3.59,7.0,0.53,0.506,0.394,0.37,1.088,1.09,1.144,1.144,8.21,68.337,223901000.0
3.6,7.0,0.529,0.506,0.393,0.369,1.09,1.093,1.147,1.147,8.2,68.237,224524700.0
3.61,7.0,0.529,0.505,0.392,0.368,1.093,1.096,1.149,1.149,8.19,68.139,225148400.0
3.62,7.0,0.528,0.505,0.391,0.367,1.095,1.098,1.152,1.152,8.18,68.041,225772100.0
3.63,7.0,0.527,0.504,0.39,0.366,1.098,1.101,1.154,1.154,8.17,67.944,226395800.0
3.64,7.0,0.527,0.503,0.389,0.365,1.101,1.104,1.157,1.157,8.16,67.848,227019500.0
3.65,7.0,0.526,0.503,0.388,0.364,1.103,1.106,1.159,1.159,8.15,67.753,227643100.0
3.66,7.0,0.525,0.502,0.387,0.363,1.106,1.109,1.162,1.162,8.15,67.658,228266800.0
3.67,7.0,0.525,0.502,0.386,0.362,1.109,1.112,1.165,1.165,8.14,67.565,228890500.0
3.68,7.0,0.524,0.501,0.385,0.362,1.112,1.114,1.167,1.167,8.13,67.471,229514200.0
3.69,7.0,0.523,0.501,0.384,0.361,1.114,1.117,1.17,1.17,8.12,67.379,230137900.0
3.7,7.0,0.523,0.5,0.383,0.36,1.117,1.12,1.172,1.172,8.11,67.288,230761500.0
3.71,7.0,0.522,0.499,0.382,0.359,1.12,1.122,1.175,1.175,8.1,67.197,231385200.0
3.72,7.0,0.521,0.499,0.381,0.358,1.122,1.125,1.178,1.178,8.1,67.107,232008900.0
3.73,7.0,0.521,0.498,0.38,0.357,1.125,1.128,1.18,1.18,8.09,67.017,232632600.0
3.74,7.0,0.52,0.498,0.379,0.356,1.128,1.131,1.183,1.183,8.08,66.929,233256200.0
3.75,7.0,0.52,0.497,0.378,0.355,1.131,1.133,1.186,1.186,8.07,66.841,233879900.0
3.76,7.0,0.519,0.497,0.377,0.355,1.133,1.136,1.188,1.188,8.06,66.754,234503600.0
3.77,7.0,0.518,0.496,0.376,0.354,1.136,1.139,1.191,1.191,8.06,66.667,235127300.0
3.78,7.0,0.518,0.496,0.375,0.353,1.139,1.142,1.194,1.194,8.05,66.582,235751000.0
3.79,7.0,0.517,0.495,0.374,0.352,1.142,1.144,1.196,1.196,8.04,66.497,236374600.0
3.8,7.0,0.517,0.495,0.373,0.351,1.145,1.147,1.199,1.199,8.03,66.412,236998300.0
3.81,7.0,0.516,0.494,0.372,0.35,1.147,1.15,1.202,1.202,8.02,66.329,237622000.0
3.82,7.0,0.515,0.494,0.371,0.35,1.15,1.153,1.204,1.204,8.02,66.246,238245700.0
3.83,7.0,0.515,0.493,0.371,0.349,1.153,1.156,1.207,1.207,8.01,66.164,238869400.0
3.84,7.0,0.514,0.493,0.37,0.348,1.156,1.159,1.21,1.21,8.0,66.082,239493000.0
3.85,7.0,0.514,0.492,0.369,0.347,1.159,1.161,1.213,1.213,7.99,66.001,240116700.0
3.86,7.0,0.513,0.492,0.368,0.346,1.162,1.164,1.215,1.215,7.99,65.921,240740400.0
3.87,7.0,0.513,0.491,0.367,0.346,1.164,1.167,1.218,1.218,7.98,65.841,241364100.0
3.88,7.0,0.512,0.491,0.366,0.345,1.167,1.17,1.221,1.221,7.97,65.763,241987800.0
3.89,7.0,0.512,0.49,0.365,0.344,1.17,1.173,1.224,1.224,7.97,65.684,242611500.0
3.9,7.0,0.511,0.49,0.364,0.343,1.173,1.176,1.227,1.227,7.96,65.607,243235100.0
3.91,7.0,0.511,0.49,0.363,0.342,1.176,1.178,1.229,1.229,7.95,65.53,243858800.0
3.92,7.0,0.51,0.489,0.363,0.341,1.179,1.181,1.232,1.232,7.94,65.454,244482500.0
3.93,7.0,0.509,0.489,0.362,0.341,1.182,1.184,1.235,1.235,7.94,65.378,245106200.0
3.94,7.0,0.509,0.488,0.361,0.34,1.185,1.187,1.238,1.238,7.93,65.303,245729800.0
3.95,7.0,0.508,0.488,0.36,0.339,1.187,1.19,1.241,1.241,7.92,65.229,246353500.0
3.96,7.0,0.508,0.487,0.359,0.338,1.19,1.193,1.243,1.243,7.92,65.155,246977200.0
3.97,7.0,0.507,0.487,0.358,0.337,1.193,1.196,1.246,1.246,7.91,65.082,247600900.0
3.98,7.0,0.507,0.486,0.357,0.337,1.196,1.199,1.249,1.249,7.9,65.009,248224600.0
3.99,7.0,0.506,0.486,0.357,0.336,1.199,1.202,1.252,1.252,7.9,64.937,248848200.0
4.0,7.0,0.506,0.486,0.356,0.335,1.202,1.205,1.255,1.255,7.89,64.866,249471900.0
4.01,7.0,0.506,0.485,0.355,0.334,1.205,1.208,1.258,1.258,7.88,64.795,250095600.0
4.02,7.0,0.505,0.485,0.354,0.334,1.208,1.211,1.261,1.261,7.88,64.725,250719300.0
4.03,7.0,0.505,0.484,0.353,0.333,1.211,1.213,1.263,1.263,7.87,64.656,251343000.0
4.04,7.0,0.504,0.484,0.352,0.332,1.214,1.216,1.266,1.266,7.87,64.587,251966600.0
4.05,7.0,0.504,0.483,0.352,0.331,1.217,1.219,1.269,1.269,7.86,64.519,252590300.0
4.06,7.0,0.503,0.483,0.351,0.331,1.22,1.222,1.272,1.272,7.85,64.451,253214000.0
4.07,7.0,0.503,0.483,0.35,0.33,1.223,1.225,1.275,1.275,7.85,64.384,253837700.0
4.08,7.0,0.502,0.482,0.349,0.329,1.226,1.228,1.278,1.278,7.84,64.317,254461400.0
4.09,7.0,0.502,0.482,0.348,0.328,1.229,1.231,1.281,1.281,7.84,64.251,255085000.0
4.1,7.0,0.501,0.482,0.348,0.328,1.232,1.234,1.284,1.284,7.83,64.186,255708700.0
4.11,7.0,0.501,0.481,0.347,0.327,1.233,1.235,1.284,1.284,7.82,64.135,256332400.0
4.12,7.0,0.5,0.48,0.346,0.326,1.232,1.235,1.284,1.284,7.82,64.091,256956100.0
4.13,7.0,0.499,0.479,0.345,0.325,1.232,1.235,1.284,1.284,7.81,64.046,257579800.0
4.14,7.0,0.498,0.479,0.344,0.325,1.232,1.234,1.284,1.284,7.81,64.003,258203400.0
4.15,7.0,0.497,0.478,0.344,0.324,1.232,1.234,1.283,1.283,7.8,63.959,258827100.0
4.16,7.0,0.497,0.477,0.343,0.323,1.232,1.234,1.283,1.283,7.8,63.915,259450800.0
4.17,7.0,0.496,0.476,0.342,0.322,1.232,1.234,1.283,1.283,7.79,63.872,260074500.0
4.18,7.0,0.495,0.476,0.341,0.322,1.231,1.234,1.283,1.283,7.78,63.829,260698100.0
4.19,7.0,0.494,0.475,0.34,0.321,1.231,1.234,1.282,1.282,7.78,63.786,261321800.0
4.2,7.0,0.493,0.474,0.34,0.32,1.231,1.233,1.282,1.282,7.77,63.744,261945500.0
4.21,7.0,0.493,0.473,0.339,0.32,1.231,1.233,1.282,1.282,7.77,63.702,262569200.0
4.22,7.0,0.492,0.473,0.338,0.319,1.231,1.233,1.282,1.282,7.76,63.659,263192900.0
4.23,7.0,0.491,0.472,0.337,0.318,1.231,1.233,1.281,1.281,7.76,63.62,263816600.0
4.24,7.0,0.49,0.471,0.337,0.318,1.23,1.232,1.28,1.28,7.75,63.593,264440200.0
4.25,7.0,0.489,0.47,0.336,0.317,1.229,1.231,1.279,1.279,7.73,63.566,265063900.0
4.26,7.0,0.488,0.47,0.335,0.316,1.228,1.23,1.278,1.278,7.72,63.539,265687600.0
4.27,7.0,0.488,0.469,0.334,0.315,1.227,1.229,1.277,1.277,7.71,63.512,266311300.0
4.28,7.0,0.487,0.468,0.334,0.315,1.226,1.228,1.276,1.276,7.7,63.486,266935000.0
4.29,7.0,0.486,0.467,0.333,0.314,1.225,1.227,1.275,1.275,7.69,63.459,267558600.0
4.3,7.0,0.485,0.466,0.332,0.313,1.224,1.227,1.274,1.274,7.68,63.432,268182300.0
4.31,7.0,0.484,0.466,0.332,0.313,1.223,1.226,1.273,1.273,7.66,63.406,268806000.0
4.32,7.0,0.483,0.465,0.331,0.312,1.222,1.225,1.272,1.272,7.65,63.379,269429700.0
4.33,7.0,0.483,0.464,0.33,0.311,1.222,1.224,1.271,1.271,7.64,63.353,270053300.0
4.34,7.0,0.482,0.463,0.329,0.311,1.221,1.223,1.27,1.27,7.63,63.326,270677100.0
4.35,7.0,0.481,0.463,0.329,0.31,1.22,1.222,1.269,1.269,7.62,63.3,271300700.0
4.36,7.0,0.48,0.462,0.328,0.31,1.219,1.221,1.269,1.269,7.61,63.273,271924400.0
4.37,7.0,0.479,0.461,0.327,0.309,1.218,1.22,1.268,1.268,7.6,63.247,272548100.0
4.38,7.0,0.478,0.46,0.327,0.308,1.217,1.22,1.267,1.267,7.58,63.221,273171700.0
4.39,7.0,0.478,0.46,0.326,0.308,1.217,1.219,1.266,1.266,7.57,63.194,273795400.0
4.4,7.0,0.477,0.459,0.325,0.307,1.216,1.218,1.265,1.265,7.56,63.168,274419100.0
4.41,7.0,0.476,0.458,0.324,0.306,1.215,1.217,1.264,1.264,7.55,63.142,275042800.0
4.42,7.0,0.475,0.457,0.324,0.306,1.214,1.216,1.263,1.263,7.54,63.116,275666500.0
4.43,7.0,0.474,0.457,0.323,0.305,1.213,1.216,1.262,1.262,7.53,63.09,276290100.0
4.44,7.0,0.474,0.456,0.322,0.305,1.213,1.215,1.261,1.261,7.52,63.064,276913800.0
4.45,7.0,0.473,0.455,0.322,0.304,1.212,1.214,1.26,1.26,7.51,63.038,277537500.0
4.46,7.0,0.472,0.455,0.321,0.303,1.211,1.213,1.26,1.26,7.5,63.012,278161200.0
4.47,7.0,0.471,0.454,0.32,0.303,1.21,1.212,1.259,1.259,7.49,62.986,278784900.0
4.48,7.0,0.47,0.453,0.32,0.302,1.21,1.212,1.258,1.258,7.47,62.96,279408500.0
4.49,7.0,0.47,0.452,0.319,0.302,1.209,1.211,1.257,1.257,7.46,62.934,280032200.0
4.5,7.0,0.469,0.452,0.318,0.301,1.208,1.21,1.256,1.256,7.45,62.908,280655900.0
4.51,7.0,0.468,0.451,0.318,0.3,1.207,1.209,1.255,1.255,7.44,62.883,281279600.0
4.52,7.0,0.467,0.45,0.317,0.3,1.207,1.209,1.254,1.254,7.43,62.857,281903300.0
4.53,7.0,0.467,0.45,0.316,0.299,1.206,1.208,1.254,1.254,7.42,62.831,282527000.0
4.54,7.0,0.466,0.449,0.316,0.299,1.205,1.207,1.253,1.253,7.41,62.806,283150600.0
4.55,7.0,0.465,0.448,0.315,0.298,1.204,1.206,1.252,1.252,7.4,62.78,283774300.0
4.56,7.0,0.464,0.448,0.314,0.297,1.204,1.206,1.251,1.251,7.39,62.755,284398000.0
4.57,7.0,0.464,0.447,0.314,0.297,1.203,1.205,1.25,1.25,7.38,62.729,285021700.0
4.58,7.0,0.463,0.446,0.313,0.296,1.202,1.204,1.25,1.25,7.37,62.704,285645300.0
4.59,7.0,0.462,0.446,0.312,0.296,1.202,1.204,1.249,1.249,7.36,62.679,286269000.0
4.6,7.0,0.461,0.445,0.312,0.295,1.201,1.203,1.248,1.248,7.35,62.653,286892700.0
4.61,7.0,0.461,0.444,0.311,0.295,1.2,1.202,1.247,1.247,7.34,62.628,287516400.0
4.62,7.0,0.46,0.444,0.31,0.294,1.199,1.201,1.247,1.247,7.33,62.603,288140100.0
4.63,7.0,0.459,0.443,0.31,0.293,1.199,1.201,1.246,1.246,7.32,62.578,288763700.0
4.64,7.0,0.459,0.442,0.309,0.293,1.198,1.2,1.245,1.245,7.31,62.553,289387400.0
4.65,7.0,0.458,0.442,0.308,0.292,1.197,1.199,1.244,1.244,7.3,62.528,290011100.0
4.66,7.0,0.457,0.441,0.308,0.292,1.197,1.199,1.244,1.244,7.29,62.502,290634800.0
4.67,7.0,0.456,0.441,0.307,0.291,1.196,1.198,1.243,1.243,7.28,62.478,291258500.0
4.68,7.0,0.456,0.44,0.307,0.291,1.196,1.197,1.242,1.242,7.27,62.453,291882100.0
4.69,7.0,0.455,0.439,0.306,0.29,1.195,1.197,1.241,1.241,7.26,62.428,292505800.0
4.7,7.0,0.454,0.439,0.305,0.29,1.194,1.196,1.241,1.241,7.25,62.403,293129500.0
4.71,7.0,0.454,0.438,0.305,0.289,1.194,1.196,1.24,1.24,7.24,62.378,293753200.0
4.72,7.0,0.453,0.437,0.304,0.288,1.193,1.195,1.239,1.239,7.23,62.353,294376900.0
4.73,7.0,0.452,0.437,0.303,0.288,1.192,1.194,1.239,1.239,7.22,62.329,295000500.0
4.74,7.0,0.451,0.436,0.303,0.287,1.192,1.194,1.238,1.238,7.21,62.304,295624200.0
4.75,7.0,0.451,0.435,0.302,0.287,1.191,1.193,1.237,1.237,7.2,62.279,296247900.0
4.76,7.0,0.45,0.435,0.302,0.286,1.191,1.192,1.237,1.237,7.19,62.255,296871600.0
4.77,7.0,0.449,0.434,0.301,0.286,1.19,1.192,1.236,1.236,7.18,62.23,297495300.0
4.78,7.0,0.449,0.434,0.3,0.285,1.189,1.191,1.235,1.235,7.17,62.206,298118900.0
4.79,7.0,0.448,0.433,0.3,0.285,1.189,1.191,1.235,1.235,7.16,62.181,298742600.0
4.8,7.0,0.447,0.432,0.299,0.284,1.188,1.19,1.234,1.234,7.15,62.157,299366300.0
4.81,7.0,0.447,0.432,0.299,0.284,1.188,1.189,1.233,1.233,7.14,62.133,299990000.0
4.82,7.0,0.446,0.431,0.298,0.283,1.187,1.189,1.233,1.233,7.13,62.108,300613700.0
4.83,7.0,0.445,0.431,0.297,0.283,1.187,1.188,1.232,1.232,7.12,62.084,301237300.0
4.84,7.0,0.445,0.43,0.297,0.282,1.186,1.188,1.231,1.231,7.11,62.06,301861000.0
4.85,7.0,0.444,0.429,0.296,0.282,1.185,1.187,1.231,1.231,7.1,62.036,302484700.0
4.86,7.0,0.443,0.429,0.296,0.281,1.185,1.187,1.23,1.23,7.09,62.012,303108400.0
4.87,7.0,0.443,0.428,0.295,0.28,1.184,1.186,1.23,1.23,7.08,61.988,303732100.0
4.88,7.0,0.442,0.428,0.294,0.28,1.184,1.186,1.229,1.229,7.07,61.964,304355700.0
4.89,7.0,0.441,0.427,0.294,0.279,1.183,1.185,1.228,1.228,7.06,61.94,304979400.0
4.9,7.0,0.441,0.426,0.293,0.279,1.183,1.185,1.228,1.228,7.05,61.916,305603100.0
4.91,7.0,0.44,0.426,0.293,0.278,1.182,1.184,1.227,1.227,7.04,61.892,306226800.0
4.92,7.0,0.439,0.425,0.292,0.278,1.182,1.184,1.227,1.227,7.03,61.868,306850500.0
4.93,7.0,0.439,0.425,0.292,0.277,1.181,1.182,1.225,1.225,7.03,61.848,307474100.0
4.94,7.0,0.438,0.424,0.291,0.277,1.18,1.181,1.224,1.224,7.02,61.827,308097800.0
4.95,7.0,0.437,0.423,0.29,0.276,1.178,1.18,1.223,1.223,7.01,61.806,308721500.0
4.96,7.0,0.437,0.423,0.29,0.276,1.177,1.179,1.222,1.222,7.0,61.785,309345200.0
4.97,7.0,0.436,0.422,0.289,0.275,1.176,1.178,1.221,1.221,6.99,61.764,309968800.0
4.98,7.0,0.435,0.421,0.289,0.275,1.175,1.177,1.22,1.22,6.98,61.743,310592500.0
4.99,7.0,0.435,0.421,0.288,0.274,1.174,1.176,1.219,1.219,6.97,61.722,311216200.0
5.0,7.0,0.434,0.42,0.288,0.274,1.173,1.175,1.217,1.217,6.96,61.701,311839900.0
0.01,8.0,0.719,0.706,0.404,0.391,2.213,2.214,2.291,2.291,14.9,79.972,623680.0
0.02,8.0,0.727,0.714,0.412,0.399,2.212,2.213,2.291,2.291,14.9,79.972,1247360.0
0.03,8.0,0.718,0.705,0.403,0.389,2.213,2.215,2.291,2.291,14.9,79.972,1871039.0
0.04,8.0,0.708,0.695,0.393,0.38,2.214,2.216,2.291,2.291,14.9,79.972,2494719.0
0.05,8.0,0.699,0.686,0.384,0.371,2.215,2.217,2.291,2.291,14.9,79.972,3118399.0
0.06,8.0,0.697,0.684,0.382,0.368,2.216,2.218,2.291,2.291,14.9,79.972,3742079.0
0.07,8.0,0.695,0.682,0.38,0.366,2.216,2.218,2.291,2.291,14.9,79.972,4365758.0
0.08,8.0,0.693,0.68,0.378,0.364,2.216,2.218,2.291,2.291,14.9,79.972,4989438.0
0.09,8.0,0.691,0.678,0.376,0.362,2.217,2.218,2.291,2.291,14.9,79.972,5613118.0
0.1,8.0,0.69,0.677,0.375,0.362,2.217,2.219,2.291,2.291,14.9,79.972,6236798.0
0.11,8.0,0.69,0.677,0.375,0.362,2.217,2.219,2.291,2.291,14.9,79.972,6860478.0
0.12,8.0,0.69,0.677,0.375,0.361,2.217,2.219,2.291,2.291,14.9,79.972,7484158.0
0.13,8.0,0.69,0.677,0.375,0.361,2.217,2.219,2.291,2.291,14.9,79.972,8107837.0
0.14,8.0,0.69,0.677,0.375,0.361,2.217,2.219,2.291,2.291,14.9,79.972,8731517.0
0.15,8.0,0.69,0.677,0.375,0.361,2.217,2.219,2.291,2.291,14.9,79.972,9355197.0
0.16,8.0,0.69,0.677,0.374,0.361,2.217,2.219,2.291,2.291,14.9,79.972,9978877.0
0.17,8.0,0.69,0.677,0.374,0.361,2.217,2.219,2.291,2.291,14.9,79.972,10602560.0
0.18,8.0,0.69,0.677,0.374,0.361,2.217,2.219,2.291,2.291,14.9,79.972,11226240.0
0.19,8.0,0.69,0.677,0.374,0.361,2.217,2.219,2.291,2.291,14.9,79.972,11849920.0
0.2,8.0,0.69,0.677,0.374,0.361,2.217,2.219,2.291,2.291,14.9,79.972,12473600.0
0.21,8.0,0.69,0.676,0.374,0.361,2.217,2.219,2.291,2.291,14.9,79.972,13097280.0
0.22,8.0,0.689,0.676,0.374,0.361,2.217,2.219,2.291,2.291,14.9,79.972,13720960.0
0.23,8.0,0.689,0.676,0.374,0.361,2.217,2.219,2.291,2.291,14.9,79.972,14344640.0
0.24,8.0,0.689,0.676,0.374,0.361,2.217,2.219,2.291,2.291,14.9,79.972,14968320.0
0.25,8.0,0.689,0.676,0.374,0.361,2.217,2.219,2.291,2.291,14.9,79.972,15592000.0
0.26,8.0,0.689,0.676,0.374,0.361,2.217,2.219,2.291,2.291,14.9,79.972,16215670.0
0.27,8.0,0.69,0.677,0.374,0.361,2.217,2.219,2.291,2.291,14.9,79.972,16839360.0
0.28,8.0,0.69,0.677,0.374,0.361,2.217,2.219,2.291,2.291,14.9,79.972,17463030.0
0.29,8.0,0.69,0.677,0.375,0.361,2.217,2.219,2.291,2.291,14.9,79.972,18086710.0
0.3,8.0,0.69,0.677,0.375,0.362,2.217,2.219,2.291,2.291,14.9,79.972,18710390.0
0.31,8.0,0.69,0.677,0.375,0.362,2.217,2.219,2.291,2.291,14.9,79.972,19334070.0
0.32,8.0,0.69,0.677,0.375,0.362,2.217,2.218,2.291,2.291,14.9,79.972,19957750.0
0.33,8.0,0.69,0.677,0.375,0.362,2.217,2.218,2.291,2.291,14.9,79.972,20581430.0
0.34,8.0,0.69,0.677,0.375,0.362,2.217,2.218,2.291,2.291,14.9,79.972,21205110.0
0.35,8.0,0.69,0.677,0.375,0.362,2.217,2.218,2.291,2.291,14.9,79.972,21828790.0
0.36,8.0,0.691,0.678,0.375,0.362,2.217,2.218,2.291,2.291,14.9,79.972,22452470.0
0.37,8.0,0.691,0.678,0.376,0.362,2.217,2.218,2.291,2.291,14.9,79.972,23076150.0
0.38,8.0,0.691,0.678,0.376,0.362,2.217,2.218,2.291,2.291,14.9,79.972,23699830.0
0.39,8.0,0.691,0.678,0.376,0.363,2.217,2.218,2.291,2.291,14.9,79.972,24323510.0
0.4,8.0,0.691,0.678,0.376,0.363,2.217,2.218,2.291,2.291,14.9,79.972,24947190.0
0.41,8.0,0.691,0.678,0.376,0.363,2.217,2.218,2.291,2.291,14.9,79.972,25570870.0
0.42,8.0,0.691,0.678,0.376,0.363,2.217,2.218,2.291,2.291,14.9,79.972,26194550.0
0.43,8.0,0.691,0.678,0.376,0.363,2.216,2.218,2.291,2.291,14.9,79.972,26818230.0
0.44,8.0,0.692,0.679,0.376,0.363,2.216,2.218,2.291,2.291,14.9,79.972,27441910.0
0.45,8.0,0.692,0.679,0.376,0.363,2.216,2.218,2.291,2.291,14.9,79.972,28065590.0
0.46,8.0,0.692,0.679,0.377,0.363,2.216,2.218,2.291,2.291,14.9,79.972,28689270.0
0.47,8.0,0.692,0.679,0.377,0.364,2.216,2.218,2.291,2.291,14.9,79.972,29312950.0
0.48,8.0,0.692,0.679,0.377,0.364,2.216,2.218,2.291,2.291,14.9,79.972,29936630.0
0.49,8.0,0.692,0.679,0.377,0.364,2.216,2.218,2.291,2.291,14.9,79.972,30560310.0
0.5,8.0,0.692,0.679,0.377,0.364,2.216,2.218,2.291,2.291,14.9,79.972,31183990.0
0.51,8.0,0.692,0.679,0.377,0.364,2.216,2.218,2.291,2.291,14.9,79.972,31807670.0
0.52,8.0,0.692,0.679,0.377,0.364,2.216,2.218,2.291,2.291,14.9,79.972,32431350.0
0.53,8.0,0.693,0.68,0.377,0.364,2.216,2.218,2.291,2.291,14.9,79.972,33055030.0
0.54,8.0,0.693,0.68,0.377,0.364,2.216,2.218,2.291,2.291,14.9,79.972,33678710.0
0.55,8.0,0.693,0.68,0.378,0.364,2.216,2.218,2.291,2.291,14.9,79.972,34302390.0
0.56,8.0,0.693,0.68,0.378,0.365,2.216,2.218,2.291,2.291,14.9,79.972,34926070.0
0.57,8.0,0.693,0.68,0.378,0.365,2.216,2.218,2.291,2.291,14.9,79.972,35549750.0
0.58,8.0,0.693,0.68,0.378,0.365,2.216,2.218,2.291,2.291,14.9,79.972,36173430.0
0.59,8.0,0.693,0.68,0.378,0.365,2.216,2.218,2.291,2.291,14.9,79.972,36797110.0
0.6,8.0,0.693,0.68,0.378,0.364,2.216,2.218,2.291,2.291,14.9,79.972,37420790.0
0.61,8.0,0.694,0.68,0.379,0.365,2.216,2.218,2.291,2.291,14.9,79.972,38044470.0
0.62,8.0,0.694,0.68,0.379,0.365,2.216,2.218,2.291,2.291,14.9,79.972,38668150.0
0.63,8.0,0.694,0.68,0.379,0.365,2.216,2.218,2.291,2.291,14.9,79.972,39291830.0
0.64,8.0,0.695,0.68,0.38,0.365,2.216,2.218,2.291,2.291,14.9,79.972,39915510.0
0.65,8.0,0.695,0.68,0.38,0.365,2.216,2.218,2.291,2.291,14.9,79.972,40539180.0
0.66,8.0,0.696,0.68,0.38,0.365,2.216,2.218,2.291,2.291,14.9,79.972,41162870.0
0.67,8.0,0.696,0.681,0.381,0.365,2.216,2.218,2.291,2.291,14.9,79.972,41786550.0
0.68,8.0,0.696,0.681,0.381,0.365,2.216,2.218,2.291,2.291,14.9,79.972,42410230.0
0.69,8.0,0.697,0.681,0.382,0.365,2.216,2.218,2.291,2.291,14.9,79.972,43033900.0
0.7,8.0,0.697,0.681,0.382,0.366,2.216,2.218,2.291,2.291,14.9,79.972,43657580.0
0.71,8.0,0.697,0.681,0.382,0.366,2.216,2.218,2.291,2.291,14.9,79.972,44281260.0
0.72,8.0,0.698,0.681,0.383,0.366,2.215,2.217,2.291,2.291,14.9,79.977,44904950.0
0.73,8.0,0.698,0.681,0.383,0.366,2.212,2.214,2.288,2.288,14.9,80.009,45528630.0
0.74,8.0,0.698,0.68,0.383,0.366,2.209,2.211,2.284,2.284,14.9,80.042,46152300.0
0.75,8.0,0.698,0.68,0.384,0.366,2.206,2.208,2.281,2.281,14.9,80.075,46775980.0
0.76,8.0,0.698,0.68,0.384,0.366,2.203,2.205,2.278,2.278,14.9,80.107,47399660.0
0.77,8.0,0.697,0.679,0.385,0.366,2.199,2.202,2.275,2.275,14.9,80.14,48023340.0
0.78,8.0,0.697,0.679,0.385,0.366,2.196,2.199,2.272,2.272,14.9,80.173,48647020.0
0.79,8.0,0.697,0.679,0.385,0.367,2.193,2.196,2.269,2.269,14.9,80.206,49270700.0
0.8,8.0,0.697,0.678,0.386,0.367,2.19,2.193,2.266,2.266,14.9,80.239,49894380.0
0.81,8.0,0.697,0.678,0.386,0.367,2.187,2.19,2.263,2.263,14.9,80.272,50518060.0
0.82,8.0,0.697,0.678,0.386,0.367,2.184,2.187,2.26,2.26,14.9,80.306,51141740.0
0.83,8.0,0.697,0.678,0.387,0.367,2.181,2.183,2.256,2.256,14.9,80.339,51765420.0
0.84,8.0,0.697,0.677,0.387,0.367,2.178,2.18,2.253,2.253,14.9,80.372,52389100.0
0.85,8.0,0.697,0.677,0.388,0.367,2.174,2.177,2.25,2.25,14.9,80.406,53012780.0
0.86,8.0,0.697,0.677,0.388,0.367,2.171,2.174,2.247,2.247,14.9,80.439,53636460.0
0.87,8.0,0.697,0.676,0.388,0.367,2.168,2.171,2.244,2.244,14.9,80.473,54260140.0
0.88,8.0,0.697,0.676,0.389,0.368,2.165,2.168,2.241,2.241,14.9,80.507,54883820.0
0.89,8.0,0.697,0.676,0.389,0.368,2.162,2.165,2.238,2.238,14.9,80.541,55507500.0
0.9,8.0,0.697,0.675,0.39,0.368,2.159,2.162,2.235,2.235,14.9,80.575,56131180.0
0.91,8.0,0.695,0.674,0.392,0.37,2.13,2.133,2.206,2.206,14.72,80.531,56754860.0
0.92,8.0,0.699,0.677,0.4,0.378,2.1,2.103,2.177,2.177,14.53,80.487,57378540.0
0.93,8.0,0.707,0.684,0.413,0.389,2.07,2.073,2.148,2.148,14.35,80.443,58002220.0
0.94,8.0,0.716,0.692,0.426,0.401,2.039,2.042,2.119,2.119,14.16,80.399,58625900.0
0.95,8.0,0.725,0.7,0.439,0.413,2.009,2.012,2.09,2.09,13.98,80.355,59249580.0
0.96,8.0,0.734,0.707,0.452,0.425,1.978,1.982,2.061,2.061,13.79,80.311,59873260.0
0.97,8.0,0.743,0.715,0.465,0.437,1.948,1.951,2.032,2.032,13.6,80.267,60496940.0
0.98,8.0,0.752,0.723,0.478,0.448,1.917,1.921,2.003,2.003,13.42,80.224,61120620.0
0.99,8.0,0.761,0.73,0.491,0.46,1.887,1.891,1.974,1.974,13.23,80.18,61744300.0
1.0,8.0,0.769,0.738,0.504,0.472,1.856,1.86,1.945,1.945,13.05,80.136,62367980.0
1.01,8.0,0.778,0.746,0.517,0.484,1.826,1.83,1.916,1.916,12.86,80.092,62991660.0
1.02,8.0,0.787,0.753,0.53,0.495,1.795,1.8,1.887,1.887,12.68,80.048,63615340.0
1.03,8.0,0.796,0.761,0.543,0.507,1.765,1.77,1.858,1.858,12.49,80.004,64239020.0
1.04,8.0,0.805,0.769,0.556,0.519,1.734,1.739,1.829,1.829,12.31,79.96,64862700.0
1.05,8.0,0.814,0.776,0.569,0.531,1.704,1.709,1.8,1.8,12.12,79.916,65486380.0
1.06,8.0,0.812,0.775,0.568,0.53,1.702,1.707,1.799,1.799,12.13,79.909,66110060.0
1.07,8.0,0.811,0.774,0.566,0.529,1.7,1.706,1.797,1.797,12.14,79.906,66733740.0
1.08,8.0,0.81,0.773,0.565,0.528,1.699,1.704,1.795,1.795,12.15,79.907,67357420.0
1.09,8.0,0.808,0.771,0.564,0.527,1.697,1.702,1.793,1.793,12.16,79.91,67981100.0
1.1,8.0,0.807,0.77,0.563,0.526,1.695,1.7,1.791,1.791,12.17,79.916,68604780.0
1.11,8.0,0.805,0.769,0.562,0.525,1.692,1.698,1.788,1.788,12.17,79.916,69228460.0
1.12,8.0,0.804,0.768,0.561,0.524,1.689,1.694,1.784,1.784,12.17,79.907,69852140.0
1.13,8.0,0.802,0.766,0.56,0.523,1.686,1.691,1.781,1.781,12.16,79.9,70475820.0
1.14,8.0,0.801,0.765,0.559,0.522,1.682,1.687,1.777,1.777,12.16,79.896,71099500.0
1.15,8.0,0.799,0.763,0.558,0.522,1.679,1.684,1.774,1.774,12.16,79.892,71723180.0
1.16,8.0,0.797,0.761,0.556,0.52,1.675,1.681,1.77,1.77,12.15,79.891,72346860.0
1.17,8.0,0.794,0.759,0.554,0.518,1.672,1.677,1.766,1.766,12.15,79.891,72970540.0
1.18,8.0,0.792,0.756,0.552,0.516,1.669,1.674,1.763,1.763,12.15,79.891,73594220.0
1.19,8.0,0.789,0.754,0.55,0.514,1.666,1.671,1.759,1.759,12.14,79.894,74217900.0
1.2,8.0,0.787,0.752,0.548,0.512,1.662,1.667,1.756,1.756,12.14,79.897,74841580.0
1.21,8.0,0.784,0.749,0.546,0.51,1.659,1.664,1.752,1.752,12.14,79.901,75465260.0
1.22,8.0,0.782,0.747,0.544,0.508,1.656,1.661,1.749,1.749,12.13,79.906,76088940.0
1.23,8.0,0.779,0.744,0.542,0.506,1.653,1.658,1.745,1.745,12.13,79.912,76712620.0
1.24,8.0,0.777,0.742,0.54,0.504,1.649,1.654,1.741,1.741,12.12,79.917,77336300.0
1.25,8.0,0.774,0.739,0.538,0.502,1.646,1.651,1.738,1.738,12.12,79.923,77959980.0
1.26,8.0,0.772,0.737,0.536,0.5,1.642,1.647,1.734,1.734,12.12,79.929,78583660.0
1.27,8.0,0.77,0.734,0.534,0.498,1.639,1.644,1.73,1.73,12.11,79.936,79207340.0
1.28,8.0,0.767,0.732,0.532,0.497,1.636,1.641,1.727,1.727,12.11,79.944,79831020.0
1.29,8.0,0.765,0.73,0.53,0.495,1.632,1.637,1.723,1.723,12.1,79.953,80454690.0
1.3,8.0,0.762,0.727,0.528,0.493,1.629,1.634,1.719,1.719,12.1,79.962,81078370.0
1.31,8.0,0.76,0.725,0.526,0.491,1.626,1.63,1.715,1.715,12.1,79.972,81702050.0
1.32,8.0,0.758,0.723,0.525,0.489,1.622,1.627,1.712,1.712,12.09,79.983,82325740.0
1.33,8.0,0.756,0.721,0.523,0.488,1.619,1.624,1.708,1.708,12.09,79.994,82949420.0
1.34,8.0,0.754,0.719,0.522,0.486,1.615,1.62,1.704,1.704,12.08,80.005,83573100.0
1.35,8.0,0.752,0.717,0.52,0.485,1.612,1.617,1.701,1.701,12.08,80.017,84196780.0
1.36,8.0,0.75,0.715,0.519,0.484,1.608,1.613,1.697,1.697,12.07,80.03,84820460.0
1.37,8.0,0.749,0.714,0.518,0.483,1.605,1.61,1.693,1.693,12.07,80.043,85444140.0
1.38,8.0,0.747,0.712,0.517,0.482,1.601,1.606,1.69,1.69,12.07,80.057,86067810.0
1.39,8.0,0.746,0.711,0.516,0.481,1.598,1.603,1.686,1.686,12.06,80.071,86691490.0
1.4,8.0,0.745,0.709,0.515,0.48,1.594,1.599,1.682,1.682,12.06,80.085,87315170.0
1.41,8.0,0.743,0.708,0.515,0.479,1.591,1.596,1.679,1.679,12.05,80.1,87938850.0
1.42,8.0,0.742,0.707,0.514,0.478,1.587,1.592,1.675,1.675,12.05,80.116,88562530.0
1.43,8.0,0.741,0.706,0.513,0.478,1.584,1.589,1.671,1.671,12.05,80.132,89186210.0
1.44,8.0,0.74,0.705,0.513,0.477,1.58,1.585,1.668,1.668,12.04,80.148,89809900.0
1.45,8.0,0.739,0.704,0.512,0.477,1.576,1.581,1.664,1.664,12.03,80.165,90433580.0
1.46,8.0,0.738,0.703,0.512,0.476,1.573,1.578,1.66,1.66,12.02,80.182,91057260.0
1.47,8.0,0.737,0.702,0.512,0.476,1.569,1.574,1.657,1.657,12.01,80.199,91680940.0
1.48,8.0,0.736,0.701,0.511,0.476,1.566,1.571,1.653,1.653,12.0,80.217,92304610.0
1.49,8.0,0.736,0.7,0.511,0.475,1.562,1.567,1.649,1.649,11.99,80.235,92928290.0
1.5,8.0,0.735,0.7,0.511,0.475,1.558,1.563,1.645,1.645,11.98,80.254,93551970.0
1.51,8.0,0.734,0.699,0.511,0.475,1.555,1.56,1.642,1.642,11.97,80.273,94175650.0
1.52,8.0,0.734,0.699,0.511,0.475,1.551,1.556,1.638,1.638,11.96,80.292,94799330.0
1.53,8.0,0.733,0.698,0.511,0.475,1.547,1.552,1.634,1.634,11.95,80.312,95423010.0
1.54,8.0,0.733,0.698,0.511,0.475,1.544,1.549,1.631,1.631,11.94,80.332,96046690.0
1.55,8.0,0.732,0.697,0.511,0.475,1.54,1.545,1.627,1.627,11.93,80.353,96670370.0
1.56,8.0,0.732,0.697,0.511,0.476,1.536,1.541,1.623,1.623,11.92,80.374,97294050.0
1.57,8.0,0.732,0.697,0.511,0.476,1.533,1.538,1.62,1.62,11.91,80.395,97917730.0
1.58,8.0,0.732,0.697,0.512,0.476,1.529,1.534,1.616,1.616,11.9,80.417,98541410.0
1.59,8.0,0.732,0.696,0.512,0.477,1.525,1.53,1.612,1.612,11.89,80.438,99165090.0
1.6,8.0,0.732,0.696,0.513,0.477,1.522,1.527,1.609,1.609,11.88,80.461,99788770.0
1.61,8.0,0.732,0.696,0.513,0.478,1.518,1.523,1.605,1.605,11.87,80.483,100412400.0
1.62,8.0,0.732,0.696,0.514,0.478,1.514,1.519,1.601,1.601,11.86,80.506,101036100.0
1.63,8.0,0.732,0.697,0.514,0.479,1.51,1.515,1.597,1.597,11.85,80.53,101659800.0
1.64,8.0,0.732,0.697,0.515,0.48,1.507,1.512,1.594,1.594,11.84,80.553,102283500.0
1.65,8.0,0.732,0.697,0.516,0.48,1.503,1.508,1.59,1.59,11.83,80.577,102907200.0
1.66,8.0,0.733,0.697,0.517,0.481,1.499,1.504,1.586,1.586,11.82,80.601,103530800.0
1.67,8.0,0.733,0.698,0.518,0.482,1.495,1.5,1.583,1.583,11.81,80.626,104154500.0
1.68,8.0,0.733,0.698,0.519,0.483,1.491,1.496,1.579,1.579,11.8,80.651,104778200.0
1.69,8.0,0.734,0.699,0.52,0.484,1.488,1.493,1.575,1.575,11.79,80.676,105401900.0
1.7,8.0,0.734,0.699,0.521,0.485,1.484,1.489,1.572,1.572,11.78,80.702,106025600.0
1.71,8.0,0.735,0.7,0.522,0.486,1.48,1.485,1.568,1.568,11.77,80.728,106649200.0
1.72,8.0,0.736,0.701,0.523,0.488,1.476,1.481,1.564,1.564,11.76,80.754,107272900.0
1.73,8.0,0.736,0.701,0.524,0.489,1.472,1.477,1.56,1.56,11.75,80.781,107896600.0
1.74,8.0,0.737,0.702,0.526,0.49,1.468,1.473,1.557,1.557,11.74,80.807,108520300.0
1.75,8.0,0.738,0.703,0.527,0.492,1.465,1.469,1.553,1.553,11.73,80.835,109144000.0
1.76,8.0,0.739,0.704,0.529,0.493,1.461,1.466,1.549,1.549,11.72,80.862,109767600.0
1.77,8.0,0.74,0.705,0.53,0.495,1.457,1.462,1.546,1.546,11.71,80.89,110391300.0
1.78,8.0,0.741,0.706,0.532,0.496,1.453,1.458,1.542,1.542,11.7,80.918,111015000.0
1.79,8.0,0.742,0.707,0.533,0.498,1.449,1.454,1.538,1.538,11.69,80.947,111638700.0
1.8,8.0,0.744,0.708,0.535,0.5,1.446,1.451,1.536,1.536,11.68,80.957,112262400.0
1.81,8.0,0.745,0.71,0.537,0.501,1.445,1.45,1.535,1.535,11.67,80.936,112886000.0
1.82,8.0,0.747,0.712,0.539,0.503,1.444,1.449,1.534,1.534,11.66,80.915,113509700.0
1.83,8.0,0.749,0.714,0.541,0.505,1.444,1.449,1.534,1.534,11.65,80.894,114133400.0
1.84,8.0,0.751,0.716,0.543,0.507,1.443,1.448,1.533,1.533,11.64,80.873,114757100.0
1.85,8.0,0.753,0.717,0.545,0.509,1.442,1.447,1.532,1.532,11.63,80.852,115380800.0
1.86,8.0,0.755,0.719,0.547,0.511,1.441,1.446,1.532,1.532,11.62,80.832,116004400.0
1.87,8.0,0.757,0.721,0.549,0.513,1.44,1.445,1.531,1.531,11.61,80.811,116628100.0
1.88,8.0,0.759,0.724,0.551,0.516,1.439,1.444,1.531,1.531,11.6,80.791,117251800.0
1.89,8.0,0.761,0.726,0.553,0.518,1.438,1.443,1.53,1.53,11.59,80.771,117875500.0
1.9,8.0,0.763,0.728,0.556,0.52,1.437,1.442,1.529,1.529,11.58,80.751,118499200.0
1.91,8.0,0.766,0.73,0.558,0.523,1.436,1.441,1.529,1.529,11.57,80.731,119122800.0
1.92,8.0,0.768,0.733,0.561,0.525,1.435,1.44,1.528,1.528,11.56,80.712,119746500.0
1.93,8.0,0.77,0.735,0.563,0.528,1.434,1.439,1.527,1.527,11.55,80.692,120370200.0
1.94,8.0,0.773,0.738,0.566,0.53,1.433,1.438,1.527,1.527,11.54,80.673,120993900.0
1.95,8.0,0.775,0.74,0.569,0.533,1.432,1.437,1.526,1.526,11.53,80.654,121617600.0
1.96,8.0,0.778,0.743,0.571,0.536,1.431,1.436,1.526,1.526,11.52,80.635,122241200.0
1.97,8.0,0.781,0.746,0.574,0.539,1.43,1.435,1.525,1.525,11.51,80.616,122864900.0
1.98,8.0,0.784,0.748,0.577,0.541,1.429,1.434,1.524,1.524,11.5,80.597,123488600.0
1.99,8.0,0.786,0.751,0.58,0.544,1.428,1.433,1.524,1.524,11.49,80.578,124112300.0
2.0,8.0,0.789,0.754,0.583,0.547,1.427,1.432,1.523,1.523,11.48,80.56,124736000.0
2.01,8.0,0.792,0.757,0.586,0.55,1.426,1.431,1.522,1.522,11.47,80.541,125359600.0
2.02,8.0,0.796,0.76,0.59,0.554,1.425,1.43,1.522,1.522,11.46,80.523,125983300.0
2.03,8.0,0.799,0.763,0.593,0.557,1.424,1.429,1.521,1.521,11.45,80.505,126607000.0
2.04,8.0,0.802,0.766,0.596,0.56,1.423,1.428,1.52,1.52,11.44,80.487,127230700.0
2.05,8.0,0.806,0.77,0.6,0.564,1.422,1.427,1.52,1.52,11.43,80.469,127854400.0
2.06,8.0,0.809,0.773,0.604,0.567,1.42,1.425,1.519,1.519,11.42,80.451,128478000.0
2.07,8.0,0.813,0.777,0.607,0.571,1.419,1.424,1.518,1.518,11.41,80.434,129101700.0
2.08,8.0,0.816,0.78,0.611,0.574,1.418,1.423,1.518,1.518,11.4,80.416,129725400.0
2.09,8.0,0.82,0.784,0.615,0.578,1.417,1.422,1.517,1.517,11.39,80.399,130349100.0
2.1,8.0,0.824,0.787,0.619,0.582,1.416,1.421,1.517,1.517,11.38,80.382,130972800.0
2.11,8.0,0.827,0.791,0.623,0.586,1.414,1.42,1.516,1.516,11.37,80.365,131596400.0
2.12,8.0,0.831,0.795,0.627,0.59,1.413,1.418,1.515,1.515,11.36,80.348,132220100.0
2.13,8.0,0.835,0.799,0.631,0.594,1.412,1.417,1.515,1.515,11.35,80.331,132843800.0
2.14,8.0,0.839,0.803,0.635,0.598,1.411,1.416,1.514,1.514,11.34,80.314,133467500.0
2.15,8.0,0.843,0.807,0.639,0.602,1.41,1.415,1.513,1.513,11.33,80.298,134091200.0
2.16,8.0,0.841,0.804,0.637,0.6,1.407,1.413,1.511,1.511,11.3,80.254,134714800.0
2.17,8.0,0.838,0.801,0.634,0.597,1.405,1.41,1.508,1.508,11.28,80.206,135338500.0
2.18,8.0,0.835,0.798,0.632,0.594,1.402,1.408,1.505,1.505,11.25,80.157,135962200.0
2.19,8.0,0.832,0.795,0.629,0.591,1.4,1.405,1.502,1.502,11.23,80.106,136585900.0
2.2,8.0,0.829,0.792,0.626,0.589,1.397,1.403,1.499,1.499,11.2,80.055,137209600.0
2.21,8.0,0.826,0.788,0.624,0.586,1.395,1.4,1.496,1.496,11.17,80.003,137833200.0
2.22,8.0,0.823,0.785,0.621,0.583,1.392,1.397,1.493,1.493,11.14,79.95,138456900.0
2.23,8.0,0.82,0.782,0.618,0.581,1.389,1.395,1.49,1.49,11.12,79.896,139080600.0
2.24,8.0,0.817,0.779,0.616,0.578,1.387,1.392,1.487,1.487,11.09,79.842,139704300.0
2.25,8.0,0.814,0.776,0.613,0.575,1.384,1.389,1.483,1.483,11.06,79.787,140328000.0
2.26,8.0,0.811,0.773,0.611,0.573,1.381,1.386,1.48,1.48,11.03,79.731,140951600.0
2.27,8.0,0.808,0.77,0.608,0.57,1.378,1.383,1.477,1.477,11.0,79.675,141575300.0
2.28,8.0,0.805,0.767,0.606,0.567,1.375,1.38,1.474,1.474,10.97,79.617,142199000.0
2.29,8.0,0.802,0.764,0.603,0.565,1.373,1.378,1.471,1.471,10.94,79.546,142822700.0
2.3,8.0,0.799,0.761,0.601,0.562,1.37,1.376,1.468,1.468,10.92,79.464,143446400.0
2.31,8.0,0.797,0.758,0.598,0.56,1.368,1.373,1.466,1.466,10.9,79.382,144070000.0
2.32,8.0,0.794,0.755,0.596,0.557,1.366,1.371,1.463,1.463,10.87,79.3,144693700.0
2.33,8.0,0.791,0.753,0.594,0.555,1.364,1.369,1.46,1.46,10.85,79.217,145317400.0
2.34,8.0,0.788,0.75,0.591,0.552,1.361,1.367,1.458,1.458,10.82,79.134,145941100.0
2.35,8.0,0.786,0.747,0.589,0.55,1.359,1.364,1.455,1.455,10.8,79.051,146564800.0
2.36,8.0,0.783,0.744,0.586,0.547,1.357,1.362,1.452,1.452,10.77,78.967,147188400.0
2.37,8.0,0.78,0.741,0.584,0.545,1.354,1.36,1.45,1.45,10.75,78.883,147812100.0
2.38,8.0,0.778,0.739,0.582,0.543,1.352,1.357,1.447,1.447,10.72,78.799,148435800.0
2.39,8.0,0.775,0.736,0.58,0.54,1.35,1.355,1.444,1.444,10.7,78.715,149059500.0
2.4,8.0,0.772,0.733,0.577,0.538,1.347,1.353,1.442,1.442,10.67,78.63,149683200.0
2.41,8.0,0.77,0.731,0.575,0.536,1.345,1.35,1.439,1.439,10.65,78.545,150306800.0
2.42,8.0,0.767,0.728,0.573,0.533,1.342,1.348,1.436,1.436,10.62,78.461,150930500.0
2.43,8.0,0.765,0.725,0.571,0.531,1.34,1.346,1.433,1.433,10.6,78.376,151554200.0
2.44,8.0,0.762,0.723,0.568,0.529,1.338,1.343,1.431,1.431,10.57,78.291,152177900.0
2.45,8.0,0.759,0.72,0.566,0.526,1.335,1.341,1.428,1.428,10.55,78.205,152801600.0
2.46,8.0,0.757,0.718,0.564,0.524,1.333,1.338,1.425,1.425,10.52,78.12,153425200.0
2.47,8.0,0.754,0.715,0.562,0.522,1.331,1.336,1.423,1.423,10.5,78.035,154048900.0
2.48,8.0,0.752,0.713,0.56,0.52,1.328,1.334,1.42,1.42,10.47,77.949,154672600.0
2.49,8.0,0.749,0.711,0.558,0.519,1.326,1.331,1.417,1.417,10.45,77.864,155296300.0
2.5,8.0,0.747,0.708,0.556,0.517,1.323,1.329,1.414,1.414,10.42,77.779,155920000.0
2.51,8.0,0.745,0.706,0.553,0.515,1.321,1.326,1.412,1.412,10.4,77.693,156543600.0
2.52,8.0,0.742,0.704,0.551,0.513,1.319,1.324,1.409,1.409,10.37,77.608,157167300.0
2.53,8.0,0.74,0.702,0.549,0.511,1.316,1.321,1.406,1.406,10.35,77.522,157791000.0
2.54,8.0,0.737,0.699,0.547,0.509,1.314,1.319,1.404,1.404,10.32,77.437,158414700.0
2.55,8.0,0.735,0.697,0.545,0.507,1.311,1.317,1.401,1.401,10.3,77.351,159038400.0
2.56,8.0,0.733,0.695,0.543,0.505,1.309,1.314,1.398,1.398,10.27,77.266,159662000.0
2.57,8.0,0.73,0.693,0.541,0.504,1.307,1.312,1.396,1.396,10.25,77.181,160285700.0
2.58,8.0,0.728,0.691,0.539,0.502,1.304,1.309,1.393,1.393,10.22,77.095,160909400.0
2.59,8.0,0.726,0.689,0.537,0.5,1.302,1.307,1.39,1.39,10.2,77.01,161533100.0
2.6,8.0,0.723,0.687,0.535,0.498,1.3,1.305,1.388,1.388,10.18,76.925,162156700.0
2.61,8.0,0.721,0.684,0.533,0.497,1.297,1.302,1.385,1.385,10.15,76.84,162780400.0
2.62,8.0,0.719,0.682,0.532,0.495,1.295,1.3,1.382,1.382,10.13,76.755,163404100.0
2.63,8.0,0.716,0.68,0.53,0.493,1.293,1.298,1.38,1.38,10.1,76.67,164027800.0
2.64,8.0,0.714,0.678,0.528,0.491,1.29,1.295,1.377,1.377,10.08,76.585,164651500.0
2.65,8.0,0.712,0.676,0.526,0.49,1.288,1.293,1.374,1.374,10.05,76.501,165275200.0
2.66,8.0,0.71,0.674,0.524,0.488,1.286,1.291,1.372,1.372,10.03,76.416,165898800.0
2.67,8.0,0.708,0.672,0.522,0.486,1.283,1.288,1.369,1.369,10.01,76.332,166522500.0
2.68,8.0,0.705,0.67,0.52,0.485,1.281,1.286,1.367,1.367,9.98,76.248,167146200.0
2.69,8.0,0.703,0.668,0.518,0.483,1.279,1.284,1.364,1.364,9.96,76.164,167769900.0
2.7,8.0,0.701,0.666,0.517,0.481,1.277,1.281,1.362,1.362,9.93,76.08,168393600.0
2.71,8.0,0.699,0.664,0.515,0.48,1.274,1.279,1.359,1.359,9.91,75.996,169017200.0
2.72,8.0,0.697,0.662,0.513,0.478,1.272,1.277,1.357,1.357,9.89,75.913,169640900.0
2.73,8.0,0.695,0.66,0.511,0.476,1.27,1.275,1.354,1.354,9.86,75.829,170264600.0
2.74,8.0,0.693,0.658,0.509,0.475,1.268,1.272,1.352,1.352,9.84,75.746,170888300.0
2.75,8.0,0.69,0.656,0.508,0.473,1.265,1.27,1.349,1.349,9.82,75.663,171512000.0
2.76,8.0,0.688,0.655,0.506,0.472,1.263,1.268,1.347,1.347,9.79,75.58,172135600.0
2.77,8.0,0.686,0.653,0.504,0.47,1.261,1.266,1.344,1.344,9.77,75.497,172759300.0
2.78,8.0,0.684,0.651,0.502,0.469,1.259,1.264,1.342,1.342,9.75,75.415,173383000.0
2.79,8.0,0.682,0.649,0.501,0.467,1.257,1.261,1.339,1.339,9.72,75.333,174006700.0
2.8,8.0,0.68,0.647,0.499,0.466,1.255,1.259,1.337,1.337,9.7,75.251,174630300.0
2.81,8.0,0.678,0.645,0.497,0.464,1.252,1.257,1.335,1.335,9.68,75.169,175254000.0
2.82,8.0,0.676,0.643,0.496,0.463,1.25,1.255,1.332,1.332,9.66,75.087,175877700.0
2.83,8.0,0.674,0.642,0.494,0.461,1.248,1.253,1.33,1.33,9.63,75.006,176501400.0
2.84,8.0,0.672,0.64,0.492,0.46,1.246,1.251,1.327,1.327,9.61,74.925,177125100.0
2.85,8.0,0.67,0.638,0.491,0.458,1.244,1.249,1.325,1.325,9.59,74.844,177748700.0
2.86,8.0,0.668,0.636,0.489,0.457,1.242,1.246,1.323,1.323,9.57,74.763,178372400.0
2.87,8.0,0.666,0.635,0.487,0.455,1.24,1.244,1.321,1.321,9.54,74.683,178996100.0
2.88,8.0,0.665,0.633,0.486,0.454,1.241,1.245,1.321,1.321,9.52,74.558,179619800.0
2.89,8.0,0.664,0.632,0.484,0.452,1.244,1.249,1.325,1.325,9.5,74.402,180243500.0
2.9,8.0,0.663,0.631,0.483,0.451,1.248,1.252,1.328,1.328,9.48,74.248,180867200.0
2.91,8.0,0.661,0.63,0.481,0.45,1.251,1.255,1.331,1.331,9.46,74.095,181490800.0
2.92,8.0,0.66,0.629,0.479,0.448,1.254,1.259,1.334,1.334,9.43,73.944,182114500.0
2.93,8.0,0.659,0.629,0.478,0.447,1.258,1.262,1.337,1.337,9.41,73.794,182738200.0
2.94,8.0,0.658,0.628,0.476,0.445,1.261,1.265,1.341,1.341,9.39,73.645,183361900.0
2.95,8.0,0.657,0.627,0.475,0.444,1.265,1.269,1.344,1.344,9.37,73.497,183985500.0
2.96,8.0,0.656,0.626,0.473,0.443,1.268,1.272,1.347,1.347,9.35,73.35,184609200.0
2.97,8.0,0.655,0.625,0.472,0.441,1.272,1.276,1.35,1.35,9.33,73.205,185232900.0
2.98,8.0,0.654,0.624,0.47,0.44,1.275,1.279,1.354,1.354,9.31,73.061,185856600.0
2.99,8.0,0.653,0.623,0.469,0.439,1.278,1.283,1.357,1.357,9.29,72.918,186480300.0
3.0,8.0,0.652,0.622,0.467,0.437,1.282,1.286,1.36,1.36,9.26,72.776,187103900.0
3.01,8.0,0.651,0.622,0.466,0.436,1.285,1.29,1.363,1.363,9.24,72.635,187727600.0
3.02,8.0,0.65,0.621,0.464,0.435,1.289,1.293,1.367,1.367,9.22,72.496,188351300.0
3.03,8.0,0.649,0.62,0.463,0.433,1.292,1.296,1.37,1.37,9.2,72.358,188975000.0
3.04,8.0,0.648,0.619,0.461,0.432,1.296,1.3,1.373,1.373,9.18,72.221,189598700.0
3.05,8.0,0.647,0.618,0.46,0.431,1.299,1.303,1.377,1.377,9.16,72.085,190222300.0
3.06,8.0,0.646,0.617,0.459,0.43,1.303,1.307,1.38,1.38,9.14,71.95,190846000.0
3.07,8.0,0.645,0.617,0.457,0.428,1.307,1.311,1.384,1.384,9.12,71.817,191469700.0
3.08,8.0,0.645,0.616,0.456,0.427,1.31,1.314,1.387,1.387,9.1,71.684,192093400.0
3.09,8.0,0.644,0.615,0.455,0.426,1.314,1.318,1.39,1.39,9.08,71.553,192717100.0
3.1,8.0,0.643,0.614,0.453,0.424,1.317,1.321,1.394,1.394,9.06,71.423,193340700.0
3.11,8.0,0.642,0.614,0.452,0.423,1.321,1.325,1.397,1.397,9.04,71.294,193964400.0
3.12,8.0,0.641,0.613,0.451,0.422,1.324,1.328,1.401,1.401,9.02,71.166,194588100.0
3.13,8.0,0.64,0.612,0.449,0.421,1.328,1.332,1.404,1.404,9.0,71.039,195211800.0
3.14,8.0,0.639,0.611,0.448,0.42,1.332,1.336,1.408,1.408,8.98,70.914,195835500.0
3.15,8.0,0.639,0.611,0.447,0.418,1.335,1.339,1.411,1.411,8.96,70.789,196459100.0
3.16,8.0,0.638,0.61,0.445,0.417,1.339,1.343,1.415,1.415,8.94,70.666,197082800.0
3.17,8.0,0.637,0.609,0.444,0.416,1.343,1.347,1.418,1.418,8.92,70.543,197706500.0
3.18,8.0,0.636,0.609,0.443,0.415,1.346,1.35,1.422,1.422,8.9,70.422,198330200.0
3.19,8.0,0.635,0.608,0.441,0.414,1.35,1.354,1.425,1.425,8.89,70.302,198953900.0
3.2,8.0,0.635,0.607,0.44,0.412,1.354,1.358,1.429,1.429,8.87,70.183,199577500.0
3.21,8.0,0.634,0.607,0.439,0.411,1.358,1.361,1.433,1.433,8.85,70.065,200201200.0
3.22,8.0,0.633,0.606,0.438,0.41,1.361,1.365,1.436,1.436,8.83,69.948,200824900.0
3.23,8.0,0.632,0.605,0.436,0.409,1.365,1.369,1.44,1.44,8.81,69.832,201448600.0
3.24,8.0,0.632,0.605,0.435,0.408,1.369,1.373,1.443,1.443,8.79,69.717,202072300.0
3.25,8.0,0.631,0.604,0.434,0.407,1.372,1.376,1.447,1.447,8.77,69.603,202695900.0
3.26,8.0,0.63,0.603,0.433,0.405,1.376,1.38,1.451,1.451,8.75,69.49,203319600.0
3.27,8.0,0.63,0.603,0.431,0.404,1.38,1.384,1.454,1.454,8.74,69.378,203943300.0
3.28,8.0,0.629,0.602,0.43,0.403,1.384,1.388,1.458,1.458,8.72,69.267,204567000.0
3.29,8.0,0.628,0.602,0.429,0.402,1.388,1.391,1.462,1.462,8.7,69.157,205190700.0
3.3,8.0,0.628,0.601,0.428,0.401,1.391,1.395,1.465,1.465,8.68,69.049,205814300.0
3.31,8.0,0.627,0.6,0.427,0.4,1.395,1.399,1.469,1.469,8.66,68.941,206438000.0
3.32,8.0,0.626,0.6,0.425,0.399,1.399,1.403,1.473,1.473,8.65,68.834,207061700.0
3.33,8.0,0.626,0.599,0.424,0.398,1.403,1.407,1.476,1.476,8.63,68.728,207685400.0
3.34,8.0,0.625,0.599,0.423,0.397,1.407,1.41,1.48,1.48,8.61,68.623,208309000.0
3.35,8.0,0.624,0.598,0.422,0.395,1.411,1.414,1.484,1.484,8.59,68.519,208932700.0
3.36,8.0,0.624,0.598,0.421,0.394,1.415,1.418,1.488,1.488,8.57,68.416,209556400.0
3.37,8.0,0.623,0.597,0.42,0.393,1.418,1.422,1.491,1.491,8.56,68.314,210180100.0
3.38,8.0,0.622,0.597,0.418,0.392,1.422,1.426,1.495,1.495,8.54,68.213,210803800.0
3.39,8.0,0.622,0.596,0.417,0.391,1.426,1.43,1.499,1.499,8.52,68.112,211427500.0
3.4,8.0,0.621,0.596,0.416,0.39,1.43,1.434,1.503,1.503,8.5,68.013,212051100.0
3.41,8.0,0.621,0.595,0.415,0.389,1.434,1.438,1.506,1.506,8.49,67.915,212674800.0
3.42,8.0,0.62,0.595,0.414,0.388,1.438,1.442,1.51,1.51,8.47,67.817,213298500.0
3.43,8.0,0.619,0.594,0.413,0.387,1.442,1.445,1.514,1.514,8.45,67.72,213922200.0
3.44,8.0,0.619,0.594,0.412,0.386,1.446,1.45,1.518,1.518,8.44,67.624,214545900.0
3.45,8.0,0.618,0.593,0.41,0.385,1.45,1.454,1.522,1.522,8.42,67.526,215169500.0
3.46,8.0,0.618,0.593,0.409,0.384,1.454,1.458,1.526,1.526,8.41,67.428,215793200.0
3.47,8.0,0.617,0.592,0.408,0.383,1.458,1.462,1.53,1.53,8.39,67.331,216416900.0
3.48,8.0,0.617,0.592,0.407,0.382,1.463,1.466,1.534,1.534,8.37,67.235,217040600.0
3.49,8.0,0.616,0.591,0.406,0.381,1.467,1.47,1.538,1.538,8.36,67.14,217664300.0
3.5,8.0,0.616,0.591,0.405,0.38,1.471,1.474,1.542,1.542,8.34,67.045,218287900.0
3.51,8.0,0.615,0.591,0.404,0.379,1.475,1.478,1.546,1.546,8.33,66.952,218911600.0
3.52,8.0,0.615,0.59,0.403,0.378,1.479,1.483,1.55,1.55,8.31,66.859,219535300.0
3.53,8.0,0.614,0.59,0.402,0.377,1.483,1.487,1.554,1.554,8.3,66.767,220159000.0
3.54,8.0,0.614,0.589,0.401,0.376,1.488,1.491,1.558,1.558,8.28,66.676,220782600.0
3.55,8.0,0.613,0.589,0.4,0.375,1.492,1.495,1.563,1.563,8.27,66.586,221406300.0
3.56,8.0,0.613,0.589,0.399,0.374,1.496,1.499,1.567,1.567,8.25,66.496,222030000.0
3.57,8.0,0.612,0.588,0.398,0.373,1.5,1.504,1.571,1.571,8.24,66.407,222653700.0
3.58,8.0,0.612,0.588,0.397,0.372,1.504,1.508,1.575,1.575,8.22,66.319,223277400.0
3.59,8.0,0.611,0.588,0.396,0.371,1.509,1.512,1.579,1.579,8.21,66.232,223901000.0
3.6,8.0,0.611,0.587,0.394,0.37,1.509,1.513,1.58,1.58,8.2,66.168,224524700.0
3.61,8.0,0.609,0.586,0.393,0.37,1.509,1.512,1.579,1.579,8.19,66.112,225148400.0
3.62,8.0,0.608,0.585,0.392,0.369,1.508,1.512,1.578,1.578,8.18,66.057,225772100.0
3.63,8.0,0.607,0.584,0.391,0.368,1.508,1.511,1.578,1.578,8.17,66.002,226395800.0
3.64,8.0,0.606,0.583,0.39,0.367,1.507,1.511,1.577,1.577,8.16,65.948,227019500.0
3.65,8.0,0.605,0.582,0.389,0.366,1.507,1.51,1.577,1.577,8.15,65.893,227643100.0
3.66,8.0,0.604,0.581,0.388,0.365,1.507,1.51,1.576,1.576,8.15,65.839,228266800.0
3.67,8.0,0.603,0.58,0.387,0.364,1.506,1.509,1.575,1.575,8.14,65.785,228890500.0
3.68,8.0,0.602,0.579,0.386,0.363,1.506,1.509,1.575,1.575,8.13,65.732,229514200.0
3.69,8.0,0.601,0.578,0.385,0.362,1.505,1.508,1.574,1.574,8.12,65.678,230137900.0
3.7,8.0,0.6,0.577,0.384,0.361,1.505,1.508,1.574,1.574,8.11,65.625,230761500.0
3.71,8.0,0.599,0.576,0.384,0.361,1.504,1.508,1.573,1.573,8.1,65.572,231385200.0
3.72,8.0,0.598,0.575,0.383,0.36,1.504,1.507,1.573,1.573,8.1,65.52,232008900.0
3.73,8.0,0.597,0.574,0.382,0.359,1.504,1.507,1.572,1.572,8.09,65.467,232632600.0
3.74,8.0,0.596,0.573,0.381,0.358,1.503,1.506,1.572,1.572,8.08,65.415,233256200.0
3.75,8.0,0.595,0.572,0.38,0.357,1.503,1.506,1.571,1.571,8.07,65.363,233879900.0
3.76,8.0,0.594,0.571,0.379,0.356,1.503,1.506,1.571,1.571,8.06,65.312,234503600.0
3.77,8.0,0.593,0.57,0.378,0.355,1.502,1.505,1.57,1.57,8.06,65.26,235127300.0
3.78,8.0,0.592,0.57,0.377,0.355,1.502,1.505,1.57,1.57,8.05,65.209,235751000.0
3.79,8.0,0.591,0.569,0.376,0.354,1.502,1.505,1.569,1.569,8.04,65.158,236374600.0
3.8,8.0,0.59,0.568,0.375,0.353,1.501,1.504,1.569,1.569,8.03,65.107,236998300.0
3.81,8.0,0.589,0.567,0.374,0.352,1.501,1.504,1.568,1.568,8.02,65.057,237622000.0
3.82,8.0,0.588,0.566,0.373,0.351,1.501,1.504,1.568,1.568,8.02,65.007,238245700.0
3.83,8.0,0.587,0.565,0.372,0.35,1.501,1.504,1.568,1.568,8.01,64.957,238869400.0
3.84,8.0,0.586,0.564,0.371,0.35,1.5,1.503,1.567,1.567,8.0,64.907,239493000.0
3.85,8.0,0.585,0.563,0.37,0.349,1.5,1.503,1.567,1.567,7.99,64.857,240116700.0
3.86,8.0,0.584,0.563,0.37,0.348,1.5,1.503,1.567,1.567,7.99,64.808,240740400.0
3.87,8.0,0.583,0.562,0.369,0.347,1.5,1.503,1.566,1.566,7.98,64.759,241364100.0
3.88,8.0,0.582,0.561,0.368,0.346,1.5,1.503,1.566,1.566,7.97,64.71,241987800.0
3.89,8.0,0.581,0.56,0.367,0.345,1.499,1.502,1.566,1.566,7.97,64.662,242611500.0
3.9,8.0,0.58,0.559,0.366,0.345,1.499,1.502,1.565,1.565,7.96,64.613,243235100.0
3.91,8.0,0.579,0.558,0.365,0.344,1.499,1.502,1.565,1.565,7.95,64.565,243858800.0
3.92,8.0,0.578,0.557,0.364,0.343,1.499,1.502,1.565,1.565,7.94,64.517,244482500.0
3.93,8.0,0.578,0.557,0.363,0.342,1.499,1.502,1.565,1.565,7.94,64.47,245106200.0
3.94,8.0,0.577,0.556,0.362,0.341,1.499,1.502,1.564,1.564,7.93,64.422,245729800.0
3.95,8.0,0.576,0.555,0.362,0.341,1.498,1.501,1.564,1.564,7.92,64.375,246353500.0
3.96,8.0,0.575,0.554,0.361,0.34,1.498,1.501,1.564,1.564,7.92,64.328,246977200.0
3.97,8.0,0.574,0.553,0.36,0.339,1.498,1.501,1.564,1.564,7.91,64.281,247600900.0
3.98,8.0,0.573,0.553,0.359,0.338,1.498,1.501,1.563,1.563,7.9,64.235,248224600.0
3.99,8.0,0.572,0.552,0.358,0.337,1.498,1.501,1.563,1.563,7.9,64.189,248848200.0
4.0,8.0,0.571,0.551,0.357,0.337,1.498,1.501,1.563,1.563,7.89,64.143,249471900.0
4.01,8.0,0.571,0.55,0.357,0.336,1.498,1.501,1.563,1.563,7.88,64.097,250095600.0
4.02,8.0,0.57,0.549,0.356,0.335,1.498,1.501,1.563,1.563,7.88,64.051,250719300.0
4.03,8.0,0.569,0.549,0.355,0.334,1.498,1.501,1.563,1.563,7.87,64.006,251343000.0
4.04,8.0,0.568,0.548,0.354,0.334,1.498,1.501,1.562,1.562,7.87,63.961,251966600.0
4.05,8.0,0.567,0.547,0.353,0.333,1.498,1.501,1.562,1.562,7.86,63.916,252590300.0
4.06,8.0,0.566,0.546,0.352,0.332,1.498,1.501,1.562,1.562,7.85,63.872,253214000.0
4.07,8.0,0.566,0.545,0.352,0.331,1.498,1.501,1.562,1.562,7.85,63.827,253837700.0
4.08,8.0,0.565,0.545,0.351,0.331,1.498,1.501,1.562,1.562,7.84,63.783,254461400.0
4.09,8.0,0.564,0.544,0.35,0.33,1.498,1.501,1.562,1.562,7.84,63.739,255085000.0
4.1,8.0,0.563,0.543,0.349,0.329,1.498,1.501,1.562,1.562,7.83,63.696,255708700.0
4.11,8.0,0.562,0.542,0.348,0.328,1.498,1.501,1.562,1.562,7.82,63.652,256332400.0
4.12,8.0,0.562,0.542,0.348,0.328,1.498,1.501,1.562,1.562,7.82,63.609,256956100.0
4.13,8.0,0.561,0.541,0.347,0.327,1.498,1.501,1.562,1.562,7.81,63.566,257579800.0
4.14,8.0,0.56,0.54,0.346,0.326,1.498,1.501,1.562,1.562,7.81,63.523,258203400.0
4.15,8.0,0.559,0.54,0.345,0.325,1.498,1.501,1.562,1.562,7.8,63.481,258827100.0
4.16,8.0,0.558,0.539,0.344,0.325,1.499,1.501,1.562,1.562,7.8,63.438,259450800.0
4.17,8.0,0.558,0.538,0.344,0.324,1.499,1.501,1.562,1.562,7.79,63.396,260074500.0
4.18,8.0,0.557,0.537,0.343,0.323,1.499,1.502,1.562,1.562,7.78,63.354,260698100.0
4.19,8.0,0.556,0.537,0.342,0.323,1.499,1.502,1.562,1.562,7.78,63.313,261321800.0
4.2,8.0,0.555,0.536,0.341,0.322,1.499,1.502,1.562,1.562,7.77,63.271,261945500.0
4.21,8.0,0.555,0.535,0.341,0.321,1.499,1.502,1.562,1.562,7.77,63.23,262569200.0
4.22,8.0,0.554,0.535,0.34,0.32,1.499,1.502,1.562,1.562,7.76,63.189,263192900.0
4.23,8.0,0.553,0.534,0.339,0.32,1.499,1.502,1.562,1.562,7.76,63.15,263816600.0
4.24,8.0,0.552,0.533,0.338,0.319,1.499,1.501,1.561,1.561,7.75,63.123,264440200.0
4.25,8.0,0.551,0.532,0.337,0.318,1.498,1.501,1.56,1.56,7.73,63.096,265063900.0
4.26,8.0,0.55,0.532,0.337,0.318,1.497,1.5,1.559,1.559,7.72,63.069,265687600.0
4.27,8.0,0.55,0.531,0.336,0.317,1.496,1.499,1.558,1.558,7.71,63.043,266311300.0
4.28,8.0,0.549,0.53,0.335,0.316,1.496,1.498,1.558,1.558,7.7,63.016,266935000.0
4.29,8.0,0.548,0.529,0.335,0.316,1.495,1.498,1.557,1.557,7.69,62.989,267558600.0
4.3,8.0,0.547,0.528,0.334,0.315,1.494,1.497,1.556,1.556,7.68,62.962,268182300.0
4.31,8.0,0.546,0.528,0.333,0.314,1.494,1.496,1.555,1.555,7.66,62.936,268806000.0
4.32,8.0,0.545,0.527,0.332,0.314,1.492,1.494,1.553,1.553,7.65,62.914,269429700.0
4.33,8.0,0.544,0.526,0.332,0.313,1.49,1.493,1.552,1.552,7.64,62.891,270053300.0
4.34,8.0,0.543,0.525,0.331,0.312,1.489,1.491,1.55,1.55,7.63,62.868,270677100.0
4.35,8.0,0.542,0.524,0.33,0.312,1.487,1.49,1.548,1.548,7.62,62.846,271300700.0
4.36,8.0,0.542,0.523,0.329,0.311,1.486,1.489,1.547,1.547,7.61,62.823,271924400.0
4.37,8.0,0.541,0.522,0.329,0.31,1.484,1.487,1.545,1.545,7.6,62.8,272548100.0
4.38,8.0,0.54,0.521,0.328,0.31,1.483,1.486,1.544,1.544,7.58,62.777,273171700.0
4.39,8.0,0.539,0.521,0.327,0.309,1.482,1.484,1.542,1.542,7.57,62.755,273795400.0
4.4,8.0,0.538,0.52,0.327,0.308,1.48,1.483,1.541,1.541,7.56,62.732,274419100.0
4.41,8.0,0.537,0.519,0.326,0.308,1.479,1.481,1.539,1.539,7.55,62.709,275042800.0
4.42,8.0,0.536,0.518,0.325,0.307,1.477,1.48,1.538,1.538,7.54,62.687,275666500.0
4.43,8.0,0.535,0.517,0.324,0.307,1.476,1.478,1.536,1.536,7.53,62.664,276290100.0
4.44,8.0,0.534,0.517,0.324,0.306,1.474,1.477,1.534,1.534,7.52,62.642,276913800.0
4.45,8.0,0.533,0.516,0.323,0.305,1.473,1.475,1.533,1.533,7.51,62.619,277537500.0
4.46,8.0,0.532,0.515,0.322,0.305,1.472,1.474,1.531,1.531,7.5,62.597,278161200.0
4.47,8.0,0.532,0.514,0.322,0.304,1.47,1.473,1.53,1.53,7.49,62.574,278784900.0
4.48,8.0,0.531,0.513,0.321,0.304,1.469,1.471,1.528,1.528,7.47,62.552,279408500.0
4.49,8.0,0.53,0.512,0.32,0.303,1.467,1.47,1.527,1.527,7.46,62.53,280032200.0
4.5,8.0,0.529,0.512,0.32,0.302,1.466,1.468,1.525,1.525,7.45,62.508,280655900.0
4.51,8.0,0.528,0.511,0.319,0.302,1.465,1.467,1.524,1.524,7.44,62.486,281279600.0
4.52,8.0,0.527,0.51,0.318,0.301,1.463,1.466,1.522,1.522,7.43,62.463,281903300.0
4.53,8.0,0.526,0.509,0.318,0.301,1.462,1.464,1.521,1.521,7.42,62.441,282527000.0
4.54,8.0,0.525,0.509,0.317,0.3,1.461,1.463,1.519,1.519,7.41,62.419,283150600.0
4.55,8.0,0.525,0.508,0.316,0.299,1.459,1.462,1.518,1.518,7.4,62.397,283774300.0
4.56,8.0,0.524,0.507,0.316,0.299,1.458,1.46,1.516,1.516,7.39,62.375,284398000.0
4.57,8.0,0.523,0.506,0.315,0.298,1.456,1.459,1.515,1.515,7.38,62.353,285021700.0
4.58,8.0,0.522,0.505,0.314,0.298,1.455,1.457,1.514,1.514,7.37,62.331,285645300.0
4.59,8.0,0.521,0.505,0.314,0.297,1.454,1.456,1.512,1.512,7.36,62.31,286269000.0
4.6,8.0,0.52,0.504,0.313,0.297,1.452,1.455,1.511,1.511,7.35,62.288,286892700.0
4.61,8.0,0.519,0.503,0.312,0.296,1.451,1.453,1.509,1.509,7.34,62.266,287516400.0
4.62,8.0,0.519,0.502,0.312,0.295,1.45,1.452,1.508,1.508,7.33,62.244,288140100.0
4.63,8.0,0.518,0.502,0.311,0.295,1.448,1.451,1.506,1.506,7.32,62.223,288763700.0
4.64,8.0,0.517,0.501,0.311,0.294,1.447,1.449,1.505,1.505,7.31,62.201,289387400.0
4.65,8.0,0.516,0.5,0.31,0.294,1.446,1.448,1.504,1.504,7.3,62.179,290011100.0
4.66,8.0,0.515,0.499,0.309,0.293,1.444,1.447,1.502,1.502,7.29,62.158,290634800.0
4.67,8.0,0.514,0.499,0.309,0.293,1.443,1.445,1.501,1.501,7.28,62.136,291258500.0
4.68,8.0,0.514,0.498,0.308,0.292,1.442,1.444,1.499,1.499,7.27,62.115,291882100.0
4.69,8.0,0.513,0.497,0.307,0.291,1.441,1.443,1.498,1.498,7.26,62.093,292505800.0
4.7,8.0,0.512,0.496,0.307,0.291,1.439,1.441,1.496,1.496,7.25,62.072,293129500.0
4.71,8.0,0.511,0.496,0.306,0.29,1.438,1.44,1.495,1.495,7.24,62.051,293753200.0
4.72,8.0,0.51,0.495,0.305,0.29,1.437,1.439,1.494,1.494,7.23,62.029,294376900.0
4.73,8.0,0.51,0.494,0.305,0.289,1.435,1.438,1.492,1.492,7.22,62.008,295000500.0
4.74,8.0,0.509,0.493,0.304,0.289,1.434,1.436,1.491,1.491,7.21,61.987,295624200.0
4.75,8.0,0.508,0.493,0.304,0.288,1.433,1.435,1.49,1.49,7.2,61.966,296247900.0
4.76,8.0,0.507,0.492,0.303,0.288,1.432,1.434,1.488,1.488,7.19,61.944,296871600.0
4.77,8.0,0.506,0.491,0.302,0.287,1.43,1.432,1.487,1.487,7.18,61.923,297495300.0
4.78,8.0,0.506,0.491,0.302,0.287,1.429,1.431,1.485,1.485,7.17,61.902,298118900.0
4.79,8.0,0.505,0.49,0.301,0.286,1.428,1.43,1.484,1.484,7.16,61.881,298742600.0
4.8,8.0,0.504,0.489,0.301,0.285,1.427,1.429,1.483,1.483,7.15,61.86,299366300.0
4.81,8.0,0.503,0.488,0.3,0.285,1.425,1.427,1.481,1.481,7.14,61.839,299990000.0
4.82,8.0,0.502,0.488,0.299,0.284,1.424,1.426,1.48,1.48,7.13,61.818,300613700.0
4.83,8.0,0.502,0.487,0.299,0.284,1.423,1.425,1.479,1.479,7.12,61.798,301237300.0
4.84,8.0,0.501,0.486,0.298,0.283,1.422,1.424,1.477,1.477,7.11,61.777,301861000.0
4.85,8.0,0.5,0.486,0.298,0.283,1.42,1.422,1.476,1.476,7.1,61.756,302484700.0
4.86,8.0,0.499,0.485,0.297,0.282,1.419,1.421,1.475,1.475,7.09,61.735,303108400.0
4.87,8.0,0.499,0.484,0.296,0.282,1.418,1.42,1.473,1.473,7.08,61.715,303732100.0
4.88,8.0,0.498,0.483,0.296,0.281,1.417,1.419,1.472,1.472,7.07,61.694,304355700.0
4.89,8.0,0.497,0.483,0.295,0.281,1.415,1.417,1.471,1.471,7.06,61.673,304979400.0
4.9,8.0,0.496,0.482,0.295,0.28,1.414,1.416,1.47,1.47,7.05,61.653,305603100.0
4.91,8.0,0.496,0.481,0.294,0.28,1.413,1.415,1.468,1.468,7.04,61.632,306226800.0
4.92,8.0,0.495,0.481,0.293,0.279,1.412,1.414,1.467,1.467,7.03,61.612,306850500.0
4.93,8.0,0.494,0.48,0.293,0.279,1.411,1.413,1.466,1.466,7.03,61.591,307474100.0
4.94,8.0,0.493,0.479,0.292,0.278,1.409,1.411,1.464,1.464,7.02,61.571,308097800.0
4.95,8.0,0.493,0.479,0.292,0.278,1.408,1.41,1.463,1.463,7.01,61.551,308721500.0
4.96,8.0,0.492,0.478,0.291,0.277,1.407,1.409,1.462,1.462,7.0,61.53,309345200.0
4.97,8.0,0.491,0.477,0.291,0.277,1.406,1.408,1.461,1.461,6.99,61.51,309968800.0
4.98,8.0,0.49,0.477,0.29,0.276,1.405,1.407,1.459,1.459,6.98,61.49,310592500.0
4.99,8.0,0.49,0.476,0.289,0.276,1.404,1.406,1.458,1.458,6.97,61.469,311216200.0
5.0,8.0,0.489,0.475,0.289,0.275,1.402,1.404,1.457,1.457,6.96,61.449,311839900.0
0.01,9.0,0.813,0.8,0.406,0.393,2.54,2.542,2.636,2.636,14.9,79.442,623680.0
0.02,9.0,0.821,0.808,0.414,0.401,2.539,2.541,2.636,2.636,14.9,79.442,1247360.0
0.03,9.0,0.812,0.799,0.405,0.391,2.54,2.542,2.636,2.636,14.9,79.442,1871039.0
0.04,9.0,0.802,0.789,0.395,0.382,2.542,2.544,2.636,2.636,14.9,79.442,2494719.0
0.05,9.0,0.794,0.781,0.386,0.373,2.543,2.545,2.636,2.636,14.9,79.442,3118399.0
0.06,9.0,0.791,0.778,0.384,0.37,2.544,2.546,2.636,2.636,14.9,79.442,3742079.0
0.07,9.0,0.789,0.776,0.382,0.368,2.544,2.546,2.636,2.636,14.9,79.442,4365758.0
0.08,9.0,0.787,0.774,0.38,0.366,2.544,2.546,2.636,2.636,14.9,79.442,4989438.0
0.09,9.0,0.785,0.772,0.378,0.364,2.545,2.547,2.636,2.636,14.9,79.442,5613118.0
0.1,9.0,0.784,0.771,0.377,0.363,2.545,2.547,2.636,2.636,14.9,79.442,6236798.0
0.11,9.0,0.784,0.771,0.377,0.363,2.545,2.547,2.636,2.636,14.9,79.442,6860478.0
0.12,9.0,0.784,0.771,0.377,0.363,2.545,2.547,2.636,2.636,14.9,79.442,7484158.0
0.13,9.0,0.784,0.771,0.377,0.363,2.545,2.547,2.636,2.636,14.9,79.442,8107837.0
0.14,9.0,0.784,0.771,0.377,0.363,2.545,2.547,2.636,2.636,14.9,79.442,8731517.0
0.15,9.0,0.784,0.771,0.376,0.363,2.545,2.547,2.636,2.636,14.9,79.442,9355197.0
0.16,9.0,0.784,0.771,0.376,0.363,2.545,2.547,2.636,2.636,14.9,79.442,9978877.0
0.17,9.0,0.784,0.771,0.376,0.363,2.545,2.547,2.636,2.636,14.9,79.442,10602560.0
0.18,9.0,0.784,0.771,0.376,0.363,2.545,2.547,2.636,2.636,14.9,79.442,11226240.0
0.19,9.0,0.784,0.771,0.376,0.363,2.545,2.547,2.636,2.636,14.9,79.442,11849920.0
0.2,9.0,0.784,0.771,0.376,0.363,2.545,2.547,2.636,2.636,14.9,79.442,12473600.0
0.21,9.0,0.784,0.771,0.376,0.363,2.545,2.547,2.636,2.636,14.9,79.442,13097280.0
0.22,9.0,0.784,0.771,0.376,0.363,2.545,2.547,2.636,2.636,14.9,79.442,13720960.0
0.23,9.0,0.784,0.771,0.376,0.363,2.545,2.547,2.636,2.636,14.9,79.442,14344640.0
0.24,9.0,0.784,0.771,0.376,0.363,2.545,2.547,2.636,2.636,14.9,79.442,14968320.0
0.25,9.0,0.784,0.771,0.376,0.363,2.545,2.547,2.636,2.636,14.9,79.442,15592000.0
0.26,9.0,0.784,0.771,0.376,0.363,2.545,2.547,2.636,2.636,14.9,79.442,16215670.0
0.27,9.0,0.784,0.771,0.376,0.363,2.545,2.547,2.636,2.636,14.9,79.442,16839360.0
0.28,9.0,0.784,0.771,0.376,0.363,2.545,2.547,2.636,2.636,14.9,79.442,17463030.0
0.29,9.0,0.784,0.771,0.377,0.363,2.545,2.547,2.636,2.636,14.9,79.442,18086710.0
0.3,9.0,0.784,0.771,0.377,0.363,2.545,2.547,2.636,2.636,14.9,79.442,18710390.0
0.31,9.0,0.785,0.771,0.377,0.364,2.545,2.547,2.636,2.636,14.9,79.442,19334070.0
0.32,9.0,0.785,0.772,0.377,0.364,2.545,2.547,2.636,2.636,14.9,79.442,19957750.0
0.33,9.0,0.785,0.772,0.377,0.364,2.545,2.547,2.636,2.636,14.9,79.442,20581430.0
0.34,9.0,0.785,0.772,0.377,0.364,2.545,2.547,2.636,2.636,14.9,79.442,21205110.0
0.35,9.0,0.785,0.772,0.377,0.364,2.545,2.547,2.636,2.636,14.9,79.442,21828790.0
0.36,9.0,0.785,0.772,0.377,0.364,2.545,2.547,2.636,2.636,14.9,79.442,22452470.0
0.37,9.0,0.785,0.772,0.377,0.364,2.545,2.547,2.636,2.636,14.9,79.442,23076150.0
0.38,9.0,0.785,0.772,0.378,0.364,2.545,2.547,2.636,2.636,14.9,79.442,23699830.0
0.39,9.0,0.785,0.772,0.378,0.364,2.545,2.547,2.636,2.636,14.9,79.442,24323510.0
0.4,9.0,0.786,0.773,0.378,0.365,2.545,2.547,2.636,2.636,14.9,79.442,24947190.0
0.41,9.0,0.786,0.773,0.378,0.365,2.545,2.547,2.636,2.636,14.9,79.442,25570870.0
0.42,9.0,0.786,0.773,0.378,0.365,2.545,2.547,2.636,2.636,14.9,79.442,26194550.0
0.43,9.0,0.786,0.773,0.378,0.365,2.545,2.547,2.636,2.636,14.9,79.442,26818230.0
0.44,9.0,0.786,0.773,0.378,0.365,2.545,2.547,2.636,2.636,14.9,79.442,27441910.0
0.45,9.0,0.786,0.773,0.378,0.365,2.544,2.547,2.636,2.636,14.9,79.442,28065590.0
0.46,9.0,0.786,0.773,0.379,0.365,2.544,2.547,2.636,2.636,14.9,79.442,28689270.0
0.47,9.0,0.786,0.773,0.379,0.365,2.544,2.547,2.636,2.636,14.9,79.442,29312950.0
0.48,9.0,0.786,0.773,0.379,0.366,2.544,2.546,2.636,2.636,14.9,79.442,29936630.0
0.49,9.0,0.787,0.774,0.379,0.366,2.544,2.546,2.636,2.636,14.9,79.442,30560310.0
0.5,9.0,0.787,0.774,0.379,0.366,2.544,2.546,2.636,2.636,14.9,79.442,31183990.0
0.51,9.0,0.787,0.774,0.379,0.366,2.544,2.546,2.636,2.636,14.9,79.442,31807670.0
0.52,9.0,0.787,0.774,0.379,0.366,2.544,2.546,2.636,2.636,14.9,79.442,32431350.0
0.53,9.0,0.787,0.774,0.379,0.366,2.544,2.546,2.636,2.636,14.9,79.442,33055030.0
0.54,9.0,0.787,0.774,0.379,0.366,2.544,2.546,2.636,2.636,14.9,79.442,33678710.0
0.55,9.0,0.787,0.774,0.38,0.366,2.544,2.546,2.636,2.636,14.9,79.442,34302390.0
0.56,9.0,0.787,0.774,0.38,0.366,2.544,2.546,2.636,2.636,14.9,79.442,34926070.0
0.57,9.0,0.787,0.774,0.38,0.367,2.544,2.546,2.636,2.636,14.9,79.442,35549750.0
0.58,9.0,0.788,0.775,0.38,0.367,2.544,2.546,2.636,2.636,14.9,79.442,36173430.0
0.59,9.0,0.788,0.774,0.38,0.367,2.544,2.546,2.636,2.636,14.9,79.442,36797110.0
0.6,9.0,0.788,0.774,0.38,0.366,2.544,2.546,2.636,2.636,14.9,79.442,37420790.0
0.61,9.0,0.788,0.774,0.381,0.367,2.544,2.546,2.636,2.636,14.9,79.442,38044470.0
0.62,9.0,0.789,0.774,0.381,0.367,2.544,2.546,2.636,2.636,14.9,79.442,38668150.0
0.63,9.0,0.789,0.775,0.381,0.367,2.544,2.546,2.636,2.636,14.9,79.442,39291830.0
0.64,9.0,0.789,0.775,0.382,0.367,2.544,2.546,2.636,2.636,14.9,79.444,39915510.0
0.65,9.0,0.789,0.774,0.382,0.367,2.539,2.542,2.631,2.631,14.9,79.484,40539180.0
0.66,9.0,0.789,0.773,0.382,0.367,2.535,2.537,2.627,2.627,14.9,79.523,41162870.0
0.67,9.0,0.788,0.773,0.383,0.367,2.53,2.533,2.623,2.623,14.9,79.562,41786550.0
0.68,9.0,0.788,0.772,0.383,0.367,2.526,2.528,2.618,2.618,14.9,79.602,42410230.0
0.69,9.0,0.788,0.772,0.384,0.367,2.522,2.524,2.614,2.614,14.9,79.642,43033900.0
0.7,9.0,0.787,0.771,0.384,0.368,2.517,2.52,2.609,2.609,14.9,79.682,43657580.0
0.71,9.0,0.787,0.771,0.384,0.368,2.513,2.515,2.605,2.605,14.9,79.721,44281260.0
0.72,9.0,0.787,0.77,0.385,0.368,2.508,2.511,2.6,2.6,14.9,79.762,44904950.0
0.73,9.0,0.786,0.769,0.385,0.368,2.504,2.507,2.596,2.596,14.9,79.802,45528630.0
0.74,9.0,0.786,0.769,0.385,0.368,2.499,2.502,2.592,2.592,14.9,79.842,46152300.0
0.75,9.0,0.786,0.768,0.386,0.368,2.495,2.498,2.587,2.587,14.9,79.883,46775980.0
0.76,9.0,0.786,0.768,0.386,0.368,2.491,2.493,2.583,2.583,14.9,79.923,47399660.0
0.77,9.0,0.785,0.767,0.387,0.368,2.486,2.489,2.578,2.578,14.9,79.964,48023340.0
0.78,9.0,0.785,0.767,0.387,0.368,2.482,2.485,2.574,2.574,14.9,80.005,48647020.0
0.79,9.0,0.785,0.766,0.387,0.369,2.477,2.48,2.57,2.57,14.9,80.046,49270700.0
0.8,9.0,0.784,0.765,0.388,0.369,2.473,2.476,2.565,2.565,14.9,80.087,49894380.0
0.81,9.0,0.784,0.765,0.388,0.369,2.468,2.472,2.561,2.561,14.9,80.129,50518060.0
0.82,9.0,0.784,0.764,0.389,0.369,2.464,2.467,2.556,2.556,14.9,80.17,51141740.0
0.83,9.0,0.783,0.764,0.389,0.369,2.46,2.463,2.552,2.552,14.9,80.212,51765420.0
0.84,9.0,0.783,0.763,0.389,0.369,2.455,2.458,2.547,2.547,14.9,80.254,52389100.0
0.85,9.0,0.783,0.762,0.39,0.369,2.451,2.454,2.543,2.543,14.9,80.296,53012780.0
0.86,9.0,0.782,0.762,0.39,0.369,2.446,2.45,2.539,2.539,14.9,80.338,53636460.0
0.87,9.0,0.782,0.761,0.39,0.369,2.442,2.445,2.534,2.534,14.9,80.38,54260140.0
0.88,9.0,0.782,0.761,0.391,0.37,2.438,2.441,2.53,2.53,14.9,80.422,54883820.0
0.89,9.0,0.781,0.76,0.391,0.37,2.433,2.437,2.525,2.525,14.9,80.465,55507500.0
0.9,9.0,0.781,0.76,0.392,0.37,2.429,2.432,2.521,2.521,14.9,80.508,56131180.0
0.91,9.0,0.779,0.757,0.394,0.372,2.395,2.399,2.488,2.488,14.72,80.473,56754860.0
0.92,9.0,0.781,0.759,0.402,0.38,2.361,2.364,2.454,2.454,14.53,80.439,57378540.0
0.93,9.0,0.788,0.765,0.415,0.391,2.326,2.329,2.421,2.421,14.35,80.405,58002220.0
0.94,9.0,0.796,0.772,0.428,0.403,2.291,2.295,2.387,2.387,14.16,80.371,58625900.0
0.95,9.0,0.804,0.778,0.441,0.415,2.256,2.26,2.354,2.354,13.98,80.337,59249580.0
0.96,9.0,0.811,0.785,0.454,0.427,2.22,2.225,2.32,2.32,13.79,80.303,59873260.0
0.97,9.0,0.819,0.791,0.467,0.439,2.185,2.19,2.287,2.287,13.6,80.269,60496940.0
0.98,9.0,0.827,0.798,0.48,0.451,2.15,2.155,2.253,2.253,13.42,80.235,61120620.0
0.99,9.0,0.834,0.804,0.493,0.463,2.115,2.12,2.22,2.22,13.23,80.201,61744300.0
1.0,9.0,0.842,0.81,0.506,0.474,2.08,2.085,2.186,2.186,13.05,80.167,62367980.0
1.01,9.0,0.85,0.817,0.519,0.486,2.045,2.05,2.153,2.153,12.86,80.133,62991660.0
1.02,9.0,0.857,0.823,0.532,0.498,2.01,2.015,2.119,2.119,12.68,80.099,63615340.0
1.03,9.0,0.865,0.83,0.546,0.51,1.974,1.98,2.086,2.086,12.49,80.065,64239020.0
1.04,9.0,0.873,0.836,0.559,0.522,1.939,1.945,2.052,2.052,12.31,80.031,64862700.0
1.05,9.0,0.88,0.843,0.572,0.534,1.904,1.91,2.019,2.019,12.12,79.997,65486380.0
1.06,9.0,0.879,0.841,0.571,0.533,1.902,1.908,2.016,2.016,12.13,80.001,66110060.0
1.07,9.0,0.877,0.84,0.569,0.532,1.899,1.905,2.013,2.013,12.14,80.009,66733740.0
1.08,9.0,0.876,0.839,0.568,0.531,1.896,1.902,2.01,2.01,12.15,80.02,67357420.0
1.09,9.0,0.874,0.837,0.567,0.53,1.893,1.899,2.006,2.006,12.16,80.035,67981100.0
1.1,9.0,0.873,0.836,0.566,0.529,1.89,1.896,2.003,2.003,12.17,80.052,68604780.0
1.11,9.0,0.871,0.834,0.565,0.528,1.886,1.892,1.999,1.999,12.17,80.063,69228460.0
1.12,9.0,0.869,0.833,0.564,0.527,1.881,1.887,1.994,1.994,12.17,80.065,69852140.0
1.13,9.0,0.867,0.831,0.563,0.526,1.877,1.882,1.989,1.989,12.16,80.07,70475820.0
1.14,9.0,0.865,0.829,0.562,0.525,1.872,1.878,1.984,1.984,12.16,80.076,71099500.0
1.15,9.0,0.863,0.827,0.561,0.524,1.867,1.873,1.979,1.979,12.16,80.085,71723180.0
1.16,9.0,0.861,0.825,0.559,0.522,1.863,1.868,1.974,1.974,12.15,80.095,72346860.0
1.17,9.0,0.858,0.822,0.557,0.521,1.858,1.864,1.969,1.969,12.15,80.106,72970540.0
1.18,9.0,0.855,0.82,0.555,0.519,1.854,1.859,1.965,1.965,12.15,80.119,73594220.0
1.19,9.0,0.852,0.817,0.553,0.517,1.849,1.855,1.96,1.96,12.14,80.132,74217900.0
1.2,9.0,0.85,0.814,0.551,0.515,1.844,1.85,1.955,1.955,12.14,80.147,74841580.0
1.21,9.0,0.847,0.812,0.549,0.513,1.84,1.845,1.95,1.95,12.14,80.164,75465260.0
1.22,9.0,0.844,0.809,0.547,0.511,1.835,1.841,1.945,1.945,12.13,80.181,76088940.0
1.23,9.0,0.841,0.806,0.545,0.509,1.831,1.836,1.94,1.94,12.13,80.198,76712620.0
1.24,9.0,0.839,0.803,0.543,0.507,1.826,1.832,1.935,1.935,12.12,80.215,77336300.0
1.25,9.0,0.836,0.801,0.541,0.505,1.821,1.827,1.93,1.93,12.12,80.233,77959980.0
1.26,9.0,0.833,0.798,0.539,0.503,1.817,1.822,1.925,1.925,12.12,80.252,78583660.0
1.27,9.0,0.83,0.795,0.537,0.501,1.812,1.818,1.92,1.92,12.11,80.272,79207340.0
1.28,9.0,0.828,0.792,0.535,0.499,1.807,1.813,1.914,1.914,12.11,80.292,79831020.0
1.29,9.0,0.825,0.79,0.533,0.497,1.803,1.808,1.909,1.909,12.1,80.313,80454690.0
1.3,9.0,0.822,0.787,0.531,0.495,1.798,1.803,1.904,1.904,12.1,80.335,81078370.0
1.31,9.0,0.82,0.784,0.529,0.493,1.793,1.799,1.899,1.899,12.1,80.358,81702050.0
1.32,9.0,0.817,0.782,0.527,0.492,1.788,1.794,1.894,1.894,12.09,80.381,82325740.0
1.33,9.0,0.815,0.78,0.526,0.49,1.784,1.789,1.889,1.889,12.09,80.405,82949420.0
1.34,9.0,0.813,0.777,0.524,0.489,1.779,1.784,1.884,1.884,12.08,80.429,83573100.0
1.35,9.0,0.811,0.775,0.523,0.487,1.774,1.78,1.879,1.879,12.08,80.455,84196780.0
1.36,9.0,0.809,0.773,0.522,0.486,1.769,1.775,1.874,1.874,12.07,80.48,84820460.0
1.37,9.0,0.807,0.772,0.521,0.485,1.764,1.77,1.869,1.869,12.07,80.507,85444140.0
1.38,9.0,0.805,0.77,0.52,0.484,1.76,1.765,1.864,1.864,12.07,80.534,86067810.0
1.39,9.0,0.803,0.768,0.519,0.483,1.755,1.76,1.859,1.859,12.06,80.561,86691490.0
1.4,9.0,0.802,0.766,0.518,0.482,1.75,1.755,1.854,1.854,12.06,80.589,87315170.0
1.41,9.0,0.8,0.765,0.517,0.482,1.745,1.751,1.849,1.849,12.05,80.618,87938850.0
1.42,9.0,0.799,0.763,0.517,0.481,1.74,1.746,1.844,1.844,12.05,80.647,88562530.0
1.43,9.0,0.797,0.762,0.516,0.48,1.735,1.741,1.838,1.838,12.05,80.677,89186210.0
1.44,9.0,0.796,0.761,0.515,0.48,1.73,1.736,1.833,1.833,12.04,80.707,89809900.0
1.45,9.0,0.795,0.759,0.515,0.479,1.725,1.731,1.828,1.828,12.03,80.737,90433580.0
1.46,9.0,0.793,0.758,0.515,0.479,1.72,1.726,1.823,1.823,12.02,80.769,91057260.0
1.47,9.0,0.792,0.757,0.514,0.478,1.715,1.721,1.818,1.818,12.01,80.8,91680940.0
1.48,9.0,0.791,0.756,0.514,0.478,1.71,1.716,1.813,1.813,12.0,80.833,92304610.0
1.49,9.0,0.79,0.755,0.514,0.478,1.705,1.711,1.808,1.808,11.99,80.865,92928290.0
1.5,9.0,0.789,0.754,0.514,0.478,1.701,1.706,1.803,1.803,11.98,80.899,93551970.0
1.51,9.0,0.788,0.753,0.513,0.478,1.696,1.701,1.798,1.798,11.97,80.932,94175650.0
1.52,9.0,0.788,0.752,0.513,0.478,1.691,1.696,1.793,1.793,11.96,80.966,94799330.0
1.53,9.0,0.787,0.752,0.513,0.478,1.686,1.691,1.788,1.788,11.95,81.001,95423010.0
1.54,9.0,0.786,0.751,0.514,0.478,1.681,1.686,1.783,1.783,11.94,81.036,96046690.0
1.55,9.0,0.785,0.75,0.514,0.478,1.675,1.681,1.778,1.778,11.93,81.072,96670370.0
1.56,9.0,0.785,0.75,0.514,0.478,1.67,1.676,1.773,1.773,11.92,81.108,97294050.0
1.57,9.0,0.784,0.749,0.514,0.478,1.665,1.671,1.768,1.768,11.91,81.145,97917730.0
1.58,9.0,0.784,0.749,0.515,0.479,1.66,1.666,1.762,1.762,11.9,81.182,98541410.0
1.59,9.0,0.783,0.748,0.515,0.479,1.655,1.661,1.757,1.757,11.89,81.219,99165090.0
1.6,9.0,0.783,0.748,0.515,0.48,1.651,1.657,1.753,1.753,11.88,81.245,99788770.0
1.61,9.0,0.784,0.748,0.516,0.48,1.65,1.656,1.753,1.753,11.87,81.22,100412400.0
1.62,9.0,0.784,0.749,0.517,0.481,1.649,1.655,1.752,1.752,11.86,81.195,101036100.0
1.63,9.0,0.785,0.749,0.517,0.481,1.649,1.654,1.751,1.751,11.85,81.171,101659800.0
1.64,9.0,0.785,0.75,0.518,0.482,1.648,1.654,1.751,1.751,11.84,81.146,102283500.0
1.65,9.0,0.786,0.751,0.519,0.483,1.647,1.653,1.75,1.75,11.83,81.122,102907200.0
1.66,9.0,0.787,0.751,0.519,0.484,1.646,1.652,1.749,1.749,11.82,81.098,103530800.0
1.67,9.0,0.788,0.752,0.52,0.485,1.646,1.651,1.749,1.749,11.81,81.075,104154500.0
1.68,9.0,0.788,0.753,0.521,0.486,1.645,1.65,1.748,1.748,11.8,81.051,104778200.0
1.69,9.0,0.789,0.754,0.522,0.487,1.644,1.65,1.747,1.747,11.79,81.028,105401900.0
1.7,9.0,0.79,0.755,0.523,0.488,1.643,1.649,1.747,1.747,11.78,81.004,106025600.0
1.71,9.0,0.791,0.756,0.525,0.489,1.642,1.648,1.746,1.746,11.77,80.981,106649200.0
1.72,9.0,0.792,0.757,0.526,0.49,1.641,1.647,1.745,1.745,11.76,80.959,107272900.0
1.73,9.0,0.794,0.758,0.527,0.491,1.641,1.646,1.745,1.745,11.75,80.936,107896600.0
1.74,9.0,0.795,0.76,0.528,0.493,1.64,1.645,1.744,1.744,11.74,80.914,108520300.0
1.75,9.0,0.796,0.761,0.53,0.494,1.639,1.644,1.743,1.743,11.73,80.891,109144000.0
1.76,9.0,0.797,0.762,0.531,0.496,1.638,1.643,1.742,1.742,11.72,80.869,109767600.0
1.77,9.0,0.799,0.764,0.533,0.497,1.637,1.643,1.742,1.742,11.71,80.847,110391300.0
1.78,9.0,0.8,0.765,0.534,0.499,1.636,1.642,1.741,1.741,11.7,80.826,111015000.0
1.79,9.0,0.802,0.767,0.536,0.5,1.635,1.641,1.74,1.74,11.69,80.804,111638700.0
1.8,9.0,0.803,0.768,0.538,0.502,1.634,1.64,1.74,1.74,11.68,80.783,112262400.0
1.81,9.0,0.805,0.77,0.54,0.504,1.633,1.639,1.739,1.739,11.67,80.761,112886000.0
1.82,9.0,0.807,0.772,0.542,0.506,1.632,1.638,1.738,1.738,11.66,80.74,113509700.0
1.83,9.0,0.809,0.773,0.543,0.508,1.631,1.637,1.738,1.738,11.65,80.719,114133400.0
1.84,9.0,0.81,0.775,0.545,0.51,1.63,1.636,1.737,1.737,11.64,80.699,114757100.0
1.85,9.0,0.812,0.777,0.547,0.512,1.629,1.635,1.736,1.736,11.63,80.678,115380800.0
1.86,9.0,0.814,0.779,0.55,0.514,1.628,1.634,1.736,1.736,11.62,80.658,116004400.0
1.87,9.0,0.816,0.781,0.552,0.516,1.627,1.633,1.735,1.735,11.61,80.637,116628100.0
1.88,9.0,0.818,0.783,0.554,0.518,1.626,1.632,1.734,1.734,11.6,80.617,117251800.0
1.89,9.0,0.821,0.785,0.556,0.521,1.625,1.631,1.733,1.733,11.59,80.597,117875500.0
1.9,9.0,0.823,0.788,0.559,0.523,1.624,1.63,1.733,1.733,11.58,80.577,118499200.0
1.91,9.0,0.825,0.79,0.561,0.525,1.623,1.629,1.732,1.732,11.57,80.558,119122800.0
1.92,9.0,0.828,0.792,0.564,0.528,1.622,1.627,1.731,1.731,11.56,80.538,119746500.0
1.93,9.0,0.83,0.795,0.566,0.531,1.621,1.626,1.731,1.731,11.55,80.519,120370200.0
1.94,9.0,0.832,0.797,0.569,0.533,1.62,1.625,1.73,1.73,11.54,80.499,120993900.0
1.95,9.0,0.835,0.8,0.572,0.536,1.619,1.624,1.729,1.729,11.53,80.48,121617600.0
1.96,9.0,0.838,0.802,0.574,0.539,1.617,1.623,1.728,1.728,11.52,80.461,122241200.0
1.97,9.0,0.84,0.805,0.577,0.541,1.616,1.622,1.728,1.728,11.51,80.442,122864900.0
1.98,9.0,0.843,0.808,0.58,0.544,1.615,1.621,1.727,1.727,11.5,80.424,123488600.0
1.99,9.0,0.846,0.81,0.583,0.547,1.614,1.619,1.726,1.726,11.49,80.405,124112300.0
2.0,9.0,0.849,0.813,0.586,0.55,1.613,1.618,1.726,1.726,11.48,80.387,124736000.0
2.01,9.0,0.852,0.816,0.589,0.553,1.611,1.617,1.725,1.725,11.47,80.368,125359600.0
2.02,9.0,0.855,0.819,0.593,0.557,1.61,1.616,1.724,1.724,11.46,80.35,125983300.0
2.03,9.0,0.858,0.823,0.596,0.56,1.609,1.615,1.723,1.723,11.45,80.332,126607000.0
2.04,9.0,0.862,0.826,0.6,0.563,1.608,1.613,1.723,1.723,11.44,80.314,127230700.0
2.05,9.0,0.865,0.829,0.603,0.567,1.606,1.612,1.722,1.722,11.43,80.296,127854400.0
2.06,9.0,0.868,0.832,0.607,0.57,1.605,1.611,1.721,1.721,11.42,80.279,128478000.0
2.07,9.0,0.872,0.836,0.61,0.574,1.604,1.61,1.721,1.721,11.41,80.261,129101700.0
2.08,9.0,0.876,0.839,0.614,0.577,1.603,1.608,1.72,1.72,11.4,80.244,129725400.0
2.09,9.0,0.879,0.843,0.618,0.581,1.601,1.607,1.719,1.719,11.39,80.226,130349100.0
2.1,9.0,0.883,0.847,0.622,0.585,1.6,1.606,1.718,1.718,11.38,80.209,130972800.0
2.11,9.0,0.887,0.85,0.626,0.589,1.599,1.604,1.718,1.718,11.37,80.192,131596400.0
2.12,9.0,0.891,0.854,0.63,0.593,1.597,1.603,1.717,1.717,11.36,80.175,132220100.0
2.13,9.0,0.895,0.858,0.634,0.597,1.596,1.602,1.716,1.716,11.35,80.159,132843800.0
2.14,9.0,0.899,0.862,0.638,0.601,1.594,1.6,1.715,1.715,11.34,80.142,133467500.0
2.15,9.0,0.903,0.866,0.642,0.605,1.593,1.599,1.715,1.715,11.33,80.125,134091200.0
2.16,9.0,0.9,0.863,0.641,0.603,1.591,1.596,1.712,1.712,11.3,80.082,134714800.0
2.17,9.0,0.897,0.86,0.638,0.6,1.588,1.594,1.709,1.709,11.28,80.034,135338500.0
2.18,9.0,0.894,0.857,0.635,0.597,1.585,1.591,1.705,1.705,11.25,79.984,135962200.0
2.19,9.0,0.891,0.854,0.632,0.595,1.582,1.588,1.702,1.702,11.23,79.934,136585900.0
2.2,9.0,0.888,0.85,0.63,0.592,1.579,1.585,1.699,1.699,11.2,79.883,137209600.0
2.21,9.0,0.884,0.847,0.627,0.589,1.576,1.582,1.695,1.695,11.17,79.831,137833200.0
2.22,9.0,0.881,0.844,0.624,0.586,1.573,1.579,1.692,1.692,11.14,79.778,138456900.0
2.23,9.0,0.878,0.841,0.622,0.584,1.57,1.576,1.688,1.688,11.12,79.724,139080600.0
2.24,9.0,0.875,0.837,0.619,0.581,1.567,1.573,1.685,1.685,11.09,79.67,139704300.0
2.25,9.0,0.872,0.834,0.616,0.578,1.564,1.57,1.681,1.681,11.06,79.615,140328000.0
2.26,9.0,0.869,0.831,0.614,0.576,1.561,1.567,1.677,1.677,11.03,79.559,140951600.0
2.27,9.0,0.866,0.828,0.611,0.573,1.558,1.564,1.674,1.674,11.0,79.503,141575300.0
2.28,9.0,0.863,0.825,0.609,0.57,1.554,1.56,1.67,1.67,10.97,79.446,142199000.0
2.29,9.0,0.86,0.822,0.606,0.568,1.551,1.557,1.667,1.667,10.94,79.374,142822700.0
2.3,9.0,0.857,0.819,0.604,0.565,1.549,1.555,1.664,1.664,10.92,79.293,143446400.0
2.31,9.0,0.854,0.816,0.601,0.563,1.546,1.553,1.661,1.661,10.9,79.211,144070000.0
2.32,9.0,0.851,0.813,0.599,0.56,1.544,1.55,1.658,1.658,10.87,79.129,144693700.0
2.33,9.0,0.848,0.81,0.597,0.558,1.541,1.548,1.655,1.655,10.85,79.046,145317400.0
2.34,9.0,0.845,0.807,0.594,0.555,1.539,1.545,1.652,1.652,10.82,78.964,145941100.0
2.35,9.0,0.843,0.804,0.592,0.553,1.536,1.542,1.649,1.649,10.8,78.881,146564800.0
2.36,9.0,0.84,0.801,0.59,0.55,1.534,1.54,1.646,1.646,10.77,78.797,147188400.0
2.37,9.0,0.837,0.798,0.587,0.548,1.531,1.537,1.643,1.643,10.75,78.714,147812100.0
2.38,9.0,0.834,0.795,0.585,0.545,1.528,1.535,1.64,1.64,10.72,78.63,148435800.0
2.39,9.0,0.832,0.792,0.583,0.543,1.526,1.532,1.637,1.637,10.7,78.546,149059500.0
2.4,9.0,0.829,0.79,0.58,0.541,1.523,1.529,1.634,1.634,10.67,78.462,149683200.0
2.41,9.0,0.826,0.787,0.578,0.538,1.52,1.527,1.631,1.631,10.65,78.377,150306800.0
2.42,9.0,0.823,0.784,0.576,0.536,1.518,1.524,1.628,1.628,10.62,78.293,150930500.0
2.43,9.0,0.821,0.781,0.574,0.534,1.515,1.521,1.625,1.625,10.6,78.208,151554200.0
2.44,9.0,0.818,0.779,0.571,0.531,1.512,1.519,1.622,1.622,10.57,78.124,152177900.0
2.45,9.0,0.815,0.776,0.569,0.529,1.51,1.516,1.619,1.619,10.55,78.039,152801600.0
2.46,9.0,0.813,0.773,0.567,0.527,1.507,1.513,1.616,1.616,10.52,77.954,153425200.0
2.47,9.0,0.81,0.771,0.565,0.525,1.504,1.511,1.613,1.613,10.5,77.869,154048900.0
2.48,9.0,0.808,0.769,0.563,0.523,1.502,1.508,1.61,1.61,10.47,77.784,154672600.0
2.49,9.0,0.805,0.766,0.561,0.521,1.499,1.505,1.606,1.606,10.45,77.699,155296300.0
2.5,9.0,0.802,0.764,0.558,0.519,1.496,1.502,1.603,1.603,10.42,77.613,155920000.0
2.51,9.0,0.8,0.761,0.556,0.517,1.494,1.5,1.6,1.6,10.4,77.528,156543600.0
2.52,9.0,0.797,0.759,0.554,0.515,1.491,1.497,1.597,1.597,10.37,77.443,157167300.0
2.53,9.0,0.795,0.757,0.552,0.514,1.488,1.494,1.594,1.594,10.35,77.358,157791000.0
2.54,9.0,0.792,0.754,0.55,0.512,1.486,1.492,1.591,1.591,10.32,77.273,158414700.0
2.55,9.0,0.79,0.752,0.548,0.51,1.483,1.489,1.588,1.588,10.3,77.188,159038400.0
2.56,9.0,0.788,0.75,0.546,0.508,1.483,1.488,1.588,1.588,10.27,77.072,159662000.0
2.57,9.0,0.786,0.749,0.544,0.506,1.488,1.493,1.592,1.592,10.25,76.886,160285700.0
2.58,9.0,0.785,0.748,0.542,0.504,1.492,1.498,1.597,1.597,10.22,76.701,160909400.0
2.59,9.0,0.784,0.747,0.54,0.503,1.497,1.503,1.602,1.602,10.2,76.518,161533100.0
2.6,9.0,0.783,0.746,0.538,0.501,1.502,1.508,1.606,1.606,10.18,76.336,162156700.0
2.61,9.0,0.782,0.745,0.536,0.499,1.507,1.513,1.611,1.611,10.15,76.156,162780400.0
2.62,9.0,0.78,0.744,0.534,0.497,1.512,1.518,1.616,1.616,10.13,75.977,163404100.0
2.63,9.0,0.779,0.743,0.532,0.496,1.517,1.523,1.621,1.621,10.1,75.8,164027800.0
2.64,9.0,0.778,0.742,0.53,0.494,1.522,1.528,1.625,1.625,10.08,75.624,164651500.0
2.65,9.0,0.777,0.741,0.529,0.492,1.528,1.533,1.63,1.63,10.05,75.45,165275200.0
2.66,9.0,0.776,0.74,0.527,0.49,1.533,1.538,1.635,1.635,10.03,75.277,165898800.0
2.67,9.0,0.775,0.739,0.525,0.489,1.538,1.543,1.64,1.64,10.01,75.105,166522500.0
2.68,9.0,0.774,0.738,0.523,0.487,1.543,1.548,1.645,1.645,9.98,74.935,167146200.0
2.69,9.0,0.773,0.738,0.521,0.485,1.548,1.553,1.65,1.65,9.96,74.767,167769900.0
2.7,9.0,0.772,0.737,0.519,0.484,1.553,1.558,1.654,1.654,9.93,74.6,168393600.0
2.71,9.0,0.771,0.736,0.517,0.482,1.558,1.563,1.659,1.659,9.91,74.434,169017200.0
2.72,9.0,0.77,0.735,0.516,0.481,1.563,1.569,1.664,1.664,9.89,74.269,169640900.0
2.73,9.0,0.769,0.734,0.514,0.479,1.568,1.574,1.669,1.669,9.86,74.107,170264600.0
2.74,9.0,0.768,0.733,0.512,0.477,1.573,1.579,1.674,1.674,9.84,73.945,170888300.0
2.75,9.0,0.767,0.733,0.51,0.476,1.578,1.584,1.679,1.679,9.82,73.785,171512000.0
2.76,9.0,0.766,0.732,0.509,0.474,1.584,1.589,1.684,1.684,9.79,73.626,172135600.0
2.77,9.0,0.765,0.731,0.507,0.473,1.589,1.594,1.689,1.689,9.77,73.469,172759300.0
2.78,9.0,0.764,0.73,0.505,0.471,1.594,1.599,1.694,1.694,9.75,73.313,173383000.0
2.79,9.0,0.763,0.73,0.503,0.47,1.599,1.604,1.699,1.699,9.72,73.159,174006700.0
2.8,9.0,0.762,0.729,0.502,0.468,1.604,1.61,1.704,1.704,9.7,73.005,174630300.0
2.81,9.0,0.761,0.728,0.5,0.466,1.61,1.615,1.709,1.709,9.68,72.854,175254000.0
2.82,9.0,0.76,0.727,0.498,0.465,1.615,1.62,1.714,1.714,9.66,72.703,175877700.0
2.83,9.0,0.759,0.727,0.497,0.463,1.62,1.625,1.719,1.719,9.63,72.554,176501400.0
2.84,9.0,0.758,0.726,0.495,0.462,1.625,1.631,1.724,1.724,9.61,72.406,177125100.0
2.85,9.0,0.758,0.725,0.493,0.461,1.631,1.636,1.729,1.729,9.59,72.26,177748700.0
2.86,9.0,0.757,0.725,0.492,0.459,1.636,1.641,1.734,1.734,9.57,72.115,178372400.0
2.87,9.0,0.756,0.724,0.49,0.458,1.641,1.646,1.739,1.739,9.54,71.971,178996100.0
2.88,9.0,0.755,0.723,0.488,0.456,1.647,1.652,1.744,1.744,9.52,71.829,179619800.0
2.89,9.0,0.754,0.723,0.487,0.455,1.652,1.657,1.75,1.75,9.5,71.688,180243500.0
2.9,9.0,0.754,0.722,0.485,0.453,1.657,1.662,1.755,1.755,9.48,71.548,180867200.0
2.91,9.0,0.753,0.722,0.483,0.452,1.663,1.668,1.76,1.76,9.46,71.409,181490800.0
2.92,9.0,0.752,0.721,0.482,0.451,1.668,1.673,1.765,1.765,9.43,71.272,182114500.0
2.93,9.0,0.751,0.721,0.48,0.449,1.673,1.678,1.77,1.77,9.41,71.136,182738200.0
2.94,9.0,0.751,0.72,0.479,0.448,1.679,1.684,1.776,1.776,9.39,71.001,183361900.0
2.95,9.0,0.75,0.719,0.477,0.446,1.684,1.689,1.781,1.781,9.37,70.868,183985500.0
2.96,9.0,0.749,0.719,0.476,0.445,1.69,1.695,1.786,1.786,9.35,70.735,184609200.0
2.97,9.0,0.748,0.718,0.474,0.444,1.695,1.7,1.791,1.791,9.33,70.604,185232900.0
2.98,9.0,0.748,0.718,0.473,0.442,1.701,1.705,1.797,1.797,9.31,70.474,185856600.0
2.99,9.0,0.747,0.717,0.471,0.441,1.706,1.711,1.802,1.802,9.29,70.346,186480300.0
3.0,9.0,0.746,0.717,0.469,0.44,1.712,1.716,1.807,1.807,9.26,70.219,187103900.0
3.01,9.0,0.746,0.716,0.468,0.438,1.717,1.722,1.813,1.813,9.24,70.092,187727600.0
3.02,9.0,0.745,0.716,0.467,0.437,1.723,1.727,1.818,1.818,9.22,69.967,188351300.0
3.03,9.0,0.745,0.716,0.465,0.436,1.728,1.733,1.823,1.823,9.2,69.843,188975000.0
3.04,9.0,0.744,0.715,0.464,0.434,1.734,1.738,1.829,1.829,9.18,69.721,189598700.0
3.05,9.0,0.744,0.715,0.462,0.433,1.739,1.744,1.834,1.834,9.16,69.599,190222300.0
3.06,9.0,0.743,0.714,0.461,0.432,1.745,1.749,1.84,1.84,9.14,69.479,190846000.0
3.07,9.0,0.743,0.714,0.46,0.43,1.75,1.755,1.845,1.845,9.12,69.36,191469700.0
3.08,9.0,0.742,0.713,0.458,0.429,1.756,1.76,1.85,1.85,9.1,69.242,192093400.0
3.09,9.0,0.742,0.713,0.457,0.428,1.762,1.766,1.856,1.856,9.08,69.125,192717100.0
3.1,9.0,0.741,0.713,0.456,0.427,1.767,1.772,1.861,1.861,9.06,69.009,193340700.0
3.11,9.0,0.741,0.712,0.454,0.425,1.773,1.777,1.867,1.867,9.04,68.894,193964400.0
3.12,9.0,0.74,0.712,0.453,0.424,1.778,1.783,1.872,1.872,9.02,68.781,194588100.0
3.13,9.0,0.74,0.711,0.452,0.423,1.784,1.789,1.878,1.878,9.0,68.668,195211800.0
3.14,9.0,0.739,0.711,0.45,0.422,1.79,1.794,1.883,1.883,8.98,68.557,195835500.0
3.15,9.0,0.739,0.711,0.449,0.42,1.795,1.8,1.889,1.889,8.96,68.447,196459100.0
3.16,9.0,0.738,0.71,0.448,0.419,1.801,1.806,1.894,1.894,8.94,68.337,197082800.0
3.17,9.0,0.738,0.71,0.446,0.418,1.807,1.811,1.9,1.9,8.92,68.229,197706500.0
3.18,9.0,0.738,0.71,0.445,0.417,1.812,1.817,1.906,1.906,8.9,68.122,198330200.0
3.19,9.0,0.737,0.71,0.444,0.416,1.818,1.823,1.911,1.911,8.89,68.016,198953900.0
3.2,9.0,0.736,0.709,0.442,0.414,1.822,1.826,1.914,1.914,8.87,67.926,199577500.0
3.21,9.0,0.735,0.707,0.441,0.413,1.82,1.825,1.913,1.913,8.85,67.864,200201200.0
3.22,9.0,0.734,0.706,0.44,0.412,1.819,1.824,1.912,1.912,8.83,67.802,200824900.0
3.23,9.0,0.732,0.705,0.439,0.411,1.818,1.823,1.911,1.911,8.81,67.74,201448600.0
3.24,9.0,0.731,0.703,0.437,0.41,1.817,1.822,1.909,1.909,8.79,67.679,202072300.0
3.25,9.0,0.729,0.702,0.436,0.409,1.817,1.821,1.908,1.908,8.77,67.618,202695900.0
3.26,9.0,0.728,0.701,0.435,0.408,1.816,1.82,1.907,1.907,8.75,67.558,203319600.0
3.27,9.0,0.726,0.7,0.434,0.406,1.815,1.819,1.906,1.906,8.74,67.497,203943300.0
3.28,9.0,0.725,0.698,0.432,0.405,1.814,1.818,1.905,1.905,8.72,67.437,204567000.0
3.29,9.0,0.724,0.697,0.431,0.404,1.813,1.817,1.904,1.904,8.7,67.377,205190700.0
3.3,9.0,0.722,0.696,0.43,0.403,1.812,1.816,1.903,1.903,8.68,67.318,205814300.0
3.31,9.0,0.721,0.694,0.429,0.402,1.811,1.815,1.902,1.902,8.66,67.259,206438000.0
3.32,9.0,0.72,0.693,0.428,0.401,1.81,1.814,1.901,1.901,8.65,67.2,207061700.0
3.33,9.0,0.718,0.692,0.426,0.4,1.809,1.814,1.9,1.9,8.63,67.141,207685400.0
3.34,9.0,0.717,0.691,0.425,0.399,1.809,1.813,1.899,1.899,8.61,67.083,208309000.0
3.35,9.0,0.716,0.689,0.424,0.398,1.808,1.812,1.898,1.898,8.59,67.025,208932700.0
3.36,9.0,0.714,0.688,0.423,0.396,1.807,1.811,1.897,1.897,8.57,66.967,209556400.0
3.37,9.0,0.713,0.687,0.422,0.395,1.806,1.81,1.896,1.896,8.56,66.91,210180100.0
3.38,9.0,0.712,0.686,0.421,0.394,1.806,1.81,1.895,1.895,8.54,66.852,210803800.0
3.39,9.0,0.71,0.685,0.419,0.393,1.805,1.809,1.894,1.894,8.52,66.796,211427500.0
3.4,9.0,0.709,0.684,0.418,0.392,1.804,1.808,1.893,1.893,8.5,66.739,212051100.0
3.41,9.0,0.708,0.682,0.417,0.391,1.803,1.807,1.892,1.892,8.49,66.683,212674800.0
3.42,9.0,0.707,0.681,0.416,0.39,1.803,1.807,1.891,1.891,8.47,66.627,213298500.0
3.43,9.0,0.705,0.68,0.415,0.389,1.802,1.806,1.89,1.89,8.45,66.571,213922200.0
3.44,9.0,0.704,0.679,0.414,0.388,1.802,1.806,1.89,1.89,8.44,66.516,214545900.0
3.45,9.0,0.703,0.678,0.413,0.387,1.801,1.805,1.889,1.889,8.42,66.457,215169500.0
3.46,9.0,0.702,0.677,0.412,0.386,1.801,1.805,1.888,1.888,8.41,66.399,215793200.0
3.47,9.0,0.701,0.676,0.41,0.385,1.8,1.804,1.888,1.888,8.39,66.341,216416900.0
3.48,9.0,0.699,0.675,0.409,0.384,1.8,1.804,1.887,1.887,8.37,66.284,217040600.0
3.49,9.0,0.698,0.673,0.408,0.383,1.799,1.803,1.887,1.887,8.36,66.226,217664300.0
3.5,9.0,0.697,0.672,0.407,0.382,1.799,1.803,1.886,1.886,8.34,66.169,218287900.0
3.51,9.0,0.696,0.671,0.406,0.381,1.799,1.803,1.885,1.885,8.33,66.112,218911600.0
3.52,9.0,0.695,0.67,0.405,0.38,1.798,1.802,1.885,1.885,8.31,66.055,219535300.0
3.53,9.0,0.694,0.669,0.404,0.379,1.798,1.802,1.884,1.884,8.3,65.999,220159000.0
3.54,9.0,0.693,0.668,0.403,0.378,1.798,1.801,1.884,1.884,8.28,65.943,220782600.0
3.55,9.0,0.691,0.667,0.402,0.377,1.797,1.801,1.883,1.883,8.27,65.887,221406300.0
3.56,9.0,0.69,0.666,0.401,0.376,1.797,1.801,1.883,1.883,8.25,65.831,222030000.0
3.57,9.0,0.689,0.665,0.4,0.375,1.797,1.801,1.882,1.882,8.24,65.776,222653700.0
3.58,9.0,0.688,0.664,0.399,0.374,1.796,1.8,1.882,1.882,8.22,65.721,223277400.0
3.59,9.0,0.687,0.663,0.398,0.373,1.796,1.8,1.882,1.882,8.21,65.666,223901000.0
3.6,9.0,0.686,0.662,0.397,0.372,1.796,1.8,1.881,1.881,8.2,65.611,224524700.0
3.61,9.0,0.685,0.661,0.396,0.371,1.796,1.8,1.881,1.881,8.19,65.557,225148400.0
3.62,9.0,0.684,0.66,0.395,0.371,1.796,1.799,1.88,1.88,8.18,65.503,225772100.0
3.63,9.0,0.683,0.659,0.393,0.37,1.795,1.799,1.88,1.88,8.17,65.449,226395800.0
3.64,9.0,0.682,0.658,0.392,0.369,1.795,1.799,1.88,1.88,8.16,65.395,227019500.0
3.65,9.0,0.681,0.657,0.391,0.368,1.795,1.799,1.879,1.879,8.15,65.342,227643100.0
3.66,9.0,0.68,0.656,0.39,0.367,1.795,1.799,1.879,1.879,8.15,65.289,228266800.0
3.67,9.0,0.679,0.655,0.389,0.366,1.795,1.798,1.879,1.879,8.14,65.236,228890500.0
3.68,9.0,0.678,0.654,0.388,0.365,1.795,1.798,1.879,1.879,8.13,65.183,229514200.0
3.69,9.0,0.677,0.654,0.387,0.364,1.795,1.798,1.878,1.878,8.12,65.131,230137900.0
3.7,9.0,0.676,0.653,0.387,0.363,1.795,1.798,1.878,1.878,8.11,65.079,230761500.0
3.71,9.0,0.675,0.652,0.386,0.362,1.794,1.798,1.878,1.878,8.1,65.027,231385200.0
3.72,9.0,0.674,0.651,0.385,0.362,1.794,1.798,1.878,1.878,8.1,64.975,232008900.0
3.73,9.0,0.673,0.65,0.384,0.361,1.794,1.798,1.878,1.878,8.09,64.924,232632600.0
3.74,9.0,0.672,0.649,0.383,0.36,1.794,1.798,1.877,1.877,8.08,64.873,233256200.0
3.75,9.0,0.671,0.648,0.382,0.359,1.794,1.798,1.877,1.877,8.07,64.822,233879900.0
3.76,9.0,0.67,0.647,0.381,0.358,1.794,1.798,1.877,1.877,8.06,64.771,234503600.0
3.77,9.0,0.669,0.646,0.38,0.357,1.794,1.798,1.877,1.877,8.06,64.721,235127300.0
3.78,9.0,0.668,0.646,0.379,0.356,1.794,1.798,1.877,1.877,8.05,64.67,235751000.0
3.79,9.0,0.667,0.645,0.378,0.356,1.795,1.798,1.877,1.877,8.04,64.62,236374600.0
3.8,9.0,0.666,0.644,0.377,0.355,1.795,1.798,1.877,1.877,8.03,64.571,236998300.0
3.81,9.0,0.665,0.643,0.376,0.354,1.795,1.798,1.877,1.877,8.02,64.521,237622000.0
3.82,9.0,0.664,0.642,0.375,0.353,1.795,1.798,1.877,1.877,8.02,64.472,238245700.0
3.83,9.0,0.663,0.641,0.374,0.352,1.795,1.798,1.877,1.877,8.01,64.423,238869400.0
3.84,9.0,0.662,0.641,0.373,0.351,1.794,1.797,1.875,1.875,8.0,64.379,239493000.0
3.85,9.0,0.661,0.64,0.372,0.351,1.793,1.796,1.874,1.874,7.99,64.336,240116700.0
3.86,9.0,0.66,0.639,0.371,0.35,1.792,1.795,1.873,1.873,7.99,64.293,240740400.0
3.87,9.0,0.659,0.637,0.371,0.349,1.791,1.794,1.872,1.872,7.98,64.25,241364100.0
3.88,9.0,0.658,0.636,0.37,0.348,1.79,1.793,1.871,1.871,7.97,64.207,241987800.0
3.89,9.0,0.657,0.635,0.369,0.347,1.789,1.792,1.87,1.87,7.97,64.165,242611500.0
3.9,9.0,0.656,0.635,0.368,0.346,1.788,1.791,1.869,1.869,7.96,64.123,243235100.0
3.91,9.0,0.655,0.634,0.367,0.346,1.787,1.791,1.868,1.868,7.95,64.08,243858800.0
3.92,9.0,0.654,0.633,0.366,0.345,1.786,1.79,1.866,1.866,7.94,64.039,244482500.0
3.93,9.0,0.653,0.632,0.365,0.344,1.785,1.789,1.865,1.865,7.94,63.997,245106200.0
3.94,9.0,0.652,0.631,0.364,0.343,1.784,1.788,1.864,1.864,7.93,63.955,245729800.0
3.95,9.0,0.651,0.63,0.363,0.342,1.783,1.787,1.863,1.863,7.92,63.914,246353500.0
3.96,9.0,0.649,0.629,0.363,0.342,1.783,1.786,1.862,1.862,7.92,63.873,246977200.0
3.97,9.0,0.648,0.628,0.362,0.341,1.782,1.785,1.861,1.861,7.91,63.832,247600900.0
3.98,9.0,0.647,0.627,0.361,0.34,1.781,1.784,1.86,1.86,7.9,63.792,248224600.0
3.99,9.0,0.646,0.626,0.36,0.339,1.78,1.783,1.859,1.859,7.9,63.751,248848200.0
4.0,9.0,0.645,0.625,0.359,0.338,1.779,1.782,1.858,1.858,7.89,63.711,249471900.0
4.01,9.0,0.644,0.624,0.358,0.338,1.778,1.781,1.857,1.857,7.88,63.671,250095600.0
4.02,9.0,0.643,0.623,0.358,0.337,1.777,1.781,1.856,1.856,7.88,63.631,250719300.0
4.03,9.0,0.643,0.622,0.357,0.336,1.777,1.78,1.855,1.855,7.87,63.592,251343000.0
4.04,9.0,0.642,0.621,0.356,0.335,1.776,1.779,1.854,1.854,7.87,63.552,251966600.0
4.05,9.0,0.641,0.62,0.355,0.335,1.775,1.778,1.853,1.853,7.86,63.513,252590300.0
4.06,9.0,0.64,0.619,0.354,0.334,1.774,1.777,1.852,1.852,7.85,63.474,253214000.0
4.07,9.0,0.639,0.619,0.353,0.333,1.773,1.776,1.851,1.851,7.85,63.435,253837700.0
4.08,9.0,0.638,0.618,0.353,0.332,1.772,1.776,1.85,1.85,7.84,63.396,254461400.0
4.09,9.0,0.637,0.617,0.352,0.332,1.772,1.775,1.849,1.849,7.84,63.358,255085000.0
4.1,9.0,0.636,0.616,0.351,0.331,1.771,1.774,1.849,1.849,7.83,63.32,255708700.0
4.11,9.0,0.635,0.615,0.35,0.33,1.77,1.773,1.848,1.848,7.82,63.282,256332400.0
4.12,9.0,0.634,0.614,0.349,0.329,1.769,1.772,1.847,1.847,7.82,63.244,256956100.0
4.13,9.0,0.633,0.613,0.349,0.329,1.769,1.772,1.846,1.846,7.81,63.206,257579800.0
4.14,9.0,0.632,0.612,0.348,0.328,1.768,1.771,1.845,1.845,7.81,63.169,258203400.0
4.15,9.0,0.631,0.612,0.347,0.327,1.767,1.77,1.844,1.844,7.8,63.132,258827100.0
4.16,9.0,0.63,0.611,0.346,0.326,1.766,1.769,1.843,1.843,7.8,63.095,259450800.0
4.17,9.0,0.629,0.61,0.345,0.326,1.766,1.769,1.842,1.842,7.79,63.058,260074500.0
4.18,9.0,0.628,0.609,0.345,0.325,1.765,1.768,1.841,1.841,7.78,63.021,260698100.0
4.19,9.0,0.628,0.608,0.344,0.324,1.764,1.767,1.841,1.841,7.78,62.985,261321800.0
4.2,9.0,0.627,0.607,0.343,0.323,1.763,1.767,1.84,1.84,7.77,62.949,261945500.0
4.21,9.0,0.626,0.606,0.342,0.323,1.763,1.766,1.839,1.839,7.77,62.912,262569200.0
4.22,9.0,0.625,0.606,0.342,0.322,1.762,1.765,1.838,1.838,7.76,62.877,263192900.0
4.23,9.0,0.624,0.605,0.341,0.321,1.761,1.764,1.837,1.837,7.76,62.843,263816600.0
4.24,9.0,0.623,0.604,0.34,0.321,1.759,1.762,1.835,1.835,7.75,62.82,264440200.0
4.25,9.0,0.622,0.603,0.339,0.32,1.758,1.761,1.833,1.833,7.73,62.797,265063900.0
4.26,9.0,0.621,0.602,0.339,0.319,1.756,1.759,1.832,1.832,7.72,62.775,265687600.0
4.27,9.0,0.62,0.601,0.338,0.319,1.754,1.757,1.83,1.83,7.71,62.752,266311300.0
4.28,9.0,0.619,0.6,0.337,0.318,1.753,1.756,1.828,1.828,7.7,62.73,266935000.0
4.29,9.0,0.618,0.599,0.336,0.317,1.751,1.754,1.826,1.826,7.69,62.707,267558600.0
4.3,9.0,0.617,0.598,0.336,0.317,1.749,1.752,1.824,1.824,7.68,62.685,268182300.0
4.31,9.0,0.616,0.597,0.335,0.316,1.748,1.751,1.822,1.822,7.66,62.662,268806000.0
4.32,9.0,0.615,0.596,0.334,0.315,1.746,1.749,1.821,1.821,7.65,62.64,269429700.0
4.33,9.0,0.614,0.595,0.333,0.315,1.744,1.747,1.819,1.819,7.64,62.618,270053300.0
4.34,9.0,0.613,0.594,0.333,0.314,1.743,1.746,1.817,1.817,7.63,62.596,270677100.0
4.35,9.0,0.612,0.593,0.332,0.313,1.741,1.744,1.815,1.815,7.62,62.573,271300700.0
4.36,9.0,0.611,0.592,0.331,0.313,1.739,1.742,1.813,1.813,7.61,62.551,271924400.0
4.37,9.0,0.61,0.591,0.33,0.312,1.738,1.741,1.812,1.812,7.6,62.529,272548100.0
4.38,9.0,0.609,0.591,0.33,0.311,1.736,1.739,1.81,1.81,7.58,62.507,273171700.0
4.39,9.0,0.608,0.59,0.329,0.311,1.734,1.737,1.808,1.808,7.57,62.485,273795400.0
4.4,9.0,0.607,0.589,0.328,0.31,1.733,1.736,1.806,1.806,7.56,62.463,274419100.0
4.41,9.0,0.606,0.588,0.328,0.309,1.731,1.734,1.805,1.805,7.55,62.441,275042800.0
4.42,9.0,0.605,0.587,0.327,0.309,1.73,1.732,1.803,1.803,7.54,62.419,275666500.0
4.43,9.0,0.604,0.586,0.326,0.308,1.728,1.731,1.801,1.801,7.53,62.397,276290100.0
4.44,9.0,0.603,0.585,0.325,0.308,1.726,1.729,1.799,1.799,7.52,62.375,276913800.0
4.45,9.0,0.602,0.584,0.325,0.307,1.725,1.728,1.798,1.798,7.51,62.354,277537500.0
4.46,9.0,0.601,0.584,0.324,0.306,1.723,1.726,1.796,1.796,7.5,62.332,278161200.0
4.47,9.0,0.6,0.583,0.323,0.306,1.722,1.724,1.794,1.794,7.49,62.31,278784900.0
4.48,9.0,0.599,0.582,0.323,0.305,1.72,1.723,1.793,1.793,7.47,62.288,279408500.0
4.49,9.0,0.598,0.581,0.322,0.305,1.719,1.721,1.791,1.791,7.46,62.267,280032200.0
4.5,9.0,0.597,0.58,0.321,0.304,1.717,1.72,1.789,1.789,7.45,62.245,280655900.0
4.51,9.0,0.596,0.579,0.321,0.303,1.715,1.718,1.788,1.788,7.44,62.224,281279600.0
4.52,9.0,0.595,0.578,0.32,0.303,1.714,1.717,1.786,1.786,7.43,62.202,281903300.0
4.53,9.0,0.595,0.578,0.319,0.302,1.712,1.715,1.784,1.784,7.42,62.181,282527000.0
4.54,9.0,0.594,0.577,0.319,0.302,1.711,1.713,1.783,1.783,7.41,62.16,283150600.0
4.55,9.0,0.593,0.576,0.318,0.301,1.709,1.712,1.781,1.781,7.4,62.138,283774300.0
4.56,9.0,0.592,0.575,0.317,0.3,1.708,1.71,1.779,1.779,7.39,62.117,284398000.0
4.57,9.0,0.591,0.574,0.317,0.3,1.706,1.709,1.778,1.778,7.38,62.096,285021700.0
4.58,9.0,0.59,0.573,0.316,0.299,1.705,1.707,1.776,1.776,7.37,62.074,285645300.0
4.59,9.0,0.589,0.573,0.315,0.299,1.703,1.706,1.774,1.774,7.36,62.053,286269000.0
4.6,9.0,0.588,0.572,0.315,0.298,1.702,1.704,1.773,1.773,7.35,62.032,286892700.0
4.61,9.0,0.587,0.571,0.314,0.297,1.7,1.703,1.771,1.771,7.34,62.011,287516400.0
4.62,9.0,0.586,0.57,0.313,0.297,1.699,1.701,1.77,1.77,7.33,61.99,288140100.0
4.63,9.0,0.585,0.569,0.313,0.296,1.697,1.7,1.768,1.768,7.32,61.969,288763700.0
4.64,9.0,0.585,0.568,0.312,0.296,1.696,1.698,1.766,1.766,7.31,61.948,289387400.0
4.65,9.0,0.584,0.568,0.311,0.295,1.694,1.697,1.765,1.765,7.3,61.927,290011100.0
4.66,9.0,0.583,0.567,0.311,0.295,1.693,1.695,1.763,1.763,7.29,61.906,290634800.0
4.67,9.0,0.582,0.566,0.31,0.294,1.691,1.694,1.762,1.762,7.28,61.885,291258500.0
4.68,9.0,0.581,0.565,0.31,0.294,1.69,1.692,1.76,1.76,7.27,61.864,291882100.0
4.69,9.0,0.58,0.564,0.309,0.293,1.688,1.691,1.758,1.758,7.26,61.844,292505800.0
4.7,9.0,0.579,0.564,0.308,0.292,1.687,1.689,1.757,1.757,7.25,61.823,293129500.0
4.71,9.0,0.578,0.563,0.308,0.292,1.685,1.688,1.755,1.755,7.24,61.802,293753200.0
4.72,9.0,0.578,0.562,0.307,0.291,1.684,1.686,1.754,1.754,7.23,61.782,294376900.0
4.73,9.0,0.577,0.561,0.306,0.291,1.683,1.685,1.752,1.752,7.22,61.761,295000500.0
4.74,9.0,0.576,0.56,0.306,0.29,1.681,1.684,1.751,1.751,7.21,61.74,295624200.0
4.75,9.0,0.575,0.56,0.305,0.29,1.68,1.682,1.749,1.749,7.2,61.72,296247900.0
4.76,9.0,0.574,0.559,0.305,0.289,1.678,1.681,1.747,1.747,7.19,61.699,296871600.0
4.77,9.0,0.573,0.558,0.304,0.289,1.677,1.679,1.746,1.746,7.18,61.679,297495300.0
4.78,9.0,0.573,0.557,0.303,0.288,1.675,1.678,1.744,1.744,7.17,61.659,298118900.0
4.79,9.0,0.572,0.557,0.303,0.288,1.674,1.676,1.743,1.743,7.16,61.638,298742600.0
4.8,9.0,0.571,0.556,0.302,0.287,1.673,1.675,1.741,1.741,7.15,61.618,299366300.0
4.81,9.0,0.57,0.555,0.302,0.286,1.671,1.674,1.74,1.74,7.14,61.598,299990000.0
4.82,9.0,0.569,0.554,0.301,0.286,1.67,1.672,1.738,1.738,7.13,61.577,300613700.0
4.83,9.0,0.568,0.554,0.3,0.285,1.669,1.671,1.737,1.737,7.12,61.557,301237300.0
4.84,9.0,0.568,0.553,0.3,0.285,1.667,1.669,1.735,1.735,7.11,61.537,301861000.0
4.85,9.0,0.567,0.552,0.299,0.284,1.666,1.668,1.734,1.734,7.1,61.517,302484700.0
4.86,9.0,0.566,0.551,0.299,0.284,1.664,1.667,1.732,1.732,7.09,61.497,303108400.0
4.87,9.0,0.565,0.551,0.298,0.283,1.663,1.665,1.731,1.731,7.08,61.477,303732100.0
4.88,9.0,0.564,0.55,0.297,0.283,1.662,1.664,1.729,1.729,7.07,61.457,304355700.0
4.89,9.0,0.563,0.549,0.297,0.282,1.66,1.663,1.728,1.728,7.06,61.437,304979400.0
4.9,9.0,0.563,0.548,0.296,0.282,1.659,1.661,1.727,1.727,7.05,61.417,305603100.0
4.91,9.0,0.562,0.548,0.296,0.281,1.658,1.66,1.725,1.725,7.04,61.397,306226800.0
4.92,9.0,0.561,0.547,0.295,0.281,1.656,1.658,1.724,1.724,7.03,61.378,306850500.0
4.93,9.0,0.56,0.546,0.294,0.28,1.655,1.657,1.722,1.722,7.03,61.358,307474100.0
4.94,9.0,0.559,0.545,0.294,0.28,1.654,1.656,1.721,1.721,7.02,61.338,308097800.0
4.95,9.0,0.559,0.545,0.293,0.279,1.652,1.654,1.719,1.719,7.01,61.318,308721500.0
4.96,9.0,0.558,0.544,0.293,0.279,1.651,1.653,1.718,1.718,7.0,61.299,309345200.0
4.97,9.0,0.557,0.543,0.292,0.278,1.65,1.652,1.716,1.716,6.99,61.279,309968800.0
4.98,9.0,0.556,0.542,0.292,0.278,1.648,1.65,1.715,1.715,6.98,61.259,310592500.0
4.99,9.0,0.555,0.542,0.291,0.277,1.647,1.649,1.714,1.714,6.97,61.24,311216200.0
5.0,9.0,0.555,0.541,0.29,0.277,1.646,1.648,1.712,1.712,6.96,61.22,311839900.0
0.01,10.0,0.922,0.909,0.408,0.395,2.877,2.88,2.994,2.994,14.9,78.937,623680.0
0.02,10.0,0.93,0.917,0.416,0.403,2.876,2.878,2.994,2.994,14.9,78.937,1247360.0
0.03,10.0,0.921,0.908,0.407,0.394,2.878,2.88,2.994,2.994,14.9,78.937,1871039.0
0.04,10.0,0.911,0.898,0.397,0.384,2.879,2.882,2.994,2.994,14.9,78.937,2494719.0
0.05,10.0,0.902,0.889,0.388,0.375,2.881,2.883,2.994,2.994,14.9,78.937,3118399.0
0.06,10.0,0.9,0.887,0.386,0.372,2.881,2.884,2.994,2.994,14.9,78.937,3742079.0
0.07,10.0,0.898,0.885,0.384,0.371,2.882,2.884,2.994,2.994,14.9,78.937,4365758.0
0.08,10.0,0.896,0.883,0.382,0.369,2.882,2.884,2.994,2.994,14.9,78.937,4989438.0
0.09,10.0,0.894,0.881,0.38,0.366,2.882,2.885,2.994,2.994,14.9,78.937,5613118.0
0.1,10.0,0.893,0.88,0.379,0.366,2.883,2.885,2.994,2.994,14.9,78.937,6236798.0
0.11,10.0,0.893,0.88,0.379,0.366,2.883,2.885,2.994,2.994,14.9,78.937,6860478.0
0.12,10.0,0.893,0.88,0.379,0.366,2.883,2.885,2.994,2.994,14.9,78.937,7484158.0
0.13,10.0,0.893,0.88,0.379,0.365,2.883,2.885,2.994,2.994,14.9,78.937,8107837.0
0.14,10.0,0.893,0.88,0.379,0.365,2.883,2.885,2.994,2.994,14.9,78.937,8731517.0
0.15,10.0,0.893,0.88,0.379,0.365,2.883,2.885,2.994,2.994,14.9,78.937,9355197.0
0.16,10.0,0.893,0.88,0.379,0.365,2.883,2.885,2.994,2.994,14.9,78.937,9978877.0
0.17,10.0,0.893,0.88,0.379,0.365,2.883,2.885,2.994,2.994,14.9,78.937,10602560.0
0.18,10.0,0.893,0.88,0.379,0.365,2.883,2.885,2.994,2.994,14.9,78.937,11226240.0
0.19,10.0,0.893,0.88,0.379,0.365,2.883,2.885,2.994,2.994,14.9,78.937,11849920.0
0.2,10.0,0.893,0.88,0.378,0.365,2.883,2.885,2.994,2.994,14.9,78.937,12473600.0
0.21,10.0,0.893,0.879,0.378,0.365,2.883,2.885,2.994,2.994,14.9,78.937,13097280.0
0.22,10.0,0.893,0.879,0.378,0.365,2.883,2.885,2.994,2.994,14.9,78.937,13720960.0
0.23,10.0,0.892,0.879,0.378,0.365,2.883,2.885,2.994,2.994,14.9,78.937,14344640.0
0.24,10.0,0.892,0.879,0.378,0.365,2.883,2.885,2.994,2.994,14.9,78.937,14968320.0
0.25,10.0,0.892,0.879,0.378,0.365,2.883,2.885,2.994,2.994,14.9,78.937,15592000.0
0.26,10.0,0.893,0.879,0.378,0.365,2.883,2.885,2.994,2.994,14.9,78.937,16215670.0
0.27,10.0,0.893,0.88,0.379,0.365,2.883,2.885,2.994,2.994,14.9,78.937,16839360.0
0.28,10.0,0.893,0.88,0.379,0.365,2.883,2.885,2.994,2.994,14.9,78.937,17463030.0
0.29,10.0,0.893,0.88,0.379,0.365,2.883,2.885,2.994,2.994,14.9,78.937,18086710.0
0.3,10.0,0.893,0.88,0.379,0.366,2.883,2.885,2.994,2.994,14.9,78.937,18710390.0
0.31,10.0,0.893,0.88,0.379,0.366,2.882,2.885,2.994,2.994,14.9,78.937,19334070.0
0.32,10.0,0.893,0.88,0.379,0.366,2.882,2.885,2.994,2.994,14.9,78.937,19957750.0
0.33,10.0,0.893,0.88,0.379,0.366,2.882,2.885,2.994,2.994,14.9,78.937,20581430.0
0.34,10.0,0.893,0.88,0.379,0.366,2.882,2.885,2.994,2.994,14.9,78.937,21205110.0
0.35,10.0,0.894,0.88,0.379,0.366,2.882,2.885,2.994,2.994,14.9,78.937,21828790.0
0.36,10.0,0.894,0.881,0.38,0.366,2.882,2.885,2.994,2.994,14.9,78.937,22452470.0
0.37,10.0,0.894,0.881,0.38,0.366,2.882,2.885,2.994,2.994,14.9,78.937,23076150.0
0.38,10.0,0.894,0.881,0.38,0.367,2.882,2.885,2.994,2.994,14.9,78.937,23699830.0
0.39,10.0,0.894,0.881,0.38,0.367,2.882,2.885,2.994,2.994,14.9,78.937,24323510.0
0.4,10.0,0.894,0.881,0.38,0.367,2.882,2.885,2.994,2.994,14.9,78.937,24947190.0
0.41,10.0,0.894,0.881,0.38,0.367,2.882,2.885,2.994,2.994,14.9,78.937,25570870.0
0.42,10.0,0.894,0.881,0.38,0.367,2.882,2.885,2.994,2.994,14.9,78.937,26194550.0
0.43,10.0,0.894,0.881,0.38,0.367,2.882,2.885,2.994,2.994,14.9,78.937,26818230.0
0.44,10.0,0.895,0.881,0.381,0.367,2.882,2.885,2.994,2.994,14.9,78.937,27441910.0
0.45,10.0,0.895,0.882,0.381,0.367,2.882,2.885,2.994,2.994,14.9,78.937,28065590.0
0.46,10.0,0.895,0.882,0.381,0.367,2.882,2.884,2.994,2.994,14.9,78.937,28689270.0
0.47,10.0,0.895,0.882,0.381,0.368,2.882,2.884,2.994,2.994,14.9,78.937,29312950.0
0.48,10.0,0.895,0.882,0.381,0.368,2.882,2.884,2.994,2.994,14.9,78.937,29936630.0
0.49,10.0,0.895,0.882,0.381,0.368,2.882,2.884,2.994,2.994,14.9,78.937,30560310.0
0.5,10.0,0.895,0.882,0.381,0.368,2.882,2.884,2.994,2.994,14.9,78.937,31183990.0
0.51,10.0,0.895,0.882,0.381,0.368,2.882,2.884,2.994,2.994,14.9,78.937,31807670.0
0.52,10.0,0.895,0.882,0.381,0.368,2.882,2.884,2.994,2.994,14.9,78.937,32431350.0
0.53,10.0,0.896,0.883,0.382,0.368,2.882,2.884,2.994,2.994,14.9,78.937,33055030.0
0.54,10.0,0.896,0.883,0.382,0.368,2.882,2.884,2.994,2.994,14.9,78.937,33678710.0
0.55,10.0,0.896,0.883,0.382,0.368,2.882,2.884,2.994,2.994,14.9,78.937,34302390.0
0.56,10.0,0.896,0.883,0.382,0.369,2.882,2.884,2.994,2.994,14.9,78.937,34926070.0
0.57,10.0,0.896,0.883,0.382,0.369,2.882,2.884,2.994,2.994,14.9,78.937,35549750.0
0.58,10.0,0.896,0.883,0.382,0.369,2.879,2.882,2.991,2.991,14.9,78.956,36173430.0
0.59,10.0,0.895,0.881,0.382,0.369,2.874,2.876,2.985,2.985,14.9,79.002,36797110.0
0.6,10.0,0.894,0.88,0.382,0.369,2.868,2.87,2.979,2.979,14.9,79.048,37420790.0
0.61,10.0,0.893,0.879,0.383,0.369,2.862,2.864,2.973,2.973,14.9,79.095,38044470.0
0.62,10.0,0.893,0.878,0.383,0.369,2.856,2.858,2.967,2.967,14.9,79.142,38668150.0
0.63,10.0,0.892,0.877,0.384,0.369,2.85,2.852,2.961,2.961,14.9,79.189,39291830.0
0.64,10.0,0.891,0.877,0.384,0.369,2.844,2.846,2.955,2.955,14.9,79.236,39915510.0
0.65,10.0,0.891,0.876,0.384,0.369,2.837,2.84,2.949,2.949,14.9,79.283,40539180.0
0.66,10.0,0.89,0.875,0.385,0.369,2.831,2.834,2.943,2.943,14.9,79.331,41162870.0
0.67,10.0,0.889,0.874,0.385,0.369,2.825,2.828,2.937,2.937,14.9,79.379,41786550.0
0.68,10.0,0.889,0.873,0.385,0.369,2.819,2.822,2.931,2.931,14.9,79.427,42410230.0
0.69,10.0,0.888,0.872,0.386,0.37,2.813,2.816,2.925,2.925,14.9,79.475,43033900.0
0.7,10.0,0.887,0.871,0.386,0.37,2.807,2.81,2.919,2.919,14.9,79.523,43657580.0
0.71,10.0,0.887,0.87,0.387,0.37,2.801,2.804,2.913,2.913,14.9,79.572,44281260.0
0.72,10.0,0.886,0.869,0.387,0.37,2.795,2.798,2.907,2.907,14.9,79.621,44904950.0
0.73,10.0,0.885,0.868,0.387,0.37,2.789,2.792,2.901,2.901,14.9,79.67,45528630.0
0.74,10.0,0.884,0.867,0.388,0.37,2.783,2.786,2.895,2.895,14.9,79.719,46152300.0
0.75,10.0,0.884,0.866,0.388,0.37,2.777,2.78,2.889,2.889,14.9,79.768,46775980.0
0.76,10.0,0.883,0.865,0.388,0.37,2.771,2.774,2.883,2.883,14.9,79.818,47399660.0
0.77,10.0,0.882,0.864,0.389,0.37,2.765,2.769,2.877,2.877,14.9,79.867,48023340.0
0.78,10.0,0.882,0.863,0.389,0.371,2.759,2.763,2.871,2.871,14.9,79.917,48647020.0
0.79,10.0,0.881,0.862,0.39,0.371,2.753,2.757,2.864,2.864,14.9,79.968,49270700.0
0.8,10.0,0.88,0.862,0.39,0.371,2.747,2.751,2.858,2.858,14.9,80.018,49894380.0
0.81,10.0,0.88,0.861,0.39,0.371,2.741,2.745,2.852,2.852,14.9,80.069,50518060.0
0.82,10.0,0.879,0.86,0.391,0.371,2.735,2.739,2.846,2.846,14.9,80.12,51141740.0
0.83,10.0,0.878,0.859,0.391,0.371,2.729,2.733,2.84,2.84,14.9,80.171,51765420.0
0.84,10.0,0.878,0.858,0.392,0.371,2.723,2.727,2.834,2.834,14.9,80.222,52389100.0
0.85,10.0,0.877,0.857,0.392,0.371,2.717,2.721,2.828,2.828,14.9,80.273,53012780.0
0.86,10.0,0.876,0.856,0.392,0.371,2.711,2.715,2.822,2.822,14.9,80.325,53636460.0
0.87,10.0,0.876,0.855,0.393,0.372,2.705,2.709,2.816,2.816,14.9,80.377,54260140.0
0.88,10.0,0.875,0.854,0.393,0.372,2.699,2.703,2.81,2.81,14.9,80.429,54883820.0
0.89,10.0,0.874,0.853,0.393,0.372,2.693,2.697,2.804,2.804,14.9,80.482,55507500.0
0.9,10.0,0.874,0.852,0.394,0.372,2.687,2.691,2.798,2.798,14.9,80.534,56131180.0
0.91,10.0,0.87,0.848,0.397,0.374,2.649,2.653,2.76,2.76,14.72,80.513,56754860.0
0.92,10.0,0.871,0.849,0.405,0.382,2.61,2.614,2.721,2.721,14.53,80.491,57378540.0
0.93,10.0,0.877,0.854,0.417,0.394,2.57,2.574,2.683,2.683,14.35,80.47,58002220.0
0.94,10.0,0.883,0.859,0.43,0.406,2.53,2.534,2.645,2.645,14.16,80.448,58625900.0
0.95,10.0,0.889,0.864,0.443,0.418,2.49,2.494,2.606,2.606,13.98,80.427,59249580.0
0.96,10.0,0.896,0.869,0.457,0.429,2.45,2.454,2.568,2.568,13.79,80.406,59873260.0
0.97,10.0,0.902,0.874,0.47,0.441,2.41,2.414,2.53,2.53,13.6,80.384,60496940.0
0.98,10.0,0.908,0.879,0.483,0.453,2.369,2.375,2.491,2.491,13.42,80.363,61120620.0
0.99,10.0,0.914,0.884,0.496,0.465,2.329,2.335,2.453,2.453,13.23,80.341,61744300.0
1.0,10.0,0.921,0.889,0.509,0.477,2.289,2.295,2.414,2.414,13.05,80.32,62367980.0
1.01,10.0,0.927,0.894,0.522,0.489,2.249,2.255,2.376,2.376,12.86,80.298,62991660.0
1.02,10.0,0.933,0.899,0.536,0.501,2.209,2.215,2.338,2.338,12.68,80.277,63615340.0
1.03,10.0,0.94,0.904,0.549,0.513,2.169,2.175,2.299,2.299,12.49,80.255,64239020.0
1.04,10.0,0.946,0.91,0.562,0.525,2.129,2.136,2.261,2.261,12.31,80.234,64862700.0
1.05,10.0,0.952,0.915,0.575,0.537,2.089,2.096,2.223,2.223,12.12,80.212,65486380.0
1.06,10.0,0.95,0.913,0.574,0.536,2.085,2.092,2.218,2.218,12.13,80.229,66110060.0
1.07,10.0,0.949,0.911,0.573,0.535,2.081,2.087,2.214,2.214,12.14,80.25,66733740.0
1.08,10.0,0.947,0.909,0.572,0.534,2.077,2.083,2.209,2.209,12.15,80.274,67357420.0
1.09,10.0,0.945,0.908,0.571,0.533,2.072,2.079,2.205,2.205,12.16,80.302,67981100.0
1.1,10.0,0.943,0.906,0.569,0.532,2.068,2.074,2.2,2.2,12.17,80.332,68604780.0
1.11,10.0,0.941,0.904,0.568,0.531,2.062,2.069,2.194,2.194,12.17,80.356,69228460.0
1.12,10.0,0.939,0.902,0.567,0.53,2.056,2.062,2.188,2.188,12.17,80.372,69852140.0
1.13,10.0,0.936,0.9,0.566,0.529,2.05,2.056,2.181,2.181,12.16,80.39,70475820.0
1.14,10.0,0.934,0.898,0.565,0.528,2.043,2.05,2.175,2.175,12.16,80.41,71099500.0
1.15,10.0,0.932,0.896,0.564,0.527,2.037,2.043,2.168,2.168,12.16,80.432,71723180.0
1.16,10.0,0.929,0.893,0.562,0.525,2.031,2.037,2.161,2.161,12.15,80.456,72346860.0
1.17,10.0,0.926,0.89,0.56,0.524,2.025,2.031,2.155,2.155,12.15,80.481,72970540.0
1.18,10.0,0.922,0.887,0.558,0.522,2.019,2.025,2.148,2.148,12.15,80.508,73594220.0
1.19,10.0,0.919,0.884,0.556,0.52,2.012,2.019,2.141,2.141,12.14,80.536,74217900.0
1.2,10.0,0.916,0.881,0.554,0.518,2.006,2.012,2.135,2.135,12.14,80.565,74841580.0
1.21,10.0,0.913,0.878,0.552,0.516,2.0,2.006,2.128,2.128,12.14,80.595,75465260.0
1.22,10.0,0.91,0.875,0.55,0.514,1.994,2.0,2.122,2.122,12.13,80.627,76088940.0
1.23,10.0,0.907,0.871,0.548,0.512,1.988,1.994,2.115,2.115,12.13,80.659,76712620.0
1.24,10.0,0.904,0.868,0.546,0.51,1.981,1.988,2.108,2.108,12.12,80.691,77336300.0
1.25,10.0,0.901,0.865,0.544,0.508,1.975,1.981,2.101,2.101,12.12,80.724,77959980.0
1.26,10.0,0.897,0.862,0.542,0.506,1.969,1.975,2.095,2.095,12.12,80.758,78583660.0
1.27,10.0,0.894,0.859,0.54,0.504,1.962,1.969,2.088,2.088,12.11,80.793,79207340.0
1.28,10.0,0.891,0.856,0.538,0.502,1.956,1.962,2.081,2.081,12.11,80.829,79831020.0
1.29,10.0,0.888,0.853,0.536,0.5,1.95,1.956,2.074,2.074,12.1,80.865,80454690.0
1.3,10.0,0.885,0.85,0.534,0.498,1.943,1.95,2.068,2.068,12.1,80.903,81078370.0
1.31,10.0,0.882,0.847,0.532,0.496,1.937,1.943,2.061,2.061,12.1,80.941,81702050.0
1.32,10.0,0.879,0.844,0.53,0.495,1.931,1.937,2.054,2.054,12.09,80.98,82325740.0
1.33,10.0,0.876,0.841,0.529,0.493,1.924,1.931,2.047,2.047,12.09,81.02,82949420.0
1.34,10.0,0.874,0.838,0.528,0.492,1.918,1.924,2.04,2.04,12.08,81.061,83573100.0
1.35,10.0,0.871,0.836,0.526,0.49,1.911,1.918,2.034,2.034,12.08,81.102,84196780.0
1.36,10.0,0.869,0.834,0.525,0.489,1.905,1.911,2.027,2.027,12.07,81.144,84820460.0
1.37,10.0,0.867,0.831,0.524,0.488,1.899,1.905,2.02,2.02,12.07,81.187,85444140.0
1.38,10.0,0.865,0.829,0.523,0.487,1.892,1.898,2.013,2.013,12.07,81.231,86067810.0
1.39,10.0,0.863,0.827,0.522,0.486,1.886,1.892,2.007,2.007,12.06,81.275,86691490.0
1.4,10.0,0.861,0.825,0.521,0.485,1.879,1.885,2.0,2.0,12.06,81.321,87315170.0
1.41,10.0,0.859,0.823,0.52,0.484,1.873,1.879,1.993,1.993,12.05,81.366,87938850.0
1.42,10.0,0.857,0.821,0.52,0.484,1.866,1.872,1.986,1.986,12.05,81.413,88562530.0
1.43,10.0,0.855,0.82,0.519,0.483,1.859,1.866,1.98,1.98,12.05,81.46,89186210.0
1.44,10.0,0.853,0.818,0.518,0.483,1.853,1.859,1.973,1.973,12.04,81.506,89809900.0
1.45,10.0,0.853,0.817,0.518,0.482,1.852,1.859,1.972,1.972,12.03,81.477,90433580.0
1.46,10.0,0.852,0.817,0.518,0.482,1.852,1.858,1.972,1.972,12.02,81.448,91057260.0
1.47,10.0,0.852,0.816,0.517,0.481,1.851,1.857,1.971,1.971,12.01,81.419,91680940.0
1.48,10.0,0.851,0.816,0.517,0.481,1.85,1.857,1.97,1.97,12.0,81.391,92304610.0
1.49,10.0,0.851,0.815,0.517,0.481,1.85,1.856,1.969,1.969,11.99,81.363,92928290.0
1.5,10.0,0.851,0.815,0.517,0.481,1.849,1.855,1.969,1.969,11.98,81.335,93551970.0
1.51,10.0,0.85,0.815,0.516,0.481,1.848,1.855,1.968,1.968,11.97,81.308,94175650.0
1.52,10.0,0.85,0.815,0.516,0.48,1.848,1.854,1.967,1.967,11.96,81.28,94799330.0
1.53,10.0,0.85,0.815,0.516,0.481,1.847,1.853,1.967,1.967,11.95,81.253,95423010.0
1.54,10.0,0.85,0.815,0.517,0.481,1.846,1.853,1.966,1.966,11.94,81.227,96046690.0
1.55,10.0,0.85,0.815,0.517,0.481,1.846,1.852,1.965,1.965,11.93,81.201,96670370.0
1.56,10.0,0.85,0.815,0.517,0.481,1.845,1.851,1.964,1.964,11.92,81.174,97294050.0
1.57,10.0,0.85,0.815,0.517,0.481,1.844,1.85,1.964,1.964,11.91,81.149,97917730.0
1.58,10.0,0.851,0.815,0.518,0.482,1.843,1.849,1.963,1.963,11.9,81.123,98541410.0
1.59,10.0,0.851,0.815,0.518,0.482,1.842,1.849,1.962,1.962,11.89,81.098,99165090.0
1.6,10.0,0.851,0.816,0.518,0.482,1.842,1.848,1.961,1.961,11.88,81.072,99788770.0
1.61,10.0,0.852,0.816,0.519,0.483,1.841,1.847,1.961,1.961,11.87,81.047,100412400.0
1.62,10.0,0.852,0.817,0.52,0.484,1.84,1.846,1.96,1.96,11.86,81.023,101036100.0
1.63,10.0,0.853,0.817,0.52,0.484,1.839,1.845,1.959,1.959,11.85,80.998,101659800.0
1.64,10.0,0.853,0.818,0.521,0.485,1.838,1.845,1.959,1.959,11.84,80.974,102283500.0
1.65,10.0,0.854,0.818,0.522,0.486,1.837,1.844,1.958,1.958,11.83,80.95,102907200.0
1.66,10.0,0.854,0.819,0.523,0.487,1.837,1.843,1.957,1.957,11.82,80.926,103530800.0
1.67,10.0,0.855,0.82,0.523,0.488,1.836,1.842,1.956,1.956,11.81,80.902,104154500.0
1.68,10.0,0.856,0.821,0.524,0.489,1.835,1.841,1.956,1.956,11.8,80.879,104778200.0
1.69,10.0,0.857,0.822,0.525,0.49,1.834,1.84,1.955,1.955,11.79,80.856,105401900.0
1.7,10.0,0.858,0.823,0.527,0.491,1.833,1.839,1.954,1.954,11.78,80.833,106025600.0
1.71,10.0,0.859,0.824,0.528,0.492,1.832,1.838,1.953,1.953,11.77,80.81,106649200.0
1.72,10.0,0.86,0.825,0.529,0.493,1.831,1.837,1.953,1.953,11.76,80.787,107272900.0
1.73,10.0,0.861,0.826,0.53,0.494,1.83,1.836,1.952,1.952,11.75,80.764,107896600.0
1.74,10.0,0.862,0.827,0.532,0.496,1.829,1.835,1.951,1.951,11.74,80.742,108520300.0
1.75,10.0,0.864,0.828,0.533,0.497,1.828,1.834,1.95,1.95,11.73,80.72,109144000.0
1.76,10.0,0.865,0.83,0.534,0.499,1.827,1.833,1.95,1.95,11.72,80.698,109767600.0
1.77,10.0,0.866,0.831,0.536,0.5,1.826,1.832,1.949,1.949,11.71,80.676,110391300.0
1.78,10.0,0.868,0.832,0.538,0.502,1.825,1.831,1.948,1.948,11.7,80.654,111015000.0
1.79,10.0,0.869,0.834,0.539,0.503,1.824,1.83,1.947,1.947,11.69,80.633,111638700.0
1.8,10.0,0.871,0.835,0.541,0.505,1.823,1.829,1.947,1.947,11.68,80.612,112262400.0
1.81,10.0,0.872,0.837,0.543,0.507,1.822,1.828,1.946,1.946,11.67,80.59,112886000.0
1.82,10.0,0.874,0.839,0.545,0.509,1.821,1.827,1.945,1.945,11.66,80.569,113509700.0
1.83,10.0,0.876,0.841,0.547,0.511,1.82,1.826,1.944,1.944,11.65,80.549,114133400.0
1.84,10.0,0.878,0.842,0.549,0.513,1.819,1.825,1.943,1.943,11.64,80.528,114757100.0
1.85,10.0,0.88,0.844,0.551,0.515,1.818,1.824,1.943,1.943,11.63,80.507,115380800.0
1.86,10.0,0.882,0.846,0.553,0.517,1.816,1.823,1.942,1.942,11.62,80.487,116004400.0
1.87,10.0,0.884,0.848,0.555,0.519,1.815,1.821,1.941,1.941,11.61,80.467,116628100.0
1.88,10.0,0.886,0.85,0.557,0.521,1.814,1.82,1.94,1.94,11.6,80.447,117251800.0
1.89,10.0,0.888,0.853,0.56,0.524,1.813,1.819,1.94,1.94,11.59,80.427,117875500.0
1.9,10.0,0.89,0.855,0.562,0.526,1.812,1.818,1.939,1.939,11.58,80.407,118499200.0
1.91,10.0,0.892,0.857,0.564,0.529,1.811,1.817,1.938,1.938,11.57,80.387,119122800.0
1.92,10.0,0.895,0.859,0.567,0.531,1.809,1.816,1.937,1.937,11.56,80.368,119746500.0
1.93,10.0,0.897,0.862,0.57,0.534,1.808,1.814,1.936,1.936,11.55,80.349,120370200.0
1.94,10.0,0.9,0.864,0.572,0.536,1.807,1.813,1.936,1.936,11.54,80.329,120993900.0
1.95,10.0,0.902,0.867,0.575,0.539,1.806,1.812,1.935,1.935,11.53,80.31,121617600.0
1.96,10.0,0.905,0.869,0.578,0.542,1.804,1.811,1.934,1.934,11.52,80.291,122241200.0
1.97,10.0,0.907,0.872,0.581,0.545,1.803,1.809,1.933,1.933,11.51,80.273,122864900.0
1.98,10.0,0.91,0.875,0.583,0.547,1.802,1.808,1.932,1.932,11.5,80.254,123488600.0
1.99,10.0,0.913,0.877,0.586,0.55,1.8,1.807,1.932,1.932,11.49,80.235,124112300.0
2.0,10.0,0.916,0.88,0.59,0.553,1.799,1.805,1.931,1.931,11.48,80.217,124736000.0
2.01,10.0,0.919,0.883,0.593,0.557,1.798,1.804,1.93,1.93,11.47,80.199,125359600.0
2.02,10.0,0.922,0.886,0.596,0.56,1.796,1.803,1.929,1.929,11.46,80.181,125983300.0
2.03,10.0,0.925,0.889,0.6,0.563,1.795,1.801,1.928,1.928,11.45,80.163,126607000.0
2.04,10.0,0.929,0.893,0.603,0.566,1.794,1.8,1.928,1.928,11.44,80.145,127230700.0
2.05,10.0,0.932,0.896,0.607,0.57,1.792,1.799,1.927,1.927,11.43,80.127,127854400.0
2.06,10.0,0.935,0.899,0.61,0.573,1.791,1.797,1.926,1.926,11.42,80.109,128478000.0
2.07,10.0,0.939,0.903,0.614,0.577,1.789,1.796,1.925,1.925,11.41,80.092,129101700.0
2.08,10.0,0.942,0.906,0.618,0.581,1.788,1.794,1.924,1.924,11.4,80.074,129725400.0
2.09,10.0,0.946,0.91,0.622,0.585,1.786,1.793,1.924,1.924,11.39,80.057,130349100.0
2.1,10.0,0.95,0.913,0.625,0.588,1.785,1.791,1.923,1.923,11.38,80.04,130972800.0
2.11,10.0,0.954,0.917,0.629,0.592,1.783,1.79,1.922,1.922,11.37,80.023,131596400.0
2.12,10.0,0.957,0.921,0.634,0.596,1.782,1.788,1.921,1.921,11.36,80.006,132220100.0
2.13,10.0,0.961,0.925,0.638,0.6,1.78,1.787,1.92,1.92,11.35,79.99,132843800.0
2.14,10.0,0.965,0.928,0.642,0.604,1.779,1.785,1.919,1.919,11.34,79.973,133467500.0
2.15,10.0,0.969,0.932,0.646,0.609,1.777,1.784,1.919,1.919,11.33,79.956,134091200.0
2.16,10.0,0.967,0.93,0.644,0.607,1.774,1.781,1.915,1.915,11.3,79.913,134714800.0
2.17,10.0,0.964,0.927,0.641,0.604,1.772,1.778,1.912,1.912,11.28,79.865,135338500.0
2.18,10.0,0.96,0.923,0.639,0.601,1.768,1.775,1.908,1.908,11.25,79.816,135962200.0
2.19,10.0,0.957,0.92,0.636,0.598,1.765,1.772,1.905,1.905,11.23,79.765,136585900.0
2.2,10.0,0.954,0.916,0.633,0.595,1.762,1.769,1.901,1.901,11.2,79.714,137209600.0
2.21,10.0,0.95,0.913,0.631,0.592,1.759,1.765,1.897,1.897,11.17,79.662,137833200.0
2.22,10.0,0.947,0.91,0.628,0.59,1.756,1.762,1.893,1.893,11.14,79.609,138456900.0
2.23,10.0,0.944,0.906,0.625,0.587,1.752,1.759,1.889,1.889,11.12,79.556,139080600.0
2.24,10.0,0.941,0.903,0.623,0.584,1.749,1.755,1.885,1.885,11.09,79.501,139704300.0
2.25,10.0,0.937,0.899,0.62,0.582,1.745,1.752,1.881,1.881,11.06,79.446,140328000.0
2.26,10.0,0.934,0.896,0.618,0.579,1.742,1.748,1.877,1.877,11.03,79.39,140951600.0
2.27,10.0,0.931,0.893,0.615,0.576,1.738,1.745,1.873,1.873,11.0,79.334,141575300.0
2.28,10.0,0.928,0.89,0.612,0.574,1.734,1.741,1.869,1.869,10.97,79.277,142199000.0
2.29,10.0,0.925,0.886,0.61,0.571,1.731,1.738,1.866,1.866,10.94,79.206,142822700.0
2.3,10.0,0.922,0.883,0.607,0.569,1.729,1.735,1.862,1.862,10.92,79.125,143446400.0
2.31,10.0,0.92,0.881,0.605,0.566,1.733,1.739,1.866,1.866,10.9,78.959,144070000.0
2.32,10.0,0.919,0.88,0.603,0.563,1.74,1.747,1.873,1.873,10.87,78.749,144693700.0
2.33,10.0,0.918,0.879,0.6,0.561,1.748,1.755,1.88,1.88,10.85,78.541,145317400.0
2.34,10.0,0.916,0.878,0.598,0.558,1.755,1.762,1.888,1.888,10.82,78.334,145941100.0
2.35,10.0,0.915,0.877,0.595,0.556,1.763,1.77,1.895,1.895,10.8,78.129,146564800.0
2.36,10.0,0.914,0.875,0.593,0.553,1.77,1.777,1.902,1.902,10.77,77.925,147188400.0
2.37,10.0,0.913,0.874,0.591,0.551,1.778,1.785,1.909,1.909,10.75,77.723,147812100.0
2.38,10.0,0.912,0.873,0.588,0.549,1.785,1.792,1.917,1.917,10.72,77.522,148435800.0
2.39,10.0,0.911,0.872,0.586,0.546,1.793,1.8,1.924,1.924,10.7,77.323,149059500.0
2.4,10.0,0.91,0.871,0.584,0.544,1.8,1.807,1.931,1.931,10.67,77.126,149683200.0
2.41,10.0,0.909,0.87,0.581,0.541,1.808,1.815,1.938,1.938,10.65,76.93,150306800.0
2.42,10.0,0.908,0.869,0.579,0.539,1.815,1.822,1.945,1.945,10.62,76.736,150930500.0
2.43,10.0,0.907,0.868,0.577,0.537,1.823,1.83,1.952,1.952,10.6,76.544,151554200.0
2.44,10.0,0.906,0.867,0.575,0.534,1.83,1.837,1.96,1.96,10.57,76.353,152177900.0
2.45,10.0,0.905,0.866,0.573,0.532,1.837,1.844,1.967,1.967,10.55,76.163,152801600.0
2.46,10.0,0.904,0.865,0.57,0.53,1.845,1.852,1.974,1.974,10.52,75.975,153425200.0
2.47,10.0,0.904,0.864,0.568,0.528,1.852,1.859,1.981,1.981,10.5,75.789,154048900.0
2.48,10.0,0.903,0.863,0.566,0.526,1.86,1.867,1.988,1.988,10.47,75.605,154672600.0
2.49,10.0,0.902,0.863,0.564,0.524,1.867,1.874,1.995,1.995,10.45,75.422,155296300.0
2.5,10.0,0.901,0.862,0.562,0.522,1.874,1.881,2.002,2.002,10.42,75.24,155920000.0
2.51,10.0,0.9,0.861,0.56,0.52,1.882,1.889,2.01,2.01,10.4,75.06,156543600.0
2.52,10.0,0.899,0.861,0.558,0.519,1.889,1.896,2.017,2.017,10.37,74.882,157167300.0
2.53,10.0,0.898,0.86,0.555,0.517,1.897,1.904,2.024,2.024,10.35,74.705,157791000.0
2.54,10.0,0.898,0.86,0.553,0.515,1.904,1.911,2.031,2.031,10.32,74.53,158414700.0
2.55,10.0,0.897,0.859,0.551,0.513,1.912,1.918,2.038,2.038,10.3,74.356,159038400.0
2.56,10.0,0.896,0.858,0.549,0.511,1.919,1.926,2.046,2.046,10.27,74.184,159662000.0
2.57,10.0,0.895,0.858,0.547,0.509,1.927,1.933,2.053,2.053,10.25,74.014,160285700.0
2.58,10.0,0.895,0.857,0.545,0.507,1.934,1.941,2.06,2.06,10.22,73.845,160909400.0
2.59,10.0,0.894,0.857,0.543,0.506,1.941,1.948,2.067,2.067,10.2,73.677,161533100.0
2.6,10.0,0.893,0.856,0.541,0.504,1.949,1.955,2.074,2.074,10.18,73.511,162156700.0
2.61,10.0,0.893,0.856,0.539,0.502,1.956,1.963,2.082,2.082,10.15,73.347,162780400.0
2.62,10.0,0.892,0.855,0.537,0.5,1.964,1.97,2.089,2.089,10.13,73.184,163404100.0
2.63,10.0,0.891,0.855,0.535,0.499,1.971,1.978,2.096,2.096,10.1,73.023,164027800.0
2.64,10.0,0.891,0.855,0.534,0.497,1.979,1.985,2.104,2.104,10.08,72.863,164651500.0
2.65,10.0,0.89,0.854,0.532,0.495,1.986,1.993,2.111,2.111,10.05,72.704,165275200.0
2.66,10.0,0.89,0.854,0.53,0.493,1.994,2.0,2.118,2.118,10.03,72.548,165898800.0
2.67,10.0,0.889,0.853,0.528,0.492,2.002,2.008,2.126,2.126,10.01,72.392,166522500.0
2.68,10.0,0.888,0.853,0.526,0.49,2.009,2.015,2.133,2.133,9.98,72.238,167146200.0
2.69,10.0,0.888,0.853,0.524,0.488,2.017,2.023,2.14,2.14,9.96,72.086,167769900.0
2.7,10.0,0.887,0.852,0.522,0.487,2.024,2.031,2.148,2.148,9.93,71.935,168393600.0
2.71,10.0,0.887,0.852,0.52,0.485,2.032,2.038,2.155,2.155,9.91,71.785,169017200.0
2.72,10.0,0.886,0.852,0.519,0.483,2.04,2.046,2.162,2.162,9.89,71.637,169640900.0
2.73,10.0,0.886,0.851,0.517,0.482,2.047,2.053,2.17,2.17,9.86,71.49,170264600.0
2.74,10.0,0.885,0.851,0.515,0.48,2.055,2.061,2.177,2.177,9.84,71.344,170888300.0
2.75,10.0,0.885,0.851,0.513,0.479,2.062,2.069,2.185,2.185,9.82,71.2,171512000.0
2.76,10.0,0.884,0.85,0.511,0.477,2.07,2.076,2.192,2.192,9.79,71.058,172135600.0
2.77,10.0,0.884,0.85,0.51,0.475,2.078,2.084,2.2,2.2,9.77,70.917,172759300.0
2.78,10.0,0.884,0.85,0.508,0.474,2.086,2.091,2.207,2.207,9.75,70.777,173383000.0
2.79,10.0,0.883,0.85,0.506,0.472,2.093,2.099,2.215,2.215,9.72,70.638,174006700.0
2.8,10.0,0.883,0.85,0.505,0.471,2.101,2.107,2.222,2.222,9.7,70.501,174630300.0
2.81,10.0,0.882,0.849,0.503,0.469,2.109,2.115,2.23,2.23,9.68,70.365,175254000.0
2.82,10.0,0.882,0.849,0.501,0.468,2.116,2.122,2.237,2.237,9.66,70.231,175877700.0
2.83,10.0,0.882,0.849,0.499,0.466,2.124,2.13,2.245,2.245,9.63,70.098,176501400.0
2.84,10.0,0.881,0.849,0.498,0.465,2.132,2.138,2.253,2.253,9.61,69.966,177125100.0
2.85,10.0,0.881,0.849,0.496,0.463,2.14,2.146,2.26,2.26,9.59,69.836,177748700.0
2.86,10.0,0.881,0.849,0.494,0.462,2.148,2.153,2.268,2.268,9.57,69.706,178372400.0
2.87,10.0,0.88,0.848,0.493,0.46,2.156,2.161,2.276,2.276,9.54,69.579,178996100.0
2.88,10.0,0.88,0.848,0.491,0.459,2.163,2.169,2.283,2.283,9.52,69.454,179619800.0
2.89,10.0,0.878,0.847,0.489,0.457,2.162,2.167,2.281,2.281,9.5,69.384,180243500.0
2.9,10.0,0.876,0.845,0.488,0.456,2.16,2.166,2.28,2.28,9.48,69.313,180867200.0
2.91,10.0,0.874,0.843,0.486,0.455,2.159,2.164,2.278,2.278,9.46,69.243,181490800.0
2.92,10.0,0.873,0.842,0.485,0.453,2.158,2.163,2.276,2.276,9.43,69.172,182114500.0
2.93,10.0,0.871,0.84,0.483,0.452,2.156,2.162,2.275,2.275,9.41,69.103,182738200.0
2.94,10.0,0.869,0.838,0.482,0.45,2.155,2.16,2.273,2.273,9.39,69.033,183361900.0
2.95,10.0,0.867,0.837,0.48,0.449,2.154,2.159,2.272,2.272,9.37,68.964,183985500.0
2.96,10.0,0.865,0.835,0.478,0.448,2.152,2.158,2.27,2.27,9.35,68.895,184609200.0
2.97,10.0,0.864,0.833,0.477,0.446,2.151,2.157,2.269,2.269,9.33,68.826,185232900.0
2.98,10.0,0.862,0.832,0.475,0.445,2.15,2.155,2.267,2.267,9.31,68.758,185856600.0
2.99,10.0,0.86,0.83,0.474,0.444,2.149,2.154,2.266,2.266,9.29,68.689,186480300.0
3.0,10.0,0.858,0.829,0.472,0.442,2.148,2.153,2.264,2.264,9.26,68.622,187103900.0
3.01,10.0,0.857,0.827,0.471,0.441,2.147,2.152,2.263,2.263,9.24,68.554,187727600.0
3.02,10.0,0.855,0.826,0.469,0.44,2.146,2.151,2.261,2.261,9.22,68.487,188351300.0
3.03,10.0,0.853,0.824,0.468,0.438,2.144,2.15,2.26,2.26,9.2,68.42,188975000.0
3.04,10.0,0.852,0.822,0.467,0.437,2.143,2.149,2.259,2.259,9.18,68.353,189598700.0
3.05,10.0,0.85,0.821,0.465,0.436,2.142,2.148,2.257,2.257,9.16,68.286,190222300.0
3.06,10.0,0.848,0.819,0.464,0.434,2.141,2.146,2.256,2.256,9.14,68.22,190846000.0
3.07,10.0,0.847,0.818,0.462,0.433,2.14,2.145,2.255,2.255,9.12,68.154,191469700.0
3.08,10.0,0.845,0.817,0.461,0.432,2.139,2.144,2.254,2.254,9.1,68.089,192093400.0
3.09,10.0,0.844,0.815,0.46,0.43,2.138,2.144,2.252,2.252,9.08,68.024,192717100.0
3.1,10.0,0.842,0.814,0.458,0.429,2.138,2.143,2.251,2.251,9.06,67.959,193340700.0
3.11,10.0,0.841,0.812,0.457,0.428,2.137,2.142,2.25,2.25,9.04,67.894,193964400.0
3.12,10.0,0.839,0.811,0.456,0.427,2.136,2.141,2.249,2.249,9.02,67.83,194588100.0
3.13,10.0,0.838,0.809,0.454,0.425,2.135,2.14,2.248,2.248,9.0,67.766,195211800.0
3.14,10.0,0.836,0.808,0.453,0.424,2.134,2.139,2.247,2.247,8.98,67.702,195835500.0
3.15,10.0,0.835,0.806,0.452,0.423,2.133,2.138,2.246,2.246,8.96,67.638,196459100.0
3.16,10.0,0.833,0.805,0.45,0.422,2.132,2.137,2.245,2.245,8.94,67.575,197082800.0
3.17,10.0,0.832,0.804,0.449,0.421,2.132,2.137,2.244,2.244,8.92,67.512,197706500.0
3.18,10.0,0.83,0.802,0.448,0.419,2.131,2.136,2.243,2.243,8.9,67.45,198330200.0
3.19,10.0,0.829,0.801,0.446,0.418,2.13,2.135,2.242,2.242,8.89,67.387,198953900.0
3.2,10.0,0.827,0.8,0.445,0.417,2.129,2.134,2.241,2.241,8.87,67.325,199577500.0
3.21,10.0,0.826,0.798,0.444,0.416,2.129,2.134,2.24,2.24,8.85,67.264,200201200.0
3.22,10.0,0.825,0.797,0.442,0.415,2.128,2.133,2.239,2.239,8.83,67.202,200824900.0
3.23,10.0,0.823,0.796,0.441,0.413,2.127,2.132,2.238,2.238,8.81,67.141,201448600.0
3.24,10.0,0.822,0.794,0.44,0.412,2.127,2.132,2.237,2.237,8.79,67.081,202072300.0
3.25,10.0,0.82,0.793,0.439,0.411,2.126,2.131,2.236,2.236,8.77,67.02,202695900.0
3.26,10.0,0.819,0.792,0.437,0.41,2.126,2.13,2.236,2.236,8.75,66.96,203319600.0
3.27,10.0,0.818,0.791,0.436,0.409,2.125,2.13,2.235,2.235,8.74,66.9,203943300.0
3.28,10.0,0.816,0.789,0.435,0.408,2.125,2.129,2.234,2.234,8.72,66.841,204567000.0
3.29,10.0,0.815,0.788,0.434,0.407,2.124,2.129,2.233,2.233,8.7,66.781,205190700.0
3.3,10.0,0.814,0.787,0.433,0.405,2.124,2.128,2.233,2.233,8.68,66.722,205814300.0
3.31,10.0,0.812,0.786,0.431,0.404,2.123,2.128,2.232,2.232,8.66,66.664,206438000.0
3.32,10.0,0.811,0.784,0.43,0.403,2.123,2.127,2.231,2.231,8.65,66.605,207061700.0
3.33,10.0,0.81,0.783,0.429,0.402,2.122,2.127,2.231,2.231,8.63,66.547,207685400.0
3.34,10.0,0.808,0.782,0.428,0.401,2.122,2.126,2.23,2.23,8.61,66.49,208309000.0
3.35,10.0,0.807,0.781,0.427,0.4,2.121,2.126,2.229,2.229,8.59,66.432,208932700.0
3.36,10.0,0.806,0.78,0.425,0.399,2.121,2.126,2.229,2.229,8.57,66.375,209556400.0
3.37,10.0,0.805,0.779,0.424,0.398,2.121,2.125,2.228,2.228,8.56,66.318,210180100.0
3.38,10.0,0.803,0.777,0.423,0.397,2.12,2.125,2.228,2.228,8.54,66.262,210803800.0
3.39,10.0,0.802,0.776,0.422,0.396,2.12,2.125,2.227,2.227,8.52,66.205,211427500.0
3.4,10.0,0.801,0.775,0.421,0.395,2.12,2.124,2.227,2.227,8.5,66.149,212051100.0
3.41,10.0,0.8,0.774,0.42,0.393,2.119,2.124,2.226,2.226,8.49,66.094,212674800.0
3.42,10.0,0.799,0.773,0.418,0.392,2.119,2.124,2.226,2.226,8.47,66.038,213298500.0
3.43,10.0,0.797,0.772,0.417,0.391,2.119,2.123,2.225,2.225,8.45,65.983,213922200.0
3.44,10.0,0.796,0.771,0.416,0.39,2.119,2.124,2.225,2.225,8.44,65.929,214545900.0
3.45,10.0,0.795,0.77,0.415,0.389,2.119,2.123,2.225,2.225,8.42,65.871,215169500.0
3.46,10.0,0.794,0.768,0.414,0.388,2.118,2.122,2.223,2.223,8.41,65.82,215793200.0
3.47,10.0,0.792,0.767,0.413,0.387,2.116,2.12,2.221,2.221,8.39,65.77,216416900.0
3.48,10.0,0.791,0.766,0.412,0.386,2.114,2.119,2.22,2.22,8.37,65.72,217040600.0
3.49,10.0,0.789,0.765,0.411,0.385,2.113,2.117,2.218,2.218,8.36,65.671,217664300.0
3.5,10.0,0.788,0.763,0.41,0.384,2.111,2.116,2.216,2.216,8.34,65.621,218287900.0
3.51,10.0,0.787,0.762,0.408,0.383,2.11,2.114,2.214,2.214,8.33,65.572,218911600.0
3.52,10.0,0.785,0.761,0.407,0.382,2.108,2.113,2.213,2.213,8.31,65.523,219535300.0
3.53,10.0,0.784,0.759,0.406,0.381,2.107,2.111,2.211,2.211,8.3,65.474,220159000.0
3.54,10.0,0.783,0.758,0.405,0.38,2.105,2.11,2.209,2.209,8.28,65.426,220782600.0
3.55,10.0,0.781,0.757,0.404,0.379,2.104,2.108,2.208,2.208,8.27,65.377,221406300.0
3.56,10.0,0.78,0.756,0.403,0.378,2.102,2.107,2.206,2.206,8.25,65.329,222030000.0
3.57,10.0,0.779,0.754,0.402,0.377,2.101,2.105,2.204,2.204,8.24,65.281,222653700.0
3.58,10.0,0.777,0.753,0.401,0.376,2.1,2.104,2.203,2.203,8.22,65.234,223277400.0
3.59,10.0,0.776,0.752,0.4,0.376,2.098,2.102,2.201,2.201,8.21,65.186,223901000.0
3.6,10.0,0.775,0.751,0.399,0.375,2.097,2.101,2.199,2.199,8.2,65.139,224524700.0
3.61,10.0,0.773,0.75,0.398,0.374,2.095,2.1,2.198,2.198,8.19,65.092,225148400.0
3.62,10.0,0.772,0.748,0.397,0.373,2.094,2.098,2.196,2.196,8.18,65.045,225772100.0
3.63,10.0,0.771,0.747,0.396,0.372,2.093,2.097,2.195,2.195,8.17,64.999,226395800.0
3.64,10.0,0.77,0.746,0.395,0.371,2.091,2.095,2.193,2.193,8.16,64.952,227019500.0
3.65,10.0,0.768,0.745,0.394,0.37,2.09,2.094,2.192,2.192,8.15,64.906,227643100.0
3.66,10.0,0.767,0.744,0.393,0.369,2.089,2.093,2.19,2.19,8.15,64.86,228266800.0
3.67,10.0,0.766,0.743,0.392,0.368,2.087,2.091,2.189,2.189,8.14,64.814,228890500.0
3.68,10.0,0.765,0.741,0.391,0.367,2.086,2.09,2.187,2.187,8.13,64.769,229514200.0
3.69,10.0,0.763,0.74,0.39,0.366,2.085,2.089,2.186,2.186,8.12,64.724,230137900.0
3.7,10.0,0.762,0.739,0.389,0.365,2.083,2.087,2.184,2.184,8.11,64.679,230761500.0
3.71,10.0,0.761,0.738,0.388,0.365,2.082,2.086,2.183,2.183,8.1,64.634,231385200.0
3.72,10.0,0.76,0.737,0.387,0.364,2.081,2.085,2.181,2.181,8.1,64.589,232008900.0
3.73,10.0,0.758,0.736,0.386,0.363,2.08,2.084,2.18,2.18,8.09,64.545,232632600.0
3.74,10.0,0.757,0.735,0.385,0.362,2.078,2.082,2.178,2.178,8.08,64.5,233256200.0
3.75,10.0,0.756,0.734,0.384,0.361,2.077,2.081,2.177,2.177,8.07,64.456,233879900.0
3.76,10.0,0.755,0.733,0.383,0.36,2.076,2.08,2.176,2.176,8.06,64.413,234503600.0
3.77,10.0,0.754,0.731,0.382,0.359,2.075,2.079,2.174,2.174,8.06,64.369,235127300.0
3.78,10.0,0.753,0.73,0.381,0.359,2.074,2.078,2.173,2.173,8.05,64.326,235751000.0
3.79,10.0,0.751,0.729,0.38,0.358,2.072,2.076,2.171,2.171,8.04,64.283,236374600.0
3.8,10.0,0.75,0.728,0.379,0.357,2.071,2.075,2.17,2.17,8.03,64.24,236998300.0
3.81,10.0,0.749,0.727,0.378,0.356,2.07,2.074,2.169,2.169,8.02,64.197,237622000.0
3.82,10.0,0.748,0.726,0.377,0.355,2.069,2.073,2.167,2.167,8.02,64.154,238245700.0
3.83,10.0,0.747,0.725,0.376,0.354,2.068,2.072,2.166,2.166,8.01,64.112,238869400.0
3.84,10.0,0.746,0.724,0.375,0.353,2.067,2.071,2.165,2.165,8.0,64.07,239493000.0
3.85,10.0,0.745,0.723,0.375,0.353,2.066,2.069,2.164,2.164,7.99,64.028,240116700.0
3.86,10.0,0.743,0.722,0.374,0.352,2.064,2.068,2.162,2.162,7.99,63.986,240740400.0
3.87,10.0,0.742,0.721,0.373,0.351,2.063,2.067,2.161,2.161,7.98,63.945,241364100.0
3.88,10.0,0.741,0.72,0.372,0.35,2.062,2.066,2.16,2.16,7.97,63.904,241987800.0
3.89,10.0,0.74,0.719,0.371,0.349,2.061,2.065,2.158,2.158,7.97,63.862,242611500.0
3.9,10.0,0.739,0.718,0.37,0.348,2.06,2.064,2.157,2.157,7.96,63.822,243235100.0
3.91,10.0,0.738,0.717,0.369,0.348,2.059,2.063,2.156,2.156,7.95,63.781,243858800.0
3.92,10.0,0.737,0.716,0.368,0.347,2.058,2.062,2.155,2.155,7.94,63.74,244482500.0
3.93,10.0,0.736,0.715,0.367,0.346,2.057,2.061,2.154,2.154,7.94,63.7,245106200.0
3.94,10.0,0.735,0.714,0.366,0.345,2.056,2.06,2.152,2.152,7.93,63.66,245729800.0
3.95,10.0,0.734,0.713,0.366,0.344,2.055,2.059,2.151,2.151,7.92,63.62,246353500.0
3.96,10.0,0.733,0.712,0.365,0.344,2.054,2.058,2.15,2.15,7.92,63.581,246977200.0
3.97,10.0,0.732,0.711,0.364,0.343,2.053,2.057,2.149,2.149,7.91,63.541,247600900.0
3.98,10.0,0.73,0.71,0.363,0.342,2.052,2.056,2.148,2.148,7.9,63.502,248224600.0
3.99,10.0,0.729,0.709,0.362,0.341,2.051,2.055,2.147,2.147,7.9,63.463,248848200.0
4.0,10.0,0.728,0.708,0.361,0.34,2.05,2.054,2.146,2.146,7.89,63.424,249471900.0
4.01,10.0,0.727,0.707,0.36,0.34,2.049,2.053,2.144,2.144,7.88,63.385,250095600.0
4.02,10.0,0.726,0.706,0.36,0.339,2.048,2.052,2.143,2.143,7.88,63.347,250719300.0
4.03,10.0,0.725,0.705,0.359,0.338,2.047,2.051,2.142,2.142,7.87,63.308,251343000.0
4.04,10.0,0.724,0.704,0.358,0.337,2.046,2.05,2.141,2.141,7.87,63.27,251966600.0
4.05,10.0,0.723,0.703,0.357,0.336,2.046,2.049,2.14,2.14,7.86,63.233,252590300.0
4.06,10.0,0.722,0.702,0.356,0.336,2.045,2.048,2.139,2.139,7.85,63.195,253214000.0
4.07,10.0,0.721,0.701,0.355,0.335,2.044,2.047,2.138,2.138,7.85,63.157,253837700.0
4.08,10.0,0.72,0.7,0.355,0.334,2.043,2.046,2.137,2.137,7.84,63.12,254461400.0
4.09,10.0,0.719,0.699,0.354,0.333,2.042,2.046,2.136,2.136,7.84,63.083,255085000.0
4.1,10.0,0.718,0.698,0.353,0.333,2.041,2.045,2.135,2.135,7.83,63.046,255708700.0
4.11,10.0,0.717,0.697,0.352,0.332,2.04,2.044,2.134,2.134,7.82,63.009,256332400.0
4.12,10.0,0.716,0.697,0.351,0.331,2.039,2.043,2.133,2.133,7.82,62.973,256956100.0
4.13,10.0,0.715,0.696,0.351,0.33,2.039,2.042,2.132,2.132,7.81,62.937,257579800.0
4.14,10.0,0.715,0.695,0.35,0.33,2.038,2.041,2.131,2.131,7.81,62.9,258203400.0
4.15,10.0,0.714,0.694,0.349,0.329,2.037,2.04,2.13,2.13,7.8,62.865,258827100.0
4.16,10.0,0.713,0.693,0.348,0.328,2.036,2.04,2.129,2.129,7.8,62.829,259450800.0
4.17,10.0,0.712,0.692,0.347,0.328,2.035,2.039,2.128,2.128,7.79,62.793,260074500.0
4.18,10.0,0.711,0.691,0.347,0.327,2.034,2.038,2.127,2.127,7.78,62.758,260698100.0
4.19,10.0,0.71,0.69,0.346,0.326,2.034,2.037,2.126,2.126,7.78,62.723,261321800.0
4.2,10.0,0.709,0.689,0.345,0.325,2.033,2.036,2.125,2.125,7.77,62.688,261945500.0
4.21,10.0,0.708,0.689,0.344,0.325,2.032,2.036,2.124,2.124,7.77,62.653,262569200.0
4.22,10.0,0.707,0.688,0.344,0.324,2.031,2.035,2.123,2.123,7.76,62.618,263192900.0
4.23,10.0,0.706,0.687,0.343,0.323,2.03,2.034,2.122,2.122,7.76,62.586,263816600.0
4.24,10.0,0.705,0.686,0.342,0.323,2.028,2.032,2.12,2.12,7.75,62.563,264440200.0
4.25,10.0,0.704,0.685,0.341,0.322,2.027,2.03,2.118,2.118,7.73,62.541,265063900.0
4.26,10.0,0.703,0.684,0.34,0.321,2.025,2.028,2.116,2.116,7.72,62.519,265687600.0
4.27,10.0,0.702,0.683,0.34,0.32,2.023,2.026,2.114,2.114,7.71,62.498,266311300.0
4.28,10.0,0.701,0.682,0.339,0.32,2.021,2.024,2.112,2.112,7.7,62.476,266935000.0
4.29,10.0,0.699,0.681,0.338,0.319,2.019,2.022,2.11,2.11,7.69,62.454,267558600.0
4.3,10.0,0.698,0.68,0.337,0.318,2.017,2.021,2.108,2.108,7.68,62.432,268182300.0
4.31,10.0,0.697,0.679,0.337,0.318,2.015,2.019,2.106,2.106,7.66,62.41,268806000.0
4.32,10.0,0.696,0.678,0.336,0.317,2.014,2.017,2.104,2.104,7.65,62.388,269429700.0
4.33,10.0,0.695,0.677,0.335,0.316,2.012,2.015,2.102,2.102,7.64,62.367,270053300.0
4.34,10.0,0.694,0.676,0.335,0.316,2.01,2.013,2.1,2.1,7.63,62.345,270677100.0
4.35,10.0,0.693,0.675,0.334,0.315,2.008,2.011,2.098,2.098,7.62,62.324,271300700.0
4.36,10.0,0.692,0.674,0.333,0.314,2.006,2.009,2.096,2.096,7.61,62.302,271924400.0
4.37,10.0,0.691,0.673,0.332,0.314,2.004,2.008,2.094,2.094,7.6,62.28,272548100.0
4.38,10.0,0.69,0.672,0.332,0.313,2.003,2.006,2.092,2.092,7.58,62.259,273171700.0
4.39,10.0,0.689,0.671,0.331,0.312,2.001,2.004,2.09,2.09,7.57,62.238,273795400.0
4.4,10.0,0.688,0.67,0.33,0.312,1.999,2.002,2.088,2.088,7.56,62.216,274419100.0
4.41,10.0,0.687,0.669,0.33,0.311,1.997,2.0,2.086,2.086,7.55,62.195,275042800.0
4.42,10.0,0.686,0.668,0.329,0.311,1.995,1.999,2.084,2.084,7.54,62.174,275666500.0
4.43,10.0,0.685,0.667,0.328,0.31,1.994,1.997,2.082,2.082,7.53,62.152,276290100.0
4.44,10.0,0.684,0.666,0.327,0.309,1.992,1.995,2.08,2.08,7.52,62.131,276913800.0
4.45,10.0,0.683,0.665,0.327,0.309,1.99,1.993,2.078,2.078,7.51,62.11,277537500.0
4.46,10.0,0.682,0.664,0.326,0.308,1.988,1.991,2.077,2.077,7.5,62.089,278161200.0
4.47,10.0,0.681,0.663,0.325,0.308,1.987,1.99,2.075,2.075,7.49,62.068,278784900.0
4.48,10.0,0.68,0.662,0.325,0.307,1.985,1.988,2.073,2.073,7.47,62.047,279408500.0
4.49,10.0,0.679,0.661,0.324,0.306,1.983,1.986,2.071,2.071,7.46,62.026,280032200.0
4.5,10.0,0.678,0.66,0.323,0.306,1.981,1.984,2.069,2.069,7.45,62.005,280655900.0
4.51,10.0,0.677,0.659,0.323,0.305,1.98,1.983,2.067,2.067,7.44,61.984,281279600.0
4.52,10.0,0.676,0.659,0.322,0.305,1.978,1.981,2.065,2.065,7.43,61.963,281903300.0
4.53,10.0,0.675,0.658,0.321,0.304,1.976,1.979,2.063,2.063,7.42,61.942,282527000.0
4.54,10.0,0.674,0.657,0.321,0.303,1.975,1.978,2.062,2.062,7.41,61.922,283150600.0
4.55,10.0,0.673,0.656,0.32,0.303,1.973,1.976,2.06,2.06,7.4,61.901,283774300.0
4.56,10.0,0.672,0.655,0.319,0.302,1.971,1.974,2.058,2.058,7.39,61.88,284398000.0
4.57,10.0,0.671,0.654,0.319,0.302,1.97,1.972,2.056,2.056,7.38,61.86,285021700.0
4.58,10.0,0.67,0.653,0.318,0.301,1.968,1.971,2.054,2.054,7.37,61.839,285645300.0
4.59,10.0,0.669,0.652,0.317,0.3,1.966,1.969,2.052,2.052,7.36,61.818,286269000.0
4.6,10.0,0.668,0.651,0.317,0.3,1.965,1.967,2.051,2.051,7.35,61.798,286892700.0
4.61,10.0,0.666,0.65,0.316,0.299,1.96,1.963,2.046,2.046,7.34,61.785,287516400.0
4.62,10.0,0.665,0.649,0.315,0.299,1.958,1.96,2.043,2.043,7.33,61.767,288140100.0
4.63,10.0,0.664,0.648,0.315,0.298,1.955,1.958,2.041,2.041,7.32,61.749,288763700.0
4.64,10.0,0.663,0.647,0.314,0.298,1.953,1.956,2.038,2.038,7.31,61.731,289387400.0
4.65,10.0,0.662,0.646,0.313,0.297,1.95,1.953,2.036,2.036,7.3,61.713,290011100.0
4.66,10.0,0.661,0.645,0.313,0.296,1.948,1.951,2.033,2.033,7.29,61.695,290634800.0
4.67,10.0,0.66,0.644,0.312,0.296,1.945,1.948,2.03,2.03,7.28,61.677,291258500.0
4.68,10.0,0.659,0.643,0.311,0.295,1.943,1.946,2.028,2.028,7.27,61.659,291882100.0
4.69,10.0,0.658,0.642,0.311,0.295,1.94,1.943,2.025,2.025,7.26,61.641,292505800.0
4.7,10.0,0.657,0.641,0.31,0.294,1.938,1.941,2.023,2.023,7.25,61.623,293129500.0
4.71,10.0,0.656,0.64,0.309,0.294,1.936,1.938,2.02,2.02,7.24,61.605,293753200.0
4.72,10.0,0.655,0.639,0.309,0.293,1.933,1.936,2.018,2.018,7.23,61.587,294376900.0
4.73,10.0,0.653,0.638,0.308,0.292,1.931,1.934,2.015,2.015,7.22,61.569,295000500.0
4.74,10.0,0.652,0.637,0.308,0.292,1.929,1.931,2.013,2.013,7.21,61.551,295624200.0
4.75,10.0,0.651,0.636,0.307,0.291,1.926,1.929,2.01,2.01,7.2,61.533,296247900.0
4.76,10.0,0.65,0.635,0.306,0.291,1.924,1.927,2.008,2.008,7.19,61.516,296871600.0
4.77,10.0,0.649,0.634,0.306,0.29,1.921,1.924,2.005,2.005,7.18,61.498,297495300.0
4.78,10.0,0.648,0.633,0.305,0.29,1.919,1.922,2.003,2.003,7.17,61.48,298118900.0
4.79,10.0,0.647,0.632,0.305,0.289,1.917,1.919,2.0,2.0,7.16,61.462,298742600.0
4.8,10.0,0.646,0.631,0.304,0.289,1.914,1.917,1.998,1.998,7.15,61.445,299366300.0
4.81,10.0,0.645,0.63,0.303,0.288,1.912,1.915,1.995,1.995,7.14,61.427,299990000.0
4.82,10.0,0.644,0.629,0.303,0.288,1.91,1.912,1.993,1.993,7.13,61.409,300613700.0
4.83,10.0,0.643,0.628,0.302,0.287,1.908,1.91,1.99,1.99,7.12,61.392,301237300.0
4.84,10.0,0.642,0.627,0.301,0.287,1.905,1.908,1.988,1.988,7.11,61.374,301861000.0
4.85,10.0,0.641,0.626,0.301,0.286,1.903,1.906,1.985,1.985,7.1,61.356,302484700.0
4.86,10.0,0.64,0.625,0.3,0.285,1.901,1.903,1.983,1.983,7.09,61.339,303108400.0
4.87,10.0,0.639,0.625,0.3,0.285,1.898,1.901,1.981,1.981,7.08,61.321,303732100.0
4.88,10.0,0.638,0.624,0.299,0.284,1.896,1.899,1.978,1.978,7.07,61.304,304355700.0
4.89,10.0,0.637,0.623,0.299,0.284,1.894,1.897,1.976,1.976,7.06,61.286,304979400.0
4.9,10.0,0.636,0.622,0.298,0.283,1.892,1.894,1.973,1.973,7.05,61.269,305603100.0
4.91,10.0,0.635,0.621,0.297,0.283,1.89,1.892,1.971,1.971,7.04,61.251,306226800.0
4.92,10.0,0.634,0.62,0.297,0.282,1.887,1.89,1.969,1.969,7.03,61.234,306850500.0
4.93,10.0,0.633,0.619,0.296,0.282,1.885,1.888,1.966,1.966,7.03,61.216,307474100.0
4.94,10.0,0.632,0.618,0.296,0.281,1.883,1.885,1.964,1.964,7.02,61.199,308097800.0
4.95,10.0,0.631,0.617,0.295,0.281,1.881,1.883,1.962,1.962,7.01,61.181,308721500.0
4.96,10.0,0.63,0.616,0.294,0.28,1.879,1.881,1.959,1.959,7.0,61.164,309345200.0
4.97,10.0,0.629,0.615,0.294,0.28,1.876,1.879,1.957,1.957,6.99,61.147,309968800.0
4.98,10.0,0.628,0.614,0.293,0.279,1.874,1.877,1.955,1.955,6.98,61.129,310592500.0
4.99,10.0,0.627,0.614,0.293,0.279,1.872,1.874,1.953,1.953,6.97,61.112,311216200.0
5.0,10.0,0.626,0.613,0.292,0.278,1.87,1.872,1.95,1.95,6.96,61.095,311839900.0
