Mach,Alpha,CD,CD Power-Off,CD Power-On,CA Power-Off,CA Power-On,CL,CN,CN Potential,CN Viscous,CNalpha (0 to 4 deg) (per rad),CP,CP (0 to 4 deg),Reynolds Number
0.01,2.0,0.396,0.414,0.401,0.397,0.384,0.479,0.494,0.467,0.027,14.9,83.803,82.389,623680.0
0.02,2.0,0.404,0.421,0.408,0.404,0.391,0.479,0.494,0.467,0.027,14.9,83.803,82.389,1247360.0
0.03,2.0,0.395,0.412,0.399,0.395,0.382,0.479,0.494,0.467,0.027,14.9,83.803,82.389,1871039.0
0.04,2.0,0.385,0.403,0.39,0.386,0.373,0.48,0.494,0.467,0.027,14.9,83.803,82.389,2494719.0
0.05,2.0,0.377,0.394,0.381,0.377,0.364,0.48,0.494,0.467,0.027,14.9,83.803,82.389,3118399.0
0.06,2.0,0.374,0.392,0.379,0.375,0.362,0.48,0.494,0.467,0.027,14.9,83.803,82.389,3742079.0
0.07,2.0,0.372,0.39,0.377,0.373,0.36,0.48,0.494,0.467,0.027,14.9,83.803,82.389,4365758.0
0.08,2.0,0.37,0.388,0.375,0.371,0.358,0.48,0.494,0.467,0.027,14.9,83.803,82.389,4989438.0
0.09,2.0,0.368,0.386,0.373,0.369,0.356,0.48,0.494,0.467,0.027,14.9,83.803,82.389,5613118.0
0.1,2.0,0.367,0.385,0.372,0.368,0.355,0.48,0.494,0.467,0.027,14.9,83.803,82.389,6236798.0
0.11,2.0,0.367,0.385,0.372,0.368,0.355,0.48,0.494,0.467,0.027,14.9,83.803,82.389,6860478.0
0.12,2.0,0.367,0.385,0.372,0.368,0.355,0.48,0.494,0.467,0.027,14.9,83.803,82.389,7484158.0
0.13,2.0,0.367,0.385,0.372,0.368,0.355,0.48,0.494,0.467,0.027,14.9,83.803,82.389,8107837.0
0.14,2.0,0.367,0.385,0.372,0.368,0.355,0.48,0.494,0.467,0.027,14.9,83.803,82.389,8731517.0
0.15,2.0,0.367,0.385,0.372,0.368,0.355,0.48,0.494,0.467,0.027,14.9,83.803,82.389,9355197.0
0.16,2.0,0.367,0.385,0.372,0.368,0.355,0.48,0.494,0.467,0.027,14.9,83.803,82.389,9978877.0
0.17,2.0,0.367,0.385,0.372,0.368,0.355,0.48,0.494,0.467,0.027,14.9,83.803,82.389,10602560.0
0.18,2.0,0.367,0.385,0.372,0.368,0.355,0.48,0.494,0.467,0.027,14.9,83.803,82.389,11226240.0
0.19,2.0,0.367,0.385,0.372,0.368,0.355,0.48,0.494,0.467,0.027,14.9,83.803,82.389,11849920.0
0.2,2.0,0.367,0.385,0.372,0.368,0.355,0.48,0.494,0.467,0.027,14.9,83.803,82.389,12473600.0
0.21,2.0,0.367,0.384,0.372,0.367,0.355,0.48,0.494,0.467,0.027,14.9,83.803,82.389,13097280.0
0.22,2.0,0.367,0.384,0.372,0.367,0.355,0.48,0.494,0.467,0.027,14.9,83.803,82.389,13720960.0
0.23,2.0,0.367,0.384,0.372,0.367,0.355,0.48,0.494,0.467,0.027,14.9,83.803,82.389,14344640.0
0.24,2.0,0.367,0.384,0.371,0.367,0.354,0.48,0.494,0.467,0.027,14.9,83.803,82.389,14968320.0
0.25,2.0,0.367,0.384,0.371,0.367,0.354,0.48,0.494,0.467,0.027,14.9,83.803,82.389,15592000.0
0.26,2.0,0.367,0.384,0.372,0.367,0.355,0.48,0.494,0.467,0.027,14.9,83.803,82.389,16215670.0
0.27,2.0,0.367,0.385,0.372,0.368,0.355,0.48,0.494,0.467,0.027,14.9,83.803,82.389,16839360.0
0.28,2.0,0.367,0.385,0.372,0.368,0.355,0.48,0.494,0.467,0.027,14.9,83.803,82.389,17463030.0
0.29,2.0,0.367,0.385,0.372,0.368,0.355,0.48,0.494,0.467,0.027,14.9,83.803,82.389,18086710.0
0.3,2.0,0.367,0.385,0.372,0.368,0.355,0.48,0.494,0.467,0.027,14.9,83.803,82.389,18710390.0
0.31,2.0,0.368,0.385,0.372,0.368,0.355,0.48,0.494,0.467,0.027,14.9,83.803,82.389,19334070.0
0.32,2.0,0.368,0.385,0.372,0.368,0.355,0.48,0.494,0.467,0.027,14.9,83.803,82.389,19957750.0
0.33,2.0,0.368,0.385,0.372,0.368,0.355,0.48,0.494,0.467,0.027,14.9,83.803,82.389,20581430.0
0.34,2.0,0.368,0.385,0.372,0.368,0.355,0.48,0.494,0.467,0.027,14.9,83.803,82.389,21205110.0
0.35,2.0,0.368,0.385,0.373,0.368,0.356,0.48,0.494,0.467,0.027,14.9,83.803,82.389,21828790.0
0.36,2.0,0.368,0.386,0.373,0.369,0.356,0.48,0.494,0.467,0.027,14.9,83.803,82.389,22452470.0
0.37,2.0,0.368,0.386,0.373,0.369,0.356,0.48,0.494,0.467,0.027,14.9,83.803,82.389,23076150.0
0.38,2.0,0.368,0.386,0.373,0.369,0.356,0.48,0.494,0.467,0.027,14.9,83.803,82.389,23699830.0
0.39,2.0,0.368,0.386,0.373,0.369,0.356,0.48,0.494,0.467,0.027,14.9,83.803,82.389,24323510.0
0.4,2.0,0.369,0.386,0.373,0.369,0.356,0.48,0.494,0.467,0.027,14.9,83.803,82.389,24947190.0
0.41,2.0,0.369,0.386,0.373,0.369,0.356,0.48,0.494,0.467,0.027,14.9,83.803,82.389,25570870.0
0.42,2.0,0.369,0.386,0.373,0.369,0.356,0.48,0.494,0.467,0.027,14.9,83.803,82.389,26194550.0
0.43,2.0,0.369,0.386,0.373,0.369,0.356,0.48,0.494,0.467,0.027,14.9,83.803,82.389,26818230.0
0.44,2.0,0.369,0.386,0.374,0.369,0.357,0.48,0.494,0.467,0.027,14.9,83.803,82.389,27441910.0
0.45,2.0,0.369,0.387,0.374,0.37,0.357,0.48,0.494,0.467,0.027,14.9,83.803,82.389,28065590.0
0.46,2.0,0.369,0.387,0.374,0.37,0.357,0.48,0.494,0.467,0.027,14.9,83.803,82.389,28689270.0
0.47,2.0,0.369,0.387,0.374,0.37,0.357,0.48,0.494,0.467,0.027,14.9,83.803,82.389,29312950.0
0.48,2.0,0.369,0.387,0.374,0.37,0.357,0.48,0.494,0.467,0.027,14.9,83.803,82.389,29936630.0
0.49,2.0,0.37,0.387,0.374,0.37,0.357,0.48,0.494,0.467,0.027,14.9,83.803,82.389,30560310.0
0.5,2.0,0.37,0.387,0.374,0.37,0.357,0.48,0.494,0.467,0.027,14.9,83.803,82.389,31183990.0
0.51,2.0,0.37,0.387,0.374,0.37,0.357,0.48,0.494,0.467,0.027,14.9,83.803,82.389,31807670.0
0.52,2.0,0.37,0.387,0.374,0.37,0.357,0.48,0.494,0.467,0.027,14.9,83.803,82.389,32431350.0
0.53,2.0,0.37,0.387,0.375,0.37,0.358,0.48,0.494,0.467,0.027,14.9,83.803,82.389,33055030.0
0.54,2.0,0.37,0.388,0.375,0.371,0.358,0.48,0.494,0.467,0.027,14.9,83.803,82.389,33678710.0
0.55,2.0,0.37,0.388,0.375,0.371,0.358,0.48,0.494,0.467,0.027,14.9,83.803,82.389,34302390.0
0.56,2.0,0.37,0.388,0.375,0.371,0.358,0.48,0.494,0.467,0.027,14.9,83.803,82.389,34926070.0
0.57,2.0,0.37,0.388,0.375,0.371,0.358,0.48,0.494,0.467,0.027,14.9,83.803,82.389,35549750.0
0.58,2.0,0.371,0.388,0.375,0.371,0.358,0.48,0.494,0.467,0.027,14.9,83.803,82.389,36173430.0
0.59,2.0,0.371,0.388,0.375,0.371,0.358,0.48,0.494,0.467,0.027,14.9,83.803,82.389,36797110.0
0.6,2.0,0.371,0.388,0.375,0.371,0.358,0.48,0.494,0.467,0.027,14.9,83.803,82.389,37420790.0
0.61,2.0,0.371,0.389,0.375,0.372,0.358,0.48,0.494,0.467,0.027,14.9,83.803,82.389,38044470.0
0.62,2.0,0.372,0.389,0.375,0.372,0.358,0.48,0.494,0.467,0.027,14.9,83.803,82.389,38668150.0
0.63,2.0,0.372,0.389,0.375,0.372,0.358,0.48,0.494,0.467,0.027,14.9,83.803,82.389,39291830.0
0.64,2.0,0.372,0.39,0.375,0.373,0.358,0.48,0.494,0.467,0.027,14.9,83.803,82.389,39915510.0
0.65,2.0,0.373,0.39,0.375,0.373,0.358,0.48,0.494,0.467,0.027,14.9,83.803,82.389,40539180.0
0.66,2.0,0.373,0.391,0.376,0.374,0.359,0.48,0.494,0.467,0.027,14.9,83.803,82.389,41162870.0
0.67,2.0,0.373,0.391,0.376,0.374,0.359,0.48,0.494,0.467,0.027,14.9,83.803,82.389,41786550.0
0.68,2.0,0.374,0.391,0.376,0.374,0.359,0.48,0.494,0.467,0.027,14.9,83.803,82.389,42410230.0
0.69,2.0,0.374,0.392,0.376,0.375,0.359,0.48,0.494,0.467,0.027,14.9,83.803,82.389,43033900.0
0.7,2.0,0.375,0.392,0.376,0.375,0.359,0.48,0.494,0.467,0.027,14.9,83.803,82.389,43657580.0
0.71,2.0,0.375,0.392,0.376,0.375,0.359,0.48,0.494,0.467,0.027,14.9,83.803,82.389,44281260.0
0.72,2.0,0.375,0.393,0.376,0.376,0.359,0.48,0.494,0.467,0.027,14.9,83.803,82.389,44904950.0
0.73,2.0,0.376,0.393,0.376,0.376,0.359,0.48,0.494,0.467,0.027,14.9,83.803,82.389,45528630.0
0.74,2.0,0.376,0.393,0.376,0.376,0.359,0.48,0.494,0.467,0.027,14.9,83.803,82.389,46152300.0
0.75,2.0,0.376,0.394,0.377,0.377,0.359,0.48,0.494,0.467,0.027,14.9,83.803,82.389,46775980.0
0.76,2.0,0.377,0.394,0.377,0.377,0.36,0.48,0.494,0.467,0.027,14.9,83.803,82.389,47399660.0
0.77,2.0,0.377,0.395,0.377,0.378,0.36,0.48,0.494,0.467,0.027,14.9,83.803,82.389,48023340.0
0.78,2.0,0.378,0.395,0.377,0.378,0.36,0.48,0.494,0.467,0.027,14.9,83.803,82.389,48647020.0
0.79,2.0,0.378,0.395,0.377,0.378,0.36,0.48,0.494,0.467,0.027,14.9,83.803,82.389,49270700.0
0.8,2.0,0.378,0.396,0.377,0.379,0.36,0.48,0.494,0.467,0.027,14.9,83.803,82.389,49894380.0
0.81,2.0,0.379,0.396,0.377,0.379,0.36,0.48,0.494,0.467,0.027,14.9,83.803,82.389,50518060.0
0.82,2.0,0.379,0.396,0.377,0.379,0.36,0.48,0.494,0.467,0.027,14.9,83.803,82.389,51141740.0
0.83,2.0,0.379,0.397,0.377,0.38,0.36,0.48,0.494,0.467,0.027,14.9,83.803,82.389,51765420.0
0.84,2.0,0.38,0.397,0.377,0.38,0.36,0.48,0.494,0.467,0.027,14.9,83.803,82.389,52389100.0
0.85,2.0,0.38,0.398,0.378,0.381,0.361,0.48,0.494,0.467,0.027,14.9,83.803,82.389,53012780.0
0.86,2.0,0.38,0.398,0.378,0.381,0.361,0.48,0.494,0.467,0.027,14.9,83.803,82.389,53636460.0
0.87,2.0,0.381,0.398,0.378,0.381,0.361,0.48,0.494,0.467,0.027,14.9,83.803,82.389,54260140.0
0.88,2.0,0.381,0.399,0.378,0.382,0.361,0.48,0.494,0.467,0.027,14.9,83.803,82.389,54883820.0
0.89,2.0,0.382,0.399,0.378,0.382,0.361,0.48,0.494,0.467,0.027,14.9,83.803,82.389,55507500.0
0.9,2.0,0.382,0.399,0.378,0.382,0.361,0.48,0.494,0.467,0.027,14.9,83.803,82.389,56131180.0
0.91,2.0,0.385,0.402,0.38,0.385,0.364,0.473,0.487,0.461,0.027,14.72,83.758,82.325,56754860.0
0.92,2.0,0.392,0.409,0.388,0.393,0.371,0.467,0.481,0.454,0.027,14.53,83.712,82.261,57378540.0
0.93,2.0,0.405,0.421,0.399,0.405,0.382,0.46,0.474,0.448,0.027,14.35,83.667,82.197,58002220.0
0.94,2.0,0.417,0.434,0.41,0.418,0.394,0.453,0.468,0.441,0.027,14.16,83.622,82.133,58625900.0
0.95,2.0,0.43,0.446,0.421,0.431,0.405,0.446,0.461,0.435,0.027,13.98,83.577,82.069,59249580.0
0.96,2.0,0.443,0.459,0.433,0.443,0.417,0.439,0.455,0.428,0.027,13.79,83.532,82.005,59873260.0
0.97,2.0,0.456,0.472,0.444,0.456,0.429,0.432,0.448,0.422,0.027,13.6,83.486,81.941,60496940.0
0.98,2.0,0.468,0.484,0.455,0.469,0.44,0.425,0.442,0.415,0.027,13.42,83.441,81.877,61120620.0
0.99,2.0,0.481,0.497,0.467,0.482,0.452,0.418,0.435,0.409,0.027,13.23,83.396,81.813,61744300.0
1.0,2.0,0.494,0.509,0.478,0.494,0.463,0.411,0.429,0.402,0.027,13.05,83.351,81.749,62367980.0
1.01,2.0,0.507,0.522,0.489,0.507,0.475,0.405,0.422,0.396,0.027,12.86,83.306,81.685,62991660.0
1.02,2.0,0.519,0.534,0.501,0.52,0.486,0.398,0.416,0.389,0.027,12.68,83.26,81.621,63615340.0
1.03,2.0,0.532,0.547,0.512,0.533,0.498,0.391,0.41,0.383,0.027,12.49,83.215,81.557,64239020.0
1.04,2.0,0.545,0.559,0.523,0.546,0.51,0.384,0.403,0.376,0.027,12.31,83.17,81.493,64862700.0
1.05,2.0,0.558,0.572,0.535,0.558,0.521,0.377,0.397,0.37,0.027,12.12,83.125,81.429,65486380.0
1.06,2.0,0.557,0.571,0.534,0.557,0.52,0.377,0.397,0.37,0.027,12.13,83.067,81.377,66110060.0
1.07,2.0,0.556,0.57,0.533,0.556,0.519,0.378,0.397,0.371,0.027,12.14,83.015,81.329,66733740.0
1.08,2.0,0.554,0.569,0.532,0.555,0.518,0.378,0.398,0.371,0.027,12.15,82.967,81.285,67357420.0
1.09,2.0,0.553,0.568,0.531,0.554,0.518,0.378,0.398,0.371,0.027,12.16,82.922,81.244,67981100.0
1.1,2.0,0.552,0.567,0.53,0.553,0.517,0.379,0.398,0.372,0.027,12.17,82.88,81.206,68604780.0
1.11,2.0,0.551,0.565,0.529,0.552,0.516,0.379,0.398,0.372,0.027,12.17,82.833,81.162,69228460.0
1.12,2.0,0.55,0.564,0.528,0.551,0.515,0.379,0.398,0.371,0.027,12.17,82.777,81.109,69852140.0
1.13,2.0,0.549,0.563,0.527,0.55,0.514,0.379,0.398,0.371,0.027,12.16,82.724,81.059,70475820.0
1.14,2.0,0.548,0.562,0.527,0.549,0.513,0.378,0.398,0.371,0.027,12.16,82.673,81.011,71099500.0
1.15,2.0,0.547,0.561,0.526,0.548,0.512,0.378,0.398,0.371,0.027,12.16,82.624,80.964,71723180.0
1.16,2.0,0.545,0.559,0.524,0.546,0.51,0.378,0.398,0.371,0.027,12.15,82.577,80.919,72346860.0
1.17,2.0,0.543,0.557,0.522,0.544,0.508,0.378,0.398,0.371,0.027,12.15,82.531,80.876,72970540.0
1.18,2.0,0.541,0.555,0.52,0.542,0.507,0.378,0.397,0.371,0.027,12.15,82.486,80.833,73594220.0
1.19,2.0,0.539,0.553,0.518,0.54,0.505,0.378,0.397,0.371,0.027,12.14,82.442,80.792,74217900.0
1.2,2.0,0.537,0.551,0.516,0.538,0.503,0.378,0.397,0.371,0.027,12.14,82.4,80.752,74841580.0
1.21,2.0,0.535,0.549,0.515,0.536,0.501,0.378,0.397,0.37,0.027,12.14,82.359,80.713,75465260.0
1.22,2.0,0.533,0.547,0.513,0.534,0.499,0.378,0.397,0.37,0.027,12.13,82.319,80.675,76088940.0
1.23,2.0,0.531,0.545,0.511,0.532,0.497,0.378,0.397,0.37,0.027,12.13,82.279,80.637,76712620.0
1.24,2.0,0.529,0.544,0.509,0.53,0.495,0.378,0.397,0.37,0.027,12.12,82.239,80.599,77336300.0
1.25,2.0,0.527,0.542,0.507,0.528,0.493,0.378,0.397,0.37,0.027,12.12,82.199,80.561,77959980.0
1.26,2.0,0.526,0.54,0.505,0.526,0.491,0.378,0.396,0.37,0.027,12.12,82.16,80.524,78583660.0
1.27,2.0,0.524,0.538,0.503,0.524,0.489,0.378,0.396,0.37,0.027,12.11,82.122,80.488,79207340.0
1.28,2.0,0.522,0.536,0.501,0.522,0.488,0.378,0.396,0.369,0.027,12.11,82.085,80.453,79831020.0
1.29,2.0,0.52,0.534,0.499,0.52,0.486,0.378,0.396,0.369,0.027,12.1,82.049,80.418,80454690.0
1.3,2.0,0.518,0.532,0.497,0.519,0.484,0.377,0.396,0.369,0.027,12.1,82.013,80.383,81078370.0
1.31,2.0,0.516,0.53,0.495,0.517,0.482,0.377,0.396,0.369,0.027,12.1,81.977,80.35,81702050.0
1.32,2.0,0.514,0.529,0.494,0.515,0.48,0.377,0.396,0.369,0.027,12.09,81.942,80.316,82325740.0
1.33,2.0,0.513,0.527,0.492,0.514,0.479,0.377,0.395,0.369,0.027,12.09,81.908,80.284,82949420.0
1.34,2.0,0.512,0.526,0.491,0.512,0.477,0.377,0.395,0.369,0.027,12.08,81.874,80.251,83573100.0
1.35,2.0,0.51,0.524,0.49,0.511,0.476,0.377,0.395,0.368,0.027,12.08,81.841,80.22,84196780.0
1.36,2.0,0.509,0.523,0.488,0.51,0.475,0.377,0.395,0.368,0.027,12.07,81.808,80.188,84820460.0
1.37,2.0,0.508,0.522,0.487,0.509,0.474,0.377,0.395,0.368,0.027,12.07,81.776,80.157,85444140.0
1.38,2.0,0.507,0.521,0.486,0.508,0.473,0.377,0.395,0.368,0.027,12.07,81.744,80.127,86067810.0
1.39,2.0,0.506,0.52,0.486,0.507,0.472,0.377,0.394,0.368,0.027,12.06,81.712,80.097,86691490.0
1.4,2.0,0.505,0.52,0.485,0.506,0.471,0.376,0.394,0.368,0.027,12.06,81.681,80.067,87315170.0
1.41,2.0,0.505,0.519,0.484,0.505,0.47,0.376,0.394,0.368,0.027,12.05,81.65,80.038,87938850.0
1.42,2.0,0.504,0.518,0.483,0.505,0.47,0.376,0.394,0.367,0.027,12.05,81.62,80.009,88562530.0
1.43,2.0,0.503,0.517,0.483,0.504,0.469,0.376,0.394,0.367,0.027,12.05,81.59,79.98,89186210.0
1.44,2.0,0.503,0.517,0.482,0.503,0.469,0.376,0.394,0.367,0.027,12.04,81.56,79.959,89809900.0
1.45,2.0,0.502,0.516,0.482,0.503,0.468,0.376,0.394,0.367,0.027,12.03,81.531,79.942,90433580.0
1.46,2.0,0.502,0.516,0.481,0.503,0.468,0.376,0.393,0.367,0.027,12.02,81.502,79.925,91057260.0
1.47,2.0,0.502,0.516,0.481,0.502,0.467,0.376,0.393,0.367,0.027,12.01,81.473,79.909,91680940.0
1.48,2.0,0.501,0.515,0.481,0.502,0.467,0.375,0.393,0.367,0.027,12.0,81.445,79.893,92304610.0
1.49,2.0,0.501,0.515,0.48,0.502,0.467,0.375,0.393,0.366,0.027,11.99,81.417,79.877,92928290.0
1.5,2.0,0.501,0.515,0.48,0.502,0.467,0.375,0.393,0.366,0.027,11.98,81.389,79.862,93551970.0
1.51,2.0,0.501,0.515,0.48,0.501,0.467,0.375,0.393,0.366,0.027,11.97,81.361,79.847,94175650.0
1.52,2.0,0.501,0.515,0.48,0.501,0.467,0.375,0.393,0.366,0.027,11.96,81.334,79.832,94799330.0
1.53,2.0,0.501,0.515,0.48,0.501,0.467,0.375,0.392,0.366,0.027,11.95,81.307,79.817,95423010.0
1.54,2.0,0.501,0.515,0.48,0.502,0.467,0.375,0.392,0.366,0.027,11.94,81.281,79.802,96046690.0
1.55,2.0,0.501,0.515,0.48,0.502,0.467,0.374,0.392,0.366,0.027,11.93,81.254,79.788,96670370.0
1.56,2.0,0.501,0.515,0.48,0.502,0.467,0.374,0.392,0.365,0.027,11.92,81.228,79.774,97294050.0
1.57,2.0,0.502,0.516,0.481,0.502,0.467,0.374,0.392,0.365,0.027,11.91,81.202,79.76,97917730.0
1.58,2.0,0.502,0.516,0.481,0.503,0.468,0.374,0.392,0.365,0.027,11.9,81.177,79.747,98541410.0
1.59,2.0,0.502,0.516,0.481,0.503,0.468,0.374,0.392,0.365,0.027,11.89,81.151,79.733,99165090.0
1.6,2.0,0.503,0.517,0.482,0.503,0.469,0.374,0.391,0.365,0.027,11.88,81.126,79.72,99788770.0
1.61,2.0,0.503,0.517,0.482,0.504,0.469,0.373,0.391,0.365,0.027,11.87,81.101,79.707,100412400.0
1.62,2.0,0.504,0.518,0.483,0.504,0.47,0.373,0.391,0.365,0.027,11.86,81.076,79.695,101036100.0
1.63,2.0,0.505,0.518,0.484,0.505,0.47,0.373,0.391,0.364,0.027,11.85,81.052,79.682,101659800.0
1.64,2.0,0.505,0.519,0.484,0.506,0.471,0.373,0.391,0.364,0.027,11.84,81.027,79.67,102283500.0
1.65,2.0,0.506,0.52,0.485,0.507,0.472,0.373,0.391,0.364,0.027,11.83,81.003,79.658,102907200.0
1.66,2.0,0.507,0.521,0.486,0.507,0.473,0.373,0.391,0.364,0.027,11.82,80.979,79.646,103530800.0
1.67,2.0,0.508,0.522,0.487,0.508,0.473,0.372,0.39,0.364,0.027,11.81,80.956,79.634,104154500.0
1.68,2.0,0.509,0.523,0.488,0.509,0.474,0.372,0.39,0.364,0.027,11.8,80.932,79.623,104778200.0
1.69,2.0,0.51,0.524,0.489,0.51,0.475,0.372,0.39,0.364,0.027,11.79,80.909,79.611,105401900.0
1.7,2.0,0.511,0.525,0.49,0.511,0.476,0.372,0.39,0.363,0.027,11.78,80.886,79.6,106025600.0
1.71,2.0,0.512,0.526,0.491,0.512,0.478,0.372,0.39,0.363,0.027,11.77,80.863,79.589,106649200.0
1.72,2.0,0.513,0.527,0.492,0.514,0.479,0.372,0.39,0.363,0.027,11.76,80.84,79.578,107272900.0
1.73,2.0,0.514,0.528,0.493,0.515,0.48,0.371,0.39,0.363,0.027,11.75,80.818,79.568,107896600.0
1.74,2.0,0.516,0.529,0.495,0.516,0.481,0.371,0.389,0.363,0.027,11.74,80.795,79.557,108520300.0
1.75,2.0,0.517,0.531,0.496,0.518,0.483,0.371,0.389,0.363,0.027,11.73,80.773,79.547,109144000.0
1.76,2.0,0.518,0.532,0.497,0.519,0.484,0.371,0.389,0.362,0.027,11.72,80.751,79.537,109767600.0
1.77,2.0,0.52,0.534,0.499,0.52,0.486,0.371,0.389,0.362,0.027,11.71,80.729,79.526,110391300.0
1.78,2.0,0.521,0.535,0.5,0.522,0.487,0.37,0.389,0.362,0.027,11.7,80.707,79.517,111015000.0
1.79,2.0,0.523,0.537,0.502,0.524,0.489,0.37,0.389,0.362,0.027,11.69,80.686,79.507,111638700.0
1.8,2.0,0.525,0.539,0.504,0.525,0.49,0.37,0.388,0.362,0.027,11.68,80.665,79.497,112262400.0
1.81,2.0,0.526,0.54,0.505,0.527,0.492,0.37,0.388,0.362,0.027,11.67,80.643,79.488,112886000.0
1.82,2.0,0.528,0.542,0.507,0.529,0.494,0.369,0.388,0.362,0.027,11.66,80.622,79.479,113509700.0
1.83,2.0,0.53,0.544,0.509,0.531,0.496,0.369,0.388,0.361,0.027,11.65,80.602,79.47,114133400.0
1.84,2.0,0.532,0.546,0.511,0.533,0.498,0.369,0.388,0.361,0.027,11.64,80.581,79.461,114757100.0
1.85,2.0,0.534,0.548,0.513,0.535,0.5,0.369,0.388,0.361,0.027,11.63,80.56,79.452,115380800.0
1.86,2.0,0.536,0.55,0.515,0.537,0.502,0.369,0.388,0.361,0.027,11.62,80.54,79.443,116004400.0
1.87,2.0,0.538,0.552,0.517,0.539,0.504,0.368,0.387,0.361,0.027,11.61,80.52,79.435,116628100.0
1.88,2.0,0.54,0.554,0.519,0.541,0.506,0.368,0.387,0.361,0.027,11.6,80.5,79.427,117251800.0
1.89,2.0,0.543,0.557,0.522,0.543,0.508,0.368,0.387,0.36,0.027,11.59,80.48,79.418,117875500.0
1.9,2.0,0.545,0.559,0.524,0.546,0.511,0.368,0.387,0.36,0.027,11.58,80.46,79.41,118499200.0
1.91,2.0,0.547,0.561,0.526,0.548,0.513,0.367,0.387,0.36,0.027,11.57,80.44,79.402,119122800.0
1.92,2.0,0.55,0.564,0.529,0.551,0.516,0.367,0.387,0.36,0.027,11.56,80.421,79.394,119746500.0
1.93,2.0,0.552,0.566,0.531,0.553,0.518,0.367,0.386,0.36,0.027,11.55,80.401,79.387,120370200.0
1.94,2.0,0.555,0.569,0.534,0.556,0.521,0.367,0.386,0.36,0.027,11.54,80.382,79.379,120993900.0
1.95,2.0,0.558,0.571,0.537,0.558,0.523,0.366,0.386,0.36,0.027,11.53,80.363,79.372,121617600.0
1.96,2.0,0.56,0.574,0.539,0.561,0.526,0.366,0.386,0.359,0.027,11.52,80.344,79.365,122241200.0
1.97,2.0,0.563,0.577,0.542,0.564,0.529,0.366,0.386,0.359,0.027,11.51,80.325,79.358,122864900.0
1.98,2.0,0.566,0.58,0.545,0.567,0.532,0.366,0.386,0.359,0.027,11.5,80.306,79.351,123488600.0
1.99,2.0,0.569,0.583,0.548,0.569,0.534,0.365,0.385,0.359,0.027,11.49,80.288,79.344,124112300.0
2.0,2.0,0.572,0.586,0.55,0.572,0.537,0.365,0.385,0.359,0.027,11.48,80.27,79.337,124736000.0
2.01,2.0,0.575,0.589,0.554,0.576,0.54,0.365,0.385,0.359,0.027,11.47,80.251,79.33,125359600.0
2.02,2.0,0.578,0.592,0.557,0.579,0.544,0.365,0.385,0.358,0.027,11.46,80.233,79.324,125983300.0
2.03,2.0,0.581,0.595,0.56,0.582,0.547,0.364,0.385,0.358,0.027,11.45,80.215,79.318,126607000.0
2.04,2.0,0.585,0.599,0.563,0.586,0.55,0.364,0.385,0.358,0.027,11.44,80.197,79.311,127230700.0
2.05,2.0,0.588,0.602,0.567,0.589,0.553,0.364,0.385,0.358,0.027,11.43,80.179,79.305,127854400.0
2.06,2.0,0.592,0.606,0.57,0.593,0.557,0.363,0.384,0.358,0.027,11.42,80.162,79.299,128478000.0
2.07,2.0,0.595,0.609,0.573,0.596,0.56,0.363,0.384,0.358,0.027,11.41,80.144,79.293,129101700.0
2.08,2.0,0.599,0.613,0.577,0.6,0.564,0.363,0.384,0.357,0.027,11.4,80.127,79.288,129725400.0
2.09,2.0,0.603,0.617,0.581,0.604,0.568,0.363,0.384,0.357,0.027,11.39,80.11,79.282,130349100.0
2.1,2.0,0.607,0.62,0.584,0.607,0.571,0.362,0.384,0.357,0.027,11.38,80.093,79.277,130972800.0
2.11,2.0,0.61,0.624,0.588,0.611,0.575,0.362,0.384,0.357,0.027,11.37,80.076,79.271,131596400.0
2.12,2.0,0.614,0.628,0.592,0.615,0.579,0.362,0.383,0.357,0.027,11.36,80.059,79.266,132220100.0
2.13,2.0,0.618,0.632,0.596,0.619,0.583,0.361,0.383,0.357,0.027,11.35,80.042,79.261,132843800.0
2.14,2.0,0.623,0.636,0.6,0.623,0.587,0.361,0.383,0.356,0.027,11.34,80.025,79.256,133467500.0
2.15,2.0,0.627,0.64,0.604,0.627,0.591,0.361,0.383,0.356,0.027,11.33,80.009,79.251,134091200.0
2.16,2.0,0.625,0.639,0.602,0.626,0.589,0.36,0.382,0.356,0.027,11.3,79.965,79.22,134714800.0
2.17,2.0,0.622,0.636,0.599,0.623,0.586,0.36,0.382,0.355,0.027,11.28,79.917,79.183,135338500.0
2.18,2.0,0.619,0.633,0.596,0.62,0.583,0.359,0.381,0.354,0.027,11.25,79.868,79.145,135962200.0
2.19,2.0,0.617,0.63,0.594,0.618,0.581,0.358,0.38,0.353,0.027,11.23,79.818,79.107,136585900.0
2.2,2.0,0.614,0.628,0.591,0.615,0.578,0.358,0.379,0.353,0.027,11.2,79.766,79.067,137209600.0
2.21,2.0,0.612,0.625,0.588,0.612,0.575,0.357,0.379,0.352,0.027,11.17,79.714,79.027,137833200.0
2.22,2.0,0.609,0.623,0.585,0.61,0.573,0.356,0.378,0.351,0.027,11.14,79.662,78.986,138456900.0
2.23,2.0,0.606,0.62,0.583,0.607,0.57,0.356,0.377,0.35,0.027,11.12,79.608,78.944,139080600.0
2.24,2.0,0.604,0.617,0.58,0.605,0.567,0.355,0.376,0.35,0.027,11.09,79.553,78.901,139704300.0
2.25,2.0,0.601,0.615,0.578,0.602,0.565,0.354,0.375,0.349,0.027,11.06,79.498,78.858,140328000.0
2.26,2.0,0.599,0.612,0.575,0.6,0.562,0.353,0.375,0.348,0.027,11.03,79.443,78.814,140951600.0
2.27,2.0,0.596,0.61,0.572,0.597,0.56,0.353,0.374,0.347,0.027,11.0,79.386,78.769,141575300.0
2.28,2.0,0.594,0.607,0.57,0.595,0.557,0.352,0.373,0.346,0.027,10.97,79.329,78.724,142199000.0
2.29,2.0,0.592,0.605,0.567,0.592,0.555,0.351,0.372,0.346,0.027,10.94,79.258,78.665,142822700.0
2.3,2.0,0.589,0.602,0.565,0.59,0.552,0.351,0.372,0.345,0.027,10.92,79.177,78.596,143446400.0
2.31,2.0,0.587,0.6,0.562,0.587,0.55,0.35,0.371,0.344,0.027,10.9,79.095,78.527,144070000.0
2.32,2.0,0.584,0.598,0.56,0.585,0.547,0.35,0.37,0.344,0.027,10.87,79.013,78.458,144693700.0
2.33,2.0,0.582,0.595,0.557,0.583,0.545,0.349,0.37,0.343,0.027,10.85,78.931,78.388,145317400.0
2.34,2.0,0.58,0.593,0.555,0.58,0.542,0.349,0.369,0.342,0.027,10.82,78.849,78.318,145941100.0
2.35,2.0,0.577,0.591,0.552,0.578,0.54,0.348,0.368,0.342,0.027,10.8,78.766,78.248,146564800.0
2.36,2.0,0.575,0.588,0.55,0.576,0.537,0.347,0.368,0.341,0.027,10.77,78.683,78.177,147188400.0
2.37,2.0,0.573,0.586,0.548,0.574,0.535,0.347,0.367,0.34,0.027,10.75,78.599,78.106,147812100.0
2.38,2.0,0.571,0.584,0.545,0.571,0.533,0.346,0.366,0.34,0.027,10.72,78.516,78.035,148435800.0
2.39,2.0,0.568,0.581,0.543,0.569,0.53,0.346,0.366,0.339,0.027,10.7,78.432,77.964,149059500.0
2.4,2.0,0.566,0.579,0.54,0.567,0.528,0.345,0.365,0.338,0.027,10.67,78.348,77.892,149683200.0
2.41,2.0,0.564,0.577,0.538,0.565,0.526,0.344,0.364,0.338,0.027,10.65,78.264,77.82,150306800.0
2.42,2.0,0.562,0.575,0.536,0.562,0.524,0.344,0.364,0.337,0.027,10.62,78.18,77.748,150930500.0
2.43,2.0,0.56,0.573,0.534,0.56,0.521,0.343,0.363,0.336,0.027,10.6,78.095,77.676,151554200.0
2.44,2.0,0.557,0.57,0.531,0.558,0.519,0.343,0.362,0.336,0.027,10.57,78.011,77.604,152177900.0
2.45,2.0,0.555,0.568,0.529,0.556,0.517,0.342,0.362,0.335,0.027,10.55,77.926,77.531,152801600.0
2.46,2.0,0.553,0.566,0.527,0.554,0.515,0.341,0.361,0.334,0.027,10.52,77.841,77.459,153425200.0
2.47,2.0,0.551,0.564,0.525,0.552,0.513,0.341,0.36,0.334,0.027,10.5,77.756,77.386,154048900.0
2.48,2.0,0.549,0.562,0.523,0.55,0.511,0.34,0.36,0.333,0.027,10.47,77.672,77.314,154672600.0
2.49,2.0,0.547,0.56,0.521,0.548,0.509,0.34,0.359,0.332,0.027,10.45,77.587,77.241,155296300.0
2.5,2.0,0.545,0.558,0.519,0.545,0.507,0.339,0.358,0.332,0.027,10.42,77.502,77.168,155920000.0
2.51,2.0,0.543,0.556,0.518,0.543,0.505,0.338,0.357,0.331,0.027,10.4,77.417,77.095,156543600.0
2.52,2.0,0.541,0.554,0.516,0.541,0.503,0.338,0.357,0.33,0.027,10.37,77.332,77.022,157167300.0
2.53,2.0,0.539,0.551,0.514,0.539,0.502,0.337,0.356,0.33,0.027,10.35,77.247,76.949,157791000.0
2.54,2.0,0.537,0.549,0.512,0.537,0.5,0.336,0.355,0.329,0.027,10.32,77.162,76.876,158414700.0
2.55,2.0,0.535,0.547,0.51,0.535,0.498,0.336,0.355,0.328,0.027,10.3,77.077,76.803,159038400.0
2.56,2.0,0.533,0.545,0.508,0.533,0.496,0.335,0.354,0.328,0.027,10.27,76.993,76.73,159662000.0
2.57,2.0,0.531,0.543,0.506,0.531,0.494,0.335,0.353,0.327,0.027,10.25,76.908,76.657,160285700.0
2.58,2.0,0.529,0.541,0.505,0.529,0.493,0.334,0.353,0.326,0.027,10.22,76.823,76.585,160909400.0
2.59,2.0,0.527,0.54,0.503,0.528,0.491,0.333,0.352,0.326,0.027,10.2,76.739,76.512,161533100.0
2.6,2.0,0.525,0.538,0.501,0.526,0.489,0.333,0.351,0.325,0.027,10.18,76.654,76.439,162156700.0
2.61,2.0,0.523,0.536,0.499,0.524,0.487,0.332,0.351,0.324,0.027,10.15,76.57,76.366,162780400.0
2.62,2.0,0.521,0.534,0.498,0.522,0.486,0.332,0.35,0.324,0.027,10.13,76.485,76.293,163404100.0
2.63,2.0,0.519,0.532,0.496,0.52,0.484,0.331,0.349,0.323,0.027,10.1,76.401,76.221,164027800.0
2.64,2.0,0.517,0.53,0.494,0.518,0.482,0.331,0.349,0.322,0.027,10.08,76.317,76.148,164651500.0
2.65,2.0,0.516,0.528,0.493,0.516,0.481,0.33,0.348,0.322,0.027,10.05,76.233,76.076,165275200.0
2.66,2.0,0.514,0.526,0.491,0.514,0.479,0.329,0.348,0.321,0.027,10.03,76.149,76.003,165898800.0
2.67,2.0,0.512,0.524,0.489,0.513,0.477,0.329,0.347,0.32,0.027,10.01,76.065,75.931,166522500.0
2.68,2.0,0.51,0.523,0.488,0.511,0.476,0.328,0.346,0.32,0.027,9.98,75.982,75.859,167146200.0
2.69,2.0,0.508,0.521,0.486,0.509,0.474,0.328,0.346,0.319,0.027,9.96,75.898,75.787,167769900.0
2.7,2.0,0.507,0.519,0.484,0.507,0.473,0.327,0.345,0.318,0.027,9.93,75.815,75.715,168393600.0
2.71,2.0,0.505,0.517,0.483,0.505,0.471,0.327,0.344,0.318,0.027,9.91,75.732,75.643,169017200.0
2.72,2.0,0.503,0.515,0.481,0.504,0.469,0.326,0.344,0.317,0.027,9.89,75.649,75.571,169640900.0
2.73,2.0,0.501,0.514,0.479,0.502,0.468,0.325,0.343,0.316,0.027,9.86,75.566,75.5,170264600.0
2.74,2.0,0.5,0.512,0.478,0.5,0.466,0.325,0.342,0.316,0.027,9.84,75.484,75.429,170888300.0
2.75,2.0,0.498,0.51,0.476,0.498,0.465,0.324,0.342,0.315,0.027,9.82,75.401,75.357,171512000.0
2.76,2.0,0.496,0.508,0.475,0.497,0.463,0.324,0.341,0.315,0.027,9.79,75.319,75.286,172135600.0
2.77,2.0,0.494,0.507,0.473,0.495,0.462,0.323,0.341,0.314,0.027,9.77,75.237,75.215,172759300.0
2.78,2.0,0.493,0.505,0.472,0.493,0.46,0.323,0.34,0.313,0.027,9.75,75.155,75.144,173383000.0
2.79,2.0,0.491,0.503,0.47,0.492,0.459,0.322,0.339,0.313,0.027,9.72,75.074,75.074,174006700.0
2.8,2.0,0.489,0.501,0.469,0.49,0.457,0.322,0.339,0.312,0.027,9.7,74.992,75.003,174630300.0
2.81,2.0,0.488,0.5,0.467,0.488,0.456,0.321,0.338,0.312,0.027,9.68,74.911,74.933,175254000.0
2.82,2.0,0.486,0.498,0.466,0.487,0.454,0.32,0.338,0.311,0.027,9.66,74.83,74.863,175877700.0
2.83,2.0,0.484,0.496,0.464,0.485,0.453,0.32,0.337,0.31,0.027,9.63,74.749,74.793,176501400.0
2.84,2.0,0.483,0.495,0.463,0.483,0.451,0.319,0.336,0.31,0.027,9.61,74.669,74.723,177125100.0
2.85,2.0,0.481,0.493,0.461,0.482,0.45,0.319,0.336,0.309,0.027,9.59,74.589,74.654,177748700.0
2.86,2.0,0.48,0.491,0.46,0.48,0.448,0.318,0.335,0.309,0.027,9.57,74.509,74.584,178372400.0
2.87,2.0,0.478,0.49,0.458,0.478,0.447,0.318,0.335,0.308,0.027,9.54,74.43,74.515,178996100.0
2.88,2.0,0.476,0.488,0.457,0.477,0.446,0.317,0.334,0.308,0.027,9.52,74.353,74.446,179619800.0
2.89,2.0,0.475,0.487,0.456,0.475,0.444,0.317,0.333,0.307,0.026,9.5,74.276,74.377,180243500.0
2.9,2.0,0.473,0.485,0.454,0.474,0.443,0.316,0.333,0.306,0.026,9.48,74.2,74.308,180867200.0
2.91,2.0,0.472,0.483,0.453,0.472,0.441,0.316,0.332,0.306,0.026,9.46,74.124,74.24,181490800.0
2.92,2.0,0.47,0.482,0.451,0.471,0.44,0.315,0.332,0.305,0.026,9.43,74.048,74.172,182114500.0
2.93,2.0,0.469,0.48,0.45,0.469,0.439,0.314,0.331,0.305,0.026,9.41,73.972,74.104,182738200.0
2.94,2.0,0.467,0.479,0.449,0.468,0.437,0.314,0.33,0.304,0.026,9.39,73.897,74.036,183361900.0
2.95,2.0,0.465,0.477,0.447,0.466,0.436,0.313,0.33,0.304,0.026,9.37,73.821,73.969,183985500.0
2.96,2.0,0.464,0.476,0.446,0.465,0.435,0.313,0.329,0.303,0.026,9.35,73.746,73.901,184609200.0
2.97,2.0,0.462,0.474,0.445,0.463,0.433,0.312,0.329,0.302,0.026,9.33,73.672,73.834,185232900.0
2.98,2.0,0.461,0.473,0.443,0.462,0.432,0.312,0.328,0.302,0.026,9.31,73.597,73.767,185856600.0
2.99,2.0,0.459,0.471,0.442,0.46,0.431,0.311,0.327,0.301,0.026,9.29,73.523,73.7,186480300.0
3.0,2.0,0.458,0.47,0.441,0.459,0.429,0.311,0.327,0.301,0.026,9.26,73.449,73.634,187103900.0
3.01,2.0,0.457,0.468,0.439,0.457,0.428,0.31,0.326,0.3,0.026,9.24,73.375,73.568,187727600.0
3.02,2.0,0.455,0.467,0.438,0.456,0.427,0.31,0.326,0.3,0.026,9.22,73.302,73.502,188351300.0
3.03,2.0,0.454,0.465,0.437,0.454,0.426,0.309,0.325,0.299,0.026,9.2,73.228,73.436,188975000.0
3.04,2.0,0.452,0.464,0.435,0.453,0.424,0.309,0.325,0.299,0.026,9.18,73.156,73.37,189598700.0
3.05,2.0,0.451,0.463,0.434,0.452,0.423,0.308,0.324,0.298,0.026,9.16,73.083,73.305,190222300.0
3.06,2.0,0.45,0.461,0.433,0.45,0.422,0.308,0.323,0.298,0.026,9.14,73.011,73.24,190846000.0
3.07,2.0,0.448,0.46,0.431,0.449,0.42,0.307,0.323,0.297,0.026,9.12,72.938,73.175,191469700.0
3.08,2.0,0.447,0.459,0.43,0.448,0.419,0.306,0.322,0.297,0.026,9.1,72.867,73.111,192093400.0
3.09,2.0,0.446,0.457,0.429,0.446,0.418,0.306,0.322,0.296,0.026,9.08,72.795,73.046,192717100.0
3.1,2.0,0.444,0.456,0.428,0.445,0.417,0.305,0.321,0.296,0.025,9.06,72.724,72.982,193340700.0
3.11,2.0,0.443,0.455,0.426,0.444,0.416,0.305,0.321,0.295,0.025,9.04,72.653,72.918,193964400.0
3.12,2.0,0.442,0.453,0.425,0.442,0.414,0.304,0.32,0.295,0.025,9.02,72.582,72.855,194588100.0
3.13,2.0,0.441,0.452,0.424,0.441,0.413,0.304,0.32,0.294,0.025,9.0,72.511,72.791,195211800.0
3.14,2.0,0.439,0.451,0.423,0.44,0.412,0.304,0.319,0.294,0.025,8.98,72.441,72.728,195835500.0
3.15,2.0,0.438,0.449,0.422,0.438,0.411,0.303,0.319,0.293,0.025,8.96,72.371,72.665,196459100.0
3.16,2.0,0.437,0.448,0.42,0.437,0.41,0.303,0.318,0.293,0.025,8.94,72.302,72.603,197082800.0
3.17,2.0,0.435,0.447,0.419,0.436,0.408,0.302,0.317,0.292,0.025,8.92,72.232,72.54,197706500.0
3.18,2.0,0.434,0.445,0.418,0.435,0.407,0.302,0.317,0.292,0.025,8.9,72.163,72.478,198330200.0
3.19,2.0,0.433,0.444,0.417,0.433,0.406,0.301,0.316,0.291,0.025,8.89,72.094,72.416,198953900.0
3.2,2.0,0.432,0.443,0.416,0.432,0.405,0.301,0.316,0.291,0.025,8.87,72.026,72.355,199577500.0
3.21,2.0,0.43,0.442,0.414,0.431,0.404,0.3,0.315,0.29,0.025,8.85,71.958,72.293,200201200.0
3.22,2.0,0.429,0.44,0.413,0.43,0.403,0.3,0.315,0.29,0.025,8.83,71.89,72.232,200824900.0
3.23,2.0,0.428,0.439,0.412,0.428,0.401,0.299,0.314,0.29,0.025,8.81,71.822,72.171,201448600.0
3.24,2.0,0.427,0.438,0.411,0.427,0.4,0.299,0.314,0.289,0.025,8.79,71.755,72.111,202072300.0
3.25,2.0,0.425,0.437,0.41,0.426,0.399,0.298,0.313,0.289,0.025,8.77,71.688,72.05,202695900.0
3.26,2.0,0.424,0.435,0.409,0.425,0.398,0.298,0.313,0.288,0.025,8.75,71.621,71.99,203319600.0
3.27,2.0,0.423,0.434,0.408,0.424,0.397,0.297,0.312,0.288,0.025,8.74,71.555,71.93,203943300.0
3.28,2.0,0.422,0.433,0.406,0.422,0.396,0.297,0.312,0.287,0.025,8.72,71.488,71.871,204567000.0
3.29,2.0,0.421,0.432,0.405,0.421,0.395,0.296,0.311,0.287,0.025,8.7,71.423,71.811,205190700.0
3.3,2.0,0.419,0.431,0.404,0.42,0.394,0.296,0.311,0.286,0.024,8.68,71.357,71.752,205814300.0
3.31,2.0,0.418,0.429,0.403,0.419,0.393,0.296,0.31,0.286,0.024,8.66,71.292,71.693,206438000.0
3.32,2.0,0.417,0.428,0.402,0.418,0.391,0.295,0.31,0.286,0.024,8.65,71.227,71.635,207061700.0
3.33,2.0,0.416,0.427,0.401,0.416,0.39,0.295,0.309,0.285,0.024,8.63,71.162,71.577,207685400.0
3.34,2.0,0.415,0.426,0.4,0.415,0.389,0.294,0.309,0.285,0.024,8.61,71.098,71.519,208309000.0
3.35,2.0,0.414,0.425,0.399,0.414,0.388,0.294,0.308,0.284,0.024,8.59,71.033,71.461,208932700.0
3.36,2.0,0.413,0.424,0.398,0.413,0.387,0.293,0.308,0.284,0.024,8.57,70.97,71.403,209556400.0
3.37,2.0,0.411,0.422,0.397,0.412,0.386,0.293,0.308,0.283,0.024,8.56,70.906,71.346,210180100.0
3.38,2.0,0.41,0.421,0.396,0.411,0.385,0.293,0.307,0.283,0.024,8.54,70.843,71.289,210803800.0
3.39,2.0,0.409,0.42,0.395,0.41,0.384,0.292,0.307,0.283,0.024,8.52,70.78,71.233,211427500.0
3.4,2.0,0.408,0.419,0.394,0.409,0.383,0.292,0.306,0.282,0.024,8.5,70.717,71.176,212051100.0
3.41,2.0,0.407,0.418,0.393,0.407,0.382,0.291,0.306,0.282,0.024,8.49,70.655,71.12,212674800.0
3.42,2.0,0.406,0.417,0.391,0.406,0.381,0.291,0.305,0.281,0.024,8.47,70.593,71.064,213298500.0
3.43,2.0,0.405,0.416,0.39,0.405,0.38,0.29,0.305,0.281,0.024,8.45,70.531,71.008,213922200.0
3.44,2.0,0.404,0.414,0.389,0.404,0.379,0.29,0.304,0.281,0.024,8.44,70.468,70.952,214545900.0
3.45,2.0,0.403,0.413,0.388,0.403,0.378,0.29,0.304,0.28,0.024,8.42,70.402,70.891,215169500.0
3.46,2.0,0.401,0.412,0.387,0.402,0.377,0.289,0.304,0.28,0.024,8.41,70.336,70.831,215793200.0
3.47,2.0,0.4,0.411,0.386,0.401,0.376,0.289,0.303,0.28,0.024,8.39,70.27,70.771,216416900.0
3.48,2.0,0.399,0.41,0.385,0.4,0.375,0.289,0.303,0.279,0.024,8.37,70.205,70.711,217040600.0
3.49,2.0,0.398,0.409,0.384,0.399,0.374,0.288,0.302,0.279,0.024,8.36,70.14,70.652,217664300.0
3.5,2.0,0.397,0.408,0.383,0.398,0.373,0.288,0.302,0.278,0.024,8.34,70.074,70.592,218287900.0
3.51,2.0,0.396,0.407,0.382,0.397,0.372,0.288,0.302,0.278,0.023,8.33,70.01,70.533,218911600.0
3.52,2.0,0.395,0.406,0.382,0.396,0.371,0.287,0.301,0.278,0.023,8.31,69.945,70.474,219535300.0
3.53,2.0,0.394,0.405,0.381,0.394,0.37,0.287,0.301,0.277,0.023,8.3,69.88,70.415,220159000.0
3.54,2.0,0.393,0.404,0.38,0.393,0.369,0.287,0.3,0.277,0.023,8.28,69.816,70.356,220782600.0
3.55,2.0,0.392,0.403,0.379,0.392,0.368,0.286,0.3,0.277,0.023,8.27,69.752,70.297,221406300.0
3.56,2.0,0.391,0.402,0.378,0.391,0.367,0.286,0.3,0.276,0.023,8.25,69.689,70.239,222030000.0
3.57,2.0,0.39,0.401,0.377,0.39,0.367,0.285,0.299,0.276,0.023,8.24,69.625,70.181,222653700.0
3.58,2.0,0.389,0.4,0.376,0.389,0.366,0.285,0.299,0.276,0.023,8.22,69.562,70.123,223277400.0
3.59,2.0,0.388,0.399,0.375,0.388,0.365,0.285,0.299,0.275,0.023,8.21,69.499,70.059,223901000.0
3.6,2.0,0.387,0.397,0.374,0.387,0.364,0.284,0.298,0.275,0.023,8.2,69.436,69.992,224524700.0
3.61,2.0,0.386,0.396,0.373,0.386,0.363,0.284,0.298,0.275,0.023,8.19,69.373,69.925,225148400.0
3.62,2.0,0.385,0.395,0.372,0.385,0.362,0.284,0.297,0.275,0.023,8.18,69.311,69.859,225772100.0
3.63,2.0,0.384,0.394,0.371,0.384,0.361,0.283,0.297,0.274,0.023,8.17,69.249,69.792,226395800.0
3.64,2.0,0.383,0.393,0.37,0.383,0.36,0.283,0.297,0.274,0.023,8.16,69.187,69.726,227019500.0
3.65,2.0,0.382,0.392,0.369,0.382,0.359,0.283,0.296,0.274,0.023,8.15,69.125,69.66,227643100.0
3.66,2.0,0.381,0.391,0.368,0.381,0.358,0.283,0.296,0.273,0.023,8.15,69.064,69.595,228266800.0
3.67,2.0,0.38,0.39,0.368,0.38,0.357,0.282,0.296,0.273,0.023,8.14,69.002,69.529,228890500.0
3.68,2.0,0.379,0.39,0.367,0.379,0.357,0.282,0.295,0.273,0.023,8.13,68.941,69.464,229514200.0
3.69,2.0,0.378,0.389,0.366,0.378,0.356,0.282,0.295,0.272,0.023,8.12,68.881,69.399,230137900.0
3.7,2.0,0.377,0.388,0.365,0.378,0.355,0.281,0.295,0.272,0.023,8.11,68.82,69.334,230761500.0
3.71,2.0,0.376,0.387,0.364,0.377,0.354,0.281,0.294,0.272,0.022,8.1,68.76,69.27,231385200.0
3.72,2.0,0.375,0.386,0.363,0.376,0.353,0.281,0.294,0.272,0.022,8.1,68.7,69.206,232008900.0
3.73,2.0,0.374,0.385,0.362,0.375,0.352,0.28,0.294,0.271,0.022,8.09,68.64,69.142,232632600.0
3.74,2.0,0.373,0.384,0.361,0.374,0.351,0.28,0.293,0.271,0.022,8.08,68.58,69.078,233256200.0
3.75,2.0,0.372,0.383,0.361,0.373,0.351,0.28,0.293,0.271,0.022,8.07,68.521,69.015,233879900.0
3.76,2.0,0.371,0.382,0.36,0.372,0.35,0.279,0.293,0.27,0.022,8.06,68.462,68.952,234503600.0
3.77,2.0,0.37,0.381,0.359,0.371,0.349,0.279,0.292,0.27,0.022,8.06,68.403,68.889,235127300.0
3.78,2.0,0.37,0.38,0.358,0.37,0.348,0.279,0.292,0.27,0.022,8.05,68.344,68.826,235751000.0
3.79,2.0,0.369,0.379,0.357,0.369,0.347,0.279,0.292,0.27,0.022,8.04,68.286,68.764,236374600.0
3.8,2.0,0.368,0.378,0.356,0.368,0.346,0.278,0.291,0.269,0.022,8.03,68.227,68.701,236998300.0
3.81,2.0,0.367,0.377,0.356,0.367,0.346,0.278,0.291,0.269,0.022,8.02,68.169,68.639,237622000.0
3.82,2.0,0.366,0.376,0.355,0.366,0.345,0.278,0.291,0.269,0.022,8.02,68.112,68.578,238245700.0
3.83,2.0,0.365,0.375,0.354,0.365,0.344,0.277,0.29,0.268,0.022,8.01,68.054,68.516,238869400.0
3.84,2.0,0.364,0.374,0.353,0.365,0.343,0.277,0.29,0.268,0.022,8.0,67.997,68.455,239493000.0
3.85,2.0,0.363,0.374,0.352,0.364,0.342,0.277,0.29,0.268,0.022,7.99,67.94,68.394,240116700.0
3.86,2.0,0.362,0.373,0.352,0.363,0.342,0.277,0.289,0.268,0.022,7.99,67.883,68.334,240740400.0
3.87,2.0,0.361,0.372,0.351,0.362,0.341,0.276,0.289,0.267,0.022,7.98,67.826,68.273,241364100.0
3.88,2.0,0.361,0.371,0.35,0.361,0.34,0.276,0.289,0.267,0.022,7.97,67.77,68.213,241987800.0
3.89,2.0,0.36,0.37,0.349,0.36,0.339,0.276,0.289,0.267,0.022,7.97,67.714,68.153,242611500.0
3.9,2.0,0.359,0.369,0.348,0.359,0.338,0.276,0.288,0.267,0.022,7.96,67.658,68.093,243235100.0
3.91,2.0,0.358,0.368,0.347,0.358,0.338,0.275,0.288,0.266,0.021,7.95,67.602,68.034,243858800.0
3.92,2.0,0.357,0.367,0.347,0.358,0.337,0.275,0.288,0.266,0.021,7.94,67.547,67.975,244482500.0
3.93,2.0,0.356,0.367,0.346,0.357,0.336,0.275,0.287,0.266,0.021,7.94,67.491,67.916,245106200.0
3.94,2.0,0.355,0.366,0.345,0.356,0.335,0.275,0.287,0.266,0.021,7.93,67.436,67.857,245729800.0
3.95,2.0,0.355,0.365,0.344,0.355,0.334,0.274,0.287,0.266,0.021,7.92,67.382,67.799,246353500.0
3.96,2.0,0.354,0.364,0.343,0.354,0.334,0.274,0.287,0.265,0.021,7.92,67.327,67.74,246977200.0
3.97,2.0,0.353,0.363,0.343,0.353,0.333,0.274,0.286,0.265,0.021,7.91,67.273,67.682,247600900.0
3.98,2.0,0.352,0.362,0.342,0.353,0.332,0.273,0.286,0.265,0.021,7.9,67.219,67.625,248224600.0
3.99,2.0,0.351,0.361,0.341,0.352,0.331,0.273,0.286,0.265,0.021,7.9,67.165,67.567,248848200.0
4.0,2.0,0.35,0.361,0.34,0.351,0.331,0.273,0.285,0.264,0.021,7.89,67.111,67.51,249471900.0
4.01,2.0,0.35,0.36,0.34,0.35,0.33,0.273,0.285,0.264,0.021,7.88,67.058,67.453,250095600.0
4.02,2.0,0.349,0.359,0.339,0.349,0.329,0.273,0.285,0.264,0.021,7.88,67.005,67.396,250719300.0
4.03,2.0,0.348,0.358,0.338,0.348,0.328,0.272,0.285,0.264,0.021,7.87,66.952,67.34,251343000.0
4.04,2.0,0.347,0.357,0.337,0.348,0.327,0.272,0.284,0.263,0.021,7.87,66.899,67.284,251966600.0
4.05,2.0,0.346,0.356,0.336,0.347,0.327,0.272,0.284,0.263,0.021,7.86,66.847,67.228,252590300.0
4.06,2.0,0.346,0.356,0.336,0.346,0.326,0.272,0.284,0.263,0.021,7.85,66.794,67.172,253214000.0
4.07,2.0,0.345,0.355,0.335,0.345,0.325,0.271,0.284,0.263,0.021,7.85,66.742,67.117,253837700.0
4.08,2.0,0.344,0.354,0.334,0.344,0.325,0.271,0.283,0.263,0.021,7.84,66.691,67.062,254461400.0
4.09,2.0,0.343,0.353,0.333,0.344,0.324,0.271,0.283,0.262,0.021,7.84,66.639,67.007,255085000.0
4.1,2.0,0.342,0.352,0.333,0.343,0.323,0.271,0.283,0.262,0.021,7.83,66.588,66.952,255708700.0
4.11,2.0,0.342,0.352,0.332,0.342,0.322,0.27,0.283,0.262,0.021,7.82,66.537,66.897,256332400.0
4.12,2.0,0.341,0.351,0.331,0.341,0.322,0.27,0.282,0.262,0.02,7.82,66.486,66.843,256956100.0
4.13,2.0,0.34,0.35,0.331,0.34,0.321,0.27,0.282,0.262,0.02,7.81,66.435,66.789,257579800.0
4.14,2.0,0.339,0.349,0.33,0.34,0.32,0.27,0.282,0.261,0.02,7.81,66.385,66.736,258203400.0
4.15,2.0,0.338,0.349,0.329,0.339,0.319,0.27,0.282,0.261,0.02,7.8,66.335,66.682,258827100.0
4.16,2.0,0.338,0.348,0.328,0.338,0.319,0.269,0.281,0.261,0.02,7.8,66.285,66.629,259450800.0
4.17,2.0,0.337,0.347,0.328,0.337,0.318,0.269,0.281,0.261,0.02,7.79,66.235,66.576,260074500.0
4.18,2.0,0.336,0.346,0.327,0.337,0.317,0.269,0.281,0.261,0.02,7.78,66.186,66.523,260698100.0
4.19,2.0,0.335,0.345,0.326,0.336,0.317,0.269,0.281,0.26,0.02,7.78,66.136,66.471,261321800.0
4.2,2.0,0.335,0.345,0.326,0.335,0.316,0.268,0.28,0.26,0.02,7.77,66.087,66.419,261945500.0
4.21,2.0,0.334,0.344,0.325,0.334,0.315,0.268,0.28,0.26,0.02,7.77,66.039,66.367,262569200.0
4.22,2.0,0.333,0.343,0.324,0.334,0.315,0.268,0.28,0.26,0.02,7.76,65.99,66.315,263192900.0
4.23,2.0,0.332,0.342,0.323,0.333,0.314,0.268,0.28,0.26,0.02,7.76,65.945,66.267,263816600.0
4.24,2.0,0.332,0.342,0.323,0.332,0.313,0.267,0.279,0.259,0.02,7.75,65.918,66.238,264440200.0
4.25,2.0,0.331,0.341,0.322,0.331,0.313,0.267,0.279,0.259,0.02,7.73,65.891,66.209,265063900.0
4.26,2.0,0.33,0.34,0.321,0.331,0.312,0.267,0.278,0.258,0.02,7.72,65.864,66.18,265687600.0
4.27,2.0,0.329,0.339,0.321,0.33,0.311,0.266,0.278,0.258,0.02,7.71,65.838,66.151,266311300.0
4.28,2.0,0.329,0.339,0.32,0.329,0.311,0.266,0.277,0.258,0.02,7.7,65.811,66.122,266935000.0
4.29,2.0,0.328,0.338,0.319,0.328,0.31,0.265,0.277,0.257,0.02,7.69,65.784,66.093,267558600.0
4.3,2.0,0.327,0.337,0.319,0.328,0.309,0.265,0.276,0.257,0.02,7.68,65.758,66.064,268182300.0
4.31,2.0,0.327,0.336,0.318,0.327,0.309,0.264,0.276,0.256,0.02,7.66,65.731,66.035,268806000.0
4.32,2.0,0.326,0.336,0.317,0.326,0.308,0.264,0.276,0.256,0.019,7.65,65.704,66.007,269429700.0
4.33,2.0,0.325,0.335,0.317,0.326,0.307,0.264,0.275,0.256,0.019,7.64,65.678,65.978,270053300.0
4.34,2.0,0.324,0.334,0.316,0.325,0.307,0.263,0.275,0.255,0.019,7.63,65.651,65.949,270677100.0
4.35,2.0,0.324,0.334,0.315,0.324,0.306,0.263,0.274,0.255,0.019,7.62,65.625,65.921,271300700.0
4.36,2.0,0.323,0.333,0.315,0.323,0.305,0.262,0.274,0.254,0.019,7.61,65.598,65.892,271924400.0
4.37,2.0,0.322,0.332,0.314,0.323,0.305,0.262,0.273,0.254,0.019,7.6,65.571,65.863,272548100.0
4.38,2.0,0.322,0.331,0.313,0.322,0.304,0.261,0.273,0.254,0.019,7.58,65.545,65.835,273171700.0
4.39,2.0,0.321,0.331,0.313,0.321,0.303,0.261,0.272,0.253,0.019,7.57,65.519,65.806,273795400.0
4.4,2.0,0.32,0.33,0.312,0.321,0.303,0.261,0.272,0.253,0.019,7.56,65.492,65.777,274419100.0
4.41,2.0,0.32,0.329,0.311,0.32,0.302,0.26,0.272,0.252,0.019,7.55,65.466,65.749,275042800.0
4.42,2.0,0.319,0.329,0.311,0.319,0.302,0.26,0.271,0.252,0.019,7.54,65.439,65.72,275666500.0
4.43,2.0,0.318,0.328,0.31,0.319,0.301,0.259,0.271,0.252,0.019,7.53,65.413,65.692,276290100.0
4.44,2.0,0.318,0.327,0.31,0.318,0.3,0.259,0.27,0.251,0.019,7.52,65.387,65.663,276913800.0
4.45,2.0,0.317,0.326,0.309,0.317,0.3,0.259,0.27,0.251,0.019,7.51,65.36,65.635,277537500.0
4.46,2.0,0.316,0.326,0.308,0.317,0.299,0.258,0.269,0.251,0.019,7.5,65.334,65.607,278161200.0
4.47,2.0,0.316,0.325,0.308,0.316,0.299,0.258,0.269,0.25,0.019,7.49,65.308,65.578,278784900.0
4.48,2.0,0.315,0.324,0.307,0.315,0.298,0.257,0.269,0.25,0.019,7.47,65.282,65.55,279408500.0
4.49,2.0,0.314,0.324,0.307,0.315,0.297,0.257,0.268,0.249,0.019,7.46,65.255,65.522,280032200.0
4.5,2.0,0.314,0.323,0.306,0.314,0.297,0.257,0.268,0.249,0.019,7.45,65.229,65.493,280655900.0
4.51,2.0,0.313,0.322,0.305,0.313,0.296,0.256,0.267,0.249,0.019,7.44,65.203,65.465,281279600.0
4.52,2.0,0.312,0.322,0.305,0.313,0.296,0.256,0.267,0.248,0.019,7.43,65.177,65.437,281903300.0
4.53,2.0,0.312,0.321,0.304,0.312,0.295,0.255,0.266,0.248,0.018,7.42,65.151,65.409,282527000.0
4.54,2.0,0.311,0.32,0.304,0.311,0.295,0.255,0.266,0.248,0.018,7.41,65.125,65.381,283150600.0
4.55,2.0,0.31,0.32,0.303,0.311,0.294,0.255,0.266,0.247,0.018,7.4,65.099,65.352,283774300.0
4.56,2.0,0.31,0.319,0.302,0.31,0.293,0.254,0.265,0.247,0.018,7.39,65.073,65.324,284398000.0
4.57,2.0,0.309,0.318,0.302,0.309,0.293,0.254,0.265,0.246,0.018,7.38,65.047,65.296,285021700.0
4.58,2.0,0.308,0.318,0.301,0.309,0.292,0.253,0.264,0.246,0.018,7.37,65.021,65.268,285645300.0
4.59,2.0,0.308,0.317,0.301,0.308,0.292,0.253,0.264,0.246,0.018,7.36,64.995,65.24,286269000.0
4.6,2.0,0.307,0.316,0.3,0.307,0.291,0.253,0.264,0.245,0.018,7.35,64.969,65.212,286892700.0
4.61,2.0,0.306,0.316,0.3,0.307,0.291,0.252,0.263,0.245,0.018,7.34,64.943,65.184,287516400.0
4.62,2.0,0.306,0.315,0.299,0.306,0.29,0.252,0.263,0.245,0.018,7.33,64.917,65.156,288140100.0
4.63,2.0,0.305,0.314,0.298,0.305,0.289,0.251,0.262,0.244,0.018,7.32,64.891,65.128,288763700.0
4.64,2.0,0.304,0.314,0.298,0.305,0.289,0.251,0.262,0.244,0.018,7.31,64.866,65.101,289387400.0
4.65,2.0,0.304,0.313,0.297,0.304,0.288,0.251,0.261,0.244,0.018,7.3,64.84,65.073,290011100.0
4.66,2.0,0.303,0.313,0.297,0.304,0.288,0.25,0.261,0.243,0.018,7.29,64.814,65.045,290634800.0
4.67,2.0,0.303,0.312,0.296,0.303,0.287,0.25,0.261,0.243,0.018,7.28,64.788,65.017,291258500.0
4.68,2.0,0.302,0.311,0.296,0.302,0.287,0.25,0.26,0.243,0.018,7.27,64.763,64.989,291882100.0
4.69,2.0,0.301,0.311,0.295,0.302,0.286,0.249,0.26,0.242,0.018,7.26,64.737,64.962,292505800.0
4.7,2.0,0.301,0.31,0.294,0.301,0.286,0.249,0.259,0.242,0.018,7.25,64.711,64.934,293129500.0
4.71,2.0,0.3,0.309,0.294,0.301,0.285,0.248,0.259,0.242,0.018,7.24,64.686,64.906,293753200.0
4.72,2.0,0.3,0.309,0.293,0.3,0.285,0.248,0.259,0.241,0.018,7.23,64.66,64.879,294376900.0
4.73,2.0,0.299,0.308,0.293,0.299,0.284,0.248,0.258,0.241,0.017,7.22,64.634,64.851,295000500.0
4.74,2.0,0.298,0.308,0.292,0.299,0.283,0.247,0.258,0.24,0.017,7.21,64.609,64.824,295624200.0
4.75,2.0,0.298,0.307,0.292,0.298,0.283,0.247,0.258,0.24,0.017,7.2,64.583,64.796,296247900.0
4.76,2.0,0.297,0.306,0.291,0.297,0.282,0.247,0.257,0.24,0.017,7.19,64.558,64.769,296871600.0
4.77,2.0,0.297,0.306,0.291,0.297,0.282,0.246,0.257,0.239,0.017,7.18,64.532,64.741,297495300.0
4.78,2.0,0.296,0.305,0.29,0.296,0.281,0.246,0.256,0.239,0.017,7.17,64.507,64.714,298118900.0
4.79,2.0,0.295,0.304,0.29,0.296,0.281,0.245,0.256,0.239,0.017,7.16,64.481,64.686,298742600.0
4.8,2.0,0.295,0.304,0.289,0.295,0.28,0.245,0.256,0.238,0.017,7.15,64.456,64.659,299366300.0
4.81,2.0,0.294,0.303,0.289,0.295,0.28,0.245,0.255,0.238,0.017,7.14,64.431,64.632,299990000.0
4.82,2.0,0.294,0.303,0.288,0.294,0.279,0.244,0.255,0.238,0.017,7.13,64.405,64.604,300613700.0
4.83,2.0,0.293,0.302,0.287,0.293,0.279,0.244,0.254,0.237,0.017,7.12,64.38,64.577,301237300.0
4.84,2.0,0.292,0.301,0.287,0.293,0.278,0.244,0.254,0.237,0.017,7.11,64.355,64.55,301861000.0
4.85,2.0,0.292,0.301,0.286,0.292,0.278,0.243,0.254,0.237,0.017,7.1,64.33,64.522,302484700.0
4.86,2.0,0.291,0.3,0.286,0.292,0.277,0.243,0.253,0.236,0.017,7.09,64.304,64.495,303108400.0
4.87,2.0,0.291,0.3,0.285,0.291,0.277,0.243,0.253,0.236,0.017,7.08,64.279,64.468,303732100.0
4.88,2.0,0.29,0.299,0.285,0.29,0.276,0.242,0.253,0.236,0.017,7.07,64.254,64.441,304355700.0
4.89,2.0,0.29,0.298,0.284,0.29,0.276,0.242,0.252,0.235,0.017,7.06,64.229,64.414,304979400.0
4.9,2.0,0.289,0.298,0.284,0.289,0.275,0.242,0.252,0.235,0.017,7.05,64.204,64.387,305603100.0
4.91,2.0,0.288,0.297,0.283,0.289,0.275,0.241,0.251,0.235,0.017,7.04,64.178,64.36,306226800.0
4.92,2.0,0.288,0.297,0.283,0.288,0.274,0.241,0.251,0.234,0.017,7.03,64.153,64.333,306850500.0
4.93,2.0,0.287,0.296,0.282,0.288,0.274,0.24,0.251,0.234,0.016,7.03,64.128,64.306,307474100.0
4.94,2.0,0.287,0.296,0.282,0.287,0.273,0.24,0.25,0.234,0.016,7.02,64.103,64.279,308097800.0
4.95,2.0,0.286,0.295,0.281,0.286,0.273,0.24,0.25,0.234,0.016,7.01,64.078,64.252,308721500.0
4.96,2.0,0.286,0.294,0.281,0.286,0.272,0.239,0.25,0.233,0.016,7.0,64.053,64.225,309345200.0
4.97,2.0,0.285,0.294,0.28,0.285,0.272,0.239,0.249,0.233,0.016,6.99,64.028,64.198,309968800.0
4.98,2.0,0.284,0.293,0.28,0.285,0.271,0.239,0.249,0.233,0.016,6.98,64.003,64.171,310592500.0
4.99,2.0,0.284,0.293,0.279,0.284,0.271,0.238,0.248,0.232,0.016,6.97,63.979,64.144,311216200.0
5.0,2.0,0.283,0.292,0.279,0.284,0.27,0.238,0.248,0.232,0.016,6.96,63.954,64.118,311839900.0
5.01,2.0,0.283,0.292,0.278,0.283,0.27,0.238,0.248,0.232,0.016,6.95,63.929,64.091,312463600.0
5.02,2.0,0.282,0.291,0.278,0.283,0.269,0.237,0.247,0.231,0.016,6.94,63.904,64.064,313087300.0
5.03,2.0,0.282,0.29,0.277,0.282,0.269,0.237,0.247,0.231,0.016,6.93,63.879,64.038,313710900.0
5.04,2.0,0.281,0.29,0.277,0.281,0.268,0.237,0.247,0.231,0.016,6.93,63.854,64.011,314334600.0
5.05,2.0,0.281,0.289,0.276,0.281,0.268,0.236,0.246,0.23,0.016,6.92,63.83,63.984,314958300.0
5.06,2.0,0.28,0.289,0.276,0.28,0.267,0.236,0.246,0.23,0.016,6.91,63.805,63.958,315582000.0
5.07,2.0,0.279,0.288,0.275,0.28,0.267,0.236,0.246,0.23,0.016,6.9,63.78,63.931,316205700.0
5.08,2.0,0.279,0.288,0.275,0.279,0.266,0.235,0.245,0.229,0.016,6.89,63.756,63.905,316829300.0
5.09,2.0,0.278,0.287,0.274,0.279,0.266,0.235,0.245,0.229,0.016,6.88,63.731,63.878,317453000.0
5.1,2.0,0.278,0.287,0.274,0.278,0.265,0.235,0.245,0.229,0.016,6.87,63.706,63.852,318076700.0
5.11,2.0,0.277,0.286,0.273,0.278,0.265,0.234,0.244,0.229,0.016,6.86,63.682,63.825,318700400.0
5.12,2.0,0.277,0.285,0.273,0.277,0.264,0.234,0.244,0.228,0.016,6.86,63.657,63.799,319324100.0
5.13,2.0,0.276,0.285,0.272,0.277,0.264,0.234,0.243,0.228,0.016,6.85,63.633,63.773,319947700.0
5.14,2.0,0.276,0.284,0.272,0.276,0.263,0.233,0.243,0.228,0.015,6.84,63.608,63.746,320571400.0
5.15,2.0,0.275,0.284,0.271,0.276,0.263,0.233,0.243,0.227,0.015,6.83,63.584,63.72,321195100.0
5.16,2.0,0.275,0.283,0.271,0.275,0.262,0.233,0.242,0.227,0.015,6.82,63.559,63.694,321818800.0
5.17,2.0,0.274,0.283,0.27,0.274,0.262,0.232,0.242,0.227,0.015,6.81,63.535,63.667,322442500.0
5.18,2.0,0.274,0.282,0.27,0.274,0.261,0.232,0.242,0.226,0.015,6.8,63.51,63.641,323066100.0
5.19,2.0,0.273,0.282,0.269,0.273,0.261,0.232,0.241,0.226,0.015,6.8,63.486,63.615,323689800.0
5.2,2.0,0.273,0.281,0.269,0.273,0.261,0.231,0.241,0.226,0.015,6.79,63.462,63.589,324313500.0
5.21,2.0,0.272,0.281,0.268,0.272,0.26,0.231,0.241,0.226,0.015,6.78,63.437,63.563,324937200.0
5.22,2.0,0.272,0.28,0.268,0.272,0.26,0.231,0.24,0.225,0.015,6.77,63.413,63.537,325560800.0
5.23,2.0,0.271,0.28,0.267,0.271,0.259,0.23,0.24,0.225,0.015,6.76,63.389,63.511,326184500.0
5.24,2.0,0.27,0.279,0.267,0.271,0.259,0.23,0.24,0.225,0.015,6.75,63.365,63.485,326808200.0
5.25,2.0,0.27,0.278,0.266,0.27,0.258,0.23,0.239,0.224,0.015,6.75,63.34,63.459,327431900.0
5.26,2.0,0.269,0.278,0.266,0.27,0.258,0.229,0.239,0.224,0.015,6.74,63.316,63.433,328055600.0
5.27,2.0,0.269,0.277,0.265,0.269,0.257,0.229,0.239,0.224,0.015,6.73,63.292,63.407,328679300.0
5.28,2.0,0.268,0.277,0.265,0.269,0.257,0.229,0.238,0.224,0.015,6.72,63.268,63.381,329302900.0
5.29,2.0,0.268,0.276,0.264,0.268,0.256,0.228,0.238,0.223,0.015,6.71,63.244,63.355,329926600.0
5.3,2.0,0.267,0.276,0.264,0.268,0.256,0.228,0.238,0.223,0.015,6.71,63.22,63.329,330550300.0
5.31,2.0,0.267,0.275,0.264,0.267,0.255,0.228,0.237,0.223,0.015,6.7,63.196,63.303,331174000.0
5.32,2.0,0.266,0.275,0.263,0.267,0.255,0.228,0.237,0.222,0.015,6.69,63.171,63.278,331797700.0
5.33,2.0,0.266,0.274,0.263,0.266,0.254,0.227,0.237,0.222,0.015,6.68,63.147,63.252,332421300.0
5.34,2.0,0.265,0.274,0.262,0.266,0.254,0.227,0.236,0.222,0.014,6.67,63.123,63.226,333045000.0
5.35,2.0,0.265,0.273,0.262,0.265,0.254,0.227,0.236,0.222,0.014,6.67,63.099,63.201,333668700.0
5.36,2.0,0.264,0.273,0.261,0.265,0.253,0.226,0.236,0.221,0.014,6.66,63.076,63.175,334292400.0
5.37,2.0,0.264,0.272,0.261,0.264,0.253,0.226,0.235,0.221,0.014,6.65,63.052,63.149,334916000.0
5.38,2.0,0.263,0.272,0.26,0.264,0.252,0.226,0.235,0.221,0.014,6.64,63.028,63.124,335539700.0
5.39,2.0,0.263,0.271,0.26,0.263,0.252,0.225,0.235,0.22,0.014,6.63,63.004,63.098,336163400.0
5.4,2.0,0.262,0.271,0.259,0.263,0.251,0.225,0.234,0.22,0.014,6.63,62.98,63.073,336787100.0
5.41,2.0,0.262,0.27,0.259,0.262,0.251,0.225,0.234,0.22,0.014,6.62,62.956,63.047,337410800.0
5.42,2.0,0.261,0.27,0.258,0.262,0.25,0.224,0.234,0.22,0.014,6.61,62.932,63.022,338034500.0
5.43,2.0,0.261,0.269,0.258,0.261,0.25,0.224,0.233,0.219,0.014,6.6,62.909,62.996,338658100.0
5.44,2.0,0.26,0.269,0.258,0.261,0.25,0.224,0.233,0.219,0.014,6.59,62.885,62.971,339281800.0
5.45,2.0,0.26,0.268,0.257,0.26,0.249,0.224,0.233,0.219,0.014,6.59,62.861,62.945,339905500.0
5.46,2.0,0.259,0.268,0.257,0.26,0.249,0.223,0.232,0.219,0.014,6.58,62.837,62.92,340529200.0
5.47,2.0,0.259,0.267,0.256,0.259,0.248,0.223,0.232,0.218,0.014,6.57,62.814,62.895,341152800.0
5.48,2.0,0.258,0.267,0.256,0.259,0.248,0.223,0.232,0.218,0.014,6.56,62.79,62.87,341776500.0
5.49,2.0,0.258,0.266,0.255,0.258,0.247,0.222,0.232,0.218,0.014,6.56,62.766,62.844,342400200.0
5.5,2.0,0.257,0.266,0.255,0.258,0.247,0.222,0.231,0.217,0.014,6.55,62.743,62.819,343023900.0
5.51,2.0,0.257,0.265,0.254,0.257,0.246,0.222,0.231,0.217,0.014,6.54,62.719,62.794,343647600.0
5.52,2.0,0.256,0.265,0.254,0.257,0.246,0.221,0.231,0.217,0.014,6.53,62.696,62.769,344271200.0
5.53,2.0,0.256,0.264,0.253,0.256,0.246,0.221,0.23,0.217,0.014,6.53,62.672,62.744,344894900.0
5.54,2.0,0.255,0.264,0.253,0.256,0.245,0.221,0.23,0.216,0.014,6.52,62.649,62.719,345518600.0
5.55,2.0,0.255,0.263,0.252,0.255,0.245,0.221,0.23,0.216,0.013,6.51,62.625,62.693,346142300.0
5.56,2.0,0.254,0.263,0.252,0.255,0.244,0.22,0.229,0.216,0.013,6.5,62.602,62.668,346766000.0
5.57,2.0,0.254,0.262,0.252,0.254,0.244,0.22,0.229,0.216,0.013,6.5,62.578,62.643,347389700.0
5.58,2.0,0.254,0.262,0.251,0.254,0.243,0.22,0.229,0.215,0.013,6.49,62.555,62.619,348013300.0
5.59,2.0,0.253,0.261,0.251,0.253,0.243,0.219,0.228,0.215,0.013,6.48,62.532,62.594,348637000.0
5.6,2.0,0.253,0.261,0.25,0.253,0.242,0.219,0.228,0.215,0.013,6.47,62.508,62.569,349260700.0
5.61,2.0,0.252,0.26,0.25,0.252,0.242,0.219,0.228,0.215,0.013,6.47,62.485,62.544,349884400.0
5.62,2.0,0.252,0.26,0.249,0.252,0.242,0.219,0.227,0.214,0.013,6.46,62.462,62.519,350508000.0
5.63,2.0,0.251,0.259,0.249,0.251,0.241,0.218,0.227,0.214,0.013,6.45,62.438,62.494,351131700.0
5.64,2.0,0.251,0.259,0.248,0.251,0.241,0.218,0.227,0.214,0.013,6.44,62.415,62.469,351755400.0
5.65,2.0,0.25,0.258,0.248,0.25,0.24,0.218,0.227,0.214,0.013,6.44,62.392,62.445,352379100.0
5.66,2.0,0.25,0.258,0.248,0.25,0.24,0.217,0.226,0.213,0.013,6.43,62.368,62.42,353002800.0
5.67,2.0,0.249,0.257,0.247,0.25,0.239,0.217,0.226,0.213,0.013,6.42,62.345,62.395,353626500.0
5.68,2.0,0.249,0.257,0.247,0.249,0.239,0.217,0.226,0.213,0.013,6.41,62.322,62.371,354250100.0
5.69,2.0,0.248,0.256,0.246,0.249,0.239,0.217,0.225,0.213,0.013,6.41,62.299,62.346,354873800.0
5.7,2.0,0.248,0.256,0.246,0.248,0.238,0.216,0.225,0.212,0.013,6.4,62.276,62.321,355497500.0
5.71,2.0,0.247,0.255,0.245,0.248,0.238,0.216,0.225,0.212,0.013,6.39,62.253,62.297,356121200.0
5.72,2.0,0.247,0.255,0.245,0.247,0.237,0.216,0.224,0.212,0.013,6.39,62.23,62.272,356744800.0
5.73,2.0,0.246,0.254,0.244,0.247,0.237,0.215,0.224,0.212,0.013,6.38,62.207,62.248,357368500.0
5.74,2.0,0.246,0.254,0.244,0.246,0.236,0.215,0.224,0.211,0.013,6.38,62.184,62.218,357992200.0
5.75,2.0,0.245,0.253,0.244,0.246,0.236,0.215,0.224,0.211,0.012,6.38,62.161,62.184,358615900.0
5.76,2.0,0.245,0.253,0.243,0.245,0.235,0.215,0.223,0.211,0.012,6.38,62.138,62.15,359239600.0
5.77,2.0,0.244,0.252,0.243,0.245,0.235,0.214,0.223,0.211,0.012,6.39,62.115,62.117,359863200.0
5.78,2.0,0.244,0.252,0.242,0.244,0.235,0.214,0.223,0.21,0.012,6.39,62.092,62.083,360486900.0
5.79,2.0,0.244,0.251,0.242,0.244,0.234,0.214,0.222,0.21,0.012,6.39,62.069,62.05,361110600.0
5.8,2.0,0.243,0.251,0.241,0.243,0.234,0.213,0.222,0.21,0.012,6.39,62.046,62.017,361734300.0
5.81,2.0,0.243,0.25,0.241,0.243,0.233,0.213,0.222,0.21,0.012,6.4,62.023,61.984,362358000.0
5.82,2.0,0.242,0.25,0.24,0.242,0.233,0.213,0.222,0.209,0.012,6.4,62.0,61.951,362981700.0
5.83,2.0,0.242,0.25,0.24,0.242,0.232,0.213,0.221,0.209,0.012,6.4,61.977,61.918,363605300.0
5.84,2.0,0.241,0.249,0.24,0.241,0.232,0.212,0.221,0.209,0.012,6.41,61.955,61.885,364229000.0
5.85,2.0,0.241,0.249,0.239,0.241,0.232,0.212,0.221,0.209,0.012,6.41,61.932,61.852,364852700.0
5.86,2.0,0.24,0.248,0.239,0.241,0.231,0.212,0.22,0.208,0.012,6.41,61.909,61.82,365476400.0
5.87,2.0,0.24,0.248,0.238,0.24,0.231,0.212,0.22,0.208,0.012,6.41,61.886,61.787,366100000.0
5.88,2.0,0.24,0.247,0.238,0.24,0.231,0.211,0.22,0.208,0.012,6.42,61.864,61.755,366723700.0
5.89,2.0,0.239,0.247,0.238,0.24,0.23,0.211,0.22,0.208,0.012,6.42,61.841,61.723,367347400.0
5.9,2.0,0.239,0.247,0.237,0.239,0.23,0.211,0.219,0.207,0.012,6.42,61.818,61.691,367971100.0
5.91,2.0,0.239,0.246,0.237,0.239,0.23,0.21,0.219,0.207,0.012,6.43,61.796,61.659,368594800.0
5.92,2.0,0.238,0.246,0.237,0.239,0.229,0.21,0.219,0.207,0.012,6.43,61.773,61.627,369218400.0
5.93,2.0,0.238,0.246,0.237,0.238,0.229,0.21,0.218,0.207,0.012,6.43,61.75,61.595,369842100.0
5.94,2.0,0.238,0.245,0.236,0.238,0.229,0.21,0.218,0.207,0.012,6.44,61.728,61.563,370465800.0
5.95,2.0,0.237,0.245,0.236,0.238,0.229,0.209,0.218,0.206,0.011,6.44,61.705,61.532,371089500.0
5.96,2.0,0.237,0.245,0.236,0.237,0.228,0.209,0.218,0.206,0.011,6.44,61.683,61.5,371713200.0
5.97,2.0,0.237,0.244,0.235,0.237,0.228,0.209,0.217,0.206,0.011,6.45,61.66,61.469,372336800.0
5.98,2.0,0.236,0.244,0.235,0.237,0.228,0.209,0.217,0.206,0.011,6.45,61.638,61.438,372960500.0
5.99,2.0,0.236,0.244,0.235,0.236,0.227,0.208,0.217,0.205,0.011,6.45,61.615,61.406,373584200.0
6.0,2.0,0.236,0.243,0.235,0.236,0.227,0.208,0.216,0.205,0.011,6.46,61.593,61.375,374207900.0
6.01,2.0,0.235,0.243,0.234,0.236,0.227,0.208,0.216,0.205,0.011,6.46,61.57,61.344,374831600.0
6.02,2.0,0.235,0.243,0.234,0.235,0.227,0.208,0.216,0.205,0.011,6.46,61.548,61.314,375455200.0
6.03,2.0,0.235,0.243,0.234,0.235,0.226,0.207,0.216,0.204,0.011,6.47,61.526,61.283,376078900.0
6.04,2.0,0.235,0.242,0.234,0.235,0.226,0.207,0.215,0.204,0.011,6.47,61.503,61.252,376702600.0
6.05,2.0,0.234,0.242,0.233,0.235,0.226,0.207,0.215,0.204,0.011,6.47,61.481,61.222,377326300.0
6.06,2.0,0.234,0.242,0.233,0.234,0.226,0.206,0.215,0.204,0.011,6.48,61.459,61.192,377950000.0
6.07,2.0,0.234,0.241,0.233,0.234,0.226,0.206,0.215,0.204,0.011,6.48,61.436,61.161,378573700.0
6.08,2.0,0.234,0.241,0.233,0.234,0.225,0.206,0.214,0.203,0.011,6.48,61.414,61.131,379197300.0
6.09,2.0,0.233,0.241,0.232,0.234,0.225,0.206,0.214,0.203,0.011,6.49,61.392,61.101,379821000.0
6.1,2.0,0.233,0.241,0.232,0.233,0.225,0.205,0.214,0.203,0.011,6.49,61.37,61.071,380444700.0
6.11,2.0,0.233,0.24,0.232,0.233,0.225,0.205,0.213,0.203,0.011,6.49,61.347,61.041,381068400.0
6.12,2.0,0.233,0.24,0.232,0.233,0.224,0.205,0.213,0.202,0.011,6.5,61.325,61.011,381692000.0
6.13,2.0,0.232,0.24,0.231,0.233,0.224,0.205,0.213,0.202,0.011,6.5,61.303,60.982,382315700.0
6.14,2.0,0.232,0.24,0.231,0.232,0.224,0.204,0.213,0.202,0.011,6.5,61.281,60.952,382939400.0
6.15,2.0,0.232,0.239,0.231,0.232,0.224,0.204,0.212,0.202,0.011,6.51,61.259,60.923,383563100.0
6.16,2.0,0.232,0.239,0.231,0.232,0.224,0.204,0.212,0.202,0.01,6.51,61.237,60.894,384186800.0
6.17,2.0,0.231,0.239,0.231,0.232,0.223,0.204,0.212,0.201,0.01,6.51,61.215,60.864,384810400.0
6.18,2.0,0.231,0.239,0.23,0.231,0.223,0.203,0.212,0.201,0.01,6.52,61.193,60.835,385434100.0
6.19,2.0,0.231,0.238,0.23,0.231,0.223,0.203,0.211,0.201,0.01,6.52,61.171,60.806,386057800.0
6.2,2.0,0.231,0.238,0.23,0.231,0.223,0.203,0.211,0.201,0.01,6.52,61.149,60.777,386681500.0
6.21,2.0,0.23,0.238,0.23,0.231,0.222,0.203,0.211,0.201,0.01,6.53,61.127,60.749,387305200.0
6.22,2.0,0.23,0.238,0.229,0.23,0.222,0.202,0.21,0.2,0.01,6.53,61.105,60.72,387928800.0
6.23,2.0,0.23,0.237,0.229,0.23,0.222,0.202,0.21,0.2,0.01,6.54,61.083,60.691,388552500.0
6.24,2.0,0.23,0.237,0.229,0.23,0.222,0.202,0.21,0.2,0.01,6.54,61.061,60.663,389176200.0
6.25,2.0,0.229,0.237,0.229,0.23,0.222,0.202,0.21,0.2,0.01,6.54,61.039,60.634,389799900.0
6.26,2.0,0.229,0.236,0.229,0.229,0.221,0.201,0.209,0.199,0.01,6.55,61.017,60.606,390423600.0
6.27,2.0,0.229,0.236,0.228,0.229,0.221,0.201,0.209,0.199,0.01,6.55,60.995,60.578,391047200.0
6.28,2.0,0.229,0.236,0.228,0.229,0.221,0.201,0.209,0.199,0.01,6.55,60.973,60.55,391670900.0
6.29,2.0,0.228,0.236,0.228,0.229,0.221,0.201,0.209,0.199,0.01,6.56,60.951,60.522,392294600.0
6.3,2.0,0.228,0.235,0.228,0.228,0.221,0.2,0.208,0.199,0.01,6.56,60.93,60.494,392918300.0
6.31,2.0,0.228,0.235,0.227,0.228,0.22,0.2,0.208,0.198,0.01,6.57,60.908,60.466,393542000.0
6.32,2.0,0.228,0.235,0.227,0.228,0.22,0.2,0.208,0.198,0.01,6.57,60.886,60.439,394165600.0
6.33,2.0,0.227,0.235,0.227,0.228,0.22,0.2,0.208,0.198,0.01,6.57,60.864,60.411,394789300.0
6.34,2.0,0.227,0.234,0.227,0.227,0.22,0.199,0.207,0.198,0.01,6.58,60.843,60.383,395413000.0
6.35,2.0,0.227,0.234,0.227,0.227,0.219,0.199,0.207,0.198,0.01,6.58,60.821,60.356,396036700.0
6.36,2.0,0.227,0.234,0.226,0.227,0.219,0.199,0.207,0.197,0.009,6.59,60.799,60.329,396660400.0
6.37,2.0,0.226,0.234,0.226,0.227,0.219,0.199,0.207,0.197,0.009,6.59,60.778,60.302,397284000.0
6.38,2.0,0.226,0.233,0.226,0.226,0.219,0.198,0.206,0.197,0.009,6.59,60.756,60.275,397907700.0
6.39,2.0,0.226,0.233,0.226,0.226,0.219,0.198,0.206,0.197,0.009,6.6,60.734,60.248,398531400.0
6.4,2.0,0.226,0.233,0.225,0.226,0.218,0.198,0.206,0.197,0.009,6.6,60.713,60.221,399155100.0
6.41,2.0,0.225,0.233,0.225,0.226,0.218,0.198,0.206,0.196,0.009,6.61,60.691,60.194,399778800.0
6.42,2.0,0.225,0.232,0.225,0.225,0.218,0.197,0.205,0.196,0.009,6.61,60.669,60.167,400402400.0
6.43,2.0,0.225,0.232,0.225,0.225,0.218,0.197,0.205,0.196,0.009,6.61,60.648,60.141,401026100.0
6.44,2.0,0.225,0.232,0.225,0.225,0.218,0.197,0.205,0.196,0.009,6.62,60.626,60.114,401649800.0
6.45,2.0,0.224,0.232,0.224,0.225,0.217,0.197,0.205,0.196,0.009,6.62,60.605,60.088,402273500.0
6.46,2.0,0.224,0.231,0.224,0.224,0.217,0.196,0.204,0.195,0.009,6.63,60.583,60.061,402897200.0
6.47,2.0,0.224,0.231,0.224,0.224,0.217,0.196,0.204,0.195,0.009,6.63,60.562,60.035,403520800.0
6.48,2.0,0.224,0.231,0.224,0.224,0.217,0.196,0.204,0.195,0.009,6.63,60.54,60.009,404144500.0
6.49,2.0,0.223,0.231,0.223,0.224,0.216,0.196,0.204,0.195,0.009,6.64,60.519,59.983,404768200.0
6.5,2.0,0.223,0.23,0.223,0.223,0.216,0.195,0.203,0.195,0.009,6.64,60.498,59.957,405391900.0
6.51,2.0,0.223,0.23,0.223,0.223,0.216,0.195,0.203,0.194,0.009,6.65,60.476,59.931,406015600.0
6.52,2.0,0.223,0.23,0.223,0.223,0.216,0.195,0.203,0.194,0.009,6.65,60.455,59.906,406639200.0
6.53,2.0,0.222,0.23,0.223,0.223,0.216,0.195,0.203,0.194,0.009,6.65,60.433,59.88,407262900.0
6.54,2.0,0.222,0.229,0.222,0.223,0.215,0.194,0.202,0.194,0.009,6.66,60.412,59.855,407886600.0
6.55,2.0,0.222,0.229,0.222,0.222,0.215,0.194,0.202,0.194,0.009,6.66,60.391,59.829,408510300.0
6.56,2.0,0.222,0.229,0.222,0.222,0.215,0.194,0.202,0.193,0.009,6.67,60.37,59.804,409134000.0
6.57,2.0,0.222,0.229,0.222,0.222,0.215,0.194,0.202,0.193,0.008,6.67,60.348,59.779,409757600.0
6.58,2.0,0.221,0.228,0.221,0.222,0.215,0.194,0.201,0.193,0.008,6.68,60.327,59.753,410381300.0
6.59,2.0,0.221,0.228,0.221,0.221,0.214,0.193,0.201,0.193,0.008,6.68,60.306,59.728,411005000.0
6.6,2.0,0.221,0.228,0.221,0.221,0.214,0.193,0.201,0.193,0.008,6.68,60.284,59.703,411628700.0
6.61,2.0,0.221,0.228,0.221,0.221,0.214,0.193,0.201,0.192,0.008,6.69,60.263,59.679,412252400.0
6.62,2.0,0.22,0.227,0.221,0.221,0.214,0.193,0.2,0.192,0.008,6.69,60.242,59.654,412876000.0
6.63,2.0,0.22,0.227,0.22,0.22,0.214,0.192,0.2,0.192,0.008,6.7,60.221,59.629,413499700.0
6.64,2.0,0.22,0.227,0.22,0.22,0.213,0.192,0.2,0.192,0.008,6.7,60.2,59.604,414123400.0
6.65,2.0,0.22,0.227,0.22,0.22,0.213,0.192,0.2,0.192,0.008,6.71,60.179,59.58,414747100.0
6.66,2.0,0.219,0.227,0.22,0.22,0.213,0.192,0.199,0.191,0.008,6.71,60.158,59.556,415370800.0
6.67,2.0,0.219,0.226,0.22,0.219,0.213,0.191,0.199,0.191,0.008,6.71,60.136,59.531,415994400.0
6.68,2.0,0.219,0.226,0.219,0.219,0.212,0.191,0.199,0.191,0.008,6.72,60.115,59.507,416618100.0
6.69,2.0,0.219,0.226,0.219,0.219,0.212,0.191,0.199,0.191,0.008,6.72,60.094,59.483,417241800.0
6.7,2.0,0.218,0.226,0.219,0.219,0.212,0.191,0.199,0.191,0.008,6.73,60.073,59.459,417865400.0
6.71,2.0,0.218,0.225,0.219,0.219,0.212,0.191,0.198,0.191,0.008,6.73,60.052,59.435,418489200.0
6.72,2.0,0.218,0.225,0.218,0.218,0.212,0.19,0.198,0.19,0.008,6.74,60.031,59.411,419112800.0
6.73,2.0,0.218,0.225,0.218,0.218,0.211,0.19,0.198,0.19,0.008,6.74,60.01,59.387,419736500.0
6.74,2.0,0.218,0.225,0.218,0.218,0.211,0.19,0.198,0.19,0.008,6.75,59.989,59.364,420360200.0
6.75,2.0,0.217,0.224,0.218,0.218,0.211,0.19,0.197,0.19,0.008,6.75,59.968,59.34,420983900.0
6.76,2.0,0.217,0.224,0.218,0.217,0.211,0.189,0.197,0.19,0.008,6.75,59.947,59.316,421607600.0
6.77,2.0,0.217,0.224,0.217,0.217,0.211,0.189,0.197,0.189,0.007,6.76,59.926,59.293,422231200.0
6.78,2.0,0.217,0.224,0.217,0.217,0.21,0.189,0.197,0.189,0.007,6.76,59.905,59.27,422854900.0
6.79,2.0,0.216,0.223,0.217,0.217,0.21,0.189,0.196,0.189,0.007,6.77,59.885,59.246,423478600.0
6.8,2.0,0.216,0.223,0.217,0.216,0.21,0.189,0.196,0.189,0.007,6.77,59.864,59.223,424102300.0
6.81,2.0,0.216,0.223,0.217,0.216,0.21,0.188,0.196,0.189,0.007,6.78,59.843,59.2,424726000.0
6.82,2.0,0.216,0.223,0.216,0.216,0.21,0.188,0.196,0.189,0.007,6.78,59.822,59.177,425349600.0
6.83,2.0,0.216,0.222,0.216,0.216,0.209,0.188,0.196,0.188,0.007,6.79,59.801,59.154,425973300.0
6.84,2.0,0.215,0.222,0.216,0.216,0.209,0.188,0.195,0.188,0.007,6.79,59.78,59.132,426597000.0
6.85,2.0,0.215,0.222,0.216,0.215,0.209,0.187,0.195,0.188,0.007,6.8,59.76,59.109,427220700.0
6.86,2.0,0.215,0.222,0.215,0.215,0.209,0.187,0.195,0.188,0.007,6.8,59.739,59.086,427844400.0
6.87,2.0,0.215,0.222,0.215,0.215,0.209,0.187,0.195,0.188,0.007,6.81,59.718,59.064,428468000.0
6.88,2.0,0.214,0.221,0.215,0.215,0.208,0.187,0.194,0.187,0.007,6.81,59.697,59.041,429091700.0
6.89,2.0,0.214,0.221,0.215,0.214,0.208,0.187,0.194,0.187,0.007,6.81,59.677,59.019,429715400.0
6.9,2.0,0.214,0.221,0.215,0.214,0.208,0.186,0.194,0.187,0.007,6.82,59.656,58.997,430339100.0
6.91,2.0,0.214,0.221,0.214,0.214,0.208,0.186,0.194,0.187,0.007,6.82,59.635,58.974,430962700.0
6.92,2.0,0.213,0.22,0.214,0.214,0.208,0.186,0.193,0.187,0.007,6.83,59.615,58.952,431586400.0
6.93,2.0,0.213,0.22,0.214,0.214,0.207,0.186,0.193,0.187,0.007,6.83,59.594,58.93,432210100.0
6.94,2.0,0.213,0.22,0.214,0.213,0.207,0.185,0.193,0.186,0.007,6.84,59.573,58.908,432833800.0
6.95,2.0,0.213,0.22,0.214,0.213,0.207,0.185,0.193,0.186,0.007,6.84,59.553,58.886,433457400.0
6.96,2.0,0.213,0.219,0.213,0.213,0.207,0.185,0.193,0.186,0.007,6.85,59.532,58.865,434081200.0
6.97,2.0,0.212,0.219,0.213,0.213,0.207,0.185,0.192,0.186,0.006,6.85,59.512,58.843,434704800.0
6.98,2.0,0.212,0.219,0.213,0.212,0.206,0.185,0.192,0.186,0.006,6.86,59.491,58.821,435328500.0
6.99,2.0,0.212,0.219,0.213,0.212,0.206,0.184,0.192,0.186,0.006,6.86,59.47,58.8,435952200.0
7.0,2.0,0.212,0.219,0.213,0.212,0.206,0.184,0.192,0.185,0.006,6.87,59.45,58.778,436575900.0
7.01,2.0,0.212,0.218,0.212,0.212,0.206,0.184,0.191,0.185,0.006,6.87,59.429,58.757,437199600.0
7.02,2.0,0.211,0.218,0.212,0.212,0.206,0.184,0.191,0.185,0.006,6.88,59.409,58.736,437823200.0
7.03,2.0,0.211,0.218,0.212,0.211,0.206,0.184,0.191,0.185,0.006,6.88,59.388,58.714,438446900.0
7.04,2.0,0.211,0.218,0.212,0.211,0.205,0.183,0.191,0.185,0.006,6.89,59.368,58.693,439070600.0
7.05,2.0,0.211,0.218,0.212,0.211,0.205,0.183,0.191,0.184,0.006,6.89,59.347,58.672,439694300.0
7.06,2.0,0.211,0.217,0.212,0.211,0.205,0.183,0.19,0.184,0.006,6.9,59.327,58.651,440317900.0
7.07,2.0,0.21,0.217,0.211,0.211,0.205,0.183,0.19,0.184,0.006,6.9,59.307,58.63,440941600.0
7.08,2.0,0.21,0.217,0.211,0.211,0.205,0.182,0.19,0.184,0.006,6.91,59.286,58.61,441565300.0
7.09,2.0,0.21,0.217,0.211,0.21,0.205,0.182,0.19,0.184,0.006,6.91,59.266,58.589,442189000.0
7.1,2.0,0.21,0.217,0.211,0.21,0.205,0.182,0.189,0.184,0.006,6.92,59.245,58.568,442812600.0
7.11,2.0,0.21,0.217,0.211,0.21,0.204,0.182,0.189,0.183,0.006,6.92,59.225,58.548,443436400.0
7.12,2.0,0.21,0.216,0.211,0.21,0.204,0.182,0.189,0.183,0.006,6.93,59.205,58.527,444060000.0
7.13,2.0,0.209,0.216,0.211,0.21,0.204,0.181,0.189,0.183,0.006,6.93,59.184,58.507,444683700.0
7.14,2.0,0.209,0.216,0.21,0.21,0.204,0.181,0.189,0.183,0.006,6.94,59.164,58.487,445307400.0
7.15,2.0,0.209,0.216,0.21,0.209,0.204,0.181,0.188,0.183,0.006,6.94,59.144,58.466,445931100.0
7.16,2.0,0.209,0.216,0.21,0.209,0.204,0.181,0.188,0.183,0.006,6.95,59.123,58.446,446554700.0
7.17,2.0,0.209,0.215,0.21,0.209,0.203,0.181,0.188,0.182,0.006,6.95,59.103,58.427,447178400.0
7.18,2.0,0.209,0.215,0.21,0.209,0.203,0.18,0.188,0.182,0.006,6.95,59.082,58.41,447802100.0
7.19,2.0,0.208,0.215,0.21,0.209,0.203,0.18,0.188,0.182,0.006,6.94,59.061,58.392,448425800.0
7.2,2.0,0.208,0.215,0.209,0.209,0.203,0.18,0.188,0.182,0.006,6.94,59.04,58.375,449049400.0
7.21,2.0,0.208,0.215,0.209,0.208,0.203,0.18,0.187,0.182,0.006,6.94,59.019,58.358,449673200.0
7.22,2.0,0.208,0.215,0.209,0.208,0.203,0.18,0.187,0.182,0.006,6.93,58.998,58.341,450296800.0
7.23,2.0,0.208,0.214,0.209,0.208,0.203,0.18,0.187,0.181,0.006,6.93,58.977,58.324,450920500.0
7.24,2.0,0.208,0.214,0.209,0.208,0.202,0.179,0.187,0.181,0.006,6.92,58.956,58.307,451544200.0
7.25,2.0,0.207,0.214,0.209,0.208,0.202,0.179,0.187,0.181,0.006,6.92,58.935,58.291,452167800.0
7.26,2.0,0.207,0.214,0.209,0.208,0.202,0.179,0.187,0.181,0.006,6.92,58.914,58.274,452791600.0
7.27,2.0,0.207,0.214,0.208,0.207,0.202,0.179,0.186,0.181,0.006,6.91,58.893,58.257,453415200.0
7.28,2.0,0.207,0.214,0.208,0.207,0.202,0.179,0.186,0.181,0.006,6.91,58.873,58.24,454038900.0
7.29,2.0,0.207,0.213,0.208,0.207,0.202,0.179,0.186,0.181,0.006,6.91,58.852,58.223,454662600.0
7.3,2.0,0.207,0.213,0.208,0.207,0.202,0.179,0.186,0.18,0.006,6.9,58.831,58.206,455286300.0
7.31,2.0,0.207,0.213,0.208,0.207,0.201,0.178,0.186,0.18,0.006,6.9,58.81,58.19,455909900.0
7.32,2.0,0.206,0.213,0.208,0.207,0.201,0.178,0.186,0.18,0.006,6.9,58.79,58.173,456533600.0
7.33,2.0,0.206,0.213,0.208,0.206,0.201,0.178,0.185,0.18,0.006,6.89,58.769,58.156,457157300.0
7.34,2.0,0.206,0.213,0.207,0.206,0.201,0.178,0.185,0.18,0.006,6.89,58.748,58.14,457781000.0
7.35,2.0,0.206,0.212,0.207,0.206,0.201,0.178,0.185,0.18,0.006,6.89,58.728,58.123,458404600.0
7.36,2.0,0.206,0.212,0.207,0.206,0.201,0.178,0.185,0.179,0.006,6.88,58.707,58.107,459028400.0
7.37,2.0,0.206,0.212,0.207,0.206,0.201,0.177,0.185,0.179,0.006,6.88,58.687,58.09,459652000.0
7.38,2.0,0.205,0.212,0.207,0.206,0.201,0.177,0.185,0.179,0.006,6.88,58.666,58.073,460275700.0
7.39,2.0,0.205,0.212,0.207,0.206,0.2,0.177,0.184,0.179,0.006,6.87,58.645,58.057,460899400.0
7.4,2.0,0.205,0.212,0.207,0.205,0.2,0.177,0.184,0.179,0.006,6.87,58.625,58.04,461523100.0
7.41,2.0,0.205,0.212,0.206,0.205,0.2,0.177,0.184,0.179,0.006,6.87,58.605,58.024,462146700.0
7.42,2.0,0.205,0.211,0.206,0.205,0.2,0.177,0.184,0.178,0.006,6.86,58.584,58.008,462770400.0
7.43,2.0,0.205,0.211,0.206,0.205,0.2,0.177,0.184,0.178,0.006,6.86,58.564,57.991,463394100.0
7.44,2.0,0.204,0.211,0.206,0.205,0.2,0.176,0.184,0.178,0.006,6.86,58.543,57.975,464017800.0
7.45,2.0,0.204,0.211,0.206,0.205,0.2,0.176,0.184,0.178,0.006,6.85,58.523,57.959,464641400.0
7.46,2.0,0.204,0.211,0.206,0.204,0.199,0.176,0.183,0.178,0.006,6.85,58.502,57.942,465265100.0
7.47,2.0,0.204,0.211,0.206,0.204,0.199,0.176,0.183,0.178,0.006,6.85,58.482,57.926,465888800.0
7.48,2.0,0.204,0.21,0.205,0.204,0.199,0.176,0.183,0.178,0.006,6.84,58.462,57.91,466512500.0
7.49,2.0,0.204,0.21,0.205,0.204,0.199,0.176,0.183,0.177,0.006,6.84,58.441,57.894,467136200.0
7.5,2.0,0.204,0.21,0.205,0.204,0.199,0.176,0.183,0.177,0.006,6.84,58.421,57.877,467759800.0
7.51,2.0,0.203,0.21,0.205,0.204,0.199,0.175,0.183,0.177,0.006,6.83,58.401,57.861,468383600.0
7.52,2.0,0.203,0.21,0.205,0.204,0.199,0.175,0.182,0.177,0.006,6.83,58.381,57.845,469007200.0
7.53,2.0,0.203,0.21,0.205,0.203,0.198,0.175,0.182,0.177,0.006,6.83,58.361,57.829,469630900.0
7.54,2.0,0.203,0.209,0.205,0.203,0.198,0.175,0.182,0.177,0.006,6.82,58.34,57.813,470254600.0
7.55,2.0,0.203,0.209,0.204,0.203,0.198,0.175,0.182,0.176,0.006,6.82,58.32,57.797,470878300.0
7.56,2.0,0.203,0.209,0.204,0.203,0.198,0.175,0.182,0.176,0.006,6.82,58.3,57.781,471501900.0
7.57,2.0,0.203,0.209,0.204,0.203,0.198,0.175,0.182,0.176,0.006,6.81,58.28,57.765,472125600.0
7.58,2.0,0.202,0.209,0.204,0.203,0.198,0.174,0.182,0.176,0.006,6.81,58.26,57.749,472749300.0
7.59,2.0,0.202,0.209,0.204,0.202,0.198,0.174,0.181,0.176,0.006,6.81,58.24,57.733,473373000.0
7.6,2.0,0.202,0.209,0.204,0.202,0.198,0.174,0.181,0.176,0.006,6.81,58.22,57.717,473996600.0
7.61,2.0,0.202,0.208,0.204,0.202,0.197,0.174,0.181,0.176,0.006,6.8,58.2,57.701,474620300.0
7.62,2.0,0.202,0.208,0.203,0.202,0.197,0.174,0.181,0.175,0.006,6.8,58.18,57.685,475244000.0
7.63,2.0,0.202,0.208,0.203,0.202,0.197,0.174,0.181,0.175,0.006,6.8,58.16,57.67,475867700.0
7.64,2.0,0.201,0.208,0.203,0.202,0.197,0.174,0.181,0.175,0.006,6.79,58.14,57.654,476491400.0
7.65,2.0,0.201,0.208,0.203,0.202,0.197,0.173,0.181,0.175,0.006,6.79,58.12,57.638,477115000.0
7.66,2.0,0.201,0.208,0.203,0.201,0.197,0.173,0.18,0.175,0.006,6.79,58.1,57.622,477738700.0
7.67,2.0,0.201,0.207,0.203,0.201,0.197,0.173,0.18,0.175,0.006,6.78,58.08,57.607,478362400.0
7.68,2.0,0.201,0.207,0.203,0.201,0.196,0.173,0.18,0.175,0.006,6.78,58.06,57.591,478986100.0
7.69,2.0,0.201,0.207,0.202,0.201,0.196,0.173,0.18,0.174,0.006,6.78,58.04,57.575,479609800.0
7.7,2.0,0.201,0.207,0.202,0.201,0.196,0.173,0.18,0.174,0.006,6.78,58.021,57.56,480233400.0
7.71,2.0,0.2,0.207,0.202,0.201,0.196,0.173,0.18,0.174,0.006,6.77,58.001,57.544,480857100.0
7.72,2.0,0.2,0.207,0.202,0.201,0.196,0.172,0.18,0.174,0.006,6.77,57.981,57.528,481480800.0
7.73,2.0,0.2,0.207,0.202,0.2,0.196,0.172,0.179,0.174,0.006,6.77,57.961,57.513,482104500.0
7.74,2.0,0.2,0.206,0.202,0.2,0.196,0.172,0.179,0.174,0.006,6.76,57.941,57.497,482728200.0
7.75,2.0,0.2,0.206,0.202,0.2,0.195,0.172,0.179,0.174,0.006,6.76,57.922,57.482,483351800.0
7.76,2.0,0.2,0.206,0.201,0.2,0.195,0.172,0.179,0.173,0.006,6.76,57.902,57.467,483975600.0
7.77,2.0,0.2,0.206,0.201,0.2,0.195,0.172,0.179,0.173,0.006,6.76,57.882,57.451,484599200.0
7.78,2.0,0.199,0.206,0.201,0.2,0.195,0.172,0.179,0.173,0.006,6.75,57.863,57.436,485222900.0
7.79,2.0,0.199,0.206,0.201,0.2,0.195,0.171,0.179,0.173,0.006,6.75,57.843,57.42,485846600.0
7.8,2.0,0.199,0.205,0.201,0.199,0.195,0.171,0.178,0.173,0.006,6.75,57.823,57.405,486470200.0
7.81,2.0,0.199,0.205,0.201,0.199,0.195,0.171,0.178,0.173,0.006,6.74,57.804,57.39,487093900.0
7.82,2.0,0.199,0.205,0.201,0.199,0.195,0.171,0.178,0.173,0.006,6.74,57.784,57.374,487717600.0
7.83,2.0,0.199,0.205,0.201,0.199,0.194,0.171,0.178,0.172,0.006,6.74,57.765,57.359,488341300.0
7.84,2.0,0.199,0.205,0.2,0.199,0.194,0.171,0.178,0.172,0.006,6.74,57.745,57.344,488965000.0
7.85,2.0,0.198,0.205,0.2,0.199,0.194,0.171,0.178,0.172,0.006,6.73,57.726,57.329,489588600.0
7.86,2.0,0.198,0.205,0.2,0.199,0.194,0.17,0.178,0.172,0.006,6.73,57.706,57.313,490212300.0
7.87,2.0,0.198,0.204,0.2,0.198,0.194,0.17,0.177,0.172,0.006,6.73,57.687,57.298,490836000.0
7.88,2.0,0.198,0.204,0.2,0.198,0.194,0.17,0.177,0.172,0.006,6.72,57.667,57.283,491459700.0
7.89,2.0,0.198,0.204,0.2,0.198,0.194,0.17,0.177,0.172,0.006,6.72,57.648,57.268,492083400.0
7.9,2.0,0.198,0.204,0.2,0.198,0.194,0.17,0.177,0.171,0.006,6.72,57.629,57.253,492707000.0
7.91,2.0,0.198,0.204,0.199,0.198,0.193,0.17,0.177,0.171,0.006,6.72,57.609,57.238,493330700.0
7.92,2.0,0.197,0.204,0.199,0.198,0.193,0.17,0.177,0.171,0.006,6.71,57.59,57.223,493954400.0
7.93,2.0,0.197,0.204,0.199,0.198,0.193,0.17,0.177,0.171,0.006,6.71,57.571,57.208,494578100.0
7.94,2.0,0.197,0.203,0.199,0.197,0.193,0.169,0.176,0.171,0.006,6.71,57.551,57.193,495201800.0
7.95,2.0,0.197,0.203,0.199,0.197,0.193,0.169,0.176,0.171,0.006,6.71,57.532,57.178,495825400.0
7.96,2.0,0.197,0.203,0.199,0.197,0.193,0.169,0.176,0.171,0.006,6.7,57.513,57.163,496449100.0
7.97,2.0,0.197,0.203,0.199,0.197,0.193,0.169,0.176,0.17,0.006,6.7,57.494,57.148,497072800.0
7.98,2.0,0.197,0.203,0.199,0.197,0.193,0.169,0.176,0.17,0.006,6.7,57.474,57.133,497696500.0
7.99,2.0,0.197,0.203,0.198,0.197,0.192,0.169,0.176,0.17,0.006,6.7,57.455,57.119,498320200.0
8.0,2.0,0.196,0.203,0.198,0.197,0.192,0.169,0.176,0.17,0.006,6.69,57.436,57.104,498943800.0
8.01,2.0,0.196,0.203,0.198,0.197,0.192,0.168,0.175,0.17,0.006,6.69,57.417,57.089,499567500.0
8.02,2.0,0.196,0.202,0.198,0.196,0.192,0.168,0.175,0.17,0.006,6.69,57.398,57.074,500191200.0
8.03,2.0,0.196,0.202,0.198,0.196,0.192,0.168,0.175,0.17,0.006,6.69,57.379,57.06,500814800.0
8.04,2.0,0.196,0.202,0.198,0.196,0.192,0.168,0.175,0.17,0.006,6.68,57.36,57.045,501438600.0
8.05,2.0,0.196,0.202,0.198,0.196,0.192,0.168,0.175,0.169,0.006,6.68,57.34,57.03,502062200.0
8.06,2.0,0.196,0.202,0.198,0.196,0.192,0.168,0.175,0.169,0.006,6.68,57.321,57.016,502686000.0
8.07,2.0,0.195,0.202,0.197,0.196,0.191,0.168,0.175,0.169,0.006,6.68,57.302,57.001,503309600.0
8.08,2.0,0.195,0.202,0.197,0.196,0.191,0.168,0.175,0.169,0.006,6.67,57.283,56.986,503933300.0
8.09,2.0,0.195,0.201,0.197,0.195,0.191,0.167,0.174,0.169,0.006,6.67,57.264,56.972,504557000.0
8.1,2.0,0.195,0.201,0.197,0.195,0.191,0.167,0.174,0.169,0.006,6.67,57.245,56.957,505180700.0
8.11,2.0,0.195,0.201,0.197,0.195,0.191,0.167,0.174,0.169,0.006,6.67,57.227,56.943,505804300.0
8.12,2.0,0.195,0.201,0.197,0.195,0.191,0.167,0.174,0.168,0.006,6.66,57.208,56.928,506428000.0
8.13,2.0,0.195,0.201,0.197,0.195,0.191,0.167,0.174,0.168,0.006,6.66,57.189,56.914,507051700.0
8.14,2.0,0.195,0.201,0.197,0.195,0.191,0.167,0.174,0.168,0.006,6.66,57.17,56.899,507675400.0
8.15,2.0,0.194,0.201,0.196,0.195,0.19,0.167,0.174,0.168,0.006,6.66,57.151,56.885,508299000.0
8.16,2.0,0.194,0.2,0.196,0.195,0.19,0.167,0.173,0.168,0.006,6.65,57.132,56.871,508922700.0
8.17,2.0,0.194,0.2,0.196,0.194,0.19,0.166,0.173,0.168,0.006,6.65,57.113,56.856,509546400.0
8.18,2.0,0.194,0.2,0.196,0.194,0.19,0.166,0.173,0.168,0.006,6.65,57.095,56.842,510170100.0
8.19,2.0,0.194,0.2,0.196,0.194,0.19,0.166,0.173,0.168,0.006,6.65,57.076,56.828,510793700.0
8.2,2.0,0.194,0.2,0.196,0.194,0.19,0.166,0.173,0.167,0.006,6.64,57.057,56.813,511417400.0
8.21,2.0,0.194,0.2,0.196,0.194,0.19,0.166,0.173,0.167,0.006,6.64,57.038,56.799,512041100.0
8.22,2.0,0.194,0.2,0.196,0.194,0.19,0.166,0.173,0.167,0.006,6.64,57.02,56.785,512664800.0
8.23,2.0,0.193,0.2,0.195,0.194,0.19,0.166,0.173,0.167,0.006,6.64,57.001,56.771,513288400.0
8.24,2.0,0.193,0.199,0.195,0.194,0.189,0.166,0.172,0.167,0.006,6.64,56.982,56.756,513912100.0
8.25,2.0,0.193,0.199,0.195,0.193,0.189,0.165,0.172,0.167,0.006,6.63,56.964,56.742,514535800.0
8.26,2.0,0.193,0.199,0.195,0.193,0.189,0.165,0.172,0.167,0.006,6.63,56.945,56.728,515159500.0
8.27,2.0,0.193,0.199,0.195,0.193,0.189,0.165,0.172,0.167,0.006,6.63,56.926,56.714,515783200.0
8.28,2.0,0.193,0.199,0.195,0.193,0.189,0.165,0.172,0.166,0.006,6.63,56.908,56.7,516406800.0
8.29,2.0,0.193,0.199,0.195,0.193,0.189,0.165,0.172,0.166,0.006,6.62,56.889,56.686,517030600.0
8.3,2.0,0.193,0.199,0.195,0.193,0.189,0.165,0.172,0.166,0.006,6.62,56.871,56.672,517654200.0
8.31,2.0,0.192,0.199,0.194,0.193,0.189,0.165,0.172,0.166,0.006,6.62,56.852,56.658,518278000.0
8.32,2.0,0.192,0.198,0.194,0.193,0.188,0.165,0.171,0.166,0.006,6.62,56.834,56.644,518901600.0
8.33,2.0,0.192,0.198,0.194,0.192,0.188,0.164,0.171,0.166,0.006,6.62,56.815,56.63,519525300.0
8.34,2.0,0.192,0.198,0.194,0.192,0.188,0.164,0.171,0.166,0.006,6.61,56.797,56.616,520149000.0
8.35,2.0,0.192,0.198,0.194,0.192,0.188,0.164,0.171,0.166,0.006,6.61,56.778,56.602,520772700.0
8.36,2.0,0.192,0.198,0.194,0.192,0.188,0.164,0.171,0.165,0.006,6.61,56.76,56.588,521396300.0
8.37,2.0,0.192,0.198,0.194,0.192,0.188,0.164,0.171,0.165,0.006,6.61,56.741,56.575,522020000.0
8.38,2.0,0.192,0.198,0.194,0.192,0.188,0.164,0.171,0.165,0.006,6.6,56.723,56.561,522643700.0
8.39,2.0,0.191,0.198,0.194,0.192,0.188,0.164,0.171,0.165,0.006,6.6,56.705,56.547,523267400.0
8.4,2.0,0.191,0.197,0.193,0.192,0.188,0.164,0.17,0.165,0.006,6.6,56.686,56.533,523891000.0
8.41,2.0,0.191,0.197,0.193,0.191,0.187,0.164,0.17,0.165,0.006,6.6,56.668,56.52,524514700.0
8.42,2.0,0.191,0.197,0.193,0.191,0.187,0.163,0.17,0.165,0.006,6.6,56.649,56.506,525138400.0
8.43,2.0,0.191,0.197,0.193,0.191,0.187,0.163,0.17,0.165,0.006,6.59,56.631,56.492,525762100.0
8.44,2.0,0.191,0.197,0.193,0.191,0.187,0.163,0.17,0.164,0.006,6.59,56.613,56.478,526385700.0
8.45,2.0,0.191,0.197,0.193,0.191,0.187,0.163,0.17,0.164,0.006,6.59,56.595,56.465,527009400.0
8.46,2.0,0.191,0.197,0.193,0.191,0.187,0.163,0.17,0.164,0.006,6.59,56.576,56.451,527633100.0
8.47,2.0,0.191,0.197,0.193,0.191,0.187,0.163,0.17,0.164,0.006,6.59,56.558,56.438,528256800.0
8.48,2.0,0.19,0.196,0.193,0.191,0.187,0.163,0.169,0.164,0.006,6.58,56.54,56.424,528880400.0
8.49,2.0,0.19,0.196,0.192,0.191,0.187,0.163,0.169,0.164,0.006,6.58,56.522,56.411,529504100.0
8.5,2.0,0.19,0.196,0.192,0.19,0.187,0.162,0.169,0.164,0.006,6.58,56.504,56.397,530127800.0
8.51,2.0,0.19,0.196,0.192,0.19,0.186,0.162,0.169,0.164,0.006,6.58,56.486,56.384,530751500.0
8.52,2.0,0.19,0.196,0.192,0.19,0.186,0.162,0.169,0.163,0.006,6.58,56.467,56.37,531375200.0
8.53,2.0,0.19,0.196,0.192,0.19,0.186,0.162,0.169,0.163,0.006,6.57,56.449,56.357,531998800.0
8.54,2.0,0.19,0.196,0.192,0.19,0.186,0.162,0.169,0.163,0.006,6.57,56.431,56.343,532622600.0
8.55,2.0,0.19,0.196,0.192,0.19,0.186,0.162,0.169,0.163,0.006,6.57,56.413,56.33,533246200.0
8.56,2.0,0.189,0.195,0.192,0.19,0.186,0.162,0.168,0.163,0.006,6.57,56.395,56.317,533869900.0
8.57,2.0,0.189,0.195,0.192,0.19,0.186,0.162,0.168,0.163,0.006,6.57,56.377,56.303,534493600.0
8.58,2.0,0.189,0.195,0.191,0.189,0.186,0.162,0.168,0.163,0.006,6.56,56.359,56.29,535117200.0
8.59,2.0,0.189,0.195,0.191,0.189,0.186,0.161,0.168,0.163,0.006,6.56,56.341,56.277,535741000.0
8.6,2.0,0.189,0.195,0.191,0.189,0.185,0.161,0.168,0.162,0.006,6.56,56.323,56.263,536364600.0
8.61,2.0,0.189,0.195,0.191,0.189,0.185,0.161,0.168,0.162,0.006,6.55,56.305,56.25,536988300.0
8.62,2.0,0.189,0.195,0.191,0.189,0.185,0.161,0.168,0.162,0.006,6.55,56.287,56.237,537612000.0
8.63,2.0,0.189,0.195,0.191,0.189,0.185,0.161,0.168,0.162,0.006,6.55,56.269,56.224,538235600.0
8.64,2.0,0.189,0.195,0.191,0.189,0.185,0.161,0.168,0.162,0.006,6.54,56.252,56.211,538859400.0
8.65,2.0,0.188,0.194,0.191,0.189,0.185,0.161,0.167,0.162,0.006,6.54,56.234,56.198,539483000.0
8.66,2.0,0.188,0.194,0.191,0.189,0.185,0.161,0.167,0.162,0.006,6.54,56.216,56.185,540106700.0
8.67,2.0,0.188,0.194,0.19,0.188,0.185,0.161,0.167,0.162,0.006,6.53,56.198,56.171,540730400.0
8.68,2.0,0.188,0.194,0.19,0.188,0.185,0.16,0.167,0.162,0.006,6.53,56.18,56.158,541354100.0
8.69,2.0,0.188,0.194,0.19,0.188,0.185,0.16,0.167,0.161,0.006,6.53,56.162,56.145,541977700.0
8.7,2.0,0.188,0.194,0.19,0.188,0.184,0.16,0.167,0.161,0.006,6.52,56.145,56.132,542601400.0
8.71,2.0,0.188,0.194,0.19,0.188,0.184,0.16,0.167,0.161,0.006,6.52,56.127,56.119,543225100.0
8.72,2.0,0.188,0.194,0.19,0.188,0.184,0.16,0.167,0.161,0.006,6.52,56.109,56.106,543848800.0
8.73,2.0,0.188,0.194,0.19,0.188,0.184,0.16,0.166,0.161,0.006,6.51,56.091,56.093,544472400.0
8.74,2.0,0.187,0.193,0.19,0.188,0.184,0.16,0.166,0.161,0.006,6.51,56.074,56.08,545096100.0
8.75,2.0,0.187,0.193,0.19,0.188,0.184,0.16,0.166,0.161,0.006,6.51,56.056,56.067,545719800.0
8.76,2.0,0.187,0.193,0.189,0.187,0.184,0.16,0.166,0.161,0.006,6.51,56.038,56.055,546343500.0
8.77,2.0,0.187,0.193,0.189,0.187,0.184,0.159,0.166,0.16,0.006,6.5,56.021,56.042,546967200.0
8.78,2.0,0.187,0.193,0.189,0.187,0.184,0.159,0.166,0.16,0.006,6.5,56.003,56.029,547590800.0
8.79,2.0,0.187,0.193,0.189,0.187,0.183,0.159,0.166,0.16,0.006,6.5,55.985,56.016,548214500.0
8.8,2.0,0.187,0.193,0.189,0.187,0.183,0.159,0.166,0.16,0.006,6.49,55.968,56.003,548838200.0
8.81,2.0,0.187,0.193,0.189,0.187,0.183,0.159,0.166,0.16,0.006,6.49,55.95,55.99,549462000.0
8.82,2.0,0.187,0.193,0.189,0.187,0.183,0.159,0.165,0.16,0.006,6.49,55.933,55.977,550085600.0
8.83,2.0,0.187,0.192,0.189,0.187,0.183,0.159,0.165,0.16,0.006,6.48,55.915,55.965,550709200.0
8.84,2.0,0.186,0.192,0.189,0.187,0.183,0.159,0.165,0.16,0.006,6.48,55.898,55.952,551332900.0
8.85,2.0,0.186,0.192,0.189,0.187,0.183,0.159,0.165,0.16,0.006,6.48,55.88,55.939,551956700.0
8.86,2.0,0.186,0.192,0.188,0.186,0.183,0.158,0.165,0.159,0.006,6.47,55.863,55.926,552580300.0
8.87,2.0,0.186,0.192,0.188,0.186,0.183,0.158,0.165,0.159,0.006,6.47,55.845,55.914,553204000.0
8.88,2.0,0.186,0.192,0.188,0.186,0.183,0.158,0.165,0.159,0.006,6.47,55.828,55.901,553827600.0
8.89,2.0,0.186,0.192,0.188,0.186,0.183,0.158,0.165,0.159,0.006,6.46,55.81,55.888,554451400.0
8.9,2.0,0.186,0.192,0.188,0.186,0.182,0.158,0.165,0.159,0.006,6.46,55.793,55.876,555075000.0
8.91,2.0,0.186,0.192,0.188,0.186,0.182,0.158,0.164,0.159,0.006,6.46,55.776,55.863,555698700.0
8.92,2.0,0.186,0.191,0.188,0.186,0.182,0.158,0.164,0.159,0.006,6.45,55.758,55.85,556322400.0
8.93,2.0,0.185,0.191,0.188,0.186,0.182,0.158,0.164,0.159,0.006,6.45,55.741,55.838,556946000.0
8.94,2.0,0.185,0.191,0.188,0.186,0.182,0.158,0.164,0.159,0.006,6.45,55.724,55.825,557569700.0
8.95,2.0,0.185,0.191,0.188,0.185,0.182,0.157,0.164,0.158,0.006,6.44,55.706,55.812,558193400.0
8.96,2.0,0.185,0.191,0.187,0.185,0.182,0.157,0.164,0.158,0.006,6.44,55.689,55.8,558817100.0
8.97,2.0,0.185,0.191,0.187,0.185,0.182,0.157,0.164,0.158,0.006,6.44,55.672,55.787,559440800.0
8.98,2.0,0.185,0.191,0.187,0.185,0.182,0.157,0.164,0.158,0.006,6.43,55.654,55.775,560064400.0
8.99,2.0,0.185,0.191,0.187,0.185,0.182,0.157,0.164,0.158,0.006,6.43,55.637,55.762,560688100.0
9.0,2.0,0.185,0.191,0.187,0.185,0.181,0.157,0.163,0.158,0.006,6.43,55.62,55.75,561311800.0
9.01,2.0,0.185,0.19,0.187,0.185,0.181,0.157,0.163,0.158,0.006,6.43,55.603,55.737,561935500.0
9.02,2.0,0.185,0.19,0.187,0.185,0.181,0.157,0.163,0.158,0.006,6.42,55.585,55.725,562559200.0
9.03,2.0,0.184,0.19,0.187,0.185,0.181,0.157,0.163,0.158,0.006,6.42,55.568,55.712,563182800.0
9.04,2.0,0.184,0.19,0.187,0.185,0.181,0.157,0.163,0.158,0.006,6.42,55.551,55.7,563806500.0
9.05,2.0,0.184,0.19,0.187,0.184,0.181,0.156,0.163,0.157,0.006,6.41,55.534,55.688,564430200.0
9.06,2.0,0.184,0.19,0.186,0.184,0.181,0.156,0.163,0.157,0.006,6.41,55.517,55.675,565054000.0
9.07,2.0,0.184,0.19,0.186,0.184,0.181,0.156,0.163,0.157,0.006,6.41,55.5,55.663,565677600.0
9.08,2.0,0.184,0.19,0.186,0.184,0.181,0.156,0.163,0.157,0.006,6.4,55.483,55.651,566301200.0
9.09,2.0,0.184,0.19,0.186,0.184,0.181,0.156,0.163,0.157,0.006,6.4,55.466,55.638,566924900.0
9.1,2.0,0.184,0.19,0.186,0.184,0.181,0.156,0.162,0.157,0.006,6.4,55.449,55.626,567548700.0
9.11,2.0,0.184,0.189,0.186,0.184,0.18,0.156,0.162,0.157,0.006,6.39,55.432,55.614,568172300.0
9.12,2.0,0.184,0.189,0.186,0.184,0.18,0.156,0.162,0.157,0.006,6.39,55.415,55.601,568796000.0
9.13,2.0,0.183,0.189,0.186,0.184,0.18,0.156,0.162,0.157,0.006,6.39,55.398,55.589,569419600.0
9.14,2.0,0.183,0.189,0.186,0.184,0.18,0.155,0.162,0.156,0.006,6.39,55.381,55.577,570043300.0
9.15,2.0,0.183,0.189,0.186,0.183,0.18,0.155,0.162,0.156,0.006,6.38,55.364,55.565,570667000.0
9.16,2.0,0.183,0.189,0.186,0.183,0.18,0.155,0.162,0.156,0.006,6.38,55.347,55.552,571290700.0
9.17,2.0,0.183,0.189,0.185,0.183,0.18,0.155,0.162,0.156,0.006,6.38,55.33,55.54,571914400.0
9.18,2.0,0.183,0.189,0.185,0.183,0.18,0.155,0.162,0.156,0.006,6.37,55.313,55.528,572538000.0
9.19,2.0,0.183,0.189,0.185,0.183,0.18,0.155,0.161,0.156,0.006,6.37,55.3,55.519,573161700.0
9.2,2.0,0.183,0.189,0.185,0.183,0.18,0.155,0.161,0.156,0.006,6.37,55.283,55.507,573785400.0
9.21,2.0,0.183,0.188,0.185,0.183,0.18,0.155,0.161,0.156,0.006,6.36,55.266,55.494,574409100.0
9.22,2.0,0.183,0.188,0.185,0.183,0.179,0.155,0.161,0.156,0.006,6.36,55.249,55.482,575032800.0
9.23,2.0,0.182,0.188,0.185,0.183,0.179,0.155,0.161,0.155,0.006,6.36,55.232,55.47,575656400.0
9.24,2.0,0.182,0.188,0.185,0.183,0.179,0.154,0.161,0.155,0.006,6.36,55.215,55.458,576280100.0
9.25,2.0,0.182,0.188,0.185,0.183,0.179,0.154,0.161,0.155,0.006,6.35,55.199,55.446,576903800.0
9.26,2.0,0.182,0.188,0.185,0.182,0.179,0.154,0.161,0.155,0.006,6.35,55.182,55.434,577527500.0
9.27,2.0,0.182,0.188,0.184,0.182,0.179,0.154,0.161,0.155,0.006,6.35,55.165,55.422,578151200.0
9.28,2.0,0.182,0.188,0.184,0.182,0.179,0.154,0.161,0.155,0.006,6.34,55.148,55.41,578774800.0
9.29,2.0,0.182,0.188,0.184,0.182,0.179,0.154,0.16,0.155,0.006,6.34,55.131,55.398,579398500.0
9.3,2.0,0.182,0.188,0.184,0.182,0.179,0.154,0.16,0.155,0.006,6.34,55.115,55.385,580022200.0
9.31,2.0,0.182,0.187,0.184,0.182,0.179,0.154,0.16,0.155,0.006,6.33,55.098,55.373,580645900.0
9.32,2.0,0.182,0.187,0.184,0.182,0.179,0.154,0.16,0.155,0.006,6.33,55.081,55.361,581269600.0
9.33,2.0,0.182,0.187,0.184,0.182,0.178,0.154,0.16,0.154,0.006,6.33,55.064,55.349,581893200.0
9.34,2.0,0.181,0.187,0.184,0.182,0.178,0.153,0.16,0.154,0.006,6.33,55.048,55.337,582516900.0
9.35,2.0,0.181,0.187,0.184,0.182,0.178,0.153,0.16,0.154,0.006,6.32,55.031,55.326,583140600.0
9.36,2.0,0.181,0.187,0.184,0.181,0.178,0.153,0.16,0.154,0.006,6.32,55.014,55.314,583764300.0
9.37,2.0,0.181,0.187,0.184,0.181,0.178,0.153,0.16,0.154,0.006,6.32,54.998,55.302,584388000.0
9.38,2.0,0.181,0.187,0.183,0.181,0.178,0.153,0.16,0.154,0.006,6.31,54.981,55.29,585011600.0
9.39,2.0,0.181,0.187,0.183,0.181,0.178,0.153,0.159,0.154,0.006,6.31,54.964,55.278,585635300.0
9.4,2.0,0.181,0.187,0.183,0.181,0.178,0.153,0.159,0.154,0.006,6.31,54.948,55.266,586259000.0
9.41,2.0,0.181,0.186,0.183,0.181,0.178,0.153,0.159,0.154,0.006,6.31,54.931,55.254,586882700.0
9.42,2.0,0.181,0.186,0.183,0.181,0.178,0.153,0.159,0.154,0.006,6.3,54.914,55.242,587506400.0
9.43,2.0,0.181,0.186,0.183,0.181,0.178,0.153,0.159,0.153,0.006,6.3,54.898,55.23,588130000.0
9.44,2.0,0.181,0.186,0.183,0.181,0.178,0.153,0.159,0.153,0.006,6.3,54.881,55.219,588753700.0
9.45,2.0,0.18,0.186,0.183,0.181,0.177,0.152,0.159,0.153,0.006,6.29,54.865,55.207,589377400.0
9.46,2.0,0.18,0.186,0.183,0.181,0.177,0.152,0.159,0.153,0.006,6.29,54.848,55.195,590001100.0
9.47,2.0,0.18,0.186,0.183,0.18,0.177,0.152,0.159,0.153,0.006,6.29,54.832,55.183,590624800.0
9.48,2.0,0.18,0.186,0.183,0.18,0.177,0.152,0.159,0.153,0.006,6.29,54.815,55.172,591248400.0
9.49,2.0,0.18,0.186,0.183,0.18,0.177,0.152,0.158,0.153,0.006,6.28,54.799,55.16,591872100.0
9.5,2.0,0.18,0.186,0.182,0.18,0.177,0.152,0.158,0.153,0.006,6.28,54.782,55.148,592495800.0
9.51,2.0,0.18,0.186,0.182,0.18,0.177,0.152,0.158,0.153,0.006,6.28,54.766,55.136,593119500.0
9.52,2.0,0.18,0.185,0.182,0.18,0.177,0.152,0.158,0.153,0.006,6.27,54.75,55.125,593743200.0
9.53,2.0,0.18,0.185,0.182,0.18,0.177,0.152,0.158,0.152,0.006,6.27,54.733,55.113,594366800.0
9.54,2.0,0.18,0.185,0.182,0.18,0.177,0.152,0.158,0.152,0.006,6.27,54.717,55.101,594990500.0
9.55,2.0,0.18,0.185,0.182,0.18,0.177,0.151,0.158,0.152,0.006,6.27,54.7,55.09,595614200.0
9.56,2.0,0.179,0.185,0.182,0.18,0.177,0.151,0.158,0.152,0.006,6.26,54.684,55.078,596237900.0
9.57,2.0,0.179,0.185,0.182,0.18,0.176,0.151,0.158,0.152,0.006,6.26,54.668,55.067,596861600.0
9.58,2.0,0.179,0.185,0.182,0.179,0.176,0.151,0.158,0.152,0.006,6.26,54.651,55.055,597485200.0
9.59,2.0,0.179,0.185,0.182,0.179,0.176,0.151,0.157,0.152,0.006,6.26,54.635,55.043,598108900.0
9.6,2.0,0.179,0.185,0.182,0.179,0.176,0.151,0.157,0.152,0.006,6.25,54.619,55.032,598732600.0
9.61,2.0,0.179,0.185,0.181,0.179,0.176,0.151,0.157,0.152,0.006,6.25,54.602,55.02,599356300.0
9.62,2.0,0.179,0.185,0.181,0.179,0.176,0.151,0.157,0.152,0.006,6.25,54.586,55.009,599980000.0
9.63,2.0,0.179,0.184,0.181,0.179,0.176,0.151,0.157,0.152,0.006,6.24,54.57,54.997,600603600.0
9.64,2.0,0.179,0.184,0.181,0.179,0.176,0.151,0.157,0.151,0.006,6.24,54.554,54.986,601227300.0
9.65,2.0,0.179,0.184,0.181,0.179,0.176,0.151,0.157,0.151,0.006,6.24,54.538,54.974,601851000.0
9.66,2.0,0.179,0.184,0.181,0.179,0.176,0.15,0.157,0.151,0.006,6.24,54.521,54.963,602474700.0
9.67,2.0,0.178,0.184,0.181,0.179,0.176,0.15,0.157,0.151,0.006,6.23,54.505,54.951,603098400.0
9.68,2.0,0.178,0.184,0.181,0.179,0.176,0.15,0.157,0.151,0.006,6.23,54.489,54.94,603722000.0
9.69,2.0,0.178,0.184,0.181,0.179,0.175,0.15,0.156,0.151,0.006,6.23,54.473,54.928,604345700.0
9.7,2.0,0.178,0.184,0.181,0.178,0.175,0.15,0.156,0.151,0.006,6.23,54.457,54.917,604969400.0
9.71,2.0,0.178,0.184,0.181,0.178,0.175,0.15,0.156,0.151,0.006,6.22,54.441,54.906,605593100.0
9.72,2.0,0.178,0.184,0.181,0.178,0.175,0.15,0.156,0.151,0.006,6.22,54.425,54.894,606216800.0
9.73,2.0,0.178,0.184,0.18,0.178,0.175,0.15,0.156,0.151,0.006,6.22,54.409,54.883,606840400.0
9.74,2.0,0.178,0.183,0.18,0.178,0.175,0.15,0.156,0.15,0.006,6.21,54.392,54.872,607464100.0
9.75,2.0,0.178,0.183,0.18,0.178,0.175,0.15,0.156,0.15,0.006,6.21,54.376,54.86,608087800.0
9.76,2.0,0.178,0.183,0.18,0.178,0.175,0.15,0.156,0.15,0.006,6.21,54.36,54.849,608711500.0
9.77,2.0,0.178,0.183,0.18,0.178,0.175,0.149,0.156,0.15,0.006,6.21,54.344,54.838,609335200.0
9.78,2.0,0.178,0.183,0.18,0.178,0.175,0.149,0.156,0.15,0.006,6.2,54.328,54.826,609958800.0
9.79,2.0,0.177,0.183,0.18,0.178,0.175,0.149,0.156,0.15,0.006,6.2,54.312,54.815,610582500.0
9.8,2.0,0.177,0.183,0.18,0.178,0.175,0.149,0.155,0.15,0.006,6.2,54.296,54.804,611206200.0
9.81,2.0,0.177,0.183,0.18,0.178,0.175,0.149,0.155,0.15,0.006,6.2,54.281,54.793,611829900.0
9.82,2.0,0.177,0.183,0.18,0.177,0.174,0.149,0.155,0.15,0.006,6.19,54.265,54.781,612453600.0
9.83,2.0,0.177,0.183,0.18,0.177,0.174,0.149,0.155,0.15,0.006,6.19,54.249,54.77,613077200.0
9.84,2.0,0.177,0.183,0.18,0.177,0.174,0.149,0.155,0.15,0.006,6.19,54.233,54.759,613700900.0
9.85,2.0,0.177,0.182,0.18,0.177,0.174,0.149,0.155,0.149,0.006,6.19,54.217,54.748,614324600.0
9.86,2.0,0.177,0.182,0.179,0.177,0.174,0.149,0.155,0.149,0.006,6.18,54.201,54.737,614948300.0
9.87,2.0,0.177,0.182,0.179,0.177,0.174,0.149,0.155,0.149,0.006,6.18,54.185,54.725,615572000.0
9.88,2.0,0.177,0.182,0.179,0.177,0.174,0.148,0.155,0.149,0.006,6.18,54.169,54.714,616195600.0
9.89,2.0,0.177,0.182,0.179,0.177,0.174,0.148,0.155,0.149,0.006,6.17,54.153,54.703,616819300.0
9.9,2.0,0.177,0.182,0.179,0.177,0.174,0.148,0.155,0.149,0.006,6.17,54.138,54.692,617443000.0
9.91,2.0,0.176,0.182,0.179,0.177,0.174,0.148,0.154,0.149,0.006,6.17,54.122,54.681,618066700.0
9.92,2.0,0.176,0.182,0.179,0.177,0.174,0.148,0.154,0.149,0.006,6.17,54.106,54.67,618690400.0
9.93,2.0,0.176,0.182,0.179,0.177,0.174,0.148,0.154,0.149,0.006,6.16,54.09,54.659,619314000.0
9.94,2.0,0.176,0.182,0.179,0.176,0.174,0.148,0.154,0.149,0.006,6.16,54.075,54.648,619937700.0
9.95,2.0,0.176,0.182,0.179,0.176,0.173,0.148,0.154,0.149,0.006,6.16,54.059,54.637,620561400.0
9.96,2.0,0.176,0.182,0.179,0.176,0.173,0.148,0.154,0.148,0.006,6.16,54.043,54.626,621185100.0
9.97,2.0,0.176,0.181,0.179,0.176,0.173,0.148,0.154,0.148,0.006,6.15,54.027,54.615,621808800.0
9.98,2.0,0.176,0.181,0.178,0.176,0.173,0.148,0.154,0.148,0.006,6.15,54.012,54.604,622432400.0
9.99,2.0,0.176,0.181,0.178,0.176,0.173,0.147,0.154,0.148,0.006,6.15,53.996,54.593,623056100.0
10.0,2.0,0.176,0.181,0.178,0.176,0.173,0.147,0.154,0.148,0.006,6.15,53.98,54.582,623679800.0
10.01,2.0,0.176,0.181,0.178,0.176,0.173,0.147,0.154,0.148,0.006,6.14,53.965,54.571,624303500.0
10.02,2.0,0.176,0.181,0.178,0.176,0.173,0.147,0.153,0.148,0.006,6.14,53.949,54.56,624927200.0
10.03,2.0,0.176,0.181,0.178,0.176,0.173,0.147,0.153,0.148,0.006,6.14,53.934,54.549,625550800.0
10.04,2.0,0.176,0.181,0.178,0.176,0.173,0.147,0.153,0.148,0.006,6.14,53.918,54.538,626174500.0
10.05,2.0,0.176,0.181,0.178,0.176,0.173,0.147,0.153,0.148,0.006,6.13,53.902,54.527,626798200.0
10.06,2.0,0.176,0.181,0.178,0.176,0.173,0.147,0.153,0.148,0.006,6.13,53.887,54.516,627421900.0
10.07,2.0,0.176,0.181,0.178,0.176,0.173,0.147,0.153,0.147,0.006,6.13,53.871,54.505,628045600.0
10.08,2.0,0.176,0.181,0.178,0.176,0.173,0.147,0.153,0.147,0.006,6.13,53.856,54.495,628669200.0
10.09,2.0,0.176,0.181,0.178,0.176,0.173,0.147,0.153,0.147,0.006,6.12,53.84,54.484,629292900.0
10.1,2.0,0.176,0.181,0.178,0.176,0.173,0.147,0.153,0.147,0.006,6.12,53.825,54.473,629916600.0
10.11,2.0,0.175,0.181,0.178,0.176,0.173,0.146,0.153,0.147,0.006,6.12,53.809,54.462,630540200.0
10.12,2.0,0.175,0.181,0.178,0.176,0.173,0.146,0.153,0.147,0.006,6.12,53.794,54.451,631164000.0
10.13,2.0,0.175,0.181,0.178,0.176,0.173,0.146,0.152,0.147,0.006,6.11,53.778,54.441,631787600.0
10.14,2.0,0.175,0.181,0.178,0.176,0.173,0.146,0.152,0.147,0.006,6.11,53.763,54.43,632411300.0
10.15,2.0,0.175,0.181,0.178,0.176,0.173,0.146,0.152,0.147,0.006,6.11,53.747,54.419,633034900.0
10.16,2.0,0.175,0.181,0.178,0.176,0.173,0.146,0.152,0.147,0.006,6.11,53.732,54.408,633658700.0
10.17,2.0,0.175,0.181,0.178,0.176,0.173,0.146,0.152,0.147,0.006,6.1,53.717,54.398,634282400.0
10.18,2.0,0.175,0.181,0.178,0.176,0.173,0.146,0.152,0.147,0.006,6.1,53.701,54.387,634906000.0
10.19,2.0,0.175,0.181,0.178,0.175,0.173,0.146,0.152,0.146,0.006,6.1,53.686,54.376,635529700.0
10.2,2.0,0.175,0.181,0.178,0.175,0.173,0.146,0.152,0.146,0.006,6.1,53.67,54.366,636153400.0
10.21,2.0,0.175,0.181,0.178,0.175,0.173,0.146,0.152,0.146,0.006,6.09,53.655,54.355,636777100.0
10.22,2.0,0.175,0.181,0.178,0.175,0.173,0.146,0.152,0.146,0.006,6.09,53.64,54.344,637400800.0
10.23,2.0,0.175,0.181,0.178,0.175,0.173,0.145,0.152,0.146,0.006,6.09,53.625,54.334,638024400.0
10.24,2.0,0.175,0.181,0.178,0.175,0.173,0.145,0.152,0.146,0.006,6.09,53.609,54.323,638648100.0
10.25,2.0,0.175,0.181,0.178,0.175,0.173,0.145,0.151,0.146,0.006,6.08,53.594,54.312,639271800.0
10.26,2.0,0.175,0.181,0.178,0.175,0.173,0.145,0.151,0.146,0.006,6.08,53.579,54.302,639895500.0
10.27,2.0,0.175,0.18,0.178,0.175,0.173,0.145,0.151,0.146,0.006,6.08,53.563,54.291,640519200.0
10.28,2.0,0.175,0.18,0.178,0.175,0.173,0.145,0.151,0.146,0.006,6.08,53.548,54.281,641142800.0
10.29,2.0,0.175,0.18,0.178,0.175,0.173,0.145,0.151,0.146,0.006,6.07,53.533,54.27,641766500.0
10.3,2.0,0.175,0.18,0.178,0.175,0.173,0.145,0.151,0.145,0.006,6.07,53.518,54.259,642390200.0
10.31,2.0,0.175,0.18,0.178,0.175,0.172,0.145,0.151,0.145,0.006,6.07,53.503,54.249,643013900.0
10.32,2.0,0.175,0.18,0.178,0.175,0.172,0.145,0.151,0.145,0.006,6.07,53.487,54.238,643637500.0
10.33,2.0,0.175,0.18,0.178,0.175,0.172,0.145,0.151,0.145,0.006,6.06,53.472,54.228,644261200.0
10.34,2.0,0.175,0.18,0.178,0.175,0.172,0.144,0.151,0.145,0.006,6.06,53.457,54.217,644884900.0
10.35,2.0,0.175,0.18,0.178,0.175,0.172,0.144,0.151,0.145,0.006,6.06,53.442,54.207,645508600.0
10.36,2.0,0.175,0.18,0.178,0.175,0.172,0.144,0.151,0.145,0.006,6.06,53.427,54.197,646132200.0
10.37,2.0,0.175,0.18,0.178,0.175,0.172,0.144,0.15,0.145,0.006,6.06,53.412,54.186,646756000.0
10.38,2.0,0.175,0.18,0.178,0.175,0.172,0.144,0.15,0.145,0.006,6.05,53.397,54.176,647379600.0
10.39,2.0,0.175,0.18,0.177,0.175,0.172,0.144,0.15,0.145,0.006,6.05,53.382,54.165,648003300.0
10.4,2.0,0.175,0.18,0.177,0.175,0.172,0.144,0.15,0.145,0.006,6.05,53.366,54.155,648626900.0
10.41,2.0,0.175,0.18,0.177,0.175,0.172,0.144,0.15,0.145,0.006,6.05,53.351,54.144,649250700.0
10.42,2.0,0.175,0.18,0.177,0.175,0.172,0.144,0.15,0.144,0.006,6.04,53.336,54.134,649874400.0
10.43,2.0,0.175,0.18,0.177,0.175,0.172,0.144,0.15,0.144,0.006,6.04,53.321,54.124,650498000.0
10.44,2.0,0.175,0.18,0.177,0.175,0.172,0.144,0.15,0.144,0.006,6.04,53.306,54.113,651121700.0
10.45,2.0,0.175,0.18,0.177,0.175,0.172,0.144,0.15,0.144,0.006,6.04,53.291,54.103,651745400.0
10.46,2.0,0.175,0.18,0.177,0.175,0.172,0.144,0.15,0.144,0.006,6.03,53.276,54.093,652369100.0
10.47,2.0,0.175,0.18,0.177,0.175,0.172,0.143,0.15,0.144,0.006,6.03,53.261,54.082,652992800.0
10.48,2.0,0.175,0.18,0.177,0.175,0.172,0.143,0.15,0.144,0.006,6.03,53.247,54.072,653616400.0
10.49,2.0,0.175,0.18,0.177,0.175,0.172,0.143,0.149,0.144,0.006,6.03,53.232,54.062,654240100.0
10.5,2.0,0.175,0.18,0.177,0.175,0.172,0.143,0.149,0.144,0.006,6.02,53.217,54.051,654863800.0
10.51,2.0,0.175,0.18,0.177,0.175,0.172,0.143,0.149,0.144,0.006,6.02,53.202,54.041,655487500.0
10.52,2.0,0.175,0.18,0.177,0.175,0.172,0.143,0.149,0.144,0.006,6.02,53.187,54.031,656111200.0
10.53,2.0,0.175,0.18,0.177,0.175,0.172,0.143,0.149,0.144,0.006,6.02,53.172,54.021,656734800.0
10.54,2.0,0.174,0.18,0.177,0.175,0.172,0.143,0.149,0.144,0.006,6.02,53.157,54.01,657358500.0
10.55,2.0,0.174,0.18,0.177,0.175,0.172,0.143,0.149,0.143,0.006,6.01,53.142,54.0,657982200.0
10.56,2.0,0.174,0.18,0.177,0.175,0.172,0.143,0.149,0.143,0.006,6.01,53.127,53.99,658605900.0
10.57,2.0,0.174,0.18,0.177,0.175,0.172,0.143,0.149,0.143,0.006,6.01,53.113,53.98,659229500.0
10.58,2.0,0.174,0.18,0.177,0.175,0.172,0.143,0.149,0.143,0.006,6.01,53.098,53.97,659853200.0
10.59,2.0,0.174,0.18,0.177,0.175,0.172,0.142,0.149,0.143,0.006,6.0,53.083,53.96,660476900.0
10.6,2.0,0.174,0.18,0.177,0.175,0.172,0.142,0.149,0.143,0.006,6.0,53.068,53.949,661100600.0
10.61,2.0,0.174,0.18,0.177,0.175,0.172,0.142,0.148,0.143,0.006,6.0,53.053,53.939,661724200.0
10.62,2.0,0.174,0.18,0.177,0.175,0.172,0.142,0.148,0.143,0.006,6.0,53.039,53.929,662348000.0
10.63,2.0,0.174,0.18,0.177,0.175,0.172,0.142,0.148,0.143,0.006,5.99,53.024,53.919,662971600.0
10.64,2.0,0.174,0.18,0.177,0.174,0.172,0.142,0.148,0.143,0.006,5.99,53.009,53.909,663595300.0
10.65,2.0,0.174,0.18,0.177,0.174,0.172,0.142,0.148,0.143,0.006,5.99,52.995,53.899,664218900.0
10.66,2.0,0.174,0.18,0.177,0.174,0.172,0.142,0.148,0.143,0.006,5.99,52.98,53.889,664842700.0
10.67,2.0,0.174,0.179,0.177,0.174,0.172,0.142,0.148,0.142,0.006,5.99,52.965,53.879,665466400.0
10.68,2.0,0.174,0.179,0.177,0.174,0.172,0.142,0.148,0.142,0.006,5.98,52.95,53.869,666090000.0
10.69,2.0,0.174,0.179,0.177,0.174,0.172,0.142,0.148,0.142,0.006,5.98,52.936,53.859,666713700.0
10.7,2.0,0.174,0.179,0.177,0.174,0.172,0.142,0.148,0.142,0.006,5.98,52.921,53.849,667337300.0
10.71,2.0,0.174,0.179,0.177,0.174,0.172,0.142,0.148,0.142,0.006,5.98,52.907,53.839,667961100.0
10.72,2.0,0.174,0.179,0.177,0.174,0.172,0.141,0.148,0.142,0.006,5.97,52.892,53.829,668584800.0
10.73,2.0,0.174,0.179,0.177,0.174,0.172,0.141,0.148,0.142,0.006,5.97,52.877,53.819,669208400.0
10.74,2.0,0.174,0.179,0.177,0.174,0.172,0.141,0.147,0.142,0.006,5.97,52.863,53.809,669832100.0
10.75,2.0,0.174,0.179,0.177,0.174,0.172,0.141,0.147,0.142,0.006,5.97,52.848,53.799,670455800.0
10.76,2.0,0.174,0.179,0.177,0.174,0.172,0.141,0.147,0.142,0.006,5.97,52.834,53.789,671079500.0
10.77,2.0,0.174,0.179,0.177,0.174,0.172,0.141,0.147,0.142,0.006,5.96,52.819,53.779,671703200.0
10.78,2.0,0.174,0.179,0.177,0.174,0.172,0.141,0.147,0.142,0.006,5.96,52.804,53.769,672326800.0
10.79,2.0,0.174,0.179,0.177,0.174,0.172,0.141,0.147,0.142,0.006,5.96,52.79,53.759,672950500.0
10.8,2.0,0.174,0.179,0.177,0.174,0.172,0.141,0.147,0.141,0.006,5.96,52.775,53.749,673574200.0
10.81,2.0,0.174,0.179,0.177,0.174,0.172,0.141,0.147,0.141,0.006,5.95,52.761,53.739,674197900.0
10.82,2.0,0.174,0.179,0.177,0.174,0.172,0.141,0.147,0.141,0.006,5.95,52.746,53.729,674821500.0
10.83,2.0,0.174,0.179,0.177,0.174,0.172,0.141,0.147,0.141,0.006,5.95,52.732,53.719,675445200.0
10.84,2.0,0.174,0.179,0.177,0.174,0.172,0.141,0.147,0.141,0.006,5.95,52.718,53.71,676068900.0
10.85,2.0,0.174,0.179,0.177,0.174,0.172,0.14,0.147,0.141,0.006,5.95,52.703,53.7,676692600.0
10.86,2.0,0.174,0.179,0.177,0.174,0.172,0.14,0.147,0.141,0.006,5.94,52.689,53.69,677316200.0
10.87,2.0,0.174,0.179,0.177,0.174,0.172,0.14,0.146,0.141,0.006,5.94,52.674,53.68,677939900.0
10.88,2.0,0.174,0.179,0.177,0.174,0.172,0.14,0.146,0.141,0.006,5.94,52.66,53.67,678563600.0
10.89,2.0,0.174,0.179,0.177,0.174,0.172,0.14,0.146,0.141,0.006,5.94,52.645,53.661,679187300.0
10.9,2.0,0.174,0.179,0.176,0.174,0.171,0.14,0.146,0.141,0.006,5.93,52.631,53.651,679810900.0
10.91,2.0,0.174,0.179,0.176,0.174,0.171,0.14,0.146,0.141,0.006,5.93,52.617,53.641,680434600.0
10.92,2.0,0.174,0.179,0.176,0.174,0.171,0.14,0.146,0.141,0.006,5.93,52.602,53.631,681058400.0
10.93,2.0,0.174,0.179,0.176,0.174,0.171,0.14,0.146,0.14,0.006,5.93,52.588,53.621,681682000.0
10.94,2.0,0.174,0.179,0.176,0.174,0.171,0.14,0.146,0.14,0.006,5.93,52.574,53.612,682305700.0
10.95,2.0,0.174,0.179,0.176,0.174,0.171,0.14,0.146,0.14,0.006,5.92,52.559,53.602,682929300.0
10.96,2.0,0.174,0.179,0.176,0.174,0.171,0.14,0.146,0.14,0.006,5.92,52.545,53.592,683553100.0
10.97,2.0,0.174,0.179,0.176,0.174,0.171,0.14,0.146,0.14,0.006,5.92,52.531,53.583,684176800.0
10.98,2.0,0.174,0.179,0.176,0.174,0.171,0.139,0.146,0.14,0.006,5.92,52.517,53.573,684800400.0
10.99,2.0,0.174,0.179,0.176,0.174,0.171,0.139,0.146,0.14,0.006,5.92,52.502,53.563,685424100.0
11.0,2.0,0.174,0.179,0.176,0.174,0.171,0.139,0.145,0.14,0.006,5.91,52.488,53.554,686047800.0
11.01,2.0,0.174,0.179,0.176,0.174,0.171,0.139,0.145,0.14,0.006,5.91,52.474,53.544,686671500.0
11.02,2.0,0.174,0.179,0.176,0.174,0.171,0.139,0.145,0.14,0.006,5.91,52.46,53.534,687295200.0
11.03,2.0,0.173,0.179,0.176,0.174,0.171,0.139,0.145,0.14,0.006,5.91,52.445,53.525,687918800.0
11.04,2.0,0.173,0.179,0.176,0.174,0.171,0.139,0.145,0.14,0.006,5.9,52.431,53.515,688542500.0
11.05,2.0,0.173,0.179,0.176,0.174,0.171,0.139,0.145,0.14,0.006,5.9,52.417,53.506,689166200.0
11.06,2.0,0.173,0.179,0.176,0.174,0.171,0.139,0.145,0.139,0.006,5.9,52.403,53.496,689789900.0
11.07,2.0,0.173,0.179,0.176,0.174,0.171,0.139,0.145,0.139,0.006,5.9,52.389,53.486,690413500.0
11.08,2.0,0.173,0.179,0.176,0.174,0.171,0.139,0.145,0.139,0.006,5.9,52.375,53.477,691037200.0
11.09,2.0,0.173,0.179,0.176,0.174,0.171,0.139,0.145,0.139,0.006,5.89,52.36,53.467,691660900.0
11.1,2.0,0.173,0.179,0.176,0.174,0.171,0.139,0.145,0.139,0.006,5.89,52.346,53.458,692284600.0
11.11,2.0,0.173,0.178,0.176,0.174,0.171,0.139,0.145,0.139,0.006,5.89,52.332,53.448,692908200.0
11.12,2.0,0.173,0.178,0.176,0.174,0.171,0.138,0.145,0.139,0.006,5.89,52.318,53.439,693531900.0
11.13,2.0,0.173,0.178,0.176,0.174,0.171,0.138,0.145,0.139,0.006,5.89,52.304,53.429,694155600.0
11.14,2.0,0.173,0.178,0.176,0.173,0.171,0.138,0.144,0.139,0.006,5.88,52.29,53.42,694779300.0
11.15,2.0,0.173,0.178,0.176,0.173,0.171,0.138,0.144,0.139,0.006,5.88,52.276,53.41,695402900.0
11.16,2.0,0.173,0.178,0.176,0.173,0.171,0.138,0.144,0.139,0.006,5.88,52.262,53.401,696026600.0
11.17,2.0,0.173,0.178,0.176,0.173,0.171,0.138,0.144,0.139,0.006,5.88,52.248,53.391,696650400.0
11.18,2.0,0.173,0.178,0.176,0.173,0.171,0.138,0.144,0.139,0.006,5.88,52.234,53.382,697274000.0
11.19,2.0,0.173,0.178,0.176,0.173,0.171,0.138,0.144,0.139,0.006,5.87,52.22,53.372,697897700.0
11.2,2.0,0.173,0.178,0.176,0.173,0.171,0.138,0.144,0.138,0.006,5.87,52.206,53.363,698521300.0
11.21,2.0,0.173,0.178,0.176,0.173,0.171,0.138,0.144,0.138,0.006,5.87,52.192,53.354,699145100.0
11.22,2.0,0.173,0.178,0.176,0.173,0.171,0.138,0.144,0.138,0.006,5.87,52.178,53.344,699768800.0
11.23,2.0,0.173,0.178,0.176,0.173,0.171,0.138,0.144,0.138,0.006,5.86,52.164,53.335,700392400.0
11.24,2.0,0.173,0.178,0.176,0.173,0.171,0.138,0.144,0.138,0.006,5.86,52.15,53.325,701016100.0
11.25,2.0,0.173,0.178,0.176,0.173,0.171,0.138,0.144,0.138,0.006,5.86,52.136,53.316,701639700.0
11.26,2.0,0.173,0.178,0.176,0.173,0.171,0.137,0.144,0.138,0.006,5.86,52.122,53.307,702263500.0
11.27,2.0,0.173,0.178,0.176,0.173,0.171,0.137,0.144,0.138,0.006,5.86,52.108,53.297,702887200.0
11.28,2.0,0.173,0.178,0.176,0.173,0.171,0.137,0.143,0.138,0.006,5.85,52.094,53.288,703510800.0
11.29,2.0,0.173,0.178,0.176,0.173,0.171,0.137,0.143,0.138,0.006,5.85,52.081,53.279,704134500.0
11.3,2.0,0.173,0.178,0.176,0.173,0.171,0.137,0.143,0.138,0.006,5.85,52.067,53.269,704758200.0
11.31,2.0,0.173,0.178,0.176,0.173,0.171,0.137,0.143,0.138,0.006,5.85,52.053,53.26,705381900.0
11.32,2.0,0.173,0.178,0.176,0.173,0.171,0.137,0.143,0.138,0.006,5.85,52.039,53.251,706005500.0
11.33,2.0,0.173,0.178,0.176,0.173,0.171,0.137,0.143,0.138,0.006,5.84,52.025,53.241,706629200.0
11.34,2.0,0.173,0.178,0.176,0.173,0.171,0.137,0.143,0.137,0.006,5.84,52.011,53.232,707252900.0
11.35,2.0,0.173,0.178,0.176,0.173,0.171,0.137,0.143,0.137,0.006,5.84,51.998,53.223,707876600.0
11.36,2.0,0.173,0.178,0.176,0.173,0.171,0.137,0.143,0.137,0.006,5.84,51.984,53.214,708500200.0
11.37,2.0,0.173,0.178,0.176,0.173,0.171,0.137,0.143,0.137,0.006,5.84,51.97,53.204,709123900.0
11.38,2.0,0.173,0.178,0.176,0.173,0.171,0.137,0.143,0.137,0.006,5.83,51.956,53.195,709747600.0
11.39,2.0,0.173,0.178,0.176,0.173,0.171,0.137,0.143,0.137,0.006,5.83,51.943,53.186,710371300.0
11.4,2.0,0.173,0.178,0.176,0.173,0.171,0.136,0.143,0.137,0.006,5.83,51.929,53.177,710994900.0
11.41,2.0,0.173,0.178,0.176,0.173,0.171,0.136,0.143,0.137,0.006,5.83,51.915,53.168,711618600.0
11.42,2.0,0.173,0.178,0.176,0.173,0.171,0.136,0.142,0.137,0.006,5.83,51.901,53.159,712242300.0
11.43,2.0,0.173,0.178,0.176,0.173,0.171,0.136,0.142,0.137,0.006,5.82,51.888,53.149,712866000.0
11.44,2.0,0.173,0.178,0.176,0.173,0.171,0.136,0.142,0.137,0.006,5.82,51.874,53.14,713489700.0
11.45,2.0,0.173,0.178,0.176,0.173,0.171,0.136,0.142,0.137,0.006,5.82,51.86,53.131,714113300.0
11.46,2.0,0.173,0.178,0.176,0.173,0.171,0.136,0.142,0.137,0.006,5.82,51.847,53.122,714737000.0
11.47,2.0,0.173,0.178,0.176,0.173,0.171,0.136,0.142,0.137,0.006,5.81,51.835,53.11,715360800.0
11.48,2.0,0.173,0.178,0.176,0.173,0.171,0.136,0.142,0.137,0.006,5.81,51.824,53.1,715984400.0
11.49,2.0,0.173,0.178,0.176,0.173,0.171,0.136,0.142,0.136,0.006,5.8,51.813,53.091,716608100.0
11.5,2.0,0.173,0.178,0.175,0.173,0.171,0.136,0.142,0.136,0.006,5.8,51.802,53.081,717231700.0
11.51,2.0,0.173,0.178,0.175,0.173,0.171,0.136,0.142,0.136,0.006,5.8,51.791,53.072,717855500.0
11.52,2.0,0.173,0.178,0.175,0.173,0.171,0.136,0.142,0.136,0.006,5.8,51.78,53.062,718479200.0
11.53,2.0,0.173,0.178,0.175,0.173,0.171,0.136,0.142,0.136,0.006,5.79,51.769,53.053,719102800.0
11.54,2.0,0.173,0.178,0.175,0.173,0.171,0.136,0.142,0.136,0.006,5.79,51.758,53.043,719726500.0
11.55,2.0,0.173,0.178,0.175,0.173,0.171,0.136,0.142,0.136,0.006,5.79,51.748,53.034,720350200.0
11.56,2.0,0.173,0.178,0.175,0.173,0.171,0.136,0.142,0.136,0.006,5.79,51.737,53.024,720973900.0
11.57,2.0,0.173,0.178,0.175,0.173,0.171,0.136,0.142,0.136,0.006,5.78,51.726,53.015,721597500.0
11.58,2.0,0.173,0.178,0.175,0.173,0.171,0.136,0.142,0.136,0.007,5.78,51.715,53.005,722221200.0
11.59,2.0,0.172,0.178,0.175,0.173,0.171,0.136,0.142,0.136,0.007,5.78,51.704,52.996,722844900.0
11.6,2.0,0.172,0.178,0.175,0.173,0.17,0.136,0.142,0.136,0.007,5.77,51.694,52.987,723468600.0
11.61,2.0,0.172,0.178,0.175,0.173,0.17,0.136,0.142,0.136,0.007,5.77,51.683,52.977,724092200.0
11.62,2.0,0.172,0.178,0.175,0.173,0.17,0.136,0.142,0.136,0.007,5.77,51.672,52.968,724715900.0
11.63,2.0,0.172,0.178,0.175,0.173,0.17,0.136,0.142,0.135,0.007,5.77,51.662,52.958,725339600.0
11.64,2.0,0.172,0.177,0.175,0.173,0.17,0.136,0.142,0.135,0.007,5.76,51.651,52.949,725963300.0
11.65,2.0,0.172,0.177,0.175,0.173,0.17,0.136,0.143,0.135,0.007,5.76,51.64,52.94,726586900.0
11.66,2.0,0.172,0.177,0.175,0.173,0.17,0.136,0.143,0.135,0.007,5.76,51.63,52.93,727210600.0
11.67,2.0,0.172,0.177,0.175,0.173,0.17,0.136,0.143,0.135,0.007,5.76,51.619,52.921,727834300.0
11.68,2.0,0.172,0.177,0.175,0.173,0.17,0.136,0.143,0.135,0.007,5.75,51.609,52.911,728458000.0
11.69,2.0,0.172,0.177,0.175,0.173,0.17,0.136,0.143,0.135,0.008,5.75,51.598,52.902,729081700.0
11.7,2.0,0.172,0.177,0.175,0.173,0.17,0.136,0.143,0.135,0.008,5.75,51.588,52.893,729705300.0
11.71,2.0,0.172,0.177,0.175,0.173,0.17,0.137,0.143,0.135,0.008,5.75,51.578,52.883,730329000.0
11.72,2.0,0.172,0.177,0.175,0.172,0.17,0.137,0.143,0.135,0.008,5.74,51.567,52.874,730952800.0
11.73,2.0,0.172,0.177,0.175,0.172,0.17,0.137,0.143,0.135,0.008,5.74,51.557,52.865,731576400.0
11.74,2.0,0.172,0.177,0.175,0.172,0.17,0.137,0.143,0.135,0.008,5.74,51.546,52.855,732200100.0
11.75,2.0,0.172,0.177,0.175,0.172,0.17,0.137,0.143,0.135,0.008,5.73,51.536,52.846,732823700.0
11.76,2.0,0.172,0.177,0.175,0.172,0.17,0.137,0.143,0.135,0.008,5.73,51.526,52.837,733447500.0
11.77,2.0,0.172,0.177,0.175,0.172,0.17,0.137,0.143,0.135,0.008,5.73,51.516,52.828,734071200.0
11.78,2.0,0.172,0.177,0.175,0.172,0.17,0.137,0.143,0.134,0.008,5.73,51.505,52.818,734694800.0
11.79,2.0,0.172,0.177,0.175,0.172,0.17,0.137,0.143,0.134,0.008,5.72,51.495,52.809,735318500.0
11.8,2.0,0.172,0.177,0.175,0.172,0.17,0.137,0.143,0.134,0.008,5.72,51.485,52.8,735942100.0
11.81,2.0,0.172,0.177,0.175,0.172,0.17,0.137,0.143,0.134,0.009,5.72,51.475,52.791,736565900.0
11.82,2.0,0.172,0.177,0.175,0.172,0.17,0.137,0.143,0.134,0.009,5.72,51.465,52.781,737189500.0
11.83,2.0,0.172,0.177,0.175,0.172,0.17,0.137,0.143,0.134,0.009,5.71,51.454,52.772,737813200.0
11.84,2.0,0.172,0.177,0.175,0.172,0.17,0.137,0.143,0.134,0.009,5.71,51.444,52.763,738436900.0
11.85,2.0,0.172,0.177,0.175,0.172,0.17,0.137,0.143,0.134,0.009,5.71,51.434,52.754,739060600.0
11.86,2.0,0.172,0.177,0.175,0.172,0.17,0.137,0.143,0.134,0.009,5.71,51.424,52.744,739684200.0
11.87,2.0,0.172,0.177,0.175,0.172,0.17,0.137,0.143,0.134,0.009,5.7,51.414,52.735,740307900.0
11.88,2.0,0.172,0.177,0.175,0.172,0.17,0.137,0.143,0.134,0.009,5.7,51.404,52.726,740931600.0
11.89,2.0,0.172,0.177,0.175,0.172,0.17,0.137,0.143,0.134,0.009,5.7,51.394,52.717,741555300.0
11.9,2.0,0.172,0.177,0.175,0.172,0.17,0.137,0.143,0.134,0.009,5.7,51.384,52.708,742178900.0
11.91,2.0,0.172,0.177,0.175,0.172,0.17,0.137,0.143,0.134,0.009,5.69,51.375,52.699,742802600.0
11.92,2.0,0.172,0.177,0.175,0.172,0.17,0.137,0.143,0.134,0.009,5.69,51.365,52.689,743426300.0
11.93,2.0,0.172,0.177,0.175,0.172,0.17,0.137,0.143,0.134,0.01,5.69,51.355,52.68,744050000.0
11.94,2.0,0.172,0.177,0.175,0.172,0.17,0.137,0.143,0.133,0.01,5.69,51.345,52.671,744673700.0
11.95,2.0,0.172,0.177,0.175,0.172,0.17,0.137,0.143,0.133,0.01,5.68,51.335,52.662,745297300.0
11.96,2.0,0.172,0.177,0.175,0.172,0.17,0.137,0.143,0.133,0.01,5.68,51.325,52.653,745921000.0
11.97,2.0,0.172,0.177,0.175,0.172,0.17,0.137,0.143,0.133,0.01,5.68,51.316,52.644,746544800.0
11.98,2.0,0.172,0.177,0.175,0.172,0.17,0.137,0.143,0.133,0.01,5.68,51.306,52.635,747168400.0
11.99,2.0,0.172,0.177,0.175,0.172,0.17,0.137,0.143,0.133,0.01,5.67,51.296,52.626,747792100.0
12.0,2.0,0.172,0.177,0.175,0.172,0.17,0.137,0.143,0.133,0.01,5.67,51.287,52.616,748415700.0
12.01,2.0,0.172,0.177,0.175,0.172,0.17,0.137,0.143,0.133,0.01,5.67,51.277,52.607,749039400.0
12.02,2.0,0.172,0.177,0.175,0.172,0.17,0.137,0.143,0.133,0.01,5.67,51.267,52.598,749663200.0
12.03,2.0,0.172,0.177,0.175,0.172,0.17,0.137,0.143,0.133,0.01,5.66,51.258,52.589,750286800.0
12.04,2.0,0.172,0.177,0.175,0.172,0.17,0.137,0.143,0.133,0.011,5.66,51.248,52.58,750910500.0
12.05,2.0,0.172,0.177,0.175,0.172,0.17,0.137,0.143,0.133,0.011,5.66,51.239,52.571,751534100.0
12.06,2.0,0.172,0.177,0.175,0.172,0.17,0.137,0.143,0.133,0.011,5.66,51.229,52.562,752157900.0
12.07,2.0,0.172,0.177,0.175,0.172,0.17,0.137,0.143,0.133,0.011,5.65,51.22,52.553,752781500.0
12.08,2.0,0.172,0.177,0.175,0.172,0.17,0.137,0.143,0.133,0.011,5.65,51.21,52.544,753405200.0
12.09,2.0,0.172,0.177,0.175,0.172,0.17,0.137,0.143,0.133,0.011,5.65,51.201,52.535,754028900.0
12.1,2.0,0.172,0.177,0.175,0.172,0.17,0.137,0.143,0.132,0.011,5.65,51.191,52.526,754652600.0
12.11,2.0,0.172,0.177,0.175,0.172,0.17,0.137,0.143,0.132,0.011,5.64,51.182,52.517,755276200.0
12.12,2.0,0.172,0.177,0.175,0.172,0.17,0.137,0.144,0.132,0.011,5.64,51.173,52.508,755899900.0
12.13,2.0,0.172,0.177,0.175,0.172,0.17,0.137,0.144,0.132,0.011,5.64,51.163,52.499,756523600.0
12.14,2.0,0.172,0.177,0.175,0.172,0.17,0.137,0.144,0.132,0.011,5.64,51.154,52.49,757147300.0
12.15,2.0,0.172,0.177,0.175,0.172,0.17,0.137,0.144,0.132,0.011,5.63,51.145,52.481,757770900.0
12.16,2.0,0.172,0.177,0.175,0.172,0.17,0.138,0.144,0.132,0.012,5.63,51.135,52.472,758394600.0
12.17,2.0,0.172,0.177,0.175,0.172,0.17,0.138,0.144,0.132,0.012,5.63,51.126,52.463,759018300.0
12.18,2.0,0.172,0.177,0.175,0.172,0.17,0.138,0.144,0.132,0.012,5.63,51.117,52.454,759642000.0
12.19,2.0,0.172,0.177,0.175,0.172,0.17,0.138,0.144,0.132,0.012,5.62,51.108,52.445,760265700.0
12.2,2.0,0.172,0.177,0.175,0.172,0.17,0.138,0.144,0.132,0.012,5.62,51.098,52.436,760889300.0
12.21,2.0,0.172,0.177,0.175,0.172,0.17,0.138,0.144,0.132,0.012,5.62,51.089,52.427,761513000.0
12.22,2.0,0.172,0.177,0.175,0.172,0.17,0.138,0.144,0.132,0.012,5.62,51.08,52.419,762136700.0
12.23,2.0,0.172,0.177,0.175,0.172,0.17,0.138,0.144,0.132,0.012,5.61,51.071,52.41,762760400.0
12.24,2.0,0.171,0.177,0.175,0.172,0.17,0.138,0.144,0.132,0.012,5.61,51.062,52.401,763384100.0
12.25,2.0,0.171,0.177,0.175,0.172,0.17,0.138,0.144,0.132,0.012,5.61,51.053,52.392,764007700.0
12.26,2.0,0.171,0.177,0.175,0.172,0.17,0.138,0.144,0.131,0.012,5.61,51.044,52.383,764631400.0
12.27,2.0,0.171,0.177,0.175,0.172,0.17,0.138,0.144,0.131,0.012,5.6,51.035,52.374,765255200.0
12.28,2.0,0.171,0.177,0.175,0.172,0.17,0.138,0.144,0.131,0.013,5.6,51.026,52.365,765878800.0
12.29,2.0,0.171,0.177,0.175,0.172,0.17,0.138,0.144,0.131,0.013,5.6,51.017,52.356,766502500.0
12.3,2.0,0.171,0.177,0.175,0.172,0.17,0.138,0.144,0.131,0.013,5.6,51.008,52.347,767126100.0
12.31,2.0,0.171,0.177,0.175,0.172,0.17,0.138,0.144,0.131,0.013,5.59,50.999,52.339,767749900.0
12.32,2.0,0.171,0.177,0.175,0.172,0.17,0.138,0.144,0.131,0.013,5.59,50.99,52.33,768373500.0
12.33,2.0,0.171,0.177,0.175,0.172,0.17,0.138,0.144,0.131,0.013,5.59,50.981,52.321,768997200.0
12.34,2.0,0.171,0.176,0.175,0.172,0.17,0.138,0.144,0.131,0.013,5.59,50.973,52.312,769620900.0
12.35,2.0,0.171,0.176,0.175,0.172,0.17,0.138,0.144,0.131,0.013,5.58,50.964,52.303,770244500.0
12.36,2.0,0.171,0.176,0.175,0.172,0.17,0.138,0.144,0.131,0.013,5.58,50.955,52.295,770868200.0
12.37,2.0,0.171,0.176,0.175,0.172,0.17,0.138,0.144,0.131,0.013,5.58,50.946,52.286,771491900.0
12.38,2.0,0.171,0.176,0.175,0.172,0.17,0.138,0.144,0.131,0.013,5.58,50.938,52.277,772115600.0
12.39,2.0,0.171,0.176,0.174,0.172,0.17,0.138,0.144,0.131,0.014,5.57,50.929,52.268,772739300.0
12.4,2.0,0.171,0.176,0.174,0.171,0.17,0.138,0.144,0.131,0.014,5.57,50.92,52.259,773362900.0
12.41,2.0,0.171,0.176,0.174,0.171,0.17,0.138,0.144,0.131,0.014,5.57,50.911,52.251,773986600.0
12.42,2.0,0.171,0.176,0.174,0.171,0.17,0.138,0.144,0.131,0.014,5.57,50.903,52.242,774610300.0
12.43,2.0,0.171,0.176,0.174,0.171,0.17,0.138,0.144,0.13,0.014,5.57,50.894,52.233,775234000.0
12.44,2.0,0.171,0.176,0.174,0.171,0.17,0.138,0.144,0.13,0.014,5.56,50.886,52.224,775857700.0
12.45,2.0,0.171,0.176,0.174,0.171,0.17,0.138,0.144,0.13,0.014,5.56,50.877,52.216,776481300.0
12.46,2.0,0.171,0.176,0.174,0.171,0.169,0.138,0.144,0.13,0.014,5.56,50.868,52.207,777105000.0
12.47,2.0,0.171,0.176,0.174,0.171,0.169,0.138,0.144,0.13,0.014,5.56,50.86,52.198,777728700.0
12.48,2.0,0.171,0.176,0.174,0.171,0.169,0.138,0.144,0.13,0.014,5.55,50.851,52.189,778352400.0
12.49,2.0,0.171,0.176,0.174,0.171,0.169,0.138,0.144,0.13,0.014,5.55,50.843,52.181,778976100.0
12.5,2.0,0.171,0.176,0.174,0.171,0.169,0.138,0.144,0.13,0.014,5.55,50.834,52.172,779599700.0
12.51,2.0,0.171,0.176,0.174,0.171,0.169,0.138,0.145,0.13,0.015,5.55,50.826,52.163,780223400.0
12.52,2.0,0.171,0.176,0.174,0.171,0.169,0.138,0.145,0.13,0.015,5.54,50.818,52.155,780847200.0
12.53,2.0,0.171,0.176,0.174,0.171,0.169,0.138,0.145,0.13,0.015,5.54,50.809,52.146,781470800.0
12.54,2.0,0.171,0.176,0.174,0.171,0.169,0.139,0.145,0.13,0.015,5.54,50.801,52.137,782094500.0
12.55,2.0,0.171,0.176,0.174,0.171,0.169,0.139,0.145,0.13,0.015,5.54,50.792,52.129,782718100.0
12.56,2.0,0.171,0.176,0.174,0.171,0.169,0.139,0.145,0.13,0.015,5.54,50.784,52.12,783341800.0
12.57,2.0,0.171,0.176,0.174,0.171,0.169,0.139,0.145,0.13,0.015,5.53,50.776,52.111,783965500.0
12.58,2.0,0.171,0.176,0.174,0.171,0.169,0.139,0.145,0.13,0.015,5.53,50.768,52.103,784589200.0
12.59,2.0,0.171,0.176,0.174,0.171,0.169,0.139,0.145,0.13,0.015,5.53,50.759,52.094,785212900.0
12.6,2.0,0.171,0.176,0.174,0.171,0.169,0.139,0.145,0.129,0.015,5.53,50.751,52.086,785836500.0
12.61,2.0,0.171,0.176,0.174,0.171,0.169,0.139,0.145,0.129,0.015,5.52,50.743,52.077,786460200.0
12.62,2.0,0.171,0.176,0.174,0.171,0.169,0.139,0.145,0.129,0.015,5.52,50.735,52.068,787083900.0
12.63,2.0,0.171,0.176,0.174,0.171,0.169,0.139,0.145,0.129,0.016,5.52,50.726,52.06,787707600.0
12.64,2.0,0.171,0.176,0.174,0.171,0.169,0.139,0.145,0.129,0.016,5.52,50.718,52.051,788331300.0
12.65,2.0,0.171,0.176,0.174,0.171,0.169,0.139,0.145,0.129,0.016,5.51,50.71,52.043,788954900.0
12.66,2.0,0.171,0.176,0.174,0.171,0.169,0.139,0.145,0.129,0.016,5.51,50.702,52.034,789578600.0
12.67,2.0,0.171,0.176,0.174,0.171,0.169,0.139,0.145,0.129,0.016,5.51,50.694,52.025,790202300.0
12.68,2.0,0.171,0.176,0.174,0.171,0.169,0.139,0.145,0.129,0.016,5.51,50.686,52.017,790826000.0
12.69,2.0,0.171,0.176,0.174,0.171,0.169,0.139,0.145,0.129,0.016,5.51,50.678,52.008,791449700.0
12.7,2.0,0.171,0.176,0.174,0.171,0.169,0.139,0.145,0.129,0.016,5.5,50.67,52.0,792073300.0
12.71,2.0,0.171,0.176,0.174,0.171,0.169,0.139,0.145,0.129,0.016,5.5,50.662,51.991,792697000.0
12.72,2.0,0.171,0.176,0.174,0.171,0.169,0.139,0.145,0.129,0.016,5.5,50.654,51.983,793320700.0
12.73,2.0,0.171,0.176,0.174,0.171,0.169,0.139,0.145,0.129,0.016,5.5,50.646,51.974,793944400.0
12.74,2.0,0.171,0.176,0.174,0.171,0.169,0.139,0.145,0.129,0.017,5.49,50.638,51.966,794568100.0
12.75,2.0,0.171,0.176,0.174,0.171,0.169,0.139,0.145,0.129,0.017,5.49,50.63,51.957,795191700.0
12.76,2.0,0.171,0.176,0.174,0.171,0.169,0.139,0.145,0.129,0.017,5.49,50.622,51.949,795815400.0
12.77,2.0,0.171,0.176,0.174,0.171,0.169,0.139,0.145,0.128,0.017,5.49,50.614,51.94,796439100.0
12.78,2.0,0.171,0.176,0.174,0.171,0.169,0.139,0.145,0.128,0.017,5.49,50.607,51.932,797062800.0
12.79,2.0,0.171,0.176,0.174,0.171,0.169,0.139,0.145,0.128,0.017,5.48,50.599,51.923,797686500.0
12.8,2.0,0.171,0.176,0.174,0.171,0.169,0.139,0.145,0.128,0.017,5.48,50.591,51.915,798310100.0
12.81,2.0,0.171,0.176,0.174,0.171,0.169,0.139,0.145,0.128,0.017,5.48,50.583,51.906,798933800.0
12.82,2.0,0.171,0.176,0.174,0.171,0.169,0.139,0.145,0.128,0.017,5.48,50.575,51.898,799557500.0
12.83,2.0,0.171,0.176,0.174,0.171,0.169,0.139,0.145,0.128,0.017,5.47,50.568,51.889,800181200.0
12.84,2.0,0.171,0.176,0.174,0.171,0.169,0.139,0.145,0.128,0.017,5.47,50.56,51.881,800804900.0
12.85,2.0,0.171,0.176,0.174,0.171,0.169,0.139,0.145,0.128,0.017,5.47,50.552,51.872,801428500.0
12.86,2.0,0.171,0.176,0.174,0.171,0.169,0.139,0.146,0.128,0.018,5.47,50.545,51.864,802052200.0
12.87,2.0,0.171,0.176,0.174,0.171,0.169,0.139,0.146,0.128,0.018,5.47,50.537,51.856,802675900.0
12.88,2.0,0.171,0.176,0.174,0.171,0.169,0.14,0.146,0.128,0.018,5.46,50.529,51.847,803299600.0
12.89,2.0,0.171,0.176,0.174,0.171,0.169,0.14,0.146,0.128,0.018,5.46,50.522,51.839,803923300.0
12.9,2.0,0.171,0.176,0.174,0.171,0.169,0.14,0.146,0.128,0.018,5.46,50.514,51.83,804546900.0
12.91,2.0,0.171,0.176,0.174,0.171,0.169,0.14,0.146,0.128,0.018,5.46,50.507,51.822,805170600.0
12.92,2.0,0.171,0.176,0.174,0.171,0.169,0.14,0.146,0.128,0.018,5.45,50.499,51.814,805794300.0
12.93,2.0,0.171,0.176,0.174,0.171,0.169,0.14,0.146,0.128,0.018,5.45,50.492,51.805,806418000.0
12.94,2.0,0.171,0.176,0.174,0.171,0.169,0.14,0.146,0.128,0.018,5.45,50.484,51.797,807041700.0
12.95,2.0,0.171,0.176,0.174,0.171,0.169,0.14,0.146,0.127,0.018,5.45,50.477,51.788,807665300.0
12.96,2.0,0.171,0.176,0.174,0.171,0.169,0.14,0.146,0.127,0.018,5.45,50.469,51.78,808289000.0
12.97,2.0,0.171,0.176,0.174,0.171,0.169,0.14,0.146,0.127,0.018,5.44,50.462,51.772,808912700.0
12.98,2.0,0.171,0.176,0.174,0.171,0.169,0.14,0.146,0.127,0.019,5.44,50.454,51.763,809536300.0
12.99,2.0,0.171,0.176,0.174,0.171,0.169,0.14,0.146,0.127,0.019,5.44,50.447,51.755,810160100.0
13.0,2.0,0.171,0.176,0.174,0.171,0.169,0.14,0.146,0.127,0.019,5.44,50.44,51.747,810783700.0
13.01,2.0,0.171,0.176,0.174,0.171,0.169,0.14,0.146,0.127,0.019,5.43,50.432,51.738,811407400.0
13.02,2.0,0.17,0.176,0.174,0.171,0.169,0.14,0.146,0.127,0.019,5.43,50.425,51.73,812031100.0
13.03,2.0,0.17,0.176,0.174,0.171,0.169,0.14,0.146,0.127,0.019,5.43,50.418,51.722,812654800.0
13.04,2.0,0.17,0.176,0.174,0.171,0.169,0.14,0.146,0.127,0.019,5.43,50.41,51.714,813278500.0
13.05,2.0,0.17,0.176,0.174,0.171,0.169,0.14,0.146,0.127,0.019,5.43,50.403,51.705,813902100.0
13.06,2.0,0.17,0.176,0.174,0.171,0.169,0.14,0.146,0.127,0.019,5.42,50.396,51.697,814525800.0
13.07,2.0,0.17,0.176,0.174,0.171,0.169,0.14,0.146,0.127,0.019,5.42,50.388,51.689,815149500.0
13.08,2.0,0.17,0.176,0.174,0.171,0.169,0.14,0.146,0.127,0.019,5.42,50.381,51.68,815773200.0
13.09,2.0,0.17,0.176,0.174,0.171,0.169,0.14,0.146,0.127,0.019,5.42,50.374,51.672,816396900.0
13.1,2.0,0.17,0.176,0.174,0.171,0.169,0.14,0.146,0.127,0.02,5.42,50.367,51.664,817020500.0
13.11,2.0,0.17,0.176,0.174,0.171,0.169,0.14,0.146,0.127,0.02,5.41,50.36,51.656,817644200.0
13.12,2.0,0.17,0.176,0.174,0.171,0.169,0.14,0.146,0.127,0.02,5.41,50.353,51.647,818267900.0
13.13,2.0,0.17,0.176,0.174,0.171,0.169,0.14,0.146,0.127,0.02,5.41,50.346,51.639,818891600.0
13.14,2.0,0.17,0.176,0.174,0.171,0.169,0.14,0.146,0.126,0.02,5.41,50.338,51.631,819515300.0
13.15,2.0,0.17,0.176,0.174,0.171,0.169,0.14,0.146,0.126,0.02,5.4,50.331,51.623,820138900.0
13.16,2.0,0.17,0.176,0.174,0.171,0.169,0.14,0.146,0.126,0.02,5.4,50.324,51.614,820762600.0
13.17,2.0,0.17,0.176,0.174,0.171,0.169,0.14,0.146,0.126,0.02,5.4,50.317,51.606,821386300.0
13.18,2.0,0.17,0.176,0.174,0.171,0.169,0.14,0.147,0.126,0.02,5.4,50.31,51.598,822010000.0
13.19,2.0,0.17,0.176,0.174,0.171,0.169,0.141,0.147,0.126,0.02,5.4,50.303,51.59,822633600.0
13.2,2.0,0.17,0.176,0.174,0.17,0.169,0.141,0.147,0.126,0.02,5.39,50.296,51.582,823257300.0
13.21,2.0,0.17,0.175,0.174,0.17,0.169,0.141,0.147,0.126,0.021,5.39,50.289,51.574,823881000.0
13.22,2.0,0.17,0.175,0.174,0.17,0.169,0.141,0.147,0.126,0.021,5.39,50.282,51.565,824504700.0
13.23,2.0,0.17,0.175,0.174,0.17,0.169,0.141,0.147,0.126,0.021,5.39,50.276,51.557,825128300.0
13.24,2.0,0.17,0.175,0.174,0.17,0.169,0.141,0.147,0.126,0.021,5.39,50.269,51.549,825752100.0
13.25,2.0,0.17,0.175,0.174,0.17,0.169,0.141,0.147,0.126,0.021,5.38,50.262,51.541,826375700.0
13.26,2.0,0.17,0.175,0.174,0.17,0.169,0.141,0.147,0.126,0.021,5.38,50.255,51.533,826999400.0
13.27,2.0,0.17,0.175,0.174,0.17,0.169,0.141,0.147,0.126,0.021,5.38,50.248,51.525,827623100.0
13.28,2.0,0.17,0.175,0.174,0.17,0.169,0.141,0.147,0.126,0.021,5.38,50.241,51.516,828246800.0
13.29,2.0,0.17,0.175,0.174,0.17,0.169,0.141,0.147,0.126,0.021,5.38,50.235,51.508,828870500.0
13.3,2.0,0.17,0.175,0.174,0.17,0.169,0.141,0.147,0.126,0.021,5.37,50.228,51.5,829494100.0
13.31,2.0,0.17,0.175,0.174,0.17,0.169,0.141,0.147,0.126,0.021,5.37,50.221,51.492,830117800.0
13.32,2.0,0.17,0.175,0.174,0.17,0.169,0.141,0.147,0.126,0.021,5.37,50.214,51.484,830741500.0
13.33,2.0,0.17,0.175,0.174,0.17,0.169,0.141,0.147,0.125,0.022,5.37,50.208,51.476,831365200.0
13.34,2.0,0.17,0.175,0.174,0.17,0.169,0.141,0.147,0.125,0.022,5.37,50.201,51.468,831988900.0
13.35,2.0,0.17,0.175,0.174,0.17,0.169,0.141,0.147,0.125,0.022,5.36,50.194,51.46,832612500.0
13.36,2.0,0.17,0.175,0.174,0.17,0.169,0.141,0.147,0.125,0.022,5.36,50.188,51.452,833236200.0
13.37,2.0,0.17,0.175,0.174,0.17,0.169,0.141,0.147,0.125,0.022,5.36,50.181,51.444,833859900.0
13.38,2.0,0.17,0.175,0.174,0.17,0.169,0.141,0.147,0.125,0.022,5.36,50.174,51.436,834483600.0
13.39,2.0,0.17,0.175,0.174,0.17,0.169,0.141,0.147,0.125,0.022,5.36,50.168,51.428,835107300.0
13.4,2.0,0.17,0.175,0.174,0.17,0.169,0.141,0.147,0.125,0.022,5.35,50.161,51.419,835730900.0
13.41,2.0,0.17,0.175,0.174,0.17,0.169,0.141,0.147,0.125,0.022,5.35,50.155,51.411,836354600.0
13.42,2.0,0.17,0.175,0.174,0.17,0.169,0.141,0.147,0.125,0.022,5.35,50.148,51.403,836978300.0
13.43,2.0,0.17,0.175,0.174,0.17,0.169,0.141,0.147,0.125,0.022,5.35,50.141,51.395,837602000.0
13.44,2.0,0.17,0.175,0.174,0.17,0.169,0.141,0.147,0.125,0.022,5.35,50.135,51.387,838225600.0
13.45,2.0,0.17,0.175,0.174,0.17,0.169,0.141,0.147,0.125,0.023,5.34,50.128,51.379,838849300.0
13.46,2.0,0.17,0.175,0.174,0.17,0.169,0.141,0.147,0.125,0.023,5.34,50.122,51.371,839473000.0
13.47,2.0,0.17,0.175,0.174,0.17,0.169,0.141,0.148,0.125,0.023,5.34,50.116,51.363,840096700.0
13.48,2.0,0.17,0.175,0.174,0.17,0.169,0.142,0.148,0.125,0.023,5.34,50.109,51.355,840720300.0
13.49,2.0,0.17,0.175,0.174,0.17,0.169,0.142,0.148,0.125,0.023,5.34,50.103,51.347,841344100.0
13.5,2.0,0.17,0.175,0.174,0.17,0.169,0.142,0.148,0.125,0.023,5.33,50.096,51.339,841967700.0
13.51,2.0,0.17,0.175,0.174,0.17,0.169,0.142,0.148,0.125,0.023,5.33,50.09,51.331,842591400.0
13.52,2.0,0.17,0.175,0.174,0.17,0.169,0.142,0.148,0.124,0.023,5.33,50.084,51.323,843215100.0
13.53,2.0,0.17,0.175,0.174,0.17,0.169,0.142,0.148,0.124,0.023,5.33,50.077,51.316,843838700.0
13.54,2.0,0.17,0.175,0.174,0.17,0.168,0.142,0.148,0.124,0.023,5.33,50.071,51.308,844462500.0
13.55,2.0,0.17,0.175,0.174,0.17,0.168,0.142,0.148,0.124,0.023,5.32,50.065,51.3,845086100.0
13.56,2.0,0.17,0.175,0.174,0.17,0.168,0.142,0.148,0.124,0.024,5.32,50.058,51.292,845709800.0
13.57,2.0,0.17,0.175,0.174,0.17,0.168,0.142,0.148,0.124,0.024,5.32,50.052,51.284,846333400.0
13.58,2.0,0.17,0.175,0.174,0.17,0.168,0.142,0.148,0.124,0.024,5.32,50.046,51.276,846957200.0
13.59,2.0,0.17,0.175,0.174,0.17,0.168,0.142,0.148,0.124,0.024,5.32,50.04,51.268,847580900.0
13.6,2.0,0.17,0.175,0.174,0.17,0.168,0.142,0.148,0.124,0.024,5.31,50.033,51.26,848204500.0
13.61,2.0,0.17,0.175,0.174,0.17,0.168,0.142,0.148,0.124,0.024,5.31,50.027,51.252,848828200.0
13.62,2.0,0.17,0.175,0.173,0.17,0.168,0.142,0.148,0.124,0.024,5.31,50.021,51.244,849451900.0
13.63,2.0,0.17,0.175,0.173,0.17,0.168,0.142,0.148,0.124,0.024,5.31,50.015,51.236,850075600.0
13.64,2.0,0.17,0.175,0.173,0.17,0.168,0.142,0.148,0.124,0.024,5.31,50.009,51.228,850699300.0
13.65,2.0,0.17,0.175,0.173,0.17,0.168,0.142,0.148,0.124,0.024,5.3,50.003,51.221,851322900.0
13.66,2.0,0.17,0.175,0.173,0.17,0.168,0.142,0.148,0.124,0.024,5.3,49.997,51.213,851946600.0
13.67,2.0,0.17,0.175,0.173,0.17,0.168,0.142,0.148,0.124,0.024,5.3,49.99,51.205,852570300.0
13.68,2.0,0.17,0.175,0.173,0.17,0.168,0.142,0.148,0.124,0.025,5.3,49.984,51.197,853194000.0
13.69,2.0,0.17,0.175,0.173,0.17,0.168,0.142,0.148,0.124,0.025,5.3,49.978,51.189,853817600.0
13.7,2.0,0.17,0.175,0.173,0.17,0.168,0.142,0.148,0.124,0.025,5.29,49.972,51.181,854441300.0
13.71,2.0,0.17,0.175,0.173,0.17,0.168,0.142,0.148,0.124,0.025,5.29,49.966,51.173,855065000.0
13.72,2.0,0.17,0.175,0.173,0.17,0.168,0.142,0.148,0.123,0.025,5.29,49.96,51.166,855688700.0
13.73,2.0,0.17,0.175,0.173,0.17,0.168,0.142,0.148,0.123,0.025,5.29,49.954,51.158,856312300.0
13.74,2.0,0.17,0.175,0.173,0.17,0.168,0.142,0.148,0.123,0.025,5.29,49.948,51.15,856936000.0
13.75,2.0,0.17,0.175,0.173,0.17,0.168,0.142,0.149,0.123,0.025,5.28,49.943,51.142,857559700.0
13.76,2.0,0.17,0.175,0.173,0.17,0.168,0.143,0.149,0.123,0.025,5.28,49.937,51.134,858183400.0
13.77,2.0,0.17,0.175,0.173,0.17,0.168,0.143,0.149,0.123,0.025,5.28,49.931,51.127,858807100.0
13.78,2.0,0.17,0.175,0.173,0.17,0.168,0.143,0.149,0.123,0.025,5.28,49.925,51.119,859430700.0
13.79,2.0,0.17,0.175,0.173,0.17,0.168,0.143,0.149,0.123,0.025,5.28,49.919,51.111,860054500.0
13.8,2.0,0.17,0.175,0.173,0.17,0.168,0.143,0.149,0.123,0.026,5.27,49.913,51.103,860678100.0
13.81,2.0,0.17,0.175,0.173,0.17,0.168,0.143,0.149,0.123,0.026,5.27,49.907,51.095,861301800.0
13.82,2.0,0.17,0.175,0.173,0.17,0.168,0.143,0.149,0.123,0.026,5.27,49.901,51.088,861925400.0
13.83,2.0,0.17,0.175,0.173,0.17,0.168,0.143,0.149,0.123,0.026,5.27,49.896,51.08,862549200.0
13.84,2.0,0.17,0.175,0.173,0.17,0.168,0.143,0.149,0.123,0.026,5.27,49.89,51.072,863172900.0
13.85,2.0,0.17,0.175,0.173,0.17,0.168,0.143,0.149,0.123,0.026,5.27,49.884,51.064,863796500.0
13.86,2.0,0.17,0.175,0.173,0.17,0.168,0.143,0.149,0.123,0.026,5.26,49.878,51.057,864420200.0
13.87,2.0,0.17,0.175,0.173,0.17,0.168,0.143,0.149,0.123,0.026,5.26,49.873,51.049,865043900.0
13.88,2.0,0.17,0.175,0.173,0.17,0.168,0.143,0.149,0.123,0.026,5.26,49.867,51.041,865667600.0
13.89,2.0,0.17,0.175,0.173,0.17,0.168,0.143,0.149,0.123,0.026,5.26,49.861,51.034,866291300.0
13.9,2.0,0.17,0.175,0.173,0.17,0.168,0.143,0.149,0.123,0.026,5.26,49.856,51.026,866914900.0
13.91,2.0,0.17,0.175,0.173,0.17,0.168,0.143,0.149,0.123,0.027,5.25,49.85,51.018,867538600.0
13.92,2.0,0.17,0.175,0.173,0.17,0.168,0.143,0.149,0.123,0.027,5.25,49.844,51.01,868162300.0
13.93,2.0,0.17,0.175,0.173,0.17,0.168,0.143,0.149,0.122,0.027,5.25,49.839,51.003,868786000.0
13.94,2.0,0.17,0.175,0.173,0.17,0.168,0.143,0.149,0.122,0.027,5.25,49.833,50.995,869409600.0
13.95,2.0,0.17,0.175,0.173,0.17,0.168,0.143,0.149,0.122,0.027,5.25,49.827,50.987,870033300.0
13.96,2.0,0.169,0.175,0.173,0.17,0.168,0.143,0.149,0.122,0.027,5.24,49.822,50.98,870657000.0
13.97,2.0,0.169,0.175,0.173,0.17,0.168,0.143,0.149,0.122,0.027,5.24,49.816,50.972,871280700.0
13.98,2.0,0.169,0.175,0.173,0.17,0.168,0.143,0.149,0.122,0.027,5.24,49.811,50.964,871904300.0
13.99,2.0,0.169,0.175,0.173,0.17,0.168,0.143,0.149,0.122,0.027,5.24,49.805,50.957,872528000.0
14.0,2.0,0.169,0.175,0.173,0.17,0.168,0.143,0.149,0.122,0.027,5.24,49.8,50.949,873151700.0
14.01,2.0,0.169,0.175,0.173,0.17,0.168,0.143,0.149,0.122,0.027,5.24,49.794,50.941,873775400.0
14.02,2.0,0.169,0.175,0.173,0.17,0.168,0.144,0.15,0.122,0.027,5.23,49.789,50.934,874399100.0
14.03,2.0,0.169,0.175,0.173,0.17,0.168,0.144,0.15,0.122,0.028,5.23,49.783,50.926,875022700.0
14.04,2.0,0.169,0.175,0.173,0.17,0.168,0.144,0.15,0.122,0.028,5.23,49.778,50.919,875646500.0
14.05,2.0,0.169,0.175,0.173,0.17,0.168,0.144,0.15,0.122,0.028,5.23,49.772,50.911,876270100.0
14.06,2.0,0.169,0.175,0.173,0.17,0.168,0.144,0.15,0.122,0.028,5.23,49.767,50.903,876893800.0
14.07,2.0,0.169,0.175,0.173,0.17,0.168,0.144,0.15,0.122,0.028,5.22,49.762,50.896,877517400.0
14.08,2.0,0.169,0.175,0.173,0.17,0.168,0.144,0.15,0.122,0.028,5.22,49.756,50.888,878141200.0
14.09,2.0,0.169,0.175,0.173,0.17,0.168,0.144,0.15,0.122,0.028,5.22,49.751,50.881,878764900.0
14.1,2.0,0.169,0.175,0.173,0.17,0.168,0.144,0.15,0.122,0.028,5.22,49.745,50.873,879388500.0
14.11,2.0,0.169,0.175,0.173,0.17,0.168,0.144,0.15,0.122,0.028,5.22,49.74,50.865,880012200.0
14.12,2.0,0.169,0.175,0.173,0.17,0.168,0.144,0.15,0.122,0.028,5.22,49.735,50.858,880635800.0
14.13,2.0,0.169,0.175,0.173,0.17,0.168,0.144,0.15,0.122,0.028,5.21,49.73,50.85,881259600.0
14.14,2.0,0.169,0.175,0.173,0.17,0.168,0.144,0.15,0.121,0.028,5.21,49.724,50.843,881883300.0
14.15,2.0,0.169,0.175,0.173,0.17,0.168,0.144,0.15,0.121,0.029,5.21,49.719,50.835,882506900.0
14.16,2.0,0.169,0.175,0.173,0.17,0.168,0.144,0.15,0.121,0.029,5.21,49.714,50.828,883130600.0
14.17,2.0,0.169,0.175,0.173,0.17,0.168,0.144,0.15,0.121,0.029,5.21,49.709,50.82,883754300.0
14.18,2.0,0.169,0.175,0.173,0.169,0.168,0.144,0.15,0.121,0.029,5.2,49.703,50.813,884378000.0
14.19,2.0,0.169,0.175,0.173,0.169,0.168,0.144,0.15,0.121,0.029,5.2,49.698,50.805,885001600.0
14.2,2.0,0.169,0.175,0.173,0.169,0.168,0.144,0.15,0.121,0.029,5.2,49.693,50.798,885625300.0
14.21,2.0,0.169,0.175,0.173,0.169,0.168,0.144,0.15,0.121,0.029,5.2,49.688,50.79,886249000.0
14.22,2.0,0.169,0.175,0.173,0.169,0.168,0.144,0.15,0.121,0.029,5.2,49.683,50.783,886872700.0
14.23,2.0,0.169,0.175,0.173,0.169,0.168,0.144,0.15,0.121,0.029,5.2,49.678,50.775,887496300.0
14.24,2.0,0.169,0.175,0.173,0.169,0.168,0.144,0.15,0.121,0.029,5.19,49.672,50.768,888120000.0
14.25,2.0,0.169,0.175,0.173,0.169,0.168,0.144,0.15,0.121,0.029,5.19,49.667,50.76,888743700.0
14.26,2.0,0.169,0.175,0.173,0.169,0.168,0.144,0.15,0.121,0.03,5.19,49.662,50.753,889367400.0
14.27,2.0,0.169,0.175,0.173,0.169,0.168,0.145,0.151,0.121,0.03,5.19,49.657,50.745,889991100.0
14.28,2.0,0.169,0.175,0.173,0.169,0.168,0.145,0.151,0.121,0.03,5.19,49.652,50.738,890614700.0
14.29,2.0,0.169,0.175,0.173,0.169,0.168,0.145,0.151,0.121,0.03,5.18,49.647,50.73,891238400.0
14.3,2.0,0.169,0.175,0.173,0.169,0.168,0.145,0.151,0.121,0.03,5.18,49.642,50.723,891862100.0
14.31,2.0,0.169,0.175,0.173,0.169,0.168,0.145,0.151,0.121,0.03,5.18,49.637,50.715,892485800.0
14.32,2.0,0.169,0.175,0.173,0.169,0.168,0.145,0.151,0.121,0.03,5.18,49.632,50.708,893109400.0
14.33,2.0,0.169,0.175,0.173,0.169,0.168,0.145,0.151,0.121,0.03,5.18,49.626,50.7,893733100.0
14.34,2.0,0.169,0.175,0.173,0.169,0.168,0.145,0.151,0.121,0.03,5.18,49.618,50.693,894356900.0
14.35,2.0,0.169,0.175,0.173,0.169,0.168,0.145,0.151,0.121,0.03,5.17,49.61,50.686,894980500.0
14.36,2.0,0.169,0.174,0.173,0.169,0.168,0.145,0.151,0.12,0.03,5.17,49.602,50.678,895604200.0
14.37,2.0,0.169,0.174,0.173,0.169,0.168,0.145,0.151,0.12,0.03,5.17,49.593,50.671,896227800.0
14.38,2.0,0.169,0.174,0.173,0.169,0.168,0.145,0.151,0.12,0.03,5.17,49.585,50.663,896851600.0
14.39,2.0,0.169,0.174,0.173,0.169,0.168,0.145,0.151,0.12,0.03,5.17,49.577,50.656,897475300.0
14.4,2.0,0.169,0.174,0.173,0.169,0.168,0.144,0.15,0.12,0.03,5.17,49.569,50.649,898098900.0
14.41,2.0,0.169,0.174,0.173,0.169,0.168,0.144,0.15,0.12,0.03,5.16,49.561,50.641,898722600.0
14.42,2.0,0.169,0.174,0.173,0.169,0.168,0.144,0.15,0.12,0.03,5.16,49.552,50.634,899346300.0
14.43,2.0,0.169,0.174,0.173,0.169,0.168,0.144,0.15,0.12,0.03,5.16,49.544,50.626,899970000.0
14.44,2.0,0.169,0.174,0.173,0.169,0.168,0.144,0.15,0.12,0.03,5.16,49.536,50.619,900593600.0
14.45,2.0,0.169,0.174,0.173,0.169,0.168,0.144,0.15,0.12,0.03,5.16,49.528,50.612,901217300.0
14.46,2.0,0.169,0.174,0.173,0.169,0.168,0.144,0.15,0.12,0.03,5.15,49.52,50.604,901841000.0
14.47,2.0,0.169,0.174,0.173,0.169,0.168,0.144,0.15,0.12,0.03,5.15,49.512,50.597,902464700.0
14.48,2.0,0.169,0.174,0.173,0.169,0.168,0.144,0.15,0.12,0.03,5.15,49.504,50.59,903088300.0
14.49,2.0,0.169,0.174,0.173,0.169,0.168,0.144,0.15,0.12,0.03,5.15,49.496,50.582,903712000.0
14.5,2.0,0.169,0.174,0.173,0.169,0.168,0.144,0.15,0.12,0.03,5.15,49.487,50.575,904335700.0
14.51,2.0,0.169,0.174,0.173,0.169,0.168,0.144,0.15,0.12,0.03,5.15,49.479,50.568,904959400.0
14.52,2.0,0.169,0.174,0.173,0.169,0.168,0.144,0.15,0.12,0.03,5.14,49.471,50.56,905583100.0
14.53,2.0,0.169,0.174,0.173,0.169,0.168,0.144,0.15,0.12,0.03,5.14,49.463,50.553,906206700.0
14.54,2.0,0.169,0.174,0.173,0.169,0.168,0.144,0.15,0.12,0.03,5.14,49.455,50.546,906830400.0
14.55,2.0,0.169,0.174,0.173,0.169,0.168,0.144,0.15,0.12,0.03,5.14,49.447,50.538,907454100.0
14.56,2.0,0.169,0.174,0.173,0.169,0.168,0.144,0.15,0.12,0.03,5.14,49.439,50.531,908077800.0
14.57,2.0,0.169,0.174,0.173,0.169,0.168,0.144,0.15,0.12,0.03,5.14,49.431,50.524,908701400.0
14.58,2.0,0.169,0.174,0.173,0.169,0.168,0.144,0.15,0.12,0.03,5.13,49.423,50.517,909325100.0
14.59,2.0,0.169,0.174,0.173,0.169,0.168,0.144,0.15,0.119,0.03,5.13,49.415,50.509,909948900.0
14.6,2.0,0.169,0.174,0.173,0.169,0.168,0.144,0.15,0.119,0.03,5.13,49.407,50.502,910572500.0
14.61,2.0,0.169,0.174,0.173,0.169,0.168,0.144,0.15,0.119,0.03,5.13,49.399,50.495,911196200.0
14.62,2.0,0.169,0.174,0.173,0.169,0.168,0.144,0.15,0.119,0.03,5.13,49.391,50.487,911819800.0
14.63,2.0,0.169,0.174,0.173,0.169,0.168,0.144,0.15,0.119,0.03,5.13,49.383,50.48,912443600.0
14.64,2.0,0.169,0.174,0.173,0.169,0.168,0.144,0.15,0.119,0.03,5.12,49.375,50.473,913067300.0
14.65,2.0,0.169,0.174,0.173,0.169,0.168,0.144,0.15,0.119,0.03,5.12,49.367,50.466,913690900.0
14.66,2.0,0.169,0.174,0.173,0.169,0.168,0.144,0.15,0.119,0.03,5.12,49.359,50.459,914314600.0
14.67,2.0,0.169,0.174,0.173,0.169,0.168,0.144,0.15,0.119,0.03,5.12,49.351,50.451,914938200.0
14.68,2.0,0.169,0.174,0.173,0.169,0.168,0.144,0.15,0.119,0.03,5.12,49.343,50.444,915562000.0
14.69,2.0,0.169,0.174,0.173,0.169,0.168,0.144,0.149,0.119,0.03,5.12,49.335,50.437,916185600.0
14.7,2.0,0.169,0.174,0.173,0.169,0.168,0.143,0.149,0.119,0.03,5.11,49.328,50.43,916809300.0
14.71,2.0,0.169,0.174,0.173,0.169,0.168,0.143,0.149,0.119,0.03,5.11,49.32,50.422,917433000.0
14.72,2.0,0.169,0.174,0.173,0.169,0.168,0.143,0.149,0.119,0.03,5.11,49.312,50.415,918056700.0
14.73,2.0,0.169,0.174,0.173,0.169,0.168,0.143,0.149,0.119,0.03,5.11,49.304,50.408,918680300.0
14.74,2.0,0.169,0.174,0.173,0.169,0.168,0.143,0.149,0.119,0.031,5.11,49.296,50.401,919304000.0
14.75,2.0,0.169,0.174,0.173,0.169,0.168,0.143,0.149,0.119,0.031,5.11,49.288,50.394,919927700.0
14.76,2.0,0.169,0.174,0.173,0.169,0.168,0.143,0.149,0.119,0.031,5.1,49.28,50.387,920551400.0
14.77,2.0,0.169,0.174,0.173,0.169,0.168,0.143,0.149,0.119,0.031,5.1,49.272,50.379,921175100.0
14.78,2.0,0.169,0.174,0.173,0.169,0.168,0.143,0.149,0.119,0.031,5.1,49.265,50.372,921798700.0
14.79,2.0,0.169,0.174,0.173,0.169,0.168,0.143,0.149,0.119,0.031,5.1,49.257,50.365,922422400.0
14.8,2.0,0.169,0.174,0.173,0.169,0.168,0.143,0.149,0.119,0.031,5.1,49.249,50.358,923046100.0
14.81,2.0,0.169,0.174,0.173,0.169,0.168,0.143,0.149,0.119,0.031,5.1,49.241,50.351,923669800.0
14.82,2.0,0.169,0.174,0.173,0.169,0.168,0.143,0.149,0.118,0.031,5.09,49.233,50.344,924293400.0
14.83,2.0,0.169,0.174,0.173,0.169,0.168,0.143,0.149,0.118,0.031,5.09,49.226,50.337,924917100.0
14.84,2.0,0.169,0.174,0.173,0.169,0.168,0.143,0.149,0.118,0.031,5.09,49.218,50.329,925540800.0
14.85,2.0,0.169,0.174,0.173,0.169,0.168,0.143,0.149,0.118,0.031,5.09,49.21,50.322,926164500.0
14.86,2.0,0.169,0.174,0.173,0.169,0.168,0.143,0.149,0.118,0.031,5.09,49.202,50.315,926788200.0
14.87,2.0,0.169,0.174,0.173,0.169,0.168,0.143,0.149,0.118,0.031,5.09,49.194,50.308,927411800.0
14.88,2.0,0.169,0.174,0.173,0.169,0.168,0.143,0.149,0.118,0.031,5.08,49.187,50.301,928035500.0
14.89,2.0,0.169,0.174,0.173,0.169,0.168,0.143,0.149,0.118,0.031,5.08,49.179,50.294,928659300.0
14.9,2.0,0.169,0.174,0.173,0.169,0.168,0.143,0.149,0.118,0.031,5.08,49.171,50.287,929282900.0
14.91,2.0,0.169,0.174,0.173,0.169,0.168,0.143,0.149,0.118,0.031,5.08,49.164,50.28,929906600.0
14.92,2.0,0.169,0.174,0.173,0.169,0.168,0.143,0.149,0.118,0.031,5.08,49.156,50.273,930530200.0
14.93,2.0,0.169,0.174,0.173,0.169,0.168,0.143,0.149,0.118,0.031,5.08,49.148,50.266,931154000.0
14.94,2.0,0.169,0.174,0.173,0.169,0.168,0.143,0.149,0.118,0.031,5.07,49.14,50.258,931777600.0
14.95,2.0,0.169,0.174,0.173,0.169,0.167,0.143,0.149,0.118,0.031,5.07,49.133,50.251,932401300.0
14.96,2.0,0.169,0.174,0.173,0.169,0.167,0.143,0.149,0.118,0.031,5.07,49.125,50.244,933025000.0
14.97,2.0,0.169,0.174,0.173,0.169,0.167,0.143,0.149,0.118,0.031,5.07,49.117,50.237,933648700.0
14.98,2.0,0.169,0.174,0.173,0.169,0.167,0.143,0.149,0.118,0.031,5.07,49.11,50.23,934272300.0
14.99,2.0,0.169,0.174,0.173,0.169,0.167,0.143,0.149,0.118,0.031,5.07,49.102,50.223,934896000.0
15.0,2.0,0.169,0.174,0.173,0.169,0.167,0.143,0.148,0.118,0.031,5.07,49.095,50.216,935519700.0
15.01,2.0,0.169,0.174,0.173,0.169,0.167,0.142,0.148,0.118,0.031,5.06,49.087,50.209,936143400.0
15.02,2.0,0.169,0.174,0.173,0.169,0.167,0.142,0.148,0.118,0.031,5.06,49.079,50.202,936767100.0
15.03,2.0,0.169,0.174,0.173,0.169,0.167,0.142,0.148,0.118,0.031,5.06,49.072,50.195,937390700.0
15.04,2.0,0.169,0.174,0.173,0.169,0.167,0.142,0.148,0.118,0.031,5.06,49.064,50.188,938014400.0
15.05,2.0,0.169,0.174,0.173,0.169,0.167,0.142,0.148,0.118,0.031,5.06,49.056,50.181,938638100.0
15.06,2.0,0.169,0.174,0.173,0.169,0.167,0.142,0.148,0.117,0.031,5.06,49.049,50.174,939261800.0
15.07,2.0,0.169,0.174,0.172,0.169,0.167,0.142,0.148,0.117,0.031,5.05,49.041,50.167,939885400.0
15.08,2.0,0.169,0.174,0.172,0.169,0.167,0.142,0.148,0.117,0.031,5.05,49.034,50.16,940509100.0
15.09,2.0,0.169,0.174,0.172,0.169,0.167,0.142,0.148,0.117,0.031,5.05,49.026,50.153,941132800.0
15.1,2.0,0.169,0.174,0.172,0.169,0.167,0.142,0.148,0.117,0.031,5.05,49.019,50.146,941756500.0
15.11,2.0,0.169,0.174,0.172,0.169,0.167,0.142,0.148,0.117,0.031,5.05,49.011,50.139,942380200.0
15.12,2.0,0.169,0.174,0.172,0.169,0.167,0.142,0.148,0.117,0.031,5.05,49.004,50.132,943003800.0
15.13,2.0,0.169,0.174,0.172,0.169,0.167,0.142,0.148,0.117,0.031,5.04,48.996,50.125,943627500.0
15.14,2.0,0.168,0.174,0.172,0.169,0.167,0.142,0.148,0.117,0.031,5.04,48.989,50.118,944251300.0
15.15,2.0,0.168,0.174,0.172,0.169,0.167,0.142,0.148,0.117,0.031,5.04,48.981,50.111,944874900.0
15.16,2.0,0.168,0.174,0.172,0.169,0.167,0.142,0.148,0.117,0.031,5.04,48.974,50.105,945498600.0
15.17,2.0,0.168,0.174,0.172,0.169,0.167,0.142,0.148,0.117,0.031,5.04,48.966,50.098,946122200.0
15.18,2.0,0.168,0.174,0.172,0.169,0.167,0.142,0.148,0.117,0.031,5.04,48.959,50.091,946746000.0
15.19,2.0,0.168,0.174,0.172,0.169,0.167,0.142,0.148,0.117,0.031,5.04,48.951,50.084,947369600.0
15.2,2.0,0.168,0.174,0.172,0.169,0.167,0.142,0.148,0.117,0.031,5.03,48.944,50.077,947993300.0
15.21,2.0,0.168,0.174,0.172,0.169,0.167,0.142,0.148,0.117,0.031,5.03,48.936,50.07,948617000.0
15.22,2.0,0.168,0.174,0.172,0.169,0.167,0.142,0.148,0.117,0.031,5.03,48.929,50.063,949240600.0
15.23,2.0,0.168,0.174,0.172,0.169,0.167,0.142,0.148,0.117,0.031,5.03,48.921,50.056,949864300.0
15.24,2.0,0.168,0.174,0.172,0.169,0.167,0.142,0.148,0.117,0.031,5.03,48.914,50.049,950488000.0
15.25,2.0,0.168,0.174,0.172,0.169,0.167,0.142,0.148,0.117,0.031,5.03,48.906,50.042,951111700.0
15.26,2.0,0.168,0.174,0.172,0.169,0.167,0.142,0.148,0.117,0.031,5.02,48.899,50.036,951735400.0
15.27,2.0,0.168,0.174,0.172,0.169,0.167,0.142,0.148,0.117,0.031,5.02,48.892,50.029,952359100.0
15.28,2.0,0.168,0.174,0.172,0.169,0.167,0.142,0.148,0.117,0.031,5.02,48.884,50.022,952982700.0
15.29,2.0,0.168,0.174,0.172,0.169,0.167,0.142,0.148,0.117,0.031,5.02,48.877,50.015,953606400.0
15.3,2.0,0.168,0.174,0.172,0.169,0.167,0.142,0.148,0.117,0.031,5.02,48.869,50.008,954230100.0
15.31,2.0,0.168,0.174,0.172,0.169,0.167,0.142,0.148,0.116,0.031,5.02,48.862,50.001,954853800.0
15.32,2.0,0.168,0.174,0.172,0.169,0.167,0.142,0.148,0.116,0.031,5.02,48.855,49.994,955477400.0
15.33,2.0,0.168,0.174,0.172,0.169,0.167,0.142,0.148,0.116,0.031,5.01,48.847,49.988,956101100.0
15.34,2.0,0.168,0.174,0.172,0.169,0.167,0.142,0.147,0.116,0.031,5.01,48.84,49.981,956724800.0
15.35,2.0,0.168,0.174,0.172,0.169,0.167,0.141,0.147,0.116,0.031,5.01,48.833,49.974,957348500.0
15.36,2.0,0.168,0.174,0.172,0.169,0.167,0.141,0.147,0.116,0.031,5.01,48.825,49.967,957972200.0
15.37,2.0,0.168,0.174,0.172,0.169,0.167,0.141,0.147,0.116,0.031,5.01,48.818,49.96,958595800.0
15.38,2.0,0.168,0.174,0.172,0.169,0.167,0.141,0.147,0.116,0.031,5.01,48.811,49.953,959219500.0
15.39,2.0,0.168,0.174,0.172,0.169,0.167,0.141,0.147,0.116,0.031,5.01,48.804,49.947,959843300.0
15.4,2.0,0.168,0.174,0.172,0.169,0.167,0.141,0.147,0.116,0.031,5.0,48.796,49.94,960466900.0
15.41,2.0,0.168,0.174,0.172,0.169,0.167,0.141,0.147,0.116,0.031,5.0,48.789,49.933,961090600.0
15.42,2.0,0.168,0.174,0.172,0.168,0.167,0.141,0.147,0.116,0.031,5.0,48.782,49.926,961714200.0
15.43,2.0,0.168,0.174,0.172,0.168,0.167,0.141,0.147,0.116,0.031,5.0,48.774,49.919,962337900.0
15.44,2.0,0.168,0.174,0.172,0.168,0.167,0.141,0.147,0.116,0.031,5.0,48.767,49.913,962961600.0
15.45,2.0,0.168,0.174,0.172,0.168,0.167,0.141,0.147,0.116,0.031,5.0,48.76,49.906,963585300.0
15.46,2.0,0.168,0.174,0.172,0.168,0.167,0.141,0.147,0.116,0.031,4.99,48.753,49.899,964209000.0
15.47,2.0,0.168,0.173,0.172,0.168,0.167,0.141,0.147,0.116,0.031,4.99,48.745,49.892,964832600.0
15.48,2.0,0.168,0.173,0.172,0.168,0.167,0.141,0.147,0.116,0.031,4.99,48.738,49.886,965456300.0
15.49,2.0,0.168,0.173,0.172,0.168,0.167,0.141,0.147,0.116,0.031,4.99,48.731,49.879,966080000.0
15.5,2.0,0.168,0.173,0.172,0.168,0.167,0.141,0.147,0.116,0.031,4.99,48.724,49.872,966703700.0
15.51,2.0,0.168,0.173,0.172,0.168,0.167,0.141,0.147,0.116,0.031,4.99,48.717,49.865,967327400.0
15.52,2.0,0.168,0.173,0.172,0.168,0.167,0.141,0.147,0.116,0.031,4.99,48.709,49.859,967951100.0
15.53,2.0,0.168,0.173,0.172,0.168,0.167,0.141,0.147,0.116,0.031,4.98,48.702,49.852,968574700.0
15.54,2.0,0.168,0.173,0.172,0.168,0.167,0.141,0.147,0.116,0.031,4.98,48.695,49.845,969198400.0
15.55,2.0,0.168,0.173,0.172,0.168,0.167,0.141,0.147,0.116,0.031,4.98,48.688,49.839,969822100.0
15.56,2.0,0.168,0.173,0.172,0.168,0.167,0.141,0.147,0.116,0.031,4.98,48.681,49.832,970445800.0
15.57,2.0,0.168,0.173,0.172,0.168,0.167,0.141,0.147,0.115,0.031,4.98,48.674,49.825,971069400.0
15.58,2.0,0.168,0.173,0.172,0.168,0.167,0.141,0.147,0.115,0.031,4.98,48.667,49.818,971693100.0
15.59,2.0,0.168,0.173,0.172,0.168,0.167,0.141,0.147,0.115,0.031,4.98,48.659,49.812,972316800.0
15.6,2.0,0.168,0.173,0.172,0.168,0.167,0.141,0.147,0.115,0.031,4.97,48.652,49.805,972940500.0
15.61,2.0,0.168,0.173,0.172,0.168,0.167,0.141,0.147,0.115,0.031,4.97,48.645,49.798,973564200.0
15.62,2.0,0.168,0.173,0.172,0.168,0.167,0.141,0.147,0.115,0.031,4.97,48.638,49.792,974187800.0
15.63,2.0,0.168,0.173,0.172,0.168,0.167,0.141,0.147,0.115,0.031,4.97,48.631,49.785,974811500.0
15.64,2.0,0.168,0.173,0.172,0.168,0.167,0.141,0.147,0.115,0.031,4.97,48.624,49.778,975435200.0
15.65,2.0,0.168,0.173,0.172,0.168,0.167,0.141,0.147,0.115,0.031,4.97,48.617,49.772,976058900.0
15.66,2.0,0.168,0.173,0.172,0.168,0.167,0.141,0.147,0.115,0.031,4.97,48.61,49.765,976682600.0
15.67,2.0,0.168,0.173,0.172,0.168,0.167,0.141,0.147,0.115,0.031,4.96,48.603,49.758,977306200.0
15.68,2.0,0.168,0.173,0.172,0.168,0.167,0.141,0.147,0.115,0.031,4.96,48.596,49.752,977929900.0
15.69,2.0,0.168,0.173,0.172,0.168,0.167,0.141,0.146,0.115,0.031,4.96,48.589,49.745,978553600.0
15.7,2.0,0.168,0.173,0.172,0.168,0.167,0.141,0.146,0.115,0.032,4.96,48.582,49.738,979177300.0
15.71,2.0,0.168,0.173,0.172,0.168,0.167,0.14,0.146,0.115,0.032,4.96,48.575,49.732,979801000.0
15.72,2.0,0.168,0.173,0.172,0.168,0.167,0.14,0.146,0.115,0.032,4.96,48.568,49.725,980424600.0
15.73,2.0,0.168,0.173,0.172,0.168,0.167,0.14,0.146,0.115,0.032,4.96,48.561,49.719,981048300.0
15.74,2.0,0.168,0.173,0.172,0.168,0.167,0.14,0.146,0.115,0.032,4.95,48.553,49.712,981672000.0
15.75,2.0,0.168,0.173,0.172,0.168,0.167,0.14,0.146,0.115,0.032,4.95,48.547,49.705,982295700.0
15.76,2.0,0.168,0.173,0.172,0.168,0.167,0.14,0.146,0.115,0.032,4.95,48.54,49.699,982919400.0
15.77,2.0,0.168,0.173,0.172,0.168,0.167,0.14,0.146,0.115,0.032,4.95,48.533,49.692,983543000.0
15.78,2.0,0.168,0.173,0.172,0.168,0.167,0.14,0.146,0.115,0.032,4.95,48.526,49.686,984166700.0
15.79,2.0,0.168,0.173,0.172,0.168,0.167,0.14,0.146,0.115,0.032,4.95,48.519,49.679,984790400.0
15.8,2.0,0.168,0.173,0.172,0.168,0.167,0.14,0.146,0.115,0.032,4.95,48.512,49.672,985414100.0
15.81,2.0,0.168,0.173,0.172,0.168,0.167,0.14,0.146,0.115,0.032,4.94,48.505,49.666,986037800.0
15.82,2.0,0.168,0.173,0.172,0.168,0.167,0.14,0.146,0.115,0.032,4.94,48.498,49.659,986661400.0
15.83,2.0,0.168,0.173,0.172,0.168,0.167,0.14,0.146,0.114,0.032,4.94,48.491,49.653,987285100.0
15.84,2.0,0.168,0.173,0.172,0.168,0.167,0.14,0.146,0.114,0.032,4.94,48.484,49.646,987908800.0
15.85,2.0,0.168,0.173,0.172,0.168,0.167,0.14,0.146,0.114,0.032,4.94,48.477,49.64,988532500.0
15.86,2.0,0.168,0.173,0.172,0.168,0.167,0.14,0.146,0.114,0.032,4.94,48.47,49.633,989156200.0
15.87,2.0,0.168,0.173,0.172,0.168,0.167,0.14,0.146,0.114,0.032,4.94,48.463,49.627,989779800.0
15.88,2.0,0.168,0.173,0.172,0.168,0.167,0.14,0.146,0.114,0.032,4.93,48.456,49.62,990403500.0
15.89,2.0,0.168,0.173,0.172,0.168,0.167,0.14,0.146,0.114,0.032,4.93,48.449,49.613,991027200.0
15.9,2.0,0.168,0.173,0.172,0.168,0.167,0.14,0.146,0.114,0.032,4.93,48.443,49.607,991650900.0
15.91,2.0,0.168,0.173,0.172,0.168,0.167,0.14,0.146,0.114,0.032,4.93,48.436,49.6,992274600.0
15.92,2.0,0.168,0.173,0.172,0.168,0.167,0.14,0.146,0.114,0.032,4.93,48.429,49.594,992898200.0
15.93,2.0,0.168,0.173,0.172,0.168,0.167,0.14,0.146,0.114,0.032,4.93,48.422,49.587,993521900.0
15.94,2.0,0.168,0.173,0.172,0.168,0.167,0.14,0.146,0.114,0.032,4.93,48.415,49.581,994145600.0
15.95,2.0,0.168,0.173,0.172,0.168,0.167,0.14,0.146,0.114,0.032,4.92,48.408,49.574,994769300.0
15.96,2.0,0.168,0.173,0.172,0.168,0.167,0.14,0.146,0.114,0.032,4.92,48.402,49.568,995393000.0
15.97,2.0,0.168,0.173,0.172,0.168,0.167,0.14,0.146,0.114,0.032,4.92,48.395,49.561,996016600.0
15.98,2.0,0.168,0.173,0.172,0.168,0.167,0.14,0.146,0.114,0.032,4.92,48.388,49.555,996640300.0
15.99,2.0,0.168,0.173,0.172,0.168,0.167,0.14,0.146,0.114,0.032,4.92,48.381,49.548,997264000.0
16.0,2.0,0.168,0.173,0.172,0.168,0.167,0.14,0.146,0.114,0.032,4.92,48.374,49.542,997887700.0
16.01,2.0,0.168,0.173,0.172,0.168,0.167,0.14,0.146,0.114,0.032,4.92,48.368,49.536,998511400.0
16.02,2.0,0.168,0.173,0.172,0.168,0.167,0.14,0.146,0.114,0.032,4.91,48.361,49.529,999135000.0
16.03,2.0,0.168,0.173,0.172,0.168,0.167,0.14,0.146,0.114,0.032,4.91,48.354,49.523,999758800.0
16.04,2.0,0.168,0.173,0.172,0.168,0.167,0.14,0.146,0.114,0.032,4.91,48.347,49.516,1000382000.0
16.05,2.0,0.168,0.173,0.172,0.168,0.167,0.14,0.146,0.114,0.032,4.91,48.341,49.51,1001006000.0
16.06,2.0,0.168,0.173,0.172,0.168,0.167,0.14,0.146,0.114,0.032,4.91,48.334,49.503,1001630000.0
16.07,2.0,0.168,0.173,0.172,0.168,0.167,0.14,0.146,0.114,0.032,4.91,48.327,49.497,1002253000.0
16.08,2.0,0.168,0.173,0.172,0.168,0.167,0.14,0.145,0.114,0.032,4.91,48.32,49.49,1002877000.0
16.09,2.0,0.168,0.173,0.172,0.168,0.167,0.14,0.145,0.114,0.032,4.9,48.314,49.484,1003501000.0
16.1,2.0,0.168,0.173,0.172,0.168,0.167,0.139,0.145,0.113,0.032,4.9,48.307,49.478,1004124000.0
16.11,2.0,0.168,0.173,0.172,0.168,0.167,0.139,0.145,0.113,0.032,4.9,48.3,49.471,1004748000.0
16.12,2.0,0.168,0.173,0.172,0.168,0.167,0.139,0.145,0.113,0.032,4.9,48.294,49.465,1005372000.0
16.13,2.0,0.168,0.173,0.172,0.168,0.167,0.139,0.145,0.113,0.032,4.9,48.287,49.458,1005995000.0
16.14,2.0,0.168,0.173,0.172,0.168,0.167,0.139,0.145,0.113,0.032,4.9,48.28,49.452,1006619000.0
16.15,2.0,0.168,0.173,0.172,0.168,0.167,0.139,0.145,0.113,0.032,4.9,48.274,49.446,1007243000.0
16.16,2.0,0.168,0.173,0.172,0.168,0.167,0.139,0.145,0.113,0.032,4.9,48.267,49.439,1007867000.0
16.17,2.0,0.168,0.173,0.172,0.168,0.167,0.139,0.145,0.113,0.032,4.89,48.26,49.433,1008490000.0
16.18,2.0,0.168,0.173,0.172,0.168,0.167,0.139,0.145,0.113,0.032,4.89,48.254,49.426,1009114000.0
16.19,2.0,0.168,0.173,0.172,0.168,0.167,0.139,0.145,0.113,0.032,4.89,48.247,49.42,1009738000.0
16.2,2.0,0.168,0.173,0.172,0.168,0.167,0.139,0.145,0.113,0.032,4.89,48.24,49.414,1010361000.0
16.21,2.0,0.168,0.173,0.172,0.168,0.167,0.139,0.145,0.113,0.032,4.89,48.234,49.407,1010985000.0
16.22,2.0,0.168,0.173,0.172,0.168,0.167,0.139,0.145,0.113,0.032,4.89,48.227,49.401,1011609000.0
16.23,2.0,0.168,0.173,0.172,0.168,0.167,0.139,0.145,0.113,0.032,4.89,48.22,49.395,1012232000.0
16.24,2.0,0.168,0.173,0.172,0.168,0.167,0.139,0.145,0.113,0.032,4.88,48.214,49.388,1012856000.0
16.25,2.0,0.168,0.173,0.172,0.168,0.167,0.139,0.145,0.113,0.032,4.88,48.207,49.382,1013480000.0
16.26,2.0,0.168,0.173,0.172,0.168,0.167,0.139,0.145,0.113,0.032,4.88,48.201,49.376,1014103000.0
16.27,2.0,0.168,0.173,0.172,0.168,0.167,0.139,0.145,0.113,0.032,4.88,48.194,49.369,1014727000.0
16.28,2.0,0.168,0.173,0.172,0.168,0.167,0.139,0.145,0.113,0.032,4.88,48.188,49.363,1015351000.0
16.29,2.0,0.168,0.173,0.172,0.168,0.167,0.139,0.145,0.113,0.032,4.88,48.181,49.357,1015974000.0
16.3,2.0,0.168,0.173,0.172,0.168,0.167,0.139,0.145,0.113,0.032,4.88,48.174,49.35,1016598000.0
16.31,2.0,0.168,0.173,0.172,0.168,0.167,0.139,0.145,0.113,0.032,4.88,48.168,49.344,1017222000.0
16.32,2.0,0.168,0.173,0.172,0.168,0.167,0.139,0.145,0.113,0.032,4.87,48.161,49.338,1017845000.0
16.33,2.0,0.168,0.173,0.172,0.168,0.167,0.139,0.145,0.113,0.032,4.87,48.155,49.331,1018469000.0
16.34,2.0,0.168,0.173,0.172,0.168,0.167,0.139,0.145,0.113,0.032,4.87,48.148,49.325,1019093000.0
16.35,2.0,0.168,0.173,0.172,0.168,0.167,0.139,0.145,0.113,0.032,4.87,48.142,49.319,1019716000.0
16.36,2.0,0.168,0.173,0.172,0.168,0.167,0.139,0.145,0.113,0.032,4.87,48.135,49.313,1020340000.0
16.37,2.0,0.168,0.173,0.172,0.168,0.167,0.139,0.145,0.113,0.032,4.87,48.129,49.306,1020964000.0
16.38,2.0,0.168,0.173,0.172,0.168,0.167,0.139,0.145,0.112,0.032,4.87,48.122,49.3,1021587000.0
16.39,2.0,0.168,0.173,0.172,0.168,0.167,0.139,0.145,0.112,0.032,4.86,48.116,49.294,1022211000.0
16.4,2.0,0.168,0.173,0.172,0.168,0.167,0.139,0.145,0.112,0.032,4.86,48.109,49.288,1022835000.0
16.41,2.0,0.168,0.173,0.172,0.168,0.167,0.139,0.145,0.112,0.032,4.86,48.103,49.281,1023459000.0
16.42,2.0,0.168,0.173,0.172,0.168,0.167,0.139,0.145,0.112,0.032,4.86,48.097,49.275,1024082000.0
16.43,2.0,0.168,0.173,0.172,0.168,0.167,0.139,0.145,0.112,0.032,4.86,48.09,49.269,1024706000.0
16.44,2.0,0.168,0.173,0.172,0.168,0.167,0.139,0.145,0.112,0.032,4.86,48.084,49.263,1025330000.0
16.45,2.0,0.168,0.173,0.172,0.168,0.167,0.139,0.145,0.112,0.032,4.86,48.077,49.256,1025953000.0
16.46,2.0,0.168,0.173,0.172,0.168,0.167,0.139,0.145,0.112,0.032,4.86,48.071,49.25,1026577000.0
16.47,2.0,0.168,0.173,0.172,0.168,0.167,0.139,0.145,0.112,0.032,4.85,48.064,49.244,1027201000.0
16.48,2.0,0.168,0.173,0.172,0.168,0.167,0.139,0.145,0.112,0.032,4.85,48.058,49.238,1027824000.0
16.49,2.0,0.168,0.173,0.172,0.168,0.167,0.139,0.145,0.112,0.032,4.85,48.052,49.231,1028448000.0
16.5,2.0,0.168,0.173,0.172,0.168,0.167,0.139,0.145,0.112,0.032,4.85,48.045,49.225,1029072000.0
16.51,2.0,0.168,0.173,0.172,0.168,0.167,0.139,0.144,0.112,0.032,4.85,48.039,49.219,1029695000.0
16.52,2.0,0.168,0.173,0.172,0.168,0.167,0.139,0.144,0.112,0.032,4.85,48.032,49.213,1030319000.0
16.53,2.0,0.168,0.173,0.172,0.168,0.167,0.138,0.144,0.112,0.032,4.85,48.026,49.207,1030943000.0
16.54,2.0,0.168,0.173,0.172,0.168,0.167,0.138,0.144,0.112,0.032,4.85,48.02,49.2,1031566000.0
16.55,2.0,0.168,0.173,0.172,0.168,0.167,0.138,0.144,0.112,0.032,4.84,48.013,49.194,1032190000.0
16.56,2.0,0.168,0.173,0.172,0.168,0.167,0.138,0.144,0.112,0.033,4.84,48.007,49.188,1032814000.0
16.57,2.0,0.168,0.173,0.172,0.168,0.167,0.138,0.144,0.112,0.033,4.84,48.001,49.182,1033437000.0
16.58,2.0,0.168,0.173,0.172,0.168,0.167,0.138,0.144,0.112,0.033,4.84,47.994,49.176,1034061000.0
16.59,2.0,0.168,0.173,0.172,0.168,0.167,0.138,0.144,0.112,0.033,4.84,47.988,49.17,1034685000.0
16.6,2.0,0.168,0.173,0.172,0.168,0.167,0.138,0.144,0.112,0.033,4.84,47.982,49.163,1035308000.0
16.61,2.0,0.168,0.173,0.172,0.168,0.167,0.138,0.144,0.112,0.033,4.84,47.975,49.157,1035932000.0
16.62,2.0,0.168,0.173,0.172,0.168,0.167,0.138,0.144,0.112,0.033,4.84,47.969,49.151,1036556000.0
16.63,2.0,0.168,0.173,0.172,0.168,0.167,0.138,0.144,0.112,0.033,4.83,47.963,49.145,1037179000.0
16.64,2.0,0.168,0.173,0.172,0.168,0.167,0.138,0.144,0.112,0.033,4.83,47.957,49.139,1037803000.0
16.65,2.0,0.168,0.173,0.172,0.168,0.167,0.138,0.144,0.112,0.033,4.83,47.95,49.133,1038427000.0
16.66,2.0,0.168,0.173,0.172,0.168,0.167,0.138,0.144,0.112,0.033,4.83,47.944,49.126,1039051000.0
16.67,2.0,0.167,0.173,0.172,0.168,0.167,0.138,0.144,0.111,0.033,4.83,47.938,49.12,1039674000.0
16.68,2.0,0.167,0.173,0.172,0.168,0.167,0.138,0.144,0.111,0.033,4.83,47.931,49.114,1040298000.0
16.69,2.0,0.167,0.173,0.172,0.168,0.167,0.138,0.144,0.111,0.033,4.83,47.925,49.108,1040922000.0
16.7,2.0,0.167,0.173,0.172,0.168,0.167,0.138,0.144,0.111,0.033,4.83,47.919,49.102,1041545000.0
16.71,2.0,0.167,0.173,0.172,0.168,0.167,0.138,0.144,0.111,0.033,4.82,47.913,49.096,1042169000.0
16.72,2.0,0.167,0.173,0.172,0.168,0.167,0.138,0.144,0.111,0.033,4.82,47.907,49.09,1042793000.0
16.73,2.0,0.167,0.173,0.172,0.168,0.167,0.138,0.144,0.111,0.033,4.82,47.9,49.084,1043416000.0
16.74,2.0,0.167,0.173,0.171,0.168,0.167,0.138,0.144,0.111,0.033,4.82,47.894,49.078,1044040000.0
16.75,2.0,0.167,0.173,0.171,0.168,0.167,0.138,0.144,0.111,0.033,4.82,47.888,49.072,1044664000.0
16.76,2.0,0.167,0.173,0.171,0.168,0.167,0.138,0.144,0.111,0.033,4.82,47.882,49.065,1045287000.0
16.77,2.0,0.167,0.173,0.171,0.168,0.167,0.138,0.144,0.111,0.033,4.82,47.876,49.059,1045911000.0
16.78,2.0,0.167,0.173,0.171,0.168,0.167,0.138,0.144,0.111,0.033,4.82,47.869,49.053,1046535000.0
16.79,2.0,0.167,0.173,0.171,0.168,0.167,0.138,0.144,0.111,0.033,4.81,47.863,49.047,1047158000.0
16.8,2.0,0.167,0.173,0.171,0.168,0.167,0.138,0.144,0.111,0.033,4.81,47.857,49.041,1047782000.0
16.81,2.0,0.167,0.173,0.171,0.168,0.167,0.138,0.144,0.111,0.033,4.81,47.851,49.035,1048406000.0
16.82,2.0,0.167,0.173,0.171,0.168,0.167,0.138,0.144,0.111,0.033,4.81,47.845,49.029,1049029000.0
16.83,2.0,0.167,0.173,0.171,0.168,0.167,0.138,0.144,0.111,0.033,4.81,47.839,49.023,1049653000.0
16.84,2.0,0.167,0.173,0.171,0.168,0.167,0.138,0.144,0.111,0.033,4.81,47.833,49.017,1050277000.0
16.85,2.0,0.167,0.173,0.171,0.168,0.167,0.138,0.144,0.111,0.033,4.81,47.826,49.011,1050900000.0
16.86,2.0,0.167,0.173,0.171,0.168,0.167,0.138,0.144,0.111,0.033,4.81,47.82,49.005,1051524000.0
16.87,2.0,0.167,0.173,0.171,0.168,0.167,0.138,0.144,0.111,0.033,4.8,47.814,48.999,1052148000.0
16.88,2.0,0.167,0.172,0.171,0.168,0.167,0.138,0.144,0.111,0.033,4.8,47.808,48.993,1052771000.0
16.89,2.0,0.167,0.172,0.171,0.168,0.167,0.138,0.144,0.111,0.033,4.8,47.802,48.987,1053395000.0
16.9,2.0,0.167,0.172,0.171,0.168,0.167,0.138,0.144,0.111,0.033,4.8,47.796,48.981,1054019000.0
16.91,2.0,0.167,0.172,0.171,0.168,0.167,0.138,0.144,0.111,0.033,4.8,47.79,48.975,1054643000.0
16.92,2.0,0.167,0.172,0.171,0.168,0.166,0.138,0.144,0.111,0.033,4.8,47.784,48.969,1055266000.0
16.93,2.0,0.167,0.172,0.171,0.168,0.166,0.138,0.144,0.111,0.033,4.8,47.778,48.963,1055890000.0
16.94,2.0,0.167,0.172,0.171,0.168,0.166,0.138,0.144,0.111,0.033,4.8,47.772,48.957,1056514000.0
16.95,2.0,0.167,0.172,0.171,0.168,0.166,0.138,0.144,0.111,0.033,4.79,47.766,48.951,1057137000.0
16.96,2.0,0.167,0.172,0.171,0.168,0.166,0.138,0.144,0.111,0.033,4.79,47.76,48.945,1057761000.0
16.97,2.0,0.167,0.172,0.171,0.168,0.166,0.138,0.144,0.111,0.033,4.79,47.754,48.939,1058385000.0
16.98,2.0,0.167,0.172,0.171,0.168,0.166,0.138,0.143,0.11,0.033,4.79,47.747,48.933,1059008000.0
16.99,2.0,0.167,0.172,0.171,0.168,0.166,0.138,0.143,0.11,0.033,4.79,47.741,48.927,1059632000.0
17.0,2.0,0.167,0.172,0.171,0.168,0.166,0.138,0.143,0.11,0.033,4.79,47.735,48.921,1060256000.0
17.01,2.0,0.167,0.172,0.171,0.168,0.166,0.138,0.143,0.11,0.033,4.79,47.729,48.915,1060879000.0
17.02,2.0,0.167,0.172,0.171,0.168,0.166,0.137,0.143,0.11,0.033,4.79,47.723,48.909,1061503000.0
17.03,2.0,0.167,0.172,0.171,0.168,0.166,0.137,0.143,0.11,0.033,4.78,47.717,48.903,1062127000.0
17.04,2.0,0.167,0.172,0.171,0.167,0.166,0.137,0.143,0.11,0.033,4.78,47.711,48.897,1062750000.0
17.05,2.0,0.167,0.172,0.171,0.167,0.166,0.137,0.143,0.11,0.033,4.78,47.706,48.891,1063374000.0
17.06,2.0,0.167,0.172,0.171,0.167,0.166,0.137,0.143,0.11,0.033,4.78,47.7,48.885,1063998000.0
17.07,2.0,0.167,0.172,0.171,0.167,0.166,0.137,0.143,0.11,0.033,4.78,47.694,48.879,1064621000.0
17.08,2.0,0.167,0.172,0.171,0.167,0.166,0.137,0.143,0.11,0.033,4.78,47.688,48.873,1065245000.0
17.09,2.0,0.167,0.172,0.171,0.167,0.166,0.137,0.143,0.11,0.033,4.78,47.682,48.868,1065869000.0
17.1,2.0,0.167,0.172,0.171,0.167,0.166,0.137,0.143,0.11,0.033,4.78,47.676,48.862,1066492000.0
17.11,2.0,0.167,0.172,0.171,0.167,0.166,0.137,0.143,0.11,0.033,4.78,47.67,48.856,1067116000.0
17.12,2.0,0.167,0.172,0.171,0.167,0.166,0.137,0.143,0.11,0.033,4.77,47.664,48.85,1067740000.0
17.13,2.0,0.167,0.172,0.171,0.167,0.166,0.137,0.143,0.11,0.033,4.77,47.658,48.844,1068363000.0
17.14,2.0,0.167,0.172,0.171,0.167,0.166,0.137,0.143,0.11,0.033,4.77,47.652,48.838,1068987000.0
17.15,2.0,0.167,0.172,0.171,0.167,0.166,0.137,0.143,0.11,0.033,4.77,47.646,48.832,1069611000.0
17.16,2.0,0.167,0.172,0.171,0.167,0.166,0.137,0.143,0.11,0.033,4.77,47.64,48.826,1070234000.0
17.17,2.0,0.167,0.172,0.171,0.167,0.166,0.137,0.143,0.11,0.033,4.77,47.634,48.82,1070858000.0
17.18,2.0,0.167,0.172,0.171,0.167,0.166,0.137,0.143,0.11,0.033,4.77,47.629,48.814,1071482000.0
17.19,2.0,0.167,0.172,0.171,0.167,0.166,0.137,0.143,0.11,0.033,4.77,47.623,48.809,1072106000.0
17.2,2.0,0.167,0.172,0.171,0.167,0.166,0.137,0.143,0.11,0.033,4.76,47.615,48.803,1072729000.0
17.21,2.0,0.167,0.172,0.171,0.167,0.166,0.137,0.143,0.11,0.033,4.76,47.608,48.797,1073353000.0
17.22,2.0,0.167,0.172,0.171,0.167,0.166,0.137,0.143,0.11,0.033,4.76,47.601,48.791,1073977000.0
17.23,2.0,0.167,0.172,0.171,0.167,0.166,0.137,0.143,0.11,0.033,4.76,47.595,48.785,1074600000.0
17.24,2.0,0.167,0.172,0.171,0.167,0.166,0.137,0.143,0.11,0.033,4.76,47.588,48.779,1075224000.0
17.25,2.0,0.167,0.172,0.171,0.167,0.166,0.137,0.143,0.11,0.033,4.76,47.581,48.773,1075848000.0
17.26,2.0,0.167,0.172,0.171,0.167,0.166,0.137,0.143,0.11,0.033,4.76,47.575,48.768,1076471000.0
17.27,2.0,0.167,0.172,0.171,0.167,0.166,0.137,0.143,0.11,0.033,4.76,47.568,48.762,1077095000.0
17.28,2.0,0.167,0.172,0.171,0.167,0.166,0.137,0.143,0.11,0.033,4.76,47.562,48.756,1077719000.0
17.29,2.0,0.167,0.172,0.171,0.167,0.166,0.137,0.143,0.109,0.033,4.75,47.555,48.75,1078342000.0
17.3,2.0,0.167,0.172,0.171,0.167,0.166,0.137,0.143,0.109,0.033,4.75,47.548,48.744,1078966000.0
17.31,2.0,0.167,0.172,0.171,0.167,0.166,0.137,0.143,0.109,0.033,4.75,47.542,48.738,1079590000.0
17.32,2.0,0.167,0.172,0.171,0.167,0.166,0.137,0.143,0.109,0.033,4.75,47.535,48.733,1080213000.0
17.33,2.0,0.167,0.172,0.171,0.167,0.166,0.137,0.143,0.109,0.033,4.75,47.529,48.727,1080837000.0
17.34,2.0,0.167,0.172,0.171,0.167,0.166,0.137,0.143,0.109,0.033,4.75,47.522,48.721,1081461000.0
17.35,2.0,0.167,0.172,0.171,0.167,0.166,0.137,0.143,0.109,0.033,4.75,47.516,48.715,1082084000.0
17.36,2.0,0.167,0.172,0.171,0.167,0.166,0.137,0.143,0.109,0.033,4.75,47.509,48.709,1082708000.0
17.37,2.0,0.167,0.172,0.171,0.167,0.166,0.137,0.142,0.109,0.033,4.75,47.503,48.704,1083332000.0
17.38,2.0,0.167,0.172,0.171,0.167,0.166,0.137,0.142,0.109,0.033,4.74,47.496,48.698,1083955000.0
17.39,2.0,0.167,0.172,0.171,0.167,0.166,0.137,0.142,0.109,0.033,4.74,47.49,48.692,1084579000.0
17.4,2.0,0.167,0.172,0.171,0.167,0.166,0.136,0.142,0.109,0.033,4.74,47.483,48.686,1085203000.0
17.41,2.0,0.167,0.172,0.171,0.167,0.166,0.136,0.142,0.109,0.033,4.74,47.476,48.681,1085827000.0
17.42,2.0,0.167,0.172,0.171,0.167,0.166,0.136,0.142,0.109,0.033,4.74,47.47,48.675,1086450000.0
17.43,2.0,0.167,0.172,0.171,0.167,0.166,0.136,0.142,0.109,0.033,4.74,47.463,48.669,1087074000.0
17.44,2.0,0.167,0.172,0.171,0.167,0.166,0.136,0.142,0.109,0.033,4.74,47.457,48.663,1087698000.0
17.45,2.0,0.167,0.172,0.171,0.167,0.166,0.136,0.142,0.109,0.033,4.74,47.45,48.657,1088321000.0
17.46,2.0,0.167,0.172,0.171,0.167,0.166,0.136,0.142,0.109,0.033,4.73,47.444,48.652,1088945000.0
17.47,2.0,0.167,0.172,0.171,0.167,0.166,0.136,0.142,0.109,0.033,4.73,47.437,48.646,1089569000.0
17.48,2.0,0.167,0.172,0.171,0.167,0.166,0.136,0.142,0.109,0.033,4.73,47.431,48.64,1090192000.0
17.49,2.0,0.167,0.172,0.171,0.167,0.166,0.136,0.142,0.109,0.033,4.73,47.424,48.635,1090816000.0
17.5,2.0,0.167,0.172,0.171,0.167,0.166,0.136,0.142,0.109,0.033,4.73,47.418,48.629,1091440000.0
17.51,2.0,0.167,0.172,0.171,0.167,0.166,0.136,0.142,0.109,0.033,4.73,47.412,48.623,1092063000.0
17.52,2.0,0.167,0.172,0.171,0.167,0.166,0.136,0.142,0.109,0.033,4.73,47.405,48.617,1092687000.0
17.53,2.0,0.167,0.172,0.171,0.167,0.166,0.136,0.142,0.109,0.033,4.73,47.399,48.612,1093311000.0
17.54,2.0,0.167,0.172,0.171,0.167,0.166,0.136,0.142,0.109,0.033,4.73,47.392,48.606,1093934000.0
17.55,2.0,0.167,0.172,0.171,0.167,0.166,0.136,0.142,0.109,0.033,4.72,47.386,48.6,1094558000.0
17.56,2.0,0.167,0.172,0.171,0.167,0.166,0.136,0.142,0.109,0.033,4.72,47.379,48.595,1095182000.0
17.57,2.0,0.167,0.172,0.171,0.167,0.166,0.136,0.142,0.109,0.033,4.72,47.373,48.589,1095805000.0
17.58,2.0,0.167,0.172,0.171,0.167,0.166,0.136,0.142,0.109,0.033,4.72,47.366,48.583,1096429000.0
17.59,2.0,0.167,0.172,0.171,0.167,0.166,0.136,0.142,0.109,0.033,4.72,47.36,48.577,1097053000.0
17.6,2.0,0.167,0.172,0.171,0.167,0.166,0.136,0.142,0.109,0.033,4.72,47.354,48.572,1097676000.0
17.61,2.0,0.167,0.172,0.171,0.167,0.166,0.136,0.142,0.108,0.033,4.72,47.347,48.566,1098300000.0
17.62,2.0,0.167,0.172,0.171,0.167,0.166,0.136,0.142,0.108,0.033,4.72,47.341,48.56,1098924000.0
17.63,2.0,0.167,0.172,0.171,0.167,0.166,0.136,0.142,0.108,0.033,4.72,47.334,48.555,1099547000.0
17.64,2.0,0.167,0.172,0.171,0.167,0.166,0.136,0.142,0.108,0.033,4.71,47.328,48.549,1100171000.0
17.65,2.0,0.167,0.172,0.171,0.167,0.166,0.136,0.142,0.108,0.033,4.71,47.321,48.543,1100795000.0
17.66,2.0,0.167,0.172,0.171,0.167,0.166,0.136,0.142,0.108,0.033,4.71,47.315,48.538,1101418000.0
17.67,2.0,0.167,0.172,0.171,0.167,0.166,0.136,0.142,0.108,0.033,4.71,47.309,48.532,1102042000.0
17.68,2.0,0.167,0.172,0.171,0.167,0.166,0.136,0.142,0.108,0.033,4.71,47.302,48.526,1102666000.0
17.69,2.0,0.167,0.172,0.171,0.167,0.166,0.136,0.142,0.108,0.033,4.71,47.296,48.521,1103290000.0
17.7,2.0,0.167,0.172,0.171,0.167,0.166,0.136,0.141,0.108,0.033,4.71,47.29,48.515,1103913000.0
17.71,2.0,0.167,0.172,0.171,0.167,0.166,0.136,0.141,0.108,0.033,4.71,47.283,48.509,1104537000.0
17.72,2.0,0.167,0.172,0.171,0.167,0.166,0.136,0.141,0.108,0.033,4.71,47.277,48.504,1105161000.0
17.73,2.0,0.167,0.172,0.171,0.167,0.166,0.135,0.141,0.108,0.033,4.7,47.27,48.498,1105784000.0
17.74,2.0,0.167,0.172,0.171,0.167,0.166,0.135,0.141,0.108,0.033,4.7,47.264,48.493,1106408000.0
17.75,2.0,0.167,0.172,0.171,0.167,0.166,0.135,0.141,0.108,0.033,4.7,47.258,48.487,1107032000.0
17.76,2.0,0.167,0.172,0.171,0.167,0.166,0.135,0.141,0.108,0.033,4.7,47.251,48.481,1107655000.0
17.77,2.0,0.167,0.172,0.171,0.167,0.166,0.135,0.141,0.108,0.033,4.7,47.245,48.476,1108279000.0
17.78,2.0,0.167,0.172,0.171,0.167,0.166,0.135,0.141,0.108,0.033,4.7,47.239,48.47,1108903000.0
17.79,2.0,0.167,0.172,0.171,0.167,0.166,0.135,0.141,0.108,0.033,4.7,47.232,48.465,1109526000.0
17.8,2.0,0.167,0.172,0.171,0.167,0.166,0.135,0.141,0.108,0.033,4.7,47.226,48.459,1110150000.0
17.81,2.0,0.167,0.172,0.171,0.167,0.166,0.135,0.141,0.108,0.033,4.7,47.22,48.453,1110774000.0
17.82,2.0,0.167,0.172,0.171,0.167,0.166,0.135,0.141,0.108,0.033,4.7,47.213,48.448,1111397000.0
17.83,2.0,0.167,0.172,0.171,0.167,0.166,0.135,0.141,0.108,0.033,4.69,47.207,48.442,1112021000.0
17.84,2.0,0.167,0.172,0.171,0.167,0.166,0.135,0.141,0.108,0.033,4.69,47.201,48.437,1112645000.0
17.85,2.0,0.167,0.172,0.171,0.167,0.166,0.135,0.141,0.108,0.033,4.69,47.194,48.431,1113268000.0
17.86,2.0,0.167,0.172,0.171,0.167,0.166,0.135,0.141,0.108,0.033,4.69,47.188,48.425,1113892000.0
17.87,2.0,0.167,0.172,0.171,0.167,0.166,0.135,0.141,0.108,0.033,4.69,47.182,48.42,1114516000.0
17.88,2.0,0.167,0.172,0.171,0.167,0.166,0.135,0.141,0.108,0.033,4.69,47.176,48.414,1115139000.0
17.89,2.0,0.167,0.172,0.171,0.167,0.166,0.135,0.141,0.108,0.033,4.69,47.169,48.409,1115763000.0
17.9,2.0,0.167,0.172,0.171,0.167,0.166,0.135,0.141,0.108,0.033,4.69,47.163,48.403,1116387000.0
17.91,2.0,0.167,0.172,0.171,0.167,0.166,0.135,0.141,0.108,0.033,4.69,47.157,48.398,1117011000.0
17.92,2.0,0.167,0.172,0.171,0.167,0.166,0.135,0.141,0.108,0.033,4.68,47.15,48.392,1117634000.0
17.93,2.0,0.167,0.172,0.171,0.167,0.166,0.135,0.141,0.108,0.033,4.68,47.144,48.387,1118258000.0
17.94,2.0,0.167,0.172,0.171,0.167,0.166,0.135,0.141,0.108,0.033,4.68,47.138,48.381,1118882000.0
17.95,2.0,0.167,0.172,0.171,0.167,0.166,0.135,0.141,0.107,0.033,4.68,47.132,48.376,1119505000.0
17.96,2.0,0.167,0.172,0.171,0.167,0.166,0.135,0.141,0.107,0.033,4.68,47.125,48.37,1120129000.0
17.97,2.0,0.167,0.172,0.171,0.167,0.166,0.135,0.141,0.107,0.033,4.68,47.119,48.365,1120753000.0
17.98,2.0,0.167,0.172,0.171,0.167,0.166,0.135,0.141,0.107,0.033,4.68,47.113,48.359,1121376000.0
17.99,2.0,0.167,0.172,0.171,0.167,0.166,0.135,0.141,0.107,0.033,4.68,47.107,48.353,1122000000.0
18.0,2.0,0.167,0.172,0.171,0.167,0.166,0.135,0.141,0.107,0.033,4.68,47.1,48.348,1122624000.0
18.01,2.0,0.167,0.172,0.171,0.167,0.166,0.135,0.141,0.107,0.033,4.67,47.094,48.342,1123247000.0
18.02,2.0,0.167,0.172,0.171,0.167,0.166,0.135,0.141,0.107,0.033,4.67,47.088,48.337,1123871000.0
18.03,2.0,0.167,0.172,0.171,0.167,0.166,0.135,0.141,0.107,0.033,4.67,47.082,48.331,1124495000.0
18.04,2.0,0.167,0.172,0.171,0.167,0.166,0.135,0.14,0.107,0.033,4.67,47.076,48.326,1125118000.0
18.05,2.0,0.167,0.172,0.171,0.167,0.166,0.135,0.14,0.107,0.033,4.67,47.069,48.32,1125742000.0
18.06,2.0,0.167,0.172,0.171,0.167,0.166,0.135,0.14,0.107,0.033,4.67,47.063,48.315,1126366000.0
18.07,2.0,0.167,0.172,0.171,0.167,0.166,0.134,0.14,0.107,0.033,4.67,47.057,48.309,1126989000.0
18.08,2.0,0.167,0.172,0.171,0.167,0.166,0.134,0.14,0.107,0.033,4.67,47.051,48.304,1127613000.0
18.09,2.0,0.167,0.172,0.171,0.167,0.166,0.134,0.14,0.107,0.033,4.67,47.045,48.299,1128237000.0
18.1,2.0,0.167,0.172,0.171,0.167,0.166,0.134,0.14,0.107,0.033,4.67,47.038,48.293,1128860000.0
18.11,2.0,0.167,0.172,0.171,0.167,0.166,0.134,0.14,0.107,0.033,4.66,47.032,48.288,1129484000.0
18.12,2.0,0.167,0.172,0.171,0.167,0.166,0.134,0.14,0.107,0.033,4.66,47.026,48.282,1130108000.0
18.13,2.0,0.167,0.172,0.171,0.167,0.166,0.134,0.14,0.107,0.033,4.66,47.02,48.277,1130731000.0
18.14,2.0,0.167,0.172,0.171,0.167,0.166,0.134,0.14,0.107,0.033,4.66,47.014,48.271,1131355000.0
18.15,2.0,0.167,0.172,0.171,0.167,0.166,0.134,0.14,0.107,0.033,4.66,47.008,48.266,1131979000.0
18.16,2.0,0.167,0.172,0.171,0.167,0.166,0.134,0.14,0.107,0.033,4.66,47.001,48.26,1132602000.0
18.17,2.0,0.167,0.172,0.171,0.167,0.166,0.134,0.14,0.107,0.033,4.66,46.995,48.255,1133226000.0
18.18,2.0,0.167,0.172,0.171,0.167,0.166,0.134,0.14,0.107,0.033,4.66,46.989,48.249,1133850000.0
18.19,2.0,0.167,0.172,0.171,0.167,0.166,0.134,0.14,0.107,0.033,4.66,46.983,48.244,1134474000.0
18.2,2.0,0.167,0.172,0.171,0.167,0.166,0.134,0.14,0.107,0.033,4.66,46.977,48.239,1135097000.0
18.21,2.0,0.167,0.172,0.171,0.167,0.166,0.134,0.14,0.107,0.033,4.65,46.971,48.233,1135721000.0
18.22,2.0,0.167,0.172,0.171,0.167,0.166,0.134,0.14,0.107,0.033,4.65,46.965,48.228,1136345000.0
18.23,2.0,0.167,0.172,0.171,0.167,0.166,0.134,0.14,0.107,0.033,4.65,46.958,48.222,1136968000.0
18.24,2.0,0.167,0.172,0.171,0.167,0.166,0.134,0.14,0.107,0.033,4.65,46.952,48.217,1137592000.0
18.25,2.0,0.167,0.172,0.171,0.167,0.166,0.134,0.14,0.107,0.033,4.65,46.946,48.212,1138216000.0
18.26,2.0,0.167,0.172,0.171,0.167,0.166,0.134,0.14,0.107,0.033,4.65,46.94,48.206,1138839000.0
18.27,2.0,0.167,0.172,0.171,0.167,0.166,0.134,0.14,0.107,0.033,4.65,46.934,48.201,1139463000.0
18.28,2.0,0.167,0.172,0.171,0.167,0.166,0.134,0.14,0.107,0.033,4.65,46.928,48.195,1140087000.0
18.29,2.0,0.167,0.172,0.171,0.167,0.166,0.134,0.14,0.106,0.033,4.65,46.922,48.19,1140710000.0
18.3,2.0,0.167,0.172,0.171,0.167,0.166,0.134,0.14,0.106,0.033,4.64,46.916,48.185,1141334000.0
18.31,2.0,0.167,0.172,0.171,0.167,0.166,0.134,0.14,0.106,0.033,4.64,46.91,48.179,1141958000.0
18.32,2.0,0.167,0.172,0.171,0.167,0.166,0.134,0.14,0.106,0.033,4.64,46.903,48.174,1142581000.0
18.33,2.0,0.167,0.172,0.171,0.167,0.166,0.134,0.14,0.106,0.033,4.64,46.897,48.169,1143205000.0
18.34,2.0,0.167,0.172,0.171,0.167,0.166,0.134,0.14,0.106,0.033,4.64,46.891,48.163,1143829000.0
18.35,2.0,0.167,0.172,0.171,0.167,0.166,0.134,0.14,0.106,0.033,4.64,46.885,48.158,1144452000.0
18.36,2.0,0.167,0.172,0.171,0.167,0.166,0.134,0.14,0.106,0.033,4.64,46.879,48.152,1145076000.0
18.37,2.0,0.167,0.172,0.171,0.167,0.166,0.134,0.14,0.106,0.033,4.64,46.873,48.147,1145700000.0
18.38,2.0,0.167,0.172,0.171,0.167,0.166,0.134,0.14,0.106,0.033,4.64,46.867,48.142,1146323000.0
18.39,2.0,0.167,0.172,0.171,0.167,0.166,0.134,0.139,0.106,0.033,4.64,46.861,48.136,1146947000.0
18.4,2.0,0.167,0.172,0.171,0.167,0.166,0.134,0.139,0.106,0.033,4.63,46.855,48.131,1147571000.0
18.41,2.0,0.167,0.172,0.171,0.167,0.166,0.134,0.139,0.106,0.033,4.63,46.849,48.126,1148195000.0
18.42,2.0,0.167,0.172,0.171,0.167,0.166,0.133,0.139,0.106,0.033,4.63,46.843,48.12,1148818000.0
18.43,2.0,0.167,0.172,0.171,0.167,0.166,0.133,0.139,0.106,0.033,4.63,46.837,48.115,1149442000.0
18.44,2.0,0.167,0.172,0.171,0.167,0.166,0.133,0.139,0.106,0.033,4.63,46.831,48.11,1150066000.0
18.45,2.0,0.167,0.172,0.171,0.167,0.166,0.133,0.139,0.106,0.033,4.63,46.825,48.104,1150689000.0
18.46,2.0,0.167,0.172,0.171,0.167,0.166,0.133,0.139,0.106,0.033,4.63,46.819,48.099,1151313000.0
18.47,2.0,0.167,0.172,0.171,0.167,0.166,0.133,0.139,0.106,0.033,4.63,46.813,48.094,1151937000.0
18.48,2.0,0.167,0.172,0.171,0.167,0.166,0.133,0.139,0.106,0.033,4.63,46.807,48.088,1152560000.0
18.49,2.0,0.167,0.172,0.171,0.167,0.166,0.133,0.139,0.106,0.033,4.63,46.801,48.083,1153184000.0
18.5,2.0,0.167,0.172,0.171,0.167,0.166,0.133,0.139,0.106,0.033,4.62,46.795,48.078,1153808000.0
18.51,2.0,0.167,0.172,0.171,0.167,0.166,0.133,0.139,0.106,0.033,4.62,46.789,48.073,1154431000.0
18.52,2.0,0.167,0.172,0.171,0.167,0.166,0.133,0.139,0.106,0.033,4.62,46.783,48.067,1155055000.0
18.53,2.0,0.167,0.172,0.171,0.167,0.166,0.133,0.139,0.106,0.033,4.62,46.777,48.062,1155679000.0
18.54,2.0,0.167,0.172,0.171,0.167,0.166,0.133,0.139,0.106,0.033,4.62,46.771,48.057,1156302000.0
18.55,2.0,0.167,0.172,0.171,0.167,0.166,0.133,0.139,0.106,0.033,4.62,46.765,48.051,1156926000.0
18.56,2.0,0.167,0.172,0.171,0.167,0.166,0.133,0.139,0.106,0.033,4.62,46.759,48.046,1157550000.0
18.57,2.0,0.167,0.172,0.171,0.167,0.166,0.133,0.139,0.106,0.033,4.62,46.753,48.041,1158173000.0
18.58,2.0,0.167,0.172,0.171,0.167,0.166,0.133,0.139,0.106,0.033,4.62,46.747,48.036,1158797000.0
18.59,2.0,0.167,0.172,0.171,0.167,0.166,0.133,0.139,0.106,0.033,4.62,46.741,48.03,1159421000.0
18.6,2.0,0.167,0.172,0.171,0.167,0.166,0.133,0.139,0.106,0.033,4.62,46.735,48.025,1160044000.0
18.61,2.0,0.167,0.172,0.171,0.167,0.166,0.133,0.139,0.106,0.033,4.61,46.729,48.02,1160668000.0
18.62,2.0,0.167,0.172,0.171,0.167,0.166,0.133,0.139,0.106,0.033,4.61,46.723,48.015,1161292000.0
18.63,2.0,0.167,0.172,0.171,0.167,0.166,0.133,0.139,0.106,0.033,4.61,46.717,48.009,1161915000.0
18.64,2.0,0.167,0.172,0.171,0.167,0.166,0.133,0.139,0.106,0.033,4.61,46.711,48.004,1162539000.0
18.65,2.0,0.167,0.171,0.171,0.167,0.166,0.133,0.139,0.105,0.033,4.61,46.705,47.999,1163163000.0
18.66,2.0,0.167,0.171,0.171,0.167,0.166,0.133,0.139,0.105,0.033,4.61,46.699,47.994,1163786000.0
18.67,2.0,0.167,0.171,0.171,0.167,0.166,0.133,0.139,0.105,0.033,4.61,46.693,47.988,1164410000.0
18.68,2.0,0.167,0.171,0.171,0.167,0.166,0.133,0.139,0.105,0.033,4.61,46.687,47.983,1165034000.0
18.69,2.0,0.167,0.171,0.171,0.167,0.166,0.133,0.139,0.105,0.033,4.61,46.681,47.978,1165658000.0
18.7,2.0,0.167,0.171,0.171,0.167,0.166,0.133,0.139,0.105,0.033,4.61,46.676,47.973,1166281000.0
18.71,2.0,0.167,0.171,0.171,0.167,0.166,0.133,0.139,0.105,0.033,4.6,46.67,47.967,1166905000.0
18.72,2.0,0.167,0.171,0.171,0.167,0.166,0.133,0.139,0.105,0.033,4.6,46.664,47.962,1167529000.0
18.73,2.0,0.167,0.171,0.171,0.167,0.166,0.133,0.139,0.105,0.033,4.6,46.658,47.957,1168152000.0
18.74,2.0,0.167,0.171,0.171,0.167,0.166,0.133,0.139,0.105,0.033,4.6,46.652,47.952,1168776000.0
18.75,2.0,0.167,0.171,0.171,0.167,0.166,0.133,0.138,0.105,0.033,4.6,46.646,47.947,1169400000.0
18.76,2.0,0.167,0.171,0.171,0.167,0.166,0.133,0.138,0.105,0.033,4.6,46.64,47.941,1170023000.0
18.77,2.0,0.167,0.171,0.171,0.167,0.166,0.133,0.138,0.105,0.033,4.6,46.634,47.936,1170647000.0
18.78,2.0,0.166,0.171,0.171,0.167,0.166,0.133,0.138,0.105,0.033,4.6,46.628,47.931,1171271000.0
18.79,2.0,0.166,0.171,0.171,0.167,0.166,0.132,0.138,0.105,0.033,4.6,46.623,47.926,1171894000.0
18.8,2.0,0.166,0.171,0.171,0.167,0.166,0.132,0.138,0.105,0.033,4.6,46.617,47.921,1172518000.0
18.81,2.0,0.166,0.171,0.171,0.167,0.166,0.132,0.138,0.105,0.033,4.59,46.611,47.915,1173142000.0
18.82,2.0,0.166,0.171,0.171,0.167,0.166,0.132,0.138,0.105,0.033,4.59,46.605,47.91,1173765000.0
18.83,2.0,0.166,0.171,0.171,0.167,0.166,0.132,0.138,0.105,0.033,4.59,46.599,47.905,1174389000.0
18.84,2.0,0.166,0.171,0.171,0.167,0.166,0.132,0.138,0.105,0.033,4.59,46.593,47.9,1175013000.0
18.85,2.0,0.166,0.171,0.171,0.167,0.166,0.132,0.138,0.105,0.033,4.59,46.587,47.895,1175636000.0
18.86,2.0,0.166,0.171,0.171,0.167,0.166,0.132,0.138,0.105,0.033,4.59,46.582,47.89,1176260000.0
18.87,2.0,0.166,0.171,0.171,0.167,0.166,0.132,0.138,0.105,0.033,4.59,46.576,47.884,1176884000.0
18.88,2.0,0.166,0.171,0.171,0.167,0.166,0.132,0.138,0.105,0.033,4.59,46.57,47.879,1177507000.0
18.89,2.0,0.166,0.171,0.171,0.167,0.166,0.132,0.138,0.105,0.033,4.59,46.564,47.874,1178131000.0
18.9,2.0,0.166,0.171,0.171,0.167,0.166,0.132,0.138,0.105,0.033,4.59,46.558,47.869,1178755000.0
18.91,2.0,0.166,0.171,0.171,0.167,0.166,0.132,0.138,0.105,0.033,4.59,46.552,47.864,1179378000.0
18.92,2.0,0.166,0.171,0.171,0.167,0.166,0.132,0.138,0.105,0.033,4.58,46.547,47.859,1180002000.0
18.93,2.0,0.166,0.171,0.17,0.167,0.166,0.132,0.138,0.105,0.033,4.58,46.541,47.854,1180626000.0
18.94,2.0,0.166,0.171,0.17,0.167,0.166,0.132,0.138,0.105,0.033,4.58,46.535,47.848,1181250000.0
18.95,2.0,0.166,0.171,0.17,0.167,0.166,0.132,0.138,0.105,0.033,4.58,46.529,47.843,1181873000.0
18.96,2.0,0.166,0.171,0.17,0.167,0.166,0.132,0.138,0.105,0.033,4.58,46.523,47.838,1182497000.0
18.97,2.0,0.166,0.171,0.17,0.167,0.166,0.132,0.138,0.105,0.033,4.58,46.517,47.833,1183121000.0
18.98,2.0,0.166,0.171,0.17,0.167,0.166,0.132,0.138,0.105,0.033,4.58,46.512,47.828,1183744000.0
18.99,2.0,0.166,0.171,0.17,0.167,0.166,0.132,0.138,0.105,0.033,4.58,46.506,47.823,1184368000.0
19.0,2.0,0.166,0.171,0.17,0.167,0.166,0.132,0.138,0.105,0.033,4.58,46.5,47.818,1184992000.0
19.01,2.0,0.166,0.171,0.17,0.167,0.166,0.132,0.138,0.105,0.033,4.58,46.494,47.813,1185615000.0
19.02,2.0,0.166,0.171,0.17,0.167,0.166,0.132,0.138,0.105,0.033,4.57,46.489,47.808,1186239000.0
19.03,2.0,0.166,0.171,0.17,0.167,0.166,0.132,0.138,0.104,0.033,4.57,46.483,47.802,1186863000.0
19.04,2.0,0.166,0.171,0.17,0.167,0.166,0.132,0.138,0.104,0.033,4.57,46.477,47.797,1187486000.0
19.05,2.0,0.166,0.171,0.17,0.167,0.166,0.132,0.138,0.104,0.033,4.57,46.471,47.792,1188110000.0
19.06,2.0,0.166,0.171,0.17,0.167,0.166,0.132,0.138,0.104,0.033,4.57,46.465,47.787,1188734000.0
19.07,2.0,0.166,0.171,0.17,0.167,0.166,0.132,0.138,0.104,0.033,4.57,46.46,47.782,1189357000.0
19.08,2.0,0.166,0.171,0.17,0.167,0.166,0.132,0.138,0.104,0.033,4.57,46.454,47.777,1189981000.0
19.09,2.0,0.166,0.171,0.17,0.167,0.166,0.132,0.138,0.104,0.033,4.57,46.448,47.772,1190605000.0
19.1,2.0,0.166,0.171,0.17,0.167,0.166,0.132,0.138,0.104,0.033,4.57,46.442,47.767,1191228000.0
19.11,2.0,0.166,0.171,0.17,0.167,0.166,0.132,0.138,0.104,0.033,4.57,46.437,47.762,1191852000.0
19.12,2.0,0.166,0.171,0.17,0.167,0.166,0.132,0.138,0.104,0.033,4.57,46.431,47.757,1192476000.0
19.13,2.0,0.166,0.171,0.17,0.167,0.166,0.132,0.137,0.104,0.033,4.56,46.425,47.752,1193099000.0
19.14,2.0,0.166,0.171,0.17,0.167,0.166,0.132,0.137,0.104,0.033,4.56,46.42,47.747,1193723000.0
19.15,2.0,0.166,0.171,0.17,0.167,0.166,0.132,0.137,0.104,0.033,4.56,46.414,47.742,1194347000.0
19.16,2.0,0.166,0.171,0.17,0.167,0.166,0.132,0.137,0.104,0.033,4.56,46.408,47.737,1194970000.0
19.17,2.0,0.166,0.171,0.17,0.167,0.166,0.131,0.137,0.104,0.033,4.56,46.402,47.732,1195594000.0
19.18,2.0,0.166,0.171,0.17,0.167,0.166,0.131,0.137,0.104,0.033,4.56,46.397,47.726,1196218000.0
19.19,2.0,0.166,0.171,0.17,0.167,0.166,0.131,0.137,0.104,0.033,4.56,46.391,47.721,1196842000.0
19.2,2.0,0.166,0.171,0.17,0.167,0.166,0.131,0.137,0.104,0.033,4.56,46.385,47.716,1197465000.0
19.21,2.0,0.166,0.171,0.17,0.167,0.166,0.131,0.137,0.104,0.033,4.56,46.38,47.711,1198089000.0
19.22,2.0,0.166,0.171,0.17,0.167,0.166,0.131,0.137,0.104,0.033,4.56,46.374,47.706,1198713000.0
19.23,2.0,0.166,0.171,0.17,0.167,0.166,0.131,0.137,0.104,0.033,4.56,46.368,47.701,1199336000.0
19.24,2.0,0.166,0.171,0.17,0.167,0.166,0.131,0.137,0.104,0.033,4.55,46.362,47.696,1199960000.0
19.25,2.0,0.166,0.171,0.17,0.167,0.166,0.131,0.137,0.104,0.033,4.55,46.357,47.691,1200584000.0
19.26,2.0,0.166,0.171,0.17,0.167,0.166,0.131,0.137,0.104,0.033,4.55,46.351,47.686,1201207000.0
19.27,2.0,0.166,0.171,0.17,0.167,0.166,0.131,0.137,0.104,0.033,4.55,46.345,47.681,1201831000.0
19.28,2.0,0.166,0.171,0.17,0.167,0.166,0.131,0.137,0.104,0.033,4.55,46.34,47.676,1202455000.0
19.29,2.0,0.166,0.171,0.17,0.167,0.166,0.131,0.137,0.104,0.033,4.55,46.334,47.671,1203078000.0
19.3,2.0,0.166,0.171,0.17,0.167,0.166,0.131,0.137,0.104,0.033,4.55,46.328,47.666,1203702000.0
19.31,2.0,0.166,0.171,0.17,0.167,0.166,0.131,0.137,0.104,0.033,4.55,46.323,47.661,1204326000.0
19.32,2.0,0.166,0.171,0.17,0.166,0.166,0.131,0.137,0.104,0.033,4.55,46.317,47.656,1204949000.0
19.33,2.0,0.166,0.171,0.17,0.166,0.166,0.131,0.137,0.104,0.033,4.55,46.311,47.651,1205573000.0
19.34,2.0,0.166,0.171,0.17,0.166,0.166,0.131,0.137,0.104,0.033,4.55,46.306,47.646,1206197000.0
19.35,2.0,0.166,0.171,0.17,0.166,0.166,0.131,0.137,0.104,0.033,4.54,46.3,47.641,1206820000.0
19.36,2.0,0.166,0.171,0.17,0.166,0.166,0.131,0.137,0.104,0.033,4.54,46.295,47.636,1207444000.0
19.37,2.0,0.166,0.171,0.17,0.166,0.166,0.131,0.137,0.104,0.033,4.54,46.289,47.631,1208068000.0
19.38,2.0,0.166,0.171,0.17,0.166,0.166,0.131,0.137,0.104,0.033,4.54,46.283,47.626,1208691000.0
19.39,2.0,0.166,0.171,0.17,0.166,0.166,0.131,0.137,0.104,0.033,4.54,46.278,47.621,1209315000.0
19.4,2.0,0.166,0.171,0.17,0.166,0.166,0.131,0.137,0.104,0.033,4.54,46.272,47.617,1209939000.0
19.41,2.0,0.166,0.171,0.17,0.166,0.166,0.131,0.137,0.104,0.033,4.54,46.266,47.612,1210562000.0
19.42,2.0,0.166,0.171,0.17,0.166,0.166,0.131,0.137,0.103,0.033,4.54,46.261,47.607,1211186000.0
19.43,2.0,0.166,0.171,0.17,0.166,0.166,0.131,0.137,0.103,0.033,4.54,46.255,47.602,1211810000.0
19.44,2.0,0.166,0.171,0.17,0.166,0.166,0.131,0.137,0.103,0.033,4.54,46.25,47.597,1212434000.0
19.45,2.0,0.166,0.171,0.17,0.166,0.166,0.131,0.137,0.103,0.033,4.54,46.244,47.592,1213057000.0
19.46,2.0,0.166,0.171,0.17,0.166,0.166,0.131,0.137,0.103,0.033,4.53,46.238,47.587,1213681000.0
19.47,2.0,0.166,0.171,0.17,0.166,0.166,0.131,0.137,0.103,0.033,4.53,46.233,47.582,1214305000.0
19.48,2.0,0.166,0.171,0.17,0.166,0.166,0.131,0.137,0.103,0.033,4.53,46.227,47.577,1214928000.0
19.49,2.0,0.166,0.171,0.17,0.166,0.166,0.131,0.137,0.103,0.033,4.53,46.222,47.572,1215552000.0
19.5,2.0,0.166,0.171,0.17,0.166,0.166,0.131,0.137,0.103,0.033,4.53,46.216,47.567,1216176000.0
19.51,2.0,0.166,0.171,0.17,0.166,0.166,0.131,0.137,0.103,0.033,4.53,46.21,47.562,1216799000.0
19.52,2.0,0.166,0.171,0.17,0.166,0.166,0.131,0.136,0.103,0.033,4.53,46.205,47.557,1217423000.0
19.53,2.0,0.166,0.171,0.17,0.166,0.166,0.131,0.136,0.103,0.033,4.53,46.199,47.552,1218047000.0
19.54,2.0,0.166,0.171,0.17,0.166,0.166,0.131,0.136,0.103,0.033,4.53,46.194,47.547,1218670000.0
19.55,2.0,0.166,0.171,0.17,0.166,0.166,0.131,0.136,0.103,0.033,4.53,46.188,47.543,1219294000.0
19.56,2.0,0.166,0.171,0.17,0.166,0.166,0.131,0.136,0.103,0.033,4.53,46.183,47.538,1219918000.0
19.57,2.0,0.166,0.171,0.17,0.166,0.166,0.13,0.136,0.103,0.033,4.53,46.177,47.533,1220541000.0
19.58,2.0,0.166,0.171,0.17,0.166,0.166,0.13,0.136,0.103,0.033,4.52,46.172,47.528,1221165000.0
19.59,2.0,0.166,0.171,0.17,0.166,0.166,0.13,0.136,0.103,0.033,4.52,46.166,47.523,1221789000.0
19.6,2.0,0.166,0.171,0.17,0.166,0.166,0.13,0.136,0.103,0.033,4.52,46.16,47.518,1222412000.0
19.61,2.0,0.166,0.171,0.17,0.166,0.166,0.13,0.136,0.103,0.033,4.52,46.155,47.513,1223036000.0
19.62,2.0,0.166,0.171,0.17,0.166,0.166,0.13,0.136,0.103,0.033,4.52,46.149,47.508,1223660000.0
19.63,2.0,0.166,0.171,0.17,0.166,0.166,0.13,0.136,0.103,0.033,4.52,46.144,47.503,1224283000.0
19.64,2.0,0.166,0.171,0.17,0.166,0.166,0.13,0.136,0.103,0.033,4.52,46.138,47.499,1224907000.0
19.65,2.0,0.166,0.171,0.17,0.166,0.166,0.13,0.136,0.103,0.033,4.52,46.133,47.494,1225531000.0
19.66,2.0,0.166,0.171,0.17,0.166,0.166,0.13,0.136,0.103,0.033,4.52,46.127,47.489,1226154000.0
19.67,2.0,0.166,0.171,0.17,0.166,0.166,0.13,0.136,0.103,0.033,4.52,46.122,47.484,1226778000.0
19.68,2.0,0.166,0.171,0.17,0.166,0.166,0.13,0.136,0.103,0.033,4.52,46.116,47.479,1227402000.0
19.69,2.0,0.166,0.171,0.17,0.166,0.166,0.13,0.136,0.103,0.033,4.51,46.111,47.474,1228026000.0
19.7,2.0,0.166,0.171,0.17,0.166,0.166,0.13,0.136,0.103,0.033,4.51,46.105,47.469,1228649000.0
19.71,2.0,0.166,0.171,0.17,0.166,0.166,0.13,0.136,0.103,0.033,4.51,46.1,47.464,1229273000.0
19.72,2.0,0.166,0.171,0.17,0.166,0.166,0.13,0.136,0.103,0.033,4.51,46.094,47.46,1229897000.0
19.73,2.0,0.166,0.171,0.17,0.166,0.166,0.13,0.136,0.103,0.033,4.51,46.089,47.455,1230520000.0
19.74,2.0,0.166,0.171,0.17,0.166,0.166,0.13,0.136,0.103,0.033,4.51,46.083,47.45,1231144000.0
19.75,2.0,0.166,0.171,0.17,0.166,0.166,0.13,0.136,0.103,0.033,4.51,46.078,47.445,1231768000.0
19.76,2.0,0.166,0.171,0.17,0.166,0.166,0.13,0.136,0.103,0.033,4.51,46.072,47.44,1232391000.0
19.77,2.0,0.166,0.171,0.17,0.166,0.166,0.13,0.136,0.103,0.033,4.51,46.067,47.435,1233015000.0
19.78,2.0,0.166,0.171,0.17,0.166,0.166,0.13,0.136,0.103,0.033,4.51,46.061,47.431,1233639000.0
19.79,2.0,0.166,0.171,0.17,0.166,0.166,0.13,0.136,0.103,0.033,4.51,46.056,47.426,1234262000.0
19.8,2.0,0.166,0.171,0.17,0.166,0.166,0.13,0.136,0.103,0.033,4.51,46.05,47.421,1234886000.0
19.81,2.0,0.166,0.171,0.17,0.166,0.166,0.13,0.136,0.103,0.033,4.5,46.045,47.416,1235510000.0
19.82,2.0,0.166,0.171,0.17,0.166,0.166,0.13,0.136,0.102,0.033,4.5,46.04,47.411,1236133000.0
19.83,2.0,0.166,0.171,0.17,0.166,0.166,0.13,0.136,0.102,0.033,4.5,46.034,47.407,1236757000.0
19.84,2.0,0.166,0.171,0.17,0.166,0.166,0.13,0.136,0.102,0.033,4.5,46.029,47.402,1237381000.0
19.85,2.0,0.166,0.171,0.17,0.166,0.166,0.13,0.136,0.102,0.033,4.5,46.023,47.397,1238004000.0
19.86,2.0,0.166,0.171,0.17,0.166,0.166,0.13,0.136,0.102,0.033,4.5,46.018,47.392,1238628000.0
19.87,2.0,0.166,0.171,0.17,0.166,0.166,0.13,0.136,0.102,0.033,4.5,46.012,47.387,1239252000.0
19.88,2.0,0.166,0.171,0.17,0.166,0.166,0.13,0.136,0.102,0.033,4.5,46.007,47.383,1239875000.0
19.89,2.0,0.166,0.171,0.17,0.166,0.166,0.13,0.136,0.102,0.033,4.5,46.001,47.378,1240499000.0
19.9,2.0,0.166,0.171,0.17,0.166,0.166,0.13,0.136,0.102,0.033,4.5,45.996,47.373,1241123000.0
19.91,2.0,0.166,0.171,0.17,0.166,0.166,0.13,0.136,0.102,0.033,4.5,45.991,47.368,1241746000.0
19.92,2.0,0.166,0.171,0.17,0.166,0.166,0.13,0.136,0.102,0.033,4.49,45.985,47.363,1242370000.0
19.93,2.0,0.166,0.171,0.17,0.166,0.166,0.13,0.135,0.102,0.033,4.49,45.98,47.359,1242994000.0
19.94,2.0,0.166,0.171,0.17,0.166,0.166,0.13,0.135,0.102,0.033,4.49,45.974,47.354,1243618000.0
19.95,2.0,0.166,0.171,0.17,0.166,0.166,0.13,0.135,0.102,0.033,4.49,45.969,47.349,1244241000.0
19.96,2.0,0.166,0.171,0.17,0.166,0.165,0.13,0.135,0.102,0.033,4.49,45.964,47.344,1244865000.0
19.97,2.0,0.166,0.171,0.17,0.166,0.165,0.13,0.135,0.102,0.033,4.49,45.958,47.34,1245489000.0
19.98,2.0,0.166,0.171,0.17,0.166,0.165,0.129,0.135,0.102,0.033,4.49,45.953,47.335,1246112000.0
19.99,2.0,0.166,0.171,0.17,0.166,0.165,0.129,0.135,0.102,0.033,4.49,45.947,47.33,1246736000.0
20.0,2.0,0.166,0.171,0.17,0.166,0.165,0.129,0.135,0.102,0.033,4.49,45.942,47.325,1247360000.0
20.01,2.0,0.166,0.171,0.17,0.166,0.165,0.129,0.135,0.102,0.033,4.49,45.937,47.32,1247983000.0
20.02,2.0,0.166,0.171,0.17,0.166,0.165,0.129,0.135,0.102,0.033,4.49,45.931,47.316,1248607000.0
20.03,2.0,0.166,0.171,0.17,0.166,0.165,0.129,0.135,0.102,0.033,4.49,45.926,47.311,1249231000.0
20.04,2.0,0.166,0.171,0.17,0.166,0.165,0.129,0.135,0.102,0.033,4.48,45.92,47.306,1249854000.0
20.05,2.0,0.166,0.171,0.17,0.166,0.165,0.129,0.135,0.102,0.033,4.48,45.915,47.301,1250478000.0
20.06,2.0,0.166,0.171,0.17,0.166,0.165,0.129,0.135,0.102,0.033,4.48,45.91,47.297,1251102000.0
20.07,2.0,0.166,0.171,0.17,0.166,0.165,0.129,0.135,0.102,0.033,4.48,45.904,47.292,1251725000.0
20.08,2.0,0.166,0.171,0.17,0.166,0.165,0.129,0.135,0.102,0.033,4.48,45.899,47.287,1252349000.0
20.09,2.0,0.166,0.171,0.17,0.166,0.165,0.129,0.135,0.102,0.033,4.48,45.894,47.283,1252973000.0
20.1,2.0,0.166,0.171,0.17,0.166,0.165,0.129,0.135,0.102,0.033,4.48,45.888,47.278,1253596000.0
20.11,2.0,0.166,0.171,0.17,0.166,0.165,0.129,0.135,0.102,0.033,4.48,45.883,47.273,1254220000.0
20.12,2.0,0.166,0.171,0.17,0.166,0.165,0.129,0.135,0.102,0.033,4.48,45.878,47.268,1254844000.0
20.13,2.0,0.166,0.171,0.17,0.166,0.165,0.129,0.135,0.102,0.033,4.48,45.872,47.264,1255467000.0
20.14,2.0,0.166,0.171,0.17,0.166,0.165,0.129,0.135,0.102,0.033,4.48,45.867,47.259,1256091000.0
20.15,2.0,0.166,0.171,0.17,0.166,0.165,0.129,0.135,0.102,0.033,4.48,45.862,47.254,1256715000.0
20.16,2.0,0.166,0.171,0.17,0.166,0.165,0.129,0.135,0.102,0.033,4.47,45.856,47.25,1257338000.0
20.17,2.0,0.166,0.171,0.17,0.166,0.165,0.129,0.135,0.102,0.033,4.47,45.851,47.245,1257962000.0
20.18,2.0,0.166,0.171,0.17,0.166,0.165,0.129,0.135,0.102,0.033,4.47,45.846,47.24,1258586000.0
20.19,2.0,0.166,0.171,0.17,0.166,0.165,0.129,0.135,0.102,0.033,4.47,45.84,47.235,1259210000.0
20.2,2.0,0.166,0.171,0.17,0.166,0.165,0.129,0.135,0.102,0.033,4.47,45.835,47.231,1259833000.0
20.21,2.0,0.166,0.171,0.17,0.166,0.165,0.129,0.135,0.102,0.033,4.47,45.83,47.226,1260457000.0
20.22,2.0,0.166,0.171,0.17,0.166,0.165,0.129,0.135,0.102,0.033,4.47,45.824,47.221,1261080000.0
20.23,2.0,0.166,0.171,0.17,0.166,0.165,0.129,0.135,0.102,0.033,4.47,45.819,47.217,1261704000.0
20.24,2.0,0.166,0.171,0.17,0.166,0.165,0.129,0.135,0.101,0.033,4.47,45.814,47.212,1262328000.0
20.25,2.0,0.166,0.171,0.17,0.166,0.165,0.129,0.135,0.101,0.033,4.47,45.808,47.207,1262952000.0
20.26,2.0,0.166,0.171,0.17,0.166,0.165,0.129,0.135,0.101,0.033,4.47,45.803,47.203,1263575000.0
20.27,2.0,0.166,0.171,0.17,0.166,0.165,0.129,0.135,0.101,0.033,4.47,45.798,47.198,1264199000.0
20.28,2.0,0.166,0.171,0.17,0.166,0.165,0.129,0.135,0.101,0.033,4.46,45.793,47.193,1264823000.0
20.29,2.0,0.166,0.171,0.17,0.166,0.165,0.129,0.135,0.101,0.033,4.46,45.787,47.189,1265446000.0
20.3,2.0,0.166,0.171,0.17,0.166,0.165,0.129,0.135,0.101,0.033,4.46,45.782,47.184,1266070000.0
20.31,2.0,0.166,0.171,0.17,0.166,0.165,0.129,0.135,0.101,0.033,4.46,45.777,47.179,1266694000.0
20.32,2.0,0.166,0.171,0.17,0.166,0.165,0.129,0.135,0.101,0.033,4.46,45.771,47.175,1267317000.0
20.33,2.0,0.166,0.171,0.17,0.166,0.165,0.129,0.135,0.101,0.033,4.46,45.766,47.17,1267941000.0
20.34,2.0,0.166,0.171,0.17,0.166,0.165,0.129,0.135,0.101,0.033,4.46,45.761,47.165,1268565000.0
20.35,2.0,0.166,0.171,0.17,0.166,0.165,0.129,0.135,0.101,0.033,4.46,45.756,47.161,1269188000.0
20.36,2.0,0.166,0.171,0.17,0.166,0.165,0.129,0.134,0.101,0.033,4.46,45.75,47.156,1269812000.0
20.37,2.0,0.166,0.171,0.17,0.166,0.165,0.129,0.134,0.101,0.033,4.46,45.745,47.151,1270436000.0
20.38,2.0,0.166,0.171,0.17,0.166,0.165,0.129,0.134,0.101,0.033,4.46,45.74,47.147,1271059000.0
20.39,2.0,0.166,0.171,0.17,0.166,0.165,0.129,0.134,0.101,0.033,4.46,45.735,47.142,1271683000.0
20.4,2.0,0.166,0.171,0.17,0.166,0.165,0.129,0.134,0.101,0.033,4.46,45.729,47.138,1272307000.0
20.41,2.0,0.166,0.171,0.17,0.166,0.165,0.128,0.134,0.101,0.033,4.45,45.724,47.133,1272930000.0
20.42,2.0,0.166,0.171,0.17,0.166,0.165,0.128,0.134,0.101,0.033,4.45,45.719,47.128,1273554000.0
20.43,2.0,0.166,0.171,0.17,0.166,0.165,0.128,0.134,0.101,0.033,4.45,45.714,47.124,1274178000.0
20.44,2.0,0.166,0.171,0.17,0.166,0.165,0.128,0.134,0.101,0.033,4.45,45.709,47.119,1274802000.0
20.45,2.0,0.166,0.171,0.17,0.166,0.165,0.128,0.134,0.101,0.033,4.45,45.703,47.114,1275425000.0
20.46,2.0,0.166,0.171,0.17,0.166,0.165,0.128,0.134,0.101,0.033,4.45,45.698,47.11,1276049000.0
20.47,2.0,0.166,0.171,0.17,0.166,0.165,0.128,0.134,0.101,0.033,4.45,45.693,47.105,1276673000.0
20.48,2.0,0.166,0.171,0.17,0.166,0.165,0.128,0.134,0.101,0.033,4.45,45.688,47.101,1277296000.0
20.49,2.0,0.166,0.171,0.17,0.166,0.165,0.128,0.134,0.101,0.033,4.45,45.682,47.096,1277920000.0
20.5,2.0,0.166,0.171,0.17,0.166,0.165,0.128,0.134,0.101,0.033,4.45,45.677,47.091,1278544000.0
20.51,2.0,0.166,0.171,0.17,0.166,0.165,0.128,0.134,0.101,0.033,4.45,45.672,47.087,1279167000.0
20.52,2.0,0.166,0.171,0.17,0.166,0.165,0.128,0.134,0.101,0.033,4.45,45.667,47.082,1279791000.0
20.53,2.0,0.166,0.171,0.17,0.166,0.165,0.128,0.134,0.101,0.033,4.44,45.662,47.078,1280415000.0
20.54,2.0,0.166,0.171,0.17,0.166,0.165,0.128,0.134,0.101,0.033,4.44,45.656,47.073,1281038000.0
20.55,2.0,0.166,0.171,0.17,0.166,0.165,0.128,0.134,0.101,0.033,4.44,45.651,47.068,1281662000.0
20.56,2.0,0.166,0.171,0.17,0.166,0.165,0.128,0.134,0.101,0.033,4.44,45.646,47.064,1282286000.0
20.57,2.0,0.166,0.171,0.17,0.166,0.165,0.128,0.134,0.101,0.033,4.44,45.641,47.059,1282909000.0
20.58,2.0,0.166,0.171,0.17,0.166,0.165,0.128,0.134,0.101,0.033,4.44,45.636,47.055,1283533000.0
20.59,2.0,0.166,0.171,0.17,0.166,0.165,0.128,0.134,0.101,0.033,4.44,45.631,47.05,1284157000.0
20.6,2.0,0.166,0.171,0.17,0.166,0.165,0.128,0.134,0.101,0.033,4.44,45.625,47.046,1284780000.0
20.61,2.0,0.166,0.171,0.17,0.166,0.165,0.128,0.134,0.101,0.033,4.44,45.62,47.041,1285404000.0
20.62,2.0,0.166,0.171,0.17,0.166,0.165,0.128,0.134,0.101,0.033,4.44,45.615,47.036,1286028000.0
20.63,2.0,0.166,0.171,0.17,0.166,0.165,0.128,0.134,0.101,0.033,4.44,45.61,47.032,1286651000.0
20.64,2.0,0.166,0.171,0.17,0.166,0.165,0.128,0.134,0.101,0.033,4.44,45.605,47.027,1287275000.0
20.65,2.0,0.166,0.171,0.17,0.166,0.165,0.128,0.134,0.101,0.033,4.44,45.6,47.023,1287899000.0
20.66,2.0,0.166,0.171,0.17,0.166,0.165,0.128,0.134,0.101,0.033,4.43,45.594,47.018,1288522000.0
20.67,2.0,0.166,0.171,0.17,0.166,0.165,0.128,0.134,0.101,0.033,4.43,45.589,47.014,1289146000.0
20.68,2.0,0.166,0.171,0.17,0.166,0.165,0.128,0.134,0.1,0.033,4.43,45.584,47.009,1289770000.0
20.69,2.0,0.166,0.171,0.17,0.166,0.165,0.128,0.134,0.1,0.033,4.43,45.579,47.005,1290394000.0
20.7,2.0,0.166,0.171,0.17,0.166,0.165,0.128,0.134,0.1,0.033,4.43,45.574,47.0,1291017000.0
20.71,2.0,0.166,0.171,0.17,0.166,0.165,0.128,0.134,0.1,0.033,4.43,45.569,46.995,1291641000.0
20.72,2.0,0.166,0.171,0.17,0.166,0.165,0.128,0.134,0.1,0.033,4.43,45.564,46.991,1292264000.0
20.73,2.0,0.166,0.171,0.17,0.166,0.165,0.128,0.134,0.1,0.033,4.43,45.559,46.986,1292888000.0
20.74,2.0,0.166,0.171,0.17,0.166,0.165,0.128,0.134,0.1,0.033,4.43,45.553,46.982,1293512000.0
20.75,2.0,0.166,0.171,0.17,0.166,0.165,0.128,0.134,0.1,0.033,4.43,45.548,46.977,1294136000.0
20.76,2.0,0.166,0.171,0.17,0.166,0.165,0.128,0.134,0.1,0.033,4.43,45.543,46.973,1294759000.0
20.77,2.0,0.166,0.171,0.17,0.166,0.165,0.128,0.134,0.1,0.033,4.43,45.538,46.968,1295383000.0
20.78,2.0,0.166,0.171,0.17,0.166,0.165,0.128,0.134,0.1,0.033,4.42,45.533,46.964,1296007000.0
20.79,2.0,0.166,0.171,0.17,0.166,0.165,0.128,0.134,0.1,0.033,4.42,45.528,46.959,1296630000.0
20.8,2.0,0.166,0.171,0.17,0.166,0.165,0.128,0.133,0.1,0.033,4.42,45.523,46.955,1297254000.0
20.81,2.0,0.166,0.171,0.17,0.166,0.165,0.128,0.133,0.1,0.033,4.42,45.518,46.95,1297878000.0
20.82,2.0,0.166,0.171,0.17,0.166,0.165,0.128,0.133,0.1,0.033,4.42,45.513,46.946,1298501000.0
20.83,2.0,0.166,0.171,0.17,0.166,0.165,0.128,0.133,0.1,0.033,4.42,45.507,46.941,1299125000.0
20.84,2.0,0.166,0.171,0.17,0.166,0.165,0.128,0.133,0.1,0.033,4.42,45.502,46.937,1299749000.0
20.85,2.0,0.166,0.171,0.17,0.166,0.165,0.128,0.133,0.1,0.033,4.42,45.497,46.932,1300372000.0
20.86,2.0,0.166,0.171,0.17,0.166,0.165,0.127,0.133,0.1,0.033,4.42,45.492,46.928,1300996000.0
20.87,2.0,0.166,0.171,0.17,0.166,0.165,0.127,0.133,0.1,0.033,4.42,45.487,46.923,1301620000.0
20.88,2.0,0.166,0.171,0.17,0.166,0.165,0.127,0.133,0.1,0.033,4.42,45.482,46.919,1302243000.0
20.89,2.0,0.166,0.171,0.17,0.166,0.165,0.127,0.133,0.1,0.033,4.42,45.477,46.914,1302867000.0
20.9,2.0,0.166,0.171,0.17,0.166,0.165,0.127,0.133,0.1,0.033,4.42,45.472,46.91,1303491000.0
20.91,2.0,0.166,0.171,0.17,0.166,0.165,0.127,0.133,0.1,0.033,4.41,45.467,46.905,1304114000.0
20.92,2.0,0.166,0.171,0.17,0.166,0.165,0.127,0.133,0.1,0.033,4.41,45.462,46.901,1304738000.0
20.93,2.0,0.166,0.171,0.17,0.166,0.165,0.127,0.133,0.1,0.033,4.41,45.457,46.896,1305362000.0
20.94,2.0,0.166,0.171,0.17,0.166,0.165,0.127,0.133,0.1,0.033,4.41,45.452,46.892,1305986000.0
20.95,2.0,0.166,0.171,0.17,0.166,0.165,0.127,0.133,0.1,0.033,4.41,45.447,46.887,1306609000.0
20.96,2.0,0.166,0.171,0.17,0.166,0.165,0.127,0.133,0.1,0.033,4.41,45.442,46.883,1307233000.0
20.97,2.0,0.166,0.171,0.17,0.166,0.165,0.127,0.133,0.1,0.033,4.41,45.437,46.878,1307857000.0
20.98,2.0,0.166,0.171,0.17,0.166,0.165,0.127,0.133,0.1,0.033,4.41,45.432,46.874,1308480000.0
20.99,2.0,0.166,0.171,0.17,0.166,0.165,0.127,0.133,0.1,0.033,4.41,45.427,46.869,1309104000.0
21.0,2.0,0.166,0.171,0.17,0.166,0.165,0.127,0.133,0.1,0.033,4.41,45.422,46.865,1309728000.0
21.01,2.0,0.166,0.17,0.17,0.166,0.165,0.127,0.133,0.1,0.033,4.41,45.416,46.86,1310351000.0
21.02,2.0,0.166,0.17,0.17,0.166,0.165,0.127,0.133,0.1,0.033,4.41,45.411,46.856,1310975000.0
21.03,2.0,0.166,0.17,0.17,0.166,0.165,0.127,0.133,0.1,0.033,4.41,45.406,46.852,1311599000.0
21.04,2.0,0.166,0.17,0.17,0.166,0.165,0.127,0.133,0.1,0.033,4.4,45.401,46.847,1312222000.0
21.05,2.0,0.166,0.17,0.17,0.166,0.165,0.127,0.133,0.1,0.033,4.4,45.396,46.843,1312846000.0
21.06,2.0,0.166,0.17,0.17,0.166,0.165,0.127,0.133,0.1,0.033,4.4,45.391,46.838,1313470000.0
21.07,2.0,0.166,0.17,0.17,0.166,0.165,0.127,0.133,0.1,0.033,4.4,45.386,46.834,1314093000.0
21.08,2.0,0.166,0.17,0.17,0.166,0.165,0.127,0.133,0.1,0.033,4.4,45.381,46.829,1314717000.0
21.09,2.0,0.166,0.17,0.17,0.166,0.165,0.127,0.133,0.1,0.033,4.4,45.376,46.825,1315341000.0
21.1,2.0,0.166,0.17,0.17,0.166,0.165,0.127,0.133,0.1,0.033,4.4,45.371,46.82,1315964000.0
21.11,2.0,0.166,0.17,0.17,0.166,0.165,0.127,0.133,0.1,0.033,4.4,45.366,46.816,1316588000.0
21.12,2.0,0.166,0.17,0.17,0.166,0.165,0.127,0.133,0.1,0.033,4.4,45.361,46.812,1317212000.0
21.13,2.0,0.166,0.17,0.17,0.166,0.165,0.127,0.133,0.1,0.033,4.4,45.356,46.807,1317835000.0
21.14,2.0,0.166,0.17,0.17,0.166,0.165,0.127,0.133,0.099,0.033,4.4,45.351,46.803,1318459000.0
21.15,2.0,0.166,0.17,0.17,0.166,0.165,0.127,0.133,0.099,0.033,4.4,45.346,46.798,1319083000.0
21.16,2.0,0.166,0.17,0.17,0.166,0.165,0.127,0.133,0.099,0.033,4.4,45.341,46.794,1319706000.0
21.17,2.0,0.166,0.17,0.17,0.166,0.165,0.127,0.133,0.099,0.033,4.39,45.337,46.789,1320330000.0
21.18,2.0,0.166,0.17,0.17,0.166,0.165,0.127,0.133,0.099,0.033,4.39,45.332,46.785,1320954000.0
21.19,2.0,0.166,0.17,0.17,0.166,0.165,0.127,0.133,0.099,0.033,4.39,45.327,46.781,1321577000.0
21.2,2.0,0.166,0.17,0.17,0.166,0.165,0.127,0.133,0.099,0.033,4.39,45.322,46.776,1322201000.0
21.21,2.0,0.166,0.17,0.17,0.166,0.165,0.127,0.133,0.099,0.033,4.39,45.317,46.772,1322825000.0
21.22,2.0,0.166,0.17,0.17,0.166,0.165,0.127,0.133,0.099,0.033,4.39,45.312,46.767,1323448000.0
21.23,2.0,0.166,0.17,0.17,0.166,0.165,0.127,0.133,0.099,0.033,4.39,45.307,46.763,1324072000.0
21.24,2.0,0.166,0.17,0.17,0.166,0.165,0.127,0.133,0.099,0.033,4.39,45.302,46.759,1324696000.0
21.25,2.0,0.166,0.17,0.17,0.166,0.165,0.127,0.133,0.099,0.033,4.39,45.297,46.754,1325320000.0
21.26,2.0,0.166,0.17,0.17,0.166,0.165,0.127,0.133,0.099,0.033,4.39,45.292,46.75,1325943000.0
21.27,2.0,0.166,0.17,0.17,0.166,0.165,0.127,0.132,0.099,0.033,4.39,45.287,46.745,1326567000.0
21.28,2.0,0.166,0.17,0.17,0.166,0.165,0.127,0.132,0.099,0.033,4.39,45.282,46.741,1327191000.0
21.29,2.0,0.166,0.17,0.17,0.166,0.165,0.127,0.132,0.099,0.033,4.39,45.277,46.737,1327814000.0
21.3,2.0,0.166,0.17,0.17,0.166,0.165,0.127,0.132,0.099,0.033,4.39,45.272,46.732,1328438000.0
21.31,2.0,0.166,0.17,0.17,0.166,0.165,0.127,0.132,0.099,0.033,4.38,45.267,46.728,1329062000.0
21.32,2.0,0.166,0.17,0.17,0.166,0.165,0.127,0.132,0.099,0.033,4.38,45.262,46.724,1329685000.0
21.33,2.0,0.166,0.17,0.17,0.166,0.165,0.126,0.132,0.099,0.033,4.38,45.257,46.719,1330309000.0
21.34,2.0,0.166,0.17,0.17,0.166,0.165,0.126,0.132,0.099,0.033,4.38,45.252,46.715,1330933000.0
21.35,2.0,0.166,0.17,0.17,0.166,0.165,0.126,0.132,0.099,0.033,4.38,45.248,46.71,1331556000.0
21.36,2.0,0.166,0.17,0.17,0.166,0.165,0.126,0.132,0.099,0.033,4.38,45.243,46.706,1332180000.0
21.37,2.0,0.166,0.17,0.17,0.166,0.165,0.126,0.132,0.099,0.033,4.38,45.238,46.702,1332804000.0
21.38,2.0,0.166,0.17,0.17,0.166,0.165,0.126,0.132,0.099,0.033,4.38,45.233,46.697,1333427000.0
21.39,2.0,0.166,0.17,0.17,0.166,0.165,0.126,0.132,0.099,0.033,4.38,45.228,46.693,1334051000.0
21.4,2.0,0.166,0.17,0.17,0.166,0.165,0.126,0.132,0.099,0.033,4.38,45.223,46.689,1334675000.0
21.41,2.0,0.166,0.17,0.17,0.166,0.165,0.126,0.132,0.099,0.033,4.38,45.218,46.684,1335298000.0
21.42,2.0,0.166,0.17,0.17,0.166,0.165,0.126,0.132,0.099,0.033,4.38,45.213,46.68,1335922000.0
21.43,2.0,0.166,0.17,0.17,0.166,0.165,0.126,0.132,0.099,0.033,4.38,45.208,46.676,1336546000.0
21.44,2.0,0.166,0.17,0.17,0.166,0.165,0.126,0.132,0.099,0.033,4.37,45.203,46.671,1337170000.0
21.45,2.0,0.166,0.17,0.17,0.166,0.165,0.126,0.132,0.099,0.033,4.37,45.199,46.667,1337793000.0
21.46,2.0,0.166,0.17,0.17,0.166,0.165,0.126,0.132,0.099,0.033,4.37,45.194,46.663,1338417000.0
21.47,2.0,0.166,0.17,0.17,0.166,0.165,0.126,0.132,0.099,0.033,4.37,45.189,46.658,1339041000.0
21.48,2.0,0.166,0.17,0.17,0.166,0.165,0.126,0.132,0.099,0.033,4.37,45.184,46.654,1339664000.0
21.49,2.0,0.166,0.17,0.17,0.166,0.165,0.126,0.132,0.099,0.033,4.37,45.179,46.649,1340288000.0
21.5,2.0,0.166,0.17,0.17,0.166,0.165,0.126,0.132,0.099,0.033,4.37,45.174,46.645,1340912000.0
21.51,2.0,0.166,0.17,0.17,0.166,0.165,0.126,0.132,0.099,0.033,4.37,45.169,46.641,1341535000.0
21.52,2.0,0.166,0.17,0.17,0.166,0.165,0.126,0.132,0.099,0.033,4.37,45.165,46.636,1342159000.0
21.53,2.0,0.166,0.17,0.17,0.166,0.165,0.126,0.132,0.099,0.033,4.37,45.16,46.632,1342783000.0
21.54,2.0,0.166,0.17,0.17,0.166,0.165,0.126,0.132,0.099,0.033,4.37,45.155,46.628,1343406000.0
21.55,2.0,0.166,0.17,0.17,0.166,0.165,0.126,0.132,0.099,0.033,4.37,45.15,46.624,1344030000.0
21.56,2.0,0.166,0.17,0.17,0.166,0.165,0.126,0.132,0.099,0.033,4.37,45.145,46.619,1344654000.0
21.57,2.0,0.166,0.17,0.17,0.166,0.165,0.126,0.132,0.099,0.033,4.36,45.14,46.615,1345277000.0
21.58,2.0,0.166,0.17,0.17,0.166,0.165,0.126,0.132,0.099,0.033,4.36,45.135,46.611,1345901000.0
21.59,2.0,0.166,0.17,0.17,0.166,0.165,0.126,0.132,0.099,0.033,4.36,45.131,46.606,1346525000.0
21.6,2.0,0.166,0.17,0.17,0.166,0.165,0.126,0.132,0.099,0.033,4.36,45.126,46.602,1347148000.0
21.61,2.0,0.166,0.17,0.17,0.166,0.165,0.126,0.132,0.099,0.033,4.36,45.121,46.598,1347772000.0
21.62,2.0,0.166,0.17,0.17,0.166,0.165,0.126,0.132,0.098,0.033,4.36,45.116,46.593,1348396000.0
21.63,2.0,0.166,0.17,0.17,0.166,0.165,0.126,0.132,0.098,0.033,4.36,45.111,46.589,1349019000.0
21.64,2.0,0.166,0.17,0.17,0.166,0.165,0.126,0.132,0.098,0.033,4.36,45.106,46.585,1349643000.0
21.65,2.0,0.166,0.17,0.17,0.166,0.165,0.126,0.132,0.098,0.033,4.36,45.102,46.58,1350267000.0
21.66,2.0,0.166,0.17,0.17,0.166,0.165,0.126,0.132,0.098,0.033,4.36,45.097,46.576,1350890000.0
21.67,2.0,0.166,0.17,0.17,0.166,0.165,0.126,0.132,0.098,0.033,4.36,45.092,46.572,1351514000.0
21.68,2.0,0.166,0.17,0.17,0.166,0.165,0.126,0.132,0.098,0.033,4.36,45.087,46.568,1352138000.0
21.69,2.0,0.166,0.17,0.17,0.166,0.165,0.126,0.132,0.098,0.033,4.36,45.082,46.563,1352761000.0
21.7,2.0,0.166,0.17,0.17,0.166,0.165,0.126,0.132,0.098,0.033,4.36,45.078,46.559,1353385000.0
21.71,2.0,0.166,0.17,0.17,0.166,0.165,0.126,0.132,0.098,0.033,4.35,45.073,46.555,1354009000.0
21.72,2.0,0.166,0.17,0.17,0.166,0.165,0.126,0.132,0.098,0.033,4.35,45.068,46.55,1354632000.0
21.73,2.0,0.166,0.17,0.17,0.166,0.165,0.126,0.132,0.098,0.033,4.35,45.063,46.546,1355256000.0
21.74,2.0,0.166,0.17,0.17,0.166,0.165,0.126,0.132,0.098,0.033,4.35,45.058,46.542,1355880000.0
21.75,2.0,0.166,0.17,0.17,0.166,0.165,0.126,0.131,0.098,0.033,4.35,45.054,46.538,1356504000.0
21.76,2.0,0.166,0.17,0.17,0.166,0.165,0.126,0.131,0.098,0.033,4.35,45.049,46.533,1357127000.0
21.77,2.0,0.166,0.17,0.17,0.166,0.165,0.126,0.131,0.098,0.033,4.35,45.044,46.529,1357751000.0
21.78,2.0,0.166,0.17,0.17,0.166,0.165,0.126,0.131,0.098,0.033,4.35,45.039,46.525,1358375000.0
21.79,2.0,0.166,0.17,0.17,0.166,0.165,0.126,0.131,0.098,0.033,4.35,45.035,46.52,1358998000.0
21.8,2.0,0.166,0.17,0.17,0.166,0.165,0.126,0.131,0.098,0.033,4.35,45.03,46.516,1359622000.0
21.81,2.0,0.166,0.17,0.17,0.166,0.165,0.126,0.131,0.098,0.033,4.35,45.025,46.512,1360246000.0
21.82,2.0,0.166,0.17,0.17,0.166,0.165,0.125,0.131,0.098,0.033,4.35,45.02,46.508,1360869000.0
21.83,2.0,0.166,0.17,0.17,0.166,0.165,0.125,0.131,0.098,0.033,4.35,45.015,46.503,1361493000.0
21.84,2.0,0.166,0.17,0.17,0.166,0.165,0.125,0.131,0.098,0.033,4.35,45.011,46.499,1362117000.0
21.85,2.0,0.166,0.17,0.17,0.166,0.165,0.125,0.131,0.098,0.033,4.34,45.006,46.495,1362740000.0
21.86,2.0,0.166,0.17,0.17,0.166,0.165,0.125,0.131,0.098,0.033,4.34,45.001,46.491,1363364000.0
21.87,2.0,0.166,0.17,0.17,0.166,0.165,0.125,0.131,0.098,0.033,4.34,44.996,46.486,1363988000.0
21.88,2.0,0.166,0.17,0.17,0.166,0.165,0.125,0.131,0.098,0.033,4.34,44.992,46.482,1364611000.0
21.89,2.0,0.166,0.17,0.17,0.166,0.165,0.125,0.131,0.098,0.033,4.34,44.987,46.478,1365235000.0
21.9,2.0,0.166,0.17,0.17,0.166,0.165,0.125,0.131,0.098,0.033,4.34,44.982,46.474,1365859000.0
21.91,2.0,0.166,0.17,0.17,0.166,0.165,0.125,0.131,0.098,0.033,4.34,44.977,46.469,1366482000.0
21.92,2.0,0.166,0.17,0.17,0.166,0.165,0.125,0.131,0.098,0.033,4.34,44.973,46.465,1367106000.0
21.93,2.0,0.166,0.17,0.17,0.166,0.165,0.125,0.131,0.098,0.033,4.34,44.968,46.461,1367730000.0
21.94,2.0,0.166,0.17,0.17,0.166,0.165,0.125,0.131,0.098,0.033,4.34,44.963,46.457,1368354000.0
21.95,2.0,0.166,0.17,0.17,0.166,0.165,0.125,0.131,0.098,0.033,4.34,44.959,46.452,1368977000.0
21.96,2.0,0.166,0.17,0.17,0.166,0.165,0.125,0.131,0.098,0.033,4.34,44.954,46.448,1369601000.0
21.97,2.0,0.166,0.17,0.17,0.166,0.165,0.125,0.131,0.098,0.033,4.34,44.949,46.444,1370225000.0
21.98,2.0,0.165,0.17,0.17,0.166,0.165,0.125,0.131,0.098,0.033,4.33,44.944,46.44,1370848000.0
21.99,2.0,0.165,0.17,0.17,0.166,0.165,0.125,0.131,0.098,0.033,4.33,44.94,46.436,1371472000.0
22.0,2.0,0.165,0.17,0.17,0.166,0.165,0.125,0.131,0.098,0.033,4.33,44.935,46.431,1372096000.0
22.01,2.0,0.165,0.17,0.17,0.166,0.165,0.125,0.131,0.098,0.033,4.33,44.93,46.427,1372719000.0
22.02,2.0,0.165,0.17,0.17,0.166,0.165,0.125,0.131,0.098,0.033,4.33,44.926,46.423,1373343000.0
22.03,2.0,0.165,0.17,0.17,0.166,0.165,0.125,0.131,0.098,0.033,4.33,44.921,46.419,1373967000.0
22.04,2.0,0.165,0.17,0.17,0.166,0.165,0.125,0.131,0.098,0.033,4.33,44.916,46.414,1374590000.0
22.05,2.0,0.165,0.17,0.17,0.166,0.165,0.125,0.131,0.098,0.033,4.33,44.912,46.41,1375214000.0
22.06,2.0,0.165,0.17,0.17,0.166,0.165,0.125,0.131,0.098,0.033,4.33,44.907,46.406,1375838000.0
22.07,2.0,0.165,0.17,0.17,0.166,0.165,0.125,0.131,0.098,0.033,4.33,44.902,46.402,1376461000.0
22.08,2.0,0.165,0.17,0.17,0.166,0.165,0.125,0.131,0.098,0.033,4.33,44.897,46.398,1377085000.0
22.09,2.0,0.165,0.17,0.169,0.166,0.165,0.125,0.131,0.098,0.033,4.33,44.893,46.393,1377709000.0
22.1,2.0,0.165,0.17,0.169,0.166,0.165,0.125,0.131,0.098,0.033,4.33,44.888,46.389,1378332000.0
22.11,2.0,0.165,0.17,0.169,0.166,0.165,0.125,0.131,0.098,0.033,4.33,44.883,46.385,1378956000.0
22.12,2.0,0.165,0.17,0.169,0.166,0.165,0.125,0.131,0.097,0.033,4.32,44.879,46.381,1379580000.0
22.13,2.0,0.165,0.17,0.169,0.166,0.165,0.125,0.131,0.097,0.033,4.32,44.874,46.377,1380203000.0
22.14,2.0,0.165,0.17,0.169,0.166,0.165,0.125,0.131,0.097,0.033,4.32,44.869,46.372,1380827000.0
22.15,2.0,0.165,0.17,0.169,0.166,0.165,0.125,0.131,0.097,0.033,4.32,44.865,46.368,1381451000.0
22.16,2.0,0.165,0.17,0.169,0.166,0.165,0.125,0.131,0.097,0.033,4.32,44.86,46.364,1382074000.0
22.17,2.0,0.165,0.17,0.169,0.166,0.165,0.125,0.131,0.097,0.033,4.32,44.855,46.36,1382698000.0
22.18,2.0,0.165,0.17,0.169,0.166,0.165,0.125,0.131,0.097,0.033,4.32,44.851,46.356,1383322000.0
22.19,2.0,0.165,0.17,0.169,0.166,0.165,0.125,0.131,0.097,0.033,4.32,44.846,46.351,1383945000.0
22.2,2.0,0.165,0.17,0.169,0.166,0.165,0.125,0.131,0.097,0.033,4.32,44.841,46.347,1384569000.0
22.21,2.0,0.165,0.17,0.169,0.166,0.165,0.125,0.131,0.097,0.033,4.32,44.837,46.343,1385193000.0
22.22,2.0,0.165,0.17,0.169,0.166,0.165,0.125,0.131,0.097,0.033,4.32,44.832,46.339,1385816000.0
22.23,2.0,0.165,0.17,0.169,0.166,0.165,0.125,0.131,0.097,0.033,4.32,44.828,46.335,1386440000.0
22.24,2.0,0.165,0.17,0.169,0.166,0.165,0.125,0.131,0.097,0.033,4.32,44.823,46.331,1387064000.0
22.25,2.0,0.165,0.17,0.169,0.166,0.165,0.125,0.131,0.097,0.033,4.32,44.818,46.326,1387688000.0
22.26,2.0,0.165,0.17,0.169,0.166,0.165,0.125,0.13,0.097,0.033,4.31,44.814,46.322,1388311000.0
22.27,2.0,0.165,0.17,0.169,0.166,0.165,0.125,0.13,0.097,0.033,4.31,44.809,46.318,1388935000.0
22.28,2.0,0.165,0.17,0.169,0.166,0.165,0.125,0.13,0.097,0.033,4.31,44.804,46.314,1389559000.0
22.29,2.0,0.165,0.17,0.169,0.166,0.165,0.125,0.13,0.097,0.033,4.31,44.8,46.31,1390182000.0
22.3,2.0,0.165,0.17,0.169,0.166,0.165,0.125,0.13,0.097,0.033,4.31,44.795,46.306,1390806000.0
22.31,2.0,0.165,0.17,0.169,0.166,0.165,0.125,0.13,0.097,0.033,4.31,44.791,46.301,1391430000.0
22.32,2.0,0.165,0.17,0.169,0.166,0.165,0.125,0.13,0.097,0.033,4.31,44.786,46.297,1392053000.0
22.33,2.0,0.165,0.17,0.169,0.166,0.165,0.124,0.13,0.097,0.033,4.31,44.781,46.293,1392677000.0
22.34,2.0,0.165,0.17,0.169,0.166,0.165,0.124,0.13,0.097,0.033,4.31,44.777,46.289,1393301000.0
22.35,2.0,0.165,0.17,0.169,0.166,0.165,0.124,0.13,0.097,0.033,4.31,44.772,46.285,1393924000.0
22.36,2.0,0.165,0.17,0.169,0.166,0.165,0.124,0.13,0.097,0.033,4.31,44.768,46.281,1394548000.0
22.37,2.0,0.165,0.17,0.169,0.166,0.165,0.124,0.13,0.097,0.033,4.31,44.763,46.276,1395172000.0
22.38,2.0,0.165,0.17,0.169,0.166,0.165,0.124,0.13,0.097,0.033,4.31,44.758,46.272,1395795000.0
22.39,2.0,0.165,0.17,0.169,0.166,0.165,0.124,0.13,0.097,0.033,4.31,44.754,46.268,1396419000.0
22.4,2.0,0.165,0.17,0.169,0.166,0.165,0.124,0.13,0.097,0.033,4.31,44.749,46.264,1397043000.0
22.41,2.0,0.165,0.17,0.169,0.166,0.165,0.124,0.13,0.097,0.033,4.3,44.745,46.26,1397666000.0
22.42,2.0,0.165,0.17,0.169,0.166,0.165,0.124,0.13,0.097,0.033,4.3,44.74,46.256,1398290000.0
22.43,2.0,0.165,0.17,0.169,0.166,0.165,0.124,0.13,0.097,0.033,4.3,44.735,46.252,1398914000.0
22.44,2.0,0.165,0.17,0.169,0.166,0.165,0.124,0.13,0.097,0.033,4.3,44.731,46.247,1399538000.0
22.45,2.0,0.165,0.17,0.169,0.166,0.165,0.124,0.13,0.097,0.033,4.3,44.726,46.243,1400161000.0
22.46,2.0,0.165,0.17,0.169,0.166,0.165,0.124,0.13,0.097,0.033,4.3,44.722,46.239,1400785000.0
22.47,2.0,0.165,0.17,0.169,0.166,0.165,0.124,0.13,0.097,0.033,4.3,44.717,46.235,1401409000.0
22.48,2.0,0.165,0.17,0.169,0.166,0.165,0.124,0.13,0.097,0.033,4.3,44.713,46.231,1402032000.0
22.49,2.0,0.165,0.17,0.169,0.166,0.165,0.124,0.13,0.097,0.033,4.3,44.708,46.227,1402656000.0
22.5,2.0,0.165,0.17,0.169,0.166,0.165,0.124,0.13,0.097,0.033,4.3,44.703,46.223,1403279000.0
22.51,2.0,0.165,0.17,0.169,0.166,0.165,0.124,0.13,0.097,0.033,4.3,44.699,46.219,1403903000.0
22.52,2.0,0.165,0.17,0.169,0.166,0.165,0.124,0.13,0.097,0.033,4.3,44.694,46.214,1404527000.0
22.53,2.0,0.165,0.17,0.169,0.166,0.165,0.124,0.13,0.097,0.033,4.3,44.69,46.21,1405151000.0
22.54,2.0,0.165,0.17,0.169,0.166,0.165,0.124,0.13,0.097,0.033,4.3,44.685,46.206,1405774000.0
22.55,2.0,0.165,0.17,0.169,0.166,0.165,0.124,0.13,0.097,0.033,4.29,44.681,46.202,1406398000.0
22.56,2.0,0.165,0.17,0.169,0.166,0.165,0.124,0.13,0.097,0.033,4.29,44.676,46.198,1407022000.0
22.57,2.0,0.165,0.17,0.169,0.166,0.165,0.124,0.13,0.097,0.033,4.29,44.672,46.194,1407645000.0
22.58,2.0,0.165,0.17,0.169,0.166,0.165,0.124,0.13,0.097,0.033,4.29,44.667,46.19,1408269000.0
22.59,2.0,0.165,0.17,0.169,0.166,0.165,0.124,0.13,0.097,0.033,4.29,44.663,46.186,1408893000.0
22.6,2.0,0.165,0.17,0.169,0.166,0.165,0.124,0.13,0.097,0.033,4.29,44.658,46.181,1409516000.0
22.61,2.0,0.165,0.17,0.169,0.166,0.165,0.124,0.13,0.097,0.033,4.29,44.653,46.177,1410140000.0
22.62,2.0,0.165,0.17,0.169,0.166,0.165,0.124,0.13,0.097,0.033,4.29,44.649,46.173,1410764000.0
22.63,2.0,0.165,0.17,0.169,0.166,0.165,0.124,0.13,0.097,0.033,4.29,44.644,46.169,1411387000.0
22.64,2.0,0.165,0.17,0.169,0.166,0.165,0.124,0.13,0.096,0.033,4.29,44.64,46.165,1412011000.0
22.65,2.0,0.165,0.17,0.169,0.166,0.165,0.124,0.13,0.096,0.033,4.29,44.635,46.161,1412635000.0
22.66,2.0,0.165,0.17,0.169,0.166,0.165,0.124,0.13,0.096,0.033,4.29,44.631,46.157,1413258000.0
22.67,2.0,0.165,0.17,0.169,0.166,0.165,0.124,0.13,0.096,0.033,4.29,44.626,46.153,1413882000.0
22.68,2.0,0.165,0.17,0.169,0.166,0.165,0.124,0.13,0.096,0.033,4.29,44.622,46.149,1414506000.0
22.69,2.0,0.165,0.17,0.169,0.166,0.165,0.124,0.13,0.096,0.033,4.28,44.617,46.145,1415129000.0
22.7,2.0,0.165,0.17,0.169,0.166,0.165,0.124,0.13,0.096,0.033,4.28,44.613,46.14,1415753000.0
22.71,2.0,0.165,0.17,0.169,0.166,0.165,0.124,0.13,0.096,0.033,4.28,44.608,46.136,1416377000.0
22.72,2.0,0.165,0.17,0.169,0.166,0.165,0.124,0.13,0.096,0.033,4.28,44.604,46.132,1417000000.0
22.73,2.0,0.165,0.17,0.169,0.166,0.165,0.124,0.13,0.096,0.033,4.28,44.599,46.128,1417624000.0
22.74,2.0,0.165,0.17,0.169,0.166,0.165,0.124,0.13,0.096,0.033,4.28,44.595,46.124,1418248000.0
22.75,2.0,0.165,0.17,0.169,0.166,0.165,0.124,0.13,0.096,0.033,4.28,44.59,46.12,1418872000.0
22.76,2.0,0.165,0.17,0.169,0.166,0.165,0.124,0.13,0.096,0.033,4.28,44.586,46.116,1419495000.0
22.77,2.0,0.165,0.17,0.169,0.166,0.165,0.124,0.13,0.096,0.033,4.28,44.581,46.112,1420119000.0
22.78,2.0,0.165,0.17,0.169,0.166,0.165,0.124,0.13,0.096,0.033,4.28,44.577,46.108,1420743000.0
22.79,2.0,0.165,0.17,0.169,0.166,0.165,0.124,0.129,0.096,0.033,4.28,44.572,46.104,1421366000.0
22.8,2.0,0.165,0.17,0.169,0.166,0.165,0.124,0.129,0.096,0.033,4.28,44.568,46.1,1421990000.0
22.81,2.0,0.165,0.17,0.169,0.166,0.165,0.124,0.129,0.096,0.033,4.28,44.564,46.096,1422614000.0
22.82,2.0,0.165,0.17,0.169,0.166,0.165,0.124,0.129,0.096,0.033,4.28,44.559,46.091,1423237000.0
22.83,2.0,0.165,0.17,0.169,0.166,0.165,0.124,0.129,0.096,0.033,4.27,44.555,46.087,1423861000.0
22.84,2.0,0.165,0.17,0.169,0.165,0.165,0.124,0.129,0.096,0.033,4.27,44.55,46.083,1424485000.0
22.85,2.0,0.165,0.17,0.169,0.165,0.165,0.124,0.129,0.096,0.033,4.27,44.546,46.079,1425108000.0
22.86,2.0,0.165,0.17,0.169,0.165,0.165,0.124,0.129,0.096,0.033,4.27,44.541,46.075,1425732000.0
22.87,2.0,0.165,0.17,0.169,0.165,0.165,0.123,0.129,0.096,0.033,4.27,44.537,46.071,1426356000.0
22.88,2.0,0.165,0.17,0.169,0.165,0.165,0.123,0.129,0.096,0.033,4.27,44.532,46.067,1426979000.0
22.89,2.0,0.165,0.17,0.169,0.165,0.165,0.123,0.129,0.096,0.033,4.27,44.528,46.063,1427603000.0
22.9,2.0,0.165,0.17,0.169,0.165,0.165,0.123,0.129,0.096,0.033,4.27,44.523,46.059,1428227000.0
22.91,2.0,0.165,0.17,0.169,0.165,0.165,0.123,0.129,0.096,0.033,4.27,44.519,46.055,1428850000.0
22.92,2.0,0.165,0.17,0.169,0.165,0.165,0.123,0.129,0.096,0.033,4.27,44.515,46.051,1429474000.0
22.93,2.0,0.165,0.17,0.169,0.165,0.165,0.123,0.129,0.096,0.033,4.27,44.5,46.047,1430098000.0
22.94,2.0,0.165,0.17,0.169,0.165,0.165,0.123,0.129,0.096,0.033,4.27,44.495,46.053,1430722000.0
22.95,2.0,0.165,0.17,0.169,0.165,0.165,0.123,0.129,0.096,0.033,4.27,44.49,46.049,1431345000.0
22.96,2.0,0.165,0.17,0.169,0.165,0.165,0.123,0.129,0.096,0.033,4.27,44.485,46.045,1431969000.0
22.97,2.0,0.165,0.17,0.169,0.165,0.165,0.123,0.129,0.096,0.033,4.27,44.48,46.042,1432593000.0
22.98,2.0,0.165,0.17,0.169,0.165,0.165,0.123,0.129,0.096,0.033,4.27,44.475,46.038,1433216000.0
22.99,2.0,0.165,0.17,0.169,0.165,0.165,0.123,0.129,0.096,0.033,4.27,44.47,46.034,1433840000.0
23.0,2.0,0.165,0.17,0.169,0.165,0.165,0.123,0.129,0.096,0.033,4.27,44.465,46.031,1434463000.0
23.01,2.0,0.165,0.17,0.169,0.165,0.165,0.123,0.129,0.096,0.033,4.27,44.46,46.027,1435087000.0
23.02,2.0,0.165,0.17,0.169,0.165,0.165,0.123,0.129,0.096,0.033,4.27,44.455,46.024,1435711000.0
23.03,2.0,0.165,0.17,0.169,0.165,0.165,0.123,0.129,0.096,0.033,4.27,44.45,46.02,1436335000.0
23.04,2.0,0.165,0.17,0.169,0.165,0.165,0.123,0.129,0.096,0.033,4.27,44.445,46.016,1436958000.0
23.05,2.0,0.165,0.17,0.169,0.165,0.165,0.123,0.129,0.096,0.033,4.27,44.44,46.013,1437582000.0
23.06,2.0,0.165,0.17,0.169,0.165,0.165,0.123,0.129,0.096,0.033,4.27,44.435,46.009,1438206000.0
23.07,2.0,0.165,0.17,0.169,0.165,0.165,0.123,0.129,0.096,0.033,4.26,44.43,46.005,1438829000.0
23.08,2.0,0.165,0.17,0.169,0.165,0.165,0.123,0.129,0.096,0.033,4.26,44.425,46.002,1439453000.0
23.09,2.0,0.165,0.17,0.169,0.165,0.165,0.123,0.129,0.096,0.033,4.26,44.42,45.998,1440077000.0
23.1,2.0,0.165,0.17,0.169,0.165,0.165,0.123,0.129,0.096,0.033,4.26,44.415,45.995,1440700000.0
23.11,2.0,0.165,0.17,0.169,0.165,0.165,0.123,0.129,0.096,0.033,4.26,44.41,45.991,1441324000.0
23.12,2.0,0.165,0.17,0.169,0.165,0.165,0.123,0.129,0.096,0.033,4.26,44.405,45.987,1441948000.0
23.13,2.0,0.165,0.17,0.169,0.165,0.165,0.123,0.129,0.096,0.033,4.26,44.4,45.984,1442571000.0
23.14,2.0,0.165,0.17,0.169,0.165,0.165,0.123,0.129,0.096,0.033,4.26,44.395,45.98,1443195000.0
23.15,2.0,0.165,0.17,0.169,0.165,0.165,0.123,0.129,0.096,0.033,4.26,44.39,45.977,1443819000.0
23.16,2.0,0.165,0.17,0.169,0.165,0.165,0.123,0.129,0.096,0.033,4.26,44.385,45.973,1444442000.0
23.17,2.0,0.165,0.17,0.169,0.165,0.165,0.123,0.129,0.096,0.033,4.26,44.38,45.969,1445066000.0
23.18,2.0,0.165,0.17,0.169,0.165,0.165,0.123,0.128,0.096,0.033,4.26,44.375,45.966,1445690000.0
23.19,2.0,0.165,0.17,0.169,0.165,0.165,0.123,0.128,0.095,0.033,4.26,44.37,45.962,1446313000.0
23.2,2.0,0.165,0.17,0.169,0.165,0.165,0.123,0.128,0.095,0.033,4.26,44.365,45.959,1446937000.0
23.21,2.0,0.165,0.17,0.169,0.165,0.165,0.123,0.128,0.095,0.033,4.26,44.36,45.955,1447561000.0
23.22,2.0,0.165,0.17,0.169,0.165,0.165,0.123,0.128,0.095,0.033,4.26,44.355,45.951,1448184000.0
23.23,2.0,0.165,0.17,0.169,0.165,0.165,0.123,0.128,0.095,0.033,4.26,44.35,45.948,1448808000.0
23.24,2.0,0.165,0.17,0.169,0.165,0.165,0.123,0.128,0.095,0.033,4.26,44.345,45.944,1449432000.0
23.25,2.0,0.165,0.17,0.169,0.165,0.165,0.122,0.128,0.095,0.033,4.26,44.34,45.941,1450056000.0
23.26,2.0,0.165,0.17,0.169,0.165,0.165,0.122,0.128,0.095,0.033,4.26,44.335,45.937,1450679000.0
23.27,2.0,0.165,0.17,0.169,0.165,0.165,0.122,0.128,0.095,0.033,4.25,44.33,45.933,1451303000.0
23.28,2.0,0.165,0.17,0.169,0.165,0.165,0.122,0.128,0.095,0.033,4.25,44.325,45.93,1451927000.0
23.29,2.0,0.165,0.17,0.169,0.165,0.165,0.122,0.128,0.095,0.033,4.25,44.32,45.926,1452550000.0
23.3,2.0,0.165,0.17,0.169,0.165,0.165,0.122,0.128,0.095,0.033,4.25,44.315,45.923,1453174000.0
23.31,2.0,0.165,0.17,0.169,0.165,0.165,0.122,0.128,0.095,0.033,4.25,44.31,45.919,1453798000.0
23.32,2.0,0.165,0.17,0.169,0.165,0.165,0.122,0.128,0.095,0.033,4.25,44.305,45.916,1454421000.0
23.33,2.0,0.165,0.17,0.169,0.165,0.165,0.122,0.128,0.095,0.033,4.25,44.3,45.912,1455045000.0
23.34,2.0,0.165,0.17,0.169,0.165,0.165,0.122,0.128,0.095,0.033,4.25,44.295,45.909,1455669000.0
23.35,2.0,0.165,0.17,0.169,0.165,0.165,0.122,0.128,0.095,0.033,4.25,44.29,45.905,1456292000.0
23.36,2.0,0.165,0.17,0.169,0.165,0.165,0.122,0.128,0.095,0.033,4.25,44.285,45.901,1456916000.0
23.37,2.0,0.165,0.17,0.169,0.165,0.165,0.122,0.128,0.095,0.033,4.25,44.281,45.898,1457540000.0
23.38,2.0,0.165,0.17,0.169,0.165,0.165,0.122,0.128,0.095,0.033,4.25,44.276,45.894,1458163000.0
23.39,2.0,0.165,0.17,0.169,0.165,0.165,0.122,0.128,0.095,0.033,4.25,44.271,45.891,1458787000.0
23.4,2.0,0.165,0.17,0.169,0.165,0.165,0.122,0.128,0.095,0.033,4.25,44.266,45.887,1459411000.0
23.41,2.0,0.165,0.17,0.169,0.165,0.165,0.122,0.128,0.095,0.033,4.25,44.261,45.884,1460034000.0
23.42,2.0,0.165,0.17,0.169,0.165,0.165,0.122,0.128,0.095,0.033,4.25,44.256,45.88,1460658000.0
23.43,2.0,0.165,0.17,0.169,0.165,0.165,0.122,0.128,0.095,0.033,4.25,44.251,45.877,1461282000.0
23.44,2.0,0.165,0.17,0.169,0.165,0.165,0.122,0.128,0.095,0.033,4.25,44.246,45.873,1461906000.0
23.45,2.0,0.165,0.17,0.169,0.165,0.165,0.122,0.128,0.095,0.033,4.25,44.241,45.87,1462529000.0
23.46,2.0,0.165,0.17,0.169,0.165,0.165,0.122,0.128,0.095,0.033,4.25,44.236,45.866,1463153000.0
23.47,2.0,0.165,0.17,0.169,0.165,0.165,0.122,0.128,0.095,0.033,4.24,44.231,45.862,1463776000.0
23.48,2.0,0.165,0.17,0.169,0.165,0.165,0.122,0.128,0.095,0.033,4.24,44.226,45.859,1464400000.0
23.49,2.0,0.165,0.17,0.169,0.165,0.165,0.122,0.128,0.095,0.033,4.24,44.221,45.855,1465024000.0
23.5,2.0,0.165,0.17,0.169,0.165,0.165,0.122,0.128,0.095,0.033,4.24,44.216,45.852,1465647000.0
23.51,2.0,0.165,0.17,0.169,0.165,0.165,0.122,0.128,0.095,0.033,4.24,44.212,45.848,1466271000.0
23.52,2.0,0.165,0.17,0.169,0.165,0.165,0.122,0.128,0.095,0.033,4.24,44.207,45.845,1466895000.0
23.53,2.0,0.165,0.17,0.169,0.165,0.165,0.122,0.128,0.095,0.033,4.24,44.202,45.841,1467519000.0
23.54,2.0,0.165,0.17,0.169,0.165,0.165,0.122,0.128,0.095,0.033,4.24,44.197,45.838,1468142000.0
23.55,2.0,0.165,0.17,0.169,0.165,0.165,0.122,0.128,0.095,0.033,4.24,44.192,45.834,1468766000.0
23.56,2.0,0.165,0.17,0.169,0.165,0.165,0.122,0.128,0.095,0.033,4.24,44.187,45.831,1469390000.0
23.57,2.0,0.165,0.17,0.169,0.165,0.165,0.122,0.128,0.095,0.033,4.24,44.182,45.827,1470013000.0
23.58,2.0,0.165,0.17,0.169,0.165,0.165,0.122,0.128,0.095,0.033,4.24,44.177,45.824,1470637000.0
23.59,2.0,0.165,0.17,0.169,0.165,0.165,0.122,0.128,0.095,0.033,4.24,44.172,45.82,1471261000.0
23.6,2.0,0.165,0.17,0.169,0.165,0.165,0.122,0.127,0.095,0.033,4.24,44.167,45.817,1471884000.0
23.61,2.0,0.165,0.17,0.169,0.165,0.165,0.122,0.127,0.095,0.033,4.24,44.163,45.813,1472508000.0
23.62,2.0,0.165,0.17,0.169,0.165,0.165,0.122,0.127,0.095,0.033,4.24,44.158,45.81,1473132000.0
23.63,2.0,0.165,0.17,0.169,0.165,0.165,0.122,0.127,0.095,0.033,4.24,44.153,45.806,1473755000.0
23.64,2.0,0.165,0.17,0.169,0.165,0.165,0.122,0.127,0.095,0.033,4.24,44.148,45.803,1474379000.0
23.65,2.0,0.165,0.17,0.169,0.165,0.165,0.122,0.127,0.095,0.033,4.24,44.143,45.799,1475003000.0
23.66,2.0,0.165,0.17,0.169,0.165,0.165,0.121,0.127,0.095,0.033,4.24,44.138,45.796,1475626000.0
23.67,2.0,0.165,0.17,0.169,0.165,0.165,0.121,0.127,0.095,0.033,4.23,44.133,45.792,1476250000.0
23.68,2.0,0.165,0.17,0.169,0.165,0.165,0.121,0.127,0.095,0.033,4.23,44.129,45.789,1476874000.0
23.69,2.0,0.165,0.17,0.169,0.165,0.165,0.121,0.127,0.095,0.033,4.23,44.124,45.785,1477497000.0
23.7,2.0,0.165,0.17,0.169,0.165,0.165,0.121,0.127,0.095,0.033,4.23,44.119,45.782,1478121000.0
23.71,2.0,0.165,0.17,0.169,0.165,0.165,0.121,0.127,0.095,0.033,4.23,44.114,45.779,1478745000.0
23.72,2.0,0.165,0.17,0.169,0.165,0.165,0.121,0.127,0.095,0.033,4.23,44.109,45.775,1479368000.0
23.73,2.0,0.165,0.17,0.169,0.165,0.165,0.121,0.127,0.095,0.033,4.23,44.104,45.772,1479992000.0
23.74,2.0,0.165,0.17,0.169,0.165,0.165,0.121,0.127,0.095,0.033,4.23,44.099,45.768,1480616000.0
23.75,2.0,0.165,0.17,0.169,0.165,0.165,0.121,0.127,0.095,0.033,4.23,44.095,45.765,1481240000.0
23.76,2.0,0.165,0.17,0.169,0.165,0.165,0.121,0.127,0.094,0.033,4.23,44.09,45.761,1481863000.0
23.77,2.0,0.165,0.17,0.169,0.165,0.165,0.121,0.127,0.094,0.033,4.23,44.085,45.758,1482487000.0
23.78,2.0,0.165,0.17,0.169,0.165,0.165,0.121,0.127,0.094,0.033,4.23,44.08,45.754,1483111000.0
23.79,2.0,0.165,0.17,0.169,0.165,0.165,0.121,0.127,0.094,0.033,4.23,44.075,45.751,1483734000.0
23.8,2.0,0.165,0.17,0.169,0.165,0.165,0.121,0.127,0.094,0.033,4.23,44.07,45.747,1484358000.0
23.81,2.0,0.165,0.17,0.169,0.165,0.165,0.121,0.127,0.094,0.033,4.23,44.065,45.744,1484982000.0
23.82,2.0,0.165,0.17,0.169,0.165,0.165,0.121,0.127,0.094,0.033,4.23,44.061,45.741,1485605000.0
23.83,2.0,0.165,0.17,0.169,0.165,0.165,0.121,0.127,0.094,0.033,4.23,44.056,45.737,1486229000.0
23.84,2.0,0.165,0.17,0.169,0.165,0.165,0.121,0.127,0.094,0.033,4.23,44.051,45.734,1486853000.0
23.85,2.0,0.165,0.17,0.169,0.165,0.165,0.121,0.127,0.094,0.033,4.23,44.046,45.73,1487476000.0
23.86,2.0,0.165,0.17,0.169,0.165,0.165,0.121,0.127,0.094,0.033,4.23,44.041,45.727,1488100000.0
23.87,2.0,0.165,0.17,0.169,0.165,0.165,0.121,0.127,0.094,0.033,4.22,44.037,45.723,1488724000.0
23.88,2.0,0.165,0.17,0.169,0.165,0.165,0.121,0.127,0.094,0.033,4.22,44.032,45.72,1489347000.0
23.89,2.0,0.165,0.17,0.169,0.165,0.165,0.121,0.127,0.094,0.033,4.22,44.027,45.716,1489971000.0
23.9,2.0,0.165,0.17,0.169,0.165,0.165,0.121,0.127,0.094,0.033,4.22,44.022,45.713,1490595000.0
23.91,2.0,0.165,0.17,0.169,0.165,0.165,0.121,0.127,0.094,0.033,4.22,44.017,45.71,1491218000.0
23.92,2.0,0.165,0.17,0.169,0.165,0.165,0.121,0.127,0.094,0.033,4.22,44.012,45.706,1491842000.0
23.93,2.0,0.165,0.17,0.169,0.165,0.165,0.121,0.127,0.094,0.033,4.22,44.008,45.703,1492466000.0
23.94,2.0,0.165,0.17,0.169,0.165,0.165,0.121,0.127,0.094,0.032,4.22,44.003,45.699,1493090000.0
23.95,2.0,0.165,0.17,0.169,0.165,0.165,0.121,0.127,0.094,0.032,4.22,43.998,45.696,1493713000.0
23.96,2.0,0.165,0.17,0.169,0.165,0.165,0.121,0.127,0.094,0.032,4.22,43.993,45.692,1494337000.0
23.97,2.0,0.165,0.17,0.169,0.165,0.165,0.121,0.127,0.094,0.032,4.22,43.988,45.689,1494960000.0
23.98,2.0,0.165,0.17,0.169,0.165,0.165,0.121,0.127,0.094,0.032,4.22,43.984,45.686,1495584000.0
23.99,2.0,0.165,0.17,0.169,0.165,0.165,0.121,0.127,0.094,0.032,4.22,43.979,45.682,1496208000.0
24.0,2.0,0.165,0.17,0.169,0.165,0.165,0.121,0.127,0.094,0.032,4.22,43.974,45.679,1496831000.0
24.01,2.0,0.165,0.17,0.169,0.165,0.165,0.121,0.127,0.094,0.032,4.22,43.969,45.675,1497455000.0
24.02,2.0,0.165,0.17,0.169,0.165,0.165,0.121,0.127,0.094,0.032,4.22,43.965,45.672,1498079000.0
24.03,2.0,0.165,0.17,0.169,0.165,0.165,0.121,0.126,0.094,0.032,4.22,43.96,45.669,1498703000.0
24.04,2.0,0.165,0.17,0.169,0.165,0.165,0.121,0.126,0.094,0.032,4.22,43.955,45.665,1499326000.0
24.05,2.0,0.165,0.17,0.169,0.165,0.165,0.121,0.126,0.094,0.032,4.22,43.95,45.662,1499950000.0
24.06,2.0,0.165,0.17,0.169,0.165,0.165,0.121,0.126,0.094,0.032,4.22,43.945,45.658,1500574000.0
24.07,2.0,0.165,0.17,0.169,0.165,0.165,0.121,0.126,0.094,0.032,4.22,43.941,45.655,1501197000.0
24.08,2.0,0.165,0.17,0.169,0.165,0.165,0.121,0.126,0.094,0.032,4.21,43.936,45.652,1501821000.0
24.09,2.0,0.165,0.17,0.169,0.165,0.165,0.121,0.126,0.094,0.032,4.21,43.931,45.648,1502445000.0
24.1,2.0,0.165,0.17,0.169,0.165,0.165,0.12,0.126,0.094,0.032,4.21,43.926,45.645,1503068000.0
24.11,2.0,0.165,0.17,0.169,0.165,0.165,0.12,0.126,0.094,0.032,4.21,43.922,45.642,1503692000.0
24.12,2.0,0.165,0.17,0.169,0.165,0.165,0.12,0.126,0.094,0.032,4.21,43.917,45.638,1504316000.0
24.13,2.0,0.165,0.17,0.169,0.165,0.165,0.12,0.126,0.094,0.032,4.21,43.912,45.635,1504939000.0
24.14,2.0,0.165,0.17,0.169,0.165,0.165,0.12,0.126,0.094,0.032,4.21,43.907,45.631,1505563000.0
24.15,2.0,0.165,0.17,0.169,0.165,0.165,0.12,0.126,0.094,0.032,4.21,43.903,45.628,1506187000.0
24.16,2.0,0.165,0.17,0.169,0.165,0.165,0.12,0.126,0.094,0.032,4.21,43.898,45.625,1506810000.0
24.17,2.0,0.165,0.17,0.169,0.165,0.165,0.12,0.126,0.094,0.032,4.21,43.893,45.621,1507434000.0
24.18,2.0,0.165,0.17,0.169,0.165,0.165,0.12,0.126,0.094,0.032,4.21,43.888,45.618,1508058000.0
24.19,2.0,0.165,0.17,0.169,0.165,0.165,0.12,0.126,0.094,0.032,4.21,43.884,45.615,1508681000.0
24.2,2.0,0.165,0.17,0.169,0.165,0.165,0.12,0.126,0.094,0.032,4.21,43.879,45.611,1509305000.0
24.21,2.0,0.165,0.17,0.169,0.165,0.165,0.12,0.126,0.094,0.032,4.21,43.874,45.608,1509929000.0
24.22,2.0,0.165,0.17,0.169,0.165,0.165,0.12,0.126,0.094,0.032,4.21,43.869,45.604,1510552000.0
24.23,2.0,0.165,0.17,0.169,0.165,0.165,0.12,0.126,0.094,0.032,4.21,43.865,45.601,1511176000.0
24.24,2.0,0.165,0.17,0.169,0.165,0.165,0.12,0.126,0.094,0.032,4.21,43.86,45.598,1511800000.0
24.25,2.0,0.165,0.17,0.169,0.165,0.165,0.12,0.126,0.094,0.032,4.21,43.855,45.594,1512424000.0
24.26,2.0,0.165,0.17,0.169,0.165,0.165,0.12,0.126,0.094,0.032,4.21,43.85,45.591,1513047000.0
24.27,2.0,0.165,0.17,0.169,0.165,0.165,0.12,0.126,0.094,0.032,4.21,43.846,45.588,1513671000.0
24.28,2.0,0.165,0.17,0.169,0.165,0.165,0.12,0.126,0.094,0.032,4.21,43.841,45.584,1514295000.0
24.29,2.0,0.165,0.17,0.169,0.165,0.165,0.12,0.126,0.094,0.032,4.2,43.836,45.581,1514918000.0
24.3,2.0,0.165,0.17,0.169,0.165,0.165,0.12,0.126,0.094,0.032,4.2,43.832,45.578,1515542000.0
24.31,2.0,0.165,0.169,0.169,0.165,0.165,0.12,0.126,0.094,0.032,4.2,43.827,45.574,1516166000.0
24.32,2.0,0.165,0.169,0.169,0.165,0.165,0.12,0.126,0.094,0.032,4.2,43.822,45.571,1516789000.0
24.33,2.0,0.165,0.169,0.169,0.165,0.165,0.12,0.126,0.094,0.032,4.2,43.817,45.568,1517413000.0
24.34,2.0,0.165,0.169,0.169,0.165,0.165,0.12,0.126,0.094,0.032,4.2,43.813,45.564,1518037000.0
24.35,2.0,0.165,0.169,0.169,0.165,0.165,0.12,0.126,0.094,0.032,4.2,43.808,45.561,1518660000.0
24.36,2.0,0.165,0.169,0.169,0.165,0.165,0.12,0.126,0.093,0.032,4.2,43.803,45.558,1519284000.0
24.37,2.0,0.165,0.169,0.169,0.165,0.165,0.12,0.126,0.093,0.032,4.2,43.799,45.554,1519908000.0
24.38,2.0,0.165,0.169,0.169,0.165,0.165,0.12,0.126,0.093,0.032,4.2,43.794,45.551,1520531000.0
24.39,2.0,0.165,0.169,0.169,0.165,0.165,0.12,0.126,0.093,0.032,4.2,43.789,45.548,1521155000.0
24.4,2.0,0.165,0.169,0.169,0.165,0.165,0.12,0.126,0.093,0.032,4.2,43.785,45.544,1521779000.0
24.41,2.0,0.165,0.169,0.169,0.165,0.165,0.12,0.126,0.093,0.032,4.2,43.78,45.541,1522402000.0
24.42,2.0,0.165,0.169,0.169,0.165,0.165,0.12,0.126,0.093,0.032,4.2,43.775,45.538,1523026000.0
24.43,2.0,0.165,0.169,0.169,0.165,0.165,0.12,0.126,0.093,0.032,4.2,43.77,45.534,1523650000.0
24.44,2.0,0.165,0.169,0.169,0.165,0.165,0.12,0.126,0.093,0.032,4.2,43.766,45.531,1524273000.0
24.45,2.0,0.165,0.169,0.169,0.165,0.165,0.12,0.126,0.093,0.032,4.2,43.761,45.528,1524897000.0
24.46,2.0,0.165,0.169,0.169,0.165,0.165,0.12,0.126,0.093,0.032,4.2,43.756,45.524,1525521000.0
24.47,2.0,0.165,0.169,0.169,0.165,0.165,0.12,0.125,0.093,0.032,4.2,43.752,45.521,1526144000.0
24.48,2.0,0.165,0.169,0.169,0.165,0.165,0.12,0.125,0.093,0.032,4.2,43.747,45.518,1526768000.0
24.49,2.0,0.165,0.169,0.169,0.165,0.165,0.12,0.125,0.093,0.032,4.2,43.742,45.515,1527392000.0
24.5,2.0,0.165,0.169,0.169,0.165,0.165,0.12,0.125,0.093,0.032,4.2,43.738,45.511,1528015000.0
24.51,2.0,0.165,0.169,0.169,0.165,0.165,0.12,0.125,0.093,0.032,4.19,43.733,45.508,1528639000.0
24.52,2.0,0.165,0.169,0.169,0.165,0.165,0.12,0.125,0.093,0.032,4.19,43.728,45.505,1529263000.0
24.53,2.0,0.165,0.169,0.169,0.165,0.165,0.12,0.125,0.093,0.032,4.19,43.724,45.501,1529887000.0
24.54,2.0,0.165,0.169,0.169,0.165,0.165,0.119,0.125,0.093,0.032,4.19,43.719,45.498,1530510000.0
24.55,2.0,0.165,0.169,0.169,0.165,0.165,0.119,0.125,0.093,0.032,4.19,43.714,45.495,1531134000.0
24.56,2.0,0.165,0.169,0.169,0.165,0.165,0.119,0.125,0.093,0.032,4.19,43.71,45.492,1531758000.0
24.57,2.0,0.165,0.169,0.169,0.165,0.165,0.119,0.125,0.093,0.032,4.19,43.705,45.488,1532381000.0
24.58,2.0,0.165,0.169,0.169,0.165,0.165,0.119,0.125,0.093,0.032,4.19,43.7,45.485,1533005000.0
24.59,2.0,0.165,0.169,0.169,0.165,0.165,0.119,0.125,0.093,0.032,4.19,43.696,45.482,1533629000.0
24.6,2.0,0.165,0.169,0.169,0.165,0.165,0.119,0.125,0.093,0.032,4.19,43.691,45.478,1534252000.0
24.61,2.0,0.165,0.169,0.169,0.165,0.165,0.119,0.125,0.093,0.032,4.19,43.687,45.475,1534876000.0
24.62,2.0,0.165,0.169,0.169,0.165,0.165,0.119,0.125,0.093,0.032,4.19,43.682,45.472,1535500000.0
24.63,2.0,0.165,0.169,0.169,0.165,0.165,0.119,0.125,0.093,0.032,4.19,43.677,45.469,1536123000.0
24.64,2.0,0.165,0.169,0.169,0.165,0.165,0.119,0.125,0.093,0.032,4.19,43.673,45.465,1536747000.0
24.65,2.0,0.165,0.169,0.169,0.165,0.165,0.119,0.125,0.093,0.032,4.19,43.668,45.462,1537371000.0
24.66,2.0,0.165,0.169,0.169,0.165,0.165,0.119,0.125,0.093,0.032,4.19,43.663,45.459,1537994000.0
24.67,2.0,0.165,0.169,0.169,0.165,0.165,0.119,0.125,0.093,0.032,4.19,43.659,45.456,1538618000.0
24.68,2.0,0.165,0.169,0.169,0.165,0.165,0.119,0.125,0.093,0.032,4.19,43.654,45.452,1539242000.0
24.69,2.0,0.165,0.169,0.169,0.165,0.165,0.119,0.125,0.093,0.032,4.19,43.649,45.449,1539865000.0
24.7,2.0,0.165,0.169,0.169,0.165,0.165,0.119,0.125,0.093,0.032,4.19,43.645,45.446,1540489000.0
24.71,2.0,0.165,0.169,0.169,0.165,0.165,0.119,0.125,0.093,0.032,4.19,43.64,45.442,1541113000.0
24.72,2.0,0.165,0.169,0.169,0.165,0.165,0.119,0.125,0.093,0.032,4.19,43.636,45.439,1541736000.0
24.73,2.0,0.165,0.169,0.169,0.165,0.165,0.119,0.125,0.093,0.032,4.18,43.631,45.436,1542360000.0
24.74,2.0,0.165,0.169,0.169,0.165,0.165,0.119,0.125,0.093,0.032,4.18,43.626,45.433,1542984000.0
24.75,2.0,0.165,0.169,0.169,0.165,0.165,0.119,0.125,0.093,0.032,4.18,43.622,45.429,1543608000.0
24.76,2.0,0.165,0.169,0.169,0.165,0.165,0.119,0.125,0.093,0.032,4.18,43.617,45.426,1544231000.0
24.77,2.0,0.165,0.169,0.169,0.165,0.165,0.119,0.125,0.093,0.032,4.18,43.613,45.423,1544855000.0
24.78,2.0,0.165,0.169,0.169,0.165,0.165,0.119,0.125,0.093,0.032,4.18,43.608,45.42,1545479000.0
24.79,2.0,0.165,0.169,0.169,0.165,0.165,0.119,0.125,0.093,0.032,4.18,43.603,45.417,1546102000.0
24.8,2.0,0.165,0.169,0.169,0.165,0.165,0.119,0.125,0.093,0.032,4.18,43.599,45.413,1546726000.0
24.81,2.0,0.165,0.169,0.169,0.165,0.165,0.119,0.125,0.093,0.032,4.18,43.594,45.41,1547350000.0
24.82,2.0,0.165,0.169,0.169,0.165,0.165,0.119,0.125,0.093,0.032,4.18,43.59,45.407,1547973000.0
24.83,2.0,0.165,0.169,0.169,0.165,0.165,0.119,0.125,0.093,0.032,4.18,43.585,45.404,1548597000.0
24.84,2.0,0.165,0.169,0.169,0.165,0.165,0.119,0.125,0.093,0.032,4.18,43.58,45.4,1549221000.0
24.85,2.0,0.165,0.169,0.169,0.165,0.165,0.119,0.125,0.093,0.032,4.18,43.576,45.397,1549844000.0
24.86,2.0,0.165,0.169,0.169,0.165,0.165,0.119,0.125,0.093,0.032,4.18,43.571,45.394,1550468000.0
24.87,2.0,0.165,0.169,0.169,0.165,0.165,0.119,0.125,0.093,0.032,4.18,43.567,45.391,1551092000.0
24.88,2.0,0.165,0.169,0.169,0.165,0.165,0.119,0.125,0.093,0.032,4.18,43.562,45.387,1551715000.0
24.89,2.0,0.165,0.169,0.169,0.165,0.165,0.119,0.125,0.093,0.032,4.18,43.557,45.384,1552339000.0
24.9,2.0,0.165,0.169,0.169,0.165,0.165,0.119,0.125,0.093,0.032,4.18,43.553,45.381,1552963000.0
24.91,2.0,0.165,0.169,0.169,0.165,0.165,0.119,0.125,0.093,0.032,4.18,43.548,45.378,1553586000.0
24.92,2.0,0.165,0.169,0.169,0.165,0.165,0.119,0.125,0.093,0.032,4.18,43.544,45.375,1554210000.0
24.93,2.0,0.165,0.169,0.169,0.165,0.165,0.119,0.124,0.093,0.032,4.18,43.539,45.371,1554834000.0
24.94,2.0,0.165,0.169,0.169,0.165,0.165,0.119,0.124,0.093,0.032,4.18,43.535,45.368,1555457000.0
24.95,2.0,0.165,0.169,0.169,0.165,0.165,0.119,0.124,0.093,0.032,4.17,43.53,45.365,1556081000.0
24.96,2.0,0.165,0.169,0.169,0.165,0.165,0.119,0.124,0.093,0.032,4.17,43.525,45.362,1556705000.0
24.97,2.0,0.165,0.169,0.169,0.165,0.165,0.119,0.124,0.093,0.032,4.17,43.521,45.359,1557328000.0
24.98,2.0,0.165,0.169,0.169,0.165,0.165,0.119,0.124,0.093,0.032,4.17,43.516,45.355,1557952000.0
24.99,2.0,0.165,0.169,0.169,0.165,0.165,0.119,0.124,0.093,0.032,4.17,43.512,45.352,1558576000.0
25.0,2.0,0.165,0.169,0.169,0.165,0.165,0.119,0.124,0.092,0.032,4.17,43.507,45.349,1559199000.0
