Mach,Alpha,CD,CD Power-Off,CD Power-On,CA Power-Off,CA Power-On,CL,CN,CN Potential,CN Viscous,CNalpha (0 to 4 deg) (per rad),CP,CP (0 to 4 deg),Reynolds Number
0.01,0.0,0.396,0.396,0.383,0.396,0.383,0.0,0.0,0.0,0.0,14.9,85.382,82.389,623680.0
0.02,0.0,0.404,0.404,0.391,0.404,0.391,0.0,0.0,0.0,0.0,14.9,85.382,82.389,1247360.0
0.03,0.0,0.395,0.395,0.382,0.395,0.382,0.0,0.0,0.0,0.0,14.9,85.382,82.389,1871039.0
0.04,0.0,0.385,0.385,0.372,0.385,0.372,0.0,0.0,0.0,0.0,14.9,85.382,82.389,2494719.0
0.05,0.0,0.377,0.377,0.364,0.377,0.364,0.0,0.0,0.0,0.0,14.9,85.382,82.389,3118399.0
0.06,0.0,0.374,0.374,0.361,0.374,0.361,0.0,0.0,0.0,0.0,14.9,85.382,82.389,3742079.0
0.07,0.0,0.372,0.372,0.359,0.372,0.359,0.0,0.0,0.0,0.0,14.9,85.382,82.389,4365758.0
0.08,0.0,0.37,0.37,0.357,0.37,0.357,0.0,0.0,0.0,0.0,14.9,85.382,82.389,4989438.0
0.09,0.0,0.368,0.368,0.355,0.368,0.355,0.0,0.0,0.0,0.0,14.9,85.382,82.389,5613118.0
0.1,0.0,0.367,0.367,0.355,0.367,0.355,0.0,0.0,0.0,0.0,14.9,85.382,82.389,6236798.0
0.11,0.0,0.367,0.367,0.355,0.367,0.355,0.0,0.0,0.0,0.0,14.9,85.382,82.389,6860478.0
0.12,0.0,0.367,0.367,0.354,0.367,0.354,0.0,0.0,0.0,0.0,14.9,85.382,82.389,7484158.0
0.13,0.0,0.367,0.367,0.354,0.367,0.354,0.0,0.0,0.0,0.0,14.9,85.382,82.389,8107837.0
0.14,0.0,0.367,0.367,0.354,0.367,0.354,0.0,0.0,0.0,0.0,14.9,85.382,82.389,8731517.0
0.15,0.0,0.367,0.367,0.354,0.367,0.354,0.0,0.0,0.0,0.0,14.9,85.382,82.389,9355197.0
0.16,0.0,0.367,0.367,0.354,0.367,0.354,0.0,0.0,0.0,0.0,14.9,85.382,82.389,9978877.0
0.17,0.0,0.367,0.367,0.354,0.367,0.354,0.0,0.0,0.0,0.0,14.9,85.382,82.389,10602560.0
0.18,0.0,0.367,0.367,0.354,0.367,0.354,0.0,0.0,0.0,0.0,14.9,85.382,82.389,11226240.0
0.19,0.0,0.367,0.367,0.354,0.367,0.354,0.0,0.0,0.0,0.0,14.9,85.382,82.389,11849920.0
0.2,0.0,0.367,0.367,0.354,0.367,0.354,0.0,0.0,0.0,0.0,14.9,85.382,82.389,12473600.0
0.21,0.0,0.367,0.367,0.354,0.367,0.354,0.0,0.0,0.0,0.0,14.9,85.382,82.389,13097280.0
0.22,0.0,0.367,0.367,0.354,0.367,0.354,0.0,0.0,0.0,0.0,14.9,85.382,82.389,13720960.0
0.23,0.0,0.367,0.367,0.354,0.367,0.354,0.0,0.0,0.0,0.0,14.9,85.382,82.389,14344640.0
0.24,0.0,0.367,0.367,0.354,0.367,0.354,0.0,0.0,0.0,0.0,14.9,85.382,82.389,14968320.0
0.25,0.0,0.367,0.367,0.354,0.367,0.354,0.0,0.0,0.0,0.0,14.9,85.382,82.389,15592000.0
0.26,0.0,0.367,0.367,0.354,0.367,0.354,0.0,0.0,0.0,0.0,14.9,85.382,82.389,16215670.0
0.27,0.0,0.367,0.367,0.354,0.367,0.354,0.0,0.0,0.0,0.0,14.9,85.382,82.389,16839360.0
0.28,0.0,0.367,0.367,0.354,0.367,0.354,0.0,0.0,0.0,0.0,14.9,85.382,82.389,17463030.0
0.29,0.0,0.367,0.367,0.354,0.367,0.354,0.0,0.0,0.0,0.0,14.9,85.382,82.389,18086710.0
0.3,0.0,0.367,0.367,0.355,0.367,0.355,0.0,0.0,0.0,0.0,14.9,85.382,82.389,18710390.0
0.31,0.0,0.368,0.368,0.355,0.368,0.355,0.0,0.0,0.0,0.0,14.9,85.382,82.389,19334070.0
0.32,0.0,0.368,0.368,0.355,0.368,0.355,0.0,0.0,0.0,0.0,14.9,85.382,82.389,19957750.0
0.33,0.0,0.368,0.368,0.355,0.368,0.355,0.0,0.0,0.0,0.0,14.9,85.382,82.389,20581430.0
0.34,0.0,0.368,0.368,0.355,0.368,0.355,0.0,0.0,0.0,0.0,14.9,85.382,82.389,21205110.0
0.35,0.0,0.368,0.368,0.355,0.368,0.355,0.0,0.0,0.0,0.0,14.9,85.382,82.389,21828790.0
0.36,0.0,0.368,0.368,0.355,0.368,0.355,0.0,0.0,0.0,0.0,14.9,85.382,82.389,22452470.0
0.37,0.0,0.368,0.368,0.355,0.368,0.355,0.0,0.0,0.0,0.0,14.9,85.382,82.389,23076150.0
0.38,0.0,0.368,0.368,0.355,0.368,0.355,0.0,0.0,0.0,0.0,14.9,85.382,82.389,23699830.0
0.39,0.0,0.368,0.368,0.356,0.368,0.356,0.0,0.0,0.0,0.0,14.9,85.382,82.389,24323510.0
0.4,0.0,0.369,0.369,0.356,0.369,0.356,0.0,0.0,0.0,0.0,14.9,85.382,82.389,24947190.0
0.41,0.0,0.369,0.369,0.356,0.369,0.356,0.0,0.0,0.0,0.0,14.9,85.382,82.389,25570870.0
0.42,0.0,0.369,0.369,0.356,0.369,0.356,0.0,0.0,0.0,0.0,14.9,85.382,82.389,26194550.0
0.43,0.0,0.369,0.369,0.356,0.369,0.356,0.0,0.0,0.0,0.0,14.9,85.382,82.389,26818230.0
0.44,0.0,0.369,0.369,0.356,0.369,0.356,0.0,0.0,0.0,0.0,14.9,85.382,82.389,27441910.0
0.45,0.0,0.369,0.369,0.356,0.369,0.356,0.0,0.0,0.0,0.0,14.9,85.382,82.389,28065590.0
0.46,0.0,0.369,0.369,0.356,0.369,0.356,0.0,0.0,0.0,0.0,14.9,85.382,82.389,28689270.0
0.47,0.0,0.369,0.369,0.356,0.369,0.356,0.0,0.0,0.0,0.0,14.9,85.382,82.389,29312950.0
0.48,0.0,0.369,0.369,0.357,0.369,0.357,0.0,0.0,0.0,0.0,14.9,85.382,82.389,29936630.0
0.49,0.0,0.37,0.37,0.357,0.37,0.357,0.0,0.0,0.0,0.0,14.9,85.382,82.389,30560310.0
0.5,0.0,0.37,0.37,0.357,0.37,0.357,0.0,0.0,0.0,0.0,14.9,85.382,82.389,31183990.0
0.51,0.0,0.37,0.37,0.357,0.37,0.357,0.0,0.0,0.0,0.0,14.9,85.382,82.389,31807670.0
0.52,0.0,0.37,0.37,0.357,0.37,0.357,0.0,0.0,0.0,0.0,14.9,85.382,82.389,32431350.0
0.53,0.0,0.37,0.37,0.357,0.37,0.357,0.0,0.0,0.0,0.0,14.9,85.382,82.389,33055030.0
0.54,0.0,0.37,0.37,0.357,0.37,0.357,0.0,0.0,0.0,0.0,14.9,85.382,82.389,33678710.0
0.55,0.0,0.37,0.37,0.357,0.37,0.357,0.0,0.0,0.0,0.0,14.9,85.382,82.389,34302390.0
0.56,0.0,0.37,0.37,0.357,0.37,0.357,0.0,0.0,0.0,0.0,14.9,85.382,82.389,34926070.0
0.57,0.0,0.37,0.37,0.358,0.37,0.358,0.0,0.0,0.0,0.0,14.9,85.382,82.389,35549750.0
0.58,0.0,0.371,0.371,0.358,0.371,0.358,0.0,0.0,0.0,0.0,14.9,85.382,82.389,36173430.0
0.59,0.0,0.371,0.371,0.358,0.371,0.358,0.0,0.0,0.0,0.0,14.9,85.382,82.389,36797110.0
0.6,0.0,0.371,0.371,0.357,0.371,0.357,0.0,0.0,0.0,0.0,14.9,85.382,82.389,37420790.0
0.61,0.0,0.371,0.371,0.358,0.371,0.358,0.0,0.0,0.0,0.0,14.9,85.382,82.389,38044470.0
0.62,0.0,0.372,0.372,0.358,0.372,0.358,0.0,0.0,0.0,0.0,14.9,85.382,82.389,38668150.0
0.63,0.0,0.372,0.372,0.358,0.372,0.358,0.0,0.0,0.0,0.0,14.9,85.382,82.389,39291830.0
0.64,0.0,0.372,0.372,0.358,0.372,0.358,0.0,0.0,0.0,0.0,14.9,85.382,82.389,39915510.0
0.65,0.0,0.373,0.373,0.358,0.373,0.358,0.0,0.0,0.0,0.0,14.9,85.382,82.389,40539180.0
0.66,0.0,0.373,0.373,0.358,0.373,0.358,0.0,0.0,0.0,0.0,14.9,85.382,82.389,41162870.0
0.67,0.0,0.373,0.373,0.358,0.373,0.358,0.0,0.0,0.0,0.0,14.9,85.382,82.389,41786550.0
0.68,0.0,0.374,0.374,0.358,0.374,0.358,0.0,0.0,0.0,0.0,14.9,85.382,82.389,42410230.0
0.69,0.0,0.374,0.374,0.358,0.374,0.358,0.0,0.0,0.0,0.0,14.9,85.382,82.389,43033900.0
0.7,0.0,0.375,0.375,0.359,0.375,0.359,0.0,0.0,0.0,0.0,14.9,85.382,82.389,43657580.0
0.71,0.0,0.375,0.375,0.359,0.375,0.359,0.0,0.0,0.0,0.0,14.9,85.382,82.389,44281260.0
0.72,0.0,0.375,0.375,0.359,0.375,0.359,0.0,0.0,0.0,0.0,14.9,85.382,82.389,44904950.0
0.73,0.0,0.376,0.376,0.359,0.376,0.359,0.0,0.0,0.0,0.0,14.9,85.382,82.389,45528630.0
0.74,0.0,0.376,0.376,0.359,0.376,0.359,0.0,0.0,0.0,0.0,14.9,85.382,82.389,46152300.0
0.75,0.0,0.376,0.376,0.359,0.376,0.359,0.0,0.0,0.0,0.0,14.9,85.382,82.389,46775980.0
0.76,0.0,0.377,0.377,0.359,0.377,0.359,0.0,0.0,0.0,0.0,14.9,85.382,82.389,47399660.0
0.77,0.0,0.377,0.377,0.359,0.377,0.359,0.0,0.0,0.0,0.0,14.9,85.382,82.389,48023340.0
0.78,0.0,0.378,0.378,0.359,0.378,0.359,0.0,0.0,0.0,0.0,14.9,85.382,82.389,48647020.0
0.79,0.0,0.378,0.378,0.359,0.378,0.359,0.0,0.0,0.0,0.0,14.9,85.382,82.389,49270700.0
0.8,0.0,0.378,0.378,0.36,0.378,0.36,0.0,0.0,0.0,0.0,14.9,85.382,82.389,49894380.0
0.81,0.0,0.379,0.379,0.36,0.379,0.36,0.0,0.0,0.0,0.0,14.9,85.382,82.389,50518060.0
0.82,0.0,0.379,0.379,0.36,0.379,0.36,0.0,0.0,0.0,0.0,14.9,85.382,82.389,51141740.0
0.83,0.0,0.379,0.379,0.36,0.379,0.36,0.0,0.0,0.0,0.0,14.9,85.382,82.389,51765420.0
0.84,0.0,0.38,0.38,0.36,0.38,0.36,0.0,0.0,0.0,0.0,14.9,85.382,82.389,52389100.0
0.85,0.0,0.38,0.38,0.36,0.38,0.36,0.0,0.0,0.0,0.0,14.9,85.382,82.389,53012780.0
0.86,0.0,0.38,0.38,0.36,0.38,0.36,0.0,0.0,0.0,0.0,14.9,85.382,82.389,53636460.0
0.87,0.0,0.381,0.381,0.36,0.381,0.36,0.0,0.0,0.0,0.0,14.9,85.382,82.389,54260140.0
0.88,0.0,0.381,0.381,0.36,0.381,0.36,0.0,0.0,0.0,0.0,14.9,85.382,82.389,54883820.0
0.89,0.0,0.382,0.382,0.361,0.382,0.361,0.0,0.0,0.0,0.0,14.9,85.382,82.389,55507500.0
0.9,0.0,0.382,0.382,0.361,0.382,0.361,0.0,0.0,0.0,0.0,14.9,85.382,82.389,56131180.0
0.91,0.0,0.385,0.385,0.363,0.385,0.363,0.0,0.0,0.0,0.0,14.72,85.361,82.325,56754860.0
0.92,0.0,0.392,0.392,0.371,0.392,0.371,0.0,0.0,0.0,0.0,14.53,85.34,82.261,57378540.0
0.93,0.0,0.405,0.405,0.382,0.405,0.382,0.0,0.0,0.0,0.0,14.35,85.319,82.197,58002220.0
0.94,0.0,0.417,0.417,0.393,0.417,0.393,0.0,0.0,0.0,0.0,14.16,85.298,82.133,58625900.0
0.95,0.0,0.43,0.43,0.405,0.43,0.405,0.0,0.0,0.0,0.0,13.98,85.278,82.069,59249580.0
0.96,0.0,0.443,0.443,0.417,0.443,0.417,0.0,0.0,0.0,0.0,13.79,85.257,82.005,59873260.0
0.97,0.0,0.456,0.456,0.428,0.456,0.428,0.0,0.0,0.0,0.0,13.6,85.236,81.941,60496940.0
0.98,0.0,0.468,0.468,0.44,0.468,0.44,0.0,0.0,0.0,0.0,13.42,85.215,81.877,61120620.0
0.99,0.0,0.481,0.481,0.451,0.481,0.451,0.0,0.0,0.0,0.0,13.23,85.194,81.813,61744300.0
1.0,0.0,0.494,0.494,0.463,0.494,0.463,0.0,0.0,0.0,0.0,13.05,85.173,81.749,62367980.0
1.01,0.0,0.507,0.507,0.474,0.507,0.474,0.0,0.0,0.0,0.0,12.86,85.152,81.685,62991660.0
1.02,0.0,0.519,0.519,0.486,0.519,0.486,0.0,0.0,0.0,0.0,12.68,85.131,81.621,63615340.0
1.03,0.0,0.532,0.532,0.497,0.532,0.497,0.0,0.0,0.0,0.0,12.49,85.111,81.557,64239020.0
1.04,0.0,0.545,0.545,0.509,0.545,0.509,0.0,0.0,0.0,0.0,12.31,85.09,81.493,64862700.0
1.05,0.0,0.558,0.558,0.521,0.558,0.521,0.0,0.0,0.0,0.0,12.12,85.069,81.429,65486380.0
1.06,0.0,0.557,0.557,0.52,0.557,0.52,0.0,0.0,0.0,0.0,12.13,85.005,81.377,66110060.0
1.07,0.0,0.556,0.556,0.519,0.556,0.519,0.0,0.0,0.0,0.0,12.14,84.948,81.329,66733740.0
1.08,0.0,0.554,0.554,0.518,0.554,0.518,0.0,0.0,0.0,0.0,12.15,84.895,81.285,67357420.0
1.09,0.0,0.553,0.553,0.517,0.553,0.517,0.0,0.0,0.0,0.0,12.16,84.845,81.244,67981100.0
1.1,0.0,0.552,0.552,0.516,0.552,0.516,0.0,0.0,0.0,0.0,12.17,84.799,81.206,68604780.0
1.11,0.0,0.551,0.551,0.515,0.551,0.515,0.0,0.0,0.0,0.0,12.17,84.748,81.162,69228460.0
1.12,0.0,0.55,0.55,0.514,0.55,0.514,0.0,0.0,0.0,0.0,12.17,84.689,81.109,69852140.0
1.13,0.0,0.549,0.549,0.513,0.549,0.513,0.0,0.0,0.0,0.0,12.16,84.633,81.059,70475820.0
1.14,0.0,0.548,0.548,0.512,0.548,0.512,0.0,0.0,0.0,0.0,12.16,84.578,81.011,71099500.0
1.15,0.0,0.547,0.547,0.511,0.547,0.511,0.0,0.0,0.0,0.0,12.16,84.526,80.964,71723180.0
1.16,0.0,0.545,0.545,0.51,0.545,0.51,0.0,0.0,0.0,0.0,12.15,84.476,80.919,72346860.0
1.17,0.0,0.543,0.543,0.508,0.543,0.508,0.0,0.0,0.0,0.0,12.15,84.427,80.876,72970540.0
1.18,0.0,0.541,0.541,0.506,0.541,0.506,0.0,0.0,0.0,0.0,12.15,84.38,80.833,73594220.0
1.19,0.0,0.539,0.539,0.504,0.539,0.504,0.0,0.0,0.0,0.0,12.14,84.334,80.792,74217900.0
1.2,0.0,0.537,0.537,0.502,0.537,0.502,0.0,0.0,0.0,0.0,12.14,84.289,80.752,74841580.0
1.21,0.0,0.535,0.535,0.5,0.535,0.5,0.0,0.0,0.0,0.0,12.14,84.246,80.713,75465260.0
1.22,0.0,0.533,0.533,0.498,0.533,0.498,0.0,0.0,0.0,0.0,12.13,84.203,80.675,76088940.0
1.23,0.0,0.531,0.531,0.496,0.531,0.496,0.0,0.0,0.0,0.0,12.13,84.161,80.637,76712620.0
1.24,0.0,0.529,0.529,0.495,0.529,0.495,0.0,0.0,0.0,0.0,12.12,84.119,80.599,77336300.0
1.25,0.0,0.527,0.527,0.493,0.527,0.493,0.0,0.0,0.0,0.0,12.12,84.077,80.561,77959980.0
1.26,0.0,0.526,0.526,0.491,0.526,0.491,0.0,0.0,0.0,0.0,12.12,84.036,80.524,78583660.0
1.27,0.0,0.524,0.524,0.489,0.524,0.489,0.0,0.0,0.0,0.0,12.11,83.996,80.488,79207340.0
1.28,0.0,0.522,0.522,0.487,0.522,0.487,0.0,0.0,0.0,0.0,12.11,83.957,80.453,79831020.0
1.29,0.0,0.52,0.52,0.485,0.52,0.485,0.0,0.0,0.0,0.0,12.1,83.919,80.418,80454690.0
1.3,0.0,0.518,0.518,0.483,0.518,0.483,0.0,0.0,0.0,0.0,12.1,83.881,80.383,81078370.0
1.31,0.0,0.516,0.516,0.481,0.516,0.481,0.0,0.0,0.0,0.0,12.1,83.844,80.35,81702050.0
1.32,0.0,0.514,0.514,0.48,0.514,0.48,0.0,0.0,0.0,0.0,12.09,83.807,80.316,82325740.0
1.33,0.0,0.513,0.513,0.478,0.513,0.478,0.0,0.0,0.0,0.0,12.09,83.771,80.284,82949420.0
1.34,0.0,0.512,0.512,0.477,0.512,0.477,0.0,0.0,0.0,0.0,12.08,83.735,80.251,83573100.0
1.35,0.0,0.51,0.51,0.476,0.51,0.476,0.0,0.0,0.0,0.0,12.08,83.7,80.22,84196780.0
1.36,0.0,0.509,0.509,0.474,0.509,0.474,0.0,0.0,0.0,0.0,12.07,83.666,80.188,84820460.0
1.37,0.0,0.508,0.508,0.473,0.508,0.473,0.0,0.0,0.0,0.0,12.07,83.632,80.157,85444140.0
1.38,0.0,0.507,0.507,0.472,0.507,0.472,0.0,0.0,0.0,0.0,12.07,83.598,80.127,86067810.0
1.39,0.0,0.506,0.506,0.471,0.506,0.471,0.0,0.0,0.0,0.0,12.06,83.565,80.097,86691490.0
1.4,0.0,0.505,0.505,0.471,0.505,0.471,0.0,0.0,0.0,0.0,12.06,83.532,80.067,87315170.0
1.41,0.0,0.505,0.505,0.47,0.505,0.47,0.0,0.0,0.0,0.0,12.05,83.5,80.038,87938850.0
1.42,0.0,0.504,0.504,0.469,0.504,0.469,0.0,0.0,0.0,0.0,12.05,83.468,80.009,88562530.0
1.43,0.0,0.503,0.503,0.469,0.503,0.469,0.0,0.0,0.0,0.0,12.05,83.437,79.98,89186210.0
1.44,0.0,0.503,0.503,0.468,0.503,0.468,0.0,0.0,0.0,0.0,12.04,83.406,79.959,89809900.0
1.45,0.0,0.502,0.502,0.468,0.502,0.468,0.0,0.0,0.0,0.0,12.03,83.375,79.942,90433580.0
1.46,0.0,0.502,0.502,0.467,0.502,0.467,0.0,0.0,0.0,0.0,12.02,83.345,79.925,91057260.0
1.47,0.0,0.502,0.502,0.467,0.502,0.467,0.0,0.0,0.0,0.0,12.01,83.315,79.909,91680940.0
1.48,0.0,0.501,0.501,0.466,0.501,0.466,0.0,0.0,0.0,0.0,12.0,83.285,79.893,92304610.0
1.49,0.0,0.501,0.501,0.466,0.501,0.466,0.0,0.0,0.0,0.0,11.99,83.256,79.877,92928290.0
1.5,0.0,0.501,0.501,0.466,0.501,0.466,0.0,0.0,0.0,0.0,11.98,83.227,79.862,93551970.0
1.51,0.0,0.501,0.501,0.466,0.501,0.466,0.0,0.0,0.0,0.0,11.97,83.198,79.847,94175650.0
1.52,0.0,0.501,0.501,0.466,0.501,0.466,0.0,0.0,0.0,0.0,11.96,83.169,79.832,94799330.0
1.53,0.0,0.501,0.501,0.466,0.501,0.466,0.0,0.0,0.0,0.0,11.95,83.141,79.817,95423010.0
1.54,0.0,0.501,0.501,0.466,0.501,0.466,0.0,0.0,0.0,0.0,11.94,83.113,79.802,96046690.0
1.55,0.0,0.501,0.501,0.466,0.501,0.466,0.0,0.0,0.0,0.0,11.93,83.086,79.788,96670370.0
1.56,0.0,0.501,0.501,0.466,0.501,0.466,0.0,0.0,0.0,0.0,11.92,83.058,79.774,97294050.0
1.57,0.0,0.502,0.502,0.467,0.502,0.467,0.0,0.0,0.0,0.0,11.91,83.031,79.76,97917730.0
1.58,0.0,0.502,0.502,0.467,0.502,0.467,0.0,0.0,0.0,0.0,11.9,83.005,79.747,98541410.0
1.59,0.0,0.502,0.502,0.467,0.502,0.467,0.0,0.0,0.0,0.0,11.89,82.978,79.733,99165090.0
1.6,0.0,0.503,0.503,0.468,0.503,0.468,0.0,0.0,0.0,0.0,11.88,82.952,79.72,99788770.0
1.61,0.0,0.503,0.503,0.468,0.503,0.468,0.0,0.0,0.0,0.0,11.87,82.926,79.707,100412400.0
1.62,0.0,0.504,0.504,0.469,0.504,0.469,0.0,0.0,0.0,0.0,11.86,82.9,79.695,101036100.0
1.63,0.0,0.505,0.505,0.47,0.505,0.47,0.0,0.0,0.0,0.0,11.85,82.874,79.682,101659800.0
1.64,0.0,0.505,0.505,0.47,0.505,0.47,0.0,0.0,0.0,0.0,11.84,82.849,79.67,102283500.0
1.65,0.0,0.506,0.506,0.471,0.506,0.471,0.0,0.0,0.0,0.0,11.83,82.824,79.658,102907200.0
1.66,0.0,0.507,0.507,0.472,0.507,0.472,0.0,0.0,0.0,0.0,11.82,82.799,79.646,103530800.0
1.67,0.0,0.508,0.508,0.473,0.508,0.473,0.0,0.0,0.0,0.0,11.81,82.774,79.634,104154500.0
1.68,0.0,0.509,0.509,0.474,0.509,0.474,0.0,0.0,0.0,0.0,11.8,82.75,79.623,104778200.0
1.69,0.0,0.51,0.51,0.475,0.51,0.475,0.0,0.0,0.0,0.0,11.79,82.725,79.611,105401900.0
1.7,0.0,0.511,0.511,0.476,0.511,0.476,0.0,0.0,0.0,0.0,11.78,82.701,79.6,106025600.0
1.71,0.0,0.512,0.512,0.477,0.512,0.477,0.0,0.0,0.0,0.0,11.77,82.678,79.589,106649200.0
1.72,0.0,0.513,0.513,0.478,0.513,0.478,0.0,0.0,0.0,0.0,11.76,82.654,79.578,107272900.0
1.73,0.0,0.514,0.514,0.479,0.514,0.479,0.0,0.0,0.0,0.0,11.75,82.63,79.568,107896600.0
1.74,0.0,0.516,0.516,0.481,0.516,0.481,0.0,0.0,0.0,0.0,11.74,82.607,79.557,108520300.0
1.75,0.0,0.517,0.517,0.482,0.517,0.482,0.0,0.0,0.0,0.0,11.73,82.584,79.547,109144000.0
1.76,0.0,0.518,0.518,0.484,0.518,0.484,0.0,0.0,0.0,0.0,11.72,82.561,79.537,109767600.0
1.77,0.0,0.52,0.52,0.485,0.52,0.485,0.0,0.0,0.0,0.0,11.71,82.539,79.526,110391300.0
1.78,0.0,0.521,0.521,0.487,0.521,0.487,0.0,0.0,0.0,0.0,11.7,82.516,79.517,111015000.0
1.79,0.0,0.523,0.523,0.488,0.523,0.488,0.0,0.0,0.0,0.0,11.69,82.494,79.507,111638700.0
1.8,0.0,0.525,0.525,0.49,0.525,0.49,0.0,0.0,0.0,0.0,11.68,82.471,79.497,112262400.0
1.81,0.0,0.526,0.526,0.492,0.526,0.492,0.0,0.0,0.0,0.0,11.67,82.45,79.488,112886000.0
1.82,0.0,0.528,0.528,0.493,0.528,0.493,0.0,0.0,0.0,0.0,11.66,82.428,79.479,113509700.0
1.83,0.0,0.53,0.53,0.495,0.53,0.495,0.0,0.0,0.0,0.0,11.65,82.406,79.47,114133400.0
1.84,0.0,0.532,0.532,0.497,0.532,0.497,0.0,0.0,0.0,0.0,11.64,82.385,79.461,114757100.0
1.85,0.0,0.534,0.534,0.499,0.534,0.499,0.0,0.0,0.0,0.0,11.63,82.363,79.452,115380800.0
1.86,0.0,0.536,0.536,0.501,0.536,0.501,0.0,0.0,0.0,0.0,11.62,82.342,79.443,116004400.0
1.87,0.0,0.538,0.538,0.503,0.538,0.503,0.0,0.0,0.0,0.0,11.61,82.321,79.435,116628100.0
1.88,0.0,0.54,0.54,0.506,0.54,0.506,0.0,0.0,0.0,0.0,11.6,82.3,79.427,117251800.0
1.89,0.0,0.543,0.543,0.508,0.543,0.508,0.0,0.0,0.0,0.0,11.59,82.28,79.418,117875500.0
1.9,0.0,0.545,0.545,0.51,0.545,0.51,0.0,0.0,0.0,0.0,11.58,82.259,79.41,118499200.0
1.91,0.0,0.547,0.547,0.513,0.547,0.513,0.0,0.0,0.0,0.0,11.57,82.239,79.402,119122800.0
1.92,0.0,0.55,0.55,0.515,0.55,0.515,0.0,0.0,0.0,0.0,11.56,82.219,79.394,119746500.0
1.93,0.0,0.552,0.552,0.518,0.552,0.518,0.0,0.0,0.0,0.0,11.55,82.199,79.387,120370200.0
1.94,0.0,0.555,0.555,0.52,0.555,0.52,0.0,0.0,0.0,0.0,11.54,82.179,79.379,120993900.0
1.95,0.0,0.558,0.558,0.523,0.558,0.523,0.0,0.0,0.0,0.0,11.53,82.159,79.372,121617600.0
1.96,0.0,0.56,0.56,0.525,0.56,0.525,0.0,0.0,0.0,0.0,11.52,82.14,79.365,122241200.0
1.97,0.0,0.563,0.563,0.528,0.563,0.528,0.0,0.0,0.0,0.0,11.51,82.12,79.358,122864900.0
1.98,0.0,0.566,0.566,0.531,0.566,0.531,0.0,0.0,0.0,0.0,11.5,82.101,79.351,123488600.0
1.99,0.0,0.569,0.569,0.534,0.569,0.534,0.0,0.0,0.0,0.0,11.49,82.082,79.344,124112300.0
2.0,0.0,0.572,0.572,0.537,0.572,0.537,0.0,0.0,0.0,0.0,11.48,82.063,79.337,124736000.0
2.01,0.0,0.575,0.575,0.54,0.575,0.54,0.0,0.0,0.0,0.0,11.47,82.044,79.33,125359600.0
2.02,0.0,0.578,0.578,0.543,0.578,0.543,0.0,0.0,0.0,0.0,11.46,82.025,79.324,125983300.0
2.03,0.0,0.581,0.581,0.546,0.581,0.546,0.0,0.0,0.0,0.0,11.45,82.007,79.318,126607000.0
2.04,0.0,0.585,0.585,0.549,0.585,0.549,0.0,0.0,0.0,0.0,11.44,81.988,79.311,127230700.0
2.05,0.0,0.588,0.588,0.553,0.588,0.553,0.0,0.0,0.0,0.0,11.43,81.97,79.305,127854400.0
2.06,0.0,0.592,0.592,0.556,0.592,0.556,0.0,0.0,0.0,0.0,11.42,81.952,79.299,128478000.0
2.07,0.0,0.595,0.595,0.56,0.595,0.56,0.0,0.0,0.0,0.0,11.41,81.934,79.293,129101700.0
2.08,0.0,0.599,0.599,0.563,0.599,0.563,0.0,0.0,0.0,0.0,11.4,81.916,79.288,129725400.0
2.09,0.0,0.603,0.603,0.567,0.603,0.567,0.0,0.0,0.0,0.0,11.39,81.898,79.282,130349100.0
2.1,0.0,0.607,0.607,0.571,0.607,0.571,0.0,0.0,0.0,0.0,11.38,81.881,79.277,130972800.0
2.11,0.0,0.61,0.61,0.574,0.61,0.574,0.0,0.0,0.0,0.0,11.37,81.863,79.271,131596400.0
2.12,0.0,0.614,0.614,0.578,0.614,0.578,0.0,0.0,0.0,0.0,11.36,81.846,79.266,132220100.0
2.13,0.0,0.618,0.618,0.582,0.618,0.582,0.0,0.0,0.0,0.0,11.35,81.829,79.261,132843800.0
2.14,0.0,0.623,0.623,0.586,0.623,0.586,0.0,0.0,0.0,0.0,11.34,81.812,79.256,133467500.0
2.15,0.0,0.627,0.627,0.59,0.627,0.59,0.0,0.0,0.0,0.0,11.33,81.795,79.251,134091200.0
2.16,0.0,0.625,0.625,0.588,0.625,0.588,0.0,0.0,0.0,0.0,11.3,81.752,79.22,134714800.0
2.17,0.0,0.622,0.622,0.586,0.622,0.586,0.0,0.0,0.0,0.0,11.28,81.703,79.183,135338500.0
2.18,0.0,0.619,0.619,0.583,0.619,0.583,0.0,0.0,0.0,0.0,11.25,81.654,79.145,135962200.0
2.19,0.0,0.617,0.617,0.58,0.617,0.58,0.0,0.0,0.0,0.0,11.23,81.603,79.107,136585900.0
2.2,0.0,0.614,0.614,0.577,0.614,0.577,0.0,0.0,0.0,0.0,11.2,81.552,79.067,137209600.0
2.21,0.0,0.612,0.612,0.575,0.612,0.575,0.0,0.0,0.0,0.0,11.17,81.5,79.027,137833200.0
2.22,0.0,0.609,0.609,0.572,0.609,0.572,0.0,0.0,0.0,0.0,11.14,81.447,78.986,138456900.0
2.23,0.0,0.606,0.606,0.569,0.606,0.569,0.0,0.0,0.0,0.0,11.12,81.393,78.944,139080600.0
2.24,0.0,0.604,0.604,0.567,0.604,0.567,0.0,0.0,0.0,0.0,11.09,81.339,78.901,139704300.0
2.25,0.0,0.601,0.601,0.564,0.601,0.564,0.0,0.0,0.0,0.0,11.06,81.284,78.858,140328000.0
2.26,0.0,0.599,0.599,0.561,0.599,0.561,0.0,0.0,0.0,0.0,11.03,81.228,78.814,140951600.0
2.27,0.0,0.596,0.596,0.559,0.596,0.559,0.0,0.0,0.0,0.0,11.0,81.171,78.769,141575300.0
2.28,0.0,0.594,0.594,0.556,0.594,0.556,0.0,0.0,0.0,0.0,10.97,81.114,78.724,142199000.0
2.29,0.0,0.592,0.592,0.554,0.592,0.554,0.0,0.0,0.0,0.0,10.94,81.041,78.665,142822700.0
2.3,0.0,0.589,0.589,0.551,0.589,0.551,0.0,0.0,0.0,0.0,10.92,80.957,78.596,143446400.0
2.31,0.0,0.587,0.587,0.549,0.587,0.549,0.0,0.0,0.0,0.0,10.9,80.873,78.527,144070000.0
2.32,0.0,0.584,0.584,0.546,0.584,0.546,0.0,0.0,0.0,0.0,10.87,80.788,78.458,144693700.0
2.33,0.0,0.582,0.582,0.544,0.582,0.544,0.0,0.0,0.0,0.0,10.85,80.703,78.388,145317400.0
2.34,0.0,0.58,0.58,0.542,0.58,0.542,0.0,0.0,0.0,0.0,10.82,80.617,78.318,145941100.0
2.35,0.0,0.577,0.577,0.539,0.577,0.539,0.0,0.0,0.0,0.0,10.8,80.531,78.248,146564800.0
2.36,0.0,0.575,0.575,0.537,0.575,0.537,0.0,0.0,0.0,0.0,10.77,80.445,78.177,147188400.0
2.37,0.0,0.573,0.573,0.534,0.573,0.534,0.0,0.0,0.0,0.0,10.75,80.359,78.106,147812100.0
2.38,0.0,0.571,0.571,0.532,0.571,0.532,0.0,0.0,0.0,0.0,10.72,80.272,78.035,148435800.0
2.39,0.0,0.568,0.568,0.53,0.568,0.53,0.0,0.0,0.0,0.0,10.7,80.185,77.964,149059500.0
2.4,0.0,0.566,0.566,0.527,0.566,0.527,0.0,0.0,0.0,0.0,10.67,80.098,77.892,149683200.0
2.41,0.0,0.564,0.564,0.525,0.564,0.525,0.0,0.0,0.0,0.0,10.65,80.011,77.82,150306800.0
2.42,0.0,0.562,0.562,0.523,0.562,0.523,0.0,0.0,0.0,0.0,10.62,79.923,77.748,150930500.0
2.43,0.0,0.56,0.56,0.521,0.56,0.521,0.0,0.0,0.0,0.0,10.6,79.836,77.676,151554200.0
2.44,0.0,0.557,0.557,0.518,0.557,0.518,0.0,0.0,0.0,0.0,10.57,79.748,77.604,152177900.0
2.45,0.0,0.555,0.555,0.516,0.555,0.516,0.0,0.0,0.0,0.0,10.55,79.66,77.531,152801600.0
2.46,0.0,0.553,0.553,0.514,0.553,0.514,0.0,0.0,0.0,0.0,10.52,79.572,77.459,153425200.0
2.47,0.0,0.551,0.551,0.512,0.551,0.512,0.0,0.0,0.0,0.0,10.5,79.484,77.386,154048900.0
2.48,0.0,0.549,0.549,0.51,0.549,0.51,0.0,0.0,0.0,0.0,10.47,79.396,77.314,154672600.0
2.49,0.0,0.547,0.547,0.508,0.547,0.508,0.0,0.0,0.0,0.0,10.45,79.308,77.241,155296300.0
2.5,0.0,0.545,0.545,0.507,0.545,0.507,0.0,0.0,0.0,0.0,10.42,79.22,77.168,155920000.0
2.51,0.0,0.543,0.543,0.505,0.543,0.505,0.0,0.0,0.0,0.0,10.4,79.132,77.095,156543600.0
2.52,0.0,0.541,0.541,0.503,0.541,0.503,0.0,0.0,0.0,0.0,10.37,79.044,77.022,157167300.0
2.53,0.0,0.539,0.539,0.501,0.539,0.501,0.0,0.0,0.0,0.0,10.35,78.955,76.949,157791000.0
2.54,0.0,0.537,0.537,0.499,0.537,0.499,0.0,0.0,0.0,0.0,10.32,78.867,76.876,158414700.0
2.55,0.0,0.535,0.535,0.497,0.535,0.497,0.0,0.0,0.0,0.0,10.3,78.779,76.803,159038400.0
2.56,0.0,0.533,0.533,0.496,0.533,0.496,0.0,0.0,0.0,0.0,10.27,78.691,76.73,159662000.0
2.57,0.0,0.531,0.531,0.494,0.531,0.494,0.0,0.0,0.0,0.0,10.25,78.602,76.657,160285700.0
2.58,0.0,0.529,0.529,0.492,0.529,0.492,0.0,0.0,0.0,0.0,10.22,78.514,76.585,160909400.0
2.59,0.0,0.527,0.527,0.49,0.527,0.49,0.0,0.0,0.0,0.0,10.2,78.426,76.512,161533100.0
2.6,0.0,0.525,0.525,0.489,0.525,0.489,0.0,0.0,0.0,0.0,10.18,78.338,76.439,162156700.0
2.61,0.0,0.523,0.523,0.487,0.523,0.487,0.0,0.0,0.0,0.0,10.15,78.25,76.366,162780400.0
2.62,0.0,0.521,0.521,0.485,0.521,0.485,0.0,0.0,0.0,0.0,10.13,78.162,76.293,163404100.0
2.63,0.0,0.519,0.519,0.483,0.519,0.483,0.0,0.0,0.0,0.0,10.1,78.075,76.221,164027800.0
2.64,0.0,0.517,0.517,0.482,0.517,0.482,0.0,0.0,0.0,0.0,10.08,77.987,76.148,164651500.0
2.65,0.0,0.516,0.516,0.48,0.516,0.48,0.0,0.0,0.0,0.0,10.05,77.899,76.076,165275200.0
2.66,0.0,0.514,0.514,0.478,0.514,0.478,0.0,0.0,0.0,0.0,10.03,77.812,76.003,165898800.0
2.67,0.0,0.512,0.512,0.477,0.512,0.477,0.0,0.0,0.0,0.0,10.01,77.725,75.931,166522500.0
2.68,0.0,0.51,0.51,0.475,0.51,0.475,0.0,0.0,0.0,0.0,9.98,77.637,75.859,167146200.0
2.69,0.0,0.508,0.508,0.474,0.508,0.474,0.0,0.0,0.0,0.0,9.96,77.55,75.787,167769900.0
2.7,0.0,0.507,0.507,0.472,0.507,0.472,0.0,0.0,0.0,0.0,9.93,77.463,75.715,168393600.0
2.71,0.0,0.505,0.505,0.47,0.505,0.47,0.0,0.0,0.0,0.0,9.91,77.377,75.643,169017200.0
2.72,0.0,0.503,0.503,0.469,0.503,0.469,0.0,0.0,0.0,0.0,9.89,77.29,75.571,169640900.0
2.73,0.0,0.501,0.501,0.467,0.501,0.467,0.0,0.0,0.0,0.0,9.86,77.204,75.5,170264600.0
2.74,0.0,0.5,0.5,0.466,0.5,0.466,0.0,0.0,0.0,0.0,9.84,77.117,75.429,170888300.0
2.75,0.0,0.498,0.498,0.464,0.498,0.464,0.0,0.0,0.0,0.0,9.82,77.031,75.357,171512000.0
2.76,0.0,0.496,0.496,0.463,0.496,0.463,0.0,0.0,0.0,0.0,9.79,76.945,75.286,172135600.0
2.77,0.0,0.494,0.494,0.461,0.494,0.461,0.0,0.0,0.0,0.0,9.77,76.859,75.215,172759300.0
2.78,0.0,0.493,0.493,0.46,0.493,0.46,0.0,0.0,0.0,0.0,9.75,76.774,75.144,173383000.0
2.79,0.0,0.491,0.491,0.458,0.491,0.458,0.0,0.0,0.0,0.0,9.72,76.688,75.074,174006700.0
2.8,0.0,0.489,0.489,0.457,0.489,0.457,0.0,0.0,0.0,0.0,9.7,76.603,75.003,174630300.0
2.81,0.0,0.488,0.488,0.455,0.488,0.455,0.0,0.0,0.0,0.0,9.68,76.518,74.933,175254000.0
2.82,0.0,0.486,0.486,0.454,0.486,0.454,0.0,0.0,0.0,0.0,9.66,76.433,74.863,175877700.0
2.83,0.0,0.484,0.484,0.452,0.484,0.452,0.0,0.0,0.0,0.0,9.63,76.349,74.793,176501400.0
2.84,0.0,0.483,0.483,0.451,0.483,0.451,0.0,0.0,0.0,0.0,9.61,76.264,74.723,177125100.0
2.85,0.0,0.481,0.481,0.449,0.481,0.449,0.0,0.0,0.0,0.0,9.59,76.18,74.654,177748700.0
2.86,0.0,0.48,0.48,0.448,0.48,0.448,0.0,0.0,0.0,0.0,9.57,76.096,74.584,178372400.0
2.87,0.0,0.478,0.478,0.446,0.478,0.446,0.0,0.0,0.0,0.0,9.54,76.012,74.515,178996100.0
2.88,0.0,0.476,0.476,0.445,0.476,0.445,0.0,0.0,0.0,0.0,9.52,75.929,74.446,179619800.0
2.89,0.0,0.475,0.475,0.444,0.475,0.444,0.0,0.0,0.0,0.0,9.5,75.846,74.377,180243500.0
2.9,0.0,0.473,0.473,0.442,0.473,0.442,0.0,0.0,0.0,0.0,9.48,75.762,74.308,180867200.0
2.91,0.0,0.472,0.472,0.441,0.472,0.441,0.0,0.0,0.0,0.0,9.46,75.68,74.24,181490800.0
2.92,0.0,0.47,0.47,0.439,0.47,0.439,0.0,0.0,0.0,0.0,9.43,75.597,74.172,182114500.0
2.93,0.0,0.469,0.469,0.438,0.469,0.438,0.0,0.0,0.0,0.0,9.41,75.515,74.104,182738200.0
2.94,0.0,0.467,0.467,0.437,0.467,0.437,0.0,0.0,0.0,0.0,9.39,75.433,74.036,183361900.0
2.95,0.0,0.465,0.465,0.435,0.465,0.435,0.0,0.0,0.0,0.0,9.37,75.351,73.969,183985500.0
2.96,0.0,0.464,0.464,0.434,0.464,0.434,0.0,0.0,0.0,0.0,9.35,75.269,73.901,184609200.0
2.97,0.0,0.462,0.462,0.433,0.462,0.433,0.0,0.0,0.0,0.0,9.33,75.188,73.834,185232900.0
2.98,0.0,0.461,0.461,0.431,0.461,0.431,0.0,0.0,0.0,0.0,9.31,75.107,73.767,185856600.0
2.99,0.0,0.459,0.459,0.43,0.459,0.43,0.0,0.0,0.0,0.0,9.29,75.026,73.7,186480300.0
3.0,0.0,0.458,0.458,0.429,0.458,0.429,0.0,0.0,0.0,0.0,9.26,74.946,73.634,187103900.0
3.01,0.0,0.457,0.457,0.428,0.457,0.428,0.0,0.0,0.0,0.0,9.24,74.865,73.568,187727600.0
3.02,0.0,0.455,0.455,0.426,0.455,0.426,0.0,0.0,0.0,0.0,9.22,74.785,73.502,188351300.0
3.03,0.0,0.454,0.454,0.425,0.454,0.425,0.0,0.0,0.0,0.0,9.2,74.706,73.436,188975000.0
3.04,0.0,0.452,0.452,0.424,0.452,0.424,0.0,0.0,0.0,0.0,9.18,74.626,73.37,189598700.0
3.05,0.0,0.451,0.451,0.422,0.451,0.422,0.0,0.0,0.0,0.0,9.16,74.547,73.305,190222300.0
3.06,0.0,0.45,0.45,0.421,0.45,0.421,0.0,0.0,0.0,0.0,9.14,74.468,73.24,190846000.0
3.07,0.0,0.448,0.448,0.42,0.448,0.42,0.0,0.0,0.0,0.0,9.12,74.389,73.175,191469700.0
3.08,0.0,0.447,0.447,0.419,0.447,0.419,0.0,0.0,0.0,0.0,9.1,74.311,73.111,192093400.0
3.09,0.0,0.446,0.446,0.417,0.446,0.417,0.0,0.0,0.0,0.0,9.08,74.233,73.046,192717100.0
3.1,0.0,0.444,0.444,0.416,0.444,0.416,0.0,0.0,0.0,0.0,9.06,74.155,72.982,193340700.0
3.11,0.0,0.443,0.443,0.415,0.443,0.415,0.0,0.0,0.0,0.0,9.04,74.078,72.918,193964400.0
3.12,0.0,0.442,0.442,0.414,0.442,0.414,0.0,0.0,0.0,0.0,9.02,74.0,72.855,194588100.0
3.13,0.0,0.441,0.441,0.413,0.441,0.413,0.0,0.0,0.0,0.0,9.0,73.924,72.791,195211800.0
3.14,0.0,0.439,0.439,0.411,0.439,0.411,0.0,0.0,0.0,0.0,8.98,73.847,72.728,195835500.0
3.15,0.0,0.438,0.438,0.41,0.438,0.41,0.0,0.0,0.0,0.0,8.96,73.771,72.665,196459100.0
3.16,0.0,0.437,0.437,0.409,0.437,0.409,0.0,0.0,0.0,0.0,8.94,73.695,72.603,197082800.0
3.17,0.0,0.435,0.435,0.408,0.435,0.408,0.0,0.0,0.0,0.0,8.92,73.619,72.54,197706500.0
3.18,0.0,0.434,0.434,0.407,0.434,0.407,0.0,0.0,0.0,0.0,8.9,73.543,72.478,198330200.0
3.19,0.0,0.433,0.433,0.406,0.433,0.406,0.0,0.0,0.0,0.0,8.89,73.468,72.416,198953900.0
3.2,0.0,0.432,0.432,0.404,0.432,0.404,0.0,0.0,0.0,0.0,8.87,73.393,72.355,199577500.0
3.21,0.0,0.43,0.43,0.403,0.43,0.403,0.0,0.0,0.0,0.0,8.85,73.319,72.293,200201200.0
3.22,0.0,0.429,0.429,0.402,0.429,0.402,0.0,0.0,0.0,0.0,8.83,73.245,72.232,200824900.0
3.23,0.0,0.428,0.428,0.401,0.428,0.401,0.0,0.0,0.0,0.0,8.81,73.171,72.171,201448600.0
3.24,0.0,0.427,0.427,0.4,0.427,0.4,0.0,0.0,0.0,0.0,8.79,73.097,72.111,202072300.0
3.25,0.0,0.425,0.425,0.399,0.425,0.399,0.0,0.0,0.0,0.0,8.77,73.024,72.05,202695900.0
3.26,0.0,0.424,0.424,0.398,0.424,0.398,0.0,0.0,0.0,0.0,8.75,72.951,71.99,203319600.0
3.27,0.0,0.423,0.423,0.396,0.423,0.396,0.0,0.0,0.0,0.0,8.74,72.878,71.93,203943300.0
3.28,0.0,0.422,0.422,0.395,0.422,0.395,0.0,0.0,0.0,0.0,8.72,72.805,71.871,204567000.0
3.29,0.0,0.421,0.421,0.394,0.421,0.394,0.0,0.0,0.0,0.0,8.7,72.733,71.811,205190700.0
3.3,0.0,0.419,0.419,0.393,0.419,0.393,0.0,0.0,0.0,0.0,8.68,72.661,71.752,205814300.0
3.31,0.0,0.418,0.418,0.392,0.418,0.392,0.0,0.0,0.0,0.0,8.66,72.59,71.693,206438000.0
3.32,0.0,0.417,0.417,0.391,0.417,0.391,0.0,0.0,0.0,0.0,8.65,72.519,71.635,207061700.0
3.33,0.0,0.416,0.416,0.39,0.416,0.39,0.0,0.0,0.0,0.0,8.63,72.448,71.577,207685400.0
3.34,0.0,0.415,0.415,0.389,0.415,0.389,0.0,0.0,0.0,0.0,8.61,72.377,71.519,208309000.0
3.35,0.0,0.414,0.414,0.388,0.414,0.388,0.0,0.0,0.0,0.0,8.59,72.307,71.461,208932700.0
3.36,0.0,0.413,0.413,0.387,0.413,0.387,0.0,0.0,0.0,0.0,8.57,72.237,71.403,209556400.0
3.37,0.0,0.411,0.411,0.386,0.411,0.386,0.0,0.0,0.0,0.0,8.56,72.167,71.346,210180100.0
3.38,0.0,0.41,0.41,0.385,0.41,0.385,0.0,0.0,0.0,0.0,8.54,72.098,71.289,210803800.0
3.39,0.0,0.409,0.409,0.384,0.409,0.384,0.0,0.0,0.0,0.0,8.52,72.029,71.233,211427500.0
3.4,0.0,0.408,0.408,0.383,0.408,0.383,0.0,0.0,0.0,0.0,8.5,71.96,71.176,212051100.0
3.41,0.0,0.407,0.407,0.382,0.407,0.382,0.0,0.0,0.0,0.0,8.49,71.892,71.12,212674800.0
3.42,0.0,0.406,0.406,0.381,0.406,0.381,0.0,0.0,0.0,0.0,8.47,71.824,71.064,213298500.0
3.43,0.0,0.405,0.405,0.38,0.405,0.38,0.0,0.0,0.0,0.0,8.45,71.756,71.008,213922200.0
3.44,0.0,0.404,0.404,0.379,0.404,0.379,0.0,0.0,0.0,0.0,8.44,71.687,70.952,214545900.0
3.45,0.0,0.403,0.403,0.378,0.403,0.378,0.0,0.0,0.0,0.0,8.42,71.614,70.891,215169500.0
3.46,0.0,0.401,0.401,0.377,0.401,0.377,0.0,0.0,0.0,0.0,8.41,71.542,70.831,215793200.0
3.47,0.0,0.4,0.4,0.376,0.4,0.376,0.0,0.0,0.0,0.0,8.39,71.469,70.771,216416900.0
3.48,0.0,0.399,0.399,0.375,0.399,0.375,0.0,0.0,0.0,0.0,8.37,71.397,70.711,217040600.0
3.49,0.0,0.398,0.398,0.374,0.398,0.374,0.0,0.0,0.0,0.0,8.36,71.326,70.652,217664300.0
3.5,0.0,0.397,0.397,0.373,0.397,0.373,0.0,0.0,0.0,0.0,8.34,71.254,70.592,218287900.0
3.51,0.0,0.396,0.396,0.372,0.396,0.372,0.0,0.0,0.0,0.0,8.33,71.183,70.533,218911600.0
3.52,0.0,0.395,0.395,0.371,0.395,0.371,0.0,0.0,0.0,0.0,8.31,71.112,70.474,219535300.0
3.53,0.0,0.394,0.394,0.37,0.394,0.37,0.0,0.0,0.0,0.0,8.3,71.041,70.415,220159000.0
3.54,0.0,0.393,0.393,0.369,0.393,0.369,0.0,0.0,0.0,0.0,8.28,70.97,70.356,220782600.0
3.55,0.0,0.392,0.392,0.368,0.392,0.368,0.0,0.0,0.0,0.0,8.27,70.9,70.297,221406300.0
3.56,0.0,0.391,0.391,0.367,0.391,0.367,0.0,0.0,0.0,0.0,8.25,70.83,70.239,222030000.0
3.57,0.0,0.39,0.39,0.366,0.39,0.366,0.0,0.0,0.0,0.0,8.24,70.76,70.181,222653700.0
3.58,0.0,0.389,0.389,0.365,0.389,0.365,0.0,0.0,0.0,0.0,8.22,70.69,70.123,223277400.0
3.59,0.0,0.388,0.388,0.364,0.388,0.364,0.0,0.0,0.0,0.0,8.21,70.621,70.059,223901000.0
3.6,0.0,0.387,0.387,0.363,0.387,0.363,0.0,0.0,0.0,0.0,8.2,70.551,69.992,224524700.0
3.61,0.0,0.386,0.386,0.362,0.386,0.362,0.0,0.0,0.0,0.0,8.19,70.482,69.925,225148400.0
3.62,0.0,0.385,0.385,0.361,0.385,0.361,0.0,0.0,0.0,0.0,8.18,70.414,69.859,225772100.0
3.63,0.0,0.384,0.384,0.361,0.384,0.361,0.0,0.0,0.0,0.0,8.17,70.345,69.792,226395800.0
3.64,0.0,0.383,0.383,0.36,0.383,0.36,0.0,0.0,0.0,0.0,8.16,70.277,69.726,227019500.0
3.65,0.0,0.382,0.382,0.359,0.382,0.359,0.0,0.0,0.0,0.0,8.15,70.209,69.66,227643100.0
3.66,0.0,0.381,0.381,0.358,0.381,0.358,0.0,0.0,0.0,0.0,8.15,70.142,69.595,228266800.0
3.67,0.0,0.38,0.38,0.357,0.38,0.357,0.0,0.0,0.0,0.0,8.14,70.074,69.529,228890500.0
3.68,0.0,0.379,0.379,0.356,0.379,0.356,0.0,0.0,0.0,0.0,8.13,70.007,69.464,229514200.0
3.69,0.0,0.378,0.378,0.355,0.378,0.355,0.0,0.0,0.0,0.0,8.12,69.94,69.399,230137900.0
3.7,0.0,0.377,0.377,0.354,0.377,0.354,0.0,0.0,0.0,0.0,8.11,69.873,69.334,230761500.0
3.71,0.0,0.376,0.376,0.354,0.376,0.354,0.0,0.0,0.0,0.0,8.1,69.807,69.27,231385200.0
3.72,0.0,0.375,0.375,0.353,0.375,0.353,0.0,0.0,0.0,0.0,8.1,69.74,69.206,232008900.0
3.73,0.0,0.374,0.374,0.352,0.374,0.352,0.0,0.0,0.0,0.0,8.09,69.675,69.142,232632600.0
3.74,0.0,0.373,0.373,0.351,0.373,0.351,0.0,0.0,0.0,0.0,8.08,69.609,69.078,233256200.0
3.75,0.0,0.372,0.372,0.35,0.372,0.35,0.0,0.0,0.0,0.0,8.07,69.543,69.015,233879900.0
3.76,0.0,0.371,0.371,0.349,0.371,0.349,0.0,0.0,0.0,0.0,8.06,69.478,68.952,234503600.0
3.77,0.0,0.37,0.37,0.349,0.37,0.349,0.0,0.0,0.0,0.0,8.06,69.413,68.889,235127300.0
3.78,0.0,0.37,0.37,0.348,0.37,0.348,0.0,0.0,0.0,0.0,8.05,69.348,68.826,235751000.0
3.79,0.0,0.369,0.369,0.347,0.369,0.347,0.0,0.0,0.0,0.0,8.04,69.284,68.764,236374600.0
3.8,0.0,0.368,0.368,0.346,0.368,0.346,0.0,0.0,0.0,0.0,8.03,69.22,68.701,236998300.0
3.81,0.0,0.367,0.367,0.345,0.367,0.345,0.0,0.0,0.0,0.0,8.02,69.156,68.639,237622000.0
3.82,0.0,0.366,0.366,0.344,0.366,0.344,0.0,0.0,0.0,0.0,8.02,69.092,68.578,238245700.0
3.83,0.0,0.365,0.365,0.344,0.365,0.344,0.0,0.0,0.0,0.0,8.01,69.029,68.516,238869400.0
3.84,0.0,0.364,0.364,0.343,0.364,0.343,0.0,0.0,0.0,0.0,8.0,68.965,68.455,239493000.0
3.85,0.0,0.363,0.363,0.342,0.363,0.342,0.0,0.0,0.0,0.0,7.99,68.902,68.394,240116700.0
3.86,0.0,0.362,0.362,0.341,0.362,0.341,0.0,0.0,0.0,0.0,7.99,68.84,68.334,240740400.0
3.87,0.0,0.361,0.361,0.34,0.361,0.34,0.0,0.0,0.0,0.0,7.98,68.777,68.273,241364100.0
3.88,0.0,0.361,0.361,0.34,0.361,0.34,0.0,0.0,0.0,0.0,7.97,68.715,68.213,241987800.0
3.89,0.0,0.36,0.36,0.339,0.36,0.339,0.0,0.0,0.0,0.0,7.97,68.653,68.153,242611500.0
3.9,0.0,0.359,0.359,0.338,0.359,0.338,0.0,0.0,0.0,0.0,7.96,68.591,68.093,243235100.0
3.91,0.0,0.358,0.358,0.337,0.358,0.337,0.0,0.0,0.0,0.0,7.95,68.53,68.034,243858800.0
3.92,0.0,0.357,0.357,0.336,0.357,0.336,0.0,0.0,0.0,0.0,7.94,68.469,67.975,244482500.0
3.93,0.0,0.356,0.356,0.336,0.356,0.336,0.0,0.0,0.0,0.0,7.94,68.408,67.916,245106200.0
3.94,0.0,0.355,0.355,0.335,0.355,0.335,0.0,0.0,0.0,0.0,7.93,68.347,67.857,245729800.0
3.95,0.0,0.355,0.355,0.334,0.355,0.334,0.0,0.0,0.0,0.0,7.92,68.287,67.799,246353500.0
3.96,0.0,0.354,0.354,0.333,0.354,0.333,0.0,0.0,0.0,0.0,7.92,68.226,67.74,246977200.0
3.97,0.0,0.353,0.353,0.332,0.353,0.332,0.0,0.0,0.0,0.0,7.91,68.167,67.682,247600900.0
3.98,0.0,0.352,0.352,0.332,0.352,0.332,0.0,0.0,0.0,0.0,7.9,68.107,67.625,248224600.0
3.99,0.0,0.351,0.351,0.331,0.351,0.331,0.0,0.0,0.0,0.0,7.9,68.047,67.567,248848200.0
4.0,0.0,0.35,0.35,0.33,0.35,0.33,0.0,0.0,0.0,0.0,7.89,67.988,67.51,249471900.0
4.01,0.0,0.35,0.35,0.329,0.35,0.329,0.0,0.0,0.0,0.0,7.88,67.929,67.453,250095600.0
4.02,0.0,0.349,0.349,0.329,0.349,0.329,0.0,0.0,0.0,0.0,7.88,67.871,67.396,250719300.0
4.03,0.0,0.348,0.348,0.328,0.348,0.328,0.0,0.0,0.0,0.0,7.87,67.812,67.34,251343000.0
4.04,0.0,0.347,0.347,0.327,0.347,0.327,0.0,0.0,0.0,0.0,7.87,67.754,67.284,251966600.0
4.05,0.0,0.346,0.346,0.326,0.346,0.326,0.0,0.0,0.0,0.0,7.86,67.696,67.228,252590300.0
4.06,0.0,0.346,0.346,0.326,0.346,0.326,0.0,0.0,0.0,0.0,7.85,67.638,67.172,253214000.0
4.07,0.0,0.345,0.345,0.325,0.345,0.325,0.0,0.0,0.0,0.0,7.85,67.581,67.117,253837700.0
4.08,0.0,0.344,0.344,0.324,0.344,0.324,0.0,0.0,0.0,0.0,7.84,67.524,67.062,254461400.0
4.09,0.0,0.343,0.343,0.323,0.343,0.323,0.0,0.0,0.0,0.0,7.84,67.467,67.007,255085000.0
4.1,0.0,0.342,0.342,0.323,0.342,0.323,0.0,0.0,0.0,0.0,7.83,67.41,66.952,255708700.0
4.11,0.0,0.342,0.342,0.322,0.342,0.322,0.0,0.0,0.0,0.0,7.82,67.354,66.897,256332400.0
4.12,0.0,0.341,0.341,0.321,0.341,0.321,0.0,0.0,0.0,0.0,7.82,67.298,66.843,256956100.0
4.13,0.0,0.34,0.34,0.321,0.34,0.321,0.0,0.0,0.0,0.0,7.81,67.242,66.789,257579800.0
4.14,0.0,0.339,0.339,0.32,0.339,0.32,0.0,0.0,0.0,0.0,7.81,67.186,66.736,258203400.0
4.15,0.0,0.338,0.338,0.319,0.338,0.319,0.0,0.0,0.0,0.0,7.8,67.131,66.682,258827100.0
4.16,0.0,0.338,0.338,0.318,0.338,0.318,0.0,0.0,0.0,0.0,7.8,67.076,66.629,259450800.0
4.17,0.0,0.337,0.337,0.318,0.337,0.318,0.0,0.0,0.0,0.0,7.79,67.021,66.576,260074500.0
4.18,0.0,0.336,0.336,0.317,0.336,0.317,0.0,0.0,0.0,0.0,7.78,66.966,66.523,260698100.0
4.19,0.0,0.335,0.335,0.316,0.335,0.316,0.0,0.0,0.0,0.0,7.78,66.912,66.471,261321800.0
4.2,0.0,0.335,0.335,0.316,0.335,0.316,0.0,0.0,0.0,0.0,7.77,66.858,66.419,261945500.0
4.21,0.0,0.334,0.334,0.315,0.334,0.315,0.0,0.0,0.0,0.0,7.77,66.804,66.367,262569200.0
4.22,0.0,0.333,0.333,0.314,0.333,0.314,0.0,0.0,0.0,0.0,7.76,66.75,66.315,263192900.0
4.23,0.0,0.332,0.332,0.314,0.332,0.314,0.0,0.0,0.0,0.0,7.76,66.7,66.267,263816600.0
4.24,0.0,0.332,0.332,0.313,0.332,0.313,0.0,0.0,0.0,0.0,7.75,66.671,66.238,264440200.0
4.25,0.0,0.331,0.331,0.312,0.331,0.312,0.0,0.0,0.0,0.0,7.73,66.641,66.209,265063900.0
4.26,0.0,0.33,0.33,0.311,0.33,0.311,0.0,0.0,0.0,0.0,7.72,66.612,66.18,265687600.0
4.27,0.0,0.329,0.329,0.311,0.329,0.311,0.0,0.0,0.0,0.0,7.71,66.582,66.151,266311300.0
4.28,0.0,0.329,0.329,0.31,0.329,0.31,0.0,0.0,0.0,0.0,7.7,66.553,66.122,266935000.0
4.29,0.0,0.328,0.328,0.309,0.328,0.309,0.0,0.0,0.0,0.0,7.69,66.523,66.093,267558600.0
4.3,0.0,0.327,0.327,0.309,0.327,0.309,0.0,0.0,0.0,0.0,7.68,66.494,66.064,268182300.0
4.31,0.0,0.327,0.327,0.308,0.327,0.308,0.0,0.0,0.0,0.0,7.66,66.465,66.035,268806000.0
4.32,0.0,0.326,0.326,0.307,0.326,0.307,0.0,0.0,0.0,0.0,7.65,66.435,66.007,269429700.0
4.33,0.0,0.325,0.325,0.307,0.325,0.307,0.0,0.0,0.0,0.0,7.64,66.406,65.978,270053300.0
4.34,0.0,0.324,0.324,0.306,0.324,0.306,0.0,0.0,0.0,0.0,7.63,66.377,65.949,270677100.0
4.35,0.0,0.324,0.324,0.306,0.324,0.306,0.0,0.0,0.0,0.0,7.62,66.347,65.921,271300700.0
4.36,0.0,0.323,0.323,0.305,0.323,0.305,0.0,0.0,0.0,0.0,7.61,66.318,65.892,271924400.0
4.37,0.0,0.322,0.322,0.304,0.322,0.304,0.0,0.0,0.0,0.0,7.6,66.289,65.863,272548100.0
4.38,0.0,0.322,0.322,0.304,0.322,0.304,0.0,0.0,0.0,0.0,7.58,66.26,65.835,273171700.0
4.39,0.0,0.321,0.321,0.303,0.321,0.303,0.0,0.0,0.0,0.0,7.57,66.231,65.806,273795400.0
4.4,0.0,0.32,0.32,0.302,0.32,0.302,0.0,0.0,0.0,0.0,7.56,66.201,65.777,274419100.0
4.41,0.0,0.32,0.32,0.302,0.32,0.302,0.0,0.0,0.0,0.0,7.55,66.172,65.749,275042800.0
4.42,0.0,0.319,0.319,0.301,0.319,0.301,0.0,0.0,0.0,0.0,7.54,66.143,65.72,275666500.0
4.43,0.0,0.318,0.318,0.301,0.318,0.301,0.0,0.0,0.0,0.0,7.53,66.114,65.692,276290100.0
4.44,0.0,0.318,0.318,0.3,0.318,0.3,0.0,0.0,0.0,0.0,7.52,66.085,65.663,276913800.0
4.45,0.0,0.317,0.317,0.299,0.317,0.299,0.0,0.0,0.0,0.0,7.51,66.056,65.635,277537500.0
4.46,0.0,0.316,0.316,0.299,0.316,0.299,0.0,0.0,0.0,0.0,7.5,66.027,65.607,278161200.0
4.47,0.0,0.316,0.316,0.298,0.316,0.298,0.0,0.0,0.0,0.0,7.49,65.998,65.578,278784900.0
4.48,0.0,0.315,0.315,0.298,0.315,0.298,0.0,0.0,0.0,0.0,7.47,65.969,65.55,279408500.0
4.49,0.0,0.314,0.314,0.297,0.314,0.297,0.0,0.0,0.0,0.0,7.46,65.94,65.522,280032200.0
4.5,0.0,0.314,0.314,0.296,0.314,0.296,0.0,0.0,0.0,0.0,7.45,65.911,65.493,280655900.0
4.51,0.0,0.313,0.313,0.296,0.313,0.296,0.0,0.0,0.0,0.0,7.44,65.882,65.465,281279600.0
4.52,0.0,0.312,0.312,0.295,0.312,0.295,0.0,0.0,0.0,0.0,7.43,65.853,65.437,281903300.0
4.53,0.0,0.312,0.312,0.295,0.312,0.295,0.0,0.0,0.0,0.0,7.42,65.825,65.409,282527000.0
4.54,0.0,0.311,0.311,0.294,0.311,0.294,0.0,0.0,0.0,0.0,7.41,65.796,65.381,283150600.0
4.55,0.0,0.31,0.31,0.294,0.31,0.294,0.0,0.0,0.0,0.0,7.4,65.767,65.352,283774300.0
4.56,0.0,0.31,0.31,0.293,0.31,0.293,0.0,0.0,0.0,0.0,7.39,65.738,65.324,284398000.0
4.57,0.0,0.309,0.309,0.292,0.309,0.292,0.0,0.0,0.0,0.0,7.38,65.71,65.296,285021700.0
4.58,0.0,0.308,0.308,0.292,0.308,0.292,0.0,0.0,0.0,0.0,7.37,65.681,65.268,285645300.0
4.59,0.0,0.308,0.308,0.291,0.308,0.291,0.0,0.0,0.0,0.0,7.36,65.652,65.24,286269000.0
4.6,0.0,0.307,0.307,0.291,0.307,0.291,0.0,0.0,0.0,0.0,7.35,65.624,65.212,286892700.0
4.61,0.0,0.306,0.306,0.29,0.306,0.29,0.0,0.0,0.0,0.0,7.34,65.595,65.184,287516400.0
4.62,0.0,0.306,0.306,0.29,0.306,0.29,0.0,0.0,0.0,0.0,7.33,65.566,65.156,288140100.0
4.63,0.0,0.305,0.305,0.289,0.305,0.289,0.0,0.0,0.0,0.0,7.32,65.538,65.128,288763700.0
4.64,0.0,0.304,0.304,0.289,0.304,0.289,0.0,0.0,0.0,0.0,7.31,65.509,65.101,289387400.0
4.65,0.0,0.304,0.304,0.288,0.304,0.288,0.0,0.0,0.0,0.0,7.3,65.481,65.073,290011100.0
4.66,0.0,0.303,0.303,0.287,0.303,0.287,0.0,0.0,0.0,0.0,7.29,65.452,65.045,290634800.0
4.67,0.0,0.303,0.303,0.287,0.303,0.287,0.0,0.0,0.0,0.0,7.28,65.424,65.017,291258500.0
4.68,0.0,0.302,0.302,0.286,0.302,0.286,0.0,0.0,0.0,0.0,7.27,65.395,64.989,291882100.0
4.69,0.0,0.301,0.301,0.286,0.301,0.286,0.0,0.0,0.0,0.0,7.26,65.367,64.962,292505800.0
4.7,0.0,0.301,0.301,0.285,0.301,0.285,0.0,0.0,0.0,0.0,7.25,65.339,64.934,293129500.0
4.71,0.0,0.3,0.3,0.285,0.3,0.285,0.0,0.0,0.0,0.0,7.24,65.31,64.906,293753200.0
4.72,0.0,0.3,0.3,0.284,0.3,0.284,0.0,0.0,0.0,0.0,7.23,65.282,64.879,294376900.0
4.73,0.0,0.299,0.299,0.284,0.299,0.284,0.0,0.0,0.0,0.0,7.22,65.254,64.851,295000500.0
4.74,0.0,0.298,0.298,0.283,0.298,0.283,0.0,0.0,0.0,0.0,7.21,65.226,64.824,295624200.0
4.75,0.0,0.298,0.298,0.283,0.298,0.283,0.0,0.0,0.0,0.0,7.2,65.197,64.796,296247900.0
4.76,0.0,0.297,0.297,0.282,0.297,0.282,0.0,0.0,0.0,0.0,7.19,65.169,64.769,296871600.0
4.77,0.0,0.297,0.297,0.282,0.297,0.282,0.0,0.0,0.0,0.0,7.18,65.141,64.741,297495300.0
4.78,0.0,0.296,0.296,0.281,0.296,0.281,0.0,0.0,0.0,0.0,7.17,65.113,64.714,298118900.0
4.79,0.0,0.295,0.295,0.28,0.295,0.28,0.0,0.0,0.0,0.0,7.16,65.085,64.686,298742600.0
4.8,0.0,0.295,0.295,0.28,0.295,0.28,0.0,0.0,0.0,0.0,7.15,65.057,64.659,299366300.0
4.81,0.0,0.294,0.294,0.279,0.294,0.279,0.0,0.0,0.0,0.0,7.14,65.028,64.632,299990000.0
4.82,0.0,0.294,0.294,0.279,0.294,0.279,0.0,0.0,0.0,0.0,7.13,65.0,64.604,300613700.0
4.83,0.0,0.293,0.293,0.278,0.293,0.278,0.0,0.0,0.0,0.0,7.12,64.972,64.577,301237300.0
4.84,0.0,0.292,0.292,0.278,0.292,0.278,0.0,0.0,0.0,0.0,7.11,64.944,64.55,301861000.0
4.85,0.0,0.292,0.292,0.277,0.292,0.277,0.0,0.0,0.0,0.0,7.1,64.917,64.522,302484700.0
4.86,0.0,0.291,0.291,0.277,0.291,0.277,0.0,0.0,0.0,0.0,7.09,64.889,64.495,303108400.0
4.87,0.0,0.291,0.291,0.276,0.291,0.276,0.0,0.0,0.0,0.0,7.08,64.861,64.468,303732100.0
4.88,0.0,0.29,0.29,0.276,0.29,0.276,0.0,0.0,0.0,0.0,7.07,64.833,64.441,304355700.0
4.89,0.0,0.29,0.29,0.275,0.29,0.275,0.0,0.0,0.0,0.0,7.06,64.805,64.414,304979400.0
4.9,0.0,0.289,0.289,0.275,0.289,0.275,0.0,0.0,0.0,0.0,7.05,64.777,64.387,305603100.0
4.91,0.0,0.288,0.288,0.274,0.288,0.274,0.0,0.0,0.0,0.0,7.04,64.749,64.36,306226800.0
4.92,0.0,0.288,0.288,0.274,0.288,0.274,0.0,0.0,0.0,0.0,7.03,64.722,64.333,306850500.0
4.93,0.0,0.287,0.287,0.273,0.287,0.273,0.0,0.0,0.0,0.0,7.03,64.694,64.306,307474100.0
4.94,0.0,0.287,0.287,0.273,0.287,0.273,0.0,0.0,0.0,0.0,7.02,64.666,64.279,308097800.0
4.95,0.0,0.286,0.286,0.272,0.286,0.272,0.0,0.0,0.0,0.0,7.01,64.639,64.252,308721500.0
4.96,0.0,0.286,0.286,0.272,0.286,0.272,0.0,0.0,0.0,0.0,7.0,64.611,64.225,309345200.0
4.97,0.0,0.285,0.285,0.271,0.285,0.271,0.0,0.0,0.0,0.0,6.99,64.583,64.198,309968800.0
4.98,0.0,0.284,0.284,0.271,0.284,0.271,0.0,0.0,0.0,0.0,6.98,64.556,64.171,310592500.0
4.99,0.0,0.284,0.284,0.27,0.284,0.27,0.0,0.0,0.0,0.0,6.97,64.528,64.144,311216200.0
5.0,0.0,0.283,0.283,0.27,0.283,0.27,0.0,0.0,0.0,0.0,6.96,64.501,64.118,311839900.0
5.01,0.0,0.283,0.283,0.269,0.283,0.269,0.0,0.0,0.0,0.0,6.95,64.473,64.091,312463600.0
5.02,0.0,0.282,0.282,0.269,0.282,0.269,0.0,0.0,0.0,0.0,6.94,64.446,64.064,313087300.0
5.03,0.0,0.282,0.282,0.268,0.282,0.268,0.0,0.0,0.0,0.0,6.93,64.418,64.038,313710900.0
5.04,0.0,0.281,0.281,0.268,0.281,0.268,0.0,0.0,0.0,0.0,6.93,64.391,64.011,314334600.0
5.05,0.0,0.281,0.281,0.267,0.281,0.267,0.0,0.0,0.0,0.0,6.92,64.364,63.984,314958300.0
5.06,0.0,0.28,0.28,0.267,0.28,0.267,0.0,0.0,0.0,0.0,6.91,64.336,63.958,315582000.0
5.07,0.0,0.279,0.279,0.266,0.279,0.266,0.0,0.0,0.0,0.0,6.9,64.309,63.931,316205700.0
5.08,0.0,0.279,0.279,0.266,0.279,0.266,0.0,0.0,0.0,0.0,6.89,64.282,63.905,316829300.0
5.09,0.0,0.278,0.278,0.265,0.278,0.265,0.0,0.0,0.0,0.0,6.88,64.254,63.878,317453000.0
5.1,0.0,0.278,0.278,0.265,0.278,0.265,0.0,0.0,0.0,0.0,6.87,64.227,63.852,318076700.0
5.11,0.0,0.277,0.277,0.264,0.277,0.264,0.0,0.0,0.0,0.0,6.86,64.2,63.825,318700400.0
5.12,0.0,0.277,0.277,0.264,0.277,0.264,0.0,0.0,0.0,0.0,6.86,64.173,63.799,319324100.0
5.13,0.0,0.276,0.276,0.263,0.276,0.263,0.0,0.0,0.0,0.0,6.85,64.146,63.773,319947700.0
5.14,0.0,0.276,0.276,0.263,0.276,0.263,0.0,0.0,0.0,0.0,6.84,64.118,63.746,320571400.0
5.15,0.0,0.275,0.275,0.263,0.275,0.263,0.0,0.0,0.0,0.0,6.83,64.091,63.72,321195100.0
5.16,0.0,0.275,0.275,0.262,0.275,0.262,0.0,0.0,0.0,0.0,6.82,64.064,63.694,321818800.0
5.17,0.0,0.274,0.274,0.262,0.274,0.262,0.0,0.0,0.0,0.0,6.81,64.037,63.667,322442500.0
5.18,0.0,0.274,0.274,0.261,0.274,0.261,0.0,0.0,0.0,0.0,6.8,64.01,63.641,323066100.0
5.19,0.0,0.273,0.273,0.261,0.273,0.261,0.0,0.0,0.0,0.0,6.8,63.983,63.615,323689800.0
5.2,0.0,0.273,0.273,0.26,0.273,0.26,0.0,0.0,0.0,0.0,6.79,63.956,63.589,324313500.0
5.21,0.0,0.272,0.272,0.26,0.272,0.26,0.0,0.0,0.0,0.0,6.78,63.929,63.563,324937200.0
5.22,0.0,0.272,0.272,0.259,0.272,0.259,0.0,0.0,0.0,0.0,6.77,63.902,63.537,325560800.0
5.23,0.0,0.271,0.271,0.259,0.271,0.259,0.0,0.0,0.0,0.0,6.76,63.876,63.511,326184500.0
5.24,0.0,0.27,0.27,0.258,0.27,0.258,0.0,0.0,0.0,0.0,6.75,63.849,63.485,326808200.0
5.25,0.0,0.27,0.27,0.258,0.27,0.258,0.0,0.0,0.0,0.0,6.75,63.822,63.459,327431900.0
5.26,0.0,0.269,0.269,0.257,0.269,0.257,0.0,0.0,0.0,0.0,6.74,63.795,63.433,328055600.0
5.27,0.0,0.269,0.269,0.257,0.269,0.257,0.0,0.0,0.0,0.0,6.73,63.768,63.407,328679300.0
5.28,0.0,0.268,0.268,0.256,0.268,0.256,0.0,0.0,0.0,0.0,6.72,63.742,63.381,329302900.0
5.29,0.0,0.268,0.268,0.256,0.268,0.256,0.0,0.0,0.0,0.0,6.71,63.715,63.355,329926600.0
5.3,0.0,0.267,0.267,0.256,0.267,0.256,0.0,0.0,0.0,0.0,6.71,63.688,63.329,330550300.0
5.31,0.0,0.267,0.267,0.255,0.267,0.255,0.0,0.0,0.0,0.0,6.7,63.662,63.303,331174000.0
5.32,0.0,0.266,0.266,0.255,0.266,0.255,0.0,0.0,0.0,0.0,6.69,63.635,63.278,331797700.0
5.33,0.0,0.266,0.266,0.254,0.266,0.254,0.0,0.0,0.0,0.0,6.68,63.609,63.252,332421300.0
5.34,0.0,0.265,0.265,0.254,0.265,0.254,0.0,0.0,0.0,0.0,6.67,63.582,63.226,333045000.0
5.35,0.0,0.265,0.265,0.253,0.265,0.253,0.0,0.0,0.0,0.0,6.67,63.556,63.201,333668700.0
5.36,0.0,0.264,0.264,0.253,0.264,0.253,0.0,0.0,0.0,0.0,6.66,63.529,63.175,334292400.0
5.37,0.0,0.264,0.264,0.252,0.264,0.252,0.0,0.0,0.0,0.0,6.65,63.503,63.149,334916000.0
5.38,0.0,0.263,0.263,0.252,0.263,0.252,0.0,0.0,0.0,0.0,6.64,63.476,63.124,335539700.0
5.39,0.0,0.263,0.263,0.251,0.263,0.251,0.0,0.0,0.0,0.0,6.63,63.45,63.098,336163400.0
5.4,0.0,0.262,0.262,0.251,0.262,0.251,0.0,0.0,0.0,0.0,6.63,63.423,63.073,336787100.0
5.41,0.0,0.262,0.262,0.251,0.262,0.251,0.0,0.0,0.0,0.0,6.62,63.397,63.047,337410800.0
5.42,0.0,0.261,0.261,0.25,0.261,0.25,0.0,0.0,0.0,0.0,6.61,63.371,63.022,338034500.0
5.43,0.0,0.261,0.261,0.25,0.261,0.25,0.0,0.0,0.0,0.0,6.6,63.344,62.996,338658100.0
5.44,0.0,0.26,0.26,0.249,0.26,0.249,0.0,0.0,0.0,0.0,6.59,63.318,62.971,339281800.0
5.45,0.0,0.26,0.26,0.249,0.26,0.249,0.0,0.0,0.0,0.0,6.59,63.292,62.945,339905500.0
5.46,0.0,0.259,0.259,0.248,0.259,0.248,0.0,0.0,0.0,0.0,6.58,63.266,62.92,340529200.0
5.47,0.0,0.259,0.259,0.248,0.259,0.248,0.0,0.0,0.0,0.0,6.57,63.24,62.895,341152800.0
5.48,0.0,0.258,0.258,0.247,0.258,0.247,0.0,0.0,0.0,0.0,6.56,63.214,62.87,341776500.0
5.49,0.0,0.258,0.258,0.247,0.258,0.247,0.0,0.0,0.0,0.0,6.56,63.187,62.844,342400200.0
5.5,0.0,0.257,0.257,0.247,0.257,0.247,0.0,0.0,0.0,0.0,6.55,63.161,62.819,343023900.0
5.51,0.0,0.257,0.257,0.246,0.257,0.246,0.0,0.0,0.0,0.0,6.54,63.135,62.794,343647600.0
5.52,0.0,0.256,0.256,0.246,0.256,0.246,0.0,0.0,0.0,0.0,6.53,63.109,62.769,344271200.0
5.53,0.0,0.256,0.256,0.245,0.256,0.245,0.0,0.0,0.0,0.0,6.53,63.083,62.744,344894900.0
5.54,0.0,0.255,0.255,0.245,0.255,0.245,0.0,0.0,0.0,0.0,6.52,63.057,62.719,345518600.0
5.55,0.0,0.255,0.255,0.244,0.255,0.244,0.0,0.0,0.0,0.0,6.51,63.031,62.693,346142300.0
5.56,0.0,0.254,0.254,0.244,0.254,0.244,0.0,0.0,0.0,0.0,6.5,63.005,62.668,346766000.0
5.57,0.0,0.254,0.254,0.243,0.254,0.243,0.0,0.0,0.0,0.0,6.5,62.98,62.643,347389700.0
5.58,0.0,0.254,0.254,0.243,0.254,0.243,0.0,0.0,0.0,0.0,6.49,62.954,62.619,348013300.0
5.59,0.0,0.253,0.253,0.243,0.253,0.243,0.0,0.0,0.0,0.0,6.48,62.928,62.594,348637000.0
5.6,0.0,0.253,0.253,0.242,0.253,0.242,0.0,0.0,0.0,0.0,6.47,62.902,62.569,349260700.0
5.61,0.0,0.252,0.252,0.242,0.252,0.242,0.0,0.0,0.0,0.0,6.47,62.876,62.544,349884400.0
5.62,0.0,0.252,0.252,0.241,0.252,0.241,0.0,0.0,0.0,0.0,6.46,62.851,62.519,350508000.0
5.63,0.0,0.251,0.251,0.241,0.251,0.241,0.0,0.0,0.0,0.0,6.45,62.825,62.494,351131700.0
5.64,0.0,0.251,0.251,0.24,0.251,0.24,0.0,0.0,0.0,0.0,6.44,62.799,62.469,351755400.0
5.65,0.0,0.25,0.25,0.24,0.25,0.24,0.0,0.0,0.0,0.0,6.44,62.774,62.445,352379100.0
5.66,0.0,0.25,0.25,0.24,0.25,0.24,0.0,0.0,0.0,0.0,6.43,62.748,62.42,353002800.0
5.67,0.0,0.249,0.249,0.239,0.249,0.239,0.0,0.0,0.0,0.0,6.42,62.722,62.395,353626500.0
5.68,0.0,0.249,0.249,0.239,0.249,0.239,0.0,0.0,0.0,0.0,6.41,62.697,62.371,354250100.0
5.69,0.0,0.248,0.248,0.238,0.248,0.238,0.0,0.0,0.0,0.0,6.41,62.671,62.346,354873800.0
5.7,0.0,0.248,0.248,0.238,0.248,0.238,0.0,0.0,0.0,0.0,6.4,62.646,62.321,355497500.0
5.71,0.0,0.247,0.247,0.237,0.247,0.237,0.0,0.0,0.0,0.0,6.39,62.62,62.297,356121200.0
5.72,0.0,0.247,0.247,0.237,0.247,0.237,0.0,0.0,0.0,0.0,6.39,62.595,62.272,356744800.0
5.73,0.0,0.246,0.246,0.236,0.246,0.236,0.0,0.0,0.0,0.0,6.38,62.57,62.248,357368500.0
5.74,0.0,0.246,0.246,0.236,0.246,0.236,0.0,0.0,0.0,0.0,6.38,62.544,62.218,357992200.0
5.75,0.0,0.245,0.245,0.236,0.245,0.236,0.0,0.0,0.0,0.0,6.38,62.519,62.184,358615900.0
5.76,0.0,0.245,0.245,0.235,0.245,0.235,0.0,0.0,0.0,0.0,6.38,62.493,62.15,359239600.0
5.77,0.0,0.244,0.244,0.235,0.244,0.235,0.0,0.0,0.0,0.0,6.39,62.468,62.117,359863200.0
5.78,0.0,0.244,0.244,0.234,0.244,0.234,0.0,0.0,0.0,0.0,6.39,62.443,62.083,360486900.0
5.79,0.0,0.244,0.244,0.234,0.244,0.234,0.0,0.0,0.0,0.0,6.39,62.418,62.05,361110600.0
5.8,0.0,0.243,0.243,0.233,0.243,0.233,0.0,0.0,0.0,0.0,6.39,62.392,62.017,361734300.0
5.81,0.0,0.243,0.243,0.233,0.243,0.233,0.0,0.0,0.0,0.0,6.4,62.367,61.984,362358000.0
5.82,0.0,0.242,0.242,0.233,0.242,0.233,0.0,0.0,0.0,0.0,6.4,62.342,61.951,362981700.0
5.83,0.0,0.242,0.242,0.232,0.242,0.232,0.0,0.0,0.0,0.0,6.4,62.317,61.918,363605300.0
5.84,0.0,0.241,0.241,0.232,0.241,0.232,0.0,0.0,0.0,0.0,6.41,62.292,61.885,364229000.0
5.85,0.0,0.241,0.241,0.231,0.241,0.231,0.0,0.0,0.0,0.0,6.41,62.267,61.852,364852700.0
5.86,0.0,0.24,0.24,0.231,0.24,0.231,0.0,0.0,0.0,0.0,6.41,62.242,61.82,365476400.0
5.87,0.0,0.24,0.24,0.231,0.24,0.231,0.0,0.0,0.0,0.0,6.41,62.217,61.787,366100000.0
5.88,0.0,0.24,0.24,0.23,0.24,0.23,0.0,0.0,0.0,0.0,6.42,62.192,61.755,366723700.0
5.89,0.0,0.239,0.239,0.23,0.239,0.23,0.0,0.0,0.0,0.0,6.42,62.167,61.723,367347400.0
5.9,0.0,0.239,0.239,0.23,0.239,0.23,0.0,0.0,0.0,0.0,6.42,62.142,61.691,367971100.0
5.91,0.0,0.239,0.239,0.229,0.239,0.229,0.0,0.0,0.0,0.0,6.43,62.117,61.659,368594800.0
5.92,0.0,0.238,0.238,0.229,0.238,0.229,0.0,0.0,0.0,0.0,6.43,62.092,61.627,369218400.0
5.93,0.0,0.238,0.238,0.229,0.238,0.229,0.0,0.0,0.0,0.0,6.43,62.067,61.595,369842100.0
5.94,0.0,0.238,0.238,0.229,0.238,0.229,0.0,0.0,0.0,0.0,6.44,62.042,61.563,370465800.0
5.95,0.0,0.237,0.237,0.228,0.237,0.228,0.0,0.0,0.0,0.0,6.44,62.018,61.532,371089500.0
5.96,0.0,0.237,0.237,0.228,0.237,0.228,0.0,0.0,0.0,0.0,6.44,61.993,61.5,371713200.0
5.97,0.0,0.237,0.237,0.228,0.237,0.228,0.0,0.0,0.0,0.0,6.45,61.968,61.469,372336800.0
5.98,0.0,0.236,0.236,0.227,0.236,0.227,0.0,0.0,0.0,0.0,6.45,61.943,61.438,372960500.0
5.99,0.0,0.236,0.236,0.227,0.236,0.227,0.0,0.0,0.0,0.0,6.45,61.919,61.406,373584200.0
6.0,0.0,0.236,0.236,0.227,0.236,0.227,0.0,0.0,0.0,0.0,6.46,61.894,61.375,374207900.0
6.01,0.0,0.235,0.235,0.227,0.235,0.227,0.0,0.0,0.0,0.0,6.46,61.869,61.344,374831600.0
6.02,0.0,0.235,0.235,0.226,0.235,0.226,0.0,0.0,0.0,0.0,6.46,61.845,61.314,375455200.0
6.03,0.0,0.235,0.235,0.226,0.235,0.226,0.0,0.0,0.0,0.0,6.47,61.82,61.283,376078900.0
6.04,0.0,0.235,0.235,0.226,0.235,0.226,0.0,0.0,0.0,0.0,6.47,61.796,61.252,376702600.0
6.05,0.0,0.234,0.234,0.226,0.234,0.226,0.0,0.0,0.0,0.0,6.47,61.771,61.222,377326300.0
6.06,0.0,0.234,0.234,0.225,0.234,0.225,0.0,0.0,0.0,0.0,6.48,61.747,61.192,377950000.0
6.07,0.0,0.234,0.234,0.225,0.234,0.225,0.0,0.0,0.0,0.0,6.48,61.722,61.161,378573700.0
6.08,0.0,0.234,0.234,0.225,0.234,0.225,0.0,0.0,0.0,0.0,6.48,61.698,61.131,379197300.0
6.09,0.0,0.233,0.233,0.225,0.233,0.225,0.0,0.0,0.0,0.0,6.49,61.673,61.101,379821000.0
6.1,0.0,0.233,0.233,0.225,0.233,0.225,0.0,0.0,0.0,0.0,6.49,61.649,61.071,380444700.0
6.11,0.0,0.233,0.233,0.224,0.233,0.224,0.0,0.0,0.0,0.0,6.49,61.625,61.041,381068400.0
6.12,0.0,0.233,0.233,0.224,0.233,0.224,0.0,0.0,0.0,0.0,6.5,61.6,61.011,381692000.0
6.13,0.0,0.232,0.232,0.224,0.232,0.224,0.0,0.0,0.0,0.0,6.5,61.576,60.982,382315700.0
6.14,0.0,0.232,0.232,0.224,0.232,0.224,0.0,0.0,0.0,0.0,6.5,61.552,60.952,382939400.0
6.15,0.0,0.232,0.232,0.223,0.232,0.223,0.0,0.0,0.0,0.0,6.51,61.528,60.923,383563100.0
6.16,0.0,0.232,0.232,0.223,0.232,0.223,0.0,0.0,0.0,0.0,6.51,61.503,60.894,384186800.0
6.17,0.0,0.231,0.231,0.223,0.231,0.223,0.0,0.0,0.0,0.0,6.51,61.479,60.864,384810400.0
6.18,0.0,0.231,0.231,0.223,0.231,0.223,0.0,0.0,0.0,0.0,6.52,61.455,60.835,385434100.0
6.19,0.0,0.231,0.231,0.223,0.231,0.223,0.0,0.0,0.0,0.0,6.52,61.431,60.806,386057800.0
6.2,0.0,0.231,0.231,0.222,0.231,0.222,0.0,0.0,0.0,0.0,6.52,61.407,60.777,386681500.0
6.21,0.0,0.23,0.23,0.222,0.23,0.222,0.0,0.0,0.0,0.0,6.53,61.383,60.749,387305200.0
6.22,0.0,0.23,0.23,0.222,0.23,0.222,0.0,0.0,0.0,0.0,6.53,61.359,60.72,387928800.0
6.23,0.0,0.23,0.23,0.222,0.23,0.222,0.0,0.0,0.0,0.0,6.54,61.335,60.691,388552500.0
6.24,0.0,0.23,0.23,0.222,0.23,0.222,0.0,0.0,0.0,0.0,6.54,61.311,60.663,389176200.0
6.25,0.0,0.229,0.229,0.221,0.229,0.221,0.0,0.0,0.0,0.0,6.54,61.287,60.634,389799900.0
6.26,0.0,0.229,0.229,0.221,0.229,0.221,0.0,0.0,0.0,0.0,6.55,61.263,60.606,390423600.0
6.27,0.0,0.229,0.229,0.221,0.229,0.221,0.0,0.0,0.0,0.0,6.55,61.239,60.578,391047200.0
6.28,0.0,0.229,0.229,0.221,0.229,0.221,0.0,0.0,0.0,0.0,6.55,61.215,60.55,391670900.0
6.29,0.0,0.228,0.228,0.22,0.228,0.22,0.0,0.0,0.0,0.0,6.56,61.191,60.522,392294600.0
6.3,0.0,0.228,0.228,0.22,0.228,0.22,0.0,0.0,0.0,0.0,6.56,61.167,60.494,392918300.0
6.31,0.0,0.228,0.228,0.22,0.228,0.22,0.0,0.0,0.0,0.0,6.57,61.144,60.466,393542000.0
6.32,0.0,0.228,0.228,0.22,0.228,0.22,0.0,0.0,0.0,0.0,6.57,61.12,60.439,394165600.0
6.33,0.0,0.227,0.227,0.22,0.227,0.22,0.0,0.0,0.0,0.0,6.57,61.096,60.411,394789300.0
6.34,0.0,0.227,0.227,0.219,0.227,0.219,0.0,0.0,0.0,0.0,6.58,61.072,60.383,395413000.0
6.35,0.0,0.227,0.227,0.219,0.227,0.219,0.0,0.0,0.0,0.0,6.58,61.049,60.356,396036700.0
6.36,0.0,0.227,0.227,0.219,0.227,0.219,0.0,0.0,0.0,0.0,6.59,61.025,60.329,396660400.0
6.37,0.0,0.226,0.226,0.219,0.226,0.219,0.0,0.0,0.0,0.0,6.59,61.001,60.302,397284000.0
6.38,0.0,0.226,0.226,0.219,0.226,0.219,0.0,0.0,0.0,0.0,6.59,60.978,60.275,397907700.0
6.39,0.0,0.226,0.226,0.218,0.226,0.218,0.0,0.0,0.0,0.0,6.6,60.954,60.248,398531400.0
6.4,0.0,0.226,0.226,0.218,0.226,0.218,0.0,0.0,0.0,0.0,6.6,60.931,60.221,399155100.0
6.41,0.0,0.225,0.225,0.218,0.225,0.218,0.0,0.0,0.0,0.0,6.61,60.907,60.194,399778800.0
6.42,0.0,0.225,0.225,0.218,0.225,0.218,0.0,0.0,0.0,0.0,6.61,60.884,60.167,400402400.0
6.43,0.0,0.225,0.225,0.217,0.225,0.217,0.0,0.0,0.0,0.0,6.61,60.86,60.141,401026100.0
6.44,0.0,0.225,0.225,0.217,0.225,0.217,0.0,0.0,0.0,0.0,6.62,60.837,60.114,401649800.0
6.45,0.0,0.224,0.224,0.217,0.224,0.217,0.0,0.0,0.0,0.0,6.62,60.813,60.088,402273500.0
6.46,0.0,0.224,0.224,0.217,0.224,0.217,0.0,0.0,0.0,0.0,6.63,60.79,60.061,402897200.0
6.47,0.0,0.224,0.224,0.217,0.224,0.217,0.0,0.0,0.0,0.0,6.63,60.766,60.035,403520800.0
6.48,0.0,0.224,0.224,0.216,0.224,0.216,0.0,0.0,0.0,0.0,6.63,60.743,60.009,404144500.0
6.49,0.0,0.223,0.223,0.216,0.223,0.216,0.0,0.0,0.0,0.0,6.64,60.72,59.983,404768200.0
6.5,0.0,0.223,0.223,0.216,0.223,0.216,0.0,0.0,0.0,0.0,6.64,60.697,59.957,405391900.0
6.51,0.0,0.223,0.223,0.216,0.223,0.216,0.0,0.0,0.0,0.0,6.65,60.673,59.931,406015600.0
6.52,0.0,0.223,0.223,0.216,0.223,0.216,0.0,0.0,0.0,0.0,6.65,60.65,59.906,406639200.0
6.53,0.0,0.222,0.222,0.215,0.222,0.215,0.0,0.0,0.0,0.0,6.65,60.627,59.88,407262900.0
6.54,0.0,0.222,0.222,0.215,0.222,0.215,0.0,0.0,0.0,0.0,6.66,60.604,59.855,407886600.0
6.55,0.0,0.222,0.222,0.215,0.222,0.215,0.0,0.0,0.0,0.0,6.66,60.58,59.829,408510300.0
6.56,0.0,0.222,0.222,0.215,0.222,0.215,0.0,0.0,0.0,0.0,6.67,60.557,59.804,409134000.0
6.57,0.0,0.222,0.222,0.215,0.222,0.215,0.0,0.0,0.0,0.0,6.67,60.534,59.779,409757600.0
6.58,0.0,0.221,0.221,0.214,0.221,0.214,0.0,0.0,0.0,0.0,6.68,60.511,59.753,410381300.0
6.59,0.0,0.221,0.221,0.214,0.221,0.214,0.0,0.0,0.0,0.0,6.68,60.488,59.728,411005000.0
6.6,0.0,0.221,0.221,0.214,0.221,0.214,0.0,0.0,0.0,0.0,6.68,60.465,59.703,411628700.0
6.61,0.0,0.221,0.221,0.214,0.221,0.214,0.0,0.0,0.0,0.0,6.69,60.442,59.679,412252400.0
6.62,0.0,0.22,0.22,0.213,0.22,0.213,0.0,0.0,0.0,0.0,6.69,60.419,59.654,412876000.0
6.63,0.0,0.22,0.22,0.213,0.22,0.213,0.0,0.0,0.0,0.0,6.7,60.396,59.629,413499700.0
6.64,0.0,0.22,0.22,0.213,0.22,0.213,0.0,0.0,0.0,0.0,6.7,60.373,59.604,414123400.0
6.65,0.0,0.22,0.22,0.213,0.22,0.213,0.0,0.0,0.0,0.0,6.71,60.35,59.58,414747100.0
6.66,0.0,0.219,0.219,0.213,0.219,0.213,0.0,0.0,0.0,0.0,6.71,60.327,59.556,415370800.0
6.67,0.0,0.219,0.219,0.212,0.219,0.212,0.0,0.0,0.0,0.0,6.71,60.305,59.531,415994400.0
6.68,0.0,0.219,0.219,0.212,0.219,0.212,0.0,0.0,0.0,0.0,6.72,60.282,59.507,416618100.0
6.69,0.0,0.219,0.219,0.212,0.219,0.212,0.0,0.0,0.0,0.0,6.72,60.259,59.483,417241800.0
6.7,0.0,0.218,0.218,0.212,0.218,0.212,0.0,0.0,0.0,0.0,6.73,60.236,59.459,417865400.0
6.71,0.0,0.218,0.218,0.212,0.218,0.212,0.0,0.0,0.0,0.0,6.73,60.213,59.435,418489200.0
6.72,0.0,0.218,0.218,0.211,0.218,0.211,0.0,0.0,0.0,0.0,6.74,60.191,59.411,419112800.0
6.73,0.0,0.218,0.218,0.211,0.218,0.211,0.0,0.0,0.0,0.0,6.74,60.168,59.387,419736500.0
6.74,0.0,0.218,0.218,0.211,0.218,0.211,0.0,0.0,0.0,0.0,6.75,60.145,59.364,420360200.0
6.75,0.0,0.217,0.217,0.211,0.217,0.211,0.0,0.0,0.0,0.0,6.75,60.123,59.34,420983900.0
6.76,0.0,0.217,0.217,0.211,0.217,0.211,0.0,0.0,0.0,0.0,6.75,60.1,59.316,421607600.0
6.77,0.0,0.217,0.217,0.21,0.217,0.21,0.0,0.0,0.0,0.0,6.76,60.077,59.293,422231200.0
6.78,0.0,0.217,0.217,0.21,0.217,0.21,0.0,0.0,0.0,0.0,6.76,60.055,59.27,422854900.0
6.79,0.0,0.216,0.216,0.21,0.216,0.21,0.0,0.0,0.0,0.0,6.77,60.032,59.246,423478600.0
6.8,0.0,0.216,0.216,0.21,0.216,0.21,0.0,0.0,0.0,0.0,6.77,60.01,59.223,424102300.0
6.81,0.0,0.216,0.216,0.21,0.216,0.21,0.0,0.0,0.0,0.0,6.78,59.987,59.2,424726000.0
6.82,0.0,0.216,0.216,0.209,0.216,0.209,0.0,0.0,0.0,0.0,6.78,59.965,59.177,425349600.0
6.83,0.0,0.216,0.216,0.209,0.216,0.209,0.0,0.0,0.0,0.0,6.79,59.942,59.154,425973300.0
6.84,0.0,0.215,0.215,0.209,0.215,0.209,0.0,0.0,0.0,0.0,6.79,59.92,59.132,426597000.0
6.85,0.0,0.215,0.215,0.209,0.215,0.209,0.0,0.0,0.0,0.0,6.8,59.898,59.109,427220700.0
6.86,0.0,0.215,0.215,0.209,0.215,0.209,0.0,0.0,0.0,0.0,6.8,59.875,59.086,427844400.0
6.87,0.0,0.215,0.215,0.208,0.215,0.208,0.0,0.0,0.0,0.0,6.81,59.853,59.064,428468000.0
6.88,0.0,0.214,0.214,0.208,0.214,0.208,0.0,0.0,0.0,0.0,6.81,59.831,59.041,429091700.0
6.89,0.0,0.214,0.214,0.208,0.214,0.208,0.0,0.0,0.0,0.0,6.81,59.808,59.019,429715400.0
6.9,0.0,0.214,0.214,0.208,0.214,0.208,0.0,0.0,0.0,0.0,6.82,59.786,58.997,430339100.0
6.91,0.0,0.214,0.214,0.208,0.214,0.208,0.0,0.0,0.0,0.0,6.82,59.764,58.974,430962700.0
6.92,0.0,0.213,0.213,0.207,0.213,0.207,0.0,0.0,0.0,0.0,6.83,59.742,58.952,431586400.0
6.93,0.0,0.213,0.213,0.207,0.213,0.207,0.0,0.0,0.0,0.0,6.83,59.719,58.93,432210100.0
6.94,0.0,0.213,0.213,0.207,0.213,0.207,0.0,0.0,0.0,0.0,6.84,59.697,58.908,432833800.0
6.95,0.0,0.213,0.213,0.207,0.213,0.207,0.0,0.0,0.0,0.0,6.84,59.675,58.886,433457400.0
6.96,0.0,0.213,0.213,0.207,0.213,0.207,0.0,0.0,0.0,0.0,6.85,59.653,58.865,434081200.0
6.97,0.0,0.212,0.212,0.206,0.212,0.206,0.0,0.0,0.0,0.0,6.85,59.631,58.843,434704800.0
6.98,0.0,0.212,0.212,0.206,0.212,0.206,0.0,0.0,0.0,0.0,6.86,59.609,58.821,435328500.0
6.99,0.0,0.212,0.212,0.206,0.212,0.206,0.0,0.0,0.0,0.0,6.86,59.587,58.8,435952200.0
7.0,0.0,0.212,0.212,0.206,0.212,0.206,0.0,0.0,0.0,0.0,6.87,59.565,58.778,436575900.0
7.01,0.0,0.212,0.212,0.206,0.212,0.206,0.0,0.0,0.0,0.0,6.87,59.543,58.757,437199600.0
7.02,0.0,0.211,0.211,0.205,0.211,0.205,0.0,0.0,0.0,0.0,6.88,59.521,58.736,437823200.0
7.03,0.0,0.211,0.211,0.205,0.211,0.205,0.0,0.0,0.0,0.0,6.88,59.499,58.714,438446900.0
7.04,0.0,0.211,0.211,0.205,0.211,0.205,0.0,0.0,0.0,0.0,6.89,59.477,58.693,439070600.0
7.05,0.0,0.211,0.211,0.205,0.211,0.205,0.0,0.0,0.0,0.0,6.89,59.455,58.672,439694300.0
7.06,0.0,0.211,0.211,0.205,0.211,0.205,0.0,0.0,0.0,0.0,6.9,59.433,58.651,440317900.0
7.07,0.0,0.21,0.21,0.205,0.21,0.205,0.0,0.0,0.0,0.0,6.9,59.411,58.63,440941600.0
7.08,0.0,0.21,0.21,0.205,0.21,0.205,0.0,0.0,0.0,0.0,6.91,59.389,58.61,441565300.0
7.09,0.0,0.21,0.21,0.204,0.21,0.204,0.0,0.0,0.0,0.0,6.91,59.368,58.589,442189000.0
7.1,0.0,0.21,0.21,0.204,0.21,0.204,0.0,0.0,0.0,0.0,6.92,59.346,58.568,442812600.0
7.11,0.0,0.21,0.21,0.204,0.21,0.204,0.0,0.0,0.0,0.0,6.92,59.324,58.548,443436400.0
7.12,0.0,0.21,0.21,0.204,0.21,0.204,0.0,0.0,0.0,0.0,6.93,59.302,58.527,444060000.0
7.13,0.0,0.209,0.209,0.204,0.209,0.204,0.0,0.0,0.0,0.0,6.93,59.281,58.507,444683700.0
7.14,0.0,0.209,0.209,0.204,0.209,0.204,0.0,0.0,0.0,0.0,6.94,59.259,58.487,445307400.0
7.15,0.0,0.209,0.209,0.204,0.209,0.204,0.0,0.0,0.0,0.0,6.94,59.237,58.466,445931100.0
7.16,0.0,0.209,0.209,0.203,0.209,0.203,0.0,0.0,0.0,0.0,6.95,59.216,58.446,446554700.0
7.17,0.0,0.209,0.209,0.203,0.209,0.203,0.0,0.0,0.0,0.0,6.95,59.194,58.427,447178400.0
7.18,0.0,0.209,0.209,0.203,0.209,0.203,0.0,0.0,0.0,0.0,6.95,59.172,58.41,447802100.0
7.19,0.0,0.208,0.208,0.203,0.208,0.203,0.0,0.0,0.0,0.0,6.94,59.151,58.392,448425800.0
7.2,0.0,0.208,0.208,0.203,0.208,0.203,0.0,0.0,0.0,0.0,6.94,59.129,58.375,449049400.0
7.21,0.0,0.208,0.208,0.203,0.208,0.203,0.0,0.0,0.0,0.0,6.94,59.108,58.358,449673200.0
7.22,0.0,0.208,0.208,0.203,0.208,0.203,0.0,0.0,0.0,0.0,6.93,59.086,58.341,450296800.0
7.23,0.0,0.208,0.208,0.202,0.208,0.202,0.0,0.0,0.0,0.0,6.93,59.065,58.324,450920500.0
7.24,0.0,0.208,0.208,0.202,0.208,0.202,0.0,0.0,0.0,0.0,6.92,59.043,58.307,451544200.0
7.25,0.0,0.207,0.207,0.202,0.207,0.202,0.0,0.0,0.0,0.0,6.92,59.022,58.291,452167800.0
7.26,0.0,0.207,0.207,0.202,0.207,0.202,0.0,0.0,0.0,0.0,6.92,59.001,58.274,452791600.0
7.27,0.0,0.207,0.207,0.202,0.207,0.202,0.0,0.0,0.0,0.0,6.91,58.979,58.257,453415200.0
7.28,0.0,0.207,0.207,0.202,0.207,0.202,0.0,0.0,0.0,0.0,6.91,58.958,58.24,454038900.0
7.29,0.0,0.207,0.207,0.202,0.207,0.202,0.0,0.0,0.0,0.0,6.91,58.936,58.223,454662600.0
7.3,0.0,0.207,0.207,0.201,0.207,0.201,0.0,0.0,0.0,0.0,6.9,58.915,58.206,455286300.0
7.31,0.0,0.207,0.207,0.201,0.207,0.201,0.0,0.0,0.0,0.0,6.9,58.894,58.19,455909900.0
7.32,0.0,0.206,0.206,0.201,0.206,0.201,0.0,0.0,0.0,0.0,6.9,58.873,58.173,456533600.0
7.33,0.0,0.206,0.206,0.201,0.206,0.201,0.0,0.0,0.0,0.0,6.89,58.851,58.156,457157300.0
7.34,0.0,0.206,0.206,0.201,0.206,0.201,0.0,0.0,0.0,0.0,6.89,58.83,58.14,457781000.0
7.35,0.0,0.206,0.206,0.201,0.206,0.201,0.0,0.0,0.0,0.0,6.89,58.809,58.123,458404600.0
7.36,0.0,0.206,0.206,0.201,0.206,0.201,0.0,0.0,0.0,0.0,6.88,58.788,58.107,459028400.0
7.37,0.0,0.206,0.206,0.2,0.206,0.2,0.0,0.0,0.0,0.0,6.88,58.767,58.09,459652000.0
7.38,0.0,0.205,0.205,0.2,0.205,0.2,0.0,0.0,0.0,0.0,6.88,58.746,58.073,460275700.0
7.39,0.0,0.205,0.205,0.2,0.205,0.2,0.0,0.0,0.0,0.0,6.87,58.724,58.057,460899400.0
7.4,0.0,0.205,0.205,0.2,0.205,0.2,0.0,0.0,0.0,0.0,6.87,58.703,58.04,461523100.0
7.41,0.0,0.205,0.205,0.2,0.205,0.2,0.0,0.0,0.0,0.0,6.87,58.682,58.024,462146700.0
7.42,0.0,0.205,0.205,0.2,0.205,0.2,0.0,0.0,0.0,0.0,6.86,58.661,58.008,462770400.0
7.43,0.0,0.205,0.205,0.2,0.205,0.2,0.0,0.0,0.0,0.0,6.86,58.64,57.991,463394100.0
7.44,0.0,0.204,0.204,0.199,0.204,0.199,0.0,0.0,0.0,0.0,6.86,58.619,57.975,464017800.0
7.45,0.0,0.204,0.204,0.199,0.204,0.199,0.0,0.0,0.0,0.0,6.85,58.598,57.959,464641400.0
7.46,0.0,0.204,0.204,0.199,0.204,0.199,0.0,0.0,0.0,0.0,6.85,58.577,57.942,465265100.0
7.47,0.0,0.204,0.204,0.199,0.204,0.199,0.0,0.0,0.0,0.0,6.85,58.557,57.926,465888800.0
7.48,0.0,0.204,0.204,0.199,0.204,0.199,0.0,0.0,0.0,0.0,6.84,58.536,57.91,466512500.0
7.49,0.0,0.204,0.204,0.199,0.204,0.199,0.0,0.0,0.0,0.0,6.84,58.515,57.894,467136200.0
7.5,0.0,0.204,0.204,0.199,0.204,0.199,0.0,0.0,0.0,0.0,6.84,58.494,57.877,467759800.0
7.51,0.0,0.203,0.203,0.199,0.203,0.199,0.0,0.0,0.0,0.0,6.83,58.473,57.861,468383600.0
7.52,0.0,0.203,0.203,0.198,0.203,0.198,0.0,0.0,0.0,0.0,6.83,58.452,57.845,469007200.0
7.53,0.0,0.203,0.203,0.198,0.203,0.198,0.0,0.0,0.0,0.0,6.83,58.431,57.829,469630900.0
7.54,0.0,0.203,0.203,0.198,0.203,0.198,0.0,0.0,0.0,0.0,6.82,58.411,57.813,470254600.0
7.55,0.0,0.203,0.203,0.198,0.203,0.198,0.0,0.0,0.0,0.0,6.82,58.39,57.797,470878300.0
7.56,0.0,0.203,0.203,0.198,0.203,0.198,0.0,0.0,0.0,0.0,6.82,58.369,57.781,471501900.0
7.57,0.0,0.203,0.203,0.198,0.203,0.198,0.0,0.0,0.0,0.0,6.81,58.349,57.765,472125600.0
7.58,0.0,0.202,0.202,0.198,0.202,0.198,0.0,0.0,0.0,0.0,6.81,58.328,57.749,472749300.0
7.59,0.0,0.202,0.202,0.197,0.202,0.197,0.0,0.0,0.0,0.0,6.81,58.307,57.733,473373000.0
7.6,0.0,0.202,0.202,0.197,0.202,0.197,0.0,0.0,0.0,0.0,6.81,58.287,57.717,473996600.0
7.61,0.0,0.202,0.202,0.197,0.202,0.197,0.0,0.0,0.0,0.0,6.8,58.266,57.701,474620300.0
7.62,0.0,0.202,0.202,0.197,0.202,0.197,0.0,0.0,0.0,0.0,6.8,58.246,57.685,475244000.0
7.63,0.0,0.202,0.202,0.197,0.202,0.197,0.0,0.0,0.0,0.0,6.8,58.225,57.67,475867700.0
7.64,0.0,0.201,0.201,0.197,0.201,0.197,0.0,0.0,0.0,0.0,6.79,58.204,57.654,476491400.0
7.65,0.0,0.201,0.201,0.197,0.201,0.197,0.0,0.0,0.0,0.0,6.79,58.184,57.638,477115000.0
7.66,0.0,0.201,0.201,0.196,0.201,0.196,0.0,0.0,0.0,0.0,6.79,58.163,57.622,477738700.0
7.67,0.0,0.201,0.201,0.196,0.201,0.196,0.0,0.0,0.0,0.0,6.78,58.143,57.607,478362400.0
7.68,0.0,0.201,0.201,0.196,0.201,0.196,0.0,0.0,0.0,0.0,6.78,58.123,57.591,478986100.0
7.69,0.0,0.201,0.201,0.196,0.201,0.196,0.0,0.0,0.0,0.0,6.78,58.102,57.575,479609800.0
7.7,0.0,0.201,0.201,0.196,0.201,0.196,0.0,0.0,0.0,0.0,6.78,58.082,57.56,480233400.0
7.71,0.0,0.2,0.2,0.196,0.2,0.196,0.0,0.0,0.0,0.0,6.77,58.061,57.544,480857100.0
7.72,0.0,0.2,0.2,0.196,0.2,0.196,0.0,0.0,0.0,0.0,6.77,58.041,57.528,481480800.0
7.73,0.0,0.2,0.2,0.195,0.2,0.195,0.0,0.0,0.0,0.0,6.77,58.021,57.513,482104500.0
7.74,0.0,0.2,0.2,0.195,0.2,0.195,0.0,0.0,0.0,0.0,6.76,58.0,57.497,482728200.0
7.75,0.0,0.2,0.2,0.195,0.2,0.195,0.0,0.0,0.0,0.0,6.76,57.98,57.482,483351800.0
7.76,0.0,0.2,0.2,0.195,0.2,0.195,0.0,0.0,0.0,0.0,6.76,57.96,57.467,483975600.0
7.77,0.0,0.2,0.2,0.195,0.2,0.195,0.0,0.0,0.0,0.0,6.76,57.939,57.451,484599200.0
7.78,0.0,0.199,0.199,0.195,0.199,0.195,0.0,0.0,0.0,0.0,6.75,57.919,57.436,485222900.0
7.79,0.0,0.199,0.199,0.195,0.199,0.195,0.0,0.0,0.0,0.0,6.75,57.899,57.42,485846600.0
7.8,0.0,0.199,0.199,0.195,0.199,0.195,0.0,0.0,0.0,0.0,6.75,57.879,57.405,486470200.0
7.81,0.0,0.199,0.199,0.194,0.199,0.194,0.0,0.0,0.0,0.0,6.74,57.859,57.39,487093900.0
7.82,0.0,0.199,0.199,0.194,0.199,0.194,0.0,0.0,0.0,0.0,6.74,57.839,57.374,487717600.0
7.83,0.0,0.199,0.199,0.194,0.199,0.194,0.0,0.0,0.0,0.0,6.74,57.818,57.359,488341300.0
7.84,0.0,0.199,0.199,0.194,0.199,0.194,0.0,0.0,0.0,0.0,6.74,57.798,57.344,488965000.0
7.85,0.0,0.198,0.198,0.194,0.198,0.194,0.0,0.0,0.0,0.0,6.73,57.778,57.329,489588600.0
7.86,0.0,0.198,0.198,0.194,0.198,0.194,0.0,0.0,0.0,0.0,6.73,57.758,57.313,490212300.0
7.87,0.0,0.198,0.198,0.194,0.198,0.194,0.0,0.0,0.0,0.0,6.73,57.738,57.298,490836000.0
7.88,0.0,0.198,0.198,0.194,0.198,0.194,0.0,0.0,0.0,0.0,6.72,57.718,57.283,491459700.0
7.89,0.0,0.198,0.198,0.193,0.198,0.193,0.0,0.0,0.0,0.0,6.72,57.698,57.268,492083400.0
7.9,0.0,0.198,0.198,0.193,0.198,0.193,0.0,0.0,0.0,0.0,6.72,57.678,57.253,492707000.0
7.91,0.0,0.198,0.198,0.193,0.198,0.193,0.0,0.0,0.0,0.0,6.72,57.658,57.238,493330700.0
7.92,0.0,0.197,0.197,0.193,0.197,0.193,0.0,0.0,0.0,0.0,6.71,57.638,57.223,493954400.0
7.93,0.0,0.197,0.197,0.193,0.197,0.193,0.0,0.0,0.0,0.0,6.71,57.618,57.208,494578100.0
7.94,0.0,0.197,0.197,0.193,0.197,0.193,0.0,0.0,0.0,0.0,6.71,57.599,57.193,495201800.0
7.95,0.0,0.197,0.197,0.193,0.197,0.193,0.0,0.0,0.0,0.0,6.71,57.579,57.178,495825400.0
7.96,0.0,0.197,0.197,0.193,0.197,0.193,0.0,0.0,0.0,0.0,6.7,57.559,57.163,496449100.0
7.97,0.0,0.197,0.197,0.192,0.197,0.192,0.0,0.0,0.0,0.0,6.7,57.539,57.148,497072800.0
7.98,0.0,0.197,0.197,0.192,0.197,0.192,0.0,0.0,0.0,0.0,6.7,57.519,57.133,497696500.0
7.99,0.0,0.197,0.197,0.192,0.197,0.192,0.0,0.0,0.0,0.0,6.7,57.499,57.119,498320200.0
8.0,0.0,0.196,0.196,0.192,0.196,0.192,0.0,0.0,0.0,0.0,6.69,57.48,57.104,498943800.0
8.01,0.0,0.196,0.196,0.192,0.196,0.192,0.0,0.0,0.0,0.0,6.69,57.46,57.089,499567500.0
8.02,0.0,0.196,0.196,0.192,0.196,0.192,0.0,0.0,0.0,0.0,6.69,57.44,57.074,500191200.0
8.03,0.0,0.196,0.196,0.192,0.196,0.192,0.0,0.0,0.0,0.0,6.69,57.42,57.06,500814800.0
8.04,0.0,0.196,0.196,0.192,0.196,0.192,0.0,0.0,0.0,0.0,6.68,57.401,57.045,501438600.0
8.05,0.0,0.196,0.196,0.191,0.196,0.191,0.0,0.0,0.0,0.0,6.68,57.381,57.03,502062200.0
8.06,0.0,0.196,0.196,0.191,0.196,0.191,0.0,0.0,0.0,0.0,6.68,57.362,57.016,502686000.0
8.07,0.0,0.195,0.195,0.191,0.195,0.191,0.0,0.0,0.0,0.0,6.68,57.342,57.001,503309600.0
8.08,0.0,0.195,0.195,0.191,0.195,0.191,0.0,0.0,0.0,0.0,6.67,57.322,56.986,503933300.0
8.09,0.0,0.195,0.195,0.191,0.195,0.191,0.0,0.0,0.0,0.0,6.67,57.303,56.972,504557000.0
8.1,0.0,0.195,0.195,0.191,0.195,0.191,0.0,0.0,0.0,0.0,6.67,57.283,56.957,505180700.0
8.11,0.0,0.195,0.195,0.191,0.195,0.191,0.0,0.0,0.0,0.0,6.67,57.264,56.943,505804300.0
8.12,0.0,0.195,0.195,0.191,0.195,0.191,0.0,0.0,0.0,0.0,6.66,57.244,56.928,506428000.0
8.13,0.0,0.195,0.195,0.19,0.195,0.19,0.0,0.0,0.0,0.0,6.66,57.225,56.914,507051700.0
8.14,0.0,0.195,0.195,0.19,0.195,0.19,0.0,0.0,0.0,0.0,6.66,57.205,56.899,507675400.0
8.15,0.0,0.194,0.194,0.19,0.194,0.19,0.0,0.0,0.0,0.0,6.66,57.186,56.885,508299000.0
8.16,0.0,0.194,0.194,0.19,0.194,0.19,0.0,0.0,0.0,0.0,6.65,57.166,56.871,508922700.0
8.17,0.0,0.194,0.194,0.19,0.194,0.19,0.0,0.0,0.0,0.0,6.65,57.147,56.856,509546400.0
8.18,0.0,0.194,0.194,0.19,0.194,0.19,0.0,0.0,0.0,0.0,6.65,57.127,56.842,510170100.0
8.19,0.0,0.194,0.194,0.19,0.194,0.19,0.0,0.0,0.0,0.0,6.65,57.108,56.828,510793700.0
8.2,0.0,0.194,0.194,0.19,0.194,0.19,0.0,0.0,0.0,0.0,6.64,57.089,56.813,511417400.0
8.21,0.0,0.194,0.194,0.19,0.194,0.19,0.0,0.0,0.0,0.0,6.64,57.069,56.799,512041100.0
8.22,0.0,0.194,0.194,0.189,0.194,0.189,0.0,0.0,0.0,0.0,6.64,57.05,56.785,512664800.0
8.23,0.0,0.193,0.193,0.189,0.193,0.189,0.0,0.0,0.0,0.0,6.64,57.031,56.771,513288400.0
8.24,0.0,0.193,0.193,0.189,0.193,0.189,0.0,0.0,0.0,0.0,6.64,57.012,56.756,513912100.0
8.25,0.0,0.193,0.193,0.189,0.193,0.189,0.0,0.0,0.0,0.0,6.63,56.992,56.742,514535800.0
8.26,0.0,0.193,0.193,0.189,0.193,0.189,0.0,0.0,0.0,0.0,6.63,56.973,56.728,515159500.0
8.27,0.0,0.193,0.193,0.189,0.193,0.189,0.0,0.0,0.0,0.0,6.63,56.954,56.714,515783200.0
8.28,0.0,0.193,0.193,0.189,0.193,0.189,0.0,0.0,0.0,0.0,6.63,56.935,56.7,516406800.0
8.29,0.0,0.193,0.193,0.189,0.193,0.189,0.0,0.0,0.0,0.0,6.62,56.915,56.686,517030600.0
8.3,0.0,0.193,0.193,0.188,0.193,0.188,0.0,0.0,0.0,0.0,6.62,56.896,56.672,517654200.0
8.31,0.0,0.192,0.192,0.188,0.192,0.188,0.0,0.0,0.0,0.0,6.62,56.877,56.658,518278000.0
8.32,0.0,0.192,0.192,0.188,0.192,0.188,0.0,0.0,0.0,0.0,6.62,56.858,56.644,518901600.0
8.33,0.0,0.192,0.192,0.188,0.192,0.188,0.0,0.0,0.0,0.0,6.62,56.839,56.63,519525300.0
8.34,0.0,0.192,0.192,0.188,0.192,0.188,0.0,0.0,0.0,0.0,6.61,56.82,56.616,520149000.0
8.35,0.0,0.192,0.192,0.188,0.192,0.188,0.0,0.0,0.0,0.0,6.61,56.801,56.602,520772700.0
8.36,0.0,0.192,0.192,0.188,0.192,0.188,0.0,0.0,0.0,0.0,6.61,56.782,56.588,521396300.0
8.37,0.0,0.192,0.192,0.188,0.192,0.188,0.0,0.0,0.0,0.0,6.61,56.763,56.575,522020000.0
8.38,0.0,0.192,0.192,0.188,0.192,0.188,0.0,0.0,0.0,0.0,6.6,56.744,56.561,522643700.0
8.39,0.0,0.191,0.191,0.187,0.191,0.187,0.0,0.0,0.0,0.0,6.6,56.725,56.547,523267400.0
8.4,0.0,0.191,0.191,0.187,0.191,0.187,0.0,0.0,0.0,0.0,6.6,56.706,56.533,523891000.0
8.41,0.0,0.191,0.191,0.187,0.191,0.187,0.0,0.0,0.0,0.0,6.6,56.687,56.52,524514700.0
8.42,0.0,0.191,0.191,0.187,0.191,0.187,0.0,0.0,0.0,0.0,6.6,56.668,56.506,525138400.0
8.43,0.0,0.191,0.191,0.187,0.191,0.187,0.0,0.0,0.0,0.0,6.59,56.649,56.492,525762100.0
8.44,0.0,0.191,0.191,0.187,0.191,0.187,0.0,0.0,0.0,0.0,6.59,56.63,56.478,526385700.0
8.45,0.0,0.191,0.191,0.187,0.191,0.187,0.0,0.0,0.0,0.0,6.59,56.611,56.465,527009400.0
8.46,0.0,0.191,0.191,0.187,0.191,0.187,0.0,0.0,0.0,0.0,6.59,56.593,56.451,527633100.0
8.47,0.0,0.191,0.191,0.187,0.191,0.187,0.0,0.0,0.0,0.0,6.59,56.574,56.438,528256800.0
8.48,0.0,0.19,0.19,0.186,0.19,0.186,0.0,0.0,0.0,0.0,6.58,56.555,56.424,528880400.0
8.49,0.0,0.19,0.19,0.186,0.19,0.186,0.0,0.0,0.0,0.0,6.58,56.536,56.411,529504100.0
8.5,0.0,0.19,0.19,0.186,0.19,0.186,0.0,0.0,0.0,0.0,6.58,56.517,56.397,530127800.0
8.51,0.0,0.19,0.19,0.186,0.19,0.186,0.0,0.0,0.0,0.0,6.58,56.499,56.384,530751500.0
8.52,0.0,0.19,0.19,0.186,0.19,0.186,0.0,0.0,0.0,0.0,6.58,56.48,56.37,531375200.0
8.53,0.0,0.19,0.19,0.186,0.19,0.186,0.0,0.0,0.0,0.0,6.57,56.461,56.357,531998800.0
8.54,0.0,0.19,0.19,0.186,0.19,0.186,0.0,0.0,0.0,0.0,6.57,56.443,56.343,532622600.0
8.55,0.0,0.19,0.19,0.186,0.19,0.186,0.0,0.0,0.0,0.0,6.57,56.424,56.33,533246200.0
8.56,0.0,0.189,0.189,0.186,0.189,0.186,0.0,0.0,0.0,0.0,6.57,56.405,56.317,533869900.0
8.57,0.0,0.189,0.189,0.186,0.189,0.186,0.0,0.0,0.0,0.0,6.57,56.387,56.303,534493600.0
8.58,0.0,0.189,0.189,0.185,0.189,0.185,0.0,0.0,0.0,0.0,6.56,56.368,56.29,535117200.0
8.59,0.0,0.189,0.189,0.185,0.189,0.185,0.0,0.0,0.0,0.0,6.56,56.349,56.277,535741000.0
8.6,0.0,0.189,0.189,0.185,0.189,0.185,0.0,0.0,0.0,0.0,6.56,56.331,56.263,536364600.0
8.61,0.0,0.189,0.189,0.185,0.189,0.185,0.0,0.0,0.0,0.0,6.55,56.312,56.25,536988300.0
8.62,0.0,0.189,0.189,0.185,0.189,0.185,0.0,0.0,0.0,0.0,6.55,56.294,56.237,537612000.0
8.63,0.0,0.189,0.189,0.185,0.189,0.185,0.0,0.0,0.0,0.0,6.55,56.275,56.224,538235600.0
8.64,0.0,0.189,0.189,0.185,0.189,0.185,0.0,0.0,0.0,0.0,6.54,56.257,56.211,538859400.0
8.65,0.0,0.188,0.188,0.185,0.188,0.185,0.0,0.0,0.0,0.0,6.54,56.238,56.198,539483000.0
8.66,0.0,0.188,0.188,0.185,0.188,0.185,0.0,0.0,0.0,0.0,6.54,56.22,56.185,540106700.0
8.67,0.0,0.188,0.188,0.184,0.188,0.184,0.0,0.0,0.0,0.0,6.53,56.201,56.171,540730400.0
8.68,0.0,0.188,0.188,0.184,0.188,0.184,0.0,0.0,0.0,0.0,6.53,56.183,56.158,541354100.0
8.69,0.0,0.188,0.188,0.184,0.188,0.184,0.0,0.0,0.0,0.0,6.53,56.165,56.145,541977700.0
8.7,0.0,0.188,0.188,0.184,0.188,0.184,0.0,0.0,0.0,0.0,6.52,56.146,56.132,542601400.0
8.71,0.0,0.188,0.188,0.184,0.188,0.184,0.0,0.0,0.0,0.0,6.52,56.128,56.119,543225100.0
8.72,0.0,0.188,0.188,0.184,0.188,0.184,0.0,0.0,0.0,0.0,6.52,56.109,56.106,543848800.0
8.73,0.0,0.188,0.188,0.184,0.188,0.184,0.0,0.0,0.0,0.0,6.51,56.091,56.093,544472400.0
8.74,0.0,0.187,0.187,0.184,0.187,0.184,0.0,0.0,0.0,0.0,6.51,56.073,56.08,545096100.0
8.75,0.0,0.187,0.187,0.184,0.187,0.184,0.0,0.0,0.0,0.0,6.51,56.054,56.067,545719800.0
8.76,0.0,0.187,0.187,0.184,0.187,0.184,0.0,0.0,0.0,0.0,6.51,56.036,56.055,546343500.0
8.77,0.0,0.187,0.187,0.183,0.187,0.183,0.0,0.0,0.0,0.0,6.5,56.018,56.042,546967200.0
8.78,0.0,0.187,0.187,0.183,0.187,0.183,0.0,0.0,0.0,0.0,6.5,56.0,56.029,547590800.0
8.79,0.0,0.187,0.187,0.183,0.187,0.183,0.0,0.0,0.0,0.0,6.5,55.981,56.016,548214500.0
8.8,0.0,0.187,0.187,0.183,0.187,0.183,0.0,0.0,0.0,0.0,6.49,55.963,56.003,548838200.0
8.81,0.0,0.187,0.187,0.183,0.187,0.183,0.0,0.0,0.0,0.0,6.49,55.945,55.99,549462000.0
8.82,0.0,0.187,0.187,0.183,0.187,0.183,0.0,0.0,0.0,0.0,6.49,55.927,55.977,550085600.0
8.83,0.0,0.187,0.187,0.183,0.187,0.183,0.0,0.0,0.0,0.0,6.48,55.909,55.965,550709200.0
8.84,0.0,0.186,0.186,0.183,0.186,0.183,0.0,0.0,0.0,0.0,6.48,55.891,55.952,551332900.0
8.85,0.0,0.186,0.186,0.183,0.186,0.183,0.0,0.0,0.0,0.0,6.48,55.873,55.939,551956700.0
8.86,0.0,0.186,0.186,0.183,0.186,0.183,0.0,0.0,0.0,0.0,6.47,55.855,55.926,552580300.0
8.87,0.0,0.186,0.186,0.182,0.186,0.182,0.0,0.0,0.0,0.0,6.47,55.836,55.914,553204000.0
8.88,0.0,0.186,0.186,0.182,0.186,0.182,0.0,0.0,0.0,0.0,6.47,55.818,55.901,553827600.0
8.89,0.0,0.186,0.186,0.182,0.186,0.182,0.0,0.0,0.0,0.0,6.46,55.8,55.888,554451400.0
8.9,0.0,0.186,0.186,0.182,0.186,0.182,0.0,0.0,0.0,0.0,6.46,55.782,55.876,555075000.0
8.91,0.0,0.186,0.186,0.182,0.186,0.182,0.0,0.0,0.0,0.0,6.46,55.764,55.863,555698700.0
8.92,0.0,0.186,0.186,0.182,0.186,0.182,0.0,0.0,0.0,0.0,6.45,55.746,55.85,556322400.0
8.93,0.0,0.185,0.185,0.182,0.185,0.182,0.0,0.0,0.0,0.0,6.45,55.728,55.838,556946000.0
8.94,0.0,0.185,0.185,0.182,0.185,0.182,0.0,0.0,0.0,0.0,6.45,55.71,55.825,557569700.0
8.95,0.0,0.185,0.185,0.182,0.185,0.182,0.0,0.0,0.0,0.0,6.44,55.692,55.812,558193400.0
8.96,0.0,0.185,0.185,0.182,0.185,0.182,0.0,0.0,0.0,0.0,6.44,55.675,55.8,558817100.0
8.97,0.0,0.185,0.185,0.182,0.185,0.182,0.0,0.0,0.0,0.0,6.44,55.657,55.787,559440800.0
8.98,0.0,0.185,0.185,0.181,0.185,0.181,0.0,0.0,0.0,0.0,6.43,55.639,55.775,560064400.0
8.99,0.0,0.185,0.185,0.181,0.185,0.181,0.0,0.0,0.0,0.0,6.43,55.621,55.762,560688100.0
9.0,0.0,0.185,0.185,0.181,0.185,0.181,0.0,0.0,0.0,0.0,6.43,55.603,55.75,561311800.0
9.01,0.0,0.185,0.185,0.181,0.185,0.181,0.0,0.0,0.0,0.0,6.43,55.585,55.737,561935500.0
9.02,0.0,0.185,0.185,0.181,0.185,0.181,0.0,0.0,0.0,0.0,6.42,55.567,55.725,562559200.0
9.03,0.0,0.184,0.184,0.181,0.184,0.181,0.0,0.0,0.0,0.0,6.42,55.55,55.712,563182800.0
9.04,0.0,0.184,0.184,0.181,0.184,0.181,0.0,0.0,0.0,0.0,6.42,55.532,55.7,563806500.0
9.05,0.0,0.184,0.184,0.181,0.184,0.181,0.0,0.0,0.0,0.0,6.41,55.514,55.688,564430200.0
9.06,0.0,0.184,0.184,0.181,0.184,0.181,0.0,0.0,0.0,0.0,6.41,55.496,55.675,565054000.0
9.07,0.0,0.184,0.184,0.181,0.184,0.181,0.0,0.0,0.0,0.0,6.41,55.479,55.663,565677600.0
9.08,0.0,0.184,0.184,0.18,0.184,0.18,0.0,0.0,0.0,0.0,6.4,55.461,55.651,566301200.0
9.09,0.0,0.184,0.184,0.18,0.184,0.18,0.0,0.0,0.0,0.0,6.4,55.443,55.638,566924900.0
9.1,0.0,0.184,0.184,0.18,0.184,0.18,0.0,0.0,0.0,0.0,6.4,55.426,55.626,567548700.0
9.11,0.0,0.184,0.184,0.18,0.184,0.18,0.0,0.0,0.0,0.0,6.39,55.408,55.614,568172300.0
9.12,0.0,0.184,0.184,0.18,0.184,0.18,0.0,0.0,0.0,0.0,6.39,55.39,55.601,568796000.0
9.13,0.0,0.183,0.183,0.18,0.183,0.18,0.0,0.0,0.0,0.0,6.39,55.373,55.589,569419600.0
9.14,0.0,0.183,0.183,0.18,0.183,0.18,0.0,0.0,0.0,0.0,6.39,55.355,55.577,570043300.0
9.15,0.0,0.183,0.183,0.18,0.183,0.18,0.0,0.0,0.0,0.0,6.38,55.338,55.565,570667000.0
9.16,0.0,0.183,0.183,0.18,0.183,0.18,0.0,0.0,0.0,0.0,6.38,55.32,55.552,571290700.0
9.17,0.0,0.183,0.183,0.18,0.183,0.18,0.0,0.0,0.0,0.0,6.38,55.302,55.54,571914400.0
9.18,0.0,0.183,0.183,0.18,0.183,0.18,0.0,0.0,0.0,0.0,6.37,55.285,55.528,572538000.0
9.19,0.0,0.183,0.183,0.179,0.183,0.179,0.0,0.0,0.0,0.0,6.37,55.272,55.519,573161700.0
9.2,0.0,0.183,0.183,0.179,0.183,0.179,0.0,0.0,0.0,0.0,6.37,55.254,55.507,573785400.0
9.21,0.0,0.183,0.183,0.179,0.183,0.179,0.0,0.0,0.0,0.0,6.36,55.237,55.494,574409100.0
9.22,0.0,0.183,0.183,0.179,0.183,0.179,0.0,0.0,0.0,0.0,6.36,55.219,55.482,575032800.0
9.23,0.0,0.182,0.182,0.179,0.182,0.179,0.0,0.0,0.0,0.0,6.36,55.201,55.47,575656400.0
9.24,0.0,0.182,0.182,0.179,0.182,0.179,0.0,0.0,0.0,0.0,6.36,55.184,55.458,576280100.0
9.25,0.0,0.182,0.182,0.179,0.182,0.179,0.0,0.0,0.0,0.0,6.35,55.167,55.446,576903800.0
9.26,0.0,0.182,0.182,0.179,0.182,0.179,0.0,0.0,0.0,0.0,6.35,55.149,55.434,577527500.0
9.27,0.0,0.182,0.182,0.179,0.182,0.179,0.0,0.0,0.0,0.0,6.35,55.132,55.422,578151200.0
9.28,0.0,0.182,0.182,0.179,0.182,0.179,0.0,0.0,0.0,0.0,6.34,55.114,55.41,578774800.0
9.29,0.0,0.182,0.182,0.179,0.182,0.179,0.0,0.0,0.0,0.0,6.34,55.097,55.398,579398500.0
9.3,0.0,0.182,0.182,0.179,0.182,0.179,0.0,0.0,0.0,0.0,6.34,55.079,55.385,580022200.0
9.31,0.0,0.182,0.182,0.178,0.182,0.178,0.0,0.0,0.0,0.0,6.33,55.062,55.373,580645900.0
9.32,0.0,0.182,0.182,0.178,0.182,0.178,0.0,0.0,0.0,0.0,6.33,55.044,55.361,581269600.0
9.33,0.0,0.182,0.182,0.178,0.182,0.178,0.0,0.0,0.0,0.0,6.33,55.027,55.349,581893200.0
9.34,0.0,0.181,0.181,0.178,0.181,0.178,0.0,0.0,0.0,0.0,6.33,55.01,55.337,582516900.0
9.35,0.0,0.181,0.181,0.178,0.181,0.178,0.0,0.0,0.0,0.0,6.32,54.992,55.326,583140600.0
9.36,0.0,0.181,0.181,0.178,0.181,0.178,0.0,0.0,0.0,0.0,6.32,54.975,55.314,583764300.0
9.37,0.0,0.181,0.181,0.178,0.181,0.178,0.0,0.0,0.0,0.0,6.32,54.958,55.302,584388000.0
9.38,0.0,0.181,0.181,0.178,0.181,0.178,0.0,0.0,0.0,0.0,6.31,54.941,55.29,585011600.0
9.39,0.0,0.181,0.181,0.178,0.181,0.178,0.0,0.0,0.0,0.0,6.31,54.923,55.278,585635300.0
9.4,0.0,0.181,0.181,0.178,0.181,0.178,0.0,0.0,0.0,0.0,6.31,54.906,55.266,586259000.0
9.41,0.0,0.181,0.181,0.178,0.181,0.178,0.0,0.0,0.0,0.0,6.31,54.889,55.254,586882700.0
9.42,0.0,0.181,0.181,0.177,0.181,0.177,0.0,0.0,0.0,0.0,6.3,54.872,55.242,587506400.0
9.43,0.0,0.181,0.181,0.177,0.181,0.177,0.0,0.0,0.0,0.0,6.3,54.854,55.23,588130000.0
9.44,0.0,0.181,0.181,0.177,0.181,0.177,0.0,0.0,0.0,0.0,6.3,54.837,55.219,588753700.0
9.45,0.0,0.18,0.18,0.177,0.18,0.177,0.0,0.0,0.0,0.0,6.29,54.82,55.207,589377400.0
9.46,0.0,0.18,0.18,0.177,0.18,0.177,0.0,0.0,0.0,0.0,6.29,54.803,55.195,590001100.0
9.47,0.0,0.18,0.18,0.177,0.18,0.177,0.0,0.0,0.0,0.0,6.29,54.786,55.183,590624800.0
9.48,0.0,0.18,0.18,0.177,0.18,0.177,0.0,0.0,0.0,0.0,6.29,54.769,55.172,591248400.0
9.49,0.0,0.18,0.18,0.177,0.18,0.177,0.0,0.0,0.0,0.0,6.28,54.752,55.16,591872100.0
9.5,0.0,0.18,0.18,0.177,0.18,0.177,0.0,0.0,0.0,0.0,6.28,54.735,55.148,592495800.0
9.51,0.0,0.18,0.18,0.177,0.18,0.177,0.0,0.0,0.0,0.0,6.28,54.718,55.136,593119500.0
9.52,0.0,0.18,0.18,0.177,0.18,0.177,0.0,0.0,0.0,0.0,6.27,54.7,55.125,593743200.0
9.53,0.0,0.18,0.18,0.177,0.18,0.177,0.0,0.0,0.0,0.0,6.27,54.683,55.113,594366800.0
9.54,0.0,0.18,0.18,0.176,0.18,0.176,0.0,0.0,0.0,0.0,6.27,54.666,55.101,594990500.0
9.55,0.0,0.18,0.18,0.176,0.18,0.176,0.0,0.0,0.0,0.0,6.27,54.649,55.09,595614200.0
9.56,0.0,0.179,0.179,0.176,0.179,0.176,0.0,0.0,0.0,0.0,6.26,54.632,55.078,596237900.0
9.57,0.0,0.179,0.179,0.176,0.179,0.176,0.0,0.0,0.0,0.0,6.26,54.616,55.067,596861600.0
9.58,0.0,0.179,0.179,0.176,0.179,0.176,0.0,0.0,0.0,0.0,6.26,54.599,55.055,597485200.0
9.59,0.0,0.179,0.179,0.176,0.179,0.176,0.0,0.0,0.0,0.0,6.26,54.582,55.043,598108900.0
9.6,0.0,0.179,0.179,0.176,0.179,0.176,0.0,0.0,0.0,0.0,6.25,54.565,55.032,598732600.0
9.61,0.0,0.179,0.179,0.176,0.179,0.176,0.0,0.0,0.0,0.0,6.25,54.548,55.02,599356300.0
9.62,0.0,0.179,0.179,0.176,0.179,0.176,0.0,0.0,0.0,0.0,6.25,54.531,55.009,599980000.0
9.63,0.0,0.179,0.179,0.176,0.179,0.176,0.0,0.0,0.0,0.0,6.24,54.514,54.997,600603600.0
9.64,0.0,0.179,0.179,0.176,0.179,0.176,0.0,0.0,0.0,0.0,6.24,54.497,54.986,601227300.0
9.65,0.0,0.179,0.179,0.176,0.179,0.176,0.0,0.0,0.0,0.0,6.24,54.48,54.974,601851000.0
9.66,0.0,0.179,0.179,0.175,0.179,0.175,0.0,0.0,0.0,0.0,6.24,54.464,54.963,602474700.0
9.67,0.0,0.178,0.178,0.175,0.178,0.175,0.0,0.0,0.0,0.0,6.23,54.447,54.951,603098400.0
9.68,0.0,0.178,0.178,0.175,0.178,0.175,0.0,0.0,0.0,0.0,6.23,54.43,54.94,603722000.0
9.69,0.0,0.178,0.178,0.175,0.178,0.175,0.0,0.0,0.0,0.0,6.23,54.413,54.928,604345700.0
9.7,0.0,0.178,0.178,0.175,0.178,0.175,0.0,0.0,0.0,0.0,6.23,54.396,54.917,604969400.0
9.71,0.0,0.178,0.178,0.175,0.178,0.175,0.0,0.0,0.0,0.0,6.22,54.38,54.906,605593100.0
9.72,0.0,0.178,0.178,0.175,0.178,0.175,0.0,0.0,0.0,0.0,6.22,54.363,54.894,606216800.0
9.73,0.0,0.178,0.178,0.175,0.178,0.175,0.0,0.0,0.0,0.0,6.22,54.346,54.883,606840400.0
9.74,0.0,0.178,0.178,0.175,0.178,0.175,0.0,0.0,0.0,0.0,6.21,54.33,54.872,607464100.0
9.75,0.0,0.178,0.178,0.175,0.178,0.175,0.0,0.0,0.0,0.0,6.21,54.313,54.86,608087800.0
9.76,0.0,0.178,0.178,0.175,0.178,0.175,0.0,0.0,0.0,0.0,6.21,54.296,54.849,608711500.0
9.77,0.0,0.178,0.178,0.175,0.178,0.175,0.0,0.0,0.0,0.0,6.21,54.28,54.838,609335200.0
9.78,0.0,0.178,0.178,0.175,0.178,0.175,0.0,0.0,0.0,0.0,6.2,54.263,54.826,609958800.0
9.79,0.0,0.177,0.177,0.174,0.177,0.174,0.0,0.0,0.0,0.0,6.2,54.246,54.815,610582500.0
9.8,0.0,0.177,0.177,0.174,0.177,0.174,0.0,0.0,0.0,0.0,6.2,54.23,54.804,611206200.0
9.81,0.0,0.177,0.177,0.174,0.177,0.174,0.0,0.0,0.0,0.0,6.2,54.213,54.793,611829900.0
9.82,0.0,0.177,0.177,0.174,0.177,0.174,0.0,0.0,0.0,0.0,6.19,54.197,54.781,612453600.0
9.83,0.0,0.177,0.177,0.174,0.177,0.174,0.0,0.0,0.0,0.0,6.19,54.18,54.77,613077200.0
9.84,0.0,0.177,0.177,0.174,0.177,0.174,0.0,0.0,0.0,0.0,6.19,54.164,54.759,613700900.0
9.85,0.0,0.177,0.177,0.174,0.177,0.174,0.0,0.0,0.0,0.0,6.19,54.147,54.748,614324600.0
9.86,0.0,0.177,0.177,0.174,0.177,0.174,0.0,0.0,0.0,0.0,6.18,54.131,54.737,614948300.0
9.87,0.0,0.177,0.177,0.174,0.177,0.174,0.0,0.0,0.0,0.0,6.18,54.114,54.725,615572000.0
9.88,0.0,0.177,0.177,0.174,0.177,0.174,0.0,0.0,0.0,0.0,6.18,54.098,54.714,616195600.0
9.89,0.0,0.177,0.177,0.174,0.177,0.174,0.0,0.0,0.0,0.0,6.17,54.081,54.703,616819300.0
9.9,0.0,0.177,0.177,0.174,0.177,0.174,0.0,0.0,0.0,0.0,6.17,54.065,54.692,617443000.0
9.91,0.0,0.176,0.176,0.174,0.176,0.174,0.0,0.0,0.0,0.0,6.17,54.048,54.681,618066700.0
9.92,0.0,0.176,0.176,0.173,0.176,0.173,0.0,0.0,0.0,0.0,6.17,54.032,54.67,618690400.0
9.93,0.0,0.176,0.176,0.173,0.176,0.173,0.0,0.0,0.0,0.0,6.16,54.015,54.659,619314000.0
9.94,0.0,0.176,0.176,0.173,0.176,0.173,0.0,0.0,0.0,0.0,6.16,53.999,54.648,619937700.0
9.95,0.0,0.176,0.176,0.173,0.176,0.173,0.0,0.0,0.0,0.0,6.16,53.983,54.637,620561400.0
9.96,0.0,0.176,0.176,0.173,0.176,0.173,0.0,0.0,0.0,0.0,6.16,53.966,54.626,621185100.0
9.97,0.0,0.176,0.176,0.173,0.176,0.173,0.0,0.0,0.0,0.0,6.15,53.95,54.615,621808800.0
9.98,0.0,0.176,0.176,0.173,0.176,0.173,0.0,0.0,0.0,0.0,6.15,53.934,54.604,622432400.0
9.99,0.0,0.176,0.176,0.173,0.176,0.173,0.0,0.0,0.0,0.0,6.15,53.917,54.593,623056100.0
10.0,0.0,0.176,0.176,0.173,0.176,0.173,0.0,0.0,0.0,0.0,6.15,53.901,54.582,623679800.0
10.01,0.0,0.176,0.176,0.173,0.176,0.173,0.0,0.0,0.0,0.0,6.14,53.885,54.571,624303500.0
10.02,0.0,0.176,0.176,0.173,0.176,0.173,0.0,0.0,0.0,0.0,6.14,53.869,54.56,624927200.0
10.03,0.0,0.176,0.176,0.173,0.176,0.173,0.0,0.0,0.0,0.0,6.14,53.852,54.549,625550800.0
10.04,0.0,0.176,0.176,0.173,0.176,0.173,0.0,0.0,0.0,0.0,6.14,53.836,54.538,626174500.0
10.05,0.0,0.176,0.176,0.173,0.176,0.173,0.0,0.0,0.0,0.0,6.13,53.82,54.527,626798200.0
10.06,0.0,0.176,0.176,0.173,0.176,0.173,0.0,0.0,0.0,0.0,6.13,53.804,54.516,627421900.0
10.07,0.0,0.176,0.176,0.173,0.176,0.173,0.0,0.0,0.0,0.0,6.13,53.788,54.505,628045600.0
10.08,0.0,0.176,0.176,0.173,0.176,0.173,0.0,0.0,0.0,0.0,6.13,53.771,54.495,628669200.0
10.09,0.0,0.176,0.176,0.173,0.176,0.173,0.0,0.0,0.0,0.0,6.12,53.755,54.484,629292900.0
10.1,0.0,0.176,0.176,0.173,0.176,0.173,0.0,0.0,0.0,0.0,6.12,53.739,54.473,629916600.0
10.11,0.0,0.175,0.175,0.173,0.175,0.173,0.0,0.0,0.0,0.0,6.12,53.723,54.462,630540200.0
10.12,0.0,0.175,0.175,0.173,0.175,0.173,0.0,0.0,0.0,0.0,6.12,53.707,54.451,631164000.0
10.13,0.0,0.175,0.175,0.173,0.175,0.173,0.0,0.0,0.0,0.0,6.11,53.691,54.441,631787600.0
10.14,0.0,0.175,0.175,0.173,0.175,0.173,0.0,0.0,0.0,0.0,6.11,53.675,54.43,632411300.0
10.15,0.0,0.175,0.175,0.173,0.175,0.173,0.0,0.0,0.0,0.0,6.11,53.659,54.419,633034900.0
10.16,0.0,0.175,0.175,0.173,0.175,0.173,0.0,0.0,0.0,0.0,6.11,53.643,54.408,633658700.0
10.17,0.0,0.175,0.175,0.173,0.175,0.173,0.0,0.0,0.0,0.0,6.1,53.627,54.398,634282400.0
10.18,0.0,0.175,0.175,0.173,0.175,0.173,0.0,0.0,0.0,0.0,6.1,53.61,54.387,634906000.0
10.19,0.0,0.175,0.175,0.172,0.175,0.172,0.0,0.0,0.0,0.0,6.1,53.595,54.376,635529700.0
10.2,0.0,0.175,0.175,0.172,0.175,0.172,0.0,0.0,0.0,0.0,6.1,53.578,54.366,636153400.0
10.21,0.0,0.175,0.175,0.172,0.175,0.172,0.0,0.0,0.0,0.0,6.09,53.563,54.355,636777100.0
10.22,0.0,0.175,0.175,0.172,0.175,0.172,0.0,0.0,0.0,0.0,6.09,53.547,54.344,637400800.0
10.23,0.0,0.175,0.175,0.172,0.175,0.172,0.0,0.0,0.0,0.0,6.09,53.531,54.334,638024400.0
10.24,0.0,0.175,0.175,0.172,0.175,0.172,0.0,0.0,0.0,0.0,6.09,53.515,54.323,638648100.0
10.25,0.0,0.175,0.175,0.172,0.175,0.172,0.0,0.0,0.0,0.0,6.08,53.499,54.312,639271800.0
10.26,0.0,0.175,0.175,0.172,0.175,0.172,0.0,0.0,0.0,0.0,6.08,53.483,54.302,639895500.0
10.27,0.0,0.175,0.175,0.172,0.175,0.172,0.0,0.0,0.0,0.0,6.08,53.467,54.291,640519200.0
10.28,0.0,0.175,0.175,0.172,0.175,0.172,0.0,0.0,0.0,0.0,6.08,53.451,54.281,641142800.0
10.29,0.0,0.175,0.175,0.172,0.175,0.172,0.0,0.0,0.0,0.0,6.07,53.435,54.27,641766500.0
10.3,0.0,0.175,0.175,0.172,0.175,0.172,0.0,0.0,0.0,0.0,6.07,53.419,54.259,642390200.0
10.31,0.0,0.175,0.175,0.172,0.175,0.172,0.0,0.0,0.0,0.0,6.07,53.404,54.249,643013900.0
10.32,0.0,0.175,0.175,0.172,0.175,0.172,0.0,0.0,0.0,0.0,6.07,53.388,54.238,643637500.0
10.33,0.0,0.175,0.175,0.172,0.175,0.172,0.0,0.0,0.0,0.0,6.06,53.372,54.228,644261200.0
10.34,0.0,0.175,0.175,0.172,0.175,0.172,0.0,0.0,0.0,0.0,6.06,53.356,54.217,644884900.0
10.35,0.0,0.175,0.175,0.172,0.175,0.172,0.0,0.0,0.0,0.0,6.06,53.34,54.207,645508600.0
10.36,0.0,0.175,0.175,0.172,0.175,0.172,0.0,0.0,0.0,0.0,6.06,53.325,54.197,646132200.0
10.37,0.0,0.175,0.175,0.172,0.175,0.172,0.0,0.0,0.0,0.0,6.06,53.309,54.186,646756000.0
10.38,0.0,0.175,0.175,0.172,0.175,0.172,0.0,0.0,0.0,0.0,6.05,53.293,54.176,647379600.0
10.39,0.0,0.175,0.175,0.172,0.175,0.172,0.0,0.0,0.0,0.0,6.05,53.277,54.165,648003300.0
10.4,0.0,0.175,0.175,0.172,0.175,0.172,0.0,0.0,0.0,0.0,6.05,53.262,54.155,648626900.0
10.41,0.0,0.175,0.175,0.172,0.175,0.172,0.0,0.0,0.0,0.0,6.05,53.246,54.144,649250700.0
10.42,0.0,0.175,0.175,0.172,0.175,0.172,0.0,0.0,0.0,0.0,6.04,53.23,54.134,649874400.0
10.43,0.0,0.175,0.175,0.172,0.175,0.172,0.0,0.0,0.0,0.0,6.04,53.215,54.124,650498000.0
10.44,0.0,0.175,0.175,0.172,0.175,0.172,0.0,0.0,0.0,0.0,6.04,53.199,54.113,651121700.0
10.45,0.0,0.175,0.175,0.172,0.175,0.172,0.0,0.0,0.0,0.0,6.04,53.183,54.103,651745400.0
10.46,0.0,0.175,0.175,0.172,0.175,0.172,0.0,0.0,0.0,0.0,6.03,53.168,54.093,652369100.0
10.47,0.0,0.175,0.175,0.172,0.175,0.172,0.0,0.0,0.0,0.0,6.03,53.152,54.082,652992800.0
10.48,0.0,0.175,0.175,0.172,0.175,0.172,0.0,0.0,0.0,0.0,6.03,53.137,54.072,653616400.0
10.49,0.0,0.175,0.175,0.172,0.175,0.172,0.0,0.0,0.0,0.0,6.03,53.121,54.062,654240100.0
10.5,0.0,0.175,0.175,0.172,0.175,0.172,0.0,0.0,0.0,0.0,6.02,53.106,54.051,654863800.0
10.51,0.0,0.175,0.175,0.172,0.175,0.172,0.0,0.0,0.0,0.0,6.02,53.09,54.041,655487500.0
10.52,0.0,0.175,0.175,0.172,0.175,0.172,0.0,0.0,0.0,0.0,6.02,53.074,54.031,656111200.0
10.53,0.0,0.175,0.175,0.172,0.175,0.172,0.0,0.0,0.0,0.0,6.02,53.059,54.021,656734800.0
10.54,0.0,0.174,0.174,0.172,0.174,0.172,0.0,0.0,0.0,0.0,6.02,53.043,54.01,657358500.0
10.55,0.0,0.174,0.174,0.172,0.174,0.172,0.0,0.0,0.0,0.0,6.01,53.028,54.0,657982200.0
10.56,0.0,0.174,0.174,0.172,0.174,0.172,0.0,0.0,0.0,0.0,6.01,53.012,53.99,658605900.0
10.57,0.0,0.174,0.174,0.172,0.174,0.172,0.0,0.0,0.0,0.0,6.01,52.997,53.98,659229500.0
10.58,0.0,0.174,0.174,0.172,0.174,0.172,0.0,0.0,0.0,0.0,6.01,52.982,53.97,659853200.0
10.59,0.0,0.174,0.174,0.172,0.174,0.172,0.0,0.0,0.0,0.0,6.0,52.966,53.96,660476900.0
10.6,0.0,0.174,0.174,0.172,0.174,0.172,0.0,0.0,0.0,0.0,6.0,52.951,53.949,661100600.0
10.61,0.0,0.174,0.174,0.172,0.174,0.172,0.0,0.0,0.0,0.0,6.0,52.935,53.939,661724200.0
10.62,0.0,0.174,0.174,0.172,0.174,0.172,0.0,0.0,0.0,0.0,6.0,52.92,53.929,662348000.0
10.63,0.0,0.174,0.174,0.172,0.174,0.172,0.0,0.0,0.0,0.0,5.99,52.905,53.919,662971600.0
10.64,0.0,0.174,0.174,0.172,0.174,0.172,0.0,0.0,0.0,0.0,5.99,52.889,53.909,663595300.0
10.65,0.0,0.174,0.174,0.172,0.174,0.172,0.0,0.0,0.0,0.0,5.99,52.874,53.899,664218900.0
10.66,0.0,0.174,0.174,0.172,0.174,0.172,0.0,0.0,0.0,0.0,5.99,52.858,53.889,664842700.0
10.67,0.0,0.174,0.174,0.172,0.174,0.172,0.0,0.0,0.0,0.0,5.99,52.843,53.879,665466400.0
10.68,0.0,0.174,0.174,0.172,0.174,0.172,0.0,0.0,0.0,0.0,5.98,52.828,53.869,666090000.0
10.69,0.0,0.174,0.174,0.172,0.174,0.172,0.0,0.0,0.0,0.0,5.98,52.813,53.859,666713700.0
10.7,0.0,0.174,0.174,0.172,0.174,0.172,0.0,0.0,0.0,0.0,5.98,52.797,53.849,667337300.0
10.71,0.0,0.174,0.174,0.172,0.174,0.172,0.0,0.0,0.0,0.0,5.98,52.782,53.839,667961100.0
10.72,0.0,0.174,0.174,0.172,0.174,0.172,0.0,0.0,0.0,0.0,5.97,52.767,53.829,668584800.0
10.73,0.0,0.174,0.174,0.172,0.174,0.172,0.0,0.0,0.0,0.0,5.97,52.752,53.819,669208400.0
10.74,0.0,0.174,0.174,0.172,0.174,0.172,0.0,0.0,0.0,0.0,5.97,52.736,53.809,669832100.0
10.75,0.0,0.174,0.174,0.172,0.174,0.172,0.0,0.0,0.0,0.0,5.97,52.721,53.799,670455800.0
10.76,0.0,0.174,0.174,0.172,0.174,0.172,0.0,0.0,0.0,0.0,5.97,52.706,53.789,671079500.0
10.77,0.0,0.174,0.174,0.171,0.174,0.171,0.0,0.0,0.0,0.0,5.96,52.691,53.779,671703200.0
10.78,0.0,0.174,0.174,0.171,0.174,0.171,0.0,0.0,0.0,0.0,5.96,52.675,53.769,672326800.0
10.79,0.0,0.174,0.174,0.171,0.174,0.171,0.0,0.0,0.0,0.0,5.96,52.66,53.759,672950500.0
10.8,0.0,0.174,0.174,0.171,0.174,0.171,0.0,0.0,0.0,0.0,5.96,52.645,53.749,673574200.0
10.81,0.0,0.174,0.174,0.171,0.174,0.171,0.0,0.0,0.0,0.0,5.95,52.63,53.739,674197900.0
10.82,0.0,0.174,0.174,0.171,0.174,0.171,0.0,0.0,0.0,0.0,5.95,52.615,53.729,674821500.0
10.83,0.0,0.174,0.174,0.171,0.174,0.171,0.0,0.0,0.0,0.0,5.95,52.6,53.719,675445200.0
10.84,0.0,0.174,0.174,0.171,0.174,0.171,0.0,0.0,0.0,0.0,5.95,52.585,53.71,676068900.0
10.85,0.0,0.174,0.174,0.171,0.174,0.171,0.0,0.0,0.0,0.0,5.95,52.57,53.7,676692600.0
10.86,0.0,0.174,0.174,0.171,0.174,0.171,0.0,0.0,0.0,0.0,5.94,52.555,53.69,677316200.0
10.87,0.0,0.174,0.174,0.171,0.174,0.171,0.0,0.0,0.0,0.0,5.94,52.54,53.68,677939900.0
10.88,0.0,0.174,0.174,0.171,0.174,0.171,0.0,0.0,0.0,0.0,5.94,52.524,53.67,678563600.0
10.89,0.0,0.174,0.174,0.171,0.174,0.171,0.0,0.0,0.0,0.0,5.94,52.509,53.661,679187300.0
10.9,0.0,0.174,0.174,0.171,0.174,0.171,0.0,0.0,0.0,0.0,5.93,52.494,53.651,679810900.0
10.91,0.0,0.174,0.174,0.171,0.174,0.171,0.0,0.0,0.0,0.0,5.93,52.479,53.641,680434600.0
10.92,0.0,0.174,0.174,0.171,0.174,0.171,0.0,0.0,0.0,0.0,5.93,52.464,53.631,681058400.0
10.93,0.0,0.174,0.174,0.171,0.174,0.171,0.0,0.0,0.0,0.0,5.93,52.45,53.621,681682000.0
10.94,0.0,0.174,0.174,0.171,0.174,0.171,0.0,0.0,0.0,0.0,5.93,52.435,53.612,682305700.0
10.95,0.0,0.174,0.174,0.171,0.174,0.171,0.0,0.0,0.0,0.0,5.92,52.42,53.602,682929300.0
10.96,0.0,0.174,0.174,0.171,0.174,0.171,0.0,0.0,0.0,0.0,5.92,52.405,53.592,683553100.0
10.97,0.0,0.174,0.174,0.171,0.174,0.171,0.0,0.0,0.0,0.0,5.92,52.39,53.583,684176800.0
10.98,0.0,0.174,0.174,0.171,0.174,0.171,0.0,0.0,0.0,0.0,5.92,52.375,53.573,684800400.0
10.99,0.0,0.174,0.174,0.171,0.174,0.171,0.0,0.0,0.0,0.0,5.92,52.36,53.563,685424100.0
11.0,0.0,0.174,0.174,0.171,0.174,0.171,0.0,0.0,0.0,0.0,5.91,52.345,53.554,686047800.0
11.01,0.0,0.174,0.174,0.171,0.174,0.171,0.0,0.0,0.0,0.0,5.91,52.33,53.544,686671500.0
11.02,0.0,0.174,0.174,0.171,0.174,0.171,0.0,0.0,0.0,0.0,5.91,52.315,53.534,687295200.0
11.03,0.0,0.173,0.173,0.171,0.173,0.171,0.0,0.0,0.0,0.0,5.91,52.3,53.525,687918800.0
11.04,0.0,0.173,0.173,0.171,0.173,0.171,0.0,0.0,0.0,0.0,5.9,52.286,53.515,688542500.0
11.05,0.0,0.173,0.173,0.171,0.173,0.171,0.0,0.0,0.0,0.0,5.9,52.271,53.506,689166200.0
11.06,0.0,0.173,0.173,0.171,0.173,0.171,0.0,0.0,0.0,0.0,5.9,52.256,53.496,689789900.0
11.07,0.0,0.173,0.173,0.171,0.173,0.171,0.0,0.0,0.0,0.0,5.9,52.241,53.486,690413500.0
11.08,0.0,0.173,0.173,0.171,0.173,0.171,0.0,0.0,0.0,0.0,5.9,52.226,53.477,691037200.0
11.09,0.0,0.173,0.173,0.171,0.173,0.171,0.0,0.0,0.0,0.0,5.89,52.212,53.467,691660900.0
11.1,0.0,0.173,0.173,0.171,0.173,0.171,0.0,0.0,0.0,0.0,5.89,52.197,53.458,692284600.0
11.11,0.0,0.173,0.173,0.171,0.173,0.171,0.0,0.0,0.0,0.0,5.89,52.182,53.448,692908200.0
11.12,0.0,0.173,0.173,0.171,0.173,0.171,0.0,0.0,0.0,0.0,5.89,52.167,53.439,693531900.0
11.13,0.0,0.173,0.173,0.171,0.173,0.171,0.0,0.0,0.0,0.0,5.89,52.153,53.429,694155600.0
11.14,0.0,0.173,0.173,0.171,0.173,0.171,0.0,0.0,0.0,0.0,5.88,52.138,53.42,694779300.0
11.15,0.0,0.173,0.173,0.171,0.173,0.171,0.0,0.0,0.0,0.0,5.88,52.123,53.41,695402900.0
11.16,0.0,0.173,0.173,0.171,0.173,0.171,0.0,0.0,0.0,0.0,5.88,52.109,53.401,696026600.0
11.17,0.0,0.173,0.173,0.171,0.173,0.171,0.0,0.0,0.0,0.0,5.88,52.094,53.391,696650400.0
11.18,0.0,0.173,0.173,0.171,0.173,0.171,0.0,0.0,0.0,0.0,5.88,52.079,53.382,697274000.0
11.19,0.0,0.173,0.173,0.171,0.173,0.171,0.0,0.0,0.0,0.0,5.87,52.065,53.372,697897700.0
11.2,0.0,0.173,0.173,0.171,0.173,0.171,0.0,0.0,0.0,0.0,5.87,52.05,53.363,698521300.0
11.21,0.0,0.173,0.173,0.171,0.173,0.171,0.0,0.0,0.0,0.0,5.87,52.035,53.354,699145100.0
11.22,0.0,0.173,0.173,0.171,0.173,0.171,0.0,0.0,0.0,0.0,5.87,52.021,53.344,699768800.0
11.23,0.0,0.173,0.173,0.171,0.173,0.171,0.0,0.0,0.0,0.0,5.86,52.006,53.335,700392400.0
11.24,0.0,0.173,0.173,0.171,0.173,0.171,0.0,0.0,0.0,0.0,5.86,51.992,53.325,701016100.0
11.25,0.0,0.173,0.173,0.171,0.173,0.171,0.0,0.0,0.0,0.0,5.86,51.977,53.316,701639700.0
11.26,0.0,0.173,0.173,0.171,0.173,0.171,0.0,0.0,0.0,0.0,5.86,51.963,53.307,702263500.0
11.27,0.0,0.173,0.173,0.171,0.173,0.171,0.0,0.0,0.0,0.0,5.86,51.948,53.297,702887200.0
11.28,0.0,0.173,0.173,0.171,0.173,0.171,0.0,0.0,0.0,0.0,5.85,51.933,53.288,703510800.0
11.29,0.0,0.173,0.173,0.171,0.173,0.171,0.0,0.0,0.0,0.0,5.85,51.919,53.279,704134500.0
11.3,0.0,0.173,0.173,0.171,0.173,0.171,0.0,0.0,0.0,0.0,5.85,51.904,53.269,704758200.0
11.31,0.0,0.173,0.173,0.171,0.173,0.171,0.0,0.0,0.0,0.0,5.85,51.89,53.26,705381900.0
11.32,0.0,0.173,0.173,0.171,0.173,0.171,0.0,0.0,0.0,0.0,5.85,51.876,53.251,706005500.0
11.33,0.0,0.173,0.173,0.171,0.173,0.171,0.0,0.0,0.0,0.0,5.84,51.861,53.241,706629200.0
11.34,0.0,0.173,0.173,0.171,0.173,0.171,0.0,0.0,0.0,0.0,5.84,51.847,53.232,707252900.0
11.35,0.0,0.173,0.173,0.171,0.173,0.171,0.0,0.0,0.0,0.0,5.84,51.832,53.223,707876600.0
11.36,0.0,0.173,0.173,0.171,0.173,0.171,0.0,0.0,0.0,0.0,5.84,51.818,53.214,708500200.0
11.37,0.0,0.173,0.173,0.171,0.173,0.171,0.0,0.0,0.0,0.0,5.84,51.803,53.204,709123900.0
11.38,0.0,0.173,0.173,0.171,0.173,0.171,0.0,0.0,0.0,0.0,5.83,51.789,53.195,709747600.0
11.39,0.0,0.173,0.173,0.171,0.173,0.171,0.0,0.0,0.0,0.0,5.83,51.775,53.186,710371300.0
11.4,0.0,0.173,0.173,0.171,0.173,0.171,0.0,0.0,0.0,0.0,5.83,51.76,53.177,710994900.0
11.41,0.0,0.173,0.173,0.171,0.173,0.171,0.0,0.0,0.0,0.0,5.83,51.746,53.168,711618600.0
11.42,0.0,0.173,0.173,0.171,0.173,0.171,0.0,0.0,0.0,0.0,5.83,51.731,53.159,712242300.0
11.43,0.0,0.173,0.173,0.171,0.173,0.171,0.0,0.0,0.0,0.0,5.82,51.717,53.149,712866000.0
11.44,0.0,0.173,0.173,0.171,0.173,0.171,0.0,0.0,0.0,0.0,5.82,51.703,53.14,713489700.0
11.45,0.0,0.173,0.173,0.17,0.173,0.17,0.0,0.0,0.0,0.0,5.82,51.688,53.131,714113300.0
11.46,0.0,0.173,0.173,0.17,0.173,0.17,0.0,0.0,0.0,0.0,5.82,51.674,53.122,714737000.0
11.47,0.0,0.173,0.173,0.17,0.173,0.17,0.0,0.0,0.0,0.0,5.81,51.66,53.11,715360800.0
11.48,0.0,0.173,0.173,0.17,0.173,0.17,0.0,0.0,0.0,0.0,5.81,51.646,53.1,715984400.0
11.49,0.0,0.173,0.173,0.17,0.173,0.17,0.0,0.0,0.0,0.0,5.8,51.631,53.091,716608100.0
11.5,0.0,0.173,0.173,0.17,0.173,0.17,0.0,0.0,0.0,0.0,5.8,51.617,53.081,717231700.0
11.51,0.0,0.173,0.173,0.17,0.173,0.17,0.0,0.0,0.0,0.0,5.8,51.603,53.072,717855500.0
11.52,0.0,0.173,0.173,0.17,0.173,0.17,0.0,0.0,0.0,0.0,5.8,51.589,53.062,718479200.0
11.53,0.0,0.173,0.173,0.17,0.173,0.17,0.0,0.0,0.0,0.0,5.79,51.574,53.053,719102800.0
11.54,0.0,0.173,0.173,0.17,0.173,0.17,0.0,0.0,0.0,0.0,5.79,51.56,53.043,719726500.0
11.55,0.0,0.173,0.173,0.17,0.173,0.17,0.0,0.0,0.0,0.0,5.79,51.546,53.034,720350200.0
11.56,0.0,0.173,0.173,0.17,0.173,0.17,0.0,0.0,0.0,0.0,5.79,51.532,53.024,720973900.0
11.57,0.0,0.173,0.173,0.17,0.173,0.17,0.0,0.0,0.0,0.0,5.78,51.518,53.015,721597500.0
11.58,0.0,0.173,0.173,0.17,0.173,0.17,0.0,0.0,0.0,0.0,5.78,51.503,53.005,722221200.0
11.59,0.0,0.172,0.172,0.17,0.172,0.17,0.0,0.0,0.0,0.0,5.78,51.489,52.996,722844900.0
11.6,0.0,0.172,0.172,0.17,0.172,0.17,0.0,0.0,0.0,0.0,5.77,51.475,52.987,723468600.0
11.61,0.0,0.172,0.172,0.17,0.172,0.17,0.0,0.0,0.0,0.0,5.77,51.461,52.977,724092200.0
11.62,0.0,0.172,0.172,0.17,0.172,0.17,0.0,0.0,0.0,0.0,5.77,51.447,52.968,724715900.0
11.63,0.0,0.172,0.172,0.17,0.172,0.17,0.0,0.0,0.0,0.0,5.77,51.433,52.958,725339600.0
11.64,0.0,0.172,0.172,0.17,0.172,0.17,0.0,0.0,0.0,0.0,5.76,51.419,52.949,725963300.0
11.65,0.0,0.172,0.172,0.17,0.172,0.17,0.0,0.0,0.0,0.0,5.76,51.405,52.94,726586900.0
11.66,0.0,0.172,0.172,0.17,0.172,0.17,0.0,0.0,0.0,0.0,5.76,51.391,52.93,727210600.0
11.67,0.0,0.172,0.172,0.17,0.172,0.17,0.0,0.0,0.0,0.0,5.76,51.376,52.921,727834300.0
11.68,0.0,0.172,0.172,0.17,0.172,0.17,0.0,0.0,0.0,0.0,5.75,51.362,52.911,728458000.0
11.69,0.0,0.172,0.172,0.17,0.172,0.17,0.0,0.0,0.0,0.0,5.75,51.348,52.902,729081700.0
11.7,0.0,0.172,0.172,0.17,0.172,0.17,0.0,0.0,0.0,0.0,5.75,51.334,52.893,729705300.0
11.71,0.0,0.172,0.172,0.17,0.172,0.17,0.0,0.0,0.0,0.0,5.75,51.32,52.883,730329000.0
11.72,0.0,0.172,0.172,0.17,0.172,0.17,0.0,0.0,0.0,0.0,5.74,51.306,52.874,730952800.0
11.73,0.0,0.172,0.172,0.17,0.172,0.17,0.0,0.0,0.0,0.0,5.74,51.292,52.865,731576400.0
11.74,0.0,0.172,0.172,0.17,0.172,0.17,0.0,0.0,0.0,0.0,5.74,51.278,52.855,732200100.0
11.75,0.0,0.172,0.172,0.17,0.172,0.17,0.0,0.0,0.0,0.0,5.73,51.265,52.846,732823700.0
11.76,0.0,0.172,0.172,0.17,0.172,0.17,0.0,0.0,0.0,0.0,5.73,51.251,52.837,733447500.0
11.77,0.0,0.172,0.172,0.17,0.172,0.17,0.0,0.0,0.0,0.0,5.73,51.237,52.828,734071200.0
11.78,0.0,0.172,0.172,0.17,0.172,0.17,0.0,0.0,0.0,0.0,5.73,51.223,52.818,734694800.0
11.79,0.0,0.172,0.172,0.17,0.172,0.17,0.0,0.0,0.0,0.0,5.72,51.209,52.809,735318500.0
11.8,0.0,0.172,0.172,0.17,0.172,0.17,0.0,0.0,0.0,0.0,5.72,51.195,52.8,735942100.0
11.81,0.0,0.172,0.172,0.17,0.172,0.17,0.0,0.0,0.0,0.0,5.72,51.181,52.791,736565900.0
11.82,0.0,0.172,0.172,0.17,0.172,0.17,0.0,0.0,0.0,0.0,5.72,51.167,52.781,737189500.0
11.83,0.0,0.172,0.172,0.17,0.172,0.17,0.0,0.0,0.0,0.0,5.71,51.153,52.772,737813200.0
11.84,0.0,0.172,0.172,0.17,0.172,0.17,0.0,0.0,0.0,0.0,5.71,51.139,52.763,738436900.0
11.85,0.0,0.172,0.172,0.17,0.172,0.17,0.0,0.0,0.0,0.0,5.71,51.126,52.754,739060600.0
11.86,0.0,0.172,0.172,0.17,0.172,0.17,0.0,0.0,0.0,0.0,5.71,51.112,52.744,739684200.0
11.87,0.0,0.172,0.172,0.17,0.172,0.17,0.0,0.0,0.0,0.0,5.7,51.098,52.735,740307900.0
11.88,0.0,0.172,0.172,0.17,0.172,0.17,0.0,0.0,0.0,0.0,5.7,51.084,52.726,740931600.0
11.89,0.0,0.172,0.172,0.17,0.172,0.17,0.0,0.0,0.0,0.0,5.7,51.07,52.717,741555300.0
11.9,0.0,0.172,0.172,0.17,0.172,0.17,0.0,0.0,0.0,0.0,5.7,51.057,52.708,742178900.0
11.91,0.0,0.172,0.172,0.17,0.172,0.17,0.0,0.0,0.0,0.0,5.69,51.043,52.699,742802600.0
11.92,0.0,0.172,0.172,0.17,0.172,0.17,0.0,0.0,0.0,0.0,5.69,51.029,52.689,743426300.0
11.93,0.0,0.172,0.172,0.17,0.172,0.17,0.0,0.0,0.0,0.0,5.69,51.015,52.68,744050000.0
11.94,0.0,0.172,0.172,0.17,0.172,0.17,0.0,0.0,0.0,0.0,5.69,51.001,52.671,744673700.0
11.95,0.0,0.172,0.172,0.17,0.172,0.17,0.0,0.0,0.0,0.0,5.68,50.988,52.662,745297300.0
11.96,0.0,0.172,0.172,0.17,0.172,0.17,0.0,0.0,0.0,0.0,5.68,50.974,52.653,745921000.0
11.97,0.0,0.172,0.172,0.17,0.172,0.17,0.0,0.0,0.0,0.0,5.68,50.96,52.644,746544800.0
11.98,0.0,0.172,0.172,0.17,0.172,0.17,0.0,0.0,0.0,0.0,5.68,50.947,52.635,747168400.0
11.99,0.0,0.172,0.172,0.17,0.172,0.17,0.0,0.0,0.0,0.0,5.67,50.933,52.626,747792100.0
12.0,0.0,0.172,0.172,0.17,0.172,0.17,0.0,0.0,0.0,0.0,5.67,50.919,52.616,748415700.0
12.01,0.0,0.172,0.172,0.17,0.172,0.17,0.0,0.0,0.0,0.0,5.67,50.906,52.607,749039400.0
12.02,0.0,0.172,0.172,0.17,0.172,0.17,0.0,0.0,0.0,0.0,5.67,50.892,52.598,749663200.0
12.03,0.0,0.172,0.172,0.17,0.172,0.17,0.0,0.0,0.0,0.0,5.66,50.878,52.589,750286800.0
12.04,0.0,0.172,0.172,0.17,0.172,0.17,0.0,0.0,0.0,0.0,5.66,50.865,52.58,750910500.0
12.05,0.0,0.172,0.172,0.17,0.172,0.17,0.0,0.0,0.0,0.0,5.66,50.851,52.571,751534100.0
12.06,0.0,0.172,0.172,0.17,0.172,0.17,0.0,0.0,0.0,0.0,5.66,50.837,52.562,752157900.0
12.07,0.0,0.172,0.172,0.17,0.172,0.17,0.0,0.0,0.0,0.0,5.65,50.824,52.553,752781500.0
12.08,0.0,0.172,0.172,0.17,0.172,0.17,0.0,0.0,0.0,0.0,5.65,50.81,52.544,753405200.0
12.09,0.0,0.172,0.172,0.17,0.172,0.17,0.0,0.0,0.0,0.0,5.65,50.797,52.535,754028900.0
12.1,0.0,0.172,0.172,0.17,0.172,0.17,0.0,0.0,0.0,0.0,5.65,50.783,52.526,754652600.0
12.11,0.0,0.172,0.172,0.17,0.172,0.17,0.0,0.0,0.0,0.0,5.64,50.77,52.517,755276200.0
12.12,0.0,0.172,0.172,0.17,0.172,0.17,0.0,0.0,0.0,0.0,5.64,50.756,52.508,755899900.0
12.13,0.0,0.172,0.172,0.17,0.172,0.17,0.0,0.0,0.0,0.0,5.64,50.743,52.499,756523600.0
12.14,0.0,0.172,0.172,0.17,0.172,0.17,0.0,0.0,0.0,0.0,5.64,50.729,52.49,757147300.0
12.15,0.0,0.172,0.172,0.17,0.172,0.17,0.0,0.0,0.0,0.0,5.63,50.716,52.481,757770900.0
12.16,0.0,0.172,0.172,0.17,0.172,0.17,0.0,0.0,0.0,0.0,5.63,50.702,52.472,758394600.0
12.17,0.0,0.172,0.172,0.17,0.172,0.17,0.0,0.0,0.0,0.0,5.63,50.689,52.463,759018300.0
12.18,0.0,0.172,0.172,0.17,0.172,0.17,0.0,0.0,0.0,0.0,5.63,50.675,52.454,759642000.0
12.19,0.0,0.172,0.172,0.17,0.172,0.17,0.0,0.0,0.0,0.0,5.62,50.662,52.445,760265700.0
12.2,0.0,0.172,0.172,0.17,0.172,0.17,0.0,0.0,0.0,0.0,5.62,50.648,52.436,760889300.0
12.21,0.0,0.172,0.172,0.17,0.172,0.17,0.0,0.0,0.0,0.0,5.62,50.635,52.427,761513000.0
12.22,0.0,0.172,0.172,0.17,0.172,0.17,0.0,0.0,0.0,0.0,5.62,50.621,52.419,762136700.0
12.23,0.0,0.172,0.172,0.17,0.172,0.17,0.0,0.0,0.0,0.0,5.61,50.608,52.41,762760400.0
12.24,0.0,0.171,0.171,0.17,0.171,0.17,0.0,0.0,0.0,0.0,5.61,50.594,52.401,763384100.0
12.25,0.0,0.171,0.171,0.17,0.171,0.17,0.0,0.0,0.0,0.0,5.61,50.581,52.392,764007700.0
12.26,0.0,0.171,0.171,0.17,0.171,0.17,0.0,0.0,0.0,0.0,5.61,50.568,52.383,764631400.0
12.27,0.0,0.171,0.171,0.169,0.171,0.169,0.0,0.0,0.0,0.0,5.6,50.554,52.374,765255200.0
12.28,0.0,0.171,0.171,0.169,0.171,0.169,0.0,0.0,0.0,0.0,5.6,50.541,52.365,765878800.0
12.29,0.0,0.171,0.171,0.169,0.171,0.169,0.0,0.0,0.0,0.0,5.6,50.528,52.356,766502500.0
12.3,0.0,0.171,0.171,0.169,0.171,0.169,0.0,0.0,0.0,0.0,5.6,50.514,52.347,767126100.0
12.31,0.0,0.171,0.171,0.169,0.171,0.169,0.0,0.0,0.0,0.0,5.59,50.501,52.339,767749900.0
12.32,0.0,0.171,0.171,0.169,0.171,0.169,0.0,0.0,0.0,0.0,5.59,50.488,52.33,768373500.0
12.33,0.0,0.171,0.171,0.169,0.171,0.169,0.0,0.0,0.0,0.0,5.59,50.474,52.321,768997200.0
12.34,0.0,0.171,0.171,0.169,0.171,0.169,0.0,0.0,0.0,0.0,5.59,50.461,52.312,769620900.0
12.35,0.0,0.171,0.171,0.169,0.171,0.169,0.0,0.0,0.0,0.0,5.58,50.448,52.303,770244500.0
12.36,0.0,0.171,0.171,0.169,0.171,0.169,0.0,0.0,0.0,0.0,5.58,50.434,52.295,770868200.0
12.37,0.0,0.171,0.171,0.169,0.171,0.169,0.0,0.0,0.0,0.0,5.58,50.421,52.286,771491900.0
12.38,0.0,0.171,0.171,0.169,0.171,0.169,0.0,0.0,0.0,0.0,5.58,50.408,52.277,772115600.0
12.39,0.0,0.171,0.171,0.169,0.171,0.169,0.0,0.0,0.0,0.0,5.57,50.395,52.268,772739300.0
12.4,0.0,0.171,0.171,0.169,0.171,0.169,0.0,0.0,0.0,0.0,5.57,50.381,52.259,773362900.0
12.41,0.0,0.171,0.171,0.169,0.171,0.169,0.0,0.0,0.0,0.0,5.57,50.368,52.251,773986600.0
12.42,0.0,0.171,0.171,0.169,0.171,0.169,0.0,0.0,0.0,0.0,5.57,50.355,52.242,774610300.0
12.43,0.0,0.171,0.171,0.169,0.171,0.169,0.0,0.0,0.0,0.0,5.57,50.342,52.233,775234000.0
12.44,0.0,0.171,0.171,0.169,0.171,0.169,0.0,0.0,0.0,0.0,5.56,50.329,52.224,775857700.0
12.45,0.0,0.171,0.171,0.169,0.171,0.169,0.0,0.0,0.0,0.0,5.56,50.315,52.216,776481300.0
12.46,0.0,0.171,0.171,0.169,0.171,0.169,0.0,0.0,0.0,0.0,5.56,50.302,52.207,777105000.0
12.47,0.0,0.171,0.171,0.169,0.171,0.169,0.0,0.0,0.0,0.0,5.56,50.289,52.198,777728700.0
12.48,0.0,0.171,0.171,0.169,0.171,0.169,0.0,0.0,0.0,0.0,5.55,50.276,52.189,778352400.0
12.49,0.0,0.171,0.171,0.169,0.171,0.169,0.0,0.0,0.0,0.0,5.55,50.263,52.181,778976100.0
12.5,0.0,0.171,0.171,0.169,0.171,0.169,0.0,0.0,0.0,0.0,5.55,50.25,52.172,779599700.0
12.51,0.0,0.171,0.171,0.169,0.171,0.169,0.0,0.0,0.0,0.0,5.55,50.237,52.163,780223400.0
12.52,0.0,0.171,0.171,0.169,0.171,0.169,0.0,0.0,0.0,0.0,5.54,50.223,52.155,780847200.0
12.53,0.0,0.171,0.171,0.169,0.171,0.169,0.0,0.0,0.0,0.0,5.54,50.21,52.146,781470800.0
12.54,0.0,0.171,0.171,0.169,0.171,0.169,0.0,0.0,0.0,0.0,5.54,50.197,52.137,782094500.0
12.55,0.0,0.171,0.171,0.169,0.171,0.169,0.0,0.0,0.0,0.0,5.54,50.184,52.129,782718100.0
12.56,0.0,0.171,0.171,0.169,0.171,0.169,0.0,0.0,0.0,0.0,5.54,50.171,52.12,783341800.0
12.57,0.0,0.171,0.171,0.169,0.171,0.169,0.0,0.0,0.0,0.0,5.53,50.158,52.111,783965500.0
12.58,0.0,0.171,0.171,0.169,0.171,0.169,0.0,0.0,0.0,0.0,5.53,50.145,52.103,784589200.0
12.59,0.0,0.171,0.171,0.169,0.171,0.169,0.0,0.0,0.0,0.0,5.53,50.132,52.094,785212900.0
12.6,0.0,0.171,0.171,0.169,0.171,0.169,0.0,0.0,0.0,0.0,5.53,50.119,52.086,785836500.0
12.61,0.0,0.171,0.171,0.169,0.171,0.169,0.0,0.0,0.0,0.0,5.52,50.106,52.077,786460200.0
12.62,0.0,0.171,0.171,0.169,0.171,0.169,0.0,0.0,0.0,0.0,5.52,50.093,52.068,787083900.0
12.63,0.0,0.171,0.171,0.169,0.171,0.169,0.0,0.0,0.0,0.0,5.52,50.08,52.06,787707600.0
12.64,0.0,0.171,0.171,0.169,0.171,0.169,0.0,0.0,0.0,0.0,5.52,50.067,52.051,788331300.0
12.65,0.0,0.171,0.171,0.169,0.171,0.169,0.0,0.0,0.0,0.0,5.51,50.054,52.043,788954900.0
12.66,0.0,0.171,0.171,0.169,0.171,0.169,0.0,0.0,0.0,0.0,5.51,50.041,52.034,789578600.0
12.67,0.0,0.171,0.171,0.169,0.171,0.169,0.0,0.0,0.0,0.0,5.51,50.028,52.025,790202300.0
12.68,0.0,0.171,0.171,0.169,0.171,0.169,0.0,0.0,0.0,0.0,5.51,50.015,52.017,790826000.0
12.69,0.0,0.171,0.171,0.169,0.171,0.169,0.0,0.0,0.0,0.0,5.51,50.002,52.008,791449700.0
12.7,0.0,0.171,0.171,0.169,0.171,0.169,0.0,0.0,0.0,0.0,5.5,49.989,52.0,792073300.0
12.71,0.0,0.171,0.171,0.169,0.171,0.169,0.0,0.0,0.0,0.0,5.5,49.976,51.991,792697000.0
12.72,0.0,0.171,0.171,0.169,0.171,0.169,0.0,0.0,0.0,0.0,5.5,49.964,51.983,793320700.0
12.73,0.0,0.171,0.171,0.169,0.171,0.169,0.0,0.0,0.0,0.0,5.5,49.951,51.974,793944400.0
12.74,0.0,0.171,0.171,0.169,0.171,0.169,0.0,0.0,0.0,0.0,5.49,49.938,51.966,794568100.0
12.75,0.0,0.171,0.171,0.169,0.171,0.169,0.0,0.0,0.0,0.0,5.49,49.925,51.957,795191700.0
12.76,0.0,0.171,0.171,0.169,0.171,0.169,0.0,0.0,0.0,0.0,5.49,49.912,51.949,795815400.0
12.77,0.0,0.171,0.171,0.169,0.171,0.169,0.0,0.0,0.0,0.0,5.49,49.899,51.94,796439100.0
12.78,0.0,0.171,0.171,0.169,0.171,0.169,0.0,0.0,0.0,0.0,5.49,49.886,51.932,797062800.0
12.79,0.0,0.171,0.171,0.169,0.171,0.169,0.0,0.0,0.0,0.0,5.48,49.873,51.923,797686500.0
12.8,0.0,0.171,0.171,0.169,0.171,0.169,0.0,0.0,0.0,0.0,5.48,49.861,51.915,798310100.0
12.81,0.0,0.171,0.171,0.169,0.171,0.169,0.0,0.0,0.0,0.0,5.48,49.848,51.906,798933800.0
12.82,0.0,0.171,0.171,0.169,0.171,0.169,0.0,0.0,0.0,0.0,5.48,49.835,51.898,799557500.0
12.83,0.0,0.171,0.171,0.169,0.171,0.169,0.0,0.0,0.0,0.0,5.47,49.822,51.889,800181200.0
12.84,0.0,0.171,0.171,0.169,0.171,0.169,0.0,0.0,0.0,0.0,5.47,49.809,51.881,800804900.0
12.85,0.0,0.171,0.171,0.169,0.171,0.169,0.0,0.0,0.0,0.0,5.47,49.797,51.872,801428500.0
12.86,0.0,0.171,0.171,0.169,0.171,0.169,0.0,0.0,0.0,0.0,5.47,49.784,51.864,802052200.0
12.87,0.0,0.171,0.171,0.169,0.171,0.169,0.0,0.0,0.0,0.0,5.47,49.771,51.856,802675900.0
12.88,0.0,0.171,0.171,0.169,0.171,0.169,0.0,0.0,0.0,0.0,5.46,49.758,51.847,803299600.0
12.89,0.0,0.171,0.171,0.169,0.171,0.169,0.0,0.0,0.0,0.0,5.46,49.746,51.839,803923300.0
12.9,0.0,0.171,0.171,0.169,0.171,0.169,0.0,0.0,0.0,0.0,5.46,49.733,51.83,804546900.0
12.91,0.0,0.171,0.171,0.169,0.171,0.169,0.0,0.0,0.0,0.0,5.46,49.72,51.822,805170600.0
12.92,0.0,0.171,0.171,0.169,0.171,0.169,0.0,0.0,0.0,0.0,5.45,49.708,51.814,805794300.0
12.93,0.0,0.171,0.171,0.169,0.171,0.169,0.0,0.0,0.0,0.0,5.45,49.695,51.805,806418000.0
12.94,0.0,0.171,0.171,0.169,0.171,0.169,0.0,0.0,0.0,0.0,5.45,49.682,51.797,807041700.0
12.95,0.0,0.171,0.171,0.169,0.171,0.169,0.0,0.0,0.0,0.0,5.45,49.67,51.788,807665300.0
12.96,0.0,0.171,0.171,0.169,0.171,0.169,0.0,0.0,0.0,0.0,5.45,49.657,51.78,808289000.0
12.97,0.0,0.171,0.171,0.169,0.171,0.169,0.0,0.0,0.0,0.0,5.44,49.644,51.772,808912700.0
12.98,0.0,0.171,0.171,0.169,0.171,0.169,0.0,0.0,0.0,0.0,5.44,49.632,51.763,809536300.0
12.99,0.0,0.171,0.171,0.169,0.171,0.169,0.0,0.0,0.0,0.0,5.44,49.619,51.755,810160100.0
13.0,0.0,0.171,0.171,0.169,0.171,0.169,0.0,0.0,0.0,0.0,5.44,49.606,51.747,810783700.0
13.01,0.0,0.171,0.171,0.169,0.171,0.169,0.0,0.0,0.0,0.0,5.43,49.594,51.738,811407400.0
13.02,0.0,0.17,0.17,0.169,0.17,0.169,0.0,0.0,0.0,0.0,5.43,49.581,51.73,812031100.0
13.03,0.0,0.17,0.17,0.169,0.17,0.169,0.0,0.0,0.0,0.0,5.43,49.569,51.722,812654800.0
13.04,0.0,0.17,0.17,0.169,0.17,0.169,0.0,0.0,0.0,0.0,5.43,49.556,51.714,813278500.0
13.05,0.0,0.17,0.17,0.169,0.17,0.169,0.0,0.0,0.0,0.0,5.43,49.543,51.705,813902100.0
13.06,0.0,0.17,0.17,0.169,0.17,0.169,0.0,0.0,0.0,0.0,5.42,49.531,51.697,814525800.0
13.07,0.0,0.17,0.17,0.169,0.17,0.169,0.0,0.0,0.0,0.0,5.42,49.518,51.689,815149500.0
13.08,0.0,0.17,0.17,0.169,0.17,0.169,0.0,0.0,0.0,0.0,5.42,49.506,51.68,815773200.0
13.09,0.0,0.17,0.17,0.169,0.17,0.169,0.0,0.0,0.0,0.0,5.42,49.493,51.672,816396900.0
13.1,0.0,0.17,0.17,0.169,0.17,0.169,0.0,0.0,0.0,0.0,5.42,49.481,51.664,817020500.0
13.11,0.0,0.17,0.17,0.169,0.17,0.169,0.0,0.0,0.0,0.0,5.41,49.468,51.656,817644200.0
13.12,0.0,0.17,0.17,0.169,0.17,0.169,0.0,0.0,0.0,0.0,5.41,49.456,51.647,818267900.0
13.13,0.0,0.17,0.17,0.169,0.17,0.169,0.0,0.0,0.0,0.0,5.41,49.443,51.639,818891600.0
13.14,0.0,0.17,0.17,0.169,0.17,0.169,0.0,0.0,0.0,0.0,5.41,49.431,51.631,819515300.0
13.15,0.0,0.17,0.17,0.169,0.17,0.169,0.0,0.0,0.0,0.0,5.4,49.418,51.623,820138900.0
13.16,0.0,0.17,0.17,0.169,0.17,0.169,0.0,0.0,0.0,0.0,5.4,49.406,51.614,820762600.0
13.17,0.0,0.17,0.17,0.169,0.17,0.169,0.0,0.0,0.0,0.0,5.4,49.393,51.606,821386300.0
13.18,0.0,0.17,0.17,0.169,0.17,0.169,0.0,0.0,0.0,0.0,5.4,49.381,51.598,822010000.0
13.19,0.0,0.17,0.17,0.169,0.17,0.169,0.0,0.0,0.0,0.0,5.4,49.368,51.59,822633600.0
13.2,0.0,0.17,0.17,0.169,0.17,0.169,0.0,0.0,0.0,0.0,5.39,49.356,51.582,823257300.0
13.21,0.0,0.17,0.17,0.169,0.17,0.169,0.0,0.0,0.0,0.0,5.39,49.344,51.574,823881000.0
13.22,0.0,0.17,0.17,0.169,0.17,0.169,0.0,0.0,0.0,0.0,5.39,49.331,51.565,824504700.0
13.23,0.0,0.17,0.17,0.169,0.17,0.169,0.0,0.0,0.0,0.0,5.39,49.319,51.557,825128300.0
13.24,0.0,0.17,0.17,0.169,0.17,0.169,0.0,0.0,0.0,0.0,5.39,49.306,51.549,825752100.0
13.25,0.0,0.17,0.17,0.169,0.17,0.169,0.0,0.0,0.0,0.0,5.38,49.294,51.541,826375700.0
13.26,0.0,0.17,0.17,0.169,0.17,0.169,0.0,0.0,0.0,0.0,5.38,49.282,51.533,826999400.0
13.27,0.0,0.17,0.17,0.169,0.17,0.169,0.0,0.0,0.0,0.0,5.38,49.269,51.525,827623100.0
13.28,0.0,0.17,0.17,0.169,0.17,0.169,0.0,0.0,0.0,0.0,5.38,49.257,51.516,828246800.0
13.29,0.0,0.17,0.17,0.168,0.17,0.168,0.0,0.0,0.0,0.0,5.38,49.245,51.508,828870500.0
13.3,0.0,0.17,0.17,0.168,0.17,0.168,0.0,0.0,0.0,0.0,5.37,49.232,51.5,829494100.0
13.31,0.0,0.17,0.17,0.168,0.17,0.168,0.0,0.0,0.0,0.0,5.37,49.22,51.492,830117800.0
13.32,0.0,0.17,0.17,0.168,0.17,0.168,0.0,0.0,0.0,0.0,5.37,49.208,51.484,830741500.0
13.33,0.0,0.17,0.17,0.168,0.17,0.168,0.0,0.0,0.0,0.0,5.37,49.195,51.476,831365200.0
13.34,0.0,0.17,0.17,0.168,0.17,0.168,0.0,0.0,0.0,0.0,5.37,49.183,51.468,831988900.0
13.35,0.0,0.17,0.17,0.168,0.17,0.168,0.0,0.0,0.0,0.0,5.36,49.171,51.46,832612500.0
13.36,0.0,0.17,0.17,0.168,0.17,0.168,0.0,0.0,0.0,0.0,5.36,49.159,51.452,833236200.0
13.37,0.0,0.17,0.17,0.168,0.17,0.168,0.0,0.0,0.0,0.0,5.36,49.146,51.444,833859900.0
13.38,0.0,0.17,0.17,0.168,0.17,0.168,0.0,0.0,0.0,0.0,5.36,49.134,51.436,834483600.0
13.39,0.0,0.17,0.17,0.168,0.17,0.168,0.0,0.0,0.0,0.0,5.36,49.122,51.428,835107300.0
13.4,0.0,0.17,0.17,0.168,0.17,0.168,0.0,0.0,0.0,0.0,5.35,49.11,51.419,835730900.0
13.41,0.0,0.17,0.17,0.168,0.17,0.168,0.0,0.0,0.0,0.0,5.35,49.097,51.411,836354600.0
13.42,0.0,0.17,0.17,0.168,0.17,0.168,0.0,0.0,0.0,0.0,5.35,49.085,51.403,836978300.0
13.43,0.0,0.17,0.17,0.168,0.17,0.168,0.0,0.0,0.0,0.0,5.35,49.073,51.395,837602000.0
13.44,0.0,0.17,0.17,0.168,0.17,0.168,0.0,0.0,0.0,0.0,5.35,49.061,51.387,838225600.0
13.45,0.0,0.17,0.17,0.168,0.17,0.168,0.0,0.0,0.0,0.0,5.34,49.049,51.379,838849300.0
13.46,0.0,0.17,0.17,0.168,0.17,0.168,0.0,0.0,0.0,0.0,5.34,49.036,51.371,839473000.0
13.47,0.0,0.17,0.17,0.168,0.17,0.168,0.0,0.0,0.0,0.0,5.34,49.024,51.363,840096700.0
13.48,0.0,0.17,0.17,0.168,0.17,0.168,0.0,0.0,0.0,0.0,5.34,49.012,51.355,840720300.0
13.49,0.0,0.17,0.17,0.168,0.17,0.168,0.0,0.0,0.0,0.0,5.34,49.0,51.347,841344100.0
13.5,0.0,0.17,0.17,0.168,0.17,0.168,0.0,0.0,0.0,0.0,5.33,48.988,51.339,841967700.0
13.51,0.0,0.17,0.17,0.168,0.17,0.168,0.0,0.0,0.0,0.0,5.33,48.976,51.331,842591400.0
13.52,0.0,0.17,0.17,0.168,0.17,0.168,0.0,0.0,0.0,0.0,5.33,48.963,51.323,843215100.0
13.53,0.0,0.17,0.17,0.168,0.17,0.168,0.0,0.0,0.0,0.0,5.33,48.951,51.316,843838700.0
13.54,0.0,0.17,0.17,0.168,0.17,0.168,0.0,0.0,0.0,0.0,5.33,48.939,51.308,844462500.0
13.55,0.0,0.17,0.17,0.168,0.17,0.168,0.0,0.0,0.0,0.0,5.32,48.927,51.3,845086100.0
13.56,0.0,0.17,0.17,0.168,0.17,0.168,0.0,0.0,0.0,0.0,5.32,48.915,51.292,845709800.0
13.57,0.0,0.17,0.17,0.168,0.17,0.168,0.0,0.0,0.0,0.0,5.32,48.903,51.284,846333400.0
13.58,0.0,0.17,0.17,0.168,0.17,0.168,0.0,0.0,0.0,0.0,5.32,48.891,51.276,846957200.0
13.59,0.0,0.17,0.17,0.168,0.17,0.168,0.0,0.0,0.0,0.0,5.32,48.879,51.268,847580900.0
13.6,0.0,0.17,0.17,0.168,0.17,0.168,0.0,0.0,0.0,0.0,5.31,48.867,51.26,848204500.0
13.61,0.0,0.17,0.17,0.168,0.17,0.168,0.0,0.0,0.0,0.0,5.31,48.855,51.252,848828200.0
13.62,0.0,0.17,0.17,0.168,0.17,0.168,0.0,0.0,0.0,0.0,5.31,48.843,51.244,849451900.0
13.63,0.0,0.17,0.17,0.168,0.17,0.168,0.0,0.0,0.0,0.0,5.31,48.831,51.236,850075600.0
13.64,0.0,0.17,0.17,0.168,0.17,0.168,0.0,0.0,0.0,0.0,5.31,48.819,51.228,850699300.0
13.65,0.0,0.17,0.17,0.168,0.17,0.168,0.0,0.0,0.0,0.0,5.3,48.807,51.221,851322900.0
13.66,0.0,0.17,0.17,0.168,0.17,0.168,0.0,0.0,0.0,0.0,5.3,48.795,51.213,851946600.0
13.67,0.0,0.17,0.17,0.168,0.17,0.168,0.0,0.0,0.0,0.0,5.3,48.783,51.205,852570300.0
13.68,0.0,0.17,0.17,0.168,0.17,0.168,0.0,0.0,0.0,0.0,5.3,48.771,51.197,853194000.0
13.69,0.0,0.17,0.17,0.168,0.17,0.168,0.0,0.0,0.0,0.0,5.3,48.759,51.189,853817600.0
13.7,0.0,0.17,0.17,0.168,0.17,0.168,0.0,0.0,0.0,0.0,5.29,48.747,51.181,854441300.0
13.71,0.0,0.17,0.17,0.168,0.17,0.168,0.0,0.0,0.0,0.0,5.29,48.735,51.173,855065000.0
13.72,0.0,0.17,0.17,0.168,0.17,0.168,0.0,0.0,0.0,0.0,5.29,48.723,51.166,855688700.0
13.73,0.0,0.17,0.17,0.168,0.17,0.168,0.0,0.0,0.0,0.0,5.29,48.711,51.158,856312300.0
13.74,0.0,0.17,0.17,0.168,0.17,0.168,0.0,0.0,0.0,0.0,5.29,48.699,51.15,856936000.0
13.75,0.0,0.17,0.17,0.168,0.17,0.168,0.0,0.0,0.0,0.0,5.28,48.687,51.142,857559700.0
13.76,0.0,0.17,0.17,0.168,0.17,0.168,0.0,0.0,0.0,0.0,5.28,48.675,51.134,858183400.0
13.77,0.0,0.17,0.17,0.168,0.17,0.168,0.0,0.0,0.0,0.0,5.28,48.663,51.127,858807100.0
13.78,0.0,0.17,0.17,0.168,0.17,0.168,0.0,0.0,0.0,0.0,5.28,48.651,51.119,859430700.0
13.79,0.0,0.17,0.17,0.168,0.17,0.168,0.0,0.0,0.0,0.0,5.28,48.64,51.111,860054500.0
13.8,0.0,0.17,0.17,0.168,0.17,0.168,0.0,0.0,0.0,0.0,5.27,48.628,51.103,860678100.0
13.81,0.0,0.17,0.17,0.168,0.17,0.168,0.0,0.0,0.0,0.0,5.27,48.616,51.095,861301800.0
13.82,0.0,0.17,0.17,0.168,0.17,0.168,0.0,0.0,0.0,0.0,5.27,48.604,51.088,861925400.0
13.83,0.0,0.17,0.17,0.168,0.17,0.168,0.0,0.0,0.0,0.0,5.27,48.592,51.08,862549200.0
13.84,0.0,0.17,0.17,0.168,0.17,0.168,0.0,0.0,0.0,0.0,5.27,48.58,51.072,863172900.0
13.85,0.0,0.17,0.17,0.168,0.17,0.168,0.0,0.0,0.0,0.0,5.27,48.568,51.064,863796500.0
13.86,0.0,0.17,0.17,0.168,0.17,0.168,0.0,0.0,0.0,0.0,5.26,48.557,51.057,864420200.0
13.87,0.0,0.17,0.17,0.168,0.17,0.168,0.0,0.0,0.0,0.0,5.26,48.545,51.049,865043900.0
13.88,0.0,0.17,0.17,0.168,0.17,0.168,0.0,0.0,0.0,0.0,5.26,48.533,51.041,865667600.0
13.89,0.0,0.17,0.17,0.168,0.17,0.168,0.0,0.0,0.0,0.0,5.26,48.521,51.034,866291300.0
13.9,0.0,0.17,0.17,0.168,0.17,0.168,0.0,0.0,0.0,0.0,5.26,48.509,51.026,866914900.0
13.91,0.0,0.17,0.17,0.168,0.17,0.168,0.0,0.0,0.0,0.0,5.25,48.498,51.018,867538600.0
13.92,0.0,0.17,0.17,0.168,0.17,0.168,0.0,0.0,0.0,0.0,5.25,48.486,51.01,868162300.0
13.93,0.0,0.17,0.17,0.168,0.17,0.168,0.0,0.0,0.0,0.0,5.25,48.474,51.003,868786000.0
13.94,0.0,0.17,0.17,0.168,0.17,0.168,0.0,0.0,0.0,0.0,5.25,48.462,50.995,869409600.0
13.95,0.0,0.17,0.17,0.168,0.17,0.168,0.0,0.0,0.0,0.0,5.25,48.451,50.987,870033300.0
13.96,0.0,0.169,0.169,0.168,0.169,0.168,0.0,0.0,0.0,0.0,5.24,48.439,50.98,870657000.0
13.97,0.0,0.169,0.169,0.168,0.169,0.168,0.0,0.0,0.0,0.0,5.24,48.427,50.972,871280700.0
13.98,0.0,0.169,0.169,0.168,0.169,0.168,0.0,0.0,0.0,0.0,5.24,48.415,50.964,871904300.0
13.99,0.0,0.169,0.169,0.168,0.169,0.168,0.0,0.0,0.0,0.0,5.24,48.404,50.957,872528000.0
14.0,0.0,0.169,0.169,0.168,0.169,0.168,0.0,0.0,0.0,0.0,5.24,48.392,50.949,873151700.0
14.01,0.0,0.169,0.169,0.168,0.169,0.168,0.0,0.0,0.0,0.0,5.24,48.38,50.941,873775400.0
14.02,0.0,0.169,0.169,0.168,0.169,0.168,0.0,0.0,0.0,0.0,5.23,48.369,50.934,874399100.0
14.03,0.0,0.169,0.169,0.168,0.169,0.168,0.0,0.0,0.0,0.0,5.23,48.357,50.926,875022700.0
14.04,0.0,0.169,0.169,0.168,0.169,0.168,0.0,0.0,0.0,0.0,5.23,48.345,50.919,875646500.0
14.05,0.0,0.169,0.169,0.168,0.169,0.168,0.0,0.0,0.0,0.0,5.23,48.334,50.911,876270100.0
14.06,0.0,0.169,0.169,0.168,0.169,0.168,0.0,0.0,0.0,0.0,5.23,48.322,50.903,876893800.0
14.07,0.0,0.169,0.169,0.168,0.169,0.168,0.0,0.0,0.0,0.0,5.22,48.31,50.896,877517400.0
14.08,0.0,0.169,0.169,0.168,0.169,0.168,0.0,0.0,0.0,0.0,5.22,48.299,50.888,878141200.0
14.09,0.0,0.169,0.169,0.168,0.169,0.168,0.0,0.0,0.0,0.0,5.22,48.287,50.881,878764900.0
14.1,0.0,0.169,0.169,0.168,0.169,0.168,0.0,0.0,0.0,0.0,5.22,48.276,50.873,879388500.0
14.11,0.0,0.169,0.169,0.168,0.169,0.168,0.0,0.0,0.0,0.0,5.22,48.264,50.865,880012200.0
14.12,0.0,0.169,0.169,0.168,0.169,0.168,0.0,0.0,0.0,0.0,5.22,48.252,50.858,880635800.0
14.13,0.0,0.169,0.169,0.168,0.169,0.168,0.0,0.0,0.0,0.0,5.21,48.241,50.85,881259600.0
14.14,0.0,0.169,0.169,0.168,0.169,0.168,0.0,0.0,0.0,0.0,5.21,48.229,50.843,881883300.0
14.15,0.0,0.169,0.169,0.168,0.169,0.168,0.0,0.0,0.0,0.0,5.21,48.218,50.835,882506900.0
14.16,0.0,0.169,0.169,0.168,0.169,0.168,0.0,0.0,0.0,0.0,5.21,48.206,50.828,883130600.0
14.17,0.0,0.169,0.169,0.168,0.169,0.168,0.0,0.0,0.0,0.0,5.21,48.195,50.82,883754300.0
14.18,0.0,0.169,0.169,0.168,0.169,0.168,0.0,0.0,0.0,0.0,5.2,48.183,50.813,884378000.0
14.19,0.0,0.169,0.169,0.168,0.169,0.168,0.0,0.0,0.0,0.0,5.2,48.171,50.805,885001600.0
14.2,0.0,0.169,0.169,0.168,0.169,0.168,0.0,0.0,0.0,0.0,5.2,48.16,50.798,885625300.0
14.21,0.0,0.169,0.169,0.168,0.169,0.168,0.0,0.0,0.0,0.0,5.2,48.148,50.79,886249000.0
14.22,0.0,0.169,0.169,0.168,0.169,0.168,0.0,0.0,0.0,0.0,5.2,48.137,50.783,886872700.0
14.23,0.0,0.169,0.169,0.168,0.169,0.168,0.0,0.0,0.0,0.0,5.2,48.125,50.775,887496300.0
14.24,0.0,0.169,0.169,0.168,0.169,0.168,0.0,0.0,0.0,0.0,5.19,48.114,50.768,888120000.0
14.25,0.0,0.169,0.169,0.168,0.169,0.168,0.0,0.0,0.0,0.0,5.19,48.102,50.76,888743700.0
14.26,0.0,0.169,0.169,0.168,0.169,0.168,0.0,0.0,0.0,0.0,5.19,48.091,50.753,889367400.0
14.27,0.0,0.169,0.169,0.168,0.169,0.168,0.0,0.0,0.0,0.0,5.19,48.08,50.745,889991100.0
14.28,0.0,0.169,0.169,0.168,0.169,0.168,0.0,0.0,0.0,0.0,5.19,48.068,50.738,890614700.0
14.29,0.0,0.169,0.169,0.168,0.169,0.168,0.0,0.0,0.0,0.0,5.18,48.057,50.73,891238400.0
14.3,0.0,0.169,0.169,0.168,0.169,0.168,0.0,0.0,0.0,0.0,5.18,48.045,50.723,891862100.0
14.31,0.0,0.169,0.169,0.168,0.169,0.168,0.0,0.0,0.0,0.0,5.18,48.034,50.715,892485800.0
14.32,0.0,0.169,0.169,0.168,0.169,0.168,0.0,0.0,0.0,0.0,5.18,48.022,50.708,893109400.0
14.33,0.0,0.169,0.169,0.168,0.169,0.168,0.0,0.0,0.0,0.0,5.18,48.011,50.7,893733100.0
14.34,0.0,0.169,0.169,0.168,0.169,0.168,0.0,0.0,0.0,0.0,5.18,48.0,50.693,894356900.0
14.35,0.0,0.169,0.169,0.168,0.169,0.168,0.0,0.0,0.0,0.0,5.17,47.988,50.686,894980500.0
14.36,0.0,0.169,0.169,0.168,0.169,0.168,0.0,0.0,0.0,0.0,5.17,47.977,50.678,895604200.0
14.37,0.0,0.169,0.169,0.168,0.169,0.168,0.0,0.0,0.0,0.0,5.17,47.965,50.671,896227800.0
14.38,0.0,0.169,0.169,0.168,0.169,0.168,0.0,0.0,0.0,0.0,5.17,47.954,50.663,896851600.0
14.39,0.0,0.169,0.169,0.168,0.169,0.168,0.0,0.0,0.0,0.0,5.17,47.943,50.656,897475300.0
14.4,0.0,0.169,0.169,0.168,0.169,0.168,0.0,0.0,0.0,0.0,5.17,47.931,50.649,898098900.0
14.41,0.0,0.169,0.169,0.168,0.169,0.168,0.0,0.0,0.0,0.0,5.16,47.92,50.641,898722600.0
14.42,0.0,0.169,0.169,0.168,0.169,0.168,0.0,0.0,0.0,0.0,5.16,47.909,50.634,899346300.0
14.43,0.0,0.169,0.169,0.168,0.169,0.168,0.0,0.0,0.0,0.0,5.16,47.897,50.626,899970000.0
14.44,0.0,0.169,0.169,0.168,0.169,0.168,0.0,0.0,0.0,0.0,5.16,47.886,50.619,900593600.0
14.45,0.0,0.169,0.169,0.168,0.169,0.168,0.0,0.0,0.0,0.0,5.16,47.875,50.612,901217300.0
14.46,0.0,0.169,0.169,0.168,0.169,0.168,0.0,0.0,0.0,0.0,5.15,47.863,50.604,901841000.0
14.47,0.0,0.169,0.169,0.168,0.169,0.168,0.0,0.0,0.0,0.0,5.15,47.852,50.597,902464700.0
14.48,0.0,0.169,0.169,0.168,0.169,0.168,0.0,0.0,0.0,0.0,5.15,47.841,50.59,903088300.0
14.49,0.0,0.169,0.169,0.168,0.169,0.168,0.0,0.0,0.0,0.0,5.15,47.829,50.582,903712000.0
14.5,0.0,0.169,0.169,0.168,0.169,0.168,0.0,0.0,0.0,0.0,5.15,47.818,50.575,904335700.0
14.51,0.0,0.169,0.169,0.168,0.169,0.168,0.0,0.0,0.0,0.0,5.15,47.807,50.568,904959400.0
14.52,0.0,0.169,0.169,0.168,0.169,0.168,0.0,0.0,0.0,0.0,5.14,47.796,50.56,905583100.0
14.53,0.0,0.169,0.169,0.168,0.169,0.168,0.0,0.0,0.0,0.0,5.14,47.784,50.553,906206700.0
14.54,0.0,0.169,0.169,0.168,0.169,0.168,0.0,0.0,0.0,0.0,5.14,47.773,50.546,906830400.0
14.55,0.0,0.169,0.169,0.168,0.169,0.168,0.0,0.0,0.0,0.0,5.14,47.762,50.538,907454100.0
14.56,0.0,0.169,0.169,0.168,0.169,0.168,0.0,0.0,0.0,0.0,5.14,47.751,50.531,908077800.0
14.57,0.0,0.169,0.169,0.168,0.169,0.168,0.0,0.0,0.0,0.0,5.14,47.739,50.524,908701400.0
14.58,0.0,0.169,0.169,0.168,0.169,0.168,0.0,0.0,0.0,0.0,5.13,47.728,50.517,909325100.0
14.59,0.0,0.169,0.169,0.168,0.169,0.168,0.0,0.0,0.0,0.0,5.13,47.717,50.509,909948900.0
14.6,0.0,0.169,0.169,0.168,0.169,0.168,0.0,0.0,0.0,0.0,5.13,47.706,50.502,910572500.0
14.61,0.0,0.169,0.169,0.168,0.169,0.168,0.0,0.0,0.0,0.0,5.13,47.695,50.495,911196200.0
14.62,0.0,0.169,0.169,0.168,0.169,0.168,0.0,0.0,0.0,0.0,5.13,47.683,50.487,911819800.0
14.63,0.0,0.169,0.169,0.167,0.169,0.167,0.0,0.0,0.0,0.0,5.13,47.672,50.48,912443600.0
14.64,0.0,0.169,0.169,0.167,0.169,0.167,0.0,0.0,0.0,0.0,5.12,47.661,50.473,913067300.0
14.65,0.0,0.169,0.169,0.167,0.169,0.167,0.0,0.0,0.0,0.0,5.12,47.65,50.466,913690900.0
14.66,0.0,0.169,0.169,0.167,0.169,0.167,0.0,0.0,0.0,0.0,5.12,47.639,50.459,914314600.0
14.67,0.0,0.169,0.169,0.167,0.169,0.167,0.0,0.0,0.0,0.0,5.12,47.628,50.451,914938200.0
14.68,0.0,0.169,0.169,0.167,0.169,0.167,0.0,0.0,0.0,0.0,5.12,47.617,50.444,915562000.0
14.69,0.0,0.169,0.169,0.167,0.169,0.167,0.0,0.0,0.0,0.0,5.12,47.605,50.437,916185600.0
14.7,0.0,0.169,0.169,0.167,0.169,0.167,0.0,0.0,0.0,0.0,5.11,47.594,50.43,916809300.0
14.71,0.0,0.169,0.169,0.167,0.169,0.167,0.0,0.0,0.0,0.0,5.11,47.583,50.422,917433000.0
14.72,0.0,0.169,0.169,0.167,0.169,0.167,0.0,0.0,0.0,0.0,5.11,47.572,50.415,918056700.0
14.73,0.0,0.169,0.169,0.167,0.169,0.167,0.0,0.0,0.0,0.0,5.11,47.561,50.408,918680300.0
14.74,0.0,0.169,0.169,0.167,0.169,0.167,0.0,0.0,0.0,0.0,5.11,47.55,50.401,919304000.0
14.75,0.0,0.169,0.169,0.167,0.169,0.167,0.0,0.0,0.0,0.0,5.11,47.539,50.394,919927700.0
14.76,0.0,0.169,0.169,0.167,0.169,0.167,0.0,0.0,0.0,0.0,5.1,47.528,50.387,920551400.0
14.77,0.0,0.169,0.169,0.167,0.169,0.167,0.0,0.0,0.0,0.0,5.1,47.517,50.379,921175100.0
14.78,0.0,0.169,0.169,0.167,0.169,0.167,0.0,0.0,0.0,0.0,5.1,47.506,50.372,921798700.0
14.79,0.0,0.169,0.169,0.167,0.169,0.167,0.0,0.0,0.0,0.0,5.1,47.495,50.365,922422400.0
14.8,0.0,0.169,0.169,0.167,0.169,0.167,0.0,0.0,0.0,0.0,5.1,47.484,50.358,923046100.0
14.81,0.0,0.169,0.169,0.167,0.169,0.167,0.0,0.0,0.0,0.0,5.1,47.473,50.351,923669800.0
14.82,0.0,0.169,0.169,0.167,0.169,0.167,0.0,0.0,0.0,0.0,5.09,47.462,50.344,924293400.0
14.83,0.0,0.169,0.169,0.167,0.169,0.167,0.0,0.0,0.0,0.0,5.09,47.451,50.337,924917100.0
14.84,0.0,0.169,0.169,0.167,0.169,0.167,0.0,0.0,0.0,0.0,5.09,47.44,50.329,925540800.0
14.85,0.0,0.169,0.169,0.167,0.169,0.167,0.0,0.0,0.0,0.0,5.09,47.429,50.322,926164500.0
14.86,0.0,0.169,0.169,0.167,0.169,0.167,0.0,0.0,0.0,0.0,5.09,47.418,50.315,926788200.0
14.87,0.0,0.169,0.169,0.167,0.169,0.167,0.0,0.0,0.0,0.0,5.09,47.407,50.308,927411800.0
14.88,0.0,0.169,0.169,0.167,0.169,0.167,0.0,0.0,0.0,0.0,5.08,47.396,50.301,928035500.0
14.89,0.0,0.169,0.169,0.167,0.169,0.167,0.0,0.0,0.0,0.0,5.08,47.385,50.294,928659300.0
14.9,0.0,0.169,0.169,0.167,0.169,0.167,0.0,0.0,0.0,0.0,5.08,47.374,50.287,929282900.0
14.91,0.0,0.169,0.169,0.167,0.169,0.167,0.0,0.0,0.0,0.0,5.08,47.363,50.28,929906600.0
14.92,0.0,0.169,0.169,0.167,0.169,0.167,0.0,0.0,0.0,0.0,5.08,47.352,50.273,930530200.0
14.93,0.0,0.169,0.169,0.167,0.169,0.167,0.0,0.0,0.0,0.0,5.08,47.341,50.266,931154000.0
14.94,0.0,0.169,0.169,0.167,0.169,0.167,0.0,0.0,0.0,0.0,5.07,47.33,50.258,931777600.0
14.95,0.0,0.169,0.169,0.167,0.169,0.167,0.0,0.0,0.0,0.0,5.07,47.319,50.251,932401300.0
14.96,0.0,0.169,0.169,0.167,0.169,0.167,0.0,0.0,0.0,0.0,5.07,47.308,50.244,933025000.0
14.97,0.0,0.169,0.169,0.167,0.169,0.167,0.0,0.0,0.0,0.0,5.07,47.297,50.237,933648700.0
14.98,0.0,0.169,0.169,0.167,0.169,0.167,0.0,0.0,0.0,0.0,5.07,47.286,50.23,934272300.0
14.99,0.0,0.169,0.169,0.167,0.169,0.167,0.0,0.0,0.0,0.0,5.07,47.275,50.223,934896000.0
15.0,0.0,0.169,0.169,0.167,0.169,0.167,0.0,0.0,0.0,0.0,5.07,47.265,50.216,935519700.0
15.01,0.0,0.169,0.169,0.167,0.169,0.167,0.0,0.0,0.0,0.0,5.06,47.254,50.209,936143400.0
15.02,0.0,0.169,0.169,0.167,0.169,0.167,0.0,0.0,0.0,0.0,5.06,47.243,50.202,936767100.0
15.03,0.0,0.169,0.169,0.167,0.169,0.167,0.0,0.0,0.0,0.0,5.06,47.232,50.195,937390700.0
15.04,0.0,0.169,0.169,0.167,0.169,0.167,0.0,0.0,0.0,0.0,5.06,47.221,50.188,938014400.0
15.05,0.0,0.169,0.169,0.167,0.169,0.167,0.0,0.0,0.0,0.0,5.06,47.21,50.181,938638100.0
15.06,0.0,0.169,0.169,0.167,0.169,0.167,0.0,0.0,0.0,0.0,5.06,47.199,50.174,939261800.0
15.07,0.0,0.169,0.169,0.167,0.169,0.167,0.0,0.0,0.0,0.0,5.05,47.189,50.167,939885400.0
15.08,0.0,0.169,0.169,0.167,0.169,0.167,0.0,0.0,0.0,0.0,5.05,47.178,50.16,940509100.0
15.09,0.0,0.169,0.169,0.167,0.169,0.167,0.0,0.0,0.0,0.0,5.05,47.167,50.153,941132800.0
15.1,0.0,0.169,0.169,0.167,0.169,0.167,0.0,0.0,0.0,0.0,5.05,47.156,50.146,941756500.0
15.11,0.0,0.169,0.169,0.167,0.169,0.167,0.0,0.0,0.0,0.0,5.05,47.145,50.139,942380200.0
15.12,0.0,0.169,0.169,0.167,0.169,0.167,0.0,0.0,0.0,0.0,5.05,47.135,50.132,943003800.0
15.13,0.0,0.169,0.169,0.167,0.169,0.167,0.0,0.0,0.0,0.0,5.04,47.124,50.125,943627500.0
15.14,0.0,0.168,0.168,0.167,0.168,0.167,0.0,0.0,0.0,0.0,5.04,47.113,50.118,944251300.0
15.15,0.0,0.168,0.168,0.167,0.168,0.167,0.0,0.0,0.0,0.0,5.04,47.102,50.111,944874900.0
15.16,0.0,0.168,0.168,0.167,0.168,0.167,0.0,0.0,0.0,0.0,5.04,47.091,50.105,945498600.0
15.17,0.0,0.168,0.168,0.167,0.168,0.167,0.0,0.0,0.0,0.0,5.04,47.081,50.098,946122200.0
15.18,0.0,0.168,0.168,0.167,0.168,0.167,0.0,0.0,0.0,0.0,5.04,47.07,50.091,946746000.0
15.19,0.0,0.168,0.168,0.167,0.168,0.167,0.0,0.0,0.0,0.0,5.04,47.059,50.084,947369600.0
15.2,0.0,0.168,0.168,0.167,0.168,0.167,0.0,0.0,0.0,0.0,5.03,47.049,50.077,947993300.0
15.21,0.0,0.168,0.168,0.167,0.168,0.167,0.0,0.0,0.0,0.0,5.03,47.038,50.07,948617000.0
15.22,0.0,0.168,0.168,0.167,0.168,0.167,0.0,0.0,0.0,0.0,5.03,47.027,50.063,949240600.0
15.23,0.0,0.168,0.168,0.167,0.168,0.167,0.0,0.0,0.0,0.0,5.03,47.016,50.056,949864300.0
15.24,0.0,0.168,0.168,0.167,0.168,0.167,0.0,0.0,0.0,0.0,5.03,47.006,50.049,950488000.0
15.25,0.0,0.168,0.168,0.167,0.168,0.167,0.0,0.0,0.0,0.0,5.03,46.995,50.042,951111700.0
15.26,0.0,0.168,0.168,0.167,0.168,0.167,0.0,0.0,0.0,0.0,5.02,46.984,50.036,951735400.0
15.27,0.0,0.168,0.168,0.167,0.168,0.167,0.0,0.0,0.0,0.0,5.02,46.974,50.029,952359100.0
15.28,0.0,0.168,0.168,0.167,0.168,0.167,0.0,0.0,0.0,0.0,5.02,46.963,50.022,952982700.0
15.29,0.0,0.168,0.168,0.167,0.168,0.167,0.0,0.0,0.0,0.0,5.02,46.952,50.015,953606400.0
15.3,0.0,0.168,0.168,0.167,0.168,0.167,0.0,0.0,0.0,0.0,5.02,46.942,50.008,954230100.0
15.31,0.0,0.168,0.168,0.167,0.168,0.167,0.0,0.0,0.0,0.0,5.02,46.931,50.001,954853800.0
15.32,0.0,0.168,0.168,0.167,0.168,0.167,0.0,0.0,0.0,0.0,5.02,46.92,49.994,955477400.0
15.33,0.0,0.168,0.168,0.167,0.168,0.167,0.0,0.0,0.0,0.0,5.01,46.91,49.988,956101100.0
15.34,0.0,0.168,0.168,0.167,0.168,0.167,0.0,0.0,0.0,0.0,5.01,46.899,49.981,956724800.0
15.35,0.0,0.168,0.168,0.167,0.168,0.167,0.0,0.0,0.0,0.0,5.01,46.888,49.974,957348500.0
15.36,0.0,0.168,0.168,0.167,0.168,0.167,0.0,0.0,0.0,0.0,5.01,46.878,49.967,957972200.0
15.37,0.0,0.168,0.168,0.167,0.168,0.167,0.0,0.0,0.0,0.0,5.01,46.867,49.96,958595800.0
15.38,0.0,0.168,0.168,0.167,0.168,0.167,0.0,0.0,0.0,0.0,5.01,46.857,49.953,959219500.0
15.39,0.0,0.168,0.168,0.167,0.168,0.167,0.0,0.0,0.0,0.0,5.01,46.846,49.947,959843300.0
15.4,0.0,0.168,0.168,0.167,0.168,0.167,0.0,0.0,0.0,0.0,5.0,46.836,49.94,960466900.0
15.41,0.0,0.168,0.168,0.167,0.168,0.167,0.0,0.0,0.0,0.0,5.0,46.825,49.933,961090600.0
15.42,0.0,0.168,0.168,0.167,0.168,0.167,0.0,0.0,0.0,0.0,5.0,46.814,49.926,961714200.0
15.43,0.0,0.168,0.168,0.167,0.168,0.167,0.0,0.0,0.0,0.0,5.0,46.804,49.919,962337900.0
15.44,0.0,0.168,0.168,0.167,0.168,0.167,0.0,0.0,0.0,0.0,5.0,46.793,49.913,962961600.0
15.45,0.0,0.168,0.168,0.167,0.168,0.167,0.0,0.0,0.0,0.0,5.0,46.783,49.906,963585300.0
15.46,0.0,0.168,0.168,0.167,0.168,0.167,0.0,0.0,0.0,0.0,4.99,46.772,49.899,964209000.0
15.47,0.0,0.168,0.168,0.167,0.168,0.167,0.0,0.0,0.0,0.0,4.99,46.762,49.892,964832600.0
15.48,0.0,0.168,0.168,0.167,0.168,0.167,0.0,0.0,0.0,0.0,4.99,46.751,49.886,965456300.0
15.49,0.0,0.168,0.168,0.167,0.168,0.167,0.0,0.0,0.0,0.0,4.99,46.741,49.879,966080000.0
15.5,0.0,0.168,0.168,0.167,0.168,0.167,0.0,0.0,0.0,0.0,4.99,46.73,49.872,966703700.0
15.51,0.0,0.168,0.168,0.167,0.168,0.167,0.0,0.0,0.0,0.0,4.99,46.72,49.865,967327400.0
15.52,0.0,0.168,0.168,0.167,0.168,0.167,0.0,0.0,0.0,0.0,4.99,46.709,49.859,967951100.0
15.53,0.0,0.168,0.168,0.167,0.168,0.167,0.0,0.0,0.0,0.0,4.98,46.699,49.852,968574700.0
15.54,0.0,0.168,0.168,0.167,0.168,0.167,0.0,0.0,0.0,0.0,4.98,46.688,49.845,969198400.0
15.55,0.0,0.168,0.168,0.167,0.168,0.167,0.0,0.0,0.0,0.0,4.98,46.678,49.839,969822100.0
15.56,0.0,0.168,0.168,0.167,0.168,0.167,0.0,0.0,0.0,0.0,4.98,46.667,49.832,970445800.0
15.57,0.0,0.168,0.168,0.167,0.168,0.167,0.0,0.0,0.0,0.0,4.98,46.657,49.825,971069400.0
15.58,0.0,0.168,0.168,0.167,0.168,0.167,0.0,0.0,0.0,0.0,4.98,46.646,49.818,971693100.0
15.59,0.0,0.168,0.168,0.167,0.168,0.167,0.0,0.0,0.0,0.0,4.98,46.636,49.812,972316800.0
15.6,0.0,0.168,0.168,0.167,0.168,0.167,0.0,0.0,0.0,0.0,4.97,46.625,49.805,972940500.0
15.61,0.0,0.168,0.168,0.167,0.168,0.167,0.0,0.0,0.0,0.0,4.97,46.615,49.798,973564200.0
15.62,0.0,0.168,0.168,0.167,0.168,0.167,0.0,0.0,0.0,0.0,4.97,46.605,49.792,974187800.0
15.63,0.0,0.168,0.168,0.167,0.168,0.167,0.0,0.0,0.0,0.0,4.97,46.594,49.785,974811500.0
15.64,0.0,0.168,0.168,0.167,0.168,0.167,0.0,0.0,0.0,0.0,4.97,46.584,49.778,975435200.0
15.65,0.0,0.168,0.168,0.167,0.168,0.167,0.0,0.0,0.0,0.0,4.97,46.573,49.772,976058900.0
15.66,0.0,0.168,0.168,0.167,0.168,0.167,0.0,0.0,0.0,0.0,4.97,46.563,49.765,976682600.0
15.67,0.0,0.168,0.168,0.167,0.168,0.167,0.0,0.0,0.0,0.0,4.96,46.553,49.758,977306200.0
15.68,0.0,0.168,0.168,0.167,0.168,0.167,0.0,0.0,0.0,0.0,4.96,46.542,49.752,977929900.0
15.69,0.0,0.168,0.168,0.167,0.168,0.167,0.0,0.0,0.0,0.0,4.96,46.532,49.745,978553600.0
15.7,0.0,0.168,0.168,0.167,0.168,0.167,0.0,0.0,0.0,0.0,4.96,46.521,49.738,979177300.0
15.71,0.0,0.168,0.168,0.167,0.168,0.167,0.0,0.0,0.0,0.0,4.96,46.511,49.732,979801000.0
15.72,0.0,0.168,0.168,0.167,0.168,0.167,0.0,0.0,0.0,0.0,4.96,46.501,49.725,980424600.0
15.73,0.0,0.168,0.168,0.167,0.168,0.167,0.0,0.0,0.0,0.0,4.96,46.49,49.719,981048300.0
15.74,0.0,0.168,0.168,0.167,0.168,0.167,0.0,0.0,0.0,0.0,4.95,46.48,49.712,981672000.0
15.75,0.0,0.168,0.168,0.167,0.168,0.167,0.0,0.0,0.0,0.0,4.95,46.47,49.705,982295700.0
15.76,0.0,0.168,0.168,0.167,0.168,0.167,0.0,0.0,0.0,0.0,4.95,46.459,49.699,982919400.0
15.77,0.0,0.168,0.168,0.167,0.168,0.167,0.0,0.0,0.0,0.0,4.95,46.449,49.692,983543000.0
15.78,0.0,0.168,0.168,0.167,0.168,0.167,0.0,0.0,0.0,0.0,4.95,46.439,49.686,984166700.0
15.79,0.0,0.168,0.168,0.167,0.168,0.167,0.0,0.0,0.0,0.0,4.95,46.429,49.679,984790400.0
15.8,0.0,0.168,0.168,0.167,0.168,0.167,0.0,0.0,0.0,0.0,4.95,46.418,49.672,985414100.0
15.81,0.0,0.168,0.168,0.167,0.168,0.167,0.0,0.0,0.0,0.0,4.94,46.408,49.666,986037800.0
15.82,0.0,0.168,0.168,0.167,0.168,0.167,0.0,0.0,0.0,0.0,4.94,46.398,49.659,986661400.0
15.83,0.0,0.168,0.168,0.167,0.168,0.167,0.0,0.0,0.0,0.0,4.94,46.387,49.653,987285100.0
15.84,0.0,0.168,0.168,0.167,0.168,0.167,0.0,0.0,0.0,0.0,4.94,46.377,49.646,987908800.0
15.85,0.0,0.168,0.168,0.167,0.168,0.167,0.0,0.0,0.0,0.0,4.94,46.367,49.64,988532500.0
15.86,0.0,0.168,0.168,0.167,0.168,0.167,0.0,0.0,0.0,0.0,4.94,46.357,49.633,989156200.0
15.87,0.0,0.168,0.168,0.167,0.168,0.167,0.0,0.0,0.0,0.0,4.94,46.346,49.627,989779800.0
15.88,0.0,0.168,0.168,0.167,0.168,0.167,0.0,0.0,0.0,0.0,4.93,46.336,49.62,990403500.0
15.89,0.0,0.168,0.168,0.167,0.168,0.167,0.0,0.0,0.0,0.0,4.93,46.326,49.613,991027200.0
15.9,0.0,0.168,0.168,0.167,0.168,0.167,0.0,0.0,0.0,0.0,4.93,46.316,49.607,991650900.0
15.91,0.0,0.168,0.168,0.167,0.168,0.167,0.0,0.0,0.0,0.0,4.93,46.305,49.6,992274600.0
15.92,0.0,0.168,0.168,0.167,0.168,0.167,0.0,0.0,0.0,0.0,4.93,46.295,49.594,992898200.0
15.93,0.0,0.168,0.168,0.167,0.168,0.167,0.0,0.0,0.0,0.0,4.93,46.285,49.587,993521900.0
15.94,0.0,0.168,0.168,0.167,0.168,0.167,0.0,0.0,0.0,0.0,4.93,46.275,49.581,994145600.0
15.95,0.0,0.168,0.168,0.167,0.168,0.167,0.0,0.0,0.0,0.0,4.92,46.265,49.574,994769300.0
15.96,0.0,0.168,0.168,0.167,0.168,0.167,0.0,0.0,0.0,0.0,4.92,46.254,49.568,995393000.0
15.97,0.0,0.168,0.168,0.167,0.168,0.167,0.0,0.0,0.0,0.0,4.92,46.244,49.561,996016600.0
15.98,0.0,0.168,0.168,0.167,0.168,0.167,0.0,0.0,0.0,0.0,4.92,46.234,49.555,996640300.0
15.99,0.0,0.168,0.168,0.167,0.168,0.167,0.0,0.0,0.0,0.0,4.92,46.224,49.548,997264000.0
16.0,0.0,0.168,0.168,0.167,0.168,0.167,0.0,0.0,0.0,0.0,4.92,46.214,49.542,997887700.0
16.01,0.0,0.168,0.168,0.167,0.168,0.167,0.0,0.0,0.0,0.0,4.92,46.204,49.536,998511400.0
16.02,0.0,0.168,0.168,0.167,0.168,0.167,0.0,0.0,0.0,0.0,4.91,46.194,49.529,999135000.0
16.03,0.0,0.168,0.168,0.167,0.168,0.167,0.0,0.0,0.0,0.0,4.91,46.183,49.523,999758800.0
16.04,0.0,0.168,0.168,0.167,0.168,0.167,0.0,0.0,0.0,0.0,4.91,46.173,49.516,1000382000.0
16.05,0.0,0.168,0.168,0.167,0.168,0.167,0.0,0.0,0.0,0.0,4.91,46.163,49.51,1001006000.0
16.06,0.0,0.168,0.168,0.167,0.168,0.167,0.0,0.0,0.0,0.0,4.91,46.153,49.503,1001630000.0
16.07,0.0,0.168,0.168,0.167,0.168,0.167,0.0,0.0,0.0,0.0,4.91,46.143,49.497,1002253000.0
16.08,0.0,0.168,0.168,0.167,0.168,0.167,0.0,0.0,0.0,0.0,4.91,46.133,49.49,1002877000.0
16.09,0.0,0.168,0.168,0.167,0.168,0.167,0.0,0.0,0.0,0.0,4.9,46.123,49.484,1003501000.0
16.1,0.0,0.168,0.168,0.167,0.168,0.167,0.0,0.0,0.0,0.0,4.9,46.113,49.478,1004124000.0
16.11,0.0,0.168,0.168,0.167,0.168,0.167,0.0,0.0,0.0,0.0,4.9,46.103,49.471,1004748000.0
16.12,0.0,0.168,0.168,0.167,0.168,0.167,0.0,0.0,0.0,0.0,4.9,46.093,49.465,1005372000.0
16.13,0.0,0.168,0.168,0.167,0.168,0.167,0.0,0.0,0.0,0.0,4.9,46.082,49.458,1005995000.0
16.14,0.0,0.168,0.168,0.167,0.168,0.167,0.0,0.0,0.0,0.0,4.9,46.072,49.452,1006619000.0
16.15,0.0,0.168,0.168,0.167,0.168,0.167,0.0,0.0,0.0,0.0,4.9,46.062,49.446,1007243000.0
16.16,0.0,0.168,0.168,0.167,0.168,0.167,0.0,0.0,0.0,0.0,4.9,46.052,49.439,1007867000.0
16.17,0.0,0.168,0.168,0.167,0.168,0.167,0.0,0.0,0.0,0.0,4.89,46.042,49.433,1008490000.0
16.18,0.0,0.168,0.168,0.167,0.168,0.167,0.0,0.0,0.0,0.0,4.89,46.032,49.426,1009114000.0
16.19,0.0,0.168,0.168,0.167,0.168,0.167,0.0,0.0,0.0,0.0,4.89,46.022,49.42,1009738000.0
16.2,0.0,0.168,0.168,0.167,0.168,0.167,0.0,0.0,0.0,0.0,4.89,46.012,49.414,1010361000.0
16.21,0.0,0.168,0.168,0.167,0.168,0.167,0.0,0.0,0.0,0.0,4.89,46.002,49.407,1010985000.0
16.22,0.0,0.168,0.168,0.167,0.168,0.167,0.0,0.0,0.0,0.0,4.89,45.992,49.401,1011609000.0
16.23,0.0,0.168,0.168,0.167,0.168,0.167,0.0,0.0,0.0,0.0,4.89,45.982,49.395,1012232000.0
16.24,0.0,0.168,0.168,0.167,0.168,0.167,0.0,0.0,0.0,0.0,4.88,45.972,49.388,1012856000.0
16.25,0.0,0.168,0.168,0.167,0.168,0.167,0.0,0.0,0.0,0.0,4.88,45.962,49.382,1013480000.0
16.26,0.0,0.168,0.168,0.167,0.168,0.167,0.0,0.0,0.0,0.0,4.88,45.952,49.376,1014103000.0
16.27,0.0,0.168,0.168,0.167,0.168,0.167,0.0,0.0,0.0,0.0,4.88,45.942,49.369,1014727000.0
16.28,0.0,0.168,0.168,0.167,0.168,0.167,0.0,0.0,0.0,0.0,4.88,45.932,49.363,1015351000.0
16.29,0.0,0.168,0.168,0.167,0.168,0.167,0.0,0.0,0.0,0.0,4.88,45.922,49.357,1015974000.0
16.3,0.0,0.168,0.168,0.167,0.168,0.167,0.0,0.0,0.0,0.0,4.88,45.912,49.35,1016598000.0
16.31,0.0,0.168,0.168,0.167,0.168,0.167,0.0,0.0,0.0,0.0,4.88,45.902,49.344,1017222000.0
16.32,0.0,0.168,0.168,0.167,0.168,0.167,0.0,0.0,0.0,0.0,4.87,45.892,49.338,1017845000.0
16.33,0.0,0.168,0.168,0.167,0.168,0.167,0.0,0.0,0.0,0.0,4.87,45.883,49.331,1018469000.0
16.34,0.0,0.168,0.168,0.167,0.168,0.167,0.0,0.0,0.0,0.0,4.87,45.873,49.325,1019093000.0
16.35,0.0,0.168,0.168,0.167,0.168,0.167,0.0,0.0,0.0,0.0,4.87,45.863,49.319,1019716000.0
16.36,0.0,0.168,0.168,0.167,0.168,0.167,0.0,0.0,0.0,0.0,4.87,45.853,49.313,1020340000.0
16.37,0.0,0.168,0.168,0.167,0.168,0.167,0.0,0.0,0.0,0.0,4.87,45.843,49.306,1020964000.0
16.38,0.0,0.168,0.168,0.167,0.168,0.167,0.0,0.0,0.0,0.0,4.87,45.833,49.3,1021587000.0
16.39,0.0,0.168,0.168,0.167,0.168,0.167,0.0,0.0,0.0,0.0,4.86,45.823,49.294,1022211000.0
16.4,0.0,0.168,0.168,0.167,0.168,0.167,0.0,0.0,0.0,0.0,4.86,45.813,49.288,1022835000.0
16.41,0.0,0.168,0.168,0.167,0.168,0.167,0.0,0.0,0.0,0.0,4.86,45.803,49.281,1023459000.0
16.42,0.0,0.168,0.168,0.167,0.168,0.167,0.0,0.0,0.0,0.0,4.86,45.793,49.275,1024082000.0
16.43,0.0,0.168,0.168,0.167,0.168,0.167,0.0,0.0,0.0,0.0,4.86,45.784,49.269,1024706000.0
16.44,0.0,0.168,0.168,0.167,0.168,0.167,0.0,0.0,0.0,0.0,4.86,45.774,49.263,1025330000.0
16.45,0.0,0.168,0.168,0.167,0.168,0.167,0.0,0.0,0.0,0.0,4.86,45.764,49.256,1025953000.0
16.46,0.0,0.168,0.168,0.166,0.168,0.166,0.0,0.0,0.0,0.0,4.86,45.754,49.25,1026577000.0
16.47,0.0,0.168,0.168,0.166,0.168,0.166,0.0,0.0,0.0,0.0,4.85,45.744,49.244,1027201000.0
16.48,0.0,0.168,0.168,0.166,0.168,0.166,0.0,0.0,0.0,0.0,4.85,45.734,49.238,1027824000.0
16.49,0.0,0.168,0.168,0.166,0.168,0.166,0.0,0.0,0.0,0.0,4.85,45.725,49.231,1028448000.0
16.5,0.0,0.168,0.168,0.166,0.168,0.166,0.0,0.0,0.0,0.0,4.85,45.715,49.225,1029072000.0
16.51,0.0,0.168,0.168,0.166,0.168,0.166,0.0,0.0,0.0,0.0,4.85,45.705,49.219,1029695000.0
16.52,0.0,0.168,0.168,0.166,0.168,0.166,0.0,0.0,0.0,0.0,4.85,45.695,49.213,1030319000.0
16.53,0.0,0.168,0.168,0.166,0.168,0.166,0.0,0.0,0.0,0.0,4.85,45.685,49.207,1030943000.0
16.54,0.0,0.168,0.168,0.166,0.168,0.166,0.0,0.0,0.0,0.0,4.85,45.675,49.2,1031566000.0
16.55,0.0,0.168,0.168,0.166,0.168,0.166,0.0,0.0,0.0,0.0,4.84,45.666,49.194,1032190000.0
16.56,0.0,0.168,0.168,0.166,0.168,0.166,0.0,0.0,0.0,0.0,4.84,45.656,49.188,1032814000.0
16.57,0.0,0.168,0.168,0.166,0.168,0.166,0.0,0.0,0.0,0.0,4.84,45.646,49.182,1033437000.0
16.58,0.0,0.168,0.168,0.166,0.168,0.166,0.0,0.0,0.0,0.0,4.84,45.636,49.176,1034061000.0
16.59,0.0,0.168,0.168,0.166,0.168,0.166,0.0,0.0,0.0,0.0,4.84,45.627,49.17,1034685000.0
16.6,0.0,0.168,0.168,0.166,0.168,0.166,0.0,0.0,0.0,0.0,4.84,45.617,49.163,1035308000.0
16.61,0.0,0.168,0.168,0.166,0.168,0.166,0.0,0.0,0.0,0.0,4.84,45.607,49.157,1035932000.0
16.62,0.0,0.168,0.168,0.166,0.168,0.166,0.0,0.0,0.0,0.0,4.84,45.597,49.151,1036556000.0
16.63,0.0,0.168,0.168,0.166,0.168,0.166,0.0,0.0,0.0,0.0,4.83,45.588,49.145,1037179000.0
16.64,0.0,0.168,0.168,0.166,0.168,0.166,0.0,0.0,0.0,0.0,4.83,45.578,49.139,1037803000.0
16.65,0.0,0.168,0.168,0.166,0.168,0.166,0.0,0.0,0.0,0.0,4.83,45.568,49.133,1038427000.0
16.66,0.0,0.168,0.168,0.166,0.168,0.166,0.0,0.0,0.0,0.0,4.83,45.558,49.126,1039051000.0
16.67,0.0,0.167,0.167,0.166,0.167,0.166,0.0,0.0,0.0,0.0,4.83,45.549,49.12,1039674000.0
16.68,0.0,0.167,0.167,0.166,0.167,0.166,0.0,0.0,0.0,0.0,4.83,45.539,49.114,1040298000.0
16.69,0.0,0.167,0.167,0.166,0.167,0.166,0.0,0.0,0.0,0.0,4.83,45.529,49.108,1040922000.0
16.7,0.0,0.167,0.167,0.166,0.167,0.166,0.0,0.0,0.0,0.0,4.83,45.52,49.102,1041545000.0
16.71,0.0,0.167,0.167,0.166,0.167,0.166,0.0,0.0,0.0,0.0,4.82,45.51,49.096,1042169000.0
16.72,0.0,0.167,0.167,0.166,0.167,0.166,0.0,0.0,0.0,0.0,4.82,45.5,49.09,1042793000.0
16.73,0.0,0.167,0.167,0.166,0.167,0.166,0.0,0.0,0.0,0.0,4.82,45.491,49.084,1043416000.0
16.74,0.0,0.167,0.167,0.166,0.167,0.166,0.0,0.0,0.0,0.0,4.82,45.481,49.078,1044040000.0
16.75,0.0,0.167,0.167,0.166,0.167,0.166,0.0,0.0,0.0,0.0,4.82,45.471,49.072,1044664000.0
16.76,0.0,0.167,0.167,0.166,0.167,0.166,0.0,0.0,0.0,0.0,4.82,45.462,49.065,1045287000.0
16.77,0.0,0.167,0.167,0.166,0.167,0.166,0.0,0.0,0.0,0.0,4.82,45.452,49.059,1045911000.0
16.78,0.0,0.167,0.167,0.166,0.167,0.166,0.0,0.0,0.0,0.0,4.82,45.442,49.053,1046535000.0
16.79,0.0,0.167,0.167,0.166,0.167,0.166,0.0,0.0,0.0,0.0,4.81,45.433,49.047,1047158000.0
16.8,0.0,0.167,0.167,0.166,0.167,0.166,0.0,0.0,0.0,0.0,4.81,45.423,49.041,1047782000.0
16.81,0.0,0.167,0.167,0.166,0.167,0.166,0.0,0.0,0.0,0.0,4.81,45.413,49.035,1048406000.0
16.82,0.0,0.167,0.167,0.166,0.167,0.166,0.0,0.0,0.0,0.0,4.81,45.404,49.029,1049029000.0
16.83,0.0,0.167,0.167,0.166,0.167,0.166,0.0,0.0,0.0,0.0,4.81,45.394,49.023,1049653000.0
16.84,0.0,0.167,0.167,0.166,0.167,0.166,0.0,0.0,0.0,0.0,4.81,45.385,49.017,1050277000.0
16.85,0.0,0.167,0.167,0.166,0.167,0.166,0.0,0.0,0.0,0.0,4.81,45.375,49.011,1050900000.0
16.86,0.0,0.167,0.167,0.166,0.167,0.166,0.0,0.0,0.0,0.0,4.81,45.365,49.005,1051524000.0
16.87,0.0,0.167,0.167,0.166,0.167,0.166,0.0,0.0,0.0,0.0,4.8,45.356,48.999,1052148000.0
16.88,0.0,0.167,0.167,0.166,0.167,0.166,0.0,0.0,0.0,0.0,4.8,45.346,48.993,1052771000.0
16.89,0.0,0.167,0.167,0.166,0.167,0.166,0.0,0.0,0.0,0.0,4.8,45.337,48.987,1053395000.0
16.9,0.0,0.167,0.167,0.166,0.167,0.166,0.0,0.0,0.0,0.0,4.8,45.327,48.981,1054019000.0
16.91,0.0,0.167,0.167,0.166,0.167,0.166,0.0,0.0,0.0,0.0,4.8,45.317,48.975,1054643000.0
16.92,0.0,0.167,0.167,0.166,0.167,0.166,0.0,0.0,0.0,0.0,4.8,45.308,48.969,1055266000.0
16.93,0.0,0.167,0.167,0.166,0.167,0.166,0.0,0.0,0.0,0.0,4.8,45.298,48.963,1055890000.0
16.94,0.0,0.167,0.167,0.166,0.167,0.166,0.0,0.0,0.0,0.0,4.8,45.289,48.957,1056514000.0
16.95,0.0,0.167,0.167,0.166,0.167,0.166,0.0,0.0,0.0,0.0,4.79,45.279,48.951,1057137000.0
16.96,0.0,0.167,0.167,0.166,0.167,0.166,0.0,0.0,0.0,0.0,4.79,45.27,48.945,1057761000.0
16.97,0.0,0.167,0.167,0.166,0.167,0.166,0.0,0.0,0.0,0.0,4.79,45.26,48.939,1058385000.0
16.98,0.0,0.167,0.167,0.166,0.167,0.166,0.0,0.0,0.0,0.0,4.79,45.251,48.933,1059008000.0
16.99,0.0,0.167,0.167,0.166,0.167,0.166,0.0,0.0,0.0,0.0,4.79,45.241,48.927,1059632000.0
17.0,0.0,0.167,0.167,0.166,0.167,0.166,0.0,0.0,0.0,0.0,4.79,45.232,48.921,1060256000.0
17.01,0.0,0.167,0.167,0.166,0.167,0.166,0.0,0.0,0.0,0.0,4.79,45.222,48.915,1060879000.0
17.02,0.0,0.167,0.167,0.166,0.167,0.166,0.0,0.0,0.0,0.0,4.79,45.213,48.909,1061503000.0
17.03,0.0,0.167,0.167,0.166,0.167,0.166,0.0,0.0,0.0,0.0,4.78,45.203,48.903,1062127000.0
17.04,0.0,0.167,0.167,0.166,0.167,0.166,0.0,0.0,0.0,0.0,4.78,45.194,48.897,1062750000.0
17.05,0.0,0.167,0.167,0.166,0.167,0.166,0.0,0.0,0.0,0.0,4.78,45.184,48.891,1063374000.0
17.06,0.0,0.167,0.167,0.166,0.167,0.166,0.0,0.0,0.0,0.0,4.78,45.175,48.885,1063998000.0
17.07,0.0,0.167,0.167,0.166,0.167,0.166,0.0,0.0,0.0,0.0,4.78,45.165,48.879,1064621000.0
17.08,0.0,0.167,0.167,0.166,0.167,0.166,0.0,0.0,0.0,0.0,4.78,45.156,48.873,1065245000.0
17.09,0.0,0.167,0.167,0.166,0.167,0.166,0.0,0.0,0.0,0.0,4.78,45.146,48.868,1065869000.0
17.1,0.0,0.167,0.167,0.166,0.167,0.166,0.0,0.0,0.0,0.0,4.78,45.137,48.862,1066492000.0
17.11,0.0,0.167,0.167,0.166,0.167,0.166,0.0,0.0,0.0,0.0,4.78,45.128,48.856,1067116000.0
17.12,0.0,0.167,0.167,0.166,0.167,0.166,0.0,0.0,0.0,0.0,4.77,45.118,48.85,1067740000.0
17.13,0.0,0.167,0.167,0.166,0.167,0.166,0.0,0.0,0.0,0.0,4.77,45.109,48.844,1068363000.0
17.14,0.0,0.167,0.167,0.166,0.167,0.166,0.0,0.0,0.0,0.0,4.77,45.099,48.838,1068987000.0
17.15,0.0,0.167,0.167,0.166,0.167,0.166,0.0,0.0,0.0,0.0,4.77,45.09,48.832,1069611000.0
17.16,0.0,0.167,0.167,0.166,0.167,0.166,0.0,0.0,0.0,0.0,4.77,45.08,48.826,1070234000.0
17.17,0.0,0.167,0.167,0.166,0.167,0.166,0.0,0.0,0.0,0.0,4.77,45.071,48.82,1070858000.0
17.18,0.0,0.167,0.167,0.166,0.167,0.166,0.0,0.0,0.0,0.0,4.77,45.062,48.814,1071482000.0
17.19,0.0,0.167,0.167,0.166,0.167,0.166,0.0,0.0,0.0,0.0,4.77,45.052,48.809,1072106000.0
17.2,0.0,0.167,0.167,0.166,0.167,0.166,0.0,0.0,0.0,0.0,4.76,45.043,48.803,1072729000.0
17.21,0.0,0.167,0.167,0.166,0.167,0.166,0.0,0.0,0.0,0.0,4.76,45.033,48.797,1073353000.0
17.22,0.0,0.167,0.167,0.166,0.167,0.166,0.0,0.0,0.0,0.0,4.76,45.024,48.791,1073977000.0
17.23,0.0,0.167,0.167,0.166,0.167,0.166,0.0,0.0,0.0,0.0,4.76,45.015,48.785,1074600000.0
17.24,0.0,0.167,0.167,0.166,0.167,0.166,0.0,0.0,0.0,0.0,4.76,45.005,48.779,1075224000.0
17.25,0.0,0.167,0.167,0.166,0.167,0.166,0.0,0.0,0.0,0.0,4.76,44.996,48.773,1075848000.0
17.26,0.0,0.167,0.167,0.166,0.167,0.166,0.0,0.0,0.0,0.0,4.76,44.987,48.768,1076471000.0
17.27,0.0,0.167,0.167,0.166,0.167,0.166,0.0,0.0,0.0,0.0,4.76,44.977,48.762,1077095000.0
17.28,0.0,0.167,0.167,0.166,0.167,0.166,0.0,0.0,0.0,0.0,4.76,44.968,48.756,1077719000.0
17.29,0.0,0.167,0.167,0.166,0.167,0.166,0.0,0.0,0.0,0.0,4.75,44.959,48.75,1078342000.0
17.3,0.0,0.167,0.167,0.166,0.167,0.166,0.0,0.0,0.0,0.0,4.75,44.949,48.744,1078966000.0
17.31,0.0,0.167,0.167,0.166,0.167,0.166,0.0,0.0,0.0,0.0,4.75,44.94,48.738,1079590000.0
17.32,0.0,0.167,0.167,0.166,0.167,0.166,0.0,0.0,0.0,0.0,4.75,44.931,48.733,1080213000.0
17.33,0.0,0.167,0.167,0.166,0.167,0.166,0.0,0.0,0.0,0.0,4.75,44.921,48.727,1080837000.0
17.34,0.0,0.167,0.167,0.166,0.167,0.166,0.0,0.0,0.0,0.0,4.75,44.912,48.721,1081461000.0
17.35,0.0,0.167,0.167,0.166,0.167,0.166,0.0,0.0,0.0,0.0,4.75,44.903,48.715,1082084000.0
17.36,0.0,0.167,0.167,0.166,0.167,0.166,0.0,0.0,0.0,0.0,4.75,44.894,48.709,1082708000.0
17.37,0.0,0.167,0.167,0.166,0.167,0.166,0.0,0.0,0.0,0.0,4.75,44.884,48.704,1083332000.0
17.38,0.0,0.167,0.167,0.166,0.167,0.166,0.0,0.0,0.0,0.0,4.74,44.875,48.698,1083955000.0
17.39,0.0,0.167,0.167,0.166,0.167,0.166,0.0,0.0,0.0,0.0,4.74,44.866,48.692,1084579000.0
17.4,0.0,0.167,0.167,0.166,0.167,0.166,0.0,0.0,0.0,0.0,4.74,44.856,48.686,1085203000.0
17.41,0.0,0.167,0.167,0.166,0.167,0.166,0.0,0.0,0.0,0.0,4.74,44.847,48.681,1085827000.0
17.42,0.0,0.167,0.167,0.166,0.167,0.166,0.0,0.0,0.0,0.0,4.74,44.838,48.675,1086450000.0
17.43,0.0,0.167,0.167,0.166,0.167,0.166,0.0,0.0,0.0,0.0,4.74,44.829,48.669,1087074000.0
17.44,0.0,0.167,0.167,0.166,0.167,0.166,0.0,0.0,0.0,0.0,4.74,44.819,48.663,1087698000.0
17.45,0.0,0.167,0.167,0.166,0.167,0.166,0.0,0.0,0.0,0.0,4.74,44.81,48.657,1088321000.0
17.46,0.0,0.167,0.167,0.166,0.167,0.166,0.0,0.0,0.0,0.0,4.73,44.801,48.652,1088945000.0
17.47,0.0,0.167,0.167,0.166,0.167,0.166,0.0,0.0,0.0,0.0,4.73,44.792,48.646,1089569000.0
17.48,0.0,0.167,0.167,0.166,0.167,0.166,0.0,0.0,0.0,0.0,4.73,44.783,48.64,1090192000.0
17.49,0.0,0.167,0.167,0.166,0.167,0.166,0.0,0.0,0.0,0.0,4.73,44.773,48.635,1090816000.0
17.5,0.0,0.167,0.167,0.166,0.167,0.166,0.0,0.0,0.0,0.0,4.73,44.764,48.629,1091440000.0
17.51,0.0,0.167,0.167,0.166,0.167,0.166,0.0,0.0,0.0,0.0,4.73,44.755,48.623,1092063000.0
17.52,0.0,0.167,0.167,0.166,0.167,0.166,0.0,0.0,0.0,0.0,4.73,44.746,48.617,1092687000.0
17.53,0.0,0.167,0.167,0.166,0.167,0.166,0.0,0.0,0.0,0.0,4.73,44.737,48.612,1093311000.0
17.54,0.0,0.167,0.167,0.166,0.167,0.166,0.0,0.0,0.0,0.0,4.73,44.727,48.606,1093934000.0
17.55,0.0,0.167,0.167,0.166,0.167,0.166,0.0,0.0,0.0,0.0,4.72,44.718,48.6,1094558000.0
17.56,0.0,0.167,0.167,0.166,0.167,0.166,0.0,0.0,0.0,0.0,4.72,44.709,48.595,1095182000.0
17.57,0.0,0.167,0.167,0.166,0.167,0.166,0.0,0.0,0.0,0.0,4.72,44.7,48.589,1095805000.0
17.58,0.0,0.167,0.167,0.166,0.167,0.166,0.0,0.0,0.0,0.0,4.72,44.691,48.583,1096429000.0
17.59,0.0,0.167,0.167,0.166,0.167,0.166,0.0,0.0,0.0,0.0,4.72,44.682,48.577,1097053000.0
17.6,0.0,0.167,0.167,0.166,0.167,0.166,0.0,0.0,0.0,0.0,4.72,44.672,48.572,1097676000.0
17.61,0.0,0.167,0.167,0.166,0.167,0.166,0.0,0.0,0.0,0.0,4.72,44.663,48.566,1098300000.0
17.62,0.0,0.167,0.167,0.166,0.167,0.166,0.0,0.0,0.0,0.0,4.72,44.654,48.56,1098924000.0
17.63,0.0,0.167,0.167,0.166,0.167,0.166,0.0,0.0,0.0,0.0,4.72,44.645,48.555,1099547000.0
17.64,0.0,0.167,0.167,0.166,0.167,0.166,0.0,0.0,0.0,0.0,4.71,44.636,48.549,1100171000.0
17.65,0.0,0.167,0.167,0.166,0.167,0.166,0.0,0.0,0.0,0.0,4.71,44.627,48.543,1100795000.0
17.66,0.0,0.167,0.167,0.166,0.167,0.166,0.0,0.0,0.0,0.0,4.71,44.618,48.538,1101418000.0
17.67,0.0,0.167,0.167,0.166,0.167,0.166,0.0,0.0,0.0,0.0,4.71,44.609,48.532,1102042000.0
17.68,0.0,0.167,0.167,0.166,0.167,0.166,0.0,0.0,0.0,0.0,4.71,44.599,48.526,1102666000.0
17.69,0.0,0.167,0.167,0.166,0.167,0.166,0.0,0.0,0.0,0.0,4.71,44.59,48.521,1103290000.0
17.7,0.0,0.167,0.167,0.166,0.167,0.166,0.0,0.0,0.0,0.0,4.71,44.581,48.515,1103913000.0
17.71,0.0,0.167,0.167,0.166,0.167,0.166,0.0,0.0,0.0,0.0,4.71,44.572,48.509,1104537000.0
17.72,0.0,0.167,0.167,0.166,0.167,0.166,0.0,0.0,0.0,0.0,4.71,44.563,48.504,1105161000.0
17.73,0.0,0.167,0.167,0.166,0.167,0.166,0.0,0.0,0.0,0.0,4.7,44.554,48.498,1105784000.0
17.74,0.0,0.167,0.167,0.166,0.167,0.166,0.0,0.0,0.0,0.0,4.7,44.545,48.493,1106408000.0
17.75,0.0,0.167,0.167,0.166,0.167,0.166,0.0,0.0,0.0,0.0,4.7,44.536,48.487,1107032000.0
17.76,0.0,0.167,0.167,0.166,0.167,0.166,0.0,0.0,0.0,0.0,4.7,44.527,48.481,1107655000.0
17.77,0.0,0.167,0.167,0.166,0.167,0.166,0.0,0.0,0.0,0.0,4.7,44.518,48.476,1108279000.0
17.78,0.0,0.167,0.167,0.166,0.167,0.166,0.0,0.0,0.0,0.0,4.7,44.509,48.47,1108903000.0
17.79,0.0,0.167,0.167,0.166,0.167,0.166,0.0,0.0,0.0,0.0,4.7,44.5,48.465,1109526000.0
17.8,0.0,0.167,0.167,0.166,0.167,0.166,0.0,0.0,0.0,0.0,4.7,44.491,48.459,1110150000.0
17.81,0.0,0.167,0.167,0.166,0.167,0.166,0.0,0.0,0.0,0.0,4.7,44.482,48.453,1110774000.0
17.82,0.0,0.167,0.167,0.166,0.167,0.166,0.0,0.0,0.0,0.0,4.7,44.473,48.448,1111397000.0
17.83,0.0,0.167,0.167,0.166,0.167,0.166,0.0,0.0,0.0,0.0,4.69,44.464,48.442,1112021000.0
17.84,0.0,0.167,0.167,0.166,0.167,0.166,0.0,0.0,0.0,0.0,4.69,44.455,48.437,1112645000.0
17.85,0.0,0.167,0.167,0.166,0.167,0.166,0.0,0.0,0.0,0.0,4.69,44.446,48.431,1113268000.0
17.86,0.0,0.167,0.167,0.166,0.167,0.166,0.0,0.0,0.0,0.0,4.69,44.437,48.425,1113892000.0
17.87,0.0,0.167,0.167,0.166,0.167,0.166,0.0,0.0,0.0,0.0,4.69,44.428,48.42,1114516000.0
17.88,0.0,0.167,0.167,0.166,0.167,0.166,0.0,0.0,0.0,0.0,4.69,44.419,48.414,1115139000.0
17.89,0.0,0.167,0.167,0.166,0.167,0.166,0.0,0.0,0.0,0.0,4.69,44.41,48.409,1115763000.0
17.9,0.0,0.167,0.167,0.166,0.167,0.166,0.0,0.0,0.0,0.0,4.69,44.401,48.403,1116387000.0
17.91,0.0,0.167,0.167,0.166,0.167,0.166,0.0,0.0,0.0,0.0,4.69,44.392,48.398,1117011000.0
17.92,0.0,0.167,0.167,0.166,0.167,0.166,0.0,0.0,0.0,0.0,4.68,44.383,48.392,1117634000.0
17.93,0.0,0.167,0.167,0.166,0.167,0.166,0.0,0.0,0.0,0.0,4.68,44.374,48.387,1118258000.0
17.94,0.0,0.167,0.167,0.166,0.167,0.166,0.0,0.0,0.0,0.0,4.68,44.365,48.381,1118882000.0
17.95,0.0,0.167,0.167,0.166,0.167,0.166,0.0,0.0,0.0,0.0,4.68,44.356,48.376,1119505000.0
17.96,0.0,0.167,0.167,0.166,0.167,0.166,0.0,0.0,0.0,0.0,4.68,44.347,48.37,1120129000.0
17.97,0.0,0.167,0.167,0.166,0.167,0.166,0.0,0.0,0.0,0.0,4.68,44.338,48.365,1120753000.0
17.98,0.0,0.167,0.167,0.166,0.167,0.166,0.0,0.0,0.0,0.0,4.68,44.329,48.359,1121376000.0
17.99,0.0,0.167,0.167,0.166,0.167,0.166,0.0,0.0,0.0,0.0,4.68,44.32,48.353,1122000000.0
18.0,0.0,0.167,0.167,0.166,0.167,0.166,0.0,0.0,0.0,0.0,4.68,44.311,48.348,1122624000.0
18.01,0.0,0.167,0.167,0.166,0.167,0.166,0.0,0.0,0.0,0.0,4.67,44.302,48.342,1123247000.0
18.02,0.0,0.167,0.167,0.166,0.167,0.166,0.0,0.0,0.0,0.0,4.67,44.293,48.337,1123871000.0
18.03,0.0,0.167,0.167,0.166,0.167,0.166,0.0,0.0,0.0,0.0,4.67,44.284,48.331,1124495000.0
18.04,0.0,0.167,0.167,0.166,0.167,0.166,0.0,0.0,0.0,0.0,4.67,44.275,48.326,1125118000.0
18.05,0.0,0.167,0.167,0.166,0.167,0.166,0.0,0.0,0.0,0.0,4.67,44.267,48.32,1125742000.0
18.06,0.0,0.167,0.167,0.166,0.167,0.166,0.0,0.0,0.0,0.0,4.67,44.258,48.315,1126366000.0
18.07,0.0,0.167,0.167,0.166,0.167,0.166,0.0,0.0,0.0,0.0,4.67,44.249,48.309,1126989000.0
18.08,0.0,0.167,0.167,0.166,0.167,0.166,0.0,0.0,0.0,0.0,4.67,44.24,48.304,1127613000.0
18.09,0.0,0.167,0.167,0.166,0.167,0.166,0.0,0.0,0.0,0.0,4.67,44.231,48.299,1128237000.0
18.1,0.0,0.167,0.167,0.166,0.167,0.166,0.0,0.0,0.0,0.0,4.67,44.222,48.293,1128860000.0
18.11,0.0,0.167,0.167,0.166,0.167,0.166,0.0,0.0,0.0,0.0,4.66,44.213,48.288,1129484000.0
18.12,0.0,0.167,0.167,0.166,0.167,0.166,0.0,0.0,0.0,0.0,4.66,44.204,48.282,1130108000.0
18.13,0.0,0.167,0.167,0.166,0.167,0.166,0.0,0.0,0.0,0.0,4.66,44.196,48.277,1130731000.0
18.14,0.0,0.167,0.167,0.166,0.167,0.166,0.0,0.0,0.0,0.0,4.66,44.187,48.271,1131355000.0
18.15,0.0,0.167,0.167,0.166,0.167,0.166,0.0,0.0,0.0,0.0,4.66,44.178,48.266,1131979000.0
18.16,0.0,0.167,0.167,0.166,0.167,0.166,0.0,0.0,0.0,0.0,4.66,44.169,48.26,1132602000.0
18.17,0.0,0.167,0.167,0.166,0.167,0.166,0.0,0.0,0.0,0.0,4.66,44.16,48.255,1133226000.0
18.18,0.0,0.167,0.167,0.166,0.167,0.166,0.0,0.0,0.0,0.0,4.66,44.151,48.249,1133850000.0
18.19,0.0,0.167,0.167,0.166,0.167,0.166,0.0,0.0,0.0,0.0,4.66,44.143,48.244,1134474000.0
18.2,0.0,0.167,0.167,0.166,0.167,0.166,0.0,0.0,0.0,0.0,4.66,44.134,48.239,1135097000.0
18.21,0.0,0.167,0.167,0.166,0.167,0.166,0.0,0.0,0.0,0.0,4.65,44.125,48.233,1135721000.0
18.22,0.0,0.167,0.167,0.166,0.167,0.166,0.0,0.0,0.0,0.0,4.65,44.116,48.228,1136345000.0
18.23,0.0,0.167,0.167,0.166,0.167,0.166,0.0,0.0,0.0,0.0,4.65,44.107,48.222,1136968000.0
18.24,0.0,0.167,0.167,0.166,0.167,0.166,0.0,0.0,0.0,0.0,4.65,44.099,48.217,1137592000.0
18.25,0.0,0.167,0.167,0.166,0.167,0.166,0.0,0.0,0.0,0.0,4.65,44.09,48.212,1138216000.0
18.26,0.0,0.167,0.167,0.166,0.167,0.166,0.0,0.0,0.0,0.0,4.65,44.081,48.206,1138839000.0
18.27,0.0,0.167,0.167,0.166,0.167,0.166,0.0,0.0,0.0,0.0,4.65,44.072,48.201,1139463000.0
18.28,0.0,0.167,0.167,0.166,0.167,0.166,0.0,0.0,0.0,0.0,4.65,44.064,48.195,1140087000.0
18.29,0.0,0.167,0.167,0.166,0.167,0.166,0.0,0.0,0.0,0.0,4.65,44.055,48.19,1140710000.0
18.3,0.0,0.167,0.167,0.166,0.167,0.166,0.0,0.0,0.0,0.0,4.64,44.046,48.185,1141334000.0
18.31,0.0,0.167,0.167,0.166,0.167,0.166,0.0,0.0,0.0,0.0,4.64,44.037,48.179,1141958000.0
18.32,0.0,0.167,0.167,0.166,0.167,0.166,0.0,0.0,0.0,0.0,4.64,44.029,48.174,1142581000.0
18.33,0.0,0.167,0.167,0.166,0.167,0.166,0.0,0.0,0.0,0.0,4.64,44.02,48.169,1143205000.0
18.34,0.0,0.167,0.167,0.166,0.167,0.166,0.0,0.0,0.0,0.0,4.64,44.011,48.163,1143829000.0
18.35,0.0,0.167,0.167,0.166,0.167,0.166,0.0,0.0,0.0,0.0,4.64,44.002,48.158,1144452000.0
18.36,0.0,0.167,0.167,0.166,0.167,0.166,0.0,0.0,0.0,0.0,4.64,43.994,48.152,1145076000.0
18.37,0.0,0.167,0.167,0.166,0.167,0.166,0.0,0.0,0.0,0.0,4.64,43.985,48.147,1145700000.0
18.38,0.0,0.167,0.167,0.166,0.167,0.166,0.0,0.0,0.0,0.0,4.64,43.976,48.142,1146323000.0
18.39,0.0,0.167,0.167,0.166,0.167,0.166,0.0,0.0,0.0,0.0,4.64,43.967,48.136,1146947000.0
18.4,0.0,0.167,0.167,0.166,0.167,0.166,0.0,0.0,0.0,0.0,4.63,43.959,48.131,1147571000.0
18.41,0.0,0.167,0.167,0.166,0.167,0.166,0.0,0.0,0.0,0.0,4.63,43.95,48.126,1148195000.0
18.42,0.0,0.167,0.167,0.166,0.167,0.166,0.0,0.0,0.0,0.0,4.63,43.941,48.12,1148818000.0
18.43,0.0,0.167,0.167,0.166,0.167,0.166,0.0,0.0,0.0,0.0,4.63,43.933,48.115,1149442000.0
18.44,0.0,0.167,0.167,0.166,0.167,0.166,0.0,0.0,0.0,0.0,4.63,43.924,48.11,1150066000.0
18.45,0.0,0.167,0.167,0.166,0.167,0.166,0.0,0.0,0.0,0.0,4.63,43.915,48.104,1150689000.0
18.46,0.0,0.167,0.167,0.166,0.167,0.166,0.0,0.0,0.0,0.0,4.63,43.907,48.099,1151313000.0
18.47,0.0,0.167,0.167,0.166,0.167,0.166,0.0,0.0,0.0,0.0,4.63,43.898,48.094,1151937000.0
18.48,0.0,0.167,0.167,0.166,0.167,0.166,0.0,0.0,0.0,0.0,4.63,43.889,48.088,1152560000.0
18.49,0.0,0.167,0.167,0.166,0.167,0.166,0.0,0.0,0.0,0.0,4.63,43.881,48.083,1153184000.0
18.5,0.0,0.167,0.167,0.166,0.167,0.166,0.0,0.0,0.0,0.0,4.62,43.872,48.078,1153808000.0
18.51,0.0,0.167,0.167,0.166,0.167,0.166,0.0,0.0,0.0,0.0,4.62,43.863,48.073,1154431000.0
18.52,0.0,0.167,0.167,0.166,0.167,0.166,0.0,0.0,0.0,0.0,4.62,43.855,48.067,1155055000.0
18.53,0.0,0.167,0.167,0.166,0.167,0.166,0.0,0.0,0.0,0.0,4.62,43.846,48.062,1155679000.0
18.54,0.0,0.167,0.167,0.166,0.167,0.166,0.0,0.0,0.0,0.0,4.62,43.837,48.057,1156302000.0
18.55,0.0,0.167,0.167,0.166,0.167,0.166,0.0,0.0,0.0,0.0,4.62,43.829,48.051,1156926000.0
18.56,0.0,0.167,0.167,0.166,0.167,0.166,0.0,0.0,0.0,0.0,4.62,43.82,48.046,1157550000.0
18.57,0.0,0.167,0.167,0.166,0.167,0.166,0.0,0.0,0.0,0.0,4.62,43.812,48.041,1158173000.0
18.58,0.0,0.167,0.167,0.166,0.167,0.166,0.0,0.0,0.0,0.0,4.62,43.803,48.036,1158797000.0
18.59,0.0,0.167,0.167,0.166,0.167,0.166,0.0,0.0,0.0,0.0,4.62,43.794,48.03,1159421000.0
18.6,0.0,0.167,0.167,0.166,0.167,0.166,0.0,0.0,0.0,0.0,4.62,43.786,48.025,1160044000.0
18.61,0.0,0.167,0.167,0.166,0.167,0.166,0.0,0.0,0.0,0.0,4.61,43.777,48.02,1160668000.0
18.62,0.0,0.167,0.167,0.166,0.167,0.166,0.0,0.0,0.0,0.0,4.61,43.769,48.015,1161292000.0
18.63,0.0,0.167,0.167,0.166,0.167,0.166,0.0,0.0,0.0,0.0,4.61,43.76,48.009,1161915000.0
18.64,0.0,0.167,0.167,0.166,0.167,0.166,0.0,0.0,0.0,0.0,4.61,43.751,48.004,1162539000.0
18.65,0.0,0.167,0.167,0.166,0.167,0.166,0.0,0.0,0.0,0.0,4.61,43.743,47.999,1163163000.0
18.66,0.0,0.167,0.167,0.166,0.167,0.166,0.0,0.0,0.0,0.0,4.61,43.734,47.994,1163786000.0
18.67,0.0,0.167,0.167,0.166,0.167,0.166,0.0,0.0,0.0,0.0,4.61,43.726,47.988,1164410000.0
18.68,0.0,0.167,0.167,0.166,0.167,0.166,0.0,0.0,0.0,0.0,4.61,43.717,47.983,1165034000.0
18.69,0.0,0.167,0.167,0.166,0.167,0.166,0.0,0.0,0.0,0.0,4.61,43.709,47.978,1165658000.0
18.7,0.0,0.167,0.167,0.166,0.167,0.166,0.0,0.0,0.0,0.0,4.61,43.7,47.973,1166281000.0
18.71,0.0,0.167,0.167,0.166,0.167,0.166,0.0,0.0,0.0,0.0,4.6,43.691,47.967,1166905000.0
18.72,0.0,0.167,0.167,0.166,0.167,0.166,0.0,0.0,0.0,0.0,4.6,43.683,47.962,1167529000.0
18.73,0.0,0.167,0.167,0.166,0.167,0.166,0.0,0.0,0.0,0.0,4.6,43.674,47.957,1168152000.0
18.74,0.0,0.167,0.167,0.166,0.167,0.166,0.0,0.0,0.0,0.0,4.6,43.666,47.952,1168776000.0
18.75,0.0,0.167,0.167,0.166,0.167,0.166,0.0,0.0,0.0,0.0,4.6,43.657,47.947,1169400000.0
18.76,0.0,0.167,0.167,0.166,0.167,0.166,0.0,0.0,0.0,0.0,4.6,43.649,47.941,1170023000.0
18.77,0.0,0.167,0.167,0.166,0.167,0.166,0.0,0.0,0.0,0.0,4.6,43.64,47.936,1170647000.0
18.78,0.0,0.166,0.166,0.166,0.166,0.166,0.0,0.0,0.0,0.0,4.6,43.632,47.931,1171271000.0
18.79,0.0,0.166,0.166,0.166,0.166,0.166,0.0,0.0,0.0,0.0,4.6,43.623,47.926,1171894000.0
18.8,0.0,0.166,0.166,0.166,0.166,0.166,0.0,0.0,0.0,0.0,4.6,43.615,47.921,1172518000.0
18.81,0.0,0.166,0.166,0.166,0.166,0.166,0.0,0.0,0.0,0.0,4.59,43.606,47.915,1173142000.0
18.82,0.0,0.166,0.166,0.166,0.166,0.166,0.0,0.0,0.0,0.0,4.59,43.598,47.91,1173765000.0
18.83,0.0,0.166,0.166,0.166,0.166,0.166,0.0,0.0,0.0,0.0,4.59,43.589,47.905,1174389000.0
18.84,0.0,0.166,0.166,0.166,0.166,0.166,0.0,0.0,0.0,0.0,4.59,43.581,47.9,1175013000.0
18.85,0.0,0.166,0.166,0.166,0.166,0.166,0.0,0.0,0.0,0.0,4.59,43.572,47.895,1175636000.0
18.86,0.0,0.166,0.166,0.166,0.166,0.166,0.0,0.0,0.0,0.0,4.59,43.564,47.89,1176260000.0
18.87,0.0,0.166,0.166,0.166,0.166,0.166,0.0,0.0,0.0,0.0,4.59,43.556,47.884,1176884000.0
18.88,0.0,0.166,0.166,0.166,0.166,0.166,0.0,0.0,0.0,0.0,4.59,43.547,47.879,1177507000.0
18.89,0.0,0.166,0.166,0.166,0.166,0.166,0.0,0.0,0.0,0.0,4.59,43.539,47.874,1178131000.0
18.9,0.0,0.166,0.166,0.166,0.166,0.166,0.0,0.0,0.0,0.0,4.59,43.53,47.869,1178755000.0
18.91,0.0,0.166,0.166,0.166,0.166,0.166,0.0,0.0,0.0,0.0,4.59,43.522,47.864,1179378000.0
18.92,0.0,0.166,0.166,0.166,0.166,0.166,0.0,0.0,0.0,0.0,4.58,43.513,47.859,1180002000.0
18.93,0.0,0.166,0.166,0.166,0.166,0.166,0.0,0.0,0.0,0.0,4.58,43.505,47.854,1180626000.0
18.94,0.0,0.166,0.166,0.166,0.166,0.166,0.0,0.0,0.0,0.0,4.58,43.496,47.848,1181250000.0
18.95,0.0,0.166,0.166,0.166,0.166,0.166,0.0,0.0,0.0,0.0,4.58,43.488,47.843,1181873000.0
18.96,0.0,0.166,0.166,0.166,0.166,0.166,0.0,0.0,0.0,0.0,4.58,43.48,47.838,1182497000.0
18.97,0.0,0.166,0.166,0.166,0.166,0.166,0.0,0.0,0.0,0.0,4.58,43.471,47.833,1183121000.0
18.98,0.0,0.166,0.166,0.166,0.166,0.166,0.0,0.0,0.0,0.0,4.58,43.463,47.828,1183744000.0
18.99,0.0,0.166,0.166,0.166,0.166,0.166,0.0,0.0,0.0,0.0,4.58,43.454,47.823,1184368000.0
19.0,0.0,0.166,0.166,0.166,0.166,0.166,0.0,0.0,0.0,0.0,4.58,43.446,47.818,1184992000.0
19.01,0.0,0.166,0.166,0.166,0.166,0.166,0.0,0.0,0.0,0.0,4.58,43.438,47.813,1185615000.0
19.02,0.0,0.166,0.166,0.166,0.166,0.166,0.0,0.0,0.0,0.0,4.57,43.429,47.808,1186239000.0
19.03,0.0,0.166,0.166,0.166,0.166,0.166,0.0,0.0,0.0,0.0,4.57,43.421,47.802,1186863000.0
19.04,0.0,0.166,0.166,0.166,0.166,0.166,0.0,0.0,0.0,0.0,4.57,43.412,47.797,1187486000.0
19.05,0.0,0.166,0.166,0.166,0.166,0.166,0.0,0.0,0.0,0.0,4.57,43.404,47.792,1188110000.0
19.06,0.0,0.166,0.166,0.166,0.166,0.166,0.0,0.0,0.0,0.0,4.57,43.396,47.787,1188734000.0
19.07,0.0,0.166,0.166,0.166,0.166,0.166,0.0,0.0,0.0,0.0,4.57,43.387,47.782,1189357000.0
19.08,0.0,0.166,0.166,0.166,0.166,0.166,0.0,0.0,0.0,0.0,4.57,43.379,47.777,1189981000.0
19.09,0.0,0.166,0.166,0.166,0.166,0.166,0.0,0.0,0.0,0.0,4.57,43.371,47.772,1190605000.0
19.1,0.0,0.166,0.166,0.166,0.166,0.166,0.0,0.0,0.0,0.0,4.57,43.362,47.767,1191228000.0
19.11,0.0,0.166,0.166,0.166,0.166,0.166,0.0,0.0,0.0,0.0,4.57,43.354,47.762,1191852000.0
19.12,0.0,0.166,0.166,0.166,0.166,0.166,0.0,0.0,0.0,0.0,4.57,43.346,47.757,1192476000.0
19.13,0.0,0.166,0.166,0.166,0.166,0.166,0.0,0.0,0.0,0.0,4.56,43.337,47.752,1193099000.0
19.14,0.0,0.166,0.166,0.166,0.166,0.166,0.0,0.0,0.0,0.0,4.56,43.329,47.747,1193723000.0
19.15,0.0,0.166,0.166,0.166,0.166,0.166,0.0,0.0,0.0,0.0,4.56,43.321,47.742,1194347000.0
19.16,0.0,0.166,0.166,0.166,0.166,0.166,0.0,0.0,0.0,0.0,4.56,43.312,47.737,1194970000.0
19.17,0.0,0.166,0.166,0.166,0.166,0.166,0.0,0.0,0.0,0.0,4.56,43.304,47.732,1195594000.0
19.18,0.0,0.166,0.166,0.166,0.166,0.166,0.0,0.0,0.0,0.0,4.56,43.296,47.726,1196218000.0
19.19,0.0,0.166,0.166,0.166,0.166,0.166,0.0,0.0,0.0,0.0,4.56,43.287,47.721,1196842000.0
19.2,0.0,0.166,0.166,0.166,0.166,0.166,0.0,0.0,0.0,0.0,4.56,43.279,47.716,1197465000.0
19.21,0.0,0.166,0.166,0.165,0.166,0.165,0.0,0.0,0.0,0.0,4.56,43.271,47.711,1198089000.0
19.22,0.0,0.166,0.166,0.165,0.166,0.165,0.0,0.0,0.0,0.0,4.56,43.263,47.706,1198713000.0
19.23,0.0,0.166,0.166,0.165,0.166,0.165,0.0,0.0,0.0,0.0,4.56,43.254,47.701,1199336000.0
19.24,0.0,0.166,0.166,0.165,0.166,0.165,0.0,0.0,0.0,0.0,4.55,43.246,47.696,1199960000.0
19.25,0.0,0.166,0.166,0.165,0.166,0.165,0.0,0.0,0.0,0.0,4.55,43.238,47.691,1200584000.0
19.26,0.0,0.166,0.166,0.165,0.166,0.165,0.0,0.0,0.0,0.0,4.55,43.229,47.686,1201207000.0
19.27,0.0,0.166,0.166,0.165,0.166,0.165,0.0,0.0,0.0,0.0,4.55,43.221,47.681,1201831000.0
19.28,0.0,0.166,0.166,0.165,0.166,0.165,0.0,0.0,0.0,0.0,4.55,43.213,47.676,1202455000.0
19.29,0.0,0.166,0.166,0.165,0.166,0.165,0.0,0.0,0.0,0.0,4.55,43.205,47.671,1203078000.0
19.3,0.0,0.166,0.166,0.165,0.166,0.165,0.0,0.0,0.0,0.0,4.55,43.196,47.666,1203702000.0
19.31,0.0,0.166,0.166,0.165,0.166,0.165,0.0,0.0,0.0,0.0,4.55,43.188,47.661,1204326000.0
19.32,0.0,0.166,0.166,0.165,0.166,0.165,0.0,0.0,0.0,0.0,4.55,43.18,47.656,1204949000.0
19.33,0.0,0.166,0.166,0.165,0.166,0.165,0.0,0.0,0.0,0.0,4.55,43.172,47.651,1205573000.0
19.34,0.0,0.166,0.166,0.165,0.166,0.165,0.0,0.0,0.0,0.0,4.55,43.164,47.646,1206197000.0
19.35,0.0,0.166,0.166,0.165,0.166,0.165,0.0,0.0,0.0,0.0,4.54,43.155,47.641,1206820000.0
19.36,0.0,0.166,0.166,0.165,0.166,0.165,0.0,0.0,0.0,0.0,4.54,43.147,47.636,1207444000.0
19.37,0.0,0.166,0.166,0.165,0.166,0.165,0.0,0.0,0.0,0.0,4.54,43.139,47.631,1208068000.0
19.38,0.0,0.166,0.166,0.165,0.166,0.165,0.0,0.0,0.0,0.0,4.54,43.131,47.626,1208691000.0
19.39,0.0,0.166,0.166,0.165,0.166,0.165,0.0,0.0,0.0,0.0,4.54,43.122,47.621,1209315000.0
19.4,0.0,0.166,0.166,0.165,0.166,0.165,0.0,0.0,0.0,0.0,4.54,43.114,47.617,1209939000.0
19.41,0.0,0.166,0.166,0.165,0.166,0.165,0.0,0.0,0.0,0.0,4.54,43.106,47.612,1210562000.0
19.42,0.0,0.166,0.166,0.165,0.166,0.165,0.0,0.0,0.0,0.0,4.54,43.098,47.607,1211186000.0
19.43,0.0,0.166,0.166,0.165,0.166,0.165,0.0,0.0,0.0,0.0,4.54,43.09,47.602,1211810000.0
19.44,0.0,0.166,0.166,0.165,0.166,0.165,0.0,0.0,0.0,0.0,4.54,43.082,47.597,1212434000.0
19.45,0.0,0.166,0.166,0.165,0.166,0.165,0.0,0.0,0.0,0.0,4.54,43.073,47.592,1213057000.0
19.46,0.0,0.166,0.166,0.165,0.166,0.165,0.0,0.0,0.0,0.0,4.53,43.065,47.587,1213681000.0
19.47,0.0,0.166,0.166,0.165,0.166,0.165,0.0,0.0,0.0,0.0,4.53,43.057,47.582,1214305000.0
19.48,0.0,0.166,0.166,0.165,0.166,0.165,0.0,0.0,0.0,0.0,4.53,43.049,47.577,1214928000.0
19.49,0.0,0.166,0.166,0.165,0.166,0.165,0.0,0.0,0.0,0.0,4.53,43.041,47.572,1215552000.0
19.5,0.0,0.166,0.166,0.165,0.166,0.165,0.0,0.0,0.0,0.0,4.53,43.033,47.567,1216176000.0
19.51,0.0,0.166,0.166,0.165,0.166,0.165,0.0,0.0,0.0,0.0,4.53,43.024,47.562,1216799000.0
19.52,0.0,0.166,0.166,0.165,0.166,0.165,0.0,0.0,0.0,0.0,4.53,43.016,47.557,1217423000.0
19.53,0.0,0.166,0.166,0.165,0.166,0.165,0.0,0.0,0.0,0.0,4.53,43.008,47.552,1218047000.0
19.54,0.0,0.166,0.166,0.165,0.166,0.165,0.0,0.0,0.0,0.0,4.53,43.0,47.547,1218670000.0
19.55,0.0,0.166,0.166,0.165,0.166,0.165,0.0,0.0,0.0,0.0,4.53,42.992,47.543,1219294000.0
19.56,0.0,0.166,0.166,0.165,0.166,0.165,0.0,0.0,0.0,0.0,4.53,42.984,47.538,1219918000.0
19.57,0.0,0.166,0.166,0.165,0.166,0.165,0.0,0.0,0.0,0.0,4.53,42.976,47.533,1220541000.0
19.58,0.0,0.166,0.166,0.165,0.166,0.165,0.0,0.0,0.0,0.0,4.52,42.968,47.528,1221165000.0
19.59,0.0,0.166,0.166,0.165,0.166,0.165,0.0,0.0,0.0,0.0,4.52,42.959,47.523,1221789000.0
19.6,0.0,0.166,0.166,0.165,0.166,0.165,0.0,0.0,0.0,0.0,4.52,42.951,47.518,1222412000.0
19.61,0.0,0.166,0.166,0.165,0.166,0.165,0.0,0.0,0.0,0.0,4.52,42.943,47.513,1223036000.0
19.62,0.0,0.166,0.166,0.165,0.166,0.165,0.0,0.0,0.0,0.0,4.52,42.935,47.508,1223660000.0
19.63,0.0,0.166,0.166,0.165,0.166,0.165,0.0,0.0,0.0,0.0,4.52,42.927,47.503,1224283000.0
19.64,0.0,0.166,0.166,0.165,0.166,0.165,0.0,0.0,0.0,0.0,4.52,42.919,47.499,1224907000.0
19.65,0.0,0.166,0.166,0.165,0.166,0.165,0.0,0.0,0.0,0.0,4.52,42.911,47.494,1225531000.0
19.66,0.0,0.166,0.166,0.165,0.166,0.165,0.0,0.0,0.0,0.0,4.52,42.903,47.489,1226154000.0
19.67,0.0,0.166,0.166,0.165,0.166,0.165,0.0,0.0,0.0,0.0,4.52,42.895,47.484,1226778000.0
19.68,0.0,0.166,0.166,0.165,0.166,0.165,0.0,0.0,0.0,0.0,4.52,42.887,47.479,1227402000.0
19.69,0.0,0.166,0.166,0.165,0.166,0.165,0.0,0.0,0.0,0.0,4.51,42.879,47.474,1228026000.0
19.7,0.0,0.166,0.166,0.165,0.166,0.165,0.0,0.0,0.0,0.0,4.51,42.871,47.469,1228649000.0
19.71,0.0,0.166,0.166,0.165,0.166,0.165,0.0,0.0,0.0,0.0,4.51,42.863,47.464,1229273000.0
19.72,0.0,0.166,0.166,0.165,0.166,0.165,0.0,0.0,0.0,0.0,4.51,42.855,47.46,1229897000.0
19.73,0.0,0.166,0.166,0.165,0.166,0.165,0.0,0.0,0.0,0.0,4.51,42.846,47.455,1230520000.0
19.74,0.0,0.166,0.166,0.165,0.166,0.165,0.0,0.0,0.0,0.0,4.51,42.838,47.45,1231144000.0
19.75,0.0,0.166,0.166,0.165,0.166,0.165,0.0,0.0,0.0,0.0,4.51,42.83,47.445,1231768000.0
19.76,0.0,0.166,0.166,0.165,0.166,0.165,0.0,0.0,0.0,0.0,4.51,42.822,47.44,1232391000.0
19.77,0.0,0.166,0.166,0.165,0.166,0.165,0.0,0.0,0.0,0.0,4.51,42.814,47.435,1233015000.0
19.78,0.0,0.166,0.166,0.165,0.166,0.165,0.0,0.0,0.0,0.0,4.51,42.806,47.431,1233639000.0
19.79,0.0,0.166,0.166,0.165,0.166,0.165,0.0,0.0,0.0,0.0,4.51,42.798,47.426,1234262000.0
19.8,0.0,0.166,0.166,0.165,0.166,0.165,0.0,0.0,0.0,0.0,4.51,42.79,47.421,1234886000.0
19.81,0.0,0.166,0.166,0.165,0.166,0.165,0.0,0.0,0.0,0.0,4.5,42.782,47.416,1235510000.0
19.82,0.0,0.166,0.166,0.165,0.166,0.165,0.0,0.0,0.0,0.0,4.5,42.774,47.411,1236133000.0
19.83,0.0,0.166,0.166,0.165,0.166,0.165,0.0,0.0,0.0,0.0,4.5,42.766,47.407,1236757000.0
19.84,0.0,0.166,0.166,0.165,0.166,0.165,0.0,0.0,0.0,0.0,4.5,42.758,47.402,1237381000.0
19.85,0.0,0.166,0.166,0.165,0.166,0.165,0.0,0.0,0.0,0.0,4.5,42.75,47.397,1238004000.0
19.86,0.0,0.166,0.166,0.165,0.166,0.165,0.0,0.0,0.0,0.0,4.5,42.742,47.392,1238628000.0
19.87,0.0,0.166,0.166,0.165,0.166,0.165,0.0,0.0,0.0,0.0,4.5,42.734,47.387,1239252000.0
19.88,0.0,0.166,0.166,0.165,0.166,0.165,0.0,0.0,0.0,0.0,4.5,42.726,47.383,1239875000.0
19.89,0.0,0.166,0.166,0.165,0.166,0.165,0.0,0.0,0.0,0.0,4.5,42.718,47.378,1240499000.0
19.9,0.0,0.166,0.166,0.165,0.166,0.165,0.0,0.0,0.0,0.0,4.5,42.71,47.373,1241123000.0
19.91,0.0,0.166,0.166,0.165,0.166,0.165,0.0,0.0,0.0,0.0,4.5,42.703,47.368,1241746000.0
19.92,0.0,0.166,0.166,0.165,0.166,0.165,0.0,0.0,0.0,0.0,4.49,42.695,47.363,1242370000.0
19.93,0.0,0.166,0.166,0.165,0.166,0.165,0.0,0.0,0.0,0.0,4.49,42.687,47.359,1242994000.0
19.94,0.0,0.166,0.166,0.165,0.166,0.165,0.0,0.0,0.0,0.0,4.49,42.679,47.354,1243618000.0
19.95,0.0,0.166,0.166,0.165,0.166,0.165,0.0,0.0,0.0,0.0,4.49,42.671,47.349,1244241000.0
19.96,0.0,0.166,0.166,0.165,0.166,0.165,0.0,0.0,0.0,0.0,4.49,42.663,47.344,1244865000.0
19.97,0.0,0.166,0.166,0.165,0.166,0.165,0.0,0.0,0.0,0.0,4.49,42.655,47.34,1245489000.0
19.98,0.0,0.166,0.166,0.165,0.166,0.165,0.0,0.0,0.0,0.0,4.49,42.647,47.335,1246112000.0
19.99,0.0,0.166,0.166,0.165,0.166,0.165,0.0,0.0,0.0,0.0,4.49,42.639,47.33,1246736000.0
20.0,0.0,0.166,0.166,0.165,0.166,0.165,0.0,0.0,0.0,0.0,4.49,42.631,47.325,1247360000.0
20.01,0.0,0.166,0.166,0.165,0.166,0.165,0.0,0.0,0.0,0.0,4.49,42.623,47.32,1247983000.0
20.02,0.0,0.166,0.166,0.165,0.166,0.165,0.0,0.0,0.0,0.0,4.49,42.615,47.316,1248607000.0
20.03,0.0,0.166,0.166,0.165,0.166,0.165,0.0,0.0,0.0,0.0,4.49,42.607,47.311,1249231000.0
20.04,0.0,0.166,0.166,0.165,0.166,0.165,0.0,0.0,0.0,0.0,4.48,42.6,47.306,1249854000.0
20.05,0.0,0.166,0.166,0.165,0.166,0.165,0.0,0.0,0.0,0.0,4.48,42.592,47.301,1250478000.0
20.06,0.0,0.166,0.166,0.165,0.166,0.165,0.0,0.0,0.0,0.0,4.48,42.584,47.297,1251102000.0
20.07,0.0,0.166,0.166,0.165,0.166,0.165,0.0,0.0,0.0,0.0,4.48,42.576,47.292,1251725000.0
20.08,0.0,0.166,0.166,0.165,0.166,0.165,0.0,0.0,0.0,0.0,4.48,42.568,47.287,1252349000.0
20.09,0.0,0.166,0.166,0.165,0.166,0.165,0.0,0.0,0.0,0.0,4.48,42.56,47.283,1252973000.0
20.1,0.0,0.166,0.166,0.165,0.166,0.165,0.0,0.0,0.0,0.0,4.48,42.552,47.278,1253596000.0
20.11,0.0,0.166,0.166,0.165,0.166,0.165,0.0,0.0,0.0,0.0,4.48,42.544,47.273,1254220000.0
20.12,0.0,0.166,0.166,0.165,0.166,0.165,0.0,0.0,0.0,0.0,4.48,42.537,47.268,1254844000.0
20.13,0.0,0.166,0.166,0.165,0.166,0.165,0.0,0.0,0.0,0.0,4.48,42.529,47.264,1255467000.0
20.14,0.0,0.166,0.166,0.165,0.166,0.165,0.0,0.0,0.0,0.0,4.48,42.521,47.259,1256091000.0
20.15,0.0,0.166,0.166,0.165,0.166,0.165,0.0,0.0,0.0,0.0,4.48,42.513,47.254,1256715000.0
20.16,0.0,0.166,0.166,0.165,0.166,0.165,0.0,0.0,0.0,0.0,4.47,42.505,47.25,1257338000.0
20.17,0.0,0.166,0.166,0.165,0.166,0.165,0.0,0.0,0.0,0.0,4.47,42.497,47.245,1257962000.0
20.18,0.0,0.166,0.166,0.165,0.166,0.165,0.0,0.0,0.0,0.0,4.47,42.489,47.24,1258586000.0
20.19,0.0,0.166,0.166,0.165,0.166,0.165,0.0,0.0,0.0,0.0,4.47,42.482,47.235,1259210000.0
20.2,0.0,0.166,0.166,0.165,0.166,0.165,0.0,0.0,0.0,0.0,4.47,42.474,47.231,1259833000.0
20.21,0.0,0.166,0.166,0.165,0.166,0.165,0.0,0.0,0.0,0.0,4.47,42.466,47.226,1260457000.0
20.22,0.0,0.166,0.166,0.165,0.166,0.165,0.0,0.0,0.0,0.0,4.47,42.458,47.221,1261080000.0
20.23,0.0,0.166,0.166,0.165,0.166,0.165,0.0,0.0,0.0,0.0,4.47,42.45,47.217,1261704000.0
20.24,0.0,0.166,0.166,0.165,0.166,0.165,0.0,0.0,0.0,0.0,4.47,42.443,47.212,1262328000.0
20.25,0.0,0.166,0.166,0.165,0.166,0.165,0.0,0.0,0.0,0.0,4.47,42.435,47.207,1262952000.0
20.26,0.0,0.166,0.166,0.165,0.166,0.165,0.0,0.0,0.0,0.0,4.47,42.427,47.203,1263575000.0
20.27,0.0,0.166,0.166,0.165,0.166,0.165,0.0,0.0,0.0,0.0,4.47,42.419,47.198,1264199000.0
20.28,0.0,0.166,0.166,0.165,0.166,0.165,0.0,0.0,0.0,0.0,4.46,42.411,47.193,1264823000.0
20.29,0.0,0.166,0.166,0.165,0.166,0.165,0.0,0.0,0.0,0.0,4.46,42.404,47.189,1265446000.0
20.3,0.0,0.166,0.166,0.165,0.166,0.165,0.0,0.0,0.0,0.0,4.46,42.396,47.184,1266070000.0
20.31,0.0,0.166,0.166,0.165,0.166,0.165,0.0,0.0,0.0,0.0,4.46,42.388,47.179,1266694000.0
20.32,0.0,0.166,0.166,0.165,0.166,0.165,0.0,0.0,0.0,0.0,4.46,42.38,47.175,1267317000.0
20.33,0.0,0.166,0.166,0.165,0.166,0.165,0.0,0.0,0.0,0.0,4.46,42.372,47.17,1267941000.0
20.34,0.0,0.166,0.166,0.165,0.166,0.165,0.0,0.0,0.0,0.0,4.46,42.365,47.165,1268565000.0
20.35,0.0,0.166,0.166,0.165,0.166,0.165,0.0,0.0,0.0,0.0,4.46,42.357,47.161,1269188000.0
20.36,0.0,0.166,0.166,0.165,0.166,0.165,0.0,0.0,0.0,0.0,4.46,42.349,47.156,1269812000.0
20.37,0.0,0.166,0.166,0.165,0.166,0.165,0.0,0.0,0.0,0.0,4.46,42.341,47.151,1270436000.0
20.38,0.0,0.166,0.166,0.165,0.166,0.165,0.0,0.0,0.0,0.0,4.46,42.334,47.147,1271059000.0
20.39,0.0,0.166,0.166,0.165,0.166,0.165,0.0,0.0,0.0,0.0,4.46,42.326,47.142,1271683000.0
20.4,0.0,0.166,0.166,0.165,0.166,0.165,0.0,0.0,0.0,0.0,4.46,42.318,47.138,1272307000.0
20.41,0.0,0.166,0.166,0.165,0.166,0.165,0.0,0.0,0.0,0.0,4.45,42.31,47.133,1272930000.0
20.42,0.0,0.166,0.166,0.165,0.166,0.165,0.0,0.0,0.0,0.0,4.45,42.303,47.128,1273554000.0
20.43,0.0,0.166,0.166,0.165,0.166,0.165,0.0,0.0,0.0,0.0,4.45,42.295,47.124,1274178000.0
20.44,0.0,0.166,0.166,0.165,0.166,0.165,0.0,0.0,0.0,0.0,4.45,42.287,47.119,1274802000.0
20.45,0.0,0.166,0.166,0.165,0.166,0.165,0.0,0.0,0.0,0.0,4.45,42.28,47.114,1275425000.0
20.46,0.0,0.166,0.166,0.165,0.166,0.165,0.0,0.0,0.0,0.0,4.45,42.272,47.11,1276049000.0
20.47,0.0,0.166,0.166,0.165,0.166,0.165,0.0,0.0,0.0,0.0,4.45,42.264,47.105,1276673000.0
20.48,0.0,0.166,0.166,0.165,0.166,0.165,0.0,0.0,0.0,0.0,4.45,42.256,47.101,1277296000.0
20.49,0.0,0.166,0.166,0.165,0.166,0.165,0.0,0.0,0.0,0.0,4.45,42.249,47.096,1277920000.0
20.5,0.0,0.166,0.166,0.165,0.166,0.165,0.0,0.0,0.0,0.0,4.45,42.241,47.091,1278544000.0
20.51,0.0,0.166,0.166,0.165,0.166,0.165,0.0,0.0,0.0,0.0,4.45,42.233,47.087,1279167000.0
20.52,0.0,0.166,0.166,0.165,0.166,0.165,0.0,0.0,0.0,0.0,4.45,42.226,47.082,1279791000.0
20.53,0.0,0.166,0.166,0.165,0.166,0.165,0.0,0.0,0.0,0.0,4.44,42.218,47.078,1280415000.0
20.54,0.0,0.166,0.166,0.165,0.166,0.165,0.0,0.0,0.0,0.0,4.44,42.21,47.073,1281038000.0
20.55,0.0,0.166,0.166,0.165,0.166,0.165,0.0,0.0,0.0,0.0,4.44,42.203,47.068,1281662000.0
20.56,0.0,0.166,0.166,0.165,0.166,0.165,0.0,0.0,0.0,0.0,4.44,42.195,47.064,1282286000.0
20.57,0.0,0.166,0.166,0.165,0.166,0.165,0.0,0.0,0.0,0.0,4.44,42.187,47.059,1282909000.0
20.58,0.0,0.166,0.166,0.165,0.166,0.165,0.0,0.0,0.0,0.0,4.44,42.18,47.055,1283533000.0
20.59,0.0,0.166,0.166,0.165,0.166,0.165,0.0,0.0,0.0,0.0,4.44,42.172,47.05,1284157000.0
20.6,0.0,0.166,0.166,0.165,0.166,0.165,0.0,0.0,0.0,0.0,4.44,42.164,47.046,1284780000.0
20.61,0.0,0.166,0.166,0.165,0.166,0.165,0.0,0.0,0.0,0.0,4.44,42.157,47.041,1285404000.0
20.62,0.0,0.166,0.166,0.165,0.166,0.165,0.0,0.0,0.0,0.0,4.44,42.149,47.036,1286028000.0
20.63,0.0,0.166,0.166,0.165,0.166,0.165,0.0,0.0,0.0,0.0,4.44,42.141,47.032,1286651000.0
20.64,0.0,0.166,0.166,0.165,0.166,0.165,0.0,0.0,0.0,0.0,4.44,42.134,47.027,1287275000.0
20.65,0.0,0.166,0.166,0.165,0.166,0.165,0.0,0.0,0.0,0.0,4.44,42.126,47.023,1287899000.0
20.66,0.0,0.166,0.166,0.165,0.166,0.165,0.0,0.0,0.0,0.0,4.43,42.119,47.018,1288522000.0
20.67,0.0,0.166,0.166,0.165,0.166,0.165,0.0,0.0,0.0,0.0,4.43,42.111,47.014,1289146000.0
20.68,0.0,0.166,0.166,0.165,0.166,0.165,0.0,0.0,0.0,0.0,4.43,42.103,47.009,1289770000.0
20.69,0.0,0.166,0.166,0.165,0.166,0.165,0.0,0.0,0.0,0.0,4.43,42.096,47.005,1290394000.0
20.7,0.0,0.166,0.166,0.165,0.166,0.165,0.0,0.0,0.0,0.0,4.43,42.088,47.0,1291017000.0
20.71,0.0,0.166,0.166,0.165,0.166,0.165,0.0,0.0,0.0,0.0,4.43,42.081,46.995,1291641000.0
20.72,0.0,0.166,0.166,0.165,0.166,0.165,0.0,0.0,0.0,0.0,4.43,42.073,46.991,1292264000.0
20.73,0.0,0.166,0.166,0.165,0.166,0.165,0.0,0.0,0.0,0.0,4.43,42.065,46.986,1292888000.0
20.74,0.0,0.166,0.166,0.165,0.166,0.165,0.0,0.0,0.0,0.0,4.43,42.058,46.982,1293512000.0
20.75,0.0,0.166,0.166,0.165,0.166,0.165,0.0,0.0,0.0,0.0,4.43,42.05,46.977,1294136000.0
20.76,0.0,0.166,0.166,0.165,0.166,0.165,0.0,0.0,0.0,0.0,4.43,42.043,46.973,1294759000.0
20.77,0.0,0.166,0.166,0.165,0.166,0.165,0.0,0.0,0.0,0.0,4.43,42.035,46.968,1295383000.0
20.78,0.0,0.166,0.166,0.165,0.166,0.165,0.0,0.0,0.0,0.0,4.42,42.027,46.964,1296007000.0
20.79,0.0,0.166,0.166,0.165,0.166,0.165,0.0,0.0,0.0,0.0,4.42,42.02,46.959,1296630000.0
20.8,0.0,0.166,0.166,0.165,0.166,0.165,0.0,0.0,0.0,0.0,4.42,42.012,46.955,1297254000.0
20.81,0.0,0.166,0.166,0.165,0.166,0.165,0.0,0.0,0.0,0.0,4.42,42.005,46.95,1297878000.0
20.82,0.0,0.166,0.166,0.165,0.166,0.165,0.0,0.0,0.0,0.0,4.42,41.997,46.946,1298501000.0
20.83,0.0,0.166,0.166,0.165,0.166,0.165,0.0,0.0,0.0,0.0,4.42,41.99,46.941,1299125000.0
20.84,0.0,0.166,0.166,0.165,0.166,0.165,0.0,0.0,0.0,0.0,4.42,41.982,46.937,1299749000.0
20.85,0.0,0.166,0.166,0.165,0.166,0.165,0.0,0.0,0.0,0.0,4.42,41.975,46.932,1300372000.0
20.86,0.0,0.166,0.166,0.165,0.166,0.165,0.0,0.0,0.0,0.0,4.42,41.967,46.928,1300996000.0
20.87,0.0,0.166,0.166,0.165,0.166,0.165,0.0,0.0,0.0,0.0,4.42,41.959,46.923,1301620000.0
20.88,0.0,0.166,0.166,0.165,0.166,0.165,0.0,0.0,0.0,0.0,4.42,41.952,46.919,1302243000.0
20.89,0.0,0.166,0.166,0.165,0.166,0.165,0.0,0.0,0.0,0.0,4.42,41.944,46.914,1302867000.0
20.9,0.0,0.166,0.166,0.165,0.166,0.165,0.0,0.0,0.0,0.0,4.42,41.937,46.91,1303491000.0
20.91,0.0,0.166,0.166,0.165,0.166,0.165,0.0,0.0,0.0,0.0,4.41,41.929,46.905,1304114000.0
20.92,0.0,0.166,0.166,0.165,0.166,0.165,0.0,0.0,0.0,0.0,4.41,41.922,46.901,1304738000.0
20.93,0.0,0.166,0.166,0.165,0.166,0.165,0.0,0.0,0.0,0.0,4.41,41.914,46.896,1305362000.0
20.94,0.0,0.166,0.166,0.165,0.166,0.165,0.0,0.0,0.0,0.0,4.41,41.907,46.892,1305986000.0
20.95,0.0,0.166,0.166,0.165,0.166,0.165,0.0,0.0,0.0,0.0,4.41,41.899,46.887,1306609000.0
20.96,0.0,0.166,0.166,0.165,0.166,0.165,0.0,0.0,0.0,0.0,4.41,41.892,46.883,1307233000.0
20.97,0.0,0.166,0.166,0.165,0.166,0.165,0.0,0.0,0.0,0.0,4.41,41.884,46.878,1307857000.0
20.98,0.0,0.166,0.166,0.165,0.166,0.165,0.0,0.0,0.0,0.0,4.41,41.877,46.874,1308480000.0
20.99,0.0,0.166,0.166,0.165,0.166,0.165,0.0,0.0,0.0,0.0,4.41,41.869,46.869,1309104000.0
21.0,0.0,0.166,0.166,0.165,0.166,0.165,0.0,0.0,0.0,0.0,4.41,41.862,46.865,1309728000.0
21.01,0.0,0.166,0.166,0.165,0.166,0.165,0.0,0.0,0.0,0.0,4.41,41.854,46.86,1310351000.0
21.02,0.0,0.166,0.166,0.165,0.166,0.165,0.0,0.0,0.0,0.0,4.41,41.847,46.856,1310975000.0
21.03,0.0,0.166,0.166,0.165,0.166,0.165,0.0,0.0,0.0,0.0,4.41,41.84,46.852,1311599000.0
21.04,0.0,0.166,0.166,0.165,0.166,0.165,0.0,0.0,0.0,0.0,4.4,41.832,46.847,1312222000.0
21.05,0.0,0.166,0.166,0.165,0.166,0.165,0.0,0.0,0.0,0.0,4.4,41.825,46.843,1312846000.0
21.06,0.0,0.166,0.166,0.165,0.166,0.165,0.0,0.0,0.0,0.0,4.4,41.817,46.838,1313470000.0
21.07,0.0,0.166,0.166,0.165,0.166,0.165,0.0,0.0,0.0,0.0,4.4,41.81,46.834,1314093000.0
21.08,0.0,0.166,0.166,0.165,0.166,0.165,0.0,0.0,0.0,0.0,4.4,41.802,46.829,1314717000.0
21.09,0.0,0.166,0.166,0.165,0.166,0.165,0.0,0.0,0.0,0.0,4.4,41.795,46.825,1315341000.0
21.1,0.0,0.166,0.166,0.165,0.166,0.165,0.0,0.0,0.0,0.0,4.4,41.787,46.82,1315964000.0
21.11,0.0,0.166,0.166,0.165,0.166,0.165,0.0,0.0,0.0,0.0,4.4,41.78,46.816,1316588000.0
21.12,0.0,0.166,0.166,0.165,0.166,0.165,0.0,0.0,0.0,0.0,4.4,41.773,46.812,1317212000.0
21.13,0.0,0.166,0.166,0.165,0.166,0.165,0.0,0.0,0.0,0.0,4.4,41.765,46.807,1317835000.0
21.14,0.0,0.166,0.166,0.165,0.166,0.165,0.0,0.0,0.0,0.0,4.4,41.758,46.803,1318459000.0
21.15,0.0,0.166,0.166,0.165,0.166,0.165,0.0,0.0,0.0,0.0,4.4,41.75,46.798,1319083000.0
21.16,0.0,0.166,0.166,0.165,0.166,0.165,0.0,0.0,0.0,0.0,4.4,41.743,46.794,1319706000.0
21.17,0.0,0.166,0.166,0.165,0.166,0.165,0.0,0.0,0.0,0.0,4.39,41.735,46.789,1320330000.0
21.18,0.0,0.166,0.166,0.165,0.166,0.165,0.0,0.0,0.0,0.0,4.39,41.728,46.785,1320954000.0
21.19,0.0,0.166,0.166,0.165,0.166,0.165,0.0,0.0,0.0,0.0,4.39,41.721,46.781,1321577000.0
21.2,0.0,0.166,0.166,0.165,0.166,0.165,0.0,0.0,0.0,0.0,4.39,41.713,46.776,1322201000.0
21.21,0.0,0.166,0.166,0.165,0.166,0.165,0.0,0.0,0.0,0.0,4.39,41.706,46.772,1322825000.0
21.22,0.0,0.166,0.166,0.165,0.166,0.165,0.0,0.0,0.0,0.0,4.39,41.698,46.767,1323448000.0
21.23,0.0,0.166,0.166,0.165,0.166,0.165,0.0,0.0,0.0,0.0,4.39,41.691,46.763,1324072000.0
21.24,0.0,0.166,0.166,0.165,0.166,0.165,0.0,0.0,0.0,0.0,4.39,41.684,46.759,1324696000.0
21.25,0.0,0.166,0.166,0.165,0.166,0.165,0.0,0.0,0.0,0.0,4.39,41.676,46.754,1325320000.0
21.26,0.0,0.166,0.166,0.165,0.166,0.165,0.0,0.0,0.0,0.0,4.39,41.669,46.75,1325943000.0
21.27,0.0,0.166,0.166,0.165,0.166,0.165,0.0,0.0,0.0,0.0,4.39,41.662,46.745,1326567000.0
21.28,0.0,0.166,0.166,0.165,0.166,0.165,0.0,0.0,0.0,0.0,4.39,41.654,46.741,1327191000.0
21.29,0.0,0.166,0.166,0.165,0.166,0.165,0.0,0.0,0.0,0.0,4.39,41.647,46.737,1327814000.0
21.3,0.0,0.166,0.166,0.165,0.166,0.165,0.0,0.0,0.0,0.0,4.39,41.64,46.732,1328438000.0
21.31,0.0,0.166,0.166,0.165,0.166,0.165,0.0,0.0,0.0,0.0,4.38,41.632,46.728,1329062000.0
21.32,0.0,0.166,0.166,0.165,0.166,0.165,0.0,0.0,0.0,0.0,4.38,41.625,46.724,1329685000.0
21.33,0.0,0.166,0.166,0.165,0.166,0.165,0.0,0.0,0.0,0.0,4.38,41.617,46.719,1330309000.0
21.34,0.0,0.166,0.166,0.165,0.166,0.165,0.0,0.0,0.0,0.0,4.38,41.61,46.715,1330933000.0
21.35,0.0,0.166,0.166,0.165,0.166,0.165,0.0,0.0,0.0,0.0,4.38,41.603,46.71,1331556000.0
21.36,0.0,0.166,0.166,0.165,0.166,0.165,0.0,0.0,0.0,0.0,4.38,41.595,46.706,1332180000.0
21.37,0.0,0.166,0.166,0.165,0.166,0.165,0.0,0.0,0.0,0.0,4.38,41.588,46.702,1332804000.0
21.38,0.0,0.166,0.166,0.165,0.166,0.165,0.0,0.0,0.0,0.0,4.38,41.581,46.697,1333427000.0
21.39,0.0,0.166,0.166,0.165,0.166,0.165,0.0,0.0,0.0,0.0,4.38,41.573,46.693,1334051000.0
21.4,0.0,0.166,0.166,0.165,0.166,0.165,0.0,0.0,0.0,0.0,4.38,41.566,46.689,1334675000.0
21.41,0.0,0.166,0.166,0.165,0.166,0.165,0.0,0.0,0.0,0.0,4.38,41.559,46.684,1335298000.0
21.42,0.0,0.166,0.166,0.165,0.166,0.165,0.0,0.0,0.0,0.0,4.38,41.552,46.68,1335922000.0
21.43,0.0,0.166,0.166,0.165,0.166,0.165,0.0,0.0,0.0,0.0,4.38,41.544,46.676,1336546000.0
21.44,0.0,0.166,0.166,0.165,0.166,0.165,0.0,0.0,0.0,0.0,4.37,41.537,46.671,1337170000.0
21.45,0.0,0.166,0.166,0.165,0.166,0.165,0.0,0.0,0.0,0.0,4.37,41.53,46.667,1337793000.0
21.46,0.0,0.166,0.166,0.165,0.166,0.165,0.0,0.0,0.0,0.0,4.37,41.522,46.663,1338417000.0
21.47,0.0,0.166,0.166,0.165,0.166,0.165,0.0,0.0,0.0,0.0,4.37,41.515,46.658,1339041000.0
21.48,0.0,0.166,0.166,0.165,0.166,0.165,0.0,0.0,0.0,0.0,4.37,41.508,46.654,1339664000.0
21.49,0.0,0.166,0.166,0.165,0.166,0.165,0.0,0.0,0.0,0.0,4.37,41.501,46.649,1340288000.0
21.5,0.0,0.166,0.166,0.165,0.166,0.165,0.0,0.0,0.0,0.0,4.37,41.493,46.645,1340912000.0
21.51,0.0,0.166,0.166,0.165,0.166,0.165,0.0,0.0,0.0,0.0,4.37,41.486,46.641,1341535000.0
21.52,0.0,0.166,0.166,0.165,0.166,0.165,0.0,0.0,0.0,0.0,4.37,41.479,46.636,1342159000.0
21.53,0.0,0.166,0.166,0.165,0.166,0.165,0.0,0.0,0.0,0.0,4.37,41.471,46.632,1342783000.0
21.54,0.0,0.166,0.166,0.165,0.166,0.165,0.0,0.0,0.0,0.0,4.37,41.464,46.628,1343406000.0
21.55,0.0,0.166,0.166,0.165,0.166,0.165,0.0,0.0,0.0,0.0,4.37,41.457,46.624,1344030000.0
21.56,0.0,0.166,0.166,0.165,0.166,0.165,0.0,0.0,0.0,0.0,4.37,41.45,46.619,1344654000.0
21.57,0.0,0.166,0.166,0.165,0.166,0.165,0.0,0.0,0.0,0.0,4.36,41.442,46.615,1345277000.0
21.58,0.0,0.166,0.166,0.165,0.166,0.165,0.0,0.0,0.0,0.0,4.36,41.435,46.611,1345901000.0
21.59,0.0,0.166,0.166,0.165,0.166,0.165,0.0,0.0,0.0,0.0,4.36,41.428,46.606,1346525000.0
21.6,0.0,0.166,0.166,0.165,0.166,0.165,0.0,0.0,0.0,0.0,4.36,41.421,46.602,1347148000.0
21.61,0.0,0.166,0.166,0.165,0.166,0.165,0.0,0.0,0.0,0.0,4.36,41.413,46.598,1347772000.0
21.62,0.0,0.166,0.166,0.165,0.166,0.165,0.0,0.0,0.0,0.0,4.36,41.406,46.593,1348396000.0
21.63,0.0,0.166,0.166,0.165,0.166,0.165,0.0,0.0,0.0,0.0,4.36,41.399,46.589,1349019000.0
21.64,0.0,0.166,0.166,0.165,0.166,0.165,0.0,0.0,0.0,0.0,4.36,41.392,46.585,1349643000.0
21.65,0.0,0.166,0.166,0.165,0.166,0.165,0.0,0.0,0.0,0.0,4.36,41.385,46.58,1350267000.0
21.66,0.0,0.166,0.166,0.165,0.166,0.165,0.0,0.0,0.0,0.0,4.36,41.377,46.576,1350890000.0
21.67,0.0,0.166,0.166,0.165,0.166,0.165,0.0,0.0,0.0,0.0,4.36,41.37,46.572,1351514000.0
21.68,0.0,0.166,0.166,0.165,0.166,0.165,0.0,0.0,0.0,0.0,4.36,41.363,46.568,1352138000.0
21.69,0.0,0.166,0.166,0.165,0.166,0.165,0.0,0.0,0.0,0.0,4.36,41.356,46.563,1352761000.0
21.7,0.0,0.166,0.166,0.165,0.166,0.165,0.0,0.0,0.0,0.0,4.36,41.349,46.559,1353385000.0
21.71,0.0,0.166,0.166,0.165,0.166,0.165,0.0,0.0,0.0,0.0,4.35,41.341,46.555,1354009000.0
21.72,0.0,0.166,0.166,0.165,0.166,0.165,0.0,0.0,0.0,0.0,4.35,41.334,46.55,1354632000.0
21.73,0.0,0.166,0.166,0.165,0.166,0.165,0.0,0.0,0.0,0.0,4.35,41.327,46.546,1355256000.0
21.74,0.0,0.166,0.166,0.165,0.166,0.165,0.0,0.0,0.0,0.0,4.35,41.32,46.542,1355880000.0
21.75,0.0,0.166,0.166,0.165,0.166,0.165,0.0,0.0,0.0,0.0,4.35,41.313,46.538,1356504000.0
21.76,0.0,0.166,0.166,0.165,0.166,0.165,0.0,0.0,0.0,0.0,4.35,41.305,46.533,1357127000.0
21.77,0.0,0.166,0.166,0.165,0.166,0.165,0.0,0.0,0.0,0.0,4.35,41.298,46.529,1357751000.0
21.78,0.0,0.166,0.166,0.165,0.166,0.165,0.0,0.0,0.0,0.0,4.35,41.291,46.525,1358375000.0
21.79,0.0,0.166,0.166,0.165,0.166,0.165,0.0,0.0,0.0,0.0,4.35,41.284,46.52,1358998000.0
21.8,0.0,0.166,0.166,0.165,0.166,0.165,0.0,0.0,0.0,0.0,4.35,41.277,46.516,1359622000.0
21.81,0.0,0.166,0.166,0.165,0.166,0.165,0.0,0.0,0.0,0.0,4.35,41.27,46.512,1360246000.0
21.82,0.0,0.166,0.166,0.165,0.166,0.165,0.0,0.0,0.0,0.0,4.35,41.263,46.508,1360869000.0
21.83,0.0,0.166,0.166,0.165,0.166,0.165,0.0,0.0,0.0,0.0,4.35,41.255,46.503,1361493000.0
21.84,0.0,0.166,0.166,0.165,0.166,0.165,0.0,0.0,0.0,0.0,4.35,41.248,46.499,1362117000.0
21.85,0.0,0.166,0.166,0.165,0.166,0.165,0.0,0.0,0.0,0.0,4.34,41.241,46.495,1362740000.0
21.86,0.0,0.166,0.166,0.165,0.166,0.165,0.0,0.0,0.0,0.0,4.34,41.234,46.491,1363364000.0
21.87,0.0,0.166,0.166,0.165,0.166,0.165,0.0,0.0,0.0,0.0,4.34,41.227,46.486,1363988000.0
21.88,0.0,0.166,0.166,0.165,0.166,0.165,0.0,0.0,0.0,0.0,4.34,41.22,46.482,1364611000.0
21.89,0.0,0.166,0.166,0.165,0.166,0.165,0.0,0.0,0.0,0.0,4.34,41.213,46.478,1365235000.0
21.9,0.0,0.166,0.166,0.165,0.166,0.165,0.0,0.0,0.0,0.0,4.34,41.205,46.474,1365859000.0
21.91,0.0,0.166,0.166,0.165,0.166,0.165,0.0,0.0,0.0,0.0,4.34,41.198,46.469,1366482000.0
21.92,0.0,0.166,0.166,0.165,0.166,0.165,0.0,0.0,0.0,0.0,4.34,41.191,46.465,1367106000.0
21.93,0.0,0.166,0.166,0.165,0.166,0.165,0.0,0.0,0.0,0.0,4.34,41.184,46.461,1367730000.0
21.94,0.0,0.166,0.166,0.165,0.166,0.165,0.0,0.0,0.0,0.0,4.34,41.177,46.457,1368354000.0
21.95,0.0,0.166,0.166,0.165,0.166,0.165,0.0,0.0,0.0,0.0,4.34,41.17,46.452,1368977000.0
21.96,0.0,0.166,0.166,0.165,0.166,0.165,0.0,0.0,0.0,0.0,4.34,41.163,46.448,1369601000.0
21.97,0.0,0.166,0.166,0.165,0.166,0.165,0.0,0.0,0.0,0.0,4.34,41.156,46.444,1370225000.0
21.98,0.0,0.165,0.165,0.165,0.165,0.165,0.0,0.0,0.0,0.0,4.33,41.149,46.44,1370848000.0
21.99,0.0,0.165,0.165,0.165,0.165,0.165,0.0,0.0,0.0,0.0,4.33,41.142,46.436,1371472000.0
22.0,0.0,0.165,0.165,0.165,0.165,0.165,0.0,0.0,0.0,0.0,4.33,41.135,46.431,1372096000.0
22.01,0.0,0.165,0.165,0.165,0.165,0.165,0.0,0.0,0.0,0.0,4.33,41.127,46.427,1372719000.0
22.02,0.0,0.165,0.165,0.165,0.165,0.165,0.0,0.0,0.0,0.0,4.33,41.12,46.423,1373343000.0
22.03,0.0,0.165,0.165,0.165,0.165,0.165,0.0,0.0,0.0,0.0,4.33,41.113,46.419,1373967000.0
22.04,0.0,0.165,0.165,0.165,0.165,0.165,0.0,0.0,0.0,0.0,4.33,41.106,46.414,1374590000.0
22.05,0.0,0.165,0.165,0.165,0.165,0.165,0.0,0.0,0.0,0.0,4.33,41.099,46.41,1375214000.0
22.06,0.0,0.165,0.165,0.165,0.165,0.165,0.0,0.0,0.0,0.0,4.33,41.092,46.406,1375838000.0
22.07,0.0,0.165,0.165,0.165,0.165,0.165,0.0,0.0,0.0,0.0,4.33,41.085,46.402,1376461000.0
22.08,0.0,0.165,0.165,0.165,0.165,0.165,0.0,0.0,0.0,0.0,4.33,41.078,46.398,1377085000.0
22.09,0.0,0.165,0.165,0.165,0.165,0.165,0.0,0.0,0.0,0.0,4.33,41.071,46.393,1377709000.0
22.1,0.0,0.165,0.165,0.165,0.165,0.165,0.0,0.0,0.0,0.0,4.33,41.064,46.389,1378332000.0
22.11,0.0,0.165,0.165,0.165,0.165,0.165,0.0,0.0,0.0,0.0,4.33,41.057,46.385,1378956000.0
22.12,0.0,0.165,0.165,0.165,0.165,0.165,0.0,0.0,0.0,0.0,4.32,41.05,46.381,1379580000.0
22.13,0.0,0.165,0.165,0.165,0.165,0.165,0.0,0.0,0.0,0.0,4.32,41.043,46.377,1380203000.0
22.14,0.0,0.165,0.165,0.165,0.165,0.165,0.0,0.0,0.0,0.0,4.32,41.036,46.372,1380827000.0
22.15,0.0,0.165,0.165,0.165,0.165,0.165,0.0,0.0,0.0,0.0,4.32,41.029,46.368,1381451000.0
22.16,0.0,0.165,0.165,0.165,0.165,0.165,0.0,0.0,0.0,0.0,4.32,41.022,46.364,1382074000.0
22.17,0.0,0.165,0.165,0.165,0.165,0.165,0.0,0.0,0.0,0.0,4.32,41.015,46.36,1382698000.0
22.18,0.0,0.165,0.165,0.165,0.165,0.165,0.0,0.0,0.0,0.0,4.32,41.008,46.356,1383322000.0
22.19,0.0,0.165,0.165,0.165,0.165,0.165,0.0,0.0,0.0,0.0,4.32,41.001,46.351,1383945000.0
22.2,0.0,0.165,0.165,0.165,0.165,0.165,0.0,0.0,0.0,0.0,4.32,40.994,46.347,1384569000.0
22.21,0.0,0.165,0.165,0.165,0.165,0.165,0.0,0.0,0.0,0.0,4.32,40.987,46.343,1385193000.0
22.22,0.0,0.165,0.165,0.165,0.165,0.165,0.0,0.0,0.0,0.0,4.32,40.98,46.339,1385816000.0
22.23,0.0,0.165,0.165,0.165,0.165,0.165,0.0,0.0,0.0,0.0,4.32,40.973,46.335,1386440000.0
22.24,0.0,0.165,0.165,0.165,0.165,0.165,0.0,0.0,0.0,0.0,4.32,40.966,46.331,1387064000.0
22.25,0.0,0.165,0.165,0.165,0.165,0.165,0.0,0.0,0.0,0.0,4.32,40.959,46.326,1387688000.0
22.26,0.0,0.165,0.165,0.165,0.165,0.165,0.0,0.0,0.0,0.0,4.31,40.952,46.322,1388311000.0
22.27,0.0,0.165,0.165,0.165,0.165,0.165,0.0,0.0,0.0,0.0,4.31,40.945,46.318,1388935000.0
22.28,0.0,0.165,0.165,0.165,0.165,0.165,0.0,0.0,0.0,0.0,4.31,40.938,46.314,1389559000.0
22.29,0.0,0.165,0.165,0.165,0.165,0.165,0.0,0.0,0.0,0.0,4.31,40.931,46.31,1390182000.0
22.3,0.0,0.165,0.165,0.165,0.165,0.165,0.0,0.0,0.0,0.0,4.31,40.924,46.306,1390806000.0
22.31,0.0,0.165,0.165,0.165,0.165,0.165,0.0,0.0,0.0,0.0,4.31,40.917,46.301,1391430000.0
22.32,0.0,0.165,0.165,0.165,0.165,0.165,0.0,0.0,0.0,0.0,4.31,40.91,46.297,1392053000.0
22.33,0.0,0.165,0.165,0.165,0.165,0.165,0.0,0.0,0.0,0.0,4.31,40.903,46.293,1392677000.0
22.34,0.0,0.165,0.165,0.165,0.165,0.165,0.0,0.0,0.0,0.0,4.31,40.896,46.289,1393301000.0
22.35,0.0,0.165,0.165,0.165,0.165,0.165,0.0,0.0,0.0,0.0,4.31,40.889,46.285,1393924000.0
22.36,0.0,0.165,0.165,0.165,0.165,0.165,0.0,0.0,0.0,0.0,4.31,40.882,46.281,1394548000.0
22.37,0.0,0.165,0.165,0.165,0.165,0.165,0.0,0.0,0.0,0.0,4.31,40.875,46.276,1395172000.0
22.38,0.0,0.165,0.165,0.165,0.165,0.165,0.0,0.0,0.0,0.0,4.31,40.868,46.272,1395795000.0
22.39,0.0,0.165,0.165,0.165,0.165,0.165,0.0,0.0,0.0,0.0,4.31,40.861,46.268,1396419000.0
22.4,0.0,0.165,0.165,0.165,0.165,0.165,0.0,0.0,0.0,0.0,4.31,40.854,46.264,1397043000.0
22.41,0.0,0.165,0.165,0.165,0.165,0.165,0.0,0.0,0.0,0.0,4.3,40.847,46.26,1397666000.0
22.42,0.0,0.165,0.165,0.165,0.165,0.165,0.0,0.0,0.0,0.0,4.3,40.841,46.256,1398290000.0
22.43,0.0,0.165,0.165,0.165,0.165,0.165,0.0,0.0,0.0,0.0,4.3,40.834,46.252,1398914000.0
22.44,0.0,0.165,0.165,0.165,0.165,0.165,0.0,0.0,0.0,0.0,4.3,40.827,46.247,1399538000.0
22.45,0.0,0.165,0.165,0.165,0.165,0.165,0.0,0.0,0.0,0.0,4.3,40.82,46.243,1400161000.0
22.46,0.0,0.165,0.165,0.165,0.165,0.165,0.0,0.0,0.0,0.0,4.3,40.813,46.239,1400785000.0
22.47,0.0,0.165,0.165,0.165,0.165,0.165,0.0,0.0,0.0,0.0,4.3,40.806,46.235,1401409000.0
22.48,0.0,0.165,0.165,0.165,0.165,0.165,0.0,0.0,0.0,0.0,4.3,40.799,46.231,1402032000.0
22.49,0.0,0.165,0.165,0.165,0.165,0.165,0.0,0.0,0.0,0.0,4.3,40.792,46.227,1402656000.0
22.5,0.0,0.165,0.165,0.165,0.165,0.165,0.0,0.0,0.0,0.0,4.3,40.785,46.223,1403279000.0
22.51,0.0,0.165,0.165,0.165,0.165,0.165,0.0,0.0,0.0,0.0,4.3,40.778,46.219,1403903000.0
22.52,0.0,0.165,0.165,0.165,0.165,0.165,0.0,0.0,0.0,0.0,4.3,40.772,46.214,1404527000.0
22.53,0.0,0.165,0.165,0.165,0.165,0.165,0.0,0.0,0.0,0.0,4.3,40.765,46.21,1405151000.0
22.54,0.0,0.165,0.165,0.165,0.165,0.165,0.0,0.0,0.0,0.0,4.3,40.758,46.206,1405774000.0
22.55,0.0,0.165,0.165,0.165,0.165,0.165,0.0,0.0,0.0,0.0,4.29,40.751,46.202,1406398000.0
22.56,0.0,0.165,0.165,0.165,0.165,0.165,0.0,0.0,0.0,0.0,4.29,40.744,46.198,1407022000.0
22.57,0.0,0.165,0.165,0.165,0.165,0.165,0.0,0.0,0.0,0.0,4.29,40.737,46.194,1407645000.0
22.58,0.0,0.165,0.165,0.165,0.165,0.165,0.0,0.0,0.0,0.0,4.29,40.73,46.19,1408269000.0
22.59,0.0,0.165,0.165,0.165,0.165,0.165,0.0,0.0,0.0,0.0,4.29,40.723,46.186,1408893000.0
22.6,0.0,0.165,0.165,0.165,0.165,0.165,0.0,0.0,0.0,0.0,4.29,40.717,46.181,1409516000.0
22.61,0.0,0.165,0.165,0.165,0.165,0.165,0.0,0.0,0.0,0.0,4.29,40.71,46.177,1410140000.0
22.62,0.0,0.165,0.165,0.165,0.165,0.165,0.0,0.0,0.0,0.0,4.29,40.703,46.173,1410764000.0
22.63,0.0,0.165,0.165,0.165,0.165,0.165,0.0,0.0,0.0,0.0,4.29,40.696,46.169,1411387000.0
22.64,0.0,0.165,0.165,0.165,0.165,0.165,0.0,0.0,0.0,0.0,4.29,40.689,46.165,1412011000.0
22.65,0.0,0.165,0.165,0.165,0.165,0.165,0.0,0.0,0.0,0.0,4.29,40.682,46.161,1412635000.0
22.66,0.0,0.165,0.165,0.165,0.165,0.165,0.0,0.0,0.0,0.0,4.29,40.676,46.157,1413258000.0
22.67,0.0,0.165,0.165,0.165,0.165,0.165,0.0,0.0,0.0,0.0,4.29,40.669,46.153,1413882000.0
22.68,0.0,0.165,0.165,0.165,0.165,0.165,0.0,0.0,0.0,0.0,4.29,40.662,46.149,1414506000.0
22.69,0.0,0.165,0.165,0.165,0.165,0.165,0.0,0.0,0.0,0.0,4.28,40.655,46.145,1415129000.0
22.7,0.0,0.165,0.165,0.165,0.165,0.165,0.0,0.0,0.0,0.0,4.28,40.648,46.14,1415753000.0
22.71,0.0,0.165,0.165,0.165,0.165,0.165,0.0,0.0,0.0,0.0,4.28,40.641,46.136,1416377000.0
22.72,0.0,0.165,0.165,0.165,0.165,0.165,0.0,0.0,0.0,0.0,4.28,40.635,46.132,1417000000.0
22.73,0.0,0.165,0.165,0.165,0.165,0.165,0.0,0.0,0.0,0.0,4.28,40.628,46.128,1417624000.0
22.74,0.0,0.165,0.165,0.165,0.165,0.165,0.0,0.0,0.0,0.0,4.28,40.621,46.124,1418248000.0
22.75,0.0,0.165,0.165,0.165,0.165,0.165,0.0,0.0,0.0,0.0,4.28,40.614,46.12,1418872000.0
22.76,0.0,0.165,0.165,0.165,0.165,0.165,0.0,0.0,0.0,0.0,4.28,40.607,46.116,1419495000.0
22.77,0.0,0.165,0.165,0.165,0.165,0.165,0.0,0.0,0.0,0.0,4.28,40.601,46.112,1420119000.0
22.78,0.0,0.165,0.165,0.165,0.165,0.165,0.0,0.0,0.0,0.0,4.28,40.594,46.108,1420743000.0
22.79,0.0,0.165,0.165,0.165,0.165,0.165,0.0,0.0,0.0,0.0,4.28,40.587,46.104,1421366000.0
22.8,0.0,0.165,0.165,0.165,0.165,0.165,0.0,0.0,0.0,0.0,4.28,40.58,46.1,1421990000.0
22.81,0.0,0.165,0.165,0.165,0.165,0.165,0.0,0.0,0.0,0.0,4.28,40.573,46.096,1422614000.0
22.82,0.0,0.165,0.165,0.165,0.165,0.165,0.0,0.0,0.0,0.0,4.28,40.567,46.091,1423237000.0
22.83,0.0,0.165,0.165,0.165,0.165,0.165,0.0,0.0,0.0,0.0,4.27,40.56,46.087,1423861000.0
22.84,0.0,0.165,0.165,0.165,0.165,0.165,0.0,0.0,0.0,0.0,4.27,40.553,46.083,1424485000.0
22.85,0.0,0.165,0.165,0.165,0.165,0.165,0.0,0.0,0.0,0.0,4.27,40.546,46.079,1425108000.0
22.86,0.0,0.165,0.165,0.165,0.165,0.165,0.0,0.0,0.0,0.0,4.27,40.54,46.075,1425732000.0
22.87,0.0,0.165,0.165,0.165,0.165,0.165,0.0,0.0,0.0,0.0,4.27,40.533,46.071,1426356000.0
22.88,0.0,0.165,0.165,0.165,0.165,0.165,0.0,0.0,0.0,0.0,4.27,40.526,46.067,1426979000.0
22.89,0.0,0.165,0.165,0.165,0.165,0.165,0.0,0.0,0.0,0.0,4.27,40.519,46.063,1427603000.0
22.9,0.0,0.165,0.165,0.165,0.165,0.165,0.0,0.0,0.0,0.0,4.27,40.513,46.059,1428227000.0
22.91,0.0,0.165,0.165,0.165,0.165,0.165,0.0,0.0,0.0,0.0,4.27,40.506,46.055,1428850000.0
22.92,0.0,0.165,0.165,0.165,0.165,0.165,0.0,0.0,0.0,0.0,4.27,40.499,46.051,1429474000.0
22.93,0.0,0.165,0.165,0.165,0.165,0.165,0.0,0.0,0.0,0.0,4.27,40.492,46.047,1430098000.0
22.94,0.0,0.165,0.165,0.165,0.165,0.165,0.0,0.0,0.0,0.0,4.27,40.486,46.053,1430722000.0
22.95,0.0,0.165,0.165,0.165,0.165,0.165,0.0,0.0,0.0,0.0,4.27,40.479,46.049,1431345000.0
22.96,0.0,0.165,0.165,0.165,0.165,0.165,0.0,0.0,0.0,0.0,4.27,40.472,46.045,1431969000.0
22.97,0.0,0.165,0.165,0.165,0.165,0.165,0.0,0.0,0.0,0.0,4.27,40.465,46.042,1432593000.0
22.98,0.0,0.165,0.165,0.165,0.165,0.165,0.0,0.0,0.0,0.0,4.27,40.459,46.038,1433216000.0
22.99,0.0,0.165,0.165,0.165,0.165,0.165,0.0,0.0,0.0,0.0,4.27,40.452,46.034,1433840000.0
23.0,0.0,0.165,0.165,0.165,0.165,0.165,0.0,0.0,0.0,0.0,4.27,40.445,46.031,1434463000.0
23.01,0.0,0.165,0.165,0.165,0.165,0.165,0.0,0.0,0.0,0.0,4.27,40.439,46.027,1435087000.0
23.02,0.0,0.165,0.165,0.165,0.165,0.165,0.0,0.0,0.0,0.0,4.27,40.432,46.024,1435711000.0
23.03,0.0,0.165,0.165,0.165,0.165,0.165,0.0,0.0,0.0,0.0,4.27,40.425,46.02,1436335000.0
23.04,0.0,0.165,0.165,0.165,0.165,0.165,0.0,0.0,0.0,0.0,4.27,40.418,46.016,1436958000.0
23.05,0.0,0.165,0.165,0.165,0.165,0.165,0.0,0.0,0.0,0.0,4.27,40.412,46.013,1437582000.0
23.06,0.0,0.165,0.165,0.165,0.165,0.165,0.0,0.0,0.0,0.0,4.27,40.405,46.009,1438206000.0
23.07,0.0,0.165,0.165,0.165,0.165,0.165,0.0,0.0,0.0,0.0,4.26,40.398,46.005,1438829000.0
23.08,0.0,0.165,0.165,0.165,0.165,0.165,0.0,0.0,0.0,0.0,4.26,40.392,46.002,1439453000.0
23.09,0.0,0.165,0.165,0.165,0.165,0.165,0.0,0.0,0.0,0.0,4.26,40.385,45.998,1440077000.0
23.1,0.0,0.165,0.165,0.165,0.165,0.165,0.0,0.0,0.0,0.0,4.26,40.378,45.995,1440700000.0
23.11,0.0,0.165,0.165,0.165,0.165,0.165,0.0,0.0,0.0,0.0,4.26,40.372,45.991,1441324000.0
23.12,0.0,0.165,0.165,0.165,0.165,0.165,0.0,0.0,0.0,0.0,4.26,40.365,45.987,1441948000.0
23.13,0.0,0.165,0.165,0.165,0.165,0.165,0.0,0.0,0.0,0.0,4.26,40.358,45.984,1442571000.0
23.14,0.0,0.165,0.165,0.165,0.165,0.165,0.0,0.0,0.0,0.0,4.26,40.352,45.98,1443195000.0
23.15,0.0,0.165,0.165,0.165,0.165,0.165,0.0,0.0,0.0,0.0,4.26,40.345,45.977,1443819000.0
23.16,0.0,0.165,0.165,0.165,0.165,0.165,0.0,0.0,0.0,0.0,4.26,40.338,45.973,1444442000.0
23.17,0.0,0.165,0.165,0.165,0.165,0.165,0.0,0.0,0.0,0.0,4.26,40.332,45.969,1445066000.0
23.18,0.0,0.165,0.165,0.165,0.165,0.165,0.0,0.0,0.0,0.0,4.26,40.325,45.966,1445690000.0
23.19,0.0,0.165,0.165,0.165,0.165,0.165,0.0,0.0,0.0,0.0,4.26,40.318,45.962,1446313000.0
23.2,0.0,0.165,0.165,0.165,0.165,0.165,0.0,0.0,0.0,0.0,4.26,40.312,45.959,1446937000.0
23.21,0.0,0.165,0.165,0.165,0.165,0.165,0.0,0.0,0.0,0.0,4.26,40.305,45.955,1447561000.0
23.22,0.0,0.165,0.165,0.165,0.165,0.165,0.0,0.0,0.0,0.0,4.26,40.298,45.951,1448184000.0
23.23,0.0,0.165,0.165,0.165,0.165,0.165,0.0,0.0,0.0,0.0,4.26,40.292,45.948,1448808000.0
23.24,0.0,0.165,0.165,0.165,0.165,0.165,0.0,0.0,0.0,0.0,4.26,40.285,45.944,1449432000.0
23.25,0.0,0.165,0.165,0.165,0.165,0.165,0.0,0.0,0.0,0.0,4.26,40.279,45.941,1450056000.0
23.26,0.0,0.165,0.165,0.165,0.165,0.165,0.0,0.0,0.0,0.0,4.26,40.272,45.937,1450679000.0
23.27,0.0,0.165,0.165,0.165,0.165,0.165,0.0,0.0,0.0,0.0,4.25,40.265,45.933,1451303000.0
23.28,0.0,0.165,0.165,0.165,0.165,0.165,0.0,0.0,0.0,0.0,4.25,40.259,45.93,1451927000.0
23.29,0.0,0.165,0.165,0.165,0.165,0.165,0.0,0.0,0.0,0.0,4.25,40.252,45.926,1452550000.0
23.3,0.0,0.165,0.165,0.165,0.165,0.165,0.0,0.0,0.0,0.0,4.25,40.245,45.923,1453174000.0
23.31,0.0,0.165,0.165,0.165,0.165,0.165,0.0,0.0,0.0,0.0,4.25,40.239,45.919,1453798000.0
23.32,0.0,0.165,0.165,0.165,0.165,0.165,0.0,0.0,0.0,0.0,4.25,40.232,45.916,1454421000.0
23.33,0.0,0.165,0.165,0.165,0.165,0.165,0.0,0.0,0.0,0.0,4.25,40.226,45.912,1455045000.0
23.34,0.0,0.165,0.165,0.165,0.165,0.165,0.0,0.0,0.0,0.0,4.25,40.219,45.909,1455669000.0
23.35,0.0,0.165,0.165,0.165,0.165,0.165,0.0,0.0,0.0,0.0,4.25,40.213,45.905,1456292000.0
23.36,0.0,0.165,0.165,0.165,0.165,0.165,0.0,0.0,0.0,0.0,4.25,40.206,45.901,1456916000.0
23.37,0.0,0.165,0.165,0.165,0.165,0.165,0.0,0.0,0.0,0.0,4.25,40.199,45.898,1457540000.0
23.38,0.0,0.165,0.165,0.165,0.165,0.165,0.0,0.0,0.0,0.0,4.25,40.193,45.894,1458163000.0
23.39,0.0,0.165,0.165,0.165,0.165,0.165,0.0,0.0,0.0,0.0,4.25,40.186,45.891,1458787000.0
23.4,0.0,0.165,0.165,0.165,0.165,0.165,0.0,0.0,0.0,0.0,4.25,40.18,45.887,1459411000.0
23.41,0.0,0.165,0.165,0.165,0.165,0.165,0.0,0.0,0.0,0.0,4.25,40.173,45.884,1460034000.0
23.42,0.0,0.165,0.165,0.165,0.165,0.165,0.0,0.0,0.0,0.0,4.25,40.166,45.88,1460658000.0
23.43,0.0,0.165,0.165,0.165,0.165,0.165,0.0,0.0,0.0,0.0,4.25,40.16,45.877,1461282000.0
23.44,0.0,0.165,0.165,0.165,0.165,0.165,0.0,0.0,0.0,0.0,4.25,40.153,45.873,1461906000.0
23.45,0.0,0.165,0.165,0.165,0.165,0.165,0.0,0.0,0.0,0.0,4.25,40.147,45.87,1462529000.0
23.46,0.0,0.165,0.165,0.165,0.165,0.165,0.0,0.0,0.0,0.0,4.25,40.14,45.866,1463153000.0
23.47,0.0,0.165,0.165,0.165,0.165,0.165,0.0,0.0,0.0,0.0,4.24,40.134,45.862,1463776000.0
23.48,0.0,0.165,0.165,0.165,0.165,0.165,0.0,0.0,0.0,0.0,4.24,40.127,45.859,1464400000.0
23.49,0.0,0.165,0.165,0.165,0.165,0.165,0.0,0.0,0.0,0.0,4.24,40.121,45.855,1465024000.0
23.5,0.0,0.165,0.165,0.165,0.165,0.165,0.0,0.0,0.0,0.0,4.24,40.114,45.852,1465647000.0
23.51,0.0,0.165,0.165,0.165,0.165,0.165,0.0,0.0,0.0,0.0,4.24,40.107,45.848,1466271000.0
23.52,0.0,0.165,0.165,0.165,0.165,0.165,0.0,0.0,0.0,0.0,4.24,40.101,45.845,1466895000.0
23.53,0.0,0.165,0.165,0.165,0.165,0.165,0.0,0.0,0.0,0.0,4.24,40.094,45.841,1467519000.0
23.54,0.0,0.165,0.165,0.165,0.165,0.165,0.0,0.0,0.0,0.0,4.24,40.088,45.838,1468142000.0
23.55,0.0,0.165,0.165,0.165,0.165,0.165,0.0,0.0,0.0,0.0,4.24,40.081,45.834,1468766000.0
23.56,0.0,0.165,0.165,0.165,0.165,0.165,0.0,0.0,0.0,0.0,4.24,40.075,45.831,1469390000.0
23.57,0.0,0.165,0.165,0.165,0.165,0.165,0.0,0.0,0.0,0.0,4.24,40.068,45.827,1470013000.0
23.58,0.0,0.165,0.165,0.165,0.165,0.165,0.0,0.0,0.0,0.0,4.24,40.062,45.824,1470637000.0
23.59,0.0,0.165,0.165,0.165,0.165,0.165,0.0,0.0,0.0,0.0,4.24,40.055,45.82,1471261000.0
23.6,0.0,0.165,0.165,0.165,0.165,0.165,0.0,0.0,0.0,0.0,4.24,40.049,45.817,1471884000.0
23.61,0.0,0.165,0.165,0.165,0.165,0.165,0.0,0.0,0.0,0.0,4.24,40.042,45.813,1472508000.0
23.62,0.0,0.165,0.165,0.165,0.165,0.165,0.0,0.0,0.0,0.0,4.24,40.036,45.81,1473132000.0
23.63,0.0,0.165,0.165,0.165,0.165,0.165,0.0,0.0,0.0,0.0,4.24,40.029,45.806,1473755000.0
23.64,0.0,0.165,0.165,0.165,0.165,0.165,0.0,0.0,0.0,0.0,4.24,40.023,45.803,1474379000.0
23.65,0.0,0.165,0.165,0.165,0.165,0.165,0.0,0.0,0.0,0.0,4.24,40.016,45.799,1475003000.0
23.66,0.0,0.165,0.165,0.165,0.165,0.165,0.0,0.0,0.0,0.0,4.24,40.01,45.796,1475626000.0
23.67,0.0,0.165,0.165,0.165,0.165,0.165,0.0,0.0,0.0,0.0,4.23,40.003,45.792,1476250000.0
23.68,0.0,0.165,0.165,0.165,0.165,0.165,0.0,0.0,0.0,0.0,4.23,39.997,45.789,1476874000.0
23.69,0.0,0.165,0.165,0.165,0.165,0.165,0.0,0.0,0.0,0.0,4.23,39.99,45.785,1477497000.0
23.7,0.0,0.165,0.165,0.165,0.165,0.165,0.0,0.0,0.0,0.0,4.23,39.984,45.782,1478121000.0
23.71,0.0,0.165,0.165,0.165,0.165,0.165,0.0,0.0,0.0,0.0,4.23,39.977,45.779,1478745000.0
23.72,0.0,0.165,0.165,0.165,0.165,0.165,0.0,0.0,0.0,0.0,4.23,39.971,45.775,1479368000.0
23.73,0.0,0.165,0.165,0.165,0.165,0.165,0.0,0.0,0.0,0.0,4.23,39.965,45.772,1479992000.0
23.74,0.0,0.165,0.165,0.165,0.165,0.165,0.0,0.0,0.0,0.0,4.23,39.958,45.768,1480616000.0
23.75,0.0,0.165,0.165,0.165,0.165,0.165,0.0,0.0,0.0,0.0,4.23,39.952,45.765,1481240000.0
23.76,0.0,0.165,0.165,0.165,0.165,0.165,0.0,0.0,0.0,0.0,4.23,39.945,45.761,1481863000.0
23.77,0.0,0.165,0.165,0.165,0.165,0.165,0.0,0.0,0.0,0.0,4.23,39.939,45.758,1482487000.0
23.78,0.0,0.165,0.165,0.165,0.165,0.165,0.0,0.0,0.0,0.0,4.23,39.932,45.754,1483111000.0
23.79,0.0,0.165,0.165,0.165,0.165,0.165,0.0,0.0,0.0,0.0,4.23,39.926,45.751,1483734000.0
23.8,0.0,0.165,0.165,0.165,0.165,0.165,0.0,0.0,0.0,0.0,4.23,39.919,45.747,1484358000.0
23.81,0.0,0.165,0.165,0.165,0.165,0.165,0.0,0.0,0.0,0.0,4.23,39.913,45.744,1484982000.0
23.82,0.0,0.165,0.165,0.165,0.165,0.165,0.0,0.0,0.0,0.0,4.23,39.906,45.741,1485605000.0
23.83,0.0,0.165,0.165,0.165,0.165,0.165,0.0,0.0,0.0,0.0,4.23,39.9,45.737,1486229000.0
23.84,0.0,0.165,0.165,0.165,0.165,0.165,0.0,0.0,0.0,0.0,4.23,39.894,45.734,1486853000.0
23.85,0.0,0.165,0.165,0.165,0.165,0.165,0.0,0.0,0.0,0.0,4.23,39.887,45.73,1487476000.0
23.86,0.0,0.165,0.165,0.165,0.165,0.165,0.0,0.0,0.0,0.0,4.23,39.881,45.727,1488100000.0
23.87,0.0,0.165,0.165,0.165,0.165,0.165,0.0,0.0,0.0,0.0,4.22,39.874,45.723,1488724000.0
23.88,0.0,0.165,0.165,0.165,0.165,0.165,0.0,0.0,0.0,0.0,4.22,39.868,45.72,1489347000.0
23.89,0.0,0.165,0.165,0.165,0.165,0.165,0.0,0.0,0.0,0.0,4.22,39.862,45.716,1489971000.0
23.9,0.0,0.165,0.165,0.165,0.165,0.165,0.0,0.0,0.0,0.0,4.22,39.855,45.713,1490595000.0
23.91,0.0,0.165,0.165,0.165,0.165,0.165,0.0,0.0,0.0,0.0,4.22,39.849,45.71,1491218000.0
23.92,0.0,0.165,0.165,0.165,0.165,0.165,0.0,0.0,0.0,0.0,4.22,39.842,45.706,1491842000.0
23.93,0.0,0.165,0.165,0.165,0.165,0.165,0.0,0.0,0.0,0.0,4.22,39.836,45.703,1492466000.0
23.94,0.0,0.165,0.165,0.165,0.165,0.165,0.0,0.0,0.0,0.0,4.22,39.829,45.699,1493090000.0
23.95,0.0,0.165,0.165,0.165,0.165,0.165,0.0,0.0,0.0,0.0,4.22,39.823,45.696,1493713000.0
23.96,0.0,0.165,0.165,0.165,0.165,0.165,0.0,0.0,0.0,0.0,4.22,39.817,45.692,1494337000.0
23.97,0.0,0.165,0.165,0.165,0.165,0.165,0.0,0.0,0.0,0.0,4.22,39.81,45.689,1494960000.0
23.98,0.0,0.165,0.165,0.165,0.165,0.165,0.0,0.0,0.0,0.0,4.22,39.804,45.686,1495584000.0
23.99,0.0,0.165,0.165,0.165,0.165,0.165,0.0,0.0,0.0,0.0,4.22,39.798,45.682,1496208000.0
24.0,0.0,0.165,0.165,0.165,0.165,0.165,0.0,0.0,0.0,0.0,4.22,39.791,45.679,1496831000.0
24.01,0.0,0.165,0.165,0.165,0.165,0.165,0.0,0.0,0.0,0.0,4.22,39.785,45.675,1497455000.0
24.02,0.0,0.165,0.165,0.165,0.165,0.165,0.0,0.0,0.0,0.0,4.22,39.778,45.672,1498079000.0
24.03,0.0,0.165,0.165,0.165,0.165,0.165,0.0,0.0,0.0,0.0,4.22,39.772,45.669,1498703000.0
24.04,0.0,0.165,0.165,0.165,0.165,0.165,0.0,0.0,0.0,0.0,4.22,39.766,45.665,1499326000.0
24.05,0.0,0.165,0.165,0.165,0.165,0.165,0.0,0.0,0.0,0.0,4.22,39.759,45.662,1499950000.0
24.06,0.0,0.165,0.165,0.165,0.165,0.165,0.0,0.0,0.0,0.0,4.22,39.753,45.658,1500574000.0
24.07,0.0,0.165,0.165,0.165,0.165,0.165,0.0,0.0,0.0,0.0,4.22,39.747,45.655,1501197000.0
24.08,0.0,0.165,0.165,0.165,0.165,0.165,0.0,0.0,0.0,0.0,4.21,39.74,45.652,1501821000.0
24.09,0.0,0.165,0.165,0.165,0.165,0.165,0.0,0.0,0.0,0.0,4.21,39.734,45.648,1502445000.0
24.1,0.0,0.165,0.165,0.165,0.165,0.165,0.0,0.0,0.0,0.0,4.21,39.728,45.645,1503068000.0
24.11,0.0,0.165,0.165,0.165,0.165,0.165,0.0,0.0,0.0,0.0,4.21,39.721,45.642,1503692000.0
24.12,0.0,0.165,0.165,0.165,0.165,0.165,0.0,0.0,0.0,0.0,4.21,39.715,45.638,1504316000.0
24.13,0.0,0.165,0.165,0.165,0.165,0.165,0.0,0.0,0.0,0.0,4.21,39.709,45.635,1504939000.0
24.14,0.0,0.165,0.165,0.165,0.165,0.165,0.0,0.0,0.0,0.0,4.21,39.702,45.631,1505563000.0
24.15,0.0,0.165,0.165,0.164,0.165,0.164,0.0,0.0,0.0,0.0,4.21,39.696,45.628,1506187000.0
24.16,0.0,0.165,0.165,0.164,0.165,0.164,0.0,0.0,0.0,0.0,4.21,39.69,45.625,1506810000.0
24.17,0.0,0.165,0.165,0.164,0.165,0.164,0.0,0.0,0.0,0.0,4.21,39.683,45.621,1507434000.0
24.18,0.0,0.165,0.165,0.164,0.165,0.164,0.0,0.0,0.0,0.0,4.21,39.677,45.618,1508058000.0
24.19,0.0,0.165,0.165,0.164,0.165,0.164,0.0,0.0,0.0,0.0,4.21,39.671,45.615,1508681000.0
24.2,0.0,0.165,0.165,0.164,0.165,0.164,0.0,0.0,0.0,0.0,4.21,39.664,45.611,1509305000.0
24.21,0.0,0.165,0.165,0.164,0.165,0.164,0.0,0.0,0.0,0.0,4.21,39.658,45.608,1509929000.0
24.22,0.0,0.165,0.165,0.164,0.165,0.164,0.0,0.0,0.0,0.0,4.21,39.652,45.604,1510552000.0
24.23,0.0,0.165,0.165,0.164,0.165,0.164,0.0,0.0,0.0,0.0,4.21,39.645,45.601,1511176000.0
24.24,0.0,0.165,0.165,0.164,0.165,0.164,0.0,0.0,0.0,0.0,4.21,39.639,45.598,1511800000.0
24.25,0.0,0.165,0.165,0.164,0.165,0.164,0.0,0.0,0.0,0.0,4.21,39.633,45.594,1512424000.0
24.26,0.0,0.165,0.165,0.164,0.165,0.164,0.0,0.0,0.0,0.0,4.21,39.627,45.591,1513047000.0
24.27,0.0,0.165,0.165,0.164,0.165,0.164,0.0,0.0,0.0,0.0,4.21,39.62,45.588,1513671000.0
24.28,0.0,0.165,0.165,0.164,0.165,0.164,0.0,0.0,0.0,0.0,4.21,39.614,45.584,1514295000.0
24.29,0.0,0.165,0.165,0.164,0.165,0.164,0.0,0.0,0.0,0.0,4.2,39.608,45.581,1514918000.0
24.3,0.0,0.165,0.165,0.164,0.165,0.164,0.0,0.0,0.0,0.0,4.2,39.601,45.578,1515542000.0
24.31,0.0,0.165,0.165,0.164,0.165,0.164,0.0,0.0,0.0,0.0,4.2,39.595,45.574,1516166000.0
24.32,0.0,0.165,0.165,0.164,0.165,0.164,0.0,0.0,0.0,0.0,4.2,39.589,45.571,1516789000.0
24.33,0.0,0.165,0.165,0.164,0.165,0.164,0.0,0.0,0.0,0.0,4.2,39.583,45.568,1517413000.0
24.34,0.0,0.165,0.165,0.164,0.165,0.164,0.0,0.0,0.0,0.0,4.2,39.576,45.564,1518037000.0
24.35,0.0,0.165,0.165,0.164,0.165,0.164,0.0,0.0,0.0,0.0,4.2,39.57,45.561,1518660000.0
24.36,0.0,0.165,0.165,0.164,0.165,0.164,0.0,0.0,0.0,0.0,4.2,39.564,45.558,1519284000.0
24.37,0.0,0.165,0.165,0.164,0.165,0.164,0.0,0.0,0.0,0.0,4.2,39.558,45.554,1519908000.0
24.38,0.0,0.165,0.165,0.164,0.165,0.164,0.0,0.0,0.0,0.0,4.2,39.551,45.551,1520531000.0
24.39,0.0,0.165,0.165,0.164,0.165,0.164,0.0,0.0,0.0,0.0,4.2,39.545,45.548,1521155000.0
24.4,0.0,0.165,0.165,0.164,0.165,0.164,0.0,0.0,0.0,0.0,4.2,39.539,45.544,1521779000.0
24.41,0.0,0.165,0.165,0.164,0.165,0.164,0.0,0.0,0.0,0.0,4.2,39.533,45.541,1522402000.0
24.42,0.0,0.165,0.165,0.164,0.165,0.164,0.0,0.0,0.0,0.0,4.2,39.526,45.538,1523026000.0
24.43,0.0,0.165,0.165,0.164,0.165,0.164,0.0,0.0,0.0,0.0,4.2,39.52,45.534,1523650000.0
24.44,0.0,0.165,0.165,0.164,0.165,0.164,0.0,0.0,0.0,0.0,4.2,39.514,45.531,1524273000.0
24.45,0.0,0.165,0.165,0.164,0.165,0.164,0.0,0.0,0.0,0.0,4.2,39.508,45.528,1524897000.0
24.46,0.0,0.165,0.165,0.164,0.165,0.164,0.0,0.0,0.0,0.0,4.2,39.501,45.524,1525521000.0
24.47,0.0,0.165,0.165,0.164,0.165,0.164,0.0,0.0,0.0,0.0,4.2,39.495,45.521,1526144000.0
24.48,0.0,0.165,0.165,0.164,0.165,0.164,0.0,0.0,0.0,0.0,4.2,39.489,45.518,1526768000.0
24.49,0.0,0.165,0.165,0.164,0.165,0.164,0.0,0.0,0.0,0.0,4.2,39.483,45.515,1527392000.0
24.5,0.0,0.165,0.165,0.164,0.165,0.164,0.0,0.0,0.0,0.0,4.2,39.476,45.511,1528015000.0
24.51,0.0,0.165,0.165,0.164,0.165,0.164,0.0,0.0,0.0,0.0,4.19,39.47,45.508,1528639000.0
24.52,0.0,0.165,0.165,0.164,0.165,0.164,0.0,0.0,0.0,0.0,4.19,39.464,45.505,1529263000.0
24.53,0.0,0.165,0.165,0.164,0.165,0.164,0.0,0.0,0.0,0.0,4.19,39.458,45.501,1529887000.0
24.54,0.0,0.165,0.165,0.164,0.165,0.164,0.0,0.0,0.0,0.0,4.19,39.452,45.498,1530510000.0
24.55,0.0,0.165,0.165,0.164,0.165,0.164,0.0,0.0,0.0,0.0,4.19,39.445,45.495,1531134000.0
24.56,0.0,0.165,0.165,0.164,0.165,0.164,0.0,0.0,0.0,0.0,4.19,39.439,45.492,1531758000.0
24.57,0.0,0.165,0.165,0.164,0.165,0.164,0.0,0.0,0.0,0.0,4.19,39.433,45.488,1532381000.0
24.58,0.0,0.165,0.165,0.164,0.165,0.164,0.0,0.0,0.0,0.0,4.19,39.427,45.485,1533005000.0
24.59,0.0,0.165,0.165,0.164,0.165,0.164,0.0,0.0,0.0,0.0,4.19,39.421,45.482,1533629000.0
24.6,0.0,0.165,0.165,0.164,0.165,0.164,0.0,0.0,0.0,0.0,4.19,39.414,45.478,1534252000.0
24.61,0.0,0.165,0.165,0.164,0.165,0.164,0.0,0.0,0.0,0.0,4.19,39.408,45.475,1534876000.0
24.62,0.0,0.165,0.165,0.164,0.165,0.164,0.0,0.0,0.0,0.0,4.19,39.402,45.472,1535500000.0
24.63,0.0,0.165,0.165,0.164,0.165,0.164,0.0,0.0,0.0,0.0,4.19,39.396,45.469,1536123000.0
24.64,0.0,0.165,0.165,0.164,0.165,0.164,0.0,0.0,0.0,0.0,4.19,39.39,45.465,1536747000.0
24.65,0.0,0.165,0.165,0.164,0.165,0.164,0.0,0.0,0.0,0.0,4.19,39.384,45.462,1537371000.0
24.66,0.0,0.165,0.165,0.164,0.165,0.164,0.0,0.0,0.0,0.0,4.19,39.377,45.459,1537994000.0
24.67,0.0,0.165,0.165,0.164,0.165,0.164,0.0,0.0,0.0,0.0,4.19,39.371,45.456,1538618000.0
24.68,0.0,0.165,0.165,0.164,0.165,0.164,0.0,0.0,0.0,0.0,4.19,39.365,45.452,1539242000.0
24.69,0.0,0.165,0.165,0.164,0.165,0.164,0.0,0.0,0.0,0.0,4.19,39.359,45.449,1539865000.0
24.7,0.0,0.165,0.165,0.164,0.165,0.164,0.0,0.0,0.0,0.0,4.19,39.353,45.446,1540489000.0
24.71,0.0,0.165,0.165,0.164,0.165,0.164,0.0,0.0,0.0,0.0,4.19,39.347,45.442,1541113000.0
24.72,0.0,0.165,0.165,0.164,0.165,0.164,0.0,0.0,0.0,0.0,4.19,39.34,45.439,1541736000.0
24.73,0.0,0.165,0.165,0.164,0.165,0.164,0.0,0.0,0.0,0.0,4.18,39.334,45.436,1542360000.0
24.74,0.0,0.165,0.165,0.164,0.165,0.164,0.0,0.0,0.0,0.0,4.18,39.328,45.433,1542984000.0
24.75,0.0,0.165,0.165,0.164,0.165,0.164,0.0,0.0,0.0,0.0,4.18,39.322,45.429,1543608000.0
24.76,0.0,0.165,0.165,0.164,0.165,0.164,0.0,0.0,0.0,0.0,4.18,39.316,45.426,1544231000.0
24.77,0.0,0.165,0.165,0.164,0.165,0.164,0.0,0.0,0.0,0.0,4.18,39.31,45.423,1544855000.0
24.78,0.0,0.165,0.165,0.164,0.165,0.164,0.0,0.0,0.0,0.0,4.18,39.304,45.42,1545479000.0
24.79,0.0,0.165,0.165,0.164,0.165,0.164,0.0,0.0,0.0,0.0,4.18,39.297,45.417,1546102000.0
24.8,0.0,0.165,0.165,0.164,0.165,0.164,0.0,0.0,0.0,0.0,4.18,39.291,45.413,1546726000.0
24.81,0.0,0.165,0.165,0.164,0.165,0.164,0.0,0.0,0.0,0.0,4.18,39.285,45.41,1547350000.0
24.82,0.0,0.165,0.165,0.164,0.165,0.164,0.0,0.0,0.0,0.0,4.18,39.279,45.407,1547973000.0
24.83,0.0,0.165,0.165,0.164,0.165,0.164,0.0,0.0,0.0,0.0,4.18,39.273,45.404,1548597000.0
24.84,0.0,0.165,0.165,0.164,0.165,0.164,0.0,0.0,0.0,0.0,4.18,39.267,45.4,1549221000.0
24.85,0.0,0.165,0.165,0.164,0.165,0.164,0.0,0.0,0.0,0.0,4.18,39.261,45.397,1549844000.0
24.86,0.0,0.165,0.165,0.164,0.165,0.164,0.0,0.0,0.0,0.0,4.18,39.255,45.394,1550468000.0
24.87,0.0,0.165,0.165,0.164,0.165,0.164,0.0,0.0,0.0,0.0,4.18,39.249,45.391,1551092000.0
24.88,0.0,0.165,0.165,0.164,0.165,0.164,0.0,0.0,0.0,0.0,4.18,39.242,45.387,1551715000.0
24.89,0.0,0.165,0.165,0.164,0.165,0.164,0.0,0.0,0.0,0.0,4.18,39.236,45.384,1552339000.0
24.9,0.0,0.165,0.165,0.164,0.165,0.164,0.0,0.0,0.0,0.0,4.18,39.23,45.381,1552963000.0
24.91,0.0,0.165,0.165,0.164,0.165,0.164,0.0,0.0,0.0,0.0,4.18,39.224,45.378,1553586000.0
24.92,0.0,0.165,0.165,0.164,0.165,0.164,0.0,0.0,0.0,0.0,4.18,39.218,45.375,1554210000.0
24.93,0.0,0.165,0.165,0.164,0.165,0.164,0.0,0.0,0.0,0.0,4.18,39.212,45.371,1554834000.0
24.94,0.0,0.165,0.165,0.164,0.165,0.164,0.0,0.0,0.0,0.0,4.18,39.206,45.368,1555457000.0
24.95,0.0,0.165,0.165,0.164,0.165,0.164,0.0,0.0,0.0,0.0,4.17,39.2,45.365,1556081000.0
24.96,0.0,0.165,0.165,0.164,0.165,0.164,0.0,0.0,0.0,0.0,4.17,39.194,45.362,1556705000.0
24.97,0.0,0.165,0.165,0.164,0.165,0.164,0.0,0.0,0.0,0.0,4.17,39.188,45.359,1557328000.0
24.98,0.0,0.165,0.165,0.164,0.165,0.164,0.0,0.0,0.0,0.0,4.17,39.182,45.355,1557952000.0
24.99,0.0,0.165,0.165,0.164,0.165,0.164,0.0,0.0,0.0,0.0,4.17,39.176,45.352,1558576000.0
25.0,0.0,0.165,0.165,0.164,0.165,0.164,0.0,0.0,0.0,0.0,4.17,39.169,45.349,1559199000.0
