Mach,Alpha,CD Power-Off,CD Power-On,CA Power-Off,CA Power-On,CL Power-Off,CL Power-On,CN Power-Off,CN Power-On,CNalpha (0 to 4 deg) (per rad),CP,Reynolds Number
0.01,0.0,0.244,0.232,0.244,0.232,0.0,0.0,0.0,0.0,3.87,16.894,623680.0
0.02,0.0,0.297,0.284,0.297,0.284,0.0,0.0,0.0,0.0,3.87,16.894,1247360.0
0.03,0.0,0.307,0.294,0.307,0.294,0.0,0.0,0.0,0.0,3.87,16.894,1871039.0
0.04,0.0,0.309,0.296,0.309,0.296,0.0,0.0,0.0,0.0,3.87,16.894,2494719.0
0.05,0.0,0.309,0.296,0.309,0.296,0.0,0.0,0.0,0.0,3.87,16.894,3118399.0
0.06,0.0,0.307,0.294,0.307,0.294,0.0,0.0,0.0,0.0,3.87,16.894,3742079.0
0.07,0.0,0.305,0.293,0.305,0.293,0.0,0.0,0.0,0.0,3.87,16.894,4365758.0
0.08,0.0,0.303,0.291,0.303,0.291,0.0,0.0,0.0,0.0,3.87,16.894,4989438.0
0.09,0.0,0.301,0.289,0.301,0.289,0.0,0.0,0.0,0.0,3.87,16.894,5613118.0
0.1,0.0,0.301,0.288,0.301,0.288,0.0,0.0,0.0,0.0,3.87,16.894,6236798.0
0.11,0.0,0.301,0.288,0.301,0.288,0.0,0.0,0.0,0.0,3.87,16.894,6860478.0
0.12,0.0,0.301,0.288,0.301,0.288,0.0,0.0,0.0,0.0,3.87,16.894,7484158.0
0.13,0.0,0.3,0.288,0.3,0.288,0.0,0.0,0.0,0.0,3.87,16.894,8107837.0
0.14,0.0,0.3,0.288,0.3,0.288,0.0,0.0,0.0,0.0,3.87,16.894,8731517.0
0.15,0.0,0.3,0.288,0.3,0.288,0.0,0.0,0.0,0.0,3.87,16.894,9355197.0
0.16,0.0,0.3,0.287,0.3,0.287,0.0,0.0,0.0,0.0,3.87,16.894,9978877.0
0.17,0.0,0.3,0.287,0.3,0.287,0.0,0.0,0.0,0.0,3.87,16.894,10602560.0
0.18,0.0,0.3,0.287,0.3,0.287,0.0,0.0,0.0,0.0,3.87,16.894,11226240.0
0.19,0.0,0.3,0.287,0.3,0.287,0.0,0.0,0.0,0.0,3.87,16.894,11849920.0
0.2,0.0,0.3,0.287,0.3,0.287,0.0,0.0,0.0,0.0,3.87,16.894,12473600.0
0.21,0.0,0.3,0.287,0.3,0.287,0.0,0.0,0.0,0.0,3.87,16.894,13097280.0
0.22,0.0,0.3,0.287,0.3,0.287,0.0,0.0,0.0,0.0,3.87,16.894,13720960.0
0.23,0.0,0.3,0.287,0.3,0.287,0.0,0.0,0.0,0.0,3.87,16.894,14344640.0
0.24,0.0,0.3,0.287,0.3,0.287,0.0,0.0,0.0,0.0,3.87,16.894,14968320.0
0.25,0.0,0.3,0.287,0.3,0.287,0.0,0.0,0.0,0.0,3.87,16.894,15592000.0
0.26,0.0,0.3,0.287,0.3,0.287,0.0,0.0,0.0,0.0,3.87,16.894,16215670.0
0.27,0.0,0.3,0.287,0.3,0.287,0.0,0.0,0.0,0.0,3.87,16.894,16839360.0
0.28,0.0,0.3,0.287,0.3,0.287,0.0,0.0,0.0,0.0,3.87,16.894,17463030.0
0.29,0.0,0.3,0.287,0.3,0.287,0.0,0.0,0.0,0.0,3.87,16.894,18086710.0
0.3,0.0,0.3,0.287,0.3,0.287,0.0,0.0,0.0,0.0,3.87,16.894,18710390.0
0.31,0.0,0.3,0.287,0.3,0.287,0.0,0.0,0.0,0.0,3.87,16.894,19334070.0
0.32,0.0,0.3,0.287,0.3,0.287,0.0,0.0,0.0,0.0,3.87,16.894,19957750.0
0.33,0.0,0.3,0.287,0.3,0.287,0.0,0.0,0.0,0.0,3.87,16.894,20581430.0
0.34,0.0,0.3,0.287,0.3,0.287,0.0,0.0,0.0,0.0,3.87,16.894,21205110.0
0.35,0.0,0.3,0.287,0.3,0.287,0.0,0.0,0.0,0.0,3.87,16.894,21828790.0
0.36,0.0,0.3,0.287,0.3,0.287,0.0,0.0,0.0,0.0,3.87,16.894,22452470.0
0.37,0.0,0.3,0.287,0.3,0.287,0.0,0.0,0.0,0.0,3.87,16.894,23076150.0
0.38,0.0,0.3,0.287,0.3,0.287,0.0,0.0,0.0,0.0,3.87,16.894,23699830.0
0.39,0.0,0.3,0.287,0.3,0.287,0.0,0.0,0.0,0.0,3.87,16.894,24323510.0
0.4,0.0,0.299,0.287,0.299,0.287,0.0,0.0,0.0,0.0,3.87,16.894,24947190.0
0.41,0.0,0.299,0.287,0.299,0.287,0.0,0.0,0.0,0.0,3.87,16.894,25570870.0
0.42,0.0,0.299,0.287,0.299,0.287,0.0,0.0,0.0,0.0,3.87,16.894,26194550.0
0.43,0.0,0.299,0.286,0.299,0.286,0.0,0.0,0.0,0.0,3.87,16.894,26818230.0
0.44,0.0,0.299,0.286,0.299,0.286,0.0,0.0,0.0,0.0,3.87,16.894,27441910.0
0.45,0.0,0.299,0.286,0.299,0.286,0.0,0.0,0.0,0.0,3.87,16.894,28065590.0
0.46,0.0,0.299,0.286,0.299,0.286,0.0,0.0,0.0,0.0,3.87,16.894,28689270.0
0.47,0.0,0.299,0.286,0.299,0.286,0.0,0.0,0.0,0.0,3.87,16.894,29312950.0
0.48,0.0,0.299,0.286,0.299,0.286,0.0,0.0,0.0,0.0,3.87,16.894,29936630.0
0.49,0.0,0.299,0.286,0.299,0.286,0.0,0.0,0.0,0.0,3.87,16.894,30560310.0
0.5,0.0,0.299,0.286,0.299,0.286,0.0,0.0,0.0,0.0,3.87,16.894,31183990.0
0.51,0.0,0.299,0.286,0.299,0.286,0.0,0.0,0.0,0.0,3.87,16.894,31807670.0
0.52,0.0,0.299,0.286,0.299,0.286,0.0,0.0,0.0,0.0,3.87,16.894,32431350.0
0.53,0.0,0.299,0.286,0.299,0.286,0.0,0.0,0.0,0.0,3.87,16.894,33055030.0
0.54,0.0,0.299,0.286,0.299,0.286,0.0,0.0,0.0,0.0,3.87,16.894,33678710.0
0.55,0.0,0.299,0.286,0.299,0.286,0.0,0.0,0.0,0.0,3.87,16.894,34302390.0
0.56,0.0,0.299,0.286,0.299,0.286,0.0,0.0,0.0,0.0,3.87,16.894,34926070.0
0.57,0.0,0.299,0.286,0.299,0.286,0.0,0.0,0.0,0.0,3.87,16.894,35549750.0
0.58,0.0,0.299,0.286,0.299,0.286,0.0,0.0,0.0,0.0,3.87,16.894,36173430.0
0.59,0.0,0.299,0.286,0.299,0.286,0.0,0.0,0.0,0.0,3.87,16.894,36797110.0
0.6,0.0,0.299,0.285,0.299,0.285,0.0,0.0,0.0,0.0,3.87,16.894,37420790.0
0.61,0.0,0.299,0.285,0.299,0.285,0.0,0.0,0.0,0.0,3.87,16.894,38044470.0
0.62,0.0,0.299,0.285,0.299,0.285,0.0,0.0,0.0,0.0,3.87,16.894,38668150.0
0.63,0.0,0.299,0.284,0.299,0.284,0.0,0.0,0.0,0.0,3.87,16.894,39291830.0
0.64,0.0,0.299,0.284,0.299,0.284,0.0,0.0,0.0,0.0,3.87,16.894,39915510.0
0.65,0.0,0.299,0.284,0.299,0.284,0.0,0.0,0.0,0.0,3.87,16.894,40539180.0
0.66,0.0,0.299,0.284,0.299,0.284,0.0,0.0,0.0,0.0,3.87,16.894,41162870.0
0.67,0.0,0.299,0.283,0.299,0.283,0.0,0.0,0.0,0.0,3.87,16.894,41786550.0
0.68,0.0,0.299,0.283,0.299,0.283,0.0,0.0,0.0,0.0,3.87,16.894,42410230.0
0.69,0.0,0.298,0.283,0.298,0.283,0.0,0.0,0.0,0.0,3.87,16.894,43033900.0
0.7,0.0,0.298,0.282,0.298,0.282,0.0,0.0,0.0,0.0,3.87,16.894,43657580.0
0.71,0.0,0.298,0.282,0.298,0.282,0.0,0.0,0.0,0.0,3.87,16.894,44281260.0
0.72,0.0,0.298,0.282,0.298,0.282,0.0,0.0,0.0,0.0,3.87,16.894,44904950.0
0.73,0.0,0.298,0.282,0.298,0.282,0.0,0.0,0.0,0.0,3.87,16.894,45528630.0
0.74,0.0,0.298,0.281,0.298,0.281,0.0,0.0,0.0,0.0,3.87,16.894,46152300.0
0.75,0.0,0.298,0.281,0.298,0.281,0.0,0.0,0.0,0.0,3.87,16.894,46775980.0
0.76,0.0,0.298,0.281,0.298,0.281,0.0,0.0,0.0,0.0,3.87,16.894,47399660.0
0.77,0.0,0.298,0.28,0.298,0.28,0.0,0.0,0.0,0.0,3.87,16.894,48023340.0
0.78,0.0,0.298,0.28,0.298,0.28,0.0,0.0,0.0,0.0,3.87,16.894,48647020.0
0.79,0.0,0.298,0.28,0.298,0.28,0.0,0.0,0.0,0.0,3.87,16.894,49270700.0
0.8,0.0,0.298,0.279,0.298,0.279,0.0,0.0,0.0,0.0,3.87,16.894,49894380.0
0.81,0.0,0.298,0.279,0.298,0.279,0.0,0.0,0.0,0.0,3.87,16.894,50518060.0
0.82,0.0,0.298,0.279,0.298,0.279,0.0,0.0,0.0,0.0,3.87,16.894,51141740.0
0.83,0.0,0.298,0.279,0.298,0.279,0.0,0.0,0.0,0.0,3.87,16.894,51765420.0
0.84,0.0,0.298,0.278,0.298,0.278,0.0,0.0,0.0,0.0,3.87,16.894,52389100.0
0.85,0.0,0.298,0.278,0.298,0.278,0.0,0.0,0.0,0.0,3.87,16.894,53012780.0
0.86,0.0,0.298,0.278,0.298,0.278,0.0,0.0,0.0,0.0,3.87,16.894,53636460.0
0.87,0.0,0.298,0.277,0.298,0.277,0.0,0.0,0.0,0.0,3.87,16.894,54260140.0
0.88,0.0,0.298,0.277,0.298,0.277,0.0,0.0,0.0,0.0,3.87,16.894,54883820.0
0.89,0.0,0.298,0.277,0.298,0.277,0.0,0.0,0.0,0.0,3.87,16.894,55507500.0
0.9,0.0,0.298,0.276,0.298,0.276,0.0,0.0,0.0,0.0,3.87,16.894,56131180.0
0.91,0.0,0.3,0.278,0.3,0.278,0.0,0.0,0.0,0.0,3.85,16.493,56754860.0
0.92,0.0,0.306,0.284,0.306,0.284,0.0,0.0,0.0,0.0,3.83,16.091,57378540.0
0.93,0.0,0.317,0.295,0.317,0.295,0.0,0.0,0.0,0.0,3.81,15.69,58002220.0
0.94,0.0,0.331,0.307,0.331,0.307,0.0,0.0,0.0,0.0,3.78,15.289,58625900.0
0.95,0.0,0.345,0.32,0.345,0.32,0.0,0.0,0.0,0.0,3.76,14.888,59249580.0
0.96,0.0,0.359,0.333,0.359,0.333,0.0,0.0,0.0,0.0,3.74,14.486,59873260.0
0.97,0.0,0.373,0.345,0.373,0.345,0.0,0.0,0.0,0.0,3.72,14.085,60496940.0
0.98,0.0,0.387,0.358,0.387,0.358,0.0,0.0,0.0,0.0,3.7,13.684,61120620.0
0.99,0.0,0.401,0.371,0.401,0.371,0.0,0.0,0.0,0.0,3.67,13.283,61744300.0
1.0,0.0,0.415,0.384,0.415,0.384,0.0,0.0,0.0,0.0,3.65,12.882,62367980.0
1.01,0.0,0.429,0.396,0.429,0.396,0.0,0.0,0.0,0.0,3.63,12.48,62991660.0
1.02,0.0,0.443,0.409,0.443,0.409,0.0,0.0,0.0,0.0,3.61,12.079,63615340.0
1.03,0.0,0.456,0.422,0.456,0.422,0.0,0.0,0.0,0.0,3.59,11.678,64239020.0
1.04,0.0,0.47,0.434,0.47,0.434,0.0,0.0,0.0,0.0,3.57,11.277,64862700.0
1.05,0.0,0.484,0.447,0.484,0.447,0.0,0.0,0.0,0.0,3.54,10.875,65486380.0
1.06,0.0,0.483,0.446,0.483,0.446,0.0,0.0,0.0,0.0,3.55,10.89,66110060.0
1.07,0.0,0.482,0.446,0.482,0.446,0.0,0.0,0.0,0.0,3.56,10.902,66733740.0
1.08,0.0,0.482,0.445,0.482,0.445,0.0,0.0,0.0,0.0,3.57,10.915,67357420.0
1.09,0.0,0.481,0.444,0.481,0.444,0.0,0.0,0.0,0.0,3.58,10.926,67981100.0
1.1,0.0,0.48,0.444,0.48,0.444,0.0,0.0,0.0,0.0,3.59,10.936,68604780.0
1.11,0.0,0.479,0.443,0.479,0.443,0.0,0.0,0.0,0.0,3.59,10.947,69228460.0
1.12,0.0,0.478,0.442,0.478,0.442,0.0,0.0,0.0,0.0,3.6,10.956,69852140.0
1.13,0.0,0.477,0.441,0.477,0.441,0.0,0.0,0.0,0.0,3.61,10.965,70475820.0
1.14,0.0,0.476,0.441,0.476,0.441,0.0,0.0,0.0,0.0,3.61,10.974,71099500.0
1.15,0.0,0.475,0.44,0.475,0.44,0.0,0.0,0.0,0.0,3.62,10.983,71723180.0
1.16,0.0,0.474,0.438,0.474,0.438,0.0,0.0,0.0,0.0,3.62,10.991,72346860.0
1.17,0.0,0.472,0.437,0.472,0.437,0.0,0.0,0.0,0.0,3.63,10.999,72970540.0
1.18,0.0,0.47,0.435,0.47,0.435,0.0,0.0,0.0,0.0,3.64,11.007,73594220.0
1.19,0.0,0.468,0.433,0.468,0.433,0.0,0.0,0.0,0.0,3.64,11.015,74217900.0
1.2,0.0,0.467,0.432,0.467,0.432,0.0,0.0,0.0,0.0,3.65,11.022,74841580.0
1.21,0.0,0.465,0.43,0.465,0.43,0.0,0.0,0.0,0.0,3.65,11.029,75465260.0
1.22,0.0,0.463,0.428,0.463,0.428,0.0,0.0,0.0,0.0,3.65,11.036,76088940.0
1.23,0.0,0.461,0.426,0.461,0.426,0.0,0.0,0.0,0.0,3.66,11.043,76712620.0
1.24,0.0,0.46,0.425,0.46,0.425,0.0,0.0,0.0,0.0,3.66,11.05,77336300.0
1.25,0.0,0.458,0.423,0.458,0.423,0.0,0.0,0.0,0.0,3.67,11.056,77959980.0
1.26,0.0,0.456,0.421,0.456,0.421,0.0,0.0,0.0,0.0,3.67,11.063,78583660.0
1.27,0.0,0.454,0.42,0.454,0.42,0.0,0.0,0.0,0.0,3.68,11.069,79207340.0
1.28,0.0,0.453,0.418,0.453,0.418,0.0,0.0,0.0,0.0,3.68,11.075,79831020.0
1.29,0.0,0.451,0.416,0.451,0.416,0.0,0.0,0.0,0.0,3.68,11.081,80454690.0
1.3,0.0,0.449,0.414,0.449,0.414,0.0,0.0,0.0,0.0,3.69,11.087,81078370.0
1.31,0.0,0.448,0.413,0.448,0.413,0.0,0.0,0.0,0.0,3.69,11.093,81702050.0
1.32,0.0,0.446,0.411,0.446,0.411,0.0,0.0,0.0,0.0,3.7,11.099,82325740.0
1.33,0.0,0.444,0.409,0.444,0.409,0.0,0.0,0.0,0.0,3.7,11.104,82949420.0
1.34,0.0,0.443,0.408,0.443,0.408,0.0,0.0,0.0,0.0,3.7,11.11,83573100.0
1.35,0.0,0.441,0.406,0.441,0.406,0.0,0.0,0.0,0.0,3.71,11.115,84196780.0
1.36,0.0,0.439,0.404,0.439,0.404,0.0,0.0,0.0,0.0,3.71,11.121,84820460.0
1.37,0.0,0.438,0.403,0.438,0.403,0.0,0.0,0.0,0.0,3.71,11.126,85444140.0
1.38,0.0,0.436,0.401,0.436,0.401,0.0,0.0,0.0,0.0,3.72,11.131,86067810.0
1.39,0.0,0.434,0.399,0.434,0.399,0.0,0.0,0.0,0.0,3.72,11.136,86691490.0
1.4,0.0,0.433,0.398,0.433,0.398,0.0,0.0,0.0,0.0,3.72,11.141,87315170.0
1.41,0.0,0.431,0.396,0.431,0.396,0.0,0.0,0.0,0.0,3.73,11.147,87938850.0
1.42,0.0,0.429,0.395,0.429,0.395,0.0,0.0,0.0,0.0,3.73,11.151,88562530.0
1.43,0.0,0.428,0.393,0.428,0.393,0.0,0.0,0.0,0.0,3.73,11.156,89186210.0
1.44,0.0,0.426,0.391,0.426,0.391,0.0,0.0,0.0,0.0,3.73,11.161,89809900.0
1.45,0.0,0.425,0.39,0.425,0.39,0.0,0.0,0.0,0.0,3.73,11.166,90433580.0
1.46,0.0,0.423,0.388,0.423,0.388,0.0,0.0,0.0,0.0,3.73,11.171,91057260.0
1.47,0.0,0.421,0.387,0.421,0.387,0.0,0.0,0.0,0.0,3.72,11.175,91680940.0
1.48,0.0,0.42,0.385,0.42,0.385,0.0,0.0,0.0,0.0,3.72,11.18,92304610.0
1.49,0.0,0.418,0.383,0.418,0.383,0.0,0.0,0.0,0.0,3.72,11.185,92928290.0
1.5,0.0,0.417,0.382,0.417,0.382,0.0,0.0,0.0,0.0,3.72,11.189,93551970.0
1.51,0.0,0.415,0.38,0.415,0.38,0.0,0.0,0.0,0.0,3.71,11.194,94175650.0
1.52,0.0,0.414,0.379,0.414,0.379,0.0,0.0,0.0,0.0,3.71,11.198,94799330.0
1.53,0.0,0.412,0.377,0.412,0.377,0.0,0.0,0.0,0.0,3.71,11.202,95423010.0
1.54,0.0,0.41,0.376,0.41,0.376,0.0,0.0,0.0,0.0,3.7,11.207,96046690.0
1.55,0.0,0.409,0.374,0.409,0.374,0.0,0.0,0.0,0.0,3.7,11.211,96670370.0
1.56,0.0,0.407,0.373,0.407,0.373,0.0,0.0,0.0,0.0,3.7,11.215,97294050.0
1.57,0.0,0.406,0.371,0.406,0.371,0.0,0.0,0.0,0.0,3.69,11.219,97917730.0
1.58,0.0,0.404,0.369,0.404,0.369,0.0,0.0,0.0,0.0,3.69,11.223,98541410.0
1.59,0.0,0.403,0.368,0.403,0.368,0.0,0.0,0.0,0.0,3.69,11.228,99165090.0
1.6,0.0,0.401,0.366,0.401,0.366,0.0,0.0,0.0,0.0,3.69,11.232,99788770.0
1.61,0.0,0.4,0.365,0.4,0.365,0.0,0.0,0.0,0.0,3.68,11.236,100412400.0
1.62,0.0,0.398,0.363,0.398,0.363,0.0,0.0,0.0,0.0,3.68,11.24,101036100.0
1.63,0.0,0.397,0.362,0.397,0.362,0.0,0.0,0.0,0.0,3.68,11.243,101659800.0
1.64,0.0,0.395,0.36,0.395,0.36,0.0,0.0,0.0,0.0,3.67,11.247,102283500.0
1.65,0.0,0.394,0.359,0.394,0.359,0.0,0.0,0.0,0.0,3.67,11.251,102907200.0
1.66,0.0,0.392,0.357,0.392,0.357,0.0,0.0,0.0,0.0,3.67,11.255,103530800.0
1.67,0.0,0.391,0.356,0.391,0.356,0.0,0.0,0.0,0.0,3.66,11.259,104154500.0
1.68,0.0,0.389,0.355,0.389,0.355,0.0,0.0,0.0,0.0,3.66,11.263,104778200.0
1.69,0.0,0.388,0.353,0.388,0.353,0.0,0.0,0.0,0.0,3.65,11.266,105401900.0
1.7,0.0,0.386,0.352,0.386,0.352,0.0,0.0,0.0,0.0,3.65,11.27,106025600.0
1.71,0.0,0.385,0.35,0.385,0.35,0.0,0.0,0.0,0.0,3.65,11.274,106649200.0
1.72,0.0,0.384,0.349,0.384,0.349,0.0,0.0,0.0,0.0,3.64,11.277,107272900.0
1.73,0.0,0.382,0.347,0.382,0.347,0.0,0.0,0.0,0.0,3.64,11.281,107896600.0
1.74,0.0,0.381,0.346,0.381,0.346,0.0,0.0,0.0,0.0,3.64,11.284,108520300.0
1.75,0.0,0.379,0.344,0.379,0.344,0.0,0.0,0.0,0.0,3.63,11.288,109144000.0
1.76,0.0,0.378,0.343,0.378,0.343,0.0,0.0,0.0,0.0,3.63,11.291,109767600.0
1.77,0.0,0.376,0.342,0.376,0.342,0.0,0.0,0.0,0.0,3.63,11.295,110391300.0
1.78,0.0,0.375,0.34,0.375,0.34,0.0,0.0,0.0,0.0,3.62,11.298,111015000.0
1.79,0.0,0.374,0.339,0.374,0.339,0.0,0.0,0.0,0.0,3.62,11.302,111638700.0
1.8,0.0,0.372,0.337,0.372,0.337,0.0,0.0,0.0,0.0,3.61,11.305,112262400.0
1.81,0.0,0.371,0.336,0.371,0.336,0.0,0.0,0.0,0.0,3.61,11.308,112886000.0
1.82,0.0,0.369,0.334,0.369,0.334,0.0,0.0,0.0,0.0,3.61,11.312,113509700.0
1.83,0.0,0.368,0.333,0.368,0.333,0.0,0.0,0.0,0.0,3.6,11.315,114133400.0
1.84,0.0,0.367,0.332,0.367,0.332,0.0,0.0,0.0,0.0,3.6,11.318,114757100.0
1.85,0.0,0.365,0.33,0.365,0.33,0.0,0.0,0.0,0.0,3.59,11.321,115380800.0
1.86,0.0,0.364,0.329,0.364,0.329,0.0,0.0,0.0,0.0,3.59,11.325,116004400.0
1.87,0.0,0.362,0.328,0.362,0.328,0.0,0.0,0.0,0.0,3.59,11.328,116628100.0
1.88,0.0,0.361,0.326,0.361,0.326,0.0,0.0,0.0,0.0,3.58,11.331,117251800.0
1.89,0.0,0.36,0.325,0.36,0.325,0.0,0.0,0.0,0.0,3.58,11.334,117875500.0
1.9,0.0,0.358,0.323,0.358,0.323,0.0,0.0,0.0,0.0,3.57,11.337,118499200.0
1.91,0.0,0.357,0.322,0.357,0.322,0.0,0.0,0.0,0.0,3.57,11.34,119122800.0
1.92,0.0,0.356,0.321,0.356,0.321,0.0,0.0,0.0,0.0,3.57,11.343,119746500.0
1.93,0.0,0.354,0.319,0.354,0.319,0.0,0.0,0.0,0.0,3.56,11.346,120370200.0
1.94,0.0,0.353,0.318,0.353,0.318,0.0,0.0,0.0,0.0,3.56,11.349,120993900.0
1.95,0.0,0.352,0.317,0.352,0.317,0.0,0.0,0.0,0.0,3.55,11.352,121617600.0
1.96,0.0,0.35,0.315,0.35,0.315,0.0,0.0,0.0,0.0,3.55,11.355,122241200.0
1.97,0.0,0.349,0.314,0.349,0.314,0.0,0.0,0.0,0.0,3.55,11.358,122864900.0
1.98,0.0,0.348,0.313,0.348,0.313,0.0,0.0,0.0,0.0,3.54,11.361,123488600.0
1.99,0.0,0.346,0.311,0.346,0.311,0.0,0.0,0.0,0.0,3.54,11.364,124112300.0
2.0,0.0,0.345,0.31,0.345,0.31,0.0,0.0,0.0,0.0,3.53,11.366,124736000.0
2.01,0.0,0.344,0.309,0.344,0.309,0.0,0.0,0.0,0.0,3.53,11.369,125359600.0
2.02,0.0,0.343,0.307,0.343,0.307,0.0,0.0,0.0,0.0,3.52,11.372,125983300.0
2.03,0.0,0.341,0.306,0.341,0.306,0.0,0.0,0.0,0.0,3.52,11.375,126607000.0
2.04,0.0,0.34,0.305,0.34,0.305,0.0,0.0,0.0,0.0,3.52,11.377,127230700.0
2.05,0.0,0.339,0.303,0.339,0.303,0.0,0.0,0.0,0.0,3.51,11.38,127854400.0
2.06,0.0,0.338,0.302,0.338,0.302,0.0,0.0,0.0,0.0,3.51,11.383,128478000.0
2.07,0.0,0.337,0.301,0.337,0.301,0.0,0.0,0.0,0.0,3.5,11.385,129101700.0
2.08,0.0,0.335,0.3,0.335,0.3,0.0,0.0,0.0,0.0,3.5,11.388,129725400.0
2.09,0.0,0.334,0.298,0.334,0.298,0.0,0.0,0.0,0.0,3.49,11.391,130349100.0
2.1,0.0,0.333,0.297,0.333,0.297,0.0,0.0,0.0,0.0,3.49,11.393,130972800.0
2.11,0.0,0.332,0.296,0.332,0.296,0.0,0.0,0.0,0.0,3.48,11.396,131596400.0
2.12,0.0,0.331,0.294,0.331,0.294,0.0,0.0,0.0,0.0,3.48,11.398,132220100.0
2.13,0.0,0.33,0.293,0.33,0.293,0.0,0.0,0.0,0.0,3.48,11.401,132843800.0
2.14,0.0,0.328,0.292,0.328,0.292,0.0,0.0,0.0,0.0,3.47,11.403,133467500.0
2.15,0.0,0.327,0.291,0.327,0.291,0.0,0.0,0.0,0.0,3.47,11.406,134091200.0
2.16,0.0,0.326,0.29,0.326,0.29,0.0,0.0,0.0,0.0,3.46,11.408,134714800.0
2.17,0.0,0.325,0.288,0.325,0.288,0.0,0.0,0.0,0.0,3.46,11.411,135338500.0
2.18,0.0,0.324,0.287,0.324,0.287,0.0,0.0,0.0,0.0,3.45,11.413,135962200.0
2.19,0.0,0.323,0.286,0.323,0.286,0.0,0.0,0.0,0.0,3.45,11.415,136585900.0
2.2,0.0,0.322,0.285,0.322,0.285,0.0,0.0,0.0,0.0,3.44,11.418,137209600.0
2.21,0.0,0.32,0.284,0.32,0.284,0.0,0.0,0.0,0.0,3.44,11.42,137833200.0
2.22,0.0,0.319,0.282,0.319,0.282,0.0,0.0,0.0,0.0,3.43,11.423,138456900.0
2.23,0.0,0.318,0.281,0.318,0.281,0.0,0.0,0.0,0.0,3.43,11.425,139080600.0
2.24,0.0,0.317,0.28,0.317,0.28,0.0,0.0,0.0,0.0,3.42,11.427,139704300.0
2.25,0.0,0.316,0.279,0.316,0.279,0.0,0.0,0.0,0.0,3.42,11.429,140328000.0
2.26,0.0,0.315,0.278,0.315,0.278,0.0,0.0,0.0,0.0,3.41,11.432,140951600.0
2.27,0.0,0.314,0.276,0.314,0.276,0.0,0.0,0.0,0.0,3.41,11.434,141575300.0
2.28,0.0,0.313,0.275,0.313,0.275,0.0,0.0,0.0,0.0,3.4,11.436,142199000.0
2.29,0.0,0.312,0.274,0.312,0.274,0.0,0.0,0.0,0.0,3.4,11.475,142822700.0
2.3,0.0,0.311,0.273,0.311,0.273,0.0,0.0,0.0,0.0,3.4,11.537,143446400.0
2.31,0.0,0.31,0.272,0.31,0.272,0.0,0.0,0.0,0.0,3.4,11.599,144070000.0
2.32,0.0,0.309,0.271,0.309,0.271,0.0,0.0,0.0,0.0,3.41,11.661,144693700.0
2.33,0.0,0.308,0.27,0.308,0.27,0.0,0.0,0.0,0.0,3.41,11.724,145317400.0
2.34,0.0,0.307,0.268,0.307,0.268,0.0,0.0,0.0,0.0,3.41,11.786,145941100.0
2.35,0.0,0.306,0.267,0.306,0.267,0.0,0.0,0.0,0.0,3.41,11.848,146564800.0
2.36,0.0,0.304,0.266,0.304,0.266,0.0,0.0,0.0,0.0,3.41,11.909,147188400.0
2.37,0.0,0.303,0.265,0.303,0.265,0.0,0.0,0.0,0.0,3.41,11.971,147812100.0
2.38,0.0,0.302,0.264,0.302,0.264,0.0,0.0,0.0,0.0,3.41,12.033,148435800.0
2.39,0.0,0.301,0.263,0.301,0.263,0.0,0.0,0.0,0.0,3.41,12.095,149059500.0
2.4,0.0,0.3,0.262,0.3,0.262,0.0,0.0,0.0,0.0,3.41,12.156,149683200.0
2.41,0.0,0.299,0.261,0.299,0.261,0.0,0.0,0.0,0.0,3.41,12.218,150306800.0
2.42,0.0,0.298,0.26,0.298,0.26,0.0,0.0,0.0,0.0,3.41,12.279,150930500.0
2.43,0.0,0.297,0.259,0.297,0.259,0.0,0.0,0.0,0.0,3.41,12.341,151554200.0
2.44,0.0,0.296,0.257,0.296,0.257,0.0,0.0,0.0,0.0,3.41,12.402,152177900.0
2.45,0.0,0.295,0.256,0.295,0.256,0.0,0.0,0.0,0.0,3.41,12.463,152801600.0
2.46,0.0,0.295,0.256,0.295,0.256,0.0,0.0,0.0,0.0,3.41,12.524,153425200.0
2.47,0.0,0.294,0.255,0.294,0.255,0.0,0.0,0.0,0.0,3.41,12.585,154048900.0
2.48,0.0,0.293,0.254,0.293,0.254,0.0,0.0,0.0,0.0,3.42,12.646,154672600.0
2.49,0.0,0.292,0.253,0.292,0.253,0.0,0.0,0.0,0.0,3.42,12.707,155296300.0
2.5,0.0,0.291,0.252,0.291,0.252,0.0,0.0,0.0,0.0,3.42,12.768,155920000.0
2.51,0.0,0.29,0.252,0.29,0.252,0.0,0.0,0.0,0.0,3.42,12.829,156543600.0
2.52,0.0,0.289,0.251,0.289,0.251,0.0,0.0,0.0,0.0,3.42,12.89,157167300.0
2.53,0.0,0.288,0.25,0.288,0.25,0.0,0.0,0.0,0.0,3.42,12.951,157791000.0
2.54,0.0,0.287,0.249,0.287,0.249,0.0,0.0,0.0,0.0,3.42,13.011,158414700.0
2.55,0.0,0.286,0.249,0.286,0.249,0.0,0.0,0.0,0.0,3.42,13.072,159038400.0
2.56,0.0,0.285,0.248,0.285,0.248,0.0,0.0,0.0,0.0,3.42,13.132,159662000.0
2.57,0.0,0.284,0.247,0.284,0.247,0.0,0.0,0.0,0.0,3.42,13.193,160285700.0
2.58,0.0,0.283,0.246,0.283,0.246,0.0,0.0,0.0,0.0,3.42,13.253,160909400.0
2.59,0.0,0.282,0.246,0.282,0.246,0.0,0.0,0.0,0.0,3.42,13.314,161533100.0
2.6,0.0,0.281,0.245,0.281,0.245,0.0,0.0,0.0,0.0,3.42,13.374,162156700.0
2.61,0.0,0.28,0.244,0.28,0.244,0.0,0.0,0.0,0.0,3.42,13.434,162780400.0
2.62,0.0,0.28,0.244,0.28,0.244,0.0,0.0,0.0,0.0,3.42,13.494,163404100.0
2.63,0.0,0.279,0.243,0.279,0.243,0.0,0.0,0.0,0.0,3.42,13.554,164027800.0
2.64,0.0,0.278,0.242,0.278,0.242,0.0,0.0,0.0,0.0,3.42,13.615,164651500.0
2.65,0.0,0.277,0.241,0.277,0.241,0.0,0.0,0.0,0.0,3.42,13.675,165275200.0
2.66,0.0,0.276,0.241,0.276,0.241,0.0,0.0,0.0,0.0,3.42,13.735,165898800.0
2.67,0.0,0.275,0.24,0.275,0.24,0.0,0.0,0.0,0.0,3.42,13.794,166522500.0
2.68,0.0,0.274,0.239,0.274,0.239,0.0,0.0,0.0,0.0,3.42,13.854,167146200.0
2.69,0.0,0.273,0.239,0.273,0.239,0.0,0.0,0.0,0.0,3.42,13.914,167769900.0
2.7,0.0,0.272,0.238,0.272,0.238,0.0,0.0,0.0,0.0,3.42,13.974,168393600.0
2.71,0.0,0.272,0.237,0.272,0.237,0.0,0.0,0.0,0.0,3.42,14.034,169017200.0
2.72,0.0,0.271,0.237,0.271,0.237,0.0,0.0,0.0,0.0,3.42,14.093,169640900.0
2.73,0.0,0.27,0.236,0.27,0.236,0.0,0.0,0.0,0.0,3.42,14.153,170264600.0
2.74,0.0,0.269,0.235,0.269,0.235,0.0,0.0,0.0,0.0,3.42,14.212,170888300.0
2.75,0.0,0.268,0.235,0.268,0.235,0.0,0.0,0.0,0.0,3.42,14.272,171512000.0
2.76,0.0,0.267,0.234,0.267,0.234,0.0,0.0,0.0,0.0,3.42,14.331,172135600.0
2.77,0.0,0.267,0.233,0.267,0.233,0.0,0.0,0.0,0.0,3.42,14.391,172759300.0
2.78,0.0,0.266,0.233,0.266,0.233,0.0,0.0,0.0,0.0,3.42,14.45,173383000.0
2.79,0.0,0.265,0.232,0.265,0.232,0.0,0.0,0.0,0.0,3.42,14.509,174006700.0
2.8,0.0,0.264,0.231,0.264,0.231,0.0,0.0,0.0,0.0,3.42,14.568,174630300.0
2.81,0.0,0.263,0.231,0.263,0.231,0.0,0.0,0.0,0.0,3.42,14.628,175254000.0
2.82,0.0,0.262,0.23,0.262,0.23,0.0,0.0,0.0,0.0,3.42,14.687,175877700.0
2.83,0.0,0.262,0.229,0.262,0.229,0.0,0.0,0.0,0.0,3.42,14.746,176501400.0
2.84,0.0,0.261,0.229,0.261,0.229,0.0,0.0,0.0,0.0,3.42,14.805,177125100.0
2.85,0.0,0.26,0.228,0.26,0.228,0.0,0.0,0.0,0.0,3.42,14.864,177748700.0
2.86,0.0,0.259,0.228,0.259,0.228,0.0,0.0,0.0,0.0,3.42,14.923,178372400.0
2.87,0.0,0.258,0.227,0.258,0.227,0.0,0.0,0.0,0.0,3.42,14.982,178996100.0
2.88,0.0,0.258,0.226,0.258,0.226,0.0,0.0,0.0,0.0,3.42,15.041,179619800.0
2.89,0.0,0.257,0.226,0.257,0.226,0.0,0.0,0.0,0.0,3.41,15.1,180243500.0
2.9,0.0,0.256,0.225,0.256,0.225,0.0,0.0,0.0,0.0,3.41,15.158,180867200.0
2.91,0.0,0.255,0.225,0.255,0.225,0.0,0.0,0.0,0.0,3.41,15.217,181490800.0
2.92,0.0,0.255,0.224,0.255,0.224,0.0,0.0,0.0,0.0,3.41,15.276,182114500.0
2.93,0.0,0.254,0.223,0.254,0.223,0.0,0.0,0.0,0.0,3.41,15.334,182738200.0
2.94,0.0,0.253,0.223,0.253,0.223,0.0,0.0,0.0,0.0,3.41,15.393,183361900.0
2.95,0.0,0.252,0.222,0.252,0.222,0.0,0.0,0.0,0.0,3.41,15.452,183985500.0
2.96,0.0,0.251,0.222,0.251,0.222,0.0,0.0,0.0,0.0,3.41,15.51,184609200.0
2.97,0.0,0.251,0.221,0.251,0.221,0.0,0.0,0.0,0.0,3.41,15.569,185232900.0
2.98,0.0,0.25,0.22,0.25,0.22,0.0,0.0,0.0,0.0,3.41,15.627,185856600.0
2.99,0.0,0.249,0.22,0.249,0.22,0.0,0.0,0.0,0.0,3.41,15.685,186480300.0
3.0,0.0,0.248,0.219,0.248,0.219,0.0,0.0,0.0,0.0,3.41,15.744,187103900.0
3.01,0.0,0.248,0.219,0.248,0.219,0.0,0.0,0.0,0.0,3.41,15.802,187727600.0
3.02,0.0,0.247,0.218,0.247,0.218,0.0,0.0,0.0,0.0,3.41,15.86,188351300.0
3.03,0.0,0.246,0.218,0.246,0.218,0.0,0.0,0.0,0.0,3.41,15.919,188975000.0
3.04,0.0,0.246,0.217,0.246,0.217,0.0,0.0,0.0,0.0,3.41,15.977,189598700.0
3.05,0.0,0.245,0.217,0.245,0.217,0.0,0.0,0.0,0.0,3.41,16.035,190222300.0
3.06,0.0,0.245,0.216,0.245,0.216,0.0,0.0,0.0,0.0,3.4,16.093,190846000.0
3.07,0.0,0.244,0.215,0.244,0.215,0.0,0.0,0.0,0.0,3.4,16.151,191469700.0
3.08,0.0,0.243,0.215,0.243,0.215,0.0,0.0,0.0,0.0,3.4,16.209,192093400.0
3.09,0.0,0.243,0.214,0.243,0.214,0.0,0.0,0.0,0.0,3.4,16.267,192717100.0
3.1,0.0,0.242,0.214,0.242,0.214,0.0,0.0,0.0,0.0,3.4,16.325,193340700.0
3.11,0.0,0.241,0.213,0.241,0.213,0.0,0.0,0.0,0.0,3.4,16.383,193964400.0
3.12,0.0,0.241,0.213,0.241,0.213,0.0,0.0,0.0,0.0,3.4,16.441,194588100.0
3.13,0.0,0.24,0.212,0.24,0.212,0.0,0.0,0.0,0.0,3.4,16.499,195211800.0
3.14,0.0,0.239,0.212,0.239,0.212,0.0,0.0,0.0,0.0,3.4,16.557,195835500.0
3.15,0.0,0.239,0.211,0.239,0.211,0.0,0.0,0.0,0.0,3.4,16.614,196459100.0
3.16,0.0,0.238,0.211,0.238,0.211,0.0,0.0,0.0,0.0,3.4,16.672,197082800.0
3.17,0.0,0.238,0.21,0.238,0.21,0.0,0.0,0.0,0.0,3.4,16.73,197706500.0
3.18,0.0,0.237,0.209,0.237,0.209,0.0,0.0,0.0,0.0,3.39,16.787,198330200.0
3.19,0.0,0.236,0.209,0.236,0.209,0.0,0.0,0.0,0.0,3.39,16.845,198953900.0
3.2,0.0,0.236,0.208,0.236,0.208,0.0,0.0,0.0,0.0,3.39,16.903,199577500.0
3.21,0.0,0.235,0.208,0.235,0.208,0.0,0.0,0.0,0.0,3.39,16.96,200201200.0
3.22,0.0,0.234,0.207,0.234,0.207,0.0,0.0,0.0,0.0,3.39,17.018,200824900.0
3.23,0.0,0.234,0.207,0.234,0.207,0.0,0.0,0.0,0.0,3.39,17.075,201448600.0
3.24,0.0,0.233,0.206,0.233,0.206,0.0,0.0,0.0,0.0,3.39,17.133,202072300.0
3.25,0.0,0.233,0.206,0.233,0.206,0.0,0.0,0.0,0.0,3.39,17.19,202695900.0
3.26,0.0,0.232,0.205,0.232,0.205,0.0,0.0,0.0,0.0,3.39,17.247,203319600.0
3.27,0.0,0.232,0.205,0.232,0.205,0.0,0.0,0.0,0.0,3.38,17.305,203943300.0
3.28,0.0,0.231,0.204,0.231,0.204,0.0,0.0,0.0,0.0,3.38,17.362,204567000.0
3.29,0.0,0.23,0.204,0.23,0.204,0.0,0.0,0.0,0.0,3.38,17.419,205190700.0
3.3,0.0,0.23,0.203,0.23,0.203,0.0,0.0,0.0,0.0,3.38,17.477,205814300.0
3.31,0.0,0.229,0.203,0.229,0.203,0.0,0.0,0.0,0.0,3.38,17.534,206438000.0
3.32,0.0,0.229,0.202,0.229,0.202,0.0,0.0,0.0,0.0,3.38,17.591,207061700.0
3.33,0.0,0.228,0.202,0.228,0.202,0.0,0.0,0.0,0.0,3.38,17.648,207685400.0
3.34,0.0,0.227,0.201,0.227,0.201,0.0,0.0,0.0,0.0,3.38,17.705,208309000.0
3.35,0.0,0.227,0.201,0.227,0.201,0.0,0.0,0.0,0.0,3.38,17.762,208932700.0
3.36,0.0,0.226,0.201,0.226,0.201,0.0,0.0,0.0,0.0,3.37,17.819,209556400.0
3.37,0.0,0.226,0.2,0.226,0.2,0.0,0.0,0.0,0.0,3.37,17.876,210180100.0
3.38,0.0,0.225,0.2,0.225,0.2,0.0,0.0,0.0,0.0,3.37,17.933,210803800.0
3.39,0.0,0.225,0.199,0.225,0.199,0.0,0.0,0.0,0.0,3.37,17.99,211427500.0
3.4,0.0,0.224,0.199,0.224,0.199,0.0,0.0,0.0,0.0,3.37,18.047,212051100.0
3.41,0.0,0.223,0.198,0.223,0.198,0.0,0.0,0.0,0.0,3.37,18.104,212674800.0
3.42,0.0,0.223,0.198,0.223,0.198,0.0,0.0,0.0,0.0,3.37,18.161,213298500.0
3.43,0.0,0.222,0.197,0.222,0.197,0.0,0.0,0.0,0.0,3.36,18.218,213922200.0
3.44,0.0,0.222,0.197,0.222,0.197,0.0,0.0,0.0,0.0,3.37,18.308,214545900.0
3.45,0.0,0.221,0.196,0.221,0.196,0.0,0.0,0.0,0.0,3.37,18.367,215169500.0
3.46,0.0,0.221,0.196,0.221,0.196,0.0,0.0,0.0,0.0,3.36,18.425,215793200.0
3.47,0.0,0.22,0.195,0.22,0.195,0.0,0.0,0.0,0.0,3.36,18.484,216416900.0
3.48,0.0,0.22,0.195,0.22,0.195,0.0,0.0,0.0,0.0,3.36,18.542,217040600.0
3.49,0.0,0.219,0.195,0.219,0.195,0.0,0.0,0.0,0.0,3.36,18.601,217664300.0
3.5,0.0,0.219,0.194,0.219,0.194,0.0,0.0,0.0,0.0,3.36,18.659,218287900.0
3.51,0.0,0.218,0.194,0.218,0.194,0.0,0.0,0.0,0.0,3.36,18.718,218911600.0
3.52,0.0,0.218,0.193,0.218,0.193,0.0,0.0,0.0,0.0,3.36,18.776,219535300.0
3.53,0.0,0.217,0.193,0.217,0.193,0.0,0.0,0.0,0.0,3.36,18.834,220159000.0
3.54,0.0,0.217,0.192,0.217,0.192,0.0,0.0,0.0,0.0,3.36,18.893,220782600.0
3.55,0.0,0.216,0.192,0.216,0.192,0.0,0.0,0.0,0.0,3.36,18.951,221406300.0
3.56,0.0,0.215,0.192,0.215,0.192,0.0,0.0,0.0,0.0,3.36,19.01,222030000.0
3.57,0.0,0.215,0.191,0.215,0.191,0.0,0.0,0.0,0.0,3.36,19.068,222653700.0
3.58,0.0,0.214,0.191,0.214,0.191,0.0,0.0,0.0,0.0,3.36,19.126,223277400.0
3.59,0.0,0.214,0.19,0.214,0.19,0.0,0.0,0.0,0.0,3.36,19.185,223901000.0
3.6,0.0,0.213,0.19,0.213,0.19,0.0,0.0,0.0,0.0,3.37,19.243,224524700.0
3.61,0.0,0.213,0.189,0.213,0.189,0.0,0.0,0.0,0.0,3.37,19.301,225148400.0
3.62,0.0,0.212,0.189,0.212,0.189,0.0,0.0,0.0,0.0,3.38,19.359,225772100.0
3.63,0.0,0.212,0.189,0.212,0.189,0.0,0.0,0.0,0.0,3.38,19.418,226395800.0
3.64,0.0,0.211,0.188,0.211,0.188,0.0,0.0,0.0,0.0,3.39,19.476,227019500.0
3.65,0.0,0.211,0.188,0.211,0.188,0.0,0.0,0.0,0.0,3.39,19.534,227643100.0
3.66,0.0,0.21,0.187,0.21,0.187,0.0,0.0,0.0,0.0,3.4,19.592,228266800.0
3.67,0.0,0.21,0.187,0.21,0.187,0.0,0.0,0.0,0.0,3.4,19.651,228890500.0
3.68,0.0,0.209,0.187,0.209,0.187,0.0,0.0,0.0,0.0,3.41,19.709,229514200.0
3.69,0.0,0.209,0.186,0.209,0.186,0.0,0.0,0.0,0.0,3.41,19.767,230137900.0
3.7,0.0,0.208,0.186,0.208,0.186,0.0,0.0,0.0,0.0,3.42,19.825,230761500.0
3.71,0.0,0.208,0.185,0.208,0.185,0.0,0.0,0.0,0.0,3.42,19.883,231385200.0
3.72,0.0,0.207,0.185,0.207,0.185,0.0,0.0,0.0,0.0,3.43,19.941,232008900.0
3.73,0.0,0.207,0.185,0.207,0.185,0.0,0.0,0.0,0.0,3.43,19.999,232632600.0
3.74,0.0,0.207,0.184,0.207,0.184,0.0,0.0,0.0,0.0,3.44,20.058,233256200.0
3.75,0.0,0.206,0.184,0.206,0.184,0.0,0.0,0.0,0.0,3.44,20.116,233879900.0
3.76,0.0,0.206,0.184,0.206,0.184,0.0,0.0,0.0,0.0,3.45,20.174,234503600.0
3.77,0.0,0.205,0.183,0.205,0.183,0.0,0.0,0.0,0.0,3.45,20.232,235127300.0
3.78,0.0,0.205,0.183,0.205,0.183,0.0,0.0,0.0,0.0,3.46,20.29,235751000.0
3.79,0.0,0.204,0.182,0.204,0.182,0.0,0.0,0.0,0.0,3.46,20.348,236374600.0
3.8,0.0,0.204,0.182,0.204,0.182,0.0,0.0,0.0,0.0,3.47,20.406,236998300.0
3.81,0.0,0.203,0.182,0.203,0.182,0.0,0.0,0.0,0.0,3.47,20.464,237622000.0
3.82,0.0,0.203,0.181,0.203,0.181,0.0,0.0,0.0,0.0,3.48,20.522,238245700.0
3.83,0.0,0.202,0.181,0.202,0.181,0.0,0.0,0.0,0.0,3.48,20.58,238869400.0
3.84,0.0,0.202,0.181,0.202,0.181,0.0,0.0,0.0,0.0,3.49,20.638,239493000.0
3.85,0.0,0.201,0.18,0.201,0.18,0.0,0.0,0.0,0.0,3.49,20.696,240116700.0
3.86,0.0,0.201,0.18,0.201,0.18,0.0,0.0,0.0,0.0,3.5,20.754,240740400.0
3.87,0.0,0.201,0.179,0.201,0.179,0.0,0.0,0.0,0.0,3.5,20.812,241364100.0
3.88,0.0,0.2,0.179,0.2,0.179,0.0,0.0,0.0,0.0,3.51,20.87,241987800.0
3.89,0.0,0.2,0.179,0.2,0.179,0.0,0.0,0.0,0.0,3.51,20.928,242611500.0
3.9,0.0,0.199,0.178,0.199,0.178,0.0,0.0,0.0,0.0,3.52,20.986,243235100.0
3.91,0.0,0.199,0.178,0.199,0.178,0.0,0.0,0.0,0.0,3.52,21.044,243858800.0
3.92,0.0,0.198,0.178,0.198,0.178,0.0,0.0,0.0,0.0,3.53,21.102,244482500.0
3.93,0.0,0.198,0.177,0.198,0.177,0.0,0.0,0.0,0.0,3.54,21.16,245106200.0
3.94,0.0,0.197,0.177,0.197,0.177,0.0,0.0,0.0,0.0,3.54,21.217,245729800.0
3.95,0.0,0.197,0.176,0.197,0.176,0.0,0.0,0.0,0.0,3.55,21.275,246353500.0
3.96,0.0,0.197,0.176,0.197,0.176,0.0,0.0,0.0,0.0,3.55,21.333,246977200.0
3.97,0.0,0.196,0.176,0.196,0.176,0.0,0.0,0.0,0.0,3.56,21.391,247600900.0
3.98,0.0,0.196,0.175,0.196,0.175,0.0,0.0,0.0,0.0,3.56,21.449,248224600.0
3.99,0.0,0.195,0.175,0.195,0.175,0.0,0.0,0.0,0.0,3.57,21.507,248848200.0
4.0,0.0,0.195,0.175,0.195,0.175,0.0,0.0,0.0,0.0,3.57,21.565,249471900.0
4.01,0.0,0.194,0.174,0.194,0.174,0.0,0.0,0.0,0.0,3.58,21.622,250095600.0
4.02,0.0,0.194,0.174,0.194,0.174,0.0,0.0,0.0,0.0,3.58,21.68,250719300.0
4.03,0.0,0.194,0.173,0.194,0.173,0.0,0.0,0.0,0.0,3.59,21.738,251343000.0
4.04,0.0,0.193,0.173,0.193,0.173,0.0,0.0,0.0,0.0,3.59,21.796,251966600.0
4.05,0.0,0.193,0.173,0.193,0.173,0.0,0.0,0.0,0.0,3.6,21.854,252590300.0
4.06,0.0,0.192,0.172,0.192,0.172,0.0,0.0,0.0,0.0,3.6,21.911,253214000.0
4.07,0.0,0.192,0.172,0.192,0.172,0.0,0.0,0.0,0.0,3.61,21.969,253837700.0
4.08,0.0,0.192,0.172,0.192,0.172,0.0,0.0,0.0,0.0,3.61,22.027,254461400.0
4.09,0.0,0.191,0.171,0.191,0.171,0.0,0.0,0.0,0.0,3.62,22.085,255085000.0
4.1,0.0,0.191,0.171,0.191,0.171,0.0,0.0,0.0,0.0,3.62,22.142,255708700.0
4.11,0.0,0.19,0.171,0.19,0.171,0.0,0.0,0.0,0.0,3.63,22.2,256332400.0
4.12,0.0,0.19,0.17,0.19,0.17,0.0,0.0,0.0,0.0,3.63,22.258,256956100.0
4.13,0.0,0.19,0.17,0.19,0.17,0.0,0.0,0.0,0.0,3.64,22.316,257579800.0
4.14,0.0,0.189,0.17,0.189,0.17,0.0,0.0,0.0,0.0,3.64,22.373,258203400.0
4.15,0.0,0.189,0.169,0.189,0.169,0.0,0.0,0.0,0.0,3.65,22.431,258827100.0
4.16,0.0,0.188,0.169,0.188,0.169,0.0,0.0,0.0,0.0,3.65,22.489,259450800.0
4.17,0.0,0.188,0.169,0.188,0.169,0.0,0.0,0.0,0.0,3.66,22.546,260074500.0
4.18,0.0,0.188,0.168,0.188,0.168,0.0,0.0,0.0,0.0,3.66,22.604,260698100.0
4.19,0.0,0.187,0.168,0.187,0.168,0.0,0.0,0.0,0.0,3.67,22.662,261321800.0
4.2,0.0,0.187,0.168,0.187,0.168,0.0,0.0,0.0,0.0,3.67,22.719,261945500.0
4.21,0.0,0.186,0.167,0.186,0.167,0.0,0.0,0.0,0.0,3.68,22.777,262569200.0
4.22,0.0,0.186,0.167,0.186,0.167,0.0,0.0,0.0,0.0,3.68,22.835,263192900.0
4.23,0.0,0.186,0.167,0.186,0.167,0.0,0.0,0.0,0.0,3.69,22.88,263816600.0
4.24,0.0,0.185,0.166,0.185,0.166,0.0,0.0,0.0,0.0,3.68,22.903,264440200.0
4.25,0.0,0.185,0.166,0.185,0.166,0.0,0.0,0.0,0.0,3.68,22.926,265063900.0
4.26,0.0,0.184,0.166,0.184,0.166,0.0,0.0,0.0,0.0,3.68,22.948,265687600.0
4.27,0.0,0.184,0.165,0.184,0.165,0.0,0.0,0.0,0.0,3.68,22.97,266311300.0
4.28,0.0,0.184,0.165,0.184,0.165,0.0,0.0,0.0,0.0,3.68,22.992,266935000.0
4.29,0.0,0.183,0.165,0.183,0.165,0.0,0.0,0.0,0.0,3.68,23.013,267558600.0
4.3,0.0,0.183,0.164,0.183,0.164,0.0,0.0,0.0,0.0,3.67,23.034,268182300.0
4.31,0.0,0.183,0.164,0.183,0.164,0.0,0.0,0.0,0.0,3.67,23.055,268806000.0
4.32,0.0,0.182,0.164,0.182,0.164,0.0,0.0,0.0,0.0,3.67,23.075,269429700.0
4.33,0.0,0.182,0.164,0.182,0.164,0.0,0.0,0.0,0.0,3.67,23.095,270053300.0
4.34,0.0,0.181,0.163,0.181,0.163,0.0,0.0,0.0,0.0,3.67,23.115,270677100.0
4.35,0.0,0.181,0.163,0.181,0.163,0.0,0.0,0.0,0.0,3.67,23.134,271300700.0
4.36,0.0,0.181,0.163,0.181,0.163,0.0,0.0,0.0,0.0,3.66,23.153,271924400.0
4.37,0.0,0.18,0.162,0.18,0.162,0.0,0.0,0.0,0.0,3.66,23.172,272548100.0
4.38,0.0,0.18,0.162,0.18,0.162,0.0,0.0,0.0,0.0,3.66,23.191,273171700.0
4.39,0.0,0.18,0.162,0.18,0.162,0.0,0.0,0.0,0.0,3.66,23.209,273795400.0
4.4,0.0,0.179,0.161,0.179,0.161,0.0,0.0,0.0,0.0,3.66,23.227,274419100.0
4.41,0.0,0.179,0.161,0.179,0.161,0.0,0.0,0.0,0.0,3.66,23.245,275042800.0
4.42,0.0,0.179,0.161,0.179,0.161,0.0,0.0,0.0,0.0,3.65,23.262,275666500.0
4.43,0.0,0.178,0.161,0.178,0.161,0.0,0.0,0.0,0.0,3.65,23.279,276290100.0
4.44,0.0,0.178,0.16,0.178,0.16,0.0,0.0,0.0,0.0,3.65,23.296,276913800.0
4.45,0.0,0.177,0.16,0.177,0.16,0.0,0.0,0.0,0.0,3.65,23.313,277537500.0
4.46,0.0,0.177,0.16,0.177,0.16,0.0,0.0,0.0,0.0,3.65,23.329,278161200.0
4.47,0.0,0.177,0.16,0.177,0.16,0.0,0.0,0.0,0.0,3.65,23.345,278784900.0
4.48,0.0,0.176,0.159,0.176,0.159,0.0,0.0,0.0,0.0,3.64,23.361,279408500.0
4.49,0.0,0.176,0.159,0.176,0.159,0.0,0.0,0.0,0.0,3.64,23.377,280032200.0
4.5,0.0,0.176,0.159,0.176,0.159,0.0,0.0,0.0,0.0,3.64,23.392,280655900.0
4.51,0.0,0.175,0.158,0.175,0.158,0.0,0.0,0.0,0.0,3.64,23.407,281279600.0
4.52,0.0,0.175,0.158,0.175,0.158,0.0,0.0,0.0,0.0,3.64,23.422,281903300.0
4.53,0.0,0.175,0.158,0.175,0.158,0.0,0.0,0.0,0.0,3.63,23.436,282527000.0
4.54,0.0,0.174,0.158,0.174,0.158,0.0,0.0,0.0,0.0,3.63,23.451,283150600.0
4.55,0.0,0.174,0.157,0.174,0.157,0.0,0.0,0.0,0.0,3.63,23.465,283774300.0
4.56,0.0,0.174,0.157,0.174,0.157,0.0,0.0,0.0,0.0,3.63,23.479,284398000.0
4.57,0.0,0.173,0.157,0.173,0.157,0.0,0.0,0.0,0.0,3.63,23.492,285021700.0
4.58,0.0,0.173,0.157,0.173,0.157,0.0,0.0,0.0,0.0,3.63,23.506,285645300.0
4.59,0.0,0.173,0.156,0.173,0.156,0.0,0.0,0.0,0.0,3.62,23.519,286269000.0
4.6,0.0,0.172,0.156,0.172,0.156,0.0,0.0,0.0,0.0,3.62,23.532,286892700.0
4.61,0.0,0.172,0.156,0.172,0.156,0.0,0.0,0.0,0.0,3.62,23.545,287516400.0
4.62,0.0,0.172,0.156,0.172,0.156,0.0,0.0,0.0,0.0,3.62,23.557,288140100.0
4.63,0.0,0.171,0.155,0.171,0.155,0.0,0.0,0.0,0.0,3.62,23.569,288763700.0
4.64,0.0,0.171,0.155,0.171,0.155,0.0,0.0,0.0,0.0,3.62,23.581,289387400.0
4.65,0.0,0.171,0.155,0.171,0.155,0.0,0.0,0.0,0.0,3.61,23.593,290011100.0
4.66,0.0,0.17,0.155,0.17,0.155,0.0,0.0,0.0,0.0,3.61,23.605,290634800.0
4.67,0.0,0.17,0.154,0.17,0.154,0.0,0.0,0.0,0.0,3.61,23.616,291258500.0
4.68,0.0,0.17,0.154,0.17,0.154,0.0,0.0,0.0,0.0,3.61,23.628,291882100.0
4.69,0.0,0.169,0.154,0.169,0.154,0.0,0.0,0.0,0.0,3.61,23.639,292505800.0
4.7,0.0,0.169,0.154,0.169,0.154,0.0,0.0,0.0,0.0,3.6,23.65,293129500.0
4.71,0.0,0.169,0.153,0.169,0.153,0.0,0.0,0.0,0.0,3.6,23.66,293753200.0
4.72,0.0,0.168,0.153,0.168,0.153,0.0,0.0,0.0,0.0,3.6,23.671,294376900.0
4.73,0.0,0.168,0.153,0.168,0.153,0.0,0.0,0.0,0.0,3.6,23.681,295000500.0
4.74,0.0,0.168,0.153,0.168,0.153,0.0,0.0,0.0,0.0,3.6,23.691,295624200.0
4.75,0.0,0.167,0.152,0.167,0.152,0.0,0.0,0.0,0.0,3.6,23.701,296247900.0
4.76,0.0,0.167,0.152,0.167,0.152,0.0,0.0,0.0,0.0,3.59,23.711,296871600.0
4.77,0.0,0.167,0.152,0.167,0.152,0.0,0.0,0.0,0.0,3.59,23.72,297495300.0
4.78,0.0,0.167,0.152,0.167,0.152,0.0,0.0,0.0,0.0,3.59,23.73,298118900.0
4.79,0.0,0.166,0.151,0.166,0.151,0.0,0.0,0.0,0.0,3.59,23.739,298742600.0
4.8,0.0,0.166,0.151,0.166,0.151,0.0,0.0,0.0,0.0,3.59,23.748,299366300.0
4.81,0.0,0.166,0.151,0.166,0.151,0.0,0.0,0.0,0.0,3.58,23.757,299990000.0
4.82,0.0,0.165,0.151,0.165,0.151,0.0,0.0,0.0,0.0,3.58,23.766,300613700.0
4.83,0.0,0.165,0.15,0.165,0.15,0.0,0.0,0.0,0.0,3.58,23.774,301237300.0
4.84,0.0,0.165,0.15,0.165,0.15,0.0,0.0,0.0,0.0,3.58,23.782,301861000.0
4.85,0.0,0.164,0.15,0.164,0.15,0.0,0.0,0.0,0.0,3.58,23.791,302484700.0
4.86,0.0,0.164,0.15,0.164,0.15,0.0,0.0,0.0,0.0,3.58,23.799,303108400.0
4.87,0.0,0.164,0.149,0.164,0.149,0.0,0.0,0.0,0.0,3.57,23.806,303732100.0
4.88,0.0,0.163,0.149,0.163,0.149,0.0,0.0,0.0,0.0,3.57,23.814,304355700.0
4.89,0.0,0.163,0.149,0.163,0.149,0.0,0.0,0.0,0.0,3.57,23.822,304979400.0
4.9,0.0,0.163,0.149,0.163,0.149,0.0,0.0,0.0,0.0,3.57,23.829,305603100.0
4.91,0.0,0.162,0.148,0.162,0.148,0.0,0.0,0.0,0.0,3.57,23.836,306226800.0
4.92,0.0,0.162,0.148,0.162,0.148,0.0,0.0,0.0,0.0,3.56,23.843,306850500.0
4.93,0.0,0.162,0.148,0.162,0.148,0.0,0.0,0.0,0.0,3.56,23.85,307474100.0
4.94,0.0,0.162,0.148,0.162,0.148,0.0,0.0,0.0,0.0,3.56,23.857,308097800.0
4.95,0.0,0.161,0.147,0.161,0.147,0.0,0.0,0.0,0.0,3.56,23.864,308721500.0
4.96,0.0,0.161,0.147,0.161,0.147,0.0,0.0,0.0,0.0,3.56,23.87,309345200.0
4.97,0.0,0.161,0.147,0.161,0.147,0.0,0.0,0.0,0.0,3.56,23.876,309968800.0
4.98,0.0,0.16,0.147,0.16,0.147,0.0,0.0,0.0,0.0,3.55,23.883,310592500.0
4.99,0.0,0.16,0.147,0.16,0.147,0.0,0.0,0.0,0.0,3.55,23.889,311216200.0
5.0,0.0,0.16,0.146,0.16,0.146,0.0,0.0,0.0,0.0,3.55,23.895,311839900.0
0.01,1.0,0.245,0.232,0.245,0.232,0.043,0.044,0.048,0.048,3.87,22.371,623680.0
0.02,1.0,0.297,0.285,0.297,0.284,0.042,0.043,0.048,0.048,3.87,22.371,1247360.0
0.03,1.0,0.308,0.295,0.307,0.294,0.042,0.042,0.048,0.048,3.87,22.371,1871039.0
0.04,1.0,0.31,0.297,0.309,0.297,0.042,0.042,0.048,0.048,3.87,22.371,2494719.0
0.05,1.0,0.31,0.297,0.309,0.296,0.042,0.042,0.048,0.048,3.87,22.371,3118399.0
0.06,1.0,0.308,0.295,0.307,0.294,0.042,0.042,0.048,0.048,3.87,22.371,3742079.0
0.07,1.0,0.306,0.293,0.305,0.293,0.042,0.043,0.048,0.048,3.87,22.371,4365758.0
0.08,1.0,0.304,0.291,0.304,0.291,0.042,0.043,0.048,0.048,3.87,22.371,4989438.0
0.09,1.0,0.302,0.289,0.302,0.289,0.042,0.043,0.048,0.048,3.87,22.371,5613118.0
0.1,1.0,0.301,0.289,0.301,0.288,0.042,0.043,0.048,0.048,3.87,22.371,6236798.0
0.11,1.0,0.301,0.289,0.301,0.288,0.042,0.043,0.048,0.048,3.87,22.371,6860478.0
0.12,1.0,0.301,0.288,0.301,0.288,0.042,0.043,0.048,0.048,3.87,22.371,7484158.0
0.13,1.0,0.301,0.288,0.301,0.288,0.042,0.043,0.048,0.048,3.87,22.371,8107837.0
0.14,1.0,0.301,0.288,0.301,0.288,0.042,0.043,0.048,0.048,3.87,22.371,8731517.0
0.15,1.0,0.301,0.288,0.3,0.288,0.042,0.043,0.048,0.048,3.87,22.371,9355197.0
0.16,1.0,0.301,0.288,0.3,0.288,0.042,0.043,0.048,0.048,3.87,22.371,9978877.0
0.17,1.0,0.301,0.288,0.3,0.288,0.042,0.043,0.048,0.048,3.87,22.371,10602560.0
0.18,1.0,0.301,0.288,0.3,0.287,0.042,0.043,0.048,0.048,3.87,22.371,11226240.0
0.19,1.0,0.301,0.288,0.3,0.287,0.042,0.043,0.048,0.048,3.87,22.371,11849920.0
0.2,1.0,0.301,0.288,0.3,0.287,0.042,0.043,0.048,0.048,3.87,22.371,12473600.0
0.21,1.0,0.301,0.288,0.3,0.287,0.042,0.043,0.048,0.048,3.87,22.371,13097280.0
0.22,1.0,0.301,0.288,0.3,0.287,0.042,0.043,0.048,0.048,3.87,22.371,13720960.0
0.23,1.0,0.301,0.288,0.3,0.287,0.042,0.043,0.048,0.048,3.87,22.371,14344640.0
0.24,1.0,0.301,0.288,0.3,0.287,0.042,0.043,0.048,0.048,3.87,22.371,14968320.0
0.25,1.0,0.301,0.288,0.3,0.287,0.042,0.043,0.048,0.048,3.87,22.371,15592000.0
0.26,1.0,0.301,0.288,0.3,0.287,0.042,0.043,0.048,0.048,3.87,22.371,16215670.0
0.27,1.0,0.301,0.288,0.3,0.287,0.042,0.043,0.048,0.048,3.87,22.371,16839360.0
0.28,1.0,0.301,0.288,0.3,0.287,0.042,0.043,0.048,0.048,3.87,22.371,17463030.0
0.29,1.0,0.301,0.288,0.3,0.287,0.042,0.043,0.048,0.048,3.87,22.371,18086710.0
0.3,1.0,0.301,0.288,0.3,0.287,0.042,0.043,0.048,0.048,3.87,22.371,18710390.0
0.31,1.0,0.301,0.288,0.3,0.287,0.042,0.043,0.048,0.048,3.87,22.371,19334070.0
0.32,1.0,0.301,0.288,0.3,0.287,0.042,0.043,0.048,0.048,3.87,22.371,19957750.0
0.33,1.0,0.301,0.288,0.3,0.287,0.042,0.043,0.048,0.048,3.87,22.371,20581430.0
0.34,1.0,0.301,0.288,0.3,0.287,0.042,0.043,0.048,0.048,3.87,22.371,21205110.0
0.35,1.0,0.301,0.288,0.3,0.287,0.042,0.043,0.048,0.048,3.87,22.371,21828790.0
0.36,1.0,0.301,0.288,0.3,0.287,0.042,0.043,0.048,0.048,3.87,22.371,22452470.0
0.37,1.0,0.3,0.288,0.3,0.287,0.042,0.043,0.048,0.048,3.87,22.371,23076150.0
0.38,1.0,0.3,0.288,0.3,0.287,0.042,0.043,0.048,0.048,3.87,22.371,23699830.0
0.39,1.0,0.3,0.288,0.3,0.287,0.042,0.043,0.048,0.048,3.87,22.371,24323510.0
0.4,1.0,0.3,0.287,0.3,0.287,0.042,0.043,0.048,0.048,3.87,22.371,24947190.0
0.41,1.0,0.3,0.287,0.3,0.287,0.042,0.043,0.048,0.048,3.87,22.371,25570870.0
0.42,1.0,0.3,0.287,0.3,0.287,0.042,0.043,0.048,0.048,3.87,22.371,26194550.0
0.43,1.0,0.3,0.287,0.299,0.287,0.042,0.043,0.048,0.048,3.87,22.371,26818230.0
0.44,1.0,0.3,0.287,0.299,0.287,0.042,0.043,0.048,0.048,3.87,22.371,27441910.0
0.45,1.0,0.3,0.287,0.299,0.287,0.042,0.043,0.048,0.048,3.87,22.371,28065590.0
0.46,1.0,0.3,0.287,0.299,0.286,0.042,0.043,0.048,0.048,3.87,22.371,28689270.0
0.47,1.0,0.3,0.287,0.299,0.286,0.042,0.043,0.048,0.048,3.87,22.371,29312950.0
0.48,1.0,0.3,0.287,0.299,0.286,0.042,0.043,0.048,0.048,3.87,22.371,29936630.0
0.49,1.0,0.3,0.287,0.299,0.286,0.042,0.043,0.048,0.048,3.87,22.371,30560310.0
0.5,1.0,0.3,0.287,0.299,0.286,0.042,0.043,0.048,0.048,3.87,22.371,31183990.0
0.51,1.0,0.3,0.287,0.299,0.286,0.042,0.043,0.048,0.048,3.87,22.371,31807670.0
0.52,1.0,0.3,0.287,0.299,0.286,0.042,0.043,0.048,0.048,3.87,22.371,32431350.0
0.53,1.0,0.3,0.287,0.299,0.286,0.042,0.043,0.048,0.048,3.87,22.371,33055030.0
0.54,1.0,0.3,0.287,0.299,0.286,0.042,0.043,0.048,0.048,3.87,22.371,33678710.0
0.55,1.0,0.3,0.287,0.299,0.286,0.042,0.043,0.048,0.048,3.87,22.371,34302390.0
0.56,1.0,0.3,0.287,0.299,0.286,0.042,0.043,0.048,0.048,3.87,22.371,34926070.0
0.57,1.0,0.3,0.287,0.299,0.286,0.042,0.043,0.048,0.048,3.87,22.371,35549750.0
0.58,1.0,0.3,0.287,0.299,0.286,0.042,0.043,0.048,0.048,3.87,22.371,36173430.0
0.59,1.0,0.3,0.287,0.299,0.286,0.042,0.043,0.048,0.048,3.87,22.371,36797110.0
0.6,1.0,0.3,0.286,0.299,0.285,0.042,0.043,0.048,0.048,3.87,22.371,37420790.0
0.61,1.0,0.3,0.286,0.299,0.285,0.042,0.043,0.048,0.048,3.87,22.371,38044470.0
0.62,1.0,0.3,0.286,0.299,0.285,0.042,0.043,0.048,0.048,3.87,22.371,38668150.0
0.63,1.0,0.3,0.285,0.299,0.285,0.042,0.043,0.048,0.048,3.87,22.371,39291830.0
0.64,1.0,0.3,0.285,0.299,0.284,0.042,0.043,0.048,0.048,3.87,22.371,39915510.0
0.65,1.0,0.299,0.285,0.299,0.284,0.042,0.043,0.048,0.048,3.87,22.371,40539180.0
0.66,1.0,0.299,0.284,0.299,0.284,0.042,0.043,0.048,0.048,3.87,22.371,41162870.0
0.67,1.0,0.299,0.284,0.299,0.283,0.042,0.043,0.048,0.048,3.87,22.371,41786550.0
0.68,1.0,0.299,0.284,0.299,0.283,0.042,0.043,0.048,0.048,3.87,22.371,42410230.0
0.69,1.0,0.299,0.284,0.299,0.283,0.042,0.043,0.048,0.048,3.87,22.371,43033900.0
0.7,1.0,0.299,0.283,0.299,0.282,0.042,0.043,0.048,0.048,3.87,22.371,43657580.0
0.71,1.0,0.299,0.283,0.298,0.282,0.042,0.043,0.048,0.048,3.87,22.371,44281260.0
0.72,1.0,0.299,0.283,0.298,0.282,0.042,0.043,0.048,0.048,3.87,22.371,44904950.0
0.73,1.0,0.299,0.282,0.298,0.282,0.042,0.043,0.048,0.048,3.87,22.371,45528630.0
0.74,1.0,0.299,0.282,0.298,0.281,0.042,0.043,0.048,0.048,3.87,22.371,46152300.0
0.75,1.0,0.299,0.282,0.298,0.281,0.042,0.043,0.048,0.048,3.87,22.371,46775980.0
0.76,1.0,0.299,0.281,0.298,0.281,0.042,0.043,0.048,0.048,3.87,22.371,47399660.0
0.77,1.0,0.299,0.281,0.298,0.28,0.042,0.043,0.048,0.048,3.87,22.371,48023340.0
0.78,1.0,0.299,0.281,0.298,0.28,0.042,0.043,0.048,0.048,3.87,22.371,48647020.0
0.79,1.0,0.299,0.281,0.298,0.28,0.042,0.043,0.048,0.048,3.87,22.371,49270700.0
0.8,1.0,0.299,0.28,0.298,0.28,0.042,0.043,0.048,0.048,3.87,22.371,49894380.0
0.81,1.0,0.299,0.28,0.298,0.279,0.042,0.043,0.048,0.048,3.87,22.371,50518060.0
0.82,1.0,0.299,0.28,0.298,0.279,0.042,0.043,0.048,0.048,3.87,22.371,51141740.0
0.83,1.0,0.299,0.279,0.298,0.279,0.042,0.043,0.048,0.048,3.87,22.371,51765420.0
0.84,1.0,0.299,0.279,0.298,0.278,0.042,0.043,0.048,0.048,3.87,22.371,52389100.0
0.85,1.0,0.299,0.279,0.298,0.278,0.042,0.043,0.048,0.048,3.87,22.371,53012780.0
0.86,1.0,0.299,0.279,0.298,0.278,0.042,0.043,0.048,0.048,3.87,22.371,53636460.0
0.87,1.0,0.299,0.278,0.298,0.277,0.042,0.043,0.048,0.048,3.87,22.371,54260140.0
0.88,1.0,0.299,0.278,0.298,0.277,0.042,0.043,0.048,0.048,3.87,22.371,54883820.0
0.89,1.0,0.299,0.278,0.298,0.277,0.042,0.043,0.048,0.048,3.87,22.371,55507500.0
0.9,1.0,0.299,0.277,0.298,0.277,0.042,0.043,0.048,0.048,3.87,22.371,56131180.0
0.91,1.0,0.301,0.279,0.3,0.278,0.042,0.042,0.047,0.047,3.85,22.083,56754860.0
0.92,1.0,0.307,0.285,0.306,0.284,0.042,0.042,0.047,0.047,3.83,21.795,57378540.0
0.93,1.0,0.318,0.295,0.317,0.295,0.041,0.041,0.046,0.046,3.81,21.508,58002220.0
0.94,1.0,0.332,0.308,0.331,0.307,0.04,0.041,0.046,0.046,3.78,21.22,58625900.0
0.95,1.0,0.346,0.321,0.345,0.32,0.04,0.04,0.046,0.046,3.76,20.932,59249580.0
0.96,1.0,0.36,0.334,0.359,0.333,0.039,0.04,0.045,0.045,3.74,20.645,59873260.0
0.97,1.0,0.374,0.346,0.373,0.346,0.038,0.039,0.045,0.045,3.72,20.357,60496940.0
0.98,1.0,0.388,0.359,0.387,0.358,0.038,0.038,0.045,0.045,3.7,20.069,61120620.0
0.99,1.0,0.402,0.372,0.401,0.371,0.037,0.038,0.044,0.044,3.67,19.782,61744300.0
1.0,1.0,0.416,0.384,0.415,0.384,0.037,0.037,0.044,0.044,3.65,19.494,62367980.0
1.01,1.0,0.429,0.397,0.429,0.396,0.036,0.037,0.043,0.043,3.63,19.207,62991660.0
1.02,1.0,0.443,0.41,0.443,0.409,0.035,0.036,0.043,0.043,3.61,18.919,63615340.0
1.03,1.0,0.457,0.423,0.457,0.422,0.035,0.035,0.043,0.043,3.59,18.631,64239020.0
1.04,1.0,0.471,0.435,0.47,0.435,0.034,0.035,0.042,0.042,3.57,18.344,64862700.0
1.05,1.0,0.485,0.448,0.484,0.447,0.033,0.034,0.042,0.042,3.54,18.056,65486380.0
1.06,1.0,0.484,0.447,0.483,0.447,0.034,0.034,0.042,0.042,3.55,18.038,66110060.0
1.07,1.0,0.483,0.446,0.483,0.446,0.034,0.034,0.042,0.042,3.56,18.022,66733740.0
1.08,1.0,0.482,0.446,0.482,0.445,0.034,0.035,0.042,0.042,3.57,18.007,67357420.0
1.09,1.0,0.481,0.445,0.481,0.444,0.034,0.035,0.043,0.043,3.58,17.994,67981100.0
1.1,1.0,0.481,0.444,0.48,0.444,0.034,0.035,0.043,0.043,3.59,17.981,68604780.0
1.11,1.0,0.48,0.444,0.479,0.443,0.034,0.035,0.043,0.043,3.59,17.97,69228460.0
1.12,1.0,0.479,0.443,0.478,0.442,0.035,0.035,0.043,0.043,3.6,17.959,69852140.0
1.13,1.0,0.478,0.442,0.477,0.441,0.035,0.035,0.043,0.043,3.61,17.948,70475820.0
1.14,1.0,0.477,0.441,0.476,0.441,0.035,0.035,0.043,0.043,3.61,17.938,71099500.0
1.15,1.0,0.476,0.441,0.476,0.44,0.035,0.036,0.043,0.043,3.62,17.929,71723180.0
1.16,1.0,0.474,0.439,0.474,0.438,0.035,0.036,0.043,0.043,3.62,17.92,72346860.0
1.17,1.0,0.473,0.438,0.472,0.437,0.035,0.036,0.043,0.043,3.63,17.912,72970540.0
1.18,1.0,0.471,0.436,0.47,0.435,0.035,0.036,0.044,0.044,3.64,17.904,73594220.0
1.19,1.0,0.469,0.434,0.468,0.434,0.035,0.036,0.044,0.044,3.64,17.896,74217900.0
1.2,1.0,0.467,0.433,0.467,0.432,0.036,0.036,0.044,0.044,3.65,17.889,74841580.0
1.21,1.0,0.466,0.431,0.465,0.43,0.036,0.036,0.044,0.044,3.65,17.881,75465260.0
1.22,1.0,0.464,0.429,0.463,0.428,0.036,0.036,0.044,0.044,3.65,17.875,76088940.0
1.23,1.0,0.462,0.427,0.461,0.427,0.036,0.036,0.044,0.044,3.66,17.868,76712620.0
1.24,1.0,0.46,0.426,0.46,0.425,0.036,0.037,0.044,0.044,3.66,17.862,77336300.0
1.25,1.0,0.459,0.424,0.458,0.423,0.036,0.037,0.044,0.044,3.67,17.855,77959980.0
1.26,1.0,0.457,0.422,0.456,0.421,0.036,0.037,0.044,0.044,3.67,17.849,78583660.0
1.27,1.0,0.455,0.42,0.455,0.42,0.036,0.037,0.044,0.044,3.68,17.844,79207340.0
1.28,1.0,0.454,0.419,0.453,0.418,0.036,0.037,0.044,0.044,3.68,17.838,79831020.0
1.29,1.0,0.452,0.417,0.451,0.416,0.036,0.037,0.044,0.044,3.68,17.833,80454690.0
1.3,1.0,0.45,0.415,0.449,0.415,0.037,0.037,0.044,0.044,3.69,17.827,81078370.0
1.31,1.0,0.448,0.414,0.448,0.413,0.037,0.037,0.045,0.045,3.69,17.822,81702050.0
1.32,1.0,0.447,0.412,0.446,0.411,0.037,0.037,0.045,0.045,3.7,17.817,82325740.0
1.33,1.0,0.445,0.41,0.444,0.41,0.037,0.037,0.045,0.045,3.7,17.812,82949420.0
1.34,1.0,0.443,0.409,0.443,0.408,0.037,0.038,0.045,0.045,3.7,17.808,83573100.0
1.35,1.0,0.442,0.407,0.441,0.406,0.037,0.038,0.045,0.045,3.71,17.803,84196780.0
1.36,1.0,0.44,0.405,0.439,0.405,0.037,0.038,0.045,0.045,3.71,17.799,84820460.0
1.37,1.0,0.438,0.404,0.438,0.403,0.037,0.038,0.045,0.045,3.71,17.794,85444140.0
1.38,1.0,0.437,0.402,0.436,0.401,0.037,0.038,0.045,0.045,3.72,17.79,86067810.0
1.39,1.0,0.435,0.4,0.434,0.4,0.037,0.038,0.045,0.045,3.72,17.786,86691490.0
1.4,1.0,0.434,0.399,0.433,0.398,0.037,0.038,0.045,0.045,3.72,17.782,87315170.0
1.41,1.0,0.432,0.397,0.431,0.396,0.038,0.038,0.045,0.045,3.73,17.778,87938850.0
1.42,1.0,0.43,0.395,0.43,0.395,0.038,0.038,0.045,0.045,3.73,17.775,88562530.0
1.43,1.0,0.429,0.394,0.428,0.393,0.038,0.038,0.045,0.045,3.73,17.771,89186210.0
1.44,1.0,0.427,0.392,0.426,0.392,0.038,0.038,0.045,0.045,3.73,17.767,89809900.0
1.45,1.0,0.425,0.391,0.425,0.39,0.038,0.039,0.045,0.045,3.73,17.764,90433580.0
1.46,1.0,0.424,0.389,0.423,0.388,0.038,0.039,0.045,0.045,3.73,17.76,91057260.0
1.47,1.0,0.422,0.387,0.422,0.387,0.038,0.039,0.045,0.045,3.72,17.757,91680940.0
1.48,1.0,0.421,0.386,0.42,0.385,0.038,0.039,0.045,0.045,3.72,17.754,92304610.0
1.49,1.0,0.419,0.384,0.418,0.384,0.038,0.039,0.046,0.046,3.72,17.751,92928290.0
1.5,1.0,0.418,0.383,0.417,0.382,0.038,0.039,0.046,0.046,3.72,17.748,93551970.0
1.51,1.0,0.416,0.381,0.415,0.38,0.038,0.039,0.046,0.046,3.71,17.745,94175650.0
1.52,1.0,0.414,0.38,0.414,0.379,0.038,0.039,0.046,0.046,3.71,17.742,94799330.0
1.53,1.0,0.413,0.378,0.412,0.377,0.039,0.039,0.046,0.046,3.71,17.739,95423010.0
1.54,1.0,0.411,0.376,0.411,0.376,0.039,0.039,0.046,0.046,3.7,17.736,96046690.0
1.55,1.0,0.41,0.375,0.409,0.374,0.039,0.039,0.046,0.046,3.7,17.733,96670370.0
1.56,1.0,0.408,0.373,0.407,0.373,0.039,0.039,0.046,0.046,3.7,17.731,97294050.0
1.57,1.0,0.407,0.372,0.406,0.371,0.039,0.039,0.046,0.046,3.69,17.728,97917730.0
1.58,1.0,0.405,0.37,0.404,0.37,0.039,0.039,0.046,0.046,3.69,17.725,98541410.0
1.59,1.0,0.404,0.369,0.403,0.368,0.039,0.04,0.046,0.046,3.69,17.723,99165090.0
1.6,1.0,0.402,0.367,0.401,0.367,0.039,0.04,0.046,0.046,3.69,17.721,99788770.0
1.61,1.0,0.401,0.366,0.4,0.365,0.039,0.04,0.046,0.046,3.68,17.718,100412400.0
1.62,1.0,0.399,0.364,0.398,0.364,0.039,0.04,0.046,0.046,3.68,17.716,101036100.0
1.63,1.0,0.398,0.363,0.397,0.362,0.039,0.04,0.046,0.046,3.68,17.714,101659800.0
1.64,1.0,0.396,0.361,0.395,0.361,0.039,0.04,0.046,0.046,3.67,17.712,102283500.0
1.65,1.0,0.395,0.36,0.394,0.359,0.039,0.04,0.046,0.046,3.67,17.709,102907200.0
1.66,1.0,0.393,0.358,0.392,0.358,0.039,0.04,0.046,0.046,3.67,17.707,103530800.0
1.67,1.0,0.392,0.357,0.391,0.356,0.039,0.04,0.046,0.046,3.66,17.705,104154500.0
1.68,1.0,0.39,0.355,0.389,0.355,0.04,0.04,0.046,0.046,3.66,17.703,104778200.0
1.69,1.0,0.389,0.354,0.388,0.353,0.04,0.04,0.046,0.046,3.65,17.701,105401900.0
1.7,1.0,0.387,0.352,0.387,0.352,0.04,0.04,0.046,0.046,3.65,17.7,106025600.0
1.71,1.0,0.386,0.351,0.385,0.35,0.04,0.04,0.046,0.046,3.65,17.698,106649200.0
1.72,1.0,0.384,0.35,0.384,0.349,0.04,0.04,0.046,0.046,3.64,17.696,107272900.0
1.73,1.0,0.383,0.348,0.382,0.347,0.04,0.04,0.047,0.047,3.64,17.694,107896600.0
1.74,1.0,0.382,0.347,0.381,0.346,0.04,0.041,0.047,0.047,3.64,17.693,108520300.0
1.75,1.0,0.38,0.345,0.379,0.344,0.04,0.041,0.047,0.047,3.63,17.691,109144000.0
1.76,1.0,0.379,0.344,0.378,0.343,0.04,0.041,0.047,0.047,3.63,17.689,109767600.0
1.77,1.0,0.377,0.342,0.376,0.342,0.04,0.041,0.047,0.047,3.63,17.688,110391300.0
1.78,1.0,0.376,0.341,0.375,0.34,0.04,0.041,0.047,0.047,3.62,17.686,111015000.0
1.79,1.0,0.374,0.34,0.374,0.339,0.04,0.041,0.047,0.047,3.62,17.685,111638700.0
1.8,1.0,0.373,0.338,0.372,0.337,0.04,0.041,0.047,0.047,3.61,17.684,112262400.0
1.81,1.0,0.372,0.337,0.371,0.336,0.04,0.041,0.047,0.047,3.61,17.682,112886000.0
1.82,1.0,0.37,0.335,0.369,0.335,0.04,0.041,0.047,0.047,3.61,17.681,113509700.0
1.83,1.0,0.369,0.334,0.368,0.333,0.04,0.041,0.047,0.047,3.6,17.68,114133400.0
1.84,1.0,0.367,0.333,0.367,0.332,0.04,0.041,0.047,0.047,3.6,17.678,114757100.0
1.85,1.0,0.366,0.331,0.365,0.33,0.041,0.041,0.047,0.047,3.59,17.677,115380800.0
1.86,1.0,0.365,0.33,0.364,0.329,0.041,0.041,0.047,0.047,3.59,17.676,116004400.0
1.87,1.0,0.363,0.328,0.363,0.328,0.041,0.041,0.047,0.047,3.59,17.675,116628100.0
1.88,1.0,0.362,0.327,0.361,0.326,0.041,0.041,0.047,0.047,3.58,17.674,117251800.0
1.89,1.0,0.361,0.326,0.36,0.325,0.041,0.041,0.047,0.047,3.58,17.673,117875500.0
1.9,1.0,0.359,0.324,0.358,0.324,0.041,0.041,0.047,0.047,3.57,17.672,118499200.0
1.91,1.0,0.358,0.323,0.357,0.322,0.041,0.041,0.047,0.047,3.57,17.671,119122800.0
1.92,1.0,0.356,0.322,0.356,0.321,0.041,0.041,0.047,0.047,3.57,17.67,119746500.0
1.93,1.0,0.355,0.32,0.354,0.32,0.041,0.042,0.047,0.047,3.56,17.669,120370200.0
1.94,1.0,0.354,0.319,0.353,0.318,0.041,0.042,0.047,0.047,3.56,17.668,120993900.0
1.95,1.0,0.352,0.318,0.352,0.317,0.041,0.042,0.047,0.047,3.55,17.667,121617600.0
1.96,1.0,0.351,0.316,0.35,0.316,0.041,0.042,0.047,0.047,3.55,17.666,122241200.0
1.97,1.0,0.35,0.315,0.349,0.314,0.041,0.042,0.047,0.047,3.55,17.666,122864900.0
1.98,1.0,0.349,0.314,0.348,0.313,0.041,0.042,0.047,0.047,3.54,17.665,123488600.0
1.99,1.0,0.347,0.312,0.346,0.311,0.041,0.042,0.047,0.047,3.54,17.664,124112300.0
2.0,1.0,0.346,0.311,0.345,0.31,0.041,0.042,0.047,0.047,3.53,17.664,124736000.0
2.01,1.0,0.345,0.309,0.344,0.309,0.041,0.042,0.047,0.047,3.53,17.663,125359600.0
2.02,1.0,0.343,0.308,0.343,0.307,0.041,0.042,0.047,0.047,3.52,17.662,125983300.0
2.03,1.0,0.342,0.307,0.341,0.306,0.041,0.042,0.047,0.047,3.52,17.662,126607000.0
2.04,1.0,0.341,0.306,0.34,0.305,0.041,0.042,0.047,0.047,3.52,17.661,127230700.0
2.05,1.0,0.34,0.304,0.339,0.303,0.041,0.042,0.047,0.047,3.51,17.661,127854400.0
2.06,1.0,0.339,0.303,0.338,0.302,0.042,0.042,0.047,0.047,3.51,17.66,128478000.0
2.07,1.0,0.337,0.302,0.337,0.301,0.042,0.042,0.047,0.047,3.5,17.66,129101700.0
2.08,1.0,0.336,0.3,0.335,0.3,0.042,0.042,0.047,0.047,3.5,17.66,129725400.0
2.09,1.0,0.335,0.299,0.334,0.298,0.042,0.042,0.047,0.047,3.49,17.659,130349100.0
2.1,1.0,0.334,0.298,0.333,0.297,0.042,0.042,0.047,0.047,3.49,17.659,130972800.0
2.11,1.0,0.333,0.297,0.332,0.296,0.042,0.042,0.048,0.048,3.48,17.659,131596400.0
2.12,1.0,0.332,0.295,0.331,0.295,0.042,0.042,0.048,0.048,3.48,17.658,132220100.0
2.13,1.0,0.33,0.294,0.33,0.293,0.042,0.042,0.048,0.048,3.48,17.658,132843800.0
2.14,1.0,0.329,0.293,0.328,0.292,0.042,0.042,0.048,0.048,3.47,17.658,133467500.0
2.15,1.0,0.328,0.292,0.327,0.291,0.042,0.042,0.048,0.048,3.47,17.658,134091200.0
2.16,1.0,0.327,0.29,0.326,0.29,0.042,0.043,0.048,0.048,3.46,17.657,134714800.0
2.17,1.0,0.326,0.289,0.325,0.288,0.042,0.043,0.048,0.048,3.46,17.657,135338500.0
2.18,1.0,0.325,0.288,0.324,0.287,0.042,0.043,0.048,0.048,3.45,17.657,135962200.0
2.19,1.0,0.324,0.287,0.323,0.286,0.042,0.043,0.048,0.048,3.45,17.657,136585900.0
2.2,1.0,0.322,0.286,0.322,0.285,0.042,0.043,0.048,0.048,3.44,17.657,137209600.0
2.21,1.0,0.321,0.284,0.321,0.284,0.042,0.043,0.048,0.048,3.44,17.657,137833200.0
2.22,1.0,0.32,0.283,0.319,0.282,0.042,0.043,0.048,0.048,3.43,17.657,138456900.0
2.23,1.0,0.319,0.282,0.318,0.281,0.042,0.043,0.048,0.048,3.43,17.657,139080600.0
2.24,1.0,0.318,0.281,0.317,0.28,0.042,0.043,0.048,0.048,3.42,17.657,139704300.0
2.25,1.0,0.317,0.28,0.316,0.279,0.042,0.043,0.048,0.048,3.42,17.657,140328000.0
2.26,1.0,0.316,0.278,0.315,0.278,0.042,0.043,0.048,0.048,3.41,17.657,140951600.0
2.27,1.0,0.315,0.277,0.314,0.277,0.042,0.043,0.048,0.048,3.41,17.658,141575300.0
2.28,1.0,0.314,0.276,0.313,0.275,0.042,0.043,0.048,0.048,3.4,17.658,142199000.0
2.29,1.0,0.313,0.275,0.312,0.274,0.042,0.043,0.048,0.048,3.4,17.681,142822700.0
2.3,1.0,0.312,0.274,0.311,0.273,0.043,0.043,0.048,0.048,3.4,17.72,143446400.0
2.31,1.0,0.311,0.273,0.31,0.272,0.043,0.043,0.048,0.048,3.4,17.76,144070000.0
2.32,1.0,0.31,0.272,0.309,0.271,0.043,0.043,0.048,0.048,3.41,17.799,144693700.0
2.33,1.0,0.308,0.27,0.308,0.27,0.043,0.044,0.048,0.048,3.41,17.838,145317400.0
2.34,1.0,0.307,0.269,0.307,0.269,0.043,0.044,0.048,0.048,3.41,17.878,145941100.0
2.35,1.0,0.306,0.268,0.306,0.267,0.043,0.044,0.049,0.049,3.41,17.917,146564800.0
2.36,1.0,0.305,0.267,0.305,0.266,0.043,0.044,0.049,0.049,3.41,17.957,147188400.0
2.37,1.0,0.304,0.266,0.304,0.265,0.043,0.044,0.049,0.049,3.41,17.997,147812100.0
2.38,1.0,0.303,0.265,0.303,0.264,0.044,0.044,0.049,0.049,3.41,18.037,148435800.0
2.39,1.0,0.302,0.264,0.302,0.263,0.044,0.044,0.049,0.049,3.41,18.077,149059500.0
2.4,1.0,0.301,0.263,0.301,0.262,0.044,0.044,0.049,0.049,3.41,18.117,149683200.0
2.41,1.0,0.3,0.262,0.3,0.261,0.044,0.045,0.049,0.049,3.41,18.157,150306800.0
2.42,1.0,0.299,0.26,0.299,0.26,0.044,0.045,0.049,0.049,3.41,18.197,150930500.0
2.43,1.0,0.298,0.259,0.298,0.259,0.044,0.045,0.049,0.049,3.41,18.237,151554200.0
2.44,1.0,0.297,0.258,0.297,0.258,0.044,0.045,0.049,0.049,3.41,18.278,152177900.0
2.45,1.0,0.296,0.257,0.296,0.256,0.044,0.045,0.05,0.05,3.41,18.318,152801600.0
2.46,1.0,0.295,0.256,0.295,0.256,0.045,0.045,0.05,0.05,3.41,18.358,153425200.0
2.47,1.0,0.294,0.256,0.294,0.255,0.045,0.045,0.05,0.05,3.41,18.399,154048900.0
2.48,1.0,0.293,0.255,0.293,0.254,0.045,0.045,0.05,0.05,3.42,18.44,154672600.0
2.49,1.0,0.293,0.254,0.292,0.253,0.045,0.046,0.05,0.05,3.42,18.48,155296300.0
2.5,1.0,0.292,0.253,0.291,0.253,0.045,0.046,0.05,0.05,3.42,18.521,155920000.0
2.51,1.0,0.291,0.253,0.29,0.252,0.045,0.046,0.05,0.05,3.42,18.562,156543600.0
2.52,1.0,0.29,0.252,0.289,0.251,0.045,0.046,0.05,0.05,3.42,18.603,157167300.0
2.53,1.0,0.289,0.251,0.288,0.25,0.045,0.046,0.05,0.05,3.42,18.644,157791000.0
2.54,1.0,0.288,0.25,0.287,0.249,0.046,0.046,0.051,0.051,3.42,18.685,158414700.0
2.55,1.0,0.287,0.25,0.286,0.249,0.046,0.046,0.051,0.051,3.42,18.726,159038400.0
2.56,1.0,0.286,0.249,0.285,0.248,0.046,0.046,0.051,0.051,3.42,18.767,159662000.0
2.57,1.0,0.285,0.248,0.284,0.247,0.046,0.047,0.051,0.051,3.42,18.809,160285700.0
2.58,1.0,0.284,0.247,0.283,0.246,0.046,0.047,0.051,0.051,3.42,18.85,160909400.0
2.59,1.0,0.283,0.247,0.282,0.246,0.046,0.047,0.051,0.051,3.42,18.891,161533100.0
2.6,1.0,0.282,0.246,0.281,0.245,0.046,0.047,0.051,0.051,3.42,18.933,162156700.0
2.61,1.0,0.281,0.245,0.281,0.244,0.046,0.047,0.051,0.051,3.42,18.974,162780400.0
2.62,1.0,0.28,0.244,0.28,0.244,0.046,0.047,0.051,0.051,3.42,19.016,163404100.0
2.63,1.0,0.28,0.244,0.279,0.243,0.047,0.047,0.051,0.051,3.42,19.058,164027800.0
2.64,1.0,0.279,0.243,0.278,0.242,0.047,0.047,0.052,0.052,3.42,19.099,164651500.0
2.65,1.0,0.278,0.242,0.277,0.241,0.047,0.047,0.052,0.052,3.42,19.141,165275200.0
2.66,1.0,0.277,0.242,0.276,0.241,0.047,0.048,0.052,0.052,3.42,19.183,165898800.0
2.67,1.0,0.276,0.241,0.275,0.24,0.047,0.048,0.052,0.052,3.42,19.225,166522500.0
2.68,1.0,0.275,0.24,0.274,0.239,0.047,0.048,0.052,0.052,3.42,19.267,167146200.0
2.69,1.0,0.274,0.24,0.273,0.239,0.047,0.048,0.052,0.052,3.42,19.309,167769900.0
2.7,1.0,0.273,0.239,0.273,0.238,0.047,0.048,0.052,0.052,3.42,19.351,168393600.0
2.71,1.0,0.273,0.238,0.272,0.237,0.047,0.048,0.052,0.052,3.42,19.393,169017200.0
2.72,1.0,0.272,0.238,0.271,0.237,0.048,0.048,0.052,0.052,3.42,19.435,169640900.0
2.73,1.0,0.271,0.237,0.27,0.236,0.048,0.048,0.052,0.052,3.42,19.477,170264600.0
2.74,1.0,0.27,0.236,0.269,0.235,0.048,0.048,0.053,0.053,3.42,19.52,170888300.0
2.75,1.0,0.269,0.236,0.268,0.235,0.048,0.049,0.053,0.053,3.42,19.562,171512000.0
2.76,1.0,0.268,0.235,0.267,0.234,0.048,0.049,0.053,0.053,3.42,19.604,172135600.0
2.77,1.0,0.268,0.234,0.267,0.233,0.048,0.049,0.053,0.053,3.42,19.647,172759300.0
2.78,1.0,0.267,0.234,0.266,0.233,0.048,0.049,0.053,0.053,3.42,19.689,173383000.0
2.79,1.0,0.266,0.233,0.265,0.232,0.048,0.049,0.053,0.053,3.42,19.732,174006700.0
2.8,1.0,0.265,0.232,0.264,0.231,0.048,0.049,0.053,0.053,3.42,19.775,174630300.0
2.81,1.0,0.264,0.232,0.263,0.231,0.049,0.049,0.053,0.053,3.42,19.817,175254000.0
2.82,1.0,0.263,0.231,0.263,0.23,0.049,0.049,0.053,0.053,3.42,19.86,175877700.0
2.83,1.0,0.263,0.23,0.262,0.229,0.049,0.049,0.053,0.053,3.42,19.903,176501400.0
2.84,1.0,0.262,0.23,0.261,0.229,0.049,0.049,0.053,0.053,3.42,19.945,177125100.0
2.85,1.0,0.261,0.229,0.26,0.228,0.049,0.05,0.054,0.054,3.42,19.988,177748700.0
2.86,1.0,0.26,0.229,0.259,0.228,0.049,0.05,0.054,0.054,3.42,20.031,178372400.0
2.87,1.0,0.259,0.228,0.259,0.227,0.049,0.05,0.054,0.054,3.42,20.074,178996100.0
2.88,1.0,0.259,0.227,0.258,0.226,0.049,0.05,0.054,0.054,3.42,20.117,179619800.0
2.89,1.0,0.258,0.227,0.257,0.226,0.049,0.05,0.054,0.054,3.41,20.16,180243500.0
2.9,1.0,0.257,0.226,0.256,0.225,0.05,0.05,0.054,0.054,3.41,20.203,180867200.0
2.91,1.0,0.256,0.226,0.255,0.225,0.05,0.05,0.054,0.054,3.41,20.246,181490800.0
2.92,1.0,0.256,0.225,0.255,0.224,0.05,0.05,0.054,0.054,3.41,20.29,182114500.0
2.93,1.0,0.255,0.224,0.254,0.223,0.05,0.05,0.054,0.054,3.41,20.333,182738200.0
2.94,1.0,0.254,0.224,0.253,0.223,0.05,0.05,0.054,0.054,3.41,20.376,183361900.0
2.95,1.0,0.253,0.223,0.252,0.222,0.05,0.051,0.054,0.054,3.41,20.419,183985500.0
2.96,1.0,0.252,0.223,0.252,0.222,0.05,0.051,0.055,0.055,3.41,20.463,184609200.0
2.97,1.0,0.252,0.222,0.251,0.221,0.05,0.051,0.055,0.055,3.41,20.506,185232900.0
2.98,1.0,0.251,0.221,0.25,0.221,0.05,0.051,0.055,0.055,3.41,20.549,185856600.0
2.99,1.0,0.25,0.221,0.249,0.22,0.05,0.051,0.055,0.055,3.41,20.593,186480300.0
3.0,1.0,0.249,0.22,0.249,0.219,0.051,0.051,0.055,0.055,3.41,20.636,187103900.0
3.01,1.0,0.249,0.22,0.248,0.219,0.051,0.051,0.055,0.055,3.41,20.68,187727600.0
3.02,1.0,0.248,0.219,0.247,0.218,0.051,0.051,0.055,0.055,3.41,20.724,188351300.0
3.03,1.0,0.247,0.219,0.247,0.218,0.051,0.051,0.055,0.055,3.41,20.767,188975000.0
3.04,1.0,0.247,0.218,0.246,0.217,0.051,0.051,0.055,0.055,3.41,20.811,189598700.0
3.05,1.0,0.246,0.218,0.245,0.217,0.051,0.052,0.055,0.055,3.41,20.855,190222300.0
3.06,1.0,0.246,0.217,0.245,0.216,0.051,0.052,0.055,0.055,3.4,20.898,190846000.0
3.07,1.0,0.245,0.216,0.244,0.215,0.051,0.052,0.055,0.055,3.4,20.942,191469700.0
3.08,1.0,0.244,0.216,0.243,0.215,0.051,0.052,0.056,0.056,3.4,20.986,192093400.0
3.09,1.0,0.244,0.215,0.243,0.214,0.051,0.052,0.056,0.056,3.4,21.03,192717100.0
3.1,1.0,0.243,0.215,0.242,0.214,0.052,0.052,0.056,0.056,3.4,21.074,193340700.0
3.11,1.0,0.242,0.214,0.241,0.213,0.052,0.052,0.056,0.056,3.4,21.118,193964400.0
3.12,1.0,0.242,0.214,0.241,0.213,0.052,0.052,0.056,0.056,3.4,21.161,194588100.0
3.13,1.0,0.241,0.213,0.24,0.212,0.052,0.052,0.056,0.056,3.4,21.205,195211800.0
3.14,1.0,0.24,0.213,0.239,0.212,0.052,0.052,0.056,0.056,3.4,21.249,195835500.0
3.15,1.0,0.24,0.212,0.239,0.211,0.052,0.052,0.056,0.056,3.4,21.294,196459100.0
3.16,1.0,0.239,0.212,0.238,0.211,0.052,0.053,0.056,0.056,3.4,21.338,197082800.0
3.17,1.0,0.239,0.211,0.238,0.21,0.052,0.053,0.056,0.056,3.4,21.382,197706500.0
3.18,1.0,0.238,0.21,0.237,0.21,0.052,0.053,0.056,0.056,3.39,21.426,198330200.0
3.19,1.0,0.237,0.21,0.236,0.209,0.052,0.053,0.056,0.056,3.39,21.47,198953900.0
3.2,1.0,0.237,0.209,0.236,0.209,0.052,0.053,0.057,0.057,3.39,21.514,199577500.0
3.21,1.0,0.236,0.209,0.235,0.208,0.053,0.053,0.057,0.057,3.39,21.559,200201200.0
3.22,1.0,0.236,0.208,0.235,0.207,0.053,0.053,0.057,0.057,3.39,21.603,200824900.0
3.23,1.0,0.235,0.208,0.234,0.207,0.053,0.053,0.057,0.057,3.39,21.647,201448600.0
3.24,1.0,0.234,0.207,0.233,0.206,0.053,0.053,0.057,0.057,3.39,21.692,202072300.0
3.25,1.0,0.234,0.207,0.233,0.206,0.053,0.053,0.057,0.057,3.39,21.736,202695900.0
3.26,1.0,0.233,0.206,0.232,0.205,0.053,0.053,0.057,0.057,3.39,21.78,203319600.0
3.27,1.0,0.233,0.206,0.232,0.205,0.053,0.054,0.057,0.057,3.38,21.825,203943300.0
3.28,1.0,0.232,0.205,0.231,0.204,0.053,0.054,0.057,0.057,3.38,21.869,204567000.0
3.29,1.0,0.231,0.205,0.23,0.204,0.053,0.054,0.057,0.057,3.38,21.914,205190700.0
3.3,1.0,0.231,0.204,0.23,0.203,0.053,0.054,0.057,0.057,3.38,21.958,205814300.0
3.31,1.0,0.23,0.204,0.229,0.203,0.053,0.054,0.057,0.057,3.38,22.003,206438000.0
3.32,1.0,0.23,0.203,0.229,0.202,0.054,0.054,0.058,0.058,3.38,22.047,207061700.0
3.33,1.0,0.229,0.203,0.228,0.202,0.054,0.054,0.058,0.058,3.38,22.092,207685400.0
3.34,1.0,0.228,0.203,0.228,0.202,0.054,0.054,0.058,0.058,3.38,22.137,208309000.0
3.35,1.0,0.228,0.202,0.227,0.201,0.054,0.054,0.058,0.058,3.38,22.181,208932700.0
3.36,1.0,0.227,0.202,0.226,0.201,0.054,0.054,0.058,0.058,3.37,22.226,209556400.0
3.37,1.0,0.227,0.201,0.226,0.2,0.054,0.054,0.058,0.058,3.37,22.271,210180100.0
3.38,1.0,0.226,0.201,0.225,0.2,0.054,0.054,0.058,0.058,3.37,22.315,210803800.0
3.39,1.0,0.226,0.2,0.225,0.199,0.054,0.055,0.058,0.058,3.37,22.36,211427500.0
3.4,1.0,0.225,0.2,0.224,0.199,0.054,0.055,0.058,0.058,3.37,22.405,212051100.0
3.41,1.0,0.225,0.199,0.224,0.198,0.054,0.055,0.058,0.058,3.37,22.45,212674800.0
3.42,1.0,0.224,0.199,0.223,0.198,0.054,0.055,0.058,0.058,3.37,22.495,213298500.0
3.43,1.0,0.223,0.198,0.222,0.197,0.054,0.055,0.058,0.058,3.36,22.539,213922200.0
3.44,1.0,0.223,0.198,0.222,0.197,0.055,0.055,0.058,0.058,3.37,22.612,214545900.0
3.45,1.0,0.222,0.197,0.221,0.196,0.055,0.055,0.059,0.059,3.37,22.657,215169500.0
3.46,1.0,0.222,0.197,0.221,0.196,0.055,0.055,0.059,0.059,3.36,22.702,215793200.0
3.47,1.0,0.221,0.197,0.22,0.196,0.055,0.055,0.059,0.059,3.36,22.748,216416900.0
3.48,1.0,0.221,0.196,0.22,0.195,0.055,0.055,0.059,0.059,3.36,22.793,217040600.0
3.49,1.0,0.22,0.196,0.219,0.195,0.055,0.055,0.059,0.059,3.36,22.838,217664300.0
3.5,1.0,0.22,0.195,0.219,0.194,0.055,0.056,0.059,0.059,3.36,22.884,218287900.0
3.51,1.0,0.219,0.195,0.218,0.194,0.055,0.056,0.059,0.059,3.36,22.929,218911600.0
3.52,1.0,0.219,0.194,0.218,0.193,0.055,0.056,0.059,0.059,3.36,22.975,219535300.0
3.53,1.0,0.218,0.194,0.217,0.193,0.055,0.056,0.059,0.059,3.36,23.02,220159000.0
3.54,1.0,0.218,0.193,0.217,0.192,0.056,0.056,0.059,0.059,3.36,23.066,220782600.0
3.55,1.0,0.217,0.193,0.216,0.192,0.056,0.056,0.059,0.059,3.36,23.111,221406300.0
3.56,1.0,0.217,0.193,0.216,0.192,0.056,0.056,0.06,0.06,3.36,23.157,222030000.0
3.57,1.0,0.216,0.192,0.215,0.191,0.056,0.056,0.06,0.06,3.36,23.202,222653700.0
3.58,1.0,0.216,0.192,0.215,0.191,0.056,0.056,0.06,0.06,3.36,23.248,223277400.0
3.59,1.0,0.215,0.191,0.214,0.19,0.056,0.056,0.06,0.06,3.36,23.294,223901000.0
3.6,1.0,0.214,0.191,0.213,0.19,0.056,0.057,0.06,0.06,3.37,23.339,224524700.0
3.61,1.0,0.214,0.191,0.213,0.19,0.056,0.057,0.06,0.06,3.37,23.385,225148400.0
3.62,1.0,0.213,0.19,0.212,0.189,0.056,0.057,0.06,0.06,3.38,23.431,225772100.0
3.63,1.0,0.213,0.19,0.212,0.189,0.056,0.057,0.06,0.06,3.38,23.477,226395800.0
3.64,1.0,0.212,0.189,0.211,0.188,0.057,0.057,0.06,0.06,3.39,23.522,227019500.0
3.65,1.0,0.212,0.189,0.211,0.188,0.057,0.057,0.06,0.06,3.39,23.568,227643100.0
3.66,1.0,0.212,0.189,0.21,0.187,0.057,0.057,0.06,0.06,3.4,23.614,228266800.0
3.67,1.0,0.211,0.188,0.21,0.187,0.057,0.057,0.061,0.061,3.4,23.66,228890500.0
3.68,1.0,0.211,0.188,0.209,0.187,0.057,0.057,0.061,0.061,3.41,23.706,229514200.0
3.69,1.0,0.21,0.187,0.209,0.186,0.057,0.057,0.061,0.061,3.41,23.752,230137900.0
3.7,1.0,0.21,0.187,0.209,0.186,0.057,0.058,0.061,0.061,3.42,23.798,230761500.0
3.71,1.0,0.209,0.187,0.208,0.186,0.057,0.058,0.061,0.061,3.42,23.844,231385200.0
3.72,1.0,0.209,0.186,0.208,0.185,0.057,0.058,0.061,0.061,3.43,23.89,232008900.0
3.73,1.0,0.208,0.186,0.207,0.185,0.057,0.058,0.061,0.061,3.43,23.936,232632600.0
3.74,1.0,0.208,0.185,0.207,0.184,0.058,0.058,0.061,0.061,3.44,23.982,233256200.0
3.75,1.0,0.207,0.185,0.206,0.184,0.058,0.058,0.061,0.061,3.44,24.028,233879900.0
3.76,1.0,0.207,0.185,0.206,0.184,0.058,0.058,0.061,0.061,3.45,24.074,234503600.0
3.77,1.0,0.206,0.184,0.205,0.183,0.058,0.058,0.061,0.061,3.45,24.12,235127300.0
3.78,1.0,0.206,0.184,0.205,0.183,0.058,0.058,0.061,0.061,3.46,24.166,235751000.0
3.79,1.0,0.205,0.184,0.204,0.182,0.058,0.058,0.062,0.062,3.46,24.213,236374600.0
3.8,1.0,0.205,0.183,0.204,0.182,0.058,0.058,0.062,0.062,3.47,24.259,236998300.0
3.81,1.0,0.204,0.183,0.203,0.182,0.058,0.059,0.062,0.062,3.47,24.305,237622000.0
3.82,1.0,0.204,0.182,0.203,0.181,0.058,0.059,0.062,0.062,3.48,24.351,238245700.0
3.83,1.0,0.203,0.182,0.202,0.181,0.058,0.059,0.062,0.062,3.48,24.397,238869400.0
3.84,1.0,0.203,0.182,0.202,0.181,0.058,0.059,0.062,0.062,3.49,24.444,239493000.0
3.85,1.0,0.203,0.181,0.201,0.18,0.059,0.059,0.062,0.062,3.49,24.49,240116700.0
3.86,1.0,0.202,0.181,0.201,0.18,0.059,0.059,0.062,0.062,3.5,24.536,240740400.0
3.87,1.0,0.202,0.181,0.201,0.179,0.059,0.059,0.062,0.062,3.5,24.583,241364100.0
3.88,1.0,0.201,0.18,0.2,0.179,0.059,0.059,0.062,0.062,3.51,24.629,241987800.0
3.89,1.0,0.201,0.18,0.2,0.179,0.059,0.059,0.062,0.062,3.51,24.676,242611500.0
3.9,1.0,0.2,0.179,0.199,0.178,0.059,0.059,0.063,0.063,3.52,24.722,243235100.0
3.91,1.0,0.2,0.179,0.199,0.178,0.059,0.06,0.063,0.063,3.52,24.769,243858800.0
3.92,1.0,0.199,0.179,0.198,0.178,0.059,0.06,0.063,0.063,3.53,24.815,244482500.0
3.93,1.0,0.199,0.178,0.198,0.177,0.059,0.06,0.063,0.063,3.54,24.862,245106200.0
3.94,1.0,0.199,0.178,0.197,0.177,0.059,0.06,0.063,0.063,3.54,24.908,245729800.0
3.95,1.0,0.198,0.178,0.197,0.176,0.06,0.06,0.063,0.063,3.55,24.955,246353500.0
3.96,1.0,0.198,0.177,0.197,0.176,0.06,0.06,0.063,0.063,3.55,25.001,246977200.0
3.97,1.0,0.197,0.177,0.196,0.176,0.06,0.06,0.063,0.063,3.56,25.048,247600900.0
3.98,1.0,0.197,0.176,0.196,0.175,0.06,0.06,0.063,0.063,3.56,25.095,248224600.0
3.99,1.0,0.196,0.176,0.195,0.175,0.06,0.06,0.063,0.063,3.57,25.141,248848200.0
4.0,1.0,0.196,0.176,0.195,0.175,0.06,0.06,0.063,0.063,3.57,25.188,249471900.0
4.01,1.0,0.196,0.175,0.194,0.174,0.06,0.06,0.064,0.064,3.58,25.235,250095600.0
4.02,1.0,0.195,0.175,0.194,0.174,0.06,0.061,0.064,0.064,3.58,25.281,250719300.0
4.03,1.0,0.195,0.175,0.194,0.174,0.06,0.061,0.064,0.064,3.59,25.328,251343000.0
4.04,1.0,0.194,0.174,0.193,0.173,0.06,0.061,0.064,0.064,3.59,25.375,251966600.0
4.05,1.0,0.194,0.174,0.193,0.173,0.061,0.061,0.064,0.064,3.6,25.422,252590300.0
4.06,1.0,0.193,0.174,0.192,0.172,0.061,0.061,0.064,0.064,3.6,25.469,253214000.0
4.07,1.0,0.193,0.173,0.192,0.172,0.061,0.061,0.064,0.064,3.61,25.515,253837700.0
4.08,1.0,0.193,0.173,0.192,0.172,0.061,0.061,0.064,0.064,3.61,25.562,254461400.0
4.09,1.0,0.192,0.173,0.191,0.171,0.061,0.061,0.064,0.064,3.62,25.609,255085000.0
4.1,1.0,0.192,0.172,0.191,0.171,0.061,0.061,0.064,0.064,3.62,25.656,255708700.0
4.11,1.0,0.191,0.172,0.19,0.171,0.061,0.061,0.064,0.064,3.63,25.703,256332400.0
4.12,1.0,0.191,0.171,0.19,0.17,0.061,0.062,0.064,0.064,3.63,25.75,256956100.0
4.13,1.0,0.191,0.171,0.19,0.17,0.061,0.062,0.065,0.065,3.64,25.797,257579800.0
4.14,1.0,0.19,0.171,0.189,0.17,0.061,0.062,0.065,0.065,3.64,25.844,258203400.0
4.15,1.0,0.19,0.17,0.189,0.169,0.061,0.062,0.065,0.065,3.65,25.891,258827100.0
4.16,1.0,0.189,0.17,0.188,0.169,0.062,0.062,0.065,0.065,3.65,25.938,259450800.0
4.17,1.0,0.189,0.17,0.188,0.169,0.062,0.062,0.065,0.065,3.66,25.985,260074500.0
4.18,1.0,0.189,0.169,0.188,0.168,0.062,0.062,0.065,0.065,3.66,26.032,260698100.0
4.19,1.0,0.188,0.169,0.187,0.168,0.062,0.062,0.065,0.065,3.67,26.079,261321800.0
4.2,1.0,0.188,0.169,0.187,0.168,0.062,0.062,0.065,0.065,3.67,26.127,261945500.0
4.21,1.0,0.188,0.168,0.186,0.167,0.062,0.062,0.065,0.065,3.68,26.174,262569200.0
4.22,1.0,0.187,0.168,0.186,0.167,0.062,0.062,0.065,0.065,3.68,26.221,263192900.0
4.23,1.0,0.187,0.168,0.186,0.167,0.062,0.063,0.065,0.065,3.69,26.259,263816600.0
4.24,1.0,0.186,0.168,0.185,0.166,0.062,0.063,0.065,0.065,3.68,26.281,264440200.0
4.25,1.0,0.186,0.167,0.185,0.166,0.062,0.062,0.065,0.065,3.68,26.303,265063900.0
4.26,1.0,0.186,0.167,0.184,0.166,0.062,0.062,0.065,0.065,3.68,26.324,265687600.0
4.27,1.0,0.185,0.167,0.184,0.165,0.062,0.062,0.065,0.065,3.68,26.345,266311300.0
4.28,1.0,0.185,0.166,0.184,0.165,0.062,0.062,0.065,0.065,3.68,26.366,266935000.0
4.29,1.0,0.184,0.166,0.183,0.165,0.062,0.062,0.065,0.065,3.68,26.387,267558600.0
4.3,1.0,0.184,0.166,0.183,0.164,0.062,0.062,0.065,0.065,3.67,26.407,268182300.0
4.31,1.0,0.184,0.165,0.183,0.164,0.062,0.062,0.065,0.065,3.67,26.427,268806000.0
4.32,1.0,0.183,0.165,0.182,0.164,0.062,0.062,0.065,0.065,3.67,26.447,269429700.0
4.33,1.0,0.183,0.165,0.182,0.164,0.062,0.062,0.065,0.065,3.67,26.467,270053300.0
4.34,1.0,0.183,0.164,0.182,0.163,0.062,0.062,0.065,0.065,3.67,26.486,270677100.0
4.35,1.0,0.182,0.164,0.181,0.163,0.062,0.062,0.065,0.065,3.67,26.505,271300700.0
4.36,1.0,0.182,0.164,0.181,0.163,0.062,0.062,0.065,0.065,3.66,26.524,271924400.0
4.37,1.0,0.182,0.163,0.18,0.162,0.062,0.062,0.065,0.065,3.66,26.542,272548100.0
4.38,1.0,0.181,0.163,0.18,0.162,0.062,0.062,0.065,0.065,3.66,26.56,273171700.0
4.39,1.0,0.181,0.163,0.18,0.162,0.062,0.062,0.065,0.065,3.66,26.578,273795400.0
4.4,1.0,0.18,0.163,0.179,0.161,0.062,0.062,0.065,0.065,3.66,26.596,274419100.0
4.41,1.0,0.18,0.162,0.179,0.161,0.062,0.062,0.065,0.065,3.66,26.613,275042800.0
4.42,1.0,0.18,0.162,0.179,0.161,0.062,0.062,0.065,0.065,3.65,26.63,275666500.0
4.43,1.0,0.179,0.162,0.178,0.161,0.062,0.062,0.065,0.065,3.65,26.647,276290100.0
4.44,1.0,0.179,0.161,0.178,0.16,0.062,0.062,0.065,0.065,3.65,26.664,276913800.0
4.45,1.0,0.179,0.161,0.178,0.16,0.062,0.062,0.065,0.065,3.65,26.681,277537500.0
4.46,1.0,0.178,0.161,0.177,0.16,0.062,0.062,0.065,0.065,3.65,26.697,278161200.0
4.47,1.0,0.178,0.161,0.177,0.16,0.062,0.062,0.065,0.065,3.65,26.713,278784900.0
4.48,1.0,0.178,0.16,0.177,0.159,0.062,0.062,0.065,0.065,3.64,26.729,279408500.0
4.49,1.0,0.177,0.16,0.176,0.159,0.062,0.062,0.065,0.065,3.64,26.744,280032200.0
4.5,1.0,0.177,0.16,0.176,0.159,0.062,0.062,0.065,0.065,3.64,26.759,280655900.0
4.51,1.0,0.177,0.16,0.175,0.159,0.062,0.062,0.065,0.065,3.64,26.774,281279600.0
4.52,1.0,0.176,0.159,0.175,0.158,0.062,0.062,0.065,0.065,3.64,26.789,281903300.0
4.53,1.0,0.176,0.159,0.175,0.158,0.061,0.062,0.065,0.065,3.63,26.804,282527000.0
4.54,1.0,0.176,0.159,0.174,0.158,0.061,0.062,0.065,0.065,3.63,26.818,283150600.0
4.55,1.0,0.175,0.159,0.174,0.157,0.061,0.062,0.064,0.064,3.63,26.833,283774300.0
4.56,1.0,0.175,0.158,0.174,0.157,0.061,0.062,0.064,0.064,3.63,26.847,284398000.0
4.57,1.0,0.175,0.158,0.173,0.157,0.061,0.062,0.064,0.064,3.63,26.861,285021700.0
4.58,1.0,0.174,0.158,0.173,0.157,0.061,0.062,0.064,0.064,3.63,26.874,285645300.0
4.59,1.0,0.174,0.158,0.173,0.156,0.061,0.062,0.064,0.064,3.62,26.888,286269000.0
4.6,1.0,0.174,0.157,0.172,0.156,0.061,0.062,0.064,0.064,3.62,26.901,286892700.0
4.61,1.0,0.173,0.157,0.172,0.156,0.061,0.062,0.064,0.064,3.62,26.914,287516400.0
4.62,1.0,0.173,0.157,0.172,0.156,0.061,0.062,0.064,0.064,3.62,26.927,288140100.0
4.63,1.0,0.173,0.156,0.171,0.155,0.061,0.062,0.064,0.064,3.62,26.939,288763700.0
4.64,1.0,0.172,0.156,0.171,0.155,0.061,0.061,0.064,0.064,3.62,26.952,289387400.0
4.65,1.0,0.172,0.156,0.171,0.155,0.061,0.061,0.064,0.064,3.61,26.964,290011100.0
4.66,1.0,0.172,0.156,0.17,0.155,0.061,0.061,0.064,0.064,3.61,26.976,290634800.0
4.67,1.0,0.171,0.155,0.17,0.154,0.061,0.061,0.064,0.064,3.61,26.988,291258500.0
4.68,1.0,0.171,0.155,0.17,0.154,0.061,0.061,0.064,0.064,3.61,27.0,291882100.0
4.69,1.0,0.171,0.155,0.169,0.154,0.061,0.061,0.064,0.064,3.61,27.012,292505800.0
4.7,1.0,0.17,0.155,0.169,0.154,0.061,0.061,0.064,0.064,3.6,27.023,293129500.0
4.71,1.0,0.17,0.154,0.169,0.153,0.061,0.061,0.064,0.064,3.6,27.034,293753200.0
4.72,1.0,0.17,0.154,0.168,0.153,0.061,0.061,0.064,0.064,3.6,27.045,294376900.0
4.73,1.0,0.169,0.154,0.168,0.153,0.061,0.061,0.064,0.064,3.6,27.056,295000500.0
4.74,1.0,0.169,0.154,0.168,0.153,0.061,0.061,0.064,0.064,3.6,27.067,295624200.0
4.75,1.0,0.169,0.153,0.168,0.152,0.061,0.061,0.064,0.064,3.6,27.077,296247900.0
4.76,1.0,0.168,0.153,0.167,0.152,0.061,0.061,0.064,0.064,3.59,27.088,296871600.0
4.77,1.0,0.168,0.153,0.167,0.152,0.061,0.061,0.064,0.064,3.59,27.098,297495300.0
4.78,1.0,0.168,0.153,0.167,0.152,0.061,0.061,0.064,0.064,3.59,27.108,298118900.0
4.79,1.0,0.167,0.152,0.166,0.151,0.061,0.061,0.064,0.064,3.59,27.118,298742600.0
4.8,1.0,0.167,0.152,0.166,0.151,0.061,0.061,0.064,0.064,3.59,27.128,299366300.0
4.81,1.0,0.167,0.152,0.166,0.151,0.061,0.061,0.064,0.064,3.58,27.137,299990000.0
4.82,1.0,0.166,0.152,0.165,0.151,0.061,0.061,0.064,0.064,3.58,27.147,300613700.0
4.83,1.0,0.166,0.151,0.165,0.15,0.061,0.061,0.064,0.064,3.58,27.156,301237300.0
4.84,1.0,0.166,0.151,0.165,0.15,0.061,0.061,0.064,0.064,3.58,27.165,301861000.0
4.85,1.0,0.165,0.151,0.164,0.15,0.061,0.061,0.064,0.064,3.58,27.174,302484700.0
4.86,1.0,0.165,0.151,0.164,0.15,0.061,0.061,0.064,0.064,3.58,27.183,303108400.0
4.87,1.0,0.165,0.151,0.164,0.149,0.061,0.061,0.063,0.063,3.57,27.192,303732100.0
4.88,1.0,0.165,0.15,0.163,0.149,0.061,0.061,0.063,0.063,3.57,27.2,304355700.0
4.89,1.0,0.164,0.15,0.163,0.149,0.061,0.061,0.063,0.063,3.57,27.209,304979400.0
4.9,1.0,0.164,0.15,0.163,0.149,0.061,0.061,0.063,0.063,3.57,27.217,305603100.0
4.91,1.0,0.164,0.15,0.163,0.148,0.061,0.061,0.063,0.063,3.57,27.225,306226800.0
4.92,1.0,0.163,0.149,0.162,0.148,0.06,0.061,0.063,0.063,3.56,27.233,306850500.0
4.93,1.0,0.163,0.149,0.162,0.148,0.06,0.061,0.063,0.063,3.56,27.241,307474100.0
4.94,1.0,0.163,0.149,0.162,0.148,0.06,0.061,0.063,0.063,3.56,27.249,308097800.0
4.95,1.0,0.162,0.149,0.161,0.148,0.06,0.061,0.063,0.063,3.56,27.257,308721500.0
4.96,1.0,0.162,0.148,0.161,0.147,0.06,0.061,0.063,0.063,3.56,27.264,309345200.0
4.97,1.0,0.162,0.148,0.161,0.147,0.06,0.061,0.063,0.063,3.56,27.271,309968800.0
4.98,1.0,0.162,0.148,0.16,0.147,0.06,0.061,0.063,0.063,3.55,27.279,310592500.0
4.99,1.0,0.161,0.148,0.16,0.147,0.06,0.061,0.063,0.063,3.55,27.286,311216200.0
5.0,1.0,0.161,0.147,0.16,0.146,0.06,0.061,0.063,0.063,3.55,27.293,311839900.0
0.01,2.0,0.248,0.236,0.245,0.232,0.1,0.1,0.109,0.109,3.87,26.503,623680.0
0.02,2.0,0.301,0.288,0.297,0.284,0.098,0.099,0.109,0.109,3.87,26.503,1247360.0
0.03,2.0,0.311,0.298,0.308,0.295,0.098,0.098,0.109,0.109,3.87,26.503,1871039.0
0.04,2.0,0.313,0.3,0.31,0.297,0.098,0.098,0.109,0.109,3.87,26.503,2494719.0
0.05,2.0,0.313,0.3,0.309,0.296,0.098,0.098,0.109,0.109,3.87,26.503,3118399.0
0.06,2.0,0.311,0.298,0.308,0.295,0.098,0.098,0.109,0.109,3.87,26.503,3742079.0
0.07,2.0,0.309,0.296,0.306,0.293,0.098,0.098,0.109,0.109,3.87,26.503,4365758.0
0.08,2.0,0.307,0.295,0.304,0.291,0.098,0.098,0.109,0.109,3.87,26.503,4989438.0
0.09,2.0,0.305,0.293,0.302,0.289,0.098,0.098,0.109,0.109,3.87,26.503,5613118.0
0.1,2.0,0.305,0.292,0.301,0.288,0.098,0.098,0.109,0.109,3.87,26.503,6236798.0
0.11,2.0,0.305,0.292,0.301,0.288,0.098,0.098,0.109,0.109,3.87,26.503,6860478.0
0.12,2.0,0.304,0.292,0.301,0.288,0.098,0.098,0.109,0.109,3.87,26.503,7484158.0
0.13,2.0,0.304,0.292,0.301,0.288,0.098,0.098,0.109,0.109,3.87,26.503,8107837.0
0.14,2.0,0.304,0.292,0.301,0.288,0.098,0.098,0.109,0.109,3.87,26.503,8731517.0
0.15,2.0,0.304,0.291,0.301,0.288,0.098,0.098,0.109,0.109,3.87,26.503,9355197.0
0.16,2.0,0.304,0.291,0.301,0.288,0.098,0.098,0.109,0.109,3.87,26.503,9978877.0
0.17,2.0,0.304,0.291,0.301,0.288,0.098,0.098,0.109,0.109,3.87,26.503,10602560.0
0.18,2.0,0.304,0.291,0.301,0.288,0.098,0.098,0.109,0.109,3.87,26.503,11226240.0
0.19,2.0,0.304,0.291,0.301,0.288,0.098,0.098,0.109,0.109,3.87,26.503,11849920.0
0.2,2.0,0.304,0.291,0.301,0.288,0.098,0.098,0.109,0.109,3.87,26.503,12473600.0
0.21,2.0,0.304,0.291,0.301,0.288,0.098,0.098,0.109,0.109,3.87,26.503,13097280.0
0.22,2.0,0.304,0.291,0.301,0.288,0.098,0.098,0.109,0.109,3.87,26.503,13720960.0
0.23,2.0,0.304,0.291,0.3,0.288,0.098,0.098,0.109,0.109,3.87,26.503,14344640.0
0.24,2.0,0.304,0.291,0.3,0.288,0.098,0.098,0.109,0.109,3.87,26.503,14968320.0
0.25,2.0,0.304,0.291,0.3,0.287,0.098,0.098,0.109,0.109,3.87,26.503,15592000.0
0.26,2.0,0.304,0.291,0.3,0.287,0.098,0.098,0.109,0.109,3.87,26.503,16215670.0
0.27,2.0,0.304,0.291,0.3,0.287,0.098,0.098,0.109,0.109,3.87,26.503,16839360.0
0.28,2.0,0.304,0.291,0.3,0.287,0.098,0.098,0.109,0.109,3.87,26.503,17463030.0
0.29,2.0,0.304,0.291,0.3,0.287,0.098,0.098,0.109,0.109,3.87,26.503,18086710.0
0.3,2.0,0.304,0.291,0.3,0.287,0.098,0.098,0.109,0.109,3.87,26.503,18710390.0
0.31,2.0,0.304,0.291,0.3,0.287,0.098,0.099,0.109,0.109,3.87,26.503,19334070.0
0.32,2.0,0.304,0.291,0.3,0.287,0.098,0.099,0.109,0.109,3.87,26.503,19957750.0
0.33,2.0,0.304,0.291,0.3,0.287,0.098,0.099,0.109,0.109,3.87,26.503,20581430.0
0.34,2.0,0.304,0.291,0.3,0.287,0.098,0.099,0.109,0.109,3.87,26.503,21205110.0
0.35,2.0,0.304,0.291,0.3,0.287,0.098,0.099,0.109,0.109,3.87,26.503,21828790.0
0.36,2.0,0.304,0.291,0.3,0.287,0.098,0.099,0.109,0.109,3.87,26.503,22452470.0
0.37,2.0,0.304,0.291,0.3,0.287,0.098,0.099,0.109,0.109,3.87,26.503,23076150.0
0.38,2.0,0.304,0.291,0.3,0.287,0.098,0.099,0.109,0.109,3.87,26.503,23699830.0
0.39,2.0,0.304,0.291,0.3,0.287,0.098,0.099,0.109,0.109,3.87,26.503,24323510.0
0.4,2.0,0.303,0.291,0.3,0.287,0.098,0.099,0.109,0.109,3.87,26.503,24947190.0
0.41,2.0,0.303,0.291,0.3,0.287,0.098,0.099,0.109,0.109,3.87,26.503,25570870.0
0.42,2.0,0.303,0.29,0.3,0.287,0.098,0.099,0.109,0.109,3.87,26.503,26194550.0
0.43,2.0,0.303,0.29,0.3,0.287,0.098,0.099,0.109,0.109,3.87,26.503,26818230.0
0.44,2.0,0.303,0.29,0.3,0.287,0.098,0.099,0.109,0.109,3.87,26.503,27441910.0
0.45,2.0,0.303,0.29,0.3,0.287,0.098,0.099,0.109,0.109,3.87,26.503,28065590.0
0.46,2.0,0.303,0.29,0.3,0.287,0.098,0.099,0.109,0.109,3.87,26.503,28689270.0
0.47,2.0,0.303,0.29,0.3,0.287,0.098,0.099,0.109,0.109,3.87,26.503,29312950.0
0.48,2.0,0.303,0.29,0.3,0.287,0.098,0.099,0.109,0.109,3.87,26.503,29936630.0
0.49,2.0,0.303,0.29,0.3,0.287,0.098,0.099,0.109,0.109,3.87,26.503,30560310.0
0.5,2.0,0.303,0.29,0.3,0.287,0.098,0.099,0.109,0.109,3.87,26.503,31183990.0
0.51,2.0,0.303,0.29,0.299,0.287,0.098,0.099,0.109,0.109,3.87,26.503,31807670.0
0.52,2.0,0.303,0.29,0.299,0.287,0.098,0.099,0.109,0.109,3.87,26.503,32431350.0
0.53,2.0,0.303,0.29,0.299,0.286,0.098,0.099,0.109,0.109,3.87,26.503,33055030.0
0.54,2.0,0.303,0.29,0.299,0.286,0.098,0.099,0.109,0.109,3.87,26.503,33678710.0
0.55,2.0,0.303,0.29,0.299,0.286,0.098,0.099,0.109,0.109,3.87,26.503,34302390.0
0.56,2.0,0.303,0.29,0.299,0.286,0.098,0.099,0.109,0.109,3.87,26.503,34926070.0
0.57,2.0,0.303,0.29,0.299,0.286,0.098,0.099,0.109,0.109,3.87,26.503,35549750.0
0.58,2.0,0.303,0.29,0.299,0.286,0.098,0.099,0.109,0.109,3.87,26.503,36173430.0
0.59,2.0,0.303,0.29,0.299,0.286,0.098,0.099,0.109,0.109,3.87,26.503,36797110.0
0.6,2.0,0.303,0.289,0.299,0.286,0.098,0.099,0.109,0.109,3.87,26.503,37420790.0
0.61,2.0,0.303,0.289,0.299,0.285,0.098,0.099,0.109,0.109,3.87,26.503,38044470.0
0.62,2.0,0.303,0.289,0.299,0.285,0.098,0.099,0.109,0.109,3.87,26.503,38668150.0
0.63,2.0,0.303,0.288,0.299,0.285,0.098,0.099,0.109,0.109,3.87,26.503,39291830.0
0.64,2.0,0.303,0.288,0.299,0.285,0.098,0.099,0.109,0.109,3.87,26.503,39915510.0
0.65,2.0,0.303,0.288,0.299,0.284,0.098,0.099,0.109,0.109,3.87,26.503,40539180.0
0.66,2.0,0.303,0.288,0.299,0.284,0.098,0.099,0.109,0.109,3.87,26.503,41162870.0
0.67,2.0,0.303,0.287,0.299,0.284,0.098,0.099,0.109,0.109,3.87,26.503,41786550.0
0.68,2.0,0.302,0.287,0.299,0.283,0.098,0.099,0.109,0.109,3.87,26.503,42410230.0
0.69,2.0,0.302,0.287,0.299,0.283,0.098,0.099,0.109,0.109,3.87,26.503,43033900.0
0.7,2.0,0.302,0.286,0.299,0.283,0.098,0.099,0.109,0.109,3.87,26.503,43657580.0
0.71,2.0,0.302,0.286,0.299,0.282,0.098,0.099,0.109,0.109,3.87,26.503,44281260.0
0.72,2.0,0.302,0.286,0.299,0.282,0.098,0.099,0.109,0.109,3.87,26.503,44904950.0
0.73,2.0,0.302,0.285,0.299,0.282,0.098,0.099,0.109,0.109,3.87,26.503,45528630.0
0.74,2.0,0.302,0.285,0.299,0.282,0.098,0.099,0.109,0.109,3.87,26.503,46152300.0
0.75,2.0,0.302,0.285,0.299,0.281,0.098,0.099,0.109,0.109,3.87,26.503,46775980.0
0.76,2.0,0.302,0.285,0.299,0.281,0.098,0.099,0.109,0.109,3.87,26.503,47399660.0
0.77,2.0,0.302,0.284,0.299,0.281,0.098,0.099,0.109,0.109,3.87,26.503,48023340.0
0.78,2.0,0.302,0.284,0.299,0.28,0.098,0.099,0.109,0.109,3.87,26.503,48647020.0
0.79,2.0,0.302,0.284,0.298,0.28,0.098,0.099,0.109,0.109,3.87,26.503,49270700.0
0.8,2.0,0.302,0.283,0.298,0.28,0.098,0.099,0.109,0.109,3.87,26.503,49894380.0
0.81,2.0,0.302,0.283,0.298,0.279,0.098,0.099,0.109,0.109,3.87,26.503,50518060.0
0.82,2.0,0.302,0.283,0.298,0.279,0.098,0.099,0.109,0.109,3.87,26.503,51141740.0
0.83,2.0,0.302,0.283,0.298,0.279,0.098,0.099,0.109,0.109,3.87,26.503,51765420.0
0.84,2.0,0.302,0.282,0.298,0.279,0.098,0.099,0.109,0.109,3.87,26.503,52389100.0
0.85,2.0,0.302,0.282,0.298,0.278,0.098,0.099,0.109,0.109,3.87,26.503,53012780.0
0.86,2.0,0.302,0.282,0.298,0.278,0.098,0.099,0.109,0.109,3.87,26.503,53636460.0
0.87,2.0,0.302,0.281,0.298,0.278,0.098,0.099,0.109,0.109,3.87,26.503,54260140.0
0.88,2.0,0.302,0.281,0.298,0.277,0.098,0.099,0.109,0.109,3.87,26.503,54883820.0
0.89,2.0,0.302,0.281,0.298,0.277,0.098,0.099,0.109,0.109,3.87,26.503,55507500.0
0.9,2.0,0.302,0.28,0.298,0.277,0.098,0.099,0.109,0.109,3.87,26.503,56131180.0
0.91,2.0,0.304,0.282,0.3,0.279,0.097,0.098,0.108,0.108,3.85,26.287,56754860.0
0.92,2.0,0.31,0.288,0.306,0.284,0.096,0.097,0.107,0.107,3.83,26.071,57378540.0
0.93,2.0,0.321,0.298,0.318,0.295,0.095,0.096,0.106,0.106,3.81,25.855,58002220.0
0.94,2.0,0.335,0.311,0.332,0.308,0.094,0.095,0.106,0.106,3.78,25.64,58625900.0
0.95,2.0,0.349,0.324,0.346,0.32,0.093,0.094,0.105,0.105,3.76,25.424,59249580.0
0.96,2.0,0.363,0.337,0.36,0.333,0.091,0.092,0.104,0.104,3.74,25.208,59873260.0
0.97,2.0,0.377,0.349,0.373,0.346,0.09,0.091,0.103,0.103,3.72,24.992,60496940.0
0.98,2.0,0.391,0.362,0.387,0.359,0.089,0.09,0.102,0.102,3.7,24.776,61120620.0
0.99,2.0,0.405,0.375,0.401,0.371,0.088,0.089,0.102,0.102,3.67,24.561,61744300.0
1.0,2.0,0.418,0.387,0.415,0.384,0.086,0.087,0.101,0.101,3.65,24.345,62367980.0
1.01,2.0,0.432,0.4,0.429,0.397,0.085,0.086,0.1,0.1,3.63,24.129,62991660.0
1.02,2.0,0.446,0.413,0.443,0.41,0.084,0.085,0.099,0.099,3.61,23.913,63615340.0
1.03,2.0,0.46,0.425,0.457,0.422,0.083,0.084,0.099,0.099,3.59,23.698,64239020.0
1.04,2.0,0.474,0.438,0.471,0.435,0.081,0.083,0.098,0.098,3.57,23.482,64862700.0
1.05,2.0,0.488,0.451,0.485,0.448,0.08,0.081,0.097,0.097,3.54,23.266,65486380.0
1.06,2.0,0.487,0.45,0.484,0.447,0.081,0.082,0.097,0.097,3.55,23.232,66110060.0
1.07,2.0,0.486,0.449,0.483,0.446,0.081,0.082,0.098,0.098,3.56,23.201,66733740.0
1.08,2.0,0.485,0.449,0.482,0.446,0.081,0.082,0.098,0.098,3.57,23.173,67357420.0
1.09,2.0,0.484,0.448,0.481,0.445,0.082,0.083,0.098,0.098,3.58,23.146,67981100.0
1.1,2.0,0.484,0.447,0.48,0.444,0.082,0.083,0.099,0.099,3.59,23.122,68604780.0
1.11,2.0,0.483,0.446,0.48,0.443,0.082,0.083,0.099,0.099,3.59,23.099,69228460.0
1.12,2.0,0.482,0.446,0.479,0.443,0.082,0.084,0.099,0.099,3.6,23.078,69852140.0
1.13,2.0,0.481,0.445,0.478,0.442,0.083,0.084,0.099,0.099,3.61,23.057,70475820.0
1.14,2.0,0.48,0.444,0.477,0.441,0.083,0.084,0.1,0.1,3.61,23.038,71099500.0
1.15,2.0,0.479,0.444,0.476,0.44,0.083,0.084,0.1,0.1,3.62,23.019,71723180.0
1.16,2.0,0.477,0.442,0.474,0.439,0.083,0.085,0.1,0.1,3.62,23.001,72346860.0
1.17,2.0,0.476,0.44,0.472,0.437,0.084,0.085,0.1,0.1,3.63,22.984,72970540.0
1.18,2.0,0.474,0.439,0.471,0.436,0.084,0.085,0.1,0.1,3.64,22.968,73594220.0
1.19,2.0,0.472,0.437,0.469,0.434,0.084,0.085,0.101,0.101,3.64,22.952,74217900.0
1.2,2.0,0.47,0.436,0.467,0.432,0.084,0.086,0.101,0.101,3.65,22.937,74841580.0
1.21,2.0,0.469,0.434,0.465,0.431,0.085,0.086,0.101,0.101,3.65,22.923,75465260.0
1.22,2.0,0.467,0.432,0.464,0.429,0.085,0.086,0.101,0.101,3.65,22.908,76088940.0
1.23,2.0,0.465,0.43,0.462,0.427,0.085,0.086,0.101,0.101,3.66,22.895,76712620.0
1.24,2.0,0.463,0.429,0.46,0.425,0.085,0.086,0.101,0.101,3.66,22.881,77336300.0
1.25,2.0,0.462,0.427,0.458,0.424,0.085,0.087,0.101,0.101,3.67,22.869,77959980.0
1.26,2.0,0.46,0.425,0.457,0.422,0.086,0.087,0.102,0.102,3.67,22.856,78583660.0
1.27,2.0,0.458,0.423,0.455,0.42,0.086,0.087,0.102,0.102,3.68,22.844,79207340.0
1.28,2.0,0.457,0.422,0.453,0.418,0.086,0.087,0.102,0.102,3.68,22.832,79831020.0
1.29,2.0,0.455,0.42,0.452,0.417,0.086,0.087,0.102,0.102,3.68,22.82,80454690.0
1.3,2.0,0.453,0.418,0.45,0.415,0.086,0.088,0.102,0.102,3.69,22.809,81078370.0
1.31,2.0,0.451,0.417,0.448,0.413,0.087,0.088,0.102,0.102,3.69,22.798,81702050.0
1.32,2.0,0.45,0.415,0.446,0.412,0.087,0.088,0.102,0.102,3.7,22.788,82325740.0
1.33,2.0,0.448,0.413,0.445,0.41,0.087,0.088,0.103,0.103,3.7,22.777,82949420.0
1.34,2.0,0.446,0.412,0.443,0.408,0.087,0.088,0.103,0.103,3.7,22.767,83573100.0
1.35,2.0,0.445,0.41,0.441,0.407,0.087,0.089,0.103,0.103,3.71,22.757,84196780.0
1.36,2.0,0.443,0.408,0.44,0.405,0.088,0.089,0.103,0.103,3.71,22.748,84820460.0
1.37,2.0,0.441,0.407,0.438,0.403,0.088,0.089,0.103,0.103,3.71,22.738,85444140.0
1.38,2.0,0.44,0.405,0.436,0.402,0.088,0.089,0.103,0.103,3.72,22.729,86067810.0
1.39,2.0,0.438,0.403,0.435,0.4,0.088,0.089,0.103,0.103,3.72,22.72,86691490.0
1.4,2.0,0.437,0.402,0.433,0.398,0.088,0.089,0.103,0.103,3.72,22.711,87315170.0
1.41,2.0,0.435,0.4,0.432,0.397,0.088,0.09,0.104,0.104,3.73,22.702,87938850.0
1.42,2.0,0.433,0.398,0.43,0.395,0.089,0.09,0.104,0.104,3.73,22.694,88562530.0
1.43,2.0,0.432,0.397,0.428,0.393,0.089,0.09,0.104,0.104,3.73,22.685,89186210.0
1.44,2.0,0.43,0.395,0.427,0.392,0.089,0.09,0.104,0.104,3.73,22.677,89809900.0
1.45,2.0,0.428,0.394,0.425,0.39,0.089,0.09,0.104,0.104,3.73,22.669,90433580.0
1.46,2.0,0.427,0.392,0.424,0.389,0.089,0.09,0.104,0.104,3.73,22.662,91057260.0
1.47,2.0,0.425,0.39,0.422,0.387,0.089,0.091,0.104,0.104,3.72,22.654,91680940.0
1.48,2.0,0.424,0.389,0.42,0.385,0.09,0.091,0.104,0.104,3.72,22.646,92304610.0
1.49,2.0,0.422,0.387,0.419,0.384,0.09,0.091,0.104,0.104,3.72,22.639,92928290.0
1.5,2.0,0.421,0.386,0.417,0.382,0.09,0.091,0.104,0.104,3.72,22.632,93551970.0
1.51,2.0,0.419,0.384,0.416,0.381,0.09,0.091,0.105,0.105,3.71,22.625,94175650.0
1.52,2.0,0.417,0.383,0.414,0.379,0.09,0.091,0.105,0.105,3.71,22.618,94799330.0
1.53,2.0,0.416,0.381,0.413,0.378,0.09,0.091,0.105,0.105,3.71,22.611,95423010.0
1.54,2.0,0.414,0.38,0.411,0.376,0.09,0.092,0.105,0.105,3.7,22.605,96046690.0
1.55,2.0,0.413,0.378,0.409,0.375,0.091,0.092,0.105,0.105,3.7,22.598,96670370.0
1.56,2.0,0.411,0.376,0.408,0.373,0.091,0.092,0.105,0.105,3.7,22.592,97294050.0
1.57,2.0,0.41,0.375,0.406,0.371,0.091,0.092,0.105,0.105,3.69,22.585,97917730.0
1.58,2.0,0.408,0.373,0.405,0.37,0.091,0.092,0.105,0.105,3.69,22.579,98541410.0
1.59,2.0,0.407,0.372,0.403,0.368,0.091,0.092,0.105,0.105,3.69,22.573,99165090.0
1.6,2.0,0.405,0.37,0.402,0.367,0.091,0.092,0.105,0.105,3.69,22.567,99788770.0
1.61,2.0,0.404,0.369,0.4,0.365,0.091,0.093,0.105,0.105,3.68,22.561,100412400.0
1.62,2.0,0.402,0.367,0.399,0.364,0.092,0.093,0.106,0.106,3.68,22.556,101036100.0
1.63,2.0,0.401,0.366,0.397,0.362,0.092,0.093,0.106,0.106,3.68,22.55,101659800.0
1.64,2.0,0.399,0.364,0.396,0.361,0.092,0.093,0.106,0.106,3.67,22.545,102283500.0
1.65,2.0,0.398,0.363,0.394,0.359,0.092,0.093,0.106,0.106,3.67,22.539,102907200.0
1.66,2.0,0.396,0.361,0.393,0.358,0.092,0.093,0.106,0.106,3.67,22.534,103530800.0
1.67,2.0,0.395,0.36,0.391,0.356,0.092,0.093,0.106,0.106,3.66,22.529,104154500.0
1.68,2.0,0.393,0.358,0.39,0.355,0.092,0.094,0.106,0.106,3.66,22.524,104778200.0
1.69,2.0,0.392,0.357,0.388,0.353,0.092,0.094,0.106,0.106,3.65,22.519,105401900.0
1.7,2.0,0.39,0.356,0.387,0.352,0.093,0.094,0.106,0.106,3.65,22.514,106025600.0
1.71,2.0,0.389,0.354,0.385,0.351,0.093,0.094,0.106,0.106,3.65,22.509,106649200.0
1.72,2.0,0.387,0.353,0.384,0.349,0.093,0.094,0.106,0.106,3.64,22.504,107272900.0
1.73,2.0,0.386,0.351,0.383,0.348,0.093,0.094,0.106,0.106,3.64,22.499,107896600.0
1.74,2.0,0.385,0.35,0.381,0.346,0.093,0.094,0.106,0.106,3.64,22.495,108520300.0
1.75,2.0,0.383,0.348,0.38,0.345,0.093,0.094,0.106,0.106,3.63,22.49,109144000.0
1.76,2.0,0.382,0.347,0.378,0.343,0.093,0.094,0.107,0.107,3.63,22.486,109767600.0
1.77,2.0,0.38,0.345,0.377,0.342,0.093,0.095,0.107,0.107,3.63,22.482,110391300.0
1.78,2.0,0.379,0.344,0.375,0.341,0.093,0.095,0.107,0.107,3.62,22.478,111015000.0
1.79,2.0,0.377,0.343,0.374,0.339,0.094,0.095,0.107,0.107,3.62,22.473,111638700.0
1.8,2.0,0.376,0.341,0.373,0.338,0.094,0.095,0.107,0.107,3.61,22.469,112262400.0
1.81,2.0,0.375,0.34,0.371,0.336,0.094,0.095,0.107,0.107,3.61,22.465,112886000.0
1.82,2.0,0.373,0.338,0.37,0.335,0.094,0.095,0.107,0.107,3.61,22.462,113509700.0
1.83,2.0,0.372,0.337,0.368,0.334,0.094,0.095,0.107,0.107,3.6,22.458,114133400.0
1.84,2.0,0.371,0.336,0.367,0.332,0.094,0.095,0.107,0.107,3.6,22.454,114757100.0
1.85,2.0,0.369,0.334,0.366,0.331,0.094,0.095,0.107,0.107,3.59,22.45,115380800.0
1.86,2.0,0.368,0.333,0.364,0.329,0.094,0.096,0.107,0.107,3.59,22.447,116004400.0
1.87,2.0,0.366,0.332,0.363,0.328,0.094,0.096,0.107,0.107,3.59,22.443,116628100.0
1.88,2.0,0.365,0.33,0.361,0.327,0.095,0.096,0.107,0.107,3.58,22.44,117251800.0
1.89,2.0,0.364,0.329,0.36,0.325,0.095,0.096,0.107,0.107,3.58,22.437,117875500.0
1.9,2.0,0.362,0.327,0.359,0.324,0.095,0.096,0.107,0.107,3.57,22.433,118499200.0
1.91,2.0,0.361,0.326,0.357,0.323,0.095,0.096,0.107,0.107,3.57,22.43,119122800.0
1.92,2.0,0.36,0.325,0.356,0.321,0.095,0.096,0.107,0.107,3.57,22.427,119746500.0
1.93,2.0,0.358,0.323,0.355,0.32,0.095,0.096,0.108,0.108,3.56,22.424,120370200.0
1.94,2.0,0.357,0.322,0.353,0.318,0.095,0.096,0.108,0.108,3.56,22.421,120993900.0
1.95,2.0,0.356,0.321,0.352,0.317,0.095,0.096,0.108,0.108,3.55,22.418,121617600.0
1.96,2.0,0.354,0.319,0.351,0.316,0.095,0.097,0.108,0.108,3.55,22.415,122241200.0
1.97,2.0,0.353,0.318,0.349,0.315,0.095,0.097,0.108,0.108,3.55,22.412,122864900.0
1.98,2.0,0.352,0.317,0.348,0.313,0.096,0.097,0.108,0.108,3.54,22.409,123488600.0
1.99,2.0,0.35,0.315,0.347,0.312,0.096,0.097,0.108,0.108,3.54,22.407,124112300.0
2.0,2.0,0.349,0.314,0.345,0.31,0.096,0.097,0.108,0.108,3.53,22.404,124736000.0
2.01,2.0,0.348,0.313,0.344,0.309,0.096,0.097,0.108,0.108,3.53,22.402,125359600.0
2.02,2.0,0.347,0.311,0.343,0.308,0.096,0.097,0.108,0.108,3.52,22.399,125983300.0
2.03,2.0,0.345,0.31,0.342,0.306,0.096,0.097,0.108,0.108,3.52,22.397,126607000.0
2.04,2.0,0.344,0.309,0.341,0.305,0.096,0.097,0.108,0.108,3.52,22.394,127230700.0
2.05,2.0,0.343,0.307,0.339,0.304,0.096,0.097,0.108,0.108,3.51,22.392,127854400.0
2.06,2.0,0.342,0.306,0.338,0.302,0.096,0.098,0.108,0.108,3.51,22.39,128478000.0
2.07,2.0,0.341,0.305,0.337,0.301,0.096,0.098,0.108,0.108,3.5,22.388,129101700.0
2.08,2.0,0.339,0.303,0.336,0.3,0.096,0.098,0.108,0.108,3.5,22.386,129725400.0
2.09,2.0,0.338,0.302,0.335,0.299,0.097,0.098,0.108,0.108,3.49,22.384,130349100.0
2.1,2.0,0.337,0.301,0.333,0.297,0.097,0.098,0.108,0.108,3.49,22.382,130972800.0
2.11,2.0,0.336,0.3,0.332,0.296,0.097,0.098,0.108,0.108,3.48,22.38,131596400.0
2.12,2.0,0.335,0.298,0.331,0.295,0.097,0.098,0.108,0.108,3.48,22.378,132220100.0
2.13,2.0,0.333,0.297,0.33,0.294,0.097,0.098,0.108,0.108,3.48,22.376,132843800.0
2.14,2.0,0.332,0.296,0.329,0.292,0.097,0.098,0.108,0.108,3.47,22.374,133467500.0
2.15,2.0,0.331,0.295,0.328,0.291,0.097,0.098,0.108,0.108,3.47,22.372,134091200.0
2.16,2.0,0.33,0.294,0.326,0.29,0.097,0.098,0.109,0.109,3.46,22.371,134714800.0
2.17,2.0,0.329,0.292,0.325,0.289,0.097,0.098,0.109,0.109,3.46,22.369,135338500.0
2.18,2.0,0.328,0.291,0.324,0.287,0.097,0.098,0.109,0.109,3.45,22.368,135962200.0
2.19,2.0,0.327,0.29,0.323,0.286,0.097,0.099,0.109,0.109,3.45,22.366,136585900.0
2.2,2.0,0.326,0.289,0.322,0.285,0.097,0.099,0.109,0.109,3.44,22.365,137209600.0
2.21,2.0,0.324,0.287,0.321,0.284,0.097,0.099,0.109,0.109,3.44,22.363,137833200.0
2.22,2.0,0.323,0.286,0.32,0.283,0.097,0.099,0.109,0.109,3.43,22.362,138456900.0
2.23,2.0,0.322,0.285,0.319,0.281,0.098,0.099,0.109,0.109,3.43,22.361,139080600.0
2.24,2.0,0.321,0.284,0.318,0.28,0.098,0.099,0.109,0.109,3.42,22.36,139704300.0
2.25,2.0,0.32,0.283,0.316,0.279,0.098,0.099,0.109,0.109,3.42,22.359,140328000.0
2.26,2.0,0.319,0.282,0.315,0.278,0.098,0.099,0.109,0.109,3.41,22.357,140951600.0
2.27,2.0,0.318,0.28,0.314,0.277,0.098,0.099,0.109,0.109,3.41,22.356,141575300.0
2.28,2.0,0.317,0.279,0.313,0.276,0.098,0.099,0.109,0.109,3.4,22.355,142199000.0
2.29,2.0,0.316,0.278,0.312,0.274,0.098,0.099,0.109,0.109,3.4,22.37,142822700.0
2.3,2.0,0.315,0.277,0.311,0.273,0.098,0.1,0.109,0.109,3.4,22.395,143446400.0
2.31,2.0,0.314,0.276,0.31,0.272,0.099,0.1,0.109,0.109,3.4,22.419,144070000.0
2.32,2.0,0.313,0.275,0.309,0.271,0.099,0.1,0.11,0.11,3.41,22.444,144693700.0
2.33,2.0,0.312,0.274,0.308,0.27,0.099,0.1,0.11,0.11,3.41,22.47,145317400.0
2.34,2.0,0.311,0.272,0.307,0.269,0.099,0.101,0.11,0.11,3.41,22.495,145941100.0
2.35,2.0,0.31,0.271,0.306,0.268,0.1,0.101,0.11,0.11,3.41,22.521,146564800.0
2.36,2.0,0.309,0.27,0.305,0.267,0.1,0.101,0.111,0.111,3.41,22.546,147188400.0
2.37,2.0,0.308,0.269,0.304,0.265,0.1,0.101,0.111,0.111,3.41,22.572,147812100.0
2.38,2.0,0.307,0.268,0.303,0.264,0.1,0.102,0.111,0.111,3.41,22.598,148435800.0
2.39,2.0,0.306,0.267,0.302,0.263,0.101,0.102,0.111,0.111,3.41,22.625,149059500.0
2.4,2.0,0.305,0.266,0.301,0.262,0.101,0.102,0.111,0.111,3.41,22.651,149683200.0
2.41,2.0,0.304,0.265,0.3,0.261,0.101,0.102,0.112,0.112,3.41,22.677,150306800.0
2.42,2.0,0.303,0.264,0.299,0.26,0.101,0.103,0.112,0.112,3.41,22.704,150930500.0
2.43,2.0,0.302,0.263,0.298,0.259,0.102,0.103,0.112,0.112,3.41,22.731,151554200.0
2.44,2.0,0.301,0.262,0.297,0.258,0.102,0.103,0.112,0.112,3.41,22.758,152177900.0
2.45,2.0,0.3,0.26,0.296,0.257,0.102,0.103,0.113,0.113,3.41,22.785,152801600.0
2.46,2.0,0.299,0.26,0.295,0.256,0.102,0.104,0.113,0.113,3.41,22.812,153425200.0
2.47,2.0,0.298,0.259,0.294,0.255,0.103,0.104,0.113,0.113,3.41,22.84,154048900.0
2.48,2.0,0.297,0.258,0.293,0.254,0.103,0.104,0.113,0.113,3.42,22.867,154672600.0
2.49,2.0,0.296,0.257,0.292,0.254,0.103,0.104,0.113,0.113,3.42,22.895,155296300.0
2.5,2.0,0.295,0.257,0.291,0.253,0.103,0.105,0.114,0.114,3.42,22.923,155920000.0
2.51,2.0,0.294,0.256,0.29,0.252,0.104,0.105,0.114,0.114,3.42,22.951,156543600.0
2.52,2.0,0.293,0.255,0.289,0.251,0.104,0.105,0.114,0.114,3.42,22.979,157167300.0
2.53,2.0,0.292,0.254,0.288,0.25,0.104,0.105,0.114,0.114,3.42,23.008,157791000.0
2.54,2.0,0.291,0.254,0.287,0.25,0.104,0.106,0.114,0.114,3.42,23.036,158414700.0
2.55,2.0,0.29,0.253,0.286,0.249,0.105,0.106,0.115,0.115,3.42,23.065,159038400.0
2.56,2.0,0.289,0.252,0.285,0.248,0.105,0.106,0.115,0.115,3.42,23.093,159662000.0
2.57,2.0,0.288,0.251,0.284,0.247,0.105,0.106,0.115,0.115,3.42,23.122,160285700.0
2.58,2.0,0.287,0.251,0.284,0.247,0.105,0.107,0.115,0.115,3.42,23.151,160909400.0
2.59,2.0,0.286,0.25,0.283,0.246,0.105,0.107,0.115,0.115,3.42,23.18,161533100.0
2.6,2.0,0.286,0.249,0.282,0.245,0.106,0.107,0.116,0.116,3.42,23.209,162156700.0
2.61,2.0,0.285,0.248,0.281,0.245,0.106,0.107,0.116,0.116,3.42,23.239,162780400.0
2.62,2.0,0.284,0.248,0.28,0.244,0.106,0.107,0.116,0.116,3.42,23.268,163404100.0
2.63,2.0,0.283,0.247,0.279,0.243,0.106,0.108,0.116,0.116,3.42,23.298,164027800.0
2.64,2.0,0.282,0.246,0.278,0.242,0.107,0.108,0.116,0.116,3.42,23.328,164651500.0
2.65,2.0,0.281,0.246,0.277,0.242,0.107,0.108,0.117,0.117,3.42,23.357,165275200.0
2.66,2.0,0.28,0.245,0.276,0.241,0.107,0.108,0.117,0.117,3.42,23.387,165898800.0
2.67,2.0,0.279,0.244,0.275,0.24,0.107,0.109,0.117,0.117,3.42,23.417,166522500.0
2.68,2.0,0.278,0.244,0.275,0.24,0.108,0.109,0.117,0.117,3.42,23.448,167146200.0
2.69,2.0,0.278,0.243,0.274,0.239,0.108,0.109,0.117,0.117,3.42,23.478,167769900.0
2.7,2.0,0.277,0.242,0.273,0.238,0.108,0.109,0.118,0.118,3.42,23.508,168393600.0
2.71,2.0,0.276,0.241,0.272,0.238,0.108,0.109,0.118,0.118,3.42,23.539,169017200.0
2.72,2.0,0.275,0.241,0.271,0.237,0.108,0.11,0.118,0.118,3.42,23.569,169640900.0
2.73,2.0,0.274,0.24,0.27,0.236,0.109,0.11,0.118,0.118,3.42,23.6,170264600.0
2.74,2.0,0.273,0.24,0.269,0.236,0.109,0.11,0.118,0.118,3.42,23.631,170888300.0
2.75,2.0,0.273,0.239,0.269,0.235,0.109,0.11,0.119,0.119,3.42,23.662,171512000.0
2.76,2.0,0.272,0.238,0.268,0.234,0.109,0.11,0.119,0.119,3.42,23.693,172135600.0
2.77,2.0,0.271,0.238,0.267,0.234,0.11,0.111,0.119,0.119,3.42,23.724,172759300.0
2.78,2.0,0.27,0.237,0.266,0.233,0.11,0.111,0.119,0.119,3.42,23.756,173383000.0
2.79,2.0,0.269,0.236,0.265,0.232,0.11,0.111,0.119,0.119,3.42,23.787,174006700.0
2.8,2.0,0.268,0.236,0.264,0.232,0.11,0.111,0.119,0.119,3.42,23.819,174630300.0
2.81,2.0,0.268,0.235,0.264,0.231,0.11,0.112,0.12,0.12,3.42,23.85,175254000.0
2.82,2.0,0.267,0.234,0.263,0.23,0.111,0.112,0.12,0.12,3.42,23.882,175877700.0
2.83,2.0,0.266,0.234,0.262,0.23,0.111,0.112,0.12,0.12,3.42,23.914,176501400.0
2.84,2.0,0.265,0.233,0.261,0.229,0.111,0.112,0.12,0.12,3.42,23.946,177125100.0
2.85,2.0,0.264,0.233,0.26,0.228,0.111,0.112,0.12,0.12,3.42,23.978,177748700.0
2.86,2.0,0.264,0.232,0.26,0.228,0.111,0.113,0.121,0.121,3.42,24.01,178372400.0
2.87,2.0,0.263,0.231,0.259,0.227,0.112,0.113,0.121,0.121,3.42,24.036,178996100.0
2.88,2.0,0.262,0.231,0.258,0.227,0.112,0.113,0.121,0.121,3.42,24.055,179619800.0
2.89,2.0,0.261,0.23,0.257,0.226,0.112,0.113,0.121,0.121,3.41,24.075,180243500.0
2.9,2.0,0.26,0.23,0.256,0.225,0.112,0.113,0.121,0.121,3.41,24.094,180867200.0
2.91,2.0,0.26,0.229,0.256,0.225,0.112,0.113,0.121,0.121,3.41,24.114,181490800.0
2.92,2.0,0.259,0.228,0.255,0.224,0.112,0.114,0.121,0.121,3.41,24.134,182114500.0
2.93,2.0,0.258,0.228,0.254,0.224,0.113,0.114,0.122,0.122,3.41,24.154,182738200.0
2.94,2.0,0.257,0.227,0.253,0.223,0.113,0.114,0.122,0.122,3.41,24.174,183361900.0
2.95,2.0,0.257,0.227,0.253,0.222,0.113,0.114,0.122,0.122,3.41,24.195,183985500.0
2.96,2.0,0.256,0.226,0.252,0.222,0.113,0.114,0.122,0.122,3.41,24.215,184609200.0
2.97,2.0,0.255,0.225,0.251,0.221,0.113,0.114,0.122,0.122,3.41,24.236,185232900.0
2.98,2.0,0.254,0.225,0.25,0.221,0.113,0.114,0.122,0.122,3.41,24.256,185856600.0
2.99,2.0,0.254,0.224,0.25,0.22,0.114,0.115,0.122,0.122,3.41,24.277,186480300.0
3.0,2.0,0.253,0.224,0.249,0.22,0.114,0.115,0.122,0.122,3.41,24.298,187103900.0
3.01,2.0,0.252,0.223,0.248,0.219,0.114,0.115,0.123,0.123,3.41,24.32,187727600.0
3.02,2.0,0.252,0.223,0.247,0.218,0.114,0.115,0.123,0.123,3.41,24.341,188351300.0
3.03,2.0,0.251,0.222,0.247,0.218,0.114,0.115,0.123,0.123,3.41,24.362,188975000.0
3.04,2.0,0.25,0.222,0.246,0.217,0.114,0.115,0.123,0.123,3.41,24.384,189598700.0
3.05,2.0,0.25,0.221,0.245,0.217,0.114,0.115,0.123,0.123,3.41,24.406,190222300.0
3.06,2.0,0.249,0.22,0.245,0.216,0.115,0.116,0.123,0.123,3.4,24.427,190846000.0
3.07,2.0,0.248,0.22,0.244,0.216,0.115,0.116,0.123,0.123,3.4,24.449,191469700.0
3.08,2.0,0.248,0.219,0.244,0.215,0.115,0.116,0.123,0.123,3.4,24.472,192093400.0
3.09,2.0,0.247,0.219,0.243,0.215,0.115,0.116,0.124,0.124,3.4,24.494,192717100.0
3.1,2.0,0.246,0.218,0.242,0.214,0.115,0.116,0.124,0.124,3.4,24.516,193340700.0
3.11,2.0,0.246,0.218,0.242,0.213,0.115,0.116,0.124,0.124,3.4,24.539,193964400.0
3.12,2.0,0.245,0.217,0.241,0.213,0.115,0.116,0.124,0.124,3.4,24.561,194588100.0
3.13,2.0,0.245,0.217,0.24,0.212,0.116,0.117,0.124,0.124,3.4,24.584,195211800.0
3.14,2.0,0.244,0.216,0.24,0.212,0.116,0.117,0.124,0.124,3.4,24.607,195835500.0
3.15,2.0,0.243,0.216,0.239,0.211,0.116,0.117,0.124,0.124,3.4,24.63,196459100.0
3.16,2.0,0.243,0.215,0.238,0.211,0.116,0.117,0.124,0.124,3.4,24.653,197082800.0
3.17,2.0,0.242,0.214,0.238,0.21,0.116,0.117,0.124,0.124,3.4,24.676,197706500.0
3.18,2.0,0.241,0.214,0.237,0.21,0.116,0.117,0.125,0.125,3.39,24.699,198330200.0
3.19,2.0,0.241,0.213,0.237,0.209,0.116,0.117,0.125,0.125,3.39,24.723,198953900.0
3.2,2.0,0.24,0.213,0.236,0.209,0.116,0.117,0.125,0.125,3.39,24.746,199577500.0
3.21,2.0,0.24,0.212,0.235,0.208,0.117,0.118,0.125,0.125,3.39,24.77,200201200.0
3.22,2.0,0.239,0.212,0.235,0.208,0.117,0.118,0.125,0.125,3.39,24.794,200824900.0
3.23,2.0,0.238,0.211,0.234,0.207,0.117,0.118,0.125,0.125,3.39,24.818,201448600.0
3.24,2.0,0.238,0.211,0.234,0.207,0.117,0.118,0.125,0.125,3.39,24.842,202072300.0
3.25,2.0,0.237,0.21,0.233,0.206,0.117,0.118,0.125,0.125,3.39,24.866,202695900.0
3.26,2.0,0.237,0.21,0.232,0.206,0.117,0.118,0.125,0.125,3.39,24.89,203319600.0
3.27,2.0,0.236,0.209,0.232,0.205,0.117,0.118,0.126,0.126,3.38,24.914,203943300.0
3.28,2.0,0.235,0.209,0.231,0.205,0.118,0.118,0.126,0.126,3.38,24.939,204567000.0
3.29,2.0,0.235,0.208,0.231,0.204,0.118,0.119,0.126,0.126,3.38,24.964,205190700.0
3.3,2.0,0.234,0.208,0.23,0.204,0.118,0.119,0.126,0.126,3.38,24.988,205814300.0
3.31,2.0,0.234,0.207,0.229,0.203,0.118,0.119,0.126,0.126,3.38,25.013,206438000.0
3.32,2.0,0.233,0.207,0.229,0.203,0.118,0.119,0.126,0.126,3.38,25.038,207061700.0
3.33,2.0,0.233,0.206,0.228,0.202,0.118,0.119,0.126,0.126,3.38,25.063,207685400.0
3.34,2.0,0.232,0.206,0.228,0.202,0.118,0.119,0.126,0.126,3.38,25.088,208309000.0
3.35,2.0,0.231,0.206,0.227,0.201,0.118,0.119,0.126,0.126,3.38,25.113,208932700.0
3.36,2.0,0.231,0.205,0.227,0.201,0.119,0.119,0.127,0.127,3.37,25.139,209556400.0
3.37,2.0,0.23,0.205,0.226,0.2,0.119,0.12,0.127,0.127,3.37,25.164,210180100.0
3.38,2.0,0.23,0.204,0.225,0.2,0.119,0.12,0.127,0.127,3.37,25.19,210803800.0
3.39,2.0,0.229,0.204,0.225,0.199,0.119,0.12,0.127,0.127,3.37,25.215,211427500.0
3.4,2.0,0.229,0.203,0.224,0.199,0.119,0.12,0.127,0.127,3.37,25.241,212051100.0
3.41,2.0,0.228,0.203,0.224,0.198,0.119,0.12,0.127,0.127,3.37,25.267,212674800.0
3.42,2.0,0.228,0.202,0.223,0.198,0.119,0.12,0.127,0.127,3.37,25.293,213298500.0
3.43,2.0,0.227,0.202,0.223,0.198,0.119,0.12,0.127,0.127,3.36,25.319,213922200.0
3.44,2.0,0.226,0.201,0.222,0.197,0.12,0.12,0.127,0.127,3.37,25.368,214545900.0
3.45,2.0,0.226,0.201,0.222,0.197,0.12,0.121,0.128,0.128,3.37,25.394,215169500.0
3.46,2.0,0.225,0.2,0.221,0.196,0.12,0.121,0.128,0.128,3.36,25.42,215793200.0
3.47,2.0,0.225,0.2,0.22,0.196,0.12,0.121,0.128,0.128,3.36,25.446,216416900.0
3.48,2.0,0.224,0.2,0.22,0.195,0.12,0.121,0.128,0.128,3.36,25.473,217040600.0
3.49,2.0,0.224,0.199,0.219,0.195,0.12,0.121,0.128,0.128,3.36,25.499,217664300.0
3.5,2.0,0.223,0.199,0.219,0.194,0.12,0.121,0.128,0.128,3.36,25.525,218287900.0
3.51,2.0,0.223,0.198,0.218,0.194,0.121,0.121,0.128,0.128,3.36,25.552,218911600.0
3.52,2.0,0.222,0.198,0.218,0.194,0.121,0.122,0.128,0.128,3.36,25.578,219535300.0
3.53,2.0,0.222,0.197,0.217,0.193,0.121,0.122,0.129,0.129,3.36,25.605,220159000.0
3.54,2.0,0.221,0.197,0.217,0.193,0.121,0.122,0.129,0.129,3.36,25.632,220782600.0
3.55,2.0,0.221,0.197,0.216,0.192,0.121,0.122,0.129,0.129,3.36,25.659,221406300.0
3.56,2.0,0.22,0.196,0.216,0.192,0.121,0.122,0.129,0.129,3.36,25.686,222030000.0
3.57,2.0,0.22,0.196,0.215,0.191,0.121,0.122,0.129,0.129,3.36,25.713,222653700.0
3.58,2.0,0.219,0.195,0.215,0.191,0.122,0.122,0.129,0.129,3.36,25.74,223277400.0
3.59,2.0,0.219,0.195,0.214,0.191,0.122,0.123,0.129,0.129,3.36,25.767,223901000.0
3.6,2.0,0.218,0.195,0.214,0.19,0.122,0.123,0.129,0.129,3.37,25.795,224524700.0
3.61,2.0,0.218,0.194,0.213,0.19,0.122,0.123,0.13,0.13,3.37,25.822,225148400.0
3.62,2.0,0.217,0.194,0.213,0.189,0.122,0.123,0.13,0.13,3.38,25.85,225772100.0
3.63,2.0,0.217,0.193,0.212,0.189,0.122,0.123,0.13,0.13,3.38,25.877,226395800.0
3.64,2.0,0.216,0.193,0.212,0.188,0.123,0.123,0.13,0.13,3.39,25.905,227019500.0
3.65,2.0,0.216,0.192,0.211,0.188,0.123,0.123,0.13,0.13,3.39,25.933,227643100.0
3.66,2.0,0.215,0.192,0.211,0.188,0.123,0.124,0.13,0.13,3.4,25.961,228266800.0
3.67,2.0,0.215,0.192,0.21,0.187,0.123,0.124,0.13,0.13,3.4,25.989,228890500.0
3.68,2.0,0.214,0.191,0.21,0.187,0.123,0.124,0.13,0.13,3.41,26.017,229514200.0
3.69,2.0,0.214,0.191,0.209,0.186,0.123,0.124,0.131,0.131,3.41,26.045,230137900.0
3.7,2.0,0.213,0.191,0.209,0.186,0.123,0.124,0.131,0.131,3.42,26.073,230761500.0
3.71,2.0,0.213,0.19,0.208,0.186,0.124,0.124,0.131,0.131,3.42,26.102,231385200.0
3.72,2.0,0.212,0.19,0.208,0.185,0.124,0.124,0.131,0.131,3.43,26.13,232008900.0
3.73,2.0,0.212,0.189,0.207,0.185,0.124,0.125,0.131,0.131,3.43,26.159,232632600.0
3.74,2.0,0.211,0.189,0.207,0.185,0.124,0.125,0.131,0.131,3.44,26.188,233256200.0
3.75,2.0,0.211,0.189,0.206,0.184,0.124,0.125,0.131,0.131,3.44,26.216,233879900.0
3.76,2.0,0.21,0.188,0.206,0.184,0.124,0.125,0.132,0.132,3.45,26.245,234503600.0
3.77,2.0,0.21,0.188,0.205,0.183,0.124,0.125,0.132,0.132,3.45,26.274,235127300.0
3.78,2.0,0.209,0.188,0.205,0.183,0.125,0.125,0.132,0.132,3.46,26.303,235751000.0
3.79,2.0,0.209,0.187,0.204,0.183,0.125,0.125,0.132,0.132,3.46,26.333,236374600.0
3.8,2.0,0.208,0.187,0.204,0.182,0.125,0.126,0.132,0.132,3.47,26.362,236998300.0
3.81,2.0,0.208,0.186,0.204,0.182,0.125,0.126,0.132,0.132,3.47,26.391,237622000.0
3.82,2.0,0.208,0.186,0.203,0.182,0.125,0.126,0.132,0.132,3.48,26.421,238245700.0
3.83,2.0,0.207,0.186,0.203,0.181,0.125,0.126,0.132,0.132,3.48,26.45,238869400.0
3.84,2.0,0.207,0.185,0.202,0.181,0.125,0.126,0.133,0.133,3.49,26.48,239493000.0
3.85,2.0,0.206,0.185,0.202,0.18,0.126,0.126,0.133,0.133,3.49,26.509,240116700.0
3.86,2.0,0.206,0.185,0.201,0.18,0.126,0.126,0.133,0.133,3.5,26.539,240740400.0
3.87,2.0,0.205,0.184,0.201,0.18,0.126,0.127,0.133,0.133,3.5,26.569,241364100.0
3.88,2.0,0.205,0.184,0.2,0.179,0.126,0.127,0.133,0.133,3.51,26.599,241987800.0
3.89,2.0,0.204,0.183,0.2,0.179,0.126,0.127,0.133,0.133,3.51,26.629,242611500.0
3.9,2.0,0.204,0.183,0.199,0.179,0.126,0.127,0.133,0.133,3.52,26.659,243235100.0
3.91,2.0,0.204,0.183,0.199,0.178,0.126,0.127,0.133,0.133,3.52,26.69,243858800.0
3.92,2.0,0.203,0.182,0.199,0.178,0.127,0.127,0.134,0.134,3.53,26.72,244482500.0
3.93,2.0,0.203,0.182,0.198,0.177,0.127,0.127,0.134,0.134,3.54,26.75,245106200.0
3.94,2.0,0.202,0.182,0.198,0.177,0.127,0.128,0.134,0.134,3.54,26.781,245729800.0
3.95,2.0,0.202,0.181,0.197,0.177,0.127,0.128,0.134,0.134,3.55,26.811,246353500.0
3.96,2.0,0.201,0.181,0.197,0.176,0.127,0.128,0.134,0.134,3.55,26.842,246977200.0
3.97,2.0,0.201,0.18,0.196,0.176,0.127,0.128,0.134,0.134,3.56,26.873,247600900.0
3.98,2.0,0.201,0.18,0.196,0.176,0.127,0.128,0.134,0.134,3.56,26.904,248224600.0
3.99,2.0,0.2,0.18,0.196,0.175,0.128,0.128,0.134,0.134,3.57,26.935,248848200.0
4.0,2.0,0.2,0.179,0.195,0.175,0.128,0.128,0.135,0.135,3.57,26.966,249471900.0
4.01,2.0,0.199,0.179,0.195,0.174,0.128,0.129,0.135,0.135,3.58,26.997,250095600.0
4.02,2.0,0.199,0.179,0.194,0.174,0.128,0.129,0.135,0.135,3.58,27.028,250719300.0
4.03,2.0,0.198,0.178,0.194,0.174,0.128,0.129,0.135,0.135,3.59,27.059,251343000.0
4.04,2.0,0.198,0.178,0.193,0.173,0.128,0.129,0.135,0.135,3.59,27.091,251966600.0
4.05,2.0,0.198,0.178,0.193,0.173,0.128,0.129,0.135,0.135,3.6,27.122,252590300.0
4.06,2.0,0.197,0.177,0.193,0.173,0.129,0.129,0.135,0.135,3.6,27.154,253214000.0
4.07,2.0,0.197,0.177,0.192,0.172,0.129,0.129,0.136,0.136,3.61,27.185,253837700.0
4.08,2.0,0.196,0.177,0.192,0.172,0.129,0.13,0.136,0.136,3.61,27.217,254461400.0
4.09,2.0,0.196,0.176,0.191,0.172,0.129,0.13,0.136,0.136,3.62,27.249,255085000.0
4.1,2.0,0.196,0.176,0.191,0.171,0.129,0.13,0.136,0.136,3.62,27.281,255708700.0
4.11,2.0,0.195,0.176,0.191,0.171,0.129,0.13,0.136,0.136,3.63,27.312,256332400.0
4.12,2.0,0.195,0.175,0.19,0.171,0.129,0.13,0.136,0.136,3.63,27.345,256956100.0
4.13,2.0,0.194,0.175,0.19,0.17,0.13,0.13,0.136,0.136,3.64,27.377,257579800.0
4.14,2.0,0.194,0.175,0.189,0.17,0.13,0.13,0.136,0.136,3.64,27.409,258203400.0
4.15,2.0,0.194,0.174,0.189,0.17,0.13,0.131,0.137,0.137,3.65,27.441,258827100.0
4.16,2.0,0.193,0.174,0.189,0.169,0.13,0.131,0.137,0.137,3.65,27.474,259450800.0
4.17,2.0,0.193,0.174,0.188,0.169,0.13,0.131,0.137,0.137,3.66,27.506,260074500.0
4.18,2.0,0.192,0.173,0.188,0.169,0.13,0.131,0.137,0.137,3.66,27.539,260698100.0
4.19,2.0,0.192,0.173,0.187,0.168,0.13,0.131,0.137,0.137,3.67,27.571,261321800.0
4.2,2.0,0.192,0.173,0.187,0.168,0.131,0.131,0.137,0.137,3.67,27.604,261945500.0
4.21,2.0,0.191,0.172,0.187,0.168,0.131,0.131,0.137,0.137,3.68,27.637,262569200.0
4.22,2.0,0.191,0.172,0.186,0.167,0.131,0.132,0.137,0.137,3.68,27.67,263192900.0
4.23,2.0,0.19,0.172,0.186,0.167,0.131,0.132,0.137,0.137,3.69,27.694,263816600.0
4.24,2.0,0.19,0.171,0.185,0.167,0.131,0.131,0.137,0.137,3.68,27.706,264440200.0
4.25,2.0,0.19,0.171,0.185,0.166,0.131,0.131,0.137,0.137,3.68,27.717,265063900.0
4.26,2.0,0.189,0.171,0.185,0.166,0.131,0.131,0.137,0.137,3.68,27.728,265687600.0
4.27,2.0,0.189,0.17,0.184,0.166,0.131,0.131,0.137,0.137,3.68,27.738,266311300.0
4.28,2.0,0.189,0.17,0.184,0.165,0.13,0.131,0.137,0.137,3.68,27.749,266935000.0
4.29,2.0,0.188,0.17,0.184,0.165,0.13,0.131,0.137,0.137,3.68,27.759,267558600.0
4.3,2.0,0.188,0.169,0.183,0.165,0.13,0.131,0.137,0.137,3.67,27.769,268182300.0
4.31,2.0,0.187,0.169,0.183,0.164,0.13,0.131,0.137,0.137,3.67,27.778,268806000.0
4.32,2.0,0.187,0.169,0.182,0.164,0.13,0.131,0.137,0.137,3.67,27.788,269429700.0
4.33,2.0,0.187,0.168,0.182,0.164,0.13,0.131,0.136,0.136,3.67,27.797,270053300.0
4.34,2.0,0.186,0.168,0.182,0.163,0.13,0.131,0.136,0.136,3.67,27.805,270677100.0
4.35,2.0,0.186,0.168,0.181,0.163,0.13,0.13,0.136,0.136,3.67,27.814,271300700.0
4.36,2.0,0.186,0.167,0.181,0.163,0.13,0.13,0.136,0.136,3.66,27.822,271924400.0
4.37,2.0,0.185,0.167,0.181,0.162,0.13,0.13,0.136,0.136,3.66,27.83,272548100.0
4.38,2.0,0.185,0.167,0.18,0.162,0.13,0.13,0.136,0.136,3.66,27.838,273171700.0
4.39,2.0,0.184,0.167,0.18,0.162,0.129,0.13,0.136,0.136,3.66,27.845,273795400.0
4.4,2.0,0.184,0.166,0.179,0.162,0.129,0.13,0.136,0.136,3.66,27.853,274419100.0
4.41,2.0,0.184,0.166,0.179,0.161,0.129,0.13,0.136,0.136,3.66,27.86,275042800.0
4.42,2.0,0.183,0.166,0.179,0.161,0.129,0.13,0.135,0.135,3.65,27.867,275666500.0
4.43,2.0,0.183,0.165,0.178,0.161,0.129,0.13,0.135,0.135,3.65,27.873,276290100.0
4.44,2.0,0.183,0.165,0.178,0.161,0.129,0.13,0.135,0.135,3.65,27.879,276913800.0
4.45,2.0,0.182,0.165,0.178,0.16,0.129,0.129,0.135,0.135,3.65,27.886,277537500.0
4.46,2.0,0.182,0.165,0.177,0.16,0.129,0.129,0.135,0.135,3.65,27.891,278161200.0
4.47,2.0,0.182,0.164,0.177,0.16,0.129,0.129,0.135,0.135,3.65,27.897,278784900.0
4.48,2.0,0.181,0.164,0.177,0.159,0.129,0.129,0.135,0.135,3.64,27.902,279408500.0
4.49,2.0,0.181,0.164,0.176,0.159,0.128,0.129,0.135,0.135,3.64,27.908,280032200.0
4.5,2.0,0.181,0.164,0.176,0.159,0.128,0.129,0.135,0.135,3.64,27.913,280655900.0
4.51,2.0,0.18,0.163,0.176,0.159,0.128,0.129,0.134,0.134,3.64,27.917,281279600.0
4.52,2.0,0.18,0.163,0.175,0.158,0.128,0.129,0.134,0.134,3.64,27.922,281903300.0
4.53,2.0,0.18,0.163,0.175,0.158,0.128,0.129,0.134,0.134,3.63,27.926,282527000.0
4.54,2.0,0.179,0.162,0.175,0.158,0.128,0.129,0.134,0.134,3.63,27.93,283150600.0
4.55,2.0,0.179,0.162,0.174,0.158,0.128,0.128,0.134,0.134,3.63,27.934,283774300.0
4.56,2.0,0.178,0.162,0.174,0.157,0.128,0.128,0.134,0.134,3.63,27.938,284398000.0
4.57,2.0,0.178,0.162,0.174,0.157,0.128,0.128,0.134,0.134,3.63,27.942,285021700.0
4.58,2.0,0.178,0.161,0.173,0.157,0.128,0.128,0.134,0.134,3.63,27.945,285645300.0
4.59,2.0,0.177,0.161,0.173,0.157,0.127,0.128,0.134,0.134,3.62,27.948,286269000.0
4.6,2.0,0.177,0.161,0.173,0.156,0.127,0.128,0.133,0.133,3.62,27.951,286892700.0
4.61,2.0,0.177,0.161,0.172,0.156,0.127,0.128,0.133,0.133,3.62,27.954,287516400.0
4.62,2.0,0.176,0.16,0.172,0.156,0.127,0.128,0.133,0.133,3.62,27.956,288140100.0
4.63,2.0,0.176,0.16,0.172,0.156,0.127,0.128,0.133,0.133,3.62,27.959,288763700.0
4.64,2.0,0.176,0.16,0.171,0.155,0.127,0.128,0.133,0.133,3.62,27.961,289387400.0
4.65,2.0,0.175,0.16,0.171,0.155,0.127,0.127,0.133,0.133,3.61,27.963,290011100.0
4.66,2.0,0.175,0.159,0.171,0.155,0.127,0.127,0.133,0.133,3.61,27.964,290634800.0
4.67,2.0,0.175,0.159,0.17,0.155,0.127,0.127,0.133,0.133,3.61,27.966,291258500.0
4.68,2.0,0.174,0.159,0.17,0.154,0.127,0.127,0.133,0.133,3.61,27.967,291882100.0
4.69,2.0,0.174,0.159,0.17,0.154,0.126,0.127,0.132,0.132,3.61,27.969,292505800.0
4.7,2.0,0.174,0.158,0.169,0.154,0.126,0.127,0.132,0.132,3.6,27.97,293129500.0
4.71,2.0,0.173,0.158,0.169,0.154,0.126,0.127,0.132,0.132,3.6,27.971,293753200.0
4.72,2.0,0.173,0.158,0.169,0.153,0.126,0.127,0.132,0.132,3.6,27.971,294376900.0
4.73,2.0,0.173,0.158,0.168,0.153,0.126,0.127,0.132,0.132,3.6,27.972,295000500.0
4.74,2.0,0.172,0.157,0.168,0.153,0.126,0.126,0.132,0.132,3.6,27.972,295624200.0
4.75,2.0,0.172,0.157,0.168,0.153,0.126,0.126,0.132,0.132,3.6,27.972,296247900.0
4.76,2.0,0.172,0.157,0.167,0.152,0.126,0.126,0.132,0.132,3.59,27.972,296871600.0
4.77,2.0,0.172,0.157,0.167,0.152,0.126,0.126,0.132,0.132,3.59,27.972,297495300.0
4.78,2.0,0.171,0.156,0.167,0.152,0.126,0.126,0.131,0.131,3.59,27.972,298118900.0
4.79,2.0,0.171,0.156,0.166,0.152,0.125,0.126,0.131,0.131,3.59,27.971,298742600.0
4.8,2.0,0.171,0.156,0.166,0.151,0.125,0.126,0.131,0.131,3.59,27.971,299366300.0
4.81,2.0,0.17,0.156,0.166,0.151,0.125,0.126,0.131,0.131,3.58,27.97,299990000.0
4.82,2.0,0.17,0.155,0.165,0.151,0.125,0.126,0.131,0.131,3.58,27.969,300613700.0
4.83,2.0,0.17,0.155,0.165,0.151,0.125,0.126,0.131,0.131,3.58,27.968,301237300.0
4.84,2.0,0.169,0.155,0.165,0.15,0.125,0.125,0.131,0.131,3.58,27.967,301861000.0
4.85,2.0,0.169,0.155,0.165,0.15,0.125,0.125,0.131,0.131,3.58,27.965,302484700.0
4.86,2.0,0.169,0.154,0.164,0.15,0.125,0.125,0.131,0.131,3.58,27.964,303108400.0
4.87,2.0,0.168,0.154,0.164,0.15,0.125,0.125,0.13,0.13,3.57,27.962,303732100.0
4.88,2.0,0.168,0.154,0.164,0.149,0.125,0.125,0.13,0.13,3.57,27.96,304355700.0
4.89,2.0,0.168,0.154,0.163,0.149,0.124,0.125,0.13,0.13,3.57,27.958,304979400.0
4.9,2.0,0.167,0.153,0.163,0.149,0.124,0.125,0.13,0.13,3.57,27.956,305603100.0
4.91,2.0,0.167,0.153,0.163,0.149,0.124,0.125,0.13,0.13,3.57,27.954,306226800.0
4.92,2.0,0.167,0.153,0.162,0.148,0.124,0.125,0.13,0.13,3.56,27.951,306850500.0
4.93,2.0,0.167,0.153,0.162,0.148,0.124,0.125,0.13,0.13,3.56,27.949,307474100.0
4.94,2.0,0.166,0.152,0.162,0.148,0.124,0.124,0.13,0.13,3.56,27.946,308097800.0
4.95,2.0,0.166,0.152,0.161,0.148,0.124,0.124,0.13,0.13,3.56,27.943,308721500.0
4.96,2.0,0.166,0.152,0.161,0.147,0.124,0.124,0.129,0.129,3.56,27.94,309345200.0
4.97,2.0,0.165,0.152,0.161,0.147,0.124,0.124,0.129,0.129,3.56,27.937,309968800.0
4.98,2.0,0.165,0.151,0.161,0.147,0.124,0.124,0.129,0.129,3.55,27.934,310592500.0
4.99,2.0,0.165,0.151,0.16,0.147,0.123,0.124,0.129,0.129,3.55,27.93,311216200.0
5.0,2.0,0.164,0.151,0.16,0.146,0.123,0.124,0.129,0.129,3.55,27.927,311839900.0
0.01,3.0,0.254,0.241,0.245,0.232,0.17,0.17,0.183,0.183,3.87,29.729,623680.0
0.02,3.0,0.307,0.294,0.297,0.284,0.167,0.168,0.183,0.183,3.87,29.729,1247360.0
0.03,3.0,0.317,0.304,0.308,0.295,0.166,0.167,0.183,0.183,3.87,29.729,1871039.0
0.04,3.0,0.319,0.306,0.31,0.297,0.166,0.167,0.183,0.183,3.87,29.729,2494719.0
0.05,3.0,0.319,0.306,0.31,0.297,0.166,0.167,0.183,0.183,3.87,29.729,3118399.0
0.06,3.0,0.317,0.304,0.308,0.295,0.166,0.167,0.183,0.183,3.87,29.729,3742079.0
0.07,3.0,0.315,0.302,0.306,0.293,0.167,0.167,0.183,0.183,3.87,29.729,4365758.0
0.08,3.0,0.313,0.301,0.304,0.291,0.167,0.167,0.183,0.183,3.87,29.729,4989438.0
0.09,3.0,0.311,0.299,0.302,0.289,0.167,0.167,0.183,0.183,3.87,29.729,5613118.0
0.1,3.0,0.311,0.298,0.301,0.288,0.167,0.167,0.183,0.183,3.87,29.729,6236798.0
0.11,3.0,0.311,0.298,0.301,0.288,0.167,0.167,0.183,0.183,3.87,29.729,6860478.0
0.12,3.0,0.31,0.298,0.301,0.288,0.167,0.167,0.183,0.183,3.87,29.729,7484158.0
0.13,3.0,0.31,0.298,0.301,0.288,0.167,0.167,0.183,0.183,3.87,29.729,8107837.0
0.14,3.0,0.31,0.298,0.301,0.288,0.167,0.167,0.183,0.183,3.87,29.729,8731517.0
0.15,3.0,0.31,0.297,0.301,0.288,0.167,0.167,0.183,0.183,3.87,29.729,9355197.0
0.16,3.0,0.31,0.297,0.301,0.288,0.167,0.167,0.183,0.183,3.87,29.729,9978877.0
0.17,3.0,0.31,0.297,0.301,0.288,0.167,0.167,0.183,0.183,3.87,29.729,10602560.0
0.18,3.0,0.31,0.297,0.301,0.288,0.167,0.167,0.183,0.183,3.87,29.729,11226240.0
0.19,3.0,0.31,0.297,0.301,0.288,0.167,0.167,0.183,0.183,3.87,29.729,11849920.0
0.2,3.0,0.31,0.297,0.301,0.288,0.167,0.167,0.183,0.183,3.87,29.729,12473600.0
0.21,3.0,0.31,0.297,0.301,0.288,0.167,0.167,0.183,0.183,3.87,29.729,13097280.0
0.22,3.0,0.31,0.297,0.301,0.288,0.167,0.167,0.183,0.183,3.87,29.729,13720960.0
0.23,3.0,0.31,0.297,0.301,0.288,0.167,0.167,0.183,0.183,3.87,29.729,14344640.0
0.24,3.0,0.31,0.297,0.301,0.288,0.167,0.167,0.183,0.183,3.87,29.729,14968320.0
0.25,3.0,0.31,0.297,0.301,0.288,0.167,0.167,0.183,0.183,3.87,29.729,15592000.0
0.26,3.0,0.31,0.297,0.301,0.288,0.167,0.168,0.183,0.183,3.87,29.729,16215670.0
0.27,3.0,0.31,0.297,0.301,0.288,0.167,0.168,0.183,0.183,3.87,29.729,16839360.0
0.28,3.0,0.31,0.297,0.301,0.288,0.167,0.168,0.183,0.183,3.87,29.729,17463030.0
0.29,3.0,0.31,0.297,0.301,0.288,0.167,0.168,0.183,0.183,3.87,29.729,18086710.0
0.3,3.0,0.31,0.297,0.301,0.288,0.167,0.168,0.183,0.183,3.87,29.729,18710390.0
0.31,3.0,0.31,0.297,0.301,0.288,0.167,0.168,0.183,0.183,3.87,29.729,19334070.0
0.32,3.0,0.31,0.297,0.301,0.288,0.167,0.168,0.183,0.183,3.87,29.729,19957750.0
0.33,3.0,0.31,0.297,0.301,0.288,0.167,0.168,0.183,0.183,3.87,29.729,20581430.0
0.34,3.0,0.31,0.297,0.301,0.288,0.167,0.168,0.183,0.183,3.87,29.729,21205110.0
0.35,3.0,0.31,0.297,0.3,0.288,0.167,0.168,0.183,0.183,3.87,29.729,21828790.0
0.36,3.0,0.31,0.297,0.3,0.288,0.167,0.168,0.183,0.183,3.87,29.729,22452470.0
0.37,3.0,0.31,0.297,0.3,0.287,0.167,0.168,0.183,0.183,3.87,29.729,23076150.0
0.38,3.0,0.31,0.297,0.3,0.287,0.167,0.168,0.183,0.183,3.87,29.729,23699830.0
0.39,3.0,0.31,0.297,0.3,0.287,0.167,0.168,0.183,0.183,3.87,29.729,24323510.0
0.4,3.0,0.309,0.297,0.3,0.287,0.167,0.168,0.183,0.183,3.87,29.729,24947190.0
0.41,3.0,0.309,0.297,0.3,0.287,0.167,0.168,0.183,0.183,3.87,29.729,25570870.0
0.42,3.0,0.309,0.296,0.3,0.287,0.167,0.168,0.183,0.183,3.87,29.729,26194550.0
0.43,3.0,0.309,0.296,0.3,0.287,0.167,0.168,0.183,0.183,3.87,29.729,26818230.0
0.44,3.0,0.309,0.296,0.3,0.287,0.167,0.168,0.183,0.183,3.87,29.729,27441910.0
0.45,3.0,0.309,0.296,0.3,0.287,0.167,0.168,0.183,0.183,3.87,29.729,28065590.0
0.46,3.0,0.309,0.296,0.3,0.287,0.167,0.168,0.183,0.183,3.87,29.729,28689270.0
0.47,3.0,0.309,0.296,0.3,0.287,0.167,0.168,0.183,0.183,3.87,29.729,29312950.0
0.48,3.0,0.309,0.296,0.3,0.287,0.167,0.168,0.183,0.183,3.87,29.729,29936630.0
0.49,3.0,0.309,0.296,0.3,0.287,0.167,0.168,0.183,0.183,3.87,29.729,30560310.0
0.5,3.0,0.309,0.296,0.3,0.287,0.167,0.168,0.183,0.183,3.87,29.729,31183990.0
0.51,3.0,0.309,0.296,0.3,0.287,0.167,0.168,0.183,0.183,3.87,29.729,31807670.0
0.52,3.0,0.309,0.296,0.3,0.287,0.167,0.168,0.183,0.183,3.87,29.729,32431350.0
0.53,3.0,0.309,0.296,0.3,0.287,0.167,0.168,0.183,0.183,3.87,29.729,33055030.0
0.54,3.0,0.309,0.296,0.3,0.287,0.167,0.168,0.183,0.183,3.87,29.729,33678710.0
0.55,3.0,0.309,0.296,0.3,0.287,0.167,0.168,0.183,0.183,3.87,29.729,34302390.0
0.56,3.0,0.309,0.296,0.3,0.287,0.167,0.168,0.183,0.183,3.87,29.729,34926070.0
0.57,3.0,0.309,0.296,0.3,0.287,0.167,0.168,0.183,0.183,3.87,29.729,35549750.0
0.58,3.0,0.309,0.296,0.3,0.287,0.167,0.168,0.183,0.183,3.87,29.729,36173430.0
0.59,3.0,0.309,0.296,0.3,0.286,0.167,0.168,0.183,0.183,3.87,29.729,36797110.0
0.6,3.0,0.309,0.295,0.3,0.286,0.167,0.168,0.183,0.183,3.87,29.729,37420790.0
0.61,3.0,0.309,0.295,0.3,0.286,0.167,0.168,0.183,0.183,3.87,29.729,38044470.0
0.62,3.0,0.309,0.295,0.3,0.286,0.167,0.168,0.183,0.183,3.87,29.729,38668150.0
0.63,3.0,0.309,0.294,0.3,0.285,0.167,0.168,0.183,0.183,3.87,29.729,39291830.0
0.64,3.0,0.309,0.294,0.299,0.285,0.167,0.168,0.183,0.183,3.87,29.729,39915510.0
0.65,3.0,0.309,0.294,0.299,0.285,0.167,0.168,0.183,0.183,3.87,29.729,40539180.0
0.66,3.0,0.309,0.294,0.299,0.284,0.167,0.168,0.183,0.183,3.87,29.729,41162870.0
0.67,3.0,0.309,0.293,0.299,0.284,0.167,0.168,0.183,0.183,3.87,29.729,41786550.0
0.68,3.0,0.308,0.293,0.299,0.284,0.167,0.168,0.183,0.183,3.87,29.729,42410230.0
0.69,3.0,0.308,0.293,0.299,0.283,0.167,0.168,0.183,0.183,3.87,29.729,43033900.0
0.7,3.0,0.308,0.292,0.299,0.283,0.167,0.168,0.183,0.183,3.87,29.729,43657580.0
0.71,3.0,0.308,0.292,0.299,0.283,0.167,0.168,0.183,0.183,3.87,29.729,44281260.0
0.72,3.0,0.308,0.292,0.299,0.283,0.167,0.168,0.183,0.183,3.87,29.729,44904950.0
0.73,3.0,0.308,0.291,0.299,0.282,0.167,0.168,0.183,0.183,3.87,29.729,45528630.0
0.74,3.0,0.308,0.291,0.299,0.282,0.167,0.168,0.183,0.183,3.87,29.729,46152300.0
0.75,3.0,0.308,0.291,0.299,0.282,0.167,0.168,0.183,0.183,3.87,29.729,46775980.0
0.76,3.0,0.308,0.291,0.299,0.281,0.167,0.168,0.183,0.183,3.87,29.729,47399660.0
0.77,3.0,0.308,0.29,0.299,0.281,0.167,0.168,0.183,0.183,3.87,29.729,48023340.0
0.78,3.0,0.308,0.29,0.299,0.281,0.167,0.168,0.183,0.183,3.87,29.729,48647020.0
0.79,3.0,0.308,0.29,0.299,0.28,0.167,0.168,0.183,0.183,3.87,29.729,49270700.0
0.8,3.0,0.308,0.289,0.299,0.28,0.167,0.168,0.183,0.183,3.87,29.729,49894380.0
0.81,3.0,0.308,0.289,0.299,0.28,0.167,0.168,0.183,0.183,3.87,29.729,50518060.0
0.82,3.0,0.308,0.289,0.299,0.28,0.167,0.168,0.183,0.183,3.87,29.729,51141740.0
0.83,3.0,0.308,0.288,0.299,0.279,0.167,0.168,0.183,0.183,3.87,29.729,51765420.0
0.84,3.0,0.308,0.288,0.299,0.279,0.167,0.168,0.183,0.183,3.87,29.729,52389100.0
0.85,3.0,0.308,0.288,0.299,0.279,0.167,0.168,0.183,0.183,3.87,29.729,53012780.0
0.86,3.0,0.308,0.288,0.299,0.278,0.167,0.168,0.183,0.183,3.87,29.729,53636460.0
0.87,3.0,0.308,0.287,0.299,0.278,0.167,0.168,0.183,0.183,3.87,29.729,54260140.0
0.88,3.0,0.308,0.287,0.299,0.278,0.167,0.168,0.183,0.183,3.87,29.729,54883820.0
0.89,3.0,0.308,0.287,0.299,0.278,0.167,0.168,0.183,0.183,3.87,29.729,55507500.0
0.9,3.0,0.308,0.286,0.299,0.277,0.167,0.168,0.183,0.183,3.87,29.729,56131180.0
0.91,3.0,0.31,0.288,0.301,0.279,0.166,0.167,0.182,0.182,3.85,29.562,56754860.0
0.92,3.0,0.316,0.294,0.307,0.285,0.164,0.165,0.181,0.181,3.83,29.394,57378540.0
0.93,3.0,0.327,0.304,0.318,0.295,0.162,0.164,0.179,0.179,3.81,29.227,58002220.0
0.94,3.0,0.341,0.317,0.332,0.308,0.161,0.162,0.178,0.178,3.78,29.059,58625900.0
0.95,3.0,0.355,0.33,0.346,0.321,0.159,0.16,0.177,0.177,3.76,28.892,59249580.0
0.96,3.0,0.369,0.342,0.36,0.334,0.157,0.158,0.176,0.176,3.74,28.724,59873260.0
0.97,3.0,0.383,0.355,0.374,0.346,0.155,0.156,0.175,0.175,3.72,28.557,60496940.0
0.98,3.0,0.397,0.368,0.388,0.359,0.153,0.155,0.174,0.174,3.7,28.389,61120620.0
0.99,3.0,0.41,0.38,0.402,0.372,0.151,0.153,0.173,0.173,3.67,28.222,61744300.0
1.0,3.0,0.424,0.393,0.416,0.385,0.149,0.151,0.171,0.171,3.65,28.054,62367980.0
1.01,3.0,0.438,0.406,0.43,0.397,0.147,0.149,0.17,0.17,3.63,27.887,62991660.0
1.02,3.0,0.452,0.418,0.444,0.41,0.146,0.147,0.169,0.169,3.61,27.719,63615340.0
1.03,3.0,0.466,0.431,0.458,0.423,0.144,0.146,0.168,0.168,3.59,27.552,64239020.0
1.04,3.0,0.48,0.444,0.472,0.436,0.142,0.144,0.167,0.167,3.57,27.384,64862700.0
1.05,3.0,0.494,0.456,0.486,0.448,0.14,0.142,0.166,0.166,3.54,27.217,65486380.0
1.06,3.0,0.493,0.456,0.485,0.448,0.141,0.143,0.166,0.166,3.55,27.174,66110060.0
1.07,3.0,0.492,0.455,0.484,0.447,0.141,0.143,0.167,0.167,3.56,27.136,66733740.0
1.08,3.0,0.491,0.454,0.483,0.446,0.142,0.144,0.167,0.167,3.57,27.1,67357420.0
1.09,3.0,0.49,0.454,0.482,0.445,0.142,0.144,0.168,0.168,3.58,27.067,67981100.0
1.1,3.0,0.489,0.453,0.481,0.445,0.142,0.144,0.168,0.168,3.59,27.037,68604780.0
1.11,3.0,0.488,0.452,0.48,0.444,0.143,0.145,0.168,0.168,3.59,27.008,69228460.0
1.12,3.0,0.488,0.451,0.479,0.443,0.143,0.145,0.169,0.169,3.6,26.981,69852140.0
1.13,3.0,0.487,0.451,0.478,0.443,0.144,0.146,0.169,0.169,3.61,26.955,70475820.0
1.14,3.0,0.486,0.45,0.478,0.442,0.144,0.146,0.169,0.169,3.61,26.931,71099500.0
1.15,3.0,0.485,0.449,0.477,0.441,0.144,0.146,0.17,0.17,3.62,26.907,71723180.0
1.16,3.0,0.483,0.448,0.475,0.44,0.145,0.147,0.17,0.17,3.62,26.885,72346860.0
1.17,3.0,0.481,0.446,0.473,0.438,0.145,0.147,0.17,0.17,3.63,26.863,72970540.0
1.18,3.0,0.48,0.445,0.471,0.436,0.146,0.147,0.17,0.17,3.64,26.842,73594220.0
1.19,3.0,0.478,0.443,0.47,0.435,0.146,0.148,0.171,0.171,3.64,26.823,74217900.0
1.2,3.0,0.476,0.441,0.468,0.433,0.146,0.148,0.171,0.171,3.65,26.803,74841580.0
1.21,3.0,0.474,0.44,0.466,0.431,0.147,0.148,0.171,0.171,3.65,26.785,75465260.0
1.22,3.0,0.473,0.438,0.464,0.429,0.147,0.149,0.171,0.171,3.65,26.767,76088940.0
1.23,3.0,0.471,0.436,0.463,0.428,0.147,0.149,0.172,0.172,3.66,26.749,76712620.0
1.24,3.0,0.469,0.434,0.461,0.426,0.148,0.149,0.172,0.172,3.66,26.732,77336300.0
1.25,3.0,0.467,0.433,0.459,0.424,0.148,0.15,0.172,0.172,3.67,26.716,77959980.0
1.26,3.0,0.466,0.431,0.457,0.422,0.148,0.15,0.172,0.172,3.67,26.699,78583660.0
1.27,3.0,0.464,0.429,0.456,0.421,0.149,0.15,0.173,0.173,3.68,26.684,79207340.0
1.28,3.0,0.462,0.427,0.454,0.419,0.149,0.151,0.173,0.173,3.68,26.669,79831020.0
1.29,3.0,0.461,0.426,0.452,0.417,0.149,0.151,0.173,0.173,3.68,26.654,80454690.0
1.3,3.0,0.459,0.424,0.451,0.416,0.149,0.151,0.173,0.173,3.69,26.639,81078370.0
1.31,3.0,0.457,0.422,0.449,0.414,0.15,0.152,0.173,0.173,3.69,26.625,81702050.0
1.32,3.0,0.456,0.421,0.447,0.412,0.15,0.152,0.174,0.174,3.7,26.612,82325740.0
1.33,3.0,0.454,0.419,0.445,0.411,0.15,0.152,0.174,0.174,3.7,26.598,82949420.0
1.34,3.0,0.452,0.417,0.444,0.409,0.151,0.152,0.174,0.174,3.7,26.585,83573100.0
1.35,3.0,0.451,0.416,0.442,0.407,0.151,0.153,0.174,0.174,3.71,26.572,84196780.0
1.36,3.0,0.449,0.414,0.44,0.406,0.151,0.153,0.174,0.174,3.71,26.56,84820460.0
1.37,3.0,0.447,0.412,0.439,0.404,0.151,0.153,0.175,0.175,3.71,26.547,85444140.0
1.38,3.0,0.446,0.411,0.437,0.402,0.152,0.153,0.175,0.175,3.72,26.535,86067810.0
1.39,3.0,0.444,0.409,0.436,0.401,0.152,0.154,0.175,0.175,3.72,26.524,86691490.0
1.4,3.0,0.442,0.408,0.434,0.399,0.152,0.154,0.175,0.175,3.72,26.512,87315170.0
1.41,3.0,0.441,0.406,0.432,0.397,0.152,0.154,0.175,0.175,3.73,26.501,87938850.0
1.42,3.0,0.439,0.404,0.431,0.396,0.153,0.154,0.175,0.175,3.73,26.49,88562530.0
1.43,3.0,0.438,0.403,0.429,0.394,0.153,0.155,0.176,0.176,3.73,26.479,89186210.0
1.44,3.0,0.436,0.401,0.427,0.392,0.153,0.155,0.176,0.176,3.73,26.468,89809900.0
1.45,3.0,0.434,0.4,0.426,0.391,0.153,0.155,0.176,0.176,3.73,26.458,90433580.0
1.46,3.0,0.433,0.398,0.424,0.389,0.154,0.155,0.176,0.176,3.73,26.448,91057260.0
1.47,3.0,0.431,0.396,0.423,0.388,0.154,0.156,0.176,0.176,3.72,26.438,91680940.0
1.48,3.0,0.43,0.395,0.421,0.386,0.154,0.156,0.176,0.176,3.72,26.428,92304610.0
1.49,3.0,0.428,0.393,0.419,0.384,0.154,0.156,0.176,0.176,3.72,26.418,92928290.0
1.5,3.0,0.426,0.392,0.418,0.383,0.155,0.156,0.177,0.177,3.72,26.409,93551970.0
1.51,3.0,0.425,0.39,0.416,0.381,0.155,0.157,0.177,0.177,3.71,26.399,94175650.0
1.52,3.0,0.423,0.389,0.415,0.38,0.155,0.157,0.177,0.177,3.71,26.39,94799330.0
1.53,3.0,0.422,0.387,0.413,0.378,0.155,0.157,0.177,0.177,3.71,26.381,95423010.0
1.54,3.0,0.42,0.385,0.412,0.377,0.155,0.157,0.177,0.177,3.7,26.372,96046690.0
1.55,3.0,0.419,0.384,0.41,0.375,0.156,0.157,0.177,0.177,3.7,26.364,96670370.0
1.56,3.0,0.417,0.382,0.408,0.374,0.156,0.158,0.177,0.177,3.7,26.355,97294050.0
1.57,3.0,0.416,0.381,0.407,0.372,0.156,0.158,0.178,0.178,3.69,26.347,97917730.0
1.58,3.0,0.414,0.379,0.405,0.37,0.156,0.158,0.178,0.178,3.69,26.339,98541410.0
1.59,3.0,0.413,0.378,0.404,0.369,0.156,0.158,0.178,0.178,3.69,26.331,99165090.0
1.6,3.0,0.411,0.376,0.402,0.367,0.157,0.158,0.178,0.178,3.69,26.323,99788770.0
1.61,3.0,0.41,0.375,0.401,0.366,0.157,0.159,0.178,0.178,3.68,26.315,100412400.0
1.62,3.0,0.408,0.373,0.399,0.364,0.157,0.159,0.178,0.178,3.68,26.307,101036100.0
1.63,3.0,0.407,0.372,0.398,0.363,0.157,0.159,0.178,0.178,3.68,26.3,101659800.0
1.64,3.0,0.405,0.37,0.396,0.361,0.157,0.159,0.178,0.178,3.67,26.293,102283500.0
1.65,3.0,0.404,0.369,0.395,0.36,0.158,0.159,0.179,0.179,3.67,26.285,102907200.0
1.66,3.0,0.402,0.367,0.393,0.358,0.158,0.16,0.179,0.179,3.67,26.278,103530800.0
1.67,3.0,0.401,0.366,0.392,0.357,0.158,0.16,0.179,0.179,3.66,26.271,104154500.0
1.68,3.0,0.399,0.364,0.39,0.356,0.158,0.16,0.179,0.179,3.66,26.264,104778200.0
1.69,3.0,0.398,0.363,0.389,0.354,0.158,0.16,0.179,0.179,3.65,26.258,105401900.0
1.7,3.0,0.396,0.361,0.387,0.353,0.159,0.16,0.179,0.179,3.65,26.251,106025600.0
1.71,3.0,0.395,0.36,0.386,0.351,0.159,0.161,0.179,0.179,3.65,26.245,106649200.0
1.72,3.0,0.393,0.359,0.385,0.35,0.159,0.161,0.179,0.179,3.64,26.238,107272900.0
1.73,3.0,0.392,0.357,0.383,0.348,0.159,0.161,0.179,0.179,3.64,26.232,107896600.0
1.74,3.0,0.391,0.356,0.382,0.347,0.159,0.161,0.18,0.18,3.64,26.226,108520300.0
1.75,3.0,0.389,0.354,0.38,0.345,0.159,0.161,0.18,0.18,3.63,26.22,109144000.0
1.76,3.0,0.388,0.353,0.379,0.344,0.16,0.161,0.18,0.18,3.63,26.214,109767600.0
1.77,3.0,0.386,0.351,0.377,0.342,0.16,0.162,0.18,0.18,3.63,26.208,110391300.0
1.78,3.0,0.385,0.35,0.376,0.341,0.16,0.162,0.18,0.18,3.62,26.202,111015000.0
1.79,3.0,0.383,0.349,0.375,0.34,0.16,0.162,0.18,0.18,3.62,26.196,111638700.0
1.8,3.0,0.382,0.347,0.373,0.338,0.16,0.162,0.18,0.18,3.61,26.191,112262400.0
1.81,3.0,0.381,0.346,0.372,0.337,0.16,0.162,0.18,0.18,3.61,26.185,112886000.0
1.82,3.0,0.379,0.344,0.37,0.335,0.161,0.162,0.18,0.18,3.61,26.18,113509700.0
1.83,3.0,0.378,0.343,0.369,0.334,0.161,0.163,0.18,0.18,3.6,26.175,114133400.0
1.84,3.0,0.376,0.342,0.368,0.333,0.161,0.163,0.18,0.18,3.6,26.17,114757100.0
1.85,3.0,0.375,0.34,0.366,0.331,0.161,0.163,0.181,0.181,3.59,26.165,115380800.0
1.86,3.0,0.374,0.339,0.365,0.33,0.161,0.163,0.181,0.181,3.59,26.16,116004400.0
1.87,3.0,0.372,0.337,0.363,0.328,0.161,0.163,0.181,0.181,3.59,26.155,116628100.0
1.88,3.0,0.371,0.336,0.362,0.327,0.162,0.163,0.181,0.181,3.58,26.15,117251800.0
1.89,3.0,0.37,0.335,0.361,0.326,0.162,0.164,0.181,0.181,3.58,26.145,117875500.0
1.9,3.0,0.368,0.333,0.359,0.324,0.162,0.164,0.181,0.181,3.57,26.141,118499200.0
1.91,3.0,0.367,0.332,0.358,0.323,0.162,0.164,0.181,0.181,3.57,26.136,119122800.0
1.92,3.0,0.366,0.331,0.357,0.322,0.162,0.164,0.181,0.181,3.57,26.107,119746500.0
1.93,3.0,0.364,0.329,0.355,0.32,0.162,0.164,0.181,0.181,3.56,26.075,120370200.0
1.94,3.0,0.363,0.328,0.354,0.319,0.162,0.164,0.181,0.181,3.56,26.043,120993900.0
1.95,3.0,0.362,0.327,0.353,0.318,0.162,0.164,0.181,0.181,3.55,26.012,121617600.0
1.96,3.0,0.36,0.325,0.351,0.316,0.162,0.164,0.181,0.181,3.55,25.98,122241200.0
1.97,3.0,0.359,0.324,0.35,0.315,0.162,0.164,0.181,0.181,3.55,25.948,122864900.0
1.98,3.0,0.358,0.323,0.349,0.314,0.162,0.164,0.18,0.18,3.54,25.917,123488600.0
1.99,3.0,0.356,0.321,0.347,0.312,0.162,0.164,0.18,0.18,3.54,25.885,124112300.0
2.0,3.0,0.355,0.32,0.346,0.311,0.162,0.164,0.18,0.18,3.53,25.854,124736000.0
2.01,3.0,0.354,0.318,0.345,0.309,0.162,0.164,0.18,0.18,3.53,25.823,125359600.0
2.02,3.0,0.352,0.317,0.343,0.308,0.162,0.164,0.18,0.18,3.52,25.791,125983300.0
2.03,3.0,0.351,0.316,0.342,0.307,0.162,0.164,0.18,0.18,3.52,25.76,126607000.0
2.04,3.0,0.35,0.315,0.341,0.306,0.162,0.164,0.18,0.18,3.52,25.729,127230700.0
2.05,3.0,0.349,0.313,0.34,0.304,0.162,0.164,0.18,0.18,3.51,25.698,127854400.0
2.06,3.0,0.348,0.312,0.339,0.303,0.162,0.164,0.18,0.18,3.51,25.667,128478000.0
2.07,3.0,0.346,0.311,0.337,0.302,0.162,0.164,0.18,0.18,3.5,25.636,129101700.0
2.08,3.0,0.345,0.309,0.336,0.3,0.162,0.163,0.179,0.179,3.5,25.604,129725400.0
2.09,3.0,0.344,0.308,0.335,0.299,0.162,0.163,0.179,0.179,3.49,25.573,130349100.0
2.1,3.0,0.343,0.307,0.334,0.298,0.162,0.163,0.179,0.179,3.49,25.542,130972800.0
2.11,3.0,0.342,0.306,0.333,0.297,0.161,0.163,0.179,0.179,3.48,25.511,131596400.0
2.12,3.0,0.34,0.304,0.332,0.295,0.161,0.163,0.179,0.179,3.48,25.481,132220100.0
2.13,3.0,0.339,0.303,0.33,0.294,0.161,0.163,0.179,0.179,3.48,25.45,132843800.0
2.14,3.0,0.338,0.302,0.329,0.293,0.161,0.163,0.179,0.179,3.47,25.419,133467500.0
2.15,3.0,0.337,0.301,0.328,0.292,0.161,0.163,0.179,0.179,3.47,25.388,134091200.0
2.16,3.0,0.336,0.299,0.327,0.29,0.161,0.163,0.179,0.179,3.46,25.357,134714800.0
2.17,3.0,0.335,0.298,0.326,0.289,0.161,0.163,0.178,0.178,3.46,25.326,135338500.0
2.18,3.0,0.334,0.297,0.325,0.288,0.161,0.163,0.178,0.178,3.45,25.296,135962200.0
2.19,3.0,0.332,0.296,0.324,0.287,0.161,0.163,0.178,0.178,3.45,25.265,136585900.0
2.2,3.0,0.331,0.294,0.322,0.285,0.161,0.163,0.178,0.178,3.44,25.234,137209600.0
2.21,3.0,0.33,0.293,0.321,0.284,0.161,0.163,0.178,0.178,3.44,25.203,137833200.0
2.22,3.0,0.329,0.292,0.32,0.283,0.161,0.163,0.178,0.178,3.43,25.173,138456900.0
2.23,3.0,0.328,0.291,0.319,0.282,0.161,0.163,0.178,0.178,3.43,25.142,139080600.0
2.24,3.0,0.327,0.29,0.318,0.281,0.161,0.163,0.178,0.178,3.42,25.112,139704300.0
2.25,3.0,0.326,0.288,0.317,0.28,0.161,0.163,0.177,0.177,3.42,25.081,140328000.0
2.26,3.0,0.325,0.287,0.316,0.278,0.161,0.163,0.177,0.177,3.41,25.05,140951600.0
2.27,3.0,0.324,0.286,0.315,0.277,0.161,0.162,0.177,0.177,3.41,25.02,141575300.0
2.28,3.0,0.323,0.285,0.314,0.276,0.16,0.162,0.177,0.177,3.4,24.989,142199000.0
2.29,3.0,0.322,0.284,0.313,0.275,0.161,0.163,0.177,0.177,3.4,24.97,142822700.0
2.3,3.0,0.32,0.283,0.312,0.274,0.161,0.163,0.177,0.177,3.4,24.959,143446400.0
2.31,3.0,0.319,0.281,0.311,0.273,0.161,0.163,0.178,0.178,3.4,24.948,144070000.0
2.32,3.0,0.318,0.28,0.309,0.271,0.161,0.163,0.178,0.178,3.41,24.938,144693700.0
2.33,3.0,0.317,0.279,0.308,0.27,0.161,0.163,0.178,0.178,3.41,24.928,145317400.0
2.34,3.0,0.316,0.278,0.307,0.269,0.162,0.164,0.178,0.178,3.41,24.918,145941100.0
2.35,3.0,0.315,0.277,0.306,0.268,0.162,0.164,0.178,0.178,3.41,24.908,146564800.0
2.36,3.0,0.314,0.276,0.305,0.267,0.162,0.164,0.178,0.178,3.41,24.898,147188400.0
2.37,3.0,0.313,0.275,0.304,0.266,0.162,0.164,0.179,0.179,3.41,24.889,147812100.0
2.38,3.0,0.312,0.274,0.303,0.265,0.163,0.165,0.179,0.179,3.41,24.881,148435800.0
2.39,3.0,0.311,0.273,0.302,0.264,0.163,0.165,0.179,0.179,3.41,24.872,149059500.0
2.4,3.0,0.31,0.271,0.301,0.262,0.163,0.165,0.179,0.179,3.41,24.864,149683200.0
2.41,3.0,0.309,0.27,0.3,0.261,0.163,0.165,0.179,0.179,3.41,24.856,150306800.0
2.42,3.0,0.308,0.269,0.299,0.26,0.163,0.165,0.179,0.179,3.41,24.848,150930500.0
2.43,3.0,0.307,0.268,0.298,0.259,0.164,0.166,0.179,0.179,3.41,24.84,151554200.0
2.44,3.0,0.306,0.267,0.297,0.258,0.164,0.166,0.18,0.18,3.41,24.833,152177900.0
2.45,3.0,0.305,0.266,0.296,0.257,0.164,0.166,0.18,0.18,3.41,24.826,152801600.0
2.46,3.0,0.304,0.265,0.295,0.256,0.164,0.166,0.18,0.18,3.41,24.82,153425200.0
2.47,3.0,0.303,0.265,0.294,0.255,0.164,0.166,0.18,0.18,3.41,24.813,154048900.0
2.48,3.0,0.302,0.264,0.293,0.255,0.165,0.167,0.18,0.18,3.42,24.807,154672600.0
2.49,3.0,0.301,0.263,0.292,0.254,0.165,0.167,0.18,0.18,3.42,24.801,155296300.0
2.5,3.0,0.3,0.262,0.291,0.253,0.165,0.167,0.181,0.181,3.42,24.795,155920000.0
2.51,3.0,0.3,0.261,0.29,0.252,0.165,0.167,0.181,0.181,3.42,24.79,156543600.0
2.52,3.0,0.299,0.261,0.29,0.252,0.165,0.167,0.181,0.181,3.42,24.785,157167300.0
2.53,3.0,0.298,0.26,0.289,0.251,0.166,0.168,0.181,0.181,3.42,24.78,157791000.0
2.54,3.0,0.297,0.259,0.288,0.25,0.166,0.168,0.181,0.181,3.42,24.775,158414700.0
2.55,3.0,0.296,0.258,0.287,0.249,0.166,0.168,0.181,0.181,3.42,24.771,159038400.0
2.56,3.0,0.295,0.258,0.286,0.249,0.166,0.168,0.181,0.181,3.42,24.767,159662000.0
2.57,3.0,0.294,0.257,0.285,0.248,0.166,0.168,0.182,0.182,3.42,24.763,160285700.0
2.58,3.0,0.293,0.256,0.284,0.247,0.167,0.169,0.182,0.182,3.42,24.759,160909400.0
2.59,3.0,0.292,0.256,0.283,0.246,0.167,0.169,0.182,0.182,3.42,24.755,161533100.0
2.6,3.0,0.291,0.255,0.282,0.246,0.167,0.169,0.182,0.182,3.42,24.752,162156700.0
2.61,3.0,0.29,0.254,0.281,0.245,0.167,0.169,0.182,0.182,3.42,24.749,162780400.0
2.62,3.0,0.289,0.253,0.28,0.244,0.167,0.169,0.182,0.182,3.42,24.746,163404100.0
2.63,3.0,0.289,0.253,0.279,0.243,0.167,0.169,0.182,0.182,3.42,24.744,164027800.0
2.64,3.0,0.288,0.252,0.279,0.243,0.168,0.17,0.182,0.182,3.42,24.742,164651500.0
2.65,3.0,0.287,0.251,0.278,0.242,0.168,0.17,0.183,0.183,3.42,24.739,165275200.0
2.66,3.0,0.286,0.251,0.277,0.241,0.168,0.17,0.183,0.183,3.42,24.738,165898800.0
2.67,3.0,0.285,0.25,0.276,0.241,0.168,0.17,0.183,0.183,3.42,24.736,166522500.0
2.68,3.0,0.284,0.249,0.275,0.24,0.168,0.17,0.183,0.183,3.42,24.734,167146200.0
2.69,3.0,0.283,0.249,0.274,0.239,0.169,0.17,0.183,0.183,3.42,24.733,167769900.0
2.7,3.0,0.282,0.248,0.273,0.239,0.169,0.171,0.183,0.183,3.42,24.732,168393600.0
2.71,3.0,0.282,0.247,0.272,0.238,0.169,0.171,0.183,0.183,3.42,24.731,169017200.0
2.72,3.0,0.281,0.246,0.272,0.237,0.169,0.171,0.184,0.184,3.42,24.731,169640900.0
2.73,3.0,0.28,0.246,0.271,0.237,0.169,0.171,0.184,0.184,3.42,24.73,170264600.0
2.74,3.0,0.279,0.245,0.27,0.236,0.169,0.171,0.184,0.184,3.42,24.73,170888300.0
2.75,3.0,0.278,0.245,0.269,0.235,0.17,0.171,0.184,0.184,3.42,24.73,171512000.0
2.76,3.0,0.277,0.244,0.268,0.235,0.17,0.171,0.184,0.184,3.42,24.731,172135600.0
2.77,3.0,0.277,0.243,0.267,0.234,0.17,0.172,0.184,0.184,3.42,24.731,172759300.0
2.78,3.0,0.276,0.243,0.266,0.233,0.17,0.172,0.184,0.184,3.42,24.732,173383000.0
2.79,3.0,0.275,0.242,0.266,0.233,0.17,0.172,0.184,0.184,3.42,24.733,174006700.0
2.8,3.0,0.274,0.241,0.265,0.232,0.17,0.172,0.184,0.184,3.42,24.734,174630300.0
2.81,3.0,0.273,0.241,0.264,0.231,0.171,0.172,0.185,0.185,3.42,24.735,175254000.0
2.82,3.0,0.272,0.24,0.263,0.231,0.171,0.172,0.185,0.185,3.42,24.736,175877700.0
2.83,3.0,0.272,0.239,0.262,0.23,0.171,0.173,0.185,0.185,3.42,24.738,176501400.0
2.84,3.0,0.271,0.239,0.262,0.229,0.171,0.173,0.185,0.185,3.42,24.74,177125100.0
2.85,3.0,0.27,0.238,0.261,0.229,0.171,0.173,0.185,0.185,3.42,24.742,177748700.0
2.86,3.0,0.269,0.238,0.26,0.228,0.171,0.173,0.185,0.185,3.42,24.744,178372400.0
2.87,3.0,0.268,0.237,0.259,0.228,0.171,0.173,0.185,0.185,3.42,24.747,178996100.0
2.88,3.0,0.268,0.236,0.258,0.227,0.172,0.173,0.185,0.185,3.42,24.749,179619800.0
2.89,3.0,0.267,0.236,0.258,0.226,0.172,0.173,0.185,0.185,3.41,24.752,180243500.0
2.9,3.0,0.266,0.235,0.257,0.226,0.172,0.174,0.186,0.186,3.41,24.755,180867200.0
2.91,3.0,0.265,0.235,0.256,0.225,0.172,0.174,0.186,0.186,3.41,24.758,181490800.0
2.92,3.0,0.265,0.234,0.255,0.225,0.172,0.174,0.186,0.186,3.41,24.761,182114500.0
2.93,3.0,0.264,0.233,0.254,0.224,0.172,0.174,0.186,0.186,3.41,24.765,182738200.0
2.94,3.0,0.263,0.233,0.254,0.223,0.172,0.174,0.186,0.186,3.41,24.769,183361900.0
2.95,3.0,0.262,0.232,0.253,0.223,0.173,0.174,0.186,0.186,3.41,24.773,183985500.0
2.96,3.0,0.262,0.232,0.252,0.222,0.173,0.174,0.186,0.186,3.41,24.777,184609200.0
2.97,3.0,0.261,0.231,0.251,0.222,0.173,0.174,0.186,0.186,3.41,24.781,185232900.0
2.98,3.0,0.26,0.231,0.251,0.221,0.173,0.175,0.186,0.186,3.41,24.785,185856600.0
2.99,3.0,0.259,0.23,0.25,0.221,0.173,0.175,0.186,0.186,3.41,24.79,186480300.0
3.0,3.0,0.259,0.229,0.249,0.22,0.173,0.175,0.187,0.187,3.41,24.795,187103900.0
3.01,3.0,0.258,0.229,0.248,0.219,0.173,0.175,0.187,0.187,3.41,24.8,187727600.0
3.02,3.0,0.257,0.228,0.248,0.219,0.174,0.175,0.187,0.187,3.41,24.805,188351300.0
3.03,3.0,0.257,0.228,0.247,0.218,0.174,0.175,0.187,0.187,3.41,24.81,188975000.0
3.04,3.0,0.256,0.227,0.247,0.218,0.174,0.175,0.187,0.187,3.41,24.816,189598700.0
3.05,3.0,0.255,0.227,0.246,0.217,0.174,0.175,0.187,0.187,3.41,24.821,190222300.0
3.06,3.0,0.255,0.226,0.245,0.217,0.174,0.176,0.187,0.187,3.4,24.827,190846000.0
3.07,3.0,0.254,0.225,0.245,0.216,0.174,0.176,0.187,0.187,3.4,24.833,191469700.0
3.08,3.0,0.253,0.225,0.244,0.215,0.174,0.176,0.187,0.187,3.4,24.839,192093400.0
3.09,3.0,0.253,0.224,0.243,0.215,0.174,0.176,0.187,0.187,3.4,24.846,192717100.0
3.1,3.0,0.252,0.224,0.243,0.214,0.175,0.176,0.187,0.187,3.4,24.852,193340700.0
3.11,3.0,0.251,0.223,0.242,0.214,0.175,0.176,0.188,0.188,3.4,24.859,193964400.0
3.12,3.0,0.251,0.223,0.241,0.213,0.175,0.176,0.188,0.188,3.4,24.866,194588100.0
3.13,3.0,0.25,0.222,0.241,0.213,0.175,0.176,0.188,0.188,3.4,24.872,195211800.0
3.14,3.0,0.25,0.222,0.24,0.212,0.175,0.176,0.188,0.188,3.4,24.88,195835500.0
3.15,3.0,0.249,0.221,0.239,0.212,0.175,0.177,0.188,0.188,3.4,24.887,196459100.0
3.16,3.0,0.248,0.221,0.239,0.211,0.175,0.177,0.188,0.188,3.4,24.894,197082800.0
3.17,3.0,0.248,0.22,0.238,0.211,0.175,0.177,0.188,0.188,3.4,24.902,197706500.0
3.18,3.0,0.247,0.22,0.238,0.21,0.175,0.177,0.188,0.188,3.39,24.91,198330200.0
3.19,3.0,0.246,0.219,0.237,0.21,0.176,0.177,0.188,0.188,3.39,24.918,198953900.0
3.2,3.0,0.246,0.219,0.236,0.209,0.176,0.177,0.188,0.188,3.39,24.926,199577500.0
3.21,3.0,0.245,0.218,0.236,0.208,0.176,0.177,0.188,0.188,3.39,24.934,200201200.0
3.22,3.0,0.245,0.218,0.235,0.208,0.176,0.177,0.188,0.188,3.39,24.942,200824900.0
3.23,3.0,0.244,0.217,0.235,0.207,0.176,0.177,0.189,0.189,3.39,24.951,201448600.0
3.24,3.0,0.243,0.217,0.234,0.207,0.176,0.177,0.189,0.189,3.39,24.959,202072300.0
3.25,3.0,0.243,0.216,0.233,0.206,0.176,0.178,0.189,0.189,3.39,24.968,202695900.0
3.26,3.0,0.242,0.216,0.233,0.206,0.176,0.178,0.189,0.189,3.39,24.977,203319600.0
3.27,3.0,0.242,0.215,0.232,0.205,0.176,0.178,0.189,0.189,3.38,24.986,203943300.0
3.28,3.0,0.241,0.215,0.232,0.205,0.176,0.178,0.189,0.189,3.38,24.995,204567000.0
3.29,3.0,0.241,0.214,0.231,0.204,0.177,0.178,0.189,0.189,3.38,25.005,205190700.0
3.3,3.0,0.24,0.214,0.23,0.204,0.177,0.178,0.189,0.189,3.38,25.014,205814300.0
3.31,3.0,0.239,0.213,0.23,0.203,0.177,0.178,0.189,0.189,3.38,25.024,206438000.0
3.32,3.0,0.239,0.213,0.229,0.203,0.177,0.178,0.189,0.189,3.38,25.034,207061700.0
3.33,3.0,0.238,0.212,0.229,0.203,0.177,0.178,0.189,0.189,3.38,25.044,207685400.0
3.34,3.0,0.238,0.212,0.228,0.202,0.177,0.178,0.189,0.189,3.38,25.054,208309000.0
3.35,3.0,0.237,0.211,0.227,0.202,0.177,0.179,0.189,0.189,3.38,25.064,208932700.0
3.36,3.0,0.237,0.211,0.227,0.201,0.177,0.179,0.189,0.189,3.37,25.075,209556400.0
3.37,3.0,0.236,0.21,0.226,0.201,0.177,0.179,0.189,0.189,3.37,25.085,210180100.0
3.38,3.0,0.235,0.21,0.226,0.2,0.177,0.179,0.189,0.189,3.37,25.096,210803800.0
3.39,3.0,0.235,0.209,0.225,0.2,0.178,0.179,0.19,0.19,3.37,25.106,211427500.0
3.4,3.0,0.234,0.209,0.225,0.199,0.178,0.179,0.19,0.19,3.37,25.117,212051100.0
3.41,3.0,0.234,0.208,0.224,0.199,0.178,0.179,0.19,0.19,3.37,25.128,212674800.0
3.42,3.0,0.233,0.208,0.224,0.198,0.178,0.179,0.19,0.19,3.37,25.14,213298500.0
3.43,3.0,0.233,0.207,0.223,0.198,0.178,0.179,0.19,0.19,3.36,25.151,213922200.0
3.44,3.0,0.232,0.207,0.222,0.197,0.178,0.179,0.19,0.19,3.37,25.186,214545900.0
3.45,3.0,0.232,0.207,0.222,0.197,0.178,0.179,0.19,0.19,3.37,25.198,215169500.0
3.46,3.0,0.231,0.206,0.221,0.196,0.178,0.18,0.19,0.19,3.36,25.209,215793200.0
3.47,3.0,0.23,0.206,0.221,0.196,0.178,0.18,0.19,0.19,3.36,25.221,216416900.0
3.48,3.0,0.23,0.205,0.22,0.196,0.179,0.18,0.19,0.19,3.36,25.232,217040600.0
3.49,3.0,0.229,0.205,0.22,0.195,0.179,0.18,0.19,0.19,3.36,25.244,217664300.0
3.5,3.0,0.229,0.204,0.219,0.195,0.179,0.18,0.191,0.191,3.36,25.256,218287900.0
3.51,3.0,0.228,0.204,0.219,0.194,0.179,0.18,0.191,0.191,3.36,25.268,218911600.0
3.52,3.0,0.228,0.204,0.218,0.194,0.179,0.18,0.191,0.191,3.36,25.281,219535300.0
3.53,3.0,0.227,0.203,0.218,0.193,0.179,0.18,0.191,0.191,3.36,25.293,220159000.0
3.54,3.0,0.227,0.203,0.217,0.193,0.179,0.181,0.191,0.191,3.36,25.306,220782600.0
3.55,3.0,0.226,0.202,0.217,0.193,0.179,0.181,0.191,0.191,3.36,25.318,221406300.0
3.56,3.0,0.226,0.202,0.216,0.192,0.18,0.181,0.191,0.191,3.36,25.331,222030000.0
3.57,3.0,0.225,0.201,0.216,0.192,0.18,0.181,0.191,0.191,3.36,25.344,222653700.0
3.58,3.0,0.225,0.201,0.215,0.191,0.18,0.181,0.191,0.191,3.36,25.357,223277400.0
3.59,3.0,0.224,0.201,0.215,0.191,0.18,0.181,0.191,0.191,3.36,25.371,223901000.0
3.6,3.0,0.224,0.2,0.214,0.19,0.18,0.181,0.192,0.192,3.37,25.384,224524700.0
3.61,3.0,0.223,0.2,0.213,0.19,0.18,0.181,0.192,0.192,3.37,25.398,225148400.0
3.62,3.0,0.223,0.199,0.213,0.19,0.18,0.182,0.192,0.192,3.38,25.411,225772100.0
3.63,3.0,0.222,0.199,0.212,0.189,0.181,0.182,0.192,0.192,3.38,25.425,226395800.0
3.64,3.0,0.222,0.199,0.212,0.189,0.181,0.182,0.192,0.192,3.39,25.439,227019500.0
3.65,3.0,0.221,0.198,0.211,0.188,0.181,0.182,0.192,0.192,3.39,25.453,227643100.0
3.66,3.0,0.221,0.198,0.211,0.188,0.181,0.182,0.192,0.192,3.4,25.467,228266800.0
3.67,3.0,0.22,0.197,0.21,0.188,0.181,0.182,0.192,0.192,3.4,25.482,228890500.0
3.68,3.0,0.22,0.197,0.21,0.187,0.181,0.182,0.192,0.192,3.41,25.496,229514200.0
3.69,3.0,0.219,0.197,0.21,0.187,0.181,0.182,0.193,0.193,3.41,25.511,230137900.0
3.7,3.0,0.219,0.196,0.209,0.186,0.181,0.183,0.193,0.193,3.42,25.526,230761500.0
3.71,3.0,0.218,0.196,0.209,0.186,0.182,0.183,0.193,0.193,3.42,25.541,231385200.0
3.72,3.0,0.218,0.195,0.208,0.186,0.182,0.183,0.193,0.193,3.43,25.556,232008900.0
3.73,3.0,0.217,0.195,0.208,0.185,0.182,0.183,0.193,0.193,3.43,25.571,232632600.0
3.74,3.0,0.217,0.195,0.207,0.185,0.182,0.183,0.193,0.193,3.44,25.586,233256200.0
3.75,3.0,0.216,0.194,0.207,0.184,0.182,0.183,0.193,0.193,3.44,25.602,233879900.0
3.76,3.0,0.216,0.194,0.206,0.184,0.182,0.183,0.193,0.193,3.45,25.618,234503600.0
3.77,3.0,0.216,0.194,0.206,0.184,0.182,0.183,0.193,0.193,3.45,25.633,235127300.0
3.78,3.0,0.215,0.193,0.205,0.183,0.182,0.184,0.193,0.193,3.46,25.649,235751000.0
3.79,3.0,0.215,0.193,0.205,0.183,0.183,0.184,0.194,0.194,3.46,25.665,236374600.0
3.8,3.0,0.214,0.192,0.204,0.183,0.183,0.184,0.194,0.194,3.47,25.681,236998300.0
3.81,3.0,0.214,0.192,0.204,0.182,0.183,0.184,0.194,0.194,3.47,25.698,237622000.0
3.82,3.0,0.213,0.192,0.203,0.182,0.183,0.184,0.194,0.194,3.48,25.714,238245700.0
3.83,3.0,0.213,0.191,0.203,0.181,0.183,0.184,0.194,0.194,3.48,25.731,238869400.0
3.84,3.0,0.212,0.191,0.202,0.181,0.183,0.184,0.194,0.194,3.49,25.747,239493000.0
3.85,3.0,0.212,0.191,0.202,0.181,0.183,0.184,0.194,0.194,3.49,25.764,240116700.0
3.86,3.0,0.211,0.19,0.202,0.18,0.183,0.185,0.194,0.194,3.5,25.781,240740400.0
3.87,3.0,0.211,0.19,0.201,0.18,0.184,0.185,0.194,0.194,3.5,25.798,241364100.0
3.88,3.0,0.211,0.189,0.201,0.18,0.184,0.185,0.194,0.194,3.51,25.815,241987800.0
3.89,3.0,0.21,0.189,0.2,0.179,0.184,0.185,0.195,0.195,3.51,25.833,242611500.0
3.9,3.0,0.21,0.189,0.2,0.179,0.184,0.185,0.195,0.195,3.52,25.85,243235100.0
3.91,3.0,0.209,0.188,0.199,0.178,0.184,0.185,0.195,0.195,3.52,25.868,243858800.0
3.92,3.0,0.209,0.188,0.199,0.178,0.184,0.185,0.195,0.195,3.53,25.886,244482500.0
3.93,3.0,0.208,0.188,0.198,0.178,0.184,0.185,0.195,0.195,3.54,25.904,245106200.0
3.94,3.0,0.208,0.187,0.198,0.177,0.184,0.186,0.195,0.195,3.54,25.922,245729800.0
3.95,3.0,0.207,0.187,0.198,0.177,0.185,0.186,0.195,0.195,3.55,25.94,246353500.0
3.96,3.0,0.207,0.186,0.197,0.177,0.185,0.186,0.195,0.195,3.55,25.958,246977200.0
3.97,3.0,0.207,0.186,0.197,0.176,0.185,0.186,0.195,0.195,3.56,25.976,247600900.0
3.98,3.0,0.206,0.186,0.196,0.176,0.185,0.186,0.195,0.195,3.56,25.995,248224600.0
3.99,3.0,0.206,0.185,0.196,0.175,0.185,0.186,0.196,0.196,3.57,26.014,248848200.0
4.0,3.0,0.205,0.185,0.195,0.175,0.185,0.186,0.196,0.196,3.57,26.032,249471900.0
4.01,3.0,0.205,0.185,0.195,0.175,0.185,0.186,0.196,0.196,3.58,26.051,250095600.0
4.02,3.0,0.205,0.184,0.195,0.174,0.185,0.186,0.196,0.196,3.58,26.07,250719300.0
4.03,3.0,0.204,0.184,0.194,0.174,0.186,0.187,0.196,0.196,3.59,26.09,251343000.0
4.04,3.0,0.204,0.184,0.194,0.174,0.186,0.187,0.196,0.196,3.59,26.109,251966600.0
4.05,3.0,0.203,0.183,0.193,0.173,0.186,0.187,0.196,0.196,3.6,26.128,252590300.0
4.06,3.0,0.203,0.183,0.193,0.173,0.186,0.187,0.196,0.196,3.6,26.148,253214000.0
4.07,3.0,0.202,0.183,0.192,0.173,0.186,0.187,0.196,0.196,3.61,26.168,253837700.0
4.08,3.0,0.202,0.182,0.192,0.172,0.186,0.187,0.196,0.196,3.61,26.188,254461400.0
4.09,3.0,0.202,0.182,0.192,0.172,0.186,0.187,0.197,0.197,3.62,26.208,255085000.0
4.1,3.0,0.201,0.182,0.191,0.171,0.186,0.187,0.197,0.197,3.62,26.228,255708700.0
4.11,3.0,0.201,0.181,0.191,0.171,0.186,0.188,0.197,0.197,3.63,26.248,256332400.0
4.12,3.0,0.2,0.181,0.19,0.171,0.187,0.188,0.197,0.197,3.63,26.268,256956100.0
4.13,3.0,0.2,0.181,0.19,0.17,0.187,0.188,0.197,0.197,3.64,26.289,257579800.0
4.14,3.0,0.2,0.18,0.19,0.17,0.187,0.188,0.197,0.197,3.64,26.309,258203400.0
4.15,3.0,0.199,0.18,0.189,0.17,0.187,0.188,0.197,0.197,3.65,26.33,258827100.0
4.16,3.0,0.199,0.18,0.189,0.169,0.187,0.188,0.197,0.197,3.65,26.351,259450800.0
4.17,3.0,0.199,0.179,0.188,0.169,0.187,0.188,0.197,0.197,3.66,26.372,260074500.0
4.18,3.0,0.198,0.179,0.188,0.169,0.187,0.188,0.197,0.197,3.66,26.393,260698100.0
4.19,3.0,0.198,0.179,0.188,0.168,0.187,0.188,0.198,0.198,3.67,26.414,261321800.0
4.2,3.0,0.197,0.178,0.187,0.168,0.188,0.189,0.198,0.198,3.67,26.436,261945500.0
4.21,3.0,0.197,0.178,0.187,0.168,0.188,0.189,0.198,0.198,3.68,26.457,262569200.0
4.22,3.0,0.197,0.178,0.186,0.167,0.188,0.189,0.198,0.198,3.68,26.479,263192900.0
4.23,3.0,0.196,0.177,0.186,0.167,0.188,0.189,0.198,0.198,3.69,26.491,263816600.0
4.24,3.0,0.196,0.177,0.186,0.167,0.188,0.189,0.198,0.198,3.68,26.489,264440200.0
4.25,3.0,0.195,0.177,0.185,0.166,0.187,0.188,0.197,0.197,3.68,26.486,265063900.0
4.26,3.0,0.195,0.176,0.185,0.166,0.187,0.188,0.197,0.197,3.68,26.482,265687600.0
4.27,3.0,0.195,0.176,0.185,0.166,0.187,0.188,0.197,0.197,3.68,26.479,266311300.0
4.28,3.0,0.194,0.176,0.184,0.166,0.187,0.188,0.197,0.197,3.68,26.475,266935000.0
4.29,3.0,0.194,0.175,0.184,0.165,0.186,0.187,0.196,0.196,3.68,26.47,267558600.0
4.3,3.0,0.193,0.175,0.183,0.165,0.186,0.187,0.196,0.196,3.67,26.466,268182300.0
4.31,3.0,0.193,0.175,0.183,0.165,0.186,0.187,0.196,0.196,3.67,26.461,268806000.0
4.32,3.0,0.193,0.174,0.183,0.164,0.186,0.187,0.196,0.196,3.67,26.455,269429700.0
4.33,3.0,0.192,0.174,0.182,0.164,0.186,0.187,0.195,0.195,3.67,26.45,270053300.0
4.34,3.0,0.192,0.174,0.182,0.164,0.185,0.186,0.195,0.195,3.67,26.444,270677100.0
4.35,3.0,0.192,0.173,0.182,0.163,0.185,0.186,0.195,0.195,3.67,26.438,271300700.0
4.36,3.0,0.191,0.173,0.181,0.163,0.185,0.186,0.195,0.195,3.66,26.431,271924400.0
4.37,3.0,0.191,0.173,0.181,0.163,0.185,0.186,0.194,0.194,3.66,26.425,272548100.0
4.38,3.0,0.19,0.172,0.18,0.162,0.184,0.185,0.194,0.194,3.66,26.418,273171700.0
4.39,3.0,0.19,0.172,0.18,0.162,0.184,0.185,0.194,0.194,3.66,26.41,273795400.0
4.4,3.0,0.19,0.172,0.18,0.162,0.184,0.185,0.194,0.194,3.66,26.403,274419100.0
4.41,3.0,0.189,0.171,0.179,0.162,0.184,0.185,0.193,0.193,3.66,26.395,275042800.0
4.42,3.0,0.189,0.171,0.179,0.161,0.183,0.184,0.193,0.193,3.65,26.386,275666500.0
4.43,3.0,0.189,0.171,0.179,0.161,0.183,0.184,0.193,0.193,3.65,26.378,276290100.0
4.44,3.0,0.188,0.171,0.178,0.161,0.183,0.184,0.193,0.193,3.65,26.369,276913800.0
4.45,3.0,0.188,0.17,0.178,0.16,0.183,0.184,0.192,0.192,3.65,26.36,277537500.0
4.46,3.0,0.187,0.17,0.178,0.16,0.182,0.183,0.192,0.192,3.65,26.351,278161200.0
4.47,3.0,0.187,0.17,0.177,0.16,0.182,0.183,0.192,0.192,3.65,26.341,278784900.0
4.48,3.0,0.187,0.169,0.177,0.16,0.182,0.183,0.192,0.192,3.64,26.331,279408500.0
4.49,3.0,0.186,0.169,0.177,0.159,0.182,0.183,0.191,0.191,3.64,26.321,280032200.0
4.5,3.0,0.186,0.169,0.176,0.159,0.182,0.182,0.191,0.191,3.64,26.311,280655900.0
4.51,3.0,0.186,0.169,0.176,0.159,0.181,0.182,0.191,0.191,3.64,26.3,281279600.0
4.52,3.0,0.185,0.168,0.176,0.159,0.181,0.182,0.19,0.19,3.64,26.289,281903300.0
4.53,3.0,0.185,0.168,0.175,0.158,0.181,0.182,0.19,0.19,3.63,26.278,282527000.0
4.54,3.0,0.185,0.168,0.175,0.158,0.181,0.181,0.19,0.19,3.63,26.266,283150600.0
4.55,3.0,0.184,0.168,0.175,0.158,0.18,0.181,0.19,0.19,3.63,26.255,283774300.0
4.56,3.0,0.184,0.167,0.174,0.158,0.18,0.181,0.189,0.189,3.63,26.243,284398000.0
4.57,3.0,0.184,0.167,0.174,0.157,0.18,0.181,0.189,0.189,3.63,26.23,285021700.0
4.58,3.0,0.183,0.167,0.174,0.157,0.18,0.18,0.189,0.189,3.63,26.218,285645300.0
4.59,3.0,0.183,0.166,0.173,0.157,0.179,0.18,0.189,0.189,3.62,26.205,286269000.0
4.6,3.0,0.182,0.166,0.173,0.157,0.179,0.18,0.188,0.188,3.62,26.192,286892700.0
4.61,3.0,0.182,0.166,0.172,0.156,0.179,0.18,0.188,0.188,3.62,26.179,287516400.0
4.62,3.0,0.182,0.166,0.172,0.156,0.179,0.179,0.188,0.188,3.62,26.165,288140100.0
4.63,3.0,0.181,0.165,0.172,0.156,0.178,0.179,0.188,0.188,3.62,26.152,288763700.0
4.64,3.0,0.181,0.165,0.171,0.156,0.178,0.179,0.187,0.187,3.62,26.138,289387400.0
4.65,3.0,0.181,0.165,0.171,0.155,0.178,0.179,0.187,0.187,3.61,26.123,290011100.0
4.66,3.0,0.18,0.165,0.171,0.155,0.178,0.179,0.187,0.187,3.61,26.109,290634800.0
4.67,3.0,0.18,0.164,0.171,0.155,0.177,0.178,0.187,0.187,3.61,26.094,291258500.0
4.68,3.0,0.18,0.164,0.17,0.154,0.177,0.178,0.186,0.186,3.61,26.079,291882100.0
4.69,3.0,0.179,0.164,0.17,0.154,0.177,0.178,0.186,0.186,3.61,26.064,292505800.0
4.7,3.0,0.179,0.164,0.17,0.154,0.177,0.178,0.186,0.186,3.6,26.049,293129500.0
4.71,3.0,0.179,0.163,0.169,0.154,0.176,0.177,0.186,0.186,3.6,26.033,293753200.0
4.72,3.0,0.178,0.163,0.169,0.153,0.176,0.177,0.185,0.185,3.6,26.017,294376900.0
4.73,3.0,0.178,0.163,0.169,0.153,0.176,0.177,0.185,0.185,3.6,26.001,295000500.0
4.74,3.0,0.178,0.162,0.168,0.153,0.176,0.177,0.185,0.185,3.6,25.985,295624200.0
4.75,3.0,0.177,0.162,0.168,0.153,0.176,0.176,0.185,0.185,3.6,25.968,296247900.0
4.76,3.0,0.177,0.162,0.168,0.152,0.175,0.176,0.184,0.184,3.59,25.951,296871600.0
4.77,3.0,0.177,0.162,0.167,0.152,0.175,0.176,0.184,0.184,3.59,25.934,297495300.0
4.78,3.0,0.176,0.161,0.167,0.152,0.175,0.176,0.184,0.184,3.59,25.926,298118900.0
4.79,3.0,0.176,0.161,0.167,0.152,0.175,0.176,0.184,0.184,3.59,25.935,298742600.0
4.8,3.0,0.176,0.161,0.166,0.152,0.175,0.175,0.184,0.184,3.59,25.945,299366300.0
4.81,3.0,0.175,0.161,0.166,0.151,0.175,0.175,0.184,0.184,3.58,25.954,299990000.0
4.82,3.0,0.175,0.16,0.166,0.151,0.175,0.175,0.183,0.183,3.58,25.963,300613700.0
4.83,3.0,0.175,0.16,0.165,0.151,0.174,0.175,0.183,0.183,3.58,25.972,301237300.0
4.84,3.0,0.174,0.16,0.165,0.151,0.174,0.175,0.183,0.183,3.58,25.981,301861000.0
4.85,3.0,0.174,0.16,0.165,0.15,0.174,0.175,0.183,0.183,3.58,25.99,302484700.0
4.86,3.0,0.174,0.159,0.164,0.15,0.174,0.175,0.183,0.183,3.58,25.999,303108400.0
4.87,3.0,0.174,0.159,0.164,0.15,0.174,0.175,0.183,0.183,3.57,26.007,303732100.0
4.88,3.0,0.173,0.159,0.164,0.15,0.174,0.175,0.183,0.183,3.57,26.015,304355700.0
4.89,3.0,0.173,0.159,0.164,0.149,0.174,0.175,0.183,0.183,3.57,26.024,304979400.0
4.9,3.0,0.173,0.158,0.163,0.149,0.174,0.175,0.183,0.183,3.57,26.032,305603100.0
4.91,3.0,0.172,0.158,0.163,0.149,0.174,0.175,0.183,0.183,3.57,26.04,306226800.0
4.92,3.0,0.172,0.158,0.163,0.149,0.174,0.174,0.182,0.182,3.56,26.047,306850500.0
4.93,3.0,0.172,0.158,0.162,0.148,0.174,0.174,0.182,0.182,3.56,26.055,307474100.0
4.94,3.0,0.171,0.157,0.162,0.148,0.174,0.174,0.182,0.182,3.56,26.062,308097800.0
4.95,3.0,0.171,0.157,0.162,0.148,0.173,0.174,0.182,0.182,3.56,26.07,308721500.0
4.96,3.0,0.171,0.157,0.161,0.148,0.173,0.174,0.182,0.182,3.56,26.077,309345200.0
4.97,3.0,0.17,0.157,0.161,0.147,0.173,0.174,0.182,0.182,3.56,26.084,309968800.0
4.98,3.0,0.17,0.156,0.161,0.147,0.173,0.174,0.182,0.182,3.55,26.091,310592500.0
4.99,3.0,0.17,0.156,0.161,0.147,0.173,0.174,0.182,0.182,3.55,26.098,311216200.0
5.0,3.0,0.17,0.156,0.16,0.147,0.173,0.174,0.182,0.182,3.55,26.104,311839900.0
0.01,4.0,0.264,0.251,0.246,0.233,0.252,0.253,0.27,0.27,3.87,32.317,623680.0
0.02,4.0,0.316,0.303,0.298,0.285,0.249,0.25,0.27,0.27,3.87,32.317,1247360.0
0.03,4.0,0.327,0.314,0.309,0.296,0.248,0.249,0.27,0.27,3.87,32.317,1871039.0
0.04,4.0,0.329,0.316,0.311,0.298,0.248,0.249,0.27,0.27,3.87,32.317,2494719.0
0.05,4.0,0.328,0.315,0.31,0.297,0.248,0.249,0.27,0.27,3.87,32.317,3118399.0
0.06,4.0,0.327,0.314,0.309,0.296,0.248,0.249,0.27,0.27,3.87,32.317,3742079.0
0.07,4.0,0.325,0.312,0.307,0.294,0.248,0.249,0.27,0.27,3.87,32.317,4365758.0
0.08,4.0,0.323,0.31,0.305,0.292,0.248,0.249,0.27,0.27,3.87,32.317,4989438.0
0.09,4.0,0.321,0.308,0.303,0.29,0.248,0.249,0.27,0.27,3.87,32.317,5613118.0
0.1,4.0,0.32,0.307,0.302,0.289,0.249,0.249,0.27,0.27,3.87,32.317,6236798.0
0.11,4.0,0.32,0.307,0.302,0.289,0.249,0.249,0.27,0.27,3.87,32.317,6860478.0
0.12,4.0,0.32,0.307,0.302,0.289,0.249,0.249,0.27,0.27,3.87,32.317,7484158.0
0.13,4.0,0.32,0.307,0.302,0.289,0.249,0.249,0.27,0.27,3.87,32.317,8107837.0
0.14,4.0,0.32,0.307,0.302,0.289,0.249,0.249,0.27,0.27,3.87,32.317,8731517.0
0.15,4.0,0.32,0.307,0.302,0.289,0.249,0.249,0.27,0.27,3.87,32.317,9355197.0
0.16,4.0,0.32,0.307,0.302,0.289,0.249,0.249,0.27,0.27,3.87,32.317,9978877.0
0.17,4.0,0.32,0.307,0.302,0.289,0.249,0.249,0.27,0.27,3.87,32.317,10602560.0
0.18,4.0,0.32,0.307,0.302,0.289,0.249,0.249,0.27,0.27,3.87,32.317,11226240.0
0.19,4.0,0.32,0.307,0.302,0.289,0.249,0.249,0.27,0.27,3.87,32.317,11849920.0
0.2,4.0,0.32,0.307,0.302,0.289,0.249,0.249,0.27,0.27,3.87,32.317,12473600.0
0.21,4.0,0.32,0.307,0.302,0.289,0.249,0.249,0.27,0.27,3.87,32.317,13097280.0
0.22,4.0,0.32,0.307,0.302,0.289,0.249,0.249,0.27,0.27,3.87,32.317,13720960.0
0.23,4.0,0.32,0.307,0.302,0.289,0.249,0.249,0.27,0.27,3.87,32.317,14344640.0
0.24,4.0,0.32,0.307,0.302,0.289,0.249,0.249,0.27,0.27,3.87,32.317,14968320.0
0.25,4.0,0.32,0.307,0.302,0.289,0.249,0.249,0.27,0.27,3.87,32.317,15592000.0
0.26,4.0,0.32,0.307,0.301,0.289,0.249,0.25,0.27,0.27,3.87,32.317,16215670.0
0.27,4.0,0.32,0.307,0.301,0.288,0.249,0.25,0.27,0.27,3.87,32.317,16839360.0
0.28,4.0,0.32,0.307,0.301,0.288,0.249,0.25,0.27,0.27,3.87,32.317,17463030.0
0.29,4.0,0.319,0.307,0.301,0.288,0.249,0.25,0.27,0.27,3.87,32.317,18086710.0
0.3,4.0,0.319,0.307,0.301,0.288,0.249,0.25,0.27,0.27,3.87,32.317,18710390.0
0.31,4.0,0.319,0.306,0.301,0.288,0.249,0.25,0.27,0.27,3.87,32.317,19334070.0
0.32,4.0,0.319,0.306,0.301,0.288,0.249,0.25,0.27,0.27,3.87,32.317,19957750.0
0.33,4.0,0.319,0.306,0.301,0.288,0.249,0.25,0.27,0.27,3.87,32.317,20581430.0
0.34,4.0,0.319,0.306,0.301,0.288,0.249,0.25,0.27,0.27,3.87,32.317,21205110.0
0.35,4.0,0.319,0.306,0.301,0.288,0.249,0.25,0.27,0.27,3.87,32.317,21828790.0
0.36,4.0,0.319,0.306,0.301,0.288,0.249,0.25,0.27,0.27,3.87,32.317,22452470.0
0.37,4.0,0.319,0.306,0.301,0.288,0.249,0.25,0.27,0.27,3.87,32.317,23076150.0
0.38,4.0,0.319,0.306,0.301,0.288,0.249,0.25,0.27,0.27,3.87,32.317,23699830.0
0.39,4.0,0.319,0.306,0.301,0.288,0.249,0.25,0.27,0.27,3.87,32.317,24323510.0
0.4,4.0,0.319,0.306,0.301,0.288,0.249,0.25,0.27,0.27,3.87,32.317,24947190.0
0.41,4.0,0.319,0.306,0.301,0.288,0.249,0.25,0.27,0.27,3.87,32.317,25570870.0
0.42,4.0,0.319,0.306,0.301,0.288,0.249,0.25,0.27,0.27,3.87,32.317,26194550.0
0.43,4.0,0.319,0.306,0.301,0.288,0.249,0.25,0.27,0.27,3.87,32.317,26818230.0
0.44,4.0,0.319,0.306,0.301,0.288,0.249,0.25,0.27,0.27,3.87,32.317,27441910.0
0.45,4.0,0.319,0.306,0.301,0.288,0.249,0.25,0.27,0.27,3.87,32.317,28065590.0
0.46,4.0,0.319,0.306,0.301,0.288,0.249,0.25,0.27,0.27,3.87,32.317,28689270.0
0.47,4.0,0.319,0.306,0.301,0.288,0.249,0.25,0.27,0.27,3.87,32.317,29312950.0
0.48,4.0,0.319,0.306,0.301,0.288,0.249,0.25,0.27,0.27,3.87,32.317,29936630.0
0.49,4.0,0.319,0.306,0.301,0.288,0.249,0.25,0.27,0.27,3.87,32.317,30560310.0
0.5,4.0,0.319,0.306,0.301,0.288,0.249,0.25,0.27,0.27,3.87,32.317,31183990.0
0.51,4.0,0.319,0.306,0.301,0.288,0.249,0.25,0.27,0.27,3.87,32.317,31807670.0
0.52,4.0,0.319,0.306,0.301,0.288,0.249,0.25,0.27,0.27,3.87,32.317,32431350.0
0.53,4.0,0.319,0.306,0.3,0.288,0.249,0.25,0.27,0.27,3.87,32.317,33055030.0
0.54,4.0,0.319,0.306,0.3,0.288,0.249,0.25,0.27,0.27,3.87,32.317,33678710.0
0.55,4.0,0.319,0.306,0.3,0.287,0.249,0.25,0.27,0.27,3.87,32.317,34302390.0
0.56,4.0,0.319,0.306,0.3,0.287,0.249,0.25,0.27,0.27,3.87,32.317,34926070.0
0.57,4.0,0.318,0.306,0.3,0.287,0.249,0.25,0.27,0.27,3.87,32.317,35549750.0
0.58,4.0,0.318,0.306,0.3,0.287,0.249,0.25,0.27,0.27,3.87,32.317,36173430.0
0.59,4.0,0.318,0.305,0.3,0.287,0.249,0.25,0.27,0.27,3.87,32.317,36797110.0
0.6,4.0,0.318,0.305,0.3,0.287,0.249,0.25,0.27,0.27,3.87,32.317,37420790.0
0.61,4.0,0.318,0.305,0.3,0.286,0.249,0.25,0.27,0.27,3.87,32.317,38044470.0
0.62,4.0,0.318,0.304,0.3,0.286,0.249,0.25,0.27,0.27,3.87,32.317,38668150.0
0.63,4.0,0.318,0.304,0.3,0.286,0.249,0.25,0.27,0.27,3.87,32.317,39291830.0
0.64,4.0,0.318,0.304,0.3,0.286,0.249,0.25,0.27,0.27,3.87,32.317,39915510.0
0.65,4.0,0.318,0.303,0.3,0.285,0.249,0.25,0.27,0.27,3.87,32.317,40539180.0
0.66,4.0,0.318,0.303,0.3,0.285,0.249,0.25,0.27,0.27,3.87,32.317,41162870.0
0.67,4.0,0.318,0.303,0.3,0.285,0.249,0.25,0.27,0.27,3.87,32.317,41786550.0
0.68,4.0,0.318,0.303,0.3,0.284,0.249,0.25,0.27,0.27,3.87,32.317,42410230.0
0.69,4.0,0.318,0.302,0.3,0.284,0.249,0.25,0.27,0.27,3.87,32.317,43033900.0
0.7,4.0,0.318,0.302,0.3,0.284,0.249,0.25,0.27,0.27,3.87,32.317,43657580.0
0.71,4.0,0.318,0.302,0.3,0.283,0.249,0.25,0.27,0.27,3.87,32.317,44281260.0
0.72,4.0,0.318,0.301,0.3,0.283,0.249,0.25,0.27,0.27,3.87,32.317,44904950.0
0.73,4.0,0.318,0.301,0.3,0.283,0.249,0.25,0.27,0.27,3.87,32.317,45528630.0
0.74,4.0,0.318,0.301,0.3,0.283,0.249,0.25,0.27,0.27,3.87,32.317,46152300.0
0.75,4.0,0.318,0.3,0.3,0.282,0.249,0.25,0.27,0.27,3.87,32.317,46775980.0
0.76,4.0,0.318,0.3,0.3,0.282,0.249,0.25,0.27,0.27,3.87,32.317,47399660.0
0.77,4.0,0.318,0.3,0.3,0.282,0.249,0.25,0.27,0.27,3.87,32.317,48023340.0
0.78,4.0,0.318,0.3,0.3,0.281,0.249,0.25,0.27,0.27,3.87,32.317,48647020.0
0.79,4.0,0.318,0.299,0.3,0.281,0.249,0.25,0.27,0.27,3.87,32.317,49270700.0
0.8,4.0,0.318,0.299,0.3,0.281,0.249,0.25,0.27,0.27,3.87,32.317,49894380.0
0.81,4.0,0.318,0.299,0.3,0.281,0.249,0.25,0.27,0.27,3.87,32.317,50518060.0
0.82,4.0,0.318,0.298,0.299,0.28,0.249,0.25,0.27,0.27,3.87,32.317,51141740.0
0.83,4.0,0.318,0.298,0.299,0.28,0.249,0.25,0.27,0.27,3.87,32.317,51765420.0
0.84,4.0,0.318,0.298,0.299,0.28,0.249,0.25,0.27,0.27,3.87,32.317,52389100.0
0.85,4.0,0.318,0.297,0.299,0.279,0.249,0.25,0.27,0.27,3.87,32.317,53012780.0
0.86,4.0,0.317,0.297,0.299,0.279,0.249,0.25,0.27,0.27,3.87,32.317,53636460.0
0.87,4.0,0.317,0.297,0.299,0.279,0.249,0.25,0.27,0.27,3.87,32.317,54260140.0
0.88,4.0,0.317,0.297,0.299,0.278,0.249,0.25,0.27,0.27,3.87,32.317,54883820.0
0.89,4.0,0.317,0.296,0.299,0.278,0.249,0.25,0.27,0.27,3.87,32.317,55507500.0
0.9,4.0,0.317,0.296,0.299,0.278,0.249,0.25,0.27,0.27,3.87,32.317,56131180.0
0.91,4.0,0.319,0.298,0.301,0.28,0.247,0.249,0.269,0.269,3.85,32.184,56754860.0
0.92,4.0,0.325,0.303,0.307,0.285,0.245,0.247,0.267,0.267,3.83,32.05,57378540.0
0.93,4.0,0.337,0.314,0.319,0.296,0.243,0.244,0.266,0.266,3.81,31.916,58002220.0
0.94,4.0,0.351,0.326,0.333,0.309,0.24,0.242,0.264,0.264,3.78,31.783,58625900.0
0.95,4.0,0.364,0.339,0.347,0.322,0.238,0.24,0.263,0.263,3.76,31.649,59249580.0
0.96,4.0,0.378,0.352,0.361,0.334,0.235,0.237,0.261,0.261,3.74,31.516,59873260.0
0.97,4.0,0.392,0.364,0.375,0.347,0.233,0.235,0.26,0.26,3.72,31.382,60496940.0
0.98,4.0,0.406,0.377,0.389,0.36,0.23,0.232,0.258,0.258,3.7,31.249,61120620.0
0.99,4.0,0.42,0.39,0.403,0.373,0.228,0.23,0.257,0.257,3.67,31.115,61744300.0
1.0,4.0,0.434,0.402,0.417,0.385,0.225,0.228,0.255,0.255,3.65,30.981,62367980.0
1.01,4.0,0.447,0.415,0.431,0.398,0.223,0.225,0.253,0.253,3.63,30.848,62991660.0
1.02,4.0,0.461,0.428,0.445,0.411,0.22,0.223,0.252,0.252,3.61,30.714,63615340.0
1.03,4.0,0.475,0.44,0.459,0.424,0.218,0.22,0.25,0.25,3.59,30.581,64239020.0
1.04,4.0,0.489,0.453,0.473,0.437,0.215,0.218,0.249,0.249,3.57,30.447,64862700.0
1.05,4.0,0.503,0.466,0.487,0.449,0.213,0.215,0.247,0.247,3.54,30.314,65486380.0
1.06,4.0,0.502,0.465,0.486,0.449,0.214,0.216,0.248,0.248,3.55,30.267,66110060.0
1.07,4.0,0.501,0.464,0.485,0.448,0.214,0.217,0.249,0.249,3.56,30.224,66733740.0
1.08,4.0,0.5,0.463,0.484,0.447,0.215,0.218,0.249,0.249,3.57,30.186,67357420.0
1.09,4.0,0.499,0.463,0.483,0.446,0.216,0.218,0.25,0.25,3.58,30.149,67981100.0
1.1,4.0,0.498,0.462,0.482,0.446,0.216,0.219,0.25,0.25,3.59,30.116,68604780.0
1.11,4.0,0.498,0.461,0.481,0.445,0.217,0.219,0.251,0.251,3.59,30.084,69228460.0
1.12,4.0,0.497,0.461,0.48,0.444,0.217,0.22,0.251,0.251,3.6,30.054,69852140.0
1.13,4.0,0.496,0.46,0.479,0.443,0.218,0.22,0.252,0.252,3.61,30.025,70475820.0
1.14,4.0,0.495,0.459,0.479,0.443,0.218,0.221,0.252,0.252,3.61,29.998,71099500.0
1.15,4.0,0.494,0.459,0.478,0.442,0.219,0.221,0.253,0.253,3.62,29.972,71723180.0
1.16,4.0,0.492,0.457,0.476,0.44,0.219,0.222,0.253,0.253,3.62,29.947,72346860.0
1.17,4.0,0.491,0.455,0.474,0.439,0.22,0.222,0.253,0.253,3.63,29.924,72970540.0
1.18,4.0,0.489,0.454,0.472,0.437,0.22,0.223,0.254,0.254,3.64,29.901,73594220.0
1.19,4.0,0.487,0.452,0.471,0.436,0.221,0.223,0.254,0.254,3.64,29.878,74217900.0
1.2,4.0,0.485,0.451,0.469,0.434,0.221,0.224,0.254,0.254,3.65,29.857,74841580.0
1.21,4.0,0.484,0.449,0.467,0.432,0.222,0.224,0.255,0.255,3.65,29.836,75465260.0
1.22,4.0,0.482,0.447,0.465,0.43,0.222,0.225,0.255,0.255,3.65,29.816,76088940.0
1.23,4.0,0.48,0.445,0.464,0.429,0.223,0.225,0.255,0.255,3.66,29.797,76712620.0
1.24,4.0,0.479,0.444,0.462,0.427,0.223,0.225,0.256,0.256,3.66,29.778,77336300.0
1.25,4.0,0.477,0.442,0.46,0.425,0.223,0.226,0.256,0.256,3.67,29.759,77959980.0
1.26,4.0,0.475,0.44,0.458,0.423,0.224,0.226,0.256,0.256,3.67,29.741,78583660.0
1.27,4.0,0.473,0.439,0.457,0.422,0.224,0.227,0.257,0.257,3.68,29.724,79207340.0
1.28,4.0,0.472,0.437,0.455,0.42,0.225,0.227,0.257,0.257,3.68,29.707,79831020.0
1.29,4.0,0.47,0.435,0.453,0.418,0.225,0.227,0.257,0.257,3.68,29.69,80454690.0
1.3,4.0,0.468,0.433,0.451,0.416,0.225,0.228,0.257,0.257,3.69,29.674,81078370.0
1.31,4.0,0.467,0.432,0.45,0.415,0.226,0.228,0.258,0.258,3.69,29.658,81702050.0
1.32,4.0,0.465,0.43,0.448,0.413,0.226,0.229,0.258,0.258,3.7,29.643,82325740.0
1.33,4.0,0.463,0.428,0.446,0.411,0.227,0.229,0.258,0.258,3.7,29.628,82949420.0
1.34,4.0,0.462,0.427,0.445,0.41,0.227,0.229,0.259,0.259,3.7,29.613,83573100.0
1.35,4.0,0.46,0.425,0.443,0.408,0.227,0.23,0.259,0.259,3.71,29.599,84196780.0
1.36,4.0,0.458,0.423,0.441,0.406,0.228,0.23,0.259,0.259,3.71,29.585,84820460.0
1.37,4.0,0.457,0.422,0.44,0.405,0.228,0.23,0.259,0.259,3.71,29.571,85444140.0
1.38,4.0,0.455,0.42,0.438,0.403,0.228,0.231,0.259,0.259,3.72,29.557,86067810.0
1.39,4.0,0.453,0.419,0.436,0.401,0.229,0.231,0.26,0.26,3.72,29.544,86691490.0
1.4,4.0,0.452,0.417,0.435,0.4,0.229,0.231,0.26,0.26,3.72,29.531,87315170.0
1.41,4.0,0.45,0.415,0.433,0.398,0.229,0.232,0.26,0.26,3.73,29.519,87938850.0
1.42,4.0,0.449,0.414,0.432,0.397,0.23,0.232,0.26,0.26,3.73,29.506,88562530.0
1.43,4.0,0.447,0.412,0.43,0.395,0.23,0.232,0.261,0.261,3.73,29.494,89186210.0
1.44,4.0,0.445,0.411,0.428,0.393,0.23,0.232,0.261,0.261,3.73,29.456,89809900.0
1.45,4.0,0.444,0.409,0.427,0.392,0.23,0.232,0.26,0.26,3.73,29.404,90433580.0
1.46,4.0,0.442,0.407,0.425,0.39,0.23,0.232,0.26,0.26,3.73,29.353,91057260.0
1.47,4.0,0.441,0.406,0.423,0.388,0.23,0.232,0.26,0.26,3.72,29.301,91680940.0
1.48,4.0,0.439,0.404,0.422,0.387,0.23,0.232,0.26,0.26,3.72,29.25,92304610.0
1.49,4.0,0.437,0.402,0.42,0.385,0.23,0.232,0.26,0.26,3.72,29.198,92928290.0
1.5,4.0,0.436,0.401,0.419,0.384,0.23,0.232,0.259,0.259,3.72,29.147,93551970.0
1.51,4.0,0.434,0.399,0.417,0.382,0.229,0.232,0.259,0.259,3.71,29.096,94175650.0
1.52,4.0,0.433,0.398,0.416,0.381,0.229,0.232,0.259,0.259,3.71,29.045,94799330.0
1.53,4.0,0.431,0.396,0.414,0.379,0.229,0.232,0.259,0.259,3.71,28.994,95423010.0
1.54,4.0,0.429,0.395,0.412,0.377,0.229,0.232,0.259,0.259,3.7,28.943,96046690.0
1.55,4.0,0.428,0.393,0.411,0.376,0.229,0.232,0.258,0.258,3.7,28.892,96670370.0
1.56,4.0,0.426,0.391,0.409,0.374,0.229,0.231,0.258,0.258,3.7,28.841,97294050.0
1.57,4.0,0.425,0.39,0.408,0.373,0.229,0.231,0.258,0.258,3.69,28.79,97917730.0
1.58,4.0,0.423,0.388,0.406,0.371,0.229,0.231,0.258,0.258,3.69,28.74,98541410.0
1.59,4.0,0.422,0.387,0.405,0.37,0.229,0.231,0.258,0.258,3.69,28.689,99165090.0
1.6,4.0,0.42,0.385,0.403,0.368,0.229,0.231,0.257,0.257,3.69,28.639,99788770.0
1.61,4.0,0.419,0.384,0.402,0.367,0.228,0.231,0.257,0.257,3.68,28.588,100412400.0
1.62,4.0,0.417,0.382,0.4,0.365,0.228,0.231,0.257,0.257,3.68,28.538,101036100.0
1.63,4.0,0.416,0.381,0.399,0.364,0.228,0.231,0.257,0.257,3.68,28.487,101659800.0
1.64,4.0,0.414,0.379,0.397,0.362,0.228,0.23,0.256,0.256,3.67,28.437,102283500.0
1.65,4.0,0.413,0.378,0.396,0.361,0.228,0.23,0.256,0.256,3.67,28.387,102907200.0
1.66,4.0,0.411,0.376,0.394,0.359,0.228,0.23,0.256,0.256,3.67,28.337,103530800.0
1.67,4.0,0.41,0.375,0.393,0.358,0.228,0.23,0.256,0.256,3.66,28.286,104154500.0
1.68,4.0,0.408,0.373,0.391,0.356,0.227,0.23,0.255,0.255,3.66,28.236,104778200.0
1.69,4.0,0.407,0.372,0.39,0.355,0.227,0.23,0.255,0.255,3.65,28.186,105401900.0
1.7,4.0,0.405,0.37,0.388,0.353,0.227,0.23,0.255,0.255,3.65,28.136,106025600.0
1.71,4.0,0.404,0.369,0.387,0.352,0.227,0.229,0.255,0.255,3.65,28.086,106649200.0
1.72,4.0,0.402,0.367,0.385,0.35,0.227,0.229,0.254,0.254,3.64,28.035,107272900.0
1.73,4.0,0.401,0.366,0.384,0.349,0.227,0.229,0.254,0.254,3.64,27.985,107896600.0
1.74,4.0,0.399,0.364,0.383,0.348,0.227,0.229,0.254,0.254,3.64,27.935,108520300.0
1.75,4.0,0.398,0.363,0.381,0.346,0.226,0.229,0.254,0.254,3.63,27.885,109144000.0
1.76,4.0,0.396,0.361,0.38,0.345,0.226,0.229,0.253,0.253,3.63,27.835,109767600.0
1.77,4.0,0.395,0.36,0.378,0.343,0.226,0.229,0.253,0.253,3.63,27.785,110391300.0
1.78,4.0,0.393,0.359,0.377,0.342,0.226,0.228,0.253,0.253,3.62,27.735,111015000.0
1.79,4.0,0.392,0.357,0.375,0.34,0.226,0.228,0.253,0.253,3.62,27.685,111638700.0
1.8,4.0,0.391,0.356,0.374,0.339,0.226,0.228,0.252,0.252,3.61,27.635,112262400.0
1.81,4.0,0.389,0.354,0.373,0.338,0.225,0.228,0.252,0.252,3.61,27.585,112886000.0
1.82,4.0,0.388,0.353,0.371,0.336,0.225,0.228,0.252,0.252,3.61,27.534,113509700.0
1.83,4.0,0.386,0.351,0.37,0.335,0.225,0.228,0.252,0.252,3.6,27.484,114133400.0
1.84,4.0,0.385,0.35,0.368,0.333,0.225,0.227,0.251,0.251,3.6,27.434,114757100.0
1.85,4.0,0.384,0.349,0.367,0.332,0.225,0.227,0.251,0.251,3.59,27.384,115380800.0
1.86,4.0,0.382,0.347,0.366,0.331,0.225,0.227,0.251,0.251,3.59,27.334,116004400.0
1.87,4.0,0.381,0.346,0.364,0.329,0.224,0.227,0.25,0.25,3.59,27.284,116628100.0
1.88,4.0,0.379,0.344,0.363,0.328,0.224,0.227,0.25,0.25,3.58,27.234,117251800.0
1.89,4.0,0.378,0.343,0.361,0.326,0.224,0.226,0.25,0.25,3.58,27.183,117875500.0
1.9,4.0,0.377,0.342,0.36,0.325,0.224,0.226,0.25,0.25,3.57,27.133,118499200.0
1.91,4.0,0.375,0.34,0.359,0.324,0.224,0.226,0.249,0.249,3.57,27.083,119122800.0
1.92,4.0,0.374,0.339,0.357,0.322,0.223,0.226,0.249,0.249,3.57,27.033,119746500.0
1.93,4.0,0.372,0.338,0.356,0.321,0.223,0.226,0.249,0.249,3.56,26.982,120370200.0
1.94,4.0,0.371,0.336,0.355,0.32,0.223,0.226,0.248,0.248,3.56,26.932,120993900.0
1.95,4.0,0.37,0.335,0.353,0.318,0.223,0.225,0.248,0.248,3.55,26.881,121617600.0
1.96,4.0,0.368,0.334,0.352,0.317,0.223,0.225,0.248,0.248,3.55,26.831,122241200.0
1.97,4.0,0.367,0.332,0.351,0.316,0.222,0.225,0.248,0.248,3.55,26.781,122864900.0
1.98,4.0,0.366,0.331,0.349,0.314,0.222,0.225,0.247,0.247,3.54,26.73,123488600.0
1.99,4.0,0.364,0.329,0.348,0.313,0.222,0.225,0.247,0.247,3.54,26.68,124112300.0
2.0,4.0,0.363,0.328,0.347,0.311,0.222,0.224,0.247,0.247,3.53,26.629,124736000.0
2.01,4.0,0.362,0.327,0.345,0.31,0.222,0.224,0.246,0.246,3.53,26.578,125359600.0
2.02,4.0,0.361,0.325,0.344,0.309,0.221,0.224,0.246,0.246,3.52,26.528,125983300.0
2.03,4.0,0.359,0.324,0.343,0.307,0.221,0.224,0.246,0.246,3.52,26.477,126607000.0
2.04,4.0,0.358,0.323,0.342,0.306,0.221,0.223,0.245,0.245,3.52,26.426,127230700.0
2.05,4.0,0.357,0.321,0.341,0.305,0.221,0.223,0.245,0.245,3.51,26.375,127854400.0
2.06,4.0,0.356,0.32,0.339,0.304,0.221,0.223,0.245,0.245,3.51,26.325,128478000.0
2.07,4.0,0.354,0.319,0.338,0.302,0.22,0.223,0.245,0.245,3.5,26.274,129101700.0
2.08,4.0,0.353,0.317,0.337,0.301,0.22,0.223,0.244,0.244,3.5,26.223,129725400.0
2.09,4.0,0.352,0.316,0.336,0.3,0.22,0.222,0.244,0.244,3.49,26.172,130349100.0
2.1,4.0,0.351,0.315,0.335,0.298,0.22,0.222,0.244,0.244,3.49,26.121,130972800.0
2.11,4.0,0.35,0.313,0.333,0.297,0.219,0.222,0.243,0.243,3.48,26.07,131596400.0
2.12,4.0,0.348,0.312,0.332,0.296,0.219,0.222,0.243,0.243,3.48,26.018,132220100.0
2.13,4.0,0.347,0.311,0.331,0.295,0.219,0.221,0.243,0.243,3.48,25.967,132843800.0
2.14,4.0,0.346,0.31,0.33,0.293,0.219,0.221,0.242,0.242,3.47,25.916,133467500.0
2.15,4.0,0.345,0.308,0.329,0.292,0.218,0.221,0.242,0.242,3.47,25.864,134091200.0
2.16,4.0,0.344,0.307,0.328,0.291,0.218,0.221,0.242,0.242,3.46,25.813,134714800.0
2.17,4.0,0.343,0.306,0.327,0.29,0.218,0.221,0.241,0.241,3.46,25.761,135338500.0
2.18,4.0,0.341,0.305,0.325,0.289,0.218,0.22,0.241,0.241,3.45,25.71,135962200.0
2.19,4.0,0.34,0.303,0.324,0.287,0.217,0.22,0.241,0.241,3.45,25.658,136585900.0
2.2,4.0,0.339,0.302,0.323,0.286,0.217,0.22,0.24,0.24,3.44,25.606,137209600.0
2.21,4.0,0.338,0.301,0.322,0.285,0.217,0.22,0.24,0.24,3.44,25.555,137833200.0
2.22,4.0,0.337,0.3,0.321,0.284,0.217,0.219,0.24,0.24,3.43,25.503,138456900.0
2.23,4.0,0.336,0.299,0.32,0.282,0.216,0.219,0.239,0.239,3.43,25.451,139080600.0
2.24,4.0,0.335,0.297,0.319,0.281,0.216,0.219,0.239,0.239,3.42,25.399,139704300.0
2.25,4.0,0.334,0.296,0.318,0.28,0.216,0.219,0.239,0.239,3.42,25.347,140328000.0
2.26,4.0,0.332,0.295,0.317,0.279,0.216,0.218,0.238,0.238,3.41,25.294,140951600.0
2.27,4.0,0.331,0.294,0.315,0.278,0.215,0.218,0.238,0.238,3.41,25.242,141575300.0
2.28,4.0,0.33,0.293,0.314,0.277,0.215,0.218,0.238,0.238,3.4,25.19,142199000.0
2.29,4.0,0.329,0.291,0.313,0.275,0.215,0.218,0.238,0.238,3.4,25.149,142822700.0
2.3,4.0,0.328,0.29,0.312,0.274,0.215,0.218,0.238,0.238,3.4,25.115,143446400.0
2.31,4.0,0.327,0.289,0.311,0.273,0.215,0.218,0.238,0.238,3.4,25.082,144070000.0
2.32,4.0,0.326,0.288,0.31,0.272,0.216,0.218,0.238,0.238,3.41,25.049,144693700.0
2.33,4.0,0.325,0.287,0.309,0.271,0.216,0.218,0.238,0.238,3.41,25.016,145317400.0
2.34,4.0,0.324,0.286,0.308,0.27,0.216,0.218,0.238,0.238,3.41,24.984,145941100.0
2.35,4.0,0.323,0.285,0.307,0.269,0.216,0.219,0.238,0.238,3.41,24.952,146564800.0
2.36,4.0,0.322,0.283,0.306,0.267,0.216,0.219,0.238,0.238,3.41,24.92,147188400.0
2.37,4.0,0.321,0.282,0.305,0.266,0.216,0.219,0.238,0.238,3.41,24.888,147812100.0
2.38,4.0,0.32,0.281,0.304,0.265,0.216,0.219,0.238,0.238,3.41,24.857,148435800.0
2.39,4.0,0.319,0.28,0.303,0.264,0.216,0.219,0.238,0.238,3.41,24.826,149059500.0
2.4,4.0,0.318,0.279,0.302,0.263,0.217,0.219,0.238,0.238,3.41,24.795,149683200.0
2.41,4.0,0.317,0.278,0.301,0.262,0.217,0.219,0.238,0.238,3.41,24.765,150306800.0
2.42,4.0,0.316,0.277,0.3,0.261,0.217,0.219,0.238,0.238,3.41,24.735,150930500.0
2.43,4.0,0.315,0.276,0.299,0.26,0.217,0.22,0.238,0.238,3.41,24.705,151554200.0
2.44,4.0,0.314,0.275,0.298,0.259,0.217,0.22,0.238,0.238,3.41,24.675,152177900.0
2.45,4.0,0.313,0.274,0.297,0.258,0.217,0.22,0.238,0.238,3.41,24.646,152801600.0
2.46,4.0,0.312,0.273,0.296,0.257,0.217,0.22,0.238,0.238,3.41,24.616,153425200.0
2.47,4.0,0.311,0.272,0.295,0.256,0.217,0.22,0.238,0.238,3.41,24.588,154048900.0
2.48,4.0,0.31,0.271,0.294,0.255,0.217,0.22,0.238,0.238,3.42,24.559,154672600.0
2.49,4.0,0.309,0.27,0.293,0.254,0.217,0.22,0.238,0.238,3.42,24.531,155296300.0
2.5,4.0,0.308,0.27,0.292,0.254,0.218,0.22,0.238,0.238,3.42,24.502,155920000.0
2.51,4.0,0.307,0.269,0.291,0.253,0.218,0.22,0.239,0.239,3.42,24.474,156543600.0
2.52,4.0,0.306,0.268,0.29,0.252,0.218,0.22,0.239,0.239,3.42,24.447,157167300.0
2.53,4.0,0.305,0.267,0.289,0.251,0.218,0.22,0.239,0.239,3.42,24.419,157791000.0
2.54,4.0,0.304,0.267,0.288,0.251,0.218,0.221,0.239,0.239,3.42,24.392,158414700.0
2.55,4.0,0.303,0.266,0.287,0.25,0.218,0.221,0.239,0.239,3.42,24.365,159038400.0
2.56,4.0,0.302,0.265,0.286,0.249,0.218,0.221,0.239,0.239,3.42,24.339,159662000.0
2.57,4.0,0.301,0.264,0.285,0.248,0.218,0.221,0.239,0.239,3.42,24.312,160285700.0
2.58,4.0,0.301,0.264,0.285,0.248,0.218,0.221,0.239,0.239,3.42,24.286,160909400.0
2.59,4.0,0.3,0.263,0.284,0.247,0.218,0.221,0.239,0.239,3.42,24.26,161533100.0
2.6,4.0,0.299,0.262,0.283,0.246,0.218,0.221,0.239,0.239,3.42,24.234,162156700.0
2.61,4.0,0.298,0.261,0.282,0.245,0.218,0.221,0.239,0.239,3.42,24.209,162780400.0
2.62,4.0,0.297,0.261,0.281,0.245,0.219,0.221,0.239,0.239,3.42,24.184,163404100.0
2.63,4.0,0.296,0.26,0.28,0.244,0.219,0.221,0.239,0.239,3.42,24.159,164027800.0
2.64,4.0,0.295,0.259,0.279,0.243,0.219,0.221,0.239,0.239,3.42,24.134,164651500.0
2.65,4.0,0.294,0.259,0.278,0.243,0.219,0.221,0.239,0.239,3.42,24.109,165275200.0
2.66,4.0,0.293,0.258,0.277,0.242,0.219,0.221,0.239,0.239,3.42,24.085,165898800.0
2.67,4.0,0.292,0.257,0.276,0.241,0.219,0.221,0.239,0.239,3.42,24.061,166522500.0
2.68,4.0,0.292,0.257,0.276,0.24,0.219,0.221,0.239,0.239,3.42,24.037,167146200.0
2.69,4.0,0.291,0.256,0.275,0.24,0.219,0.221,0.239,0.239,3.42,24.013,167769900.0
2.7,4.0,0.29,0.255,0.274,0.239,0.219,0.221,0.239,0.239,3.42,23.989,168393600.0
2.71,4.0,0.289,0.254,0.273,0.238,0.219,0.221,0.239,0.239,3.42,23.966,169017200.0
2.72,4.0,0.288,0.254,0.272,0.238,0.219,0.222,0.239,0.239,3.42,23.943,169640900.0
2.73,4.0,0.287,0.253,0.271,0.237,0.219,0.222,0.239,0.239,3.42,23.92,170264600.0
2.74,4.0,0.286,0.252,0.27,0.236,0.219,0.222,0.239,0.239,3.42,23.897,170888300.0
2.75,4.0,0.286,0.252,0.27,0.236,0.219,0.222,0.239,0.239,3.42,23.875,171512000.0
2.76,4.0,0.285,0.251,0.269,0.235,0.219,0.222,0.239,0.239,3.42,23.853,172135600.0
2.77,4.0,0.284,0.25,0.268,0.234,0.219,0.222,0.239,0.239,3.42,23.831,172759300.0
2.78,4.0,0.283,0.25,0.267,0.234,0.219,0.222,0.239,0.239,3.42,23.809,173383000.0
2.79,4.0,0.282,0.249,0.266,0.233,0.219,0.222,0.239,0.239,3.42,23.787,174006700.0
2.8,4.0,0.281,0.249,0.265,0.232,0.22,0.222,0.239,0.239,3.42,23.766,174630300.0
2.81,4.0,0.281,0.248,0.265,0.232,0.22,0.222,0.239,0.239,3.42,23.744,175254000.0
2.82,4.0,0.28,0.247,0.264,0.231,0.22,0.222,0.239,0.239,3.42,23.723,175877700.0
2.83,4.0,0.279,0.247,0.263,0.231,0.22,0.222,0.239,0.239,3.42,23.702,176501400.0
2.84,4.0,0.278,0.246,0.262,0.23,0.22,0.222,0.239,0.239,3.42,23.682,177125100.0
2.85,4.0,0.277,0.245,0.261,0.229,0.22,0.222,0.238,0.238,3.42,23.661,177748700.0
2.86,4.0,0.277,0.245,0.261,0.229,0.22,0.222,0.238,0.238,3.42,23.641,178372400.0
2.87,4.0,0.276,0.244,0.26,0.228,0.22,0.222,0.238,0.238,3.42,23.621,178996100.0
2.88,4.0,0.275,0.244,0.259,0.227,0.22,0.222,0.238,0.238,3.42,23.601,179619800.0
2.89,4.0,0.274,0.243,0.258,0.227,0.22,0.222,0.238,0.238,3.41,23.581,180243500.0
2.9,4.0,0.273,0.242,0.257,0.226,0.22,0.222,0.238,0.238,3.41,23.562,180867200.0
2.91,4.0,0.273,0.242,0.257,0.226,0.22,0.222,0.238,0.238,3.41,23.542,181490800.0
2.92,4.0,0.272,0.241,0.256,0.225,0.22,0.222,0.238,0.238,3.41,23.523,182114500.0
2.93,4.0,0.271,0.241,0.255,0.224,0.22,0.222,0.238,0.238,3.41,23.504,182738200.0
2.94,4.0,0.27,0.24,0.254,0.224,0.22,0.222,0.238,0.238,3.41,23.485,183361900.0
2.95,4.0,0.269,0.239,0.253,0.223,0.22,0.222,0.238,0.238,3.41,23.467,183985500.0
2.96,4.0,0.269,0.239,0.253,0.223,0.22,0.222,0.238,0.238,3.41,23.448,184609200.0
2.97,4.0,0.268,0.238,0.252,0.222,0.22,0.222,0.238,0.238,3.41,23.43,185232900.0
2.98,4.0,0.267,0.238,0.251,0.222,0.22,0.222,0.238,0.238,3.41,23.412,185856600.0
2.99,4.0,0.266,0.237,0.25,0.221,0.22,0.222,0.238,0.238,3.41,23.394,186480300.0
3.0,4.0,0.266,0.236,0.25,0.22,0.22,0.222,0.238,0.238,3.41,23.376,187103900.0
3.01,4.0,0.265,0.236,0.249,0.22,0.22,0.222,0.238,0.238,3.41,23.359,187727600.0
3.02,4.0,0.264,0.235,0.248,0.219,0.22,0.222,0.238,0.238,3.41,23.341,188351300.0
3.03,4.0,0.264,0.235,0.248,0.219,0.22,0.222,0.238,0.238,3.41,23.324,188975000.0
3.04,4.0,0.263,0.234,0.247,0.218,0.22,0.222,0.238,0.238,3.41,23.307,189598700.0
3.05,4.0,0.262,0.234,0.246,0.218,0.22,0.222,0.238,0.238,3.41,23.29,190222300.0
3.06,4.0,0.262,0.233,0.246,0.217,0.22,0.222,0.238,0.238,3.4,23.273,190846000.0
3.07,4.0,0.261,0.233,0.245,0.216,0.22,0.222,0.238,0.238,3.4,23.257,191469700.0
3.08,4.0,0.26,0.232,0.244,0.216,0.22,0.222,0.238,0.238,3.4,23.24,192093400.0
3.09,4.0,0.26,0.231,0.244,0.215,0.22,0.222,0.238,0.238,3.4,23.224,192717100.0
3.1,4.0,0.259,0.231,0.243,0.215,0.22,0.222,0.237,0.237,3.4,23.208,193340700.0
3.11,4.0,0.258,0.23,0.242,0.214,0.22,0.222,0.237,0.237,3.4,23.192,193964400.0
3.12,4.0,0.258,0.23,0.242,0.214,0.22,0.222,0.237,0.237,3.4,23.176,194588100.0
3.13,4.0,0.257,0.229,0.241,0.213,0.22,0.222,0.237,0.237,3.4,23.161,195211800.0
3.14,4.0,0.257,0.229,0.241,0.213,0.22,0.222,0.237,0.237,3.4,23.145,195835500.0
3.15,4.0,0.256,0.228,0.24,0.212,0.22,0.222,0.237,0.237,3.4,23.13,196459100.0
3.16,4.0,0.255,0.228,0.239,0.212,0.22,0.222,0.237,0.237,3.4,23.115,197082800.0
3.17,4.0,0.255,0.227,0.239,0.211,0.22,0.222,0.237,0.237,3.4,23.1,197706500.0
3.18,4.0,0.254,0.227,0.238,0.211,0.22,0.222,0.237,0.237,3.39,23.085,198330200.0
3.19,4.0,0.253,0.226,0.237,0.21,0.22,0.222,0.237,0.237,3.39,23.07,198953900.0
3.2,4.0,0.253,0.225,0.237,0.209,0.22,0.222,0.237,0.237,3.39,23.056,199577500.0
3.21,4.0,0.252,0.225,0.236,0.209,0.22,0.222,0.237,0.237,3.39,23.042,200201200.0
3.22,4.0,0.252,0.224,0.236,0.208,0.22,0.222,0.237,0.237,3.39,23.027,200824900.0
3.23,4.0,0.251,0.224,0.235,0.208,0.22,0.222,0.237,0.237,3.39,23.013,201448600.0
3.24,4.0,0.25,0.223,0.234,0.207,0.22,0.222,0.237,0.237,3.39,22.999,202072300.0
3.25,4.0,0.25,0.223,0.234,0.207,0.22,0.221,0.236,0.236,3.39,22.986,202695900.0
3.26,4.0,0.249,0.222,0.233,0.206,0.22,0.221,0.236,0.236,3.39,22.972,203319600.0
3.27,4.0,0.249,0.222,0.233,0.206,0.22,0.221,0.236,0.236,3.38,22.958,203943300.0
3.28,4.0,0.248,0.221,0.232,0.205,0.219,0.221,0.236,0.236,3.38,22.945,204567000.0
3.29,4.0,0.247,0.221,0.231,0.205,0.219,0.221,0.236,0.236,3.38,22.932,205190700.0
3.3,4.0,0.247,0.22,0.231,0.204,0.219,0.221,0.236,0.236,3.38,22.919,205814300.0
3.31,4.0,0.246,0.22,0.23,0.204,0.219,0.221,0.236,0.236,3.38,22.906,206438000.0
3.32,4.0,0.246,0.219,0.23,0.203,0.219,0.221,0.236,0.236,3.38,22.893,207061700.0
3.33,4.0,0.245,0.219,0.229,0.203,0.219,0.221,0.236,0.236,3.38,22.88,207685400.0
3.34,4.0,0.244,0.218,0.229,0.202,0.219,0.221,0.236,0.236,3.38,22.868,208309000.0
3.35,4.0,0.244,0.218,0.228,0.202,0.219,0.221,0.236,0.236,3.38,22.856,208932700.0
3.36,4.0,0.243,0.217,0.227,0.202,0.219,0.221,0.236,0.236,3.37,22.843,209556400.0
3.37,4.0,0.243,0.217,0.227,0.201,0.219,0.221,0.235,0.235,3.37,22.831,210180100.0
3.38,4.0,0.242,0.216,0.226,0.201,0.219,0.221,0.235,0.235,3.37,22.819,210803800.0
3.39,4.0,0.242,0.216,0.226,0.2,0.219,0.221,0.235,0.235,3.37,22.807,211427500.0
3.4,4.0,0.241,0.216,0.225,0.2,0.219,0.221,0.235,0.235,3.37,22.796,212051100.0
3.41,4.0,0.24,0.215,0.225,0.199,0.219,0.221,0.235,0.235,3.37,22.784,212674800.0
3.42,4.0,0.24,0.215,0.224,0.199,0.219,0.221,0.235,0.235,3.37,22.773,213298500.0
3.43,4.0,0.239,0.214,0.223,0.198,0.219,0.221,0.235,0.235,3.36,22.761,213922200.0
3.44,4.0,0.239,0.214,0.223,0.198,0.219,0.221,0.235,0.235,3.37,22.777,214545900.0
3.45,4.0,0.238,0.213,0.222,0.197,0.219,0.221,0.235,0.235,3.37,22.767,215169500.0
3.46,4.0,0.238,0.213,0.222,0.197,0.219,0.221,0.235,0.235,3.36,22.756,215793200.0
3.47,4.0,0.237,0.212,0.221,0.196,0.219,0.221,0.235,0.235,3.36,22.746,216416900.0
3.48,4.0,0.237,0.212,0.221,0.196,0.219,0.221,0.235,0.235,3.36,22.736,217040600.0
3.49,4.0,0.236,0.211,0.22,0.196,0.219,0.221,0.235,0.235,3.36,22.726,217664300.0
3.5,4.0,0.236,0.211,0.22,0.195,0.219,0.221,0.235,0.235,3.36,22.716,218287900.0
3.51,4.0,0.235,0.211,0.219,0.195,0.219,0.221,0.235,0.235,3.36,22.706,218911600.0
3.52,4.0,0.234,0.21,0.219,0.194,0.219,0.221,0.235,0.235,3.36,22.697,219535300.0
3.53,4.0,0.234,0.21,0.218,0.194,0.219,0.221,0.235,0.235,3.36,22.687,220159000.0
3.54,4.0,0.233,0.209,0.218,0.193,0.219,0.221,0.235,0.235,3.36,22.678,220782600.0
3.55,4.0,0.233,0.209,0.217,0.193,0.219,0.221,0.235,0.235,3.36,22.669,221406300.0
3.56,4.0,0.232,0.208,0.217,0.192,0.219,0.221,0.235,0.235,3.36,22.66,222030000.0
3.57,4.0,0.232,0.208,0.216,0.192,0.219,0.221,0.235,0.235,3.36,22.652,222653700.0
3.58,4.0,0.231,0.208,0.215,0.192,0.219,0.221,0.234,0.234,3.36,22.643,223277400.0
3.59,4.0,0.231,0.207,0.215,0.191,0.219,0.221,0.235,0.235,3.36,22.669,223901000.0
3.6,4.0,0.23,0.207,0.214,0.191,0.22,0.221,0.235,0.235,3.37,22.716,224524700.0
3.61,4.0,0.23,0.206,0.214,0.19,0.22,0.222,0.235,0.235,3.37,22.764,225148400.0
3.62,4.0,0.229,0.206,0.213,0.19,0.22,0.222,0.236,0.236,3.38,22.811,225772100.0
3.63,4.0,0.229,0.206,0.213,0.19,0.221,0.222,0.236,0.236,3.38,22.859,226395800.0
3.64,4.0,0.228,0.205,0.212,0.189,0.221,0.223,0.236,0.236,3.39,22.907,227019500.0
3.65,4.0,0.228,0.205,0.212,0.189,0.221,0.223,0.237,0.237,3.39,22.954,227643100.0
3.66,4.0,0.227,0.204,0.211,0.188,0.222,0.223,0.237,0.237,3.4,23.002,228266800.0
3.67,4.0,0.227,0.204,0.211,0.188,0.222,0.224,0.238,0.238,3.4,23.049,228890500.0
3.68,4.0,0.227,0.204,0.21,0.188,0.223,0.224,0.238,0.238,3.41,23.097,229514200.0
3.69,4.0,0.226,0.203,0.21,0.187,0.223,0.225,0.238,0.238,3.41,23.145,230137900.0
3.7,4.0,0.226,0.203,0.209,0.187,0.223,0.225,0.239,0.239,3.42,23.193,230761500.0
3.71,4.0,0.225,0.203,0.209,0.186,0.224,0.225,0.239,0.239,3.42,23.24,231385200.0
3.72,4.0,0.225,0.202,0.209,0.186,0.224,0.226,0.239,0.239,3.43,23.288,232008900.0
3.73,4.0,0.224,0.202,0.208,0.186,0.225,0.226,0.24,0.24,3.43,23.336,232632600.0
3.74,4.0,0.224,0.201,0.208,0.185,0.225,0.227,0.24,0.24,3.44,23.384,233256200.0
3.75,4.0,0.223,0.201,0.207,0.185,0.225,0.227,0.24,0.24,3.44,23.431,233879900.0
3.76,4.0,0.223,0.201,0.207,0.184,0.226,0.227,0.241,0.241,3.45,23.479,234503600.0
3.77,4.0,0.222,0.2,0.206,0.184,0.226,0.228,0.241,0.241,3.45,23.527,235127300.0
3.78,4.0,0.222,0.2,0.206,0.184,0.227,0.228,0.241,0.241,3.46,23.575,235751000.0
3.79,4.0,0.222,0.2,0.205,0.183,0.227,0.228,0.242,0.242,3.46,23.623,236374600.0
3.8,4.0,0.221,0.199,0.205,0.183,0.227,0.229,0.242,0.242,3.47,23.671,236998300.0
3.81,4.0,0.221,0.199,0.204,0.183,0.228,0.229,0.243,0.243,3.47,23.719,237622000.0
3.82,4.0,0.22,0.199,0.204,0.182,0.228,0.23,0.243,0.243,3.48,23.767,238245700.0
3.83,4.0,0.22,0.198,0.203,0.182,0.228,0.23,0.243,0.243,3.48,23.815,238869400.0
3.84,4.0,0.219,0.198,0.203,0.181,0.229,0.23,0.244,0.244,3.49,23.863,239493000.0
3.85,4.0,0.219,0.198,0.202,0.181,0.229,0.231,0.244,0.244,3.49,23.911,240116700.0
3.86,4.0,0.219,0.197,0.202,0.181,0.23,0.231,0.244,0.244,3.5,23.959,240740400.0
3.87,4.0,0.218,0.197,0.202,0.18,0.23,0.231,0.245,0.245,3.5,24.007,241364100.0
3.88,4.0,0.218,0.197,0.201,0.18,0.23,0.232,0.245,0.245,3.51,24.055,241987800.0
3.89,4.0,0.217,0.196,0.201,0.18,0.231,0.232,0.245,0.245,3.51,24.103,242611500.0
3.9,4.0,0.217,0.196,0.2,0.179,0.231,0.233,0.246,0.246,3.52,24.151,243235100.0
3.91,4.0,0.216,0.196,0.2,0.179,0.232,0.233,0.246,0.246,3.52,24.199,243858800.0
3.92,4.0,0.216,0.195,0.199,0.178,0.232,0.233,0.246,0.246,3.53,24.248,244482500.0
3.93,4.0,0.216,0.195,0.199,0.178,0.232,0.234,0.247,0.247,3.54,24.296,245106200.0
3.94,4.0,0.215,0.194,0.198,0.178,0.233,0.234,0.247,0.247,3.54,24.344,245729800.0
3.95,4.0,0.215,0.194,0.198,0.177,0.233,0.235,0.248,0.248,3.55,24.392,246353500.0
3.96,4.0,0.214,0.194,0.198,0.177,0.233,0.235,0.248,0.248,3.55,24.44,246977200.0
3.97,4.0,0.214,0.193,0.197,0.177,0.234,0.235,0.248,0.248,3.56,24.489,247600900.0
3.98,4.0,0.214,0.193,0.197,0.176,0.234,0.236,0.249,0.249,3.56,24.537,248224600.0
3.99,4.0,0.213,0.193,0.196,0.176,0.235,0.236,0.249,0.249,3.57,24.585,248848200.0
4.0,4.0,0.213,0.192,0.196,0.175,0.235,0.236,0.249,0.249,3.57,24.634,249471900.0
4.01,4.0,0.212,0.192,0.195,0.175,0.235,0.237,0.25,0.25,3.58,24.682,250095600.0
4.02,4.0,0.212,0.192,0.195,0.175,0.236,0.237,0.25,0.25,3.58,24.73,250719300.0
4.03,4.0,0.212,0.191,0.195,0.174,0.236,0.238,0.25,0.25,3.59,24.779,251343000.0
4.04,4.0,0.211,0.191,0.194,0.174,0.237,0.238,0.251,0.251,3.59,24.827,251966600.0
4.05,4.0,0.211,0.191,0.194,0.174,0.237,0.238,0.251,0.251,3.6,24.875,252590300.0
4.06,4.0,0.21,0.19,0.193,0.173,0.237,0.239,0.251,0.251,3.6,24.924,253214000.0
4.07,4.0,0.21,0.19,0.193,0.173,0.238,0.239,0.252,0.252,3.61,24.972,253837700.0
4.08,4.0,0.21,0.19,0.192,0.173,0.238,0.239,0.252,0.252,3.61,25.021,254461400.0
4.09,4.0,0.209,0.189,0.192,0.172,0.238,0.24,0.252,0.252,3.62,25.069,255085000.0
4.1,4.0,0.209,0.189,0.192,0.172,0.239,0.24,0.253,0.253,3.62,25.118,255708700.0
4.11,4.0,0.208,0.189,0.191,0.172,0.239,0.241,0.253,0.253,3.63,25.166,256332400.0
4.12,4.0,0.208,0.188,0.191,0.171,0.24,0.241,0.254,0.254,3.63,25.215,256956100.0
4.13,4.0,0.208,0.188,0.19,0.171,0.24,0.241,0.254,0.254,3.64,25.263,257579800.0
4.14,4.0,0.207,0.188,0.19,0.17,0.24,0.242,0.254,0.254,3.64,25.312,258203400.0
4.15,4.0,0.207,0.187,0.19,0.17,0.241,0.242,0.255,0.255,3.65,25.361,258827100.0
4.16,4.0,0.207,0.187,0.189,0.17,0.241,0.242,0.255,0.255,3.65,25.409,259450800.0
4.17,4.0,0.206,0.187,0.189,0.169,0.241,0.243,0.255,0.255,3.66,25.458,260074500.0
4.18,4.0,0.206,0.187,0.188,0.169,0.242,0.243,0.256,0.256,3.66,25.507,260698100.0
4.19,4.0,0.205,0.186,0.188,0.169,0.242,0.244,0.256,0.256,3.67,25.555,261321800.0
4.2,4.0,0.205,0.186,0.188,0.168,0.243,0.244,0.256,0.256,3.67,25.604,261945500.0
4.21,4.0,0.205,0.186,0.187,0.168,0.243,0.244,0.257,0.257,3.68,25.653,262569200.0
4.22,4.0,0.204,0.185,0.187,0.168,0.243,0.245,0.257,0.257,3.68,25.701,263192900.0
4.23,4.0,0.204,0.185,0.186,0.167,0.244,0.245,0.257,0.257,3.69,25.74,263816600.0
4.24,4.0,0.204,0.185,0.186,0.167,0.244,0.245,0.257,0.257,3.68,25.762,264440200.0
4.25,4.0,0.203,0.184,0.186,0.167,0.243,0.245,0.257,0.257,3.68,25.784,265063900.0
4.26,4.0,0.203,0.184,0.185,0.167,0.243,0.245,0.257,0.257,3.68,25.806,265687600.0
4.27,4.0,0.202,0.184,0.185,0.166,0.243,0.245,0.257,0.257,3.68,25.827,266311300.0
4.28,4.0,0.202,0.183,0.185,0.166,0.243,0.245,0.257,0.257,3.68,25.848,266935000.0
4.29,4.0,0.202,0.183,0.184,0.166,0.243,0.244,0.257,0.257,3.68,25.869,267558600.0
4.3,4.0,0.201,0.183,0.184,0.165,0.243,0.244,0.256,0.256,3.67,25.89,268182300.0
4.31,4.0,0.201,0.182,0.183,0.165,0.243,0.244,0.256,0.256,3.67,25.91,268806000.0
4.32,4.0,0.201,0.182,0.183,0.165,0.243,0.244,0.256,0.256,3.67,25.93,269429700.0
4.33,4.0,0.2,0.182,0.183,0.164,0.243,0.244,0.256,0.256,3.67,25.949,270053300.0
4.34,4.0,0.2,0.181,0.182,0.164,0.243,0.244,0.256,0.256,3.67,25.969,270677100.0
4.35,4.0,0.199,0.181,0.182,0.164,0.243,0.244,0.256,0.256,3.67,25.988,271300700.0
4.36,4.0,0.199,0.181,0.182,0.163,0.243,0.244,0.256,0.256,3.66,26.007,271924400.0
4.37,4.0,0.199,0.181,0.181,0.163,0.242,0.244,0.256,0.256,3.66,26.025,272548100.0
4.38,4.0,0.198,0.18,0.181,0.163,0.242,0.244,0.256,0.256,3.66,26.043,273171700.0
4.39,4.0,0.198,0.18,0.181,0.162,0.242,0.243,0.255,0.255,3.66,26.061,273795400.0
4.4,4.0,0.198,0.18,0.18,0.162,0.242,0.243,0.255,0.255,3.66,26.079,274419100.0
4.41,4.0,0.197,0.179,0.18,0.162,0.242,0.243,0.255,0.255,3.66,26.097,275042800.0
4.42,4.0,0.197,0.179,0.179,0.162,0.242,0.243,0.255,0.255,3.65,26.114,275666500.0
4.43,4.0,0.196,0.179,0.179,0.161,0.242,0.243,0.255,0.255,3.65,26.131,276290100.0
4.44,4.0,0.196,0.178,0.179,0.161,0.242,0.243,0.255,0.255,3.65,26.148,276913800.0
4.45,4.0,0.196,0.178,0.178,0.161,0.242,0.243,0.255,0.255,3.65,26.164,277537500.0
4.46,4.0,0.195,0.178,0.178,0.161,0.242,0.243,0.255,0.255,3.65,26.18,278161200.0
4.47,4.0,0.195,0.178,0.178,0.16,0.241,0.243,0.254,0.254,3.65,26.196,278784900.0
4.48,4.0,0.195,0.177,0.177,0.16,0.241,0.243,0.254,0.254,3.64,26.212,279408500.0
4.49,4.0,0.194,0.177,0.177,0.16,0.241,0.242,0.254,0.254,3.64,26.228,280032200.0
4.5,4.0,0.194,0.177,0.177,0.159,0.241,0.242,0.254,0.254,3.64,26.243,280655900.0
4.51,4.0,0.194,0.177,0.176,0.159,0.241,0.242,0.254,0.254,3.64,26.258,281279600.0
4.52,4.0,0.193,0.176,0.176,0.159,0.241,0.242,0.254,0.254,3.64,26.273,281903300.0
4.53,4.0,0.193,0.176,0.176,0.159,0.241,0.242,0.254,0.254,3.63,26.288,282527000.0
4.54,4.0,0.192,0.176,0.175,0.158,0.241,0.242,0.254,0.254,3.63,26.302,283150600.0
4.55,4.0,0.192,0.175,0.175,0.158,0.241,0.242,0.253,0.253,3.63,26.317,283774300.0
4.56,4.0,0.192,0.175,0.175,0.158,0.241,0.242,0.253,0.253,3.63,26.331,284398000.0
4.57,4.0,0.191,0.175,0.174,0.158,0.24,0.242,0.253,0.253,3.63,26.344,285021700.0
4.58,4.0,0.191,0.175,0.174,0.157,0.24,0.242,0.253,0.253,3.63,26.358,285645300.0
4.59,4.0,0.191,0.174,0.174,0.157,0.24,0.241,0.253,0.253,3.62,26.371,286269000.0
4.6,4.0,0.19,0.174,0.173,0.157,0.24,0.241,0.253,0.253,3.62,26.385,286892700.0
4.61,4.0,0.19,0.174,0.173,0.157,0.24,0.241,0.253,0.253,3.62,26.398,287516400.0
4.62,4.0,0.19,0.174,0.173,0.156,0.24,0.241,0.253,0.253,3.62,26.411,288140100.0
4.63,4.0,0.189,0.173,0.172,0.156,0.24,0.241,0.253,0.253,3.62,26.423,288763700.0
4.64,4.0,0.189,0.173,0.172,0.156,0.24,0.241,0.252,0.252,3.62,26.436,289387400.0
4.65,4.0,0.189,0.173,0.172,0.156,0.24,0.241,0.252,0.252,3.61,26.448,290011100.0
4.66,4.0,0.188,0.173,0.171,0.155,0.24,0.241,0.252,0.252,3.61,26.46,290634800.0
4.67,4.0,0.188,0.172,0.171,0.155,0.239,0.241,0.252,0.252,3.61,26.472,291258500.0
4.68,4.0,0.188,0.172,0.171,0.155,0.239,0.24,0.252,0.252,3.61,26.483,291882100.0
4.69,4.0,0.187,0.172,0.17,0.155,0.239,0.24,0.252,0.252,3.61,26.495,292505800.0
4.7,4.0,0.187,0.171,0.17,0.154,0.239,0.24,0.252,0.252,3.6,26.506,293129500.0
4.71,4.0,0.187,0.171,0.17,0.154,0.239,0.24,0.252,0.252,3.6,26.518,293753200.0
4.72,4.0,0.186,0.171,0.169,0.154,0.239,0.24,0.251,0.251,3.6,26.529,294376900.0
4.73,4.0,0.186,0.171,0.169,0.154,0.239,0.24,0.251,0.251,3.6,26.539,295000500.0
4.74,4.0,0.186,0.17,0.169,0.153,0.239,0.24,0.251,0.251,3.6,26.55,295624200.0
4.75,4.0,0.185,0.17,0.168,0.153,0.239,0.24,0.251,0.251,3.6,26.56,296247900.0
4.76,4.0,0.185,0.17,0.168,0.153,0.239,0.24,0.251,0.251,3.59,26.571,296871600.0
4.77,4.0,0.185,0.17,0.168,0.153,0.238,0.239,0.251,0.251,3.59,26.581,297495300.0
4.78,4.0,0.184,0.169,0.167,0.152,0.238,0.239,0.251,0.251,3.59,26.591,298118900.0
4.79,4.0,0.184,0.169,0.167,0.152,0.238,0.239,0.25,0.25,3.59,26.601,298742600.0
4.8,4.0,0.184,0.169,0.167,0.152,0.238,0.239,0.25,0.25,3.59,26.61,299366300.0
4.81,4.0,0.183,0.169,0.166,0.152,0.238,0.239,0.25,0.25,3.58,26.62,299990000.0
4.82,4.0,0.183,0.168,0.166,0.151,0.238,0.239,0.25,0.25,3.58,26.629,300613700.0
4.83,4.0,0.183,0.168,0.166,0.151,0.238,0.239,0.25,0.25,3.58,26.638,301237300.0
4.84,4.0,0.182,0.168,0.165,0.151,0.238,0.239,0.25,0.25,3.58,26.647,301861000.0
4.85,4.0,0.182,0.168,0.165,0.151,0.238,0.239,0.25,0.25,3.58,26.656,302484700.0
4.86,4.0,0.182,0.167,0.165,0.15,0.238,0.239,0.25,0.25,3.58,26.665,303108400.0
4.87,4.0,0.182,0.167,0.165,0.15,0.237,0.238,0.249,0.249,3.57,26.674,303732100.0
4.88,4.0,0.181,0.167,0.164,0.15,0.237,0.238,0.249,0.249,3.57,26.682,304355700.0
4.89,4.0,0.181,0.167,0.164,0.15,0.237,0.238,0.249,0.249,3.57,26.691,304979400.0
4.9,4.0,0.181,0.166,0.164,0.149,0.237,0.238,0.249,0.249,3.57,26.699,305603100.0
4.91,4.0,0.18,0.166,0.163,0.149,0.237,0.238,0.249,0.249,3.57,26.707,306226800.0
4.92,4.0,0.18,0.166,0.163,0.149,0.237,0.238,0.249,0.249,3.56,26.715,306850500.0
4.93,4.0,0.18,0.166,0.163,0.149,0.237,0.238,0.249,0.249,3.56,26.722,307474100.0
4.94,4.0,0.179,0.165,0.162,0.148,0.237,0.238,0.249,0.249,3.56,26.73,308097800.0
4.95,4.0,0.179,0.165,0.162,0.148,0.237,0.238,0.248,0.248,3.56,26.738,308721500.0
4.96,4.0,0.179,0.165,0.162,0.148,0.236,0.237,0.248,0.248,3.56,26.745,309345200.0
4.97,4.0,0.178,0.165,0.161,0.148,0.236,0.237,0.248,0.248,3.56,26.752,309968800.0
4.98,4.0,0.178,0.164,0.161,0.147,0.236,0.237,0.248,0.248,3.55,26.759,310592500.0
4.99,4.0,0.178,0.164,0.161,0.147,0.236,0.237,0.248,0.248,3.55,26.766,311216200.0
5.0,4.0,0.177,0.164,0.161,0.147,0.236,0.237,0.248,0.248,3.55,26.773,311839900.0
0.01,5.0,0.278,0.265,0.246,0.233,0.348,0.349,0.371,0.371,3.87,34.438,623680.0
0.02,5.0,0.33,0.317,0.299,0.286,0.343,0.345,0.371,0.371,3.87,34.438,1247360.0
0.03,5.0,0.341,0.328,0.31,0.297,0.343,0.344,0.371,0.371,3.87,34.438,1871039.0
0.04,5.0,0.343,0.33,0.312,0.299,0.342,0.343,0.371,0.371,3.87,34.438,2494719.0
0.05,5.0,0.342,0.329,0.311,0.298,0.342,0.344,0.371,0.371,3.87,34.438,3118399.0
0.06,5.0,0.341,0.328,0.31,0.297,0.343,0.344,0.371,0.371,3.87,34.438,3742079.0
0.07,5.0,0.339,0.326,0.308,0.295,0.343,0.344,0.371,0.371,3.87,34.438,4365758.0
0.08,5.0,0.337,0.324,0.306,0.293,0.343,0.344,0.371,0.371,3.87,34.438,4989438.0
0.09,5.0,0.335,0.322,0.304,0.291,0.343,0.344,0.371,0.371,3.87,34.438,5613118.0
0.1,5.0,0.334,0.321,0.303,0.29,0.343,0.344,0.371,0.371,3.87,34.438,6236798.0
0.11,5.0,0.334,0.321,0.303,0.29,0.343,0.344,0.371,0.371,3.87,34.438,6860478.0
0.12,5.0,0.334,0.321,0.303,0.29,0.343,0.344,0.371,0.371,3.87,34.438,7484158.0
0.13,5.0,0.334,0.321,0.303,0.29,0.343,0.344,0.371,0.371,3.87,34.438,8107837.0
0.14,5.0,0.334,0.321,0.303,0.29,0.343,0.344,0.371,0.371,3.87,34.438,8731517.0
0.15,5.0,0.334,0.321,0.303,0.29,0.343,0.344,0.371,0.371,3.87,34.438,9355197.0
0.16,5.0,0.334,0.321,0.303,0.29,0.343,0.344,0.371,0.371,3.87,34.438,9978877.0
0.17,5.0,0.334,0.321,0.303,0.29,0.343,0.344,0.371,0.371,3.87,34.438,10602560.0
0.18,5.0,0.334,0.321,0.303,0.29,0.343,0.344,0.371,0.371,3.87,34.438,11226240.0
0.19,5.0,0.334,0.321,0.303,0.29,0.343,0.344,0.371,0.371,3.87,34.438,11849920.0
0.2,5.0,0.334,0.321,0.303,0.29,0.343,0.344,0.371,0.371,3.87,34.438,12473600.0
0.21,5.0,0.334,0.321,0.302,0.289,0.343,0.344,0.371,0.371,3.87,34.438,13097280.0
0.22,5.0,0.334,0.321,0.302,0.289,0.343,0.344,0.371,0.371,3.87,34.438,13720960.0
0.23,5.0,0.334,0.321,0.302,0.289,0.343,0.344,0.371,0.371,3.87,34.438,14344640.0
0.24,5.0,0.334,0.321,0.302,0.289,0.343,0.344,0.371,0.371,3.87,34.438,14968320.0
0.25,5.0,0.334,0.321,0.302,0.289,0.343,0.344,0.371,0.371,3.87,34.438,15592000.0
0.26,5.0,0.333,0.321,0.302,0.289,0.343,0.344,0.371,0.371,3.87,34.438,16215670.0
0.27,5.0,0.333,0.32,0.302,0.289,0.343,0.344,0.371,0.371,3.87,34.438,16839360.0
0.28,5.0,0.333,0.32,0.302,0.289,0.343,0.344,0.371,0.371,3.87,34.438,17463030.0
0.29,5.0,0.333,0.32,0.302,0.289,0.343,0.344,0.371,0.371,3.87,34.438,18086710.0
0.3,5.0,0.333,0.32,0.302,0.289,0.343,0.344,0.371,0.371,3.87,34.438,18710390.0
0.31,5.0,0.333,0.32,0.302,0.289,0.343,0.344,0.371,0.371,3.87,34.438,19334070.0
0.32,5.0,0.333,0.32,0.302,0.289,0.343,0.344,0.371,0.371,3.87,34.438,19957750.0
0.33,5.0,0.333,0.32,0.302,0.289,0.343,0.344,0.371,0.371,3.87,34.438,20581430.0
0.34,5.0,0.333,0.32,0.302,0.289,0.343,0.344,0.371,0.371,3.87,34.438,21205110.0
0.35,5.0,0.333,0.32,0.302,0.289,0.343,0.344,0.371,0.371,3.87,34.438,21828790.0
0.36,5.0,0.333,0.32,0.302,0.289,0.343,0.344,0.371,0.371,3.87,34.438,22452470.0
0.37,5.0,0.333,0.32,0.302,0.289,0.343,0.344,0.371,0.371,3.87,34.438,23076150.0
0.38,5.0,0.333,0.32,0.302,0.289,0.343,0.344,0.371,0.371,3.87,34.438,23699830.0
0.39,5.0,0.333,0.32,0.302,0.289,0.343,0.344,0.371,0.371,3.87,34.438,24323510.0
0.4,5.0,0.333,0.32,0.302,0.289,0.343,0.344,0.371,0.371,3.87,34.438,24947190.0
0.41,5.0,0.333,0.32,0.302,0.289,0.343,0.344,0.371,0.371,3.87,34.438,25570870.0
0.42,5.0,0.333,0.32,0.302,0.289,0.343,0.344,0.371,0.371,3.87,34.438,26194550.0
0.43,5.0,0.333,0.32,0.302,0.289,0.343,0.344,0.371,0.371,3.87,34.438,26818230.0
0.44,5.0,0.333,0.32,0.302,0.289,0.343,0.344,0.371,0.371,3.87,34.438,27441910.0
0.45,5.0,0.333,0.32,0.302,0.289,0.343,0.344,0.371,0.371,3.87,34.438,28065590.0
0.46,5.0,0.333,0.32,0.302,0.289,0.343,0.344,0.371,0.371,3.87,34.438,28689270.0
0.47,5.0,0.333,0.32,0.302,0.289,0.343,0.344,0.371,0.371,3.87,34.438,29312950.0
0.48,5.0,0.333,0.32,0.302,0.289,0.343,0.344,0.371,0.371,3.87,34.438,29936630.0
0.49,5.0,0.333,0.32,0.301,0.288,0.343,0.344,0.371,0.371,3.87,34.438,30560310.0
0.5,5.0,0.333,0.32,0.301,0.288,0.343,0.344,0.371,0.371,3.87,34.438,31183990.0
0.51,5.0,0.333,0.32,0.301,0.288,0.343,0.344,0.371,0.371,3.87,34.438,31807670.0
0.52,5.0,0.333,0.32,0.301,0.288,0.343,0.344,0.371,0.371,3.87,34.438,32431350.0
0.53,5.0,0.333,0.32,0.301,0.288,0.343,0.344,0.371,0.371,3.87,34.438,33055030.0
0.54,5.0,0.332,0.32,0.301,0.288,0.343,0.344,0.371,0.371,3.87,34.438,33678710.0
0.55,5.0,0.332,0.319,0.301,0.288,0.343,0.344,0.371,0.371,3.87,34.438,34302390.0
0.56,5.0,0.332,0.319,0.301,0.288,0.343,0.344,0.371,0.371,3.87,34.438,34926070.0
0.57,5.0,0.332,0.319,0.301,0.288,0.343,0.344,0.371,0.371,3.87,34.438,35549750.0
0.58,5.0,0.332,0.319,0.301,0.288,0.343,0.344,0.371,0.371,3.87,34.438,36173430.0
0.59,5.0,0.332,0.319,0.301,0.288,0.343,0.344,0.371,0.371,3.87,34.438,36797110.0
0.6,5.0,0.332,0.319,0.301,0.288,0.343,0.344,0.371,0.371,3.87,34.438,37420790.0
0.61,5.0,0.332,0.318,0.301,0.287,0.343,0.344,0.371,0.371,3.87,34.438,38044470.0
0.62,5.0,0.332,0.318,0.301,0.287,0.343,0.345,0.371,0.371,3.87,34.438,38668150.0
0.63,5.0,0.332,0.318,0.301,0.287,0.343,0.345,0.371,0.371,3.87,34.438,39291830.0
0.64,5.0,0.332,0.318,0.301,0.286,0.343,0.345,0.371,0.371,3.87,34.438,39915510.0
0.65,5.0,0.332,0.317,0.301,0.286,0.343,0.345,0.371,0.371,3.87,34.438,40539180.0
0.66,5.0,0.332,0.317,0.301,0.286,0.343,0.345,0.371,0.371,3.87,34.438,41162870.0
0.67,5.0,0.332,0.317,0.301,0.285,0.343,0.345,0.371,0.371,3.87,34.438,41786550.0
0.68,5.0,0.332,0.316,0.301,0.285,0.343,0.345,0.371,0.371,3.87,34.438,42410230.0
0.69,5.0,0.332,0.316,0.301,0.285,0.343,0.345,0.371,0.371,3.87,34.438,43033900.0
0.7,5.0,0.332,0.316,0.301,0.285,0.343,0.345,0.371,0.371,3.87,34.438,43657580.0
0.71,5.0,0.332,0.316,0.301,0.284,0.343,0.345,0.371,0.371,3.87,34.438,44281260.0
0.72,5.0,0.332,0.315,0.301,0.284,0.343,0.345,0.371,0.371,3.87,34.438,44904950.0
0.73,5.0,0.332,0.315,0.301,0.284,0.343,0.345,0.371,0.371,3.87,34.438,45528630.0
0.74,5.0,0.332,0.315,0.301,0.283,0.343,0.345,0.371,0.371,3.87,34.438,46152300.0
0.75,5.0,0.332,0.314,0.301,0.283,0.343,0.345,0.371,0.371,3.87,34.438,46775980.0
0.76,5.0,0.332,0.314,0.301,0.283,0.343,0.345,0.371,0.371,3.87,34.438,47399660.0
0.77,5.0,0.332,0.314,0.3,0.282,0.343,0.345,0.371,0.371,3.87,34.438,48023340.0
0.78,5.0,0.332,0.313,0.3,0.282,0.343,0.345,0.371,0.371,3.87,34.438,48647020.0
0.79,5.0,0.332,0.313,0.3,0.282,0.343,0.345,0.371,0.371,3.87,34.438,49270700.0
0.8,5.0,0.332,0.313,0.3,0.282,0.343,0.345,0.371,0.371,3.87,34.438,49894380.0
0.81,5.0,0.332,0.313,0.3,0.281,0.343,0.345,0.371,0.371,3.87,34.438,50518060.0
0.82,5.0,0.331,0.312,0.3,0.281,0.343,0.345,0.371,0.371,3.87,34.438,51141740.0
0.83,5.0,0.331,0.312,0.3,0.281,0.343,0.345,0.371,0.371,3.87,34.438,51765420.0
0.84,5.0,0.331,0.312,0.3,0.28,0.343,0.345,0.371,0.371,3.87,34.438,52389100.0
0.85,5.0,0.331,0.311,0.3,0.28,0.343,0.345,0.371,0.371,3.87,34.438,53012780.0
0.86,5.0,0.331,0.311,0.3,0.28,0.343,0.345,0.371,0.371,3.87,34.438,53636460.0
0.87,5.0,0.331,0.311,0.3,0.279,0.343,0.345,0.371,0.371,3.87,34.438,54260140.0
0.88,5.0,0.331,0.31,0.3,0.279,0.343,0.345,0.371,0.371,3.87,34.438,54883820.0
0.89,5.0,0.331,0.31,0.3,0.279,0.343,0.345,0.371,0.371,3.87,34.438,55507500.0
0.9,5.0,0.331,0.31,0.3,0.279,0.343,0.345,0.371,0.371,3.87,34.438,56131180.0
0.91,5.0,0.333,0.312,0.302,0.28,0.341,0.343,0.369,0.369,3.85,34.329,56754860.0
0.92,5.0,0.339,0.317,0.308,0.286,0.339,0.341,0.367,0.367,3.83,34.22,57378540.0
0.93,5.0,0.35,0.328,0.32,0.297,0.336,0.338,0.365,0.365,3.81,34.111,58002220.0
0.94,5.0,0.364,0.34,0.334,0.31,0.333,0.335,0.363,0.363,3.78,34.002,58625900.0
0.95,5.0,0.378,0.353,0.348,0.322,0.33,0.332,0.361,0.361,3.76,33.894,59249580.0
0.96,5.0,0.392,0.365,0.362,0.335,0.327,0.329,0.359,0.359,3.74,33.785,59873260.0
0.97,5.0,0.406,0.378,0.376,0.348,0.323,0.326,0.358,0.358,3.72,33.676,60496940.0
0.98,5.0,0.419,0.391,0.39,0.361,0.32,0.323,0.356,0.356,3.7,33.567,61120620.0
0.99,5.0,0.433,0.403,0.404,0.374,0.317,0.32,0.354,0.354,3.67,33.458,61744300.0
1.0,5.0,0.447,0.416,0.418,0.387,0.314,0.317,0.352,0.352,3.65,33.349,62367980.0
1.01,5.0,0.461,0.428,0.432,0.399,0.311,0.314,0.35,0.35,3.63,33.241,62991660.0
1.02,5.0,0.475,0.441,0.446,0.412,0.308,0.311,0.348,0.348,3.61,33.132,63615340.0
1.03,5.0,0.488,0.454,0.46,0.425,0.305,0.308,0.346,0.346,3.59,33.023,64239020.0
1.04,5.0,0.502,0.466,0.474,0.438,0.302,0.305,0.344,0.344,3.57,32.914,64862700.0
1.05,5.0,0.516,0.479,0.488,0.451,0.298,0.302,0.342,0.342,3.54,32.805,65486380.0
1.06,5.0,0.515,0.478,0.487,0.45,0.299,0.303,0.343,0.343,3.55,32.757,66110060.0
1.07,5.0,0.514,0.477,0.486,0.449,0.3,0.304,0.344,0.344,3.56,32.712,66733740.0
1.08,5.0,0.513,0.477,0.485,0.448,0.301,0.304,0.345,0.345,3.57,32.672,67357420.0
1.09,5.0,0.513,0.476,0.484,0.448,0.302,0.305,0.345,0.345,3.58,32.634,67981100.0
1.1,5.0,0.512,0.475,0.483,0.447,0.303,0.306,0.346,0.346,3.59,32.599,68604780.0
1.11,5.0,0.511,0.475,0.483,0.446,0.303,0.306,0.347,0.347,3.59,32.566,69228460.0
1.12,5.0,0.51,0.474,0.482,0.445,0.304,0.307,0.347,0.347,3.6,32.535,69852140.0
1.13,5.0,0.509,0.473,0.481,0.445,0.305,0.308,0.348,0.348,3.61,32.505,70475820.0
1.14,5.0,0.508,0.473,0.48,0.444,0.305,0.308,0.348,0.348,3.61,32.477,71099500.0
1.15,5.0,0.508,0.472,0.479,0.443,0.306,0.309,0.349,0.349,3.62,32.436,71723180.0
1.16,5.0,0.506,0.47,0.477,0.442,0.305,0.309,0.348,0.348,3.62,32.358,72346860.0
1.17,5.0,0.504,0.469,0.475,0.44,0.305,0.308,0.348,0.348,3.63,32.281,72970540.0
1.18,5.0,0.502,0.467,0.474,0.438,0.305,0.308,0.348,0.348,3.64,32.204,73594220.0
1.19,5.0,0.5,0.465,0.472,0.437,0.305,0.308,0.347,0.347,3.64,32.129,74217900.0
1.2,5.0,0.499,0.464,0.47,0.435,0.305,0.308,0.347,0.347,3.65,32.053,74841580.0
1.21,5.0,0.497,0.462,0.468,0.433,0.305,0.308,0.347,0.347,3.65,31.979,75465260.0
1.22,5.0,0.495,0.46,0.467,0.432,0.304,0.308,0.346,0.346,3.65,31.905,76088940.0
1.23,5.0,0.493,0.458,0.465,0.43,0.304,0.307,0.346,0.346,3.66,31.831,76712620.0
1.24,5.0,0.491,0.457,0.463,0.428,0.304,0.307,0.346,0.346,3.66,31.757,77336300.0
1.25,5.0,0.49,0.455,0.461,0.426,0.304,0.307,0.345,0.345,3.67,31.684,77959980.0
1.26,5.0,0.488,0.453,0.46,0.425,0.304,0.307,0.345,0.345,3.67,31.612,78583660.0
1.27,5.0,0.486,0.451,0.458,0.423,0.303,0.306,0.345,0.345,3.68,31.539,79207340.0
1.28,5.0,0.484,0.449,0.456,0.421,0.303,0.306,0.344,0.344,3.68,31.467,79831020.0
1.29,5.0,0.483,0.448,0.454,0.419,0.303,0.306,0.344,0.344,3.68,31.395,80454690.0
1.3,5.0,0.481,0.446,0.453,0.418,0.303,0.306,0.343,0.343,3.69,31.323,81078370.0
1.31,5.0,0.479,0.444,0.451,0.416,0.302,0.305,0.343,0.343,3.69,31.252,81702050.0
1.32,5.0,0.477,0.443,0.449,0.414,0.302,0.305,0.342,0.342,3.7,31.18,82325740.0
1.33,5.0,0.476,0.441,0.448,0.413,0.302,0.305,0.342,0.342,3.7,31.109,82949420.0
1.34,5.0,0.474,0.439,0.446,0.411,0.301,0.304,0.342,0.342,3.7,31.038,83573100.0
1.35,5.0,0.472,0.437,0.444,0.409,0.301,0.304,0.341,0.341,3.71,30.967,84196780.0
1.36,5.0,0.471,0.436,0.443,0.408,0.301,0.304,0.341,0.341,3.71,30.896,84820460.0
1.37,5.0,0.469,0.434,0.441,0.406,0.3,0.303,0.34,0.34,3.71,30.825,85444140.0
1.38,5.0,0.467,0.432,0.439,0.404,0.3,0.303,0.34,0.34,3.72,30.754,86067810.0
1.39,5.0,0.466,0.431,0.438,0.403,0.3,0.303,0.339,0.339,3.72,30.683,86691490.0
1.4,5.0,0.464,0.429,0.436,0.401,0.299,0.302,0.339,0.339,3.72,30.613,87315170.0
1.41,5.0,0.462,0.427,0.434,0.399,0.299,0.302,0.338,0.338,3.73,30.542,87938850.0
1.42,5.0,0.461,0.426,0.433,0.398,0.299,0.302,0.338,0.338,3.73,30.471,88562530.0
1.43,5.0,0.459,0.424,0.431,0.396,0.298,0.301,0.337,0.337,3.73,30.401,89186210.0
1.44,5.0,0.457,0.422,0.429,0.394,0.298,0.301,0.337,0.337,3.73,30.33,89809900.0
1.45,5.0,0.456,0.421,0.428,0.393,0.298,0.301,0.336,0.336,3.73,30.26,90433580.0
1.46,5.0,0.454,0.419,0.426,0.391,0.297,0.3,0.336,0.336,3.73,30.189,91057260.0
1.47,5.0,0.452,0.417,0.425,0.39,0.297,0.3,0.335,0.335,3.72,30.118,91680940.0
1.48,5.0,0.451,0.416,0.423,0.388,0.297,0.3,0.335,0.335,3.72,30.048,92304610.0
1.49,5.0,0.449,0.414,0.421,0.386,0.296,0.299,0.334,0.334,3.72,29.977,92928290.0
1.5,5.0,0.447,0.412,0.42,0.385,0.296,0.299,0.334,0.334,3.72,29.906,93551970.0
1.51,5.0,0.446,0.411,0.418,0.383,0.295,0.298,0.333,0.333,3.71,29.836,94175650.0
1.52,5.0,0.444,0.409,0.417,0.382,0.295,0.298,0.333,0.333,3.71,29.765,94799330.0
1.53,5.0,0.443,0.408,0.415,0.38,0.295,0.298,0.332,0.332,3.71,29.694,95423010.0
1.54,5.0,0.441,0.406,0.414,0.378,0.294,0.297,0.332,0.332,3.7,29.623,96046690.0
1.55,5.0,0.439,0.404,0.412,0.377,0.294,0.297,0.331,0.331,3.7,29.552,96670370.0
1.56,5.0,0.438,0.403,0.41,0.375,0.293,0.296,0.33,0.33,3.7,29.481,97294050.0
1.57,5.0,0.436,0.401,0.409,0.374,0.293,0.296,0.33,0.33,3.69,29.41,97917730.0
1.58,5.0,0.435,0.4,0.407,0.372,0.293,0.296,0.329,0.329,3.69,29.339,98541410.0
1.59,5.0,0.433,0.398,0.406,0.371,0.292,0.295,0.329,0.329,3.69,29.267,99165090.0
1.6,5.0,0.431,0.396,0.404,0.369,0.292,0.295,0.328,0.328,3.69,29.196,99788770.0
1.61,5.0,0.43,0.395,0.403,0.368,0.291,0.294,0.328,0.328,3.68,29.124,100412400.0
1.62,5.0,0.428,0.393,0.401,0.366,0.291,0.294,0.327,0.327,3.68,29.053,101036100.0
1.63,5.0,0.427,0.392,0.4,0.365,0.29,0.294,0.327,0.327,3.68,28.981,101659800.0
1.64,5.0,0.425,0.39,0.398,0.363,0.29,0.293,0.326,0.326,3.67,28.909,102283500.0
1.65,5.0,0.424,0.389,0.397,0.362,0.29,0.293,0.325,0.325,3.67,28.837,102907200.0
1.66,5.0,0.422,0.387,0.395,0.36,0.289,0.292,0.325,0.325,3.67,28.765,103530800.0
1.67,5.0,0.421,0.386,0.394,0.359,0.289,0.292,0.324,0.324,3.66,28.693,104154500.0
1.68,5.0,0.419,0.384,0.392,0.357,0.288,0.291,0.324,0.324,3.66,28.621,104778200.0
1.69,5.0,0.418,0.383,0.391,0.356,0.288,0.291,0.323,0.323,3.65,28.548,105401900.0
1.7,5.0,0.416,0.381,0.389,0.354,0.287,0.29,0.323,0.323,3.65,28.476,106025600.0
1.71,5.0,0.415,0.38,0.388,0.353,0.287,0.29,0.322,0.322,3.65,28.403,106649200.0
1.72,5.0,0.413,0.378,0.386,0.351,0.286,0.29,0.321,0.321,3.64,28.33,107272900.0
1.73,5.0,0.412,0.377,0.385,0.35,0.286,0.289,0.321,0.321,3.64,28.257,107896600.0
1.74,5.0,0.41,0.375,0.384,0.348,0.286,0.289,0.32,0.32,3.64,28.183,108520300.0
1.75,5.0,0.409,0.374,0.382,0.347,0.285,0.288,0.32,0.32,3.63,28.11,109144000.0
1.76,5.0,0.407,0.372,0.381,0.346,0.285,0.288,0.319,0.319,3.63,28.037,109767600.0
1.77,5.0,0.406,0.371,0.379,0.344,0.284,0.287,0.318,0.318,3.63,27.963,110391300.0
1.78,5.0,0.404,0.369,0.378,0.343,0.284,0.287,0.318,0.318,3.62,27.889,111015000.0
1.79,5.0,0.403,0.368,0.376,0.341,0.283,0.286,0.317,0.317,3.62,27.815,111638700.0
1.8,5.0,0.401,0.366,0.375,0.34,0.283,0.286,0.317,0.317,3.61,27.741,112262400.0
1.81,5.0,0.4,0.365,0.374,0.338,0.282,0.285,0.316,0.316,3.61,27.666,112886000.0
1.82,5.0,0.398,0.363,0.372,0.337,0.282,0.285,0.315,0.315,3.61,27.591,113509700.0
1.83,5.0,0.397,0.362,0.371,0.336,0.281,0.284,0.315,0.315,3.6,27.517,114133400.0
1.84,5.0,0.395,0.36,0.369,0.334,0.281,0.284,0.314,0.314,3.6,27.442,114757100.0
1.85,5.0,0.394,0.359,0.368,0.333,0.28,0.283,0.314,0.314,3.59,27.366,115380800.0
1.86,5.0,0.392,0.357,0.367,0.331,0.28,0.283,0.313,0.313,3.59,27.291,116004400.0
1.87,5.0,0.391,0.356,0.365,0.33,0.279,0.282,0.312,0.312,3.59,27.215,116628100.0
1.88,5.0,0.39,0.355,0.364,0.329,0.279,0.282,0.312,0.312,3.58,27.139,117251800.0
1.89,5.0,0.388,0.353,0.362,0.327,0.278,0.281,0.311,0.311,3.58,27.063,117875500.0
1.9,5.0,0.387,0.352,0.361,0.326,0.278,0.281,0.31,0.31,3.57,26.987,118499200.0
1.91,5.0,0.385,0.35,0.36,0.325,0.277,0.28,0.31,0.31,3.57,26.911,119122800.0
1.92,5.0,0.384,0.349,0.358,0.323,0.277,0.28,0.309,0.309,3.57,26.834,119746500.0
1.93,5.0,0.383,0.348,0.357,0.322,0.276,0.279,0.309,0.309,3.56,26.757,120370200.0
1.94,5.0,0.381,0.346,0.356,0.321,0.276,0.279,0.308,0.308,3.56,26.68,120993900.0
1.95,5.0,0.38,0.345,0.354,0.319,0.275,0.278,0.307,0.307,3.55,26.602,121617600.0
1.96,5.0,0.378,0.343,0.353,0.318,0.275,0.278,0.307,0.307,3.55,26.525,122241200.0
1.97,5.0,0.377,0.342,0.352,0.317,0.274,0.277,0.306,0.306,3.55,26.447,122864900.0
1.98,5.0,0.376,0.341,0.35,0.315,0.274,0.277,0.305,0.305,3.54,26.369,123488600.0
1.99,5.0,0.374,0.339,0.349,0.314,0.273,0.276,0.305,0.305,3.54,26.29,124112300.0
2.0,5.0,0.373,0.338,0.348,0.312,0.273,0.276,0.304,0.304,3.53,26.212,124736000.0
2.01,5.0,0.372,0.336,0.346,0.311,0.272,0.275,0.303,0.303,3.53,26.133,125359600.0
2.02,5.0,0.37,0.335,0.345,0.31,0.271,0.275,0.303,0.303,3.52,26.053,125983300.0
2.03,5.0,0.369,0.333,0.344,0.308,0.271,0.274,0.302,0.302,3.52,25.974,126607000.0
2.04,5.0,0.368,0.332,0.343,0.307,0.27,0.273,0.301,0.301,3.52,25.894,127230700.0
2.05,5.0,0.366,0.331,0.342,0.306,0.27,0.273,0.301,0.301,3.51,25.814,127854400.0
2.06,5.0,0.365,0.329,0.34,0.304,0.269,0.272,0.3,0.3,3.51,25.734,128478000.0
2.07,5.0,0.364,0.328,0.339,0.303,0.269,0.272,0.299,0.299,3.5,25.654,129101700.0
2.08,5.0,0.363,0.327,0.338,0.302,0.268,0.271,0.299,0.299,3.5,25.573,129725400.0
2.09,5.0,0.361,0.325,0.337,0.301,0.268,0.271,0.298,0.298,3.49,25.492,130349100.0
2.1,5.0,0.36,0.324,0.336,0.299,0.267,0.27,0.297,0.297,3.49,25.41,130972800.0
2.11,5.0,0.359,0.323,0.334,0.298,0.266,0.27,0.297,0.297,3.48,25.328,131596400.0
2.12,5.0,0.358,0.321,0.333,0.297,0.266,0.269,0.296,0.296,3.48,25.246,132220100.0
2.13,5.0,0.357,0.32,0.332,0.295,0.265,0.269,0.295,0.295,3.48,25.164,132843800.0
2.14,5.0,0.355,0.319,0.331,0.294,0.265,0.268,0.295,0.295,3.47,25.082,133467500.0
2.15,5.0,0.354,0.318,0.33,0.293,0.264,0.267,0.294,0.294,3.47,24.999,134091200.0
2.16,5.0,0.353,0.316,0.329,0.292,0.264,0.267,0.293,0.293,3.46,24.915,134714800.0
2.17,5.0,0.352,0.315,0.327,0.291,0.263,0.266,0.293,0.293,3.46,24.832,135338500.0
2.18,5.0,0.351,0.314,0.326,0.289,0.262,0.266,0.292,0.292,3.45,24.748,135962200.0
2.19,5.0,0.349,0.312,0.325,0.288,0.262,0.265,0.291,0.291,3.45,24.664,136585900.0
2.2,5.0,0.348,0.311,0.324,0.287,0.261,0.265,0.291,0.291,3.44,24.579,137209600.0
2.21,5.0,0.347,0.31,0.323,0.286,0.261,0.264,0.29,0.29,3.44,24.494,137833200.0
2.22,5.0,0.346,0.309,0.322,0.284,0.26,0.263,0.289,0.289,3.43,24.409,138456900.0
2.23,5.0,0.345,0.307,0.321,0.283,0.26,0.263,0.289,0.289,3.43,24.324,139080600.0
2.24,5.0,0.343,0.306,0.32,0.282,0.259,0.262,0.288,0.288,3.42,24.238,139704300.0
2.25,5.0,0.342,0.305,0.319,0.281,0.258,0.262,0.287,0.287,3.42,24.151,140328000.0
2.26,5.0,0.341,0.304,0.317,0.28,0.258,0.261,0.287,0.287,3.41,24.065,140951600.0
2.27,5.0,0.34,0.302,0.316,0.279,0.257,0.26,0.286,0.286,3.41,23.978,141575300.0
2.28,5.0,0.339,0.301,0.315,0.277,0.257,0.26,0.285,0.285,3.4,23.891,142199000.0
2.29,5.0,0.338,0.3,0.314,0.276,0.256,0.26,0.285,0.285,3.4,23.816,142822700.0
2.3,5.0,0.337,0.299,0.313,0.275,0.256,0.259,0.285,0.285,3.4,23.75,143446400.0
2.31,5.0,0.336,0.298,0.312,0.274,0.256,0.259,0.284,0.284,3.4,23.685,144070000.0
2.32,5.0,0.335,0.296,0.311,0.273,0.256,0.259,0.284,0.284,3.41,23.619,144693700.0
2.33,5.0,0.334,0.295,0.31,0.272,0.256,0.259,0.284,0.284,3.41,23.554,145317400.0
2.34,5.0,0.332,0.294,0.309,0.27,0.256,0.259,0.284,0.284,3.41,23.489,145941100.0
2.35,5.0,0.331,0.293,0.308,0.269,0.256,0.259,0.283,0.283,3.41,23.424,146564800.0
2.36,5.0,0.33,0.292,0.307,0.268,0.255,0.259,0.283,0.283,3.41,23.359,147188400.0
2.37,5.0,0.329,0.291,0.306,0.267,0.255,0.259,0.283,0.283,3.41,23.295,147812100.0
2.38,5.0,0.328,0.29,0.305,0.266,0.255,0.259,0.283,0.283,3.41,23.23,148435800.0
2.39,5.0,0.327,0.289,0.304,0.265,0.255,0.258,0.283,0.283,3.41,23.166,149059500.0
2.4,5.0,0.326,0.287,0.303,0.264,0.255,0.258,0.282,0.282,3.41,23.102,149683200.0
2.41,5.0,0.325,0.286,0.302,0.263,0.255,0.258,0.282,0.282,3.41,23.038,150306800.0
2.42,5.0,0.324,0.285,0.301,0.262,0.255,0.258,0.282,0.282,3.41,22.974,150930500.0
2.43,5.0,0.323,0.284,0.3,0.26,0.255,0.258,0.282,0.282,3.41,22.911,151554200.0
2.44,5.0,0.322,0.283,0.299,0.259,0.254,0.258,0.282,0.282,3.41,22.847,152177900.0
2.45,5.0,0.321,0.282,0.298,0.258,0.254,0.258,0.281,0.281,3.41,22.784,152801600.0
2.46,5.0,0.32,0.281,0.297,0.258,0.254,0.258,0.281,0.281,3.41,22.721,153425200.0
2.47,5.0,0.319,0.28,0.296,0.257,0.254,0.257,0.281,0.281,3.41,22.658,154048900.0
2.48,5.0,0.318,0.279,0.295,0.256,0.254,0.257,0.281,0.281,3.42,22.595,154672600.0
2.49,5.0,0.317,0.279,0.294,0.255,0.254,0.257,0.28,0.28,3.42,22.533,155296300.0
2.5,5.0,0.316,0.278,0.293,0.254,0.254,0.257,0.28,0.28,3.42,22.47,155920000.0
2.51,5.0,0.315,0.277,0.292,0.254,0.253,0.257,0.28,0.28,3.42,22.408,156543600.0
2.52,5.0,0.314,0.276,0.291,0.253,0.253,0.257,0.28,0.28,3.42,22.345,157167300.0
2.53,5.0,0.313,0.275,0.29,0.252,0.253,0.256,0.279,0.279,3.42,22.283,157791000.0
2.54,5.0,0.312,0.275,0.289,0.251,0.253,0.256,0.279,0.279,3.42,22.221,158414700.0
2.55,5.0,0.311,0.274,0.288,0.251,0.253,0.256,0.279,0.279,3.42,22.159,159038400.0
2.56,5.0,0.31,0.273,0.287,0.25,0.253,0.256,0.279,0.279,3.42,22.097,159662000.0
2.57,5.0,0.309,0.272,0.286,0.249,0.252,0.256,0.278,0.278,3.42,22.036,160285700.0
2.58,5.0,0.308,0.272,0.285,0.248,0.252,0.255,0.278,0.278,3.42,21.974,160909400.0
2.59,5.0,0.308,0.271,0.284,0.248,0.252,0.255,0.278,0.278,3.42,21.913,161533100.0
2.6,5.0,0.307,0.27,0.283,0.247,0.252,0.255,0.278,0.278,3.42,21.851,162156700.0
2.61,5.0,0.306,0.269,0.283,0.246,0.252,0.255,0.277,0.277,3.42,21.79,162780400.0
2.62,5.0,0.305,0.269,0.282,0.245,0.251,0.255,0.277,0.277,3.42,21.729,163404100.0
2.63,5.0,0.304,0.268,0.281,0.245,0.251,0.254,0.277,0.277,3.42,21.668,164027800.0
2.64,5.0,0.303,0.267,0.28,0.244,0.251,0.254,0.277,0.277,3.42,21.607,164651500.0
2.65,5.0,0.302,0.266,0.279,0.243,0.251,0.254,0.276,0.276,3.42,21.546,165275200.0
2.66,5.0,0.301,0.266,0.278,0.243,0.251,0.254,0.276,0.276,3.42,21.486,165898800.0
2.67,5.0,0.3,0.265,0.277,0.242,0.25,0.254,0.276,0.276,3.42,21.425,166522500.0
2.68,5.0,0.299,0.264,0.276,0.241,0.25,0.253,0.275,0.275,3.42,21.365,167146200.0
2.69,5.0,0.298,0.263,0.275,0.24,0.25,0.253,0.275,0.275,3.42,21.304,167769900.0
2.7,5.0,0.297,0.263,0.275,0.24,0.25,0.253,0.275,0.275,3.42,21.244,168393600.0
2.71,5.0,0.297,0.262,0.274,0.239,0.25,0.253,0.275,0.275,3.42,21.184,169017200.0
2.72,5.0,0.296,0.261,0.273,0.238,0.249,0.253,0.274,0.274,3.42,21.124,169640900.0
2.73,5.0,0.295,0.261,0.272,0.238,0.249,0.252,0.274,0.274,3.42,21.064,170264600.0
2.74,5.0,0.294,0.26,0.271,0.237,0.249,0.252,0.274,0.274,3.42,21.004,170888300.0
2.75,5.0,0.293,0.259,0.27,0.236,0.249,0.252,0.273,0.273,3.42,20.944,171512000.0
2.76,5.0,0.292,0.259,0.269,0.236,0.249,0.252,0.273,0.273,3.42,20.884,172135600.0
2.77,5.0,0.291,0.258,0.269,0.235,0.248,0.251,0.273,0.273,3.42,20.825,172759300.0
2.78,5.0,0.291,0.257,0.268,0.234,0.248,0.251,0.273,0.273,3.42,20.765,173383000.0
2.79,5.0,0.29,0.257,0.267,0.234,0.248,0.251,0.272,0.272,3.42,20.706,174006700.0
2.8,5.0,0.289,0.256,0.266,0.233,0.248,0.251,0.272,0.272,3.42,20.646,174630300.0
2.81,5.0,0.288,0.255,0.265,0.232,0.248,0.25,0.272,0.272,3.42,20.587,175254000.0
2.82,5.0,0.287,0.255,0.264,0.232,0.247,0.25,0.271,0.271,3.42,20.527,175877700.0
2.83,5.0,0.286,0.254,0.264,0.231,0.247,0.25,0.271,0.271,3.42,20.468,176501400.0
2.84,5.0,0.285,0.253,0.263,0.231,0.247,0.25,0.271,0.271,3.42,20.409,177125100.0
2.85,5.0,0.285,0.253,0.262,0.23,0.247,0.249,0.271,0.271,3.42,20.35,177748700.0
2.86,5.0,0.284,0.252,0.261,0.229,0.246,0.249,0.27,0.27,3.42,20.291,178372400.0
2.87,5.0,0.283,0.251,0.26,0.229,0.246,0.249,0.27,0.27,3.42,20.248,178996100.0
2.88,5.0,0.282,0.251,0.26,0.228,0.247,0.25,0.27,0.27,3.42,20.29,179619800.0
2.89,5.0,0.281,0.25,0.259,0.227,0.247,0.25,0.271,0.271,3.41,20.333,180243500.0
2.9,5.0,0.281,0.25,0.258,0.227,0.248,0.251,0.271,0.271,3.41,20.375,180867200.0
2.91,5.0,0.28,0.249,0.257,0.226,0.248,0.251,0.272,0.272,3.41,20.418,181490800.0
2.92,5.0,0.279,0.249,0.256,0.226,0.249,0.252,0.272,0.272,3.41,20.461,182114500.0
2.93,5.0,0.279,0.248,0.256,0.225,0.249,0.252,0.273,0.273,3.41,20.504,182738200.0
2.94,5.0,0.278,0.247,0.255,0.224,0.25,0.253,0.273,0.273,3.41,20.546,183361900.0
2.95,5.0,0.277,0.247,0.254,0.224,0.25,0.253,0.274,0.274,3.41,20.589,183985500.0
2.96,5.0,0.276,0.246,0.253,0.223,0.251,0.254,0.274,0.274,3.41,20.632,184609200.0
2.97,5.0,0.276,0.246,0.253,0.223,0.251,0.254,0.274,0.274,3.41,20.675,185232900.0
2.98,5.0,0.275,0.245,0.252,0.222,0.252,0.255,0.275,0.275,3.41,20.718,185856600.0
2.99,5.0,0.274,0.245,0.251,0.222,0.252,0.255,0.275,0.275,3.41,20.761,186480300.0
3.0,5.0,0.273,0.244,0.25,0.221,0.253,0.255,0.276,0.276,3.41,20.804,187103900.0
3.01,5.0,0.273,0.244,0.25,0.22,0.253,0.256,0.276,0.276,3.41,20.847,187727600.0
3.02,5.0,0.272,0.243,0.249,0.22,0.254,0.256,0.277,0.277,3.41,20.89,188351300.0
3.03,5.0,0.272,0.243,0.248,0.219,0.254,0.257,0.277,0.277,3.41,20.933,188975000.0
3.04,5.0,0.271,0.242,0.248,0.219,0.255,0.257,0.278,0.278,3.41,20.976,189598700.0
3.05,5.0,0.27,0.242,0.247,0.218,0.255,0.258,0.278,0.278,3.41,21.02,190222300.0
3.06,5.0,0.27,0.241,0.246,0.218,0.256,0.258,0.278,0.278,3.4,21.063,190846000.0
3.07,5.0,0.269,0.241,0.246,0.217,0.256,0.259,0.279,0.279,3.4,21.106,191469700.0
3.08,5.0,0.268,0.24,0.245,0.216,0.257,0.259,0.279,0.279,3.4,21.15,192093400.0
3.09,5.0,0.268,0.239,0.244,0.216,0.257,0.26,0.28,0.28,3.4,21.193,192717100.0
3.1,5.0,0.267,0.239,0.244,0.215,0.258,0.26,0.28,0.28,3.4,21.236,193340700.0
3.11,5.0,0.267,0.238,0.243,0.215,0.258,0.261,0.28,0.28,3.4,21.28,193964400.0
3.12,5.0,0.266,0.238,0.243,0.214,0.259,0.261,0.281,0.281,3.4,21.323,194588100.0
3.13,5.0,0.265,0.237,0.242,0.214,0.259,0.262,0.281,0.281,3.4,21.367,195211800.0
3.14,5.0,0.265,0.237,0.241,0.213,0.26,0.262,0.282,0.282,3.4,21.411,195835500.0
3.15,5.0,0.264,0.236,0.241,0.213,0.26,0.263,0.282,0.282,3.4,21.454,196459100.0
3.16,5.0,0.264,0.236,0.24,0.212,0.261,0.263,0.283,0.283,3.4,21.498,197082800.0
3.17,5.0,0.263,0.235,0.239,0.212,0.261,0.263,0.283,0.283,3.4,21.542,197706500.0
3.18,5.0,0.263,0.235,0.239,0.211,0.261,0.264,0.283,0.283,3.39,21.585,198330200.0
3.19,5.0,0.262,0.234,0.238,0.211,0.262,0.264,0.284,0.284,3.39,21.629,198953900.0
3.2,5.0,0.261,0.234,0.238,0.21,0.262,0.265,0.284,0.284,3.39,21.673,199577500.0
3.21,5.0,0.261,0.234,0.237,0.21,0.263,0.265,0.285,0.285,3.39,21.717,200201200.0
3.22,5.0,0.26,0.233,0.236,0.209,0.263,0.266,0.285,0.285,3.39,21.76,200824900.0
3.23,5.0,0.26,0.233,0.236,0.208,0.264,0.266,0.285,0.285,3.39,21.804,201448600.0
3.24,5.0,0.259,0.232,0.235,0.208,0.264,0.267,0.286,0.286,3.39,21.848,202072300.0
3.25,5.0,0.259,0.232,0.234,0.207,0.265,0.267,0.286,0.286,3.39,21.892,202695900.0
3.26,5.0,0.258,0.231,0.234,0.207,0.265,0.267,0.287,0.287,3.39,21.936,203319600.0
3.27,5.0,0.257,0.231,0.233,0.206,0.266,0.268,0.287,0.287,3.38,21.98,203943300.0
3.28,5.0,0.257,0.23,0.233,0.206,0.266,0.268,0.287,0.287,3.38,22.024,204567000.0
3.29,5.0,0.256,0.23,0.232,0.205,0.266,0.269,0.288,0.288,3.38,22.068,205190700.0
3.3,5.0,0.256,0.229,0.232,0.205,0.267,0.269,0.288,0.288,3.38,22.113,205814300.0
3.31,5.0,0.255,0.229,0.231,0.204,0.267,0.27,0.288,0.288,3.38,22.157,206438000.0
3.32,5.0,0.255,0.228,0.23,0.204,0.268,0.27,0.289,0.289,3.38,22.201,207061700.0
3.33,5.0,0.254,0.228,0.23,0.203,0.268,0.27,0.289,0.289,3.38,22.245,207685400.0
3.34,5.0,0.254,0.227,0.229,0.203,0.269,0.271,0.29,0.29,3.38,22.289,208309000.0
3.35,5.0,0.253,0.227,0.229,0.203,0.269,0.271,0.29,0.29,3.38,22.334,208932700.0
3.36,5.0,0.252,0.227,0.228,0.202,0.269,0.272,0.29,0.29,3.37,22.378,209556400.0
3.37,5.0,0.252,0.226,0.227,0.202,0.27,0.272,0.291,0.291,3.37,22.422,210180100.0
3.38,5.0,0.251,0.226,0.227,0.201,0.27,0.273,0.291,0.291,3.37,22.466,210803800.0
3.39,5.0,0.251,0.225,0.226,0.201,0.271,0.273,0.292,0.292,3.37,22.511,211427500.0
3.4,5.0,0.25,0.225,0.226,0.2,0.271,0.273,0.292,0.292,3.37,22.555,212051100.0
3.41,5.0,0.25,0.224,0.225,0.2,0.272,0.274,0.292,0.292,3.37,22.6,212674800.0
3.42,5.0,0.249,0.224,0.225,0.199,0.272,0.274,0.293,0.293,3.37,22.644,213298500.0
3.43,5.0,0.249,0.224,0.224,0.199,0.272,0.275,0.293,0.293,3.36,22.689,213922200.0
3.44,5.0,0.248,0.223,0.224,0.198,0.273,0.275,0.294,0.294,3.37,22.76,214545900.0
3.45,5.0,0.248,0.223,0.223,0.198,0.273,0.276,0.294,0.294,3.37,22.805,215169500.0
3.46,5.0,0.247,0.222,0.222,0.197,0.274,0.276,0.294,0.294,3.36,22.85,215793200.0
3.47,5.0,0.247,0.222,0.222,0.197,0.274,0.277,0.295,0.295,3.36,22.895,216416900.0
3.48,5.0,0.246,0.222,0.221,0.197,0.275,0.277,0.295,0.295,3.36,22.94,217040600.0
3.49,5.0,0.246,0.221,0.221,0.196,0.275,0.278,0.296,0.296,3.36,22.985,217664300.0
3.5,5.0,0.245,0.221,0.22,0.196,0.276,0.278,0.296,0.296,3.36,23.03,218287900.0
3.51,5.0,0.245,0.22,0.22,0.195,0.276,0.279,0.297,0.297,3.36,23.075,218911600.0
3.52,5.0,0.244,0.22,0.219,0.195,0.277,0.279,0.297,0.297,3.36,23.12,219535300.0
3.53,5.0,0.244,0.22,0.219,0.194,0.277,0.28,0.298,0.298,3.36,23.165,220159000.0
3.54,5.0,0.243,0.219,0.218,0.194,0.278,0.28,0.298,0.298,3.36,23.21,220782600.0
3.55,5.0,0.243,0.219,0.218,0.193,0.278,0.28,0.298,0.298,3.36,23.255,221406300.0
3.56,5.0,0.242,0.218,0.217,0.193,0.279,0.281,0.299,0.299,3.36,23.3,222030000.0
3.57,5.0,0.242,0.218,0.217,0.193,0.279,0.281,0.299,0.299,3.36,23.346,222653700.0
3.58,5.0,0.241,0.218,0.216,0.192,0.28,0.282,0.3,0.3,3.36,23.391,223277400.0
3.59,5.0,0.241,0.217,0.216,0.192,0.28,0.282,0.3,0.3,3.36,23.436,223901000.0
3.6,5.0,0.24,0.217,0.215,0.191,0.281,0.283,0.301,0.301,3.37,23.481,224524700.0
3.61,5.0,0.24,0.216,0.215,0.191,0.281,0.283,0.301,0.301,3.37,23.527,225148400.0
3.62,5.0,0.24,0.216,0.214,0.191,0.282,0.284,0.302,0.302,3.38,23.572,225772100.0
3.63,5.0,0.239,0.216,0.214,0.19,0.282,0.284,0.302,0.302,3.38,23.617,226395800.0
3.64,5.0,0.239,0.215,0.213,0.19,0.283,0.285,0.302,0.302,3.39,23.663,227019500.0
3.65,5.0,0.238,0.215,0.213,0.189,0.283,0.285,0.303,0.303,3.39,23.708,227643100.0
3.66,5.0,0.238,0.215,0.212,0.189,0.284,0.286,0.303,0.303,3.4,23.754,228266800.0
3.67,5.0,0.237,0.214,0.212,0.188,0.284,0.286,0.304,0.304,3.4,23.799,228890500.0
3.68,5.0,0.237,0.214,0.211,0.188,0.285,0.287,0.304,0.304,3.41,23.845,229514200.0
3.69,5.0,0.236,0.214,0.211,0.188,0.285,0.287,0.305,0.305,3.41,23.89,230137900.0
3.7,5.0,0.236,0.213,0.21,0.187,0.286,0.288,0.305,0.305,3.42,23.936,230761500.0
3.71,5.0,0.235,0.213,0.21,0.187,0.286,0.288,0.306,0.306,3.42,23.981,231385200.0
3.72,5.0,0.235,0.212,0.209,0.186,0.287,0.289,0.306,0.306,3.43,24.027,232008900.0
3.73,5.0,0.235,0.212,0.209,0.186,0.287,0.289,0.306,0.306,3.43,24.072,232632600.0
3.74,5.0,0.234,0.212,0.208,0.186,0.288,0.29,0.307,0.307,3.44,24.118,233256200.0
3.75,5.0,0.234,0.211,0.208,0.185,0.288,0.29,0.307,0.307,3.44,24.164,233879900.0
3.76,5.0,0.233,0.211,0.207,0.185,0.289,0.291,0.308,0.308,3.45,24.21,234503600.0
3.77,5.0,0.233,0.211,0.207,0.185,0.289,0.291,0.308,0.308,3.45,24.255,235127300.0
3.78,5.0,0.232,0.21,0.206,0.184,0.29,0.291,0.309,0.309,3.46,24.301,235751000.0
3.79,5.0,0.232,0.21,0.206,0.184,0.29,0.292,0.309,0.309,3.46,24.347,236374600.0
3.8,5.0,0.231,0.21,0.205,0.183,0.291,0.292,0.31,0.31,3.47,24.393,236998300.0
3.81,5.0,0.231,0.209,0.205,0.183,0.291,0.293,0.31,0.31,3.47,24.438,237622000.0
3.82,5.0,0.231,0.209,0.204,0.183,0.292,0.293,0.31,0.31,3.48,24.484,238245700.0
3.83,5.0,0.23,0.209,0.204,0.182,0.292,0.294,0.311,0.311,3.48,24.53,238869400.0
3.84,5.0,0.23,0.208,0.203,0.182,0.292,0.294,0.311,0.311,3.49,24.576,239493000.0
3.85,5.0,0.229,0.208,0.203,0.182,0.293,0.295,0.312,0.312,3.49,24.622,240116700.0
3.86,5.0,0.229,0.208,0.203,0.181,0.293,0.295,0.312,0.312,3.5,24.668,240740400.0
3.87,5.0,0.229,0.207,0.202,0.181,0.294,0.296,0.313,0.313,3.5,24.714,241364100.0
3.88,5.0,0.228,0.207,0.202,0.18,0.294,0.296,0.313,0.313,3.51,24.76,241987800.0
3.89,5.0,0.228,0.207,0.201,0.18,0.295,0.297,0.314,0.314,3.51,24.806,242611500.0
3.9,5.0,0.227,0.206,0.201,0.18,0.295,0.297,0.314,0.314,3.52,24.852,243235100.0
3.91,5.0,0.227,0.206,0.2,0.179,0.296,0.298,0.314,0.314,3.52,24.898,243858800.0
3.92,5.0,0.227,0.206,0.2,0.179,0.296,0.298,0.315,0.315,3.53,24.944,244482500.0
3.93,5.0,0.226,0.205,0.199,0.179,0.297,0.299,0.315,0.315,3.54,24.991,245106200.0
3.94,5.0,0.226,0.205,0.199,0.178,0.297,0.299,0.316,0.316,3.54,25.037,245729800.0
3.95,5.0,0.225,0.205,0.199,0.178,0.298,0.3,0.316,0.316,3.55,25.083,246353500.0
3.96,5.0,0.225,0.204,0.198,0.177,0.298,0.3,0.317,0.317,3.55,25.129,246977200.0
3.97,5.0,0.225,0.204,0.198,0.177,0.299,0.301,0.317,0.317,3.56,25.175,247600900.0
3.98,5.0,0.224,0.204,0.197,0.177,0.299,0.301,0.318,0.318,3.56,25.222,248224600.0
3.99,5.0,0.224,0.203,0.197,0.176,0.3,0.301,0.318,0.318,3.57,25.268,248848200.0
4.0,5.0,0.223,0.203,0.196,0.176,0.3,0.302,0.318,0.318,3.57,25.314,249471900.0
4.01,5.0,0.223,0.203,0.196,0.176,0.301,0.302,0.319,0.319,3.58,25.361,250095600.0
4.02,5.0,0.223,0.202,0.196,0.175,0.301,0.303,0.319,0.319,3.58,25.407,250719300.0
4.03,5.0,0.222,0.202,0.195,0.175,0.302,0.303,0.32,0.32,3.59,25.454,251343000.0
4.04,5.0,0.222,0.202,0.195,0.174,0.302,0.304,0.32,0.32,3.59,25.5,251966600.0
4.05,5.0,0.221,0.201,0.194,0.174,0.303,0.304,0.321,0.321,3.6,25.546,252590300.0
4.06,5.0,0.221,0.201,0.194,0.174,0.303,0.305,0.321,0.321,3.6,25.593,253214000.0
4.07,5.0,0.221,0.201,0.193,0.173,0.304,0.305,0.322,0.322,3.61,25.639,253837700.0
4.08,5.0,0.22,0.2,0.193,0.173,0.304,0.306,0.322,0.322,3.61,25.686,254461400.0
4.09,5.0,0.22,0.2,0.193,0.173,0.304,0.306,0.322,0.322,3.62,25.732,255085000.0
4.1,5.0,0.22,0.2,0.192,0.172,0.305,0.307,0.323,0.323,3.62,25.779,255708700.0
4.11,5.0,0.219,0.2,0.192,0.172,0.305,0.307,0.323,0.323,3.63,25.826,256332400.0
4.12,5.0,0.219,0.199,0.191,0.172,0.306,0.308,0.324,0.324,3.63,25.872,256956100.0
4.13,5.0,0.218,0.199,0.191,0.171,0.306,0.308,0.324,0.324,3.64,25.919,257579800.0
4.14,5.0,0.218,0.199,0.191,0.171,0.307,0.309,0.325,0.325,3.64,25.965,258203400.0
4.15,5.0,0.218,0.198,0.19,0.171,0.307,0.309,0.325,0.325,3.65,26.012,258827100.0
4.16,5.0,0.217,0.198,0.19,0.17,0.308,0.309,0.326,0.326,3.65,26.059,259450800.0
4.17,5.0,0.217,0.198,0.189,0.17,0.308,0.31,0.326,0.326,3.66,26.106,260074500.0
4.18,5.0,0.217,0.197,0.189,0.17,0.309,0.31,0.326,0.326,3.66,26.152,260698100.0
4.19,5.0,0.216,0.197,0.189,0.169,0.309,0.311,0.327,0.327,3.67,26.199,261321800.0
4.2,5.0,0.216,0.197,0.188,0.169,0.31,0.311,0.327,0.327,3.67,26.246,261945500.0
4.21,5.0,0.216,0.197,0.188,0.169,0.31,0.312,0.328,0.328,3.68,26.293,262569200.0
4.22,5.0,0.215,0.196,0.187,0.168,0.311,0.312,0.328,0.328,3.68,26.34,263192900.0
4.23,5.0,0.215,0.196,0.187,0.168,0.311,0.313,0.329,0.329,3.69,26.377,263816600.0
4.24,5.0,0.215,0.196,0.187,0.168,0.311,0.313,0.328,0.328,3.68,26.399,264440200.0
4.25,5.0,0.214,0.195,0.186,0.167,0.311,0.312,0.328,0.328,3.68,26.421,265063900.0
4.26,5.0,0.214,0.195,0.186,0.167,0.311,0.312,0.328,0.328,3.68,26.442,265687600.0
4.27,5.0,0.213,0.195,0.185,0.167,0.311,0.312,0.328,0.328,3.68,26.463,266311300.0
4.28,5.0,0.213,0.194,0.185,0.166,0.31,0.312,0.328,0.328,3.68,26.484,266935000.0
4.29,5.0,0.213,0.194,0.185,0.166,0.31,0.312,0.328,0.328,3.68,26.505,267558600.0
4.3,5.0,0.212,0.194,0.184,0.166,0.31,0.312,0.328,0.328,3.67,26.525,268182300.0
4.31,5.0,0.212,0.193,0.184,0.165,0.31,0.312,0.327,0.327,3.67,26.545,268806000.0
4.32,5.0,0.211,0.193,0.184,0.165,0.31,0.312,0.327,0.327,3.67,26.565,269429700.0
4.33,5.0,0.211,0.193,0.183,0.165,0.31,0.311,0.327,0.327,3.67,26.585,270053300.0
4.34,5.0,0.211,0.192,0.183,0.164,0.31,0.311,0.327,0.327,3.67,26.604,270677100.0
4.35,5.0,0.21,0.192,0.182,0.164,0.31,0.311,0.327,0.327,3.67,26.623,271300700.0
4.36,5.0,0.21,0.192,0.182,0.164,0.31,0.311,0.327,0.327,3.66,26.641,271924400.0
4.37,5.0,0.21,0.191,0.182,0.164,0.309,0.311,0.326,0.326,3.66,26.66,272548100.0
4.38,5.0,0.209,0.191,0.181,0.163,0.309,0.311,0.326,0.326,3.66,26.678,273171700.0
4.39,5.0,0.209,0.191,0.181,0.163,0.309,0.311,0.326,0.326,3.66,26.696,273795400.0
4.4,5.0,0.208,0.19,0.181,0.163,0.309,0.311,0.326,0.326,3.66,26.714,274419100.0
4.41,5.0,0.208,0.19,0.18,0.162,0.309,0.31,0.326,0.326,3.66,26.731,275042800.0
4.42,5.0,0.208,0.19,0.18,0.162,0.309,0.31,0.326,0.326,3.65,26.748,275666500.0
4.43,5.0,0.207,0.19,0.18,0.162,0.309,0.31,0.326,0.326,3.65,26.765,276290100.0
4.44,5.0,0.207,0.189,0.179,0.162,0.309,0.31,0.325,0.325,3.65,26.782,276913800.0
4.45,5.0,0.207,0.189,0.179,0.161,0.308,0.31,0.325,0.325,3.65,26.798,277537500.0
4.46,5.0,0.206,0.189,0.179,0.161,0.308,0.31,0.325,0.325,3.65,26.815,278161200.0
4.47,5.0,0.206,0.188,0.178,0.161,0.308,0.31,0.325,0.325,3.65,26.83,278784900.0
4.48,5.0,0.205,0.188,0.178,0.16,0.308,0.31,0.325,0.325,3.64,26.846,279408500.0
4.49,5.0,0.205,0.188,0.177,0.16,0.308,0.309,0.325,0.325,3.64,26.862,280032200.0
4.5,5.0,0.205,0.188,0.177,0.16,0.308,0.309,0.325,0.325,3.64,26.877,280655900.0
4.51,5.0,0.204,0.187,0.177,0.16,0.308,0.309,0.324,0.324,3.64,26.892,281279600.0
4.52,5.0,0.204,0.187,0.176,0.159,0.308,0.309,0.324,0.324,3.64,26.907,281903300.0
4.53,5.0,0.204,0.187,0.176,0.159,0.307,0.309,0.324,0.324,3.63,26.922,282527000.0
4.54,5.0,0.203,0.187,0.176,0.159,0.307,0.309,0.324,0.324,3.63,26.936,283150600.0
4.55,5.0,0.203,0.186,0.175,0.159,0.307,0.309,0.324,0.324,3.63,26.95,283774300.0
4.56,5.0,0.203,0.186,0.175,0.158,0.307,0.309,0.324,0.324,3.63,26.965,284398000.0
4.57,5.0,0.202,0.186,0.175,0.158,0.307,0.308,0.323,0.323,3.63,26.978,285021700.0
4.58,5.0,0.202,0.185,0.174,0.158,0.307,0.308,0.323,0.323,3.63,26.992,285645300.0
4.59,5.0,0.202,0.185,0.174,0.158,0.307,0.308,0.323,0.323,3.62,27.012,286269000.0
4.6,5.0,0.201,0.185,0.174,0.157,0.308,0.309,0.324,0.324,3.62,27.144,286892700.0
4.61,5.0,0.201,0.185,0.173,0.157,0.309,0.311,0.326,0.326,3.62,27.276,287516400.0
4.62,5.0,0.201,0.185,0.173,0.157,0.31,0.312,0.327,0.327,3.62,27.407,288140100.0
4.63,5.0,0.201,0.185,0.173,0.157,0.312,0.313,0.328,0.328,3.62,27.536,288763700.0
4.64,5.0,0.2,0.184,0.172,0.156,0.313,0.314,0.329,0.329,3.62,27.664,289387400.0
4.65,5.0,0.2,0.184,0.172,0.156,0.314,0.315,0.33,0.33,3.61,27.792,290011100.0
4.66,5.0,0.2,0.184,0.172,0.156,0.315,0.317,0.331,0.331,3.61,27.918,290634800.0
4.67,5.0,0.2,0.184,0.171,0.156,0.316,0.318,0.333,0.333,3.61,28.043,291258500.0
4.68,5.0,0.199,0.184,0.171,0.155,0.318,0.319,0.334,0.334,3.61,28.167,291882100.0
4.69,5.0,0.199,0.184,0.171,0.155,0.319,0.32,0.335,0.335,3.61,28.289,292505800.0
4.7,5.0,0.199,0.183,0.17,0.155,0.32,0.321,0.336,0.336,3.6,28.411,293129500.0
4.71,5.0,0.199,0.183,0.17,0.154,0.321,0.323,0.337,0.337,3.6,28.532,293753200.0
4.72,5.0,0.199,0.183,0.17,0.154,0.322,0.324,0.339,0.339,3.6,28.652,294376900.0
4.73,5.0,0.198,0.183,0.169,0.154,0.324,0.325,0.34,0.34,3.6,28.771,295000500.0
4.74,5.0,0.198,0.183,0.169,0.154,0.325,0.326,0.341,0.341,3.6,28.889,295624200.0
4.75,5.0,0.198,0.183,0.169,0.153,0.326,0.327,0.342,0.342,3.6,29.005,296247900.0
4.76,5.0,0.198,0.183,0.168,0.153,0.327,0.329,0.343,0.343,3.59,29.121,296871600.0
4.77,5.0,0.197,0.182,0.168,0.153,0.328,0.33,0.344,0.344,3.59,29.236,297495300.0
4.78,5.0,0.197,0.182,0.168,0.153,0.33,0.331,0.346,0.346,3.59,29.35,298118900.0
4.79,5.0,0.197,0.182,0.167,0.152,0.331,0.332,0.347,0.347,3.59,29.463,298742600.0
4.8,5.0,0.197,0.182,0.167,0.152,0.332,0.333,0.348,0.348,3.59,29.575,299366300.0
4.81,5.0,0.197,0.182,0.167,0.152,0.333,0.335,0.349,0.349,3.58,29.687,299990000.0
4.82,5.0,0.196,0.182,0.167,0.152,0.334,0.336,0.35,0.35,3.58,29.797,300613700.0
4.83,5.0,0.196,0.182,0.166,0.152,0.336,0.337,0.351,0.351,3.58,29.906,301237300.0
4.84,5.0,0.196,0.181,0.166,0.151,0.337,0.338,0.353,0.353,3.58,30.015,301861000.0
4.85,5.0,0.196,0.181,0.166,0.151,0.338,0.339,0.354,0.354,3.58,30.123,302484700.0
4.86,5.0,0.196,0.181,0.165,0.151,0.339,0.341,0.355,0.355,3.58,30.23,303108400.0
4.87,5.0,0.195,0.181,0.165,0.151,0.34,0.342,0.356,0.356,3.57,30.336,303732100.0
4.88,5.0,0.195,0.181,0.165,0.15,0.342,0.343,0.357,0.357,3.57,30.441,304355700.0
4.89,5.0,0.195,0.181,0.164,0.15,0.343,0.344,0.359,0.359,3.57,30.545,304979400.0
4.9,5.0,0.195,0.181,0.164,0.15,0.344,0.345,0.36,0.36,3.57,30.649,305603100.0
4.91,5.0,0.195,0.18,0.164,0.15,0.345,0.346,0.361,0.361,3.57,30.752,306226800.0
4.92,5.0,0.194,0.18,0.163,0.149,0.346,0.348,0.362,0.362,3.56,30.854,306850500.0
4.93,5.0,0.194,0.18,0.163,0.149,0.348,0.349,0.363,0.363,3.56,30.955,307474100.0
4.94,5.0,0.194,0.18,0.163,0.149,0.349,0.35,0.364,0.364,3.56,31.055,308097800.0
4.95,5.0,0.194,0.18,0.163,0.149,0.35,0.351,0.366,0.366,3.56,31.155,308721500.0
4.96,5.0,0.194,0.18,0.162,0.148,0.351,0.352,0.367,0.367,3.56,31.254,309345200.0
4.97,5.0,0.193,0.18,0.162,0.148,0.352,0.354,0.368,0.368,3.56,31.352,309968800.0
4.98,5.0,0.193,0.179,0.162,0.148,0.354,0.355,0.369,0.369,3.55,31.449,310592500.0
4.99,5.0,0.193,0.179,0.161,0.148,0.355,0.356,0.37,0.37,3.55,31.546,311216200.0
5.0,5.0,0.193,0.179,0.161,0.147,0.356,0.357,0.371,0.371,3.55,31.642,311839900.0
0.01,6.0,0.296,0.284,0.247,0.234,0.456,0.458,0.485,0.485,3.87,36.206,623680.0
0.02,6.0,0.349,0.336,0.3,0.287,0.451,0.452,0.485,0.485,3.87,36.206,1247360.0
0.03,6.0,0.36,0.347,0.311,0.298,0.45,0.451,0.485,0.485,3.87,36.206,1871039.0
0.04,6.0,0.362,0.349,0.313,0.3,0.449,0.451,0.485,0.485,3.87,36.206,2494719.0
0.05,6.0,0.361,0.348,0.312,0.299,0.449,0.451,0.485,0.485,3.87,36.206,3118399.0
0.06,6.0,0.36,0.347,0.311,0.298,0.45,0.451,0.485,0.485,3.87,36.206,3742079.0
0.07,6.0,0.358,0.345,0.309,0.296,0.45,0.451,0.485,0.485,3.87,36.206,4365758.0
0.08,6.0,0.356,0.343,0.307,0.294,0.45,0.451,0.485,0.485,3.87,36.206,4989438.0
0.09,6.0,0.354,0.341,0.305,0.292,0.45,0.452,0.485,0.485,3.87,36.206,5613118.0
0.1,6.0,0.353,0.34,0.304,0.291,0.45,0.452,0.485,0.485,3.87,36.206,6236798.0
0.11,6.0,0.353,0.34,0.304,0.291,0.45,0.452,0.485,0.485,3.87,36.206,6860478.0
0.12,6.0,0.353,0.34,0.304,0.291,0.45,0.452,0.485,0.485,3.87,36.206,7484158.0
0.13,6.0,0.353,0.34,0.304,0.291,0.45,0.452,0.485,0.485,3.87,36.206,8107837.0
0.14,6.0,0.353,0.34,0.304,0.291,0.45,0.452,0.485,0.485,3.87,36.206,8731517.0
0.15,6.0,0.353,0.34,0.304,0.291,0.45,0.452,0.485,0.485,3.87,36.206,9355197.0
0.16,6.0,0.353,0.34,0.304,0.291,0.45,0.452,0.485,0.485,3.87,36.206,9978877.0
0.17,6.0,0.353,0.34,0.304,0.291,0.45,0.452,0.485,0.485,3.87,36.206,10602560.0
0.18,6.0,0.353,0.34,0.304,0.291,0.45,0.452,0.485,0.485,3.87,36.206,11226240.0
0.19,6.0,0.353,0.34,0.304,0.291,0.45,0.452,0.485,0.485,3.87,36.206,11849920.0
0.2,6.0,0.353,0.34,0.304,0.29,0.45,0.452,0.485,0.485,3.87,36.206,12473600.0
0.21,6.0,0.352,0.34,0.303,0.29,0.45,0.452,0.485,0.485,3.87,36.206,13097280.0
0.22,6.0,0.352,0.339,0.303,0.29,0.45,0.452,0.485,0.485,3.87,36.206,13720960.0
0.23,6.0,0.352,0.339,0.303,0.29,0.45,0.452,0.485,0.485,3.87,36.206,14344640.0
0.24,6.0,0.352,0.339,0.303,0.29,0.45,0.452,0.485,0.485,3.87,36.206,14968320.0
0.25,6.0,0.352,0.339,0.303,0.29,0.45,0.452,0.485,0.485,3.87,36.206,15592000.0
0.26,6.0,0.352,0.339,0.303,0.29,0.45,0.452,0.485,0.485,3.87,36.206,16215670.0
0.27,6.0,0.352,0.339,0.303,0.29,0.45,0.452,0.485,0.485,3.87,36.206,16839360.0
0.28,6.0,0.352,0.339,0.303,0.29,0.45,0.452,0.485,0.485,3.87,36.206,17463030.0
0.29,6.0,0.352,0.339,0.303,0.29,0.45,0.452,0.485,0.485,3.87,36.206,18086710.0
0.3,6.0,0.352,0.339,0.303,0.29,0.45,0.452,0.485,0.485,3.87,36.206,18710390.0
0.31,6.0,0.352,0.339,0.303,0.29,0.45,0.452,0.485,0.485,3.87,36.206,19334070.0
0.32,6.0,0.352,0.339,0.303,0.29,0.45,0.452,0.485,0.485,3.87,36.206,19957750.0
0.33,6.0,0.352,0.339,0.303,0.29,0.45,0.452,0.485,0.485,3.87,36.206,20581430.0
0.34,6.0,0.352,0.339,0.303,0.29,0.45,0.452,0.485,0.485,3.87,36.206,21205110.0
0.35,6.0,0.352,0.339,0.303,0.29,0.45,0.452,0.485,0.485,3.87,36.206,21828790.0
0.36,6.0,0.352,0.339,0.303,0.29,0.45,0.452,0.485,0.485,3.87,36.206,22452470.0
0.37,6.0,0.352,0.339,0.303,0.29,0.45,0.452,0.485,0.485,3.87,36.206,23076150.0
0.38,6.0,0.352,0.339,0.303,0.29,0.45,0.452,0.485,0.485,3.87,36.206,23699830.0
0.39,6.0,0.352,0.339,0.303,0.29,0.45,0.452,0.485,0.485,3.87,36.206,24323510.0
0.4,6.0,0.352,0.339,0.303,0.29,0.45,0.452,0.485,0.485,3.87,36.206,24947190.0
0.41,6.0,0.352,0.339,0.303,0.29,0.45,0.452,0.485,0.485,3.87,36.206,25570870.0
0.42,6.0,0.352,0.339,0.303,0.29,0.45,0.452,0.485,0.485,3.87,36.206,26194550.0
0.43,6.0,0.352,0.339,0.303,0.29,0.45,0.452,0.485,0.485,3.87,36.206,26818230.0
0.44,6.0,0.352,0.339,0.303,0.29,0.45,0.452,0.485,0.485,3.87,36.206,27441910.0
0.45,6.0,0.352,0.339,0.303,0.29,0.45,0.452,0.485,0.485,3.87,36.206,28065590.0
0.46,6.0,0.352,0.339,0.303,0.29,0.45,0.452,0.485,0.485,3.87,36.206,28689270.0
0.47,6.0,0.352,0.339,0.303,0.29,0.45,0.452,0.485,0.485,3.87,36.206,29312950.0
0.48,6.0,0.352,0.339,0.303,0.289,0.45,0.452,0.485,0.485,3.87,36.206,29936630.0
0.49,6.0,0.351,0.339,0.302,0.289,0.45,0.452,0.485,0.485,3.87,36.206,30560310.0
0.5,6.0,0.351,0.338,0.302,0.289,0.45,0.452,0.485,0.485,3.87,36.206,31183990.0
0.51,6.0,0.351,0.338,0.302,0.289,0.45,0.452,0.485,0.485,3.87,36.206,31807670.0
0.52,6.0,0.351,0.338,0.302,0.289,0.45,0.452,0.485,0.485,3.87,36.206,32431350.0
0.53,6.0,0.351,0.338,0.302,0.289,0.45,0.452,0.485,0.485,3.87,36.206,33055030.0
0.54,6.0,0.351,0.338,0.302,0.289,0.45,0.452,0.485,0.485,3.87,36.206,33678710.0
0.55,6.0,0.351,0.338,0.302,0.289,0.45,0.452,0.485,0.485,3.87,36.206,34302390.0
0.56,6.0,0.351,0.338,0.302,0.289,0.45,0.452,0.485,0.485,3.87,36.206,34926070.0
0.57,6.0,0.351,0.338,0.302,0.289,0.45,0.452,0.485,0.485,3.87,36.206,35549750.0
0.58,6.0,0.351,0.338,0.302,0.289,0.45,0.452,0.485,0.485,3.87,36.206,36173430.0
0.59,6.0,0.351,0.338,0.302,0.289,0.45,0.452,0.485,0.485,3.87,36.206,36797110.0
0.6,6.0,0.351,0.338,0.302,0.289,0.45,0.452,0.485,0.485,3.87,36.206,37420790.0
0.61,6.0,0.351,0.337,0.302,0.288,0.45,0.452,0.485,0.485,3.87,36.206,38044470.0
0.62,6.0,0.351,0.337,0.302,0.288,0.45,0.452,0.485,0.485,3.87,36.206,38668150.0
0.63,6.0,0.351,0.337,0.302,0.288,0.45,0.452,0.485,0.485,3.87,36.206,39291830.0
0.64,6.0,0.351,0.336,0.302,0.287,0.45,0.452,0.485,0.485,3.87,36.206,39915510.0
0.65,6.0,0.351,0.336,0.302,0.287,0.45,0.452,0.485,0.485,3.87,36.206,40539180.0
0.66,6.0,0.351,0.336,0.302,0.287,0.45,0.452,0.485,0.485,3.87,36.206,41162870.0
0.67,6.0,0.351,0.336,0.302,0.286,0.45,0.452,0.485,0.485,3.87,36.206,41786550.0
0.68,6.0,0.351,0.335,0.302,0.286,0.45,0.452,0.485,0.485,3.87,36.206,42410230.0
0.69,6.0,0.351,0.335,0.302,0.286,0.45,0.452,0.485,0.485,3.87,36.206,43033900.0
0.7,6.0,0.351,0.335,0.302,0.286,0.45,0.452,0.485,0.485,3.87,36.206,43657580.0
0.71,6.0,0.351,0.334,0.302,0.285,0.45,0.452,0.485,0.485,3.87,36.206,44281260.0
0.72,6.0,0.351,0.334,0.302,0.285,0.451,0.452,0.485,0.485,3.87,36.206,44904950.0
0.73,6.0,0.351,0.334,0.302,0.285,0.451,0.452,0.485,0.485,3.87,36.206,45528630.0
0.74,6.0,0.351,0.333,0.302,0.284,0.451,0.452,0.485,0.485,3.87,36.206,46152300.0
0.75,6.0,0.351,0.333,0.302,0.284,0.451,0.452,0.485,0.485,3.87,36.206,46775980.0
0.76,6.0,0.351,0.333,0.302,0.284,0.451,0.452,0.485,0.485,3.87,36.206,47399660.0
0.77,6.0,0.351,0.333,0.301,0.283,0.451,0.452,0.485,0.485,3.87,36.206,48023340.0
0.78,6.0,0.35,0.332,0.301,0.283,0.451,0.452,0.485,0.485,3.87,36.206,48647020.0
0.79,6.0,0.35,0.332,0.301,0.283,0.451,0.452,0.485,0.485,3.87,36.206,49270700.0
0.8,6.0,0.35,0.332,0.301,0.283,0.451,0.453,0.485,0.485,3.87,36.206,49894380.0
0.81,6.0,0.35,0.331,0.301,0.282,0.451,0.453,0.485,0.485,3.87,36.206,50518060.0
0.82,6.0,0.35,0.331,0.301,0.282,0.451,0.453,0.485,0.485,3.87,36.206,51141740.0
0.83,6.0,0.35,0.331,0.301,0.282,0.451,0.453,0.485,0.485,3.87,36.206,51765420.0
0.84,6.0,0.35,0.33,0.301,0.281,0.451,0.453,0.485,0.485,3.87,36.206,52389100.0
0.85,6.0,0.35,0.33,0.301,0.281,0.451,0.453,0.485,0.485,3.87,36.206,53012780.0
0.86,6.0,0.35,0.33,0.301,0.281,0.451,0.453,0.485,0.485,3.87,36.206,53636460.0
0.87,6.0,0.35,0.33,0.301,0.28,0.451,0.453,0.485,0.485,3.87,36.206,54260140.0
0.88,6.0,0.35,0.329,0.301,0.28,0.451,0.453,0.485,0.485,3.87,36.206,54883820.0
0.89,6.0,0.35,0.329,0.301,0.28,0.451,0.453,0.485,0.485,3.87,36.206,55507500.0
0.9,6.0,0.35,0.329,0.301,0.28,0.451,0.453,0.485,0.485,3.87,36.206,56131180.0
0.91,6.0,0.352,0.33,0.303,0.281,0.447,0.45,0.482,0.482,3.85,36.076,56754860.0
0.92,6.0,0.358,0.336,0.309,0.287,0.444,0.446,0.478,0.478,3.83,35.946,57378540.0
0.93,6.0,0.369,0.346,0.321,0.298,0.439,0.442,0.475,0.475,3.81,35.816,58002220.0
0.94,6.0,0.382,0.358,0.335,0.311,0.435,0.437,0.472,0.472,3.78,35.686,58625900.0
0.95,6.0,0.396,0.371,0.349,0.324,0.43,0.433,0.469,0.469,3.76,35.556,59249580.0
0.96,6.0,0.41,0.383,0.363,0.336,0.426,0.428,0.466,0.466,3.74,35.426,59873260.0
0.97,6.0,0.423,0.396,0.377,0.349,0.421,0.424,0.463,0.463,3.72,35.296,60496940.0
0.98,6.0,0.437,0.408,0.391,0.362,0.416,0.419,0.46,0.46,3.7,35.166,61120620.0
0.99,6.0,0.451,0.421,0.405,0.375,0.412,0.415,0.457,0.457,3.67,35.036,61744300.0
1.0,6.0,0.464,0.433,0.419,0.388,0.407,0.411,0.454,0.454,3.65,34.906,62367980.0
1.01,6.0,0.478,0.446,0.433,0.401,0.403,0.406,0.45,0.45,3.63,34.776,62991660.0
1.02,6.0,0.492,0.458,0.447,0.414,0.398,0.402,0.447,0.447,3.61,34.646,63615340.0
1.03,6.0,0.505,0.47,0.461,0.426,0.394,0.397,0.444,0.444,3.59,34.516,64239020.0
1.04,6.0,0.519,0.483,0.476,0.439,0.389,0.393,0.441,0.441,3.57,34.386,64862700.0
1.05,6.0,0.533,0.495,0.49,0.452,0.384,0.388,0.438,0.438,3.54,34.256,65486380.0
1.06,6.0,0.532,0.495,0.489,0.451,0.384,0.388,0.438,0.438,3.55,34.141,66110060.0
1.07,6.0,0.531,0.494,0.488,0.451,0.384,0.388,0.437,0.437,3.56,34.03,66733740.0
1.08,6.0,0.53,0.493,0.487,0.45,0.384,0.388,0.437,0.437,3.57,33.923,67357420.0
1.09,6.0,0.529,0.492,0.486,0.449,0.383,0.387,0.436,0.436,3.58,33.818,67981100.0
1.1,6.0,0.528,0.492,0.485,0.448,0.383,0.387,0.436,0.436,3.59,33.715,68604780.0
1.11,6.0,0.527,0.491,0.484,0.448,0.382,0.386,0.435,0.435,3.59,33.613,69228460.0
1.12,6.0,0.526,0.49,0.483,0.447,0.382,0.386,0.435,0.435,3.6,33.514,69852140.0
1.13,6.0,0.525,0.489,0.482,0.446,0.381,0.385,0.434,0.434,3.61,33.415,70475820.0
1.14,6.0,0.524,0.488,0.482,0.445,0.381,0.384,0.433,0.433,3.61,33.317,71099500.0
1.15,6.0,0.523,0.488,0.481,0.445,0.38,0.384,0.433,0.433,3.62,33.22,71723180.0
1.16,6.0,0.521,0.486,0.479,0.443,0.38,0.383,0.432,0.432,3.62,33.124,72346860.0
1.17,6.0,0.52,0.484,0.477,0.442,0.379,0.383,0.431,0.431,3.63,33.029,72970540.0
1.18,6.0,0.518,0.482,0.475,0.44,0.378,0.382,0.431,0.431,3.64,32.934,73594220.0
1.19,6.0,0.516,0.481,0.474,0.438,0.378,0.382,0.43,0.43,3.64,32.839,74217900.0
1.2,6.0,0.514,0.479,0.472,0.437,0.377,0.381,0.429,0.429,3.65,32.745,74841580.0
1.21,6.0,0.512,0.477,0.47,0.435,0.377,0.38,0.428,0.428,3.65,32.652,75465260.0
1.22,6.0,0.51,0.475,0.468,0.433,0.376,0.38,0.427,0.427,3.65,32.558,76088940.0
1.23,6.0,0.508,0.473,0.466,0.431,0.375,0.379,0.426,0.426,3.66,32.465,76712620.0
1.24,6.0,0.507,0.472,0.465,0.429,0.375,0.378,0.426,0.426,3.66,32.372,77336300.0
1.25,6.0,0.505,0.47,0.463,0.428,0.374,0.378,0.425,0.425,3.67,32.279,77959980.0
1.26,6.0,0.503,0.468,0.461,0.426,0.373,0.377,0.424,0.424,3.67,32.186,78583660.0
1.27,6.0,0.501,0.466,0.459,0.424,0.373,0.376,0.423,0.423,3.68,32.093,79207340.0
1.28,6.0,0.499,0.464,0.458,0.422,0.372,0.376,0.422,0.422,3.68,32.0,79831020.0
1.29,6.0,0.498,0.462,0.456,0.421,0.371,0.375,0.421,0.421,3.68,31.907,80454690.0
1.3,6.0,0.496,0.461,0.454,0.419,0.371,0.374,0.42,0.42,3.69,31.814,81078370.0
1.31,6.0,0.494,0.459,0.453,0.417,0.37,0.373,0.419,0.419,3.69,31.722,81702050.0
1.32,6.0,0.492,0.457,0.451,0.416,0.369,0.373,0.418,0.418,3.7,31.629,82325740.0
1.33,6.0,0.49,0.455,0.449,0.414,0.368,0.372,0.418,0.418,3.7,31.536,82949420.0
1.34,6.0,0.489,0.454,0.447,0.412,0.368,0.371,0.417,0.417,3.7,31.443,83573100.0
1.35,6.0,0.487,0.452,0.446,0.411,0.367,0.37,0.416,0.416,3.71,31.349,84196780.0
1.36,6.0,0.485,0.45,0.444,0.409,0.366,0.37,0.415,0.415,3.71,31.256,84820460.0
1.37,6.0,0.483,0.448,0.442,0.407,0.365,0.369,0.414,0.414,3.71,31.162,85444140.0
1.38,6.0,0.481,0.446,0.441,0.406,0.364,0.368,0.413,0.413,3.72,31.069,86067810.0
1.39,6.0,0.48,0.445,0.439,0.404,0.364,0.367,0.412,0.412,3.72,30.975,86691490.0
1.4,6.0,0.478,0.443,0.437,0.402,0.363,0.366,0.411,0.411,3.72,30.881,87315170.0
1.41,6.0,0.476,0.441,0.436,0.401,0.362,0.366,0.41,0.41,3.73,30.787,87938850.0
1.42,6.0,0.475,0.44,0.434,0.399,0.361,0.365,0.409,0.409,3.73,30.692,88562530.0
1.43,6.0,0.473,0.438,0.433,0.397,0.36,0.364,0.408,0.408,3.73,30.597,89186210.0
1.44,6.0,0.471,0.436,0.431,0.396,0.36,0.363,0.407,0.407,3.73,30.503,89809900.0
1.45,6.0,0.469,0.434,0.429,0.394,0.359,0.362,0.406,0.406,3.73,30.407,90433580.0
1.46,6.0,0.468,0.433,0.428,0.392,0.358,0.362,0.405,0.405,3.73,30.312,91057260.0
1.47,6.0,0.466,0.431,0.426,0.391,0.357,0.361,0.404,0.404,3.72,30.216,91680940.0
1.48,6.0,0.464,0.429,0.424,0.389,0.356,0.36,0.403,0.403,3.72,30.12,92304610.0
1.49,6.0,0.463,0.428,0.423,0.388,0.355,0.359,0.402,0.402,3.72,30.024,92928290.0
1.5,6.0,0.461,0.426,0.421,0.386,0.354,0.358,0.401,0.401,3.72,29.927,93551970.0
1.51,6.0,0.459,0.424,0.42,0.384,0.354,0.357,0.4,0.4,3.71,29.83,94175650.0
1.52,6.0,0.458,0.422,0.418,0.383,0.353,0.356,0.399,0.399,3.71,29.733,94799330.0
1.53,6.0,0.456,0.421,0.417,0.381,0.352,0.356,0.398,0.398,3.71,29.635,95423010.0
1.54,6.0,0.454,0.419,0.415,0.38,0.351,0.355,0.397,0.397,3.7,29.537,96046690.0
1.55,6.0,0.453,0.417,0.413,0.378,0.35,0.354,0.396,0.396,3.7,29.439,96670370.0
1.56,6.0,0.451,0.416,0.412,0.377,0.349,0.353,0.394,0.394,3.7,29.34,97294050.0
1.57,6.0,0.449,0.414,0.41,0.375,0.348,0.352,0.393,0.393,3.69,29.241,97917730.0
1.58,6.0,0.448,0.413,0.409,0.374,0.347,0.351,0.392,0.392,3.69,29.141,98541410.0
1.59,6.0,0.446,0.411,0.407,0.372,0.347,0.35,0.391,0.391,3.69,29.042,99165090.0
1.6,6.0,0.444,0.409,0.406,0.37,0.346,0.349,0.39,0.39,3.69,28.941,99788770.0
1.61,6.0,0.443,0.408,0.404,0.369,0.345,0.348,0.389,0.389,3.68,28.841,100412400.0
1.62,6.0,0.441,0.406,0.403,0.367,0.344,0.348,0.388,0.388,3.68,28.739,101036100.0
1.63,6.0,0.439,0.404,0.401,0.366,0.343,0.347,0.387,0.387,3.68,28.638,101659800.0
1.64,6.0,0.438,0.403,0.4,0.364,0.342,0.346,0.386,0.386,3.67,28.536,102283500.0
1.65,6.0,0.436,0.401,0.398,0.363,0.341,0.345,0.385,0.385,3.67,28.434,102907200.0
1.66,6.0,0.435,0.4,0.397,0.361,0.34,0.344,0.384,0.384,3.67,28.331,103530800.0
1.67,6.0,0.433,0.398,0.395,0.36,0.339,0.343,0.383,0.383,3.66,28.227,104154500.0
1.68,6.0,0.431,0.396,0.394,0.358,0.338,0.342,0.382,0.382,3.66,28.124,104778200.0
1.69,6.0,0.43,0.395,0.392,0.357,0.337,0.341,0.38,0.38,3.65,28.019,105401900.0
1.7,6.0,0.428,0.393,0.391,0.355,0.336,0.34,0.379,0.379,3.65,27.915,106025600.0
1.71,6.0,0.427,0.392,0.389,0.354,0.335,0.339,0.378,0.378,3.65,27.809,106649200.0
1.72,6.0,0.425,0.39,0.388,0.353,0.335,0.338,0.377,0.377,3.64,27.704,107272900.0
1.73,6.0,0.423,0.388,0.386,0.351,0.334,0.337,0.376,0.376,3.64,27.597,107896600.0
1.74,6.0,0.422,0.387,0.385,0.35,0.333,0.336,0.375,0.375,3.64,27.49,108520300.0
1.75,6.0,0.42,0.385,0.383,0.348,0.332,0.335,0.374,0.374,3.63,27.383,109144000.0
1.76,6.0,0.419,0.384,0.382,0.347,0.331,0.334,0.373,0.373,3.63,27.275,109767600.0
1.77,6.0,0.417,0.382,0.381,0.345,0.33,0.333,0.372,0.372,3.63,27.167,110391300.0
1.78,6.0,0.416,0.381,0.379,0.344,0.329,0.332,0.37,0.37,3.62,27.058,111015000.0
1.79,6.0,0.414,0.379,0.378,0.342,0.328,0.331,0.369,0.369,3.62,26.948,111638700.0
1.8,6.0,0.413,0.378,0.376,0.341,0.327,0.331,0.368,0.368,3.61,26.838,112262400.0
1.81,6.0,0.411,0.376,0.375,0.34,0.326,0.33,0.367,0.367,3.61,26.728,112886000.0
1.82,6.0,0.41,0.375,0.373,0.338,0.325,0.329,0.366,0.366,3.61,26.616,113509700.0
1.83,6.0,0.408,0.373,0.372,0.337,0.324,0.328,0.365,0.365,3.6,26.505,114133400.0
1.84,6.0,0.407,0.372,0.371,0.335,0.323,0.327,0.364,0.364,3.6,26.392,114757100.0
1.85,6.0,0.405,0.37,0.369,0.334,0.322,0.326,0.363,0.363,3.59,26.279,115380800.0
1.86,6.0,0.404,0.369,0.368,0.333,0.321,0.325,0.361,0.361,3.59,26.165,116004400.0
1.87,6.0,0.402,0.367,0.366,0.331,0.32,0.324,0.36,0.36,3.59,26.051,116628100.0
1.88,6.0,0.401,0.366,0.365,0.33,0.319,0.323,0.359,0.359,3.58,25.936,117251800.0
1.89,6.0,0.399,0.364,0.364,0.328,0.318,0.322,0.358,0.358,3.58,25.82,117875500.0
1.9,6.0,0.398,0.363,0.362,0.327,0.317,0.321,0.357,0.357,3.57,25.704,118499200.0
1.91,6.0,0.396,0.361,0.361,0.326,0.316,0.32,0.356,0.356,3.57,25.587,119122800.0
1.92,6.0,0.395,0.36,0.36,0.324,0.315,0.319,0.354,0.354,3.57,25.469,119746500.0
1.93,6.0,0.393,0.358,0.358,0.323,0.314,0.318,0.353,0.353,3.56,25.351,120370200.0
1.94,6.0,0.392,0.357,0.357,0.322,0.313,0.317,0.352,0.352,3.56,25.232,120993900.0
1.95,6.0,0.39,0.355,0.355,0.32,0.312,0.316,0.351,0.351,3.55,25.112,121617600.0
1.96,6.0,0.389,0.354,0.354,0.319,0.311,0.315,0.35,0.35,3.55,24.992,122241200.0
1.97,6.0,0.387,0.352,0.353,0.318,0.31,0.313,0.349,0.349,3.55,24.871,122864900.0
1.98,6.0,0.386,0.351,0.351,0.316,0.309,0.312,0.347,0.347,3.54,24.749,123488600.0
1.99,6.0,0.384,0.349,0.35,0.315,0.308,0.311,0.346,0.346,3.54,24.626,124112300.0
2.0,6.0,0.383,0.348,0.349,0.313,0.307,0.31,0.345,0.345,3.53,24.502,124736000.0
2.01,6.0,0.382,0.346,0.348,0.312,0.306,0.309,0.344,0.344,3.53,24.378,125359600.0
2.02,6.0,0.38,0.345,0.346,0.311,0.305,0.308,0.343,0.343,3.52,24.253,125983300.0
2.03,6.0,0.379,0.343,0.345,0.309,0.304,0.307,0.342,0.342,3.52,24.127,126607000.0
2.04,6.0,0.378,0.342,0.344,0.308,0.303,0.306,0.34,0.34,3.52,24.001,127230700.0
2.05,6.0,0.376,0.341,0.343,0.307,0.301,0.305,0.339,0.339,3.51,23.873,127854400.0
2.06,6.0,0.375,0.339,0.341,0.305,0.3,0.304,0.338,0.338,3.51,23.745,128478000.0
2.07,6.0,0.374,0.338,0.34,0.304,0.299,0.303,0.337,0.337,3.5,23.616,129101700.0
2.08,6.0,0.372,0.336,0.339,0.303,0.298,0.302,0.336,0.336,3.5,23.486,129725400.0
2.09,6.0,0.371,0.335,0.338,0.302,0.297,0.301,0.334,0.334,3.49,23.355,130349100.0
2.1,6.0,0.37,0.333,0.337,0.3,0.296,0.3,0.333,0.333,3.49,23.223,130972800.0
2.11,6.0,0.368,0.332,0.335,0.299,0.295,0.299,0.332,0.332,3.48,23.091,131596400.0
2.12,6.0,0.367,0.331,0.334,0.298,0.294,0.298,0.331,0.331,3.48,22.957,132220100.0
2.13,6.0,0.366,0.329,0.333,0.296,0.293,0.297,0.33,0.33,3.48,22.823,132843800.0
2.14,6.0,0.364,0.328,0.332,0.295,0.292,0.296,0.328,0.328,3.47,22.687,133467500.0
2.15,6.0,0.363,0.327,0.331,0.294,0.291,0.295,0.327,0.327,3.47,22.551,134091200.0
2.16,6.0,0.362,0.325,0.33,0.293,0.29,0.294,0.326,0.326,3.46,22.414,134714800.0
2.17,6.0,0.361,0.324,0.329,0.292,0.289,0.292,0.325,0.325,3.46,22.275,135338500.0
2.18,6.0,0.359,0.323,0.327,0.29,0.287,0.291,0.323,0.323,3.45,22.136,135962200.0
2.19,6.0,0.358,0.321,0.326,0.289,0.286,0.29,0.322,0.322,3.45,21.996,136585900.0
2.2,6.0,0.357,0.32,0.325,0.288,0.285,0.289,0.321,0.321,3.44,21.855,137209600.0
2.21,6.0,0.356,0.318,0.324,0.287,0.284,0.288,0.32,0.32,3.44,21.712,137833200.0
2.22,6.0,0.354,0.317,0.323,0.285,0.283,0.287,0.319,0.319,3.43,21.569,138456900.0
2.23,6.0,0.353,0.316,0.322,0.284,0.282,0.286,0.317,0.317,3.43,21.425,139080600.0
2.24,6.0,0.352,0.315,0.321,0.283,0.281,0.285,0.316,0.316,3.42,21.279,139704300.0
2.25,6.0,0.351,0.313,0.32,0.282,0.28,0.284,0.315,0.315,3.42,21.133,140328000.0
2.26,6.0,0.35,0.312,0.318,0.281,0.279,0.283,0.314,0.314,3.41,20.985,140951600.0
2.27,6.0,0.348,0.311,0.317,0.279,0.278,0.282,0.312,0.312,3.41,20.836,141575300.0
2.28,6.0,0.347,0.309,0.316,0.278,0.276,0.28,0.311,0.311,3.4,20.686,142199000.0
2.29,6.0,0.346,0.308,0.315,0.277,0.276,0.28,0.31,0.31,3.4,20.554,142822700.0
2.3,6.0,0.345,0.307,0.314,0.276,0.275,0.279,0.31,0.31,3.4,20.433,143446400.0
2.31,6.0,0.344,0.306,0.313,0.275,0.275,0.279,0.309,0.309,3.4,20.311,144070000.0
2.32,6.0,0.343,0.304,0.312,0.274,0.274,0.278,0.308,0.308,3.41,20.19,144693700.0
2.33,6.0,0.341,0.303,0.311,0.273,0.274,0.278,0.308,0.308,3.41,20.068,145317400.0
2.34,6.0,0.34,0.302,0.31,0.271,0.273,0.277,0.307,0.307,3.41,19.946,145941100.0
2.35,6.0,0.339,0.301,0.309,0.27,0.272,0.277,0.306,0.306,3.41,19.824,146564800.0
2.36,6.0,0.338,0.3,0.308,0.269,0.272,0.276,0.306,0.306,3.41,19.701,147188400.0
2.37,6.0,0.337,0.298,0.307,0.268,0.271,0.275,0.305,0.305,3.41,19.578,147812100.0
2.38,6.0,0.336,0.297,0.306,0.267,0.271,0.275,0.304,0.304,3.41,19.455,148435800.0
2.39,6.0,0.335,0.296,0.305,0.266,0.27,0.274,0.304,0.304,3.41,19.332,149059500.0
2.4,6.0,0.334,0.295,0.304,0.265,0.271,0.275,0.304,0.304,3.41,19.341,149683200.0
2.41,6.0,0.333,0.294,0.303,0.264,0.272,0.276,0.305,0.305,3.41,19.377,150306800.0
2.42,6.0,0.332,0.293,0.302,0.262,0.272,0.276,0.306,0.306,3.41,19.414,150930500.0
2.43,6.0,0.331,0.292,0.301,0.261,0.273,0.277,0.306,0.306,3.41,19.45,151554200.0
2.44,6.0,0.33,0.291,0.3,0.26,0.274,0.278,0.307,0.307,3.41,19.486,152177900.0
2.45,6.0,0.329,0.29,0.299,0.259,0.275,0.279,0.307,0.307,3.41,19.523,152801600.0
2.46,6.0,0.328,0.289,0.298,0.258,0.275,0.279,0.308,0.308,3.41,19.56,153425200.0
2.47,6.0,0.327,0.288,0.297,0.258,0.276,0.28,0.309,0.309,3.41,19.597,154048900.0
2.48,6.0,0.327,0.288,0.296,0.257,0.277,0.281,0.309,0.309,3.42,19.634,154672600.0
2.49,6.0,0.326,0.287,0.295,0.256,0.277,0.282,0.31,0.31,3.42,19.67,155296300.0
2.5,6.0,0.325,0.286,0.294,0.255,0.278,0.282,0.311,0.311,3.42,19.708,155920000.0
2.51,6.0,0.324,0.286,0.293,0.254,0.279,0.283,0.311,0.311,3.42,19.745,156543600.0
2.52,6.0,0.323,0.285,0.292,0.254,0.28,0.284,0.312,0.312,3.42,19.782,157167300.0
2.53,6.0,0.322,0.284,0.291,0.253,0.28,0.284,0.312,0.312,3.42,19.819,157791000.0
2.54,6.0,0.321,0.283,0.29,0.252,0.281,0.285,0.313,0.313,3.42,19.857,158414700.0
2.55,6.0,0.32,0.283,0.289,0.251,0.282,0.286,0.314,0.314,3.42,19.894,159038400.0
2.56,6.0,0.319,0.282,0.288,0.251,0.282,0.286,0.314,0.314,3.42,19.932,159662000.0
2.57,6.0,0.319,0.281,0.287,0.25,0.283,0.287,0.315,0.315,3.42,19.97,160285700.0
2.58,6.0,0.318,0.281,0.286,0.249,0.284,0.288,0.316,0.316,3.42,20.008,160909400.0
2.59,6.0,0.317,0.28,0.285,0.248,0.285,0.288,0.316,0.316,3.42,20.046,161533100.0
2.6,6.0,0.316,0.279,0.284,0.248,0.285,0.289,0.317,0.317,3.42,20.083,162156700.0
2.61,6.0,0.315,0.279,0.284,0.247,0.286,0.29,0.317,0.317,3.42,20.122,162780400.0
2.62,6.0,0.314,0.278,0.283,0.246,0.287,0.29,0.318,0.318,3.42,20.16,163404100.0
2.63,6.0,0.313,0.277,0.282,0.245,0.287,0.291,0.319,0.319,3.42,20.198,164027800.0
2.64,6.0,0.313,0.277,0.281,0.245,0.288,0.292,0.319,0.319,3.42,20.236,164651500.0
2.65,6.0,0.312,0.276,0.28,0.244,0.289,0.292,0.32,0.32,3.42,20.275,165275200.0
2.66,6.0,0.311,0.275,0.279,0.243,0.289,0.293,0.32,0.32,3.42,20.313,165898800.0
2.67,6.0,0.31,0.275,0.278,0.243,0.29,0.294,0.321,0.321,3.42,20.352,166522500.0
2.68,6.0,0.309,0.274,0.277,0.242,0.291,0.294,0.322,0.322,3.42,20.39,167146200.0
2.69,6.0,0.309,0.274,0.276,0.241,0.291,0.295,0.322,0.322,3.42,20.429,167769900.0
2.7,6.0,0.308,0.273,0.276,0.241,0.292,0.296,0.323,0.323,3.42,20.468,168393600.0
2.71,6.0,0.307,0.272,0.275,0.24,0.293,0.296,0.323,0.323,3.42,20.507,169017200.0
2.72,6.0,0.306,0.272,0.274,0.239,0.293,0.297,0.324,0.324,3.42,20.545,169640900.0
2.73,6.0,0.305,0.271,0.273,0.238,0.294,0.298,0.324,0.324,3.42,20.584,170264600.0
2.74,6.0,0.305,0.27,0.272,0.238,0.295,0.298,0.325,0.325,3.42,20.623,170888300.0
2.75,6.0,0.304,0.27,0.271,0.237,0.295,0.299,0.326,0.326,3.42,20.663,171512000.0
2.76,6.0,0.303,0.269,0.27,0.236,0.296,0.3,0.326,0.326,3.42,20.702,172135600.0
2.77,6.0,0.302,0.269,0.27,0.236,0.297,0.3,0.327,0.327,3.42,20.741,172759300.0
2.78,6.0,0.301,0.268,0.269,0.235,0.297,0.301,0.327,0.327,3.42,20.78,173383000.0
2.79,6.0,0.301,0.268,0.268,0.235,0.298,0.302,0.328,0.328,3.42,20.82,174006700.0
2.8,6.0,0.3,0.267,0.267,0.234,0.299,0.302,0.328,0.328,3.42,20.859,174630300.0
2.81,6.0,0.299,0.266,0.266,0.233,0.299,0.303,0.329,0.329,3.42,20.899,175254000.0
2.82,6.0,0.298,0.266,0.265,0.233,0.3,0.303,0.329,0.329,3.42,20.938,175877700.0
2.83,6.0,0.298,0.265,0.265,0.232,0.301,0.304,0.33,0.33,3.42,20.978,176501400.0
2.84,6.0,0.297,0.265,0.264,0.231,0.301,0.305,0.331,0.331,3.42,21.018,177125100.0
2.85,6.0,0.296,0.264,0.263,0.231,0.302,0.305,0.331,0.331,3.42,21.058,177748700.0
2.86,6.0,0.295,0.263,0.262,0.23,0.302,0.306,0.332,0.332,3.42,21.097,178372400.0
2.87,6.0,0.295,0.263,0.261,0.229,0.303,0.306,0.332,0.332,3.42,21.137,178996100.0
2.88,6.0,0.294,0.262,0.26,0.229,0.304,0.307,0.333,0.333,3.42,21.177,179619800.0
2.89,6.0,0.293,0.262,0.26,0.228,0.304,0.308,0.333,0.333,3.41,21.217,180243500.0
2.9,6.0,0.292,0.261,0.259,0.228,0.305,0.308,0.334,0.334,3.41,21.258,180867200.0
2.91,6.0,0.292,0.261,0.258,0.227,0.306,0.309,0.334,0.334,3.41,21.298,181490800.0
2.92,6.0,0.291,0.26,0.257,0.226,0.306,0.309,0.335,0.335,3.41,21.338,182114500.0
2.93,6.0,0.29,0.26,0.257,0.226,0.307,0.31,0.335,0.335,3.41,21.378,182738200.0
2.94,6.0,0.29,0.259,0.256,0.225,0.307,0.311,0.336,0.336,3.41,21.419,183361900.0
2.95,6.0,0.289,0.259,0.255,0.225,0.308,0.311,0.337,0.337,3.41,21.459,183985500.0
2.96,6.0,0.288,0.258,0.254,0.224,0.309,0.312,0.337,0.337,3.41,21.499,184609200.0
2.97,6.0,0.287,0.258,0.253,0.223,0.309,0.312,0.338,0.338,3.41,21.54,185232900.0
2.98,6.0,0.287,0.257,0.253,0.223,0.31,0.313,0.338,0.338,3.41,21.58,185856600.0
2.99,6.0,0.286,0.257,0.252,0.222,0.31,0.314,0.339,0.339,3.41,21.621,186480300.0
3.0,6.0,0.285,0.256,0.251,0.222,0.311,0.314,0.339,0.339,3.41,21.662,187103900.0
3.01,6.0,0.285,0.256,0.251,0.221,0.312,0.315,0.34,0.34,3.41,21.702,187727600.0
3.02,6.0,0.284,0.255,0.25,0.221,0.312,0.315,0.34,0.34,3.41,21.743,188351300.0
3.03,6.0,0.283,0.254,0.249,0.22,0.313,0.316,0.341,0.341,3.41,21.784,188975000.0
3.04,6.0,0.283,0.254,0.249,0.219,0.313,0.316,0.341,0.341,3.41,21.825,189598700.0
3.05,6.0,0.282,0.253,0.248,0.219,0.314,0.317,0.342,0.342,3.41,21.866,190222300.0
3.06,6.0,0.282,0.253,0.247,0.218,0.315,0.318,0.342,0.342,3.4,21.907,190846000.0
3.07,6.0,0.281,0.252,0.247,0.218,0.315,0.318,0.343,0.343,3.4,21.948,191469700.0
3.08,6.0,0.28,0.252,0.246,0.217,0.316,0.319,0.343,0.343,3.4,21.989,192093400.0
3.09,6.0,0.28,0.251,0.245,0.217,0.316,0.319,0.344,0.344,3.4,22.03,192717100.0
3.1,6.0,0.279,0.251,0.245,0.216,0.317,0.32,0.344,0.344,3.4,22.071,193340700.0
3.11,6.0,0.279,0.25,0.244,0.216,0.317,0.32,0.345,0.345,3.4,22.112,193964400.0
3.12,6.0,0.278,0.25,0.243,0.215,0.318,0.321,0.345,0.345,3.4,22.154,194588100.0
3.13,6.0,0.278,0.249,0.243,0.214,0.319,0.321,0.346,0.346,3.4,22.195,195211800.0
3.14,6.0,0.277,0.249,0.242,0.214,0.319,0.322,0.346,0.346,3.4,22.236,195835500.0
3.15,6.0,0.276,0.248,0.241,0.213,0.32,0.323,0.347,0.347,3.4,22.278,196459100.0
3.16,6.0,0.276,0.248,0.241,0.213,0.32,0.323,0.347,0.347,3.4,22.319,197082800.0
3.17,6.0,0.275,0.248,0.24,0.212,0.321,0.324,0.348,0.348,3.4,22.361,197706500.0
3.18,6.0,0.275,0.247,0.24,0.212,0.321,0.324,0.348,0.348,3.39,22.402,198330200.0
3.19,6.0,0.274,0.247,0.239,0.211,0.322,0.325,0.349,0.349,3.39,22.444,198953900.0
3.2,6.0,0.274,0.246,0.238,0.211,0.322,0.325,0.349,0.349,3.39,22.485,199577500.0
3.21,6.0,0.273,0.246,0.238,0.21,0.323,0.326,0.35,0.35,3.39,22.527,200201200.0
3.22,6.0,0.272,0.245,0.237,0.21,0.323,0.326,0.35,0.35,3.39,22.569,200824900.0
3.23,6.0,0.272,0.245,0.236,0.209,0.324,0.327,0.351,0.351,3.39,22.611,201448600.0
3.24,6.0,0.271,0.244,0.236,0.209,0.325,0.327,0.351,0.351,3.39,22.652,202072300.0
3.25,6.0,0.271,0.244,0.235,0.208,0.325,0.328,0.352,0.352,3.39,22.694,202695900.0
3.26,6.0,0.27,0.243,0.235,0.208,0.326,0.328,0.352,0.352,3.39,22.736,203319600.0
3.27,6.0,0.27,0.243,0.234,0.207,0.326,0.329,0.353,0.353,3.38,22.778,203943300.0
3.28,6.0,0.269,0.242,0.233,0.207,0.327,0.329,0.353,0.353,3.38,22.82,204567000.0
3.29,6.0,0.269,0.242,0.233,0.206,0.327,0.33,0.353,0.353,3.38,22.862,205190700.0
3.3,6.0,0.268,0.242,0.232,0.206,0.328,0.331,0.354,0.354,3.38,22.904,205814300.0
3.31,6.0,0.267,0.241,0.232,0.205,0.328,0.331,0.354,0.354,3.38,22.946,206438000.0
3.32,6.0,0.267,0.241,0.231,0.205,0.329,0.332,0.355,0.355,3.38,22.988,207061700.0
3.33,6.0,0.266,0.24,0.231,0.204,0.329,0.332,0.355,0.355,3.38,23.03,207685400.0
3.34,6.0,0.266,0.24,0.23,0.204,0.33,0.333,0.356,0.356,3.38,23.073,208309000.0
3.35,6.0,0.265,0.239,0.229,0.203,0.33,0.333,0.356,0.356,3.38,23.115,208932700.0
3.36,6.0,0.265,0.239,0.229,0.203,0.331,0.334,0.357,0.357,3.37,23.157,209556400.0
3.37,6.0,0.264,0.238,0.228,0.202,0.331,0.334,0.357,0.357,3.37,23.199,210180100.0
3.38,6.0,0.264,0.238,0.228,0.202,0.332,0.335,0.358,0.358,3.37,23.242,210803800.0
3.39,6.0,0.263,0.238,0.227,0.201,0.332,0.335,0.358,0.358,3.37,23.284,211427500.0
3.4,6.0,0.263,0.237,0.227,0.201,0.333,0.336,0.359,0.359,3.37,23.327,212051100.0
3.41,6.0,0.262,0.237,0.226,0.2,0.333,0.336,0.359,0.359,3.37,23.369,212674800.0
3.42,6.0,0.262,0.236,0.225,0.2,0.334,0.337,0.359,0.359,3.37,23.412,213298500.0
3.43,6.0,0.261,0.236,0.225,0.199,0.334,0.337,0.36,0.36,3.36,23.454,213922200.0
3.44,6.0,0.261,0.236,0.224,0.199,0.335,0.338,0.36,0.36,3.37,23.523,214545900.0
3.45,6.0,0.26,0.235,0.224,0.199,0.336,0.338,0.361,0.361,3.37,23.565,215169500.0
3.46,6.0,0.26,0.235,0.223,0.198,0.336,0.339,0.362,0.362,3.36,23.608,215793200.0
3.47,6.0,0.259,0.234,0.223,0.198,0.337,0.339,0.362,0.362,3.36,23.651,216416900.0
3.48,6.0,0.259,0.234,0.222,0.197,0.337,0.34,0.363,0.363,3.36,23.694,217040600.0
3.49,6.0,0.258,0.234,0.222,0.197,0.338,0.341,0.363,0.363,3.36,23.736,217664300.0
3.5,6.0,0.258,0.233,0.221,0.196,0.339,0.341,0.364,0.364,3.36,23.779,218287900.0
3.51,6.0,0.257,0.233,0.22,0.196,0.339,0.342,0.364,0.364,3.36,23.822,218911600.0
3.52,6.0,0.257,0.232,0.22,0.195,0.34,0.342,0.365,0.365,3.36,23.865,219535300.0
3.53,6.0,0.256,0.232,0.219,0.195,0.34,0.343,0.365,0.365,3.36,23.908,220159000.0
3.54,6.0,0.256,0.232,0.219,0.195,0.341,0.344,0.366,0.366,3.36,23.951,220782600.0
3.55,6.0,0.255,0.231,0.218,0.194,0.342,0.344,0.366,0.366,3.36,23.994,221406300.0
3.56,6.0,0.255,0.231,0.218,0.194,0.342,0.345,0.367,0.367,3.36,24.037,222030000.0
3.57,6.0,0.255,0.231,0.217,0.193,0.343,0.345,0.367,0.367,3.36,24.08,222653700.0
3.58,6.0,0.254,0.23,0.217,0.193,0.343,0.346,0.368,0.368,3.36,24.123,223277400.0
3.59,6.0,0.254,0.23,0.216,0.192,0.344,0.346,0.369,0.369,3.36,24.167,223901000.0
3.6,6.0,0.253,0.23,0.216,0.192,0.345,0.347,0.369,0.369,3.37,24.21,224524700.0
3.61,6.0,0.253,0.229,0.215,0.192,0.345,0.348,0.37,0.37,3.37,24.253,225148400.0
3.62,6.0,0.252,0.229,0.215,0.191,0.346,0.348,0.37,0.37,3.38,24.296,225772100.0
3.63,6.0,0.252,0.228,0.214,0.191,0.346,0.349,0.371,0.371,3.38,24.34,226395800.0
3.64,6.0,0.251,0.228,0.214,0.19,0.347,0.349,0.371,0.371,3.39,24.383,227019500.0
3.65,6.0,0.251,0.228,0.213,0.19,0.347,0.35,0.372,0.372,3.39,24.426,227643100.0
3.66,6.0,0.25,0.227,0.213,0.19,0.348,0.35,0.372,0.372,3.4,24.47,228266800.0
3.67,6.0,0.25,0.227,0.212,0.189,0.349,0.351,0.373,0.373,3.4,24.513,228890500.0
3.68,6.0,0.25,0.227,0.212,0.189,0.349,0.352,0.373,0.373,3.41,24.557,229514200.0
3.69,6.0,0.249,0.226,0.211,0.188,0.35,0.352,0.374,0.374,3.41,24.6,230137900.0
3.7,6.0,0.249,0.226,0.211,0.188,0.35,0.353,0.374,0.374,3.42,24.644,230761500.0
3.71,6.0,0.248,0.226,0.21,0.188,0.351,0.353,0.375,0.375,3.42,24.687,231385200.0
3.72,6.0,0.248,0.225,0.21,0.187,0.352,0.354,0.376,0.376,3.43,24.731,232008900.0
3.73,6.0,0.247,0.225,0.209,0.187,0.352,0.354,0.376,0.376,3.43,24.775,232632600.0
3.74,6.0,0.247,0.225,0.209,0.186,0.353,0.355,0.377,0.377,3.44,24.818,233256200.0
3.75,6.0,0.247,0.224,0.208,0.186,0.353,0.356,0.377,0.377,3.44,24.862,233879900.0
3.76,6.0,0.246,0.224,0.208,0.186,0.354,0.356,0.378,0.378,3.45,24.906,234503600.0
3.77,6.0,0.246,0.224,0.207,0.185,0.354,0.357,0.378,0.378,3.45,24.949,235127300.0
3.78,6.0,0.245,0.223,0.207,0.185,0.355,0.357,0.379,0.379,3.46,24.993,235751000.0
3.79,6.0,0.245,0.223,0.206,0.184,0.356,0.358,0.379,0.379,3.46,25.037,236374600.0
3.8,6.0,0.245,0.223,0.206,0.184,0.356,0.358,0.38,0.38,3.47,25.081,236998300.0
3.81,6.0,0.244,0.222,0.206,0.184,0.357,0.359,0.38,0.38,3.47,25.125,237622000.0
3.82,6.0,0.244,0.222,0.205,0.183,0.357,0.36,0.381,0.381,3.48,25.169,238245700.0
3.83,6.0,0.243,0.222,0.205,0.183,0.359,0.361,0.382,0.382,3.48,25.274,238869400.0
3.84,6.0,0.243,0.222,0.204,0.183,0.362,0.364,0.385,0.385,3.49,25.502,239493000.0
3.85,6.0,0.243,0.222,0.204,0.182,0.364,0.367,0.388,0.388,3.49,25.726,240116700.0
3.86,6.0,0.243,0.222,0.203,0.182,0.367,0.369,0.391,0.391,3.5,25.948,240740400.0
3.87,6.0,0.243,0.222,0.203,0.181,0.37,0.372,0.393,0.393,3.5,26.167,241364100.0
3.88,6.0,0.243,0.221,0.202,0.181,0.373,0.375,0.396,0.396,3.51,26.382,241987800.0
3.89,6.0,0.242,0.221,0.202,0.181,0.376,0.378,0.399,0.399,3.51,26.595,242611500.0
3.9,6.0,0.242,0.221,0.201,0.18,0.379,0.381,0.402,0.402,3.52,26.805,243235100.0
3.91,6.0,0.242,0.221,0.201,0.18,0.382,0.384,0.405,0.405,3.52,27.012,243858800.0
3.92,6.0,0.242,0.221,0.201,0.179,0.384,0.387,0.408,0.408,3.53,27.216,244482500.0
3.93,6.0,0.242,0.221,0.2,0.179,0.387,0.39,0.41,0.41,3.54,27.418,245106200.0
3.94,6.0,0.242,0.221,0.2,0.179,0.39,0.392,0.413,0.413,3.54,27.617,245729800.0
3.95,6.0,0.242,0.221,0.199,0.178,0.393,0.395,0.416,0.416,3.55,27.813,246353500.0
3.96,6.0,0.241,0.221,0.199,0.178,0.396,0.398,0.419,0.419,3.55,28.007,246977200.0
3.97,6.0,0.241,0.221,0.198,0.178,0.399,0.401,0.422,0.422,3.56,28.198,247600900.0
3.98,6.0,0.241,0.221,0.198,0.177,0.402,0.404,0.425,0.425,3.56,28.387,248224600.0
3.99,6.0,0.241,0.221,0.197,0.177,0.405,0.407,0.427,0.427,3.57,28.574,248848200.0
4.0,6.0,0.241,0.22,0.197,0.176,0.407,0.41,0.43,0.43,3.57,28.758,249471900.0
4.01,6.0,0.241,0.22,0.197,0.176,0.41,0.412,0.433,0.433,3.58,28.94,250095600.0
4.02,6.0,0.241,0.22,0.196,0.176,0.413,0.415,0.436,0.436,3.58,29.12,250719300.0
4.03,6.0,0.241,0.22,0.196,0.175,0.416,0.418,0.439,0.439,3.59,29.298,251343000.0
4.04,6.0,0.24,0.22,0.195,0.175,0.419,0.421,0.442,0.442,3.59,29.473,251966600.0
4.05,6.0,0.24,0.22,0.195,0.175,0.422,0.424,0.444,0.444,3.6,29.647,252590300.0
4.06,6.0,0.24,0.22,0.194,0.174,0.425,0.427,0.447,0.447,3.6,29.818,253214000.0
4.07,6.0,0.24,0.22,0.194,0.174,0.427,0.43,0.45,0.45,3.61,29.987,253837700.0
4.08,6.0,0.24,0.22,0.194,0.174,0.43,0.432,0.453,0.453,3.61,30.155,254461400.0
4.09,6.0,0.24,0.22,0.193,0.173,0.433,0.435,0.456,0.456,3.62,30.32,255085000.0
4.1,6.0,0.24,0.22,0.193,0.173,0.436,0.438,0.459,0.459,3.62,30.483,255708700.0
4.11,6.0,0.24,0.22,0.192,0.173,0.439,0.441,0.461,0.461,3.63,30.645,256332400.0
4.12,6.0,0.239,0.22,0.192,0.172,0.442,0.444,0.464,0.464,3.63,30.805,256956100.0
4.13,6.0,0.239,0.22,0.192,0.172,0.445,0.447,0.467,0.467,3.64,30.962,257579800.0
4.14,6.0,0.239,0.22,0.191,0.172,0.447,0.449,0.47,0.47,3.64,31.119,258203400.0
4.15,6.0,0.239,0.22,0.191,0.171,0.45,0.452,0.473,0.473,3.65,31.273,258827100.0
4.16,6.0,0.239,0.22,0.19,0.171,0.453,0.455,0.476,0.476,3.65,31.426,259450800.0
4.17,6.0,0.239,0.22,0.19,0.17,0.456,0.458,0.478,0.478,3.66,31.577,260074500.0
4.18,6.0,0.239,0.22,0.19,0.17,0.459,0.461,0.481,0.481,3.66,31.726,260698100.0
4.19,6.0,0.239,0.22,0.189,0.17,0.462,0.464,0.484,0.484,3.67,31.874,261321800.0
4.2,6.0,0.239,0.219,0.189,0.169,0.465,0.467,0.487,0.487,3.67,32.02,261945500.0
4.21,6.0,0.239,0.219,0.188,0.169,0.467,0.469,0.49,0.49,3.68,32.164,262569200.0
4.22,6.0,0.238,0.219,0.188,0.169,0.47,0.472,0.493,0.493,3.68,32.307,263192900.0
4.23,6.0,0.238,0.219,0.188,0.169,0.473,0.475,0.495,0.495,3.69,32.443,263816600.0
4.24,6.0,0.238,0.219,0.187,0.168,0.475,0.477,0.497,0.497,3.68,32.572,264440200.0
4.25,6.0,0.238,0.219,0.187,0.168,0.477,0.479,0.5,0.5,3.68,32.7,265063900.0
4.26,6.0,0.238,0.219,0.186,0.168,0.479,0.481,0.502,0.502,3.68,32.826,265687600.0
4.27,6.0,0.238,0.219,0.186,0.167,0.482,0.484,0.504,0.504,3.68,32.951,266311300.0
4.28,6.0,0.238,0.219,0.186,0.167,0.484,0.486,0.506,0.506,3.68,33.075,266935000.0
4.29,6.0,0.237,0.219,0.185,0.167,0.486,0.488,0.508,0.508,3.68,33.198,267558600.0
4.3,6.0,0.237,0.219,0.185,0.166,0.488,0.49,0.51,0.51,3.67,33.319,268182300.0
4.31,6.0,0.237,0.219,0.185,0.166,0.49,0.492,0.512,0.512,3.67,33.439,268806000.0
4.32,6.0,0.237,0.218,0.184,0.166,0.492,0.494,0.514,0.514,3.67,33.558,269429700.0
4.33,6.0,0.237,0.218,0.184,0.165,0.495,0.496,0.517,0.517,3.67,33.675,270053300.0
4.34,6.0,0.237,0.218,0.183,0.165,0.497,0.499,0.519,0.519,3.67,33.792,270677100.0
4.35,6.0,0.237,0.218,0.183,0.165,0.499,0.501,0.521,0.521,3.67,33.907,271300700.0
4.36,6.0,0.236,0.218,0.183,0.164,0.501,0.503,0.523,0.523,3.66,34.021,271924400.0
4.37,6.0,0.236,0.218,0.182,0.164,0.503,0.505,0.525,0.525,3.66,34.134,272548100.0
4.38,6.0,0.236,0.218,0.182,0.164,0.505,0.507,0.527,0.527,3.66,34.246,273171700.0
4.39,6.0,0.236,0.218,0.182,0.163,0.507,0.509,0.529,0.529,3.66,34.357,273795400.0
4.4,6.0,0.236,0.218,0.181,0.163,0.51,0.512,0.531,0.531,3.66,34.467,274419100.0
4.41,6.0,0.236,0.218,0.181,0.163,0.512,0.514,0.534,0.534,3.66,34.576,275042800.0
4.42,6.0,0.236,0.218,0.181,0.163,0.514,0.516,0.536,0.536,3.65,34.683,275666500.0
4.43,6.0,0.235,0.218,0.18,0.162,0.516,0.518,0.538,0.538,3.65,34.79,276290100.0
4.44,6.0,0.235,0.218,0.18,0.162,0.518,0.52,0.54,0.54,3.65,34.896,276913800.0
4.45,6.0,0.235,0.218,0.179,0.162,0.52,0.522,0.542,0.542,3.65,35.0,277537500.0
4.46,6.0,0.235,0.218,0.179,0.162,0.523,0.524,0.544,0.544,3.65,35.104,278161200.0
4.47,6.0,0.235,0.218,0.179,0.161,0.525,0.526,0.546,0.546,3.65,35.207,278784900.0
4.48,6.0,0.235,0.217,0.178,0.161,0.527,0.529,0.548,0.548,3.64,35.308,279408500.0
4.49,6.0,0.235,0.217,0.178,0.161,0.529,0.531,0.551,0.551,3.64,35.409,280032200.0
4.5,6.0,0.234,0.217,0.178,0.16,0.531,0.533,0.553,0.553,3.64,35.509,280655900.0
4.51,6.0,0.234,0.217,0.177,0.16,0.533,0.535,0.555,0.555,3.64,35.608,281279600.0
4.52,6.0,0.234,0.217,0.177,0.16,0.535,0.537,0.557,0.557,3.64,35.706,281903300.0
4.53,6.0,0.234,0.217,0.177,0.16,0.538,0.539,0.559,0.559,3.63,35.803,282527000.0
4.54,6.0,0.234,0.217,0.176,0.159,0.54,0.541,0.561,0.561,3.63,35.899,283150600.0
4.55,6.0,0.234,0.217,0.176,0.159,0.542,0.544,0.563,0.563,3.63,35.994,283774300.0
4.56,6.0,0.234,0.217,0.176,0.159,0.544,0.546,0.565,0.565,3.63,36.089,284398000.0
4.57,6.0,0.234,0.217,0.175,0.159,0.546,0.548,0.568,0.568,3.63,36.182,285021700.0
4.58,6.0,0.234,0.217,0.175,0.158,0.548,0.55,0.57,0.57,3.63,36.275,285645300.0
4.59,6.0,0.233,0.217,0.175,0.158,0.55,0.552,0.572,0.572,3.62,36.367,286269000.0
4.6,6.0,0.233,0.217,0.174,0.158,0.553,0.554,0.574,0.574,3.62,36.458,286892700.0
4.61,6.0,0.233,0.217,0.174,0.158,0.555,0.556,0.576,0.576,3.62,36.549,287516400.0
4.62,6.0,0.233,0.217,0.174,0.157,0.557,0.558,0.578,0.578,3.62,36.638,288140100.0
4.63,6.0,0.233,0.217,0.173,0.157,0.559,0.561,0.58,0.58,3.62,36.727,288763700.0
4.64,6.0,0.233,0.217,0.173,0.157,0.561,0.563,0.582,0.582,3.62,36.815,289387400.0
4.65,6.0,0.233,0.217,0.173,0.157,0.563,0.565,0.584,0.584,3.61,36.902,290011100.0
4.66,6.0,0.233,0.217,0.172,0.156,0.565,0.567,0.587,0.587,3.61,36.989,290634800.0
4.67,6.0,0.233,0.217,0.172,0.156,0.567,0.569,0.589,0.589,3.61,37.074,291258500.0
4.68,6.0,0.232,0.217,0.172,0.156,0.57,0.571,0.591,0.591,3.61,37.159,291882100.0
4.69,6.0,0.232,0.217,0.171,0.156,0.572,0.573,0.593,0.593,3.61,37.244,292505800.0
4.7,6.0,0.232,0.217,0.171,0.155,0.574,0.576,0.595,0.595,3.6,37.327,293129500.0
4.71,6.0,0.232,0.217,0.171,0.155,0.576,0.578,0.597,0.597,3.6,37.41,293753200.0
4.72,6.0,0.232,0.217,0.17,0.155,0.578,0.58,0.599,0.599,3.6,37.492,294376900.0
4.73,6.0,0.232,0.217,0.17,0.155,0.58,0.582,0.601,0.601,3.6,37.573,295000500.0
4.74,6.0,0.232,0.216,0.17,0.154,0.582,0.584,0.603,0.603,3.6,37.654,295624200.0
4.75,6.0,0.232,0.216,0.169,0.154,0.585,0.586,0.606,0.606,3.6,37.734,296247900.0
4.76,6.0,0.232,0.216,0.169,0.154,0.587,0.588,0.608,0.608,3.59,37.814,296871600.0
4.77,6.0,0.231,0.216,0.169,0.154,0.589,0.59,0.61,0.61,3.59,37.893,297495300.0
4.78,6.0,0.231,0.216,0.168,0.153,0.591,0.593,0.612,0.612,3.59,37.971,298118900.0
4.79,6.0,0.231,0.216,0.168,0.153,0.592,0.593,0.613,0.613,3.59,38.01,298742600.0
4.8,6.0,0.231,0.216,0.168,0.153,0.592,0.593,0.613,0.613,3.59,38.027,299366300.0
4.81,6.0,0.231,0.216,0.167,0.153,0.592,0.594,0.613,0.613,3.58,38.043,299990000.0
4.82,6.0,0.23,0.215,0.167,0.152,0.592,0.594,0.613,0.613,3.58,38.06,300613700.0
4.83,6.0,0.23,0.215,0.167,0.152,0.592,0.594,0.613,0.613,3.58,38.077,301237300.0
4.84,6.0,0.23,0.215,0.166,0.152,0.592,0.594,0.613,0.613,3.58,38.094,301861000.0
4.85,6.0,0.229,0.215,0.166,0.152,0.592,0.594,0.613,0.613,3.58,38.11,302484700.0
4.86,6.0,0.229,0.215,0.166,0.151,0.592,0.594,0.613,0.613,3.58,38.127,303108400.0
4.87,6.0,0.229,0.214,0.166,0.151,0.593,0.594,0.613,0.613,3.57,38.143,303732100.0
4.88,6.0,0.228,0.214,0.165,0.151,0.593,0.594,0.613,0.613,3.57,38.159,304355700.0
4.89,6.0,0.228,0.214,0.165,0.151,0.593,0.594,0.613,0.613,3.57,38.176,304979400.0
4.9,6.0,0.228,0.214,0.165,0.15,0.593,0.594,0.613,0.613,3.57,38.192,305603100.0
4.91,6.0,0.228,0.213,0.164,0.15,0.593,0.595,0.614,0.614,3.57,38.208,306226800.0
4.92,6.0,0.227,0.213,0.164,0.15,0.593,0.595,0.614,0.614,3.56,38.224,306850500.0
4.93,6.0,0.227,0.213,0.164,0.15,0.593,0.595,0.614,0.614,3.56,38.24,307474100.0
4.94,6.0,0.227,0.213,0.163,0.149,0.593,0.595,0.614,0.614,3.56,38.256,308097800.0
4.95,6.0,0.226,0.212,0.163,0.149,0.593,0.595,0.614,0.614,3.56,38.272,308721500.0
4.96,6.0,0.226,0.212,0.163,0.149,0.594,0.595,0.614,0.614,3.56,38.288,309345200.0
4.97,6.0,0.226,0.212,0.162,0.149,0.594,0.595,0.614,0.614,3.56,38.304,309968800.0
4.98,6.0,0.225,0.212,0.162,0.148,0.594,0.595,0.614,0.614,3.55,38.319,310592500.0
4.99,6.0,0.225,0.212,0.162,0.148,0.594,0.595,0.614,0.614,3.55,38.335,311216200.0
5.0,6.0,0.225,0.211,0.162,0.148,0.594,0.595,0.614,0.614,3.55,38.351,311839900.0
0.01,7.0,0.321,0.308,0.248,0.235,0.577,0.578,0.611,0.611,3.87,37.703,623680.0
0.02,7.0,0.373,0.36,0.301,0.288,0.57,0.572,0.611,0.611,3.87,37.703,1247360.0
0.03,7.0,0.384,0.371,0.312,0.299,0.569,0.57,0.611,0.611,3.87,37.703,1871039.0
0.04,7.0,0.386,0.373,0.314,0.301,0.569,0.57,0.611,0.611,3.87,37.703,2494719.0
0.05,7.0,0.386,0.373,0.313,0.3,0.569,0.57,0.611,0.611,3.87,37.703,3118399.0
0.06,7.0,0.384,0.371,0.312,0.299,0.569,0.57,0.611,0.611,3.87,37.703,3742079.0
0.07,7.0,0.382,0.369,0.31,0.297,0.569,0.571,0.611,0.611,3.87,37.703,4365758.0
0.08,7.0,0.38,0.367,0.308,0.295,0.569,0.571,0.611,0.611,3.87,37.703,4989438.0
0.09,7.0,0.378,0.365,0.306,0.293,0.57,0.571,0.611,0.611,3.87,37.703,5613118.0
0.1,7.0,0.377,0.364,0.305,0.292,0.57,0.571,0.611,0.611,3.87,37.703,6236798.0
0.11,7.0,0.377,0.364,0.305,0.292,0.57,0.571,0.611,0.611,3.87,37.703,6860478.0
0.12,7.0,0.377,0.364,0.305,0.292,0.57,0.571,0.611,0.611,3.87,37.703,7484158.0
0.13,7.0,0.377,0.364,0.305,0.292,0.57,0.571,0.611,0.611,3.87,37.703,8107837.0
0.14,7.0,0.377,0.364,0.305,0.292,0.57,0.571,0.611,0.611,3.87,37.703,8731517.0
0.15,7.0,0.377,0.364,0.305,0.292,0.57,0.571,0.611,0.611,3.87,37.703,9355197.0
0.16,7.0,0.377,0.364,0.305,0.292,0.57,0.571,0.611,0.611,3.87,37.703,9978877.0
0.17,7.0,0.377,0.364,0.305,0.292,0.57,0.571,0.611,0.611,3.87,37.703,10602560.0
0.18,7.0,0.377,0.364,0.305,0.292,0.57,0.571,0.611,0.611,3.87,37.703,11226240.0
0.19,7.0,0.377,0.364,0.305,0.292,0.57,0.571,0.611,0.611,3.87,37.703,11849920.0
0.2,7.0,0.377,0.364,0.305,0.292,0.57,0.571,0.611,0.611,3.87,37.703,12473600.0
0.21,7.0,0.377,0.364,0.305,0.292,0.57,0.571,0.611,0.611,3.87,37.703,13097280.0
0.22,7.0,0.377,0.364,0.305,0.292,0.57,0.571,0.611,0.611,3.87,37.703,13720960.0
0.23,7.0,0.377,0.364,0.305,0.292,0.57,0.571,0.611,0.611,3.87,37.703,14344640.0
0.24,7.0,0.377,0.364,0.305,0.292,0.57,0.571,0.611,0.611,3.87,37.703,14968320.0
0.25,7.0,0.377,0.364,0.305,0.291,0.57,0.571,0.611,0.611,3.87,37.703,15592000.0
0.26,7.0,0.377,0.364,0.305,0.291,0.57,0.571,0.611,0.611,3.87,37.703,16215670.0
0.27,7.0,0.377,0.364,0.304,0.291,0.57,0.571,0.611,0.611,3.87,37.703,16839360.0
0.28,7.0,0.377,0.364,0.304,0.291,0.57,0.571,0.611,0.611,3.87,37.703,17463030.0
0.29,7.0,0.377,0.364,0.304,0.291,0.57,0.571,0.611,0.611,3.87,37.703,18086710.0
0.3,7.0,0.377,0.364,0.304,0.291,0.57,0.571,0.611,0.611,3.87,37.703,18710390.0
0.31,7.0,0.377,0.364,0.304,0.291,0.57,0.571,0.611,0.611,3.87,37.703,19334070.0
0.32,7.0,0.377,0.364,0.304,0.291,0.57,0.571,0.611,0.611,3.87,37.703,19957750.0
0.33,7.0,0.377,0.364,0.304,0.291,0.57,0.571,0.611,0.611,3.87,37.703,20581430.0
0.34,7.0,0.376,0.363,0.304,0.291,0.57,0.571,0.611,0.611,3.87,37.703,21205110.0
0.35,7.0,0.376,0.363,0.304,0.291,0.57,0.571,0.611,0.611,3.87,37.703,21828790.0
0.36,7.0,0.376,0.363,0.304,0.291,0.57,0.571,0.611,0.611,3.87,37.703,22452470.0
0.37,7.0,0.376,0.363,0.304,0.291,0.57,0.571,0.611,0.611,3.87,37.703,23076150.0
0.38,7.0,0.376,0.363,0.304,0.291,0.57,0.571,0.611,0.611,3.87,37.703,23699830.0
0.39,7.0,0.376,0.363,0.304,0.291,0.57,0.571,0.611,0.611,3.87,37.703,24323510.0
0.4,7.0,0.376,0.363,0.304,0.291,0.57,0.571,0.611,0.611,3.87,37.703,24947190.0
0.41,7.0,0.376,0.363,0.304,0.291,0.57,0.571,0.611,0.611,3.87,37.703,25570870.0
0.42,7.0,0.376,0.363,0.304,0.291,0.57,0.571,0.611,0.611,3.87,37.703,26194550.0
0.43,7.0,0.376,0.363,0.304,0.291,0.57,0.571,0.611,0.611,3.87,37.703,26818230.0
0.44,7.0,0.376,0.363,0.304,0.291,0.57,0.571,0.611,0.611,3.87,37.703,27441910.0
0.45,7.0,0.376,0.363,0.304,0.291,0.57,0.571,0.611,0.611,3.87,37.703,28065590.0
0.46,7.0,0.376,0.363,0.304,0.291,0.57,0.571,0.611,0.611,3.87,37.703,28689270.0
0.47,7.0,0.376,0.363,0.304,0.291,0.57,0.571,0.611,0.611,3.87,37.703,29312950.0
0.48,7.0,0.376,0.363,0.304,0.291,0.57,0.571,0.611,0.611,3.87,37.703,29936630.0
0.49,7.0,0.376,0.363,0.304,0.291,0.57,0.571,0.611,0.611,3.87,37.703,30560310.0
0.5,7.0,0.376,0.363,0.304,0.291,0.57,0.572,0.611,0.611,3.87,37.703,31183990.0
0.51,7.0,0.376,0.363,0.304,0.291,0.57,0.572,0.611,0.611,3.87,37.703,31807670.0
0.52,7.0,0.376,0.363,0.304,0.29,0.57,0.572,0.611,0.611,3.87,37.703,32431350.0
0.53,7.0,0.376,0.363,0.304,0.29,0.57,0.572,0.611,0.611,3.87,37.703,33055030.0
0.54,7.0,0.376,0.363,0.304,0.29,0.57,0.572,0.611,0.611,3.87,37.703,33678710.0
0.55,7.0,0.376,0.363,0.303,0.29,0.57,0.572,0.611,0.611,3.87,37.703,34302390.0
0.56,7.0,0.376,0.363,0.303,0.29,0.57,0.572,0.611,0.611,3.87,37.703,34926070.0
0.57,7.0,0.376,0.363,0.303,0.29,0.57,0.572,0.611,0.611,3.87,37.703,35549750.0
0.58,7.0,0.376,0.363,0.303,0.29,0.57,0.572,0.611,0.611,3.87,37.703,36173430.0
0.59,7.0,0.376,0.362,0.303,0.29,0.57,0.572,0.611,0.611,3.87,37.703,36797110.0
0.6,7.0,0.376,0.362,0.303,0.29,0.57,0.572,0.611,0.611,3.87,37.703,37420790.0
0.61,7.0,0.376,0.362,0.303,0.289,0.57,0.572,0.611,0.611,3.87,37.703,38044470.0
0.62,7.0,0.375,0.361,0.303,0.289,0.57,0.572,0.611,0.611,3.87,37.703,38668150.0
0.63,7.0,0.375,0.361,0.303,0.289,0.57,0.572,0.611,0.611,3.87,37.703,39291830.0
0.64,7.0,0.375,0.361,0.303,0.288,0.57,0.572,0.611,0.611,3.87,37.703,39915510.0
0.65,7.0,0.375,0.361,0.303,0.288,0.57,0.572,0.611,0.611,3.87,37.703,40539180.0
0.66,7.0,0.375,0.36,0.303,0.288,0.57,0.572,0.611,0.611,3.87,37.703,41162870.0
0.67,7.0,0.375,0.36,0.303,0.288,0.57,0.572,0.611,0.611,3.87,37.703,41786550.0
0.68,7.0,0.375,0.36,0.303,0.287,0.57,0.572,0.611,0.611,3.87,37.703,42410230.0
0.69,7.0,0.375,0.359,0.303,0.287,0.57,0.572,0.611,0.611,3.87,37.703,43033900.0
0.7,7.0,0.375,0.359,0.303,0.287,0.57,0.572,0.611,0.611,3.87,37.703,43657580.0
0.71,7.0,0.375,0.359,0.303,0.286,0.57,0.572,0.611,0.611,3.87,37.703,44281260.0
0.72,7.0,0.375,0.358,0.303,0.286,0.57,0.572,0.611,0.611,3.87,37.703,44904950.0
0.73,7.0,0.375,0.358,0.303,0.286,0.57,0.572,0.611,0.611,3.87,37.703,45528630.0
0.74,7.0,0.375,0.358,0.303,0.285,0.57,0.572,0.611,0.611,3.87,37.703,46152300.0
0.75,7.0,0.375,0.358,0.303,0.285,0.57,0.572,0.611,0.611,3.87,37.703,46775980.0
0.76,7.0,0.375,0.357,0.303,0.285,0.57,0.572,0.611,0.611,3.87,37.703,47399660.0
0.77,7.0,0.375,0.357,0.303,0.285,0.57,0.572,0.611,0.611,3.87,37.703,48023340.0
0.78,7.0,0.375,0.357,0.303,0.284,0.57,0.572,0.611,0.611,3.87,37.703,48647020.0
0.79,7.0,0.375,0.356,0.303,0.284,0.57,0.572,0.611,0.611,3.87,37.703,49270700.0
0.8,7.0,0.375,0.356,0.303,0.284,0.57,0.572,0.611,0.611,3.87,37.703,49894380.0
0.81,7.0,0.375,0.356,0.303,0.283,0.57,0.572,0.611,0.611,3.87,37.703,50518060.0
0.82,7.0,0.375,0.355,0.303,0.283,0.57,0.572,0.611,0.611,3.87,37.703,51141740.0
0.83,7.0,0.375,0.355,0.302,0.283,0.568,0.57,0.609,0.609,3.87,37.643,51765420.0
0.84,7.0,0.374,0.354,0.302,0.282,0.566,0.568,0.607,0.607,3.87,37.58,52389100.0
0.85,7.0,0.374,0.354,0.302,0.282,0.564,0.566,0.605,0.605,3.87,37.516,53012780.0
0.86,7.0,0.374,0.353,0.302,0.282,0.562,0.564,0.603,0.603,3.87,37.451,53636460.0
0.87,7.0,0.373,0.353,0.302,0.282,0.56,0.562,0.601,0.601,3.87,37.387,54260140.0
0.88,7.0,0.373,0.352,0.302,0.281,0.558,0.56,0.599,0.599,3.87,37.322,54883820.0
0.89,7.0,0.373,0.352,0.302,0.281,0.556,0.558,0.597,0.597,3.87,37.256,55507500.0
0.9,7.0,0.372,0.351,0.302,0.281,0.554,0.556,0.595,0.595,3.87,37.19,56131180.0
0.91,7.0,0.374,0.352,0.304,0.283,0.549,0.551,0.59,0.59,3.85,37.029,56754860.0
0.92,7.0,0.379,0.357,0.31,0.288,0.543,0.546,0.585,0.585,3.83,36.868,57378540.0
0.93,7.0,0.391,0.368,0.322,0.299,0.537,0.54,0.581,0.581,3.81,36.707,58002220.0
0.94,7.0,0.404,0.38,0.336,0.312,0.531,0.534,0.576,0.576,3.78,36.546,58625900.0
0.95,7.0,0.417,0.392,0.35,0.325,0.524,0.527,0.571,0.571,3.76,36.385,59249580.0
0.96,7.0,0.431,0.404,0.364,0.338,0.518,0.521,0.566,0.566,3.74,36.224,59873260.0
0.97,7.0,0.444,0.416,0.379,0.351,0.511,0.515,0.562,0.562,3.72,36.063,60496940.0
0.98,7.0,0.458,0.429,0.393,0.364,0.505,0.508,0.557,0.557,3.7,35.902,61120620.0
0.99,7.0,0.471,0.441,0.407,0.376,0.498,0.502,0.552,0.552,3.67,35.741,61744300.0
1.0,7.0,0.485,0.453,0.421,0.389,0.492,0.496,0.547,0.547,3.65,35.58,62367980.0
1.01,7.0,0.498,0.465,0.435,0.402,0.485,0.489,0.543,0.543,3.63,35.419,62991660.0
1.02,7.0,0.511,0.478,0.449,0.415,0.479,0.483,0.538,0.538,3.61,35.258,63615340.0
1.03,7.0,0.525,0.49,0.463,0.428,0.473,0.477,0.533,0.533,3.59,35.097,64239020.0
1.04,7.0,0.538,0.502,0.477,0.441,0.466,0.471,0.528,0.528,3.57,34.936,64862700.0
1.05,7.0,0.552,0.514,0.492,0.454,0.46,0.464,0.523,0.523,3.54,34.775,65486380.0
1.06,7.0,0.551,0.513,0.491,0.453,0.459,0.464,0.523,0.523,3.55,34.64,66110060.0
1.07,7.0,0.55,0.513,0.49,0.452,0.458,0.463,0.522,0.522,3.56,34.51,66733740.0
1.08,7.0,0.549,0.512,0.489,0.452,0.457,0.462,0.521,0.521,3.57,34.382,67357420.0
1.09,7.0,0.548,0.511,0.488,0.451,0.456,0.461,0.519,0.519,3.58,34.257,67981100.0
1.1,7.0,0.547,0.51,0.487,0.45,0.455,0.46,0.518,0.518,3.59,34.133,68604780.0
1.11,7.0,0.546,0.509,0.486,0.449,0.454,0.458,0.517,0.517,3.59,34.011,69228460.0
1.12,7.0,0.544,0.508,0.485,0.449,0.453,0.457,0.516,0.516,3.6,33.889,69852140.0
1.13,7.0,0.543,0.507,0.484,0.448,0.452,0.456,0.515,0.515,3.61,33.769,70475820.0
1.14,7.0,0.542,0.506,0.483,0.447,0.45,0.455,0.513,0.513,3.61,33.649,71099500.0
1.15,7.0,0.541,0.506,0.483,0.447,0.449,0.454,0.512,0.512,3.62,33.53,71723180.0
1.16,7.0,0.539,0.504,0.481,0.445,0.448,0.452,0.51,0.51,3.62,33.412,72346860.0
1.17,7.0,0.537,0.502,0.479,0.443,0.447,0.451,0.509,0.509,3.63,33.293,72970540.0
1.18,7.0,0.535,0.5,0.477,0.442,0.446,0.45,0.508,0.508,3.64,33.175,73594220.0
1.19,7.0,0.534,0.498,0.475,0.44,0.444,0.449,0.506,0.506,3.64,33.057,74217900.0
1.2,7.0,0.532,0.496,0.474,0.438,0.443,0.447,0.505,0.505,3.65,32.939,74841580.0
1.21,7.0,0.53,0.495,0.472,0.436,0.442,0.446,0.503,0.503,3.65,32.821,75465260.0
1.22,7.0,0.528,0.493,0.47,0.435,0.441,0.445,0.502,0.502,3.65,32.702,76088940.0
1.23,7.0,0.526,0.491,0.468,0.433,0.439,0.444,0.5,0.5,3.66,32.584,76712620.0
1.24,7.0,0.524,0.489,0.467,0.431,0.438,0.442,0.499,0.499,3.66,32.466,77336300.0
1.25,7.0,0.522,0.487,0.465,0.429,0.437,0.441,0.497,0.497,3.67,32.347,77959980.0
1.26,7.0,0.52,0.485,0.463,0.428,0.435,0.44,0.495,0.495,3.67,32.228,78583660.0
1.27,7.0,0.518,0.483,0.461,0.426,0.434,0.438,0.494,0.494,3.68,32.109,79207340.0
1.28,7.0,0.516,0.481,0.46,0.424,0.433,0.437,0.492,0.492,3.68,31.989,79831020.0
1.29,7.0,0.514,0.479,0.458,0.422,0.431,0.435,0.491,0.491,3.68,31.869,80454690.0
1.3,7.0,0.512,0.477,0.456,0.421,0.43,0.434,0.489,0.489,3.69,31.748,81078370.0
1.31,7.0,0.51,0.475,0.454,0.419,0.428,0.433,0.487,0.487,3.69,31.628,81702050.0
1.32,7.0,0.508,0.473,0.453,0.417,0.427,0.431,0.486,0.486,3.7,31.506,82325740.0
1.33,7.0,0.507,0.471,0.451,0.416,0.426,0.43,0.484,0.484,3.7,31.384,82949420.0
1.34,7.0,0.505,0.47,0.449,0.414,0.424,0.428,0.482,0.482,3.7,31.262,83573100.0
1.35,7.0,0.503,0.468,0.448,0.412,0.423,0.427,0.481,0.481,3.71,31.139,84196780.0
1.36,7.0,0.501,0.466,0.446,0.411,0.421,0.426,0.479,0.479,3.71,31.016,84820460.0
1.37,7.0,0.499,0.464,0.444,0.409,0.42,0.424,0.477,0.477,3.71,30.892,85444140.0
1.38,7.0,0.497,0.462,0.443,0.407,0.418,0.423,0.476,0.476,3.72,30.767,86067810.0
1.39,7.0,0.495,0.46,0.441,0.406,0.417,0.421,0.474,0.474,3.72,30.642,86691490.0
1.4,7.0,0.494,0.458,0.439,0.404,0.415,0.42,0.472,0.472,3.72,30.516,87315170.0
1.41,7.0,0.492,0.457,0.438,0.402,0.414,0.418,0.471,0.471,3.73,30.389,87938850.0
1.42,7.0,0.49,0.455,0.436,0.401,0.412,0.417,0.469,0.469,3.73,30.262,88562530.0
1.43,7.0,0.488,0.453,0.434,0.399,0.411,0.415,0.467,0.467,3.73,30.134,89186210.0
1.44,7.0,0.486,0.451,0.433,0.397,0.409,0.414,0.466,0.466,3.73,30.005,89809900.0
1.45,7.0,0.484,0.449,0.431,0.396,0.408,0.412,0.464,0.464,3.73,29.876,90433580.0
1.46,7.0,0.483,0.447,0.429,0.394,0.406,0.411,0.462,0.462,3.73,29.746,91057260.0
1.47,7.0,0.481,0.446,0.428,0.392,0.405,0.409,0.46,0.46,3.72,29.615,91680940.0
1.48,7.0,0.479,0.444,0.426,0.391,0.403,0.408,0.459,0.459,3.72,29.483,92304610.0
1.49,7.0,0.477,0.442,0.425,0.389,0.402,0.406,0.457,0.457,3.72,29.351,92928290.0
1.5,7.0,0.475,0.44,0.423,0.388,0.4,0.405,0.455,0.455,3.72,29.217,93551970.0
1.51,7.0,0.473,0.438,0.421,0.386,0.399,0.403,0.453,0.453,3.71,29.083,94175650.0
1.52,7.0,0.472,0.437,0.42,0.384,0.397,0.401,0.452,0.452,3.71,28.948,94799330.0
1.53,7.0,0.47,0.435,0.418,0.383,0.396,0.4,0.45,0.45,3.71,28.812,95423010.0
1.54,7.0,0.468,0.433,0.417,0.381,0.394,0.398,0.448,0.448,3.7,28.675,96046690.0
1.55,7.0,0.466,0.431,0.415,0.38,0.392,0.397,0.446,0.446,3.7,28.537,96670370.0
1.56,7.0,0.465,0.43,0.414,0.378,0.391,0.395,0.445,0.445,3.7,28.398,97294050.0
1.57,7.0,0.463,0.428,0.412,0.377,0.389,0.394,0.443,0.443,3.69,28.258,97917730.0
1.58,7.0,0.461,0.426,0.41,0.375,0.388,0.392,0.441,0.441,3.69,28.117,98541410.0
1.59,7.0,0.459,0.424,0.409,0.374,0.386,0.39,0.439,0.439,3.69,27.976,99165090.0
1.6,7.0,0.458,0.423,0.407,0.372,0.384,0.389,0.437,0.437,3.69,27.833,99788770.0
1.61,7.0,0.456,0.421,0.406,0.37,0.383,0.387,0.436,0.436,3.68,27.689,100412400.0
1.62,7.0,0.454,0.419,0.404,0.369,0.381,0.386,0.434,0.434,3.68,27.544,101036100.0
1.63,7.0,0.452,0.417,0.403,0.367,0.38,0.384,0.432,0.432,3.68,27.398,101659800.0
1.64,7.0,0.451,0.416,0.401,0.366,0.378,0.382,0.43,0.43,3.67,27.251,102283500.0
1.65,7.0,0.449,0.414,0.4,0.364,0.376,0.381,0.428,0.428,3.67,27.103,102907200.0
1.66,7.0,0.447,0.412,0.398,0.363,0.375,0.379,0.427,0.427,3.67,26.953,103530800.0
1.67,7.0,0.446,0.41,0.397,0.361,0.373,0.378,0.425,0.425,3.66,26.803,104154500.0
1.68,7.0,0.444,0.409,0.395,0.36,0.372,0.376,0.423,0.423,3.66,26.651,104778200.0
1.69,7.0,0.442,0.407,0.394,0.358,0.37,0.374,0.421,0.421,3.65,26.498,105401900.0
1.7,7.0,0.44,0.405,0.392,0.357,0.368,0.373,0.419,0.419,3.65,26.344,106025600.0
1.71,7.0,0.439,0.404,0.391,0.355,0.367,0.371,0.417,0.417,3.65,26.189,106649200.0
1.72,7.0,0.437,0.402,0.389,0.354,0.365,0.369,0.416,0.416,3.64,26.032,107272900.0
1.73,7.0,0.435,0.4,0.388,0.352,0.363,0.368,0.414,0.414,3.64,25.874,107896600.0
1.74,7.0,0.434,0.399,0.386,0.351,0.362,0.366,0.412,0.412,3.64,25.715,108520300.0
1.75,7.0,0.432,0.397,0.385,0.35,0.36,0.364,0.41,0.41,3.63,25.554,109144000.0
1.76,7.0,0.43,0.395,0.383,0.348,0.358,0.363,0.408,0.408,3.63,25.392,109767600.0
1.77,7.0,0.429,0.394,0.382,0.347,0.357,0.361,0.406,0.406,3.63,25.229,110391300.0
1.78,7.0,0.427,0.392,0.381,0.345,0.355,0.359,0.404,0.404,3.62,25.064,111015000.0
1.79,7.0,0.425,0.39,0.379,0.344,0.353,0.358,0.403,0.403,3.62,24.898,111638700.0
1.8,7.0,0.424,0.389,0.378,0.342,0.352,0.356,0.401,0.401,3.61,24.73,112262400.0
1.81,7.0,0.422,0.387,0.376,0.341,0.35,0.354,0.399,0.399,3.61,24.561,112886000.0
1.82,7.0,0.42,0.385,0.375,0.34,0.348,0.353,0.397,0.397,3.61,24.39,113509700.0
1.83,7.0,0.419,0.384,0.373,0.338,0.347,0.351,0.395,0.395,3.6,24.218,114133400.0
1.84,7.0,0.417,0.382,0.372,0.337,0.345,0.349,0.393,0.393,3.6,24.044,114757100.0
1.85,7.0,0.416,0.38,0.371,0.335,0.343,0.348,0.391,0.391,3.59,23.869,115380800.0
1.86,7.0,0.414,0.379,0.369,0.334,0.342,0.346,0.389,0.389,3.59,23.692,116004400.0
1.87,7.0,0.412,0.377,0.368,0.333,0.34,0.344,0.388,0.388,3.59,23.514,116628100.0
1.88,7.0,0.411,0.376,0.366,0.331,0.338,0.342,0.386,0.386,3.58,23.333,117251800.0
1.89,7.0,0.409,0.374,0.365,0.33,0.336,0.341,0.384,0.384,3.58,23.151,117875500.0
1.9,7.0,0.408,0.372,0.364,0.328,0.335,0.339,0.382,0.382,3.57,22.968,118499200.0
1.91,7.0,0.406,0.371,0.362,0.327,0.333,0.337,0.38,0.38,3.57,22.782,119122800.0
1.92,7.0,0.404,0.369,0.361,0.326,0.331,0.336,0.378,0.378,3.57,22.595,119746500.0
1.93,7.0,0.403,0.368,0.36,0.324,0.329,0.334,0.376,0.376,3.56,22.406,120370200.0
1.94,7.0,0.401,0.366,0.358,0.323,0.328,0.332,0.374,0.374,3.56,22.215,120993900.0
1.95,7.0,0.4,0.365,0.357,0.322,0.326,0.33,0.372,0.372,3.55,22.022,121617600.0
1.96,7.0,0.398,0.363,0.356,0.32,0.324,0.329,0.37,0.37,3.55,21.827,122241200.0
1.97,7.0,0.396,0.361,0.354,0.319,0.323,0.327,0.368,0.368,3.55,21.63,122864900.0
1.98,7.0,0.395,0.36,0.353,0.317,0.321,0.325,0.367,0.367,3.54,21.432,123488600.0
1.99,7.0,0.393,0.358,0.352,0.316,0.319,0.323,0.365,0.365,3.54,21.231,124112300.0
2.0,7.0,0.392,0.356,0.35,0.315,0.317,0.322,0.363,0.363,3.53,21.028,124736000.0
2.01,7.0,0.39,0.355,0.349,0.313,0.316,0.32,0.361,0.361,3.53,20.823,125359600.0
2.02,7.0,0.389,0.353,0.348,0.312,0.314,0.318,0.359,0.359,3.52,20.616,125983300.0
2.03,7.0,0.387,0.352,0.346,0.311,0.312,0.316,0.357,0.357,3.52,20.407,126607000.0
2.04,7.0,0.386,0.35,0.345,0.309,0.31,0.315,0.355,0.355,3.52,20.195,127230700.0
2.05,7.0,0.384,0.349,0.344,0.308,0.308,0.313,0.353,0.353,3.51,19.981,127854400.0
2.06,7.0,0.383,0.347,0.343,0.307,0.308,0.313,0.353,0.353,3.51,19.95,128478000.0
2.07,7.0,0.382,0.346,0.342,0.305,0.309,0.313,0.353,0.353,3.5,19.949,129101700.0
2.08,7.0,0.381,0.345,0.34,0.304,0.309,0.313,0.353,0.353,3.5,19.948,129725400.0
2.09,7.0,0.38,0.344,0.339,0.303,0.309,0.314,0.353,0.353,3.49,19.947,130349100.0
2.1,7.0,0.379,0.342,0.338,0.301,0.31,0.314,0.353,0.353,3.49,19.945,130972800.0
2.11,7.0,0.377,0.341,0.337,0.3,0.31,0.314,0.354,0.354,3.48,19.944,131596400.0
2.12,7.0,0.376,0.34,0.336,0.299,0.31,0.315,0.354,0.354,3.48,19.943,132220100.0
2.13,7.0,0.375,0.339,0.334,0.298,0.31,0.315,0.354,0.354,3.48,19.942,132843800.0
2.14,7.0,0.374,0.337,0.333,0.296,0.311,0.315,0.354,0.354,3.47,19.941,133467500.0
2.15,7.0,0.373,0.336,0.332,0.295,0.311,0.315,0.354,0.354,3.47,19.94,134091200.0
2.16,7.0,0.372,0.335,0.331,0.294,0.311,0.316,0.354,0.354,3.46,19.939,134714800.0
2.17,7.0,0.371,0.334,0.33,0.293,0.311,0.316,0.354,0.354,3.46,19.938,135338500.0
2.18,7.0,0.369,0.332,0.329,0.291,0.312,0.316,0.354,0.354,3.45,19.937,135962200.0
2.19,7.0,0.368,0.331,0.328,0.29,0.312,0.317,0.355,0.355,3.45,19.937,136585900.0
2.2,7.0,0.367,0.33,0.326,0.289,0.312,0.317,0.355,0.355,3.44,19.936,137209600.0
2.21,7.0,0.366,0.329,0.325,0.288,0.312,0.317,0.355,0.355,3.44,19.935,137833200.0
2.22,7.0,0.365,0.328,0.324,0.287,0.313,0.317,0.355,0.355,3.43,19.934,138456900.0
2.23,7.0,0.364,0.326,0.323,0.285,0.313,0.318,0.355,0.355,3.43,19.934,139080600.0
2.24,7.0,0.363,0.325,0.322,0.284,0.313,0.318,0.355,0.355,3.42,19.933,139704300.0
2.25,7.0,0.362,0.324,0.321,0.283,0.313,0.318,0.355,0.355,3.42,19.933,140328000.0
2.26,7.0,0.361,0.323,0.32,0.282,0.314,0.318,0.355,0.355,3.41,19.932,140951600.0
2.27,7.0,0.36,0.322,0.319,0.281,0.314,0.319,0.355,0.355,3.41,19.932,141575300.0
2.28,7.0,0.359,0.321,0.318,0.279,0.314,0.319,0.355,0.355,3.4,19.931,142199000.0
2.29,7.0,0.358,0.32,0.317,0.278,0.315,0.319,0.356,0.356,3.4,19.95,142822700.0
2.3,7.0,0.357,0.318,0.315,0.277,0.316,0.32,0.357,0.357,3.4,19.982,143446400.0
2.31,7.0,0.356,0.317,0.314,0.276,0.317,0.321,0.358,0.358,3.4,20.014,144070000.0
2.32,7.0,0.355,0.316,0.313,0.275,0.317,0.322,0.358,0.358,3.41,20.046,144693700.0
2.33,7.0,0.354,0.315,0.312,0.274,0.318,0.323,0.359,0.359,3.41,20.078,145317400.0
2.34,7.0,0.353,0.314,0.311,0.272,0.319,0.324,0.36,0.36,3.41,20.111,145941100.0
2.35,7.0,0.352,0.313,0.31,0.271,0.32,0.325,0.361,0.361,3.41,20.143,146564800.0
2.36,7.0,0.351,0.312,0.309,0.27,0.321,0.326,0.361,0.361,3.41,20.176,147188400.0
2.37,7.0,0.35,0.311,0.308,0.269,0.322,0.327,0.362,0.362,3.41,20.208,147812100.0
2.38,7.0,0.349,0.31,0.307,0.268,0.323,0.328,0.363,0.363,3.41,20.241,148435800.0
2.39,7.0,0.348,0.309,0.306,0.267,0.324,0.329,0.364,0.364,3.41,20.274,149059500.0
2.4,7.0,0.347,0.308,0.305,0.266,0.325,0.329,0.365,0.365,3.41,20.307,149683200.0
2.41,7.0,0.346,0.307,0.304,0.265,0.325,0.33,0.365,0.365,3.41,20.341,150306800.0
2.42,7.0,0.345,0.306,0.303,0.264,0.326,0.331,0.366,0.366,3.41,20.374,150930500.0
2.43,7.0,0.344,0.305,0.302,0.262,0.327,0.332,0.367,0.367,3.41,20.408,151554200.0
2.44,7.0,0.343,0.304,0.301,0.261,0.328,0.333,0.368,0.368,3.41,20.441,152177900.0
2.45,7.0,0.343,0.303,0.3,0.26,0.329,0.334,0.368,0.368,3.41,20.475,152801600.0
2.46,7.0,0.342,0.302,0.299,0.259,0.33,0.335,0.369,0.369,3.41,20.509,153425200.0
2.47,7.0,0.341,0.302,0.298,0.259,0.331,0.335,0.37,0.37,3.41,20.543,154048900.0
2.48,7.0,0.34,0.301,0.297,0.258,0.332,0.336,0.37,0.37,3.42,20.577,154672600.0
2.49,7.0,0.339,0.3,0.296,0.257,0.332,0.337,0.371,0.371,3.42,20.611,155296300.0
2.5,7.0,0.338,0.3,0.295,0.256,0.333,0.338,0.372,0.372,3.42,20.645,155920000.0
2.51,7.0,0.337,0.299,0.294,0.255,0.334,0.339,0.373,0.373,3.42,20.68,156543600.0
2.52,7.0,0.336,0.298,0.293,0.255,0.335,0.34,0.373,0.373,3.42,20.714,157167300.0
2.53,7.0,0.336,0.298,0.292,0.254,0.336,0.34,0.374,0.374,3.42,20.749,157791000.0
2.54,7.0,0.335,0.297,0.291,0.253,0.337,0.341,0.375,0.375,3.42,20.783,158414700.0
2.55,7.0,0.334,0.296,0.29,0.252,0.337,0.342,0.376,0.376,3.42,20.818,159038400.0
2.56,7.0,0.333,0.296,0.289,0.252,0.338,0.343,0.376,0.376,3.42,20.853,159662000.0
2.57,7.0,0.332,0.295,0.288,0.251,0.339,0.344,0.377,0.377,3.42,20.888,160285700.0
2.58,7.0,0.331,0.294,0.287,0.25,0.34,0.344,0.378,0.378,3.42,20.923,160909400.0
2.59,7.0,0.33,0.294,0.287,0.249,0.341,0.345,0.378,0.378,3.42,20.958,161533100.0
2.6,7.0,0.33,0.293,0.286,0.249,0.341,0.346,0.379,0.379,3.42,20.994,162156700.0
2.61,7.0,0.329,0.292,0.285,0.248,0.342,0.347,0.38,0.38,3.42,21.029,162780400.0
2.62,7.0,0.328,0.292,0.284,0.247,0.343,0.348,0.381,0.381,3.42,21.065,163404100.0
2.63,7.0,0.327,0.291,0.283,0.246,0.344,0.348,0.381,0.381,3.42,21.1,164027800.0
2.64,7.0,0.326,0.29,0.282,0.246,0.345,0.349,0.382,0.382,3.42,21.136,164651500.0
2.65,7.0,0.326,0.29,0.281,0.245,0.346,0.35,0.383,0.383,3.42,21.172,165275200.0
2.66,7.0,0.325,0.289,0.28,0.244,0.346,0.351,0.383,0.383,3.42,21.208,165898800.0
2.67,7.0,0.324,0.289,0.279,0.244,0.347,0.351,0.384,0.384,3.42,21.244,166522500.0
2.68,7.0,0.323,0.288,0.278,0.243,0.348,0.352,0.385,0.385,3.42,21.28,167146200.0
2.69,7.0,0.322,0.287,0.277,0.242,0.349,0.353,0.385,0.385,3.42,21.316,167769900.0
2.7,7.0,0.322,0.287,0.277,0.242,0.349,0.354,0.386,0.386,3.42,21.352,168393600.0
2.71,7.0,0.321,0.286,0.276,0.241,0.35,0.354,0.387,0.387,3.42,21.389,169017200.0
2.72,7.0,0.32,0.286,0.275,0.24,0.351,0.355,0.387,0.387,3.42,21.425,169640900.0
2.73,7.0,0.319,0.285,0.274,0.239,0.352,0.356,0.388,0.388,3.42,21.461,170264600.0
2.74,7.0,0.318,0.284,0.273,0.239,0.353,0.357,0.389,0.389,3.42,21.498,170888300.0
2.75,7.0,0.318,0.284,0.272,0.238,0.353,0.357,0.389,0.389,3.42,21.535,171512000.0
2.76,7.0,0.317,0.283,0.271,0.237,0.354,0.358,0.39,0.39,3.42,21.571,172135600.0
2.77,7.0,0.316,0.283,0.271,0.237,0.355,0.359,0.391,0.391,3.42,21.608,172759300.0
2.78,7.0,0.315,0.282,0.27,0.236,0.356,0.36,0.391,0.391,3.42,21.645,173383000.0
2.79,7.0,0.315,0.281,0.269,0.235,0.356,0.36,0.392,0.392,3.42,21.682,174006700.0
2.8,7.0,0.314,0.281,0.268,0.235,0.357,0.361,0.393,0.393,3.42,21.719,174630300.0
2.81,7.0,0.313,0.28,0.267,0.234,0.358,0.362,0.393,0.393,3.42,21.756,175254000.0
2.82,7.0,0.312,0.28,0.266,0.234,0.359,0.363,0.394,0.394,3.42,21.794,175877700.0
2.83,7.0,0.312,0.279,0.266,0.233,0.359,0.363,0.395,0.395,3.42,21.831,176501400.0
2.84,7.0,0.311,0.279,0.265,0.232,0.36,0.364,0.395,0.395,3.42,21.868,177125100.0
2.85,7.0,0.31,0.278,0.264,0.232,0.361,0.365,0.396,0.396,3.42,21.906,177748700.0
2.86,7.0,0.31,0.278,0.263,0.231,0.362,0.365,0.397,0.397,3.42,21.943,178372400.0
2.87,7.0,0.309,0.277,0.262,0.23,0.362,0.366,0.397,0.397,3.42,21.981,178996100.0
2.88,7.0,0.308,0.277,0.262,0.23,0.363,0.367,0.398,0.398,3.42,22.018,179619800.0
2.89,7.0,0.307,0.276,0.261,0.229,0.364,0.368,0.398,0.398,3.41,22.056,180243500.0
2.9,7.0,0.307,0.275,0.26,0.229,0.364,0.368,0.399,0.399,3.41,22.094,180867200.0
2.91,7.0,0.306,0.275,0.259,0.228,0.365,0.369,0.4,0.4,3.41,22.132,181490800.0
2.92,7.0,0.305,0.274,0.258,0.227,0.366,0.37,0.4,0.4,3.41,22.17,182114500.0
2.93,7.0,0.305,0.274,0.258,0.227,0.367,0.37,0.401,0.401,3.41,22.208,182738200.0
2.94,7.0,0.304,0.273,0.257,0.226,0.367,0.371,0.402,0.402,3.41,22.246,183361900.0
2.95,7.0,0.303,0.273,0.256,0.226,0.368,0.372,0.402,0.402,3.41,22.284,183985500.0
2.96,7.0,0.302,0.272,0.255,0.225,0.369,0.372,0.403,0.403,3.41,22.322,184609200.0
2.97,7.0,0.302,0.272,0.255,0.224,0.369,0.373,0.403,0.403,3.41,22.361,185232900.0
2.98,7.0,0.301,0.271,0.254,0.224,0.37,0.374,0.404,0.404,3.41,22.399,185856600.0
2.99,7.0,0.3,0.271,0.253,0.223,0.371,0.374,0.405,0.405,3.41,22.437,186480300.0
3.0,7.0,0.3,0.27,0.252,0.223,0.372,0.375,0.405,0.405,3.41,22.476,187103900.0
3.01,7.0,0.299,0.27,0.252,0.222,0.372,0.376,0.406,0.406,3.41,22.514,187727600.0
3.02,7.0,0.299,0.269,0.251,0.222,0.373,0.376,0.407,0.407,3.41,22.553,188351300.0
3.03,7.0,0.298,0.269,0.25,0.221,0.374,0.377,0.407,0.407,3.41,22.592,188975000.0
3.04,7.0,0.297,0.268,0.25,0.22,0.374,0.378,0.408,0.408,3.41,22.63,189598700.0
3.05,7.0,0.297,0.268,0.249,0.22,0.375,0.378,0.408,0.408,3.41,22.669,190222300.0
3.06,7.0,0.296,0.267,0.248,0.219,0.376,0.379,0.409,0.409,3.4,22.708,190846000.0
3.07,7.0,0.296,0.267,0.248,0.219,0.376,0.38,0.41,0.41,3.4,22.747,191469700.0
3.08,7.0,0.295,0.266,0.247,0.218,0.377,0.38,0.41,0.41,3.4,22.786,192093400.0
3.09,7.0,0.294,0.266,0.246,0.218,0.378,0.381,0.411,0.411,3.4,22.825,192717100.0
3.1,7.0,0.294,0.265,0.246,0.217,0.378,0.382,0.411,0.411,3.4,22.864,193340700.0
3.11,7.0,0.293,0.265,0.245,0.216,0.379,0.382,0.412,0.412,3.4,22.903,193964400.0
3.12,7.0,0.293,0.265,0.244,0.216,0.38,0.383,0.412,0.412,3.4,22.942,194588100.0
3.13,7.0,0.292,0.264,0.244,0.215,0.38,0.384,0.413,0.413,3.4,22.982,195211800.0
3.14,7.0,0.292,0.264,0.243,0.215,0.381,0.384,0.414,0.414,3.4,23.021,195835500.0
3.15,7.0,0.291,0.263,0.242,0.214,0.382,0.385,0.414,0.414,3.4,23.06,196459100.0
3.16,7.0,0.291,0.263,0.242,0.214,0.382,0.386,0.415,0.415,3.4,23.1,197082800.0
3.17,7.0,0.29,0.262,0.241,0.213,0.383,0.386,0.415,0.415,3.4,23.139,197706500.0
3.18,7.0,0.289,0.262,0.241,0.213,0.383,0.387,0.416,0.416,3.39,23.179,198330200.0
3.19,7.0,0.289,0.261,0.24,0.212,0.384,0.387,0.416,0.416,3.39,23.218,198953900.0
3.2,7.0,0.288,0.261,0.239,0.212,0.385,0.388,0.417,0.417,3.39,23.258,199577500.0
3.21,7.0,0.288,0.26,0.239,0.211,0.385,0.389,0.418,0.418,3.39,23.298,200201200.0
3.22,7.0,0.287,0.26,0.238,0.211,0.386,0.389,0.418,0.418,3.39,23.337,200824900.0
3.23,7.0,0.287,0.259,0.237,0.21,0.387,0.39,0.419,0.419,3.39,23.377,201448600.0
3.24,7.0,0.286,0.259,0.237,0.21,0.387,0.391,0.419,0.419,3.39,23.417,202072300.0
3.25,7.0,0.286,0.259,0.236,0.209,0.388,0.391,0.42,0.42,3.39,23.457,202695900.0
3.26,7.0,0.285,0.258,0.236,0.208,0.389,0.392,0.42,0.42,3.39,23.497,203319600.0
3.27,7.0,0.285,0.258,0.235,0.208,0.389,0.392,0.421,0.421,3.38,23.537,203943300.0
3.28,7.0,0.284,0.257,0.234,0.207,0.39,0.393,0.421,0.421,3.38,23.577,204567000.0
3.29,7.0,0.284,0.257,0.234,0.207,0.393,0.396,0.425,0.425,3.38,23.834,205190700.0
3.3,7.0,0.284,0.257,0.233,0.206,0.397,0.401,0.429,0.429,3.38,24.148,205814300.0
3.31,7.0,0.284,0.257,0.233,0.206,0.402,0.405,0.433,0.433,3.38,24.456,206438000.0
3.32,7.0,0.284,0.257,0.232,0.205,0.406,0.409,0.437,0.437,3.38,24.758,207061700.0
3.33,7.0,0.284,0.257,0.231,0.205,0.41,0.413,0.442,0.442,3.38,25.054,207685400.0
3.34,7.0,0.283,0.257,0.231,0.205,0.414,0.418,0.446,0.446,3.38,25.345,208309000.0
3.35,7.0,0.283,0.257,0.23,0.204,0.419,0.422,0.45,0.45,3.38,25.631,208932700.0
3.36,7.0,0.283,0.257,0.23,0.204,0.423,0.426,0.454,0.454,3.37,25.911,209556400.0
3.37,7.0,0.283,0.257,0.229,0.203,0.427,0.43,0.458,0.458,3.37,26.187,210180100.0
3.38,7.0,0.283,0.257,0.229,0.203,0.431,0.434,0.462,0.462,3.37,26.458,210803800.0
3.39,7.0,0.283,0.257,0.228,0.202,0.435,0.439,0.467,0.467,3.37,26.724,211427500.0
3.4,7.0,0.283,0.258,0.227,0.202,0.44,0.443,0.471,0.471,3.37,26.985,212051100.0
3.41,7.0,0.283,0.258,0.227,0.201,0.444,0.447,0.475,0.475,3.37,27.242,212674800.0
3.42,7.0,0.283,0.258,0.226,0.201,0.448,0.451,0.479,0.479,3.37,27.495,213298500.0
3.43,7.0,0.283,0.258,0.226,0.2,0.452,0.455,0.483,0.483,3.36,27.744,213922200.0
3.44,7.0,0.283,0.258,0.225,0.2,0.457,0.46,0.488,0.488,3.37,28.008,214545900.0
3.45,7.0,0.283,0.258,0.225,0.199,0.461,0.464,0.492,0.492,3.37,28.247,215169500.0
3.46,7.0,0.283,0.258,0.224,0.199,0.465,0.468,0.496,0.496,3.36,28.482,215793200.0
3.47,7.0,0.283,0.258,0.224,0.198,0.47,0.473,0.501,0.501,3.36,28.714,216416900.0
3.48,7.0,0.283,0.258,0.223,0.198,0.474,0.477,0.505,0.505,3.36,28.941,217040600.0
3.49,7.0,0.283,0.258,0.222,0.198,0.478,0.481,0.509,0.509,3.36,29.165,217664300.0
3.5,7.0,0.283,0.258,0.222,0.197,0.483,0.486,0.513,0.513,3.36,29.385,218287900.0
3.51,7.0,0.283,0.258,0.221,0.197,0.487,0.49,0.518,0.518,3.36,29.602,218911600.0
3.52,7.0,0.283,0.258,0.221,0.196,0.491,0.494,0.522,0.522,3.36,29.815,219535300.0
3.53,7.0,0.283,0.258,0.22,0.196,0.495,0.498,0.526,0.526,3.36,30.025,220159000.0
3.54,7.0,0.283,0.259,0.22,0.195,0.5,0.503,0.53,0.53,3.36,30.232,220782600.0
3.55,7.0,0.283,0.259,0.219,0.195,0.504,0.507,0.535,0.535,3.36,30.436,221406300.0
3.56,7.0,0.283,0.259,0.219,0.194,0.508,0.511,0.539,0.539,3.36,30.636,222030000.0
3.57,7.0,0.283,0.259,0.218,0.194,0.513,0.516,0.543,0.543,3.36,30.833,222653700.0
3.58,7.0,0.283,0.259,0.218,0.194,0.517,0.52,0.548,0.548,3.36,31.028,223277400.0
3.59,7.0,0.283,0.259,0.217,0.193,0.521,0.524,0.552,0.552,3.36,31.219,223901000.0
3.6,7.0,0.283,0.259,0.217,0.193,0.526,0.529,0.556,0.556,3.37,31.408,224524700.0
3.61,7.0,0.283,0.259,0.216,0.192,0.53,0.533,0.56,0.56,3.37,31.594,225148400.0
3.62,7.0,0.283,0.259,0.216,0.192,0.534,0.537,0.565,0.565,3.38,31.777,225772100.0
3.63,7.0,0.283,0.259,0.215,0.191,0.539,0.541,0.569,0.569,3.38,31.958,226395800.0
3.64,7.0,0.283,0.26,0.215,0.191,0.543,0.546,0.573,0.573,3.39,32.136,227019500.0
3.65,7.0,0.283,0.26,0.214,0.191,0.547,0.55,0.578,0.578,3.39,32.312,227643100.0
3.66,7.0,0.283,0.26,0.214,0.19,0.551,0.554,0.582,0.582,3.4,32.485,228266800.0
3.67,7.0,0.283,0.26,0.213,0.19,0.556,0.559,0.586,0.586,3.4,32.656,228890500.0
3.68,7.0,0.283,0.26,0.213,0.189,0.56,0.563,0.59,0.59,3.41,32.824,229514200.0
3.69,7.0,0.283,0.26,0.212,0.189,0.564,0.567,0.595,0.595,3.41,32.99,230137900.0
3.7,7.0,0.283,0.26,0.212,0.189,0.569,0.571,0.599,0.599,3.42,33.154,230761500.0
3.71,7.0,0.283,0.26,0.211,0.188,0.573,0.576,0.603,0.603,3.42,33.316,231385200.0
3.72,7.0,0.283,0.26,0.211,0.188,0.577,0.58,0.607,0.607,3.43,33.475,232008900.0
3.73,7.0,0.283,0.261,0.21,0.187,0.582,0.584,0.612,0.612,3.43,33.632,232632600.0
3.74,7.0,0.283,0.261,0.21,0.187,0.586,0.589,0.616,0.616,3.44,33.788,233256200.0
3.75,7.0,0.283,0.261,0.209,0.187,0.59,0.593,0.62,0.62,3.44,33.941,233879900.0
3.76,7.0,0.283,0.261,0.209,0.186,0.594,0.597,0.625,0.625,3.45,34.092,234503600.0
3.77,7.0,0.283,0.261,0.208,0.186,0.599,0.601,0.629,0.629,3.45,34.241,235127300.0
3.78,7.0,0.283,0.261,0.208,0.186,0.603,0.606,0.633,0.633,3.46,34.389,235751000.0
3.79,7.0,0.283,0.261,0.207,0.185,0.607,0.61,0.637,0.637,3.46,34.534,236374600.0
3.8,7.0,0.283,0.262,0.207,0.185,0.612,0.614,0.642,0.642,3.47,34.678,236998300.0
3.81,7.0,0.283,0.262,0.206,0.184,0.616,0.619,0.646,0.646,3.47,34.82,237622000.0
3.82,7.0,0.284,0.262,0.206,0.184,0.62,0.623,0.65,0.65,3.48,34.96,238245700.0
3.83,7.0,0.284,0.262,0.205,0.184,0.624,0.627,0.654,0.654,3.48,35.099,238869400.0
3.84,7.0,0.284,0.262,0.205,0.183,0.629,0.631,0.659,0.659,3.49,35.235,239493000.0
3.85,7.0,0.284,0.262,0.204,0.183,0.633,0.636,0.663,0.663,3.49,35.37,240116700.0
3.86,7.0,0.284,0.262,0.204,0.183,0.637,0.64,0.667,0.667,3.5,35.504,240740400.0
3.87,7.0,0.284,0.263,0.204,0.182,0.642,0.644,0.671,0.671,3.5,35.636,241364100.0
3.88,7.0,0.284,0.263,0.203,0.182,0.646,0.649,0.676,0.676,3.51,35.766,241987800.0
3.89,7.0,0.284,0.263,0.203,0.181,0.65,0.653,0.68,0.68,3.51,35.895,242611500.0
3.9,7.0,0.284,0.263,0.202,0.181,0.655,0.657,0.684,0.684,3.52,36.022,243235100.0
3.91,7.0,0.284,0.263,0.202,0.181,0.659,0.661,0.689,0.689,3.52,36.148,243858800.0
3.92,7.0,0.284,0.263,0.201,0.18,0.663,0.666,0.693,0.693,3.53,36.272,244482500.0
3.93,7.0,0.284,0.263,0.201,0.18,0.667,0.67,0.697,0.697,3.54,36.395,245106200.0
3.94,7.0,0.284,0.264,0.2,0.179,0.672,0.674,0.701,0.701,3.54,36.517,245729800.0
3.95,7.0,0.284,0.264,0.2,0.179,0.676,0.679,0.706,0.706,3.55,36.637,246353500.0
3.96,7.0,0.285,0.264,0.2,0.179,0.68,0.683,0.71,0.71,3.55,36.756,246977200.0
3.97,7.0,0.285,0.264,0.199,0.178,0.685,0.687,0.714,0.714,3.56,36.873,247600900.0
3.98,7.0,0.285,0.264,0.199,0.178,0.689,0.691,0.718,0.718,3.56,36.989,248224600.0
3.99,7.0,0.285,0.264,0.198,0.178,0.693,0.696,0.723,0.723,3.57,37.104,248848200.0
4.0,7.0,0.285,0.264,0.198,0.177,0.697,0.7,0.727,0.727,3.57,37.218,249471900.0
4.01,7.0,0.285,0.265,0.197,0.177,0.702,0.704,0.731,0.731,3.58,37.33,250095600.0
4.02,7.0,0.285,0.265,0.197,0.176,0.706,0.709,0.736,0.736,3.58,37.442,250719300.0
4.03,7.0,0.285,0.265,0.197,0.176,0.71,0.713,0.74,0.74,3.59,37.552,251343000.0
4.04,7.0,0.285,0.265,0.196,0.176,0.715,0.717,0.744,0.744,3.59,37.66,251966600.0
4.05,7.0,0.285,0.265,0.196,0.175,0.719,0.721,0.748,0.748,3.6,37.768,252590300.0
4.06,7.0,0.286,0.265,0.195,0.175,0.723,0.726,0.753,0.753,3.6,37.875,253214000.0
4.07,7.0,0.286,0.266,0.195,0.175,0.727,0.73,0.757,0.757,3.61,37.98,253837700.0
4.08,7.0,0.286,0.266,0.194,0.174,0.732,0.734,0.761,0.761,3.61,38.084,254461400.0
4.09,7.0,0.286,0.266,0.194,0.174,0.736,0.738,0.765,0.765,3.62,38.188,255085000.0
4.1,7.0,0.286,0.266,0.194,0.174,0.74,0.743,0.77,0.77,3.62,38.29,255708700.0
4.11,7.0,0.286,0.266,0.193,0.173,0.742,0.745,0.772,0.772,3.63,38.339,256332400.0
4.12,7.0,0.286,0.266,0.193,0.173,0.743,0.746,0.773,0.773,3.63,38.365,256956100.0
4.13,7.0,0.285,0.266,0.192,0.173,0.744,0.747,0.774,0.774,3.64,38.392,257579800.0
4.14,7.0,0.285,0.265,0.192,0.172,0.746,0.748,0.775,0.775,3.64,38.419,258203400.0
4.15,7.0,0.285,0.265,0.192,0.172,0.747,0.749,0.776,0.776,3.65,38.445,258827100.0
4.16,7.0,0.284,0.265,0.191,0.172,0.748,0.75,0.777,0.777,3.65,38.472,259450800.0
4.17,7.0,0.284,0.265,0.191,0.171,0.749,0.751,0.778,0.778,3.66,38.499,260074500.0
4.18,7.0,0.284,0.264,0.19,0.171,0.75,0.752,0.779,0.779,3.66,38.526,260698100.0
4.19,7.0,0.284,0.264,0.19,0.171,0.751,0.753,0.78,0.78,3.67,38.553,261321800.0
4.2,7.0,0.283,0.264,0.19,0.17,0.752,0.754,0.781,0.781,3.67,38.58,261945500.0
4.21,7.0,0.283,0.264,0.189,0.17,0.753,0.755,0.782,0.782,3.68,38.607,262569200.0
4.22,7.0,0.283,0.264,0.189,0.17,0.754,0.756,0.783,0.783,3.68,38.634,263192900.0
4.23,7.0,0.283,0.263,0.188,0.169,0.755,0.757,0.784,0.784,3.69,38.659,263816600.0
4.24,7.0,0.282,0.263,0.188,0.169,0.755,0.758,0.784,0.784,3.68,38.684,264440200.0
4.25,7.0,0.282,0.263,0.188,0.169,0.756,0.758,0.784,0.784,3.68,38.709,265063900.0
4.26,7.0,0.281,0.263,0.187,0.168,0.756,0.758,0.784,0.784,3.68,38.735,265687600.0
4.27,7.0,0.281,0.262,0.187,0.168,0.756,0.758,0.785,0.785,3.68,38.76,266311300.0
4.28,7.0,0.281,0.262,0.186,0.168,0.756,0.759,0.785,0.785,3.68,38.785,266935000.0
4.29,7.0,0.28,0.262,0.186,0.167,0.757,0.759,0.785,0.785,3.68,38.809,267558600.0
4.3,7.0,0.28,0.261,0.186,0.167,0.757,0.759,0.785,0.785,3.67,38.834,268182300.0
4.31,7.0,0.28,0.261,0.185,0.167,0.757,0.759,0.786,0.786,3.67,38.858,268806000.0
4.32,7.0,0.279,0.261,0.185,0.166,0.757,0.76,0.786,0.786,3.67,38.883,269429700.0
4.33,7.0,0.279,0.261,0.185,0.166,0.758,0.76,0.786,0.786,3.67,38.907,270053300.0
4.34,7.0,0.279,0.26,0.184,0.166,0.758,0.76,0.786,0.786,3.67,38.931,270677100.0
4.35,7.0,0.278,0.26,0.184,0.165,0.758,0.761,0.787,0.787,3.67,38.955,271300700.0
4.36,7.0,0.278,0.26,0.183,0.165,0.759,0.761,0.787,0.787,3.66,38.979,271924400.0
4.37,7.0,0.278,0.259,0.183,0.165,0.759,0.761,0.787,0.787,3.66,39.002,272548100.0
4.38,7.0,0.277,0.259,0.183,0.164,0.759,0.761,0.787,0.787,3.66,39.026,273171700.0
4.39,7.0,0.277,0.259,0.182,0.164,0.759,0.762,0.788,0.788,3.66,39.049,273795400.0
4.4,7.0,0.277,0.259,0.182,0.164,0.76,0.762,0.788,0.788,3.66,39.073,274419100.0
4.41,7.0,0.276,0.258,0.182,0.164,0.76,0.762,0.788,0.788,3.66,39.096,275042800.0
4.42,7.0,0.276,0.258,0.181,0.163,0.76,0.763,0.788,0.788,3.65,39.119,275666500.0
4.43,7.0,0.276,0.258,0.181,0.163,0.761,0.763,0.789,0.789,3.65,39.142,276290100.0
4.44,7.0,0.275,0.258,0.181,0.163,0.761,0.763,0.789,0.789,3.65,39.165,276913800.0
4.45,7.0,0.275,0.257,0.18,0.162,0.761,0.763,0.789,0.789,3.65,39.188,277537500.0
4.46,7.0,0.275,0.257,0.18,0.162,0.761,0.764,0.789,0.789,3.65,39.21,278161200.0
4.47,7.0,0.274,0.257,0.179,0.162,0.762,0.764,0.79,0.79,3.65,39.233,278784900.0
4.48,7.0,0.274,0.257,0.179,0.162,0.762,0.764,0.79,0.79,3.64,39.255,279408500.0
4.49,7.0,0.274,0.256,0.179,0.161,0.762,0.764,0.79,0.79,3.64,39.277,280032200.0
4.5,7.0,0.273,0.256,0.178,0.161,0.763,0.765,0.79,0.79,3.64,39.3,280655900.0
4.51,7.0,0.273,0.256,0.178,0.161,0.763,0.765,0.791,0.791,3.64,39.322,281279600.0
4.52,7.0,0.273,0.256,0.178,0.161,0.763,0.765,0.791,0.791,3.64,39.344,281903300.0
4.53,7.0,0.272,0.256,0.177,0.16,0.764,0.766,0.791,0.791,3.63,39.366,282527000.0
4.54,7.0,0.272,0.255,0.177,0.16,0.764,0.766,0.791,0.791,3.63,39.387,283150600.0
4.55,7.0,0.272,0.255,0.177,0.16,0.764,0.766,0.792,0.792,3.63,39.409,283774300.0
4.56,7.0,0.272,0.255,0.176,0.16,0.764,0.767,0.792,0.792,3.63,39.431,284398000.0
4.57,7.0,0.271,0.255,0.176,0.159,0.765,0.767,0.792,0.792,3.63,39.452,285021700.0
4.58,7.0,0.271,0.254,0.176,0.159,0.765,0.767,0.792,0.792,3.63,39.474,285645300.0
4.59,7.0,0.271,0.254,0.175,0.159,0.765,0.767,0.793,0.793,3.62,39.495,286269000.0
4.6,7.0,0.27,0.254,0.175,0.158,0.766,0.768,0.793,0.793,3.62,39.516,286892700.0
4.61,7.0,0.27,0.254,0.175,0.158,0.766,0.768,0.793,0.793,3.62,39.537,287516400.0
4.62,7.0,0.27,0.253,0.174,0.158,0.766,0.768,0.794,0.794,3.62,39.558,288140100.0
4.63,7.0,0.269,0.253,0.174,0.158,0.767,0.769,0.794,0.794,3.62,39.579,288763700.0
4.64,7.0,0.269,0.253,0.174,0.157,0.767,0.769,0.794,0.794,3.62,39.6,289387400.0
4.65,7.0,0.269,0.253,0.173,0.157,0.767,0.769,0.794,0.794,3.61,39.621,290011100.0
4.66,7.0,0.268,0.253,0.173,0.157,0.768,0.77,0.795,0.795,3.61,39.642,290634800.0
4.67,7.0,0.268,0.252,0.173,0.157,0.768,0.77,0.795,0.795,3.61,39.662,291258500.0
4.68,7.0,0.268,0.252,0.172,0.156,0.768,0.77,0.795,0.795,3.61,39.683,291882100.0
4.69,7.0,0.268,0.252,0.172,0.156,0.769,0.771,0.795,0.795,3.61,39.703,292505800.0
4.7,7.0,0.267,0.252,0.172,0.156,0.769,0.771,0.796,0.796,3.6,39.724,293129500.0
4.71,7.0,0.267,0.251,0.171,0.156,0.769,0.771,0.796,0.796,3.6,39.744,293753200.0
4.72,7.0,0.267,0.251,0.171,0.155,0.77,0.771,0.796,0.796,3.6,39.764,294376900.0
4.73,7.0,0.266,0.251,0.171,0.155,0.77,0.772,0.797,0.797,3.6,39.785,295000500.0
4.74,7.0,0.266,0.251,0.17,0.155,0.77,0.772,0.797,0.797,3.6,39.805,295624200.0
4.75,7.0,0.266,0.251,0.17,0.155,0.771,0.772,0.797,0.797,3.6,39.825,296247900.0
4.76,7.0,0.266,0.25,0.17,0.154,0.771,0.773,0.798,0.798,3.59,39.845,296871600.0
4.77,7.0,0.265,0.25,0.169,0.154,0.771,0.773,0.798,0.798,3.59,39.864,297495300.0
4.78,7.0,0.265,0.25,0.169,0.154,0.772,0.773,0.798,0.798,3.59,39.884,298118900.0
4.79,7.0,0.265,0.25,0.169,0.154,0.772,0.774,0.798,0.798,3.59,39.904,298742600.0
4.8,7.0,0.264,0.25,0.168,0.153,0.772,0.774,0.799,0.799,3.59,39.924,299366300.0
4.81,7.0,0.264,0.249,0.168,0.153,0.773,0.774,0.799,0.799,3.58,39.943,299990000.0
4.82,7.0,0.264,0.249,0.168,0.153,0.773,0.775,0.799,0.799,3.58,39.963,300613700.0
4.83,7.0,0.264,0.249,0.167,0.153,0.773,0.775,0.8,0.8,3.58,39.982,301237300.0
4.84,7.0,0.263,0.249,0.167,0.152,0.774,0.775,0.8,0.8,3.58,40.002,301861000.0
4.85,7.0,0.263,0.249,0.167,0.152,0.774,0.776,0.8,0.8,3.58,40.021,302484700.0
4.86,7.0,0.263,0.248,0.166,0.152,0.774,0.776,0.801,0.801,3.58,40.04,303108400.0
4.87,7.0,0.263,0.248,0.166,0.152,0.775,0.777,0.801,0.801,3.57,40.059,303732100.0
4.88,7.0,0.262,0.248,0.166,0.151,0.775,0.777,0.801,0.801,3.57,40.079,304355700.0
4.89,7.0,0.262,0.248,0.166,0.151,0.775,0.777,0.802,0.802,3.57,40.098,304979400.0
4.9,7.0,0.262,0.248,0.165,0.151,0.776,0.778,0.802,0.802,3.57,40.117,305603100.0
4.91,7.0,0.261,0.247,0.165,0.151,0.776,0.778,0.802,0.802,3.57,40.136,306226800.0
4.92,7.0,0.261,0.247,0.165,0.15,0.777,0.778,0.803,0.803,3.56,40.155,306850500.0
4.93,7.0,0.261,0.247,0.164,0.15,0.776,0.778,0.802,0.802,3.56,40.159,307474100.0
4.94,7.0,0.261,0.247,0.164,0.15,0.776,0.778,0.802,0.802,3.56,40.167,308097800.0
4.95,7.0,0.26,0.246,0.164,0.15,0.776,0.778,0.802,0.802,3.56,40.175,308721500.0
4.96,7.0,0.26,0.246,0.163,0.149,0.776,0.777,0.802,0.802,3.56,40.182,309345200.0
4.97,7.0,0.26,0.246,0.163,0.149,0.775,0.777,0.801,0.801,3.56,40.19,309968800.0
4.98,7.0,0.259,0.245,0.163,0.149,0.775,0.777,0.801,0.801,3.55,40.198,310592500.0
4.99,7.0,0.259,0.245,0.163,0.149,0.775,0.777,0.801,0.801,3.55,40.205,311216200.0
5.0,7.0,0.259,0.245,0.162,0.148,0.775,0.777,0.801,0.801,3.55,40.213,311839900.0
0.01,8.0,0.351,0.338,0.249,0.236,0.709,0.711,0.751,0.751,3.87,38.984,623680.0
0.02,8.0,0.404,0.391,0.302,0.289,0.702,0.704,0.751,0.751,3.87,38.984,1247360.0
0.03,8.0,0.415,0.402,0.313,0.3,0.7,0.702,0.751,0.751,3.87,38.984,1871039.0
0.04,8.0,0.417,0.404,0.315,0.302,0.7,0.702,0.751,0.751,3.87,38.984,2494719.0
0.05,8.0,0.416,0.403,0.315,0.302,0.7,0.702,0.751,0.751,3.87,38.984,3118399.0
0.06,8.0,0.415,0.402,0.313,0.3,0.7,0.702,0.751,0.751,3.87,38.984,3742079.0
0.07,8.0,0.413,0.4,0.311,0.298,0.701,0.702,0.751,0.751,3.87,38.984,4365758.0
0.08,8.0,0.411,0.398,0.309,0.296,0.701,0.703,0.751,0.751,3.87,38.984,4989438.0
0.09,8.0,0.409,0.396,0.307,0.294,0.701,0.703,0.751,0.751,3.87,38.984,5613118.0
0.1,8.0,0.408,0.395,0.307,0.293,0.701,0.703,0.751,0.751,3.87,38.984,6236798.0
0.11,8.0,0.408,0.395,0.306,0.293,0.701,0.703,0.751,0.751,3.87,38.984,6860478.0
0.12,8.0,0.408,0.395,0.306,0.293,0.701,0.703,0.751,0.751,3.87,38.984,7484158.0
0.13,8.0,0.408,0.395,0.306,0.293,0.701,0.703,0.751,0.751,3.87,38.984,8107837.0
0.14,8.0,0.408,0.395,0.306,0.293,0.701,0.703,0.751,0.751,3.87,38.984,8731517.0
0.15,8.0,0.408,0.395,0.306,0.293,0.701,0.703,0.751,0.751,3.87,38.984,9355197.0
0.16,8.0,0.408,0.395,0.306,0.293,0.701,0.703,0.751,0.751,3.87,38.984,9978877.0
0.17,8.0,0.408,0.395,0.306,0.293,0.701,0.703,0.751,0.751,3.87,38.984,10602560.0
0.18,8.0,0.408,0.395,0.306,0.293,0.701,0.703,0.751,0.751,3.87,38.984,11226240.0
0.19,8.0,0.408,0.395,0.306,0.293,0.701,0.703,0.751,0.751,3.87,38.984,11849920.0
0.2,8.0,0.408,0.395,0.306,0.293,0.701,0.703,0.751,0.751,3.87,38.984,12473600.0
0.21,8.0,0.408,0.395,0.306,0.293,0.701,0.703,0.751,0.751,3.87,38.984,13097280.0
0.22,8.0,0.408,0.395,0.306,0.293,0.701,0.703,0.751,0.751,3.87,38.984,13720960.0
0.23,8.0,0.408,0.395,0.306,0.293,0.701,0.703,0.751,0.751,3.87,38.984,14344640.0
0.24,8.0,0.408,0.395,0.306,0.293,0.701,0.703,0.751,0.751,3.87,38.984,14968320.0
0.25,8.0,0.408,0.395,0.306,0.293,0.701,0.703,0.751,0.751,3.87,38.984,15592000.0
0.26,8.0,0.407,0.394,0.306,0.293,0.701,0.703,0.751,0.751,3.87,38.984,16215670.0
0.27,8.0,0.407,0.394,0.306,0.293,0.701,0.703,0.751,0.751,3.87,38.984,16839360.0
0.28,8.0,0.407,0.394,0.306,0.293,0.701,0.703,0.751,0.751,3.87,38.984,17463030.0
0.29,8.0,0.407,0.394,0.306,0.293,0.701,0.703,0.751,0.751,3.87,38.984,18086710.0
0.3,8.0,0.407,0.394,0.306,0.293,0.701,0.703,0.751,0.751,3.87,38.984,18710390.0
0.31,8.0,0.407,0.394,0.306,0.293,0.701,0.703,0.751,0.751,3.87,38.984,19334070.0
0.32,8.0,0.407,0.394,0.306,0.293,0.701,0.703,0.751,0.751,3.87,38.984,19957750.0
0.33,8.0,0.407,0.394,0.306,0.293,0.701,0.703,0.751,0.751,3.87,38.984,20581430.0
0.34,8.0,0.407,0.394,0.306,0.292,0.701,0.703,0.751,0.751,3.87,38.984,21205110.0
0.35,8.0,0.407,0.394,0.306,0.292,0.701,0.703,0.751,0.751,3.87,38.984,21828790.0
0.36,8.0,0.407,0.394,0.306,0.292,0.701,0.703,0.751,0.751,3.87,38.984,22452470.0
0.37,8.0,0.407,0.394,0.306,0.292,0.701,0.703,0.751,0.751,3.87,38.984,23076150.0
0.38,8.0,0.407,0.394,0.305,0.292,0.701,0.703,0.751,0.751,3.87,38.984,23699830.0
0.39,8.0,0.407,0.394,0.305,0.292,0.701,0.703,0.751,0.751,3.87,38.984,24323510.0
0.4,8.0,0.407,0.394,0.305,0.292,0.701,0.703,0.751,0.751,3.87,38.984,24947190.0
0.41,8.0,0.407,0.394,0.305,0.292,0.701,0.703,0.751,0.751,3.87,38.984,25570870.0
0.42,8.0,0.407,0.394,0.305,0.292,0.701,0.703,0.751,0.751,3.87,38.984,26194550.0
0.43,8.0,0.407,0.394,0.305,0.292,0.701,0.703,0.751,0.751,3.87,38.984,26818230.0
0.44,8.0,0.407,0.394,0.305,0.292,0.701,0.703,0.751,0.751,3.87,38.984,27441910.0
0.45,8.0,0.407,0.394,0.305,0.292,0.701,0.703,0.751,0.751,3.87,38.984,28065590.0
0.46,8.0,0.407,0.394,0.305,0.292,0.701,0.703,0.751,0.751,3.87,38.984,28689270.0
0.47,8.0,0.407,0.394,0.305,0.292,0.701,0.703,0.751,0.751,3.87,38.984,29312950.0
0.48,8.0,0.407,0.394,0.305,0.292,0.701,0.703,0.751,0.751,3.87,38.984,29936630.0
0.49,8.0,0.407,0.394,0.305,0.292,0.701,0.703,0.751,0.751,3.87,38.984,30560310.0
0.5,8.0,0.407,0.394,0.305,0.292,0.701,0.703,0.751,0.751,3.87,38.984,31183990.0
0.51,8.0,0.407,0.394,0.305,0.292,0.701,0.703,0.751,0.751,3.87,38.984,31807670.0
0.52,8.0,0.407,0.394,0.305,0.292,0.701,0.703,0.751,0.751,3.87,38.984,32431350.0
0.53,8.0,0.407,0.393,0.305,0.292,0.701,0.703,0.751,0.751,3.87,38.984,33055030.0
0.54,8.0,0.406,0.393,0.305,0.292,0.701,0.703,0.751,0.751,3.87,38.984,33678710.0
0.55,8.0,0.406,0.393,0.305,0.292,0.701,0.703,0.751,0.751,3.87,38.984,34302390.0
0.56,8.0,0.406,0.393,0.305,0.292,0.701,0.703,0.751,0.751,3.87,38.984,34926070.0
0.57,8.0,0.406,0.393,0.305,0.292,0.701,0.703,0.751,0.751,3.87,38.984,35549750.0
0.58,8.0,0.406,0.393,0.305,0.292,0.701,0.703,0.751,0.751,3.87,38.984,36173430.0
0.59,8.0,0.406,0.393,0.305,0.291,0.701,0.703,0.751,0.751,3.87,38.984,36797110.0
0.6,8.0,0.406,0.393,0.305,0.291,0.701,0.703,0.751,0.751,3.87,38.984,37420790.0
0.61,8.0,0.406,0.392,0.305,0.291,0.701,0.703,0.751,0.751,3.87,38.984,38044470.0
0.62,8.0,0.406,0.392,0.305,0.29,0.701,0.703,0.751,0.751,3.87,38.984,38668150.0
0.63,8.0,0.406,0.392,0.305,0.29,0.701,0.703,0.751,0.751,3.87,38.984,39291830.0
0.64,8.0,0.406,0.392,0.305,0.29,0.701,0.704,0.751,0.751,3.87,38.984,39915510.0
0.65,8.0,0.406,0.391,0.305,0.289,0.701,0.704,0.751,0.751,3.87,38.984,40539180.0
0.66,8.0,0.406,0.391,0.304,0.289,0.701,0.704,0.751,0.751,3.87,38.984,41162870.0
0.67,8.0,0.406,0.391,0.304,0.289,0.701,0.704,0.751,0.751,3.87,38.984,41786550.0
0.68,8.0,0.406,0.39,0.304,0.289,0.701,0.704,0.751,0.751,3.87,38.984,42410230.0
0.69,8.0,0.406,0.39,0.304,0.288,0.701,0.704,0.751,0.751,3.87,38.984,43033900.0
0.7,8.0,0.406,0.39,0.304,0.288,0.701,0.704,0.751,0.751,3.87,38.984,43657580.0
0.71,8.0,0.406,0.389,0.304,0.288,0.702,0.704,0.751,0.751,3.87,38.984,44281260.0
0.72,8.0,0.406,0.389,0.304,0.287,0.701,0.703,0.751,0.751,3.87,38.974,44904950.0
0.73,8.0,0.405,0.388,0.304,0.287,0.698,0.7,0.748,0.748,3.87,38.903,45528630.0
0.74,8.0,0.405,0.388,0.304,0.287,0.695,0.697,0.744,0.744,3.87,38.831,46152300.0
0.75,8.0,0.404,0.387,0.304,0.286,0.692,0.694,0.741,0.741,3.87,38.759,46775980.0
0.76,8.0,0.404,0.386,0.304,0.286,0.689,0.691,0.738,0.738,3.87,38.686,47399660.0
0.77,8.0,0.403,0.385,0.304,0.286,0.686,0.688,0.735,0.735,3.87,38.612,48023340.0
0.78,8.0,0.403,0.385,0.304,0.286,0.683,0.685,0.732,0.732,3.87,38.538,48647020.0
0.79,8.0,0.403,0.384,0.304,0.285,0.68,0.682,0.729,0.729,3.87,38.463,49270700.0
0.8,8.0,0.402,0.383,0.304,0.285,0.676,0.679,0.726,0.726,3.87,38.387,49894380.0
0.81,8.0,0.402,0.382,0.304,0.285,0.673,0.676,0.723,0.723,3.87,38.311,50518060.0
0.82,8.0,0.401,0.382,0.304,0.284,0.67,0.673,0.72,0.72,3.87,38.234,51141740.0
0.83,8.0,0.401,0.381,0.304,0.284,0.667,0.67,0.717,0.717,3.87,38.157,51765420.0
0.84,8.0,0.4,0.38,0.304,0.284,0.664,0.667,0.713,0.713,3.87,38.079,52389100.0
0.85,8.0,0.4,0.38,0.304,0.283,0.661,0.664,0.71,0.71,3.87,38.0,53012780.0
0.86,8.0,0.399,0.379,0.304,0.283,0.658,0.661,0.707,0.707,3.87,37.92,53636460.0
0.87,8.0,0.399,0.378,0.304,0.283,0.655,0.658,0.704,0.704,3.87,37.84,54260140.0
0.88,8.0,0.398,0.377,0.304,0.283,0.652,0.655,0.701,0.701,3.87,37.759,54883820.0
0.89,8.0,0.398,0.377,0.304,0.282,0.649,0.652,0.698,0.698,3.87,37.677,55507500.0
0.9,8.0,0.397,0.376,0.304,0.282,0.646,0.649,0.695,0.695,3.87,37.595,56131180.0
0.91,8.0,0.399,0.377,0.306,0.284,0.639,0.642,0.689,0.689,3.85,37.416,56754860.0
0.92,8.0,0.404,0.382,0.312,0.29,0.632,0.635,0.682,0.682,3.83,37.238,57378540.0
0.93,8.0,0.415,0.392,0.324,0.3,0.625,0.628,0.676,0.676,3.81,37.059,58002220.0
0.94,8.0,0.428,0.404,0.338,0.313,0.617,0.62,0.67,0.67,3.78,36.881,58625900.0
0.95,8.0,0.441,0.416,0.352,0.326,0.608,0.612,0.664,0.664,3.76,36.702,59249580.0
0.96,8.0,0.454,0.428,0.366,0.339,0.6,0.604,0.658,0.658,3.74,36.524,59873260.0
0.97,8.0,0.467,0.44,0.38,0.352,0.592,0.596,0.652,0.652,3.72,36.345,60496940.0
0.98,8.0,0.481,0.452,0.395,0.365,0.584,0.588,0.645,0.645,3.7,36.167,61120620.0
0.99,8.0,0.494,0.463,0.409,0.378,0.576,0.58,0.639,0.639,3.67,35.988,61744300.0
1.0,8.0,0.507,0.475,0.423,0.391,0.568,0.573,0.633,0.633,3.65,35.81,62367980.0
1.01,8.0,0.52,0.487,0.437,0.404,0.56,0.565,0.627,0.627,3.63,35.631,62991660.0
1.02,8.0,0.533,0.499,0.451,0.417,0.552,0.557,0.621,0.621,3.61,35.453,63615340.0
1.03,8.0,0.546,0.511,0.465,0.43,0.544,0.549,0.615,0.615,3.59,35.274,64239020.0
1.04,8.0,0.56,0.523,0.48,0.443,0.536,0.541,0.608,0.608,3.57,35.096,64862700.0
1.05,8.0,0.573,0.535,0.494,0.456,0.528,0.533,0.602,0.602,3.54,34.917,65486380.0
1.06,8.0,0.572,0.534,0.493,0.455,0.526,0.531,0.601,0.601,3.55,34.758,66110060.0
1.07,8.0,0.571,0.533,0.492,0.454,0.524,0.53,0.599,0.599,3.56,34.603,66733740.0
1.08,8.0,0.569,0.532,0.491,0.454,0.523,0.528,0.597,0.597,3.57,34.45,67357420.0
1.09,8.0,0.568,0.531,0.49,0.453,0.521,0.526,0.595,0.595,3.58,34.298,67981100.0
1.1,8.0,0.567,0.53,0.489,0.452,0.519,0.524,0.593,0.593,3.59,34.148,68604780.0
1.11,8.0,0.566,0.529,0.488,0.452,0.517,0.522,0.591,0.591,3.59,33.999,69228460.0
1.12,8.0,0.565,0.528,0.487,0.451,0.515,0.52,0.588,0.588,3.6,33.85,69852140.0
1.13,8.0,0.563,0.527,0.487,0.45,0.513,0.518,0.586,0.586,3.61,33.702,70475820.0
1.14,8.0,0.562,0.526,0.486,0.449,0.511,0.516,0.584,0.584,3.61,33.554,71099500.0
1.15,8.0,0.561,0.525,0.485,0.449,0.509,0.514,0.582,0.582,3.62,33.406,71723180.0
1.16,8.0,0.559,0.523,0.483,0.447,0.507,0.512,0.579,0.579,3.62,33.258,72346860.0
1.17,8.0,0.557,0.521,0.481,0.445,0.504,0.509,0.577,0.577,3.63,33.11,72970540.0
1.18,8.0,0.555,0.519,0.479,0.444,0.502,0.507,0.575,0.575,3.64,32.961,73594220.0
1.19,8.0,0.553,0.517,0.478,0.442,0.5,0.505,0.572,0.572,3.64,32.811,74217900.0
1.2,8.0,0.55,0.515,0.476,0.44,0.498,0.503,0.57,0.57,3.65,32.662,74841580.0
1.21,8.0,0.548,0.513,0.474,0.438,0.496,0.501,0.567,0.567,3.65,32.511,75465260.0
1.22,8.0,0.546,0.511,0.472,0.437,0.494,0.499,0.565,0.565,3.65,32.36,76088940.0
1.23,8.0,0.544,0.509,0.47,0.435,0.492,0.497,0.563,0.563,3.66,32.208,76712620.0
1.24,8.0,0.542,0.507,0.469,0.433,0.489,0.494,0.56,0.56,3.66,32.056,77336300.0
1.25,8.0,0.54,0.505,0.467,0.431,0.487,0.492,0.558,0.558,3.67,31.902,77959980.0
1.26,8.0,0.538,0.503,0.465,0.43,0.485,0.49,0.555,0.555,3.67,31.748,78583660.0
1.27,8.0,0.536,0.501,0.463,0.428,0.483,0.488,0.552,0.552,3.68,31.593,79207340.0
1.28,8.0,0.534,0.499,0.462,0.426,0.48,0.485,0.55,0.55,3.68,31.436,79831020.0
1.29,8.0,0.532,0.496,0.46,0.424,0.478,0.483,0.547,0.547,3.68,31.279,80454690.0
1.3,8.0,0.53,0.494,0.458,0.423,0.476,0.481,0.545,0.545,3.69,31.12,81078370.0
1.31,8.0,0.527,0.492,0.456,0.421,0.473,0.478,0.542,0.542,3.69,30.961,81702050.0
1.32,8.0,0.525,0.49,0.455,0.419,0.471,0.476,0.54,0.54,3.7,30.8,82325740.0
1.33,8.0,0.523,0.488,0.453,0.418,0.469,0.474,0.537,0.537,3.7,30.638,82949420.0
1.34,8.0,0.521,0.486,0.451,0.416,0.466,0.471,0.534,0.534,3.7,30.475,83573100.0
1.35,8.0,0.519,0.484,0.45,0.414,0.464,0.469,0.532,0.532,3.71,30.31,84196780.0
1.36,8.0,0.517,0.482,0.448,0.412,0.462,0.467,0.529,0.529,3.71,30.144,84820460.0
1.37,8.0,0.515,0.48,0.446,0.411,0.459,0.464,0.527,0.527,3.71,29.977,85444140.0
1.38,8.0,0.513,0.478,0.445,0.409,0.457,0.462,0.524,0.524,3.72,29.808,86067810.0
1.39,8.0,0.511,0.476,0.443,0.407,0.455,0.46,0.521,0.521,3.72,29.638,86691490.0
1.4,8.0,0.509,0.474,0.441,0.406,0.452,0.457,0.519,0.519,3.72,29.466,87315170.0
1.41,8.0,0.507,0.472,0.44,0.404,0.45,0.455,0.516,0.516,3.73,29.293,87938850.0
1.42,8.0,0.505,0.47,0.438,0.402,0.447,0.452,0.513,0.513,3.73,29.118,88562530.0
1.43,8.0,0.503,0.468,0.436,0.401,0.445,0.45,0.511,0.511,3.73,28.942,89186210.0
1.44,8.0,0.501,0.466,0.435,0.399,0.442,0.447,0.508,0.508,3.73,28.764,89809900.0
1.45,8.0,0.499,0.464,0.433,0.397,0.44,0.445,0.505,0.505,3.73,28.584,90433580.0
1.46,8.0,0.497,0.462,0.431,0.396,0.438,0.443,0.503,0.503,3.73,28.402,91057260.0
1.47,8.0,0.495,0.46,0.43,0.394,0.435,0.44,0.5,0.5,3.72,28.219,91680940.0
1.48,8.0,0.493,0.458,0.428,0.393,0.433,0.438,0.497,0.497,3.72,28.034,92304610.0
1.49,8.0,0.491,0.456,0.427,0.391,0.43,0.435,0.494,0.494,3.72,27.847,92928290.0
1.5,8.0,0.489,0.454,0.425,0.389,0.428,0.433,0.492,0.492,3.72,27.658,93551970.0
1.51,8.0,0.487,0.452,0.423,0.388,0.425,0.43,0.489,0.489,3.71,27.467,94175650.0
1.52,8.0,0.485,0.45,0.422,0.386,0.423,0.428,0.486,0.486,3.71,27.275,94799330.0
1.53,8.0,0.483,0.448,0.42,0.385,0.42,0.425,0.483,0.483,3.71,27.08,95423010.0
1.54,8.0,0.481,0.446,0.419,0.383,0.418,0.423,0.481,0.481,3.7,26.883,96046690.0
1.55,8.0,0.479,0.444,0.417,0.381,0.415,0.42,0.478,0.478,3.7,26.684,96670370.0
1.56,8.0,0.478,0.442,0.415,0.38,0.413,0.418,0.475,0.475,3.7,26.483,97294050.0
1.57,8.0,0.476,0.44,0.414,0.378,0.41,0.415,0.472,0.472,3.69,26.28,97917730.0
1.58,8.0,0.474,0.438,0.412,0.377,0.408,0.413,0.47,0.47,3.69,26.074,98541410.0
1.59,8.0,0.472,0.437,0.411,0.375,0.405,0.41,0.467,0.467,3.69,25.866,99165090.0
1.6,8.0,0.47,0.435,0.409,0.374,0.403,0.408,0.464,0.464,3.69,25.656,99788770.0
1.61,8.0,0.468,0.433,0.408,0.372,0.4,0.405,0.461,0.461,3.68,25.443,100412400.0
1.62,8.0,0.466,0.431,0.406,0.371,0.398,0.403,0.459,0.459,3.68,25.228,101036100.0
1.63,8.0,0.464,0.429,0.405,0.369,0.395,0.4,0.456,0.456,3.68,25.01,101659800.0
1.64,8.0,0.462,0.427,0.403,0.368,0.392,0.397,0.453,0.453,3.67,24.79,102283500.0
1.65,8.0,0.46,0.425,0.402,0.366,0.39,0.395,0.45,0.45,3.67,24.567,102907200.0
1.66,8.0,0.458,0.423,0.4,0.365,0.387,0.392,0.447,0.447,3.67,24.342,103530800.0
1.67,8.0,0.457,0.421,0.399,0.363,0.385,0.39,0.445,0.445,3.66,24.114,104154500.0
1.68,8.0,0.455,0.419,0.397,0.362,0.382,0.387,0.442,0.442,3.66,23.883,104778200.0
1.69,8.0,0.453,0.418,0.396,0.36,0.38,0.385,0.439,0.439,3.65,23.649,105401900.0
1.7,8.0,0.451,0.416,0.394,0.359,0.377,0.382,0.436,0.436,3.65,23.412,106025600.0
1.71,8.0,0.449,0.414,0.393,0.357,0.374,0.379,0.433,0.433,3.65,23.172,106649200.0
1.72,8.0,0.447,0.412,0.391,0.356,0.372,0.377,0.43,0.43,3.64,22.929,107272900.0
1.73,8.0,0.445,0.41,0.39,0.354,0.369,0.374,0.428,0.428,3.64,22.683,107896600.0
1.74,8.0,0.444,0.408,0.388,0.353,0.367,0.372,0.425,0.425,3.64,22.434,108520300.0
1.75,8.0,0.442,0.406,0.387,0.351,0.364,0.369,0.422,0.422,3.63,22.181,109144000.0
1.76,8.0,0.44,0.405,0.385,0.35,0.361,0.366,0.419,0.419,3.63,21.926,109767600.0
1.77,8.0,0.438,0.403,0.384,0.348,0.359,0.364,0.416,0.416,3.63,21.666,110391300.0
1.78,8.0,0.436,0.401,0.382,0.347,0.356,0.361,0.413,0.413,3.62,21.403,111015000.0
1.79,8.0,0.434,0.399,0.381,0.345,0.354,0.359,0.411,0.411,3.62,21.137,111638700.0
1.8,8.0,0.433,0.398,0.379,0.344,0.352,0.357,0.409,0.409,3.61,20.966,112262400.0
1.81,8.0,0.431,0.396,0.378,0.343,0.353,0.357,0.409,0.409,3.61,20.962,112886000.0
1.82,8.0,0.43,0.395,0.377,0.341,0.353,0.358,0.409,0.409,3.61,20.959,113509700.0
1.83,8.0,0.429,0.393,0.375,0.34,0.353,0.358,0.41,0.41,3.6,20.956,114133400.0
1.84,8.0,0.427,0.392,0.374,0.338,0.354,0.359,0.41,0.41,3.6,20.953,114757100.0
1.85,8.0,0.426,0.391,0.372,0.337,0.354,0.359,0.41,0.41,3.59,20.95,115380800.0
1.86,8.0,0.424,0.389,0.371,0.335,0.355,0.36,0.41,0.41,3.59,20.947,116004400.0
1.87,8.0,0.423,0.388,0.37,0.334,0.355,0.36,0.411,0.411,3.59,20.944,116628100.0
1.88,8.0,0.422,0.387,0.368,0.333,0.356,0.36,0.411,0.411,3.58,20.942,117251800.0
1.89,8.0,0.42,0.385,0.367,0.331,0.356,0.361,0.411,0.411,3.58,20.939,117875500.0
1.9,8.0,0.419,0.384,0.365,0.33,0.356,0.361,0.411,0.411,3.57,20.936,118499200.0
1.91,8.0,0.418,0.383,0.364,0.329,0.357,0.362,0.411,0.411,3.57,20.934,119122800.0
1.92,8.0,0.416,0.381,0.363,0.327,0.357,0.362,0.412,0.412,3.57,20.931,119746500.0
1.93,8.0,0.415,0.38,0.361,0.326,0.358,0.362,0.412,0.412,3.56,20.929,120370200.0
1.94,8.0,0.414,0.379,0.36,0.324,0.358,0.363,0.412,0.412,3.56,20.926,120993900.0
1.95,8.0,0.412,0.377,0.359,0.323,0.358,0.363,0.412,0.412,3.55,20.924,121617600.0
1.96,8.0,0.411,0.376,0.357,0.322,0.359,0.364,0.412,0.412,3.55,20.922,122241200.0
1.97,8.0,0.41,0.375,0.356,0.32,0.359,0.364,0.413,0.413,3.55,20.92,122864900.0
1.98,8.0,0.408,0.373,0.354,0.319,0.359,0.364,0.413,0.413,3.54,20.917,123488600.0
1.99,8.0,0.407,0.372,0.353,0.317,0.36,0.365,0.413,0.413,3.54,20.915,124112300.0
2.0,8.0,0.406,0.37,0.352,0.316,0.36,0.365,0.413,0.413,3.53,20.913,124736000.0
2.01,8.0,0.405,0.369,0.351,0.315,0.361,0.366,0.413,0.413,3.53,20.911,125359600.0
2.02,8.0,0.403,0.368,0.349,0.313,0.361,0.366,0.414,0.414,3.52,20.909,125983300.0
2.03,8.0,0.402,0.367,0.348,0.312,0.361,0.366,0.414,0.414,3.52,20.907,126607000.0
2.04,8.0,0.401,0.365,0.347,0.311,0.362,0.367,0.414,0.414,3.52,20.906,127230700.0
2.05,8.0,0.4,0.364,0.346,0.309,0.362,0.367,0.414,0.414,3.51,20.904,127854400.0
2.06,8.0,0.399,0.363,0.344,0.308,0.362,0.367,0.414,0.414,3.51,20.902,128478000.0
2.07,8.0,0.398,0.361,0.343,0.307,0.363,0.368,0.414,0.414,3.5,20.9,129101700.0
2.08,8.0,0.396,0.36,0.342,0.305,0.363,0.368,0.415,0.415,3.5,20.899,129725400.0
2.09,8.0,0.395,0.359,0.341,0.304,0.363,0.368,0.415,0.415,3.49,20.897,130349100.0
2.1,8.0,0.394,0.358,0.34,0.303,0.364,0.369,0.415,0.415,3.49,20.896,130972800.0
2.11,8.0,0.393,0.356,0.338,0.302,0.364,0.369,0.415,0.415,3.48,20.894,131596400.0
2.12,8.0,0.392,0.355,0.337,0.3,0.364,0.369,0.415,0.415,3.48,20.893,132220100.0
2.13,8.0,0.391,0.354,0.336,0.299,0.364,0.37,0.415,0.415,3.48,20.891,132843800.0
2.14,8.0,0.389,0.353,0.335,0.298,0.365,0.37,0.415,0.415,3.47,20.89,133467500.0
2.15,8.0,0.388,0.351,0.334,0.297,0.365,0.37,0.416,0.416,3.47,20.889,134091200.0
2.16,8.0,0.387,0.35,0.333,0.295,0.365,0.371,0.416,0.416,3.46,20.888,134714800.0
2.17,8.0,0.386,0.349,0.331,0.294,0.366,0.371,0.416,0.416,3.46,20.886,135338500.0
2.18,8.0,0.385,0.348,0.33,0.293,0.366,0.371,0.416,0.416,3.45,20.885,135962200.0
2.19,8.0,0.384,0.347,0.329,0.292,0.366,0.371,0.416,0.416,3.45,20.884,136585900.0
2.2,8.0,0.383,0.345,0.328,0.29,0.367,0.372,0.416,0.416,3.44,20.883,137209600.0
2.21,8.0,0.382,0.344,0.327,0.289,0.367,0.372,0.416,0.416,3.44,20.882,137833200.0
2.22,8.0,0.38,0.343,0.326,0.288,0.367,0.372,0.416,0.416,3.43,20.881,138456900.0
2.23,8.0,0.379,0.342,0.325,0.287,0.367,0.373,0.417,0.417,3.43,20.88,139080600.0
2.24,8.0,0.378,0.341,0.323,0.285,0.368,0.373,0.417,0.417,3.42,20.879,139704300.0
2.25,8.0,0.377,0.34,0.322,0.284,0.368,0.373,0.417,0.417,3.42,20.879,140328000.0
2.26,8.0,0.376,0.338,0.321,0.283,0.368,0.373,0.417,0.417,3.41,20.878,140951600.0
2.27,8.0,0.375,0.337,0.32,0.282,0.368,0.374,0.417,0.417,3.41,20.877,141575300.0
2.28,8.0,0.374,0.336,0.319,0.281,0.369,0.374,0.417,0.417,3.4,20.877,142199000.0
2.29,8.0,0.373,0.335,0.318,0.28,0.369,0.375,0.418,0.418,3.4,20.894,142822700.0
2.3,8.0,0.372,0.334,0.317,0.278,0.37,0.376,0.419,0.419,3.4,20.923,143446400.0
2.31,8.0,0.371,0.333,0.316,0.277,0.372,0.377,0.42,0.42,3.4,20.952,144070000.0
2.32,8.0,0.37,0.332,0.315,0.276,0.373,0.378,0.42,0.42,3.41,20.981,144693700.0
2.33,8.0,0.369,0.331,0.314,0.275,0.374,0.379,0.421,0.421,3.41,21.01,145317400.0
2.34,8.0,0.368,0.33,0.313,0.274,0.375,0.38,0.422,0.422,3.41,21.04,145941100.0
2.35,8.0,0.367,0.329,0.312,0.273,0.376,0.381,0.423,0.423,3.41,21.07,146564800.0
2.36,8.0,0.366,0.328,0.311,0.271,0.377,0.382,0.424,0.424,3.41,21.1,147188400.0
2.37,8.0,0.366,0.327,0.309,0.27,0.378,0.383,0.425,0.425,3.41,21.13,147812100.0
2.38,8.0,0.365,0.326,0.308,0.269,0.379,0.384,0.426,0.426,3.41,21.16,148435800.0
2.39,8.0,0.364,0.325,0.307,0.268,0.38,0.385,0.427,0.427,3.41,21.19,149059500.0
2.4,8.0,0.363,0.324,0.306,0.267,0.381,0.386,0.427,0.427,3.41,21.22,149683200.0
2.41,8.0,0.362,0.323,0.305,0.266,0.382,0.387,0.428,0.428,3.41,21.251,150306800.0
2.42,8.0,0.361,0.322,0.304,0.265,0.383,0.388,0.429,0.429,3.41,21.282,150930500.0
2.43,8.0,0.36,0.321,0.303,0.264,0.384,0.389,0.43,0.43,3.41,21.312,151554200.0
2.44,8.0,0.359,0.32,0.302,0.263,0.385,0.39,0.431,0.431,3.41,21.343,152177900.0
2.45,8.0,0.358,0.319,0.301,0.261,0.386,0.391,0.432,0.432,3.41,21.375,152801600.0
2.46,8.0,0.358,0.318,0.3,0.261,0.387,0.392,0.433,0.433,3.41,21.406,153425200.0
2.47,8.0,0.357,0.318,0.299,0.26,0.388,0.393,0.433,0.433,3.41,21.437,154048900.0
2.48,8.0,0.356,0.317,0.298,0.259,0.389,0.394,0.434,0.434,3.42,21.469,154672600.0
2.49,8.0,0.355,0.316,0.297,0.258,0.39,0.395,0.435,0.435,3.42,21.5,155296300.0
2.5,8.0,0.354,0.316,0.296,0.257,0.39,0.396,0.436,0.436,3.42,21.532,155920000.0
2.51,8.0,0.353,0.315,0.295,0.257,0.391,0.397,0.437,0.437,3.42,21.564,156543600.0
2.52,8.0,0.352,0.314,0.294,0.256,0.392,0.398,0.438,0.438,3.42,21.596,157167300.0
2.53,8.0,0.352,0.314,0.293,0.255,0.393,0.399,0.438,0.438,3.42,21.628,157791000.0
2.54,8.0,0.351,0.313,0.293,0.254,0.394,0.4,0.439,0.439,3.42,21.66,158414700.0
2.55,8.0,0.35,0.312,0.292,0.254,0.395,0.401,0.44,0.44,3.42,21.692,159038400.0
2.56,8.0,0.349,0.312,0.291,0.253,0.396,0.401,0.441,0.441,3.42,21.725,159662000.0
2.57,8.0,0.348,0.311,0.29,0.252,0.397,0.402,0.442,0.442,3.42,21.757,160285700.0
2.58,8.0,0.348,0.31,0.289,0.251,0.398,0.403,0.443,0.443,3.42,21.79,160909400.0
2.59,8.0,0.347,0.31,0.288,0.251,0.399,0.404,0.443,0.443,3.42,21.823,161533100.0
2.6,8.0,0.346,0.309,0.287,0.25,0.4,0.405,0.444,0.444,3.42,21.856,162156700.0
2.61,8.0,0.345,0.309,0.286,0.249,0.401,0.406,0.445,0.445,3.42,21.889,162780400.0
2.62,8.0,0.344,0.308,0.285,0.248,0.402,0.407,0.446,0.446,3.42,21.922,163404100.0
2.63,8.0,0.344,0.307,0.284,0.248,0.403,0.408,0.447,0.447,3.42,21.955,164027800.0
2.64,8.0,0.343,0.307,0.283,0.247,0.404,0.409,0.447,0.447,3.42,21.988,164651500.0
2.65,8.0,0.342,0.306,0.282,0.246,0.405,0.41,0.448,0.448,3.42,22.022,165275200.0
2.66,8.0,0.341,0.306,0.281,0.245,0.405,0.41,0.449,0.449,3.42,22.055,165898800.0
2.67,8.0,0.34,0.305,0.281,0.245,0.406,0.411,0.45,0.45,3.42,22.089,166522500.0
2.68,8.0,0.34,0.304,0.28,0.244,0.407,0.412,0.451,0.451,3.42,22.123,167146200.0
2.69,8.0,0.339,0.304,0.279,0.243,0.408,0.413,0.451,0.451,3.42,22.156,167769900.0
2.7,8.0,0.338,0.303,0.278,0.243,0.409,0.414,0.452,0.452,3.42,22.19,168393600.0
2.71,8.0,0.337,0.303,0.277,0.242,0.41,0.415,0.453,0.453,3.42,22.224,169017200.0
2.72,8.0,0.337,0.302,0.276,0.241,0.411,0.416,0.454,0.454,3.42,22.258,169640900.0
2.73,8.0,0.336,0.301,0.275,0.241,0.412,0.416,0.454,0.454,3.42,22.293,170264600.0
2.74,8.0,0.335,0.301,0.274,0.24,0.413,0.417,0.455,0.455,3.42,22.327,170888300.0
2.75,8.0,0.334,0.3,0.274,0.239,0.413,0.418,0.456,0.456,3.42,22.361,171512000.0
2.76,8.0,0.334,0.3,0.273,0.239,0.414,0.419,0.457,0.457,3.42,22.396,172135600.0
2.77,8.0,0.333,0.299,0.272,0.238,0.415,0.42,0.457,0.457,3.42,22.43,172759300.0
2.78,8.0,0.332,0.299,0.271,0.237,0.416,0.421,0.458,0.458,3.42,22.465,173383000.0
2.79,8.0,0.331,0.298,0.27,0.237,0.417,0.422,0.459,0.459,3.42,22.5,174006700.0
2.8,8.0,0.331,0.298,0.269,0.236,0.418,0.422,0.46,0.46,3.42,22.535,174630300.0
2.81,8.0,0.33,0.297,0.268,0.235,0.419,0.423,0.46,0.46,3.42,22.57,175254000.0
2.82,8.0,0.329,0.296,0.268,0.235,0.419,0.424,0.461,0.461,3.42,22.605,175877700.0
2.83,8.0,0.328,0.296,0.267,0.234,0.42,0.425,0.462,0.462,3.42,22.64,176501400.0
2.84,8.0,0.328,0.295,0.266,0.233,0.421,0.426,0.463,0.463,3.42,22.675,177125100.0
2.85,8.0,0.327,0.295,0.265,0.233,0.422,0.427,0.463,0.463,3.42,22.71,177748700.0
2.86,8.0,0.326,0.294,0.264,0.232,0.423,0.427,0.464,0.464,3.42,22.746,178372400.0
2.87,8.0,0.326,0.294,0.264,0.231,0.424,0.428,0.465,0.465,3.42,22.781,178996100.0
2.88,8.0,0.325,0.294,0.263,0.231,0.428,0.432,0.469,0.469,3.42,23.044,179619800.0
2.89,8.0,0.325,0.294,0.262,0.23,0.434,0.438,0.475,0.475,3.41,23.456,180243500.0
2.9,8.0,0.326,0.294,0.261,0.23,0.44,0.444,0.481,0.481,3.41,23.859,180867200.0
2.91,8.0,0.326,0.295,0.26,0.229,0.446,0.451,0.487,0.487,3.41,24.251,181490800.0
2.92,8.0,0.326,0.295,0.26,0.228,0.452,0.457,0.493,0.493,3.41,24.634,182114500.0
2.93,8.0,0.326,0.295,0.259,0.228,0.459,0.463,0.5,0.5,3.41,25.008,182738200.0
2.94,8.0,0.326,0.295,0.258,0.227,0.465,0.469,0.506,0.506,3.41,25.373,183361900.0
2.95,8.0,0.326,0.296,0.257,0.227,0.471,0.475,0.512,0.512,3.41,25.729,183985500.0
2.96,8.0,0.326,0.296,0.256,0.226,0.477,0.481,0.518,0.518,3.41,26.077,184609200.0
2.97,8.0,0.326,0.296,0.256,0.225,0.483,0.488,0.524,0.524,3.41,26.416,185232900.0
2.98,8.0,0.326,0.296,0.255,0.225,0.49,0.494,0.53,0.53,3.41,26.749,185856600.0
2.99,8.0,0.326,0.297,0.254,0.224,0.496,0.5,0.536,0.536,3.41,27.073,186480300.0
3.0,8.0,0.326,0.297,0.253,0.224,0.502,0.506,0.543,0.543,3.41,27.391,187103900.0
3.01,8.0,0.327,0.297,0.253,0.223,0.508,0.512,0.549,0.549,3.41,27.702,187727600.0
3.02,8.0,0.327,0.298,0.252,0.223,0.514,0.518,0.555,0.555,3.41,28.006,188351300.0
3.03,8.0,0.327,0.298,0.251,0.222,0.52,0.525,0.561,0.561,3.41,28.303,188975000.0
3.04,8.0,0.327,0.298,0.251,0.221,0.527,0.531,0.567,0.567,3.41,28.595,189598700.0
3.05,8.0,0.327,0.298,0.25,0.221,0.533,0.537,0.573,0.573,3.41,28.88,190222300.0
3.06,8.0,0.328,0.299,0.249,0.22,0.539,0.543,0.579,0.579,3.4,29.159,190846000.0
3.07,8.0,0.328,0.299,0.249,0.22,0.545,0.549,0.585,0.585,3.4,29.433,191469700.0
3.08,8.0,0.328,0.299,0.248,0.219,0.551,0.555,0.591,0.591,3.4,29.701,192093400.0
3.09,8.0,0.328,0.3,0.247,0.219,0.557,0.561,0.598,0.598,3.4,29.964,192717100.0
3.1,8.0,0.328,0.3,0.247,0.218,0.563,0.567,0.604,0.604,3.4,30.222,193340700.0
3.11,8.0,0.329,0.3,0.246,0.217,0.57,0.574,0.61,0.61,3.4,30.475,193964400.0
3.12,8.0,0.329,0.3,0.245,0.217,0.576,0.58,0.616,0.616,3.4,30.723,194588100.0
3.13,8.0,0.329,0.301,0.245,0.216,0.582,0.586,0.622,0.622,3.4,30.966,195211800.0
3.14,8.0,0.329,0.301,0.244,0.216,0.588,0.592,0.628,0.628,3.4,31.205,195835500.0
3.15,8.0,0.329,0.301,0.244,0.215,0.594,0.598,0.634,0.634,3.4,31.439,196459100.0
3.16,8.0,0.33,0.302,0.243,0.215,0.6,0.604,0.64,0.64,3.4,31.669,197082800.0
3.17,8.0,0.33,0.302,0.242,0.214,0.606,0.61,0.646,0.646,3.4,31.894,197706500.0
3.18,8.0,0.33,0.302,0.242,0.214,0.612,0.616,0.652,0.652,3.39,32.116,198330200.0
3.19,8.0,0.33,0.303,0.241,0.213,0.619,0.622,0.658,0.658,3.39,32.334,198953900.0
3.2,8.0,0.331,0.303,0.24,0.213,0.625,0.629,0.665,0.665,3.39,32.548,199577500.0
3.21,8.0,0.331,0.303,0.24,0.212,0.631,0.635,0.671,0.671,3.39,32.758,200201200.0
3.22,8.0,0.331,0.304,0.239,0.212,0.637,0.641,0.677,0.677,3.39,32.964,200824900.0
3.23,8.0,0.331,0.304,0.239,0.211,0.643,0.647,0.683,0.683,3.39,33.167,201448600.0
3.24,8.0,0.331,0.304,0.238,0.21,0.649,0.653,0.689,0.689,3.39,33.367,202072300.0
3.25,8.0,0.332,0.305,0.237,0.21,0.655,0.659,0.695,0.695,3.39,33.563,202695900.0
3.26,8.0,0.332,0.305,0.237,0.209,0.661,0.665,0.701,0.701,3.39,33.756,203319600.0
3.27,8.0,0.332,0.305,0.236,0.209,0.667,0.671,0.707,0.707,3.38,33.946,203943300.0
3.28,8.0,0.332,0.306,0.235,0.208,0.673,0.677,0.713,0.713,3.38,34.133,204567000.0
3.29,8.0,0.333,0.306,0.235,0.208,0.679,0.683,0.719,0.719,3.38,34.316,205190700.0
3.3,8.0,0.333,0.306,0.234,0.207,0.686,0.689,0.725,0.725,3.38,34.497,205814300.0
3.31,8.0,0.333,0.307,0.234,0.207,0.692,0.695,0.731,0.731,3.38,34.675,206438000.0
3.32,8.0,0.333,0.307,0.233,0.206,0.698,0.701,0.737,0.737,3.38,34.85,207061700.0
3.33,8.0,0.334,0.307,0.233,0.206,0.704,0.707,0.743,0.743,3.38,35.023,207685400.0
3.34,8.0,0.334,0.308,0.232,0.205,0.71,0.714,0.749,0.749,3.38,35.192,208309000.0
3.35,8.0,0.334,0.308,0.231,0.205,0.716,0.72,0.755,0.755,3.38,35.36,208932700.0
3.36,8.0,0.334,0.308,0.231,0.204,0.722,0.726,0.762,0.762,3.37,35.524,209556400.0
3.37,8.0,0.335,0.309,0.23,0.204,0.728,0.732,0.768,0.768,3.37,35.686,210180100.0
3.38,8.0,0.335,0.309,0.23,0.204,0.734,0.738,0.774,0.774,3.37,35.846,210803800.0
3.39,8.0,0.335,0.31,0.229,0.203,0.74,0.744,0.78,0.78,3.37,36.004,211427500.0
3.4,8.0,0.336,0.31,0.228,0.203,0.746,0.75,0.786,0.786,3.37,36.159,212051100.0
3.41,8.0,0.336,0.31,0.228,0.202,0.752,0.756,0.792,0.792,3.37,36.312,212674800.0
3.42,8.0,0.336,0.311,0.227,0.202,0.758,0.762,0.798,0.798,3.37,36.463,213298500.0
3.43,8.0,0.336,0.311,0.227,0.201,0.764,0.768,0.804,0.804,3.36,36.611,213922200.0
3.44,8.0,0.337,0.311,0.226,0.201,0.771,0.774,0.81,0.81,3.37,36.768,214545900.0
3.45,8.0,0.337,0.312,0.226,0.2,0.777,0.78,0.816,0.816,3.37,36.91,215169500.0
3.46,8.0,0.337,0.312,0.225,0.2,0.783,0.787,0.822,0.822,3.36,37.051,215793200.0
3.47,8.0,0.338,0.313,0.225,0.199,0.789,0.793,0.828,0.828,3.36,37.189,216416900.0
3.48,8.0,0.338,0.313,0.224,0.199,0.795,0.799,0.835,0.835,3.36,37.325,217040600.0
3.49,8.0,0.338,0.314,0.223,0.198,0.801,0.805,0.841,0.841,3.36,37.46,217664300.0
3.5,8.0,0.339,0.314,0.223,0.198,0.808,0.811,0.847,0.847,3.36,37.592,218287900.0
3.51,8.0,0.339,0.314,0.222,0.198,0.814,0.817,0.853,0.853,3.36,37.723,218911600.0
3.52,8.0,0.339,0.315,0.222,0.197,0.82,0.823,0.859,0.859,3.36,37.852,219535300.0
3.53,8.0,0.34,0.315,0.221,0.197,0.826,0.83,0.865,0.865,3.36,37.979,220159000.0
3.54,8.0,0.34,0.316,0.221,0.196,0.832,0.836,0.872,0.872,3.36,38.104,220782600.0
3.55,8.0,0.34,0.316,0.22,0.196,0.838,0.842,0.878,0.878,3.36,38.228,221406300.0
3.56,8.0,0.341,0.316,0.22,0.195,0.845,0.848,0.884,0.884,3.36,38.351,222030000.0
3.57,8.0,0.341,0.317,0.219,0.195,0.851,0.854,0.89,0.89,3.36,38.471,222653700.0
3.58,8.0,0.341,0.317,0.219,0.194,0.857,0.86,0.896,0.896,3.36,38.59,223277400.0
3.59,8.0,0.342,0.318,0.218,0.194,0.863,0.866,0.902,0.902,3.36,38.708,223901000.0
3.6,8.0,0.341,0.318,0.218,0.194,0.866,0.869,0.905,0.905,3.37,38.757,224524700.0
3.61,8.0,0.341,0.317,0.217,0.193,0.867,0.871,0.906,0.906,3.37,38.781,225148400.0
3.62,8.0,0.341,0.317,0.217,0.193,0.869,0.872,0.908,0.908,3.38,38.804,225772100.0
3.63,8.0,0.34,0.317,0.216,0.192,0.87,0.873,0.909,0.909,3.38,38.828,226395800.0
3.64,8.0,0.34,0.317,0.216,0.192,0.871,0.875,0.91,0.91,3.39,38.852,227019500.0
3.65,8.0,0.34,0.317,0.215,0.192,0.873,0.876,0.912,0.912,3.39,38.876,227643100.0
3.66,8.0,0.34,0.316,0.215,0.191,0.874,0.877,0.913,0.913,3.4,38.9,228266800.0
3.67,8.0,0.339,0.316,0.214,0.191,0.876,0.879,0.914,0.914,3.4,38.924,228890500.0
3.68,8.0,0.339,0.316,0.214,0.19,0.877,0.88,0.916,0.916,3.41,38.948,229514200.0
3.69,8.0,0.339,0.316,0.213,0.19,0.878,0.882,0.917,0.917,3.41,38.972,230137900.0
3.7,8.0,0.338,0.315,0.213,0.19,0.88,0.883,0.918,0.918,3.42,38.996,230761500.0
3.71,8.0,0.338,0.315,0.212,0.189,0.881,0.884,0.92,0.92,3.42,39.02,231385200.0
3.72,8.0,0.338,0.315,0.212,0.189,0.882,0.886,0.921,0.921,3.43,39.045,232008900.0
3.73,8.0,0.337,0.315,0.211,0.188,0.884,0.887,0.922,0.922,3.43,39.069,232632600.0
3.74,8.0,0.337,0.315,0.211,0.188,0.885,0.888,0.924,0.924,3.44,39.093,233256200.0
3.75,8.0,0.337,0.314,0.21,0.188,0.887,0.89,0.925,0.925,3.44,39.118,233879900.0
3.76,8.0,0.337,0.314,0.21,0.187,0.888,0.891,0.926,0.926,3.45,39.143,234503600.0
3.77,8.0,0.336,0.314,0.209,0.187,0.89,0.893,0.928,0.928,3.45,39.167,235127300.0
3.78,8.0,0.336,0.314,0.209,0.186,0.891,0.894,0.929,0.929,3.46,39.192,235751000.0
3.79,8.0,0.336,0.314,0.208,0.186,0.892,0.895,0.93,0.93,3.46,39.217,236374600.0
3.8,8.0,0.335,0.314,0.208,0.186,0.894,0.897,0.932,0.932,3.47,39.242,236998300.0
3.81,8.0,0.335,0.313,0.207,0.185,0.895,0.898,0.933,0.933,3.47,39.267,237622000.0
3.82,8.0,0.335,0.313,0.207,0.185,0.897,0.9,0.935,0.935,3.48,39.292,238245700.0
3.83,8.0,0.335,0.313,0.206,0.185,0.898,0.901,0.936,0.936,3.48,39.317,238869400.0
3.84,8.0,0.334,0.313,0.206,0.184,0.899,0.903,0.937,0.937,3.49,39.342,239493000.0
3.85,8.0,0.334,0.313,0.205,0.184,0.901,0.904,0.939,0.939,3.49,39.368,240116700.0
3.86,8.0,0.334,0.312,0.205,0.183,0.902,0.905,0.94,0.94,3.5,39.393,240740400.0
3.87,8.0,0.334,0.312,0.204,0.183,0.904,0.907,0.941,0.941,3.5,39.418,241364100.0
3.88,8.0,0.333,0.312,0.204,0.183,0.905,0.908,0.943,0.943,3.51,39.444,241987800.0
3.89,8.0,0.333,0.312,0.204,0.182,0.907,0.91,0.944,0.944,3.51,39.469,242611500.0
3.9,8.0,0.333,0.312,0.203,0.182,0.908,0.911,0.946,0.946,3.52,39.495,243235100.0
3.91,8.0,0.333,0.311,0.203,0.181,0.91,0.913,0.947,0.947,3.52,39.521,243858800.0
3.92,8.0,0.332,0.311,0.202,0.181,0.911,0.914,0.948,0.948,3.53,39.546,244482500.0
3.93,8.0,0.332,0.311,0.202,0.181,0.913,0.915,0.95,0.95,3.54,39.572,245106200.0
3.94,8.0,0.332,0.311,0.201,0.18,0.914,0.917,0.951,0.951,3.54,39.598,245729800.0
3.95,8.0,0.332,0.311,0.201,0.18,0.915,0.918,0.953,0.953,3.55,39.624,246353500.0
3.96,8.0,0.331,0.311,0.2,0.18,0.917,0.92,0.954,0.954,3.55,39.65,246977200.0
3.97,8.0,0.331,0.31,0.2,0.179,0.918,0.921,0.955,0.955,3.56,39.676,247600900.0
3.98,8.0,0.331,0.31,0.2,0.179,0.92,0.923,0.957,0.957,3.56,39.702,248224600.0
3.99,8.0,0.331,0.31,0.199,0.178,0.921,0.924,0.958,0.958,3.57,39.728,248848200.0
4.0,8.0,0.33,0.31,0.199,0.178,0.923,0.926,0.96,0.96,3.57,39.754,249471900.0
4.01,8.0,0.33,0.31,0.198,0.178,0.924,0.927,0.961,0.961,3.58,39.781,250095600.0
4.02,8.0,0.33,0.31,0.198,0.177,0.926,0.929,0.963,0.963,3.58,39.807,250719300.0
4.03,8.0,0.33,0.309,0.197,0.177,0.927,0.93,0.964,0.964,3.59,39.833,251343000.0
4.04,8.0,0.329,0.309,0.197,0.177,0.929,0.932,0.966,0.966,3.59,39.86,251966600.0
4.05,8.0,0.329,0.309,0.197,0.176,0.93,0.933,0.967,0.967,3.6,39.886,252590300.0
4.06,8.0,0.329,0.309,0.196,0.176,0.932,0.935,0.968,0.968,3.6,39.913,253214000.0
4.07,8.0,0.329,0.309,0.196,0.175,0.933,0.936,0.97,0.97,3.61,39.939,253837700.0
4.08,8.0,0.329,0.309,0.195,0.175,0.935,0.937,0.971,0.971,3.61,39.966,254461400.0
4.09,8.0,0.328,0.308,0.195,0.175,0.936,0.939,0.973,0.973,3.62,39.993,255085000.0
4.1,8.0,0.328,0.308,0.194,0.174,0.938,0.94,0.974,0.974,3.62,40.02,255708700.0
4.11,8.0,0.328,0.308,0.194,0.174,0.939,0.942,0.976,0.976,3.63,40.046,256332400.0
4.12,8.0,0.328,0.308,0.194,0.174,0.941,0.943,0.977,0.977,3.63,40.073,256956100.0
4.13,8.0,0.328,0.308,0.193,0.173,0.942,0.945,0.979,0.979,3.64,40.1,257579800.0
4.14,8.0,0.327,0.308,0.193,0.173,0.944,0.946,0.98,0.98,3.64,40.127,258203400.0
4.15,8.0,0.327,0.308,0.192,0.173,0.945,0.948,0.982,0.982,3.65,40.154,258827100.0
4.16,8.0,0.327,0.307,0.192,0.172,0.947,0.95,0.983,0.983,3.65,40.181,259450800.0
4.17,8.0,0.327,0.307,0.192,0.172,0.948,0.951,0.985,0.985,3.66,40.208,260074500.0
4.18,8.0,0.327,0.307,0.191,0.172,0.95,0.953,0.986,0.986,3.66,40.236,260698100.0
4.19,8.0,0.326,0.307,0.191,0.171,0.951,0.954,0.988,0.988,3.67,40.263,261321800.0
4.2,8.0,0.326,0.307,0.19,0.171,0.953,0.956,0.989,0.989,3.67,40.29,261945500.0
4.21,8.0,0.326,0.307,0.19,0.171,0.954,0.957,0.99,0.99,3.68,40.318,262569200.0
4.22,8.0,0.326,0.307,0.19,0.17,0.956,0.959,0.992,0.992,3.68,40.345,263192900.0
4.23,8.0,0.326,0.307,0.189,0.17,0.957,0.96,0.993,0.993,3.69,40.37,263816600.0
4.24,8.0,0.325,0.306,0.189,0.17,0.958,0.961,0.994,0.994,3.68,40.398,264440200.0
4.25,8.0,0.325,0.306,0.188,0.169,0.959,0.961,0.994,0.994,3.68,40.425,265063900.0
4.26,8.0,0.325,0.306,0.188,0.169,0.959,0.962,0.995,0.995,3.68,40.452,265687600.0
4.27,8.0,0.324,0.306,0.188,0.169,0.96,0.962,0.996,0.996,3.68,40.479,266311300.0
4.28,8.0,0.324,0.305,0.187,0.168,0.96,0.963,0.996,0.996,3.68,40.506,266935000.0
4.29,8.0,0.324,0.305,0.187,0.168,0.961,0.964,0.997,0.997,3.68,40.533,267558600.0
4.3,8.0,0.324,0.305,0.187,0.168,0.962,0.964,0.997,0.997,3.67,40.56,268182300.0
4.31,8.0,0.323,0.305,0.186,0.167,0.962,0.965,0.998,0.998,3.67,40.586,268806000.0
4.32,8.0,0.323,0.304,0.186,0.167,0.962,0.964,0.997,0.997,3.67,40.594,269429700.0
4.33,8.0,0.322,0.304,0.185,0.167,0.962,0.964,0.997,0.997,3.67,40.608,270053300.0
4.34,8.0,0.322,0.304,0.185,0.166,0.961,0.964,0.997,0.997,3.67,40.621,270677100.0
4.35,8.0,0.322,0.303,0.185,0.166,0.961,0.964,0.997,0.997,3.67,40.634,271300700.0
4.36,8.0,0.321,0.303,0.184,0.166,0.961,0.964,0.996,0.996,3.66,40.648,271924400.0
4.37,8.0,0.321,0.303,0.184,0.165,0.961,0.963,0.996,0.996,3.66,40.661,272548100.0
4.38,8.0,0.32,0.302,0.184,0.165,0.961,0.963,0.996,0.996,3.66,40.673,273171700.0
4.39,8.0,0.32,0.302,0.183,0.165,0.96,0.963,0.996,0.996,3.66,40.686,273795400.0
4.4,8.0,0.32,0.302,0.183,0.165,0.96,0.963,0.995,0.995,3.66,40.699,274419100.0
4.41,8.0,0.319,0.301,0.182,0.164,0.96,0.963,0.995,0.995,3.66,40.711,275042800.0
4.42,8.0,0.319,0.301,0.182,0.164,0.96,0.962,0.995,0.995,3.65,40.724,275666500.0
4.43,8.0,0.318,0.301,0.182,0.164,0.96,0.962,0.995,0.995,3.65,40.736,276290100.0
4.44,8.0,0.318,0.3,0.181,0.163,0.96,0.962,0.994,0.994,3.65,40.748,276913800.0
4.45,8.0,0.318,0.3,0.181,0.163,0.959,0.962,0.994,0.994,3.65,40.76,277537500.0
4.46,8.0,0.317,0.3,0.181,0.163,0.959,0.962,0.994,0.994,3.65,40.772,278161200.0
4.47,8.0,0.317,0.299,0.18,0.163,0.959,0.961,0.994,0.994,3.65,40.784,278784900.0
4.48,8.0,0.316,0.299,0.18,0.162,0.959,0.961,0.993,0.993,3.64,40.795,279408500.0
4.49,8.0,0.316,0.299,0.18,0.162,0.959,0.961,0.993,0.993,3.64,40.807,280032200.0
4.5,8.0,0.316,0.298,0.179,0.162,0.958,0.961,0.993,0.993,3.64,40.818,280655900.0
4.51,8.0,0.315,0.298,0.179,0.162,0.958,0.961,0.993,0.993,3.64,40.83,281279600.0
4.52,8.0,0.315,0.298,0.179,0.161,0.958,0.96,0.992,0.992,3.64,40.841,281903300.0
4.53,8.0,0.315,0.298,0.178,0.161,0.958,0.96,0.992,0.992,3.63,40.852,282527000.0
4.54,8.0,0.314,0.297,0.178,0.161,0.958,0.96,0.992,0.992,3.63,40.863,283150600.0
4.55,8.0,0.314,0.297,0.177,0.161,0.957,0.96,0.992,0.992,3.63,40.874,283774300.0
4.56,8.0,0.313,0.297,0.177,0.16,0.957,0.96,0.992,0.992,3.63,40.885,284398000.0
4.57,8.0,0.313,0.296,0.177,0.16,0.957,0.959,0.991,0.991,3.63,40.895,285021700.0
4.58,8.0,0.313,0.296,0.176,0.16,0.957,0.959,0.991,0.991,3.63,40.906,285645300.0
4.59,8.0,0.312,0.296,0.176,0.159,0.957,0.959,0.991,0.991,3.62,40.917,286269000.0
4.6,8.0,0.312,0.295,0.176,0.159,0.956,0.959,0.991,0.991,3.62,40.927,286892700.0
4.61,8.0,0.312,0.295,0.175,0.159,0.956,0.959,0.99,0.99,3.62,40.937,287516400.0
4.62,8.0,0.311,0.295,0.175,0.159,0.956,0.958,0.99,0.99,3.62,40.947,288140100.0
4.63,8.0,0.311,0.295,0.175,0.158,0.956,0.958,0.99,0.99,3.62,40.958,288763700.0
4.64,8.0,0.31,0.294,0.174,0.158,0.956,0.958,0.99,0.99,3.62,40.968,289387400.0
4.65,8.0,0.31,0.294,0.174,0.158,0.955,0.958,0.989,0.989,3.61,40.977,290011100.0
4.66,8.0,0.31,0.294,0.174,0.158,0.955,0.957,0.989,0.989,3.61,40.987,290634800.0
4.67,8.0,0.309,0.293,0.173,0.157,0.955,0.957,0.989,0.989,3.61,40.997,291258500.0
4.68,8.0,0.309,0.293,0.173,0.157,0.955,0.957,0.989,0.989,3.61,41.007,291882100.0
4.69,8.0,0.309,0.293,0.173,0.157,0.955,0.957,0.988,0.988,3.61,41.016,292505800.0
4.7,8.0,0.308,0.293,0.172,0.157,0.954,0.957,0.988,0.988,3.6,41.026,293129500.0
4.71,8.0,0.308,0.292,0.172,0.156,0.954,0.956,0.988,0.988,3.6,41.035,293753200.0
4.72,8.0,0.308,0.292,0.172,0.156,0.954,0.956,0.988,0.988,3.6,41.044,294376900.0
4.73,8.0,0.307,0.292,0.171,0.156,0.954,0.956,0.987,0.987,3.6,41.054,295000500.0
4.74,8.0,0.307,0.291,0.171,0.156,0.954,0.956,0.987,0.987,3.6,41.063,295624200.0
4.75,8.0,0.306,0.291,0.171,0.155,0.953,0.956,0.987,0.987,3.6,41.072,296247900.0
4.76,8.0,0.306,0.291,0.17,0.155,0.953,0.955,0.987,0.987,3.59,41.081,296871600.0
4.77,8.0,0.306,0.291,0.17,0.155,0.953,0.955,0.986,0.986,3.59,41.089,297495300.0
4.78,8.0,0.305,0.29,0.17,0.155,0.953,0.955,0.986,0.986,3.59,41.098,298118900.0
4.79,8.0,0.305,0.29,0.169,0.154,0.953,0.955,0.986,0.986,3.59,41.107,298742600.0
4.8,8.0,0.305,0.29,0.169,0.154,0.952,0.954,0.986,0.986,3.59,41.116,299366300.0
4.81,8.0,0.304,0.289,0.169,0.154,0.952,0.954,0.985,0.985,3.58,41.124,299990000.0
4.82,8.0,0.304,0.289,0.169,0.154,0.952,0.954,0.985,0.985,3.58,41.133,300613700.0
4.83,8.0,0.304,0.289,0.168,0.153,0.952,0.954,0.985,0.985,3.58,41.141,301237300.0
4.84,8.0,0.303,0.289,0.168,0.153,0.952,0.954,0.984,0.984,3.58,41.149,301861000.0
4.85,8.0,0.303,0.288,0.168,0.153,0.951,0.953,0.984,0.984,3.58,41.158,302484700.0
4.86,8.0,0.303,0.288,0.167,0.153,0.951,0.953,0.984,0.984,3.58,41.166,303108400.0
4.87,8.0,0.302,0.288,0.167,0.152,0.951,0.953,0.984,0.984,3.57,41.174,303732100.0
4.88,8.0,0.302,0.287,0.167,0.152,0.951,0.953,0.983,0.983,3.57,41.182,304355700.0
4.89,8.0,0.302,0.287,0.166,0.152,0.951,0.953,0.983,0.983,3.57,41.19,304979400.0
4.9,8.0,0.301,0.287,0.166,0.152,0.95,0.952,0.983,0.983,3.57,41.198,305603100.0
4.91,8.0,0.301,0.287,0.166,0.151,0.95,0.952,0.983,0.983,3.57,41.205,306226800.0
4.92,8.0,0.301,0.286,0.165,0.151,0.95,0.952,0.982,0.982,3.56,41.213,306850500.0
4.93,8.0,0.3,0.286,0.165,0.151,0.95,0.952,0.982,0.982,3.56,41.221,307474100.0
4.94,8.0,0.3,0.286,0.165,0.151,0.949,0.951,0.982,0.982,3.56,41.228,308097800.0
4.95,8.0,0.299,0.286,0.164,0.15,0.949,0.951,0.982,0.982,3.56,41.236,308721500.0
4.96,8.0,0.299,0.285,0.164,0.15,0.949,0.951,0.981,0.981,3.56,41.243,309345200.0
4.97,8.0,0.299,0.285,0.164,0.15,0.949,0.951,0.981,0.981,3.56,41.251,309968800.0
4.98,8.0,0.298,0.285,0.164,0.15,0.949,0.951,0.981,0.981,3.55,41.258,310592500.0
4.99,8.0,0.298,0.284,0.163,0.149,0.948,0.95,0.981,0.981,3.55,41.265,311216200.0
5.0,8.0,0.298,0.284,0.163,0.149,0.948,0.95,0.98,0.98,3.55,41.273,311839900.0
0.01,9.0,0.389,0.376,0.251,0.237,0.853,0.855,0.904,0.904,3.87,40.094,623680.0
0.02,9.0,0.442,0.429,0.304,0.291,0.845,0.847,0.904,0.904,3.87,40.094,1247360.0
0.03,9.0,0.452,0.439,0.315,0.302,0.843,0.845,0.904,0.904,3.87,40.094,1871039.0
0.04,9.0,0.455,0.442,0.317,0.304,0.843,0.845,0.904,0.904,3.87,40.094,2494719.0
0.05,9.0,0.454,0.441,0.317,0.303,0.843,0.845,0.904,0.904,3.87,40.094,3118399.0
0.06,9.0,0.452,0.439,0.315,0.302,0.843,0.845,0.904,0.904,3.87,40.094,3742079.0
0.07,9.0,0.451,0.438,0.313,0.3,0.844,0.846,0.904,0.904,3.87,40.094,4365758.0
0.08,9.0,0.449,0.436,0.311,0.298,0.844,0.846,0.904,0.904,3.87,40.094,4989438.0
0.09,9.0,0.447,0.434,0.309,0.296,0.844,0.846,0.904,0.904,3.87,40.094,5613118.0
0.1,9.0,0.446,0.433,0.308,0.295,0.844,0.846,0.904,0.904,3.87,40.094,6236798.0
0.11,9.0,0.446,0.433,0.308,0.295,0.844,0.846,0.904,0.904,3.87,40.094,6860478.0
0.12,9.0,0.446,0.433,0.308,0.295,0.844,0.846,0.904,0.904,3.87,40.094,7484158.0
0.13,9.0,0.446,0.433,0.308,0.295,0.844,0.846,0.904,0.904,3.87,40.094,8107837.0
0.14,9.0,0.446,0.432,0.308,0.295,0.844,0.846,0.904,0.904,3.87,40.094,8731517.0
0.15,9.0,0.446,0.432,0.308,0.295,0.844,0.846,0.904,0.904,3.87,40.094,9355197.0
0.16,9.0,0.445,0.432,0.308,0.295,0.844,0.846,0.904,0.904,3.87,40.094,9978877.0
0.17,9.0,0.445,0.432,0.308,0.295,0.844,0.846,0.904,0.904,3.87,40.094,10602560.0
0.18,9.0,0.445,0.432,0.308,0.295,0.844,0.846,0.904,0.904,3.87,40.094,11226240.0
0.19,9.0,0.445,0.432,0.308,0.295,0.844,0.846,0.904,0.904,3.87,40.094,11849920.0
0.2,9.0,0.445,0.432,0.308,0.295,0.844,0.846,0.904,0.904,3.87,40.094,12473600.0
0.21,9.0,0.445,0.432,0.308,0.294,0.844,0.846,0.904,0.904,3.87,40.094,13097280.0
0.22,9.0,0.445,0.432,0.308,0.294,0.844,0.846,0.904,0.904,3.87,40.094,13720960.0
0.23,9.0,0.445,0.432,0.308,0.294,0.844,0.846,0.904,0.904,3.87,40.094,14344640.0
0.24,9.0,0.445,0.432,0.308,0.294,0.844,0.846,0.904,0.904,3.87,40.094,14968320.0
0.25,9.0,0.445,0.432,0.308,0.294,0.844,0.846,0.904,0.904,3.87,40.094,15592000.0
0.26,9.0,0.445,0.432,0.308,0.294,0.844,0.846,0.904,0.904,3.87,40.094,16215670.0
0.27,9.0,0.445,0.432,0.307,0.294,0.844,0.846,0.904,0.904,3.87,40.094,16839360.0
0.28,9.0,0.445,0.432,0.307,0.294,0.844,0.847,0.904,0.904,3.87,40.094,17463030.0
0.29,9.0,0.445,0.432,0.307,0.294,0.844,0.847,0.904,0.904,3.87,40.094,18086710.0
0.3,9.0,0.445,0.432,0.307,0.294,0.844,0.847,0.904,0.904,3.87,40.094,18710390.0
0.31,9.0,0.445,0.432,0.307,0.294,0.844,0.847,0.904,0.904,3.87,40.094,19334070.0
0.32,9.0,0.445,0.432,0.307,0.294,0.844,0.847,0.904,0.904,3.87,40.094,19957750.0
0.33,9.0,0.445,0.432,0.307,0.294,0.844,0.847,0.904,0.904,3.87,40.094,20581430.0
0.34,9.0,0.445,0.432,0.307,0.294,0.844,0.847,0.904,0.904,3.87,40.094,21205110.0
0.35,9.0,0.445,0.432,0.307,0.294,0.844,0.847,0.904,0.904,3.87,40.094,21828790.0
0.36,9.0,0.445,0.432,0.307,0.294,0.844,0.847,0.904,0.904,3.87,40.094,22452470.0
0.37,9.0,0.445,0.432,0.307,0.294,0.844,0.847,0.904,0.904,3.87,40.094,23076150.0
0.38,9.0,0.445,0.432,0.307,0.294,0.844,0.847,0.904,0.904,3.87,40.094,23699830.0
0.39,9.0,0.445,0.432,0.307,0.294,0.844,0.847,0.904,0.904,3.87,40.094,24323510.0
0.4,9.0,0.445,0.432,0.307,0.294,0.845,0.847,0.904,0.904,3.87,40.094,24947190.0
0.41,9.0,0.445,0.432,0.307,0.294,0.845,0.847,0.904,0.904,3.87,40.094,25570870.0
0.42,9.0,0.445,0.431,0.307,0.294,0.845,0.847,0.904,0.904,3.87,40.094,26194550.0
0.43,9.0,0.444,0.431,0.307,0.294,0.845,0.847,0.904,0.904,3.87,40.094,26818230.0
0.44,9.0,0.444,0.431,0.307,0.294,0.845,0.847,0.904,0.904,3.87,40.094,27441910.0
0.45,9.0,0.444,0.431,0.307,0.294,0.845,0.847,0.904,0.904,3.87,40.094,28065590.0
0.46,9.0,0.444,0.431,0.307,0.294,0.845,0.847,0.904,0.904,3.87,40.094,28689270.0
0.47,9.0,0.444,0.431,0.307,0.294,0.845,0.847,0.904,0.904,3.87,40.094,29312950.0
0.48,9.0,0.444,0.431,0.307,0.294,0.845,0.847,0.904,0.904,3.87,40.094,29936630.0
0.49,9.0,0.444,0.431,0.307,0.293,0.845,0.847,0.904,0.904,3.87,40.094,30560310.0
0.5,9.0,0.444,0.431,0.307,0.293,0.845,0.847,0.904,0.904,3.87,40.094,31183990.0
0.51,9.0,0.444,0.431,0.307,0.293,0.845,0.847,0.904,0.904,3.87,40.094,31807670.0
0.52,9.0,0.444,0.431,0.307,0.293,0.845,0.847,0.904,0.904,3.87,40.094,32431350.0
0.53,9.0,0.444,0.431,0.307,0.293,0.845,0.847,0.904,0.904,3.87,40.094,33055030.0
0.54,9.0,0.444,0.431,0.306,0.293,0.845,0.847,0.904,0.904,3.87,40.094,33678710.0
0.55,9.0,0.444,0.431,0.306,0.293,0.845,0.847,0.904,0.904,3.87,40.094,34302390.0
0.56,9.0,0.444,0.431,0.306,0.293,0.845,0.847,0.904,0.904,3.87,40.094,34926070.0
0.57,9.0,0.444,0.431,0.306,0.293,0.845,0.847,0.904,0.904,3.87,40.094,35549750.0
0.58,9.0,0.444,0.431,0.306,0.293,0.845,0.847,0.904,0.904,3.87,40.094,36173430.0
0.59,9.0,0.444,0.431,0.306,0.293,0.845,0.847,0.904,0.904,3.87,40.094,36797110.0
0.6,9.0,0.444,0.43,0.306,0.293,0.845,0.847,0.904,0.904,3.87,40.094,37420790.0
0.61,9.0,0.444,0.43,0.306,0.292,0.845,0.847,0.904,0.904,3.87,40.094,38044470.0
0.62,9.0,0.444,0.43,0.306,0.292,0.845,0.847,0.904,0.904,3.87,40.094,38668150.0
0.63,9.0,0.444,0.429,0.306,0.292,0.845,0.847,0.904,0.904,3.87,40.094,39291830.0
0.64,9.0,0.444,0.429,0.306,0.291,0.844,0.847,0.903,0.903,3.87,40.088,39915510.0
0.65,9.0,0.443,0.428,0.306,0.291,0.84,0.842,0.899,0.899,3.87,40.01,40539180.0
0.66,9.0,0.442,0.427,0.306,0.291,0.836,0.838,0.894,0.894,3.87,39.93,41162870.0
0.67,9.0,0.442,0.426,0.306,0.29,0.831,0.834,0.89,0.89,3.87,39.85,41786550.0
0.68,9.0,0.441,0.425,0.306,0.29,0.827,0.829,0.886,0.886,3.87,39.769,42410230.0
0.69,9.0,0.44,0.424,0.306,0.29,0.823,0.825,0.881,0.881,3.87,39.687,43033900.0
0.7,9.0,0.439,0.423,0.306,0.289,0.818,0.821,0.877,0.877,3.87,39.605,43657580.0
0.71,9.0,0.439,0.422,0.306,0.289,0.814,0.816,0.872,0.872,3.87,39.521,44281260.0
0.72,9.0,0.438,0.421,0.306,0.289,0.809,0.812,0.868,0.868,3.87,39.437,44904950.0
0.73,9.0,0.437,0.42,0.306,0.289,0.805,0.808,0.864,0.864,3.87,39.352,45528630.0
0.74,9.0,0.436,0.419,0.306,0.288,0.801,0.803,0.859,0.859,3.87,39.266,46152300.0
0.75,9.0,0.436,0.418,0.306,0.288,0.796,0.799,0.855,0.855,3.87,39.179,46775980.0
0.76,9.0,0.435,0.417,0.306,0.288,0.792,0.795,0.85,0.85,3.87,39.091,47399660.0
0.77,9.0,0.434,0.416,0.306,0.287,0.788,0.791,0.846,0.846,3.87,39.002,48023340.0
0.78,9.0,0.434,0.415,0.306,0.287,0.783,0.786,0.842,0.842,3.87,38.912,48647020.0
0.79,9.0,0.433,0.414,0.306,0.287,0.779,0.782,0.837,0.837,3.87,38.822,49270700.0
0.8,9.0,0.432,0.413,0.306,0.286,0.775,0.778,0.833,0.833,3.87,38.73,49894380.0
0.81,9.0,0.431,0.412,0.306,0.286,0.77,0.773,0.828,0.828,3.87,38.637,50518060.0
0.82,9.0,0.431,0.411,0.306,0.286,0.766,0.769,0.824,0.824,3.87,38.544,51141740.0
0.83,9.0,0.43,0.41,0.305,0.286,0.762,0.765,0.819,0.819,3.87,38.449,51765420.0
0.84,9.0,0.429,0.409,0.305,0.285,0.757,0.76,0.815,0.815,3.87,38.354,52389100.0
0.85,9.0,0.428,0.408,0.305,0.285,0.753,0.756,0.811,0.811,3.87,38.257,53012780.0
0.86,9.0,0.428,0.407,0.305,0.285,0.748,0.752,0.806,0.806,3.87,38.159,53636460.0
0.87,9.0,0.427,0.406,0.305,0.284,0.744,0.747,0.802,0.802,3.87,38.061,54260140.0
0.88,9.0,0.426,0.405,0.305,0.284,0.74,0.743,0.797,0.797,3.87,37.961,54883820.0
0.89,9.0,0.426,0.404,0.305,0.284,0.735,0.739,0.793,0.793,3.87,37.86,55507500.0
0.9,9.0,0.425,0.403,0.305,0.283,0.731,0.734,0.789,0.789,3.87,37.758,56131180.0
0.91,9.0,0.426,0.404,0.307,0.285,0.723,0.726,0.781,0.781,3.85,37.554,56754860.0
0.92,9.0,0.431,0.408,0.314,0.291,0.714,0.718,0.773,0.773,3.83,37.35,57378540.0
0.93,9.0,0.441,0.418,0.325,0.302,0.705,0.708,0.765,0.765,3.81,37.146,58002220.0
0.94,9.0,0.454,0.43,0.34,0.315,0.695,0.699,0.757,0.757,3.78,36.943,58625900.0
0.95,9.0,0.467,0.441,0.354,0.328,0.685,0.689,0.749,0.749,3.76,36.739,59249580.0
0.96,9.0,0.48,0.453,0.368,0.341,0.675,0.679,0.741,0.741,3.74,36.535,59873260.0
0.97,9.0,0.492,0.465,0.382,0.354,0.665,0.669,0.734,0.734,3.72,36.332,60496940.0
0.98,9.0,0.505,0.476,0.397,0.367,0.655,0.659,0.726,0.726,3.7,36.128,61120620.0
0.99,9.0,0.518,0.488,0.411,0.38,0.645,0.65,0.718,0.718,3.67,35.924,61744300.0
1.0,9.0,0.531,0.499,0.425,0.393,0.635,0.64,0.71,0.71,3.65,35.72,62367980.0
1.01,9.0,0.544,0.511,0.439,0.406,0.625,0.63,0.702,0.702,3.63,35.517,62991660.0
1.02,9.0,0.557,0.523,0.454,0.419,0.615,0.62,0.694,0.694,3.61,35.313,63615340.0
1.03,9.0,0.57,0.534,0.468,0.432,0.605,0.61,0.686,0.686,3.59,35.109,64239020.0
1.04,9.0,0.582,0.546,0.482,0.445,0.595,0.601,0.679,0.679,3.57,34.906,64862700.0
1.05,9.0,0.595,0.558,0.496,0.458,0.585,0.591,0.671,0.671,3.54,34.702,65486380.0
1.06,9.0,0.594,0.556,0.495,0.458,0.582,0.588,0.668,0.668,3.55,34.511,66110060.0
1.07,9.0,0.592,0.555,0.495,0.457,0.579,0.585,0.665,0.665,3.56,34.323,66733740.0
1.08,9.0,0.591,0.554,0.494,0.456,0.576,0.582,0.662,0.662,3.57,34.137,67357420.0
1.09,9.0,0.59,0.553,0.493,0.455,0.574,0.579,0.659,0.659,3.58,33.951,67981100.0
1.1,9.0,0.588,0.552,0.492,0.455,0.57,0.576,0.655,0.655,3.59,33.766,68604780.0
1.11,9.0,0.587,0.55,0.491,0.454,0.567,0.573,0.652,0.652,3.59,33.581,69228460.0
1.12,9.0,0.585,0.549,0.49,0.453,0.564,0.57,0.649,0.649,3.6,33.396,69852140.0
1.13,9.0,0.584,0.548,0.489,0.452,0.561,0.567,0.645,0.645,3.61,33.211,70475820.0
1.14,9.0,0.583,0.547,0.488,0.452,0.558,0.563,0.642,0.642,3.61,33.024,71099500.0
1.15,9.0,0.581,0.545,0.487,0.451,0.554,0.56,0.638,0.638,3.62,32.837,71723180.0
1.16,9.0,0.579,0.543,0.486,0.449,0.551,0.557,0.635,0.635,3.62,32.649,72346860.0
1.17,9.0,0.577,0.541,0.484,0.448,0.548,0.554,0.631,0.631,3.63,32.46,72970540.0
1.18,9.0,0.574,0.539,0.482,0.446,0.545,0.55,0.628,0.628,3.64,32.27,73594220.0
1.19,9.0,0.572,0.536,0.48,0.444,0.541,0.547,0.624,0.624,3.64,32.078,74217900.0
1.2,9.0,0.569,0.534,0.478,0.443,0.538,0.544,0.621,0.621,3.65,31.884,74841580.0
1.21,9.0,0.567,0.532,0.476,0.441,0.535,0.54,0.617,0.617,3.65,31.689,75465260.0
1.22,9.0,0.565,0.529,0.475,0.439,0.531,0.537,0.613,0.613,3.65,31.492,76088940.0
1.23,9.0,0.562,0.527,0.473,0.437,0.528,0.534,0.609,0.609,3.66,31.294,76712620.0
1.24,9.0,0.56,0.525,0.471,0.435,0.525,0.53,0.606,0.606,3.66,31.093,77336300.0
1.25,9.0,0.558,0.522,0.469,0.434,0.521,0.527,0.602,0.602,3.67,30.891,77959980.0
1.26,9.0,0.555,0.52,0.468,0.432,0.518,0.523,0.598,0.598,3.67,30.686,78583660.0
1.27,9.0,0.553,0.518,0.466,0.43,0.514,0.52,0.595,0.595,3.68,30.479,79207340.0
1.28,9.0,0.551,0.515,0.464,0.428,0.511,0.516,0.591,0.591,3.68,30.27,79831020.0
1.29,9.0,0.548,0.513,0.462,0.427,0.507,0.513,0.587,0.587,3.68,30.059,80454690.0
1.3,9.0,0.546,0.511,0.461,0.425,0.504,0.51,0.583,0.583,3.69,29.846,81078370.0
1.31,9.0,0.544,0.509,0.459,0.423,0.5,0.506,0.579,0.579,3.69,29.63,81702050.0
1.32,9.0,0.542,0.506,0.457,0.421,0.497,0.503,0.576,0.576,3.7,29.411,82325740.0
1.33,9.0,0.539,0.504,0.455,0.42,0.493,0.499,0.572,0.572,3.7,29.19,82949420.0
1.34,9.0,0.537,0.502,0.454,0.418,0.49,0.495,0.568,0.568,3.7,28.966,83573100.0
1.35,9.0,0.535,0.499,0.452,0.416,0.486,0.492,0.564,0.564,3.71,28.739,84196780.0
1.36,9.0,0.532,0.497,0.45,0.415,0.483,0.488,0.56,0.56,3.71,28.51,84820460.0
1.37,9.0,0.53,0.495,0.449,0.413,0.479,0.485,0.556,0.556,3.71,28.277,85444140.0
1.38,9.0,0.528,0.493,0.447,0.411,0.476,0.481,0.552,0.552,3.72,28.042,86067810.0
1.39,9.0,0.526,0.49,0.445,0.41,0.472,0.478,0.548,0.548,3.72,27.803,86691490.0
1.4,9.0,0.523,0.488,0.444,0.408,0.468,0.474,0.545,0.545,3.72,27.562,87315170.0
1.41,9.0,0.521,0.486,0.442,0.406,0.465,0.47,0.541,0.541,3.73,27.317,87938850.0
1.42,9.0,0.519,0.483,0.44,0.405,0.461,0.467,0.537,0.537,3.73,27.068,88562530.0
1.43,9.0,0.516,0.481,0.439,0.403,0.458,0.463,0.533,0.533,3.73,26.816,89186210.0
1.44,9.0,0.514,0.479,0.437,0.401,0.454,0.46,0.529,0.529,3.73,26.561,89809900.0
1.45,9.0,0.512,0.477,0.435,0.4,0.45,0.456,0.525,0.525,3.73,26.302,90433580.0
1.46,9.0,0.51,0.475,0.434,0.398,0.447,0.452,0.521,0.521,3.73,26.039,91057260.0
1.47,9.0,0.508,0.472,0.432,0.396,0.443,0.449,0.517,0.517,3.72,25.773,91680940.0
1.48,9.0,0.505,0.47,0.43,0.395,0.439,0.445,0.513,0.513,3.72,25.502,92304610.0
1.49,9.0,0.503,0.468,0.429,0.393,0.436,0.441,0.509,0.509,3.72,25.227,92928290.0
1.5,9.0,0.501,0.466,0.427,0.391,0.432,0.438,0.505,0.505,3.72,24.949,93551970.0
1.51,9.0,0.499,0.463,0.426,0.39,0.428,0.434,0.501,0.501,3.71,24.665,94175650.0
1.52,9.0,0.496,0.461,0.424,0.388,0.425,0.43,0.497,0.497,3.71,24.378,94799330.0
1.53,9.0,0.494,0.459,0.422,0.387,0.421,0.426,0.493,0.493,3.71,24.086,95423010.0
1.54,9.0,0.492,0.457,0.421,0.385,0.417,0.423,0.489,0.489,3.7,23.789,96046690.0
1.55,9.0,0.49,0.455,0.419,0.383,0.413,0.419,0.485,0.485,3.7,23.488,96670370.0
1.56,9.0,0.488,0.452,0.418,0.382,0.41,0.415,0.481,0.481,3.7,23.181,97294050.0
1.57,9.0,0.486,0.45,0.416,0.38,0.406,0.412,0.477,0.477,3.69,22.87,97917730.0
1.58,9.0,0.483,0.448,0.414,0.379,0.402,0.408,0.473,0.473,3.69,22.553,98541410.0
1.59,9.0,0.481,0.446,0.413,0.377,0.399,0.404,0.469,0.469,3.69,22.231,99165090.0
1.6,9.0,0.479,0.444,0.411,0.376,0.396,0.401,0.466,0.466,3.69,21.965,99788770.0
1.61,9.0,0.478,0.442,0.41,0.374,0.396,0.402,0.466,0.466,3.68,21.96,100412400.0
1.62,9.0,0.476,0.441,0.408,0.373,0.397,0.402,0.466,0.466,3.68,21.954,101036100.0
1.63,9.0,0.475,0.439,0.407,0.371,0.397,0.403,0.467,0.467,3.68,21.949,101659800.0
1.64,9.0,0.473,0.438,0.405,0.369,0.398,0.404,0.467,0.467,3.67,21.944,102283500.0
1.65,9.0,0.472,0.437,0.404,0.368,0.399,0.404,0.467,0.467,3.67,21.939,102907200.0
1.66,9.0,0.47,0.435,0.402,0.366,0.399,0.405,0.468,0.468,3.67,21.934,103530800.0
1.67,9.0,0.469,0.434,0.401,0.365,0.4,0.405,0.468,0.468,3.66,21.929,104154500.0
1.68,9.0,0.468,0.432,0.399,0.363,0.4,0.406,0.469,0.469,3.66,21.924,104778200.0
1.69,9.0,0.466,0.431,0.398,0.362,0.401,0.406,0.469,0.469,3.65,21.92,105401900.0
1.7,9.0,0.465,0.429,0.396,0.36,0.401,0.407,0.469,0.469,3.65,21.915,106025600.0
1.71,9.0,0.463,0.428,0.395,0.359,0.402,0.408,0.469,0.469,3.65,21.911,106649200.0
1.72,9.0,0.462,0.427,0.393,0.357,0.403,0.408,0.47,0.47,3.64,21.906,107272900.0
1.73,9.0,0.46,0.425,0.392,0.356,0.403,0.409,0.47,0.47,3.64,21.902,107896600.0
1.74,9.0,0.459,0.424,0.39,0.354,0.404,0.409,0.47,0.47,3.64,21.898,108520300.0
1.75,9.0,0.458,0.422,0.389,0.353,0.404,0.41,0.471,0.471,3.63,21.894,109144000.0
1.76,9.0,0.456,0.421,0.387,0.352,0.405,0.41,0.471,0.471,3.63,21.889,109767600.0
1.77,9.0,0.455,0.42,0.386,0.35,0.405,0.411,0.471,0.471,3.63,21.885,110391300.0
1.78,9.0,0.453,0.418,0.384,0.349,0.406,0.411,0.472,0.472,3.62,21.882,111015000.0
1.79,9.0,0.452,0.417,0.383,0.347,0.406,0.412,0.472,0.472,3.62,21.878,111638700.0
1.8,9.0,0.451,0.415,0.381,0.346,0.407,0.412,0.472,0.472,3.61,21.874,112262400.0
1.81,9.0,0.449,0.414,0.38,0.344,0.407,0.413,0.472,0.472,3.61,21.87,112886000.0
1.82,9.0,0.448,0.413,0.379,0.343,0.408,0.413,0.473,0.473,3.61,21.867,113509700.0
1.83,9.0,0.447,0.411,0.377,0.341,0.408,0.414,0.473,0.473,3.6,21.863,114133400.0
1.84,9.0,0.445,0.41,0.376,0.34,0.409,0.414,0.473,0.473,3.6,21.86,114757100.0
1.85,9.0,0.444,0.409,0.374,0.339,0.409,0.415,0.474,0.474,3.59,21.856,115380800.0
1.86,9.0,0.442,0.407,0.373,0.337,0.41,0.415,0.474,0.474,3.59,21.853,116004400.0
1.87,9.0,0.441,0.406,0.372,0.336,0.41,0.416,0.474,0.474,3.59,21.85,116628100.0
1.88,9.0,0.44,0.404,0.37,0.334,0.411,0.416,0.474,0.474,3.58,21.847,117251800.0
1.89,9.0,0.438,0.403,0.369,0.333,0.411,0.417,0.475,0.475,3.58,21.843,117875500.0
1.9,9.0,0.437,0.402,0.367,0.332,0.411,0.417,0.475,0.475,3.57,21.84,118499200.0
1.91,9.0,0.436,0.4,0.366,0.33,0.412,0.418,0.475,0.475,3.57,21.837,119122800.0
1.92,9.0,0.434,0.399,0.365,0.329,0.412,0.418,0.475,0.475,3.57,21.835,119746500.0
1.93,9.0,0.433,0.398,0.363,0.327,0.413,0.418,0.475,0.475,3.56,21.832,120370200.0
1.94,9.0,0.432,0.396,0.362,0.326,0.413,0.419,0.476,0.476,3.56,21.829,120993900.0
1.95,9.0,0.43,0.395,0.36,0.325,0.414,0.419,0.476,0.476,3.55,21.826,121617600.0
1.96,9.0,0.429,0.394,0.359,0.323,0.414,0.42,0.476,0.476,3.55,21.824,122241200.0
1.97,9.0,0.428,0.393,0.358,0.322,0.415,0.42,0.476,0.476,3.55,21.821,122864900.0
1.98,9.0,0.427,0.391,0.356,0.321,0.415,0.421,0.477,0.477,3.54,21.818,123488600.0
1.99,9.0,0.425,0.39,0.355,0.319,0.415,0.421,0.477,0.477,3.54,21.816,124112300.0
2.0,9.0,0.424,0.388,0.354,0.318,0.416,0.421,0.477,0.477,3.53,21.814,124736000.0
2.01,9.0,0.423,0.387,0.352,0.316,0.416,0.422,0.477,0.477,3.53,21.811,125359600.0
2.02,9.0,0.422,0.386,0.351,0.315,0.417,0.422,0.477,0.477,3.52,21.809,125983300.0
2.03,9.0,0.42,0.385,0.35,0.314,0.417,0.423,0.478,0.478,3.52,21.807,126607000.0
2.04,9.0,0.419,0.383,0.349,0.312,0.417,0.423,0.478,0.478,3.52,21.805,127230700.0
2.05,9.0,0.418,0.382,0.347,0.311,0.418,0.423,0.478,0.478,3.51,21.803,127854400.0
2.06,9.0,0.417,0.381,0.346,0.31,0.418,0.424,0.478,0.478,3.51,21.801,128478000.0
2.07,9.0,0.416,0.379,0.345,0.308,0.419,0.424,0.478,0.478,3.5,21.799,129101700.0
2.08,9.0,0.414,0.378,0.344,0.307,0.419,0.425,0.479,0.479,3.5,21.797,129725400.0
2.09,9.0,0.413,0.377,0.343,0.306,0.419,0.425,0.479,0.479,3.49,21.795,130349100.0
2.1,9.0,0.412,0.376,0.341,0.304,0.42,0.425,0.479,0.479,3.49,21.793,130972800.0
2.11,9.0,0.411,0.374,0.34,0.303,0.42,0.426,0.479,0.479,3.48,21.791,131596400.0
2.12,9.0,0.41,0.373,0.339,0.302,0.42,0.426,0.479,0.479,3.48,21.789,132220100.0
2.13,9.0,0.409,0.372,0.338,0.301,0.421,0.426,0.479,0.479,3.48,21.788,132843800.0
2.14,9.0,0.407,0.371,0.337,0.299,0.421,0.427,0.48,0.48,3.47,21.786,133467500.0
2.15,9.0,0.406,0.369,0.335,0.298,0.421,0.427,0.48,0.48,3.47,21.785,134091200.0
2.16,9.0,0.405,0.368,0.334,0.297,0.422,0.428,0.48,0.48,3.46,21.783,134714800.0
2.17,9.0,0.404,0.367,0.333,0.296,0.422,0.428,0.48,0.48,3.46,21.782,135338500.0
2.18,9.0,0.403,0.366,0.332,0.294,0.422,0.428,0.48,0.48,3.45,21.78,135962200.0
2.19,9.0,0.402,0.365,0.331,0.293,0.423,0.429,0.48,0.48,3.45,21.779,136585900.0
2.2,9.0,0.401,0.363,0.33,0.292,0.423,0.429,0.48,0.48,3.44,21.778,137209600.0
2.21,9.0,0.4,0.362,0.329,0.291,0.423,0.429,0.481,0.481,3.44,21.777,137833200.0
2.22,9.0,0.399,0.361,0.327,0.289,0.424,0.43,0.481,0.481,3.43,21.775,138456900.0
2.23,9.0,0.397,0.36,0.326,0.288,0.424,0.43,0.481,0.481,3.43,21.774,139080600.0
2.24,9.0,0.396,0.359,0.325,0.287,0.424,0.43,0.481,0.481,3.42,21.773,139704300.0
2.25,9.0,0.395,0.358,0.324,0.286,0.425,0.431,0.481,0.481,3.42,21.772,140328000.0
2.26,9.0,0.394,0.356,0.323,0.285,0.425,0.431,0.481,0.481,3.41,21.771,140951600.0
2.27,9.0,0.393,0.355,0.322,0.283,0.425,0.431,0.481,0.481,3.41,21.77,141575300.0
2.28,9.0,0.392,0.354,0.321,0.282,0.425,0.431,0.482,0.482,3.4,21.769,142199000.0
2.29,9.0,0.391,0.353,0.32,0.281,0.426,0.432,0.482,0.482,3.4,21.785,142822700.0
2.3,9.0,0.39,0.352,0.319,0.28,0.427,0.433,0.483,0.483,3.4,21.811,143446400.0
2.31,9.0,0.389,0.351,0.317,0.279,0.429,0.435,0.484,0.484,3.4,21.838,144070000.0
2.32,9.0,0.388,0.35,0.316,0.277,0.43,0.436,0.485,0.485,3.41,21.865,144693700.0
2.33,9.0,0.387,0.349,0.315,0.276,0.431,0.437,0.486,0.486,3.41,21.891,145317400.0
2.34,9.0,0.387,0.348,0.314,0.275,0.432,0.438,0.487,0.487,3.41,21.918,145941100.0
2.35,9.0,0.386,0.347,0.313,0.274,0.433,0.439,0.488,0.488,3.41,21.946,146564800.0
2.36,9.0,0.385,0.346,0.312,0.273,0.434,0.44,0.489,0.489,3.41,21.973,147188400.0
2.37,9.0,0.384,0.345,0.311,0.272,0.435,0.442,0.49,0.49,3.41,22.0,147812100.0
2.38,9.0,0.383,0.344,0.31,0.271,0.437,0.443,0.491,0.491,3.41,22.028,148435800.0
2.39,9.0,0.382,0.343,0.309,0.269,0.438,0.444,0.492,0.492,3.41,22.056,149059500.0
2.4,9.0,0.381,0.342,0.308,0.268,0.439,0.445,0.493,0.493,3.41,22.084,149683200.0
2.41,9.0,0.38,0.341,0.307,0.267,0.44,0.446,0.494,0.494,3.41,22.112,150306800.0
2.42,9.0,0.38,0.34,0.306,0.266,0.441,0.447,0.495,0.495,3.41,22.14,150930500.0
2.43,9.0,0.379,0.339,0.305,0.265,0.442,0.448,0.496,0.496,3.41,22.169,151554200.0
2.44,9.0,0.378,0.338,0.304,0.264,0.443,0.45,0.497,0.497,3.41,22.197,152177900.0
2.45,9.0,0.377,0.337,0.303,0.263,0.444,0.451,0.498,0.498,3.41,22.226,152801600.0
2.46,9.0,0.376,0.337,0.302,0.262,0.446,0.452,0.499,0.499,3.41,22.255,153425200.0
2.47,9.0,0.375,0.336,0.301,0.261,0.447,0.453,0.5,0.5,3.41,22.284,154048900.0
2.48,9.0,0.375,0.336,0.3,0.26,0.448,0.454,0.501,0.501,3.42,22.313,154672600.0
2.49,9.0,0.374,0.335,0.299,0.26,0.449,0.455,0.502,0.502,3.42,22.342,155296300.0
2.5,9.0,0.373,0.334,0.298,0.259,0.45,0.456,0.503,0.503,3.42,22.371,155920000.0
2.51,9.0,0.372,0.334,0.297,0.258,0.451,0.457,0.504,0.504,3.42,22.401,156543600.0
2.52,9.0,0.371,0.333,0.296,0.257,0.452,0.458,0.505,0.505,3.42,22.43,157167300.0
2.53,9.0,0.37,0.332,0.295,0.256,0.453,0.459,0.505,0.505,3.42,22.46,157791000.0
2.54,9.0,0.37,0.332,0.294,0.256,0.454,0.46,0.506,0.506,3.42,22.49,158414700.0
2.55,9.0,0.369,0.331,0.293,0.255,0.455,0.461,0.507,0.507,3.42,22.52,159038400.0
2.56,9.0,0.368,0.331,0.292,0.254,0.459,0.465,0.511,0.511,3.42,22.703,159662000.0
2.57,9.0,0.369,0.331,0.291,0.253,0.467,0.473,0.519,0.519,3.42,23.229,160285700.0
2.58,9.0,0.369,0.332,0.29,0.253,0.476,0.482,0.528,0.528,3.42,23.738,160909400.0
2.59,9.0,0.37,0.333,0.289,0.252,0.485,0.49,0.536,0.536,3.42,24.231,161533100.0
2.6,9.0,0.37,0.333,0.288,0.251,0.493,0.499,0.545,0.545,3.42,24.708,162156700.0
2.61,9.0,0.371,0.334,0.287,0.25,0.502,0.508,0.554,0.554,3.42,25.171,162780400.0
2.62,9.0,0.371,0.335,0.287,0.25,0.511,0.516,0.562,0.562,3.42,25.619,163404100.0
2.63,9.0,0.371,0.335,0.286,0.249,0.519,0.525,0.571,0.571,3.42,26.055,164027800.0
2.64,9.0,0.372,0.336,0.285,0.248,0.528,0.534,0.58,0.58,3.42,26.477,164651500.0
2.65,9.0,0.372,0.336,0.284,0.247,0.537,0.542,0.588,0.588,3.42,26.888,165275200.0
2.66,9.0,0.373,0.337,0.283,0.247,0.545,0.551,0.597,0.597,3.42,27.287,165898800.0
2.67,9.0,0.373,0.338,0.282,0.246,0.554,0.559,0.605,0.605,3.42,27.674,166522500.0
2.68,9.0,0.374,0.338,0.281,0.245,0.562,0.568,0.614,0.614,3.42,28.052,167146200.0
2.69,9.0,0.374,0.339,0.28,0.245,0.571,0.577,0.623,0.623,3.42,28.418,167769900.0
2.7,9.0,0.375,0.34,0.279,0.244,0.58,0.585,0.631,0.631,3.42,28.776,168393600.0
2.71,9.0,0.375,0.34,0.278,0.243,0.588,0.594,0.64,0.64,3.42,29.123,169017200.0
2.72,9.0,0.376,0.341,0.278,0.242,0.597,0.602,0.648,0.648,3.42,29.462,169640900.0
2.73,9.0,0.376,0.342,0.277,0.242,0.606,0.611,0.657,0.657,3.42,29.792,170264600.0
2.74,9.0,0.377,0.342,0.276,0.241,0.614,0.62,0.666,0.666,3.42,30.114,170888300.0
2.75,9.0,0.377,0.343,0.275,0.24,0.623,0.628,0.674,0.674,3.42,30.428,171512000.0
2.76,9.0,0.378,0.344,0.274,0.24,0.631,0.637,0.683,0.683,3.42,30.734,172135600.0
2.77,9.0,0.378,0.344,0.273,0.239,0.64,0.645,0.691,0.691,3.42,31.032,172759300.0
2.78,9.0,0.379,0.345,0.272,0.238,0.649,0.654,0.7,0.7,3.42,31.324,173383000.0
2.79,9.0,0.379,0.346,0.272,0.238,0.657,0.662,0.708,0.708,3.42,31.608,174006700.0
2.8,9.0,0.38,0.346,0.271,0.237,0.666,0.671,0.717,0.717,3.42,31.887,174630300.0
2.81,9.0,0.38,0.347,0.27,0.236,0.674,0.68,0.725,0.725,3.42,32.158,175254000.0
2.82,9.0,0.381,0.348,0.269,0.236,0.683,0.688,0.734,0.734,3.42,32.424,175877700.0
2.83,9.0,0.381,0.348,0.268,0.235,0.691,0.697,0.743,0.743,3.42,32.683,176501400.0
2.84,9.0,0.382,0.349,0.267,0.235,0.7,0.705,0.751,0.751,3.42,32.937,177125100.0
2.85,9.0,0.382,0.35,0.267,0.234,0.709,0.714,0.76,0.76,3.42,33.186,177748700.0
2.86,9.0,0.383,0.351,0.266,0.233,0.717,0.722,0.768,0.768,3.42,33.429,178372400.0
2.87,9.0,0.383,0.351,0.265,0.233,0.726,0.731,0.777,0.777,3.42,33.666,178996100.0
2.88,9.0,0.384,0.352,0.264,0.232,0.734,0.739,0.785,0.785,3.42,33.899,179619800.0
2.89,9.0,0.384,0.353,0.263,0.231,0.743,0.748,0.794,0.794,3.41,34.127,180243500.0
2.9,9.0,0.385,0.353,0.263,0.231,0.751,0.756,0.802,0.802,3.41,34.35,180867200.0
2.91,9.0,0.385,0.354,0.262,0.23,0.76,0.765,0.811,0.811,3.41,34.569,181490800.0
2.92,9.0,0.386,0.355,0.261,0.23,0.768,0.773,0.819,0.819,3.41,34.784,182114500.0
2.93,9.0,0.386,0.356,0.26,0.229,0.777,0.782,0.828,0.828,3.41,34.994,182738200.0
2.94,9.0,0.387,0.356,0.259,0.228,0.786,0.79,0.836,0.836,3.41,35.2,183361900.0
2.95,9.0,0.388,0.357,0.259,0.228,0.794,0.799,0.845,0.845,3.41,35.402,183985500.0
2.96,9.0,0.388,0.358,0.258,0.227,0.803,0.807,0.853,0.853,3.41,35.6,184609200.0
2.97,9.0,0.389,0.359,0.257,0.227,0.811,0.816,0.862,0.862,3.41,35.794,185232900.0
2.98,9.0,0.389,0.359,0.256,0.226,0.82,0.824,0.87,0.87,3.41,35.985,185856600.0
2.99,9.0,0.39,0.36,0.255,0.225,0.828,0.833,0.879,0.879,3.41,36.172,186480300.0
3.0,9.0,0.39,0.361,0.255,0.225,0.837,0.841,0.887,0.887,3.41,36.356,187103900.0
3.01,9.0,0.391,0.362,0.254,0.224,0.845,0.85,0.896,0.896,3.41,36.536,187727600.0
3.02,9.0,0.392,0.362,0.253,0.224,0.854,0.858,0.904,0.904,3.41,36.713,188351300.0
3.03,9.0,0.392,0.363,0.253,0.223,0.862,0.867,0.913,0.913,3.41,36.887,188975000.0
3.04,9.0,0.393,0.364,0.252,0.223,0.871,0.875,0.921,0.921,3.41,37.058,189598700.0
3.05,9.0,0.394,0.365,0.251,0.222,0.879,0.884,0.93,0.93,3.41,37.226,190222300.0
3.06,9.0,0.394,0.365,0.251,0.221,0.888,0.892,0.938,0.938,3.4,37.392,190846000.0
3.07,9.0,0.395,0.366,0.25,0.221,0.896,0.901,0.947,0.947,3.4,37.554,191469700.0
3.08,9.0,0.396,0.367,0.249,0.22,0.905,0.909,0.955,0.955,3.4,37.713,192093400.0
3.09,9.0,0.396,0.368,0.249,0.22,0.913,0.918,0.964,0.964,3.4,37.87,192717100.0
3.1,9.0,0.397,0.369,0.248,0.219,0.922,0.926,0.972,0.972,3.4,38.024,193340700.0
3.11,9.0,0.398,0.369,0.247,0.219,0.93,0.935,0.981,0.981,3.4,38.176,193964400.0
3.12,9.0,0.398,0.37,0.247,0.218,0.938,0.943,0.989,0.989,3.4,38.325,194588100.0
3.13,9.0,0.399,0.371,0.246,0.217,0.947,0.951,0.998,0.998,3.4,38.472,195211800.0
3.14,9.0,0.4,0.372,0.245,0.217,0.955,0.96,1.006,1.006,3.4,38.617,195835500.0
3.15,9.0,0.4,0.372,0.245,0.216,0.964,0.968,1.015,1.015,3.4,38.759,196459100.0
3.16,9.0,0.401,0.373,0.244,0.216,0.972,0.977,1.023,1.023,3.4,38.899,197082800.0
3.17,9.0,0.402,0.374,0.244,0.215,0.981,0.985,1.032,1.032,3.4,39.037,197706500.0
3.18,9.0,0.403,0.375,0.243,0.215,0.989,0.994,1.04,1.04,3.39,39.173,198330200.0
3.19,9.0,0.403,0.376,0.242,0.214,0.998,1.002,1.048,1.048,3.39,39.306,198953900.0
3.2,9.0,0.404,0.376,0.242,0.214,1.004,1.008,1.054,1.054,3.39,39.399,199577500.0
3.21,9.0,0.403,0.376,0.241,0.213,1.005,1.01,1.056,1.056,3.39,39.421,200201200.0
3.22,9.0,0.403,0.375,0.24,0.213,1.007,1.011,1.058,1.058,3.39,39.444,200824900.0
3.23,9.0,0.402,0.375,0.24,0.212,1.009,1.013,1.059,1.059,3.39,39.467,201448600.0
3.24,9.0,0.402,0.375,0.239,0.212,1.01,1.015,1.061,1.061,3.39,39.49,202072300.0
3.25,9.0,0.402,0.375,0.239,0.211,1.012,1.016,1.062,1.062,3.39,39.513,202695900.0
3.26,9.0,0.401,0.374,0.238,0.211,1.014,1.018,1.064,1.064,3.39,39.536,203319600.0
3.27,9.0,0.401,0.374,0.237,0.21,1.015,1.019,1.065,1.065,3.38,39.56,203943300.0
3.28,9.0,0.401,0.374,0.237,0.21,1.017,1.021,1.067,1.067,3.38,39.583,204567000.0
3.29,9.0,0.4,0.374,0.236,0.209,1.019,1.023,1.069,1.069,3.38,39.607,205190700.0
3.3,9.0,0.4,0.373,0.236,0.209,1.02,1.024,1.07,1.07,3.38,39.63,205814300.0
3.31,9.0,0.4,0.373,0.235,0.208,1.022,1.026,1.072,1.072,3.38,39.654,206438000.0
3.32,9.0,0.399,0.373,0.234,0.208,1.024,1.028,1.073,1.073,3.38,39.678,207061700.0
3.33,9.0,0.399,0.373,0.234,0.207,1.025,1.029,1.075,1.075,3.38,39.702,207685400.0
3.34,9.0,0.399,0.372,0.233,0.207,1.027,1.031,1.077,1.077,3.38,39.726,208309000.0
3.35,9.0,0.398,0.372,0.233,0.206,1.029,1.033,1.078,1.078,3.38,39.751,208932700.0
3.36,9.0,0.398,0.372,0.232,0.206,1.03,1.034,1.08,1.08,3.37,39.775,209556400.0
3.37,9.0,0.398,0.372,0.231,0.205,1.032,1.036,1.081,1.081,3.37,39.8,210180100.0
3.38,9.0,0.397,0.371,0.231,0.205,1.034,1.038,1.083,1.083,3.37,39.824,210803800.0
3.39,9.0,0.397,0.371,0.23,0.204,1.035,1.039,1.085,1.085,3.37,39.849,211427500.0
3.4,9.0,0.397,0.371,0.23,0.204,1.037,1.041,1.086,1.086,3.37,39.874,212051100.0
3.41,9.0,0.396,0.371,0.229,0.203,1.039,1.043,1.088,1.088,3.37,39.899,212674800.0
3.42,9.0,0.396,0.371,0.229,0.203,1.04,1.044,1.089,1.089,3.37,39.924,213298500.0
3.43,9.0,0.396,0.37,0.228,0.202,1.042,1.046,1.091,1.091,3.36,39.949,213922200.0
3.44,9.0,0.396,0.37,0.227,0.202,1.044,1.048,1.093,1.093,3.37,39.983,214545900.0
3.45,9.0,0.395,0.37,0.227,0.201,1.046,1.05,1.095,1.095,3.37,40.006,215169500.0
3.46,9.0,0.395,0.37,0.226,0.201,1.048,1.052,1.097,1.097,3.36,40.029,215793200.0
3.47,9.0,0.395,0.37,0.226,0.2,1.05,1.054,1.098,1.098,3.36,40.052,216416900.0
3.48,9.0,0.395,0.37,0.225,0.2,1.051,1.055,1.1,1.1,3.36,40.076,217040600.0
3.49,9.0,0.394,0.369,0.225,0.199,1.053,1.057,1.102,1.102,3.36,40.1,217664300.0
3.5,9.0,0.394,0.369,0.224,0.199,1.055,1.059,1.104,1.104,3.36,40.123,218287900.0
3.51,9.0,0.394,0.369,0.224,0.199,1.057,1.061,1.106,1.106,3.36,40.147,218911600.0
3.52,9.0,0.393,0.369,0.223,0.198,1.059,1.063,1.107,1.107,3.36,40.171,219535300.0
3.53,9.0,0.393,0.369,0.222,0.198,1.061,1.065,1.109,1.109,3.36,40.195,220159000.0
3.54,9.0,0.393,0.369,0.222,0.197,1.063,1.066,1.111,1.111,3.36,40.219,220782600.0
3.55,9.0,0.393,0.368,0.221,0.197,1.064,1.068,1.113,1.113,3.36,40.243,221406300.0
3.56,9.0,0.393,0.368,0.221,0.196,1.066,1.07,1.115,1.115,3.36,40.267,222030000.0
3.57,9.0,0.392,0.368,0.22,0.196,1.068,1.072,1.116,1.116,3.36,40.291,222653700.0
3.58,9.0,0.392,0.368,0.22,0.195,1.07,1.074,1.118,1.118,3.36,40.315,223277400.0
3.59,9.0,0.392,0.368,0.219,0.195,1.072,1.076,1.12,1.12,3.36,40.34,223901000.0
3.6,9.0,0.392,0.368,0.219,0.195,1.074,1.078,1.122,1.122,3.37,40.364,224524700.0
3.61,9.0,0.391,0.368,0.218,0.194,1.076,1.08,1.124,1.124,3.37,40.388,225148400.0
3.62,9.0,0.391,0.368,0.218,0.194,1.078,1.082,1.126,1.126,3.38,40.413,225772100.0
3.63,9.0,0.391,0.367,0.217,0.193,1.08,1.083,1.128,1.128,3.38,40.438,226395800.0
3.64,9.0,0.391,0.367,0.217,0.193,1.082,1.085,1.129,1.129,3.39,40.462,227019500.0
3.65,9.0,0.391,0.367,0.216,0.193,1.084,1.087,1.131,1.131,3.39,40.487,227643100.0
3.66,9.0,0.39,0.367,0.216,0.192,1.086,1.089,1.133,1.133,3.4,40.512,228266800.0
3.67,9.0,0.39,0.367,0.215,0.192,1.087,1.091,1.135,1.135,3.4,40.537,228890500.0
3.68,9.0,0.39,0.367,0.215,0.191,1.089,1.093,1.137,1.137,3.41,40.562,229514200.0
3.69,9.0,0.39,0.367,0.214,0.191,1.091,1.095,1.139,1.139,3.41,40.587,230137900.0
3.7,9.0,0.39,0.367,0.214,0.191,1.093,1.097,1.141,1.141,3.42,40.612,230761500.0
3.71,9.0,0.389,0.367,0.213,0.19,1.095,1.099,1.143,1.143,3.42,40.637,231385200.0
3.72,9.0,0.389,0.366,0.213,0.19,1.097,1.101,1.145,1.145,3.43,40.662,232008900.0
3.73,9.0,0.389,0.366,0.212,0.189,1.099,1.103,1.146,1.146,3.43,40.687,232632600.0
3.74,9.0,0.389,0.366,0.212,0.189,1.101,1.105,1.148,1.148,3.44,40.713,233256200.0
3.75,9.0,0.389,0.366,0.211,0.189,1.103,1.107,1.15,1.15,3.44,40.738,233879900.0
3.76,9.0,0.388,0.366,0.211,0.188,1.105,1.109,1.152,1.152,3.45,40.764,234503600.0
3.77,9.0,0.388,0.366,0.21,0.188,1.107,1.111,1.154,1.154,3.45,40.789,235127300.0
3.78,9.0,0.388,0.366,0.21,0.187,1.109,1.113,1.156,1.156,3.46,40.815,235751000.0
3.79,9.0,0.388,0.366,0.209,0.187,1.111,1.115,1.158,1.158,3.46,40.84,236374600.0
3.8,9.0,0.388,0.366,0.209,0.187,1.113,1.117,1.16,1.16,3.47,40.866,236998300.0
3.81,9.0,0.388,0.366,0.208,0.186,1.115,1.118,1.162,1.162,3.47,40.892,237622000.0
3.82,9.0,0.387,0.366,0.208,0.186,1.117,1.12,1.164,1.164,3.48,40.918,238245700.0
3.83,9.0,0.387,0.366,0.207,0.185,1.119,1.122,1.166,1.166,3.48,40.943,238869400.0
3.84,9.0,0.387,0.365,0.207,0.185,1.12,1.123,1.167,1.167,3.49,40.955,239493000.0
3.85,9.0,0.387,0.365,0.206,0.185,1.121,1.124,1.168,1.168,3.49,40.966,240116700.0
3.86,9.0,0.386,0.365,0.206,0.184,1.122,1.125,1.168,1.168,3.5,40.977,240740400.0
3.87,9.0,0.386,0.365,0.206,0.184,1.123,1.126,1.169,1.169,3.5,40.988,241364100.0
3.88,9.0,0.386,0.364,0.205,0.184,1.123,1.127,1.17,1.17,3.51,40.999,241987800.0
3.89,9.0,0.385,0.364,0.205,0.183,1.124,1.128,1.171,1.171,3.51,41.01,242611500.0
3.9,9.0,0.385,0.364,0.204,0.183,1.125,1.128,1.171,1.171,3.52,41.021,243235100.0
3.91,9.0,0.385,0.364,0.204,0.182,1.126,1.129,1.172,1.172,3.52,41.032,243858800.0
3.92,9.0,0.384,0.363,0.203,0.182,1.127,1.13,1.173,1.173,3.53,41.044,244482500.0
3.93,9.0,0.384,0.363,0.203,0.182,1.128,1.131,1.174,1.174,3.54,41.055,245106200.0
3.94,9.0,0.384,0.363,0.202,0.181,1.129,1.132,1.175,1.175,3.54,41.066,245729800.0
3.95,9.0,0.383,0.362,0.202,0.181,1.129,1.133,1.175,1.175,3.55,41.078,246353500.0
3.96,9.0,0.383,0.362,0.202,0.18,1.13,1.134,1.176,1.176,3.55,41.089,246977200.0
3.97,9.0,0.383,0.362,0.201,0.18,1.131,1.134,1.177,1.177,3.56,41.101,247600900.0
3.98,9.0,0.382,0.362,0.201,0.18,1.132,1.135,1.178,1.178,3.56,41.113,248224600.0
3.99,9.0,0.382,0.361,0.2,0.179,1.133,1.136,1.179,1.179,3.57,41.124,248848200.0
4.0,9.0,0.382,0.361,0.2,0.179,1.134,1.137,1.179,1.179,3.57,41.136,249471900.0
4.01,9.0,0.381,0.361,0.199,0.179,1.135,1.138,1.18,1.18,3.58,41.148,250095600.0
4.02,9.0,0.381,0.361,0.199,0.178,1.135,1.139,1.181,1.181,3.58,41.16,250719300.0
4.03,9.0,0.381,0.361,0.198,0.178,1.136,1.139,1.182,1.182,3.59,41.172,251343000.0
4.04,9.0,0.381,0.36,0.198,0.177,1.137,1.14,1.183,1.183,3.59,41.184,251966600.0
4.05,9.0,0.38,0.36,0.198,0.177,1.138,1.141,1.183,1.183,3.6,41.196,252590300.0
4.06,9.0,0.38,0.36,0.197,0.177,1.139,1.142,1.184,1.184,3.6,41.208,253214000.0
4.07,9.0,0.38,0.36,0.197,0.176,1.14,1.143,1.185,1.185,3.61,41.221,253837700.0
4.08,9.0,0.379,0.359,0.196,0.176,1.141,1.144,1.186,1.186,3.61,41.233,254461400.0
4.09,9.0,0.379,0.359,0.196,0.176,1.141,1.145,1.187,1.187,3.62,41.245,255085000.0
4.1,9.0,0.379,0.359,0.196,0.175,1.142,1.145,1.187,1.187,3.62,41.258,255708700.0
4.11,9.0,0.379,0.359,0.195,0.175,1.143,1.146,1.188,1.188,3.63,41.27,256332400.0
4.12,9.0,0.378,0.358,0.195,0.175,1.144,1.147,1.189,1.189,3.63,41.283,256956100.0
4.13,9.0,0.378,0.358,0.194,0.174,1.145,1.148,1.19,1.19,3.64,41.295,257579800.0
4.14,9.0,0.378,0.358,0.194,0.174,1.146,1.149,1.191,1.191,3.64,41.308,258203400.0
4.15,9.0,0.377,0.358,0.193,0.174,1.146,1.15,1.191,1.191,3.65,41.32,258827100.0
4.16,9.0,0.377,0.358,0.193,0.173,1.147,1.15,1.192,1.192,3.65,41.333,259450800.0
4.17,9.0,0.377,0.357,0.193,0.173,1.148,1.151,1.193,1.193,3.66,41.346,260074500.0
4.18,9.0,0.377,0.357,0.192,0.173,1.149,1.152,1.194,1.194,3.66,41.359,260698100.0
4.19,9.0,0.376,0.357,0.192,0.172,1.15,1.153,1.195,1.195,3.67,41.372,261321800.0
4.2,9.0,0.376,0.357,0.191,0.172,1.151,1.154,1.195,1.195,3.67,41.385,261945500.0
4.21,9.0,0.376,0.357,0.191,0.172,1.152,1.155,1.196,1.196,3.68,41.398,262569200.0
4.22,9.0,0.376,0.356,0.191,0.171,1.152,1.155,1.197,1.197,3.68,41.411,263192900.0
4.23,9.0,0.375,0.356,0.19,0.171,1.153,1.156,1.198,1.198,3.69,41.422,263816600.0
4.24,9.0,0.375,0.356,0.19,0.171,1.153,1.156,1.197,1.197,3.68,41.436,264440200.0
4.25,9.0,0.374,0.355,0.189,0.17,1.153,1.156,1.197,1.197,3.68,41.45,265063900.0
4.26,9.0,0.374,0.355,0.189,0.17,1.152,1.155,1.197,1.197,3.68,41.464,265687600.0
4.27,9.0,0.374,0.355,0.189,0.17,1.152,1.155,1.197,1.197,3.68,41.478,266311300.0
4.28,9.0,0.373,0.354,0.188,0.169,1.152,1.155,1.196,1.196,3.68,41.492,266935000.0
4.29,9.0,0.373,0.354,0.188,0.169,1.152,1.155,1.196,1.196,3.68,41.505,267558600.0
4.3,9.0,0.372,0.354,0.188,0.169,1.152,1.155,1.196,1.196,3.67,41.518,268182300.0
4.31,9.0,0.372,0.353,0.187,0.168,1.151,1.154,1.195,1.195,3.67,41.531,268806000.0
4.32,9.0,0.371,0.353,0.187,0.168,1.151,1.154,1.195,1.195,3.67,41.544,269429700.0
4.33,9.0,0.371,0.352,0.186,0.168,1.151,1.154,1.195,1.195,3.67,41.557,270053300.0
4.34,9.0,0.371,0.352,0.186,0.167,1.151,1.154,1.195,1.195,3.67,41.57,270677100.0
4.35,9.0,0.37,0.352,0.186,0.167,1.151,1.154,1.194,1.194,3.67,41.583,271300700.0
4.36,9.0,0.37,0.351,0.185,0.167,1.15,1.153,1.194,1.194,3.66,41.595,271924400.0
4.37,9.0,0.369,0.351,0.185,0.166,1.15,1.153,1.194,1.194,3.66,41.608,272548100.0
4.38,9.0,0.369,0.351,0.185,0.166,1.15,1.153,1.194,1.194,3.66,41.62,273171700.0
4.39,9.0,0.369,0.35,0.184,0.166,1.15,1.153,1.193,1.193,3.66,41.632,273795400.0
4.4,9.0,0.368,0.35,0.184,0.165,1.15,1.153,1.193,1.193,3.66,41.644,274419100.0
4.41,9.0,0.368,0.35,0.183,0.165,1.149,1.152,1.193,1.193,3.66,41.656,275042800.0
4.42,9.0,0.367,0.349,0.183,0.165,1.149,1.152,1.193,1.193,3.65,41.668,275666500.0
4.43,9.0,0.367,0.349,0.183,0.165,1.149,1.152,1.192,1.192,3.65,41.68,276290100.0
4.44,9.0,0.367,0.349,0.182,0.164,1.149,1.152,1.192,1.192,3.65,41.691,276913800.0
4.45,9.0,0.366,0.348,0.182,0.164,1.149,1.151,1.192,1.192,3.65,41.703,277537500.0
4.46,9.0,0.366,0.348,0.182,0.164,1.148,1.151,1.191,1.191,3.65,41.714,278161200.0
4.47,9.0,0.365,0.348,0.181,0.164,1.148,1.151,1.191,1.191,3.65,41.725,278784900.0
4.48,9.0,0.365,0.348,0.181,0.163,1.148,1.151,1.191,1.191,3.64,41.737,279408500.0
4.49,9.0,0.365,0.347,0.181,0.163,1.148,1.15,1.191,1.191,3.64,41.748,280032200.0
4.5,9.0,0.364,0.347,0.18,0.163,1.148,1.15,1.19,1.19,3.64,41.759,280655900.0
4.51,9.0,0.364,0.347,0.18,0.162,1.147,1.15,1.19,1.19,3.64,41.769,281279600.0
4.52,9.0,0.363,0.346,0.179,0.162,1.147,1.15,1.19,1.19,3.64,41.78,281903300.0
4.53,9.0,0.363,0.346,0.179,0.162,1.147,1.15,1.19,1.19,3.63,41.791,282527000.0
4.54,9.0,0.363,0.346,0.179,0.162,1.147,1.149,1.189,1.189,3.63,41.801,283150600.0
4.55,9.0,0.362,0.345,0.178,0.161,1.146,1.149,1.189,1.189,3.63,41.812,283774300.0
4.56,9.0,0.362,0.345,0.178,0.161,1.146,1.149,1.189,1.189,3.63,41.822,284398000.0
4.57,9.0,0.361,0.345,0.178,0.161,1.146,1.149,1.188,1.188,3.63,41.832,285021700.0
4.58,9.0,0.361,0.344,0.177,0.161,1.146,1.148,1.188,1.188,3.63,41.843,285645300.0
4.59,9.0,0.361,0.344,0.177,0.16,1.146,1.148,1.188,1.188,3.62,41.853,286269000.0
4.6,9.0,0.36,0.344,0.177,0.16,1.145,1.148,1.188,1.188,3.62,41.863,286892700.0
4.61,9.0,0.36,0.344,0.176,0.16,1.145,1.148,1.187,1.187,3.62,41.873,287516400.0
4.62,9.0,0.36,0.343,0.176,0.159,1.145,1.147,1.187,1.187,3.62,41.882,288140100.0
4.63,9.0,0.359,0.343,0.176,0.159,1.145,1.147,1.187,1.187,3.62,41.892,288763700.0
4.64,9.0,0.359,0.343,0.175,0.159,1.144,1.147,1.186,1.186,3.62,41.902,289387400.0
4.65,9.0,0.358,0.342,0.175,0.159,1.144,1.147,1.186,1.186,3.61,41.911,290011100.0
4.66,9.0,0.358,0.342,0.175,0.158,1.144,1.147,1.186,1.186,3.61,41.921,290634800.0
4.67,9.0,0.358,0.342,0.174,0.158,1.144,1.146,1.186,1.186,3.61,41.93,291258500.0
4.68,9.0,0.357,0.341,0.174,0.158,1.144,1.146,1.185,1.185,3.61,41.939,291882100.0
4.69,9.0,0.357,0.341,0.174,0.158,1.143,1.146,1.185,1.185,3.61,41.948,292505800.0
4.7,9.0,0.357,0.341,0.173,0.157,1.143,1.146,1.185,1.185,3.6,41.957,293129500.0
4.71,9.0,0.356,0.341,0.173,0.157,1.143,1.145,1.184,1.184,3.6,41.967,293753200.0
4.72,9.0,0.356,0.34,0.173,0.157,1.143,1.145,1.184,1.184,3.6,41.975,294376900.0
4.73,9.0,0.355,0.34,0.172,0.157,1.142,1.145,1.184,1.184,3.6,41.984,295000500.0
4.74,9.0,0.355,0.34,0.172,0.156,1.142,1.145,1.184,1.184,3.6,41.993,295624200.0
4.75,9.0,0.355,0.339,0.172,0.156,1.142,1.144,1.183,1.183,3.6,42.002,296247900.0
4.76,9.0,0.354,0.339,0.171,0.156,1.142,1.144,1.183,1.183,3.59,42.01,296871600.0
4.77,9.0,0.354,0.339,0.171,0.156,1.141,1.144,1.183,1.183,3.59,42.019,297495300.0
4.78,9.0,0.354,0.338,0.171,0.155,1.141,1.144,1.183,1.183,3.59,42.027,298118900.0
4.79,9.0,0.353,0.338,0.17,0.155,1.141,1.143,1.182,1.182,3.59,42.036,298742600.0
4.8,9.0,0.353,0.338,0.17,0.155,1.141,1.143,1.182,1.182,3.59,42.044,299366300.0
4.81,9.0,0.352,0.338,0.17,0.155,1.141,1.143,1.182,1.182,3.58,42.052,299990000.0
4.82,9.0,0.352,0.337,0.169,0.154,1.14,1.143,1.181,1.181,3.58,42.06,300613700.0
4.83,9.0,0.352,0.337,0.169,0.154,1.14,1.142,1.181,1.181,3.58,42.069,301237300.0
4.84,9.0,0.351,0.337,0.169,0.154,1.14,1.142,1.181,1.181,3.58,42.077,301861000.0
4.85,9.0,0.351,0.336,0.168,0.154,1.14,1.142,1.181,1.181,3.58,42.085,302484700.0
4.86,9.0,0.351,0.336,0.168,0.153,1.139,1.142,1.18,1.18,3.58,42.092,303108400.0
4.87,9.0,0.35,0.336,0.168,0.153,1.139,1.141,1.18,1.18,3.57,42.1,303732100.0
4.88,9.0,0.35,0.336,0.168,0.153,1.139,1.141,1.18,1.18,3.57,42.108,304355700.0
4.89,9.0,0.35,0.335,0.167,0.153,1.139,1.141,1.179,1.179,3.57,42.116,304979400.0
4.9,9.0,0.349,0.335,0.167,0.152,1.138,1.141,1.179,1.179,3.57,42.123,305603100.0
4.91,9.0,0.349,0.335,0.167,0.152,1.138,1.14,1.179,1.179,3.57,42.131,306226800.0
4.92,9.0,0.349,0.334,0.166,0.152,1.138,1.14,1.179,1.179,3.56,42.138,306850500.0
4.93,9.0,0.348,0.334,0.166,0.152,1.138,1.14,1.178,1.178,3.56,42.146,307474100.0
4.94,9.0,0.348,0.334,0.166,0.151,1.138,1.14,1.178,1.178,3.56,42.153,308097800.0
4.95,9.0,0.348,0.334,0.165,0.151,1.137,1.14,1.178,1.178,3.56,42.16,308721500.0
4.96,9.0,0.347,0.333,0.165,0.151,1.137,1.139,1.177,1.177,3.56,42.168,309345200.0
4.97,9.0,0.347,0.333,0.165,0.151,1.137,1.139,1.177,1.177,3.56,42.175,309968800.0
4.98,9.0,0.346,0.333,0.164,0.15,1.137,1.139,1.177,1.177,3.55,42.182,310592500.0
4.99,9.0,0.346,0.332,0.164,0.15,1.136,1.139,1.177,1.177,3.55,42.189,311216200.0
5.0,9.0,0.346,0.332,0.164,0.15,1.136,1.138,1.176,1.176,3.55,42.196,311839900.0
0.01,10.0,0.434,0.421,0.252,0.239,1.009,1.011,1.069,1.069,3.87,41.064,623680.0
0.02,10.0,0.487,0.474,0.306,0.293,0.999,1.002,1.069,1.069,3.87,41.064,1247360.0
0.03,10.0,0.498,0.485,0.317,0.304,0.998,1.0,1.069,1.069,3.87,41.064,1871039.0
0.04,10.0,0.5,0.487,0.319,0.306,0.997,0.999,1.069,1.069,3.87,41.064,2494719.0
0.05,10.0,0.499,0.486,0.318,0.305,0.997,1.0,1.069,1.069,3.87,41.064,3118399.0
0.06,10.0,0.498,0.485,0.317,0.304,0.998,1.0,1.069,1.069,3.87,41.064,3742079.0
0.07,10.0,0.496,0.483,0.315,0.302,0.998,1.0,1.069,1.069,3.87,41.064,4365758.0
0.08,10.0,0.494,0.481,0.313,0.3,0.998,1.001,1.069,1.069,3.87,41.064,4989438.0
0.09,10.0,0.492,0.479,0.311,0.298,0.999,1.001,1.069,1.069,3.87,41.064,5613118.0
0.1,10.0,0.491,0.478,0.31,0.297,0.999,1.001,1.069,1.069,3.87,41.064,6236798.0
0.11,10.0,0.491,0.478,0.31,0.297,0.999,1.001,1.069,1.069,3.87,41.064,6860478.0
0.12,10.0,0.491,0.478,0.31,0.297,0.999,1.001,1.069,1.069,3.87,41.064,7484158.0
0.13,10.0,0.491,0.478,0.31,0.297,0.999,1.001,1.069,1.069,3.87,41.064,8107837.0
0.14,10.0,0.491,0.478,0.31,0.296,0.999,1.001,1.069,1.069,3.87,41.064,8731517.0
0.15,10.0,0.491,0.478,0.31,0.296,0.999,1.001,1.069,1.069,3.87,41.064,9355197.0
0.16,10.0,0.491,0.477,0.31,0.296,0.999,1.001,1.069,1.069,3.87,41.064,9978877.0
0.17,10.0,0.491,0.477,0.31,0.296,0.999,1.001,1.069,1.069,3.87,41.064,10602560.0
0.18,10.0,0.491,0.477,0.31,0.296,0.999,1.001,1.069,1.069,3.87,41.064,11226240.0
0.19,10.0,0.49,0.477,0.31,0.296,0.999,1.001,1.069,1.069,3.87,41.064,11849920.0
0.2,10.0,0.49,0.477,0.31,0.296,0.999,1.001,1.069,1.069,3.87,41.064,12473600.0
0.21,10.0,0.49,0.477,0.31,0.296,0.999,1.001,1.069,1.069,3.87,41.064,13097280.0
0.22,10.0,0.49,0.477,0.309,0.296,0.999,1.001,1.069,1.069,3.87,41.064,13720960.0
0.23,10.0,0.49,0.477,0.309,0.296,0.999,1.001,1.069,1.069,3.87,41.064,14344640.0
0.24,10.0,0.49,0.477,0.309,0.296,0.999,1.001,1.069,1.069,3.87,41.064,14968320.0
0.25,10.0,0.49,0.477,0.309,0.296,0.999,1.001,1.069,1.069,3.87,41.064,15592000.0
0.26,10.0,0.49,0.477,0.309,0.296,0.999,1.001,1.069,1.069,3.87,41.064,16215670.0
0.27,10.0,0.49,0.477,0.309,0.296,0.999,1.001,1.069,1.069,3.87,41.064,16839360.0
0.28,10.0,0.49,0.477,0.309,0.296,0.999,1.001,1.069,1.069,3.87,41.064,17463030.0
0.29,10.0,0.49,0.477,0.309,0.296,0.999,1.001,1.069,1.069,3.87,41.064,18086710.0
0.3,10.0,0.49,0.477,0.309,0.296,0.999,1.001,1.069,1.069,3.87,41.064,18710390.0
0.31,10.0,0.49,0.477,0.309,0.296,0.999,1.001,1.069,1.069,3.87,41.064,19334070.0
0.32,10.0,0.49,0.477,0.309,0.296,0.999,1.001,1.069,1.069,3.87,41.064,19957750.0
0.33,10.0,0.49,0.477,0.309,0.296,0.999,1.001,1.069,1.069,3.87,41.064,20581430.0
0.34,10.0,0.49,0.477,0.309,0.296,0.999,1.001,1.069,1.069,3.87,41.064,21205110.0
0.35,10.0,0.49,0.477,0.309,0.296,0.999,1.001,1.069,1.069,3.87,41.064,21828790.0
0.36,10.0,0.49,0.477,0.309,0.296,0.999,1.001,1.069,1.069,3.87,41.064,22452470.0
0.37,10.0,0.49,0.477,0.309,0.296,0.999,1.001,1.069,1.069,3.87,41.064,23076150.0
0.38,10.0,0.49,0.477,0.309,0.296,0.999,1.001,1.069,1.069,3.87,41.064,23699830.0
0.39,10.0,0.49,0.477,0.309,0.296,0.999,1.001,1.069,1.069,3.87,41.064,24323510.0
0.4,10.0,0.49,0.477,0.309,0.296,0.999,1.001,1.069,1.069,3.87,41.064,24947190.0
0.41,10.0,0.49,0.477,0.309,0.295,0.999,1.001,1.069,1.069,3.87,41.064,25570870.0
0.42,10.0,0.49,0.477,0.309,0.295,0.999,1.001,1.069,1.069,3.87,41.064,26194550.0
0.43,10.0,0.49,0.477,0.309,0.295,0.999,1.001,1.069,1.069,3.87,41.064,26818230.0
0.44,10.0,0.49,0.476,0.309,0.295,0.999,1.001,1.069,1.069,3.87,41.064,27441910.0
0.45,10.0,0.49,0.476,0.309,0.295,0.999,1.001,1.069,1.069,3.87,41.064,28065590.0
0.46,10.0,0.489,0.476,0.309,0.295,0.999,1.001,1.069,1.069,3.87,41.064,28689270.0
0.47,10.0,0.489,0.476,0.309,0.295,0.999,1.001,1.069,1.069,3.87,41.064,29312950.0
0.48,10.0,0.489,0.476,0.309,0.295,0.999,1.001,1.069,1.069,3.87,41.064,29936630.0
0.49,10.0,0.489,0.476,0.308,0.295,0.999,1.001,1.069,1.069,3.87,41.064,30560310.0
0.5,10.0,0.489,0.476,0.308,0.295,0.999,1.001,1.069,1.069,3.87,41.064,31183990.0
0.51,10.0,0.489,0.476,0.308,0.295,0.999,1.001,1.069,1.069,3.87,41.064,31807670.0
0.52,10.0,0.489,0.476,0.308,0.295,0.999,1.001,1.069,1.069,3.87,41.064,32431350.0
0.53,10.0,0.489,0.476,0.308,0.295,0.999,1.001,1.069,1.069,3.87,41.064,33055030.0
0.54,10.0,0.489,0.476,0.308,0.295,0.999,1.001,1.069,1.069,3.87,41.064,33678710.0
0.55,10.0,0.489,0.476,0.308,0.295,0.999,1.001,1.069,1.069,3.87,41.064,34302390.0
0.56,10.0,0.489,0.476,0.308,0.295,0.999,1.001,1.069,1.069,3.87,41.064,34926070.0
0.57,10.0,0.489,0.476,0.308,0.295,0.999,1.001,1.069,1.069,3.87,41.064,35549750.0
0.58,10.0,0.489,0.476,0.308,0.295,0.997,0.999,1.066,1.066,3.87,41.029,36173430.0
0.59,10.0,0.488,0.474,0.308,0.295,0.991,0.993,1.06,1.06,3.87,40.943,36797110.0
0.6,10.0,0.486,0.473,0.308,0.294,0.985,0.987,1.054,1.054,3.87,40.856,37420790.0
0.61,10.0,0.485,0.471,0.308,0.294,0.979,0.981,1.048,1.048,3.87,40.768,38044470.0
0.62,10.0,0.484,0.47,0.308,0.294,0.973,0.975,1.042,1.042,3.87,40.679,38668150.0
0.63,10.0,0.483,0.469,0.308,0.293,0.967,0.969,1.036,1.036,3.87,40.589,39291830.0
0.64,10.0,0.482,0.467,0.308,0.293,0.961,0.964,1.03,1.03,3.87,40.499,39915510.0
0.65,10.0,0.481,0.466,0.308,0.293,0.955,0.958,1.024,1.024,3.87,40.407,40539180.0
0.66,10.0,0.48,0.465,0.308,0.292,0.949,0.952,1.018,1.018,3.87,40.313,41162870.0
0.67,10.0,0.479,0.463,0.308,0.292,0.943,0.946,1.012,1.012,3.87,40.219,41786550.0
0.68,10.0,0.478,0.462,0.308,0.292,0.937,0.94,1.006,1.006,3.87,40.124,42410230.0
0.69,10.0,0.477,0.461,0.308,0.291,0.931,0.934,1.0,1.0,3.87,40.027,43033900.0
0.7,10.0,0.476,0.459,0.308,0.291,0.925,0.928,0.994,0.994,3.87,39.93,43657580.0
0.71,10.0,0.475,0.458,0.308,0.291,0.919,0.922,0.988,0.988,3.87,39.831,44281260.0
0.72,10.0,0.473,0.457,0.308,0.291,0.913,0.916,0.982,0.982,3.87,39.731,44904950.0
0.73,10.0,0.472,0.455,0.308,0.29,0.907,0.911,0.976,0.976,3.87,39.63,45528630.0
0.74,10.0,0.471,0.454,0.308,0.29,0.902,0.905,0.97,0.97,3.87,39.527,46152300.0
0.75,10.0,0.47,0.453,0.308,0.29,0.896,0.899,0.964,0.964,3.87,39.423,46775980.0
0.76,10.0,0.469,0.451,0.308,0.289,0.89,0.893,0.958,0.958,3.87,39.318,47399660.0
0.77,10.0,0.468,0.45,0.307,0.289,0.884,0.887,0.952,0.952,3.87,39.211,48023340.0
0.78,10.0,0.467,0.449,0.307,0.289,0.878,0.881,0.946,0.946,3.87,39.104,48647020.0
0.79,10.0,0.466,0.447,0.307,0.288,0.872,0.875,0.939,0.939,3.87,38.994,49270700.0
0.8,10.0,0.465,0.446,0.307,0.288,0.866,0.869,0.933,0.933,3.87,38.884,49894380.0
0.81,10.0,0.464,0.444,0.307,0.288,0.86,0.863,0.927,0.927,3.87,38.772,50518060.0
0.82,10.0,0.463,0.443,0.307,0.288,0.854,0.857,0.921,0.921,3.87,38.658,51141740.0
0.83,10.0,0.462,0.442,0.307,0.287,0.848,0.852,0.915,0.915,3.87,38.543,51765420.0
0.84,10.0,0.46,0.44,0.307,0.287,0.842,0.846,0.909,0.909,3.87,38.426,52389100.0
0.85,10.0,0.459,0.439,0.307,0.287,0.836,0.84,0.903,0.903,3.87,38.308,53012780.0
0.86,10.0,0.458,0.438,0.307,0.286,0.83,0.834,0.897,0.897,3.87,38.189,53636460.0
0.87,10.0,0.457,0.436,0.307,0.286,0.824,0.828,0.891,0.891,3.87,38.067,54260140.0
0.88,10.0,0.456,0.435,0.307,0.286,0.818,0.822,0.885,0.885,3.87,37.944,54883820.0
0.89,10.0,0.455,0.434,0.307,0.285,0.812,0.816,0.879,0.879,3.87,37.819,55507500.0
0.9,10.0,0.454,0.432,0.307,0.285,0.806,0.81,0.873,0.873,3.87,37.693,56131180.0
0.91,10.0,0.454,0.433,0.309,0.287,0.796,0.8,0.863,0.863,3.85,37.454,56754860.0
0.92,10.0,0.459,0.437,0.315,0.293,0.786,0.79,0.853,0.853,3.83,37.215,57378540.0
0.93,10.0,0.469,0.446,0.327,0.304,0.774,0.778,0.844,0.844,3.81,36.976,58002220.0
0.94,10.0,0.481,0.457,0.342,0.317,0.762,0.766,0.834,0.834,3.78,36.738,58625900.0
0.95,10.0,0.494,0.468,0.356,0.33,0.749,0.754,0.824,0.824,3.76,36.499,59249580.0
0.96,10.0,0.506,0.479,0.37,0.343,0.737,0.742,0.814,0.814,3.74,36.26,59873260.0
0.97,10.0,0.518,0.49,0.385,0.356,0.725,0.73,0.804,0.804,3.72,36.021,60496940.0
0.98,10.0,0.531,0.502,0.399,0.369,0.713,0.718,0.794,0.794,3.7,35.782,61120620.0
0.99,10.0,0.543,0.513,0.413,0.382,0.701,0.706,0.784,0.784,3.67,35.543,61744300.0
1.0,10.0,0.556,0.524,0.428,0.396,0.688,0.694,0.775,0.775,3.65,35.304,62367980.0
1.01,10.0,0.568,0.535,0.442,0.409,0.676,0.682,0.765,0.765,3.63,35.065,62991660.0
1.02,10.0,0.58,0.546,0.456,0.422,0.664,0.67,0.755,0.755,3.61,34.827,63615340.0
1.03,10.0,0.593,0.558,0.471,0.435,0.652,0.658,0.745,0.745,3.59,34.588,64239020.0
1.04,10.0,0.605,0.569,0.485,0.448,0.64,0.646,0.735,0.735,3.57,34.349,64862700.0
1.05,10.0,0.618,0.58,0.499,0.461,0.628,0.634,0.725,0.725,3.54,34.11,65486380.0
1.06,10.0,0.616,0.579,0.498,0.46,0.623,0.63,0.721,0.721,3.55,33.876,66110060.0
1.07,10.0,0.614,0.577,0.497,0.46,0.619,0.626,0.717,0.717,3.56,33.644,66733740.0
1.08,10.0,0.613,0.575,0.497,0.459,0.615,0.621,0.712,0.712,3.57,33.413,67357420.0
1.09,10.0,0.611,0.574,0.496,0.458,0.61,0.617,0.707,0.707,3.58,33.181,67981100.0
1.1,10.0,0.609,0.572,0.495,0.457,0.606,0.612,0.703,0.703,3.59,32.948,68604780.0
1.11,10.0,0.607,0.571,0.494,0.457,0.601,0.608,0.698,0.698,3.59,32.714,69228460.0
1.12,10.0,0.606,0.569,0.493,0.456,0.597,0.603,0.693,0.693,3.6,32.479,69852140.0
1.13,10.0,0.604,0.568,0.492,0.455,0.592,0.598,0.688,0.688,3.61,32.241,70475820.0
1.14,10.0,0.602,0.566,0.491,0.454,0.587,0.594,0.683,0.683,3.61,32.002,71099500.0
1.15,10.0,0.6,0.564,0.49,0.454,0.583,0.589,0.678,0.678,3.62,31.76,71723180.0
1.16,10.0,0.598,0.562,0.488,0.452,0.578,0.584,0.673,0.673,3.62,31.516,72346860.0
1.17,10.0,0.595,0.559,0.487,0.45,0.573,0.579,0.668,0.668,3.63,31.268,72970540.0
1.18,10.0,0.592,0.557,0.485,0.449,0.568,0.575,0.663,0.663,3.64,31.018,73594220.0
1.19,10.0,0.59,0.554,0.483,0.447,0.564,0.57,0.658,0.658,3.64,30.765,74217900.0
1.2,10.0,0.587,0.552,0.481,0.445,0.559,0.565,0.652,0.652,3.65,30.508,74841580.0
1.21,10.0,0.584,0.549,0.479,0.443,0.554,0.56,0.647,0.647,3.65,30.248,75465260.0
1.22,10.0,0.582,0.546,0.477,0.442,0.549,0.556,0.642,0.642,3.65,29.985,76088940.0
1.23,10.0,0.579,0.544,0.476,0.44,0.544,0.551,0.637,0.637,3.66,29.717,76712620.0
1.24,10.0,0.576,0.541,0.474,0.438,0.54,0.546,0.631,0.631,3.66,29.446,77336300.0
1.25,10.0,0.574,0.538,0.472,0.436,0.535,0.541,0.626,0.626,3.67,29.17,77959980.0
1.26,10.0,0.571,0.536,0.47,0.434,0.53,0.536,0.621,0.621,3.67,28.891,78583660.0
1.27,10.0,0.568,0.533,0.469,0.433,0.525,0.531,0.616,0.616,3.68,28.607,79207340.0
1.28,10.0,0.566,0.53,0.467,0.431,0.52,0.526,0.61,0.61,3.68,28.318,79831020.0
1.29,10.0,0.563,0.528,0.465,0.429,0.515,0.521,0.605,0.605,3.68,28.025,80454690.0
1.3,10.0,0.56,0.525,0.463,0.427,0.51,0.516,0.6,0.6,3.69,27.726,81078370.0
1.31,10.0,0.558,0.522,0.462,0.426,0.505,0.511,0.594,0.594,3.69,27.423,81702050.0
1.32,10.0,0.555,0.52,0.46,0.424,0.5,0.506,0.589,0.589,3.7,27.115,82325740.0
1.33,10.0,0.552,0.517,0.458,0.422,0.495,0.501,0.583,0.583,3.7,26.801,82949420.0
1.34,10.0,0.55,0.514,0.456,0.42,0.49,0.496,0.578,0.578,3.7,26.481,83573100.0
1.35,10.0,0.547,0.512,0.455,0.419,0.485,0.491,0.573,0.573,3.71,26.156,84196780.0
1.36,10.0,0.545,0.509,0.453,0.417,0.48,0.486,0.567,0.567,3.71,25.825,84820460.0
1.37,10.0,0.542,0.507,0.451,0.415,0.475,0.481,0.562,0.562,3.71,25.487,85444140.0
1.38,10.0,0.539,0.504,0.45,0.414,0.47,0.476,0.556,0.556,3.72,25.143,86067810.0
1.39,10.0,0.537,0.501,0.448,0.412,0.465,0.471,0.551,0.551,3.72,24.793,86691490.0
1.4,10.0,0.534,0.499,0.446,0.41,0.46,0.466,0.545,0.545,3.72,24.436,87315170.0
1.41,10.0,0.531,0.496,0.444,0.409,0.454,0.461,0.54,0.54,3.73,24.071,87938850.0
1.42,10.0,0.529,0.493,0.443,0.407,0.449,0.456,0.534,0.534,3.73,23.7,88562530.0
1.43,10.0,0.526,0.491,0.441,0.405,0.444,0.45,0.529,0.529,3.73,23.321,89186210.0
1.44,10.0,0.524,0.488,0.439,0.404,0.439,0.445,0.523,0.523,3.73,22.945,89809900.0
1.45,10.0,0.522,0.487,0.438,0.402,0.44,0.446,0.524,0.524,3.73,22.937,90433580.0
1.46,10.0,0.521,0.485,0.436,0.4,0.441,0.447,0.525,0.525,3.73,22.929,91057260.0
1.47,10.0,0.519,0.484,0.435,0.399,0.442,0.448,0.525,0.525,3.72,22.921,91680940.0
1.48,10.0,0.518,0.482,0.433,0.397,0.442,0.449,0.526,0.526,3.72,22.914,92304610.0
1.49,10.0,0.516,0.481,0.431,0.395,0.443,0.449,0.526,0.526,3.72,22.906,92928290.0
1.5,10.0,0.515,0.479,0.43,0.394,0.444,0.45,0.526,0.526,3.72,22.899,93551970.0
1.51,10.0,0.513,0.478,0.428,0.392,0.445,0.451,0.527,0.527,3.71,22.892,94175650.0
1.52,10.0,0.512,0.476,0.426,0.391,0.445,0.452,0.527,0.527,3.71,22.884,94799330.0
1.53,10.0,0.51,0.475,0.425,0.389,0.446,0.452,0.528,0.528,3.71,22.878,95423010.0
1.54,10.0,0.509,0.473,0.423,0.387,0.447,0.453,0.528,0.528,3.7,22.871,96046690.0
1.55,10.0,0.507,0.472,0.422,0.386,0.448,0.454,0.529,0.529,3.7,22.864,96670370.0
1.56,10.0,0.506,0.47,0.42,0.384,0.448,0.454,0.529,0.529,3.7,22.857,97294050.0
1.57,10.0,0.504,0.469,0.418,0.383,0.449,0.455,0.53,0.53,3.69,22.851,97917730.0
1.58,10.0,0.503,0.467,0.417,0.381,0.45,0.456,0.53,0.53,3.69,22.845,98541410.0
1.59,10.0,0.501,0.466,0.415,0.379,0.45,0.457,0.531,0.531,3.69,22.838,99165090.0
1.6,10.0,0.5,0.464,0.414,0.378,0.451,0.457,0.531,0.531,3.69,22.832,99788770.0
1.61,10.0,0.498,0.463,0.412,0.376,0.452,0.458,0.531,0.531,3.68,22.826,100412400.0
1.62,10.0,0.497,0.461,0.411,0.375,0.452,0.459,0.532,0.532,3.68,22.82,101036100.0
1.63,10.0,0.495,0.46,0.409,0.373,0.453,0.459,0.532,0.532,3.68,22.815,101659800.0
1.64,10.0,0.494,0.458,0.408,0.372,0.454,0.46,0.533,0.533,3.67,22.809,102283500.0
1.65,10.0,0.492,0.457,0.406,0.37,0.454,0.461,0.533,0.533,3.67,22.804,102907200.0
1.66,10.0,0.491,0.456,0.405,0.369,0.455,0.461,0.533,0.533,3.67,22.798,103530800.0
1.67,10.0,0.49,0.454,0.403,0.367,0.456,0.462,0.534,0.534,3.66,22.793,104154500.0
1.68,10.0,0.488,0.453,0.401,0.366,0.456,0.462,0.534,0.534,3.66,22.787,104778200.0
1.69,10.0,0.487,0.451,0.4,0.364,0.457,0.463,0.534,0.534,3.65,22.782,105401900.0
1.7,10.0,0.485,0.45,0.398,0.363,0.457,0.464,0.535,0.535,3.65,22.777,106025600.0
1.71,10.0,0.484,0.448,0.397,0.361,0.458,0.464,0.535,0.535,3.65,22.772,106649200.0
1.72,10.0,0.482,0.447,0.395,0.36,0.459,0.465,0.535,0.535,3.64,22.767,107272900.0
1.73,10.0,0.481,0.446,0.394,0.358,0.459,0.466,0.536,0.536,3.64,22.763,107896600.0
1.74,10.0,0.48,0.444,0.392,0.357,0.46,0.466,0.536,0.536,3.64,22.758,108520300.0
1.75,10.0,0.478,0.443,0.391,0.355,0.46,0.467,0.537,0.537,3.63,22.753,109144000.0
1.76,10.0,0.477,0.441,0.39,0.354,0.461,0.467,0.537,0.537,3.63,22.749,109767600.0
1.77,10.0,0.475,0.44,0.388,0.352,0.462,0.468,0.537,0.537,3.63,22.745,110391300.0
1.78,10.0,0.474,0.439,0.387,0.351,0.462,0.468,0.537,0.537,3.62,22.74,111015000.0
1.79,10.0,0.473,0.437,0.385,0.349,0.463,0.469,0.538,0.538,3.62,22.736,111638700.0
1.8,10.0,0.471,0.436,0.384,0.348,0.463,0.47,0.538,0.538,3.61,22.732,112262400.0
1.81,10.0,0.47,0.435,0.382,0.346,0.464,0.47,0.538,0.538,3.61,22.728,112886000.0
1.82,10.0,0.469,0.433,0.381,0.345,0.464,0.471,0.539,0.539,3.61,22.724,113509700.0
1.83,10.0,0.467,0.432,0.379,0.343,0.465,0.471,0.539,0.539,3.6,22.72,114133400.0
1.84,10.0,0.466,0.43,0.378,0.342,0.466,0.472,0.539,0.539,3.6,22.716,114757100.0
1.85,10.0,0.464,0.429,0.377,0.341,0.466,0.472,0.54,0.54,3.59,22.712,115380800.0
1.86,10.0,0.463,0.428,0.375,0.339,0.467,0.473,0.54,0.54,3.59,22.709,116004400.0
1.87,10.0,0.462,0.426,0.374,0.338,0.467,0.473,0.54,0.54,3.59,22.705,116628100.0
1.88,10.0,0.46,0.425,0.372,0.336,0.468,0.474,0.54,0.54,3.58,22.701,117251800.0
1.89,10.0,0.459,0.424,0.371,0.335,0.468,0.474,0.541,0.541,3.58,22.698,117875500.0
1.9,10.0,0.458,0.422,0.369,0.334,0.469,0.475,0.541,0.541,3.57,22.695,118499200.0
1.91,10.0,0.456,0.421,0.368,0.332,0.469,0.475,0.541,0.541,3.57,22.691,119122800.0
1.92,10.0,0.455,0.42,0.367,0.331,0.47,0.476,0.542,0.542,3.57,22.688,119746500.0
1.93,10.0,0.454,0.418,0.365,0.329,0.47,0.476,0.542,0.542,3.56,22.685,120370200.0
1.94,10.0,0.453,0.417,0.364,0.328,0.471,0.477,0.542,0.542,3.56,22.682,120993900.0
1.95,10.0,0.451,0.416,0.363,0.327,0.471,0.477,0.542,0.542,3.55,22.679,121617600.0
1.96,10.0,0.45,0.415,0.361,0.325,0.472,0.478,0.543,0.543,3.55,22.676,122241200.0
1.97,10.0,0.449,0.413,0.36,0.324,0.472,0.478,0.543,0.543,3.55,22.673,122864900.0
1.98,10.0,0.447,0.412,0.358,0.322,0.473,0.479,0.543,0.543,3.54,22.67,123488600.0
1.99,10.0,0.446,0.41,0.357,0.321,0.473,0.479,0.543,0.543,3.54,22.667,124112300.0
2.0,10.0,0.445,0.409,0.356,0.32,0.473,0.48,0.544,0.544,3.53,22.664,124736000.0
2.01,10.0,0.444,0.408,0.354,0.318,0.474,0.48,0.544,0.544,3.53,22.662,125359600.0
2.02,10.0,0.442,0.406,0.353,0.317,0.474,0.481,0.544,0.544,3.52,22.659,125983300.0
2.03,10.0,0.441,0.405,0.352,0.315,0.475,0.481,0.544,0.544,3.52,22.657,126607000.0
2.04,10.0,0.44,0.404,0.351,0.314,0.475,0.482,0.544,0.544,3.52,22.654,127230700.0
2.05,10.0,0.439,0.403,0.349,0.313,0.476,0.482,0.545,0.545,3.51,22.652,127854400.0
2.06,10.0,0.438,0.401,0.348,0.311,0.476,0.482,0.545,0.545,3.51,22.65,128478000.0
2.07,10.0,0.436,0.4,0.347,0.31,0.476,0.483,0.545,0.545,3.5,22.647,129101700.0
2.08,10.0,0.435,0.399,0.346,0.309,0.477,0.483,0.545,0.545,3.5,22.645,129725400.0
2.09,10.0,0.434,0.398,0.345,0.308,0.477,0.484,0.545,0.545,3.49,22.643,130349100.0
2.1,10.0,0.433,0.396,0.343,0.306,0.478,0.484,0.546,0.546,3.49,22.641,130972800.0
2.11,10.0,0.432,0.395,0.342,0.305,0.478,0.485,0.546,0.546,3.48,22.639,131596400.0
2.12,10.0,0.431,0.394,0.341,0.304,0.478,0.485,0.546,0.546,3.48,22.637,132220100.0
2.13,10.0,0.429,0.393,0.34,0.302,0.479,0.485,0.546,0.546,3.48,22.635,132843800.0
2.14,10.0,0.428,0.391,0.339,0.301,0.479,0.486,0.546,0.546,3.47,22.633,133467500.0
2.15,10.0,0.427,0.39,0.337,0.3,0.48,0.486,0.547,0.547,3.47,22.632,134091200.0
2.16,10.0,0.426,0.389,0.336,0.299,0.48,0.487,0.547,0.547,3.46,22.63,134714800.0
2.17,10.0,0.425,0.388,0.335,0.297,0.48,0.487,0.547,0.547,3.46,22.628,135338500.0
2.18,10.0,0.424,0.387,0.334,0.296,0.481,0.487,0.547,0.547,3.45,22.627,135962200.0
2.19,10.0,0.423,0.385,0.333,0.295,0.481,0.488,0.547,0.547,3.45,22.625,136585900.0
2.2,10.0,0.422,0.384,0.332,0.294,0.481,0.488,0.547,0.547,3.44,22.624,137209600.0
2.21,10.0,0.42,0.383,0.33,0.292,0.482,0.488,0.548,0.548,3.44,22.622,137833200.0
2.22,10.0,0.419,0.382,0.329,0.291,0.482,0.489,0.548,0.548,3.43,22.621,138456900.0
2.23,10.0,0.418,0.381,0.328,0.29,0.483,0.489,0.548,0.548,3.43,22.619,139080600.0
2.24,10.0,0.417,0.379,0.327,0.289,0.483,0.49,0.548,0.548,3.42,22.618,139704300.0
2.25,10.0,0.416,0.378,0.326,0.287,0.483,0.49,0.548,0.548,3.42,22.617,140328000.0
2.26,10.0,0.415,0.377,0.325,0.286,0.484,0.49,0.548,0.548,3.41,22.616,140951600.0
2.27,10.0,0.414,0.376,0.324,0.285,0.484,0.491,0.548,0.548,3.41,22.615,141575300.0
2.28,10.0,0.413,0.375,0.323,0.284,0.484,0.491,0.549,0.549,3.4,22.614,142199000.0
2.29,10.0,0.412,0.374,0.321,0.283,0.485,0.492,0.549,0.549,3.4,22.628,142822700.0
2.3,10.0,0.411,0.373,0.32,0.281,0.486,0.493,0.55,0.55,3.4,22.652,143446400.0
2.31,10.0,0.411,0.373,0.319,0.28,0.494,0.501,0.558,0.558,3.4,23.086,144070000.0
2.32,10.0,0.412,0.374,0.318,0.279,0.506,0.513,0.57,0.57,3.41,23.72,144693700.0
2.33,10.0,0.413,0.375,0.317,0.278,0.518,0.525,0.582,0.582,3.41,24.329,145317400.0
2.34,10.0,0.414,0.376,0.316,0.277,0.529,0.536,0.593,0.593,3.41,24.914,145941100.0
2.35,10.0,0.415,0.376,0.315,0.276,0.541,0.548,0.605,0.605,3.41,25.477,146564800.0
2.36,10.0,0.416,0.377,0.314,0.274,0.553,0.56,0.617,0.617,3.41,26.019,147188400.0
2.37,10.0,0.417,0.378,0.313,0.273,0.564,0.571,0.628,0.628,3.41,26.541,147812100.0
2.38,10.0,0.418,0.379,0.312,0.272,0.576,0.583,0.64,0.64,3.41,27.045,148435800.0
2.39,10.0,0.419,0.38,0.311,0.271,0.588,0.595,0.652,0.652,3.41,27.53,149059500.0
2.4,10.0,0.42,0.381,0.31,0.27,0.599,0.606,0.663,0.663,3.41,27.999,149683200.0
2.41,10.0,0.421,0.382,0.309,0.269,0.611,0.618,0.675,0.675,3.41,28.452,150306800.0
2.42,10.0,0.422,0.383,0.308,0.268,0.623,0.63,0.687,0.687,3.41,28.89,150930500.0
2.43,10.0,0.423,0.384,0.307,0.267,0.634,0.641,0.698,0.698,3.41,29.313,151554200.0
2.44,10.0,0.424,0.385,0.306,0.265,0.646,0.653,0.71,0.71,3.41,29.723,152177900.0
2.45,10.0,0.425,0.386,0.305,0.264,0.658,0.665,0.721,0.721,3.41,30.12,152801600.0
2.46,10.0,0.426,0.387,0.304,0.264,0.669,0.676,0.733,0.733,3.41,30.504,153425200.0
2.47,10.0,0.427,0.388,0.303,0.263,0.681,0.688,0.745,0.745,3.41,30.877,154048900.0
2.48,10.0,0.428,0.389,0.302,0.262,0.692,0.699,0.756,0.756,3.42,31.238,154672600.0
2.49,10.0,0.429,0.39,0.301,0.261,0.704,0.711,0.768,0.768,3.42,31.589,155296300.0
2.5,10.0,0.43,0.392,0.3,0.26,0.716,0.722,0.779,0.779,3.42,31.93,155920000.0
2.51,10.0,0.432,0.393,0.299,0.259,0.727,0.734,0.791,0.791,3.42,32.26,156543600.0
2.52,10.0,0.433,0.394,0.298,0.259,0.739,0.746,0.803,0.803,3.42,32.582,157167300.0
2.53,10.0,0.434,0.395,0.297,0.258,0.75,0.757,0.814,0.814,3.42,32.894,157791000.0
2.54,10.0,0.435,0.397,0.296,0.257,0.762,0.769,0.826,0.826,3.42,33.198,158414700.0
2.55,10.0,0.436,0.398,0.295,0.256,0.773,0.78,0.837,0.837,3.42,33.494,159038400.0
2.56,10.0,0.437,0.399,0.294,0.256,0.785,0.792,0.849,0.849,3.42,33.782,159662000.0
2.57,10.0,0.438,0.4,0.293,0.255,0.797,0.803,0.861,0.861,3.42,34.062,160285700.0
2.58,10.0,0.439,0.402,0.292,0.254,0.808,0.815,0.872,0.872,3.42,34.335,160909400.0
2.59,10.0,0.44,0.403,0.291,0.253,0.82,0.826,0.884,0.884,3.42,34.602,161533100.0
2.6,10.0,0.441,0.404,0.29,0.253,0.831,0.838,0.895,0.895,3.42,34.861,162156700.0
2.61,10.0,0.442,0.405,0.289,0.252,0.843,0.849,0.907,0.907,3.42,35.114,162780400.0
2.62,10.0,0.443,0.407,0.288,0.251,0.854,0.861,0.918,0.918,3.42,35.361,163404100.0
2.63,10.0,0.444,0.408,0.287,0.25,0.866,0.872,0.93,0.93,3.42,35.602,164027800.0
2.64,10.0,0.446,0.409,0.286,0.25,0.877,0.884,0.941,0.941,3.42,35.837,164651500.0
2.65,10.0,0.447,0.411,0.285,0.249,0.889,0.895,0.953,0.953,3.42,36.067,165275200.0
2.66,10.0,0.448,0.412,0.285,0.248,0.9,0.907,0.965,0.965,3.42,36.291,165898800.0
2.67,10.0,0.449,0.413,0.284,0.247,0.912,0.918,0.976,0.976,3.42,36.51,166522500.0
2.68,10.0,0.45,0.414,0.283,0.247,0.924,0.93,0.988,0.988,3.42,36.725,167146200.0
2.69,10.0,0.451,0.416,0.282,0.246,0.935,0.941,0.999,0.999,3.42,36.934,167769900.0
2.7,10.0,0.452,0.417,0.281,0.245,0.947,0.953,1.011,1.011,3.42,37.139,168393600.0
2.71,10.0,0.453,0.418,0.28,0.245,0.958,0.964,1.022,1.022,3.42,37.34,169017200.0
2.72,10.0,0.454,0.42,0.279,0.244,0.97,0.976,1.034,1.034,3.42,37.536,169640900.0
2.73,10.0,0.456,0.421,0.278,0.243,0.981,0.987,1.045,1.045,3.42,37.728,170264600.0
2.74,10.0,0.457,0.422,0.277,0.243,0.993,0.999,1.057,1.057,3.42,37.916,170888300.0
2.75,10.0,0.458,0.424,0.277,0.242,1.004,1.01,1.068,1.068,3.42,38.1,171512000.0
2.76,10.0,0.459,0.425,0.276,0.241,1.015,1.021,1.08,1.08,3.42,38.28,172135600.0
2.77,10.0,0.46,0.426,0.275,0.241,1.027,1.033,1.091,1.091,3.42,38.457,172759300.0
2.78,10.0,0.461,0.428,0.274,0.24,1.038,1.044,1.103,1.103,3.42,38.63,173383000.0
2.79,10.0,0.462,0.429,0.273,0.239,1.05,1.056,1.114,1.114,3.42,38.8,174006700.0
2.8,10.0,0.464,0.43,0.272,0.239,1.061,1.067,1.126,1.126,3.42,38.966,174630300.0
2.81,10.0,0.465,0.432,0.271,0.238,1.073,1.079,1.137,1.137,3.42,39.13,175254000.0
2.82,10.0,0.466,0.433,0.271,0.237,1.084,1.09,1.149,1.149,3.42,39.29,175877700.0
2.83,10.0,0.467,0.434,0.27,0.237,1.096,1.101,1.16,1.16,3.42,39.447,176501400.0
2.84,10.0,0.468,0.436,0.269,0.236,1.107,1.113,1.172,1.172,3.42,39.601,177125100.0
2.85,10.0,0.469,0.437,0.268,0.235,1.119,1.124,1.183,1.183,3.42,39.752,177748700.0
2.86,10.0,0.471,0.439,0.267,0.235,1.13,1.136,1.195,1.195,3.42,39.901,178372400.0
2.87,10.0,0.472,0.44,0.266,0.234,1.141,1.147,1.206,1.206,3.42,40.047,178996100.0
2.88,10.0,0.473,0.441,0.266,0.233,1.152,1.158,1.217,1.217,3.42,40.184,179619800.0
2.89,10.0,0.473,0.441,0.265,0.233,1.155,1.16,1.219,1.219,3.41,40.203,180243500.0
2.9,10.0,0.472,0.441,0.264,0.232,1.157,1.162,1.221,1.221,3.41,40.223,180867200.0
2.91,10.0,0.472,0.44,0.263,0.232,1.159,1.165,1.223,1.223,3.41,40.242,181490800.0
2.92,10.0,0.471,0.44,0.262,0.231,1.161,1.167,1.225,1.225,3.41,40.262,182114500.0
2.93,10.0,0.471,0.44,0.262,0.23,1.163,1.169,1.227,1.227,3.41,40.282,182738200.0
2.94,10.0,0.47,0.44,0.261,0.23,1.166,1.171,1.23,1.23,3.41,40.302,183361900.0
2.95,10.0,0.47,0.44,0.26,0.229,1.168,1.173,1.232,1.232,3.41,40.322,183985500.0
2.96,10.0,0.47,0.439,0.259,0.229,1.17,1.175,1.234,1.234,3.41,40.343,184609200.0
2.97,10.0,0.469,0.439,0.259,0.228,1.172,1.177,1.236,1.236,3.41,40.363,185232900.0
2.98,10.0,0.469,0.439,0.258,0.227,1.174,1.18,1.238,1.238,3.41,40.384,185856600.0
2.99,10.0,0.468,0.439,0.257,0.227,1.177,1.182,1.24,1.24,3.41,40.405,186480300.0
3.0,10.0,0.468,0.438,0.256,0.226,1.179,1.184,1.242,1.242,3.41,40.426,187103900.0
3.01,10.0,0.468,0.438,0.256,0.226,1.181,1.186,1.244,1.244,3.41,40.447,187727600.0
3.02,10.0,0.467,0.438,0.255,0.225,1.183,1.188,1.246,1.246,3.41,40.469,188351300.0
3.03,10.0,0.467,0.438,0.254,0.224,1.185,1.191,1.249,1.249,3.41,40.49,188975000.0
3.04,10.0,0.467,0.438,0.253,0.224,1.188,1.193,1.251,1.251,3.41,40.512,189598700.0
3.05,10.0,0.467,0.437,0.253,0.223,1.19,1.195,1.253,1.253,3.41,40.534,190222300.0
3.06,10.0,0.466,0.437,0.252,0.223,1.192,1.197,1.255,1.255,3.4,40.555,190846000.0
3.07,10.0,0.466,0.437,0.251,0.222,1.194,1.199,1.257,1.257,3.4,40.578,191469700.0
3.08,10.0,0.466,0.437,0.251,0.222,1.197,1.202,1.259,1.259,3.4,40.6,192093400.0
3.09,10.0,0.465,0.437,0.25,0.221,1.199,1.204,1.261,1.261,3.4,40.622,192717100.0
3.1,10.0,0.465,0.436,0.249,0.22,1.201,1.206,1.264,1.264,3.4,40.645,193340700.0
3.11,10.0,0.465,0.436,0.249,0.22,1.203,1.208,1.266,1.266,3.4,40.667,193964400.0
3.12,10.0,0.465,0.436,0.248,0.219,1.205,1.211,1.268,1.268,3.4,40.69,194588100.0
3.13,10.0,0.464,0.436,0.248,0.219,1.208,1.213,1.27,1.27,3.4,40.713,195211800.0
3.14,10.0,0.464,0.436,0.247,0.218,1.21,1.215,1.272,1.272,3.4,40.736,195835500.0
3.15,10.0,0.464,0.436,0.246,0.218,1.212,1.217,1.274,1.274,3.4,40.759,196459100.0
3.16,10.0,0.464,0.435,0.246,0.217,1.215,1.219,1.277,1.277,3.4,40.783,197082800.0
3.17,10.0,0.463,0.435,0.245,0.217,1.217,1.222,1.279,1.279,3.4,40.806,197706500.0
3.18,10.0,0.463,0.435,0.244,0.216,1.219,1.224,1.281,1.281,3.39,40.83,198330200.0
3.19,10.0,0.463,0.435,0.244,0.215,1.221,1.226,1.283,1.283,3.39,40.854,198953900.0
3.2,10.0,0.463,0.435,0.243,0.215,1.224,1.228,1.285,1.285,3.39,40.877,199577500.0
3.21,10.0,0.462,0.435,0.242,0.214,1.226,1.231,1.288,1.288,3.39,40.901,200201200.0
3.22,10.0,0.462,0.435,0.242,0.214,1.228,1.233,1.29,1.29,3.39,40.925,200824900.0
3.23,10.0,0.462,0.434,0.241,0.213,1.23,1.235,1.292,1.292,3.39,40.95,201448600.0
3.24,10.0,0.462,0.434,0.241,0.213,1.233,1.238,1.294,1.294,3.39,40.974,202072300.0
3.25,10.0,0.461,0.434,0.24,0.212,1.235,1.24,1.296,1.296,3.39,40.999,202695900.0
3.26,10.0,0.461,0.434,0.239,0.212,1.237,1.242,1.299,1.299,3.39,41.023,203319600.0
3.27,10.0,0.461,0.434,0.239,0.211,1.24,1.244,1.301,1.301,3.38,41.048,203943300.0
3.28,10.0,0.461,0.434,0.238,0.211,1.242,1.247,1.303,1.303,3.38,41.073,204567000.0
3.29,10.0,0.461,0.434,0.237,0.21,1.244,1.249,1.305,1.305,3.38,41.098,205190700.0
3.3,10.0,0.46,0.434,0.237,0.21,1.247,1.251,1.308,1.308,3.38,41.123,205814300.0
3.31,10.0,0.46,0.434,0.236,0.209,1.249,1.254,1.31,1.31,3.38,41.148,206438000.0
3.32,10.0,0.46,0.433,0.236,0.209,1.251,1.256,1.312,1.312,3.38,41.173,207061700.0
3.33,10.0,0.46,0.433,0.235,0.208,1.254,1.258,1.314,1.314,3.38,41.198,207685400.0
3.34,10.0,0.46,0.433,0.235,0.208,1.256,1.261,1.317,1.317,3.38,41.224,208309000.0
3.35,10.0,0.459,0.433,0.234,0.207,1.258,1.263,1.319,1.319,3.38,41.249,208932700.0
3.36,10.0,0.459,0.433,0.233,0.207,1.261,1.265,1.321,1.321,3.37,41.275,209556400.0
3.37,10.0,0.459,0.433,0.233,0.206,1.263,1.268,1.323,1.323,3.37,41.301,210180100.0
3.38,10.0,0.459,0.433,0.232,0.206,1.265,1.27,1.326,1.326,3.37,41.327,210803800.0
3.39,10.0,0.459,0.433,0.232,0.205,1.268,1.272,1.328,1.328,3.37,41.353,211427500.0
3.4,10.0,0.459,0.433,0.231,0.205,1.27,1.275,1.33,1.33,3.37,41.379,212051100.0
3.41,10.0,0.458,0.433,0.23,0.204,1.272,1.277,1.333,1.333,3.37,41.405,212674800.0
3.42,10.0,0.458,0.433,0.23,0.204,1.275,1.279,1.335,1.335,3.37,41.431,213298500.0
3.43,10.0,0.458,0.433,0.229,0.203,1.277,1.282,1.337,1.337,3.36,41.458,213922200.0
3.44,10.0,0.458,0.433,0.229,0.203,1.28,1.284,1.34,1.34,3.37,41.491,214545900.0
3.45,10.0,0.458,0.432,0.228,0.202,1.282,1.287,1.342,1.342,3.37,41.515,215169500.0
3.46,10.0,0.457,0.432,0.228,0.202,1.283,1.288,1.343,1.343,3.36,41.524,215793200.0
3.47,10.0,0.457,0.432,0.227,0.202,1.284,1.289,1.344,1.344,3.36,41.531,216416900.0
3.48,10.0,0.457,0.432,0.227,0.201,1.285,1.29,1.345,1.345,3.36,41.538,217040600.0
3.49,10.0,0.456,0.431,0.226,0.201,1.286,1.291,1.346,1.346,3.36,41.546,217664300.0
3.5,10.0,0.456,0.431,0.225,0.2,1.287,1.292,1.347,1.347,3.36,41.553,218287900.0
3.51,10.0,0.455,0.431,0.225,0.2,1.288,1.293,1.348,1.348,3.36,41.561,218911600.0
3.52,10.0,0.455,0.43,0.224,0.199,1.289,1.294,1.349,1.349,3.36,41.568,219535300.0
3.53,10.0,0.455,0.43,0.224,0.199,1.29,1.295,1.35,1.35,3.36,41.576,220159000.0
3.54,10.0,0.454,0.43,0.223,0.198,1.291,1.296,1.351,1.351,3.36,41.584,220782600.0
3.55,10.0,0.454,0.43,0.223,0.198,1.292,1.297,1.351,1.351,3.36,41.591,221406300.0
3.56,10.0,0.454,0.429,0.222,0.198,1.293,1.297,1.352,1.352,3.36,41.599,222030000.0
3.57,10.0,0.453,0.429,0.222,0.197,1.294,1.298,1.353,1.353,3.36,41.607,222653700.0
3.58,10.0,0.453,0.429,0.221,0.197,1.295,1.299,1.354,1.354,3.36,41.615,223277400.0
3.59,10.0,0.453,0.429,0.221,0.196,1.296,1.3,1.355,1.355,3.36,41.623,223901000.0
3.6,10.0,0.452,0.428,0.22,0.196,1.297,1.301,1.356,1.356,3.37,41.631,224524700.0
3.61,10.0,0.452,0.428,0.22,0.195,1.298,1.302,1.357,1.357,3.37,41.639,225148400.0
3.62,10.0,0.451,0.428,0.219,0.195,1.299,1.303,1.358,1.358,3.38,41.648,225772100.0
3.63,10.0,0.451,0.427,0.218,0.195,1.3,1.304,1.359,1.359,3.38,41.656,226395800.0
3.64,10.0,0.451,0.427,0.218,0.194,1.301,1.305,1.359,1.359,3.39,41.664,227019500.0
3.65,10.0,0.45,0.427,0.217,0.194,1.302,1.306,1.36,1.36,3.39,41.673,227643100.0
3.66,10.0,0.45,0.427,0.217,0.193,1.303,1.307,1.361,1.361,3.4,41.681,228266800.0
3.67,10.0,0.45,0.426,0.216,0.193,1.304,1.308,1.362,1.362,3.4,41.69,228890500.0
3.68,10.0,0.449,0.426,0.216,0.192,1.305,1.309,1.363,1.363,3.41,41.698,229514200.0
3.69,10.0,0.449,0.426,0.215,0.192,1.306,1.31,1.364,1.364,3.41,41.707,230137900.0
3.7,10.0,0.449,0.426,0.215,0.192,1.307,1.311,1.365,1.365,3.42,41.716,230761500.0
3.71,10.0,0.448,0.425,0.214,0.191,1.308,1.312,1.366,1.366,3.42,41.725,231385200.0
3.72,10.0,0.448,0.425,0.214,0.191,1.309,1.313,1.367,1.367,3.43,41.734,232008900.0
3.73,10.0,0.448,0.425,0.213,0.19,1.31,1.314,1.367,1.367,3.43,41.742,232632600.0
3.74,10.0,0.447,0.425,0.213,0.19,1.311,1.315,1.368,1.368,3.44,41.751,233256200.0
3.75,10.0,0.447,0.425,0.212,0.19,1.312,1.316,1.369,1.369,3.44,41.761,233879900.0
3.76,10.0,0.447,0.424,0.212,0.189,1.313,1.316,1.37,1.37,3.45,41.77,234503600.0
3.77,10.0,0.446,0.424,0.211,0.189,1.313,1.317,1.371,1.371,3.45,41.779,235127300.0
3.78,10.0,0.446,0.424,0.211,0.188,1.314,1.318,1.372,1.372,3.46,41.788,235751000.0
3.79,10.0,0.446,0.424,0.211,0.188,1.315,1.319,1.373,1.373,3.46,41.797,236374600.0
3.8,10.0,0.445,0.423,0.21,0.188,1.316,1.32,1.374,1.374,3.47,41.807,236998300.0
3.81,10.0,0.445,0.423,0.21,0.187,1.317,1.321,1.375,1.375,3.47,41.816,237622000.0
3.82,10.0,0.445,0.423,0.209,0.187,1.318,1.322,1.375,1.375,3.48,41.826,238245700.0
3.83,10.0,0.444,0.423,0.209,0.187,1.319,1.323,1.376,1.376,3.48,41.835,238869400.0
3.84,10.0,0.444,0.423,0.208,0.186,1.32,1.324,1.377,1.377,3.49,41.845,239493000.0
3.85,10.0,0.444,0.422,0.208,0.186,1.321,1.325,1.378,1.378,3.49,41.854,240116700.0
3.86,10.0,0.444,0.422,0.207,0.185,1.322,1.326,1.379,1.379,3.5,41.864,240740400.0
3.87,10.0,0.443,0.422,0.207,0.185,1.323,1.327,1.38,1.38,3.5,41.874,241364100.0
3.88,10.0,0.443,0.422,0.206,0.185,1.324,1.328,1.381,1.381,3.51,41.884,241987800.0
3.89,10.0,0.443,0.421,0.206,0.184,1.325,1.329,1.382,1.382,3.51,41.894,242611500.0
3.9,10.0,0.442,0.421,0.205,0.184,1.326,1.33,1.383,1.383,3.52,41.904,243235100.0
3.91,10.0,0.442,0.421,0.205,0.183,1.327,1.331,1.383,1.383,3.52,41.914,243858800.0
3.92,10.0,0.442,0.421,0.204,0.183,1.328,1.332,1.384,1.384,3.53,41.924,244482500.0
3.93,10.0,0.441,0.42,0.204,0.183,1.329,1.332,1.385,1.385,3.54,41.934,245106200.0
3.94,10.0,0.441,0.42,0.204,0.182,1.33,1.333,1.386,1.386,3.54,41.944,245729800.0
3.95,10.0,0.441,0.42,0.203,0.182,1.331,1.334,1.387,1.387,3.55,41.954,246353500.0
3.96,10.0,0.441,0.42,0.203,0.181,1.332,1.335,1.388,1.388,3.55,41.965,246977200.0
3.97,10.0,0.44,0.42,0.202,0.181,1.333,1.336,1.389,1.389,3.56,41.975,247600900.0
3.98,10.0,0.44,0.419,0.202,0.181,1.334,1.337,1.39,1.39,3.56,41.985,248224600.0
3.99,10.0,0.44,0.419,0.201,0.18,1.334,1.338,1.391,1.391,3.57,41.996,248848200.0
4.0,10.0,0.439,0.419,0.201,0.18,1.335,1.339,1.391,1.391,3.57,42.007,249471900.0
4.01,10.0,0.439,0.419,0.2,0.18,1.336,1.34,1.392,1.392,3.58,42.017,250095600.0
4.02,10.0,0.439,0.418,0.2,0.179,1.337,1.341,1.393,1.393,3.58,42.028,250719300.0
4.03,10.0,0.439,0.418,0.2,0.179,1.338,1.342,1.394,1.394,3.59,42.039,251343000.0
4.04,10.0,0.438,0.418,0.199,0.178,1.339,1.343,1.395,1.395,3.59,42.049,251966600.0
4.05,10.0,0.438,0.418,0.199,0.178,1.34,1.344,1.396,1.396,3.6,42.06,252590300.0
4.06,10.0,0.438,0.418,0.198,0.178,1.341,1.345,1.397,1.397,3.6,42.071,253214000.0
4.07,10.0,0.438,0.417,0.198,0.177,1.342,1.346,1.398,1.398,3.61,42.082,253837700.0
4.08,10.0,0.437,0.417,0.197,0.177,1.343,1.347,1.399,1.399,3.61,42.093,254461400.0
4.09,10.0,0.437,0.417,0.197,0.177,1.344,1.347,1.399,1.399,3.62,42.104,255085000.0
4.1,10.0,0.437,0.417,0.197,0.176,1.345,1.348,1.4,1.4,3.62,42.115,255708700.0
4.11,10.0,0.437,0.417,0.196,0.176,1.346,1.349,1.401,1.401,3.63,42.126,256332400.0
4.12,10.0,0.436,0.416,0.196,0.176,1.347,1.35,1.402,1.402,3.63,42.138,256956100.0
4.13,10.0,0.436,0.416,0.195,0.175,1.348,1.351,1.403,1.403,3.64,42.149,257579800.0
4.14,10.0,0.436,0.416,0.195,0.175,1.349,1.352,1.404,1.404,3.64,42.16,258203400.0
4.15,10.0,0.436,0.416,0.195,0.175,1.35,1.353,1.405,1.405,3.65,42.172,258827100.0
4.16,10.0,0.435,0.416,0.194,0.174,1.351,1.354,1.406,1.406,3.65,42.183,259450800.0
4.17,10.0,0.435,0.415,0.194,0.174,1.351,1.355,1.406,1.406,3.66,42.195,260074500.0
4.18,10.0,0.435,0.415,0.193,0.174,1.352,1.356,1.407,1.407,3.66,42.206,260698100.0
4.19,10.0,0.435,0.415,0.193,0.173,1.353,1.357,1.408,1.408,3.67,42.218,261321800.0
4.2,10.0,0.434,0.415,0.193,0.173,1.354,1.358,1.409,1.409,3.67,42.23,261945500.0
4.21,10.0,0.434,0.415,0.192,0.173,1.355,1.359,1.41,1.41,3.68,42.242,262569200.0
4.22,10.0,0.434,0.415,0.192,0.172,1.356,1.36,1.411,1.411,3.68,42.253,263192900.0
4.23,10.0,0.434,0.414,0.191,0.172,1.357,1.36,1.412,1.412,3.69,42.264,263816600.0
4.24,10.0,0.433,0.414,0.191,0.172,1.357,1.36,1.411,1.411,3.68,42.277,264440200.0
4.25,10.0,0.433,0.414,0.191,0.171,1.356,1.36,1.411,1.411,3.68,42.291,265063900.0
4.26,10.0,0.432,0.413,0.19,0.171,1.356,1.36,1.411,1.411,3.68,42.304,265687600.0
4.27,10.0,0.432,0.413,0.19,0.171,1.356,1.359,1.41,1.41,3.68,42.317,266311300.0
4.28,10.0,0.431,0.412,0.189,0.17,1.356,1.359,1.41,1.41,3.68,42.33,266935000.0
4.29,10.0,0.431,0.412,0.189,0.17,1.356,1.359,1.41,1.41,3.68,42.343,267558600.0
4.3,10.0,0.431,0.412,0.189,0.17,1.355,1.359,1.41,1.41,3.67,42.355,268182300.0
4.31,10.0,0.43,0.411,0.188,0.169,1.355,1.358,1.409,1.409,3.67,42.368,268806000.0
4.32,10.0,0.43,0.411,0.188,0.169,1.355,1.358,1.409,1.409,3.67,42.38,269429700.0
4.33,10.0,0.429,0.411,0.187,0.169,1.355,1.358,1.409,1.409,3.67,42.393,270053300.0
4.34,10.0,0.429,0.41,0.187,0.168,1.354,1.358,1.408,1.408,3.67,42.405,270677100.0
4.35,10.0,0.428,0.41,0.187,0.168,1.354,1.357,1.408,1.408,3.67,42.417,271300700.0
4.36,10.0,0.428,0.41,0.186,0.168,1.354,1.357,1.408,1.408,3.66,42.429,271924400.0
4.37,10.0,0.428,0.409,0.186,0.167,1.354,1.357,1.407,1.407,3.66,42.441,272548100.0
4.38,10.0,0.427,0.409,0.186,0.167,1.354,1.357,1.407,1.407,3.66,42.453,273171700.0
4.39,10.0,0.427,0.408,0.185,0.167,1.353,1.357,1.407,1.407,3.66,42.464,273795400.0
4.4,10.0,0.426,0.408,0.185,0.166,1.353,1.356,1.407,1.407,3.66,42.476,274419100.0
4.41,10.0,0.426,0.408,0.184,0.166,1.353,1.356,1.406,1.406,3.66,42.487,275042800.0
4.42,10.0,0.425,0.407,0.184,0.166,1.353,1.356,1.406,1.406,3.65,42.499,275666500.0
4.43,10.0,0.425,0.407,0.184,0.166,1.352,1.356,1.406,1.406,3.65,42.51,276290100.0
4.44,10.0,0.425,0.407,0.183,0.165,1.352,1.355,1.405,1.405,3.65,42.521,276913800.0
4.45,10.0,0.424,0.407,0.183,0.165,1.352,1.355,1.405,1.405,3.65,42.532,277537500.0
4.46,10.0,0.424,0.406,0.183,0.165,1.352,1.355,1.405,1.405,3.65,42.543,278161200.0
4.47,10.0,0.423,0.406,0.182,0.164,1.351,1.355,1.404,1.404,3.65,42.554,278784900.0
4.48,10.0,0.423,0.406,0.182,0.164,1.351,1.354,1.404,1.404,3.64,42.564,279408500.0
4.49,10.0,0.423,0.405,0.182,0.164,1.351,1.354,1.404,1.404,3.64,42.575,280032200.0
4.5,10.0,0.422,0.405,0.181,0.164,1.351,1.354,1.404,1.404,3.64,42.585,280655900.0
4.51,10.0,0.422,0.405,0.181,0.163,1.351,1.354,1.403,1.403,3.64,42.596,281279600.0
4.52,10.0,0.421,0.404,0.181,0.163,1.35,1.353,1.403,1.403,3.64,42.606,281903300.0
4.53,10.0,0.421,0.404,0.18,0.163,1.35,1.353,1.403,1.403,3.63,42.616,282527000.0
4.54,10.0,0.421,0.404,0.18,0.163,1.35,1.353,1.402,1.402,3.63,42.627,283150600.0
4.55,10.0,0.42,0.403,0.179,0.162,1.35,1.353,1.402,1.402,3.63,42.637,283774300.0
4.56,10.0,0.42,0.403,0.179,0.162,1.349,1.352,1.402,1.402,3.63,42.646,284398000.0
4.57,10.0,0.419,0.403,0.179,0.162,1.349,1.352,1.401,1.401,3.63,42.656,285021700.0
4.58,10.0,0.419,0.402,0.178,0.161,1.349,1.352,1.401,1.401,3.63,42.666,285645300.0
4.59,10.0,0.419,0.402,0.178,0.161,1.349,1.351,1.401,1.401,3.62,42.676,286269000.0
4.6,10.0,0.418,0.402,0.178,0.161,1.348,1.351,1.4,1.4,3.62,42.685,286892700.0
4.61,10.0,0.417,0.401,0.177,0.161,1.345,1.348,1.397,1.397,3.62,42.668,287516400.0
4.62,10.0,0.417,0.4,0.177,0.16,1.344,1.347,1.396,1.396,3.62,42.669,288140100.0
4.63,10.0,0.416,0.4,0.177,0.16,1.343,1.346,1.395,1.395,3.62,42.671,288763700.0
4.64,10.0,0.416,0.4,0.176,0.16,1.342,1.345,1.394,1.394,3.62,42.672,289387400.0
4.65,10.0,0.415,0.399,0.176,0.16,1.341,1.344,1.393,1.393,3.61,42.673,290011100.0
4.66,10.0,0.415,0.399,0.176,0.159,1.34,1.343,1.392,1.392,3.61,42.674,290634800.0
4.67,10.0,0.414,0.398,0.175,0.159,1.339,1.342,1.39,1.39,3.61,42.675,291258500.0
4.68,10.0,0.414,0.398,0.175,0.159,1.338,1.341,1.389,1.389,3.61,42.676,291882100.0
4.69,10.0,0.413,0.397,0.175,0.159,1.337,1.34,1.388,1.388,3.61,42.677,292505800.0
4.7,10.0,0.413,0.397,0.174,0.158,1.336,1.339,1.387,1.387,3.6,42.678,293129500.0
4.71,10.0,0.412,0.396,0.174,0.158,1.335,1.337,1.386,1.386,3.6,42.679,293753200.0
4.72,10.0,0.412,0.396,0.174,0.158,1.334,1.336,1.385,1.385,3.6,42.68,294376900.0
4.73,10.0,0.411,0.395,0.173,0.158,1.333,1.335,1.384,1.384,3.6,42.681,295000500.0
4.74,10.0,0.41,0.395,0.173,0.157,1.332,1.334,1.383,1.383,3.6,42.681,295624200.0
4.75,10.0,0.41,0.395,0.173,0.157,1.331,1.333,1.382,1.382,3.6,42.682,296247900.0
4.76,10.0,0.409,0.394,0.172,0.157,1.329,1.332,1.38,1.38,3.59,42.683,296871600.0
4.77,10.0,0.409,0.394,0.172,0.157,1.328,1.331,1.379,1.379,3.59,42.683,297495300.0
4.78,10.0,0.408,0.393,0.172,0.156,1.327,1.33,1.378,1.378,3.59,42.684,298118900.0
4.79,10.0,0.408,0.393,0.171,0.156,1.326,1.329,1.377,1.377,3.59,42.684,298742600.0
4.8,10.0,0.407,0.392,0.171,0.156,1.325,1.328,1.376,1.376,3.59,42.685,299366300.0
4.81,10.0,0.407,0.392,0.171,0.156,1.324,1.327,1.375,1.375,3.58,42.685,299990000.0
4.82,10.0,0.406,0.391,0.17,0.155,1.323,1.326,1.374,1.374,3.58,42.686,300613700.0
4.83,10.0,0.406,0.391,0.17,0.155,1.322,1.325,1.373,1.373,3.58,42.686,301237300.0
4.84,10.0,0.405,0.391,0.17,0.155,1.321,1.324,1.372,1.372,3.58,42.686,301861000.0
4.85,10.0,0.405,0.39,0.169,0.155,1.32,1.323,1.371,1.371,3.58,42.687,302484700.0
4.86,10.0,0.404,0.39,0.169,0.154,1.319,1.322,1.369,1.369,3.58,42.687,303108400.0
4.87,10.0,0.404,0.389,0.169,0.154,1.318,1.321,1.368,1.368,3.57,42.687,303732100.0
4.88,10.0,0.403,0.389,0.168,0.154,1.317,1.32,1.367,1.367,3.57,42.687,304355700.0
4.89,10.0,0.403,0.388,0.168,0.154,1.316,1.319,1.366,1.366,3.57,42.687,304979400.0
4.9,10.0,0.402,0.388,0.168,0.153,1.315,1.318,1.365,1.365,3.57,42.688,305603100.0
4.91,10.0,0.402,0.388,0.168,0.153,1.314,1.317,1.364,1.364,3.57,42.688,306226800.0
4.92,10.0,0.401,0.387,0.167,0.153,1.313,1.316,1.363,1.363,3.56,42.688,306850500.0
4.93,10.0,0.401,0.387,0.167,0.153,1.312,1.315,1.362,1.362,3.56,42.688,307474100.0
4.94,10.0,0.4,0.386,0.167,0.152,1.311,1.314,1.361,1.361,3.56,42.688,308097800.0
4.95,10.0,0.4,0.386,0.166,0.152,1.31,1.313,1.36,1.36,3.56,42.687,308721500.0
4.96,10.0,0.399,0.385,0.166,0.152,1.309,1.312,1.359,1.359,3.56,42.687,309345200.0
4.97,10.0,0.399,0.385,0.166,0.152,1.308,1.311,1.358,1.358,3.56,42.687,309968800.0
4.98,10.0,0.398,0.385,0.165,0.151,1.307,1.31,1.357,1.357,3.55,42.687,310592500.0
4.99,10.0,0.398,0.384,0.165,0.151,1.307,1.309,1.356,1.356,3.55,42.687,311216200.0
5.0,10.0,0.398,0.384,0.165,0.151,1.306,1.308,1.355,1.355,3.55,42.687,311839900.0
