
                -------->  BODY TRANSITIONING TO TURBULENT FLOW  <--------

 0.01   0.00    0.244    0.232   0.166   0.010   0.069  0.000   0.000   0.000   0.000     623680
 0.01   3.87   32.317
 0.01   6.00    0.246    0.239
 0.01   6.00    0.485   36.206
 0.01   6.00    0.456    0.296   0.485   0.247
 0.01   6.00    0.458    0.284   0.485   0.234

 0.02   0.00    0.297    0.284   0.224   0.013   0.060  0.000   0.000   0.000   0.000    1247360
 0.02   3.87   32.317
 0.02   6.00    0.246    0.239
 0.02   6.00    0.485   36.206
 0.02   6.00    0.451    0.349   0.485   0.300
 0.02   6.00    0.452    0.336   0.485   0.287

 0.03   0.00    0.307    0.294   0.235   0.014   0.058  0.000   0.000   0.000   0.000    1871039
 0.03   3.87   32.317
 0.03   6.00    0.246    0.239
 0.03   6.00    0.485   36.206
 0.03   6.00    0.450    0.360   0.485   0.311
 0.03   6.00    0.451    0.347   0.485   0.298

 0.04   0.00    0.309    0.296   0.238   0.014   0.058  0.000   0.000   0.000   0.000    2494719
 0.04   3.87   32.317
 0.04   6.00    0.246    0.239
 0.04   6.00    0.485   36.206
 0.04   6.00    0.449    0.362   0.485   0.313
 0.04   6.00    0.451    0.349   0.485   0.300

 0.05   0.00    0.309    0.296   0.237   0.014   0.058  0.000   0.000   0.000   0.000    3118399
 0.05   3.87   32.317
 0.05   6.00    0.246    0.239
 0.05   6.00    0.485   36.206
 0.05   6.00    0.449    0.361   0.485   0.312
 0.05   6.00    0.451    0.348   0.485   0.299

 0.06   0.00    0.307    0.294   0.235   0.014   0.058  0.000   0.000   0.000   0.000    3742079
 0.06   3.87   32.317
 0.06   6.00    0.246    0.239
 0.06   6.00    0.485   36.206
 0.06   6.00    0.450    0.360   0.485   0.311
 0.06   6.00    0.451    0.347   0.485   0.298

 0.07   0.00    0.305    0.293   0.233   0.014   0.058  0.000   0.000   0.000   0.000    4365758
 0.07   3.87   32.317
 0.07   6.00    0.246    0.239
 0.07   6.00    0.485   36.206
 0.07   6.00    0.450    0.358   0.485   0.309
 0.07   6.00    0.451    0.345   0.485   0.296

 0.08   0.00    0.303    0.291   0.231   0.013   0.059  0.000   0.000   0.000   0.000    4989438
 0.08   3.87   32.317
 0.08   6.00    0.246    0.239
 0.08   6.00    0.485   36.206
 0.08   6.00    0.450    0.356   0.485   0.307
 0.08   6.00    0.451    0.343   0.485   0.294

 0.09   0.00    0.301    0.289   0.229   0.013   0.059  0.000   0.000   0.000   0.000    5613118
 0.09   3.87   32.317
 0.09   6.00    0.246    0.239
 0.09   6.00    0.485   36.206
 0.09   6.00    0.450    0.354   0.485   0.305
 0.09   6.00    0.452    0.341   0.485   0.292

 0.10   0.00    0.301    0.288   0.228   0.013   0.059  0.000   0.000   0.000   0.000    6236798
 0.10   3.87   32.317
 0.10   6.00    0.246    0.239
 0.10   6.00    0.485   36.206
 0.10   6.00    0.450    0.353   0.485   0.304
 0.10   6.00    0.452    0.340   0.485   0.291

 0.11   0.00    0.301    0.288   0.228   0.013   0.059  0.000   0.000   0.000   0.000    6860478
 0.11   3.87   32.317
 0.11   6.00    0.246    0.239
 0.11   6.00    0.485   36.206
 0.11   6.00    0.450    0.353   0.485   0.304
 0.11   6.00    0.452    0.340   0.485   0.291

 0.12   0.00    0.301    0.288   0.228   0.013   0.059  0.000   0.000   0.000   0.000    7484158
 0.12   3.87   32.317
 0.12   6.00    0.246    0.239
 0.12   6.00    0.485   36.206
 0.12   6.00    0.450    0.353   0.485   0.304
 0.12   6.00    0.452    0.340   0.485   0.291

 0.13   0.00    0.300    0.288   0.228   0.013   0.059  0.000   0.000   0.000   0.000    8107837
 0.13   3.87   32.317
 0.13   6.00    0.246    0.239
 0.13   6.00    0.485   36.206
 0.13   6.00    0.450    0.353   0.485   0.304
 0.13   6.00    0.452    0.340   0.485   0.291

 0.14   0.00    0.300    0.288   0.228   0.013   0.059  0.000   0.000   0.000   0.000    8731517
 0.14   3.87   32.317
 0.14   6.00    0.246    0.239
 0.14   6.00    0.485   36.206
 0.14   6.00    0.450    0.353   0.485   0.304
 0.14   6.00    0.452    0.340   0.485   0.291

 0.15   0.00    0.300    0.288   0.228   0.013   0.059  0.000   0.000   0.000   0.000    9355197
 0.15   3.87   32.317
 0.15   6.00    0.246    0.239
 0.15   6.00    0.485   36.206
 0.15   6.00    0.450    0.353   0.485   0.304
 0.15   6.00    0.452    0.340   0.485   0.291

 0.16   0.00    0.300    0.287   0.228   0.013   0.059  0.000   0.000   0.000   0.000    9978877
 0.16   3.87   32.317
 0.16   6.00    0.246    0.239
 0.16   6.00    0.485   36.206
 0.16   6.00    0.450    0.353   0.485   0.304
 0.16   6.00    0.452    0.340   0.485   0.291

 0.17   0.00    0.300    0.287   0.228   0.013   0.059  0.000   0.000   0.000   0.000   10602560
 0.17   3.87   32.317
 0.17   6.00    0.246    0.239
 0.17   6.00    0.485   36.206
 0.17   6.00    0.450    0.353   0.485   0.304
 0.17   6.00    0.452    0.340   0.485   0.291

 0.18   0.00    0.300    0.287   0.228   0.013   0.059  0.000   0.000   0.000   0.000   11226240
 0.18   3.87   32.317
 0.18   6.00    0.246    0.239
 0.18   6.00    0.485   36.206
 0.18   6.00    0.450    0.353   0.485   0.304
 0.18   6.00    0.452    0.340   0.485   0.291

 0.19   0.00    0.300    0.287   0.228   0.013   0.059  0.000   0.000   0.000   0.000   11849920
 0.19   3.87   32.317
 0.19   6.00    0.246    0.239
 0.19   6.00    0.485   36.206
 0.19   6.00    0.450    0.353   0.485   0.304
 0.19   6.00    0.452    0.340   0.485   0.291

 0.20   0.00    0.300    0.287   0.228   0.013   0.059  0.000   0.000   0.000   0.000   12473600
 0.20   3.87   32.317
 0.20   6.00    0.246    0.239
 0.20   6.00    0.485   36.206
 0.20   6.00    0.450    0.353   0.485   0.304
 0.20   6.00    0.452    0.340   0.485   0.290

 0.21   0.00    0.300    0.287   0.228   0.013   0.059  0.000   0.000   0.000   0.000   13097280
 0.21   3.87   32.317
 0.21   6.00    0.246    0.239
 0.21   6.00    0.485   36.206
 0.21   6.00    0.450    0.352   0.485   0.303
 0.21   6.00    0.452    0.340   0.485   0.290

 0.22   0.00    0.300    0.287   0.228   0.013   0.059  0.000   0.000   0.000   0.000   13720960
 0.22   3.87   32.317
 0.22   6.00    0.246    0.239
 0.22   6.00    0.485   36.206
 0.22   6.00    0.450    0.352   0.485   0.303
 0.22   6.00    0.452    0.339   0.485   0.290

 0.23   0.00    0.300    0.287   0.228   0.013   0.059  0.000   0.000   0.000   0.000   14344640
 0.23   3.87   32.317
 0.23   6.00    0.246    0.239
 0.23   6.00    0.485   36.206
 0.23   6.00    0.450    0.352   0.485   0.303
 0.23   6.00    0.452    0.339   0.485   0.290

 0.24   0.00    0.300    0.287   0.228   0.013   0.059  0.000   0.000   0.000   0.000   14968320
 0.24   3.87   32.317
 0.24   6.00    0.246    0.239
 0.24   6.00    0.485   36.206
 0.24   6.00    0.450    0.352   0.485   0.303
 0.24   6.00    0.452    0.339   0.485   0.290

 0.25   0.00    0.300    0.287   0.228   0.013   0.059  0.000   0.000   0.000   0.000   15592000
 0.25   3.87   32.317
 0.25   6.00    0.246    0.239
 0.25   6.00    0.485   36.206
 0.25   6.00    0.450    0.352   0.485   0.303
 0.25   6.00    0.452    0.339   0.485   0.290

 0.26   0.00    0.300    0.287   0.228   0.013   0.059  0.000   0.000   0.000   0.000   16215670
 0.26   3.87   32.317
 0.26   6.00    0.246    0.239
 0.26   6.00    0.485   36.206
 0.26   6.00    0.450    0.352   0.485   0.303
 0.26   6.00    0.452    0.339   0.485   0.290

 0.27   0.00    0.300    0.287   0.228   0.013   0.059  0.000   0.000   0.000   0.000   16839360
 0.27   3.87   32.317
 0.27   6.00    0.246    0.239
 0.27   6.00    0.485   36.206
 0.27   6.00    0.450    0.352   0.485   0.303
 0.27   6.00    0.452    0.339   0.485   0.290

 0.28   0.00    0.300    0.287   0.228   0.013   0.059  0.000   0.000   0.000   0.000   17463030
 0.28   3.87   32.317
 0.28   6.00    0.246    0.239
 0.28   6.00    0.485   36.206
 0.28   6.00    0.450    0.352   0.485   0.303
 0.28   6.00    0.452    0.339   0.485   0.290

 0.29   0.00    0.300    0.287   0.228   0.013   0.059  0.000   0.000   0.000   0.000   18086710
 0.29   3.87   32.317
 0.29   6.00    0.246    0.239
 0.29   6.00    0.485   36.206
 0.29   6.00    0.450    0.352   0.485   0.303
 0.29   6.00    0.452    0.339   0.485   0.290

 0.30   0.00    0.300    0.287   0.228   0.013   0.059  0.000   0.000   0.000   0.000   18710390
 0.30   3.87   32.317
 0.30   6.00    0.246    0.239
 0.30   6.00    0.485   36.206
 0.30   6.00    0.450    0.352   0.485   0.303
 0.30   6.00    0.452    0.339   0.485   0.290

 0.31   0.00    0.300    0.287   0.227   0.013   0.059  0.000   0.000   0.000   0.000   19334070
 0.31   3.87   32.317
 0.31   6.00    0.246    0.239
 0.31   6.00    0.485   36.206
 0.31   6.00    0.450    0.352   0.485   0.303
 0.31   6.00    0.452    0.339   0.485   0.290

 0.32   0.00    0.300    0.287   0.227   0.013   0.059  0.000   0.000   0.000   0.000   19957750
 0.32   3.87   32.317
 0.32   6.00    0.246    0.239
 0.32   6.00    0.485   36.206
 0.32   6.00    0.450    0.352   0.485   0.303
 0.32   6.00    0.452    0.339   0.485   0.290

 0.33   0.00    0.300    0.287   0.227   0.013   0.059  0.000   0.000   0.000   0.000   20581430
 0.33   3.87   32.317
 0.33   6.00    0.246    0.239
 0.33   6.00    0.485   36.206
 0.33   6.00    0.450    0.352   0.485   0.303
 0.33   6.00    0.452    0.339   0.485   0.290

 0.34   0.00    0.300    0.287   0.227   0.013   0.059  0.000   0.000   0.000   0.000   21205110
 0.34   3.87   32.317
 0.34   6.00    0.246    0.239
 0.34   6.00    0.485   36.206
 0.34   6.00    0.450    0.352   0.485   0.303
 0.34   6.00    0.452    0.339   0.485   0.290

 0.35   0.00    0.300    0.287   0.227   0.013   0.059  0.000   0.000   0.000   0.000   21828790
 0.35   3.87   32.317
 0.35   6.00    0.246    0.239
 0.35   6.00    0.485   36.206
 0.35   6.00    0.450    0.352   0.485   0.303
 0.35   6.00    0.452    0.339   0.485   0.290

 0.36   0.00    0.300    0.287   0.227   0.013   0.059  0.000   0.000   0.000   0.000   22452470
 0.36   3.87   32.317
 0.36   6.00    0.246    0.239
 0.36   6.00    0.485   36.206
 0.36   6.00    0.450    0.352   0.485   0.303
 0.36   6.00    0.452    0.339   0.485   0.290

 0.37   0.00    0.300    0.287   0.227   0.013   0.059  0.000   0.000   0.000   0.000   23076150
 0.37   3.87   32.317
 0.37   6.00    0.246    0.239
 0.37   6.00    0.485   36.206
 0.37   6.00    0.450    0.352   0.485   0.303
 0.37   6.00    0.452    0.339   0.485   0.290

 0.38   0.00    0.300    0.287   0.227   0.013   0.059  0.000   0.000   0.000   0.000   23699830
 0.38   3.87   32.317
 0.38   6.00    0.246    0.239
 0.38   6.00    0.485   36.206
 0.38   6.00    0.450    0.352   0.485   0.303
 0.38   6.00    0.452    0.339   0.485   0.290

 0.39   0.00    0.300    0.287   0.227   0.013   0.059  0.000   0.000   0.000   0.000   24323510
 0.39   3.87   32.317
 0.39   6.00    0.246    0.239
 0.39   6.00    0.485   36.206
 0.39   6.00    0.450    0.352   0.485   0.303
 0.39   6.00    0.452    0.339   0.485   0.290

 0.40   0.00    0.299    0.287   0.227   0.013   0.059  0.000   0.000   0.000   0.000   24947190
 0.40   3.87   32.317
 0.40   6.00    0.246    0.239
 0.40   6.00    0.485   36.206
 0.40   6.00    0.450    0.352   0.485   0.303
 0.40   6.00    0.452    0.339   0.485   0.290

 0.41   0.00    0.299    0.287   0.227   0.013   0.059  0.000   0.000   0.000   0.000   25570870
 0.41   3.87   32.317
 0.41   6.00    0.246    0.239
 0.41   6.00    0.485   36.206
 0.41   6.00    0.450    0.352   0.485   0.303
 0.41   6.00    0.452    0.339   0.485   0.290

 0.42   0.00    0.299    0.287   0.227   0.013   0.059  0.000   0.000   0.000   0.000   26194550
 0.42   3.87   32.317
 0.42   6.00    0.246    0.239
 0.42   6.00    0.485   36.206
 0.42   6.00    0.450    0.352   0.485   0.303
 0.42   6.00    0.452    0.339   0.485   0.290

 0.43   0.00    0.299    0.286   0.227   0.013   0.059  0.000   0.000   0.000   0.000   26818230
 0.43   3.87   32.317
 0.43   6.00    0.246    0.239
 0.43   6.00    0.485   36.206
 0.43   6.00    0.450    0.352   0.485   0.303
 0.43   6.00    0.452    0.339   0.485   0.290

 0.44   0.00    0.299    0.286   0.227   0.013   0.059  0.000   0.000   0.000   0.000   27441910
 0.44   3.87   32.317
 0.44   6.00    0.246    0.239
 0.44   6.00    0.485   36.206
 0.44   6.00    0.450    0.352   0.485   0.303
 0.44   6.00    0.452    0.339   0.485   0.290

 0.45   0.00    0.299    0.286   0.227   0.013   0.059  0.000   0.000   0.000   0.000   28065590
 0.45   3.87   32.317
 0.45   6.00    0.246    0.239
 0.45   6.00    0.485   36.206
 0.45   6.00    0.450    0.352   0.485   0.303
 0.45   6.00    0.452    0.339   0.485   0.290

 0.46   0.00    0.299    0.286   0.227   0.013   0.059  0.000   0.000   0.000   0.000   28689270
 0.46   3.87   32.317
 0.46   6.00    0.246    0.239
 0.46   6.00    0.485   36.206
 0.46   6.00    0.450    0.352   0.485   0.303
 0.46   6.00    0.452    0.339   0.485   0.290

 0.47   0.00    0.299    0.286   0.227   0.013   0.059  0.000   0.000   0.000   0.000   29312950
 0.47   3.87   32.317
 0.47   6.00    0.246    0.239
 0.47   6.00    0.485   36.206
 0.47   6.00    0.450    0.352   0.485   0.303
 0.47   6.00    0.452    0.339   0.485   0.290

 0.48   0.00    0.299    0.286   0.227   0.013   0.059  0.000   0.000   0.000   0.000   29936630
 0.48   3.87   32.317
 0.48   6.00    0.246    0.239
 0.48   6.00    0.485   36.206
 0.48   6.00    0.450    0.352   0.485   0.303
 0.48   6.00    0.452    0.339   0.485   0.289

 0.49   0.00    0.299    0.286   0.227   0.013   0.059  0.000   0.000   0.000   0.000   30560310
 0.49   3.87   32.317
 0.49   6.00    0.246    0.239
 0.49   6.00    0.485   36.206
 0.49   6.00    0.450    0.351   0.485   0.302
 0.49   6.00    0.452    0.339   0.485   0.289

 0.50   0.00    0.299    0.286   0.227   0.013   0.059  0.000   0.000   0.000   0.000   31183990
 0.50   3.87   32.317
 0.50   6.00    0.246    0.239
 0.50   6.00    0.485   36.206
 0.50   6.00    0.450    0.351   0.485   0.302
 0.50   6.00    0.452    0.338   0.485   0.289

 0.51   0.00    0.299    0.286   0.227   0.013   0.059  0.000   0.000   0.000   0.000   31807670
 0.51   3.87   32.317
 0.51   6.00    0.246    0.239
 0.51   6.00    0.485   36.206
 0.51   6.00    0.450    0.351   0.485   0.302
 0.51   6.00    0.452    0.338   0.485   0.289

 0.52   0.00    0.299    0.286   0.227   0.013   0.059  0.000   0.000   0.000   0.000   32431350
 0.52   3.87   32.317
 0.52   6.00    0.246    0.239
 0.52   6.00    0.485   36.206
 0.52   6.00    0.450    0.351   0.485   0.302
 0.52   6.00    0.452    0.338   0.485   0.289

 0.53   0.00    0.299    0.286   0.227   0.013   0.059  0.000   0.000   0.000   0.000   33055030
 0.53   3.87   32.317
 0.53   6.00    0.246    0.239
 0.53   6.00    0.485   36.206
 0.53   6.00    0.450    0.351   0.485   0.302
 0.53   6.00    0.452    0.338   0.485   0.289

 0.54   0.00    0.299    0.286   0.227   0.013   0.059  0.000   0.000   0.000   0.000   33678710
 0.54   3.87   32.317
 0.54   6.00    0.246    0.239
 0.54   6.00    0.485   36.206
 0.54   6.00    0.450    0.351   0.485   0.302
 0.54   6.00    0.452    0.338   0.485   0.289

 0.55   0.00    0.299    0.286   0.227   0.013   0.059  0.000   0.000   0.000   0.000   34302390
 0.55   3.87   32.317
 0.55   6.00    0.246    0.239
 0.55   6.00    0.485   36.206
 0.55   6.00    0.450    0.351   0.485   0.302
 0.55   6.00    0.452    0.338   0.485   0.289

 0.56   0.00    0.299    0.286   0.227   0.013   0.059  0.000   0.000   0.000   0.000   34926070
 0.56   3.87   32.317
 0.56   6.00    0.246    0.239
 0.56   6.00    0.485   36.206
 0.56   6.00    0.450    0.351   0.485   0.302
 0.56   6.00    0.452    0.338   0.485   0.289

 0.57   0.00    0.299    0.286   0.226   0.013   0.059  0.000   0.000   0.000   0.000   35549750
 0.57   3.87   32.317
 0.57   6.00    0.246    0.239
 0.57   6.00    0.485   36.206
 0.57   6.00    0.450    0.351   0.485   0.302
 0.57   6.00    0.452    0.338   0.485   0.289

 0.58   0.00    0.299    0.286   0.226   0.013   0.059  0.000   0.000   0.000   0.000   36173430
 0.58   3.87   32.317
 0.58   6.00    0.246    0.239
 0.58   6.00    0.485   36.206
 0.58   6.00    0.450    0.351   0.485   0.302
 0.58   6.00    0.452    0.338   0.485   0.289

 0.59   0.00    0.299    0.286   0.226   0.013   0.059  0.000   0.000   0.000   0.000   36797110
 0.59   3.87   32.317
 0.59   6.00    0.246    0.239
 0.59   6.00    0.485   36.206
 0.59   6.00    0.450    0.351   0.485   0.302
 0.59   6.00    0.452    0.338   0.485   0.289

 0.60   0.00    0.299    0.285   0.226   0.013   0.059  0.000   0.000   0.000   0.000   37420790
 0.60   3.87   32.317
 0.60   6.00    0.246    0.239
 0.60   6.00    0.485   36.206
 0.60   6.00    0.450    0.351   0.485   0.302
 0.60   6.00    0.452    0.338   0.485   0.289

 0.61   0.00    0.299    0.285   0.226   0.013   0.059  0.000   0.000   0.000   0.000   38044470
 0.61   3.87   32.317
 0.61   6.00    0.246    0.239
 0.61   6.00    0.485   36.206
 0.61   6.00    0.450    0.351   0.485   0.302
 0.61   6.00    0.452    0.337   0.485   0.288

 0.62   0.00    0.299    0.285   0.226   0.013   0.059  0.000   0.000   0.000   0.000   38668150
 0.62   3.87   32.317
 0.62   6.00    0.246    0.239
 0.62   6.00    0.485   36.206
 0.62   6.00    0.450    0.351   0.485   0.302
 0.62   6.00    0.452    0.337   0.485   0.288

 0.63   0.00    0.299    0.284   0.226   0.013   0.059  0.000   0.000   0.000   0.000   39291830
 0.63   3.87   32.317
 0.63   6.00    0.246    0.239
 0.63   6.00    0.485   36.206
 0.63   6.00    0.450    0.351   0.485   0.302
 0.63   6.00    0.452    0.337   0.485   0.288

 0.64   0.00    0.299    0.284   0.226   0.013   0.059  0.000   0.000   0.000   0.000   39915510
 0.64   3.87   32.317
 0.64   6.00    0.246    0.239
 0.64   6.00    0.485   36.206
 0.64   6.00    0.450    0.351   0.485   0.302
 0.64   6.00    0.452    0.336   0.485   0.287

 0.65   0.00    0.299    0.284   0.226   0.013   0.059  0.000   0.000   0.000   0.000   40539180
 0.65   3.87   32.317
 0.65   6.00    0.246    0.239
 0.65   6.00    0.485   36.206
 0.65   6.00    0.450    0.351   0.485   0.302
 0.65   6.00    0.452    0.336   0.485   0.287

 0.66   0.00    0.299    0.284   0.226   0.013   0.059  0.000   0.000   0.000   0.000   41162870
 0.66   3.87   32.317
 0.66   6.00    0.246    0.239
 0.66   6.00    0.485   36.206
 0.66   6.00    0.450    0.351   0.485   0.302
 0.66   6.00    0.452    0.336   0.485   0.287

 0.67   0.00    0.299    0.283   0.226   0.013   0.059  0.000   0.000   0.000   0.000   41786550
 0.67   3.87   32.317
 0.67   6.00    0.246    0.239
 0.67   6.00    0.485   36.206
 0.67   6.00    0.450    0.351   0.485   0.302
 0.67   6.00    0.452    0.336   0.485   0.286

 0.68   0.00    0.299    0.283   0.226   0.013   0.059  0.000   0.000   0.000   0.000   42410230
 0.68   3.87   32.317
 0.68   6.00    0.246    0.239
 0.68   6.00    0.485   36.206
 0.68   6.00    0.450    0.351   0.485   0.302
 0.68   6.00    0.452    0.335   0.485   0.286

 0.69   0.00    0.298    0.283   0.226   0.013   0.059  0.000   0.000   0.000   0.000   43033900
 0.69   3.87   32.317
 0.69   6.00    0.246    0.239
 0.69   6.00    0.485   36.206
 0.69   6.00    0.450    0.351   0.485   0.302
 0.69   6.00    0.452    0.335   0.485   0.286

 0.70   0.00    0.298    0.282   0.226   0.013   0.059  0.000   0.000   0.000   0.000   43657580
 0.70   3.87   32.317
 0.70   6.00    0.246    0.239
 0.70   6.00    0.485   36.206
 0.70   6.00    0.450    0.351   0.485   0.302
 0.70   6.00    0.452    0.335   0.485   0.286

 0.71   0.00    0.298    0.282   0.226   0.013   0.059  0.000   0.000   0.000   0.000   44281260
 0.71   3.87   32.317
 0.71   6.00    0.246    0.239
 0.71   6.00    0.485   36.206
 0.71   6.00    0.450    0.351   0.485   0.302
 0.71   6.00    0.452    0.334   0.485   0.285

 0.72   0.00    0.298    0.282   0.226   0.013   0.059  0.000   0.000   0.000   0.000   44904950
 0.72   3.87   32.317
 0.72   6.00    0.246    0.239
 0.72   6.00    0.485   36.206
 0.72   6.00    0.451    0.351   0.485   0.302
 0.72   6.00    0.452    0.334   0.485   0.285

 0.73   0.00    0.298    0.282   0.226   0.013   0.059  0.000   0.000   0.000   0.000   45528630
 0.73   3.87   32.317
 0.73   6.00    0.246    0.239
 0.73   6.00    0.485   36.206
 0.73   6.00    0.451    0.351   0.485   0.302
 0.73   6.00    0.452    0.334   0.485   0.285

 0.74   0.00    0.298    0.281   0.226   0.013   0.059  0.000   0.000   0.000   0.000   46152300
 0.74   3.87   32.317
 0.74   6.00    0.246    0.239
 0.74   6.00    0.485   36.206
 0.74   6.00    0.451    0.351   0.485   0.302
 0.74   6.00    0.452    0.333   0.485   0.284

 0.75   0.00    0.298    0.281   0.226   0.013   0.059  0.000   0.000   0.000   0.000   46775980
 0.75   3.87   32.317
 0.75   6.00    0.246    0.239
 0.75   6.00    0.485   36.206
 0.75   6.00    0.451    0.351   0.485   0.302
 0.75   6.00    0.452    0.333   0.485   0.284

 0.76   0.00    0.298    0.281   0.226   0.013   0.059  0.000   0.000   0.000   0.000   47399660
 0.76   3.87   32.317
 0.76   6.00    0.246    0.239
 0.76   6.00    0.485   36.206
 0.76   6.00    0.451    0.351   0.485   0.302
 0.76   6.00    0.452    0.333   0.485   0.284

 0.77   0.00    0.298    0.280   0.226   0.013   0.059  0.000   0.000   0.000   0.000   48023340
 0.77   3.87   32.317
 0.77   6.00    0.246    0.239
 0.77   6.00    0.485   36.206
 0.77   6.00    0.451    0.351   0.485   0.301
 0.77   6.00    0.452    0.333   0.485   0.283

 0.78   0.00    0.298    0.280   0.226   0.013   0.059  0.000   0.000   0.000   0.000   48647020
 0.78   3.87   32.317
 0.78   6.00    0.246    0.239
 0.78   6.00    0.485   36.206
 0.78   6.00    0.451    0.350   0.485   0.301
 0.78   6.00    0.452    0.332   0.485   0.283

 0.79   0.00    0.298    0.280   0.226   0.013   0.059  0.000   0.000   0.000   0.000   49270700
 0.79   3.87   32.317
 0.79   6.00    0.246    0.239
 0.79   6.00    0.485   36.206
 0.79   6.00    0.451    0.350   0.485   0.301
 0.79   6.00    0.452    0.332   0.485   0.283

 0.80   0.00    0.298    0.279   0.226   0.013   0.059  0.000   0.000   0.000   0.000   49894380
 0.80   3.87   32.317
 0.80   6.00    0.246    0.239
 0.80   6.00    0.485   36.206
 0.80   6.00    0.451    0.350   0.485   0.301
 0.80   6.00    0.453    0.332   0.485   0.283

 0.81   0.00    0.298    0.279   0.226   0.013   0.059  0.000   0.000   0.000   0.000   50518060
 0.81   3.87   32.317
 0.81   6.00    0.246    0.239
 0.81   6.00    0.485   36.206
 0.81   6.00    0.451    0.350   0.485   0.301
 0.81   6.00    0.453    0.331   0.485   0.282

 0.82   0.00    0.298    0.279   0.226   0.013   0.059  0.000   0.000   0.000   0.000   51141740
 0.82   3.87   32.317
 0.82   6.00    0.246    0.239
 0.82   6.00    0.485   36.206
 0.82   6.00    0.451    0.350   0.485   0.301
 0.82   6.00    0.453    0.331   0.485   0.282

 0.83   0.00    0.298    0.279   0.226   0.013   0.059  0.000   0.000   0.000   0.000   51765420
 0.83   3.87   32.317
 0.83   6.00    0.246    0.239
 0.83   6.00    0.485   36.206
 0.83   6.00    0.451    0.350   0.485   0.301
 0.83   6.00    0.453    0.331   0.485   0.282

 0.84   0.00    0.298    0.278   0.225   0.013   0.059  0.000   0.000   0.000   0.000   52389100
 0.84   3.87   32.317
 0.84   6.00    0.246    0.239
 0.84   6.00    0.485   36.206
 0.84   6.00    0.451    0.350   0.485   0.301
 0.84   6.00    0.453    0.330   0.485   0.281

 0.85   0.00    0.298    0.278   0.225   0.013   0.059  0.000   0.000   0.000   0.000   53012780
 0.85   3.87   32.317
 0.85   6.00    0.246    0.239
 0.85   6.00    0.485   36.206
 0.85   6.00    0.451    0.350   0.485   0.301
 0.85   6.00    0.453    0.330   0.485   0.281

 0.86   0.00    0.298    0.278   0.225   0.013   0.059  0.000   0.000   0.000   0.000   53636460
 0.86   3.87   32.317
 0.86   6.00    0.246    0.239
 0.86   6.00    0.485   36.206
 0.86   6.00    0.451    0.350   0.485   0.301
 0.86   6.00    0.453    0.330   0.485   0.281

 0.87   0.00    0.298    0.277   0.225   0.013   0.059  0.000   0.000   0.000   0.000   54260140
 0.87   3.87   32.317
 0.87   6.00    0.246    0.239
 0.87   6.00    0.485   36.206
 0.87   6.00    0.451    0.350   0.485   0.301
 0.87   6.00    0.453    0.330   0.485   0.280

 0.88   0.00    0.298    0.277   0.225   0.013   0.059  0.000   0.000   0.000   0.000   54883820
 0.88   3.87   32.317
 0.88   6.00    0.246    0.239
 0.88   6.00    0.485   36.206
 0.88   6.00    0.451    0.350   0.485   0.301
 0.88   6.00    0.453    0.329   0.485   0.280

 0.89   0.00    0.298    0.277   0.225   0.013   0.059  0.000   0.000   0.000   0.000   55507500
 0.89   3.87   32.317
 0.89   6.00    0.246    0.239
 0.89   6.00    0.485   36.206
 0.89   6.00    0.451    0.350   0.485   0.301
 0.89   6.00    0.453    0.329   0.485   0.280

 0.90   0.00    0.298    0.276   0.225   0.013   0.059  0.000   0.000   0.000   0.000   56131180
 0.90   3.87   32.317
 0.90   6.00    0.246    0.239
 0.90   6.00    0.485   36.206
 0.90   6.00    0.451    0.350   0.485   0.301
 0.90   6.00    0.453    0.329   0.485   0.280

 0.91   0.00    0.300    0.278   56754860
 0.91   3.85   32.184
 0.91   6.00    0.244    0.238
 0.91   6.00    0.482   36.076
 0.91   6.00    0.447    0.352   0.482   0.303
 0.91   6.00    0.450    0.330   0.482   0.281

 0.92   0.00    0.306    0.284   57378540
 0.92   3.83   32.050
 0.92   6.00    0.241    0.237
 0.92   6.00    0.478   35.946
 0.92   6.00    0.444    0.358   0.478   0.309
 0.92   6.00    0.446    0.336   0.478   0.287

 0.93   0.00    0.317    0.295   58002220
 0.93   3.81   31.916
 0.93   6.00    0.239    0.236
 0.93   6.00    0.475   35.816
 0.93   6.00    0.439    0.369   0.475   0.321
 0.93   6.00    0.442    0.346   0.475   0.298

 0.94   0.00    0.331    0.307   58625900
 0.94   3.78   31.783
 0.94   6.00    0.237    0.235
 0.94   6.00    0.472   35.686
 0.94   6.00    0.435    0.382   0.472   0.335
 0.94   6.00    0.437    0.358   0.472   0.311

 0.95   0.00    0.345    0.320   59249580
 0.95   3.76   31.649
 0.95   6.00    0.234    0.235
 0.95   6.00    0.469   35.556
 0.95   6.00    0.430    0.396   0.469   0.349
 0.95   6.00    0.433    0.371   0.469   0.324

 0.96   0.00    0.359    0.333   59873260
 0.96   3.74   31.516
 0.96   6.00    0.232    0.234
 0.96   6.00    0.466   35.426
 0.96   6.00    0.426    0.410   0.466   0.363
 0.96   6.00    0.428    0.383   0.466   0.336

 0.97   0.00    0.373    0.345   60496940
 0.97   3.72   31.382
 0.97   6.00    0.230    0.233
 0.97   6.00    0.463   35.296
 0.97   6.00    0.421    0.423   0.463   0.377
 0.97   6.00    0.424    0.396   0.463   0.349

 0.98   0.00    0.387    0.358   61120620
 0.98   3.70   31.249
 0.98   6.00    0.228    0.232
 0.98   6.00    0.460   35.166
 0.98   6.00    0.416    0.437   0.460   0.391
 0.98   6.00    0.419    0.408   0.460   0.362

 0.99   0.00    0.401    0.371   61744300
 0.99   3.67   31.115
 0.99   6.00    0.225    0.231
 0.99   6.00    0.457   35.036
 0.99   6.00    0.412    0.451   0.457   0.405
 0.99   6.00    0.415    0.421   0.457   0.375

 1.00   0.00    0.415    0.384   62367980
 1.00   3.65   30.981
 1.00   6.00    0.223    0.231
 1.00   6.00    0.454   34.906
 1.00   6.00    0.407    0.464   0.454   0.419
 1.00   6.00    0.411    0.433   0.454   0.388

 1.01   0.00    0.429    0.396   62991660
 1.01   3.63   30.848
 1.01   6.00    0.221    0.230
 1.01   6.00    0.450   34.776
 1.01   6.00    0.403    0.478   0.450   0.433
 1.01   6.00    0.406    0.446   0.450   0.401

 1.02   0.00    0.443    0.409   63615340
 1.02   3.61   30.714
 1.02   6.00    0.218    0.229
 1.02   6.00    0.447   34.646
 1.02   6.00    0.398    0.492   0.447   0.447
 1.02   6.00    0.402    0.458   0.447   0.414

 1.03   0.00    0.456    0.422   64239020
 1.03   3.59   30.581
 1.03   6.00    0.216    0.228
 1.03   6.00    0.444   34.516
 1.03   6.00    0.394    0.505   0.444   0.461
 1.03   6.00    0.397    0.470   0.444   0.426

 1.04   0.00    0.470    0.434   64862700
 1.04   3.57   30.447
 1.04   6.00    0.214    0.227
 1.04   6.00    0.441   34.386
 1.04   6.00    0.389    0.519   0.441   0.476
 1.04   6.00    0.393    0.483   0.441   0.439

 1.05   0.00    0.484    0.447   0.221   0.053   0.210   0.000   0.000   0.000   0.000   0.000   0.000  65486380
 1.05   3.54   30.314
 1.05   6.00    0.212    0.226
 1.05   6.00    0.438   34.256
 1.05   6.00    0.384    0.533   0.438   0.490
 1.05   6.00    0.388    0.495   0.438   0.452

 1.06   0.00    0.483    0.446   0.220   0.053   0.210   0.000   0.000   0.000   0.000   0.000   0.000  66110060
 1.06   3.55   30.267
 1.06   6.00    0.213    0.225
 1.06   6.00    0.438   34.141
 1.06   6.00    0.384    0.532   0.438   0.489
 1.06   6.00    0.388    0.495   0.438   0.451

 1.07   0.00    0.482    0.446   0.219   0.053   0.210   0.000   0.000   0.000   0.000   0.000   0.000  66733740
 1.07   3.56   30.224
 1.07   6.00    0.214    0.224
 1.07   6.00    0.437   34.030
 1.07   6.00    0.384    0.531   0.437   0.488
 1.07   6.00    0.388    0.494   0.437   0.451

 1.08   0.00    0.482    0.445   0.218   0.053   0.210   0.000   0.000   0.000   0.000   0.000   0.000  67357420
 1.08   3.57   30.186
 1.08   6.00    0.214    0.223
 1.08   6.00    0.437   33.923
 1.08   6.00    0.384    0.530   0.437   0.487
 1.08   6.00    0.388    0.493   0.437   0.450

 1.09   0.00    0.481    0.444   0.218   0.053   0.210   0.000   0.000   0.000   0.000   0.000   0.000  67981100
 1.09   3.58   30.149
 1.09   6.00    0.215    0.221
 1.09   6.00    0.436   33.818
 1.09   6.00    0.383    0.529   0.436   0.486
 1.09   6.00    0.387    0.492   0.436   0.449

 1.10   0.00    0.480    0.444   0.217   0.053   0.210   0.000   0.000   0.000   0.000   0.000   0.000  68604780
 1.10   3.59   30.116
 1.10   6.00    0.216    0.220
 1.10   6.00    0.436   33.715
 1.10   6.00    0.383    0.528   0.436   0.485
 1.10   6.00    0.387    0.492   0.436   0.448

 1.11   0.00    0.479    0.443   0.216   0.053   0.210   0.000   0.000   0.000   0.000   0.000   0.000  69228460
 1.11   3.59   30.084
 1.11   6.00    0.217    0.219
 1.11   6.00    0.435   33.613
 1.11   6.00    0.382    0.527   0.435   0.484
 1.11   6.00    0.386    0.491   0.435   0.448

 1.12   0.00    0.478    0.442   0.215   0.053   0.210   0.000   0.000   0.000   0.000   0.000   0.000  69852140
 1.12   3.60   30.054
 1.12   6.00    0.218    0.217
 1.12   6.00    0.435   33.514
 1.12   6.00    0.382    0.526   0.435   0.483
 1.12   6.00    0.386    0.490   0.435   0.447

 1.13   0.00    0.477    0.441   0.214   0.053   0.210   0.000   0.000   0.000   0.000   0.000   0.000  70475820
 1.13   3.61   30.025
 1.13   6.00    0.218    0.216
 1.13   6.00    0.434   33.415
 1.13   6.00    0.381    0.525   0.434   0.482
 1.13   6.00    0.385    0.489   0.434   0.446

 1.14   0.00    0.476    0.441   0.214   0.053   0.210   0.000   0.000   0.000   0.000   0.000   0.000  71099500
 1.14   3.61   29.998
 1.14   6.00    0.219    0.215
 1.14   6.00    0.433   33.317
 1.14   6.00    0.381    0.524   0.433   0.482
 1.14   6.00    0.384    0.488   0.433   0.445

 1.15   0.00    0.475    0.440   0.213   0.052   0.210   0.000   0.000   0.000   0.000   0.000   0.000  71723180
 1.15   3.62   29.972
 1.15   6.00    0.219    0.213
 1.15   6.00    0.433   33.220
 1.15   6.00    0.380    0.523   0.433   0.481
 1.15   6.00    0.384    0.488   0.433   0.445

 1.16   0.00    0.474    0.438   0.212   0.052   0.209   0.000   0.000   0.000   0.000   0.000   0.000  72346860
 1.16   3.62   29.947
 1.16   6.00    0.220    0.212
 1.16   6.00    0.432   33.124
 1.16   6.00    0.380    0.521   0.432   0.479
 1.16   6.00    0.383    0.486   0.432   0.443

 1.17   0.00    0.472    0.437   0.211   0.052   0.208   0.000   0.000   0.000   0.000   0.000   0.000  72970540
 1.17   3.63   29.924
 1.17   6.00    0.221    0.211
 1.17   6.00    0.431   33.029
 1.17   6.00    0.379    0.520   0.431   0.477
 1.17   6.00    0.383    0.484   0.431   0.442

 1.18   0.00    0.470    0.435   0.211   0.052   0.207   0.000   0.000   0.000   0.000   0.000   0.000  73594220
 1.18   3.64   29.901
 1.18   6.00    0.221    0.209
 1.18   6.00    0.431   32.934
 1.18   6.00    0.378    0.518   0.431   0.475
 1.18   6.00    0.382    0.482   0.431   0.440

 1.19   0.00    0.468    0.433   0.210   0.052   0.206   0.000   0.000   0.000   0.000   0.000   0.000  74217900
 1.19   3.64   29.878
 1.19   6.00    0.222    0.208
 1.19   6.00    0.430   32.839
 1.19   6.00    0.378    0.516   0.430   0.474
 1.19   6.00    0.382    0.481   0.430   0.438

 1.20   0.00    0.467    0.432   0.209   0.052   0.205   0.000   0.000   0.000   0.000   0.000   0.000  74841580
 1.20   3.65   29.857
 1.20   6.00    0.222    0.207
 1.20   6.00    0.429   32.745
 1.20   6.00    0.377    0.514   0.429   0.472
 1.20   6.00    0.381    0.479   0.429   0.437

 1.21   0.00    0.465    0.430   0.208   0.052   0.205   0.000   0.000   0.000   0.000   0.000   0.000  75465260
 1.21   3.65   29.836
 1.21   6.00    0.223    0.205
 1.21   6.00    0.428   32.652
 1.21   6.00    0.377    0.512   0.428   0.470
 1.21   6.00    0.380    0.477   0.428   0.435

 1.22   0.00    0.463    0.428   0.208   0.052   0.204   0.000   0.000   0.000   0.000   0.000   0.000  76088940
 1.22   3.65   29.816
 1.22   6.00    0.223    0.204
 1.22   6.00    0.427   32.558
 1.22   6.00    0.376    0.510   0.427   0.468
 1.22   6.00    0.380    0.475   0.427   0.433

 1.23   0.00    0.461    0.426   0.207   0.052   0.203   0.000   0.000   0.000   0.000   0.000   0.000  76712620
 1.23   3.66   29.797
 1.23   6.00    0.224    0.203
 1.23   6.00    0.426   32.465
 1.23   6.00    0.375    0.508   0.426   0.466
 1.23   6.00    0.379    0.473   0.426   0.431

 1.24   0.00    0.460    0.425   0.206   0.052   0.202   0.000   0.000   0.000   0.000   0.000   0.000  77336300
 1.24   3.66   29.778
 1.24   6.00    0.224    0.201
 1.24   6.00    0.426   32.372
 1.24   6.00    0.375    0.507   0.426   0.465
 1.24   6.00    0.378    0.472   0.426   0.429

 1.25   0.00    0.458    0.423   0.205   0.052   0.201   0.000   0.000   0.000   0.000   0.000   0.000  77959980
 1.25   3.67   29.759
 1.25   6.00    0.225    0.200
 1.25   6.00    0.425   32.279
 1.25   6.00    0.374    0.505   0.425   0.463
 1.25   6.00    0.378    0.470   0.425   0.428

 1.26   0.00    0.456    0.421   0.205   0.052   0.200   0.000   0.000   0.000   0.000   0.000   0.000  78583660
 1.26   3.67   29.741
 1.26   6.00    0.225    0.199
 1.26   6.00    0.424   32.186
 1.26   6.00    0.373    0.503   0.424   0.461
 1.26   6.00    0.377    0.468   0.424   0.426

 1.27   0.00    0.454    0.420   0.204   0.051   0.199   0.000   0.000   0.000   0.000   0.000   0.000  79207340
 1.27   3.68   29.724
 1.27   6.00    0.225    0.197
 1.27   6.00    0.423   32.093
 1.27   6.00    0.373    0.501   0.423   0.459
 1.27   6.00    0.376    0.466   0.423   0.424

 1.28   0.00    0.453    0.418   0.203   0.051   0.198   0.000   0.000   0.000   0.000   0.000   0.000  79831020
 1.28   3.68   29.707
 1.28   6.00    0.226    0.196
 1.28   6.00    0.422   32.000
 1.28   6.00    0.372    0.499   0.422   0.458
 1.28   6.00    0.376    0.464   0.422   0.422

 1.29   0.00    0.451    0.416   0.202   0.051   0.197   0.000   0.000   0.000   0.000   0.000   0.000  80454690
 1.29   3.68   29.690
 1.29   6.00    0.226    0.195
 1.29   6.00    0.421   31.907
 1.29   6.00    0.371    0.498   0.421   0.456
 1.29   6.00    0.375    0.462   0.421   0.421

 1.30   0.00    0.449    0.414   0.202   0.051   0.197   0.000   0.000   0.000   0.000   0.000   0.000  81078370
 1.30   3.69   29.674
 1.30   6.00    0.227    0.194
 1.30   6.00    0.420   31.814
 1.30   6.00    0.371    0.496   0.420   0.454
 1.30   6.00    0.374    0.461   0.420   0.419

 1.31   0.00    0.448    0.413   0.201   0.051   0.196   0.000   0.000   0.000   0.000   0.000   0.000  81702050
 1.31   3.69   29.658
 1.31   6.00    0.227    0.192
 1.31   6.00    0.419   31.722
 1.31   6.00    0.370    0.494   0.419   0.453
 1.31   6.00    0.373    0.459   0.419   0.417

 1.32   0.00    0.446    0.411   0.200   0.051   0.195   0.000   0.000   0.000   0.000   0.000   0.000  82325740
 1.32   3.70   29.643
 1.32   6.00    0.228    0.191
 1.32   6.00    0.418   31.629
 1.32   6.00    0.369    0.492   0.418   0.451
 1.32   6.00    0.373    0.457   0.418   0.416

 1.33   0.00    0.444    0.409   0.199   0.051   0.194   0.000   0.000   0.000   0.000   0.000   0.000  82949420
 1.33   3.70   29.628
 1.33   6.00    0.228    0.190
 1.33   6.00    0.418   31.536
 1.33   6.00    0.368    0.490   0.418   0.449
 1.33   6.00    0.372    0.455   0.418   0.414

 1.34   0.00    0.443    0.408   0.199   0.051   0.193   0.000   0.000   0.000   0.000   0.000   0.000  83573100
 1.34   3.70   29.613
 1.34   6.00    0.228    0.188
 1.34   6.00    0.417   31.443
 1.34   6.00    0.368    0.489   0.417   0.447
 1.34   6.00    0.371    0.454   0.417   0.412

 1.35   0.00    0.441    0.406   0.198   0.051   0.192   0.000   0.000   0.000   0.000   0.000   0.000  84196780
 1.35   3.71   29.599
 1.35   6.00    0.229    0.187
 1.35   6.00    0.416   31.349
 1.35   6.00    0.367    0.487   0.416   0.446
 1.35   6.00    0.370    0.452   0.416   0.411

 1.36   0.00    0.439    0.404   0.197   0.051   0.191   0.000   0.000   0.000   0.000   0.000   0.000  84820460
 1.36   3.71   29.585
 1.36   6.00    0.229    0.186
 1.36   6.00    0.415   31.256
 1.36   6.00    0.366    0.485   0.415   0.444
 1.36   6.00    0.370    0.450   0.415   0.409

 1.37   0.00    0.438    0.403   0.196   0.051   0.191   0.000   0.000   0.000   0.000   0.000   0.000  85444140
 1.37   3.71   29.571
 1.37   6.00    0.229    0.184
 1.37   6.00    0.414   31.162
 1.37   6.00    0.365    0.483   0.414   0.442
 1.37   6.00    0.369    0.448   0.414   0.407

 1.38   0.00    0.436    0.401   0.196   0.051   0.190   0.000   0.000   0.000   0.000   0.000   0.000  86067810
 1.38   3.72   29.557
 1.38   6.00    0.230    0.183
 1.38   6.00    0.413   31.069
 1.38   6.00    0.364    0.481   0.413   0.441
 1.38   6.00    0.368    0.446   0.413   0.406

 1.39   0.00    0.434    0.399   0.195   0.050   0.189   0.000   0.000   0.000   0.000   0.000   0.000  86691490
 1.39   3.72   29.544
 1.39   6.00    0.230    0.182
 1.39   6.00    0.412   30.975
 1.39   6.00    0.364    0.480   0.412   0.439
 1.39   6.00    0.367    0.445   0.412   0.404

 1.40   0.00    0.433    0.398   0.194   0.050   0.188   0.000   0.000   0.000   0.000   0.000   0.000  87315170
 1.40   3.72   29.531
 1.40   6.00    0.230    0.180
 1.40   6.00    0.411   30.881
 1.40   6.00    0.363    0.478   0.411   0.437
 1.40   6.00    0.366    0.443   0.411   0.402

 1.41   0.00    0.431    0.396   0.194   0.050   0.187   0.000   0.000   0.000   0.000   0.000   0.000  87938850
 1.41   3.73   29.518
 1.41   6.00    0.231    0.179
 1.41   6.00    0.410   30.787
 1.41   6.00    0.362    0.476   0.410   0.436
 1.41   6.00    0.366    0.441   0.410   0.401

 1.42   0.00    0.429    0.395   0.193   0.050   0.186   0.000   0.000   0.000   0.000   0.000   0.000  88562530
 1.42   3.73   29.506
 1.42   6.00    0.231    0.178
 1.42   6.00    0.409   30.692
 1.42   6.00    0.361    0.475   0.409   0.434
 1.42   6.00    0.365    0.440   0.409   0.399

 1.43   0.00    0.428    0.393   0.192   0.050   0.186   0.000   0.000   0.000   0.000   0.000   0.000  89186210
 1.43   3.73   29.494
 1.43   6.00    0.231    0.176
 1.43   6.00    0.408   30.597
 1.43   6.00    0.360    0.473   0.408   0.433
 1.43   6.00    0.364    0.438   0.408   0.397

 1.44   0.00    0.426    0.391   0.191   0.050   0.185   0.000   0.000   0.000   0.000   0.000   0.000  89809900
 1.44   3.73   29.456
 1.44   6.00    0.232    0.175
 1.44   6.00    0.407   30.503
 1.44   6.00    0.360    0.471   0.407   0.431
 1.44   6.00    0.363    0.436   0.407   0.396

 1.45   0.00    0.425    0.390   0.191   0.050   0.184   0.000   0.000   0.000   0.000   0.000   0.000  90433580
 1.45   3.73   29.404
 1.45   6.00    0.232    0.174
 1.45   6.00    0.406   30.407
 1.45   6.00    0.359    0.469   0.406   0.429
 1.45   6.00    0.362    0.434   0.406   0.394

 1.46   0.00    0.423    0.388   0.190   0.050   0.183   0.000   0.000   0.000   0.000   0.000   0.000  91057260
 1.46   3.73   29.353
 1.46   6.00    0.232    0.172
 1.46   6.00    0.405   30.312
 1.46   6.00    0.358    0.468   0.405   0.428
 1.46   6.00    0.362    0.433   0.405   0.392

 1.47   0.00    0.421    0.387   0.189   0.050   0.182   0.000   0.000   0.000   0.000   0.000   0.000  91680940
 1.47   3.72   29.301
 1.47   6.00    0.233    0.171
 1.47   6.00    0.404   30.216
 1.47   6.00    0.357    0.466   0.404   0.426
 1.47   6.00    0.361    0.431   0.404   0.391

 1.48   0.00    0.420    0.385   0.189   0.050   0.182   0.000   0.000   0.000   0.000   0.000   0.000  92304610
 1.48   3.72   29.249
 1.48   6.00    0.233    0.170
 1.48   6.00    0.403   30.120
 1.48   6.00    0.356    0.464   0.403   0.424
 1.48   6.00    0.360    0.429   0.403   0.389

 1.49   0.00    0.418    0.383   0.188   0.050   0.181   0.000   0.000   0.000   0.000   0.000   0.000  92928290
 1.49   3.72   29.198
 1.49   6.00    0.233    0.169
 1.49   6.00    0.402   30.024
 1.49   6.00    0.355    0.463   0.402   0.423
 1.49   6.00    0.359    0.428   0.402   0.388

 1.50   0.00    0.417    0.382   0.187   0.050   0.180   0.000   0.000   0.000   0.000   0.000   0.000  93551970
 1.50   3.72   29.147
 1.50   6.00    0.234    0.167
 1.50   6.00    0.401   29.927
 1.50   6.00    0.354    0.461   0.401   0.421
 1.50   6.00    0.358    0.426   0.401   0.386

 1.51   0.00    0.415    0.380   0.186   0.050   0.179   0.000   0.000   0.000   0.000   0.000   0.000  94175650
 1.51   3.71   29.096
 1.51   6.00    0.234    0.166
 1.51   6.00    0.400   29.830
 1.51   6.00    0.354    0.459   0.400   0.420
 1.51   6.00    0.357    0.424   0.400   0.384

 1.52   0.00    0.414    0.379   0.186   0.049   0.178   0.000   0.000   0.000   0.000   0.000   0.000  94799330
 1.52   3.71   29.045
 1.52   6.00    0.234    0.165
 1.52   6.00    0.399   29.733
 1.52   6.00    0.353    0.458   0.399   0.418
 1.52   6.00    0.356    0.422   0.399   0.383

 1.53   0.00    0.412    0.377   0.185   0.049   0.178   0.000   0.000   0.000   0.000   0.000   0.000  95423010
 1.53   3.71   28.994
 1.53   6.00    0.234    0.163
 1.53   6.00    0.398   29.635
 1.53   6.00    0.352    0.456   0.398   0.417
 1.53   6.00    0.356    0.421   0.398   0.381

 1.54   0.00    0.410    0.376   0.184   0.049   0.177   0.000   0.000   0.000   0.000   0.000   0.000  96046690
 1.54   3.70   28.943
 1.54   6.00    0.235    0.162
 1.54   6.00    0.397   29.537
 1.54   6.00    0.351    0.454   0.397   0.415
 1.54   6.00    0.355    0.419   0.397   0.380

 1.55   0.00    0.409    0.374   0.184   0.049   0.176   0.000   0.000   0.000   0.000   0.000   0.000  96670370
 1.55   3.70   28.892
 1.55   6.00    0.235    0.161
 1.55   6.00    0.396   29.439
 1.55   6.00    0.350    0.453   0.396   0.413
 1.55   6.00    0.354    0.417   0.396   0.378

 1.56   0.00    0.407    0.373   0.183   0.049   0.175   0.000   0.000   0.000   0.000   0.000   0.000  97294050
 1.56   3.70   28.841
 1.56   6.00    0.235    0.159
 1.56   6.00    0.394   29.340
 1.56   6.00    0.349    0.451   0.394   0.412
 1.56   6.00    0.353    0.416   0.394   0.377

 1.57   0.00    0.406    0.371   0.182   0.049   0.174   0.000   0.000   0.000   0.000   0.000   0.000  97917730
 1.57   3.69   28.790
 1.57   6.00    0.235    0.158
 1.57   6.00    0.393   29.241
 1.57   6.00    0.348    0.449   0.393   0.410
 1.57   6.00    0.352    0.414   0.393   0.375

 1.58   0.00    0.404    0.369   0.182   0.049   0.174   0.000   0.000   0.000   0.000   0.000   0.000  98541410
 1.58   3.69   28.740
 1.58   6.00    0.236    0.157
 1.58   6.00    0.392   29.141
 1.58   6.00    0.347    0.448   0.392   0.409
 1.58   6.00    0.351    0.413   0.392   0.374

 1.59   0.00    0.403    0.368   0.181   0.049   0.173   0.000   0.000   0.000   0.000   0.000   0.000  99165090
 1.59   3.69   28.689
 1.59   6.00    0.236    0.155
 1.59   6.00    0.391   29.042
 1.59   6.00    0.347    0.446   0.391   0.407
 1.59   6.00    0.350    0.411   0.391   0.372

 1.60   0.00    0.401    0.366   0.180   0.049   0.172   0.000   0.000   0.000   0.000   0.000   0.000  99788770
 1.60   3.69   28.639
 1.60   6.00    0.236    0.154
 1.60   6.00    0.390   28.941
 1.60   6.00    0.346    0.444   0.390   0.406
 1.60   6.00    0.349    0.409   0.390   0.370

 1.61   0.00    0.400    0.365   0.180   0.049   0.171   0.000   0.000   0.000   0.000   0.000   0.000 100412400
 1.61   3.68   28.588
 1.61   6.00    0.236    0.153
 1.61   6.00    0.389   28.841
 1.61   6.00    0.345    0.443   0.389   0.404
 1.61   6.00    0.348    0.408   0.389   0.369

 1.62   0.00    0.398    0.363   0.179   0.049   0.171   0.000   0.000   0.000   0.000   0.000   0.000 101036100
 1.62   3.68   28.538
 1.62   6.00    0.237    0.151
 1.62   6.00    0.388   28.739
 1.62   6.00    0.344    0.441   0.388   0.403
 1.62   6.00    0.348    0.406   0.388   0.367

 1.63   0.00    0.397    0.362   0.178   0.049   0.170   0.000   0.000   0.000   0.000   0.000   0.000 101659800
 1.63   3.68   28.487
 1.63   6.00    0.237    0.150
 1.63   6.00    0.387   28.638
 1.63   6.00    0.343    0.439   0.387   0.401
 1.63   6.00    0.347    0.404   0.387   0.366

 1.64   0.00    0.395    0.360   0.177   0.049   0.169   0.000   0.000   0.000   0.000   0.000   0.000 102283500
 1.64   3.67   28.437
 1.64   6.00    0.237    0.149
 1.64   6.00    0.386   28.536
 1.64   6.00    0.342    0.438   0.386   0.400
 1.64   6.00    0.346    0.403   0.386   0.364

 1.65   0.00    0.394    0.359   0.177   0.049   0.168   0.000   0.000   0.000   0.000   0.000   0.000 102907200
 1.65   3.67   28.387
 1.65   6.00    0.237    0.147
 1.65   6.00    0.385   28.434
 1.65   6.00    0.341    0.436   0.385   0.398
 1.65   6.00    0.345    0.401   0.385   0.363

 1.66   0.00    0.392    0.357   0.176   0.049   0.168   0.000   0.000   0.000   0.000   0.000   0.000 103530800
 1.66   3.67   28.337
 1.66   6.00    0.238    0.146
 1.66   6.00    0.384   28.331
 1.66   6.00    0.340    0.435   0.384   0.397
 1.66   6.00    0.344    0.400   0.384   0.361

 1.67   0.00    0.391    0.356   0.175   0.048   0.167   0.000   0.000   0.000   0.000   0.000   0.000 104154500
 1.67   3.66   28.286
 1.67   6.00    0.238    0.145
 1.67   6.00    0.383   28.227
 1.67   6.00    0.339    0.433   0.383   0.395
 1.67   6.00    0.343    0.398   0.383   0.360

 1.68   0.00    0.389    0.355   0.175   0.048   0.166   0.000   0.000   0.000   0.000   0.000   0.000 104778200
 1.68   3.66   28.236
 1.68   6.00    0.238    0.143
 1.68   6.00    0.382   28.124
 1.68   6.00    0.338    0.431   0.382   0.394
 1.68   6.00    0.342    0.396   0.382   0.358

 1.69   0.00    0.388    0.353   0.174   0.048   0.165   0.000   0.000   0.000   0.000   0.000   0.000 105401900
 1.69   3.65   28.186
 1.69   6.00    0.238    0.142
 1.69   6.00    0.380   28.019
 1.69   6.00    0.337    0.430   0.380   0.392
 1.69   6.00    0.341    0.395   0.380   0.357

 1.70   0.00    0.386    0.352   0.173   0.048   0.165   0.000   0.000   0.000   0.000   0.000   0.000 106025600
 1.70   3.65   28.136
 1.70   6.00    0.239    0.141
 1.70   6.00    0.379   27.915
 1.70   6.00    0.336    0.428   0.379   0.391
 1.70   6.00    0.340    0.393   0.379   0.355

 1.71   0.00    0.385    0.350   0.173   0.048   0.164   0.000   0.000   0.000   0.000   0.000   0.000 106649200
 1.71   3.65   28.086
 1.71   6.00    0.239    0.140
 1.71   6.00    0.378   27.809
 1.71   6.00    0.335    0.427   0.378   0.389
 1.71   6.00    0.339    0.392   0.378   0.354

 1.72   0.00    0.384    0.349   0.172   0.048   0.163   0.000   0.000   0.000   0.000   0.000   0.000 107272900
 1.72   3.64   28.035
 1.72   6.00    0.239    0.138
 1.72   6.00    0.377   27.704
 1.72   6.00    0.335    0.425   0.377   0.388
 1.72   6.00    0.338    0.390   0.377   0.353

 1.73   0.00    0.382    0.347   0.171   0.048   0.163   0.000   0.000   0.000   0.000   0.000   0.000 107896600
 1.73   3.64   27.985
 1.73   6.00    0.239    0.137
 1.73   6.00    0.376   27.597
 1.73   6.00    0.334    0.423   0.376   0.386
 1.73   6.00    0.337    0.388   0.376   0.351

 1.74   0.00    0.381    0.346   0.171   0.048   0.162   0.000   0.000   0.000   0.000   0.000   0.000 108520300
 1.74   3.64   27.935
 1.74   6.00    0.239    0.136
 1.74   6.00    0.375   27.490
 1.74   6.00    0.333    0.422   0.375   0.385
 1.74   6.00    0.336    0.387   0.375   0.350

 1.75   0.00    0.379    0.344   0.170   0.048   0.161   0.000   0.000   0.000   0.000   0.000   0.000 109144000
 1.75   3.63   27.885
 1.75   6.00    0.240    0.134
 1.75   6.00    0.374   27.383
 1.75   6.00    0.332    0.420   0.374   0.383
 1.75   6.00    0.335    0.385   0.374   0.348

 1.76   0.00    0.378    0.343   0.169   0.048   0.160   0.000   0.000   0.000   0.000   0.000   0.000 109767600
 1.76   3.63   27.835
 1.76   6.00    0.240    0.133
 1.76   6.00    0.373   27.275
 1.76   6.00    0.331    0.419   0.373   0.382
 1.76   6.00    0.334    0.384   0.373   0.347

 1.77   0.00    0.376    0.342   0.169   0.048   0.160   0.000   0.000   0.000   0.000   0.000   0.000 110391300
 1.77   3.63   27.785
 1.77   6.00    0.240    0.132
 1.77   6.00    0.372   27.167
 1.77   6.00    0.330    0.417   0.372   0.381
 1.77   6.00    0.333    0.382   0.372   0.345

 1.78   0.00    0.375    0.340   0.168   0.048   0.159   0.000   0.000   0.000   0.000   0.000   0.000 111015000
 1.78   3.62   27.735
 1.78   6.00    0.240    0.130
 1.78   6.00    0.370   27.058
 1.78   6.00    0.329    0.416   0.370   0.379
 1.78   6.00    0.332    0.381   0.370   0.344

 1.79   0.00    0.374    0.339   0.167   0.048   0.158   0.000   0.000   0.000   0.000   0.000   0.000 111638700
 1.79   3.62   27.685
 1.79   6.00    0.240    0.129
 1.79   6.00    0.369   26.948
 1.79   6.00    0.328    0.414   0.369   0.378
 1.79   6.00    0.331    0.379   0.369   0.342

 1.80   0.00    0.372    0.337   0.167   0.048   0.158   0.000   0.000   0.000   0.000   0.000   0.000 112262400
 1.80   3.61   27.635
 1.80   6.00    0.241    0.128
 1.80   6.00    0.368   26.838
 1.80   6.00    0.327    0.413   0.368   0.376
 1.80   6.00    0.331    0.378   0.368   0.341

 1.81   0.00    0.371    0.336   0.166   0.048   0.157   0.000   0.000   0.000   0.000   0.000   0.000 112886000
 1.81   3.61   27.585
 1.81   6.00    0.241    0.126
 1.81   6.00    0.367   26.728
 1.81   6.00    0.326    0.411   0.367   0.375
 1.81   6.00    0.330    0.376   0.367   0.340

 1.82   0.00    0.369    0.334   0.166   0.048   0.156   0.000   0.000   0.000   0.000   0.000   0.000 113509700
 1.82   3.61   27.534
 1.82   6.00    0.241    0.125
 1.82   6.00    0.366   26.616
 1.82   6.00    0.325    0.410   0.366   0.373
 1.82   6.00    0.329    0.375   0.366   0.338

 1.83   0.00    0.368    0.333   0.165   0.048   0.156   0.000   0.000   0.000   0.000   0.000   0.000 114133400
 1.83   3.60   27.484
 1.83   6.00    0.241    0.124
 1.83   6.00    0.365   26.505
 1.83   6.00    0.324    0.408   0.365   0.372
 1.83   6.00    0.328    0.373   0.365   0.337

 1.84   0.00    0.367    0.332   0.164   0.048   0.155   0.000   0.000   0.000   0.000   0.000   0.000 114757100
 1.84   3.60   27.434
 1.84   6.00    0.241    0.122
 1.84   6.00    0.364   26.392
 1.84   6.00    0.323    0.407   0.364   0.371
 1.84   6.00    0.327    0.372   0.364   0.335

 1.85   0.00    0.365    0.330   0.164   0.047   0.154   0.000   0.000   0.000   0.000   0.000   0.000 115380800
 1.85   3.59   27.384
 1.85   6.00    0.241    0.121
 1.85   6.00    0.363   26.279
 1.85   6.00    0.322    0.405   0.363   0.369
 1.85   6.00    0.326    0.370   0.363   0.334

 1.86   0.00    0.364    0.329   0.163   0.047   0.153   0.000   0.000   0.000   0.000   0.000   0.000 116004400
 1.86   3.59   27.334
 1.86   6.00    0.242    0.120
 1.86   6.00    0.361   26.165
 1.86   6.00    0.321    0.404   0.361   0.368
 1.86   6.00    0.325    0.369   0.361   0.333

 1.87   0.00    0.362    0.328   0.162   0.047   0.153   0.000   0.000   0.000   0.000   0.000   0.000 116628100
 1.87   3.59   27.284
 1.87   6.00    0.242    0.118
 1.87   6.00    0.360   26.051
 1.87   6.00    0.320    0.402   0.360   0.366
 1.87   6.00    0.324    0.367   0.360   0.331

 1.88   0.00    0.361    0.326   0.162   0.047   0.152   0.000   0.000   0.000   0.000   0.000   0.000 117251800
 1.88   3.58   27.234
 1.88   6.00    0.242    0.117
 1.88   6.00    0.359   25.936
 1.88   6.00    0.319    0.401   0.359   0.365
 1.88   6.00    0.323    0.366   0.359   0.330

 1.89   0.00    0.360    0.325   0.161   0.047   0.151   0.000   0.000   0.000   0.000   0.000   0.000 117875500
 1.89   3.58   27.183
 1.89   6.00    0.242    0.116
 1.89   6.00    0.358   25.820
 1.89   6.00    0.318    0.399   0.358   0.364
 1.89   6.00    0.322    0.364   0.358   0.328

 1.90   0.00    0.358    0.323   0.160   0.047   0.151   0.000   0.000   0.000   0.000   0.000   0.000 118499200
 1.90   3.57   27.133
 1.90   6.00    0.242    0.115
 1.90   6.00    0.357   25.704
 1.90   6.00    0.317    0.398   0.357   0.362
 1.90   6.00    0.321    0.363   0.357   0.327

 1.91   0.00    0.357    0.322   0.160   0.047   0.150   0.000   0.000   0.000   0.000   0.000   0.000 119122800
 1.91   3.57   27.083
 1.91   6.00    0.242    0.113
 1.91   6.00    0.356   25.587
 1.91   6.00    0.316    0.396   0.356   0.361
 1.91   6.00    0.320    0.361   0.356   0.326

 1.92   0.00    0.356    0.321   0.159   0.047   0.149   0.000   0.000   0.000   0.000   0.000   0.000 119746500
 1.92   3.57   27.033
 1.92   6.00    0.243    0.112
 1.92   6.00    0.354   25.469
 1.92   6.00    0.315    0.395   0.354   0.360
 1.92   6.00    0.319    0.360   0.354   0.324

 1.93   0.00    0.354    0.319   0.158   0.047   0.149   0.000   0.000   0.000   0.000   0.000   0.000 120370200
 1.93   3.56   26.982
 1.93   6.00    0.243    0.111
 1.93   6.00    0.353   25.351
 1.93   6.00    0.314    0.393   0.353   0.358
 1.93   6.00    0.318    0.358   0.353   0.323

 1.94   0.00    0.353    0.318   0.158   0.047   0.148   0.000   0.000   0.000   0.000   0.000   0.000 120993900
 1.94   3.56   26.932
 1.94   6.00    0.243    0.109
 1.94   6.00    0.352   25.232
 1.94   6.00    0.313    0.392   0.352   0.357
 1.94   6.00    0.317    0.357   0.352   0.322

 1.95   0.00    0.352    0.317   0.157   0.047   0.148   0.000   0.000   0.000   0.000   0.000   0.000 121617600
 1.95   3.55   26.881
 1.95   6.00    0.243    0.108
 1.95   6.00    0.351   25.112
 1.95   6.00    0.312    0.390   0.351   0.355
 1.95   6.00    0.316    0.355   0.351   0.320

 1.96   0.00    0.350    0.315   0.157   0.047   0.147   0.000   0.000   0.000   0.000   0.000   0.000 122241200
 1.96   3.55   26.831
 1.96   6.00    0.243    0.107
 1.96   6.00    0.350   24.992
 1.96   6.00    0.311    0.389   0.350   0.354
 1.96   6.00    0.315    0.354   0.350   0.319

 1.97   0.00    0.349    0.314   0.156   0.047   0.146   0.000   0.000   0.000   0.000   0.000   0.000 122864900
 1.97   3.55   26.781
 1.97   6.00    0.243    0.105
 1.97   6.00    0.349   24.871
 1.97   6.00    0.310    0.387   0.349   0.353
 1.97   6.00    0.313    0.352   0.349   0.318

 1.98   0.00    0.348    0.313   0.155   0.047   0.146   0.000   0.000   0.000   0.000   0.000   0.000 123488600
 1.98   3.54   26.730
 1.98   6.00    0.243    0.104
 1.98   6.00    0.347   24.749
 1.98   6.00    0.309    0.386   0.347   0.351
 1.98   6.00    0.312    0.351   0.347   0.316

 1.99   0.00    0.346    0.311   0.155   0.047   0.145   0.000   0.000   0.000   0.000   0.000   0.000 124112300
 1.99   3.54   26.680
 1.99   6.00    0.244    0.103
 1.99   6.00    0.346   24.626
 1.99   6.00    0.308    0.384   0.346   0.350
 1.99   6.00    0.311    0.349   0.346   0.315

 2.00   0.00    0.345    0.310   0.154   0.047   0.144   0.000   0.000   0.000   0.000   0.000   0.000 124736000
 2.00   3.53   26.629
 2.00   6.00    0.244    0.101
 2.00   6.00    0.345   24.502
 2.00   6.00    0.307    0.383   0.345   0.349
 2.00   6.00    0.310    0.348   0.345   0.313

 2.01   0.00    0.344    0.309   0.153   0.047   0.144   0.000   0.000   0.000   0.000   0.000   0.000 125359600
 2.01   3.53   26.578
 2.01   6.00    0.244    0.100
 2.01   6.00    0.344   24.378
 2.01   6.00    0.306    0.382   0.344   0.348
 2.01   6.00    0.309    0.346   0.344   0.312

 2.02   0.00    0.343    0.307   0.153   0.047   0.143   0.000   0.000   0.000   0.000   0.000   0.000 125983300
 2.02   3.52   26.528
 2.02   6.00    0.244    0.099
 2.02   6.00    0.343   24.253
 2.02   6.00    0.305    0.380   0.343   0.346
 2.02   6.00    0.308    0.345   0.343   0.311

 2.03   0.00    0.341    0.306   0.152   0.047   0.142   0.000   0.000   0.000   0.000   0.000   0.000 126607000
 2.03   3.52   26.477
 2.03   6.00    0.244    0.097
 2.03   6.00    0.342   24.127
 2.03   6.00    0.304    0.379   0.342   0.345
 2.03   6.00    0.307    0.343   0.342   0.309

 2.04   0.00    0.340    0.305   0.152   0.046   0.142   0.000   0.000   0.000   0.000   0.000   0.000 127230700
 2.04   3.52   26.426
 2.04   6.00    0.244    0.096
 2.04   6.00    0.340   24.001
 2.04   6.00    0.303    0.378   0.340   0.344
 2.04   6.00    0.306    0.342   0.340   0.308

 2.05   0.00    0.339    0.303   0.151   0.046   0.141   0.000   0.000   0.000   0.000   0.000   0.000 127854400
 2.05   3.51   26.375
 2.05   6.00    0.244    0.095
 2.05   6.00    0.339   23.873
 2.05   6.00    0.301    0.376   0.339   0.343
 2.05   6.00    0.305    0.341   0.339   0.307

 2.06   0.00    0.338    0.302   0.151   0.046   0.141   0.000   0.000   0.000   0.000   0.000   0.000 128478000
 2.06   3.51   26.325
 2.06   6.00    0.245    0.093
 2.06   6.00    0.338   23.745
 2.06   6.00    0.300    0.375   0.338   0.341
 2.06   6.00    0.304    0.339   0.338   0.305

 2.07   0.00    0.337    0.301   0.150   0.046   0.140   0.000   0.000   0.000   0.000   0.000   0.000 129101700
 2.07   3.50   26.274
 2.07   6.00    0.245    0.092
 2.07   6.00    0.337   23.616
 2.07   6.00    0.299    0.374   0.337   0.340
 2.07   6.00    0.303    0.338   0.337   0.304

 2.08   0.00    0.335    0.300   0.150   0.046   0.139   0.000   0.000   0.000   0.000   0.000   0.000 129725400
 2.08   3.50   26.223
 2.08   6.00    0.245    0.091
 2.08   6.00    0.336   23.486
 2.08   6.00    0.298    0.372   0.336   0.339
 2.08   6.00    0.302    0.336   0.336   0.303

 2.09   0.00    0.334    0.298   0.149   0.046   0.139   0.000   0.000   0.000   0.000   0.000   0.000 130349100
 2.09   3.49   26.172
 2.09   6.00    0.245    0.089
 2.09   6.00    0.334   23.355
 2.09   6.00    0.297    0.371   0.334   0.338
 2.09   6.00    0.301    0.335   0.334   0.302

 2.10   0.00    0.333    0.297   0.149   0.046   0.138   0.000   0.000   0.000   0.000   0.000   0.000 130972800
 2.10   3.49   26.121
 2.10   6.00    0.245    0.088
 2.10   6.00    0.333   23.223
 2.10   6.00    0.296    0.370   0.333   0.337
 2.10   6.00    0.300    0.333   0.333   0.300

 2.11   0.00    0.332    0.296   0.148   0.046   0.138   0.000   0.000   0.000   0.000   0.000   0.000 131596400
 2.11   3.48   26.070
 2.11   6.00    0.245    0.087
 2.11   6.00    0.332   23.091
 2.11   6.00    0.295    0.368   0.332   0.335
 2.11   6.00    0.299    0.332   0.332   0.299

 2.12   0.00    0.331    0.294   0.148   0.046   0.137   0.000   0.000   0.000   0.000   0.000   0.000 132220100
 2.12   3.48   26.018
 2.12   6.00    0.245    0.086
 2.12   6.00    0.331   22.957
 2.12   6.00    0.294    0.367   0.331   0.334
 2.12   6.00    0.298    0.331   0.331   0.298

 2.13   0.00    0.330    0.293   0.147   0.046   0.136   0.000   0.000   0.000   0.000   0.000   0.000 132843800
 2.13   3.48   25.967
 2.13   6.00    0.245    0.084
 2.13   6.00    0.330   22.823
 2.13   6.00    0.293    0.366   0.330   0.333
 2.13   6.00    0.297    0.329   0.330   0.296

 2.14   0.00    0.328    0.292   0.147   0.046   0.136   0.000   0.000   0.000   0.000   0.000   0.000 133467500
 2.14   3.47   25.916
 2.14   6.00    0.245    0.083
 2.14   6.00    0.328   22.687
 2.14   6.00    0.292    0.364   0.328   0.332
 2.14   6.00    0.296    0.328   0.328   0.295

 2.15   0.00    0.327    0.291   0.146   0.046   0.135   0.000   0.000   0.000   0.000   0.000   0.000 134091200
 2.15   3.47   25.864
 2.15   6.00    0.246    0.082
 2.15   6.00    0.327   22.551
 2.15   6.00    0.291    0.363   0.327   0.331
 2.15   6.00    0.295    0.327   0.327   0.294

 2.16   0.00    0.326    0.290   0.146   0.046   0.135   0.000   0.000   0.000   0.000   0.000   0.000 134714800
 2.16   3.46   25.813
 2.16   6.00    0.246    0.080
 2.16   6.00    0.326   22.414
 2.16   6.00    0.290    0.362   0.326   0.330
 2.16   6.00    0.294    0.325   0.326   0.293

 2.17   0.00    0.325    0.288   0.145   0.046   0.134   0.000   0.000   0.000   0.000   0.000   0.000 135338500
 2.17   3.46   25.761
 2.17   6.00    0.246    0.079
 2.17   6.00    0.325   22.275
 2.17   6.00    0.289    0.361   0.325   0.329
 2.17   6.00    0.292    0.324   0.325   0.292

 2.18   0.00    0.324    0.287   0.145   0.046   0.133   0.000   0.000   0.000   0.000   0.000   0.000 135962200
 2.18   3.45   25.710
 2.18   6.00    0.246    0.078
 2.18   6.00    0.323   22.136
 2.18   6.00    0.287    0.359   0.323   0.327
 2.18   6.00    0.291    0.323   0.323   0.290

 2.19   0.00    0.323    0.286   0.144   0.046   0.133   0.000   0.000   0.000   0.000   0.000   0.000 136585900
 2.19   3.45   25.658
 2.19   6.00    0.246    0.076
 2.19   6.00    0.322   21.996
 2.19   6.00    0.286    0.358   0.322   0.326
 2.19   6.00    0.290    0.321   0.322   0.289

 2.20   0.00    0.322    0.285   0.144   0.046   0.132   0.000   0.000   0.000   0.000   0.000   0.000 137209600
 2.20   3.44   25.606
 2.20   6.00    0.246    0.075
 2.20   6.00    0.321   21.855
 2.20   6.00    0.285    0.357   0.321   0.325
 2.20   6.00    0.289    0.320   0.321   0.288

 2.21   0.00    0.320    0.284   0.143   0.046   0.132   0.000   0.000   0.000   0.000   0.000   0.000 137833200
 2.21   3.44   25.555
 2.21   6.00    0.246    0.074
 2.21   6.00    0.320   21.712
 2.21   6.00    0.284    0.356   0.320   0.324
 2.21   6.00    0.288    0.318   0.320   0.287

 2.22   0.00    0.319    0.282   0.143   0.046   0.131   0.000   0.000   0.000   0.000   0.000   0.000 138456900
 2.22   3.43   25.503
 2.22   6.00    0.246    0.072
 2.22   6.00    0.319   21.569
 2.22   6.00    0.283    0.354   0.319   0.323
 2.22   6.00    0.287    0.317   0.319   0.285

 2.23   0.00    0.318    0.281   0.142   0.046   0.131   0.000   0.000   0.000   0.000   0.000   0.000 139080600
 2.23   3.43   25.451
 2.23   6.00    0.246    0.071
 2.23   6.00    0.317   21.425
 2.23   6.00    0.282    0.353   0.317   0.322
 2.23   6.00    0.286    0.316   0.317   0.284

 2.24   0.00    0.317    0.280   0.142   0.046   0.130   0.000   0.000   0.000   0.000   0.000   0.000 139704300
 2.24   3.42   25.399
 2.24   6.00    0.246    0.070
 2.24   6.00    0.316   21.279
 2.24   6.00    0.281    0.352   0.316   0.321
 2.24   6.00    0.285    0.315   0.316   0.283

 2.25   0.00    0.316    0.279   0.141   0.046   0.129   0.000   0.000   0.000   0.000   0.000   0.000 140328000
 2.25   3.42   25.347
 2.25   6.00    0.246    0.068
 2.25   6.00    0.315   21.133
 2.25   6.00    0.280    0.351   0.315   0.320
 2.25   6.00    0.284    0.313   0.315   0.282

 2.26   0.00    0.315    0.278   0.141   0.046   0.129   0.000   0.000   0.000   0.000   0.000   0.000 140951600
 2.26   3.41   25.294
 2.26   6.00    0.247    0.067
 2.26   6.00    0.314   20.985
 2.26   6.00    0.279    0.350   0.314   0.318
 2.26   6.00    0.283    0.312   0.314   0.281

 2.27   0.00    0.314    0.276   0.140   0.045   0.128   0.000   0.000   0.000   0.000   0.000   0.000 141575300
 2.27   3.41   25.242
 2.27   6.00    0.247    0.066
 2.27   6.00    0.312   20.836
 2.27   6.00    0.278    0.348   0.312   0.317
 2.27   6.00    0.282    0.311   0.312   0.279

 2.28   0.00    0.313    0.275   0.140   0.045   0.128   0.000   0.000   0.000   0.000   0.000   0.000 142199000
 2.28   3.40   25.190
 2.28   6.00    0.247    0.064
 2.28   6.00    0.311   20.686
 2.28   6.00    0.276    0.347   0.311   0.316
 2.28   6.00    0.280    0.309   0.311   0.278

 2.29   0.00    0.312    0.274   0.139   0.045   0.127   0.000   0.000   0.000   0.000   0.000   0.000 142822700
 2.29   3.40   25.149
 2.29   6.00    0.247    0.063
 2.29   6.00    0.310   20.554
 2.29   6.00    0.276    0.346   0.310   0.315
 2.29   6.00    0.280    0.308   0.310   0.277

 2.30   0.00    0.311    0.273   0.139   0.045   0.127   0.000   0.000   0.000   0.000   0.000   0.000 143446400
 2.30   3.40   25.115
 2.30   6.00    0.248    0.062
 2.30   6.00    0.310   20.433
 2.30   6.00    0.275    0.345   0.310   0.314
 2.30   6.00    0.279    0.307   0.310   0.276

 2.31   0.00    0.310    0.272   0.138   0.045   0.126   0.000   0.000   0.000   0.000   0.000   0.000 144070000
 2.31   3.40   25.082
 2.31   6.00    0.249    0.061
 2.31   6.00    0.309   20.311
 2.31   6.00    0.275    0.344   0.309   0.313
 2.31   6.00    0.279    0.306   0.309   0.275

 2.32   0.00    0.309    0.271   0.138   0.045   0.126   0.000   0.000   0.000   0.000   0.000   0.000 144693700
 2.32   3.41   25.049
 2.32   6.00    0.249    0.059
 2.32   6.00    0.308   20.190
 2.32   6.00    0.274    0.343   0.308   0.312
 2.32   6.00    0.278    0.304   0.308   0.274

 2.33   0.00    0.308    0.270   0.137   0.045   0.125   0.000   0.000   0.000   0.000   0.000   0.000 145317400
 2.33   3.41   25.016
 2.33   6.00    0.250    0.058
 2.33   6.00    0.308   20.068
 2.33   6.00    0.274    0.341   0.308   0.311
 2.33   6.00    0.278    0.303   0.308   0.273

 2.34   0.00    0.307    0.268   0.137   0.045   0.125   0.000   0.000   0.000   0.000   0.000   0.000 145941100
 2.34   3.41   24.984
 2.34   6.00    0.251    0.057
 2.34   6.00    0.307   19.946
 2.34   6.00    0.273    0.340   0.307   0.310
 2.34   6.00    0.277    0.302   0.307   0.271

 2.35   0.00    0.306    0.267   0.136   0.045   0.124   0.000   0.000   0.000   0.000   0.000   0.000 146564800
 2.35   3.41   24.952
 2.35   6.00    0.251    0.055
 2.35   6.00    0.306   19.824
 2.35   6.00    0.272    0.339   0.306   0.309
 2.35   6.00    0.277    0.301   0.306   0.270

 2.36   0.00    0.304    0.266   0.136   0.045   0.124   0.000   0.000   0.000   0.000   0.000   0.000 147188400
 2.36   3.41   24.920
 2.36   6.00    0.252    0.054
 2.36   6.00    0.306   19.701
 2.36   6.00    0.272    0.338   0.306   0.308
 2.36   6.00    0.276    0.300   0.306   0.269

 2.37   0.00    0.303    0.265   0.135   0.045   0.123   0.000   0.000   0.000   0.000   0.000   0.000 147812100
 2.37   3.41   24.888
 2.37   6.00    0.253    0.053
 2.37   6.00    0.305   19.578
 2.37   6.00    0.271    0.337   0.305   0.307
 2.37   6.00    0.275    0.298   0.305   0.268

 2.38   0.00    0.302    0.264   0.135   0.045   0.122   0.000   0.000   0.000   0.000   0.000   0.000 148435800
 2.38   3.41   24.857
 2.38   6.00    0.253    0.051
 2.38   6.00    0.304   19.455
 2.38   6.00    0.271    0.336   0.304   0.306
 2.38   6.00    0.275    0.297   0.304   0.267

 2.39   0.00    0.301    0.263   0.134   0.045   0.122   0.000   0.000   0.000   0.000   0.000   0.000 149059500
 2.39   3.41   24.826
 2.39   6.00    0.254    0.050
 2.39   6.00    0.304   19.332
 2.39   6.00    0.270    0.335   0.304   0.305
 2.39   6.00    0.274    0.296   0.304   0.266

 2.40   0.00    0.300    0.262   0.134   0.045   0.121   0.000   0.000   0.000   0.000   0.000   0.000 149683200
 2.40   3.41   24.795
 2.40   6.00    0.254    0.050
 2.40   6.00    0.304   19.341
 2.40   6.00    0.271    0.334   0.304   0.304
 2.40   6.00    0.275    0.295   0.304   0.265

 2.41   0.00    0.299    0.261   0.134   0.045   0.121   0.000   0.000   0.000   0.000   0.000   0.000 150306800
 2.41   3.41   24.765
 2.41   6.00    0.255    0.050
 2.41   6.00    0.305   19.377
 2.41   6.00    0.272    0.333   0.305   0.303
 2.41   6.00    0.276    0.294   0.305   0.264

 2.42   0.00    0.298    0.260   0.133   0.045   0.120   0.000   0.000   0.000   0.000   0.000   0.000 150930500
 2.42   3.41   24.735
 2.42   6.00    0.256    0.050
 2.42   6.00    0.306   19.414
 2.42   6.00    0.272    0.332   0.306   0.302
 2.42   6.00    0.276    0.293   0.306   0.262

 2.43   0.00    0.297    0.259   0.133   0.045   0.120   0.000   0.000   0.000   0.000   0.000   0.000 151554200
 2.43   3.41   24.705
 2.43   6.00    0.256    0.050
 2.43   6.00    0.306   19.450
 2.43   6.00    0.273    0.331   0.306   0.301
 2.43   6.00    0.277    0.292   0.306   0.261

 2.44   0.00    0.296    0.257   0.132   0.045   0.119   0.000   0.000   0.000   0.000   0.000   0.000 152177900
 2.44   3.41   24.675
 2.44   6.00    0.257    0.050
 2.44   6.00    0.307   19.486
 2.44   6.00    0.274    0.330   0.307   0.300
 2.44   6.00    0.278    0.291   0.307   0.260

 2.45   0.00    0.295    0.256   0.132   0.045   0.119   0.000   0.000   0.000   0.000   0.000   0.000 152801600
 2.45   3.41   24.646
 2.45   6.00    0.258    0.050
 2.45   6.00    0.307   19.523
 2.45   6.00    0.275    0.329   0.307   0.299
 2.45   6.00    0.279    0.290   0.307   0.259

 2.46   0.00    0.295    0.256   0.131   0.045   0.118   0.000   0.000   0.000   0.000   0.000   0.000 153425200
 2.46   3.41   24.616
 2.46   6.00    0.258    0.050
 2.46   6.00    0.308   19.560
 2.46   6.00    0.275    0.328   0.308   0.298
 2.46   6.00    0.279    0.289   0.308   0.258

 2.47   0.00    0.294    0.255   0.131   0.045   0.118   0.000   0.000   0.000   0.000   0.000   0.000 154048900
 2.47   3.41   24.588
 2.47   6.00    0.259    0.050
 2.47   6.00    0.309   19.597
 2.47   6.00    0.276    0.327   0.309   0.297
 2.47   6.00    0.280    0.288   0.309   0.258

 2.48   0.00    0.293    0.254   0.130   0.045   0.117   0.000   0.000   0.000   0.000   0.000   0.000 154672600
 2.48   3.42   24.559
 2.48   6.00    0.260    0.050
 2.48   6.00    0.309   19.634
 2.48   6.00    0.277    0.327   0.309   0.296
 2.48   6.00    0.281    0.288   0.309   0.257

 2.49   0.00    0.292    0.253   0.130   0.045   0.117   0.000   0.000   0.000   0.000   0.000   0.000 155296300
 2.49   3.42   24.531
 2.49   6.00    0.260    0.050
 2.49   6.00    0.310   19.670
 2.49   6.00    0.277    0.326   0.310   0.295
 2.49   6.00    0.282    0.287   0.310   0.256

 2.50   0.00    0.291    0.252   0.130   0.045   0.116   0.000   0.000   0.000   0.000   0.000   0.000 155920000
 2.50   3.42   24.502
 2.50   6.00    0.261    0.050
 2.50   6.00    0.311   19.708
 2.50   6.00    0.278    0.325   0.311   0.294
 2.50   6.00    0.282    0.286   0.311   0.255

 2.51   0.00    0.290    0.252   0.129   0.045   0.116   0.000   0.000   0.000   0.000   0.000   0.000 156543600
 2.51   3.42   24.475
 2.51   6.00    0.261    0.050
 2.51   6.00    0.311   19.745
 2.51   6.00    0.279    0.324   0.311   0.293
 2.51   6.00    0.283    0.286   0.311   0.254

 2.52   0.00    0.289    0.251   0.129   0.045   0.115   0.000   0.000   0.000   0.000   0.000   0.000 157167300
 2.52   3.42   24.447
 2.52   6.00    0.262    0.050
 2.52   6.00    0.312   19.782
 2.52   6.00    0.280    0.323   0.312   0.292
 2.52   6.00    0.284    0.285   0.312   0.254

 2.53   0.00    0.288    0.250   0.128   0.045   0.115   0.000   0.000   0.000   0.000   0.000   0.000 157791000
 2.53   3.42   24.419
 2.53   6.00    0.263    0.050
 2.53   6.00    0.312   19.819
 2.53   6.00    0.280    0.322   0.312   0.291
 2.53   6.00    0.284    0.284   0.312   0.253

 2.54   0.00    0.287    0.249   0.128   0.044   0.114   0.000   0.000   0.000   0.000   0.000   0.000 158414700
 2.54   3.42   24.392
 2.54   6.00    0.263    0.050
 2.54   6.00    0.313   19.857
 2.54   6.00    0.281    0.321   0.313   0.290
 2.54   6.00    0.285    0.283   0.313   0.252

 2.55   0.00    0.286    0.249   0.128   0.044   0.114   0.000   0.000   0.000   0.000   0.000   0.000 159038400
 2.55   3.42   24.365
 2.55   6.00    0.264    0.050
 2.55   6.00    0.314   19.894
 2.55   6.00    0.282    0.320   0.314   0.289
 2.55   6.00    0.286    0.283   0.314   0.251

 2.56   0.00    0.285    0.248   0.127   0.044   0.113   0.000   0.000   0.000   0.000   0.000   0.000 159662000
 2.56   3.42   24.339
 2.56   6.00    0.265    0.050
 2.56   6.00    0.314   19.932
 2.56   6.00    0.282    0.319   0.314   0.288
 2.56   6.00    0.286    0.282   0.314   0.251

 2.57   0.00    0.284    0.247   0.127   0.044   0.113   0.000   0.000   0.000   0.000   0.000   0.000 160285700
 2.57   3.42   24.312
 2.57   6.00    0.265    0.050
 2.57   6.00    0.315   19.970
 2.57   6.00    0.283    0.319   0.315   0.287
 2.57   6.00    0.287    0.281   0.315   0.250

 2.58   0.00    0.283    0.246   0.126   0.044   0.113   0.000   0.000   0.000   0.000   0.000   0.000 160909400
 2.58   3.42   24.286
 2.58   6.00    0.266    0.050
 2.58   6.00    0.316   20.008
 2.58   6.00    0.284    0.318   0.316   0.286
 2.58   6.00    0.288    0.281   0.316   0.249

 2.59   0.00    0.282    0.246   0.126   0.044   0.112   0.000   0.000   0.000   0.000   0.000   0.000 161533100
 2.59   3.42   24.260
 2.59   6.00    0.266    0.050
 2.59   6.00    0.316   20.046
 2.59   6.00    0.285    0.317   0.316   0.285
 2.59   6.00    0.288    0.280   0.316   0.248

 2.60   0.00    0.281    0.245   0.125   0.044   0.112   0.000   0.000   0.000   0.000   0.000   0.000 162156700
 2.60   3.42   24.234
 2.60   6.00    0.267    0.050
 2.60   6.00    0.317   20.083
 2.60   6.00    0.285    0.316   0.317   0.284
 2.60   6.00    0.289    0.279   0.317   0.248

 2.61   0.00    0.280    0.244   0.125   0.044   0.111   0.000   0.000   0.000   0.000   0.000   0.000 162780400
 2.61   3.42   24.209
 2.61   6.00    0.268    0.050
 2.61   6.00    0.317   20.122
 2.61   6.00    0.286    0.315   0.317   0.284
 2.61   6.00    0.290    0.279   0.317   0.247

 2.62   0.00    0.280    0.244   0.125   0.044   0.111   0.000   0.000   0.000   0.000   0.000   0.000 163404100
 2.62   3.42   24.184
 2.62   6.00    0.268    0.050
 2.62   6.00    0.318   20.160
 2.62   6.00    0.287    0.314   0.318   0.283
 2.62   6.00    0.290    0.278   0.318   0.246

 2.63   0.00    0.279    0.243   0.124   0.044   0.110   0.000   0.000   0.000   0.000   0.000   0.000 164027800
 2.63   3.42   24.159
 2.63   6.00    0.269    0.050
 2.63   6.00    0.319   20.198
 2.63   6.00    0.287    0.313   0.319   0.282
 2.63   6.00    0.291    0.277   0.319   0.245

 2.64   0.00    0.278    0.242   0.124   0.044   0.110   0.000   0.000   0.000   0.000   0.000   0.000 164651500
 2.64   3.42   24.134
 2.64   6.00    0.269    0.050
 2.64   6.00    0.319   20.236
 2.64   6.00    0.288    0.313   0.319   0.281
 2.64   6.00    0.292    0.277   0.319   0.245

 2.65   0.00    0.277    0.241   0.123   0.044   0.109   0.000   0.000   0.000   0.000   0.000   0.000 165275200
 2.65   3.42   24.109
 2.65   6.00    0.270    0.050
 2.65   6.00    0.320   20.275
 2.65   6.00    0.289    0.312   0.320   0.280
 2.65   6.00    0.292    0.276   0.320   0.244

 2.66   0.00    0.276    0.241   0.123   0.044   0.109   0.000   0.000   0.000   0.000   0.000   0.000 165898800
 2.66   3.42   24.085
 2.66   6.00    0.271    0.050
 2.66   6.00    0.320   20.313
 2.66   6.00    0.289    0.311   0.320   0.279
 2.66   6.00    0.293    0.275   0.320   0.243

 2.67   0.00    0.275    0.240   0.123   0.044   0.108   0.000   0.000   0.000   0.000   0.000   0.000 166522500
 2.67   3.42   24.061
 2.67   6.00    0.271    0.050
 2.67   6.00    0.321   20.352
 2.67   6.00    0.290    0.310   0.321   0.278
 2.67   6.00    0.294    0.275   0.321   0.243

 2.68   0.00    0.274    0.239   0.122   0.044   0.108   0.000   0.000   0.000   0.000   0.000   0.000 167146200
 2.68   3.42   24.037
 2.68   6.00    0.272    0.050
 2.68   6.00    0.322   20.390
 2.68   6.00    0.291    0.309   0.322   0.277
 2.68   6.00    0.294    0.274   0.322   0.242

 2.69   0.00    0.273    0.239   0.122   0.044   0.108   0.000   0.000   0.000   0.000   0.000   0.000 167769900
 2.69   3.42   24.013
 2.69   6.00    0.272    0.050
 2.69   6.00    0.322   20.429
 2.69   6.00    0.291    0.309   0.322   0.276
 2.69   6.00    0.295    0.274   0.322   0.241

 2.70   0.00    0.272    0.238   0.121   0.044   0.107   0.000   0.000   0.000   0.000   0.000   0.000 168393600
 2.70   3.42   23.989
 2.70   6.00    0.273    0.050
 2.70   6.00    0.323   20.468
 2.70   6.00    0.292    0.308   0.323   0.276
 2.70   6.00    0.296    0.273   0.323   0.241

 2.71   0.00    0.272    0.237   0.121   0.044   0.107   0.000   0.000   0.000   0.000   0.000   0.000 169017200
 2.71   3.42   23.966
 2.71   6.00    0.274    0.050
 2.71   6.00    0.323   20.507
 2.71   6.00    0.293    0.307   0.323   0.275
 2.71   6.00    0.296    0.272   0.323   0.240

 2.72   0.00    0.271    0.237   0.121   0.044   0.106   0.000   0.000   0.000   0.000   0.000   0.000 169640900
 2.72   3.42   23.943
 2.72   6.00    0.274    0.050
 2.72   6.00    0.324   20.545
 2.72   6.00    0.293    0.306   0.324   0.274
 2.72   6.00    0.297    0.272   0.324   0.239

 2.73   0.00    0.270    0.236   0.120   0.044   0.106   0.000   0.000   0.000   0.000   0.000   0.000 170264600
 2.73   3.42   23.920
 2.73   6.00    0.275    0.050
 2.73   6.00    0.324   20.584
 2.73   6.00    0.294    0.305   0.324   0.273
 2.73   6.00    0.298    0.271   0.324   0.238

 2.74   0.00    0.269    0.235   0.120   0.044   0.105   0.000   0.000   0.000   0.000   0.000   0.000 170888300
 2.74   3.42   23.897
 2.74   6.00    0.275    0.050
 2.74   6.00    0.325   20.623
 2.74   6.00    0.295    0.305   0.325   0.272
 2.74   6.00    0.298    0.270   0.325   0.238

 2.75   0.00    0.268    0.235   0.119   0.044   0.105   0.000   0.000   0.000   0.000   0.000   0.000 171512000
 2.75   3.42   23.875
 2.75   6.00    0.276    0.050
 2.75   6.00    0.326   20.663
 2.75   6.00    0.295    0.304   0.326   0.271
 2.75   6.00    0.299    0.270   0.326   0.237

 2.76   0.00    0.267    0.234   0.119   0.044   0.104   0.000   0.000   0.000   0.000   0.000   0.000 172135600
 2.76   3.42   23.853
 2.76   6.00    0.276    0.050
 2.76   6.00    0.326   20.702
 2.76   6.00    0.296    0.303   0.326   0.270
 2.76   6.00    0.300    0.269   0.326   0.236

 2.77   0.00    0.267    0.233   0.119   0.044   0.104   0.000   0.000   0.000   0.000   0.000   0.000 172759300
 2.77   3.42   23.831
 2.77   6.00    0.277    0.050
 2.77   6.00    0.327   20.741
 2.77   6.00    0.297    0.302   0.327   0.270
 2.77   6.00    0.300    0.269   0.327   0.236

 2.78   0.00    0.266    0.233   0.118   0.044   0.104   0.000   0.000   0.000   0.000   0.000   0.000 173383000
 2.78   3.42   23.809
 2.78   6.00    0.278    0.050
 2.78   6.00    0.327   20.780
 2.78   6.00    0.297    0.301   0.327   0.269
 2.78   6.00    0.301    0.268   0.327   0.235

 2.79   0.00    0.265    0.232   0.118   0.044   0.103   0.000   0.000   0.000   0.000   0.000   0.000 174006700
 2.79   3.42   23.787
 2.79   6.00    0.278    0.050
 2.79   6.00    0.328   20.820
 2.79   6.00    0.298    0.301   0.328   0.268
 2.79   6.00    0.302    0.268   0.328   0.235

 2.80   0.00    0.264    0.231   0.118   0.044   0.103   0.000   0.000   0.000   0.000   0.000   0.000 174630300
 2.80   3.42   23.766
 2.80   6.00    0.279    0.050
 2.80   6.00    0.328   20.859
 2.80   6.00    0.299    0.300   0.328   0.267
 2.80   6.00    0.302    0.267   0.328   0.234

 2.81   0.00    0.263    0.231   0.117   0.044   0.102   0.000   0.000   0.000   0.000   0.000   0.000 175254000
 2.81   3.42   23.744
 2.81   6.00    0.279    0.050
 2.81   6.00    0.329   20.899
 2.81   6.00    0.299    0.299   0.329   0.266
 2.81   6.00    0.303    0.266   0.329   0.233

 2.82   0.00    0.262    0.230   0.117   0.044   0.102   0.000   0.000   0.000   0.000   0.000   0.000 175877700
 2.82   3.42   23.723
 2.82   6.00    0.280    0.050
 2.82   6.00    0.329   20.938
 2.82   6.00    0.300    0.298   0.329   0.265
 2.82   6.00    0.303    0.266   0.329   0.233

 2.83   0.00    0.262    0.229   0.116   0.044   0.102   0.000   0.000   0.000   0.000   0.000   0.000 176501400
 2.83   3.42   23.702
 2.83   6.00    0.280    0.050
 2.83   6.00    0.330   20.978
 2.83   6.00    0.301    0.298   0.330   0.265
 2.83   6.00    0.304    0.265   0.330   0.232

 2.84   0.00    0.261    0.229   0.116   0.044   0.101   0.000   0.000   0.000   0.000   0.000   0.000 177125100
 2.84   3.42   23.682
 2.84   6.00    0.281    0.050
 2.84   6.00    0.331   21.018
 2.84   6.00    0.301    0.297   0.331   0.264
 2.84   6.00    0.305    0.265   0.331   0.231

 2.85   0.00    0.260    0.228   0.116   0.044   0.101   0.000   0.000   0.000   0.000   0.000   0.000 177748700
 2.85   3.42   23.661
 2.85   6.00    0.281    0.050
 2.85   6.00    0.331   21.058
 2.85   6.00    0.302    0.296   0.331   0.263
 2.85   6.00    0.305    0.264   0.331   0.231

 2.86   0.00    0.259    0.228   0.115   0.044   0.100   0.000   0.000   0.000   0.000   0.000   0.000 178372400
 2.86   3.42   23.641
 2.86   6.00    0.282    0.050
 2.86   6.00    0.332   21.097
 2.86   6.00    0.302    0.295   0.332   0.262
 2.86   6.00    0.306    0.263   0.332   0.230

 2.87   0.00    0.258    0.227   0.115   0.044   0.100   0.000   0.000   0.000   0.000   0.000   0.000 178996100
 2.87   3.42   23.621
 2.87   6.00    0.283    0.050
 2.87   6.00    0.332   21.137
 2.87   6.00    0.303    0.295   0.332   0.261
 2.87   6.00    0.306    0.263   0.332   0.229

 2.88   0.00    0.258    0.226   0.115   0.043   0.100   0.000   0.000   0.000   0.000   0.000   0.000 179619800
 2.88   3.42   23.601
 2.88   6.00    0.283    0.050
 2.88   6.00    0.333   21.177
 2.88   6.00    0.304    0.294   0.333   0.260
 2.88   6.00    0.307    0.262   0.333   0.229

 2.89   0.00    0.257    0.226   0.114   0.043   0.099   0.000   0.000   0.000   0.000   0.000   0.000 180243500
 2.89   3.41   23.581
 2.89   6.00    0.284    0.050
 2.89   6.00    0.333   21.217
 2.89   6.00    0.304    0.293   0.333   0.260
 2.89   6.00    0.308    0.262   0.333   0.228

 2.90   0.00    0.256    0.225   0.114   0.043   0.099   0.000   0.000   0.000   0.000   0.000   0.000 180867200
 2.90   3.41   23.562
 2.90   6.00    0.284    0.050
 2.90   6.00    0.334   21.258
 2.90   6.00    0.305    0.292   0.334   0.259
 2.90   6.00    0.308    0.261   0.334   0.228

 2.91   0.00    0.255    0.225   0.114   0.043   0.098   0.000   0.000   0.000   0.000   0.000   0.000 181490800
 2.91   3.41   23.542
 2.91   6.00    0.285    0.050
 2.91   6.00    0.334   21.298
 2.91   6.00    0.306    0.292   0.334   0.258
 2.91   6.00    0.309    0.261   0.334   0.227

 2.92   0.00    0.255    0.224   0.113   0.043   0.098   0.000   0.000   0.000   0.000   0.000   0.000 182114500
 2.92   3.41   23.523
 2.92   6.00    0.285    0.050
 2.92   6.00    0.335   21.338
 2.92   6.00    0.306    0.291   0.335   0.257
 2.92   6.00    0.309    0.260   0.335   0.226

 2.93   0.00    0.254    0.223   0.113   0.043   0.098   0.000   0.000   0.000   0.000   0.000   0.000 182738200
 2.93   3.41   23.504
 2.93   6.00    0.286    0.050
 2.93   6.00    0.335   21.378
 2.93   6.00    0.307    0.290   0.335   0.257
 2.93   6.00    0.310    0.260   0.335   0.226

 2.94   0.00    0.253    0.223   0.113   0.043   0.097   0.000   0.000   0.000   0.000   0.000   0.000 183361900
 2.94   3.41   23.485
 2.94   6.00    0.286    0.050
 2.94   6.00    0.336   21.419
 2.94   6.00    0.307    0.290   0.336   0.256
 2.94   6.00    0.311    0.259   0.336   0.225

 2.95   0.00    0.252    0.222   0.112   0.043   0.097   0.000   0.000   0.000   0.000   0.000   0.000 183985500
 2.95   3.41   23.467
 2.95   6.00    0.287    0.050
 2.95   6.00    0.337   21.459
 2.95   6.00    0.308    0.289   0.337   0.255
 2.95   6.00    0.311    0.259   0.337   0.225

 2.96   0.00    0.251    0.222   0.112   0.043   0.096   0.000   0.000   0.000   0.000   0.000   0.000 184609200
 2.96   3.41   23.448
 2.96   6.00    0.287    0.050
 2.96   6.00    0.337   21.499
 2.96   6.00    0.309    0.288   0.337   0.254
 2.96   6.00    0.312    0.258   0.337   0.224

 2.97   0.00    0.251    0.221   0.111   0.043   0.096   0.000   0.000   0.000   0.000   0.000   0.000 185232900
 2.97   3.41   23.430
 2.97   6.00    0.288    0.050
 2.97   6.00    0.338   21.540
 2.97   6.00    0.309    0.287   0.338   0.253
 2.97   6.00    0.312    0.258   0.338   0.223

 2.98   0.00    0.250    0.220   0.111   0.043   0.096   0.000   0.000   0.000   0.000   0.000   0.000 185856600
 2.98   3.41   23.412
 2.98   6.00    0.288    0.050
 2.98   6.00    0.338   21.580
 2.98   6.00    0.310    0.287   0.338   0.253
 2.98   6.00    0.313    0.257   0.338   0.223

 2.99   0.00    0.249    0.220   0.111   0.043   0.095   0.000   0.000   0.000   0.000   0.000   0.000 186480300
 2.99   3.41   23.394
 2.99   6.00    0.289    0.050
 2.99   6.00    0.339   21.621
 2.99   6.00    0.310    0.286   0.339   0.252
 2.99   6.00    0.314    0.257   0.339   0.222

 3.00   0.00    0.248    0.219   0.110   0.043   0.095   0.000   0.000   0.000   0.000   0.000   0.000 187103900
 3.00   3.41   23.376
 3.00   6.00    0.289    0.050
 3.00   6.00    0.339   21.662
 3.00   6.00    0.311    0.285   0.339   0.251
 3.00   6.00    0.314    0.256   0.339   0.222

 3.01   0.00    0.248    0.219   0.110   0.043   0.095   0.000   0.000   0.000   0.000   0.000   0.000 187727600
 3.01   3.41   23.359
 3.01   6.00    0.290    0.050
 3.01   6.00    0.340   21.702
 3.01   6.00    0.312    0.285   0.340   0.251
 3.01   6.00    0.315    0.256   0.340   0.221

 3.02   0.00    0.247    0.218   0.110   0.043   0.094   0.000   0.000   0.000   0.000   0.000   0.000 188351300
 3.02   3.41   23.341
 3.02   6.00    0.290    0.050
 3.02   6.00    0.340   21.743
 3.02   6.00    0.312    0.284   0.340   0.250
 3.02   6.00    0.315    0.255   0.340   0.221

 3.03   0.00    0.246    0.218   0.110   0.043   0.094   0.000   0.000   0.000   0.000   0.000   0.000 188975000
 3.03   3.41   23.324
 3.03   6.00    0.291    0.050
 3.03   6.00    0.341   21.784
 3.03   6.00    0.313    0.283   0.341   0.249
 3.03   6.00    0.316    0.254   0.341   0.220

 3.04   0.00    0.246    0.217   0.109   0.043   0.093   0.000   0.000   0.000   0.000   0.000   0.000 189598700
 3.04   3.41   23.307
 3.04   6.00    0.292    0.050
 3.04   6.00    0.341   21.825
 3.04   6.00    0.313    0.283   0.341   0.249
 3.04   6.00    0.316    0.254   0.341   0.219

 3.05   0.00    0.245    0.217   0.109   0.043   0.093   0.000   0.000   0.000   0.000   0.000   0.000 190222300
 3.05   3.41   23.290
 3.05   6.00    0.292    0.050
 3.05   6.00    0.342   21.866
 3.05   6.00    0.314    0.282   0.342   0.248
 3.05   6.00    0.317    0.253   0.342   0.219

 3.06   0.00    0.245    0.216   0.109   0.043   0.093   0.000   0.000   0.000   0.000   0.000   0.000 190846000
 3.06   3.40   23.273
 3.06   6.00    0.293    0.050
 3.06   6.00    0.342   21.907
 3.06   6.00    0.315    0.282   0.342   0.247
 3.06   6.00    0.318    0.253   0.342   0.218

 3.07   0.00    0.244    0.215   0.109   0.043   0.092   0.000   0.000   0.000   0.000   0.000   0.000 191469700
 3.07   3.40   23.257
 3.07   6.00    0.293    0.050
 3.07   6.00    0.343   21.948
 3.07   6.00    0.315    0.281   0.343   0.247
 3.07   6.00    0.318    0.252   0.343   0.218

 3.08   0.00    0.243    0.215   0.108   0.043   0.092   0.000   0.000   0.000   0.000   0.000   0.000 192093400
 3.08   3.40   23.240
 3.08   6.00    0.294    0.050
 3.08   6.00    0.343   21.989
 3.08   6.00    0.316    0.280   0.343   0.246
 3.08   6.00    0.319    0.252   0.343   0.217

 3.09   0.00    0.243    0.214   0.108   0.043   0.092   0.000   0.000   0.000   0.000   0.000   0.000 192717100
 3.09   3.40   23.224
 3.09   6.00    0.294    0.050
 3.09   6.00    0.344   22.030
 3.09   6.00    0.316    0.280   0.344   0.245
 3.09   6.00    0.319    0.251   0.344   0.217

 3.10   0.00    0.242    0.214   0.108   0.043   0.091   0.000   0.000   0.000   0.000   0.000   0.000 193340700
 3.10   3.40   23.208
 3.10   6.00    0.295    0.050
 3.10   6.00    0.344   22.071
 3.10   6.00    0.317    0.279   0.344   0.245
 3.10   6.00    0.320    0.251   0.344   0.216

 3.11   0.00    0.241    0.213   0.108   0.043   0.091   0.000   0.000   0.000   0.000   0.000   0.000 193964400
 3.11   3.40   23.192
 3.11   6.00    0.295    0.050
 3.11   6.00    0.345   22.112
 3.11   6.00    0.317    0.279   0.345   0.244
 3.11   6.00    0.320    0.250   0.345   0.216

 3.12   0.00    0.241    0.213   0.107   0.043   0.091   0.000   0.000   0.000   0.000   0.000   0.000 194588100
 3.12   3.40   23.176
 3.12   6.00    0.296    0.050
 3.12   6.00    0.345   22.154
 3.12   6.00    0.318    0.278   0.345   0.243
 3.12   6.00    0.321    0.250   0.345   0.215

 3.13   0.00    0.240    0.212   0.107   0.043   0.090   0.000   0.000   0.000   0.000   0.000   0.000 195211800
 3.13   3.40   23.161
 3.13   6.00    0.296    0.050
 3.13   6.00    0.346   22.195
 3.13   6.00    0.319    0.278   0.346   0.243
 3.13   6.00    0.321    0.249   0.346   0.214

 3.14   0.00    0.239    0.212   0.107   0.043   0.090   0.000   0.000   0.000   0.000   0.000   0.000 195835500
 3.14   3.40   23.145
 3.14   6.00    0.297    0.050
 3.14   6.00    0.346   22.236
 3.14   6.00    0.319    0.277   0.346   0.242
 3.14   6.00    0.322    0.249   0.346   0.214

 3.15   0.00    0.239    0.211   0.106   0.043   0.090   0.000   0.000   0.000   0.000   0.000   0.000 196459100
 3.15   3.40   23.130
 3.15   6.00    0.297    0.050
 3.15   6.00    0.347   22.278
 3.15   6.00    0.320    0.276   0.347   0.241
 3.15   6.00    0.323    0.248   0.347   0.213

 3.16   0.00    0.238    0.211   0.106   0.043   0.089   0.000   0.000   0.000   0.000   0.000   0.000 197082800
 3.16   3.40   23.115
 3.16   6.00    0.298    0.050
 3.16   6.00    0.347   22.319
 3.16   6.00    0.320    0.276   0.347   0.241
 3.16   6.00    0.323    0.248   0.347   0.213

 3.17   0.00    0.238    0.210   0.106   0.043   0.089   0.000   0.000   0.000   0.000   0.000   0.000 197706500
 3.17   3.40   23.100
 3.17   6.00    0.298    0.050
 3.17   6.00    0.348   22.361
 3.17   6.00    0.321    0.275   0.348   0.240
 3.17   6.00    0.324    0.248   0.348   0.212

 3.18   0.00    0.237    0.209   0.106   0.043   0.089   0.000   0.000   0.000   0.000   0.000   0.000 198330200
 3.18   3.39   23.085
 3.18   6.00    0.299    0.050
 3.18   6.00    0.348   22.402
 3.18   6.00    0.321    0.275   0.348   0.240
 3.18   6.00    0.324    0.247   0.348   0.212

 3.19   0.00    0.236    0.209   0.105   0.043   0.088   0.000   0.000   0.000   0.000   0.000   0.000 198953900
 3.19   3.39   23.071
 3.19   6.00    0.299    0.050
 3.19   6.00    0.349   22.444
 3.19   6.00    0.322    0.274   0.349   0.239
 3.19   6.00    0.325    0.247   0.349   0.211

 3.20   0.00    0.236    0.208   0.105   0.043   0.088   0.000   0.000   0.000   0.000   0.000   0.000 199577500
 3.20   3.39   23.056
 3.20   6.00    0.299    0.050
 3.20   6.00    0.349   22.485
 3.20   6.00    0.322    0.274   0.349   0.238
 3.20   6.00    0.325    0.246   0.349   0.211

 3.21   0.00    0.235    0.208   0.105   0.043   0.088   0.000   0.000   0.000   0.000   0.000   0.000 200201200
 3.21   3.39   23.042
 3.21   6.00    0.300    0.050
 3.21   6.00    0.350   22.527
 3.21   6.00    0.323    0.273   0.350   0.238
 3.21   6.00    0.326    0.246   0.350   0.210

 3.22   0.00    0.234    0.207   0.105   0.043   0.087   0.000   0.000   0.000   0.000   0.000   0.000 200824900
 3.22   3.39   23.027
 3.22   6.00    0.300    0.050
 3.22   6.00    0.350   22.569
 3.22   6.00    0.323    0.272   0.350   0.237
 3.22   6.00    0.326    0.245   0.350   0.210

 3.23   0.00    0.234    0.207   0.104   0.043   0.087   0.000   0.000   0.000   0.000   0.000   0.000 201448600
 3.23   3.39   23.013
 3.23   6.00    0.301    0.050
 3.23   6.00    0.351   22.611
 3.23   6.00    0.324    0.272   0.351   0.236
 3.23   6.00    0.327    0.245   0.351   0.209

 3.24   0.00    0.233    0.206   0.104   0.043   0.087   0.000   0.000   0.000   0.000   0.000   0.000 202072300
 3.24   3.39   22.999
 3.24   6.00    0.301    0.050
 3.24   6.00    0.351   22.652
 3.24   6.00    0.325    0.271   0.351   0.236
 3.24   6.00    0.327    0.244   0.351   0.209

 3.25   0.00    0.233    0.206   0.104   0.043   0.086   0.000   0.000   0.000   0.000   0.000   0.000 202695900
 3.25   3.39   22.986
 3.25   6.00    0.302    0.050
 3.25   6.00    0.352   22.694
 3.25   6.00    0.325    0.271   0.352   0.235
 3.25   6.00    0.328    0.244   0.352   0.208

 3.26   0.00    0.232    0.205   0.104   0.043   0.086   0.000   0.000   0.000   0.000   0.000   0.000 203319600
 3.26   3.39   22.972
 3.26   6.00    0.302    0.050
 3.26   6.00    0.352   22.736
 3.26   6.00    0.326    0.270   0.352   0.235
 3.26   6.00    0.328    0.243   0.352   0.208

 3.27   0.00    0.232    0.205   0.103   0.043   0.086   0.000   0.000   0.000   0.000   0.000   0.000 203943300
 3.27   3.38   22.958
 3.27   6.00    0.303    0.050
 3.27   6.00    0.353   22.778
 3.27   6.00    0.326    0.270   0.353   0.234
 3.27   6.00    0.329    0.243   0.353   0.207

 3.28   0.00    0.231    0.204   0.103   0.043   0.085   0.000   0.000   0.000   0.000   0.000   0.000 204567000
 3.28   3.38   22.945
 3.28   6.00    0.303    0.050
 3.28   6.00    0.353   22.820
 3.28   6.00    0.327    0.269   0.353   0.233
 3.28   6.00    0.329    0.242   0.353   0.207

 3.29   0.00    0.230    0.204   0.103   0.042   0.085   0.000   0.000   0.000   0.000   0.000   0.000 205190700
 3.29   3.38   22.932
 3.29   6.00    0.304    0.050
 3.29   6.00    0.353   22.862
 3.29   6.00    0.327    0.269   0.353   0.233
 3.29   6.00    0.330    0.242   0.353   0.206

 3.30   0.00    0.230    0.203   0.103   0.042   0.085   0.000   0.000   0.000   0.000   0.000   0.000 205814300
 3.30   3.38   22.919
 3.30   6.00    0.304    0.050
 3.30   6.00    0.354   22.904
 3.30   6.00    0.328    0.268   0.354   0.232
 3.30   6.00    0.331    0.242   0.354   0.206

 3.31   0.00    0.229    0.203   0.102   0.042   0.084   0.000   0.000   0.000   0.000   0.000   0.000 206438000
 3.31   3.38   22.906
 3.31   6.00    0.305    0.050
 3.31   6.00    0.354   22.946
 3.31   6.00    0.328    0.267   0.354   0.232
 3.31   6.00    0.331    0.241   0.354   0.205

 3.32   0.00    0.229    0.202   0.102   0.042   0.084   0.000   0.000   0.000   0.000   0.000   0.000 207061700
 3.32   3.38   22.893
 3.32   6.00    0.305    0.050
 3.32   6.00    0.355   22.988
 3.32   6.00    0.329    0.267   0.355   0.231
 3.32   6.00    0.332    0.241   0.355   0.205

 3.33   0.00    0.228    0.202   0.102   0.042   0.084   0.000   0.000   0.000   0.000   0.000   0.000 207685400
 3.33   3.38   22.880
 3.33   6.00    0.306    0.050
 3.33   6.00    0.355   23.030
 3.33   6.00    0.329    0.266   0.355   0.231
 3.33   6.00    0.332    0.240   0.355   0.204

 3.34   0.00    0.227    0.201   0.102   0.042   0.083   0.000   0.000   0.000   0.000   0.000   0.000 208309000
 3.34   3.38   22.868
 3.34   6.00    0.306    0.050
 3.34   6.00    0.356   23.073
 3.34   6.00    0.330    0.266   0.356   0.230
 3.34   6.00    0.333    0.240   0.356   0.204

 3.35   0.00    0.227    0.201   0.101   0.042   0.083   0.000   0.000   0.000   0.000   0.000   0.000 208932700
 3.35   3.38   22.856
 3.35   6.00    0.307    0.050
 3.35   6.00    0.356   23.115
 3.35   6.00    0.330    0.265   0.356   0.229
 3.35   6.00    0.333    0.239   0.356   0.203

 3.36   0.00    0.226    0.201   0.101   0.042   0.083   0.000   0.000   0.000   0.000   0.000   0.000 209556400
 3.36   3.37   22.843
 3.36   6.00    0.307    0.050
 3.36   6.00    0.357   23.157
 3.36   6.00    0.331    0.265   0.357   0.229
 3.36   6.00    0.334    0.239   0.357   0.203

 3.37   0.00    0.226    0.200   0.101   0.042   0.082   0.000   0.000   0.000   0.000   0.000   0.000 210180100
 3.37   3.37   22.831
 3.37   6.00    0.307    0.050
 3.37   6.00    0.357   23.199
 3.37   6.00    0.331    0.264   0.357   0.228
 3.37   6.00    0.334    0.238   0.357   0.202

 3.38   0.00    0.225    0.200   0.101   0.042   0.082   0.000   0.000   0.000   0.000   0.000   0.000 210803800
 3.38   3.37   22.819
 3.38   6.00    0.308    0.050
 3.38   6.00    0.358   23.242
 3.38   6.00    0.332    0.264   0.358   0.228
 3.38   6.00    0.335    0.238   0.358   0.202

 3.39   0.00    0.225    0.199   0.100   0.042   0.082   0.000   0.000   0.000   0.000   0.000   0.000 211427500
 3.39   3.37   22.807
 3.39   6.00    0.308    0.050
 3.39   6.00    0.358   23.284
 3.39   6.00    0.332    0.263   0.358   0.227
 3.39   6.00    0.335    0.238   0.358   0.201

 3.40   0.00    0.224    0.199   0.100   0.042   0.082   0.000   0.000   0.000   0.000   0.000   0.000 212051100
 3.40   3.37   22.796
 3.40   6.00    0.309    0.050
 3.40   6.00    0.359   23.327
 3.40   6.00    0.333    0.263   0.359   0.227
 3.40   6.00    0.336    0.237   0.359   0.201

 3.41   0.00    0.223    0.198   0.100   0.042   0.081   0.000   0.000   0.000   0.000   0.000   0.000 212674800
 3.41   3.37   22.784
 3.41   6.00    0.309    0.050
 3.41   6.00    0.359   23.369
 3.41   6.00    0.333    0.262   0.359   0.226
 3.41   6.00    0.336    0.237   0.359   0.200

 3.42   0.00    0.223    0.198   0.100   0.042   0.081   0.000   0.000   0.000   0.000   0.000   0.000 213298500
 3.42   3.37   22.773
 3.42   6.00    0.310    0.050
 3.42   6.00    0.359   23.412
 3.42   6.00    0.334    0.262   0.359   0.225
 3.42   6.00    0.337    0.236   0.359   0.200

 3.43   0.00    0.222    0.197   0.100   0.042   0.081   0.000   0.000   0.000   0.000   0.000   0.000 213922200
 3.43   3.36   22.761
 3.43   6.00    0.310    0.050
 3.43   6.00    0.360   23.454
 3.43   6.00    0.334    0.261   0.360   0.225
 3.43   6.00    0.337    0.236   0.360   0.199

 3.44   0.00    0.222    0.197   0.099   0.042   0.080   0.000   0.000   0.000   0.000   0.000   0.000 214545900
 3.44   3.37   22.777
 3.44   6.00    0.311    0.050
 3.44   6.00    0.360   23.523
 3.44   6.00    0.335    0.261   0.360   0.224
 3.44   6.00    0.338    0.236   0.360   0.199

 3.45   0.00    0.221    0.196   0.099   0.042   0.080   0.000   0.000   0.000   0.000   0.000   0.000 215169500
 3.45   3.37   22.767
 3.45   6.00    0.311    0.050
 3.45   6.00    0.361   23.565
 3.45   6.00    0.336    0.260   0.361   0.224
 3.45   6.00    0.338    0.235   0.361   0.199

 3.46   0.00    0.221    0.196   0.099   0.042   0.080   0.000   0.000   0.000   0.000   0.000   0.000 215793200
 3.46   3.36   22.756
 3.46   6.00    0.312    0.050
 3.46   6.00    0.362   23.608
 3.46   6.00    0.336    0.260   0.362   0.223
 3.46   6.00    0.339    0.235   0.362   0.198

 3.47   0.00    0.220    0.195   0.099   0.042   0.080   0.000   0.000   0.000   0.000   0.000   0.000 216416900
 3.47   3.36   22.746
 3.47   6.00    0.312    0.050
 3.47   6.00    0.362   23.651
 3.47   6.00    0.337    0.259   0.362   0.223
 3.47   6.00    0.339    0.234   0.362   0.198

 3.48   0.00    0.220    0.195   0.098   0.042   0.079   0.000   0.000   0.000   0.000   0.000   0.000 217040600
 3.48   3.36   22.736
 3.48   6.00    0.313    0.050
 3.48   6.00    0.363   23.694
 3.48   6.00    0.337    0.259   0.363   0.222
 3.48   6.00    0.340    0.234   0.363   0.197

 3.49   0.00    0.219    0.195   0.098   0.042   0.079   0.000   0.000   0.000   0.000   0.000   0.000 217664300
 3.49   3.36   22.726
 3.49   6.00    0.313    0.050
 3.49   6.00    0.363   23.736
 3.49   6.00    0.338    0.258   0.363   0.222
 3.49   6.00    0.341    0.234   0.363   0.197

 3.50   0.00    0.219    0.194   0.098   0.042   0.079   0.000   0.000   0.000   0.000   0.000   0.000 218287900
 3.50   3.36   22.716
 3.50   6.00    0.314    0.050
 3.50   6.00    0.364   23.779
 3.50   6.00    0.339    0.258   0.364   0.221
 3.50   6.00    0.341    0.233   0.364   0.196

 3.51   0.00    0.218    0.194   0.098   0.042   0.078   0.000   0.000   0.000   0.000   0.000   0.000 218911600
 3.51   3.36   22.706
 3.51   6.00    0.315    0.050
 3.51   6.00    0.364   23.822
 3.51   6.00    0.339    0.257   0.364   0.220
 3.51   6.00    0.342    0.233   0.364   0.196

 3.52   0.00    0.218    0.193   0.097   0.042   0.078   0.000   0.000   0.000   0.000   0.000   0.000 219535300
 3.52   3.36   22.697
 3.52   6.00    0.315    0.050
 3.52   6.00    0.365   23.865
 3.52   6.00    0.340    0.257   0.365   0.220
 3.52   6.00    0.342    0.232   0.365   0.195

 3.53   0.00    0.217    0.193   0.097   0.042   0.078   0.000   0.000   0.000   0.000   0.000   0.000 220159000
 3.53   3.36   22.687
 3.53   6.00    0.316    0.050
 3.53   6.00    0.365   23.908
 3.53   6.00    0.340    0.256   0.365   0.219
 3.53   6.00    0.343    0.232   0.365   0.195

 3.54   0.00    0.217    0.192   0.097   0.042   0.078   0.000   0.000   0.000   0.000   0.000   0.000 220782600
 3.54   3.36   22.678
 3.54   6.00    0.316    0.050
 3.54   6.00    0.366   23.951
 3.54   6.00    0.341    0.256   0.366   0.219
 3.54   6.00    0.344    0.232   0.366   0.195

 3.55   0.00    0.216    0.192   0.097   0.042   0.077   0.000   0.000   0.000   0.000   0.000   0.000 221406300
 3.55   3.36   22.669
 3.55   6.00    0.317    0.050
 3.55   6.00    0.366   23.994
 3.55   6.00    0.342    0.255   0.366   0.218
 3.55   6.00    0.344    0.231   0.366   0.194

 3.56   0.00    0.215    0.192   0.097   0.042   0.077   0.000   0.000   0.000   0.000   0.000   0.000 222030000
 3.56   3.36   22.660
 3.56   6.00    0.317    0.050
 3.56   6.00    0.367   24.037
 3.56   6.00    0.342    0.255   0.367   0.218
 3.56   6.00    0.345    0.231   0.367   0.194

 3.57   0.00    0.215    0.191   0.096   0.042   0.077   0.000   0.000   0.000   0.000   0.000   0.000 222653700
 3.57   3.36   22.652
 3.57   6.00    0.318    0.050
 3.57   6.00    0.367   24.080
 3.57   6.00    0.343    0.255   0.367   0.217
 3.57   6.00    0.345    0.231   0.367   0.193

 3.58   0.00    0.214    0.191   0.096   0.042   0.076   0.000   0.000   0.000   0.000   0.000   0.000 223277400
 3.58   3.36   22.643
 3.58   6.00    0.318    0.050
 3.58   6.00    0.368   24.123
 3.58   6.00    0.343    0.254   0.368   0.217
 3.58   6.00    0.346    0.230   0.368   0.193

 3.59   0.00    0.214    0.190   0.096   0.042   0.076   0.000   0.000   0.000   0.000   0.000   0.000 223901000
 3.59   3.36   22.669
 3.59   6.00    0.319    0.050
 3.59   6.00    0.369   24.167
 3.59   6.00    0.344    0.254   0.369   0.216
 3.59   6.00    0.346    0.230   0.369   0.192

 3.60   0.00    0.213    0.190   0.096   0.042   0.076   0.000   0.000   0.000   0.000   0.000   0.000 224524700
 3.60   3.37   22.716
 3.60   6.00    0.319    0.050
 3.60   6.00    0.369   24.210
 3.60   6.00    0.345    0.253   0.369   0.216
 3.60   6.00    0.347    0.230   0.369   0.192

 3.61   0.00    0.213    0.189   0.095   0.042   0.076   0.000   0.000   0.000   0.000   0.000   0.000 225148400
 3.61   3.37   22.764
 3.61   6.00    0.320    0.050
 3.61   6.00    0.370   24.253
 3.61   6.00    0.345    0.253   0.370   0.215
 3.61   6.00    0.348    0.229   0.370   0.192

 3.62   0.00    0.212    0.189   0.095   0.042   0.075   0.000   0.000   0.000   0.000   0.000   0.000 225772100
 3.62   3.38   22.811
 3.62   6.00    0.320    0.050
 3.62   6.00    0.370   24.296
 3.62   6.00    0.346    0.252   0.370   0.215
 3.62   6.00    0.348    0.229   0.370   0.191

 3.63   0.00    0.212    0.189   0.095   0.042   0.075   0.000   0.000   0.000   0.000   0.000   0.000 226395800
 3.63   3.38   22.859
 3.63   6.00    0.321    0.050
 3.63   6.00    0.371   24.340
 3.63   6.00    0.346    0.252   0.371   0.214
 3.63   6.00    0.349    0.228   0.371   0.191

 3.64   0.00    0.211    0.188   0.095   0.042   0.075   0.000   0.000   0.000   0.000   0.000   0.000 227019500
 3.64   3.39   22.907
 3.64   6.00    0.321    0.050
 3.64   6.00    0.371   24.383
 3.64   6.00    0.347    0.251   0.371   0.214
 3.64   6.00    0.349    0.228   0.371   0.190

 3.65   0.00    0.211    0.188   0.094   0.042   0.075   0.000   0.000   0.000   0.000   0.000   0.000 227643100
 3.65   3.39   22.954
 3.65   6.00    0.322    0.050
 3.65   6.00    0.372   24.426
 3.65   6.00    0.347    0.251   0.372   0.213
 3.65   6.00    0.350    0.228   0.372   0.190

 3.66   0.00    0.210    0.187   0.094   0.042   0.074   0.000   0.000   0.000   0.000   0.000   0.000 228266800
 3.66   3.40   23.002
 3.66   6.00    0.323    0.050
 3.66   6.00    0.372   24.470
 3.66   6.00    0.348    0.250   0.372   0.213
 3.66   6.00    0.350    0.227   0.372   0.190

 3.67   0.00    0.210    0.187   0.094   0.042   0.074   0.000   0.000   0.000   0.000   0.000   0.000 228890500
 3.67   3.40   23.049
 3.67   6.00    0.323    0.050
 3.67   6.00    0.373   24.513
 3.67   6.00    0.349    0.250   0.373   0.212
 3.67   6.00    0.351    0.227   0.373   0.189

 3.68   0.00    0.209    0.187   0.094   0.042   0.074   0.000   0.000   0.000   0.000   0.000   0.000 229514200
 3.68   3.41   23.097
 3.68   6.00    0.324    0.050
 3.68   6.00    0.373   24.557
 3.68   6.00    0.349    0.250   0.373   0.212
 3.68   6.00    0.352    0.227   0.373   0.189

 3.69   0.00    0.209    0.186   0.094   0.042   0.074   0.000   0.000   0.000   0.000   0.000   0.000 230137900
 3.69   3.41   23.145
 3.69   6.00    0.324    0.050
 3.69   6.00    0.374   24.600
 3.69   6.00    0.350    0.249   0.374   0.211
 3.69   6.00    0.352    0.226   0.374   0.188

 3.70   0.00    0.208    0.186   0.093   0.042   0.073   0.000   0.000   0.000   0.000   0.000   0.000 230761500
 3.70   3.42   23.193
 3.70   6.00    0.325    0.050
 3.70   6.00    0.374   24.644
 3.70   6.00    0.350    0.249   0.374   0.211
 3.70   6.00    0.353    0.226   0.374   0.188

 3.71   0.00    0.208    0.185   0.093   0.042   0.073   0.000   0.000   0.000   0.000   0.000   0.000 231385200
 3.71   3.42   23.240
 3.71   6.00    0.325    0.050
 3.71   6.00    0.375   24.687
 3.71   6.00    0.351    0.248   0.375   0.210
 3.71   6.00    0.353    0.226   0.375   0.188

 3.72   0.00    0.207    0.185   0.093   0.042   0.073   0.000   0.000   0.000   0.000   0.000   0.000 232008900
 3.72   3.43   23.288
 3.72   6.00    0.326    0.050
 3.72   6.00    0.376   24.731
 3.72   6.00    0.352    0.248   0.376   0.210
 3.72   6.00    0.354    0.225   0.376   0.187

 3.73   0.00    0.207    0.185   0.093   0.042   0.073   0.000   0.000   0.000   0.000   0.000   0.000 232632600
 3.73   3.43   23.336
 3.73   6.00    0.326    0.050
 3.73   6.00    0.376   24.775
 3.73   6.00    0.352    0.247   0.376   0.209
 3.73   6.00    0.354    0.225   0.376   0.187

 3.74   0.00    0.207    0.184   0.093   0.042   0.072   0.000   0.000   0.000   0.000   0.000   0.000 233256200
 3.74   3.44   23.384
 3.74   6.00    0.327    0.050
 3.74   6.00    0.377   24.818
 3.74   6.00    0.353    0.247   0.377   0.209
 3.74   6.00    0.355    0.225   0.377   0.186

 3.75   0.00    0.206    0.184   0.092   0.042   0.072   0.000   0.000   0.000   0.000   0.000   0.000 233879900
 3.75   3.44   23.431
 3.75   6.00    0.327    0.050
 3.75   6.00    0.377   24.862
 3.75   6.00    0.353    0.247   0.377   0.208
 3.75   6.00    0.356    0.224   0.377   0.186

 3.76   0.00    0.206    0.184   0.092   0.042   0.072   0.000   0.000   0.000   0.000   0.000   0.000 234503600
 3.76   3.45   23.479
 3.76   6.00    0.328    0.050
 3.76   6.00    0.378   24.906
 3.76   6.00    0.354    0.246   0.378   0.208
 3.76   6.00    0.356    0.224   0.378   0.186

 3.77   0.00    0.205    0.183   0.092   0.042   0.072   0.000   0.000   0.000   0.000   0.000   0.000 235127300
 3.77   3.45   23.527
 3.77   6.00    0.328    0.050
 3.77   6.00    0.378   24.949
 3.77   6.00    0.354    0.246   0.378   0.207
 3.77   6.00    0.357    0.224   0.378   0.185

 3.78   0.00    0.205    0.183   0.092   0.042   0.071   0.000   0.000   0.000   0.000   0.000   0.000 235751000
 3.78   3.46   23.575
 3.78   6.00    0.329    0.050
 3.78   6.00    0.379   24.993
 3.78   6.00    0.355    0.245   0.379   0.207
 3.78   6.00    0.357    0.223   0.379   0.185

 3.79   0.00    0.204    0.182   0.091   0.042   0.071   0.000   0.000   0.000   0.000   0.000   0.000 236374600
 3.79   3.46   23.623
 3.79   6.00    0.330    0.050
 3.79   6.00    0.379   25.037
 3.79   6.00    0.356    0.245   0.379   0.206
 3.79   6.00    0.358    0.223   0.379   0.184

 3.80   0.00    0.204    0.182   0.091   0.042   0.071   0.000   0.000   0.000   0.000   0.000   0.000 236998300
 3.80   3.47   23.671
 3.80   6.00    0.330    0.050
 3.80   6.00    0.380   25.081
 3.80   6.00    0.356    0.245   0.380   0.206
 3.80   6.00    0.358    0.223   0.380   0.184

 3.81   0.00    0.203    0.182   0.091   0.041   0.071   0.000   0.000   0.000   0.000   0.000   0.000 237622000
 3.81   3.47   23.719
 3.81   6.00    0.331    0.050
 3.81   6.00    0.380   25.125
 3.81   6.00    0.357    0.244   0.380   0.206
 3.81   6.00    0.359    0.222   0.380   0.184

 3.82   0.00    0.203    0.181   0.091   0.041   0.070   0.000   0.000   0.000   0.000   0.000   0.000 238245700
 3.82   3.48   23.767
 3.82   6.00    0.331    0.050
 3.82   6.00    0.381   25.169
 3.82   6.00    0.357    0.244   0.381   0.205
 3.82   6.00    0.360    0.222   0.381   0.183

 3.83   0.00    0.202    0.181   0.091   0.041   0.070   0.000   0.000   0.000   0.000   0.000   0.000 238869400
 3.83   3.48   23.815
 3.83   6.00    0.332    0.050
 3.83   6.00    0.382   25.274
 3.83   6.00    0.359    0.243   0.382   0.205
 3.83   6.00    0.361    0.222   0.382   0.183

 3.84   0.00    0.202    0.181   0.090   0.041   0.070   0.000   0.000   0.000   0.000   0.000   0.000 239493000
 3.84   3.49   23.863
 3.84   6.00    0.332    0.053
 3.84   6.00    0.385   25.502
 3.84   6.00    0.362    0.243   0.385   0.204
 3.84   6.00    0.364    0.222   0.385   0.183

 3.85   0.00    0.201    0.180   0.090   0.041   0.070   0.000   0.000   0.000   0.000   0.000   0.000 240116700
 3.85   3.49   23.911
 3.85   6.00    0.333    0.055
 3.85   6.00    0.388   25.726
 3.85   6.00    0.364    0.243   0.388   0.204
 3.85   6.00    0.367    0.222   0.388   0.182

 3.86   0.00    0.201    0.180   0.090   0.041   0.070   0.000   0.000   0.000   0.000   0.000   0.000 240740400
 3.86   3.50   23.959
 3.86   6.00    0.333    0.057
 3.86   6.00    0.391   25.948
 3.86   6.00    0.367    0.243   0.391   0.203
 3.86   6.00    0.369    0.222   0.391   0.182

 3.87   0.00    0.201    0.179   0.090   0.041   0.069   0.000   0.000   0.000   0.000   0.000   0.000 241364100
 3.87   3.50   24.007
 3.87   6.00    0.334    0.060
 3.87   6.00    0.393   26.167
 3.87   6.00    0.370    0.243   0.393   0.203
 3.87   6.00    0.372    0.222   0.393   0.181

 3.88   0.00    0.200    0.179   0.090   0.041   0.069   0.000   0.000   0.000   0.000   0.000   0.000 241987800
 3.88   3.51   24.055
 3.88   6.00    0.334    0.062
 3.88   6.00    0.396   26.382
 3.88   6.00    0.373    0.243   0.396   0.202
 3.88   6.00    0.375    0.221   0.396   0.181

 3.89   0.00    0.200    0.179   0.089   0.041   0.069   0.000   0.000   0.000   0.000   0.000   0.000 242611500
 3.89   3.51   24.103
 3.89   6.00    0.335    0.064
 3.89   6.00    0.399   26.595
 3.89   6.00    0.376    0.242   0.399   0.202
 3.89   6.00    0.378    0.221   0.399   0.181

 3.90   0.00    0.199    0.178   0.089   0.041   0.069   0.000   0.000   0.000   0.000   0.000   0.000 243235100
 3.90   3.52   24.151
 3.90   6.00    0.335    0.067
 3.90   6.00    0.402   26.805
 3.90   6.00    0.379    0.242   0.402   0.201
 3.90   6.00    0.381    0.221   0.402   0.180

 3.91   0.00    0.199    0.178   0.089   0.041   0.068   0.000   0.000   0.000   0.000   0.000   0.000 243858800
 3.91   3.52   24.199
 3.91   6.00    0.336    0.069
 3.91   6.00    0.405   27.012
 3.91   6.00    0.382    0.242   0.405   0.201
 3.91   6.00    0.384    0.221   0.405   0.180

 3.92   0.00    0.198    0.178   0.089   0.041   0.068   0.000   0.000   0.000   0.000   0.000   0.000 244482500
 3.92   3.53   24.248
 3.92   6.00    0.336    0.071
 3.92   6.00    0.408   27.216
 3.92   6.00    0.384    0.242   0.408   0.201
 3.92   6.00    0.387    0.221   0.408   0.179

 3.93   0.00    0.198    0.177   0.089   0.041   0.068   0.000   0.000   0.000   0.000   0.000   0.000 245106200
 3.93   3.54   24.296
 3.93   6.00    0.337    0.074
 3.93   6.00    0.410   27.418
 3.93   6.00    0.387    0.242   0.410   0.200
 3.93   6.00    0.390    0.221   0.410   0.179

 3.94   0.00    0.197    0.177   0.088   0.041   0.068   0.000   0.000   0.000   0.000   0.000   0.000 245729800
 3.94   3.54   24.344
 3.94   6.00    0.337    0.076
 3.94   6.00    0.413   27.617
 3.94   6.00    0.390    0.242   0.413   0.200
 3.94   6.00    0.392    0.221   0.413   0.179

 3.95   0.00    0.197    0.176   0.088   0.041   0.068   0.000   0.000   0.000   0.000   0.000   0.000 246353500
 3.95   3.55   24.392
 3.95   6.00    0.338    0.078
 3.95   6.00    0.416   27.813
 3.95   6.00    0.393    0.242   0.416   0.199
 3.95   6.00    0.395    0.221   0.416   0.178

 3.96   0.00    0.197    0.176   0.088   0.041   0.067   0.000   0.000   0.000   0.000   0.000   0.000 246977200
 3.96   3.55   24.440
 3.96   6.00    0.339    0.080
 3.96   6.00    0.419   28.007
 3.96   6.00    0.396    0.241   0.419   0.199
 3.96   6.00    0.398    0.221   0.419   0.178

 3.97   0.00    0.196    0.176   0.088   0.041   0.067   0.000   0.000   0.000   0.000   0.000   0.000 247600900
 3.97   3.56   24.489
 3.97   6.00    0.339    0.083
 3.97   6.00    0.422   28.198
 3.97   6.00    0.399    0.241   0.422   0.198
 3.97   6.00    0.401    0.221   0.422   0.178

 3.98   0.00    0.196    0.175   0.088   0.041   0.067   0.000   0.000   0.000   0.000   0.000   0.000 248224600
 3.98   3.56   24.537
 3.98   6.00    0.340    0.085
 3.98   6.00    0.425   28.387
 3.98   6.00    0.402    0.241   0.425   0.198
 3.98   6.00    0.404    0.221   0.425   0.177

 3.99   0.00    0.195    0.175   0.087   0.041   0.067   0.000   0.000   0.000   0.000   0.000   0.000 248848200
 3.99   3.57   24.585
 3.99   6.00    0.340    0.087
 3.99   6.00    0.427   28.574
 3.99   6.00    0.405    0.241   0.427   0.197
 3.99   6.00    0.407    0.221   0.427   0.177

 4.00   0.00    0.195    0.175   0.087   0.041   0.067   0.000   0.000   0.000   0.000   0.000   0.000 249471900
 4.00   3.57   24.634
 4.00   6.00    0.341    0.090
 4.00   6.00    0.430   28.758
 4.00   6.00    0.407    0.241   0.430   0.197
 4.00   6.00    0.410    0.220   0.430   0.176

 4.01   0.00    0.194    0.174   0.087   0.041   0.066   0.000   0.000   0.000   0.000   0.000   0.000 250095600
 4.01   3.58   24.682
 4.01   6.00    0.341    0.092
 4.01   6.00    0.433   28.940
 4.01   6.00    0.410    0.241   0.433   0.197
 4.01   6.00    0.412    0.220   0.433   0.176

 4.02   0.00    0.194    0.174   0.087   0.041   0.066   0.000   0.000   0.000   0.000   0.000   0.000 250719300
 4.02   3.58   24.730
 4.02   6.00    0.342    0.094
 4.02   6.00    0.436   29.120
 4.02   6.00    0.413    0.241   0.436   0.196
 4.02   6.00    0.415    0.220   0.436   0.176

 4.03   0.00    0.194    0.173   0.087   0.041   0.066   0.000   0.000   0.000   0.000   0.000   0.000 251343000
 4.03   3.59   24.779
 4.03   6.00    0.342    0.097
 4.03   6.00    0.439   29.298
 4.03   6.00    0.416    0.241   0.439   0.196
 4.03   6.00    0.418    0.220   0.439   0.175

 4.04   0.00    0.193    0.173   0.086   0.041   0.066   0.000   0.000   0.000   0.000   0.000   0.000 251966600
 4.04   3.59   24.827
 4.04   6.00    0.343    0.099
 4.04   6.00    0.442   29.473
 4.04   6.00    0.419    0.240   0.442   0.195
 4.04   6.00    0.421    0.220   0.442   0.175

 4.05   0.00    0.193    0.173   0.086   0.041   0.065   0.000   0.000   0.000   0.000   0.000   0.000 252590300
 4.05   3.60   24.875
 4.05   6.00    0.343    0.101
 4.05   6.00    0.444   29.647
 4.05   6.00    0.422    0.240   0.444   0.195
 4.05   6.00    0.424    0.220   0.444   0.175

 4.06   0.00    0.192    0.172   0.086   0.041   0.065   0.000   0.000   0.000   0.000   0.000   0.000 253214000
 4.06   3.60   24.924
 4.06   6.00    0.344    0.103
 4.06   6.00    0.447   29.818
 4.06   6.00    0.425    0.240   0.447   0.194
 4.06   6.00    0.427    0.220   0.447   0.174

 4.07   0.00    0.192    0.172   0.086   0.041   0.065   0.000   0.000   0.000   0.000   0.000   0.000 253837700
 4.07   3.61   24.972
 4.07   6.00    0.344    0.106
 4.07   6.00    0.450   29.987
 4.07   6.00    0.427    0.240   0.450   0.194
 4.07   6.00    0.430    0.220   0.450   0.174

 4.08   0.00    0.192    0.172   0.086   0.041   0.065   0.000   0.000   0.000   0.000   0.000   0.000 254461400
 4.08   3.61   25.021
 4.08   6.00    0.345    0.108
 4.08   6.00    0.453   30.155
 4.08   6.00    0.430    0.240   0.453   0.194
 4.08   6.00    0.432    0.220   0.453   0.174

 4.09   0.00    0.191    0.171   0.085   0.041   0.065   0.000   0.000   0.000   0.000   0.000   0.000 255085000
 4.09   3.62   25.069
 4.09   6.00    0.345    0.110
 4.09   6.00    0.456   30.320
 4.09   6.00    0.433    0.240   0.456   0.193
 4.09   6.00    0.435    0.220   0.456   0.173

 4.10   0.00    0.191    0.171   0.085   0.041   0.064   0.000   0.000   0.000   0.000   0.000   0.000 255708700
 4.10   3.62   25.118
 4.10   6.00    0.346    0.113
 4.10   6.00    0.459   30.483
 4.10   6.00    0.436    0.240   0.459   0.193
 4.10   6.00    0.438    0.220   0.459   0.173

 4.11   0.00    0.190    0.171   0.085   0.041   0.064   0.000   0.000   0.000   0.000   0.000   0.000 256332400
 4.11   3.63   25.166
 4.11   6.00    0.347    0.115
 4.11   6.00    0.461   30.645
 4.11   6.00    0.439    0.240   0.461   0.192
 4.11   6.00    0.441    0.220   0.461   0.173

 4.12   0.00    0.190    0.170   0.085   0.041   0.064   0.000   0.000   0.000   0.000   0.000   0.000 256956100
 4.12   3.63   25.215
 4.12   6.00    0.347    0.117
 4.12   6.00    0.464   30.805
 4.12   6.00    0.442    0.239   0.464   0.192
 4.12   6.00    0.444    0.220   0.464   0.172

 4.13   0.00    0.190    0.170   0.085   0.041   0.064   0.000   0.000   0.000   0.000   0.000   0.000 257579800
 4.13   3.64   25.263
 4.13   6.00    0.348    0.120
 4.13   6.00    0.467   30.962
 4.13   6.00    0.445    0.239   0.467   0.192
 4.13   6.00    0.447    0.220   0.467   0.172

 4.14   0.00    0.189    0.170   0.084   0.041   0.064   0.000   0.000   0.000   0.000   0.000   0.000 258203400
 4.14   3.64   25.312
 4.14   6.00    0.348    0.122
 4.14   6.00    0.470   31.119
 4.14   6.00    0.447    0.239   0.470   0.191
 4.14   6.00    0.449    0.220   0.470   0.172

 4.15   0.00    0.189    0.169   0.084   0.041   0.063   0.000   0.000   0.000   0.000   0.000   0.000 258827100
 4.15   3.65   25.361
 4.15   6.00    0.349    0.124
 4.15   6.00    0.473   31.273
 4.15   6.00    0.450    0.239   0.473   0.191
 4.15   6.00    0.452    0.220   0.473   0.171

 4.16   0.00    0.188    0.169   0.084   0.041   0.063   0.000   0.000   0.000   0.000   0.000   0.000 259450800
 4.16   3.65   25.409
 4.16   6.00    0.349    0.126
 4.16   6.00    0.476   31.426
 4.16   6.00    0.453    0.239   0.476   0.190
 4.16   6.00    0.455    0.220   0.476   0.171

 4.17   0.00    0.188    0.169   0.084   0.041   0.063   0.000   0.000   0.000   0.000   0.000   0.000 260074500
 4.17   3.66   25.458
 4.17   6.00    0.350    0.129
 4.17   6.00    0.478   31.577
 4.17   6.00    0.456    0.239   0.478   0.190
 4.17   6.00    0.458    0.220   0.478   0.170

 4.18   0.00    0.188    0.168   0.084   0.041   0.063   0.000   0.000   0.000   0.000   0.000   0.000 260698100
 4.18   3.66   25.506
 4.18   6.00    0.350    0.131
 4.18   6.00    0.481   31.726
 4.18   6.00    0.459    0.239   0.481   0.190
 4.18   6.00    0.461    0.220   0.481   0.170

 4.19   0.00    0.187    0.168   0.084   0.041   0.063   0.000   0.000   0.000   0.000   0.000   0.000 261321800
 4.19   3.67   25.555
 4.19   6.00    0.351    0.133
 4.19   6.00    0.484   31.874
 4.19   6.00    0.462    0.239   0.484   0.189
 4.19   6.00    0.464    0.220   0.484   0.170

 4.20   0.00    0.187    0.168   0.083   0.041   0.063   0.000   0.000   0.000   0.000   0.000   0.000 261945500
 4.20   3.67   25.604
 4.20   6.00    0.351    0.136
 4.20   6.00    0.487   32.020
 4.20   6.00    0.465    0.239   0.487   0.189
 4.20   6.00    0.467    0.219   0.487   0.169

 4.21   0.00    0.186    0.167   0.083   0.041   0.062   0.000   0.000   0.000   0.000   0.000   0.000 262569200
 4.21   3.68   25.653
 4.21   6.00    0.352    0.138
 4.21   6.00    0.490   32.164
 4.21   6.00    0.467    0.239   0.490   0.188
 4.21   6.00    0.469    0.219   0.490   0.169

 4.22   0.00    0.186    0.167   0.083   0.041   0.062   0.000   0.000   0.000   0.000   0.000   0.000 263192900
 4.22   3.68   25.701
 4.22   6.00    0.352    0.140
 4.22   6.00    0.493   32.307
 4.22   6.00    0.470    0.238   0.493   0.188
 4.22   6.00    0.472    0.219   0.493   0.169

 4.23   0.00    0.186    0.167   0.083   0.041   0.062   0.000   0.000   0.000   0.000   0.000   0.000 263816600
 4.23   3.69   25.740
 4.23   6.00    0.353    0.143
 4.23   6.00    0.495   32.443
 4.23   6.00    0.473    0.238   0.495   0.188
 4.23   6.00    0.475    0.219   0.495   0.169

 4.24   0.00    0.185    0.166   0.083   0.041   0.062   0.000   0.000   0.000   0.000   0.000   0.000 264440200
 4.24   3.68   25.762
 4.24   6.00    0.353    0.145
 4.24   6.00    0.497   32.572
 4.24   6.00    0.475    0.238   0.497   0.187
 4.24   6.00    0.477    0.219   0.497   0.168

 4.25   0.00    0.185    0.166   0.082   0.041   0.062   0.000   0.000   0.000   0.000   0.000   0.000 265063900
 4.25   3.68   25.784
 4.25   6.00    0.352    0.147
 4.25   6.00    0.500   32.700
 4.25   6.00    0.477    0.238   0.500   0.187
 4.25   6.00    0.479    0.219   0.500   0.168

 4.26   0.00    0.184    0.166   0.082   0.041   0.061   0.000   0.000   0.000   0.000   0.000   0.000 265687600
 4.26   3.68   25.806
 4.26   6.00    0.352    0.149
 4.26   6.00    0.502   32.826
 4.26   6.00    0.479    0.238   0.502   0.186
 4.26   6.00    0.481    0.219   0.502   0.168

 4.27   0.00    0.184    0.165   0.082   0.041   0.061   0.000   0.000   0.000   0.000   0.000   0.000 266311300
 4.27   3.68   25.827
 4.27   6.00    0.352    0.152
 4.27   6.00    0.504   32.951
 4.27   6.00    0.482    0.238   0.504   0.186
 4.27   6.00    0.484    0.219   0.504   0.167

 4.28   0.00    0.184    0.165   0.082   0.041   0.061   0.000   0.000   0.000   0.000   0.000   0.000 266935000
 4.28   3.68   25.848
 4.28   6.00    0.352    0.154
 4.28   6.00    0.506   33.075
 4.28   6.00    0.484    0.238   0.506   0.186
 4.28   6.00    0.486    0.219   0.506   0.167

 4.29   0.00    0.183    0.165   0.082   0.041   0.061   0.000   0.000   0.000   0.000   0.000   0.000 267558600
 4.29   3.68   25.869
 4.29   6.00    0.352    0.156
 4.29   6.00    0.508   33.198
 4.29   6.00    0.486    0.237   0.508   0.185
 4.29   6.00    0.488    0.219   0.508   0.167

 4.30   0.00    0.183    0.164   0.082   0.041   0.061   0.000   0.000   0.000   0.000   0.000   0.000 268182300
 4.30   3.67   25.890
 4.30   6.00    0.352    0.159
 4.30   6.00    0.510   33.319
 4.30   6.00    0.488    0.237   0.510   0.185
 4.30   6.00    0.490    0.219   0.510   0.166

 4.31   0.00    0.183    0.164   0.081   0.041   0.060   0.000   0.000   0.000   0.000   0.000   0.000 268806000
 4.31   3.67   25.910
 4.31   6.00    0.351    0.161
 4.31   6.00    0.512   33.439
 4.31   6.00    0.490    0.237   0.512   0.185
 4.31   6.00    0.492    0.219   0.512   0.166

 4.32   0.00    0.182    0.164   0.081   0.041   0.060   0.000   0.000   0.000   0.000   0.000   0.000 269429700
 4.32   3.67   25.930
 4.32   6.00    0.351    0.163
 4.32   6.00    0.514   33.558
 4.32   6.00    0.492    0.237   0.514   0.184
 4.32   6.00    0.494    0.218   0.514   0.166

 4.33   0.00    0.182    0.164   0.081   0.041   0.060   0.000   0.000   0.000   0.000   0.000   0.000 270053300
 4.33   3.67   25.949
 4.33   6.00    0.351    0.166
 4.33   6.00    0.517   33.675
 4.33   6.00    0.495    0.237   0.517   0.184
 4.33   6.00    0.496    0.218   0.517   0.165

 4.34   0.00    0.181    0.163   0.081   0.041   0.060   0.000   0.000   0.000   0.000   0.000   0.000 270677100
 4.34   3.67   25.969
 4.34   6.00    0.351    0.168
 4.34   6.00    0.519   33.792
 4.34   6.00    0.497    0.237   0.519   0.183
 4.34   6.00    0.499    0.218   0.519   0.165

 4.35   0.00    0.181    0.163   0.081   0.041   0.060   0.000   0.000   0.000   0.000   0.000   0.000 271300700
 4.35   3.67   25.988
 4.35   6.00    0.351    0.170
 4.35   6.00    0.521   33.907
 4.35   6.00    0.499    0.237   0.521   0.183
 4.35   6.00    0.501    0.218   0.521   0.165

 4.36   0.00    0.181    0.163   0.080   0.041   0.060   0.000   0.000   0.000   0.000   0.000   0.000 271924400
 4.36   3.66   26.007
 4.36   6.00    0.350    0.173
 4.36   6.00    0.523   34.021
 4.36   6.00    0.501    0.236   0.523   0.183
 4.36   6.00    0.503    0.218   0.523   0.164

 4.37   0.00    0.180    0.162   0.080   0.041   0.059   0.000   0.000   0.000   0.000   0.000   0.000 272548100
 4.37   3.66   26.025
 4.37   6.00    0.350    0.175
 4.37   6.00    0.525   34.134
 4.37   6.00    0.503    0.236   0.525   0.182
 4.37   6.00    0.505    0.218   0.525   0.164

 4.38   0.00    0.180    0.162   0.080   0.041   0.059   0.000   0.000   0.000   0.000   0.000   0.000 273171700
 4.38   3.66   26.043
 4.38   6.00    0.350    0.177
 4.38   6.00    0.527   34.246
 4.38   6.00    0.505    0.236   0.527   0.182
 4.38   6.00    0.507    0.218   0.527   0.164

 4.39   0.00    0.180    0.162   0.080   0.041   0.059   0.000   0.000   0.000   0.000   0.000   0.000 273795400
 4.39   3.66   26.061
 4.39   6.00    0.350    0.179
 4.39   6.00    0.529   34.357
 4.39   6.00    0.507    0.236   0.529   0.182
 4.39   6.00    0.509    0.218   0.529   0.163

 4.40   0.00    0.179    0.161   0.080   0.041   0.059   0.000   0.000   0.000   0.000   0.000   0.000 274419100
 4.40   3.66   26.079
 4.40   6.00    0.350    0.182
 4.40   6.00    0.531   34.467
 4.40   6.00    0.510    0.236   0.531   0.181
 4.40   6.00    0.512    0.218   0.531   0.163

 4.41   0.00    0.179    0.161   0.080   0.041   0.059   0.000   0.000   0.000   0.000   0.000   0.000 275042800
 4.41   3.66   26.097
 4.41   6.00    0.350    0.184
 4.41   6.00    0.534   34.576
 4.41   6.00    0.512    0.236   0.534   0.181
 4.41   6.00    0.514    0.218   0.534   0.163

 4.42   0.00    0.179    0.161   0.079   0.041   0.059   0.000   0.000   0.000   0.000   0.000   0.000 275666500
 4.42   3.65   26.114
 4.42   6.00    0.349    0.186
 4.42   6.00    0.536   34.683
 4.42   6.00    0.514    0.236   0.536   0.181
 4.42   6.00    0.516    0.218   0.536   0.163

 4.43   0.00    0.178    0.161   0.079   0.041   0.058   0.000   0.000   0.000   0.000   0.000   0.000 276290100
 4.43   3.65   26.131
 4.43   6.00    0.349    0.189
 4.43   6.00    0.538   34.790
 4.43   6.00    0.516    0.235   0.538   0.180
 4.43   6.00    0.518    0.218   0.538   0.162

 4.44   0.00    0.178    0.160   0.079   0.041   0.058   0.000   0.000   0.000   0.000   0.000   0.000 276913800
 4.44   3.65   26.148
 4.44   6.00    0.349    0.191
 4.44   6.00    0.540   34.896
 4.44   6.00    0.518    0.235   0.540   0.180
 4.44   6.00    0.520    0.218   0.540   0.162

 4.45   0.00    0.177    0.160   0.079   0.041   0.058   0.000   0.000   0.000   0.000   0.000   0.000 277537500
 4.45   3.65   26.164
 4.45   6.00    0.349    0.193
 4.45   6.00    0.542   35.000
 4.45   6.00    0.520    0.235   0.542   0.179
 4.45   6.00    0.522    0.218   0.542   0.162

 4.46   0.00    0.177    0.160   0.079   0.041   0.058   0.000   0.000   0.000   0.000   0.000   0.000 278161200
 4.46   3.65   26.180
 4.46   6.00    0.349    0.196
 4.46   6.00    0.544   35.104
 4.46   6.00    0.523    0.235   0.544   0.179
 4.46   6.00    0.524    0.218   0.544   0.162

 4.47   0.00    0.177    0.160   0.079   0.041   0.058   0.000   0.000   0.000   0.000   0.000   0.000 278784900
 4.47   3.65   26.196
 4.47   6.00    0.348    0.198
 4.47   6.00    0.546   35.207
 4.47   6.00    0.525    0.235   0.546   0.179
 4.47   6.00    0.526    0.218   0.546   0.161

 4.48   0.00    0.176    0.159   0.078   0.041   0.058   0.000   0.000   0.000   0.000   0.000   0.000 279408500
 4.48   3.64   26.212
 4.48   6.00    0.348    0.200
 4.48   6.00    0.548   35.308
 4.48   6.00    0.527    0.235   0.548   0.178
 4.48   6.00    0.529    0.217   0.548   0.161

 4.49   0.00    0.176    0.159   0.078   0.041   0.057   0.000   0.000   0.000   0.000   0.000   0.000 280032200
 4.49   3.64   26.228
 4.49   6.00    0.348    0.202
 4.49   6.00    0.551   35.409
 4.49   6.00    0.529    0.235   0.551   0.178
 4.49   6.00    0.531    0.217   0.551   0.161

 4.50   0.00    0.176    0.159   0.078   0.041   0.057   0.000   0.000   0.000   0.000   0.000   0.000 280655900
 4.50   3.64   26.243
 4.50   6.00    0.348    0.205
 4.50   6.00    0.553   35.509
 4.50   6.00    0.531    0.234   0.553   0.178
 4.50   6.00    0.533    0.217   0.553   0.160

 4.51   0.00    0.175    0.158   0.078   0.040   0.057   0.000   0.000   0.000   0.000   0.000   0.000 281279600
 4.51   3.64   26.258
 4.51   6.00    0.348    0.207
 4.51   6.00    0.555   35.608
 4.51   6.00    0.533    0.234   0.555   0.177
 4.51   6.00    0.535    0.217   0.555   0.160

 4.52   0.00    0.175    0.158   0.078   0.040   0.057   0.000   0.000   0.000   0.000   0.000   0.000 281903300
 4.52   3.64   26.273
 4.52   6.00    0.348    0.209
 4.52   6.00    0.557   35.706
 4.52   6.00    0.535    0.234   0.557   0.177
 4.52   6.00    0.537    0.217   0.557   0.160

 4.53   0.00    0.175    0.158   0.078   0.040   0.057   0.000   0.000   0.000   0.000   0.000   0.000 282527000
 4.53   3.63   26.288
 4.53   6.00    0.347    0.212
 4.53   6.00    0.559   35.803
 4.53   6.00    0.538    0.234   0.559   0.177
 4.53   6.00    0.539    0.217   0.559   0.160

 4.54   0.00    0.174    0.158   0.077   0.040   0.057   0.000   0.000   0.000   0.000   0.000   0.000 283150600
 4.54   3.63   26.302
 4.54   6.00    0.347    0.214
 4.54   6.00    0.561   35.899
 4.54   6.00    0.540    0.234   0.561   0.176
 4.54   6.00    0.541    0.217   0.561   0.159

 4.55   0.00    0.174    0.157   0.077   0.040   0.056   0.000   0.000   0.000   0.000   0.000   0.000 283774300
 4.55   3.63   26.317
 4.55   6.00    0.347    0.216
 4.55   6.00    0.563   35.994
 4.55   6.00    0.542    0.234   0.563   0.176
 4.55   6.00    0.544    0.217   0.563   0.159

 4.56   0.00    0.174    0.157   0.077   0.040   0.056   0.000   0.000   0.000   0.000   0.000   0.000 284398000
 4.56   3.63   26.331
 4.56   6.00    0.347    0.219
 4.56   6.00    0.565   36.089
 4.56   6.00    0.544    0.234   0.565   0.176
 4.56   6.00    0.546    0.217   0.565   0.159

 4.57   0.00    0.173    0.157   0.077   0.040   0.056   0.000   0.000   0.000   0.000   0.000   0.000 285021700
 4.57   3.63   26.344
 4.57   6.00    0.347    0.221
 4.57   6.00    0.568   36.182
 4.57   6.00    0.546    0.234   0.568   0.175
 4.57   6.00    0.548    0.217   0.568   0.159

 4.58   0.00    0.173    0.157   0.077   0.040   0.056   0.000   0.000   0.000   0.000   0.000   0.000 285645300
 4.58   3.63   26.358
 4.58   6.00    0.346    0.223
 4.58   6.00    0.570   36.275
 4.58   6.00    0.548    0.234   0.570   0.175
 4.58   6.00    0.550    0.217   0.570   0.158

 4.59   0.00    0.173    0.156   0.077   0.040   0.056   0.000   0.000   0.000   0.000   0.000   0.000 286269000
 4.59   3.62   26.371
 4.59   6.00    0.346    0.225
 4.59   6.00    0.572   36.367
 4.59   6.00    0.550    0.233   0.572   0.175
 4.59   6.00    0.552    0.217   0.572   0.158

 4.60   0.00    0.172    0.156   0.076   0.040   0.056   0.000   0.000   0.000   0.000   0.000   0.000 286892700
 4.60   3.62   26.385
 4.60   6.00    0.346    0.228
 4.60   6.00    0.574   36.458
 4.60   6.00    0.553    0.233   0.574   0.174
 4.60   6.00    0.554    0.217   0.574   0.158

 4.61   0.00    0.172    0.156   0.076   0.040   0.055   0.000   0.000   0.000   0.000   0.000   0.000 287516400
 4.61   3.62   26.398
 4.61   6.00    0.346    0.230
 4.61   6.00    0.576   36.549
 4.61   6.00    0.555    0.233   0.576   0.174
 4.61   6.00    0.556    0.217   0.576   0.158

 4.62   0.00    0.172    0.156   0.076   0.040   0.055   0.000   0.000   0.000   0.000   0.000   0.000 288140100
 4.62   3.62   26.411
 4.62   6.00    0.346    0.232
 4.62   6.00    0.578   36.638
 4.62   6.00    0.557    0.233   0.578   0.174
 4.62   6.00    0.558    0.217   0.578   0.157

 4.63   0.00    0.171    0.155   0.076   0.040   0.055   0.000   0.000   0.000   0.000   0.000   0.000 288763700
 4.63   3.62   26.423
 4.63   6.00    0.346    0.235
 4.63   6.00    0.580   36.727
 4.63   6.00    0.559    0.233   0.580   0.173
 4.63   6.00    0.561    0.217   0.580   0.157

 4.64   0.00    0.171    0.155   0.076   0.040   0.055   0.000   0.000   0.000   0.000   0.000   0.000 289387400
 4.64   3.62   26.436
 4.64   6.00    0.345    0.237
 4.64   6.00    0.582   36.815
 4.64   6.00    0.561    0.233   0.582   0.173
 4.64   6.00    0.563    0.217   0.582   0.157

 4.65   0.00    0.171    0.155   0.076   0.040   0.055   0.000   0.000   0.000   0.000   0.000   0.000 290011100
 4.65   3.61   26.448
 4.65   6.00    0.345    0.239
 4.65   6.00    0.584   36.902
 4.65   6.00    0.563    0.233   0.584   0.173
 4.65   6.00    0.565    0.217   0.584   0.157

 4.66   0.00    0.170    0.155   0.075   0.040   0.055   0.000   0.000   0.000   0.000   0.000   0.000 290634800
 4.66   3.61   26.460
 4.66   6.00    0.345    0.242
 4.66   6.00    0.587   36.989
 4.66   6.00    0.565    0.233   0.587   0.172
 4.66   6.00    0.567    0.217   0.587   0.156

 4.67   0.00    0.170    0.154   0.075   0.040   0.054   0.000   0.000   0.000   0.000   0.000   0.000 291258500
 4.67   3.61   26.472
 4.67   6.00    0.345    0.244
 4.67   6.00    0.589   37.074
 4.67   6.00    0.567    0.233   0.589   0.172
 4.67   6.00    0.569    0.217   0.589   0.156

 4.68   0.00    0.170    0.154   0.075   0.040   0.054   0.000   0.000   0.000   0.000   0.000   0.000 291882100
 4.68   3.61   26.483
 4.68   6.00    0.345    0.246
 4.68   6.00    0.591   37.159
 4.68   6.00    0.570    0.232   0.591   0.172
 4.68   6.00    0.571    0.217   0.591   0.156

 4.69   0.00    0.169    0.154   0.075   0.040   0.054   0.000   0.000   0.000   0.000   0.000   0.000 292505800
 4.69   3.61   26.495
 4.69   6.00    0.344    0.248
 4.69   6.00    0.593   37.244
 4.69   6.00    0.572    0.232   0.593   0.171
 4.69   6.00    0.573    0.217   0.593   0.156

 4.70   0.00    0.169    0.154   0.075   0.040   0.054   0.000   0.000   0.000   0.000   0.000   0.000 293129500
 4.70   3.60   26.506
 4.70   6.00    0.344    0.251
 4.70   6.00    0.595   37.327
 4.70   6.00    0.574    0.232   0.595   0.171
 4.70   6.00    0.576    0.217   0.595   0.155

 4.71   0.00    0.169    0.153   0.075   0.040   0.054   0.000   0.000   0.000   0.000   0.000   0.000 293753200
 4.71   3.60   26.518
 4.71   6.00    0.344    0.253
 4.71   6.00    0.597   37.410
 4.71   6.00    0.576    0.232   0.597   0.171
 4.71   6.00    0.578    0.217   0.597   0.155

 4.72   0.00    0.168    0.153   0.074   0.040   0.054   0.000   0.000   0.000   0.000   0.000   0.000 294376900
 4.72   3.60   26.528
 4.72   6.00    0.344    0.255
 4.72   6.00    0.599   37.492
 4.72   6.00    0.578    0.232   0.599   0.170
 4.72   6.00    0.580    0.217   0.599   0.155

 4.73   0.00    0.168    0.153   0.074   0.040   0.054   0.000   0.000   0.000   0.000   0.000   0.000 295000500
 4.73   3.60   26.539
 4.73   6.00    0.344    0.258
 4.73   6.00    0.601   37.573
 4.73   6.00    0.580    0.232   0.601   0.170
 4.73   6.00    0.582    0.217   0.601   0.155

 4.74   0.00    0.168    0.153   0.074   0.040   0.053   0.000   0.000   0.000   0.000   0.000   0.000 295624200
 4.74   3.60   26.550
 4.74   6.00    0.343    0.260
 4.74   6.00    0.603   37.654
 4.74   6.00    0.582    0.232   0.603   0.170
 4.74   6.00    0.584    0.216   0.603   0.154

 4.75   0.00    0.167    0.152   0.074   0.040   0.053   0.000   0.000   0.000   0.000   0.000   0.000 296247900
 4.75   3.60   26.560
 4.75   6.00    0.343    0.262
 4.75   6.00    0.606   37.734
 4.75   6.00    0.585    0.232   0.606   0.169
 4.75   6.00    0.586    0.216   0.606   0.154

 4.76   0.00    0.167    0.152   0.074   0.040   0.053   0.000   0.000   0.000   0.000   0.000   0.000 296871600
 4.76   3.59   26.571
 4.76   6.00    0.343    0.265
 4.76   6.00    0.608   37.814
 4.76   6.00    0.587    0.232   0.608   0.169
 4.76   6.00    0.588    0.216   0.608   0.154

 4.77   0.00    0.167    0.152   0.074   0.040   0.053   0.000   0.000   0.000   0.000   0.000   0.000 297495300
 4.77   3.59   26.581
 4.77   6.00    0.343    0.267
 4.77   6.00    0.610   37.893
 4.77   6.00    0.589    0.231   0.610   0.169
 4.77   6.00    0.590    0.216   0.610   0.154

 4.78   0.00    0.167    0.152   0.074   0.040   0.053   0.000   0.000   0.000   0.000   0.000   0.000 298118900
 4.78   3.59   26.591
 4.78   6.00    0.343    0.269
 4.78   6.00    0.612   37.971
 4.78   6.00    0.591    0.231   0.612   0.168
 4.78   6.00    0.593    0.216   0.612   0.153

 4.79   0.00    0.166    0.151   0.073   0.040   0.053   0.000   0.000   0.000   0.000   0.000   0.000 298742600
 4.79   3.59   26.601
 4.79   6.00    0.343    0.270
 4.79   6.00    0.613   38.010
 4.79   6.00    0.592    0.231   0.613   0.168
 4.79   6.00    0.593    0.216   0.613   0.153

 4.80   0.00    0.166    0.151   0.073   0.040   0.052   0.000   0.000   0.000   0.000   0.000   0.000 299366300
 4.80   3.59   26.610
 4.80   6.00    0.342    0.270
 4.80   6.00    0.613   38.027
 4.80   6.00    0.592    0.231   0.613   0.168
 4.80   6.00    0.593    0.216   0.613   0.153

 4.81   0.00    0.166    0.151   0.073   0.040   0.052   0.000   0.000   0.000   0.000   0.000   0.000 299990000
 4.81   3.58   26.620
 4.81   6.00    0.342    0.271
 4.81   6.00    0.613   38.043
 4.81   6.00    0.592    0.231   0.613   0.167
 4.81   6.00    0.594    0.216   0.613   0.153

 4.82   0.00    0.165    0.151   0.073   0.040   0.052   0.000   0.000   0.000   0.000   0.000   0.000 300613700
 4.82   3.58   26.629
 4.82   6.00    0.342    0.271
 4.82   6.00    0.613   38.060
 4.82   6.00    0.592    0.230   0.613   0.167
 4.82   6.00    0.594    0.215   0.613   0.152

 4.83   0.00    0.165    0.150   0.073   0.040   0.052   0.000   0.000   0.000   0.000   0.000   0.000 301237300
 4.83   3.58   26.638
 4.83   6.00    0.342    0.271
 4.83   6.00    0.613   38.077
 4.83   6.00    0.592    0.230   0.613   0.167
 4.83   6.00    0.594    0.215   0.613   0.152

 4.84   0.00    0.165    0.150   0.073   0.040   0.052   0.000   0.000   0.000   0.000   0.000   0.000 301861000
 4.84   3.58   26.647
 4.84   6.00    0.342    0.271
 4.84   6.00    0.613   38.094
 4.84   6.00    0.592    0.230   0.613   0.166
 4.84   6.00    0.594    0.215   0.613   0.152

 4.85   0.00    0.164    0.150   0.072   0.040   0.052   0.000   0.000   0.000   0.000   0.000   0.000 302484700
 4.85   3.58   26.656
 4.85   6.00    0.341    0.272
 4.85   6.00    0.613   38.110
 4.85   6.00    0.592    0.229   0.613   0.166
 4.85   6.00    0.594    0.215   0.613   0.152

 4.86   0.00    0.164    0.150   0.072   0.040   0.052   0.000   0.000   0.000   0.000   0.000   0.000 303108400
 4.86   3.58   26.665
 4.86   6.00    0.341    0.272
 4.86   6.00    0.613   38.127
 4.86   6.00    0.592    0.229   0.613   0.166
 4.86   6.00    0.594    0.215   0.613   0.151

 4.87   0.00    0.164    0.149   0.072   0.040   0.051   0.000   0.000   0.000   0.000   0.000   0.000 303732100
 4.87   3.57   26.674
 4.87   6.00    0.341    0.272
 4.87   6.00    0.613   38.143
 4.87   6.00    0.593    0.229   0.613   0.166
 4.87   6.00    0.594    0.214   0.613   0.151

 4.88   0.00    0.163    0.149   0.072   0.040   0.051   0.000   0.000   0.000   0.000   0.000   0.000 304355700
 4.88   3.57   26.682
 4.88   6.00    0.341    0.273
 4.88   6.00    0.613   38.159
 4.88   6.00    0.593    0.228   0.613   0.165
 4.88   6.00    0.594    0.214   0.613   0.151

 4.89   0.00    0.163    0.149   0.072   0.040   0.051   0.000   0.000   0.000   0.000   0.000   0.000 304979400
 4.89   3.57   26.691
 4.89   6.00    0.341    0.273
 4.89   6.00    0.613   38.176
 4.89   6.00    0.593    0.228   0.613   0.165
 4.89   6.00    0.594    0.214   0.613   0.151

 4.90   0.00    0.163    0.149   0.072   0.040   0.051   0.000   0.000   0.000   0.000   0.000   0.000 305603100
 4.90   3.57   26.699
 4.90   6.00    0.340    0.273
 4.90   6.00    0.613   38.192
 4.90   6.00    0.593    0.228   0.613   0.165
 4.90   6.00    0.594    0.214   0.613   0.150

 4.91   0.00    0.162    0.148   0.072   0.040   0.051   0.000   0.000   0.000   0.000   0.000   0.000 306226800
 4.91   3.57   26.707
 4.91   6.00    0.340    0.273
 4.91   6.00    0.614   38.208
 4.91   6.00    0.593    0.228   0.614   0.164
 4.91   6.00    0.595    0.213   0.614   0.150

 4.92   0.00    0.162    0.148   0.071   0.040   0.051   0.000   0.000   0.000   0.000   0.000   0.000 306850500
 4.92   3.56   26.715
 4.92   6.00    0.340    0.274
 4.92   6.00    0.614   38.224
 4.92   6.00    0.593    0.227   0.614   0.164
 4.92   6.00    0.595    0.213   0.614   0.150

 4.93   0.00    0.162    0.148   0.071   0.040   0.051   0.000   0.000   0.000   0.000   0.000   0.000 307474100
 4.93   3.56   26.722
 4.93   6.00    0.340    0.274
 4.93   6.00    0.614   38.240
 4.93   6.00    0.593    0.227   0.614   0.164
 4.93   6.00    0.595    0.213   0.614   0.150

 4.94   0.00    0.162    0.148   0.071   0.040   0.050   0.000   0.000   0.000   0.000   0.000   0.000 308097800
 4.94   3.56   26.730
 4.94   6.00    0.340    0.274
 4.94   6.00    0.614   38.256
 4.94   6.00    0.593    0.227   0.614   0.163
 4.94   6.00    0.595    0.213   0.614   0.149

 4.95   0.00    0.161    0.147   0.071   0.040   0.050   0.000   0.000   0.000   0.000   0.000   0.000 308721500
 4.95   3.56   26.738
 4.95   6.00    0.339    0.274
 4.95   6.00    0.614   38.272
 4.95   6.00    0.593    0.226   0.614   0.163
 4.95   6.00    0.595    0.212   0.614   0.149

 4.96   0.00    0.161    0.147   0.071   0.040   0.050   0.000   0.000   0.000   0.000   0.000   0.000 309345200
 4.96   3.56   26.745
 4.96   6.00    0.339    0.275
 4.96   6.00    0.614   38.288
 4.96   6.00    0.594    0.226   0.614   0.163
 4.96   6.00    0.595    0.212   0.614   0.149

 4.97   0.00    0.161    0.147   0.071   0.040   0.050   0.000   0.000   0.000   0.000   0.000   0.000 309968800
 4.97   3.56   26.752
 4.97   6.00    0.339    0.275
 4.97   6.00    0.614   38.304
 4.97   6.00    0.594    0.226   0.614   0.162
 4.97   6.00    0.595    0.212   0.614   0.149

 4.98   0.00    0.160    0.147   0.071   0.040   0.050   0.000   0.000   0.000   0.000   0.000   0.000 310592500
 4.98   3.55   26.759
 4.98   6.00    0.339    0.275
 4.98   6.00    0.614   38.319
 4.98   6.00    0.594    0.225   0.614   0.162
 4.98   6.00    0.595    0.212   0.614   0.148

 4.99   0.00    0.160    0.147   0.070   0.040   0.050   0.000   0.000   0.000   0.000   0.000   0.000 311216200
 4.99   3.55   26.766
 4.99   6.00    0.339    0.275
 4.99   6.00    0.614   38.335
 4.99   6.00    0.594    0.225   0.614   0.162
 4.99   6.00    0.595    0.212   0.614   0.148

 5.00   0.00    0.160    0.146   0.070   0.040   0.050   0.000   0.000   0.000   0.000   0.000   0.000 311839900
 5.00   3.55   26.773
 5.00   6.00    0.339    0.276
 5.00   6.00    0.614   38.351
 5.00   6.00    0.594    0.225   0.614   0.162
 5.00   6.00    0.595    0.211   0.614   0.148

 5.01   0.00    0.159    0.146   0.070   0.040   0.049   0.000   0.000   0.000   0.000   0.000   0.000 312463600
 5.01   3.55   26.780
 5.01   6.00    0.338    0.276
 5.01   6.00    0.614   38.366
 5.01   6.00    0.594    0.225   0.614   0.161
 5.01   6.00    0.596    0.211   0.614   0.148

 5.02   0.00    0.159    0.146   0.070   0.040   0.049   0.000   0.000   0.000   0.000   0.000   0.000 313087300
 5.02   3.55   26.786
 5.02   6.00    0.338    0.276
 5.02   6.00    0.614   38.382
 5.02   6.00    0.594    0.224   0.614   0.161
 5.02   6.00    0.596    0.211   0.614   0.147

 5.03   0.00    0.159    0.146   0.070   0.040   0.049   0.000   0.000   0.000   0.000   0.000   0.000 313710900
 5.03   3.54   26.793
 5.03   6.00    0.338    0.277
 5.03   6.00    0.615   38.397
 5.03   6.00    0.594    0.224   0.615   0.161
 5.03   6.00    0.596    0.211   0.615   0.147

 5.04   0.00    0.159    0.145   0.070   0.040   0.049   0.000   0.000   0.000   0.000   0.000   0.000 314334600
 5.04   3.54   26.799
 5.04   6.00    0.338    0.277
 5.04   6.00    0.615   38.412
 5.04   6.00    0.594    0.224   0.615   0.160
 5.04   6.00    0.596    0.210   0.615   0.147

 5.05   0.00    0.158    0.145   0.070   0.040   0.049   0.000   0.000   0.000   0.000   0.000   0.000 314958300
 5.05   3.54   26.806
 5.05   6.00    0.338    0.277
 5.05   6.00    0.615   38.428
 5.05   6.00    0.595    0.223   0.615   0.160
 5.05   6.00    0.596    0.210   0.615   0.147

 5.06   0.00    0.158    0.145   0.069   0.040   0.049   0.000   0.000   0.000   0.000   0.000   0.000 315582000
 5.06   3.54   26.812
 5.06   6.00    0.337    0.277
 5.06   6.00    0.615   38.443
 5.06   6.00    0.595    0.223   0.615   0.160
 5.06   6.00    0.596    0.210   0.615   0.146

 5.07   0.00    0.158    0.145   0.069   0.040   0.049   0.000   0.000   0.000   0.000   0.000   0.000 316205700
 5.07   3.54   26.818
 5.07   6.00    0.337    0.278
 5.07   6.00    0.615   38.458
 5.07   6.00    0.595    0.223   0.615   0.159
 5.07   6.00    0.596    0.210   0.615   0.146

 5.08   0.00    0.157    0.144   0.069   0.040   0.048   0.000   0.000   0.000   0.000   0.000   0.000 316829300
 5.08   3.54   26.824
 5.08   6.00    0.337    0.278
 5.08   6.00    0.615   38.474
 5.08   6.00    0.595    0.223   0.615   0.159
 5.08   6.00    0.596    0.209   0.615   0.146

 5.09   0.00    0.157    0.144   0.069   0.040   0.048   0.000   0.000   0.000   0.000   0.000   0.000 317453000
 5.09   3.53   26.829
 5.09   6.00    0.337    0.278
 5.09   6.00    0.615   38.489
 5.09   6.00    0.595    0.222   0.615   0.159
 5.09   6.00    0.596    0.209   0.615   0.146

 5.10   0.00    0.157    0.144   0.069   0.040   0.048   0.000   0.000   0.000   0.000   0.000   0.000 318076700
 5.10   3.53   26.835
 5.10   6.00    0.337    0.279
 5.10   6.00    0.615   38.504
 5.10   6.00    0.595    0.222   0.615   0.159
 5.10   6.00    0.597    0.209   0.615   0.146

 5.11   0.00    0.157    0.144   0.069   0.040   0.048   0.000   0.000   0.000   0.000   0.000   0.000 318700400
 5.11   3.53   26.841
 5.11   6.00    0.336    0.279
 5.11   6.00    0.615   38.519
 5.11   6.00    0.595    0.222   0.615   0.158
 5.11   6.00    0.597    0.209   0.615   0.145

 5.12   0.00    0.156    0.143   0.069   0.040   0.048   0.000   0.000   0.000   0.000   0.000   0.000 319324100
 5.12   3.53   26.846
 5.12   6.00    0.336    0.279
 5.12   6.00    0.615   38.534
 5.12   6.00    0.595    0.221   0.615   0.158
 5.12   6.00    0.597    0.209   0.615   0.145

 5.13   0.00    0.156    0.143   0.068   0.040   0.048   0.000   0.000   0.000   0.000   0.000   0.000 319947700
 5.13   3.53   26.851
 5.13   6.00    0.336    0.279
 5.13   6.00    0.615   38.549
 5.13   6.00    0.596    0.221   0.615   0.158
 5.13   6.00    0.597    0.208   0.615   0.145

 5.14   0.00    0.156    0.143   0.068   0.040   0.048   0.000   0.000   0.000   0.000   0.000   0.000 320571400
 5.14   3.52   26.857
 5.14   6.00    0.336    0.280
 5.14   6.00    0.616   38.564
 5.14   6.00    0.596    0.221   0.616   0.157
 5.14   6.00    0.597    0.208   0.616   0.145

 5.15   0.00    0.155    0.143   0.068   0.040   0.047   0.000   0.000   0.000   0.000   0.000   0.000 321195100
 5.15   3.52   26.862
 5.15   6.00    0.336    0.280
 5.15   6.00    0.616   38.579
 5.15   6.00    0.596    0.221   0.616   0.157
 5.15   6.00    0.597    0.208   0.616   0.144

 5.16   0.00    0.155    0.143   0.068   0.040   0.047   0.000   0.000   0.000   0.000   0.000   0.000 321818800
 5.16   3.52   26.867
 5.16   6.00    0.336    0.280
 5.16   6.00    0.616   38.593
 5.16   6.00    0.596    0.220   0.616   0.157
 5.16   6.00    0.597    0.208   0.616   0.144

 5.17   0.00    0.155    0.142   0.068   0.040   0.047   0.000   0.000   0.000   0.000   0.000   0.000 322442500
 5.17   3.52   26.872
 5.17   6.00    0.335    0.281
 5.17   6.00    0.616   38.608
 5.17   6.00    0.596    0.220   0.616   0.157
 5.17   6.00    0.597    0.207   0.616   0.144

 5.18   0.00    0.155    0.142   0.068   0.040   0.047   0.000   0.000   0.000   0.000   0.000   0.000 323066100
 5.18   3.52   26.877
 5.18   6.00    0.335    0.281
 5.18   6.00    0.616   38.623
 5.18   6.00    0.596    0.220   0.616   0.156
 5.18   6.00    0.598    0.207   0.616   0.144

 5.19   0.00    0.154    0.142   0.068   0.040   0.047   0.000   0.000   0.000   0.000   0.000   0.000 323689800
 5.19   3.52   26.881
 5.19   6.00    0.335    0.281
 5.19   6.00    0.616   38.638
 5.19   6.00    0.596    0.219   0.616   0.156
 5.19   6.00    0.598    0.207   0.616   0.143

 5.20   0.00    0.154    0.142   0.068   0.040   0.047   0.000   0.000   0.000   0.000   0.000   0.000 324313500
 5.20   3.51   26.886
 5.20   6.00    0.335    0.281
 5.20   6.00    0.616   38.652
 5.20   6.00    0.597    0.219   0.616   0.156
 5.20   6.00    0.598    0.207   0.616   0.143

 5.21   0.00    0.154    0.141   0.067   0.040   0.047   0.000   0.000   0.000   0.000   0.000   0.000 324937200
 5.21   3.51   26.891
 5.21   6.00    0.335    0.282
 5.21   6.00    0.616   38.667
 5.21   6.00    0.597    0.219   0.616   0.155
 5.21   6.00    0.598    0.207   0.616   0.143

 5.22   0.00    0.153    0.141   0.067   0.040   0.046   0.000   0.000   0.000   0.000   0.000   0.000 325560800
 5.22   3.51   26.895
 5.22   6.00    0.334    0.282
 5.22   6.00    0.616   38.682
 5.22   6.00    0.597    0.219   0.616   0.155
 5.22   6.00    0.598    0.206   0.616   0.143

 5.23   0.00    0.153    0.141   0.067   0.040   0.046   0.000   0.000   0.000   0.000   0.000   0.000 326184500
 5.23   3.51   26.899
 5.23   6.00    0.334    0.282
 5.23   6.00    0.616   38.696
 5.23   6.00    0.597    0.218   0.616   0.155
 5.23   6.00    0.598    0.206   0.616   0.142

 5.24   0.00    0.153    0.141   0.067   0.040   0.046   0.000   0.000   0.000   0.000   0.000   0.000 326808200
 5.24   3.51   26.904
 5.24   6.00    0.334    0.283
 5.24   6.00    0.617   38.711
 5.24   6.00    0.597    0.218   0.617   0.155
 5.24   6.00    0.598    0.206   0.617   0.142

 5.25   0.00    0.153    0.140   0.067   0.040   0.046   0.000   0.000   0.000   0.000   0.000   0.000 327431900
 5.25   3.50   26.908
 5.25   6.00    0.334    0.283
 5.25   6.00    0.617   38.725
 5.25   6.00    0.597    0.218   0.617   0.154
 5.25   6.00    0.598    0.206   0.617   0.142

 5.26   0.00    0.152    0.140   0.067   0.040   0.046   0.000   0.000   0.000   0.000   0.000   0.000 328055600
 5.26   3.50   26.912
 5.26   6.00    0.334    0.283
 5.26   6.00    0.617   38.739
 5.26   6.00    0.597    0.218   0.617   0.154
 5.26   6.00    0.599    0.205   0.617   0.142

 5.27   0.00    0.152    0.140   0.067   0.040   0.046   0.000   0.000   0.000   0.000   0.000   0.000 328679300
 5.27   3.50   26.916
 5.27   6.00    0.333    0.283
 5.27   6.00    0.617   38.754
 5.27   6.00    0.597    0.217   0.617   0.154
 5.27   6.00    0.599    0.205   0.617   0.142

 5.28   0.00    0.152    0.140   0.066   0.040   0.046   0.000   0.000   0.000   0.000   0.000   0.000 329302900
 5.28   3.50   26.920
 5.28   6.00    0.333    0.284
 5.28   6.00    0.617   38.768
 5.28   6.00    0.598    0.217   0.617   0.153
 5.28   6.00    0.599    0.205   0.617   0.141

 5.29   0.00    0.151    0.139   0.066   0.040   0.045   0.000   0.000   0.000   0.000   0.000   0.000 329926600
 5.29   3.50   26.923
 5.29   6.00    0.333    0.284
 5.29   6.00    0.617   38.782
 5.29   6.00    0.598    0.217   0.617   0.153
 5.29   6.00    0.599    0.205   0.617   0.141

 5.30   0.00    0.151    0.139   0.066   0.040   0.045   0.000   0.000   0.000   0.000   0.000   0.000 330550300
 5.30   3.50   26.927
 5.30   6.00    0.333    0.284
 5.30   6.00    0.617   38.797
 5.30   6.00    0.598    0.216   0.617   0.153
 5.30   6.00    0.599    0.205   0.617   0.141

 5.31   0.00    0.151    0.139   0.066   0.040   0.045   0.000   0.000   0.000   0.000   0.000   0.000 331174000
 5.31   3.49   26.931
 5.31   6.00    0.333    0.285
 5.31   6.00    0.617   38.811
 5.31   6.00    0.598    0.216   0.617   0.152
 5.31   6.00    0.599    0.204   0.617   0.141

 5.32   0.00    0.151    0.139   0.066   0.040   0.045   0.000   0.000   0.000   0.000   0.000   0.000 331797700
 5.32   3.49   26.934
 5.32   6.00    0.332    0.285
 5.32   6.00    0.617   38.825
 5.32   6.00    0.598    0.216   0.617   0.152
 5.32   6.00    0.599    0.204   0.617   0.140

 5.33   0.00    0.150    0.139   0.066   0.040   0.045   0.000   0.000   0.000   0.000   0.000   0.000 332421300
 5.33   3.49   26.938
 5.33   6.00    0.332    0.285
 5.33   6.00    0.618   38.839
 5.33   6.00    0.598    0.216   0.618   0.152
 5.33   6.00    0.600    0.204   0.618   0.140

 5.34   0.00    0.150    0.138   0.066   0.040   0.045   0.000   0.000   0.000   0.000   0.000   0.000 333045000
 5.34   3.49   26.941
 5.34   6.00    0.332    0.286
 5.34   6.00    0.618   38.854
 5.34   6.00    0.599    0.215   0.618   0.152
 5.34   6.00    0.600    0.204   0.618   0.140

 5.35   0.00    0.150    0.138   0.066   0.040   0.045   0.000   0.000   0.000   0.000   0.000   0.000 333668700
 5.35   3.49   26.944
 5.35   6.00    0.332    0.286
 5.35   6.00    0.618   38.868
 5.35   6.00    0.599    0.215   0.618   0.151
 5.35   6.00    0.600    0.203   0.618   0.140

 5.36   0.00    0.149    0.138   0.065   0.040   0.044   0.000   0.000   0.000   0.000   0.000   0.000 334292400
 5.36   3.49   26.947
 5.36   6.00    0.332    0.286
 5.36   6.00    0.618   38.882
 5.36   6.00    0.599    0.215   0.618   0.151
 5.36   6.00    0.600    0.203   0.618   0.139

 5.37   0.00    0.149    0.138   0.065   0.040   0.044   0.000   0.000   0.000   0.000   0.000   0.000 334916000
 5.37   3.48   26.950
 5.37   6.00    0.332    0.287
 5.37   6.00    0.618   38.896
 5.37   6.00    0.599    0.215   0.618   0.151
 5.37   6.00    0.600    0.203   0.618   0.139

 5.38   0.00    0.149    0.137   0.065   0.040   0.044   0.000   0.000   0.000   0.000   0.000   0.000 335539700
 5.38   3.48   26.954
 5.38   6.00    0.331    0.287
 5.38   6.00    0.618   38.910
 5.38   6.00    0.599    0.214   0.618   0.151
 5.38   6.00    0.600    0.203   0.618   0.139

 5.39   0.00    0.149    0.137   0.065   0.040   0.044   0.000   0.000   0.000   0.000   0.000   0.000 336163400
 5.39   3.48   26.956
 5.39   6.00    0.331    0.287
 5.39   6.00    0.618   38.924
 5.39   6.00    0.599    0.214   0.618   0.150
 5.39   6.00    0.600    0.203   0.618   0.139

 5.40   0.00    0.148    0.137   0.065   0.040   0.044   0.000   0.000   0.000   0.000   0.000   0.000 336787100
 5.40   3.48   26.959
 5.40   6.00    0.331    0.287
 5.40   6.00    0.618   38.938
 5.40   6.00    0.599    0.214   0.618   0.150
 5.40   6.00    0.601    0.202   0.618   0.138

 5.41   0.00    0.148    0.137   0.065   0.040   0.044   0.000   0.000   0.000   0.000   0.000   0.000 337410800
 5.41   3.48   26.962
 5.41   6.00    0.331    0.288
 5.41   6.00    0.619   38.952
 5.41   6.00    0.600    0.214   0.619   0.150
 5.41   6.00    0.601    0.202   0.619   0.138

 5.42   0.00    0.148    0.136   0.065   0.040   0.044   0.000   0.000   0.000   0.000   0.000   0.000 338034500
 5.42   3.47   26.965
 5.42   6.00    0.331    0.288
 5.42   6.00    0.619   38.966
 5.42   6.00    0.600    0.213   0.619   0.149
 5.42   6.00    0.601    0.202   0.619   0.138

 5.43   0.00    0.147    0.136   0.065   0.040   0.043   0.000   0.000   0.000   0.000   0.000   0.000 338658100
 5.43   3.47   26.967
 5.43   6.00    0.330    0.288
 5.43   6.00    0.619   38.980
 5.43   6.00    0.600    0.213   0.619   0.149
 5.43   6.00    0.601    0.202   0.619   0.138

 5.44   0.00    0.147    0.136   0.064   0.040   0.043   0.000   0.000   0.000   0.000   0.000   0.000 339281800
 5.44   3.47   26.970
 5.44   6.00    0.330    0.289
 5.44   6.00    0.619   38.993
 5.44   6.00    0.600    0.213   0.619   0.149
 5.44   6.00    0.601    0.201   0.619   0.138

 5.45   0.00    0.147    0.136   0.064   0.040   0.043   0.000   0.000   0.000   0.000   0.000   0.000 339905500
 5.45   3.47   26.972
 5.45   6.00    0.330    0.289
 5.45   6.00    0.619   39.007
 5.45   6.00    0.600    0.212   0.619   0.149
 5.45   6.00    0.601    0.201   0.619   0.137

 5.46   0.00    0.147    0.136   0.064   0.040   0.043   0.000   0.000   0.000   0.000   0.000   0.000 340529200
 5.46   3.47   26.975
 5.46   6.00    0.330    0.289
 5.46   6.00    0.619   39.021
 5.46   6.00    0.600    0.212   0.619   0.148
 5.46   6.00    0.602    0.201   0.619   0.137

 5.47   0.00    0.146    0.135   0.064   0.040   0.043   0.000   0.000   0.000   0.000   0.000   0.000 341152800
 5.47   3.47   26.977
 5.47   6.00    0.330    0.290
 5.47   6.00    0.619   39.035
 5.47   6.00    0.601    0.212   0.619   0.148
 5.47   6.00    0.602    0.201   0.619   0.137

 5.48   0.00    0.146    0.135   0.064   0.039   0.043   0.000   0.000   0.000   0.000   0.000   0.000 341776500
 5.48   3.46   26.979
 5.48   6.00    0.330    0.290
 5.48   6.00    0.620   39.048
 5.48   6.00    0.601    0.212   0.620   0.148
 5.48   6.00    0.602    0.201   0.620   0.137

 5.49   0.00    0.146    0.135   0.064   0.039   0.043   0.000   0.000   0.000   0.000   0.000   0.000 342400200
 5.49   3.46   26.982
 5.49   6.00    0.329    0.290
 5.49   6.00    0.620   39.062
 5.49   6.00    0.601    0.211   0.620   0.147
 5.49   6.00    0.602    0.200   0.620   0.136

 5.50   0.00    0.146    0.135   0.064   0.039   0.042   0.000   0.000   0.000   0.000   0.000   0.000 343023900
 5.50   3.46   26.984
 5.50   6.00    0.329    0.291
 5.50   6.00    0.620   39.076
 5.50   6.00    0.601    0.211   0.620   0.147
 5.50   6.00    0.602    0.200   0.620   0.136

 5.51   0.00    0.145    0.134   0.064   0.039   0.042   0.000   0.000   0.000   0.000   0.000   0.000 343647600
 5.51   3.46   26.986
 5.51   6.00    0.329    0.291
 5.51   6.00    0.620   39.090
 5.51   6.00    0.601    0.211   0.620   0.147
 5.51   6.00    0.602    0.200   0.620   0.136

 5.52   0.00    0.145    0.134   0.063   0.039   0.042   0.000   0.000   0.000   0.000   0.000   0.000 344271200
 5.52   3.46   26.988
 5.52   6.00    0.329    0.291
 5.52   6.00    0.620   39.103
 5.52   6.00    0.601    0.211   0.620   0.147
 5.52   6.00    0.603    0.200   0.620   0.136

 5.53   0.00    0.145    0.134   0.063   0.039   0.042   0.000   0.000   0.000   0.000   0.000   0.000 344894900
 5.53   3.46   26.990
 5.53   6.00    0.329    0.292
 5.53   6.00    0.620   39.117
 5.53   6.00    0.602    0.210   0.620   0.146
 5.53   6.00    0.603    0.200   0.620   0.135

 5.54   0.00    0.144    0.134   0.063   0.039   0.042   0.000   0.000   0.000   0.000   0.000   0.000 345518600
 5.54   3.45   26.991
 5.54   6.00    0.328    0.292
 5.54   6.00    0.620   39.130
 5.54   6.00    0.602    0.210   0.620   0.146
 5.54   6.00    0.603    0.199   0.620   0.135

 5.55   0.00    0.144    0.133   0.063   0.039   0.042   0.000   0.000   0.000   0.000   0.000   0.000 346142300
 5.55   3.45   26.993
 5.55   6.00    0.328    0.292
 5.55   6.00    0.621   39.144
 5.55   6.00    0.602    0.210   0.621   0.146
 5.55   6.00    0.603    0.199   0.621   0.135

 5.56   0.00    0.144    0.133   0.063   0.039   0.041   0.000   0.000   0.000   0.000   0.000   0.000 346766000
 5.56   3.45   26.995
 5.56   6.00    0.328    0.293
 5.56   6.00    0.621   39.158
 5.56   6.00    0.602    0.210   0.621   0.145
 5.56   6.00    0.603    0.199   0.621   0.135

 5.57   0.00    0.144    0.133   0.063   0.039   0.041   0.000   0.000   0.000   0.000   0.000   0.000 347389700
 5.57   3.45   26.997
 5.57   6.00    0.328    0.293
 5.57   6.00    0.621   39.171
 5.57   6.00    0.602    0.209   0.621   0.145
 5.57   6.00    0.603    0.199   0.621   0.134

 5.58   0.00    0.143    0.133   0.063   0.039   0.041   0.000   0.000   0.000   0.000   0.000   0.000 348013300
 5.58   3.45   26.998
 5.58   6.00    0.328    0.293
 5.58   6.00    0.621   39.185
 5.58   6.00    0.602    0.209   0.621   0.145
 5.58   6.00    0.604    0.198   0.621   0.134

 5.59   0.00    0.143    0.133   0.063   0.039   0.041   0.000   0.000   0.000   0.000   0.000   0.000 348637000
 5.59   3.44   27.000
 5.59   6.00    0.328    0.294
 5.59   6.00    0.621   39.198
 5.59   6.00    0.603    0.209   0.621   0.145
 5.59   6.00    0.604    0.198   0.621   0.134

 5.60   0.00    0.143    0.132   0.062   0.039   0.041   0.000   0.000   0.000   0.000   0.000   0.000 349260700
 5.60   3.44   27.001
 5.60   6.00    0.327    0.294
 5.60   6.00    0.621   39.212
 5.60   6.00    0.603    0.208   0.621   0.144
 5.60   6.00    0.604    0.198   0.621   0.134

 5.61   0.00    0.142    0.132   0.062   0.039   0.041   0.000   0.000   0.000   0.000   0.000   0.000 349884400
 5.61   3.44   27.002
 5.61   6.00    0.327    0.294
 5.61   6.00    0.621   39.225
 5.61   6.00    0.603    0.208   0.621   0.144
 5.61   6.00    0.604    0.198   0.621   0.134

 5.62   0.00    0.142    0.132   0.062   0.039   0.041   0.000   0.000   0.000   0.000   0.000   0.000 350508000
 5.62   3.44   27.004
 5.62   6.00    0.327    0.295
 5.62   6.00    0.622   39.238
 5.62   6.00    0.603    0.208   0.622   0.144
 5.62   6.00    0.604    0.198   0.622   0.133

 5.63   0.00    0.142    0.132   0.062   0.039   0.040   0.000   0.000   0.000   0.000   0.000   0.000 351131700
 5.63   3.44   27.005
 5.63   6.00    0.327    0.295
 5.63   6.00    0.622   39.252
 5.63   6.00    0.603    0.208   0.622   0.143
 5.63   6.00    0.604    0.197   0.622   0.133

 5.64   0.00    0.142    0.131   0.062   0.039   0.040   0.000   0.000   0.000   0.000   0.000   0.000 351755400
 5.64   3.44   27.006
 5.64   6.00    0.327    0.295
 5.64   6.00    0.622   39.265
 5.64   6.00    0.604    0.207   0.622   0.143
 5.64   6.00    0.605    0.197   0.622   0.133

 5.65   0.00    0.141    0.131   0.062   0.039   0.040   0.000   0.000   0.000   0.000   0.000   0.000 352379100
 5.65   3.43   27.007
 5.65   6.00    0.326    0.296
 5.65   6.00    0.622   39.279
 5.65   6.00    0.604    0.207   0.622   0.143
 5.65   6.00    0.605    0.197   0.622   0.133

 5.66   0.00    0.141    0.131   0.062   0.039   0.040   0.000   0.000   0.000   0.000   0.000   0.000 353002800
 5.66   3.43   27.008
 5.66   6.00    0.326    0.296
 5.66   6.00    0.622   39.292
 5.66   6.00    0.604    0.207   0.622   0.143
 5.66   6.00    0.605    0.197   0.622   0.132

 5.67   0.00    0.141    0.131   0.062   0.039   0.040   0.000   0.000   0.000   0.000   0.000   0.000 353626500
 5.67   3.43   27.009
 5.67   6.00    0.326    0.296
 5.67   6.00    0.622   39.305
 5.67   6.00    0.604    0.207   0.622   0.142
 5.67   6.00    0.605    0.196   0.622   0.132

 5.68   0.00    0.141    0.130   0.062   0.039   0.040   0.000   0.000   0.000   0.000   0.000   0.000 354250100
 5.68   3.43   27.010
 5.68   6.00    0.326    0.297
 5.68   6.00    0.623   39.319
 5.68   6.00    0.604    0.206   0.623   0.142
 5.68   6.00    0.605    0.196   0.623   0.132

 5.69   0.00    0.140    0.130   0.061   0.039   0.040   0.000   0.000   0.000   0.000   0.000   0.000 354873800
 5.69   3.43   27.011
 5.69   6.00    0.326    0.297
 5.69   6.00    0.623   39.332
 5.69   6.00    0.604    0.206   0.623   0.142
 5.69   6.00    0.606    0.196   0.623   0.132

 5.70   0.00    0.140    0.130   0.061   0.039   0.039   0.000   0.000   0.000   0.000   0.000   0.000 355497500
 5.70   3.43   27.012
 5.70   6.00    0.326    0.297
 5.70   6.00    0.623   39.345
 5.70   6.00    0.605    0.206   0.623   0.142
 5.70   6.00    0.606    0.196   0.623   0.131

 5.71   0.00    0.140    0.130   0.061   0.039   0.039   0.000   0.000   0.000   0.000   0.000   0.000 356121200
 5.71   3.42   27.013
 5.71   6.00    0.325    0.298
 5.71   6.00    0.623   39.358
 5.71   6.00    0.605    0.206   0.623   0.141
 5.71   6.00    0.606    0.196   0.623   0.131

 5.72   0.00    0.139    0.129   0.061   0.039   0.039   0.000   0.000   0.000   0.000   0.000   0.000 356744800
 5.72   3.42   27.014
 5.72   6.00    0.325    0.298
 5.72   6.00    0.623   39.372
 5.72   6.00    0.605    0.205   0.623   0.141
 5.72   6.00    0.606    0.195   0.623   0.131

 5.73   0.00    0.139    0.129   0.061   0.039   0.039   0.000   0.000   0.000   0.000   0.000   0.000 357368500
 5.73   3.42   27.014
 5.73   6.00    0.325    0.298
 5.73   6.00    0.623   39.385
 5.73   6.00    0.605    0.205   0.623   0.141
 5.73   6.00    0.606    0.195   0.623   0.131

 5.74   0.00    0.139    0.129   0.061   0.039   0.039   0.000   0.000   0.000   0.000   0.000   0.000 357992200
 5.74   3.42   27.063
 5.74   6.00    0.325    0.299
 5.74   6.00    0.624   39.398
 5.74   6.00    0.605    0.205   0.624   0.140
 5.74   6.00    0.606    0.195   0.624   0.130

 5.75   0.00    0.139    0.129   0.061   0.039   0.039   0.000   0.000   0.000   0.000   0.000   0.000 358615900
 5.75   3.43   27.146
 5.75   6.00    0.325    0.298
 5.75   6.00    0.623   39.395
 5.75   6.00    0.605    0.204   0.623   0.140
 5.75   6.00    0.606    0.195   0.623   0.130

 5.76   0.00    0.138    0.129   0.061   0.039   0.038   0.000   0.000   0.000   0.000   0.000   0.000 359239600
 5.76   3.44   27.229
 5.76   6.00    0.324    0.298
 5.76   6.00    0.623   39.399
 5.76   6.00    0.605    0.204   0.623   0.140
 5.76   6.00    0.606    0.194   0.623   0.130

 5.77   0.00    0.138    0.128   0.061   0.039   0.038   0.000   0.000   0.000   0.000   0.000   0.000 359863200
 5.77   3.45   27.312
 5.77   6.00    0.324    0.298
 5.77   6.00    0.623   39.403
 5.77   6.00    0.605    0.204   0.623   0.140
 5.77   6.00    0.606    0.194   0.623   0.130

 5.78   0.00    0.138    0.128   0.060   0.039   0.038   0.000   0.000   0.000   0.000   0.000   0.000 360486900
 5.78   3.46   27.394
 5.78   6.00    0.324    0.298
 5.78   6.00    0.623   39.406
 5.78   6.00    0.605    0.204   0.623   0.139
 5.78   6.00    0.606    0.194   0.623   0.129

 5.79   0.00    0.137    0.128   0.060   0.039   0.038   0.000   0.000   0.000   0.000   0.000   0.000 361110600
 5.79   3.47   27.476
 5.79   6.00    0.324    0.298
 5.79   6.00    0.622   39.410
 5.79   6.00    0.604    0.203   0.622   0.139
 5.79   6.00    0.605    0.194   0.622   0.129

 5.80   0.00    0.137    0.128   0.060   0.039   0.038   0.000   0.000   0.000   0.000   0.000   0.000 361734300
 5.80   3.47   27.557
 5.80   6.00    0.324    0.298
 5.80   6.00    0.622   39.414
 5.80   6.00    0.604    0.203   0.622   0.139
 5.80   6.00    0.605    0.193   0.622   0.129

 5.81   0.00    0.137    0.127   0.060   0.039   0.038   0.000   0.000   0.000   0.000   0.000   0.000 362358000
 5.81   3.48   27.638
 5.81   6.00    0.324    0.298
 5.81   6.00    0.622   39.417
 5.81   6.00    0.604    0.203   0.622   0.138
 5.81   6.00    0.605    0.193   0.622   0.129

 5.82   0.00    0.137    0.127   0.060   0.039   0.037   0.000   0.000   0.000   0.000   0.000   0.000 362981700
 5.82   3.49   27.718
 5.82   6.00    0.323    0.298
 5.82   6.00    0.622   39.421
 5.82   6.00    0.604    0.202   0.622   0.138
 5.82   6.00    0.605    0.193   0.622   0.129

 5.83   0.00    0.136    0.127   0.060   0.039   0.037   0.000   0.000   0.000   0.000   0.000   0.000 363605300
 5.83   3.50   27.798
 5.83   6.00    0.323    0.298
 5.83   6.00    0.622   39.425
 5.83   6.00    0.604    0.202   0.622   0.138
 5.83   6.00    0.605    0.193   0.622   0.128

 5.84   0.00    0.136    0.127   0.060   0.039   0.037   0.000   0.000   0.000   0.000   0.000   0.000 364229000
 5.84   3.51   27.878
 5.84   6.00    0.323    0.298
 5.84   6.00    0.621   39.428
 5.84   6.00    0.604    0.202   0.621   0.138
 5.84   6.00    0.605    0.192   0.621   0.128

 5.85   0.00    0.136    0.126   0.060   0.039   0.037   0.000   0.000   0.000   0.000   0.000   0.000 364852700
 5.85   3.51   27.957
 5.85   6.00    0.323    0.298
 5.85   6.00    0.621   39.432
 5.85   6.00    0.604    0.201   0.621   0.137
 5.85   6.00    0.605    0.192   0.621   0.128

 5.86   0.00    0.135    0.126   0.059   0.039   0.037   0.000   0.000   0.000   0.000   0.000   0.000 365476400
 5.86   3.52   28.036
 5.86   6.00    0.323    0.298
 5.86   6.00    0.621   39.435
 5.86   6.00    0.603    0.201   0.621   0.137
 5.86   6.00    0.604    0.192   0.621   0.128

 5.87   0.00    0.135    0.126   0.059   0.039   0.037   0.000   0.000   0.000   0.000   0.000   0.000 366100000
 5.87   3.53   28.114
 5.87   6.00    0.323    0.298
 5.87   6.00    0.621   39.439
 5.87   6.00    0.603    0.201   0.621   0.137
 5.87   6.00    0.604    0.192   0.621   0.127

 5.88   0.00    0.135    0.126   0.059   0.039   0.036   0.000   0.000   0.000   0.000   0.000   0.000 366723700
 5.88   3.54   28.192
 5.88   6.00    0.322    0.298
 5.88   6.00    0.621   39.442
 5.88   6.00    0.603    0.201   0.621   0.136
 5.88   6.00    0.604    0.191   0.621   0.127

 5.89   0.00    0.135    0.125   0.059   0.039   0.036   0.000   0.000   0.000   0.000   0.000   0.000 367347400
 5.89   3.55   28.270
 5.89   6.00    0.322    0.298
 5.89   6.00    0.621   39.446
 5.89   6.00    0.603    0.200   0.621   0.136
 5.89   6.00    0.604    0.191   0.621   0.127

 5.90   0.00    0.134    0.125   0.059   0.039   0.036   0.000   0.000   0.000   0.000   0.000   0.000 367971100
 5.90   3.55   28.347
 5.90   6.00    0.322    0.298
 5.90   6.00    0.620   39.449
 5.90   6.00    0.603    0.200   0.620   0.136
 5.90   6.00    0.604    0.191   0.620   0.127

 5.91   0.00    0.134    0.125   0.059   0.039   0.036   0.000   0.000   0.000   0.000   0.000   0.000 368594800
 5.91   3.56   28.424
 5.91   6.00    0.322    0.298
 5.91   6.00    0.620   39.453
 5.91   6.00    0.603    0.200   0.620   0.136
 5.91   6.00    0.604    0.190   0.620   0.126

 5.92   0.00    0.134    0.125   0.059   0.039   0.036   0.000   0.000   0.000   0.000   0.000   0.000 369218400
 5.92   3.57   28.500
 5.92   6.00    0.322    0.298
 5.92   6.00    0.620   39.456
 5.92   6.00    0.603    0.199   0.620   0.135
 5.92   6.00    0.604    0.190   0.620   0.126

 5.93   0.00    0.134    0.124   0.059   0.039   0.036   0.000   0.000   0.000   0.000   0.000   0.000 369842100
 5.93   3.58   28.576
 5.93   6.00    0.321    0.298
 5.93   6.00    0.620   39.459
 5.93   6.00    0.602    0.199   0.620   0.135
 5.93   6.00    0.603    0.190   0.620   0.126

 5.94   0.00    0.133    0.124   0.059   0.039   0.035   0.000   0.000   0.000   0.000   0.000   0.000 370465800
 5.94   3.59   28.652
 5.94   6.00    0.321    0.298
 5.94   6.00    0.620   39.463
 5.94   6.00    0.602    0.199   0.620   0.135
 5.94   6.00    0.603    0.190   0.620   0.126

 5.95   0.00    0.133    0.124   0.059   0.039   0.035   0.000   0.000   0.000   0.000   0.000   0.000 371089500
 5.95   3.60   28.727
 5.95   6.00    0.321    0.298
 5.95   6.00    0.620   39.466
 5.95   6.00    0.602    0.198   0.620   0.134
 5.95   6.00    0.603    0.189   0.620   0.125

 5.96   0.00    0.133    0.124   0.058   0.039   0.035   0.000   0.000   0.000   0.000   0.000   0.000 371713200
 5.96   3.60   28.802
 5.96   6.00    0.321    0.298
 5.96   6.00    0.619   39.469
 5.96   6.00    0.602    0.198   0.619   0.134
 5.96   6.00    0.603    0.189   0.619   0.125

 5.97   0.00    0.132    0.123   0.058   0.039   0.035   0.000   0.000   0.000   0.000   0.000   0.000 372336800
 5.97   3.61   28.876
 5.97   6.00    0.321    0.298
 5.97   6.00    0.619   39.472
 5.97   6.00    0.602    0.198   0.619   0.134
 5.97   6.00    0.603    0.189   0.619   0.125

 5.98   0.00    0.132    0.123   0.058   0.039   0.035   0.000   0.000   0.000   0.000   0.000   0.000 372960500
 5.98   3.62   28.950
 5.98   6.00    0.321    0.298
 5.98   6.00    0.619   39.476
 5.98   6.00    0.602    0.198   0.619   0.134
 5.98   6.00    0.603    0.189   0.619   0.125

 5.99   0.00    0.132    0.123   0.058   0.039   0.035   0.000   0.000   0.000   0.000   0.000   0.000 373584200
 5.99   3.63   29.024
 5.99   6.00    0.320    0.298
 5.99   6.00    0.619   39.479
 5.99   6.00    0.602    0.197   0.619   0.133
 5.99   6.00    0.602    0.188   0.619   0.124

 6.00   0.00    0.132    0.123   0.058   0.039   0.034   0.000   0.000   0.000   0.000   0.000   0.000 374207900
 6.00   3.64   29.097
 6.00   6.00    0.320    0.298
 6.00   6.00    0.619   39.482
 6.00   6.00    0.601    0.197   0.619   0.133
 6.00   6.00    0.602    0.188   0.619   0.124

 6.01   0.00    0.131    0.122   0.058   0.039   0.034   0.000   0.000   0.000   0.000   0.000   0.000 374831600
 6.01   3.64   29.170
 6.01   6.00    0.320    0.298
 6.01   6.00    0.619   39.485
 6.01   6.00    0.601    0.197   0.619   0.133
 6.01   6.00    0.602    0.188   0.619   0.124

 6.02   0.00    0.131    0.122   0.058   0.039   0.034   0.000   0.000   0.000   0.000   0.000   0.000 375455200
 6.02   3.65   29.243
 6.02   6.00    0.320    0.298
 6.02   6.00    0.618   39.488
 6.02   6.00    0.601    0.196   0.618   0.132
 6.02   6.00    0.602    0.188   0.618   0.124

 6.03   0.00    0.131    0.122   0.058   0.039   0.034   0.000   0.000   0.000   0.000   0.000   0.000 376078900
 6.03   3.66   29.315
 6.03   6.00    0.320    0.298
 6.03   6.00    0.618   39.491
 6.03   6.00    0.601    0.196   0.618   0.132
 6.03   6.00    0.602    0.187   0.618   0.123

 6.04   0.00    0.131    0.122   0.058   0.039   0.034   0.000   0.000   0.000   0.000   0.000   0.000 376702600
 6.04   3.67   29.387
 6.04   6.00    0.320    0.298
 6.04   6.00    0.618   39.494
 6.04   6.00    0.601    0.196   0.618   0.132
 6.04   6.00    0.602    0.187   0.618   0.123

 6.05   0.00    0.130    0.122   0.057   0.039   0.034   0.000   0.000   0.000   0.000   0.000   0.000 377326300
 6.05   3.68   29.459
 6.05   6.00    0.319    0.298
 6.05   6.00    0.618   39.497
 6.05   6.00    0.601    0.196   0.618   0.132
 6.05   6.00    0.602    0.187   0.618   0.123

 6.06   0.00    0.130    0.122   0.057   0.039   0.034   0.000   0.000   0.000   0.000   0.000   0.000 377950000
 6.06   3.68   29.530
 6.06   6.00    0.319    0.298
 6.06   6.00    0.618   39.500
 6.06   6.00    0.601    0.195   0.618   0.132
 6.06   6.00    0.601    0.187   0.618   0.123

 6.07   0.00    0.130    0.121   0.057   0.039   0.034   0.000   0.000   0.000   0.000   0.000   0.000 378573700
 6.07   3.69   29.601
 6.07   6.00    0.319    0.298
 6.07   6.00    0.617   39.503
 6.07   6.00    0.600    0.195   0.617   0.131
 6.07   6.00    0.601    0.187   0.617   0.123

 6.08   0.00    0.130    0.121   0.057   0.039   0.034   0.000   0.000   0.000   0.000   0.000   0.000 379197300
 6.08   3.70   29.671
 6.08   6.00    0.319    0.298
 6.08   6.00    0.617   39.506
 6.08   6.00    0.600    0.195   0.617   0.131
 6.08   6.00    0.601    0.186   0.617   0.123

 6.09   0.00    0.130    0.121   0.057   0.039   0.033   0.000   0.000   0.000   0.000   0.000   0.000 379821000
 6.09   3.71   29.741
 6.09   6.00    0.319    0.298
 6.09   6.00    0.617   39.509
 6.09   6.00    0.600    0.195   0.617   0.131
 6.09   6.00    0.601    0.186   0.617   0.122

 6.10   0.00    0.129    0.121   0.057   0.039   0.033   0.000   0.000   0.000   0.000   0.000   0.000 380444700
 6.10   3.72   29.811
 6.10   6.00    0.319    0.298
 6.10   6.00    0.617   39.512
 6.10   6.00    0.600    0.194   0.617   0.131
 6.10   6.00    0.601    0.186   0.617   0.122

 6.11   0.00    0.129    0.121   0.057   0.039   0.033   0.000   0.000   0.000   0.000   0.000   0.000 381068400
 6.11   3.73   29.880
 6.11   6.00    0.318    0.298
 6.11   6.00    0.617   39.515
 6.11   6.00    0.600    0.194   0.617   0.130
 6.11   6.00    0.601    0.186   0.617   0.122

 6.12   0.00    0.129    0.120   0.057   0.039   0.033   0.000   0.000   0.000   0.000   0.000   0.000 381692000
 6.12   3.73   29.950
 6.12   6.00    0.318    0.298
 6.12   6.00    0.617   39.518
 6.12   6.00    0.600    0.194   0.617   0.130
 6.12   6.00    0.601    0.186   0.617   0.122

 6.13   0.00    0.129    0.120   0.057   0.039   0.033   0.000   0.000   0.000   0.000   0.000   0.000 382315700
 6.13   3.74   30.018
 6.13   6.00    0.318    0.298
 6.13   6.00    0.616   39.520
 6.13   6.00    0.599    0.194   0.616   0.130
 6.13   6.00    0.600    0.185   0.616   0.122

 6.14   0.00    0.128    0.120   0.057   0.039   0.033   0.000   0.000   0.000   0.000   0.000   0.000 382939400
 6.14   3.75   30.087
 6.14   6.00    0.318    0.298
 6.14   6.00    0.616   39.523
 6.14   6.00    0.599    0.194   0.616   0.130
 6.14   6.00    0.600    0.185   0.616   0.121

 6.15   0.00    0.128    0.120   0.056   0.039   0.033   0.000   0.000   0.000   0.000   0.000   0.000 383563100
 6.15   3.76   30.155
 6.15   6.00    0.318    0.298
 6.15   6.00    0.616   39.526
 6.15   6.00    0.599    0.193   0.616   0.130
 6.15   6.00    0.600    0.185   0.616   0.121

 6.16   0.00    0.128    0.120   0.056   0.039   0.033   0.000   0.000   0.000   0.000   0.000   0.000 384186800
 6.16   3.77   30.223
 6.16   6.00    0.318    0.298
 6.16   6.00    0.616   39.529
 6.16   6.00    0.599    0.193   0.616   0.129
 6.16   6.00    0.600    0.185   0.616   0.121

 6.17   0.00    0.128    0.120   0.056   0.039   0.033   0.000   0.000   0.000   0.000   0.000   0.000 384810400
 6.17   3.77   30.290
 6.17   6.00    0.317    0.298
 6.17   6.00    0.616   39.531
 6.17   6.00    0.599    0.193   0.616   0.129
 6.17   6.00    0.600    0.185   0.616   0.121

 6.18   0.00    0.128    0.119   0.056   0.039   0.032   0.000   0.000   0.000   0.000   0.000   0.000 385434100
 6.18   3.78   30.357
 6.18   6.00    0.317    0.298
 6.18   6.00    0.616   39.534
 6.18   6.00    0.599    0.193   0.616   0.129
 6.18   6.00    0.600    0.184   0.616   0.121

 6.19   0.00    0.127    0.119   0.056   0.039   0.032   0.000   0.000   0.000   0.000   0.000   0.000 386057800
 6.19   3.79   30.424
 6.19   6.00    0.317    0.298
 6.19   6.00    0.615   39.537
 6.19   6.00    0.599    0.192   0.615   0.129
 6.19   6.00    0.599    0.184   0.615   0.120

 6.20   0.00    0.127    0.119   0.056   0.039   0.032   0.000   0.000   0.000   0.000   0.000   0.000 386681500
 6.20   3.80   30.491
 6.20   6.00    0.317    0.298
 6.20   6.00    0.615   39.540
 6.20   6.00    0.598    0.192   0.615   0.129
 6.20   6.00    0.599    0.184   0.615   0.120

 6.21   0.00    0.127    0.119   0.056   0.039   0.032   0.000   0.000   0.000   0.000   0.000   0.000 387305200
 6.21   3.81   30.557
 6.21   6.00    0.317    0.298
 6.21   6.00    0.615   39.542
 6.21   6.00    0.598    0.192   0.615   0.128
 6.21   6.00    0.599    0.184   0.615   0.120

 6.22   0.00    0.127    0.119   0.056   0.039   0.032   0.000   0.000   0.000   0.000   0.000   0.000 387928800
 6.22   3.82   30.623
 6.22   6.00    0.317    0.298
 6.22   6.00    0.615   39.545
 6.22   6.00    0.598    0.192   0.615   0.128
 6.22   6.00    0.599    0.184   0.615   0.120

 6.23   0.00    0.126    0.118   0.056   0.039   0.032   0.000   0.000   0.000   0.000   0.000   0.000 388552500
 6.23   3.82   30.688
 6.23   6.00    0.316    0.298
 6.23   6.00    0.615   39.547
 6.23   6.00    0.598    0.191   0.615   0.128
 6.23   6.00    0.599    0.183   0.615   0.120

 6.24   0.00    0.126    0.118   0.056   0.039   0.032   0.000   0.000   0.000   0.000   0.000   0.000 389176200
 6.24   3.83   30.754
 6.24   6.00    0.316    0.298
 6.24   6.00    0.615   39.550
 6.24   6.00    0.598    0.191   0.615   0.128
 6.24   6.00    0.599    0.183   0.615   0.120

 6.25   0.00    0.126    0.118   0.055   0.039   0.032   0.000   0.000   0.000   0.000   0.000   0.000 389799900
 6.25   3.84   30.819
 6.25   6.00    0.316    0.298
 6.25   6.00    0.614   39.553
 6.25   6.00    0.598    0.191   0.614   0.127
 6.25   6.00    0.599    0.183   0.614   0.119

 6.26   0.00    0.126    0.118   0.055   0.039   0.032   0.000   0.000   0.000   0.000   0.000   0.000 390423600
 6.26   3.85   30.883
 6.26   6.00    0.316    0.298
 6.26   6.00    0.614   39.555
 6.26   6.00    0.598    0.191   0.614   0.127
 6.26   6.00    0.598    0.183   0.614   0.119

 6.27   0.00    0.126    0.118   0.055   0.039   0.031   0.000   0.000   0.000   0.000   0.000   0.000 391047200
 6.27   3.86   30.948
 6.27   6.00    0.316    0.298
 6.27   6.00    0.614   39.558
 6.27   6.00    0.597    0.191   0.614   0.127
 6.27   6.00    0.598    0.183   0.614   0.119

 6.28   0.00    0.125    0.118   0.055   0.039   0.031   0.000   0.000   0.000   0.000   0.000   0.000 391670900
 6.28   3.87   31.012
 6.28   6.00    0.316    0.298
 6.28   6.00    0.614   39.560
 6.28   6.00    0.597    0.190   0.614   0.127
 6.28   6.00    0.598    0.182   0.614   0.119

 6.29   0.00    0.125    0.117   0.055   0.039   0.031   0.000   0.000   0.000   0.000   0.000   0.000 392294600
 6.29   3.87   31.075
 6.29   6.00    0.315    0.298
 6.29   6.00    0.614   39.563
 6.29   6.00    0.597    0.190   0.614   0.127
 6.29   6.00    0.598    0.182   0.614   0.119

 6.30   0.00    0.125    0.117   0.055   0.039   0.031   0.000   0.000   0.000   0.000   0.000   0.000 392918300
 6.30   3.88   31.139
 6.30   6.00    0.315    0.298
 6.30   6.00    0.614   39.565
 6.30   6.00    0.597    0.190   0.614   0.126
 6.30   6.00    0.598    0.182   0.614   0.118

 6.31   0.00    0.125    0.117   0.055   0.039   0.031   0.000   0.000   0.000   0.000   0.000   0.000 393542000
 6.31   3.89   31.202
 6.31   6.00    0.315    0.298
 6.31   6.00    0.613   39.568
 6.31   6.00    0.597    0.190   0.613   0.126
 6.31   6.00    0.598    0.182   0.613   0.118

 6.32   0.00    0.125    0.117   0.055   0.039   0.031   0.000   0.000   0.000   0.000   0.000   0.000 394165600
 6.32   3.90   31.265
 6.32   6.00    0.315    0.298
 6.32   6.00    0.613   39.570
 6.32   6.00    0.597    0.189   0.613   0.126
 6.32   6.00    0.598    0.182   0.613   0.118

 6.33   0.00    0.124    0.117   0.055   0.039   0.031   0.000   0.000   0.000   0.000   0.000   0.000 394789300
 6.33   3.91   31.327
 6.33   6.00    0.315    0.298
 6.33   6.00    0.613   39.572
 6.33   6.00    0.597    0.189   0.613   0.126
 6.33   6.00    0.597    0.181   0.613   0.118

 6.34   0.00    0.124    0.116   0.055   0.039   0.031   0.000   0.000   0.000   0.000   0.000   0.000 395413000
 6.34   3.91   31.390
 6.34   6.00    0.315    0.298
 6.34   6.00    0.613   39.575
 6.34   6.00    0.596    0.189   0.613   0.126
 6.34   6.00    0.597    0.181   0.613   0.118

 6.35   0.00    0.124    0.116   0.054   0.039   0.031   0.000   0.000   0.000   0.000   0.000   0.000 396036700
 6.35   3.92   31.452
 6.35   6.00    0.314    0.298
 6.35   6.00    0.613   39.577
 6.35   6.00    0.596    0.189   0.613   0.125
 6.35   6.00    0.597    0.181   0.613   0.118

 6.36   0.00    0.124    0.116   0.054   0.039   0.031   0.000   0.000   0.000   0.000   0.000   0.000 396660400
 6.36   3.93   31.513
 6.36   6.00    0.314    0.298
 6.36   6.00    0.613   39.579
 6.36   6.00    0.596    0.188   0.613   0.125
 6.36   6.00    0.597    0.181   0.613   0.117

 6.37   0.00    0.124    0.116   0.054   0.039   0.030   0.000   0.000   0.000   0.000   0.000   0.000 397284000
 6.37   3.94   31.575
 6.37   6.00    0.314    0.298
 6.37   6.00    0.612   39.582
 6.37   6.00    0.596    0.188   0.612   0.125
 6.37   6.00    0.597    0.181   0.612   0.117

 6.38   0.00    0.123    0.116   0.054   0.039   0.030   0.000   0.000   0.000   0.000   0.000   0.000 397907700
 6.38   3.95   31.636
 6.38   6.00    0.314    0.298
 6.38   6.00    0.612   39.584
 6.38   6.00    0.596    0.188   0.612   0.125
 6.38   6.00    0.597    0.180   0.612   0.117

 6.39   0.00    0.123    0.116   0.054   0.039   0.030   0.000   0.000   0.000   0.000   0.000   0.000 398531400
 6.39   3.96   31.697
 6.39   6.00    0.314    0.298
 6.39   6.00    0.612   39.586
 6.39   6.00    0.596    0.188   0.612   0.124
 6.39   6.00    0.597    0.180   0.612   0.117

 6.40   0.00    0.123    0.115   0.054   0.039   0.030   0.000   0.000   0.000   0.000   0.000   0.000 399155100
 6.40   3.96   31.758
 6.40   6.00    0.314    0.298
 6.40   6.00    0.612   39.589
 6.40   6.00    0.596    0.188   0.612   0.124
 6.40   6.00    0.596    0.180   0.612   0.117

 6.41   0.00    0.123    0.115   0.054   0.039   0.030   0.000   0.000   0.000   0.000   0.000   0.000 399778800
 6.41   3.97   31.818
 6.41   6.00    0.313    0.298
 6.41   6.00    0.612   39.591
 6.41   6.00    0.596    0.187   0.612   0.124
 6.41   6.00    0.596    0.180   0.612   0.116

 6.42   0.00    0.122    0.115   0.054   0.039   0.030   0.000   0.000   0.000   0.000   0.000   0.000 400402400
 6.42   3.98   31.878
 6.42   6.00    0.313    0.298
 6.42   6.00    0.612   39.593
 6.42   6.00    0.595    0.187   0.612   0.124
 6.42   6.00    0.596    0.180   0.612   0.116

 6.43   0.00    0.122    0.115   0.054   0.039   0.030   0.000   0.000   0.000   0.000   0.000   0.000 401026100
 6.43   3.99   31.938
 6.43   6.00    0.313    0.298
 6.43   6.00    0.611   39.595
 6.43   6.00    0.595    0.187   0.611   0.124
 6.43   6.00    0.596    0.179   0.611   0.116

 6.44   0.00    0.122    0.115   0.054   0.039   0.030   0.000   0.000   0.000   0.000   0.000   0.000 401649800
 6.44   4.00   31.997
 6.44   6.00    0.313    0.298
 6.44   6.00    0.611   39.598
 6.44   6.00    0.595    0.187   0.611   0.123
 6.44   6.00    0.596    0.179   0.611   0.116

 6.45   0.00    0.122    0.115   0.054   0.039   0.030   0.000   0.000   0.000   0.000   0.000   0.000 402273500
 6.45   4.01   32.056
 6.45   6.00    0.313    0.298
 6.45   6.00    0.611   39.600
 6.45   6.00    0.595    0.186   0.611   0.123
 6.45   6.00    0.596    0.179   0.611   0.116

 6.46   0.00    0.122    0.114   0.053   0.039   0.029   0.000   0.000   0.000   0.000   0.000   0.000 402897200
 6.46   4.01   32.115
 6.46   6.00    0.313    0.298
 6.46   6.00    0.611   39.602
 6.46   6.00    0.595    0.186   0.611   0.123
 6.46   6.00    0.596    0.179   0.611   0.116

 6.47   0.00    0.121    0.114   0.053   0.039   0.029   0.000   0.000   0.000   0.000   0.000   0.000 403520800
 6.47   4.02   32.174
 6.47   6.00    0.312    0.298
 6.47   6.00    0.611   39.604
 6.47   6.00    0.595    0.186   0.611   0.123
 6.47   6.00    0.595    0.179   0.611   0.115

 6.48   0.00    0.121    0.114   0.053   0.039   0.029   0.000   0.000   0.000   0.000   0.000   0.000 404144500
 6.48   4.03   32.233
 6.48   6.00    0.312    0.298
 6.48   6.00    0.611   39.606
 6.48   6.00    0.595    0.186   0.611   0.123
 6.48   6.00    0.595    0.178   0.611   0.115

 6.49   0.00    0.121    0.114   0.053   0.039   0.029   0.000   0.000   0.000   0.000   0.000   0.000 404768200
 6.49   4.04   32.291
 6.49   6.00    0.312    0.298
 6.49   6.00    0.611   39.608
 6.49   6.00    0.594    0.186   0.611   0.122
 6.49   6.00    0.595    0.178   0.611   0.115

 6.50   0.00    0.121    0.114   0.053   0.039   0.029   0.000   0.000   0.000   0.000   0.000   0.000 405391900
 6.50   4.05   32.349
 6.50   6.00    0.312    0.298
 6.50   6.00    0.610   39.611
 6.50   6.00    0.594    0.185   0.610   0.122
 6.50   6.00    0.595    0.178   0.610   0.115

 6.51   0.00    0.121    0.113   0.053   0.039   0.029   0.000   0.000   0.000   0.000   0.000   0.000 406015600
 6.51   4.05   32.406
 6.51   6.00    0.312    0.298
 6.51   6.00    0.610   39.613
 6.51   6.00    0.594    0.185   0.610   0.122
 6.51   6.00    0.595    0.178   0.610   0.115

 6.52   0.00    0.120    0.113   0.053   0.039   0.029   0.000   0.000   0.000   0.000   0.000   0.000 406639200
 6.52   4.06   32.464
 6.52   6.00    0.312    0.298
 6.52   6.00    0.610   39.615
 6.52   6.00    0.594    0.185   0.610   0.122
 6.52   6.00    0.595    0.178   0.610   0.115

 6.53   0.00    0.120    0.113   0.053   0.039   0.029   0.000   0.000   0.000   0.000   0.000   0.000 407262900
 6.53   4.07   32.521
 6.53   6.00    0.311    0.298
 6.53   6.00    0.610   39.617
 6.53   6.00    0.594    0.185   0.610   0.122
 6.53   6.00    0.595    0.177   0.610   0.114

 6.54   0.00    0.120    0.113   0.053   0.039   0.029   0.000   0.000   0.000   0.000   0.000   0.000 407886600
 6.54   4.08   32.578
 6.54   6.00    0.311    0.298
 6.54   6.00    0.610   39.619
 6.54   6.00    0.594    0.184   0.610   0.121
 6.54   6.00    0.594    0.177   0.610   0.114

 6.55   0.00    0.120    0.113   0.053   0.039   0.028   0.000   0.000   0.000   0.000   0.000   0.000 408510300
 6.55   4.09   32.635
 6.55   6.00    0.311    0.298
 6.55   6.00    0.610   39.621
 6.55   6.00    0.594    0.184   0.610   0.121
 6.55   6.00    0.594    0.177   0.610   0.114

 6.56   0.00    0.120    0.113   0.053   0.039   0.028   0.000   0.000   0.000   0.000   0.000   0.000 409134000
 6.56   4.10   32.691
 6.56   6.00    0.311    0.298
 6.56   6.00    0.609   39.623
 6.56   6.00    0.593    0.184   0.609   0.121
 6.56   6.00    0.594    0.177   0.609   0.114

 6.57   0.00    0.119    0.112   0.052   0.039   0.028   0.000   0.000   0.000   0.000   0.000   0.000 409757600
 6.57   4.10   32.747
 6.57   6.00    0.311    0.298
 6.57   6.00    0.609   39.625
 6.57   6.00    0.593    0.184   0.609   0.121
 6.57   6.00    0.594    0.177   0.609   0.114

 6.58   0.00    0.119    0.112   0.052   0.039   0.028   0.000   0.000   0.000   0.000   0.000   0.000 410381300
 6.58   4.11   32.803
 6.58   6.00    0.311    0.298
 6.58   6.00    0.609   39.627
 6.58   6.00    0.593    0.184   0.609   0.121
 6.58   6.00    0.594    0.176   0.609   0.113

 6.59   0.00    0.119    0.112   0.052   0.039   0.028   0.000   0.000   0.000   0.000   0.000   0.000 411005000
 6.59   4.12   32.859
 6.59   6.00    0.310    0.298
 6.59   6.00    0.609   39.629
 6.59   6.00    0.593    0.183   0.609   0.120
 6.59   6.00    0.594    0.176   0.609   0.113

 6.60   0.00    0.119    0.112   0.052   0.039   0.028   0.000   0.000   0.000   0.000   0.000   0.000 411628700
 6.60   4.13   32.914
 6.60   6.00    0.310    0.298
 6.60   6.00    0.609   39.631
 6.60   6.00    0.593    0.183   0.609   0.120
 6.60   6.00    0.594    0.176   0.609   0.113

 6.61   0.00    0.119    0.112   0.052   0.039   0.028   0.000   0.000   0.000   0.000   0.000   0.000 412252400
 6.61   4.14   32.970
 6.61   6.00    0.310    0.298
 6.61   6.00    0.609   39.633
 6.61   6.00    0.593    0.183   0.609   0.120
 6.61   6.00    0.593    0.176   0.609   0.113

 6.62   0.00    0.118    0.112   0.052   0.039   0.028   0.000   0.000   0.000   0.000   0.000   0.000 412876000
 6.62   4.15   33.025
 6.62   6.00    0.310    0.298
 6.62   6.00    0.608   39.635
 6.62   6.00    0.593    0.183   0.608   0.120
 6.62   6.00    0.593    0.176   0.608   0.113

 6.63   0.00    0.118    0.111   0.052   0.039   0.028   0.000   0.000   0.000   0.000   0.000   0.000 413499700
 6.63   4.15   33.079
 6.63   6.00    0.310    0.298
 6.63   6.00    0.608   39.637
 6.63   6.00    0.592    0.182   0.608   0.119
 6.63   6.00    0.593    0.176   0.608   0.113

 6.64   0.00    0.118    0.111   0.052   0.039   0.027   0.000   0.000   0.000   0.000   0.000   0.000 414123400
 6.64   4.16   33.134
 6.64   6.00    0.310    0.298
 6.64   6.00    0.608   39.639
 6.64   6.00    0.592    0.182   0.608   0.119
 6.64   6.00    0.593    0.175   0.608   0.112

 6.65   0.00    0.118    0.111   0.052   0.039   0.027   0.000   0.000   0.000   0.000   0.000   0.000 414747100
 6.65   4.17   33.188
 6.65   6.00    0.310    0.298
 6.65   6.00    0.608   39.640
 6.65   6.00    0.592    0.182   0.608   0.119
 6.65   6.00    0.593    0.175   0.608   0.112

 6.66   0.00    0.118    0.111   0.052   0.039   0.027   0.000   0.000   0.000   0.000   0.000   0.000 415370800
 6.66   4.18   33.242
 6.66   6.00    0.309    0.298
 6.66   6.00    0.608   39.642
 6.66   6.00    0.592    0.182   0.608   0.119
 6.66   6.00    0.593    0.175   0.608   0.112

 6.67   0.00    0.117    0.111   0.052   0.039   0.027   0.000   0.000   0.000   0.000   0.000   0.000 415994400
 6.67   4.19   33.296
 6.67   6.00    0.309    0.298
 6.67   6.00    0.608   39.644
 6.67   6.00    0.592    0.182   0.608   0.119
 6.67   6.00    0.593    0.175   0.608   0.112

 6.68   0.00    0.117    0.110   0.051   0.039   0.027   0.000   0.000   0.000   0.000   0.000   0.000 416618100
 6.68   4.20   33.349
 6.68   6.00    0.309    0.298
 6.68   6.00    0.608   39.646
 6.68   6.00    0.592    0.181   0.608   0.118
 6.68   6.00    0.593    0.175   0.608   0.112

 6.69   0.00    0.117    0.110   0.051   0.039   0.027   0.000   0.000   0.000   0.000   0.000   0.000 417241800
 6.69   4.20   33.403
 6.69   6.00    0.309    0.298
 6.69   6.00    0.607   39.648
 6.69   6.00    0.592    0.181   0.607   0.118
 6.69   6.00    0.592    0.174   0.607   0.112

 6.70   0.00    0.117    0.110   0.051   0.039   0.027   0.000   0.000   0.000   0.000   0.000   0.000 417865400
 6.70   4.21   33.456
 6.70   6.00    0.309    0.298
 6.70   6.00    0.607   39.650
 6.70   6.00    0.592    0.181   0.607   0.118
 6.70   6.00    0.592    0.174   0.607   0.111

 6.71   0.00    0.117    0.110   0.051   0.039   0.027   0.000   0.000   0.000   0.000   0.000   0.000 418489200
 6.71   4.22   33.509
 6.71   6.00    0.309    0.298
 6.71   6.00    0.607   39.651
 6.71   6.00    0.591    0.181   0.607   0.118
 6.71   6.00    0.592    0.174   0.607   0.111

 6.72   0.00    0.116    0.110   0.051   0.039   0.027   0.000   0.000   0.000   0.000   0.000   0.000 419112800
 6.72   4.23   33.561
 6.72   6.00    0.308    0.298
 6.72   6.00    0.607   39.653
 6.72   6.00    0.591    0.180   0.607   0.118
 6.72   6.00    0.592    0.174   0.607   0.111

 6.73   0.00    0.116    0.110   0.051   0.039   0.027   0.000   0.000   0.000   0.000   0.000   0.000 419736500
 6.73   4.24   33.614
 6.73   6.00    0.308    0.298
 6.73   6.00    0.607   39.655
 6.73   6.00    0.591    0.180   0.607   0.117
 6.73   6.00    0.592    0.174   0.607   0.111

 6.74   0.00    0.116    0.109   0.051   0.039   0.026   0.000   0.000   0.000   0.000   0.000   0.000 420360200
 6.74   4.25   33.666
 6.74   6.00    0.308    0.298
 6.74   6.00    0.607   39.657
 6.74   6.00    0.591    0.180   0.607   0.117
 6.74   6.00    0.592    0.173   0.607   0.111

 6.75   0.00    0.116    0.109   0.051   0.039   0.026   0.000   0.000   0.000   0.000   0.000   0.000 420983900
 6.75   4.25   33.718
 6.75   6.00    0.308    0.298
 6.75   6.00    0.606   39.659
 6.75   6.00    0.591    0.180   0.606   0.117
 6.75   6.00    0.592    0.173   0.606   0.110

 6.76   0.00    0.116    0.109   0.051   0.039   0.026   0.000   0.000   0.000   0.000   0.000   0.000 421607600
 6.76   4.26   33.770
 6.76   6.00    0.308    0.298
 6.76   6.00    0.606   39.660
 6.76   6.00    0.591    0.180   0.606   0.117
 6.76   6.00    0.591    0.173   0.606   0.110

 6.77   0.00    0.115    0.109   0.051   0.039   0.026   0.000   0.000   0.000   0.000   0.000   0.000 422231200
 6.77   4.27   33.821
 6.77   6.00    0.308    0.298
 6.77   6.00    0.606   39.662
 6.77   6.00    0.591    0.179   0.606   0.117
 6.77   6.00    0.591    0.173   0.606   0.110

 6.78   0.00    0.115    0.109   0.051   0.039   0.026   0.000   0.000   0.000   0.000   0.000   0.000 422854900
 6.78   4.28   33.873
 6.78   6.00    0.308    0.298
 6.78   6.00    0.606   39.664
 6.78   6.00    0.590    0.179   0.606   0.116
 6.78   6.00    0.591    0.173   0.606   0.110

 6.79   0.00    0.115    0.109   0.051   0.039   0.026   0.000   0.000   0.000   0.000   0.000   0.000 423478600
 6.79   4.29   33.924
 6.79   6.00    0.307    0.298
 6.79   6.00    0.606   39.665
 6.79   6.00    0.590    0.179   0.606   0.116
 6.79   6.00    0.591    0.172   0.606   0.110

 6.80   0.00    0.115    0.108   0.050   0.039   0.026   0.000   0.000   0.000   0.000   0.000   0.000 424102300
 6.80   4.30   33.975
 6.80   6.00    0.307    0.298
 6.80   6.00    0.606   39.667
 6.80   6.00    0.590    0.179   0.606   0.116
 6.80   6.00    0.591    0.172   0.606   0.110

 6.81   0.00    0.115    0.108   0.050   0.039   0.026   0.000   0.000   0.000   0.000   0.000   0.000 424726000
 6.81   4.30   34.026
 6.81   6.00    0.307    0.298
 6.81   6.00    0.606   39.669
 6.81   6.00    0.590    0.179   0.606   0.116
 6.81   6.00    0.591    0.172   0.606   0.109

 6.82   0.00    0.114    0.108   0.050   0.039   0.026   0.000   0.000   0.000   0.000   0.000   0.000 425349600
 6.82   4.31   34.076
 6.82   6.00    0.307    0.298
 6.82   6.00    0.605   39.671
 6.82   6.00    0.590    0.178   0.605   0.116
 6.82   6.00    0.591    0.172   0.605   0.109

 6.83   0.00    0.114    0.108   0.050   0.039   0.025   0.000   0.000   0.000   0.000   0.000   0.000 425973300
 6.83   4.32   34.126
 6.83   6.00    0.307    0.298
 6.83   6.00    0.605   39.672
 6.83   6.00    0.590    0.178   0.605   0.115
 6.83   6.00    0.591    0.172   0.605   0.109

 6.84   0.00    0.114    0.108   0.050   0.039   0.025   0.000   0.000   0.000   0.000   0.000   0.000 426597000
 6.84   4.33   34.177
 6.84   6.00    0.307    0.298
 6.84   6.00    0.605   39.674
 6.84   6.00    0.590    0.178   0.605   0.115
 6.84   6.00    0.590    0.172   0.605   0.109

 6.85   0.00    0.114    0.108   0.050   0.039   0.025   0.000   0.000   0.000   0.000   0.000   0.000 427220700
 6.85   4.34   34.226
 6.85   6.00    0.306    0.298
 6.85   6.00    0.605   39.675
 6.85   6.00    0.590    0.178   0.605   0.115
 6.85   6.00    0.590    0.171   0.605   0.109

 6.86   0.00    0.114    0.107   0.050   0.039   0.025   0.000   0.000   0.000   0.000   0.000   0.000 427844400
 6.86   4.35   34.276
 6.86   6.00    0.306    0.298
 6.86   6.00    0.605   39.677
 6.86   6.00    0.589    0.177   0.605   0.115
 6.86   6.00    0.590    0.171   0.605   0.109

 6.87   0.00    0.113    0.107   0.050   0.039   0.025   0.000   0.000   0.000   0.000   0.000   0.000 428468000
 6.87   4.35   34.326
 6.87   6.00    0.306    0.298
 6.87   6.00    0.605   39.679
 6.87   6.00    0.589    0.177   0.605   0.115
 6.87   6.00    0.590    0.171   0.605   0.108

 6.88   0.00    0.113    0.107   0.050   0.039   0.025   0.000   0.000   0.000   0.000   0.000   0.000 429091700
 6.88   4.36   34.375
 6.88   6.00    0.306    0.298
 6.88   6.00    0.604   39.680
 6.88   6.00    0.589    0.177   0.604   0.114
 6.88   6.00    0.590    0.171   0.604   0.108

 6.89   0.00    0.113    0.107   0.050   0.039   0.025   0.000   0.000   0.000   0.000   0.000   0.000 429715400
 6.89   4.37   34.424
 6.89   6.00    0.306    0.298
 6.89   6.00    0.604   39.682
 6.89   6.00    0.589    0.177   0.604   0.114
 6.89   6.00    0.590    0.171   0.604   0.108

 6.90   0.00    0.113    0.107   0.050   0.039   0.025   0.000   0.000   0.000   0.000   0.000   0.000 430339100
 6.90   4.38   34.473
 6.90   6.00    0.306    0.298
 6.90   6.00    0.604   39.683
 6.90   6.00    0.589    0.177   0.604   0.114
 6.90   6.00    0.590    0.170   0.604   0.108

 6.91   0.00    0.113    0.106   0.050   0.039   0.025   0.000   0.000   0.000   0.000   0.000   0.000 430962700
 6.91   4.39   34.521
 6.91   6.00    0.306    0.298
 6.91   6.00    0.604   39.685
 6.91   6.00    0.589    0.176   0.604   0.114
 6.91   6.00    0.589    0.170   0.604   0.108

 6.92   0.00    0.112    0.106   0.049   0.038   0.024   0.000   0.000   0.000   0.000   0.000   0.000 431586400
 6.92   4.40   34.570
 6.92   6.00    0.305    0.298
 6.92   6.00    0.604   39.687
 6.92   6.00    0.589    0.176   0.604   0.114
 6.92   6.00    0.589    0.170   0.604   0.107

 6.93   0.00    0.112    0.106   0.049   0.038   0.024   0.000   0.000   0.000   0.000   0.000   0.000 432210100
 6.93   4.40   34.618
 6.93   6.00    0.305    0.298
 6.93   6.00    0.604   39.688
 6.93   6.00    0.589    0.176   0.604   0.113
 6.93   6.00    0.589    0.170   0.604   0.107

 6.94   0.00    0.112    0.106   0.049   0.038   0.024   0.000   0.000   0.000   0.000   0.000   0.000 432833800
 6.94   4.41   34.666
 6.94   6.00    0.305    0.298
 6.94   6.00    0.604   39.690
 6.94   6.00    0.588    0.176   0.604   0.113
 6.94   6.00    0.589    0.170   0.604   0.107

 6.95   0.00    0.112    0.106   0.049   0.038   0.024   0.000   0.000   0.000   0.000   0.000   0.000 433457400
 6.95   4.42   34.714
 6.95   6.00    0.305    0.298
 6.95   6.00    0.603   39.691
 6.95   6.00    0.588    0.176   0.603   0.113
 6.95   6.00    0.589    0.169   0.603   0.107

 6.96   0.00    0.112    0.106   0.049   0.038   0.024   0.000   0.000   0.000   0.000   0.000   0.000 434081200
 6.96   4.43   34.762
 6.96   6.00    0.305    0.298
 6.96   6.00    0.603   39.693
 6.96   6.00    0.588    0.175   0.603   0.113
 6.96   6.00    0.589    0.169   0.603   0.107

 6.97   0.00    0.111    0.105   0.049   0.038   0.024   0.000   0.000   0.000   0.000   0.000   0.000 434704800
 6.97   4.44   34.809
 6.97   6.00    0.305    0.298
 6.97   6.00    0.603   39.694
 6.97   6.00    0.588    0.175   0.603   0.113
 6.97   6.00    0.589    0.169   0.603   0.107

 6.98   0.00    0.111    0.105   0.049   0.038   0.024   0.000   0.000   0.000   0.000   0.000   0.000 435328500
 6.98   4.45   34.857
 6.98   6.00    0.305    0.298
 6.98   6.00    0.603   39.696
 6.98   6.00    0.588    0.175   0.603   0.113
 6.98   6.00    0.589    0.169   0.603   0.106

 6.99   0.00    0.111    0.105   0.049   0.038   0.024   0.000   0.000   0.000   0.000   0.000   0.000 435952200
 6.99   4.45   34.904
 6.99   6.00    0.304    0.298
 6.99   6.00    0.603   39.697
 6.99   6.00    0.588    0.175   0.603   0.112
 6.99   6.00    0.588    0.169   0.603   0.106

 7.00   0.00    0.111    0.105   0.049   0.038   0.024   0.000   0.000   0.000   0.000   0.000   0.000 436575900
 7.00   4.46   34.951
 7.00   6.00    0.304    0.298
 7.00   6.00    0.603   39.699
 7.00   6.00    0.588    0.175   0.603   0.112
 7.00   6.00    0.588    0.169   0.603   0.106

 7.01   0.00    0.111    0.105   0.049   0.038   0.024   0.000   0.000   0.000   0.000   0.000   0.000 437199600
 7.01   4.47   34.997
 7.01   6.00    0.304    0.298
 7.01   6.00    0.603   39.700
 7.01   6.00    0.588    0.174   0.603   0.112
 7.01   6.00    0.588    0.168   0.603   0.106

 7.02   0.00    0.111    0.105   0.049   0.038   0.023   0.000   0.000   0.000   0.000   0.000   0.000 437823200
 7.02   4.48   35.044
 7.02   6.00    0.304    0.298
 7.02   6.00    0.602   39.702
 7.02   6.00    0.587    0.174   0.602   0.112
 7.02   6.00    0.588    0.168   0.602   0.106

 7.03   0.00    0.110    0.105   0.049   0.038   0.023   0.000   0.000   0.000   0.000   0.000   0.000 438446900
 7.03   4.49   35.090
 7.03   6.00    0.304    0.298
 7.03   6.00    0.602   39.703
 7.03   6.00    0.587    0.174   0.602   0.112
 7.03   6.00    0.588    0.168   0.602   0.106

 7.04   0.00    0.110    0.104   0.049   0.038   0.023   0.000   0.000   0.000   0.000   0.000   0.000 439070600
 7.04   4.50   35.137
 7.04   6.00    0.304    0.298
 7.04   6.00    0.602   39.704
 7.04   6.00    0.587    0.174   0.602   0.112
 7.04   6.00    0.588    0.168   0.602   0.106

 7.05   0.00    0.110    0.104   0.048   0.038   0.023   0.000   0.000   0.000   0.000   0.000   0.000 439694300
 7.05   4.50   35.183
 7.05   6.00    0.303    0.298
 7.05   6.00    0.602   39.706
 7.05   6.00    0.587    0.174   0.602   0.111
 7.05   6.00    0.588    0.168   0.602   0.106

 7.06   0.00    0.110    0.104   0.048   0.038   0.023   0.000   0.000   0.000   0.000   0.000   0.000 440317900
 7.06   4.51   35.228
 7.06   6.00    0.303    0.298
 7.06   6.00    0.602   39.707
 7.06   6.00    0.587    0.174   0.602   0.111
 7.06   6.00    0.587    0.168   0.602   0.105

 7.07   0.00    0.110    0.104   0.048   0.038   0.023   0.000   0.000   0.000   0.000   0.000   0.000 440941600
 7.07   4.52   35.274
 7.07   6.00    0.303    0.298
 7.07   6.00    0.602   39.709
 7.07   6.00    0.587    0.173   0.602   0.111
 7.07   6.00    0.587    0.168   0.602   0.105

 7.08   0.00    0.110    0.104   0.048   0.038   0.023   0.000   0.000   0.000   0.000   0.000   0.000 441565300
 7.08   4.53   35.319
 7.08   6.00    0.303    0.298
 7.08   6.00    0.601   39.710
 7.08   6.00    0.587    0.173   0.601   0.111
 7.08   6.00    0.587    0.167   0.601   0.105

 7.09   0.00    0.110    0.104   0.048   0.038   0.023   0.000   0.000   0.000   0.000   0.000   0.000 442189000
 7.09   4.54   35.365
 7.09   6.00    0.303    0.298
 7.09   6.00    0.601   39.712
 7.09   6.00    0.586    0.173   0.601   0.111
 7.09   6.00    0.587    0.167   0.601   0.105

 7.10   0.00    0.109    0.104   0.048   0.038   0.023   0.000   0.000   0.000   0.000   0.000   0.000 442812600
 7.10   4.55   35.410
 7.10   6.00    0.303    0.298
 7.10   6.00    0.601   39.713
 7.10   6.00    0.586    0.173   0.601   0.111
 7.10   6.00    0.587    0.167   0.601   0.105

 7.11   0.00    0.109    0.104   0.048   0.038   0.023   0.000   0.000   0.000   0.000   0.000   0.000 443436400
 7.11   4.56   35.455
 7.11   6.00    0.303    0.298
 7.11   6.00    0.601   39.714
 7.11   6.00    0.586    0.173   0.601   0.111
 7.11   6.00    0.587    0.167   0.601   0.105

 7.12   0.00    0.109    0.104   0.048   0.038   0.023   0.000   0.000   0.000   0.000   0.000   0.000 444060000
 7.12   4.56   35.500
 7.12   6.00    0.302    0.298
 7.12   6.00    0.601   39.716
 7.12   6.00    0.586    0.173   0.601   0.110
 7.12   6.00    0.587    0.167   0.601   0.105

 7.13   0.00    0.109    0.103   0.048   0.038   0.023   0.000   0.000   0.000   0.000   0.000   0.000 444683700
 7.13   4.57   35.544
 7.13   6.00    0.302    0.298
 7.13   6.00    0.601   39.717
 7.13   6.00    0.586    0.172   0.601   0.110
 7.13   6.00    0.587    0.167   0.601   0.105

 7.14   0.00    0.109    0.103   0.048   0.038   0.023   0.000   0.000   0.000   0.000   0.000   0.000 445307400
 7.14   4.58   35.589
 7.14   6.00    0.302    0.298
 7.14   6.00    0.601   39.718
 7.14   6.00    0.586    0.172   0.601   0.110
 7.14   6.00    0.586    0.167   0.601   0.104

 7.15   0.00    0.109    0.103   0.048   0.038   0.023   0.000   0.000   0.000   0.000   0.000   0.000 445931100
 7.15   4.59   35.633
 7.15   6.00    0.302    0.298
 7.15   6.00    0.600   39.720
 7.15   6.00    0.586    0.172   0.600   0.110
 7.15   6.00    0.586    0.166   0.600   0.104

 7.16   0.00    0.109    0.103   0.048   0.038   0.023   0.000   0.000   0.000   0.000   0.000   0.000 446554700
 7.16   4.60   35.677
 7.16   6.00    0.302    0.298
 7.16   6.00    0.600   39.721
 7.16   6.00    0.586    0.172   0.600   0.110
 7.16   6.00    0.586    0.166   0.600   0.104

 7.17   0.00    0.108    0.103   0.048   0.038   0.023   0.000   0.000   0.000   0.000   0.000   0.000 447178400
 7.17   4.60   35.714
 7.17   6.00    0.302    0.298
 7.17   6.00    0.600   39.722
 7.17   6.00    0.585    0.172   0.600   0.110
 7.17   6.00    0.586    0.166   0.600   0.104

 7.18   0.00    0.108    0.103   0.047   0.038   0.023   0.000   0.000   0.000   0.000   0.000   0.000 447802100
 7.18   4.60   35.719
 7.18   6.00    0.302    0.298
 7.18   6.00    0.600   39.724
 7.18   6.00    0.585    0.172   0.600   0.110
 7.18   6.00    0.586    0.166   0.600   0.104

 7.19   0.00    0.108    0.103   0.047   0.038   0.022   0.000   0.000   0.000   0.000   0.000   0.000 448425800
 7.19   4.60   35.724
 7.19   6.00    0.301    0.298
 7.19   6.00    0.600   39.725
 7.19   6.00    0.585    0.172   0.600   0.109
 7.19   6.00    0.586    0.166   0.600   0.104

 7.20   0.00    0.108    0.103   0.047   0.038   0.022   0.000   0.000   0.000   0.000   0.000   0.000 449049400
 7.20   4.60   35.729
 7.20   6.00    0.301    0.298
 7.20   6.00    0.600   39.726
 7.20   6.00    0.585    0.171   0.600   0.109
 7.20   6.00    0.586    0.166   0.600   0.104

 7.21   0.00    0.108    0.102   0.047   0.038   0.022   0.000   0.000   0.000   0.000   0.000   0.000 449673200
 7.21   4.60   35.734
 7.21   6.00    0.301    0.298
 7.21   6.00    0.600   39.727
 7.21   6.00    0.585    0.171   0.600   0.109
 7.21   6.00    0.586    0.166   0.600   0.104

 7.22   0.00    0.108    0.102   0.047   0.038   0.022   0.000   0.000   0.000   0.000   0.000   0.000 450296800
 7.22   4.60   35.740
 7.22   6.00    0.301    0.298
 7.22   6.00    0.599   39.729
 7.22   6.00    0.585    0.171   0.599   0.109
 7.22   6.00    0.585    0.166   0.599   0.103

 7.23   0.00    0.108    0.102   0.047   0.038   0.022   0.000   0.000   0.000   0.000   0.000   0.000 450920500
 7.23   4.60   35.745
 7.23   6.00    0.301    0.298
 7.23   6.00    0.599   39.730
 7.23   6.00    0.585    0.171   0.599   0.109
 7.23   6.00    0.585    0.165   0.599   0.103

 7.24   0.00    0.108    0.102   0.047   0.038   0.022   0.000   0.000   0.000   0.000   0.000   0.000 451544200
 7.24   4.60   35.750
 7.24   6.00    0.301    0.298
 7.24   6.00    0.599   39.731
 7.24   6.00    0.585    0.171   0.599   0.109
 7.24   6.00    0.585    0.165   0.599   0.103

 7.25   0.00    0.107    0.102   0.047   0.038   0.022   0.000   0.000   0.000   0.000   0.000   0.000 452167800
 7.25   4.60   35.755
 7.25   6.00    0.301    0.298
 7.25   6.00    0.599   39.733
 7.25   6.00    0.584    0.171   0.599   0.109
 7.25   6.00    0.585    0.165   0.599   0.103

 7.26   0.00    0.107    0.102   0.047   0.038   0.022   0.000   0.000   0.000   0.000   0.000   0.000 452791600
 7.26   4.60   35.760
 7.26   6.00    0.300    0.298
 7.26   6.00    0.599   39.734
 7.26   6.00    0.584    0.170   0.599   0.108
 7.26   6.00    0.585    0.165   0.599   0.103

 7.27   0.00    0.107    0.102   0.047   0.038   0.022   0.000   0.000   0.000   0.000   0.000   0.000 453415200
 7.27   4.60   35.766
 7.27   6.00    0.300    0.298
 7.27   6.00    0.599   39.735
 7.27   6.00    0.584    0.170   0.599   0.108
 7.27   6.00    0.585    0.165   0.599   0.103

 7.28   0.00    0.107    0.102   0.047   0.038   0.022   0.000   0.000   0.000   0.000   0.000   0.000 454038900
 7.28   4.60   35.771
 7.28   6.00    0.300    0.298
 7.28   6.00    0.599   39.736
 7.28   6.00    0.584    0.170   0.599   0.108
 7.28   6.00    0.585    0.165   0.599   0.103

 7.29   0.00    0.107    0.102   0.047   0.038   0.022   0.000   0.000   0.000   0.000   0.000   0.000 454662600
 7.29   4.60   35.776
 7.29   6.00    0.300    0.298
 7.29   6.00    0.598   39.737
 7.29   6.00    0.584    0.170   0.598   0.108
 7.29   6.00    0.584    0.165   0.598   0.103

 7.30   0.00    0.107    0.101   0.047   0.038   0.022   0.000   0.000   0.000   0.000   0.000   0.000 455286300
 7.30   4.60   35.781
 7.30   6.00    0.300    0.298
 7.30   6.00    0.598   39.739
 7.30   6.00    0.584    0.170   0.598   0.108
 7.30   6.00    0.584    0.165   0.598   0.103

 7.31   0.00    0.107    0.101   0.046   0.038   0.022   0.000   0.000   0.000   0.000   0.000   0.000 455909900
 7.31   4.60   35.787
 7.31   6.00    0.300    0.298
 7.31   6.00    0.598   39.740
 7.31   6.00    0.584    0.170   0.598   0.108
 7.31   6.00    0.584    0.164   0.598   0.102

 7.32   0.00    0.106    0.101   0.046   0.038   0.022   0.000   0.000   0.000   0.000   0.000   0.000 456533600
 7.32   4.60   35.792
 7.32   6.00    0.300    0.298
 7.32   6.00    0.598   39.741
 7.32   6.00    0.584    0.170   0.598   0.108
 7.32   6.00    0.584    0.164   0.598   0.102

 7.33   0.00    0.106    0.101   0.046   0.038   0.022   0.000   0.000   0.000   0.000   0.000   0.000 457157300
 7.33   4.60   35.797
 7.33   6.00    0.299    0.298
 7.33   6.00    0.598   39.742
 7.33   6.00    0.583    0.169   0.598   0.108
 7.33   6.00    0.584    0.164   0.598   0.102

 7.34   0.00    0.106    0.101   0.046   0.038   0.022   0.000   0.000   0.000   0.000   0.000   0.000 457781000
 7.34   4.60   35.802
 7.34   6.00    0.299    0.298
 7.34   6.00    0.598   39.743
 7.34   6.00    0.583    0.169   0.598   0.107
 7.34   6.00    0.584    0.164   0.598   0.102

 7.35   0.00    0.106    0.101   0.046   0.038   0.022   0.000   0.000   0.000   0.000   0.000   0.000 458404600
 7.35   4.60   35.808
 7.35   6.00    0.299    0.298
 7.35   6.00    0.598   39.745
 7.35   6.00    0.583    0.169   0.598   0.107
 7.35   6.00    0.584    0.164   0.598   0.102

 7.36   0.00    0.106    0.101   0.046   0.038   0.022   0.000   0.000   0.000   0.000   0.000   0.000 459028400
 7.36   4.60   35.813
 7.36   6.00    0.299    0.298
 7.36   6.00    0.598   39.746
 7.36   6.00    0.583    0.169   0.598   0.107
 7.36   6.00    0.584    0.164   0.598   0.102

 7.37   0.00    0.106    0.101   0.046   0.038   0.022   0.000   0.000   0.000   0.000   0.000   0.000 459652000
 7.37   4.60   35.818
 7.37   6.00    0.299    0.298
 7.37   6.00    0.597   39.747
 7.37   6.00    0.583    0.169   0.597   0.107
 7.37   6.00    0.583    0.164   0.597   0.102

 7.38   0.00    0.106    0.101   0.046   0.038   0.021   0.000   0.000   0.000   0.000   0.000   0.000 460275700
 7.38   4.60   35.823
 7.38   6.00    0.299    0.298
 7.38   6.00    0.597   39.748
 7.38   6.00    0.583    0.169   0.597   0.107
 7.38   6.00    0.583    0.164   0.597   0.102

 7.39   0.00    0.106    0.100   0.046   0.038   0.021   0.000   0.000   0.000   0.000   0.000   0.000 460899400
 7.39   4.60   35.829
 7.39   6.00    0.299    0.298
 7.39   6.00    0.597   39.749
 7.39   6.00    0.583    0.169   0.597   0.107
 7.39   6.00    0.583    0.163   0.597   0.102

 7.40   0.00    0.105    0.100   0.046   0.038   0.021   0.000   0.000   0.000   0.000   0.000   0.000 461523100
 7.40   4.60   35.834
 7.40   6.00    0.299    0.298
 7.40   6.00    0.597   39.750
 7.40   6.00    0.583    0.168   0.597   0.107
 7.40   6.00    0.583    0.163   0.597   0.101

 7.41   0.00    0.105    0.100   0.046   0.038   0.021   0.000   0.000   0.000   0.000   0.000   0.000 462146700
 7.41   4.60   35.839
 7.41   6.00    0.298    0.298
 7.41   6.00    0.597   39.751
 7.41   6.00    0.582    0.168   0.597   0.106
 7.41   6.00    0.583    0.163   0.597   0.101

 7.42   0.00    0.105    0.100   0.046   0.038   0.021   0.000   0.000   0.000   0.000   0.000   0.000 462770400
 7.42   4.60   35.845
 7.42   6.00    0.298    0.298
 7.42   6.00    0.597   39.753
 7.42   6.00    0.582    0.168   0.597   0.106
 7.42   6.00    0.583    0.163   0.597   0.101

 7.43   0.00    0.105    0.100   0.046   0.038   0.021   0.000   0.000   0.000   0.000   0.000   0.000 463394100
 7.43   4.60   35.850
 7.43   6.00    0.298    0.298
 7.43   6.00    0.597   39.754
 7.43   6.00    0.582    0.168   0.597   0.106
 7.43   6.00    0.583    0.163   0.597   0.101

 7.44   0.00    0.105    0.100   0.046   0.038   0.021   0.000   0.000   0.000   0.000   0.000   0.000 464017800
 7.44   4.60   35.855
 7.44   6.00    0.298    0.298
 7.44   6.00    0.596   39.755
 7.44   6.00    0.582    0.168   0.596   0.106
 7.44   6.00    0.583    0.163   0.596   0.101

 7.45   0.00    0.105    0.100   0.045   0.038   0.021   0.000   0.000   0.000   0.000   0.000   0.000 464641400
 7.45   4.60   35.861
 7.45   6.00    0.298    0.298
 7.45   6.00    0.596   39.756
 7.45   6.00    0.582    0.168   0.596   0.106
 7.45   6.00    0.582    0.163   0.596   0.101

 7.46   0.00    0.105    0.100   0.045   0.038   0.021   0.000   0.000   0.000   0.000   0.000   0.000 465265100
 7.46   4.60   35.866
 7.46   6.00    0.298    0.298
 7.46   6.00    0.596   39.757
 7.46   6.00    0.582    0.168   0.596   0.106
 7.46   6.00    0.582    0.163   0.596   0.101

 7.47   0.00    0.105    0.100   0.045   0.038   0.021   0.000   0.000   0.000   0.000   0.000   0.000 465888800
 7.47   4.60   35.871
 7.47   6.00    0.298    0.298
 7.47   6.00    0.596   39.758
 7.47   6.00    0.582    0.167   0.596   0.106
 7.47   6.00    0.582    0.162   0.596   0.101

 7.48   0.00    0.104    0.099   0.045   0.038   0.021   0.000   0.000   0.000   0.000   0.000   0.000 466512500
 7.48   4.60   35.877
 7.48   6.00    0.297    0.298
 7.48   6.00    0.596   39.759
 7.48   6.00    0.582    0.167   0.596   0.106
 7.48   6.00    0.582    0.162   0.596   0.101

 7.49   0.00    0.104    0.099   0.045   0.038   0.021   0.000   0.000   0.000   0.000   0.000   0.000 467136200
 7.49   4.60   35.882
 7.49   6.00    0.297    0.298
 7.49   6.00    0.596   39.760
 7.49   6.00    0.581    0.167   0.596   0.105
 7.49   6.00    0.582    0.162   0.596   0.100

 7.50   0.00    0.104    0.099   0.045   0.038   0.021   0.000   0.000   0.000   0.000   0.000   0.000 467759800
 7.50   4.60   35.887
 7.50   6.00    0.297    0.298
 7.50   6.00    0.596   39.761
 7.50   6.00    0.581    0.167   0.596   0.105
 7.50   6.00    0.582    0.162   0.596   0.100

 7.51   0.00    0.104    0.099   0.045   0.038   0.021   0.000   0.000   0.000   0.000   0.000   0.000 468383600
 7.51   4.60   35.893
 7.51   6.00    0.297    0.298
 7.51   6.00    0.595   39.762
 7.51   6.00    0.581    0.167   0.595   0.105
 7.51   6.00    0.582    0.162   0.595   0.100

 7.52   0.00    0.104    0.099   0.045   0.038   0.021   0.000   0.000   0.000   0.000   0.000   0.000 469007200
 7.52   4.60   35.898
 7.52   6.00    0.297    0.298
 7.52   6.00    0.595   39.763
 7.52   6.00    0.581    0.167   0.595   0.105
 7.52   6.00    0.582    0.162   0.595   0.100

 7.53   0.00    0.104    0.099   0.045   0.038   0.021   0.000   0.000   0.000   0.000   0.000   0.000 469630900
 7.53   4.60   35.903
 7.53   6.00    0.297    0.298
 7.53   6.00    0.595   39.765
 7.53   6.00    0.581    0.167   0.595   0.105
 7.53   6.00    0.581    0.162   0.595   0.100

 7.54   0.00    0.104    0.099   0.045   0.038   0.021   0.000   0.000   0.000   0.000   0.000   0.000 470254600
 7.54   4.60   35.909
 7.54   6.00    0.297    0.298
 7.54   6.00    0.595   39.766
 7.54   6.00    0.581    0.166   0.595   0.105
 7.54   6.00    0.581    0.162   0.595   0.100

 7.55   0.00    0.103    0.099   0.045   0.038   0.021   0.000   0.000   0.000   0.000   0.000   0.000 470878300
 7.55   4.60   35.914
 7.55   6.00    0.296    0.298
 7.55   6.00    0.595   39.767
 7.55   6.00    0.581    0.166   0.595   0.105
 7.55   6.00    0.581    0.161   0.595   0.100

 7.56   0.00    0.103    0.099   0.045   0.038   0.021   0.000   0.000   0.000   0.000   0.000   0.000 471501900
 7.56   4.60   35.919
 7.56   6.00    0.296    0.298
 7.56   6.00    0.595   39.768
 7.56   6.00    0.581    0.166   0.595   0.105
 7.56   6.00    0.581    0.161   0.595   0.100

 7.57   0.00    0.103    0.098   0.045   0.038   0.020   0.000   0.000   0.000   0.000   0.000   0.000 472125600
 7.57   4.60   35.925
 7.57   6.00    0.296    0.298
 7.57   6.00    0.595   39.769
 7.57   6.00    0.580    0.166   0.595   0.104
 7.57   6.00    0.581    0.161   0.595   0.100

 7.58   0.00    0.103    0.098   0.045   0.038   0.020   0.000   0.000   0.000   0.000   0.000   0.000 472749300
 7.58   4.60   35.930
 7.58   6.00    0.296    0.298
 7.58   6.00    0.595   39.770
 7.58   6.00    0.580    0.166   0.595   0.104
 7.58   6.00    0.581    0.161   0.595   0.099

 7.59   0.00    0.103    0.098   0.044   0.038   0.020   0.000   0.000   0.000   0.000   0.000   0.000 473373000
 7.59   4.60   35.936
 7.59   6.00    0.296    0.298
 7.59   6.00    0.594   39.771
 7.59   6.00    0.580    0.166   0.594   0.104
 7.59   6.00    0.581    0.161   0.594   0.099

 7.60   0.00    0.103    0.098   0.044   0.038   0.020   0.000   0.000   0.000   0.000   0.000   0.000 473996600
 7.60   4.60   35.941
 7.60   6.00    0.296    0.298
 7.60   6.00    0.594   39.772
 7.60   6.00    0.580    0.166   0.594   0.104
 7.60   6.00    0.581    0.161   0.594   0.099

 7.61   0.00    0.103    0.098   0.044   0.038   0.020   0.000   0.000   0.000   0.000   0.000   0.000 474620300
 7.61   4.60   35.947
 7.61   6.00    0.296    0.298
 7.61   6.00    0.594   39.773
 7.61   6.00    0.580    0.165   0.594   0.104
 7.61   6.00    0.580    0.161   0.594   0.099

 7.62   0.00    0.103    0.098   0.044   0.038   0.020   0.000   0.000   0.000   0.000   0.000   0.000 475244000
 7.62   4.60   35.952
 7.62   6.00    0.296    0.298
 7.62   6.00    0.594   39.774
 7.62   6.00    0.580    0.165   0.594   0.104
 7.62   6.00    0.580    0.160   0.594   0.099

 7.63   0.00    0.102    0.098   0.044   0.038   0.020   0.000   0.000   0.000   0.000   0.000   0.000 475867700
 7.63   4.60   35.957
 7.63   6.00    0.295    0.298
 7.63   6.00    0.594   39.775
 7.63   6.00    0.580    0.165   0.594   0.104
 7.63   6.00    0.580    0.160   0.594   0.099

 7.64   0.00    0.102    0.098   0.044   0.038   0.020   0.000   0.000   0.000   0.000   0.000   0.000 476491400
 7.64   4.60   35.963
 7.64   6.00    0.295    0.298
 7.64   6.00    0.594   39.776
 7.64   6.00    0.580    0.165   0.594   0.104
 7.64   6.00    0.580    0.160   0.594   0.099

 7.65   0.00    0.102    0.098   0.044   0.038   0.020   0.000   0.000   0.000   0.000   0.000   0.000 477115000
 7.65   4.60   35.968
 7.65   6.00    0.295    0.298
 7.65   6.00    0.594   39.777
 7.65   6.00    0.580    0.165   0.594   0.103
 7.65   6.00    0.580    0.160   0.594   0.099

 7.66   0.00    0.102    0.097   0.044   0.038   0.020   0.000   0.000   0.000   0.000   0.000   0.000 477738700
 7.66   4.60   35.974
 7.66   6.00    0.295    0.297
 7.66   6.00    0.592   39.749
 7.66   6.00    0.578    0.165   0.592   0.103
 7.66   6.00    0.579    0.160   0.592   0.098

 7.67   0.00    0.102    0.097   0.044   0.038   0.020   0.000   0.000   0.000   0.000   0.000   0.000 478362400
 7.67   4.60   35.979
 7.67   6.00    0.295    0.297
 7.67   6.00    0.592   39.745
 7.67   6.00    0.578    0.164   0.592   0.103
 7.67   6.00    0.579    0.160   0.592   0.098

 7.68   0.00    0.102    0.097   0.044   0.038   0.020   0.000   0.000   0.000   0.000   0.000   0.000 478986100
 7.68   4.60   35.985
 7.68   6.00    0.295    0.297
 7.68   6.00    0.592   39.741
 7.68   6.00    0.578    0.164   0.592   0.103
 7.68   6.00    0.578    0.160   0.592   0.098

 7.69   0.00    0.102    0.097   0.044   0.038   0.020   0.000   0.000   0.000   0.000   0.000   0.000 479609800
 7.69   4.60   35.990
 7.69   6.00    0.295    0.297
 7.69   6.00    0.591   39.737
 7.69   6.00    0.577    0.164   0.591   0.103
 7.69   6.00    0.578    0.159   0.591   0.098

 7.70   0.00    0.102    0.097   0.044   0.038   0.020   0.000   0.000   0.000   0.000   0.000   0.000 480233400
 7.70   4.60   35.996
 7.70   6.00    0.294    0.297
 7.70   6.00    0.591   39.732
 7.70   6.00    0.577    0.164   0.591   0.103
 7.70   6.00    0.578    0.159   0.591   0.098

 7.71   0.00    0.102    0.097   0.044   0.038   0.020   0.000   0.000   0.000   0.000   0.000   0.000 480857100
 7.71   4.60   36.001
 7.71   6.00    0.294    0.296
 7.71   6.00    0.591   39.728
 7.71   6.00    0.577    0.164   0.591   0.103
 7.71   6.00    0.577    0.159   0.591   0.098

 7.72   0.00    0.101    0.097   0.044   0.038   0.020   0.000   0.000   0.000   0.000   0.000   0.000 481480800
 7.72   4.60   36.007
 7.72   6.00    0.294    0.296
 7.72   6.00    0.591   39.724
 7.72   6.00    0.577    0.164   0.591   0.103
 7.72   6.00    0.577    0.159   0.591   0.098

 7.73   0.00    0.101    0.097   0.044   0.038   0.020   0.000   0.000   0.000   0.000   0.000   0.000 482104500
 7.73   4.60   36.012
 7.73   6.00    0.294    0.296
 7.73   6.00    0.590   39.720
 7.73   6.00    0.576    0.164   0.590   0.102
 7.73   6.00    0.577    0.159   0.590   0.098

 7.74   0.00    0.101    0.097   0.043   0.038   0.020   0.000   0.000   0.000   0.000   0.000   0.000 482728200
 7.74   4.60   36.018
 7.74   6.00    0.294    0.296
 7.74   6.00    0.590   39.716
 7.74   6.00    0.576    0.163   0.590   0.102
 7.74   6.00    0.576    0.159   0.590   0.098

 7.75   0.00    0.101    0.096   0.043   0.038   0.020   0.000   0.000   0.000   0.000   0.000   0.000 483351800
 7.75   4.60   36.023
 7.75   6.00    0.294    0.296
 7.75   6.00    0.590   39.712
 7.75   6.00    0.576    0.163   0.590   0.102
 7.75   6.00    0.576    0.159   0.590   0.097

 7.76   0.00    0.101    0.096   0.043   0.038   0.020   0.000   0.000   0.000   0.000   0.000   0.000 483975600
 7.76   4.60   36.029
 7.76   6.00    0.294    0.296
 7.76   6.00    0.589   39.708
 7.76   6.00    0.575    0.163   0.589   0.102
 7.76   6.00    0.576    0.158   0.589   0.097

 7.77   0.00    0.101    0.096   0.043   0.038   0.020   0.000   0.000   0.000   0.000   0.000   0.000 484599200
 7.77   4.60   36.034
 7.77   6.00    0.294    0.295
 7.77   6.00    0.589   39.704
 7.77   6.00    0.575    0.163   0.589   0.102
 7.77   6.00    0.576    0.158   0.589   0.097

 7.78   0.00    0.101    0.096   0.043   0.038   0.019   0.000   0.000   0.000   0.000   0.000   0.000 485222900
 7.78   4.60   36.040
 7.78   6.00    0.293    0.295
 7.78   6.00    0.589   39.700
 7.78   6.00    0.575    0.163   0.589   0.102
 7.78   6.00    0.575    0.158   0.589   0.097

 7.79   0.00    0.101    0.096   0.043   0.038   0.019   0.000   0.000   0.000   0.000   0.000   0.000 485846600
 7.79   4.60   36.045
 7.79   6.00    0.293    0.295
 7.79   6.00    0.588   39.696
 7.79   6.00    0.574    0.163   0.588   0.102
 7.79   6.00    0.575    0.158   0.588   0.097

 7.80   0.00    0.100    0.096   0.043   0.038   0.019   0.000   0.000   0.000   0.000   0.000   0.000 486470200
 7.80   4.60   36.051
 7.80   6.00    0.293    0.295
 7.80   6.00    0.588   39.692
 7.80   6.00    0.574    0.162   0.588   0.102
 7.80   6.00    0.575    0.158   0.588   0.097

 7.81   0.00    0.100    0.096   0.043   0.038   0.019   0.000   0.000   0.000   0.000   0.000   0.000 487093900
 7.81   4.60   36.056
 7.81   6.00    0.293    0.295
 7.81   6.00    0.588   39.688
 7.81   6.00    0.574    0.162   0.588   0.101
 7.81   6.00    0.574    0.158   0.588   0.097

 7.82   0.00    0.100    0.096   0.043   0.038   0.019   0.000   0.000   0.000   0.000   0.000   0.000 487717600
 7.82   4.60   36.062
 7.82   6.00    0.293    0.295
 7.82   6.00    0.587   39.683
 7.82   6.00    0.574    0.162   0.587   0.101
 7.82   6.00    0.574    0.158   0.587   0.097

 7.83   0.00    0.100    0.096   0.043   0.038   0.019   0.000   0.000   0.000   0.000   0.000   0.000 488341300
 7.83   4.60   36.068
 7.83   6.00    0.293    0.294
 7.83   6.00    0.587   39.679
 7.83   6.00    0.573    0.162   0.587   0.101
 7.83   6.00    0.574    0.157   0.587   0.097

 7.84   0.00    0.100    0.095   0.043   0.038   0.019   0.000   0.000   0.000   0.000   0.000   0.000 488965000
 7.84   4.60   36.073
 7.84   6.00    0.293    0.294
 7.84   6.00    0.587   39.675
 7.84   6.00    0.573    0.162   0.587   0.101
 7.84   6.00    0.574    0.157   0.587   0.097

 7.85   0.00    0.100    0.095   0.043   0.038   0.019   0.000   0.000   0.000   0.000   0.000   0.000 489588600
 7.85   4.60   36.079
 7.85   6.00    0.293    0.294
 7.85   6.00    0.587   39.671
 7.85   6.00    0.573    0.162   0.587   0.101
 7.85   6.00    0.573    0.157   0.587   0.096

 7.86   0.00    0.100    0.095   0.043   0.038   0.019   0.000   0.000   0.000   0.000   0.000   0.000 490212300
 7.86   4.60   36.084
 7.86   6.00    0.292    0.294
 7.86   6.00    0.586   39.667
 7.86   6.00    0.572    0.162   0.586   0.101
 7.86   6.00    0.573    0.157   0.586   0.096

 7.87   0.00    0.100    0.095   0.043   0.038   0.019   0.000   0.000   0.000   0.000   0.000   0.000 490836000
 7.87   4.60   36.090
 7.87   6.00    0.292    0.294
 7.87   6.00    0.586   39.663
 7.87   6.00    0.572    0.161   0.586   0.101
 7.87   6.00    0.573    0.157   0.586   0.096

 7.88   0.00    0.100    0.095   0.043   0.038   0.019   0.000   0.000   0.000   0.000   0.000   0.000 491459700
 7.88   4.60   36.096
 7.88   6.00    0.292    0.293
 7.88   6.00    0.586   39.659
 7.88   6.00    0.572    0.161   0.586   0.101
 7.88   6.00    0.572    0.157   0.586   0.096

 7.89   0.00    0.099    0.095   0.043   0.038   0.019   0.000   0.000   0.000   0.000   0.000   0.000 492083400
 7.89   4.60   36.101
 7.89   6.00    0.292    0.293
 7.89   6.00    0.585   39.655
 7.89   6.00    0.572    0.161   0.585   0.101
 7.89   6.00    0.572    0.157   0.585   0.096

 7.90   0.00    0.099    0.095   0.042   0.038   0.019   0.000   0.000   0.000   0.000   0.000   0.000 492707000
 7.90   4.60   36.107
 7.90   6.00    0.292    0.293
 7.90   6.00    0.585   39.651
 7.90   6.00    0.571    0.161   0.585   0.100
 7.90   6.00    0.572    0.157   0.585   0.096

 7.91   0.00    0.099    0.095   0.042   0.038   0.019   0.000   0.000   0.000   0.000   0.000   0.000 493330700
 7.91   4.60   36.113
 7.91   6.00    0.292    0.293
 7.91   6.00    0.585   39.647
 7.91   6.00    0.571    0.161   0.585   0.100
 7.91   6.00    0.571    0.156   0.585   0.096

 7.92   0.00    0.099    0.095   0.042   0.038   0.019   0.000   0.000   0.000   0.000   0.000   0.000 493954400
 7.92   4.60   36.118
 7.92   6.00    0.292    0.293
 7.92   6.00    0.584   39.643
 7.92   6.00    0.571    0.161   0.584   0.100
 7.92   6.00    0.571    0.156   0.584   0.096

 7.93   0.00    0.099    0.095   0.042   0.038   0.019   0.000   0.000   0.000   0.000   0.000   0.000 494578100
 7.93   4.60   36.124
 7.93   6.00    0.292    0.293
 7.93   6.00    0.584   39.639
 7.93   6.00    0.570    0.161   0.584   0.100
 7.93   6.00    0.571    0.156   0.584   0.096

 7.94   0.00    0.099    0.094   0.042   0.038   0.019   0.000   0.000   0.000   0.000   0.000   0.000 495201800
 7.94   4.60   36.129
 7.94   6.00    0.291    0.292
 7.94   6.00    0.584   39.635
 7.94   6.00    0.570    0.160   0.584   0.100
 7.94   6.00    0.571    0.156   0.584   0.095

 7.95   0.00    0.099    0.094   0.042   0.038   0.019   0.000   0.000   0.000   0.000   0.000   0.000 495825400
 7.95   4.60   36.135
 7.95   6.00    0.291    0.292
 7.95   6.00    0.584   39.631
 7.95   6.00    0.570    0.160   0.584   0.100
 7.95   6.00    0.570    0.156   0.584   0.095

 7.96   0.00    0.099    0.094   0.042   0.038   0.019   0.000   0.000   0.000   0.000   0.000   0.000 496449100
 7.96   4.60   36.141
 7.96   6.00    0.291    0.292
 7.96   6.00    0.583   39.627
 7.96   6.00    0.570    0.160   0.583   0.100
 7.96   6.00    0.570    0.156   0.583   0.095

 7.97   0.00    0.099    0.094   0.042   0.038   0.019   0.000   0.000   0.000   0.000   0.000   0.000 497072800
 7.97   4.60   36.147
 7.97   6.00    0.291    0.292
 7.97   6.00    0.583   39.623
 7.97   6.00    0.569    0.160   0.583   0.100
 7.97   6.00    0.570    0.156   0.583   0.095

 7.98   0.00    0.098    0.094   0.042   0.038   0.019   0.000   0.000   0.000   0.000   0.000   0.000 497696500
 7.98   4.60   36.152
 7.98   6.00    0.291    0.292
 7.98   6.00    0.583   39.619
 7.98   6.00    0.569    0.160   0.583   0.099
 7.98   6.00    0.570    0.155   0.583   0.095

 7.99   0.00    0.098    0.094   0.042   0.038   0.019   0.000   0.000   0.000   0.000   0.000   0.000 498320200
 7.99   4.60   36.158
 7.99   6.00    0.291    0.292
 7.99   6.00    0.582   39.615
 7.99   6.00    0.569    0.160   0.582   0.099
 7.99   6.00    0.569    0.155   0.582   0.095

 8.00   0.00    0.098    0.094   0.042   0.038   0.019   0.000   0.000   0.000   0.000   0.000   0.000 498943800
 8.00   4.60   36.164
 8.00   6.00    0.291    0.291
 8.00   6.00    0.582   39.611
 8.00   6.00    0.568    0.160   0.582   0.099
 8.00   6.00    0.569    0.155   0.582   0.095

 8.01   0.00    0.098    0.094   0.042   0.038   0.018   0.000   0.000   0.000   0.000   0.000   0.000 499567500
 8.01   4.60   36.169
 8.01   6.00    0.290    0.291
 8.01   6.00    0.582   39.607
 8.01   6.00    0.568    0.159   0.582   0.099
 8.01   6.00    0.569    0.155   0.582   0.095

 8.02   0.00    0.098    0.094   0.042   0.038   0.018   0.000   0.000   0.000   0.000   0.000   0.000 500191200
 8.02   4.60   36.175
 8.02   6.00    0.290    0.291
 8.02   6.00    0.581   39.603
 8.02   6.00    0.568    0.159   0.581   0.099
 8.02   6.00    0.568    0.155   0.581   0.095

 8.03   0.00    0.098    0.094   0.042   0.038   0.018   0.000   0.000   0.000   0.000   0.000   0.000 500814800
 8.03   4.60   36.181
 8.03   6.00    0.290    0.291
 8.03   6.00    0.581   39.599
 8.03   6.00    0.568    0.159   0.581   0.099
 8.03   6.00    0.568    0.155   0.581   0.095

 8.04   0.00    0.098    0.093   0.042   0.038   0.018   0.000   0.000   0.000   0.000   0.000   0.000 501438600
 8.04   4.60   36.187
 8.04   6.00    0.290    0.291
 8.04   6.00    0.581   39.595
 8.04   6.00    0.567    0.159   0.581   0.099
 8.04   6.00    0.568    0.155   0.581   0.094

 8.05   0.00    0.098    0.093   0.042   0.038   0.018   0.000   0.000   0.000   0.000   0.000   0.000 502062200
 8.05   4.60   36.192
 8.05   6.00    0.290    0.291
 8.05   6.00    0.581   39.591
 8.05   6.00    0.567    0.159   0.581   0.099
 8.05   6.00    0.568    0.155   0.581   0.094

 8.06   0.00    0.098    0.093   0.041   0.038   0.018   0.000   0.000   0.000   0.000   0.000   0.000 502686000
 8.06   4.60   36.198
 8.06   6.00    0.290    0.290
 8.06   6.00    0.580   39.587
 8.06   6.00    0.567    0.159   0.580   0.099
 8.06   6.00    0.567    0.154   0.580   0.094

 8.07   0.00    0.097    0.093   0.041   0.038   0.018   0.000   0.000   0.000   0.000   0.000   0.000 503309600
 8.07   4.60   36.204
 8.07   6.00    0.290    0.290
 8.07   6.00    0.580   39.583
 8.07   6.00    0.567    0.159   0.580   0.098
 8.07   6.00    0.567    0.154   0.580   0.094

 8.08   0.00    0.097    0.093   0.041   0.038   0.018   0.000   0.000   0.000   0.000   0.000   0.000 503933300
 8.08   4.60   36.210
 8.08   6.00    0.290    0.290
 8.08   6.00    0.580   39.579
 8.08   6.00    0.566    0.158   0.580   0.098
 8.08   6.00    0.567    0.154   0.580   0.094

 8.09   0.00    0.097    0.093   0.041   0.038   0.018   0.000   0.000   0.000   0.000   0.000   0.000 504557000
 8.09   4.60   36.215
 8.09   6.00    0.290    0.290
 8.09   6.00    0.579   39.575
 8.09   6.00    0.566    0.158   0.579   0.098
 8.09   6.00    0.566    0.154   0.579   0.094

 8.10   0.00    0.097    0.093   0.041   0.038   0.018   0.000   0.000   0.000   0.000   0.000   0.000 505180700
 8.10   4.60   36.221
 8.10   6.00    0.289    0.290
 8.10   6.00    0.579   39.571
 8.10   6.00    0.566    0.158   0.579   0.098
 8.10   6.00    0.566    0.154   0.579   0.094

 8.11   0.00    0.097    0.093   0.041   0.038   0.018   0.000   0.000   0.000   0.000   0.000   0.000 505804300
 8.11   4.60   36.227
 8.11   6.00    0.289    0.290
 8.11   6.00    0.579   39.567
 8.11   6.00    0.565    0.158   0.579   0.098
 8.11   6.00    0.566    0.154   0.579   0.094

 8.12   0.00    0.097    0.093   0.041   0.038   0.018   0.000   0.000   0.000   0.000   0.000   0.000 506428000
 8.12   4.60   36.233
 8.12   6.00    0.289    0.289
 8.12   6.00    0.579   39.563
 8.12   6.00    0.565    0.158   0.579   0.098
 8.12   6.00    0.566    0.154   0.579   0.094

 8.13   0.00    0.097    0.093   0.041   0.038   0.018   0.000   0.000   0.000   0.000   0.000   0.000 507051700
 8.13   4.60   36.239
 8.13   6.00    0.289    0.289
 8.13   6.00    0.578   39.559
 8.13   6.00    0.565    0.158   0.578   0.098
 8.13   6.00    0.565    0.153   0.578   0.094

 8.14   0.00    0.097    0.092   0.041   0.038   0.018   0.000   0.000   0.000   0.000   0.000   0.000 507675400
 8.14   4.60   36.245
 8.14   6.00    0.289    0.289
 8.14   6.00    0.578   39.555
 8.14   6.00    0.565    0.158   0.578   0.098
 8.14   6.00    0.565    0.153   0.578   0.093

 8.15   0.00    0.097    0.092   0.041   0.038   0.018   0.000   0.000   0.000   0.000   0.000   0.000 508299000
 8.15   4.60   36.250
 8.15   6.00    0.289    0.289
 8.15   6.00    0.578   39.551
 8.15   6.00    0.564    0.157   0.578   0.098
 8.15   6.00    0.565    0.153   0.578   0.093

 8.16   0.00    0.096    0.092   0.041   0.038   0.018   0.000   0.000   0.000   0.000   0.000   0.000 508922700
 8.16   4.60   36.256
 8.16   6.00    0.289    0.289
 8.16   6.00    0.577   39.547
 8.16   6.00    0.564    0.157   0.577   0.098
 8.16   6.00    0.565    0.153   0.577   0.093

 8.17   0.00    0.096    0.092   0.041   0.038   0.018   0.000   0.000   0.000   0.000   0.000   0.000 509546400
 8.17   4.60   36.262
 8.17   6.00    0.289    0.289
 8.17   6.00    0.577   39.544
 8.17   6.00    0.564    0.157   0.577   0.097
 8.17   6.00    0.564    0.153   0.577   0.093

 8.18   0.00    0.096    0.092   0.041   0.038   0.018   0.000   0.000   0.000   0.000   0.000   0.000 510170100
 8.18   4.60   36.268
 8.18   6.00    0.288    0.288
 8.18   6.00    0.577   39.540
 8.18   6.00    0.564    0.157   0.577   0.097
 8.18   6.00    0.564    0.153   0.577   0.093

 8.19   0.00    0.096    0.092   0.041   0.038   0.018   0.000   0.000   0.000   0.000   0.000   0.000 510793700
 8.19   4.60   36.274
 8.19   6.00    0.288    0.288
 8.19   6.00    0.577   39.536
 8.19   6.00    0.563    0.157   0.577   0.097
 8.19   6.00    0.564    0.153   0.577   0.093

 8.20   0.00    0.096    0.092   0.041   0.038   0.018   0.000   0.000   0.000   0.000   0.000   0.000 511417400
 8.20   4.60   36.280
 8.20   6.00    0.288    0.288
 8.20   6.00    0.576   39.532
 8.20   6.00    0.563    0.157   0.576   0.097
 8.20   6.00    0.563    0.153   0.576   0.093

 8.21   0.00    0.096    0.092   0.041   0.038   0.018   0.000   0.000   0.000   0.000   0.000   0.000 512041100
 8.21   4.60   36.286
 8.21   6.00    0.288    0.288
 8.21   6.00    0.576   39.528
 8.21   6.00    0.563    0.157   0.576   0.097
 8.21   6.00    0.563    0.152   0.576   0.093

 8.22   0.00    0.096    0.092   0.041   0.038   0.018   0.000   0.000   0.000   0.000   0.000   0.000 512664800
 8.22   4.60   36.292
 8.22   6.00    0.288    0.288
 8.22   6.00    0.576   39.524
 8.22   6.00    0.562    0.157   0.576   0.097
 8.22   6.00    0.563    0.152   0.576   0.093

 8.23   0.00    0.096    0.092   0.040   0.038   0.018   0.000   0.000   0.000   0.000   0.000   0.000 513288400
 8.23   4.60   36.297
 8.23   6.00    0.288    0.288
 8.23   6.00    0.575   39.520
 8.23   6.00    0.562    0.156   0.575   0.097
 8.23   6.00    0.563    0.152   0.575   0.093

 8.24   0.00    0.096    0.091   0.040   0.038   0.018   0.000   0.000   0.000   0.000   0.000   0.000 513912100
 8.24   4.60   36.303
 8.24   6.00    0.288    0.287
 8.24   6.00    0.575   39.516
 8.24   6.00    0.562    0.156   0.575   0.097
 8.24   6.00    0.562    0.152   0.575   0.092

 8.25   0.00    0.096    0.091   0.040   0.038   0.017   0.000   0.000   0.000   0.000   0.000   0.000 514535800
 8.25   4.60   36.309
 8.25   6.00    0.288    0.287
 8.25   6.00    0.575   39.512
 8.25   6.00    0.562    0.156   0.575   0.097
 8.25   6.00    0.562    0.152   0.575   0.092

 8.26   0.00    0.095    0.091   0.040   0.038   0.017   0.000   0.000   0.000   0.000   0.000   0.000 515159500
 8.26   4.60   36.315
 8.26   6.00    0.287    0.287
 8.26   6.00    0.575   39.508
 8.26   6.00    0.561    0.156   0.575   0.096
 8.26   6.00    0.562    0.152   0.575   0.092

 8.27   0.00    0.095    0.091   0.040   0.038   0.017   0.000   0.000   0.000   0.000   0.000   0.000 515783200
 8.27   4.60   36.321
 8.27   6.00    0.287    0.287
 8.27   6.00    0.574   39.504
 8.27   6.00    0.561    0.156   0.574   0.096
 8.27   6.00    0.562    0.152   0.574   0.092

 8.28   0.00    0.095    0.091   0.040   0.038   0.017   0.000   0.000   0.000   0.000   0.000   0.000 516406800
 8.28   4.60   36.327
 8.28   6.00    0.287    0.287
 8.28   6.00    0.574   39.501
 8.28   6.00    0.561    0.156   0.574   0.096
 8.28   6.00    0.561    0.152   0.574   0.092

 8.29   0.00    0.095    0.091   0.040   0.038   0.017   0.000   0.000   0.000   0.000   0.000   0.000 517030600
 8.29   4.60   36.333
 8.29   6.00    0.287    0.287
 8.29   6.00    0.574   39.497
 8.29   6.00    0.561    0.156   0.574   0.096
 8.29   6.00    0.561    0.151   0.574   0.092

 8.30   0.00    0.095    0.091   0.040   0.038   0.017   0.000   0.000   0.000   0.000   0.000   0.000 517654200
 8.30   4.60   36.339
 8.30   6.00    0.287    0.287
 8.30   6.00    0.574   39.493
 8.30   6.00    0.560    0.155   0.574   0.096
 8.30   6.00    0.561    0.151   0.574   0.092

 8.31   0.00    0.095    0.091   0.040   0.038   0.017   0.000   0.000   0.000   0.000   0.000   0.000 518278000
 8.31   4.60   36.345
 8.31   6.00    0.287    0.286
 8.31   6.00    0.573   39.489
 8.31   6.00    0.560    0.155   0.573   0.096
 8.31   6.00    0.561    0.151   0.573   0.092

 8.32   0.00    0.095    0.091   0.040   0.038   0.017   0.000   0.000   0.000   0.000   0.000   0.000 518901600
 8.32   4.60   36.351
 8.32   6.00    0.287    0.286
 8.32   6.00    0.573   39.485
 8.32   6.00    0.560    0.155   0.573   0.096
 8.32   6.00    0.560    0.151   0.573   0.092

 8.33   0.00    0.095    0.091   0.040   0.038   0.017   0.000   0.000   0.000   0.000   0.000   0.000 519525300
 8.33   4.60   36.357
 8.33   6.00    0.287    0.286
 8.33   6.00    0.573   39.481
 8.33   6.00    0.560    0.155   0.573   0.096
 8.33   6.00    0.560    0.151   0.573   0.092

 8.34   0.00    0.095    0.091   0.040   0.038   0.017   0.000   0.000   0.000   0.000   0.000   0.000 520149000
 8.34   4.60   36.363
 8.34   6.00    0.286    0.286
 8.34   6.00    0.572   39.477
 8.34   6.00    0.559    0.155   0.572   0.096
 8.34   6.00    0.560    0.151   0.572   0.092

 8.35   0.00    0.094    0.090   0.040   0.038   0.017   0.000   0.000   0.000   0.000   0.000   0.000 520772700
 8.35   4.60   36.369
 8.35   6.00    0.286    0.286
 8.35   6.00    0.572   39.474
 8.35   6.00    0.559    0.155   0.572   0.096
 8.35   6.00    0.559    0.151   0.572   0.091

 8.36   0.00    0.094    0.090   0.040   0.038   0.017   0.000   0.000   0.000   0.000   0.000   0.000 521396300
 8.36   4.60   36.375
 8.36   6.00    0.286    0.286
 8.36   6.00    0.572   39.470
 8.36   6.00    0.559    0.155   0.572   0.095
 8.36   6.00    0.559    0.151   0.572   0.091

 8.37   0.00    0.094    0.090   0.040   0.038   0.017   0.000   0.000   0.000   0.000   0.000   0.000 522020000
 8.37   4.60   36.381
 8.37   6.00    0.286    0.285
 8.37   6.00    0.572   39.466
 8.37   6.00    0.559    0.155   0.572   0.095
 8.37   6.00    0.559    0.151   0.572   0.091

 8.38   0.00    0.094    0.090   0.040   0.038   0.017   0.000   0.000   0.000   0.000   0.000   0.000 522643700
 8.38   4.60   36.387
 8.38   6.00    0.286    0.285
 8.38   6.00    0.571   39.462
 8.38   6.00    0.558    0.154   0.571   0.095
 8.38   6.00    0.559    0.150   0.571   0.091

 8.39   0.00    0.094    0.090   0.040   0.038   0.017   0.000   0.000   0.000   0.000   0.000   0.000 523267400
 8.39   4.61   36.393
 8.39   6.00    0.286    0.285
 8.39   6.00    0.571   39.458
 8.39   6.00    0.558    0.154   0.571   0.095
 8.39   6.00    0.558    0.150   0.571   0.091

 8.40   0.00    0.094    0.090   0.040   0.038   0.017   0.000   0.000   0.000   0.000   0.000   0.000 523891000
 8.40   4.61   36.399
 8.40   6.00    0.286    0.285
 8.40   6.00    0.571   39.454
 8.40   6.00    0.558    0.154   0.571   0.095
 8.40   6.00    0.558    0.150   0.571   0.091

 8.41   0.00    0.094    0.090   0.039   0.038   0.017   0.000   0.000   0.000   0.000   0.000   0.000 524514700
 8.41   4.61   36.405
 8.41   6.00    0.286    0.285
 8.41   6.00    0.571   39.451
 8.41   6.00    0.557    0.154   0.571   0.095
 8.41   6.00    0.558    0.150   0.571   0.091

 8.42   0.00    0.094    0.090   0.039   0.038   0.017   0.000   0.000   0.000   0.000   0.000   0.000 525138400
 8.42   4.61   36.411
 8.42   6.00    0.286    0.285
 8.42   6.00    0.570   39.447
 8.42   6.00    0.557    0.154   0.570   0.095
 8.42   6.00    0.558    0.150   0.570   0.091

 8.43   0.00    0.094    0.090   0.039   0.038   0.017   0.000   0.000   0.000   0.000   0.000   0.000 525762100
 8.43   4.61   36.418
 8.43   6.00    0.285    0.285
 8.43   6.00    0.570   39.443
 8.43   6.00    0.557    0.154   0.570   0.095
 8.43   6.00    0.557    0.150   0.570   0.091

 8.44   0.00    0.094    0.090   0.039   0.038   0.017   0.000   0.000   0.000   0.000   0.000   0.000 526385700
 8.44   4.61   36.424
 8.44   6.00    0.285    0.284
 8.44   6.00    0.570   39.439
 8.44   6.00    0.557    0.154   0.570   0.095
 8.44   6.00    0.557    0.150   0.570   0.091

 8.45   0.00    0.094    0.090   0.039   0.038   0.017   0.000   0.000   0.000   0.000   0.000   0.000 527009400
 8.45   4.61   36.430
 8.45   6.00    0.285    0.284
 8.45   6.00    0.569   39.435
 8.45   6.00    0.556    0.154   0.569   0.095
 8.45   6.00    0.557    0.150   0.569   0.091

 8.46   0.00    0.093    0.089   0.039   0.038   0.017   0.000   0.000   0.000   0.000   0.000   0.000 527633100
 8.46   4.61   36.436
 8.46   6.00    0.285    0.284
 8.46   6.00    0.569   39.432
 8.46   6.00    0.556    0.153   0.569   0.094
 8.46   6.00    0.557    0.149   0.569   0.090

 8.47   0.00    0.093    0.089   0.039   0.038   0.017   0.000   0.000   0.000   0.000   0.000   0.000 528256800
 8.47   4.61   36.442
 8.47   6.00    0.285    0.284
 8.47   6.00    0.569   39.428
 8.47   6.00    0.556    0.153   0.569   0.094
 8.47   6.00    0.556    0.149   0.569   0.090

 8.48   0.00    0.093    0.089   0.039   0.038   0.017   0.000   0.000   0.000   0.000   0.000   0.000 528880400
 8.48   4.61   36.448
 8.48   6.00    0.285    0.284
 8.48   6.00    0.569   39.424
 8.48   6.00    0.556    0.153   0.569   0.094
 8.48   6.00    0.556    0.149   0.569   0.090

 8.49   0.00    0.093    0.089   0.039   0.038   0.017   0.000   0.000   0.000   0.000   0.000   0.000 529504100
 8.49   4.61   36.454
 8.49   6.00    0.285    0.284
 8.49   6.00    0.568   39.420
 8.49   6.00    0.555    0.153   0.568   0.094
 8.49   6.00    0.556    0.149   0.568   0.090

 8.50   0.00    0.093    0.089   0.039   0.038   0.017   0.000   0.000   0.000   0.000   0.000   0.000 530127800
 8.50   4.61   36.460
 8.50   6.00    0.285    0.284
 8.50   6.00    0.568   39.416
 8.50   6.00    0.555    0.153   0.568   0.094
 8.50   6.00    0.556    0.149   0.568   0.090

 8.51   0.00    0.093    0.089   0.039   0.038   0.017   0.000   0.000   0.000   0.000   0.000   0.000 530751500
 8.51   4.61   36.467
 8.51   6.00    0.285    0.283
 8.51   6.00    0.568   39.413
 8.51   6.00    0.555    0.153   0.568   0.094
 8.51   6.00    0.555    0.149   0.568   0.090

 8.52   0.00    0.093    0.089   0.039   0.037   0.016   0.000   0.000   0.000   0.000   0.000   0.000 531375200
 8.52   4.61   36.473
 8.52   6.00    0.284    0.283
 8.52   6.00    0.568   39.409
 8.52   6.00    0.555    0.153   0.568   0.094
 8.52   6.00    0.555    0.149   0.568   0.090

 8.53   0.00    0.093    0.089   0.039   0.037   0.016   0.000   0.000   0.000   0.000   0.000   0.000 531998800
 8.53   4.61   36.479
 8.53   6.00    0.284    0.283
 8.53   6.00    0.567   39.405
 8.53   6.00    0.554    0.153   0.567   0.094
 8.53   6.00    0.555    0.149   0.567   0.090

 8.54   0.00    0.093    0.089   0.039   0.037   0.016   0.000   0.000   0.000   0.000   0.000   0.000 532622600
 8.54   4.61   36.485
 8.54   6.00    0.284    0.283
 8.54   6.00    0.567   39.401
 8.54   6.00    0.554    0.152   0.567   0.094
 8.54   6.00    0.555    0.149   0.567   0.090

 8.55   0.00    0.093    0.089   0.039   0.037   0.016   0.000   0.000   0.000   0.000   0.000   0.000 533246200
 8.55   4.61   36.491
 8.55   6.00    0.284    0.283
 8.55   6.00    0.567   39.398
 8.55   6.00    0.554    0.152   0.567   0.094
 8.55   6.00    0.554    0.148   0.567   0.090

 8.56   0.00    0.092    0.089   0.039   0.037   0.016   0.000   0.000   0.000   0.000   0.000   0.000 533869900
 8.56   4.61   36.497
 8.56   6.00    0.284    0.283
 8.56   6.00    0.567   39.394
 8.56   6.00    0.554    0.152   0.567   0.093
 8.56   6.00    0.554    0.148   0.567   0.090

 8.57   0.00    0.092    0.089   0.039   0.037   0.016   0.000   0.000   0.000   0.000   0.000   0.000 534493600
 8.57   4.61   36.504
 8.57   6.00    0.284    0.282
 8.57   6.00    0.566   39.390
 8.57   6.00    0.553    0.152   0.566   0.093
 8.57   6.00    0.554    0.148   0.566   0.089

 8.58   0.00    0.092    0.088   0.039   0.037   0.016   0.000   0.000   0.000   0.000   0.000   0.000 535117200
 8.58   4.61   36.510
 8.58   6.00    0.284    0.282
 8.58   6.00    0.566   39.386
 8.58   6.00    0.553    0.152   0.566   0.093
 8.58   6.00    0.554    0.148   0.566   0.089

 8.59   0.00    0.092    0.088   0.038   0.037   0.016   0.000   0.000   0.000   0.000   0.000   0.000 535741000
 8.59   4.61   36.516
 8.59   6.00    0.284    0.282
 8.59   6.00    0.566   39.383
 8.59   6.00    0.553    0.152   0.566   0.093
 8.59   6.00    0.553    0.148   0.566   0.089

 8.60   0.00    0.092    0.088   0.038   0.037   0.016   0.000   0.000   0.000   0.000   0.000   0.000 536364600
 8.60   4.61   36.522
 8.60   6.00    0.283    0.282
 8.60   6.00    0.566   39.379
 8.60   6.00    0.553    0.152   0.566   0.093
 8.60   6.00    0.553    0.148   0.566   0.089

 8.61   0.00    0.092    0.088   0.038   0.037   0.016   0.000   0.000   0.000   0.000   0.000   0.000 536988300
 8.61   4.61   36.516
 8.61   6.00    0.283    0.282
 8.61   6.00    0.565   39.375
 8.61   6.00    0.552    0.152   0.565   0.093
 8.61   6.00    0.553    0.148   0.565   0.089

 8.62   0.00    0.092    0.088   0.038   0.037   0.016   0.000   0.000   0.000   0.000   0.000   0.000 537612000
 8.62   4.61   36.516
 8.62   6.00    0.283    0.282
 8.62   6.00    0.565   39.372
 8.62   6.00    0.552    0.151   0.565   0.093
 8.62   6.00    0.553    0.148   0.565   0.089

 8.63   0.00    0.092    0.088   0.038   0.037   0.016   0.000   0.000   0.000   0.000   0.000   0.000 538235600
 8.63   4.61   36.516
 8.63   6.00    0.283    0.282
 8.63   6.00    0.565   39.368
 8.63   6.00    0.552    0.151   0.565   0.093
 8.63   6.00    0.552    0.148   0.565   0.089

 8.64   0.00    0.092    0.088   0.038   0.037   0.016   0.000   0.000   0.000   0.000   0.000   0.000 538859400
 8.64   4.61   36.516
 8.64   6.00    0.283    0.281
 8.64   6.00    0.565   39.364
 8.64   6.00    0.552    0.151   0.565   0.093
 8.64   6.00    0.552    0.147   0.565   0.089

 8.65   0.00    0.092    0.088   0.038   0.037   0.016   0.000   0.000   0.000   0.000   0.000   0.000 539483000
 8.65   4.61   36.516
 8.65   6.00    0.283    0.281
 8.65   6.00    0.564   39.361
 8.65   6.00    0.552    0.151   0.564   0.093
 8.65   6.00    0.552    0.147   0.564   0.089

 8.66   0.00    0.092    0.088   0.038   0.037   0.016   0.000   0.000   0.000   0.000   0.000   0.000 540106700
 8.66   4.60   36.516
 8.66   6.00    0.283    0.281
 8.66   6.00    0.564   39.357
 8.66   6.00    0.551    0.151   0.564   0.093
 8.66   6.00    0.552    0.147   0.564   0.089

 8.67   0.00    0.091    0.088   0.038   0.037   0.016   0.000   0.000   0.000   0.000   0.000   0.000 540730400
 8.67   4.60   36.516
 8.67   6.00    0.283    0.281
 8.67   6.00    0.564   39.353
 8.67   6.00    0.551    0.151   0.564   0.092
 8.67   6.00    0.551    0.147   0.564   0.089

 8.68   0.00    0.091    0.088   0.038   0.037   0.016   0.000   0.000   0.000   0.000   0.000   0.000 541354100
 8.68   4.60   36.516
 8.68   6.00    0.283    0.281
 8.68   6.00    0.564   39.350
 8.68   6.00    0.551    0.151   0.564   0.092
 8.68   6.00    0.551    0.147   0.564   0.089

 8.69   0.00    0.091    0.088   0.038   0.037   0.016   0.000   0.000   0.000   0.000   0.000   0.000 541977700
 8.69   4.60   36.516
 8.69   6.00    0.282    0.281
 8.69   6.00    0.563   39.346
 8.69   6.00    0.551    0.151   0.563   0.092
 8.69   6.00    0.551    0.147   0.563   0.088

 8.70   0.00    0.091    0.087   0.038   0.037   0.016   0.000   0.000   0.000   0.000   0.000   0.000 542601400
 8.70   4.60   36.516
 8.70   6.00    0.282    0.281
 8.70   6.00    0.563   39.342
 8.70   6.00    0.550    0.151   0.563   0.092
 8.70   6.00    0.551    0.147   0.563   0.088

 8.71   0.00    0.091    0.087   0.038   0.037   0.016   0.000   0.000   0.000   0.000   0.000   0.000 543225100
 8.71   4.60   36.516
 8.71   6.00    0.282    0.280
 8.71   6.00    0.563   39.339
 8.71   6.00    0.550    0.150   0.563   0.092
 8.71   6.00    0.550    0.147   0.563   0.088

 8.72   0.00    0.091    0.087   0.038   0.037   0.016   0.000   0.000   0.000   0.000   0.000   0.000 543848800
 8.72   4.60   36.516
 8.72   6.00    0.282    0.280
 8.72   6.00    0.563   39.335
 8.72   6.00    0.550    0.150   0.563   0.092
 8.72   6.00    0.550    0.147   0.563   0.088

 8.73   0.00    0.091    0.087   0.038   0.037   0.016   0.000   0.000   0.000   0.000   0.000   0.000 544472400
 8.73   4.60   36.516
 8.73   6.00    0.282    0.280
 8.73   6.00    0.562   39.331
 8.73   6.00    0.550    0.150   0.562   0.092
 8.73   6.00    0.550    0.146   0.562   0.088

 8.74   0.00    0.091    0.087   0.038   0.037   0.016   0.000   0.000   0.000   0.000   0.000   0.000 545096100
 8.74   4.60   36.515
 8.74   6.00    0.282    0.280
 8.74   6.00    0.562   39.328
 8.74   6.00    0.549    0.150   0.562   0.092
 8.74   6.00    0.550    0.146   0.562   0.088

 8.75   0.00    0.091    0.087   0.038   0.037   0.016   0.000   0.000   0.000   0.000   0.000   0.000 545719800
 8.75   4.60   36.515
 8.75   6.00    0.282    0.280
 8.75   6.00    0.562   39.324
 8.75   6.00    0.549    0.150   0.562   0.092
 8.75   6.00    0.549    0.146   0.562   0.088

 8.76   0.00    0.091    0.087   0.038   0.037   0.016   0.000   0.000   0.000   0.000   0.000   0.000 546343500
 8.76   4.59   36.515
 8.76   6.00    0.282    0.280
 8.76   6.00    0.562   39.320
 8.76   6.00    0.549    0.150   0.562   0.092
 8.76   6.00    0.549    0.146   0.562   0.088

 8.77   0.00    0.091    0.087   0.038   0.037   0.016   0.000   0.000   0.000   0.000   0.000   0.000 546967200
 8.77   4.59   36.515
 8.77   6.00    0.282    0.280
 8.77   6.00    0.561   39.317
 8.77   6.00    0.549    0.150   0.561   0.092
 8.77   6.00    0.549    0.146   0.561   0.088

 8.78   0.00    0.090    0.087   0.037   0.037   0.016   0.000   0.000   0.000   0.000   0.000   0.000 547590800
 8.78   4.59   36.515
 8.78   6.00    0.281    0.280
 8.78   6.00    0.561   39.313
 8.78   6.00    0.548    0.150   0.561   0.091
 8.78   6.00    0.549    0.146   0.561   0.088

 8.79   0.00    0.090    0.087   0.037   0.037   0.016   0.000   0.000   0.000   0.000   0.000   0.000 548214500
 8.79   4.59   36.515
 8.79   6.00    0.281    0.279
 8.79   6.00    0.561   39.310
 8.79   6.00    0.548    0.149   0.561   0.091
 8.79   6.00    0.549    0.146   0.561   0.088

 8.80   0.00    0.090    0.087   0.037   0.037   0.016   0.000   0.000   0.000   0.000   0.000   0.000 548838200
 8.80   4.59   36.515
 8.80   6.00    0.281    0.279
 8.80   6.00    0.561   39.306
 8.80   6.00    0.548    0.149   0.561   0.091
 8.80   6.00    0.548    0.146   0.561   0.088

 8.81   0.00    0.090    0.087   0.037   0.037   0.015   0.000   0.000   0.000   0.000   0.000   0.000 549462000
 8.81   4.59   36.515
 8.81   6.00    0.281    0.279
 8.81   6.00    0.560   39.302
 8.81   6.00    0.548    0.149   0.560   0.091
 8.81   6.00    0.548    0.146   0.560   0.087

 8.82   0.00    0.090    0.086   0.037   0.037   0.015   0.000   0.000   0.000   0.000   0.000   0.000 550085600
 8.82   4.59   36.515
 8.82   6.00    0.281    0.279
 8.82   6.00    0.560   39.299
 8.82   6.00    0.547    0.149   0.560   0.091
 8.82   6.00    0.548    0.145   0.560   0.087

 8.83   0.00    0.090    0.086   0.037   0.037   0.015   0.000   0.000   0.000   0.000   0.000   0.000 550709200
 8.83   4.59   36.515
 8.83   6.00    0.281    0.279
 8.83   6.00    0.560   39.295
 8.83   6.00    0.547    0.149   0.560   0.091
 8.83   6.00    0.548    0.145   0.560   0.087

 8.84   0.00    0.090    0.086   0.037   0.037   0.015   0.000   0.000   0.000   0.000   0.000   0.000 551332900
 8.84   4.59   36.515
 8.84   6.00    0.281    0.279
 8.84   6.00    0.560   39.292
 8.84   6.00    0.547    0.149   0.560   0.091
 8.84   6.00    0.547    0.145   0.560   0.087

 8.85   0.00    0.090    0.086   0.037   0.037   0.015   0.000   0.000   0.000   0.000   0.000   0.000 551956700
 8.85   4.58   36.515
 8.85   6.00    0.281    0.279
 8.85   6.00    0.559   39.288
 8.85   6.00    0.547    0.149   0.559   0.091
 8.85   6.00    0.547    0.145   0.559   0.087

 8.86   0.00    0.090    0.086   0.037   0.037   0.015   0.000   0.000   0.000   0.000   0.000   0.000 552580300
 8.86   4.58   36.515
 8.86   6.00    0.281    0.278
 8.86   6.00    0.559   39.284
 8.86   6.00    0.547    0.149   0.559   0.091
 8.86   6.00    0.547    0.145   0.559   0.087

 8.87   0.00    0.090    0.086   0.037   0.037   0.015   0.000   0.000   0.000   0.000   0.000   0.000 553204000
 8.87   4.58   36.515
 8.87   6.00    0.281    0.278
 8.87   6.00    0.559   39.281
 8.87   6.00    0.546    0.149   0.559   0.091
 8.87   6.00    0.547    0.145   0.559   0.087

 8.88   0.00    0.090    0.086   0.037   0.037   0.015   0.000   0.000   0.000   0.000   0.000   0.000 553827600
 8.88   4.58   36.514
 8.88   6.00    0.280    0.278
 8.88   6.00    0.559   39.277
 8.88   6.00    0.546    0.148   0.559   0.091
 8.88   6.00    0.546    0.145   0.559   0.087

 8.89   0.00    0.089    0.086   0.037   0.037   0.015   0.000   0.000   0.000   0.000   0.000   0.000 554451400
 8.89   4.58   36.514
 8.89   6.00    0.280    0.278
 8.89   6.00    0.558   39.274
 8.89   6.00    0.546    0.148   0.558   0.090
 8.89   6.00    0.546    0.145   0.558   0.087

 8.90   0.00    0.089    0.086   0.037   0.037   0.015   0.000   0.000   0.000   0.000   0.000   0.000 555075000
 8.90   4.58   36.514
 8.90   6.00    0.280    0.278
 8.90   6.00    0.558   39.270
 8.90   6.00    0.546    0.148   0.558   0.090
 8.90   6.00    0.546    0.145   0.558   0.087

 8.91   0.00    0.089    0.086   0.037   0.037   0.015   0.000   0.000   0.000   0.000   0.000   0.000 555698700
 8.91   4.58   36.514
 8.91   6.00    0.280    0.278
 8.91   6.00    0.558   39.267
 8.91   6.00    0.545    0.148   0.558   0.090
 8.91   6.00    0.546    0.145   0.558   0.087

 8.92   0.00    0.089    0.086   0.037   0.037   0.015   0.000   0.000   0.000   0.000   0.000   0.000 556322400
 8.92   4.58   36.514
 8.92   6.00    0.280    0.278
 8.92   6.00    0.558   39.263
 8.92   6.00    0.545    0.148   0.558   0.090
 8.92   6.00    0.546    0.144   0.558   0.087

 8.93   0.00    0.089    0.086   0.037   0.037   0.015   0.000   0.000   0.000   0.000   0.000   0.000 556946000
 8.93   4.58   36.514
 8.93   6.00    0.280    0.278
 8.93   6.00    0.557   39.260
 8.93   6.00    0.545    0.148   0.557   0.090
 8.93   6.00    0.545    0.144   0.557   0.087

 8.94   0.00    0.089    0.085   0.037   0.037   0.015   0.000   0.000   0.000   0.000   0.000   0.000 557569700
 8.94   4.58   36.514
 8.94   6.00    0.280    0.277
 8.94   6.00    0.557   39.256
 8.94   6.00    0.545    0.148   0.557   0.090
 8.94   6.00    0.545    0.144   0.557   0.086

 8.95   0.00    0.089    0.085   0.037   0.037   0.015   0.000   0.000   0.000   0.000   0.000   0.000 558193400
 8.95   4.57   36.514
 8.95   6.00    0.280    0.277
 8.95   6.00    0.557   39.253
 8.95   6.00    0.544    0.148   0.557   0.090
 8.95   6.00    0.545    0.144   0.557   0.086

 8.96   0.00    0.089    0.085   0.037   0.037   0.015   0.000   0.000   0.000   0.000   0.000   0.000 558817100
 8.96   4.57   36.514
 8.96   6.00    0.280    0.277
 8.96   6.00    0.557   39.249
 8.96   6.00    0.544    0.148   0.557   0.090
 8.96   6.00    0.545    0.144   0.557   0.086

 8.97   0.00    0.089    0.085   0.037   0.037   0.015   0.000   0.000   0.000   0.000   0.000   0.000 559440800
 8.97   4.57   36.514
 8.97   6.00    0.279    0.277
 8.97   6.00    0.556   39.246
 8.97   6.00    0.544    0.147   0.556   0.090
 8.97   6.00    0.544    0.144   0.556   0.086

 8.98   0.00    0.089    0.085   0.036   0.037   0.015   0.000   0.000   0.000   0.000   0.000   0.000 560064400
 8.98   4.57   36.514
 8.98   6.00    0.279    0.277
 8.98   6.00    0.556   39.242
 8.98   6.00    0.544    0.147   0.556   0.090
 8.98   6.00    0.544    0.144   0.556   0.086

 8.99   0.00    0.089    0.085   0.036   0.037   0.015   0.000   0.000   0.000   0.000   0.000   0.000 560688100
 8.99   4.57   36.514
 8.99   6.00    0.279    0.277
 8.99   6.00    0.556   39.239
 8.99   6.00    0.544    0.147   0.556   0.090
 8.99   6.00    0.544    0.144   0.556   0.086

 9.00   0.00    0.089    0.085   0.036   0.037   0.015   0.000   0.000   0.000   0.000   0.000   0.000 561311800
 9.00   4.57   36.513
 9.00   6.00    0.279    0.277
 9.00   6.00    0.556   39.235
 9.00   6.00    0.543    0.147   0.556   0.090
 9.00   6.00    0.544    0.144   0.556   0.086

 9.01   0.00    0.088    0.085   0.036   0.037   0.015   0.000   0.000   0.000   0.000   0.000   0.000 561935500
 9.01   4.57   36.513
 9.01   6.00    0.279    0.276
 9.01   6.00    0.555   39.232
 9.01   6.00    0.543    0.147   0.555   0.089
 9.01   6.00    0.543    0.143   0.555   0.086

 9.02   0.00    0.088    0.085   0.036   0.037   0.015   0.000   0.000   0.000   0.000   0.000   0.000 562559200
 9.02   4.57   36.513
 9.02   6.00    0.279    0.276
 9.02   6.00    0.555   39.228
 9.02   6.00    0.543    0.147   0.555   0.089
 9.02   6.00    0.543    0.143   0.555   0.086

 9.03   0.00    0.088    0.085   0.036   0.037   0.015   0.000   0.000   0.000   0.000   0.000   0.000 563182800
 9.03   4.57   36.513
 9.03   6.00    0.279    0.276
 9.03   6.00    0.555   39.225
 9.03   6.00    0.543    0.147   0.555   0.089
 9.03   6.00    0.543    0.143   0.555   0.086

 9.04   0.00    0.088    0.085   0.036   0.037   0.015   0.000   0.000   0.000   0.000   0.000   0.000 563806500
 9.04   4.57   36.513
 9.04   6.00    0.279    0.276
 9.04   6.00    0.555   39.221
 9.04   6.00    0.542    0.147   0.555   0.089
 9.04   6.00    0.543    0.143   0.555   0.086

 9.05   0.00    0.088    0.085   0.036   0.037   0.015   0.000   0.000   0.000   0.000   0.000   0.000 564430200
 9.05   4.56   36.513
 9.05   6.00    0.279    0.276
 9.05   6.00    0.555   39.218
 9.05   6.00    0.542    0.147   0.555   0.089
 9.05   6.00    0.543    0.143   0.555   0.086

 9.06   0.00    0.088    0.085   0.036   0.037   0.015   0.000   0.000   0.000   0.000   0.000   0.000 565054000
 9.06   4.56   36.513
 9.06   6.00    0.278    0.276
 9.06   6.00    0.554   39.215
 9.06   6.00    0.542    0.146   0.554   0.089
 9.06   6.00    0.542    0.143   0.554   0.086

 9.07   0.00    0.088    0.085   0.036   0.037   0.015   0.000   0.000   0.000   0.000   0.000   0.000 565677600
 9.07   4.56   36.513
 9.07   6.00    0.278    0.276
 9.07   6.00    0.554   39.211
 9.07   6.00    0.542    0.146   0.554   0.089
 9.07   6.00    0.542    0.143   0.554   0.085

 9.08   0.00    0.088    0.084   0.036   0.037   0.015   0.000   0.000   0.000   0.000   0.000   0.000 566301200
 9.08   4.56   36.513
 9.08   6.00    0.278    0.276
 9.08   6.00    0.554   39.208
 9.08   6.00    0.542    0.146   0.554   0.089
 9.08   6.00    0.542    0.143   0.554   0.085

 9.09   0.00    0.088    0.084   0.036   0.037   0.015   0.000   0.000   0.000   0.000   0.000   0.000 566924900
 9.09   4.56   36.513
 9.09   6.00    0.278    0.275
 9.09   6.00    0.554   39.204
 9.09   6.00    0.541    0.146   0.554   0.089
 9.09   6.00    0.542    0.143   0.554   0.085

 9.10   0.00    0.088    0.084   0.036   0.037   0.015   0.000   0.000   0.000   0.000   0.000   0.000 567548700
 9.10   4.56   36.512
 9.10   6.00    0.278    0.275
 9.10   6.00    0.553   39.201
 9.10   6.00    0.541    0.146   0.553   0.089
 9.10   6.00    0.541    0.143   0.553   0.085

 9.11   0.00    0.088    0.084   0.036   0.037   0.015   0.000   0.000   0.000   0.000   0.000   0.000 568172300
 9.11   4.56   36.512
 9.11   6.00    0.278    0.275
 9.11   6.00    0.553   39.197
 9.11   6.00    0.541    0.146   0.553   0.089
 9.11   6.00    0.541    0.142   0.553   0.085

 9.12   0.00    0.088    0.084   0.036   0.037   0.015   0.000   0.000   0.000   0.000   0.000   0.000 568796000
 9.12   4.56   36.512
 9.12   6.00    0.278    0.275
 9.12   6.00    0.553   39.194
 9.12   6.00    0.541    0.146   0.553   0.089
 9.12   6.00    0.541    0.142   0.553   0.085

 9.13   0.00    0.087    0.084   0.036   0.037   0.015   0.000   0.000   0.000   0.000   0.000   0.000 569419600
 9.13   4.56   36.512
 9.13   6.00    0.278    0.275
 9.13   6.00    0.553   39.191
 9.13   6.00    0.540    0.146   0.553   0.088
 9.13   6.00    0.541    0.142   0.553   0.085

 9.14   0.00    0.087    0.084   0.036   0.037   0.014   0.000   0.000   0.000   0.000   0.000   0.000 570043300
 9.14   4.56   36.512
 9.14   6.00    0.278    0.275
 9.14   6.00    0.552   39.187
 9.14   6.00    0.540    0.146   0.552   0.088
 9.14   6.00    0.541    0.142   0.552   0.085

 9.15   0.00    0.087    0.084   0.036   0.037   0.014   0.000   0.000   0.000   0.000   0.000   0.000 570667000
 9.15   4.55   36.512
 9.15   6.00    0.278    0.275
 9.15   6.00    0.552   39.184
 9.15   6.00    0.540    0.146   0.552   0.088
 9.15   6.00    0.540    0.142   0.552   0.085

 9.16   0.00    0.087    0.084   0.036   0.037   0.014   0.000   0.000   0.000   0.000   0.000   0.000 571290700
 9.16   4.55   36.512
 9.16   6.00    0.277    0.275
 9.16   6.00    0.552   39.180
 9.16   6.00    0.540    0.145   0.552   0.088
 9.16   6.00    0.540    0.142   0.552   0.085

 9.17   0.00    0.087    0.084   0.036   0.037   0.014   0.000   0.000   0.000   0.000   0.000   0.000 571914400
 9.17   4.55   36.512
 9.17   6.00    0.277    0.274
 9.17   6.00    0.552   39.177
 9.17   6.00    0.540    0.145   0.552   0.088
 9.17   6.00    0.540    0.142   0.552   0.085

 9.18   0.00    0.087    0.084   0.036   0.037   0.014   0.000   0.000   0.000   0.000   0.000   0.000 572538000
 9.18   4.55   36.512
 9.18   6.00    0.277    0.274
 9.18   6.00    0.552   39.174
 9.18   6.00    0.539    0.145   0.552   0.088
 9.18   6.00    0.540    0.142   0.552   0.085

 9.19   0.00    0.087    0.084   0.035   0.037   0.014   0.000   0.000   0.000   0.000   0.000   0.000 573161700
 9.19   4.55   36.516
 9.19   6.00    0.277    0.274
 9.19   6.00    0.551   39.174
 9.19   6.00    0.539    0.145   0.551   0.088
 9.19   6.00    0.540    0.142   0.551   0.085

 9.20   0.00    0.087    0.084   0.035   0.037   0.014   0.000   0.000   0.000   0.000   0.000   0.000 573785400
 9.20   4.55   36.515
 9.20   6.00    0.277    0.274
 9.20   6.00    0.551   39.171
 9.20   6.00    0.539    0.145   0.551   0.088
 9.20   6.00    0.539    0.142   0.551   0.084

 9.21   0.00    0.087    0.083   0.035   0.037   0.014   0.000   0.000   0.000   0.000   0.000   0.000 574409100
 9.21   4.55   36.515
 9.21   6.00    0.277    0.274
 9.21   6.00    0.551   39.167
 9.21   6.00    0.539    0.145   0.551   0.088
 9.21   6.00    0.539    0.142   0.551   0.084

 9.22   0.00    0.087    0.083   0.035   0.037   0.014   0.000   0.000   0.000   0.000   0.000   0.000 575032800
 9.22   4.55   36.515
 9.22   6.00    0.277    0.274
 9.22   6.00    0.551   39.164
 9.22   6.00    0.539    0.145   0.551   0.088
 9.22   6.00    0.539    0.141   0.551   0.084

 9.23   0.00    0.087    0.083   0.035   0.037   0.014   0.000   0.000   0.000   0.000   0.000   0.000 575656400
 9.23   4.55   36.515
 9.23   6.00    0.277    0.274
 9.23   6.00    0.550   39.160
 9.23   6.00    0.538    0.145   0.550   0.088
 9.23   6.00    0.539    0.141   0.550   0.084

 9.24   0.00    0.087    0.083   0.035   0.037   0.014   0.000   0.000   0.000   0.000   0.000   0.000 576280100
 9.24   4.55   36.515
 9.24   6.00    0.277    0.274
 9.24   6.00    0.550   39.157
 9.24   6.00    0.538    0.145   0.550   0.088
 9.24   6.00    0.538    0.141   0.550   0.084

 9.25   0.00    0.087    0.083   0.035   0.037   0.014   0.000   0.000   0.000   0.000   0.000   0.000 576903800
 9.25   4.54   36.514
 9.25   6.00    0.277    0.273
 9.25   6.00    0.550   39.154
 9.25   6.00    0.538    0.144   0.550   0.087
 9.25   6.00    0.538    0.141   0.550   0.084

 9.26   0.00    0.086    0.083   0.035   0.037   0.014   0.000   0.000   0.000   0.000   0.000   0.000 577527500
 9.26   4.54   36.514
 9.26   6.00    0.276    0.273
 9.26   6.00    0.550   39.150
 9.26   6.00    0.538    0.144   0.550   0.087
 9.26   6.00    0.538    0.141   0.550   0.084

 9.27   0.00    0.086    0.083   0.035   0.037   0.014   0.000   0.000   0.000   0.000   0.000   0.000 578151200
 9.27   4.54   36.514
 9.27   6.00    0.276    0.273
 9.27   6.00    0.550   39.147
 9.27   6.00    0.537    0.144   0.550   0.087
 9.27   6.00    0.538    0.141   0.550   0.084

 9.28   0.00    0.086    0.083   0.035   0.037   0.014   0.000   0.000   0.000   0.000   0.000   0.000 578774800
 9.28   4.54   36.514
 9.28   6.00    0.276    0.273
 9.28   6.00    0.549   39.143
 9.28   6.00    0.537    0.144   0.549   0.087
 9.28   6.00    0.538    0.141   0.549   0.084

 9.29   0.00    0.086    0.083   0.035   0.037   0.014   0.000   0.000   0.000   0.000   0.000   0.000 579398500
 9.29   4.54   36.514
 9.29   6.00    0.276    0.273
 9.29   6.00    0.549   39.140
 9.29   6.00    0.537    0.144   0.549   0.087
 9.29   6.00    0.537    0.141   0.549   0.084

 9.30   0.00    0.086    0.083   0.035   0.037   0.014   0.000   0.000   0.000   0.000   0.000   0.000 580022200
 9.30   4.54   36.513
 9.30   6.00    0.276    0.273
 9.30   6.00    0.549   39.137
 9.30   6.00    0.537    0.144   0.549   0.087
 9.30   6.00    0.537    0.141   0.549   0.084

 9.31   0.00    0.086    0.083   0.035   0.037   0.014   0.000   0.000   0.000   0.000   0.000   0.000 580645900
 9.31   4.54   36.513
 9.31   6.00    0.276    0.273
 9.31   6.00    0.549   39.133
 9.31   6.00    0.537    0.144   0.549   0.087
 9.31   6.00    0.537    0.141   0.549   0.084

 9.32   0.00    0.086    0.083   0.035   0.037   0.014   0.000   0.000   0.000   0.000   0.000   0.000 581269600
 9.32   4.54   36.513
 9.32   6.00    0.276    0.273
 9.32   6.00    0.548   39.130
 9.32   6.00    0.536    0.144   0.548   0.087
 9.32   6.00    0.537    0.140   0.548   0.084

 9.33   0.00    0.086    0.083   0.035   0.037   0.014   0.000   0.000   0.000   0.000   0.000   0.000 581893200
 9.33   4.54   36.513
 9.33   6.00    0.276    0.273
 9.33   6.00    0.548   39.127
 9.33   6.00    0.536    0.144   0.548   0.087
 9.33   6.00    0.537    0.140   0.548   0.084

 9.34   0.00    0.086    0.083   0.035   0.037   0.014   0.000   0.000   0.000   0.000   0.000   0.000 582516900
 9.34   4.54   36.513
 9.34   6.00    0.276    0.272
 9.34   6.00    0.548   39.123
 9.34   6.00    0.536    0.144   0.548   0.087
 9.34   6.00    0.536    0.140   0.548   0.083

 9.35   0.00    0.086    0.082   0.035   0.037   0.014   0.000   0.000   0.000   0.000   0.000   0.000 583140600
 9.35   4.53   36.512
 9.35   6.00    0.276    0.272
 9.35   6.00    0.548   39.120
 9.35   6.00    0.536    0.143   0.548   0.087
 9.35   6.00    0.536    0.140   0.548   0.083

 9.36   0.00    0.086    0.082   0.035   0.037   0.014   0.000   0.000   0.000   0.000   0.000   0.000 583764300
 9.36   4.53   36.512
 9.36   6.00    0.275    0.272
 9.36   6.00    0.548   39.117
 9.36   6.00    0.536    0.143   0.548   0.087
 9.36   6.00    0.536    0.140   0.548   0.083

 9.37   0.00    0.086    0.082   0.035   0.037   0.014   0.000   0.000   0.000   0.000   0.000   0.000 584388000
 9.37   4.53   36.512
 9.37   6.00    0.275    0.272
 9.37   6.00    0.547   39.113
 9.37   6.00    0.535    0.143   0.547   0.087
 9.37   6.00    0.536    0.140   0.547   0.083

 9.38   0.00    0.086    0.082   0.035   0.037   0.014   0.000   0.000   0.000   0.000   0.000   0.000 585011600
 9.38   4.53   36.512
 9.38   6.00    0.275    0.272
 9.38   6.00    0.547   39.110
 9.38   6.00    0.535    0.143   0.547   0.086
 9.38   6.00    0.535    0.140   0.547   0.083

 9.39   0.00    0.085    0.082   0.035   0.037   0.014   0.000   0.000   0.000   0.000   0.000   0.000 585635300
 9.39   4.53   36.512
 9.39   6.00    0.275    0.272
 9.39   6.00    0.547   39.107
 9.39   6.00    0.535    0.143   0.547   0.086
 9.39   6.00    0.535    0.140   0.547   0.083

 9.40   0.00    0.085    0.082   0.035   0.037   0.014   0.000   0.000   0.000   0.000   0.000   0.000 586259000
 9.40   4.53   36.511
 9.40   6.00    0.275    0.272
 9.40   6.00    0.547   39.104
 9.40   6.00    0.535    0.143   0.547   0.086
 9.40   6.00    0.535    0.140   0.547   0.083

 9.41   0.00    0.085    0.082   0.034   0.037   0.014   0.000   0.000   0.000   0.000   0.000   0.000 586882700
 9.41   4.53   36.511
 9.41   6.00    0.275    0.272
 9.41   6.00    0.547   39.100
 9.41   6.00    0.535    0.143   0.547   0.086
 9.41   6.00    0.535    0.140   0.547   0.083

 9.42   0.00    0.085    0.082   0.034   0.037   0.014   0.000   0.000   0.000   0.000   0.000   0.000 587506400
 9.42   4.53   36.511
 9.42   6.00    0.275    0.272
 9.42   6.00    0.546   39.097
 9.42   6.00    0.534    0.143   0.546   0.086
 9.42   6.00    0.535    0.140   0.546   0.083

 9.43   0.00    0.085    0.082   0.034   0.037   0.014   0.000   0.000   0.000   0.000   0.000   0.000 588130000
 9.43   4.53   36.511
 9.43   6.00    0.275    0.271
 9.43   6.00    0.546   39.094
 9.43   6.00    0.534    0.143   0.546   0.086
 9.43   6.00    0.534    0.139   0.546   0.083

 9.44   0.00    0.085    0.082   0.034   0.037   0.014   0.000   0.000   0.000   0.000   0.000   0.000 588753700
 9.44   4.53   36.510
 9.44   6.00    0.275    0.271
 9.44   6.00    0.546   39.090
 9.44   6.00    0.534    0.143   0.546   0.086
 9.44   6.00    0.534    0.139   0.546   0.083

 9.45   0.00    0.085    0.082   0.034   0.037   0.014   0.000   0.000   0.000   0.000   0.000   0.000 589377400
 9.45   4.53   36.510
 9.45   6.00    0.275    0.271
 9.45   6.00    0.546   39.087
 9.45   6.00    0.534    0.143   0.546   0.086
 9.45   6.00    0.534    0.139   0.546   0.083

 9.46   0.00    0.085    0.082   0.034   0.037   0.014   0.000   0.000   0.000   0.000   0.000   0.000 590001100
 9.46   4.52   36.510
 9.46   6.00    0.274    0.271
 9.46   6.00    0.545   39.084
 9.46   6.00    0.534    0.142   0.545   0.086
 9.46   6.00    0.534    0.139   0.545   0.083

 9.47   0.00    0.085    0.082   0.034   0.037   0.014   0.000   0.000   0.000   0.000   0.000   0.000 590624800
 9.47   4.52   36.510
 9.47   6.00    0.274    0.271
 9.47   6.00    0.545   39.081
 9.47   6.00    0.533    0.142   0.545   0.086
 9.47   6.00    0.534    0.139   0.545   0.083

 9.48   0.00    0.085    0.082   0.034   0.037   0.014   0.000   0.000   0.000   0.000   0.000   0.000 591248400
 9.48   4.52   36.510
 9.48   6.00    0.274    0.271
 9.48   6.00    0.545   39.077
 9.48   6.00    0.533    0.142   0.545   0.086
 9.48   6.00    0.533    0.139   0.545   0.082

 9.49   0.00    0.085    0.082   0.034   0.037   0.013   0.000   0.000   0.000   0.000   0.000   0.000 591872100
 9.49   4.52   36.509
 9.49   6.00    0.274    0.271
 9.49   6.00    0.545   39.074
 9.49   6.00    0.533    0.142   0.545   0.086
 9.49   6.00    0.533    0.139   0.545   0.082

 9.50   0.00    0.085    0.081   0.034   0.037   0.013   0.000   0.000   0.000   0.000   0.000   0.000 592495800
 9.50   4.52   36.509
 9.50   6.00    0.274    0.271
 9.50   6.00    0.545   39.071
 9.50   6.00    0.533    0.142   0.545   0.086
 9.50   6.00    0.533    0.139   0.545   0.082

 9.51   0.00    0.085    0.081   0.034   0.037   0.013   0.000   0.000   0.000   0.000   0.000   0.000 593119500
 9.51   4.52   36.509
 9.51   6.00    0.274    0.270
 9.51   6.00    0.544   39.068
 9.51   6.00    0.533    0.142   0.544   0.085
 9.51   6.00    0.533    0.139   0.544   0.082

 9.52   0.00    0.084    0.081   0.034   0.037   0.013   0.000   0.000   0.000   0.000   0.000   0.000 593743200
 9.52   4.52   36.509
 9.52   6.00    0.274    0.270
 9.52   6.00    0.544   39.065
 9.52   6.00    0.532    0.142   0.544   0.085
 9.52   6.00    0.533    0.139   0.544   0.082

 9.53   0.00    0.084    0.081   0.034   0.037   0.013   0.000   0.000   0.000   0.000   0.000   0.000 594366800
 9.53   4.52   36.509
 9.53   6.00    0.274    0.270
 9.53   6.00    0.544   39.061
 9.53   6.00    0.532    0.142   0.544   0.085
 9.53   6.00    0.532    0.139   0.544   0.082

 9.54   0.00    0.084    0.081   0.034   0.037   0.013   0.000   0.000   0.000   0.000   0.000   0.000 594990500
 9.54   4.52   36.508
 9.54   6.00    0.274    0.270
 9.54   6.00    0.544   39.058
 9.54   6.00    0.532    0.142   0.544   0.085
 9.54   6.00    0.532    0.138   0.544   0.082

 9.55   0.00    0.084    0.081   0.034   0.037   0.013   0.000   0.000   0.000   0.000   0.000   0.000 595614200
 9.55   4.52   36.508
 9.55   6.00    0.274    0.270
 9.55   6.00    0.544   39.055
 9.55   6.00    0.532    0.142   0.544   0.085
 9.55   6.00    0.532    0.138   0.544   0.082

 9.56   0.00    0.084    0.081   0.034   0.037   0.013   0.000   0.000   0.000   0.000   0.000   0.000 596237900
 9.56   4.52   36.508
 9.56   6.00    0.273    0.270
 9.56   6.00    0.543   39.052
 9.56   6.00    0.532    0.141   0.543   0.085
 9.56   6.00    0.532    0.138   0.543   0.082

 9.57   0.00    0.084    0.081   0.034   0.037   0.013   0.000   0.000   0.000   0.000   0.000   0.000 596861600
 9.57   4.51   36.508
 9.57   6.00    0.273    0.270
 9.57   6.00    0.543   39.049
 9.57   6.00    0.531    0.141   0.543   0.085
 9.57   6.00    0.532    0.138   0.543   0.082

 9.58   0.00    0.084    0.081   0.034   0.037   0.013   0.000   0.000   0.000   0.000   0.000   0.000 597485200
 9.58   4.51   36.507
 9.58   6.00    0.273    0.270
 9.58   6.00    0.543   39.045
 9.58   6.00    0.531    0.141   0.543   0.085
 9.58   6.00    0.531    0.138   0.543   0.082

 9.59   0.00    0.084    0.081   0.034   0.037   0.013   0.000   0.000   0.000   0.000   0.000   0.000 598108900
 9.59   4.51   36.507
 9.59   6.00    0.273    0.270
 9.59   6.00    0.543   39.042
 9.59   6.00    0.531    0.141   0.543   0.085
 9.59   6.00    0.531    0.138   0.543   0.082

 9.60   0.00    0.084    0.081   0.034   0.037   0.013   0.000   0.000   0.000   0.000   0.000   0.000 598732600
 9.60   4.51   36.507
 9.60   6.00    0.273    0.269
 9.60   6.00    0.543   39.039
 9.60   6.00    0.531    0.141   0.543   0.085
 9.60   6.00    0.531    0.138   0.543   0.082

 9.61   0.00    0.084    0.081   0.034   0.037   0.013   0.000   0.000   0.000   0.000   0.000   0.000 599356300
 9.61   4.51   36.507
 9.61   6.00    0.273    0.269
 9.61   6.00    0.542   39.036
 9.61   6.00    0.531    0.141   0.542   0.085
 9.61   6.00    0.531    0.138   0.542   0.082

 9.62   0.00    0.084    0.081   0.034   0.037   0.013   0.000   0.000   0.000   0.000   0.000   0.000 599980000
 9.62   4.51   36.507
 9.62   6.00    0.273    0.269
 9.62   6.00    0.542   39.033
 9.62   6.00    0.530    0.141   0.542   0.085
 9.62   6.00    0.531    0.138   0.542   0.082

 9.63   0.00    0.084    0.081   0.034   0.037   0.013   0.000   0.000   0.000   0.000   0.000   0.000 600603600
 9.63   4.51   36.506
 9.63   6.00    0.273    0.269
 9.63   6.00    0.542   39.030
 9.63   6.00    0.530    0.141   0.542   0.085
 9.63   6.00    0.530    0.138   0.542   0.081

 9.64   0.00    0.084    0.081   0.034   0.037   0.013   0.000   0.000   0.000   0.000   0.000   0.000 601227300
 9.64   4.51   36.506
 9.64   6.00    0.273    0.269
 9.64   6.00    0.542   39.027
 9.64   6.00    0.530    0.141   0.542   0.085
 9.64   6.00    0.530    0.138   0.542   0.081

 9.65   0.00    0.084    0.080   0.033   0.037   0.013   0.000   0.000   0.000   0.000   0.000   0.000 601851000
 9.65   4.51   36.506
 9.65   6.00    0.273    0.269
 9.65   6.00    0.542   39.024
 9.65   6.00    0.530    0.141   0.542   0.084
 9.65   6.00    0.530    0.138   0.542   0.081

 9.66   0.00    0.083    0.080   0.033   0.037   0.013   0.000   0.000   0.000   0.000   0.000   0.000 602474700
 9.66   4.51   36.506
 9.66   6.00    0.273    0.269
 9.66   6.00    0.541   39.020
 9.66   6.00    0.530    0.141   0.541   0.084
 9.66   6.00    0.530    0.137   0.541   0.081

 9.67   0.00    0.083    0.080   0.033   0.037   0.013   0.000   0.000   0.000   0.000   0.000   0.000 603098400
 9.67   4.51   36.505
 9.67   6.00    0.272    0.269
 9.67   6.00    0.541   39.017
 9.67   6.00    0.529    0.140   0.541   0.084
 9.67   6.00    0.530    0.137   0.541   0.081

 9.68   0.00    0.083    0.080   0.033   0.037   0.013   0.000   0.000   0.000   0.000   0.000   0.000 603722000
 9.68   4.50   36.505
 9.68   6.00    0.272    0.269
 9.68   6.00    0.541   39.014
 9.68   6.00    0.529    0.140   0.541   0.084
 9.68   6.00    0.530    0.137   0.541   0.081

 9.69   0.00    0.083    0.080   0.033   0.037   0.013   0.000   0.000   0.000   0.000   0.000   0.000 604345700
 9.69   4.50   36.505
 9.69   6.00    0.272    0.269
 9.69   6.00    0.541   39.011
 9.69   6.00    0.529    0.140   0.541   0.084
 9.69   6.00    0.529    0.137   0.541   0.081

 9.70   0.00    0.083    0.080   0.033   0.037   0.013   0.000   0.000   0.000   0.000   0.000   0.000 604969400
 9.70   4.50   36.505
 9.70   6.00    0.272    0.268
 9.70   6.00    0.541   39.008
 9.70   6.00    0.529    0.140   0.541   0.084
 9.70   6.00    0.529    0.137   0.541   0.081

 9.71   0.00    0.083    0.080   0.033   0.037   0.013   0.000   0.000   0.000   0.000   0.000   0.000 605593100
 9.71   4.50   36.505
 9.71   6.00    0.272    0.268
 9.71   6.00    0.540   39.005
 9.71   6.00    0.529    0.140   0.540   0.084
 9.71   6.00    0.529    0.137   0.540   0.081

 9.72   0.00    0.083    0.080   0.033   0.037   0.013   0.000   0.000   0.000   0.000   0.000   0.000 606216800
 9.72   4.50   36.504
 9.72   6.00    0.272    0.268
 9.72   6.00    0.540   39.002
 9.72   6.00    0.528    0.140   0.540   0.084
 9.72   6.00    0.529    0.137   0.540   0.081

 9.73   0.00    0.083    0.080   0.033   0.037   0.013   0.000   0.000   0.000   0.000   0.000   0.000 606840400
 9.73   4.50   36.504
 9.73   6.00    0.272    0.268
 9.73   6.00    0.540   38.999
 9.73   6.00    0.528    0.140   0.540   0.084
 9.73   6.00    0.529    0.137   0.540   0.081

 9.74   0.00    0.083    0.080   0.033   0.037   0.013   0.000   0.000   0.000   0.000   0.000   0.000 607464100
 9.74   4.50   36.504
 9.74   6.00    0.272    0.268
 9.74   6.00    0.540   38.996
 9.74   6.00    0.528    0.140   0.540   0.084
 9.74   6.00    0.528    0.137   0.540   0.081

 9.75   0.00    0.083    0.080   0.033   0.037   0.013   0.000   0.000   0.000   0.000   0.000   0.000 608087800
 9.75   4.50   36.504
 9.75   6.00    0.272    0.268
 9.75   6.00    0.540   38.993
 9.75   6.00    0.528    0.140   0.540   0.084
 9.75   6.00    0.528    0.137   0.540   0.081

 9.76   0.00    0.083    0.080   0.033   0.037   0.013   0.000   0.000   0.000   0.000   0.000   0.000 608711500
 9.76   4.50   36.504
 9.76   6.00    0.272    0.268
 9.76   6.00    0.539   38.990
 9.76   6.00    0.528    0.140   0.539   0.084
 9.76   6.00    0.528    0.137   0.539   0.081

 9.77   0.00    0.083    0.080   0.033   0.037   0.013   0.000   0.000   0.000   0.000   0.000   0.000 609335200
 9.77   4.50   36.503
 9.77   6.00    0.271    0.268
 9.77   6.00    0.539   38.987
 9.77   6.00    0.527    0.140   0.539   0.084
 9.77   6.00    0.528    0.136   0.539   0.081

 9.78   0.00    0.083    0.080   0.033   0.037   0.013   0.000   0.000   0.000   0.000   0.000   0.000 609958800
 9.78   4.50   36.503
 9.78   6.00    0.271    0.268
 9.78   6.00    0.539   38.984
 9.78   6.00    0.527    0.139   0.539   0.084
 9.78   6.00    0.528    0.136   0.539   0.081

 9.79   0.00    0.083    0.080   0.033   0.037   0.013   0.000   0.000   0.000   0.000   0.000   0.000 610582500
 9.79   4.49   36.503
 9.79   6.00    0.271    0.267
 9.79   6.00    0.539   38.981
 9.79   6.00    0.527    0.139   0.539   0.083
 9.79   6.00    0.527    0.136   0.539   0.080

 9.80   0.00    0.083    0.080   0.033   0.037   0.013   0.000   0.000   0.000   0.000   0.000   0.000 611206200
 9.80   4.49   36.503
 9.80   6.00    0.271    0.267
 9.80   6.00    0.539   38.978
 9.80   6.00    0.527    0.139   0.539   0.083
 9.80   6.00    0.527    0.136   0.539   0.080

 9.81   0.00    0.082    0.079   0.033   0.037   0.013   0.000   0.000   0.000   0.000   0.000   0.000 611829900
 9.81   4.49   36.502
 9.81   6.00    0.271    0.267
 9.81   6.00    0.538   38.975
 9.81   6.00    0.527    0.139   0.538   0.083
 9.81   6.00    0.527    0.136   0.538   0.080

 9.82   0.00    0.082    0.079   0.033   0.037   0.013   0.000   0.000   0.000   0.000   0.000   0.000 612453600
 9.82   4.49   36.502
 9.82   6.00    0.271    0.267
 9.82   6.00    0.538   38.972
 9.82   6.00    0.527    0.139   0.538   0.083
 9.82   6.00    0.527    0.136   0.538   0.080

 9.83   0.00    0.082    0.079   0.033   0.037   0.013   0.000   0.000   0.000   0.000   0.000   0.000 613077200
 9.83   4.49   36.502
 9.83   6.00    0.271    0.267
 9.83   6.00    0.538   38.969
 9.83   6.00    0.526    0.139   0.538   0.083
 9.83   6.00    0.527    0.136   0.538   0.080

 9.84   0.00    0.082    0.079   0.033   0.037   0.013   0.000   0.000   0.000   0.000   0.000   0.000 613700900
 9.84   4.49   36.502
 9.84   6.00    0.271    0.267
 9.84   6.00    0.538   38.966
 9.84   6.00    0.526    0.139   0.538   0.083
 9.84   6.00    0.526    0.136   0.538   0.080

 9.85   0.00    0.082    0.079   0.033   0.037   0.013   0.000   0.000   0.000   0.000   0.000   0.000 614324600
 9.85   4.49   36.502
 9.85   6.00    0.271    0.267
 9.85   6.00    0.538   38.963
 9.85   6.00    0.526    0.139   0.538   0.083
 9.85   6.00    0.526    0.136   0.538   0.080

 9.86   0.00    0.082    0.079   0.033   0.037   0.013   0.000   0.000   0.000   0.000   0.000   0.000 614948300
 9.86   4.49   36.501
 9.86   6.00    0.271    0.267
 9.86   6.00    0.537   38.960
 9.86   6.00    0.526    0.139   0.537   0.083
 9.86   6.00    0.526    0.136   0.537   0.080

 9.87   0.00    0.082    0.079   0.033   0.037   0.013   0.000   0.000   0.000   0.000   0.000   0.000 615572000
 9.87   4.49   36.501
 9.87   6.00    0.271    0.267
 9.87   6.00    0.537   38.957
 9.87   6.00    0.526    0.139   0.537   0.083
 9.87   6.00    0.526    0.136   0.537   0.080

 9.88   0.00    0.082    0.079   0.033   0.037   0.013   0.000   0.000   0.000   0.000   0.000   0.000 616195600
 9.88   4.49   36.501
 9.88   6.00    0.270    0.267
 9.88   6.00    0.537   38.954
 9.88   6.00    0.525    0.139   0.537   0.083
 9.88   6.00    0.526    0.136   0.537   0.080

 9.89   0.00    0.082    0.079   0.032   0.037   0.012   0.000   0.000   0.000   0.000   0.000   0.000 616819300
 9.89   4.49   36.501
 9.89   6.00    0.270    0.266
 9.89   6.00    0.537   38.951
 9.89   6.00    0.525    0.138   0.537   0.083
 9.89   6.00    0.526    0.136   0.537   0.080

 9.90   0.00    0.082    0.079   0.032   0.037   0.012   0.000   0.000   0.000   0.000   0.000   0.000 617443000
 9.90   4.48   36.500
 9.90   6.00    0.270    0.266
 9.90   6.00    0.537   38.948
 9.90   6.00    0.525    0.138   0.537   0.083
 9.90   6.00    0.525    0.135   0.537   0.080

 9.91   0.00    0.082    0.079   0.032   0.037   0.012   0.000   0.000   0.000   0.000   0.000   0.000 618066700
 9.91   4.48   36.500
 9.91   6.00    0.270    0.266
 9.91   6.00    0.536   38.945
 9.91   6.00    0.525    0.138   0.536   0.083
 9.91   6.00    0.525    0.135   0.536   0.080

 9.92   0.00    0.082    0.079   0.032   0.037   0.012   0.000   0.000   0.000   0.000   0.000   0.000 618690400
 9.92   4.48   36.500
 9.92   6.00    0.270    0.266
 9.92   6.00    0.536   38.942
 9.92   6.00    0.525    0.138   0.536   0.083
 9.92   6.00    0.525    0.135   0.536   0.080

 9.93   0.00    0.082    0.079   0.032   0.037   0.012   0.000   0.000   0.000   0.000   0.000   0.000 619314000
 9.93   4.48   36.500
 9.93   6.00    0.270    0.266
 9.93   6.00    0.536   38.939
 9.93   6.00    0.525    0.138   0.536   0.083
 9.93   6.00    0.525    0.135   0.536   0.080

 9.94   0.00    0.082    0.079   0.032   0.037   0.012   0.000   0.000   0.000   0.000   0.000   0.000 619937700
 9.94   4.48   36.500
 9.94   6.00    0.270    0.266
 9.94   6.00    0.536   38.936
 9.94   6.00    0.524    0.138   0.536   0.082
 9.94   6.00    0.525    0.135   0.536   0.080

 9.95   0.00    0.081    0.079   0.032   0.037   0.012   0.000   0.000   0.000   0.000   0.000   0.000 620561400
 9.95   4.48   36.499
 9.95   6.00    0.270    0.266
 9.95   6.00    0.536   38.933
 9.95   6.00    0.524    0.138   0.536   0.082
 9.95   6.00    0.524    0.135   0.536   0.079

 9.96   0.00    0.081    0.079   0.032   0.037   0.012   0.000   0.000   0.000   0.000   0.000   0.000 621185100
 9.96   4.48   36.499
 9.96   6.00    0.270    0.266
 9.96   6.00    0.536   38.930
 9.96   6.00    0.524    0.138   0.536   0.082
 9.96   6.00    0.524    0.135   0.536   0.079

 9.97   0.00    0.081    0.078   0.032   0.037   0.012   0.000   0.000   0.000   0.000   0.000   0.000 621808800
 9.97   4.48   36.499
 9.97   6.00    0.270    0.266
 9.97   6.00    0.535   38.927
 9.97   6.00    0.524    0.138   0.535   0.082
 9.97   6.00    0.524    0.135   0.535   0.079

 9.98   0.00    0.081    0.078   0.032   0.037   0.012   0.000   0.000   0.000   0.000   0.000   0.000 622432400
 9.98   4.48   36.499
 9.98   6.00    0.270    0.266
 9.98   6.00    0.535   38.924
 9.98   6.00    0.524    0.138   0.535   0.082
 9.98   6.00    0.524    0.135   0.535   0.079

 9.99   0.00    0.081    0.078   0.032   0.037   0.012   0.000   0.000   0.000   0.000   0.000   0.000 623056100
 9.99   4.48   36.498
 9.99   6.00    0.269    0.266
 9.99   6.00    0.535   38.922
 9.99   6.00    0.523    0.138   0.535   0.082
 9.99   6.00    0.524    0.135   0.535   0.079

10.00   0.00    0.081    0.078   0.032   0.037   0.012   0.000   0.000   0.000   0.000   0.000   0.000 623679800
10.00   4.48   36.498
10.00   6.00    0.269    0.265
10.00   6.00    0.535   38.919
10.00   6.00    0.523    0.138   0.535   0.082
10.00   6.00    0.524    0.135   0.535   0.079

10.01   0.00    0.081    0.078   0.032   0.037   0.012   0.000   0.000   0.000   0.000   0.000   0.000 624303500
10.01   4.48   36.498
10.01   6.00    0.269    0.265
10.01   6.00    0.535   38.916
10.01   6.00    0.523    0.137   0.535   0.082
10.01   6.00    0.523    0.135   0.535   0.079

10.02   0.00    0.081    0.078   0.032   0.037   0.012   0.000   0.000   0.000   0.000   0.000   0.000 624927200
10.02   4.47   36.498
10.02   6.00    0.269    0.265
10.02   6.00    0.534   38.913
10.02   6.00    0.523    0.137   0.534   0.082
10.02   6.00    0.523    0.135   0.534   0.079

10.03   0.00    0.081    0.078   0.032   0.037   0.012   0.000   0.000   0.000   0.000   0.000   0.000 625550800
10.03   4.47   36.498
10.03   6.00    0.269    0.265
10.03   6.00    0.534   38.910
10.03   6.00    0.523    0.137   0.534   0.082
10.03   6.00    0.523    0.134   0.534   0.079

10.04   0.00    0.081    0.078   0.032   0.037   0.012   0.000   0.000   0.000   0.000   0.000   0.000 626174500
10.04   4.47   36.497
10.04   6.00    0.269    0.265
10.04   6.00    0.534   38.907
10.04   6.00    0.523    0.137   0.534   0.082
10.04   6.00    0.523    0.134   0.534   0.079

10.05   0.00    0.081    0.078   0.032   0.037   0.012   0.000   0.000   0.000   0.000   0.000   0.000 626798200
10.05   4.47   36.497
10.05   6.00    0.269    0.265
10.05   6.00    0.534   38.904
10.05   6.00    0.522    0.137   0.534   0.082
10.05   6.00    0.523    0.134   0.534   0.079

10.06   0.00    0.081    0.078   0.032   0.037   0.012   0.000   0.000   0.000   0.000   0.000   0.000 627421900
10.06   4.47   36.497
10.06   6.00    0.269    0.265
10.06   6.00    0.534   38.902
10.06   6.00    0.522    0.137   0.534   0.082
10.06   6.00    0.522    0.134   0.534   0.079

10.07   0.00    0.081    0.078   0.032   0.037   0.012   0.000   0.000   0.000   0.000   0.000   0.000 628045600
10.07   4.47   36.497
10.07   6.00    0.269    0.265
10.07   6.00    0.533   38.899
10.07   6.00    0.522    0.137   0.533   0.082
10.07   6.00    0.522    0.134   0.533   0.079

10.08   0.00    0.081    0.078   0.032   0.037   0.012   0.000   0.000   0.000   0.000   0.000   0.000 628669200
10.08   4.47   36.496
10.08   6.00    0.269    0.265
10.08   6.00    0.533   38.896
10.08   6.00    0.522    0.137   0.533   0.082
10.08   6.00    0.522    0.134   0.533   0.079

10.09   0.00    0.081    0.078   0.032   0.037   0.012   0.000   0.000   0.000   0.000   0.000   0.000 629292900
10.09   4.47   36.496
10.09   6.00    0.269    0.265
10.09   6.00    0.533   38.893
10.09   6.00    0.522    0.137   0.533   0.082
10.09   6.00    0.522    0.134   0.533   0.079

10.10   0.00    0.081    0.078   0.032   0.037   0.012   0.000   0.000   0.000   0.000   0.000   0.000 629916600
10.10   4.47   36.496
10.10   6.00    0.268    0.264
10.10   6.00    0.533   38.890
10.10   6.00    0.521    0.137   0.533   0.082
10.10   6.00    0.522    0.134   0.533   0.079

10.11   0.00    0.081    0.078   0.032   0.037   0.012   0.000   0.000   0.000   0.000   0.000   0.000 630540200
10.11   4.47   36.496
10.11   6.00    0.268    0.264
10.11   6.00    0.533   38.888
10.11   6.00    0.521    0.137   0.533   0.082
10.11   6.00    0.522    0.134   0.533   0.079

10.12   0.00    0.081    0.078   0.032   0.037   0.012   0.000   0.000   0.000   0.000   0.000   0.000 631164000
10.12   4.47   36.496
10.12   6.00    0.268    0.264
10.12   6.00    0.533   38.885
10.12   6.00    0.521    0.137   0.533   0.082
10.12   6.00    0.521    0.134   0.533   0.079

10.13   0.00    0.081    0.078   0.032   0.037   0.012   0.000   0.000   0.000   0.000   0.000   0.000 631787600
10.13   4.46   36.495
10.13   6.00    0.268    0.264
10.13   6.00    0.532   38.882
10.13   6.00    0.521    0.137   0.532   0.082
10.13   6.00    0.521    0.134   0.532   0.079

10.14   0.00    0.081    0.078   0.032   0.037   0.012   0.000   0.000   0.000   0.000   0.000   0.000 632411300
10.14   4.46   36.495
10.14   6.00    0.268    0.264
10.14   6.00    0.532   38.879
10.14   6.00    0.521    0.137   0.532   0.082
10.14   6.00    0.521    0.134   0.532   0.079

10.15   0.00    0.081    0.078   0.032   0.037   0.012   0.000   0.000   0.000   0.000   0.000   0.000 633034900
10.15   4.46   36.495
10.15   6.00    0.268    0.264
10.15   6.00    0.532   38.876
10.15   6.00    0.521    0.137   0.532   0.082
10.15   6.00    0.521    0.134   0.532   0.079

10.16   0.00    0.081    0.078   0.032   0.037   0.012   0.000   0.000   0.000   0.000   0.000   0.000 633658700
10.16   4.46   36.495
10.16   6.00    0.268    0.264
10.16   6.00    0.532   38.874
10.16   6.00    0.520    0.137   0.532   0.082
10.16   6.00    0.521    0.134   0.532   0.079

10.17   0.00    0.081    0.078   0.032   0.037   0.012   0.000   0.000   0.000   0.000   0.000   0.000 634282400
10.17   4.46   36.494
10.17   6.00    0.268    0.264
10.17   6.00    0.532   38.871
10.17   6.00    0.520    0.137   0.532   0.082
10.17   6.00    0.521    0.134   0.532   0.079

10.18   0.00    0.081    0.078   0.032   0.037   0.012   0.000   0.000   0.000   0.000   0.000   0.000 634906000
10.18   4.46   36.494
10.18   6.00    0.268    0.264
10.18   6.00    0.531   38.868
10.18   6.00    0.520    0.137   0.531   0.082
10.18   6.00    0.520    0.134   0.531   0.079

10.19   0.00    0.081    0.078   0.032   0.037   0.012   0.000   0.000   0.000   0.000   0.000   0.000 635529700
10.19   4.46   36.494
10.19   6.00    0.268    0.264
10.19   6.00    0.531   38.865
10.19   6.00    0.520    0.137   0.531   0.082
10.19   6.00    0.520    0.134   0.531   0.079

10.20   0.00    0.081    0.078   0.032   0.037   0.012   0.000   0.000   0.000   0.000   0.000   0.000 636153400
10.20   4.46   36.494
10.20   6.00    0.268    0.264
10.20   6.00    0.531   38.863
10.20   6.00    0.520    0.137   0.531   0.082
10.20   6.00    0.520    0.134   0.531   0.079

10.21   0.00    0.081    0.078   0.032   0.037   0.012   0.000   0.000   0.000   0.000   0.000   0.000 636777100
10.21   4.46   36.494
10.21   6.00    0.267    0.263
10.21   6.00    0.531   38.860
10.21   6.00    0.520    0.137   0.531   0.082
10.21   6.00    0.520    0.134   0.531   0.079

10.22   0.00    0.081    0.078   0.032   0.037   0.012   0.000   0.000   0.000   0.000   0.000   0.000 637400800
10.22   4.46   36.493
10.22   6.00    0.267    0.263
10.22   6.00    0.531   38.857
10.22   6.00    0.519    0.137   0.531   0.082
10.22   6.00    0.520    0.134   0.531   0.079

10.23   0.00    0.081    0.078   0.032   0.037   0.012   0.000   0.000   0.000   0.000   0.000   0.000 638024400
10.23   4.46   36.493
10.23   6.00    0.267    0.263
10.23   6.00    0.531   38.854
10.23   6.00    0.519    0.137   0.531   0.081
10.23   6.00    0.519    0.134   0.531   0.079

10.24   0.00    0.081    0.078   0.032   0.037   0.012   0.000   0.000   0.000   0.000   0.000   0.000 638648100
10.24   4.46   36.493
10.24   6.00    0.267    0.263
10.24   6.00    0.530   38.852
10.24   6.00    0.519    0.136   0.530   0.081
10.24   6.00    0.519    0.134   0.530   0.079

10.25   0.00    0.081    0.078   0.032   0.037   0.012   0.000   0.000   0.000   0.000   0.000   0.000 639271800
10.25   4.45   36.493
10.25   6.00    0.267    0.263
10.25   6.00    0.530   38.849
10.25   6.00    0.519    0.136   0.530   0.081
10.25   6.00    0.519    0.134   0.530   0.079

10.26   0.00    0.081    0.078   0.032   0.037   0.012   0.000   0.000   0.000   0.000   0.000   0.000 639895500
10.26   4.45   36.493
10.26   6.00    0.267    0.263
10.26   6.00    0.530   38.846
10.26   6.00    0.519    0.136   0.530   0.081
10.26   6.00    0.519    0.134   0.530   0.079

10.27   0.00    0.080    0.078   0.032   0.037   0.012   0.000   0.000   0.000   0.000   0.000   0.000 640519200
10.27   4.45   36.492
10.27   6.00    0.267    0.263
10.27   6.00    0.530   38.844
10.27   6.00    0.518    0.136   0.530   0.081
10.27   6.00    0.519    0.134   0.530   0.079

10.28   0.00    0.080    0.078   0.032   0.037   0.012   0.000   0.000   0.000   0.000   0.000   0.000 641142800
10.28   4.45   36.492
10.28   6.00    0.267    0.263
10.28   6.00    0.530   38.841
10.28   6.00    0.518    0.136   0.530   0.081
10.28   6.00    0.519    0.134   0.530   0.079

10.29   0.00    0.080    0.078   0.032   0.037   0.012   0.000   0.000   0.000   0.000   0.000   0.000 641766500
10.29   4.45   36.492
10.29   6.00    0.267    0.263
10.29   6.00    0.530   38.838
10.29   6.00    0.518    0.136   0.530   0.081
10.29   6.00    0.518    0.133   0.530   0.079

10.30   0.00    0.080    0.078   0.032   0.037   0.012   0.000   0.000   0.000   0.000   0.000   0.000 642390200
10.30   4.45   36.492
10.30   6.00    0.267    0.263
10.30   6.00    0.529   38.836
10.30   6.00    0.518    0.136   0.529   0.081
10.30   6.00    0.518    0.133   0.529   0.079

10.31   0.00    0.080    0.078   0.032   0.037   0.012   0.000   0.000   0.000   0.000   0.000   0.000 643013900
10.31   4.45   36.491
10.31   6.00    0.267    0.263
10.31   6.00    0.529   38.833
10.31   6.00    0.518    0.136   0.529   0.081
10.31   6.00    0.518    0.133   0.529   0.079

10.32   0.00    0.080    0.078   0.032   0.037   0.012   0.000   0.000   0.000   0.000   0.000   0.000 643637500
10.32   4.45   36.491
10.32   6.00    0.267    0.262
10.32   6.00    0.529   38.830
10.32   6.00    0.518    0.136   0.529   0.081
10.32   6.00    0.518    0.133   0.529   0.079

10.33   0.00    0.080    0.078   0.032   0.037   0.012   0.000   0.000   0.000   0.000   0.000   0.000 644261200
10.33   4.45   36.491
10.33   6.00    0.266    0.262
10.33   6.00    0.529   38.828
10.33   6.00    0.517    0.136   0.529   0.081
10.33   6.00    0.518    0.133   0.529   0.078

10.34   0.00    0.080    0.078   0.032   0.037   0.012   0.000   0.000   0.000   0.000   0.000   0.000 644884900
10.34   4.45   36.491
10.34   6.00    0.266    0.262
10.34   6.00    0.529   38.825
10.34   6.00    0.517    0.136   0.529   0.081
10.34   6.00    0.518    0.133   0.529   0.078

10.35   0.00    0.080    0.078   0.032   0.037   0.011   0.000   0.000   0.000   0.000   0.000   0.000 645508600
10.35   4.45   36.491
10.35   6.00    0.266    0.262
10.35   6.00    0.528   38.822
10.35   6.00    0.517    0.136   0.528   0.081
10.35   6.00    0.517    0.133   0.528   0.078

10.36   0.00    0.080    0.078   0.032   0.037   0.011   0.000   0.000   0.000   0.000   0.000   0.000 646132200
10.36   4.45   36.490
10.36   6.00    0.266    0.262
10.36   6.00    0.528   38.820
10.36   6.00    0.517    0.136   0.528   0.081
10.36   6.00    0.517    0.133   0.528   0.078

10.37   0.00    0.080    0.078   0.032   0.037   0.011   0.000   0.000   0.000   0.000   0.000   0.000 646756000
10.37   4.44   36.490
10.37   6.00    0.266    0.262
10.37   6.00    0.528   38.817
10.37   6.00    0.517    0.136   0.528   0.081
10.37   6.00    0.517    0.133   0.528   0.078

10.38   0.00    0.080    0.078   0.032   0.037   0.011   0.000   0.000   0.000   0.000   0.000   0.000 647379600
10.38   4.44   36.490
10.38   6.00    0.266    0.262
10.38   6.00    0.528   38.814
10.38   6.00    0.517    0.136   0.528   0.081
10.38   6.00    0.517    0.133   0.528   0.078

10.39   0.00    0.080    0.078   0.032   0.037   0.011   0.000   0.000   0.000   0.000   0.000   0.000 648003300
10.39   4.44   36.490
10.39   6.00    0.266    0.262
10.39   6.00    0.528   38.812
10.39   6.00    0.516    0.136   0.528   0.081
10.39   6.00    0.517    0.133   0.528   0.078

10.40   0.00    0.080    0.078   0.032   0.037   0.011   0.000   0.000   0.000   0.000   0.000   0.000 648626900
10.40   4.44   36.490
10.40   6.00    0.266    0.262
10.40   6.00    0.528   38.809
10.40   6.00    0.516    0.136   0.528   0.081
10.40   6.00    0.517    0.133   0.528   0.078

10.41   0.00    0.080    0.077   0.032   0.037   0.011   0.000   0.000   0.000   0.000   0.000   0.000 649250700
10.41   4.44   36.489
10.41   6.00    0.266    0.262
10.41   6.00    0.527   38.807
10.41   6.00    0.516    0.136   0.527   0.081
10.41   6.00    0.516    0.133   0.527   0.078

10.42   0.00    0.080    0.077   0.032   0.037   0.011   0.000   0.000   0.000   0.000   0.000   0.000 649874400
10.42   4.44   36.489
10.42   6.00    0.266    0.262
10.42   6.00    0.527   38.804
10.42   6.00    0.516    0.136   0.527   0.081
10.42   6.00    0.516    0.133   0.527   0.078

10.43   0.00    0.080    0.077   0.032   0.037   0.011   0.000   0.000   0.000   0.000   0.000   0.000 650498000
10.43   4.44   36.489
10.43   6.00    0.266    0.262
10.43   6.00    0.527   38.802
10.43   6.00    0.516    0.136   0.527   0.081
10.43   6.00    0.516    0.133   0.527   0.078

10.44   0.00    0.080    0.077   0.032   0.037   0.011   0.000   0.000   0.000   0.000   0.000   0.000 651121700
10.44   4.44   36.489
10.44   6.00    0.266    0.261
10.44   6.00    0.527   38.799
10.44   6.00    0.516    0.136   0.527   0.081
10.44   6.00    0.516    0.133   0.527   0.078

10.45   0.00    0.080    0.077   0.032   0.037   0.011   0.000   0.000   0.000   0.000   0.000   0.000 651745400
10.45   4.44   36.488
10.45   6.00    0.265    0.261
10.45   6.00    0.527   38.796
10.45   6.00    0.515    0.136   0.527   0.081
10.45   6.00    0.516    0.133   0.527   0.078

10.46   0.00    0.080    0.077   0.032   0.037   0.011   0.000   0.000   0.000   0.000   0.000   0.000 652369100
10.46   4.44   36.488
10.46   6.00    0.265    0.261
10.46   6.00    0.527   38.794
10.46   6.00    0.515    0.136   0.527   0.081
10.46   6.00    0.516    0.133   0.527   0.078

10.47   0.00    0.080    0.077   0.032   0.037   0.011   0.000   0.000   0.000   0.000   0.000   0.000 652992800
10.47   4.44   36.488
10.47   6.00    0.265    0.261
10.47   6.00    0.526   38.791
10.47   6.00    0.515    0.136   0.526   0.081
10.47   6.00    0.515    0.133   0.526   0.078

10.48   0.00    0.080    0.077   0.032   0.037   0.011   0.000   0.000   0.000   0.000   0.000   0.000 653616400
10.48   4.44   36.488
10.48   6.00    0.265    0.261
10.48   6.00    0.526   38.789
10.48   6.00    0.515    0.135   0.526   0.081
10.48   6.00    0.515    0.133   0.526   0.078

10.49   0.00    0.080    0.077   0.032   0.037   0.011   0.000   0.000   0.000   0.000   0.000   0.000 654240100
10.49   4.44   36.488
10.49   6.00    0.265    0.261
10.49   6.00    0.526   38.786
10.49   6.00    0.515    0.135   0.526   0.081
10.49   6.00    0.515    0.133   0.526   0.078

10.50   0.00    0.080    0.077   0.032   0.037   0.011   0.000   0.000   0.000   0.000   0.000   0.000 654863800
10.50   4.43   36.487
10.50   6.00    0.265    0.261
10.50   6.00    0.526   38.784
10.50   6.00    0.515    0.135   0.526   0.081
10.50   6.00    0.515    0.133   0.526   0.078

10.51   0.00    0.080    0.077   0.032   0.037   0.011   0.000   0.000   0.000   0.000   0.000   0.000 655487500
10.51   4.43   36.487
10.51   6.00    0.265    0.261
10.51   6.00    0.526   38.781
10.51   6.00    0.514    0.135   0.526   0.081
10.51   6.00    0.515    0.133   0.526   0.078

10.52   0.00    0.080    0.077   0.032   0.037   0.011   0.000   0.000   0.000   0.000   0.000   0.000 656111200
10.52   4.43   36.487
10.52   6.00    0.265    0.261
10.52   6.00    0.526   38.779
10.52   6.00    0.514    0.135   0.526   0.081
10.52   6.00    0.515    0.133   0.526   0.078

10.53   0.00    0.080    0.077   0.032   0.037   0.011   0.000   0.000   0.000   0.000   0.000   0.000 656734800
10.53   4.43   36.487
10.53   6.00    0.265    0.261
10.53   6.00    0.525   38.776
10.53   6.00    0.514    0.135   0.525   0.081
10.53   6.00    0.514    0.133   0.525   0.078

10.54   0.00    0.080    0.077   0.032   0.037   0.011   0.000   0.000   0.000   0.000   0.000   0.000 657358500
10.54   4.43   36.487
10.54   6.00    0.265    0.261
10.54   6.00    0.525   38.774
10.54   6.00    0.514    0.135   0.525   0.081
10.54   6.00    0.514    0.133   0.525   0.078

10.55   0.00    0.080    0.077   0.032   0.037   0.011   0.000   0.000   0.000   0.000   0.000   0.000 657982200
10.55   4.43   36.486
10.55   6.00    0.265    0.261
10.55   6.00    0.525   38.771
10.55   6.00    0.514    0.135   0.525   0.081
10.55   6.00    0.514    0.133   0.525   0.078

10.56   0.00    0.080    0.077   0.032   0.037   0.011   0.000   0.000   0.000   0.000   0.000   0.000 658605900
10.56   4.43   36.486
10.56   6.00    0.265    0.260
10.56   6.00    0.525   38.769
10.56   6.00    0.514    0.135   0.525   0.081
10.56   6.00    0.514    0.133   0.525   0.078

10.57   0.00    0.080    0.077   0.032   0.037   0.011   0.000   0.000   0.000   0.000   0.000   0.000 659229500
10.57   4.43   36.486
10.57   6.00    0.264    0.260
10.57   6.00    0.525   38.766
10.57   6.00    0.513    0.135   0.525   0.081
10.57   6.00    0.514    0.132   0.525   0.078

10.58   0.00    0.080    0.077   0.032   0.037   0.011   0.000   0.000   0.000   0.000   0.000   0.000 659853200
10.58   4.43   36.486
10.58   6.00    0.264    0.260
10.58   6.00    0.525   38.764
10.58   6.00    0.513    0.135   0.525   0.081
10.58   6.00    0.514    0.132   0.525   0.078

10.59   0.00    0.080    0.077   0.032   0.037   0.011   0.000   0.000   0.000   0.000   0.000   0.000 660476900
10.59   4.43   36.486
10.59   6.00    0.264    0.260
10.59   6.00    0.524   38.761
10.59   6.00    0.513    0.135   0.524   0.081
10.59   6.00    0.513    0.132   0.524   0.078

10.60   0.00    0.080    0.077   0.032   0.037   0.011   0.000   0.000   0.000   0.000   0.000   0.000 661100600
10.60   4.43   36.485
10.60   6.00    0.264    0.260
10.60   6.00    0.524   38.759
10.60   6.00    0.513    0.135   0.524   0.081
10.60   6.00    0.513    0.132   0.524   0.078

10.61   0.00    0.080    0.077   0.032   0.037   0.011   0.000   0.000   0.000   0.000   0.000   0.000 661724200
10.61   4.43   36.485
10.61   6.00    0.264    0.260
10.61   6.00    0.524   38.756
10.61   6.00    0.513    0.135   0.524   0.081
10.61   6.00    0.513    0.132   0.524   0.078

10.62   0.00    0.080    0.077   0.032   0.037   0.011   0.000   0.000   0.000   0.000   0.000   0.000 662348000
10.62   4.42   36.485
10.62   6.00    0.264    0.260
10.62   6.00    0.524   38.754
10.62   6.00    0.513    0.135   0.524   0.081
10.62   6.00    0.513    0.132   0.524   0.078

10.63   0.00    0.080    0.077   0.032   0.037   0.011   0.000   0.000   0.000   0.000   0.000   0.000 662971600
10.63   4.42   36.485
10.63   6.00    0.264    0.260
10.63   6.00    0.524   38.751
10.63   6.00    0.513    0.135   0.524   0.081
10.63   6.00    0.513    0.132   0.524   0.078

10.64   0.00    0.080    0.077   0.032   0.037   0.011   0.000   0.000   0.000   0.000   0.000   0.000 663595300
10.64   4.42   36.485
10.64   6.00    0.264    0.260
10.64   6.00    0.524   38.749
10.64   6.00    0.512    0.135   0.524   0.081
10.64   6.00    0.513    0.132   0.524   0.078

10.65   0.00    0.080    0.077   0.032   0.037   0.011   0.000   0.000   0.000   0.000   0.000   0.000 664218900
10.65   4.42   36.484
10.65   6.00    0.264    0.260
10.65   6.00    0.524   38.746
10.65   6.00    0.512    0.135   0.524   0.081
10.65   6.00    0.513    0.132   0.524   0.078

10.66   0.00    0.080    0.077   0.032   0.037   0.011   0.000   0.000   0.000   0.000   0.000   0.000 664842700
10.66   4.42   36.484
10.66   6.00    0.264    0.260
10.66   6.00    0.523   38.744
10.66   6.00    0.512    0.135   0.523   0.080
10.66   6.00    0.512    0.132   0.523   0.078

10.67   0.00    0.080    0.077   0.032   0.037   0.011   0.000   0.000   0.000   0.000   0.000   0.000 665466400
10.67   4.42   36.484
10.67   6.00    0.264    0.260
10.67   6.00    0.523   38.742
10.67   6.00    0.512    0.135   0.523   0.080
10.67   6.00    0.512    0.132   0.523   0.078

10.68   0.00    0.080    0.077   0.032   0.037   0.011   0.000   0.000   0.000   0.000   0.000   0.000 666090000
10.68   4.42   36.484
10.68   6.00    0.264    0.260
10.68   6.00    0.523   38.739
10.68   6.00    0.512    0.135   0.523   0.080
10.68   6.00    0.512    0.132   0.523   0.078

10.69   0.00    0.080    0.077   0.032   0.037   0.011   0.000   0.000   0.000   0.000   0.000   0.000 666713700
10.69   4.42   36.483
10.69   6.00    0.263    0.259
10.69   6.00    0.523   38.737
10.69   6.00    0.512    0.135   0.523   0.080
10.69   6.00    0.512    0.132   0.523   0.078

10.70   0.00    0.080    0.077   0.032   0.037   0.011   0.000   0.000   0.000   0.000   0.000   0.000 667337300
10.70   4.42   36.483
10.70   6.00    0.263    0.259
10.70   6.00    0.523   38.734
10.70   6.00    0.511    0.135   0.523   0.080
10.70   6.00    0.512    0.132   0.523   0.078

10.71   0.00    0.080    0.077   0.032   0.037   0.011   0.000   0.000   0.000   0.000   0.000   0.000 667961100
10.71   4.42   36.483
10.71   6.00    0.263    0.259
10.71   6.00    0.523   38.732
10.71   6.00    0.511    0.135   0.523   0.080
10.71   6.00    0.512    0.132   0.523   0.078

10.72   0.00    0.079    0.077   0.032   0.037   0.011   0.000   0.000   0.000   0.000   0.000   0.000 668584800
10.72   4.42   36.483
10.72   6.00    0.263    0.259
10.72   6.00    0.522   38.729
10.72   6.00    0.511    0.135   0.522   0.080
10.72   6.00    0.511    0.132   0.522   0.078

10.73   0.00    0.079    0.077   0.032   0.037   0.011   0.000   0.000   0.000   0.000   0.000   0.000 669208400
10.73   4.42   36.483
10.73   6.00    0.263    0.259
10.73   6.00    0.522   38.727
10.73   6.00    0.511    0.134   0.522   0.080
10.73   6.00    0.511    0.132   0.522   0.078

10.74   0.00    0.079    0.077   0.032   0.037   0.011   0.000   0.000   0.000   0.000   0.000   0.000 669832100
10.74   4.42   36.482
10.74   6.00    0.263    0.259
10.74   6.00    0.522   38.725
10.74   6.00    0.511    0.134   0.522   0.080
10.74   6.00    0.511    0.132   0.522   0.078

10.75   0.00    0.079    0.077   0.032   0.037   0.011   0.000   0.000   0.000   0.000   0.000   0.000 670455800
10.75   4.41   36.482
10.75   6.00    0.263    0.259
10.75   6.00    0.522   38.722
10.75   6.00    0.511    0.134   0.522   0.080
10.75   6.00    0.511    0.132   0.522   0.078

10.76   0.00    0.079    0.077   0.032   0.037   0.011   0.000   0.000   0.000   0.000   0.000   0.000 671079500
10.76   4.41   36.482
10.76   6.00    0.263    0.259
10.76   6.00    0.522   38.720
10.76   6.00    0.511    0.134   0.522   0.080
10.76   6.00    0.511    0.132   0.522   0.078

10.77   0.00    0.079    0.077   0.032   0.037   0.011   0.000   0.000   0.000   0.000   0.000   0.000 671703200
10.77   4.41   36.482
10.77   6.00    0.263    0.259
10.77   6.00    0.522   38.718
10.77   6.00    0.510    0.134   0.522   0.080
10.77   6.00    0.511    0.132   0.522   0.078

10.78   0.00    0.079    0.077   0.032   0.037   0.011   0.000   0.000   0.000   0.000   0.000   0.000 672326800
10.78   4.41   36.482
10.78   6.00    0.263    0.259
10.78   6.00    0.521   38.715
10.78   6.00    0.510    0.134   0.521   0.080
10.78   6.00    0.510    0.132   0.521   0.078

10.79   0.00    0.079    0.077   0.032   0.037   0.011   0.000   0.000   0.000   0.000   0.000   0.000 672950500
10.79   4.41   36.481
10.79   6.00    0.263    0.259
10.79   6.00    0.521   38.713
10.79   6.00    0.510    0.134   0.521   0.080
10.79   6.00    0.510    0.132   0.521   0.078

10.80   0.00    0.079    0.077   0.032   0.037   0.011   0.000   0.000   0.000   0.000   0.000   0.000 673574200
10.80   4.41   36.481
10.80   6.00    0.263    0.259
10.80   6.00    0.521   38.711
10.80   6.00    0.510    0.134   0.521   0.080
10.80   6.00    0.510    0.132   0.521   0.078

10.81   0.00    0.079    0.077   0.032   0.037   0.011   0.000   0.000   0.000   0.000   0.000   0.000 674197900
10.81   4.41   36.481
10.81   6.00    0.262    0.259
10.81   6.00    0.521   38.708
10.81   6.00    0.510    0.134   0.521   0.080
10.81   6.00    0.510    0.132   0.521   0.078

10.82   0.00    0.079    0.077   0.032   0.037   0.011   0.000   0.000   0.000   0.000   0.000   0.000 674821500
10.82   4.41   36.481
10.82   6.00    0.262    0.258
10.82   6.00    0.521   38.706
10.82   6.00    0.510    0.134   0.521   0.080
10.82   6.00    0.510    0.132   0.521   0.078

10.83   0.00    0.079    0.077   0.032   0.037   0.011   0.000   0.000   0.000   0.000   0.000   0.000 675445200
10.83   4.41   36.481
10.83   6.00    0.262    0.258
10.83   6.00    0.521   38.704
10.83   6.00    0.509    0.134   0.521   0.080
10.83   6.00    0.510    0.132   0.521   0.078

10.84   0.00    0.079    0.077   0.032   0.037   0.011   0.000   0.000   0.000   0.000   0.000   0.000 676068900
10.84   4.41   36.480
10.84   6.00    0.262    0.258
10.84   6.00    0.521   38.701
10.84   6.00    0.509    0.134   0.521   0.080
10.84   6.00    0.510    0.132   0.521   0.078

10.85   0.00    0.079    0.077   0.032   0.037   0.011   0.000   0.000   0.000   0.000   0.000   0.000 676692600
10.85   4.41   36.480
10.85   6.00    0.262    0.258
10.85   6.00    0.520   38.699
10.85   6.00    0.509    0.134   0.520   0.080
10.85   6.00    0.509    0.132   0.520   0.078

10.86   0.00    0.079    0.077   0.032   0.037   0.010   0.000   0.000   0.000   0.000   0.000   0.000 677316200
10.86   4.41   36.480
10.86   6.00    0.262    0.258
10.86   6.00    0.520   38.697
10.86   6.00    0.509    0.134   0.520   0.080
10.86   6.00    0.509    0.132   0.520   0.078

10.87   0.00    0.079    0.077   0.032   0.037   0.010   0.000   0.000   0.000   0.000   0.000   0.000 677939900
10.87   4.41   36.480
10.87   6.00    0.262    0.258
10.87   6.00    0.520   38.694
10.87   6.00    0.509    0.134   0.520   0.080
10.87   6.00    0.509    0.131   0.520   0.078

10.88   0.00    0.079    0.077   0.032   0.037   0.010   0.000   0.000   0.000   0.000   0.000   0.000 678563600
10.88   4.40   36.480
10.88   6.00    0.262    0.258
10.88   6.00    0.520   38.692
10.88   6.00    0.509    0.134   0.520   0.080
10.88   6.00    0.509    0.131   0.520   0.078

10.89   0.00    0.079    0.077   0.032   0.037   0.010   0.000   0.000   0.000   0.000   0.000   0.000 679187300
10.89   4.40   36.479
10.89   6.00    0.262    0.258
10.89   6.00    0.520   38.690
10.89   6.00    0.509    0.134   0.520   0.080
10.89   6.00    0.509    0.131   0.520   0.078

10.90   0.00    0.079    0.077   0.032   0.037   0.010   0.000   0.000   0.000   0.000   0.000   0.000 679810900
10.90   4.40   36.479
10.90   6.00    0.262    0.258
10.90   6.00    0.520   38.688
10.90   6.00    0.508    0.134   0.520   0.080
10.90   6.00    0.509    0.131   0.520   0.077

10.91   0.00    0.079    0.077   0.032   0.037   0.010   0.000   0.000   0.000   0.000   0.000   0.000 680434600
10.91   4.40   36.479
10.91   6.00    0.262    0.258
10.91   6.00    0.519   38.685
10.91   6.00    0.508    0.134   0.519   0.080
10.91   6.00    0.509    0.131   0.519   0.077

10.92   0.00    0.079    0.077   0.032   0.037   0.010   0.000   0.000   0.000   0.000   0.000   0.000 681058400
10.92   4.40   36.479
10.92   6.00    0.262    0.258
10.92   6.00    0.519   38.683
10.92   6.00    0.508    0.134   0.519   0.080
10.92   6.00    0.508    0.131   0.519   0.077

10.93   0.00    0.079    0.077   0.032   0.037   0.010   0.000   0.000   0.000   0.000   0.000   0.000 681682000
10.93   4.40   36.479
10.93   6.00    0.262    0.258
10.93   6.00    0.519   38.681
10.93   6.00    0.508    0.134   0.519   0.080
10.93   6.00    0.508    0.131   0.519   0.077

10.94   0.00    0.079    0.077   0.032   0.037   0.010   0.000   0.000   0.000   0.000   0.000   0.000 682305700
10.94   4.40   36.479
10.94   6.00    0.261    0.258
10.94   6.00    0.519   38.678
10.94   6.00    0.508    0.134   0.519   0.080
10.94   6.00    0.508    0.131   0.519   0.077

10.95   0.00    0.079    0.077   0.032   0.037   0.010   0.000   0.000   0.000   0.000   0.000   0.000 682929300
10.95   4.40   36.478
10.95   6.00    0.261    0.257
10.95   6.00    0.519   38.676
10.95   6.00    0.508    0.134   0.519   0.080
10.95   6.00    0.508    0.131   0.519   0.077

10.96   0.00    0.079    0.077   0.032   0.037   0.010   0.000   0.000   0.000   0.000   0.000   0.000 683553100
10.96   4.40   36.478
10.96   6.00    0.261    0.257
10.96   6.00    0.519   38.674
10.96   6.00    0.508    0.134   0.519   0.080
10.96   6.00    0.508    0.131   0.519   0.077

10.97   0.00    0.079    0.077   0.032   0.037   0.010   0.000   0.000   0.000   0.000   0.000   0.000 684176800
10.97   4.40   36.478
10.97   6.00    0.261    0.257
10.97   6.00    0.519   38.672
10.97   6.00    0.507    0.134   0.519   0.080
10.97   6.00    0.508    0.131   0.519   0.077

10.98   0.00    0.079    0.077   0.032   0.037   0.010   0.000   0.000   0.000   0.000   0.000   0.000 684800400
10.98   4.40   36.478
10.98   6.00    0.261    0.257
10.98   6.00    0.518   38.670
10.98   6.00    0.507    0.134   0.518   0.080
10.98   6.00    0.507    0.131   0.518   0.077

10.99   0.00    0.079    0.077   0.032   0.037   0.010   0.000   0.000   0.000   0.000   0.000   0.000 685424100
10.99   4.40   36.478
10.99   6.00    0.261    0.257
10.99   6.00    0.518   38.667
10.99   6.00    0.507    0.134   0.518   0.080
10.99   6.00    0.507    0.131   0.518   0.077

11.00   0.00    0.079    0.076   0.032   0.037   0.010   0.000   0.000   0.000   0.000   0.000   0.000 686047800
11.00   4.40   36.477
11.00   6.00    0.261    0.257
11.00   6.00    0.518   38.665
11.00   6.00    0.507    0.133   0.518   0.080
11.00   6.00    0.507    0.131   0.518   0.077

11.01   0.00    0.079    0.076   0.032   0.037   0.010   0.000   0.000   0.000   0.000   0.000   0.000 686671500
11.01   4.40   36.477
11.01   6.00    0.261    0.257
11.01   6.00    0.518   38.663
11.01   6.00    0.507    0.133   0.518   0.080
11.01   6.00    0.507    0.131   0.518   0.077

11.02   0.00    0.079    0.076   0.032   0.037   0.010   0.000   0.000   0.000   0.000   0.000   0.000 687295200
11.02   4.39   36.477
11.02   6.00    0.261    0.257
11.02   6.00    0.518   38.661
11.02   6.00    0.507    0.133   0.518   0.080
11.02   6.00    0.507    0.131   0.518   0.077

11.03   0.00    0.079    0.076   0.032   0.037   0.010   0.000   0.000   0.000   0.000   0.000   0.000 687918800
11.03   4.39   36.477
11.03   6.00    0.261    0.257
11.03   6.00    0.518   38.658
11.03   6.00    0.507    0.133   0.518   0.080
11.03   6.00    0.507    0.131   0.518   0.077

11.04   0.00    0.079    0.076   0.032   0.037   0.010   0.000   0.000   0.000   0.000   0.000   0.000 688542500
11.04   4.39   36.477
11.04   6.00    0.261    0.257
11.04   6.00    0.518   38.656
11.04   6.00    0.506    0.133   0.518   0.080
11.04   6.00    0.507    0.131   0.518   0.077

11.05   0.00    0.079    0.076   0.032   0.037   0.010   0.000   0.000   0.000   0.000   0.000   0.000 689166200
11.05   4.39   36.476
11.05   6.00    0.261    0.257
11.05   6.00    0.517   38.654
11.05   6.00    0.506    0.133   0.517   0.080
11.05   6.00    0.506    0.131   0.517   0.077

11.06   0.00    0.079    0.076   0.032   0.037   0.010   0.000   0.000   0.000   0.000   0.000   0.000 689789900
11.06   4.39   36.476
11.06   6.00    0.261    0.257
11.06   6.00    0.517   38.652
11.06   6.00    0.506    0.133   0.517   0.080
11.06   6.00    0.506    0.131   0.517   0.077

11.07   0.00    0.079    0.076   0.032   0.037   0.010   0.000   0.000   0.000   0.000   0.000   0.000 690413500
11.07   4.39   36.476
11.07   6.00    0.260    0.257
11.07   6.00    0.517   38.650
11.07   6.00    0.506    0.133   0.517   0.080
11.07   6.00    0.506    0.131   0.517   0.077

11.08   0.00    0.079    0.076   0.032   0.037   0.010   0.000   0.000   0.000   0.000   0.000   0.000 691037200
11.08   4.39   36.476
11.08   6.00    0.260    0.257
11.08   6.00    0.517   38.648
11.08   6.00    0.506    0.133   0.517   0.080
11.08   6.00    0.506    0.131   0.517   0.077

11.09   0.00    0.079    0.076   0.032   0.037   0.010   0.000   0.000   0.000   0.000   0.000   0.000 691660900
11.09   4.39   36.476
11.09   6.00    0.260    0.257
11.09   6.00    0.517   38.645
11.09   6.00    0.506    0.133   0.517   0.080
11.09   6.00    0.506    0.131   0.517   0.077

11.10   0.00    0.079    0.076   0.032   0.037   0.010   0.000   0.000   0.000   0.000   0.000   0.000 692284600
11.10   4.39   36.475
11.10   6.00    0.260    0.256
11.10   6.00    0.517   38.643
11.10   6.00    0.506    0.133   0.517   0.080
11.10   6.00    0.506    0.131   0.517   0.077

11.11   0.00    0.079    0.076   0.032   0.037   0.010   0.000   0.000   0.000   0.000   0.000   0.000 692908200
11.11   4.39   36.475
11.11   6.00    0.260    0.256
11.11   6.00    0.517   38.641
11.11   6.00    0.505    0.133   0.517   0.080
11.11   6.00    0.506    0.131   0.517   0.077

11.12   0.00    0.079    0.076   0.032   0.037   0.010   0.000   0.000   0.000   0.000   0.000   0.000 693531900
11.12   4.39   36.475
11.12   6.00    0.260    0.256
11.12   6.00    0.516   38.639
11.12   6.00    0.505    0.133   0.516   0.080
11.12   6.00    0.505    0.131   0.516   0.077

11.13   0.00    0.079    0.076   0.032   0.037   0.010   0.000   0.000   0.000   0.000   0.000   0.000 694155600
11.13   4.39   36.475
11.13   6.00    0.260    0.256
11.13   6.00    0.516   38.637
11.13   6.00    0.505    0.133   0.516   0.080
11.13   6.00    0.505    0.131   0.516   0.077

11.14   0.00    0.079    0.076   0.032   0.037   0.010   0.000   0.000   0.000   0.000   0.000   0.000 694779300
11.14   4.39   36.475
11.14   6.00    0.260    0.256
11.14   6.00    0.516   38.635
11.14   6.00    0.505    0.133   0.516   0.080
11.14   6.00    0.505    0.131   0.516   0.077

11.15   0.00    0.079    0.076   0.032   0.037   0.010   0.000   0.000   0.000   0.000   0.000   0.000 695402900
11.15   4.38   36.475
11.15   6.00    0.260    0.256
11.15   6.00    0.516   38.633
11.15   6.00    0.505    0.133   0.516   0.079
11.15   6.00    0.505    0.131   0.516   0.077

11.16   0.00    0.079    0.076   0.032   0.037   0.010   0.000   0.000   0.000   0.000   0.000   0.000 696026600
11.16   4.38   36.474
11.16   6.00    0.260    0.256
11.16   6.00    0.516   38.631
11.16   6.00    0.505    0.133   0.516   0.079
11.16   6.00    0.505    0.131   0.516   0.077

11.17   0.00    0.079    0.076   0.032   0.037   0.010   0.000   0.000   0.000   0.000   0.000   0.000 696650400
11.17   4.38   36.474
11.17   6.00    0.260    0.256
11.17   6.00    0.516   38.628
11.17   6.00    0.505    0.133   0.516   0.079
11.17   6.00    0.505    0.131   0.516   0.077

11.18   0.00    0.079    0.076   0.032   0.037   0.010   0.000   0.000   0.000   0.000   0.000   0.000 697274000
11.18   4.38   36.474
11.18   6.00    0.260    0.256
11.18   6.00    0.516   38.626
11.18   6.00    0.504    0.133   0.516   0.079
11.18   6.00    0.505    0.131   0.516   0.077

11.19   0.00    0.079    0.076   0.032   0.037   0.010   0.000   0.000   0.000   0.000   0.000   0.000 697897700
11.19   4.38   36.474
11.19   6.00    0.260    0.256
11.19   6.00    0.515   38.624
11.19   6.00    0.504    0.133   0.515   0.079
11.19   6.00    0.504    0.130   0.515   0.077

11.20   0.00    0.079    0.076   0.032   0.037   0.010   0.000   0.000   0.000   0.000   0.000   0.000 698521300
11.20   4.38   36.474
11.20   6.00    0.259    0.256
11.20   6.00    0.515   38.622
11.20   6.00    0.504    0.133   0.515   0.079
11.20   6.00    0.504    0.130   0.515   0.077

11.21   0.00    0.079    0.076   0.032   0.037   0.010   0.000   0.000   0.000   0.000   0.000   0.000 699145100
11.21   4.38   36.473
11.21   6.00    0.259    0.256
11.21   6.00    0.515   38.620
11.21   6.00    0.504    0.133   0.515   0.079
11.21   6.00    0.504    0.130   0.515   0.077

11.22   0.00    0.078    0.076   0.032   0.037   0.010   0.000   0.000   0.000   0.000   0.000   0.000 699768800
11.22   4.38   36.473
11.22   6.00    0.259    0.256
11.22   6.00    0.515   38.618
11.22   6.00    0.504    0.133   0.515   0.079
11.22   6.00    0.504    0.130   0.515   0.077

11.23   0.00    0.078    0.076   0.032   0.037   0.010   0.000   0.000   0.000   0.000   0.000   0.000 700392400
11.23   4.38   36.473
11.23   6.00    0.259    0.256
11.23   6.00    0.515   38.616
11.23   6.00    0.504    0.133   0.515   0.079
11.23   6.00    0.504    0.130   0.515   0.077

11.24   0.00    0.078    0.076   0.032   0.037   0.010   0.000   0.000   0.000   0.000   0.000   0.000 701016100
11.24   4.38   36.473
11.24   6.00    0.259    0.256
11.24   6.00    0.515   38.614
11.24   6.00    0.504    0.133   0.515   0.079
11.24   6.00    0.504    0.130   0.515   0.077

11.25   0.00    0.078    0.076   0.032   0.037   0.010   0.000   0.000   0.000   0.000   0.000   0.000 701639700
11.25   4.38   36.473
11.25   6.00    0.259    0.255
11.25   6.00    0.515   38.612
11.25   6.00    0.503    0.133   0.515   0.079
11.25   6.00    0.504    0.130   0.515   0.077

11.26   0.00    0.078    0.076   0.032   0.037   0.010   0.000   0.000   0.000   0.000   0.000   0.000 702263500
11.26   4.38   36.473
11.26   6.00    0.259    0.255
11.26   6.00    0.514   38.610
11.26   6.00    0.503    0.133   0.514   0.079
11.26   6.00    0.504    0.130   0.514   0.077

11.27   0.00    0.078    0.076   0.032   0.037   0.010   0.000   0.000   0.000   0.000   0.000   0.000 702887200
11.27   4.38   36.472
11.27   6.00    0.259    0.255
11.27   6.00    0.514   38.608
11.27   6.00    0.503    0.133   0.514   0.079
11.27   6.00    0.503    0.130   0.514   0.077

11.28   0.00    0.078    0.076   0.032   0.037   0.010   0.000   0.000   0.000   0.000   0.000   0.000 703510800
11.28   4.38   36.472
11.28   6.00    0.259    0.255
11.28   6.00    0.514   38.606
11.28   6.00    0.503    0.133   0.514   0.079
11.28   6.00    0.503    0.130   0.514   0.077

11.29   0.00    0.078    0.076   0.032   0.037   0.010   0.000   0.000   0.000   0.000   0.000   0.000 704134500
11.29   4.37   36.472
11.29   6.00    0.259    0.255
11.29   6.00    0.514   38.604
11.29   6.00    0.503    0.133   0.514   0.079
11.29   6.00    0.503    0.130   0.514   0.077

11.30   0.00    0.078    0.076   0.032   0.037   0.010   0.000   0.000   0.000   0.000   0.000   0.000 704758200
11.30   4.37   36.472
11.30   6.00    0.259    0.255
11.30   6.00    0.514   38.601
11.30   6.00    0.503    0.132   0.514   0.079
11.30   6.00    0.503    0.130   0.514   0.077

11.31   0.00    0.078    0.076   0.032   0.037   0.010   0.000   0.000   0.000   0.000   0.000   0.000 705381900
11.31   4.37   36.472
11.31   6.00    0.259    0.255
11.31   6.00    0.514   38.599
11.31   6.00    0.503    0.132   0.514   0.079
11.31   6.00    0.503    0.130   0.514   0.077

11.32   0.00    0.078    0.076   0.032   0.037   0.010   0.000   0.000   0.000   0.000   0.000   0.000 706005500
11.32   4.37   36.471
11.32   6.00    0.259    0.255
11.32   6.00    0.514   38.597
11.32   6.00    0.502    0.132   0.514   0.079
11.32   6.00    0.503    0.130   0.514   0.077

11.33   0.00    0.078    0.076   0.032   0.037   0.010   0.000   0.000   0.000   0.000   0.000   0.000 706629200
11.33   4.37   36.471
11.33   6.00    0.258    0.255
11.33   6.00    0.513   38.595
11.33   6.00    0.502    0.132   0.513   0.079
11.33   6.00    0.503    0.130   0.513   0.077

11.34   0.00    0.078    0.076   0.032   0.037   0.010   0.000   0.000   0.000   0.000   0.000   0.000 707252900
11.34   4.37   36.471
11.34   6.00    0.258    0.255
11.34   6.00    0.513   38.593
11.34   6.00    0.502    0.132   0.513   0.079
11.34   6.00    0.502    0.130   0.513   0.077

11.35   0.00    0.078    0.076   0.032   0.037   0.010   0.000   0.000   0.000   0.000   0.000   0.000 707876600
11.35   4.37   36.471
11.35   6.00    0.258    0.255
11.35   6.00    0.513   38.591
11.35   6.00    0.502    0.132   0.513   0.079
11.35   6.00    0.502    0.130   0.513   0.077

11.36   0.00    0.078    0.076   0.032   0.037   0.010   0.000   0.000   0.000   0.000   0.000   0.000 708500200
11.36   4.37   36.471
11.36   6.00    0.258    0.255
11.36   6.00    0.513   38.589
11.36   6.00    0.502    0.132   0.513   0.079
11.36   6.00    0.502    0.130   0.513   0.077

11.37   0.00    0.078    0.076   0.032   0.037   0.010   0.000   0.000   0.000   0.000   0.000   0.000 709123900
11.37   4.37   36.471
11.37   6.00    0.258    0.255
11.37   6.00    0.513   38.587
11.37   6.00    0.502    0.132   0.513   0.079
11.37   6.00    0.502    0.130   0.513   0.077

11.38   0.00    0.078    0.076   0.032   0.037   0.010   0.000   0.000   0.000   0.000   0.000   0.000 709747600
11.38   4.37   36.470
11.38   6.00    0.258    0.255
11.38   6.00    0.513   38.585
11.38   6.00    0.502    0.132   0.513   0.079
11.38   6.00    0.502    0.130   0.513   0.077

11.39   0.00    0.078    0.076   0.032   0.037   0.010   0.000   0.000   0.000   0.000   0.000   0.000 710371300
11.39   4.37   36.470
11.39   6.00    0.258    0.255
11.39   6.00    0.513   38.583
11.39   6.00    0.502    0.132   0.513   0.079
11.39   6.00    0.502    0.130   0.513   0.077

11.40   0.00    0.078    0.076   0.032   0.037   0.010   0.000   0.000   0.000   0.000   0.000   0.000 710994900
11.40   4.37   36.470
11.40   6.00    0.258    0.254
11.40   6.00    0.512   38.581
11.40   6.00    0.501    0.132   0.512   0.079
11.40   6.00    0.502    0.130   0.512   0.077

11.41   0.00    0.078    0.076   0.032   0.037   0.010   0.000   0.000   0.000   0.000   0.000   0.000 711618600
11.41   4.37   36.470
11.41   6.00    0.258    0.254
11.41   6.00    0.512   38.579
11.41   6.00    0.501    0.132   0.512   0.079
11.41   6.00    0.501    0.130   0.512   0.077

11.42   0.00    0.078    0.076   0.032   0.037   0.010   0.000   0.000   0.000   0.000   0.000   0.000 712242300
11.42   4.37   36.470
11.42   6.00    0.258    0.254
11.42   6.00    0.512   38.578
11.42   6.00    0.501    0.132   0.512   0.079
11.42   6.00    0.501    0.130   0.512   0.077

11.43   0.00    0.078    0.076   0.032   0.037   0.010   0.000   0.000   0.000   0.000   0.000   0.000 712866000
11.43   4.37   36.470
11.43   6.00    0.258    0.254
11.43   6.00    0.512   38.576
11.43   6.00    0.501    0.132   0.512   0.079
11.43   6.00    0.501    0.130   0.512   0.077

11.44   0.00    0.078    0.076   0.032   0.037   0.010   0.000   0.000   0.000   0.000   0.000   0.000 713489700
11.44   4.36   36.469
11.44   6.00    0.258    0.254
11.44   6.00    0.512   38.574
11.44   6.00    0.501    0.132   0.512   0.079
11.44   6.00    0.501    0.130   0.512   0.077

11.45   0.00    0.078    0.076   0.032   0.037   0.009   0.000   0.000   0.000   0.000   0.000   0.000 714113300
11.45   4.36   36.469
11.45   6.00    0.258    0.254
11.45   6.00    0.512   38.572
11.45   6.00    0.501    0.132   0.512   0.079
11.45   6.00    0.501    0.130   0.512   0.077

11.46   0.00    0.078    0.076   0.032   0.037   0.009   0.000   0.000   0.000   0.000   0.000   0.000 714737000
11.46   4.36   36.469
11.46   6.00    0.258    0.254
11.46   6.00    0.512   38.570
11.46   6.00    0.501    0.132   0.512   0.079
11.46   6.00    0.501    0.130   0.512   0.077

11.47   0.00    0.078    0.076   0.032   0.037   0.009   0.000   0.000   0.000   0.000   0.000   0.000 715360800
11.47   4.36   36.442
11.47   6.00    0.257    0.254
11.47   6.00    0.512   38.568
11.47   6.00    0.500    0.132   0.512   0.079
11.47   6.00    0.501    0.130   0.512   0.077

11.48   0.00    0.078    0.076   0.032   0.037   0.009   0.000   0.000   0.000   0.000   0.000   0.000 715984400
11.48   4.35   36.438
11.48   6.00    0.257    0.254
11.48   6.00    0.511   38.566
11.48   6.00    0.500    0.132   0.511   0.079
11.48   6.00    0.501    0.130   0.511   0.077

11.49   0.00    0.078    0.076   0.032   0.037   0.009   0.000   0.000   0.000   0.000   0.000   0.000 716608100
11.49   4.35   36.434
11.49   6.00    0.257    0.254
11.49   6.00    0.511   38.564
11.49   6.00    0.500    0.132   0.511   0.079
11.49   6.00    0.500    0.130   0.511   0.077

11.50   0.00    0.078    0.076   0.032   0.037   0.009   0.000   0.000   0.000   0.000   0.000   0.000 717231700
11.50   4.35   36.431
11.50   6.00    0.257    0.254
11.50   6.00    0.511   38.562
11.50   6.00    0.500    0.132   0.511   0.079
11.50   6.00    0.500    0.130   0.511   0.077

11.51   0.00    0.078    0.076   0.032   0.037   0.009   0.000   0.000   0.000   0.000   0.000   0.000 717855500
11.51   4.35   36.427
11.51   6.00    0.257    0.254
11.51   6.00    0.511   38.560
11.51   6.00    0.500    0.132   0.511   0.079
11.51   6.00    0.500    0.130   0.511   0.077

11.52   0.00    0.078    0.076   0.032   0.037   0.009   0.000   0.000   0.000   0.000   0.000   0.000 718479200
11.52   4.35   36.423
11.52   6.00    0.257    0.254
11.52   6.00    0.511   38.558
11.52   6.00    0.500    0.132   0.511   0.079
11.52   6.00    0.500    0.130   0.511   0.077

11.53   0.00    0.078    0.076   0.032   0.037   0.009   0.000   0.000   0.000   0.000   0.000   0.000 719102800
11.53   4.35   36.420
11.53   6.00    0.257    0.254
11.53   6.00    0.511   38.556
11.53   6.00    0.500    0.132   0.511   0.079
11.53   6.00    0.500    0.130   0.511   0.077

11.54   0.00    0.078    0.076   0.032   0.037   0.009   0.000   0.000   0.000   0.000   0.000   0.000 719726500
11.54   4.35   36.416
11.54   6.00    0.257    0.254
11.54   6.00    0.511   38.554
11.54   6.00    0.500    0.132   0.511   0.079
11.54   6.00    0.500    0.129   0.511   0.077

11.55   0.00    0.078    0.076   0.032   0.037   0.009   0.000   0.000   0.000   0.000   0.000   0.000 720350200
11.55   4.34   36.412
11.55   6.00    0.257    0.254
11.55   6.00    0.510   38.552
11.55   6.00    0.499    0.132   0.510   0.079
11.55   6.00    0.500    0.129   0.510   0.077

11.56   0.00    0.078    0.076   0.032   0.036   0.009   0.000   0.000   0.000   0.000   0.000   0.000 720973900
11.56   4.34   36.408
11.56   6.00    0.257    0.254
11.56   6.00    0.510   38.551
11.56   6.00    0.499    0.132   0.510   0.079
11.56   6.00    0.500    0.129   0.510   0.077

11.57   0.00    0.078    0.076   0.032   0.036   0.009   0.000   0.000   0.000   0.000   0.000   0.000 721597500
11.57   4.34   36.405
11.57   6.00    0.257    0.253
11.57   6.00    0.510   38.549
11.57   6.00    0.499    0.132   0.510   0.079
11.57   6.00    0.499    0.129   0.510   0.077

11.58   0.00    0.078    0.076   0.032   0.036   0.009   0.000   0.000   0.000   0.000   0.000   0.000 722221200
11.58   4.34   36.401
11.58   6.00    0.257    0.253
11.58   6.00    0.510   38.547
11.58   6.00    0.499    0.132   0.510   0.079
11.58   6.00    0.499    0.129   0.510   0.076

11.59   0.00    0.078    0.076   0.032   0.036   0.009   0.000   0.000   0.000   0.000   0.000   0.000 722844900
11.59   4.34   36.397
11.59   6.00    0.257    0.253
11.59   6.00    0.510   38.545
11.59   6.00    0.499    0.132   0.510   0.079
11.59   6.00    0.499    0.129   0.510   0.076

11.60   0.00    0.078    0.076   0.032   0.036   0.009   0.000   0.000   0.000   0.000   0.000   0.000 723468600
11.60   4.34   36.394
11.60   6.00    0.257    0.253
11.60   6.00    0.510   38.543
11.60   6.00    0.499    0.132   0.510   0.079
11.60   6.00    0.499    0.129   0.510   0.076

11.61   0.00    0.078    0.076   0.032   0.036   0.009   0.000   0.000   0.000   0.000   0.000   0.000 724092200
11.61   4.34   36.390
11.61   6.00    0.256    0.253
11.61   6.00    0.510   38.541
11.61   6.00    0.499    0.131   0.510   0.079
11.61   6.00    0.499    0.129   0.510   0.076

11.62   0.00    0.078    0.076   0.032   0.036   0.009   0.000   0.000   0.000   0.000   0.000   0.000 724715900
11.62   4.33   36.386
11.62   6.00    0.256    0.253
11.62   6.00    0.510   38.539
11.62   6.00    0.499    0.131   0.510   0.079
11.62   6.00    0.499    0.129   0.510   0.076

11.63   0.00    0.078    0.076   0.032   0.036   0.009   0.000   0.000   0.000   0.000   0.000   0.000 725339600
11.63   4.33   36.383
11.63   6.00    0.256    0.253
11.63   6.00    0.509   38.537
11.63   6.00    0.498    0.131   0.509   0.079
11.63   6.00    0.499    0.129   0.509   0.076

11.64   0.00    0.078    0.076   0.032   0.036   0.009   0.000   0.000   0.000   0.000   0.000   0.000 725963300
11.64   4.33   36.379
11.64   6.00    0.256    0.253
11.64   6.00    0.509   38.536
11.64   6.00    0.498    0.131   0.509   0.079
11.64   6.00    0.499    0.129   0.509   0.076

11.65   0.00    0.078    0.076   0.032   0.036   0.009   0.000   0.000   0.000   0.000   0.000   0.000 726586900
11.65   4.33   36.376
11.65   6.00    0.256    0.253
11.65   6.00    0.509   38.534
11.65   6.00    0.498    0.131   0.509   0.079
11.65   6.00    0.498    0.129   0.509   0.076

11.66   0.00    0.078    0.076   0.032   0.036   0.009   0.000   0.000   0.000   0.000   0.000   0.000 727210600
11.66   4.33   36.372
11.66   6.00    0.256    0.253
11.66   6.00    0.509   38.532
11.66   6.00    0.498    0.131   0.509   0.079
11.66   6.00    0.498    0.129   0.509   0.076

11.67   0.00    0.078    0.076   0.032   0.036   0.009   0.000   0.000   0.000   0.000   0.000   0.000 727834300
11.67   4.33   36.368
11.67   6.00    0.256    0.253
11.67   6.00    0.509   38.530
11.67   6.00    0.498    0.131   0.509   0.079
11.67   6.00    0.498    0.129   0.509   0.076

11.68   0.00    0.078    0.076   0.032   0.036   0.009   0.000   0.000   0.000   0.000   0.000   0.000 728458000
11.68   4.33   36.365
11.68   6.00    0.256    0.253
11.68   6.00    0.509   38.528
11.68   6.00    0.498    0.131   0.509   0.079
11.68   6.00    0.498    0.129   0.509   0.076

11.69   0.00    0.078    0.076   0.032   0.036   0.009   0.000   0.000   0.000   0.000   0.000   0.000 729081700
11.69   4.32   36.361
11.69   6.00    0.256    0.253
11.69   6.00    0.509   38.526
11.69   6.00    0.498    0.131   0.509   0.079
11.69   6.00    0.498    0.129   0.509   0.076

11.70   0.00    0.078    0.075   0.032   0.036   0.009   0.000   0.000   0.000   0.000   0.000   0.000 729705300
11.70   4.32   36.357
11.70   6.00    0.256    0.253
11.70   6.00    0.509   38.525
11.70   6.00    0.498    0.131   0.509   0.079
11.70   6.00    0.498    0.129   0.509   0.076

11.71   0.00    0.078    0.075   0.032   0.036   0.009   0.000   0.000   0.000   0.000   0.000   0.000 730329000
11.71   4.32   36.354
11.71   6.00    0.256    0.253
11.71   6.00    0.508   38.523
11.71   6.00    0.497    0.131   0.508   0.078
11.71   6.00    0.498    0.129   0.508   0.076

11.72   0.00    0.078    0.075   0.032   0.036   0.009   0.000   0.000   0.000   0.000   0.000   0.000 730952800
11.72   4.32   36.350
11.72   6.00    0.256    0.253
11.72   6.00    0.508   38.521
11.72   6.00    0.497    0.131   0.508   0.078
11.72   6.00    0.498    0.129   0.508   0.076

11.73   0.00    0.078    0.075   0.032   0.036   0.009   0.000   0.000   0.000   0.000   0.000   0.000 731576400
11.73   4.32   36.347
11.73   6.00    0.256    0.253
11.73   6.00    0.508   38.519
11.73   6.00    0.497    0.131   0.508   0.078
11.73   6.00    0.497    0.129   0.508   0.076

11.74   0.00    0.078    0.075   0.032   0.036   0.009   0.000   0.000   0.000   0.000   0.000   0.000 732200100
11.74   4.32   36.343
11.74   6.00    0.256    0.252
11.74   6.00    0.508   38.517
11.74   6.00    0.497    0.131   0.508   0.078
11.74   6.00    0.497    0.129   0.508   0.076

11.75   0.00    0.078    0.075   0.032   0.036   0.009   0.000   0.000   0.000   0.000   0.000   0.000 732823700
11.75   4.32   36.339
11.75   6.00    0.255    0.252
11.75   6.00    0.508   38.516
11.75   6.00    0.497    0.131   0.508   0.078
11.75   6.00    0.497    0.129   0.508   0.076

11.76   0.00    0.078    0.075   0.032   0.036   0.009   0.000   0.000   0.000   0.000   0.000   0.000 733447500
11.76   4.31   36.336
11.76   6.00    0.255    0.252
11.76   6.00    0.508   38.514
11.76   6.00    0.497    0.131   0.508   0.078
11.76   6.00    0.497    0.129   0.508   0.076

11.77   0.00    0.078    0.075   0.032   0.036   0.009   0.000   0.000   0.000   0.000   0.000   0.000 734071200
11.77   4.31   36.332
11.77   6.00    0.255    0.252
11.77   6.00    0.508   38.512
11.77   6.00    0.497    0.131   0.508   0.078
11.77   6.00    0.497    0.129   0.508   0.076

11.78   0.00    0.078    0.075   0.032   0.036   0.009   0.000   0.000   0.000   0.000   0.000   0.000 734694800
11.78   4.31   36.329
11.78   6.00    0.255    0.252
11.78   6.00    0.508   38.510
11.78   6.00    0.497    0.131   0.508   0.078
11.78   6.00    0.497    0.129   0.508   0.076

11.79   0.00    0.077    0.075   0.032   0.036   0.009   0.000   0.000   0.000   0.000   0.000   0.000 735318500
11.79   4.31   36.325
11.79   6.00    0.255    0.252
11.79   6.00    0.507   38.509
11.79   6.00    0.496    0.131   0.507   0.078
11.79   6.00    0.497    0.129   0.507   0.076

11.80   0.00    0.077    0.075   0.032   0.036   0.009   0.000   0.000   0.000   0.000   0.000   0.000 735942100
11.80   4.31   36.321
11.80   6.00    0.255    0.252
11.80   6.00    0.507   38.507
11.80   6.00    0.496    0.131   0.507   0.078
11.80   6.00    0.497    0.129   0.507   0.076

11.81   0.00    0.077    0.075   0.032   0.036   0.009   0.000   0.000   0.000   0.000   0.000   0.000 736565900
11.81   4.31   36.318
11.81   6.00    0.255    0.252
11.81   6.00    0.507   38.505
11.81   6.00    0.496    0.131   0.507   0.078
11.81   6.00    0.496    0.129   0.507   0.076

11.82   0.00    0.077    0.075   0.032   0.036   0.009   0.000   0.000   0.000   0.000   0.000   0.000 737189500
11.82   4.31   36.314
11.82   6.00    0.255    0.252
11.82   6.00    0.507   38.503
11.82   6.00    0.496    0.131   0.507   0.078
11.82   6.00    0.496    0.129   0.507   0.076

11.83   0.00    0.077    0.075   0.032   0.036   0.009   0.000   0.000   0.000   0.000   0.000   0.000 737813200
11.83   4.30   36.311
11.83   6.00    0.255    0.252
11.83   6.00    0.507   38.502
11.83   6.00    0.496    0.131   0.507   0.078
11.83   6.00    0.496    0.129   0.507   0.076

11.84   0.00    0.077    0.075   0.032   0.036   0.009   0.000   0.000   0.000   0.000   0.000   0.000 738436900
11.84   4.30   36.307
11.84   6.00    0.255    0.252
11.84   6.00    0.507   38.500
11.84   6.00    0.496    0.131   0.507   0.078
11.84   6.00    0.496    0.129   0.507   0.076

11.85   0.00    0.077    0.075   0.032   0.036   0.009   0.000   0.000   0.000   0.000   0.000   0.000 739060600
11.85   4.30   36.304
11.85   6.00    0.255    0.252
11.85   6.00    0.507   38.498
11.85   6.00    0.496    0.131   0.507   0.078
11.85   6.00    0.496    0.129   0.507   0.076

11.86   0.00    0.077    0.075   0.032   0.036   0.009   0.000   0.000   0.000   0.000   0.000   0.000 739684200
11.86   4.30   36.300
11.86   6.00    0.255    0.252
11.86   6.00    0.507   38.496
11.86   6.00    0.496    0.131   0.507   0.078
11.86   6.00    0.496    0.129   0.507   0.076

11.87   0.00    0.077    0.075   0.032   0.036   0.009   0.000   0.000   0.000   0.000   0.000   0.000 740307900
11.87   4.30   36.296
11.87   6.00    0.255    0.252
11.87   6.00    0.506   38.495
11.87   6.00    0.495    0.131   0.506   0.078
11.87   6.00    0.496    0.129   0.506   0.076

11.88   0.00    0.077    0.075   0.032   0.036   0.009   0.000   0.000   0.000   0.000   0.000   0.000 740931600
11.88   4.30   36.293
11.88   6.00    0.255    0.252
11.88   6.00    0.506   38.493
11.88   6.00    0.495    0.131   0.506   0.078
11.88   6.00    0.496    0.129   0.506   0.076

11.89   0.00    0.077    0.075   0.032   0.036   0.009   0.000   0.000   0.000   0.000   0.000   0.000 741555300
11.89   4.30   36.289
11.89   6.00    0.254    0.252
11.89   6.00    0.506   38.491
11.89   6.00    0.495    0.131   0.506   0.078
11.89   6.00    0.495    0.129   0.506   0.076

11.90   0.00    0.077    0.075   0.032   0.036   0.009   0.000   0.000   0.000   0.000   0.000   0.000 742178900
11.90   4.29   36.286
11.90   6.00    0.254    0.252
11.90   6.00    0.506   38.489
11.90   6.00    0.495    0.131   0.506   0.078
11.90   6.00    0.495    0.129   0.506   0.076

11.91   0.00    0.077    0.075   0.032   0.036   0.009   0.000   0.000   0.000   0.000   0.000   0.000 742802600
11.91   4.29   36.282
11.91   6.00    0.254    0.252
11.91   6.00    0.506   38.488
11.91   6.00    0.495    0.131   0.506   0.078
11.91   6.00    0.495    0.129   0.506   0.076

11.92   0.00    0.077    0.075   0.032   0.036   0.009   0.000   0.000   0.000   0.000   0.000   0.000 743426300
11.92   4.29   36.279
11.92   6.00    0.254    0.252
11.92   6.00    0.506   38.486
11.92   6.00    0.495    0.131   0.506   0.078
11.92   6.00    0.495    0.128   0.506   0.076

11.93   0.00    0.077    0.075   0.032   0.036   0.009   0.000   0.000   0.000   0.000   0.000   0.000 744050000
11.93   4.29   36.275
11.93   6.00    0.254    0.251
11.93   6.00    0.506   38.484
11.93   6.00    0.495    0.131   0.506   0.078
11.93   6.00    0.495    0.128   0.506   0.076

11.94   0.00    0.077    0.075   0.032   0.036   0.009   0.000   0.000   0.000   0.000   0.000   0.000 744673700
11.94   4.29   36.272
11.94   6.00    0.254    0.251
11.94   6.00    0.506   38.483
11.94   6.00    0.495    0.131   0.506   0.078
11.94   6.00    0.495    0.128   0.506   0.076

11.95   0.00    0.077    0.075   0.032   0.036   0.009   0.000   0.000   0.000   0.000   0.000   0.000 745297300
11.95   4.29   36.268
11.95   6.00    0.254    0.251
11.95   6.00    0.505   38.481
11.95   6.00    0.494    0.131   0.505   0.078
11.95   6.00    0.495    0.128   0.505   0.076

11.96   0.00    0.077    0.075   0.032   0.036   0.009   0.000   0.000   0.000   0.000   0.000   0.000 745921000
11.96   4.29   36.265
11.96   6.00    0.254    0.251
11.96   6.00    0.505   38.479
11.96   6.00    0.494    0.130   0.505   0.078
11.96   6.00    0.495    0.128   0.505   0.076

11.97   0.00    0.077    0.075   0.032   0.036   0.009   0.000   0.000   0.000   0.000   0.000   0.000 746544800
11.97   4.29   36.261
11.97   6.00    0.254    0.251
11.97   6.00    0.505   38.478
11.97   6.00    0.494    0.130   0.505   0.078
11.97   6.00    0.494    0.128   0.505   0.076

11.98   0.00    0.077    0.075   0.032   0.036   0.009   0.000   0.000   0.000   0.000   0.000   0.000 747168400
11.98   4.28   36.258
11.98   6.00    0.254    0.251
11.98   6.00    0.505   38.476
11.98   6.00    0.494    0.130   0.505   0.078
11.98   6.00    0.494    0.128   0.505   0.076

11.99   0.00    0.077    0.075   0.032   0.036   0.009   0.000   0.000   0.000   0.000   0.000   0.000 747792100
11.99   4.28   36.254
11.99   6.00    0.254    0.251
11.99   6.00    0.505   38.474
11.99   6.00    0.494    0.130   0.505   0.078
11.99   6.00    0.494    0.128   0.505   0.076

12.00   0.00    0.077    0.075   0.032   0.036   0.009   0.000   0.000   0.000   0.000   0.000   0.000 748415700
12.00   4.28   36.251
12.00   6.00    0.254    0.251
12.00   6.00    0.505   38.473
12.00   6.00    0.494    0.130   0.505   0.078
12.00   6.00    0.494    0.128   0.505   0.076

12.01   0.00    0.077    0.075   0.032   0.036   0.009   0.000   0.000   0.000   0.000   0.000   0.000 749039400
12.01   4.28   36.247
12.01   6.00    0.254    0.251
12.01   6.00    0.505   38.471
12.01   6.00    0.494    0.130   0.505   0.078
12.01   6.00    0.494    0.128   0.505   0.076

12.02   0.00    0.077    0.075   0.032   0.036   0.009   0.000   0.000   0.000   0.000   0.000   0.000 749663200
12.02   4.28   36.244
12.02   6.00    0.254    0.251
12.02   6.00    0.505   38.469
12.02   6.00    0.494    0.130   0.505   0.078
12.02   6.00    0.494    0.128   0.505   0.076

12.03   0.00    0.077    0.075   0.032   0.036   0.009   0.000   0.000   0.000   0.000   0.000   0.000 750286800
12.03   4.28   36.240
12.03   6.00    0.254    0.251
12.03   6.00    0.504   38.468
12.03   6.00    0.494    0.130   0.504   0.078
12.03   6.00    0.494    0.128   0.504   0.076

12.04   0.00    0.077    0.075   0.032   0.036   0.009   0.000   0.000   0.000   0.000   0.000   0.000 750910500
12.04   4.28   36.237
12.04   6.00    0.253    0.251
12.04   6.00    0.504   38.466
12.04   6.00    0.493    0.130   0.504   0.078
12.04   6.00    0.494    0.128   0.504   0.076

12.05   0.00    0.077    0.075   0.032   0.036   0.009   0.000   0.000   0.000   0.000   0.000   0.000 751534100
12.05   4.27   36.233
12.05   6.00    0.253    0.251
12.05   6.00    0.504   38.464
12.05   6.00    0.493    0.130   0.504   0.078
12.05   6.00    0.494    0.128   0.504   0.076

12.06   0.00    0.077    0.075   0.032   0.036   0.009   0.000   0.000   0.000   0.000   0.000   0.000 752157900
12.06   4.27   36.230
12.06   6.00    0.253    0.251
12.06   6.00    0.504   38.463
12.06   6.00    0.493    0.130   0.504   0.078
12.06   6.00    0.493    0.128   0.504   0.076

12.07   0.00    0.077    0.075   0.032   0.036   0.009   0.000   0.000   0.000   0.000   0.000   0.000 752781500
12.07   4.27   36.226
12.07   6.00    0.253    0.251
12.07   6.00    0.504   38.461
12.07   6.00    0.493    0.130   0.504   0.078
12.07   6.00    0.493    0.128   0.504   0.076

12.08   0.00    0.077    0.075   0.032   0.036   0.009   0.000   0.000   0.000   0.000   0.000   0.000 753405200
12.08   4.27   36.223
12.08   6.00    0.253    0.251
12.08   6.00    0.504   38.459
12.08   6.00    0.493    0.130   0.504   0.078
12.08   6.00    0.493    0.128   0.504   0.076

12.09   0.00    0.077    0.075   0.032   0.036   0.009   0.000   0.000   0.000   0.000   0.000   0.000 754028900
12.09   4.27   36.219
12.09   6.00    0.253    0.251
12.09   6.00    0.504   38.458
12.09   6.00    0.493    0.130   0.504   0.078
12.09   6.00    0.493    0.128   0.504   0.076

12.10   0.00    0.077    0.075   0.032   0.036   0.009   0.000   0.000   0.000   0.000   0.000   0.000 754652600
12.10   4.27   36.216
12.10   6.00    0.253    0.251
12.10   6.00    0.504   38.456
12.10   6.00    0.493    0.130   0.504   0.078
12.10   6.00    0.493    0.128   0.504   0.076

12.11   0.00    0.077    0.075   0.032   0.036   0.009   0.000   0.000   0.000   0.000   0.000   0.000 755276200
12.11   4.27   36.212
12.11   6.00    0.253    0.251
12.11   6.00    0.504   38.455
12.11   6.00    0.493    0.130   0.504   0.078
12.11   6.00    0.493    0.128   0.504   0.076

12.12   0.00    0.077    0.075   0.032   0.036   0.009   0.000   0.000   0.000   0.000   0.000   0.000 755899900
12.12   4.26   36.209
12.12   6.00    0.253    0.250
12.12   6.00    0.503   38.453
12.12   6.00    0.493    0.130   0.503   0.078
12.12   6.00    0.493    0.128   0.503   0.076

12.13   0.00    0.077    0.075   0.032   0.036   0.009   0.000   0.000   0.000   0.000   0.000   0.000 756523600
12.13   4.26   36.206
12.13   6.00    0.253    0.250
12.13   6.00    0.503   38.451
12.13   6.00    0.492    0.130   0.503   0.078
12.13   6.00    0.493    0.128   0.503   0.076

12.14   0.00    0.077    0.075   0.032   0.036   0.009   0.000   0.000   0.000   0.000   0.000   0.000 757147300
12.14   4.26   36.202
12.14   6.00    0.253    0.250
12.14   6.00    0.503   38.450
12.14   6.00    0.492    0.130   0.503   0.078
12.14   6.00    0.493    0.128   0.503   0.076

12.15   0.00    0.077    0.075   0.032   0.036   0.008   0.000   0.000   0.000   0.000   0.000   0.000 757770900
12.15   4.26   36.199
12.15   6.00    0.253    0.250
12.15   6.00    0.503   38.448
12.15   6.00    0.492    0.130   0.503   0.078
12.15   6.00    0.492    0.128   0.503   0.076

12.16   0.00    0.077    0.075   0.032   0.036   0.008   0.000   0.000   0.000   0.000   0.000   0.000 758394600
12.16   4.26   36.195
12.16   6.00    0.253    0.250
12.16   6.00    0.503   38.447
12.16   6.00    0.492    0.130   0.503   0.078
12.16   6.00    0.492    0.128   0.503   0.076

12.17   0.00    0.077    0.075   0.032   0.036   0.008   0.000   0.000   0.000   0.000   0.000   0.000 759018300
12.17   4.26   36.192
12.17   6.00    0.253    0.250
12.17   6.00    0.503   38.445
12.17   6.00    0.492    0.130   0.503   0.078
12.17   6.00    0.492    0.128   0.503   0.076

12.18   0.00    0.077    0.075   0.032   0.036   0.008   0.000   0.000   0.000   0.000   0.000   0.000 759642000
12.18   4.26   36.188
12.18   6.00    0.253    0.250
12.18   6.00    0.503   38.443
12.18   6.00    0.492    0.130   0.503   0.078
12.18   6.00    0.492    0.128   0.503   0.076

12.19   0.00    0.077    0.075   0.032   0.036   0.008   0.000   0.000   0.000   0.000   0.000   0.000 760265700
12.19   4.26   36.185
12.19   6.00    0.252    0.250
12.19   6.00    0.503   38.442
12.19   6.00    0.492    0.130   0.503   0.078
12.19   6.00    0.492    0.128   0.503   0.076

12.20   0.00    0.077    0.075   0.032   0.036   0.008   0.000   0.000   0.000   0.000   0.000   0.000 760889300
12.20   4.25   36.182
12.20   6.00    0.252    0.250
12.20   6.00    0.502   38.440
12.20   6.00    0.492    0.130   0.502   0.078
12.20   6.00    0.492    0.128   0.502   0.076

12.21   0.00    0.077    0.075   0.032   0.036   0.008   0.000   0.000   0.000   0.000   0.000   0.000 761513000
12.21   4.25   36.178
12.21   6.00    0.252    0.250
12.21   6.00    0.502   38.439
12.21   6.00    0.492    0.130   0.502   0.078
12.21   6.00    0.492    0.128   0.502   0.076

12.22   0.00    0.077    0.075   0.032   0.036   0.008   0.000   0.000   0.000   0.000   0.000   0.000 762136700
12.22   4.25   36.175
12.22   6.00    0.252    0.250
12.22   6.00    0.502   38.437
12.22   6.00    0.491    0.130   0.502   0.078
12.22   6.00    0.492    0.128   0.502   0.076

12.23   0.00    0.077    0.075   0.032   0.036   0.008   0.000   0.000   0.000   0.000   0.000   0.000 762760400
12.23   4.25   36.171
12.23   6.00    0.252    0.250
12.23   6.00    0.502   38.435
12.23   6.00    0.491    0.130   0.502   0.078
12.23   6.00    0.491    0.128   0.502   0.076

12.24   0.00    0.077    0.075   0.032   0.036   0.008   0.000   0.000   0.000   0.000   0.000   0.000 763384100
12.24   4.25   36.168
12.24   6.00    0.252    0.250
12.24   6.00    0.502   38.434
12.24   6.00    0.491    0.130   0.502   0.078
12.24   6.00    0.491    0.128   0.502   0.076

12.25   0.00    0.077    0.075   0.032   0.036   0.008   0.000   0.000   0.000   0.000   0.000   0.000 764007700
12.25   4.25   36.165
12.25   6.00    0.252    0.250
12.25   6.00    0.502   38.432
12.25   6.00    0.491    0.130   0.502   0.078
12.25   6.00    0.491    0.128   0.502   0.076

12.26   0.00    0.077    0.075   0.032   0.036   0.008   0.000   0.000   0.000   0.000   0.000   0.000 764631400
12.26   4.25   36.161
12.26   6.00    0.252    0.250
12.26   6.00    0.502   38.431
12.26   6.00    0.491    0.130   0.502   0.078
12.26   6.00    0.491    0.128   0.502   0.076

12.27   0.00    0.077    0.075   0.032   0.036   0.008   0.000   0.000   0.000   0.000   0.000   0.000 765255200
12.27   4.25   36.158
12.27   6.00    0.252    0.250
12.27   6.00    0.502   38.429
12.27   6.00    0.491    0.130   0.502   0.078
12.27   6.00    0.491    0.128   0.502   0.076

12.28   0.00    0.077    0.075   0.032   0.036   0.008   0.000   0.000   0.000   0.000   0.000   0.000 765878800
12.28   4.24   36.154
12.28   6.00    0.252    0.250
12.28   6.00    0.502   38.428
12.28   6.00    0.491    0.130   0.502   0.078
12.28   6.00    0.491    0.128   0.502   0.076

12.29   0.00    0.077    0.075   0.032   0.036   0.008   0.000   0.000   0.000   0.000   0.000   0.000 766502500
12.29   4.24   36.151
12.29   6.00    0.252    0.250
12.29   6.00    0.501   38.426
12.29   6.00    0.491    0.130   0.501   0.078
12.29   6.00    0.491    0.128   0.501   0.076

12.30   0.00    0.077    0.075   0.032   0.036   0.008   0.000   0.000   0.000   0.000   0.000   0.000 767126100
12.30   4.24   36.148
12.30   6.00    0.252    0.250
12.30   6.00    0.501   38.425
12.30   6.00    0.491    0.130   0.501   0.078
12.30   6.00    0.491    0.128   0.501   0.076

12.31   0.00    0.077    0.075   0.032   0.036   0.008   0.000   0.000   0.000   0.000   0.000   0.000 767749900
12.31   4.24   36.144
12.31   6.00    0.252    0.250
12.31   6.00    0.501   38.423
12.31   6.00    0.490    0.130   0.501   0.078
12.31   6.00    0.491    0.128   0.501   0.076

12.32   0.00    0.077    0.075   0.032   0.036   0.008   0.000   0.000   0.000   0.000   0.000   0.000 768373500
12.32   4.24   36.141
12.32   6.00    0.252    0.250
12.32   6.00    0.501   38.422
12.32   6.00    0.490    0.130   0.501   0.078
12.32   6.00    0.490    0.128   0.501   0.076

12.33   0.00    0.077    0.075   0.032   0.036   0.008   0.000   0.000   0.000   0.000   0.000   0.000 768997200
12.33   4.24   36.137
12.33   6.00    0.252    0.249
12.33   6.00    0.501   38.420
12.33   6.00    0.490    0.129   0.501   0.078
12.33   6.00    0.490    0.128   0.501   0.076

12.34   0.00    0.077    0.075   0.032   0.036   0.008   0.000   0.000   0.000   0.000   0.000   0.000 769620900
12.34   4.24   36.134
12.34   6.00    0.251    0.249
12.34   6.00    0.501   38.419
12.34   6.00    0.490    0.129   0.501   0.078
12.34   6.00    0.490    0.127   0.501   0.076

12.35   0.00    0.077    0.075   0.032   0.036   0.008   0.000   0.000   0.000   0.000   0.000   0.000 770244500
12.35   4.23   36.131
12.35   6.00    0.251    0.249
12.35   6.00    0.501   38.417
12.35   6.00    0.490    0.129   0.501   0.077
12.35   6.00    0.490    0.127   0.501   0.076

12.36   0.00    0.077    0.075   0.032   0.036   0.008   0.000   0.000   0.000   0.000   0.000   0.000 770868200
12.36   4.23   36.127
12.36   6.00    0.251    0.249
12.36   6.00    0.501   38.416
12.36   6.00    0.490    0.129   0.501   0.077
12.36   6.00    0.490    0.127   0.501   0.076

12.37   0.00    0.077    0.075   0.032   0.036   0.008   0.000   0.000   0.000   0.000   0.000   0.000 771491900
12.37   4.23   36.124
12.37   6.00    0.251    0.249
12.37   6.00    0.501   38.414
12.37   6.00    0.490    0.129   0.501   0.077
12.37   6.00    0.490    0.127   0.501   0.076

12.38   0.00    0.077    0.075   0.032   0.036   0.008   0.000   0.000   0.000   0.000   0.000   0.000 772115600
12.38   4.23   36.121
12.38   6.00    0.251    0.249
12.38   6.00    0.500   38.412
12.38   6.00    0.490    0.129   0.500   0.077
12.38   6.00    0.490    0.127   0.500   0.076

12.39   0.00    0.077    0.075   0.032   0.036   0.008   0.000   0.000   0.000   0.000   0.000   0.000 772739300
12.39   4.23   36.117
12.39   6.00    0.251    0.249
12.39   6.00    0.500   38.411
12.39   6.00    0.490    0.129   0.500   0.077
12.39   6.00    0.490    0.127   0.500   0.075

12.40   0.00    0.077    0.075   0.032   0.036   0.008   0.000   0.000   0.000   0.000   0.000   0.000 773362900
12.40   4.23   36.114
12.40   6.00    0.251    0.249
12.40   6.00    0.500   38.409
12.40   6.00    0.489    0.129   0.500   0.077
12.40   6.00    0.490    0.127   0.500   0.075

12.41   0.00    0.077    0.075   0.032   0.036   0.008   0.000   0.000   0.000   0.000   0.000   0.000 773986600
12.41   4.23   36.111
12.41   6.00    0.251    0.249
12.41   6.00    0.500   38.408
12.41   6.00    0.489    0.129   0.500   0.077
12.41   6.00    0.490    0.127   0.500   0.075

12.42   0.00    0.077    0.075   0.032   0.036   0.008   0.000   0.000   0.000   0.000   0.000   0.000 774610300
12.42   4.23   36.107
12.42   6.00    0.251    0.249
12.42   6.00    0.500   38.407
12.42   6.00    0.489    0.129   0.500   0.077
12.42   6.00    0.489    0.127   0.500   0.075

12.43   0.00    0.077    0.075   0.032   0.036   0.008   0.000   0.000   0.000   0.000   0.000   0.000 775234000
12.43   4.22   36.104
12.43   6.00    0.251    0.249
12.43   6.00    0.500   38.405
12.43   6.00    0.489    0.129   0.500   0.077
12.43   6.00    0.489    0.127   0.500   0.075

12.44   0.00    0.077    0.075   0.032   0.036   0.008   0.000   0.000   0.000   0.000   0.000   0.000 775857700
12.44   4.22   36.101
12.44   6.00    0.251    0.249
12.44   6.00    0.500   38.404
12.44   6.00    0.489    0.129   0.500   0.077
12.44   6.00    0.489    0.127   0.500   0.075

12.45   0.00    0.077    0.075   0.032   0.036   0.008   0.000   0.000   0.000   0.000   0.000   0.000 776481300
12.45   4.22   36.097
12.45   6.00    0.251    0.249
12.45   6.00    0.500   38.402
12.45   6.00    0.489    0.129   0.500   0.077
12.45   6.00    0.489    0.127   0.500   0.075

12.46   0.00    0.077    0.075   0.032   0.036   0.008   0.000   0.000   0.000   0.000   0.000   0.000 777105000
12.46   4.22   36.094
12.46   6.00    0.251    0.249
12.46   6.00    0.500   38.401
12.46   6.00    0.489    0.129   0.500   0.077
12.46   6.00    0.489    0.127   0.500   0.075

12.47   0.00    0.076    0.075   0.032   0.036   0.008   0.000   0.000   0.000   0.000   0.000   0.000 777728700
12.47   4.22   36.091
12.47   6.00    0.251    0.249
12.47   6.00    0.499   38.399
12.47   6.00    0.489    0.129   0.499   0.077
12.47   6.00    0.489    0.127   0.499   0.075

12.48   0.00    0.076    0.075   0.032   0.036   0.008   0.000   0.000   0.000   0.000   0.000   0.000 778352400
12.48   4.22   36.088
12.48   6.00    0.251    0.249
12.48   6.00    0.499   38.398
12.48   6.00    0.489    0.129   0.499   0.077
12.48   6.00    0.489    0.127   0.499   0.075

12.49   0.00    0.076    0.075   0.032   0.036   0.008   0.000   0.000   0.000   0.000   0.000   0.000 778976100
12.49   4.22   36.084
12.49   6.00    0.251    0.249
12.49   6.00    0.499   38.396
12.49   6.00    0.488    0.129   0.499   0.077
12.49   6.00    0.489    0.127   0.499   0.075

12.50   0.00    0.076    0.075   0.032   0.036   0.008   0.000   0.000   0.000   0.000   0.000   0.000 779599700
12.50   4.22   36.081
12.50   6.00    0.250    0.249
12.50   6.00    0.499   38.395
12.50   6.00    0.488    0.129   0.499   0.077
12.50   6.00    0.489    0.127   0.499   0.075

12.51   0.00    0.076    0.075   0.032   0.036   0.008   0.000   0.000   0.000   0.000   0.000   0.000 780223400
12.51   4.21   36.078
12.51   6.00    0.250    0.249
12.51   6.00    0.499   38.393
12.51   6.00    0.488    0.129   0.499   0.077
12.51   6.00    0.488    0.127   0.499   0.075

12.52   0.00    0.076    0.075   0.032   0.036   0.008   0.000   0.000   0.000   0.000   0.000   0.000 780847200
12.52   4.21   36.074
12.52   6.00    0.250    0.249
12.52   6.00    0.499   38.392
12.52   6.00    0.488    0.129   0.499   0.077
12.52   6.00    0.488    0.127   0.499   0.075

12.53   0.00    0.076    0.075   0.032   0.036   0.008   0.000   0.000   0.000   0.000   0.000   0.000 781470800
12.53   4.21   36.071
12.53   6.00    0.250    0.249
12.53   6.00    0.499   38.390
12.53   6.00    0.488    0.129   0.499   0.077
12.53   6.00    0.488    0.127   0.499   0.075

12.54   0.00    0.076    0.075   0.032   0.036   0.008   0.000   0.000   0.000   0.000   0.000   0.000 782094500
12.54   4.21   36.068
12.54   6.00    0.250    0.249
12.54   6.00    0.499   38.389
12.54   6.00    0.488    0.129   0.499   0.077
12.54   6.00    0.488    0.127   0.499   0.075

12.55   0.00    0.076    0.074   0.032   0.036   0.008   0.000   0.000   0.000   0.000   0.000   0.000 782718100
12.55   4.21   36.065
12.55   6.00    0.250    0.248
12.55   6.00    0.499   38.388
12.55   6.00    0.488    0.129   0.499   0.077
12.55   6.00    0.488    0.127   0.499   0.075

12.56   0.00    0.076    0.074   0.032   0.036   0.008   0.000   0.000   0.000   0.000   0.000   0.000 783341800
12.56   4.21   36.061
12.56   6.00    0.250    0.248
12.56   6.00    0.499   38.386
12.56   6.00    0.488    0.129   0.499   0.077
12.56   6.00    0.488    0.127   0.499   0.075

12.57   0.00    0.076    0.074   0.032   0.036   0.008   0.000   0.000   0.000   0.000   0.000   0.000 783965500
12.57   4.21   36.058
12.57   6.00    0.250    0.248
12.57   6.00    0.498   38.385
12.57   6.00    0.488    0.129   0.498   0.077
12.57   6.00    0.488    0.127   0.498   0.075

12.58   0.00    0.076    0.074   0.032   0.036   0.008   0.000   0.000   0.000   0.000   0.000   0.000 784589200
12.58   4.21   36.055
12.58   6.00    0.250    0.248
12.58   6.00    0.498   38.383
12.58   6.00    0.488    0.129   0.498   0.077
12.58   6.00    0.488    0.127   0.498   0.075

12.59   0.00    0.076    0.074   0.032   0.036   0.008   0.000   0.000   0.000   0.000   0.000   0.000 785212900
12.59   4.20   36.051
12.59   6.00    0.250    0.248
12.59   6.00    0.498   38.382
12.59   6.00    0.487    0.129   0.498   0.077
12.59   6.00    0.488    0.127   0.498   0.075

12.60   0.00    0.076    0.074   0.032   0.036   0.008   0.000   0.000   0.000   0.000   0.000   0.000 785836500
12.60   4.20   36.048
12.60   6.00    0.250    0.248
12.60   6.00    0.498   38.380
12.60   6.00    0.487    0.129   0.498   0.077
12.60   6.00    0.487    0.127   0.498   0.075

12.61   0.00    0.076    0.074   0.032   0.036   0.008   0.000   0.000   0.000   0.000   0.000   0.000 786460200
12.61   4.20   36.045
12.61   6.00    0.250    0.248
12.61   6.00    0.498   38.379
12.61   6.00    0.487    0.129   0.498   0.077
12.61   6.00    0.487    0.127   0.498   0.075

12.62   0.00    0.076    0.074   0.032   0.036   0.008   0.000   0.000   0.000   0.000   0.000   0.000 787083900
12.62   4.20   36.042
12.62   6.00    0.250    0.248
12.62   6.00    0.498   38.378
12.62   6.00    0.487    0.129   0.498   0.077
12.62   6.00    0.487    0.127   0.498   0.075

12.63   0.00    0.076    0.074   0.032   0.036   0.008   0.000   0.000   0.000   0.000   0.000   0.000 787707600
12.63   4.20   36.038
12.63   6.00    0.250    0.248
12.63   6.00    0.498   38.376
12.63   6.00    0.487    0.129   0.498   0.077
12.63   6.00    0.487    0.127   0.498   0.075

12.64   0.00    0.076    0.074   0.032   0.036   0.008   0.000   0.000   0.000   0.000   0.000   0.000 788331300
12.64   4.20   36.035
12.64   6.00    0.250    0.248
12.64   6.00    0.498   38.375
12.64   6.00    0.487    0.129   0.498   0.077
12.64   6.00    0.487    0.127   0.498   0.075

12.65   0.00    0.076    0.074   0.032   0.036   0.008   0.000   0.000   0.000   0.000   0.000   0.000 788954900
12.65   4.20   36.032
12.65   6.00    0.250    0.248
12.65   6.00    0.498   38.373
12.65   6.00    0.487    0.129   0.498   0.077
12.65   6.00    0.487    0.127   0.498   0.075

12.66   0.00    0.076    0.074   0.032   0.036   0.008   0.000   0.000   0.000   0.000   0.000   0.000 789578600
12.66   4.20   36.029
12.66   6.00    0.249    0.248
12.66   6.00    0.497   38.372
12.66   6.00    0.487    0.129   0.497   0.077
12.66   6.00    0.487    0.127   0.497   0.075

12.67   0.00    0.076    0.074   0.032   0.036   0.008   0.000   0.000   0.000   0.000   0.000   0.000 790202300
12.67   4.19   36.026
12.67   6.00    0.249    0.248
12.67   6.00    0.497   38.371
12.67   6.00    0.487    0.129   0.497   0.077
12.67   6.00    0.487    0.127   0.497   0.075

12.68   0.00    0.076    0.074   0.032   0.036   0.008   0.000   0.000   0.000   0.000   0.000   0.000 790826000
12.68   4.19   36.022
12.68   6.00    0.249    0.248
12.68   6.00    0.497   38.369
12.68   6.00    0.486    0.129   0.497   0.077
12.68   6.00    0.487    0.127   0.497   0.075

12.69   0.00    0.076    0.074   0.032   0.036   0.008   0.000   0.000   0.000   0.000   0.000   0.000 791449700
12.69   4.19   36.019
12.69   6.00    0.249    0.248
12.69   6.00    0.497   38.368
12.69   6.00    0.486    0.129   0.497   0.077
12.69   6.00    0.487    0.127   0.497   0.075

12.70   0.00    0.076    0.074   0.032   0.036   0.008   0.000   0.000   0.000   0.000   0.000   0.000 792073300
12.70   4.19   36.016
12.70   6.00    0.249    0.248
12.70   6.00    0.497   38.366
12.70   6.00    0.486    0.129   0.497   0.077
12.70   6.00    0.486    0.127   0.497   0.075

12.71   0.00    0.076    0.074   0.032   0.036   0.008   0.000   0.000   0.000   0.000   0.000   0.000 792697000
12.71   4.19   36.013
12.71   6.00    0.249    0.248
12.71   6.00    0.497   38.365
12.71   6.00    0.486    0.129   0.497   0.077
12.71   6.00    0.486    0.127   0.497   0.075

12.72   0.00    0.076    0.074   0.032   0.036   0.008   0.000   0.000   0.000   0.000   0.000   0.000 793320700
12.72   4.19   36.010
12.72   6.00    0.249    0.248
12.72   6.00    0.497   38.364
12.72   6.00    0.486    0.129   0.497   0.077
12.72   6.00    0.486    0.127   0.497   0.075

12.73   0.00    0.076    0.074   0.032   0.036   0.008   0.000   0.000   0.000   0.000   0.000   0.000 793944400
12.73   4.19   36.006
12.73   6.00    0.249    0.248
12.73   6.00    0.497   38.362
12.73   6.00    0.486    0.128   0.497   0.077
12.73   6.00    0.486    0.127   0.497   0.075

12.74   0.00    0.076    0.074   0.032   0.036   0.008   0.000   0.000   0.000   0.000   0.000   0.000 794568100
12.74   4.19   36.003
12.74   6.00    0.249    0.248
12.74   6.00    0.497   38.361
12.74   6.00    0.486    0.128   0.497   0.077
12.74   6.00    0.486    0.127   0.497   0.075

12.75   0.00    0.076    0.074   0.032   0.036   0.008   0.000   0.000   0.000   0.000   0.000   0.000 795191700
12.75   4.18   36.000
12.75   6.00    0.249    0.248
12.75   6.00    0.497   38.359
12.75   6.00    0.486    0.128   0.497   0.077
12.75   6.00    0.486    0.127   0.497   0.075

12.76   0.00    0.076    0.074   0.032   0.036   0.008   0.000   0.000   0.000   0.000   0.000   0.000 795815400
12.76   4.18   35.997
12.76   6.00    0.249    0.248
12.76   6.00    0.496   38.358
12.76   6.00    0.486    0.128   0.496   0.077
12.76   6.00    0.486    0.127   0.496   0.075

12.77   0.00    0.076    0.074   0.032   0.036   0.008   0.000   0.000   0.000   0.000   0.000   0.000 796439100
12.77   4.18   35.994
12.77   6.00    0.249    0.248
12.77   6.00    0.496   38.357
12.77   6.00    0.486    0.128   0.496   0.077
12.77   6.00    0.486    0.127   0.496   0.075

12.78   0.00    0.076    0.074   0.032   0.036   0.008   0.000   0.000   0.000   0.000   0.000   0.000 797062800
12.78   4.18   35.990
12.78   6.00    0.249    0.247
12.78   6.00    0.496   38.355
12.78   6.00    0.485    0.128   0.496   0.077
12.78   6.00    0.486    0.127   0.496   0.075

12.79   0.00    0.076    0.074   0.032   0.036   0.008   0.000   0.000   0.000   0.000   0.000   0.000 797686500
12.79   4.18   35.987
12.79   6.00    0.249    0.247
12.79   6.00    0.496   38.354
12.79   6.00    0.485    0.128   0.496   0.077
12.79   6.00    0.486    0.127   0.496   0.075

12.80   0.00    0.076    0.074   0.032   0.036   0.008   0.000   0.000   0.000   0.000   0.000   0.000 798310100
12.80   4.18   35.984
12.80   6.00    0.249    0.247
12.80   6.00    0.496   38.353
12.80   6.00    0.485    0.128   0.496   0.077
12.80   6.00    0.485    0.126   0.496   0.075

12.81   0.00    0.076    0.074   0.032   0.036   0.008   0.000   0.000   0.000   0.000   0.000   0.000 798933800
12.81   4.18   35.981
12.81   6.00    0.249    0.247
12.81   6.00    0.496   38.351
12.81   6.00    0.485    0.128   0.496   0.077
12.81   6.00    0.485    0.126   0.496   0.075

12.82   0.00    0.076    0.074   0.032   0.036   0.008   0.000   0.000   0.000   0.000   0.000   0.000 799557500
12.82   4.18   35.978
12.82   6.00    0.248    0.247
12.82   6.00    0.496   38.350
12.82   6.00    0.485    0.128   0.496   0.077
12.82   6.00    0.485    0.126   0.496   0.075

12.83   0.00    0.076    0.074   0.032   0.036   0.008   0.000   0.000   0.000   0.000   0.000   0.000 800181200
12.83   4.18   35.975
12.83   6.00    0.248    0.247
12.83   6.00    0.496   38.349
12.83   6.00    0.485    0.128   0.496   0.077
12.83   6.00    0.485    0.126   0.496   0.075

12.84   0.00    0.076    0.074   0.032   0.036   0.008   0.000   0.000   0.000   0.000   0.000   0.000 800804900
12.84   4.17   35.971
12.84   6.00    0.248    0.247
12.84   6.00    0.496   38.347
12.84   6.00    0.485    0.128   0.496   0.077
12.84   6.00    0.485    0.126   0.496   0.075

12.85   0.00    0.076    0.074   0.032   0.036   0.008   0.000   0.000   0.000   0.000   0.000   0.000 801428500
12.85   4.17   35.968
12.85   6.00    0.248    0.247
12.85   6.00    0.495   38.346
12.85   6.00    0.485    0.128   0.495   0.077
12.85   6.00    0.485    0.126   0.495   0.075

12.86   0.00    0.076    0.074   0.032   0.036   0.008   0.000   0.000   0.000   0.000   0.000   0.000 802052200
12.86   4.17   35.965
12.86   6.00    0.248    0.247
12.86   6.00    0.495   38.345
12.86   6.00    0.485    0.128   0.495   0.077
12.86   6.00    0.485    0.126   0.495   0.075

12.87   0.00    0.076    0.074   0.032   0.036   0.008   0.000   0.000   0.000   0.000   0.000   0.000 802675900
12.87   4.17   35.962
12.87   6.00    0.248    0.247
12.87   6.00    0.495   38.343
12.87   6.00    0.485    0.128   0.495   0.077
12.87   6.00    0.485    0.126   0.495   0.075

12.88   0.00    0.076    0.074   0.032   0.036   0.008   0.000   0.000   0.000   0.000   0.000   0.000 803299600
12.88   4.17   35.959
12.88   6.00    0.248    0.247
12.88   6.00    0.495   38.342
12.88   6.00    0.484    0.128   0.495   0.077
12.88   6.00    0.485    0.126   0.495   0.075

12.89   0.00    0.076    0.074   0.032   0.036   0.008   0.000   0.000   0.000   0.000   0.000   0.000 803923300
12.89   4.17   35.956
12.89   6.00    0.248    0.247
12.89   6.00    0.495   38.341
12.89   6.00    0.484    0.128   0.495   0.077
12.89   6.00    0.485    0.126   0.495   0.075

12.90   0.00    0.076    0.074   0.032   0.036   0.008   0.000   0.000   0.000   0.000   0.000   0.000 804546900
12.90   4.17   35.953
12.90   6.00    0.248    0.247
12.90   6.00    0.495   38.339
12.90   6.00    0.484    0.128   0.495   0.077
12.90   6.00    0.484    0.126   0.495   0.075

12.91   0.00    0.076    0.074   0.032   0.036   0.008   0.000   0.000   0.000   0.000   0.000   0.000 805170600
12.91   4.17   35.949
12.91   6.00    0.248    0.247
12.91   6.00    0.495   38.338
12.91   6.00    0.484    0.128   0.495   0.077
12.91   6.00    0.484    0.126   0.495   0.075

12.92   0.00    0.076    0.074   0.032   0.036   0.008   0.000   0.000   0.000   0.000   0.000   0.000 805794300
12.92   4.16   35.946
12.92   6.00    0.248    0.247
12.92   6.00    0.495   38.337
12.92   6.00    0.484    0.128   0.495   0.077
12.92   6.00    0.484    0.126   0.495   0.075

12.93   0.00    0.076    0.074   0.032   0.036   0.008   0.000   0.000   0.000   0.000   0.000   0.000 806418000
12.93   4.16   35.943
12.93   6.00    0.248    0.247
12.93   6.00    0.495   38.335
12.93   6.00    0.484    0.128   0.495   0.077
12.93   6.00    0.484    0.126   0.495   0.075

12.94   0.00    0.076    0.074   0.032   0.036   0.008   0.000   0.000   0.000   0.000   0.000   0.000 807041700
12.94   4.16   35.940
12.94   6.00    0.248    0.247
12.94   6.00    0.495   38.334
12.94   6.00    0.484    0.128   0.495   0.077
12.94   6.00    0.484    0.126   0.495   0.075

12.95   0.00    0.076    0.074   0.032   0.036   0.008   0.000   0.000   0.000   0.000   0.000   0.000 807665300
12.95   4.16   35.937
12.95   6.00    0.248    0.247
12.95   6.00    0.494   38.333
12.95   6.00    0.484    0.128   0.494   0.077
12.95   6.00    0.484    0.126   0.494   0.075

12.96   0.00    0.076    0.074   0.032   0.036   0.008   0.000   0.000   0.000   0.000   0.000   0.000 808289000
12.96   4.16   35.934
12.96   6.00    0.248    0.247
12.96   6.00    0.494   38.331
12.96   6.00    0.484    0.128   0.494   0.077
12.96   6.00    0.484    0.126   0.494   0.075

12.97   0.00    0.076    0.074   0.032   0.036   0.008   0.000   0.000   0.000   0.000   0.000   0.000 808912700
12.97   4.16   35.931
12.97   6.00    0.248    0.247
12.97   6.00    0.494   38.330
12.97   6.00    0.484    0.128   0.494   0.077
12.97   6.00    0.484    0.126   0.494   0.075

12.98   0.00    0.076    0.074   0.032   0.036   0.007   0.000   0.000   0.000   0.000   0.000   0.000 809536300
12.98   4.16   35.928
12.98   6.00    0.248    0.247
12.98   6.00    0.494   38.329
12.98   6.00    0.483    0.128   0.494   0.077
12.98   6.00    0.484    0.126   0.494   0.075

12.99   0.00    0.076    0.074   0.032   0.036   0.007   0.000   0.000   0.000   0.000   0.000   0.000 810160100
12.99   4.16   35.925
12.99   6.00    0.247    0.247
12.99   6.00    0.494   38.327
12.99   6.00    0.483    0.128   0.494   0.077
12.99   6.00    0.484    0.126   0.494   0.075

13.00   0.00    0.076    0.074   0.032   0.036   0.007   0.000   0.000   0.000   0.000   0.000   0.000 810783700
13.00   4.16   35.922
13.00   6.00    0.247    0.247
13.00   6.00    0.494   38.326
13.00   6.00    0.483    0.128   0.494   0.077
13.00   6.00    0.483    0.126   0.494   0.075

13.01   0.00    0.076    0.074   0.032   0.036   0.007   0.000   0.000   0.000   0.000   0.000   0.000 811407400
13.01   4.15   35.918
13.01   6.00    0.247    0.247
13.01   6.00    0.494   38.325
13.01   6.00    0.483    0.128   0.494   0.077
13.01   6.00    0.483    0.126   0.494   0.075

13.02   0.00    0.076    0.074   0.032   0.036   0.007   0.000   0.000   0.000   0.000   0.000   0.000 812031100
13.02   4.15   35.915
13.02   6.00    0.247    0.246
13.02   6.00    0.494   38.324
13.02   6.00    0.483    0.128   0.494   0.077
13.02   6.00    0.483    0.126   0.494   0.075

13.03   0.00    0.076    0.074   0.032   0.036   0.007   0.000   0.000   0.000   0.000   0.000   0.000 812654800
13.03   4.15   35.912
13.03   6.00    0.247    0.246
13.03   6.00    0.494   38.322
13.03   6.00    0.483    0.128   0.494   0.077
13.03   6.00    0.483    0.126   0.494   0.075

13.04   0.00    0.076    0.074   0.032   0.036   0.007   0.000   0.000   0.000   0.000   0.000   0.000 813278500
13.04   4.15   35.909
13.04   6.00    0.247    0.246
13.04   6.00    0.494   38.321
13.04   6.00    0.483    0.128   0.494   0.077
13.04   6.00    0.483    0.126   0.494   0.075

13.05   0.00    0.076    0.074   0.032   0.036   0.007   0.000   0.000   0.000   0.000   0.000   0.000 813902100
13.05   4.15   35.906
13.05   6.00    0.247    0.246
13.05   6.00    0.494   38.320
13.05   6.00    0.483    0.128   0.494   0.077
13.05   6.00    0.483    0.126   0.494   0.075

13.06   0.00    0.076    0.074   0.032   0.036   0.007   0.000   0.000   0.000   0.000   0.000   0.000 814525800
13.06   4.15   35.903
13.06   6.00    0.247    0.246
13.06   6.00    0.493   38.318
13.06   6.00    0.483    0.128   0.493   0.077
13.06   6.00    0.483    0.126   0.493   0.075

13.07   0.00    0.076    0.074   0.032   0.036   0.007   0.000   0.000   0.000   0.000   0.000   0.000 815149500
13.07   4.15   35.900
13.07   6.00    0.247    0.246
13.07   6.00    0.493   38.317
13.07   6.00    0.483    0.128   0.493   0.077
13.07   6.00    0.483    0.126   0.493   0.075

13.08   0.00    0.076    0.074   0.032   0.036   0.007   0.000   0.000   0.000   0.000   0.000   0.000 815773200
13.08   4.15   35.897
13.08   6.00    0.247    0.246
13.08   6.00    0.493   38.316
13.08   6.00    0.483    0.128   0.493   0.077
13.08   6.00    0.483    0.126   0.493   0.075

13.09   0.00    0.076    0.074   0.032   0.036   0.007   0.000   0.000   0.000   0.000   0.000   0.000 816396900
13.09   4.14   35.894
13.09   6.00    0.247    0.246
13.09   6.00    0.493   38.315
13.09   6.00    0.482    0.128   0.493   0.077
13.09   6.00    0.483    0.126   0.493   0.075

13.10   0.00    0.076    0.074   0.032   0.036   0.007   0.000   0.000   0.000   0.000   0.000   0.000 817020500
13.10   4.14   35.891
13.10   6.00    0.247    0.246
13.10   6.00    0.493   38.313
13.10   6.00    0.482    0.128   0.493   0.077
13.10   6.00    0.482    0.126   0.493   0.075

13.11   0.00    0.076    0.074   0.032   0.036   0.007   0.000   0.000   0.000   0.000   0.000   0.000 817644200
13.11   4.14   35.888
13.11   6.00    0.247    0.246
13.11   6.00    0.493   38.312
13.11   6.00    0.482    0.128   0.493   0.077
13.11   6.00    0.482    0.126   0.493   0.075

13.12   0.00    0.076    0.074   0.032   0.036   0.007   0.000   0.000   0.000   0.000   0.000   0.000 818267900
13.12   4.14   35.885
13.12   6.00    0.247    0.246
13.12   6.00    0.493   38.311
13.12   6.00    0.482    0.128   0.493   0.076
13.12   6.00    0.482    0.126   0.493   0.075

13.13   0.00    0.076    0.074   0.032   0.036   0.007   0.000   0.000   0.000   0.000   0.000   0.000 818891600
13.13   4.14   35.882
13.13   6.00    0.247    0.246
13.13   6.00    0.493   38.309
13.13   6.00    0.482    0.128   0.493   0.076
13.13   6.00    0.482    0.126   0.493   0.075

13.14   0.00    0.076    0.074   0.032   0.036   0.007   0.000   0.000   0.000   0.000   0.000   0.000 819515300
13.14   4.14   35.879
13.14   6.00    0.247    0.246
13.14   6.00    0.493   38.308
13.14   6.00    0.482    0.128   0.493   0.076
13.14   6.00    0.482    0.126   0.493   0.075

13.15   0.00    0.076    0.074   0.032   0.036   0.007   0.000   0.000   0.000   0.000   0.000   0.000 820138900
13.15   4.14   35.876
13.15   6.00    0.247    0.246
13.15   6.00    0.493   38.307
13.15   6.00    0.482    0.128   0.493   0.076
13.15   6.00    0.482    0.126   0.493   0.075

13.16   0.00    0.076    0.074   0.032   0.036   0.007   0.000   0.000   0.000   0.000   0.000   0.000 820762600
13.16   4.14   35.873
13.16   6.00    0.246    0.246
13.16   6.00    0.492   38.306
13.16   6.00    0.482    0.128   0.492   0.076
13.16   6.00    0.482    0.126   0.492   0.075

13.17   0.00    0.076    0.074   0.032   0.036   0.007   0.000   0.000   0.000   0.000   0.000   0.000 821386300
13.17   4.14   35.870
13.17   6.00    0.246    0.246
13.17   6.00    0.492   38.304
13.17   6.00    0.482    0.127   0.492   0.076
13.17   6.00    0.482    0.126   0.492   0.075

13.18   0.00    0.076    0.074   0.032   0.036   0.007   0.000   0.000   0.000   0.000   0.000   0.000 822010000
13.18   4.13   35.867
13.18   6.00    0.246    0.246
13.18   6.00    0.492   38.303
13.18   6.00    0.482    0.127   0.492   0.076
13.18   6.00    0.482    0.126   0.492   0.075

13.19   0.00    0.076    0.074   0.032   0.036   0.007   0.000   0.000   0.000   0.000   0.000   0.000 822633600
13.19   4.13   35.864
13.19   6.00    0.246    0.246
13.19   6.00    0.492   38.302
13.19   6.00    0.481    0.127   0.492   0.076
13.19   6.00    0.482    0.126   0.492   0.075

13.20   0.00    0.076    0.074   0.032   0.036   0.007   0.000   0.000   0.000   0.000   0.000   0.000 823257300
13.20   4.13   35.861
13.20   6.00    0.246    0.246
13.20   6.00    0.492   38.301
13.20   6.00    0.481    0.127   0.492   0.076
13.20   6.00    0.482    0.126   0.492   0.075

13.21   0.00    0.076    0.074   0.032   0.036   0.007   0.000   0.000   0.000   0.000   0.000   0.000 823881000
13.21   4.13   35.858
13.21   6.00    0.246    0.246
13.21   6.00    0.492   38.299
13.21   6.00    0.481    0.127   0.492   0.076
13.21   6.00    0.481    0.126   0.492   0.075

13.22   0.00    0.076    0.074   0.032   0.036   0.007   0.000   0.000   0.000   0.000   0.000   0.000 824504700
13.22   4.13   35.855
13.22   6.00    0.246    0.246
13.22   6.00    0.492   38.298
13.22   6.00    0.481    0.127   0.492   0.076
13.22   6.00    0.481    0.126   0.492   0.075

13.23   0.00    0.076    0.074   0.032   0.036   0.007   0.000   0.000   0.000   0.000   0.000   0.000 825128300
13.23   4.13   35.852
13.23   6.00    0.246    0.246
13.23   6.00    0.492   38.297
13.23   6.00    0.481    0.127   0.492   0.076
13.23   6.00    0.481    0.126   0.492   0.075

13.24   0.00    0.076    0.074   0.032   0.036   0.007   0.000   0.000   0.000   0.000   0.000   0.000 825752100
13.24   4.13   35.849
13.24   6.00    0.246    0.246
13.24   6.00    0.492   38.296
13.24   6.00    0.481    0.127   0.492   0.076
13.24   6.00    0.481    0.126   0.492   0.075

13.25   0.00    0.076    0.074   0.032   0.036   0.007   0.000   0.000   0.000   0.000   0.000   0.000 826375700
13.25   4.13   35.846
13.25   6.00    0.246    0.246
13.25   6.00    0.492   38.294
13.25   6.00    0.481    0.127   0.492   0.076
13.25   6.00    0.481    0.126   0.492   0.075

13.26   0.00    0.075    0.074   0.032   0.036   0.007   0.000   0.000   0.000   0.000   0.000   0.000 826999400
13.26   4.13   35.843
13.26   6.00    0.246    0.246
13.26   6.00    0.491   38.293
13.26   6.00    0.481    0.127   0.491   0.076
13.26   6.00    0.481    0.126   0.491   0.075

13.27   0.00    0.075    0.074   0.032   0.036   0.007   0.000   0.000   0.000   0.000   0.000   0.000 827623100
13.27   4.12   35.840
13.27   6.00    0.246    0.246
13.27   6.00    0.491   38.292
13.27   6.00    0.481    0.127   0.491   0.076
13.27   6.00    0.481    0.126   0.491   0.075

13.28   0.00    0.075    0.074   0.032   0.036   0.007   0.000   0.000   0.000   0.000   0.000   0.000 828246800
13.28   4.12   35.837
13.28   6.00    0.246    0.245
13.28   6.00    0.491   38.291
13.28   6.00    0.481    0.127   0.491   0.076
13.28   6.00    0.481    0.126   0.491   0.075

13.29   0.00    0.075    0.074   0.032   0.036   0.007   0.000   0.000   0.000   0.000   0.000   0.000 828870500
13.29   4.12   35.834
13.29   6.00    0.246    0.245
13.29   6.00    0.491   38.289
13.29   6.00    0.481    0.127   0.491   0.076
13.29   6.00    0.481    0.126   0.491   0.075

13.30   0.00    0.075    0.074   0.032   0.036   0.007   0.000   0.000   0.000   0.000   0.000   0.000 829494100
13.30   4.12   35.831
13.30   6.00    0.246    0.245
13.30   6.00    0.491   38.288
13.30   6.00    0.480    0.127   0.491   0.076
13.30   6.00    0.481    0.126   0.491   0.075

13.31   0.00    0.075    0.074   0.032   0.036   0.007   0.000   0.000   0.000   0.000   0.000   0.000 830117800
13.31   4.12   35.828
13.31   6.00    0.246    0.245
13.31   6.00    0.491   38.287
13.31   6.00    0.480    0.127   0.491   0.076
13.31   6.00    0.481    0.125   0.491   0.075

13.32   0.00    0.075    0.074   0.032   0.036   0.007   0.000   0.000   0.000   0.000   0.000   0.000 830741500
13.32   4.12   35.825
13.32   6.00    0.246    0.245
13.32   6.00    0.491   38.286
13.32   6.00    0.480    0.127   0.491   0.076
13.32   6.00    0.480    0.125   0.491   0.075

13.33   0.00    0.075    0.074   0.032   0.036   0.007   0.000   0.000   0.000   0.000   0.000   0.000 831365200
13.33   4.12   35.822
13.33   6.00    0.246    0.245
13.33   6.00    0.491   38.285
13.33   6.00    0.480    0.127   0.491   0.076
13.33   6.00    0.480    0.125   0.491   0.075

13.34   0.00    0.075    0.074   0.032   0.036   0.007   0.000   0.000   0.000   0.000   0.000   0.000 831988900
13.34   4.12   35.819
13.34   6.00    0.245    0.245
13.34   6.00    0.491   38.283
13.34   6.00    0.480    0.127   0.491   0.076
13.34   6.00    0.480    0.125   0.491   0.075

13.35   0.00    0.075    0.074   0.032   0.036   0.007   0.000   0.000   0.000   0.000   0.000   0.000 832612500
13.35   4.12   35.816
13.35   6.00    0.245    0.245
13.35   6.00    0.491   38.282
13.35   6.00    0.480    0.127   0.491   0.076
13.35   6.00    0.480    0.125   0.491   0.075

13.36   0.00    0.075    0.074   0.032   0.036   0.007   0.000   0.000   0.000   0.000   0.000   0.000 833236200
13.36   4.11   35.813
13.36   6.00    0.245    0.245
13.36   6.00    0.491   38.281
13.36   6.00    0.480    0.127   0.491   0.076
13.36   6.00    0.480    0.125   0.491   0.075

13.37   0.00    0.075    0.074   0.032   0.036   0.007   0.000   0.000   0.000   0.000   0.000   0.000 833859900
13.37   4.11   35.810
13.37   6.00    0.245    0.245
13.37   6.00    0.490   38.280
13.37   6.00    0.480    0.127   0.490   0.076
13.37   6.00    0.480    0.125   0.490   0.075

13.38   0.00    0.075    0.074   0.032   0.036   0.007   0.000   0.000   0.000   0.000   0.000   0.000 834483600
13.38   4.11   35.807
13.38   6.00    0.245    0.245
13.38   6.00    0.490   38.278
13.38   6.00    0.480    0.127   0.490   0.076
13.38   6.00    0.480    0.125   0.490   0.075

13.39   0.00    0.075    0.074   0.032   0.036   0.007   0.000   0.000   0.000   0.000   0.000   0.000 835107300
13.39   4.11   35.805
13.39   6.00    0.245    0.245
13.39   6.00    0.490   38.277
13.39   6.00    0.480    0.127   0.490   0.076
13.39   6.00    0.480    0.125   0.490   0.075

13.40   0.00    0.075    0.074   0.032   0.036   0.007   0.000   0.000   0.000   0.000   0.000   0.000 835730900
13.40   4.11   35.802
13.40   6.00    0.245    0.245
13.40   6.00    0.490   38.276
13.40   6.00    0.480    0.127   0.490   0.076
13.40   6.00    0.480    0.125   0.490   0.074

13.41   0.00    0.075    0.074   0.032   0.036   0.007   0.000   0.000   0.000   0.000   0.000   0.000 836354600
13.41   4.11   35.799
13.41   6.00    0.245    0.245
13.41   6.00    0.490   38.275
13.41   6.00    0.479    0.127   0.490   0.076
13.41   6.00    0.480    0.125   0.490   0.074

13.42   0.00    0.075    0.074   0.032   0.036   0.007   0.000   0.000   0.000   0.000   0.000   0.000 836978300
13.42   4.11   35.796
13.42   6.00    0.245    0.245
13.42   6.00    0.490   38.274
13.42   6.00    0.479    0.127   0.490   0.076
13.42   6.00    0.479    0.125   0.490   0.074

13.43   0.00    0.075    0.074   0.032   0.036   0.007   0.000   0.000   0.000   0.000   0.000   0.000 837602000
13.43   4.11   35.793
13.43   6.00    0.245    0.245
13.43   6.00    0.490   38.272
13.43   6.00    0.479    0.127   0.490   0.076
13.43   6.00    0.479    0.125   0.490   0.074

13.44   0.00    0.075    0.074   0.032   0.036   0.007   0.000   0.000   0.000   0.000   0.000   0.000 838225600
13.44   4.11   35.790
13.44   6.00    0.245    0.245
13.44   6.00    0.490   38.271
13.44   6.00    0.479    0.127   0.490   0.076
13.44   6.00    0.479    0.125   0.490   0.074

13.45   0.00    0.075    0.074   0.032   0.036   0.007   0.000   0.000   0.000   0.000   0.000   0.000 838849300
13.45   4.10   35.787
13.45   6.00    0.245    0.245
13.45   6.00    0.490   38.270
13.45   6.00    0.479    0.127   0.490   0.076
13.45   6.00    0.479    0.125   0.490   0.074

13.46   0.00    0.075    0.074   0.032   0.036   0.007   0.000   0.000   0.000   0.000   0.000   0.000 839473000
13.46   4.10   35.784
13.46   6.00    0.245    0.245
13.46   6.00    0.490   38.269
13.46   6.00    0.479    0.127   0.490   0.076
13.46   6.00    0.479    0.125   0.490   0.074

13.47   0.00    0.075    0.074   0.032   0.036   0.007   0.000   0.000   0.000   0.000   0.000   0.000 840096700
13.47   4.10   35.781
13.47   6.00    0.245    0.245
13.47   6.00    0.490   38.268
13.47   6.00    0.479    0.127   0.490   0.076
13.47   6.00    0.479    0.125   0.490   0.074

13.48   0.00    0.075    0.074   0.032   0.036   0.007   0.000   0.000   0.000   0.000   0.000   0.000 840720300
13.48   4.10   35.778
13.48   6.00    0.245    0.245
13.48   6.00    0.489   38.266
13.48   6.00    0.479    0.127   0.489   0.076
13.48   6.00    0.479    0.125   0.489   0.074

13.49   0.00    0.075    0.074   0.032   0.036   0.007   0.000   0.000   0.000   0.000   0.000   0.000 841344100
13.49   4.10   35.776
13.49   6.00    0.245    0.245
13.49   6.00    0.489   38.265
13.49   6.00    0.479    0.127   0.489   0.076
13.49   6.00    0.479    0.125   0.489   0.074

13.50   0.00    0.075    0.074   0.032   0.036   0.007   0.000   0.000   0.000   0.000   0.000   0.000 841967700
13.50   4.10   35.773
13.50   6.00    0.245    0.245
13.50   6.00    0.489   38.264
13.50   6.00    0.479    0.127   0.489   0.076
13.50   6.00    0.479    0.125   0.489   0.074

13.51   0.00    0.075    0.074   0.032   0.036   0.007   0.000   0.000   0.000   0.000   0.000   0.000 842591400
13.51   4.10   35.770
13.51   6.00    0.245    0.245
13.51   6.00    0.489   38.263
13.51   6.00    0.479    0.127   0.489   0.076
13.51   6.00    0.479    0.125   0.489   0.074

13.52   0.00    0.075    0.074   0.032   0.036   0.007   0.000   0.000   0.000   0.000   0.000   0.000 843215100
13.52   4.10   35.767
13.52   6.00    0.244    0.245
13.52   6.00    0.489   38.262
13.52   6.00    0.478    0.127   0.489   0.076
13.52   6.00    0.479    0.125   0.489   0.074

13.53   0.00    0.075    0.074   0.032   0.036   0.007   0.000   0.000   0.000   0.000   0.000   0.000 843838700
13.53   4.10   35.764
13.53   6.00    0.244    0.245
13.53   6.00    0.489   38.260
13.53   6.00    0.478    0.127   0.489   0.076
13.53   6.00    0.478    0.125   0.489   0.074

13.54   0.00    0.075    0.074   0.032   0.036   0.007   0.000   0.000   0.000   0.000   0.000   0.000 844462500
13.54   4.09   35.761
13.54   6.00    0.244    0.245
13.54   6.00    0.489   38.259
13.54   6.00    0.478    0.127   0.489   0.076
13.54   6.00    0.478    0.125   0.489   0.074

13.55   0.00    0.075    0.074   0.032   0.036   0.007   0.000   0.000   0.000   0.000   0.000   0.000 845086100
13.55   4.09   35.758
13.55   6.00    0.244    0.244
13.55   6.00    0.489   38.258
13.55   6.00    0.478    0.127   0.489   0.076
13.55   6.00    0.478    0.125   0.489   0.074

13.56   0.00    0.075    0.074   0.032   0.036   0.007   0.000   0.000   0.000   0.000   0.000   0.000 845709800
13.56   4.09   35.756
13.56   6.00    0.244    0.244
13.56   6.00    0.489   38.257
13.56   6.00    0.478    0.127   0.489   0.076
13.56   6.00    0.478    0.125   0.489   0.074

13.57   0.00    0.075    0.074   0.032   0.036   0.007   0.000   0.000   0.000   0.000   0.000   0.000 846333400
13.57   4.09   35.753
13.57   6.00    0.244    0.244
13.57   6.00    0.489   38.256
13.57   6.00    0.478    0.127   0.489   0.076
13.57   6.00    0.478    0.125   0.489   0.074

13.58   0.00    0.075    0.074   0.032   0.036   0.007   0.000   0.000   0.000   0.000   0.000   0.000 846957200
13.58   4.09   35.750
13.58   6.00    0.244    0.244
13.58   6.00    0.488   38.254
13.58   6.00    0.478    0.127   0.488   0.076
13.58   6.00    0.478    0.125   0.488   0.074

13.59   0.00    0.075    0.074   0.032   0.036   0.007   0.000   0.000   0.000   0.000   0.000   0.000 847580900
13.59   4.09   35.747
13.59   6.00    0.244    0.244
13.59   6.00    0.488   38.253
13.59   6.00    0.478    0.127   0.488   0.076
13.59   6.00    0.478    0.125   0.488   0.074

13.60   0.00    0.075    0.074   0.032   0.036   0.007   0.000   0.000   0.000   0.000   0.000   0.000 848204500
13.60   4.09   35.744
13.60   6.00    0.244    0.244
13.60   6.00    0.488   38.252
13.60   6.00    0.478    0.127   0.488   0.076
13.60   6.00    0.478    0.125   0.488   0.074

13.61   0.00    0.075    0.073   0.032   0.036   0.007   0.000   0.000   0.000   0.000   0.000   0.000 848828200
13.61   4.09   35.741
13.61   6.00    0.244    0.244
13.61   6.00    0.488   38.251
13.61   6.00    0.478    0.127   0.488   0.076
13.61   6.00    0.478    0.125   0.488   0.074

13.62   0.00    0.075    0.073   0.032   0.036   0.007   0.000   0.000   0.000   0.000   0.000   0.000 849451900
13.62   4.09   35.739
13.62   6.00    0.244    0.244
13.62   6.00    0.488   38.250
13.62   6.00    0.478    0.127   0.488   0.076
13.62   6.00    0.478    0.125   0.488   0.074

13.63   0.00    0.075    0.073   0.032   0.036   0.007   0.000   0.000   0.000   0.000   0.000   0.000 850075600
13.63   4.09   35.736
13.63   6.00    0.244    0.244
13.63   6.00    0.488   38.249
13.63   6.00    0.477    0.127   0.488   0.076
13.63   6.00    0.478    0.125   0.488   0.074

13.64   0.00    0.075    0.073   0.032   0.036   0.007   0.000   0.000   0.000   0.000   0.000   0.000 850699300
13.64   4.08   35.733
13.64   6.00    0.244    0.244
13.64   6.00    0.488   38.247
13.64   6.00    0.477    0.126   0.488   0.076
13.64   6.00    0.478    0.125   0.488   0.074

13.65   0.00    0.075    0.073   0.032   0.036   0.007   0.000   0.000   0.000   0.000   0.000   0.000 851322900
13.65   4.08   35.730
13.65   6.00    0.244    0.244
13.65   6.00    0.488   38.246
13.65   6.00    0.477    0.126   0.488   0.076
13.65   6.00    0.477    0.125   0.488   0.074

13.66   0.00    0.075    0.073   0.032   0.036   0.007   0.000   0.000   0.000   0.000   0.000   0.000 851946600
13.66   4.08   35.727
13.66   6.00    0.244    0.244
13.66   6.00    0.488   38.245
13.66   6.00    0.477    0.126   0.488   0.076
13.66   6.00    0.477    0.125   0.488   0.074

13.67   0.00    0.075    0.073   0.032   0.036   0.007   0.000   0.000   0.000   0.000   0.000   0.000 852570300
13.67   4.08   35.724
13.67   6.00    0.244    0.244
13.67   6.00    0.488   38.244
13.67   6.00    0.477    0.126   0.488   0.076
13.67   6.00    0.477    0.125   0.488   0.074

13.68   0.00    0.075    0.073   0.032   0.036   0.007   0.000   0.000   0.000   0.000   0.000   0.000 853194000
13.68   4.08   35.722
13.68   6.00    0.244    0.244
13.68   6.00    0.488   38.243
13.68   6.00    0.477    0.126   0.488   0.076
13.68   6.00    0.477    0.125   0.488   0.074

13.69   0.00    0.075    0.073   0.032   0.036   0.007   0.000   0.000   0.000   0.000   0.000   0.000 853817600
13.69   4.08   35.719
13.69   6.00    0.244    0.244
13.69   6.00    0.487   38.241
13.69   6.00    0.477    0.126   0.487   0.076
13.69   6.00    0.477    0.125   0.487   0.074

13.70   0.00    0.075    0.073   0.032   0.036   0.007   0.000   0.000   0.000   0.000   0.000   0.000 854441300
13.70   4.08   35.716
13.70   6.00    0.243    0.244
13.70   6.00    0.487   38.240
13.70   6.00    0.477    0.126   0.487   0.076
13.70   6.00    0.477    0.125   0.487   0.074

13.71   0.00    0.075    0.073   0.032   0.036   0.007   0.000   0.000   0.000   0.000   0.000   0.000 855065000
13.71   4.08   35.713
13.71   6.00    0.243    0.244
13.71   6.00    0.487   38.239
13.71   6.00    0.477    0.126   0.487   0.076
13.71   6.00    0.477    0.125   0.487   0.074

13.72   0.00    0.075    0.073   0.032   0.036   0.007   0.000   0.000   0.000   0.000   0.000   0.000 855688700
13.72   4.08   35.710
13.72   6.00    0.243    0.244
13.72   6.00    0.487   38.238
13.72   6.00    0.477    0.126   0.487   0.076
13.72   6.00    0.477    0.125   0.487   0.074

13.73   0.00    0.075    0.073   0.032   0.036   0.007   0.000   0.000   0.000   0.000   0.000   0.000 856312300
13.73   4.07   35.708
13.73   6.00    0.243    0.244
13.73   6.00    0.487   38.237
13.73   6.00    0.477    0.126   0.487   0.076
13.73   6.00    0.477    0.125   0.487   0.074

13.74   0.00    0.075    0.073   0.032   0.036   0.007   0.000   0.000   0.000   0.000   0.000   0.000 856936000
13.74   4.07   35.705
13.74   6.00    0.243    0.244
13.74   6.00    0.487   38.236
13.74   6.00    0.476    0.126   0.487   0.076
13.74   6.00    0.477    0.125   0.487   0.074

13.75   0.00    0.075    0.073   0.032   0.036   0.007   0.000   0.000   0.000   0.000   0.000   0.000 857559700
13.75   4.07   35.702
13.75   6.00    0.243    0.244
13.75   6.00    0.487   38.234
13.75   6.00    0.476    0.126   0.487   0.076
13.75   6.00    0.477    0.125   0.487   0.074

13.76   0.00    0.075    0.073   0.032   0.036   0.007   0.000   0.000   0.000   0.000   0.000   0.000 858183400
13.76   4.07   35.699
13.76   6.00    0.243    0.244
13.76   6.00    0.487   38.233
13.76   6.00    0.476    0.126   0.487   0.076
13.76   6.00    0.476    0.125   0.487   0.074

13.77   0.00    0.075    0.073   0.032   0.036   0.007   0.000   0.000   0.000   0.000   0.000   0.000 858807100
13.77   4.07   35.697
13.77   6.00    0.243    0.244
13.77   6.00    0.487   38.232
13.77   6.00    0.476    0.126   0.487   0.076
13.77   6.00    0.476    0.125   0.487   0.074

13.78   0.00    0.075    0.073   0.032   0.036   0.007   0.000   0.000   0.000   0.000   0.000   0.000 859430700
13.78   4.07   35.694
13.78   6.00    0.243    0.244
13.78   6.00    0.487   38.231
13.78   6.00    0.476    0.126   0.487   0.076
13.78   6.00    0.476    0.125   0.487   0.074

13.79   0.00    0.075    0.073   0.032   0.036   0.007   0.000   0.000   0.000   0.000   0.000   0.000 860054500
13.79   4.07   35.691
13.79   6.00    0.243    0.244
13.79   6.00    0.487   38.230
13.79   6.00    0.476    0.126   0.487   0.076
13.79   6.00    0.476    0.125   0.487   0.074

13.80   0.00    0.075    0.073   0.032   0.036   0.007   0.000   0.000   0.000   0.000   0.000   0.000 860678100
13.80   4.07   35.688
13.80   6.00    0.243    0.244
13.80   6.00    0.487   38.229
13.80   6.00    0.476    0.126   0.487   0.076
13.80   6.00    0.476    0.125   0.487   0.074

13.81   0.00    0.075    0.073   0.032   0.036   0.007   0.000   0.000   0.000   0.000   0.000   0.000 861301800
13.81   4.07   35.686
13.81   6.00    0.243    0.244
13.81   6.00    0.486   38.227
13.81   6.00    0.476    0.126   0.486   0.076
13.81   6.00    0.476    0.125   0.486   0.074

13.82   0.00    0.075    0.073   0.032   0.036   0.007   0.000   0.000   0.000   0.000   0.000   0.000 861925400
13.82   4.07   35.683
13.82   6.00    0.243    0.244
13.82   6.00    0.486   38.226
13.82   6.00    0.476    0.126   0.486   0.076
13.82   6.00    0.476    0.125   0.486   0.074

13.83   0.00    0.075    0.073   0.032   0.036   0.007   0.000   0.000   0.000   0.000   0.000   0.000 862549200
13.83   4.06   35.680
13.83   6.00    0.243    0.243
13.83   6.00    0.486   38.225
13.83   6.00    0.476    0.126   0.486   0.076
13.83   6.00    0.476    0.125   0.486   0.074

13.84   0.00    0.075    0.073   0.032   0.036   0.007   0.000   0.000   0.000   0.000   0.000   0.000 863172900
13.84   4.06   35.677
13.84   6.00    0.243    0.243
13.84   6.00    0.486   38.224
13.84   6.00    0.476    0.126   0.486   0.076
13.84   6.00    0.476    0.125   0.486   0.074

13.85   0.00    0.075    0.073   0.032   0.036   0.007   0.000   0.000   0.000   0.000   0.000   0.000 863796500
13.85   4.06   35.675
13.85   6.00    0.243    0.243
13.85   6.00    0.486   38.223
13.85   6.00    0.475    0.126   0.486   0.076
13.85   6.00    0.476    0.125   0.486   0.074

13.86   0.00    0.075    0.073   0.032   0.036   0.007   0.000   0.000   0.000   0.000   0.000   0.000 864420200
13.86   4.06   35.672
13.86   6.00    0.243    0.243
13.86   6.00    0.486   38.222
13.86   6.00    0.475    0.126   0.486   0.076
13.86   6.00    0.476    0.124   0.486   0.074

13.87   0.00    0.075    0.073   0.032   0.036   0.007   0.000   0.000   0.000   0.000   0.000   0.000 865043900
13.87   4.06   35.669
13.87   6.00    0.243    0.243
13.87   6.00    0.486   38.221
13.87   6.00    0.475    0.126   0.486   0.076
13.87   6.00    0.475    0.124   0.486   0.074

13.88   0.00    0.075    0.073   0.032   0.036   0.007   0.000   0.000   0.000   0.000   0.000   0.000 865667600
13.88   4.06   35.667
13.88   6.00    0.243    0.243
13.88   6.00    0.486   38.219
13.88   6.00    0.475    0.126   0.486   0.076
13.88   6.00    0.475    0.124   0.486   0.074

13.89   0.00    0.075    0.073   0.032   0.036   0.007   0.000   0.000   0.000   0.000   0.000   0.000 866291300
13.89   4.06   35.664
13.89   6.00    0.242    0.243
13.89   6.00    0.486   38.218
13.89   6.00    0.475    0.126   0.486   0.076
13.89   6.00    0.475    0.124   0.486   0.074

13.90   0.00    0.075    0.073   0.032   0.036   0.007   0.000   0.000   0.000   0.000   0.000   0.000 866914900
13.90   4.06   35.661
13.90   6.00    0.242    0.243
13.90   6.00    0.486   38.217
13.90   6.00    0.475    0.126   0.486   0.076
13.90   6.00    0.475    0.124   0.486   0.074

13.91   0.00    0.075    0.073   0.032   0.036   0.007   0.000   0.000   0.000   0.000   0.000   0.000 867538600
13.91   4.06   35.658
13.91   6.00    0.242    0.243
13.91   6.00    0.486   38.216
13.91   6.00    0.475    0.126   0.486   0.076
13.91   6.00    0.475    0.124   0.486   0.074

13.92   0.00    0.075    0.073   0.032   0.036   0.007   0.000   0.000   0.000   0.000   0.000   0.000 868162300
13.92   4.06   35.656
13.92   6.00    0.242    0.243
13.92   6.00    0.485   38.215
13.92   6.00    0.475    0.126   0.485   0.076
13.92   6.00    0.475    0.124   0.485   0.074

13.93   0.00    0.075    0.073   0.032   0.036   0.007   0.000   0.000   0.000   0.000   0.000   0.000 868786000
13.93   4.05   35.653
13.93   6.00    0.242    0.243
13.93   6.00    0.485   38.214
13.93   6.00    0.475    0.126   0.485   0.076
13.93   6.00    0.475    0.124   0.485   0.074

13.94   0.00    0.075    0.073   0.032   0.036   0.007   0.000   0.000   0.000   0.000   0.000   0.000 869409600
13.94   4.05   35.650
13.94   6.00    0.242    0.243
13.94   6.00    0.485   38.212
13.94   6.00    0.475    0.126   0.485   0.076
13.94   6.00    0.475    0.124   0.485   0.074

13.95   0.00    0.075    0.073   0.032   0.036   0.007   0.000   0.000   0.000   0.000   0.000   0.000 870033300
13.95   4.05   35.648
13.95   6.00    0.242    0.243
13.95   6.00    0.485   38.211
13.95   6.00    0.475    0.126   0.485   0.076
13.95   6.00    0.475    0.124   0.485   0.074

13.96   0.00    0.075    0.073   0.032   0.036   0.007   0.000   0.000   0.000   0.000   0.000   0.000 870657000
13.96   4.05   35.645
13.96   6.00    0.242    0.243
13.96   6.00    0.485   38.210
13.96   6.00    0.475    0.126   0.485   0.076
13.96   6.00    0.475    0.124   0.485   0.074

13.97   0.00    0.075    0.073   0.032   0.036   0.007   0.000   0.000   0.000   0.000   0.000   0.000 871280700
13.97   4.05   35.642
13.97   6.00    0.242    0.243
13.97   6.00    0.485   38.209
13.97   6.00    0.474    0.126   0.485   0.076
13.97   6.00    0.475    0.124   0.485   0.074

13.98   0.00    0.075    0.073   0.032   0.036   0.007   0.000   0.000   0.000   0.000   0.000   0.000 871904300
13.98   4.05   35.640
13.98   6.00    0.242    0.243
13.98   6.00    0.485   38.208
13.98   6.00    0.474    0.126   0.485   0.076
13.98   6.00    0.475    0.124   0.485   0.074

13.99   0.00    0.075    0.073   0.032   0.036   0.007   0.000   0.000   0.000   0.000   0.000   0.000 872528000
13.99   4.05   35.637
13.99   6.00    0.242    0.243
13.99   6.00    0.485   38.207
13.99   6.00    0.474    0.126   0.485   0.076
13.99   6.00    0.474    0.124   0.485   0.074

14.00   0.00    0.075    0.073   0.032   0.036   0.006   0.000   0.000   0.000   0.000   0.000   0.000 873151700
14.00   4.05   35.634
14.00   6.00    0.242    0.243
14.00   6.00    0.485   38.205
14.00   6.00    0.474    0.126   0.485   0.076
14.00   6.00    0.474    0.124   0.485   0.074

14.01   0.00    0.075    0.073   0.032   0.036   0.006   0.000   0.000   0.000   0.000   0.000   0.000 873775400
14.01   4.05   35.632
14.01   6.00    0.242    0.243
14.01   6.00    0.485   38.204
14.01   6.00    0.474    0.126   0.485   0.076
14.01   6.00    0.474    0.124   0.485   0.074

14.02   0.00    0.075    0.073   0.032   0.036   0.006   0.000   0.000   0.000   0.000   0.000   0.000 874399100
14.02   4.05   35.629
14.02   6.00    0.242    0.243
14.02   6.00    0.485   38.203
14.02   6.00    0.474    0.126   0.485   0.076
14.02   6.00    0.474    0.124   0.485   0.074

14.03   0.00    0.075    0.073   0.032   0.036   0.006   0.000   0.000   0.000   0.000   0.000   0.000 875022700
14.03   4.04   35.626
14.03   6.00    0.242    0.243
14.03   6.00    0.484   38.202
14.03   6.00    0.474    0.126   0.484   0.076
14.03   6.00    0.474    0.124   0.484   0.074

14.04   0.00    0.075    0.073   0.032   0.036   0.006   0.000   0.000   0.000   0.000   0.000   0.000 875646500
14.04   4.04   35.624
14.04   6.00    0.242    0.243
14.04   6.00    0.484   38.201
14.04   6.00    0.474    0.126   0.484   0.076
14.04   6.00    0.474    0.124   0.484   0.074

14.05   0.00    0.075    0.073   0.032   0.036   0.006   0.000   0.000   0.000   0.000   0.000   0.000 876270100
14.05   4.04   35.621
14.05   6.00    0.242    0.243
14.05   6.00    0.484   38.200
14.05   6.00    0.474    0.126   0.484   0.075
14.05   6.00    0.474    0.124   0.484   0.074

14.06   0.00    0.075    0.073   0.032   0.036   0.006   0.000   0.000   0.000   0.000   0.000   0.000 876893800
14.06   4.04   35.618
14.06   6.00    0.242    0.243
14.06   6.00    0.484   38.199
14.06   6.00    0.474    0.126   0.484   0.075
14.06   6.00    0.474    0.124   0.484   0.074

14.07   0.00    0.075    0.073   0.032   0.036   0.006   0.000   0.000   0.000   0.000   0.000   0.000 877517400
14.07   4.04   35.616
14.07   6.00    0.242    0.243
14.07   6.00    0.484   38.197
14.07   6.00    0.474    0.126   0.484   0.075
14.07   6.00    0.474    0.124   0.484   0.074

14.08   0.00    0.075    0.073   0.032   0.036   0.006   0.000   0.000   0.000   0.000   0.000   0.000 878141200
14.08   4.04   35.613
14.08   6.00    0.241    0.243
14.08   6.00    0.484   38.196
14.08   6.00    0.474    0.126   0.484   0.075
14.08   6.00    0.474    0.124   0.484   0.074

14.09   0.00    0.075    0.073   0.032   0.036   0.006   0.000   0.000   0.000   0.000   0.000   0.000 878764900
14.09   4.04   35.610
14.09   6.00    0.241    0.243
14.09   6.00    0.484   38.195
14.09   6.00    0.473    0.126   0.484   0.075
14.09   6.00    0.474    0.124   0.484   0.074

14.10   0.00    0.075    0.073   0.032   0.036   0.006   0.000   0.000   0.000   0.000   0.000   0.000 879388500
14.10   4.04   35.608
14.10   6.00    0.241    0.243
14.10   6.00    0.484   38.194
14.10   6.00    0.473    0.126   0.484   0.075
14.10   6.00    0.473    0.124   0.484   0.074

14.11   0.00    0.075    0.073   0.032   0.036   0.006   0.000   0.000   0.000   0.000   0.000   0.000 880012200
14.11   4.04   35.605
14.11   6.00    0.241    0.242
14.11   6.00    0.484   38.193
14.11   6.00    0.473    0.126   0.484   0.075
14.11   6.00    0.473    0.124   0.484   0.074

14.12   0.00    0.075    0.073   0.032   0.036   0.006   0.000   0.000   0.000   0.000   0.000   0.000 880635800
14.12   4.04   35.603
14.12   6.00    0.241    0.242
14.12   6.00    0.484   38.192
14.12   6.00    0.473    0.126   0.484   0.075
14.12   6.00    0.473    0.124   0.484   0.074

14.13   0.00    0.075    0.073   0.032   0.036   0.006   0.000   0.000   0.000   0.000   0.000   0.000 881259600
14.13   4.03   35.600
14.13   6.00    0.241    0.242
14.13   6.00    0.484   38.190
14.13   6.00    0.473    0.126   0.484   0.075
14.13   6.00    0.473    0.124   0.484   0.074

14.14   0.00    0.075    0.073   0.032   0.036   0.006   0.000   0.000   0.000   0.000   0.000   0.000 881883300
14.14   4.03   35.597
14.14   6.00    0.241    0.242
14.14   6.00    0.484   38.189
14.14   6.00    0.473    0.126   0.484   0.075
14.14   6.00    0.473    0.124   0.484   0.074

14.15   0.00    0.075    0.073   0.032   0.036   0.006   0.000   0.000   0.000   0.000   0.000   0.000 882506900
14.15   4.03   35.595
14.15   6.00    0.241    0.242
14.15   6.00    0.483   38.188
14.15   6.00    0.473    0.126   0.483   0.075
14.15   6.00    0.473    0.124   0.483   0.074

14.16   0.00    0.075    0.073   0.032   0.036   0.006   0.000   0.000   0.000   0.000   0.000   0.000 883130600
14.16   4.03   35.592
14.16   6.00    0.241    0.242
14.16   6.00    0.483   38.187
14.16   6.00    0.473    0.125   0.483   0.075
14.16   6.00    0.473    0.124   0.483   0.074

14.17   0.00    0.075    0.073   0.032   0.036   0.006   0.000   0.000   0.000   0.000   0.000   0.000 883754300
14.17   4.03   35.590
14.17   6.00    0.241    0.242
14.17   6.00    0.483   38.186
14.17   6.00    0.473    0.125   0.483   0.075
14.17   6.00    0.473    0.124   0.483   0.074

14.18   0.00    0.075    0.073   0.032   0.036   0.006   0.000   0.000   0.000   0.000   0.000   0.000 884378000
14.18   4.03   35.587
14.18   6.00    0.241    0.242
14.18   6.00    0.483   38.185
14.18   6.00    0.473    0.125   0.483   0.075
14.18   6.00    0.473    0.124   0.483   0.074

14.19   0.00    0.075    0.073   0.032   0.036   0.006   0.000   0.000   0.000   0.000   0.000   0.000 885001600
14.19   4.03   35.584
14.19   6.00    0.241    0.242
14.19   6.00    0.483   38.184
14.19   6.00    0.473    0.125   0.483   0.075
14.19   6.00    0.473    0.124   0.483   0.074

14.20   0.00    0.075    0.073   0.032   0.036   0.006   0.000   0.000   0.000   0.000   0.000   0.000 885625300
14.20   4.03   35.582
14.20   6.00    0.241    0.242
14.20   6.00    0.483   38.182
14.20   6.00    0.472    0.125   0.483   0.075
14.20   6.00    0.473    0.124   0.483   0.074

14.21   0.00    0.075    0.073   0.032   0.036   0.006   0.000   0.000   0.000   0.000   0.000   0.000 886249000
14.21   4.03   35.579
14.21   6.00    0.241    0.242
14.21   6.00    0.483   38.181
14.21   6.00    0.472    0.125   0.483   0.075
14.21   6.00    0.473    0.124   0.483   0.074

14.22   0.00    0.075    0.073   0.032   0.036   0.006   0.000   0.000   0.000   0.000   0.000   0.000 886872700
14.22   4.03   35.577
14.22   6.00    0.241    0.242
14.22   6.00    0.483   38.180
14.22   6.00    0.472    0.125   0.483   0.075
14.22   6.00    0.472    0.124   0.483   0.074

14.23   0.00    0.074    0.073   0.032   0.036   0.006   0.000   0.000   0.000   0.000   0.000   0.000 887496300
14.23   4.02   35.574
14.23   6.00    0.241    0.242
14.23   6.00    0.483   38.179
14.23   6.00    0.472    0.125   0.483   0.075
14.23   6.00    0.472    0.124   0.483   0.074

14.24   0.00    0.074    0.073   0.032   0.036   0.006   0.000   0.000   0.000   0.000   0.000   0.000 888120000
14.24   4.02   35.571
14.24   6.00    0.241    0.242
14.24   6.00    0.483   38.178
14.24   6.00    0.472    0.125   0.483   0.075
14.24   6.00    0.472    0.124   0.483   0.074

14.25   0.00    0.074    0.073   0.032   0.036   0.006   0.000   0.000   0.000   0.000   0.000   0.000 888743700
14.25   4.02   35.569
14.25   6.00    0.241    0.242
14.25   6.00    0.483   38.177
14.25   6.00    0.472    0.125   0.483   0.075
14.25   6.00    0.472    0.124   0.483   0.074

14.26   0.00    0.074    0.073   0.032   0.036   0.006   0.000   0.000   0.000   0.000   0.000   0.000 889367400
14.26   4.02   35.566
14.26   6.00    0.241    0.242
14.26   6.00    0.482   38.175
14.26   6.00    0.472    0.125   0.482   0.075
14.26   6.00    0.472    0.124   0.482   0.074

14.27   0.00    0.074    0.073   0.032   0.036   0.006   0.000   0.000   0.000   0.000   0.000   0.000 889991100
14.27   4.02   35.564
14.27   6.00    0.240    0.242
14.27   6.00    0.482   38.174
14.27   6.00    0.472    0.125   0.482   0.075
14.27   6.00    0.472    0.124   0.482   0.074

14.28   0.00    0.074    0.073   0.032   0.036   0.006   0.000   0.000   0.000   0.000   0.000   0.000 890614700
14.28   4.02   35.561
14.28   6.00    0.240    0.242
14.28   6.00    0.482   38.173
14.28   6.00    0.472    0.125   0.482   0.075
14.28   6.00    0.472    0.124   0.482   0.074

14.29   0.00    0.074    0.073   0.032   0.036   0.006   0.000   0.000   0.000   0.000   0.000   0.000 891238400
14.29   4.02   35.559
14.29   6.00    0.240    0.242
14.29   6.00    0.482   38.172
14.29   6.00    0.472    0.125   0.482   0.075
14.29   6.00    0.472    0.124   0.482   0.074

14.30   0.00    0.074    0.073   0.032   0.036   0.006   0.000   0.000   0.000   0.000   0.000   0.000 891862100
14.30   4.02   35.556
14.30   6.00    0.240    0.242
14.30   6.00    0.482   38.171
14.30   6.00    0.472    0.125   0.482   0.075
14.30   6.00    0.472    0.124   0.482   0.074

14.31   0.00    0.074    0.073   0.032   0.036   0.006   0.000   0.000   0.000   0.000   0.000   0.000 892485800
14.31   4.02   35.554
14.31   6.00    0.240    0.242
14.31   6.00    0.482   38.170
14.31   6.00    0.472    0.125   0.482   0.075
14.31   6.00    0.472    0.124   0.482   0.074

14.32   0.00    0.074    0.073   0.032   0.036   0.006   0.000   0.000   0.000   0.000   0.000   0.000 893109400
14.32   4.02   35.551
14.32   6.00    0.240    0.242
14.32   6.00    0.482   38.168
14.32   6.00    0.471    0.125   0.482   0.075
14.32   6.00    0.472    0.124   0.482   0.074

14.33   0.00    0.074    0.073   0.032   0.036   0.006   0.000   0.000   0.000   0.000   0.000   0.000 893733100
14.33   4.02   35.549
14.33   6.00    0.240    0.242
14.33   6.00    0.482   38.167
14.33   6.00    0.471    0.125   0.482   0.075
14.33   6.00    0.472    0.124   0.482   0.074

14.34   0.00    0.074    0.073   0.032   0.036   0.006   0.000   0.000   0.000   0.000   0.000   0.000 894356900
14.34   4.01   35.546
14.34   6.00    0.240    0.242
14.34   6.00    0.482   38.166
14.34   6.00    0.471    0.125   0.482   0.075
14.34   6.00    0.471    0.124   0.482   0.074

14.35   0.00    0.074    0.073   0.032   0.036   0.006   0.000   0.000   0.000   0.000   0.000   0.000 894980500
14.35   4.01   35.543
14.35   6.00    0.240    0.242
14.35   6.00    0.482   38.165
14.35   6.00    0.471    0.125   0.482   0.075
14.35   6.00    0.471    0.124   0.482   0.074

14.36   0.00    0.074    0.073   0.032   0.036   0.006   0.000   0.000   0.000   0.000   0.000   0.000 895604200
14.36   4.01   35.541
14.36   6.00    0.240    0.242
14.36   6.00    0.482   38.164
14.36   6.00    0.471    0.125   0.482   0.075
14.36   6.00    0.471    0.124   0.482   0.074

14.37   0.00    0.074    0.073   0.032   0.036   0.006   0.000   0.000   0.000   0.000   0.000   0.000 896227800
14.37   4.01   35.538
14.37   6.00    0.240    0.242
14.37   6.00    0.482   38.163
14.37   6.00    0.471    0.125   0.482   0.075
14.37   6.00    0.471    0.124   0.482   0.074

14.38   0.00    0.074    0.073   0.032   0.036   0.006   0.000   0.000   0.000   0.000   0.000   0.000 896851600
14.38   4.01   35.536
14.38   6.00    0.240    0.242
14.38   6.00    0.481   38.161
14.38   6.00    0.471    0.125   0.481   0.075
14.38   6.00    0.471    0.124   0.481   0.074

14.39   0.00    0.074    0.073   0.032   0.036   0.006   0.000   0.000   0.000   0.000   0.000   0.000 897475300
14.39   4.01   35.533
14.39   6.00    0.240    0.241
14.39   6.00    0.481   38.160
14.39   6.00    0.471    0.125   0.481   0.075
14.39   6.00    0.471    0.124   0.481   0.074

14.40   0.00    0.074    0.073   0.032   0.036   0.006   0.000   0.000   0.000   0.000   0.000   0.000 898098900
14.40   4.01   35.531
14.40   6.00    0.240    0.241
14.40   6.00    0.481   38.159
14.40   6.00    0.471    0.125   0.481   0.075
14.40   6.00    0.471    0.124   0.481   0.074

14.41   0.00    0.074    0.073   0.032   0.036   0.006   0.000   0.000   0.000   0.000   0.000   0.000 898722600
14.41   4.01   35.528
14.41   6.00    0.240    0.241
14.41   6.00    0.481   38.158
14.41   6.00    0.471    0.125   0.481   0.075
14.41   6.00    0.471    0.124   0.481   0.074

14.42   0.00    0.074    0.073   0.032   0.036   0.006   0.000   0.000   0.000   0.000   0.000   0.000 899346300
14.42   4.01   35.526
14.42   6.00    0.240    0.241
14.42   6.00    0.481   38.157
14.42   6.00    0.471    0.125   0.481   0.075
14.42   6.00    0.471    0.124   0.481   0.074

14.43   0.00    0.074    0.073   0.032   0.036   0.006   0.000   0.000   0.000   0.000   0.000   0.000 899970000
14.43   4.01   35.523
14.43   6.00    0.240    0.241
14.43   6.00    0.481   38.156
14.43   6.00    0.471    0.125   0.481   0.075
14.43   6.00    0.471    0.124   0.481   0.074

14.44   0.00    0.074    0.073   0.032   0.036   0.006   0.000   0.000   0.000   0.000   0.000   0.000 900593600
14.44   4.01   35.521
14.44   6.00    0.240    0.241
14.44   6.00    0.481   38.154
14.44   6.00    0.470    0.125   0.481   0.075
14.44   6.00    0.471    0.124   0.481   0.074

14.45   0.00    0.074    0.073   0.032   0.036   0.006   0.000   0.000   0.000   0.000   0.000   0.000 901217300
14.45   4.00   35.518
14.45   6.00    0.240    0.241
14.45   6.00    0.481   38.153
14.45   6.00    0.470    0.125   0.481   0.075
14.45   6.00    0.471    0.124   0.481   0.074

14.46   0.00    0.074    0.073   0.032   0.036   0.006   0.000   0.000   0.000   0.000   0.000   0.000 901841000
14.46   4.00   35.516
14.46   6.00    0.240    0.241
14.46   6.00    0.481   38.152
14.46   6.00    0.470    0.125   0.481   0.075
14.46   6.00    0.470    0.124   0.481   0.074

14.47   0.00    0.074    0.073   0.032   0.036   0.006   0.000   0.000   0.000   0.000   0.000   0.000 902464700
14.47   4.00   35.513
14.47   6.00    0.239    0.241
14.47   6.00    0.481   38.151
14.47   6.00    0.470    0.125   0.481   0.075
14.47   6.00    0.470    0.123   0.481   0.074

14.48   0.00    0.074    0.073   0.032   0.036   0.006   0.000   0.000   0.000   0.000   0.000   0.000 903088300
14.48   4.00   35.511
14.48   6.00    0.239    0.241
14.48   6.00    0.481   38.150
14.48   6.00    0.470    0.125   0.481   0.075
14.48   6.00    0.470    0.123   0.481   0.074

14.49   0.00    0.074    0.073   0.032   0.036   0.006   0.000   0.000   0.000   0.000   0.000   0.000 903712000
14.49   4.00   35.509
14.49   6.00    0.239    0.241
14.49   6.00    0.481   38.149
14.49   6.00    0.470    0.125   0.481   0.075
14.49   6.00    0.470    0.123   0.481   0.074

14.50   0.00    0.074    0.073   0.032   0.036   0.006   0.000   0.000   0.000   0.000   0.000   0.000 904335700
14.50   4.00   35.506
14.50   6.00    0.239    0.241
14.50   6.00    0.480   38.147
14.50   6.00    0.470    0.125   0.480   0.075
14.50   6.00    0.470    0.123   0.480   0.074

14.51   0.00    0.074    0.073   0.032   0.036   0.006   0.000   0.000   0.000   0.000   0.000   0.000 904959400
14.51   4.00   35.504
14.51   6.00    0.239    0.241
14.51   6.00    0.480   38.146
14.51   6.00    0.470    0.125   0.480   0.075
14.51   6.00    0.470    0.123   0.480   0.074

14.52   0.00    0.074    0.073   0.032   0.036   0.006   0.000   0.000   0.000   0.000   0.000   0.000 905583100
14.52   4.00   35.501
14.52   6.00    0.239    0.241
14.52   6.00    0.480   38.145
14.52   6.00    0.470    0.125   0.480   0.075
14.52   6.00    0.470    0.123   0.480   0.074

14.53   0.00    0.074    0.073   0.032   0.036   0.006   0.000   0.000   0.000   0.000   0.000   0.000 906206700
14.53   4.00   35.499
14.53   6.00    0.239    0.241
14.53   6.00    0.480   38.144
14.53   6.00    0.470    0.125   0.480   0.075
14.53   6.00    0.470    0.123   0.480   0.074

14.54   0.00    0.074    0.073   0.032   0.036   0.006   0.000   0.000   0.000   0.000   0.000   0.000 906830400
14.54   4.00   35.496
14.54   6.00    0.239    0.241
14.54   6.00    0.480   38.143
14.54   6.00    0.470    0.125   0.480   0.075
14.54   6.00    0.470    0.123   0.480   0.074

14.55   0.00    0.074    0.073   0.032   0.036   0.006   0.000   0.000   0.000   0.000   0.000   0.000 907454100
14.55   3.99   35.494
14.55   6.00    0.239    0.241
14.55   6.00    0.480   38.141
14.55   6.00    0.470    0.125   0.480   0.075
14.55   6.00    0.470    0.123   0.480   0.074

14.56   0.00    0.074    0.073   0.032   0.036   0.006   0.000   0.000   0.000   0.000   0.000   0.000 908077800
14.56   3.99   35.491
14.56   6.00    0.239    0.241
14.56   6.00    0.480   38.140
14.56   6.00    0.469    0.125   0.480   0.075
14.56   6.00    0.470    0.123   0.480   0.074

14.57   0.00    0.074    0.073   0.032   0.036   0.006   0.000   0.000   0.000   0.000   0.000   0.000 908701400
14.57   3.99   35.489
14.57   6.00    0.239    0.241
14.57   6.00    0.480   38.139
14.57   6.00    0.469    0.125   0.480   0.075
14.57   6.00    0.470    0.123   0.480   0.074

14.58   0.00    0.074    0.073   0.032   0.036   0.006   0.000   0.000   0.000   0.000   0.000   0.000 909325100
14.58   3.99   35.487
14.58   6.00    0.239    0.241
14.58   6.00    0.480   38.138
14.58   6.00    0.469    0.125   0.480   0.075
14.58   6.00    0.469    0.123   0.480   0.074

14.59   0.00    0.074    0.073   0.032   0.036   0.006   0.000   0.000   0.000   0.000   0.000   0.000 909948900
14.59   3.99   35.484
14.59   6.00    0.239    0.241
14.59   6.00    0.480   38.137
14.59   6.00    0.469    0.125   0.480   0.075
14.59   6.00    0.469    0.123   0.480   0.074

14.60   0.00    0.074    0.073   0.032   0.036   0.006   0.000   0.000   0.000   0.000   0.000   0.000 910572500
14.60   3.99   35.482
14.60   6.00    0.239    0.241
14.60   6.00    0.480   38.136
14.60   6.00    0.469    0.125   0.480   0.075
14.60   6.00    0.469    0.123   0.480   0.074

14.61   0.00    0.074    0.073   0.032   0.036   0.006   0.000   0.000   0.000   0.000   0.000   0.000 911196200
14.61   3.99   35.479
14.61   6.00    0.239    0.241
14.61   6.00    0.480   38.134
14.61   6.00    0.469    0.125   0.480   0.075
14.61   6.00    0.469    0.123   0.480   0.074

14.62   0.00    0.074    0.073   0.032   0.036   0.006   0.000   0.000   0.000   0.000   0.000   0.000 911819800
14.62   3.99   35.477
14.62   6.00    0.239    0.241
14.62   6.00    0.479   38.133
14.62   6.00    0.469    0.125   0.479   0.075
14.62   6.00    0.469    0.123   0.479   0.074

14.63   0.00    0.074    0.073   0.032   0.036   0.006   0.000   0.000   0.000   0.000   0.000   0.000 912443600
14.63   3.99   35.474
14.63   6.00    0.239    0.241
14.63   6.00    0.479   38.132
14.63   6.00    0.469    0.125   0.479   0.075
14.63   6.00    0.469    0.123   0.479   0.074

14.64   0.00    0.074    0.073   0.032   0.036   0.006   0.000   0.000   0.000   0.000   0.000   0.000 913067300
14.64   3.99   35.472
14.64   6.00    0.239    0.241
14.64   6.00    0.479   38.131
14.64   6.00    0.469    0.125   0.479   0.075
14.64   6.00    0.469    0.123   0.479   0.074

14.65   0.00    0.074    0.073   0.032   0.036   0.006   0.000   0.000   0.000   0.000   0.000   0.000 913690900
14.65   3.99   35.470
14.65   6.00    0.239    0.241
14.65   6.00    0.479   38.130
14.65   6.00    0.469    0.125   0.479   0.075
14.65   6.00    0.469    0.123   0.479   0.074

14.66   0.00    0.074    0.073   0.032   0.036   0.006   0.000   0.000   0.000   0.000   0.000   0.000 914314600
14.66   3.99   35.467
14.66   6.00    0.239    0.241
14.66   6.00    0.479   38.128
14.66   6.00    0.469    0.125   0.479   0.075
14.66   6.00    0.469    0.123   0.479   0.074

14.67   0.00    0.074    0.073   0.032   0.036   0.006   0.000   0.000   0.000   0.000   0.000   0.000 914938200
14.67   3.98   35.465
14.67   6.00    0.239    0.241
14.67   6.00    0.479   38.127
14.67   6.00    0.469    0.125   0.479   0.075
14.67   6.00    0.469    0.123   0.479   0.074

14.68   0.00    0.074    0.073   0.032   0.036   0.006   0.000   0.000   0.000   0.000   0.000   0.000 915562000
14.68   3.98   35.462
14.68   6.00    0.238    0.240
14.68   6.00    0.479   38.126
14.68   6.00    0.468    0.125   0.479   0.075
14.68   6.00    0.469    0.123   0.479   0.074

14.69   0.00    0.074    0.073   0.032   0.036   0.006   0.000   0.000   0.000   0.000   0.000   0.000 916185600
14.69   3.98   35.460
14.69   6.00    0.238    0.240
14.69   6.00    0.479   38.125
14.69   6.00    0.468    0.125   0.479   0.075
14.69   6.00    0.469    0.123   0.479   0.073

14.70   0.00    0.074    0.073   0.032   0.036   0.006   0.000   0.000   0.000   0.000   0.000   0.000 916809300
14.70   3.98   35.458
14.70   6.00    0.238    0.240
14.70   6.00    0.479   38.124
14.70   6.00    0.468    0.125   0.479   0.075
14.70   6.00    0.468    0.123   0.479   0.073

14.71   0.00    0.074    0.073   0.032   0.036   0.006   0.000   0.000   0.000   0.000   0.000   0.000 917433000
14.71   3.98   35.455
14.71   6.00    0.238    0.240
14.71   6.00    0.479   38.122
14.71   6.00    0.468    0.125   0.479   0.075
14.71   6.00    0.468    0.123   0.479   0.073

14.72   0.00    0.074    0.073   0.032   0.036   0.006   0.000   0.000   0.000   0.000   0.000   0.000 918056700
14.72   3.98   35.453
14.72   6.00    0.238    0.240
14.72   6.00    0.479   38.121
14.72   6.00    0.468    0.125   0.479   0.075
14.72   6.00    0.468    0.123   0.479   0.073

14.73   0.00    0.074    0.073   0.032   0.036   0.006   0.000   0.000   0.000   0.000   0.000   0.000 918680300
14.73   3.98   35.451
14.73   6.00    0.238    0.240
14.73   6.00    0.479   38.120
14.73   6.00    0.468    0.124   0.479   0.075
14.73   6.00    0.468    0.123   0.479   0.073

14.74   0.00    0.074    0.073   0.032   0.036   0.006   0.000   0.000   0.000   0.000   0.000   0.000 919304000
14.74   3.98   35.448
14.74   6.00    0.238    0.240
14.74   6.00    0.478   38.119
14.74   6.00    0.468    0.124   0.478   0.075
14.74   6.00    0.468    0.123   0.478   0.073

14.75   0.00    0.074    0.073   0.032   0.036   0.006   0.000   0.000   0.000   0.000   0.000   0.000 919927700
14.75   3.98   35.446
14.75   6.00    0.238    0.240
14.75   6.00    0.478   38.118
14.75   6.00    0.468    0.124   0.478   0.075
14.75   6.00    0.468    0.123   0.478   0.073

14.76   0.00    0.074    0.073   0.032   0.036   0.006   0.000   0.000   0.000   0.000   0.000   0.000 920551400
14.76   3.98   35.443
14.76   6.00    0.238    0.240
14.76   6.00    0.478   38.116
14.76   6.00    0.468    0.124   0.478   0.075
14.76   6.00    0.468    0.123   0.478   0.073

14.77   0.00    0.074    0.073   0.032   0.036   0.006   0.000   0.000   0.000   0.000   0.000   0.000 921175100
14.77   3.98   35.441
14.77   6.00    0.238    0.240
14.77   6.00    0.478   38.115
14.77   6.00    0.468    0.124   0.478   0.075
14.77   6.00    0.468    0.123   0.478   0.073

14.78   0.00    0.074    0.073   0.032   0.036   0.006   0.000   0.000   0.000   0.000   0.000   0.000 921798700
14.78   3.97   35.439
14.78   6.00    0.238    0.240
14.78   6.00    0.478   38.114
14.78   6.00    0.468    0.124   0.478   0.075
14.78   6.00    0.468    0.123   0.478   0.073

14.79   0.00    0.074    0.073   0.032   0.036   0.006   0.000   0.000   0.000   0.000   0.000   0.000 922422400
14.79   3.97   35.436
14.79   6.00    0.238    0.240
14.79   6.00    0.478   38.113
14.79   6.00    0.468    0.124   0.478   0.075
14.79   6.00    0.468    0.123   0.478   0.073

14.80   0.00    0.074    0.073   0.032   0.036   0.006   0.000   0.000   0.000   0.000   0.000   0.000 923046100
14.80   3.97   35.434
14.80   6.00    0.238    0.240
14.80   6.00    0.478   38.111
14.80   6.00    0.467    0.124   0.478   0.075
14.80   6.00    0.468    0.123   0.478   0.073

14.81   0.00    0.074    0.073   0.032   0.036   0.006   0.000   0.000   0.000   0.000   0.000   0.000 923669800
14.81   3.97   35.432
14.81   6.00    0.238    0.240
14.81   6.00    0.478   38.110
14.81   6.00    0.467    0.124   0.478   0.075
14.81   6.00    0.468    0.123   0.478   0.073

14.82   0.00    0.074    0.073   0.032   0.036   0.006   0.000   0.000   0.000   0.000   0.000   0.000 924293400
14.82   3.97   35.429
14.82   6.00    0.238    0.240
14.82   6.00    0.478   38.109
14.82   6.00    0.467    0.124   0.478   0.075
14.82   6.00    0.467    0.123   0.478   0.073

14.83   0.00    0.074    0.073   0.032   0.036   0.006   0.000   0.000   0.000   0.000   0.000   0.000 924917100
14.83   3.97   35.427
14.83   6.00    0.238    0.240
14.83   6.00    0.478   38.108
14.83   6.00    0.467    0.124   0.478   0.075
14.83   6.00    0.467    0.123   0.478   0.073

14.84   0.00    0.074    0.073   0.032   0.036   0.006   0.000   0.000   0.000   0.000   0.000   0.000 925540800
14.84   3.97   35.425
14.84   6.00    0.238    0.240
14.84   6.00    0.478   38.107
14.84   6.00    0.467    0.124   0.478   0.075
14.84   6.00    0.467    0.123   0.478   0.073

14.85   0.00    0.074    0.073   0.032   0.036   0.006   0.000   0.000   0.000   0.000   0.000   0.000 926164500
14.85   3.97   35.422
14.85   6.00    0.238    0.240
14.85   6.00    0.478   38.105
14.85   6.00    0.467    0.124   0.478   0.075
14.85   6.00    0.467    0.123   0.478   0.073

14.86   0.00    0.074    0.073   0.032   0.036   0.006   0.000   0.000   0.000   0.000   0.000   0.000 926788200
14.86   3.97   35.420
14.86   6.00    0.238    0.240
14.86   6.00    0.477   38.104
14.86   6.00    0.467    0.124   0.477   0.075
14.86   6.00    0.467    0.123   0.477   0.073

14.87   0.00    0.074    0.073   0.032   0.036   0.006   0.000   0.000   0.000   0.000   0.000   0.000 927411800
14.87   3.97   35.418
14.87   6.00    0.238    0.240
14.87   6.00    0.477   38.103
14.87   6.00    0.467    0.124   0.477   0.075
14.87   6.00    0.467    0.123   0.477   0.073

14.88   0.00    0.074    0.073   0.032   0.036   0.006   0.000   0.000   0.000   0.000   0.000   0.000 928035500
14.88   3.97   35.415
14.88   6.00    0.238    0.240
14.88   6.00    0.477   38.102
14.88   6.00    0.467    0.124   0.477   0.075
14.88   6.00    0.467    0.123   0.477   0.073

14.89   0.00    0.074    0.073   0.032   0.036   0.006   0.000   0.000   0.000   0.000   0.000   0.000 928659300
14.89   3.96   35.413
14.89   6.00    0.237    0.240
14.89   6.00    0.477   38.100
14.89   6.00    0.467    0.124   0.477   0.075
14.89   6.00    0.467    0.123   0.477   0.073

14.90   0.00    0.074    0.073   0.032   0.036   0.006   0.000   0.000   0.000   0.000   0.000   0.000 929282900
14.90   3.96   35.411
14.90   6.00    0.237    0.240
14.90   6.00    0.477   38.099
14.90   6.00    0.467    0.124   0.477   0.075
14.90   6.00    0.467    0.123   0.477   0.073

14.91   0.00    0.074    0.073   0.032   0.036   0.006   0.000   0.000   0.000   0.000   0.000   0.000 929906600
14.91   3.96   35.409
14.91   6.00    0.237    0.240
14.91   6.00    0.477   38.098
14.91   6.00    0.467    0.124   0.477   0.075
14.91   6.00    0.467    0.123   0.477   0.073

14.92   0.00    0.074    0.073   0.032   0.036   0.006   0.000   0.000   0.000   0.000   0.000   0.000 930530200
14.92   3.96   35.406
14.92   6.00    0.237    0.240
14.92   6.00    0.477   38.097
14.92   6.00    0.467    0.124   0.477   0.075
14.92   6.00    0.467    0.123   0.477   0.073

14.93   0.00    0.074    0.073   0.032   0.036   0.006   0.000   0.000   0.000   0.000   0.000   0.000 931154000
14.93   3.96   35.404
14.93   6.00    0.237    0.240
14.93   6.00    0.477   38.095
14.93   6.00    0.466    0.124   0.477   0.075
14.93   6.00    0.467    0.123   0.477   0.073

14.94   0.00    0.074    0.073   0.032   0.036   0.006   0.000   0.000   0.000   0.000   0.000   0.000 931777600
14.94   3.96   35.402
14.94   6.00    0.237    0.240
14.94   6.00    0.477   38.094
14.94   6.00    0.466    0.124   0.477   0.075
14.94   6.00    0.466    0.123   0.477   0.073

14.95   0.00    0.074    0.073   0.032   0.036   0.006   0.000   0.000   0.000   0.000   0.000   0.000 932401300
14.95   3.96   35.399
14.95   6.00    0.237    0.239
14.95   6.00    0.477   38.093
14.95   6.00    0.466    0.124   0.477   0.075
14.95   6.00    0.466    0.123   0.477   0.073

14.96   0.00    0.074    0.073   0.032   0.036   0.006   0.000   0.000   0.000   0.000   0.000   0.000 933025000
14.96   3.96   35.397
14.96   6.00    0.237    0.239
14.96   6.00    0.477   38.092
14.96   6.00    0.466    0.124   0.477   0.075
14.96   6.00    0.466    0.123   0.477   0.073

14.97   0.00    0.074    0.073   0.032   0.036   0.006   0.000   0.000   0.000   0.000   0.000   0.000 933648700
14.97   3.96   35.395
14.97   6.00    0.237    0.239
14.97   6.00    0.477   38.090
14.97   6.00    0.466    0.124   0.477   0.075
14.97   6.00    0.466    0.123   0.477   0.073

14.98   0.00    0.074    0.073   0.032   0.036   0.006   0.000   0.000   0.000   0.000   0.000   0.000 934272300
14.98   3.96   35.393
14.98   6.00    0.237    0.239
14.98   6.00    0.476   38.089
14.98   6.00    0.466    0.124   0.476   0.075
14.98   6.00    0.466    0.123   0.476   0.073

14.99   0.00    0.074    0.073   0.032   0.036   0.006   0.000   0.000   0.000   0.000   0.000   0.000 934896000
14.99   3.96   35.390
14.99   6.00    0.237    0.239
14.99   6.00    0.476   38.088
14.99   6.00    0.466    0.124   0.476   0.075
14.99   6.00    0.466    0.123   0.476   0.073

15.00   0.00    0.074    0.072   0.032   0.036   0.006   0.000   0.000   0.000   0.000   0.000   0.000 935519700
15.00   3.96   35.388
15.00   6.00    0.237    0.239
15.00   6.00    0.476   38.087
15.00   6.00    0.466    0.124   0.476   0.075
15.00   6.00    0.466    0.123   0.476   0.073

15.01   0.00    0.074    0.072   0.032   0.036   0.006   0.000   0.000   0.000   0.000   0.000   0.000 936143400
15.01   3.95   35.386
15.01   6.00    0.237    0.239
15.01   6.00    0.476   38.085
15.01   6.00    0.466    0.124   0.476   0.075
15.01   6.00    0.466    0.123   0.476   0.073

15.02   0.00    0.074    0.072   0.032   0.036   0.006   0.000   0.000   0.000   0.000   0.000   0.000 936767100
15.02   3.95   35.383
15.02   6.00    0.237    0.239
15.02   6.00    0.476   38.084
15.02   6.00    0.466    0.124   0.476   0.075
15.02   6.00    0.466    0.123   0.476   0.073

15.03   0.00    0.074    0.072   0.032   0.036   0.006   0.000   0.000   0.000   0.000   0.000   0.000 937390700
15.03   3.95   35.381
15.03   6.00    0.237    0.239
15.03   6.00    0.476   38.083
15.03   6.00    0.466    0.124   0.476   0.075
15.03   6.00    0.466    0.123   0.476   0.073

15.04   0.00    0.074    0.072   0.032   0.036   0.006   0.000   0.000   0.000   0.000   0.000   0.000 938014400
15.04   3.95   35.379
15.04   6.00    0.237    0.239
15.04   6.00    0.476   38.081
15.04   6.00    0.466    0.124   0.476   0.075
15.04   6.00    0.466    0.123   0.476   0.073

15.05   0.00    0.074    0.072   0.032   0.036   0.006   0.000   0.000   0.000   0.000   0.000   0.000 938638100
15.05   3.95   35.377
15.05   6.00    0.237    0.239
15.05   6.00    0.476   38.080
15.05   6.00    0.465    0.124   0.476   0.075
15.05   6.00    0.466    0.123   0.476   0.073

15.06   0.00    0.074    0.072   0.032   0.036   0.006   0.000   0.000   0.000   0.000   0.000   0.000 939261800
15.06   3.95   35.374
15.06   6.00    0.237    0.239
15.06   6.00    0.476   38.079
15.06   6.00    0.465    0.124   0.476   0.075
15.06   6.00    0.465    0.123   0.476   0.073

15.07   0.00    0.074    0.072   0.032   0.036   0.006   0.000   0.000   0.000   0.000   0.000   0.000 939885400
15.07   3.95   35.372
15.07   6.00    0.237    0.239
15.07   6.00    0.476   38.078
15.07   6.00    0.465    0.124   0.476   0.075
15.07   6.00    0.465    0.123   0.476   0.073

15.08   0.00    0.074    0.072   0.032   0.036   0.006   0.000   0.000   0.000   0.000   0.000   0.000 940509100
15.08   3.95   35.370
15.08   6.00    0.237    0.239
15.08   6.00    0.476   38.076
15.08   6.00    0.465    0.124   0.476   0.075
15.08   6.00    0.465    0.123   0.476   0.073

15.09   0.00    0.074    0.072   0.032   0.036   0.006   0.000   0.000   0.000   0.000   0.000   0.000 941132800
15.09   3.95   35.368
15.09   6.00    0.237    0.239
15.09   6.00    0.476   38.075
15.09   6.00    0.465    0.124   0.476   0.075
15.09   6.00    0.465    0.123   0.476   0.073

15.10   0.00    0.074    0.072   0.032   0.036   0.006   0.000   0.000   0.000   0.000   0.000   0.000 941756500
15.10   3.95   35.366
15.10   6.00    0.237    0.239
15.10   6.00    0.475   38.074
15.10   6.00    0.465    0.124   0.475   0.075
15.10   6.00    0.465    0.123   0.475   0.073

15.11   0.00    0.074    0.072   0.032   0.036   0.006   0.000   0.000   0.000   0.000   0.000   0.000 942380200
15.11   3.95   35.363
15.11   6.00    0.236    0.239
15.11   6.00    0.475   38.072
15.11   6.00    0.465    0.124   0.475   0.075
15.11   6.00    0.465    0.123   0.475   0.073

15.12   0.00    0.074    0.072   0.032   0.036   0.006   0.000   0.000   0.000   0.000   0.000   0.000 943003800
15.12   3.95   35.361
15.12   6.00    0.236    0.239
15.12   6.00    0.475   38.071
15.12   6.00    0.465    0.124   0.475   0.075
15.12   6.00    0.465    0.122   0.475   0.073

15.13   0.00    0.074    0.072   0.032   0.036   0.006   0.000   0.000   0.000   0.000   0.000   0.000 943627500
15.13   3.94   35.359
15.13   6.00    0.236    0.239
15.13   6.00    0.475   38.070
15.13   6.00    0.465    0.124   0.475   0.075
15.13   6.00    0.465    0.122   0.475   0.073

15.14   0.00    0.074    0.072   0.032   0.036   0.006   0.000   0.000   0.000   0.000   0.000   0.000 944251300
15.14   3.94   35.357
15.14   6.00    0.236    0.239
15.14   6.00    0.475   38.069
15.14   6.00    0.465    0.124   0.475   0.075
15.14   6.00    0.465    0.122   0.475   0.073

15.15   0.00    0.074    0.072   0.032   0.036   0.006   0.000   0.000   0.000   0.000   0.000   0.000 944874900
15.15   3.94   35.354
15.15   6.00    0.236    0.239
15.15   6.00    0.475   38.067
15.15   6.00    0.465    0.124   0.475   0.075
15.15   6.00    0.465    0.122   0.475   0.073

15.16   0.00    0.074    0.072   0.032   0.036   0.006   0.000   0.000   0.000   0.000   0.000   0.000 945498600
15.16   3.94   35.352
15.16   6.00    0.236    0.239
15.16   6.00    0.475   38.066
15.16   6.00    0.465    0.124   0.475   0.075
15.16   6.00    0.465    0.122   0.475   0.073

15.17   0.00    0.074    0.072   0.032   0.036   0.006   0.000   0.000   0.000   0.000   0.000   0.000 946122200
15.17   3.94   35.350
15.17   6.00    0.236    0.239
15.17   6.00    0.475   38.065
15.17   6.00    0.464    0.124   0.475   0.075
15.17   6.00    0.465    0.122   0.475   0.073

15.18   0.00    0.074    0.072   0.032   0.036   0.006   0.000   0.000   0.000   0.000   0.000   0.000 946746000
15.18   3.94   35.348
15.18   6.00    0.236    0.239
15.18   6.00    0.475   38.063
15.18   6.00    0.464    0.124   0.475   0.075
15.18   6.00    0.465    0.122   0.475   0.073

15.19   0.00    0.074    0.072   0.032   0.036   0.006   0.000   0.000   0.000   0.000   0.000   0.000 947369600
15.19   3.94   35.346
15.19   6.00    0.236    0.239
15.19   6.00    0.475   38.062
15.19   6.00    0.464    0.124   0.475   0.075
15.19   6.00    0.464    0.122   0.475   0.073

15.20   0.00    0.074    0.072   0.032   0.036   0.006   0.000   0.000   0.000   0.000   0.000   0.000 947993300
15.20   3.94   35.343
15.20   6.00    0.236    0.239
15.20   6.00    0.475   38.061
15.20   6.00    0.464    0.124   0.475   0.074
15.20   6.00    0.464    0.122   0.475   0.073

15.21   0.00    0.074    0.072   0.032   0.036   0.006   0.000   0.000   0.000   0.000   0.000   0.000 948617000
15.21   3.94   35.341
15.21   6.00    0.236    0.238
15.21   6.00    0.475   38.059
15.21   6.00    0.464    0.124   0.475   0.074
15.21   6.00    0.464    0.122   0.475   0.073

15.22   0.00    0.074    0.072   0.032   0.036   0.006   0.000   0.000   0.000   0.000   0.000   0.000 949240600
15.22   3.94   35.339
15.22   6.00    0.236    0.238
15.22   6.00    0.474   38.058
15.22   6.00    0.464    0.124   0.474   0.074
15.22   6.00    0.464    0.122   0.474   0.073

15.23   0.00    0.074    0.072   0.032   0.036   0.006   0.000   0.000   0.000   0.000   0.000   0.000 949864300
15.23   3.94   35.337
15.23   6.00    0.236    0.238
15.23   6.00    0.474   38.057
15.23   6.00    0.464    0.124   0.474   0.074
15.23   6.00    0.464    0.122   0.474   0.073

15.24   0.00    0.074    0.072   0.032   0.036   0.006   0.000   0.000   0.000   0.000   0.000   0.000 950488000
15.24   3.94   35.335
15.24   6.00    0.236    0.238
15.24   6.00    0.474   38.055
15.24   6.00    0.464    0.124   0.474   0.074
15.24   6.00    0.464    0.122   0.474   0.073

15.25   0.00    0.074    0.072   0.032   0.036   0.006   0.000   0.000   0.000   0.000   0.000   0.000 951111700
15.25   3.93   35.333
15.25   6.00    0.236    0.238
15.25   6.00    0.474   38.054
15.25   6.00    0.464    0.124   0.474   0.074
15.25   6.00    0.464    0.122   0.474   0.073

15.26   0.00    0.074    0.072   0.032   0.036   0.006   0.000   0.000   0.000   0.000   0.000   0.000 951735400
15.26   3.93   35.330
15.26   6.00    0.236    0.238
15.26   6.00    0.474   38.053
15.26   6.00    0.464    0.124   0.474   0.074
15.26   6.00    0.464    0.122   0.474   0.073

15.27   0.00    0.074    0.072   0.032   0.036   0.006   0.000   0.000   0.000   0.000   0.000   0.000 952359100
15.27   3.93   35.328
15.27   6.00    0.236    0.238
15.27   6.00    0.474   38.051
15.27   6.00    0.464    0.124   0.474   0.074
15.27   6.00    0.464    0.122   0.474   0.073

15.28   0.00    0.074    0.072   0.032   0.036   0.005   0.000   0.000   0.000   0.000   0.000   0.000 952982700
15.28   3.93   35.326
15.28   6.00    0.236    0.238
15.28   6.00    0.474   38.050
15.28   6.00    0.464    0.124   0.474   0.074
15.28   6.00    0.464    0.122   0.474   0.073

15.29   0.00    0.074    0.072   0.032   0.036   0.005   0.000   0.000   0.000   0.000   0.000   0.000 953606400
15.29   3.93   35.324
15.29   6.00    0.236    0.238
15.29   6.00    0.474   38.049
15.29   6.00    0.463    0.124   0.474   0.074
15.29   6.00    0.464    0.122   0.474   0.073

15.30   0.00    0.074    0.072   0.032   0.036   0.005   0.000   0.000   0.000   0.000   0.000   0.000 954230100
15.30   3.93   35.322
15.30   6.00    0.236    0.238
15.30   6.00    0.474   38.047
15.30   6.00    0.463    0.124   0.474   0.074
15.30   6.00    0.464    0.122   0.474   0.073

15.31   0.00    0.074    0.072   0.032   0.036   0.005   0.000   0.000   0.000   0.000   0.000   0.000 954853800
15.31   3.93   35.320
15.31   6.00    0.236    0.239
15.31   6.00    0.474   38.071
15.31   6.00    0.464    0.124   0.474   0.074
15.31   6.00    0.464    0.122   0.474   0.073

15.32   0.00    0.074    0.072   0.032   0.036   0.005   0.000   0.000   0.000   0.000   0.000   0.000 955477400
15.32   3.93   35.317
15.32   6.00    0.236    0.239
15.32   6.00    0.474   38.071
15.32   6.00    0.464    0.124   0.474   0.074
15.32   6.00    0.464    0.122   0.474   0.073

15.33   0.00    0.074    0.072   0.032   0.036   0.005   0.000   0.000   0.000   0.000   0.000   0.000 956101100
15.33   3.93   35.315
15.33   6.00    0.235    0.239
15.33   6.00    0.474   38.071
15.33   6.00    0.464    0.124   0.474   0.074
15.33   6.00    0.464    0.122   0.474   0.073

15.34   0.00    0.074    0.072   0.032   0.036   0.005   0.000   0.000   0.000   0.000   0.000   0.000 956724800
15.34   3.93   35.313
15.34   6.00    0.235    0.239
15.34   6.00    0.474   38.072
15.34   6.00    0.464    0.124   0.474   0.074
15.34   6.00    0.464    0.122   0.474   0.073

15.35   0.00    0.074    0.072   0.032   0.036   0.005   0.000   0.000   0.000   0.000   0.000   0.000 957348500
15.35   3.93   35.311
15.35   6.00    0.235    0.239
15.35   6.00    0.474   38.072
15.35   6.00    0.464    0.124   0.474   0.074
15.35   6.00    0.464    0.122   0.474   0.073

15.36   0.00    0.074    0.072   0.032   0.036   0.005   0.000   0.000   0.000   0.000   0.000   0.000 957972200
15.36   3.93   35.309
15.36   6.00    0.235    0.239
15.36   6.00    0.474   38.072
15.36   6.00    0.464    0.124   0.474   0.074
15.36   6.00    0.464    0.122   0.474   0.073

15.37   0.00    0.074    0.072   0.032   0.036   0.005   0.000   0.000   0.000   0.000   0.000   0.000 958595800
15.37   3.92   35.307
15.37   6.00    0.235    0.239
15.37   6.00    0.474   38.072
15.37   6.00    0.464    0.124   0.474   0.074
15.37   6.00    0.464    0.122   0.474   0.073

15.38   0.00    0.074    0.072   0.032   0.036   0.005   0.000   0.000   0.000   0.000   0.000   0.000 959219500
15.38   3.92   35.305
15.38   6.00    0.235    0.239
15.38   6.00    0.474   38.072
15.38   6.00    0.464    0.123   0.474   0.074
15.38   6.00    0.464    0.122   0.474   0.073

15.39   0.00    0.074    0.072   0.032   0.036   0.005   0.000   0.000   0.000   0.000   0.000   0.000 959843300
15.39   3.92   35.303
15.39   6.00    0.235    0.239
15.39   6.00    0.474   38.072
15.39   6.00    0.464    0.123   0.474   0.074
15.39   6.00    0.464    0.122   0.474   0.073

15.40   0.00    0.074    0.072   0.032   0.036   0.005   0.000   0.000   0.000   0.000   0.000   0.000 960466900
15.40   3.92   35.300
15.40   6.00    0.235    0.239
15.40   6.00    0.474   38.073
15.40   6.00    0.464    0.123   0.474   0.074
15.40   6.00    0.464    0.122   0.474   0.073

15.41   0.00    0.074    0.072   0.032   0.036   0.005   0.000   0.000   0.000   0.000   0.000   0.000 961090600
15.41   3.92   35.298
15.41   6.00    0.235    0.239
15.41   6.00    0.474   38.073
15.41   6.00    0.464    0.123   0.474   0.074
15.41   6.00    0.464    0.122   0.474   0.073

15.42   0.00    0.074    0.072   0.032   0.036   0.005   0.000   0.000   0.000   0.000   0.000   0.000 961714200
15.42   3.92   35.296
15.42   6.00    0.235    0.239
15.42   6.00    0.474   38.073
15.42   6.00    0.463    0.123   0.474   0.074
15.42   6.00    0.464    0.122   0.474   0.073

15.43   0.00    0.074    0.072   0.032   0.036   0.005   0.000   0.000   0.000   0.000   0.000   0.000 962337900
15.43   3.92   35.294
15.43   6.00    0.235    0.239
15.43   6.00    0.474   38.073
15.43   6.00    0.463    0.123   0.474   0.074
15.43   6.00    0.464    0.122   0.474   0.073

15.44   0.00    0.074    0.072   0.032   0.036   0.005   0.000   0.000   0.000   0.000   0.000   0.000 962961600
15.44   3.92   35.292
15.44   6.00    0.235    0.239
15.44   6.00    0.474   38.073
15.44   6.00    0.463    0.123   0.474   0.074
15.44   6.00    0.464    0.122   0.474   0.073

15.45   0.00    0.073    0.072   0.032   0.036   0.005   0.000   0.000   0.000   0.000   0.000   0.000 963585300
15.45   3.92   35.290
15.45   6.00    0.235    0.239
15.45   6.00    0.474   38.073
15.45   6.00    0.463    0.123   0.474   0.074
15.45   6.00    0.463    0.122   0.474   0.073

15.46   0.00    0.073    0.072   0.032   0.036   0.005   0.000   0.000   0.000   0.000   0.000   0.000 964209000
15.46   3.92   35.288
15.46   6.00    0.235    0.239
15.46   6.00    0.474   38.073
15.46   6.00    0.463    0.123   0.474   0.074
15.46   6.00    0.463    0.122   0.474   0.073

15.47   0.00    0.073    0.072   0.032   0.036   0.005   0.000   0.000   0.000   0.000   0.000   0.000 964832600
15.47   3.92   35.286
15.47   6.00    0.235    0.239
15.47   6.00    0.474   38.074
15.47   6.00    0.463    0.123   0.474   0.074
15.47   6.00    0.463    0.122   0.474   0.073

15.48   0.00    0.073    0.072   0.032   0.036   0.005   0.000   0.000   0.000   0.000   0.000   0.000 965456300
15.48   3.92   35.284
15.48   6.00    0.235    0.239
15.48   6.00    0.474   38.074
15.48   6.00    0.463    0.123   0.474   0.074
15.48   6.00    0.463    0.122   0.474   0.073

15.49   0.00    0.073    0.072   0.032   0.036   0.005   0.000   0.000   0.000   0.000   0.000   0.000 966080000
15.49   3.92   35.282
15.49   6.00    0.235    0.239
15.49   6.00    0.474   38.074
15.49   6.00    0.463    0.123   0.474   0.074
15.49   6.00    0.463    0.122   0.474   0.073

15.50   0.00    0.073    0.072   0.032   0.036   0.005   0.000   0.000   0.000   0.000   0.000   0.000 966703700
15.50   3.91   35.280
15.50   6.00    0.235    0.239
15.50   6.00    0.473   38.074
15.50   6.00    0.463    0.123   0.473   0.074
15.50   6.00    0.463    0.122   0.473   0.073

15.51   0.00    0.073    0.072   0.032   0.036   0.005   0.000   0.000   0.000   0.000   0.000   0.000 967327400
15.51   3.91   35.277
15.51   6.00    0.235    0.239
15.51   6.00    0.473   38.074
15.51   6.00    0.463    0.123   0.473   0.074
15.51   6.00    0.463    0.122   0.473   0.073

15.52   0.00    0.073    0.072   0.032   0.036   0.005   0.000   0.000   0.000   0.000   0.000   0.000 967951100
15.52   3.91   35.275
15.52   6.00    0.235    0.239
15.52   6.00    0.473   38.074
15.52   6.00    0.463    0.123   0.473   0.074
15.52   6.00    0.463    0.122   0.473   0.073

15.53   0.00    0.073    0.072   0.032   0.036   0.005   0.000   0.000   0.000   0.000   0.000   0.000 968574700
15.53   3.91   35.273
15.53   6.00    0.235    0.239
15.53   6.00    0.473   38.075
15.53   6.00    0.463    0.123   0.473   0.074
15.53   6.00    0.463    0.122   0.473   0.073

15.54   0.00    0.073    0.072   0.032   0.036   0.005   0.000   0.000   0.000   0.000   0.000   0.000 969198400
15.54   3.91   35.271
15.54   6.00    0.235    0.239
15.54   6.00    0.473   38.075
15.54   6.00    0.463    0.123   0.473   0.074
15.54   6.00    0.463    0.122   0.473   0.073

15.55   0.00    0.073    0.072   0.032   0.036   0.005   0.000   0.000   0.000   0.000   0.000   0.000 969822100
15.55   3.91   35.269
15.55   6.00    0.235    0.239
15.55   6.00    0.473   38.075
15.55   6.00    0.463    0.123   0.473   0.074
15.55   6.00    0.463    0.122   0.473   0.073

15.56   0.00    0.073    0.072   0.032   0.036   0.005   0.000   0.000   0.000   0.000   0.000   0.000 970445800
15.56   3.91   35.267
15.56   6.00    0.234    0.239
15.56   6.00    0.473   38.075
15.56   6.00    0.463    0.123   0.473   0.074
15.56   6.00    0.463    0.122   0.473   0.073

15.57   0.00    0.073    0.072   0.032   0.036   0.005   0.000   0.000   0.000   0.000   0.000   0.000 971069400
15.57   3.91   35.265
15.57   6.00    0.234    0.239
15.57   6.00    0.473   38.075
15.57   6.00    0.463    0.123   0.473   0.074
15.57   6.00    0.463    0.122   0.473   0.073

15.58   0.00    0.073    0.072   0.032   0.036   0.005   0.000   0.000   0.000   0.000   0.000   0.000 971693100
15.58   3.91   35.263
15.58   6.00    0.234    0.239
15.58   6.00    0.473   38.075
15.58   6.00    0.463    0.123   0.473   0.074
15.58   6.00    0.463    0.122   0.473   0.073

15.59   0.00    0.073    0.072   0.032   0.036   0.005   0.000   0.000   0.000   0.000   0.000   0.000 972316800
15.59   3.91   35.261
15.59   6.00    0.234    0.239
15.59   6.00    0.473   38.076
15.59   6.00    0.463    0.123   0.473   0.074
15.59   6.00    0.463    0.122   0.473   0.073

15.60   0.00    0.073    0.072   0.032   0.036   0.005   0.000   0.000   0.000   0.000   0.000   0.000 972940500
15.60   3.91   35.259
15.60   6.00    0.234    0.239
15.60   6.00    0.473   38.076
15.60   6.00    0.463    0.123   0.473   0.074
15.60   6.00    0.463    0.122   0.473   0.073

15.61   0.00    0.073    0.072   0.032   0.036   0.005   0.000   0.000   0.000   0.000   0.000   0.000 973564200
15.61   3.91   35.257
15.61   6.00    0.234    0.239
15.61   6.00    0.473   38.076
15.61   6.00    0.463    0.123   0.473   0.074
15.61   6.00    0.463    0.122   0.473   0.073

15.62   0.00    0.073    0.072   0.032   0.036   0.005   0.000   0.000   0.000   0.000   0.000   0.000 974187800
15.62   3.91   35.255
15.62   6.00    0.234    0.239
15.62   6.00    0.473   38.076
15.62   6.00    0.463    0.123   0.473   0.074
15.62   6.00    0.463    0.122   0.473   0.073

15.63   0.00    0.073    0.072   0.032   0.036   0.005   0.000   0.000   0.000   0.000   0.000   0.000 974811500
15.63   3.90   35.253
15.63   6.00    0.234    0.239
15.63   6.00    0.473   38.076
15.63   6.00    0.463    0.123   0.473   0.074
15.63   6.00    0.463    0.122   0.473   0.073

15.64   0.00    0.073    0.072   0.032   0.036   0.005   0.000   0.000   0.000   0.000   0.000   0.000 975435200
15.64   3.90   35.251
15.64   6.00    0.234    0.239
15.64   6.00    0.473   38.076
15.64   6.00    0.463    0.123   0.473   0.074
15.64   6.00    0.463    0.122   0.473   0.073

15.65   0.00    0.073    0.072   0.032   0.036   0.005   0.000   0.000   0.000   0.000   0.000   0.000 976058900
15.65   3.90   35.249
15.65   6.00    0.234    0.239
15.65   6.00    0.473   38.076
15.65   6.00    0.462    0.123   0.473   0.074
15.65   6.00    0.463    0.122   0.473   0.073

15.66   0.00    0.073    0.072   0.032   0.036   0.005   0.000   0.000   0.000   0.000   0.000   0.000 976682600
15.66   3.90   35.247
15.66   6.00    0.234    0.239
15.66   6.00    0.473   38.077
15.66   6.00    0.462    0.123   0.473   0.074
15.66   6.00    0.463    0.122   0.473   0.073

15.67   0.00    0.073    0.072   0.032   0.036   0.005   0.000   0.000   0.000   0.000   0.000   0.000 977306200
15.67   3.90   35.245
15.67   6.00    0.234    0.239
15.67   6.00    0.473   38.077
15.67   6.00    0.462    0.123   0.473   0.074
15.67   6.00    0.463    0.122   0.473   0.073

15.68   0.00    0.073    0.072   0.032   0.036   0.005   0.000   0.000   0.000   0.000   0.000   0.000 977929900
15.68   3.90   35.243
15.68   6.00    0.234    0.239
15.68   6.00    0.473   38.077
15.68   6.00    0.462    0.123   0.473   0.074
15.68   6.00    0.462    0.122   0.473   0.073

15.69   0.00    0.073    0.072   0.032   0.036   0.005   0.000   0.000   0.000   0.000   0.000   0.000 978553600
15.69   3.90   35.241
15.69   6.00    0.234    0.239
15.69   6.00    0.473   38.077
15.69   6.00    0.462    0.123   0.473   0.074
15.69   6.00    0.462    0.122   0.473   0.073

15.70   0.00    0.073    0.072   0.032   0.036   0.005   0.000   0.000   0.000   0.000   0.000   0.000 979177300
15.70   3.90   35.239
15.70   6.00    0.234    0.239
15.70   6.00    0.473   38.077
15.70   6.00    0.462    0.123   0.473   0.074
15.70   6.00    0.462    0.122   0.473   0.073

15.71   0.00    0.073    0.072   0.032   0.036   0.005   0.000   0.000   0.000   0.000   0.000   0.000 979801000
15.71   3.90   35.237
15.71   6.00    0.234    0.239
15.71   6.00    0.473   38.077
15.71   6.00    0.462    0.123   0.473   0.074
15.71   6.00    0.462    0.122   0.473   0.073

15.72   0.00    0.073    0.072   0.032   0.036   0.005   0.000   0.000   0.000   0.000   0.000   0.000 980424600
15.72   3.90   35.235
15.72   6.00    0.234    0.239
15.72   6.00    0.473   38.078
15.72   6.00    0.462    0.123   0.473   0.074
15.72   6.00    0.462    0.122   0.473   0.073

15.73   0.00    0.073    0.072   0.032   0.036   0.005   0.000   0.000   0.000   0.000   0.000   0.000 981048300
15.73   3.90   35.233
15.73   6.00    0.234    0.239
15.73   6.00    0.472   38.078
15.73   6.00    0.462    0.123   0.472   0.074
15.73   6.00    0.462    0.122   0.472   0.073

15.74   0.00    0.073    0.072   0.032   0.036   0.005   0.000   0.000   0.000   0.000   0.000   0.000 981672000
15.74   3.90   35.231
15.74   6.00    0.234    0.239
15.74   6.00    0.472   38.078
15.74   6.00    0.462    0.123   0.472   0.074
15.74   6.00    0.462    0.122   0.472   0.073

15.75   0.00    0.073    0.072   0.032   0.036   0.005   0.000   0.000   0.000   0.000   0.000   0.000 982295700
15.75   3.90   35.229
15.75   6.00    0.234    0.239
15.75   6.00    0.472   38.078
15.75   6.00    0.462    0.123   0.472   0.074
15.75   6.00    0.462    0.122   0.472   0.073

15.76   0.00    0.073    0.072   0.032   0.036   0.005   0.000   0.000   0.000   0.000   0.000   0.000 982919400
15.76   3.89   35.227
15.76   6.00    0.234    0.239
15.76   6.00    0.472   38.078
15.76   6.00    0.462    0.123   0.472   0.074
15.76   6.00    0.462    0.122   0.472   0.073

15.77   0.00    0.073    0.072   0.032   0.036   0.005   0.000   0.000   0.000   0.000   0.000   0.000 983543000
15.77   3.89   35.225
15.77   6.00    0.234    0.239
15.77   6.00    0.472   38.078
15.77   6.00    0.462    0.123   0.472   0.074
15.77   6.00    0.462    0.122   0.472   0.073

15.78   0.00    0.073    0.072   0.032   0.036   0.005   0.000   0.000   0.000   0.000   0.000   0.000 984166700
15.78   3.89   35.223
15.78   6.00    0.234    0.239
15.78   6.00    0.472   38.079
15.78   6.00    0.462    0.123   0.472   0.074
15.78   6.00    0.462    0.122   0.472   0.073

15.79   0.00    0.073    0.072   0.032   0.036   0.005   0.000   0.000   0.000   0.000   0.000   0.000 984790400
15.79   3.89   35.221
15.79   6.00    0.233    0.239
15.79   6.00    0.472   38.079
15.79   6.00    0.462    0.123   0.472   0.074
15.79   6.00    0.462    0.122   0.472   0.073

15.80   0.00    0.073    0.072   0.032   0.036   0.005   0.000   0.000   0.000   0.000   0.000   0.000 985414100
15.80   3.89   35.219
15.80   6.00    0.233    0.239
15.80   6.00    0.472   38.079
15.80   6.00    0.462    0.123   0.472   0.074
15.80   6.00    0.462    0.122   0.472   0.073

15.81   0.00    0.073    0.072   0.032   0.036   0.005   0.000   0.000   0.000   0.000   0.000   0.000 986037800
15.81   3.89   35.217
15.81   6.00    0.233    0.239
15.81   6.00    0.472   38.079
15.81   6.00    0.462    0.123   0.472   0.074
15.81   6.00    0.462    0.122   0.472   0.073

15.82   0.00    0.073    0.072   0.032   0.036   0.005   0.000   0.000   0.000   0.000   0.000   0.000 986661400
15.82   3.89   35.215
15.82   6.00    0.233    0.239
15.82   6.00    0.472   38.079
15.82   6.00    0.462    0.123   0.472   0.074
15.82   6.00    0.462    0.122   0.472   0.073

15.83   0.00    0.073    0.072   0.032   0.036   0.005   0.000   0.000   0.000   0.000   0.000   0.000 987285100
15.83   3.89   35.213
15.83   6.00    0.233    0.239
15.83   6.00    0.472   38.079
15.83   6.00    0.462    0.123   0.472   0.074
15.83   6.00    0.462    0.122   0.472   0.073

15.84   0.00    0.073    0.072   0.032   0.036   0.005   0.000   0.000   0.000   0.000   0.000   0.000 987908800
15.84   3.89   35.211
15.84   6.00    0.233    0.239
15.84   6.00    0.472   38.080
15.84   6.00    0.462    0.123   0.472   0.074
15.84   6.00    0.462    0.122   0.472   0.073

15.85   0.00    0.073    0.072   0.032   0.036   0.005   0.000   0.000   0.000   0.000   0.000   0.000 988532500
15.85   3.89   35.209
15.85   6.00    0.233    0.239
15.85   6.00    0.472   38.080
15.85   6.00    0.462    0.123   0.472   0.074
15.85   6.00    0.462    0.122   0.472   0.073

15.86   0.00    0.073    0.072   0.032   0.036   0.005   0.000   0.000   0.000   0.000   0.000   0.000 989156200
15.86   3.89   35.207
15.86   6.00    0.233    0.239
15.86   6.00    0.472   38.080
15.86   6.00    0.462    0.123   0.472   0.074
15.86   6.00    0.462    0.122   0.472   0.073

15.87   0.00    0.073    0.072   0.032   0.036   0.005   0.000   0.000   0.000   0.000   0.000   0.000 989779800
15.87   3.89   35.205
15.87   6.00    0.233    0.239
15.87   6.00    0.472   38.080
15.87   6.00    0.462    0.123   0.472   0.074
15.87   6.00    0.462    0.122   0.472   0.073

15.88   0.00    0.073    0.072   0.032   0.036   0.005   0.000   0.000   0.000   0.000   0.000   0.000 990403500
15.88   3.89   35.203
15.88   6.00    0.233    0.239
15.88   6.00    0.472   38.080
15.88   6.00    0.462    0.123   0.472   0.074
15.88   6.00    0.462    0.122   0.472   0.073

15.89   0.00    0.073    0.072   0.032   0.036   0.005   0.000   0.000   0.000   0.000   0.000   0.000 991027200
15.89   3.88   35.201
15.89   6.00    0.233    0.239
15.89   6.00    0.472   38.080
15.89   6.00    0.461    0.123   0.472   0.074
15.89   6.00    0.462    0.122   0.472   0.073

15.90   0.00    0.073    0.072   0.032   0.036   0.005   0.000   0.000   0.000   0.000   0.000   0.000 991650900
15.90   3.88   35.199
15.90   6.00    0.233    0.239
15.90   6.00    0.472   38.080
15.90   6.00    0.461    0.123   0.472   0.074
15.90   6.00    0.462    0.122   0.472   0.073

15.91   0.00    0.073    0.072   0.032   0.036   0.005   0.000   0.000   0.000   0.000   0.000   0.000 992274600
15.91   3.88   35.198
15.91   6.00    0.233    0.239
15.91   6.00    0.472   38.081
15.91   6.00    0.461    0.123   0.472   0.074
15.91   6.00    0.462    0.122   0.472   0.073

15.92   0.00    0.073    0.072   0.032   0.036   0.005   0.000   0.000   0.000   0.000   0.000   0.000 992898200
15.92   3.88   35.196
15.92   6.00    0.233    0.239
15.92   6.00    0.472   38.081
15.92   6.00    0.461    0.123   0.472   0.074
15.92   6.00    0.462    0.122   0.472   0.073

15.93   0.00    0.073    0.072   0.032   0.036   0.005   0.000   0.000   0.000   0.000   0.000   0.000 993521900
15.93   3.88   35.194
15.93   6.00    0.233    0.239
15.93   6.00    0.472   38.081
15.93   6.00    0.461    0.123   0.472   0.074
15.93   6.00    0.461    0.122   0.472   0.073

15.94   0.00    0.073    0.072   0.032   0.036   0.005   0.000   0.000   0.000   0.000   0.000   0.000 994145600
15.94   3.88   35.192
15.94   6.00    0.233    0.239
15.94   6.00    0.472   38.081
15.94   6.00    0.461    0.123   0.472   0.074
15.94   6.00    0.461    0.122   0.472   0.073

15.95   0.00    0.073    0.072   0.032   0.036   0.005   0.000   0.000   0.000   0.000   0.000   0.000 994769300
15.95   3.88   35.190
15.95   6.00    0.233    0.239
15.95   6.00    0.472   38.081
15.95   6.00    0.461    0.123   0.472   0.074
15.95   6.00    0.461    0.122   0.472   0.073

15.96   0.00    0.073    0.072   0.032   0.036   0.005   0.000   0.000   0.000   0.000   0.000   0.000 995393000
15.96   3.88   35.188
15.96   6.00    0.233    0.239
15.96   6.00    0.472   38.081
15.96   6.00    0.461    0.123   0.472   0.074
15.96   6.00    0.461    0.122   0.472   0.073

15.97   0.00    0.073    0.072   0.032   0.036   0.005   0.000   0.000   0.000   0.000   0.000   0.000 996016600
15.97   3.88   35.186
15.97   6.00    0.233    0.239
15.97   6.00    0.471   38.082
15.97   6.00    0.461    0.123   0.471   0.074
15.97   6.00    0.461    0.122   0.471   0.073

15.98   0.00    0.073    0.072   0.032   0.036   0.005   0.000   0.000   0.000   0.000   0.000   0.000 996640300
15.98   3.88   35.184
15.98   6.00    0.233    0.239
15.98   6.00    0.471   38.082
15.98   6.00    0.461    0.123   0.471   0.074
15.98   6.00    0.461    0.122   0.471   0.073

15.99   0.00    0.073    0.072   0.032   0.036   0.005   0.000   0.000   0.000   0.000   0.000   0.000 997264000
15.99   3.88   35.182
15.99   6.00    0.233    0.239
15.99   6.00    0.471   38.082
15.99   6.00    0.461    0.123   0.471   0.074
15.99   6.00    0.461    0.122   0.471   0.073

16.00   0.00    0.073    0.072   0.032   0.036   0.005   0.000   0.000   0.000   0.000   0.000   0.000 997887700
16.00   3.88   35.180
16.00   6.00    0.233    0.239
16.00   6.00    0.471   38.082
16.00   6.00    0.461    0.123   0.471   0.074
16.00   6.00    0.461    0.122   0.471   0.073

16.01   0.00    0.073    0.072   0.032   0.036   0.005   0.000   0.000   0.000   0.000   0.000   0.000 998511400
16.01   3.88   35.178
16.01   6.00    0.233    0.239
16.01   6.00    0.471   38.082
16.01   6.00    0.461    0.123   0.471   0.074
16.01   6.00    0.461    0.122   0.471   0.073

16.02   0.00    0.073    0.072   0.032   0.036   0.005   0.000   0.000   0.000   0.000   0.000   0.000 999135000
16.02   3.88   35.177
16.02   6.00    0.233    0.239
16.02   6.00    0.471   38.082
16.02   6.00    0.461    0.123   0.471   0.074
16.02   6.00    0.461    0.122   0.471   0.073

16.03   0.00    0.073    0.072   0.032   0.036   0.005   0.000   0.000   0.000   0.000   0.000   0.000 999758800
16.03   3.87   35.175
16.03   6.00    0.232    0.239
16.03   6.00    0.471   38.083
16.03   6.00    0.461    0.123   0.471   0.074
16.03   6.00    0.461    0.122   0.471   0.073

16.04   0.00    0.073    0.072   0.032   0.036   0.005   0.000   0.000   0.000   0.000   0.000   0.000 1000382000
16.04   3.87   35.173
16.04   6.00    0.232    0.239
16.04   6.00    0.471   38.083
16.04   6.00    0.461    0.123   0.471   0.074
16.04   6.00    0.461    0.122   0.471   0.073

16.05   0.00    0.073    0.072   0.032   0.036   0.005   0.000   0.000   0.000   0.000   0.000   0.000 1001006000
16.05   3.87   35.171
16.05   6.00    0.232    0.239
16.05   6.00    0.471   38.083
16.05   6.00    0.461    0.123   0.471   0.074
16.05   6.00    0.461    0.122   0.471   0.073

16.06   0.00    0.073    0.072   0.032   0.036   0.005   0.000   0.000   0.000   0.000   0.000   0.000 1001630000
16.06   3.87   35.169
16.06   6.00    0.232    0.239
16.06   6.00    0.471   38.083
16.06   6.00    0.461    0.123   0.471   0.074
16.06   6.00    0.461    0.122   0.471   0.073

16.07   0.00    0.073    0.072   0.032   0.036   0.005   0.000   0.000   0.000   0.000   0.000   0.000 1002253000
16.07   3.87   35.167
16.07   6.00    0.232    0.239
16.07   6.00    0.471   38.083
16.07   6.00    0.461    0.123   0.471   0.074
16.07   6.00    0.461    0.122   0.471   0.073

16.08   0.00    0.073    0.072   0.032   0.036   0.005   0.000   0.000   0.000   0.000   0.000   0.000 1002877000
16.08   3.87   35.165
16.08   6.00    0.232    0.239
16.08   6.00    0.471   38.083
16.08   6.00    0.461    0.123   0.471   0.074
16.08   6.00    0.461    0.122   0.471   0.073

16.09   0.00    0.073    0.072   0.032   0.036   0.005   0.000   0.000   0.000   0.000   0.000   0.000 1003501000
16.09   3.87   35.163
16.09   6.00    0.232    0.239
16.09   6.00    0.471   38.084
16.09   6.00    0.461    0.123   0.471   0.074
16.09   6.00    0.461    0.122   0.471   0.073

16.10   0.00    0.073    0.072   0.032   0.036   0.005   0.000   0.000   0.000   0.000   0.000   0.000 1004124000
16.10   3.87   35.162
16.10   6.00    0.232    0.239
16.10   6.00    0.471   38.084
16.10   6.00    0.461    0.123   0.471   0.074
16.10   6.00    0.461    0.122   0.471   0.073

16.11   0.00    0.073    0.072   0.032   0.036   0.005   0.000   0.000   0.000   0.000   0.000   0.000 1004748000
16.11   3.87   35.160
16.11   6.00    0.232    0.239
16.11   6.00    0.471   38.084
16.11   6.00    0.461    0.123   0.471   0.074
16.11   6.00    0.461    0.121   0.471   0.073

16.12   0.00    0.073    0.072   0.032   0.036   0.005   0.000   0.000   0.000   0.000   0.000   0.000 1005372000
16.12   3.87   35.158
16.12   6.00    0.232    0.239
16.12   6.00    0.471   38.084
16.12   6.00    0.461    0.123   0.471   0.074
16.12   6.00    0.461    0.121   0.471   0.073

16.13   0.00    0.073    0.072   0.032   0.036   0.005   0.000   0.000   0.000   0.000   0.000   0.000 1005995000
16.13   3.87   35.156
16.13   6.00    0.232    0.239
16.13   6.00    0.471   38.084
16.13   6.00    0.461    0.123   0.471   0.074
16.13   6.00    0.461    0.121   0.471   0.073

16.14   0.00    0.073    0.072   0.032   0.036   0.005   0.000   0.000   0.000   0.000   0.000   0.000 1006619000
16.14   3.87   35.154
16.14   6.00    0.232    0.239
16.14   6.00    0.471   38.084
16.14   6.00    0.460    0.123   0.471   0.074
16.14   6.00    0.461    0.121   0.471   0.073

16.15   0.00    0.073    0.072   0.032   0.036   0.005   0.000   0.000   0.000   0.000   0.000   0.000 1007243000
16.15   3.87   35.152
16.15   6.00    0.232    0.239
16.15   6.00    0.471   38.085
16.15   6.00    0.460    0.123   0.471   0.074
16.15   6.00    0.461    0.121   0.471   0.073

16.16   0.00    0.073    0.072   0.032   0.036   0.005   0.000   0.000   0.000   0.000   0.000   0.000 1007867000
16.16   3.87   35.150
16.16   6.00    0.232    0.239
16.16   6.00    0.471   38.085
16.16   6.00    0.460    0.123   0.471   0.074
16.16   6.00    0.461    0.121   0.471   0.073

16.17   0.00    0.073    0.072   0.032   0.036   0.005   0.000   0.000   0.000   0.000   0.000   0.000 1008490000
16.17   3.86   35.149
16.17   6.00    0.232    0.239
16.17   6.00    0.471   38.085
16.17   6.00    0.460    0.123   0.471   0.074
16.17   6.00    0.460    0.121   0.471   0.073

16.18   0.00    0.073    0.072   0.032   0.036   0.005   0.000   0.000   0.000   0.000   0.000   0.000 1009114000
16.18   3.86   35.147
16.18   6.00    0.232    0.239
16.18   6.00    0.471   38.085
16.18   6.00    0.460    0.123   0.471   0.074
16.18   6.00    0.460    0.121   0.471   0.073

16.19   0.00    0.073    0.072   0.032   0.036   0.005   0.000   0.000   0.000   0.000   0.000   0.000 1009738000
16.19   3.86   35.145
16.19   6.00    0.232    0.239
16.19   6.00    0.471   38.085
16.19   6.00    0.460    0.123   0.471   0.074
16.19   6.00    0.460    0.121   0.471   0.073

16.20   0.00    0.073    0.072   0.032   0.036   0.005   0.000   0.000   0.000   0.000   0.000   0.000 1010361000
16.20   3.86   35.143
16.20   6.00    0.232    0.239
16.20   6.00    0.471   38.085
16.20   6.00    0.460    0.123   0.471   0.074
16.20   6.00    0.460    0.121   0.471   0.073

16.21   0.00    0.073    0.072   0.032   0.036   0.005   0.000   0.000   0.000   0.000   0.000   0.000 1010985000
16.21   3.86   35.141
16.21   6.00    0.232    0.239
16.21   6.00    0.471   38.086
16.21   6.00    0.460    0.123   0.471   0.074
16.21   6.00    0.460    0.121   0.471   0.073

16.22   0.00    0.073    0.072   0.032   0.036   0.005   0.000   0.000   0.000   0.000   0.000   0.000 1011609000
16.22   3.86   35.139
16.22   6.00    0.232    0.239
16.22   6.00    0.470   38.086
16.22   6.00    0.460    0.123   0.470   0.074
16.22   6.00    0.460    0.121   0.470   0.073

16.23   0.00    0.073    0.072   0.032   0.036   0.005   0.000   0.000   0.000   0.000   0.000   0.000 1012232000
16.23   3.86   35.138
16.23   6.00    0.232    0.239
16.23   6.00    0.470   38.086
16.23   6.00    0.460    0.123   0.470   0.074
16.23   6.00    0.460    0.121   0.470   0.073

16.24   0.00    0.073    0.072   0.032   0.036   0.005   0.000   0.000   0.000   0.000   0.000   0.000 1012856000
16.24   3.86   35.136
16.24   6.00    0.232    0.239
16.24   6.00    0.470   38.086
16.24   6.00    0.460    0.123   0.470   0.074
16.24   6.00    0.460    0.121   0.470   0.073

16.25   0.00    0.073    0.072   0.032   0.036   0.005   0.000   0.000   0.000   0.000   0.000   0.000 1013480000
16.25   3.86   35.134
16.25   6.00    0.232    0.239
16.25   6.00    0.470   38.086
16.25   6.00    0.460    0.123   0.470   0.074
16.25   6.00    0.460    0.121   0.470   0.073

16.26   0.00    0.073    0.072   0.032   0.036   0.005   0.000   0.000   0.000   0.000   0.000   0.000 1014103000
16.26   3.86   35.132
16.26   6.00    0.232    0.239
16.26   6.00    0.470   38.086
16.26   6.00    0.460    0.123   0.470   0.074
16.26   6.00    0.460    0.121   0.470   0.073

16.27   0.00    0.073    0.072   0.032   0.036   0.005   0.000   0.000   0.000   0.000   0.000   0.000 1014727000
16.27   3.86   35.130
16.27   6.00    0.232    0.239
16.27   6.00    0.470   38.087
16.27   6.00    0.460    0.123   0.470   0.074
16.27   6.00    0.460    0.121   0.470   0.073

16.28   0.00    0.073    0.072   0.032   0.036   0.005   0.000   0.000   0.000   0.000   0.000   0.000 1015351000
16.28   3.86   35.129
16.28   6.00    0.231    0.239
16.28   6.00    0.470   38.087
16.28   6.00    0.460    0.122   0.470   0.074
16.28   6.00    0.460    0.121   0.470   0.073

16.29   0.00    0.073    0.072   0.032   0.036   0.005   0.000   0.000   0.000   0.000   0.000   0.000 1015974000
16.29   3.86   35.127
16.29   6.00    0.231    0.239
16.29   6.00    0.470   38.087
16.29   6.00    0.460    0.122   0.470   0.074
16.29   6.00    0.460    0.121   0.470   0.073

16.30   0.00    0.073    0.072   0.032   0.036   0.005   0.000   0.000   0.000   0.000   0.000   0.000 1016598000
16.30   3.86   35.125
16.30   6.00    0.231    0.239
16.30   6.00    0.470   38.087
16.30   6.00    0.460    0.122   0.470   0.074
16.30   6.00    0.460    0.121   0.470   0.073

16.31   0.00    0.073    0.072   0.032   0.036   0.005   0.000   0.000   0.000   0.000   0.000   0.000 1017222000
16.31   3.85   35.123
16.31   6.00    0.231    0.239
16.31   6.00    0.470   38.087
16.31   6.00    0.460    0.122   0.470   0.074
16.31   6.00    0.460    0.121   0.470   0.073

16.32   0.00    0.073    0.072   0.032   0.036   0.005   0.000   0.000   0.000   0.000   0.000   0.000 1017845000
16.32   3.85   35.121
16.32   6.00    0.231    0.239
16.32   6.00    0.470   38.087
16.32   6.00    0.460    0.122   0.470   0.074
16.32   6.00    0.460    0.121   0.470   0.073

16.33   0.00    0.073    0.072   0.032   0.036   0.005   0.000   0.000   0.000   0.000   0.000   0.000 1018469000
16.33   3.85   35.120
16.33   6.00    0.231    0.239
16.33   6.00    0.470   38.088
16.33   6.00    0.460    0.122   0.470   0.074
16.33   6.00    0.460    0.121   0.470   0.073

16.34   0.00    0.073    0.072   0.032   0.036   0.005   0.000   0.000   0.000   0.000   0.000   0.000 1019093000
16.34   3.85   35.118
16.34   6.00    0.231    0.239
16.34   6.00    0.470   38.088
16.34   6.00    0.460    0.122   0.470   0.074
16.34   6.00    0.460    0.121   0.470   0.073

16.35   0.00    0.073    0.072   0.032   0.036   0.005   0.000   0.000   0.000   0.000   0.000   0.000 1019716000
16.35   3.85   35.116
16.35   6.00    0.231    0.239
16.35   6.00    0.470   38.088
16.35   6.00    0.460    0.122   0.470   0.074
16.35   6.00    0.460    0.121   0.470   0.073

16.36   0.00    0.073    0.072   0.032   0.036   0.005   0.000   0.000   0.000   0.000   0.000   0.000 1020340000
16.36   3.85   35.114
16.36   6.00    0.231    0.239
16.36   6.00    0.470   38.088
16.36   6.00    0.460    0.122   0.470   0.074
16.36   6.00    0.460    0.121   0.470   0.073

16.37   0.00    0.073    0.072   0.032   0.036   0.005   0.000   0.000   0.000   0.000   0.000   0.000 1020964000
16.37   3.85   35.113
16.37   6.00    0.231    0.239
16.37   6.00    0.470   38.088
16.37   6.00    0.460    0.122   0.470   0.074
16.37   6.00    0.460    0.121   0.470   0.073

16.38   0.00    0.073    0.072   0.032   0.036   0.005   0.000   0.000   0.000   0.000   0.000   0.000 1021587000
16.38   3.85   35.111
16.38   6.00    0.231    0.239
16.38   6.00    0.470   38.088
16.38   6.00    0.460    0.122   0.470   0.074
16.38   6.00    0.460    0.121   0.470   0.073

16.39   0.00    0.073    0.072   0.032   0.036   0.005   0.000   0.000   0.000   0.000   0.000   0.000 1022211000
16.39   3.85   35.109
16.39   6.00    0.231    0.239
16.39   6.00    0.470   38.089
16.39   6.00    0.460    0.122   0.470   0.074
16.39   6.00    0.460    0.121   0.470   0.073

16.40   0.00    0.073    0.072   0.032   0.036   0.005   0.000   0.000   0.000   0.000   0.000   0.000 1022835000
16.40   3.85   35.107
16.40   6.00    0.231    0.239
16.40   6.00    0.470   38.089
16.40   6.00    0.459    0.122   0.470   0.074
16.40   6.00    0.460    0.121   0.470   0.073

16.41   0.00    0.073    0.072   0.032   0.036   0.005   0.000   0.000   0.000   0.000   0.000   0.000 1023459000
16.41   3.85   35.105
16.41   6.00    0.231    0.239
16.41   6.00    0.470   38.089
16.41   6.00    0.459    0.122   0.470   0.074
16.41   6.00    0.460    0.121   0.470   0.073

16.42   0.00    0.073    0.072   0.032   0.036   0.005   0.000   0.000   0.000   0.000   0.000   0.000 1024082000
16.42   3.85   35.104
16.42   6.00    0.231    0.239
16.42   6.00    0.470   38.089
16.42   6.00    0.459    0.122   0.470   0.074
16.42   6.00    0.460    0.121   0.470   0.073

16.43   0.00    0.073    0.072   0.032   0.036   0.005   0.000   0.000   0.000   0.000   0.000   0.000 1024706000
16.43   3.85   35.102
16.43   6.00    0.231    0.239
16.43   6.00    0.470   38.089
16.43   6.00    0.459    0.122   0.470   0.074
16.43   6.00    0.459    0.121   0.470   0.073

16.44   0.00    0.073    0.072   0.032   0.036   0.005   0.000   0.000   0.000   0.000   0.000   0.000 1025330000
16.44   3.85   35.100
16.44   6.00    0.231    0.239
16.44   6.00    0.470   38.089
16.44   6.00    0.459    0.122   0.470   0.074
16.44   6.00    0.459    0.121   0.470   0.073

16.45   0.00    0.073    0.072   0.032   0.036   0.005   0.000   0.000   0.000   0.000   0.000   0.000 1025953000
16.45   3.85   35.098
16.45   6.00    0.231    0.239
16.45   6.00    0.470   38.090
16.45   6.00    0.459    0.122   0.470   0.074
16.45   6.00    0.459    0.121   0.470   0.073

16.46   0.00    0.073    0.072   0.032   0.036   0.005   0.000   0.000   0.000   0.000   0.000   0.000 1026577000
16.46   3.84   35.097
16.46   6.00    0.231    0.239
16.46   6.00    0.470   38.090
16.46   6.00    0.459    0.122   0.470   0.074
16.46   6.00    0.459    0.121   0.470   0.072

16.47   0.00    0.073    0.072   0.032   0.036   0.005   0.000   0.000   0.000   0.000   0.000   0.000 1027201000
16.47   3.84   35.095
16.47   6.00    0.231    0.239
16.47   6.00    0.469   38.090
16.47   6.00    0.459    0.122   0.469   0.074
16.47   6.00    0.459    0.121   0.469   0.072

16.48   0.00    0.073    0.072   0.032   0.036   0.005   0.000   0.000   0.000   0.000   0.000   0.000 1027824000
16.48   3.84   35.093
16.48   6.00    0.231    0.239
16.48   6.00    0.469   38.090
16.48   6.00    0.459    0.122   0.469   0.074
16.48   6.00    0.459    0.121   0.469   0.072

16.49   0.00    0.073    0.072   0.032   0.036   0.005   0.000   0.000   0.000   0.000   0.000   0.000 1028448000
16.49   3.84   35.092
16.49   6.00    0.231    0.239
16.49   6.00    0.469   38.090
16.49   6.00    0.459    0.122   0.469   0.074
16.49   6.00    0.459    0.121   0.469   0.072

16.50   0.00    0.073    0.072   0.032   0.036   0.005   0.000   0.000   0.000   0.000   0.000   0.000 1029072000
16.50   3.84   35.090
16.50   6.00    0.231    0.239
16.50   6.00    0.469   38.090
16.50   6.00    0.459    0.122   0.469   0.074
16.50   6.00    0.459    0.121   0.469   0.072

16.51   0.00    0.073    0.072   0.032   0.036   0.005   0.000   0.000   0.000   0.000   0.000   0.000 1029695000
16.51   3.84   35.088
16.51   6.00    0.231    0.239
16.51   6.00    0.469   38.091
16.51   6.00    0.459    0.122   0.469   0.074
16.51   6.00    0.459    0.121   0.469   0.072

16.52   0.00    0.073    0.072   0.032   0.036   0.005   0.000   0.000   0.000   0.000   0.000   0.000 1030319000
16.52   3.84   35.086
16.52   6.00    0.231    0.239
16.52   6.00    0.469   38.091
16.52   6.00    0.459    0.122   0.469   0.074
16.52   6.00    0.459    0.121   0.469   0.072

16.53   0.00    0.073    0.072   0.032   0.036   0.005   0.000   0.000   0.000   0.000   0.000   0.000 1030943000
16.53   3.84   35.085
16.53   6.00    0.230    0.239
16.53   6.00    0.469   38.091
16.53   6.00    0.459    0.122   0.469   0.074
16.53   6.00    0.459    0.121   0.469   0.072

16.54   0.00    0.073    0.072   0.032   0.036   0.005   0.000   0.000   0.000   0.000   0.000   0.000 1031566000
16.54   3.84   35.083
16.54   6.00    0.230    0.239
16.54   6.00    0.469   38.091
16.54   6.00    0.459    0.122   0.469   0.074
16.54   6.00    0.459    0.121   0.469   0.072

16.55   0.00    0.073    0.072   0.032   0.036   0.005   0.000   0.000   0.000   0.000   0.000   0.000 1032190000
16.55   3.84   35.081
16.55   6.00    0.230    0.239
16.55   6.00    0.469   38.091
16.55   6.00    0.459    0.122   0.469   0.074
16.55   6.00    0.459    0.121   0.469   0.072

16.56   0.00    0.073    0.072   0.032   0.036   0.005   0.000   0.000   0.000   0.000   0.000   0.000 1032814000
16.56   3.84   35.079
16.56   6.00    0.230    0.239
16.56   6.00    0.469   38.091
16.56   6.00    0.459    0.122   0.469   0.074
16.56   6.00    0.459    0.121   0.469   0.072

16.57   0.00    0.073    0.072   0.032   0.036   0.005   0.000   0.000   0.000   0.000   0.000   0.000 1033437000
16.57   3.84   35.078
16.57   6.00    0.230    0.239
16.57   6.00    0.469   38.092
16.57   6.00    0.459    0.122   0.469   0.074
16.57   6.00    0.459    0.121   0.469   0.072

16.58   0.00    0.073    0.072   0.032   0.036   0.005   0.000   0.000   0.000   0.000   0.000   0.000 1034061000
16.58   3.84   35.076
16.58   6.00    0.230    0.239
16.58   6.00    0.469   38.092
16.58   6.00    0.459    0.122   0.469   0.074
16.58   6.00    0.459    0.121   0.469   0.072

16.59   0.00    0.073    0.072   0.032   0.036   0.005   0.000   0.000   0.000   0.000   0.000   0.000 1034685000
16.59   3.84   35.074
16.59   6.00    0.230    0.239
16.59   6.00    0.469   38.092
16.59   6.00    0.459    0.122   0.469   0.074
16.59   6.00    0.459    0.121   0.469   0.072

16.60   0.00    0.073    0.072   0.032   0.036   0.005   0.000   0.000   0.000   0.000   0.000   0.000 1035308000
16.60   3.84   35.073
16.60   6.00    0.230    0.239
16.60   6.00    0.469   38.092
16.60   6.00    0.459    0.122   0.469   0.074
16.60   6.00    0.459    0.121   0.469   0.072

16.61   0.00    0.073    0.072   0.032   0.036   0.005   0.000   0.000   0.000   0.000   0.000   0.000 1035932000
16.61   3.83   35.071
16.61   6.00    0.230    0.239
16.61   6.00    0.469   38.092
16.61   6.00    0.459    0.122   0.469   0.074
16.61   6.00    0.459    0.121   0.469   0.072

16.62   0.00    0.073    0.072   0.032   0.036   0.005   0.000   0.000   0.000   0.000   0.000   0.000 1036556000
16.62   3.83   35.069
16.62   6.00    0.230    0.239
16.62   6.00    0.469   38.093
16.62   6.00    0.459    0.122   0.469   0.074
16.62   6.00    0.459    0.121   0.469   0.072

16.63   0.00    0.073    0.072   0.032   0.036   0.005   0.000   0.000   0.000   0.000   0.000   0.000 1037179000
16.63   3.83   35.068
16.63   6.00    0.230    0.239
16.63   6.00    0.469   38.093
16.63   6.00    0.459    0.122   0.469   0.074
16.63   6.00    0.459    0.121   0.469   0.072

16.64   0.00    0.073    0.072   0.032   0.036   0.005   0.000   0.000   0.000   0.000   0.000   0.000 1037803000
16.64   3.83   35.066
16.64   6.00    0.230    0.239
16.64   6.00    0.469   38.093
16.64   6.00    0.459    0.122   0.469   0.074
16.64   6.00    0.459    0.121   0.469   0.072

16.65   0.00    0.073    0.072   0.032   0.036   0.005   0.000   0.000   0.000   0.000   0.000   0.000 1038427000
16.65   3.83   35.064
16.65   6.00    0.230    0.239
16.65   6.00    0.469   38.093
16.65   6.00    0.459    0.122   0.469   0.074
16.65   6.00    0.459    0.121   0.469   0.072

16.66   0.00    0.073    0.072   0.032   0.036   0.005   0.000   0.000   0.000   0.000   0.000   0.000 1039051000
16.66   3.83   35.063
16.66   6.00    0.230    0.239
16.66   6.00    0.469   38.093
16.66   6.00    0.458    0.122   0.469   0.074
16.66   6.00    0.459    0.121   0.469   0.072

16.67   0.00    0.073    0.072   0.032   0.036   0.005   0.000   0.000   0.000   0.000   0.000   0.000 1039674000
16.67   3.83   35.061
16.67   6.00    0.230    0.239
16.67   6.00    0.469   38.093
16.67   6.00    0.458    0.122   0.469   0.074
16.67   6.00    0.459    0.121   0.469   0.072

16.68   0.00    0.073    0.072   0.032   0.036   0.005   0.000   0.000   0.000   0.000   0.000   0.000 1040298000
16.68   3.83   35.059
16.68   6.00    0.230    0.239
16.68   6.00    0.469   38.094
16.68   6.00    0.458    0.122   0.469   0.073
16.68   6.00    0.459    0.121   0.469   0.072

16.69   0.00    0.073    0.072   0.032   0.036   0.005   0.000   0.000   0.000   0.000   0.000   0.000 1040922000
16.69   3.83   35.058
16.69   6.00    0.230    0.239
16.69   6.00    0.469   38.094
16.69   6.00    0.458    0.122   0.469   0.073
16.69   6.00    0.458    0.121   0.469   0.072

16.70   0.00    0.073    0.072   0.032   0.036   0.005   0.000   0.000   0.000   0.000   0.000   0.000 1041545000
16.70   3.83   35.056
16.70   6.00    0.230    0.239
16.70   6.00    0.469   38.094
16.70   6.00    0.458    0.122   0.469   0.073
16.70   6.00    0.458    0.121   0.469   0.072

16.71   0.00    0.073    0.072   0.032   0.036   0.005   0.000   0.000   0.000   0.000   0.000   0.000 1042169000
16.71   3.83   35.054
16.71   6.00    0.230    0.239
16.71   6.00    0.469   38.094
16.71   6.00    0.458    0.122   0.469   0.073
16.71   6.00    0.458    0.121   0.469   0.072

16.72   0.00    0.073    0.072   0.032   0.036   0.005   0.000   0.000   0.000   0.000   0.000   0.000 1042793000
16.72   3.83   35.053
16.72   6.00    0.230    0.239
16.72   6.00    0.469   38.094
16.72   6.00    0.458    0.122   0.469   0.073
16.72   6.00    0.458    0.121   0.469   0.072

16.73   0.00    0.073    0.072   0.032   0.036   0.005   0.000   0.000   0.000   0.000   0.000   0.000 1043416000
16.73   3.83   35.051
16.73   6.00    0.230    0.239
16.73   6.00    0.468   38.094
16.73   6.00    0.458    0.122   0.468   0.073
16.73   6.00    0.458    0.121   0.468   0.072

16.74   0.00    0.073    0.072   0.032   0.036   0.005   0.000   0.000   0.000   0.000   0.000   0.000 1044040000
16.74   3.83   35.049
16.74   6.00    0.230    0.239
16.74   6.00    0.468   38.095
16.74   6.00    0.458    0.122   0.468   0.073
16.74   6.00    0.458    0.121   0.468   0.072

16.75   0.00    0.073    0.072   0.032   0.036   0.005   0.000   0.000   0.000   0.000   0.000   0.000 1044664000
16.75   3.83   35.048
16.75   6.00    0.230    0.239
16.75   6.00    0.468   38.095
16.75   6.00    0.458    0.122   0.468   0.073
16.75   6.00    0.458    0.121   0.468   0.072

16.76   0.00    0.073    0.072   0.032   0.036   0.005   0.000   0.000   0.000   0.000   0.000   0.000 1045287000
16.76   3.82   35.046
16.76   6.00    0.230    0.239
16.76   6.00    0.468   38.095
16.76   6.00    0.458    0.122   0.468   0.073
16.76   6.00    0.458    0.121   0.468   0.072

16.77   0.00    0.073    0.072   0.032   0.036   0.005   0.000   0.000   0.000   0.000   0.000   0.000 1045911000
16.77   3.82   35.044
16.77   6.00    0.230    0.239
16.77   6.00    0.468   38.095
16.77   6.00    0.458    0.122   0.468   0.073
16.77   6.00    0.458    0.121   0.468   0.072

16.78   0.00    0.073    0.072   0.032   0.036   0.005   0.000   0.000   0.000   0.000   0.000   0.000 1046535000
16.78   3.82   35.043
16.78   6.00    0.230    0.239
16.78   6.00    0.468   38.095
16.78   6.00    0.458    0.122   0.468   0.073
16.78   6.00    0.458    0.121   0.468   0.072

16.79   0.00    0.073    0.072   0.032   0.036   0.005   0.000   0.000   0.000   0.000   0.000   0.000 1047158000
16.79   3.82   35.041
16.79   6.00    0.229    0.239
16.79   6.00    0.468   38.095
16.79   6.00    0.458    0.122   0.468   0.073
16.79   6.00    0.458    0.121   0.468   0.072

16.80   0.00    0.073    0.072   0.032   0.036   0.005   0.000   0.000   0.000   0.000   0.000   0.000 1047782000
16.80   3.82   35.039
16.80   6.00    0.229    0.239
16.80   6.00    0.468   38.096
16.80   6.00    0.458    0.122   0.468   0.073
16.80   6.00    0.458    0.121   0.468   0.072

16.81   0.00    0.073    0.072   0.032   0.036   0.005   0.000   0.000   0.000   0.000   0.000   0.000 1048406000
16.81   3.82   35.038
16.81   6.00    0.229    0.239
16.81   6.00    0.468   38.096
16.81   6.00    0.458    0.122   0.468   0.073
16.81   6.00    0.458    0.121   0.468   0.072

16.82   0.00    0.073    0.072   0.032   0.036   0.005   0.000   0.000   0.000   0.000   0.000   0.000 1049029000
16.82   3.82   35.036
16.82   6.00    0.229    0.239
16.82   6.00    0.468   38.096
16.82   6.00    0.458    0.122   0.468   0.073
16.82   6.00    0.458    0.121   0.468   0.072

16.83   0.00    0.073    0.072   0.032   0.036   0.005   0.000   0.000   0.000   0.000   0.000   0.000 1049653000
16.83   3.82   35.035
16.83   6.00    0.229    0.239
16.83   6.00    0.468   38.096
16.83   6.00    0.458    0.122   0.468   0.073
16.83   6.00    0.458    0.121   0.468   0.072

16.84   0.00    0.073    0.072   0.032   0.036   0.005   0.000   0.000   0.000   0.000   0.000   0.000 1050277000
16.84   3.82   35.033
16.84   6.00    0.229    0.239
16.84   6.00    0.468   38.096
16.84   6.00    0.458    0.122   0.468   0.073
16.84   6.00    0.458    0.121   0.468   0.072

16.85   0.00    0.073    0.072   0.032   0.036   0.005   0.000   0.000   0.000   0.000   0.000   0.000 1050900000
16.85   3.82   35.031
16.85   6.00    0.229    0.239
16.85   6.00    0.468   38.096
16.85   6.00    0.458    0.122   0.468   0.073
16.85   6.00    0.458    0.121   0.468   0.072

16.86   0.00    0.073    0.072   0.032   0.036   0.005   0.000   0.000   0.000   0.000   0.000   0.000 1051524000
16.86   3.82   35.030
16.86   6.00    0.229    0.239
16.86   6.00    0.468   38.097
16.86   6.00    0.458    0.122   0.468   0.073
16.86   6.00    0.458    0.121   0.468   0.072

16.87   0.00    0.073    0.072   0.032   0.036   0.005   0.000   0.000   0.000   0.000   0.000   0.000 1052148000
16.87   3.82   35.028
16.87   6.00    0.229    0.239
16.87   6.00    0.468   38.097
16.87   6.00    0.458    0.122   0.468   0.073
16.87   6.00    0.458    0.121   0.468   0.072

16.88   0.00    0.073    0.072   0.032   0.036   0.005   0.000   0.000   0.000   0.000   0.000   0.000 1052771000
16.88   3.82   35.026
16.88   6.00    0.229    0.239
16.88   6.00    0.468   38.097
16.88   6.00    0.458    0.122   0.468   0.073
16.88   6.00    0.458    0.121   0.468   0.072

16.89   0.00    0.073    0.072   0.032   0.036   0.005   0.000   0.000   0.000   0.000   0.000   0.000 1053395000
16.89   3.82   35.025
16.89   6.00    0.229    0.239
16.89   6.00    0.468   38.097
16.89   6.00    0.458    0.122   0.468   0.073
16.89   6.00    0.458    0.121   0.468   0.072

16.90   0.00    0.073    0.072   0.032   0.036   0.005   0.000   0.000   0.000   0.000   0.000   0.000 1054019000
16.90   3.82   35.023
16.90   6.00    0.229    0.239
16.90   6.00    0.468   38.097
16.90   6.00    0.458    0.122   0.468   0.073
16.90   6.00    0.458    0.121   0.468   0.072

16.91   0.00    0.073    0.071   0.032   0.036   0.005   0.000   0.000   0.000   0.000   0.000   0.000 1054643000
16.91   3.82   35.022
16.91   6.00    0.229    0.239
16.91   6.00    0.468   38.098
16.91   6.00    0.458    0.122   0.468   0.073
16.91   6.00    0.458    0.121   0.468   0.072

16.92   0.00    0.073    0.071   0.032   0.036   0.005   0.000   0.000   0.000   0.000   0.000   0.000 1055266000
16.92   3.81   35.020
16.92   6.00    0.229    0.239
16.92   6.00    0.468   38.098
16.92   6.00    0.458    0.122   0.468   0.073
16.92   6.00    0.458    0.121   0.468   0.072

16.93   0.00    0.073    0.071   0.032   0.036   0.005   0.000   0.000   0.000   0.000   0.000   0.000 1055890000
16.93   3.81   35.018
16.93   6.00    0.229    0.239
16.93   6.00    0.468   38.098
16.93   6.00    0.457    0.122   0.468   0.073
16.93   6.00    0.458    0.121   0.468   0.072

16.94   0.00    0.073    0.071   0.032   0.036   0.005   0.000   0.000   0.000   0.000   0.000   0.000 1056514000
16.94   3.81   35.017
16.94   6.00    0.229    0.239
16.94   6.00    0.468   38.098
16.94   6.00    0.457    0.122   0.468   0.073
16.94   6.00    0.458    0.121   0.468   0.072

16.95   0.00    0.073    0.071   0.032   0.036   0.005   0.000   0.000   0.000   0.000   0.000   0.000 1057137000
16.95   3.81   35.015
16.95   6.00    0.229    0.239
16.95   6.00    0.468   38.098
16.95   6.00    0.457    0.122   0.468   0.073
16.95   6.00    0.458    0.121   0.468   0.072

16.96   0.00    0.073    0.071   0.032   0.036   0.005   0.000   0.000   0.000   0.000   0.000   0.000 1057761000
16.96   3.81   35.014
16.96   6.00    0.229    0.239
16.96   6.00    0.468   38.098
16.96   6.00    0.457    0.122   0.468   0.073
16.96   6.00    0.457    0.121   0.468   0.072

16.97   0.00    0.073    0.071   0.032   0.036   0.004   0.000   0.000   0.000   0.000   0.000   0.000 1058385000
16.97   3.81   35.012
16.97   6.00    0.229    0.239
16.97   6.00    0.468   38.099
16.97   6.00    0.457    0.122   0.468   0.073
16.97   6.00    0.457    0.121   0.468   0.072

16.98   0.00    0.073    0.071   0.032   0.036   0.004   0.000   0.000   0.000   0.000   0.000   0.000 1059008000
16.98   3.81   35.011
16.98   6.00    0.229    0.239
16.98   6.00    0.468   38.099
16.98   6.00    0.457    0.122   0.468   0.073
16.98   6.00    0.457    0.121   0.468   0.072

16.99   0.00    0.073    0.071   0.032   0.036   0.004   0.000   0.000   0.000   0.000   0.000   0.000 1059632000
16.99   3.81   35.009
16.99   6.00    0.229    0.239
16.99   6.00    0.467   38.099
16.99   6.00    0.457    0.122   0.467   0.073
16.99   6.00    0.457    0.121   0.467   0.072

17.00   0.00    0.073    0.071   0.032   0.036   0.004   0.000   0.000   0.000   0.000   0.000   0.000 1060256000
17.00   3.81   35.007
17.00   6.00    0.229    0.239
17.00   6.00    0.467   38.099
17.00   6.00    0.457    0.122   0.467   0.073
17.00   6.00    0.457    0.121   0.467   0.072

17.01   0.00    0.073    0.071   0.032   0.036   0.004   0.000   0.000   0.000   0.000   0.000   0.000 1060879000
17.01   3.81   35.006
17.01   6.00    0.229    0.239
17.01   6.00    0.467   38.099
17.01   6.00    0.457    0.122   0.467   0.073
17.01   6.00    0.457    0.121   0.467   0.072

17.02   0.00    0.073    0.071   0.032   0.036   0.004   0.000   0.000   0.000   0.000   0.000   0.000 1061503000
17.02   3.81   35.004
17.02   6.00    0.229    0.239
17.02   6.00    0.467   38.099
17.02   6.00    0.457    0.122   0.467   0.073
17.02   6.00    0.457    0.121   0.467   0.072

17.03   0.00    0.073    0.071   0.032   0.036   0.004   0.000   0.000   0.000   0.000   0.000   0.000 1062127000
17.03   3.81   35.003
17.03   6.00    0.229    0.239
17.03   6.00    0.467   38.100
17.03   6.00    0.457    0.122   0.467   0.073
17.03   6.00    0.457    0.121   0.467   0.072

17.04   0.00    0.072    0.071   0.032   0.036   0.004   0.000   0.000   0.000   0.000   0.000   0.000 1062750000
17.04   3.81   35.001
17.04   6.00    0.229    0.239
17.04   6.00    0.467   38.100
17.04   6.00    0.457    0.122   0.467   0.073
17.04   6.00    0.457    0.121   0.467   0.072

17.05   0.00    0.072    0.071   0.032   0.036   0.004   0.000   0.000   0.000   0.000   0.000   0.000 1063374000
17.05   3.81   35.000
17.05   6.00    0.229    0.239
17.05   6.00    0.467   38.100
17.05   6.00    0.457    0.122   0.467   0.073
17.05   6.00    0.457    0.121   0.467   0.072

17.06   0.00    0.072    0.071   0.032   0.036   0.004   0.000   0.000   0.000   0.000   0.000   0.000 1063998000
17.06   3.81   34.998
17.06   6.00    0.228    0.239
17.06   6.00    0.467   38.100
17.06   6.00    0.457    0.122   0.467   0.073
17.06   6.00    0.457    0.121   0.467   0.072

17.07   0.00    0.072    0.071   0.032   0.036   0.004   0.000   0.000   0.000   0.000   0.000   0.000 1064621000
17.07   3.81   34.996
17.07   6.00    0.228    0.239
17.07   6.00    0.467   38.100
17.07   6.00    0.457    0.122   0.467   0.073
17.07   6.00    0.457    0.121   0.467   0.072

17.08   0.00    0.072    0.071   0.032   0.036   0.004   0.000   0.000   0.000   0.000   0.000   0.000 1065245000
17.08   3.80   34.995
17.08   6.00    0.228    0.239
17.08   6.00    0.467   38.100
17.08   6.00    0.457    0.122   0.467   0.073
17.08   6.00    0.457    0.121   0.467   0.072

17.09   0.00    0.072    0.071   0.032   0.036   0.004   0.000   0.000   0.000   0.000   0.000   0.000 1065869000
17.09   3.80   34.993
17.09   6.00    0.228    0.239
17.09   6.00    0.467   38.101
17.09   6.00    0.457    0.122   0.467   0.073
17.09   6.00    0.457    0.121   0.467   0.072

17.10   0.00    0.072    0.071   0.032   0.036   0.004   0.000   0.000   0.000   0.000   0.000   0.000 1066492000
17.10   3.80   34.992
17.10   6.00    0.228    0.239
17.10   6.00    0.467   38.101
17.10   6.00    0.457    0.122   0.467   0.073
17.10   6.00    0.457    0.121   0.467   0.072

17.11   0.00    0.072    0.071   0.032   0.036   0.004   0.000   0.000   0.000   0.000   0.000   0.000 1067116000
17.11   3.80   34.990
17.11   6.00    0.228    0.239
17.11   6.00    0.467   38.101
17.11   6.00    0.457    0.122   0.467   0.073
17.11   6.00    0.457    0.121   0.467   0.072

17.12   0.00    0.072    0.071   0.032   0.036   0.004   0.000   0.000   0.000   0.000   0.000   0.000 1067740000
17.12   3.80   34.989
17.12   6.00    0.228    0.239
17.12   6.00    0.467   38.101
17.12   6.00    0.457    0.122   0.467   0.073
17.12   6.00    0.457    0.121   0.467   0.072

17.13   0.00    0.072    0.071   0.032   0.036   0.004   0.000   0.000   0.000   0.000   0.000   0.000 1068363000
17.13   3.80   34.987
17.13   6.00    0.228    0.239
17.13   6.00    0.467   38.101
17.13   6.00    0.457    0.122   0.467   0.073
17.13   6.00    0.457    0.121   0.467   0.072

17.14   0.00    0.072    0.071   0.032   0.036   0.004   0.000   0.000   0.000   0.000   0.000   0.000 1068987000
17.14   3.80   34.986
17.14   6.00    0.228    0.239
17.14   6.00    0.467   38.102
17.14   6.00    0.457    0.122   0.467   0.073
17.14   6.00    0.457    0.121   0.467   0.072

17.15   0.00    0.072    0.071   0.032   0.036   0.004   0.000   0.000   0.000   0.000   0.000   0.000 1069611000
17.15   3.80   34.984
17.15   6.00    0.228    0.239
17.15   6.00    0.467   38.102
17.15   6.00    0.457    0.122   0.467   0.073
17.15   6.00    0.457    0.121   0.467   0.072

17.16   0.00    0.072    0.071   0.032   0.036   0.004   0.000   0.000   0.000   0.000   0.000   0.000 1070234000
17.16   3.80   34.983
17.16   6.00    0.228    0.239
17.16   6.00    0.467   38.102
17.16   6.00    0.457    0.122   0.467   0.073
17.16   6.00    0.457    0.121   0.467   0.072

17.17   0.00    0.072    0.071   0.032   0.036   0.004   0.000   0.000   0.000   0.000   0.000   0.000 1070858000
17.17   3.80   34.981
17.17   6.00    0.228    0.239
17.17   6.00    0.467   38.102
17.17   6.00    0.457    0.122   0.467   0.073
17.17   6.00    0.457    0.121   0.467   0.072

17.18   0.00    0.072    0.071   0.032   0.036   0.004   0.000   0.000   0.000   0.000   0.000   0.000 1071482000
17.18   3.80   34.980
17.18   6.00    0.228    0.239
17.18   6.00    0.467   38.102
17.18   6.00    0.457    0.122   0.467   0.073
17.18   6.00    0.457    0.121   0.467   0.072

17.19   0.00    0.072    0.071   0.032   0.036   0.004   0.000   0.000   0.000   0.000   0.000   0.000 1072106000
17.19   3.80   34.978
17.19   6.00    0.228    0.239
17.19   6.00    0.467   38.102
17.19   6.00    0.457    0.122   0.467   0.073
17.19   6.00    0.457    0.121   0.467   0.072

17.20   0.00    0.072    0.071   0.032   0.036   0.004   0.000   0.000   0.000   0.000   0.000   0.000 1072729000
17.20   3.80   34.977
17.20   6.00    0.228    0.239
17.20   6.00    0.467   38.103
17.20   6.00    0.457    0.122   0.467   0.073
17.20   6.00    0.457    0.121   0.467   0.072

17.21   0.00    0.072    0.071   0.032   0.036   0.004   0.000   0.000   0.000   0.000   0.000   0.000 1073353000
17.21   3.80   34.975
17.21   6.00    0.228    0.239
17.21   6.00    0.467   38.103
17.21   6.00    0.456    0.122   0.467   0.073
17.21   6.00    0.457    0.121   0.467   0.072

17.22   0.00    0.072    0.071   0.032   0.036   0.004   0.000   0.000   0.000   0.000   0.000   0.000 1073977000
17.22   3.80   34.973
17.22   6.00    0.228    0.239
17.22   6.00    0.467   38.103
17.22   6.00    0.456    0.122   0.467   0.073
17.22   6.00    0.457    0.121   0.467   0.072

17.23   0.00    0.072    0.071   0.032   0.036   0.004   0.000   0.000   0.000   0.000   0.000   0.000 1074600000
17.23   3.80   34.972
17.23   6.00    0.228    0.239
17.23   6.00    0.467   38.103
17.23   6.00    0.456    0.122   0.467   0.073
17.23   6.00    0.457    0.121   0.467   0.072

17.24   0.00    0.072    0.071   0.032   0.036   0.004   0.000   0.000   0.000   0.000   0.000   0.000 1075224000
17.24   3.79   34.970
17.24   6.00    0.228    0.239
17.24   6.00    0.467   38.103
17.24   6.00    0.456    0.122   0.467   0.073
17.24   6.00    0.456    0.121   0.467   0.072

17.25   0.00    0.072    0.071   0.032   0.036   0.004   0.000   0.000   0.000   0.000   0.000   0.000 1075848000
17.25   3.79   34.969
17.25   6.00    0.228    0.239
17.25   6.00    0.467   38.103
17.25   6.00    0.456    0.122   0.467   0.073
17.25   6.00    0.456    0.121   0.467   0.072

17.26   0.00    0.072    0.071   0.032   0.036   0.004   0.000   0.000   0.000   0.000   0.000   0.000 1076471000
17.26   3.79   34.967
17.26   6.00    0.228    0.239
17.26   6.00    0.466   38.104
17.26   6.00    0.456    0.122   0.466   0.073
17.26   6.00    0.456    0.121   0.466   0.072

17.27   0.00    0.072    0.071   0.032   0.036   0.004   0.000   0.000   0.000   0.000   0.000   0.000 1077095000
17.27   3.79   34.966
17.27   6.00    0.228    0.239
17.27   6.00    0.466   38.104
17.27   6.00    0.456    0.122   0.466   0.073
17.27   6.00    0.456    0.120   0.466   0.072

17.28   0.00    0.072    0.071   0.032   0.036   0.004   0.000   0.000   0.000   0.000   0.000   0.000 1077719000
17.28   3.79   34.964
17.28   6.00    0.228    0.239
17.28   6.00    0.466   38.104
17.28   6.00    0.456    0.122   0.466   0.073
17.28   6.00    0.456    0.120   0.466   0.072

17.29   0.00    0.072    0.071   0.032   0.036   0.004   0.000   0.000   0.000   0.000   0.000   0.000 1078342000
17.29   3.79   34.963
17.29   6.00    0.228    0.239
17.29   6.00    0.466   38.104
17.29   6.00    0.456    0.122   0.466   0.073
17.29   6.00    0.456    0.120   0.466   0.072

17.30   0.00    0.072    0.071   0.032   0.036   0.004   0.000   0.000   0.000   0.000   0.000   0.000 1078966000
17.30   3.79   34.962
17.30   6.00    0.228    0.239
17.30   6.00    0.466   38.104
17.30   6.00    0.456    0.122   0.466   0.073
17.30   6.00    0.456    0.120   0.466   0.072

17.31   0.00    0.072    0.071   0.032   0.036   0.004   0.000   0.000   0.000   0.000   0.000   0.000 1079590000
17.31   3.79   34.960
17.31   6.00    0.228    0.239
17.31   6.00    0.466   38.105
17.31   6.00    0.456    0.121   0.466   0.073
17.31   6.00    0.456    0.120   0.466   0.072

17.32   0.00    0.072    0.071   0.032   0.036   0.004   0.000   0.000   0.000   0.000   0.000   0.000 1080213000
17.32   3.79   34.959
17.32   6.00    0.228    0.239
17.32   6.00    0.466   38.105
17.32   6.00    0.456    0.121   0.466   0.073
17.32   6.00    0.456    0.120   0.466   0.072

17.33   0.00    0.072    0.071   0.032   0.036   0.004   0.000   0.000   0.000   0.000   0.000   0.000 1080837000
17.33   3.79   34.957
17.33   6.00    0.227    0.239
17.33   6.00    0.466   38.105
17.33   6.00    0.456    0.121   0.466   0.073
17.33   6.00    0.456    0.120   0.466   0.072

17.34   0.00    0.072    0.071   0.032   0.036   0.004   0.000   0.000   0.000   0.000   0.000   0.000 1081461000
17.34   3.79   34.956
17.34   6.00    0.227    0.239
17.34   6.00    0.466   38.105
17.34   6.00    0.456    0.121   0.466   0.073
17.34   6.00    0.456    0.120   0.466   0.072

17.35   0.00    0.072    0.071   0.032   0.036   0.004   0.000   0.000   0.000   0.000   0.000   0.000 1082084000
17.35   3.79   34.954
17.35   6.00    0.227    0.239
17.35   6.00    0.466   38.105
17.35   6.00    0.456    0.121   0.466   0.073
17.35   6.00    0.456    0.120   0.466   0.072

17.36   0.00    0.072    0.071   0.032   0.036   0.004   0.000   0.000   0.000   0.000   0.000   0.000 1082708000
17.36   3.79   34.953
17.36   6.00    0.227    0.239
17.36   6.00    0.466   38.105
17.36   6.00    0.456    0.121   0.466   0.073
17.36   6.00    0.456    0.120   0.466   0.072

17.37   0.00    0.072    0.071   0.032   0.036   0.004   0.000   0.000   0.000   0.000   0.000   0.000 1083332000
17.37   3.79   34.951
17.37   6.00    0.227    0.239
17.37   6.00    0.466   38.106
17.37   6.00    0.456    0.121   0.466   0.073
17.37   6.00    0.456    0.120   0.466   0.072

17.38   0.00    0.072    0.071   0.032   0.036   0.004   0.000   0.000   0.000   0.000   0.000   0.000 1083955000
17.38   3.79   34.950
17.38   6.00    0.227    0.239
17.38   6.00    0.466   38.106
17.38   6.00    0.456    0.121   0.466   0.073
17.38   6.00    0.456    0.120   0.466   0.072

17.39   0.00    0.072    0.071   0.032   0.036   0.004   0.000   0.000   0.000   0.000   0.000   0.000 1084579000
17.39   3.79   34.948
17.39   6.00    0.227    0.239
17.39   6.00    0.466   38.106
17.39   6.00    0.456    0.121   0.466   0.073
17.39   6.00    0.456    0.120   0.466   0.072

17.40   0.00    0.072    0.071   0.032   0.036   0.004   0.000   0.000   0.000   0.000   0.000   0.000 1085203000
17.40   3.79   34.947
17.40   6.00    0.227    0.239
17.40   6.00    0.466   38.106
17.40   6.00    0.456    0.121   0.466   0.073
17.40   6.00    0.456    0.120   0.466   0.072

17.41   0.00    0.072    0.071   0.032   0.036   0.004   0.000   0.000   0.000   0.000   0.000   0.000 1085827000
17.41   3.78   34.945
17.41   6.00    0.227    0.239
17.41   6.00    0.466   38.106
17.41   6.00    0.456    0.121   0.466   0.073
17.41   6.00    0.456    0.120   0.466   0.072

17.42   0.00    0.072    0.071   0.032   0.036   0.004   0.000   0.000   0.000   0.000   0.000   0.000 1086450000
17.42   3.78   34.944
17.42   6.00    0.227    0.239
17.42   6.00    0.466   38.106
17.42   6.00    0.456    0.121   0.466   0.073
17.42   6.00    0.456    0.120   0.466   0.072

17.43   0.00    0.072    0.071   0.032   0.036   0.004   0.000   0.000   0.000   0.000   0.000   0.000 1087074000
17.43   3.78   34.942
17.43   6.00    0.227    0.239
17.43   6.00    0.466   38.107
17.43   6.00    0.456    0.121   0.466   0.073
17.43   6.00    0.456    0.120   0.466   0.072

17.44   0.00    0.072    0.071   0.032   0.036   0.004   0.000   0.000   0.000   0.000   0.000   0.000 1087698000
17.44   3.78   34.941
17.44   6.00    0.227    0.239
17.44   6.00    0.466   38.107
17.44   6.00    0.456    0.121   0.466   0.073
17.44   6.00    0.456    0.120   0.466   0.072

17.45   0.00    0.072    0.071   0.032   0.036   0.004   0.000   0.000   0.000   0.000   0.000   0.000 1088321000
17.45   3.78   34.940
17.45   6.00    0.227    0.239
17.45   6.00    0.466   38.107
17.45   6.00    0.456    0.121   0.466   0.073
17.45   6.00    0.456    0.120   0.466   0.072

17.46   0.00    0.072    0.071   0.032   0.036   0.004   0.000   0.000   0.000   0.000   0.000   0.000 1088945000
17.46   3.78   34.938
17.46   6.00    0.227    0.239
17.46   6.00    0.466   38.107
17.46   6.00    0.456    0.121   0.466   0.073
17.46   6.00    0.456    0.120   0.466   0.072

17.47   0.00    0.072    0.071   0.032   0.036   0.004   0.000   0.000   0.000   0.000   0.000   0.000 1089569000
17.47   3.78   34.937
17.47   6.00    0.227    0.239
17.47   6.00    0.466   38.107
17.47   6.00    0.456    0.121   0.466   0.073
17.47   6.00    0.456    0.120   0.466   0.072

17.48   0.00    0.072    0.071   0.032   0.036   0.004   0.000   0.000   0.000   0.000   0.000   0.000 1090192000
17.48   3.78   34.935
17.48   6.00    0.227    0.239
17.48   6.00    0.466   38.108
17.48   6.00    0.456    0.121   0.466   0.073
17.48   6.00    0.456    0.120   0.466   0.072

17.49   0.00    0.072    0.071   0.032   0.036   0.004   0.000   0.000   0.000   0.000   0.000   0.000 1090816000
17.49   3.78   34.934
17.49   6.00    0.227    0.239
17.49   6.00    0.466   38.108
17.49   6.00    0.455    0.121   0.466   0.073
17.49   6.00    0.456    0.120   0.466   0.072

17.50   0.00    0.072    0.071   0.032   0.036   0.004   0.000   0.000   0.000   0.000   0.000   0.000 1091440000
17.50   3.78   34.932
17.50   6.00    0.227    0.239
17.50   6.00    0.466   38.108
17.50   6.00    0.455    0.121   0.466   0.073
17.50   6.00    0.456    0.120   0.466   0.072

17.51   0.00    0.072    0.071   0.032   0.036   0.004   0.000   0.000   0.000   0.000   0.000   0.000 1092063000
17.51   3.78   34.931
17.51   6.00    0.227    0.239
17.51   6.00    0.466   38.108
17.51   6.00    0.455    0.121   0.466   0.073
17.51   6.00    0.456    0.120   0.466   0.072

17.52   0.00    0.072    0.071   0.032   0.036   0.004   0.000   0.000   0.000   0.000   0.000   0.000 1092687000
17.52   3.78   34.930
17.52   6.00    0.227    0.239
17.52   6.00    0.466   38.108
17.52   6.00    0.455    0.121   0.466   0.073
17.52   6.00    0.455    0.120   0.466   0.072

17.53   0.00    0.072    0.071   0.032   0.036   0.004   0.000   0.000   0.000   0.000   0.000   0.000 1093311000
17.53   3.78   34.928
17.53   6.00    0.227    0.239
17.53   6.00    0.466   38.108
17.53   6.00    0.455    0.121   0.466   0.073
17.53   6.00    0.455    0.120   0.466   0.072

17.54   0.00    0.072    0.071   0.032   0.036   0.004   0.000   0.000   0.000   0.000   0.000   0.000 1093934000
17.54   3.78   34.927
17.54   6.00    0.227    0.239
17.54   6.00    0.465   38.109
17.54   6.00    0.455    0.121   0.465   0.073
17.54   6.00    0.455    0.120   0.465   0.072

17.55   0.00    0.072    0.071   0.032   0.036   0.004   0.000   0.000   0.000   0.000   0.000   0.000 1094558000
17.55   3.78   34.925
17.55   6.00    0.227    0.239
17.55   6.00    0.465   38.109
17.55   6.00    0.455    0.121   0.465   0.073
17.55   6.00    0.455    0.120   0.465   0.072

17.56   0.00    0.072    0.071   0.032   0.036   0.004   0.000   0.000   0.000   0.000   0.000   0.000 1095182000
17.56   3.78   34.924
17.56   6.00    0.227    0.239
17.56   6.00    0.465   38.109
17.56   6.00    0.455    0.121   0.465   0.073
17.56   6.00    0.455    0.120   0.465   0.072

17.57   0.00    0.072    0.071   0.032   0.036   0.004   0.000   0.000   0.000   0.000   0.000   0.000 1095805000
17.57   3.78   34.922
17.57   6.00    0.227    0.239
17.57   6.00    0.465   38.109
17.57   6.00    0.455    0.121   0.465   0.073
17.57   6.00    0.455    0.120   0.465   0.072

17.58   0.00    0.072    0.071   0.032   0.036   0.004   0.000   0.000   0.000   0.000   0.000   0.000 1096429000
17.58   3.77   34.921
17.58   6.00    0.227    0.239
17.58   6.00    0.465   38.109
17.58   6.00    0.455    0.121   0.465   0.073
17.58   6.00    0.455    0.120   0.465   0.072

17.59   0.00    0.072    0.071   0.032   0.036   0.004   0.000   0.000   0.000   0.000   0.000   0.000 1097053000
17.59   3.77   34.920
17.59   6.00    0.227    0.239
17.59   6.00    0.465   38.110
17.59   6.00    0.455    0.121   0.465   0.073
17.59   6.00    0.455    0.120   0.465   0.072

17.60   0.00    0.072    0.071   0.032   0.036   0.004   0.000   0.000   0.000   0.000   0.000   0.000 1097676000
17.60   3.77   34.918
17.60   6.00    0.227    0.239
17.60   6.00    0.465   38.110
17.60   6.00    0.455    0.121   0.465   0.073
17.60   6.00    0.455    0.120   0.465   0.072

17.61   0.00    0.072    0.071   0.032   0.036   0.004   0.000   0.000   0.000   0.000   0.000   0.000 1098300000
17.61   3.77   34.917
17.61   6.00    0.226    0.239
17.61   6.00    0.465   38.110
17.61   6.00    0.455    0.121   0.465   0.073
17.61   6.00    0.455    0.120   0.465   0.072

17.62   0.00    0.072    0.071   0.032   0.036   0.004   0.000   0.000   0.000   0.000   0.000   0.000 1098924000
17.62   3.77   34.915
17.62   6.00    0.226    0.239
17.62   6.00    0.465   38.110
17.62   6.00    0.455    0.121   0.465   0.073
17.62   6.00    0.455    0.120   0.465   0.072

17.63   0.00    0.072    0.071   0.032   0.036   0.004   0.000   0.000   0.000   0.000   0.000   0.000 1099547000
17.63   3.77   34.914
17.63   6.00    0.226    0.239
17.63   6.00    0.465   38.110
17.63   6.00    0.455    0.121   0.465   0.073
17.63   6.00    0.455    0.120   0.465   0.072

17.64   0.00    0.072    0.071   0.032   0.036   0.004   0.000   0.000   0.000   0.000   0.000   0.000 1100171000
17.64   3.77   34.913
17.64   6.00    0.226    0.239
17.64   6.00    0.465   38.110
17.64   6.00    0.455    0.121   0.465   0.073
17.64   6.00    0.455    0.120   0.465   0.072

17.65   0.00    0.072    0.071   0.032   0.036   0.004   0.000   0.000   0.000   0.000   0.000   0.000 1100795000
17.65   3.77   34.911
17.65   6.00    0.226    0.239
17.65   6.00    0.465   38.111
17.65   6.00    0.455    0.121   0.465   0.073
17.65   6.00    0.455    0.120   0.465   0.072

17.66   0.00    0.072    0.071   0.032   0.036   0.004   0.000   0.000   0.000   0.000   0.000   0.000 1101418000
17.66   3.77   34.910
17.66   6.00    0.226    0.239
17.66   6.00    0.465   38.111
17.66   6.00    0.455    0.121   0.465   0.073
17.66   6.00    0.455    0.120   0.465   0.072

17.67   0.00    0.072    0.071   0.032   0.036   0.004   0.000   0.000   0.000   0.000   0.000   0.000 1102042000
17.67   3.77   34.908
17.67   6.00    0.226    0.239
17.67   6.00    0.465   38.111
17.67   6.00    0.455    0.121   0.465   0.073
17.67   6.00    0.455    0.120   0.465   0.072

17.68   0.00    0.072    0.071   0.032   0.036   0.004   0.000   0.000   0.000   0.000   0.000   0.000 1102666000
17.68   3.77   34.907
17.68   6.00    0.226    0.239
17.68   6.00    0.465   38.111
17.68   6.00    0.455    0.121   0.465   0.073
17.68   6.00    0.455    0.120   0.465   0.072

17.69   0.00    0.072    0.071   0.032   0.036   0.004   0.000   0.000   0.000   0.000   0.000   0.000 1103290000
17.69   3.77   34.906
17.69   6.00    0.226    0.239
17.69   6.00    0.465   38.111
17.69   6.00    0.455    0.121   0.465   0.073
17.69   6.00    0.455    0.120   0.465   0.072

17.70   0.00    0.072    0.071   0.032   0.036   0.004   0.000   0.000   0.000   0.000   0.000   0.000 1103913000
17.70   3.77   34.904
17.70   6.00    0.226    0.239
17.70   6.00    0.465   38.111
17.70   6.00    0.455    0.121   0.465   0.073
17.70   6.00    0.455    0.120   0.465   0.072

17.71   0.00    0.072    0.071   0.032   0.036   0.004   0.000   0.000   0.000   0.000   0.000   0.000 1104537000
17.71   3.77   34.903
17.71   6.00    0.226    0.239
17.71   6.00    0.465   38.112
17.71   6.00    0.455    0.121   0.465   0.073
17.71   6.00    0.455    0.120   0.465   0.072

17.72   0.00    0.072    0.071   0.032   0.036   0.004   0.000   0.000   0.000   0.000   0.000   0.000 1105161000
17.72   3.77   34.902
17.72   6.00    0.226    0.239
17.72   6.00    0.465   38.112
17.72   6.00    0.455    0.121   0.465   0.073
17.72   6.00    0.455    0.120   0.465   0.072

17.73   0.00    0.072    0.071   0.032   0.036   0.004   0.000   0.000   0.000   0.000   0.000   0.000 1105784000
17.73   3.77   34.900
17.73   6.00    0.226    0.239
17.73   6.00    0.465   38.112
17.73   6.00    0.455    0.121   0.465   0.073
17.73   6.00    0.455    0.120   0.465   0.072

17.74   0.00    0.072    0.071   0.032   0.036   0.004   0.000   0.000   0.000   0.000   0.000   0.000 1106408000
17.74   3.77   34.899
17.74   6.00    0.226    0.239
17.74   6.00    0.465   38.112
17.74   6.00    0.455    0.121   0.465   0.073
17.74   6.00    0.455    0.120   0.465   0.072

17.75   0.00    0.072    0.071   0.032   0.036   0.004   0.000   0.000   0.000   0.000   0.000   0.000 1107032000
17.75   3.77   34.897
17.75   6.00    0.226    0.239
17.75   6.00    0.465   38.112
17.75   6.00    0.455    0.121   0.465   0.073
17.75   6.00    0.455    0.120   0.465   0.072

17.76   0.00    0.072    0.071   0.032   0.036   0.004   0.000   0.000   0.000   0.000   0.000   0.000 1107655000
17.76   3.76   34.896
17.76   6.00    0.226    0.239
17.76   6.00    0.465   38.113
17.76   6.00    0.455    0.121   0.465   0.073
17.76   6.00    0.455    0.120   0.465   0.072

17.77   0.00    0.072    0.071   0.032   0.036   0.004   0.000   0.000   0.000   0.000   0.000   0.000 1108279000
17.77   3.76   34.895
17.77   6.00    0.226    0.239
17.77   6.00    0.465   38.113
17.77   6.00    0.455    0.121   0.465   0.073
17.77   6.00    0.455    0.120   0.465   0.072

17.78   0.00    0.072    0.071   0.032   0.036   0.004   0.000   0.000   0.000   0.000   0.000   0.000 1108903000
17.78   3.76   34.893
17.78   6.00    0.226    0.239
17.78   6.00    0.465   38.113
17.78   6.00    0.454    0.121   0.465   0.073
17.78   6.00    0.455    0.120   0.465   0.072

17.79   0.00    0.072    0.071   0.032   0.036   0.004   0.000   0.000   0.000   0.000   0.000   0.000 1109526000
17.79   3.76   34.892
17.79   6.00    0.226    0.239
17.79   6.00    0.465   38.113
17.79   6.00    0.454    0.121   0.465   0.073
17.79   6.00    0.455    0.120   0.465   0.072

17.80   0.00    0.072    0.071   0.032   0.036   0.004   0.000   0.000   0.000   0.000   0.000   0.000 1110150000
17.80   3.76   34.891
17.80   6.00    0.226    0.239
17.80   6.00    0.465   38.113
17.80   6.00    0.454    0.121   0.465   0.073
17.80   6.00    0.455    0.120   0.465   0.072

17.81   0.00    0.072    0.071   0.032   0.036   0.004   0.000   0.000   0.000   0.000   0.000   0.000 1110774000
17.81   3.76   34.889
17.81   6.00    0.226    0.239
17.81   6.00    0.465   38.113
17.81   6.00    0.454    0.121   0.465   0.073
17.81   6.00    0.454    0.120   0.465   0.072

17.82   0.00    0.072    0.071   0.032   0.036   0.004   0.000   0.000   0.000   0.000   0.000   0.000 1111397000
17.82   3.76   34.888
17.82   6.00    0.226    0.239
17.82   6.00    0.465   38.114
17.82   6.00    0.454    0.121   0.465   0.073
17.82   6.00    0.454    0.120   0.465   0.072

17.83   0.00    0.072    0.071   0.032   0.036   0.004   0.000   0.000   0.000   0.000   0.000   0.000 1112021000
17.83   3.76   34.887
17.83   6.00    0.226    0.239
17.83   6.00    0.464   38.114
17.83   6.00    0.454    0.121   0.464   0.073
17.83   6.00    0.454    0.120   0.464   0.072

17.84   0.00    0.072    0.071   0.032   0.036   0.004   0.000   0.000   0.000   0.000   0.000   0.000 1112645000
17.84   3.76   34.885
17.84   6.00    0.226    0.239
17.84   6.00    0.464   38.114
17.84   6.00    0.454    0.121   0.464   0.073
17.84   6.00    0.454    0.120   0.464   0.072

17.85   0.00    0.072    0.071   0.032   0.036   0.004   0.000   0.000   0.000   0.000   0.000   0.000 1113268000
17.85   3.76   34.884
17.85   6.00    0.226    0.239
17.85   6.00    0.464   38.114
17.85   6.00    0.454    0.121   0.464   0.073
17.85   6.00    0.454    0.120   0.464   0.072

17.86   0.00    0.072    0.071   0.032   0.036   0.004   0.000   0.000   0.000   0.000   0.000   0.000 1113892000
17.86   3.76   34.883
17.86   6.00    0.226    0.239
17.86   6.00    0.464   38.114
17.86   6.00    0.454    0.121   0.464   0.073
17.86   6.00    0.454    0.120   0.464   0.072

17.87   0.00    0.072    0.071   0.032   0.036   0.004   0.000   0.000   0.000   0.000   0.000   0.000 1114516000
17.87   3.76   34.881
17.87   6.00    0.226    0.239
17.87   6.00    0.464   38.115
17.87   6.00    0.454    0.121   0.464   0.073
17.87   6.00    0.454    0.120   0.464   0.072

17.88   0.00    0.072    0.071   0.032   0.036   0.004   0.000   0.000   0.000   0.000   0.000   0.000 1115139000
17.88   3.76   34.880
17.88   6.00    0.226    0.239
17.88   6.00    0.464   38.115
17.88   6.00    0.454    0.121   0.464   0.073
17.88   6.00    0.454    0.120   0.464   0.072

17.89   0.00    0.072    0.071   0.032   0.036   0.004   0.000   0.000   0.000   0.000   0.000   0.000 1115763000
17.89   3.76   34.879
17.89   6.00    0.226    0.239
17.89   6.00    0.464   38.115
17.89   6.00    0.454    0.121   0.464   0.073
17.89   6.00    0.454    0.120   0.464   0.072

17.90   0.00    0.072    0.071   0.032   0.036   0.004   0.000   0.000   0.000   0.000   0.000   0.000 1116387000
17.90   3.76   34.877
17.90   6.00    0.225    0.239
17.90   6.00    0.464   38.115
17.90   6.00    0.454    0.121   0.464   0.073
17.90   6.00    0.454    0.120   0.464   0.072

17.91   0.00    0.072    0.071   0.032   0.036   0.004   0.000   0.000   0.000   0.000   0.000   0.000 1117011000
17.91   3.76   34.876
17.91   6.00    0.225    0.239
17.91   6.00    0.464   38.115
17.91   6.00    0.454    0.121   0.464   0.073
17.91   6.00    0.454    0.120   0.464   0.072

17.92   0.00    0.072    0.071   0.032   0.036   0.004   0.000   0.000   0.000   0.000   0.000   0.000 1117634000
17.92   3.76   34.875
17.92   6.00    0.225    0.239
17.92   6.00    0.464   38.115
17.92   6.00    0.454    0.121   0.464   0.073
17.92   6.00    0.454    0.120   0.464   0.072

17.93   0.00    0.072    0.071   0.032   0.036   0.004   0.000   0.000   0.000   0.000   0.000   0.000 1118258000
17.93   3.76   34.873
17.93   6.00    0.225    0.239
17.93   6.00    0.464   38.116
17.93   6.00    0.454    0.121   0.464   0.073
17.93   6.00    0.454    0.120   0.464   0.072

17.94   0.00    0.072    0.071   0.032   0.036   0.004   0.000   0.000   0.000   0.000   0.000   0.000 1118882000
17.94   3.75   34.872
17.94   6.00    0.225    0.239
17.94   6.00    0.464   38.116
17.94   6.00    0.454    0.121   0.464   0.073
17.94   6.00    0.454    0.120   0.464   0.072

17.95   0.00    0.072    0.071   0.032   0.036   0.004   0.000   0.000   0.000   0.000   0.000   0.000 1119505000
17.95   3.75   34.871
17.95   6.00    0.225    0.239
17.95   6.00    0.464   38.116
17.95   6.00    0.454    0.121   0.464   0.073
17.95   6.00    0.454    0.120   0.464   0.072

17.96   0.00    0.072    0.071   0.032   0.036   0.004   0.000   0.000   0.000   0.000   0.000   0.000 1120129000
17.96   3.75   34.869
17.96   6.00    0.225    0.239
17.96   6.00    0.464   38.116
17.96   6.00    0.454    0.121   0.464   0.073
17.96   6.00    0.454    0.120   0.464   0.072

17.97   0.00    0.072    0.071   0.032   0.036   0.004   0.000   0.000   0.000   0.000   0.000   0.000 1120753000
17.97   3.75   34.868
17.97   6.00    0.225    0.239
17.97   6.00    0.464   38.116
17.97   6.00    0.454    0.121   0.464   0.073
17.97   6.00    0.454    0.120   0.464   0.072

17.98   0.00    0.072    0.071   0.032   0.036   0.004   0.000   0.000   0.000   0.000   0.000   0.000 1121376000
17.98   3.75   34.867
17.98   6.00    0.225    0.239
17.98   6.00    0.464   38.117
17.98   6.00    0.454    0.121   0.464   0.073
17.98   6.00    0.454    0.120   0.464   0.072

17.99   0.00    0.072    0.071   0.032   0.036   0.004   0.000   0.000   0.000   0.000   0.000   0.000 1122000000
17.99   3.75   34.865
17.99   6.00    0.225    0.239
17.99   6.00    0.464   38.117
17.99   6.00    0.454    0.121   0.464   0.073
17.99   6.00    0.454    0.120   0.464   0.072

18.00   0.00    0.072    0.071   0.032   0.036   0.004   0.000   0.000   0.000   0.000   0.000   0.000 1122624000
18.00   3.75   34.864
18.00   6.00    0.225    0.239
18.00   6.00    0.464   38.117
18.00   6.00    0.454    0.121   0.464   0.073
18.00   6.00    0.454    0.120   0.464   0.072

18.01   0.00    0.072    0.071   0.032   0.036   0.004   0.000   0.000   0.000   0.000   0.000   0.000 1123247000
18.01   3.75   34.863
18.01   6.00    0.225    0.239
18.01   6.00    0.464   38.117
18.01   6.00    0.454    0.121   0.464   0.073
18.01   6.00    0.454    0.120   0.464   0.072

18.02   0.00    0.072    0.071   0.032   0.036   0.004   0.000   0.000   0.000   0.000   0.000   0.000 1123871000
18.02   3.75   34.861
18.02   6.00    0.225    0.239
18.02   6.00    0.464   38.117
18.02   6.00    0.454    0.121   0.464   0.073
18.02   6.00    0.454    0.120   0.464   0.072

18.03   0.00    0.072    0.071   0.032   0.036   0.004   0.000   0.000   0.000   0.000   0.000   0.000 1124495000
18.03   3.75   34.860
18.03   6.00    0.225    0.239
18.03   6.00    0.464   38.117
18.03   6.00    0.454    0.121   0.464   0.073
18.03   6.00    0.454    0.120   0.464   0.072

18.04   0.00    0.072    0.071   0.032   0.036   0.004   0.000   0.000   0.000   0.000   0.000   0.000 1125118000
18.04   3.75   34.859
18.04   6.00    0.225    0.239
18.04   6.00    0.464   38.118
18.04   6.00    0.454    0.121   0.464   0.073
18.04   6.00    0.454    0.120   0.464   0.072

18.05   0.00    0.072    0.071   0.032   0.036   0.004   0.000   0.000   0.000   0.000   0.000   0.000 1125742000
18.05   3.75   34.858
18.05   6.00    0.225    0.239
18.05   6.00    0.464   38.118
18.05   6.00    0.454    0.121   0.464   0.073
18.05   6.00    0.454    0.120   0.464   0.072

18.06   0.00    0.072    0.071   0.032   0.036   0.004   0.000   0.000   0.000   0.000   0.000   0.000 1126366000
18.06   3.75   34.856
18.06   6.00    0.225    0.239
18.06   6.00    0.464   38.118
18.06   6.00    0.454    0.121   0.464   0.073
18.06   6.00    0.454    0.120   0.464   0.072

18.07   0.00    0.072    0.071   0.032   0.036   0.004   0.000   0.000   0.000   0.000   0.000   0.000 1126989000
18.07   3.75   34.855
18.07   6.00    0.225    0.239
18.07   6.00    0.464   38.118
18.07   6.00    0.454    0.121   0.464   0.073
18.07   6.00    0.454    0.120   0.464   0.072

18.08   0.00    0.072    0.071   0.032   0.036   0.004   0.000   0.000   0.000   0.000   0.000   0.000 1127613000
18.08   3.75   34.854
18.08   6.00    0.225    0.239
18.08   6.00    0.464   38.118
18.08   6.00    0.454    0.121   0.464   0.073
18.08   6.00    0.454    0.120   0.464   0.072

18.09   0.00    0.072    0.071   0.032   0.036   0.004   0.000   0.000   0.000   0.000   0.000   0.000 1128237000
18.09   3.75   34.852
18.09   6.00    0.225    0.239
18.09   6.00    0.464   38.119
18.09   6.00    0.453    0.121   0.464   0.073
18.09   6.00    0.454    0.120   0.464   0.072

18.10   0.00    0.072    0.071   0.032   0.036   0.004   0.000   0.000   0.000   0.000   0.000   0.000 1128860000
18.10   3.75   34.851
18.10   6.00    0.225    0.239
18.10   6.00    0.464   38.119
18.10   6.00    0.453    0.121   0.464   0.073
18.10   6.00    0.454    0.120   0.464   0.072

18.11   0.00    0.072    0.071   0.032   0.036   0.004   0.000   0.000   0.000   0.000   0.000   0.000 1129484000
18.11   3.75   34.850
18.11   6.00    0.225    0.239
18.11   6.00    0.464   38.119
18.11   6.00    0.453    0.121   0.464   0.073
18.11   6.00    0.454    0.120   0.464   0.072

18.12   0.00    0.072    0.071   0.032   0.036   0.004   0.000   0.000   0.000   0.000   0.000   0.000 1130108000
18.12   3.75   34.849
18.12   6.00    0.225    0.239
18.12   6.00    0.464   38.119
18.12   6.00    0.453    0.121   0.464   0.073
18.12   6.00    0.453    0.120   0.464   0.072

18.13   0.00    0.072    0.071   0.032   0.036   0.004   0.000   0.000   0.000   0.000   0.000   0.000 1130731000
18.13   3.74   34.847
18.13   6.00    0.225    0.239
18.13   6.00    0.463   38.119
18.13   6.00    0.453    0.121   0.463   0.073
18.13   6.00    0.453    0.120   0.463   0.072

18.14   0.00    0.072    0.071   0.032   0.036   0.004   0.000   0.000   0.000   0.000   0.000   0.000 1131355000
18.14   3.74   34.846
18.14   6.00    0.225    0.239
18.14   6.00    0.463   38.119
18.14   6.00    0.453    0.121   0.463   0.073
18.14   6.00    0.453    0.120   0.463   0.072

18.15   0.00    0.072    0.071   0.032   0.036   0.004   0.000   0.000   0.000   0.000   0.000   0.000 1131979000
18.15   3.74   34.845
18.15   6.00    0.225    0.239
18.15   6.00    0.463   38.120
18.15   6.00    0.453    0.121   0.463   0.073
18.15   6.00    0.453    0.120   0.463   0.072

18.16   0.00    0.072    0.071   0.032   0.036   0.004   0.000   0.000   0.000   0.000   0.000   0.000 1132602000
18.16   3.74   34.844
18.16   6.00    0.225    0.239
18.16   6.00    0.463   38.120
18.16   6.00    0.453    0.121   0.463   0.073
18.16   6.00    0.453    0.120   0.463   0.072

18.17   0.00    0.072    0.071   0.032   0.036   0.004   0.000   0.000   0.000   0.000   0.000   0.000 1133226000
18.17   3.74   34.842
18.17   6.00    0.225    0.239
18.17   6.00    0.463   38.120
18.17   6.00    0.453    0.121   0.463   0.073
18.17   6.00    0.453    0.120   0.463   0.072

18.18   0.00    0.072    0.071   0.032   0.036   0.004   0.000   0.000   0.000   0.000   0.000   0.000 1133850000
18.18   3.74   34.841
18.18   6.00    0.225    0.239
18.18   6.00    0.463   38.120
18.18   6.00    0.453    0.121   0.463   0.073
18.18   6.00    0.453    0.120   0.463   0.072

18.19   0.00    0.072    0.071   0.032   0.036   0.004   0.000   0.000   0.000   0.000   0.000   0.000 1134474000
18.19   3.74   34.840
18.19   6.00    0.225    0.239
18.19   6.00    0.463   38.120
18.19   6.00    0.453    0.121   0.463   0.073
18.19   6.00    0.453    0.120   0.463   0.072

18.20   0.00    0.072    0.071   0.032   0.036   0.004   0.000   0.000   0.000   0.000   0.000   0.000 1135097000
18.20   3.74   34.838
18.20   6.00    0.224    0.239
18.20   6.00    0.463   38.121
18.20   6.00    0.453    0.121   0.463   0.073
18.20   6.00    0.453    0.120   0.463   0.072

18.21   0.00    0.072    0.071   0.032   0.036   0.004   0.000   0.000   0.000   0.000   0.000   0.000 1135721000
18.21   3.74   34.837
18.21   6.00    0.224    0.239
18.21   6.00    0.463   38.121
18.21   6.00    0.453    0.121   0.463   0.073
18.21   6.00    0.453    0.120   0.463   0.072

18.22   0.00    0.072    0.071   0.032   0.036   0.004   0.000   0.000   0.000   0.000   0.000   0.000 1136345000
18.22   3.74   34.836
18.22   6.00    0.224    0.239
18.22   6.00    0.463   38.121
18.22   6.00    0.453    0.121   0.463   0.073
18.22   6.00    0.453    0.120   0.463   0.072

18.23   0.00    0.072    0.071   0.032   0.036   0.004   0.000   0.000   0.000   0.000   0.000   0.000 1136968000
18.23   3.74   34.835
18.23   6.00    0.224    0.239
18.23   6.00    0.463   38.121
18.23   6.00    0.453    0.121   0.463   0.073
18.23   6.00    0.453    0.120   0.463   0.072

18.24   0.00    0.072    0.071   0.032   0.036   0.004   0.000   0.000   0.000   0.000   0.000   0.000 1137592000
18.24   3.74   34.833
18.24   6.00    0.224    0.239
18.24   6.00    0.463   38.121
18.24   6.00    0.453    0.121   0.463   0.073
18.24   6.00    0.453    0.120   0.463   0.072

18.25   0.00    0.072    0.071   0.032   0.036   0.004   0.000   0.000   0.000   0.000   0.000   0.000 1138216000
18.25   3.74   34.832
18.25   6.00    0.224    0.239
18.25   6.00    0.463   38.121
18.25   6.00    0.453    0.121   0.463   0.073
18.25   6.00    0.453    0.120   0.463   0.072

18.26   0.00    0.072    0.071   0.032   0.036   0.004   0.000   0.000   0.000   0.000   0.000   0.000 1138839000
18.26   3.74   34.831
18.26   6.00    0.224    0.239
18.26   6.00    0.463   38.122
18.26   6.00    0.453    0.121   0.463   0.073
18.26   6.00    0.453    0.120   0.463   0.072

18.27   0.00    0.072    0.071   0.032   0.036   0.004   0.000   0.000   0.000   0.000   0.000   0.000 1139463000
18.27   3.74   34.830
18.27   6.00    0.224    0.239
18.27   6.00    0.463   38.122
18.27   6.00    0.453    0.121   0.463   0.073
18.27   6.00    0.453    0.120   0.463   0.072

18.28   0.00    0.072    0.071   0.032   0.036   0.004   0.000   0.000   0.000   0.000   0.000   0.000 1140087000
18.28   3.74   34.828
18.28   6.00    0.224    0.239
18.28   6.00    0.463   38.122
18.28   6.00    0.453    0.121   0.463   0.073
18.28   6.00    0.453    0.120   0.463   0.072

18.29   0.00    0.072    0.071   0.032   0.036   0.004   0.000   0.000   0.000   0.000   0.000   0.000 1140710000
18.29   3.74   34.827
18.29   6.00    0.224    0.239
18.29   6.00    0.463   38.122
18.29   6.00    0.453    0.121   0.463   0.073
18.29   6.00    0.453    0.120   0.463   0.072

18.30   0.00    0.072    0.071   0.032   0.036   0.004   0.000   0.000   0.000   0.000   0.000   0.000 1141334000
18.30   3.74   34.826
18.30   6.00    0.224    0.239
18.30   6.00    0.463   38.122
18.30   6.00    0.453    0.121   0.463   0.073
18.30   6.00    0.453    0.120   0.463   0.072

18.31   0.00    0.072    0.071   0.032   0.036   0.004   0.000   0.000   0.000   0.000   0.000   0.000 1141958000
18.31   3.74   34.825
18.31   6.00    0.224    0.239
18.31   6.00    0.463   38.123
18.31   6.00    0.453    0.121   0.463   0.073
18.31   6.00    0.453    0.120   0.463   0.072

18.32   0.00    0.072    0.071   0.032   0.036   0.004   0.000   0.000   0.000   0.000   0.000   0.000 1142581000
18.32   3.73   34.824
18.32   6.00    0.224    0.239
18.32   6.00    0.463   38.123
18.32   6.00    0.453    0.121   0.463   0.073
18.32   6.00    0.453    0.120   0.463   0.072

18.33   0.00    0.072    0.071   0.032   0.036   0.004   0.000   0.000   0.000   0.000   0.000   0.000 1143205000
18.33   3.73   34.822
18.33   6.00    0.224    0.239
18.33   6.00    0.463   38.123
18.33   6.00    0.453    0.121   0.463   0.073
18.33   6.00    0.453    0.120   0.463   0.072

18.34   0.00    0.072    0.071   0.032   0.036   0.004   0.000   0.000   0.000   0.000   0.000   0.000 1143829000
18.34   3.73   34.821
18.34   6.00    0.224    0.239
18.34   6.00    0.463   38.123
18.34   6.00    0.453    0.121   0.463   0.073
18.34   6.00    0.453    0.120   0.463   0.072

18.35   0.00    0.072    0.071   0.032   0.036   0.004   0.000   0.000   0.000   0.000   0.000   0.000 1144452000
18.35   3.73   34.820
18.35   6.00    0.224    0.239
18.35   6.00    0.463   38.123
18.35   6.00    0.453    0.121   0.463   0.073
18.35   6.00    0.453    0.120   0.463   0.072

18.36   0.00    0.072    0.071   0.032   0.036   0.004   0.000   0.000   0.000   0.000   0.000   0.000 1145076000
18.36   3.73   34.819
18.36   6.00    0.224    0.239
18.36   6.00    0.463   38.124
18.36   6.00    0.453    0.121   0.463   0.073
18.36   6.00    0.453    0.120   0.463   0.072

18.37   0.00    0.072    0.071   0.032   0.036   0.004   0.000   0.000   0.000   0.000   0.000   0.000 1145700000
18.37   3.73   34.817
18.37   6.00    0.224    0.239
18.37   6.00    0.463   38.124
18.37   6.00    0.453    0.121   0.463   0.073
18.37   6.00    0.453    0.120   0.463   0.072

18.38   0.00    0.072    0.071   0.032   0.036   0.004   0.000   0.000   0.000   0.000   0.000   0.000 1146323000
18.38   3.73   34.816
18.38   6.00    0.224    0.239
18.38   6.00    0.463   38.124
18.38   6.00    0.453    0.121   0.463   0.073
18.38   6.00    0.453    0.120   0.463   0.072

18.39   0.00    0.072    0.071   0.032   0.036   0.004   0.000   0.000   0.000   0.000   0.000   0.000 1146947000
18.39   3.73   34.815
18.39   6.00    0.224    0.239
18.39   6.00    0.463   38.124
18.39   6.00    0.453    0.121   0.463   0.073
18.39   6.00    0.453    0.120   0.463   0.072

18.40   0.00    0.072    0.071   0.032   0.036   0.004   0.000   0.000   0.000   0.000   0.000   0.000 1147571000
18.40   3.73   34.814
18.40   6.00    0.224    0.239
18.40   6.00    0.463   38.124
18.40   6.00    0.452    0.121   0.463   0.073
18.40   6.00    0.453    0.120   0.463   0.072

18.41   0.00    0.072    0.071   0.032   0.036   0.004   0.000   0.000   0.000   0.000   0.000   0.000 1148195000
18.41   3.73   34.813
18.41   6.00    0.224    0.239
18.41   6.00    0.463   38.124
18.41   6.00    0.452    0.121   0.463   0.073
18.41   6.00    0.453    0.120   0.463   0.072

18.42   0.00    0.072    0.071   0.032   0.036   0.004   0.000   0.000   0.000   0.000   0.000   0.000 1148818000
18.42   3.73   34.811
18.42   6.00    0.224    0.239
18.42   6.00    0.463   38.125
18.42   6.00    0.452    0.121   0.463   0.073
18.42   6.00    0.453    0.120   0.463   0.072

18.43   0.00    0.072    0.071   0.032   0.036   0.004   0.000   0.000   0.000   0.000   0.000   0.000 1149442000
18.43   3.73   34.810
18.43   6.00    0.224    0.239
18.43   6.00    0.463   38.125
18.43   6.00    0.452    0.121   0.463   0.073
18.43   6.00    0.452    0.120   0.463   0.072

18.44   0.00    0.072    0.071   0.032   0.036   0.004   0.000   0.000   0.000   0.000   0.000   0.000 1150066000
18.44   3.73   34.809
18.44   6.00    0.224    0.239
18.44   6.00    0.462   38.125
18.44   6.00    0.452    0.121   0.462   0.073
18.44   6.00    0.452    0.120   0.462   0.072

18.45   0.00    0.072    0.071   0.032   0.036   0.004   0.000   0.000   0.000   0.000   0.000   0.000 1150689000
18.45   3.73   34.808
18.45   6.00    0.224    0.239
18.45   6.00    0.462   38.125
18.45   6.00    0.452    0.121   0.462   0.073
18.45   6.00    0.452    0.120   0.462   0.072

18.46   0.00    0.072    0.071   0.032   0.036   0.004   0.000   0.000   0.000   0.000   0.000   0.000 1151313000
18.46   3.73   34.807
18.46   6.00    0.224    0.239
18.46   6.00    0.462   38.125
18.46   6.00    0.452    0.121   0.462   0.073
18.46   6.00    0.452    0.120   0.462   0.072

18.47   0.00    0.072    0.071   0.032   0.036   0.004   0.000   0.000   0.000   0.000   0.000   0.000 1151937000
18.47   3.73   34.805
18.47   6.00    0.224    0.239
18.47   6.00    0.462   38.126
18.47   6.00    0.452    0.121   0.462   0.073
18.47   6.00    0.452    0.120   0.462   0.072

18.48   0.00    0.072    0.071   0.032   0.036   0.004   0.000   0.000   0.000   0.000   0.000   0.000 1152560000
18.48   3.73   34.804
18.48   6.00    0.224    0.239
18.48   6.00    0.462   38.126
18.48   6.00    0.452    0.121   0.462   0.073
18.48   6.00    0.452    0.120   0.462   0.072

18.49   0.00    0.072    0.071   0.032   0.036   0.004   0.000   0.000   0.000   0.000   0.000   0.000 1153184000
18.49   3.73   34.803
18.49   6.00    0.224    0.239
18.49   6.00    0.462   38.126
18.49   6.00    0.452    0.121   0.462   0.073
18.49   6.00    0.452    0.120   0.462   0.072

18.50   0.00    0.072    0.071   0.032   0.036   0.004   0.000   0.000   0.000   0.000   0.000   0.000 1153808000
18.50   3.73   34.802
18.50   6.00    0.224    0.239
18.50   6.00    0.462   38.126
18.50   6.00    0.452    0.121   0.462   0.073
18.50   6.00    0.452    0.120   0.462   0.072

18.51   0.00    0.072    0.071   0.032   0.036   0.004   0.000   0.000   0.000   0.000   0.000   0.000 1154431000
18.51   3.72   34.801
18.51   6.00    0.223    0.239
18.51   6.00    0.462   38.126
18.51   6.00    0.452    0.121   0.462   0.073
18.51   6.00    0.452    0.120   0.462   0.072

18.52   0.00    0.072    0.071   0.032   0.036   0.004   0.000   0.000   0.000   0.000   0.000   0.000 1155055000
18.52   3.72   34.799
18.52   6.00    0.223    0.239
18.52   6.00    0.462   38.126
18.52   6.00    0.452    0.120   0.462   0.073
18.52   6.00    0.452    0.120   0.462   0.072

18.53   0.00    0.072    0.071   0.032   0.036   0.004   0.000   0.000   0.000   0.000   0.000   0.000 1155679000
18.53   3.72   34.798
18.53   6.00    0.223    0.239
18.53   6.00    0.462   38.127
18.53   6.00    0.452    0.120   0.462   0.073
18.53   6.00    0.452    0.120   0.462   0.072

18.54   0.00    0.072    0.071   0.032   0.036   0.004   0.000   0.000   0.000   0.000   0.000   0.000 1156302000
18.54   3.72   34.797
18.54   6.00    0.223    0.239
18.54   6.00    0.462   38.127
18.54   6.00    0.452    0.120   0.462   0.073
18.54   6.00    0.452    0.120   0.462   0.072

18.55   0.00    0.072    0.071   0.032   0.036   0.004   0.000   0.000   0.000   0.000   0.000   0.000 1156926000
18.55   3.72   34.796
18.55   6.00    0.223    0.239
18.55   6.00    0.462   38.127
18.55   6.00    0.452    0.120   0.462   0.073
18.55   6.00    0.452    0.120   0.462   0.072

18.56   0.00    0.072    0.071   0.032   0.036   0.004   0.000   0.000   0.000   0.000   0.000   0.000 1157550000
18.56   3.72   34.795
18.56   6.00    0.223    0.239
18.56   6.00    0.462   38.127
18.56   6.00    0.452    0.120   0.462   0.073
18.56   6.00    0.452    0.120   0.462   0.072

18.57   0.00    0.072    0.071   0.032   0.036   0.004   0.000   0.000   0.000   0.000   0.000   0.000 1158173000
18.57   3.72   34.793
18.57   6.00    0.223    0.239
18.57   6.00    0.462   38.127
18.57   6.00    0.452    0.120   0.462   0.073
18.57   6.00    0.452    0.120   0.462   0.072

18.58   0.00    0.072    0.071   0.032   0.036   0.004   0.000   0.000   0.000   0.000   0.000   0.000 1158797000
18.58   3.72   34.792
18.58   6.00    0.223    0.239
18.58   6.00    0.462   38.128
18.58   6.00    0.452    0.120   0.462   0.073
18.58   6.00    0.452    0.120   0.462   0.072

18.59   0.00    0.072    0.071   0.032   0.036   0.004   0.000   0.000   0.000   0.000   0.000   0.000 1159421000
18.59   3.72   34.791
18.59   6.00    0.223    0.239
18.59   6.00    0.462   38.128
18.59   6.00    0.452    0.120   0.462   0.073
18.59   6.00    0.452    0.120   0.462   0.072

18.60   0.00    0.072    0.071   0.032   0.036   0.004   0.000   0.000   0.000   0.000   0.000   0.000 1160044000
18.60   3.72   34.790
18.60   6.00    0.223    0.239
18.60   6.00    0.462   38.128
18.60   6.00    0.452    0.120   0.462   0.073
18.60   6.00    0.452    0.120   0.462   0.072

18.61   0.00    0.072    0.071   0.032   0.036   0.004   0.000   0.000   0.000   0.000   0.000   0.000 1160668000
18.61   3.72   34.789
18.61   6.00    0.223    0.239
18.61   6.00    0.462   38.128
18.61   6.00    0.452    0.120   0.462   0.073
18.61   6.00    0.452    0.120   0.462   0.072

18.62   0.00    0.072    0.071   0.032   0.036   0.004   0.000   0.000   0.000   0.000   0.000   0.000 1161292000
18.62   3.72   34.788
18.62   6.00    0.223    0.239
18.62   6.00    0.462   38.128
18.62   6.00    0.452    0.120   0.462   0.073
18.62   6.00    0.452    0.120   0.462   0.072

18.63   0.00    0.072    0.071   0.032   0.036   0.004   0.000   0.000   0.000   0.000   0.000   0.000 1161915000
18.63   3.72   34.786
18.63   6.00    0.223    0.239
18.63   6.00    0.462   38.128
18.63   6.00    0.452    0.120   0.462   0.073
18.63   6.00    0.452    0.120   0.462   0.072

18.64   0.00    0.072    0.071   0.032   0.036   0.004   0.000   0.000   0.000   0.000   0.000   0.000 1162539000
18.64   3.72   34.785
18.64   6.00    0.223    0.239
18.64   6.00    0.462   38.129
18.64   6.00    0.452    0.120   0.462   0.073
18.64   6.00    0.452    0.120   0.462   0.072

18.65   0.00    0.072    0.071   0.032   0.036   0.004   0.000   0.000   0.000   0.000   0.000   0.000 1163163000
18.65   3.72   34.784
18.65   6.00    0.223    0.239
18.65   6.00    0.462   38.129
18.65   6.00    0.452    0.120   0.462   0.073
18.65   6.00    0.452    0.120   0.462   0.072

18.66   0.00    0.072    0.071   0.032   0.036   0.004   0.000   0.000   0.000   0.000   0.000   0.000 1163786000
18.66   3.72   34.783
18.66   6.00    0.223    0.239
18.66   6.00    0.462   38.129
18.66   6.00    0.452    0.120   0.462   0.073
18.66   6.00    0.452    0.120   0.462   0.072

18.67   0.00    0.072    0.071   0.032   0.036   0.004   0.000   0.000   0.000   0.000   0.000   0.000 1164410000
18.67   3.72   34.782
18.67   6.00    0.223    0.239
18.67   6.00    0.462   38.129
18.67   6.00    0.452    0.120   0.462   0.073
18.67   6.00    0.452    0.119   0.462   0.072

18.68   0.00    0.072    0.071   0.032   0.036   0.004   0.000   0.000   0.000   0.000   0.000   0.000 1165034000
18.68   3.72   34.781
18.68   6.00    0.223    0.239
18.68   6.00    0.462   38.129
18.68   6.00    0.452    0.120   0.462   0.073
18.68   6.00    0.452    0.119   0.462   0.072

18.69   0.00    0.072    0.071   0.032   0.036   0.004   0.000   0.000   0.000   0.000   0.000   0.000 1165658000
18.69   3.72   34.779
18.69   6.00    0.223    0.239
18.69   6.00    0.462   38.130
18.69   6.00    0.452    0.120   0.462   0.073
18.69   6.00    0.452    0.119   0.462   0.072

18.70   0.00    0.072    0.071   0.032   0.036   0.004   0.000   0.000   0.000   0.000   0.000   0.000 1166281000
18.70   3.72   34.778
18.70   6.00    0.223    0.239
18.70   6.00    0.462   38.130
18.70   6.00    0.452    0.120   0.462   0.073
18.70   6.00    0.452    0.119   0.462   0.072

18.71   0.00    0.072    0.071   0.032   0.036   0.004   0.000   0.000   0.000   0.000   0.000   0.000 1166905000
18.71   3.71   34.777
18.71   6.00    0.223    0.239
18.71   6.00    0.462   38.130
18.71   6.00    0.452    0.120   0.462   0.072
18.71   6.00    0.452    0.119   0.462   0.072

18.72   0.00    0.072    0.071   0.032   0.036   0.004   0.000   0.000   0.000   0.000   0.000   0.000 1167529000
18.72   3.71   34.776
18.72   6.00    0.223    0.239
18.72   6.00    0.462   38.130
18.72   6.00    0.451    0.120   0.462   0.072
18.72   6.00    0.452    0.119   0.462   0.072

18.73   0.00    0.072    0.071   0.032   0.036   0.004   0.000   0.000   0.000   0.000   0.000   0.000 1168152000
18.73   3.71   34.775
18.73   6.00    0.223    0.239
18.73   6.00    0.462   38.130
18.73   6.00    0.451    0.120   0.462   0.072
18.73   6.00    0.452    0.119   0.462   0.072

18.74   0.00    0.072    0.071   0.032   0.036   0.004   0.000   0.000   0.000   0.000   0.000   0.000 1168776000
18.74   3.71   34.774
18.74   6.00    0.223    0.239
18.74   6.00    0.462   38.131
18.74   6.00    0.451    0.120   0.462   0.072
18.74   6.00    0.452    0.119   0.462   0.072

18.75   0.00    0.072    0.071   0.032   0.036   0.004   0.000   0.000   0.000   0.000   0.000   0.000 1169400000
18.75   3.71   34.773
18.75   6.00    0.223    0.239
18.75   6.00    0.461   38.131
18.75   6.00    0.451    0.120   0.461   0.072
18.75   6.00    0.451    0.119   0.461   0.072

18.76   0.00    0.072    0.071   0.032   0.036   0.004   0.000   0.000   0.000   0.000   0.000   0.000 1170023000
18.76   3.71   34.771
18.76   6.00    0.223    0.239
18.76   6.00    0.461   38.131
18.76   6.00    0.451    0.120   0.461   0.072
18.76   6.00    0.451    0.119   0.461   0.072

18.77   0.00    0.072    0.071   0.032   0.036   0.004   0.000   0.000   0.000   0.000   0.000   0.000 1170647000
18.77   3.71   34.770
18.77   6.00    0.223    0.239
18.77   6.00    0.461   38.131
18.77   6.00    0.451    0.120   0.461   0.072
18.77   6.00    0.451    0.119   0.461   0.072

18.78   0.00    0.072    0.071   0.032   0.036   0.004   0.000   0.000   0.000   0.000   0.000   0.000 1171271000
18.78   3.71   34.769
18.78   6.00    0.223    0.239
18.78   6.00    0.461   38.131
18.78   6.00    0.451    0.120   0.461   0.072
18.78   6.00    0.451    0.119   0.461   0.072

18.79   0.00    0.072    0.071   0.032   0.036   0.004   0.000   0.000   0.000   0.000   0.000   0.000 1171894000
18.79   3.71   34.768
18.79   6.00    0.223    0.239
18.79   6.00    0.461   38.131
18.79   6.00    0.451    0.120   0.461   0.072
18.79   6.00    0.451    0.119   0.461   0.072

18.80   0.00    0.072    0.071   0.032   0.036   0.004   0.000   0.000   0.000   0.000   0.000   0.000 1172518000
18.80   3.71   34.767
18.80   6.00    0.223    0.239
18.80   6.00    0.461   38.132
18.80   6.00    0.451    0.120   0.461   0.072
18.80   6.00    0.451    0.119   0.461   0.072

18.81   0.00    0.072    0.071   0.032   0.036   0.004   0.000   0.000   0.000   0.000   0.000   0.000 1173142000
18.81   3.71   34.766
18.81   6.00    0.223    0.239
18.81   6.00    0.461   38.132
18.81   6.00    0.451    0.120   0.461   0.072
18.81   6.00    0.451    0.119   0.461   0.072

18.82   0.00    0.072    0.071   0.032   0.036   0.004   0.000   0.000   0.000   0.000   0.000   0.000 1173765000
18.82   3.71   34.765
18.82   6.00    0.223    0.239
18.82   6.00    0.461   38.132
18.82   6.00    0.451    0.120   0.461   0.072
18.82   6.00    0.451    0.119   0.461   0.072

18.83   0.00    0.072    0.071   0.032   0.036   0.004   0.000   0.000   0.000   0.000   0.000   0.000 1174389000
18.83   3.71   34.763
18.83   6.00    0.222    0.239
18.83   6.00    0.461   38.132
18.83   6.00    0.451    0.120   0.461   0.072
18.83   6.00    0.451    0.119   0.461   0.072

18.84   0.00    0.072    0.071   0.032   0.036   0.004   0.000   0.000   0.000   0.000   0.000   0.000 1175013000
18.84   3.71   34.762
18.84   6.00    0.222    0.239
18.84   6.00    0.461   38.132
18.84   6.00    0.451    0.120   0.461   0.072
18.84   6.00    0.451    0.119   0.461   0.072

18.85   0.00    0.072    0.071   0.032   0.036   0.004   0.000   0.000   0.000   0.000   0.000   0.000 1175636000
18.85   3.71   34.761
18.85   6.00    0.222    0.239
18.85   6.00    0.461   38.133
18.85   6.00    0.451    0.120   0.461   0.072
18.85   6.00    0.451    0.119   0.461   0.072

18.86   0.00    0.072    0.071   0.032   0.036   0.004   0.000   0.000   0.000   0.000   0.000   0.000 1176260000
18.86   3.71   34.760
18.86   6.00    0.222    0.239
18.86   6.00    0.461   38.133
18.86   6.00    0.451    0.120   0.461   0.072
18.86   6.00    0.451    0.119   0.461   0.072

18.87   0.00    0.072    0.071   0.032   0.036   0.004   0.000   0.000   0.000   0.000   0.000   0.000 1176884000
18.87   3.71   34.759
18.87   6.00    0.222    0.239
18.87   6.00    0.461   38.133
18.87   6.00    0.451    0.120   0.461   0.072
18.87   6.00    0.451    0.119   0.461   0.072

18.88   0.00    0.072    0.071   0.032   0.036   0.004   0.000   0.000   0.000   0.000   0.000   0.000 1177507000
18.88   3.71   34.758
18.88   6.00    0.222    0.239
18.88   6.00    0.461   38.133
18.88   6.00    0.451    0.120   0.461   0.072
18.88   6.00    0.451    0.119   0.461   0.072

18.89   0.00    0.072    0.071   0.032   0.036   0.004   0.000   0.000   0.000   0.000   0.000   0.000 1178131000
18.89   3.71   34.757
18.89   6.00    0.222    0.239
18.89   6.00    0.461   38.133
18.89   6.00    0.451    0.120   0.461   0.072
18.89   6.00    0.451    0.119   0.461   0.072

18.90   0.00    0.072    0.071   0.032   0.036   0.004   0.000   0.000   0.000   0.000   0.000   0.000 1178755000
18.90   3.71   34.756
18.90   6.00    0.222    0.239
18.90   6.00    0.461   38.134
18.90   6.00    0.451    0.120   0.461   0.072
18.90   6.00    0.451    0.119   0.461   0.072

18.91   0.00    0.072    0.071   0.032   0.036   0.004   0.000   0.000   0.000   0.000   0.000   0.000 1179378000
18.91   3.71   34.754
18.91   6.00    0.222    0.239
18.91   6.00    0.461   38.134
18.91   6.00    0.451    0.120   0.461   0.072
18.91   6.00    0.451    0.119   0.461   0.072

18.92   0.00    0.072    0.071   0.032   0.036   0.004   0.000   0.000   0.000   0.000   0.000   0.000 1180002000
18.92   3.70   34.753
18.92   6.00    0.222    0.239
18.92   6.00    0.461   38.134
18.92   6.00    0.451    0.120   0.461   0.072
18.92   6.00    0.451    0.119   0.461   0.072

18.93   0.00    0.072    0.071   0.032   0.036   0.004   0.000   0.000   0.000   0.000   0.000   0.000 1180626000
18.93   3.70   34.752
18.93   6.00    0.222    0.239
18.93   6.00    0.461   38.134
18.93   6.00    0.451    0.120   0.461   0.072
18.93   6.00    0.451    0.119   0.461   0.072

18.94   0.00    0.072    0.071   0.032   0.036   0.004   0.000   0.000   0.000   0.000   0.000   0.000 1181250000
18.94   3.70   34.751
18.94   6.00    0.222    0.239
18.94   6.00    0.461   38.134
18.94   6.00    0.451    0.120   0.461   0.072
18.94   6.00    0.451    0.119   0.461   0.072

18.95   0.00    0.072    0.071   0.032   0.036   0.004   0.000   0.000   0.000   0.000   0.000   0.000 1181873000
18.95   3.70   34.750
18.95   6.00    0.222    0.239
18.95   6.00    0.461   38.134
18.95   6.00    0.451    0.120   0.461   0.072
18.95   6.00    0.451    0.119   0.461   0.072

18.96   0.00    0.072    0.071   0.032   0.036   0.004   0.000   0.000   0.000   0.000   0.000   0.000 1182497000
18.96   3.70   34.749
18.96   6.00    0.222    0.239
18.96   6.00    0.461   38.135
18.96   6.00    0.451    0.120   0.461   0.072
18.96   6.00    0.451    0.119   0.461   0.072

18.97   0.00    0.072    0.071   0.032   0.036   0.004   0.000   0.000   0.000   0.000   0.000   0.000 1183121000
18.97   3.70   34.748
18.97   6.00    0.222    0.239
18.97   6.00    0.461   38.135
18.97   6.00    0.451    0.120   0.461   0.072
18.97   6.00    0.451    0.119   0.461   0.072

18.98   0.00    0.072    0.071   0.032   0.036   0.004   0.000   0.000   0.000   0.000   0.000   0.000 1183744000
18.98   3.70   34.747
18.98   6.00    0.222    0.239
18.98   6.00    0.461   38.135
18.98   6.00    0.451    0.120   0.461   0.072
18.98   6.00    0.451    0.119   0.461   0.072

18.99   0.00    0.072    0.071   0.032   0.036   0.004   0.000   0.000   0.000   0.000   0.000   0.000 1184368000
18.99   3.70   34.746
18.99   6.00    0.222    0.239
18.99   6.00    0.461   38.135
18.99   6.00    0.451    0.120   0.461   0.072
18.99   6.00    0.451    0.119   0.461   0.072

19.00   0.00    0.072    0.071   0.032   0.036   0.004   0.000   0.000   0.000   0.000   0.000   0.000 1184992000
19.00   3.70   34.744
19.00   6.00    0.222    0.239
19.00   6.00    0.461   38.135
19.00   6.00    0.451    0.120   0.461   0.072
19.00   6.00    0.451    0.119   0.461   0.072

19.01   0.00    0.072    0.071   0.032   0.036   0.004   0.000   0.000   0.000   0.000   0.000   0.000 1185615000
19.01   3.70   34.743
19.01   6.00    0.222    0.239
19.01   6.00    0.461   38.136
19.01   6.00    0.451    0.120   0.461   0.072
19.01   6.00    0.451    0.119   0.461   0.072

19.02   0.00    0.072    0.071   0.032   0.036   0.004   0.000   0.000   0.000   0.000   0.000   0.000 1186239000
19.02   3.70   34.742
19.02   6.00    0.222    0.239
19.02   6.00    0.461   38.136
19.02   6.00    0.451    0.120   0.461   0.072
19.02   6.00    0.451    0.119   0.461   0.072

19.03   0.00    0.072    0.071   0.032   0.036   0.004   0.000   0.000   0.000   0.000   0.000   0.000 1186863000
19.03   3.70   34.741
19.03   6.00    0.222    0.239
19.03   6.00    0.461   38.136
19.03   6.00    0.451    0.120   0.461   0.072
19.03   6.00    0.451    0.119   0.461   0.072

19.04   0.00    0.072    0.071   0.032   0.036   0.004   0.000   0.000   0.000   0.000   0.000   0.000 1187486000
19.04   3.70   34.740
19.04   6.00    0.222    0.239
19.04   6.00    0.461   38.136
19.04   6.00    0.451    0.120   0.461   0.072
19.04   6.00    0.451    0.119   0.461   0.072

19.05   0.00    0.072    0.071   0.032   0.036   0.004   0.000   0.000   0.000   0.000   0.000   0.000 1188110000
19.05   3.70   34.739
19.05   6.00    0.222    0.239
19.05   6.00    0.461   38.136
19.05   6.00    0.450    0.120   0.461   0.072
19.05   6.00    0.451    0.119   0.461   0.072

19.06   0.00    0.072    0.071   0.032   0.036   0.004   0.000   0.000   0.000   0.000   0.000   0.000 1188734000
19.06   3.70   34.738
19.06   6.00    0.222    0.239
19.06   6.00    0.461   38.136
19.06   6.00    0.450    0.120   0.461   0.072
19.06   6.00    0.451    0.119   0.461   0.071

19.07   0.00    0.072    0.071   0.032   0.036   0.004   0.000   0.000   0.000   0.000   0.000   0.000 1189357000
19.07   3.70   34.737
19.07   6.00    0.222    0.239
19.07   6.00    0.461   38.137
19.07   6.00    0.450    0.120   0.461   0.072
19.07   6.00    0.451    0.119   0.461   0.071

19.08   0.00    0.072    0.071   0.032   0.036   0.004   0.000   0.000   0.000   0.000   0.000   0.000 1189981000
19.08   3.70   34.736
19.08   6.00    0.222    0.239
19.08   6.00    0.460   38.137
19.08   6.00    0.450    0.120   0.460   0.072
19.08   6.00    0.450    0.119   0.460   0.071

19.09   0.00    0.072    0.071   0.032   0.036   0.004   0.000   0.000   0.000   0.000   0.000   0.000 1190605000
19.09   3.70   34.735
19.09   6.00    0.222    0.239
19.09   6.00    0.460   38.137
19.09   6.00    0.450    0.120   0.460   0.072
19.09   6.00    0.450    0.119   0.460   0.071

19.10   0.00    0.072    0.071   0.032   0.036   0.004   0.000   0.000   0.000   0.000   0.000   0.000 1191228000
19.10   3.70   34.734
19.10   6.00    0.222    0.239
19.10   6.00    0.460   38.137
19.10   6.00    0.450    0.120   0.460   0.072
19.10   6.00    0.450    0.119   0.460   0.071

19.11   0.00    0.072    0.071   0.032   0.036   0.004   0.000   0.000   0.000   0.000   0.000   0.000 1191852000
19.11   3.70   34.732
19.11   6.00    0.222    0.239
19.11   6.00    0.460   38.137
19.11   6.00    0.450    0.120   0.460   0.072
19.11   6.00    0.450    0.119   0.460   0.071

19.12   0.00    0.072    0.071   0.032   0.036   0.004   0.000   0.000   0.000   0.000   0.000   0.000 1192476000
19.12   3.70   34.731
19.12   6.00    0.222    0.239
19.12   6.00    0.460   38.138
19.12   6.00    0.450    0.120   0.460   0.072
19.12   6.00    0.450    0.119   0.460   0.071

19.13   0.00    0.072    0.071   0.032   0.036   0.004   0.000   0.000   0.000   0.000   0.000   0.000 1193099000
19.13   3.69   34.730
19.13   6.00    0.222    0.239
19.13   6.00    0.460   38.138
19.13   6.00    0.450    0.120   0.460   0.072
19.13   6.00    0.450    0.119   0.460   0.071

19.14   0.00    0.072    0.071   0.032   0.036   0.004   0.000   0.000   0.000   0.000   0.000   0.000 1193723000
19.14   3.69   34.729
19.14   6.00    0.222    0.239
19.14   6.00    0.460   38.138
19.14   6.00    0.450    0.120   0.460   0.072
19.14   6.00    0.450    0.119   0.460   0.071

19.15   0.00    0.072    0.071   0.032   0.036   0.004   0.000   0.000   0.000   0.000   0.000   0.000 1194347000
19.15   3.69   34.728
19.15   6.00    0.222    0.239
19.15   6.00    0.460   38.138
19.15   6.00    0.450    0.120   0.460   0.072
19.15   6.00    0.450    0.119   0.460   0.071

19.16   0.00    0.072    0.071   0.032   0.036   0.004   0.000   0.000   0.000   0.000   0.000   0.000 1194970000
19.16   3.69   34.727
19.16   6.00    0.221    0.239
19.16   6.00    0.460   38.138
19.16   6.00    0.450    0.120   0.460   0.072
19.16   6.00    0.450    0.119   0.460   0.071

19.17   0.00    0.072    0.071   0.032   0.036   0.004   0.000   0.000   0.000   0.000   0.000   0.000 1195594000
19.17   3.69   34.726
19.17   6.00    0.221    0.239
19.17   6.00    0.460   38.139
19.17   6.00    0.450    0.120   0.460   0.072
19.17   6.00    0.450    0.119   0.460   0.071

19.18   0.00    0.072    0.071   0.032   0.036   0.004   0.000   0.000   0.000   0.000   0.000   0.000 1196218000
19.18   3.69   34.725
19.18   6.00    0.221    0.239
19.18   6.00    0.460   38.139
19.18   6.00    0.450    0.120   0.460   0.072
19.18   6.00    0.450    0.119   0.460   0.071

19.19   0.00    0.072    0.071   0.032   0.036   0.004   0.000   0.000   0.000   0.000   0.000   0.000 1196842000
19.19   3.69   34.724
19.19   6.00    0.221    0.239
19.19   6.00    0.460   38.139
19.19   6.00    0.450    0.120   0.460   0.072
19.19   6.00    0.450    0.119   0.460   0.071

19.20   0.00    0.072    0.071   0.032   0.036   0.004   0.000   0.000   0.000   0.000   0.000   0.000 1197465000
19.20   3.69   34.723
19.20   6.00    0.221    0.239
19.20   6.00    0.460   38.139
19.20   6.00    0.450    0.120   0.460   0.072
19.20   6.00    0.450    0.119   0.460   0.071

19.21   0.00    0.072    0.071   0.032   0.036   0.004   0.000   0.000   0.000   0.000   0.000   0.000 1198089000
19.21   3.69   34.722
19.21   6.00    0.221    0.239
19.21   6.00    0.460   38.139
19.21   6.00    0.450    0.120   0.460   0.072
19.21   6.00    0.450    0.119   0.460   0.071

19.22   0.00    0.072    0.071   0.032   0.036   0.004   0.000   0.000   0.000   0.000   0.000   0.000 1198713000
19.22   3.69   34.721
19.22   6.00    0.221    0.239
19.22   6.00    0.460   38.139
19.22   6.00    0.450    0.120   0.460   0.072
19.22   6.00    0.450    0.119   0.460   0.071

19.23   0.00    0.072    0.071   0.032   0.036   0.004   0.000   0.000   0.000   0.000   0.000   0.000 1199336000
19.23   3.69   34.720
19.23   6.00    0.221    0.239
19.23   6.00    0.460   38.140
19.23   6.00    0.450    0.120   0.460   0.072
19.23   6.00    0.450    0.119   0.460   0.071

19.24   0.00    0.071    0.071   0.032   0.036   0.004   0.000   0.000   0.000   0.000   0.000   0.000 1199960000
19.24   3.69   34.719
19.24   6.00    0.221    0.239
19.24   6.00    0.460   38.140
19.24   6.00    0.450    0.120   0.460   0.072
19.24   6.00    0.450    0.119   0.460   0.071

19.25   0.00    0.071    0.071   0.032   0.036   0.004   0.000   0.000   0.000   0.000   0.000   0.000 1200584000
19.25   3.69   34.718
19.25   6.00    0.221    0.239
19.25   6.00    0.460   38.140
19.25   6.00    0.450    0.120   0.460   0.072
19.25   6.00    0.450    0.119   0.460   0.071

19.26   0.00    0.071    0.071   0.032   0.036   0.004   0.000   0.000   0.000   0.000   0.000   0.000 1201207000
19.26   3.69   34.716
19.26   6.00    0.221    0.239
19.26   6.00    0.460   38.140
19.26   6.00    0.450    0.120   0.460   0.072
19.26   6.00    0.450    0.119   0.460   0.071

19.27   0.00    0.071    0.071   0.032   0.036   0.004   0.000   0.000   0.000   0.000   0.000   0.000 1201831000
19.27   3.69   34.715
19.27   6.00    0.221    0.239
19.27   6.00    0.460   38.140
19.27   6.00    0.450    0.120   0.460   0.072
19.27   6.00    0.450    0.119   0.460   0.071

19.28   0.00    0.071    0.071   0.032   0.036   0.004   0.000   0.000   0.000   0.000   0.000   0.000 1202455000
19.28   3.69   34.714
19.28   6.00    0.221    0.239
19.28   6.00    0.460   38.141
19.28   6.00    0.450    0.120   0.460   0.072
19.28   6.00    0.450    0.119   0.460   0.071

19.29   0.00    0.071    0.071   0.032   0.036   0.004   0.000   0.000   0.000   0.000   0.000   0.000 1203078000
19.29   3.69   34.713
19.29   6.00    0.221    0.239
19.29   6.00    0.460   38.141
19.29   6.00    0.450    0.120   0.460   0.072
19.29   6.00    0.450    0.119   0.460   0.071

19.30   0.00    0.071    0.071   0.032   0.036   0.004   0.000   0.000   0.000   0.000   0.000   0.000 1203702000
19.30   3.69   34.712
19.30   6.00    0.221    0.239
19.30   6.00    0.460   38.141
19.30   6.00    0.450    0.120   0.460   0.072
19.30   6.00    0.450    0.119   0.460   0.071

19.31   0.00    0.071    0.071   0.032   0.036   0.004   0.000   0.000   0.000   0.000   0.000   0.000 1204326000
19.31   3.69   34.711
19.31   6.00    0.221    0.239
19.31   6.00    0.460   38.141
19.31   6.00    0.450    0.120   0.460   0.072
19.31   6.00    0.450    0.119   0.460   0.071

19.32   0.00    0.071    0.071   0.032   0.036   0.004   0.000   0.000   0.000   0.000   0.000   0.000 1204949000
19.32   3.69   34.710
19.32   6.00    0.221    0.239
19.32   6.00    0.460   38.141
19.32   6.00    0.450    0.120   0.460   0.072
19.32   6.00    0.450    0.119   0.460   0.071

19.33   0.00    0.071    0.071   0.032   0.036   0.004   0.000   0.000   0.000   0.000   0.000   0.000 1205573000
19.33   3.69   34.709
19.33   6.00    0.221    0.239
19.33   6.00    0.460   38.142
19.33   6.00    0.450    0.120   0.460   0.072
19.33   6.00    0.450    0.119   0.460   0.071

19.34   0.00    0.071    0.071   0.032   0.036   0.003   0.000   0.000   0.000   0.000   0.000   0.000 1206197000
19.34   3.69   34.708
19.34   6.00    0.221    0.239
19.34   6.00    0.460   38.142
19.34   6.00    0.450    0.120   0.460   0.072
19.34   6.00    0.450    0.119   0.460   0.071

19.35   0.00    0.071    0.071   0.032   0.036   0.003   0.000   0.000   0.000   0.000   0.000   0.000 1206820000
19.35   3.68   34.707
19.35   6.00    0.221    0.239
19.35   6.00    0.460   38.142
19.35   6.00    0.450    0.120   0.460   0.072
19.35   6.00    0.450    0.119   0.460   0.071

19.36   0.00    0.071    0.071   0.032   0.036   0.003   0.000   0.000   0.000   0.000   0.000   0.000 1207444000
19.36   3.68   34.706
19.36   6.00    0.221    0.239
19.36   6.00    0.460   38.142
19.36   6.00    0.450    0.120   0.460   0.072
19.36   6.00    0.450    0.119   0.460   0.071

19.37   0.00    0.071    0.071   0.032   0.036   0.003   0.000   0.000   0.000   0.000   0.000   0.000 1208068000
19.37   3.68   34.705
19.37   6.00    0.221    0.239
19.37   6.00    0.460   38.142
19.37   6.00    0.450    0.120   0.460   0.072
19.37   6.00    0.450    0.119   0.460   0.071

19.38   0.00    0.071    0.071   0.032   0.036   0.003   0.000   0.000   0.000   0.000   0.000   0.000 1208691000
19.38   3.68   34.704
19.38   6.00    0.221    0.239
19.38   6.00    0.460   38.142
19.38   6.00    0.450    0.120   0.460   0.072
19.38   6.00    0.450    0.119   0.460   0.071

19.39   0.00    0.071    0.071   0.032   0.036   0.003   0.000   0.000   0.000   0.000   0.000   0.000 1209315000
19.39   3.68   34.703
19.39   6.00    0.221    0.239
19.39   6.00    0.460   38.143
19.39   6.00    0.449    0.120   0.460   0.072
19.39   6.00    0.450    0.119   0.460   0.071

19.40   0.00    0.071    0.071   0.032   0.036   0.003   0.000   0.000   0.000   0.000   0.000   0.000 1209939000
19.40   3.68   34.702
19.40   6.00    0.221    0.239
19.40   6.00    0.460   38.143
19.40   6.00    0.449    0.120   0.460   0.072
19.40   6.00    0.450    0.119   0.460   0.071

19.41   0.00    0.071    0.071   0.032   0.036   0.003   0.000   0.000   0.000   0.000   0.000   0.000 1210562000
19.41   3.68   34.701
19.41   6.00    0.221    0.239
19.41   6.00    0.460   38.143
19.41   6.00    0.449    0.120   0.460   0.072
19.41   6.00    0.450    0.119   0.460   0.071

19.42   0.00    0.071    0.071   0.032   0.036   0.003   0.000   0.000   0.000   0.000   0.000   0.000 1211186000
19.42   3.68   34.700
19.42   6.00    0.221    0.239
19.42   6.00    0.459   38.143
19.42   6.00    0.449    0.120   0.459   0.072
19.42   6.00    0.449    0.119   0.459   0.071

19.43   0.00    0.071    0.071   0.032   0.036   0.003   0.000   0.000   0.000   0.000   0.000   0.000 1211810000
19.43   3.68   34.699
19.43   6.00    0.221    0.239
19.43   6.00    0.459   38.143
19.43   6.00    0.449    0.120   0.459   0.072
19.43   6.00    0.449    0.119   0.459   0.071

19.44   0.00    0.071    0.071   0.032   0.036   0.003   0.000   0.000   0.000   0.000   0.000   0.000 1212434000
19.44   3.68   34.698
19.44   6.00    0.221    0.239
19.44   6.00    0.459   38.144
19.44   6.00    0.449    0.120   0.459   0.072
19.44   6.00    0.449    0.119   0.459   0.071

19.45   0.00    0.071    0.071   0.032   0.036   0.003   0.000   0.000   0.000   0.000   0.000   0.000 1213057000
19.45   3.68   34.697
19.45   6.00    0.221    0.239
19.45   6.00    0.459   38.144
19.45   6.00    0.449    0.120   0.459   0.072
19.45   6.00    0.449    0.119   0.459   0.071

19.46   0.00    0.071    0.071   0.032   0.036   0.003   0.000   0.000   0.000   0.000   0.000   0.000 1213681000
19.46   3.68   34.696
19.46   6.00    0.221    0.239
19.46   6.00    0.459   38.144
19.46   6.00    0.449    0.120   0.459   0.072
19.46   6.00    0.449    0.119   0.459   0.071

19.47   0.00    0.071    0.071   0.032   0.036   0.003   0.000   0.000   0.000   0.000   0.000   0.000 1214305000
19.47   3.68   34.695
19.47   6.00    0.221    0.239
19.47   6.00    0.459   38.144
19.47   6.00    0.449    0.120   0.459   0.072
19.47   6.00    0.449    0.119   0.459   0.071

19.48   0.00    0.071    0.071   0.032   0.036   0.003   0.000   0.000   0.000   0.000   0.000   0.000 1214928000
19.48   3.68   34.694
19.48   6.00    0.221    0.239
19.48   6.00    0.459   38.144
19.48   6.00    0.449    0.120   0.459   0.072
19.48   6.00    0.449    0.119   0.459   0.071

19.49   0.00    0.071    0.071   0.032   0.036   0.003   0.000   0.000   0.000   0.000   0.000   0.000 1215552000
19.49   3.68   34.693
19.49   6.00    0.221    0.239
19.49   6.00    0.459   38.145
19.49   6.00    0.449    0.120   0.459   0.072
19.49   6.00    0.449    0.119   0.459   0.071

19.50   0.00    0.071    0.071   0.032   0.036   0.003   0.000   0.000   0.000   0.000   0.000   0.000 1216176000
19.50   3.68   34.691
19.50   6.00    0.220    0.239
19.50   6.00    0.459   38.145
19.50   6.00    0.449    0.120   0.459   0.072
19.50   6.00    0.449    0.119   0.459   0.071

19.51   0.00    0.071    0.071   0.032   0.036   0.003   0.000   0.000   0.000   0.000   0.000   0.000 1216799000
19.51   3.68   34.690
19.51   6.00    0.220    0.239
19.51   6.00    0.459   38.145
19.51   6.00    0.449    0.120   0.459   0.072
19.51   6.00    0.449    0.119   0.459   0.071

19.52   0.00    0.071    0.071   0.032   0.036   0.003   0.000   0.000   0.000   0.000   0.000   0.000 1217423000
19.52   3.68   34.689
19.52   6.00    0.220    0.239
19.52   6.00    0.459   38.145
19.52   6.00    0.449    0.120   0.459   0.072
19.52   6.00    0.449    0.119   0.459   0.071

19.53   0.00    0.071    0.071   0.032   0.036   0.003   0.000   0.000   0.000   0.000   0.000   0.000 1218047000
19.53   3.68   34.688
19.53   6.00    0.220    0.239
19.53   6.00    0.459   38.145
19.53   6.00    0.449    0.120   0.459   0.072
19.53   6.00    0.449    0.119   0.459   0.071

19.54   0.00    0.071    0.071   0.032   0.036   0.003   0.000   0.000   0.000   0.000   0.000   0.000 1218670000
19.54   3.68   34.687
19.54   6.00    0.220    0.239
19.54   6.00    0.459   38.145
19.54   6.00    0.449    0.120   0.459   0.072
19.54   6.00    0.449    0.119   0.459   0.071

19.55   0.00    0.071    0.071   0.032   0.036   0.003   0.000   0.000   0.000   0.000   0.000   0.000 1219294000
19.55   3.68   34.686
19.55   6.00    0.220    0.239
19.55   6.00    0.459   38.146
19.55   6.00    0.449    0.120   0.459   0.072
19.55   6.00    0.449    0.119   0.459   0.071

19.56   0.00    0.071    0.071   0.032   0.036   0.003   0.000   0.000   0.000   0.000   0.000   0.000 1219918000
19.56   3.68   34.685
19.56   6.00    0.220    0.239
19.56   6.00    0.459   38.146
19.56   6.00    0.449    0.120   0.459   0.072
19.56   6.00    0.449    0.119   0.459   0.071

19.57   0.00    0.071    0.071   0.032   0.036   0.003   0.000   0.000   0.000   0.000   0.000   0.000 1220541000
19.57   3.67   34.684
19.57   6.00    0.220    0.239
19.57   6.00    0.459   38.146
19.57   6.00    0.449    0.120   0.459   0.072
19.57   6.00    0.449    0.119   0.459   0.071

19.58   0.00    0.071    0.071   0.032   0.036   0.003   0.000   0.000   0.000   0.000   0.000   0.000 1221165000
19.58   3.67   34.683
19.58   6.00    0.220    0.239
19.58   6.00    0.459   38.146
19.58   6.00    0.449    0.120   0.459   0.072
19.58   6.00    0.449    0.119   0.459   0.071

19.59   0.00    0.071    0.071   0.032   0.036   0.003   0.000   0.000   0.000   0.000   0.000   0.000 1221789000
19.59   3.67   34.682
19.59   6.00    0.220    0.239
19.59   6.00    0.459   38.146
19.59   6.00    0.449    0.120   0.459   0.072
19.59   6.00    0.449    0.119   0.459   0.071

19.60   0.00    0.071    0.071   0.032   0.036   0.003   0.000   0.000   0.000   0.000   0.000   0.000 1222412000
19.60   3.67   34.681
19.60   6.00    0.220    0.239
19.60   6.00    0.459   38.147
19.60   6.00    0.449    0.120   0.459   0.072
19.60   6.00    0.449    0.119   0.459   0.071

19.61   0.00    0.071    0.071   0.032   0.036   0.003   0.000   0.000   0.000   0.000   0.000   0.000 1223036000
19.61   3.67   34.680
19.61   6.00    0.220    0.239
19.61   6.00    0.459   38.147
19.61   6.00    0.449    0.120   0.459   0.072
19.61   6.00    0.449    0.119   0.459   0.071

19.62   0.00    0.071    0.071   0.032   0.036   0.003   0.000   0.000   0.000   0.000   0.000   0.000 1223660000
19.62   3.67   34.679
19.62   6.00    0.220    0.239
19.62   6.00    0.459   38.147
19.62   6.00    0.449    0.120   0.459   0.072
19.62   6.00    0.449    0.119   0.459   0.071

19.63   0.00    0.071    0.071   0.032   0.036   0.003   0.000   0.000   0.000   0.000   0.000   0.000 1224283000
19.63   3.67   34.678
19.63   6.00    0.220    0.239
19.63   6.00    0.459   38.147
19.63   6.00    0.449    0.120   0.459   0.072
19.63   6.00    0.449    0.119   0.459   0.071

19.64   0.00    0.071    0.071   0.032   0.036   0.003   0.000   0.000   0.000   0.000   0.000   0.000 1224907000
19.64   3.67   34.677
19.64   6.00    0.220    0.239
19.64   6.00    0.459   38.147
19.64   6.00    0.449    0.120   0.459   0.072
19.64   6.00    0.449    0.119   0.459   0.071

19.65   0.00    0.071    0.071   0.032   0.036   0.003   0.000   0.000   0.000   0.000   0.000   0.000 1225531000
19.65   3.67   34.676
19.65   6.00    0.220    0.239
19.65   6.00    0.459   38.148
19.65   6.00    0.449    0.120   0.459   0.072
19.65   6.00    0.449    0.119   0.459   0.071

19.66   0.00    0.071    0.071   0.032   0.036   0.003   0.000   0.000   0.000   0.000   0.000   0.000 1226154000
19.66   3.67   34.675
19.66   6.00    0.220    0.239
19.66   6.00    0.459   38.148
19.66   6.00    0.449    0.120   0.459   0.072
19.66   6.00    0.449    0.119   0.459   0.071

19.67   0.00    0.071    0.071   0.032   0.036   0.003   0.000   0.000   0.000   0.000   0.000   0.000 1226778000
19.67   3.67   34.674
19.67   6.00    0.220    0.239
19.67   6.00    0.459   38.148
19.67   6.00    0.449    0.120   0.459   0.072
19.67   6.00    0.449    0.119   0.459   0.071

19.68   0.00    0.071    0.071   0.032   0.036   0.003   0.000   0.000   0.000   0.000   0.000   0.000 1227402000
19.68   3.67   34.673
19.68   6.00    0.220    0.239
19.68   6.00    0.459   38.148
19.68   6.00    0.449    0.120   0.459   0.072
19.68   6.00    0.449    0.119   0.459   0.071

19.69   0.00    0.071    0.071   0.032   0.036   0.003   0.000   0.000   0.000   0.000   0.000   0.000 1228026000
19.69   3.67   34.672
19.69   6.00    0.220    0.239
19.69   6.00    0.459   38.148
19.69   6.00    0.449    0.120   0.459   0.072
19.69   6.00    0.449    0.119   0.459   0.071

19.70   0.00    0.071    0.071   0.032   0.036   0.003   0.000   0.000   0.000   0.000   0.000   0.000 1228649000
19.70   3.67   34.671
19.70   6.00    0.220    0.239
19.70   6.00    0.459   38.148
19.70   6.00    0.449    0.120   0.459   0.072
19.70   6.00    0.449    0.119   0.459   0.071

19.71   0.00    0.071    0.071   0.032   0.036   0.003   0.000   0.000   0.000   0.000   0.000   0.000 1229273000
19.71   3.67   34.670
19.71   6.00    0.220    0.239
19.71   6.00    0.459   38.149
19.71   6.00    0.449    0.120   0.459   0.072
19.71   6.00    0.449    0.119   0.459   0.071

19.72   0.00    0.071    0.071   0.032   0.036   0.003   0.000   0.000   0.000   0.000   0.000   0.000 1229897000
19.72   3.67   34.669
19.72   6.00    0.220    0.239
19.72   6.00    0.459   38.149
19.72   6.00    0.449    0.120   0.459   0.072
19.72   6.00    0.449    0.119   0.459   0.071

19.73   0.00    0.071    0.071   0.032   0.036   0.003   0.000   0.000   0.000   0.000   0.000   0.000 1230520000
19.73   3.67   34.668
19.73   6.00    0.220    0.239
19.73   6.00    0.459   38.149
19.73   6.00    0.449    0.120   0.459   0.072
19.73   6.00    0.449    0.119   0.459   0.071

19.74   0.00    0.071    0.071   0.032   0.036   0.003   0.000   0.000   0.000   0.000   0.000   0.000 1231144000
19.74   3.67   34.667
19.74   6.00    0.220    0.239
19.74   6.00    0.459   38.149
19.74   6.00    0.449    0.120   0.459   0.072
19.74   6.00    0.449    0.119   0.459   0.071

19.75   0.00    0.071    0.071   0.032   0.036   0.003   0.000   0.000   0.000   0.000   0.000   0.000 1231768000
19.75   3.67   34.666
19.75   6.00    0.220    0.239
19.75   6.00    0.459   38.149
19.75   6.00    0.448    0.120   0.459   0.072
19.75   6.00    0.449    0.119   0.459   0.071

19.76   0.00    0.071    0.071   0.032   0.036   0.003   0.000   0.000   0.000   0.000   0.000   0.000 1232391000
19.76   3.67   34.665
19.76   6.00    0.220    0.239
19.76   6.00    0.458   38.150
19.76   6.00    0.448    0.120   0.458   0.072
19.76   6.00    0.449    0.119   0.458   0.071

19.77   0.00    0.071    0.071   0.032   0.036   0.003   0.000   0.000   0.000   0.000   0.000   0.000 1233015000
19.77   3.67   34.664
19.77   6.00    0.220    0.239
19.77   6.00    0.458   38.150
19.77   6.00    0.448    0.120   0.458   0.072
19.77   6.00    0.449    0.119   0.458   0.071

19.78   0.00    0.071    0.071   0.032   0.036   0.003   0.000   0.000   0.000   0.000   0.000   0.000 1233639000
19.78   3.67   34.663
19.78   6.00    0.220    0.239
19.78   6.00    0.458   38.150
19.78   6.00    0.448    0.120   0.458   0.072
19.78   6.00    0.448    0.119   0.458   0.071

19.79   0.00    0.071    0.071   0.032   0.036   0.003   0.000   0.000   0.000   0.000   0.000   0.000 1234262000
19.79   3.67   34.662
19.79   6.00    0.220    0.239
19.79   6.00    0.458   38.150
19.79   6.00    0.448    0.120   0.458   0.072
19.79   6.00    0.448    0.119   0.458   0.071

19.80   0.00    0.071    0.071   0.032   0.036   0.003   0.000   0.000   0.000   0.000   0.000   0.000 1234886000
19.80   3.66   34.661
19.80   6.00    0.220    0.239
19.80   6.00    0.458   38.150
19.80   6.00    0.448    0.120   0.458   0.072
19.80   6.00    0.448    0.119   0.458   0.071

19.81   0.00    0.071    0.071   0.032   0.036   0.003   0.000   0.000   0.000   0.000   0.000   0.000 1235510000
19.81   3.66   34.660
19.81   6.00    0.220    0.239
19.81   6.00    0.458   38.151
19.81   6.00    0.448    0.120   0.458   0.072
19.81   6.00    0.448    0.119   0.458   0.071

19.82   0.00    0.071    0.071   0.032   0.036   0.003   0.000   0.000   0.000   0.000   0.000   0.000 1236133000
19.82   3.66   34.659
19.82   6.00    0.220    0.239
19.82   6.00    0.458   38.151
19.82   6.00    0.448    0.120   0.458   0.072
19.82   6.00    0.448    0.119   0.458   0.071

19.83   0.00    0.071    0.070   0.032   0.036   0.003   0.000   0.000   0.000   0.000   0.000   0.000 1236757000
19.83   3.66   34.658
19.83   6.00    0.220    0.239
19.83   6.00    0.458   38.151
19.83   6.00    0.448    0.120   0.458   0.072
19.83   6.00    0.448    0.119   0.458   0.071

19.84   0.00    0.071    0.070   0.032   0.036   0.003   0.000   0.000   0.000   0.000   0.000   0.000 1237381000
19.84   3.66   34.657
19.84   6.00    0.220    0.239
19.84   6.00    0.458   38.151
19.84   6.00    0.448    0.120   0.458   0.072
19.84   6.00    0.448    0.119   0.458   0.071

19.85   0.00    0.071    0.070   0.032   0.036   0.003   0.000   0.000   0.000   0.000   0.000   0.000 1238004000
19.85   3.66   34.656
19.85   6.00    0.219    0.239
19.85   6.00    0.458   38.151
19.85   6.00    0.448    0.120   0.458   0.072
19.85   6.00    0.448    0.119   0.458   0.071

19.86   0.00    0.071    0.070   0.032   0.036   0.003   0.000   0.000   0.000   0.000   0.000   0.000 1238628000
19.86   3.66   34.655
19.86   6.00    0.219    0.239
19.86   6.00    0.458   38.152
19.86   6.00    0.448    0.120   0.458   0.072
19.86   6.00    0.448    0.119   0.458   0.071

19.87   0.00    0.071    0.070   0.032   0.036   0.003   0.000   0.000   0.000   0.000   0.000   0.000 1239252000
19.87   3.66   34.654
19.87   6.00    0.219    0.239
19.87   6.00    0.458   38.152
19.87   6.00    0.448    0.120   0.458   0.072
19.87   6.00    0.448    0.119   0.458   0.071

19.88   0.00    0.071    0.070   0.032   0.036   0.003   0.000   0.000   0.000   0.000   0.000   0.000 1239875000
19.88   3.66   34.653
19.88   6.00    0.219    0.239
19.88   6.00    0.458   38.152
19.88   6.00    0.448    0.120   0.458   0.072
19.88   6.00    0.448    0.119   0.458   0.071

19.89   0.00    0.071    0.070   0.032   0.036   0.003   0.000   0.000   0.000   0.000   0.000   0.000 1240499000
19.89   3.66   34.653
19.89   6.00    0.219    0.239
19.89   6.00    0.458   38.152
19.89   6.00    0.448    0.120   0.458   0.072
19.89   6.00    0.448    0.119   0.458   0.071

19.90   0.00    0.071    0.070   0.032   0.036   0.003   0.000   0.000   0.000   0.000   0.000   0.000 1241123000
19.90   3.66   34.652
19.90   6.00    0.219    0.239
19.90   6.00    0.458   38.152
19.90   6.00    0.448    0.120   0.458   0.072
19.90   6.00    0.448    0.119   0.458   0.071

19.91   0.00    0.071    0.070   0.032   0.036   0.003   0.000   0.000   0.000   0.000   0.000   0.000 1241746000
19.91   3.66   34.651
19.91   6.00    0.219    0.239
19.91   6.00    0.458   38.152
19.91   6.00    0.448    0.120   0.458   0.072
19.91   6.00    0.448    0.119   0.458   0.071

19.92   0.00    0.071    0.070   0.032   0.036   0.003   0.000   0.000   0.000   0.000   0.000   0.000 1242370000
19.92   3.66   34.650
19.92   6.00    0.219    0.239
19.92   6.00    0.458   38.153
19.92   6.00    0.448    0.120   0.458   0.072
19.92   6.00    0.448    0.119   0.458   0.071

19.93   0.00    0.071    0.070   0.032   0.036   0.003   0.000   0.000   0.000   0.000   0.000   0.000 1242994000
19.93   3.66   34.649
19.93   6.00    0.219    0.239
19.93   6.00    0.458   38.153
19.93   6.00    0.448    0.120   0.458   0.072
19.93   6.00    0.448    0.119   0.458   0.071

19.94   0.00    0.071    0.070   0.032   0.036   0.003   0.000   0.000   0.000   0.000   0.000   0.000 1243618000
19.94   3.66   34.648
19.94   6.00    0.219    0.239
19.94   6.00    0.458   38.153
19.94   6.00    0.448    0.120   0.458   0.072
19.94   6.00    0.448    0.119   0.458   0.071

19.95   0.00    0.071    0.070   0.032   0.036   0.003   0.000   0.000   0.000   0.000   0.000   0.000 1244241000
19.95   3.66   34.647
19.95   6.00    0.219    0.239
19.95   6.00    0.458   38.153
19.95   6.00    0.448    0.120   0.458   0.072
19.95   6.00    0.448    0.119   0.458   0.071

19.96   0.00    0.071    0.070   0.032   0.036   0.003   0.000   0.000   0.000   0.000   0.000   0.000 1244865000
19.96   3.66   34.646
19.96   6.00    0.219    0.239
19.96   6.00    0.458   38.153
19.96   6.00    0.448    0.119   0.458   0.072
19.96   6.00    0.448    0.119   0.458   0.071

19.97   0.00    0.071    0.070   0.032   0.036   0.003   0.000   0.000   0.000   0.000   0.000   0.000 1245489000
19.97   3.66   34.645
19.97   6.00    0.219    0.239
19.97   6.00    0.458   38.154
19.97   6.00    0.448    0.119   0.458   0.072
19.97   6.00    0.448    0.119   0.458   0.071

19.98   0.00    0.071    0.070   0.032   0.036   0.003   0.000   0.000   0.000   0.000   0.000   0.000 1246112000
19.98   3.66   34.644
19.98   6.00    0.219    0.239
19.98   6.00    0.458   38.154
19.98   6.00    0.448    0.119   0.458   0.072
19.98   6.00    0.448    0.119   0.458   0.071

19.99   0.00    0.071    0.070   0.032   0.036   0.003   0.000   0.000   0.000   0.000   0.000   0.000 1246736000
19.99   3.66   34.643
19.99   6.00    0.219    0.239
19.99   6.00    0.458   38.154
19.99   6.00    0.448    0.119   0.458   0.072
19.99   6.00    0.448    0.119   0.458   0.071

20.00   0.00    0.071    0.070   0.032   0.036   0.003   0.000   0.000   0.000   0.000   0.000   0.000 1247360000
20.00   3.66   34.642
20.00   6.00    0.219    0.239
20.00   6.00    0.458   38.154
20.00   6.00    0.448    0.119   0.458   0.072
20.00   6.00    0.448    0.119   0.458   0.071

20.01   0.00    0.071    0.070   0.032   0.036   0.003   0.000   0.000   0.000   0.000   0.000   0.000 1247983000
20.01   3.66   34.641
20.01   6.00    0.219    0.239
20.01   6.00    0.458   38.154
20.01   6.00    0.448    0.119   0.458   0.072
20.01   6.00    0.448    0.119   0.458   0.071

20.02   0.00    0.071    0.070   0.032   0.036   0.003   0.000   0.000   0.000   0.000   0.000   0.000 1248607000
20.02   3.66   34.640
20.02   6.00    0.219    0.239
20.02   6.00    0.458   38.155
20.02   6.00    0.448    0.119   0.458   0.072
20.02   6.00    0.448    0.119   0.458   0.071

20.03   0.00    0.071    0.070   0.032   0.036   0.003   0.000   0.000   0.000   0.000   0.000   0.000 1249231000
20.03   3.65   34.639
20.03   6.00    0.219    0.239
20.03   6.00    0.458   38.155
20.03   6.00    0.448    0.119   0.458   0.072
20.03   6.00    0.448    0.119   0.458   0.071

20.04   0.00    0.071    0.070   0.032   0.036   0.003   0.000   0.000   0.000   0.000   0.000   0.000 1249854000
20.04   3.65   34.638
20.04   6.00    0.219    0.239
20.04   6.00    0.458   38.155
20.04   6.00    0.448    0.119   0.458   0.072
20.04   6.00    0.448    0.119   0.458   0.071

20.05   0.00    0.071    0.070   0.032   0.036   0.003   0.000   0.000   0.000   0.000   0.000   0.000 1250478000
20.05   3.65   34.637
20.05   6.00    0.219    0.239
20.05   6.00    0.458   38.155
20.05   6.00    0.448    0.119   0.458   0.072
20.05   6.00    0.448    0.119   0.458   0.071

20.06   0.00    0.071    0.070   0.032   0.036   0.003   0.000   0.000   0.000   0.000   0.000   0.000 1251102000
20.06   3.65   34.636
20.06   6.00    0.219    0.239
20.06   6.00    0.458   38.155
20.06   6.00    0.448    0.119   0.458   0.072
20.06   6.00    0.448    0.119   0.458   0.071

20.07   0.00    0.071    0.070   0.032   0.036   0.003   0.000   0.000   0.000   0.000   0.000   0.000 1251725000
20.07   3.65   34.635
20.07   6.00    0.219    0.239
20.07   6.00    0.458   38.155
20.07   6.00    0.448    0.119   0.458   0.072
20.07   6.00    0.448    0.119   0.458   0.071

20.08   0.00    0.071    0.070   0.032   0.036   0.003   0.000   0.000   0.000   0.000   0.000   0.000 1252349000
20.08   3.65   34.634
20.08   6.00    0.219    0.239
20.08   6.00    0.458   38.156
20.08   6.00    0.448    0.119   0.458   0.072
20.08   6.00    0.448    0.119   0.458   0.071

20.09   0.00    0.071    0.070   0.032   0.036   0.003   0.000   0.000   0.000   0.000   0.000   0.000 1252973000
20.09   3.65   34.633
20.09   6.00    0.219    0.239
20.09   6.00    0.458   38.156
20.09   6.00    0.448    0.119   0.458   0.072
20.09   6.00    0.448    0.119   0.458   0.071

20.10   0.00    0.071    0.070   0.032   0.036   0.003   0.000   0.000   0.000   0.000   0.000   0.000 1253596000
20.10   3.65   34.632
20.10   6.00    0.219    0.239
20.10   6.00    0.458   38.156
20.10   6.00    0.448    0.119   0.458   0.072
20.10   6.00    0.448    0.119   0.458   0.071

20.11   0.00    0.071    0.070   0.032   0.036   0.003   0.000   0.000   0.000   0.000   0.000   0.000 1254220000
20.11   3.65   34.631
20.11   6.00    0.219    0.239
20.11   6.00    0.458   38.156
20.11   6.00    0.447    0.119   0.458   0.072
20.11   6.00    0.448    0.119   0.458   0.071

20.12   0.00    0.071    0.070   0.032   0.036   0.003   0.000   0.000   0.000   0.000   0.000   0.000 1254844000
20.12   3.65   34.630
20.12   6.00    0.219    0.239
20.12   6.00    0.457   38.156
20.12   6.00    0.447    0.119   0.457   0.072
20.12   6.00    0.448    0.119   0.457   0.071

20.13   0.00    0.071    0.070   0.032   0.036   0.003   0.000   0.000   0.000   0.000   0.000   0.000 1255467000
20.13   3.65   34.629
20.13   6.00    0.219    0.239
20.13   6.00    0.457   38.157
20.13   6.00    0.447    0.119   0.457   0.072
20.13   6.00    0.448    0.119   0.457   0.071

20.14   0.00    0.071    0.070   0.032   0.036   0.003   0.000   0.000   0.000   0.000   0.000   0.000 1256091000
20.14   3.65   34.628
20.14   6.00    0.219    0.239
20.14   6.00    0.457   38.157
20.14   6.00    0.447    0.119   0.457   0.072
20.14   6.00    0.447    0.119   0.457   0.071

20.15   0.00    0.071    0.070   0.032   0.036   0.003   0.000   0.000   0.000   0.000   0.000   0.000 1256715000
20.15   3.65   34.627
20.15   6.00    0.219    0.239
20.15   6.00    0.457   38.157
20.15   6.00    0.447    0.119   0.457   0.072
20.15   6.00    0.447    0.119   0.457   0.071

20.16   0.00    0.071    0.070   0.032   0.036   0.003   0.000   0.000   0.000   0.000   0.000   0.000 1257338000
20.16   3.65   34.626
20.16   6.00    0.219    0.239
20.16   6.00    0.457   38.157
20.16   6.00    0.447    0.119   0.457   0.072
20.16   6.00    0.447    0.119   0.457   0.071

20.17   0.00    0.071    0.070   0.032   0.036   0.003   0.000   0.000   0.000   0.000   0.000   0.000 1257962000
20.17   3.65   34.626
20.17   6.00    0.219    0.239
20.17   6.00    0.457   38.157
20.17   6.00    0.447    0.119   0.457   0.072
20.17   6.00    0.447    0.119   0.457   0.071

20.18   0.00    0.071    0.070   0.032   0.036   0.003   0.000   0.000   0.000   0.000   0.000   0.000 1258586000
20.18   3.65   34.625
20.18   6.00    0.219    0.239
20.18   6.00    0.457   38.158
20.18   6.00    0.447    0.119   0.457   0.072
20.18   6.00    0.447    0.119   0.457   0.071

20.19   0.00    0.071    0.070   0.032   0.036   0.003   0.000   0.000   0.000   0.000   0.000   0.000 1259210000
20.19   3.65   34.624
20.19   6.00    0.219    0.239
20.19   6.00    0.457   38.158
20.19   6.00    0.447    0.119   0.457   0.072
20.19   6.00    0.447    0.119   0.457   0.071

20.20   0.00    0.071    0.070   0.032   0.036   0.003   0.000   0.000   0.000   0.000   0.000   0.000 1259833000
20.20   3.65   34.623
20.20   6.00    0.219    0.239
20.20   6.00    0.457   38.158
20.20   6.00    0.447    0.119   0.457   0.072
20.20   6.00    0.447    0.119   0.457   0.071

20.21   0.00    0.071    0.070   0.032   0.036   0.003   0.000   0.000   0.000   0.000   0.000   0.000 1260457000
20.21   3.65   34.622
20.21   6.00    0.218    0.239
20.21   6.00    0.457   38.158
20.21   6.00    0.447    0.119   0.457   0.072
20.21   6.00    0.447    0.119   0.457   0.071

20.22   0.00    0.071    0.070   0.032   0.036   0.003   0.000   0.000   0.000   0.000   0.000   0.000 1261080000
20.22   3.65   34.621
20.22   6.00    0.218    0.239
20.22   6.00    0.457   38.158
20.22   6.00    0.447    0.119   0.457   0.072
20.22   6.00    0.447    0.119   0.457   0.071

20.23   0.00    0.071    0.070   0.032   0.036   0.003   0.000   0.000   0.000   0.000   0.000   0.000 1261704000
20.23   3.65   34.620
20.23   6.00    0.218    0.239
20.23   6.00    0.457   38.159
20.23   6.00    0.447    0.119   0.457   0.072
20.23   6.00    0.447    0.119   0.457   0.071

20.24   0.00    0.071    0.070   0.032   0.036   0.003   0.000   0.000   0.000   0.000   0.000   0.000 1262328000
20.24   3.65   34.619
20.24   6.00    0.218    0.239
20.24   6.00    0.457   38.159
20.24   6.00    0.447    0.119   0.457   0.072
20.24   6.00    0.447    0.119   0.457   0.071

20.25   0.00    0.071    0.070   0.032   0.036   0.003   0.000   0.000   0.000   0.000   0.000   0.000 1262952000
20.25   3.65   34.618
20.25   6.00    0.218    0.239
20.25   6.00    0.457   38.159
20.25   6.00    0.447    0.119   0.457   0.072
20.25   6.00    0.447    0.119   0.457   0.071

20.26   0.00    0.071    0.070   0.032   0.036   0.003   0.000   0.000   0.000   0.000   0.000   0.000 1263575000
20.26   3.65   34.617
20.26   6.00    0.218    0.239
20.26   6.00    0.457   38.159
20.26   6.00    0.447    0.119   0.457   0.072
20.26   6.00    0.447    0.119   0.457   0.071

20.27   0.00    0.071    0.070   0.032   0.036   0.003   0.000   0.000   0.000   0.000   0.000   0.000 1264199000
20.27   3.64   34.616
20.27   6.00    0.218    0.239
20.27   6.00    0.457   38.159
20.27   6.00    0.447    0.119   0.457   0.072
20.27   6.00    0.447    0.119   0.457   0.071

20.28   0.00    0.071    0.070   0.032   0.036   0.003   0.000   0.000   0.000   0.000   0.000   0.000 1264823000
20.28   3.64   34.615
20.28   6.00    0.218    0.239
20.28   6.00    0.457   38.159
20.28   6.00    0.447    0.119   0.457   0.072
20.28   6.00    0.447    0.119   0.457   0.071

20.29   0.00    0.071    0.070   0.032   0.036   0.003   0.000   0.000   0.000   0.000   0.000   0.000 1265446000
20.29   3.64   34.614
20.29   6.00    0.218    0.239
20.29   6.00    0.457   38.160
20.29   6.00    0.447    0.119   0.457   0.072
20.29   6.00    0.447    0.119   0.457   0.071

20.30   0.00    0.071    0.070   0.032   0.036   0.003   0.000   0.000   0.000   0.000   0.000   0.000 1266070000
20.30   3.64   34.613
20.30   6.00    0.218    0.239
20.30   6.00    0.457   38.160
20.30   6.00    0.447    0.119   0.457   0.072
20.30   6.00    0.447    0.119   0.457   0.071

20.31   0.00    0.071    0.070   0.032   0.036   0.003   0.000   0.000   0.000   0.000   0.000   0.000 1266694000
20.31   3.64   34.612
20.31   6.00    0.218    0.239
20.31   6.00    0.457   38.160
20.31   6.00    0.447    0.119   0.457   0.072
20.31   6.00    0.447    0.119   0.457   0.071

20.32   0.00    0.071    0.070   0.032   0.036   0.003   0.000   0.000   0.000   0.000   0.000   0.000 1267317000
20.32   3.64   34.611
20.32   6.00    0.218    0.239
20.32   6.00    0.457   38.160
20.32   6.00    0.447    0.119   0.457   0.072
20.32   6.00    0.447    0.119   0.457   0.071

20.33   0.00    0.071    0.070   0.032   0.036   0.003   0.000   0.000   0.000   0.000   0.000   0.000 1267941000
20.33   3.64   34.610
20.33   6.00    0.218    0.239
20.33   6.00    0.457   38.160
20.33   6.00    0.447    0.119   0.457   0.072
20.33   6.00    0.447    0.119   0.457   0.071

20.34   0.00    0.071    0.070   0.032   0.036   0.003   0.000   0.000   0.000   0.000   0.000   0.000 1268565000
20.34   3.64   34.609
20.34   6.00    0.218    0.239
20.34   6.00    0.457   38.161
20.34   6.00    0.447    0.119   0.457   0.072
20.34   6.00    0.447    0.119   0.457   0.071

20.35   0.00    0.071    0.070   0.032   0.036   0.003   0.000   0.000   0.000   0.000   0.000   0.000 1269188000
20.35   3.64   34.609
20.35   6.00    0.218    0.239
20.35   6.00    0.457   38.161
20.35   6.00    0.447    0.119   0.457   0.072
20.35   6.00    0.447    0.119   0.457   0.071

20.36   0.00    0.071    0.070   0.032   0.036   0.003   0.000   0.000   0.000   0.000   0.000   0.000 1269812000
20.36   3.64   34.608
20.36   6.00    0.218    0.239
20.36   6.00    0.457   38.161
20.36   6.00    0.447    0.119   0.457   0.072
20.36   6.00    0.447    0.119   0.457   0.071

20.37   0.00    0.071    0.070   0.032   0.036   0.003   0.000   0.000   0.000   0.000   0.000   0.000 1270436000
20.37   3.64   34.607
20.37   6.00    0.218    0.239
20.37   6.00    0.457   38.161
20.37   6.00    0.447    0.119   0.457   0.072
20.37   6.00    0.447    0.118   0.457   0.071

20.38   0.00    0.071    0.070   0.032   0.036   0.003   0.000   0.000   0.000   0.000   0.000   0.000 1271059000
20.38   3.64   34.606
20.38   6.00    0.218    0.239
20.38   6.00    0.457   38.161
20.38   6.00    0.447    0.119   0.457   0.072
20.38   6.00    0.447    0.118   0.457   0.071

20.39   0.00    0.071    0.070   0.032   0.036   0.003   0.000   0.000   0.000   0.000   0.000   0.000 1271683000
20.39   3.64   34.605
20.39   6.00    0.218    0.239
20.39   6.00    0.457   38.162
20.39   6.00    0.447    0.119   0.457   0.072
20.39   6.00    0.447    0.118   0.457   0.071

20.40   0.00    0.071    0.070   0.032   0.036   0.003   0.000   0.000   0.000   0.000   0.000   0.000 1272307000
20.40   3.64   34.604
20.40   6.00    0.218    0.239
20.40   6.00    0.457   38.162
20.40   6.00    0.447    0.119   0.457   0.072
20.40   6.00    0.447    0.118   0.457   0.071

20.41   0.00    0.071    0.070   0.032   0.036   0.003   0.000   0.000   0.000   0.000   0.000   0.000 1272930000
20.41   3.64   34.603
20.41   6.00    0.218    0.239
20.41   6.00    0.457   38.162
20.41   6.00    0.447    0.119   0.457   0.072
20.41   6.00    0.447    0.118   0.457   0.071

20.42   0.00    0.071    0.070   0.032   0.036   0.003   0.000   0.000   0.000   0.000   0.000   0.000 1273554000
20.42   3.64   34.602
20.42   6.00    0.218    0.239
20.42   6.00    0.457   38.162
20.42   6.00    0.447    0.119   0.457   0.072
20.42   6.00    0.447    0.118   0.457   0.071

20.43   0.00    0.071    0.070   0.032   0.036   0.003   0.000   0.000   0.000   0.000   0.000   0.000 1274178000
20.43   3.64   34.601
20.43   6.00    0.218    0.239
20.43   6.00    0.457   38.162
20.43   6.00    0.447    0.119   0.457   0.072
20.43   6.00    0.447    0.118   0.457   0.071

20.44   0.00    0.071    0.070   0.032   0.036   0.003   0.000   0.000   0.000   0.000   0.000   0.000 1274802000
20.44   3.64   34.600
20.44   6.00    0.218    0.239
20.44   6.00    0.457   38.162
20.44   6.00    0.447    0.119   0.457   0.072
20.44   6.00    0.447    0.118   0.457   0.071

20.45   0.00    0.071    0.070   0.032   0.036   0.003   0.000   0.000   0.000   0.000   0.000   0.000 1275425000
20.45   3.64   34.599
20.45   6.00    0.218    0.239
20.45   6.00    0.457   38.163
20.45   6.00    0.447    0.119   0.457   0.072
20.45   6.00    0.447    0.118   0.457   0.071

20.46   0.00    0.071    0.070   0.032   0.036   0.003   0.000   0.000   0.000   0.000   0.000   0.000 1276049000
20.46   3.64   34.598
20.46   6.00    0.218    0.239
20.46   6.00    0.457   38.163
20.46   6.00    0.447    0.119   0.457   0.072
20.46   6.00    0.447    0.118   0.457   0.071

20.47   0.00    0.071    0.070   0.032   0.036   0.003   0.000   0.000   0.000   0.000   0.000   0.000 1276673000
20.47   3.64   34.597
20.47   6.00    0.218    0.239
20.47   6.00    0.457   38.163
20.47   6.00    0.447    0.119   0.457   0.072
20.47   6.00    0.447    0.118   0.457   0.071

20.48   0.00    0.071    0.070   0.032   0.036   0.003   0.000   0.000   0.000   0.000   0.000   0.000 1277296000
20.48   3.64   34.596
20.48   6.00    0.218    0.239
20.48   6.00    0.457   38.163
20.48   6.00    0.447    0.119   0.457   0.072
20.48   6.00    0.447    0.118   0.457   0.071

20.49   0.00    0.071    0.070   0.032   0.036   0.003   0.000   0.000   0.000   0.000   0.000   0.000 1277920000
20.49   3.64   34.595
20.49   6.00    0.218    0.239
20.49   6.00    0.456   38.163
20.49   6.00    0.446    0.119   0.456   0.072
20.49   6.00    0.447    0.118   0.456   0.071

20.50   0.00    0.071    0.070   0.032   0.036   0.003   0.000   0.000   0.000   0.000   0.000   0.000 1278544000
20.50   3.64   34.595
20.50   6.00    0.218    0.239
20.50   6.00    0.456   38.164
20.50   6.00    0.446    0.119   0.456   0.072
20.50   6.00    0.447    0.118   0.456   0.071

20.51   0.00    0.071    0.070   0.032   0.036   0.003   0.000   0.000   0.000   0.000   0.000   0.000 1279167000
20.51   3.64   34.594
20.51   6.00    0.218    0.239
20.51   6.00    0.456   38.164
20.51   6.00    0.446    0.119   0.456   0.072
20.51   6.00    0.447    0.118   0.456   0.071

20.52   0.00    0.071    0.070   0.032   0.036   0.003   0.000   0.000   0.000   0.000   0.000   0.000 1279791000
20.52   3.63   34.593
20.52   6.00    0.218    0.239
20.52   6.00    0.456   38.164
20.52   6.00    0.446    0.119   0.456   0.072
20.52   6.00    0.446    0.118   0.456   0.071

20.53   0.00    0.071    0.070   0.032   0.036   0.003   0.000   0.000   0.000   0.000   0.000   0.000 1280415000
20.53   3.63   34.592
20.53   6.00    0.218    0.239
20.53   6.00    0.456   38.164
20.53   6.00    0.446    0.119   0.456   0.072
20.53   6.00    0.446    0.118   0.456   0.071

20.54   0.00    0.071    0.070   0.032   0.036   0.003   0.000   0.000   0.000   0.000   0.000   0.000 1281038000
20.54   3.63   34.591
20.54   6.00    0.218    0.239
20.54   6.00    0.456   38.164
20.54   6.00    0.446    0.119   0.456   0.072
20.54   6.00    0.446    0.118   0.456   0.071

20.55   0.00    0.071    0.070   0.032   0.036   0.003   0.000   0.000   0.000   0.000   0.000   0.000 1281662000
20.55   3.63   34.590
20.55   6.00    0.218    0.239
20.55   6.00    0.456   38.165
20.55   6.00    0.446    0.119   0.456   0.072
20.55   6.00    0.446    0.118   0.456   0.071

20.56   0.00    0.071    0.070   0.032   0.036   0.003   0.000   0.000   0.000   0.000   0.000   0.000 1282286000
20.56   3.63   34.589
20.56   6.00    0.218    0.239
20.56   6.00    0.456   38.165
20.56   6.00    0.446    0.119   0.456   0.072
20.56   6.00    0.446    0.118   0.456   0.071

20.57   0.00    0.071    0.070   0.032   0.036   0.003   0.000   0.000   0.000   0.000   0.000   0.000 1282909000
20.57   3.63   34.588
20.57   6.00    0.218    0.239
20.57   6.00    0.456   38.165
20.57   6.00    0.446    0.119   0.456   0.072
20.57   6.00    0.446    0.118   0.456   0.071

20.58   0.00    0.071    0.070   0.032   0.036   0.003   0.000   0.000   0.000   0.000   0.000   0.000 1283533000
20.58   3.63   34.587
20.58   6.00    0.217    0.239
20.58   6.00    0.456   38.165
20.58   6.00    0.446    0.119   0.456   0.072
20.58   6.00    0.446    0.118   0.456   0.071

20.59   0.00    0.071    0.070   0.032   0.036   0.003   0.000   0.000   0.000   0.000   0.000   0.000 1284157000
20.59   3.63   34.586
20.59   6.00    0.217    0.239
20.59   6.00    0.456   38.165
20.59   6.00    0.446    0.119   0.456   0.072
20.59   6.00    0.446    0.118   0.456   0.071

20.60   0.00    0.071    0.070   0.032   0.036   0.003   0.000   0.000   0.000   0.000   0.000   0.000 1284780000
20.60   3.63   34.585
20.60   6.00    0.217    0.239
20.60   6.00    0.456   38.166
20.60   6.00    0.446    0.119   0.456   0.072
20.60   6.00    0.446    0.118   0.456   0.071

20.61   0.00    0.071    0.070   0.032   0.036   0.003   0.000   0.000   0.000   0.000   0.000   0.000 1285404000
20.61   3.63   34.584
20.61   6.00    0.217    0.239
20.61   6.00    0.456   38.166
20.61   6.00    0.446    0.119   0.456   0.072
20.61   6.00    0.446    0.118   0.456   0.071

20.62   0.00    0.071    0.070   0.032   0.036   0.003   0.000   0.000   0.000   0.000   0.000   0.000 1286028000
20.62   3.63   34.583
20.62   6.00    0.217    0.239
20.62   6.00    0.456   38.166
20.62   6.00    0.446    0.119   0.456   0.072
20.62   6.00    0.446    0.118   0.456   0.071

20.63   0.00    0.071    0.070   0.032   0.036   0.003   0.000   0.000   0.000   0.000   0.000   0.000 1286651000
20.63   3.63   34.583
20.63   6.00    0.217    0.239
20.63   6.00    0.456   38.166
20.63   6.00    0.446    0.119   0.456   0.072
20.63   6.00    0.446    0.118   0.456   0.071

20.64   0.00    0.071    0.070   0.032   0.036   0.003   0.000   0.000   0.000   0.000   0.000   0.000 1287275000
20.64   3.63   34.582
20.64   6.00    0.217    0.239
20.64   6.00    0.456   38.166
20.64   6.00    0.446    0.119   0.456   0.072
20.64   6.00    0.446    0.118   0.456   0.071

20.65   0.00    0.071    0.070   0.032   0.036   0.003   0.000   0.000   0.000   0.000   0.000   0.000 1287899000
20.65   3.63   34.581
20.65   6.00    0.217    0.239
20.65   6.00    0.456   38.166
20.65   6.00    0.446    0.119   0.456   0.072
20.65   6.00    0.446    0.118   0.456   0.071

20.66   0.00    0.071    0.070   0.032   0.036   0.003   0.000   0.000   0.000   0.000   0.000   0.000 1288522000
20.66   3.63   34.580
20.66   6.00    0.217    0.239
20.66   6.00    0.456   38.167
20.66   6.00    0.446    0.119   0.456   0.072
20.66   6.00    0.446    0.118   0.456   0.071

20.67   0.00    0.071    0.070   0.032   0.036   0.003   0.000   0.000   0.000   0.000   0.000   0.000 1289146000
20.67   3.63   34.579
20.67   6.00    0.217    0.239
20.67   6.00    0.456   38.167
20.67   6.00    0.446    0.119   0.456   0.072
20.67   6.00    0.446    0.118   0.456   0.071

20.68   0.00    0.071    0.070   0.032   0.036   0.003   0.000   0.000   0.000   0.000   0.000   0.000 1289770000
20.68   3.63   34.578
20.68   6.00    0.217    0.239
20.68   6.00    0.456   38.167
20.68   6.00    0.446    0.119   0.456   0.072
20.68   6.00    0.446    0.118   0.456   0.071

20.69   0.00    0.071    0.070   0.032   0.036   0.003   0.000   0.000   0.000   0.000   0.000   0.000 1290394000
20.69   3.63   34.577
20.69   6.00    0.217    0.239
20.69   6.00    0.456   38.167
20.69   6.00    0.446    0.119   0.456   0.072
20.69   6.00    0.446    0.118   0.456   0.071

20.70   0.00    0.071    0.070   0.032   0.036   0.003   0.000   0.000   0.000   0.000   0.000   0.000 1291017000
20.70   3.63   34.576
20.70   6.00    0.217    0.239
20.70   6.00    0.456   38.167
20.70   6.00    0.446    0.119   0.456   0.072
20.70   6.00    0.446    0.118   0.456   0.071

20.71   0.00    0.071    0.070   0.032   0.036   0.003   0.000   0.000   0.000   0.000   0.000   0.000 1291641000
20.71   3.63   34.575
20.71   6.00    0.217    0.239
20.71   6.00    0.456   38.168
20.71   6.00    0.446    0.119   0.456   0.072
20.71   6.00    0.446    0.118   0.456   0.071

20.72   0.00    0.071    0.070   0.032   0.036   0.003   0.000   0.000   0.000   0.000   0.000   0.000 1292264000
20.72   3.63   34.574
20.72   6.00    0.217    0.239
20.72   6.00    0.456   38.168
20.72   6.00    0.446    0.119   0.456   0.072
20.72   6.00    0.446    0.118   0.456   0.071

20.73   0.00    0.071    0.070   0.032   0.036   0.003   0.000   0.000   0.000   0.000   0.000   0.000 1292888000
20.73   3.63   34.573
20.73   6.00    0.217    0.239
20.73   6.00    0.456   38.168
20.73   6.00    0.446    0.119   0.456   0.072
20.73   6.00    0.446    0.118   0.456   0.071

20.74   0.00    0.071    0.070   0.032   0.036   0.003   0.000   0.000   0.000   0.000   0.000   0.000 1293512000
20.74   3.63   34.572
20.74   6.00    0.217    0.239
20.74   6.00    0.456   38.168
20.74   6.00    0.446    0.119   0.456   0.072
20.74   6.00    0.446    0.118   0.456   0.071

20.75   0.00    0.071    0.070   0.032   0.036   0.003   0.000   0.000   0.000   0.000   0.000   0.000 1294136000
20.75   3.63   34.572
20.75   6.00    0.217    0.239
20.75   6.00    0.456   38.168
20.75   6.00    0.446    0.119   0.456   0.072
20.75   6.00    0.446    0.118   0.456   0.071

20.76   0.00    0.071    0.070   0.032   0.036   0.003   0.000   0.000   0.000   0.000   0.000   0.000 1294759000
20.76   3.63   34.571
20.76   6.00    0.217    0.239
20.76   6.00    0.456   38.169
20.76   6.00    0.446    0.119   0.456   0.072
20.76   6.00    0.446    0.118   0.456   0.071

20.77   0.00    0.071    0.070   0.032   0.036   0.003   0.000   0.000   0.000   0.000   0.000   0.000 1295383000
20.77   3.62   34.570
20.77   6.00    0.217    0.239
20.77   6.00    0.456   38.169
20.77   6.00    0.446    0.119   0.456   0.072
20.77   6.00    0.446    0.118   0.456   0.071

20.78   0.00    0.071    0.070   0.032   0.036   0.003   0.000   0.000   0.000   0.000   0.000   0.000 1296007000
20.78   3.62   34.569
20.78   6.00    0.217    0.239
20.78   6.00    0.456   38.169
20.78   6.00    0.446    0.119   0.456   0.072
20.78   6.00    0.446    0.118   0.456   0.071

20.79   0.00    0.071    0.070   0.032   0.036   0.003   0.000   0.000   0.000   0.000   0.000   0.000 1296630000
20.79   3.62   34.568
20.79   6.00    0.217    0.239
20.79   6.00    0.456   38.169
20.79   6.00    0.446    0.119   0.456   0.072
20.79   6.00    0.446    0.118   0.456   0.071

20.80   0.00    0.071    0.070   0.032   0.036   0.003   0.000   0.000   0.000   0.000   0.000   0.000 1297254000
20.80   3.62   34.567
20.80   6.00    0.217    0.239
20.80   6.00    0.456   38.169
20.80   6.00    0.446    0.119   0.456   0.072
20.80   6.00    0.446    0.118   0.456   0.071

20.81   0.00    0.071    0.070   0.032   0.036   0.003   0.000   0.000   0.000   0.000   0.000   0.000 1297878000
20.81   3.62   34.566
20.81   6.00    0.217    0.239
20.81   6.00    0.456   38.169
20.81   6.00    0.446    0.119   0.456   0.072
20.81   6.00    0.446    0.118   0.456   0.071

20.82   0.00    0.071    0.070   0.032   0.036   0.003   0.000   0.000   0.000   0.000   0.000   0.000 1298501000
20.82   3.62   34.565
20.82   6.00    0.217    0.239
20.82   6.00    0.456   38.170
20.82   6.00    0.446    0.119   0.456   0.072
20.82   6.00    0.446    0.118   0.456   0.071

20.83   0.00    0.071    0.070   0.032   0.036   0.003   0.000   0.000   0.000   0.000   0.000   0.000 1299125000
20.83   3.62   34.564
20.83   6.00    0.217    0.239
20.83   6.00    0.456   38.170
20.83   6.00    0.446    0.119   0.456   0.072
20.83   6.00    0.446    0.118   0.456   0.071

20.84   0.00    0.071    0.070   0.032   0.036   0.003   0.000   0.000   0.000   0.000   0.000   0.000 1299749000
20.84   3.62   34.563
20.84   6.00    0.217    0.239
20.84   6.00    0.456   38.170
20.84   6.00    0.446    0.119   0.456   0.072
20.84   6.00    0.446    0.118   0.456   0.071

20.85   0.00    0.071    0.070   0.032   0.036   0.003   0.000   0.000   0.000   0.000   0.000   0.000 1300372000
20.85   3.62   34.562
20.85   6.00    0.217    0.239
20.85   6.00    0.456   38.170
20.85   6.00    0.446    0.119   0.456   0.072
20.85   6.00    0.446    0.118   0.456   0.071

20.86   0.00    0.071    0.070   0.032   0.036   0.003   0.000   0.000   0.000   0.000   0.000   0.000 1300996000
20.86   3.62   34.561
20.86   6.00    0.217    0.239
20.86   6.00    0.456   38.170
20.86   6.00    0.446    0.119   0.456   0.072
20.86   6.00    0.446    0.118   0.456   0.071

20.87   0.00    0.071    0.070   0.032   0.036   0.003   0.000   0.000   0.000   0.000   0.000   0.000 1301620000
20.87   3.62   34.561
20.87   6.00    0.217    0.239
20.87   6.00    0.456   38.171
20.87   6.00    0.446    0.119   0.456   0.072
20.87   6.00    0.446    0.118   0.456   0.071

20.88   0.00    0.071    0.070   0.032   0.036   0.003   0.000   0.000   0.000   0.000   0.000   0.000 1302243000
20.88   3.62   34.560
20.88   6.00    0.217    0.239
20.88   6.00    0.455   38.171
20.88   6.00    0.445    0.119   0.455   0.072
20.88   6.00    0.446    0.118   0.455   0.071

20.89   0.00    0.071    0.070   0.032   0.036   0.003   0.000   0.000   0.000   0.000   0.000   0.000 1302867000
20.89   3.62   34.559
20.89   6.00    0.217    0.239
20.89   6.00    0.455   38.171
20.89   6.00    0.445    0.119   0.455   0.072
20.89   6.00    0.446    0.118   0.455   0.071

20.90   0.00    0.071    0.070   0.032   0.036   0.003   0.000   0.000   0.000   0.000   0.000   0.000 1303491000
20.90   3.62   34.558
20.90   6.00    0.217    0.239
20.90   6.00    0.455   38.171
20.90   6.00    0.445    0.119   0.455   0.072
20.90   6.00    0.446    0.118   0.455   0.071

20.91   0.00    0.071    0.070   0.032   0.036   0.003   0.000   0.000   0.000   0.000   0.000   0.000 1304114000
20.91   3.62   34.557
20.91   6.00    0.217    0.239
20.91   6.00    0.455   38.171
20.91   6.00    0.445    0.119   0.455   0.072
20.91   6.00    0.445    0.118   0.455   0.071

20.92   0.00    0.071    0.070   0.032   0.036   0.003   0.000   0.000   0.000   0.000   0.000   0.000 1304738000
20.92   3.62   34.556
20.92   6.00    0.217    0.239
20.92   6.00    0.455   38.172
20.92   6.00    0.445    0.119   0.455   0.072
20.92   6.00    0.445    0.118   0.455   0.071

20.93   0.00    0.071    0.070   0.032   0.036   0.003   0.000   0.000   0.000   0.000   0.000   0.000 1305362000
20.93   3.62   34.555
20.93   6.00    0.217    0.239
20.93   6.00    0.455   38.172
20.93   6.00    0.445    0.119   0.455   0.072
20.93   6.00    0.445    0.118   0.455   0.071

20.94   0.00    0.071    0.070   0.032   0.036   0.003   0.000   0.000   0.000   0.000   0.000   0.000 1305986000
20.94   3.62   34.554
20.94   6.00    0.217    0.239
20.94   6.00    0.455   38.172
20.94   6.00    0.445    0.119   0.455   0.072
20.94   6.00    0.445    0.118   0.455   0.071

20.95   0.00    0.071    0.070   0.032   0.036   0.003   0.000   0.000   0.000   0.000   0.000   0.000 1306609000
20.95   3.62   34.553
20.95   6.00    0.217    0.239
20.95   6.00    0.455   38.172
20.95   6.00    0.445    0.119   0.455   0.072
20.95   6.00    0.445    0.118   0.455   0.071

20.96   0.00    0.071    0.070   0.032   0.036   0.003   0.000   0.000   0.000   0.000   0.000   0.000 1307233000
20.96   3.62   34.552
20.96   6.00    0.217    0.239
20.96   6.00    0.455   38.172
20.96   6.00    0.445    0.119   0.455   0.072
20.96   6.00    0.445    0.118   0.455   0.071

20.97   0.00    0.071    0.070   0.032   0.036   0.003   0.000   0.000   0.000   0.000   0.000   0.000 1307857000
20.97   3.62   34.551
20.97   6.00    0.216    0.239
20.97   6.00    0.455   38.173
20.97   6.00    0.445    0.119   0.455   0.072
20.97   6.00    0.445    0.118   0.455   0.071

20.98   0.00    0.071    0.070   0.032   0.036   0.003   0.000   0.000   0.000   0.000   0.000   0.000 1308480000
20.98   3.62   34.551
20.98   6.00    0.216    0.239
20.98   6.00    0.455   38.173
20.98   6.00    0.445    0.119   0.455   0.072
20.98   6.00    0.445    0.118   0.455   0.071

20.99   0.00    0.071    0.070   0.032   0.036   0.003   0.000   0.000   0.000   0.000   0.000   0.000 1309104000
20.99   3.62   34.550
20.99   6.00    0.216    0.239
20.99   6.00    0.455   38.173
20.99   6.00    0.445    0.119   0.455   0.072
20.99   6.00    0.445    0.118   0.455   0.071

21.00   0.00    0.071    0.070   0.032   0.036   0.003   0.000   0.000   0.000   0.000   0.000   0.000 1309728000
21.00   3.62   34.549
21.00   6.00    0.216    0.239
21.00   6.00    0.455   38.173
21.00   6.00    0.445    0.119   0.455   0.072
21.00   6.00    0.445    0.118   0.455   0.071

21.01   0.00    0.071    0.070   0.032   0.036   0.003   0.000   0.000   0.000   0.000   0.000   0.000 1310351000
21.01   3.62   34.548
21.01   6.00    0.216    0.239
21.01   6.00    0.455   38.173
21.01   6.00    0.445    0.119   0.455   0.072
21.01   6.00    0.445    0.118   0.455   0.071

21.02   0.00    0.071    0.070   0.032   0.036   0.003   0.000   0.000   0.000   0.000   0.000   0.000 1310975000
21.02   3.61   34.547
21.02   6.00    0.216    0.239
21.02   6.00    0.455   38.173
21.02   6.00    0.445    0.119   0.455   0.072
21.02   6.00    0.445    0.118   0.455   0.071

21.03   0.00    0.071    0.070   0.032   0.036   0.003   0.000   0.000   0.000   0.000   0.000   0.000 1311599000
21.03   3.61   34.546
21.03   6.00    0.216    0.239
21.03   6.00    0.455   38.174
21.03   6.00    0.445    0.119   0.455   0.072
21.03   6.00    0.445    0.118   0.455   0.071

21.04   0.00    0.071    0.070   0.032   0.036   0.003   0.000   0.000   0.000   0.000   0.000   0.000 1312222000
21.04   3.61   34.545
21.04   6.00    0.216    0.239
21.04   6.00    0.455   38.174
21.04   6.00    0.445    0.119   0.455   0.072
21.04   6.00    0.445    0.118   0.455   0.071

21.05   0.00    0.071    0.070   0.032   0.036   0.003   0.000   0.000   0.000   0.000   0.000   0.000 1312846000
21.05   3.61   34.544
21.05   6.00    0.216    0.239
21.05   6.00    0.455   38.174
21.05   6.00    0.445    0.119   0.455   0.072
21.05   6.00    0.445    0.118   0.455   0.071

21.06   0.00    0.071    0.070   0.032   0.036   0.003   0.000   0.000   0.000   0.000   0.000   0.000 1313470000
21.06   3.61   34.543
21.06   6.00    0.216    0.239
21.06   6.00    0.455   38.174
21.06   6.00    0.445    0.119   0.455   0.072
21.06   6.00    0.445    0.118   0.455   0.071

21.07   0.00    0.071    0.070   0.032   0.036   0.003   0.000   0.000   0.000   0.000   0.000   0.000 1314093000
21.07   3.61   34.542
21.07   6.00    0.216    0.239
21.07   6.00    0.455   38.174
21.07   6.00    0.445    0.119   0.455   0.072
21.07   6.00    0.445    0.118   0.455   0.071

21.08   0.00    0.071    0.070   0.032   0.036   0.003   0.000   0.000   0.000   0.000   0.000   0.000 1314717000
21.08   3.61   34.541
21.08   6.00    0.216    0.239
21.08   6.00    0.455   38.175
21.08   6.00    0.445    0.119   0.455   0.072
21.08   6.00    0.445    0.118   0.455   0.071

21.09   0.00    0.071    0.070   0.032   0.036   0.003   0.000   0.000   0.000   0.000   0.000   0.000 1315341000
21.09   3.61   34.541
21.09   6.00    0.216    0.239
21.09   6.00    0.455   38.175
21.09   6.00    0.445    0.119   0.455   0.072
21.09   6.00    0.445    0.118   0.455   0.071

21.10   0.00    0.071    0.070   0.032   0.036   0.003   0.000   0.000   0.000   0.000   0.000   0.000 1315964000
21.10   3.61   34.540
21.10   6.00    0.216    0.239
21.10   6.00    0.455   38.175
21.10   6.00    0.445    0.119   0.455   0.072
21.10   6.00    0.445    0.118   0.455   0.071

21.11   0.00    0.071    0.070   0.032   0.036   0.003   0.000   0.000   0.000   0.000   0.000   0.000 1316588000
21.11   3.61   34.539
21.11   6.00    0.216    0.239
21.11   6.00    0.455   38.175
21.11   6.00    0.445    0.119   0.455   0.072
21.11   6.00    0.445    0.118   0.455   0.071

21.12   0.00    0.071    0.070   0.032   0.036   0.003   0.000   0.000   0.000   0.000   0.000   0.000 1317212000
21.12   3.61   34.538
21.12   6.00    0.216    0.239
21.12   6.00    0.455   38.175
21.12   6.00    0.445    0.119   0.455   0.072
21.12   6.00    0.445    0.118   0.455   0.071

21.13   0.00    0.071    0.070   0.032   0.036   0.003   0.000   0.000   0.000   0.000   0.000   0.000 1317835000
21.13   3.61   34.537
21.13   6.00    0.216    0.239
21.13   6.00    0.455   38.176
21.13   6.00    0.445    0.119   0.455   0.072
21.13   6.00    0.445    0.118   0.455   0.071

21.14   0.00    0.071    0.070   0.032   0.036   0.003   0.000   0.000   0.000   0.000   0.000   0.000 1318459000
21.14   3.61   34.536
21.14   6.00    0.216    0.239
21.14   6.00    0.455   38.176
21.14   6.00    0.445    0.119   0.455   0.072
21.14   6.00    0.445    0.118   0.455   0.071

21.15   0.00    0.071    0.070   0.032   0.036   0.003   0.000   0.000   0.000   0.000   0.000   0.000 1319083000
21.15   3.61   34.535
21.15   6.00    0.216    0.239
21.15   6.00    0.455   38.176
21.15   6.00    0.445    0.119   0.455   0.072
21.15   6.00    0.445    0.118   0.455   0.071

21.16   0.00    0.071    0.070   0.032   0.036   0.003   0.000   0.000   0.000   0.000   0.000   0.000 1319706000
21.16   3.61   34.534
21.16   6.00    0.216    0.239
21.16   6.00    0.455   38.176
21.16   6.00    0.445    0.119   0.455   0.072
21.16   6.00    0.445    0.118   0.455   0.071

21.17   0.00    0.071    0.070   0.032   0.036   0.003   0.000   0.000   0.000   0.000   0.000   0.000 1320330000
21.17   3.61   34.533
21.17   6.00    0.216    0.239
21.17   6.00    0.455   38.176
21.17   6.00    0.445    0.119   0.455   0.072
21.17   6.00    0.445    0.118   0.455   0.071

21.18   0.00    0.071    0.070   0.032   0.036   0.003   0.000   0.000   0.000   0.000   0.000   0.000 1320954000
21.18   3.61   34.532
21.18   6.00    0.216    0.239
21.18   6.00    0.455   38.176
21.18   6.00    0.445    0.119   0.455   0.072
21.18   6.00    0.445    0.118   0.455   0.071

21.19   0.00    0.071    0.070   0.032   0.036   0.003   0.000   0.000   0.000   0.000   0.000   0.000 1321577000
21.19   3.61   34.532
21.19   6.00    0.216    0.239
21.19   6.00    0.455   38.177
21.19   6.00    0.445    0.119   0.455   0.072
21.19   6.00    0.445    0.118   0.455   0.071

21.20   0.00    0.071    0.070   0.032   0.036   0.003   0.000   0.000   0.000   0.000   0.000   0.000 1322201000
21.20   3.61   34.531
21.20   6.00    0.216    0.239
21.20   6.00    0.455   38.177
21.20   6.00    0.445    0.119   0.455   0.072
21.20   6.00    0.445    0.118   0.455   0.071

21.21   0.00    0.071    0.070   0.032   0.036   0.003   0.000   0.000   0.000   0.000   0.000   0.000 1322825000
21.21   3.61   34.530
21.21   6.00    0.216    0.239
21.21   6.00    0.455   38.177
21.21   6.00    0.445    0.119   0.455   0.072
21.21   6.00    0.445    0.118   0.455   0.071

21.22   0.00    0.071    0.070   0.032   0.036   0.003   0.000   0.000   0.000   0.000   0.000   0.000 1323448000
21.22   3.61   34.529
21.22   6.00    0.216    0.239
21.22   6.00    0.455   38.177
21.22   6.00    0.445    0.119   0.455   0.072
21.22   6.00    0.445    0.118   0.455   0.071

21.23   0.00    0.071    0.070   0.032   0.036   0.003   0.000   0.000   0.000   0.000   0.000   0.000 1324072000
21.23   3.61   34.528
21.23   6.00    0.216    0.239
21.23   6.00    0.455   38.177
21.23   6.00    0.445    0.119   0.455   0.072
21.23   6.00    0.445    0.118   0.455   0.071

21.24   0.00    0.071    0.070   0.032   0.036   0.003   0.000   0.000   0.000   0.000   0.000   0.000 1324696000
21.24   3.61   34.527
21.24   6.00    0.216    0.239
21.24   6.00    0.455   38.178
21.24   6.00    0.445    0.119   0.455   0.072
21.24   6.00    0.445    0.118   0.455   0.071

21.25   0.00    0.071    0.070   0.032   0.036   0.003   0.000   0.000   0.000   0.000   0.000   0.000 1325320000
21.25   3.61   34.526
21.25   6.00    0.216    0.239
21.25   6.00    0.455   38.178
21.25   6.00    0.445    0.119   0.455   0.072
21.25   6.00    0.445    0.118   0.455   0.071

21.26   0.00    0.071    0.070   0.032   0.036   0.003   0.000   0.000   0.000   0.000   0.000   0.000 1325943000
21.26   3.61   34.525
21.26   6.00    0.216    0.239
21.26   6.00    0.455   38.178
21.26   6.00    0.445    0.119   0.455   0.072
21.26   6.00    0.445    0.118   0.455   0.071

21.27   0.00    0.071    0.070   0.032   0.036   0.003   0.000   0.000   0.000   0.000   0.000   0.000 1326567000
21.27   3.61   34.524
21.27   6.00    0.216    0.239
21.27   6.00    0.454   38.178
21.27   6.00    0.445    0.119   0.454   0.072
21.27   6.00    0.445    0.118   0.454   0.071

21.28   0.00    0.071    0.070   0.032   0.036   0.003   0.000   0.000   0.000   0.000   0.000   0.000 1327191000
21.28   3.60   34.523
21.28   6.00    0.216    0.239
21.28   6.00    0.454   38.178
21.28   6.00    0.444    0.119   0.454   0.072
21.28   6.00    0.445    0.118   0.454   0.071

21.29   0.00    0.071    0.070   0.032   0.036   0.003   0.000   0.000   0.000   0.000   0.000   0.000 1327814000
21.29   3.60   34.522
21.29   6.00    0.216    0.239
21.29   6.00    0.454   38.179
21.29   6.00    0.444    0.119   0.454   0.072
21.29   6.00    0.445    0.118   0.454   0.071

21.30   0.00    0.071    0.070   0.032   0.036   0.003   0.000   0.000   0.000   0.000   0.000   0.000 1328438000
21.30   3.60   34.522
21.30   6.00    0.216    0.239
21.30   6.00    0.454   38.179
21.30   6.00    0.444    0.119   0.454   0.072
21.30   6.00    0.445    0.118   0.454   0.071

21.31   0.00    0.071    0.070   0.032   0.036   0.003   0.000   0.000   0.000   0.000   0.000   0.000 1329062000
21.31   3.60   34.521
21.31   6.00    0.216    0.239
21.31   6.00    0.454   38.179
21.31   6.00    0.444    0.119   0.454   0.072
21.31   6.00    0.444    0.118   0.454   0.071

21.32   0.00    0.071    0.070   0.032   0.036   0.003   0.000   0.000   0.000   0.000   0.000   0.000 1329685000
21.32   3.60   34.520
21.32   6.00    0.216    0.239
21.32   6.00    0.454   38.179
21.32   6.00    0.444    0.119   0.454   0.072
21.32   6.00    0.444    0.118   0.454   0.071

21.33   0.00    0.071    0.070   0.032   0.036   0.003   0.000   0.000   0.000   0.000   0.000   0.000 1330309000
21.33   3.60   34.519
21.33   6.00    0.216    0.239
21.33   6.00    0.454   38.179
21.33   6.00    0.444    0.119   0.454   0.072
21.33   6.00    0.444    0.118   0.454   0.071

21.34   0.00    0.071    0.070   0.032   0.036   0.003   0.000   0.000   0.000   0.000   0.000   0.000 1330933000
21.34   3.60   34.518
21.34   6.00    0.216    0.239
21.34   6.00    0.454   38.180
21.34   6.00    0.444    0.119   0.454   0.072
21.34   6.00    0.444    0.118   0.454   0.071

21.35   0.00    0.071    0.070   0.032   0.036   0.003   0.000   0.000   0.000   0.000   0.000   0.000 1331556000
21.35   3.60   34.517
21.35   6.00    0.216    0.239
21.35   6.00    0.454   38.180
21.35   6.00    0.444    0.119   0.454   0.072
21.35   6.00    0.444    0.118   0.454   0.071

21.36   0.00    0.071    0.070   0.032   0.036   0.003   0.000   0.000   0.000   0.000   0.000   0.000 1332180000
21.36   3.60   34.516
21.36   6.00    0.216    0.239
21.36   6.00    0.454   38.180
21.36   6.00    0.444    0.119   0.454   0.072
21.36   6.00    0.444    0.118   0.454   0.071

21.37   0.00    0.071    0.070   0.032   0.036   0.003   0.000   0.000   0.000   0.000   0.000   0.000 1332804000
21.37   3.60   34.515
21.37   6.00    0.215    0.239
21.37   6.00    0.454   38.180
21.37   6.00    0.444    0.119   0.454   0.072
21.37   6.00    0.444    0.118   0.454   0.071

21.38   0.00    0.071    0.070   0.032   0.036   0.003   0.000   0.000   0.000   0.000   0.000   0.000 1333427000
21.38   3.60   34.514
21.38   6.00    0.215    0.239
21.38   6.00    0.454   38.180
21.38   6.00    0.444    0.119   0.454   0.072
21.38   6.00    0.444    0.118   0.454   0.071

21.39   0.00    0.071    0.070   0.032   0.036   0.003   0.000   0.000   0.000   0.000   0.000   0.000 1334051000
21.39   3.60   34.513
21.39   6.00    0.215    0.239
21.39   6.00    0.454   38.180
21.39   6.00    0.444    0.119   0.454   0.072
21.39   6.00    0.444    0.118   0.454   0.071

21.40   0.00    0.071    0.070   0.032   0.036   0.003   0.000   0.000   0.000   0.000   0.000   0.000 1334675000
21.40   3.60   34.512
21.40   6.00    0.215    0.239
21.40   6.00    0.454   38.181
21.40   6.00    0.444    0.119   0.454   0.072
21.40   6.00    0.444    0.118   0.454   0.071

21.41   0.00    0.071    0.070   0.032   0.036   0.003   0.000   0.000   0.000   0.000   0.000   0.000 1335298000
21.41   3.60   34.512
21.41   6.00    0.215    0.239
21.41   6.00    0.454   38.181
21.41   6.00    0.444    0.119   0.454   0.072
21.41   6.00    0.444    0.118   0.454   0.071

21.42   0.00    0.071    0.070   0.032   0.036   0.003   0.000   0.000   0.000   0.000   0.000   0.000 1335922000
21.42   3.60   34.511
21.42   6.00    0.215    0.239
21.42   6.00    0.454   38.181
21.42   6.00    0.444    0.119   0.454   0.072
21.42   6.00    0.444    0.118   0.454   0.071

21.43   0.00    0.071    0.070   0.032   0.036   0.003   0.000   0.000   0.000   0.000   0.000   0.000 1336546000
21.43   3.60   34.510
21.43   6.00    0.215    0.239
21.43   6.00    0.454   38.181
21.43   6.00    0.444    0.119   0.454   0.072
21.43   6.00    0.444    0.118   0.454   0.071

21.44   0.00    0.071    0.070   0.032   0.036   0.003   0.000   0.000   0.000   0.000   0.000   0.000 1337170000
21.44   3.60   34.509
21.44   6.00    0.215    0.239
21.44   6.00    0.454   38.181
21.44   6.00    0.444    0.119   0.454   0.072
21.44   6.00    0.444    0.118   0.454   0.071

21.45   0.00    0.071    0.070   0.032   0.036   0.003   0.000   0.000   0.000   0.000   0.000   0.000 1337793000
21.45   3.60   34.508
21.45   6.00    0.215    0.239
21.45   6.00    0.454   38.182
21.45   6.00    0.444    0.119   0.454   0.072
21.45   6.00    0.444    0.118   0.454   0.071

21.46   0.00    0.071    0.070   0.032   0.036   0.003   0.000   0.000   0.000   0.000   0.000   0.000 1338417000
21.46   3.60   34.507
21.46   6.00    0.215    0.239
21.46   6.00    0.454   38.182
21.46   6.00    0.444    0.119   0.454   0.072
21.46   6.00    0.444    0.118   0.454   0.071

21.47   0.00    0.071    0.070   0.032   0.036   0.003   0.000   0.000   0.000   0.000   0.000   0.000 1339041000
21.47   3.60   34.506
21.47   6.00    0.215    0.239
21.47   6.00    0.454   38.182
21.47   6.00    0.444    0.119   0.454   0.072
21.47   6.00    0.444    0.118   0.454   0.071

21.48   0.00    0.071    0.070   0.032   0.036   0.003   0.000   0.000   0.000   0.000   0.000   0.000 1339664000
21.48   3.60   34.505
21.48   6.00    0.215    0.239
21.48   6.00    0.454   38.182
21.48   6.00    0.444    0.119   0.454   0.072
21.48   6.00    0.444    0.118   0.454   0.071

21.49   0.00    0.071    0.070   0.032   0.036   0.003   0.000   0.000   0.000   0.000   0.000   0.000 1340288000
21.49   3.60   34.504
21.49   6.00    0.215    0.239
21.49   6.00    0.454   38.182
21.49   6.00    0.444    0.119   0.454   0.072
21.49   6.00    0.444    0.118   0.454   0.071

21.50   0.00    0.071    0.070   0.032   0.036   0.003   0.000   0.000   0.000   0.000   0.000   0.000 1340912000
21.50   3.60   34.503
21.50   6.00    0.215    0.239
21.50   6.00    0.454   38.183
21.50   6.00    0.444    0.119   0.454   0.072
21.50   6.00    0.444    0.118   0.454   0.071

21.51   0.00    0.071    0.070   0.032   0.036   0.003   0.000   0.000   0.000   0.000   0.000   0.000 1341535000
21.51   3.60   34.502
21.51   6.00    0.215    0.239
21.51   6.00    0.454   38.183
21.51   6.00    0.444    0.119   0.454   0.072
21.51   6.00    0.444    0.118   0.454   0.071

21.52   0.00    0.071    0.070   0.032   0.036   0.003   0.000   0.000   0.000   0.000   0.000   0.000 1342159000
21.52   3.60   34.502
21.52   6.00    0.215    0.239
21.52   6.00    0.454   38.183
21.52   6.00    0.444    0.119   0.454   0.072
21.52   6.00    0.444    0.118   0.454   0.071

21.53   0.00    0.071    0.070   0.032   0.036   0.003   0.000   0.000   0.000   0.000   0.000   0.000 1342783000
21.53   3.60   34.501
21.53   6.00    0.215    0.239
21.53   6.00    0.454   38.183
21.53   6.00    0.444    0.119   0.454   0.072
21.53   6.00    0.444    0.118   0.454   0.071

21.54   0.00    0.071    0.070   0.032   0.036   0.003   0.000   0.000   0.000   0.000   0.000   0.000 1343406000
21.54   3.59   34.500
21.54   6.00    0.215    0.239
21.54   6.00    0.454   38.183
21.54   6.00    0.444    0.119   0.454   0.072
21.54   6.00    0.444    0.118   0.454   0.071

21.55   0.00    0.071    0.070   0.032   0.036   0.003   0.000   0.000   0.000   0.000   0.000   0.000 1344030000
21.55   3.59   34.499
21.55   6.00    0.215    0.239
21.55   6.00    0.454   38.184
21.55   6.00    0.444    0.119   0.454   0.072
21.55   6.00    0.444    0.118   0.454   0.071

21.56   0.00    0.071    0.070   0.032   0.036   0.003   0.000   0.000   0.000   0.000   0.000   0.000 1344654000
21.56   3.59   34.498
21.56   6.00    0.215    0.239
21.56   6.00    0.454   38.184
21.56   6.00    0.444    0.119   0.454   0.072
21.56   6.00    0.444    0.118   0.454   0.071

21.57   0.00    0.071    0.070   0.032   0.036   0.003   0.000   0.000   0.000   0.000   0.000   0.000 1345277000
21.57   3.59   34.497
21.57   6.00    0.215    0.239
21.57   6.00    0.454   38.184
21.57   6.00    0.444    0.119   0.454   0.072
21.57   6.00    0.444    0.118   0.454   0.071

21.58   0.00    0.071    0.070   0.032   0.036   0.003   0.000   0.000   0.000   0.000   0.000   0.000 1345901000
21.58   3.59   34.496
21.58   6.00    0.215    0.239
21.58   6.00    0.454   38.184
21.58   6.00    0.444    0.119   0.454   0.072
21.58   6.00    0.444    0.118   0.454   0.071

21.59   0.00    0.071    0.070   0.032   0.036   0.003   0.000   0.000   0.000   0.000   0.000   0.000 1346525000
21.59   3.59   34.495
21.59   6.00    0.215    0.239
21.59   6.00    0.454   38.184
21.59   6.00    0.444    0.119   0.454   0.072
21.59   6.00    0.444    0.118   0.454   0.071

21.60   0.00    0.071    0.070   0.032   0.036   0.003   0.000   0.000   0.000   0.000   0.000   0.000 1347148000
21.60   3.59   34.494
21.60   6.00    0.215    0.239
21.60   6.00    0.454   38.184
21.60   6.00    0.444    0.119   0.454   0.072
21.60   6.00    0.444    0.118   0.454   0.071

21.61   0.00    0.071    0.070   0.032   0.036   0.003   0.000   0.000   0.000   0.000   0.000   0.000 1347772000
21.61   3.59   34.493
21.61   6.00    0.215    0.239
21.61   6.00    0.454   38.185
21.61   6.00    0.444    0.119   0.454   0.072
21.61   6.00    0.444    0.118   0.454   0.071

21.62   0.00    0.071    0.070   0.032   0.036   0.003   0.000   0.000   0.000   0.000   0.000   0.000 1348396000
21.62   3.59   34.492
21.62   6.00    0.215    0.239
21.62   6.00    0.454   38.185
21.62   6.00    0.444    0.119   0.454   0.072
21.62   6.00    0.444    0.118   0.454   0.071

21.63   0.00    0.071    0.070   0.032   0.036   0.003   0.000   0.000   0.000   0.000   0.000   0.000 1349019000
21.63   3.59   34.492
21.63   6.00    0.215    0.239
21.63   6.00    0.454   38.185
21.63   6.00    0.444    0.119   0.454   0.072
21.63   6.00    0.444    0.118   0.454   0.071

21.64   0.00    0.071    0.070   0.032   0.036   0.003   0.000   0.000   0.000   0.000   0.000   0.000 1349643000
21.64   3.59   34.491
21.64   6.00    0.215    0.239
21.64   6.00    0.454   38.185
21.64   6.00    0.444    0.119   0.454   0.072
21.64   6.00    0.444    0.118   0.454   0.071

21.65   0.00    0.071    0.070   0.032   0.036   0.003   0.000   0.000   0.000   0.000   0.000   0.000 1350267000
21.65   3.59   34.490
21.65   6.00    0.215    0.239
21.65   6.00    0.454   38.185
21.65   6.00    0.444    0.119   0.454   0.072
21.65   6.00    0.444    0.118   0.454   0.071

21.66   0.00    0.071    0.070   0.032   0.036   0.003   0.000   0.000   0.000   0.000   0.000   0.000 1350890000
21.66   3.59   34.489
21.66   6.00    0.215    0.239
21.66   6.00    0.454   38.186
21.66   6.00    0.444    0.119   0.454   0.072
21.66   6.00    0.444    0.118   0.454   0.071

21.67   0.00    0.071    0.070   0.032   0.036   0.003   0.000   0.000   0.000   0.000   0.000   0.000 1351514000
21.67   3.59   34.488
21.67   6.00    0.215    0.239
21.67   6.00    0.454   38.186
21.67   6.00    0.444    0.119   0.454   0.072
21.67   6.00    0.444    0.118   0.454   0.071

21.68   0.00    0.071    0.070   0.032   0.036   0.003   0.000   0.000   0.000   0.000   0.000   0.000 1352138000
21.68   3.59   34.487
21.68   6.00    0.215    0.239
21.68   6.00    0.453   38.186
21.68   6.00    0.444    0.119   0.453   0.072
21.68   6.00    0.444    0.118   0.453   0.071

21.69   0.00    0.071    0.070   0.032   0.036   0.003   0.000   0.000   0.000   0.000   0.000   0.000 1352761000
21.69   3.59   34.486
21.69   6.00    0.215    0.239
21.69   6.00    0.453   38.186
21.69   6.00    0.444    0.119   0.453   0.072
21.69   6.00    0.444    0.118   0.453   0.071

21.70   0.00    0.071    0.070   0.032   0.036   0.003   0.000   0.000   0.000   0.000   0.000   0.000 1353385000
21.70   3.59   34.485
21.70   6.00    0.215    0.239
21.70   6.00    0.453   38.186
21.70   6.00    0.443    0.119   0.453   0.072
21.70   6.00    0.444    0.118   0.453   0.071

21.71   0.00    0.071    0.070   0.032   0.036   0.003   0.000   0.000   0.000   0.000   0.000   0.000 1354009000
21.71   3.59   34.484
21.71   6.00    0.215    0.239
21.71   6.00    0.453   38.187
21.71   6.00    0.443    0.119   0.453   0.071
21.71   6.00    0.444    0.118   0.453   0.071

21.72   0.00    0.071    0.070   0.032   0.036   0.003   0.000   0.000   0.000   0.000   0.000   0.000 1354632000
21.72   3.59   34.483
21.72   6.00    0.215    0.239
21.72   6.00    0.453   38.187
21.72   6.00    0.443    0.118   0.453   0.071
21.72   6.00    0.444    0.118   0.453   0.071

21.73   0.00    0.071    0.070   0.032   0.036   0.003   0.000   0.000   0.000   0.000   0.000   0.000 1355256000
21.73   3.59   34.482
21.73   6.00    0.215    0.239
21.73   6.00    0.453   38.187
21.73   6.00    0.443    0.118   0.453   0.071
21.73   6.00    0.443    0.118   0.453   0.071

21.74   0.00    0.071    0.070   0.032   0.036   0.003   0.000   0.000   0.000   0.000   0.000   0.000 1355880000
21.74   3.59   34.481
21.74   6.00    0.215    0.239
21.74   6.00    0.453   38.187
21.74   6.00    0.443    0.118   0.453   0.071
21.74   6.00    0.443    0.118   0.453   0.071

21.75   0.00    0.071    0.070   0.032   0.036   0.003   0.000   0.000   0.000   0.000   0.000   0.000 1356504000
21.75   3.59   34.481
21.75   6.00    0.215    0.239
21.75   6.00    0.453   38.187
21.75   6.00    0.443    0.118   0.453   0.071
21.75   6.00    0.443    0.118   0.453   0.071

21.76   0.00    0.071    0.070   0.032   0.036   0.003   0.000   0.000   0.000   0.000   0.000   0.000 1357127000
21.76   3.59   34.480
21.76   6.00    0.215    0.239
21.76   6.00    0.453   38.187
21.76   6.00    0.443    0.118   0.453   0.071
21.76   6.00    0.443    0.118   0.453   0.071

21.77   0.00    0.071    0.070   0.032   0.036   0.003   0.000   0.000   0.000   0.000   0.000   0.000 1357751000
21.77   3.59   34.479
21.77   6.00    0.215    0.239
21.77   6.00    0.453   38.188
21.77   6.00    0.443    0.118   0.453   0.071
21.77   6.00    0.443    0.118   0.453   0.071

21.78   0.00    0.071    0.070   0.032   0.036   0.003   0.000   0.000   0.000   0.000   0.000   0.000 1358375000
21.78   3.59   34.478
21.78   6.00    0.214    0.239
21.78   6.00    0.453   38.188
21.78   6.00    0.443    0.118   0.453   0.071
21.78   6.00    0.443    0.118   0.453   0.071

21.79   0.00    0.071    0.070   0.032   0.036   0.003   0.000   0.000   0.000   0.000   0.000   0.000 1358998000
21.79   3.59   34.477
21.79   6.00    0.214    0.239
21.79   6.00    0.453   38.188
21.79   6.00    0.443    0.118   0.453   0.071
21.79   6.00    0.443    0.118   0.453   0.071

21.80   0.00    0.071    0.070   0.032   0.036   0.003   0.000   0.000   0.000   0.000   0.000   0.000 1359622000
21.80   3.58   34.476
21.80   6.00    0.214    0.239
21.80   6.00    0.453   38.188
21.80   6.00    0.443    0.118   0.453   0.071
21.80   6.00    0.443    0.118   0.453   0.071

21.81   0.00    0.071    0.070   0.032   0.036   0.003   0.000   0.000   0.000   0.000   0.000   0.000 1360246000
21.81   3.58   34.475
21.81   6.00    0.214    0.239
21.81   6.00    0.453   38.188
21.81   6.00    0.443    0.118   0.453   0.071
21.81   6.00    0.443    0.118   0.453   0.071

21.82   0.00    0.071    0.070   0.032   0.036   0.003   0.000   0.000   0.000   0.000   0.000   0.000 1360869000
21.82   3.58   34.474
21.82   6.00    0.214    0.239
21.82   6.00    0.453   38.189
21.82   6.00    0.443    0.118   0.453   0.071
21.82   6.00    0.443    0.118   0.453   0.071

21.83   0.00    0.071    0.070   0.032   0.036   0.003   0.000   0.000   0.000   0.000   0.000   0.000 1361493000
21.83   3.58   34.473
21.83   6.00    0.214    0.239
21.83   6.00    0.453   38.189
21.83   6.00    0.443    0.118   0.453   0.071
21.83   6.00    0.443    0.118   0.453   0.071

21.84   0.00    0.071    0.070   0.032   0.036   0.003   0.000   0.000   0.000   0.000   0.000   0.000 1362117000
21.84   3.58   34.472
21.84   6.00    0.214    0.239
21.84   6.00    0.453   38.189
21.84   6.00    0.443    0.118   0.453   0.071
21.84   6.00    0.443    0.118   0.453   0.071

21.85   0.00    0.071    0.070   0.032   0.036   0.003   0.000   0.000   0.000   0.000   0.000   0.000 1362740000
21.85   3.58   34.471
21.85   6.00    0.214    0.239
21.85   6.00    0.453   38.189
21.85   6.00    0.443    0.118   0.453   0.071
21.85   6.00    0.443    0.118   0.453   0.071

21.86   0.00    0.071    0.070   0.032   0.036   0.003   0.000   0.000   0.000   0.000   0.000   0.000 1363364000
21.86   3.58   34.470
21.86   6.00    0.214    0.239
21.86   6.00    0.453   38.189
21.86   6.00    0.443    0.118   0.453   0.071
21.86   6.00    0.443    0.118   0.453   0.071

21.87   0.00    0.071    0.070   0.032   0.036   0.003   0.000   0.000   0.000   0.000   0.000   0.000 1363988000
21.87   3.58   34.469
21.87   6.00    0.214    0.239
21.87   6.00    0.453   38.190
21.87   6.00    0.443    0.118   0.453   0.071
21.87   6.00    0.443    0.118   0.453   0.071

21.88   0.00    0.071    0.070   0.032   0.036   0.003   0.000   0.000   0.000   0.000   0.000   0.000 1364611000
21.88   3.58   34.469
21.88   6.00    0.214    0.239
21.88   6.00    0.453   38.190
21.88   6.00    0.443    0.118   0.453   0.071
21.88   6.00    0.443    0.118   0.453   0.071

21.89   0.00    0.071    0.070   0.032   0.036   0.003   0.000   0.000   0.000   0.000   0.000   0.000 1365235000
21.89   3.58   34.468
21.89   6.00    0.214    0.239
21.89   6.00    0.453   38.190
21.89   6.00    0.443    0.118   0.453   0.071
21.89   6.00    0.443    0.118   0.453   0.071

21.90   0.00    0.071    0.070   0.032   0.036   0.003   0.000   0.000   0.000   0.000   0.000   0.000 1365859000
21.90   3.58   34.467
21.90   6.00    0.214    0.239
21.90   6.00    0.453   38.190
21.90   6.00    0.443    0.118   0.453   0.071
21.90   6.00    0.443    0.118   0.453   0.071

21.91   0.00    0.071    0.070   0.032   0.036   0.003   0.000   0.000   0.000   0.000   0.000   0.000 1366482000
21.91   3.58   34.466
21.91   6.00    0.214    0.239
21.91   6.00    0.453   38.190
21.91   6.00    0.443    0.118   0.453   0.071
21.91   6.00    0.443    0.118   0.453   0.071

21.92   0.00    0.071    0.070   0.032   0.036   0.003   0.000   0.000   0.000   0.000   0.000   0.000 1367106000
21.92   3.58   34.465
21.92   6.00    0.214    0.239
21.92   6.00    0.453   38.190
21.92   6.00    0.443    0.118   0.453   0.071
21.92   6.00    0.443    0.118   0.453   0.071

21.93   0.00    0.071    0.070   0.032   0.036   0.003   0.000   0.000   0.000   0.000   0.000   0.000 1367730000
21.93   3.58   34.464
21.93   6.00    0.214    0.239
21.93   6.00    0.453   38.191
21.93   6.00    0.443    0.118   0.453   0.071
21.93   6.00    0.443    0.118   0.453   0.071

21.94   0.00    0.071    0.070   0.032   0.036   0.003   0.000   0.000   0.000   0.000   0.000   0.000 1368354000
21.94   3.58   34.463
21.94   6.00    0.214    0.239
21.94   6.00    0.453   38.191
21.94   6.00    0.443    0.118   0.453   0.071
21.94   6.00    0.443    0.118   0.453   0.071

21.95   0.00    0.071    0.070   0.032   0.036   0.003   0.000   0.000   0.000   0.000   0.000   0.000 1368977000
21.95   3.58   34.462
21.95   6.00    0.214    0.239
21.95   6.00    0.453   38.191
21.95   6.00    0.443    0.118   0.453   0.071
21.95   6.00    0.443    0.118   0.453   0.071

21.96   0.00    0.071    0.070   0.032   0.036   0.003   0.000   0.000   0.000   0.000   0.000   0.000 1369601000
21.96   3.58   34.461
21.96   6.00    0.214    0.239
21.96   6.00    0.453   38.191
21.96   6.00    0.443    0.118   0.453   0.071
21.96   6.00    0.443    0.118   0.453   0.071

21.97   0.00    0.071    0.070   0.032   0.036   0.003   0.000   0.000   0.000   0.000   0.000   0.000 1370225000
21.97   3.58   34.460
21.97   6.00    0.214    0.239
21.97   6.00    0.453   38.191
21.97   6.00    0.443    0.118   0.453   0.071
21.97   6.00    0.443    0.118   0.453   0.071

21.98   0.00    0.071    0.070   0.032   0.036   0.003   0.000   0.000   0.000   0.000   0.000   0.000 1370848000
21.98   3.58   34.459
21.98   6.00    0.214    0.239
21.98   6.00    0.453   38.192
21.98   6.00    0.443    0.118   0.453   0.071
21.98   6.00    0.443    0.118   0.453   0.071

21.99   0.00    0.071    0.070   0.032   0.036   0.003   0.000   0.000   0.000   0.000   0.000   0.000 1371472000
21.99   3.58   34.458
21.99   6.00    0.214    0.239
21.99   6.00    0.453   38.192
21.99   6.00    0.443    0.118   0.453   0.071
21.99   6.00    0.443    0.118   0.453   0.071

22.00   0.00    0.071    0.070   0.032   0.036   0.003   0.000   0.000   0.000   0.000   0.000   0.000 1372096000
22.00   3.58   34.457
22.00   6.00    0.214    0.239
22.00   6.00    0.453   38.192
22.00   6.00    0.443    0.118   0.453   0.071
22.00   6.00    0.443    0.118   0.453   0.071

22.01   0.00    0.071    0.070   0.032   0.036   0.003   0.000   0.000   0.000   0.000   0.000   0.000 1372719000
22.01   3.58   34.456
22.01   6.00    0.214    0.239
22.01   6.00    0.453   38.192
22.01   6.00    0.443    0.118   0.453   0.071
22.01   6.00    0.443    0.118   0.453   0.071

22.02   0.00    0.071    0.070   0.032   0.036   0.003   0.000   0.000   0.000   0.000   0.000   0.000 1373343000
22.02   3.58   34.456
22.02   6.00    0.214    0.239
22.02   6.00    0.453   38.192
22.02   6.00    0.443    0.118   0.453   0.071
22.02   6.00    0.443    0.118   0.453   0.071

22.03   0.00    0.071    0.070   0.032   0.036   0.003   0.000   0.000   0.000   0.000   0.000   0.000 1373967000
22.03   3.58   34.455
22.03   6.00    0.214    0.239
22.03   6.00    0.453   38.193
22.03   6.00    0.443    0.118   0.453   0.071
22.03   6.00    0.443    0.118   0.453   0.071

22.04   0.00    0.071    0.070   0.032   0.036   0.003   0.000   0.000   0.000   0.000   0.000   0.000 1374590000
22.04   3.58   34.454
22.04   6.00    0.214    0.239
22.04   6.00    0.453   38.193
22.04   6.00    0.443    0.118   0.453   0.071
22.04   6.00    0.443    0.118   0.453   0.071

22.05   0.00    0.071    0.070   0.032   0.036   0.003   0.000   0.000   0.000   0.000   0.000   0.000 1375214000
22.05   3.58   34.453
22.05   6.00    0.214    0.239
22.05   6.00    0.453   38.193
22.05   6.00    0.443    0.118   0.453   0.071
22.05   6.00    0.443    0.118   0.453   0.071

22.06   0.00    0.071    0.070   0.032   0.036   0.003   0.000   0.000   0.000   0.000   0.000   0.000 1375838000
22.06   3.57   34.452
22.06   6.00    0.214    0.239
22.06   6.00    0.453   38.193
22.06   6.00    0.443    0.118   0.453   0.071
22.06   6.00    0.443    0.118   0.453   0.071

22.07   0.00    0.071    0.070   0.032   0.036   0.003   0.000   0.000   0.000   0.000   0.000   0.000 1376461000
22.07   3.57   34.451
22.07   6.00    0.214    0.239
22.07   6.00    0.453   38.193
22.07   6.00    0.443    0.118   0.453   0.071
22.07   6.00    0.443    0.118   0.453   0.071

22.08   0.00    0.071    0.070   0.032   0.036   0.003   0.000   0.000   0.000   0.000   0.000   0.000 1377085000
22.08   3.57   34.450
22.08   6.00    0.214    0.239
22.08   6.00    0.453   38.194
22.08   6.00    0.443    0.118   0.453   0.071
22.08   6.00    0.443    0.118   0.453   0.071

22.09   0.00    0.071    0.070   0.032   0.036   0.003   0.000   0.000   0.000   0.000   0.000   0.000 1377709000
22.09   3.57   34.449
22.09   6.00    0.214    0.239
22.09   6.00    0.453   38.194
22.09   6.00    0.443    0.118   0.453   0.071
22.09   6.00    0.443    0.118   0.453   0.071

22.10   0.00    0.071    0.070   0.032   0.036   0.003   0.000   0.000   0.000   0.000   0.000   0.000 1378332000
22.10   3.57   34.448
22.10   6.00    0.214    0.239
22.10   6.00    0.453   38.194
22.10   6.00    0.443    0.118   0.453   0.071
22.10   6.00    0.443    0.118   0.453   0.071

22.11   0.00    0.071    0.070   0.032   0.036   0.003   0.000   0.000   0.000   0.000   0.000   0.000 1378956000
22.11   3.57   34.447
22.11   6.00    0.214    0.239
22.11   6.00    0.452   38.194
22.11   6.00    0.443    0.118   0.452   0.071
22.11   6.00    0.443    0.118   0.452   0.071

22.12   0.00    0.071    0.070   0.032   0.036   0.003   0.000   0.000   0.000   0.000   0.000   0.000 1379580000
22.12   3.57   34.446
22.12   6.00    0.214    0.239
22.12   6.00    0.452   38.194
22.12   6.00    0.443    0.118   0.452   0.071
22.12   6.00    0.443    0.118   0.452   0.071

22.13   0.00    0.071    0.070   0.032   0.036   0.003   0.000   0.000   0.000   0.000   0.000   0.000 1380203000
22.13   3.57   34.445
22.13   6.00    0.214    0.239
22.13   6.00    0.452   38.194
22.13   6.00    0.442    0.118   0.452   0.071
22.13   6.00    0.443    0.118   0.452   0.071

22.14   0.00    0.071    0.070   0.032   0.036   0.003   0.000   0.000   0.000   0.000   0.000   0.000 1380827000
22.14   3.57   34.444
22.14   6.00    0.214    0.239
22.14   6.00    0.452   38.195
22.14   6.00    0.442    0.118   0.452   0.071
22.14   6.00    0.443    0.118   0.452   0.071

22.15   0.00    0.071    0.070   0.032   0.036   0.003   0.000   0.000   0.000   0.000   0.000   0.000 1381451000
22.15   3.57   34.443
22.15   6.00    0.214    0.239
22.15   6.00    0.452   38.195
22.15   6.00    0.442    0.118   0.452   0.071
22.15   6.00    0.443    0.118   0.452   0.071

22.16   0.00    0.071    0.070   0.032   0.036   0.003   0.000   0.000   0.000   0.000   0.000   0.000 1382074000
22.16   3.57   34.442
22.16   6.00    0.214    0.239
22.16   6.00    0.452   38.195
22.16   6.00    0.442    0.118   0.452   0.071
22.16   6.00    0.442    0.118   0.452   0.071

22.17   0.00    0.071    0.070   0.032   0.036   0.003   0.000   0.000   0.000   0.000   0.000   0.000 1382698000
22.17   3.57   34.441
22.17   6.00    0.214    0.239
22.17   6.00    0.452   38.195
22.17   6.00    0.442    0.118   0.452   0.071
22.17   6.00    0.442    0.118   0.452   0.071

22.18   0.00    0.071    0.070   0.032   0.036   0.003   0.000   0.000   0.000   0.000   0.000   0.000 1383322000
22.18   3.57   34.440
22.18   6.00    0.214    0.239
22.18   6.00    0.452   38.195
22.18   6.00    0.442    0.118   0.452   0.071
22.18   6.00    0.442    0.118   0.452   0.071

22.19   0.00    0.071    0.070   0.032   0.036   0.003   0.000   0.000   0.000   0.000   0.000   0.000 1383945000
22.19   3.57   34.440
22.19   6.00    0.214    0.239
22.19   6.00    0.452   38.196
22.19   6.00    0.442    0.118   0.452   0.071
22.19   6.00    0.442    0.118   0.452   0.071

22.20   0.00    0.071    0.070   0.032   0.036   0.003   0.000   0.000   0.000   0.000   0.000   0.000 1384569000
22.20   3.57   34.439
22.20   6.00    0.214    0.239
22.20   6.00    0.452   38.196
22.20   6.00    0.442    0.118   0.452   0.071
22.20   6.00    0.442    0.118   0.452   0.071

22.21   0.00    0.071    0.070   0.032   0.036   0.003   0.000   0.000   0.000   0.000   0.000   0.000 1385193000
22.21   3.57   34.438
22.21   6.00    0.213    0.239
22.21   6.00    0.452   38.196
22.21   6.00    0.442    0.118   0.452   0.071
22.21   6.00    0.442    0.118   0.452   0.071

22.22   0.00    0.071    0.070   0.032   0.036   0.003   0.000   0.000   0.000   0.000   0.000   0.000 1385816000
22.22   3.57   34.437
22.22   6.00    0.213    0.239
22.22   6.00    0.452   38.196
22.22   6.00    0.442    0.118   0.452   0.071
22.22   6.00    0.442    0.118   0.452   0.071

22.23   0.00    0.071    0.070   0.032   0.036   0.003   0.000   0.000   0.000   0.000   0.000   0.000 1386440000
22.23   3.57   34.436
22.23   6.00    0.213    0.239
22.23   6.00    0.452   38.196
22.23   6.00    0.442    0.118   0.452   0.071
22.23   6.00    0.442    0.118   0.452   0.071

22.24   0.00    0.071    0.070   0.032   0.036   0.003   0.000   0.000   0.000   0.000   0.000   0.000 1387064000
22.24   3.57   34.435
22.24   6.00    0.213    0.239
22.24   6.00    0.452   38.197
22.24   6.00    0.442    0.118   0.452   0.071
22.24   6.00    0.442    0.118   0.452   0.071

22.25   0.00    0.071    0.070   0.032   0.036   0.003   0.000   0.000   0.000   0.000   0.000   0.000 1387688000
22.25   3.57   34.434
22.25   6.00    0.213    0.239
22.25   6.00    0.452   38.197
22.25   6.00    0.442    0.118   0.452   0.071
22.25   6.00    0.442    0.118   0.452   0.071

22.26   0.00    0.071    0.070   0.032   0.036   0.003   0.000   0.000   0.000   0.000   0.000   0.000 1388311000
22.26   3.57   34.433
22.26   6.00    0.213    0.239
22.26   6.00    0.452   38.197
22.26   6.00    0.442    0.118   0.452   0.071
22.26   6.00    0.442    0.118   0.452   0.071

22.27   0.00    0.071    0.070   0.032   0.036   0.003   0.000   0.000   0.000   0.000   0.000   0.000 1388935000
22.27   3.57   34.432
22.27   6.00    0.213    0.239
22.27   6.00    0.452   38.197
22.27   6.00    0.442    0.118   0.452   0.071
22.27   6.00    0.442    0.118   0.452   0.071

22.28   0.00    0.071    0.070   0.032   0.036   0.003   0.000   0.000   0.000   0.000   0.000   0.000 1389559000
22.28   3.57   34.431
22.28   6.00    0.213    0.239
22.28   6.00    0.452   38.197
22.28   6.00    0.442    0.118   0.452   0.071
22.28   6.00    0.442    0.118   0.452   0.071

22.29   0.00    0.071    0.070   0.032   0.036   0.003   0.000   0.000   0.000   0.000   0.000   0.000 1390182000
22.29   3.57   34.430
22.29   6.00    0.213    0.239
22.29   6.00    0.452   38.197
22.29   6.00    0.442    0.118   0.452   0.071
22.29   6.00    0.442    0.118   0.452   0.071

22.30   0.00    0.071    0.070   0.032   0.036   0.003   0.000   0.000   0.000   0.000   0.000   0.000 1390806000
22.30   3.57   34.429
22.30   6.00    0.213    0.239
22.30   6.00    0.452   38.198
22.30   6.00    0.442    0.118   0.452   0.071
22.30   6.00    0.442    0.118   0.452   0.071

22.31   0.00    0.071    0.070   0.032   0.036   0.003   0.000   0.000   0.000   0.000   0.000   0.000 1391430000
22.31   3.57   34.428
22.31   6.00    0.213    0.239
22.31   6.00    0.452   38.198
22.31   6.00    0.442    0.118   0.452   0.071
22.31   6.00    0.442    0.118   0.452   0.071

22.32   0.00    0.071    0.070   0.032   0.036   0.003   0.000   0.000   0.000   0.000   0.000   0.000 1392053000
22.32   3.57   34.427
22.32   6.00    0.213    0.239
22.32   6.00    0.452   38.198
22.32   6.00    0.442    0.118   0.452   0.071
22.32   6.00    0.442    0.118   0.452   0.071

22.33   0.00    0.071    0.070   0.032   0.036   0.003   0.000   0.000   0.000   0.000   0.000   0.000 1392677000
22.33   3.56   34.426
22.33   6.00    0.213    0.239
22.33   6.00    0.452   38.198
22.33   6.00    0.442    0.118   0.452   0.071
22.33   6.00    0.442    0.118   0.452   0.071

22.34   0.00    0.071    0.070   0.032   0.036   0.003   0.000   0.000   0.000   0.000   0.000   0.000 1393301000
22.34   3.56   34.425
22.34   6.00    0.213    0.239
22.34   6.00    0.452   38.198
22.34   6.00    0.442    0.118   0.452   0.071
22.34   6.00    0.442    0.118   0.452   0.071

22.35   0.00    0.071    0.070   0.032   0.036   0.003   0.000   0.000   0.000   0.000   0.000   0.000 1393924000
22.35   3.56   34.424
22.35   6.00    0.213    0.239
22.35   6.00    0.452   38.199
22.35   6.00    0.442    0.118   0.452   0.071
22.35   6.00    0.442    0.118   0.452   0.071

22.36   0.00    0.071    0.070   0.032   0.036   0.003   0.000   0.000   0.000   0.000   0.000   0.000 1394548000
22.36   3.56   34.423
22.36   6.00    0.213    0.239
22.36   6.00    0.452   38.199
22.36   6.00    0.442    0.118   0.452   0.071
22.36   6.00    0.442    0.118   0.452   0.071

22.37   0.00    0.071    0.070   0.032   0.036   0.003   0.000   0.000   0.000   0.000   0.000   0.000 1395172000
22.37   3.56   34.422
22.37   6.00    0.213    0.239
22.37   6.00    0.452   38.199
22.37   6.00    0.442    0.118   0.452   0.071
22.37   6.00    0.442    0.118   0.452   0.071

22.38   0.00    0.071    0.070   0.032   0.036   0.003   0.000   0.000   0.000   0.000   0.000   0.000 1395795000
22.38   3.56   34.421
22.38   6.00    0.213    0.239
22.38   6.00    0.452   38.199
22.38   6.00    0.442    0.118   0.452   0.071
22.38   6.00    0.442    0.118   0.452   0.071

22.39   0.00    0.071    0.070   0.032   0.036   0.003   0.000   0.000   0.000   0.000   0.000   0.000 1396419000
22.39   3.56   34.420
22.39   6.00    0.213    0.239
22.39   6.00    0.452   38.199
22.39   6.00    0.442    0.118   0.452   0.071
22.39   6.00    0.442    0.118   0.452   0.071

22.40   0.00    0.071    0.070   0.032   0.036   0.003   0.000   0.000   0.000   0.000   0.000   0.000 1397043000
22.40   3.56   34.419
22.40   6.00    0.213    0.239
22.40   6.00    0.452   38.200
22.40   6.00    0.442    0.118   0.452   0.071
22.40   6.00    0.442    0.118   0.452   0.071

22.41   0.00    0.071    0.070   0.032   0.036   0.003   0.000   0.000   0.000   0.000   0.000   0.000 1397666000
22.41   3.56   34.419
22.41   6.00    0.213    0.239
22.41   6.00    0.452   38.200
22.41   6.00    0.442    0.118   0.452   0.071
22.41   6.00    0.442    0.118   0.452   0.071

22.42   0.00    0.071    0.070   0.032   0.036   0.003   0.000   0.000   0.000   0.000   0.000   0.000 1398290000
22.42   3.56   34.418
22.42   6.00    0.213    0.239
22.42   6.00    0.452   38.200
22.42   6.00    0.442    0.118   0.452   0.071
22.42   6.00    0.442    0.118   0.452   0.071

22.43   0.00    0.071    0.070   0.032   0.036   0.003   0.000   0.000   0.000   0.000   0.000   0.000 1398914000
22.43   3.56   34.417
22.43   6.00    0.213    0.239
22.43   6.00    0.452   38.200
22.43   6.00    0.442    0.118   0.452   0.071
22.43   6.00    0.442    0.118   0.452   0.071

22.44   0.00    0.071    0.070   0.032   0.036   0.003   0.000   0.000   0.000   0.000   0.000   0.000 1399538000
22.44   3.56   34.416
22.44   6.00    0.213    0.239
22.44   6.00    0.452   38.200
22.44   6.00    0.442    0.118   0.452   0.071
22.44   6.00    0.442    0.118   0.452   0.071

22.45   0.00    0.071    0.070   0.032   0.036   0.003   0.000   0.000   0.000   0.000   0.000   0.000 1400161000
22.45   3.56   34.415
22.45   6.00    0.213    0.239
22.45   6.00    0.452   38.200
22.45   6.00    0.442    0.118   0.452   0.071
22.45   6.00    0.442    0.118   0.452   0.071

22.46   0.00    0.071    0.070   0.032   0.036   0.003   0.000   0.000   0.000   0.000   0.000   0.000 1400785000
22.46   3.56   34.414
22.46   6.00    0.213    0.239
22.46   6.00    0.452   38.201
22.46   6.00    0.442    0.118   0.452   0.071
22.46   6.00    0.442    0.118   0.452   0.071

22.47   0.00    0.071    0.070   0.032   0.036   0.003   0.000   0.000   0.000   0.000   0.000   0.000 1401409000
22.47   3.56   34.413
22.47   6.00    0.213    0.239
22.47   6.00    0.452   38.201
22.47   6.00    0.442    0.118   0.452   0.071
22.47   6.00    0.442    0.118   0.452   0.071

22.48   0.00    0.071    0.070   0.032   0.036   0.003   0.000   0.000   0.000   0.000   0.000   0.000 1402032000
22.48   3.56   34.412
22.48   6.00    0.213    0.239
22.48   6.00    0.452   38.201
22.48   6.00    0.442    0.118   0.452   0.071
22.48   6.00    0.442    0.118   0.452   0.071

22.49   0.00    0.071    0.070   0.032   0.036   0.003   0.000   0.000   0.000   0.000   0.000   0.000 1402656000
22.49   3.56   34.411
22.49   6.00    0.213    0.239
22.49   6.00    0.452   38.201
22.49   6.00    0.442    0.118   0.452   0.071
22.49   6.00    0.442    0.118   0.452   0.071

22.50   0.00    0.071    0.070   0.032   0.036   0.003   0.000   0.000   0.000   0.000   0.000   0.000 1403279000
22.50   3.56   34.410
22.50   6.00    0.213    0.239
22.50   6.00    0.452   38.201
22.50   6.00    0.442    0.118   0.452   0.071
22.50   6.00    0.442    0.117   0.452   0.071

22.51   0.00    0.071    0.070   0.032   0.036   0.003   0.000   0.000   0.000   0.000   0.000   0.000 1403903000
22.51   3.56   34.409
22.51   6.00    0.213    0.239
22.51   6.00    0.452   38.202
22.51   6.00    0.442    0.118   0.452   0.071
22.51   6.00    0.442    0.117   0.452   0.071

22.52   0.00    0.071    0.070   0.032   0.036   0.003   0.000   0.000   0.000   0.000   0.000   0.000 1404527000
22.52   3.56   34.408
22.52   6.00    0.213    0.239
22.52   6.00    0.452   38.202
22.52   6.00    0.442    0.118   0.452   0.071
22.52   6.00    0.442    0.117   0.452   0.071

22.53   0.00    0.071    0.070   0.032   0.036   0.003   0.000   0.000   0.000   0.000   0.000   0.000 1405151000
22.53   3.56   34.407
22.53   6.00    0.213    0.239
22.53   6.00    0.452   38.202
22.53   6.00    0.442    0.118   0.452   0.071
22.53   6.00    0.442    0.117   0.452   0.071

22.54   0.00    0.071    0.070   0.032   0.036   0.003   0.000   0.000   0.000   0.000   0.000   0.000 1405774000
22.54   3.56   34.406
22.54   6.00    0.213    0.239
22.54   6.00    0.452   38.202
22.54   6.00    0.442    0.118   0.452   0.071
22.54   6.00    0.442    0.117   0.452   0.071

22.55   0.00    0.071    0.070   0.032   0.036   0.003   0.000   0.000   0.000   0.000   0.000   0.000 1406398000
22.55   3.56   34.405
22.55   6.00    0.213    0.239
22.55   6.00    0.451   38.202
22.55   6.00    0.442    0.118   0.451   0.071
22.55   6.00    0.442    0.117   0.451   0.071

22.56   0.00    0.071    0.070   0.032   0.036   0.003   0.000   0.000   0.000   0.000   0.000   0.000 1407022000
22.56   3.56   34.404
22.56   6.00    0.213    0.239
22.56   6.00    0.451   38.203
22.56   6.00    0.442    0.118   0.451   0.071
22.56   6.00    0.442    0.117   0.451   0.071

22.57   0.00    0.071    0.070   0.032   0.036   0.003   0.000   0.000   0.000   0.000   0.000   0.000 1407645000
22.57   3.56   34.403
22.57   6.00    0.213    0.239
22.57   6.00    0.451   38.203
22.57   6.00    0.442    0.118   0.451   0.071
22.57   6.00    0.442    0.117   0.451   0.071

22.58   0.00    0.071    0.070   0.032   0.036   0.003   0.000   0.000   0.000   0.000   0.000   0.000 1408269000
22.58   3.56   34.402
22.58   6.00    0.213    0.239
22.58   6.00    0.451   38.203
22.58   6.00    0.441    0.118   0.451   0.071
22.58   6.00    0.442    0.117   0.451   0.071

22.59   0.00    0.071    0.070   0.032   0.036   0.003   0.000   0.000   0.000   0.000   0.000   0.000 1408893000
22.59   3.56   34.401
22.59   6.00    0.213    0.239
22.59   6.00    0.451   38.203
22.59   6.00    0.441    0.118   0.451   0.071
22.59   6.00    0.442    0.117   0.451   0.071

22.60   0.00    0.070    0.070   0.032   0.036   0.003   0.000   0.000   0.000   0.000   0.000   0.000 1409516000
22.60   3.55   34.400
22.60   6.00    0.213    0.239
22.60   6.00    0.451   38.203
22.60   6.00    0.441    0.118   0.451   0.071
22.60   6.00    0.442    0.117   0.451   0.071

22.61   0.00    0.070    0.070   0.032   0.036   0.003   0.000   0.000   0.000   0.000   0.000   0.000 1410140000
22.61   3.55   34.399
22.61   6.00    0.213    0.239
22.61   6.00    0.451   38.203
22.61   6.00    0.441    0.118   0.451   0.071
22.61   6.00    0.441    0.117   0.451   0.071

22.62   0.00    0.070    0.070   0.032   0.036   0.003   0.000   0.000   0.000   0.000   0.000   0.000 1410764000
22.62   3.55   34.398
22.62   6.00    0.213    0.239
22.62   6.00    0.451   38.204
22.62   6.00    0.441    0.118   0.451   0.071
22.62   6.00    0.441    0.117   0.451   0.071

22.63   0.00    0.070    0.070   0.032   0.036   0.003   0.000   0.000   0.000   0.000   0.000   0.000 1411387000
22.63   3.55   34.397
22.63   6.00    0.213    0.239
22.63   6.00    0.451   38.204
22.63   6.00    0.441    0.118   0.451   0.071
22.63   6.00    0.441    0.117   0.451   0.071

22.64   0.00    0.070    0.070   0.032   0.036   0.003   0.000   0.000   0.000   0.000   0.000   0.000 1412011000
22.64   3.55   34.396
22.64   6.00    0.213    0.239
22.64   6.00    0.451   38.204
22.64   6.00    0.441    0.118   0.451   0.071
22.64   6.00    0.441    0.117   0.451   0.071

22.65   0.00    0.070    0.070   0.032   0.036   0.003   0.000   0.000   0.000   0.000   0.000   0.000 1412635000
22.65   3.55   34.395
22.65   6.00    0.213    0.239
22.65   6.00    0.451   38.204
22.65   6.00    0.441    0.118   0.451   0.071
22.65   6.00    0.441    0.117   0.451   0.071

22.66   0.00    0.070    0.070   0.032   0.036   0.003   0.000   0.000   0.000   0.000   0.000   0.000 1413258000
22.66   3.55   34.394
22.66   6.00    0.212    0.239
22.66   6.00    0.451   38.204
22.66   6.00    0.441    0.118   0.451   0.071
22.66   6.00    0.441    0.117   0.451   0.071

22.67   0.00    0.070    0.070   0.032   0.036   0.003   0.000   0.000   0.000   0.000   0.000   0.000 1413882000
22.67   3.55   34.393
22.67   6.00    0.212    0.239
22.67   6.00    0.451   38.205
22.67   6.00    0.441    0.118   0.451   0.071
22.67   6.00    0.441    0.117   0.451   0.071

22.68   0.00    0.070    0.070   0.032   0.036   0.003   0.000   0.000   0.000   0.000   0.000   0.000 1414506000
22.68   3.55   34.392
22.68   6.00    0.212    0.239
22.68   6.00    0.451   38.205
22.68   6.00    0.441    0.118   0.451   0.071
22.68   6.00    0.441    0.117   0.451   0.071

22.69   0.00    0.070    0.070   0.032   0.036   0.003   0.000   0.000   0.000   0.000   0.000   0.000 1415129000
22.69   3.55   34.391
22.69   6.00    0.212    0.239
22.69   6.00    0.451   38.205
22.69   6.00    0.441    0.118   0.451   0.071
22.69   6.00    0.441    0.117   0.451   0.071

22.70   0.00    0.070    0.070   0.032   0.036   0.003   0.000   0.000   0.000   0.000   0.000   0.000 1415753000
22.70   3.55   34.390
22.70   6.00    0.212    0.239
22.70   6.00    0.451   38.205
22.70   6.00    0.441    0.118   0.451   0.071
22.70   6.00    0.441    0.117   0.451   0.071

22.71   0.00    0.070    0.070   0.032   0.036   0.003   0.000   0.000   0.000   0.000   0.000   0.000 1416377000
22.71   3.55   34.389
22.71   6.00    0.212    0.239
22.71   6.00    0.451   38.205
22.71   6.00    0.441    0.118   0.451   0.071
22.71   6.00    0.441    0.117   0.451   0.071

22.72   0.00    0.070    0.070   0.032   0.036   0.003   0.000   0.000   0.000   0.000   0.000   0.000 1417000000
22.72   3.55   34.388
22.72   6.00    0.212    0.239
22.72   6.00    0.451   38.206
22.72   6.00    0.441    0.118   0.451   0.071
22.72   6.00    0.441    0.117   0.451   0.071

22.73   0.00    0.070    0.070   0.032   0.036   0.003   0.000   0.000   0.000   0.000   0.000   0.000 1417624000
22.73   3.55   34.387
22.73   6.00    0.212    0.239
22.73   6.00    0.451   38.206
22.73   6.00    0.441    0.118   0.451   0.071
22.73   6.00    0.441    0.117   0.451   0.071

22.74   0.00    0.070    0.070   0.032   0.036   0.003   0.000   0.000   0.000   0.000   0.000   0.000 1418248000
22.74   3.55   34.386
22.74   6.00    0.212    0.239
22.74   6.00    0.451   38.206
22.74   6.00    0.441    0.118   0.451   0.071
22.74   6.00    0.441    0.117   0.451   0.071

22.75   0.00    0.070    0.070   0.032   0.036   0.003   0.000   0.000   0.000   0.000   0.000   0.000 1418872000
22.75   3.55   34.385
22.75   6.00    0.212    0.239
22.75   6.00    0.451   38.206
22.75   6.00    0.441    0.118   0.451   0.071
22.75   6.00    0.441    0.117   0.451   0.071

22.76   0.00    0.070    0.070   0.032   0.036   0.003   0.000   0.000   0.000   0.000   0.000   0.000 1419495000
22.76   3.55   34.384
22.76   6.00    0.212    0.239
22.76   6.00    0.451   38.206
22.76   6.00    0.441    0.118   0.451   0.071
22.76   6.00    0.441    0.117   0.451   0.071

22.77   0.00    0.070    0.070   0.032   0.036   0.003   0.000   0.000   0.000   0.000   0.000   0.000 1420119000
22.77   3.55   34.383
22.77   6.00    0.212    0.239
22.77   6.00    0.451   38.206
22.77   6.00    0.441    0.118   0.451   0.071
22.77   6.00    0.441    0.117   0.451   0.071

22.78   0.00    0.070    0.070   0.032   0.036   0.003   0.000   0.000   0.000   0.000   0.000   0.000 1420743000
22.78   3.55   34.382
22.78   6.00    0.212    0.239
22.78   6.00    0.451   38.207
22.78   6.00    0.441    0.118   0.451   0.071
22.78   6.00    0.441    0.117   0.451   0.071

22.79   0.00    0.070    0.070   0.032   0.036   0.003   0.000   0.000   0.000   0.000   0.000   0.000 1421366000
22.79   3.55   34.381
22.79   6.00    0.212    0.239
22.79   6.00    0.451   38.207
22.79   6.00    0.441    0.118   0.451   0.071
22.79   6.00    0.441    0.117   0.451   0.071

22.80   0.00    0.070    0.070   0.032   0.036   0.003   0.000   0.000   0.000   0.000   0.000   0.000 1421990000
22.80   3.55   34.380
22.80   6.00    0.212    0.239
22.80   6.00    0.451   38.207
22.80   6.00    0.441    0.118   0.451   0.071
22.80   6.00    0.441    0.117   0.451   0.071

22.81   0.00    0.070    0.070   0.032   0.036   0.003   0.000   0.000   0.000   0.000   0.000   0.000 1422614000
22.81   3.55   34.379
22.81   6.00    0.212    0.239
22.81   6.00    0.451   38.207
22.81   6.00    0.441    0.118   0.451   0.071
22.81   6.00    0.441    0.117   0.451   0.071

22.82   0.00    0.070    0.070   0.032   0.036   0.003   0.000   0.000   0.000   0.000   0.000   0.000 1423237000
22.82   3.55   34.378
22.82   6.00    0.212    0.239
22.82   6.00    0.451   38.207
22.82   6.00    0.441    0.118   0.451   0.071
22.82   6.00    0.441    0.117   0.451   0.071

22.83   0.00    0.070    0.070   0.032   0.036   0.003   0.000   0.000   0.000   0.000   0.000   0.000 1423861000
22.83   3.55   34.377
22.83   6.00    0.212    0.239
22.83   6.00    0.451   38.208
22.83   6.00    0.441    0.118   0.451   0.071
22.83   6.00    0.441    0.117   0.451   0.071

22.84   0.00    0.070    0.070   0.032   0.036   0.003   0.000   0.000   0.000   0.000   0.000   0.000 1424485000
22.84   3.55   34.376
22.84   6.00    0.212    0.239
22.84   6.00    0.451   38.208
22.84   6.00    0.441    0.118   0.451   0.071
22.84   6.00    0.441    0.117   0.451   0.071

22.85   0.00    0.070    0.070   0.032   0.036   0.003   0.000   0.000   0.000   0.000   0.000   0.000 1425108000
22.85   3.55   34.375
22.85   6.00    0.212    0.239
22.85   6.00    0.451   38.208
22.85   6.00    0.441    0.118   0.451   0.071
22.85   6.00    0.441    0.117   0.451   0.071

22.86   0.00    0.070    0.070   0.032   0.036   0.003   0.000   0.000   0.000   0.000   0.000   0.000 1425732000
22.86   3.55   34.374
22.86   6.00    0.212    0.239
22.86   6.00    0.451   38.208
22.86   6.00    0.441    0.118   0.451   0.071
22.86   6.00    0.441    0.117   0.451   0.071

22.87   0.00    0.070    0.070   0.032   0.036   0.003   0.000   0.000   0.000   0.000   0.000   0.000 1426356000
22.87   3.54   34.373
22.87   6.00    0.212    0.239
22.87   6.00    0.451   38.208
22.87   6.00    0.441    0.118   0.451   0.071
22.87   6.00    0.441    0.117   0.451   0.071

22.88   0.00    0.070    0.070   0.032   0.036   0.003   0.000   0.000   0.000   0.000   0.000   0.000 1426979000
22.88   3.54   34.372
22.88   6.00    0.212    0.239
22.88   6.00    0.451   38.209
22.88   6.00    0.441    0.118   0.451   0.071
22.88   6.00    0.441    0.117   0.451   0.071

22.89   0.00    0.070    0.070   0.032   0.036   0.003   0.000   0.000   0.000   0.000   0.000   0.000 1427603000
22.89   3.54   34.371
22.89   6.00    0.212    0.239
22.89   6.00    0.451   38.209
22.89   6.00    0.441    0.118   0.451   0.071
22.89   6.00    0.441    0.117   0.451   0.071

22.90   0.00    0.070    0.070   0.032   0.036   0.003   0.000   0.000   0.000   0.000   0.000   0.000 1428227000
22.90   3.54   34.370
22.90   6.00    0.212    0.239
22.90   6.00    0.451   38.209
22.90   6.00    0.441    0.118   0.451   0.071
22.90   6.00    0.441    0.117   0.451   0.071

22.91   0.00    0.070    0.070   0.032   0.036   0.003   0.000   0.000   0.000   0.000   0.000   0.000 1428850000
22.91   3.54   34.369
22.91   6.00    0.212    0.239
22.91   6.00    0.451   38.209
22.91   6.00    0.441    0.118   0.451   0.071
22.91   6.00    0.441    0.117   0.451   0.071

22.92   0.00    0.070    0.070   0.032   0.036   0.003   0.000   0.000   0.000   0.000   0.000   0.000 1429474000
22.92   3.54   34.368
22.92   6.00    0.212    0.239
22.92   6.00    0.451   38.209
22.92   6.00    0.441    0.118   0.451   0.071
22.92   6.00    0.441    0.117   0.451   0.071

22.93   0.00    0.070    0.070   0.032   0.036   0.003   0.000   0.000   0.000   0.000   0.000   0.000 1430098000
22.93   3.54   34.367
22.93   6.00    0.212    0.239
22.93   6.00    0.451   38.209
22.93   6.00    0.441    0.118   0.451   0.071
22.93   6.00    0.441    0.117   0.451   0.071

22.94   0.00    0.070    0.070   0.032   0.036   0.003   0.000   0.000   0.000   0.000   0.000   0.000 1430722000
22.94   3.55   34.391
22.94   6.00    0.212    0.239
22.94   6.00    0.451   38.210
22.94   6.00    0.441    0.118   0.451   0.071
22.94   6.00    0.441    0.117   0.451   0.071

22.95   0.00    0.070    0.070   0.032   0.036   0.003   0.000   0.000   0.000   0.000   0.000   0.000 1431345000
22.95   3.55   34.391
22.95   6.00    0.212    0.239
22.95   6.00    0.451   38.210
22.95   6.00    0.441    0.118   0.451   0.071
22.95   6.00    0.441    0.117   0.451   0.071

22.96   0.00    0.070    0.070   0.032   0.036   0.003   0.000   0.000   0.000   0.000   0.000   0.000 1431969000
22.96   3.55   34.391
22.96   6.00    0.212    0.239
22.96   6.00    0.451   38.210
22.96   6.00    0.441    0.118   0.451   0.071
22.96   6.00    0.441    0.117   0.451   0.071

22.97   0.00    0.070    0.070   0.032   0.036   0.003   0.000   0.000   0.000   0.000   0.000   0.000 1432593000
22.97   3.55   34.391
22.97   6.00    0.212    0.239
22.97   6.00    0.451   38.210
22.97   6.00    0.441    0.118   0.451   0.071
22.97   6.00    0.441    0.117   0.451   0.071

22.98   0.00    0.070    0.070   0.032   0.036   0.003   0.000   0.000   0.000   0.000   0.000   0.000 1433216000
22.98   3.55   34.391
22.98   6.00    0.212    0.239
22.98   6.00    0.451   38.210
22.98   6.00    0.441    0.118   0.451   0.071
22.98   6.00    0.441    0.117   0.451   0.071

22.99   0.00    0.070    0.070   0.032   0.036   0.003   0.000   0.000   0.000   0.000   0.000   0.000 1433840000
22.99   3.55   34.391
22.99   6.00    0.212    0.239
22.99   6.00    0.451   38.211
22.99   6.00    0.441    0.118   0.451   0.071
22.99   6.00    0.441    0.117   0.451   0.071

23.00   0.00    0.070    0.070   0.032   0.036   0.003   0.000   0.000   0.000   0.000   0.000   0.000 1434463000
23.00   3.55   34.391
23.00   6.00    0.212    0.239
23.00   6.00    0.450   38.211
23.00   6.00    0.441    0.118   0.450   0.071
23.00   6.00    0.441    0.117   0.450   0.071

23.01   0.00    0.070    0.070   0.032   0.036   0.002   0.000   0.000   0.000   0.000   0.000   0.000 1435087000
23.01   3.54   34.392
23.01   6.00    0.212    0.239
23.01   6.00    0.450   38.211
23.01   6.00    0.441    0.118   0.450   0.071
23.01   6.00    0.441    0.117   0.450   0.071

23.02   0.00    0.070    0.070   0.032   0.036   0.002   0.000   0.000   0.000   0.000   0.000   0.000 1435711000
23.02   3.54   34.392
23.02   6.00    0.212    0.239
23.02   6.00    0.450   38.211
23.02   6.00    0.441    0.118   0.450   0.071
23.02   6.00    0.441    0.117   0.450   0.071

23.03   0.00    0.070    0.070   0.032   0.036   0.002   0.000   0.000   0.000   0.000   0.000   0.000 1436335000
23.03   3.54   34.392
23.03   6.00    0.212    0.239
23.03   6.00    0.450   38.211
23.03   6.00    0.441    0.118   0.450   0.071
23.03   6.00    0.441    0.117   0.450   0.071

23.04   0.00    0.070    0.070   0.032   0.036   0.002   0.000   0.000   0.000   0.000   0.000   0.000 1436958000
23.04   3.54   34.392
23.04   6.00    0.212    0.239
23.04   6.00    0.450   38.212
23.04   6.00    0.441    0.118   0.450   0.071
23.04   6.00    0.441    0.117   0.450   0.071

23.05   0.00    0.070    0.070   0.032   0.036   0.002   0.000   0.000   0.000   0.000   0.000   0.000 1437582000
23.05   3.54   34.392
23.05   6.00    0.212    0.239
23.05   6.00    0.450   38.212
23.05   6.00    0.440    0.118   0.450   0.071
23.05   6.00    0.441    0.117   0.450   0.071

23.06   0.00    0.070    0.070   0.032   0.036   0.002   0.000   0.000   0.000   0.000   0.000   0.000 1438206000
23.06   3.54   34.392
23.06   6.00    0.212    0.239
23.06   6.00    0.450   38.212
23.06   6.00    0.440    0.118   0.450   0.071
23.06   6.00    0.441    0.117   0.450   0.071

23.07   0.00    0.070    0.070   0.032   0.036   0.002   0.000   0.000   0.000   0.000   0.000   0.000 1438829000
23.07   3.54   34.392
23.07   6.00    0.212    0.239
23.07   6.00    0.450   38.212
23.07   6.00    0.440    0.118   0.450   0.071
23.07   6.00    0.441    0.117   0.450   0.071

23.08   0.00    0.070    0.070   0.032   0.036   0.002   0.000   0.000   0.000   0.000   0.000   0.000 1439453000
23.08   3.54   34.392
23.08   6.00    0.212    0.239
23.08   6.00    0.450   38.212
23.08   6.00    0.440    0.118   0.450   0.071
23.08   6.00    0.440    0.117   0.450   0.071

23.09   0.00    0.070    0.070   0.032   0.036   0.002   0.000   0.000   0.000   0.000   0.000   0.000 1440077000
23.09   3.54   34.392
23.09   6.00    0.212    0.239
23.09   6.00    0.450   38.212
23.09   6.00    0.440    0.118   0.450   0.071
23.09   6.00    0.440    0.117   0.450   0.071

23.10   0.00    0.070    0.070   0.032   0.036   0.002   0.000   0.000   0.000   0.000   0.000   0.000 1440700000
23.10   3.54   34.392
23.10   6.00    0.212    0.239
23.10   6.00    0.450   38.213
23.10   6.00    0.440    0.118   0.450   0.071
23.10   6.00    0.440    0.117   0.450   0.071

23.11   0.00    0.070    0.070   0.032   0.036   0.002   0.000   0.000   0.000   0.000   0.000   0.000 1441324000
23.11   3.54   34.392
23.11   6.00    0.212    0.239
23.11   6.00    0.450   38.213
23.11   6.00    0.440    0.118   0.450   0.071
23.11   6.00    0.440    0.117   0.450   0.071

23.12   0.00    0.070    0.070   0.032   0.036   0.002   0.000   0.000   0.000   0.000   0.000   0.000 1441948000
23.12   3.54   34.392
23.12   6.00    0.211    0.239
23.12   6.00    0.450   38.213
23.12   6.00    0.440    0.118   0.450   0.071
23.12   6.00    0.440    0.117   0.450   0.071

23.13   0.00    0.070    0.070   0.032   0.036   0.002   0.000   0.000   0.000   0.000   0.000   0.000 1442571000
23.13   3.54   34.392
23.13   6.00    0.211    0.239
23.13   6.00    0.450   38.213
23.13   6.00    0.440    0.118   0.450   0.071
23.13   6.00    0.440    0.117   0.450   0.071

23.14   0.00    0.070    0.070   0.032   0.036   0.002   0.000   0.000   0.000   0.000   0.000   0.000 1443195000
23.14   3.54   34.392
23.14   6.00    0.211    0.239
23.14   6.00    0.450   38.213
23.14   6.00    0.440    0.118   0.450   0.071
23.14   6.00    0.440    0.117   0.450   0.071

23.15   0.00    0.070    0.070   0.032   0.036   0.002   0.000   0.000   0.000   0.000   0.000   0.000 1443819000
23.15   3.54   34.392
23.15   6.00    0.211    0.239
23.15   6.00    0.450   38.214
23.15   6.00    0.440    0.118   0.450   0.071
23.15   6.00    0.440    0.117   0.450   0.071

23.16   0.00    0.070    0.070   0.032   0.036   0.002   0.000   0.000   0.000   0.000   0.000   0.000 1444442000
23.16   3.54   34.392
23.16   6.00    0.211    0.239
23.16   6.00    0.450   38.214
23.16   6.00    0.440    0.118   0.450   0.071
23.16   6.00    0.440    0.117   0.450   0.071

23.17   0.00    0.070    0.070   0.032   0.036   0.002   0.000   0.000   0.000   0.000   0.000   0.000 1445066000
23.17   3.54   34.392
23.17   6.00    0.211    0.239
23.17   6.00    0.450   38.214
23.17   6.00    0.440    0.118   0.450   0.071
23.17   6.00    0.440    0.117   0.450   0.071

23.18   0.00    0.070    0.070   0.032   0.036   0.002   0.000   0.000   0.000   0.000   0.000   0.000 1445690000
23.18   3.54   34.392
23.18   6.00    0.211    0.239
23.18   6.00    0.450   38.214
23.18   6.00    0.440    0.118   0.450   0.071
23.18   6.00    0.440    0.117   0.450   0.071

23.19   0.00    0.070    0.070   0.032   0.036   0.002   0.000   0.000   0.000   0.000   0.000   0.000 1446313000
23.19   3.54   34.392
23.19   6.00    0.211    0.239
23.19   6.00    0.450   38.214
23.19   6.00    0.440    0.118   0.450   0.071
23.19   6.00    0.440    0.117   0.450   0.071

23.20   0.00    0.070    0.070   0.032   0.036   0.002   0.000   0.000   0.000   0.000   0.000   0.000 1446937000
23.20   3.54   34.392
23.20   6.00    0.211    0.239
23.20   6.00    0.450   38.214
23.20   6.00    0.440    0.118   0.450   0.071
23.20   6.00    0.440    0.117   0.450   0.071

23.21   0.00    0.070    0.070   0.032   0.036   0.002   0.000   0.000   0.000   0.000   0.000   0.000 1447561000
23.21   3.54   34.392
23.21   6.00    0.211    0.239
23.21   6.00    0.450   38.215
23.21   6.00    0.440    0.118   0.450   0.071
23.21   6.00    0.440    0.117   0.450   0.071

23.22   0.00    0.070    0.070   0.032   0.036   0.002   0.000   0.000   0.000   0.000   0.000   0.000 1448184000
23.22   3.54   34.392
23.22   6.00    0.211    0.239
23.22   6.00    0.450   38.215
23.22   6.00    0.440    0.118   0.450   0.071
23.22   6.00    0.440    0.117   0.450   0.071

23.23   0.00    0.070    0.070   0.032   0.036   0.002   0.000   0.000   0.000   0.000   0.000   0.000 1448808000
23.23   3.54   34.392
23.23   6.00    0.211    0.239
23.23   6.00    0.450   38.215
23.23   6.00    0.440    0.118   0.450   0.071
23.23   6.00    0.440    0.117   0.450   0.071

23.24   0.00    0.070    0.070   0.032   0.036   0.002   0.000   0.000   0.000   0.000   0.000   0.000 1449432000
23.24   3.54   34.392
23.24   6.00    0.211    0.239
23.24   6.00    0.450   38.215
23.24   6.00    0.440    0.118   0.450   0.071
23.24   6.00    0.440    0.117   0.450   0.071

23.25   0.00    0.070    0.070   0.032   0.036   0.002   0.000   0.000   0.000   0.000   0.000   0.000 1450056000
23.25   3.54   34.392
23.25   6.00    0.211    0.239
23.25   6.00    0.450   38.215
23.25   6.00    0.440    0.118   0.450   0.071
23.25   6.00    0.440    0.117   0.450   0.071

23.26   0.00    0.070    0.070   0.032   0.036   0.002   0.000   0.000   0.000   0.000   0.000   0.000 1450679000
23.26   3.54   34.392
23.26   6.00    0.211    0.239
23.26   6.00    0.450   38.216
23.26   6.00    0.440    0.118   0.450   0.071
23.26   6.00    0.440    0.117   0.450   0.071

23.27   0.00    0.070    0.070   0.032   0.036   0.002   0.000   0.000   0.000   0.000   0.000   0.000 1451303000
23.27   3.54   34.392
23.27   6.00    0.211    0.239
23.27   6.00    0.450   38.216
23.27   6.00    0.440    0.118   0.450   0.071
23.27   6.00    0.440    0.117   0.450   0.071

23.28   0.00    0.070    0.070   0.032   0.036   0.002   0.000   0.000   0.000   0.000   0.000   0.000 1451927000
23.28   3.54   34.392
23.28   6.00    0.211    0.239
23.28   6.00    0.450   38.216
23.28   6.00    0.440    0.118   0.450   0.071
23.28   6.00    0.440    0.117   0.450   0.071

23.29   0.00    0.070    0.070   0.032   0.036   0.002   0.000   0.000   0.000   0.000   0.000   0.000 1452550000
23.29   3.54   34.392
23.29   6.00    0.211    0.239
23.29   6.00    0.450   38.216
23.29   6.00    0.440    0.118   0.450   0.071
23.29   6.00    0.440    0.117   0.450   0.071

23.30   0.00    0.070    0.070   0.032   0.036   0.002   0.000   0.000   0.000   0.000   0.000   0.000 1453174000
23.30   3.54   34.392
23.30   6.00    0.211    0.239
23.30   6.00    0.450   38.216
23.30   6.00    0.440    0.118   0.450   0.071
23.30   6.00    0.440    0.117   0.450   0.071

23.31   0.00    0.070    0.070   0.032   0.036   0.002   0.000   0.000   0.000   0.000   0.000   0.000 1453798000
23.31   3.54   34.392
23.31   6.00    0.211    0.239
23.31   6.00    0.450   38.217
23.31   6.00    0.440    0.118   0.450   0.071
23.31   6.00    0.440    0.117   0.450   0.071

23.32   0.00    0.070    0.070   0.032   0.036   0.002   0.000   0.000   0.000   0.000   0.000   0.000 1454421000
23.32   3.54   34.392
23.32   6.00    0.211    0.239
23.32   6.00    0.450   38.217
23.32   6.00    0.440    0.118   0.450   0.071
23.32   6.00    0.440    0.117   0.450   0.071

23.33   0.00    0.070    0.070   0.032   0.036   0.002   0.000   0.000   0.000   0.000   0.000   0.000 1455045000
23.33   3.54   34.392
23.33   6.00    0.211    0.239
23.33   6.00    0.450   38.217
23.33   6.00    0.440    0.118   0.450   0.071
23.33   6.00    0.440    0.117   0.450   0.071

23.34   0.00    0.070    0.070   0.032   0.036   0.002   0.000   0.000   0.000   0.000   0.000   0.000 1455669000
23.34   3.54   34.392
23.34   6.00    0.211    0.239
23.34   6.00    0.450   38.217
23.34   6.00    0.440    0.118   0.450   0.071
23.34   6.00    0.440    0.117   0.450   0.071

23.35   0.00    0.070    0.070   0.032   0.036   0.002   0.000   0.000   0.000   0.000   0.000   0.000 1456292000
23.35   3.54   34.392
23.35   6.00    0.211    0.239
23.35   6.00    0.450   38.217
23.35   6.00    0.440    0.118   0.450   0.071
23.35   6.00    0.440    0.117   0.450   0.071

23.36   0.00    0.070    0.070   0.032   0.036   0.002   0.000   0.000   0.000   0.000   0.000   0.000 1456916000
23.36   3.54   34.392
23.36   6.00    0.211    0.239
23.36   6.00    0.450   38.217
23.36   6.00    0.440    0.118   0.450   0.071
23.36   6.00    0.440    0.117   0.450   0.071

23.37   0.00    0.070    0.070   0.032   0.036   0.002   0.000   0.000   0.000   0.000   0.000   0.000 1457540000
23.37   3.54   34.392
23.37   6.00    0.211    0.239
23.37   6.00    0.450   38.218
23.37   6.00    0.440    0.118   0.450   0.071
23.37   6.00    0.440    0.117   0.450   0.071

23.38   0.00    0.070    0.070   0.032   0.036   0.002   0.000   0.000   0.000   0.000   0.000   0.000 1458163000
23.38   3.54   34.392
23.38   6.00    0.211    0.239
23.38   6.00    0.450   38.218
23.38   6.00    0.440    0.118   0.450   0.071
23.38   6.00    0.440    0.117   0.450   0.071

23.39   0.00    0.070    0.070   0.032   0.036   0.002   0.000   0.000   0.000   0.000   0.000   0.000 1458787000
23.39   3.54   34.392
23.39   6.00    0.211    0.239
23.39   6.00    0.450   38.218
23.39   6.00    0.440    0.118   0.450   0.071
23.39   6.00    0.440    0.117   0.450   0.071

23.40   0.00    0.070    0.070   0.032   0.036   0.002   0.000   0.000   0.000   0.000   0.000   0.000 1459411000
23.40   3.54   34.392
23.40   6.00    0.211    0.239
23.40   6.00    0.450   38.218
23.40   6.00    0.440    0.118   0.450   0.071
23.40   6.00    0.440    0.117   0.450   0.071

23.41   0.00    0.070    0.070   0.032   0.036   0.002   0.000   0.000   0.000   0.000   0.000   0.000 1460034000
23.41   3.54   34.392
23.41   6.00    0.211    0.239
23.41   6.00    0.450   38.218
23.41   6.00    0.440    0.118   0.450   0.071
23.41   6.00    0.440    0.117   0.450   0.071

23.42   0.00    0.070    0.070   0.032   0.036   0.002   0.000   0.000   0.000   0.000   0.000   0.000 1460658000
23.42   3.54   34.392
23.42   6.00    0.211    0.239
23.42   6.00    0.450   38.219
23.42   6.00    0.440    0.118   0.450   0.071
23.42   6.00    0.440    0.117   0.450   0.071

23.43   0.00    0.070    0.070   0.032   0.036   0.002   0.000   0.000   0.000   0.000   0.000   0.000 1461282000
23.43   3.54   34.392
23.43   6.00    0.211    0.239
23.43   6.00    0.450   38.219
23.43   6.00    0.440    0.118   0.450   0.071
23.43   6.00    0.440    0.117   0.450   0.071

23.44   0.00    0.070    0.070   0.032   0.036   0.002   0.000   0.000   0.000   0.000   0.000   0.000 1461906000
23.44   3.54   34.392
23.44   6.00    0.211    0.239
23.44   6.00    0.450   38.219
23.44   6.00    0.440    0.118   0.450   0.071
23.44   6.00    0.440    0.117   0.450   0.071

23.45   0.00    0.070    0.070   0.032   0.036   0.002   0.000   0.000   0.000   0.000   0.000   0.000 1462529000
23.45   3.54   34.392
23.45   6.00    0.211    0.239
23.45   6.00    0.450   38.219
23.45   6.00    0.440    0.118   0.450   0.071
23.45   6.00    0.440    0.117   0.450   0.071

23.46   0.00    0.070    0.070   0.032   0.036   0.002   0.000   0.000   0.000   0.000   0.000   0.000 1463153000
23.46   3.54   34.392
23.46   6.00    0.211    0.239
23.46   6.00    0.450   38.219
23.46   6.00    0.440    0.118   0.450   0.071
23.46   6.00    0.440    0.117   0.450   0.071

23.47   0.00    0.070    0.070   0.032   0.036   0.002   0.000   0.000   0.000   0.000   0.000   0.000 1463776000
23.47   3.54   34.392
23.47   6.00    0.211    0.239
23.47   6.00    0.450   38.220
23.47   6.00    0.440    0.118   0.450   0.071
23.47   6.00    0.440    0.117   0.450   0.071

23.48   0.00    0.070    0.070   0.032   0.036   0.002   0.000   0.000   0.000   0.000   0.000   0.000 1464400000
23.48   3.54   34.392
23.48   6.00    0.211    0.239
23.48   6.00    0.449   38.220
23.48   6.00    0.440    0.118   0.449   0.071
23.48   6.00    0.440    0.117   0.449   0.071

23.49   0.00    0.070    0.070   0.032   0.036   0.002   0.000   0.000   0.000   0.000   0.000   0.000 1465024000
23.49   3.54   34.392
23.49   6.00    0.211    0.239
23.49   6.00    0.449   38.220
23.49   6.00    0.440    0.118   0.449   0.071
23.49   6.00    0.440    0.117   0.449   0.071

23.50   0.00    0.070    0.070   0.032   0.036   0.002   0.000   0.000   0.000   0.000   0.000   0.000 1465647000
23.50   3.53   34.392
23.50   6.00    0.211    0.239
23.50   6.00    0.449   38.220
23.50   6.00    0.440    0.118   0.449   0.071
23.50   6.00    0.440    0.117   0.449   0.071

23.51   0.00    0.070    0.070   0.032   0.036   0.002   0.000   0.000   0.000   0.000   0.000   0.000 1466271000
23.51   3.53   34.392
23.51   6.00    0.211    0.239
23.51   6.00    0.449   38.220
23.51   6.00    0.440    0.118   0.449   0.071
23.51   6.00    0.440    0.117   0.449   0.071

23.52   0.00    0.070    0.070   0.032   0.036   0.002   0.000   0.000   0.000   0.000   0.000   0.000 1466895000
23.52   3.53   34.392
23.52   6.00    0.211    0.239
23.52   6.00    0.449   38.220
23.52   6.00    0.440    0.118   0.449   0.071
23.52   6.00    0.440    0.117   0.449   0.071

23.53   0.00    0.070    0.070   0.032   0.036   0.002   0.000   0.000   0.000   0.000   0.000   0.000 1467519000
23.53   3.53   34.392
23.53   6.00    0.211    0.239
23.53   6.00    0.449   38.221
23.53   6.00    0.439    0.118   0.449   0.071
23.53   6.00    0.440    0.117   0.449   0.071

23.54   0.00    0.070    0.070   0.032   0.036   0.002   0.000   0.000   0.000   0.000   0.000   0.000 1468142000
23.54   3.53   34.392
23.54   6.00    0.211    0.239
23.54   6.00    0.449   38.221
23.54   6.00    0.439    0.118   0.449   0.071
23.54   6.00    0.440    0.117   0.449   0.071

23.55   0.00    0.070    0.070   0.032   0.036   0.002   0.000   0.000   0.000   0.000   0.000   0.000 1468766000
23.55   3.53   34.392
23.55   6.00    0.211    0.239
23.55   6.00    0.449   38.221
23.55   6.00    0.439    0.118   0.449   0.071
23.55   6.00    0.440    0.117   0.449   0.070

23.56   0.00    0.070    0.070   0.032   0.036   0.002   0.000   0.000   0.000   0.000   0.000   0.000 1469390000
23.56   3.53   34.392
23.56   6.00    0.211    0.239
23.56   6.00    0.449   38.221
23.56   6.00    0.439    0.118   0.449   0.071
23.56   6.00    0.439    0.117   0.449   0.070

23.57   0.00    0.070    0.070   0.032   0.036   0.002   0.000   0.000   0.000   0.000   0.000   0.000 1470013000
23.57   3.53   34.392
23.57   6.00    0.211    0.239
23.57   6.00    0.449   38.221
23.57   6.00    0.439    0.118   0.449   0.071
23.57   6.00    0.439    0.117   0.449   0.070

23.58   0.00    0.070    0.070   0.032   0.036   0.002   0.000   0.000   0.000   0.000   0.000   0.000 1470637000
23.58   3.53   34.392
23.58   6.00    0.211    0.239
23.58   6.00    0.449   38.222
23.58   6.00    0.439    0.118   0.449   0.071
23.58   6.00    0.439    0.117   0.449   0.070

23.59   0.00    0.070    0.070   0.032   0.036   0.002   0.000   0.000   0.000   0.000   0.000   0.000 1471261000
23.59   3.53   34.392
23.59   6.00    0.211    0.239
23.59   6.00    0.449   38.222
23.59   6.00    0.439    0.118   0.449   0.071
23.59   6.00    0.439    0.117   0.449   0.070

23.60   0.00    0.070    0.070   0.032   0.036   0.002   0.000   0.000   0.000   0.000   0.000   0.000 1471884000
23.60   3.53   34.392
23.60   6.00    0.210    0.239
23.60   6.00    0.449   38.222
23.60   6.00    0.439    0.118   0.449   0.071
23.60   6.00    0.439    0.117   0.449   0.070

23.61   0.00    0.070    0.070   0.032   0.036   0.002   0.000   0.000   0.000   0.000   0.000   0.000 1472508000
23.61   3.53   34.392
23.61   6.00    0.210    0.239
23.61   6.00    0.449   38.222
23.61   6.00    0.439    0.118   0.449   0.071
23.61   6.00    0.439    0.117   0.449   0.070

23.62   0.00    0.070    0.070   0.032   0.036   0.002   0.000   0.000   0.000   0.000   0.000   0.000 1473132000
23.62   3.53   34.392
23.62   6.00    0.210    0.239
23.62   6.00    0.449   38.222
23.62   6.00    0.439    0.118   0.449   0.071
23.62   6.00    0.439    0.117   0.449   0.070

23.63   0.00    0.070    0.070   0.032   0.036   0.002   0.000   0.000   0.000   0.000   0.000   0.000 1473755000
23.63   3.53   34.392
23.63   6.00    0.210    0.239
23.63   6.00    0.449   38.222
23.63   6.00    0.439    0.118   0.449   0.071
23.63   6.00    0.439    0.117   0.449   0.070

23.64   0.00    0.070    0.070   0.032   0.036   0.002   0.000   0.000   0.000   0.000   0.000   0.000 1474379000
23.64   3.53   34.392
23.64   6.00    0.210    0.239
23.64   6.00    0.449   38.223
23.64   6.00    0.439    0.118   0.449   0.071
23.64   6.00    0.439    0.117   0.449   0.070

23.65   0.00    0.070    0.070   0.032   0.036   0.002   0.000   0.000   0.000   0.000   0.000   0.000 1475003000
23.65   3.53   34.392
23.65   6.00    0.210    0.239
23.65   6.00    0.449   38.223
23.65   6.00    0.439    0.118   0.449   0.071
23.65   6.00    0.439    0.117   0.449   0.070

23.66   0.00    0.070    0.070   0.032   0.036   0.002   0.000   0.000   0.000   0.000   0.000   0.000 1475626000
23.66   3.53   34.392
23.66   6.00    0.210    0.239
23.66   6.00    0.449   38.223
23.66   6.00    0.439    0.118   0.449   0.071
23.66   6.00    0.439    0.117   0.449   0.070

23.67   0.00    0.070    0.070   0.032   0.036   0.002   0.000   0.000   0.000   0.000   0.000   0.000 1476250000
23.67   3.53   34.392
23.67   6.00    0.210    0.239
23.67   6.00    0.449   38.223
23.67   6.00    0.439    0.118   0.449   0.071
23.67   6.00    0.439    0.117   0.449   0.070

23.68   0.00    0.070    0.070   0.032   0.036   0.002   0.000   0.000   0.000   0.000   0.000   0.000 1476874000
23.68   3.53   34.392
23.68   6.00    0.210    0.239
23.68   6.00    0.449   38.223
23.68   6.00    0.439    0.118   0.449   0.071
23.68   6.00    0.439    0.117   0.449   0.070

23.69   0.00    0.070    0.070   0.032   0.036   0.002   0.000   0.000   0.000   0.000   0.000   0.000 1477497000
23.69   3.53   34.392
23.69   6.00    0.210    0.239
23.69   6.00    0.449   38.224
23.69   6.00    0.439    0.118   0.449   0.071
23.69   6.00    0.439    0.117   0.449   0.070

23.70   0.00    0.070    0.070   0.032   0.036   0.002   0.000   0.000   0.000   0.000   0.000   0.000 1478121000
23.70   3.53   34.392
23.70   6.00    0.210    0.239
23.70   6.00    0.449   38.224
23.70   6.00    0.439    0.118   0.449   0.071
23.70   6.00    0.439    0.117   0.449   0.070

23.71   0.00    0.070    0.070   0.032   0.036   0.002   0.000   0.000   0.000   0.000   0.000   0.000 1478745000
23.71   3.53   34.392
23.71   6.00    0.210    0.239
23.71   6.00    0.449   38.224
23.71   6.00    0.439    0.118   0.449   0.071
23.71   6.00    0.439    0.117   0.449   0.070

23.72   0.00    0.070    0.070   0.032   0.036   0.002   0.000   0.000   0.000   0.000   0.000   0.000 1479368000
23.72   3.53   34.392
23.72   6.00    0.210    0.239
23.72   6.00    0.449   38.224
23.72   6.00    0.439    0.118   0.449   0.071
23.72   6.00    0.439    0.117   0.449   0.070

23.73   0.00    0.070    0.070   0.032   0.036   0.002   0.000   0.000   0.000   0.000   0.000   0.000 1479992000
23.73   3.53   34.392
23.73   6.00    0.210    0.239
23.73   6.00    0.449   38.224
23.73   6.00    0.439    0.118   0.449   0.071
23.73   6.00    0.439    0.117   0.449   0.070

23.74   0.00    0.070    0.070   0.032   0.036   0.002   0.000   0.000   0.000   0.000   0.000   0.000 1480616000
23.74   3.53   34.392
23.74   6.00    0.210    0.239
23.74   6.00    0.449   38.225
23.74   6.00    0.439    0.118   0.449   0.071
23.74   6.00    0.439    0.117   0.449   0.070

23.75   0.00    0.070    0.070   0.032   0.036   0.002   0.000   0.000   0.000   0.000   0.000   0.000 1481240000
23.75   3.53   34.392
23.75   6.00    0.210    0.239
23.75   6.00    0.449   38.225
23.75   6.00    0.439    0.118   0.449   0.071
23.75   6.00    0.439    0.117   0.449   0.070

23.76   0.00    0.070    0.070   0.032   0.036   0.002   0.000   0.000   0.000   0.000   0.000   0.000 1481863000
23.76   3.53   34.392
23.76   6.00    0.210    0.239
23.76   6.00    0.449   38.225
23.76   6.00    0.439    0.118   0.449   0.071
23.76   6.00    0.439    0.117   0.449   0.070

23.77   0.00    0.070    0.070   0.032   0.036   0.002   0.000   0.000   0.000   0.000   0.000   0.000 1482487000
23.77   3.53   34.392
23.77   6.00    0.210    0.239
23.77   6.00    0.449   38.225
23.77   6.00    0.439    0.118   0.449   0.071
23.77   6.00    0.439    0.117   0.449   0.070

23.78   0.00    0.070    0.070   0.032   0.036   0.002   0.000   0.000   0.000   0.000   0.000   0.000 1483111000
23.78   3.53   34.392
23.78   6.00    0.210    0.239
23.78   6.00    0.449   38.225
23.78   6.00    0.439    0.118   0.449   0.071
23.78   6.00    0.439    0.117   0.449   0.070

23.79   0.00    0.070    0.070   0.032   0.036   0.002   0.000   0.000   0.000   0.000   0.000   0.000 1483734000
23.79   3.53   34.392
23.79   6.00    0.210    0.239
23.79   6.00    0.449   38.225
23.79   6.00    0.439    0.118   0.449   0.071
23.79   6.00    0.439    0.117   0.449   0.070

23.80   0.00    0.070    0.070   0.032   0.036   0.002   0.000   0.000   0.000   0.000   0.000   0.000 1484358000
23.80   3.53   34.392
23.80   6.00    0.210    0.239
23.80   6.00    0.449   38.226
23.80   6.00    0.439    0.118   0.449   0.071
23.80   6.00    0.439    0.117   0.449   0.070

23.81   0.00    0.070    0.070   0.032   0.036   0.002   0.000   0.000   0.000   0.000   0.000   0.000 1484982000
23.81   3.53   34.392
23.81   6.00    0.210    0.239
23.81   6.00    0.449   38.226
23.81   6.00    0.439    0.118   0.449   0.071
23.81   6.00    0.439    0.117   0.449   0.070

23.82   0.00    0.070    0.070   0.032   0.036   0.002   0.000   0.000   0.000   0.000   0.000   0.000 1485605000
23.82   3.53   34.392
23.82   6.00    0.210    0.239
23.82   6.00    0.449   38.226
23.82   6.00    0.439    0.118   0.449   0.071
23.82   6.00    0.439    0.117   0.449   0.070

23.83   0.00    0.070    0.070   0.032   0.036   0.002   0.000   0.000   0.000   0.000   0.000   0.000 1486229000
23.83   3.53   34.392
23.83   6.00    0.210    0.239
23.83   6.00    0.449   38.226
23.83   6.00    0.439    0.118   0.449   0.071
23.83   6.00    0.439    0.117   0.449   0.070

23.84   0.00    0.070    0.070   0.032   0.036   0.002   0.000   0.000   0.000   0.000   0.000   0.000 1486853000
23.84   3.53   34.392
23.84   6.00    0.210    0.239
23.84   6.00    0.449   38.226
23.84   6.00    0.439    0.118   0.449   0.071
23.84   6.00    0.439    0.117   0.449   0.070

23.85   0.00    0.070    0.070   0.032   0.036   0.002   0.000   0.000   0.000   0.000   0.000   0.000 1487476000
23.85   3.53   34.392
23.85   6.00    0.210    0.239
23.85   6.00    0.449   38.227
23.85   6.00    0.439    0.118   0.449   0.071
23.85   6.00    0.439    0.117   0.449   0.070

23.86   0.00    0.070    0.070   0.032   0.036   0.002   0.000   0.000   0.000   0.000   0.000   0.000 1488100000
23.86   3.53   34.392
23.86   6.00    0.210    0.239
23.86   6.00    0.449   38.227
23.86   6.00    0.439    0.118   0.449   0.071
23.86   6.00    0.439    0.117   0.449   0.070

23.87   0.00    0.070    0.070   0.032   0.036   0.002   0.000   0.000   0.000   0.000   0.000   0.000 1488724000
23.87   3.53   34.392
23.87   6.00    0.210    0.239
23.87   6.00    0.449   38.227
23.87   6.00    0.439    0.118   0.449   0.071
23.87   6.00    0.439    0.117   0.449   0.070

23.88   0.00    0.070    0.070   0.032   0.036   0.002   0.000   0.000   0.000   0.000   0.000   0.000 1489347000
23.88   3.53   34.392
23.88   6.00    0.210    0.239
23.88   6.00    0.449   38.227
23.88   6.00    0.439    0.118   0.449   0.071
23.88   6.00    0.439    0.117   0.449   0.070

23.89   0.00    0.070    0.070   0.032   0.036   0.002   0.000   0.000   0.000   0.000   0.000   0.000 1489971000
23.89   3.53   34.392
23.89   6.00    0.210    0.239
23.89   6.00    0.449   38.227
23.89   6.00    0.439    0.118   0.449   0.071
23.89   6.00    0.439    0.117   0.449   0.070

23.90   0.00    0.070    0.070   0.032   0.036   0.002   0.000   0.000   0.000   0.000   0.000   0.000 1490595000
23.90   3.53   34.392
23.90   6.00    0.210    0.239
23.90   6.00    0.449   38.227
23.90   6.00    0.439    0.118   0.449   0.071
23.90   6.00    0.439    0.117   0.449   0.070

23.91   0.00    0.070    0.070   0.032   0.036   0.002   0.000   0.000   0.000   0.000   0.000   0.000 1491218000
23.91   3.53   34.392
23.91   6.00    0.210    0.239
23.91   6.00    0.449   38.228
23.91   6.00    0.439    0.118   0.449   0.071
23.91   6.00    0.439    0.117   0.449   0.070

23.92   0.00    0.070    0.070   0.032   0.036   0.002   0.000   0.000   0.000   0.000   0.000   0.000 1491842000
23.92   3.53   34.393
23.92   6.00    0.210    0.239
23.92   6.00    0.449   38.228
23.92   6.00    0.439    0.117   0.449   0.071
23.92   6.00    0.439    0.117   0.449   0.070

23.93   0.00    0.070    0.070   0.032   0.036   0.002   0.000   0.000   0.000   0.000   0.000   0.000 1492466000
23.93   3.53   34.393
23.93   6.00    0.210    0.239
23.93   6.00    0.449   38.228
23.93   6.00    0.439    0.117   0.449   0.071
23.93   6.00    0.439    0.117   0.449   0.070

23.94   0.00    0.070    0.070   0.032   0.036   0.002   0.000   0.000   0.000   0.000   0.000   0.000 1493090000
23.94   3.53   34.393
23.94   6.00    0.210    0.239
23.94   6.00    0.449   38.228
23.94   6.00    0.439    0.117   0.449   0.071
23.94   6.00    0.439    0.117   0.449   0.070

23.95   0.00    0.070    0.070   0.032   0.036   0.002   0.000   0.000   0.000   0.000   0.000   0.000 1493713000
23.95   3.53   34.393
23.95   6.00    0.210    0.239
23.95   6.00    0.449   38.228
23.95   6.00    0.439    0.117   0.449   0.071
23.95   6.00    0.439    0.117   0.449   0.070

23.96   0.00    0.070    0.070   0.032   0.036   0.002   0.000   0.000   0.000   0.000   0.000   0.000 1494337000
23.96   3.53   34.393
23.96   6.00    0.210    0.239
23.96   6.00    0.449   38.229
23.96   6.00    0.439    0.117   0.449   0.071
23.96   6.00    0.439    0.117   0.449   0.070

23.97   0.00    0.070    0.070   0.032   0.036   0.002   0.000   0.000   0.000   0.000   0.000   0.000 1494960000
23.97   3.53   34.393
23.97   6.00    0.210    0.239
23.97   6.00    0.448   38.229
23.97   6.00    0.439    0.117   0.448   0.071
23.97   6.00    0.439    0.117   0.448   0.070

23.98   0.00    0.070    0.070   0.032   0.036   0.002   0.000   0.000   0.000   0.000   0.000   0.000 1495584000
23.98   3.53   34.393
23.98   6.00    0.210    0.239
23.98   6.00    0.448   38.229
23.98   6.00    0.439    0.117   0.448   0.071
23.98   6.00    0.439    0.117   0.448   0.070

23.99   0.00    0.070    0.070   0.032   0.036   0.002   0.000   0.000   0.000   0.000   0.000   0.000 1496208000
23.99   3.53   34.393
23.99   6.00    0.210    0.239
23.99   6.00    0.448   38.229
23.99   6.00    0.439    0.117   0.448   0.071
23.99   6.00    0.439    0.117   0.448   0.070

24.00   0.00    0.070    0.070   0.032   0.036   0.002   0.000   0.000   0.000   0.000   0.000   0.000 1496831000
24.00   3.53   34.393
24.00   6.00    0.210    0.239
24.00   6.00    0.448   38.229
24.00   6.00    0.439    0.117   0.448   0.071
24.00   6.00    0.439    0.117   0.448   0.070

24.01   0.00    0.070    0.070   0.032   0.036   0.002   0.000   0.000   0.000   0.000   0.000   0.000 1497455000
24.01   3.53   34.393
24.01   6.00    0.210    0.239
24.01   6.00    0.448   38.229
24.01   6.00    0.439    0.117   0.448   0.071
24.01   6.00    0.439    0.117   0.448   0.070

24.02   0.00    0.070    0.070   0.032   0.036   0.002   0.000   0.000   0.000   0.000   0.000   0.000 1498079000
24.02   3.52   34.393
24.02   6.00    0.210    0.239
24.02   6.00    0.448   38.230
24.02   6.00    0.439    0.117   0.448   0.071
24.02   6.00    0.439    0.117   0.448   0.070

24.03   0.00    0.070    0.070   0.032   0.036   0.002   0.000   0.000   0.000   0.000   0.000   0.000 1498703000
24.03   3.52   34.393
24.03   6.00    0.210    0.239
24.03   6.00    0.448   38.230
24.03   6.00    0.439    0.117   0.448   0.071
24.03   6.00    0.439    0.117   0.448   0.070

24.04   0.00    0.070    0.070   0.032   0.036   0.002   0.000   0.000   0.000   0.000   0.000   0.000 1499326000
24.04   3.52   34.393
24.04   6.00    0.210    0.239
24.04   6.00    0.448   38.230
24.04   6.00    0.438    0.117   0.448   0.071
24.04   6.00    0.439    0.117   0.448   0.070

24.05   0.00    0.070    0.070   0.032   0.036   0.002   0.000   0.000   0.000   0.000   0.000   0.000 1499950000
24.05   3.52   34.393
24.05   6.00    0.210    0.239
24.05   6.00    0.448   38.230
24.05   6.00    0.438    0.117   0.448   0.071
24.05   6.00    0.439    0.117   0.448   0.070

24.06   0.00    0.070    0.070   0.032   0.036   0.002   0.000   0.000   0.000   0.000   0.000   0.000 1500574000
24.06   3.52   34.393
24.06   6.00    0.210    0.239
24.06   6.00    0.448   38.230
24.06   6.00    0.438    0.117   0.448   0.071
24.06   6.00    0.438    0.117   0.448   0.070

24.07   0.00    0.070    0.070   0.032   0.036   0.002   0.000   0.000   0.000   0.000   0.000   0.000 1501197000
24.07   3.52   34.393
24.07   6.00    0.210    0.239
24.07   6.00    0.448   38.231
24.07   6.00    0.438    0.117   0.448   0.071
24.07   6.00    0.438    0.117   0.448   0.070

24.08   0.00    0.070    0.070   0.032   0.036   0.002   0.000   0.000   0.000   0.000   0.000   0.000 1501821000
24.08   3.52   34.393
24.08   6.00    0.210    0.239
24.08   6.00    0.448   38.231
24.08   6.00    0.438    0.117   0.448   0.071
24.08   6.00    0.438    0.117   0.448   0.070

24.09   0.00    0.070    0.070   0.032   0.036   0.002   0.000   0.000   0.000   0.000   0.000   0.000 1502445000
24.09   3.52   34.393
24.09   6.00    0.209    0.239
24.09   6.00    0.448   38.231
24.09   6.00    0.438    0.117   0.448   0.071
24.09   6.00    0.438    0.117   0.448   0.070

24.10   0.00    0.070    0.070   0.032   0.036   0.002   0.000   0.000   0.000   0.000   0.000   0.000 1503068000
24.10   3.52   34.393
24.10   6.00    0.209    0.239
24.10   6.00    0.448   38.231
24.10   6.00    0.438    0.117   0.448   0.071
24.10   6.00    0.438    0.117   0.448   0.070

24.11   0.00    0.070    0.070   0.032   0.036   0.002   0.000   0.000   0.000   0.000   0.000   0.000 1503692000
24.11   3.52   34.393
24.11   6.00    0.209    0.239
24.11   6.00    0.448   38.231
24.11   6.00    0.438    0.117   0.448   0.071
24.11   6.00    0.438    0.117   0.448   0.070

24.12   0.00    0.070    0.070   0.032   0.036   0.002   0.000   0.000   0.000   0.000   0.000   0.000 1504316000
24.12   3.52   34.393
24.12   6.00    0.209    0.239
24.12   6.00    0.448   38.232
24.12   6.00    0.438    0.117   0.448   0.071
24.12   6.00    0.438    0.117   0.448   0.070

24.13   0.00    0.070    0.070   0.032   0.036   0.002   0.000   0.000   0.000   0.000   0.000   0.000 1504939000
24.13   3.52   34.393
24.13   6.00    0.209    0.239
24.13   6.00    0.448   38.232
24.13   6.00    0.438    0.117   0.448   0.071
24.13   6.00    0.438    0.117   0.448   0.070

24.14   0.00    0.070    0.070   0.032   0.036   0.002   0.000   0.000   0.000   0.000   0.000   0.000 1505563000
24.14   3.52   34.393
24.14   6.00    0.209    0.239
24.14   6.00    0.448   38.232
24.14   6.00    0.438    0.117   0.448   0.071
24.14   6.00    0.438    0.117   0.448   0.070

24.15   0.00    0.070    0.070   0.032   0.036   0.002   0.000   0.000   0.000   0.000   0.000   0.000 1506187000
24.15   3.52   34.393
24.15   6.00    0.209    0.239
24.15   6.00    0.448   38.232
24.15   6.00    0.438    0.117   0.448   0.071
24.15   6.00    0.438    0.117   0.448   0.070

24.16   0.00    0.070    0.070   0.032   0.036   0.002   0.000   0.000   0.000   0.000   0.000   0.000 1506810000
24.16   3.52   34.393
24.16   6.00    0.209    0.239
24.16   6.00    0.448   38.232
24.16   6.00    0.438    0.117   0.448   0.071
24.16   6.00    0.438    0.117   0.448   0.070

24.17   0.00    0.070    0.070   0.032   0.036   0.002   0.000   0.000   0.000   0.000   0.000   0.000 1507434000
24.17   3.52   34.393
24.17   6.00    0.209    0.239
24.17   6.00    0.448   38.232
24.17   6.00    0.438    0.117   0.448   0.071
24.17   6.00    0.438    0.117   0.448   0.070

24.18   0.00    0.070    0.070   0.032   0.036   0.002   0.000   0.000   0.000   0.000   0.000   0.000 1508058000
24.18   3.52   34.393
24.18   6.00    0.209    0.239
24.18   6.00    0.448   38.233
24.18   6.00    0.438    0.117   0.448   0.071
24.18   6.00    0.438    0.117   0.448   0.070

24.19   0.00    0.070    0.070   0.032   0.036   0.002   0.000   0.000   0.000   0.000   0.000   0.000 1508681000
24.19   3.52   34.393
24.19   6.00    0.209    0.239
24.19   6.00    0.448   38.233
24.19   6.00    0.438    0.117   0.448   0.071
24.19   6.00    0.438    0.117   0.448   0.070

24.20   0.00    0.070    0.070   0.032   0.036   0.002   0.000   0.000   0.000   0.000   0.000   0.000 1509305000
24.20   3.52   34.393
24.20   6.00    0.209    0.239
24.20   6.00    0.448   38.233
24.20   6.00    0.438    0.117   0.448   0.071
24.20   6.00    0.438    0.117   0.448   0.070

24.21   0.00    0.070    0.070   0.032   0.036   0.002   0.000   0.000   0.000   0.000   0.000   0.000 1509929000
24.21   3.52   34.393
24.21   6.00    0.209    0.239
24.21   6.00    0.448   38.233
24.21   6.00    0.438    0.117   0.448   0.071
24.21   6.00    0.438    0.117   0.448   0.070

24.22   0.00    0.070    0.070   0.032   0.036   0.002   0.000   0.000   0.000   0.000   0.000   0.000 1510552000
24.22   3.52   34.393
24.22   6.00    0.209    0.239
24.22   6.00    0.448   38.233
24.22   6.00    0.438    0.117   0.448   0.071
24.22   6.00    0.438    0.117   0.448   0.070

24.23   0.00    0.070    0.070   0.032   0.036   0.002   0.000   0.000   0.000   0.000   0.000   0.000 1511176000
24.23   3.52   34.393
24.23   6.00    0.209    0.239
24.23   6.00    0.448   38.234
24.23   6.00    0.438    0.117   0.448   0.071
24.23   6.00    0.438    0.117   0.448   0.070

24.24   0.00    0.070    0.070   0.032   0.036   0.002   0.000   0.000   0.000   0.000   0.000   0.000 1511800000
24.24   3.52   34.393
24.24   6.00    0.209    0.239
24.24   6.00    0.448   38.234
24.24   6.00    0.438    0.117   0.448   0.071
24.24   6.00    0.438    0.117   0.448   0.070

24.25   0.00    0.070    0.070   0.032   0.036   0.002   0.000   0.000   0.000   0.000   0.000   0.000 1512424000
24.25   3.52   34.393
24.25   6.00    0.209    0.239
24.25   6.00    0.448   38.234
24.25   6.00    0.438    0.117   0.448   0.071
24.25   6.00    0.438    0.117   0.448   0.070

24.26   0.00    0.070    0.070   0.032   0.036   0.002   0.000   0.000   0.000   0.000   0.000   0.000 1513047000
24.26   3.52   34.393
24.26   6.00    0.209    0.239
24.26   6.00    0.448   38.234
24.26   6.00    0.438    0.117   0.448   0.071
24.26   6.00    0.438    0.117   0.448   0.070

24.27   0.00    0.070    0.070   0.032   0.036   0.002   0.000   0.000   0.000   0.000   0.000   0.000 1513671000
24.27   3.52   34.393
24.27   6.00    0.209    0.239
24.27   6.00    0.448   38.234
24.27   6.00    0.438    0.117   0.448   0.071
24.27   6.00    0.438    0.117   0.448   0.070

24.28   0.00    0.070    0.070   0.032   0.036   0.002   0.000   0.000   0.000   0.000   0.000   0.000 1514295000
24.28   3.52   34.393
24.28   6.00    0.209    0.239
24.28   6.00    0.448   38.234
24.28   6.00    0.438    0.117   0.448   0.071
24.28   6.00    0.438    0.117   0.448   0.070

24.29   0.00    0.070    0.070   0.032   0.036   0.002   0.000   0.000   0.000   0.000   0.000   0.000 1514918000
24.29   3.52   34.393
24.29   6.00    0.209    0.239
24.29   6.00    0.448   38.235
24.29   6.00    0.438    0.117   0.448   0.071
24.29   6.00    0.438    0.117   0.448   0.070

24.30   0.00    0.070    0.070   0.032   0.036   0.002   0.000   0.000   0.000   0.000   0.000   0.000 1515542000
24.30   3.52   34.393
24.30   6.00    0.209    0.239
24.30   6.00    0.448   38.235
24.30   6.00    0.438    0.117   0.448   0.071
24.30   6.00    0.438    0.117   0.448   0.070

24.31   0.00    0.070    0.070   0.032   0.036   0.002   0.000   0.000   0.000   0.000   0.000   0.000 1516166000
24.31   3.52   34.393
24.31   6.00    0.209    0.239
24.31   6.00    0.448   38.235
24.31   6.00    0.438    0.117   0.448   0.071
24.31   6.00    0.438    0.117   0.448   0.070

24.32   0.00    0.070    0.070   0.032   0.036   0.002   0.000   0.000   0.000   0.000   0.000   0.000 1516789000
24.32   3.52   34.393
24.32   6.00    0.209    0.239
24.32   6.00    0.448   38.235
24.32   6.00    0.438    0.117   0.448   0.071
24.32   6.00    0.438    0.117   0.448   0.070

24.33   0.00    0.070    0.070   0.032   0.036   0.002   0.000   0.000   0.000   0.000   0.000   0.000 1517413000
24.33   3.52   34.393
24.33   6.00    0.209    0.239
24.33   6.00    0.448   38.235
24.33   6.00    0.438    0.117   0.448   0.071
24.33   6.00    0.438    0.117   0.448   0.070

24.34   0.00    0.070    0.070   0.032   0.036   0.002   0.000   0.000   0.000   0.000   0.000   0.000 1518037000
24.34   3.52   34.393
24.34   6.00    0.209    0.239
24.34   6.00    0.448   38.236
24.34   6.00    0.438    0.117   0.448   0.071
24.34   6.00    0.438    0.117   0.448   0.070

24.35   0.00    0.070    0.070   0.032   0.036   0.002   0.000   0.000   0.000   0.000   0.000   0.000 1518660000
24.35   3.52   34.393
24.35   6.00    0.209    0.239
24.35   6.00    0.448   38.236
24.35   6.00    0.438    0.117   0.448   0.071
24.35   6.00    0.438    0.117   0.448   0.070

24.36   0.00    0.070    0.070   0.032   0.036   0.002   0.000   0.000   0.000   0.000   0.000   0.000 1519284000
24.36   3.52   34.393
24.36   6.00    0.209    0.239
24.36   6.00    0.448   38.236
24.36   6.00    0.438    0.117   0.448   0.071
24.36   6.00    0.438    0.117   0.448   0.070

24.37   0.00    0.070    0.070   0.032   0.036   0.002   0.000   0.000   0.000   0.000   0.000   0.000 1519908000
24.37   3.52   34.393
24.37   6.00    0.209    0.239
24.37   6.00    0.448   38.236
24.37   6.00    0.438    0.117   0.448   0.071
24.37   6.00    0.438    0.117   0.448   0.070

24.38   0.00    0.070    0.070   0.032   0.036   0.002   0.000   0.000   0.000   0.000   0.000   0.000 1520531000
24.38   3.52   34.393
24.38   6.00    0.209    0.239
24.38   6.00    0.448   38.236
24.38   6.00    0.438    0.117   0.448   0.071
24.38   6.00    0.438    0.117   0.448   0.070

24.39   0.00    0.070    0.070   0.032   0.036   0.002   0.000   0.000   0.000   0.000   0.000   0.000 1521155000
24.39   3.52   34.393
24.39   6.00    0.209    0.239
24.39   6.00    0.448   38.236
24.39   6.00    0.438    0.117   0.448   0.071
24.39   6.00    0.438    0.117   0.448   0.070

24.40   0.00    0.070    0.070   0.032   0.036   0.002   0.000   0.000   0.000   0.000   0.000   0.000 1521779000
24.40   3.52   34.393
24.40   6.00    0.209    0.239
24.40   6.00    0.448   38.237
24.40   6.00    0.438    0.117   0.448   0.071
24.40   6.00    0.438    0.117   0.448   0.070

24.41   0.00    0.070    0.070   0.032   0.036   0.002   0.000   0.000   0.000   0.000   0.000   0.000 1522402000
24.41   3.52   34.393
24.41   6.00    0.209    0.239
24.41   6.00    0.448   38.237
24.41   6.00    0.438    0.117   0.448   0.071
24.41   6.00    0.438    0.117   0.448   0.070

24.42   0.00    0.070    0.070   0.032   0.036   0.002   0.000   0.000   0.000   0.000   0.000   0.000 1523026000
24.42   3.52   34.393
24.42   6.00    0.209    0.239
24.42   6.00    0.448   38.237
24.42   6.00    0.438    0.117   0.448   0.071
24.42   6.00    0.438    0.117   0.448   0.070

24.43   0.00    0.070    0.070   0.032   0.036   0.002   0.000   0.000   0.000   0.000   0.000   0.000 1523650000
24.43   3.52   34.393
24.43   6.00    0.209    0.239
24.43   6.00    0.448   38.237
24.43   6.00    0.438    0.117   0.448   0.071
24.43   6.00    0.438    0.117   0.448   0.070

24.44   0.00    0.070    0.070   0.032   0.036   0.002   0.000   0.000   0.000   0.000   0.000   0.000 1524273000
24.44   3.52   34.394
24.44   6.00    0.209    0.239
24.44   6.00    0.448   38.237
24.44   6.00    0.438    0.117   0.448   0.071
24.44   6.00    0.438    0.117   0.448   0.070

24.45   0.00    0.070    0.070   0.032   0.036   0.002   0.000   0.000   0.000   0.000   0.000   0.000 1524897000
24.45   3.52   34.394
24.45   6.00    0.209    0.239
24.45   6.00    0.448   38.238
24.45   6.00    0.438    0.117   0.448   0.071
24.45   6.00    0.438    0.117   0.448   0.070

24.46   0.00    0.070    0.070   0.032   0.036   0.002   0.000   0.000   0.000   0.000   0.000   0.000 1525521000
24.46   3.52   34.394
24.46   6.00    0.209    0.239
24.46   6.00    0.448   38.238
24.46   6.00    0.438    0.117   0.448   0.071
24.46   6.00    0.438    0.117   0.448   0.070

24.47   0.00    0.070    0.070   0.032   0.036   0.002   0.000   0.000   0.000   0.000   0.000   0.000 1526144000
24.47   3.52   34.394
24.47   6.00    0.209    0.239
24.47   6.00    0.448   38.238
24.47   6.00    0.438    0.117   0.448   0.071
24.47   6.00    0.438    0.117   0.448   0.070

24.48   0.00    0.070    0.070   0.032   0.036   0.002   0.000   0.000   0.000   0.000   0.000   0.000 1526768000
24.48   3.52   34.394
24.48   6.00    0.209    0.239
24.48   6.00    0.447   38.238
24.48   6.00    0.438    0.117   0.447   0.071
24.48   6.00    0.438    0.117   0.447   0.070

24.49   0.00    0.070    0.070   0.032   0.036   0.002   0.000   0.000   0.000   0.000   0.000   0.000 1527392000
24.49   3.52   34.394
24.49   6.00    0.209    0.239
24.49   6.00    0.447   38.238
24.49   6.00    0.438    0.117   0.447   0.071
24.49   6.00    0.438    0.117   0.447   0.070

24.50   0.00    0.070    0.070   0.032   0.036   0.002   0.000   0.000   0.000   0.000   0.000   0.000 1528015000
24.50   3.52   34.394
24.50   6.00    0.209    0.239
24.50   6.00    0.447   38.238
24.50   6.00    0.438    0.117   0.447   0.071
24.50   6.00    0.438    0.117   0.447   0.070

24.51   0.00    0.070    0.070   0.032   0.036   0.002   0.000   0.000   0.000   0.000   0.000   0.000 1528639000
24.51   3.52   34.394
24.51   6.00    0.209    0.239
24.51   6.00    0.447   38.239
24.51   6.00    0.438    0.117   0.447   0.071
24.51   6.00    0.438    0.117   0.447   0.070

24.52   0.00    0.070    0.070   0.032   0.036   0.002   0.000   0.000   0.000   0.000   0.000   0.000 1529263000
24.52   3.52   34.394
24.52   6.00    0.209    0.239
24.52   6.00    0.447   38.239
24.52   6.00    0.438    0.117   0.447   0.071
24.52   6.00    0.438    0.117   0.447   0.070

24.53   0.00    0.070    0.070   0.032   0.036   0.002   0.000   0.000   0.000   0.000   0.000   0.000 1529887000
24.53   3.52   34.394
24.53   6.00    0.209    0.239
24.53   6.00    0.447   38.239
24.53   6.00    0.438    0.117   0.447   0.071
24.53   6.00    0.438    0.117   0.447   0.070

24.54   0.00    0.070    0.070   0.032   0.036   0.002   0.000   0.000   0.000   0.000   0.000   0.000 1530510000
24.54   3.52   34.394
24.54   6.00    0.209    0.239
24.54   6.00    0.447   38.239
24.54   6.00    0.438    0.117   0.447   0.071
24.54   6.00    0.438    0.117   0.447   0.070

24.55   0.00    0.070    0.070   0.032   0.036   0.002   0.000   0.000   0.000   0.000   0.000   0.000 1531134000
24.55   3.52   34.394
24.55   6.00    0.209    0.239
24.55   6.00    0.447   38.239
24.55   6.00    0.438    0.117   0.447   0.071
24.55   6.00    0.438    0.117   0.447   0.070

24.56   0.00    0.070    0.070   0.032   0.036   0.002   0.000   0.000   0.000   0.000   0.000   0.000 1531758000
24.56   3.51   34.394
24.56   6.00    0.209    0.239
24.56   6.00    0.447   38.240
24.56   6.00    0.437    0.117   0.447   0.071
24.56   6.00    0.438    0.117   0.447   0.070

24.57   0.00    0.070    0.070   0.032   0.036   0.002   0.000   0.000   0.000   0.000   0.000   0.000 1532381000
24.57   3.51   34.394
24.57   6.00    0.209    0.239
24.57   6.00    0.447   38.240
24.57   6.00    0.437    0.117   0.447   0.071
24.57   6.00    0.438    0.117   0.447   0.070

24.58   0.00    0.070    0.070   0.032   0.036   0.002   0.000   0.000   0.000   0.000   0.000   0.000 1533005000
24.58   3.51   34.394
24.58   6.00    0.209    0.239
24.58   6.00    0.447   38.240
24.58   6.00    0.437    0.117   0.447   0.071
24.58   6.00    0.438    0.117   0.447   0.070

24.59   0.00    0.070    0.070   0.032   0.036   0.002   0.000   0.000   0.000   0.000   0.000   0.000 1533629000
24.59   3.51   34.394
24.59   6.00    0.209    0.239
24.59   6.00    0.447   38.240
24.59   6.00    0.437    0.117   0.447   0.071
24.59   6.00    0.437    0.117   0.447   0.070

24.60   0.00    0.070    0.070   0.032   0.036   0.002   0.000   0.000   0.000   0.000   0.000   0.000 1534252000
24.60   3.51   34.394
24.60   6.00    0.209    0.239
24.60   6.00    0.447   38.240
24.60   6.00    0.437    0.117   0.447   0.071
24.60   6.00    0.437    0.117   0.447   0.070

24.61   0.00    0.070    0.070   0.032   0.036   0.002   0.000   0.000   0.000   0.000   0.000   0.000 1534876000
24.61   3.51   34.394
24.61   6.00    0.208    0.239
24.61   6.00    0.447   38.240
24.61   6.00    0.437    0.117   0.447   0.071
24.61   6.00    0.437    0.117   0.447   0.070

24.62   0.00    0.070    0.070   0.032   0.036   0.002   0.000   0.000   0.000   0.000   0.000   0.000 1535500000
24.62   3.51   34.394
24.62   6.00    0.208    0.239
24.62   6.00    0.447   38.241
24.62   6.00    0.437    0.117   0.447   0.071
24.62   6.00    0.437    0.117   0.447   0.070

24.63   0.00    0.070    0.070   0.032   0.036   0.002   0.000   0.000   0.000   0.000   0.000   0.000 1536123000
24.63   3.51   34.394
24.63   6.00    0.208    0.239
24.63   6.00    0.447   38.241
24.63   6.00    0.437    0.117   0.447   0.071
24.63   6.00    0.437    0.117   0.447   0.070

24.64   0.00    0.070    0.070   0.032   0.036   0.002   0.000   0.000   0.000   0.000   0.000   0.000 1536747000
24.64   3.51   34.394
24.64   6.00    0.208    0.239
24.64   6.00    0.447   38.241
24.64   6.00    0.437    0.117   0.447   0.071
24.64   6.00    0.437    0.117   0.447   0.070

24.65   0.00    0.070    0.070   0.032   0.036   0.002   0.000   0.000   0.000   0.000   0.000   0.000 1537371000
24.65   3.51   34.394
24.65   6.00    0.208    0.239
24.65   6.00    0.447   38.241
24.65   6.00    0.437    0.117   0.447   0.071
24.65   6.00    0.437    0.117   0.447   0.070

24.66   0.00    0.070    0.070   0.032   0.036   0.002   0.000   0.000   0.000   0.000   0.000   0.000 1537994000
24.66   3.51   34.394
24.66   6.00    0.208    0.239
24.66   6.00    0.447   38.241
24.66   6.00    0.437    0.117   0.447   0.071
24.66   6.00    0.437    0.117   0.447   0.070

24.67   0.00    0.070    0.070   0.032   0.036   0.002   0.000   0.000   0.000   0.000   0.000   0.000 1538618000
24.67   3.51   34.394
24.67   6.00    0.208    0.239
24.67   6.00    0.447   38.242
24.67   6.00    0.437    0.117   0.447   0.071
24.67   6.00    0.437    0.117   0.447   0.070

24.68   0.00    0.070    0.070   0.032   0.036   0.002   0.000   0.000   0.000   0.000   0.000   0.000 1539242000
24.68   3.51   34.394
24.68   6.00    0.208    0.239
24.68   6.00    0.447   38.242
24.68   6.00    0.437    0.117   0.447   0.071
24.68   6.00    0.437    0.117   0.447   0.070

24.69   0.00    0.070    0.070   0.032   0.036   0.002   0.000   0.000   0.000   0.000   0.000   0.000 1539865000
24.69   3.51   34.394
24.69   6.00    0.208    0.239
24.69   6.00    0.447   38.242
24.69   6.00    0.437    0.117   0.447   0.071
24.69   6.00    0.437    0.117   0.447   0.070

24.70   0.00    0.070    0.070   0.032   0.036   0.002   0.000   0.000   0.000   0.000   0.000   0.000 1540489000
24.70   3.51   34.394
24.70   6.00    0.208    0.239
24.70   6.00    0.447   38.242
24.70   6.00    0.437    0.117   0.447   0.071
24.70   6.00    0.437    0.117   0.447   0.070

24.71   0.00    0.070    0.070   0.032   0.036   0.002   0.000   0.000   0.000   0.000   0.000   0.000 1541113000
24.71   3.51   34.394
24.71   6.00    0.208    0.239
24.71   6.00    0.447   38.242
24.71   6.00    0.437    0.117   0.447   0.071
24.71   6.00    0.437    0.117   0.447   0.070

24.72   0.00    0.070    0.070   0.032   0.036   0.002   0.000   0.000   0.000   0.000   0.000   0.000 1541736000
24.72   3.51   34.394
24.72   6.00    0.208    0.239
24.72   6.00    0.447   38.242
24.72   6.00    0.437    0.117   0.447   0.071
24.72   6.00    0.437    0.117   0.447   0.070

24.73   0.00    0.070    0.070   0.032   0.036   0.002   0.000   0.000   0.000   0.000   0.000   0.000 1542360000
24.73   3.51   34.394
24.73   6.00    0.208    0.239
24.73   6.00    0.447   38.243
24.73   6.00    0.437    0.117   0.447   0.071
24.73   6.00    0.437    0.117   0.447   0.070

24.74   0.00    0.070    0.070   0.032   0.036   0.002   0.000   0.000   0.000   0.000   0.000   0.000 1542984000
24.74   3.51   34.394
24.74   6.00    0.208    0.239
24.74   6.00    0.447   38.243
24.74   6.00    0.437    0.117   0.447   0.071
24.74   6.00    0.437    0.117   0.447   0.070

24.75   0.00    0.070    0.070   0.032   0.036   0.002   0.000   0.000   0.000   0.000   0.000   0.000 1543608000
24.75   3.51   34.394
24.75   6.00    0.208    0.239
24.75   6.00    0.447   38.243
24.75   6.00    0.437    0.117   0.447   0.071
24.75   6.00    0.437    0.117   0.447   0.070

24.76   0.00    0.070    0.070   0.032   0.036   0.002   0.000   0.000   0.000   0.000   0.000   0.000 1544231000
24.76   3.51   34.394
24.76   6.00    0.208    0.239
24.76   6.00    0.447   38.243
24.76   6.00    0.437    0.117   0.447   0.071
24.76   6.00    0.437    0.117   0.447   0.070

24.77   0.00    0.070    0.070   0.032   0.036   0.002   0.000   0.000   0.000   0.000   0.000   0.000 1544855000
24.77   3.51   34.394
24.77   6.00    0.208    0.239
24.77   6.00    0.447   38.243
24.77   6.00    0.437    0.117   0.447   0.071
24.77   6.00    0.437    0.117   0.447   0.070

24.78   0.00    0.070    0.070   0.032   0.036   0.002   0.000   0.000   0.000   0.000   0.000   0.000 1545479000
24.78   3.51   34.394
24.78   6.00    0.208    0.239
24.78   6.00    0.447   38.244
24.78   6.00    0.437    0.117   0.447   0.071
24.78   6.00    0.437    0.117   0.447   0.070

24.79   0.00    0.070    0.070   0.032   0.036   0.002   0.000   0.000   0.000   0.000   0.000   0.000 1546102000
24.79   3.51   34.394
24.79   6.00    0.208    0.239
24.79   6.00    0.447   38.244
24.79   6.00    0.437    0.117   0.447   0.071
24.79   6.00    0.437    0.117   0.447   0.070

24.80   0.00    0.070    0.070   0.032   0.036   0.002   0.000   0.000   0.000   0.000   0.000   0.000 1546726000
24.80   3.51   34.394
24.80   6.00    0.208    0.239
24.80   6.00    0.447   38.244
24.80   6.00    0.437    0.117   0.447   0.071
24.80   6.00    0.437    0.117   0.447   0.070

24.81   0.00    0.070    0.070   0.032   0.036   0.002   0.000   0.000   0.000   0.000   0.000   0.000 1547350000
24.81   3.51   34.394
24.81   6.00    0.208    0.239
24.81   6.00    0.447   38.244
24.81   6.00    0.437    0.117   0.447   0.071
24.81   6.00    0.437    0.117   0.447   0.070

24.82   0.00    0.070    0.070   0.032   0.036   0.002   0.000   0.000   0.000   0.000   0.000   0.000 1547973000
24.82   3.51   34.394
24.82   6.00    0.208    0.239
24.82   6.00    0.447   38.244
24.82   6.00    0.437    0.117   0.447   0.071
24.82   6.00    0.437    0.117   0.447   0.070

24.83   0.00    0.070    0.070   0.032   0.036   0.002   0.000   0.000   0.000   0.000   0.000   0.000 1548597000
24.83   3.51   34.394
24.83   6.00    0.208    0.239
24.83   6.00    0.447   38.244
24.83   6.00    0.437    0.117   0.447   0.071
24.83   6.00    0.437    0.117   0.447   0.070

24.84   0.00    0.070    0.070   0.032   0.036   0.002   0.000   0.000   0.000   0.000   0.000   0.000 1549221000
24.84   3.51   34.394
24.84   6.00    0.208    0.239
24.84   6.00    0.447   38.245
24.84   6.00    0.437    0.117   0.447   0.071
24.84   6.00    0.437    0.117   0.447   0.070

24.85   0.00    0.070    0.070   0.032   0.036   0.002   0.000   0.000   0.000   0.000   0.000   0.000 1549844000
24.85   3.51   34.394
24.85   6.00    0.208    0.239
24.85   6.00    0.447   38.245
24.85   6.00    0.437    0.117   0.447   0.071
24.85   6.00    0.437    0.117   0.447   0.070

24.86   0.00    0.070    0.070   0.032   0.036   0.002   0.000   0.000   0.000   0.000   0.000   0.000 1550468000
24.86   3.51   34.394
24.86   6.00    0.208    0.239
24.86   6.00    0.447   38.245
24.86   6.00    0.437    0.117   0.447   0.071
24.86   6.00    0.437    0.117   0.447   0.070

24.87   0.00    0.070    0.070   0.032   0.036   0.002   0.000   0.000   0.000   0.000   0.000   0.000 1551092000
24.87   3.51   34.395
24.87   6.00    0.208    0.239
24.87   6.00    0.447   38.245
24.87   6.00    0.437    0.117   0.447   0.071
24.87   6.00    0.437    0.117   0.447   0.070

24.88   0.00    0.070    0.070   0.032   0.036   0.002   0.000   0.000   0.000   0.000   0.000   0.000 1551715000
24.88   3.51   34.395
24.88   6.00    0.208    0.239
24.88   6.00    0.447   38.245
24.88   6.00    0.437    0.117   0.447   0.071
24.88   6.00    0.437    0.117   0.447   0.070

24.89   0.00    0.070    0.070   0.032   0.036   0.002   0.000   0.000   0.000   0.000   0.000   0.000 1552339000
24.89   3.51   34.395
24.89   6.00    0.208    0.239
24.89   6.00    0.447   38.246
24.89   6.00    0.437    0.117   0.447   0.071
24.89   6.00    0.437    0.117   0.447   0.070

24.90   0.00    0.070    0.070   0.032   0.036   0.002   0.000   0.000   0.000   0.000   0.000   0.000 1552963000
24.90   3.51   34.395
24.90   6.00    0.208    0.239
24.90   6.00    0.447   38.246
24.90   6.00    0.437    0.117   0.447   0.071
24.90   6.00    0.437    0.117   0.447   0.070

24.91   0.00    0.070    0.070   0.032   0.036   0.002   0.000   0.000   0.000   0.000   0.000   0.000 1553586000
24.91   3.51   34.395
24.91   6.00    0.208    0.239
24.91   6.00    0.447   38.246
24.91   6.00    0.437    0.117   0.447   0.071
24.91   6.00    0.437    0.117   0.447   0.070

24.92   0.00    0.070    0.070   0.032   0.036   0.002   0.000   0.000   0.000   0.000   0.000   0.000 1554210000
24.92   3.51   34.395
24.92   6.00    0.208    0.239
24.92   6.00    0.447   38.246
24.92   6.00    0.437    0.117   0.447   0.071
24.92   6.00    0.437    0.117   0.447   0.070

24.93   0.00    0.070    0.070   0.032   0.036   0.002   0.000   0.000   0.000   0.000   0.000   0.000 1554834000
24.93   3.51   34.395
24.93   6.00    0.208    0.239
24.93   6.00    0.447   38.246
24.93   6.00    0.437    0.117   0.447   0.071
24.93   6.00    0.437    0.117   0.447   0.070

24.94   0.00    0.070    0.070   0.032   0.036   0.002   0.000   0.000   0.000   0.000   0.000   0.000 1555457000
24.94   3.51   34.395
24.94   6.00    0.208    0.239
24.94   6.00    0.447   38.246
24.94   6.00    0.437    0.117   0.447   0.071
24.94   6.00    0.437    0.117   0.447   0.070

24.95   0.00    0.070    0.070   0.032   0.036   0.002   0.000   0.000   0.000   0.000   0.000   0.000 1556081000
24.95   3.51   34.395
24.95   6.00    0.208    0.239
24.95   6.00    0.447   38.247
24.95   6.00    0.437    0.117   0.447   0.071
24.95   6.00    0.437    0.117   0.447   0.070

24.96   0.00    0.070    0.070   0.032   0.036   0.002   0.000   0.000   0.000   0.000   0.000   0.000 1556705000
24.96   3.51   34.395
24.96   6.00    0.208    0.239
24.96   6.00    0.447   38.247
24.96   6.00    0.437    0.117   0.447   0.071
24.96   6.00    0.437    0.117   0.447   0.070

24.97   0.00    0.070    0.070   0.032   0.036   0.002   0.000   0.000   0.000   0.000   0.000   0.000 1557328000
24.97   3.51   34.395
24.97   6.00    0.208    0.239
24.97   6.00    0.447   38.247
24.97   6.00    0.437    0.117   0.447   0.071
24.97   6.00    0.437    0.117   0.447   0.070

24.98   0.00    0.070    0.070   0.032   0.036   0.002   0.000   0.000   0.000   0.000   0.000   0.000 1557952000
24.98   3.51   34.395
24.98   6.00    0.208    0.239
24.98   6.00    0.447   38.247
24.98   6.00    0.437    0.117   0.447   0.071
24.98   6.00    0.437    0.117   0.447   0.070

24.99   0.00    0.070    0.070   0.032   0.036   0.002   0.000   0.000   0.000   0.000   0.000   0.000 1558576000
24.99   3.51   34.395
24.99   6.00    0.208    0.239
24.99   6.00    0.447   38.247
24.99   6.00    0.437    0.117   0.447   0.071
24.99   6.00    0.437    0.117   0.447   0.070

25.00   0.00    0.070    0.070   0.032   0.036   0.002   0.000   0.000   0.000   0.000   0.000   0.000 1559199000
25.00   3.51   34.395
25.00   6.00    0.208    0.239
25.00   6.00    0.447   38.248
25.00   6.00    0.437    0.117   0.447   0.071
25.00   6.00    0.437    0.117   0.447   0.070
