
                -------->  BODY TRANSITIONING TO TURBULENT FLOW  <--------

 0.01   0.00    0.396    0.383   0.166   0.010   0.069  0.077   0.075   0.000   0.000     623680
 0.01  14.90   82.389
 0.01   1.00    0.233    0.007
 0.01   1.00    0.240   84.570
 0.01   1.00    0.233    0.400   0.240   0.396
 0.01   1.00    0.233    0.387   0.240   0.383

 0.02   0.00    0.404    0.391   0.224   0.013   0.060  0.054   0.053   0.000   0.000    1247360
 0.02  14.90   82.389
 0.02   1.00    0.233    0.007
 0.02   1.00    0.240   84.570
 0.02   1.00    0.233    0.408   0.240   0.404
 0.02   1.00    0.233    0.395   0.240   0.391

 0.03   0.00    0.395    0.382   0.235   0.014   0.058  0.044   0.043   0.000   0.000    1871039
 0.03  14.90   82.389
 0.03   1.00    0.233    0.007
 0.03   1.00    0.240   84.570
 0.03   1.00    0.233    0.399   0.240   0.395
 0.03   1.00    0.233    0.386   0.240   0.382

 0.04   0.00    0.385    0.372   0.238   0.014   0.058  0.038   0.037   0.000   0.000    2494719
 0.04  14.90   82.389
 0.04   1.00    0.233    0.007
 0.04   1.00    0.240   84.570
 0.04   1.00    0.233    0.389   0.240   0.385
 0.04   1.00    0.234    0.377   0.240   0.372

 0.05   0.00    0.377    0.364   0.237   0.014   0.058  0.034   0.034   0.000   0.000    3118399
 0.05  14.90   82.389
 0.05   1.00    0.233    0.007
 0.05   1.00    0.240   84.570
 0.05   1.00    0.234    0.381   0.240   0.377
 0.05   1.00    0.234    0.368   0.240   0.364

 0.06   0.00    0.374    0.361   0.235   0.014   0.058  0.034   0.033   0.000   0.000    3742079
 0.06  14.90   82.389
 0.06   1.00    0.233    0.007
 0.06   1.00    0.240   84.570
 0.06   1.00    0.234    0.378   0.240   0.374
 0.06   1.00    0.234    0.366   0.240   0.361

 0.07   0.00    0.372    0.359   0.233   0.014   0.058  0.034   0.033   0.000   0.000    4365758
 0.07  14.90   82.389
 0.07   1.00    0.233    0.007
 0.07   1.00    0.240   84.570
 0.07   1.00    0.234    0.377   0.240   0.372
 0.07   1.00    0.234    0.364   0.240   0.359

 0.08   0.00    0.370    0.357   0.231   0.013   0.059  0.034   0.033   0.000   0.000    4989438
 0.08  14.90   82.389
 0.08   1.00    0.233    0.007
 0.08   1.00    0.240   84.570
 0.08   1.00    0.234    0.375   0.240   0.370
 0.08   1.00    0.234    0.362   0.240   0.358

 0.09   0.00    0.368    0.355   0.229   0.013   0.059  0.034   0.033   0.000   0.000    5613118
 0.09  14.90   82.389
 0.09   1.00    0.233    0.007
 0.09   1.00    0.240   84.570
 0.09   1.00    0.234    0.373   0.240   0.368
 0.09   1.00    0.234    0.360   0.240   0.356

 0.10   0.00    0.367    0.355   0.228   0.013   0.059  0.034   0.033   0.000   0.000    6236798
 0.10  14.90   82.389
 0.10   1.00    0.233    0.007
 0.10   1.00    0.240   84.570
 0.10   1.00    0.234    0.372   0.240   0.368
 0.10   1.00    0.234    0.359   0.240   0.355

 0.11   0.00    0.367    0.355   0.228   0.013   0.059  0.034   0.033   0.000   0.000    6860478
 0.11  14.90   82.389
 0.11   1.00    0.233    0.007
 0.11   1.00    0.240   84.570
 0.11   1.00    0.234    0.372   0.240   0.368
 0.11   1.00    0.234    0.359   0.240   0.355

 0.12   0.00    0.367    0.354   0.228   0.013   0.059  0.034   0.033   0.000   0.000    7484158
 0.12  14.90   82.389
 0.12   1.00    0.233    0.007
 0.12   1.00    0.240   84.570
 0.12   1.00    0.234    0.372   0.240   0.367
 0.12   1.00    0.234    0.359   0.240   0.355

 0.13   0.00    0.367    0.354   0.228   0.013   0.059  0.034   0.033   0.000   0.000    8107837
 0.13  14.90   82.389
 0.13   1.00    0.233    0.007
 0.13   1.00    0.240   84.570
 0.13   1.00    0.234    0.372   0.240   0.367
 0.13   1.00    0.234    0.359   0.240   0.355

 0.14   0.00    0.367    0.354   0.228   0.013   0.059  0.034   0.033   0.000   0.000    8731517
 0.14  14.90   82.389
 0.14   1.00    0.233    0.007
 0.14   1.00    0.240   84.570
 0.14   1.00    0.234    0.372   0.240   0.367
 0.14   1.00    0.234    0.359   0.240   0.355

                -------->  FINS TRANSITIONING TO TURBULENT FLOW  <--------

 0.15   0.00    0.367    0.354   0.228   0.013   0.059  0.034   0.033   0.000   0.000    9355197
 0.15  14.90   82.389
 0.15   1.00    0.233    0.007
 0.15   1.00    0.240   84.570
 0.15   1.00    0.234    0.372   0.240   0.367
 0.15   1.00    0.234    0.359   0.240   0.354

 0.16   0.00    0.367    0.354   0.228   0.013   0.059  0.034   0.033   0.000   0.000    9978877
 0.16  14.90   82.389
 0.16   1.00    0.233    0.007
 0.16   1.00    0.240   84.570
 0.16   1.00    0.234    0.371   0.240   0.367
 0.16   1.00    0.234    0.359   0.240   0.354

 0.17   0.00    0.367    0.354   0.228   0.013   0.059  0.034   0.033   0.000   0.000   10602560
 0.17  14.90   82.389
 0.17   1.00    0.233    0.007
 0.17   1.00    0.240   84.570
 0.17   1.00    0.234    0.371   0.240   0.367
 0.17   1.00    0.234    0.359   0.240   0.354

 0.18   0.00    0.367    0.354   0.228   0.013   0.059  0.034   0.033   0.000   0.000   11226240
 0.18  14.90   82.389
 0.18   1.00    0.233    0.007
 0.18   1.00    0.240   84.570
 0.18   1.00    0.234    0.371   0.240   0.367
 0.18   1.00    0.234    0.359   0.240   0.354

 0.19   0.00    0.367    0.354   0.228   0.013   0.059  0.034   0.033   0.000   0.000   11849920
 0.19  14.90   82.389
 0.19   1.00    0.233    0.007
 0.19   1.00    0.240   84.570
 0.19   1.00    0.234    0.371   0.240   0.367
 0.19   1.00    0.234    0.358   0.240   0.354

 0.20   0.00    0.367    0.354   0.228   0.013   0.059  0.034   0.033   0.000   0.000   12473600
 0.20  14.90   82.389
 0.20   1.00    0.233    0.007
 0.20   1.00    0.240   84.570
 0.20   1.00    0.234    0.371   0.240   0.367
 0.20   1.00    0.234    0.358   0.240   0.354

 0.21   0.00    0.367    0.354   0.228   0.013   0.059  0.034   0.033   0.000   0.000   13097280
 0.21  14.90   82.389
 0.21   1.00    0.233    0.007
 0.21   1.00    0.240   84.570
 0.21   1.00    0.234    0.371   0.240   0.367
 0.21   1.00    0.234    0.358   0.240   0.354

 0.22   0.00    0.367    0.354   0.228   0.013   0.059  0.034   0.033   0.000   0.000   13720960
 0.22  14.90   82.389
 0.22   1.00    0.233    0.007
 0.22   1.00    0.240   84.570
 0.22   1.00    0.234    0.371   0.240   0.367
 0.22   1.00    0.234    0.358   0.240   0.354

 0.23   0.00    0.367    0.354   0.228   0.013   0.059  0.034   0.033   0.000   0.000   14344640
 0.23  14.90   82.389
 0.23   1.00    0.233    0.007
 0.23   1.00    0.240   84.570
 0.23   1.00    0.234    0.371   0.240   0.367
 0.23   1.00    0.234    0.358   0.240   0.354

 0.24   0.00    0.367    0.354   0.228   0.013   0.059  0.034   0.033   0.000   0.000   14968320
 0.24  14.90   82.389
 0.24   1.00    0.233    0.007
 0.24   1.00    0.240   84.570
 0.24   1.00    0.234    0.371   0.240   0.367
 0.24   1.00    0.234    0.358   0.240   0.354

 0.25   0.00    0.367    0.354   0.228   0.013   0.059  0.034   0.033   0.000   0.000   15592000
 0.25  14.90   82.389
 0.25   1.00    0.233    0.007
 0.25   1.00    0.240   84.570
 0.25   1.00    0.234    0.371   0.240   0.367
 0.25   1.00    0.234    0.358   0.240   0.354

 0.26   0.00    0.367    0.354   0.228   0.013   0.059  0.034   0.033   0.000   0.000   16215670
 0.26  14.90   82.389
 0.26   1.00    0.233    0.007
 0.26   1.00    0.240   84.570
 0.26   1.00    0.234    0.371   0.240   0.367
 0.26   1.00    0.234    0.358   0.240   0.354

 0.27   0.00    0.367    0.354   0.228   0.013   0.059  0.034   0.033   0.000   0.000   16839360
 0.27  14.90   82.389
 0.27   1.00    0.233    0.007
 0.27   1.00    0.240   84.570
 0.27   1.00    0.234    0.371   0.240   0.367
 0.27   1.00    0.234    0.358   0.240   0.354

 0.28   0.00    0.367    0.354   0.228   0.013   0.059  0.034   0.033   0.000   0.000   17463030
 0.28  14.90   82.389
 0.28   1.00    0.233    0.007
 0.28   1.00    0.240   84.570
 0.28   1.00    0.234    0.371   0.240   0.367
 0.28   1.00    0.234    0.359   0.240   0.354

 0.29   0.00    0.367    0.354   0.228   0.013   0.059  0.034   0.033   0.000   0.000   18086710
 0.29  14.90   82.389
 0.29   1.00    0.233    0.007
 0.29   1.00    0.240   84.570
 0.29   1.00    0.234    0.372   0.240   0.367
 0.29   1.00    0.234    0.359   0.240   0.355

 0.30   0.00    0.367    0.355   0.228   0.013   0.059  0.034   0.033   0.000   0.000   18710390
 0.30  14.90   82.389
 0.30   1.00    0.233    0.007
 0.30   1.00    0.240   84.570
 0.30   1.00    0.234    0.372   0.240   0.368
 0.30   1.00    0.234    0.359   0.240   0.355

 0.31   0.00    0.368    0.355   0.227   0.013   0.059  0.034   0.033   0.000   0.000   19334070
 0.31  14.90   82.389
 0.31   1.00    0.233    0.007
 0.31   1.00    0.240   84.570
 0.31   1.00    0.234    0.372   0.240   0.368
 0.31   1.00    0.234    0.359   0.240   0.355

 0.32   0.00    0.368    0.355   0.227   0.013   0.059  0.034   0.034   0.000   0.000   19957750
 0.32  14.90   82.389
 0.32   1.00    0.233    0.007
 0.32   1.00    0.240   84.570
 0.32   1.00    0.234    0.372   0.240   0.368
 0.32   1.00    0.234    0.359   0.240   0.355

 0.33   0.00    0.368    0.355   0.227   0.013   0.059  0.034   0.034   0.000   0.000   20581430
 0.33  14.90   82.389
 0.33   1.00    0.233    0.007
 0.33   1.00    0.240   84.570
 0.33   1.00    0.234    0.372   0.240   0.368
 0.33   1.00    0.234    0.359   0.240   0.355

 0.34   0.00    0.368    0.355   0.227   0.013   0.059  0.034   0.034   0.000   0.000   21205110
 0.34  14.90   82.389
 0.34   1.00    0.233    0.007
 0.34   1.00    0.240   84.570
 0.34   1.00    0.234    0.372   0.240   0.368
 0.34   1.00    0.234    0.359   0.240   0.355

 0.35   0.00    0.368    0.355   0.227   0.013   0.059  0.035   0.034   0.000   0.000   21828790
 0.35  14.90   82.389
 0.35   1.00    0.233    0.007
 0.35   1.00    0.240   84.570
 0.35   1.00    0.234    0.372   0.240   0.368
 0.35   1.00    0.234    0.359   0.240   0.355

 0.36   0.00    0.368    0.355   0.227   0.013   0.059  0.035   0.034   0.000   0.000   22452470
 0.36  14.90   82.389
 0.36   1.00    0.233    0.007
 0.36   1.00    0.240   84.570
 0.36   1.00    0.234    0.372   0.240   0.368
 0.36   1.00    0.234    0.359   0.240   0.355

 0.37   0.00    0.368    0.355   0.227   0.013   0.059  0.035   0.034   0.000   0.000   23076150
 0.37  14.90   82.389
 0.37   1.00    0.233    0.007
 0.37   1.00    0.240   84.570
 0.37   1.00    0.234    0.372   0.240   0.368
 0.37   1.00    0.234    0.360   0.240   0.355

 0.38   0.00    0.368    0.355   0.227   0.013   0.059  0.035   0.034   0.000   0.000   23699830
 0.38  14.90   82.389
 0.38   1.00    0.233    0.007
 0.38   1.00    0.240   84.570
 0.38   1.00    0.234    0.373   0.240   0.368
 0.38   1.00    0.234    0.360   0.240   0.356

 0.39   0.00    0.368    0.356   0.227   0.013   0.059  0.035   0.034   0.000   0.000   24323510
 0.39  14.90   82.389
 0.39   1.00    0.233    0.007
 0.39   1.00    0.240   84.570
 0.39   1.00    0.234    0.373   0.240   0.369
 0.39   1.00    0.234    0.360   0.240   0.356

 0.40   0.00    0.369    0.356   0.227   0.013   0.059  0.035   0.034   0.000   0.000   24947190
 0.40  14.90   82.389
 0.40   1.00    0.233    0.007
 0.40   1.00    0.240   84.570
 0.40   1.00    0.234    0.373   0.240   0.369
 0.40   1.00    0.234    0.360   0.240   0.356

 0.41   0.00    0.369    0.356   0.227   0.013   0.059  0.035   0.034   0.000   0.000   25570870
 0.41  14.90   82.389
 0.41   1.00    0.233    0.007
 0.41   1.00    0.240   84.570
 0.41   1.00    0.234    0.373   0.240   0.369
 0.41   1.00    0.234    0.360   0.240   0.356

 0.42   0.00    0.369    0.356   0.227   0.013   0.059  0.035   0.034   0.000   0.000   26194550
 0.42  14.90   82.389
 0.42   1.00    0.233    0.007
 0.42   1.00    0.240   84.570
 0.42   1.00    0.234    0.373   0.240   0.369
 0.42   1.00    0.234    0.360   0.240   0.356

 0.43   0.00    0.369    0.356   0.227   0.013   0.059  0.035   0.034   0.000   0.000   26818230
 0.43  14.90   82.389
 0.43   1.00    0.233    0.007
 0.43   1.00    0.240   84.570
 0.43   1.00    0.234    0.373   0.240   0.369
 0.43   1.00    0.234    0.360   0.240   0.356

 0.44   0.00    0.369    0.356   0.227   0.013   0.059  0.035   0.034   0.000   0.000   27441910
 0.44  14.90   82.389
 0.44   1.00    0.233    0.007
 0.44   1.00    0.240   84.570
 0.44   1.00    0.234    0.373   0.240   0.369
 0.44   1.00    0.234    0.360   0.240   0.356

 0.45   0.00    0.369    0.356   0.227   0.013   0.059  0.035   0.035   0.000   0.000   28065590
 0.45  14.90   82.389
 0.45   1.00    0.233    0.007
 0.45   1.00    0.240   84.570
 0.45   1.00    0.234    0.373   0.240   0.369
 0.45   1.00    0.234    0.360   0.240   0.356

 0.46   0.00    0.369    0.356   0.227   0.013   0.059  0.035   0.035   0.000   0.000   28689270
 0.46  14.90   82.389
 0.46   1.00    0.233    0.007
 0.46   1.00    0.240   84.570
 0.46   1.00    0.234    0.373   0.240   0.369
 0.46   1.00    0.234    0.361   0.240   0.356

 0.47   0.00    0.369    0.356   0.227   0.013   0.059  0.035   0.035   0.000   0.000   29312950
 0.47  14.90   82.389
 0.47   1.00    0.233    0.007
 0.47   1.00    0.240   84.570
 0.47   1.00    0.234    0.374   0.240   0.369
 0.47   1.00    0.234    0.361   0.240   0.357

 0.48   0.00    0.369    0.357   0.227   0.013   0.059  0.036   0.035   0.000   0.000   29936630
 0.48  14.90   82.389
 0.48   1.00    0.233    0.007
 0.48   1.00    0.240   84.570
 0.48   1.00    0.234    0.374   0.240   0.370
 0.48   1.00    0.234    0.361   0.240   0.357

 0.49   0.00    0.370    0.357   0.227   0.013   0.059  0.036   0.035   0.000   0.000   30560310
 0.49  14.90   82.389
 0.49   1.00    0.233    0.007
 0.49   1.00    0.240   84.570
 0.49   1.00    0.234    0.374   0.240   0.370
 0.49   1.00    0.234    0.361   0.240   0.357

 0.50   0.00    0.370    0.357   0.227   0.013   0.059  0.036   0.035   0.000   0.000   31183990
 0.50  14.90   82.389
 0.50   1.00    0.233    0.007
 0.50   1.00    0.240   84.570
 0.50   1.00    0.234    0.374   0.240   0.370
 0.50   1.00    0.234    0.361   0.240   0.357

 0.51   0.00    0.370    0.357   0.227   0.013   0.059  0.036   0.035   0.000   0.000   31807670
 0.51  14.90   82.389
 0.51   1.00    0.233    0.007
 0.51   1.00    0.240   84.570
 0.51   1.00    0.234    0.374   0.240   0.370
 0.51   1.00    0.234    0.361   0.240   0.357

 0.52   0.00    0.370    0.357   0.227   0.013   0.059  0.036   0.035   0.000   0.000   32431350
 0.52  14.90   82.389
 0.52   1.00    0.233    0.007
 0.52   1.00    0.240   84.570
 0.52   1.00    0.234    0.374   0.240   0.370
 0.52   1.00    0.234    0.361   0.240   0.357

 0.53   0.00    0.370    0.357   0.227   0.013   0.059  0.036   0.035   0.000   0.000   33055030
 0.53  14.90   82.389
 0.53   1.00    0.233    0.007
 0.53   1.00    0.240   84.570
 0.53   1.00    0.234    0.374   0.240   0.370
 0.53   1.00    0.234    0.361   0.240   0.357

 0.54   0.00    0.370    0.357   0.227   0.013   0.059  0.036   0.035   0.000   0.000   33678710
 0.54  14.90   82.389
 0.54   1.00    0.233    0.007
 0.54   1.00    0.240   84.570
 0.54   1.00    0.234    0.374   0.240   0.370
 0.54   1.00    0.234    0.362   0.240   0.357

 0.55   0.00    0.370    0.357   0.227   0.013   0.059  0.036   0.035   0.000   0.000   34302390
 0.55  14.90   82.389
 0.55   1.00    0.233    0.007
 0.55   1.00    0.240   84.570
 0.55   1.00    0.234    0.375   0.240   0.370
 0.55   1.00    0.234    0.362   0.240   0.357

 0.56   0.00    0.370    0.357   0.227   0.013   0.059  0.036   0.035   0.000   0.000   34926070
 0.56  14.90   82.389
 0.56   1.00    0.233    0.007
 0.56   1.00    0.240   84.570
 0.56   1.00    0.234    0.375   0.240   0.370
 0.56   1.00    0.234    0.362   0.240   0.358

 0.57   0.00    0.370    0.358   0.226   0.013   0.059  0.036   0.035   0.000   0.000   35549750
 0.57  14.90   82.389
 0.57   1.00    0.233    0.007
 0.57   1.00    0.240   84.570
 0.57   1.00    0.234    0.375   0.240   0.371
 0.57   1.00    0.234    0.362   0.240   0.358

 0.58   0.00    0.371    0.358   0.226   0.013   0.059  0.036   0.035   0.000   0.000   36173430
 0.58  14.90   82.389
 0.58   1.00    0.233    0.007
 0.58   1.00    0.240   84.570
 0.58   1.00    0.234    0.375   0.240   0.371
 0.58   1.00    0.234    0.362   0.240   0.358

 0.59   0.00    0.371    0.358   0.226   0.013   0.059  0.036   0.036   0.000   0.000   36797110
 0.59  14.90   82.389
 0.59   1.00    0.233    0.007
 0.59   1.00    0.240   84.570
 0.59   1.00    0.234    0.375   0.240   0.371
 0.59   1.00    0.234    0.362   0.240   0.358

 0.60   0.00    0.371    0.357   0.226   0.013   0.059  0.036   0.036   0.000   0.000   37420790
 0.60  14.90   82.389
 0.60   1.00    0.233    0.007
 0.60   1.00    0.240   84.570
 0.60   1.00    0.234    0.375   0.240   0.371
 0.60   1.00    0.234    0.362   0.240   0.358

 0.61   0.00    0.371    0.358   0.226   0.013   0.059  0.037   0.036   0.000   0.000   38044470
 0.61  14.90   82.389
 0.61   1.00    0.233    0.007
 0.61   1.00    0.240   84.570
 0.61   1.00    0.234    0.375   0.240   0.371
 0.61   1.00    0.234    0.362   0.240   0.358

 0.62   0.00    0.372    0.358   0.226   0.013   0.059  0.037   0.036   0.000   0.000   38668150
 0.62  14.90   82.389
 0.62   1.00    0.233    0.007
 0.62   1.00    0.240   84.570
 0.62   1.00    0.234    0.376   0.240   0.372
 0.62   1.00    0.234    0.362   0.240   0.358

 0.63   0.00    0.372    0.358   0.226   0.013   0.059  0.037   0.036   0.000   0.000   39291830
 0.63  14.90   82.389
 0.63   1.00    0.233    0.007
 0.63   1.00    0.240   84.570
 0.63   1.00    0.234    0.376   0.240   0.372
 0.63   1.00    0.234    0.362   0.240   0.358

 0.64   0.00    0.372    0.358   0.226   0.013   0.059  0.037   0.036   0.000   0.000   39915510
 0.64  14.90   82.389
 0.64   1.00    0.233    0.007
 0.64   1.00    0.240   84.570
 0.64   1.00    0.234    0.377   0.240   0.372
 0.64   1.00    0.234    0.362   0.240   0.358

 0.65   0.00    0.373    0.358   0.226   0.013   0.059  0.037   0.037   0.000   0.000   40539180
 0.65  14.90   82.389
 0.65   1.00    0.233    0.007
 0.65   1.00    0.240   84.570
 0.65   1.00    0.234    0.377   0.240   0.373
 0.65   1.00    0.234    0.362   0.240   0.358

 0.66   0.00    0.373    0.358   0.226   0.013   0.059  0.038   0.037   0.000   0.000   41162870
 0.66  14.90   82.389
 0.66   1.00    0.233    0.007
 0.66   1.00    0.240   84.570
 0.66   1.00    0.234    0.377   0.240   0.373
 0.66   1.00    0.234    0.362   0.240   0.358

 0.67   0.00    0.373    0.358   0.226   0.013   0.059  0.038   0.037   0.000   0.000   41786550
 0.67  14.90   82.389
 0.67   1.00    0.233    0.007
 0.67   1.00    0.240   84.570
 0.67   1.00    0.234    0.378   0.240   0.374
 0.67   1.00    0.234    0.362   0.240   0.358

 0.68   0.00    0.374    0.358   0.226   0.013   0.059  0.038   0.037   0.000   0.000   42410230
 0.68  14.90   82.389
 0.68   1.00    0.233    0.007
 0.68   1.00    0.240   84.570
 0.68   1.00    0.234    0.378   0.240   0.374
 0.68   1.00    0.234    0.363   0.240   0.358

 0.69   0.00    0.374    0.358   0.226   0.013   0.059  0.038   0.037   0.000   0.000   43033900
 0.69  14.90   82.389
 0.69   1.00    0.233    0.007
 0.69   1.00    0.240   84.570
 0.69   1.00    0.234    0.378   0.240   0.374
 0.69   1.00    0.234    0.363   0.240   0.359

 0.70   0.00    0.375    0.359   0.226   0.013   0.059  0.038   0.038   0.000   0.000   43657580
 0.70  14.90   82.389
 0.70   1.00    0.233    0.007
 0.70   1.00    0.240   84.570
 0.70   1.00    0.234    0.379   0.240   0.375
 0.70   1.00    0.234    0.363   0.240   0.359

 0.71   0.00    0.375    0.359   0.226   0.013   0.059  0.039   0.038   0.000   0.000   44281260
 0.71  14.90   82.389
 0.71   1.00    0.233    0.007
 0.71   1.00    0.240   84.570
 0.71   1.00    0.234    0.379   0.240   0.375
 0.71   1.00    0.234    0.363   0.240   0.359

 0.72   0.00    0.375    0.359   0.226   0.013   0.059  0.039   0.038   0.000   0.000   44904950
 0.72  14.90   82.389
 0.72   1.00    0.233    0.007
 0.72   1.00    0.240   84.570
 0.72   1.00    0.234    0.380   0.240   0.375
 0.72   1.00    0.234    0.363   0.240   0.359

 0.73   0.00    0.376    0.359   0.226   0.013   0.059  0.039   0.038   0.000   0.000   45528630
 0.73  14.90   82.389
 0.73   1.00    0.233    0.007
 0.73   1.00    0.240   84.570
 0.73   1.00    0.234    0.380   0.240   0.376
 0.73   1.00    0.234    0.363   0.240   0.359

 0.74   0.00    0.376    0.359   0.226   0.013   0.059  0.039   0.038   0.000   0.000   46152300
 0.74  14.90   82.389
 0.74   1.00    0.233    0.007
 0.74   1.00    0.240   84.570
 0.74   1.00    0.234    0.380   0.240   0.376
 0.74   1.00    0.234    0.363   0.240   0.359

 0.75   0.00    0.376    0.359   0.226   0.013   0.059  0.040   0.039   0.000   0.000   46775980
 0.75  14.90   82.389
 0.75   1.00    0.233    0.007
 0.75   1.00    0.240   84.570
 0.75   1.00    0.234    0.381   0.240   0.377
 0.75   1.00    0.234    0.363   0.240   0.359

 0.76   0.00    0.377    0.359   0.226   0.013   0.059  0.040   0.039   0.000   0.000   47399660
 0.76  14.90   82.389
 0.76   1.00    0.233    0.007
 0.76   1.00    0.240   84.570
 0.76   1.00    0.234    0.381   0.240   0.377
 0.76   1.00    0.234    0.363   0.240   0.359

 0.77   0.00    0.377    0.359   0.226   0.013   0.059  0.040   0.039   0.000   0.000   48023340
 0.77  14.90   82.389
 0.77   1.00    0.233    0.007
 0.77   1.00    0.240   84.570
 0.77   1.00    0.234    0.381   0.240   0.377
 0.77   1.00    0.234    0.364   0.240   0.359

 0.78   0.00    0.378    0.359   0.226   0.013   0.059  0.040   0.039   0.000   0.000   48647020
 0.78  14.90   82.389
 0.78   1.00    0.233    0.007
 0.78   1.00    0.240   84.570
 0.78   1.00    0.234    0.382   0.240   0.378
 0.78   1.00    0.234    0.364   0.240   0.359

 0.79   0.00    0.378    0.359   0.226   0.013   0.059  0.040   0.039   0.000   0.000   49270700
 0.79  14.90   82.389
 0.79   1.00    0.233    0.007
 0.79   1.00    0.240   84.570
 0.79   1.00    0.234    0.382   0.240   0.378
 0.79   1.00    0.234    0.364   0.240   0.360

 0.80   0.00    0.378    0.360   0.226   0.013   0.059  0.041   0.040   0.000   0.000   49894380
 0.80  14.90   82.389
 0.80   1.00    0.233    0.007
 0.80   1.00    0.240   84.570
 0.80   1.00    0.234    0.383   0.240   0.378
 0.80   1.00    0.234    0.364   0.240   0.360

 0.81   0.00    0.379    0.360   0.226   0.013   0.059  0.041   0.040   0.000   0.000   50518060
 0.81  14.90   82.389
 0.81   1.00    0.233    0.007
 0.81   1.00    0.240   84.570
 0.81   1.00    0.233    0.383   0.240   0.379
 0.81   1.00    0.234    0.364   0.240   0.360

 0.82   0.00    0.379    0.360   0.226   0.013   0.059  0.041   0.040   0.000   0.000   51141740
 0.82  14.90   82.389
 0.82   1.00    0.233    0.007
 0.82   1.00    0.240   84.570
 0.82   1.00    0.233    0.383   0.240   0.379
 0.82   1.00    0.234    0.364   0.240   0.360

 0.83   0.00    0.379    0.360   0.226   0.013   0.059  0.041   0.040   0.000   0.000   51765420
 0.83  14.90   82.389
 0.83   1.00    0.233    0.007
 0.83   1.00    0.240   84.570
 0.83   1.00    0.233    0.384   0.240   0.379
 0.83   1.00    0.234    0.364   0.240   0.360

 0.84   0.00    0.380    0.360   0.225   0.013   0.059  0.041   0.040   0.000   0.000   52389100
 0.84  14.90   82.389
 0.84   1.00    0.233    0.007
 0.84   1.00    0.240   84.570
 0.84   1.00    0.233    0.384   0.240   0.380
 0.84   1.00    0.234    0.364   0.240   0.360

 0.85   0.00    0.380    0.360   0.225   0.013   0.059  0.042   0.041   0.000   0.000   53012780
 0.85  14.90   82.389
 0.85   1.00    0.233    0.007
 0.85   1.00    0.240   84.570
 0.85   1.00    0.233    0.384   0.240   0.380
 0.85   1.00    0.234    0.364   0.240   0.360

 0.86   0.00    0.380    0.360   0.225   0.013   0.059  0.042   0.041   0.000   0.000   53636460
 0.86  14.90   82.389
 0.86   1.00    0.233    0.007
 0.86   1.00    0.240   84.570
 0.86   1.00    0.233    0.385   0.240   0.381
 0.86   1.00    0.234    0.365   0.240   0.360

 0.87   0.00    0.381    0.360   0.225   0.013   0.059  0.042   0.041   0.000   0.000   54260140
 0.87  14.90   82.389
 0.87   1.00    0.233    0.007
 0.87   1.00    0.240   84.570
 0.87   1.00    0.233    0.385   0.240   0.381
 0.87   1.00    0.234    0.365   0.240   0.360

 0.88   0.00    0.381    0.360   0.225   0.013   0.059  0.042   0.041   0.000   0.000   54883820
 0.88  14.90   82.389
 0.88   1.00    0.233    0.007
 0.88   1.00    0.240   84.570
 0.88   1.00    0.233    0.385   0.240   0.381
 0.88   1.00    0.234    0.365   0.240   0.361

 0.89   0.00    0.382    0.361   0.225   0.013   0.059  0.042   0.041   0.000   0.000   55507500
 0.89  14.90   82.389
 0.89   1.00    0.233    0.007
 0.89   1.00    0.240   84.570
 0.89   1.00    0.233    0.386   0.240   0.382
 0.89   1.00    0.234    0.365   0.240   0.361

 0.90   0.00    0.382    0.361   0.225   0.013   0.059  0.043   0.042   0.000   0.000   56131180
 0.90  14.90   82.389
 0.90   1.00    0.233    0.007
 0.90   1.00    0.240   84.570
 0.90   1.00    0.233    0.386   0.240   0.382
 0.90   1.00    0.234    0.365   0.240   0.361

 0.91   0.00    0.385    0.363   56754860
 0.91  14.72   82.325
 0.91   1.00    0.230    0.007
 0.91   1.00    0.237   84.536
 0.91   1.00    0.230    0.389   0.237   0.385
 0.91   1.00    0.231    0.367   0.237   0.363

 0.92   0.00    0.392    0.371   57378540
 0.92  14.53   82.261
 0.92   1.00    0.227    0.007
 0.92   1.00    0.234   84.503
 0.92   1.00    0.227    0.397   0.234   0.392
 0.92   1.00    0.227    0.375   0.234   0.371

 0.93   0.00    0.405    0.382   58002220
 0.93  14.35   82.197
 0.93   1.00    0.224    0.007
 0.93   1.00    0.230   84.469
 0.93   1.00    0.223    0.409   0.230   0.405
 0.93   1.00    0.224    0.386   0.230   0.382

 0.94   0.00    0.417    0.393   58625900
 0.94  14.16   82.133
 0.94   1.00    0.221    0.007
 0.94   1.00    0.227   84.435
 0.94   1.00    0.220    0.421   0.227   0.417
 0.94   1.00    0.220    0.397   0.227   0.393

 0.95   0.00    0.430    0.405   59249580
 0.95  13.98   82.069
 0.95   1.00    0.217    0.007
 0.95   1.00    0.224   84.401
 0.95   1.00    0.216    0.434   0.224   0.430
 0.95   1.00    0.217    0.409   0.224   0.405

 0.96   0.00    0.443    0.417   59873260
 0.96  13.79   82.005
 0.96   1.00    0.214    0.007
 0.96   1.00    0.221   84.367
 0.96   1.00    0.213    0.447   0.221   0.443
 0.96   1.00    0.213    0.420   0.221   0.417

 0.97   0.00    0.456    0.428   60496940
 0.97  13.60   81.941
 0.97   1.00    0.211    0.007
 0.97   1.00    0.218   84.333
 0.97   1.00    0.210    0.459   0.218   0.456
 0.97   1.00    0.210    0.432   0.218   0.428

 0.98   0.00    0.468    0.440   61120620
 0.98  13.42   81.877
 0.98   1.00    0.208    0.007
 0.98   1.00    0.214   84.300
 0.98   1.00    0.206    0.472   0.214   0.469
 0.98   1.00    0.207    0.443   0.214   0.440

 0.99   0.00    0.481    0.451   61744300
 0.99  13.23   81.813
 0.99   1.00    0.204    0.007
 0.99   1.00    0.211   84.266
 0.99   1.00    0.203    0.485   0.211   0.481
 0.99   1.00    0.203    0.455   0.211   0.451

 1.00   0.00    0.494    0.463   62367980
 1.00  13.05   81.749
 1.00   1.00    0.201    0.007
 1.00   1.00    0.208   84.232
 1.00   1.00    0.199    0.498   0.208   0.494
 1.00   1.00    0.200    0.466   0.208   0.463

 1.01   0.00    0.507    0.474   62991660
 1.01  12.86   81.685
 1.01   1.00    0.198    0.007
 1.01   1.00    0.205   84.198
 1.01   1.00    0.196    0.510   0.205   0.507
 1.01   1.00    0.196    0.478   0.205   0.474

 1.02   0.00    0.519    0.486   63615340
 1.02  12.68   81.621
 1.02   1.00    0.195    0.007
 1.02   1.00    0.201   84.164
 1.02   1.00    0.192    0.523   0.201   0.520
 1.02   1.00    0.193    0.489   0.201   0.486

 1.03   0.00    0.532    0.497   64239020
 1.03  12.49   81.557
 1.03   1.00    0.191    0.007
 1.03   1.00    0.198   84.130
 1.03   1.00    0.189    0.536   0.198   0.532
 1.03   1.00    0.189    0.501   0.198   0.498

 1.04   0.00    0.545    0.509   64862700
 1.04  12.31   81.493
 1.04   1.00    0.188    0.007
 1.04   1.00    0.195   84.097
 1.04   1.00    0.185    0.548   0.195   0.545
 1.04   1.00    0.186    0.513   0.195   0.509

 1.05   0.00    0.558    0.521   0.221   0.053   0.210   0.037   0.000   0.036   0.000   0.000   0.000  65486380
 1.05  12.12   81.429
 1.05   1.00    0.185    0.007
 1.05   1.00    0.192   84.063
 1.05   1.00    0.182    0.561   0.192   0.558
 1.05   1.00    0.183    0.524   0.192   0.521

 1.06   0.00    0.557    0.520   0.220   0.053   0.210   0.037   0.000   0.036   0.000   0.000   0.000  66110060
 1.06  12.13   81.377
 1.06   1.00    0.185    0.007
 1.06   1.00    0.192   84.003
 1.06   1.00    0.182    0.560   0.192   0.557
 1.06   1.00    0.183    0.523   0.192   0.520

 1.07   0.00    0.556    0.519   0.219   0.053   0.210   0.037   0.000   0.036   0.000   0.000   0.000  66733740
 1.07  12.14   81.329
 1.07   1.00    0.185    0.007
 1.07   1.00    0.192   83.948
 1.07   1.00    0.182    0.559   0.192   0.556
 1.07   1.00    0.183    0.522   0.192   0.519

 1.08   0.00    0.554    0.518   0.218   0.053   0.210   0.037   0.000   0.036   0.000   0.000   0.000  67357420
 1.08  12.15   81.285
 1.08   1.00    0.185    0.007
 1.08   1.00    0.192   83.897
 1.08   1.00    0.182    0.558   0.192   0.555
 1.08   1.00    0.183    0.521   0.192   0.518

 1.09   0.00    0.553    0.517   0.218   0.053   0.210   0.037   0.000   0.036   0.000   0.000   0.000  67981100
 1.09  12.16   81.244
 1.09   1.00    0.186    0.007
 1.09   1.00    0.192   83.850
 1.09   1.00    0.183    0.557   0.192   0.554
 1.09   1.00    0.183    0.520   0.192   0.517

 1.10   0.00    0.552    0.516   0.217   0.053   0.210   0.037   0.000   0.036   0.000   0.000   0.000  68604780
 1.10  12.17   81.206
 1.10   1.00    0.186    0.007
 1.10   1.00    0.192   83.806
 1.10   1.00    0.183    0.556   0.192   0.552
 1.10   1.00    0.183    0.519   0.192   0.516

 1.11   0.00    0.551    0.515   0.216   0.053   0.210   0.037   0.000   0.036   0.000   0.000   0.000  69228460
 1.11  12.17   81.162
 1.11   1.00    0.186    0.007
 1.11   1.00    0.192   83.757
 1.11   1.00    0.183    0.555   0.192   0.551
 1.11   1.00    0.183    0.518   0.192   0.515

 1.12   0.00    0.550    0.514   0.215   0.053   0.210   0.036   0.000   0.036   0.000   0.000   0.000  69852140
 1.12  12.17   81.109
 1.12   1.00    0.186    0.007
 1.12   1.00    0.192   83.700
 1.12   1.00    0.183    0.554   0.192   0.550
 1.12   1.00    0.183    0.518   0.192   0.514

 1.13   0.00    0.549    0.513   0.214   0.053   0.210   0.036   0.000   0.036   0.000   0.000   0.000  70475820
 1.13  12.16   81.059
 1.13   1.00    0.186    0.007
 1.13   1.00    0.192   83.645
 1.13   1.00    0.183    0.553   0.192   0.549
 1.13   1.00    0.183    0.517   0.192   0.513

 1.14   0.00    0.548    0.512   0.214   0.053   0.210   0.036   0.000   0.035   0.000   0.000   0.000  71099500
 1.14  12.16   81.011
 1.14   1.00    0.186    0.007
 1.14   1.00    0.192   83.593
 1.14   1.00    0.183    0.551   0.192   0.548
 1.14   1.00    0.183    0.516   0.192   0.512

 1.15   0.00    0.547    0.511   0.213   0.052   0.210   0.036   0.000   0.035   0.000   0.000   0.000  71723180
 1.15  12.16   80.964
 1.15   1.00    0.186    0.007
 1.15   1.00    0.192   83.542
 1.15   1.00    0.183    0.550   0.192   0.547
 1.15   1.00    0.183    0.515   0.192   0.512

 1.16   0.00    0.545    0.510   0.212   0.052   0.209   0.036   0.000   0.035   0.000   0.000   0.000  72346860
 1.16  12.15   80.919
 1.16   1.00    0.186    0.007
 1.16   1.00    0.192   83.493
 1.16   1.00    0.183    0.548   0.192   0.545
 1.16   1.00    0.183    0.513   0.192   0.510

 1.17   0.00    0.543    0.508   0.211   0.052   0.208   0.036   0.000   0.035   0.000   0.000   0.000  72970540
 1.17  12.15   80.876
 1.17   1.00    0.185    0.007
 1.17   1.00    0.192   83.446
 1.17   1.00    0.183    0.546   0.192   0.543
 1.17   1.00    0.183    0.511   0.192   0.508

 1.18   0.00    0.541    0.506   0.211   0.052   0.207   0.036   0.000   0.035   0.000   0.000   0.000  73594220
 1.18  12.15   80.833
 1.18   1.00    0.185    0.007
 1.18   1.00    0.192   83.400
 1.18   1.00    0.183    0.544   0.192   0.541
 1.18   1.00    0.183    0.509   0.192   0.506

 1.19   0.00    0.539    0.504   0.210   0.052   0.206   0.036   0.000   0.035   0.000   0.000   0.000  74217900
 1.19  12.14   80.792
 1.19   1.00    0.185    0.007
 1.19   1.00    0.192   83.355
 1.19   1.00    0.183    0.543   0.192   0.539
 1.19   1.00    0.183    0.508   0.192   0.504

 1.20   0.00    0.537    0.502   0.209   0.052   0.205   0.036   0.000   0.035   0.000   0.000   0.000  74841580
 1.20  12.14   80.752
 1.20   1.00    0.185    0.007
 1.20   1.00    0.192   83.312
 1.20   1.00    0.183    0.541   0.192   0.537
 1.20   1.00    0.183    0.506   0.192   0.502

 1.21   0.00    0.535    0.500   0.208   0.052   0.205   0.036   0.000   0.035   0.000   0.000   0.000  75465260
 1.21  12.14   80.713
 1.21   1.00    0.185    0.007
 1.21   1.00    0.192   83.269
 1.21   1.00    0.183    0.539   0.192   0.535
 1.21   1.00    0.183    0.504   0.192   0.501

 1.22   0.00    0.533    0.498   0.208   0.052   0.204   0.035   0.000   0.035   0.000   0.000   0.000  76088940
 1.22  12.13   80.675
 1.22   1.00    0.185    0.007
 1.22   1.00    0.192   83.228
 1.22   1.00    0.182    0.537   0.192   0.533
 1.22   1.00    0.183    0.502   0.192   0.499

 1.23   0.00    0.531    0.496   0.207   0.052   0.203   0.035   0.000   0.035   0.000   0.000   0.000  76712620
 1.23  12.13   80.637
 1.23   1.00    0.185    0.007
 1.23   1.00    0.192   83.187
 1.23   1.00    0.182    0.535   0.192   0.531
 1.23   1.00    0.183    0.500   0.192   0.497

 1.24   0.00    0.529    0.495   0.206   0.052   0.202   0.035   0.000   0.035   0.000   0.000   0.000  77336300
 1.24  12.12   80.599
 1.24   1.00    0.185    0.007
 1.24   1.00    0.192   83.146
 1.24   1.00    0.182    0.533   0.192   0.530
 1.24   1.00    0.183    0.498   0.192   0.495

 1.25   0.00    0.527    0.493   0.205   0.052   0.201   0.035   0.000   0.034   0.000   0.000   0.000  77959980
 1.25  12.12   80.561
 1.25   1.00    0.185    0.007
 1.25   1.00    0.192   83.105
 1.25   1.00    0.182    0.531   0.192   0.528
 1.25   1.00    0.183    0.496   0.192   0.493

 1.26   0.00    0.526    0.491   0.205   0.052   0.200   0.035   0.000   0.034   0.000   0.000   0.000  78583660
 1.26  12.12   80.524
 1.26   1.00    0.185    0.007
 1.26   1.00    0.192   83.066
 1.26   1.00    0.182    0.529   0.192   0.526
 1.26   1.00    0.183    0.494   0.192   0.491

 1.27   0.00    0.524    0.489   0.204   0.051   0.199   0.035   0.000   0.034   0.000   0.000   0.000  79207340
 1.27  12.11   80.488
 1.27   1.00    0.185    0.007
 1.27   1.00    0.191   83.027
 1.27   1.00    0.182    0.527   0.191   0.524
 1.27   1.00    0.183    0.492   0.191   0.489

 1.28   0.00    0.522    0.487   0.203   0.051   0.198   0.035   0.000   0.034   0.000   0.000   0.000  79831020
 1.28  12.11   80.453
 1.28   1.00    0.185    0.007
 1.28   1.00    0.191   82.988
 1.28   1.00    0.182    0.525   0.191   0.522
 1.28   1.00    0.183    0.490   0.191   0.487

 1.29   0.00    0.520    0.485   0.202   0.051   0.197   0.035   0.000   0.034   0.000   0.000   0.000  80454690
 1.29  12.10   80.418
 1.29   1.00    0.185    0.007
 1.29   1.00    0.191   82.951
 1.29   1.00    0.182    0.523   0.191   0.520
 1.29   1.00    0.183    0.488   0.191   0.485

 1.30   0.00    0.518    0.483   0.202   0.051   0.197   0.035   0.000   0.034   0.000   0.000   0.000  81078370
 1.30  12.10   80.383
 1.30   1.00    0.185    0.007
 1.30   1.00    0.191   82.914
 1.30   1.00    0.182    0.521   0.191   0.518
 1.30   1.00    0.183    0.487   0.191   0.483

 1.31   0.00    0.516    0.481   0.201   0.051   0.196   0.035   0.000   0.034   0.000   0.000   0.000  81702050
 1.31  12.10   80.350
 1.31   1.00    0.185    0.007
 1.31   1.00    0.191   82.878
 1.31   1.00    0.182    0.519   0.191   0.516
 1.31   1.00    0.183    0.485   0.191   0.481

 1.32   0.00    0.514    0.480   0.200   0.051   0.195   0.035   0.000   0.034   0.000   0.000   0.000  82325740
 1.32  12.09   80.316
 1.32   1.00    0.184    0.007
 1.32   1.00    0.191   82.842
 1.32   1.00    0.182    0.518   0.191   0.515
 1.32   1.00    0.183    0.483   0.191   0.480

 1.33   0.00    0.513    0.478   0.199   0.051   0.194   0.034   0.001   0.034   0.000   0.000   0.000  82949420
 1.33  12.09   80.284
 1.33   1.00    0.184    0.007
 1.33   1.00    0.191   82.807
 1.33   1.00    0.182    0.516   0.191   0.513
 1.33   1.00    0.183    0.482   0.191   0.478

 1.34   0.00    0.512    0.477   0.199   0.051   0.193   0.034   0.001   0.034   0.000   0.000   0.000  83573100
 1.34  12.08   80.251
 1.34   1.00    0.184    0.007
 1.34   1.00    0.191   82.772
 1.34   1.00    0.182    0.515   0.191   0.512
 1.34   1.00    0.183    0.480   0.191   0.477

 1.35   0.00    0.510    0.476   0.198   0.051   0.192   0.034   0.002   0.033   0.000   0.000   0.000  84196780
 1.35  12.08   80.220
 1.35   1.00    0.184    0.007
 1.35   1.00    0.191   82.738
 1.35   1.00    0.182    0.514   0.191   0.511
 1.35   1.00    0.183    0.479   0.191   0.476

 1.36   0.00    0.509    0.474   0.197   0.051   0.191   0.034   0.002   0.033   0.000   0.000   0.000  84820460
 1.36  12.07   80.188
 1.36   1.00    0.184    0.007
 1.36   1.00    0.191   82.704
 1.36   1.00    0.182    0.513   0.191   0.509
 1.36   1.00    0.182    0.478   0.191   0.475

 1.37   0.00    0.508    0.473   0.196   0.051   0.191   0.034   0.003   0.033   0.000   0.000   0.000  85444140
 1.37  12.07   80.157
 1.37   1.00    0.184    0.007
 1.37   1.00    0.191   82.671
 1.37   1.00    0.182    0.512   0.191   0.508
 1.37   1.00    0.182    0.477   0.191   0.473

 1.38   0.00    0.507    0.472   0.196   0.051   0.190   0.034   0.004   0.033   0.000   0.000   0.000  86067810
 1.38  12.07   80.127
 1.38   1.00    0.184    0.007
 1.38   1.00    0.191   82.638
 1.38   1.00    0.182    0.511   0.191   0.507
 1.38   1.00    0.182    0.476   0.191   0.472

 1.39   0.00    0.506    0.471   0.195   0.050   0.189   0.034   0.005   0.033   0.000   0.000   0.000  86691490
 1.39  12.06   80.097
 1.39   1.00    0.184    0.007
 1.39   1.00    0.191   82.606
 1.39   1.00    0.182    0.510   0.191   0.506
 1.39   1.00    0.182    0.475   0.191   0.472

 1.40   0.00    0.505    0.471   0.194   0.050   0.188   0.034   0.006   0.033   0.000   0.000   0.000  87315170
 1.40  12.06   80.067
 1.40   1.00    0.184    0.007
 1.40   1.00    0.191   82.574
 1.40   1.00    0.182    0.509   0.191   0.506
 1.40   1.00    0.182    0.474   0.191   0.471

 1.41   0.00    0.505    0.470   0.194   0.050   0.187   0.034   0.007   0.033   0.000   0.000   0.000  87938850
 1.41  12.05   80.038
 1.41   1.00    0.184    0.007
 1.41   1.00    0.190   82.543
 1.41   1.00    0.182    0.508   0.190   0.505
 1.41   1.00    0.182    0.473   0.190   0.470

 1.42   0.00    0.504    0.469   0.193   0.050   0.186   0.034   0.008   0.033   0.000   0.000   0.000  88562530
 1.42  12.05   80.009
 1.42   1.00    0.184    0.007
 1.42   1.00    0.190   82.511
 1.42   1.00    0.182    0.507   0.190   0.504
 1.42   1.00    0.182    0.473   0.190   0.469

 1.43   0.00    0.503    0.469   0.192   0.050   0.186   0.033   0.009   0.033   0.000   0.000   0.000  89186210
 1.43  12.05   79.980
 1.43   1.00    0.184    0.007
 1.43   1.00    0.190   82.481
 1.43   1.00    0.181    0.507   0.190   0.504
 1.43   1.00    0.182    0.472   0.190   0.469

 1.44   0.00    0.503    0.468   0.191   0.050   0.185   0.033   0.011   0.033   0.000   0.000   0.000  89809900
 1.44  12.04   79.959
 1.44   1.00    0.184    0.007
 1.44   1.00    0.190   82.450
 1.44   1.00    0.181    0.506   0.190   0.503
 1.44   1.00    0.182    0.471   0.190   0.468

 1.45   0.00    0.502    0.468   0.191   0.050   0.184   0.033   0.012   0.033   0.000   0.000   0.000  90433580
 1.45  12.03   79.942
 1.45   1.00    0.184    0.007
 1.45   1.00    0.190   82.420
 1.45   1.00    0.181    0.506   0.190   0.503
 1.45   1.00    0.182    0.471   0.190   0.468

 1.46   0.00    0.502    0.467   0.190   0.050   0.183   0.033   0.013   0.032   0.000   0.000   0.000  91057260
 1.46  12.02   79.925
 1.46   1.00    0.183    0.007
 1.46   1.00    0.190   82.391
 1.46   1.00    0.181    0.505   0.190   0.502
 1.46   1.00    0.182    0.471   0.190   0.467

 1.47   0.00    0.502    0.467   0.189   0.050   0.182   0.033   0.015   0.032   0.000   0.000   0.000  91680940
 1.47  12.01   79.909
 1.47   1.00    0.183    0.007
 1.47   1.00    0.190   82.361
 1.47   1.00    0.181    0.505   0.190   0.502
 1.47   1.00    0.182    0.470   0.190   0.467

 1.48   0.00    0.501    0.466   0.189   0.050   0.182   0.033   0.016   0.032   0.000   0.000   0.000  92304610
 1.48  12.00   79.893
 1.48   1.00    0.183    0.007
 1.48   1.00    0.190   82.332
 1.48   1.00    0.181    0.505   0.190   0.501
 1.48   1.00    0.182    0.470   0.190   0.467

 1.49   0.00    0.501    0.466   0.188   0.050   0.181   0.033   0.018   0.032   0.000   0.000   0.000  92928290
 1.49  11.99   79.877
 1.49   1.00    0.183    0.007
 1.49   1.00    0.190   82.304
 1.49   1.00    0.181    0.504   0.190   0.501
 1.49   1.00    0.182    0.470   0.190   0.466

 1.50   0.00    0.501    0.466   0.187   0.050   0.180   0.033   0.019   0.032   0.000   0.000   0.000  93551970
 1.50  11.98   79.862
 1.50   1.00    0.183    0.007
 1.50   1.00    0.190   82.275
 1.50   1.00    0.181    0.504   0.190   0.501
 1.50   1.00    0.182    0.470   0.190   0.466

 1.51   0.00    0.501    0.466   0.186   0.050   0.179   0.033   0.021   0.032   0.000   0.000   0.000  94175650
 1.51  11.97   79.847
 1.51   1.00    0.183    0.007
 1.51   1.00    0.190   82.247
 1.51   1.00    0.181    0.504   0.190   0.501
 1.51   1.00    0.182    0.469   0.190   0.466

 1.52   0.00    0.501    0.466   0.186   0.049   0.178   0.033   0.023   0.032   0.000   0.000   0.000  94799330
 1.52  11.96   79.832
 1.52   1.00    0.183    0.007
 1.52   1.00    0.190   82.219
 1.52   1.00    0.181    0.504   0.190   0.501
 1.52   1.00    0.181    0.469   0.190   0.466

 1.53   0.00    0.501    0.466   0.185   0.049   0.178   0.033   0.025   0.032   0.000   0.000   0.000  95423010
 1.53  11.95   79.817
 1.53   1.00    0.183    0.007
 1.53   1.00    0.190   82.192
 1.53   1.00    0.181    0.504   0.190   0.501
 1.53   1.00    0.181    0.469   0.190   0.466

 1.54   0.00    0.501    0.466   0.184   0.049   0.177   0.032   0.026   0.032   0.000   0.000   0.000  96046690
 1.54  11.94   79.802
 1.54   1.00    0.183    0.007
 1.54   1.00    0.190   82.165
 1.54   1.00    0.181    0.504   0.190   0.501
 1.54   1.00    0.181    0.469   0.190   0.466

 1.55   0.00    0.501    0.466   0.184   0.049   0.176   0.032   0.028   0.032   0.000   0.000   0.000  96670370
 1.55  11.93   79.788
 1.55   1.00    0.183    0.007
 1.55   1.00    0.189   82.138
 1.55   1.00    0.181    0.504   0.189   0.501
 1.55   1.00    0.181    0.470   0.189   0.466

 1.56   0.00    0.501    0.466   0.183   0.049   0.175   0.032   0.030   0.031   0.000   0.000   0.000  97294050
 1.56  11.92   79.774
 1.56   1.00    0.183    0.007
 1.56   1.00    0.189   82.111
 1.56   1.00    0.181    0.505   0.189   0.501
 1.56   1.00    0.181    0.470   0.189   0.467

 1.57   0.00    0.502    0.467   0.182   0.049   0.174   0.032   0.032   0.031   0.000   0.000   0.000  97917730
 1.57  11.91   79.760
 1.57   1.00    0.183    0.007
 1.57   1.00    0.189   82.084
 1.57   1.00    0.181    0.505   0.189   0.502
 1.57   1.00    0.181    0.470   0.189   0.467

 1.58   0.00    0.502    0.467   0.182   0.049   0.174   0.032   0.034   0.031   0.000   0.000   0.000  98541410
 1.58  11.90   79.747
 1.58   1.00    0.183    0.007
 1.58   1.00    0.189   82.058
 1.58   1.00    0.180    0.505   0.189   0.502
 1.58   1.00    0.181    0.470   0.189   0.467

 1.59   0.00    0.502    0.467   0.181   0.049   0.173   0.032   0.036   0.031   0.000   0.000   0.000  99165090
 1.59  11.89   79.733
 1.59   1.00    0.182    0.007
 1.59   1.00    0.189   82.032
 1.59   1.00    0.180    0.506   0.189   0.502
 1.59   1.00    0.181    0.471   0.189   0.468

 1.60   0.00    0.503    0.468   0.180   0.049   0.172   0.032   0.039   0.031   0.000   0.000   0.000  99788770
 1.60  11.88   79.720
 1.60   1.00    0.182    0.007
 1.60   1.00    0.189   82.006
 1.60   1.00    0.180    0.506   0.189   0.503
 1.60   1.00    0.181    0.471   0.189   0.468

 1.61   0.00    0.503    0.468   0.180   0.049   0.171   0.032   0.041   0.031   0.000   0.000   0.000 100412400
 1.61  11.87   79.707
 1.61   1.00    0.182    0.007
 1.61   1.00    0.189   81.981
 1.61   1.00    0.180    0.507   0.189   0.503
 1.61   1.00    0.181    0.472   0.189   0.469

 1.62   0.00    0.504    0.469   0.179   0.049   0.171   0.032   0.043   0.031   0.000   0.000   0.000 101036100
 1.62  11.86   79.695
 1.62   1.00    0.182    0.007
 1.62   1.00    0.189   81.956
 1.62   1.00    0.180    0.507   0.189   0.504
 1.62   1.00    0.181    0.472   0.189   0.469

 1.63   0.00    0.505    0.470   0.178   0.049   0.170   0.032   0.045   0.031   0.000   0.000   0.000 101659800
 1.63  11.85   79.682
 1.63   1.00    0.182    0.007
 1.63   1.00    0.189   81.931
 1.63   1.00    0.180    0.508   0.189   0.505
 1.63   1.00    0.181    0.473   0.189   0.470

 1.64   0.00    0.505    0.470   0.177   0.049   0.169   0.031   0.048   0.031   0.000   0.000   0.000 102283500
 1.64  11.84   79.670
 1.64   1.00    0.182    0.007
 1.64   1.00    0.189   81.906
 1.64   1.00    0.180    0.509   0.189   0.505
 1.64   1.00    0.181    0.474   0.189   0.471

 1.65   0.00    0.506    0.471   0.177   0.049   0.168   0.031   0.050   0.031   0.000   0.000   0.000 102907200
 1.65  11.83   79.658
 1.65   1.00    0.182    0.007
 1.65   1.00    0.189   81.881
 1.65   1.00    0.180    0.509   0.189   0.506
 1.65   1.00    0.180    0.474   0.189   0.471

 1.66   0.00    0.507    0.472   0.176   0.049   0.168   0.031   0.053   0.031   0.000   0.000   0.000 103530800
 1.66  11.82   79.646
 1.66   1.00    0.182    0.007
 1.66   1.00    0.189   81.857
 1.66   1.00    0.180    0.510   0.189   0.507
 1.66   1.00    0.180    0.475   0.189   0.472

 1.67   0.00    0.508    0.473   0.175   0.048   0.167   0.031   0.055   0.030   0.000   0.000   0.000 104154500
 1.67  11.81   79.634
 1.67   1.00    0.182    0.007
 1.67   1.00    0.189   81.833
 1.67   1.00    0.180    0.511   0.189   0.508
 1.67   1.00    0.180    0.476   0.189   0.473

 1.68   0.00    0.509    0.474   0.175   0.048   0.166   0.031   0.058   0.030   0.000   0.000   0.000 104778200
 1.68  11.80   79.623
 1.68   1.00    0.182    0.007
 1.68   1.00    0.188   81.809
 1.68   1.00    0.180    0.512   0.188   0.509
 1.68   1.00    0.180    0.477   0.188   0.474

 1.69   0.00    0.510    0.475   0.174   0.048   0.165   0.031   0.060   0.030   0.000   0.000   0.000 105401900
 1.69  11.79   79.611
 1.69   1.00    0.182    0.007
 1.69   1.00    0.188   81.785
 1.69   1.00    0.179    0.513   0.188   0.510
 1.69   1.00    0.180    0.478   0.188   0.475

 1.70   0.00    0.511    0.476   0.173   0.048   0.165   0.031   0.063   0.030   0.000   0.000   0.000 106025600
 1.70  11.78   79.600
 1.70   1.00    0.182    0.007
 1.70   1.00    0.188   81.761
 1.70   1.00    0.179    0.514   0.188   0.511
 1.70   1.00    0.180    0.479   0.188   0.476

 1.71   0.00    0.512    0.477   0.173   0.048   0.164   0.031   0.066   0.030   0.000   0.000   0.000 106649200
 1.71  11.77   79.589
 1.71   1.00    0.182    0.007
 1.71   1.00    0.188   81.738
 1.71   1.00    0.179    0.515   0.188   0.512
 1.71   1.00    0.180    0.480   0.188   0.477

 1.72   0.00    0.513    0.478   0.172   0.048   0.163   0.031   0.069   0.030   0.000   0.000   0.000 107272900
 1.72  11.76   79.578
 1.72   1.00    0.182    0.007
 1.72   1.00    0.188   81.715
 1.72   1.00    0.179    0.516   0.188   0.513
 1.72   1.00    0.180    0.482   0.188   0.478

 1.73   0.00    0.514    0.479   0.171   0.048   0.163   0.031   0.072   0.030   0.000   0.000   0.000 107896600
 1.73  11.75   79.568
 1.73   1.00    0.181    0.007
 1.73   1.00    0.188   81.692
 1.73   1.00    0.179    0.518   0.188   0.514
 1.73   1.00    0.180    0.483   0.188   0.480

 1.74   0.00    0.516    0.481   0.171   0.048   0.162   0.030   0.075   0.030   0.000   0.000   0.000 108520300
 1.74  11.74   79.557
 1.74   1.00    0.181    0.007
 1.74   1.00    0.188   81.669
 1.74   1.00    0.179    0.519   0.188   0.516
 1.74   1.00    0.180    0.484   0.188   0.481

 1.75   0.00    0.517    0.482   0.170   0.048   0.161   0.030   0.078   0.030   0.000   0.000   0.000 109144000
 1.75  11.73   79.547
 1.75   1.00    0.181    0.007
 1.75   1.00    0.188   81.646
 1.75   1.00    0.179    0.520   0.188   0.517
 1.75   1.00    0.180    0.485   0.188   0.482

 1.76   0.00    0.518    0.484   0.169   0.048   0.160   0.030   0.081   0.030   0.000   0.000   0.000 109767600
 1.76  11.72   79.537
 1.76   1.00    0.181    0.007
 1.76   1.00    0.188   81.624
 1.76   1.00    0.179    0.522   0.188   0.519
 1.76   1.00    0.179    0.487   0.188   0.484

 1.77   0.00    0.520    0.485   0.169   0.048   0.160   0.030   0.084   0.030   0.000   0.000   0.000 110391300
 1.77  11.71   79.526
 1.77   1.00    0.181    0.007
 1.77   1.00    0.188   81.602
 1.77   1.00    0.179    0.523   0.188   0.520
 1.77   1.00    0.179    0.488   0.188   0.485

 1.78   0.00    0.521    0.487   0.168   0.048   0.159   0.030   0.087   0.029   0.000   0.000   0.000 111015000
 1.78  11.70   79.517
 1.78   1.00    0.181    0.007
 1.78   1.00    0.188   81.579
 1.78   1.00    0.179    0.525   0.188   0.522
 1.78   1.00    0.179    0.490   0.188   0.487

 1.79   0.00    0.523    0.488   0.167   0.048   0.158   0.030   0.090   0.029   0.000   0.000   0.000 111638700
 1.79  11.69   79.507
 1.79   1.00    0.181    0.007
 1.79   1.00    0.188   81.557
 1.79   1.00    0.178    0.526   0.188   0.523
 1.79   1.00    0.179    0.492   0.188   0.488

 1.80   0.00    0.525    0.490   0.167   0.048   0.158   0.030   0.093   0.029   0.000   0.000   0.000 112262400
 1.80  11.68   79.497
 1.80   1.00    0.181    0.007
 1.80   1.00    0.188   81.536
 1.80   1.00    0.178    0.528   0.188   0.525
 1.80   1.00    0.179    0.493   0.188   0.490

 1.81   0.00    0.526    0.492   0.166   0.048   0.157   0.030   0.097   0.029   0.000   0.000   0.000 112886000
 1.81  11.67   79.488
 1.81   1.00    0.181    0.007
 1.81   1.00    0.188   81.514
 1.81   1.00    0.178    0.530   0.188   0.527
 1.81   1.00    0.179    0.495   0.188   0.492

 1.82   0.00    0.528    0.493   0.166   0.048   0.156   0.030   0.100   0.029   0.000   0.000   0.000 113509700
 1.82  11.66   79.479
 1.82   1.00    0.181    0.007
 1.82   1.00    0.187   81.493
 1.82   1.00    0.178    0.532   0.187   0.528
 1.82   1.00    0.179    0.497   0.187   0.494

 1.83   0.00    0.530    0.495   0.165   0.048   0.156   0.030   0.104   0.029   0.000   0.000   0.000 114133400
 1.83  11.65   79.470
 1.83   1.00    0.181    0.007
 1.83   1.00    0.187   81.471
 1.83   1.00    0.178    0.533   0.187   0.530
 1.83   1.00    0.179    0.499   0.187   0.495

 1.84   0.00    0.532    0.497   0.164   0.048   0.155   0.030   0.107   0.029   0.000   0.000   0.000 114757100
 1.84  11.64   79.461
 1.84   1.00    0.181    0.007
 1.84   1.00    0.187   81.450
 1.84   1.00    0.178    0.535   0.187   0.532
 1.84   1.00    0.179    0.501   0.187   0.497

 1.85   0.00    0.534    0.499   0.164   0.047   0.154   0.029   0.111   0.029   0.000   0.000   0.000 115380800
 1.85  11.63   79.452
 1.85   1.00    0.181    0.007
 1.85   1.00    0.187   81.429
 1.85   1.00    0.178    0.537   0.187   0.534
 1.85   1.00    0.178    0.503   0.187   0.499

 1.86   0.00    0.536    0.501   0.163   0.047   0.153   0.029   0.114   0.029   0.000   0.000   0.000 116004400
 1.86  11.62   79.443
 1.86   1.00    0.180    0.007
 1.86   1.00    0.187   81.409
 1.86   1.00    0.178    0.539   0.187   0.536
 1.86   1.00    0.178    0.505   0.187   0.501

 1.87   0.00    0.538    0.503   0.162   0.047   0.153   0.029   0.118   0.029   0.000   0.000   0.000 116628100
 1.87  11.61   79.435
 1.87   1.00    0.180    0.007
 1.87   1.00    0.187   81.388
 1.87   1.00    0.178    0.542   0.187   0.538
 1.87   1.00    0.178    0.507   0.187   0.504

 1.88   0.00    0.540    0.506   0.162   0.047   0.152   0.029   0.122   0.028   0.000   0.000   0.000 117251800
 1.88  11.60   79.427
 1.88   1.00    0.180    0.007
 1.88   1.00    0.187   81.368
 1.88   1.00    0.177    0.544   0.187   0.541
 1.88   1.00    0.178    0.509   0.187   0.506

 1.89   0.00    0.543    0.508   0.161   0.047   0.151   0.029   0.126   0.028   0.000   0.000   0.000 117875500
 1.89  11.59   79.418
 1.89   1.00    0.180    0.007
 1.89   1.00    0.187   81.347
 1.89   1.00    0.177    0.546   0.187   0.543
 1.89   1.00    0.178    0.511   0.187   0.508

 1.90   0.00    0.545    0.510   0.160   0.047   0.151   0.029   0.129   0.028   0.000   0.000   0.000 118499200
 1.90  11.58   79.410
 1.90   1.00    0.180    0.007
 1.90   1.00    0.187   81.327
 1.90   1.00    0.177    0.548   0.187   0.545
 1.90   1.00    0.178    0.514   0.187   0.510

 1.91   0.00    0.547    0.513   0.160   0.047   0.150   0.029   0.133   0.028   0.000   0.000   0.000 119122800
 1.91  11.57   79.402
 1.91   1.00    0.180    0.007
 1.91   1.00    0.187   81.307
 1.91   1.00    0.177    0.551   0.187   0.548
 1.91   1.00    0.178    0.516   0.187   0.513

 1.92   0.00    0.550    0.515   0.159   0.047   0.149   0.029   0.137   0.028   0.000   0.000   0.000 119746500
 1.92  11.56   79.394
 1.92   1.00    0.180    0.007
 1.92   1.00    0.187   81.287
 1.92   1.00    0.177    0.553   0.187   0.550
 1.92   1.00    0.178    0.518   0.187   0.515

 1.93   0.00    0.552    0.518   0.158   0.047   0.149   0.029   0.141   0.028   0.000   0.000   0.000 120370200
 1.93  11.55   79.387
 1.93   1.00    0.180    0.007
 1.93   1.00    0.187   81.268
 1.93   1.00    0.177    0.556   0.187   0.553
 1.93   1.00    0.178    0.521   0.187   0.518

 1.94   0.00    0.555    0.520   0.158   0.047   0.148   0.029   0.146   0.028   0.000   0.000   0.000 120993900
 1.94  11.54   79.379
 1.94   1.00    0.180    0.007
 1.94   1.00    0.186   81.248
 1.94   1.00    0.177    0.558   0.186   0.555
 1.94   1.00    0.177    0.523   0.186   0.520

 1.95   0.00    0.558    0.523   0.157   0.047   0.148   0.028   0.150   0.028   0.000   0.000   0.000 121617600
 1.95  11.53   79.372
 1.95   1.00    0.180    0.007
 1.95   1.00    0.186   81.229
 1.95   1.00    0.177    0.561   0.186   0.558
 1.95   1.00    0.177    0.526   0.186   0.523

 1.96   0.00    0.560    0.525   0.157   0.047   0.147   0.028   0.154   0.028   0.000   0.000   0.000 122241200
 1.96  11.52   79.365
 1.96   1.00    0.180    0.007
 1.96   1.00    0.186   81.209
 1.96   1.00    0.177    0.564   0.186   0.560
 1.96   1.00    0.177    0.529   0.186   0.526

 1.97   0.00    0.563    0.528   0.156   0.047   0.146   0.028   0.158   0.028   0.000   0.000   0.000 122864900
 1.97  11.51   79.358
 1.97   1.00    0.180    0.007
 1.97   1.00    0.186   81.190
 1.97   1.00    0.176    0.566   0.186   0.563
 1.97   1.00    0.177    0.532   0.186   0.528

 1.98   0.00    0.566    0.531   0.155   0.047   0.146   0.028   0.163   0.028   0.000   0.000   0.000 123488600
 1.98  11.50   79.351
 1.98   1.00    0.180    0.007
 1.98   1.00    0.186   81.171
 1.98   1.00    0.176    0.569   0.186   0.566
 1.98   1.00    0.177    0.534   0.186   0.531

 1.99   0.00    0.569    0.534   0.155   0.047   0.145   0.028   0.167   0.027   0.000   0.000   0.000 124112300
 1.99  11.49   79.344
 1.99   1.00    0.179    0.007
 1.99   1.00    0.186   81.153
 1.99   1.00    0.176    0.572   0.186   0.569
 1.99   1.00    0.177    0.537   0.186   0.534

 2.00   0.00    0.572    0.537   0.154   0.047   0.144   0.028   0.171   0.027   0.000   0.000   0.000 124736000
 2.00  11.48   79.337
 2.00   1.00    0.179    0.007
 2.00   1.00    0.186   81.134
 2.00   1.00    0.176    0.575   0.186   0.572
 2.00   1.00    0.177    0.540   0.186   0.537

 2.01   0.00    0.575    0.540   0.153   0.047   0.144   0.028   0.176   0.027   0.000   0.000   0.000 125359600
 2.01  11.47   79.330
 2.01   1.00    0.179    0.007
 2.01   1.00    0.186   81.115
 2.01   1.00    0.176    0.578   0.186   0.575
 2.01   1.00    0.176    0.543   0.186   0.540

 2.02   0.00    0.578    0.543   0.153   0.047   0.143   0.028   0.181   0.027   0.000   0.000   0.000 125983300
 2.02  11.46   79.324
 2.02   1.00    0.179    0.007
 2.02   1.00    0.186   81.097
 2.02   1.00    0.176    0.582   0.186   0.578
 2.02   1.00    0.176    0.546   0.186   0.543

 2.03   0.00    0.581    0.546   0.152   0.047   0.142   0.028   0.185   0.027   0.000   0.000   0.000 126607000
 2.03  11.45   79.318
 2.03   1.00    0.179    0.007
 2.03   1.00    0.186   81.079
 2.03   1.00    0.176    0.585   0.186   0.582
 2.03   1.00    0.176    0.549   0.186   0.546

 2.04   0.00    0.585    0.549   0.152   0.046   0.142   0.028   0.190   0.027   0.000   0.000   0.000 127230700
 2.04  11.44   79.311
 2.04   1.00    0.179    0.007
 2.04   1.00    0.186   81.060
 2.04   1.00    0.175    0.588   0.186   0.585
 2.04   1.00    0.176    0.553   0.186   0.550

 2.05   0.00    0.588    0.553   0.151   0.046   0.141   0.028   0.195   0.027   0.000   0.000   0.000 127854400
 2.05  11.43   79.305
 2.05   1.00    0.179    0.007
 2.05   1.00    0.186   81.042
 2.05   1.00    0.175    0.592   0.186   0.588
 2.05   1.00    0.176    0.556   0.186   0.553

 2.06   0.00    0.592    0.556   0.151   0.046   0.141   0.028   0.200   0.027   0.000   0.000   0.000 128478000
 2.06  11.42   79.299
 2.06   1.00    0.179    0.007
 2.06   1.00    0.186   81.025
 2.06   1.00    0.175    0.595   0.186   0.592
 2.06   1.00    0.176    0.560   0.186   0.556

 2.07   0.00    0.595    0.560   0.150   0.046   0.140   0.028   0.204   0.027   0.000   0.000   0.000 129101700
 2.07  11.41   79.293
 2.07   1.00    0.179    0.007
 2.07   1.00    0.185   81.007
 2.07   1.00    0.175    0.599   0.185   0.596
 2.07   1.00    0.176    0.563   0.185   0.560

 2.08   0.00    0.599    0.563   0.150   0.046   0.139   0.027   0.209   0.027   0.000   0.000   0.000 129725400
 2.08  11.40   79.288
 2.08   1.00    0.179    0.007
 2.08   1.00    0.185   80.989
 2.08   1.00    0.175    0.602   0.185   0.599
 2.08   1.00    0.176    0.567   0.185   0.563

 2.09   0.00    0.603    0.567   0.149   0.046   0.139   0.027   0.214   0.027   0.000   0.000   0.000 130349100
 2.09  11.39   79.282
 2.09   1.00    0.179    0.007
 2.09   1.00    0.185   80.972
 2.09   1.00    0.175    0.606   0.185   0.603
 2.09   1.00    0.175    0.570   0.185   0.567

 2.10   0.00    0.607    0.571   0.149   0.046   0.138   0.027   0.220   0.027   0.000   0.000   0.000 130972800
 2.10  11.38   79.277
 2.10   1.00    0.179    0.007
 2.10   1.00    0.185   80.954
 2.10   1.00    0.175    0.610   0.185   0.607
 2.10   1.00    0.175    0.574   0.185   0.571

 2.11   0.00    0.610    0.574   0.148   0.046   0.138   0.027   0.225   0.027   0.000   0.000   0.000 131596400
 2.11  11.37   79.271
 2.11   1.00    0.178    0.007
 2.11   1.00    0.185   80.937
 2.11   1.00    0.174    0.614   0.185   0.611
 2.11   1.00    0.175    0.578   0.185   0.575

 2.12   0.00    0.614    0.578   0.148   0.046   0.137   0.027   0.230   0.027   0.000   0.000   0.000 132220100
 2.12  11.36   79.266
 2.12   1.00    0.178    0.007
 2.12   1.00    0.185   80.920
 2.12   1.00    0.174    0.618   0.185   0.615
 2.12   1.00    0.175    0.582   0.185   0.578

 2.13   0.00    0.618    0.582   0.147   0.046   0.136   0.027   0.235   0.027   0.000   0.000   0.000 132843800
 2.13  11.35   79.261
 2.13   1.00    0.178    0.007
 2.13   1.00    0.185   80.903
 2.13   1.00    0.174    0.622   0.185   0.619
 2.13   1.00    0.175    0.585   0.185   0.582

 2.14   0.00    0.623    0.586   0.147   0.046   0.136   0.027   0.241   0.026   0.000   0.000   0.000 133467500
 2.14  11.34   79.256
 2.14   1.00    0.178    0.007
 2.14   1.00    0.185   80.886
 2.14   1.00    0.174    0.626   0.185   0.623
 2.14   1.00    0.175    0.589   0.185   0.586

 2.15   0.00    0.627    0.590   0.146   0.046   0.135   0.027   0.246   0.026   0.000   0.000   0.000 134091200
 2.15  11.33   79.251
 2.15   1.00    0.178    0.007
 2.15   1.00    0.185   80.869
 2.15   1.00    0.174    0.630   0.185   0.627
 2.15   1.00    0.174    0.594   0.185   0.590

                              -------->  FIN LEADING EDGE SUPERSONIC  <--------

 2.16   0.00    0.625    0.588   0.146   0.046   0.135   0.027   0.246   0.026   0.000   0.000   0.000 134714800
 2.16  11.30   79.220
 2.16   1.00    0.178    0.007
 2.16   1.00    0.184   80.826
 2.16   1.00    0.174    0.628   0.184   0.625
 2.16   1.00    0.174    0.592   0.184   0.588

 2.17   0.00    0.622    0.586   0.145   0.046   0.134   0.027   0.244   0.026   0.000   0.000   0.000 135338500
 2.17  11.28   79.183
 2.17   1.00    0.177    0.007
 2.17   1.00    0.184   80.778
 2.17   1.00    0.173    0.625   0.184   0.622
 2.17   1.00    0.174    0.589   0.184   0.586

 2.18   0.00    0.619    0.583   0.145   0.046   0.133   0.027   0.243   0.026   0.000   0.000   0.000 135962200
 2.18  11.25   79.145
 2.18   1.00    0.177    0.007
 2.18   1.00    0.184   80.728
 2.18   1.00    0.173    0.623   0.184   0.620
 2.18   1.00    0.174    0.586   0.184   0.583

 2.19   0.00    0.617    0.580   0.144   0.046   0.133   0.027   0.241   0.026   0.000   0.000   0.000 136585900
 2.19  11.23   79.107
 2.19   1.00    0.177    0.007
 2.19   1.00    0.183   80.678
 2.19   1.00    0.173    0.620   0.183   0.617
 2.19   1.00    0.173    0.583   0.183   0.580

 2.20   0.00    0.614    0.577   0.144   0.046   0.132   0.027   0.240   0.026   0.000   0.000   0.000 137209600
 2.20  11.20   79.067
 2.20   1.00    0.176    0.007
 2.20   1.00    0.183   80.627
 2.20   1.00    0.172    0.617   0.183   0.614
 2.20   1.00    0.173    0.581   0.183   0.577

 2.21   0.00    0.612    0.575   0.143   0.046   0.132   0.027   0.239   0.026   0.000   0.000   0.000 137833200
 2.21  11.17   79.027
 2.21   1.00    0.176    0.007
 2.21   1.00    0.183   80.574
 2.21   1.00    0.172    0.615   0.183   0.612
 2.21   1.00    0.173    0.578   0.183   0.575

 2.22   0.00    0.609    0.572   0.143   0.046   0.131   0.027   0.237   0.026   0.000   0.000   0.000 138456900
 2.22  11.14   78.986
 2.22   1.00    0.176    0.007
 2.22   1.00    0.182   80.521
 2.22   1.00    0.172    0.612   0.182   0.609
 2.22   1.00    0.172    0.575   0.182   0.572

 2.23   0.00    0.606    0.569   0.142   0.046   0.131   0.026   0.236   0.026   0.000   0.000   0.000 139080600
 2.23  11.12   78.944
 2.23   1.00    0.175    0.007
 2.23   1.00    0.182   80.468
 2.23   1.00    0.171    0.610   0.182   0.607
 2.23   1.00    0.172    0.573   0.182   0.569

 2.24   0.00    0.604    0.567   0.142   0.046   0.130   0.026   0.235   0.026   0.000   0.000   0.000 139704300
 2.24  11.09   78.901
 2.24   1.00    0.175    0.007
 2.24   1.00    0.181   80.413
 2.24   1.00    0.171    0.607   0.181   0.604
 2.24   1.00    0.172    0.570   0.181   0.567

 2.25   0.00    0.601    0.564   0.141   0.046   0.129   0.026   0.233   0.026   0.000   0.000   0.000 140328000
 2.25  11.06   78.858
 2.25   1.00    0.174    0.007
 2.25   1.00    0.181   80.358
 2.25   1.00    0.171    0.605   0.181   0.602
 2.25   1.00    0.171    0.567   0.181   0.564

 2.26   0.00    0.599    0.561   0.141   0.046   0.129   0.026   0.232   0.026   0.000   0.000   0.000 140951600
 2.26  11.03   78.814
 2.26   1.00    0.174    0.007
 2.26   1.00    0.181   80.302
 2.26   1.00    0.170    0.602   0.181   0.599
 2.26   1.00    0.171    0.565   0.181   0.562

 2.27   0.00    0.596    0.559   0.140   0.045   0.128   0.026   0.231   0.026   0.000   0.000   0.000 141575300
 2.27  11.00   78.769
 2.27   1.00    0.174    0.007
 2.27   1.00    0.180   80.246
 2.27   1.00    0.170    0.600   0.180   0.597
 2.27   1.00    0.170    0.562   0.180   0.559

 2.28   0.00    0.594    0.556   0.140   0.045   0.128   0.026   0.229   0.026   0.000   0.000   0.000 142199000
 2.28  10.97   78.724
 2.28   1.00    0.173    0.007
 2.28   1.00    0.180   80.189
 2.28   1.00    0.169    0.597   0.180   0.594
 2.28   1.00    0.170    0.560   0.180   0.557

 2.29   0.00    0.592    0.554   0.139   0.045   0.127   0.026   0.228   0.026   0.000   0.000   0.000 142822700
 2.29  10.94   78.665
 2.29   1.00    0.173    0.007
 2.29   1.00    0.179   80.116
 2.29   1.00    0.169    0.595   0.179   0.592
 2.29   1.00    0.170    0.557   0.179   0.554

 2.30   0.00    0.589    0.551   0.139   0.045   0.127   0.026   0.227   0.025   0.000   0.000   0.000 143446400
 2.30  10.92   78.596
 2.30   1.00    0.173    0.007
 2.30   1.00    0.179   80.034
 2.30   1.00    0.169    0.592   0.179   0.589
 2.30   1.00    0.170    0.555   0.179   0.552

 2.31   0.00    0.587    0.549   0.138   0.045   0.126   0.026   0.226   0.025   0.000   0.000   0.000 144070000
 2.31  10.90   78.527
 2.31   1.00    0.172    0.007
 2.31   1.00    0.179   79.951
 2.31   1.00    0.169    0.590   0.179   0.587
 2.31   1.00    0.169    0.552   0.179   0.549

 2.32   0.00    0.584    0.546   0.138   0.045   0.126   0.026   0.225   0.025   0.000   0.000   0.000 144693700
 2.32  10.87   78.458
 2.32   1.00    0.172    0.007
 2.32   1.00    0.179   79.867
 2.32   1.00    0.168    0.588   0.179   0.585
 2.32   1.00    0.169    0.550   0.179   0.547

 2.33   0.00    0.582    0.544   0.137   0.045   0.125   0.026   0.223   0.025   0.000   0.000   0.000 145317400
 2.33  10.85   78.388
 2.33   1.00    0.172    0.007
 2.33   1.00    0.178   79.784
 2.33   1.00    0.168    0.585   0.178   0.582
 2.33   1.00    0.169    0.547   0.178   0.544

 2.34   0.00    0.580    0.542   0.137   0.045   0.125   0.026   0.222   0.025   0.000   0.000   0.000 145941100
 2.34  10.82   78.318
 2.34   1.00    0.171    0.007
 2.34   1.00    0.178   79.699
 2.34   1.00    0.168    0.583   0.178   0.580
 2.34   1.00    0.168    0.545   0.178   0.542

 2.35   0.00    0.577    0.539   0.136   0.045   0.124   0.026   0.221   0.025   0.000   0.000   0.000 146564800
 2.35  10.80   78.248
 2.35   1.00    0.171    0.007
 2.35   1.00    0.178   79.615
 2.35   1.00    0.167    0.581   0.178   0.578
 2.35   1.00    0.168    0.542   0.178   0.539

 2.36   0.00    0.575    0.537   0.136   0.045   0.124   0.026   0.220   0.025   0.000   0.000   0.000 147188400
 2.36  10.77   78.177
 2.36   1.00    0.171    0.007
 2.36   1.00    0.177   79.530
 2.36   1.00    0.167    0.578   0.177   0.575
 2.36   1.00    0.168    0.540   0.177   0.537

 2.37   0.00    0.573    0.534   0.135   0.045   0.123   0.026   0.219   0.025   0.000   0.000   0.000 147812100
 2.37  10.75   78.106
 2.37   1.00    0.170    0.007
 2.37   1.00    0.177   79.446
 2.37   1.00    0.167    0.576   0.177   0.573
 2.37   1.00    0.167    0.538   0.177   0.535

 2.38   0.00    0.571    0.532   0.135   0.045   0.122   0.026   0.218   0.025   0.000   0.000   0.000 148435800
 2.38  10.72   78.035
 2.38   1.00    0.170    0.007
 2.38   1.00    0.177   79.360
 2.38   1.00    0.167    0.574   0.177   0.571
 2.38   1.00    0.167    0.535   0.177   0.532

 2.39   0.00    0.568    0.530   0.134   0.045   0.122   0.025   0.217   0.025   0.000   0.000   0.000 149059500
 2.39  10.70   77.964
 2.39   1.00    0.170    0.007
 2.39   1.00    0.176   79.275
 2.39   1.00    0.166    0.571   0.176   0.569
 2.39   1.00    0.167    0.533   0.176   0.530

 2.40   0.00    0.566    0.527   0.134   0.045   0.121   0.025   0.215   0.025   0.000   0.000   0.000 149683200
 2.40  10.67   77.892
 2.40   1.00    0.169    0.007
 2.40   1.00    0.176   79.190
 2.40   1.00    0.166    0.569   0.176   0.566
 2.40   1.00    0.167    0.531   0.176   0.528

 2.41   0.00    0.564    0.525   0.134   0.045   0.121   0.025   0.214   0.025   0.000   0.000   0.000 150306800
 2.41  10.65   77.820
 2.41   1.00    0.169    0.007
 2.41   1.00    0.175   79.104
 2.41   1.00    0.166    0.567   0.175   0.564
 2.41   1.00    0.166    0.528   0.175   0.525

 2.42   0.00    0.562    0.523   0.133   0.045   0.120   0.025   0.213   0.025   0.000   0.000   0.000 150930500
 2.42  10.62   77.748
 2.42   1.00    0.169    0.007
 2.42   1.00    0.175   79.018
 2.42   1.00    0.165    0.565   0.175   0.562
 2.42   1.00    0.166    0.526   0.175   0.523

 2.43   0.00    0.560    0.521   0.133   0.045   0.120   0.025   0.212   0.025   0.000   0.000   0.000 151554200
 2.43  10.60   77.676
 2.43   1.00    0.168    0.007
 2.43   1.00    0.175   78.932
 2.43   1.00    0.165    0.563   0.175   0.560
 2.43   1.00    0.166    0.524   0.175   0.521

 2.44   0.00    0.557    0.518   0.132   0.045   0.119   0.025   0.211   0.025   0.000   0.000   0.000 152177900
 2.44  10.57   77.604
 2.44   1.00    0.168    0.007
 2.44   1.00    0.174   78.846
 2.44   1.00    0.165    0.561   0.174   0.558
 2.44   1.00    0.165    0.521   0.174   0.519

 2.45   0.00    0.555    0.516   0.132   0.045   0.119   0.025   0.210   0.025   0.000   0.000   0.000 152801600
 2.45  10.55   77.531
 2.45   1.00    0.167    0.007
 2.45   1.00    0.174   78.760
 2.45   1.00    0.164    0.558   0.174   0.555
 2.45   1.00    0.165    0.519   0.174   0.516

 2.46   0.00    0.553    0.514   0.131   0.045   0.118   0.025   0.209   0.024   0.000   0.000   0.000 153425200
 2.46  10.52   77.459
 2.46   1.00    0.167    0.007
 2.46   1.00    0.174   78.673
 2.46   1.00    0.164    0.556   0.174   0.553
 2.46   1.00    0.165    0.517   0.174   0.514

 2.47   0.00    0.551    0.512   0.131   0.045   0.118   0.025   0.208   0.024   0.000   0.000   0.000 154048900
 2.47  10.50   77.386
 2.47   1.00    0.167    0.007
 2.47   1.00    0.173   78.587
 2.47   1.00    0.164    0.554   0.173   0.551
 2.47   1.00    0.164    0.515   0.173   0.512

 2.48   0.00    0.549    0.510   0.130   0.045   0.117   0.025   0.207   0.024   0.000   0.000   0.000 154672600
 2.48  10.47   77.314
 2.48   1.00    0.166    0.007
 2.48   1.00    0.173   78.501
 2.48   1.00    0.164    0.552   0.173   0.549
 2.48   1.00    0.164    0.513   0.173   0.511

 2.49   0.00    0.547    0.508   0.130   0.045   0.117   0.025   0.206   0.024   0.000   0.000   0.000 155296300
 2.49  10.45   77.241
 2.49   1.00    0.166    0.007
 2.49   1.00    0.173   78.414
 2.49   1.00    0.163    0.550   0.173   0.547
 2.49   1.00    0.164    0.512   0.173   0.509

 2.50   0.00    0.545    0.507   0.130   0.045   0.116   0.025   0.205   0.024   0.000   0.000   0.000 155920000
 2.50  10.42   77.168
 2.50   1.00    0.166    0.007
 2.50   1.00    0.172   78.327
 2.50   1.00    0.163    0.548   0.172   0.545
 2.50   1.00    0.164    0.510   0.172   0.507

 2.51   0.00    0.543    0.505   0.129   0.045   0.116   0.025   0.204   0.024   0.000   0.000   0.000 156543600
 2.51  10.40   77.095
 2.51   1.00    0.165    0.007
 2.51   1.00    0.172   78.241
 2.51   1.00    0.163    0.546   0.172   0.543
 2.51   1.00    0.163    0.508   0.172   0.505

 2.52   0.00    0.541    0.503   0.129   0.045   0.115   0.025   0.203   0.024   0.000   0.000   0.000 157167300
 2.52  10.37   77.022
 2.52   1.00    0.165    0.007
 2.52   1.00    0.172   78.154
 2.52   1.00    0.162    0.544   0.172   0.541
 2.52   1.00    0.163    0.506   0.172   0.503

 2.53   0.00    0.539    0.501   0.128   0.045   0.115   0.025   0.202   0.024   0.000   0.000   0.000 157791000
 2.53  10.35   76.949
 2.53   1.00    0.165    0.007
 2.53   1.00    0.171   78.068
 2.53   1.00    0.162    0.542   0.171   0.539
 2.53   1.00    0.163    0.504   0.171   0.501

 2.54   0.00    0.537    0.499   0.128   0.044   0.114   0.025   0.201   0.024   0.000   0.000   0.000 158414700
 2.54  10.32   76.876
 2.54   1.00    0.164    0.007
 2.54   1.00    0.171   77.981
 2.54   1.00    0.162    0.540   0.171   0.537
 2.54   1.00    0.162    0.502   0.171   0.499

 2.55   0.00    0.535    0.497   0.128   0.044   0.114   0.024   0.200   0.024   0.000   0.000   0.000 159038400
 2.55  10.30   76.803
 2.55   1.00    0.164    0.007
 2.55   1.00    0.171   77.895
 2.55   1.00    0.161    0.538   0.171   0.535
 2.55   1.00    0.162    0.500   0.171   0.498

 2.56   0.00    0.533    0.496   0.127   0.044   0.113   0.024   0.199   0.024   0.000   0.000   0.000 159662000
 2.56  10.27   76.730
 2.56   1.00    0.164    0.007
 2.56   1.00    0.170   77.808
 2.56   1.00    0.161    0.536   0.170   0.533
 2.56   1.00    0.162    0.499   0.170   0.496

 2.57   0.00    0.531    0.494   0.127   0.044   0.113   0.024   0.199   0.024   0.000   0.000   0.000 160285700
 2.57  10.25   76.657
 2.57   1.00    0.163    0.007
 2.57   1.00    0.170   77.722
 2.57   1.00    0.161    0.534   0.170   0.531
 2.57   1.00    0.161    0.497   0.170   0.494

 2.58   0.00    0.529    0.492   0.126   0.044   0.113   0.024   0.198   0.024   0.000   0.000   0.000 160909400
 2.58  10.22   76.585
 2.58   1.00    0.163    0.007
 2.58   1.00    0.170   77.635
 2.58   1.00    0.160    0.532   0.170   0.529
 2.58   1.00    0.161    0.495   0.170   0.492

 2.59   0.00    0.527    0.490   0.126   0.044   0.112   0.024   0.197   0.024   0.000   0.000   0.000 161533100
 2.59  10.20   76.512
 2.59   1.00    0.163    0.007
 2.59   1.00    0.169   77.549
 2.59   1.00    0.160    0.530   0.169   0.527
 2.59   1.00    0.161    0.493   0.169   0.490

 2.60   0.00    0.525    0.489   0.125   0.044   0.112   0.024   0.196   0.024   0.000   0.000   0.000 162156700
 2.60  10.18   76.439
 2.60   1.00    0.162    0.007
 2.60   1.00    0.169   77.463
 2.60   1.00    0.160    0.528   0.169   0.525
 2.60   1.00    0.161    0.492   0.169   0.489

 2.61   0.00    0.523    0.487   0.125   0.044   0.111   0.024   0.195   0.024   0.000   0.000   0.000 162780400
 2.61  10.15   76.366
 2.61   1.00    0.162    0.007
 2.61   1.00    0.169   77.377
 2.61   1.00    0.160    0.526   0.169   0.523
 2.61   1.00    0.160    0.490   0.169   0.487

 2.62   0.00    0.521    0.485   0.125   0.044   0.111   0.024   0.194   0.024   0.000   0.000   0.000 163404100
 2.62  10.13   76.293
 2.62   1.00    0.162    0.007
 2.62   1.00    0.168   77.291
 2.62   1.00    0.159    0.524   0.168   0.521
 2.62   1.00    0.160    0.488   0.168   0.485

 2.63   0.00    0.519    0.483   0.124   0.044   0.110   0.024   0.193   0.023   0.000   0.000   0.000 164027800
 2.63  10.10   76.221
 2.63   1.00    0.161    0.007
 2.63   1.00    0.168   77.205
 2.63   1.00    0.159    0.522   0.168   0.519
 2.63   1.00    0.160    0.486   0.168   0.484

 2.64   0.00    0.517    0.482   0.124   0.044   0.110   0.024   0.192   0.023   0.000   0.000   0.000 164651500
 2.64  10.08   76.148
 2.64   1.00    0.161    0.007
 2.64   1.00    0.168   77.119
 2.64   1.00    0.159    0.520   0.168   0.518
 2.64   1.00    0.159    0.485   0.168   0.482

 2.65   0.00    0.516    0.480   0.123   0.044   0.109   0.024   0.192   0.023   0.000   0.000   0.000 165275200
 2.65  10.05   76.076
 2.65   1.00    0.161    0.007
 2.65   1.00    0.167   77.033
 2.65   1.00    0.158    0.519   0.167   0.516
 2.65   1.00    0.159    0.483   0.167   0.480

 2.66   0.00    0.514    0.478   0.123   0.044   0.109   0.024   0.191   0.023   0.000   0.000   0.000 165898800
 2.66  10.03   76.003
 2.66   1.00    0.160    0.007
 2.66   1.00    0.167   76.947
 2.66   1.00    0.158    0.517   0.167   0.514
 2.66   1.00    0.159    0.481   0.167   0.479

 2.67   0.00    0.512    0.477   0.123   0.044   0.108   0.024   0.190   0.023   0.000   0.000   0.000 166522500
 2.67  10.01   75.931
 2.67   1.00    0.160    0.007
 2.67   1.00    0.167   76.862
 2.67   1.00    0.158    0.515   0.167   0.512
 2.67   1.00    0.158    0.480   0.167   0.477

 2.68   0.00    0.510    0.475   0.122   0.044   0.108   0.024   0.189   0.023   0.000   0.000   0.000 167146200
 2.68   9.98   75.859
 2.68   1.00    0.160    0.007
 2.68   1.00    0.166   76.776
 2.68   1.00    0.158    0.513   0.166   0.510
 2.68   1.00    0.158    0.478   0.166   0.475

 2.69   0.00    0.508    0.474   0.122   0.044   0.108   0.024   0.188   0.023   0.000   0.000   0.000 167769900
 2.69   9.96   75.787
 2.69   1.00    0.160    0.007
 2.69   1.00    0.166   76.691
 2.69   1.00    0.157    0.511   0.166   0.508
 2.69   1.00    0.158    0.477   0.166   0.474

 2.70   0.00    0.507    0.472   0.121   0.044   0.107   0.024   0.187   0.023   0.000   0.000   0.000 168393600
 2.70   9.93   75.715
 2.70   1.00    0.159    0.007
 2.70   1.00    0.166   76.606
 2.70   1.00    0.157    0.510   0.166   0.507
 2.70   1.00    0.158    0.475   0.166   0.472

 2.71   0.00    0.505    0.470   0.121   0.044   0.107   0.024   0.187   0.023   0.000   0.000   0.000 169017200
 2.71   9.91   75.643
 2.71   1.00    0.159    0.007
 2.71   1.00    0.166   76.521
 2.71   1.00    0.157    0.508   0.166   0.505
 2.71   1.00    0.157    0.473   0.166   0.471

 2.72   0.00    0.503    0.469   0.121   0.044   0.106   0.023   0.186   0.023   0.000   0.000   0.000 169640900
 2.72   9.89   75.571
 2.72   1.00    0.159    0.007
 2.72   1.00    0.165   76.436
 2.72   1.00    0.156    0.506   0.165   0.503
 2.72   1.00    0.157    0.472   0.165   0.469

 2.73   0.00    0.501    0.467   0.120   0.044   0.106   0.023   0.185   0.023   0.000   0.000   0.000 170264600
 2.73   9.86   75.500
 2.73   1.00    0.158    0.007
 2.73   1.00    0.165   76.352
 2.73   1.00    0.156    0.504   0.165   0.501
 2.73   1.00    0.157    0.470   0.165   0.467

 2.74   0.00    0.500    0.466   0.120   0.044   0.105   0.023   0.184   0.023   0.000   0.000   0.000 170888300
 2.74   9.84   75.429
 2.74   1.00    0.158    0.007
 2.74   1.00    0.165   76.267
 2.74   1.00    0.156    0.502   0.165   0.500
 2.74   1.00    0.156    0.469   0.165   0.466

 2.75   0.00    0.498    0.464   0.119   0.044   0.105   0.023   0.183   0.023   0.000   0.000   0.000 171512000
 2.75   9.82   75.357
 2.75   1.00    0.158    0.007
 2.75   1.00    0.164   76.183
 2.75   1.00    0.156    0.501   0.164   0.498
 2.75   1.00    0.156    0.467   0.164   0.464

 2.76   0.00    0.496    0.463   0.119   0.044   0.104   0.023   0.183   0.023   0.000   0.000   0.000 172135600
 2.76   9.79   75.286
 2.76   1.00    0.157    0.007
 2.76   1.00    0.164   76.099
 2.76   1.00    0.155    0.499   0.164   0.496
 2.76   1.00    0.156    0.466   0.164   0.463

 2.77   0.00    0.494    0.461   0.119   0.044   0.104   0.023   0.182   0.023   0.000   0.000   0.000 172759300
 2.77   9.77   75.215
 2.77   1.00    0.157    0.007
 2.77   1.00    0.164   76.015
 2.77   1.00    0.155    0.497   0.164   0.495
 2.77   1.00    0.156    0.464   0.164   0.461

 2.78   0.00    0.493    0.460   0.118   0.044   0.104   0.023   0.181   0.023   0.000   0.000   0.000 173383000
 2.78   9.75   75.144
 2.78   1.00    0.157    0.007
 2.78   1.00    0.163   75.931
 2.78   1.00    0.155    0.496   0.163   0.493
 2.78   1.00    0.155    0.462   0.163   0.460

 2.79   0.00    0.491    0.458   0.118   0.044   0.103   0.023   0.180   0.023   0.000   0.000   0.000 174006700
 2.79   9.72   75.074
 2.79   1.00    0.156    0.007
 2.79   1.00    0.163   75.848
 2.79   1.00    0.154    0.494   0.163   0.491
 2.79   1.00    0.155    0.461   0.163   0.458

 2.80   0.00    0.489    0.457   0.118   0.044   0.103   0.023   0.180   0.023   0.000   0.000   0.000 174630300
 2.80   9.70   75.003
 2.80   1.00    0.156    0.007
 2.80   1.00    0.163   75.765
 2.80   1.00    0.154    0.492   0.163   0.489
 2.80   1.00    0.155    0.459   0.163   0.457

 2.81   0.00    0.488    0.455   0.117   0.044   0.102   0.023   0.179   0.022   0.000   0.000   0.000 175254000
 2.81   9.68   74.933
 2.81   1.00    0.156    0.007
 2.81   1.00    0.162   75.681
 2.81   1.00    0.154    0.491   0.162   0.488
 2.81   1.00    0.154    0.458   0.162   0.455

 2.82   0.00    0.486    0.454   0.117   0.044   0.102   0.023   0.178   0.022   0.000   0.000   0.000 175877700
 2.82   9.66   74.863
 2.82   1.00    0.156    0.007
 2.82   1.00    0.162   75.599
 2.82   1.00    0.154    0.489   0.162   0.486
 2.82   1.00    0.154    0.457   0.162   0.454

 2.83   0.00    0.484    0.452   0.116   0.044   0.102   0.023   0.178   0.022   0.000   0.000   0.000 176501400
 2.83   9.63   74.793
 2.83   1.00    0.155    0.007
 2.83   1.00    0.162   75.516
 2.83   1.00    0.153    0.487   0.162   0.485
 2.83   1.00    0.154    0.455   0.162   0.452

 2.84   0.00    0.483    0.451   0.116   0.044   0.101   0.023   0.177   0.022   0.000   0.000   0.000 177125100
 2.84   9.61   74.723
 2.84   1.00    0.155    0.007
 2.84   1.00    0.162   75.433
 2.84   1.00    0.153    0.486   0.162   0.483
 2.84   1.00    0.154    0.454   0.162   0.451

 2.85   0.00    0.481    0.449   0.116   0.044   0.101   0.023   0.176   0.022   0.000   0.000   0.000 177748700
 2.85   9.59   74.654
 2.85   1.00    0.155    0.007
 2.85   1.00    0.161   75.351
 2.85   1.00    0.153    0.484   0.161   0.481
 2.85   1.00    0.153    0.452   0.161   0.449

 2.86   0.00    0.480    0.448   0.115   0.044   0.100   0.023   0.175   0.022   0.000   0.000   0.000 178372400
 2.86   9.57   74.584
 2.86   1.00    0.154    0.007
 2.86   1.00    0.161   75.269
 2.86   1.00    0.153    0.482   0.161   0.480
 2.86   1.00    0.153    0.451   0.161   0.448

 2.87   0.00    0.478    0.446   0.115   0.044   0.100   0.023   0.175   0.022   0.000   0.000   0.000 178996100
 2.87   9.54   74.515
 2.87   1.00    0.154    0.007
 2.87   1.00    0.161   75.188
 2.87   1.00    0.152    0.481   0.161   0.478
 2.87   1.00    0.153    0.449   0.161   0.447

 2.88   0.00    0.476    0.445   0.115   0.043   0.100   0.023   0.174   0.022   0.000   0.000   0.000 179619800
 2.88   9.52   74.446
 2.88   1.00    0.154    0.007
 2.88   1.00    0.160   75.106
 2.88   1.00    0.152    0.479   0.160   0.476
 2.88   1.00    0.153    0.448   0.160   0.445

 2.89   0.00    0.475    0.444   0.114   0.043   0.099   0.023   0.173   0.022   0.000   0.000   0.000 180243500
 2.89   9.50   74.377
 2.89   1.00    0.153    0.007
 2.89   1.00    0.160   75.025
 2.89   1.00    0.152    0.478   0.160   0.475
 2.89   1.00    0.152    0.446   0.160   0.444

 2.90   0.00    0.473    0.442   0.114   0.043   0.099   0.022   0.173   0.022   0.000   0.000   0.000 180867200
 2.90   9.48   74.308
 2.90   1.00    0.153    0.007
 2.90   1.00    0.160   74.944
 2.90   1.00    0.152    0.476   0.160   0.473
 2.90   1.00    0.152    0.445   0.160   0.442

 2.91   0.00    0.472    0.441   0.114   0.043   0.098   0.022   0.172   0.022   0.000   0.000   0.000 181490800
 2.91   9.46   74.240
 2.91   1.00    0.153    0.007
 2.91   1.00    0.160   74.863
 2.91   1.00    0.151    0.474   0.160   0.472
 2.91   1.00    0.152    0.444   0.160   0.441

 2.92   0.00    0.470    0.439   0.113   0.043   0.098   0.022   0.171   0.022   0.000   0.000   0.000 182114500
 2.92   9.43   74.172
 2.92   1.00    0.153    0.007
 2.92   1.00    0.159   74.782
 2.92   1.00    0.151    0.473   0.159   0.470
 2.92   1.00    0.152    0.442   0.159   0.440

 2.93   0.00    0.469    0.438   0.113   0.043   0.098   0.022   0.171   0.022   0.000   0.000   0.000 182738200
 2.93   9.41   74.104
 2.93   1.00    0.152    0.007
 2.93   1.00    0.159   74.702
 2.93   1.00    0.151    0.471   0.159   0.469
 2.93   1.00    0.151    0.441   0.159   0.438

 2.94   0.00    0.467    0.437   0.113   0.043   0.097   0.022   0.170   0.022   0.000   0.000   0.000 183361900
 2.94   9.39   74.036
 2.94   1.00    0.152    0.007
 2.94   1.00    0.159   74.622
 2.94   1.00    0.151    0.470   0.159   0.467
 2.94   1.00    0.151    0.440   0.159   0.437

 2.95   0.00    0.465    0.435   0.112   0.043   0.097   0.022   0.169   0.022   0.000   0.000   0.000 183985500
 2.95   9.37   73.969
 2.95   1.00    0.152    0.007
 2.95   1.00    0.158   74.542
 2.95   1.00    0.150    0.468   0.158   0.466
 2.95   1.00    0.151    0.438   0.158   0.436

 2.96   0.00    0.464    0.434   0.112   0.043   0.096   0.022   0.169   0.022   0.000   0.000   0.000 184609200
 2.96   9.35   73.901
 2.96   1.00    0.152    0.007
 2.96   1.00    0.158   74.463
 2.96   1.00    0.150    0.467   0.158   0.464
 2.96   1.00    0.151    0.437   0.158   0.434

 2.97   0.00    0.462    0.433   0.111   0.043   0.096   0.022   0.168   0.022   0.000   0.000   0.000 185232900
 2.97   9.33   73.834
 2.97   1.00    0.151    0.007
 2.97   1.00    0.158   74.383
 2.97   1.00    0.150    0.465   0.158   0.463
 2.97   1.00    0.150    0.436   0.158   0.433

 2.98   0.00    0.461    0.431   0.111   0.043   0.096   0.022   0.167   0.022   0.000   0.000   0.000 185856600
 2.98   9.31   73.767
 2.98   1.00    0.151    0.007
 2.98   1.00    0.158   74.304
 2.98   1.00    0.150    0.464   0.158   0.461
 2.98   1.00    0.150    0.434   0.158   0.432

 2.99   0.00    0.459    0.430   0.111   0.043   0.095   0.022   0.167   0.021   0.000   0.000   0.000 186480300
 2.99   9.29   73.700
 2.99   1.00    0.151    0.007
 2.99   1.00    0.157   74.226
 2.99   1.00    0.149    0.462   0.157   0.460
 2.99   1.00    0.150    0.433   0.157   0.430

 3.00   0.00    0.458    0.429   0.110   0.043   0.095   0.022   0.166   0.021   0.000   0.000   0.000 187103900
 3.00   9.26   73.634
 3.00   1.00    0.150    0.007
 3.00   1.00    0.157   74.147
 3.00   1.00    0.149    0.461   0.157   0.458
 3.00   1.00    0.150    0.432   0.157   0.429

 3.01   0.00    0.457    0.428   0.110   0.043   0.095   0.022   0.166   0.021   0.000   0.000   0.000 187727600
 3.01   9.24   73.568
 3.01   1.00    0.150    0.007
 3.01   1.00    0.157   74.069
 3.01   1.00    0.149    0.459   0.157   0.457
 3.01   1.00    0.149    0.430   0.157   0.428

 3.02   0.00    0.455    0.426   0.110   0.043   0.094   0.022   0.165   0.021   0.000   0.000   0.000 188351300
 3.02   9.22   73.502
 3.02   1.00    0.150    0.007
 3.02   1.00    0.157   73.991
 3.02   1.00    0.149    0.458   0.157   0.455
 3.02   1.00    0.149    0.429   0.157   0.426

 3.03   0.00    0.454    0.425   0.110   0.043   0.094   0.022   0.164   0.021   0.000   0.000   0.000 188975000
 3.03   9.20   73.436
 3.03   1.00    0.150    0.007
 3.03   1.00    0.156   73.913
 3.03   1.00    0.148    0.457   0.156   0.454
 3.03   1.00    0.149    0.428   0.156   0.425

 3.04   0.00    0.452    0.424   0.109   0.043   0.093   0.022   0.164   0.021   0.000   0.000   0.000 189598700
 3.04   9.18   73.370
 3.04   1.00    0.149    0.007
 3.04   1.00    0.156   73.836
 3.04   1.00    0.148    0.455   0.156   0.453
 3.04   1.00    0.149    0.427   0.156   0.424

 3.05   0.00    0.451    0.422   0.109   0.043   0.093   0.022   0.163   0.021   0.000   0.000   0.000 190222300
 3.05   9.16   73.305
 3.05   1.00    0.149    0.007
 3.05   1.00    0.156   73.759
 3.05   1.00    0.148    0.454   0.156   0.451
 3.05   1.00    0.148    0.425   0.156   0.423

 3.06   0.00    0.450    0.421   0.109   0.043   0.093   0.022   0.163   0.021   0.000   0.000   0.000 190846000
 3.06   9.14   73.240
 3.06   1.00    0.149    0.007
 3.06   1.00    0.156   73.682
 3.06   1.00    0.148    0.453   0.156   0.450
 3.06   1.00    0.148    0.424   0.156   0.421

 3.07   0.00    0.448    0.420   0.109   0.043   0.092   0.022   0.162   0.021   0.000   0.000   0.000 191469700
 3.07   9.12   73.175
 3.07   1.00    0.149    0.007
 3.07   1.00    0.155   73.605
 3.07   1.00    0.147    0.451   0.155   0.449
 3.07   1.00    0.148    0.423   0.155   0.420

 3.08   0.00    0.447    0.419   0.108   0.043   0.092   0.021   0.161   0.021   0.000   0.000   0.000 192093400
 3.08   9.10   73.111
 3.08   1.00    0.148    0.007
 3.08   1.00    0.155   73.529
 3.08   1.00    0.147    0.450   0.155   0.447
 3.08   1.00    0.148    0.421   0.155   0.419

 3.09   0.00    0.446    0.417   0.108   0.043   0.092   0.021   0.161   0.021   0.000   0.000   0.000 192717100
 3.09   9.08   73.046
 3.09   1.00    0.148    0.007
 3.09   1.00    0.155   73.453
 3.09   1.00    0.147    0.449   0.155   0.446
 3.09   1.00    0.147    0.420   0.155   0.418

 3.10   0.00    0.444    0.416   0.108   0.043   0.091   0.021   0.160   0.021   0.000   0.000   0.000 193340700
 3.10   9.06   72.982
 3.10   1.00    0.148    0.007
 3.10   1.00    0.155   73.377
 3.10   1.00    0.147    0.447   0.155   0.445
 3.10   1.00    0.147    0.419   0.155   0.416

 3.11   0.00    0.443    0.415   0.108   0.043   0.091   0.021   0.160   0.021   0.000   0.000   0.000 193964400
 3.11   9.04   72.918
 3.11   1.00    0.148    0.007
 3.11   1.00    0.154   73.302
 3.11   1.00    0.147    0.446   0.154   0.443
 3.11   1.00    0.147    0.418   0.154   0.415

 3.12   0.00    0.442    0.414   0.107   0.043   0.091   0.021   0.159   0.021   0.000   0.000   0.000 194588100
 3.12   9.02   72.855
 3.12   1.00    0.147    0.007
 3.12   1.00    0.154   73.227
 3.12   1.00    0.146    0.445   0.154   0.442
 3.12   1.00    0.147    0.417   0.154   0.414

 3.13   0.00    0.441    0.413   0.107   0.043   0.090   0.021   0.158   0.021   0.000   0.000   0.000 195211800
 3.13   9.00   72.791
 3.13   1.00    0.147    0.007
 3.13   1.00    0.154   73.152
 3.13   1.00    0.146    0.443   0.154   0.441
 3.13   1.00    0.147    0.415   0.154   0.413

 3.14   0.00    0.439    0.411   0.107   0.043   0.090   0.021   0.158   0.021   0.000   0.000   0.000 195835500
 3.14   8.98   72.728
 3.14   1.00    0.147    0.007
 3.14   1.00    0.154   73.078
 3.14   1.00    0.146    0.442   0.154   0.439
 3.14   1.00    0.146    0.414   0.154   0.412

 3.15   0.00    0.438    0.410   0.106   0.043   0.090   0.021   0.157   0.021   0.000   0.000   0.000 196459100
 3.15   8.96   72.665
 3.15   1.00    0.147    0.007
 3.15   1.00    0.153   73.003
 3.15   1.00    0.146    0.441   0.153   0.438
 3.15   1.00    0.146    0.413   0.153   0.410

 3.16   0.00    0.437    0.409   0.106   0.043   0.089   0.021   0.157   0.021   0.000   0.000   0.000 197082800
 3.16   8.94   72.603
 3.16   1.00    0.146    0.007
 3.16   1.00    0.153   72.929
 3.16   1.00    0.145    0.439   0.153   0.437
 3.16   1.00    0.146    0.412   0.153   0.409

 3.17   0.00    0.435    0.408   0.106   0.043   0.089   0.021   0.156   0.021   0.000   0.000   0.000 197706500
 3.17   8.92   72.540
 3.17   1.00    0.146    0.007
 3.17   1.00    0.153   72.856
 3.17   1.00    0.145    0.438   0.153   0.436
 3.17   1.00    0.146    0.411   0.153   0.408

 3.18   0.00    0.434    0.407   0.106   0.043   0.089   0.021   0.156   0.021   0.000   0.000   0.000 198330200
 3.18   8.90   72.478
 3.18   1.00    0.146    0.007
 3.18   1.00    0.153   72.782
 3.18   1.00    0.145    0.437   0.153   0.434
 3.18   1.00    0.145    0.409   0.153   0.407

 3.19   0.00    0.433    0.406   0.105   0.043   0.088   0.021   0.155   0.020   0.000   0.000   0.000 198953900
 3.19   8.89   72.416
 3.19   1.00    0.146    0.007
 3.19   1.00    0.152   72.709
 3.19   1.00    0.145    0.436   0.152   0.433
 3.19   1.00    0.145    0.408   0.152   0.406

 3.20   0.00    0.432    0.404   0.105   0.043   0.088   0.021   0.155   0.020   0.000   0.000   0.000 199577500
 3.20   8.87   72.355
 3.20   1.00    0.145    0.007
 3.20   1.00    0.152   72.637
 3.20   1.00    0.145    0.434   0.152   0.432
 3.20   1.00    0.145    0.407   0.152   0.404

 3.21   0.00    0.430    0.403   0.105   0.043   0.088   0.021   0.154   0.020   0.000   0.000   0.000 200201200
 3.21   8.85   72.293
 3.21   1.00    0.145    0.007
 3.21   1.00    0.152   72.564
 3.21   1.00    0.144    0.433   0.152   0.430
 3.21   1.00    0.145    0.406   0.152   0.403

 3.22   0.00    0.429    0.402   0.105   0.043   0.087   0.021   0.154   0.020   0.000   0.000   0.000 200824900
 3.22   8.83   72.232
 3.22   1.00    0.145    0.007
 3.22   1.00    0.152   72.492
 3.22   1.00    0.144    0.432   0.152   0.429
 3.22   1.00    0.145    0.405   0.152   0.402

 3.23   0.00    0.428    0.401   0.104   0.043   0.087   0.021   0.153   0.020   0.000   0.000   0.000 201448600
 3.23   8.81   72.171
 3.23   1.00    0.145    0.007
 3.23   1.00    0.151   72.420
 3.23   1.00    0.144    0.431   0.151   0.428
 3.23   1.00    0.144    0.404   0.151   0.401

 3.24   0.00    0.427    0.400   0.104   0.043   0.087   0.021   0.153   0.020   0.000   0.000   0.000 202072300
 3.24   8.79   72.111
 3.24   1.00    0.145    0.007
 3.24   1.00    0.151   72.349
 3.24   1.00    0.144    0.429   0.151   0.427
 3.24   1.00    0.144    0.402   0.151   0.400

 3.25   0.00    0.425    0.399   0.104   0.043   0.086   0.021   0.152   0.020   0.000   0.000   0.000 202695900
 3.25   8.77   72.050
 3.25   1.00    0.144    0.007
 3.25   1.00    0.151   72.277
 3.25   1.00    0.144    0.428   0.151   0.426
 3.25   1.00    0.144    0.401   0.151   0.399

 3.26   0.00    0.424    0.398   0.104   0.043   0.086   0.021   0.151   0.020   0.000   0.000   0.000 203319600
 3.26   8.75   71.990
 3.26   1.00    0.144    0.007
 3.26   1.00    0.151   72.206
 3.26   1.00    0.143    0.427   0.151   0.424
 3.26   1.00    0.144    0.400   0.151   0.398

 3.27   0.00    0.423    0.396   0.103   0.043   0.086   0.021   0.151   0.020   0.000   0.000   0.000 203943300
 3.27   8.74   71.930
 3.27   1.00    0.144    0.007
 3.27   1.00    0.151   72.136
 3.27   1.00    0.143    0.426   0.151   0.423
 3.27   1.00    0.144    0.399   0.151   0.397

 3.28   0.00    0.422    0.395   0.103   0.043   0.085   0.020   0.150   0.020   0.000   0.000   0.000 204567000
 3.28   8.72   71.871
 3.28   1.00    0.144    0.007
 3.28   1.00    0.150   72.065
 3.28   1.00    0.143    0.425   0.150   0.422
 3.28   1.00    0.143    0.398   0.150   0.395

 3.29   0.00    0.421    0.394   0.103   0.042   0.085   0.020   0.150   0.020   0.000   0.000   0.000 205190700
 3.29   8.70   71.811
 3.29   1.00    0.143    0.007
 3.29   1.00    0.150   71.995
 3.29   1.00    0.143    0.423   0.150   0.421
 3.29   1.00    0.143    0.397   0.150   0.394

 3.30   0.00    0.419    0.393   0.103   0.042   0.085   0.020   0.149   0.020   0.000   0.000   0.000 205814300
 3.30   8.68   71.752
 3.30   1.00    0.143    0.007
 3.30   1.00    0.150   71.926
 3.30   1.00    0.143    0.422   0.150   0.420
 3.30   1.00    0.143    0.396   0.150   0.393

 3.31   0.00    0.418    0.392   0.102   0.042   0.084   0.020   0.149   0.020   0.000   0.000   0.000 206438000
 3.31   8.66   71.693
 3.31   1.00    0.143    0.007
 3.31   1.00    0.150   71.856
 3.31   1.00    0.142    0.421   0.150   0.418
 3.31   1.00    0.143    0.395   0.150   0.392

 3.32   0.00    0.417    0.391   0.102   0.042   0.084   0.020   0.148   0.020   0.000   0.000   0.000 207061700
 3.32   8.65   71.635
 3.32   1.00    0.143    0.007
 3.32   1.00    0.149   71.787
 3.32   1.00    0.142    0.420   0.149   0.417
 3.32   1.00    0.143    0.394   0.149   0.391

 3.33   0.00    0.416    0.390   0.102   0.042   0.084   0.020   0.148   0.020   0.000   0.000   0.000 207685400
 3.33   8.63   71.577
 3.33   1.00    0.143    0.007
 3.33   1.00    0.149   71.718
 3.33   1.00    0.142    0.419   0.149   0.416
 3.33   1.00    0.142    0.393   0.149   0.390

 3.34   0.00    0.415    0.389   0.102   0.042   0.083   0.020   0.147   0.020   0.000   0.000   0.000 208309000
 3.34   8.61   71.519
 3.34   1.00    0.142    0.007
 3.34   1.00    0.149   71.650
 3.34   1.00    0.142    0.417   0.149   0.415
 3.34   1.00    0.142    0.392   0.149   0.389

 3.35   0.00    0.414    0.388   0.101   0.042   0.083   0.020   0.147   0.020   0.000   0.000   0.000 208932700
 3.35   8.59   71.461
 3.35   1.00    0.142    0.007
 3.35   1.00    0.149   71.582
 3.35   1.00    0.142    0.416   0.149   0.414
 3.35   1.00    0.142    0.390   0.149   0.388

 3.36   0.00    0.413    0.387   0.101   0.042   0.083   0.020   0.147   0.020   0.000   0.000   0.000 209556400
 3.36   8.57   71.403
 3.36   1.00    0.142    0.007
 3.36   1.00    0.149   71.514
 3.36   1.00    0.141    0.415   0.149   0.413
 3.36   1.00    0.142    0.389   0.149   0.387

 3.37   0.00    0.411    0.386   0.101   0.042   0.082   0.020   0.146   0.020   0.000   0.000   0.000 210180100
 3.37   8.56   71.346
 3.37   1.00    0.142    0.007
 3.37   1.00    0.148   71.446
 3.37   1.00    0.141    0.414   0.148   0.412
 3.37   1.00    0.142    0.388   0.148   0.386

 3.38   0.00    0.410    0.385   0.101   0.042   0.082   0.020   0.146   0.020   0.000   0.000   0.000 210803800
 3.38   8.54   71.289
 3.38   1.00    0.141    0.007
 3.38   1.00    0.148   71.379
 3.38   1.00    0.141    0.413   0.148   0.410
 3.38   1.00    0.141    0.387   0.148   0.385

 3.39   0.00    0.409    0.384   0.100   0.042   0.082   0.020   0.145   0.019   0.000   0.000   0.000 211427500
 3.39   8.52   71.233
 3.39   1.00    0.141    0.007
 3.39   1.00    0.148   71.312
 3.39   1.00    0.141    0.412   0.148   0.409
 3.39   1.00    0.141    0.386   0.148   0.384

 3.40   0.00    0.408    0.383   0.100   0.042   0.082   0.020   0.145   0.019   0.000   0.000   0.000 212051100
 3.40   8.50   71.176
 3.40   1.00    0.141    0.007
 3.40   1.00    0.148   71.246
 3.40   1.00    0.141    0.411   0.148   0.408
 3.40   1.00    0.141    0.385   0.148   0.383

 3.41   0.00    0.407    0.382   0.100   0.042   0.081   0.020   0.144   0.019   0.000   0.000   0.000 212674800
 3.41   8.49   71.120
 3.41   1.00    0.141    0.007
 3.41   1.00    0.148   71.179
 3.41   1.00    0.140    0.410   0.148   0.407
 3.41   1.00    0.141    0.384   0.148   0.382

 3.42   0.00    0.406    0.381   0.100   0.042   0.081   0.020   0.144   0.019   0.000   0.000   0.000 213298500
 3.42   8.47   71.064
 3.42   1.00    0.141    0.007
 3.42   1.00    0.147   71.113
 3.42   1.00    0.140    0.408   0.147   0.406
 3.42   1.00    0.141    0.383   0.147   0.381

 3.43   0.00    0.405    0.380   0.100   0.042   0.081   0.020   0.143   0.019   0.000   0.000   0.000 213922200
 3.43   8.45   71.008
 3.43   1.00    0.140    0.007
 3.43   1.00    0.147   71.048
 3.43   1.00    0.140    0.407   0.147   0.405
 3.43   1.00    0.140    0.382   0.147   0.380

 3.44   0.00    0.404    0.379   0.099   0.042   0.080   0.020   0.143   0.019   0.000   0.000   0.000 214545900
 3.44   8.44   70.952
 3.44   1.00    0.140    0.007
 3.44   1.00    0.147   70.981
 3.44   1.00    0.140    0.406   0.147   0.404
 3.44   1.00    0.140    0.381   0.147   0.379

 3.45   0.00    0.403    0.378   0.099   0.042   0.080   0.020   0.142   0.019   0.000   0.000   0.000 215169500
 3.45   8.42   70.891
 3.45   1.00    0.140    0.007
 3.45   1.00    0.147   70.911
 3.45   1.00    0.140    0.405   0.147   0.403
 3.45   1.00    0.140    0.380   0.147   0.378

 3.46   0.00    0.401    0.377   0.099   0.042   0.080   0.020   0.142   0.019   0.000   0.000   0.000 215793200
 3.46   8.41   70.831
 3.46   1.00    0.140    0.007
 3.46   1.00    0.147   70.841
 3.46   1.00    0.140    0.404   0.147   0.402
 3.46   1.00    0.140    0.379   0.147   0.377

 3.47   0.00    0.400    0.376   0.099   0.042   0.080   0.020   0.141   0.019   0.000   0.000   0.000 216416900
 3.47   8.39   70.771
 3.47   1.00    0.140    0.007
 3.47   1.00    0.146   70.771
 3.47   1.00    0.139    0.403   0.146   0.400
 3.47   1.00    0.140    0.378   0.146   0.376

 3.48   0.00    0.399    0.375   0.098   0.042   0.079   0.020   0.141   0.019   0.000   0.000   0.000 217040600
 3.48   8.37   70.711
 3.48   1.00    0.140    0.007
 3.48   1.00    0.146   70.701
 3.48   1.00    0.139    0.402   0.146   0.399
 3.48   1.00    0.140    0.377   0.146   0.375

 3.49   0.00    0.398    0.374   0.098   0.042   0.079   0.019   0.141   0.019   0.000   0.000   0.000 217664300
 3.49   8.36   70.652
 3.49   1.00    0.139    0.007
 3.49   1.00    0.146   70.632
 3.49   1.00    0.139    0.401   0.146   0.398
 3.49   1.00    0.140    0.376   0.146   0.374

 3.50   0.00    0.397    0.373   0.098   0.042   0.079   0.019   0.140   0.019   0.000   0.000   0.000 218287900
 3.50   8.34   70.592
 3.50   1.00    0.139    0.007
 3.50   1.00    0.146   70.563
 3.50   1.00    0.139    0.400   0.146   0.397
 3.50   1.00    0.139    0.375   0.146   0.373

 3.51   0.00    0.396    0.372   0.098   0.042   0.078   0.019   0.140   0.019   0.000   0.000   0.000 218911600
 3.51   8.33   70.533
 3.51   1.00    0.139    0.007
 3.51   1.00    0.146   70.494
 3.51   1.00    0.139    0.399   0.146   0.396
 3.51   1.00    0.139    0.374   0.146   0.372

 3.52   0.00    0.395    0.371   0.097   0.042   0.078   0.019   0.139   0.019   0.000   0.000   0.000 219535300
 3.52   8.31   70.474
 3.52   1.00    0.139    0.007
 3.52   1.00    0.146   70.425
 3.52   1.00    0.139    0.398   0.146   0.395
 3.52   1.00    0.139    0.373   0.146   0.371

 3.53   0.00    0.394    0.370   0.097   0.042   0.078   0.019   0.139   0.019   0.000   0.000   0.000 220159000
 3.53   8.30   70.415
 3.53   1.00    0.139    0.007
 3.53   1.00    0.145   70.357
 3.53   1.00    0.138    0.397   0.145   0.394
 3.53   1.00    0.139    0.372   0.145   0.370

 3.54   0.00    0.393    0.369   0.097   0.042   0.078   0.019   0.138   0.019   0.000   0.000   0.000 220782600
 3.54   8.28   70.356
 3.54   1.00    0.139    0.007
 3.54   1.00    0.145   70.288
 3.54   1.00    0.138    0.396   0.145   0.393
 3.54   1.00    0.139    0.371   0.145   0.369

 3.55   0.00    0.392    0.368   0.097   0.042   0.077   0.019   0.138   0.019   0.000   0.000   0.000 221406300
 3.55   8.27   70.297
 3.55   1.00    0.138    0.007
 3.55   1.00    0.145   70.221
 3.55   1.00    0.138    0.395   0.145   0.392
 3.55   1.00    0.139    0.371   0.145   0.368

 3.56   0.00    0.391    0.367   0.097   0.042   0.077   0.019   0.138   0.019   0.000   0.000   0.000 222030000
 3.56   8.25   70.239
 3.56   1.00    0.138    0.007
 3.56   1.00    0.145   70.153
 3.56   1.00    0.138    0.393   0.145   0.391
 3.56   1.00    0.138    0.370   0.145   0.367

 3.57   0.00    0.390    0.366   0.096   0.042   0.077   0.019   0.137   0.019   0.000   0.000   0.000 222653700
 3.57   8.24   70.181
 3.57   1.00    0.138    0.007
 3.57   1.00    0.145   70.085
 3.57   1.00    0.138    0.392   0.145   0.390
 3.57   1.00    0.138    0.369   0.145   0.366

 3.58   0.00    0.389    0.365   0.096   0.042   0.076   0.019   0.137   0.019   0.000   0.000   0.000 223277400
 3.58   8.22   70.123
 3.58   1.00    0.138    0.007
 3.58   1.00    0.145   70.018
 3.58   1.00    0.138    0.391   0.145   0.389
 3.58   1.00    0.138    0.368   0.145   0.365

 3.59   0.00    0.388    0.364   0.096   0.042   0.076   0.019   0.136   0.019   0.000   0.000   0.000 223901000
 3.59   8.21   70.059
 3.59   1.00    0.138    0.007
 3.59   1.00    0.144   69.951
 3.59   1.00    0.138    0.390   0.144   0.388
 3.59   1.00    0.138    0.367   0.144   0.364

 3.60   0.00    0.387    0.363   0.096   0.042   0.076   0.019   0.136   0.019   0.000   0.000   0.000 224524700
 3.60   8.20   69.992
 3.60   1.00    0.138    0.007
 3.60   1.00    0.144   69.884
 3.60   1.00    0.137    0.389   0.144   0.387
 3.60   1.00    0.138    0.366   0.144   0.363

 3.61   0.00    0.386    0.362   0.095   0.042   0.076   0.019   0.136   0.019   0.000   0.000   0.000 225148400
 3.61   8.19   69.925
 3.61   1.00    0.137    0.007
 3.61   1.00    0.144   69.818
 3.61   1.00    0.137    0.388   0.144   0.386
 3.61   1.00    0.138    0.365   0.144   0.363

 3.62   0.00    0.385    0.361   0.095   0.042   0.075   0.019   0.135   0.018   0.000   0.000   0.000 225772100
 3.62   8.18   69.859
 3.62   1.00    0.137    0.007
 3.62   1.00    0.144   69.752
 3.62   1.00    0.137    0.387   0.144   0.385
 3.62   1.00    0.138    0.364   0.144   0.362

 3.63   0.00    0.384    0.361   0.095   0.042   0.075   0.019   0.135   0.018   0.000   0.000   0.000 226395800
 3.63   8.17   69.792
 3.63   1.00    0.137    0.007
 3.63   1.00    0.144   69.686
 3.63   1.00    0.137    0.386   0.144   0.384
 3.63   1.00    0.137    0.363   0.144   0.361

 3.64   0.00    0.383    0.360   0.095   0.042   0.075   0.019   0.134   0.018   0.000   0.000   0.000 227019500
 3.64   8.16   69.726
 3.64   1.00    0.137    0.007
 3.64   1.00    0.144   69.620
 3.64   1.00    0.137    0.385   0.144   0.383
 3.64   1.00    0.137    0.362   0.144   0.360

 3.65   0.00    0.382    0.359   0.094   0.042   0.075   0.019   0.134   0.018   0.000   0.000   0.000 227643100
 3.65   8.15   69.660
 3.65   1.00    0.137    0.007
 3.65   1.00    0.143   69.555
 3.65   1.00    0.137    0.384   0.143   0.382
 3.65   1.00    0.137    0.361   0.143   0.359

 3.66   0.00    0.381    0.358   0.094   0.042   0.074   0.019   0.134   0.018   0.000   0.000   0.000 228266800
 3.66   8.15   69.595
 3.66   1.00    0.137    0.007
 3.66   1.00    0.143   69.489
 3.66   1.00    0.137    0.383   0.143   0.381
 3.66   1.00    0.137    0.360   0.143   0.358

 3.67   0.00    0.380    0.357   0.094   0.042   0.074   0.019   0.133   0.018   0.000   0.000   0.000 228890500
 3.67   8.14   69.529
 3.67   1.00    0.136    0.007
 3.67   1.00    0.143   69.424
 3.67   1.00    0.136    0.382   0.143   0.380
 3.67   1.00    0.137    0.360   0.143   0.357

 3.68   0.00    0.379    0.356   0.094   0.042   0.074   0.019   0.133   0.018   0.000   0.000   0.000 229514200
 3.68   8.13   69.464
 3.68   1.00    0.136    0.007
 3.68   1.00    0.143   69.359
 3.68   1.00    0.136    0.382   0.143   0.379
 3.68   1.00    0.137    0.359   0.143   0.356

 3.69   0.00    0.378    0.355   0.094   0.042   0.074   0.019   0.132   0.018   0.000   0.000   0.000 230137900
 3.69   8.12   69.399
 3.69   1.00    0.136    0.007
 3.69   1.00    0.143   69.295
 3.69   1.00    0.136    0.381   0.143   0.378
 3.69   1.00    0.137    0.358   0.143   0.355

 3.70   0.00    0.377    0.354   0.093   0.042   0.073   0.019   0.132   0.018   0.000   0.000   0.000 230761500
 3.70   8.11   69.334
 3.70   1.00    0.136    0.007
 3.70   1.00    0.143   69.231
 3.70   1.00    0.136    0.380   0.143   0.377
 3.70   1.00    0.136    0.357   0.143   0.355

 3.71   0.00    0.376    0.354   0.093   0.042   0.073   0.018   0.132   0.018   0.000   0.000   0.000 231385200
 3.71   8.10   69.270
 3.71   1.00    0.136    0.007
 3.71   1.00    0.143   69.167
 3.71   1.00    0.136    0.379   0.143   0.376
 3.71   1.00    0.136    0.356   0.143   0.354

 3.72   0.00    0.375    0.353   0.093   0.042   0.073   0.018   0.131   0.018   0.000   0.000   0.000 232008900
 3.72   8.10   69.206
 3.72   1.00    0.136    0.007
 3.72   1.00    0.142   69.103
 3.72   1.00    0.136    0.378   0.142   0.375
 3.72   1.00    0.136    0.355   0.142   0.353

 3.73   0.00    0.374    0.352   0.093   0.042   0.073   0.018   0.131   0.018   0.000   0.000   0.000 232632600
 3.73   8.09   69.142
 3.73   1.00    0.136    0.007
 3.73   1.00    0.142   69.039
 3.73   1.00    0.136    0.377   0.142   0.374
 3.73   1.00    0.136    0.354   0.142   0.352

 3.74   0.00    0.373    0.351   0.093   0.042   0.072   0.018   0.130   0.018   0.000   0.000   0.000 233256200
 3.74   8.08   69.078
 3.74   1.00    0.135    0.007
 3.74   1.00    0.142   68.976
 3.74   1.00    0.136    0.376   0.142   0.373
 3.74   1.00    0.136    0.354   0.142   0.351

 3.75   0.00    0.372    0.350   0.092   0.042   0.072   0.018   0.130   0.018   0.000   0.000   0.000 233879900
 3.75   8.07   69.015
 3.75   1.00    0.135    0.007
 3.75   1.00    0.142   68.913
 3.75   1.00    0.135    0.375   0.142   0.372
 3.75   1.00    0.136    0.353   0.142   0.350

 3.76   0.00    0.371    0.349   0.092   0.042   0.072   0.018   0.130   0.018   0.000   0.000   0.000 234503600
 3.76   8.06   68.952
 3.76   1.00    0.135    0.007
 3.76   1.00    0.142   68.850
 3.76   1.00    0.135    0.374   0.142   0.372
 3.76   1.00    0.136    0.352   0.142   0.349

 3.77   0.00    0.370    0.349   0.092   0.042   0.072   0.018   0.129   0.018   0.000   0.000   0.000 235127300
 3.77   8.06   68.889
 3.77   1.00    0.135    0.007
 3.77   1.00    0.142   68.788
 3.77   1.00    0.135    0.373   0.142   0.371
 3.77   1.00    0.136    0.351   0.142   0.349

 3.78   0.00    0.370    0.348   0.092   0.042   0.071   0.018   0.129   0.018   0.000   0.000   0.000 235751000
 3.78   8.05   68.826
 3.78   1.00    0.135    0.007
 3.78   1.00    0.142   68.726
 3.78   1.00    0.135    0.372   0.142   0.370
 3.78   1.00    0.135    0.350   0.142   0.348

 3.79   0.00    0.369    0.347   0.091   0.042   0.071   0.018   0.129   0.018   0.000   0.000   0.000 236374600
 3.79   8.04   68.764
 3.79   1.00    0.135    0.007
 3.79   1.00    0.141   68.663
 3.79   1.00    0.135    0.371   0.141   0.369
 3.79   1.00    0.135    0.349   0.141   0.347

 3.80   0.00    0.368    0.346   0.091   0.042   0.071   0.018   0.128   0.018   0.000   0.000   0.000 236998300
 3.80   8.03   68.701
 3.80   1.00    0.135    0.007
 3.80   1.00    0.141   68.602
 3.80   1.00    0.135    0.370   0.141   0.368
 3.80   1.00    0.135    0.349   0.141   0.346

 3.81   0.00    0.367    0.345   0.091   0.041   0.071   0.018   0.128   0.018   0.000   0.000   0.000 237622000
 3.81   8.02   68.639
 3.81   1.00    0.135    0.007
 3.81   1.00    0.141   68.540
 3.81   1.00    0.135    0.369   0.141   0.367
 3.81   1.00    0.135    0.348   0.141   0.345

 3.82   0.00    0.366    0.344   0.091   0.041   0.070   0.018   0.127   0.018   0.000   0.000   0.000 238245700
 3.82   8.02   68.578
 3.82   1.00    0.134    0.007
 3.82   1.00    0.141   68.479
 3.82   1.00    0.135    0.368   0.141   0.366
 3.82   1.00    0.135    0.347   0.141   0.345

 3.83   0.00    0.365    0.344   0.091   0.041   0.070   0.018   0.127   0.018   0.000   0.000   0.000 238869400
 3.83   8.01   68.516
 3.83   1.00    0.134    0.007
 3.83   1.00    0.141   68.418
 3.83   1.00    0.135    0.368   0.141   0.365
 3.83   1.00    0.135    0.346   0.141   0.344

 3.84   0.00    0.364    0.343   0.090   0.041   0.070   0.018   0.127   0.018   0.000   0.000   0.000 239493000
 3.84   8.00   68.455
 3.84   1.00    0.134    0.007
 3.84   1.00    0.141   68.357
 3.84   1.00    0.134    0.367   0.141   0.364
 3.84   1.00    0.135    0.345   0.141   0.343

 3.85   0.00    0.363    0.342   0.090   0.041   0.070   0.018   0.126   0.017   0.000   0.000   0.000 240116700
 3.85   7.99   68.394
 3.85   1.00    0.134    0.007
 3.85   1.00    0.141   68.296
 3.85   1.00    0.134    0.366   0.141   0.363
 3.85   1.00    0.135    0.345   0.141   0.342

 3.86   0.00    0.362    0.341   0.090   0.041   0.070   0.018   0.126   0.017   0.000   0.000   0.000 240740400
 3.86   7.99   68.334
 3.86   1.00    0.134    0.007
 3.86   1.00    0.141   68.236
 3.86   1.00    0.134    0.365   0.141   0.362
 3.86   1.00    0.135    0.344   0.141   0.341

 3.87   0.00    0.361    0.340   0.090   0.041   0.069   0.018   0.126   0.017   0.000   0.000   0.000 241364100
 3.87   7.98   68.273
 3.87   1.00    0.134    0.007
 3.87   1.00    0.140   68.176
 3.87   1.00    0.134    0.364   0.140   0.362
 3.87   1.00    0.134    0.343   0.140   0.341

 3.88   0.00    0.361    0.340   0.090   0.041   0.069   0.018   0.125   0.017   0.000   0.000   0.000 241987800
 3.88   7.97   68.213
 3.88   1.00    0.134    0.007
 3.88   1.00    0.140   68.116
 3.88   1.00    0.134    0.363   0.140   0.361
 3.88   1.00    0.134    0.342   0.140   0.340

 3.89   0.00    0.360    0.339   0.089   0.041   0.069   0.018   0.125   0.017   0.000   0.000   0.000 242611500
 3.89   7.97   68.153
 3.89   1.00    0.133    0.007
 3.89   1.00    0.140   68.057
 3.89   1.00    0.134    0.362   0.140   0.360
 3.89   1.00    0.134    0.341   0.140   0.339

 3.90   0.00    0.359    0.338   0.089   0.041   0.069   0.018   0.125   0.017   0.000   0.000   0.000 243235100
 3.90   7.96   68.093
 3.90   1.00    0.133    0.007
 3.90   1.00    0.140   67.998
 3.90   1.00    0.134    0.361   0.140   0.359
 3.90   1.00    0.134    0.340   0.140   0.338

 3.91   0.00    0.358    0.337   0.089   0.041   0.068   0.018   0.124   0.017   0.000   0.000   0.000 243858800
 3.91   7.95   68.034
 3.91   1.00    0.133    0.007
 3.91   1.00    0.140   67.938
 3.91   1.00    0.134    0.361   0.140   0.358
 3.91   1.00    0.134    0.340   0.140   0.337

 3.92   0.00    0.357    0.336   0.089   0.041   0.068   0.018   0.124   0.017   0.000   0.000   0.000 244482500
 3.92   7.94   67.975
 3.92   1.00    0.133    0.007
 3.92   1.00    0.140   67.880
 3.92   1.00    0.134    0.360   0.140   0.357
 3.92   1.00    0.134    0.339   0.140   0.336

 3.93   0.00    0.356    0.336   0.089   0.041   0.068   0.018   0.124   0.017   0.000   0.000   0.000 245106200
 3.93   7.94   67.916
 3.93   1.00    0.133    0.007
 3.93   1.00    0.140   67.821
 3.93   1.00    0.133    0.359   0.140   0.356
 3.93   1.00    0.134    0.338   0.140   0.336

 3.94   0.00    0.355    0.335   0.088   0.041   0.068   0.018   0.123   0.017   0.000   0.000   0.000 245729800
 3.94   7.93   67.857
 3.94   1.00    0.133    0.007
 3.94   1.00    0.140   67.763
 3.94   1.00    0.133    0.358   0.140   0.356
 3.94   1.00    0.134    0.337   0.140   0.335

 3.95   0.00    0.355    0.334   0.088   0.041   0.068   0.017   0.123   0.017   0.000   0.000   0.000 246353500
 3.95   7.92   67.799
 3.95   1.00    0.133    0.007
 3.95   1.00    0.139   67.705
 3.95   1.00    0.133    0.357   0.139   0.355
 3.95   1.00    0.134    0.336   0.139   0.334

 3.96   0.00    0.354    0.333   0.088   0.041   0.067   0.017   0.123   0.017   0.000   0.000   0.000 246977200
 3.96   7.92   67.740
 3.96   1.00    0.133    0.007
 3.96   1.00    0.139   67.647
 3.96   1.00    0.133    0.356   0.139   0.354
 3.96   1.00    0.133    0.336   0.139   0.333

 3.97   0.00    0.353    0.332   0.088   0.041   0.067   0.017   0.122   0.017   0.000   0.000   0.000 247600900
 3.97   7.91   67.682
 3.97   1.00    0.133    0.007
 3.97   1.00    0.139   67.589
 3.97   1.00    0.133    0.355   0.139   0.353
 3.97   1.00    0.133    0.335   0.139   0.333

 3.98   0.00    0.352    0.332   0.088   0.041   0.067   0.017   0.122   0.017   0.000   0.000   0.000 248224600
 3.98   7.90   67.625
 3.98   1.00    0.132    0.007
 3.98   1.00    0.139   67.532
 3.98   1.00    0.133    0.355   0.139   0.352
 3.98   1.00    0.133    0.334   0.139   0.332

 3.99   0.00    0.351    0.331   0.087   0.041   0.067   0.017   0.122   0.017   0.000   0.000   0.000 248848200
 3.99   7.90   67.567
 3.99   1.00    0.132    0.007
 3.99   1.00    0.139   67.475
 3.99   1.00    0.133    0.354   0.139   0.351
 3.99   1.00    0.133    0.333   0.139   0.331

 4.00   0.00    0.350    0.330   0.087   0.041   0.067   0.017   0.121   0.017   0.000   0.000   0.000 249471900
 4.00   7.89   67.510
 4.00   1.00    0.132    0.007
 4.00   1.00    0.139   67.418
 4.00   1.00    0.133    0.353   0.139   0.351
 4.00   1.00    0.133    0.333   0.139   0.330

 4.01   0.00    0.350    0.329   0.087   0.041   0.066   0.017   0.121   0.017   0.000   0.000   0.000 250095600
 4.01   7.88   67.453
 4.01   1.00    0.132    0.007
 4.01   1.00    0.139   67.362
 4.01   1.00    0.133    0.352   0.139   0.350
 4.01   1.00    0.133    0.332   0.139   0.329

 4.02   0.00    0.349    0.329   0.087   0.041   0.066   0.017   0.121   0.017   0.000   0.000   0.000 250719300
 4.02   7.88   67.396
 4.02   1.00    0.132    0.007
 4.02   1.00    0.139   67.305
 4.02   1.00    0.133    0.351   0.139   0.349
 4.02   1.00    0.133    0.331   0.139   0.329

 4.03   0.00    0.348    0.328   0.087   0.041   0.066   0.017   0.120   0.017   0.000   0.000   0.000 251343000
 4.03   7.87   67.340
 4.03   1.00    0.132    0.007
 4.03   1.00    0.139   67.249
 4.03   1.00    0.132    0.350   0.139   0.348
 4.03   1.00    0.133    0.330   0.139   0.328

 4.04   0.00    0.347    0.327   0.086   0.041   0.066   0.017   0.120   0.017   0.000   0.000   0.000 251966600
 4.04   7.87   67.284
 4.04   1.00    0.132    0.007
 4.04   1.00    0.138   67.194
 4.04   1.00    0.132    0.350   0.138   0.347
 4.04   1.00    0.133    0.330   0.138   0.327

 4.05   0.00    0.346    0.326   0.086   0.041   0.065   0.017   0.120   0.017   0.000   0.000   0.000 252590300
 4.05   7.86   67.228
 4.05   1.00    0.132    0.007
 4.05   1.00    0.138   67.138
 4.05   1.00    0.132    0.349   0.138   0.346
 4.05   1.00    0.133    0.329   0.138   0.326

 4.06   0.00    0.346    0.326   0.086   0.041   0.065   0.017   0.119   0.017   0.000   0.000   0.000 253214000
 4.06   7.85   67.172
 4.06   1.00    0.132    0.007
 4.06   1.00    0.138   67.083
 4.06   1.00    0.132    0.348   0.138   0.346
 4.06   1.00    0.132    0.328   0.138   0.326

 4.07   0.00    0.345    0.325   0.086   0.041   0.065   0.017   0.119   0.017   0.000   0.000   0.000 253837700
 4.07   7.85   67.117
 4.07   1.00    0.131    0.007
 4.07   1.00    0.138   67.028
 4.07   1.00    0.132    0.347   0.138   0.345
 4.07   1.00    0.132    0.327   0.138   0.325

 4.08   0.00    0.344    0.324   0.086   0.041   0.065   0.017   0.119   0.017   0.000   0.000   0.000 254461400
 4.08   7.84   67.062
 4.08   1.00    0.131    0.007
 4.08   1.00    0.138   66.973
 4.08   1.00    0.132    0.346   0.138   0.344
 4.08   1.00    0.132    0.327   0.138   0.324

 4.09   0.00    0.343    0.323   0.085   0.041   0.065   0.017   0.119   0.017   0.000   0.000   0.000 255085000
 4.09   7.84   67.007
 4.09   1.00    0.131    0.007
 4.09   1.00    0.138   66.918
 4.09   1.00    0.132    0.346   0.138   0.343
 4.09   1.00    0.132    0.326   0.138   0.323

 4.10   0.00    0.342    0.323   0.085   0.041   0.064   0.017   0.118   0.017   0.000   0.000   0.000 255708700
 4.10   7.83   66.952
 4.10   1.00    0.131    0.007
 4.10   1.00    0.138   66.864
 4.10   1.00    0.132    0.345   0.138   0.342
 4.10   1.00    0.132    0.325   0.138   0.323

 4.11   0.00    0.342    0.322   0.085   0.041   0.064   0.017   0.118   0.016   0.000   0.000   0.000 256332400
 4.11   7.82   66.897
 4.11   1.00    0.131    0.007
 4.11   1.00    0.138   66.810
 4.11   1.00    0.132    0.344   0.138   0.342
 4.11   1.00    0.132    0.324   0.138   0.322

 4.12   0.00    0.341    0.321   0.085   0.041   0.064   0.017   0.118   0.016   0.000   0.000   0.000 256956100
 4.12   7.82   66.843
 4.12   1.00    0.131    0.007
 4.12   1.00    0.138   66.756
 4.12   1.00    0.132    0.343   0.138   0.341
 4.12   1.00    0.132    0.324   0.138   0.321

 4.13   0.00    0.340    0.321   0.085   0.041   0.064   0.017   0.117   0.016   0.000   0.000   0.000 257579800
 4.13   7.81   66.789
 4.13   1.00    0.131    0.007
 4.13   1.00    0.137   66.702
 4.13   1.00    0.132    0.342   0.137   0.340
 4.13   1.00    0.132    0.323   0.137   0.321

 4.14   0.00    0.339    0.320   0.084   0.041   0.064   0.017   0.117   0.016   0.000   0.000   0.000 258203400
 4.14   7.81   66.736
 4.14   1.00    0.131    0.007
 4.14   1.00    0.137   66.649
 4.14   1.00    0.131    0.342   0.137   0.339
 4.14   1.00    0.132    0.322   0.137   0.320

 4.15   0.00    0.338    0.319   0.084   0.041   0.063   0.017   0.117   0.016   0.000   0.000   0.000 258827100
 4.15   7.80   66.682
 4.15   1.00    0.131    0.007
 4.15   1.00    0.137   66.596
 4.15   1.00    0.131    0.341   0.137   0.339
 4.15   1.00    0.132    0.322   0.137   0.319

 4.16   0.00    0.338    0.318   0.084   0.041   0.063   0.017   0.116   0.016   0.000   0.000   0.000 259450800
 4.16   7.80   66.629
 4.16   1.00    0.131    0.007
 4.16   1.00    0.137   66.543
 4.16   1.00    0.131    0.340   0.137   0.338
 4.16   1.00    0.132    0.321   0.137   0.318

 4.17   0.00    0.337    0.318   0.084   0.041   0.063   0.017   0.116   0.016   0.000   0.000   0.000 260074500
 4.17   7.79   66.576
 4.17   1.00    0.130    0.007
 4.17   1.00    0.137   66.491
 4.17   1.00    0.131    0.339   0.137   0.337
 4.17   1.00    0.132    0.320   0.137   0.318

 4.18   0.00    0.336    0.317   0.084   0.041   0.063   0.017   0.116   0.016   0.000   0.000   0.000 260698100
 4.18   7.78   66.523
 4.18   1.00    0.130    0.007
 4.18   1.00    0.137   66.438
 4.18   1.00    0.131    0.339   0.137   0.336
 4.18   1.00    0.131    0.319   0.137   0.317

 4.19   0.00    0.335    0.316   0.084   0.041   0.063   0.017   0.116   0.016   0.000   0.000   0.000 261321800
 4.19   7.78   66.471
 4.19   1.00    0.130    0.007
 4.19   1.00    0.137   66.386
 4.19   1.00    0.131    0.338   0.137   0.336
 4.19   1.00    0.131    0.319   0.137   0.316

 4.20   0.00    0.335    0.316   0.083   0.041   0.063   0.017   0.115   0.016   0.000   0.000   0.000 261945500
 4.20   7.77   66.419
 4.20   1.00    0.130    0.007
 4.20   1.00    0.137   66.334
 4.20   1.00    0.131    0.337   0.137   0.335
 4.20   1.00    0.131    0.318   0.137   0.316

 4.21   0.00    0.334    0.315   0.083   0.041   0.062   0.016   0.115   0.016   0.000   0.000   0.000 262569200
 4.21   7.77   66.367
 4.21   1.00    0.130    0.007
 4.21   1.00    0.137   66.283
 4.21   1.00    0.131    0.336   0.137   0.334
 4.21   1.00    0.131    0.317   0.137   0.315

 4.22   0.00    0.333    0.314   0.083   0.041   0.062   0.016   0.115   0.016   0.000   0.000   0.000 263192900
 4.22   7.76   66.315
 4.22   1.00    0.130    0.007
 4.22   1.00    0.137   66.231
 4.22   1.00    0.131    0.336   0.137   0.333
 4.22   1.00    0.131    0.317   0.137   0.314

 4.23   0.00    0.332    0.314   0.083   0.041   0.062   0.016   0.114   0.016   0.000   0.000   0.000 263816600
 4.23   7.76   66.267
 4.23   1.00    0.130    0.007
 4.23   1.00    0.137   66.183
 4.23   1.00    0.131    0.335   0.137   0.333
 4.23   1.00    0.131    0.316   0.137   0.314

 4.24   0.00    0.332    0.313   0.083   0.041   0.062   0.016   0.114   0.016   0.000   0.000   0.000 264440200
 4.24   7.75   66.238
 4.24   1.00    0.130    0.007
 4.24   1.00    0.136   66.155
 4.24   1.00    0.130    0.334   0.136   0.332
 4.24   1.00    0.131    0.315   0.136   0.313

 4.25   0.00    0.331    0.312   0.082   0.041   0.062   0.016   0.114   0.016   0.000   0.000   0.000 265063900
 4.25   7.73   66.209
 4.25   1.00    0.129    0.007
 4.25   1.00    0.136   66.126
 4.25   1.00    0.130    0.333   0.136   0.331
 4.25   1.00    0.131    0.315   0.136   0.312

 4.26   0.00    0.330    0.311   0.082   0.041   0.061   0.016   0.114   0.016   0.000   0.000   0.000 265687600
 4.26   7.72   66.180
 4.26   1.00    0.129    0.007
 4.26   1.00    0.136   66.097
 4.26   1.00    0.130    0.333   0.136   0.330
 4.26   1.00    0.130    0.314   0.136   0.312

 4.27   0.00    0.329    0.311   0.082   0.041   0.061   0.016   0.113   0.016   0.000   0.000   0.000 266311300
 4.27   7.71   66.151
 4.27   1.00    0.129    0.007
 4.27   1.00    0.136   66.068
 4.27   1.00    0.130    0.332   0.136   0.330
 4.27   1.00    0.130    0.313   0.136   0.311

 4.28   0.00    0.329    0.310   0.082   0.041   0.061   0.016   0.113   0.016   0.000   0.000   0.000 266935000
 4.28   7.70   66.122
 4.28   1.00    0.129    0.007
 4.28   1.00    0.135   66.039
 4.28   1.00    0.130    0.331   0.135   0.329
 4.28   1.00    0.130    0.313   0.135   0.310

 4.29   0.00    0.328    0.309   0.082   0.041   0.061   0.016   0.113   0.016   0.000   0.000   0.000 267558600
 4.29   7.69   66.093
 4.29   1.00    0.129    0.007
 4.29   1.00    0.135   66.011
 4.29   1.00    0.130    0.330   0.135   0.328
 4.29   1.00    0.130    0.312   0.135   0.310

 4.30   0.00    0.327    0.309   0.082   0.041   0.061   0.016   0.112   0.016   0.000   0.000   0.000 268182300
 4.30   7.68   66.064
 4.30   1.00    0.128    0.007
 4.30   1.00    0.135   65.982
 4.30   1.00    0.129    0.330   0.135   0.327
 4.30   1.00    0.130    0.311   0.135   0.309

 4.31   0.00    0.327    0.308   0.081   0.041   0.060   0.016   0.112   0.016   0.000   0.000   0.000 268806000
 4.31   7.66   66.035
 4.31   1.00    0.128    0.007
 4.31   1.00    0.135   65.953
 4.31   1.00    0.129    0.329   0.135   0.327
 4.31   1.00    0.129    0.311   0.135   0.308

 4.32   0.00    0.326    0.307   0.081   0.041   0.060   0.016   0.112   0.016   0.000   0.000   0.000 269429700
 4.32   7.65   66.007
 4.32   1.00    0.128    0.007
 4.32   1.00    0.135   65.924
 4.32   1.00    0.129    0.328   0.135   0.326
 4.32   1.00    0.129    0.310   0.135   0.308

 4.33   0.00    0.325    0.307   0.081   0.041   0.060   0.016   0.112   0.016   0.000   0.000   0.000 270053300
 4.33   7.64   65.978
 4.33   1.00    0.128    0.007
 4.33   1.00    0.134   65.896
 4.33   1.00    0.129    0.328   0.134   0.325
 4.33   1.00    0.129    0.309   0.134   0.307

 4.34   0.00    0.324    0.306   0.081   0.041   0.060   0.016   0.111   0.016   0.000   0.000   0.000 270677100
 4.34   7.63   65.949
 4.34   1.00    0.128    0.007
 4.34   1.00    0.134   65.867
 4.34   1.00    0.129    0.327   0.134   0.325
 4.34   1.00    0.129    0.309   0.134   0.306

 4.35   0.00    0.324    0.306   0.081   0.041   0.060   0.016   0.111   0.016   0.000   0.000   0.000 271300700
 4.35   7.62   65.921
 4.35   1.00    0.127    0.007
 4.35   1.00    0.134   65.839
 4.35   1.00    0.128    0.326   0.134   0.324
 4.35   1.00    0.129    0.308   0.134   0.306

 4.36   0.00    0.323    0.305   0.080   0.041   0.060   0.016   0.111   0.016   0.000   0.000   0.000 271924400
 4.36   7.61   65.892
 4.36   1.00    0.127    0.007
 4.36   1.00    0.134   65.810
 4.36   1.00    0.128    0.325   0.134   0.323
 4.36   1.00    0.129    0.307   0.134   0.305

 4.37   0.00    0.322    0.304   0.080   0.041   0.059   0.016   0.110   0.016   0.000   0.000   0.000 272548100
 4.37   7.60   65.863
 4.37   1.00    0.127    0.007
 4.37   1.00    0.134   65.782
 4.37   1.00    0.128    0.325   0.134   0.322
 4.37   1.00    0.128    0.307   0.134   0.304

 4.38   0.00    0.322    0.304   0.080   0.041   0.059   0.016   0.110   0.016   0.000   0.000   0.000 273171700
 4.38   7.58   65.835
 4.38   1.00    0.127    0.007
 4.38   1.00    0.133   65.753
 4.38   1.00    0.128    0.324   0.133   0.322
 4.38   1.00    0.128    0.306   0.133   0.304

 4.39   0.00    0.321    0.303   0.080   0.041   0.059   0.016   0.110   0.016   0.000   0.000   0.000 273795400
 4.39   7.57   65.806
 4.39   1.00    0.127    0.007
 4.39   1.00    0.133   65.725
 4.39   1.00    0.128    0.323   0.133   0.321
 4.39   1.00    0.128    0.305   0.133   0.303

 4.40   0.00    0.320    0.302   0.080   0.041   0.059   0.016   0.110   0.015   0.000   0.000   0.000 274419100
 4.40   7.56   65.777
 4.40   1.00    0.126    0.007
 4.40   1.00    0.133   65.696
 4.40   1.00    0.127    0.323   0.133   0.320
 4.40   1.00    0.128    0.305   0.133   0.302

 4.41   0.00    0.320    0.302   0.080   0.041   0.059   0.016   0.109   0.015   0.000   0.000   0.000 275042800
 4.41   7.55   65.749
 4.41   1.00    0.126    0.007
 4.41   1.00    0.133   65.668
 4.41   1.00    0.127    0.322   0.133   0.320
 4.41   1.00    0.128    0.304   0.133   0.302

 4.42   0.00    0.319    0.301   0.079   0.041   0.059   0.016   0.109   0.015   0.000   0.000   0.000 275666500
 4.42   7.54   65.720
 4.42   1.00    0.126    0.007
 4.42   1.00    0.133   65.639
 4.42   1.00    0.127    0.321   0.133   0.319
 4.42   1.00    0.127    0.304   0.133   0.301

 4.43   0.00    0.318    0.301   0.079   0.041   0.058   0.016   0.109   0.015   0.000   0.000   0.000 276290100
 4.43   7.53   65.692
 4.43   1.00    0.126    0.007
 4.43   1.00    0.133   65.611
 4.43   1.00    0.127    0.321   0.133   0.318
 4.43   1.00    0.127    0.303   0.133   0.301

 4.44   0.00    0.318    0.300   0.079   0.041   0.058   0.016   0.109   0.015   0.000   0.000   0.000 276913800
 4.44   7.52   65.663
 4.44   1.00    0.126    0.007
 4.44   1.00    0.132   65.583
 4.44   1.00    0.127    0.320   0.132   0.318
 4.44   1.00    0.127    0.302   0.132   0.300

 4.45   0.00    0.317    0.299   0.079   0.041   0.058   0.016   0.108   0.015   0.000   0.000   0.000 277537500
 4.45   7.51   65.635
 4.45   1.00    0.125    0.007
 4.45   1.00    0.132   65.554
 4.45   1.00    0.127    0.319   0.132   0.317
 4.45   1.00    0.127    0.302   0.132   0.300

 4.46   0.00    0.316    0.299   0.079   0.041   0.058   0.016   0.108   0.015   0.000   0.000   0.000 278161200
 4.46   7.50   65.607
 4.46   1.00    0.125    0.007
 4.46   1.00    0.132   65.526
 4.46   1.00    0.126    0.319   0.132   0.316
 4.46   1.00    0.127    0.301   0.132   0.299

 4.47   0.00    0.316    0.298   0.079   0.041   0.058   0.016   0.108   0.015   0.000   0.000   0.000 278784900
 4.47   7.49   65.578
 4.47   1.00    0.125    0.007
 4.47   1.00    0.132   65.498
 4.47   1.00    0.126    0.318   0.132   0.316
 4.47   1.00    0.127    0.301   0.132   0.298

 4.48   0.00    0.315    0.298   0.078   0.041   0.058   0.016   0.108   0.015   0.000   0.000   0.000 279408500
 4.48   7.47   65.550
 4.48   1.00    0.125    0.007
 4.48   1.00    0.132   65.470
 4.48   1.00    0.126    0.317   0.132   0.315
 4.48   1.00    0.126    0.300   0.132   0.298

 4.49   0.00    0.314    0.297   0.078   0.041   0.057   0.016   0.107   0.015   0.000   0.000   0.000 280032200
 4.49   7.46   65.522
 4.49   1.00    0.125    0.007
 4.49   1.00    0.131   65.442
 4.49   1.00    0.126    0.317   0.131   0.314
 4.49   1.00    0.126    0.299   0.131   0.297

 4.50   0.00    0.314    0.296   0.078   0.041   0.057   0.015   0.107   0.015   0.000   0.000   0.000 280655900
 4.50   7.45   65.493
 4.50   1.00    0.125    0.007
 4.50   1.00    0.131   65.413
 4.50   1.00    0.126    0.316   0.131   0.314
 4.50   1.00    0.126    0.299   0.131   0.297

 4.51   0.00    0.313    0.296   0.078   0.040   0.057   0.015   0.107   0.015   0.000   0.000   0.000 281279600
 4.51   7.44   65.465
 4.51   1.00    0.124    0.007
 4.51   1.00    0.131   65.385
 4.51   1.00    0.126    0.315   0.131   0.313
 4.51   1.00    0.126    0.298   0.131   0.296

 4.52   0.00    0.312    0.295   0.078   0.040   0.057   0.015   0.107   0.015   0.000   0.000   0.000 281903300
 4.52   7.43   65.437
 4.52   1.00    0.124    0.007
 4.52   1.00    0.131   65.357
 4.52   1.00    0.125    0.315   0.131   0.312
 4.52   1.00    0.126    0.298   0.131   0.295

 4.53   0.00    0.312    0.295   0.078   0.040   0.057   0.015   0.106   0.015   0.000   0.000   0.000 282527000
 4.53   7.42   65.409
 4.53   1.00    0.124    0.007
 4.53   1.00    0.131   65.329
 4.53   1.00    0.125    0.314   0.131   0.312
 4.53   1.00    0.125    0.297   0.131   0.295

 4.54   0.00    0.311    0.294   0.077   0.040   0.057   0.015   0.106   0.015   0.000   0.000   0.000 283150600
 4.54   7.41   65.381
 4.54   1.00    0.124    0.007
 4.54   1.00    0.130   65.301
 4.54   1.00    0.125    0.313   0.130   0.311
 4.54   1.00    0.125    0.296   0.130   0.294

 4.55   0.00    0.310    0.294   0.077   0.040   0.056   0.015   0.106   0.015   0.000   0.000   0.000 283774300
 4.55   7.40   65.352
 4.55   1.00    0.124    0.007
 4.55   1.00    0.130   65.273
 4.55   1.00    0.125    0.313   0.130   0.310
 4.55   1.00    0.125    0.296   0.130   0.294

 4.56   0.00    0.310    0.293   0.077   0.040   0.056   0.015   0.106   0.015   0.000   0.000   0.000 284398000
 4.56   7.39   65.324
 4.56   1.00    0.123    0.007
 4.56   1.00    0.130   65.245
 4.56   1.00    0.125    0.312   0.130   0.310
 4.56   1.00    0.125    0.295   0.130   0.293

 4.57   0.00    0.309    0.292   0.077   0.040   0.056   0.015   0.105   0.015   0.000   0.000   0.000 285021700
 4.57   7.38   65.296
 4.57   1.00    0.123    0.007
 4.57   1.00    0.130   65.217
 4.57   1.00    0.124    0.311   0.130   0.309
 4.57   1.00    0.125    0.295   0.130   0.293

 4.58   0.00    0.308    0.292   0.077   0.040   0.056   0.015   0.105   0.015   0.000   0.000   0.000 285645300
 4.58   7.37   65.268
 4.58   1.00    0.123    0.007
 4.58   1.00    0.130   65.189
 4.58   1.00    0.124    0.311   0.130   0.308
 4.58   1.00    0.125    0.294   0.130   0.292

 4.59   0.00    0.308    0.291   0.077   0.040   0.056   0.015   0.105   0.015   0.000   0.000   0.000 286269000
 4.59   7.36   65.240
 4.59   1.00    0.123    0.007
 4.59   1.00    0.130   65.161
 4.59   1.00    0.124    0.310   0.130   0.308
 4.59   1.00    0.124    0.294   0.130   0.291

 4.60   0.00    0.307    0.291   0.076   0.040   0.056   0.015   0.105   0.015   0.000   0.000   0.000 286892700
 4.60   7.35   65.212
 4.60   1.00    0.123    0.007
 4.60   1.00    0.129   65.134
 4.60   1.00    0.124    0.309   0.129   0.307
 4.60   1.00    0.124    0.293   0.129   0.291

 4.61   0.00    0.306    0.290   0.076   0.040   0.055   0.015   0.104   0.015   0.000   0.000   0.000 287516400
 4.61   7.34   65.184
 4.61   1.00    0.123    0.007
 4.61   1.00    0.129   65.106
 4.61   1.00    0.124    0.309   0.129   0.306
 4.61   1.00    0.124    0.293   0.129   0.290

 4.62   0.00    0.306    0.290   0.076   0.040   0.055   0.015   0.104   0.015   0.000   0.000   0.000 288140100
 4.62   7.33   65.156
 4.62   1.00    0.122    0.007
 4.62   1.00    0.129   65.078
 4.62   1.00    0.124    0.308   0.129   0.306
 4.62   1.00    0.124    0.292   0.129   0.290

 4.63   0.00    0.305    0.289   0.076   0.040   0.055   0.015   0.104   0.015   0.000   0.000   0.000 288763700
 4.63   7.32   65.128
 4.63   1.00    0.122    0.007
 4.63   1.00    0.129   65.050
 4.63   1.00    0.123    0.307   0.129   0.305
 4.63   1.00    0.124    0.291   0.129   0.289

 4.64   0.00    0.304    0.289   0.076   0.040   0.055   0.015   0.104   0.015   0.000   0.000   0.000 289387400
 4.64   7.31   65.101
 4.64   1.00    0.122    0.007
 4.64   1.00    0.129   65.022
 4.64   1.00    0.123    0.307   0.129   0.305
 4.64   1.00    0.124    0.291   0.129   0.289

 4.65   0.00    0.304    0.288   0.076   0.040   0.055   0.015   0.104   0.015   0.000   0.000   0.000 290011100
 4.65   7.30   65.073
 4.65   1.00    0.122    0.007
 4.65   1.00    0.128   64.995
 4.65   1.00    0.123    0.306   0.128   0.304
 4.65   1.00    0.123    0.290   0.128   0.288

 4.66   0.00    0.303    0.287   0.075   0.040   0.055   0.015   0.103   0.015   0.000   0.000   0.000 290634800
 4.66   7.29   65.045
 4.66   1.00    0.122    0.007
 4.66   1.00    0.128   64.967
 4.66   1.00    0.123    0.306   0.128   0.303
 4.66   1.00    0.123    0.290   0.128   0.288

 4.67   0.00    0.303    0.287   0.075   0.040   0.054   0.015   0.103   0.015   0.000   0.000   0.000 291258500
 4.67   7.28   65.017
 4.67   1.00    0.121    0.007
 4.67   1.00    0.128   64.939
 4.67   1.00    0.123    0.305   0.128   0.303
 4.67   1.00    0.123    0.289   0.128   0.287

 4.68   0.00    0.302    0.286   0.075   0.040   0.054   0.015   0.103   0.015   0.000   0.000   0.000 291882100
 4.68   7.27   64.989
 4.68   1.00    0.121    0.007
 4.68   1.00    0.128   64.912
 4.68   1.00    0.123    0.304   0.128   0.302
 4.68   1.00    0.123    0.289   0.128   0.286

 4.69   0.00    0.301    0.286   0.075   0.040   0.054   0.015   0.103   0.015   0.000   0.000   0.000 292505800
 4.69   7.26   64.962
 4.69   1.00    0.121    0.007
 4.69   1.00    0.128   64.884
 4.69   1.00    0.122    0.304   0.128   0.301
 4.69   1.00    0.123    0.288   0.128   0.286

 4.70   0.00    0.301    0.285   0.075   0.040   0.054   0.015   0.102   0.015   0.000   0.000   0.000 293129500
 4.70   7.25   64.934
 4.70   1.00    0.121    0.007
 4.70   1.00    0.128   64.857
 4.70   1.00    0.122    0.303   0.128   0.301
 4.70   1.00    0.123    0.288   0.128   0.285

 4.71   0.00    0.300    0.285   0.075   0.040   0.054   0.015   0.102   0.014   0.000   0.000   0.000 293753200
 4.71   7.24   64.906
 4.71   1.00    0.121    0.007
 4.71   1.00    0.127   64.829
 4.71   1.00    0.122    0.302   0.127   0.300
 4.71   1.00    0.122    0.287   0.127   0.285

 4.72   0.00    0.300    0.284   0.074   0.040   0.054   0.015   0.102   0.014   0.000   0.000   0.000 294376900
 4.72   7.23   64.879
 4.72   1.00    0.121    0.007
 4.72   1.00    0.127   64.802
 4.72   1.00    0.122    0.302   0.127   0.300
 4.72   1.00    0.122    0.286   0.127   0.284

 4.73   0.00    0.299    0.284   0.074   0.040   0.054   0.015   0.102   0.014   0.000   0.000   0.000 295000500
 4.73   7.22   64.851
 4.73   1.00    0.120    0.007
 4.73   1.00    0.127   64.774
 4.73   1.00    0.122    0.301   0.127   0.299
 4.73   1.00    0.122    0.286   0.127   0.284

 4.74   0.00    0.298    0.283   0.074   0.040   0.053   0.015   0.101   0.014   0.000   0.000   0.000 295624200
 4.74   7.21   64.824
 4.74   1.00    0.120    0.007
 4.74   1.00    0.127   64.747
 4.74   1.00    0.122    0.301   0.127   0.298
 4.74   1.00    0.122    0.285   0.127   0.283

 4.75   0.00    0.298    0.283   0.074   0.040   0.053   0.015   0.101   0.014   0.000   0.000   0.000 296247900
 4.75   7.20   64.796
 4.75   1.00    0.120    0.007
 4.75   1.00    0.127   64.719
 4.75   1.00    0.122    0.300   0.127   0.298
 4.75   1.00    0.122    0.285   0.127   0.283

 4.76   0.00    0.297    0.282   0.074   0.040   0.053   0.015   0.101   0.014   0.000   0.000   0.000 296871600
 4.76   7.19   64.769
 4.76   1.00    0.120    0.007
 4.76   1.00    0.127   64.692
 4.76   1.00    0.121    0.299   0.127   0.297
 4.76   1.00    0.122    0.284   0.127   0.282

 4.77   0.00    0.297    0.282   0.074   0.040   0.053   0.015   0.101   0.014   0.000   0.000   0.000 297495300
 4.77   7.18   64.741
 4.77   1.00    0.120    0.007
 4.77   1.00    0.126   64.665
 4.77   1.00    0.121    0.299   0.126   0.297
 4.77   1.00    0.121    0.284   0.126   0.282

 4.78   0.00    0.296    0.281   0.074   0.040   0.053   0.015   0.101   0.014   0.000   0.000   0.000 298118900
 4.78   7.17   64.714
 4.78   1.00    0.120    0.007
 4.78   1.00    0.126   64.637
 4.78   1.00    0.121    0.298   0.126   0.296
 4.78   1.00    0.121    0.283   0.126   0.281

 4.79   0.00    0.295    0.280   0.073   0.040   0.053   0.015   0.100   0.014   0.000   0.000   0.000 298742600
 4.79   7.16   64.686
 4.79   1.00    0.119    0.007
 4.79   1.00    0.126   64.610
 4.79   1.00    0.121    0.298   0.126   0.295
 4.79   1.00    0.121    0.283   0.126   0.281

 4.80   0.00    0.295    0.280   0.073   0.040   0.052   0.015   0.100   0.014   0.000   0.000   0.000 299366300
 4.80   7.15   64.659
 4.80   1.00    0.119    0.007
 4.80   1.00    0.126   64.583
 4.80   1.00    0.121    0.297   0.126   0.295
 4.80   1.00    0.121    0.282   0.126   0.280

 4.81   0.00    0.294    0.279   0.073   0.040   0.052   0.015   0.100   0.014   0.000   0.000   0.000 299990000
 4.81   7.14   64.632
 4.81   1.00    0.119    0.007
 4.81   1.00    0.126   64.556
 4.81   1.00    0.121    0.296   0.126   0.294
 4.81   1.00    0.121    0.282   0.126   0.280

 4.82   0.00    0.294    0.279   0.073   0.040   0.052   0.014   0.100   0.014   0.000   0.000   0.000 300613700
 4.82   7.13   64.604
 4.82   1.00    0.119    0.007
 4.82   1.00    0.126   64.528
 4.82   1.00    0.120    0.296   0.126   0.294
 4.82   1.00    0.121    0.281   0.126   0.279

 4.83   0.00    0.293    0.278   0.073   0.040   0.052   0.014   0.099   0.014   0.000   0.000   0.000 301237300
 4.83   7.12   64.577
 4.83   1.00    0.119    0.007
 4.83   1.00    0.125   64.501
 4.83   1.00    0.120    0.295   0.125   0.293
 4.83   1.00    0.120    0.281   0.125   0.278

 4.84   0.00    0.292    0.278   0.073   0.040   0.052   0.014   0.099   0.014   0.000   0.000   0.000 301861000
 4.84   7.11   64.550
 4.84   1.00    0.119    0.007
 4.84   1.00    0.125   64.474
 4.84   1.00    0.120    0.295   0.125   0.292
 4.84   1.00    0.120    0.280   0.125   0.278

 4.85   0.00    0.292    0.277   0.072   0.040   0.052   0.014   0.099   0.014   0.000   0.000   0.000 302484700
 4.85   7.10   64.522
 4.85   1.00    0.118    0.007
 4.85   1.00    0.125   64.447
 4.85   1.00    0.120    0.294   0.125   0.292
 4.85   1.00    0.120    0.280   0.125   0.277

 4.86   0.00    0.291    0.277   0.072   0.040   0.052   0.014   0.099   0.014   0.000   0.000   0.000 303108400
 4.86   7.09   64.495
 4.86   1.00    0.118    0.007
 4.86   1.00    0.125   64.420
 4.86   1.00    0.120    0.293   0.125   0.291
 4.86   1.00    0.120    0.279   0.125   0.277

 4.87   0.00    0.291    0.276   0.072   0.040   0.051   0.014   0.099   0.014   0.000   0.000   0.000 303732100
 4.87   7.08   64.468
 4.87   1.00    0.118    0.007
 4.87   1.00    0.125   64.393
 4.87   1.00    0.120    0.293   0.125   0.291
 4.87   1.00    0.120    0.279   0.125   0.276

 4.88   0.00    0.290    0.276   0.072   0.040   0.051   0.014   0.098   0.014   0.000   0.000   0.000 304355700
 4.88   7.07   64.441
 4.88   1.00    0.118    0.007
 4.88   1.00    0.125   64.366
 4.88   1.00    0.119    0.292   0.125   0.290
 4.88   1.00    0.120    0.278   0.125   0.276

 4.89   0.00    0.290    0.275   0.072   0.040   0.051   0.014   0.098   0.014   0.000   0.000   0.000 304979400
 4.89   7.06   64.414
 4.89   1.00    0.118    0.007
 4.89   1.00    0.124   64.339
 4.89   1.00    0.119    0.292   0.124   0.290
 4.89   1.00    0.120    0.278   0.124   0.275

 4.90   0.00    0.289    0.275   0.072   0.040   0.051   0.014   0.098   0.014   0.000   0.000   0.000 305603100
 4.90   7.05   64.387
 4.90   1.00    0.118    0.007
 4.90   1.00    0.124   64.312
 4.90   1.00    0.119    0.291   0.124   0.289
 4.90   1.00    0.119    0.277   0.124   0.275

 4.91   0.00    0.288    0.274   0.072   0.040   0.051   0.014   0.098   0.014   0.000   0.000   0.000 306226800
 4.91   7.04   64.360
 4.91   1.00    0.117    0.007
 4.91   1.00    0.124   64.285
 4.91   1.00    0.119    0.291   0.124   0.288
 4.91   1.00    0.119    0.276   0.124   0.274

 4.92   0.00    0.288    0.274   0.071   0.040   0.051   0.014   0.098   0.014   0.000   0.000   0.000 306850500
 4.92   7.03   64.333
 4.92   1.00    0.117    0.007
 4.92   1.00    0.124   64.258
 4.92   1.00    0.119    0.290   0.124   0.288
 4.92   1.00    0.119    0.276   0.124   0.274

 4.93   0.00    0.287    0.273   0.071   0.040   0.051   0.014   0.097   0.014   0.000   0.000   0.000 307474100
 4.93   7.03   64.306
 4.93   1.00    0.117    0.007
 4.93   1.00    0.124   64.232
 4.93   1.00    0.119    0.289   0.124   0.287
 4.93   1.00    0.119    0.275   0.124   0.273

 4.94   0.00    0.287    0.273   0.071   0.040   0.050   0.014   0.097   0.014   0.000   0.000   0.000 308097800
 4.94   7.02   64.279
 4.94   1.00    0.117    0.007
 4.94   1.00    0.124   64.205
 4.94   1.00    0.119    0.289   0.124   0.287
 4.94   1.00    0.119    0.275   0.124   0.273

 4.95   0.00    0.286    0.272   0.071   0.040   0.050   0.014   0.097   0.014   0.000   0.000   0.000 308721500
 4.95   7.01   64.252
 4.95   1.00    0.117    0.007
 4.95   1.00    0.123   64.178
 4.95   1.00    0.118    0.288   0.123   0.286
 4.95   1.00    0.119    0.274   0.123   0.272

 4.96   0.00    0.286    0.272   0.071   0.040   0.050   0.014   0.097   0.014   0.000   0.000   0.000 309345200
 4.96   7.00   64.225
 4.96   1.00    0.117    0.007
 4.96   1.00    0.123   64.151
 4.96   1.00    0.118    0.288   0.123   0.286
 4.96   1.00    0.118    0.274   0.123   0.272

 4.97   0.00    0.285    0.271   0.071   0.040   0.050   0.014   0.097   0.014   0.000   0.000   0.000 309968800
 4.97   6.99   64.198
 4.97   1.00    0.116    0.007
 4.97   1.00    0.123   64.125
 4.97   1.00    0.118    0.287   0.123   0.285
 4.97   1.00    0.118    0.273   0.123   0.271

 4.98   0.00    0.284    0.271   0.071   0.040   0.050   0.014   0.096   0.014   0.000   0.000   0.000 310592500
 4.98   6.98   64.171
 4.98   1.00    0.116    0.007
 4.98   1.00    0.123   64.098
 4.98   1.00    0.118    0.287   0.123   0.285
 4.98   1.00    0.118    0.273   0.123   0.271

 4.99   0.00    0.284    0.270   0.070   0.040   0.050   0.014   0.096   0.014   0.000   0.000   0.000 311216200
 4.99   6.97   64.144
 4.99   1.00    0.116    0.007
 4.99   1.00    0.123   64.071
 4.99   1.00    0.118    0.286   0.123   0.284
 4.99   1.00    0.118    0.272   0.123   0.270

 5.00   0.00    0.283    0.270   0.070   0.040   0.050   0.014   0.096   0.014   0.000   0.000   0.000 311839900
 5.00   6.96   64.118
 5.00   1.00    0.116    0.007
 5.00   1.00    0.123   64.045
 5.00   1.00    0.118    0.286   0.123   0.283
 5.00   1.00    0.118    0.272   0.123   0.270

 5.01   0.00    0.283    0.269   0.070   0.040   0.049   0.014   0.096   0.014   0.000   0.000   0.000 312463600
 5.01   6.95   64.091
 5.01   1.00    0.116    0.007
 5.01   1.00    0.122   64.018
 5.01   1.00    0.118    0.285   0.122   0.283
 5.01   1.00    0.118    0.271   0.122   0.269

 5.02   0.00    0.282    0.269   0.070   0.040   0.049   0.014   0.096   0.014   0.000   0.000   0.000 313087300
 5.02   6.94   64.064
 5.02   1.00    0.116    0.007
 5.02   1.00    0.122   63.991
 5.02   1.00    0.117    0.284   0.122   0.282
 5.02   1.00    0.118    0.271   0.122   0.269

 5.03   0.00    0.282    0.268   0.070   0.040   0.049   0.014   0.095   0.014   0.000   0.000   0.000 313710900
 5.03   6.93   64.038
 5.03   1.00    0.115    0.007
 5.03   1.00    0.122   63.965
 5.03   1.00    0.117    0.284   0.122   0.282
 5.03   1.00    0.117    0.270   0.122   0.268

 5.04   0.00    0.281    0.268   0.070   0.040   0.049   0.014   0.095   0.014   0.000   0.000   0.000 314334600
 5.04   6.93   64.011
 5.04   1.00    0.115    0.007
 5.04   1.00    0.122   63.938
 5.04   1.00    0.117    0.283   0.122   0.281
 5.04   1.00    0.117    0.270   0.122   0.268

 5.05   0.00    0.281    0.267   0.070   0.040   0.049   0.014   0.095   0.013   0.000   0.000   0.000 314958300
 5.05   6.92   63.984
 5.05   1.00    0.115    0.007
 5.05   1.00    0.122   63.912
 5.05   1.00    0.117    0.283   0.122   0.281
 5.05   1.00    0.117    0.270   0.122   0.267

 5.06   0.00    0.280    0.267   0.069   0.040   0.049   0.014   0.095   0.013   0.000   0.000   0.000 315582000
 5.06   6.91   63.958
 5.06   1.00    0.115    0.007
 5.06   1.00    0.122   63.886
 5.06   1.00    0.117    0.282   0.122   0.280
 5.06   1.00    0.117    0.269   0.122   0.267

 5.07   0.00    0.279    0.266   0.069   0.040   0.049   0.014   0.095   0.013   0.000   0.000   0.000 316205700
 5.07   6.90   63.931
 5.07   1.00    0.115    0.007
 5.07   1.00    0.122   63.859
 5.07   1.00    0.117    0.282   0.122   0.280
 5.07   1.00    0.117    0.269   0.122   0.266

 5.08   0.00    0.279    0.266   0.069   0.040   0.048   0.014   0.094   0.013   0.000   0.000   0.000 316829300
 5.08   6.89   63.905
 5.08   1.00    0.115    0.007
 5.08   1.00    0.121   63.833
 5.08   1.00    0.116    0.281   0.121   0.279
 5.08   1.00    0.117    0.268   0.121   0.266

 5.09   0.00    0.278    0.265   0.069   0.040   0.048   0.014   0.094   0.013   0.000   0.000   0.000 317453000
 5.09   6.88   63.878
 5.09   1.00    0.115    0.007
 5.09   1.00    0.121   63.807
 5.09   1.00    0.116    0.281   0.121   0.278
 5.09   1.00    0.117    0.268   0.121   0.265

 5.10   0.00    0.278    0.265   0.069   0.040   0.048   0.014   0.094   0.013   0.000   0.000   0.000 318076700
 5.10   6.87   63.852
 5.10   1.00    0.114    0.007
 5.10   1.00    0.121   63.780
 5.10   1.00    0.116    0.280   0.121   0.278
 5.10   1.00    0.116    0.267   0.121   0.265

 5.11   0.00    0.277    0.264   0.069   0.040   0.048   0.014   0.094   0.013   0.000   0.000   0.000 318700400
 5.11   6.86   63.825
 5.11   1.00    0.114    0.007
 5.11   1.00    0.121   63.754
 5.11   1.00    0.116    0.279   0.121   0.277
 5.11   1.00    0.116    0.267   0.121   0.265

 5.12   0.00    0.277    0.264   0.069   0.040   0.048   0.014   0.094   0.013   0.000   0.000   0.000 319324100
 5.12   6.86   63.799
 5.12   1.00    0.114    0.007
 5.12   1.00    0.121   63.728
 5.12   1.00    0.116    0.279   0.121   0.277
 5.12   1.00    0.116    0.266   0.121   0.264

 5.13   0.00    0.276    0.263   0.068   0.040   0.048   0.014   0.093   0.013   0.000   0.000   0.000 319947700
 5.13   6.85   63.773
 5.13   1.00    0.114    0.007
 5.13   1.00    0.121   63.702
 5.13   1.00    0.116    0.278   0.121   0.276
 5.13   1.00    0.116    0.266   0.121   0.264

 5.14   0.00    0.276    0.263   0.068   0.040   0.048   0.014   0.093   0.013   0.000   0.000   0.000 320571400
 5.14   6.84   63.746
 5.14   1.00    0.114    0.007
 5.14   1.00    0.120   63.675
 5.14   1.00    0.116    0.278   0.120   0.276
 5.14   1.00    0.116    0.265   0.120   0.263

 5.15   0.00    0.275    0.263   0.068   0.040   0.047   0.014   0.093   0.013   0.000   0.000   0.000 321195100
 5.15   6.83   63.720
 5.15   1.00    0.114    0.007
 5.15   1.00    0.120   63.649
 5.15   1.00    0.116    0.277   0.120   0.275
 5.15   1.00    0.116    0.265   0.120   0.263

 5.16   0.00    0.275    0.262   0.068   0.040   0.047   0.014   0.093   0.013   0.000   0.000   0.000 321818800
 5.16   6.82   63.694
 5.16   1.00    0.114    0.007
 5.16   1.00    0.120   63.623
 5.16   1.00    0.115    0.277   0.120   0.275
 5.16   1.00    0.116    0.264   0.120   0.262

 5.17   0.00    0.274    0.262   0.068   0.040   0.047   0.013   0.093   0.013   0.000   0.000   0.000 322442500
 5.17   6.81   63.667
 5.17   1.00    0.113    0.007
 5.17   1.00    0.120   63.597
 5.17   1.00    0.115    0.276   0.120   0.274
 5.17   1.00    0.115    0.264   0.120   0.262

 5.18   0.00    0.274    0.261   0.068   0.040   0.047   0.013   0.092   0.013   0.000   0.000   0.000 323066100
 5.18   6.80   63.641
 5.18   1.00    0.113    0.007
 5.18   1.00    0.120   63.571
 5.18   1.00    0.115    0.276   0.120   0.274
 5.18   1.00    0.115    0.263   0.120   0.261

 5.19   0.00    0.273    0.261   0.068   0.040   0.047   0.013   0.092   0.013   0.000   0.000   0.000 323689800
 5.19   6.80   63.615
 5.19   1.00    0.113    0.007
 5.19   1.00    0.120   63.545
 5.19   1.00    0.115    0.275   0.120   0.273
 5.19   1.00    0.115    0.263   0.120   0.261

 5.20   0.00    0.273    0.260   0.068   0.040   0.047   0.013   0.092   0.013   0.000   0.000   0.000 324313500
 5.20   6.79   63.589
 5.20   1.00    0.113    0.007
 5.20   1.00    0.120   63.519
 5.20   1.00    0.115    0.275   0.120   0.273
 5.20   1.00    0.115    0.262   0.120   0.260

 5.21   0.00    0.272    0.260   0.067   0.040   0.047   0.013   0.092   0.013   0.000   0.000   0.000 324937200
 5.21   6.78   63.563
 5.21   1.00    0.113    0.007
 5.21   1.00    0.119   63.493
 5.21   1.00    0.115    0.274   0.119   0.272
 5.21   1.00    0.115    0.262   0.119   0.260

 5.22   0.00    0.272    0.259   0.067   0.040   0.046   0.013   0.092   0.013   0.000   0.000   0.000 325560800
 5.22   6.77   63.537
 5.22   1.00    0.113    0.007
 5.22   1.00    0.119   63.467
 5.22   1.00    0.115    0.274   0.119   0.272
 5.22   1.00    0.115    0.261   0.119   0.259

 5.23   0.00    0.271    0.259   0.067   0.040   0.046   0.013   0.092   0.013   0.000   0.000   0.000 326184500
 5.23   6.76   63.511
 5.23   1.00    0.112    0.007
 5.23   1.00    0.119   63.441
 5.23   1.00    0.114    0.273   0.119   0.271
 5.23   1.00    0.115    0.261   0.119   0.259

 5.24   0.00    0.270    0.258   0.067   0.040   0.046   0.013   0.091   0.013   0.000   0.000   0.000 326808200
 5.24   6.75   63.485
 5.24   1.00    0.112    0.007
 5.24   1.00    0.119   63.415
 5.24   1.00    0.114    0.273   0.119   0.271
 5.24   1.00    0.114    0.260   0.119   0.258

 5.25   0.00    0.270    0.258   0.067   0.040   0.046   0.013   0.091   0.013   0.000   0.000   0.000 327431900
 5.25   6.75   63.459
 5.25   1.00    0.112    0.007
 5.25   1.00    0.119   63.390
 5.25   1.00    0.114    0.272   0.119   0.270
 5.25   1.00    0.114    0.260   0.119   0.258

 5.26   0.00    0.269    0.257   0.067   0.040   0.046   0.013   0.091   0.013   0.000   0.000   0.000 328055600
 5.26   6.74   63.433
 5.26   1.00    0.112    0.007
 5.26   1.00    0.119   63.364
 5.26   1.00    0.114    0.272   0.119   0.270
 5.26   1.00    0.114    0.260   0.119   0.257

 5.27   0.00    0.269    0.257   0.067   0.040   0.046   0.013   0.091   0.013   0.000   0.000   0.000 328679300
 5.27   6.73   63.407
 5.27   1.00    0.112    0.007
 5.27   1.00    0.119   63.338
 5.27   1.00    0.114    0.271   0.119   0.269
 5.27   1.00    0.114    0.259   0.119   0.257

 5.28   0.00    0.268    0.256   0.066   0.040   0.046   0.013   0.091   0.013   0.000   0.000   0.000 329302900
 5.28   6.72   63.381
 5.28   1.00    0.112    0.007
 5.28   1.00    0.118   63.312
 5.28   1.00    0.114    0.271   0.118   0.269
 5.28   1.00    0.114    0.259   0.118   0.257

 5.29   0.00    0.268    0.256   0.066   0.040   0.045   0.013   0.090   0.013   0.000   0.000   0.000 329926600
 5.29   6.71   63.355
 5.29   1.00    0.112    0.007
 5.29   1.00    0.118   63.286
 5.29   1.00    0.114    0.270   0.118   0.268
 5.29   1.00    0.114    0.258   0.118   0.256

 5.30   0.00    0.267    0.256   0.066   0.040   0.045   0.013   0.090   0.013   0.000   0.000   0.000 330550300
 5.30   6.71   63.329
 5.30   1.00    0.111    0.007
 5.30   1.00    0.118   63.261
 5.30   1.00    0.113    0.270   0.118   0.267
 5.30   1.00    0.114    0.258   0.118   0.256

 5.31   0.00    0.267    0.255   0.066   0.040   0.045   0.013   0.090   0.013   0.000   0.000   0.000 331174000
 5.31   6.70   63.303
 5.31   1.00    0.111    0.007
 5.31   1.00    0.118   63.235
 5.31   1.00    0.113    0.269   0.118   0.267
 5.31   1.00    0.114    0.257   0.118   0.255

 5.32   0.00    0.266    0.255   0.066   0.040   0.045   0.013   0.090   0.013   0.000   0.000   0.000 331797700
 5.32   6.69   63.278
 5.32   1.00    0.111    0.007
 5.32   1.00    0.118   63.210
 5.32   1.00    0.113    0.268   0.118   0.266
 5.32   1.00    0.113    0.257   0.118   0.255

 5.33   0.00    0.266    0.254   0.066   0.040   0.045   0.013   0.090   0.013   0.000   0.000   0.000 332421300
 5.33   6.68   63.252
 5.33   1.00    0.111    0.007
 5.33   1.00    0.118   63.184
 5.33   1.00    0.113    0.268   0.118   0.266
 5.33   1.00    0.113    0.256   0.118   0.254

 5.34   0.00    0.265    0.254   0.066   0.040   0.045   0.013   0.090   0.013   0.000   0.000   0.000 333045000
 5.34   6.67   63.226
 5.34   1.00    0.111    0.007
 5.34   1.00    0.118   63.158
 5.34   1.00    0.113    0.267   0.118   0.265
 5.34   1.00    0.113    0.256   0.118   0.254

 5.35   0.00    0.265    0.253   0.066   0.040   0.045   0.013   0.089   0.013   0.000   0.000   0.000 333668700
 5.35   6.67   63.201
 5.35   1.00    0.111    0.007
 5.35   1.00    0.117   63.133
 5.35   1.00    0.113    0.267   0.117   0.265
 5.35   1.00    0.113    0.255   0.117   0.253

 5.36   0.00    0.264    0.253   0.065   0.040   0.044   0.013   0.089   0.013   0.000   0.000   0.000 334292400
 5.36   6.66   63.175
 5.36   1.00    0.111    0.007
 5.36   1.00    0.117   63.107
 5.36   1.00    0.113    0.266   0.117   0.264
 5.36   1.00    0.113    0.255   0.117   0.253

 5.37   0.00    0.264    0.252   0.065   0.040   0.044   0.013   0.089   0.013   0.000   0.000   0.000 334916000
 5.37   6.65   63.149
 5.37   1.00    0.111    0.007
 5.37   1.00    0.117   63.082
 5.37   1.00    0.113    0.266   0.117   0.264
 5.37   1.00    0.113    0.254   0.117   0.252

 5.38   0.00    0.263    0.252   0.065   0.040   0.044   0.013   0.089   0.013   0.000   0.000   0.000 335539700
 5.38   6.64   63.124
 5.38   1.00    0.110    0.007
 5.38   1.00    0.117   63.057
 5.38   1.00    0.112    0.265   0.117   0.263
 5.38   1.00    0.113    0.254   0.117   0.252

 5.39   0.00    0.263    0.251   0.065   0.040   0.044   0.013   0.089   0.013   0.000   0.000   0.000 336163400
 5.39   6.63   63.098
 5.39   1.00    0.110    0.007
 5.39   1.00    0.117   63.031
 5.39   1.00    0.112    0.265   0.117   0.263
 5.39   1.00    0.112    0.254   0.117   0.252

 5.40   0.00    0.262    0.251   0.065   0.040   0.044   0.013   0.089   0.013   0.000   0.000   0.000 336787100
 5.40   6.63   63.073
 5.40   1.00    0.110    0.007
 5.40   1.00    0.117   63.006
 5.40   1.00    0.112    0.264   0.117   0.262
 5.40   1.00    0.112    0.253   0.117   0.251

 5.41   0.00    0.262    0.251   0.065   0.040   0.044   0.013   0.088   0.013   0.000   0.000   0.000 337410800
 5.41   6.62   63.047
 5.41   1.00    0.110    0.007
 5.41   1.00    0.117   62.981
 5.41   1.00    0.112    0.264   0.117   0.262
 5.41   1.00    0.112    0.253   0.117   0.251

 5.42   0.00    0.261    0.250   0.065   0.040   0.044   0.013   0.088   0.013   0.000   0.000   0.000 338034500
 5.42   6.61   63.022
 5.42   1.00    0.110    0.007
 5.42   1.00    0.116   62.955
 5.42   1.00    0.112    0.263   0.116   0.261
 5.42   1.00    0.112    0.252   0.116   0.250

 5.43   0.00    0.261    0.250   0.065   0.040   0.043   0.013   0.088   0.013   0.000   0.000   0.000 338658100
 5.43   6.60   62.996
 5.43   1.00    0.110    0.007
 5.43   1.00    0.116   62.930
 5.43   1.00    0.112    0.263   0.116   0.261
 5.43   1.00    0.112    0.252   0.116   0.250

 5.44   0.00    0.260    0.249   0.064   0.040   0.043   0.013   0.088   0.012   0.000   0.000   0.000 339281800
 5.44   6.59   62.971
 5.44   1.00    0.110    0.007
 5.44   1.00    0.116   62.905
 5.44   1.00    0.112    0.262   0.116   0.260
 5.44   1.00    0.112    0.251   0.116   0.249

 5.45   0.00    0.260    0.249   0.064   0.040   0.043   0.013   0.088   0.012   0.000   0.000   0.000 339905500
 5.45   6.59   62.945
 5.45   1.00    0.109    0.007
 5.45   1.00    0.116   62.880
 5.45   1.00    0.112    0.262   0.116   0.260
 5.45   1.00    0.112    0.251   0.116   0.249

 5.46   0.00    0.259    0.248   0.064   0.040   0.043   0.013   0.088   0.012   0.000   0.000   0.000 340529200
 5.46   6.58   62.920
 5.46   1.00    0.109    0.007
 5.46   1.00    0.116   62.854
 5.46   1.00    0.111    0.261   0.116   0.259
 5.46   1.00    0.112    0.250   0.116   0.248

 5.47   0.00    0.259    0.248   0.064   0.040   0.043   0.013   0.087   0.012   0.000   0.000   0.000 341152800
 5.47   6.57   62.895
 5.47   1.00    0.109    0.007
 5.47   1.00    0.116   62.829
 5.47   1.00    0.111    0.261   0.116   0.259
 5.47   1.00    0.111    0.250   0.116   0.248

 5.48   0.00    0.258    0.247   0.064   0.039   0.043   0.013   0.087   0.012   0.000   0.000   0.000 341776500
 5.48   6.56   62.870
 5.48   1.00    0.109    0.007
 5.48   1.00    0.116   62.804
 5.48   1.00    0.111    0.260   0.116   0.258
 5.48   1.00    0.111    0.249   0.116   0.248

 5.49   0.00    0.258    0.247   0.064   0.039   0.043   0.013   0.087   0.012   0.000   0.000   0.000 342400200
 5.49   6.56   62.844
 5.49   1.00    0.109    0.007
 5.49   1.00    0.116   62.779
 5.49   1.00    0.111    0.260   0.116   0.258
 5.49   1.00    0.111    0.249   0.116   0.247

 5.50   0.00    0.257    0.247   0.064   0.039   0.042   0.013   0.087   0.012   0.000   0.000   0.000 343023900
 5.50   6.55   62.819
 5.50   1.00    0.109    0.007
 5.50   1.00    0.115   62.754
 5.50   1.00    0.111    0.259   0.115   0.257
 5.50   1.00    0.111    0.249   0.115   0.247

 5.51   0.00    0.257    0.246   0.064   0.039   0.042   0.013   0.087   0.012   0.000   0.000   0.000 343647600
 5.51   6.54   62.794
 5.51   1.00    0.109    0.007
 5.51   1.00    0.115   62.729
 5.51   1.00    0.111    0.259   0.115   0.257
 5.51   1.00    0.111    0.248   0.115   0.246

 5.52   0.00    0.256    0.246   0.063   0.039   0.042   0.013   0.087   0.012   0.000   0.000   0.000 344271200
 5.52   6.53   62.769
 5.52   1.00    0.108    0.007
 5.52   1.00    0.115   62.704
 5.52   1.00    0.111    0.258   0.115   0.257
 5.52   1.00    0.111    0.248   0.115   0.246

 5.53   0.00    0.256    0.245   0.063   0.039   0.042   0.013   0.086   0.012   0.000   0.000   0.000 344894900
 5.53   6.53   62.744
 5.53   1.00    0.108    0.007
 5.53   1.00    0.115   62.679
 5.53   1.00    0.111    0.258   0.115   0.256
 5.53   1.00    0.111    0.247   0.115   0.245

 5.54   0.00    0.255    0.245   0.063   0.039   0.042   0.013   0.086   0.012   0.000   0.000   0.000 345518600
 5.54   6.52   62.719
 5.54   1.00    0.108    0.007
 5.54   1.00    0.115   62.654
 5.54   1.00    0.110    0.258   0.115   0.256
 5.54   1.00    0.111    0.247   0.115   0.245

 5.55   0.00    0.255    0.244   0.063   0.039   0.042   0.013   0.086   0.012   0.000   0.000   0.000 346142300
 5.55   6.51   62.693
 5.55   1.00    0.108    0.007
 5.55   1.00    0.115   62.629
 5.55   1.00    0.110    0.257   0.115   0.255
 5.55   1.00    0.110    0.246   0.115   0.244

 5.56   0.00    0.254    0.244   0.063   0.039   0.041   0.012   0.086   0.012   0.000   0.000   0.000 346766000
 5.56   6.50   62.668
 5.56   1.00    0.108    0.007
 5.56   1.00    0.115   62.604
 5.56   1.00    0.110    0.257   0.115   0.255
 5.56   1.00    0.110    0.246   0.115   0.244

 5.57   0.00    0.254    0.243   0.063   0.039   0.041   0.012   0.086   0.012   0.000   0.000   0.000 347389700
 5.57   6.50   62.643
 5.57   1.00    0.108    0.007
 5.57   1.00    0.114   62.580
 5.57   1.00    0.110    0.256   0.114   0.254
 5.57   1.00    0.110    0.245   0.114   0.244

 5.58   0.00    0.254    0.243   0.063   0.039   0.041   0.012   0.086   0.012   0.000   0.000   0.000 348013300
 5.58   6.49   62.619
 5.58   1.00    0.108    0.007
 5.58   1.00    0.114   62.555
 5.58   1.00    0.110    0.256   0.114   0.254
 5.58   1.00    0.110    0.245   0.114   0.243

 5.59   0.00    0.253    0.243   0.063   0.039   0.041   0.012   0.085   0.012   0.000   0.000   0.000 348637000
 5.59   6.48   62.594
 5.59   1.00    0.108    0.007
 5.59   1.00    0.114   62.530
 5.59   1.00    0.110    0.255   0.114   0.253
 5.59   1.00    0.110    0.245   0.114   0.243

 5.60   0.00    0.253    0.242   0.062   0.039   0.041   0.012   0.085   0.012   0.000   0.000   0.000 349260700
 5.60   6.47   62.569
 5.60   1.00    0.107    0.007
 5.60   1.00    0.114   62.505
 5.60   1.00    0.110    0.255   0.114   0.253
 5.60   1.00    0.110    0.244   0.114   0.242

 5.61   0.00    0.252    0.242   0.062   0.039   0.041   0.012   0.085   0.012   0.000   0.000   0.000 349884400
 5.61   6.47   62.544
 5.61   1.00    0.107    0.007
 5.61   1.00    0.114   62.481
 5.61   1.00    0.110    0.254   0.114   0.252
 5.61   1.00    0.110    0.244   0.114   0.242

 5.62   0.00    0.252    0.241   0.062   0.039   0.041   0.012   0.085   0.012   0.000   0.000   0.000 350508000
 5.62   6.46   62.519
 5.62   1.00    0.107    0.007
 5.62   1.00    0.114   62.456
 5.62   1.00    0.109    0.254   0.114   0.252
 5.62   1.00    0.110    0.243   0.114   0.241

 5.63   0.00    0.251    0.241   0.062   0.039   0.040   0.012   0.085   0.012   0.000   0.000   0.000 351131700
 5.63   6.45   62.494
 5.63   1.00    0.107    0.007
 5.63   1.00    0.114   62.431
 5.63   1.00    0.109    0.253   0.114   0.251
 5.63   1.00    0.109    0.243   0.114   0.241

 5.64   0.00    0.251    0.240   0.062   0.039   0.040   0.012   0.085   0.012   0.000   0.000   0.000 351755400
 5.64   6.44   62.469
 5.64   1.00    0.107    0.007
 5.64   1.00    0.114   62.407
 5.64   1.00    0.109    0.253   0.114   0.251
 5.64   1.00    0.109    0.242   0.114   0.240

 5.65   0.00    0.250    0.240   0.062   0.039   0.040   0.012   0.085   0.012   0.000   0.000   0.000 352379100
 5.65   6.44   62.445
 5.65   1.00    0.107    0.007
 5.65   1.00    0.113   62.382
 5.65   1.00    0.109    0.252   0.113   0.250
 5.65   1.00    0.109    0.242   0.113   0.240

 5.66   0.00    0.250    0.240   0.062   0.039   0.040   0.012   0.084   0.012   0.000   0.000   0.000 353002800
 5.66   6.43   62.420
 5.66   1.00    0.107    0.007
 5.66   1.00    0.113   62.358
 5.66   1.00    0.109    0.252   0.113   0.250
 5.66   1.00    0.109    0.242   0.113   0.240

 5.67   0.00    0.249    0.239   0.062   0.039   0.040   0.012   0.084   0.012   0.000   0.000   0.000 353626500
 5.67   6.42   62.395
 5.67   1.00    0.107    0.007
 5.67   1.00    0.113   62.333
 5.67   1.00    0.109    0.251   0.113   0.249
 5.67   1.00    0.109    0.241   0.113   0.239

 5.68   0.00    0.249    0.239   0.062   0.039   0.040   0.012   0.084   0.012   0.000   0.000   0.000 354250100
 5.68   6.41   62.371
 5.68   1.00    0.106    0.007
 5.68   1.00    0.113   62.309
 5.68   1.00    0.109    0.251   0.113   0.249
 5.68   1.00    0.109    0.241   0.113   0.239

 5.69   0.00    0.248    0.238   0.061   0.039   0.040   0.012   0.084   0.012   0.000   0.000   0.000 354873800
 5.69   6.41   62.346
 5.69   1.00    0.106    0.007
 5.69   1.00    0.113   62.284
 5.69   1.00    0.109    0.250   0.113   0.248
 5.69   1.00    0.109    0.240   0.113   0.238

 5.70   0.00    0.248    0.238   0.061   0.039   0.039   0.012   0.084   0.012   0.000   0.000   0.000 355497500
 5.70   6.40   62.321
 5.70   1.00    0.106    0.007
 5.70   1.00    0.113   62.260
 5.70   1.00    0.108    0.250   0.113   0.248
 5.70   1.00    0.109    0.240   0.113   0.238

 5.71   0.00    0.247    0.237   0.061   0.039   0.039   0.012   0.084   0.012   0.000   0.000   0.000 356121200
 5.71   6.39   62.297
 5.71   1.00    0.106    0.007
 5.71   1.00    0.113   62.235
 5.71   1.00    0.108    0.249   0.113   0.247
 5.71   1.00    0.109    0.239   0.113   0.237

 5.72   0.00    0.247    0.237   0.061   0.039   0.039   0.012   0.083   0.012   0.000   0.000   0.000 356744800
 5.72   6.39   62.272
 5.72   1.00    0.106    0.007
 5.72   1.00    0.113   62.211
 5.72   1.00    0.108    0.249   0.113   0.247
 5.72   1.00    0.108    0.239   0.113   0.237

 5.73   0.00    0.246    0.236   0.061   0.039   0.039   0.012   0.083   0.012   0.000   0.000   0.000 357368500
 5.73   6.38   62.248
 5.73   1.00    0.106    0.007
 5.73   1.00    0.112   62.187
 5.73   1.00    0.108    0.248   0.112   0.246
 5.73   1.00    0.108    0.238   0.112   0.237

 5.74   0.00    0.246    0.236   0.061   0.039   0.039   0.012   0.083   0.012   0.000   0.000   0.000 357992200
 5.74   6.38   62.218
 5.74   1.00    0.106    0.007
 5.74   1.00    0.112   62.163
 5.74   1.00    0.108    0.248   0.112   0.246
 5.74   1.00    0.108    0.238   0.112   0.236

 5.75   0.00    0.245    0.236   0.061   0.039   0.039   0.012   0.083   0.012   0.000   0.000   0.000 358615900
 5.75   6.38   62.184
 5.75   1.00    0.106    0.007
 5.75   1.00    0.112   62.139
 5.75   1.00    0.108    0.247   0.112   0.245
 5.75   1.00    0.108    0.238   0.112   0.236

 5.76   0.00    0.245    0.235   0.061   0.039   0.038   0.012   0.083   0.012   0.000   0.000   0.000 359239600
 5.76   6.38   62.150
 5.76   1.00    0.105    0.007
 5.76   1.00    0.112   62.115
 5.76   1.00    0.108    0.247   0.112   0.245
 5.76   1.00    0.108    0.237   0.112   0.235

 5.77   0.00    0.244    0.235   0.061   0.039   0.038   0.012   0.083   0.012   0.000   0.000   0.000 359863200
 5.77   6.39   62.117
 5.77   1.00    0.105    0.007
 5.77   1.00    0.112   62.091
 5.77   1.00    0.108    0.246   0.112   0.245
 5.77   1.00    0.108    0.237   0.112   0.235

 5.78   0.00    0.244    0.234   0.060   0.039   0.038   0.012   0.083   0.012   0.000   0.000   0.000 360486900
 5.78   6.39   62.083
 5.78   1.00    0.105    0.007
 5.78   1.00    0.112   62.067
 5.78   1.00    0.108    0.246   0.112   0.244
 5.78   1.00    0.108    0.236   0.112   0.234

 5.79   0.00    0.244    0.234   0.060   0.039   0.038   0.012   0.082   0.012   0.000   0.000   0.000 361110600
 5.79   6.39   62.050
 5.79   1.00    0.105    0.007
 5.79   1.00    0.112   62.043
 5.79   1.00    0.107    0.246   0.112   0.244
 5.79   1.00    0.108    0.236   0.112   0.234

 5.80   0.00    0.243    0.233   0.060   0.039   0.038   0.012   0.082   0.012   0.000   0.000   0.000 361734300
 5.80   6.39   62.017
 5.80   1.00    0.105    0.007
 5.80   1.00    0.112   62.019
 5.80   1.00    0.107    0.245   0.112   0.243
 5.80   1.00    0.107    0.235   0.112   0.234

 5.81   0.00    0.243    0.233   0.060   0.039   0.038   0.012   0.082   0.012   0.000   0.000   0.000 362358000
 5.81   6.40   61.984
 5.81   1.00    0.105    0.007
 5.81   1.00    0.111   61.996
 5.81   1.00    0.107    0.245   0.111   0.243
 5.81   1.00    0.107    0.235   0.111   0.233

 5.82   0.00    0.242    0.233   0.060   0.039   0.037   0.012   0.082   0.012   0.000   0.000   0.000 362981700
 5.82   6.40   61.951
 5.82   1.00    0.105    0.007
 5.82   1.00    0.111   61.972
 5.82   1.00    0.107    0.244   0.111   0.242
 5.82   1.00    0.107    0.235   0.111   0.233

 5.83   0.00    0.242    0.232   0.060   0.039   0.037   0.012   0.082   0.012   0.000   0.000   0.000 363605300
 5.83   6.40   61.918
 5.83   1.00    0.105    0.007
 5.83   1.00    0.111   61.948
 5.83   1.00    0.107    0.244   0.111   0.242
 5.83   1.00    0.107    0.234   0.111   0.232

 5.84   0.00    0.241    0.232   0.060   0.039   0.037   0.012   0.082   0.012   0.000   0.000   0.000 364229000
 5.84   6.41   61.885
 5.84   1.00    0.104    0.007
 5.84   1.00    0.111   61.924
 5.84   1.00    0.107    0.243   0.111   0.241
 5.84   1.00    0.107    0.234   0.111   0.232

 5.85   0.00    0.241    0.231   0.060   0.039   0.037   0.012   0.082   0.012   0.000   0.000   0.000 364852700
 5.85   6.41   61.852
 5.85   1.00    0.104    0.007
 5.85   1.00    0.111   61.901
 5.85   1.00    0.107    0.243   0.111   0.241
 5.85   1.00    0.107    0.233   0.111   0.231

 5.86   0.00    0.240    0.231   0.059   0.039   0.037   0.012   0.081   0.012   0.000   0.000   0.000 365476400
 5.86   6.41   61.820
 5.86   1.00    0.104    0.007
 5.86   1.00    0.111   61.877
 5.86   1.00    0.107    0.242   0.111   0.240
 5.86   1.00    0.107    0.233   0.111   0.231

 5.87   0.00    0.240    0.231   0.059   0.039   0.037   0.012   0.081   0.012   0.000   0.000   0.000 366100000
 5.87   6.41   61.787
 5.87   1.00    0.104    0.007
 5.87   1.00    0.111   61.854
 5.87   1.00    0.106    0.242   0.111   0.240
 5.87   1.00    0.107    0.233   0.111   0.231

 5.88   0.00    0.240    0.230   0.059   0.039   0.036   0.012   0.081   0.012   0.000   0.000   0.000 366723700
 5.88   6.42   61.755
 5.88   1.00    0.104    0.007
 5.88   1.00    0.111   61.830
 5.88   1.00    0.106    0.241   0.111   0.240
 5.88   1.00    0.107    0.232   0.111   0.230

 5.89   0.00    0.239    0.230   0.059   0.039   0.036   0.012   0.081   0.011   0.000   0.000   0.000 367347400
 5.89   6.42   61.723
 5.89   1.00    0.104    0.007
 5.89   1.00    0.110   61.806
 5.89   1.00    0.106    0.241   0.110   0.239
 5.89   1.00    0.106    0.232   0.110   0.230

 5.90   0.00    0.239    0.230   0.059   0.039   0.036   0.012   0.081   0.011   0.000   0.000   0.000 367971100
 5.90   6.42   61.691
 5.90   1.00    0.104    0.007
 5.90   1.00    0.110   61.783
 5.90   1.00    0.106    0.241   0.110   0.239
 5.90   1.00    0.106    0.232   0.110   0.230

 5.91   0.00    0.239    0.229   0.059   0.039   0.036   0.012   0.081   0.011   0.000   0.000   0.000 368594800
 5.91   6.43   61.659
 5.91   1.00    0.104    0.007
 5.91   1.00    0.110   61.759
 5.91   1.00    0.106    0.241   0.110   0.239
 5.91   1.00    0.106    0.231   0.110   0.229

 5.92   0.00    0.238    0.229   0.059   0.039   0.036   0.012   0.081   0.011   0.000   0.000   0.000 369218400
 5.92   6.43   61.627
 5.92   1.00    0.104    0.007
 5.92   1.00    0.110   61.736
 5.92   1.00    0.106    0.240   0.110   0.238
 5.92   1.00    0.106    0.231   0.110   0.229

 5.93   0.00    0.238    0.229   0.059   0.039   0.036   0.012   0.081   0.011   0.000   0.000   0.000 369842100
 5.93   6.43   61.595
 5.93   1.00    0.103    0.007
 5.93   1.00    0.110   61.713
 5.93   1.00    0.106    0.240   0.110   0.238
 5.93   1.00    0.106    0.231   0.110   0.229

 5.94   0.00    0.238    0.229   0.059   0.039   0.035   0.012   0.081   0.011   0.000   0.000   0.000 370465800
 5.94   6.44   61.563
 5.94   1.00    0.103    0.007
 5.94   1.00    0.110   61.689
 5.94   1.00    0.106    0.240   0.110   0.238
 5.94   1.00    0.106    0.231   0.110   0.229

 5.95   0.00    0.237    0.228   0.059   0.039   0.035   0.012   0.081   0.011   0.000   0.000   0.000 371089500
 5.95   6.44   61.532
 5.95   1.00    0.103    0.007
 5.95   1.00    0.110   61.666
 5.95   1.00    0.106    0.239   0.110   0.237
 5.95   1.00    0.106    0.230   0.110   0.228

 5.96   0.00    0.237    0.228   0.058   0.039   0.035   0.012   0.081   0.011   0.000   0.000   0.000 371713200
 5.96   6.44   61.500
 5.96   1.00    0.103    0.007
 5.96   1.00    0.110   61.642
 5.96   1.00    0.105    0.239   0.110   0.237
 5.96   1.00    0.106    0.230   0.110   0.228

 5.97   0.00    0.237    0.228   0.058   0.039   0.035   0.012   0.081   0.011   0.000   0.000   0.000 372336800
 5.97   6.45   61.469
 5.97   1.00    0.103    0.007
 5.97   1.00    0.109   61.619
 5.97   1.00    0.105    0.239   0.109   0.237
 5.97   1.00    0.105    0.230   0.109   0.228

 5.98   0.00    0.236    0.227   0.058   0.039   0.035   0.012   0.081   0.011   0.000   0.000   0.000 372960500
 5.98   6.45   61.438
 5.98   1.00    0.103    0.007
 5.98   1.00    0.109   61.596
 5.98   1.00    0.105    0.238   0.109   0.236
 5.98   1.00    0.105    0.229   0.109   0.227

 5.99   0.00    0.236    0.227   0.058   0.039   0.035   0.012   0.081   0.011   0.000   0.000   0.000 373584200
 5.99   6.45   61.406
 5.99   1.00    0.103    0.006
 5.99   1.00    0.109   61.572
 5.99   1.00    0.105    0.238   0.109   0.236
 5.99   1.00    0.105    0.229   0.109   0.227

 6.00   0.00    0.236    0.227   0.058   0.039   0.034   0.012   0.081   0.011   0.000   0.000   0.000 374207900
 6.00   6.46   61.375
 6.00   1.00    0.103    0.006
 6.00   1.00    0.109   61.549
 6.00   1.00    0.105    0.238   0.109   0.236
 6.00   1.00    0.105    0.229   0.109   0.227

 6.01   0.00    0.235    0.227   0.058   0.039   0.034   0.011   0.081   0.011   0.000   0.000   0.000 374831600
 6.01   6.46   61.344
 6.01   1.00    0.102    0.006
 6.01   1.00    0.109   61.526
 6.01   1.00    0.105    0.237   0.109   0.235
 6.01   1.00    0.105    0.229   0.109   0.227

 6.02   0.00    0.235    0.226   0.058   0.039   0.034   0.011   0.081   0.011   0.000   0.000   0.000 375455200
 6.02   6.46   61.314
 6.02   1.00    0.102    0.006
 6.02   1.00    0.109   61.503
 6.02   1.00    0.105    0.237   0.109   0.235
 6.02   1.00    0.105    0.228   0.109   0.226

 6.03   0.00    0.235    0.226   0.058   0.039   0.034   0.011   0.081   0.011   0.000   0.000   0.000 376078900
 6.03   6.47   61.283
 6.03   1.00    0.102    0.006
 6.03   1.00    0.109   61.480
 6.03   1.00    0.105    0.237   0.109   0.235
 6.03   1.00    0.105    0.228   0.109   0.226

 6.04   0.00    0.235    0.226   0.058   0.039   0.034   0.011   0.081   0.011   0.000   0.000   0.000 376702600
 6.04   6.47   61.252
 6.04   1.00    0.102    0.006
 6.04   1.00    0.109   61.457
 6.04   1.00    0.104    0.237   0.109   0.235
 6.04   1.00    0.105    0.228   0.109   0.226

 6.05   0.00    0.234    0.226   0.057   0.039   0.034   0.011   0.081   0.011   0.000   0.000   0.000 377326300
 6.05   6.47   61.222
 6.05   1.00    0.102    0.006
 6.05   1.00    0.108   61.433
 6.05   1.00    0.104    0.236   0.108   0.234
 6.05   1.00    0.105    0.228   0.108   0.226

 6.06   0.00    0.234    0.225   0.057   0.039   0.034   0.011   0.081   0.011   0.000   0.000   0.000 377950000
 6.06   6.48   61.192
 6.06   1.00    0.102    0.006
 6.06   1.00    0.108   61.410
 6.06   1.00    0.104    0.236   0.108   0.234
 6.06   1.00    0.104    0.227   0.108   0.226

 6.07   0.00    0.234    0.225   0.057   0.039   0.034   0.011   0.081   0.011   0.000   0.000   0.000 378573700
 6.07   6.48   61.161
 6.07   1.00    0.102    0.006
 6.07   1.00    0.108   61.387
 6.07   1.00    0.104    0.236   0.108   0.234
 6.07   1.00    0.104    0.227   0.108   0.225

 6.08   0.00    0.234    0.225   0.057   0.039   0.034   0.011   0.081   0.011   0.000   0.000   0.000 379197300
 6.08   6.48   61.131
 6.08   1.00    0.102    0.006
 6.08   1.00    0.108   61.364
 6.08   1.00    0.104    0.235   0.108   0.234
 6.08   1.00    0.104    0.227   0.108   0.225

 6.09   0.00    0.233    0.225   0.057   0.039   0.033   0.011   0.081   0.011   0.000   0.000   0.000 379821000
 6.09   6.49   61.101
 6.09   1.00    0.102    0.006
 6.09   1.00    0.108   61.341
 6.09   1.00    0.104    0.235   0.108   0.233
 6.09   1.00    0.104    0.227   0.108   0.225

 6.10   0.00    0.233    0.225   0.057   0.039   0.033   0.011   0.081   0.011   0.000   0.000   0.000 380444700
 6.10   6.49   61.071
 6.10   1.00    0.101    0.006
 6.10   1.00    0.108   61.318
 6.10   1.00    0.104    0.235   0.108   0.233
 6.10   1.00    0.104    0.227   0.108   0.225

 6.11   0.00    0.233    0.224   0.057   0.039   0.033   0.011   0.081   0.011   0.000   0.000   0.000 381068400
 6.11   6.49   61.041
 6.11   1.00    0.101    0.006
 6.11   1.00    0.108   61.295
 6.11   1.00    0.104    0.235   0.108   0.233
 6.11   1.00    0.104    0.226   0.108   0.224

 6.12   0.00    0.233    0.224   0.057   0.039   0.033   0.011   0.081   0.011   0.000   0.000   0.000 381692000
 6.12   6.50   61.011
 6.12   1.00    0.101    0.006
 6.12   1.00    0.108   61.273
 6.12   1.00    0.104    0.234   0.108   0.233
 6.12   1.00    0.104    0.226   0.108   0.224

 6.13   0.00    0.232    0.224   0.057   0.039   0.033   0.011   0.081   0.011   0.000   0.000   0.000 382315700
 6.13   6.50   60.982
 6.13   1.00    0.101    0.006
 6.13   1.00    0.108   61.250
 6.13   1.00    0.103    0.234   0.108   0.232
 6.13   1.00    0.104    0.226   0.108   0.224

 6.14   0.00    0.232    0.224   0.057   0.039   0.033   0.011   0.081   0.011   0.000   0.000   0.000 382939400
 6.14   6.50   60.952
 6.14   1.00    0.101    0.006
 6.14   1.00    0.107   61.227
 6.14   1.00    0.103    0.234   0.107   0.232
 6.14   1.00    0.104    0.226   0.107   0.224

 6.15   0.00    0.232    0.223   0.056   0.039   0.033   0.011   0.081   0.011   0.000   0.000   0.000 383563100
 6.15   6.51   60.923
 6.15   1.00    0.101    0.006
 6.15   1.00    0.107   61.204
 6.15   1.00    0.103    0.234   0.107   0.232
 6.15   1.00    0.103    0.225   0.107   0.224

 6.16   0.00    0.232    0.223   0.056   0.039   0.033   0.011   0.081   0.011   0.000   0.000   0.000 384186800
 6.16   6.51   60.894
 6.16   1.00    0.101    0.006
 6.16   1.00    0.107   61.181
 6.16   1.00    0.103    0.233   0.107   0.232
 6.16   1.00    0.103    0.225   0.107   0.223

 6.17   0.00    0.231    0.223   0.056   0.039   0.033   0.011   0.081   0.011   0.000   0.000   0.000 384810400
 6.17   6.51   60.864
 6.17   1.00    0.101    0.006
 6.17   1.00    0.107   61.158
 6.17   1.00    0.103    0.233   0.107   0.231
 6.17   1.00    0.103    0.225   0.107   0.223

 6.18   0.00    0.231    0.223   0.056   0.039   0.032   0.011   0.081   0.011   0.000   0.000   0.000 385434100
 6.18   6.52   60.835
 6.18   1.00    0.101    0.006
 6.18   1.00    0.107   61.136
 6.18   1.00    0.103    0.233   0.107   0.231
 6.18   1.00    0.103    0.225   0.107   0.223

 6.19   0.00    0.231    0.223   0.056   0.039   0.032   0.011   0.081   0.011   0.000   0.000   0.000 386057800
 6.19   6.52   60.806
 6.19   1.00    0.100    0.006
 6.19   1.00    0.107   61.113
 6.19   1.00    0.103    0.233   0.107   0.231
 6.19   1.00    0.103    0.225   0.107   0.223

 6.20   0.00    0.231    0.222   0.056   0.039   0.032   0.011   0.081   0.011   0.000   0.000   0.000 386681500
 6.20   6.52   60.777
 6.20   1.00    0.100    0.006
 6.20   1.00    0.107   61.090
 6.20   1.00    0.103    0.232   0.107   0.231
 6.20   1.00    0.103    0.224   0.107   0.222

 6.21   0.00    0.230    0.222   0.056   0.039   0.032   0.011   0.081   0.011   0.000   0.000   0.000 387305200
 6.21   6.53   60.749
 6.21   1.00    0.100    0.006
 6.21   1.00    0.107   61.068
 6.21   1.00    0.103    0.232   0.107   0.230
 6.21   1.00    0.103    0.224   0.107   0.222

 6.22   0.00    0.230    0.222   0.056   0.039   0.032   0.011   0.081   0.011   0.000   0.000   0.000 387928800
 6.22   6.53   60.720
 6.22   1.00    0.100    0.006
 6.22   1.00    0.107   61.045
 6.22   1.00    0.102    0.232   0.107   0.230
 6.22   1.00    0.103    0.224   0.107   0.222

 6.23   0.00    0.230    0.222   0.056   0.039   0.032   0.011   0.081   0.011   0.000   0.000   0.000 388552500
 6.23   6.54   60.691
 6.23   1.00    0.100    0.006
 6.23   1.00    0.106   61.022
 6.23   1.00    0.102    0.232   0.106   0.230
 6.23   1.00    0.103    0.224   0.106   0.222

 6.24   0.00    0.230    0.222   0.056   0.039   0.032   0.011   0.081   0.011   0.000   0.000   0.000 389176200
 6.24   6.54   60.663
 6.24   1.00    0.100    0.006
 6.24   1.00    0.106   61.000
 6.24   1.00    0.102    0.231   0.106   0.230
 6.24   1.00    0.102    0.223   0.106   0.222

 6.25   0.00    0.229    0.221   0.055   0.039   0.032   0.011   0.081   0.011   0.000   0.000   0.000 389799900
 6.25   6.54   60.634
 6.25   1.00    0.100    0.006
 6.25   1.00    0.106   60.977
 6.25   1.00    0.102    0.231   0.106   0.229
 6.25   1.00    0.102    0.223   0.106   0.221

 6.26   0.00    0.229    0.221   0.055   0.039   0.032   0.011   0.081   0.011   0.000   0.000   0.000 390423600
 6.26   6.55   60.606
 6.26   1.00    0.100    0.006
 6.26   1.00    0.106   60.955
 6.26   1.00    0.102    0.231   0.106   0.229
 6.26   1.00    0.102    0.223   0.106   0.221

 6.27   0.00    0.229    0.221   0.055   0.039   0.031   0.011   0.081   0.011   0.000   0.000   0.000 391047200
 6.27   6.55   60.578
 6.27   1.00    0.100    0.006
 6.27   1.00    0.106   60.932
 6.27   1.00    0.102    0.231   0.106   0.229
 6.27   1.00    0.102    0.223   0.106   0.221

 6.28   0.00    0.229    0.221   0.055   0.039   0.031   0.011   0.081   0.011   0.000   0.000   0.000 391670900
 6.28   6.55   60.550
 6.28   1.00    0.100    0.006
 6.28   1.00    0.106   60.910
 6.28   1.00    0.102    0.230   0.106   0.229
 6.28   1.00    0.102    0.223   0.106   0.221

 6.29   0.00    0.228    0.220   0.055   0.039   0.031   0.011   0.081   0.011   0.000   0.000   0.000 392294600
 6.29   6.56   60.522
 6.29   1.00    0.099    0.006
 6.29   1.00    0.106   60.887
 6.29   1.00    0.102    0.230   0.106   0.228
 6.29   1.00    0.102    0.222   0.106   0.221

 6.30   0.00    0.228    0.220   0.055   0.039   0.031   0.011   0.081   0.011   0.000   0.000   0.000 392918300
 6.30   6.56   60.494
 6.30   1.00    0.099    0.006
 6.30   1.00    0.106   60.865
 6.30   1.00    0.102    0.230   0.106   0.228
 6.30   1.00    0.102    0.222   0.106   0.220

 6.31   0.00    0.228    0.220   0.055   0.039   0.031   0.011   0.081   0.011   0.000   0.000   0.000 393542000
 6.31   6.57   60.466
 6.31   1.00    0.099    0.006
 6.31   1.00    0.106   60.842
 6.31   1.00    0.102    0.230   0.106   0.228
 6.31   1.00    0.102    0.222   0.106   0.220

 6.32   0.00    0.228    0.220   0.055   0.039   0.031   0.011   0.081   0.011   0.000   0.000   0.000 394165600
 6.32   6.57   60.439
 6.32   1.00    0.099    0.006
 6.32   1.00    0.105   60.820
 6.32   1.00    0.101    0.229   0.105   0.228
 6.32   1.00    0.102    0.222   0.105   0.220

 6.33   0.00    0.227    0.220   0.055   0.039   0.031   0.011   0.081   0.011   0.000   0.000   0.000 394789300
 6.33   6.57   60.411
 6.33   1.00    0.099    0.006
 6.33   1.00    0.105   60.798
 6.33   1.00    0.101    0.229   0.105   0.227
 6.33   1.00    0.101    0.221   0.105   0.220

 6.34   0.00    0.227    0.219   0.055   0.039   0.031   0.011   0.081   0.011   0.000   0.000   0.000 395413000
 6.34   6.58   60.383
 6.34   1.00    0.099    0.006
 6.34   1.00    0.105   60.775
 6.34   1.00    0.101    0.229   0.105   0.227
 6.34   1.00    0.101    0.221   0.105   0.219

 6.35   0.00    0.227    0.219   0.054   0.039   0.031   0.011   0.081   0.011   0.000   0.000   0.000 396036700
 6.35   6.58   60.356
 6.35   1.00    0.099    0.006
 6.35   1.00    0.105   60.753
 6.35   1.00    0.101    0.229   0.105   0.227
 6.35   1.00    0.101    0.221   0.105   0.219

 6.36   0.00    0.227    0.219   0.054   0.039   0.031   0.011   0.081   0.011   0.000   0.000   0.000 396660400
 6.36   6.59   60.329
 6.36   1.00    0.099    0.006
 6.36   1.00    0.105   60.731
 6.36   1.00    0.101    0.228   0.105   0.227
 6.36   1.00    0.101    0.221   0.105   0.219

 6.37   0.00    0.226    0.219   0.054   0.039   0.030   0.011   0.081   0.011   0.000   0.000   0.000 397284000
 6.37   6.59   60.302
 6.37   1.00    0.099    0.006
 6.37   1.00    0.105   60.709
 6.37   1.00    0.101    0.228   0.105   0.226
 6.37   1.00    0.101    0.221   0.105   0.219

 6.38   0.00    0.226    0.219   0.054   0.039   0.030   0.011   0.081   0.011   0.000   0.000   0.000 397907700
 6.38   6.59   60.275
 6.38   1.00    0.098    0.006
 6.38   1.00    0.105   60.686
 6.38   1.00    0.101    0.228   0.105   0.226
 6.38   1.00    0.101    0.220   0.105   0.219

 6.39   0.00    0.226    0.218   0.054   0.039   0.030   0.011   0.082   0.010   0.000   0.000   0.000 398531400
 6.39   6.60   60.248
 6.39   1.00    0.098    0.006
 6.39   1.00    0.105   60.664
 6.39   1.00    0.101    0.228   0.105   0.226
 6.39   1.00    0.101    0.220   0.105   0.218

 6.40   0.00    0.226    0.218   0.054   0.039   0.030   0.011   0.082   0.010   0.000   0.000   0.000 399155100
 6.40   6.60   60.221
 6.40   1.00    0.098    0.006
 6.40   1.00    0.105   60.642
 6.40   1.00    0.101    0.227   0.105   0.226
 6.40   1.00    0.101    0.220   0.105   0.218

 6.41   0.00    0.225    0.218   0.054   0.039   0.030   0.011   0.082   0.010   0.000   0.000   0.000 399778800
 6.41   6.61   60.194
 6.41   1.00    0.098    0.006
 6.41   1.00    0.104   60.620
 6.41   1.00    0.100    0.227   0.104   0.225
 6.41   1.00    0.101    0.220   0.104   0.218

 6.42   0.00    0.225    0.218   0.054   0.039   0.030   0.011   0.082   0.010   0.000   0.000   0.000 400402400
 6.42   6.61   60.167
 6.42   1.00    0.098    0.006
 6.42   1.00    0.104   60.598
 6.42   1.00    0.100    0.227   0.104   0.225
 6.42   1.00    0.100    0.220   0.104   0.218

 6.43   0.00    0.225    0.217   0.054   0.039   0.030   0.011   0.082   0.010   0.000   0.000   0.000 401026100
 6.43   6.61   60.141
 6.43   1.00    0.098    0.006
 6.43   1.00    0.104   60.576
 6.43   1.00    0.100    0.227   0.104   0.225
 6.43   1.00    0.100    0.219   0.104   0.218

 6.44   0.00    0.225    0.217   0.054   0.039   0.030   0.011   0.082   0.010   0.000   0.000   0.000 401649800
 6.44   6.62   60.114
 6.44   1.00    0.098    0.006
 6.44   1.00    0.104   60.554
 6.44   1.00    0.100    0.226   0.104   0.225
 6.44   1.00    0.100    0.219   0.104   0.217

 6.45   0.00    0.224    0.217   0.054   0.039   0.030   0.011   0.082   0.010   0.000   0.000   0.000 402273500
 6.45   6.62   60.088
 6.45   1.00    0.098    0.006
 6.45   1.00    0.104   60.532
 6.45   1.00    0.100    0.226   0.104   0.224
 6.45   1.00    0.100    0.219   0.104   0.217

 6.46   0.00    0.224    0.217   0.053   0.039   0.029   0.011   0.082   0.010   0.000   0.000   0.000 402897200
 6.46   6.63   60.061
 6.46   1.00    0.098    0.006
 6.46   1.00    0.104   60.510
 6.46   1.00    0.100    0.226   0.104   0.224
 6.46   1.00    0.100    0.219   0.104   0.217

 6.47   0.00    0.224    0.217   0.053   0.039   0.029   0.011   0.082   0.010   0.000   0.000   0.000 403520800
 6.47   6.63   60.035
 6.47   1.00    0.098    0.006
 6.47   1.00    0.104   60.488
 6.47   1.00    0.100    0.226   0.104   0.224
 6.47   1.00    0.100    0.218   0.104   0.217

 6.48   0.00    0.224    0.216   0.053   0.039   0.029   0.011   0.082   0.010   0.000   0.000   0.000 404144500
 6.48   6.63   60.009
 6.48   1.00    0.097    0.006
 6.48   1.00    0.104   60.466
 6.48   1.00    0.100    0.226   0.104   0.224
 6.48   1.00    0.100    0.218   0.104   0.216

 6.49   0.00    0.223    0.216   0.053   0.039   0.029   0.011   0.082   0.010   0.000   0.000   0.000 404768200
 6.49   6.64   59.983
 6.49   1.00    0.097    0.006
 6.49   1.00    0.104   60.444
 6.49   1.00    0.100    0.225   0.104   0.224
 6.49   1.00    0.100    0.218   0.104   0.216

 6.50   0.00    0.223    0.216   0.053   0.039   0.029   0.011   0.082   0.010   0.000   0.000   0.000 405391900
 6.50   6.64   59.957
 6.50   1.00    0.097    0.006
 6.50   1.00    0.103   60.422
 6.50   1.00    0.100    0.225   0.103   0.223
 6.50   1.00    0.100    0.218   0.103   0.216

 6.51   0.00    0.223    0.216   0.053   0.039   0.029   0.011   0.082   0.010   0.000   0.000   0.000 406015600
 6.51   6.65   59.931
 6.51   1.00    0.097    0.006
 6.51   1.00    0.103   60.400
 6.51   1.00    0.099    0.225   0.103   0.223
 6.51   1.00    0.100    0.218   0.103   0.216

 6.52   0.00    0.223    0.216   0.053   0.039   0.029   0.010   0.082   0.010   0.000   0.000   0.000 406639200
 6.52   6.65   59.906
 6.52   1.00    0.097    0.006
 6.52   1.00    0.103   60.378
 6.52   1.00    0.099    0.225   0.103   0.223
 6.52   1.00    0.099    0.217   0.103   0.216

 6.53   0.00    0.222    0.215   0.053   0.039   0.029   0.010   0.082   0.010   0.000   0.000   0.000 407262900
 6.53   6.65   59.880
 6.53   1.00    0.097    0.006
 6.53   1.00    0.103   60.356
 6.53   1.00    0.099    0.224   0.103   0.223
 6.53   1.00    0.099    0.217   0.103   0.215

 6.54   0.00    0.222    0.215   0.053   0.039   0.029   0.010   0.082   0.010   0.000   0.000   0.000 407886600
 6.54   6.66   59.855
 6.54   1.00    0.097    0.006
 6.54   1.00    0.103   60.334
 6.54   1.00    0.099    0.224   0.103   0.222
 6.54   1.00    0.099    0.217   0.103   0.215

 6.55   0.00    0.222    0.215   0.053   0.039   0.028   0.010   0.082   0.010   0.000   0.000   0.000 408510300
 6.55   6.66   59.829
 6.55   1.00    0.097    0.006
 6.55   1.00    0.103   60.313
 6.55   1.00    0.099    0.224   0.103   0.222
 6.55   1.00    0.099    0.217   0.103   0.215

 6.56   0.00    0.222    0.215   0.053   0.039   0.028   0.010   0.082   0.010   0.000   0.000   0.000 409134000
 6.56   6.67   59.804
 6.56   1.00    0.097    0.006
 6.56   1.00    0.103   60.291
 6.56   1.00    0.099    0.224   0.103   0.222
 6.56   1.00    0.099    0.217   0.103   0.215

 6.57   0.00    0.222    0.215   0.052   0.039   0.028   0.010   0.082   0.010   0.000   0.000   0.000 409757600
 6.57   6.67   59.779
 6.57   1.00    0.097    0.006
 6.57   1.00    0.103   60.269
 6.57   1.00    0.099    0.223   0.103   0.222
 6.57   1.00    0.099    0.216   0.103   0.215

 6.58   0.00    0.221    0.214   0.052   0.039   0.028   0.010   0.082   0.010   0.000   0.000   0.000 410381300
 6.58   6.68   59.753
 6.58   1.00    0.097    0.006
 6.58   1.00    0.103   60.247
 6.58   1.00    0.099    0.223   0.103   0.221
 6.58   1.00    0.099    0.216   0.103   0.214

 6.59   0.00    0.221    0.214   0.052   0.039   0.028   0.010   0.082   0.010   0.000   0.000   0.000 411005000
 6.59   6.68   59.728
 6.59   1.00    0.096    0.006
 6.59   1.00    0.103   60.226
 6.59   1.00    0.099    0.223   0.103   0.221
 6.59   1.00    0.099    0.216   0.103   0.214

 6.60   0.00    0.221    0.214   0.052   0.039   0.028   0.010   0.082   0.010   0.000   0.000   0.000 411628700
 6.60   6.68   59.703
 6.60   1.00    0.096    0.006
 6.60   1.00    0.102   60.204
 6.60   1.00    0.099    0.223   0.102   0.221
 6.60   1.00    0.099    0.216   0.102   0.214

 6.61   0.00    0.221    0.214   0.052   0.039   0.028   0.010   0.082   0.010   0.000   0.000   0.000 412252400
 6.61   6.69   59.679
 6.61   1.00    0.096    0.006
 6.61   1.00    0.102   60.182
 6.61   1.00    0.098    0.222   0.102   0.221
 6.61   1.00    0.099    0.216   0.102   0.214

 6.62   0.00    0.220    0.213   0.052   0.039   0.028   0.010   0.082   0.010   0.000   0.000   0.000 412876000
 6.62   6.69   59.654
 6.62   1.00    0.096    0.006
 6.62   1.00    0.102   60.161
 6.62   1.00    0.098    0.222   0.102   0.220
 6.62   1.00    0.098    0.215   0.102   0.214

 6.63   0.00    0.220    0.213   0.052   0.039   0.028   0.010   0.082   0.010   0.000   0.000   0.000 413499700
 6.63   6.70   59.629
 6.63   1.00    0.096    0.006
 6.63   1.00    0.102   60.139
 6.63   1.00    0.098    0.222   0.102   0.220
 6.63   1.00    0.098    0.215   0.102   0.213

 6.64   0.00    0.220    0.213   0.052   0.039   0.027   0.010   0.082   0.010   0.000   0.000   0.000 414123400
 6.64   6.70   59.604
 6.64   1.00    0.096    0.006
 6.64   1.00    0.102   60.118
 6.64   1.00    0.098    0.222   0.102   0.220
 6.64   1.00    0.098    0.215   0.102   0.213

 6.65   0.00    0.220    0.213   0.052   0.039   0.027   0.010   0.082   0.010   0.000   0.000   0.000 414747100
 6.65   6.71   59.580
 6.65   1.00    0.096    0.006
 6.65   1.00    0.102   60.096
 6.65   1.00    0.098    0.221   0.102   0.220
 6.65   1.00    0.098    0.215   0.102   0.213

 6.66   0.00    0.219    0.213   0.052   0.039   0.027   0.010   0.082   0.010   0.000   0.000   0.000 415370800
 6.66   6.71   59.556
 6.66   1.00    0.096    0.006
 6.66   1.00    0.102   60.075
 6.66   1.00    0.098    0.221   0.102   0.219
 6.66   1.00    0.098    0.214   0.102   0.213

 6.67   0.00    0.219    0.212   0.052   0.039   0.027   0.010   0.082   0.010   0.000   0.000   0.000 415994400
 6.67   6.71   59.531
 6.67   1.00    0.096    0.006
 6.67   1.00    0.102   60.053
 6.67   1.00    0.098    0.221   0.102   0.219
 6.67   1.00    0.098    0.214   0.102   0.213

 6.68   0.00    0.219    0.212   0.051   0.039   0.027   0.010   0.082   0.010   0.000   0.000   0.000 416618100
 6.68   6.72   59.507
 6.68   1.00    0.096    0.006
 6.68   1.00    0.102   60.032
 6.68   1.00    0.098    0.221   0.102   0.219
 6.68   1.00    0.098    0.214   0.102   0.212

 6.69   0.00    0.219    0.212   0.051   0.039   0.027   0.010   0.082   0.010   0.000   0.000   0.000 417241800
 6.69   6.72   59.483
 6.69   1.00    0.095    0.006
 6.69   1.00    0.102   60.010
 6.69   1.00    0.098    0.221   0.102   0.219
 6.69   1.00    0.098    0.214   0.102   0.212

 6.70   0.00    0.218    0.212   0.051   0.039   0.027   0.010   0.082   0.010   0.000   0.000   0.000 417865400
 6.70   6.73   59.459
 6.70   1.00    0.095    0.006
 6.70   1.00    0.101   59.989
 6.70   1.00    0.098    0.220   0.101   0.219
 6.70   1.00    0.098    0.214   0.101   0.212

 6.71   0.00    0.218    0.212   0.051   0.039   0.027   0.010   0.082   0.010   0.000   0.000   0.000 418489200
 6.71   6.73   59.435
 6.71   1.00    0.095    0.006
 6.71   1.00    0.101   59.967
 6.71   1.00    0.097    0.220   0.101   0.218
 6.71   1.00    0.098    0.213   0.101   0.212

 6.72   0.00    0.218    0.211   0.051   0.039   0.027   0.010   0.082   0.010   0.000   0.000   0.000 419112800
 6.72   6.74   59.411
 6.72   1.00    0.095    0.006
 6.72   1.00    0.101   59.946
 6.72   1.00    0.097    0.220   0.101   0.218
 6.72   1.00    0.098    0.213   0.101   0.211

 6.73   0.00    0.218    0.211   0.051   0.039   0.027   0.010   0.082   0.010   0.000   0.000   0.000 419736500
 6.73   6.74   59.387
 6.73   1.00    0.095    0.006
 6.73   1.00    0.101   59.925
 6.73   1.00    0.097    0.220   0.101   0.218
 6.73   1.00    0.097    0.213   0.101   0.211

 6.74   0.00    0.218    0.211   0.051   0.039   0.026   0.010   0.082   0.010   0.000   0.000   0.000 420360200
 6.74   6.75   59.364
 6.74   1.00    0.095    0.006
 6.74   1.00    0.101   59.903
 6.74   1.00    0.097    0.219   0.101   0.218
 6.74   1.00    0.097    0.213   0.101   0.211

 6.75   0.00    0.217    0.211   0.051   0.039   0.026   0.010   0.082   0.010   0.000   0.000   0.000 420983900
 6.75   6.75   59.340
 6.75   1.00    0.095    0.006
 6.75   1.00    0.101   59.882
 6.75   1.00    0.097    0.219   0.101   0.217
 6.75   1.00    0.097    0.213   0.101   0.211

 6.76   0.00    0.217    0.211   0.051   0.039   0.026   0.010   0.082   0.010   0.000   0.000   0.000 421607600
 6.76   6.75   59.316
 6.76   1.00    0.095    0.006
 6.76   1.00    0.101   59.861
 6.76   1.00    0.097    0.219   0.101   0.217
 6.76   1.00    0.097    0.212   0.101   0.211

 6.77   0.00    0.217    0.210   0.051   0.039   0.026   0.010   0.082   0.010   0.000   0.000   0.000 422231200
 6.77   6.76   59.293
 6.77   1.00    0.095    0.006
 6.77   1.00    0.101   59.840
 6.77   1.00    0.097    0.219   0.101   0.217
 6.77   1.00    0.097    0.212   0.101   0.210

 6.78   0.00    0.217    0.210   0.051   0.039   0.026   0.010   0.082   0.010   0.000   0.000   0.000 422854900
 6.78   6.76   59.270
 6.78   1.00    0.095    0.006
 6.78   1.00    0.101   59.818
 6.78   1.00    0.097    0.218   0.101   0.217
 6.78   1.00    0.097    0.212   0.101   0.210

 6.79   0.00    0.216    0.210   0.051   0.039   0.026   0.010   0.082   0.010   0.000   0.000   0.000 423478600
 6.79   6.77   59.246
 6.79   1.00    0.095    0.006
 6.79   1.00    0.101   59.797
 6.79   1.00    0.097    0.218   0.101   0.216
 6.79   1.00    0.097    0.212   0.101   0.210

 6.80   0.00    0.216    0.210   0.050   0.039   0.026   0.010   0.082   0.010   0.000   0.000   0.000 424102300
 6.80   6.77   59.223
 6.80   1.00    0.094    0.006
 6.80   1.00    0.100   59.776
 6.80   1.00    0.097    0.218   0.100   0.216
 6.80   1.00    0.097    0.212   0.100   0.210

 6.81   0.00    0.216    0.210   0.050   0.039   0.026   0.010   0.082   0.010   0.000   0.000   0.000 424726000
 6.81   6.78   59.200
 6.81   1.00    0.094    0.006
 6.81   1.00    0.100   59.755
 6.81   1.00    0.097    0.218   0.100   0.216
 6.81   1.00    0.097    0.211   0.100   0.210

 6.82   0.00    0.216    0.209   0.050   0.039   0.026   0.010   0.082   0.010   0.000   0.000   0.000 425349600
 6.82   6.78   59.177
 6.82   1.00    0.094    0.006
 6.82   1.00    0.100   59.734
 6.82   1.00    0.096    0.218   0.100   0.216
 6.82   1.00    0.097    0.211   0.100   0.209

 6.83   0.00    0.216    0.209   0.050   0.039   0.025   0.010   0.082   0.010   0.000   0.000   0.000 425973300
 6.83   6.79   59.154
 6.83   1.00    0.094    0.006
 6.83   1.00    0.100   59.713
 6.83   1.00    0.096    0.217   0.100   0.216
 6.83   1.00    0.096    0.211   0.100   0.209

 6.84   0.00    0.215    0.209   0.050   0.039   0.025   0.010   0.082   0.010   0.000   0.000   0.000 426597000
 6.84   6.79   59.132
 6.84   1.00    0.094    0.006
 6.84   1.00    0.100   59.692
 6.84   1.00    0.096    0.217   0.100   0.215
 6.84   1.00    0.096    0.211   0.100   0.209

 6.85   0.00    0.215    0.209   0.050   0.039   0.025   0.010   0.082   0.010   0.000   0.000   0.000 427220700
 6.85   6.80   59.109
 6.85   1.00    0.094    0.006
 6.85   1.00    0.100   59.671
 6.85   1.00    0.096    0.217   0.100   0.215
 6.85   1.00    0.096    0.211   0.100   0.209

 6.86   0.00    0.215    0.209   0.050   0.039   0.025   0.010   0.082   0.010   0.000   0.000   0.000 427844400
 6.86   6.80   59.086
 6.86   1.00    0.094    0.006
 6.86   1.00    0.100   59.650
 6.86   1.00    0.096    0.217   0.100   0.215
 6.86   1.00    0.096    0.210   0.100   0.209

 6.87   0.00    0.215    0.208   0.050   0.039   0.025   0.010   0.082   0.010   0.000   0.000   0.000 428468000
 6.87   6.81   59.064
 6.87   1.00    0.094    0.006
 6.87   1.00    0.100   59.629
 6.87   1.00    0.096    0.216   0.100   0.215
 6.87   1.00    0.096    0.210   0.100   0.208

 6.88   0.00    0.214    0.208   0.050   0.039   0.025   0.010   0.082   0.010   0.000   0.000   0.000 429091700
 6.88   6.81   59.041
 6.88   1.00    0.094    0.006
 6.88   1.00    0.100   59.608
 6.88   1.00    0.096    0.216   0.100   0.214
 6.88   1.00    0.096    0.210   0.100   0.208

 6.89   0.00    0.214    0.208   0.050   0.039   0.025   0.010   0.082   0.010   0.000   0.000   0.000 429715400
 6.89   6.81   59.019
 6.89   1.00    0.094    0.006
 6.89   1.00    0.100   59.587
 6.89   1.00    0.096    0.216   0.100   0.214
 6.89   1.00    0.096    0.210   0.100   0.208

 6.90   0.00    0.214    0.208   0.050   0.039   0.025   0.010   0.082   0.010   0.000   0.000   0.000 430339100
 6.90   6.82   58.997
 6.90   1.00    0.094    0.006
 6.90   1.00    0.099   59.566
 6.90   1.00    0.096    0.216   0.099   0.214
 6.90   1.00    0.096    0.210   0.099   0.208

 6.91   0.00    0.214    0.208   0.050   0.039   0.025   0.010   0.082   0.010   0.000   0.000   0.000 430962700
 6.91   6.82   58.974
 6.91   1.00    0.093    0.006
 6.91   1.00    0.099   59.545
 6.91   1.00    0.096    0.215   0.099   0.214
 6.91   1.00    0.096    0.209   0.099   0.208

 6.92   0.00    0.213    0.207   0.049   0.038   0.024   0.010   0.082   0.010   0.000   0.000   0.000 431586400
 6.92   6.83   58.952
 6.92   1.00    0.093    0.006
 6.92   1.00    0.099   59.524
 6.92   1.00    0.096    0.215   0.099   0.214
 6.92   1.00    0.096    0.209   0.099   0.207

 6.93   0.00    0.213    0.207   0.049   0.038   0.024   0.010   0.082   0.010   0.000   0.000   0.000 432210100
 6.93   6.83   58.930
 6.93   1.00    0.093    0.006
 6.93   1.00    0.099   59.503
 6.93   1.00    0.095    0.215   0.099   0.213
 6.93   1.00    0.096    0.209   0.099   0.207

 6.94   0.00    0.213    0.207   0.049   0.038   0.024   0.010   0.082   0.010   0.000   0.000   0.000 432833800
 6.94   6.84   58.908
 6.94   1.00    0.093    0.006
 6.94   1.00    0.099   59.482
 6.94   1.00    0.095    0.215   0.099   0.213
 6.94   1.00    0.095    0.209   0.099   0.207

 6.95   0.00    0.213    0.207   0.049   0.038   0.024   0.010   0.082   0.010   0.000   0.000   0.000 433457400
 6.95   6.84   58.886
 6.95   1.00    0.093    0.006
 6.95   1.00    0.099   59.462
 6.95   1.00    0.095    0.215   0.099   0.213
 6.95   1.00    0.095    0.209   0.099   0.207

 6.96   0.00    0.213    0.207   0.049   0.038   0.024   0.010   0.082   0.010   0.000   0.000   0.000 434081200
 6.96   6.85   58.865
 6.96   1.00    0.093    0.006
 6.96   1.00    0.099   59.441
 6.96   1.00    0.095    0.214   0.099   0.213
 6.96   1.00    0.095    0.208   0.099   0.207

 6.97   0.00    0.212    0.206   0.049   0.038   0.024   0.010   0.082   0.010   0.000   0.000   0.000 434704800
 6.97   6.85   58.843
 6.97   1.00    0.093    0.006
 6.97   1.00    0.099   59.420
 6.97   1.00    0.095    0.214   0.099   0.212
 6.97   1.00    0.095    0.208   0.099   0.206

 6.98   0.00    0.212    0.206   0.049   0.038   0.024   0.010   0.082   0.010   0.000   0.000   0.000 435328500
 6.98   6.86   58.821
 6.98   1.00    0.093    0.006
 6.98   1.00    0.099   59.399
 6.98   1.00    0.095    0.214   0.099   0.212
 6.98   1.00    0.095    0.208   0.099   0.206

 6.99   0.00    0.212    0.206   0.049   0.038   0.024   0.010   0.082   0.009   0.000   0.000   0.000 435952200
 6.99   6.86   58.800
 6.99   1.00    0.093    0.006
 6.99   1.00    0.099   59.379
 6.99   1.00    0.095    0.214   0.099   0.212
 6.99   1.00    0.095    0.208   0.099   0.206

 7.00   0.00    0.212    0.206   0.049   0.038   0.024   0.010   0.082   0.009   0.000   0.000   0.000 436575900
 7.00   6.87   58.778
 7.00   1.00    0.093    0.006
 7.00   1.00    0.099   59.358
 7.00   1.00    0.095    0.213   0.099   0.212
 7.00   1.00    0.095    0.208   0.099   0.206

 7.01   0.00    0.212    0.206   0.049   0.038   0.024   0.010   0.082   0.009   0.000   0.000   0.000 437199600
 7.01   6.87   58.757
 7.01   1.00    0.093    0.006
 7.01   1.00    0.098   59.337
 7.01   1.00    0.095    0.213   0.098   0.212
 7.01   1.00    0.095    0.207   0.098   0.206

 7.02   0.00    0.211    0.205   0.049   0.038   0.023   0.010   0.082   0.009   0.000   0.000   0.000 437823200
 7.02   6.88   58.736
 7.02   1.00    0.092    0.006
 7.02   1.00    0.098   59.317
 7.02   1.00    0.095    0.213   0.098   0.211
 7.02   1.00    0.095    0.207   0.098   0.206

 7.03   0.00    0.211    0.205   0.049   0.038   0.023   0.010   0.082   0.009   0.000   0.000   0.000 438446900
 7.03   6.88   58.714
 7.03   1.00    0.092    0.006
 7.03   1.00    0.098   59.296
 7.03   1.00    0.095    0.213   0.098   0.211
 7.03   1.00    0.095    0.207   0.098   0.205

 7.04   0.00    0.211    0.205   0.049   0.038   0.023   0.010   0.082   0.009   0.000   0.000   0.000 439070600
 7.04   6.89   58.693
 7.04   1.00    0.092    0.006
 7.04   1.00    0.098   59.275
 7.04   1.00    0.094    0.213   0.098   0.211
 7.04   1.00    0.095    0.207   0.098   0.205

 7.05   0.00    0.211    0.205   0.048   0.038   0.023   0.010   0.082   0.009   0.000   0.000   0.000 439694300
 7.05   6.89   58.672
 7.05   1.00    0.092    0.006
 7.05   1.00    0.098   59.255
 7.05   1.00    0.094    0.213   0.098   0.211
 7.05   1.00    0.094    0.207   0.098   0.205

 7.06   0.00    0.211    0.205   0.048   0.038   0.023   0.010   0.082   0.009   0.000   0.000   0.000 440317900
 7.06   6.90   58.651
 7.06   1.00    0.092    0.006
 7.06   1.00    0.098   59.234
 7.06   1.00    0.094    0.212   0.098   0.211
 7.06   1.00    0.094    0.207   0.098   0.205

 7.07   0.00    0.210    0.205   0.048   0.038   0.023   0.010   0.082   0.009   0.000   0.000   0.000 440941600
 7.07   6.90   58.630
 7.07   1.00    0.092    0.006
 7.07   1.00    0.098   59.214
 7.07   1.00    0.094    0.212   0.098   0.211
 7.07   1.00    0.094    0.206   0.098   0.205

 7.08   0.00    0.210    0.205   0.048   0.038   0.023   0.010   0.082   0.009   0.000   0.000   0.000 441565300
 7.08   6.91   58.610
 7.08   1.00    0.092    0.006
 7.08   1.00    0.098   59.193
 7.08   1.00    0.094    0.212   0.098   0.210
 7.08   1.00    0.094    0.206   0.098   0.205

 7.09   0.00    0.210    0.204   0.048   0.038   0.023   0.010   0.082   0.009   0.000   0.000   0.000 442189000
 7.09   6.91   58.589
 7.09   1.00    0.092    0.006
 7.09   1.00    0.098   59.173
 7.09   1.00    0.094    0.212   0.098   0.210
 7.09   1.00    0.094    0.206   0.098   0.204

 7.10   0.00    0.210    0.204   0.048   0.038   0.023   0.010   0.082   0.009   0.000   0.000   0.000 442812600
 7.10   6.92   58.568
 7.10   1.00    0.092    0.006
 7.10   1.00    0.098   59.152
 7.10   1.00    0.094    0.212   0.098   0.210
 7.10   1.00    0.094    0.206   0.098   0.204

 7.11   0.00    0.210    0.204   0.048   0.038   0.023   0.010   0.082   0.009   0.000   0.000   0.000 443436400
 7.11   6.92   58.548
 7.11   1.00    0.092    0.006
 7.11   1.00    0.098   59.132
 7.11   1.00    0.094    0.212   0.098   0.210
 7.11   1.00    0.094    0.206   0.098   0.204

 7.12   0.00    0.210    0.204   0.048   0.038   0.023   0.010   0.082   0.009   0.000   0.000   0.000 444060000
 7.12   6.93   58.527
 7.12   1.00    0.092    0.006
 7.12   1.00    0.097   59.111
 7.12   1.00    0.094    0.211   0.097   0.210
 7.12   1.00    0.094    0.206   0.097   0.204

 7.13   0.00    0.209    0.204   0.048   0.038   0.023   0.009   0.082   0.009   0.000   0.000   0.000 444683700
 7.13   6.93   58.507
 7.13   1.00    0.092    0.006
 7.13   1.00    0.097   59.091
 7.13   1.00    0.094    0.211   0.097   0.210
 7.13   1.00    0.094    0.206   0.097   0.204

 7.14   0.00    0.209    0.204   0.048   0.038   0.023   0.009   0.082   0.009   0.000   0.000   0.000 445307400
 7.14   6.94   58.487
 7.14   1.00    0.091    0.006
 7.14   1.00    0.097   59.071
 7.14   1.00    0.094    0.211   0.097   0.209
 7.14   1.00    0.094    0.205   0.097   0.204

 7.15   0.00    0.209    0.204   0.048   0.038   0.023   0.009   0.082   0.009   0.000   0.000   0.000 445931100
 7.15   6.94   58.466
 7.15   1.00    0.091    0.006
 7.15   1.00    0.097   59.050
 7.15   1.00    0.094    0.211   0.097   0.209
 7.15   1.00    0.094    0.205   0.097   0.204

 7.16   0.00    0.209    0.203   0.048   0.038   0.023   0.009   0.082   0.009   0.000   0.000   0.000 446554700
 7.16   6.95   58.446
 7.16   1.00    0.091    0.006
 7.16   1.00    0.097   59.030
 7.16   1.00    0.093    0.211   0.097   0.209
 7.16   1.00    0.094    0.205   0.097   0.203

 7.17   0.00    0.209    0.203   0.048   0.038   0.023   0.009   0.082   0.009   0.000   0.000   0.000 447178400
 7.17   6.95   58.427
 7.17   1.00    0.091    0.006
 7.17   1.00    0.097   59.010
 7.17   1.00    0.093    0.211   0.097   0.209
 7.17   1.00    0.093    0.205   0.097   0.203

 7.18   0.00    0.209    0.203   0.047   0.038   0.023   0.009   0.082   0.009   0.000   0.000   0.000 447802100
 7.18   6.95   58.410
 7.18   1.00    0.091    0.006
 7.18   1.00    0.097   58.989
 7.18   1.00    0.093    0.210   0.097   0.209
 7.18   1.00    0.093    0.205   0.097   0.203

 7.19   0.00    0.208    0.203   0.047   0.038   0.022   0.009   0.082   0.009   0.000   0.000   0.000 448425800
 7.19   6.94   58.392
 7.19   1.00    0.091    0.006
 7.19   1.00    0.097   58.969
 7.19   1.00    0.093    0.210   0.097   0.209
 7.19   1.00    0.093    0.205   0.097   0.203

 7.20   0.00    0.208    0.203   0.047   0.038   0.022   0.009   0.082   0.009   0.000   0.000   0.000 449049400
 7.20   6.94   58.375
 7.20   1.00    0.091    0.006
 7.20   1.00    0.097   58.949
 7.20   1.00    0.093    0.210   0.097   0.208
 7.20   1.00    0.093    0.205   0.097   0.203

 7.21   0.00    0.208    0.203   0.047   0.038   0.022   0.009   0.082   0.009   0.000   0.000   0.000 449673200
 7.21   6.94   58.358
 7.21   1.00    0.091    0.006
 7.21   1.00    0.097   58.929
 7.21   1.00    0.093    0.210   0.097   0.208
 7.21   1.00    0.093    0.204   0.097   0.203

 7.22   0.00    0.208    0.203   0.047   0.038   0.022   0.009   0.082   0.009   0.000   0.000   0.000 450296800
 7.22   6.93   58.341
 7.22   1.00    0.091    0.006
 7.22   1.00    0.097   58.909
 7.22   1.00    0.093    0.210   0.097   0.208
 7.22   1.00    0.093    0.204   0.097   0.203

 7.23   0.00    0.208    0.202   0.047   0.038   0.022   0.009   0.082   0.009   0.000   0.000   0.000 450920500
 7.23   6.93   58.324
 7.23   1.00    0.091    0.006
 7.23   1.00    0.096   58.888
 7.23   1.00    0.093    0.210   0.096   0.208
 7.23   1.00    0.093    0.204   0.096   0.202

 7.24   0.00    0.208    0.202   0.047   0.038   0.022   0.009   0.082   0.009   0.000   0.000   0.000 451544200
 7.24   6.92   58.307
 7.24   1.00    0.091    0.006
 7.24   1.00    0.096   58.868
 7.24   1.00    0.093    0.209   0.096   0.208
 7.24   1.00    0.093    0.204   0.096   0.202

 7.25   0.00    0.207    0.202   0.047   0.038   0.022   0.009   0.082   0.009   0.000   0.000   0.000 452167800
 7.25   6.92   58.291
 7.25   1.00    0.091    0.006
 7.25   1.00    0.096   58.848
 7.25   1.00    0.093    0.209   0.096   0.208
 7.25   1.00    0.093    0.204   0.096   0.202

 7.26   0.00    0.207    0.202   0.047   0.038   0.022   0.009   0.082   0.009   0.000   0.000   0.000 452791600
 7.26   6.92   58.274
 7.26   1.00    0.090    0.006
 7.26   1.00    0.096   58.828
 7.26   1.00    0.093    0.209   0.096   0.207
 7.26   1.00    0.093    0.204   0.096   0.202

 7.27   0.00    0.207    0.202   0.047   0.038   0.022   0.009   0.082   0.009   0.000   0.000   0.000 453415200
 7.27   6.91   58.257
 7.27   1.00    0.090    0.006
 7.27   1.00    0.096   58.808
 7.27   1.00    0.092    0.209   0.096   0.207
 7.27   1.00    0.093    0.204   0.096   0.202

 7.28   0.00    0.207    0.202   0.047   0.038   0.022   0.009   0.082   0.009   0.000   0.000   0.000 454038900
 7.28   6.91   58.240
 7.28   1.00    0.090    0.006
 7.28   1.00    0.096   58.788
 7.28   1.00    0.092    0.209   0.096   0.207
 7.28   1.00    0.093    0.203   0.096   0.202

 7.29   0.00    0.207    0.202   0.047   0.038   0.022   0.009   0.082   0.009   0.000   0.000   0.000 454662600
 7.29   6.91   58.223
 7.29   1.00    0.090    0.006
 7.29   1.00    0.096   58.768
 7.29   1.00    0.092    0.209   0.096   0.207
 7.29   1.00    0.092    0.203   0.096   0.202

 7.30   0.00    0.207    0.201   0.047   0.038   0.022   0.009   0.082   0.009   0.000   0.000   0.000 455286300
 7.30   6.90   58.206
 7.30   1.00    0.090    0.006
 7.30   1.00    0.096   58.748
 7.30   1.00    0.092    0.208   0.096   0.207
 7.30   1.00    0.092    0.203   0.096   0.201

 7.31   0.00    0.207    0.201   0.046   0.038   0.022   0.009   0.082   0.009   0.000   0.000   0.000 455909900
 7.31   6.90   58.190
 7.31   1.00    0.090    0.006
 7.31   1.00    0.096   58.728
 7.31   1.00    0.092    0.208   0.096   0.207
 7.31   1.00    0.092    0.203   0.096   0.201

 7.32   0.00    0.206    0.201   0.046   0.038   0.022   0.009   0.082   0.009   0.000   0.000   0.000 456533600
 7.32   6.90   58.173
 7.32   1.00    0.090    0.006
 7.32   1.00    0.096   58.708
 7.32   1.00    0.092    0.208   0.096   0.206
 7.32   1.00    0.092    0.203   0.096   0.201

 7.33   0.00    0.206    0.201   0.046   0.038   0.022   0.009   0.082   0.009   0.000   0.000   0.000 457157300
 7.33   6.89   58.156
 7.33   1.00    0.090    0.006
 7.33   1.00    0.096   58.688
 7.33   1.00    0.092    0.208   0.096   0.206
 7.33   1.00    0.092    0.203   0.096   0.201

 7.34   0.00    0.206    0.201   0.046   0.038   0.022   0.009   0.082   0.009   0.000   0.000   0.000 457781000
 7.34   6.89   58.140
 7.34   1.00    0.090    0.006
 7.34   1.00    0.096   58.668
 7.34   1.00    0.092    0.208   0.096   0.206
 7.34   1.00    0.092    0.203   0.096   0.201

 7.35   0.00    0.206    0.201   0.046   0.038   0.022   0.009   0.082   0.009   0.000   0.000   0.000 458404600
 7.35   6.89   58.123
 7.35   1.00    0.090    0.006
 7.35   1.00    0.095   58.648
 7.35   1.00    0.092    0.208   0.095   0.206
 7.35   1.00    0.092    0.202   0.095   0.201

 7.36   0.00    0.206    0.201   0.046   0.038   0.022   0.009   0.082   0.009   0.000   0.000   0.000 459028400
 7.36   6.88   58.107
 7.36   1.00    0.090    0.006
 7.36   1.00    0.095   58.628
 7.36   1.00    0.092    0.207   0.095   0.206
 7.36   1.00    0.092    0.202   0.095   0.201

 7.37   0.00    0.206    0.200   0.046   0.038   0.022   0.009   0.082   0.009   0.000   0.000   0.000 459652000
 7.37   6.88   58.090
 7.37   1.00    0.090    0.006
 7.37   1.00    0.095   58.608
 7.37   1.00    0.092    0.207   0.095   0.206
 7.37   1.00    0.092    0.202   0.095   0.200

 7.38   0.00    0.205    0.200   0.046   0.038   0.021   0.009   0.082   0.009   0.000   0.000   0.000 460275700
 7.38   6.88   58.073
 7.38   1.00    0.090    0.006
 7.38   1.00    0.095   58.589
 7.38   1.00    0.092    0.207   0.095   0.205
 7.38   1.00    0.092    0.202   0.095   0.200

 7.39   0.00    0.205    0.200   0.046   0.038   0.021   0.009   0.082   0.009   0.000   0.000   0.000 460899400
 7.39   6.87   58.057
 7.39   1.00    0.089    0.006
 7.39   1.00    0.095   58.569
 7.39   1.00    0.092    0.207   0.095   0.205
 7.39   1.00    0.092    0.202   0.095   0.200

 7.40   0.00    0.205    0.200   0.046   0.038   0.021   0.009   0.082   0.009   0.000   0.000   0.000 461523100
 7.40   6.87   58.040
 7.40   1.00    0.089    0.006
 7.40   1.00    0.095   58.549
 7.40   1.00    0.091    0.207   0.095   0.205
 7.40   1.00    0.092    0.202   0.095   0.200

 7.41   0.00    0.205    0.200   0.046   0.038   0.021   0.009   0.082   0.009   0.000   0.000   0.000 462146700
 7.41   6.87   58.024
 7.41   1.00    0.089    0.006
 7.41   1.00    0.095   58.529
 7.41   1.00    0.091    0.207   0.095   0.205
 7.41   1.00    0.091    0.202   0.095   0.200

 7.42   0.00    0.205    0.200   0.046   0.038   0.021   0.009   0.082   0.009   0.000   0.000   0.000 462770400
 7.42   6.86   58.008
 7.42   1.00    0.089    0.006
 7.42   1.00    0.095   58.509
 7.42   1.00    0.091    0.206   0.095   0.205
 7.42   1.00    0.091    0.201   0.095   0.200

 7.43   0.00    0.205    0.200   0.046   0.038   0.021   0.009   0.082   0.009   0.000   0.000   0.000 463394100
 7.43   6.86   57.991
 7.43   1.00    0.089    0.006
 7.43   1.00    0.095   58.490
 7.43   1.00    0.091    0.206   0.095   0.205
 7.43   1.00    0.091    0.201   0.095   0.200

 7.44   0.00    0.204    0.199   0.046   0.038   0.021   0.009   0.082   0.009   0.000   0.000   0.000 464017800
 7.44   6.86   57.975
 7.44   1.00    0.089    0.006
 7.44   1.00    0.095   58.470
 7.44   1.00    0.091    0.206   0.095   0.205
 7.44   1.00    0.091    0.201   0.095   0.200

 7.45   0.00    0.204    0.199   0.045   0.038   0.021   0.009   0.082   0.009   0.000   0.000   0.000 464641400
 7.45   6.85   57.959
 7.45   1.00    0.089    0.006
 7.45   1.00    0.095   58.450
 7.45   1.00    0.091    0.206   0.095   0.204
 7.45   1.00    0.091    0.201   0.095   0.199

 7.46   0.00    0.204    0.199   0.045   0.038   0.021   0.009   0.082   0.009   0.000   0.000   0.000 465265100
 7.46   6.85   57.942
 7.46   1.00    0.089    0.006
 7.46   1.00    0.095   58.431
 7.46   1.00    0.091    0.206   0.095   0.204
 7.46   1.00    0.091    0.201   0.095   0.199

 7.47   0.00    0.204    0.199   0.045   0.038   0.021   0.009   0.082   0.009   0.000   0.000   0.000 465888800
 7.47   6.85   57.926
 7.47   1.00    0.089    0.006
 7.47   1.00    0.094   58.411
 7.47   1.00    0.091    0.206   0.094   0.204
 7.47   1.00    0.091    0.201   0.094   0.199

 7.48   0.00    0.204    0.199   0.045   0.038   0.021   0.009   0.082   0.009   0.000   0.000   0.000 466512500
 7.48   6.84   57.910
 7.48   1.00    0.089    0.006
 7.48   1.00    0.094   58.391
 7.48   1.00    0.091    0.206   0.094   0.204
 7.48   1.00    0.091    0.201   0.094   0.199

 7.49   0.00    0.204    0.199   0.045   0.038   0.021   0.009   0.082   0.009   0.000   0.000   0.000 467136200
 7.49   6.84   57.894
 7.49   1.00    0.089    0.006
 7.49   1.00    0.094   58.372
 7.49   1.00    0.091    0.205   0.094   0.204
 7.49   1.00    0.091    0.200   0.094   0.199

 7.50   0.00    0.204    0.199   0.045   0.038   0.021   0.009   0.082   0.009   0.000   0.000   0.000 467759800
 7.50   6.84   57.877
 7.50   1.00    0.089    0.006
 7.50   1.00    0.094   58.352
 7.50   1.00    0.091    0.205   0.094   0.204
 7.50   1.00    0.091    0.200   0.094   0.199

 7.51   0.00    0.203    0.199   0.045   0.038   0.021   0.009   0.082   0.009   0.000   0.000   0.000 468383600
 7.51   6.83   57.861
 7.51   1.00    0.089    0.006
 7.51   1.00    0.094   58.333
 7.51   1.00    0.091    0.205   0.094   0.203
 7.51   1.00    0.091    0.200   0.094   0.199

 7.52   0.00    0.203    0.198   0.045   0.038   0.021   0.009   0.082   0.009   0.000   0.000   0.000 469007200
 7.52   6.83   57.845
 7.52   1.00    0.088    0.006
 7.52   1.00    0.094   58.313
 7.52   1.00    0.090    0.205   0.094   0.203
 7.52   1.00    0.091    0.200   0.094   0.198

 7.53   0.00    0.203    0.198   0.045   0.038   0.021   0.009   0.082   0.009   0.000   0.000   0.000 469630900
 7.53   6.83   57.829
 7.53   1.00    0.088    0.006
 7.53   1.00    0.094   58.294
 7.53   1.00    0.090    0.205   0.094   0.203
 7.53   1.00    0.090    0.200   0.094   0.198

 7.54   0.00    0.203    0.198   0.045   0.038   0.021   0.009   0.082   0.009   0.000   0.000   0.000 470254600
 7.54   6.82   57.813
 7.54   1.00    0.088    0.006
 7.54   1.00    0.094   58.274
 7.54   1.00    0.090    0.205   0.094   0.203
 7.54   1.00    0.090    0.200   0.094   0.198

 7.55   0.00    0.203    0.198   0.045   0.038   0.021   0.009   0.082   0.009   0.000   0.000   0.000 470878300
 7.55   6.82   57.797
 7.55   1.00    0.088    0.006
 7.55   1.00    0.094   58.255
 7.55   1.00    0.090    0.204   0.094   0.203
 7.55   1.00    0.090    0.200   0.094   0.198

 7.56   0.00    0.203    0.198   0.045   0.038   0.021   0.009   0.082   0.009   0.000   0.000   0.000 471501900
 7.56   6.82   57.781
 7.56   1.00    0.088    0.006
 7.56   1.00    0.094   58.235
 7.56   1.00    0.090    0.204   0.094   0.203
 7.56   1.00    0.090    0.199   0.094   0.198

 7.57   0.00    0.203    0.198   0.045   0.038   0.020   0.009   0.082   0.009   0.000   0.000   0.000 472125600
 7.57   6.81   57.765
 7.57   1.00    0.088    0.006
 7.57   1.00    0.094   58.216
 7.57   1.00    0.090    0.204   0.094   0.203
 7.57   1.00    0.090    0.199   0.094   0.198

 7.58   0.00    0.202    0.198   0.045   0.038   0.020   0.009   0.082   0.009   0.000   0.000   0.000 472749300
 7.58   6.81   57.749
 7.58   1.00    0.088    0.006
 7.58   1.00    0.094   58.196
 7.58   1.00    0.090    0.204   0.094   0.202
 7.58   1.00    0.090    0.199   0.094   0.198

 7.59   0.00    0.202    0.197   0.044   0.038   0.020   0.009   0.082   0.009   0.000   0.000   0.000 473373000
 7.59   6.81   57.733
 7.59   1.00    0.088    0.006
 7.59   1.00    0.093   58.177
 7.59   1.00    0.090    0.204   0.093   0.202
 7.59   1.00    0.090    0.199   0.093   0.197

 7.60   0.00    0.202    0.197   0.044   0.038   0.020   0.009   0.082   0.009   0.000   0.000   0.000 473996600
 7.60   6.81   57.717
 7.60   1.00    0.088    0.006
 7.60   1.00    0.093   58.158
 7.60   1.00    0.090    0.204   0.093   0.202
 7.60   1.00    0.090    0.199   0.093   0.197

 7.61   0.00    0.202    0.197   0.044   0.038   0.020   0.009   0.082   0.009   0.000   0.000   0.000 474620300
 7.61   6.80   57.701
 7.61   1.00    0.088    0.006
 7.61   1.00    0.093   58.138
 7.61   1.00    0.090    0.204   0.093   0.202
 7.61   1.00    0.090    0.199   0.093   0.197

 7.62   0.00    0.202    0.197   0.044   0.038   0.020   0.009   0.082   0.009   0.000   0.000   0.000 475244000
 7.62   6.80   57.685
 7.62   1.00    0.088    0.005
 7.62   1.00    0.093   58.119
 7.62   1.00    0.090    0.203   0.093   0.202
 7.62   1.00    0.090    0.199   0.093   0.197

 7.63   0.00    0.202    0.197   0.044   0.038   0.020   0.009   0.082   0.009   0.000   0.000   0.000 475867700
 7.63   6.80   57.670
 7.63   1.00    0.088    0.005
 7.63   1.00    0.093   58.100
 7.63   1.00    0.090    0.203   0.093   0.202
 7.63   1.00    0.090    0.199   0.093   0.197

 7.64   0.00    0.201    0.197   0.044   0.038   0.020   0.009   0.082   0.009   0.000   0.000   0.000 476491400
 7.64   6.79   57.654
 7.64   1.00    0.088    0.005
 7.64   1.00    0.093   58.080
 7.64   1.00    0.090    0.203   0.093   0.202
 7.64   1.00    0.090    0.198   0.093   0.197

 7.65   0.00    0.201    0.197   0.044   0.038   0.020   0.009   0.082   0.009   0.000   0.000   0.000 477115000
 7.65   6.79   57.638
 7.65   1.00    0.087    0.005
 7.65   1.00    0.093   58.061
 7.65   1.00    0.089    0.203   0.093   0.201
 7.65   1.00    0.090    0.198   0.093   0.197

 7.66   0.00    0.201    0.196   0.044   0.038   0.020   0.009   0.082   0.009   0.000   0.000   0.000 477738700
 7.66   6.79   57.622
 7.66   1.00    0.087    0.005
 7.66   1.00    0.093   58.042
 7.66   1.00    0.089    0.203   0.093   0.201
 7.66   1.00    0.089    0.198   0.093   0.196

 7.67   0.00    0.201    0.196   0.044   0.038   0.020   0.009   0.082   0.009   0.000   0.000   0.000 478362400
 7.67   6.78   57.607
 7.67   1.00    0.087    0.005
 7.67   1.00    0.093   58.023
 7.67   1.00    0.089    0.203   0.093   0.201
 7.67   1.00    0.089    0.198   0.093   0.196

 7.68   0.00    0.201    0.196   0.044   0.038   0.020   0.009   0.082   0.009   0.000   0.000   0.000 478986100
 7.68   6.78   57.591
 7.68   1.00    0.087    0.005
 7.68   1.00    0.093   58.003
 7.68   1.00    0.089    0.203   0.093   0.201
 7.68   1.00    0.089    0.198   0.093   0.196

 7.69   0.00    0.201    0.196   0.044   0.038   0.020   0.009   0.082   0.009   0.000   0.000   0.000 479609800
 7.69   6.78   57.575
 7.69   1.00    0.087    0.005
 7.69   1.00    0.093   57.984
 7.69   1.00    0.089    0.202   0.093   0.201
 7.69   1.00    0.089    0.198   0.093   0.196

 7.70   0.00    0.201    0.196   0.044   0.038   0.020   0.009   0.082   0.008   0.000   0.000   0.000 480233400
 7.70   6.78   57.560
 7.70   1.00    0.087    0.005
 7.70   1.00    0.093   57.965
 7.70   1.00    0.089    0.202   0.093   0.201
 7.70   1.00    0.089    0.198   0.093   0.196

 7.71   0.00    0.200    0.196   0.044   0.038   0.020   0.009   0.082   0.008   0.000   0.000   0.000 480857100
 7.71   6.77   57.544
 7.71   1.00    0.087    0.005
 7.71   1.00    0.092   57.946
 7.71   1.00    0.089    0.202   0.092   0.200
 7.71   1.00    0.089    0.197   0.092   0.196

 7.72   0.00    0.200    0.196   0.044   0.038   0.020   0.009   0.082   0.008   0.000   0.000   0.000 481480800
 7.72   6.77   57.528
 7.72   1.00    0.087    0.005
 7.72   1.00    0.092   57.927
 7.72   1.00    0.089    0.202   0.092   0.200
 7.72   1.00    0.089    0.197   0.092   0.196

 7.73   0.00    0.200    0.195   0.044   0.038   0.020   0.009   0.082   0.008   0.000   0.000   0.000 482104500
 7.73   6.77   57.513
 7.73   1.00    0.087    0.005
 7.73   1.00    0.092   57.908
 7.73   1.00    0.089    0.202   0.092   0.200
 7.73   1.00    0.089    0.197   0.092   0.196

 7.74   0.00    0.200    0.195   0.043   0.038   0.020   0.009   0.082   0.008   0.000   0.000   0.000 482728200
 7.74   6.76   57.497
 7.74   1.00    0.087    0.005
 7.74   1.00    0.092   57.889
 7.74   1.00    0.089    0.202   0.092   0.200
 7.74   1.00    0.089    0.197   0.092   0.195

 7.75   0.00    0.200    0.195   0.043   0.038   0.020   0.009   0.082   0.008   0.000   0.000   0.000 483351800
 7.75   6.76   57.482
 7.75   1.00    0.087    0.005
 7.75   1.00    0.092   57.869
 7.75   1.00    0.089    0.201   0.092   0.200
 7.75   1.00    0.089    0.197   0.092   0.195

 7.76   0.00    0.200    0.195   0.043   0.038   0.020   0.009   0.082   0.008   0.000   0.000   0.000 483975600
 7.76   6.76   57.467
 7.76   1.00    0.087    0.005
 7.76   1.00    0.092   57.850
 7.76   1.00    0.089    0.201   0.092   0.200
 7.76   1.00    0.089    0.197   0.092   0.195

 7.77   0.00    0.200    0.195   0.043   0.038   0.020   0.009   0.082   0.008   0.000   0.000   0.000 484599200
 7.77   6.76   57.451
 7.77   1.00    0.087    0.005
 7.77   1.00    0.092   57.831
 7.77   1.00    0.089    0.201   0.092   0.200
 7.77   1.00    0.089    0.197   0.092   0.195

 7.78   0.00    0.199    0.195   0.043   0.038   0.019   0.009   0.082   0.008   0.000   0.000   0.000 485222900
 7.78   6.75   57.436
 7.78   1.00    0.087    0.005
 7.78   1.00    0.092   57.812
 7.78   1.00    0.088    0.201   0.092   0.199
 7.78   1.00    0.089    0.196   0.092   0.195

 7.79   0.00    0.199    0.195   0.043   0.038   0.019   0.009   0.082   0.008   0.000   0.000   0.000 485846600
 7.79   6.75   57.420
 7.79   1.00    0.086    0.005
 7.79   1.00    0.092   57.793
 7.79   1.00    0.088    0.201   0.092   0.199
 7.79   1.00    0.088    0.196   0.092   0.195

 7.80   0.00    0.199    0.195   0.043   0.038   0.019   0.009   0.082   0.008   0.000   0.000   0.000 486470200
 7.80   6.75   57.405
 7.80   1.00    0.086    0.005
 7.80   1.00    0.092   57.774
 7.80   1.00    0.088    0.201   0.092   0.199
 7.80   1.00    0.088    0.196   0.092   0.195

 7.81   0.00    0.199    0.194   0.043   0.038   0.019   0.009   0.082   0.008   0.000   0.000   0.000 487093900
 7.81   6.74   57.390
 7.81   1.00    0.086    0.005
 7.81   1.00    0.092   57.755
 7.81   1.00    0.088    0.201   0.092   0.199
 7.81   1.00    0.088    0.196   0.092   0.195

 7.82   0.00    0.199    0.194   0.043   0.038   0.019   0.009   0.082   0.008   0.000   0.000   0.000 487717600
 7.82   6.74   57.374
 7.82   1.00    0.086    0.005
 7.82   1.00    0.092   57.736
 7.82   1.00    0.088    0.200   0.092   0.199
 7.82   1.00    0.088    0.196   0.092   0.194

 7.83   0.00    0.199    0.194   0.043   0.038   0.019   0.009   0.082   0.008   0.000   0.000   0.000 488341300
 7.83   6.74   57.359
 7.83   1.00    0.086    0.005
 7.83   1.00    0.092   57.718
 7.83   1.00    0.088    0.200   0.092   0.199
 7.83   1.00    0.088    0.196   0.092   0.194

 7.84   0.00    0.199    0.194   0.043   0.038   0.019   0.009   0.082   0.008   0.000   0.000   0.000 488965000
 7.84   6.74   57.344
 7.84   1.00    0.086    0.005
 7.84   1.00    0.091   57.699
 7.84   1.00    0.088    0.200   0.091   0.199
 7.84   1.00    0.088    0.196   0.091   0.194

 7.85   0.00    0.198    0.194   0.043   0.038   0.019   0.008   0.082   0.008   0.000   0.000   0.000 489588600
 7.85   6.73   57.329
 7.85   1.00    0.086    0.005
 7.85   1.00    0.091   57.680
 7.85   1.00    0.088    0.200   0.091   0.199
 7.85   1.00    0.088    0.196   0.091   0.194

 7.86   0.00    0.198    0.194   0.043   0.038   0.019   0.008   0.082   0.008   0.000   0.000   0.000 490212300
 7.86   6.73   57.313
 7.86   1.00    0.086    0.005
 7.86   1.00    0.091   57.661
 7.86   1.00    0.088    0.200   0.091   0.198
 7.86   1.00    0.088    0.195   0.091   0.194

 7.87   0.00    0.198    0.194   0.043   0.038   0.019   0.008   0.082   0.008   0.000   0.000   0.000 490836000
 7.87   6.73   57.298
 7.87   1.00    0.086    0.005
 7.87   1.00    0.091   57.642
 7.87   1.00    0.088    0.200   0.091   0.198
 7.87   1.00    0.088    0.195   0.091   0.194

 7.88   0.00    0.198    0.194   0.043   0.038   0.019   0.008   0.082   0.008   0.000   0.000   0.000 491459700
 7.88   6.72   57.283
 7.88   1.00    0.086    0.005
 7.88   1.00    0.091   57.623
 7.88   1.00    0.088    0.200   0.091   0.198
 7.88   1.00    0.088    0.195   0.091   0.194

 7.89   0.00    0.198    0.193   0.043   0.038   0.019   0.008   0.082   0.008   0.000   0.000   0.000 492083400
 7.89   6.72   57.268
 7.89   1.00    0.086    0.005
 7.89   1.00    0.091   57.605
 7.89   1.00    0.088    0.200   0.091   0.198
 7.89   1.00    0.088    0.195   0.091   0.193

 7.90   0.00    0.198    0.193   0.042   0.038   0.019   0.008   0.082   0.008   0.000   0.000   0.000 492707000
 7.90   6.72   57.253
 7.90   1.00    0.086    0.005
 7.90   1.00    0.091   57.586
 7.90   1.00    0.088    0.199   0.091   0.198
 7.90   1.00    0.088    0.195   0.091   0.193

 7.91   0.00    0.198    0.193   0.042   0.038   0.019   0.008   0.082   0.008   0.000   0.000   0.000 493330700
 7.91   6.72   57.238
 7.91   1.00    0.086    0.005
 7.91   1.00    0.091   57.567
 7.91   1.00    0.087    0.199   0.091   0.198
 7.91   1.00    0.088    0.195   0.091   0.193

 7.92   0.00    0.197    0.193   0.042   0.038   0.019   0.008   0.082   0.008   0.000   0.000   0.000 493954400
 7.92   6.71   57.223
 7.92   1.00    0.086    0.005
 7.92   1.00    0.091   57.548
 7.92   1.00    0.087    0.199   0.091   0.198
 7.92   1.00    0.088    0.195   0.091   0.193

 7.93   0.00    0.197    0.193   0.042   0.038   0.019   0.008   0.082   0.008   0.000   0.000   0.000 494578100
 7.93   6.71   57.208
 7.93   1.00    0.086    0.005
 7.93   1.00    0.091   57.530
 7.93   1.00    0.087    0.199   0.091   0.197
 7.93   1.00    0.087    0.195   0.091   0.193

 7.94   0.00    0.197    0.193   0.042   0.038   0.019   0.008   0.082   0.008   0.000   0.000   0.000 495201800
 7.94   6.71   57.193
 7.94   1.00    0.085    0.005
 7.94   1.00    0.091   57.511
 7.94   1.00    0.087    0.199   0.091   0.197
 7.94   1.00    0.087    0.194   0.091   0.193

 7.95   0.00    0.197    0.193   0.042   0.038   0.019   0.008   0.082   0.008   0.000   0.000   0.000 495825400
 7.95   6.71   57.178
 7.95   1.00    0.085    0.005
 7.95   1.00    0.091   57.492
 7.95   1.00    0.087    0.199   0.091   0.197
 7.95   1.00    0.087    0.194   0.091   0.193

 7.96   0.00    0.197    0.193   0.042   0.038   0.019   0.008   0.082   0.008   0.000   0.000   0.000 496449100
 7.96   6.70   57.163
 7.96   1.00    0.085    0.005
 7.96   1.00    0.091   57.474
 7.96   1.00    0.087    0.199   0.091   0.197
 7.96   1.00    0.087    0.194   0.091   0.193

 7.97   0.00    0.197    0.192   0.042   0.038   0.019   0.008   0.082   0.008   0.000   0.000   0.000 497072800
 7.97   6.70   57.148
 7.97   1.00    0.085    0.005
 7.97   1.00    0.091   57.455
 7.97   1.00    0.087    0.198   0.091   0.197
 7.97   1.00    0.087    0.194   0.091   0.192

 7.98   0.00    0.197    0.192   0.042   0.038   0.019   0.008   0.082   0.008   0.000   0.000   0.000 497696500
 7.98   6.70   57.133
 7.98   1.00    0.085    0.005
 7.98   1.00    0.090   57.436
 7.98   1.00    0.087    0.198   0.090   0.197
 7.98   1.00    0.087    0.194   0.090   0.192

 7.99   0.00    0.197    0.192   0.042   0.038   0.019   0.008   0.082   0.008   0.000   0.000   0.000 498320200
 7.99   6.70   57.119
 7.99   1.00    0.085    0.005
 7.99   1.00    0.090   57.418
 7.99   1.00    0.087    0.198   0.090   0.197
 7.99   1.00    0.087    0.194   0.090   0.192

 8.00   0.00    0.196    0.192   0.042   0.038   0.019   0.008   0.082   0.008   0.000   0.000   0.000 498943800
 8.00   6.69   57.104
 8.00   1.00    0.085    0.005
 8.00   1.00    0.090   57.399
 8.00   1.00    0.087    0.198   0.090   0.196
 8.00   1.00    0.087    0.194   0.090   0.192

 8.01   0.00    0.196    0.192   0.042   0.038   0.018   0.008   0.082   0.008   0.000   0.000   0.000 499567500
 8.01   6.69   57.089
 8.01   1.00    0.085    0.005
 8.01   1.00    0.090   57.381
 8.01   1.00    0.087    0.198   0.090   0.196
 8.01   1.00    0.087    0.194   0.090   0.192

 8.02   0.00    0.196    0.192   0.042   0.038   0.018   0.008   0.082   0.008   0.000   0.000   0.000 500191200
 8.02   6.69   57.074
 8.02   1.00    0.085    0.005
 8.02   1.00    0.090   57.362
 8.02   1.00    0.087    0.198   0.090   0.196
 8.02   1.00    0.087    0.193   0.090   0.192

 8.03   0.00    0.196    0.192   0.042   0.038   0.018   0.008   0.082   0.008   0.000   0.000   0.000 500814800
 8.03   6.69   57.060
 8.03   1.00    0.085    0.005
 8.03   1.00    0.090   57.343
 8.03   1.00    0.087    0.198   0.090   0.196
 8.03   1.00    0.087    0.193   0.090   0.192

 8.04   0.00    0.196    0.192   0.042   0.038   0.018   0.008   0.082   0.008   0.000   0.000   0.000 501438600
 8.04   6.68   57.045
 8.04   1.00    0.085    0.005
 8.04   1.00    0.090   57.325
 8.04   1.00    0.087    0.197   0.090   0.196
 8.04   1.00    0.087    0.193   0.090   0.192

 8.05   0.00    0.196    0.191   0.042   0.038   0.018   0.008   0.082   0.008   0.000   0.000   0.000 502062200
 8.05   6.68   57.030
 8.05   1.00    0.085    0.005
 8.05   1.00    0.090   57.307
 8.05   1.00    0.086    0.197   0.090   0.196
 8.05   1.00    0.087    0.193   0.090   0.191

 8.06   0.00    0.196    0.191   0.041   0.038   0.018   0.008   0.082   0.008   0.000   0.000   0.000 502686000
 8.06   6.68   57.016
 8.06   1.00    0.085    0.005
 8.06   1.00    0.090   57.288
 8.06   1.00    0.086    0.197   0.090   0.196
 8.06   1.00    0.086    0.193   0.090   0.191

 8.07   0.00    0.195    0.191   0.041   0.038   0.018   0.008   0.082   0.008   0.000   0.000   0.000 503309600
 8.07   6.68   57.001
 8.07   1.00    0.085    0.005
 8.07   1.00    0.090   57.270
 8.07   1.00    0.086    0.197   0.090   0.196
 8.07   1.00    0.086    0.193   0.090   0.191

 8.08   0.00    0.195    0.191   0.041   0.038   0.018   0.008   0.082   0.008   0.000   0.000   0.000 503933300
 8.08   6.67   56.986
 8.08   1.00    0.084    0.005
 8.08   1.00    0.090   57.251
 8.08   1.00    0.086    0.197   0.090   0.195
 8.08   1.00    0.086    0.193   0.090   0.191

 8.09   0.00    0.195    0.191   0.041   0.038   0.018   0.008   0.082   0.008   0.000   0.000   0.000 504557000
 8.09   6.67   56.972
 8.09   1.00    0.084    0.005
 8.09   1.00    0.090   57.233
 8.09   1.00    0.086    0.197   0.090   0.195
 8.09   1.00    0.086    0.193   0.090   0.191

 8.10   0.00    0.195    0.191   0.041   0.038   0.018   0.008   0.082   0.008   0.000   0.000   0.000 505180700
 8.10   6.67   56.957
 8.10   1.00    0.084    0.005
 8.10   1.00    0.090   57.214
 8.10   1.00    0.086    0.197   0.090   0.195
 8.10   1.00    0.086    0.192   0.090   0.191

 8.11   0.00    0.195    0.191   0.041   0.038   0.018   0.008   0.082   0.008   0.000   0.000   0.000 505804300
 8.11   6.67   56.943
 8.11   1.00    0.084    0.005
 8.11   1.00    0.089   57.196
 8.11   1.00    0.086    0.197   0.089   0.195
 8.11   1.00    0.086    0.192   0.089   0.191

 8.12   0.00    0.195    0.191   0.041   0.038   0.018   0.008   0.082   0.008   0.000   0.000   0.000 506428000
 8.12   6.66   56.928
 8.12   1.00    0.084    0.005
 8.12   1.00    0.089   57.178
 8.12   1.00    0.086    0.196   0.089   0.195
 8.12   1.00    0.086    0.192   0.089   0.191

 8.13   0.00    0.195    0.190   0.041   0.038   0.018   0.008   0.082   0.008   0.000   0.000   0.000 507051700
 8.13   6.66   56.914
 8.13   1.00    0.084    0.005
 8.13   1.00    0.089   57.159
 8.13   1.00    0.086    0.196   0.089   0.195
 8.13   1.00    0.086    0.192   0.089   0.191

 8.14   0.00    0.195    0.190   0.041   0.038   0.018   0.008   0.082   0.008   0.000   0.000   0.000 507675400
 8.14   6.66   56.899
 8.14   1.00    0.084    0.005
 8.14   1.00    0.089   57.141
 8.14   1.00    0.086    0.196   0.089   0.195
 8.14   1.00    0.086    0.192   0.089   0.190

 8.15   0.00    0.194    0.190   0.041   0.038   0.018   0.008   0.082   0.008   0.000   0.000   0.000 508299000
 8.15   6.66   56.885
 8.15   1.00    0.084    0.005
 8.15   1.00    0.089   57.123
 8.15   1.00    0.086    0.196   0.089   0.194
 8.15   1.00    0.086    0.192   0.089   0.190

 8.16   0.00    0.194    0.190   0.041   0.038   0.018   0.008   0.082   0.008   0.000   0.000   0.000 508922700
 8.16   6.65   56.871
 8.16   1.00    0.084    0.005
 8.16   1.00    0.089   57.104
 8.16   1.00    0.086    0.196   0.089   0.194
 8.16   1.00    0.086    0.192   0.089   0.190

 8.17   0.00    0.194    0.190   0.041   0.038   0.018   0.008   0.082   0.008   0.000   0.000   0.000 509546400
 8.17   6.65   56.856
 8.17   1.00    0.084    0.005
 8.17   1.00    0.089   57.086
 8.17   1.00    0.086    0.196   0.089   0.194
 8.17   1.00    0.086    0.192   0.089   0.190

 8.18   0.00    0.194    0.190   0.041   0.038   0.018   0.008   0.082   0.008   0.000   0.000   0.000 510170100
 8.18   6.65   56.842
 8.18   1.00    0.084    0.005
 8.18   1.00    0.089   57.068
 8.18   1.00    0.086    0.196   0.089   0.194
 8.18   1.00    0.086    0.191   0.089   0.190

 8.19   0.00    0.194    0.190   0.041   0.038   0.018   0.008   0.082   0.008   0.000   0.000   0.000 510793700
 8.19   6.65   56.828
 8.19   1.00    0.084    0.005
 8.19   1.00    0.089   57.050
 8.19   1.00    0.086    0.196   0.089   0.194
 8.19   1.00    0.086    0.191   0.089   0.190

 8.20   0.00    0.194    0.190   0.041   0.038   0.018   0.008   0.082   0.008   0.000   0.000   0.000 511417400
 8.20   6.64   56.813
 8.20   1.00    0.084    0.005
 8.20   1.00    0.089   57.031
 8.20   1.00    0.085    0.195   0.089   0.194
 8.20   1.00    0.086    0.191   0.089   0.190

 8.21   0.00    0.194    0.190   0.041   0.038   0.018   0.008   0.082   0.008   0.000   0.000   0.000 512041100
 8.21   6.64   56.799
 8.21   1.00    0.084    0.005
 8.21   1.00    0.089   57.013
 8.21   1.00    0.085    0.195   0.089   0.194
 8.21   1.00    0.085    0.191   0.089   0.190

 8.22   0.00    0.194    0.189   0.041   0.038   0.018   0.008   0.082   0.008   0.000   0.000   0.000 512664800
 8.22   6.64   56.785
 8.22   1.00    0.084    0.005
 8.22   1.00    0.089   56.995
 8.22   1.00    0.085    0.195   0.089   0.194
 8.22   1.00    0.085    0.191   0.089   0.189

 8.23   0.00    0.193    0.189   0.040   0.038   0.018   0.008   0.082   0.008   0.000   0.000   0.000 513288400
 8.23   6.64   56.771
 8.23   1.00    0.084    0.005
 8.23   1.00    0.089   56.977
 8.23   1.00    0.085    0.195   0.089   0.193
 8.23   1.00    0.085    0.191   0.089   0.189

 8.24   0.00    0.193    0.189   0.040   0.038   0.018   0.008   0.082   0.008   0.000   0.000   0.000 513912100
 8.24   6.64   56.756
 8.24   1.00    0.083    0.005
 8.24   1.00    0.089   56.959
 8.24   1.00    0.085    0.195   0.089   0.193
 8.24   1.00    0.085    0.191   0.089   0.189

 8.25   0.00    0.193    0.189   0.040   0.038   0.017   0.008   0.082   0.008   0.000   0.000   0.000 514535800
 8.25   6.63   56.742
 8.25   1.00    0.083    0.005
 8.25   1.00    0.088   56.941
 8.25   1.00    0.085    0.195   0.088   0.193
 8.25   1.00    0.085    0.191   0.088   0.189

 8.26   0.00    0.193    0.189   0.040   0.038   0.017   0.008   0.082   0.008   0.000   0.000   0.000 515159500
 8.26   6.63   56.728
 8.26   1.00    0.083    0.005
 8.26   1.00    0.088   56.923
 8.26   1.00    0.085    0.195   0.088   0.193
 8.26   1.00    0.085    0.191   0.088   0.189

 8.27   0.00    0.193    0.189   0.040   0.038   0.017   0.008   0.082   0.008   0.000   0.000   0.000 515783200
 8.27   6.63   56.714
 8.27   1.00    0.083    0.005
 8.27   1.00    0.088   56.904
 8.27   1.00    0.085    0.195   0.088   0.193
 8.27   1.00    0.085    0.190   0.088   0.189

 8.28   0.00    0.193    0.189   0.040   0.038   0.017   0.008   0.082   0.008   0.000   0.000   0.000 516406800
 8.28   6.63   56.700
 8.28   1.00    0.083    0.005
 8.28   1.00    0.088   56.886
 8.28   1.00    0.085    0.194   0.088   0.193
 8.28   1.00    0.085    0.190   0.088   0.189

 8.29   0.00    0.193    0.189   0.040   0.038   0.017   0.008   0.082   0.008   0.000   0.000   0.000 517030600
 8.29   6.62   56.686
 8.29   1.00    0.083    0.005
 8.29   1.00    0.088   56.868
 8.29   1.00    0.085    0.194   0.088   0.193
 8.29   1.00    0.085    0.190   0.088   0.189

 8.30   0.00    0.193    0.188   0.040   0.038   0.017   0.008   0.082   0.008   0.000   0.000   0.000 517654200
 8.30   6.62   56.672
 8.30   1.00    0.083    0.005
 8.30   1.00    0.088   56.850
 8.30   1.00    0.085    0.194   0.088   0.193
 8.30   1.00    0.085    0.190   0.088   0.189

 8.31   0.00    0.192    0.188   0.040   0.038   0.017   0.008   0.082   0.008   0.000   0.000   0.000 518278000
 8.31   6.62   56.658
 8.31   1.00    0.083    0.005
 8.31   1.00    0.088   56.832
 8.31   1.00    0.085    0.194   0.088   0.192
 8.31   1.00    0.085    0.190   0.088   0.188

 8.32   0.00    0.192    0.188   0.040   0.038   0.017   0.008   0.082   0.008   0.000   0.000   0.000 518901600
 8.32   6.62   56.644
 8.32   1.00    0.083    0.005
 8.32   1.00    0.088   56.814
 8.32   1.00    0.085    0.194   0.088   0.192
 8.32   1.00    0.085    0.190   0.088   0.188

 8.33   0.00    0.192    0.188   0.040   0.038   0.017   0.008   0.082   0.008   0.000   0.000   0.000 519525300
 8.33   6.62   56.630
 8.33   1.00    0.083    0.005
 8.33   1.00    0.088   56.796
 8.33   1.00    0.085    0.194   0.088   0.192
 8.33   1.00    0.085    0.190   0.088   0.188

 8.34   0.00    0.192    0.188   0.040   0.038   0.017   0.008   0.082   0.008   0.000   0.000   0.000 520149000
 8.34   6.61   56.616
 8.34   1.00    0.083    0.005
 8.34   1.00    0.088   56.778
 8.34   1.00    0.085    0.194   0.088   0.192
 8.34   1.00    0.085    0.190   0.088   0.188

 8.35   0.00    0.192    0.188   0.040   0.038   0.017   0.008   0.082   0.008   0.000   0.000   0.000 520772700
 8.35   6.61   56.602
 8.35   1.00    0.083    0.005
 8.35   1.00    0.088   56.760
 8.35   1.00    0.084    0.194   0.088   0.192
 8.35   1.00    0.085    0.189   0.088   0.188

 8.36   0.00    0.192    0.188   0.040   0.038   0.017   0.008   0.082   0.008   0.000   0.000   0.000 521396300
 8.36   6.61   56.588
 8.36   1.00    0.083    0.005
 8.36   1.00    0.088   56.743
 8.36   1.00    0.084    0.193   0.088   0.192
 8.36   1.00    0.084    0.189   0.088   0.188

 8.37   0.00    0.192    0.188   0.040   0.038   0.017   0.008   0.082   0.008   0.000   0.000   0.000 522020000
 8.37   6.61   56.575
 8.37   1.00    0.083    0.005
 8.37   1.00    0.088   56.725
 8.37   1.00    0.084    0.193   0.088   0.192
 8.37   1.00    0.084    0.189   0.088   0.188

 8.38   0.00    0.192    0.188   0.040   0.038   0.017   0.008   0.082   0.008   0.000   0.000   0.000 522643700
 8.38   6.60   56.561
 8.38   1.00    0.083    0.005
 8.38   1.00    0.088   56.707
 8.38   1.00    0.084    0.193   0.088   0.192
 8.38   1.00    0.084    0.189   0.088   0.188

 8.39   0.00    0.191    0.187   0.040   0.038   0.017   0.008   0.082   0.008   0.000   0.000   0.000 523267400
 8.39   6.60   56.547
 8.39   1.00    0.083    0.005
 8.39   1.00    0.088   56.689
 8.39   1.00    0.084    0.193   0.088   0.192
 8.39   1.00    0.084    0.189   0.088   0.188

 8.40   0.00    0.191    0.187   0.040   0.038   0.017   0.008   0.082   0.008   0.000   0.000   0.000 523891000
 8.40   6.60   56.533
 8.40   1.00    0.082    0.005
 8.40   1.00    0.087   56.671
 8.40   1.00    0.084    0.193   0.087   0.191
 8.40   1.00    0.084    0.189   0.087   0.187

 8.41   0.00    0.191    0.187   0.039   0.038   0.017   0.008   0.082   0.008   0.000   0.000   0.000 524514700
 8.41   6.60   56.520
 8.41   1.00    0.082    0.005
 8.41   1.00    0.087   56.653
 8.41   1.00    0.084    0.193   0.087   0.191
 8.41   1.00    0.084    0.189   0.087   0.187

 8.42   0.00    0.191    0.187   0.039   0.038   0.017   0.008   0.082   0.008   0.000   0.000   0.000 525138400
 8.42   6.60   56.506
 8.42   1.00    0.082    0.005
 8.42   1.00    0.087   56.635
 8.42   1.00    0.084    0.193   0.087   0.191
 8.42   1.00    0.084    0.189   0.087   0.187

 8.43   0.00    0.191    0.187   0.039   0.038   0.017   0.008   0.082   0.008   0.000   0.000   0.000 525762100
 8.43   6.59   56.492
 8.43   1.00    0.082    0.005
 8.43   1.00    0.087   56.618
 8.43   1.00    0.084    0.193   0.087   0.191
 8.43   1.00    0.084    0.189   0.087   0.187

 8.44   0.00    0.191    0.187   0.039   0.038   0.017   0.008   0.082   0.008   0.000   0.000   0.000 526385700
 8.44   6.59   56.478
 8.44   1.00    0.082    0.005
 8.44   1.00    0.087   56.600
 8.44   1.00    0.084    0.192   0.087   0.191
 8.44   1.00    0.084    0.188   0.087   0.187

 8.45   0.00    0.191    0.187   0.039   0.038   0.017   0.008   0.082   0.008   0.000   0.000   0.000 527009400
 8.45   6.59   56.465
 8.45   1.00    0.082    0.005
 8.45   1.00    0.087   56.582
 8.45   1.00    0.084    0.192   0.087   0.191
 8.45   1.00    0.084    0.188   0.087   0.187

 8.46   0.00    0.191    0.187   0.039   0.038   0.017   0.008   0.082   0.008   0.000   0.000   0.000 527633100
 8.46   6.59   56.451
 8.46   1.00    0.082    0.005
 8.46   1.00    0.087   56.564
 8.46   1.00    0.084    0.192   0.087   0.191
 8.46   1.00    0.084    0.188   0.087   0.187

 8.47   0.00    0.191    0.187   0.039   0.038   0.017   0.008   0.082   0.008   0.000   0.000   0.000 528256800
 8.47   6.59   56.438
 8.47   1.00    0.082    0.005
 8.47   1.00    0.087   56.547
 8.47   1.00    0.084    0.192   0.087   0.191
 8.47   1.00    0.084    0.188   0.087   0.187

 8.48   0.00    0.190    0.186   0.039   0.038   0.017   0.008   0.082   0.008   0.000   0.000   0.000 528880400
 8.48   6.58   56.424
 8.48   1.00    0.082    0.005
 8.48   1.00    0.087   56.529
 8.48   1.00    0.084    0.192   0.087   0.190
 8.48   1.00    0.084    0.188   0.087   0.187

 8.49   0.00    0.190    0.186   0.039   0.038   0.017   0.008   0.082   0.008   0.000   0.000   0.000 529504100
 8.49   6.58   56.411
 8.49   1.00    0.082    0.005
 8.49   1.00    0.087   56.511
 8.49   1.00    0.084    0.192   0.087   0.190
 8.49   1.00    0.084    0.188   0.087   0.186

 8.50   0.00    0.190    0.186   0.039   0.038   0.017   0.008   0.082   0.008   0.000   0.000   0.000 530127800
 8.50   6.58   56.397
 8.50   1.00    0.082    0.005
 8.50   1.00    0.087   56.493
 8.50   1.00    0.083    0.192   0.087   0.190
 8.50   1.00    0.084    0.188   0.087   0.186

 8.51   0.00    0.190    0.186   0.039   0.038   0.017   0.008   0.082   0.008   0.000   0.000   0.000 530751500
 8.51   6.58   56.384
 8.51   1.00    0.082    0.005
 8.51   1.00    0.087   56.476
 8.51   1.00    0.083    0.192   0.087   0.190
 8.51   1.00    0.083    0.188   0.087   0.186

 8.52   0.00    0.190    0.186   0.039   0.037   0.016   0.008   0.082   0.008   0.000   0.000   0.000 531375200
 8.52   6.58   56.370
 8.52   1.00    0.082    0.005
 8.52   1.00    0.087   56.458
 8.52   1.00    0.083    0.191   0.087   0.190
 8.52   1.00    0.083    0.188   0.087   0.186

 8.53   0.00    0.190    0.186   0.039   0.037   0.016   0.008   0.082   0.008   0.000   0.000   0.000 531998800
 8.53   6.57   56.357
 8.53   1.00    0.082    0.005
 8.53   1.00    0.087   56.441
 8.53   1.00    0.083    0.191   0.087   0.190
 8.53   1.00    0.083    0.187   0.087   0.186

 8.54   0.00    0.190    0.186   0.039   0.037   0.016   0.008   0.082   0.008   0.000   0.000   0.000 532622600
 8.54   6.57   56.343
 8.54   1.00    0.082    0.005
 8.54   1.00    0.087   56.423
 8.54   1.00    0.083    0.191   0.087   0.190
 8.54   1.00    0.083    0.187   0.087   0.186

 8.55   0.00    0.190    0.186   0.039   0.037   0.016   0.008   0.082   0.008   0.000   0.000   0.000 533246200
 8.55   6.57   56.330
 8.55   1.00    0.082    0.005
 8.55   1.00    0.086   56.405
 8.55   1.00    0.083    0.191   0.086   0.190
 8.55   1.00    0.083    0.187   0.086   0.186

 8.56   0.00    0.189    0.186   0.039   0.037   0.016   0.008   0.082   0.007   0.000   0.000   0.000 533869900
 8.56   6.57   56.317
 8.56   1.00    0.081    0.005
 8.56   1.00    0.086   56.388
 8.56   1.00    0.083    0.191   0.086   0.190
 8.56   1.00    0.083    0.187   0.086   0.186

 8.57   0.00    0.189    0.186   0.039   0.037   0.016   0.008   0.082   0.007   0.000   0.000   0.000 534493600
 8.57   6.57   56.303
 8.57   1.00    0.081    0.005
 8.57   1.00    0.086   56.370
 8.57   1.00    0.083    0.191   0.086   0.189
 8.57   1.00    0.083    0.187   0.086   0.186

 8.58   0.00    0.189    0.185   0.039   0.037   0.016   0.008   0.082   0.007   0.000   0.000   0.000 535117200
 8.58   6.56   56.290
 8.58   1.00    0.081    0.005
 8.58   1.00    0.086   56.353
 8.58   1.00    0.083    0.191   0.086   0.189
 8.58   1.00    0.083    0.187   0.086   0.185

 8.59   0.00    0.189    0.185   0.038   0.037   0.016   0.008   0.082   0.007   0.000   0.000   0.000 535741000
 8.59   6.56   56.277
 8.59   1.00    0.081    0.005
 8.59   1.00    0.086   56.335
 8.59   1.00    0.083    0.191   0.086   0.189
 8.59   1.00    0.083    0.187   0.086   0.185

 8.60   0.00    0.189    0.185   0.038   0.037   0.016   0.008   0.082   0.007   0.000   0.000   0.000 536364600
 8.60   6.56   56.263
 8.60   1.00    0.081    0.005
 8.60   1.00    0.086   56.318
 8.60   1.00    0.083    0.191   0.086   0.189
 8.60   1.00    0.083    0.187   0.086   0.185

 8.61   0.00    0.189    0.185   0.038   0.037   0.016   0.008   0.082   0.007   0.000   0.000   0.000 536988300
 8.61   6.55   56.250
 8.61   1.00    0.081    0.005
 8.61   1.00    0.086   56.300
 8.61   1.00    0.083    0.190   0.086   0.189
 8.61   1.00    0.083    0.187   0.086   0.185

 8.62   0.00    0.189    0.185   0.038   0.037   0.016   0.008   0.082   0.007   0.000   0.000   0.000 537612000
 8.62   6.55   56.237
 8.62   1.00    0.081    0.005
 8.62   1.00    0.086   56.283
 8.62   1.00    0.083    0.190   0.086   0.189
 8.62   1.00    0.083    0.187   0.086   0.185

 8.63   0.00    0.189    0.185   0.038   0.037   0.016   0.008   0.082   0.007   0.000   0.000   0.000 538235600
 8.63   6.55   56.224
 8.63   1.00    0.081    0.005
 8.63   1.00    0.086   56.265
 8.63   1.00    0.083    0.190   0.086   0.189
 8.63   1.00    0.083    0.186   0.086   0.185

 8.64   0.00    0.189    0.185   0.038   0.037   0.016   0.008   0.082   0.007   0.000   0.000   0.000 538859400
 8.64   6.54   56.211
 8.64   1.00    0.081    0.005
 8.64   1.00    0.086   56.248
 8.64   1.00    0.083    0.190   0.086   0.189
 8.64   1.00    0.083    0.186   0.086   0.185

 8.65   0.00    0.188    0.185   0.038   0.037   0.016   0.008   0.082   0.007   0.000   0.000   0.000 539483000
 8.65   6.54   56.198
 8.65   1.00    0.081    0.005
 8.65   1.00    0.086   56.230
 8.65   1.00    0.083    0.190   0.086   0.189
 8.65   1.00    0.083    0.186   0.086   0.185

 8.66   0.00    0.188    0.185   0.038   0.037   0.016   0.008   0.082   0.007   0.000   0.000   0.000 540106700
 8.66   6.54   56.185
 8.66   1.00    0.081    0.005
 8.66   1.00    0.086   56.213
 8.66   1.00    0.082    0.190   0.086   0.188
 8.66   1.00    0.083    0.186   0.086   0.185

 8.67   0.00    0.188    0.184   0.038   0.037   0.016   0.008   0.082   0.007   0.000   0.000   0.000 540730400
 8.67   6.53   56.171
 8.67   1.00    0.081    0.005
 8.67   1.00    0.086   56.196
 8.67   1.00    0.082    0.190   0.086   0.188
 8.67   1.00    0.082    0.186   0.086   0.185

 8.68   0.00    0.188    0.184   0.038   0.037   0.016   0.008   0.082   0.007   0.000   0.000   0.000 541354100
 8.68   6.53   56.158
 8.68   1.00    0.081    0.005
 8.68   1.00    0.086   56.178
 8.68   1.00    0.082    0.190   0.086   0.188
 8.68   1.00    0.082    0.186   0.086   0.184

 8.69   0.00    0.188    0.184   0.038   0.037   0.016   0.008   0.082   0.007   0.000   0.000   0.000 541977700
 8.69   6.53   56.145
 8.69   1.00    0.081    0.005
 8.69   1.00    0.086   56.161
 8.69   1.00    0.082    0.190   0.086   0.188
 8.69   1.00    0.082    0.186   0.086   0.184

 8.70   0.00    0.188    0.184   0.038   0.037   0.016   0.008   0.082   0.007   0.000   0.000   0.000 542601400
 8.70   6.52   56.132
 8.70   1.00    0.081    0.005
 8.70   1.00    0.085   56.143
 8.70   1.00    0.082    0.189   0.085   0.188
 8.70   1.00    0.082    0.186   0.085   0.184

 8.71   0.00    0.188    0.184   0.038   0.037   0.016   0.008   0.082   0.007   0.000   0.000   0.000 543225100
 8.71   6.52   56.119
 8.71   1.00    0.081    0.005
 8.71   1.00    0.085   56.126
 8.71   1.00    0.082    0.189   0.085   0.188
 8.71   1.00    0.082    0.186   0.085   0.184

 8.72   0.00    0.188    0.184   0.038   0.037   0.016   0.007   0.082   0.007   0.000   0.000   0.000 543848800
 8.72   6.52   56.106
 8.72   1.00    0.081    0.005
 8.72   1.00    0.085   56.109
 8.72   1.00    0.082    0.189   0.085   0.188
 8.72   1.00    0.082    0.185   0.085   0.184

 8.73   0.00    0.188    0.184   0.038   0.037   0.016   0.007   0.082   0.007   0.000   0.000   0.000 544472400
 8.73   6.51   56.093
 8.73   1.00    0.080    0.005
 8.73   1.00    0.085   56.092
 8.73   1.00    0.082    0.189   0.085   0.188
 8.73   1.00    0.082    0.185   0.085   0.184

 8.74   0.00    0.187    0.184   0.038   0.037   0.016   0.007   0.082   0.007   0.000   0.000   0.000 545096100
 8.74   6.51   56.080
 8.74   1.00    0.080    0.005
 8.74   1.00    0.085   56.074
 8.74   1.00    0.082    0.189   0.085   0.188
 8.74   1.00    0.082    0.185   0.085   0.184

 8.75   0.00    0.187    0.184   0.038   0.037   0.016   0.007   0.082   0.007   0.000   0.000   0.000 545719800
 8.75   6.51   56.067
 8.75   1.00    0.080    0.005
 8.75   1.00    0.085   56.057
 8.75   1.00    0.082    0.189   0.085   0.187
 8.75   1.00    0.082    0.185   0.085   0.184

 8.76   0.00    0.187    0.184   0.038   0.037   0.016   0.007   0.082   0.007   0.000   0.000   0.000 546343500
 8.76   6.51   56.055
 8.76   1.00    0.080    0.005
 8.76   1.00    0.085   56.040
 8.76   1.00    0.082    0.189   0.085   0.187
 8.76   1.00    0.082    0.185   0.085   0.184

 8.77   0.00    0.187    0.183   0.038   0.037   0.016   0.007   0.082   0.007   0.000   0.000   0.000 546967200
 8.77   6.50   56.042
 8.77   1.00    0.080    0.005
 8.77   1.00    0.085   56.023
 8.77   1.00    0.082    0.189   0.085   0.187
 8.77   1.00    0.082    0.185   0.085   0.184

 8.78   0.00    0.187    0.183   0.037   0.037   0.016   0.007   0.082   0.007   0.000   0.000   0.000 547590800
 8.78   6.50   56.029
 8.78   1.00    0.080    0.005
 8.78   1.00    0.085   56.005
 8.78   1.00    0.082    0.189   0.085   0.187
 8.78   1.00    0.082    0.185   0.085   0.183

 8.79   0.00    0.187    0.183   0.037   0.037   0.016   0.007   0.082   0.007   0.000   0.000   0.000 548214500
 8.79   6.50   56.016
 8.79   1.00    0.080    0.005
 8.79   1.00    0.085   55.988
 8.79   1.00    0.082    0.188   0.085   0.187
 8.79   1.00    0.082    0.185   0.085   0.183

 8.80   0.00    0.187    0.183   0.037   0.037   0.016   0.007   0.082   0.007   0.000   0.000   0.000 548838200
 8.80   6.49   56.003
 8.80   1.00    0.080    0.005
 8.80   1.00    0.085   55.971
 8.80   1.00    0.082    0.188   0.085   0.187
 8.80   1.00    0.082    0.185   0.085   0.183

 8.81   0.00    0.187    0.183   0.037   0.037   0.015   0.007   0.082   0.007   0.000   0.000   0.000 549462000
 8.81   6.49   55.990
 8.81   1.00    0.080    0.005
 8.81   1.00    0.085   55.954
 8.81   1.00    0.082    0.188   0.085   0.187
 8.81   1.00    0.082    0.185   0.085   0.183

 8.82   0.00    0.187    0.183   0.037   0.037   0.015   0.007   0.082   0.007   0.000   0.000   0.000 550085600
 8.82   6.49   55.977
 8.82   1.00    0.080    0.005
 8.82   1.00    0.085   55.937
 8.82   1.00    0.081    0.188   0.085   0.187
 8.82   1.00    0.082    0.184   0.085   0.183

 8.83   0.00    0.187    0.183   0.037   0.037   0.015   0.007   0.082   0.007   0.000   0.000   0.000 550709200
 8.83   6.48   55.965
 8.83   1.00    0.080    0.005
 8.83   1.00    0.085   55.919
 8.83   1.00    0.081    0.188   0.085   0.187
 8.83   1.00    0.081    0.184   0.085   0.183

 8.84   0.00    0.186    0.183   0.037   0.037   0.015   0.007   0.082   0.007   0.000   0.000   0.000 551332900
 8.84   6.48   55.952
 8.84   1.00    0.080    0.005
 8.84   1.00    0.085   55.902
 8.84   1.00    0.081    0.188   0.085   0.186
 8.84   1.00    0.081    0.184   0.085   0.183

 8.85   0.00    0.186    0.183   0.037   0.037   0.015   0.007   0.082   0.007   0.000   0.000   0.000 551956700
 8.85   6.48   55.939
 8.85   1.00    0.080    0.005
 8.85   1.00    0.085   55.885
 8.85   1.00    0.081    0.188   0.085   0.186
 8.85   1.00    0.081    0.184   0.085   0.183

 8.86   0.00    0.186    0.183   0.037   0.037   0.015   0.007   0.082   0.007   0.000   0.000   0.000 552580300
 8.86   6.47   55.926
 8.86   1.00    0.080    0.005
 8.86   1.00    0.084   55.868
 8.86   1.00    0.081    0.188   0.084   0.186
 8.86   1.00    0.081    0.184   0.084   0.183

 8.87   0.00    0.186    0.182   0.037   0.037   0.015   0.007   0.082   0.007   0.000   0.000   0.000 553204000
 8.87   6.47   55.914
 8.87   1.00    0.080    0.005
 8.87   1.00    0.084   55.851
 8.87   1.00    0.081    0.188   0.084   0.186
 8.87   1.00    0.081    0.184   0.084   0.183

 8.88   0.00    0.186    0.182   0.037   0.037   0.015   0.007   0.082   0.007   0.000   0.000   0.000 553827600
 8.88   6.47   55.901
 8.88   1.00    0.080    0.005
 8.88   1.00    0.084   55.834
 8.88   1.00    0.081    0.187   0.084   0.186
 8.88   1.00    0.081    0.184   0.084   0.182

 8.89   0.00    0.186    0.182   0.037   0.037   0.015   0.007   0.082   0.007   0.000   0.000   0.000 554451400
 8.89   6.46   55.888
 8.89   1.00    0.080    0.005
 8.89   1.00    0.084   55.817
 8.89   1.00    0.081    0.187   0.084   0.186
 8.89   1.00    0.081    0.184   0.084   0.182

 8.90   0.00    0.186    0.182   0.037   0.037   0.015   0.007   0.082   0.007   0.000   0.000   0.000 555075000
 8.90   6.46   55.876
 8.90   1.00    0.080    0.005
 8.90   1.00    0.084   55.800
 8.90   1.00    0.081    0.187   0.084   0.186
 8.90   1.00    0.081    0.184   0.084   0.182

 8.91   0.00    0.186    0.182   0.037   0.037   0.015   0.007   0.082   0.007   0.000   0.000   0.000 555698700
 8.91   6.46   55.863
 8.91   1.00    0.079    0.005
 8.91   1.00    0.084   55.783
 8.91   1.00    0.081    0.187   0.084   0.186
 8.91   1.00    0.081    0.184   0.084   0.182

 8.92   0.00    0.186    0.182   0.037   0.037   0.015   0.007   0.082   0.007   0.000   0.000   0.000 556322400
 8.92   6.45   55.850
 8.92   1.00    0.079    0.005
 8.92   1.00    0.084   55.766
 8.92   1.00    0.081    0.187   0.084   0.186
 8.92   1.00    0.081    0.183   0.084   0.182

 8.93   0.00    0.185    0.182   0.037   0.037   0.015   0.007   0.082   0.007   0.000   0.000   0.000 556946000
 8.93   6.45   55.838
 8.93   1.00    0.079    0.005
 8.93   1.00    0.084   55.749
 8.93   1.00    0.081    0.187   0.084   0.186
 8.93   1.00    0.081    0.183   0.084   0.182

 8.94   0.00    0.185    0.182   0.037   0.037   0.015   0.007   0.082   0.007   0.000   0.000   0.000 557569700
 8.94   6.45   55.825
 8.94   1.00    0.079    0.005
 8.94   1.00    0.084   55.732
 8.94   1.00    0.081    0.187   0.084   0.185
 8.94   1.00    0.081    0.183   0.084   0.182

 8.95   0.00    0.185    0.182   0.037   0.037   0.015   0.007   0.082   0.007   0.000   0.000   0.000 558193400
 8.95   6.44   55.812
 8.95   1.00    0.079    0.005
 8.95   1.00    0.084   55.715
 8.95   1.00    0.081    0.187   0.084   0.185
 8.95   1.00    0.081    0.183   0.084   0.182

 8.96   0.00    0.185    0.182   0.037   0.037   0.015   0.007   0.082   0.007   0.000   0.000   0.000 558817100
 8.96   6.44   55.800
 8.96   1.00    0.079    0.005
 8.96   1.00    0.084   55.698
 8.96   1.00    0.081    0.187   0.084   0.185
 8.96   1.00    0.081    0.183   0.084   0.182

 8.97   0.00    0.185    0.182   0.037   0.037   0.015   0.007   0.082   0.007   0.000   0.000   0.000 559440800
 8.97   6.44   55.787
 8.97   1.00    0.079    0.005
 8.97   1.00    0.084   55.681
 8.97   1.00    0.081    0.187   0.084   0.185
 8.97   1.00    0.081    0.183   0.084   0.182

 8.98   0.00    0.185    0.181   0.036   0.037   0.015   0.007   0.082   0.007   0.000   0.000   0.000 560064400
 8.98   6.43   55.775
 8.98   1.00    0.079    0.005
 8.98   1.00    0.084   55.664
 8.98   1.00    0.080    0.186   0.084   0.185
 8.98   1.00    0.081    0.183   0.084   0.181

 8.99   0.00    0.185    0.181   0.036   0.037   0.015   0.007   0.082   0.007   0.000   0.000   0.000 560688100
 8.99   6.43   55.762
 8.99   1.00    0.079    0.005
 8.99   1.00    0.084   55.648
 8.99   1.00    0.080    0.186   0.084   0.185
 8.99   1.00    0.081    0.183   0.084   0.181

 9.00   0.00    0.185    0.181   0.036   0.037   0.015   0.007   0.082   0.007   0.000   0.000   0.000 561311800
 9.00   6.43   55.750
 9.00   1.00    0.079    0.005
 9.00   1.00    0.084   55.631
 9.00   1.00    0.080    0.186   0.084   0.185
 9.00   1.00    0.080    0.183   0.084   0.181

 9.01   0.00    0.185    0.181   0.036   0.037   0.015   0.007   0.082   0.007   0.000   0.000   0.000 561935500
 9.01   6.43   55.737
 9.01   1.00    0.079    0.005
 9.01   1.00    0.084   55.614
 9.01   1.00    0.080    0.186   0.084   0.185
 9.01   1.00    0.080    0.183   0.084   0.181

 9.02   0.00    0.185    0.181   0.036   0.037   0.015   0.007   0.082   0.007   0.000   0.000   0.000 562559200
 9.02   6.42   55.725
 9.02   1.00    0.079    0.005
 9.02   1.00    0.083   55.597
 9.02   1.00    0.080    0.186   0.083   0.185
 9.02   1.00    0.080    0.183   0.083   0.181

 9.03   0.00    0.184    0.181   0.036   0.037   0.015   0.007   0.082   0.007   0.000   0.000   0.000 563182800
 9.03   6.42   55.712
 9.03   1.00    0.079    0.005
 9.03   1.00    0.083   55.580
 9.03   1.00    0.080    0.186   0.083   0.184
 9.03   1.00    0.080    0.182   0.083   0.181

 9.04   0.00    0.184    0.181   0.036   0.037   0.015   0.007   0.082   0.007   0.000   0.000   0.000 563806500
 9.04   6.42   55.700
 9.04   1.00    0.079    0.005
 9.04   1.00    0.083   55.563
 9.04   1.00    0.080    0.186   0.083   0.184
 9.04   1.00    0.080    0.182   0.083   0.181

 9.05   0.00    0.184    0.181   0.036   0.037   0.015   0.007   0.082   0.007   0.000   0.000   0.000 564430200
 9.05   6.41   55.688
 9.05   1.00    0.079    0.005
 9.05   1.00    0.083   55.547
 9.05   1.00    0.080    0.186   0.083   0.184
 9.05   1.00    0.080    0.182   0.083   0.181

 9.06   0.00    0.184    0.181   0.036   0.037   0.015   0.007   0.082   0.007   0.000   0.000   0.000 565054000
 9.06   6.41   55.675
 9.06   1.00    0.079    0.005
 9.06   1.00    0.083   55.530
 9.06   1.00    0.080    0.186   0.083   0.184
 9.06   1.00    0.080    0.182   0.083   0.181

 9.07   0.00    0.184    0.181   0.036   0.037   0.015   0.007   0.082   0.007   0.000   0.000   0.000 565677600
 9.07   6.41   55.663
 9.07   1.00    0.079    0.005
 9.07   1.00    0.083   55.513
 9.07   1.00    0.080    0.186   0.083   0.184
 9.07   1.00    0.080    0.182   0.083   0.181

 9.08   0.00    0.184    0.180   0.036   0.037   0.015   0.007   0.082   0.007   0.000   0.000   0.000 566301200
 9.08   6.40   55.651
 9.08   1.00    0.079    0.005
 9.08   1.00    0.083   55.496
 9.08   1.00    0.080    0.185   0.083   0.184
 9.08   1.00    0.080    0.182   0.083   0.181

 9.09   0.00    0.184    0.180   0.036   0.037   0.015   0.007   0.082   0.007   0.000   0.000   0.000 566924900
 9.09   6.40   55.638
 9.09   1.00    0.078    0.005
 9.09   1.00    0.083   55.480
 9.09   1.00    0.080    0.185   0.083   0.184
 9.09   1.00    0.080    0.182   0.083   0.180

 9.10   0.00    0.184    0.180   0.036   0.037   0.015   0.007   0.082   0.007   0.000   0.000   0.000 567548700
 9.10   6.40   55.626
 9.10   1.00    0.078    0.005
 9.10   1.00    0.083   55.463
 9.10   1.00    0.080    0.185   0.083   0.184
 9.10   1.00    0.080    0.182   0.083   0.180

 9.11   0.00    0.184    0.180   0.036   0.037   0.015   0.007   0.082   0.007   0.000   0.000   0.000 568172300
 9.11   6.39   55.614
 9.11   1.00    0.078    0.005
 9.11   1.00    0.083   55.446
 9.11   1.00    0.080    0.185   0.083   0.184
 9.11   1.00    0.080    0.182   0.083   0.180

 9.12   0.00    0.184    0.180   0.036   0.037   0.015   0.007   0.082   0.007   0.000   0.000   0.000 568796000
 9.12   6.39   55.601
 9.12   1.00    0.078    0.005
 9.12   1.00    0.083   55.429
 9.12   1.00    0.080    0.185   0.083   0.184
 9.12   1.00    0.080    0.182   0.083   0.180

 9.13   0.00    0.183    0.180   0.036   0.037   0.015   0.007   0.082   0.007   0.000   0.000   0.000 569419600
 9.13   6.39   55.589
 9.13   1.00    0.078    0.005
 9.13   1.00    0.083   55.413
 9.13   1.00    0.080    0.185   0.083   0.184
 9.13   1.00    0.080    0.182   0.083   0.180

 9.14   0.00    0.183    0.180   0.036   0.037   0.014   0.007   0.082   0.007   0.000   0.000   0.000 570043300
 9.14   6.39   55.577
 9.14   1.00    0.078    0.005
 9.14   1.00    0.083   55.396
 9.14   1.00    0.080    0.185   0.083   0.183
 9.14   1.00    0.080    0.181   0.083   0.180

 9.15   0.00    0.183    0.180   0.036   0.037   0.014   0.007   0.082   0.007   0.000   0.000   0.000 570667000
 9.15   6.38   55.565
 9.15   1.00    0.078    0.005
 9.15   1.00    0.083   55.380
 9.15   1.00    0.080    0.185   0.083   0.183
 9.15   1.00    0.080    0.181   0.083   0.180

 9.16   0.00    0.183    0.180   0.036   0.037   0.014   0.007   0.082   0.007   0.000   0.000   0.000 571290700
 9.16   6.38   55.552
 9.16   1.00    0.078    0.005
 9.16   1.00    0.083   55.363
 9.16   1.00    0.079    0.185   0.083   0.183
 9.16   1.00    0.080    0.181   0.083   0.180

 9.17   0.00    0.183    0.180   0.036   0.037   0.014   0.007   0.082   0.007   0.000   0.000   0.000 571914400
 9.17   6.38   55.540
 9.17   1.00    0.078    0.005
 9.17   1.00    0.083   55.346
 9.17   1.00    0.079    0.185   0.083   0.183
 9.17   1.00    0.079    0.181   0.083   0.180

 9.18   0.00    0.183    0.180   0.036   0.037   0.014   0.007   0.082   0.007   0.000   0.000   0.000 572538000
 9.18   6.37   55.528
 9.18   1.00    0.078    0.005
 9.18   1.00    0.083   55.330
 9.18   1.00    0.079    0.184   0.083   0.183
 9.18   1.00    0.079    0.181   0.083   0.180

 9.19   0.00    0.183    0.179   0.035   0.037   0.014   0.007   0.082   0.007   0.000   0.000   0.000 573161700
 9.19   6.37   55.519
 9.19   1.00    0.078    0.005
 9.19   1.00    0.082   55.317
 9.19   1.00    0.079    0.184   0.082   0.183
 9.19   1.00    0.079    0.181   0.082   0.180

 9.20   0.00    0.183    0.179   0.035   0.037   0.014   0.007   0.082   0.007   0.000   0.000   0.000 573785400
 9.20   6.37   55.507
 9.20   1.00    0.078    0.005
 9.20   1.00    0.082   55.301
 9.20   1.00    0.079    0.184   0.082   0.183
 9.20   1.00    0.079    0.181   0.082   0.179

 9.21   0.00    0.183    0.179   0.035   0.037   0.014   0.007   0.082   0.007   0.000   0.000   0.000 574409100
 9.21   6.36   55.494
 9.21   1.00    0.078    0.005
 9.21   1.00    0.082   55.284
 9.21   1.00    0.079    0.184   0.082   0.183
 9.21   1.00    0.079    0.181   0.082   0.179

 9.22   0.00    0.183    0.179   0.035   0.037   0.014   0.007   0.082   0.007   0.000   0.000   0.000 575032800
 9.22   6.36   55.482
 9.22   1.00    0.078    0.005
 9.22   1.00    0.082   55.267
 9.22   1.00    0.079    0.184   0.082   0.183
 9.22   1.00    0.079    0.181   0.082   0.179

 9.23   0.00    0.182    0.179   0.035   0.037   0.014   0.007   0.082   0.007   0.000   0.000   0.000 575656400
 9.23   6.36   55.470
 9.23   1.00    0.078    0.005
 9.23   1.00    0.082   55.251
 9.23   1.00    0.079    0.184   0.082   0.183
 9.23   1.00    0.079    0.181   0.082   0.179

 9.24   0.00    0.182    0.179   0.035   0.037   0.014   0.007   0.082   0.007   0.000   0.000   0.000 576280100
 9.24   6.36   55.458
 9.24   1.00    0.078    0.005
 9.24   1.00    0.082   55.234
 9.24   1.00    0.079    0.184   0.082   0.182
 9.24   1.00    0.079    0.180   0.082   0.179

 9.25   0.00    0.182    0.179   0.035   0.037   0.014   0.007   0.082   0.007   0.000   0.000   0.000 576903800
 9.25   6.35   55.446
 9.25   1.00    0.078    0.004
 9.25   1.00    0.082   55.218
 9.25   1.00    0.079    0.184   0.082   0.182
 9.25   1.00    0.079    0.180   0.082   0.179

 9.26   0.00    0.182    0.179   0.035   0.037   0.014   0.007   0.082   0.007   0.000   0.000   0.000 577527500
 9.26   6.35   55.434
 9.26   1.00    0.078    0.004
 9.26   1.00    0.082   55.201
 9.26   1.00    0.079    0.184   0.082   0.182
 9.26   1.00    0.079    0.180   0.082   0.179

 9.27   0.00    0.182    0.179   0.035   0.037   0.014   0.007   0.082   0.007   0.000   0.000   0.000 578151200
 9.27   6.35   55.422
 9.27   1.00    0.078    0.004
 9.27   1.00    0.082   55.184
 9.27   1.00    0.079    0.184   0.082   0.182
 9.27   1.00    0.079    0.180   0.082   0.179

 9.28   0.00    0.182    0.179   0.035   0.037   0.014   0.007   0.082   0.007   0.000   0.000   0.000 578774800
 9.28   6.34   55.410
 9.28   1.00    0.077    0.004
 9.28   1.00    0.082   55.168
 9.28   1.00    0.079    0.183   0.082   0.182
 9.28   1.00    0.079    0.180   0.082   0.179

 9.29   0.00    0.182    0.179   0.035   0.037   0.014   0.007   0.082   0.007   0.000   0.000   0.000 579398500
 9.29   6.34   55.398
 9.29   1.00    0.077    0.004
 9.29   1.00    0.082   55.151
 9.29   1.00    0.079    0.183   0.082   0.182
 9.29   1.00    0.079    0.180   0.082   0.179

 9.30   0.00    0.182    0.179   0.035   0.037   0.014   0.007   0.082   0.007   0.000   0.000   0.000 580022200
 9.30   6.34   55.385
 9.30   1.00    0.077    0.004
 9.30   1.00    0.082   55.135
 9.30   1.00    0.079    0.183   0.082   0.182
 9.30   1.00    0.079    0.180   0.082   0.179

 9.31   0.00    0.182    0.178   0.035   0.037   0.014   0.007   0.082   0.007   0.000   0.000   0.000 580645900
 9.31   6.33   55.373
 9.31   1.00    0.077    0.004
 9.31   1.00    0.082   55.118
 9.31   1.00    0.079    0.183   0.082   0.182
 9.31   1.00    0.079    0.180   0.082   0.178

 9.32   0.00    0.182    0.178   0.035   0.037   0.014   0.007   0.082   0.007   0.000   0.000   0.000 581269600
 9.32   6.33   55.361
 9.32   1.00    0.077    0.004
 9.32   1.00    0.082   55.102
 9.32   1.00    0.079    0.183   0.082   0.182
 9.32   1.00    0.079    0.180   0.082   0.178

 9.33   0.00    0.182    0.178   0.035   0.037   0.014   0.007   0.082   0.007   0.000   0.000   0.000 581893200
 9.33   6.33   55.349
 9.33   1.00    0.077    0.004
 9.33   1.00    0.082   55.086
 9.33   1.00    0.079    0.183   0.082   0.182
 9.33   1.00    0.079    0.180   0.082   0.178

 9.34   0.00    0.181    0.178   0.035   0.037   0.014   0.007   0.082   0.007   0.000   0.000   0.000 582516900
 9.34   6.33   55.337
 9.34   1.00    0.077    0.004
 9.34   1.00    0.082   55.069
 9.34   1.00    0.078    0.183   0.082   0.181
 9.34   1.00    0.079    0.180   0.082   0.178

 9.35   0.00    0.181    0.178   0.035   0.037   0.014   0.007   0.082   0.007   0.000   0.000   0.000 583140600
 9.35   6.32   55.326
 9.35   1.00    0.077    0.004
 9.35   1.00    0.082   55.053
 9.35   1.00    0.078    0.183   0.082   0.181
 9.35   1.00    0.078    0.180   0.082   0.178

 9.36   0.00    0.181    0.178   0.035   0.037   0.014   0.007   0.082   0.007   0.000   0.000   0.000 583764300
 9.36   6.32   55.314
 9.36   1.00    0.077    0.004
 9.36   1.00    0.082   55.036
 9.36   1.00    0.078    0.183   0.082   0.181
 9.36   1.00    0.078    0.179   0.082   0.178

 9.37   0.00    0.181    0.178   0.035   0.037   0.014   0.007   0.082   0.007   0.000   0.000   0.000 584388000
 9.37   6.32   55.302
 9.37   1.00    0.077    0.004
 9.37   1.00    0.081   55.020
 9.37   1.00    0.078    0.183   0.081   0.181
 9.37   1.00    0.078    0.179   0.081   0.178

 9.38   0.00    0.181    0.178   0.035   0.037   0.014   0.007   0.082   0.007   0.000   0.000   0.000 585011600
 9.38   6.31   55.290
 9.38   1.00    0.077    0.004
 9.38   1.00    0.081   55.003
 9.38   1.00    0.078    0.183   0.081   0.181
 9.38   1.00    0.078    0.179   0.081   0.178

 9.39   0.00    0.181    0.178   0.035   0.037   0.014   0.007   0.082   0.007   0.000   0.000   0.000 585635300
 9.39   6.31   55.278
 9.39   1.00    0.077    0.004
 9.39   1.00    0.081   54.987
 9.39   1.00    0.078    0.182   0.081   0.181
 9.39   1.00    0.078    0.179   0.081   0.178

 9.40   0.00    0.181    0.178   0.035   0.037   0.014   0.007   0.082   0.007   0.000   0.000   0.000 586259000
 9.40   6.31   55.266
 9.40   1.00    0.077    0.004
 9.40   1.00    0.081   54.971
 9.40   1.00    0.078    0.182   0.081   0.181
 9.40   1.00    0.078    0.179   0.081   0.178

 9.41   0.00    0.181    0.178   0.034   0.037   0.014   0.007   0.082   0.007   0.000   0.000   0.000 586882700
 9.41   6.31   55.254
 9.41   1.00    0.077    0.004
 9.41   1.00    0.081   54.954
 9.41   1.00    0.078    0.182   0.081   0.181
 9.41   1.00    0.078    0.179   0.081   0.178

 9.42   0.00    0.181    0.177   0.034   0.037   0.014   0.007   0.082   0.007   0.000   0.000   0.000 587506400
 9.42   6.30   55.242
 9.42   1.00    0.077    0.004
 9.42   1.00    0.081   54.938
 9.42   1.00    0.078    0.182   0.081   0.181
 9.42   1.00    0.078    0.179   0.081   0.178

 9.43   0.00    0.181    0.177   0.034   0.037   0.014   0.007   0.082   0.007   0.000   0.000   0.000 588130000
 9.43   6.30   55.230
 9.43   1.00    0.077    0.004
 9.43   1.00    0.081   54.922
 9.43   1.00    0.078    0.182   0.081   0.181
 9.43   1.00    0.078    0.179   0.081   0.177

 9.44   0.00    0.181    0.177   0.034   0.037   0.014   0.007   0.082   0.007   0.000   0.000   0.000 588753700
 9.44   6.30   55.219
 9.44   1.00    0.077    0.004
 9.44   1.00    0.081   54.905
 9.44   1.00    0.078    0.182   0.081   0.181
 9.44   1.00    0.078    0.179   0.081   0.177

 9.45   0.00    0.180    0.177   0.034   0.037   0.014   0.007   0.082   0.007   0.000   0.000   0.000 589377400
 9.45   6.29   55.207
 9.45   1.00    0.077    0.004
 9.45   1.00    0.081   54.889
 9.45   1.00    0.078    0.182   0.081   0.180
 9.45   1.00    0.078    0.179   0.081   0.177

 9.46   0.00    0.180    0.177   0.034   0.037   0.014   0.007   0.082   0.007   0.000   0.000   0.000 590001100
 9.46   6.29   55.195
 9.46   1.00    0.077    0.004
 9.46   1.00    0.081   54.873
 9.46   1.00    0.078    0.182   0.081   0.180
 9.46   1.00    0.078    0.179   0.081   0.177

 9.47   0.00    0.180    0.177   0.034   0.037   0.014   0.007   0.082   0.007   0.000   0.000   0.000 590624800
 9.47   6.29   55.183
 9.47   1.00    0.077    0.004
 9.47   1.00    0.081   54.857
 9.47   1.00    0.078    0.182   0.081   0.180
 9.47   1.00    0.078    0.178   0.081   0.177

 9.48   0.00    0.180    0.177   0.034   0.037   0.014   0.007   0.082   0.007   0.000   0.000   0.000 591248400
 9.48   6.29   55.172
 9.48   1.00    0.076    0.004
 9.48   1.00    0.081   54.840
 9.48   1.00    0.078    0.182   0.081   0.180
 9.48   1.00    0.078    0.178   0.081   0.177

 9.49   0.00    0.180    0.177   0.034   0.037   0.013   0.007   0.082   0.007   0.000   0.000   0.000 591872100
 9.49   6.28   55.160
 9.49   1.00    0.076    0.004
 9.49   1.00    0.081   54.824
 9.49   1.00    0.078    0.181   0.081   0.180
 9.49   1.00    0.078    0.178   0.081   0.177

 9.50   0.00    0.180    0.177   0.034   0.037   0.013   0.007   0.082   0.007   0.000   0.000   0.000 592495800
 9.50   6.28   55.148
 9.50   1.00    0.076    0.004
 9.50   1.00    0.081   54.808
 9.50   1.00    0.078    0.181   0.081   0.180
 9.50   1.00    0.078    0.178   0.081   0.177

 9.51   0.00    0.180    0.177   0.034   0.037   0.013   0.007   0.082   0.007   0.000   0.000   0.000 593119500
 9.51   6.28   55.136
 9.51   1.00    0.076    0.004
 9.51   1.00    0.081   54.792
 9.51   1.00    0.078    0.181   0.081   0.180
 9.51   1.00    0.078    0.178   0.081   0.177

 9.52   0.00    0.180    0.177   0.034   0.037   0.013   0.007   0.082   0.007   0.000   0.000   0.000 593743200
 9.52   6.27   55.125
 9.52   1.00    0.076    0.004
 9.52   1.00    0.081   54.776
 9.52   1.00    0.077    0.181   0.081   0.180
 9.52   1.00    0.078    0.178   0.081   0.177

 9.53   0.00    0.180    0.177   0.034   0.037   0.013   0.007   0.082   0.007   0.000   0.000   0.000 594366800
 9.53   6.27   55.113
 9.53   1.00    0.076    0.004
 9.53   1.00    0.081   54.759
 9.53   1.00    0.077    0.181   0.081   0.180
 9.53   1.00    0.077    0.178   0.081   0.177

 9.54   0.00    0.180    0.176   0.034   0.037   0.013   0.007   0.082   0.007   0.000   0.000   0.000 594990500
 9.54   6.27   55.101
 9.54   1.00    0.076    0.004
 9.54   1.00    0.081   54.743
 9.54   1.00    0.077    0.181   0.081   0.180
 9.54   1.00    0.077    0.178   0.081   0.177

 9.55   0.00    0.180    0.176   0.034   0.037   0.013   0.007   0.082   0.007   0.000   0.000   0.000 595614200
 9.55   6.27   55.090
 9.55   1.00    0.076    0.004
 9.55   1.00    0.080   54.727
 9.55   1.00    0.077    0.181   0.080   0.180
 9.55   1.00    0.077    0.178   0.080   0.176

 9.56   0.00    0.179    0.176   0.034   0.037   0.013   0.007   0.082   0.007   0.000   0.000   0.000 596237900
 9.56   6.26   55.078
 9.56   1.00    0.076    0.004
 9.56   1.00    0.080   54.711
 9.56   1.00    0.077    0.181   0.080   0.179
 9.56   1.00    0.077    0.178   0.080   0.176

 9.57   0.00    0.179    0.176   0.034   0.037   0.013   0.007   0.082   0.007   0.000   0.000   0.000 596861600
 9.57   6.26   55.067
 9.57   1.00    0.076    0.004
 9.57   1.00    0.080   54.695
 9.57   1.00    0.077    0.181   0.080   0.179
 9.57   1.00    0.077    0.178   0.080   0.176

 9.58   0.00    0.179    0.176   0.034   0.037   0.013   0.007   0.082   0.007   0.000   0.000   0.000 597485200
 9.58   6.26   55.055
 9.58   1.00    0.076    0.004
 9.58   1.00    0.080   54.679
 9.58   1.00    0.077    0.181   0.080   0.179
 9.58   1.00    0.077    0.178   0.080   0.176

 9.59   0.00    0.179    0.176   0.034   0.037   0.013   0.007   0.082   0.007   0.000   0.000   0.000 598108900
 9.59   6.26   55.043
 9.59   1.00    0.076    0.004
 9.59   1.00    0.080   54.663
 9.59   1.00    0.077    0.181   0.080   0.179
 9.59   1.00    0.077    0.177   0.080   0.176

 9.60   0.00    0.179    0.176   0.034   0.037   0.013   0.007   0.082   0.007   0.000   0.000   0.000 598732600
 9.60   6.25   55.032
 9.60   1.00    0.076    0.004
 9.60   1.00    0.080   54.647
 9.60   1.00    0.077    0.181   0.080   0.179
 9.60   1.00    0.077    0.177   0.080   0.176

 9.61   0.00    0.179    0.176   0.034   0.037   0.013   0.007   0.082   0.007   0.000   0.000   0.000 599356300
 9.61   6.25   55.020
 9.61   1.00    0.076    0.004
 9.61   1.00    0.080   54.631
 9.61   1.00    0.077    0.180   0.080   0.179
 9.61   1.00    0.077    0.177   0.080   0.176

 9.62   0.00    0.179    0.176   0.034   0.037   0.013   0.007   0.082   0.007   0.000   0.000   0.000 599980000
 9.62   6.25   55.009
 9.62   1.00    0.076    0.004
 9.62   1.00    0.080   54.615
 9.62   1.00    0.077    0.180   0.080   0.179
 9.62   1.00    0.077    0.177   0.080   0.176

 9.63   0.00    0.179    0.176   0.034   0.037   0.013   0.007   0.082   0.007   0.000   0.000   0.000 600603600
 9.63   6.24   54.997
 9.63   1.00    0.076    0.004
 9.63   1.00    0.080   54.599
 9.63   1.00    0.077    0.180   0.080   0.179
 9.63   1.00    0.077    0.177   0.080   0.176

 9.64   0.00    0.179    0.176   0.034   0.037   0.013   0.007   0.082   0.007   0.000   0.000   0.000 601227300
 9.64   6.24   54.986
 9.64   1.00    0.076    0.004
 9.64   1.00    0.080   54.582
 9.64   1.00    0.077    0.180   0.080   0.179
 9.64   1.00    0.077    0.177   0.080   0.176

 9.65   0.00    0.179    0.176   0.033   0.037   0.013   0.007   0.082   0.006   0.000   0.000   0.000 601851000
 9.65   6.24   54.974
 9.65   1.00    0.076    0.004
 9.65   1.00    0.080   54.567
 9.65   1.00    0.077    0.180   0.080   0.179
 9.65   1.00    0.077    0.177   0.080   0.176

 9.66   0.00    0.179    0.175   0.033   0.037   0.013   0.007   0.082   0.006   0.000   0.000   0.000 602474700
 9.66   6.24   54.963
 9.66   1.00    0.076    0.004
 9.66   1.00    0.080   54.550
 9.66   1.00    0.077    0.180   0.080   0.179
 9.66   1.00    0.077    0.177   0.080   0.176

 9.67   0.00    0.178    0.175   0.033   0.037   0.013   0.007   0.082   0.006   0.000   0.000   0.000 603098400
 9.67   6.23   54.951
 9.67   1.00    0.076    0.004
 9.67   1.00    0.080   54.535
 9.67   1.00    0.077    0.180   0.080   0.179
 9.67   1.00    0.077    0.177   0.080   0.175

 9.68   0.00    0.178    0.175   0.033   0.037   0.013   0.007   0.082   0.006   0.000   0.000   0.000 603722000
 9.68   6.23   54.940
 9.68   1.00    0.076    0.004
 9.68   1.00    0.080   54.519
 9.68   1.00    0.077    0.180   0.080   0.178
 9.68   1.00    0.077    0.177   0.080   0.175

 9.69   0.00    0.178    0.175   0.033   0.037   0.013   0.007   0.082   0.006   0.000   0.000   0.000 604345700
 9.69   6.23   54.928
 9.69   1.00    0.075    0.004
 9.69   1.00    0.080   54.503
 9.69   1.00    0.077    0.180   0.080   0.178
 9.69   1.00    0.077    0.177   0.080   0.175

 9.70   0.00    0.178    0.175   0.033   0.037   0.013   0.007   0.082   0.006   0.000   0.000   0.000 604969400
 9.70   6.23   54.917
 9.70   1.00    0.075    0.004
 9.70   1.00    0.080   54.487
 9.70   1.00    0.077    0.180   0.080   0.178
 9.70   1.00    0.077    0.177   0.080   0.175

 9.71   0.00    0.178    0.175   0.033   0.037   0.013   0.007   0.082   0.006   0.000   0.000   0.000 605593100
 9.71   6.22   54.906
 9.71   1.00    0.075    0.004
 9.71   1.00    0.080   54.471
 9.71   1.00    0.076    0.180   0.080   0.178
 9.71   1.00    0.077    0.177   0.080   0.175

 9.72   0.00    0.178    0.175   0.033   0.037   0.013   0.007   0.082   0.006   0.000   0.000   0.000 606216800
 9.72   6.22   54.894
 9.72   1.00    0.075    0.004
 9.72   1.00    0.080   54.455
 9.72   1.00    0.076    0.179   0.080   0.178
 9.72   1.00    0.076    0.176   0.080   0.175

 9.73   0.00    0.178    0.175   0.033   0.037   0.013   0.007   0.082   0.006   0.000   0.000   0.000 606840400
 9.73   6.22   54.883
 9.73   1.00    0.075    0.004
 9.73   1.00    0.079   54.439
 9.73   1.00    0.076    0.179   0.079   0.178
 9.73   1.00    0.076    0.176   0.079   0.175

 9.74   0.00    0.178    0.175   0.033   0.037   0.013   0.007   0.082   0.006   0.000   0.000   0.000 607464100
 9.74   6.21   54.872
 9.74   1.00    0.075    0.004
 9.74   1.00    0.079   54.423
 9.74   1.00    0.076    0.179   0.079   0.178
 9.74   1.00    0.076    0.176   0.079   0.175

 9.75   0.00    0.178    0.175   0.033   0.037   0.013   0.007   0.082   0.006   0.000   0.000   0.000 608087800
 9.75   6.21   54.860
 9.75   1.00    0.075    0.004
 9.75   1.00    0.079   54.407
 9.75   1.00    0.076    0.179   0.079   0.178
 9.75   1.00    0.076    0.176   0.079   0.175

 9.76   0.00    0.178    0.175   0.033   0.037   0.013   0.007   0.082   0.006   0.000   0.000   0.000 608711500
 9.76   6.21   54.849
 9.76   1.00    0.075    0.004
 9.76   1.00    0.079   54.391
 9.76   1.00    0.076    0.179   0.079   0.178
 9.76   1.00    0.076    0.176   0.079   0.175

 9.77   0.00    0.178    0.175   0.033   0.037   0.013   0.007   0.082   0.006   0.000   0.000   0.000 609335200
 9.77   6.21   54.838
 9.77   1.00    0.075    0.004
 9.77   1.00    0.079   54.376
 9.77   1.00    0.076    0.179   0.079   0.178
 9.77   1.00    0.076    0.176   0.079   0.175

 9.78   0.00    0.178    0.175   0.033   0.037   0.013   0.007   0.082   0.006   0.000   0.000   0.000 609958800
 9.78   6.20   54.826
 9.78   1.00    0.075    0.004
 9.78   1.00    0.079   54.360
 9.78   1.00    0.076    0.179   0.079   0.178
 9.78   1.00    0.076    0.176   0.079   0.175

 9.79   0.00    0.177    0.174   0.033   0.037   0.013   0.007   0.082   0.006   0.000   0.000   0.000 610582500
 9.79   6.20   54.815
 9.79   1.00    0.075    0.004
 9.79   1.00    0.079   54.344
 9.79   1.00    0.076    0.179   0.079   0.178
 9.79   1.00    0.076    0.176   0.079   0.175

 9.80   0.00    0.177    0.174   0.033   0.037   0.013   0.007   0.082   0.006   0.000   0.000   0.000 611206200
 9.80   6.20   54.804
 9.80   1.00    0.075    0.004
 9.80   1.00    0.079   54.328
 9.80   1.00    0.076    0.179   0.079   0.177
 9.80   1.00    0.076    0.176   0.079   0.174

 9.81   0.00    0.177    0.174   0.033   0.037   0.013   0.007   0.082   0.006   0.000   0.000   0.000 611829900
 9.81   6.20   54.793
 9.81   1.00    0.075    0.004
 9.81   1.00    0.079   54.312
 9.81   1.00    0.076    0.179   0.079   0.177
 9.81   1.00    0.076    0.176   0.079   0.174

 9.82   0.00    0.177    0.174   0.033   0.037   0.013   0.007   0.082   0.006   0.000   0.000   0.000 612453600
 9.82   6.19   54.781
 9.82   1.00    0.075    0.004
 9.82   1.00    0.079   54.297
 9.82   1.00    0.076    0.179   0.079   0.177
 9.82   1.00    0.076    0.176   0.079   0.174

 9.83   0.00    0.177    0.174   0.033   0.037   0.013   0.006   0.082   0.006   0.000   0.000   0.000 613077200
 9.83   6.19   54.770
 9.83   1.00    0.075    0.004
 9.83   1.00    0.079   54.281
 9.83   1.00    0.076    0.179   0.079   0.177
 9.83   1.00    0.076    0.176   0.079   0.174

 9.84   0.00    0.177    0.174   0.033   0.037   0.013   0.006   0.082   0.006   0.000   0.000   0.000 613700900
 9.84   6.19   54.759
 9.84   1.00    0.075    0.004
 9.84   1.00    0.079   54.265
 9.84   1.00    0.076    0.178   0.079   0.177
 9.84   1.00    0.076    0.175   0.079   0.174

 9.85   0.00    0.177    0.174   0.033   0.037   0.013   0.006   0.082   0.006   0.000   0.000   0.000 614324600
 9.85   6.19   54.748
 9.85   1.00    0.075    0.004
 9.85   1.00    0.079   54.249
 9.85   1.00    0.076    0.178   0.079   0.177
 9.85   1.00    0.076    0.175   0.079   0.174

 9.86   0.00    0.177    0.174   0.033   0.037   0.013   0.006   0.082   0.006   0.000   0.000   0.000 614948300
 9.86   6.18   54.737
 9.86   1.00    0.075    0.004
 9.86   1.00    0.079   54.234
 9.86   1.00    0.076    0.178   0.079   0.177
 9.86   1.00    0.076    0.175   0.079   0.174

 9.87   0.00    0.177    0.174   0.033   0.037   0.013   0.006   0.082   0.006   0.000   0.000   0.000 615572000
 9.87   6.18   54.725
 9.87   1.00    0.075    0.004
 9.87   1.00    0.079   54.218
 9.87   1.00    0.076    0.178   0.079   0.177
 9.87   1.00    0.076    0.175   0.079   0.174

 9.88   0.00    0.177    0.174   0.033   0.037   0.013   0.006   0.082   0.006   0.000   0.000   0.000 616195600
 9.88   6.18   54.714
 9.88   1.00    0.075    0.004
 9.88   1.00    0.079   54.202
 9.88   1.00    0.076    0.178   0.079   0.177
 9.88   1.00    0.076    0.175   0.079   0.174

 9.89   0.00    0.177    0.174   0.032   0.037   0.012   0.006   0.082   0.006   0.000   0.000   0.000 616819300
 9.89   6.17   54.703
 9.89   1.00    0.075    0.004
 9.89   1.00    0.079   54.186
 9.89   1.00    0.076    0.178   0.079   0.177
 9.89   1.00    0.076    0.175   0.079   0.174

 9.90   0.00    0.177    0.174   0.032   0.037   0.012   0.006   0.082   0.006   0.000   0.000   0.000 617443000
 9.90   6.17   54.692
 9.90   1.00    0.074    0.004
 9.90   1.00    0.079   54.171
 9.90   1.00    0.076    0.178   0.079   0.177
 9.90   1.00    0.076    0.175   0.079   0.174

 9.91   0.00    0.176    0.174   0.032   0.037   0.012   0.006   0.082   0.006   0.000   0.000   0.000 618066700
 9.91   6.17   54.681
 9.91   1.00    0.074    0.004
 9.91   1.00    0.079   54.155
 9.91   1.00    0.075    0.178   0.079   0.177
 9.91   1.00    0.076    0.175   0.079   0.174

 9.92   0.00    0.176    0.173   0.032   0.037   0.012   0.006   0.082   0.006   0.000   0.000   0.000 618690400
 9.92   6.17   54.670
 9.92   1.00    0.074    0.004
 9.92   1.00    0.078   54.139
 9.92   1.00    0.075    0.178   0.078   0.176
 9.92   1.00    0.075    0.175   0.078   0.174

 9.93   0.00    0.176    0.173   0.032   0.037   0.012   0.006   0.082   0.006   0.000   0.000   0.000 619314000
 9.93   6.16   54.659
 9.93   1.00    0.074    0.004
 9.93   1.00    0.078   54.124
 9.93   1.00    0.075    0.178   0.078   0.176
 9.93   1.00    0.075    0.175   0.078   0.173

 9.94   0.00    0.176    0.173   0.032   0.037   0.012   0.006   0.082   0.006   0.000   0.000   0.000 619937700
 9.94   6.16   54.648
 9.94   1.00    0.074    0.004
 9.94   1.00    0.078   54.108
 9.94   1.00    0.075    0.178   0.078   0.176
 9.94   1.00    0.075    0.175   0.078   0.173

 9.95   0.00    0.176    0.173   0.032   0.037   0.012   0.006   0.082   0.006   0.000   0.000   0.000 620561400
 9.95   6.16   54.637
 9.95   1.00    0.074    0.004
 9.95   1.00    0.078   54.093
 9.95   1.00    0.075    0.178   0.078   0.176
 9.95   1.00    0.075    0.175   0.078   0.173

 9.96   0.00    0.176    0.173   0.032   0.037   0.012   0.006   0.082   0.006   0.000   0.000   0.000 621185100
 9.96   6.16   54.626
 9.96   1.00    0.074    0.004
 9.96   1.00    0.078   54.077
 9.96   1.00    0.075    0.177   0.078   0.176
 9.96   1.00    0.075    0.175   0.078   0.173

 9.97   0.00    0.176    0.173   0.032   0.037   0.012   0.006   0.082   0.006   0.000   0.000   0.000 621808800
 9.97   6.15   54.615
 9.97   1.00    0.074    0.004
 9.97   1.00    0.078   54.061
 9.97   1.00    0.075    0.177   0.078   0.176
 9.97   1.00    0.075    0.174   0.078   0.173

 9.98   0.00    0.176    0.173   0.032   0.037   0.012   0.006   0.082   0.006   0.000   0.000   0.000 622432400
 9.98   6.15   54.604
 9.98   1.00    0.074    0.004
 9.98   1.00    0.078   54.046
 9.98   1.00    0.075    0.177   0.078   0.176
 9.98   1.00    0.075    0.174   0.078   0.173

 9.99   0.00    0.176    0.173   0.032   0.037   0.012   0.006   0.082   0.006   0.000   0.000   0.000 623056100
 9.99   6.15   54.593
 9.99   1.00    0.074    0.004
 9.99   1.00    0.078   54.030
 9.99   1.00    0.075    0.177   0.078   0.176
 9.99   1.00    0.075    0.174   0.078   0.173

10.00   0.00    0.176    0.173   0.032   0.037   0.012   0.006   0.082   0.006   0.000   0.000   0.000 623679800
10.00   6.15   54.582
10.00   1.00    0.074    0.004
10.00   1.00    0.078   54.015
10.00   1.00    0.075    0.177   0.078   0.176
10.00   1.00    0.075    0.174   0.078   0.173

10.01   0.00    0.176    0.173   0.032   0.037   0.012   0.006   0.082   0.006   0.000   0.000   0.000 624303500
10.01   6.14   54.571
10.01   1.00    0.074    0.004
10.01   1.00    0.078   53.999
10.01   1.00    0.075    0.177   0.078   0.176
10.01   1.00    0.075    0.174   0.078   0.173

10.02   0.00    0.176    0.173   0.032   0.037   0.012   0.006   0.082   0.006   0.000   0.000   0.000 624927200
10.02   6.14   54.560
10.02   1.00    0.074    0.004
10.02   1.00    0.078   53.984
10.02   1.00    0.075    0.177   0.078   0.176
10.02   1.00    0.075    0.174   0.078   0.173

10.03   0.00    0.176    0.173   0.032   0.037   0.012   0.006   0.082   0.006   0.000   0.000   0.000 625550800
10.03   6.14   54.549
10.03   1.00    0.074    0.004
10.03   1.00    0.078   53.968
10.03   1.00    0.075    0.177   0.078   0.176
10.03   1.00    0.075    0.174   0.078   0.173

10.04   0.00    0.176    0.173   0.032   0.037   0.012   0.006   0.082   0.006   0.000   0.000   0.000 626174500
10.04   6.14   54.538
10.04   1.00    0.074    0.004
10.04   1.00    0.078   53.953
10.04   1.00    0.075    0.177   0.078   0.176
10.04   1.00    0.075    0.174   0.078   0.173

10.05   0.00    0.176    0.173   0.032   0.037   0.012   0.006   0.082   0.006   0.000   0.000   0.000 626798200
10.05   6.13   54.527
10.05   1.00    0.074    0.004
10.05   1.00    0.078   53.937
10.05   1.00    0.075    0.177   0.078   0.176
10.05   1.00    0.075    0.174   0.078   0.173

10.06   0.00    0.176    0.173   0.032   0.037   0.012   0.006   0.082   0.006   0.000   0.000   0.000 627421900
10.06   6.13   54.516
10.06   1.00    0.074    0.004
10.06   1.00    0.078   53.922
10.06   1.00    0.075    0.177   0.078   0.176
10.06   1.00    0.075    0.174   0.078   0.173

10.07   0.00    0.176    0.173   0.032   0.037   0.012   0.006   0.082   0.006   0.000   0.000   0.000 628045600
10.07   6.13   54.505
10.07   1.00    0.074    0.004
10.07   1.00    0.078   53.906
10.07   1.00    0.075    0.177   0.078   0.176
10.07   1.00    0.075    0.174   0.078   0.173

10.08   0.00    0.176    0.173   0.032   0.037   0.012   0.006   0.082   0.006   0.000   0.000   0.000 628669200
10.08   6.13   54.495
10.08   1.00    0.074    0.004
10.08   1.00    0.078   53.891
10.08   1.00    0.075    0.177   0.078   0.176
10.08   1.00    0.075    0.174   0.078   0.173

10.09   0.00    0.176    0.173   0.032   0.037   0.012   0.006   0.082   0.006   0.000   0.000   0.000 629292900
10.09   6.12   54.484
10.09   1.00    0.074    0.004
10.09   1.00    0.078   53.875
10.09   1.00    0.075    0.177   0.078   0.176
10.09   1.00    0.075    0.174   0.078   0.173

10.10   0.00    0.176    0.173   0.032   0.037   0.012   0.006   0.082   0.006   0.000   0.000   0.000 629916600
10.10   6.12   54.473
10.10   1.00    0.074    0.004
10.10   1.00    0.078   53.860
10.10   1.00    0.075    0.177   0.078   0.176
10.10   1.00    0.075    0.174   0.078   0.173

10.11   0.00    0.175    0.173   0.032   0.037   0.012   0.006   0.082   0.006   0.000   0.000   0.000 630540200
10.11   6.12   54.462
10.11   1.00    0.074    0.004
10.11   1.00    0.078   53.845
10.11   1.00    0.074    0.177   0.078   0.176
10.11   1.00    0.075    0.174   0.078   0.173

10.12   0.00    0.175    0.173   0.032   0.037   0.012   0.006   0.082   0.006   0.000   0.000   0.000 631164000
10.12   6.12   54.451
10.12   1.00    0.074    0.004
10.12   1.00    0.077   53.829
10.12   1.00    0.074    0.177   0.077   0.176
10.12   1.00    0.074    0.174   0.077   0.173

10.13   0.00    0.175    0.173   0.032   0.037   0.012   0.006   0.082   0.006   0.000   0.000   0.000 631787600
10.13   6.11   54.441
10.13   1.00    0.073    0.004
10.13   1.00    0.077   53.814
10.13   1.00    0.074    0.177   0.077   0.175
10.13   1.00    0.074    0.174   0.077   0.173

10.14   0.00    0.175    0.173   0.032   0.037   0.012   0.006   0.082   0.006   0.000   0.000   0.000 632411300
10.14   6.11   54.430
10.14   1.00    0.073    0.004
10.14   1.00    0.077   53.798
10.14   1.00    0.074    0.177   0.077   0.175
10.14   1.00    0.074    0.174   0.077   0.173

10.15   0.00    0.175    0.173   0.032   0.037   0.012   0.006   0.082   0.006   0.000   0.000   0.000 633034900
10.15   6.11   54.419
10.15   1.00    0.073    0.004
10.15   1.00    0.077   53.783
10.15   1.00    0.074    0.177   0.077   0.175
10.15   1.00    0.074    0.174   0.077   0.173

10.16   0.00    0.175    0.173   0.032   0.037   0.012   0.006   0.082   0.006   0.000   0.000   0.000 633658700
10.16   6.11   54.408
10.16   1.00    0.073    0.004
10.16   1.00    0.077   53.768
10.16   1.00    0.074    0.177   0.077   0.175
10.16   1.00    0.074    0.174   0.077   0.173

10.17   0.00    0.175    0.173   0.032   0.037   0.012   0.006   0.082   0.006   0.000   0.000   0.000 634282400
10.17   6.10   54.398
10.17   1.00    0.073    0.004
10.17   1.00    0.077   53.752
10.17   1.00    0.074    0.177   0.077   0.175
10.17   1.00    0.074    0.174   0.077   0.173

10.18   0.00    0.175    0.173   0.032   0.037   0.012   0.006   0.082   0.006   0.000   0.000   0.000 634906000
10.18   6.10   54.387
10.18   1.00    0.073    0.004
10.18   1.00    0.077   53.737
10.18   1.00    0.074    0.177   0.077   0.175
10.18   1.00    0.074    0.174   0.077   0.173

10.19   0.00    0.175    0.172   0.032   0.037   0.012   0.006   0.082   0.006   0.000   0.000   0.000 635529700
10.19   6.10   54.376
10.19   1.00    0.073    0.004
10.19   1.00    0.077   53.722
10.19   1.00    0.074    0.177   0.077   0.175
10.19   1.00    0.074    0.174   0.077   0.173

10.20   0.00    0.175    0.172   0.032   0.037   0.012   0.006   0.082   0.006   0.000   0.000   0.000 636153400
10.20   6.10   54.366
10.20   1.00    0.073    0.004
10.20   1.00    0.077   53.706
10.20   1.00    0.074    0.177   0.077   0.175
10.20   1.00    0.074    0.174   0.077   0.173

10.21   0.00    0.175    0.172   0.032   0.037   0.012   0.006   0.082   0.006   0.000   0.000   0.000 636777100
10.21   6.09   54.355
10.21   1.00    0.073    0.004
10.21   1.00    0.077   53.691
10.21   1.00    0.074    0.177   0.077   0.175
10.21   1.00    0.074    0.174   0.077   0.173

10.22   0.00    0.175    0.172   0.032   0.037   0.012   0.006   0.082   0.006   0.000   0.000   0.000 637400800
10.22   6.09   54.344
10.22   1.00    0.073    0.004
10.22   1.00    0.077   53.676
10.22   1.00    0.074    0.177   0.077   0.175
10.22   1.00    0.074    0.174   0.077   0.172

10.23   0.00    0.175    0.172   0.032   0.037   0.012   0.006   0.082   0.006   0.000   0.000   0.000 638024400
10.23   6.09   54.334
10.23   1.00    0.073    0.004
10.23   1.00    0.077   53.661
10.23   1.00    0.074    0.177   0.077   0.175
10.23   1.00    0.074    0.174   0.077   0.172

10.24   0.00    0.175    0.172   0.032   0.037   0.012   0.006   0.082   0.006   0.000   0.000   0.000 638648100
10.24   6.09   54.323
10.24   1.00    0.073    0.004
10.24   1.00    0.077   53.645
10.24   1.00    0.074    0.177   0.077   0.175
10.24   1.00    0.074    0.174   0.077   0.172

10.25   0.00    0.175    0.172   0.032   0.037   0.012   0.006   0.082   0.006   0.000   0.000   0.000 639271800
10.25   6.08   54.312
10.25   1.00    0.073    0.004
10.25   1.00    0.077   53.630
10.25   1.00    0.074    0.177   0.077   0.175
10.25   1.00    0.074    0.174   0.077   0.172

10.26   0.00    0.175    0.172   0.032   0.037   0.012   0.006   0.082   0.006   0.000   0.000   0.000 639895500
10.26   6.08   54.302
10.26   1.00    0.073    0.004
10.26   1.00    0.077   53.615
10.26   1.00    0.074    0.176   0.077   0.175
10.26   1.00    0.074    0.174   0.077   0.172

10.27   0.00    0.175    0.172   0.032   0.037   0.012   0.006   0.082   0.006   0.000   0.000   0.000 640519200
10.27   6.08   54.291
10.27   1.00    0.073    0.004
10.27   1.00    0.077   53.600
10.27   1.00    0.074    0.176   0.077   0.175
10.27   1.00    0.074    0.174   0.077   0.172

10.28   0.00    0.175    0.172   0.032   0.037   0.012   0.006   0.082   0.006   0.000   0.000   0.000 641142800
10.28   6.08   54.281
10.28   1.00    0.073    0.004
10.28   1.00    0.077   53.585
10.28   1.00    0.074    0.176   0.077   0.175
10.28   1.00    0.074    0.174   0.077   0.172

10.29   0.00    0.175    0.172   0.032   0.037   0.012   0.006   0.082   0.006   0.000   0.000   0.000 641766500
10.29   6.07   54.270
10.29   1.00    0.073    0.004
10.29   1.00    0.077   53.569
10.29   1.00    0.074    0.176   0.077   0.175
10.29   1.00    0.074    0.174   0.077   0.172

10.30   0.00    0.175    0.172   0.032   0.037   0.012   0.006   0.082   0.006   0.000   0.000   0.000 642390200
10.30   6.07   54.259
10.30   1.00    0.073    0.004
10.30   1.00    0.077   53.554
10.30   1.00    0.074    0.176   0.077   0.175
10.30   1.00    0.074    0.174   0.077   0.172

10.31   0.00    0.175    0.172   0.032   0.037   0.012   0.006   0.082   0.006   0.000   0.000   0.000 643013900
10.31   6.07   54.249
10.31   1.00    0.073    0.004
10.31   1.00    0.077   53.539
10.31   1.00    0.073    0.176   0.077   0.175
10.31   1.00    0.074    0.174   0.077   0.172

10.32   0.00    0.175    0.172   0.032   0.037   0.012   0.006   0.082   0.006   0.000   0.000   0.000 643637500
10.32   6.07   54.238
10.32   1.00    0.073    0.004
10.32   1.00    0.077   53.524
10.32   1.00    0.073    0.176   0.077   0.175
10.32   1.00    0.073    0.174   0.077   0.172

10.33   0.00    0.175    0.172   0.032   0.037   0.012   0.006   0.082   0.006   0.000   0.000   0.000 644261200
10.33   6.06   54.228
10.33   1.00    0.073    0.004
10.33   1.00    0.076   53.509
10.33   1.00    0.073    0.176   0.076   0.175
10.33   1.00    0.073    0.174   0.076   0.172

10.34   0.00    0.175    0.172   0.032   0.037   0.012   0.006   0.082   0.006   0.000   0.000   0.000 644884900
10.34   6.06   54.217
10.34   1.00    0.073    0.004
10.34   1.00    0.076   53.494
10.34   1.00    0.073    0.176   0.076   0.175
10.34   1.00    0.073    0.174   0.076   0.172

10.35   0.00    0.175    0.172   0.032   0.037   0.011   0.006   0.082   0.006   0.000   0.000   0.000 645508600
10.35   6.06   54.207
10.35   1.00    0.073    0.004
10.35   1.00    0.076   53.479
10.35   1.00    0.073    0.176   0.076   0.175
10.35   1.00    0.073    0.174   0.076   0.172

10.36   0.00    0.175    0.172   0.032   0.037   0.011   0.006   0.082   0.006   0.000   0.000   0.000 646132200
10.36   6.06   54.197
10.36   1.00    0.072    0.004
10.36   1.00    0.076   53.463
10.36   1.00    0.073    0.176   0.076   0.175
10.36   1.00    0.073    0.174   0.076   0.172

10.37   0.00    0.175    0.172   0.032   0.037   0.011   0.006   0.082   0.006   0.000   0.000   0.000 646756000
10.37   6.06   54.186
10.37   1.00    0.072    0.004
10.37   1.00    0.076   53.448
10.37   1.00    0.073    0.176   0.076   0.175
10.37   1.00    0.073    0.174   0.076   0.172

10.38   0.00    0.175    0.172   0.032   0.037   0.011   0.006   0.082   0.006   0.000   0.000   0.000 647379600
10.38   6.05   54.176
10.38   1.00    0.072    0.004
10.38   1.00    0.076   53.433
10.38   1.00    0.073    0.176   0.076   0.175
10.38   1.00    0.073    0.174   0.076   0.172

10.39   0.00    0.175    0.172   0.032   0.037   0.011   0.006   0.082   0.006   0.000   0.000   0.000 648003300
10.39   6.05   54.165
10.39   1.00    0.072    0.004
10.39   1.00    0.076   53.418
10.39   1.00    0.073    0.176   0.076   0.175
10.39   1.00    0.073    0.173   0.076   0.172

10.40   0.00    0.175    0.172   0.032   0.037   0.011   0.006   0.082   0.006   0.000   0.000   0.000 648626900
10.40   6.05   54.155
10.40   1.00    0.072    0.004
10.40   1.00    0.076   53.403
10.40   1.00    0.073    0.176   0.076   0.175
10.40   1.00    0.073    0.173   0.076   0.172

10.41   0.00    0.175    0.172   0.032   0.037   0.011   0.006   0.082   0.006   0.000   0.000   0.000 649250700
10.41   6.05   54.144
10.41   1.00    0.072    0.004
10.41   1.00    0.076   53.388
10.41   1.00    0.073    0.176   0.076   0.175
10.41   1.00    0.073    0.173   0.076   0.172

10.42   0.00    0.175    0.172   0.032   0.037   0.011   0.006   0.082   0.006   0.000   0.000   0.000 649874400
10.42   6.04   54.134
10.42   1.00    0.072    0.004
10.42   1.00    0.076   53.373
10.42   1.00    0.073    0.176   0.076   0.175
10.42   1.00    0.073    0.173   0.076   0.172

10.43   0.00    0.175    0.172   0.032   0.037   0.011   0.006   0.082   0.006   0.000   0.000   0.000 650498000
10.43   6.04   54.124
10.43   1.00    0.072    0.004
10.43   1.00    0.076   53.358
10.43   1.00    0.073    0.176   0.076   0.175
10.43   1.00    0.073    0.173   0.076   0.172

10.44   0.00    0.175    0.172   0.032   0.037   0.011   0.006   0.082   0.006   0.000   0.000   0.000 651121700
10.44   6.04   54.113
10.44   1.00    0.072    0.004
10.44   1.00    0.076   53.343
10.44   1.00    0.073    0.176   0.076   0.175
10.44   1.00    0.073    0.173   0.076   0.172

10.45   0.00    0.175    0.172   0.032   0.037   0.011   0.006   0.082   0.006   0.000   0.000   0.000 651745400
10.45   6.04   54.103
10.45   1.00    0.072    0.004
10.45   1.00    0.076   53.328
10.45   1.00    0.073    0.176   0.076   0.175
10.45   1.00    0.073    0.173   0.076   0.172

10.46   0.00    0.175    0.172   0.032   0.037   0.011   0.006   0.082   0.006   0.000   0.000   0.000 652369100
10.46   6.03   54.093
10.46   1.00    0.072    0.004
10.46   1.00    0.076   53.313
10.46   1.00    0.073    0.176   0.076   0.175
10.46   1.00    0.073    0.173   0.076   0.172

10.47   0.00    0.175    0.172   0.032   0.037   0.011   0.006   0.082   0.006   0.000   0.000   0.000 652992800
10.47   6.03   54.082
10.47   1.00    0.072    0.004
10.47   1.00    0.076   53.298
10.47   1.00    0.073    0.176   0.076   0.175
10.47   1.00    0.073    0.173   0.076   0.172

10.48   0.00    0.175    0.172   0.032   0.037   0.011   0.006   0.082   0.006   0.000   0.000   0.000 653616400
10.48   6.03   54.072
10.48   1.00    0.072    0.004
10.48   1.00    0.076   53.283
10.48   1.00    0.073    0.176   0.076   0.175
10.48   1.00    0.073    0.173   0.076   0.172

10.49   0.00    0.175    0.172   0.032   0.037   0.011   0.006   0.082   0.006   0.000   0.000   0.000 654240100
10.49   6.03   54.062
10.49   1.00    0.072    0.004
10.49   1.00    0.076   53.268
10.49   1.00    0.073    0.176   0.076   0.175
10.49   1.00    0.073    0.173   0.076   0.172

10.50   0.00    0.175    0.172   0.032   0.037   0.011   0.006   0.082   0.006   0.000   0.000   0.000 654863800
10.50   6.02   54.051
10.50   1.00    0.072    0.004
10.50   1.00    0.076   53.253
10.50   1.00    0.073    0.176   0.076   0.175
10.50   1.00    0.073    0.173   0.076   0.172

10.51   0.00    0.175    0.172   0.032   0.037   0.011   0.006   0.082   0.006   0.000   0.000   0.000 655487500
10.51   6.02   54.041
10.51   1.00    0.072    0.004
10.51   1.00    0.076   53.238
10.51   1.00    0.073    0.176   0.076   0.175
10.51   1.00    0.073    0.173   0.076   0.172

10.52   0.00    0.175    0.172   0.032   0.037   0.011   0.006   0.082   0.006   0.000   0.000   0.000 656111200
10.52   6.02   54.031
10.52   1.00    0.072    0.004
10.52   1.00    0.076   53.223
10.52   1.00    0.072    0.176   0.076   0.175
10.52   1.00    0.073    0.173   0.076   0.172

10.53   0.00    0.175    0.172   0.032   0.037   0.011   0.006   0.082   0.006   0.000   0.000   0.000 656734800
10.53   6.02   54.021
10.53   1.00    0.072    0.004
10.53   1.00    0.076   53.208
10.53   1.00    0.072    0.176   0.076   0.175
10.53   1.00    0.072    0.173   0.076   0.172

10.54   0.00    0.174    0.172   0.032   0.037   0.011   0.006   0.082   0.006   0.000   0.000   0.000 657358500
10.54   6.02   54.010
10.54   1.00    0.072    0.004
10.54   1.00    0.075   53.194
10.54   1.00    0.072    0.176   0.075   0.175
10.54   1.00    0.072    0.173   0.075   0.172

10.55   0.00    0.174    0.172   0.032   0.037   0.011   0.006   0.082   0.006   0.000   0.000   0.000 657982200
10.55   6.01   54.000
10.55   1.00    0.072    0.004
10.55   1.00    0.075   53.179
10.55   1.00    0.072    0.176   0.075   0.175
10.55   1.00    0.072    0.173   0.075   0.172

10.56   0.00    0.174    0.172   0.032   0.037   0.011   0.006   0.082   0.006   0.000   0.000   0.000 658605900
10.56   6.01   53.990
10.56   1.00    0.072    0.004
10.56   1.00    0.075   53.164
10.56   1.00    0.072    0.176   0.075   0.174
10.56   1.00    0.072    0.173   0.075   0.172

10.57   0.00    0.174    0.172   0.032   0.037   0.011   0.006   0.082   0.006   0.000   0.000   0.000 659229500
10.57   6.01   53.980
10.57   1.00    0.072    0.004
10.57   1.00    0.075   53.149
10.57   1.00    0.072    0.176   0.075   0.174
10.57   1.00    0.072    0.173   0.075   0.172

10.58   0.00    0.174    0.172   0.032   0.037   0.011   0.006   0.082   0.006   0.000   0.000   0.000 659853200
10.58   6.01   53.970
10.58   1.00    0.072    0.004
10.58   1.00    0.075   53.134
10.58   1.00    0.072    0.176   0.075   0.174
10.58   1.00    0.072    0.173   0.075   0.172

10.59   0.00    0.174    0.172   0.032   0.037   0.011   0.006   0.082   0.006   0.000   0.000   0.000 660476900
10.59   6.00   53.960
10.59   1.00    0.072    0.004
10.59   1.00    0.075   53.119
10.59   1.00    0.072    0.176   0.075   0.174
10.59   1.00    0.072    0.173   0.075   0.172

10.60   0.00    0.174    0.172   0.032   0.037   0.011   0.006   0.082   0.006   0.000   0.000   0.000 661100600
10.60   6.00   53.949
10.60   1.00    0.072    0.004
10.60   1.00    0.075   53.104
10.60   1.00    0.072    0.176   0.075   0.174
10.60   1.00    0.072    0.173   0.075   0.172

10.61   0.00    0.174    0.172   0.032   0.037   0.011   0.006   0.082   0.006   0.000   0.000   0.000 661724200
10.61   6.00   53.939
10.61   1.00    0.071    0.004
10.61   1.00    0.075   53.090
10.61   1.00    0.072    0.176   0.075   0.174
10.61   1.00    0.072    0.173   0.075   0.172

10.62   0.00    0.174    0.172   0.032   0.037   0.011   0.006   0.082   0.006   0.000   0.000   0.000 662348000
10.62   6.00   53.929
10.62   1.00    0.071    0.004
10.62   1.00    0.075   53.075
10.62   1.00    0.072    0.176   0.075   0.174
10.62   1.00    0.072    0.173   0.075   0.172

10.63   0.00    0.174    0.172   0.032   0.037   0.011   0.006   0.082   0.006   0.000   0.000   0.000 662971600
10.63   5.99   53.919
10.63   1.00    0.071    0.004
10.63   1.00    0.075   53.060
10.63   1.00    0.072    0.176   0.075   0.174
10.63   1.00    0.072    0.173   0.075   0.172

10.64   0.00    0.174    0.172   0.032   0.037   0.011   0.006   0.082   0.006   0.000   0.000   0.000 663595300
10.64   5.99   53.909
10.64   1.00    0.071    0.004
10.64   1.00    0.075   53.045
10.64   1.00    0.072    0.176   0.075   0.174
10.64   1.00    0.072    0.173   0.075   0.172

10.65   0.00    0.174    0.172   0.032   0.037   0.011   0.006   0.082   0.006   0.000   0.000   0.000 664218900
10.65   5.99   53.899
10.65   1.00    0.071    0.004
10.65   1.00    0.075   53.030
10.65   1.00    0.072    0.176   0.075   0.174
10.65   1.00    0.072    0.173   0.075   0.172

10.66   0.00    0.174    0.172   0.032   0.037   0.011   0.006   0.082   0.006   0.000   0.000   0.000 664842700
10.66   5.99   53.889
10.66   1.00    0.071    0.004
10.66   1.00    0.075   53.016
10.66   1.00    0.072    0.176   0.075   0.174
10.66   1.00    0.072    0.173   0.075   0.172

10.67   0.00    0.174    0.172   0.032   0.037   0.011   0.006   0.082   0.006   0.000   0.000   0.000 665466400
10.67   5.99   53.879
10.67   1.00    0.071    0.004
10.67   1.00    0.075   53.001
10.67   1.00    0.072    0.176   0.075   0.174
10.67   1.00    0.072    0.173   0.075   0.172

10.68   0.00    0.174    0.172   0.032   0.037   0.011   0.006   0.082   0.006   0.000   0.000   0.000 666090000
10.68   5.98   53.869
10.68   1.00    0.071    0.004
10.68   1.00    0.075   52.986
10.68   1.00    0.072    0.176   0.075   0.174
10.68   1.00    0.072    0.173   0.075   0.172

10.69   0.00    0.174    0.172   0.032   0.037   0.011   0.006   0.082   0.006   0.000   0.000   0.000 666713700
10.69   5.98   53.859
10.69   1.00    0.071    0.004
10.69   1.00    0.075   52.971
10.69   1.00    0.072    0.175   0.075   0.174
10.69   1.00    0.072    0.173   0.075   0.172

10.70   0.00    0.174    0.172   0.032   0.037   0.011   0.006   0.082   0.006   0.000   0.000   0.000 667337300
10.70   5.98   53.849
10.70   1.00    0.071    0.004
10.70   1.00    0.075   52.957
10.70   1.00    0.072    0.175   0.075   0.174
10.70   1.00    0.072    0.173   0.075   0.172

10.71   0.00    0.174    0.172   0.032   0.037   0.011   0.006   0.082   0.006   0.000   0.000   0.000 667961100
10.71   5.98   53.839
10.71   1.00    0.071    0.004
10.71   1.00    0.075   52.942
10.71   1.00    0.072    0.175   0.075   0.174
10.71   1.00    0.072    0.173   0.075   0.172

10.72   0.00    0.174    0.172   0.032   0.037   0.011   0.006   0.082   0.006   0.000   0.000   0.000 668584800
10.72   5.97   53.829
10.72   1.00    0.071    0.004
10.72   1.00    0.075   52.927
10.72   1.00    0.072    0.175   0.075   0.174
10.72   1.00    0.072    0.173   0.075   0.172

10.73   0.00    0.174    0.172   0.032   0.037   0.011   0.006   0.082   0.006   0.000   0.000   0.000 669208400
10.73   5.97   53.819
10.73   1.00    0.071    0.004
10.73   1.00    0.075   52.913
10.73   1.00    0.072    0.175   0.075   0.174
10.73   1.00    0.072    0.173   0.075   0.172

10.74   0.00    0.174    0.172   0.032   0.037   0.011   0.006   0.082   0.006   0.000   0.000   0.000 669832100
10.74   5.97   53.809
10.74   1.00    0.071    0.004
10.74   1.00    0.075   52.898
10.74   1.00    0.071    0.175   0.075   0.174
10.74   1.00    0.072    0.173   0.075   0.172

10.75   0.00    0.174    0.172   0.032   0.037   0.011   0.006   0.082   0.006   0.000   0.000   0.000 670455800
10.75   5.97   53.799
10.75   1.00    0.071    0.004
10.75   1.00    0.075   52.883
10.75   1.00    0.071    0.175   0.075   0.174
10.75   1.00    0.071    0.173   0.075   0.172

10.76   0.00    0.174    0.172   0.032   0.037   0.011   0.006   0.082   0.006   0.000   0.000   0.000 671079500
10.76   5.97   53.789
10.76   1.00    0.071    0.004
10.76   1.00    0.074   52.869
10.76   1.00    0.071    0.175   0.074   0.174
10.76   1.00    0.071    0.173   0.074   0.172

10.77   0.00    0.174    0.171   0.032   0.037   0.011   0.006   0.082   0.006   0.000   0.000   0.000 671703200
10.77   5.96   53.779
10.77   1.00    0.071    0.004
10.77   1.00    0.074   52.854
10.77   1.00    0.071    0.175   0.074   0.174
10.77   1.00    0.071    0.173   0.074   0.172

10.78   0.00    0.174    0.171   0.032   0.037   0.011   0.006   0.082   0.006   0.000   0.000   0.000 672326800
10.78   5.96   53.769
10.78   1.00    0.071    0.004
10.78   1.00    0.074   52.839
10.78   1.00    0.071    0.175   0.074   0.174
10.78   1.00    0.071    0.173   0.074   0.172

10.79   0.00    0.174    0.171   0.032   0.037   0.011   0.006   0.082   0.006   0.000   0.000   0.000 672950500
10.79   5.96   53.759
10.79   1.00    0.071    0.004
10.79   1.00    0.074   52.825
10.79   1.00    0.071    0.175   0.074   0.174
10.79   1.00    0.071    0.173   0.074   0.172

10.80   0.00    0.174    0.171   0.032   0.037   0.011   0.006   0.082   0.006   0.000   0.000   0.000 673574200
10.80   5.96   53.749
10.80   1.00    0.071    0.004
10.80   1.00    0.074   52.810
10.80   1.00    0.071    0.175   0.074   0.174
10.80   1.00    0.071    0.173   0.074   0.171

10.81   0.00    0.174    0.171   0.032   0.037   0.011   0.006   0.082   0.006   0.000   0.000   0.000 674197900
10.81   5.95   53.739
10.81   1.00    0.071    0.004
10.81   1.00    0.074   52.796
10.81   1.00    0.071    0.175   0.074   0.174
10.81   1.00    0.071    0.173   0.074   0.171

10.82   0.00    0.174    0.171   0.032   0.037   0.011   0.006   0.082   0.006   0.000   0.000   0.000 674821500
10.82   5.95   53.729
10.82   1.00    0.071    0.004
10.82   1.00    0.074   52.781
10.82   1.00    0.071    0.175   0.074   0.174
10.82   1.00    0.071    0.173   0.074   0.171

10.83   0.00    0.174    0.171   0.032   0.037   0.011   0.006   0.082   0.006   0.000   0.000   0.000 675445200
10.83   5.95   53.719
10.83   1.00    0.071    0.004
10.83   1.00    0.074   52.766
10.83   1.00    0.071    0.175   0.074   0.174
10.83   1.00    0.071    0.173   0.074   0.171

10.84   0.00    0.174    0.171   0.032   0.037   0.011   0.006   0.082   0.006   0.000   0.000   0.000 676068900
10.84   5.95   53.710
10.84   1.00    0.071    0.004
10.84   1.00    0.074   52.752
10.84   1.00    0.071    0.175   0.074   0.174
10.84   1.00    0.071    0.173   0.074   0.171

10.85   0.00    0.174    0.171   0.032   0.037   0.011   0.006   0.082   0.006   0.000   0.000   0.000 676692600
10.85   5.95   53.700
10.85   1.00    0.071    0.004
10.85   1.00    0.074   52.737
10.85   1.00    0.071    0.175   0.074   0.174
10.85   1.00    0.071    0.173   0.074   0.171

10.86   0.00    0.174    0.171   0.032   0.037   0.010   0.006   0.082   0.006   0.000   0.000   0.000 677316200
10.86   5.94   53.690
10.86   1.00    0.070    0.004
10.86   1.00    0.074   52.723
10.86   1.00    0.071    0.175   0.074   0.174
10.86   1.00    0.071    0.173   0.074   0.171

10.87   0.00    0.174    0.171   0.032   0.037   0.010   0.006   0.082   0.006   0.000   0.000   0.000 677939900
10.87   5.94   53.680
10.87   1.00    0.070    0.004
10.87   1.00    0.074   52.708
10.87   1.00    0.071    0.175   0.074   0.174
10.87   1.00    0.071    0.173   0.074   0.171

10.88   0.00    0.174    0.171   0.032   0.037   0.010   0.006   0.082   0.006   0.000   0.000   0.000 678563600
10.88   5.94   53.670
10.88   1.00    0.070    0.003
10.88   1.00    0.074   52.694
10.88   1.00    0.071    0.175   0.074   0.174
10.88   1.00    0.071    0.173   0.074   0.171

10.89   0.00    0.174    0.171   0.032   0.037   0.010   0.006   0.082   0.006   0.000   0.000   0.000 679187300
10.89   5.94   53.661
10.89   1.00    0.070    0.003
10.89   1.00    0.074   52.679
10.89   1.00    0.071    0.175   0.074   0.174
10.89   1.00    0.071    0.173   0.074   0.171

10.90   0.00    0.174    0.171   0.032   0.037   0.010   0.006   0.082   0.006   0.000   0.000   0.000 679810900
10.90   5.93   53.651
10.90   1.00    0.070    0.003
10.90   1.00    0.074   52.665
10.90   1.00    0.071    0.175   0.074   0.174
10.90   1.00    0.071    0.173   0.074   0.171

10.91   0.00    0.174    0.171   0.032   0.037   0.010   0.006   0.082   0.006   0.000   0.000   0.000 680434600
10.91   5.93   53.641
10.91   1.00    0.070    0.003
10.91   1.00    0.074   52.650
10.91   1.00    0.071    0.175   0.074   0.174
10.91   1.00    0.071    0.173   0.074   0.171

10.92   0.00    0.174    0.171   0.032   0.037   0.010   0.006   0.082   0.006   0.000   0.000   0.000 681058400
10.92   5.93   53.631
10.92   1.00    0.070    0.003
10.92   1.00    0.074   52.636
10.92   1.00    0.071    0.175   0.074   0.174
10.92   1.00    0.071    0.173   0.074   0.171

10.93   0.00    0.174    0.171   0.032   0.037   0.010   0.006   0.082   0.006   0.000   0.000   0.000 681682000
10.93   5.93   53.621
10.93   1.00    0.070    0.003
10.93   1.00    0.074   52.621
10.93   1.00    0.071    0.175   0.074   0.174
10.93   1.00    0.071    0.173   0.074   0.171

10.94   0.00    0.174    0.171   0.032   0.037   0.010   0.006   0.082   0.006   0.000   0.000   0.000 682305700
10.94   5.93   53.612
10.94   1.00    0.070    0.003
10.94   1.00    0.074   52.607
10.94   1.00    0.071    0.175   0.074   0.174
10.94   1.00    0.071    0.173   0.074   0.171

10.95   0.00    0.174    0.171   0.032   0.037   0.010   0.006   0.082   0.006   0.000   0.000   0.000 682929300
10.95   5.92   53.602
10.95   1.00    0.070    0.003
10.95   1.00    0.074   52.592
10.95   1.00    0.071    0.175   0.074   0.174
10.95   1.00    0.071    0.173   0.074   0.171

10.96   0.00    0.174    0.171   0.032   0.037   0.010   0.006   0.082   0.006   0.000   0.000   0.000 683553100
10.96   5.92   53.592
10.96   1.00    0.070    0.003
10.96   1.00    0.074   52.578
10.96   1.00    0.071    0.175   0.074   0.174
10.96   1.00    0.071    0.172   0.074   0.171

10.97   0.00    0.174    0.171   0.032   0.037   0.010   0.006   0.082   0.006   0.000   0.000   0.000 684176800
10.97   5.92   53.583
10.97   1.00    0.070    0.003
10.97   1.00    0.074   52.563
10.97   1.00    0.070    0.175   0.074   0.174
10.97   1.00    0.071    0.172   0.074   0.171

10.98   0.00    0.174    0.171   0.032   0.037   0.010   0.006   0.082   0.006   0.000   0.000   0.000 684800400
10.98   5.92   53.573
10.98   1.00    0.070    0.003
10.98   1.00    0.073   52.549
10.98   1.00    0.070    0.175   0.073   0.174
10.98   1.00    0.070    0.172   0.073   0.171

10.99   0.00    0.174    0.171   0.032   0.037   0.010   0.006   0.082   0.006   0.000   0.000   0.000 685424100
10.99   5.92   53.563
10.99   1.00    0.070    0.003
10.99   1.00    0.073   52.535
10.99   1.00    0.070    0.175   0.073   0.174
10.99   1.00    0.070    0.172   0.073   0.171

11.00   0.00    0.174    0.171   0.032   0.037   0.010   0.006   0.082   0.006   0.000   0.000   0.000 686047800
11.00   5.91   53.554
11.00   1.00    0.070    0.003
11.00   1.00    0.073   52.520
11.00   1.00    0.070    0.175   0.073   0.174
11.00   1.00    0.070    0.172   0.073   0.171

11.01   0.00    0.174    0.171   0.032   0.037   0.010   0.006   0.082   0.006   0.000   0.000   0.000 686671500
11.01   5.91   53.544
11.01   1.00    0.070    0.003
11.01   1.00    0.073   52.506
11.01   1.00    0.070    0.175   0.073   0.174
11.01   1.00    0.070    0.172   0.073   0.171

11.02   0.00    0.174    0.171   0.032   0.037   0.010   0.006   0.082   0.006   0.000   0.000   0.000 687295200
11.02   5.91   53.534
11.02   1.00    0.070    0.003
11.02   1.00    0.073   52.491
11.02   1.00    0.070    0.175   0.073   0.174
11.02   1.00    0.070    0.172   0.073   0.171

11.03   0.00    0.173    0.171   0.032   0.037   0.010   0.006   0.082   0.006   0.000   0.000   0.000 687918800
11.03   5.91   53.525
11.03   1.00    0.070    0.003
11.03   1.00    0.073   52.477
11.03   1.00    0.070    0.175   0.073   0.174
11.03   1.00    0.070    0.172   0.073   0.171

11.04   0.00    0.173    0.171   0.032   0.037   0.010   0.006   0.082   0.006   0.000   0.000   0.000 688542500
11.04   5.90   53.515
11.04   1.00    0.070    0.003
11.04   1.00    0.073   52.463
11.04   1.00    0.070    0.175   0.073   0.174
11.04   1.00    0.070    0.172   0.073   0.171

11.05   0.00    0.173    0.171   0.032   0.037   0.010   0.006   0.082   0.006   0.000   0.000   0.000 689166200
11.05   5.90   53.506
11.05   1.00    0.070    0.003
11.05   1.00    0.073   52.448
11.05   1.00    0.070    0.175   0.073   0.173
11.05   1.00    0.070    0.172   0.073   0.171

11.06   0.00    0.173    0.171   0.032   0.037   0.010   0.006   0.082   0.006   0.000   0.000   0.000 689789900
11.06   5.90   53.496
11.06   1.00    0.070    0.003
11.06   1.00    0.073   52.434
11.06   1.00    0.070    0.175   0.073   0.173
11.06   1.00    0.070    0.172   0.073   0.171

11.07   0.00    0.173    0.171   0.032   0.037   0.010   0.006   0.082   0.006   0.000   0.000   0.000 690413500
11.07   5.90   53.486
11.07   1.00    0.070    0.003
11.07   1.00    0.073   52.420
11.07   1.00    0.070    0.175   0.073   0.173
11.07   1.00    0.070    0.172   0.073   0.171

11.08   0.00    0.173    0.171   0.032   0.037   0.010   0.006   0.082   0.006   0.000   0.000   0.000 691037200
11.08   5.90   53.477
11.08   1.00    0.070    0.003
11.08   1.00    0.073   52.405
11.08   1.00    0.070    0.175   0.073   0.173
11.08   1.00    0.070    0.172   0.073   0.171

11.09   0.00    0.173    0.171   0.032   0.037   0.010   0.006   0.082   0.006   0.000   0.000   0.000 691660900
11.09   5.89   53.467
11.09   1.00    0.070    0.003
11.09   1.00    0.073   52.391
11.09   1.00    0.070    0.175   0.073   0.173
11.09   1.00    0.070    0.172   0.073   0.171

11.10   0.00    0.173    0.171   0.032   0.037   0.010   0.006   0.082   0.006   0.000   0.000   0.000 692284600
11.10   5.89   53.458
11.10   1.00    0.070    0.003
11.10   1.00    0.073   52.377
11.10   1.00    0.070    0.175   0.073   0.173
11.10   1.00    0.070    0.172   0.073   0.171

11.11   0.00    0.173    0.171   0.032   0.037   0.010   0.006   0.082   0.006   0.000   0.000   0.000 692908200
11.11   5.89   53.448
11.11   1.00    0.070    0.003
11.11   1.00    0.073   52.362
11.11   1.00    0.070    0.175   0.073   0.173
11.11   1.00    0.070    0.172   0.073   0.171

11.12   0.00    0.173    0.171   0.032   0.037   0.010   0.006   0.082   0.006   0.000   0.000   0.000 693531900
11.12   5.89   53.439
11.12   1.00    0.070    0.003
11.12   1.00    0.073   52.348
11.12   1.00    0.070    0.175   0.073   0.173
11.12   1.00    0.070    0.172   0.073   0.171

11.13   0.00    0.173    0.171   0.032   0.037   0.010   0.006   0.082   0.006   0.000   0.000   0.000 694155600
11.13   5.89   53.429
11.13   1.00    0.069    0.003
11.13   1.00    0.073   52.334
11.13   1.00    0.070    0.175   0.073   0.173
11.13   1.00    0.070    0.172   0.073   0.171

11.14   0.00    0.173    0.171   0.032   0.037   0.010   0.006   0.082   0.006   0.000   0.000   0.000 694779300
11.14   5.88   53.420
11.14   1.00    0.069    0.003
11.14   1.00    0.073   52.320
11.14   1.00    0.070    0.175   0.073   0.173
11.14   1.00    0.070    0.172   0.073   0.171

11.15   0.00    0.173    0.171   0.032   0.037   0.010   0.006   0.082   0.006   0.000   0.000   0.000 695402900
11.15   5.88   53.410
11.15   1.00    0.069    0.003
11.15   1.00    0.073   52.305
11.15   1.00    0.070    0.175   0.073   0.173
11.15   1.00    0.070    0.172   0.073   0.171

11.16   0.00    0.173    0.171   0.032   0.037   0.010   0.006   0.082   0.006   0.000   0.000   0.000 696026600
11.16   5.88   53.401
11.16   1.00    0.069    0.003
11.16   1.00    0.073   52.291
11.16   1.00    0.070    0.175   0.073   0.173
11.16   1.00    0.070    0.172   0.073   0.171

11.17   0.00    0.173    0.171   0.032   0.037   0.010   0.006   0.082   0.006   0.000   0.000   0.000 696650400
11.17   5.88   53.391
11.17   1.00    0.069    0.003
11.17   1.00    0.073   52.277
11.17   1.00    0.070    0.175   0.073   0.173
11.17   1.00    0.070    0.172   0.073   0.171

11.18   0.00    0.173    0.171   0.032   0.037   0.010   0.006   0.082   0.006   0.000   0.000   0.000 697274000
11.18   5.88   53.382
11.18   1.00    0.069    0.003
11.18   1.00    0.073   52.263
11.18   1.00    0.070    0.174   0.073   0.173
11.18   1.00    0.070    0.172   0.073   0.171

11.19   0.00    0.173    0.171   0.032   0.037   0.010   0.006   0.082   0.006   0.000   0.000   0.000 697897700
11.19   5.87   53.372
11.19   1.00    0.069    0.003
11.19   1.00    0.073   52.249
11.19   1.00    0.070    0.174   0.073   0.173
11.19   1.00    0.070    0.172   0.073   0.171

11.20   0.00    0.173    0.171   0.032   0.037   0.010   0.006   0.082   0.006   0.000   0.000   0.000 698521300
11.20   5.87   53.363
11.20   1.00    0.069    0.003
11.20   1.00    0.073   52.234
11.20   1.00    0.070    0.174   0.073   0.173
11.20   1.00    0.070    0.172   0.073   0.171

11.21   0.00    0.173    0.171   0.032   0.037   0.010   0.006   0.082   0.006   0.000   0.000   0.000 699145100
11.21   5.87   53.354
11.21   1.00    0.069    0.003
11.21   1.00    0.072   52.220
11.21   1.00    0.069    0.174   0.072   0.173
11.21   1.00    0.070    0.172   0.072   0.171

11.22   0.00    0.173    0.171   0.032   0.037   0.010   0.006   0.082   0.006   0.000   0.000   0.000 699768800
11.22   5.87   53.344
11.22   1.00    0.069    0.003
11.22   1.00    0.072   52.206
11.22   1.00    0.069    0.174   0.072   0.173
11.22   1.00    0.069    0.172   0.072   0.171

11.23   0.00    0.173    0.171   0.032   0.037   0.010   0.006   0.082   0.006   0.000   0.000   0.000 700392400
11.23   5.86   53.335
11.23   1.00    0.069    0.003
11.23   1.00    0.072   52.192
11.23   1.00    0.069    0.174   0.072   0.173
11.23   1.00    0.069    0.172   0.072   0.171

11.24   0.00    0.173    0.171   0.032   0.037   0.010   0.006   0.082   0.006   0.000   0.000   0.000 701016100
11.24   5.86   53.325
11.24   1.00    0.069    0.003
11.24   1.00    0.072   52.178
11.24   1.00    0.069    0.174   0.072   0.173
11.24   1.00    0.069    0.172   0.072   0.171

11.25   0.00    0.173    0.171   0.032   0.037   0.010   0.006   0.082   0.006   0.000   0.000   0.000 701639700
11.25   5.86   53.316
11.25   1.00    0.069    0.003
11.25   1.00    0.072   52.164
11.25   1.00    0.069    0.174   0.072   0.173
11.25   1.00    0.069    0.172   0.072   0.171

11.26   0.00    0.173    0.171   0.032   0.037   0.010   0.006   0.082   0.006   0.000   0.000   0.000 702263500
11.26   5.86   53.307
11.26   1.00    0.069    0.003
11.26   1.00    0.072   52.149
11.26   1.00    0.069    0.174   0.072   0.173
11.26   1.00    0.069    0.172   0.072   0.171

11.27   0.00    0.173    0.171   0.032   0.037   0.010   0.006   0.082   0.006   0.000   0.000   0.000 702887200
11.27   5.86   53.297
11.27   1.00    0.069    0.003
11.27   1.00    0.072   52.135
11.27   1.00    0.069    0.174   0.072   0.173
11.27   1.00    0.069    0.172   0.072   0.171

11.28   0.00    0.173    0.171   0.032   0.037   0.010   0.006   0.082   0.006   0.000   0.000   0.000 703510800
11.28   5.85   53.288
11.28   1.00    0.069    0.003
11.28   1.00    0.072   52.121
11.28   1.00    0.069    0.174   0.072   0.173
11.28   1.00    0.069    0.172   0.072   0.171

11.29   0.00    0.173    0.171   0.032   0.037   0.010   0.006   0.082   0.006   0.000   0.000   0.000 704134500
11.29   5.85   53.279
11.29   1.00    0.069    0.003
11.29   1.00    0.072   52.107
11.29   1.00    0.069    0.174   0.072   0.173
11.29   1.00    0.069    0.172   0.072   0.171

11.30   0.00    0.173    0.171   0.032   0.037   0.010   0.006   0.082   0.006   0.000   0.000   0.000 704758200
11.30   5.85   53.269
11.30   1.00    0.069    0.003
11.30   1.00    0.072   52.093
11.30   1.00    0.069    0.174   0.072   0.173
11.30   1.00    0.069    0.172   0.072   0.171

11.31   0.00    0.173    0.171   0.032   0.037   0.010   0.006   0.082   0.006   0.000   0.000   0.000 705381900
11.31   5.85   53.260
11.31   1.00    0.069    0.003
11.31   1.00    0.072   52.079
11.31   1.00    0.069    0.174   0.072   0.173
11.31   1.00    0.069    0.172   0.072   0.171

11.32   0.00    0.173    0.171   0.032   0.037   0.010   0.006   0.082   0.006   0.000   0.000   0.000 706005500
11.32   5.85   53.251
11.32   1.00    0.069    0.003
11.32   1.00    0.072   52.065
11.32   1.00    0.069    0.174   0.072   0.173
11.32   1.00    0.069    0.172   0.072   0.171

11.33   0.00    0.173    0.171   0.032   0.037   0.010   0.006   0.082   0.006   0.000   0.000   0.000 706629200
11.33   5.84   53.241
11.33   1.00    0.069    0.003
11.33   1.00    0.072   52.051
11.33   1.00    0.069    0.174   0.072   0.173
11.33   1.00    0.069    0.172   0.072   0.171

11.34   0.00    0.173    0.171   0.032   0.037   0.010   0.006   0.082   0.006   0.000   0.000   0.000 707252900
11.34   5.84   53.232
11.34   1.00    0.069    0.003
11.34   1.00    0.072   52.037
11.34   1.00    0.069    0.174   0.072   0.173
11.34   1.00    0.069    0.172   0.072   0.171

11.35   0.00    0.173    0.171   0.032   0.037   0.010   0.006   0.082   0.006   0.000   0.000   0.000 707876600
11.35   5.84   53.223
11.35   1.00    0.069    0.003
11.35   1.00    0.072   52.023
11.35   1.00    0.069    0.174   0.072   0.173
11.35   1.00    0.069    0.172   0.072   0.171

11.36   0.00    0.173    0.171   0.032   0.037   0.010   0.006   0.082   0.006   0.000   0.000   0.000 708500200
11.36   5.84   53.214
11.36   1.00    0.069    0.003
11.36   1.00    0.072   52.009
11.36   1.00    0.069    0.174   0.072   0.173
11.36   1.00    0.069    0.172   0.072   0.171

11.37   0.00    0.173    0.171   0.032   0.037   0.010   0.006   0.082   0.006   0.000   0.000   0.000 709123900
11.37   5.84   53.204
11.37   1.00    0.069    0.003
11.37   1.00    0.072   51.995
11.37   1.00    0.069    0.174   0.072   0.173
11.37   1.00    0.069    0.172   0.072   0.171

11.38   0.00    0.173    0.171   0.032   0.037   0.010   0.006   0.082   0.006   0.000   0.000   0.000 709747600
11.38   5.83   53.195
11.38   1.00    0.069    0.003
11.38   1.00    0.072   51.981
11.38   1.00    0.069    0.174   0.072   0.173
11.38   1.00    0.069    0.172   0.072   0.171

11.39   0.00    0.173    0.171   0.032   0.037   0.010   0.006   0.082   0.006   0.000   0.000   0.000 710371300
11.39   5.83   53.186
11.39   1.00    0.069    0.003
11.39   1.00    0.072   51.967
11.39   1.00    0.069    0.174   0.072   0.173
11.39   1.00    0.069    0.172   0.072   0.171

11.40   0.00    0.173    0.171   0.032   0.037   0.010   0.006   0.082   0.006   0.000   0.000   0.000 710994900
11.40   5.83   53.177
11.40   1.00    0.069    0.003
11.40   1.00    0.072   51.953
11.40   1.00    0.069    0.174   0.072   0.173
11.40   1.00    0.069    0.172   0.072   0.171

11.41   0.00    0.173    0.171   0.032   0.037   0.010   0.006   0.082   0.006   0.000   0.000   0.000 711618600
11.41   5.83   53.168
11.41   1.00    0.068    0.003
11.41   1.00    0.072   51.939
11.41   1.00    0.069    0.174   0.072   0.173
11.41   1.00    0.069    0.172   0.072   0.171

11.42   0.00    0.173    0.171   0.032   0.037   0.010   0.006   0.082   0.006   0.000   0.000   0.000 712242300
11.42   5.83   53.159
11.42   1.00    0.068    0.003
11.42   1.00    0.072   51.925
11.42   1.00    0.069    0.174   0.072   0.173
11.42   1.00    0.069    0.172   0.072   0.171

11.43   0.00    0.173    0.171   0.032   0.037   0.010   0.006   0.082   0.006   0.000   0.000   0.000 712866000
11.43   5.82   53.149
11.43   1.00    0.068    0.003
11.43   1.00    0.072   51.911
11.43   1.00    0.069    0.174   0.072   0.173
11.43   1.00    0.069    0.172   0.072   0.171

11.44   0.00    0.173    0.171   0.032   0.037   0.010   0.006   0.082   0.006   0.000   0.000   0.000 713489700
11.44   5.82   53.140
11.44   1.00    0.068    0.003
11.44   1.00    0.072   51.897
11.44   1.00    0.069    0.174   0.072   0.173
11.44   1.00    0.069    0.172   0.072   0.171

11.45   0.00    0.173    0.170   0.032   0.037   0.009   0.006   0.082   0.006   0.000   0.000   0.000 714113300
11.45   5.82   53.131
11.45   1.00    0.068    0.003
11.45   1.00    0.072   51.883
11.45   1.00    0.068    0.174   0.072   0.173
11.45   1.00    0.069    0.172   0.072   0.171

11.46   0.00    0.173    0.170   0.032   0.037   0.009   0.006   0.082   0.006   0.000   0.000   0.000 714737000
11.46   5.82   53.122
11.46   1.00    0.068    0.003
11.46   1.00    0.071   51.869
11.46   1.00    0.068    0.174   0.071   0.173
11.46   1.00    0.068    0.172   0.071   0.171

11.47   0.00    0.173    0.170   0.032   0.037   0.009   0.006   0.082   0.006   0.000   0.000   0.000 715360800
11.47   5.81   53.110
11.47   1.00    0.068    0.003
11.47   1.00    0.071   51.855
11.47   1.00    0.068    0.174   0.071   0.173
11.47   1.00    0.068    0.172   0.071   0.171

11.48   0.00    0.173    0.170   0.032   0.037   0.009   0.006   0.082   0.006   0.000   0.000   0.000 715984400
11.48   5.81   53.100
11.48   1.00    0.068    0.003
11.48   1.00    0.071   51.841
11.48   1.00    0.068    0.174   0.071   0.173
11.48   1.00    0.068    0.172   0.071   0.170

11.49   0.00    0.173    0.170   0.032   0.037   0.009   0.006   0.082   0.006   0.000   0.000   0.000 716608100
11.49   5.80   53.091
11.49   1.00    0.068    0.003
11.49   1.00    0.071   51.827
11.49   1.00    0.068    0.174   0.071   0.173
11.49   1.00    0.068    0.172   0.071   0.170

11.50   0.00    0.173    0.170   0.032   0.037   0.009   0.006   0.082   0.006   0.000   0.000   0.000 717231700
11.50   5.80   53.081
11.50   1.00    0.068    0.003
11.50   1.00    0.071   51.813
11.50   1.00    0.068    0.174   0.071   0.173
11.50   1.00    0.068    0.172   0.071   0.170

11.51   0.00    0.173    0.170   0.032   0.037   0.009   0.006   0.082   0.006   0.000   0.000   0.000 717855500
11.51   5.80   53.072
11.51   1.00    0.068    0.003
11.51   1.00    0.071   51.799
11.51   1.00    0.068    0.174   0.071   0.173
11.51   1.00    0.068    0.172   0.071   0.170

11.52   0.00    0.173    0.170   0.032   0.037   0.009   0.006   0.082   0.006   0.000   0.000   0.000 718479200
11.52   5.80   53.062
11.52   1.00    0.068    0.003
11.52   1.00    0.071   51.785
11.52   1.00    0.068    0.174   0.071   0.173
11.52   1.00    0.068    0.172   0.071   0.170

11.53   0.00    0.173    0.170   0.032   0.037   0.009   0.006   0.082   0.006   0.000   0.000   0.000 719102800
11.53   5.79   53.053
11.53   1.00    0.068    0.003
11.53   1.00    0.071   51.771
11.53   1.00    0.068    0.174   0.071   0.173
11.53   1.00    0.068    0.172   0.071   0.170

11.54   0.00    0.173    0.170   0.032   0.037   0.009   0.006   0.082   0.006   0.000   0.000   0.000 719726500
11.54   5.79   53.043
11.54   1.00    0.068    0.003
11.54   1.00    0.071   51.758
11.54   1.00    0.068    0.174   0.071   0.173
11.54   1.00    0.068    0.172   0.071   0.170

11.55   0.00    0.173    0.170   0.032   0.037   0.009   0.006   0.082   0.006   0.000   0.000   0.000 720350200
11.55   5.79   53.034
11.55   1.00    0.068    0.003
11.55   1.00    0.071   51.744
11.55   1.00    0.068    0.174   0.071   0.173
11.55   1.00    0.068    0.172   0.071   0.170

11.56   0.00    0.173    0.170   0.032   0.036   0.009   0.006   0.082   0.006   0.000   0.000   0.000 720973900
11.56   5.79   53.024
11.56   1.00    0.068    0.003
11.56   1.00    0.071   51.730
11.56   1.00    0.068    0.174   0.071   0.173
11.56   1.00    0.068    0.172   0.071   0.170

11.57   0.00    0.173    0.170   0.032   0.036   0.009   0.006   0.082   0.006   0.000   0.000   0.000 721597500
11.57   5.78   53.015
11.57   1.00    0.068    0.003
11.57   1.00    0.071   51.716
11.57   1.00    0.068    0.174   0.071   0.173
11.57   1.00    0.068    0.172   0.071   0.170

11.58   0.00    0.173    0.170   0.032   0.036   0.009   0.006   0.082   0.006   0.000   0.000   0.000 722221200
11.58   5.78   53.005
11.58   1.00    0.068    0.003
11.58   1.00    0.071   51.702
11.58   1.00    0.068    0.174   0.071   0.173
11.58   1.00    0.068    0.172   0.071   0.170

11.59   0.00    0.172    0.170   0.032   0.036   0.009   0.006   0.082   0.006   0.000   0.000   0.000 722844900
11.59   5.78   52.996
11.59   1.00    0.068    0.003
11.59   1.00    0.071   51.688
11.59   1.00    0.068    0.174   0.071   0.173
11.59   1.00    0.068    0.172   0.071   0.170

11.60   0.00    0.172    0.170   0.032   0.036   0.009   0.006   0.082   0.006   0.000   0.000   0.000 723468600
11.60   5.77   52.987
11.60   1.00    0.068    0.003
11.60   1.00    0.071   51.674
11.60   1.00    0.068    0.174   0.071   0.173
11.60   1.00    0.068    0.172   0.071   0.170

11.61   0.00    0.172    0.170   0.032   0.036   0.009   0.006   0.082   0.006   0.000   0.000   0.000 724092200
11.61   5.77   52.977
11.61   1.00    0.068    0.003
11.61   1.00    0.071   51.661
11.61   1.00    0.068    0.174   0.071   0.173
11.61   1.00    0.068    0.172   0.071   0.170

11.62   0.00    0.172    0.170   0.032   0.036   0.009   0.006   0.082   0.006   0.000   0.000   0.000 724715900
11.62   5.77   52.968
11.62   1.00    0.068    0.003
11.62   1.00    0.071   51.647
11.62   1.00    0.068    0.174   0.071   0.172
11.62   1.00    0.068    0.172   0.071   0.170

11.63   0.00    0.172    0.170   0.032   0.036   0.009   0.006   0.082   0.006   0.000   0.000   0.000 725339600
11.63   5.77   52.958
11.63   1.00    0.068    0.003
11.63   1.00    0.071   51.633
11.63   1.00    0.068    0.174   0.071   0.172
11.63   1.00    0.068    0.172   0.071   0.170

11.64   0.00    0.172    0.170   0.032   0.036   0.009   0.006   0.082   0.006   0.000   0.000   0.000 725963300
11.64   5.76   52.949
11.64   1.00    0.068    0.003
11.64   1.00    0.071   51.619
11.64   1.00    0.068    0.174   0.071   0.172
11.64   1.00    0.068    0.171   0.071   0.170

11.65   0.00    0.172    0.170   0.032   0.036   0.009   0.006   0.082   0.006   0.000   0.000   0.000 726586900
11.65   5.76   52.940
11.65   1.00    0.068    0.003
11.65   1.00    0.071   51.606
11.65   1.00    0.068    0.174   0.071   0.172
11.65   1.00    0.068    0.171   0.071   0.170

11.66   0.00    0.172    0.170   0.032   0.036   0.009   0.006   0.082   0.006   0.000   0.000   0.000 727210600
11.66   5.76   52.930
11.66   1.00    0.068    0.003
11.66   1.00    0.071   51.592
11.66   1.00    0.068    0.174   0.071   0.172
11.66   1.00    0.068    0.171   0.071   0.170

11.67   0.00    0.172    0.170   0.032   0.036   0.009   0.006   0.082   0.006   0.000   0.000   0.000 727834300
11.67   5.76   52.921
11.67   1.00    0.068    0.003
11.67   1.00    0.071   51.578
11.67   1.00    0.068    0.174   0.071   0.172
11.67   1.00    0.068    0.171   0.071   0.170

11.68   0.00    0.172    0.170   0.032   0.036   0.009   0.006   0.082   0.006   0.000   0.000   0.000 728458000
11.68   5.75   52.911
11.68   1.00    0.068    0.003
11.68   1.00    0.071   51.564
11.68   1.00    0.068    0.174   0.071   0.172
11.68   1.00    0.068    0.171   0.071   0.170

11.69   0.00    0.172    0.170   0.032   0.036   0.009   0.006   0.082   0.006   0.000   0.000   0.000 729081700
11.69   5.75   52.902
11.69   1.00    0.068    0.003
11.69   1.00    0.071   51.551
11.69   1.00    0.068    0.174   0.071   0.172
11.69   1.00    0.068    0.171   0.071   0.170

11.70   0.00    0.172    0.170   0.032   0.036   0.009   0.006   0.082   0.006   0.000   0.000   0.000 729705300
11.70   5.75   52.893
11.70   1.00    0.068    0.003
11.70   1.00    0.071   51.537
11.70   1.00    0.067    0.174   0.071   0.172
11.70   1.00    0.068    0.171   0.071   0.170

11.71   0.00    0.172    0.170   0.032   0.036   0.009   0.006   0.082   0.006   0.000   0.000   0.000 730329000
11.71   5.75   52.883
11.71   1.00    0.067    0.003
11.71   1.00    0.070   51.523
11.71   1.00    0.067    0.174   0.070   0.172
11.71   1.00    0.067    0.171   0.070   0.170

11.72   0.00    0.172    0.170   0.032   0.036   0.009   0.006   0.082   0.006   0.000   0.000   0.000 730952800
11.72   5.74   52.874
11.72   1.00    0.067    0.003
11.72   1.00    0.070   51.509
11.72   1.00    0.067    0.174   0.070   0.172
11.72   1.00    0.067    0.171   0.070   0.170

11.73   0.00    0.172    0.170   0.032   0.036   0.009   0.006   0.082   0.006   0.000   0.000   0.000 731576400
11.73   5.74   52.865
11.73   1.00    0.067    0.003
11.73   1.00    0.070   51.496
11.73   1.00    0.067    0.174   0.070   0.172
11.73   1.00    0.067    0.171   0.070   0.170

11.74   0.00    0.172    0.170   0.032   0.036   0.009   0.006   0.082   0.006   0.000   0.000   0.000 732200100
11.74   5.74   52.855
11.74   1.00    0.067    0.003
11.74   1.00    0.070   51.482
11.74   1.00    0.067    0.174   0.070   0.172
11.74   1.00    0.067    0.171   0.070   0.170

11.75   0.00    0.172    0.170   0.032   0.036   0.009   0.006   0.082   0.006   0.000   0.000   0.000 732823700
11.75   5.73   52.846
11.75   1.00    0.067    0.003
11.75   1.00    0.070   51.468
11.75   1.00    0.067    0.173   0.070   0.172
11.75   1.00    0.067    0.171   0.070   0.170

11.76   0.00    0.172    0.170   0.032   0.036   0.009   0.006   0.082   0.006   0.000   0.000   0.000 733447500
11.76   5.73   52.837
11.76   1.00    0.067    0.003
11.76   1.00    0.070   51.455
11.76   1.00    0.067    0.173   0.070   0.172
11.76   1.00    0.067    0.171   0.070   0.170

11.77   0.00    0.172    0.170   0.032   0.036   0.009   0.006   0.082   0.006   0.000   0.000   0.000 734071200
11.77   5.73   52.828
11.77   1.00    0.067    0.003
11.77   1.00    0.070   51.441
11.77   1.00    0.067    0.173   0.070   0.172
11.77   1.00    0.067    0.171   0.070   0.170

11.78   0.00    0.172    0.170   0.032   0.036   0.009   0.006   0.082   0.006   0.000   0.000   0.000 734694800
11.78   5.73   52.818
11.78   1.00    0.067    0.003
11.78   1.00    0.070   51.427
11.78   1.00    0.067    0.173   0.070   0.172
11.78   1.00    0.067    0.171   0.070   0.170

11.79   0.00    0.172    0.170   0.032   0.036   0.009   0.006   0.082   0.006   0.000   0.000   0.000 735318500
11.79   5.72   52.809
11.79   1.00    0.067    0.003
11.79   1.00    0.070   51.414
11.79   1.00    0.067    0.173   0.070   0.172
11.79   1.00    0.067    0.171   0.070   0.170

11.80   0.00    0.172    0.170   0.032   0.036   0.009   0.006   0.082   0.006   0.000   0.000   0.000 735942100
11.80   5.72   52.800
11.80   1.00    0.067    0.003
11.80   1.00    0.070   51.400
11.80   1.00    0.067    0.173   0.070   0.172
11.80   1.00    0.067    0.171   0.070   0.170

11.81   0.00    0.172    0.170   0.032   0.036   0.009   0.006   0.082   0.006   0.000   0.000   0.000 736565900
11.81   5.72   52.791
11.81   1.00    0.067    0.003
11.81   1.00    0.070   51.386
11.81   1.00    0.067    0.173   0.070   0.172
11.81   1.00    0.067    0.171   0.070   0.170

11.82   0.00    0.172    0.170   0.032   0.036   0.009   0.006   0.082   0.006   0.000   0.000   0.000 737189500
11.82   5.72   52.781
11.82   1.00    0.067    0.003
11.82   1.00    0.070   51.373
11.82   1.00    0.067    0.173   0.070   0.172
11.82   1.00    0.067    0.171   0.070   0.170

11.83   0.00    0.172    0.170   0.032   0.036   0.009   0.006   0.082   0.006   0.000   0.000   0.000 737813200
11.83   5.71   52.772
11.83   1.00    0.067    0.003
11.83   1.00    0.070   51.359
11.83   1.00    0.067    0.173   0.070   0.172
11.83   1.00    0.067    0.171   0.070   0.170

11.84   0.00    0.172    0.170   0.032   0.036   0.009   0.006   0.082   0.006   0.000   0.000   0.000 738436900
11.84   5.71   52.763
11.84   1.00    0.067    0.003
11.84   1.00    0.070   51.346
11.84   1.00    0.067    0.173   0.070   0.172
11.84   1.00    0.067    0.171   0.070   0.170

11.85   0.00    0.172    0.170   0.032   0.036   0.009   0.006   0.082   0.006   0.000   0.000   0.000 739060600
11.85   5.71   52.754
11.85   1.00    0.067    0.003
11.85   1.00    0.070   51.332
11.85   1.00    0.067    0.173   0.070   0.172
11.85   1.00    0.067    0.171   0.070   0.170

11.86   0.00    0.172    0.170   0.032   0.036   0.009   0.006   0.082   0.006   0.000   0.000   0.000 739684200
11.86   5.71   52.744
11.86   1.00    0.067    0.003
11.86   1.00    0.070   51.318
11.86   1.00    0.067    0.173   0.070   0.172
11.86   1.00    0.067    0.171   0.070   0.170

11.87   0.00    0.172    0.170   0.032   0.036   0.009   0.006   0.082   0.006   0.000   0.000   0.000 740307900
11.87   5.70   52.735
11.87   1.00    0.067    0.003
11.87   1.00    0.070   51.305
11.87   1.00    0.067    0.173   0.070   0.172
11.87   1.00    0.067    0.171   0.070   0.170

11.88   0.00    0.172    0.170   0.032   0.036   0.009   0.006   0.082   0.006   0.000   0.000   0.000 740931600
11.88   5.70   52.726
11.88   1.00    0.067    0.003
11.88   1.00    0.070   51.291
11.88   1.00    0.067    0.173   0.070   0.172
11.88   1.00    0.067    0.171   0.070   0.170

11.89   0.00    0.172    0.170   0.032   0.036   0.009   0.006   0.082   0.006   0.000   0.000   0.000 741555300
11.89   5.70   52.717
11.89   1.00    0.067    0.003
11.89   1.00    0.070   51.278
11.89   1.00    0.067    0.173   0.070   0.172
11.89   1.00    0.067    0.171   0.070   0.170

11.90   0.00    0.172    0.170   0.032   0.036   0.009   0.006   0.082   0.006   0.000   0.000   0.000 742178900
11.90   5.70   52.708
11.90   1.00    0.067    0.003
11.90   1.00    0.070   51.264
11.90   1.00    0.067    0.173   0.070   0.172
11.90   1.00    0.067    0.171   0.070   0.170

11.91   0.00    0.172    0.170   0.032   0.036   0.009   0.006   0.082   0.006   0.000   0.000   0.000 742802600
11.91   5.69   52.699
11.91   1.00    0.067    0.003
11.91   1.00    0.070   51.251
11.91   1.00    0.067    0.173   0.070   0.172
11.91   1.00    0.067    0.171   0.070   0.170

11.92   0.00    0.172    0.170   0.032   0.036   0.009   0.006   0.082   0.006   0.000   0.000   0.000 743426300
11.92   5.69   52.689
11.92   1.00    0.067    0.003
11.92   1.00    0.070   51.237
11.92   1.00    0.067    0.173   0.070   0.172
11.92   1.00    0.067    0.171   0.070   0.170

11.93   0.00    0.172    0.170   0.032   0.036   0.009   0.006   0.082   0.006   0.000   0.000   0.000 744050000
11.93   5.69   52.680
11.93   1.00    0.067    0.003
11.93   1.00    0.070   51.224
11.93   1.00    0.067    0.173   0.070   0.172
11.93   1.00    0.067    0.171   0.070   0.170

11.94   0.00    0.172    0.170   0.032   0.036   0.009   0.006   0.082   0.006   0.000   0.000   0.000 744673700
11.94   5.69   52.671
11.94   1.00    0.067    0.003
11.94   1.00    0.070   51.210
11.94   1.00    0.067    0.173   0.070   0.172
11.94   1.00    0.067    0.171   0.070   0.170

11.95   0.00    0.172    0.170   0.032   0.036   0.009   0.006   0.082   0.006   0.000   0.000   0.000 745297300
11.95   5.68   52.662
11.95   1.00    0.067    0.003
11.95   1.00    0.070   51.197
11.95   1.00    0.067    0.173   0.070   0.172
11.95   1.00    0.067    0.171   0.070   0.170

11.96   0.00    0.172    0.170   0.032   0.036   0.009   0.006   0.082   0.006   0.000   0.000   0.000 745921000
11.96   5.68   52.653
11.96   1.00    0.067    0.003
11.96   1.00    0.070   51.183
11.96   1.00    0.066    0.173   0.070   0.172
11.96   1.00    0.067    0.171   0.070   0.170

11.97   0.00    0.172    0.170   0.032   0.036   0.009   0.006   0.082   0.006   0.000   0.000   0.000 746544800
11.97   5.68   52.644
11.97   1.00    0.067    0.003
11.97   1.00    0.069   51.170
11.97   1.00    0.066    0.173   0.069   0.172
11.97   1.00    0.066    0.171   0.069   0.170

11.98   0.00    0.172    0.170   0.032   0.036   0.009   0.006   0.082   0.006   0.000   0.000   0.000 747168400
11.98   5.68   52.635
11.98   1.00    0.067    0.003
11.98   1.00    0.069   51.156
11.98   1.00    0.066    0.173   0.069   0.172
11.98   1.00    0.066    0.171   0.069   0.170

11.99   0.00    0.172    0.170   0.032   0.036   0.009   0.006   0.082   0.006   0.000   0.000   0.000 747792100
11.99   5.67   52.626
11.99   1.00    0.067    0.003
11.99   1.00    0.069   51.143
11.99   1.00    0.066    0.173   0.069   0.172
11.99   1.00    0.066    0.171   0.069   0.170

12.00   0.00    0.172    0.170   0.032   0.036   0.009   0.006   0.082   0.006   0.000   0.000   0.000 748415700
12.00   5.67   52.616
12.00   1.00    0.067    0.003
12.00   1.00    0.069   51.129
12.00   1.00    0.066    0.173   0.069   0.172
12.00   1.00    0.066    0.171   0.069   0.170

12.01   0.00    0.172    0.170   0.032   0.036   0.009   0.006   0.082   0.006   0.000   0.000   0.000 749039400
12.01   5.67   52.607
12.01   1.00    0.067    0.003
12.01   1.00    0.069   51.116
12.01   1.00    0.066    0.173   0.069   0.172
12.01   1.00    0.066    0.171   0.069   0.170

12.02   0.00    0.172    0.170   0.032   0.036   0.009   0.006   0.082   0.006   0.000   0.000   0.000 749663200
12.02   5.67   52.598
12.02   1.00    0.066    0.003
12.02   1.00    0.069   51.102
12.02   1.00    0.066    0.173   0.069   0.172
12.02   1.00    0.066    0.171   0.069   0.170

12.03   0.00    0.172    0.170   0.032   0.036   0.009   0.006   0.082   0.006   0.000   0.000   0.000 750286800
12.03   5.66   52.589
12.03   1.00    0.066    0.003
12.03   1.00    0.069   51.089
12.03   1.00    0.066    0.173   0.069   0.172
12.03   1.00    0.066    0.171   0.069   0.170

12.04   0.00    0.172    0.170   0.032   0.036   0.009   0.006   0.082   0.006   0.000   0.000   0.000 750910500
12.04   5.66   52.580
12.04   1.00    0.066    0.003
12.04   1.00    0.069   51.076
12.04   1.00    0.066    0.173   0.069   0.172
12.04   1.00    0.066    0.171   0.069   0.170

12.05   0.00    0.172    0.170   0.032   0.036   0.009   0.006   0.082   0.006   0.000   0.000   0.000 751534100
12.05   5.66   52.571
12.05   1.00    0.066    0.003
12.05   1.00    0.069   51.062
12.05   1.00    0.066    0.173   0.069   0.172
12.05   1.00    0.066    0.171   0.069   0.170

12.06   0.00    0.172    0.170   0.032   0.036   0.009   0.006   0.082   0.006   0.000   0.000   0.000 752157900
12.06   5.66   52.562
12.06   1.00    0.066    0.003
12.06   1.00    0.069   51.049
12.06   1.00    0.066    0.173   0.069   0.172
12.06   1.00    0.066    0.171   0.069   0.170

12.07   0.00    0.172    0.170   0.032   0.036   0.009   0.006   0.082   0.006   0.000   0.000   0.000 752781500
12.07   5.65   52.553
12.07   1.00    0.066    0.003
12.07   1.00    0.069   51.035
12.07   1.00    0.066    0.173   0.069   0.172
12.07   1.00    0.066    0.171   0.069   0.170

12.08   0.00    0.172    0.170   0.032   0.036   0.009   0.006   0.082   0.006   0.000   0.000   0.000 753405200
12.08   5.65   52.544
12.08   1.00    0.066    0.003
12.08   1.00    0.069   51.022
12.08   1.00    0.066    0.173   0.069   0.172
12.08   1.00    0.066    0.171   0.069   0.170

12.09   0.00    0.172    0.170   0.032   0.036   0.009   0.006   0.082   0.006   0.000   0.000   0.000 754028900
12.09   5.65   52.535
12.09   1.00    0.066    0.003
12.09   1.00    0.069   51.009
12.09   1.00    0.066    0.173   0.069   0.172
12.09   1.00    0.066    0.171   0.069   0.170

12.10   0.00    0.172    0.170   0.032   0.036   0.009   0.006   0.082   0.006   0.000   0.000   0.000 754652600
12.10   5.65   52.526
12.10   1.00    0.066    0.003
12.10   1.00    0.069   50.995
12.10   1.00    0.066    0.173   0.069   0.172
12.10   1.00    0.066    0.171   0.069   0.170

12.11   0.00    0.172    0.170   0.032   0.036   0.009   0.006   0.082   0.006   0.000   0.000   0.000 755276200
12.11   5.64   52.517
12.11   1.00    0.066    0.003
12.11   1.00    0.069   50.982
12.11   1.00    0.066    0.173   0.069   0.172
12.11   1.00    0.066    0.171   0.069   0.170

12.12   0.00    0.172    0.170   0.032   0.036   0.009   0.006   0.082   0.006   0.000   0.000   0.000 755899900
12.12   5.64   52.508
12.12   1.00    0.066    0.003
12.12   1.00    0.069   50.968
12.12   1.00    0.066    0.173   0.069   0.172
12.12   1.00    0.066    0.171   0.069   0.170

12.13   0.00    0.172    0.170   0.032   0.036   0.009   0.006   0.082   0.006   0.000   0.000   0.000 756523600
12.13   5.64   52.499
12.13   1.00    0.066    0.003
12.13   1.00    0.069   50.955
12.13   1.00    0.066    0.173   0.069   0.172
12.13   1.00    0.066    0.171   0.069   0.170

12.14   0.00    0.172    0.170   0.032   0.036   0.009   0.006   0.082   0.006   0.000   0.000   0.000 757147300
12.14   5.64   52.490
12.14   1.00    0.066    0.003
12.14   1.00    0.069   50.942
12.14   1.00    0.066    0.173   0.069   0.172
12.14   1.00    0.066    0.171   0.069   0.170

12.15   0.00    0.172    0.170   0.032   0.036   0.008   0.006   0.082   0.006   0.000   0.000   0.000 757770900
12.15   5.63   52.481
12.15   1.00    0.066    0.003
12.15   1.00    0.069   50.928
12.15   1.00    0.066    0.173   0.069   0.172
12.15   1.00    0.066    0.171   0.069   0.170

12.16   0.00    0.172    0.170   0.032   0.036   0.008   0.006   0.082   0.006   0.000   0.000   0.000 758394600
12.16   5.63   52.472
12.16   1.00    0.066    0.003
12.16   1.00    0.069   50.915
12.16   1.00    0.066    0.173   0.069   0.172
12.16   1.00    0.066    0.171   0.069   0.170

12.17   0.00    0.172    0.170   0.032   0.036   0.008   0.006   0.082   0.006   0.000   0.000   0.000 759018300
12.17   5.63   52.463
12.17   1.00    0.066    0.003
12.17   1.00    0.069   50.902
12.17   1.00    0.066    0.173   0.069   0.172
12.17   1.00    0.066    0.171   0.069   0.170

12.18   0.00    0.172    0.170   0.032   0.036   0.008   0.006   0.082   0.006   0.000   0.000   0.000 759642000
12.18   5.63   52.454
12.18   1.00    0.066    0.003
12.18   1.00    0.069   50.888
12.18   1.00    0.066    0.173   0.069   0.172
12.18   1.00    0.066    0.171   0.069   0.170

12.19   0.00    0.172    0.170   0.032   0.036   0.008   0.006   0.082   0.006   0.000   0.000   0.000 760265700
12.19   5.62   52.445
12.19   1.00    0.066    0.003
12.19   1.00    0.069   50.875
12.19   1.00    0.066    0.173   0.069   0.172
12.19   1.00    0.066    0.171   0.069   0.170

12.20   0.00    0.172    0.170   0.032   0.036   0.008   0.006   0.082   0.006   0.000   0.000   0.000 760889300
12.20   5.62   52.436
12.20   1.00    0.066    0.003
12.20   1.00    0.069   50.862
12.20   1.00    0.066    0.173   0.069   0.172
12.20   1.00    0.066    0.171   0.069   0.170

12.21   0.00    0.172    0.170   0.032   0.036   0.008   0.006   0.082   0.006   0.000   0.000   0.000 761513000
12.21   5.62   52.427
12.21   1.00    0.066    0.003
12.21   1.00    0.069   50.849
12.21   1.00    0.066    0.173   0.069   0.172
12.21   1.00    0.066    0.171   0.069   0.170

12.22   0.00    0.172    0.170   0.032   0.036   0.008   0.006   0.082   0.006   0.000   0.000   0.000 762136700
12.22   5.62   52.419
12.22   1.00    0.066    0.003
12.22   1.00    0.069   50.835
12.22   1.00    0.066    0.173   0.069   0.172
12.22   1.00    0.066    0.171   0.069   0.170

12.23   0.00    0.172    0.170   0.032   0.036   0.008   0.006   0.082   0.006   0.000   0.000   0.000 762760400
12.23   5.61   52.410
12.23   1.00    0.066    0.003
12.23   1.00    0.068   50.822
12.23   1.00    0.065    0.173   0.068   0.172
12.23   1.00    0.066    0.171   0.068   0.170

12.24   0.00    0.171    0.170   0.032   0.036   0.008   0.006   0.082   0.006   0.000   0.000   0.000 763384100
12.24   5.61   52.401
12.24   1.00    0.066    0.003
12.24   1.00    0.068   50.809
12.24   1.00    0.065    0.173   0.068   0.172
12.24   1.00    0.065    0.171   0.068   0.170

12.25   0.00    0.171    0.170   0.032   0.036   0.008   0.006   0.082   0.006   0.000   0.000   0.000 764007700
12.25   5.61   52.392
12.25   1.00    0.066    0.003
12.25   1.00    0.068   50.795
12.25   1.00    0.065    0.173   0.068   0.172
12.25   1.00    0.065    0.171   0.068   0.170

12.26   0.00    0.171    0.170   0.032   0.036   0.008   0.006   0.082   0.006   0.000   0.000   0.000 764631400
12.26   5.61   52.383
12.26   1.00    0.066    0.003
12.26   1.00    0.068   50.782
12.26   1.00    0.065    0.173   0.068   0.172
12.26   1.00    0.065    0.171   0.068   0.170

12.27   0.00    0.171    0.169   0.032   0.036   0.008   0.006   0.082   0.006   0.000   0.000   0.000 765255200
12.27   5.60   52.374
12.27   1.00    0.066    0.003
12.27   1.00    0.068   50.769
12.27   1.00    0.065    0.173   0.068   0.172
12.27   1.00    0.065    0.171   0.068   0.170

12.28   0.00    0.171    0.169   0.032   0.036   0.008   0.006   0.082   0.006   0.000   0.000   0.000 765878800
12.28   5.60   52.365
12.28   1.00    0.066    0.003
12.28   1.00    0.068   50.756
12.28   1.00    0.065    0.173   0.068   0.171
12.28   1.00    0.065    0.171   0.068   0.170

12.29   0.00    0.171    0.169   0.032   0.036   0.008   0.006   0.082   0.006   0.000   0.000   0.000 766502500
12.29   5.60   52.356
12.29   1.00    0.066    0.003
12.29   1.00    0.068   50.743
12.29   1.00    0.065    0.173   0.068   0.171
12.29   1.00    0.065    0.171   0.068   0.170

12.30   0.00    0.171    0.169   0.032   0.036   0.008   0.006   0.082   0.006   0.000   0.000   0.000 767126100
12.30   5.60   52.347
12.30   1.00    0.066    0.003
12.30   1.00    0.068   50.729
12.30   1.00    0.065    0.173   0.068   0.171
12.30   1.00    0.065    0.171   0.068   0.170

12.31   0.00    0.171    0.169   0.032   0.036   0.008   0.006   0.082   0.006   0.000   0.000   0.000 767749900
12.31   5.59   52.339
12.31   1.00    0.066    0.003
12.31   1.00    0.068   50.716
12.31   1.00    0.065    0.173   0.068   0.171
12.31   1.00    0.065    0.171   0.068   0.170

12.32   0.00    0.171    0.169   0.032   0.036   0.008   0.006   0.082   0.006   0.000   0.000   0.000 768373500
12.32   5.59   52.330
12.32   1.00    0.066    0.003
12.32   1.00    0.068   50.703
12.32   1.00    0.065    0.173   0.068   0.171
12.32   1.00    0.065    0.171   0.068   0.169

12.33   0.00    0.171    0.169   0.032   0.036   0.008   0.006   0.082   0.006   0.000   0.000   0.000 768997200
12.33   5.59   52.321
12.33   1.00    0.066    0.003
12.33   1.00    0.068   50.690
12.33   1.00    0.065    0.173   0.068   0.171
12.33   1.00    0.065    0.171   0.068   0.169

12.34   0.00    0.171    0.169   0.032   0.036   0.008   0.006   0.082   0.006   0.000   0.000   0.000 769620900
12.34   5.59   52.312
12.34   1.00    0.065    0.003
12.34   1.00    0.068   50.677
12.34   1.00    0.065    0.173   0.068   0.171
12.34   1.00    0.065    0.171   0.068   0.169

12.35   0.00    0.171    0.169   0.032   0.036   0.008   0.006   0.082   0.006   0.000   0.000   0.000 770244500
12.35   5.58   52.303
12.35   1.00    0.065    0.003
12.35   1.00    0.068   50.663
12.35   1.00    0.065    0.173   0.068   0.171
12.35   1.00    0.065    0.171   0.068   0.169

12.36   0.00    0.171    0.169   0.032   0.036   0.008   0.006   0.082   0.006   0.000   0.000   0.000 770868200
12.36   5.58   52.295
12.36   1.00    0.065    0.003
12.36   1.00    0.068   50.650
12.36   1.00    0.065    0.173   0.068   0.171
12.36   1.00    0.065    0.171   0.068   0.169

12.37   0.00    0.171    0.169   0.032   0.036   0.008   0.006   0.082   0.006   0.000   0.000   0.000 771491900
12.37   5.58   52.286
12.37   1.00    0.065    0.003
12.37   1.00    0.068   50.637
12.37   1.00    0.065    0.173   0.068   0.171
12.37   1.00    0.065    0.171   0.068   0.169

12.38   0.00    0.171    0.169   0.032   0.036   0.008   0.006   0.082   0.006   0.000   0.000   0.000 772115600
12.38   5.58   52.277
12.38   1.00    0.065    0.003
12.38   1.00    0.068   50.624
12.38   1.00    0.065    0.173   0.068   0.171
12.38   1.00    0.065    0.171   0.068   0.169

12.39   0.00    0.171    0.169   0.032   0.036   0.008   0.006   0.082   0.006   0.000   0.000   0.000 772739300
12.39   5.57   52.268
12.39   1.00    0.065    0.003
12.39   1.00    0.068   50.611
12.39   1.00    0.065    0.173   0.068   0.171
12.39   1.00    0.065    0.171   0.068   0.169

12.40   0.00    0.171    0.169   0.032   0.036   0.008   0.006   0.082   0.006   0.000   0.000   0.000 773362900
12.40   5.57   52.259
12.40   1.00    0.065    0.003
12.40   1.00    0.068   50.598
12.40   1.00    0.065    0.172   0.068   0.171
12.40   1.00    0.065    0.171   0.068   0.169

12.41   0.00    0.171    0.169   0.032   0.036   0.008   0.006   0.082   0.006   0.000   0.000   0.000 773986600
12.41   5.57   52.251
12.41   1.00    0.065    0.003
12.41   1.00    0.068   50.584
12.41   1.00    0.065    0.172   0.068   0.171
12.41   1.00    0.065    0.171   0.068   0.169

12.42   0.00    0.171    0.169   0.032   0.036   0.008   0.006   0.082   0.006   0.000   0.000   0.000 774610300
12.42   5.57   52.242
12.42   1.00    0.065    0.003
12.42   1.00    0.068   50.571
12.42   1.00    0.065    0.172   0.068   0.171
12.42   1.00    0.065    0.171   0.068   0.169

12.43   0.00    0.171    0.169   0.032   0.036   0.008   0.006   0.082   0.006   0.000   0.000   0.000 775234000
12.43   5.57   52.233
12.43   1.00    0.065    0.003
12.43   1.00    0.068   50.558
12.43   1.00    0.065    0.172   0.068   0.171
12.43   1.00    0.065    0.171   0.068   0.169

12.44   0.00    0.171    0.169   0.032   0.036   0.008   0.006   0.082   0.006   0.000   0.000   0.000 775857700
12.44   5.56   52.224
12.44   1.00    0.065    0.003
12.44   1.00    0.068   50.545
12.44   1.00    0.065    0.172   0.068   0.171
12.44   1.00    0.065    0.171   0.068   0.169

12.45   0.00    0.171    0.169   0.032   0.036   0.008   0.006   0.082   0.006   0.000   0.000   0.000 776481300
12.45   5.56   52.216
12.45   1.00    0.065    0.003
12.45   1.00    0.068   50.532
12.45   1.00    0.065    0.172   0.068   0.171
12.45   1.00    0.065    0.171   0.068   0.169

12.46   0.00    0.171    0.169   0.032   0.036   0.008   0.006   0.082   0.006   0.000   0.000   0.000 777105000
12.46   5.56   52.207
12.46   1.00    0.065    0.003
12.46   1.00    0.068   50.519
12.46   1.00    0.065    0.172   0.068   0.171
12.46   1.00    0.065    0.170   0.068   0.169

12.47   0.00    0.171    0.169   0.032   0.036   0.008   0.006   0.082   0.006   0.000   0.000   0.000 777728700
12.47   5.56   52.198
12.47   1.00    0.065    0.003
12.47   1.00    0.068   50.506
12.47   1.00    0.065    0.172   0.068   0.171
12.47   1.00    0.065    0.170   0.068   0.169

12.48   0.00    0.171    0.169   0.032   0.036   0.008   0.006   0.082   0.006   0.000   0.000   0.000 778352400
12.48   5.55   52.189
12.48   1.00    0.065    0.003
12.48   1.00    0.068   50.493
12.48   1.00    0.065    0.172   0.068   0.171
12.48   1.00    0.065    0.170   0.068   0.169

12.49   0.00    0.171    0.169   0.032   0.036   0.008   0.006   0.082   0.006   0.000   0.000   0.000 778976100
12.49   5.55   52.181
12.49   1.00    0.065    0.003
12.49   1.00    0.068   50.480
12.49   1.00    0.065    0.172   0.068   0.171
12.49   1.00    0.065    0.170   0.068   0.169

12.50   0.00    0.171    0.169   0.032   0.036   0.008   0.006   0.082   0.006   0.000   0.000   0.000 779599700
12.50   5.55   52.172
12.50   1.00    0.065    0.003
12.50   1.00    0.068   50.467
12.50   1.00    0.065    0.172   0.068   0.171
12.50   1.00    0.065    0.170   0.068   0.169

12.51   0.00    0.171    0.169   0.032   0.036   0.008   0.006   0.082   0.006   0.000   0.000   0.000 780223400
12.51   5.55   52.163
12.51   1.00    0.065    0.002
12.51   1.00    0.067   50.454
12.51   1.00    0.064    0.172   0.067   0.171
12.51   1.00    0.065    0.170   0.067   0.169

12.52   0.00    0.171    0.169   0.032   0.036   0.008   0.006   0.082   0.006   0.000   0.000   0.000 780847200
12.52   5.54   52.155
12.52   1.00    0.065    0.002
12.52   1.00    0.067   50.441
12.52   1.00    0.064    0.172   0.067   0.171
12.52   1.00    0.064    0.170   0.067   0.169

12.53   0.00    0.171    0.169   0.032   0.036   0.008   0.006   0.082   0.006   0.000   0.000   0.000 781470800
12.53   5.54   52.146
12.53   1.00    0.065    0.002
12.53   1.00    0.067   50.428
12.53   1.00    0.064    0.172   0.067   0.171
12.53   1.00    0.064    0.170   0.067   0.169

12.54   0.00    0.171    0.169   0.032   0.036   0.008   0.006   0.082   0.006   0.000   0.000   0.000 782094500
12.54   5.54   52.137
12.54   1.00    0.065    0.002
12.54   1.00    0.067   50.415
12.54   1.00    0.064    0.172   0.067   0.171
12.54   1.00    0.064    0.170   0.067   0.169

12.55   0.00    0.171    0.169   0.032   0.036   0.008   0.006   0.082   0.006   0.000   0.000   0.000 782718100
12.55   5.54   52.129
12.55   1.00    0.065    0.002
12.55   1.00    0.067   50.402
12.55   1.00    0.064    0.172   0.067   0.171
12.55   1.00    0.064    0.170   0.067   0.169

12.56   0.00    0.171    0.169   0.032   0.036   0.008   0.006   0.082   0.006   0.000   0.000   0.000 783341800
12.56   5.54   52.120
12.56   1.00    0.065    0.002
12.56   1.00    0.067   50.389
12.56   1.00    0.064    0.172   0.067   0.171
12.56   1.00    0.064    0.170   0.067   0.169

12.57   0.00    0.171    0.169   0.032   0.036   0.008   0.006   0.082   0.006   0.000   0.000   0.000 783965500
12.57   5.53   52.111
12.57   1.00    0.065    0.002
12.57   1.00    0.067   50.376
12.57   1.00    0.064    0.172   0.067   0.171
12.57   1.00    0.064    0.170   0.067   0.169

12.58   0.00    0.171    0.169   0.032   0.036   0.008   0.006   0.082   0.006   0.000   0.000   0.000 784589200
12.58   5.53   52.103
12.58   1.00    0.065    0.002
12.58   1.00    0.067   50.363
12.58   1.00    0.064    0.172   0.067   0.171
12.58   1.00    0.064    0.170   0.067   0.169

12.59   0.00    0.171    0.169   0.032   0.036   0.008   0.006   0.082   0.006   0.000   0.000   0.000 785212900
12.59   5.53   52.094
12.59   1.00    0.065    0.002
12.59   1.00    0.067   50.350
12.59   1.00    0.064    0.172   0.067   0.171
12.59   1.00    0.064    0.170   0.067   0.169

12.60   0.00    0.171    0.169   0.032   0.036   0.008   0.006   0.082   0.006   0.000   0.000   0.000 785836500
12.60   5.53   52.086
12.60   1.00    0.065    0.002
12.60   1.00    0.067   50.337
12.60   1.00    0.064    0.172   0.067   0.171
12.60   1.00    0.064    0.170   0.067   0.169

12.61   0.00    0.171    0.169   0.032   0.036   0.008   0.006   0.082   0.006   0.000   0.000   0.000 786460200
12.61   5.52   52.077
12.61   1.00    0.065    0.002
12.61   1.00    0.067   50.324
12.61   1.00    0.064    0.172   0.067   0.171
12.61   1.00    0.064    0.170   0.067   0.169

12.62   0.00    0.171    0.169   0.032   0.036   0.008   0.006   0.082   0.006   0.000   0.000   0.000 787083900
12.62   5.52   52.068
12.62   1.00    0.065    0.002
12.62   1.00    0.067   50.311
12.62   1.00    0.064    0.172   0.067   0.171
12.62   1.00    0.064    0.170   0.067   0.169

12.63   0.00    0.171    0.169   0.032   0.036   0.008   0.006   0.082   0.006   0.000   0.000   0.000 787707600
12.63   5.52   52.060
12.63   1.00    0.065    0.002
12.63   1.00    0.067   50.298
12.63   1.00    0.064    0.172   0.067   0.171
12.63   1.00    0.064    0.170   0.067   0.169

12.64   0.00    0.171    0.169   0.032   0.036   0.008   0.006   0.082   0.006   0.000   0.000   0.000 788331300
12.64   5.52   52.051
12.64   1.00    0.065    0.002
12.64   1.00    0.067   50.285
12.64   1.00    0.064    0.172   0.067   0.171
12.64   1.00    0.064    0.170   0.067   0.169

12.65   0.00    0.171    0.169   0.032   0.036   0.008   0.006   0.082   0.006   0.000   0.000   0.000 788954900
12.65   5.51   52.043
12.65   1.00    0.065    0.002
12.65   1.00    0.067   50.272
12.65   1.00    0.064    0.172   0.067   0.171
12.65   1.00    0.064    0.170   0.067   0.169

12.66   0.00    0.171    0.169   0.032   0.036   0.008   0.006   0.082   0.006   0.000   0.000   0.000 789578600
12.66   5.51   52.034
12.66   1.00    0.065    0.002
12.66   1.00    0.067   50.259
12.66   1.00    0.064    0.172   0.067   0.171
12.66   1.00    0.064    0.170   0.067   0.169

12.67   0.00    0.171    0.169   0.032   0.036   0.008   0.006   0.082   0.006   0.000   0.000   0.000 790202300
12.67   5.51   52.025
12.67   1.00    0.065    0.002
12.67   1.00    0.067   50.246
12.67   1.00    0.064    0.172   0.067   0.171
12.67   1.00    0.064    0.170   0.067   0.169

12.68   0.00    0.171    0.169   0.032   0.036   0.008   0.006   0.082   0.006   0.000   0.000   0.000 790826000
12.68   5.51   52.017
12.68   1.00    0.064    0.002
12.68   1.00    0.067   50.233
12.68   1.00    0.064    0.172   0.067   0.171
12.68   1.00    0.064    0.170   0.067   0.169

12.69   0.00    0.171    0.169   0.032   0.036   0.008   0.006   0.082   0.006   0.000   0.000   0.000 791449700
12.69   5.51   52.008
12.69   1.00    0.064    0.002
12.69   1.00    0.067   50.220
12.69   1.00    0.064    0.172   0.067   0.171
12.69   1.00    0.064    0.170   0.067   0.169

12.70   0.00    0.171    0.169   0.032   0.036   0.008   0.006   0.082   0.006   0.000   0.000   0.000 792073300
12.70   5.50   52.000
12.70   1.00    0.064    0.002
12.70   1.00    0.067   50.207
12.70   1.00    0.064    0.172   0.067   0.171
12.70   1.00    0.064    0.170   0.067   0.169

12.71   0.00    0.171    0.169   0.032   0.036   0.008   0.006   0.082   0.006   0.000   0.000   0.000 792697000
12.71   5.50   51.991
12.71   1.00    0.064    0.002
12.71   1.00    0.067   50.194
12.71   1.00    0.064    0.172   0.067   0.171
12.71   1.00    0.064    0.170   0.067   0.169

12.72   0.00    0.171    0.169   0.032   0.036   0.008   0.006   0.082   0.006   0.000   0.000   0.000 793320700
12.72   5.50   51.983
12.72   1.00    0.064    0.002
12.72   1.00    0.067   50.181
12.72   1.00    0.064    0.172   0.067   0.171
12.72   1.00    0.064    0.170   0.067   0.169

12.73   0.00    0.171    0.169   0.032   0.036   0.008   0.006   0.082   0.006   0.000   0.000   0.000 793944400
12.73   5.50   51.974
12.73   1.00    0.064    0.002
12.73   1.00    0.067   50.168
12.73   1.00    0.064    0.172   0.067   0.171
12.73   1.00    0.064    0.170   0.067   0.169

12.74   0.00    0.171    0.169   0.032   0.036   0.008   0.006   0.082   0.006   0.000   0.000   0.000 794568100
12.74   5.49   51.966
12.74   1.00    0.064    0.002
12.74   1.00    0.067   50.156
12.74   1.00    0.064    0.172   0.067   0.171
12.74   1.00    0.064    0.170   0.067   0.169

12.75   0.00    0.171    0.169   0.032   0.036   0.008   0.006   0.082   0.006   0.000   0.000   0.000 795191700
12.75   5.49   51.957
12.75   1.00    0.064    0.002
12.75   1.00    0.067   50.143
12.75   1.00    0.064    0.172   0.067   0.171
12.75   1.00    0.064    0.170   0.067   0.169

12.76   0.00    0.171    0.169   0.032   0.036   0.008   0.006   0.082   0.006   0.000   0.000   0.000 795815400
12.76   5.49   51.949
12.76   1.00    0.064    0.002
12.76   1.00    0.067   50.130
12.76   1.00    0.064    0.172   0.067   0.171
12.76   1.00    0.064    0.170   0.067   0.169

12.77   0.00    0.171    0.169   0.032   0.036   0.008   0.006   0.082   0.006   0.000   0.000   0.000 796439100
12.77   5.49   51.940
12.77   1.00    0.064    0.002
12.77   1.00    0.067   50.117
12.77   1.00    0.064    0.172   0.067   0.171
12.77   1.00    0.064    0.170   0.067   0.169

12.78   0.00    0.171    0.169   0.032   0.036   0.008   0.006   0.082   0.006   0.000   0.000   0.000 797062800
12.78   5.49   51.932
12.78   1.00    0.064    0.002
12.78   1.00    0.067   50.104
12.78   1.00    0.064    0.172   0.067   0.171
12.78   1.00    0.064    0.170   0.067   0.169

12.79   0.00    0.171    0.169   0.032   0.036   0.008   0.006   0.082   0.006   0.000   0.000   0.000 797686500
12.79   5.48   51.923
12.79   1.00    0.064    0.002
12.79   1.00    0.067   50.091
12.79   1.00    0.064    0.172   0.067   0.171
12.79   1.00    0.064    0.170   0.067   0.169

12.80   0.00    0.171    0.169   0.032   0.036   0.008   0.006   0.082   0.006   0.000   0.000   0.000 798310100
12.80   5.48   51.915
12.80   1.00    0.064    0.002
12.80   1.00    0.066   50.078
12.80   1.00    0.063    0.172   0.066   0.171
12.80   1.00    0.064    0.170   0.066   0.169

12.81   0.00    0.171    0.169   0.032   0.036   0.008   0.006   0.082   0.006   0.000   0.000   0.000 798933800
12.81   5.48   51.906
12.81   1.00    0.064    0.002
12.81   1.00    0.066   50.066
12.81   1.00    0.063    0.172   0.066   0.171
12.81   1.00    0.063    0.170   0.066   0.169

12.82   0.00    0.171    0.169   0.032   0.036   0.008   0.006   0.082   0.006   0.000   0.000   0.000 799557500
12.82   5.48   51.898
12.82   1.00    0.064    0.002
12.82   1.00    0.066   50.053
12.82   1.00    0.063    0.172   0.066   0.171
12.82   1.00    0.063    0.170   0.066   0.169

12.83   0.00    0.171    0.169   0.032   0.036   0.008   0.006   0.082   0.006   0.000   0.000   0.000 800181200
12.83   5.47   51.889
12.83   1.00    0.064    0.002
12.83   1.00    0.066   50.040
12.83   1.00    0.063    0.172   0.066   0.171
12.83   1.00    0.063    0.170   0.066   0.169

12.84   0.00    0.171    0.169   0.032   0.036   0.008   0.006   0.082   0.006   0.000   0.000   0.000 800804900
12.84   5.47   51.881
12.84   1.00    0.064    0.002
12.84   1.00    0.066   50.027
12.84   1.00    0.063    0.172   0.066   0.171
12.84   1.00    0.063    0.170   0.066   0.169

12.85   0.00    0.171    0.169   0.032   0.036   0.008   0.006   0.082   0.006   0.000   0.000   0.000 801428500
12.85   5.47   51.872
12.85   1.00    0.064    0.002
12.85   1.00    0.066   50.014
12.85   1.00    0.063    0.172   0.066   0.171
12.85   1.00    0.063    0.170   0.066   0.169

12.86   0.00    0.171    0.169   0.032   0.036   0.008   0.006   0.082   0.006   0.000   0.000   0.000 802052200
12.86   5.47   51.864
12.86   1.00    0.064    0.002
12.86   1.00    0.066   50.002
12.86   1.00    0.063    0.172   0.066   0.171
12.86   1.00    0.063    0.170   0.066   0.169

12.87   0.00    0.171    0.169   0.032   0.036   0.008   0.006   0.082   0.006   0.000   0.000   0.000 802675900
12.87   5.47   51.856
12.87   1.00    0.064    0.002
12.87   1.00    0.066   49.989
12.87   1.00    0.063    0.172   0.066   0.171
12.87   1.00    0.063    0.170   0.066   0.169

12.88   0.00    0.171    0.169   0.032   0.036   0.008   0.006   0.082   0.006   0.000   0.000   0.000 803299600
12.88   5.46   51.847
12.88   1.00    0.064    0.002
12.88   1.00    0.066   49.976
12.88   1.00    0.063    0.172   0.066   0.171
12.88   1.00    0.063    0.170   0.066   0.169

12.89   0.00    0.171    0.169   0.032   0.036   0.008   0.006   0.082   0.006   0.000   0.000   0.000 803923300
12.89   5.46   51.839
12.89   1.00    0.064    0.002
12.89   1.00    0.066   49.963
12.89   1.00    0.063    0.172   0.066   0.171
12.89   1.00    0.063    0.170   0.066   0.169

12.90   0.00    0.171    0.169   0.032   0.036   0.008   0.006   0.082   0.006   0.000   0.000   0.000 804546900
12.90   5.46   51.830
12.90   1.00    0.064    0.002
12.90   1.00    0.066   49.951
12.90   1.00    0.063    0.172   0.066   0.171
12.90   1.00    0.063    0.170   0.066   0.169

12.91   0.00    0.171    0.169   0.032   0.036   0.008   0.006   0.082   0.006   0.000   0.000   0.000 805170600
12.91   5.46   51.822
12.91   1.00    0.064    0.002
12.91   1.00    0.066   49.938
12.91   1.00    0.063    0.172   0.066   0.171
12.91   1.00    0.063    0.170   0.066   0.169

12.92   0.00    0.171    0.169   0.032   0.036   0.008   0.006   0.082   0.006   0.000   0.000   0.000 805794300
12.92   5.45   51.814
12.92   1.00    0.064    0.002
12.92   1.00    0.066   49.925
12.92   1.00    0.063    0.172   0.066   0.171
12.92   1.00    0.063    0.170   0.066   0.169

12.93   0.00    0.171    0.169   0.032   0.036   0.008   0.006   0.082   0.006   0.000   0.000   0.000 806418000
12.93   5.45   51.805
12.93   1.00    0.064    0.002
12.93   1.00    0.066   49.912
12.93   1.00    0.063    0.172   0.066   0.171
12.93   1.00    0.063    0.170   0.066   0.169

12.94   0.00    0.171    0.169   0.032   0.036   0.008   0.006   0.082   0.006   0.000   0.000   0.000 807041700
12.94   5.45   51.797
12.94   1.00    0.064    0.002
12.94   1.00    0.066   49.900
12.94   1.00    0.063    0.172   0.066   0.171
12.94   1.00    0.063    0.170   0.066   0.169

12.95   0.00    0.171    0.169   0.032   0.036   0.008   0.006   0.082   0.006   0.000   0.000   0.000 807665300
12.95   5.45   51.788
12.95   1.00    0.064    0.002
12.95   1.00    0.066   49.887
12.95   1.00    0.063    0.172   0.066   0.171
12.95   1.00    0.063    0.170   0.066   0.169

12.96   0.00    0.171    0.169   0.032   0.036   0.008   0.006   0.082   0.006   0.000   0.000   0.000 808289000
12.96   5.45   51.780
12.96   1.00    0.064    0.002
12.96   1.00    0.066   49.874
12.96   1.00    0.063    0.172   0.066   0.171
12.96   1.00    0.063    0.170   0.066   0.169

12.97   0.00    0.171    0.169   0.032   0.036   0.008   0.006   0.082   0.006   0.000   0.000   0.000 808912700
12.97   5.44   51.772
12.97   1.00    0.064    0.002
12.97   1.00    0.066   49.861
12.97   1.00    0.063    0.172   0.066   0.171
12.97   1.00    0.063    0.170   0.066   0.169

12.98   0.00    0.171    0.169   0.032   0.036   0.007   0.006   0.082   0.006   0.000   0.000   0.000 809536300
12.98   5.44   51.763
12.98   1.00    0.064    0.002
12.98   1.00    0.066   49.849
12.98   1.00    0.063    0.172   0.066   0.171
12.98   1.00    0.063    0.170   0.066   0.169

12.99   0.00    0.171    0.169   0.032   0.036   0.007   0.006   0.082   0.006   0.000   0.000   0.000 810160100
12.99   5.44   51.755
12.99   1.00    0.064    0.002
12.99   1.00    0.066   49.836
12.99   1.00    0.063    0.172   0.066   0.171
12.99   1.00    0.063    0.170   0.066   0.169

13.00   0.00    0.171    0.169   0.032   0.036   0.007   0.006   0.082   0.006   0.000   0.000   0.000 810783700
13.00   5.44   51.747
13.00   1.00    0.064    0.002
13.00   1.00    0.066   49.823
13.00   1.00    0.063    0.172   0.066   0.171
13.00   1.00    0.063    0.170   0.066   0.169

13.01   0.00    0.171    0.169   0.032   0.036   0.007   0.006   0.082   0.006   0.000   0.000   0.000 811407400
13.01   5.43   51.738
13.01   1.00    0.064    0.002
13.01   1.00    0.066   49.811
13.01   1.00    0.063    0.172   0.066   0.171
13.01   1.00    0.063    0.170   0.066   0.169

13.02   0.00    0.170    0.169   0.032   0.036   0.007   0.006   0.082   0.006   0.000   0.000   0.000 812031100
13.02   5.43   51.730
13.02   1.00    0.064    0.002
13.02   1.00    0.066   49.798
13.02   1.00    0.063    0.172   0.066   0.171
13.02   1.00    0.063    0.170   0.066   0.169

13.03   0.00    0.170    0.169   0.032   0.036   0.007   0.006   0.082   0.006   0.000   0.000   0.000 812654800
13.03   5.43   51.722
13.03   1.00    0.064    0.002
13.03   1.00    0.066   49.785
13.03   1.00    0.063    0.172   0.066   0.171
13.03   1.00    0.063    0.170   0.066   0.169

13.04   0.00    0.170    0.169   0.032   0.036   0.007   0.006   0.082   0.006   0.000   0.000   0.000 813278500
13.04   5.43   51.714
13.04   1.00    0.063    0.002
13.04   1.00    0.066   49.773
13.04   1.00    0.063    0.172   0.066   0.171
13.04   1.00    0.063    0.170   0.066   0.169

13.05   0.00    0.170    0.169   0.032   0.036   0.007   0.006   0.082   0.006   0.000   0.000   0.000 813902100
13.05   5.43   51.705
13.05   1.00    0.063    0.002
13.05   1.00    0.066   49.760
13.05   1.00    0.063    0.172   0.066   0.171
13.05   1.00    0.063    0.170   0.066   0.169

13.06   0.00    0.170    0.169   0.032   0.036   0.007   0.006   0.082   0.006   0.000   0.000   0.000 814525800
13.06   5.42   51.697
13.06   1.00    0.063    0.002
13.06   1.00    0.066   49.747
13.06   1.00    0.063    0.172   0.066   0.171
13.06   1.00    0.063    0.170   0.066   0.169

13.07   0.00    0.170    0.169   0.032   0.036   0.007   0.006   0.082   0.006   0.000   0.000   0.000 815149500
13.07   5.42   51.689
13.07   1.00    0.063    0.002
13.07   1.00    0.066   49.735
13.07   1.00    0.063    0.172   0.066   0.170
13.07   1.00    0.063    0.170   0.066   0.169

13.08   0.00    0.170    0.169   0.032   0.036   0.007   0.006   0.082   0.006   0.000   0.000   0.000 815773200
13.08   5.42   51.680
13.08   1.00    0.063    0.002
13.08   1.00    0.066   49.722
13.08   1.00    0.063    0.172   0.066   0.170
13.08   1.00    0.063    0.170   0.066   0.169

13.09   0.00    0.170    0.169   0.032   0.036   0.007   0.006   0.082   0.006   0.000   0.000   0.000 816396900
13.09   5.42   51.672
13.09   1.00    0.063    0.002
13.09   1.00    0.066   49.709
13.09   1.00    0.063    0.172   0.066   0.170
13.09   1.00    0.063    0.170   0.066   0.169

13.10   0.00    0.170    0.169   0.032   0.036   0.007   0.006   0.082   0.006   0.000   0.000   0.000 817020500
13.10   5.42   51.664
13.10   1.00    0.063    0.002
13.10   1.00    0.065   49.697
13.10   1.00    0.062    0.172   0.065   0.170
13.10   1.00    0.063    0.170   0.065   0.169

13.11   0.00    0.170    0.169   0.032   0.036   0.007   0.006   0.082   0.006   0.000   0.000   0.000 817644200
13.11   5.41   51.656
13.11   1.00    0.063    0.002
13.11   1.00    0.065   49.684
13.11   1.00    0.062    0.172   0.065   0.170
13.11   1.00    0.062    0.170   0.065   0.169

13.12   0.00    0.170    0.169   0.032   0.036   0.007   0.006   0.082   0.006   0.000   0.000   0.000 818267900
13.12   5.41   51.647
13.12   1.00    0.063    0.002
13.12   1.00    0.065   49.672
13.12   1.00    0.062    0.172   0.065   0.170
13.12   1.00    0.062    0.170   0.065   0.169

13.13   0.00    0.170    0.169   0.032   0.036   0.007   0.006   0.082   0.006   0.000   0.000   0.000 818891600
13.13   5.41   51.639
13.13   1.00    0.063    0.002
13.13   1.00    0.065   49.659
13.13   1.00    0.062    0.172   0.065   0.170
13.13   1.00    0.062    0.170   0.065   0.169

13.14   0.00    0.170    0.169   0.032   0.036   0.007   0.006   0.082   0.006   0.000   0.000   0.000 819515300
13.14   5.41   51.631
13.14   1.00    0.063    0.002
13.14   1.00    0.065   49.646
13.14   1.00    0.062    0.172   0.065   0.170
13.14   1.00    0.062    0.170   0.065   0.169

13.15   0.00    0.170    0.169   0.032   0.036   0.007   0.006   0.082   0.006   0.000   0.000   0.000 820138900
13.15   5.40   51.623
13.15   1.00    0.063    0.002
13.15   1.00    0.065   49.634
13.15   1.00    0.062    0.172   0.065   0.170
13.15   1.00    0.062    0.170   0.065   0.169

13.16   0.00    0.170    0.169   0.032   0.036   0.007   0.006   0.082   0.006   0.000   0.000   0.000 820762600
13.16   5.40   51.614
13.16   1.00    0.063    0.002
13.16   1.00    0.065   49.621
13.16   1.00    0.062    0.171   0.065   0.170
13.16   1.00    0.062    0.170   0.065   0.169

13.17   0.00    0.170    0.169   0.032   0.036   0.007   0.006   0.082   0.006   0.000   0.000   0.000 821386300
13.17   5.40   51.606
13.17   1.00    0.063    0.002
13.17   1.00    0.065   49.609
13.17   1.00    0.062    0.171   0.065   0.170
13.17   1.00    0.062    0.170   0.065   0.169

13.18   0.00    0.170    0.169   0.032   0.036   0.007   0.006   0.082   0.006   0.000   0.000   0.000 822010000
13.18   5.40   51.598
13.18   1.00    0.063    0.002
13.18   1.00    0.065   49.596
13.18   1.00    0.062    0.171   0.065   0.170
13.18   1.00    0.062    0.170   0.065   0.169

13.19   0.00    0.170    0.169   0.032   0.036   0.007   0.006   0.082   0.006   0.000   0.000   0.000 822633600
13.19   5.40   51.590
13.19   1.00    0.063    0.002
13.19   1.00    0.065   49.583
13.19   1.00    0.062    0.171   0.065   0.170
13.19   1.00    0.062    0.170   0.065   0.169

13.20   0.00    0.170    0.169   0.032   0.036   0.007   0.006   0.082   0.006   0.000   0.000   0.000 823257300
13.20   5.39   51.582
13.20   1.00    0.063    0.002
13.20   1.00    0.065   49.571
13.20   1.00    0.062    0.171   0.065   0.170
13.20   1.00    0.062    0.170   0.065   0.169

13.21   0.00    0.170    0.169   0.032   0.036   0.007   0.006   0.082   0.006   0.000   0.000   0.000 823881000
13.21   5.39   51.574
13.21   1.00    0.063    0.002
13.21   1.00    0.065   49.558
13.21   1.00    0.062    0.171   0.065   0.170
13.21   1.00    0.062    0.170   0.065   0.169

13.22   0.00    0.170    0.169   0.032   0.036   0.007   0.006   0.082   0.006   0.000   0.000   0.000 824504700
13.22   5.39   51.565
13.22   1.00    0.063    0.002
13.22   1.00    0.065   49.546
13.22   1.00    0.062    0.171   0.065   0.170
13.22   1.00    0.062    0.170   0.065   0.169

13.23   0.00    0.170    0.169   0.032   0.036   0.007   0.006   0.082   0.006   0.000   0.000   0.000 825128300
13.23   5.39   51.557
13.23   1.00    0.063    0.002
13.23   1.00    0.065   49.533
13.23   1.00    0.062    0.171   0.065   0.170
13.23   1.00    0.062    0.170   0.065   0.169

13.24   0.00    0.170    0.169   0.032   0.036   0.007   0.006   0.082   0.006   0.000   0.000   0.000 825752100
13.24   5.39   51.549
13.24   1.00    0.063    0.002
13.24   1.00    0.065   49.521
13.24   1.00    0.062    0.171   0.065   0.170
13.24   1.00    0.062    0.170   0.065   0.169

13.25   0.00    0.170    0.169   0.032   0.036   0.007   0.006   0.082   0.006   0.000   0.000   0.000 826375700
13.25   5.38   51.541
13.25   1.00    0.063    0.002
13.25   1.00    0.065   49.508
13.25   1.00    0.062    0.171   0.065   0.170
13.25   1.00    0.062    0.170   0.065   0.169

13.26   0.00    0.170    0.169   0.032   0.036   0.007   0.006   0.082   0.006   0.000   0.000   0.000 826999400
13.26   5.38   51.533
13.26   1.00    0.063    0.002
13.26   1.00    0.065   49.496
13.26   1.00    0.062    0.171   0.065   0.170
13.26   1.00    0.062    0.170   0.065   0.169

13.27   0.00    0.170    0.169   0.032   0.036   0.007   0.006   0.082   0.006   0.000   0.000   0.000 827623100
13.27   5.38   51.525
13.27   1.00    0.063    0.002
13.27   1.00    0.065   49.483
13.27   1.00    0.062    0.171   0.065   0.170
13.27   1.00    0.062    0.170   0.065   0.169

13.28   0.00    0.170    0.169   0.032   0.036   0.007   0.006   0.082   0.006   0.000   0.000   0.000 828246800
13.28   5.38   51.516
13.28   1.00    0.063    0.002
13.28   1.00    0.065   49.471
13.28   1.00    0.062    0.171   0.065   0.170
13.28   1.00    0.062    0.170   0.065   0.169

13.29   0.00    0.170    0.168   0.032   0.036   0.007   0.006   0.082   0.006   0.000   0.000   0.000 828870500
13.29   5.38   51.508
13.29   1.00    0.063    0.002
13.29   1.00    0.065   49.458
13.29   1.00    0.062    0.171   0.065   0.170
13.29   1.00    0.062    0.170   0.065   0.169

13.30   0.00    0.170    0.168   0.032   0.036   0.007   0.006   0.082   0.006   0.000   0.000   0.000 829494100
13.30   5.37   51.500
13.30   1.00    0.063    0.002
13.30   1.00    0.065   49.446
13.30   1.00    0.062    0.171   0.065   0.170
13.30   1.00    0.062    0.170   0.065   0.169

13.31   0.00    0.170    0.168   0.032   0.036   0.007   0.006   0.082   0.006   0.000   0.000   0.000 830117800
13.31   5.37   51.492
13.31   1.00    0.063    0.002
13.31   1.00    0.065   49.433
13.31   1.00    0.062    0.171   0.065   0.170
13.31   1.00    0.062    0.170   0.065   0.169

13.32   0.00    0.170    0.168   0.032   0.036   0.007   0.006   0.082   0.006   0.000   0.000   0.000 830741500
13.32   5.37   51.484
13.32   1.00    0.063    0.002
13.32   1.00    0.065   49.421
13.32   1.00    0.062    0.171   0.065   0.170
13.32   1.00    0.062    0.170   0.065   0.169

13.33   0.00    0.170    0.168   0.032   0.036   0.007   0.006   0.082   0.006   0.000   0.000   0.000 831365200
13.33   5.37   51.476
13.33   1.00    0.063    0.002
13.33   1.00    0.065   49.408
13.33   1.00    0.062    0.171   0.065   0.170
13.33   1.00    0.062    0.170   0.065   0.169

13.34   0.00    0.170    0.168   0.032   0.036   0.007   0.006   0.082   0.006   0.000   0.000   0.000 831988900
13.34   5.37   51.468
13.34   1.00    0.063    0.002
13.34   1.00    0.065   49.396
13.34   1.00    0.062    0.171   0.065   0.170
13.34   1.00    0.062    0.170   0.065   0.169

13.35   0.00    0.170    0.168   0.032   0.036   0.007   0.006   0.082   0.006   0.000   0.000   0.000 832612500
13.35   5.36   51.460
13.35   1.00    0.063    0.002
13.35   1.00    0.065   49.383
13.35   1.00    0.062    0.171   0.065   0.170
13.35   1.00    0.062    0.170   0.065   0.168

13.36   0.00    0.170    0.168   0.032   0.036   0.007   0.006   0.082   0.006   0.000   0.000   0.000 833236200
13.36   5.36   51.452
13.36   1.00    0.063    0.002
13.36   1.00    0.065   49.371
13.36   1.00    0.062    0.171   0.065   0.170
13.36   1.00    0.062    0.170   0.065   0.168

13.37   0.00    0.170    0.168   0.032   0.036   0.007   0.006   0.082   0.006   0.000   0.000   0.000 833859900
13.37   5.36   51.444
13.37   1.00    0.063    0.002
13.37   1.00    0.065   49.359
13.37   1.00    0.062    0.171   0.065   0.170
13.37   1.00    0.062    0.170   0.065   0.168

13.38   0.00    0.170    0.168   0.032   0.036   0.007   0.006   0.082   0.006   0.000   0.000   0.000 834483600
13.38   5.36   51.436
13.38   1.00    0.063    0.002
13.38   1.00    0.065   49.346
13.38   1.00    0.062    0.171   0.065   0.170
13.38   1.00    0.062    0.170   0.065   0.168

13.39   0.00    0.170    0.168   0.032   0.036   0.007   0.006   0.082   0.006   0.000   0.000   0.000 835107300
13.39   5.36   51.428
13.39   1.00    0.063    0.002
13.39   1.00    0.065   49.334
13.39   1.00    0.062    0.171   0.065   0.170
13.39   1.00    0.062    0.170   0.065   0.168

13.40   0.00    0.170    0.168   0.032   0.036   0.007   0.006   0.082   0.006   0.000   0.000   0.000 835730900
13.40   5.35   51.419
13.40   1.00    0.063    0.002
13.40   1.00    0.065   49.321
13.40   1.00    0.062    0.171   0.065   0.170
13.40   1.00    0.062    0.170   0.065   0.168

13.41   0.00    0.170    0.168   0.032   0.036   0.007   0.006   0.082   0.006   0.000   0.000   0.000 836354600
13.41   5.35   51.411
13.41   1.00    0.063    0.002
13.41   1.00    0.064   49.309
13.41   1.00    0.061    0.171   0.064   0.170
13.41   1.00    0.062    0.170   0.064   0.168

13.42   0.00    0.170    0.168   0.032   0.036   0.007   0.006   0.082   0.006   0.000   0.000   0.000 836978300
13.42   5.35   51.403
13.42   1.00    0.063    0.002
13.42   1.00    0.064   49.296
13.42   1.00    0.061    0.171   0.064   0.170
13.42   1.00    0.061    0.170   0.064   0.168

13.43   0.00    0.170    0.168   0.032   0.036   0.007   0.006   0.082   0.006   0.000   0.000   0.000 837602000
13.43   5.35   51.395
13.43   1.00    0.062    0.002
13.43   1.00    0.064   49.284
13.43   1.00    0.061    0.171   0.064   0.170
13.43   1.00    0.061    0.170   0.064   0.168

13.44   0.00    0.170    0.168   0.032   0.036   0.007   0.006   0.082   0.006   0.000   0.000   0.000 838225600
13.44   5.35   51.387
13.44   1.00    0.062    0.002
13.44   1.00    0.064   49.272
13.44   1.00    0.061    0.171   0.064   0.170
13.44   1.00    0.061    0.170   0.064   0.168

13.45   0.00    0.170    0.168   0.032   0.036   0.007   0.006   0.082   0.006   0.000   0.000   0.000 838849300
13.45   5.34   51.379
13.45   1.00    0.062    0.002
13.45   1.00    0.064   49.259
13.45   1.00    0.061    0.171   0.064   0.170
13.45   1.00    0.061    0.170   0.064   0.168

13.46   0.00    0.170    0.168   0.032   0.036   0.007   0.006   0.082   0.006   0.000   0.000   0.000 839473000
13.46   5.34   51.371
13.46   1.00    0.062    0.002
13.46   1.00    0.064   49.247
13.46   1.00    0.061    0.171   0.064   0.170
13.46   1.00    0.061    0.170   0.064   0.168

13.47   0.00    0.170    0.168   0.032   0.036   0.007   0.006   0.082   0.006   0.000   0.000   0.000 840096700
13.47   5.34   51.363
13.47   1.00    0.062    0.002
13.47   1.00    0.064   49.234
13.47   1.00    0.061    0.171   0.064   0.170
13.47   1.00    0.061    0.169   0.064   0.168

13.48   0.00    0.170    0.168   0.032   0.036   0.007   0.006   0.082   0.006   0.000   0.000   0.000 840720300
13.48   5.34   51.355
13.48   1.00    0.062    0.002
13.48   1.00    0.064   49.222
13.48   1.00    0.061    0.171   0.064   0.170
13.48   1.00    0.061    0.169   0.064   0.168

13.49   0.00    0.170    0.168   0.032   0.036   0.007   0.006   0.082   0.006   0.000   0.000   0.000 841344100
13.49   5.34   51.347
13.49   1.00    0.062    0.002
13.49   1.00    0.064   49.210
13.49   1.00    0.061    0.171   0.064   0.170
13.49   1.00    0.061    0.169   0.064   0.168

13.50   0.00    0.170    0.168   0.032   0.036   0.007   0.006   0.082   0.006   0.000   0.000   0.000 841967700
13.50   5.33   51.339
13.50   1.00    0.062    0.002
13.50   1.00    0.064   49.197
13.50   1.00    0.061    0.171   0.064   0.170
13.50   1.00    0.061    0.169   0.064   0.168

13.51   0.00    0.170    0.168   0.032   0.036   0.007   0.006   0.082   0.006   0.000   0.000   0.000 842591400
13.51   5.33   51.331
13.51   1.00    0.062    0.002
13.51   1.00    0.064   49.185
13.51   1.00    0.061    0.171   0.064   0.170
13.51   1.00    0.061    0.169   0.064   0.168

13.52   0.00    0.170    0.168   0.032   0.036   0.007   0.006   0.082   0.006   0.000   0.000   0.000 843215100
13.52   5.33   51.323
13.52   1.00    0.062    0.002
13.52   1.00    0.064   49.173
13.52   1.00    0.061    0.171   0.064   0.170
13.52   1.00    0.061    0.169   0.064   0.168

13.53   0.00    0.170    0.168   0.032   0.036   0.007   0.006   0.082   0.006   0.000   0.000   0.000 843838700
13.53   5.33   51.316
13.53   1.00    0.062    0.002
13.53   1.00    0.064   49.160
13.53   1.00    0.061    0.171   0.064   0.170
13.53   1.00    0.061    0.169   0.064   0.168

13.54   0.00    0.170    0.168   0.032   0.036   0.007   0.006   0.082   0.006   0.000   0.000   0.000 844462500
13.54   5.33   51.308
13.54   1.00    0.062    0.002
13.54   1.00    0.064   49.148
13.54   1.00    0.061    0.171   0.064   0.170
13.54   1.00    0.061    0.169   0.064   0.168

13.55   0.00    0.170    0.168   0.032   0.036   0.007   0.006   0.082   0.006   0.000   0.000   0.000 845086100
13.55   5.32   51.300
13.55   1.00    0.062    0.002
13.55   1.00    0.064   49.136
13.55   1.00    0.061    0.171   0.064   0.170
13.55   1.00    0.061    0.169   0.064   0.168

13.56   0.00    0.170    0.168   0.032   0.036   0.007   0.006   0.082   0.006   0.000   0.000   0.000 845709800
13.56   5.32   51.292
13.56   1.00    0.062    0.002
13.56   1.00    0.064   49.123
13.56   1.00    0.061    0.171   0.064   0.170
13.56   1.00    0.061    0.169   0.064   0.168

13.57   0.00    0.170    0.168   0.032   0.036   0.007   0.006   0.082   0.006   0.000   0.000   0.000 846333400
13.57   5.32   51.284
13.57   1.00    0.062    0.002
13.57   1.00    0.064   49.111
13.57   1.00    0.061    0.171   0.064   0.170
13.57   1.00    0.061    0.169   0.064   0.168

13.58   0.00    0.170    0.168   0.032   0.036   0.007   0.006   0.082   0.006   0.000   0.000   0.000 846957200
13.58   5.32   51.276
13.58   1.00    0.062    0.002
13.58   1.00    0.064   49.099
13.58   1.00    0.061    0.171   0.064   0.170
13.58   1.00    0.061    0.169   0.064   0.168

13.59   0.00    0.170    0.168   0.032   0.036   0.007   0.006   0.082   0.006   0.000   0.000   0.000 847580900
13.59   5.32   51.268
13.59   1.00    0.062    0.002
13.59   1.00    0.064   49.086
13.59   1.00    0.061    0.171   0.064   0.170
13.59   1.00    0.061    0.169   0.064   0.168

13.60   0.00    0.170    0.168   0.032   0.036   0.007   0.006   0.082   0.006   0.000   0.000   0.000 848204500
13.60   5.31   51.260
13.60   1.00    0.062    0.002
13.60   1.00    0.064   49.074
13.60   1.00    0.061    0.171   0.064   0.170
13.60   1.00    0.061    0.169   0.064   0.168

13.61   0.00    0.170    0.168   0.032   0.036   0.007   0.006   0.082   0.006   0.000   0.000   0.000 848828200
13.61   5.31   51.252
13.61   1.00    0.062    0.002
13.61   1.00    0.064   49.062
13.61   1.00    0.061    0.171   0.064   0.170
13.61   1.00    0.061    0.169   0.064   0.168

13.62   0.00    0.170    0.168   0.032   0.036   0.007   0.006   0.082   0.006   0.000   0.000   0.000 849451900
13.62   5.31   51.244
13.62   1.00    0.062    0.002
13.62   1.00    0.064   49.050
13.62   1.00    0.061    0.171   0.064   0.170
13.62   1.00    0.061    0.169   0.064   0.168

13.63   0.00    0.170    0.168   0.032   0.036   0.007   0.006   0.082   0.006   0.000   0.000   0.000 850075600
13.63   5.31   51.236
13.63   1.00    0.062    0.002
13.63   1.00    0.064   49.037
13.63   1.00    0.061    0.171   0.064   0.170
13.63   1.00    0.061    0.169   0.064   0.168

13.64   0.00    0.170    0.168   0.032   0.036   0.007   0.006   0.082   0.006   0.000   0.000   0.000 850699300
13.64   5.31   51.228
13.64   1.00    0.062    0.002
13.64   1.00    0.064   49.025
13.64   1.00    0.061    0.171   0.064   0.170
13.64   1.00    0.061    0.169   0.064   0.168

13.65   0.00    0.170    0.168   0.032   0.036   0.007   0.006   0.082   0.006   0.000   0.000   0.000 851322900
13.65   5.30   51.221
13.65   1.00    0.062    0.002
13.65   1.00    0.064   49.013
13.65   1.00    0.061    0.171   0.064   0.170
13.65   1.00    0.061    0.169   0.064   0.168

13.66   0.00    0.170    0.168   0.032   0.036   0.007   0.006   0.082   0.006   0.000   0.000   0.000 851946600
13.66   5.30   51.213
13.66   1.00    0.062    0.002
13.66   1.00    0.064   49.000
13.66   1.00    0.061    0.171   0.064   0.170
13.66   1.00    0.061    0.169   0.064   0.168

13.67   0.00    0.170    0.168   0.032   0.036   0.007   0.006   0.082   0.006   0.000   0.000   0.000 852570300
13.67   5.30   51.205
13.67   1.00    0.062    0.002
13.67   1.00    0.064   48.988
13.67   1.00    0.061    0.171   0.064   0.170
13.67   1.00    0.061    0.169   0.064   0.168

13.68   0.00    0.170    0.168   0.032   0.036   0.007   0.006   0.082   0.006   0.000   0.000   0.000 853194000
13.68   5.30   51.197
13.68   1.00    0.062    0.002
13.68   1.00    0.064   48.976
13.68   1.00    0.061    0.171   0.064   0.170
13.68   1.00    0.061    0.169   0.064   0.168

13.69   0.00    0.170    0.168   0.032   0.036   0.007   0.006   0.082   0.006   0.000   0.000   0.000 853817600
13.69   5.30   51.189
13.69   1.00    0.062    0.002
13.69   1.00    0.064   48.964
13.69   1.00    0.061    0.171   0.064   0.170
13.69   1.00    0.061    0.169   0.064   0.168

13.70   0.00    0.170    0.168   0.032   0.036   0.007   0.006   0.082   0.006   0.000   0.000   0.000 854441300
13.70   5.29   51.181
13.70   1.00    0.062    0.002
13.70   1.00    0.064   48.951
13.70   1.00    0.061    0.171   0.064   0.170
13.70   1.00    0.061    0.169   0.064   0.168

13.71   0.00    0.170    0.168   0.032   0.036   0.007   0.006   0.082   0.006   0.000   0.000   0.000 855065000
13.71   5.29   51.173
13.71   1.00    0.062    0.002
13.71   1.00    0.064   48.939
13.71   1.00    0.061    0.171   0.064   0.170
13.71   1.00    0.061    0.169   0.064   0.168

13.72   0.00    0.170    0.168   0.032   0.036   0.007   0.006   0.082   0.006   0.000   0.000   0.000 855688700
13.72   5.29   51.166
13.72   1.00    0.062    0.002
13.72   1.00    0.064   48.927
13.72   1.00    0.061    0.171   0.064   0.170
13.72   1.00    0.061    0.169   0.064   0.168

13.73   0.00    0.170    0.168   0.032   0.036   0.007   0.006   0.082   0.006   0.000   0.000   0.000 856312300
13.73   5.29   51.158
13.73   1.00    0.062    0.002
13.73   1.00    0.063   48.915
13.73   1.00    0.061    0.171   0.063   0.170
13.73   1.00    0.061    0.169   0.063   0.168

13.74   0.00    0.170    0.168   0.032   0.036   0.007   0.006   0.082   0.006   0.000   0.000   0.000 856936000
13.74   5.29   51.150
13.74   1.00    0.062    0.002
13.74   1.00    0.063   48.903
13.74   1.00    0.060    0.171   0.063   0.170
13.74   1.00    0.061    0.169   0.063   0.168

13.75   0.00    0.170    0.168   0.032   0.036   0.007   0.006   0.082   0.006   0.000   0.000   0.000 857559700
13.75   5.28   51.142
13.75   1.00    0.062    0.002
13.75   1.00    0.063   48.890
13.75   1.00    0.060    0.171   0.063   0.170
13.75   1.00    0.060    0.169   0.063   0.168

13.76   0.00    0.170    0.168   0.032   0.036   0.007   0.006   0.082   0.006   0.000   0.000   0.000 858183400
13.76   5.28   51.134
13.76   1.00    0.062    0.002
13.76   1.00    0.063   48.878
13.76   1.00    0.060    0.171   0.063   0.170
13.76   1.00    0.060    0.169   0.063   0.168

13.77   0.00    0.170    0.168   0.032   0.036   0.007   0.006   0.082   0.006   0.000   0.000   0.000 858807100
13.77   5.28   51.127
13.77   1.00    0.062    0.002
13.77   1.00    0.063   48.866
13.77   1.00    0.060    0.171   0.063   0.170
13.77   1.00    0.060    0.169   0.063   0.168

13.78   0.00    0.170    0.168   0.032   0.036   0.007   0.006   0.082   0.006   0.000   0.000   0.000 859430700
13.78   5.28   51.119
13.78   1.00    0.062    0.002
13.78   1.00    0.063   48.854
13.78   1.00    0.060    0.171   0.063   0.170
13.78   1.00    0.060    0.169   0.063   0.168

13.79   0.00    0.170    0.168   0.032   0.036   0.007   0.006   0.082   0.006   0.000   0.000   0.000 860054500
13.79   5.28   51.111
13.79   1.00    0.062    0.002
13.79   1.00    0.063   48.842
13.79   1.00    0.060    0.171   0.063   0.170
13.79   1.00    0.060    0.169   0.063   0.168

13.80   0.00    0.170    0.168   0.032   0.036   0.007   0.006   0.082   0.006   0.000   0.000   0.000 860678100
13.80   5.27   51.103
13.80   1.00    0.062    0.002
13.80   1.00    0.063   48.829
13.80   1.00    0.060    0.171   0.063   0.170
13.80   1.00    0.060    0.169   0.063   0.168

13.81   0.00    0.170    0.168   0.032   0.036   0.007   0.006   0.082   0.006   0.000   0.000   0.000 861301800
13.81   5.27   51.095
13.81   1.00    0.062    0.002
13.81   1.00    0.063   48.817
13.81   1.00    0.060    0.171   0.063   0.170
13.81   1.00    0.060    0.169   0.063   0.168

13.82   0.00    0.170    0.168   0.032   0.036   0.007   0.006   0.082   0.006   0.000   0.000   0.000 861925400
13.82   5.27   51.088
13.82   1.00    0.062    0.002
13.82   1.00    0.063   48.805
13.82   1.00    0.060    0.171   0.063   0.170
13.82   1.00    0.060    0.169   0.063   0.168

13.83   0.00    0.170    0.168   0.032   0.036   0.007   0.006   0.082   0.006   0.000   0.000   0.000 862549200
13.83   5.27   51.080
13.83   1.00    0.061    0.002
13.83   1.00    0.063   48.793
13.83   1.00    0.060    0.171   0.063   0.170
13.83   1.00    0.060    0.169   0.063   0.168

13.84   0.00    0.170    0.168   0.032   0.036   0.007   0.006   0.082   0.006   0.000   0.000   0.000 863172900
13.84   5.27   51.072
13.84   1.00    0.061    0.002
13.84   1.00    0.063   48.781
13.84   1.00    0.060    0.171   0.063   0.170
13.84   1.00    0.060    0.169   0.063   0.168

13.85   0.00    0.170    0.168   0.032   0.036   0.007   0.006   0.082   0.006   0.000   0.000   0.000 863796500
13.85   5.27   51.064
13.85   1.00    0.061    0.002
13.85   1.00    0.063   48.769
13.85   1.00    0.060    0.171   0.063   0.170
13.85   1.00    0.060    0.169   0.063   0.168

13.86   0.00    0.170    0.168   0.032   0.036   0.007   0.006   0.082   0.006   0.000   0.000   0.000 864420200
13.86   5.26   51.057
13.86   1.00    0.061    0.002
13.86   1.00    0.063   48.756
13.86   1.00    0.060    0.171   0.063   0.170
13.86   1.00    0.060    0.169   0.063   0.168

13.87   0.00    0.170    0.168   0.032   0.036   0.007   0.006   0.082   0.006   0.000   0.000   0.000 865043900
13.87   5.26   51.049
13.87   1.00    0.061    0.002
13.87   1.00    0.063   48.744
13.87   1.00    0.060    0.171   0.063   0.170
13.87   1.00    0.060    0.169   0.063   0.168

13.88   0.00    0.170    0.168   0.032   0.036   0.007   0.006   0.082   0.006   0.000   0.000   0.000 865667600
13.88   5.26   51.041
13.88   1.00    0.061    0.002
13.88   1.00    0.063   48.732
13.88   1.00    0.060    0.171   0.063   0.170
13.88   1.00    0.060    0.169   0.063   0.168

13.89   0.00    0.170    0.168   0.032   0.036   0.007   0.006   0.082   0.006   0.000   0.000   0.000 866291300
13.89   5.26   51.034
13.89   1.00    0.061    0.002
13.89   1.00    0.063   48.720
13.89   1.00    0.060    0.171   0.063   0.170
13.89   1.00    0.060    0.169   0.063   0.168

13.90   0.00    0.170    0.168   0.032   0.036   0.007   0.006   0.082   0.006   0.000   0.000   0.000 866914900
13.90   5.26   51.026
13.90   1.00    0.061    0.002
13.90   1.00    0.063   48.708
13.90   1.00    0.060    0.171   0.063   0.170
13.90   1.00    0.060    0.169   0.063   0.168

13.91   0.00    0.170    0.168   0.032   0.036   0.007   0.006   0.082   0.006   0.000   0.000   0.000 867538600
13.91   5.25   51.018
13.91   1.00    0.061    0.002
13.91   1.00    0.063   48.696
13.91   1.00    0.060    0.171   0.063   0.170
13.91   1.00    0.060    0.169   0.063   0.168

13.92   0.00    0.170    0.168   0.032   0.036   0.007   0.006   0.082   0.006   0.000   0.000   0.000 868162300
13.92   5.25   51.010
13.92   1.00    0.061    0.002
13.92   1.00    0.063   48.684
13.92   1.00    0.060    0.171   0.063   0.170
13.92   1.00    0.060    0.169   0.063   0.168

13.93   0.00    0.170    0.168   0.032   0.036   0.007   0.006   0.082   0.006   0.000   0.000   0.000 868786000
13.93   5.25   51.003
13.93   1.00    0.061    0.002
13.93   1.00    0.063   48.672
13.93   1.00    0.060    0.171   0.063   0.170
13.93   1.00    0.060    0.169   0.063   0.168

13.94   0.00    0.170    0.168   0.032   0.036   0.007   0.006   0.082   0.006   0.000   0.000   0.000 869409600
13.94   5.25   50.995
13.94   1.00    0.061    0.002
13.94   1.00    0.063   48.660
13.94   1.00    0.060    0.171   0.063   0.170
13.94   1.00    0.060    0.169   0.063   0.168

13.95   0.00    0.170    0.168   0.032   0.036   0.007   0.006   0.082   0.006   0.000   0.000   0.000 870033300
13.95   5.25   50.987
13.95   1.00    0.061    0.002
13.95   1.00    0.063   48.647
13.95   1.00    0.060    0.171   0.063   0.170
13.95   1.00    0.060    0.169   0.063   0.168

13.96   0.00    0.169    0.168   0.032   0.036   0.007   0.006   0.082   0.006   0.000   0.000   0.000 870657000
13.96   5.24   50.980
13.96   1.00    0.061    0.002
13.96   1.00    0.063   48.635
13.96   1.00    0.060    0.171   0.063   0.170
13.96   1.00    0.060    0.169   0.063   0.168

13.97   0.00    0.169    0.168   0.032   0.036   0.007   0.006   0.082   0.006   0.000   0.000   0.000 871280700
13.97   5.24   50.972
13.97   1.00    0.061    0.002
13.97   1.00    0.063   48.623
13.97   1.00    0.060    0.171   0.063   0.170
13.97   1.00    0.060    0.169   0.063   0.168

13.98   0.00    0.169    0.168   0.032   0.036   0.007   0.006   0.082   0.006   0.000   0.000   0.000 871904300
13.98   5.24   50.964
13.98   1.00    0.061    0.002
13.98   1.00    0.063   48.611
13.98   1.00    0.060    0.171   0.063   0.170
13.98   1.00    0.060    0.169   0.063   0.168

13.99   0.00    0.169    0.168   0.032   0.036   0.007   0.006   0.082   0.006   0.000   0.000   0.000 872528000
13.99   5.24   50.957
13.99   1.00    0.061    0.002
13.99   1.00    0.063   48.599
13.99   1.00    0.060    0.171   0.063   0.170
13.99   1.00    0.060    0.169   0.063   0.168

14.00   0.00    0.169    0.168   0.032   0.036   0.006   0.006   0.082   0.006   0.000   0.000   0.000 873151700
14.00   5.24   50.949
14.00   1.00    0.061    0.002
14.00   1.00    0.063   48.587
14.00   1.00    0.060    0.171   0.063   0.170
14.00   1.00    0.060    0.169   0.063   0.168

14.01   0.00    0.169    0.168   0.032   0.036   0.006   0.006   0.082   0.006   0.000   0.000   0.000 873775400
14.01   5.24   50.941
14.01   1.00    0.061    0.002
14.01   1.00    0.063   48.575
14.01   1.00    0.060    0.171   0.063   0.170
14.01   1.00    0.060    0.169   0.063   0.168

14.02   0.00    0.169    0.168   0.032   0.036   0.006   0.006   0.082   0.006   0.000   0.000   0.000 874399100
14.02   5.23   50.934
14.02   1.00    0.061    0.002
14.02   1.00    0.063   48.563
14.02   1.00    0.060    0.171   0.063   0.169
14.02   1.00    0.060    0.169   0.063   0.168

14.03   0.00    0.169    0.168   0.032   0.036   0.006   0.006   0.082   0.006   0.000   0.000   0.000 875022700
14.03   5.23   50.926
14.03   1.00    0.061    0.002
14.03   1.00    0.063   48.551
14.03   1.00    0.060    0.171   0.063   0.169
14.03   1.00    0.060    0.169   0.063   0.168

14.04   0.00    0.169    0.168   0.032   0.036   0.006   0.006   0.082   0.006   0.000   0.000   0.000 875646500
14.04   5.23   50.919
14.04   1.00    0.061    0.002
14.04   1.00    0.063   48.539
14.04   1.00    0.060    0.171   0.063   0.169
14.04   1.00    0.060    0.169   0.063   0.168

14.05   0.00    0.169    0.168   0.032   0.036   0.006   0.006   0.082   0.006   0.000   0.000   0.000 876270100
14.05   5.23   50.911
14.05   1.00    0.061    0.002
14.05   1.00    0.063   48.527
14.05   1.00    0.060    0.171   0.063   0.169
14.05   1.00    0.060    0.169   0.063   0.168

14.06   0.00    0.169    0.168   0.032   0.036   0.006   0.006   0.082   0.006   0.000   0.000   0.000 876893800
14.06   5.23   50.903
14.06   1.00    0.061    0.002
14.06   1.00    0.062   48.515
14.06   1.00    0.060    0.171   0.062   0.169
14.06   1.00    0.060    0.169   0.062   0.168

14.07   0.00    0.169    0.168   0.032   0.036   0.006   0.006   0.082   0.006   0.000   0.000   0.000 877517400
14.07   5.22   50.896
14.07   1.00    0.061    0.002
14.07   1.00    0.062   48.503
14.07   1.00    0.059    0.171   0.062   0.169
14.07   1.00    0.060    0.169   0.062   0.168

14.08   0.00    0.169    0.168   0.032   0.036   0.006   0.006   0.082   0.006   0.000   0.000   0.000 878141200
14.08   5.22   50.888
14.08   1.00    0.061    0.002
14.08   1.00    0.062   48.491
14.08   1.00    0.059    0.171   0.062   0.169
14.08   1.00    0.059    0.169   0.062   0.168

14.09   0.00    0.169    0.168   0.032   0.036   0.006   0.006   0.082   0.006   0.000   0.000   0.000 878764900
14.09   5.22   50.881
14.09   1.00    0.061    0.002
14.09   1.00    0.062   48.479
14.09   1.00    0.059    0.170   0.062   0.169
14.09   1.00    0.059    0.169   0.062   0.168

14.10   0.00    0.169    0.168   0.032   0.036   0.006   0.006   0.082   0.006   0.000   0.000   0.000 879388500
14.10   5.22   50.873
14.10   1.00    0.061    0.002
14.10   1.00    0.062   48.467
14.10   1.00    0.059    0.170   0.062   0.169
14.10   1.00    0.059    0.169   0.062   0.168

14.11   0.00    0.169    0.168   0.032   0.036   0.006   0.006   0.082   0.006   0.000   0.000   0.000 880012200
14.11   5.22   50.865
14.11   1.00    0.061    0.002
14.11   1.00    0.062   48.455
14.11   1.00    0.059    0.170   0.062   0.169
14.11   1.00    0.059    0.169   0.062   0.168

14.12   0.00    0.169    0.168   0.032   0.036   0.006   0.006   0.082   0.006   0.000   0.000   0.000 880635800
14.12   5.22   50.858
14.12   1.00    0.061    0.002
14.12   1.00    0.062   48.443
14.12   1.00    0.059    0.170   0.062   0.169
14.12   1.00    0.059    0.169   0.062   0.168

14.13   0.00    0.169    0.168   0.032   0.036   0.006   0.006   0.082   0.006   0.000   0.000   0.000 881259600
14.13   5.21   50.850
14.13   1.00    0.061    0.002
14.13   1.00    0.062   48.431
14.13   1.00    0.059    0.170   0.062   0.169
14.13   1.00    0.059    0.169   0.062   0.168

14.14   0.00    0.169    0.168   0.032   0.036   0.006   0.006   0.082   0.006   0.000   0.000   0.000 881883300
14.14   5.21   50.843
14.14   1.00    0.061    0.001
14.14   1.00    0.062   48.419
14.14   1.00    0.059    0.170   0.062   0.169
14.14   1.00    0.059    0.169   0.062   0.168

14.15   0.00    0.169    0.168   0.032   0.036   0.006   0.006   0.082   0.006   0.000   0.000   0.000 882506900
14.15   5.21   50.835
14.15   1.00    0.061    0.001
14.15   1.00    0.062   48.407
14.15   1.00    0.059    0.170   0.062   0.169
14.15   1.00    0.059    0.169   0.062   0.168

14.16   0.00    0.169    0.168   0.032   0.036   0.006   0.006   0.082   0.006   0.000   0.000   0.000 883130600
14.16   5.21   50.828
14.16   1.00    0.061    0.001
14.16   1.00    0.062   48.395
14.16   1.00    0.059    0.170   0.062   0.169
14.16   1.00    0.059    0.169   0.062   0.168

14.17   0.00    0.169    0.168   0.032   0.036   0.006   0.006   0.082   0.006   0.000   0.000   0.000 883754300
14.17   5.21   50.820
14.17   1.00    0.061    0.001
14.17   1.00    0.062   48.383
14.17   1.00    0.059    0.170   0.062   0.169
14.17   1.00    0.059    0.169   0.062   0.168

14.18   0.00    0.169    0.168   0.032   0.036   0.006   0.006   0.082   0.006   0.000   0.000   0.000 884378000
14.18   5.20   50.813
14.18   1.00    0.061    0.001
14.18   1.00    0.062   48.371
14.18   1.00    0.059    0.170   0.062   0.169
14.18   1.00    0.059    0.169   0.062   0.168

14.19   0.00    0.169    0.168   0.032   0.036   0.006   0.006   0.082   0.006   0.000   0.000   0.000 885001600
14.19   5.20   50.805
14.19   1.00    0.061    0.001
14.19   1.00    0.062   48.359
14.19   1.00    0.059    0.170   0.062   0.169
14.19   1.00    0.059    0.169   0.062   0.168

14.20   0.00    0.169    0.168   0.032   0.036   0.006   0.006   0.082   0.006   0.000   0.000   0.000 885625300
14.20   5.20   50.798
14.20   1.00    0.061    0.001
14.20   1.00    0.062   48.347
14.20   1.00    0.059    0.170   0.062   0.169
14.20   1.00    0.059    0.169   0.062   0.168

14.21   0.00    0.169    0.168   0.032   0.036   0.006   0.006   0.082   0.006   0.000   0.000   0.000 886249000
14.21   5.20   50.790
14.21   1.00    0.061    0.001
14.21   1.00    0.062   48.335
14.21   1.00    0.059    0.170   0.062   0.169
14.21   1.00    0.059    0.169   0.062   0.168

14.22   0.00    0.169    0.168   0.032   0.036   0.006   0.006   0.082   0.006   0.000   0.000   0.000 886872700
14.22   5.20   50.783
14.22   1.00    0.061    0.001
14.22   1.00    0.062   48.323
14.22   1.00    0.059    0.170   0.062   0.169
14.22   1.00    0.059    0.169   0.062   0.168

14.23   0.00    0.169    0.168   0.032   0.036   0.006   0.006   0.082   0.006   0.000   0.000   0.000 887496300
14.23   5.20   50.775
14.23   1.00    0.061    0.001
14.23   1.00    0.062   48.311
14.23   1.00    0.059    0.170   0.062   0.169
14.23   1.00    0.059    0.169   0.062   0.168

14.24   0.00    0.169    0.168   0.032   0.036   0.006   0.006   0.082   0.006   0.000   0.000   0.000 888120000
14.24   5.19   50.768
14.24   1.00    0.061    0.001
14.24   1.00    0.062   48.299
14.24   1.00    0.059    0.170   0.062   0.169
14.24   1.00    0.059    0.169   0.062   0.168

14.25   0.00    0.169    0.168   0.032   0.036   0.006   0.006   0.082   0.006   0.000   0.000   0.000 888743700
14.25   5.19   50.760
14.25   1.00    0.060    0.001
14.25   1.00    0.062   48.287
14.25   1.00    0.059    0.170   0.062   0.169
14.25   1.00    0.059    0.169   0.062   0.168

14.26   0.00    0.169    0.168   0.032   0.036   0.006   0.006   0.082   0.006   0.000   0.000   0.000 889367400
14.26   5.19   50.753
14.26   1.00    0.060    0.001
14.26   1.00    0.062   48.276
14.26   1.00    0.059    0.170   0.062   0.169
14.26   1.00    0.059    0.169   0.062   0.168

14.27   0.00    0.169    0.168   0.032   0.036   0.006   0.006   0.082   0.006   0.000   0.000   0.000 889991100
14.27   5.19   50.745
14.27   1.00    0.060    0.001
14.27   1.00    0.062   48.264
14.27   1.00    0.059    0.170   0.062   0.169
14.27   1.00    0.059    0.169   0.062   0.168

14.28   0.00    0.169    0.168   0.032   0.036   0.006   0.006   0.082   0.006   0.000   0.000   0.000 890614700
14.28   5.19   50.738
14.28   1.00    0.060    0.001
14.28   1.00    0.062   48.252
14.28   1.00    0.059    0.170   0.062   0.169
14.28   1.00    0.059    0.169   0.062   0.168

14.29   0.00    0.169    0.168   0.032   0.036   0.006   0.006   0.082   0.006   0.000   0.000   0.000 891238400
14.29   5.18   50.730
14.29   1.00    0.060    0.001
14.29   1.00    0.062   48.240
14.29   1.00    0.059    0.170   0.062   0.169
14.29   1.00    0.059    0.169   0.062   0.168

14.30   0.00    0.169    0.168   0.032   0.036   0.006   0.006   0.082   0.006   0.000   0.000   0.000 891862100
14.30   5.18   50.723
14.30   1.00    0.060    0.001
14.30   1.00    0.062   48.228
14.30   1.00    0.059    0.170   0.062   0.169
14.30   1.00    0.059    0.169   0.062   0.168

14.31   0.00    0.169    0.168   0.032   0.036   0.006   0.006   0.082   0.006   0.000   0.000   0.000 892485800
14.31   5.18   50.715
14.31   1.00    0.060    0.001
14.31   1.00    0.062   48.216
14.31   1.00    0.059    0.170   0.062   0.169
14.31   1.00    0.059    0.169   0.062   0.168

14.32   0.00    0.169    0.168   0.032   0.036   0.006   0.006   0.082   0.006   0.000   0.000   0.000 893109400
14.32   5.18   50.708
14.32   1.00    0.060    0.001
14.32   1.00    0.062   48.204
14.32   1.00    0.059    0.170   0.062   0.169
14.32   1.00    0.059    0.169   0.062   0.168

14.33   0.00    0.169    0.168   0.032   0.036   0.006   0.006   0.082   0.006   0.000   0.000   0.000 893733100
14.33   5.18   50.700
14.33   1.00    0.060    0.001
14.33   1.00    0.062   48.193
14.33   1.00    0.059    0.170   0.062   0.169
14.33   1.00    0.059    0.169   0.062   0.168

14.34   0.00    0.169    0.168   0.032   0.036   0.006   0.006   0.082   0.006   0.000   0.000   0.000 894356900
14.34   5.18   50.693
14.34   1.00    0.060    0.001
14.34   1.00    0.062   48.182
14.34   1.00    0.059    0.170   0.062   0.169
14.34   1.00    0.059    0.169   0.062   0.168

14.35   0.00    0.169    0.168   0.032   0.036   0.006   0.006   0.082   0.006   0.000   0.000   0.000 894980500
14.35   5.17   50.686
14.35   1.00    0.060    0.001
14.35   1.00    0.062   48.170
14.35   1.00    0.059    0.170   0.062   0.169
14.35   1.00    0.059    0.169   0.062   0.168

14.36   0.00    0.169    0.168   0.032   0.036   0.006   0.006   0.082   0.006   0.000   0.000   0.000 895604200
14.36   5.17   50.678
14.36   1.00    0.060    0.001
14.36   1.00    0.062   48.159
14.36   1.00    0.059    0.170   0.062   0.169
14.36   1.00    0.059    0.169   0.062   0.168

14.37   0.00    0.169    0.168   0.032   0.036   0.006   0.006   0.082   0.006   0.000   0.000   0.000 896227800
14.37   5.17   50.671
14.37   1.00    0.060    0.001
14.37   1.00    0.062   48.148
14.37   1.00    0.059    0.170   0.062   0.169
14.37   1.00    0.059    0.169   0.062   0.168

14.38   0.00    0.169    0.168   0.032   0.036   0.006   0.006   0.082   0.006   0.000   0.000   0.000 896851600
14.38   5.17   50.663
14.38   1.00    0.060    0.001
14.38   1.00    0.062   48.137
14.38   1.00    0.059    0.170   0.062   0.169
14.38   1.00    0.059    0.169   0.062   0.168

14.39   0.00    0.169    0.168   0.032   0.036   0.006   0.006   0.082   0.006   0.000   0.000   0.000 897475300
14.39   5.17   50.656
14.39   1.00    0.060    0.001
14.39   1.00    0.062   48.126
14.39   1.00    0.059    0.170   0.062   0.169
14.39   1.00    0.059    0.169   0.062   0.168

14.40   0.00    0.169    0.168   0.032   0.036   0.006   0.006   0.082   0.006   0.000   0.000   0.000 898098900
14.40   5.17   50.649
14.40   1.00    0.060    0.001
14.40   1.00    0.062   48.115
14.40   1.00    0.059    0.170   0.062   0.169
14.40   1.00    0.059    0.169   0.062   0.168

14.41   0.00    0.169    0.168   0.032   0.036   0.006   0.006   0.082   0.006   0.000   0.000   0.000 898722600
14.41   5.16   50.641
14.41   1.00    0.060    0.001
14.41   1.00    0.062   48.104
14.41   1.00    0.059    0.170   0.062   0.169
14.41   1.00    0.059    0.169   0.062   0.168

14.42   0.00    0.169    0.168   0.032   0.036   0.006   0.006   0.082   0.006   0.000   0.000   0.000 899346300
14.42   5.16   50.634
14.42   1.00    0.060    0.001
14.42   1.00    0.061   48.093
14.42   1.00    0.059    0.170   0.061   0.169
14.42   1.00    0.059    0.169   0.061   0.168

14.43   0.00    0.169    0.168   0.032   0.036   0.006   0.006   0.082   0.006   0.000   0.000   0.000 899970000
14.43   5.16   50.626
14.43   1.00    0.060    0.001
14.43   1.00    0.061   48.082
14.43   1.00    0.059    0.170   0.061   0.169
14.43   1.00    0.059    0.169   0.061   0.168

14.44   0.00    0.169    0.168   0.032   0.036   0.006   0.006   0.082   0.006   0.000   0.000   0.000 900593600
14.44   5.16   50.619
14.44   1.00    0.060    0.001
14.44   1.00    0.061   48.071
14.44   1.00    0.058    0.170   0.061   0.169
14.44   1.00    0.059    0.169   0.061   0.168

14.45   0.00    0.169    0.168   0.032   0.036   0.006   0.006   0.082   0.006   0.000   0.000   0.000 901217300
14.45   5.16   50.612
14.45   1.00    0.060    0.001
14.45   1.00    0.061   48.060
14.45   1.00    0.058    0.170   0.061   0.169
14.45   1.00    0.058    0.169   0.061   0.168

14.46   0.00    0.169    0.168   0.032   0.036   0.006   0.006   0.082   0.006   0.000   0.000   0.000 901841000
14.46   5.15   50.604
14.46   1.00    0.060    0.001
14.46   1.00    0.061   48.049
14.46   1.00    0.058    0.170   0.061   0.169
14.46   1.00    0.058    0.169   0.061   0.168

14.47   0.00    0.169    0.168   0.032   0.036   0.006   0.006   0.082   0.006   0.000   0.000   0.000 902464700
14.47   5.15   50.597
14.47   1.00    0.060    0.001
14.47   1.00    0.061   48.038
14.47   1.00    0.058    0.170   0.061   0.169
14.47   1.00    0.058    0.169   0.061   0.168

14.48   0.00    0.169    0.168   0.032   0.036   0.006   0.006   0.082   0.006   0.000   0.000   0.000 903088300
14.48   5.15   50.590
14.48   1.00    0.060    0.001
14.48   1.00    0.061   48.027
14.48   1.00    0.058    0.170   0.061   0.169
14.48   1.00    0.058    0.169   0.061   0.168

14.49   0.00    0.169    0.168   0.032   0.036   0.006   0.006   0.082   0.006   0.000   0.000   0.000 903712000
14.49   5.15   50.582
14.49   1.00    0.060    0.001
14.49   1.00    0.061   48.016
14.49   1.00    0.058    0.170   0.061   0.169
14.49   1.00    0.058    0.169   0.061   0.168

14.50   0.00    0.169    0.168   0.032   0.036   0.006   0.006   0.082   0.006   0.000   0.000   0.000 904335700
14.50   5.15   50.575
14.50   1.00    0.060    0.001
14.50   1.00    0.061   48.005
14.50   1.00    0.058    0.170   0.061   0.169
14.50   1.00    0.058    0.169   0.061   0.168

14.51   0.00    0.169    0.168   0.032   0.036   0.006   0.006   0.082   0.006   0.000   0.000   0.000 904959400
14.51   5.15   50.568
14.51   1.00    0.060    0.001
14.51   1.00    0.061   47.994
14.51   1.00    0.058    0.170   0.061   0.169
14.51   1.00    0.058    0.169   0.061   0.168

14.52   0.00    0.169    0.168   0.032   0.036   0.006   0.006   0.082   0.006   0.000   0.000   0.000 905583100
14.52   5.14   50.560
14.52   1.00    0.060    0.001
14.52   1.00    0.061   47.983
14.52   1.00    0.058    0.170   0.061   0.169
14.52   1.00    0.058    0.169   0.061   0.168

14.53   0.00    0.169    0.168   0.032   0.036   0.006   0.006   0.082   0.006   0.000   0.000   0.000 906206700
14.53   5.14   50.553
14.53   1.00    0.060    0.001
14.53   1.00    0.061   47.973
14.53   1.00    0.058    0.170   0.061   0.169
14.53   1.00    0.058    0.169   0.061   0.168

14.54   0.00    0.169    0.168   0.032   0.036   0.006   0.006   0.082   0.006   0.000   0.000   0.000 906830400
14.54   5.14   50.546
14.54   1.00    0.060    0.001
14.54   1.00    0.061   47.962
14.54   1.00    0.058    0.170   0.061   0.169
14.54   1.00    0.058    0.169   0.061   0.168

14.55   0.00    0.169    0.168   0.032   0.036   0.006   0.006   0.082   0.006   0.000   0.000   0.000 907454100
14.55   5.14   50.538
14.55   1.00    0.060    0.001
14.55   1.00    0.061   47.951
14.55   1.00    0.058    0.170   0.061   0.169
14.55   1.00    0.058    0.169   0.061   0.168

14.56   0.00    0.169    0.168   0.032   0.036   0.006   0.006   0.082   0.006   0.000   0.000   0.000 908077800
14.56   5.14   50.531
14.56   1.00    0.060    0.001
14.56   1.00    0.061   47.940
14.56   1.00    0.058    0.170   0.061   0.169
14.56   1.00    0.058    0.169   0.061   0.168

14.57   0.00    0.169    0.168   0.032   0.036   0.006   0.006   0.082   0.006   0.000   0.000   0.000 908701400
14.57   5.14   50.524
14.57   1.00    0.060    0.001
14.57   1.00    0.061   47.929
14.57   1.00    0.058    0.170   0.061   0.169
14.57   1.00    0.058    0.169   0.061   0.168

14.58   0.00    0.169    0.168   0.032   0.036   0.006   0.006   0.082   0.006   0.000   0.000   0.000 909325100
14.58   5.13   50.517
14.58   1.00    0.060    0.001
14.58   1.00    0.061   47.918
14.58   1.00    0.058    0.170   0.061   0.169
14.58   1.00    0.058    0.169   0.061   0.168

14.59   0.00    0.169    0.168   0.032   0.036   0.006   0.006   0.082   0.006   0.000   0.000   0.000 909948900
14.59   5.13   50.509
14.59   1.00    0.060    0.001
14.59   1.00    0.061   47.907
14.59   1.00    0.058    0.170   0.061   0.169
14.59   1.00    0.058    0.169   0.061   0.168

14.60   0.00    0.169    0.168   0.032   0.036   0.006   0.006   0.082   0.006   0.000   0.000   0.000 910572500
14.60   5.13   50.502
14.60   1.00    0.060    0.001
14.60   1.00    0.061   47.896
14.60   1.00    0.058    0.170   0.061   0.169
14.60   1.00    0.058    0.169   0.061   0.168

14.61   0.00    0.169    0.168   0.032   0.036   0.006   0.006   0.082   0.006   0.000   0.000   0.000 911196200
14.61   5.13   50.495
14.61   1.00    0.060    0.001
14.61   1.00    0.061   47.885
14.61   1.00    0.058    0.170   0.061   0.169
14.61   1.00    0.058    0.169   0.061   0.168

14.62   0.00    0.169    0.168   0.032   0.036   0.006   0.006   0.082   0.006   0.000   0.000   0.000 911819800
14.62   5.13   50.487
14.62   1.00    0.060    0.001
14.62   1.00    0.061   47.875
14.62   1.00    0.058    0.170   0.061   0.169
14.62   1.00    0.058    0.169   0.061   0.168

14.63   0.00    0.169    0.167   0.032   0.036   0.006   0.006   0.082   0.006   0.000   0.000   0.000 912443600
14.63   5.13   50.480
14.63   1.00    0.060    0.001
14.63   1.00    0.061   47.864
14.63   1.00    0.058    0.170   0.061   0.169
14.63   1.00    0.058    0.169   0.061   0.168

14.64   0.00    0.169    0.167   0.032   0.036   0.006   0.006   0.082   0.006   0.000   0.000   0.000 913067300
14.64   5.12   50.473
14.64   1.00    0.060    0.001
14.64   1.00    0.061   47.853
14.64   1.00    0.058    0.170   0.061   0.169
14.64   1.00    0.058    0.169   0.061   0.168

14.65   0.00    0.169    0.167   0.032   0.036   0.006   0.006   0.082   0.006   0.000   0.000   0.000 913690900
14.65   5.12   50.466
14.65   1.00    0.060    0.001
14.65   1.00    0.061   47.842
14.65   1.00    0.058    0.170   0.061   0.169
14.65   1.00    0.058    0.169   0.061   0.168

14.66   0.00    0.169    0.167   0.032   0.036   0.006   0.006   0.082   0.006   0.000   0.000   0.000 914314600
14.66   5.12   50.459
14.66   1.00    0.060    0.001
14.66   1.00    0.061   47.831
14.66   1.00    0.058    0.170   0.061   0.169
14.66   1.00    0.058    0.169   0.061   0.168

14.67   0.00    0.169    0.167   0.032   0.036   0.006   0.006   0.082   0.006   0.000   0.000   0.000 914938200
14.67   5.12   50.451
14.67   1.00    0.060    0.001
14.67   1.00    0.061   47.820
14.67   1.00    0.058    0.170   0.061   0.169
14.67   1.00    0.058    0.169   0.061   0.168

14.68   0.00    0.169    0.167   0.032   0.036   0.006   0.006   0.082   0.006   0.000   0.000   0.000 915562000
14.68   5.12   50.444
14.68   1.00    0.060    0.001
14.68   1.00    0.061   47.810
14.68   1.00    0.058    0.170   0.061   0.169
14.68   1.00    0.058    0.169   0.061   0.168

14.69   0.00    0.169    0.167   0.032   0.036   0.006   0.006   0.082   0.006   0.000   0.000   0.000 916185600
14.69   5.12   50.437
14.69   1.00    0.060    0.001
14.69   1.00    0.061   47.799
14.69   1.00    0.058    0.170   0.061   0.169
14.69   1.00    0.058    0.169   0.061   0.168

14.70   0.00    0.169    0.167   0.032   0.036   0.006   0.006   0.082   0.006   0.000   0.000   0.000 916809300
14.70   5.11   50.430
14.70   1.00    0.060    0.001
14.70   1.00    0.061   47.788
14.70   1.00    0.058    0.170   0.061   0.169
14.70   1.00    0.058    0.169   0.061   0.168

14.71   0.00    0.169    0.167   0.032   0.036   0.006   0.006   0.082   0.006   0.000   0.000   0.000 917433000
14.71   5.11   50.422
14.71   1.00    0.059    0.001
14.71   1.00    0.061   47.777
14.71   1.00    0.058    0.170   0.061   0.169
14.71   1.00    0.058    0.169   0.061   0.167

14.72   0.00    0.169    0.167   0.032   0.036   0.006   0.006   0.082   0.006   0.000   0.000   0.000 918056700
14.72   5.11   50.415
14.72   1.00    0.059    0.001
14.72   1.00    0.061   47.766
14.72   1.00    0.058    0.170   0.061   0.169
14.72   1.00    0.058    0.169   0.061   0.167

14.73   0.00    0.169    0.167   0.032   0.036   0.006   0.006   0.082   0.006   0.000   0.000   0.000 918680300
14.73   5.11   50.408
14.73   1.00    0.059    0.001
14.73   1.00    0.061   47.756
14.73   1.00    0.058    0.170   0.061   0.169
14.73   1.00    0.058    0.169   0.061   0.167

14.74   0.00    0.169    0.167   0.032   0.036   0.006   0.006   0.082   0.006   0.000   0.000   0.000 919304000
14.74   5.11   50.401
14.74   1.00    0.059    0.001
14.74   1.00    0.061   47.745
14.74   1.00    0.058    0.170   0.061   0.169
14.74   1.00    0.058    0.169   0.061   0.167

14.75   0.00    0.169    0.167   0.032   0.036   0.006   0.006   0.082   0.006   0.000   0.000   0.000 919927700
14.75   5.11   50.394
14.75   1.00    0.059    0.001
14.75   1.00    0.061   47.734
14.75   1.00    0.058    0.170   0.061   0.169
14.75   1.00    0.058    0.169   0.061   0.167

14.76   0.00    0.169    0.167   0.032   0.036   0.006   0.006   0.082   0.006   0.000   0.000   0.000 920551400
14.76   5.10   50.387
14.76   1.00    0.059    0.001
14.76   1.00    0.061   47.723
14.76   1.00    0.058    0.170   0.061   0.169
14.76   1.00    0.058    0.168   0.061   0.167

14.77   0.00    0.169    0.167   0.032   0.036   0.006   0.006   0.082   0.006   0.000   0.000   0.000 921175100
14.77   5.10   50.379
14.77   1.00    0.059    0.001
14.77   1.00    0.061   47.713
14.77   1.00    0.058    0.170   0.061   0.169
14.77   1.00    0.058    0.168   0.061   0.167

14.78   0.00    0.169    0.167   0.032   0.036   0.006   0.006   0.082   0.006   0.000   0.000   0.000 921798700
14.78   5.10   50.372
14.78   1.00    0.059    0.001
14.78   1.00    0.061   47.702
14.78   1.00    0.058    0.170   0.061   0.169
14.78   1.00    0.058    0.168   0.061   0.167

14.79   0.00    0.169    0.167   0.032   0.036   0.006   0.006   0.082   0.006   0.000   0.000   0.000 922422400
14.79   5.10   50.365
14.79   1.00    0.059    0.001
14.79   1.00    0.061   47.691
14.79   1.00    0.058    0.170   0.061   0.169
14.79   1.00    0.058    0.168   0.061   0.167

14.80   0.00    0.169    0.167   0.032   0.036   0.006   0.006   0.082   0.006   0.000   0.000   0.000 923046100
14.80   5.10   50.358
14.80   1.00    0.059    0.001
14.80   1.00    0.061   47.680
14.80   1.00    0.058    0.170   0.061   0.169
14.80   1.00    0.058    0.168   0.061   0.167

14.81   0.00    0.169    0.167   0.032   0.036   0.006   0.006   0.082   0.006   0.000   0.000   0.000 923669800
14.81   5.10   50.351
14.81   1.00    0.059    0.001
14.81   1.00    0.061   47.670
14.81   1.00    0.058    0.170   0.061   0.169
14.81   1.00    0.058    0.168   0.061   0.167

14.82   0.00    0.169    0.167   0.032   0.036   0.006   0.006   0.082   0.006   0.000   0.000   0.000 924293400
14.82   5.09   50.344
14.82   1.00    0.059    0.001
14.82   1.00    0.061   47.659
14.82   1.00    0.058    0.170   0.061   0.169
14.82   1.00    0.058    0.168   0.061   0.167

14.83   0.00    0.169    0.167   0.032   0.036   0.006   0.006   0.082   0.006   0.000   0.000   0.000 924917100
14.83   5.09   50.337
14.83   1.00    0.059    0.001
14.83   1.00    0.061   47.648
14.83   1.00    0.058    0.170   0.061   0.169
14.83   1.00    0.058    0.168   0.061   0.167

14.84   0.00    0.169    0.167   0.032   0.036   0.006   0.006   0.082   0.006   0.000   0.000   0.000 925540800
14.84   5.09   50.329
14.84   1.00    0.059    0.001
14.84   1.00    0.061   47.638
14.84   1.00    0.058    0.170   0.061   0.169
14.84   1.00    0.058    0.168   0.061   0.167

14.85   0.00    0.169    0.167   0.032   0.036   0.006   0.006   0.082   0.006   0.000   0.000   0.000 926164500
14.85   5.09   50.322
14.85   1.00    0.059    0.001
14.85   1.00    0.061   47.627
14.85   1.00    0.058    0.170   0.061   0.169
14.85   1.00    0.058    0.168   0.061   0.167

14.86   0.00    0.169    0.167   0.032   0.036   0.006   0.006   0.082   0.006   0.000   0.000   0.000 926788200
14.86   5.09   50.315
14.86   1.00    0.059    0.001
14.86   1.00    0.061   47.616
14.86   1.00    0.058    0.170   0.061   0.169
14.86   1.00    0.058    0.168   0.061   0.167

14.87   0.00    0.169    0.167   0.032   0.036   0.006   0.006   0.082   0.006   0.000   0.000   0.000 927411800
14.87   5.09   50.308
14.87   1.00    0.059    0.001
14.87   1.00    0.061   47.606
14.87   1.00    0.058    0.170   0.061   0.169
14.87   1.00    0.058    0.168   0.061   0.167

14.88   0.00    0.169    0.167   0.032   0.036   0.006   0.006   0.082   0.006   0.000   0.000   0.000 928035500
14.88   5.08   50.301
14.88   1.00    0.059    0.001
14.88   1.00    0.061   47.595
14.88   1.00    0.058    0.170   0.061   0.169
14.88   1.00    0.058    0.168   0.061   0.167

14.89   0.00    0.169    0.167   0.032   0.036   0.006   0.006   0.082   0.006   0.000   0.000   0.000 928659300
14.89   5.08   50.294
14.89   1.00    0.059    0.001
14.89   1.00    0.060   47.584
14.89   1.00    0.058    0.170   0.060   0.169
14.89   1.00    0.058    0.168   0.060   0.167

14.90   0.00    0.169    0.167   0.032   0.036   0.006   0.006   0.082   0.006   0.000   0.000   0.000 929282900
14.90   5.08   50.287
14.90   1.00    0.059    0.001
14.90   1.00    0.060   47.574
14.90   1.00    0.058    0.170   0.060   0.169
14.90   1.00    0.058    0.168   0.060   0.167

14.91   0.00    0.169    0.167   0.032   0.036   0.006   0.006   0.082   0.006   0.000   0.000   0.000 929906600
14.91   5.08   50.280
14.91   1.00    0.059    0.001
14.91   1.00    0.060   47.563
14.91   1.00    0.057    0.170   0.060   0.169
14.91   1.00    0.058    0.168   0.060   0.167

14.92   0.00    0.169    0.167   0.032   0.036   0.006   0.006   0.082   0.006   0.000   0.000   0.000 930530200
14.92   5.08   50.273
14.92   1.00    0.059    0.001
14.92   1.00    0.060   47.553
14.92   1.00    0.057    0.170   0.060   0.169
14.92   1.00    0.057    0.168   0.060   0.167

14.93   0.00    0.169    0.167   0.032   0.036   0.006   0.006   0.082   0.006   0.000   0.000   0.000 931154000
14.93   5.08   50.266
14.93   1.00    0.059    0.001
14.93   1.00    0.060   47.542
14.93   1.00    0.057    0.170   0.060   0.169
14.93   1.00    0.057    0.168   0.060   0.167

14.94   0.00    0.169    0.167   0.032   0.036   0.006   0.006   0.082   0.006   0.000   0.000   0.000 931777600
14.94   5.07   50.258
14.94   1.00    0.059    0.001
14.94   1.00    0.060   47.531
14.94   1.00    0.057    0.170   0.060   0.169
14.94   1.00    0.057    0.168   0.060   0.167

14.95   0.00    0.169    0.167   0.032   0.036   0.006   0.006   0.082   0.006   0.000   0.000   0.000 932401300
14.95   5.07   50.251
14.95   1.00    0.059    0.001
14.95   1.00    0.060   47.521
14.95   1.00    0.057    0.170   0.060   0.169
14.95   1.00    0.057    0.168   0.060   0.167

14.96   0.00    0.169    0.167   0.032   0.036   0.006   0.006   0.082   0.006   0.000   0.000   0.000 933025000
14.96   5.07   50.244
14.96   1.00    0.059    0.001
14.96   1.00    0.060   47.510
14.96   1.00    0.057    0.170   0.060   0.169
14.96   1.00    0.057    0.168   0.060   0.167

14.97   0.00    0.169    0.167   0.032   0.036   0.006   0.006   0.082   0.006   0.000   0.000   0.000 933648700
14.97   5.07   50.237
14.97   1.00    0.059    0.001
14.97   1.00    0.060   47.500
14.97   1.00    0.057    0.170   0.060   0.169
14.97   1.00    0.057    0.168   0.060   0.167

14.98   0.00    0.169    0.167   0.032   0.036   0.006   0.006   0.082   0.006   0.000   0.000   0.000 934272300
14.98   5.07   50.230
14.98   1.00    0.059    0.001
14.98   1.00    0.060   47.489
14.98   1.00    0.057    0.170   0.060   0.169
14.98   1.00    0.057    0.168   0.060   0.167

14.99   0.00    0.169    0.167   0.032   0.036   0.006   0.006   0.082   0.006   0.000   0.000   0.000 934896000
14.99   5.07   50.223
14.99   1.00    0.059    0.001
14.99   1.00    0.060   47.478
14.99   1.00    0.057    0.170   0.060   0.169
14.99   1.00    0.057    0.168   0.060   0.167

15.00   0.00    0.169    0.167   0.032   0.036   0.006   0.006   0.082   0.006   0.000   0.000   0.000 935519700
15.00   5.07   50.216
15.00   1.00    0.059    0.001
15.00   1.00    0.060   47.468
15.00   1.00    0.057    0.170   0.060   0.169
15.00   1.00    0.057    0.168   0.060   0.167

15.01   0.00    0.169    0.167   0.032   0.036   0.006   0.006   0.082   0.006   0.000   0.000   0.000 936143400
15.01   5.06   50.209
15.01   1.00    0.059    0.001
15.01   1.00    0.060   47.457
15.01   1.00    0.057    0.170   0.060   0.169
15.01   1.00    0.057    0.168   0.060   0.167

15.02   0.00    0.169    0.167   0.032   0.036   0.006   0.006   0.082   0.006   0.000   0.000   0.000 936767100
15.02   5.06   50.202
15.02   1.00    0.059    0.001
15.02   1.00    0.060   47.447
15.02   1.00    0.057    0.170   0.060   0.169
15.02   1.00    0.057    0.168   0.060   0.167

15.03   0.00    0.169    0.167   0.032   0.036   0.006   0.006   0.082   0.006   0.000   0.000   0.000 937390700
15.03   5.06   50.195
15.03   1.00    0.059    0.001
15.03   1.00    0.060   47.436
15.03   1.00    0.057    0.170   0.060   0.169
15.03   1.00    0.057    0.168   0.060   0.167

15.04   0.00    0.169    0.167   0.032   0.036   0.006   0.006   0.082   0.006   0.000   0.000   0.000 938014400
15.04   5.06   50.188
15.04   1.00    0.059    0.001
15.04   1.00    0.060   47.426
15.04   1.00    0.057    0.170   0.060   0.169
15.04   1.00    0.057    0.168   0.060   0.167

15.05   0.00    0.169    0.167   0.032   0.036   0.006   0.006   0.082   0.006   0.000   0.000   0.000 938638100
15.05   5.06   50.181
15.05   1.00    0.059    0.001
15.05   1.00    0.060   47.415
15.05   1.00    0.057    0.170   0.060   0.169
15.05   1.00    0.057    0.168   0.060   0.167

15.06   0.00    0.169    0.167   0.032   0.036   0.006   0.006   0.082   0.006   0.000   0.000   0.000 939261800
15.06   5.06   50.174
15.06   1.00    0.059    0.001
15.06   1.00    0.060   47.405
15.06   1.00    0.057    0.170   0.060   0.169
15.06   1.00    0.057    0.168   0.060   0.167

15.07   0.00    0.169    0.167   0.032   0.036   0.006   0.006   0.082   0.006   0.000   0.000   0.000 939885400
15.07   5.05   50.167
15.07   1.00    0.059    0.001
15.07   1.00    0.060   47.394
15.07   1.00    0.057    0.170   0.060   0.169
15.07   1.00    0.057    0.168   0.060   0.167

15.08   0.00    0.169    0.167   0.032   0.036   0.006   0.006   0.082   0.006   0.000   0.000   0.000 940509100
15.08   5.05   50.160
15.08   1.00    0.059    0.001
15.08   1.00    0.060   47.384
15.08   1.00    0.057    0.170   0.060   0.169
15.08   1.00    0.057    0.168   0.060   0.167

15.09   0.00    0.169    0.167   0.032   0.036   0.006   0.006   0.082   0.006   0.000   0.000   0.000 941132800
15.09   5.05   50.153
15.09   1.00    0.059    0.001
15.09   1.00    0.060   47.373
15.09   1.00    0.057    0.170   0.060   0.169
15.09   1.00    0.057    0.168   0.060   0.167

15.10   0.00    0.169    0.167   0.032   0.036   0.006   0.006   0.082   0.006   0.000   0.000   0.000 941756500
15.10   5.05   50.146
15.10   1.00    0.059    0.001
15.10   1.00    0.060   47.363
15.10   1.00    0.057    0.170   0.060   0.169
15.10   1.00    0.057    0.168   0.060   0.167

15.11   0.00    0.169    0.167   0.032   0.036   0.006   0.006   0.082   0.006   0.000   0.000   0.000 942380200
15.11   5.05   50.139
15.11   1.00    0.059    0.001
15.11   1.00    0.060   47.352
15.11   1.00    0.057    0.170   0.060   0.169
15.11   1.00    0.057    0.168   0.060   0.167

15.12   0.00    0.169    0.167   0.032   0.036   0.006   0.006   0.082   0.006   0.000   0.000   0.000 943003800
15.12   5.05   50.132
15.12   1.00    0.059    0.001
15.12   1.00    0.060   47.342
15.12   1.00    0.057    0.170   0.060   0.169
15.12   1.00    0.057    0.168   0.060   0.167

15.13   0.00    0.169    0.167   0.032   0.036   0.006   0.006   0.082   0.006   0.000   0.000   0.000 943627500
15.13   5.04   50.125
15.13   1.00    0.059    0.001
15.13   1.00    0.060   47.331
15.13   1.00    0.057    0.170   0.060   0.169
15.13   1.00    0.057    0.168   0.060   0.167

15.14   0.00    0.168    0.167   0.032   0.036   0.006   0.006   0.082   0.006   0.000   0.000   0.000 944251300
15.14   5.04   50.118
15.14   1.00    0.059    0.001
15.14   1.00    0.060   47.321
15.14   1.00    0.057    0.170   0.060   0.169
15.14   1.00    0.057    0.168   0.060   0.167

15.15   0.00    0.168    0.167   0.032   0.036   0.006   0.006   0.082   0.006   0.000   0.000   0.000 944874900
15.15   5.04   50.111
15.15   1.00    0.059    0.001
15.15   1.00    0.060   47.310
15.15   1.00    0.057    0.170   0.060   0.169
15.15   1.00    0.057    0.168   0.060   0.167

15.16   0.00    0.168    0.167   0.032   0.036   0.006   0.006   0.082   0.006   0.000   0.000   0.000 945498600
15.16   5.04   50.105
15.16   1.00    0.059    0.001
15.16   1.00    0.060   47.300
15.16   1.00    0.057    0.170   0.060   0.169
15.16   1.00    0.057    0.168   0.060   0.167

15.17   0.00    0.168    0.167   0.032   0.036   0.006   0.006   0.082   0.006   0.000   0.000   0.000 946122200
15.17   5.04   50.098
15.17   1.00    0.059    0.001
15.17   1.00    0.060   47.289
15.17   1.00    0.057    0.170   0.060   0.169
15.17   1.00    0.057    0.168   0.060   0.167

15.18   0.00    0.168    0.167   0.032   0.036   0.006   0.006   0.082   0.006   0.000   0.000   0.000 946746000
15.18   5.04   50.091
15.18   1.00    0.059    0.001
15.18   1.00    0.060   47.279
15.18   1.00    0.057    0.170   0.060   0.169
15.18   1.00    0.057    0.168   0.060   0.167

15.19   0.00    0.168    0.167   0.032   0.036   0.006   0.006   0.082   0.006   0.000   0.000   0.000 947369600
15.19   5.04   50.084
15.19   1.00    0.058    0.001
15.19   1.00    0.060   47.269
15.19   1.00    0.057    0.170   0.060   0.169
15.19   1.00    0.057    0.168   0.060   0.167

15.20   0.00    0.168    0.167   0.032   0.036   0.006   0.006   0.082   0.006   0.000   0.000   0.000 947993300
15.20   5.03   50.077
15.20   1.00    0.058    0.001
15.20   1.00    0.060   47.258
15.20   1.00    0.057    0.170   0.060   0.169
15.20   1.00    0.057    0.168   0.060   0.167

15.21   0.00    0.168    0.167   0.032   0.036   0.006   0.006   0.082   0.006   0.000   0.000   0.000 948617000
15.21   5.03   50.070
15.21   1.00    0.058    0.001
15.21   1.00    0.060   47.248
15.21   1.00    0.057    0.170   0.060   0.168
15.21   1.00    0.057    0.168   0.060   0.167

15.22   0.00    0.168    0.167   0.032   0.036   0.006   0.006   0.082   0.006   0.000   0.000   0.000 949240600
15.22   5.03   50.063
15.22   1.00    0.058    0.001
15.22   1.00    0.060   47.237
15.22   1.00    0.057    0.170   0.060   0.168
15.22   1.00    0.057    0.168   0.060   0.167

15.23   0.00    0.168    0.167   0.032   0.036   0.006   0.006   0.082   0.006   0.000   0.000   0.000 949864300
15.23   5.03   50.056
15.23   1.00    0.058    0.001
15.23   1.00    0.060   47.227
15.23   1.00    0.057    0.169   0.060   0.168
15.23   1.00    0.057    0.168   0.060   0.167

15.24   0.00    0.168    0.167   0.032   0.036   0.006   0.006   0.082   0.006   0.000   0.000   0.000 950488000
15.24   5.03   50.049
15.24   1.00    0.058    0.001
15.24   1.00    0.060   47.217
15.24   1.00    0.057    0.169   0.060   0.168
15.24   1.00    0.057    0.168   0.060   0.167

15.25   0.00    0.168    0.167   0.032   0.036   0.006   0.006   0.082   0.006   0.000   0.000   0.000 951111700
15.25   5.03   50.042
15.25   1.00    0.058    0.001
15.25   1.00    0.060   47.206
15.25   1.00    0.057    0.169   0.060   0.168
15.25   1.00    0.057    0.168   0.060   0.167

15.26   0.00    0.168    0.167   0.032   0.036   0.006   0.006   0.082   0.006   0.000   0.000   0.000 951735400
15.26   5.02   50.036
15.26   1.00    0.058    0.001
15.26   1.00    0.060   47.196
15.26   1.00    0.057    0.169   0.060   0.168
15.26   1.00    0.057    0.168   0.060   0.167

15.27   0.00    0.168    0.167   0.032   0.036   0.006   0.006   0.082   0.006   0.000   0.000   0.000 952359100
15.27   5.02   50.029
15.27   1.00    0.058    0.001
15.27   1.00    0.060   47.186
15.27   1.00    0.057    0.169   0.060   0.168
15.27   1.00    0.057    0.168   0.060   0.167

15.28   0.00    0.168    0.167   0.032   0.036   0.005   0.006   0.082   0.006   0.000   0.000   0.000 952982700
15.28   5.02   50.022
15.28   1.00    0.058    0.001
15.28   1.00    0.060   47.175
15.28   1.00    0.057    0.169   0.060   0.168
15.28   1.00    0.057    0.168   0.060   0.167

15.29   0.00    0.168    0.167   0.032   0.036   0.005   0.006   0.082   0.006   0.000   0.000   0.000 953606400
15.29   5.02   50.015
15.29   1.00    0.058    0.001
15.29   1.00    0.060   47.165
15.29   1.00    0.057    0.169   0.060   0.168
15.29   1.00    0.057    0.168   0.060   0.167

15.30   0.00    0.168    0.167   0.032   0.036   0.005   0.006   0.082   0.006   0.000   0.000   0.000 954230100
15.30   5.02   50.008
15.30   1.00    0.058    0.001
15.30   1.00    0.060   47.154
15.30   1.00    0.057    0.169   0.060   0.168
15.30   1.00    0.057    0.168   0.060   0.167

15.31   0.00    0.168    0.167   0.032   0.036   0.005   0.006   0.082   0.006   0.000   0.000   0.000 954853800
15.31   5.02   50.001
15.31   1.00    0.058    0.001
15.31   1.00    0.060   47.144
15.31   1.00    0.057    0.169   0.060   0.168
15.31   1.00    0.057    0.168   0.060   0.167

15.32   0.00    0.168    0.167   0.032   0.036   0.005   0.006   0.082   0.006   0.000   0.000   0.000 955477400
15.32   5.02   49.994
15.32   1.00    0.058    0.001
15.32   1.00    0.060   47.134
15.32   1.00    0.057    0.169   0.060   0.168
15.32   1.00    0.057    0.168   0.060   0.167

15.33   0.00    0.168    0.167   0.032   0.036   0.005   0.006   0.082   0.006   0.000   0.000   0.000 956101100
15.33   5.01   49.988
15.33   1.00    0.058    0.001
15.33   1.00    0.060   47.124
15.33   1.00    0.057    0.169   0.060   0.168
15.33   1.00    0.057    0.168   0.060   0.167

15.34   0.00    0.168    0.167   0.032   0.036   0.005   0.006   0.082   0.006   0.000   0.000   0.000 956724800
15.34   5.01   49.981
15.34   1.00    0.058    0.001
15.34   1.00    0.060   47.113
15.34   1.00    0.057    0.169   0.060   0.168
15.34   1.00    0.057    0.168   0.060   0.167

15.35   0.00    0.168    0.167   0.032   0.036   0.005   0.006   0.082   0.006   0.000   0.000   0.000 957348500
15.35   5.01   49.974
15.35   1.00    0.058    0.001
15.35   1.00    0.060   47.103
15.35   1.00    0.057    0.169   0.060   0.168
15.35   1.00    0.057    0.168   0.060   0.167

15.36   0.00    0.168    0.167   0.032   0.036   0.005   0.006   0.082   0.006   0.000   0.000   0.000 957972200
15.36   5.01   49.967
15.36   1.00    0.058    0.001
15.36   1.00    0.060   47.093
15.36   1.00    0.057    0.169   0.060   0.168
15.36   1.00    0.057    0.168   0.060   0.167

15.37   0.00    0.168    0.167   0.032   0.036   0.005   0.006   0.082   0.006   0.000   0.000   0.000 958595800
15.37   5.01   49.960
15.37   1.00    0.058    0.001
15.37   1.00    0.060   47.082
15.37   1.00    0.057    0.169   0.060   0.168
15.37   1.00    0.057    0.168   0.060   0.167

15.38   0.00    0.168    0.167   0.032   0.036   0.005   0.006   0.082   0.006   0.000   0.000   0.000 959219500
15.38   5.01   49.953
15.38   1.00    0.058    0.001
15.38   1.00    0.059   47.072
15.38   1.00    0.057    0.169   0.059   0.168
15.38   1.00    0.057    0.168   0.059   0.167

15.39   0.00    0.168    0.167   0.032   0.036   0.005   0.006   0.082   0.006   0.000   0.000   0.000 959843300
15.39   5.01   49.947
15.39   1.00    0.058    0.001
15.39   1.00    0.059   47.062
15.39   1.00    0.057    0.169   0.059   0.168
15.39   1.00    0.057    0.168   0.059   0.167

15.40   0.00    0.168    0.167   0.032   0.036   0.005   0.006   0.082   0.006   0.000   0.000   0.000 960466900
15.40   5.00   49.940
15.40   1.00    0.058    0.001
15.40   1.00    0.059   47.052
15.40   1.00    0.057    0.169   0.059   0.168
15.40   1.00    0.057    0.168   0.059   0.167

15.41   0.00    0.168    0.167   0.032   0.036   0.005   0.006   0.082   0.006   0.000   0.000   0.000 961090600
15.41   5.00   49.933
15.41   1.00    0.058    0.001
15.41   1.00    0.059   47.041
15.41   1.00    0.056    0.169   0.059   0.168
15.41   1.00    0.057    0.168   0.059   0.167

15.42   0.00    0.168    0.167   0.032   0.036   0.005   0.006   0.082   0.006   0.000   0.000   0.000 961714200
15.42   5.00   49.926
15.42   1.00    0.058    0.001
15.42   1.00    0.059   47.031
15.42   1.00    0.056    0.169   0.059   0.168
15.42   1.00    0.056    0.168   0.059   0.167

15.43   0.00    0.168    0.167   0.032   0.036   0.005   0.006   0.082   0.006   0.000   0.000   0.000 962337900
15.43   5.00   49.919
15.43   1.00    0.058    0.001
15.43   1.00    0.059   47.021
15.43   1.00    0.056    0.169   0.059   0.168
15.43   1.00    0.056    0.168   0.059   0.167

15.44   0.00    0.168    0.167   0.032   0.036   0.005   0.006   0.082   0.006   0.000   0.000   0.000 962961600
15.44   5.00   49.913
15.44   1.00    0.058    0.001
15.44   1.00    0.059   47.011
15.44   1.00    0.056    0.169   0.059   0.168
15.44   1.00    0.056    0.168   0.059   0.167

15.45   0.00    0.168    0.167   0.032   0.036   0.005   0.006   0.082   0.006   0.000   0.000   0.000 963585300
15.45   5.00   49.906
15.45   1.00    0.058    0.001
15.45   1.00    0.059   47.000
15.45   1.00    0.056    0.169   0.059   0.168
15.45   1.00    0.056    0.168   0.059   0.167

15.46   0.00    0.168    0.167   0.032   0.036   0.005   0.006   0.082   0.006   0.000   0.000   0.000 964209000
15.46   4.99   49.899
15.46   1.00    0.058    0.001
15.46   1.00    0.059   46.990
15.46   1.00    0.056    0.169   0.059   0.168
15.46   1.00    0.056    0.168   0.059   0.167

15.47   0.00    0.168    0.167   0.032   0.036   0.005   0.006   0.082   0.006   0.000   0.000   0.000 964832600
15.47   4.99   49.892
15.47   1.00    0.058    0.001
15.47   1.00    0.059   46.980
15.47   1.00    0.056    0.169   0.059   0.168
15.47   1.00    0.056    0.168   0.059   0.167

15.48   0.00    0.168    0.167   0.032   0.036   0.005   0.006   0.082   0.006   0.000   0.000   0.000 965456300
15.48   4.99   49.886
15.48   1.00    0.058    0.001
15.48   1.00    0.059   46.970
15.48   1.00    0.056    0.169   0.059   0.168
15.48   1.00    0.056    0.168   0.059   0.167

15.49   0.00    0.168    0.167   0.032   0.036   0.005   0.006   0.082   0.006   0.000   0.000   0.000 966080000
15.49   4.99   49.879
15.49   1.00    0.058    0.001
15.49   1.00    0.059   46.960
15.49   1.00    0.056    0.169   0.059   0.168
15.49   1.00    0.056    0.168   0.059   0.167

15.50   0.00    0.168    0.167   0.032   0.036   0.005   0.006   0.082   0.006   0.000   0.000   0.000 966703700
15.50   4.99   49.872
15.50   1.00    0.058    0.001
15.50   1.00    0.059   46.949
15.50   1.00    0.056    0.169   0.059   0.168
15.50   1.00    0.056    0.168   0.059   0.167

15.51   0.00    0.168    0.167   0.032   0.036   0.005   0.006   0.082   0.006   0.000   0.000   0.000 967327400
15.51   4.99   49.865
15.51   1.00    0.058    0.001
15.51   1.00    0.059   46.939
15.51   1.00    0.056    0.169   0.059   0.168
15.51   1.00    0.056    0.168   0.059   0.167

15.52   0.00    0.168    0.167   0.032   0.036   0.005   0.006   0.082   0.006   0.000   0.000   0.000 967951100
15.52   4.99   49.859
15.52   1.00    0.058    0.001
15.52   1.00    0.059   46.929
15.52   1.00    0.056    0.169   0.059   0.168
15.52   1.00    0.056    0.168   0.059   0.167

15.53   0.00    0.168    0.167   0.032   0.036   0.005   0.006   0.082   0.006   0.000   0.000   0.000 968574700
15.53   4.98   49.852
15.53   1.00    0.058    0.001
15.53   1.00    0.059   46.919
15.53   1.00    0.056    0.169   0.059   0.168
15.53   1.00    0.056    0.168   0.059   0.167

15.54   0.00    0.168    0.167   0.032   0.036   0.005   0.006   0.082   0.006   0.000   0.000   0.000 969198400
15.54   4.98   49.845
15.54   1.00    0.058    0.001
15.54   1.00    0.059   46.909
15.54   1.00    0.056    0.169   0.059   0.168
15.54   1.00    0.056    0.168   0.059   0.167

15.55   0.00    0.168    0.167   0.032   0.036   0.005   0.006   0.082   0.006   0.000   0.000   0.000 969822100
15.55   4.98   49.839
15.55   1.00    0.058    0.001
15.55   1.00    0.059   46.899
15.55   1.00    0.056    0.169   0.059   0.168
15.55   1.00    0.056    0.168   0.059   0.167

15.56   0.00    0.168    0.167   0.032   0.036   0.005   0.006   0.082   0.006   0.000   0.000   0.000 970445800
15.56   4.98   49.832
15.56   1.00    0.058    0.001
15.56   1.00    0.059   46.888
15.56   1.00    0.056    0.169   0.059   0.168
15.56   1.00    0.056    0.168   0.059   0.167

15.57   0.00    0.168    0.167   0.032   0.036   0.005   0.006   0.082   0.006   0.000   0.000   0.000 971069400
15.57   4.98   49.825
15.57   1.00    0.058    0.001
15.57   1.00    0.059   46.878
15.57   1.00    0.056    0.169   0.059   0.168
15.57   1.00    0.056    0.168   0.059   0.167

15.58   0.00    0.168    0.167   0.032   0.036   0.005   0.006   0.082   0.006   0.000   0.000   0.000 971693100
15.58   4.98   49.818
15.58   1.00    0.058    0.001
15.58   1.00    0.059   46.868
15.58   1.00    0.056    0.169   0.059   0.168
15.58   1.00    0.056    0.168   0.059   0.167

15.59   0.00    0.168    0.167   0.032   0.036   0.005   0.006   0.082   0.006   0.000   0.000   0.000 972316800
15.59   4.98   49.812
15.59   1.00    0.058    0.001
15.59   1.00    0.059   46.858
15.59   1.00    0.056    0.169   0.059   0.168
15.59   1.00    0.056    0.168   0.059   0.167

15.60   0.00    0.168    0.167   0.032   0.036   0.005   0.006   0.082   0.006   0.000   0.000   0.000 972940500
15.60   4.97   49.805
15.60   1.00    0.058    0.001
15.60   1.00    0.059   46.848
15.60   1.00    0.056    0.169   0.059   0.168
15.60   1.00    0.056    0.168   0.059   0.167

15.61   0.00    0.168    0.167   0.032   0.036   0.005   0.006   0.082   0.006   0.000   0.000   0.000 973564200
15.61   4.97   49.798
15.61   1.00    0.058    0.001
15.61   1.00    0.059   46.838
15.61   1.00    0.056    0.169   0.059   0.168
15.61   1.00    0.056    0.168   0.059   0.167

15.62   0.00    0.168    0.167   0.032   0.036   0.005   0.006   0.082   0.006   0.000   0.000   0.000 974187800
15.62   4.97   49.792
15.62   1.00    0.058    0.001
15.62   1.00    0.059   46.828
15.62   1.00    0.056    0.169   0.059   0.168
15.62   1.00    0.056    0.168   0.059   0.167

15.63   0.00    0.168    0.167   0.032   0.036   0.005   0.006   0.082   0.006   0.000   0.000   0.000 974811500
15.63   4.97   49.785
15.63   1.00    0.058    0.001
15.63   1.00    0.059   46.818
15.63   1.00    0.056    0.169   0.059   0.168
15.63   1.00    0.056    0.168   0.059   0.167

15.64   0.00    0.168    0.167   0.032   0.036   0.005   0.006   0.082   0.006   0.000   0.000   0.000 975435200
15.64   4.97   49.778
15.64   1.00    0.058    0.001
15.64   1.00    0.059   46.807
15.64   1.00    0.056    0.169   0.059   0.168
15.64   1.00    0.056    0.168   0.059   0.167

15.65   0.00    0.168    0.167   0.032   0.036   0.005   0.006   0.082   0.006   0.000   0.000   0.000 976058900
15.65   4.97   49.772
15.65   1.00    0.058    0.001
15.65   1.00    0.059   46.797
15.65   1.00    0.056    0.169   0.059   0.168
15.65   1.00    0.056    0.168   0.059   0.167

15.66   0.00    0.168    0.167   0.032   0.036   0.005   0.006   0.082   0.006   0.000   0.000   0.000 976682600
15.66   4.97   49.765
15.66   1.00    0.058    0.001
15.66   1.00    0.059   46.787
15.66   1.00    0.056    0.169   0.059   0.168
15.66   1.00    0.056    0.168   0.059   0.167

15.67   0.00    0.168    0.167   0.032   0.036   0.005   0.006   0.082   0.006   0.000   0.000   0.000 977306200
15.67   4.96   49.758
15.67   1.00    0.058    0.001
15.67   1.00    0.059   46.777
15.67   1.00    0.056    0.169   0.059   0.168
15.67   1.00    0.056    0.168   0.059   0.167

15.68   0.00    0.168    0.167   0.032   0.036   0.005   0.006   0.082   0.006   0.000   0.000   0.000 977929900
15.68   4.96   49.752
15.68   1.00    0.058    0.001
15.68   1.00    0.059   46.767
15.68   1.00    0.056    0.169   0.059   0.168
15.68   1.00    0.056    0.168   0.059   0.167

15.69   0.00    0.168    0.167   0.032   0.036   0.005   0.006   0.082   0.006   0.000   0.000   0.000 978553600
15.69   4.96   49.745
15.69   1.00    0.058    0.001
15.69   1.00    0.059   46.757
15.69   1.00    0.056    0.169   0.059   0.168
15.69   1.00    0.056    0.168   0.059   0.167

15.70   0.00    0.168    0.167   0.032   0.036   0.005   0.006   0.082   0.006   0.000   0.000   0.000 979177300
15.70   4.96   49.738
15.70   1.00    0.057    0.001
15.70   1.00    0.059   46.747
15.70   1.00    0.056    0.169   0.059   0.168
15.70   1.00    0.056    0.168   0.059   0.167

15.71   0.00    0.168    0.167   0.032   0.036   0.005   0.006   0.082   0.006   0.000   0.000   0.000 979801000
15.71   4.96   49.732
15.71   1.00    0.057    0.001
15.71   1.00    0.059   46.737
15.71   1.00    0.056    0.169   0.059   0.168
15.71   1.00    0.056    0.168   0.059   0.167

15.72   0.00    0.168    0.167   0.032   0.036   0.005   0.006   0.082   0.006   0.000   0.000   0.000 980424600
15.72   4.96   49.725
15.72   1.00    0.057    0.001
15.72   1.00    0.059   46.727
15.72   1.00    0.056    0.169   0.059   0.168
15.72   1.00    0.056    0.168   0.059   0.167

15.73   0.00    0.168    0.167   0.032   0.036   0.005   0.006   0.082   0.006   0.000   0.000   0.000 981048300
15.73   4.96   49.719
15.73   1.00    0.057    0.001
15.73   1.00    0.059   46.717
15.73   1.00    0.056    0.169   0.059   0.168
15.73   1.00    0.056    0.168   0.059   0.167

15.74   0.00    0.168    0.167   0.032   0.036   0.005   0.006   0.082   0.006   0.000   0.000   0.000 981672000
15.74   4.95   49.712
15.74   1.00    0.057    0.001
15.74   1.00    0.059   46.707
15.74   1.00    0.056    0.169   0.059   0.168
15.74   1.00    0.056    0.168   0.059   0.167

15.75   0.00    0.168    0.167   0.032   0.036   0.005   0.006   0.082   0.006   0.000   0.000   0.000 982295700
15.75   4.95   49.705
15.75   1.00    0.057    0.001
15.75   1.00    0.059   46.697
15.75   1.00    0.056    0.169   0.059   0.168
15.75   1.00    0.056    0.168   0.059   0.167

15.76   0.00    0.168    0.167   0.032   0.036   0.005   0.006   0.082   0.006   0.000   0.000   0.000 982919400
15.76   4.95   49.699
15.76   1.00    0.057    0.001
15.76   1.00    0.059   46.687
15.76   1.00    0.056    0.169   0.059   0.168
15.76   1.00    0.056    0.168   0.059   0.167

15.77   0.00    0.168    0.167   0.032   0.036   0.005   0.006   0.082   0.006   0.000   0.000   0.000 983543000
15.77   4.95   49.692
15.77   1.00    0.057    0.001
15.77   1.00    0.059   46.677
15.77   1.00    0.056    0.169   0.059   0.168
15.77   1.00    0.056    0.168   0.059   0.167

15.78   0.00    0.168    0.167   0.032   0.036   0.005   0.006   0.082   0.006   0.000   0.000   0.000 984166700
15.78   4.95   49.686
15.78   1.00    0.057    0.001
15.78   1.00    0.059   46.667
15.78   1.00    0.056    0.169   0.059   0.168
15.78   1.00    0.056    0.168   0.059   0.167

15.79   0.00    0.168    0.167   0.032   0.036   0.005   0.006   0.082   0.006   0.000   0.000   0.000 984790400
15.79   4.95   49.679
15.79   1.00    0.057    0.001
15.79   1.00    0.059   46.657
15.79   1.00    0.056    0.169   0.059   0.168
15.79   1.00    0.056    0.168   0.059   0.167

15.80   0.00    0.168    0.167   0.032   0.036   0.005   0.006   0.082   0.006   0.000   0.000   0.000 985414100
15.80   4.95   49.672
15.80   1.00    0.057    0.001
15.80   1.00    0.059   46.647
15.80   1.00    0.056    0.169   0.059   0.168
15.80   1.00    0.056    0.168   0.059   0.167

15.81   0.00    0.168    0.167   0.032   0.036   0.005   0.006   0.082   0.006   0.000   0.000   0.000 986037800
15.81   4.94   49.666
15.81   1.00    0.057    0.001
15.81   1.00    0.059   46.637
15.81   1.00    0.056    0.169   0.059   0.168
15.81   1.00    0.056    0.168   0.059   0.167

15.82   0.00    0.168    0.167   0.032   0.036   0.005   0.006   0.082   0.006   0.000   0.000   0.000 986661400
15.82   4.94   49.659
15.82   1.00    0.057    0.001
15.82   1.00    0.059   46.627
15.82   1.00    0.056    0.169   0.059   0.168
15.82   1.00    0.056    0.168   0.059   0.167

15.83   0.00    0.168    0.167   0.032   0.036   0.005   0.006   0.082   0.006   0.000   0.000   0.000 987285100
15.83   4.94   49.653
15.83   1.00    0.057    0.001
15.83   1.00    0.059   46.617
15.83   1.00    0.056    0.169   0.059   0.168
15.83   1.00    0.056    0.168   0.059   0.167

15.84   0.00    0.168    0.167   0.032   0.036   0.005   0.006   0.082   0.006   0.000   0.000   0.000 987908800
15.84   4.94   49.646
15.84   1.00    0.057    0.001
15.84   1.00    0.059   46.607
15.84   1.00    0.056    0.169   0.059   0.168
15.84   1.00    0.056    0.168   0.059   0.167

15.85   0.00    0.168    0.167   0.032   0.036   0.005   0.006   0.082   0.006   0.000   0.000   0.000 988532500
15.85   4.94   49.640
15.85   1.00    0.057    0.001
15.85   1.00    0.059   46.597
15.85   1.00    0.056    0.169   0.059   0.168
15.85   1.00    0.056    0.168   0.059   0.167

15.86   0.00    0.168    0.167   0.032   0.036   0.005   0.006   0.082   0.006   0.000   0.000   0.000 989156200
15.86   4.94   49.633
15.86   1.00    0.057    0.001
15.86   1.00    0.059   46.587
15.86   1.00    0.056    0.169   0.059   0.168
15.86   1.00    0.056    0.168   0.059   0.167

15.87   0.00    0.168    0.167   0.032   0.036   0.005   0.006   0.082   0.006   0.000   0.000   0.000 989779800
15.87   4.94   49.627
15.87   1.00    0.057    0.001
15.87   1.00    0.059   46.577
15.87   1.00    0.056    0.169   0.059   0.168
15.87   1.00    0.056    0.168   0.059   0.167

15.88   0.00    0.168    0.167   0.032   0.036   0.005   0.006   0.082   0.006   0.000   0.000   0.000 990403500
15.88   4.93   49.620
15.88   1.00    0.057    0.001
15.88   1.00    0.059   46.567
15.88   1.00    0.056    0.169   0.059   0.168
15.88   1.00    0.056    0.168   0.059   0.167

15.89   0.00    0.168    0.167   0.032   0.036   0.005   0.006   0.082   0.006   0.000   0.000   0.000 991027200
15.89   4.93   49.613
15.89   1.00    0.057    0.001
15.89   1.00    0.059   46.558
15.89   1.00    0.056    0.169   0.059   0.168
15.89   1.00    0.056    0.168   0.059   0.167

15.90   0.00    0.168    0.167   0.032   0.036   0.005   0.006   0.082   0.006   0.000   0.000   0.000 991650900
15.90   4.93   49.607
15.90   1.00    0.057    0.001
15.90   1.00    0.058   46.548
15.90   1.00    0.056    0.169   0.058   0.168
15.90   1.00    0.056    0.168   0.058   0.167

15.91   0.00    0.168    0.167   0.032   0.036   0.005   0.006   0.082   0.006   0.000   0.000   0.000 992274600
15.91   4.93   49.600
15.91   1.00    0.057    0.001
15.91   1.00    0.058   46.538
15.91   1.00    0.056    0.169   0.058   0.168
15.91   1.00    0.056    0.168   0.058   0.167

15.92   0.00    0.168    0.167   0.032   0.036   0.005   0.006   0.082   0.006   0.000   0.000   0.000 992898200
15.92   4.93   49.594
15.92   1.00    0.057    0.001
15.92   1.00    0.058   46.528
15.92   1.00    0.056    0.169   0.058   0.168
15.92   1.00    0.056    0.168   0.058   0.167

15.93   0.00    0.168    0.167   0.032   0.036   0.005   0.006   0.082   0.006   0.000   0.000   0.000 993521900
15.93   4.93   49.587
15.93   1.00    0.057    0.001
15.93   1.00    0.058   46.518
15.93   1.00    0.055    0.169   0.058   0.168
15.93   1.00    0.056    0.168   0.058   0.167

15.94   0.00    0.168    0.167   0.032   0.036   0.005   0.006   0.082   0.006   0.000   0.000   0.000 994145600
15.94   4.93   49.581
15.94   1.00    0.057    0.001
15.94   1.00    0.058   46.508
15.94   1.00    0.055    0.169   0.058   0.168
15.94   1.00    0.056    0.168   0.058   0.167

15.95   0.00    0.168    0.167   0.032   0.036   0.005   0.006   0.082   0.006   0.000   0.000   0.000 994769300
15.95   4.92   49.574
15.95   1.00    0.057    0.001
15.95   1.00    0.058   46.498
15.95   1.00    0.055    0.169   0.058   0.168
15.95   1.00    0.055    0.168   0.058   0.167

15.96   0.00    0.168    0.167   0.032   0.036   0.005   0.006   0.082   0.006   0.000   0.000   0.000 995393000
15.96   4.92   49.568
15.96   1.00    0.057    0.001
15.96   1.00    0.058   46.488
15.96   1.00    0.055    0.169   0.058   0.168
15.96   1.00    0.055    0.168   0.058   0.167

15.97   0.00    0.168    0.167   0.032   0.036   0.005   0.006   0.082   0.006   0.000   0.000   0.000 996016600
15.97   4.92   49.561
15.97   1.00    0.057    0.001
15.97   1.00    0.058   46.478
15.97   1.00    0.055    0.169   0.058   0.168
15.97   1.00    0.055    0.168   0.058   0.167

15.98   0.00    0.168    0.167   0.032   0.036   0.005   0.006   0.082   0.006   0.000   0.000   0.000 996640300
15.98   4.92   49.555
15.98   1.00    0.057    0.001
15.98   1.00    0.058   46.469
15.98   1.00    0.055    0.169   0.058   0.168
15.98   1.00    0.055    0.168   0.058   0.167

15.99   0.00    0.168    0.167   0.032   0.036   0.005   0.006   0.082   0.006   0.000   0.000   0.000 997264000
15.99   4.92   49.548
15.99   1.00    0.057    0.001
15.99   1.00    0.058   46.459
15.99   1.00    0.055    0.169   0.058   0.168
15.99   1.00    0.055    0.168   0.058   0.167

16.00   0.00    0.168    0.167   0.032   0.036   0.005   0.006   0.082   0.006   0.000   0.000   0.000 997887700
16.00   4.92   49.542
16.00   1.00    0.057    0.001
16.00   1.00    0.058   46.449
16.00   1.00    0.055    0.169   0.058   0.168
16.00   1.00    0.055    0.168   0.058   0.167

16.01   0.00    0.168    0.167   0.032   0.036   0.005   0.006   0.082   0.006   0.000   0.000   0.000 998511400
16.01   4.92   49.536
16.01   1.00    0.057    0.001
16.01   1.00    0.058   46.439
16.01   1.00    0.055    0.169   0.058   0.168
16.01   1.00    0.055    0.168   0.058   0.167

16.02   0.00    0.168    0.167   0.032   0.036   0.005   0.006   0.082   0.006   0.000   0.000   0.000 999135000
16.02   4.91   49.529
16.02   1.00    0.057    0.001
16.02   1.00    0.058   46.429
16.02   1.00    0.055    0.169   0.058   0.168
16.02   1.00    0.055    0.168   0.058   0.167

16.03   0.00    0.168    0.167   0.032   0.036   0.005   0.006   0.082   0.006   0.000   0.000   0.000 999758800
16.03   4.91   49.523
16.03   1.00    0.057    0.001
16.03   1.00    0.058   46.419
16.03   1.00    0.055    0.169   0.058   0.168
16.03   1.00    0.055    0.168   0.058   0.167

16.04   0.00    0.168    0.167   0.032   0.036   0.005   0.006   0.082   0.006   0.000   0.000   0.000 1000382000
16.04   4.91   49.516
16.04   1.00    0.057    0.001
16.04   1.00    0.058   46.410
16.04   1.00    0.055    0.169   0.058   0.168
16.04   1.00    0.055    0.168   0.058   0.167

16.05   0.00    0.168    0.167   0.032   0.036   0.005   0.006   0.082   0.006   0.000   0.000   0.000 1001006000
16.05   4.91   49.510
16.05   1.00    0.057    0.001
16.05   1.00    0.058   46.400
16.05   1.00    0.055    0.169   0.058   0.168
16.05   1.00    0.055    0.168   0.058   0.167

16.06   0.00    0.168    0.167   0.032   0.036   0.005   0.006   0.082   0.006   0.000   0.000   0.000 1001630000
16.06   4.91   49.503
16.06   1.00    0.057    0.001
16.06   1.00    0.058   46.390
16.06   1.00    0.055    0.169   0.058   0.168
16.06   1.00    0.055    0.168   0.058   0.167

16.07   0.00    0.168    0.167   0.032   0.036   0.005   0.006   0.082   0.006   0.000   0.000   0.000 1002253000
16.07   4.91   49.497
16.07   1.00    0.057    0.001
16.07   1.00    0.058   46.380
16.07   1.00    0.055    0.169   0.058   0.168
16.07   1.00    0.055    0.168   0.058   0.167

16.08   0.00    0.168    0.167   0.032   0.036   0.005   0.006   0.082   0.006   0.000   0.000   0.000 1002877000
16.08   4.91   49.490
16.08   1.00    0.057    0.001
16.08   1.00    0.058   46.370
16.08   1.00    0.055    0.169   0.058   0.168
16.08   1.00    0.055    0.168   0.058   0.167

16.09   0.00    0.168    0.167   0.032   0.036   0.005   0.006   0.082   0.006   0.000   0.000   0.000 1003501000
16.09   4.90   49.484
16.09   1.00    0.057    0.001
16.09   1.00    0.058   46.361
16.09   1.00    0.055    0.169   0.058   0.168
16.09   1.00    0.055    0.168   0.058   0.167

16.10   0.00    0.168    0.167   0.032   0.036   0.005   0.006   0.082   0.006   0.000   0.000   0.000 1004124000
16.10   4.90   49.478
16.10   1.00    0.057    0.001
16.10   1.00    0.058   46.351
16.10   1.00    0.055    0.169   0.058   0.168
16.10   1.00    0.055    0.168   0.058   0.167

16.11   0.00    0.168    0.167   0.032   0.036   0.005   0.006   0.082   0.006   0.000   0.000   0.000 1004748000
16.11   4.90   49.471
16.11   1.00    0.057    0.001
16.11   1.00    0.058   46.341
16.11   1.00    0.055    0.169   0.058   0.168
16.11   1.00    0.055    0.168   0.058   0.167

16.12   0.00    0.168    0.167   0.032   0.036   0.005   0.006   0.082   0.006   0.000   0.000   0.000 1005372000
16.12   4.90   49.465
16.12   1.00    0.057    0.001
16.12   1.00    0.058   46.331
16.12   1.00    0.055    0.169   0.058   0.168
16.12   1.00    0.055    0.168   0.058   0.167

16.13   0.00    0.168    0.167   0.032   0.036   0.005   0.006   0.082   0.006   0.000   0.000   0.000 1005995000
16.13   4.90   49.458
16.13   1.00    0.057    0.001
16.13   1.00    0.058   46.322
16.13   1.00    0.055    0.169   0.058   0.168
16.13   1.00    0.055    0.168   0.058   0.167

16.14   0.00    0.168    0.167   0.032   0.036   0.005   0.006   0.082   0.006   0.000   0.000   0.000 1006619000
16.14   4.90   49.452
16.14   1.00    0.057    0.001
16.14   1.00    0.058   46.312
16.14   1.00    0.055    0.169   0.058   0.168
16.14   1.00    0.055    0.168   0.058   0.167

16.15   0.00    0.168    0.167   0.032   0.036   0.005   0.006   0.082   0.006   0.000   0.000   0.000 1007243000
16.15   4.90   49.446
16.15   1.00    0.057    0.001
16.15   1.00    0.058   46.302
16.15   1.00    0.055    0.169   0.058   0.168
16.15   1.00    0.055    0.168   0.058   0.167

16.16   0.00    0.168    0.167   0.032   0.036   0.005   0.006   0.082   0.006   0.000   0.000   0.000 1007867000
16.16   4.90   49.439
16.16   1.00    0.057    0.001
16.16   1.00    0.058   46.292
16.16   1.00    0.055    0.169   0.058   0.168
16.16   1.00    0.055    0.168   0.058   0.167

16.17   0.00    0.168    0.167   0.032   0.036   0.005   0.006   0.082   0.006   0.000   0.000   0.000 1008490000
16.17   4.89   49.433
16.17   1.00    0.057    0.001
16.17   1.00    0.058   46.283
16.17   1.00    0.055    0.169   0.058   0.168
16.17   1.00    0.055    0.168   0.058   0.167

16.18   0.00    0.168    0.167   0.032   0.036   0.005   0.006   0.082   0.006   0.000   0.000   0.000 1009114000
16.18   4.89   49.426
16.18   1.00    0.057    0.001
16.18   1.00    0.058   46.273
16.18   1.00    0.055    0.169   0.058   0.168
16.18   1.00    0.055    0.168   0.058   0.167

16.19   0.00    0.168    0.167   0.032   0.036   0.005   0.006   0.082   0.006   0.000   0.000   0.000 1009738000
16.19   4.89   49.420
16.19   1.00    0.057    0.001
16.19   1.00    0.058   46.263
16.19   1.00    0.055    0.169   0.058   0.168
16.19   1.00    0.055    0.168   0.058   0.167

16.20   0.00    0.168    0.167   0.032   0.036   0.005   0.006   0.082   0.006   0.000   0.000   0.000 1010361000
16.20   4.89   49.414
16.20   1.00    0.057    0.001
16.20   1.00    0.058   46.254
16.20   1.00    0.055    0.169   0.058   0.168
16.20   1.00    0.055    0.168   0.058   0.167

16.21   0.00    0.168    0.167   0.032   0.036   0.005   0.006   0.082   0.006   0.000   0.000   0.000 1010985000
16.21   4.89   49.407
16.21   1.00    0.057    0.001
16.21   1.00    0.058   46.244
16.21   1.00    0.055    0.169   0.058   0.168
16.21   1.00    0.055    0.168   0.058   0.167

16.22   0.00    0.168    0.167   0.032   0.036   0.005   0.006   0.082   0.006   0.000   0.000   0.000 1011609000
16.22   4.89   49.401
16.22   1.00    0.057    0.001
16.22   1.00    0.058   46.234
16.22   1.00    0.055    0.169   0.058   0.168
16.22   1.00    0.055    0.168   0.058   0.167

16.23   0.00    0.168    0.167   0.032   0.036   0.005   0.006   0.082   0.006   0.000   0.000   0.000 1012232000
16.23   4.89   49.395
16.23   1.00    0.057    0.001
16.23   1.00    0.058   46.224
16.23   1.00    0.055    0.169   0.058   0.168
16.23   1.00    0.055    0.168   0.058   0.167

16.24   0.00    0.168    0.167   0.032   0.036   0.005   0.006   0.082   0.006   0.000   0.000   0.000 1012856000
16.24   4.88   49.388
16.24   1.00    0.056    0.001
16.24   1.00    0.058   46.215
16.24   1.00    0.055    0.169   0.058   0.168
16.24   1.00    0.055    0.168   0.058   0.167

16.25   0.00    0.168    0.167   0.032   0.036   0.005   0.006   0.082   0.006   0.000   0.000   0.000 1013480000
16.25   4.88   49.382
16.25   1.00    0.056    0.001
16.25   1.00    0.058   46.205
16.25   1.00    0.055    0.169   0.058   0.168
16.25   1.00    0.055    0.168   0.058   0.167

16.26   0.00    0.168    0.167   0.032   0.036   0.005   0.006   0.082   0.006   0.000   0.000   0.000 1014103000
16.26   4.88   49.376
16.26   1.00    0.056    0.001
16.26   1.00    0.058   46.195
16.26   1.00    0.055    0.169   0.058   0.168
16.26   1.00    0.055    0.168   0.058   0.167

16.27   0.00    0.168    0.167   0.032   0.036   0.005   0.006   0.082   0.006   0.000   0.000   0.000 1014727000
16.27   4.88   49.369
16.27   1.00    0.056    0.001
16.27   1.00    0.058   46.186
16.27   1.00    0.055    0.169   0.058   0.168
16.27   1.00    0.055    0.168   0.058   0.167

16.28   0.00    0.168    0.167   0.032   0.036   0.005   0.006   0.082   0.006   0.000   0.000   0.000 1015351000
16.28   4.88   49.363
16.28   1.00    0.056    0.001
16.28   1.00    0.058   46.176
16.28   1.00    0.055    0.169   0.058   0.168
16.28   1.00    0.055    0.168   0.058   0.167

16.29   0.00    0.168    0.167   0.032   0.036   0.005   0.006   0.082   0.006   0.000   0.000   0.000 1015974000
16.29   4.88   49.357
16.29   1.00    0.056    0.001
16.29   1.00    0.058   46.166
16.29   1.00    0.055    0.169   0.058   0.168
16.29   1.00    0.055    0.168   0.058   0.167

16.30   0.00    0.168    0.167   0.032   0.036   0.005   0.006   0.082   0.006   0.000   0.000   0.000 1016598000
16.30   4.88   49.350
16.30   1.00    0.056    0.001
16.30   1.00    0.058   46.157
16.30   1.00    0.055    0.169   0.058   0.168
16.30   1.00    0.055    0.168   0.058   0.167

16.31   0.00    0.168    0.167   0.032   0.036   0.005   0.006   0.082   0.006   0.000   0.000   0.000 1017222000
16.31   4.88   49.344
16.31   1.00    0.056    0.001
16.31   1.00    0.058   46.147
16.31   1.00    0.055    0.169   0.058   0.168
16.31   1.00    0.055    0.168   0.058   0.167

16.32   0.00    0.168    0.167   0.032   0.036   0.005   0.006   0.082   0.006   0.000   0.000   0.000 1017845000
16.32   4.87   49.338
16.32   1.00    0.056    0.001
16.32   1.00    0.058   46.138
16.32   1.00    0.055    0.169   0.058   0.168
16.32   1.00    0.055    0.168   0.058   0.167

16.33   0.00    0.168    0.167   0.032   0.036   0.005   0.006   0.082   0.006   0.000   0.000   0.000 1018469000
16.33   4.87   49.331
16.33   1.00    0.056    0.001
16.33   1.00    0.058   46.128
16.33   1.00    0.055    0.169   0.058   0.168
16.33   1.00    0.055    0.168   0.058   0.167

16.34   0.00    0.168    0.167   0.032   0.036   0.005   0.006   0.082   0.006   0.000   0.000   0.000 1019093000
16.34   4.87   49.325
16.34   1.00    0.056    0.001
16.34   1.00    0.058   46.118
16.34   1.00    0.055    0.169   0.058   0.168
16.34   1.00    0.055    0.168   0.058   0.167

16.35   0.00    0.168    0.167   0.032   0.036   0.005   0.006   0.082   0.006   0.000   0.000   0.000 1019716000
16.35   4.87   49.319
16.35   1.00    0.056    0.001
16.35   1.00    0.058   46.109
16.35   1.00    0.055    0.169   0.058   0.168
16.35   1.00    0.055    0.168   0.058   0.167

16.36   0.00    0.168    0.167   0.032   0.036   0.005   0.006   0.082   0.006   0.000   0.000   0.000 1020340000
16.36   4.87   49.313
16.36   1.00    0.056    0.001
16.36   1.00    0.058   46.099
16.36   1.00    0.055    0.169   0.058   0.168
16.36   1.00    0.055    0.168   0.058   0.167

16.37   0.00    0.168    0.167   0.032   0.036   0.005   0.006   0.082   0.006   0.000   0.000   0.000 1020964000
16.37   4.87   49.306
16.37   1.00    0.056    0.001
16.37   1.00    0.058   46.090
16.37   1.00    0.055    0.169   0.058   0.168
16.37   1.00    0.055    0.168   0.058   0.167

16.38   0.00    0.168    0.167   0.032   0.036   0.005   0.006   0.082   0.006   0.000   0.000   0.000 1021587000
16.38   4.87   49.300
16.38   1.00    0.056    0.001
16.38   1.00    0.058   46.080
16.38   1.00    0.055    0.169   0.058   0.168
16.38   1.00    0.055    0.168   0.058   0.167

16.39   0.00    0.168    0.167   0.032   0.036   0.005   0.006   0.082   0.006   0.000   0.000   0.000 1022211000
16.39   4.86   49.294
16.39   1.00    0.056    0.001
16.39   1.00    0.058   46.070
16.39   1.00    0.055    0.169   0.058   0.168
16.39   1.00    0.055    0.168   0.058   0.167

16.40   0.00    0.168    0.167   0.032   0.036   0.005   0.006   0.082   0.006   0.000   0.000   0.000 1022835000
16.40   4.86   49.288
16.40   1.00    0.056    0.001
16.40   1.00    0.058   46.061
16.40   1.00    0.055    0.169   0.058   0.168
16.40   1.00    0.055    0.168   0.058   0.167

16.41   0.00    0.168    0.167   0.032   0.036   0.005   0.006   0.082   0.006   0.000   0.000   0.000 1023459000
16.41   4.86   49.281
16.41   1.00    0.056    0.001
16.41   1.00    0.058   46.051
16.41   1.00    0.055    0.169   0.058   0.168
16.41   1.00    0.055    0.168   0.058   0.167

16.42   0.00    0.168    0.167   0.032   0.036   0.005   0.006   0.082   0.006   0.000   0.000   0.000 1024082000
16.42   4.86   49.275
16.42   1.00    0.056    0.001
16.42   1.00    0.058   46.042
16.42   1.00    0.055    0.169   0.058   0.168
16.42   1.00    0.055    0.168   0.058   0.167

16.43   0.00    0.168    0.167   0.032   0.036   0.005   0.006   0.082   0.006   0.000   0.000   0.000 1024706000
16.43   4.86   49.269
16.43   1.00    0.056    0.001
16.43   1.00    0.058   46.032
16.43   1.00    0.055    0.169   0.058   0.168
16.43   1.00    0.055    0.168   0.058   0.167

16.44   0.00    0.168    0.167   0.032   0.036   0.005   0.006   0.082   0.006   0.000   0.000   0.000 1025330000
16.44   4.86   49.263
16.44   1.00    0.056    0.001
16.44   1.00    0.058   46.023
16.44   1.00    0.055    0.169   0.058   0.168
16.44   1.00    0.055    0.168   0.058   0.167

16.45   0.00    0.168    0.167   0.032   0.036   0.005   0.006   0.082   0.006   0.000   0.000   0.000 1025953000
16.45   4.86   49.256
16.45   1.00    0.056    0.001
16.45   1.00    0.058   46.013
16.45   1.00    0.055    0.169   0.058   0.168
16.45   1.00    0.055    0.168   0.058   0.167

16.46   0.00    0.168    0.166   0.032   0.036   0.005   0.006   0.082   0.006   0.000   0.000   0.000 1026577000
16.46   4.86   49.250
16.46   1.00    0.056    0.001
16.46   1.00    0.057   46.003
16.46   1.00    0.055    0.169   0.057   0.168
16.46   1.00    0.055    0.168   0.057   0.167

16.47   0.00    0.168    0.166   0.032   0.036   0.005   0.006   0.082   0.006   0.000   0.000   0.000 1027201000
16.47   4.85   49.244
16.47   1.00    0.056    0.001
16.47   1.00    0.057   45.994
16.47   1.00    0.055    0.169   0.057   0.168
16.47   1.00    0.055    0.168   0.057   0.167

16.48   0.00    0.168    0.166   0.032   0.036   0.005   0.006   0.082   0.006   0.000   0.000   0.000 1027824000
16.48   4.85   49.238
16.48   1.00    0.056    0.001
16.48   1.00    0.057   45.984
16.48   1.00    0.055    0.169   0.057   0.168
16.48   1.00    0.055    0.168   0.057   0.167

16.49   0.00    0.168    0.166   0.032   0.036   0.005   0.006   0.082   0.006   0.000   0.000   0.000 1028448000
16.49   4.85   49.231
16.49   1.00    0.056    0.001
16.49   1.00    0.057   45.975
16.49   1.00    0.055    0.169   0.057   0.168
16.49   1.00    0.055    0.168   0.057   0.167

16.50   0.00    0.168    0.166   0.032   0.036   0.005   0.006   0.082   0.006   0.000   0.000   0.000 1029072000
16.50   4.85   49.225
16.50   1.00    0.056    0.001
16.50   1.00    0.057   45.965
16.50   1.00    0.054    0.169   0.057   0.168
16.50   1.00    0.055    0.168   0.057   0.167

16.51   0.00    0.168    0.166   0.032   0.036   0.005   0.006   0.082   0.006   0.000   0.000   0.000 1029695000
16.51   4.85   49.219
16.51   1.00    0.056    0.001
16.51   1.00    0.057   45.956
16.51   1.00    0.054    0.169   0.057   0.168
16.51   1.00    0.054    0.168   0.057   0.167

16.52   0.00    0.168    0.166   0.032   0.036   0.005   0.006   0.082   0.006   0.000   0.000   0.000 1030319000
16.52   4.85   49.213
16.52   1.00    0.056    0.001
16.52   1.00    0.057   45.946
16.52   1.00    0.054    0.169   0.057   0.168
16.52   1.00    0.054    0.167   0.057   0.167

16.53   0.00    0.168    0.166   0.032   0.036   0.005   0.006   0.082   0.006   0.000   0.000   0.000 1030943000
16.53   4.85   49.207
16.53   1.00    0.056    0.001
16.53   1.00    0.057   45.937
16.53   1.00    0.054    0.169   0.057   0.168
16.53   1.00    0.054    0.167   0.057   0.167

16.54   0.00    0.168    0.166   0.032   0.036   0.005   0.006   0.082   0.006   0.000   0.000   0.000 1031566000
16.54   4.85   49.200
16.54   1.00    0.056    0.001
16.54   1.00    0.057   45.927
16.54   1.00    0.054    0.169   0.057   0.168
16.54   1.00    0.054    0.167   0.057   0.167

16.55   0.00    0.168    0.166   0.032   0.036   0.005   0.006   0.082   0.006   0.000   0.000   0.000 1032190000
16.55   4.84   49.194
16.55   1.00    0.056    0.001
16.55   1.00    0.057   45.918
16.55   1.00    0.054    0.169   0.057   0.168
16.55   1.00    0.054    0.167   0.057   0.167

16.56   0.00    0.168    0.166   0.032   0.036   0.005   0.006   0.082   0.006   0.000   0.000   0.000 1032814000
16.56   4.84   49.188
16.56   1.00    0.056    0.001
16.56   1.00    0.057   45.908
16.56   1.00    0.054    0.169   0.057   0.168
16.56   1.00    0.054    0.167   0.057   0.167

16.57   0.00    0.168    0.166   0.032   0.036   0.005   0.006   0.082   0.006   0.000   0.000   0.000 1033437000
16.57   4.84   49.182
16.57   1.00    0.056    0.001
16.57   1.00    0.057   45.899
16.57   1.00    0.054    0.169   0.057   0.168
16.57   1.00    0.054    0.167   0.057   0.166

16.58   0.00    0.168    0.166   0.032   0.036   0.005   0.006   0.082   0.006   0.000   0.000   0.000 1034061000
16.58   4.84   49.176
16.58   1.00    0.056    0.001
16.58   1.00    0.057   45.890
16.58   1.00    0.054    0.169   0.057   0.168
16.58   1.00    0.054    0.167   0.057   0.166

16.59   0.00    0.168    0.166   0.032   0.036   0.005   0.006   0.082   0.006   0.000   0.000   0.000 1034685000
16.59   4.84   49.170
16.59   1.00    0.056    0.001
16.59   1.00    0.057   45.880
16.59   1.00    0.054    0.169   0.057   0.168
16.59   1.00    0.054    0.167   0.057   0.166

16.60   0.00    0.168    0.166   0.032   0.036   0.005   0.006   0.082   0.006   0.000   0.000   0.000 1035308000
16.60   4.84   49.163
16.60   1.00    0.056    0.001
16.60   1.00    0.057   45.871
16.60   1.00    0.054    0.169   0.057   0.168
16.60   1.00    0.054    0.167   0.057   0.166

16.61   0.00    0.168    0.166   0.032   0.036   0.005   0.006   0.082   0.006   0.000   0.000   0.000 1035932000
16.61   4.84   49.157
16.61   1.00    0.056    0.001
16.61   1.00    0.057   45.861
16.61   1.00    0.054    0.169   0.057   0.168
16.61   1.00    0.054    0.167   0.057   0.166

16.62   0.00    0.168    0.166   0.032   0.036   0.005   0.006   0.082   0.006   0.000   0.000   0.000 1036556000
16.62   4.84   49.151
16.62   1.00    0.056    0.001
16.62   1.00    0.057   45.852
16.62   1.00    0.054    0.169   0.057   0.168
16.62   1.00    0.054    0.167   0.057   0.166

16.63   0.00    0.168    0.166   0.032   0.036   0.005   0.006   0.082   0.006   0.000   0.000   0.000 1037179000
16.63   4.83   49.145
16.63   1.00    0.056    0.001
16.63   1.00    0.057   45.842
16.63   1.00    0.054    0.169   0.057   0.168
16.63   1.00    0.054    0.167   0.057   0.166

16.64   0.00    0.168    0.166   0.032   0.036   0.005   0.006   0.082   0.006   0.000   0.000   0.000 1037803000
16.64   4.83   49.139
16.64   1.00    0.056    0.001
16.64   1.00    0.057   45.833
16.64   1.00    0.054    0.169   0.057   0.168
16.64   1.00    0.054    0.167   0.057   0.166

16.65   0.00    0.168    0.166   0.032   0.036   0.005   0.006   0.082   0.006   0.000   0.000   0.000 1038427000
16.65   4.83   49.133
16.65   1.00    0.056    0.001
16.65   1.00    0.057   45.824
16.65   1.00    0.054    0.169   0.057   0.168
16.65   1.00    0.054    0.167   0.057   0.166

16.66   0.00    0.168    0.166   0.032   0.036   0.005   0.006   0.082   0.006   0.000   0.000   0.000 1039051000
16.66   4.83   49.126
16.66   1.00    0.056    0.001
16.66   1.00    0.057   45.814
16.66   1.00    0.054    0.169   0.057   0.168
16.66   1.00    0.054    0.167   0.057   0.166

16.67   0.00    0.167    0.166   0.032   0.036   0.005   0.006   0.082   0.006   0.000   0.000   0.000 1039674000
16.67   4.83   49.120
16.67   1.00    0.056    0.001
16.67   1.00    0.057   45.805
16.67   1.00    0.054    0.169   0.057   0.168
16.67   1.00    0.054    0.167   0.057   0.166

16.68   0.00    0.167    0.166   0.032   0.036   0.005   0.006   0.082   0.006   0.000   0.000   0.000 1040298000
16.68   4.83   49.114
16.68   1.00    0.056    0.001
16.68   1.00    0.057   45.795
16.68   1.00    0.054    0.169   0.057   0.168
16.68   1.00    0.054    0.167   0.057   0.166

16.69   0.00    0.167    0.166   0.032   0.036   0.005   0.006   0.082   0.006   0.000   0.000   0.000 1040922000
16.69   4.83   49.108
16.69   1.00    0.056    0.001
16.69   1.00    0.057   45.786
16.69   1.00    0.054    0.169   0.057   0.168
16.69   1.00    0.054    0.167   0.057   0.166

16.70   0.00    0.167    0.166   0.032   0.036   0.005   0.006   0.082   0.006   0.000   0.000   0.000 1041545000
16.70   4.83   49.102
16.70   1.00    0.056    0.001
16.70   1.00    0.057   45.777
16.70   1.00    0.054    0.169   0.057   0.168
16.70   1.00    0.054    0.167   0.057   0.166

16.71   0.00    0.167    0.166   0.032   0.036   0.005   0.006   0.082   0.006   0.000   0.000   0.000 1042169000
16.71   4.82   49.096
16.71   1.00    0.056    0.001
16.71   1.00    0.057   45.767
16.71   1.00    0.054    0.168   0.057   0.168
16.71   1.00    0.054    0.167   0.057   0.166

16.72   0.00    0.167    0.166   0.032   0.036   0.005   0.006   0.082   0.006   0.000   0.000   0.000 1042793000
16.72   4.82   49.090
16.72   1.00    0.056    0.001
16.72   1.00    0.057   45.758
16.72   1.00    0.054    0.168   0.057   0.168
16.72   1.00    0.054    0.167   0.057   0.166

16.73   0.00    0.167    0.166   0.032   0.036   0.005   0.006   0.082   0.006   0.000   0.000   0.000 1043416000
16.73   4.82   49.084
16.73   1.00    0.056    0.001
16.73   1.00    0.057   45.748
16.73   1.00    0.054    0.168   0.057   0.168
16.73   1.00    0.054    0.167   0.057   0.166

16.74   0.00    0.167    0.166   0.032   0.036   0.005   0.006   0.082   0.006   0.000   0.000   0.000 1044040000
16.74   4.82   49.078
16.74   1.00    0.056    0.001
16.74   1.00    0.057   45.739
16.74   1.00    0.054    0.168   0.057   0.168
16.74   1.00    0.054    0.167   0.057   0.166

16.75   0.00    0.167    0.166   0.032   0.036   0.005   0.006   0.082   0.006   0.000   0.000   0.000 1044664000
16.75   4.82   49.072
16.75   1.00    0.056    0.001
16.75   1.00    0.057   45.730
16.75   1.00    0.054    0.168   0.057   0.168
16.75   1.00    0.054    0.167   0.057   0.166

16.76   0.00    0.167    0.166   0.032   0.036   0.005   0.006   0.082   0.006   0.000   0.000   0.000 1045287000
16.76   4.82   49.065
16.76   1.00    0.056    0.001
16.76   1.00    0.057   45.720
16.76   1.00    0.054    0.168   0.057   0.167
16.76   1.00    0.054    0.167   0.057   0.166

16.77   0.00    0.167    0.166   0.032   0.036   0.005   0.006   0.082   0.006   0.000   0.000   0.000 1045911000
16.77   4.82   49.059
16.77   1.00    0.056    0.001
16.77   1.00    0.057   45.711
16.77   1.00    0.054    0.168   0.057   0.167
16.77   1.00    0.054    0.167   0.057   0.166

16.78   0.00    0.167    0.166   0.032   0.036   0.005   0.006   0.082   0.006   0.000   0.000   0.000 1046535000
16.78   4.82   49.053
16.78   1.00    0.056    0.001
16.78   1.00    0.057   45.702
16.78   1.00    0.054    0.168   0.057   0.167
16.78   1.00    0.054    0.167   0.057   0.166

16.79   0.00    0.167    0.166   0.032   0.036   0.005   0.006   0.082   0.006   0.000   0.000   0.000 1047158000
16.79   4.81   49.047
16.79   1.00    0.056    0.001
16.79   1.00    0.057   45.692
16.79   1.00    0.054    0.168   0.057   0.167
16.79   1.00    0.054    0.167   0.057   0.166

16.80   0.00    0.167    0.166   0.032   0.036   0.005   0.006   0.082   0.006   0.000   0.000   0.000 1047782000
16.80   4.81   49.041
16.80   1.00    0.056    0.001
16.80   1.00    0.057   45.683
16.80   1.00    0.054    0.168   0.057   0.167
16.80   1.00    0.054    0.167   0.057   0.166

16.81   0.00    0.167    0.166   0.032   0.036   0.005   0.006   0.082   0.006   0.000   0.000   0.000 1048406000
16.81   4.81   49.035
16.81   1.00    0.056    0.001
16.81   1.00    0.057   45.674
16.81   1.00    0.054    0.168   0.057   0.167
16.81   1.00    0.054    0.167   0.057   0.166

16.82   0.00    0.167    0.166   0.032   0.036   0.005   0.006   0.082   0.006   0.000   0.000   0.000 1049029000
16.82   4.81   49.029
16.82   1.00    0.055    0.001
16.82   1.00    0.057   45.664
16.82   1.00    0.054    0.168   0.057   0.167
16.82   1.00    0.054    0.167   0.057   0.166

16.83   0.00    0.167    0.166   0.032   0.036   0.005   0.006   0.082   0.006   0.000   0.000   0.000 1049653000
16.83   4.81   49.023
16.83   1.00    0.055    0.001
16.83   1.00    0.057   45.655
16.83   1.00    0.054    0.168   0.057   0.167
16.83   1.00    0.054    0.167   0.057   0.166

16.84   0.00    0.167    0.166   0.032   0.036   0.005   0.006   0.082   0.006   0.000   0.000   0.000 1050277000
16.84   4.81   49.017
16.84   1.00    0.055    0.001
16.84   1.00    0.057   45.646
16.84   1.00    0.054    0.168   0.057   0.167
16.84   1.00    0.054    0.167   0.057   0.166

16.85   0.00    0.167    0.166   0.032   0.036   0.005   0.006   0.082   0.006   0.000   0.000   0.000 1050900000
16.85   4.81   49.011
16.85   1.00    0.055    0.001
16.85   1.00    0.057   45.637
16.85   1.00    0.054    0.168   0.057   0.167
16.85   1.00    0.054    0.167   0.057   0.166

16.86   0.00    0.167    0.166   0.032   0.036   0.005   0.006   0.082   0.006   0.000   0.000   0.000 1051524000
16.86   4.81   49.005
16.86   1.00    0.055    0.001
16.86   1.00    0.057   45.627
16.86   1.00    0.054    0.168   0.057   0.167
16.86   1.00    0.054    0.167   0.057   0.166

16.87   0.00    0.167    0.166   0.032   0.036   0.005   0.006   0.082   0.006   0.000   0.000   0.000 1052148000
16.87   4.80   48.999
16.87   1.00    0.055    0.001
16.87   1.00    0.057   45.618
16.87   1.00    0.054    0.168   0.057   0.167
16.87   1.00    0.054    0.167   0.057   0.166

16.88   0.00    0.167    0.166   0.032   0.036   0.005   0.006   0.082   0.006   0.000   0.000   0.000 1052771000
16.88   4.80   48.993
16.88   1.00    0.055    0.001
16.88   1.00    0.057   45.609
16.88   1.00    0.054    0.168   0.057   0.167
16.88   1.00    0.054    0.167   0.057   0.166

16.89   0.00    0.167    0.166   0.032   0.036   0.005   0.006   0.082   0.006   0.000   0.000   0.000 1053395000
16.89   4.80   48.987
16.89   1.00    0.055    0.001
16.89   1.00    0.057   45.600
16.89   1.00    0.054    0.168   0.057   0.167
16.89   1.00    0.054    0.167   0.057   0.166

16.90   0.00    0.167    0.166   0.032   0.036   0.005   0.006   0.082   0.006   0.000   0.000   0.000 1054019000
16.90   4.80   48.981
16.90   1.00    0.055    0.001
16.90   1.00    0.057   45.590
16.90   1.00    0.054    0.168   0.057   0.167
16.90   1.00    0.054    0.167   0.057   0.166

16.91   0.00    0.167    0.166   0.032   0.036   0.005   0.006   0.082   0.006   0.000   0.000   0.000 1054643000
16.91   4.80   48.975
16.91   1.00    0.055    0.001
16.91   1.00    0.057   45.581
16.91   1.00    0.054    0.168   0.057   0.167
16.91   1.00    0.054    0.167   0.057   0.166

16.92   0.00    0.167    0.166   0.032   0.036   0.005   0.006   0.082   0.006   0.000   0.000   0.000 1055266000
16.92   4.80   48.969
16.92   1.00    0.055    0.001
16.92   1.00    0.057   45.572
16.92   1.00    0.054    0.168   0.057   0.167
16.92   1.00    0.054    0.167   0.057   0.166

16.93   0.00    0.167    0.166   0.032   0.036   0.005   0.006   0.082   0.006   0.000   0.000   0.000 1055890000
16.93   4.80   48.963
16.93   1.00    0.055    0.001
16.93   1.00    0.057   45.563
16.93   1.00    0.054    0.168   0.057   0.167
16.93   1.00    0.054    0.167   0.057   0.166

16.94   0.00    0.167    0.166   0.032   0.036   0.005   0.006   0.082   0.006   0.000   0.000   0.000 1056514000
16.94   4.80   48.957
16.94   1.00    0.055    0.001
16.94   1.00    0.057   45.553
16.94   1.00    0.054    0.168   0.057   0.167
16.94   1.00    0.054    0.167   0.057   0.166

16.95   0.00    0.167    0.166   0.032   0.036   0.005   0.006   0.082   0.006   0.000   0.000   0.000 1057137000
16.95   4.79   48.951
16.95   1.00    0.055    0.001
16.95   1.00    0.057   45.544
16.95   1.00    0.054    0.168   0.057   0.167
16.95   1.00    0.054    0.167   0.057   0.166

16.96   0.00    0.167    0.166   0.032   0.036   0.005   0.006   0.082   0.006   0.000   0.000   0.000 1057761000
16.96   4.79   48.945
16.96   1.00    0.055    0.001
16.96   1.00    0.057   45.535
16.96   1.00    0.054    0.168   0.057   0.167
16.96   1.00    0.054    0.167   0.057   0.166

16.97   0.00    0.167    0.166   0.032   0.036   0.004   0.006   0.082   0.006   0.000   0.000   0.000 1058385000
16.97   4.79   48.939
16.97   1.00    0.055    0.001
16.97   1.00    0.057   45.526
16.97   1.00    0.054    0.168   0.057   0.167
16.97   1.00    0.054    0.167   0.057   0.166

16.98   0.00    0.167    0.166   0.032   0.036   0.004   0.006   0.082   0.006   0.000   0.000   0.000 1059008000
16.98   4.79   48.933
16.98   1.00    0.055    0.001
16.98   1.00    0.057   45.516
16.98   1.00    0.054    0.168   0.057   0.167
16.98   1.00    0.054    0.167   0.057   0.166

16.99   0.00    0.167    0.166   0.032   0.036   0.004   0.006   0.082   0.006   0.000   0.000   0.000 1059632000
16.99   4.79   48.927
16.99   1.00    0.055    0.001
16.99   1.00    0.057   45.507
16.99   1.00    0.054    0.168   0.057   0.167
16.99   1.00    0.054    0.167   0.057   0.166

17.00   0.00    0.167    0.166   0.032   0.036   0.004   0.006   0.082   0.006   0.000   0.000   0.000 1060256000
17.00   4.79   48.921
17.00   1.00    0.055    0.001
17.00   1.00    0.057   45.498
17.00   1.00    0.054    0.168   0.057   0.167
17.00   1.00    0.054    0.167   0.057   0.166

17.01   0.00    0.167    0.166   0.032   0.036   0.004   0.006   0.082   0.006   0.000   0.000   0.000 1060879000
17.01   4.79   48.915
17.01   1.00    0.055    0.001
17.01   1.00    0.057   45.489
17.01   1.00    0.054    0.168   0.057   0.167
17.01   1.00    0.054    0.167   0.057   0.166

17.02   0.00    0.167    0.166   0.032   0.036   0.004   0.006   0.082   0.006   0.000   0.000   0.000 1061503000
17.02   4.79   48.909
17.02   1.00    0.055    0.001
17.02   1.00    0.057   45.480
17.02   1.00    0.054    0.168   0.057   0.167
17.02   1.00    0.054    0.167   0.057   0.166

17.03   0.00    0.167    0.166   0.032   0.036   0.004   0.006   0.082   0.006   0.000   0.000   0.000 1062127000
17.03   4.78   48.903
17.03   1.00    0.055    0.001
17.03   1.00    0.057   45.470
17.03   1.00    0.054    0.168   0.057   0.167
17.03   1.00    0.054    0.167   0.057   0.166

17.04   0.00    0.167    0.166   0.032   0.036   0.004   0.006   0.082   0.006   0.000   0.000   0.000 1062750000
17.04   4.78   48.897
17.04   1.00    0.055    0.001
17.04   1.00    0.057   45.461
17.04   1.00    0.054    0.168   0.057   0.167
17.04   1.00    0.054    0.167   0.057   0.166

17.05   0.00    0.167    0.166   0.032   0.036   0.004   0.006   0.082   0.006   0.000   0.000   0.000 1063374000
17.05   4.78   48.891
17.05   1.00    0.055    0.001
17.05   1.00    0.057   45.452
17.05   1.00    0.054    0.168   0.057   0.167
17.05   1.00    0.054    0.167   0.057   0.166

17.06   0.00    0.167    0.166   0.032   0.036   0.004   0.006   0.082   0.006   0.000   0.000   0.000 1063998000
17.06   4.78   48.885
17.06   1.00    0.055    0.001
17.06   1.00    0.056   45.443
17.06   1.00    0.054    0.168   0.056   0.167
17.06   1.00    0.054    0.167   0.056   0.166

17.07   0.00    0.167    0.166   0.032   0.036   0.004   0.006   0.082   0.006   0.000   0.000   0.000 1064621000
17.07   4.78   48.879
17.07   1.00    0.055    0.001
17.07   1.00    0.056   45.434
17.07   1.00    0.054    0.168   0.056   0.167
17.07   1.00    0.054    0.167   0.056   0.166

17.08   0.00    0.167    0.166   0.032   0.036   0.004   0.006   0.082   0.006   0.000   0.000   0.000 1065245000
17.08   4.78   48.873
17.08   1.00    0.055    0.001
17.08   1.00    0.056   45.425
17.08   1.00    0.054    0.168   0.056   0.167
17.08   1.00    0.054    0.167   0.056   0.166

17.09   0.00    0.167    0.166   0.032   0.036   0.004   0.006   0.082   0.006   0.000   0.000   0.000 1065869000
17.09   4.78   48.868
17.09   1.00    0.055    0.001
17.09   1.00    0.056   45.416
17.09   1.00    0.054    0.168   0.056   0.167
17.09   1.00    0.054    0.167   0.056   0.166

17.10   0.00    0.167    0.166   0.032   0.036   0.004   0.006   0.082   0.006   0.000   0.000   0.000 1066492000
17.10   4.78   48.862
17.10   1.00    0.055    0.001
17.10   1.00    0.056   45.406
17.10   1.00    0.053    0.168   0.056   0.167
17.10   1.00    0.054    0.167   0.056   0.166

17.11   0.00    0.167    0.166   0.032   0.036   0.004   0.006   0.082   0.006   0.000   0.000   0.000 1067116000
17.11   4.78   48.856
17.11   1.00    0.055    0.001
17.11   1.00    0.056   45.397
17.11   1.00    0.053    0.168   0.056   0.167
17.11   1.00    0.053    0.167   0.056   0.166

17.12   0.00    0.167    0.166   0.032   0.036   0.004   0.006   0.082   0.006   0.000   0.000   0.000 1067740000
17.12   4.77   48.850
17.12   1.00    0.055    0.001
17.12   1.00    0.056   45.388
17.12   1.00    0.053    0.168   0.056   0.167
17.12   1.00    0.053    0.167   0.056   0.166

17.13   0.00    0.167    0.166   0.032   0.036   0.004   0.006   0.082   0.006   0.000   0.000   0.000 1068363000
17.13   4.77   48.844
17.13   1.00    0.055    0.001
17.13   1.00    0.056   45.379
17.13   1.00    0.053    0.168   0.056   0.167
17.13   1.00    0.053    0.167   0.056   0.166

17.14   0.00    0.167    0.166   0.032   0.036   0.004   0.006   0.082   0.006   0.000   0.000   0.000 1068987000
17.14   4.77   48.838
17.14   1.00    0.055    0.001
17.14   1.00    0.056   45.370
17.14   1.00    0.053    0.168   0.056   0.167
17.14   1.00    0.053    0.167   0.056   0.166

17.15   0.00    0.167    0.166   0.032   0.036   0.004   0.006   0.082   0.006   0.000   0.000   0.000 1069611000
17.15   4.77   48.832
17.15   1.00    0.055    0.001
17.15   1.00    0.056   45.361
17.15   1.00    0.053    0.168   0.056   0.167
17.15   1.00    0.053    0.167   0.056   0.166

17.16   0.00    0.167    0.166   0.032   0.036   0.004   0.006   0.082   0.006   0.000   0.000   0.000 1070234000
17.16   4.77   48.826
17.16   1.00    0.055    0.001
17.16   1.00    0.056   45.352
17.16   1.00    0.053    0.168   0.056   0.167
17.16   1.00    0.053    0.167   0.056   0.166

17.17   0.00    0.167    0.166   0.032   0.036   0.004   0.006   0.082   0.006   0.000   0.000   0.000 1070858000
17.17   4.77   48.820
17.17   1.00    0.055    0.001
17.17   1.00    0.056   45.343
17.17   1.00    0.053    0.168   0.056   0.167
17.17   1.00    0.053    0.167   0.056   0.166

17.18   0.00    0.167    0.166   0.032   0.036   0.004   0.006   0.082   0.006   0.000   0.000   0.000 1071482000
17.18   4.77   48.814
17.18   1.00    0.055    0.001
17.18   1.00    0.056   45.334
17.18   1.00    0.053    0.168   0.056   0.167
17.18   1.00    0.053    0.167   0.056   0.166

17.19   0.00    0.167    0.166   0.032   0.036   0.004   0.006   0.082   0.006   0.000   0.000   0.000 1072106000
17.19   4.77   48.809
17.19   1.00    0.055    0.001
17.19   1.00    0.056   45.324
17.19   1.00    0.053    0.168   0.056   0.167
17.19   1.00    0.053    0.167   0.056   0.166

17.20   0.00    0.167    0.166   0.032   0.036   0.004   0.006   0.082   0.006   0.000   0.000   0.000 1072729000
17.20   4.76   48.803
17.20   1.00    0.055    0.001
17.20   1.00    0.056   45.315
17.20   1.00    0.053    0.168   0.056   0.167
17.20   1.00    0.053    0.167   0.056   0.166

17.21   0.00    0.167    0.166   0.032   0.036   0.004   0.006   0.082   0.006   0.000   0.000   0.000 1073353000
17.21   4.76   48.797
17.21   1.00    0.055    0.001
17.21   1.00    0.056   45.306
17.21   1.00    0.053    0.168   0.056   0.167
17.21   1.00    0.053    0.167   0.056   0.166

17.22   0.00    0.167    0.166   0.032   0.036   0.004   0.006   0.082   0.006   0.000   0.000   0.000 1073977000
17.22   4.76   48.791
17.22   1.00    0.055    0.001
17.22   1.00    0.056   45.297
17.22   1.00    0.053    0.168   0.056   0.167
17.22   1.00    0.053    0.167   0.056   0.166

17.23   0.00    0.167    0.166   0.032   0.036   0.004   0.006   0.082   0.006   0.000   0.000   0.000 1074600000
17.23   4.76   48.785
17.23   1.00    0.055    0.001
17.23   1.00    0.056   45.288
17.23   1.00    0.053    0.168   0.056   0.167
17.23   1.00    0.053    0.167   0.056   0.166

17.24   0.00    0.167    0.166   0.032   0.036   0.004   0.006   0.082   0.006   0.000   0.000   0.000 1075224000
17.24   4.76   48.779
17.24   1.00    0.055    0.001
17.24   1.00    0.056   45.279
17.24   1.00    0.053    0.168   0.056   0.167
17.24   1.00    0.053    0.167   0.056   0.166

17.25   0.00    0.167    0.166   0.032   0.036   0.004   0.006   0.082   0.006   0.000   0.000   0.000 1075848000
17.25   4.76   48.773
17.25   1.00    0.055    0.001
17.25   1.00    0.056   45.270
17.25   1.00    0.053    0.168   0.056   0.167
17.25   1.00    0.053    0.167   0.056   0.166

17.26   0.00    0.167    0.166   0.032   0.036   0.004   0.006   0.082   0.006   0.000   0.000   0.000 1076471000
17.26   4.76   48.768
17.26   1.00    0.055    0.001
17.26   1.00    0.056   45.261
17.26   1.00    0.053    0.168   0.056   0.167
17.26   1.00    0.053    0.167   0.056   0.166

17.27   0.00    0.167    0.166   0.032   0.036   0.004   0.006   0.082   0.006   0.000   0.000   0.000 1077095000
17.27   4.76   48.762
17.27   1.00    0.055    0.001
17.27   1.00    0.056   45.252
17.27   1.00    0.053    0.168   0.056   0.167
17.27   1.00    0.053    0.167   0.056   0.166

17.28   0.00    0.167    0.166   0.032   0.036   0.004   0.006   0.082   0.006   0.000   0.000   0.000 1077719000
17.28   4.76   48.756
17.28   1.00    0.055    0.001
17.28   1.00    0.056   45.243
17.28   1.00    0.053    0.168   0.056   0.167
17.28   1.00    0.053    0.167   0.056   0.166

17.29   0.00    0.167    0.166   0.032   0.036   0.004   0.006   0.082   0.006   0.000   0.000   0.000 1078342000
17.29   4.75   48.750
17.29   1.00    0.055    0.001
17.29   1.00    0.056   45.234
17.29   1.00    0.053    0.168   0.056   0.167
17.29   1.00    0.053    0.167   0.056   0.166

17.30   0.00    0.167    0.166   0.032   0.036   0.004   0.006   0.082   0.006   0.000   0.000   0.000 1078966000
17.30   4.75   48.744
17.30   1.00    0.055    0.001
17.30   1.00    0.056   45.225
17.30   1.00    0.053    0.168   0.056   0.167
17.30   1.00    0.053    0.167   0.056   0.166

17.31   0.00    0.167    0.166   0.032   0.036   0.004   0.006   0.082   0.006   0.000   0.000   0.000 1079590000
17.31   4.75   48.738
17.31   1.00    0.055    0.001
17.31   1.00    0.056   45.216
17.31   1.00    0.053    0.168   0.056   0.167
17.31   1.00    0.053    0.167   0.056   0.166

17.32   0.00    0.167    0.166   0.032   0.036   0.004   0.006   0.082   0.006   0.000   0.000   0.000 1080213000
17.32   4.75   48.733
17.32   1.00    0.055    0.001
17.32   1.00    0.056   45.207
17.32   1.00    0.053    0.168   0.056   0.167
17.32   1.00    0.053    0.167   0.056   0.166

17.33   0.00    0.167    0.166   0.032   0.036   0.004   0.006   0.082   0.006   0.000   0.000   0.000 1080837000
17.33   4.75   48.727
17.33   1.00    0.055    0.001
17.33   1.00    0.056   45.198
17.33   1.00    0.053    0.168   0.056   0.167
17.33   1.00    0.053    0.167   0.056   0.166

17.34   0.00    0.167    0.166   0.032   0.036   0.004   0.006   0.082   0.006   0.000   0.000   0.000 1081461000
17.34   4.75   48.721
17.34   1.00    0.055    0.001
17.34   1.00    0.056   45.189
17.34   1.00    0.053    0.168   0.056   0.167
17.34   1.00    0.053    0.167   0.056   0.166

17.35   0.00    0.167    0.166   0.032   0.036   0.004   0.006   0.082   0.006   0.000   0.000   0.000 1082084000
17.35   4.75   48.715
17.35   1.00    0.055    0.001
17.35   1.00    0.056   45.180
17.35   1.00    0.053    0.168   0.056   0.167
17.35   1.00    0.053    0.167   0.056   0.166

17.36   0.00    0.167    0.166   0.032   0.036   0.004   0.006   0.082   0.006   0.000   0.000   0.000 1082708000
17.36   4.75   48.709
17.36   1.00    0.055    0.001
17.36   1.00    0.056   45.171
17.36   1.00    0.053    0.168   0.056   0.167
17.36   1.00    0.053    0.167   0.056   0.166

17.37   0.00    0.167    0.166   0.032   0.036   0.004   0.006   0.082   0.006   0.000   0.000   0.000 1083332000
17.37   4.75   48.704
17.37   1.00    0.055    0.001
17.37   1.00    0.056   45.162
17.37   1.00    0.053    0.168   0.056   0.167
17.37   1.00    0.053    0.167   0.056   0.166

17.38   0.00    0.167    0.166   0.032   0.036   0.004   0.006   0.082   0.006   0.000   0.000   0.000 1083955000
17.38   4.74   48.698
17.38   1.00    0.055    0.001
17.38   1.00    0.056   45.153
17.38   1.00    0.053    0.168   0.056   0.167
17.38   1.00    0.053    0.167   0.056   0.166

17.39   0.00    0.167    0.166   0.032   0.036   0.004   0.006   0.082   0.006   0.000   0.000   0.000 1084579000
17.39   4.74   48.692
17.39   1.00    0.055    0.001
17.39   1.00    0.056   45.144
17.39   1.00    0.053    0.168   0.056   0.167
17.39   1.00    0.053    0.167   0.056   0.166

17.40   0.00    0.167    0.166   0.032   0.036   0.004   0.006   0.082   0.006   0.000   0.000   0.000 1085203000
17.40   4.74   48.686
17.40   1.00    0.055    0.001
17.40   1.00    0.056   45.135
17.40   1.00    0.053    0.168   0.056   0.167
17.40   1.00    0.053    0.167   0.056   0.166

17.41   0.00    0.167    0.166   0.032   0.036   0.004   0.006   0.082   0.006   0.000   0.000   0.000 1085827000
17.41   4.74   48.681
17.41   1.00    0.055    0.001
17.41   1.00    0.056   45.126
17.41   1.00    0.053    0.168   0.056   0.167
17.41   1.00    0.053    0.167   0.056   0.166

17.42   0.00    0.167    0.166   0.032   0.036   0.004   0.006   0.082   0.006   0.000   0.000   0.000 1086450000
17.42   4.74   48.675
17.42   1.00    0.055    0.001
17.42   1.00    0.056   45.117
17.42   1.00    0.053    0.168   0.056   0.167
17.42   1.00    0.053    0.167   0.056   0.166

17.43   0.00    0.167    0.166   0.032   0.036   0.004   0.006   0.082   0.006   0.000   0.000   0.000 1087074000
17.43   4.74   48.669
17.43   1.00    0.055    0.001
17.43   1.00    0.056   45.108
17.43   1.00    0.053    0.168   0.056   0.167
17.43   1.00    0.053    0.167   0.056   0.166

17.44   0.00    0.167    0.166   0.032   0.036   0.004   0.006   0.082   0.006   0.000   0.000   0.000 1087698000
17.44   4.74   48.663
17.44   1.00    0.055    0.001
17.44   1.00    0.056   45.099
17.44   1.00    0.053    0.168   0.056   0.167
17.44   1.00    0.053    0.167   0.056   0.166

17.45   0.00    0.167    0.166   0.032   0.036   0.004   0.006   0.082   0.006   0.000   0.000   0.000 1088321000
17.45   4.74   48.657
17.45   1.00    0.054    0.001
17.45   1.00    0.056   45.090
17.45   1.00    0.053    0.168   0.056   0.167
17.45   1.00    0.053    0.167   0.056   0.166

17.46   0.00    0.167    0.166   0.032   0.036   0.004   0.006   0.082   0.006   0.000   0.000   0.000 1088945000
17.46   4.73   48.652
17.46   1.00    0.054    0.001
17.46   1.00    0.056   45.081
17.46   1.00    0.053    0.168   0.056   0.167
17.46   1.00    0.053    0.167   0.056   0.166

17.47   0.00    0.167    0.166   0.032   0.036   0.004   0.006   0.082   0.006   0.000   0.000   0.000 1089569000
17.47   4.73   48.646
17.47   1.00    0.054    0.001
17.47   1.00    0.056   45.073
17.47   1.00    0.053    0.168   0.056   0.167
17.47   1.00    0.053    0.167   0.056   0.166

17.48   0.00    0.167    0.166   0.032   0.036   0.004   0.006   0.082   0.006   0.000   0.000   0.000 1090192000
17.48   4.73   48.640
17.48   1.00    0.054    0.001
17.48   1.00    0.056   45.064
17.48   1.00    0.053    0.168   0.056   0.167
17.48   1.00    0.053    0.167   0.056   0.166

17.49   0.00    0.167    0.166   0.032   0.036   0.004   0.006   0.082   0.006   0.000   0.000   0.000 1090816000
17.49   4.73   48.635
17.49   1.00    0.054    0.001
17.49   1.00    0.056   45.055
17.49   1.00    0.053    0.168   0.056   0.167
17.49   1.00    0.053    0.167   0.056   0.166

17.50   0.00    0.167    0.166   0.032   0.036   0.004   0.006   0.082   0.006   0.000   0.000   0.000 1091440000
17.50   4.73   48.629
17.50   1.00    0.054    0.001
17.50   1.00    0.056   45.046
17.50   1.00    0.053    0.168   0.056   0.167
17.50   1.00    0.053    0.167   0.056   0.166

17.51   0.00    0.167    0.166   0.032   0.036   0.004   0.006   0.082   0.006   0.000   0.000   0.000 1092063000
17.51   4.73   48.623
17.51   1.00    0.054    0.001
17.51   1.00    0.056   45.037
17.51   1.00    0.053    0.168   0.056   0.167
17.51   1.00    0.053    0.167   0.056   0.166

17.52   0.00    0.167    0.166   0.032   0.036   0.004   0.006   0.082   0.006   0.000   0.000   0.000 1092687000
17.52   4.73   48.617
17.52   1.00    0.054    0.001
17.52   1.00    0.056   45.028
17.52   1.00    0.053    0.168   0.056   0.167
17.52   1.00    0.053    0.167   0.056   0.166

17.53   0.00    0.167    0.166   0.032   0.036   0.004   0.006   0.082   0.006   0.000   0.000   0.000 1093311000
17.53   4.73   48.612
17.53   1.00    0.054    0.001
17.53   1.00    0.056   45.019
17.53   1.00    0.053    0.168   0.056   0.167
17.53   1.00    0.053    0.167   0.056   0.166

17.54   0.00    0.167    0.166   0.032   0.036   0.004   0.006   0.082   0.006   0.000   0.000   0.000 1093934000
17.54   4.73   48.606
17.54   1.00    0.054    0.001
17.54   1.00    0.056   45.010
17.54   1.00    0.053    0.168   0.056   0.167
17.54   1.00    0.053    0.167   0.056   0.166

17.55   0.00    0.167    0.166   0.032   0.036   0.004   0.006   0.082   0.006   0.000   0.000   0.000 1094558000
17.55   4.72   48.600
17.55   1.00    0.054    0.001
17.55   1.00    0.056   45.001
17.55   1.00    0.053    0.168   0.056   0.167
17.55   1.00    0.053    0.167   0.056   0.166

17.56   0.00    0.167    0.166   0.032   0.036   0.004   0.006   0.082   0.006   0.000   0.000   0.000 1095182000
17.56   4.72   48.595
17.56   1.00    0.054    0.001
17.56   1.00    0.056   44.993
17.56   1.00    0.053    0.168   0.056   0.167
17.56   1.00    0.053    0.167   0.056   0.166

17.57   0.00    0.167    0.166   0.032   0.036   0.004   0.006   0.082   0.006   0.000   0.000   0.000 1095805000
17.57   4.72   48.589
17.57   1.00    0.054    0.001
17.57   1.00    0.056   44.984
17.57   1.00    0.053    0.168   0.056   0.167
17.57   1.00    0.053    0.167   0.056   0.166

17.58   0.00    0.167    0.166   0.032   0.036   0.004   0.006   0.082   0.006   0.000   0.000   0.000 1096429000
17.58   4.72   48.583
17.58   1.00    0.054    0.001
17.58   1.00    0.056   44.975
17.58   1.00    0.053    0.168   0.056   0.167
17.58   1.00    0.053    0.167   0.056   0.166

17.59   0.00    0.167    0.166   0.032   0.036   0.004   0.006   0.082   0.006   0.000   0.000   0.000 1097053000
17.59   4.72   48.577
17.59   1.00    0.054    0.001
17.59   1.00    0.056   44.966
17.59   1.00    0.053    0.168   0.056   0.167
17.59   1.00    0.053    0.167   0.056   0.166

17.60   0.00    0.167    0.166   0.032   0.036   0.004   0.006   0.082   0.006   0.000   0.000   0.000 1097676000
17.60   4.72   48.572
17.60   1.00    0.054    0.001
17.60   1.00    0.056   44.957
17.60   1.00    0.053    0.168   0.056   0.167
17.60   1.00    0.053    0.167   0.056   0.166

17.61   0.00    0.167    0.166   0.032   0.036   0.004   0.006   0.082   0.006   0.000   0.000   0.000 1098300000
17.61   4.72   48.566
17.61   1.00    0.054    0.001
17.61   1.00    0.056   44.948
17.61   1.00    0.053    0.168   0.056   0.167
17.61   1.00    0.053    0.167   0.056   0.166

17.62   0.00    0.167    0.166   0.032   0.036   0.004   0.006   0.082   0.006   0.000   0.000   0.000 1098924000
17.62   4.72   48.560
17.62   1.00    0.054    0.001
17.62   1.00    0.056   44.939
17.62   1.00    0.053    0.168   0.056   0.167
17.62   1.00    0.053    0.167   0.056   0.166

17.63   0.00    0.167    0.166   0.032   0.036   0.004   0.006   0.082   0.006   0.000   0.000   0.000 1099547000
17.63   4.72   48.555
17.63   1.00    0.054    0.001
17.63   1.00    0.056   44.931
17.63   1.00    0.053    0.168   0.056   0.167
17.63   1.00    0.053    0.167   0.056   0.166

17.64   0.00    0.167    0.166   0.032   0.036   0.004   0.006   0.082   0.006   0.000   0.000   0.000 1100171000
17.64   4.71   48.549
17.64   1.00    0.054    0.001
17.64   1.00    0.056   44.922
17.64   1.00    0.053    0.168   0.056   0.167
17.64   1.00    0.053    0.167   0.056   0.166

17.65   0.00    0.167    0.166   0.032   0.036   0.004   0.006   0.082   0.006   0.000   0.000   0.000 1100795000
17.65   4.71   48.543
17.65   1.00    0.054    0.001
17.65   1.00    0.056   44.913
17.65   1.00    0.053    0.168   0.056   0.167
17.65   1.00    0.053    0.167   0.056   0.166

17.66   0.00    0.167    0.166   0.032   0.036   0.004   0.006   0.082   0.006   0.000   0.000   0.000 1101418000
17.66   4.71   48.538
17.66   1.00    0.054    0.001
17.66   1.00    0.056   44.904
17.66   1.00    0.053    0.168   0.056   0.167
17.66   1.00    0.053    0.167   0.056   0.166

17.67   0.00    0.167    0.166   0.032   0.036   0.004   0.006   0.082   0.006   0.000   0.000   0.000 1102042000
17.67   4.71   48.532
17.67   1.00    0.054    0.001
17.67   1.00    0.056   44.895
17.67   1.00    0.053    0.168   0.056   0.167
17.67   1.00    0.053    0.167   0.056   0.166

17.68   0.00    0.167    0.166   0.032   0.036   0.004   0.006   0.082   0.006   0.000   0.000   0.000 1102666000
17.68   4.71   48.526
17.68   1.00    0.054    0.001
17.68   1.00    0.056   44.887
17.68   1.00    0.053    0.168   0.056   0.167
17.68   1.00    0.053    0.167   0.056   0.166

17.69   0.00    0.167    0.166   0.032   0.036   0.004   0.006   0.082   0.006   0.000   0.000   0.000 1103290000
17.69   4.71   48.521
17.69   1.00    0.054    0.001
17.69   1.00    0.056   44.878
17.69   1.00    0.053    0.168   0.056   0.167
17.69   1.00    0.053    0.167   0.056   0.166

17.70   0.00    0.167    0.166   0.032   0.036   0.004   0.006   0.082   0.006   0.000   0.000   0.000 1103913000
17.70   4.71   48.515
17.70   1.00    0.054    0.001
17.70   1.00    0.055   44.869
17.70   1.00    0.053    0.168   0.055   0.167
17.70   1.00    0.053    0.167   0.055   0.166

17.71   0.00    0.167    0.166   0.032   0.036   0.004   0.006   0.082   0.006   0.000   0.000   0.000 1104537000
17.71   4.71   48.509
17.71   1.00    0.054    0.001
17.71   1.00    0.055   44.860
17.71   1.00    0.053    0.168   0.055   0.167
17.71   1.00    0.053    0.167   0.055   0.166

17.72   0.00    0.167    0.166   0.032   0.036   0.004   0.006   0.082   0.006   0.000   0.000   0.000 1105161000
17.72   4.71   48.504
17.72   1.00    0.054    0.001
17.72   1.00    0.055   44.851
17.72   1.00    0.053    0.168   0.055   0.167
17.72   1.00    0.053    0.167   0.055   0.166

17.73   0.00    0.167    0.166   0.032   0.036   0.004   0.006   0.082   0.006   0.000   0.000   0.000 1105784000
17.73   4.70   48.498
17.73   1.00    0.054    0.001
17.73   1.00    0.055   44.843
17.73   1.00    0.053    0.168   0.055   0.167
17.73   1.00    0.053    0.167   0.055   0.166

17.74   0.00    0.167    0.166   0.032   0.036   0.004   0.006   0.082   0.006   0.000   0.000   0.000 1106408000
17.74   4.70   48.493
17.74   1.00    0.054    0.001
17.74   1.00    0.055   44.834
17.74   1.00    0.053    0.168   0.055   0.167
17.74   1.00    0.053    0.167   0.055   0.166

17.75   0.00    0.167    0.166   0.032   0.036   0.004   0.006   0.082   0.006   0.000   0.000   0.000 1107032000
17.75   4.70   48.487
17.75   1.00    0.054    0.001
17.75   1.00    0.055   44.825
17.75   1.00    0.052    0.168   0.055   0.167
17.75   1.00    0.053    0.167   0.055   0.166

17.76   0.00    0.167    0.166   0.032   0.036   0.004   0.006   0.082   0.006   0.000   0.000   0.000 1107655000
17.76   4.70   48.481
17.76   1.00    0.054    0.001
17.76   1.00    0.055   44.816
17.76   1.00    0.052    0.168   0.055   0.167
17.76   1.00    0.052    0.167   0.055   0.166

17.77   0.00    0.167    0.166   0.032   0.036   0.004   0.006   0.082   0.006   0.000   0.000   0.000 1108279000
17.77   4.70   48.476
17.77   1.00    0.054    0.001
17.77   1.00    0.055   44.808
17.77   1.00    0.052    0.168   0.055   0.167
17.77   1.00    0.052    0.167   0.055   0.166

17.78   0.00    0.167    0.166   0.032   0.036   0.004   0.006   0.082   0.006   0.000   0.000   0.000 1108903000
17.78   4.70   48.470
17.78   1.00    0.054    0.001
17.78   1.00    0.055   44.799
17.78   1.00    0.052    0.168   0.055   0.167
17.78   1.00    0.052    0.167   0.055   0.166

17.79   0.00    0.167    0.166   0.032   0.036   0.004   0.006   0.082   0.006   0.000   0.000   0.000 1109526000
17.79   4.70   48.465
17.79   1.00    0.054    0.001
17.79   1.00    0.055   44.790
17.79   1.00    0.052    0.168   0.055   0.167
17.79   1.00    0.052    0.167   0.055   0.166

17.80   0.00    0.167    0.166   0.032   0.036   0.004   0.006   0.082   0.006   0.000   0.000   0.000 1110150000
17.80   4.70   48.459
17.80   1.00    0.054    0.001
17.80   1.00    0.055   44.781
17.80   1.00    0.052    0.168   0.055   0.167
17.80   1.00    0.052    0.167   0.055   0.166

17.81   0.00    0.167    0.166   0.032   0.036   0.004   0.006   0.082   0.006   0.000   0.000   0.000 1110774000
17.81   4.70   48.453
17.81   1.00    0.054    0.001
17.81   1.00    0.055   44.773
17.81   1.00    0.052    0.168   0.055   0.167
17.81   1.00    0.052    0.167   0.055   0.166

17.82   0.00    0.167    0.166   0.032   0.036   0.004   0.006   0.082   0.006   0.000   0.000   0.000 1111397000
17.82   4.70   48.448
17.82   1.00    0.054    0.001
17.82   1.00    0.055   44.764
17.82   1.00    0.052    0.168   0.055   0.167
17.82   1.00    0.052    0.167   0.055   0.166

17.83   0.00    0.167    0.166   0.032   0.036   0.004   0.006   0.082   0.006   0.000   0.000   0.000 1112021000
17.83   4.69   48.442
17.83   1.00    0.054    0.001
17.83   1.00    0.055   44.755
17.83   1.00    0.052    0.168   0.055   0.167
17.83   1.00    0.052    0.167   0.055   0.166

17.84   0.00    0.167    0.166   0.032   0.036   0.004   0.006   0.082   0.006   0.000   0.000   0.000 1112645000
17.84   4.69   48.437
17.84   1.00    0.054    0.001
17.84   1.00    0.055   44.747
17.84   1.00    0.052    0.168   0.055   0.167
17.84   1.00    0.052    0.167   0.055   0.166

17.85   0.00    0.167    0.166   0.032   0.036   0.004   0.006   0.082   0.006   0.000   0.000   0.000 1113268000
17.85   4.69   48.431
17.85   1.00    0.054    0.001
17.85   1.00    0.055   44.738
17.85   1.00    0.052    0.168   0.055   0.167
17.85   1.00    0.052    0.167   0.055   0.166

17.86   0.00    0.167    0.166   0.032   0.036   0.004   0.006   0.082   0.006   0.000   0.000   0.000 1113892000
17.86   4.69   48.425
17.86   1.00    0.054    0.001
17.86   1.00    0.055   44.729
17.86   1.00    0.052    0.168   0.055   0.167
17.86   1.00    0.052    0.167   0.055   0.166

17.87   0.00    0.167    0.166   0.032   0.036   0.004   0.006   0.082   0.006   0.000   0.000   0.000 1114516000
17.87   4.69   48.420
17.87   1.00    0.054    0.001
17.87   1.00    0.055   44.721
17.87   1.00    0.052    0.168   0.055   0.167
17.87   1.00    0.052    0.167   0.055   0.166

17.88   0.00    0.167    0.166   0.032   0.036   0.004   0.006   0.082   0.006   0.000   0.000   0.000 1115139000
17.88   4.69   48.414
17.88   1.00    0.054    0.001
17.88   1.00    0.055   44.712
17.88   1.00    0.052    0.168   0.055   0.167
17.88   1.00    0.052    0.167   0.055   0.166

17.89   0.00    0.167    0.166   0.032   0.036   0.004   0.006   0.082   0.006   0.000   0.000   0.000 1115763000
17.89   4.69   48.409
17.89   1.00    0.054    0.001
17.89   1.00    0.055   44.703
17.89   1.00    0.052    0.168   0.055   0.167
17.89   1.00    0.052    0.167   0.055   0.166

17.90   0.00    0.167    0.166   0.032   0.036   0.004   0.006   0.082   0.006   0.000   0.000   0.000 1116387000
17.90   4.69   48.403
17.90   1.00    0.054    0.001
17.90   1.00    0.055   44.694
17.90   1.00    0.052    0.168   0.055   0.167
17.90   1.00    0.052    0.167   0.055   0.166

17.91   0.00    0.167    0.166   0.032   0.036   0.004   0.006   0.082   0.006   0.000   0.000   0.000 1117011000
17.91   4.69   48.398
17.91   1.00    0.054    0.001
17.91   1.00    0.055   44.686
17.91   1.00    0.052    0.168   0.055   0.167
17.91   1.00    0.052    0.167   0.055   0.166

17.92   0.00    0.167    0.166   0.032   0.036   0.004   0.006   0.082   0.006   0.000   0.000   0.000 1117634000
17.92   4.68   48.392
17.92   1.00    0.054    0.001
17.92   1.00    0.055   44.677
17.92   1.00    0.052    0.168   0.055   0.167
17.92   1.00    0.052    0.167   0.055   0.166

17.93   0.00    0.167    0.166   0.032   0.036   0.004   0.006   0.082   0.006   0.000   0.000   0.000 1118258000
17.93   4.68   48.387
17.93   1.00    0.054    0.001
17.93   1.00    0.055   44.668
17.93   1.00    0.052    0.168   0.055   0.167
17.93   1.00    0.052    0.167   0.055   0.166

17.94   0.00    0.167    0.166   0.032   0.036   0.004   0.006   0.082   0.006   0.000   0.000   0.000 1118882000
17.94   4.68   48.381
17.94   1.00    0.054    0.001
17.94   1.00    0.055   44.660
17.94   1.00    0.052    0.168   0.055   0.167
17.94   1.00    0.052    0.167   0.055   0.166

17.95   0.00    0.167    0.166   0.032   0.036   0.004   0.006   0.082   0.006   0.000   0.000   0.000 1119505000
17.95   4.68   48.376
17.95   1.00    0.054    0.001
17.95   1.00    0.055   44.651
17.95   1.00    0.052    0.168   0.055   0.167
17.95   1.00    0.052    0.167   0.055   0.166

17.96   0.00    0.167    0.166   0.032   0.036   0.004   0.006   0.082   0.006   0.000   0.000   0.000 1120129000
17.96   4.68   48.370
17.96   1.00    0.054    0.001
17.96   1.00    0.055   44.643
17.96   1.00    0.052    0.168   0.055   0.167
17.96   1.00    0.052    0.167   0.055   0.166

17.97   0.00    0.167    0.166   0.032   0.036   0.004   0.006   0.082   0.006   0.000   0.000   0.000 1120753000
17.97   4.68   48.365
17.97   1.00    0.054    0.001
17.97   1.00    0.055   44.634
17.97   1.00    0.052    0.168   0.055   0.167
17.97   1.00    0.052    0.167   0.055   0.166

17.98   0.00    0.167    0.166   0.032   0.036   0.004   0.006   0.082   0.006   0.000   0.000   0.000 1121376000
17.98   4.68   48.359
17.98   1.00    0.054    0.001
17.98   1.00    0.055   44.625
17.98   1.00    0.052    0.168   0.055   0.167
17.98   1.00    0.052    0.167   0.055   0.166

17.99   0.00    0.167    0.166   0.032   0.036   0.004   0.006   0.082   0.006   0.000   0.000   0.000 1122000000
17.99   4.68   48.353
17.99   1.00    0.054    0.001
17.99   1.00    0.055   44.617
17.99   1.00    0.052    0.168   0.055   0.167
17.99   1.00    0.052    0.167   0.055   0.166

18.00   0.00    0.167    0.166   0.032   0.036   0.004   0.006   0.082   0.006   0.000   0.000   0.000 1122624000
18.00   4.68   48.348
18.00   1.00    0.054    0.001
18.00   1.00    0.055   44.608
18.00   1.00    0.052    0.168   0.055   0.167
18.00   1.00    0.052    0.167   0.055   0.166

18.01   0.00    0.167    0.166   0.032   0.036   0.004   0.006   0.082   0.006   0.000   0.000   0.000 1123247000
18.01   4.67   48.342
18.01   1.00    0.054    0.001
18.01   1.00    0.055   44.599
18.01   1.00    0.052    0.168   0.055   0.167
18.01   1.00    0.052    0.167   0.055   0.166

18.02   0.00    0.167    0.166   0.032   0.036   0.004   0.006   0.082   0.006   0.000   0.000   0.000 1123871000
18.02   4.67   48.337
18.02   1.00    0.054    0.001
18.02   1.00    0.055   44.591
18.02   1.00    0.052    0.168   0.055   0.167
18.02   1.00    0.052    0.167   0.055   0.166

18.03   0.00    0.167    0.166   0.032   0.036   0.004   0.006   0.082   0.006   0.000   0.000   0.000 1124495000
18.03   4.67   48.331
18.03   1.00    0.054    0.001
18.03   1.00    0.055   44.582
18.03   1.00    0.052    0.168   0.055   0.167
18.03   1.00    0.052    0.167   0.055   0.166

18.04   0.00    0.167    0.166   0.032   0.036   0.004   0.006   0.082   0.006   0.000   0.000   0.000 1125118000
18.04   4.67   48.326
18.04   1.00    0.054    0.001
18.04   1.00    0.055   44.574
18.04   1.00    0.052    0.168   0.055   0.167
18.04   1.00    0.052    0.167   0.055   0.166

18.05   0.00    0.167    0.166   0.032   0.036   0.004   0.006   0.082   0.006   0.000   0.000   0.000 1125742000
18.05   4.67   48.320
18.05   1.00    0.054    0.001
18.05   1.00    0.055   44.565
18.05   1.00    0.052    0.168   0.055   0.167
18.05   1.00    0.052    0.167   0.055   0.166

18.06   0.00    0.167    0.166   0.032   0.036   0.004   0.006   0.082   0.006   0.000   0.000   0.000 1126366000
18.06   4.67   48.315
18.06   1.00    0.054    0.001
18.06   1.00    0.055   44.556
18.06   1.00    0.052    0.168   0.055   0.167
18.06   1.00    0.052    0.167   0.055   0.166

18.07   0.00    0.167    0.166   0.032   0.036   0.004   0.006   0.082   0.006   0.000   0.000   0.000 1126989000
18.07   4.67   48.309
18.07   1.00    0.054    0.001
18.07   1.00    0.055   44.548
18.07   1.00    0.052    0.168   0.055   0.167
18.07   1.00    0.052    0.167   0.055   0.166

18.08   0.00    0.167    0.166   0.032   0.036   0.004   0.006   0.082   0.006   0.000   0.000   0.000 1127613000
18.08   4.67   48.304
18.08   1.00    0.054    0.001
18.08   1.00    0.055   44.539
18.08   1.00    0.052    0.168   0.055   0.167
18.08   1.00    0.052    0.167   0.055   0.166

18.09   0.00    0.167    0.166   0.032   0.036   0.004   0.006   0.082   0.006   0.000   0.000   0.000 1128237000
18.09   4.67   48.299
18.09   1.00    0.054    0.001
18.09   1.00    0.055   44.531
18.09   1.00    0.052    0.168   0.055   0.167
18.09   1.00    0.052    0.167   0.055   0.166

18.10   0.00    0.167    0.166   0.032   0.036   0.004   0.006   0.082   0.006   0.000   0.000   0.000 1128860000
18.10   4.67   48.293
18.10   1.00    0.054    0.001
18.10   1.00    0.055   44.522
18.10   1.00    0.052    0.168   0.055   0.167
18.10   1.00    0.052    0.167   0.055   0.166

18.11   0.00    0.167    0.166   0.032   0.036   0.004   0.006   0.082   0.006   0.000   0.000   0.000 1129484000
18.11   4.66   48.288
18.11   1.00    0.054    0.001
18.11   1.00    0.055   44.514
18.11   1.00    0.052    0.168   0.055   0.167
18.11   1.00    0.052    0.167   0.055   0.166

18.12   0.00    0.167    0.166   0.032   0.036   0.004   0.006   0.082   0.006   0.000   0.000   0.000 1130108000
18.12   4.66   48.282
18.12   1.00    0.053    0.001
18.12   1.00    0.055   44.505
18.12   1.00    0.052    0.168   0.055   0.167
18.12   1.00    0.052    0.167   0.055   0.166

18.13   0.00    0.167    0.166   0.032   0.036   0.004   0.006   0.082   0.006   0.000   0.000   0.000 1130731000
18.13   4.66   48.277
18.13   1.00    0.053    0.001
18.13   1.00    0.055   44.497
18.13   1.00    0.052    0.168   0.055   0.167
18.13   1.00    0.052    0.167   0.055   0.166

18.14   0.00    0.167    0.166   0.032   0.036   0.004   0.006   0.082   0.006   0.000   0.000   0.000 1131355000
18.14   4.66   48.271
18.14   1.00    0.053    0.001
18.14   1.00    0.055   44.488
18.14   1.00    0.052    0.168   0.055   0.167
18.14   1.00    0.052    0.167   0.055   0.166

18.15   0.00    0.167    0.166   0.032   0.036   0.004   0.006   0.082   0.006   0.000   0.000   0.000 1131979000
18.15   4.66   48.266
18.15   1.00    0.053    0.001
18.15   1.00    0.055   44.479
18.15   1.00    0.052    0.168   0.055   0.167
18.15   1.00    0.052    0.167   0.055   0.166

18.16   0.00    0.167    0.166   0.032   0.036   0.004   0.006   0.082   0.006   0.000   0.000   0.000 1132602000
18.16   4.66   48.260
18.16   1.00    0.053    0.001
18.16   1.00    0.055   44.471
18.16   1.00    0.052    0.168   0.055   0.167
18.16   1.00    0.052    0.167   0.055   0.166

18.17   0.00    0.167    0.166   0.032   0.036   0.004   0.006   0.082   0.006   0.000   0.000   0.000 1133226000
18.17   4.66   48.255
18.17   1.00    0.053    0.001
18.17   1.00    0.055   44.462
18.17   1.00    0.052    0.168   0.055   0.167
18.17   1.00    0.052    0.167   0.055   0.166

18.18   0.00    0.167    0.166   0.032   0.036   0.004   0.006   0.082   0.006   0.000   0.000   0.000 1133850000
18.18   4.66   48.249
18.18   1.00    0.053    0.001
18.18   1.00    0.055   44.454
18.18   1.00    0.052    0.168   0.055   0.167
18.18   1.00    0.052    0.167   0.055   0.166

18.19   0.00    0.167    0.166   0.032   0.036   0.004   0.006   0.082   0.006   0.000   0.000   0.000 1134474000
18.19   4.66   48.244
18.19   1.00    0.053    0.001
18.19   1.00    0.055   44.445
18.19   1.00    0.052    0.168   0.055   0.167
18.19   1.00    0.052    0.167   0.055   0.166

18.20   0.00    0.167    0.166   0.032   0.036   0.004   0.006   0.082   0.006   0.000   0.000   0.000 1135097000
18.20   4.66   48.239
18.20   1.00    0.053    0.001
18.20   1.00    0.055   44.437
18.20   1.00    0.052    0.168   0.055   0.167
18.20   1.00    0.052    0.167   0.055   0.166

18.21   0.00    0.167    0.166   0.032   0.036   0.004   0.006   0.082   0.006   0.000   0.000   0.000 1135721000
18.21   4.65   48.233
18.21   1.00    0.053    0.001
18.21   1.00    0.055   44.428
18.21   1.00    0.052    0.168   0.055   0.167
18.21   1.00    0.052    0.167   0.055   0.166

18.22   0.00    0.167    0.166   0.032   0.036   0.004   0.006   0.082   0.006   0.000   0.000   0.000 1136345000
18.22   4.65   48.228
18.22   1.00    0.053    0.001
18.22   1.00    0.055   44.420
18.22   1.00    0.052    0.168   0.055   0.167
18.22   1.00    0.052    0.167   0.055   0.166

18.23   0.00    0.167    0.166   0.032   0.036   0.004   0.006   0.082   0.006   0.000   0.000   0.000 1136968000
18.23   4.65   48.222
18.23   1.00    0.053    0.001
18.23   1.00    0.055   44.411
18.23   1.00    0.052    0.168   0.055   0.167
18.23   1.00    0.052    0.167   0.055   0.166

18.24   0.00    0.167    0.166   0.032   0.036   0.004   0.006   0.082   0.006   0.000   0.000   0.000 1137592000
18.24   4.65   48.217
18.24   1.00    0.053    0.001
18.24   1.00    0.055   44.403
18.24   1.00    0.052    0.168   0.055   0.167
18.24   1.00    0.052    0.167   0.055   0.166

18.25   0.00    0.167    0.166   0.032   0.036   0.004   0.006   0.082   0.006   0.000   0.000   0.000 1138216000
18.25   4.65   48.212
18.25   1.00    0.053    0.001
18.25   1.00    0.055   44.394
18.25   1.00    0.052    0.168   0.055   0.167
18.25   1.00    0.052    0.167   0.055   0.166

18.26   0.00    0.167    0.166   0.032   0.036   0.004   0.006   0.082   0.006   0.000   0.000   0.000 1138839000
18.26   4.65   48.206
18.26   1.00    0.053    0.001
18.26   1.00    0.055   44.386
18.26   1.00    0.052    0.168   0.055   0.167
18.26   1.00    0.052    0.167   0.055   0.166

18.27   0.00    0.167    0.166   0.032   0.036   0.004   0.006   0.082   0.006   0.000   0.000   0.000 1139463000
18.27   4.65   48.201
18.27   1.00    0.053    0.001
18.27   1.00    0.055   44.377
18.27   1.00    0.052    0.168   0.055   0.167
18.27   1.00    0.052    0.167   0.055   0.166

18.28   0.00    0.167    0.166   0.032   0.036   0.004   0.006   0.082   0.006   0.000   0.000   0.000 1140087000
18.28   4.65   48.195
18.28   1.00    0.053    0.001
18.28   1.00    0.055   44.369
18.28   1.00    0.052    0.168   0.055   0.167
18.28   1.00    0.052    0.167   0.055   0.166

18.29   0.00    0.167    0.166   0.032   0.036   0.004   0.006   0.082   0.006   0.000   0.000   0.000 1140710000
18.29   4.65   48.190
18.29   1.00    0.053    0.001
18.29   1.00    0.055   44.360
18.29   1.00    0.052    0.168   0.055   0.167
18.29   1.00    0.052    0.167   0.055   0.166

18.30   0.00    0.167    0.166   0.032   0.036   0.004   0.006   0.082   0.006   0.000   0.000   0.000 1141334000
18.30   4.64   48.185
18.30   1.00    0.053    0.001
18.30   1.00    0.055   44.352
18.30   1.00    0.052    0.168   0.055   0.167
18.30   1.00    0.052    0.167   0.055   0.166

18.31   0.00    0.167    0.166   0.032   0.036   0.004   0.006   0.082   0.006   0.000   0.000   0.000 1141958000
18.31   4.64   48.179
18.31   1.00    0.053    0.001
18.31   1.00    0.055   44.344
18.31   1.00    0.052    0.168   0.055   0.167
18.31   1.00    0.052    0.167   0.055   0.166

18.32   0.00    0.167    0.166   0.032   0.036   0.004   0.006   0.082   0.006   0.000   0.000   0.000 1142581000
18.32   4.64   48.174
18.32   1.00    0.053    0.001
18.32   1.00    0.055   44.335
18.32   1.00    0.052    0.168   0.055   0.167
18.32   1.00    0.052    0.167   0.055   0.166

18.33   0.00    0.167    0.166   0.032   0.036   0.004   0.006   0.082   0.006   0.000   0.000   0.000 1143205000
18.33   4.64   48.169
18.33   1.00    0.053    0.001
18.33   1.00    0.055   44.327
18.33   1.00    0.052    0.168   0.055   0.167
18.33   1.00    0.052    0.167   0.055   0.166

18.34   0.00    0.167    0.166   0.032   0.036   0.004   0.006   0.082   0.006   0.000   0.000   0.000 1143829000
18.34   4.64   48.163
18.34   1.00    0.053    0.001
18.34   1.00    0.055   44.318
18.34   1.00    0.052    0.168   0.055   0.167
18.34   1.00    0.052    0.167   0.055   0.166

18.35   0.00    0.167    0.166   0.032   0.036   0.004   0.006   0.082   0.006   0.000   0.000   0.000 1144452000
18.35   4.64   48.158
18.35   1.00    0.053    0.001
18.35   1.00    0.055   44.310
18.35   1.00    0.052    0.168   0.055   0.167
18.35   1.00    0.052    0.167   0.055   0.166

18.36   0.00    0.167    0.166   0.032   0.036   0.004   0.006   0.082   0.006   0.000   0.000   0.000 1145076000
18.36   4.64   48.152
18.36   1.00    0.053    0.001
18.36   1.00    0.055   44.301
18.36   1.00    0.052    0.168   0.055   0.167
18.36   1.00    0.052    0.167   0.055   0.166

18.37   0.00    0.167    0.166   0.032   0.036   0.004   0.006   0.082   0.006   0.000   0.000   0.000 1145700000
18.37   4.64   48.147
18.37   1.00    0.053    0.001
18.37   1.00    0.055   44.293
18.37   1.00    0.052    0.168   0.055   0.167
18.37   1.00    0.052    0.167   0.055   0.166

18.38   0.00    0.167    0.166   0.032   0.036   0.004   0.006   0.082   0.006   0.000   0.000   0.000 1146323000
18.38   4.64   48.142
18.38   1.00    0.053    0.001
18.38   1.00    0.055   44.285
18.38   1.00    0.052    0.168   0.055   0.167
18.38   1.00    0.052    0.167   0.055   0.166

18.39   0.00    0.167    0.166   0.032   0.036   0.004   0.006   0.082   0.006   0.000   0.000   0.000 1146947000
18.39   4.64   48.136
18.39   1.00    0.053    0.001
18.39   1.00    0.054   44.276
18.39   1.00    0.052    0.168   0.054   0.167
18.39   1.00    0.052    0.167   0.054   0.166

18.40   0.00    0.167    0.166   0.032   0.036   0.004   0.006   0.082   0.006   0.000   0.000   0.000 1147571000
18.40   4.63   48.131
18.40   1.00    0.053    0.001
18.40   1.00    0.054   44.268
18.40   1.00    0.052    0.168   0.054   0.167
18.40   1.00    0.052    0.167   0.054   0.166

18.41   0.00    0.167    0.166   0.032   0.036   0.004   0.006   0.082   0.006   0.000   0.000   0.000 1148195000
18.41   4.63   48.126
18.41   1.00    0.053    0.001
18.41   1.00    0.054   44.259
18.41   1.00    0.052    0.168   0.054   0.167
18.41   1.00    0.052    0.167   0.054   0.166

18.42   0.00    0.167    0.166   0.032   0.036   0.004   0.006   0.082   0.006   0.000   0.000   0.000 1148818000
18.42   4.63   48.120
18.42   1.00    0.053    0.001
18.42   1.00    0.054   44.251
18.42   1.00    0.052    0.168   0.054   0.167
18.42   1.00    0.052    0.167   0.054   0.166

18.43   0.00    0.167    0.166   0.032   0.036   0.004   0.006   0.082   0.006   0.000   0.000   0.000 1149442000
18.43   4.63   48.115
18.43   1.00    0.053    0.001
18.43   1.00    0.054   44.243
18.43   1.00    0.052    0.168   0.054   0.167
18.43   1.00    0.052    0.167   0.054   0.166

18.44   0.00    0.167    0.166   0.032   0.036   0.004   0.006   0.082   0.006   0.000   0.000   0.000 1150066000
18.44   4.63   48.110
18.44   1.00    0.053    0.001
18.44   1.00    0.054   44.234
18.44   1.00    0.052    0.168   0.054   0.167
18.44   1.00    0.052    0.167   0.054   0.166

18.45   0.00    0.167    0.166   0.032   0.036   0.004   0.006   0.082   0.006   0.000   0.000   0.000 1150689000
18.45   4.63   48.104
18.45   1.00    0.053    0.001
18.45   1.00    0.054   44.226
18.45   1.00    0.051    0.168   0.054   0.167
18.45   1.00    0.052    0.167   0.054   0.166

18.46   0.00    0.167    0.166   0.032   0.036   0.004   0.006   0.082   0.006   0.000   0.000   0.000 1151313000
18.46   4.63   48.099
18.46   1.00    0.053    0.001
18.46   1.00    0.054   44.217
18.46   1.00    0.051    0.168   0.054   0.167
18.46   1.00    0.051    0.167   0.054   0.166

18.47   0.00    0.167    0.166   0.032   0.036   0.004   0.006   0.082   0.006   0.000   0.000   0.000 1151937000
18.47   4.63   48.094
18.47   1.00    0.053    0.001
18.47   1.00    0.054   44.209
18.47   1.00    0.051    0.168   0.054   0.167
18.47   1.00    0.051    0.167   0.054   0.166

18.48   0.00    0.167    0.166   0.032   0.036   0.004   0.006   0.082   0.006   0.000   0.000   0.000 1152560000
18.48   4.63   48.088
18.48   1.00    0.053    0.001
18.48   1.00    0.054   44.201
18.48   1.00    0.051    0.168   0.054   0.167
18.48   1.00    0.051    0.167   0.054   0.166

18.49   0.00    0.167    0.166   0.032   0.036   0.004   0.006   0.082   0.006   0.000   0.000   0.000 1153184000
18.49   4.63   48.083
18.49   1.00    0.053    0.001
18.49   1.00    0.054   44.192
18.49   1.00    0.051    0.168   0.054   0.167
18.49   1.00    0.051    0.167   0.054   0.166

18.50   0.00    0.167    0.166   0.032   0.036   0.004   0.006   0.082   0.006   0.000   0.000   0.000 1153808000
18.50   4.62   48.078
18.50   1.00    0.053    0.001
18.50   1.00    0.054   44.184
18.50   1.00    0.051    0.168   0.054   0.167
18.50   1.00    0.051    0.167   0.054   0.166

18.51   0.00    0.167    0.166   0.032   0.036   0.004   0.006   0.082   0.006   0.000   0.000   0.000 1154431000
18.51   4.62   48.073
18.51   1.00    0.053    0.001
18.51   1.00    0.054   44.176
18.51   1.00    0.051    0.168   0.054   0.167
18.51   1.00    0.051    0.167   0.054   0.166

18.52   0.00    0.167    0.166   0.032   0.036   0.004   0.006   0.082   0.006   0.000   0.000   0.000 1155055000
18.52   4.62   48.067
18.52   1.00    0.053    0.001
18.52   1.00    0.054   44.167
18.52   1.00    0.051    0.168   0.054   0.167
18.52   1.00    0.051    0.167   0.054   0.166

18.53   0.00    0.167    0.166   0.032   0.036   0.004   0.006   0.082   0.006   0.000   0.000   0.000 1155679000
18.53   4.62   48.062
18.53   1.00    0.053    0.001
18.53   1.00    0.054   44.159
18.53   1.00    0.051    0.168   0.054   0.167
18.53   1.00    0.051    0.167   0.054   0.166

18.54   0.00    0.167    0.166   0.032   0.036   0.004   0.006   0.082   0.006   0.000   0.000   0.000 1156302000
18.54   4.62   48.057
18.54   1.00    0.053    0.001
18.54   1.00    0.054   44.151
18.54   1.00    0.051    0.168   0.054   0.167
18.54   1.00    0.051    0.167   0.054   0.166

18.55   0.00    0.167    0.166   0.032   0.036   0.004   0.006   0.082   0.006   0.000   0.000   0.000 1156926000
18.55   4.62   48.051
18.55   1.00    0.053    0.001
18.55   1.00    0.054   44.142
18.55   1.00    0.051    0.168   0.054   0.167
18.55   1.00    0.051    0.167   0.054   0.166

18.56   0.00    0.167    0.166   0.032   0.036   0.004   0.006   0.082   0.006   0.000   0.000   0.000 1157550000
18.56   4.62   48.046
18.56   1.00    0.053    0.001
18.56   1.00    0.054   44.134
18.56   1.00    0.051    0.168   0.054   0.167
18.56   1.00    0.051    0.167   0.054   0.166

18.57   0.00    0.167    0.166   0.032   0.036   0.004   0.006   0.082   0.006   0.000   0.000   0.000 1158173000
18.57   4.62   48.041
18.57   1.00    0.053    0.001
18.57   1.00    0.054   44.126
18.57   1.00    0.051    0.168   0.054   0.167
18.57   1.00    0.051    0.167   0.054   0.166

18.58   0.00    0.167    0.166   0.032   0.036   0.004   0.006   0.082   0.006   0.000   0.000   0.000 1158797000
18.58   4.62   48.036
18.58   1.00    0.053    0.001
18.58   1.00    0.054   44.117
18.58   1.00    0.051    0.168   0.054   0.167
18.58   1.00    0.051    0.167   0.054   0.166

18.59   0.00    0.167    0.166   0.032   0.036   0.004   0.006   0.082   0.006   0.000   0.000   0.000 1159421000
18.59   4.62   48.030
18.59   1.00    0.053    0.001
18.59   1.00    0.054   44.109
18.59   1.00    0.051    0.168   0.054   0.167
18.59   1.00    0.051    0.167   0.054   0.166

18.60   0.00    0.167    0.166   0.032   0.036   0.004   0.006   0.082   0.006   0.000   0.000   0.000 1160044000
18.60   4.62   48.025
18.60   1.00    0.053    0.001
18.60   1.00    0.054   44.101
18.60   1.00    0.051    0.168   0.054   0.167
18.60   1.00    0.051    0.167   0.054   0.166

18.61   0.00    0.167    0.166   0.032   0.036   0.004   0.006   0.082   0.006   0.000   0.000   0.000 1160668000
18.61   4.61   48.020
18.61   1.00    0.053    0.001
18.61   1.00    0.054   44.092
18.61   1.00    0.051    0.168   0.054   0.167
18.61   1.00    0.051    0.167   0.054   0.166

18.62   0.00    0.167    0.166   0.032   0.036   0.004   0.006   0.082   0.006   0.000   0.000   0.000 1161292000
18.62   4.61   48.015
18.62   1.00    0.053    0.001
18.62   1.00    0.054   44.084
18.62   1.00    0.051    0.168   0.054   0.167
18.62   1.00    0.051    0.167   0.054   0.166

18.63   0.00    0.167    0.166   0.032   0.036   0.004   0.006   0.082   0.006   0.000   0.000   0.000 1161915000
18.63   4.61   48.009
18.63   1.00    0.053    0.001
18.63   1.00    0.054   44.076
18.63   1.00    0.051    0.168   0.054   0.167
18.63   1.00    0.051    0.167   0.054   0.166

18.64   0.00    0.167    0.166   0.032   0.036   0.004   0.006   0.082   0.006   0.000   0.000   0.000 1162539000
18.64   4.61   48.004
18.64   1.00    0.053    0.001
18.64   1.00    0.054   44.068
18.64   1.00    0.051    0.168   0.054   0.167
18.64   1.00    0.051    0.167   0.054   0.166

18.65   0.00    0.167    0.166   0.032   0.036   0.004   0.006   0.082   0.006   0.000   0.000   0.000 1163163000
18.65   4.61   47.999
18.65   1.00    0.053    0.001
18.65   1.00    0.054   44.059
18.65   1.00    0.051    0.168   0.054   0.167
18.65   1.00    0.051    0.167   0.054   0.166

18.66   0.00    0.167    0.166   0.032   0.036   0.004   0.006   0.082   0.006   0.000   0.000   0.000 1163786000
18.66   4.61   47.994
18.66   1.00    0.053    0.001
18.66   1.00    0.054   44.051
18.66   1.00    0.051    0.168   0.054   0.167
18.66   1.00    0.051    0.167   0.054   0.166

18.67   0.00    0.167    0.166   0.032   0.036   0.004   0.006   0.082   0.006   0.000   0.000   0.000 1164410000
18.67   4.61   47.988
18.67   1.00    0.053    0.001
18.67   1.00    0.054   44.043
18.67   1.00    0.051    0.168   0.054   0.167
18.67   1.00    0.051    0.167   0.054   0.166

18.68   0.00    0.167    0.166   0.032   0.036   0.004   0.006   0.082   0.006   0.000   0.000   0.000 1165034000
18.68   4.61   47.983
18.68   1.00    0.053    0.001
18.68   1.00    0.054   44.035
18.68   1.00    0.051    0.168   0.054   0.167
18.68   1.00    0.051    0.167   0.054   0.166

18.69   0.00    0.167    0.166   0.032   0.036   0.004   0.006   0.082   0.006   0.000   0.000   0.000 1165658000
18.69   4.61   47.978
18.69   1.00    0.053    0.001
18.69   1.00    0.054   44.026
18.69   1.00    0.051    0.168   0.054   0.167
18.69   1.00    0.051    0.167   0.054   0.166

18.70   0.00    0.167    0.166   0.032   0.036   0.004   0.006   0.082   0.006   0.000   0.000   0.000 1166281000
18.70   4.61   47.973
18.70   1.00    0.053    0.001
18.70   1.00    0.054   44.018
18.70   1.00    0.051    0.167   0.054   0.167
18.70   1.00    0.051    0.167   0.054   0.166

18.71   0.00    0.167    0.166   0.032   0.036   0.004   0.006   0.082   0.006   0.000   0.000   0.000 1166905000
18.71   4.60   47.967
18.71   1.00    0.053    0.001
18.71   1.00    0.054   44.010
18.71   1.00    0.051    0.167   0.054   0.167
18.71   1.00    0.051    0.167   0.054   0.166

18.72   0.00    0.167    0.166   0.032   0.036   0.004   0.006   0.082   0.006   0.000   0.000   0.000 1167529000
18.72   4.60   47.962
18.72   1.00    0.053    0.001
18.72   1.00    0.054   44.002
18.72   1.00    0.051    0.167   0.054   0.167
18.72   1.00    0.051    0.167   0.054   0.166

18.73   0.00    0.167    0.166   0.032   0.036   0.004   0.006   0.082   0.006   0.000   0.000   0.000 1168152000
18.73   4.60   47.957
18.73   1.00    0.053    0.001
18.73   1.00    0.054   43.993
18.73   1.00    0.051    0.167   0.054   0.167
18.73   1.00    0.051    0.167   0.054   0.166

18.74   0.00    0.167    0.166   0.032   0.036   0.004   0.006   0.082   0.006   0.000   0.000   0.000 1168776000
18.74   4.60   47.952
18.74   1.00    0.053    0.001
18.74   1.00    0.054   43.985
18.74   1.00    0.051    0.167   0.054   0.167
18.74   1.00    0.051    0.167   0.054   0.166

18.75   0.00    0.167    0.166   0.032   0.036   0.004   0.006   0.082   0.006   0.000   0.000   0.000 1169400000
18.75   4.60   47.947
18.75   1.00    0.053    0.001
18.75   1.00    0.054   43.977
18.75   1.00    0.051    0.167   0.054   0.167
18.75   1.00    0.051    0.167   0.054   0.166

18.76   0.00    0.167    0.166   0.032   0.036   0.004   0.006   0.082   0.006   0.000   0.000   0.000 1170023000
18.76   4.60   47.941
18.76   1.00    0.053    0.001
18.76   1.00    0.054   43.969
18.76   1.00    0.051    0.167   0.054   0.167
18.76   1.00    0.051    0.167   0.054   0.166

18.77   0.00    0.167    0.166   0.032   0.036   0.004   0.006   0.082   0.006   0.000   0.000   0.000 1170647000
18.77   4.60   47.936
18.77   1.00    0.053    0.001
18.77   1.00    0.054   43.960
18.77   1.00    0.051    0.167   0.054   0.167
18.77   1.00    0.051    0.167   0.054   0.166

18.78   0.00    0.166    0.166   0.032   0.036   0.004   0.006   0.082   0.006   0.000   0.000   0.000 1171271000
18.78   4.60   47.931
18.78   1.00    0.053    0.001
18.78   1.00    0.054   43.952
18.78   1.00    0.051    0.167   0.054   0.167
18.78   1.00    0.051    0.167   0.054   0.166

18.79   0.00    0.166    0.166   0.032   0.036   0.004   0.006   0.082   0.006   0.000   0.000   0.000 1171894000
18.79   4.60   47.926
18.79   1.00    0.053    0.001
18.79   1.00    0.054   43.944
18.79   1.00    0.051    0.167   0.054   0.167
18.79   1.00    0.051    0.167   0.054   0.166

18.80   0.00    0.166    0.166   0.032   0.036   0.004   0.006   0.082   0.006   0.000   0.000   0.000 1172518000
18.80   4.60   47.921
18.80   1.00    0.053    0.001
18.80   1.00    0.054   43.936
18.80   1.00    0.051    0.167   0.054   0.167
18.80   1.00    0.051    0.167   0.054   0.166

18.81   0.00    0.166    0.166   0.032   0.036   0.004   0.006   0.082   0.006   0.000   0.000   0.000 1173142000
18.81   4.59   47.915
18.81   1.00    0.053    0.001
18.81   1.00    0.054   43.928
18.81   1.00    0.051    0.167   0.054   0.167
18.81   1.00    0.051    0.167   0.054   0.166

18.82   0.00    0.166    0.166   0.032   0.036   0.004   0.006   0.082   0.006   0.000   0.000   0.000 1173765000
18.82   4.59   47.910
18.82   1.00    0.053    0.001
18.82   1.00    0.054   43.919
18.82   1.00    0.051    0.167   0.054   0.167
18.82   1.00    0.051    0.167   0.054   0.166

18.83   0.00    0.166    0.166   0.032   0.036   0.004   0.006   0.082   0.006   0.000   0.000   0.000 1174389000
18.83   4.59   47.905
18.83   1.00    0.053    0.001
18.83   1.00    0.054   43.911
18.83   1.00    0.051    0.167   0.054   0.167
18.83   1.00    0.051    0.167   0.054   0.166

18.84   0.00    0.166    0.166   0.032   0.036   0.004   0.006   0.082   0.006   0.000   0.000   0.000 1175013000
18.84   4.59   47.900
18.84   1.00    0.052    0.001
18.84   1.00    0.054   43.903
18.84   1.00    0.051    0.167   0.054   0.167
18.84   1.00    0.051    0.167   0.054   0.166

18.85   0.00    0.166    0.166   0.032   0.036   0.004   0.006   0.082   0.006   0.000   0.000   0.000 1175636000
18.85   4.59   47.895
18.85   1.00    0.052    0.001
18.85   1.00    0.054   43.895
18.85   1.00    0.051    0.167   0.054   0.167
18.85   1.00    0.051    0.167   0.054   0.166

18.86   0.00    0.166    0.166   0.032   0.036   0.004   0.006   0.082   0.006   0.000   0.000   0.000 1176260000
18.86   4.59   47.890
18.86   1.00    0.052    0.001
18.86   1.00    0.054   43.887
18.86   1.00    0.051    0.167   0.054   0.167
18.86   1.00    0.051    0.167   0.054   0.166

18.87   0.00    0.166    0.166   0.032   0.036   0.004   0.006   0.082   0.006   0.000   0.000   0.000 1176884000
18.87   4.59   47.884
18.87   1.00    0.052    0.001
18.87   1.00    0.054   43.879
18.87   1.00    0.051    0.167   0.054   0.167
18.87   1.00    0.051    0.167   0.054   0.166

18.88   0.00    0.166    0.166   0.032   0.036   0.004   0.006   0.082   0.006   0.000   0.000   0.000 1177507000
18.88   4.59   47.879
18.88   1.00    0.052    0.001
18.88   1.00    0.054   43.870
18.88   1.00    0.051    0.167   0.054   0.167
18.88   1.00    0.051    0.167   0.054   0.166

18.89   0.00    0.166    0.166   0.032   0.036   0.004   0.006   0.082   0.006   0.000   0.000   0.000 1178131000
18.89   4.59   47.874
18.89   1.00    0.052    0.001
18.89   1.00    0.054   43.862
18.89   1.00    0.051    0.167   0.054   0.167
18.89   1.00    0.051    0.167   0.054   0.166

18.90   0.00    0.166    0.166   0.032   0.036   0.004   0.006   0.082   0.006   0.000   0.000   0.000 1178755000
18.90   4.59   47.869
18.90   1.00    0.052    0.001
18.90   1.00    0.054   43.854
18.90   1.00    0.051    0.167   0.054   0.167
18.90   1.00    0.051    0.167   0.054   0.166

18.91   0.00    0.166    0.166   0.032   0.036   0.004   0.006   0.082   0.006   0.000   0.000   0.000 1179378000
18.91   4.59   47.864
18.91   1.00    0.052    0.001
18.91   1.00    0.054   43.846
18.91   1.00    0.051    0.167   0.054   0.166
18.91   1.00    0.051    0.167   0.054   0.166

18.92   0.00    0.166    0.166   0.032   0.036   0.004   0.006   0.082   0.006   0.000   0.000   0.000 1180002000
18.92   4.58   47.859
18.92   1.00    0.052    0.001
18.92   1.00    0.054   43.838
18.92   1.00    0.051    0.167   0.054   0.166
18.92   1.00    0.051    0.167   0.054   0.166

18.93   0.00    0.166    0.166   0.032   0.036   0.004   0.006   0.082   0.006   0.000   0.000   0.000 1180626000
18.93   4.58   47.854
18.93   1.00    0.052    0.001
18.93   1.00    0.054   43.830
18.93   1.00    0.051    0.167   0.054   0.166
18.93   1.00    0.051    0.167   0.054   0.166

18.94   0.00    0.166    0.166   0.032   0.036   0.004   0.006   0.082   0.006   0.000   0.000   0.000 1181250000
18.94   4.58   47.848
18.94   1.00    0.052    0.001
18.94   1.00    0.054   43.822
18.94   1.00    0.051    0.167   0.054   0.166
18.94   1.00    0.051    0.167   0.054   0.166

18.95   0.00    0.166    0.166   0.032   0.036   0.004   0.006   0.082   0.006   0.000   0.000   0.000 1181873000
18.95   4.58   47.843
18.95   1.00    0.052    0.001
18.95   1.00    0.054   43.813
18.95   1.00    0.051    0.167   0.054   0.166
18.95   1.00    0.051    0.167   0.054   0.166

18.96   0.00    0.166    0.166   0.032   0.036   0.004   0.006   0.082   0.006   0.000   0.000   0.000 1182497000
18.96   4.58   47.838
18.96   1.00    0.052    0.001
18.96   1.00    0.054   43.805
18.96   1.00    0.051    0.167   0.054   0.166
18.96   1.00    0.051    0.167   0.054   0.166

18.97   0.00    0.166    0.166   0.032   0.036   0.004   0.006   0.082   0.006   0.000   0.000   0.000 1183121000
18.97   4.58   47.833
18.97   1.00    0.052    0.001
18.97   1.00    0.054   43.797
18.97   1.00    0.051    0.167   0.054   0.166
18.97   1.00    0.051    0.167   0.054   0.166

18.98   0.00    0.166    0.166   0.032   0.036   0.004   0.006   0.082   0.006   0.000   0.000   0.000 1183744000
18.98   4.58   47.828
18.98   1.00    0.052    0.001
18.98   1.00    0.054   43.789
18.98   1.00    0.051    0.167   0.054   0.166
18.98   1.00    0.051    0.167   0.054   0.166

18.99   0.00    0.166    0.166   0.032   0.036   0.004   0.006   0.082   0.006   0.000   0.000   0.000 1184368000
18.99   4.58   47.823
18.99   1.00    0.052    0.001
18.99   1.00    0.054   43.781
18.99   1.00    0.051    0.167   0.054   0.166
18.99   1.00    0.051    0.167   0.054   0.166

19.00   0.00    0.166    0.166   0.032   0.036   0.004   0.006   0.082   0.006   0.000   0.000   0.000 1184992000
19.00   4.58   47.818
19.00   1.00    0.052    0.001
19.00   1.00    0.054   43.773
19.00   1.00    0.051    0.167   0.054   0.166
19.00   1.00    0.051    0.167   0.054   0.166

19.01   0.00    0.166    0.166   0.032   0.036   0.004   0.006   0.082   0.006   0.000   0.000   0.000 1185615000
19.01   4.58   47.813
19.01   1.00    0.052    0.001
19.01   1.00    0.054   43.765
19.01   1.00    0.051    0.167   0.054   0.166
19.01   1.00    0.051    0.167   0.054   0.166

19.02   0.00    0.166    0.166   0.032   0.036   0.004   0.006   0.082   0.006   0.000   0.000   0.000 1186239000
19.02   4.57   47.808
19.02   1.00    0.052    0.001
19.02   1.00    0.054   43.757
19.02   1.00    0.051    0.167   0.054   0.166
19.02   1.00    0.051    0.167   0.054   0.166

19.03   0.00    0.166    0.166   0.032   0.036   0.004   0.006   0.082   0.006   0.000   0.000   0.000 1186863000
19.03   4.57   47.802
19.03   1.00    0.052    0.001
19.03   1.00    0.054   43.749
19.03   1.00    0.051    0.167   0.054   0.166
19.03   1.00    0.051    0.167   0.054   0.166

19.04   0.00    0.166    0.166   0.032   0.036   0.004   0.006   0.082   0.006   0.000   0.000   0.000 1187486000
19.04   4.57   47.797
19.04   1.00    0.052    0.001
19.04   1.00    0.054   43.741
19.04   1.00    0.051    0.167   0.054   0.166
19.04   1.00    0.051    0.167   0.054   0.166

19.05   0.00    0.166    0.166   0.032   0.036   0.004   0.006   0.082   0.006   0.000   0.000   0.000 1188110000
19.05   4.57   47.792
19.05   1.00    0.052    0.001
19.05   1.00    0.054   43.733
19.05   1.00    0.051    0.167   0.054   0.166
19.05   1.00    0.051    0.167   0.054   0.166

19.06   0.00    0.166    0.166   0.032   0.036   0.004   0.006   0.082   0.006   0.000   0.000   0.000 1188734000
19.06   4.57   47.787
19.06   1.00    0.052    0.001
19.06   1.00    0.054   43.724
19.06   1.00    0.051    0.167   0.054   0.166
19.06   1.00    0.051    0.167   0.054   0.166

19.07   0.00    0.166    0.166   0.032   0.036   0.004   0.006   0.082   0.006   0.000   0.000   0.000 1189357000
19.07   4.57   47.782
19.07   1.00    0.052    0.001
19.07   1.00    0.054   43.716
19.07   1.00    0.051    0.167   0.054   0.166
19.07   1.00    0.051    0.167   0.054   0.166

19.08   0.00    0.166    0.166   0.032   0.036   0.004   0.006   0.082   0.006   0.000   0.000   0.000 1189981000
19.08   4.57   47.777
19.08   1.00    0.052    0.001
19.08   1.00    0.054   43.708
19.08   1.00    0.051    0.167   0.054   0.166
19.08   1.00    0.051    0.166   0.054   0.166

19.09   0.00    0.166    0.166   0.032   0.036   0.004   0.006   0.082   0.006   0.000   0.000   0.000 1190605000
19.09   4.57   47.772
19.09   1.00    0.052    0.001
19.09   1.00    0.054   43.700
19.09   1.00    0.051    0.167   0.054   0.166
19.09   1.00    0.051    0.166   0.054   0.166

19.10   0.00    0.166    0.166   0.032   0.036   0.004   0.006   0.082   0.006   0.000   0.000   0.000 1191228000
19.10   4.57   47.767
19.10   1.00    0.052    0.001
19.10   1.00    0.054   43.692
19.10   1.00    0.051    0.167   0.054   0.166
19.10   1.00    0.051    0.166   0.054   0.166

19.11   0.00    0.166    0.166   0.032   0.036   0.004   0.006   0.082   0.006   0.000   0.000   0.000 1191852000
19.11   4.57   47.762
19.11   1.00    0.052    0.001
19.11   1.00    0.054   43.684
19.11   1.00    0.051    0.167   0.054   0.166
19.11   1.00    0.051    0.166   0.054   0.166

19.12   0.00    0.166    0.166   0.032   0.036   0.004   0.006   0.082   0.006   0.000   0.000   0.000 1192476000
19.12   4.57   47.757
19.12   1.00    0.052    0.001
19.12   1.00    0.054   43.676
19.12   1.00    0.051    0.167   0.054   0.166
19.12   1.00    0.051    0.166   0.054   0.166

19.13   0.00    0.166    0.166   0.032   0.036   0.004   0.006   0.082   0.006   0.000   0.000   0.000 1193099000
19.13   4.56   47.752
19.13   1.00    0.052    0.001
19.13   1.00    0.053   43.668
19.13   1.00    0.051    0.167   0.053   0.166
19.13   1.00    0.051    0.166   0.053   0.166

19.14   0.00    0.166    0.166   0.032   0.036   0.004   0.006   0.082   0.006   0.000   0.000   0.000 1193723000
19.14   4.56   47.747
19.14   1.00    0.052    0.001
19.14   1.00    0.053   43.660
19.14   1.00    0.051    0.167   0.053   0.166
19.14   1.00    0.051    0.166   0.053   0.166

19.15   0.00    0.166    0.166   0.032   0.036   0.004   0.006   0.082   0.006   0.000   0.000   0.000 1194347000
19.15   4.56   47.742
19.15   1.00    0.052    0.001
19.15   1.00    0.053   43.652
19.15   1.00    0.051    0.167   0.053   0.166
19.15   1.00    0.051    0.166   0.053   0.166

19.16   0.00    0.166    0.166   0.032   0.036   0.004   0.006   0.082   0.006   0.000   0.000   0.000 1194970000
19.16   4.56   47.737
19.16   1.00    0.052    0.001
19.16   1.00    0.053   43.644
19.16   1.00    0.051    0.167   0.053   0.166
19.16   1.00    0.051    0.166   0.053   0.166

19.17   0.00    0.166    0.166   0.032   0.036   0.004   0.006   0.082   0.006   0.000   0.000   0.000 1195594000
19.17   4.56   47.732
19.17   1.00    0.052    0.001
19.17   1.00    0.053   43.636
19.17   1.00    0.051    0.167   0.053   0.166
19.17   1.00    0.051    0.166   0.053   0.166

19.18   0.00    0.166    0.166   0.032   0.036   0.004   0.006   0.082   0.006   0.000   0.000   0.000 1196218000
19.18   4.56   47.726
19.18   1.00    0.052    0.001
19.18   1.00    0.053   43.628
19.18   1.00    0.051    0.167   0.053   0.166
19.18   1.00    0.051    0.166   0.053   0.166

19.19   0.00    0.166    0.166   0.032   0.036   0.004   0.006   0.082   0.006   0.000   0.000   0.000 1196842000
19.19   4.56   47.721
19.19   1.00    0.052    0.001
19.19   1.00    0.053   43.620
19.19   1.00    0.051    0.167   0.053   0.166
19.19   1.00    0.051    0.166   0.053   0.166

19.20   0.00    0.166    0.166   0.032   0.036   0.004   0.006   0.082   0.006   0.000   0.000   0.000 1197465000
19.20   4.56   47.716
19.20   1.00    0.052    0.001
19.20   1.00    0.053   43.612
19.20   1.00    0.050    0.167   0.053   0.166
19.20   1.00    0.051    0.166   0.053   0.166

19.21   0.00    0.166    0.165   0.032   0.036   0.004   0.006   0.082   0.006   0.000   0.000   0.000 1198089000
19.21   4.56   47.711
19.21   1.00    0.052    0.001
19.21   1.00    0.053   43.604
19.21   1.00    0.050    0.167   0.053   0.166
19.21   1.00    0.050    0.166   0.053   0.166

19.22   0.00    0.166    0.165   0.032   0.036   0.004   0.006   0.082   0.006   0.000   0.000   0.000 1198713000
19.22   4.56   47.706
19.22   1.00    0.052    0.001
19.22   1.00    0.053   43.596
19.22   1.00    0.050    0.167   0.053   0.166
19.22   1.00    0.050    0.166   0.053   0.166

19.23   0.00    0.166    0.165   0.032   0.036   0.004   0.006   0.082   0.006   0.000   0.000   0.000 1199336000
19.23   4.56   47.701
19.23   1.00    0.052    0.001
19.23   1.00    0.053   43.588
19.23   1.00    0.050    0.167   0.053   0.166
19.23   1.00    0.050    0.166   0.053   0.166

19.24   0.00    0.166    0.165   0.032   0.036   0.004   0.006   0.082   0.006   0.000   0.000   0.000 1199960000
19.24   4.55   47.696
19.24   1.00    0.052    0.001
19.24   1.00    0.053   43.580
19.24   1.00    0.050    0.167   0.053   0.166
19.24   1.00    0.050    0.166   0.053   0.166

19.25   0.00    0.166    0.165   0.032   0.036   0.004   0.006   0.082   0.006   0.000   0.000   0.000 1200584000
19.25   4.55   47.691
19.25   1.00    0.052    0.001
19.25   1.00    0.053   43.572
19.25   1.00    0.050    0.167   0.053   0.166
19.25   1.00    0.050    0.166   0.053   0.166

19.26   0.00    0.166    0.165   0.032   0.036   0.004   0.006   0.082   0.006   0.000   0.000   0.000 1201207000
19.26   4.55   47.686
19.26   1.00    0.052    0.001
19.26   1.00    0.053   43.564
19.26   1.00    0.050    0.167   0.053   0.166
19.26   1.00    0.050    0.166   0.053   0.166

19.27   0.00    0.166    0.165   0.032   0.036   0.004   0.006   0.082   0.006   0.000   0.000   0.000 1201831000
19.27   4.55   47.681
19.27   1.00    0.052    0.001
19.27   1.00    0.053   43.556
19.27   1.00    0.050    0.167   0.053   0.166
19.27   1.00    0.050    0.166   0.053   0.166

19.28   0.00    0.166    0.165   0.032   0.036   0.004   0.006   0.082   0.006   0.000   0.000   0.000 1202455000
19.28   4.55   47.676
19.28   1.00    0.052    0.001
19.28   1.00    0.053   43.548
19.28   1.00    0.050    0.167   0.053   0.166
19.28   1.00    0.050    0.166   0.053   0.166

19.29   0.00    0.166    0.165   0.032   0.036   0.004   0.006   0.082   0.006   0.000   0.000   0.000 1203078000
19.29   4.55   47.671
19.29   1.00    0.052    0.001
19.29   1.00    0.053   43.540
19.29   1.00    0.050    0.167   0.053   0.166
19.29   1.00    0.050    0.166   0.053   0.166

19.30   0.00    0.166    0.165   0.032   0.036   0.004   0.006   0.082   0.006   0.000   0.000   0.000 1203702000
19.30   4.55   47.666
19.30   1.00    0.052    0.001
19.30   1.00    0.053   43.532
19.30   1.00    0.050    0.167   0.053   0.166
19.30   1.00    0.050    0.166   0.053   0.166

19.31   0.00    0.166    0.165   0.032   0.036   0.004   0.006   0.082   0.006   0.000   0.000   0.000 1204326000
19.31   4.55   47.661
19.31   1.00    0.052    0.001
19.31   1.00    0.053   43.524
19.31   1.00    0.050    0.167   0.053   0.166
19.31   1.00    0.050    0.166   0.053   0.166

19.32   0.00    0.166    0.165   0.032   0.036   0.004   0.006   0.082   0.006   0.000   0.000   0.000 1204949000
19.32   4.55   47.656
19.32   1.00    0.052    0.001
19.32   1.00    0.053   43.516
19.32   1.00    0.050    0.167   0.053   0.166
19.32   1.00    0.050    0.166   0.053   0.166

19.33   0.00    0.166    0.165   0.032   0.036   0.004   0.006   0.082   0.006   0.000   0.000   0.000 1205573000
19.33   4.55   47.651
19.33   1.00    0.052    0.001
19.33   1.00    0.053   43.508
19.33   1.00    0.050    0.167   0.053   0.166
19.33   1.00    0.050    0.166   0.053   0.166

19.34   0.00    0.166    0.165   0.032   0.036   0.003   0.006   0.082   0.006   0.000   0.000   0.000 1206197000
19.34   4.55   47.646
19.34   1.00    0.052    0.001
19.34   1.00    0.053   43.501
19.34   1.00    0.050    0.167   0.053   0.166
19.34   1.00    0.050    0.166   0.053   0.166

19.35   0.00    0.166    0.165   0.032   0.036   0.003   0.006   0.082   0.006   0.000   0.000   0.000 1206820000
19.35   4.54   47.641
19.35   1.00    0.052    0.001
19.35   1.00    0.053   43.493
19.35   1.00    0.050    0.167   0.053   0.166
19.35   1.00    0.050    0.166   0.053   0.166

19.36   0.00    0.166    0.165   0.032   0.036   0.003   0.006   0.082   0.006   0.000   0.000   0.000 1207444000
19.36   4.54   47.636
19.36   1.00    0.052    0.001
19.36   1.00    0.053   43.485
19.36   1.00    0.050    0.167   0.053   0.166
19.36   1.00    0.050    0.166   0.053   0.166

19.37   0.00    0.166    0.165   0.032   0.036   0.003   0.006   0.082   0.006   0.000   0.000   0.000 1208068000
19.37   4.54   47.631
19.37   1.00    0.052    0.001
19.37   1.00    0.053   43.477
19.37   1.00    0.050    0.167   0.053   0.166
19.37   1.00    0.050    0.166   0.053   0.166

19.38   0.00    0.166    0.165   0.032   0.036   0.003   0.006   0.082   0.006   0.000   0.000   0.000 1208691000
19.38   4.54   47.626
19.38   1.00    0.052    0.001
19.38   1.00    0.053   43.469
19.38   1.00    0.050    0.167   0.053   0.166
19.38   1.00    0.050    0.166   0.053   0.166

19.39   0.00    0.166    0.165   0.032   0.036   0.003   0.006   0.082   0.006   0.000   0.000   0.000 1209315000
19.39   4.54   47.621
19.39   1.00    0.052    0.001
19.39   1.00    0.053   43.461
19.39   1.00    0.050    0.167   0.053   0.166
19.39   1.00    0.050    0.166   0.053   0.165

19.40   0.00    0.166    0.165   0.032   0.036   0.003   0.006   0.082   0.006   0.000   0.000   0.000 1209939000
19.40   4.54   47.617
19.40   1.00    0.052    0.001
19.40   1.00    0.053   43.453
19.40   1.00    0.050    0.167   0.053   0.166
19.40   1.00    0.050    0.166   0.053   0.165

19.41   0.00    0.166    0.165   0.032   0.036   0.003   0.006   0.082   0.006   0.000   0.000   0.000 1210562000
19.41   4.54   47.612
19.41   1.00    0.052    0.001
19.41   1.00    0.053   43.445
19.41   1.00    0.050    0.167   0.053   0.166
19.41   1.00    0.050    0.166   0.053   0.165

19.42   0.00    0.166    0.165   0.032   0.036   0.003   0.006   0.082   0.006   0.000   0.000   0.000 1211186000
19.42   4.54   47.607
19.42   1.00    0.052    0.001
19.42   1.00    0.053   43.437
19.42   1.00    0.050    0.167   0.053   0.166
19.42   1.00    0.050    0.166   0.053   0.165

19.43   0.00    0.166    0.165   0.032   0.036   0.003   0.006   0.082   0.006   0.000   0.000   0.000 1211810000
19.43   4.54   47.602
19.43   1.00    0.052    0.001
19.43   1.00    0.053   43.429
19.43   1.00    0.050    0.167   0.053   0.166
19.43   1.00    0.050    0.166   0.053   0.165

19.44   0.00    0.166    0.165   0.032   0.036   0.003   0.006   0.082   0.006   0.000   0.000   0.000 1212434000
19.44   4.54   47.597
19.44   1.00    0.052    0.001
19.44   1.00    0.053   43.421
19.44   1.00    0.050    0.167   0.053   0.166
19.44   1.00    0.050    0.166   0.053   0.165

19.45   0.00    0.166    0.165   0.032   0.036   0.003   0.006   0.082   0.006   0.000   0.000   0.000 1213057000
19.45   4.54   47.592
19.45   1.00    0.052    0.001
19.45   1.00    0.053   43.414
19.45   1.00    0.050    0.167   0.053   0.166
19.45   1.00    0.050    0.166   0.053   0.165

19.46   0.00    0.166    0.165   0.032   0.036   0.003   0.006   0.082   0.006   0.000   0.000   0.000 1213681000
19.46   4.53   47.587
19.46   1.00    0.052    0.001
19.46   1.00    0.053   43.406
19.46   1.00    0.050    0.167   0.053   0.166
19.46   1.00    0.050    0.166   0.053   0.165

19.47   0.00    0.166    0.165   0.032   0.036   0.003   0.006   0.082   0.006   0.000   0.000   0.000 1214305000
19.47   4.53   47.582
19.47   1.00    0.052    0.001
19.47   1.00    0.053   43.398
19.47   1.00    0.050    0.167   0.053   0.166
19.47   1.00    0.050    0.166   0.053   0.165

19.48   0.00    0.166    0.165   0.032   0.036   0.003   0.006   0.082   0.006   0.000   0.000   0.000 1214928000
19.48   4.53   47.577
19.48   1.00    0.052    0.001
19.48   1.00    0.053   43.390
19.48   1.00    0.050    0.167   0.053   0.166
19.48   1.00    0.050    0.166   0.053   0.165

19.49   0.00    0.166    0.165   0.032   0.036   0.003   0.006   0.082   0.006   0.000   0.000   0.000 1215552000
19.49   4.53   47.572
19.49   1.00    0.052    0.001
19.49   1.00    0.053   43.382
19.49   1.00    0.050    0.167   0.053   0.166
19.49   1.00    0.050    0.166   0.053   0.165

19.50   0.00    0.166    0.165   0.032   0.036   0.003   0.006   0.082   0.006   0.000   0.000   0.000 1216176000
19.50   4.53   47.567
19.50   1.00    0.052    0.001
19.50   1.00    0.053   43.374
19.50   1.00    0.050    0.167   0.053   0.166
19.50   1.00    0.050    0.166   0.053   0.165

19.51   0.00    0.166    0.165   0.032   0.036   0.003   0.006   0.082   0.006   0.000   0.000   0.000 1216799000
19.51   4.53   47.562
19.51   1.00    0.052    0.001
19.51   1.00    0.053   43.366
19.51   1.00    0.050    0.167   0.053   0.166
19.51   1.00    0.050    0.166   0.053   0.165

19.52   0.00    0.166    0.165   0.032   0.036   0.003   0.006   0.082   0.006   0.000   0.000   0.000 1217423000
19.52   4.53   47.557
19.52   1.00    0.052    0.001
19.52   1.00    0.053   43.359
19.52   1.00    0.050    0.167   0.053   0.166
19.52   1.00    0.050    0.166   0.053   0.165

19.53   0.00    0.166    0.165   0.032   0.036   0.003   0.006   0.082   0.006   0.000   0.000   0.000 1218047000
19.53   4.53   47.552
19.53   1.00    0.052    0.001
19.53   1.00    0.053   43.351
19.53   1.00    0.050    0.167   0.053   0.166
19.53   1.00    0.050    0.166   0.053   0.165

19.54   0.00    0.166    0.165   0.032   0.036   0.003   0.006   0.082   0.006   0.000   0.000   0.000 1218670000
19.54   4.53   47.547
19.54   1.00    0.052    0.001
19.54   1.00    0.053   43.343
19.54   1.00    0.050    0.167   0.053   0.166
19.54   1.00    0.050    0.166   0.053   0.165

19.55   0.00    0.166    0.165   0.032   0.036   0.003   0.006   0.082   0.006   0.000   0.000   0.000 1219294000
19.55   4.53   47.543
19.55   1.00    0.052    0.001
19.55   1.00    0.053   43.335
19.55   1.00    0.050    0.167   0.053   0.166
19.55   1.00    0.050    0.166   0.053   0.165

19.56   0.00    0.166    0.165   0.032   0.036   0.003   0.006   0.082   0.006   0.000   0.000   0.000 1219918000
19.56   4.53   47.538
19.56   1.00    0.052    0.001
19.56   1.00    0.053   43.327
19.56   1.00    0.050    0.167   0.053   0.166
19.56   1.00    0.050    0.166   0.053   0.165

19.57   0.00    0.166    0.165   0.032   0.036   0.003   0.006   0.082   0.006   0.000   0.000   0.000 1220541000
19.57   4.53   47.533
19.57   1.00    0.052    0.001
19.57   1.00    0.053   43.319
19.57   1.00    0.050    0.167   0.053   0.166
19.57   1.00    0.050    0.166   0.053   0.165

19.58   0.00    0.166    0.165   0.032   0.036   0.003   0.006   0.082   0.006   0.000   0.000   0.000 1221165000
19.58   4.52   47.528
19.58   1.00    0.052    0.001
19.58   1.00    0.053   43.312
19.58   1.00    0.050    0.167   0.053   0.166
19.58   1.00    0.050    0.166   0.053   0.165

19.59   0.00    0.166    0.165   0.032   0.036   0.003   0.006   0.082   0.006   0.000   0.000   0.000 1221789000
19.59   4.52   47.523
19.59   1.00    0.052    0.001
19.59   1.00    0.053   43.304
19.59   1.00    0.050    0.167   0.053   0.166
19.59   1.00    0.050    0.166   0.053   0.165

19.60   0.00    0.166    0.165   0.032   0.036   0.003   0.006   0.082   0.006   0.000   0.000   0.000 1222412000
19.60   4.52   47.518
19.60   1.00    0.052    0.001
19.60   1.00    0.053   43.296
19.60   1.00    0.050    0.167   0.053   0.166
19.60   1.00    0.050    0.166   0.053   0.165

19.61   0.00    0.166    0.165   0.032   0.036   0.003   0.006   0.082   0.006   0.000   0.000   0.000 1223036000
19.61   4.52   47.513
19.61   1.00    0.052    0.001
19.61   1.00    0.053   43.288
19.61   1.00    0.050    0.167   0.053   0.166
19.61   1.00    0.050    0.166   0.053   0.165

19.62   0.00    0.166    0.165   0.032   0.036   0.003   0.006   0.082   0.006   0.000   0.000   0.000 1223660000
19.62   4.52   47.508
19.62   1.00    0.051    0.001
19.62   1.00    0.053   43.280
19.62   1.00    0.050    0.167   0.053   0.166
19.62   1.00    0.050    0.166   0.053   0.165

19.63   0.00    0.166    0.165   0.032   0.036   0.003   0.006   0.082   0.006   0.000   0.000   0.000 1224283000
19.63   4.52   47.503
19.63   1.00    0.051    0.001
19.63   1.00    0.053   43.273
19.63   1.00    0.050    0.167   0.053   0.166
19.63   1.00    0.050    0.166   0.053   0.165

19.64   0.00    0.166    0.165   0.032   0.036   0.003   0.006   0.082   0.006   0.000   0.000   0.000 1224907000
19.64   4.52   47.499
19.64   1.00    0.051    0.001
19.64   1.00    0.053   43.265
19.64   1.00    0.050    0.167   0.053   0.166
19.64   1.00    0.050    0.166   0.053   0.165

19.65   0.00    0.166    0.165   0.032   0.036   0.003   0.006   0.082   0.006   0.000   0.000   0.000 1225531000
19.65   4.52   47.494
19.65   1.00    0.051    0.001
19.65   1.00    0.053   43.257
19.65   1.00    0.050    0.167   0.053   0.166
19.65   1.00    0.050    0.166   0.053   0.165

19.66   0.00    0.166    0.165   0.032   0.036   0.003   0.006   0.082   0.006   0.000   0.000   0.000 1226154000
19.66   4.52   47.489
19.66   1.00    0.051    0.001
19.66   1.00    0.053   43.249
19.66   1.00    0.050    0.167   0.053   0.166
19.66   1.00    0.050    0.166   0.053   0.165

19.67   0.00    0.166    0.165   0.032   0.036   0.003   0.006   0.082   0.006   0.000   0.000   0.000 1226778000
19.67   4.52   47.484
19.67   1.00    0.051    0.001
19.67   1.00    0.053   43.241
19.67   1.00    0.050    0.167   0.053   0.166
19.67   1.00    0.050    0.166   0.053   0.165

19.68   0.00    0.166    0.165   0.032   0.036   0.003   0.006   0.082   0.006   0.000   0.000   0.000 1227402000
19.68   4.52   47.479
19.68   1.00    0.051    0.001
19.68   1.00    0.053   43.234
19.68   1.00    0.050    0.167   0.053   0.166
19.68   1.00    0.050    0.166   0.053   0.165

19.69   0.00    0.166    0.165   0.032   0.036   0.003   0.006   0.082   0.006   0.000   0.000   0.000 1228026000
19.69   4.51   47.474
19.69   1.00    0.051    0.001
19.69   1.00    0.053   43.226
19.69   1.00    0.050    0.167   0.053   0.166
19.69   1.00    0.050    0.166   0.053   0.165

19.70   0.00    0.166    0.165   0.032   0.036   0.003   0.006   0.082   0.006   0.000   0.000   0.000 1228649000
19.70   4.51   47.469
19.70   1.00    0.051    0.001
19.70   1.00    0.053   43.218
19.70   1.00    0.050    0.167   0.053   0.166
19.70   1.00    0.050    0.166   0.053   0.165

19.71   0.00    0.166    0.165   0.032   0.036   0.003   0.006   0.082   0.006   0.000   0.000   0.000 1229273000
19.71   4.51   47.464
19.71   1.00    0.051    0.001
19.71   1.00    0.053   43.210
19.71   1.00    0.050    0.167   0.053   0.166
19.71   1.00    0.050    0.166   0.053   0.165

19.72   0.00    0.166    0.165   0.032   0.036   0.003   0.006   0.082   0.006   0.000   0.000   0.000 1229897000
19.72   4.51   47.460
19.72   1.00    0.051    0.001
19.72   1.00    0.053   43.203
19.72   1.00    0.050    0.167   0.053   0.166
19.72   1.00    0.050    0.166   0.053   0.165

19.73   0.00    0.166    0.165   0.032   0.036   0.003   0.006   0.082   0.006   0.000   0.000   0.000 1230520000
19.73   4.51   47.455
19.73   1.00    0.051    0.001
19.73   1.00    0.053   43.195
19.73   1.00    0.050    0.167   0.053   0.166
19.73   1.00    0.050    0.166   0.053   0.165

19.74   0.00    0.166    0.165   0.032   0.036   0.003   0.006   0.082   0.006   0.000   0.000   0.000 1231144000
19.74   4.51   47.450
19.74   1.00    0.051    0.001
19.74   1.00    0.053   43.187
19.74   1.00    0.050    0.167   0.053   0.166
19.74   1.00    0.050    0.166   0.053   0.165

19.75   0.00    0.166    0.165   0.032   0.036   0.003   0.006   0.082   0.006   0.000   0.000   0.000 1231768000
19.75   4.51   47.445
19.75   1.00    0.051    0.001
19.75   1.00    0.053   43.179
19.75   1.00    0.050    0.167   0.053   0.166
19.75   1.00    0.050    0.166   0.053   0.165

19.76   0.00    0.166    0.165   0.032   0.036   0.003   0.006   0.082   0.006   0.000   0.000   0.000 1232391000
19.76   4.51   47.440
19.76   1.00    0.051    0.001
19.76   1.00    0.053   43.172
19.76   1.00    0.050    0.167   0.053   0.166
19.76   1.00    0.050    0.166   0.053   0.165

19.77   0.00    0.166    0.165   0.032   0.036   0.003   0.006   0.082   0.006   0.000   0.000   0.000 1233015000
19.77   4.51   47.435
19.77   1.00    0.051    0.001
19.77   1.00    0.053   43.164
19.77   1.00    0.050    0.167   0.053   0.166
19.77   1.00    0.050    0.166   0.053   0.165

19.78   0.00    0.166    0.165   0.032   0.036   0.003   0.006   0.082   0.006   0.000   0.000   0.000 1233639000
19.78   4.51   47.431
19.78   1.00    0.051    0.001
19.78   1.00    0.053   43.156
19.78   1.00    0.050    0.167   0.053   0.166
19.78   1.00    0.050    0.166   0.053   0.165

19.79   0.00    0.166    0.165   0.032   0.036   0.003   0.006   0.082   0.006   0.000   0.000   0.000 1234262000
19.79   4.51   47.426
19.79   1.00    0.051    0.001
19.79   1.00    0.053   43.148
19.79   1.00    0.050    0.167   0.053   0.166
19.79   1.00    0.050    0.166   0.053   0.165

19.80   0.00    0.166    0.165   0.032   0.036   0.003   0.006   0.082   0.006   0.000   0.000   0.000 1234886000
19.80   4.51   47.421
19.80   1.00    0.051    0.001
19.80   1.00    0.053   43.141
19.80   1.00    0.050    0.167   0.053   0.166
19.80   1.00    0.050    0.166   0.053   0.165

19.81   0.00    0.166    0.165   0.032   0.036   0.003   0.006   0.082   0.006   0.000   0.000   0.000 1235510000
19.81   4.50   47.416
19.81   1.00    0.051    0.001
19.81   1.00    0.053   43.133
19.81   1.00    0.050    0.167   0.053   0.166
19.81   1.00    0.050    0.166   0.053   0.165

19.82   0.00    0.166    0.165   0.032   0.036   0.003   0.006   0.082   0.006   0.000   0.000   0.000 1236133000
19.82   4.50   47.411
19.82   1.00    0.051    0.001
19.82   1.00    0.053   43.125
19.82   1.00    0.050    0.167   0.053   0.166
19.82   1.00    0.050    0.166   0.053   0.165

19.83   0.00    0.166    0.165   0.032   0.036   0.003   0.006   0.082   0.006   0.000   0.000   0.000 1236757000
19.83   4.50   47.407
19.83   1.00    0.051    0.001
19.83   1.00    0.053   43.118
19.83   1.00    0.050    0.167   0.053   0.166
19.83   1.00    0.050    0.166   0.053   0.165

19.84   0.00    0.166    0.165   0.032   0.036   0.003   0.006   0.082   0.006   0.000   0.000   0.000 1237381000
19.84   4.50   47.402
19.84   1.00    0.051    0.001
19.84   1.00    0.053   43.110
19.84   1.00    0.050    0.167   0.053   0.166
19.84   1.00    0.050    0.166   0.053   0.165

19.85   0.00    0.166    0.165   0.032   0.036   0.003   0.006   0.082   0.006   0.000   0.000   0.000 1238004000
19.85   4.50   47.397
19.85   1.00    0.051    0.001
19.85   1.00    0.053   43.102
19.85   1.00    0.050    0.167   0.053   0.166
19.85   1.00    0.050    0.166   0.053   0.165

19.86   0.00    0.166    0.165   0.032   0.036   0.003   0.006   0.082   0.006   0.000   0.000   0.000 1238628000
19.86   4.50   47.392
19.86   1.00    0.051    0.001
19.86   1.00    0.053   43.095
19.86   1.00    0.050    0.167   0.053   0.166
19.86   1.00    0.050    0.166   0.053   0.165

19.87   0.00    0.166    0.165   0.032   0.036   0.003   0.006   0.082   0.006   0.000   0.000   0.000 1239252000
19.87   4.50   47.387
19.87   1.00    0.051    0.001
19.87   1.00    0.053   43.087
19.87   1.00    0.050    0.167   0.053   0.166
19.87   1.00    0.050    0.166   0.053   0.165

19.88   0.00    0.166    0.165   0.032   0.036   0.003   0.006   0.082   0.006   0.000   0.000   0.000 1239875000
19.88   4.50   47.383
19.88   1.00    0.051    0.001
19.88   1.00    0.053   43.079
19.88   1.00    0.050    0.167   0.053   0.166
19.88   1.00    0.050    0.166   0.053   0.165

19.89   0.00    0.166    0.165   0.032   0.036   0.003   0.006   0.082   0.006   0.000   0.000   0.000 1240499000
19.89   4.50   47.378
19.89   1.00    0.051    0.001
19.89   1.00    0.053   43.072
19.89   1.00    0.050    0.167   0.053   0.166
19.89   1.00    0.050    0.166   0.053   0.165

19.90   0.00    0.166    0.165   0.032   0.036   0.003   0.006   0.082   0.006   0.000   0.000   0.000 1241123000
19.90   4.50   47.373
19.90   1.00    0.051    0.001
19.90   1.00    0.053   43.064
19.90   1.00    0.050    0.167   0.053   0.166
19.90   1.00    0.050    0.166   0.053   0.165

19.91   0.00    0.166    0.165   0.032   0.036   0.003   0.006   0.082   0.006   0.000   0.000   0.000 1241746000
19.91   4.50   47.368
19.91   1.00    0.051    0.001
19.91   1.00    0.053   43.056
19.91   1.00    0.050    0.167   0.053   0.166
19.91   1.00    0.050    0.166   0.053   0.165

19.92   0.00    0.166    0.165   0.032   0.036   0.003   0.006   0.082   0.006   0.000   0.000   0.000 1242370000
19.92   4.49   47.363
19.92   1.00    0.051    0.001
19.92   1.00    0.053   43.049
19.92   1.00    0.050    0.167   0.053   0.166
19.92   1.00    0.050    0.166   0.053   0.165

19.93   0.00    0.166    0.165   0.032   0.036   0.003   0.006   0.082   0.006   0.000   0.000   0.000 1242994000
19.93   4.49   47.359
19.93   1.00    0.051    0.001
19.93   1.00    0.053   43.041
19.93   1.00    0.050    0.167   0.053   0.166
19.93   1.00    0.050    0.166   0.053   0.165

19.94   0.00    0.166    0.165   0.032   0.036   0.003   0.006   0.082   0.006   0.000   0.000   0.000 1243618000
19.94   4.49   47.354
19.94   1.00    0.051    0.001
19.94   1.00    0.052   43.033
19.94   1.00    0.050    0.167   0.052   0.166
19.94   1.00    0.050    0.166   0.052   0.165

19.95   0.00    0.166    0.165   0.032   0.036   0.003   0.006   0.082   0.006   0.000   0.000   0.000 1244241000
19.95   4.49   47.349
19.95   1.00    0.051    0.001
19.95   1.00    0.052   43.026
19.95   1.00    0.050    0.167   0.052   0.166
19.95   1.00    0.050    0.166   0.052   0.165

19.96   0.00    0.166    0.165   0.032   0.036   0.003   0.006   0.082   0.006   0.000   0.000   0.000 1244865000
19.96   4.49   47.344
19.96   1.00    0.051    0.001
19.96   1.00    0.052   43.018
19.96   1.00    0.050    0.167   0.052   0.166
19.96   1.00    0.050    0.166   0.052   0.165

19.97   0.00    0.166    0.165   0.032   0.036   0.003   0.006   0.082   0.006   0.000   0.000   0.000 1245489000
19.97   4.49   47.340
19.97   1.00    0.051    0.001
19.97   1.00    0.052   43.010
19.97   1.00    0.050    0.167   0.052   0.166
19.97   1.00    0.050    0.166   0.052   0.165

19.98   0.00    0.166    0.165   0.032   0.036   0.003   0.006   0.082   0.006   0.000   0.000   0.000 1246112000
19.98   4.49   47.335
19.98   1.00    0.051    0.001
19.98   1.00    0.052   43.003
19.98   1.00    0.050    0.167   0.052   0.166
19.98   1.00    0.050    0.166   0.052   0.165

19.99   0.00    0.166    0.165   0.032   0.036   0.003   0.006   0.082   0.006   0.000   0.000   0.000 1246736000
19.99   4.49   47.330
19.99   1.00    0.051    0.001
19.99   1.00    0.052   42.995
19.99   1.00    0.050    0.167   0.052   0.166
19.99   1.00    0.050    0.166   0.052   0.165

20.00   0.00    0.166    0.165   0.032   0.036   0.003   0.006   0.082   0.006   0.000   0.000   0.000 1247360000
20.00   4.49   47.325
20.00   1.00    0.051    0.001
20.00   1.00    0.052   42.987
20.00   1.00    0.050    0.167   0.052   0.166
20.00   1.00    0.050    0.166   0.052   0.165

20.01   0.00    0.166    0.165   0.032   0.036   0.003   0.006   0.082   0.006   0.000   0.000   0.000 1247983000
20.01   4.49   47.320
20.01   1.00    0.051    0.001
20.01   1.00    0.052   42.980
20.01   1.00    0.049    0.167   0.052   0.166
20.01   1.00    0.050    0.166   0.052   0.165

20.02   0.00    0.166    0.165   0.032   0.036   0.003   0.006   0.082   0.006   0.000   0.000   0.000 1248607000
20.02   4.49   47.316
20.02   1.00    0.051    0.001
20.02   1.00    0.052   42.972
20.02   1.00    0.049    0.167   0.052   0.166
20.02   1.00    0.050    0.166   0.052   0.165

20.03   0.00    0.166    0.165   0.032   0.036   0.003   0.006   0.082   0.006   0.000   0.000   0.000 1249231000
20.03   4.49   47.311
20.03   1.00    0.051    0.001
20.03   1.00    0.052   42.965
20.03   1.00    0.049    0.167   0.052   0.166
20.03   1.00    0.049    0.166   0.052   0.165

20.04   0.00    0.166    0.165   0.032   0.036   0.003   0.006   0.082   0.006   0.000   0.000   0.000 1249854000
20.04   4.48   47.306
20.04   1.00    0.051    0.001
20.04   1.00    0.052   42.957
20.04   1.00    0.049    0.167   0.052   0.166
20.04   1.00    0.049    0.166   0.052   0.165

20.05   0.00    0.166    0.165   0.032   0.036   0.003   0.006   0.082   0.006   0.000   0.000   0.000 1250478000
20.05   4.48   47.301
20.05   1.00    0.051    0.001
20.05   1.00    0.052   42.949
20.05   1.00    0.049    0.167   0.052   0.166
20.05   1.00    0.049    0.166   0.052   0.165

20.06   0.00    0.166    0.165   0.032   0.036   0.003   0.006   0.082   0.006   0.000   0.000   0.000 1251102000
20.06   4.48   47.297
20.06   1.00    0.051    0.001
20.06   1.00    0.052   42.942
20.06   1.00    0.049    0.167   0.052   0.166
20.06   1.00    0.049    0.166   0.052   0.165

20.07   0.00    0.166    0.165   0.032   0.036   0.003   0.006   0.082   0.006   0.000   0.000   0.000 1251725000
20.07   4.48   47.292
20.07   1.00    0.051    0.001
20.07   1.00    0.052   42.934
20.07   1.00    0.049    0.167   0.052   0.166
20.07   1.00    0.049    0.166   0.052   0.165

20.08   0.00    0.166    0.165   0.032   0.036   0.003   0.006   0.082   0.006   0.000   0.000   0.000 1252349000
20.08   4.48   47.287
20.08   1.00    0.051    0.001
20.08   1.00    0.052   42.927
20.08   1.00    0.049    0.167   0.052   0.166
20.08   1.00    0.049    0.166   0.052   0.165

20.09   0.00    0.166    0.165   0.032   0.036   0.003   0.006   0.082   0.006   0.000   0.000   0.000 1252973000
20.09   4.48   47.283
20.09   1.00    0.051    0.001
20.09   1.00    0.052   42.919
20.09   1.00    0.049    0.167   0.052   0.166
20.09   1.00    0.049    0.166   0.052   0.165

20.10   0.00    0.166    0.165   0.032   0.036   0.003   0.006   0.082   0.006   0.000   0.000   0.000 1253596000
20.10   4.48   47.278
20.10   1.00    0.051    0.001
20.10   1.00    0.052   42.911
20.10   1.00    0.049    0.167   0.052   0.166
20.10   1.00    0.049    0.166   0.052   0.165

20.11   0.00    0.166    0.165   0.032   0.036   0.003   0.006   0.082   0.006   0.000   0.000   0.000 1254220000
20.11   4.48   47.273
20.11   1.00    0.051    0.001
20.11   1.00    0.052   42.904
20.11   1.00    0.049    0.167   0.052   0.166
20.11   1.00    0.049    0.166   0.052   0.165

20.12   0.00    0.166    0.165   0.032   0.036   0.003   0.006   0.082   0.006   0.000   0.000   0.000 1254844000
20.12   4.48   47.268
20.12   1.00    0.051    0.001
20.12   1.00    0.052   42.896
20.12   1.00    0.049    0.167   0.052   0.166
20.12   1.00    0.049    0.166   0.052   0.165

20.13   0.00    0.166    0.165   0.032   0.036   0.003   0.006   0.082   0.006   0.000   0.000   0.000 1255467000
20.13   4.48   47.264
20.13   1.00    0.051    0.001
20.13   1.00    0.052   42.889
20.13   1.00    0.049    0.167   0.052   0.166
20.13   1.00    0.049    0.166   0.052   0.165

20.14   0.00    0.166    0.165   0.032   0.036   0.003   0.006   0.082   0.006   0.000   0.000   0.000 1256091000
20.14   4.48   47.259
20.14   1.00    0.051    0.001
20.14   1.00    0.052   42.881
20.14   1.00    0.049    0.167   0.052   0.166
20.14   1.00    0.049    0.166   0.052   0.165

20.15   0.00    0.166    0.165   0.032   0.036   0.003   0.006   0.082   0.006   0.000   0.000   0.000 1256715000
20.15   4.48   47.254
20.15   1.00    0.051    0.001
20.15   1.00    0.052   42.874
20.15   1.00    0.049    0.167   0.052   0.166
20.15   1.00    0.049    0.166   0.052   0.165

20.16   0.00    0.166    0.165   0.032   0.036   0.003   0.006   0.082   0.006   0.000   0.000   0.000 1257338000
20.16   4.47   47.250
20.16   1.00    0.051    0.001
20.16   1.00    0.052   42.866
20.16   1.00    0.049    0.167   0.052   0.166
20.16   1.00    0.049    0.166   0.052   0.165

20.17   0.00    0.166    0.165   0.032   0.036   0.003   0.006   0.082   0.006   0.000   0.000   0.000 1257962000
20.17   4.47   47.245
20.17   1.00    0.051    0.001
20.17   1.00    0.052   42.858
20.17   1.00    0.049    0.167   0.052   0.166
20.17   1.00    0.049    0.166   0.052   0.165

20.18   0.00    0.166    0.165   0.032   0.036   0.003   0.006   0.082   0.006   0.000   0.000   0.000 1258586000
20.18   4.47   47.240
20.18   1.00    0.051    0.001
20.18   1.00    0.052   42.851
20.18   1.00    0.049    0.167   0.052   0.166
20.18   1.00    0.049    0.166   0.052   0.165

20.19   0.00    0.166    0.165   0.032   0.036   0.003   0.006   0.082   0.006   0.000   0.000   0.000 1259210000
20.19   4.47   47.235
20.19   1.00    0.051    0.001
20.19   1.00    0.052   42.843
20.19   1.00    0.049    0.167   0.052   0.166
20.19   1.00    0.049    0.166   0.052   0.165

20.20   0.00    0.166    0.165   0.032   0.036   0.003   0.006   0.082   0.006   0.000   0.000   0.000 1259833000
20.20   4.47   47.231
20.20   1.00    0.051    0.001
20.20   1.00    0.052   42.836
20.20   1.00    0.049    0.167   0.052   0.166
20.20   1.00    0.049    0.166   0.052   0.165

20.21   0.00    0.166    0.165   0.032   0.036   0.003   0.006   0.082   0.006   0.000   0.000   0.000 1260457000
20.21   4.47   47.226
20.21   1.00    0.051    0.001
20.21   1.00    0.052   42.828
20.21   1.00    0.049    0.167   0.052   0.166
20.21   1.00    0.049    0.166   0.052   0.165

20.22   0.00    0.166    0.165   0.032   0.036   0.003   0.006   0.082   0.006   0.000   0.000   0.000 1261080000
20.22   4.47   47.221
20.22   1.00    0.051    0.001
20.22   1.00    0.052   42.821
20.22   1.00    0.049    0.167   0.052   0.166
20.22   1.00    0.049    0.166   0.052   0.165

20.23   0.00    0.166    0.165   0.032   0.036   0.003   0.006   0.082   0.006   0.000   0.000   0.000 1261704000
20.23   4.47   47.217
20.23   1.00    0.051    0.001
20.23   1.00    0.052   42.813
20.23   1.00    0.049    0.167   0.052   0.166
20.23   1.00    0.049    0.166   0.052   0.165

20.24   0.00    0.166    0.165   0.032   0.036   0.003   0.006   0.082   0.006   0.000   0.000   0.000 1262328000
20.24   4.47   47.212
20.24   1.00    0.051    0.001
20.24   1.00    0.052   42.806
20.24   1.00    0.049    0.167   0.052   0.166
20.24   1.00    0.049    0.166   0.052   0.165

20.25   0.00    0.166    0.165   0.032   0.036   0.003   0.006   0.082   0.006   0.000   0.000   0.000 1262952000
20.25   4.47   47.207
20.25   1.00    0.051    0.001
20.25   1.00    0.052   42.798
20.25   1.00    0.049    0.167   0.052   0.166
20.25   1.00    0.049    0.166   0.052   0.165

20.26   0.00    0.166    0.165   0.032   0.036   0.003   0.006   0.082   0.006   0.000   0.000   0.000 1263575000
20.26   4.47   47.203
20.26   1.00    0.051    0.001
20.26   1.00    0.052   42.791
20.26   1.00    0.049    0.167   0.052   0.166
20.26   1.00    0.049    0.166   0.052   0.165

20.27   0.00    0.166    0.165   0.032   0.036   0.003   0.006   0.082   0.006   0.000   0.000   0.000 1264199000
20.27   4.47   47.198
20.27   1.00    0.051    0.001
20.27   1.00    0.052   42.783
20.27   1.00    0.049    0.167   0.052   0.166
20.27   1.00    0.049    0.166   0.052   0.165

20.28   0.00    0.166    0.165   0.032   0.036   0.003   0.006   0.082   0.006   0.000   0.000   0.000 1264823000
20.28   4.46   47.193
20.28   1.00    0.051    0.001
20.28   1.00    0.052   42.776
20.28   1.00    0.049    0.167   0.052   0.166
20.28   1.00    0.049    0.166   0.052   0.165

20.29   0.00    0.166    0.165   0.032   0.036   0.003   0.006   0.082   0.006   0.000   0.000   0.000 1265446000
20.29   4.46   47.189
20.29   1.00    0.051    0.001
20.29   1.00    0.052   42.768
20.29   1.00    0.049    0.167   0.052   0.166
20.29   1.00    0.049    0.166   0.052   0.165

20.30   0.00    0.166    0.165   0.032   0.036   0.003   0.006   0.082   0.006   0.000   0.000   0.000 1266070000
20.30   4.46   47.184
20.30   1.00    0.051    0.001
20.30   1.00    0.052   42.761
20.30   1.00    0.049    0.167   0.052   0.166
20.30   1.00    0.049    0.166   0.052   0.165

20.31   0.00    0.166    0.165   0.032   0.036   0.003   0.006   0.082   0.006   0.000   0.000   0.000 1266694000
20.31   4.46   47.179
20.31   1.00    0.051    0.001
20.31   1.00    0.052   42.753
20.31   1.00    0.049    0.167   0.052   0.166
20.31   1.00    0.049    0.166   0.052   0.165

20.32   0.00    0.166    0.165   0.032   0.036   0.003   0.006   0.082   0.006   0.000   0.000   0.000 1267317000
20.32   4.46   47.175
20.32   1.00    0.051    0.001
20.32   1.00    0.052   42.746
20.32   1.00    0.049    0.167   0.052   0.166
20.32   1.00    0.049    0.166   0.052   0.165

20.33   0.00    0.166    0.165   0.032   0.036   0.003   0.006   0.082   0.006   0.000   0.000   0.000 1267941000
20.33   4.46   47.170
20.33   1.00    0.051    0.001
20.33   1.00    0.052   42.738
20.33   1.00    0.049    0.167   0.052   0.166
20.33   1.00    0.049    0.166   0.052   0.165

20.34   0.00    0.166    0.165   0.032   0.036   0.003   0.006   0.082   0.006   0.000   0.000   0.000 1268565000
20.34   4.46   47.165
20.34   1.00    0.051    0.001
20.34   1.00    0.052   42.731
20.34   1.00    0.049    0.167   0.052   0.166
20.34   1.00    0.049    0.166   0.052   0.165

20.35   0.00    0.166    0.165   0.032   0.036   0.003   0.006   0.082   0.006   0.000   0.000   0.000 1269188000
20.35   4.46   47.161
20.35   1.00    0.051    0.001
20.35   1.00    0.052   42.723
20.35   1.00    0.049    0.167   0.052   0.166
20.35   1.00    0.049    0.166   0.052   0.165

20.36   0.00    0.166    0.165   0.032   0.036   0.003   0.006   0.082   0.006   0.000   0.000   0.000 1269812000
20.36   4.46   47.156
20.36   1.00    0.051    0.001
20.36   1.00    0.052   42.716
20.36   1.00    0.049    0.167   0.052   0.166
20.36   1.00    0.049    0.166   0.052   0.165

20.37   0.00    0.166    0.165   0.032   0.036   0.003   0.006   0.082   0.006   0.000   0.000   0.000 1270436000
20.37   4.46   47.151
20.37   1.00    0.051    0.001
20.37   1.00    0.052   42.708
20.37   1.00    0.049    0.167   0.052   0.166
20.37   1.00    0.049    0.166   0.052   0.165

20.38   0.00    0.166    0.165   0.032   0.036   0.003   0.006   0.082   0.006   0.000   0.000   0.000 1271059000
20.38   4.46   47.147
20.38   1.00    0.051    0.001
20.38   1.00    0.052   42.701
20.38   1.00    0.049    0.167   0.052   0.166
20.38   1.00    0.049    0.166   0.052   0.165

20.39   0.00    0.166    0.165   0.032   0.036   0.003   0.006   0.082   0.006   0.000   0.000   0.000 1271683000
20.39   4.46   47.142
20.39   1.00    0.051    0.001
20.39   1.00    0.052   42.693
20.39   1.00    0.049    0.167   0.052   0.166
20.39   1.00    0.049    0.166   0.052   0.165

20.40   0.00    0.166    0.165   0.032   0.036   0.003   0.006   0.082   0.006   0.000   0.000   0.000 1272307000
20.40   4.46   47.138
20.40   1.00    0.051    0.001
20.40   1.00    0.052   42.686
20.40   1.00    0.049    0.167   0.052   0.166
20.40   1.00    0.049    0.166   0.052   0.165

20.41   0.00    0.166    0.165   0.032   0.036   0.003   0.006   0.082   0.006   0.000   0.000   0.000 1272930000
20.41   4.45   47.133
20.41   1.00    0.051    0.001
20.41   1.00    0.052   42.679
20.41   1.00    0.049    0.167   0.052   0.166
20.41   1.00    0.049    0.166   0.052   0.165

20.42   0.00    0.166    0.165   0.032   0.036   0.003   0.006   0.082   0.006   0.000   0.000   0.000 1273554000
20.42   4.45   47.128
20.42   1.00    0.051    0.001
20.42   1.00    0.052   42.671
20.42   1.00    0.049    0.167   0.052   0.166
20.42   1.00    0.049    0.166   0.052   0.165

20.43   0.00    0.166    0.165   0.032   0.036   0.003   0.006   0.082   0.006   0.000   0.000   0.000 1274178000
20.43   4.45   47.124
20.43   1.00    0.051    0.001
20.43   1.00    0.052   42.664
20.43   1.00    0.049    0.167   0.052   0.166
20.43   1.00    0.049    0.166   0.052   0.165

20.44   0.00    0.166    0.165   0.032   0.036   0.003   0.006   0.082   0.006   0.000   0.000   0.000 1274802000
20.44   4.45   47.119
20.44   1.00    0.051    0.001
20.44   1.00    0.052   42.656
20.44   1.00    0.049    0.167   0.052   0.166
20.44   1.00    0.049    0.166   0.052   0.165

20.45   0.00    0.166    0.165   0.032   0.036   0.003   0.006   0.082   0.006   0.000   0.000   0.000 1275425000
20.45   4.45   47.114
20.45   1.00    0.051    0.001
20.45   1.00    0.052   42.649
20.45   1.00    0.049    0.167   0.052   0.166
20.45   1.00    0.049    0.166   0.052   0.165

20.46   0.00    0.166    0.165   0.032   0.036   0.003   0.006   0.082   0.006   0.000   0.000   0.000 1276049000
20.46   4.45   47.110
20.46   1.00    0.050    0.001
20.46   1.00    0.052   42.641
20.46   1.00    0.049    0.167   0.052   0.166
20.46   1.00    0.049    0.166   0.052   0.165

20.47   0.00    0.166    0.165   0.032   0.036   0.003   0.006   0.082   0.006   0.000   0.000   0.000 1276673000
20.47   4.45   47.105
20.47   1.00    0.050    0.001
20.47   1.00    0.052   42.634
20.47   1.00    0.049    0.167   0.052   0.166
20.47   1.00    0.049    0.166   0.052   0.165

20.48   0.00    0.166    0.165   0.032   0.036   0.003   0.006   0.082   0.006   0.000   0.000   0.000 1277296000
20.48   4.45   47.101
20.48   1.00    0.050    0.001
20.48   1.00    0.052   42.627
20.48   1.00    0.049    0.167   0.052   0.166
20.48   1.00    0.049    0.166   0.052   0.165

20.49   0.00    0.166    0.165   0.032   0.036   0.003   0.006   0.082   0.006   0.000   0.000   0.000 1277920000
20.49   4.45   47.096
20.49   1.00    0.050    0.001
20.49   1.00    0.052   42.619
20.49   1.00    0.049    0.167   0.052   0.166
20.49   1.00    0.049    0.166   0.052   0.165

20.50   0.00    0.166    0.165   0.032   0.036   0.003   0.006   0.082   0.006   0.000   0.000   0.000 1278544000
20.50   4.45   47.091
20.50   1.00    0.050    0.001
20.50   1.00    0.052   42.612
20.50   1.00    0.049    0.167   0.052   0.166
20.50   1.00    0.049    0.166   0.052   0.165

20.51   0.00    0.166    0.165   0.032   0.036   0.003   0.006   0.082   0.006   0.000   0.000   0.000 1279167000
20.51   4.45   47.087
20.51   1.00    0.050    0.001
20.51   1.00    0.052   42.604
20.51   1.00    0.049    0.167   0.052   0.166
20.51   1.00    0.049    0.166   0.052   0.165

20.52   0.00    0.166    0.165   0.032   0.036   0.003   0.006   0.082   0.006   0.000   0.000   0.000 1279791000
20.52   4.45   47.082
20.52   1.00    0.050    0.001
20.52   1.00    0.052   42.597
20.52   1.00    0.049    0.167   0.052   0.166
20.52   1.00    0.049    0.166   0.052   0.165

20.53   0.00    0.166    0.165   0.032   0.036   0.003   0.006   0.082   0.006   0.000   0.000   0.000 1280415000
20.53   4.44   47.078
20.53   1.00    0.050    0.001
20.53   1.00    0.052   42.590
20.53   1.00    0.049    0.167   0.052   0.166
20.53   1.00    0.049    0.166   0.052   0.165

20.54   0.00    0.166    0.165   0.032   0.036   0.003   0.006   0.082   0.006   0.000   0.000   0.000 1281038000
20.54   4.44   47.073
20.54   1.00    0.050    0.001
20.54   1.00    0.052   42.582
20.54   1.00    0.049    0.167   0.052   0.166
20.54   1.00    0.049    0.166   0.052   0.165

20.55   0.00    0.166    0.165   0.032   0.036   0.003   0.006   0.082   0.006   0.000   0.000   0.000 1281662000
20.55   4.44   47.068
20.55   1.00    0.050    0.001
20.55   1.00    0.052   42.575
20.55   1.00    0.049    0.167   0.052   0.166
20.55   1.00    0.049    0.166   0.052   0.165

20.56   0.00    0.166    0.165   0.032   0.036   0.003   0.006   0.082   0.006   0.000   0.000   0.000 1282286000
20.56   4.44   47.064
20.56   1.00    0.050    0.001
20.56   1.00    0.052   42.567
20.56   1.00    0.049    0.167   0.052   0.166
20.56   1.00    0.049    0.166   0.052   0.165

20.57   0.00    0.166    0.165   0.032   0.036   0.003   0.006   0.082   0.006   0.000   0.000   0.000 1282909000
20.57   4.44   47.059
20.57   1.00    0.050    0.001
20.57   1.00    0.052   42.560
20.57   1.00    0.049    0.167   0.052   0.166
20.57   1.00    0.049    0.166   0.052   0.165

20.58   0.00    0.166    0.165   0.032   0.036   0.003   0.006   0.082   0.006   0.000   0.000   0.000 1283533000
20.58   4.44   47.055
20.58   1.00    0.050    0.001
20.58   1.00    0.052   42.553
20.58   1.00    0.049    0.167   0.052   0.166
20.58   1.00    0.049    0.166   0.052   0.165

20.59   0.00    0.166    0.165   0.032   0.036   0.003   0.006   0.082   0.006   0.000   0.000   0.000 1284157000
20.59   4.44   47.050
20.59   1.00    0.050    0.001
20.59   1.00    0.052   42.545
20.59   1.00    0.049    0.167   0.052   0.166
20.59   1.00    0.049    0.166   0.052   0.165

20.60   0.00    0.166    0.165   0.032   0.036   0.003   0.006   0.082   0.006   0.000   0.000   0.000 1284780000
20.60   4.44   47.046
20.60   1.00    0.050    0.001
20.60   1.00    0.052   42.538
20.60   1.00    0.049    0.167   0.052   0.166
20.60   1.00    0.049    0.166   0.052   0.165

20.61   0.00    0.166    0.165   0.032   0.036   0.003   0.006   0.082   0.006   0.000   0.000   0.000 1285404000
20.61   4.44   47.041
20.61   1.00    0.050    0.001
20.61   1.00    0.052   42.531
20.61   1.00    0.049    0.167   0.052   0.166
20.61   1.00    0.049    0.166   0.052   0.165

20.62   0.00    0.166    0.165   0.032   0.036   0.003   0.006   0.082   0.006   0.000   0.000   0.000 1286028000
20.62   4.44   47.036
20.62   1.00    0.050    0.001
20.62   1.00    0.052   42.523
20.62   1.00    0.049    0.167   0.052   0.166
20.62   1.00    0.049    0.166   0.052   0.165

20.63   0.00    0.166    0.165   0.032   0.036   0.003   0.006   0.082   0.006   0.000   0.000   0.000 1286651000
20.63   4.44   47.032
20.63   1.00    0.050    0.001
20.63   1.00    0.052   42.516
20.63   1.00    0.049    0.167   0.052   0.166
20.63   1.00    0.049    0.166   0.052   0.165

20.64   0.00    0.166    0.165   0.032   0.036   0.003   0.006   0.082   0.006   0.000   0.000   0.000 1287275000
20.64   4.44   47.027
20.64   1.00    0.050    0.001
20.64   1.00    0.052   42.509
20.64   1.00    0.049    0.167   0.052   0.166
20.64   1.00    0.049    0.166   0.052   0.165

20.65   0.00    0.166    0.165   0.032   0.036   0.003   0.006   0.082   0.006   0.000   0.000   0.000 1287899000
20.65   4.44   47.023
20.65   1.00    0.050    0.001
20.65   1.00    0.052   42.501
20.65   1.00    0.049    0.167   0.052   0.166
20.65   1.00    0.049    0.166   0.052   0.165

20.66   0.00    0.166    0.165   0.032   0.036   0.003   0.006   0.082   0.006   0.000   0.000   0.000 1288522000
20.66   4.43   47.018
20.66   1.00    0.050    0.001
20.66   1.00    0.052   42.494
20.66   1.00    0.049    0.167   0.052   0.166
20.66   1.00    0.049    0.166   0.052   0.165

20.67   0.00    0.166    0.165   0.032   0.036   0.003   0.006   0.082   0.006   0.000   0.000   0.000 1289146000
20.67   4.43   47.014
20.67   1.00    0.050    0.001
20.67   1.00    0.052   42.487
20.67   1.00    0.049    0.167   0.052   0.166
20.67   1.00    0.049    0.166   0.052   0.165

20.68   0.00    0.166    0.165   0.032   0.036   0.003   0.006   0.082   0.006   0.000   0.000   0.000 1289770000
20.68   4.43   47.009
20.68   1.00    0.050    0.001
20.68   1.00    0.052   42.479
20.68   1.00    0.049    0.167   0.052   0.166
20.68   1.00    0.049    0.166   0.052   0.165

20.69   0.00    0.166    0.165   0.032   0.036   0.003   0.006   0.082   0.006   0.000   0.000   0.000 1290394000
20.69   4.43   47.005
20.69   1.00    0.050    0.001
20.69   1.00    0.052   42.472
20.69   1.00    0.049    0.167   0.052   0.166
20.69   1.00    0.049    0.166   0.052   0.165

20.70   0.00    0.166    0.165   0.032   0.036   0.003   0.006   0.082   0.006   0.000   0.000   0.000 1291017000
20.70   4.43   47.000
20.70   1.00    0.050    0.001
20.70   1.00    0.052   42.465
20.70   1.00    0.049    0.167   0.052   0.166
20.70   1.00    0.049    0.166   0.052   0.165

20.71   0.00    0.166    0.165   0.032   0.036   0.003   0.006   0.082   0.006   0.000   0.000   0.000 1291641000
20.71   4.43   46.995
20.71   1.00    0.050    0.001
20.71   1.00    0.052   42.457
20.71   1.00    0.049    0.167   0.052   0.166
20.71   1.00    0.049    0.166   0.052   0.165

20.72   0.00    0.166    0.165   0.032   0.036   0.003   0.006   0.082   0.006   0.000   0.000   0.000 1292264000
20.72   4.43   46.991
20.72   1.00    0.050    0.001
20.72   1.00    0.052   42.450
20.72   1.00    0.049    0.167   0.052   0.166
20.72   1.00    0.049    0.166   0.052   0.165

20.73   0.00    0.166    0.165   0.032   0.036   0.003   0.006   0.082   0.006   0.000   0.000   0.000 1292888000
20.73   4.43   46.986
20.73   1.00    0.050    0.001
20.73   1.00    0.052   42.443
20.73   1.00    0.049    0.167   0.052   0.166
20.73   1.00    0.049    0.166   0.052   0.165

20.74   0.00    0.166    0.165   0.032   0.036   0.003   0.006   0.082   0.006   0.000   0.000   0.000 1293512000
20.74   4.43   46.982
20.74   1.00    0.050    0.001
20.74   1.00    0.052   42.435
20.74   1.00    0.049    0.167   0.052   0.166
20.74   1.00    0.049    0.166   0.052   0.165

20.75   0.00    0.166    0.165   0.032   0.036   0.003   0.006   0.082   0.006   0.000   0.000   0.000 1294136000
20.75   4.43   46.977
20.75   1.00    0.050    0.001
20.75   1.00    0.052   42.428
20.75   1.00    0.049    0.167   0.052   0.166
20.75   1.00    0.049    0.166   0.052   0.165

20.76   0.00    0.166    0.165   0.032   0.036   0.003   0.006   0.082   0.006   0.000   0.000   0.000 1294759000
20.76   4.43   46.973
20.76   1.00    0.050    0.001
20.76   1.00    0.052   42.421
20.76   1.00    0.049    0.167   0.052   0.166
20.76   1.00    0.049    0.166   0.052   0.165

20.77   0.00    0.166    0.165   0.032   0.036   0.003   0.006   0.082   0.006   0.000   0.000   0.000 1295383000
20.77   4.43   46.968
20.77   1.00    0.050    0.001
20.77   1.00    0.052   42.413
20.77   1.00    0.049    0.167   0.052   0.166
20.77   1.00    0.049    0.166   0.052   0.165

20.78   0.00    0.166    0.165   0.032   0.036   0.003   0.006   0.082   0.006   0.000   0.000   0.000 1296007000
20.78   4.42   46.964
20.78   1.00    0.050    0.001
20.78   1.00    0.052   42.406
20.78   1.00    0.049    0.167   0.052   0.166
20.78   1.00    0.049    0.166   0.052   0.165

20.79   0.00    0.166    0.165   0.032   0.036   0.003   0.006   0.082   0.006   0.000   0.000   0.000 1296630000
20.79   4.42   46.959
20.79   1.00    0.050    0.001
20.79   1.00    0.052   42.399
20.79   1.00    0.049    0.167   0.052   0.166
20.79   1.00    0.049    0.166   0.052   0.165

20.80   0.00    0.166    0.165   0.032   0.036   0.003   0.006   0.082   0.006   0.000   0.000   0.000 1297254000
20.80   4.42   46.955
20.80   1.00    0.050    0.001
20.80   1.00    0.052   42.392
20.80   1.00    0.049    0.167   0.052   0.166
20.80   1.00    0.049    0.166   0.052   0.165

20.81   0.00    0.166    0.165   0.032   0.036   0.003   0.006   0.082   0.006   0.000   0.000   0.000 1297878000
20.81   4.42   46.950
20.81   1.00    0.050    0.001
20.81   1.00    0.051   42.384
20.81   1.00    0.049    0.167   0.051   0.166
20.81   1.00    0.049    0.166   0.051   0.165

20.82   0.00    0.166    0.165   0.032   0.036   0.003   0.006   0.082   0.006   0.000   0.000   0.000 1298501000
20.82   4.42   46.946
20.82   1.00    0.050    0.001
20.82   1.00    0.051   42.377
20.82   1.00    0.049    0.167   0.051   0.166
20.82   1.00    0.049    0.166   0.051   0.165

20.83   0.00    0.166    0.165   0.032   0.036   0.003   0.006   0.082   0.006   0.000   0.000   0.000 1299125000
20.83   4.42   46.941
20.83   1.00    0.050    0.001
20.83   1.00    0.051   42.370
20.83   1.00    0.049    0.167   0.051   0.166
20.83   1.00    0.049    0.166   0.051   0.165

20.84   0.00    0.166    0.165   0.032   0.036   0.003   0.006   0.082   0.006   0.000   0.000   0.000 1299749000
20.84   4.42   46.937
20.84   1.00    0.050    0.001
20.84   1.00    0.051   42.363
20.84   1.00    0.049    0.167   0.051   0.166
20.84   1.00    0.049    0.166   0.051   0.165

20.85   0.00    0.166    0.165   0.032   0.036   0.003   0.006   0.082   0.006   0.000   0.000   0.000 1300372000
20.85   4.42   46.932
20.85   1.00    0.050    0.001
20.85   1.00    0.051   42.355
20.85   1.00    0.049    0.167   0.051   0.166
20.85   1.00    0.049    0.166   0.051   0.165

20.86   0.00    0.166    0.165   0.032   0.036   0.003   0.006   0.082   0.006   0.000   0.000   0.000 1300996000
20.86   4.42   46.928
20.86   1.00    0.050    0.001
20.86   1.00    0.051   42.348
20.86   1.00    0.049    0.167   0.051   0.166
20.86   1.00    0.049    0.166   0.051   0.165

20.87   0.00    0.166    0.165   0.032   0.036   0.003   0.006   0.082   0.006   0.000   0.000   0.000 1301620000
20.87   4.42   46.923
20.87   1.00    0.050    0.001
20.87   1.00    0.051   42.341
20.87   1.00    0.049    0.167   0.051   0.166
20.87   1.00    0.049    0.166   0.051   0.165

20.88   0.00    0.166    0.165   0.032   0.036   0.003   0.006   0.082   0.006   0.000   0.000   0.000 1302243000
20.88   4.42   46.919
20.88   1.00    0.050    0.001
20.88   1.00    0.051   42.334
20.88   1.00    0.049    0.167   0.051   0.166
20.88   1.00    0.049    0.166   0.051   0.165

20.89   0.00    0.166    0.165   0.032   0.036   0.003   0.006   0.082   0.006   0.000   0.000   0.000 1302867000
20.89   4.42   46.914
20.89   1.00    0.050    0.001
20.89   1.00    0.051   42.326
20.89   1.00    0.049    0.167   0.051   0.166
20.89   1.00    0.049    0.166   0.051   0.165

20.90   0.00    0.166    0.165   0.032   0.036   0.003   0.006   0.082   0.006   0.000   0.000   0.000 1303491000
20.90   4.42   46.910
20.90   1.00    0.050    0.001
20.90   1.00    0.051   42.319
20.90   1.00    0.048    0.167   0.051   0.166
20.90   1.00    0.049    0.166   0.051   0.165

20.91   0.00    0.166    0.165   0.032   0.036   0.003   0.006   0.082   0.006   0.000   0.000   0.000 1304114000
20.91   4.41   46.905
20.91   1.00    0.050    0.001
20.91   1.00    0.051   42.312
20.91   1.00    0.048    0.167   0.051   0.166
20.91   1.00    0.048    0.166   0.051   0.165

20.92   0.00    0.166    0.165   0.032   0.036   0.003   0.006   0.082   0.006   0.000   0.000   0.000 1304738000
20.92   4.41   46.901
20.92   1.00    0.050    0.001
20.92   1.00    0.051   42.305
20.92   1.00    0.048    0.167   0.051   0.166
20.92   1.00    0.048    0.166   0.051   0.165

20.93   0.00    0.166    0.165   0.032   0.036   0.003   0.006   0.082   0.006   0.000   0.000   0.000 1305362000
20.93   4.41   46.896
20.93   1.00    0.050    0.001
20.93   1.00    0.051   42.297
20.93   1.00    0.048    0.167   0.051   0.166
20.93   1.00    0.048    0.166   0.051   0.165

20.94   0.00    0.166    0.165   0.032   0.036   0.003   0.006   0.082   0.006   0.000   0.000   0.000 1305986000
20.94   4.41   46.892
20.94   1.00    0.050    0.001
20.94   1.00    0.051   42.290
20.94   1.00    0.048    0.167   0.051   0.166
20.94   1.00    0.048    0.166   0.051   0.165

20.95   0.00    0.166    0.165   0.032   0.036   0.003   0.006   0.082   0.006   0.000   0.000   0.000 1306609000
20.95   4.41   46.887
20.95   1.00    0.050    0.001
20.95   1.00    0.051   42.283
20.95   1.00    0.048    0.167   0.051   0.166
20.95   1.00    0.048    0.166   0.051   0.165

20.96   0.00    0.166    0.165   0.032   0.036   0.003   0.006   0.082   0.006   0.000   0.000   0.000 1307233000
20.96   4.41   46.883
20.96   1.00    0.050    0.001
20.96   1.00    0.051   42.276
20.96   1.00    0.048    0.167   0.051   0.166
20.96   1.00    0.048    0.166   0.051   0.165

20.97   0.00    0.166    0.165   0.032   0.036   0.003   0.006   0.082   0.006   0.000   0.000   0.000 1307857000
20.97   4.41   46.878
20.97   1.00    0.050    0.001
20.97   1.00    0.051   42.269
20.97   1.00    0.048    0.167   0.051   0.166
20.97   1.00    0.048    0.166   0.051   0.165

20.98   0.00    0.166    0.165   0.032   0.036   0.003   0.006   0.082   0.006   0.000   0.000   0.000 1308480000
20.98   4.41   46.874
20.98   1.00    0.050    0.001
20.98   1.00    0.051   42.261
20.98   1.00    0.048    0.167   0.051   0.166
20.98   1.00    0.048    0.166   0.051   0.165

20.99   0.00    0.166    0.165   0.032   0.036   0.003   0.006   0.082   0.006   0.000   0.000   0.000 1309104000
20.99   4.41   46.869
20.99   1.00    0.050    0.001
20.99   1.00    0.051   42.254
20.99   1.00    0.048    0.167   0.051   0.166
20.99   1.00    0.048    0.166   0.051   0.165

21.00   0.00    0.166    0.165   0.032   0.036   0.003   0.006   0.082   0.006   0.000   0.000   0.000 1309728000
21.00   4.41   46.865
21.00   1.00    0.050    0.001
21.00   1.00    0.051   42.247
21.00   1.00    0.048    0.167   0.051   0.166
21.00   1.00    0.048    0.166   0.051   0.165

21.01   0.00    0.166    0.165   0.032   0.036   0.003   0.006   0.082   0.006   0.000   0.000   0.000 1310351000
21.01   4.41   46.860
21.01   1.00    0.050    0.001
21.01   1.00    0.051   42.240
21.01   1.00    0.048    0.167   0.051   0.166
21.01   1.00    0.048    0.166   0.051   0.165

21.02   0.00    0.166    0.165   0.032   0.036   0.003   0.006   0.082   0.006   0.000   0.000   0.000 1310975000
21.02   4.41   46.856
21.02   1.00    0.050    0.001
21.02   1.00    0.051   42.233
21.02   1.00    0.048    0.167   0.051   0.166
21.02   1.00    0.048    0.166   0.051   0.165

21.03   0.00    0.166    0.165   0.032   0.036   0.003   0.006   0.082   0.006   0.000   0.000   0.000 1311599000
21.03   4.41   46.852
21.03   1.00    0.050    0.001
21.03   1.00    0.051   42.225
21.03   1.00    0.048    0.167   0.051   0.166
21.03   1.00    0.048    0.166   0.051   0.165

21.04   0.00    0.166    0.165   0.032   0.036   0.003   0.006   0.082   0.006   0.000   0.000   0.000 1312222000
21.04   4.40   46.847
21.04   1.00    0.050    0.001
21.04   1.00    0.051   42.218
21.04   1.00    0.048    0.167   0.051   0.166
21.04   1.00    0.048    0.166   0.051   0.165

21.05   0.00    0.166    0.165   0.032   0.036   0.003   0.006   0.082   0.006   0.000   0.000   0.000 1312846000
21.05   4.40   46.843
21.05   1.00    0.050    0.001
21.05   1.00    0.051   42.211
21.05   1.00    0.048    0.167   0.051   0.166
21.05   1.00    0.048    0.166   0.051   0.165

21.06   0.00    0.166    0.165   0.032   0.036   0.003   0.006   0.082   0.006   0.000   0.000   0.000 1313470000
21.06   4.40   46.838
21.06   1.00    0.050    0.001
21.06   1.00    0.051   42.204
21.06   1.00    0.048    0.167   0.051   0.166
21.06   1.00    0.048    0.166   0.051   0.165

21.07   0.00    0.166    0.165   0.032   0.036   0.003   0.006   0.082   0.006   0.000   0.000   0.000 1314093000
21.07   4.40   46.834
21.07   1.00    0.050    0.001
21.07   1.00    0.051   42.197
21.07   1.00    0.048    0.167   0.051   0.166
21.07   1.00    0.048    0.166   0.051   0.165

21.08   0.00    0.166    0.165   0.032   0.036   0.003   0.006   0.082   0.006   0.000   0.000   0.000 1314717000
21.08   4.40   46.829
21.08   1.00    0.050    0.001
21.08   1.00    0.051   42.189
21.08   1.00    0.048    0.167   0.051   0.166
21.08   1.00    0.048    0.166   0.051   0.165

21.09   0.00    0.166    0.165   0.032   0.036   0.003   0.006   0.082   0.006   0.000   0.000   0.000 1315341000
21.09   4.40   46.825
21.09   1.00    0.050    0.001
21.09   1.00    0.051   42.182
21.09   1.00    0.048    0.167   0.051   0.166
21.09   1.00    0.048    0.166   0.051   0.165

21.10   0.00    0.166    0.165   0.032   0.036   0.003   0.006   0.082   0.006   0.000   0.000   0.000 1315964000
21.10   4.40   46.820
21.10   1.00    0.050    0.001
21.10   1.00    0.051   42.175
21.10   1.00    0.048    0.167   0.051   0.166
21.10   1.00    0.048    0.166   0.051   0.165

21.11   0.00    0.166    0.165   0.032   0.036   0.003   0.006   0.082   0.006   0.000   0.000   0.000 1316588000
21.11   4.40   46.816
21.11   1.00    0.050    0.001
21.11   1.00    0.051   42.168
21.11   1.00    0.048    0.167   0.051   0.166
21.11   1.00    0.048    0.166   0.051   0.165

21.12   0.00    0.166    0.165   0.032   0.036   0.003   0.006   0.082   0.006   0.000   0.000   0.000 1317212000
21.12   4.40   46.812
21.12   1.00    0.050    0.001
21.12   1.00    0.051   42.161
21.12   1.00    0.048    0.167   0.051   0.166
21.12   1.00    0.048    0.166   0.051   0.165

21.13   0.00    0.166    0.165   0.032   0.036   0.003   0.006   0.082   0.006   0.000   0.000   0.000 1317835000
21.13   4.40   46.807
21.13   1.00    0.050    0.001
21.13   1.00    0.051   42.154
21.13   1.00    0.048    0.167   0.051   0.166
21.13   1.00    0.048    0.166   0.051   0.165

21.14   0.00    0.166    0.165   0.032   0.036   0.003   0.006   0.082   0.006   0.000   0.000   0.000 1318459000
21.14   4.40   46.803
21.14   1.00    0.050    0.001
21.14   1.00    0.051   42.147
21.14   1.00    0.048    0.167   0.051   0.166
21.14   1.00    0.048    0.166   0.051   0.165

21.15   0.00    0.166    0.165   0.032   0.036   0.003   0.006   0.082   0.006   0.000   0.000   0.000 1319083000
21.15   4.40   46.798
21.15   1.00    0.050    0.001
21.15   1.00    0.051   42.139
21.15   1.00    0.048    0.167   0.051   0.166
21.15   1.00    0.048    0.166   0.051   0.165

21.16   0.00    0.166    0.165   0.032   0.036   0.003   0.006   0.082   0.006   0.000   0.000   0.000 1319706000
21.16   4.40   46.794
21.16   1.00    0.050    0.001
21.16   1.00    0.051   42.132
21.16   1.00    0.048    0.167   0.051   0.166
21.16   1.00    0.048    0.166   0.051   0.165

21.17   0.00    0.166    0.165   0.032   0.036   0.003   0.006   0.082   0.006   0.000   0.000   0.000 1320330000
21.17   4.39   46.789
21.17   1.00    0.050    0.001
21.17   1.00    0.051   42.125
21.17   1.00    0.048    0.167   0.051   0.166
21.17   1.00    0.048    0.166   0.051   0.165

21.18   0.00    0.166    0.165   0.032   0.036   0.003   0.006   0.082   0.006   0.000   0.000   0.000 1320954000
21.18   4.39   46.785
21.18   1.00    0.050    0.001
21.18   1.00    0.051   42.118
21.18   1.00    0.048    0.167   0.051   0.166
21.18   1.00    0.048    0.166   0.051   0.165

21.19   0.00    0.166    0.165   0.032   0.036   0.003   0.006   0.082   0.006   0.000   0.000   0.000 1321577000
21.19   4.39   46.781
21.19   1.00    0.050    0.001
21.19   1.00    0.051   42.111
21.19   1.00    0.048    0.167   0.051   0.166
21.19   1.00    0.048    0.166   0.051   0.165

21.20   0.00    0.166    0.165   0.032   0.036   0.003   0.006   0.082   0.006   0.000   0.000   0.000 1322201000
21.20   4.39   46.776
21.20   1.00    0.050    0.001
21.20   1.00    0.051   42.104
21.20   1.00    0.048    0.167   0.051   0.166
21.20   1.00    0.048    0.166   0.051   0.165

21.21   0.00    0.166    0.165   0.032   0.036   0.003   0.006   0.082   0.006   0.000   0.000   0.000 1322825000
21.21   4.39   46.772
21.21   1.00    0.050    0.001
21.21   1.00    0.051   42.097
21.21   1.00    0.048    0.167   0.051   0.166
21.21   1.00    0.048    0.166   0.051   0.165

21.22   0.00    0.166    0.165   0.032   0.036   0.003   0.006   0.082   0.006   0.000   0.000   0.000 1323448000
21.22   4.39   46.767
21.22   1.00    0.050    0.001
21.22   1.00    0.051   42.090
21.22   1.00    0.048    0.167   0.051   0.166
21.22   1.00    0.048    0.166   0.051   0.165

21.23   0.00    0.166    0.165   0.032   0.036   0.003   0.006   0.082   0.006   0.000   0.000   0.000 1324072000
21.23   4.39   46.763
21.23   1.00    0.050    0.001
21.23   1.00    0.051   42.083
21.23   1.00    0.048    0.167   0.051   0.166
21.23   1.00    0.048    0.166   0.051   0.165

21.24   0.00    0.166    0.165   0.032   0.036   0.003   0.006   0.082   0.006   0.000   0.000   0.000 1324696000
21.24   4.39   46.759
21.24   1.00    0.050    0.001
21.24   1.00    0.051   42.075
21.24   1.00    0.048    0.167   0.051   0.166
21.24   1.00    0.048    0.166   0.051   0.165

21.25   0.00    0.166    0.165   0.032   0.036   0.003   0.006   0.082   0.006   0.000   0.000   0.000 1325320000
21.25   4.39   46.754
21.25   1.00    0.050    0.001
21.25   1.00    0.051   42.068
21.25   1.00    0.048    0.167   0.051   0.166
21.25   1.00    0.048    0.166   0.051   0.165

21.26   0.00    0.166    0.165   0.032   0.036   0.003   0.006   0.082   0.006   0.000   0.000   0.000 1325943000
21.26   4.39   46.750
21.26   1.00    0.050    0.001
21.26   1.00    0.051   42.061
21.26   1.00    0.048    0.167   0.051   0.166
21.26   1.00    0.048    0.166   0.051   0.165

21.27   0.00    0.166    0.165   0.032   0.036   0.003   0.006   0.082   0.006   0.000   0.000   0.000 1326567000
21.27   4.39   46.745
21.27   1.00    0.050    0.001
21.27   1.00    0.051   42.054
21.27   1.00    0.048    0.167   0.051   0.166
21.27   1.00    0.048    0.166   0.051   0.165

21.28   0.00    0.166    0.165   0.032   0.036   0.003   0.006   0.082   0.006   0.000   0.000   0.000 1327191000
21.28   4.39   46.741
21.28   1.00    0.050    0.001
21.28   1.00    0.051   42.047
21.28   1.00    0.048    0.167   0.051   0.166
21.28   1.00    0.048    0.166   0.051   0.165

21.29   0.00    0.166    0.165   0.032   0.036   0.003   0.006   0.082   0.006   0.000   0.000   0.000 1327814000
21.29   4.39   46.737
21.29   1.00    0.050    0.001
21.29   1.00    0.051   42.040
21.29   1.00    0.048    0.167   0.051   0.166
21.29   1.00    0.048    0.166   0.051   0.165

21.30   0.00    0.166    0.165   0.032   0.036   0.003   0.006   0.082   0.006   0.000   0.000   0.000 1328438000
21.30   4.39   46.732
21.30   1.00    0.050    0.001
21.30   1.00    0.051   42.033
21.30   1.00    0.048    0.167   0.051   0.166
21.30   1.00    0.048    0.166   0.051   0.165

21.31   0.00    0.166    0.165   0.032   0.036   0.003   0.006   0.082   0.006   0.000   0.000   0.000 1329062000
21.31   4.38   46.728
21.31   1.00    0.050    0.001
21.31   1.00    0.051   42.026
21.31   1.00    0.048    0.167   0.051   0.166
21.31   1.00    0.048    0.166   0.051   0.165

21.32   0.00    0.166    0.165   0.032   0.036   0.003   0.006   0.082   0.006   0.000   0.000   0.000 1329685000
21.32   4.38   46.724
21.32   1.00    0.050    0.001
21.32   1.00    0.051   42.019
21.32   1.00    0.048    0.167   0.051   0.166
21.32   1.00    0.048    0.166   0.051   0.165

21.33   0.00    0.166    0.165   0.032   0.036   0.003   0.006   0.082   0.006   0.000   0.000   0.000 1330309000
21.33   4.38   46.719
21.33   1.00    0.050    0.001
21.33   1.00    0.051   42.012
21.33   1.00    0.048    0.167   0.051   0.166
21.33   1.00    0.048    0.166   0.051   0.165

21.34   0.00    0.166    0.165   0.032   0.036   0.003   0.006   0.082   0.006   0.000   0.000   0.000 1330933000
21.34   4.38   46.715
21.34   1.00    0.050    0.001
21.34   1.00    0.051   42.005
21.34   1.00    0.048    0.167   0.051   0.166
21.34   1.00    0.048    0.166   0.051   0.165

21.35   0.00    0.166    0.165   0.032   0.036   0.003   0.006   0.082   0.006   0.000   0.000   0.000 1331556000
21.35   4.38   46.710
21.35   1.00    0.050    0.001
21.35   1.00    0.051   41.998
21.35   1.00    0.048    0.167   0.051   0.166
21.35   1.00    0.048    0.166   0.051   0.165

21.36   0.00    0.166    0.165   0.032   0.036   0.003   0.006   0.082   0.006   0.000   0.000   0.000 1332180000
21.36   4.38   46.706
21.36   1.00    0.050    0.001
21.36   1.00    0.051   41.991
21.36   1.00    0.048    0.167   0.051   0.166
21.36   1.00    0.048    0.166   0.051   0.165

21.37   0.00    0.166    0.165   0.032   0.036   0.003   0.006   0.082   0.006   0.000   0.000   0.000 1332804000
21.37   4.38   46.702
21.37   1.00    0.050    0.001
21.37   1.00    0.051   41.984
21.37   1.00    0.048    0.167   0.051   0.166
21.37   1.00    0.048    0.166   0.051   0.165

21.38   0.00    0.166    0.165   0.032   0.036   0.003   0.006   0.082   0.006   0.000   0.000   0.000 1333427000
21.38   4.38   46.697
21.38   1.00    0.049    0.001
21.38   1.00    0.051   41.976
21.38   1.00    0.048    0.167   0.051   0.166
21.38   1.00    0.048    0.166   0.051   0.165

21.39   0.00    0.166    0.165   0.032   0.036   0.003   0.006   0.082   0.006   0.000   0.000   0.000 1334051000
21.39   4.38   46.693
21.39   1.00    0.049    0.001
21.39   1.00    0.051   41.969
21.39   1.00    0.048    0.167   0.051   0.166
21.39   1.00    0.048    0.166   0.051   0.165

21.40   0.00    0.166    0.165   0.032   0.036   0.003   0.006   0.082   0.006   0.000   0.000   0.000 1334675000
21.40   4.38   46.689
21.40   1.00    0.049    0.001
21.40   1.00    0.051   41.962
21.40   1.00    0.048    0.167   0.051   0.166
21.40   1.00    0.048    0.166   0.051   0.165

21.41   0.00    0.166    0.165   0.032   0.036   0.003   0.006   0.082   0.006   0.000   0.000   0.000 1335298000
21.41   4.38   46.684
21.41   1.00    0.049    0.001
21.41   1.00    0.051   41.955
21.41   1.00    0.048    0.167   0.051   0.166
21.41   1.00    0.048    0.166   0.051   0.165

21.42   0.00    0.166    0.165   0.032   0.036   0.003   0.006   0.082   0.006   0.000   0.000   0.000 1335922000
21.42   4.38   46.680
21.42   1.00    0.049    0.001
21.42   1.00    0.051   41.948
21.42   1.00    0.048    0.167   0.051   0.166
21.42   1.00    0.048    0.166   0.051   0.165

21.43   0.00    0.166    0.165   0.032   0.036   0.003   0.006   0.082   0.006   0.000   0.000   0.000 1336546000
21.43   4.38   46.676
21.43   1.00    0.049    0.001
21.43   1.00    0.051   41.941
21.43   1.00    0.048    0.167   0.051   0.166
21.43   1.00    0.048    0.166   0.051   0.165

21.44   0.00    0.166    0.165   0.032   0.036   0.003   0.006   0.082   0.006   0.000   0.000   0.000 1337170000
21.44   4.37   46.671
21.44   1.00    0.049    0.001
21.44   1.00    0.051   41.934
21.44   1.00    0.048    0.167   0.051   0.166
21.44   1.00    0.048    0.166   0.051   0.165

21.45   0.00    0.166    0.165   0.032   0.036   0.003   0.006   0.082   0.006   0.000   0.000   0.000 1337793000
21.45   4.37   46.667
21.45   1.00    0.049    0.001
21.45   1.00    0.051   41.927
21.45   1.00    0.048    0.167   0.051   0.166
21.45   1.00    0.048    0.166   0.051   0.165

21.46   0.00    0.166    0.165   0.032   0.036   0.003   0.006   0.082   0.006   0.000   0.000   0.000 1338417000
21.46   4.37   46.663
21.46   1.00    0.049    0.001
21.46   1.00    0.051   41.920
21.46   1.00    0.048    0.167   0.051   0.166
21.46   1.00    0.048    0.166   0.051   0.165

21.47   0.00    0.166    0.165   0.032   0.036   0.003   0.006   0.082   0.006   0.000   0.000   0.000 1339041000
21.47   4.37   46.658
21.47   1.00    0.049    0.001
21.47   1.00    0.051   41.913
21.47   1.00    0.048    0.167   0.051   0.166
21.47   1.00    0.048    0.166   0.051   0.165

21.48   0.00    0.166    0.165   0.032   0.036   0.003   0.006   0.082   0.006   0.000   0.000   0.000 1339664000
21.48   4.37   46.654
21.48   1.00    0.049    0.001
21.48   1.00    0.051   41.906
21.48   1.00    0.048    0.167   0.051   0.166
21.48   1.00    0.048    0.166   0.051   0.165

21.49   0.00    0.166    0.165   0.032   0.036   0.003   0.006   0.082   0.006   0.000   0.000   0.000 1340288000
21.49   4.37   46.649
21.49   1.00    0.049    0.001
21.49   1.00    0.051   41.899
21.49   1.00    0.048    0.167   0.051   0.166
21.49   1.00    0.048    0.166   0.051   0.165

21.50   0.00    0.166    0.165   0.032   0.036   0.003   0.006   0.082   0.006   0.000   0.000   0.000 1340912000
21.50   4.37   46.645
21.50   1.00    0.049    0.001
21.50   1.00    0.051   41.892
21.50   1.00    0.048    0.167   0.051   0.166
21.50   1.00    0.048    0.166   0.051   0.165

21.51   0.00    0.166    0.165   0.032   0.036   0.003   0.006   0.082   0.006   0.000   0.000   0.000 1341535000
21.51   4.37   46.641
21.51   1.00    0.049    0.001
21.51   1.00    0.051   41.885
21.51   1.00    0.048    0.167   0.051   0.166
21.51   1.00    0.048    0.166   0.051   0.165

21.52   0.00    0.166    0.165   0.032   0.036   0.003   0.006   0.082   0.006   0.000   0.000   0.000 1342159000
21.52   4.37   46.636
21.52   1.00    0.049    0.001
21.52   1.00    0.051   41.878
21.52   1.00    0.048    0.167   0.051   0.166
21.52   1.00    0.048    0.166   0.051   0.165

21.53   0.00    0.166    0.165   0.032   0.036   0.003   0.006   0.082   0.006   0.000   0.000   0.000 1342783000
21.53   4.37   46.632
21.53   1.00    0.049    0.001
21.53   1.00    0.051   41.871
21.53   1.00    0.048    0.167   0.051   0.166
21.53   1.00    0.048    0.166   0.051   0.165

21.54   0.00    0.166    0.165   0.032   0.036   0.003   0.006   0.082   0.006   0.000   0.000   0.000 1343406000
21.54   4.37   46.628
21.54   1.00    0.049    0.001
21.54   1.00    0.051   41.864
21.54   1.00    0.048    0.167   0.051   0.166
21.54   1.00    0.048    0.166   0.051   0.165

21.55   0.00    0.166    0.165   0.032   0.036   0.003   0.006   0.082   0.006   0.000   0.000   0.000 1344030000
21.55   4.37   46.624
21.55   1.00    0.049    0.001
21.55   1.00    0.051   41.857
21.55   1.00    0.048    0.167   0.051   0.166
21.55   1.00    0.048    0.166   0.051   0.165

21.56   0.00    0.166    0.165   0.032   0.036   0.003   0.006   0.082   0.006   0.000   0.000   0.000 1344654000
21.56   4.37   46.619
21.56   1.00    0.049    0.001
21.56   1.00    0.051   41.850
21.56   1.00    0.048    0.167   0.051   0.166
21.56   1.00    0.048    0.166   0.051   0.165

21.57   0.00    0.166    0.165   0.032   0.036   0.003   0.006   0.082   0.006   0.000   0.000   0.000 1345277000
21.57   4.36   46.615
21.57   1.00    0.049    0.001
21.57   1.00    0.051   41.843
21.57   1.00    0.048    0.167   0.051   0.166
21.57   1.00    0.048    0.166   0.051   0.165

21.58   0.00    0.166    0.165   0.032   0.036   0.003   0.006   0.082   0.006   0.000   0.000   0.000 1345901000
21.58   4.36   46.611
21.58   1.00    0.049    0.001
21.58   1.00    0.051   41.836
21.58   1.00    0.048    0.167   0.051   0.166
21.58   1.00    0.048    0.166   0.051   0.165

21.59   0.00    0.166    0.165   0.032   0.036   0.003   0.006   0.082   0.006   0.000   0.000   0.000 1346525000
21.59   4.36   46.606
21.59   1.00    0.049    0.001
21.59   1.00    0.051   41.830
21.59   1.00    0.048    0.167   0.051   0.166
21.59   1.00    0.048    0.166   0.051   0.165

21.60   0.00    0.166    0.165   0.032   0.036   0.003   0.006   0.082   0.006   0.000   0.000   0.000 1347148000
21.60   4.36   46.602
21.60   1.00    0.049    0.001
21.60   1.00    0.051   41.823
21.60   1.00    0.048    0.167   0.051   0.166
21.60   1.00    0.048    0.166   0.051   0.165

21.61   0.00    0.166    0.165   0.032   0.036   0.003   0.006   0.082   0.006   0.000   0.000   0.000 1347772000
21.61   4.36   46.598
21.61   1.00    0.049    0.001
21.61   1.00    0.051   41.816
21.61   1.00    0.048    0.167   0.051   0.166
21.61   1.00    0.048    0.166   0.051   0.165

21.62   0.00    0.166    0.165   0.032   0.036   0.003   0.006   0.082   0.006   0.000   0.000   0.000 1348396000
21.62   4.36   46.593
21.62   1.00    0.049    0.001
21.62   1.00    0.051   41.809
21.62   1.00    0.048    0.166   0.051   0.166
21.62   1.00    0.048    0.166   0.051   0.165

21.63   0.00    0.166    0.165   0.032   0.036   0.003   0.006   0.082   0.006   0.000   0.000   0.000 1349019000
21.63   4.36   46.589
21.63   1.00    0.049    0.001
21.63   1.00    0.051   41.802
21.63   1.00    0.048    0.166   0.051   0.166
21.63   1.00    0.048    0.166   0.051   0.165

21.64   0.00    0.166    0.165   0.032   0.036   0.003   0.006   0.082   0.006   0.000   0.000   0.000 1349643000
21.64   4.36   46.585
21.64   1.00    0.049    0.001
21.64   1.00    0.051   41.795
21.64   1.00    0.048    0.166   0.051   0.166
21.64   1.00    0.048    0.166   0.051   0.165

21.65   0.00    0.166    0.165   0.032   0.036   0.003   0.006   0.082   0.006   0.000   0.000   0.000 1350267000
21.65   4.36   46.580
21.65   1.00    0.049    0.001
21.65   1.00    0.051   41.788
21.65   1.00    0.048    0.166   0.051   0.166
21.65   1.00    0.048    0.166   0.051   0.165

21.66   0.00    0.166    0.165   0.032   0.036   0.003   0.006   0.082   0.006   0.000   0.000   0.000 1350890000
21.66   4.36   46.576
21.66   1.00    0.049    0.001
21.66   1.00    0.051   41.781
21.66   1.00    0.048    0.166   0.051   0.166
21.66   1.00    0.048    0.166   0.051   0.165

21.67   0.00    0.166    0.165   0.032   0.036   0.003   0.006   0.082   0.006   0.000   0.000   0.000 1351514000
21.67   4.36   46.572
21.67   1.00    0.049    0.001
21.67   1.00    0.051   41.774
21.67   1.00    0.048    0.166   0.051   0.166
21.67   1.00    0.048    0.166   0.051   0.165

21.68   0.00    0.166    0.165   0.032   0.036   0.003   0.006   0.082   0.006   0.000   0.000   0.000 1352138000
21.68   4.36   46.568
21.68   1.00    0.049    0.001
21.68   1.00    0.051   41.767
21.68   1.00    0.048    0.166   0.051   0.166
21.68   1.00    0.048    0.166   0.051   0.165

21.69   0.00    0.166    0.165   0.032   0.036   0.003   0.006   0.082   0.006   0.000   0.000   0.000 1352761000
21.69   4.36   46.563
21.69   1.00    0.049    0.001
21.69   1.00    0.051   41.760
21.69   1.00    0.048    0.166   0.051   0.166
21.69   1.00    0.048    0.166   0.051   0.165

21.70   0.00    0.166    0.165   0.032   0.036   0.003   0.006   0.082   0.006   0.000   0.000   0.000 1353385000
21.70   4.36   46.559
21.70   1.00    0.049    0.001
21.70   1.00    0.051   41.753
21.70   1.00    0.048    0.166   0.051   0.166
21.70   1.00    0.048    0.166   0.051   0.165

21.71   0.00    0.166    0.165   0.032   0.036   0.003   0.006   0.082   0.006   0.000   0.000   0.000 1354009000
21.71   4.35   46.555
21.71   1.00    0.049    0.001
21.71   1.00    0.051   41.746
21.71   1.00    0.048    0.166   0.051   0.166
21.71   1.00    0.048    0.166   0.051   0.165

21.72   0.00    0.166    0.165   0.032   0.036   0.003   0.006   0.082   0.006   0.000   0.000   0.000 1354632000
21.72   4.35   46.550
21.72   1.00    0.049    0.001
21.72   1.00    0.051   41.739
21.72   1.00    0.048    0.166   0.051   0.166
21.72   1.00    0.048    0.166   0.051   0.165

21.73   0.00    0.166    0.165   0.032   0.036   0.003   0.006   0.082   0.006   0.000   0.000   0.000 1355256000
21.73   4.35   46.546
21.73   1.00    0.049    0.001
21.73   1.00    0.051   41.732
21.73   1.00    0.048    0.166   0.051   0.166
21.73   1.00    0.048    0.166   0.051   0.165

21.74   0.00    0.166    0.165   0.032   0.036   0.003   0.006   0.082   0.006   0.000   0.000   0.000 1355880000
21.74   4.35   46.542
21.74   1.00    0.049    0.001
21.74   1.00    0.051   41.726
21.74   1.00    0.048    0.166   0.051   0.166
21.74   1.00    0.048    0.166   0.051   0.165

21.75   0.00    0.166    0.165   0.032   0.036   0.003   0.006   0.082   0.006   0.000   0.000   0.000 1356504000
21.75   4.35   46.538
21.75   1.00    0.049    0.001
21.75   1.00    0.050   41.719
21.75   1.00    0.048    0.166   0.050   0.166
21.75   1.00    0.048    0.166   0.050   0.165

21.76   0.00    0.166    0.165   0.032   0.036   0.003   0.006   0.082   0.006   0.000   0.000   0.000 1357127000
21.76   4.35   46.533
21.76   1.00    0.049    0.001
21.76   1.00    0.050   41.712
21.76   1.00    0.048    0.166   0.050   0.166
21.76   1.00    0.048    0.166   0.050   0.165

21.77   0.00    0.166    0.165   0.032   0.036   0.003   0.006   0.082   0.006   0.000   0.000   0.000 1357751000
21.77   4.35   46.529
21.77   1.00    0.049    0.001
21.77   1.00    0.050   41.705
21.77   1.00    0.048    0.166   0.050   0.166
21.77   1.00    0.048    0.166   0.050   0.165

21.78   0.00    0.166    0.165   0.032   0.036   0.003   0.006   0.082   0.006   0.000   0.000   0.000 1358375000
21.78   4.35   46.525
21.78   1.00    0.049    0.001
21.78   1.00    0.050   41.698
21.78   1.00    0.048    0.166   0.050   0.166
21.78   1.00    0.048    0.166   0.050   0.165

21.79   0.00    0.166    0.165   0.032   0.036   0.003   0.006   0.082   0.006   0.000   0.000   0.000 1358998000
21.79   4.35   46.520
21.79   1.00    0.049    0.001
21.79   1.00    0.050   41.691
21.79   1.00    0.048    0.166   0.050   0.166
21.79   1.00    0.048    0.166   0.050   0.165

21.80   0.00    0.166    0.165   0.032   0.036   0.003   0.006   0.082   0.006   0.000   0.000   0.000 1359622000
21.80   4.35   46.516
21.80   1.00    0.049    0.001
21.80   1.00    0.050   41.684
21.80   1.00    0.048    0.166   0.050   0.166
21.80   1.00    0.048    0.166   0.050   0.165

21.81   0.00    0.166    0.165   0.032   0.036   0.003   0.006   0.082   0.006   0.000   0.000   0.000 1360246000
21.81   4.35   46.512
21.81   1.00    0.049    0.001
21.81   1.00    0.050   41.677
21.81   1.00    0.048    0.166   0.050   0.166
21.81   1.00    0.048    0.166   0.050   0.165

21.82   0.00    0.166    0.165   0.032   0.036   0.003   0.006   0.082   0.006   0.000   0.000   0.000 1360869000
21.82   4.35   46.508
21.82   1.00    0.049    0.001
21.82   1.00    0.050   41.670
21.82   1.00    0.048    0.166   0.050   0.166
21.82   1.00    0.048    0.166   0.050   0.165

21.83   0.00    0.166    0.165   0.032   0.036   0.003   0.006   0.082   0.006   0.000   0.000   0.000 1361493000
21.83   4.35   46.503
21.83   1.00    0.049    0.001
21.83   1.00    0.050   41.664
21.83   1.00    0.048    0.166   0.050   0.166
21.83   1.00    0.048    0.166   0.050   0.165

21.84   0.00    0.166    0.165   0.032   0.036   0.003   0.006   0.082   0.006   0.000   0.000   0.000 1362117000
21.84   4.35   46.499
21.84   1.00    0.049    0.001
21.84   1.00    0.050   41.657
21.84   1.00    0.048    0.166   0.050   0.166
21.84   1.00    0.048    0.166   0.050   0.165

21.85   0.00    0.166    0.165   0.032   0.036   0.003   0.006   0.082   0.006   0.000   0.000   0.000 1362740000
21.85   4.34   46.495
21.85   1.00    0.049    0.001
21.85   1.00    0.050   41.650
21.85   1.00    0.048    0.166   0.050   0.166
21.85   1.00    0.048    0.166   0.050   0.165

21.86   0.00    0.166    0.165   0.032   0.036   0.003   0.006   0.082   0.006   0.000   0.000   0.000 1363364000
21.86   4.34   46.491
21.86   1.00    0.049    0.001
21.86   1.00    0.050   41.643
21.86   1.00    0.047    0.166   0.050   0.166
21.86   1.00    0.048    0.166   0.050   0.165

21.87   0.00    0.166    0.165   0.032   0.036   0.003   0.006   0.082   0.006   0.000   0.000   0.000 1363988000
21.87   4.34   46.486
21.87   1.00    0.049    0.001
21.87   1.00    0.050   41.636
21.87   1.00    0.047    0.166   0.050   0.166
21.87   1.00    0.047    0.166   0.050   0.165

21.88   0.00    0.166    0.165   0.032   0.036   0.003   0.006   0.082   0.006   0.000   0.000   0.000 1364611000
21.88   4.34   46.482
21.88   1.00    0.049    0.001
21.88   1.00    0.050   41.629
21.88   1.00    0.047    0.166   0.050   0.166
21.88   1.00    0.047    0.166   0.050   0.165

21.89   0.00    0.166    0.165   0.032   0.036   0.003   0.006   0.082   0.006   0.000   0.000   0.000 1365235000
21.89   4.34   46.478
21.89   1.00    0.049    0.001
21.89   1.00    0.050   41.622
21.89   1.00    0.047    0.166   0.050   0.166
21.89   1.00    0.047    0.166   0.050   0.165

21.90   0.00    0.166    0.165   0.032   0.036   0.003   0.006   0.082   0.006   0.000   0.000   0.000 1365859000
21.90   4.34   46.474
21.90   1.00    0.049    0.001
21.90   1.00    0.050   41.616
21.90   1.00    0.047    0.166   0.050   0.166
21.90   1.00    0.047    0.166   0.050   0.165

21.91   0.00    0.166    0.165   0.032   0.036   0.003   0.006   0.082   0.006   0.000   0.000   0.000 1366482000
21.91   4.34   46.469
21.91   1.00    0.049    0.001
21.91   1.00    0.050   41.609
21.91   1.00    0.047    0.166   0.050   0.166
21.91   1.00    0.047    0.166   0.050   0.165

21.92   0.00    0.166    0.165   0.032   0.036   0.003   0.006   0.082   0.006   0.000   0.000   0.000 1367106000
21.92   4.34   46.465
21.92   1.00    0.049    0.001
21.92   1.00    0.050   41.602
21.92   1.00    0.047    0.166   0.050   0.166
21.92   1.00    0.047    0.166   0.050   0.165

21.93   0.00    0.166    0.165   0.032   0.036   0.003   0.006   0.082   0.006   0.000   0.000   0.000 1367730000
21.93   4.34   46.461
21.93   1.00    0.049    0.001
21.93   1.00    0.050   41.595
21.93   1.00    0.047    0.166   0.050   0.166
21.93   1.00    0.047    0.166   0.050   0.165

21.94   0.00    0.166    0.165   0.032   0.036   0.003   0.006   0.082   0.006   0.000   0.000   0.000 1368354000
21.94   4.34   46.457
21.94   1.00    0.049    0.001
21.94   1.00    0.050   41.588
21.94   1.00    0.047    0.166   0.050   0.166
21.94   1.00    0.047    0.166   0.050   0.165

21.95   0.00    0.166    0.165   0.032   0.036   0.003   0.006   0.082   0.006   0.000   0.000   0.000 1368977000
21.95   4.34   46.452
21.95   1.00    0.049    0.001
21.95   1.00    0.050   41.582
21.95   1.00    0.047    0.166   0.050   0.166
21.95   1.00    0.047    0.166   0.050   0.165

21.96   0.00    0.166    0.165   0.032   0.036   0.003   0.006   0.082   0.006   0.000   0.000   0.000 1369601000
21.96   4.34   46.448
21.96   1.00    0.049    0.001
21.96   1.00    0.050   41.575
21.96   1.00    0.047    0.166   0.050   0.166
21.96   1.00    0.047    0.166   0.050   0.165

21.97   0.00    0.166    0.165   0.032   0.036   0.003   0.006   0.082   0.006   0.000   0.000   0.000 1370225000
21.97   4.34   46.444
21.97   1.00    0.049    0.001
21.97   1.00    0.050   41.568
21.97   1.00    0.047    0.166   0.050   0.166
21.97   1.00    0.047    0.166   0.050   0.165

21.98   0.00    0.165    0.165   0.032   0.036   0.003   0.006   0.082   0.006   0.000   0.000   0.000 1370848000
21.98   4.33   46.440
21.98   1.00    0.049    0.001
21.98   1.00    0.050   41.561
21.98   1.00    0.047    0.166   0.050   0.166
21.98   1.00    0.047    0.166   0.050   0.165

21.99   0.00    0.165    0.165   0.032   0.036   0.003   0.006   0.082   0.006   0.000   0.000   0.000 1371472000
21.99   4.33   46.436
21.99   1.00    0.049    0.001
21.99   1.00    0.050   41.554
21.99   1.00    0.047    0.166   0.050   0.166
21.99   1.00    0.047    0.166   0.050   0.165

22.00   0.00    0.165    0.165   0.032   0.036   0.003   0.006   0.082   0.006   0.000   0.000   0.000 1372096000
22.00   4.33   46.431
22.00   1.00    0.049    0.001
22.00   1.00    0.050   41.547
22.00   1.00    0.047    0.166   0.050   0.166
22.00   1.00    0.047    0.166   0.050   0.165

22.01   0.00    0.165    0.165   0.032   0.036   0.003   0.006   0.082   0.006   0.000   0.000   0.000 1372719000
22.01   4.33   46.427
22.01   1.00    0.049    0.001
22.01   1.00    0.050   41.541
22.01   1.00    0.047    0.166   0.050   0.166
22.01   1.00    0.047    0.166   0.050   0.165

22.02   0.00    0.165    0.165   0.032   0.036   0.003   0.006   0.082   0.006   0.000   0.000   0.000 1373343000
22.02   4.33   46.423
22.02   1.00    0.049    0.001
22.02   1.00    0.050   41.534
22.02   1.00    0.047    0.166   0.050   0.166
22.02   1.00    0.047    0.166   0.050   0.165

22.03   0.00    0.165    0.165   0.032   0.036   0.003   0.006   0.082   0.006   0.000   0.000   0.000 1373967000
22.03   4.33   46.419
22.03   1.00    0.049    0.001
22.03   1.00    0.050   41.527
22.03   1.00    0.047    0.166   0.050   0.166
22.03   1.00    0.047    0.166   0.050   0.165

22.04   0.00    0.165    0.165   0.032   0.036   0.003   0.006   0.082   0.006   0.000   0.000   0.000 1374590000
22.04   4.33   46.414
22.04   1.00    0.049    0.001
22.04   1.00    0.050   41.520
22.04   1.00    0.047    0.166   0.050   0.166
22.04   1.00    0.047    0.166   0.050   0.165

22.05   0.00    0.165    0.165   0.032   0.036   0.003   0.006   0.082   0.006   0.000   0.000   0.000 1375214000
22.05   4.33   46.410
22.05   1.00    0.049    0.001
22.05   1.00    0.050   41.513
22.05   1.00    0.047    0.166   0.050   0.166
22.05   1.00    0.047    0.166   0.050   0.165

22.06   0.00    0.165    0.165   0.032   0.036   0.003   0.006   0.082   0.006   0.000   0.000   0.000 1375838000
22.06   4.33   46.406
22.06   1.00    0.049    0.001
22.06   1.00    0.050   41.507
22.06   1.00    0.047    0.166   0.050   0.166
22.06   1.00    0.047    0.166   0.050   0.165

22.07   0.00    0.165    0.165   0.032   0.036   0.003   0.006   0.082   0.006   0.000   0.000   0.000 1376461000
22.07   4.33   46.402
22.07   1.00    0.049    0.001
22.07   1.00    0.050   41.500
22.07   1.00    0.047    0.166   0.050   0.166
22.07   1.00    0.047    0.166   0.050   0.165

22.08   0.00    0.165    0.165   0.032   0.036   0.003   0.006   0.082   0.006   0.000   0.000   0.000 1377085000
22.08   4.33   46.398
22.08   1.00    0.049    0.001
22.08   1.00    0.050   41.493
22.08   1.00    0.047    0.166   0.050   0.166
22.08   1.00    0.047    0.166   0.050   0.165

22.09   0.00    0.165    0.165   0.032   0.036   0.003   0.006   0.082   0.006   0.000   0.000   0.000 1377709000
22.09   4.33   46.393
22.09   1.00    0.049    0.001
22.09   1.00    0.050   41.486
22.09   1.00    0.047    0.166   0.050   0.166
22.09   1.00    0.047    0.166   0.050   0.165

22.10   0.00    0.165    0.165   0.032   0.036   0.003   0.006   0.082   0.006   0.000   0.000   0.000 1378332000
22.10   4.33   46.389
22.10   1.00    0.049    0.001
22.10   1.00    0.050   41.480
22.10   1.00    0.047    0.166   0.050   0.166
22.10   1.00    0.047    0.166   0.050   0.165

22.11   0.00    0.165    0.165   0.032   0.036   0.003   0.006   0.082   0.006   0.000   0.000   0.000 1378956000
22.11   4.33   46.385
22.11   1.00    0.049    0.001
22.11   1.00    0.050   41.473
22.11   1.00    0.047    0.166   0.050   0.166
22.11   1.00    0.047    0.166   0.050   0.165

22.12   0.00    0.165    0.165   0.032   0.036   0.003   0.006   0.082   0.006   0.000   0.000   0.000 1379580000
22.12   4.32   46.381
22.12   1.00    0.049    0.001
22.12   1.00    0.050   41.466
22.12   1.00    0.047    0.166   0.050   0.166
22.12   1.00    0.047    0.166   0.050   0.165

22.13   0.00    0.165    0.165   0.032   0.036   0.003   0.006   0.082   0.006   0.000   0.000   0.000 1380203000
22.13   4.32   46.377
22.13   1.00    0.049    0.001
22.13   1.00    0.050   41.459
22.13   1.00    0.047    0.166   0.050   0.166
22.13   1.00    0.047    0.166   0.050   0.165

22.14   0.00    0.165    0.165   0.032   0.036   0.003   0.006   0.082   0.006   0.000   0.000   0.000 1380827000
22.14   4.32   46.372
22.14   1.00    0.049    0.001
22.14   1.00    0.050   41.453
22.14   1.00    0.047    0.166   0.050   0.166
22.14   1.00    0.047    0.166   0.050   0.165

22.15   0.00    0.165    0.165   0.032   0.036   0.003   0.006   0.082   0.006   0.000   0.000   0.000 1381451000
22.15   4.32   46.368
22.15   1.00    0.049    0.001
22.15   1.00    0.050   41.446
22.15   1.00    0.047    0.166   0.050   0.166
22.15   1.00    0.047    0.166   0.050   0.165

22.16   0.00    0.165    0.165   0.032   0.036   0.003   0.006   0.082   0.006   0.000   0.000   0.000 1382074000
22.16   4.32   46.364
22.16   1.00    0.049    0.001
22.16   1.00    0.050   41.439
22.16   1.00    0.047    0.166   0.050   0.166
22.16   1.00    0.047    0.166   0.050   0.165

22.17   0.00    0.165    0.165   0.032   0.036   0.003   0.006   0.082   0.006   0.000   0.000   0.000 1382698000
22.17   4.32   46.360
22.17   1.00    0.049    0.001
22.17   1.00    0.050   41.432
22.17   1.00    0.047    0.166   0.050   0.166
22.17   1.00    0.047    0.166   0.050   0.165

22.18   0.00    0.165    0.165   0.032   0.036   0.003   0.006   0.082   0.006   0.000   0.000   0.000 1383322000
22.18   4.32   46.356
22.18   1.00    0.049    0.001
22.18   1.00    0.050   41.426
22.18   1.00    0.047    0.166   0.050   0.165
22.18   1.00    0.047    0.166   0.050   0.165

22.19   0.00    0.165    0.165   0.032   0.036   0.003   0.006   0.082   0.006   0.000   0.000   0.000 1383945000
22.19   4.32   46.351
22.19   1.00    0.049    0.001
22.19   1.00    0.050   41.419
22.19   1.00    0.047    0.166   0.050   0.165
22.19   1.00    0.047    0.166   0.050   0.165

22.20   0.00    0.165    0.165   0.032   0.036   0.003   0.006   0.082   0.006   0.000   0.000   0.000 1384569000
22.20   4.32   46.347
22.20   1.00    0.049    0.001
22.20   1.00    0.050   41.412
22.20   1.00    0.047    0.166   0.050   0.165
22.20   1.00    0.047    0.166   0.050   0.165

22.21   0.00    0.165    0.165   0.032   0.036   0.003   0.006   0.082   0.006   0.000   0.000   0.000 1385193000
22.21   4.32   46.343
22.21   1.00    0.049    0.001
22.21   1.00    0.050   41.405
22.21   1.00    0.047    0.166   0.050   0.165
22.21   1.00    0.047    0.166   0.050   0.165

22.22   0.00    0.165    0.165   0.032   0.036   0.003   0.006   0.082   0.006   0.000   0.000   0.000 1385816000
22.22   4.32   46.339
22.22   1.00    0.049    0.001
22.22   1.00    0.050   41.399
22.22   1.00    0.047    0.166   0.050   0.165
22.22   1.00    0.047    0.166   0.050   0.165

22.23   0.00    0.165    0.165   0.032   0.036   0.003   0.006   0.082   0.006   0.000   0.000   0.000 1386440000
22.23   4.32   46.335
22.23   1.00    0.049    0.001
22.23   1.00    0.050   41.392
22.23   1.00    0.047    0.166   0.050   0.165
22.23   1.00    0.047    0.166   0.050   0.165

22.24   0.00    0.165    0.165   0.032   0.036   0.003   0.006   0.082   0.006   0.000   0.000   0.000 1387064000
22.24   4.32   46.331
22.24   1.00    0.049    0.001
22.24   1.00    0.050   41.385
22.24   1.00    0.047    0.166   0.050   0.165
22.24   1.00    0.047    0.166   0.050   0.165

22.25   0.00    0.165    0.165   0.032   0.036   0.003   0.006   0.082   0.006   0.000   0.000   0.000 1387688000
22.25   4.32   46.326
22.25   1.00    0.049    0.001
22.25   1.00    0.050   41.379
22.25   1.00    0.047    0.166   0.050   0.165
22.25   1.00    0.047    0.166   0.050   0.165

22.26   0.00    0.165    0.165   0.032   0.036   0.003   0.006   0.082   0.006   0.000   0.000   0.000 1388311000
22.26   4.31   46.322
22.26   1.00    0.049    0.001
22.26   1.00    0.050   41.372
22.26   1.00    0.047    0.166   0.050   0.165
22.26   1.00    0.047    0.166   0.050   0.165

22.27   0.00    0.165    0.165   0.032   0.036   0.003   0.006   0.082   0.006   0.000   0.000   0.000 1388935000
22.27   4.31   46.318
22.27   1.00    0.049    0.001
22.27   1.00    0.050   41.365
22.27   1.00    0.047    0.166   0.050   0.165
22.27   1.00    0.047    0.166   0.050   0.165

22.28   0.00    0.165    0.165   0.032   0.036   0.003   0.006   0.082   0.006   0.000   0.000   0.000 1389559000
22.28   4.31   46.314
22.28   1.00    0.049    0.001
22.28   1.00    0.050   41.358
22.28   1.00    0.047    0.166   0.050   0.165
22.28   1.00    0.047    0.166   0.050   0.165

22.29   0.00    0.165    0.165   0.032   0.036   0.003   0.006   0.082   0.006   0.000   0.000   0.000 1390182000
22.29   4.31   46.310
22.29   1.00    0.049    0.001
22.29   1.00    0.050   41.352
22.29   1.00    0.047    0.166   0.050   0.165
22.29   1.00    0.047    0.166   0.050   0.165

22.30   0.00    0.165    0.165   0.032   0.036   0.003   0.006   0.082   0.006   0.000   0.000   0.000 1390806000
22.30   4.31   46.306
22.30   1.00    0.049    0.001
22.30   1.00    0.050   41.345
22.30   1.00    0.047    0.166   0.050   0.165
22.30   1.00    0.047    0.166   0.050   0.165

22.31   0.00    0.165    0.165   0.032   0.036   0.003   0.006   0.082   0.006   0.000   0.000   0.000 1391430000
22.31   4.31   46.301
22.31   1.00    0.049    0.001
22.31   1.00    0.050   41.338
22.31   1.00    0.047    0.166   0.050   0.165
22.31   1.00    0.047    0.166   0.050   0.165

22.32   0.00    0.165    0.165   0.032   0.036   0.003   0.006   0.082   0.006   0.000   0.000   0.000 1392053000
22.32   4.31   46.297
22.32   1.00    0.049    0.001
22.32   1.00    0.050   41.332
22.32   1.00    0.047    0.166   0.050   0.165
22.32   1.00    0.047    0.166   0.050   0.165

22.33   0.00    0.165    0.165   0.032   0.036   0.003   0.006   0.082   0.006   0.000   0.000   0.000 1392677000
22.33   4.31   46.293
22.33   1.00    0.049    0.001
22.33   1.00    0.050   41.325
22.33   1.00    0.047    0.166   0.050   0.165
22.33   1.00    0.047    0.166   0.050   0.165

22.34   0.00    0.165    0.165   0.032   0.036   0.003   0.006   0.082   0.006   0.000   0.000   0.000 1393301000
22.34   4.31   46.289
22.34   1.00    0.049    0.001
22.34   1.00    0.050   41.318
22.34   1.00    0.047    0.166   0.050   0.165
22.34   1.00    0.047    0.166   0.050   0.165

22.35   0.00    0.165    0.165   0.032   0.036   0.003   0.006   0.082   0.006   0.000   0.000   0.000 1393924000
22.35   4.31   46.285
22.35   1.00    0.049    0.001
22.35   1.00    0.050   41.312
22.35   1.00    0.047    0.166   0.050   0.165
22.35   1.00    0.047    0.166   0.050   0.165

22.36   0.00    0.165    0.165   0.032   0.036   0.003   0.006   0.082   0.006   0.000   0.000   0.000 1394548000
22.36   4.31   46.281
22.36   1.00    0.049    0.001
22.36   1.00    0.050   41.305
22.36   1.00    0.047    0.166   0.050   0.165
22.36   1.00    0.047    0.166   0.050   0.165

22.37   0.00    0.165    0.165   0.032   0.036   0.003   0.006   0.082   0.006   0.000   0.000   0.000 1395172000
22.37   4.31   46.276
22.37   1.00    0.049    0.001
22.37   1.00    0.050   41.298
22.37   1.00    0.047    0.166   0.050   0.165
22.37   1.00    0.047    0.166   0.050   0.165

22.38   0.00    0.165    0.165   0.032   0.036   0.003   0.006   0.082   0.006   0.000   0.000   0.000 1395795000
22.38   4.31   46.272
22.38   1.00    0.048    0.001
22.38   1.00    0.050   41.292
22.38   1.00    0.047    0.166   0.050   0.165
22.38   1.00    0.047    0.166   0.050   0.165

22.39   0.00    0.165    0.165   0.032   0.036   0.003   0.006   0.082   0.006   0.000   0.000   0.000 1396419000
22.39   4.31   46.268
22.39   1.00    0.048    0.001
22.39   1.00    0.050   41.285
22.39   1.00    0.047    0.166   0.050   0.165
22.39   1.00    0.047    0.166   0.050   0.165

22.40   0.00    0.165    0.165   0.032   0.036   0.003   0.006   0.082   0.006   0.000   0.000   0.000 1397043000
22.40   4.31   46.264
22.40   1.00    0.048    0.001
22.40   1.00    0.050   41.278
22.40   1.00    0.047    0.166   0.050   0.165
22.40   1.00    0.047    0.166   0.050   0.165

22.41   0.00    0.165    0.165   0.032   0.036   0.003   0.006   0.082   0.006   0.000   0.000   0.000 1397666000
22.41   4.30   46.260
22.41   1.00    0.048    0.001
22.41   1.00    0.050   41.272
22.41   1.00    0.047    0.166   0.050   0.165
22.41   1.00    0.047    0.166   0.050   0.165

22.42   0.00    0.165    0.165   0.032   0.036   0.003   0.006   0.082   0.006   0.000   0.000   0.000 1398290000
22.42   4.30   46.256
22.42   1.00    0.048    0.001
22.42   1.00    0.050   41.265
22.42   1.00    0.047    0.166   0.050   0.165
22.42   1.00    0.047    0.166   0.050   0.165

22.43   0.00    0.165    0.165   0.032   0.036   0.003   0.006   0.082   0.006   0.000   0.000   0.000 1398914000
22.43   4.30   46.252
22.43   1.00    0.048    0.001
22.43   1.00    0.050   41.258
22.43   1.00    0.047    0.166   0.050   0.165
22.43   1.00    0.047    0.166   0.050   0.165

22.44   0.00    0.165    0.165   0.032   0.036   0.003   0.006   0.082   0.006   0.000   0.000   0.000 1399538000
22.44   4.30   46.247
22.44   1.00    0.048    0.001
22.44   1.00    0.050   41.252
22.44   1.00    0.047    0.166   0.050   0.165
22.44   1.00    0.047    0.166   0.050   0.165

22.45   0.00    0.165    0.165   0.032   0.036   0.003   0.006   0.082   0.006   0.000   0.000   0.000 1400161000
22.45   4.30   46.243
22.45   1.00    0.048    0.001
22.45   1.00    0.050   41.245
22.45   1.00    0.047    0.166   0.050   0.165
22.45   1.00    0.047    0.166   0.050   0.165

22.46   0.00    0.165    0.165   0.032   0.036   0.003   0.006   0.082   0.006   0.000   0.000   0.000 1400785000
22.46   4.30   46.239
22.46   1.00    0.048    0.001
22.46   1.00    0.050   41.239
22.46   1.00    0.047    0.166   0.050   0.165
22.46   1.00    0.047    0.166   0.050   0.165

22.47   0.00    0.165    0.165   0.032   0.036   0.003   0.006   0.082   0.006   0.000   0.000   0.000 1401409000
22.47   4.30   46.235
22.47   1.00    0.048    0.001
22.47   1.00    0.050   41.232
22.47   1.00    0.047    0.166   0.050   0.165
22.47   1.00    0.047    0.166   0.050   0.165

22.48   0.00    0.165    0.165   0.032   0.036   0.003   0.006   0.082   0.006   0.000   0.000   0.000 1402032000
22.48   4.30   46.231
22.48   1.00    0.048    0.001
22.48   1.00    0.050   41.225
22.48   1.00    0.047    0.166   0.050   0.165
22.48   1.00    0.047    0.166   0.050   0.165

22.49   0.00    0.165    0.165   0.032   0.036   0.003   0.006   0.082   0.006   0.000   0.000   0.000 1402656000
22.49   4.30   46.227
22.49   1.00    0.048    0.001
22.49   1.00    0.050   41.219
22.49   1.00    0.047    0.166   0.050   0.165
22.49   1.00    0.047    0.166   0.050   0.165

22.50   0.00    0.165    0.165   0.032   0.036   0.003   0.006   0.082   0.006   0.000   0.000   0.000 1403279000
22.50   4.30   46.223
22.50   1.00    0.048    0.001
22.50   1.00    0.050   41.212
22.50   1.00    0.047    0.166   0.050   0.165
22.50   1.00    0.047    0.166   0.050   0.165

22.51   0.00    0.165    0.165   0.032   0.036   0.003   0.006   0.082   0.006   0.000   0.000   0.000 1403903000
22.51   4.30   46.219
22.51   1.00    0.048    0.001
22.51   1.00    0.050   41.205
22.51   1.00    0.047    0.166   0.050   0.165
22.51   1.00    0.047    0.166   0.050   0.165

22.52   0.00    0.165    0.165   0.032   0.036   0.003   0.006   0.082   0.006   0.000   0.000   0.000 1404527000
22.52   4.30   46.214
22.52   1.00    0.048    0.001
22.52   1.00    0.050   41.199
22.52   1.00    0.047    0.166   0.050   0.165
22.52   1.00    0.047    0.166   0.050   0.165

22.53   0.00    0.165    0.165   0.032   0.036   0.003   0.006   0.082   0.006   0.000   0.000   0.000 1405151000
22.53   4.30   46.210
22.53   1.00    0.048    0.001
22.53   1.00    0.050   41.192
22.53   1.00    0.047    0.166   0.050   0.165
22.53   1.00    0.047    0.166   0.050   0.165

22.54   0.00    0.165    0.165   0.032   0.036   0.003   0.006   0.082   0.006   0.000   0.000   0.000 1405774000
22.54   4.30   46.206
22.54   1.00    0.048    0.001
22.54   1.00    0.050   41.186
22.54   1.00    0.047    0.166   0.050   0.165
22.54   1.00    0.047    0.166   0.050   0.165

22.55   0.00    0.165    0.165   0.032   0.036   0.003   0.006   0.082   0.006   0.000   0.000   0.000 1406398000
22.55   4.29   46.202
22.55   1.00    0.048    0.001
22.55   1.00    0.050   41.179
22.55   1.00    0.047    0.166   0.050   0.165
22.55   1.00    0.047    0.166   0.050   0.165

22.56   0.00    0.165    0.165   0.032   0.036   0.003   0.006   0.082   0.006   0.000   0.000   0.000 1407022000
22.56   4.29   46.198
22.56   1.00    0.048    0.001
22.56   1.00    0.050   41.172
22.56   1.00    0.047    0.166   0.050   0.165
22.56   1.00    0.047    0.166   0.050   0.165

22.57   0.00    0.165    0.165   0.032   0.036   0.003   0.006   0.082   0.006   0.000   0.000   0.000 1407645000
22.57   4.29   46.194
22.57   1.00    0.048    0.001
22.57   1.00    0.050   41.166
22.57   1.00    0.047    0.166   0.050   0.165
22.57   1.00    0.047    0.166   0.050   0.165

22.58   0.00    0.165    0.165   0.032   0.036   0.003   0.006   0.082   0.006   0.000   0.000   0.000 1408269000
22.58   4.29   46.190
22.58   1.00    0.048    0.001
22.58   1.00    0.050   41.159
22.58   1.00    0.047    0.166   0.050   0.165
22.58   1.00    0.047    0.166   0.050   0.165

22.59   0.00    0.165    0.165   0.032   0.036   0.003   0.006   0.082   0.006   0.000   0.000   0.000 1408893000
22.59   4.29   46.186
22.59   1.00    0.048    0.001
22.59   1.00    0.050   41.153
22.59   1.00    0.047    0.166   0.050   0.165
22.59   1.00    0.047    0.166   0.050   0.165

22.60   0.00    0.165    0.165   0.032   0.036   0.003   0.006   0.082   0.006   0.000   0.000   0.000 1409516000
22.60   4.29   46.181
22.60   1.00    0.048    0.001
22.60   1.00    0.050   41.146
22.60   1.00    0.047    0.166   0.050   0.165
22.60   1.00    0.047    0.166   0.050   0.165

22.61   0.00    0.165    0.165   0.032   0.036   0.003   0.006   0.082   0.006   0.000   0.000   0.000 1410140000
22.61   4.29   46.177
22.61   1.00    0.048    0.001
22.61   1.00    0.050   41.139
22.61   1.00    0.047    0.166   0.050   0.165
22.61   1.00    0.047    0.166   0.050   0.165

22.62   0.00    0.165    0.165   0.032   0.036   0.003   0.006   0.082   0.006   0.000   0.000   0.000 1410764000
22.62   4.29   46.173
22.62   1.00    0.048    0.001
22.62   1.00    0.050   41.133
22.62   1.00    0.047    0.166   0.050   0.165
22.62   1.00    0.047    0.166   0.050   0.165

22.63   0.00    0.165    0.165   0.032   0.036   0.003   0.006   0.082   0.006   0.000   0.000   0.000 1411387000
22.63   4.29   46.169
22.63   1.00    0.048    0.001
22.63   1.00    0.050   41.126
22.63   1.00    0.047    0.166   0.050   0.165
22.63   1.00    0.047    0.166   0.050   0.165

22.64   0.00    0.165    0.165   0.032   0.036   0.003   0.006   0.082   0.006   0.000   0.000   0.000 1412011000
22.64   4.29   46.165
22.64   1.00    0.048    0.001
22.64   1.00    0.050   41.120
22.64   1.00    0.047    0.166   0.050   0.165
22.64   1.00    0.047    0.166   0.050   0.165

22.65   0.00    0.165    0.165   0.032   0.036   0.003   0.006   0.082   0.006   0.000   0.000   0.000 1412635000
22.65   4.29   46.161
22.65   1.00    0.048    0.001
22.65   1.00    0.050   41.113
22.65   1.00    0.047    0.166   0.050   0.165
22.65   1.00    0.047    0.166   0.050   0.165

22.66   0.00    0.165    0.165   0.032   0.036   0.003   0.006   0.082   0.006   0.000   0.000   0.000 1413258000
22.66   4.29   46.157
22.66   1.00    0.048    0.001
22.66   1.00    0.050   41.107
22.66   1.00    0.047    0.166   0.050   0.165
22.66   1.00    0.047    0.166   0.050   0.165

22.67   0.00    0.165    0.165   0.032   0.036   0.003   0.006   0.082   0.006   0.000   0.000   0.000 1413882000
22.67   4.29   46.153
22.67   1.00    0.048    0.001
22.67   1.00    0.050   41.100
22.67   1.00    0.047    0.166   0.050   0.165
22.67   1.00    0.047    0.166   0.050   0.165

22.68   0.00    0.165    0.165   0.032   0.036   0.003   0.006   0.082   0.006   0.000   0.000   0.000 1414506000
22.68   4.29   46.149
22.68   1.00    0.048    0.001
22.68   1.00    0.050   41.093
22.68   1.00    0.047    0.166   0.050   0.165
22.68   1.00    0.047    0.166   0.050   0.165

22.69   0.00    0.165    0.165   0.032   0.036   0.003   0.006   0.082   0.006   0.000   0.000   0.000 1415129000
22.69   4.28   46.145
22.69   1.00    0.048    0.001
22.69   1.00    0.050   41.087
22.69   1.00    0.047    0.166   0.050   0.165
22.69   1.00    0.047    0.166   0.050   0.165

22.70   0.00    0.165    0.165   0.032   0.036   0.003   0.006   0.082   0.006   0.000   0.000   0.000 1415753000
22.70   4.28   46.140
22.70   1.00    0.048    0.001
22.70   1.00    0.050   41.080
22.70   1.00    0.047    0.166   0.050   0.165
22.70   1.00    0.047    0.166   0.050   0.165

22.71   0.00    0.165    0.165   0.032   0.036   0.003   0.006   0.082   0.006   0.000   0.000   0.000 1416377000
22.71   4.28   46.136
22.71   1.00    0.048    0.001
22.71   1.00    0.050   41.074
22.71   1.00    0.047    0.166   0.050   0.165
22.71   1.00    0.047    0.166   0.050   0.165

22.72   0.00    0.165    0.165   0.032   0.036   0.003   0.006   0.082   0.006   0.000   0.000   0.000 1417000000
22.72   4.28   46.132
22.72   1.00    0.048    0.001
22.72   1.00    0.050   41.067
22.72   1.00    0.047    0.166   0.050   0.165
22.72   1.00    0.047    0.166   0.050   0.165

22.73   0.00    0.165    0.165   0.032   0.036   0.003   0.006   0.082   0.006   0.000   0.000   0.000 1417624000
22.73   4.28   46.128
22.73   1.00    0.048    0.001
22.73   1.00    0.050   41.061
22.73   1.00    0.047    0.166   0.050   0.165
22.73   1.00    0.047    0.166   0.050   0.165

22.74   0.00    0.165    0.165   0.032   0.036   0.003   0.006   0.082   0.006   0.000   0.000   0.000 1418248000
22.74   4.28   46.124
22.74   1.00    0.048    0.001
22.74   1.00    0.050   41.054
22.74   1.00    0.047    0.166   0.050   0.165
22.74   1.00    0.047    0.166   0.050   0.165

22.75   0.00    0.165    0.165   0.032   0.036   0.003   0.006   0.082   0.006   0.000   0.000   0.000 1418872000
22.75   4.28   46.120
22.75   1.00    0.048    0.001
22.75   1.00    0.050   41.048
22.75   1.00    0.047    0.166   0.050   0.165
22.75   1.00    0.047    0.166   0.050   0.165

22.76   0.00    0.165    0.165   0.032   0.036   0.003   0.006   0.082   0.006   0.000   0.000   0.000 1419495000
22.76   4.28   46.116
22.76   1.00    0.048    0.001
22.76   1.00    0.050   41.041
22.76   1.00    0.047    0.166   0.050   0.165
22.76   1.00    0.047    0.166   0.050   0.165

22.77   0.00    0.165    0.165   0.032   0.036   0.003   0.006   0.082   0.006   0.000   0.000   0.000 1420119000
22.77   4.28   46.112
22.77   1.00    0.048    0.001
22.77   1.00    0.050   41.035
22.77   1.00    0.047    0.166   0.050   0.165
22.77   1.00    0.047    0.166   0.050   0.165

22.78   0.00    0.165    0.165   0.032   0.036   0.003   0.006   0.082   0.006   0.000   0.000   0.000 1420743000
22.78   4.28   46.108
22.78   1.00    0.048    0.001
22.78   1.00    0.050   41.028
22.78   1.00    0.047    0.166   0.050   0.165
22.78   1.00    0.047    0.166   0.050   0.165

22.79   0.00    0.165    0.165   0.032   0.036   0.003   0.006   0.082   0.006   0.000   0.000   0.000 1421366000
22.79   4.28   46.104
22.79   1.00    0.048    0.001
22.79   1.00    0.049   41.022
22.79   1.00    0.047    0.166   0.049   0.165
22.79   1.00    0.047    0.166   0.049   0.165

22.80   0.00    0.165    0.165   0.032   0.036   0.003   0.006   0.082   0.006   0.000   0.000   0.000 1421990000
22.80   4.28   46.100
22.80   1.00    0.048    0.001
22.80   1.00    0.049   41.015
22.80   1.00    0.047    0.166   0.049   0.165
22.80   1.00    0.047    0.166   0.049   0.165

22.81   0.00    0.165    0.165   0.032   0.036   0.003   0.006   0.082   0.006   0.000   0.000   0.000 1422614000
22.81   4.28   46.096
22.81   1.00    0.048    0.001
22.81   1.00    0.049   41.009
22.81   1.00    0.047    0.166   0.049   0.165
22.81   1.00    0.047    0.166   0.049   0.165

22.82   0.00    0.165    0.165   0.032   0.036   0.003   0.006   0.082   0.006   0.000   0.000   0.000 1423237000
22.82   4.28   46.091
22.82   1.00    0.048    0.001
22.82   1.00    0.049   41.002
22.82   1.00    0.047    0.166   0.049   0.165
22.82   1.00    0.047    0.166   0.049   0.165

22.83   0.00    0.165    0.165   0.032   0.036   0.003   0.006   0.082   0.006   0.000   0.000   0.000 1423861000
22.83   4.27   46.087
22.83   1.00    0.048    0.001
22.83   1.00    0.049   40.996
22.83   1.00    0.047    0.166   0.049   0.165
22.83   1.00    0.047    0.166   0.049   0.165

22.84   0.00    0.165    0.165   0.032   0.036   0.003   0.006   0.082   0.006   0.000   0.000   0.000 1424485000
22.84   4.27   46.083
22.84   1.00    0.048    0.001
22.84   1.00    0.049   40.989
22.84   1.00    0.047    0.166   0.049   0.165
22.84   1.00    0.047    0.166   0.049   0.165

22.85   0.00    0.165    0.165   0.032   0.036   0.003   0.006   0.082   0.006   0.000   0.000   0.000 1425108000
22.85   4.27   46.079
22.85   1.00    0.048    0.001
22.85   1.00    0.049   40.983
22.85   1.00    0.047    0.166   0.049   0.165
22.85   1.00    0.047    0.166   0.049   0.165

22.86   0.00    0.165    0.165   0.032   0.036   0.003   0.006   0.082   0.006   0.000   0.000   0.000 1425732000
22.86   4.27   46.075
22.86   1.00    0.048    0.001
22.86   1.00    0.049   40.976
22.86   1.00    0.047    0.166   0.049   0.165
22.86   1.00    0.047    0.166   0.049   0.165

22.87   0.00    0.165    0.165   0.032   0.036   0.003   0.006   0.082   0.006   0.000   0.000   0.000 1426356000
22.87   4.27   46.071
22.87   1.00    0.048    0.001
22.87   1.00    0.049   40.970
22.87   1.00    0.047    0.166   0.049   0.165
22.87   1.00    0.047    0.166   0.049   0.165

22.88   0.00    0.165    0.165   0.032   0.036   0.003   0.006   0.082   0.006   0.000   0.000   0.000 1426979000
22.88   4.27   46.067
22.88   1.00    0.048    0.001
22.88   1.00    0.049   40.963
22.88   1.00    0.047    0.166   0.049   0.165
22.88   1.00    0.047    0.166   0.049   0.165

22.89   0.00    0.165    0.165   0.032   0.036   0.003   0.006   0.082   0.006   0.000   0.000   0.000 1427603000
22.89   4.27   46.063
22.89   1.00    0.048    0.001
22.89   1.00    0.049   40.957
22.89   1.00    0.047    0.166   0.049   0.165
22.89   1.00    0.047    0.166   0.049   0.165

22.90   0.00    0.165    0.165   0.032   0.036   0.003   0.006   0.082   0.006   0.000   0.000   0.000 1428227000
22.90   4.27   46.059
22.90   1.00    0.048    0.001
22.90   1.00    0.049   40.950
22.90   1.00    0.047    0.166   0.049   0.165
22.90   1.00    0.047    0.166   0.049   0.165

22.91   0.00    0.165    0.165   0.032   0.036   0.003   0.006   0.082   0.006   0.000   0.000   0.000 1428850000
22.91   4.27   46.055
22.91   1.00    0.048    0.001
22.91   1.00    0.049   40.944
22.91   1.00    0.046    0.166   0.049   0.165
22.91   1.00    0.047    0.166   0.049   0.165

22.92   0.00    0.165    0.165   0.032   0.036   0.003   0.006   0.082   0.006   0.000   0.000   0.000 1429474000
22.92   4.27   46.051
22.92   1.00    0.048    0.001
22.92   1.00    0.049   40.937
22.92   1.00    0.046    0.166   0.049   0.165
22.92   1.00    0.046    0.166   0.049   0.165

22.93   0.00    0.165    0.165   0.032   0.036   0.003   0.006   0.082   0.006   0.000   0.000   0.000 1430098000
22.93   4.27   46.047
22.93   1.00    0.048    0.001
22.93   1.00    0.049   40.934
22.93   1.00    0.046    0.166   0.049   0.165
22.93   1.00    0.046    0.166   0.049   0.165

22.94   0.00    0.165    0.165   0.032   0.036   0.003   0.006   0.082   0.006   0.000   0.000   0.000 1430722000
22.94   4.27   46.053
22.94   1.00    0.048    0.001
22.94   1.00    0.049   40.931
22.94   1.00    0.046    0.166   0.049   0.165
22.94   1.00    0.046    0.166   0.049   0.165

22.95   0.00    0.165    0.165   0.032   0.036   0.003   0.006   0.082   0.006   0.000   0.000   0.000 1431345000
22.95   4.27   46.049
22.95   1.00    0.048    0.001
22.95   1.00    0.049   40.928
22.95   1.00    0.046    0.166   0.049   0.165
22.95   1.00    0.046    0.166   0.049   0.165

22.96   0.00    0.165    0.165   0.032   0.036   0.003   0.006   0.082   0.006   0.000   0.000   0.000 1431969000
22.96   4.27   46.045
22.96   1.00    0.048    0.001
22.96   1.00    0.049   40.925
22.96   1.00    0.046    0.166   0.049   0.165
22.96   1.00    0.046    0.166   0.049   0.165

22.97   0.00    0.165    0.165   0.032   0.036   0.003   0.006   0.082   0.006   0.000   0.000   0.000 1432593000
22.97   4.27   46.042
22.97   1.00    0.048    0.001
22.97   1.00    0.049   40.922
22.97   1.00    0.046    0.166   0.049   0.165
22.97   1.00    0.047    0.166   0.049   0.165

22.98   0.00    0.165    0.165   0.032   0.036   0.003   0.006   0.082   0.006   0.000   0.000   0.000 1433216000
22.98   4.27   46.038
22.98   1.00    0.048    0.001
22.98   1.00    0.049   40.918
22.98   1.00    0.046    0.166   0.049   0.165
22.98   1.00    0.047    0.166   0.049   0.165

22.99   0.00    0.165    0.165   0.032   0.036   0.003   0.006   0.082   0.006   0.000   0.000   0.000 1433840000
22.99   4.27   46.034
22.99   1.00    0.048    0.001
22.99   1.00    0.049   40.915
22.99   1.00    0.046    0.166   0.049   0.165
22.99   1.00    0.047    0.166   0.049   0.165

23.00   0.00    0.165    0.165   0.032   0.036   0.003   0.006   0.082   0.006   0.000   0.000   0.000 1434463000
23.00   4.27   46.031
23.00   1.00    0.048    0.001
23.00   1.00    0.049   40.912
23.00   1.00    0.046    0.166   0.049   0.165
23.00   1.00    0.047    0.166   0.049   0.165

23.01   0.00    0.165    0.165   0.032   0.036   0.002   0.006   0.082   0.006   0.000   0.000   0.000 1435087000
23.01   4.27   46.027
23.01   1.00    0.048    0.001
23.01   1.00    0.049   40.909
23.01   1.00    0.046    0.166   0.049   0.165
23.01   1.00    0.047    0.166   0.049   0.165

23.02   0.00    0.165    0.165   0.032   0.036   0.002   0.006   0.082   0.006   0.000   0.000   0.000 1435711000
23.02   4.27   46.024
23.02   1.00    0.048    0.001
23.02   1.00    0.049   40.906
23.02   1.00    0.046    0.166   0.049   0.165
23.02   1.00    0.047    0.166   0.049   0.165

23.03   0.00    0.165    0.165   0.032   0.036   0.002   0.006   0.082   0.006   0.000   0.000   0.000 1436335000
23.03   4.27   46.020
23.03   1.00    0.048    0.002
23.03   1.00    0.049   40.903
23.03   1.00    0.047    0.166   0.049   0.165
23.03   1.00    0.047    0.166   0.049   0.165

23.04   0.00    0.165    0.165   0.032   0.036   0.002   0.006   0.082   0.006   0.000   0.000   0.000 1436958000
23.04   4.27   46.016
23.04   1.00    0.048    0.002
23.04   1.00    0.049   40.900
23.04   1.00    0.047    0.166   0.049   0.165
23.04   1.00    0.047    0.166   0.049   0.165

23.05   0.00    0.165    0.165   0.032   0.036   0.002   0.006   0.082   0.006   0.000   0.000   0.000 1437582000
23.05   4.27   46.013
23.05   1.00    0.048    0.002
23.05   1.00    0.049   40.897
23.05   1.00    0.047    0.166   0.049   0.165
23.05   1.00    0.047    0.166   0.049   0.165

23.06   0.00    0.165    0.165   0.032   0.036   0.002   0.006   0.082   0.006   0.000   0.000   0.000 1438206000
23.06   4.27   46.009
23.06   1.00    0.048    0.002
23.06   1.00    0.049   40.893
23.06   1.00    0.047    0.166   0.049   0.165
23.06   1.00    0.047    0.166   0.049   0.165

23.07   0.00    0.165    0.165   0.032   0.036   0.002   0.006   0.082   0.006   0.000   0.000   0.000 1438829000
23.07   4.26   46.005
23.07   1.00    0.048    0.002
23.07   1.00    0.049   40.890
23.07   1.00    0.047    0.166   0.049   0.165
23.07   1.00    0.047    0.166   0.049   0.165

23.08   0.00    0.165    0.165   0.032   0.036   0.002   0.006   0.082   0.006   0.000   0.000   0.000 1439453000
23.08   4.26   46.002
23.08   1.00    0.048    0.002
23.08   1.00    0.049   40.887
23.08   1.00    0.047    0.166   0.049   0.165
23.08   1.00    0.047    0.166   0.049   0.165

23.09   0.00    0.165    0.165   0.032   0.036   0.002   0.006   0.082   0.006   0.000   0.000   0.000 1440077000
23.09   4.26   45.998
23.09   1.00    0.048    0.002
23.09   1.00    0.049   40.884
23.09   1.00    0.047    0.166   0.049   0.165
23.09   1.00    0.047    0.166   0.049   0.165

23.10   0.00    0.165    0.165   0.032   0.036   0.002   0.006   0.082   0.006   0.000   0.000   0.000 1440700000
23.10   4.26   45.995
23.10   1.00    0.048    0.002
23.10   1.00    0.049   40.881
23.10   1.00    0.047    0.166   0.049   0.165
23.10   1.00    0.047    0.166   0.049   0.165

23.11   0.00    0.165    0.165   0.032   0.036   0.002   0.006   0.082   0.006   0.000   0.000   0.000 1441324000
23.11   4.26   45.991
23.11   1.00    0.048    0.002
23.11   1.00    0.049   40.878
23.11   1.00    0.047    0.166   0.049   0.165
23.11   1.00    0.047    0.166   0.049   0.165

23.12   0.00    0.165    0.165   0.032   0.036   0.002   0.006   0.082   0.006   0.000   0.000   0.000 1441948000
23.12   4.26   45.987
23.12   1.00    0.048    0.002
23.12   1.00    0.049   40.875
23.12   1.00    0.047    0.166   0.049   0.165
23.12   1.00    0.047    0.166   0.049   0.165

23.13   0.00    0.165    0.165   0.032   0.036   0.002   0.006   0.082   0.006   0.000   0.000   0.000 1442571000
23.13   4.26   45.984
23.13   1.00    0.048    0.002
23.13   1.00    0.049   40.872
23.13   1.00    0.047    0.166   0.049   0.165
23.13   1.00    0.047    0.166   0.049   0.165

23.14   0.00    0.165    0.165   0.032   0.036   0.002   0.006   0.082   0.006   0.000   0.000   0.000 1443195000
23.14   4.26   45.980
23.14   1.00    0.048    0.002
23.14   1.00    0.049   40.869
23.14   1.00    0.047    0.166   0.049   0.165
23.14   1.00    0.047    0.166   0.049   0.165

23.15   0.00    0.165    0.165   0.032   0.036   0.002   0.006   0.082   0.006   0.000   0.000   0.000 1443819000
23.15   4.26   45.977
23.15   1.00    0.048    0.002
23.15   1.00    0.049   40.866
23.15   1.00    0.047    0.166   0.049   0.165
23.15   1.00    0.047    0.166   0.049   0.165

23.16   0.00    0.165    0.165   0.032   0.036   0.002   0.006   0.082   0.006   0.000   0.000   0.000 1444442000
23.16   4.26   45.973
23.16   1.00    0.048    0.002
23.16   1.00    0.049   40.863
23.16   1.00    0.047    0.166   0.049   0.165
23.16   1.00    0.047    0.166   0.049   0.165

23.17   0.00    0.165    0.165   0.032   0.036   0.002   0.006   0.082   0.006   0.000   0.000   0.000 1445066000
23.17   4.26   45.969
23.17   1.00    0.048    0.002
23.17   1.00    0.049   40.860
23.17   1.00    0.047    0.166   0.049   0.165
23.17   1.00    0.047    0.166   0.049   0.165

23.18   0.00    0.165    0.165   0.032   0.036   0.002   0.006   0.082   0.006   0.000   0.000   0.000 1445690000
23.18   4.26   45.966
23.18   1.00    0.048    0.002
23.18   1.00    0.049   40.857
23.18   1.00    0.047    0.166   0.049   0.165
23.18   1.00    0.047    0.166   0.049   0.165

23.19   0.00    0.165    0.165   0.032   0.036   0.002   0.006   0.082   0.006   0.000   0.000   0.000 1446313000
23.19   4.26   45.962
23.19   1.00    0.048    0.002
23.19   1.00    0.049   40.854
23.19   1.00    0.047    0.166   0.049   0.165
23.19   1.00    0.047    0.166   0.049   0.165

23.20   0.00    0.165    0.165   0.032   0.036   0.002   0.006   0.082   0.006   0.000   0.000   0.000 1446937000
23.20   4.26   45.959
23.20   1.00    0.048    0.002
23.20   1.00    0.049   40.851
23.20   1.00    0.047    0.166   0.049   0.165
23.20   1.00    0.047    0.166   0.049   0.165

23.21   0.00    0.165    0.165   0.032   0.036   0.002   0.006   0.082   0.006   0.000   0.000   0.000 1447561000
23.21   4.26   45.955
23.21   1.00    0.048    0.002
23.21   1.00    0.049   40.848
23.21   1.00    0.047    0.166   0.049   0.165
23.21   1.00    0.047    0.166   0.049   0.165

23.22   0.00    0.165    0.165   0.032   0.036   0.002   0.006   0.082   0.006   0.000   0.000   0.000 1448184000
23.22   4.26   45.951
23.22   1.00    0.048    0.002
23.22   1.00    0.049   40.845
23.22   1.00    0.047    0.166   0.049   0.165
23.22   1.00    0.047    0.166   0.049   0.165

23.23   0.00    0.165    0.165   0.032   0.036   0.002   0.006   0.082   0.006   0.000   0.000   0.000 1448808000
23.23   4.26   45.948
23.23   1.00    0.048    0.002
23.23   1.00    0.049   40.842
23.23   1.00    0.047    0.166   0.049   0.165
23.23   1.00    0.047    0.166   0.049   0.165

23.24   0.00    0.165    0.165   0.032   0.036   0.002   0.006   0.082   0.006   0.000   0.000   0.000 1449432000
23.24   4.26   45.944
23.24   1.00    0.048    0.002
23.24   1.00    0.049   40.839
23.24   1.00    0.047    0.166   0.049   0.165
23.24   1.00    0.047    0.166   0.049   0.165

23.25   0.00    0.165    0.165   0.032   0.036   0.002   0.006   0.082   0.006   0.000   0.000   0.000 1450056000
23.25   4.26   45.941
23.25   1.00    0.048    0.002
23.25   1.00    0.049   40.836
23.25   1.00    0.047    0.166   0.049   0.165
23.25   1.00    0.047    0.166   0.049   0.165

23.26   0.00    0.165    0.165   0.032   0.036   0.002   0.006   0.082   0.006   0.000   0.000   0.000 1450679000
23.26   4.26   45.937
23.26   1.00    0.048    0.002
23.26   1.00    0.049   40.833
23.26   1.00    0.047    0.166   0.049   0.165
23.26   1.00    0.047    0.166   0.049   0.165

23.27   0.00    0.165    0.165   0.032   0.036   0.002   0.006   0.082   0.006   0.000   0.000   0.000 1451303000
23.27   4.25   45.933
23.27   1.00    0.048    0.002
23.27   1.00    0.049   40.830
23.27   1.00    0.047    0.166   0.049   0.165
23.27   1.00    0.047    0.166   0.049   0.165

23.28   0.00    0.165    0.165   0.032   0.036   0.002   0.006   0.082   0.006   0.000   0.000   0.000 1451927000
23.28   4.25   45.930
23.28   1.00    0.048    0.002
23.28   1.00    0.049   40.827
23.28   1.00    0.047    0.166   0.049   0.165
23.28   1.00    0.047    0.166   0.049   0.165

23.29   0.00    0.165    0.165   0.032   0.036   0.002   0.006   0.082   0.006   0.000   0.000   0.000 1452550000
23.29   4.25   45.926
23.29   1.00    0.048    0.002
23.29   1.00    0.049   40.824
23.29   1.00    0.047    0.166   0.049   0.165
23.29   1.00    0.047    0.166   0.049   0.165

23.30   0.00    0.165    0.165   0.032   0.036   0.002   0.006   0.082   0.006   0.000   0.000   0.000 1453174000
23.30   4.25   45.923
23.30   1.00    0.048    0.002
23.30   1.00    0.049   40.821
23.30   1.00    0.047    0.166   0.049   0.165
23.30   1.00    0.047    0.166   0.049   0.165

23.31   0.00    0.165    0.165   0.032   0.036   0.002   0.006   0.082   0.006   0.000   0.000   0.000 1453798000
23.31   4.25   45.919
23.31   1.00    0.048    0.002
23.31   1.00    0.049   40.818
23.31   1.00    0.047    0.166   0.049   0.165
23.31   1.00    0.047    0.166   0.049   0.165

23.32   0.00    0.165    0.165   0.032   0.036   0.002   0.006   0.082   0.006   0.000   0.000   0.000 1454421000
23.32   4.25   45.916
23.32   1.00    0.048    0.002
23.32   1.00    0.049   40.815
23.32   1.00    0.047    0.166   0.049   0.165
23.32   1.00    0.047    0.166   0.049   0.165

23.33   0.00    0.165    0.165   0.032   0.036   0.002   0.006   0.082   0.006   0.000   0.000   0.000 1455045000
23.33   4.25   45.912
23.33   1.00    0.048    0.002
23.33   1.00    0.049   40.812
23.33   1.00    0.047    0.166   0.049   0.165
23.33   1.00    0.047    0.166   0.049   0.165

23.34   0.00    0.165    0.165   0.032   0.036   0.002   0.006   0.082   0.006   0.000   0.000   0.000 1455669000
23.34   4.25   45.909
23.34   1.00    0.048    0.002
23.34   1.00    0.049   40.809
23.34   1.00    0.047    0.166   0.049   0.165
23.34   1.00    0.047    0.166   0.049   0.165

23.35   0.00    0.165    0.165   0.032   0.036   0.002   0.006   0.082   0.006   0.000   0.000   0.000 1456292000
23.35   4.25   45.905
23.35   1.00    0.048    0.002
23.35   1.00    0.049   40.806
23.35   1.00    0.047    0.166   0.049   0.165
23.35   1.00    0.047    0.166   0.049   0.165

23.36   0.00    0.165    0.165   0.032   0.036   0.002   0.006   0.082   0.006   0.000   0.000   0.000 1456916000
23.36   4.25   45.901
23.36   1.00    0.048    0.002
23.36   1.00    0.049   40.803
23.36   1.00    0.047    0.166   0.049   0.165
23.36   1.00    0.047    0.166   0.049   0.165

23.37   0.00    0.165    0.165   0.032   0.036   0.002   0.006   0.082   0.006   0.000   0.000   0.000 1457540000
23.37   4.25   45.898
23.37   1.00    0.048    0.002
23.37   1.00    0.049   40.800
23.37   1.00    0.047    0.166   0.049   0.165
23.37   1.00    0.047    0.166   0.049   0.165

23.38   0.00    0.165    0.165   0.032   0.036   0.002   0.006   0.082   0.006   0.000   0.000   0.000 1458163000
23.38   4.25   45.894
23.38   1.00    0.048    0.002
23.38   1.00    0.049   40.797
23.38   1.00    0.047    0.166   0.049   0.165
23.38   1.00    0.047    0.166   0.049   0.165

23.39   0.00    0.165    0.165   0.032   0.036   0.002   0.006   0.082   0.006   0.000   0.000   0.000 1458787000
23.39   4.25   45.891
23.39   1.00    0.048    0.002
23.39   1.00    0.049   40.795
23.39   1.00    0.047    0.166   0.049   0.165
23.39   1.00    0.047    0.165   0.049   0.165

23.40   0.00    0.165    0.165   0.032   0.036   0.002   0.006   0.082   0.006   0.000   0.000   0.000 1459411000
23.40   4.25   45.887
23.40   1.00    0.048    0.002
23.40   1.00    0.049   40.792
23.40   1.00    0.047    0.166   0.049   0.165
23.40   1.00    0.047    0.165   0.049   0.165

23.41   0.00    0.165    0.165   0.032   0.036   0.002   0.006   0.082   0.006   0.000   0.000   0.000 1460034000
23.41   4.25   45.884
23.41   1.00    0.048    0.002
23.41   1.00    0.049   40.789
23.41   1.00    0.047    0.166   0.049   0.165
23.41   1.00    0.047    0.165   0.049   0.165

23.42   0.00    0.165    0.165   0.032   0.036   0.002   0.006   0.082   0.006   0.000   0.000   0.000 1460658000
23.42   4.25   45.880
23.42   1.00    0.048    0.002
23.42   1.00    0.049   40.786
23.42   1.00    0.047    0.166   0.049   0.165
23.42   1.00    0.047    0.165   0.049   0.165

23.43   0.00    0.165    0.165   0.032   0.036   0.002   0.006   0.082   0.006   0.000   0.000   0.000 1461282000
23.43   4.25   45.877
23.43   1.00    0.048    0.002
23.43   1.00    0.049   40.783
23.43   1.00    0.047    0.166   0.049   0.165
23.43   1.00    0.047    0.165   0.049   0.165

23.44   0.00    0.165    0.165   0.032   0.036   0.002   0.006   0.082   0.006   0.000   0.000   0.000 1461906000
23.44   4.25   45.873
23.44   1.00    0.048    0.002
23.44   1.00    0.049   40.780
23.44   1.00    0.047    0.166   0.049   0.165
23.44   1.00    0.047    0.165   0.049   0.165

23.45   0.00    0.165    0.165   0.032   0.036   0.002   0.006   0.082   0.006   0.000   0.000   0.000 1462529000
23.45   4.25   45.870
23.45   1.00    0.048    0.002
23.45   1.00    0.049   40.777
23.45   1.00    0.047    0.166   0.049   0.165
23.45   1.00    0.047    0.165   0.049   0.165

23.46   0.00    0.165    0.165   0.032   0.036   0.002   0.006   0.082   0.006   0.000   0.000   0.000 1463153000
23.46   4.25   45.866
23.46   1.00    0.048    0.002
23.46   1.00    0.049   40.774
23.46   1.00    0.047    0.166   0.049   0.165
23.46   1.00    0.047    0.165   0.049   0.165

23.47   0.00    0.165    0.165   0.032   0.036   0.002   0.006   0.082   0.006   0.000   0.000   0.000 1463776000
23.47   4.24   45.862
23.47   1.00    0.047    0.002
23.47   1.00    0.049   40.771
23.47   1.00    0.047    0.166   0.049   0.165
23.47   1.00    0.047    0.165   0.049   0.165

23.48   0.00    0.165    0.165   0.032   0.036   0.002   0.006   0.082   0.006   0.000   0.000   0.000 1464400000
23.48   4.24   45.859
23.48   1.00    0.047    0.002
23.48   1.00    0.049   40.769
23.48   1.00    0.047    0.166   0.049   0.165
23.48   1.00    0.047    0.165   0.049   0.165

23.49   0.00    0.165    0.165   0.032   0.036   0.002   0.006   0.082   0.006   0.000   0.000   0.000 1465024000
23.49   4.24   45.855
23.49   1.00    0.047    0.002
23.49   1.00    0.049   40.766
23.49   1.00    0.047    0.166   0.049   0.165
23.49   1.00    0.047    0.165   0.049   0.165

23.50   0.00    0.165    0.165   0.032   0.036   0.002   0.006   0.082   0.006   0.000   0.000   0.000 1465647000
23.50   4.24   45.852
23.50   1.00    0.047    0.002
23.50   1.00    0.049   40.763
23.50   1.00    0.047    0.166   0.049   0.165
23.50   1.00    0.047    0.165   0.049   0.165

23.51   0.00    0.165    0.165   0.032   0.036   0.002   0.006   0.082   0.006   0.000   0.000   0.000 1466271000
23.51   4.24   45.848
23.51   1.00    0.047    0.002
23.51   1.00    0.049   40.760
23.51   1.00    0.047    0.166   0.049   0.165
23.51   1.00    0.047    0.165   0.049   0.165

23.52   0.00    0.165    0.165   0.032   0.036   0.002   0.006   0.082   0.006   0.000   0.000   0.000 1466895000
23.52   4.24   45.845
23.52   1.00    0.047    0.002
23.52   1.00    0.049   40.757
23.52   1.00    0.047    0.166   0.049   0.165
23.52   1.00    0.047    0.165   0.049   0.165

23.53   0.00    0.165    0.165   0.032   0.036   0.002   0.006   0.082   0.006   0.000   0.000   0.000 1467519000
23.53   4.24   45.841
23.53   1.00    0.047    0.002
23.53   1.00    0.049   40.754
23.53   1.00    0.047    0.166   0.049   0.165
23.53   1.00    0.047    0.165   0.049   0.165

23.54   0.00    0.165    0.165   0.032   0.036   0.002   0.006   0.082   0.006   0.000   0.000   0.000 1468142000
23.54   4.24   45.838
23.54   1.00    0.047    0.002
23.54   1.00    0.049   40.752
23.54   1.00    0.047    0.166   0.049   0.165
23.54   1.00    0.047    0.165   0.049   0.165

23.55   0.00    0.165    0.165   0.032   0.036   0.002   0.006   0.082   0.006   0.000   0.000   0.000 1468766000
23.55   4.24   45.834
23.55   1.00    0.047    0.002
23.55   1.00    0.049   40.749
23.55   1.00    0.047    0.166   0.049   0.165
23.55   1.00    0.047    0.165   0.049   0.165

23.56   0.00    0.165    0.165   0.032   0.036   0.002   0.006   0.082   0.006   0.000   0.000   0.000 1469390000
23.56   4.24   45.831
23.56   1.00    0.047    0.002
23.56   1.00    0.049   40.746
23.56   1.00    0.047    0.166   0.049   0.165
23.56   1.00    0.047    0.165   0.049   0.165

23.57   0.00    0.165    0.165   0.032   0.036   0.002   0.006   0.082   0.006   0.000   0.000   0.000 1470013000
23.57   4.24   45.827
23.57   1.00    0.047    0.002
23.57   1.00    0.049   40.743
23.57   1.00    0.047    0.166   0.049   0.165
23.57   1.00    0.047    0.165   0.049   0.165

23.58   0.00    0.165    0.165   0.032   0.036   0.002   0.006   0.082   0.006   0.000   0.000   0.000 1470637000
23.58   4.24   45.824
23.58   1.00    0.047    0.002
23.58   1.00    0.049   40.740
23.58   1.00    0.047    0.166   0.049   0.165
23.58   1.00    0.047    0.165   0.049   0.165

23.59   0.00    0.165    0.165   0.032   0.036   0.002   0.006   0.082   0.006   0.000   0.000   0.000 1471261000
23.59   4.24   45.820
23.59   1.00    0.047    0.002
23.59   1.00    0.049   40.738
23.59   1.00    0.047    0.166   0.049   0.165
23.59   1.00    0.047    0.165   0.049   0.165

23.60   0.00    0.165    0.165   0.032   0.036   0.002   0.006   0.082   0.006   0.000   0.000   0.000 1471884000
23.60   4.24   45.817
23.60   1.00    0.047    0.002
23.60   1.00    0.050   40.735
23.60   1.00    0.047    0.166   0.050   0.165
23.60   1.00    0.047    0.165   0.050   0.165

23.61   0.00    0.165    0.165   0.032   0.036   0.002   0.006   0.082   0.006   0.000   0.000   0.000 1472508000
23.61   4.24   45.813
23.61   1.00    0.047    0.002
23.61   1.00    0.050   40.732
23.61   1.00    0.047    0.166   0.050   0.165
23.61   1.00    0.047    0.165   0.050   0.165

23.62   0.00    0.165    0.165   0.032   0.036   0.002   0.006   0.082   0.006   0.000   0.000   0.000 1473132000
23.62   4.24   45.810
23.62   1.00    0.047    0.002
23.62   1.00    0.050   40.729
23.62   1.00    0.047    0.166   0.050   0.165
23.62   1.00    0.047    0.165   0.050   0.165

23.63   0.00    0.165    0.165   0.032   0.036   0.002   0.006   0.082   0.006   0.000   0.000   0.000 1473755000
23.63   4.24   45.806
23.63   1.00    0.047    0.002
23.63   1.00    0.050   40.727
23.63   1.00    0.047    0.166   0.050   0.165
23.63   1.00    0.047    0.165   0.050   0.165

23.64   0.00    0.165    0.165   0.032   0.036   0.002   0.006   0.082   0.006   0.000   0.000   0.000 1474379000
23.64   4.24   45.803
23.64   1.00    0.047    0.002
23.64   1.00    0.050   40.724
23.64   1.00    0.047    0.166   0.050   0.165
23.64   1.00    0.047    0.165   0.050   0.165

23.65   0.00    0.165    0.165   0.032   0.036   0.002   0.006   0.082   0.006   0.000   0.000   0.000 1475003000
23.65   4.24   45.799
23.65   1.00    0.047    0.002
23.65   1.00    0.050   40.721
23.65   1.00    0.047    0.166   0.050   0.165
23.65   1.00    0.047    0.165   0.050   0.165

23.66   0.00    0.165    0.165   0.032   0.036   0.002   0.006   0.082   0.006   0.000   0.000   0.000 1475626000
23.66   4.24   45.796
23.66   1.00    0.047    0.002
23.66   1.00    0.050   40.718
23.66   1.00    0.047    0.166   0.050   0.165
23.66   1.00    0.047    0.165   0.050   0.165

23.67   0.00    0.165    0.165   0.032   0.036   0.002   0.006   0.082   0.006   0.000   0.000   0.000 1476250000
23.67   4.23   45.792
23.67   1.00    0.047    0.002
23.67   1.00    0.050   40.715
23.67   1.00    0.047    0.166   0.050   0.165
23.67   1.00    0.047    0.165   0.050   0.165

23.68   0.00    0.165    0.165   0.032   0.036   0.002   0.006   0.082   0.006   0.000   0.000   0.000 1476874000
23.68   4.23   45.789
23.68   1.00    0.047    0.002
23.68   1.00    0.050   40.713
23.68   1.00    0.047    0.166   0.050   0.165
23.68   1.00    0.047    0.165   0.050   0.165

23.69   0.00    0.165    0.165   0.032   0.036   0.002   0.006   0.082   0.006   0.000   0.000   0.000 1477497000
23.69   4.23   45.785
23.69   1.00    0.047    0.002
23.69   1.00    0.050   40.710
23.69   1.00    0.047    0.166   0.050   0.165
23.69   1.00    0.047    0.165   0.050   0.165

23.70   0.00    0.165    0.165   0.032   0.036   0.002   0.006   0.082   0.006   0.000   0.000   0.000 1478121000
23.70   4.23   45.782
23.70   1.00    0.047    0.002
23.70   1.00    0.050   40.707
23.70   1.00    0.047    0.166   0.050   0.165
23.70   1.00    0.047    0.165   0.050   0.165

23.71   0.00    0.165    0.165   0.032   0.036   0.002   0.006   0.082   0.006   0.000   0.000   0.000 1478745000
23.71   4.23   45.779
23.71   1.00    0.047    0.002
23.71   1.00    0.050   40.705
23.71   1.00    0.047    0.166   0.050   0.165
23.71   1.00    0.047    0.165   0.050   0.165

23.72   0.00    0.165    0.165   0.032   0.036   0.002   0.006   0.082   0.006   0.000   0.000   0.000 1479368000
23.72   4.23   45.775
23.72   1.00    0.047    0.002
23.72   1.00    0.050   40.702
23.72   1.00    0.047    0.166   0.050   0.165
23.72   1.00    0.047    0.165   0.050   0.165

23.73   0.00    0.165    0.165   0.032   0.036   0.002   0.006   0.082   0.006   0.000   0.000   0.000 1479992000
23.73   4.23   45.772
23.73   1.00    0.047    0.002
23.73   1.00    0.050   40.699
23.73   1.00    0.047    0.166   0.050   0.165
23.73   1.00    0.047    0.165   0.050   0.165

23.74   0.00    0.165    0.165   0.032   0.036   0.002   0.006   0.082   0.006   0.000   0.000   0.000 1480616000
23.74   4.23   45.768
23.74   1.00    0.047    0.002
23.74   1.00    0.050   40.696
23.74   1.00    0.047    0.166   0.050   0.165
23.74   1.00    0.047    0.165   0.050   0.165

23.75   0.00    0.165    0.165   0.032   0.036   0.002   0.006   0.082   0.006   0.000   0.000   0.000 1481240000
23.75   4.23   45.765
23.75   1.00    0.047    0.002
23.75   1.00    0.050   40.694
23.75   1.00    0.047    0.166   0.050   0.165
23.75   1.00    0.047    0.165   0.050   0.165

23.76   0.00    0.165    0.165   0.032   0.036   0.002   0.006   0.082   0.006   0.000   0.000   0.000 1481863000
23.76   4.23   45.761
23.76   1.00    0.047    0.002
23.76   1.00    0.050   40.691
23.76   1.00    0.047    0.166   0.050   0.165
23.76   1.00    0.047    0.165   0.050   0.165

23.77   0.00    0.165    0.165   0.032   0.036   0.002   0.006   0.082   0.006   0.000   0.000   0.000 1482487000
23.77   4.23   45.758
23.77   1.00    0.047    0.002
23.77   1.00    0.050   40.688
23.77   1.00    0.047    0.166   0.050   0.165
23.77   1.00    0.047    0.165   0.050   0.165

23.78   0.00    0.165    0.165   0.032   0.036   0.002   0.006   0.082   0.006   0.000   0.000   0.000 1483111000
23.78   4.23   45.754
23.78   1.00    0.047    0.002
23.78   1.00    0.050   40.686
23.78   1.00    0.047    0.166   0.050   0.165
23.78   1.00    0.047    0.165   0.050   0.165

23.79   0.00    0.165    0.165   0.032   0.036   0.002   0.006   0.082   0.006   0.000   0.000   0.000 1483734000
23.79   4.23   45.751
23.79   1.00    0.047    0.002
23.79   1.00    0.050   40.683
23.79   1.00    0.047    0.166   0.050   0.165
23.79   1.00    0.047    0.165   0.050   0.165

23.80   0.00    0.165    0.165   0.032   0.036   0.002   0.006   0.082   0.006   0.000   0.000   0.000 1484358000
23.80   4.23   45.747
23.80   1.00    0.047    0.002
23.80   1.00    0.050   40.680
23.80   1.00    0.047    0.166   0.050   0.165
23.80   1.00    0.047    0.165   0.050   0.165

23.81   0.00    0.165    0.165   0.032   0.036   0.002   0.006   0.082   0.006   0.000   0.000   0.000 1484982000
23.81   4.23   45.744
23.81   1.00    0.047    0.002
23.81   1.00    0.050   40.678
23.81   1.00    0.047    0.166   0.050   0.165
23.81   1.00    0.047    0.165   0.050   0.165

23.82   0.00    0.165    0.165   0.032   0.036   0.002   0.006   0.082   0.006   0.000   0.000   0.000 1485605000
23.82   4.23   45.741
23.82   1.00    0.047    0.002
23.82   1.00    0.050   40.675
23.82   1.00    0.047    0.166   0.050   0.165
23.82   1.00    0.047    0.165   0.050   0.165

23.83   0.00    0.165    0.165   0.032   0.036   0.002   0.006   0.082   0.006   0.000   0.000   0.000 1486229000
23.83   4.23   45.737
23.83   1.00    0.047    0.002
23.83   1.00    0.050   40.672
23.83   1.00    0.047    0.166   0.050   0.165
23.83   1.00    0.047    0.165   0.050   0.165

23.84   0.00    0.165    0.165   0.032   0.036   0.002   0.006   0.082   0.006   0.000   0.000   0.000 1486853000
23.84   4.23   45.734
23.84   1.00    0.047    0.002
23.84   1.00    0.050   40.670
23.84   1.00    0.047    0.166   0.050   0.165
23.84   1.00    0.047    0.165   0.050   0.165

23.85   0.00    0.165    0.165   0.032   0.036   0.002   0.006   0.082   0.006   0.000   0.000   0.000 1487476000
23.85   4.23   45.730
23.85   1.00    0.047    0.002
23.85   1.00    0.050   40.667
23.85   1.00    0.047    0.166   0.050   0.165
23.85   1.00    0.047    0.165   0.050   0.165

23.86   0.00    0.165    0.165   0.032   0.036   0.002   0.006   0.082   0.006   0.000   0.000   0.000 1488100000
23.86   4.23   45.727
23.86   1.00    0.047    0.002
23.86   1.00    0.050   40.664
23.86   1.00    0.047    0.166   0.050   0.165
23.86   1.00    0.047    0.165   0.050   0.165

23.87   0.00    0.165    0.165   0.032   0.036   0.002   0.006   0.082   0.006   0.000   0.000   0.000 1488724000
23.87   4.22   45.723
23.87   1.00    0.047    0.002
23.87   1.00    0.050   40.662
23.87   1.00    0.047    0.166   0.050   0.165
23.87   1.00    0.047    0.165   0.050   0.165

23.88   0.00    0.165    0.165   0.032   0.036   0.002   0.006   0.082   0.006   0.000   0.000   0.000 1489347000
23.88   4.22   45.720
23.88   1.00    0.047    0.002
23.88   1.00    0.050   40.659
23.88   1.00    0.047    0.166   0.050   0.165
23.88   1.00    0.047    0.165   0.050   0.165

23.89   0.00    0.165    0.165   0.032   0.036   0.002   0.006   0.082   0.006   0.000   0.000   0.000 1489971000
23.89   4.22   45.716
23.89   1.00    0.047    0.002
23.89   1.00    0.050   40.656
23.89   1.00    0.047    0.166   0.050   0.165
23.89   1.00    0.047    0.165   0.050   0.165

23.90   0.00    0.165    0.165   0.032   0.036   0.002   0.006   0.082   0.006   0.000   0.000   0.000 1490595000
23.90   4.22   45.713
23.90   1.00    0.047    0.002
23.90   1.00    0.050   40.654
23.90   1.00    0.047    0.166   0.050   0.165
23.90   1.00    0.047    0.165   0.050   0.165

23.91   0.00    0.165    0.165   0.032   0.036   0.002   0.006   0.082   0.006   0.000   0.000   0.000 1491218000
23.91   4.22   45.710
23.91   1.00    0.047    0.002
23.91   1.00    0.050   40.651
23.91   1.00    0.047    0.166   0.050   0.165
23.91   1.00    0.047    0.165   0.050   0.165

23.92   0.00    0.165    0.165   0.032   0.036   0.002   0.006   0.082   0.006   0.000   0.000   0.000 1491842000
23.92   4.22   45.706
23.92   1.00    0.047    0.002
23.92   1.00    0.050   40.649
23.92   1.00    0.047    0.166   0.050   0.165
23.92   1.00    0.047    0.165   0.050   0.165

23.93   0.00    0.165    0.165   0.032   0.036   0.002   0.006   0.082   0.006   0.000   0.000   0.000 1492466000
23.93   4.22   45.703
23.93   1.00    0.047    0.002
23.93   1.00    0.050   40.646
23.93   1.00    0.047    0.166   0.050   0.165
23.93   1.00    0.047    0.165   0.050   0.165

23.94   0.00    0.165    0.165   0.032   0.036   0.002   0.006   0.082   0.006   0.000   0.000   0.000 1493090000
23.94   4.22   45.699
23.94   1.00    0.047    0.002
23.94   1.00    0.050   40.643
23.94   1.00    0.047    0.166   0.050   0.165
23.94   1.00    0.047    0.165   0.050   0.165

23.95   0.00    0.165    0.165   0.032   0.036   0.002   0.006   0.082   0.006   0.000   0.000   0.000 1493713000
23.95   4.22   45.696
23.95   1.00    0.047    0.002
23.95   1.00    0.050   40.641
23.95   1.00    0.047    0.166   0.050   0.165
23.95   1.00    0.047    0.165   0.050   0.165

23.96   0.00    0.165    0.165   0.032   0.036   0.002   0.006   0.082   0.006   0.000   0.000   0.000 1494337000
23.96   4.22   45.692
23.96   1.00    0.047    0.003
23.96   1.00    0.050   40.638
23.96   1.00    0.047    0.166   0.050   0.165
23.96   1.00    0.047    0.165   0.050   0.165

23.97   0.00    0.165    0.165   0.032   0.036   0.002   0.006   0.082   0.006   0.000   0.000   0.000 1494960000
23.97   4.22   45.689
23.97   1.00    0.047    0.003
23.97   1.00    0.050   40.636
23.97   1.00    0.047    0.166   0.050   0.165
23.97   1.00    0.047    0.165   0.050   0.165

23.98   0.00    0.165    0.165   0.032   0.036   0.002   0.006   0.082   0.006   0.000   0.000   0.000 1495584000
23.98   4.22   45.686
23.98   1.00    0.047    0.003
23.98   1.00    0.050   40.633
23.98   1.00    0.047    0.166   0.050   0.165
23.98   1.00    0.047    0.165   0.050   0.165

23.99   0.00    0.165    0.165   0.032   0.036   0.002   0.006   0.082   0.006   0.000   0.000   0.000 1496208000
23.99   4.22   45.682
23.99   1.00    0.047    0.003
23.99   1.00    0.050   40.630
23.99   1.00    0.047    0.166   0.050   0.165
23.99   1.00    0.047    0.165   0.050   0.165

24.00   0.00    0.165    0.165   0.032   0.036   0.002   0.006   0.082   0.006   0.000   0.000   0.000 1496831000
24.00   4.22   45.679
24.00   1.00    0.047    0.003
24.00   1.00    0.050   40.628
24.00   1.00    0.047    0.166   0.050   0.165
24.00   1.00    0.047    0.165   0.050   0.165

24.01   0.00    0.165    0.165   0.032   0.036   0.002   0.006   0.082   0.006   0.000   0.000   0.000 1497455000
24.01   4.22   45.675
24.01   1.00    0.047    0.003
24.01   1.00    0.050   40.625
24.01   1.00    0.047    0.166   0.050   0.165
24.01   1.00    0.047    0.165   0.050   0.165

24.02   0.00    0.165    0.165   0.032   0.036   0.002   0.006   0.082   0.006   0.000   0.000   0.000 1498079000
24.02   4.22   45.672
24.02   1.00    0.047    0.003
24.02   1.00    0.050   40.623
24.02   1.00    0.047    0.166   0.050   0.165
24.02   1.00    0.047    0.165   0.050   0.165

24.03   0.00    0.165    0.165   0.032   0.036   0.002   0.006   0.082   0.006   0.000   0.000   0.000 1498703000
24.03   4.22   45.669
24.03   1.00    0.047    0.003
24.03   1.00    0.050   40.620
24.03   1.00    0.047    0.166   0.050   0.165
24.03   1.00    0.047    0.165   0.050   0.165

24.04   0.00    0.165    0.165   0.032   0.036   0.002   0.006   0.082   0.006   0.000   0.000   0.000 1499326000
24.04   4.22   45.665
24.04   1.00    0.047    0.003
24.04   1.00    0.050   40.618
24.04   1.00    0.047    0.166   0.050   0.165
24.04   1.00    0.047    0.165   0.050   0.165

24.05   0.00    0.165    0.165   0.032   0.036   0.002   0.006   0.082   0.006   0.000   0.000   0.000 1499950000
24.05   4.22   45.662
24.05   1.00    0.047    0.003
24.05   1.00    0.050   40.615
24.05   1.00    0.047    0.166   0.050   0.165
24.05   1.00    0.047    0.165   0.050   0.165

24.06   0.00    0.165    0.165   0.032   0.036   0.002   0.006   0.082   0.006   0.000   0.000   0.000 1500574000
24.06   4.22   45.658
24.06   1.00    0.047    0.003
24.06   1.00    0.050   40.613
24.06   1.00    0.047    0.166   0.050   0.165
24.06   1.00    0.047    0.165   0.050   0.165

24.07   0.00    0.165    0.165   0.032   0.036   0.002   0.006   0.082   0.006   0.000   0.000   0.000 1501197000
24.07   4.22   45.655
24.07   1.00    0.047    0.003
24.07   1.00    0.050   40.610
24.07   1.00    0.047    0.166   0.050   0.165
24.07   1.00    0.047    0.165   0.050   0.165

24.08   0.00    0.165    0.165   0.032   0.036   0.002   0.006   0.082   0.006   0.000   0.000   0.000 1501821000
24.08   4.21   45.652
24.08   1.00    0.047    0.003
24.08   1.00    0.050   40.608
24.08   1.00    0.047    0.166   0.050   0.165
24.08   1.00    0.047    0.165   0.050   0.165

24.09   0.00    0.165    0.165   0.032   0.036   0.002   0.006   0.082   0.006   0.000   0.000   0.000 1502445000
24.09   4.21   45.648
24.09   1.00    0.047    0.003
24.09   1.00    0.050   40.605
24.09   1.00    0.047    0.166   0.050   0.165
24.09   1.00    0.047    0.165   0.050   0.165

24.10   0.00    0.165    0.165   0.032   0.036   0.002   0.006   0.082   0.006   0.000   0.000   0.000 1503068000
24.10   4.21   45.645
24.10   1.00    0.047    0.003
24.10   1.00    0.050   40.603
24.10   1.00    0.047    0.166   0.050   0.165
24.10   1.00    0.047    0.165   0.050   0.165

24.11   0.00    0.165    0.165   0.032   0.036   0.002   0.006   0.082   0.006   0.000   0.000   0.000 1503692000
24.11   4.21   45.642
24.11   1.00    0.047    0.003
24.11   1.00    0.050   40.600
24.11   1.00    0.047    0.166   0.050   0.165
24.11   1.00    0.047    0.165   0.050   0.165

24.12   0.00    0.165    0.165   0.032   0.036   0.002   0.006   0.082   0.006   0.000   0.000   0.000 1504316000
24.12   4.21   45.638
24.12   1.00    0.047    0.003
24.12   1.00    0.050   40.598
24.12   1.00    0.047    0.166   0.050   0.165
24.12   1.00    0.047    0.165   0.050   0.165

24.13   0.00    0.165    0.165   0.032   0.036   0.002   0.006   0.082   0.006   0.000   0.000   0.000 1504939000
24.13   4.21   45.635
24.13   1.00    0.047    0.003
24.13   1.00    0.050   40.595
24.13   1.00    0.047    0.166   0.050   0.165
24.13   1.00    0.047    0.165   0.050   0.165

24.14   0.00    0.165    0.165   0.032   0.036   0.002   0.006   0.082   0.006   0.000   0.000   0.000 1505563000
24.14   4.21   45.631
24.14   1.00    0.047    0.003
24.14   1.00    0.050   40.593
24.14   1.00    0.047    0.166   0.050   0.165
24.14   1.00    0.047    0.165   0.050   0.165

24.15   0.00    0.165    0.164   0.032   0.036   0.002   0.006   0.082   0.006   0.000   0.000   0.000 1506187000
24.15   4.21   45.628
24.15   1.00    0.047    0.003
24.15   1.00    0.050   40.590
24.15   1.00    0.047    0.166   0.050   0.165
24.15   1.00    0.047    0.165   0.050   0.165

24.16   0.00    0.165    0.164   0.032   0.036   0.002   0.006   0.082   0.006   0.000   0.000   0.000 1506810000
24.16   4.21   45.625
24.16   1.00    0.047    0.003
24.16   1.00    0.050   40.588
24.16   1.00    0.047    0.166   0.050   0.165
24.16   1.00    0.047    0.165   0.050   0.165

24.17   0.00    0.165    0.164   0.032   0.036   0.002   0.006   0.082   0.006   0.000   0.000   0.000 1507434000
24.17   4.21   45.621
24.17   1.00    0.047    0.003
24.17   1.00    0.050   40.585
24.17   1.00    0.047    0.166   0.050   0.165
24.17   1.00    0.047    0.165   0.050   0.165

24.18   0.00    0.165    0.164   0.032   0.036   0.002   0.006   0.082   0.006   0.000   0.000   0.000 1508058000
24.18   4.21   45.618
24.18   1.00    0.047    0.003
24.18   1.00    0.050   40.583
24.18   1.00    0.047    0.166   0.050   0.165
24.18   1.00    0.047    0.165   0.050   0.165

24.19   0.00    0.165    0.164   0.032   0.036   0.002   0.006   0.082   0.006   0.000   0.000   0.000 1508681000
24.19   4.21   45.615
24.19   1.00    0.047    0.003
24.19   1.00    0.050   40.580
24.19   1.00    0.047    0.166   0.050   0.165
24.19   1.00    0.047    0.165   0.050   0.165

24.20   0.00    0.165    0.164   0.032   0.036   0.002   0.006   0.082   0.006   0.000   0.000   0.000 1509305000
24.20   4.21   45.611
24.20   1.00    0.047    0.003
24.20   1.00    0.050   40.578
24.20   1.00    0.047    0.166   0.050   0.165
24.20   1.00    0.047    0.165   0.050   0.165

24.21   0.00    0.165    0.164   0.032   0.036   0.002   0.006   0.082   0.006   0.000   0.000   0.000 1509929000
24.21   4.21   45.608
24.21   1.00    0.047    0.003
24.21   1.00    0.050   40.575
24.21   1.00    0.047    0.166   0.050   0.165
24.21   1.00    0.047    0.165   0.050   0.165

24.22   0.00    0.165    0.164   0.032   0.036   0.002   0.006   0.082   0.006   0.000   0.000   0.000 1510552000
24.22   4.21   45.604
24.22   1.00    0.047    0.003
24.22   1.00    0.050   40.573
24.22   1.00    0.047    0.166   0.050   0.165
24.22   1.00    0.047    0.165   0.050   0.165

24.23   0.00    0.165    0.164   0.032   0.036   0.002   0.006   0.082   0.006   0.000   0.000   0.000 1511176000
24.23   4.21   45.601
24.23   1.00    0.047    0.003
24.23   1.00    0.050   40.570
24.23   1.00    0.047    0.166   0.050   0.165
24.23   1.00    0.047    0.165   0.050   0.165

24.24   0.00    0.165    0.164   0.032   0.036   0.002   0.006   0.082   0.006   0.000   0.000   0.000 1511800000
24.24   4.21   45.598
24.24   1.00    0.047    0.003
24.24   1.00    0.050   40.568
24.24   1.00    0.047    0.166   0.050   0.165
24.24   1.00    0.047    0.165   0.050   0.165

24.25   0.00    0.165    0.164   0.032   0.036   0.002   0.006   0.082   0.006   0.000   0.000   0.000 1512424000
24.25   4.21   45.594
24.25   1.00    0.047    0.003
24.25   1.00    0.050   40.566
24.25   1.00    0.047    0.166   0.050   0.165
24.25   1.00    0.047    0.165   0.050   0.165

24.26   0.00    0.165    0.164   0.032   0.036   0.002   0.006   0.082   0.006   0.000   0.000   0.000 1513047000
24.26   4.21   45.591
24.26   1.00    0.047    0.003
24.26   1.00    0.050   40.563
24.26   1.00    0.047    0.166   0.050   0.165
24.26   1.00    0.047    0.165   0.050   0.165

24.27   0.00    0.165    0.164   0.032   0.036   0.002   0.006   0.082   0.006   0.000   0.000   0.000 1513671000
24.27   4.21   45.588
24.27   1.00    0.047    0.003
24.27   1.00    0.050   40.561
24.27   1.00    0.047    0.166   0.050   0.165
24.27   1.00    0.047    0.165   0.050   0.165

24.28   0.00    0.165    0.164   0.032   0.036   0.002   0.006   0.082   0.006   0.000   0.000   0.000 1514295000
24.28   4.21   45.584
24.28   1.00    0.047    0.003
24.28   1.00    0.050   40.558
24.28   1.00    0.047    0.166   0.050   0.165
24.28   1.00    0.047    0.165   0.050   0.165

24.29   0.00    0.165    0.164   0.032   0.036   0.002   0.006   0.082   0.006   0.000   0.000   0.000 1514918000
24.29   4.20   45.581
24.29   1.00    0.047    0.003
24.29   1.00    0.050   40.556
24.29   1.00    0.047    0.166   0.050   0.165
24.29   1.00    0.047    0.165   0.050   0.165

24.30   0.00    0.165    0.164   0.032   0.036   0.002   0.006   0.082   0.006   0.000   0.000   0.000 1515542000
24.30   4.20   45.578
24.30   1.00    0.047    0.003
24.30   1.00    0.050   40.553
24.30   1.00    0.047    0.166   0.050   0.165
24.30   1.00    0.047    0.165   0.050   0.165

24.31   0.00    0.165    0.164   0.032   0.036   0.002   0.006   0.082   0.006   0.000   0.000   0.000 1516166000
24.31   4.20   45.574
24.31   1.00    0.047    0.003
24.31   1.00    0.050   40.551
24.31   1.00    0.047    0.166   0.050   0.165
24.31   1.00    0.047    0.165   0.050   0.165

24.32   0.00    0.165    0.164   0.032   0.036   0.002   0.006   0.082   0.006   0.000   0.000   0.000 1516789000
24.32   4.20   45.571
24.32   1.00    0.047    0.003
24.32   1.00    0.050   40.549
24.32   1.00    0.047    0.166   0.050   0.165
24.32   1.00    0.047    0.165   0.050   0.165

24.33   0.00    0.165    0.164   0.032   0.036   0.002   0.006   0.082   0.006   0.000   0.000   0.000 1517413000
24.33   4.20   45.568
24.33   1.00    0.047    0.003
24.33   1.00    0.050   40.546
24.33   1.00    0.047    0.166   0.050   0.165
24.33   1.00    0.047    0.165   0.050   0.165

24.34   0.00    0.165    0.164   0.032   0.036   0.002   0.006   0.082   0.006   0.000   0.000   0.000 1518037000
24.34   4.20   45.564
24.34   1.00    0.047    0.003
24.34   1.00    0.050   40.544
24.34   1.00    0.047    0.166   0.050   0.165
24.34   1.00    0.047    0.165   0.050   0.165

24.35   0.00    0.165    0.164   0.032   0.036   0.002   0.006   0.082   0.006   0.000   0.000   0.000 1518660000
24.35   4.20   45.561
24.35   1.00    0.047    0.003
24.35   1.00    0.050   40.541
24.35   1.00    0.047    0.166   0.050   0.165
24.35   1.00    0.047    0.165   0.050   0.165

24.36   0.00    0.165    0.164   0.032   0.036   0.002   0.006   0.082   0.006   0.000   0.000   0.000 1519284000
24.36   4.20   45.558
24.36   1.00    0.047    0.003
24.36   1.00    0.050   40.539
24.36   1.00    0.047    0.166   0.050   0.165
24.36   1.00    0.047    0.165   0.050   0.165

24.37   0.00    0.165    0.164   0.032   0.036   0.002   0.006   0.082   0.006   0.000   0.000   0.000 1519908000
24.37   4.20   45.554
24.37   1.00    0.047    0.003
24.37   1.00    0.050   40.537
24.37   1.00    0.047    0.166   0.050   0.165
24.37   1.00    0.047    0.165   0.050   0.165

24.38   0.00    0.165    0.164   0.032   0.036   0.002   0.006   0.082   0.006   0.000   0.000   0.000 1520531000
24.38   4.20   45.551
24.38   1.00    0.047    0.003
24.38   1.00    0.050   40.534
24.38   1.00    0.047    0.166   0.050   0.165
24.38   1.00    0.047    0.165   0.050   0.165

24.39   0.00    0.165    0.164   0.032   0.036   0.002   0.006   0.082   0.006   0.000   0.000   0.000 1521155000
24.39   4.20   45.548
24.39   1.00    0.047    0.003
24.39   1.00    0.050   40.532
24.39   1.00    0.047    0.166   0.050   0.165
24.39   1.00    0.047    0.165   0.050   0.165

24.40   0.00    0.165    0.164   0.032   0.036   0.002   0.006   0.082   0.006   0.000   0.000   0.000 1521779000
24.40   4.20   45.544
24.40   1.00    0.047    0.003
24.40   1.00    0.050   40.530
24.40   1.00    0.047    0.166   0.050   0.165
24.40   1.00    0.047    0.165   0.050   0.165

24.41   0.00    0.165    0.164   0.032   0.036   0.002   0.006   0.082   0.006   0.000   0.000   0.000 1522402000
24.41   4.20   45.541
24.41   1.00    0.047    0.003
24.41   1.00    0.050   40.527
24.41   1.00    0.047    0.166   0.050   0.165
24.41   1.00    0.047    0.165   0.050   0.165

24.42   0.00    0.165    0.164   0.032   0.036   0.002   0.006   0.082   0.006   0.000   0.000   0.000 1523026000
24.42   4.20   45.538
24.42   1.00    0.047    0.003
24.42   1.00    0.050   40.525
24.42   1.00    0.047    0.166   0.050   0.165
24.42   1.00    0.047    0.165   0.050   0.165

24.43   0.00    0.165    0.164   0.032   0.036   0.002   0.006   0.082   0.006   0.000   0.000   0.000 1523650000
24.43   4.20   45.534
24.43   1.00    0.047    0.003
24.43   1.00    0.050   40.523
24.43   1.00    0.047    0.166   0.050   0.165
24.43   1.00    0.047    0.165   0.050   0.165

24.44   0.00    0.165    0.164   0.032   0.036   0.002   0.006   0.082   0.006   0.000   0.000   0.000 1524273000
24.44   4.20   45.531
24.44   1.00    0.047    0.003
24.44   1.00    0.050   40.520
24.44   1.00    0.047    0.166   0.050   0.165
24.44   1.00    0.047    0.165   0.050   0.165

24.45   0.00    0.165    0.164   0.032   0.036   0.002   0.006   0.082   0.006   0.000   0.000   0.000 1524897000
24.45   4.20   45.528
24.45   1.00    0.047    0.003
24.45   1.00    0.050   40.518
24.45   1.00    0.047    0.166   0.050   0.165
24.45   1.00    0.047    0.165   0.050   0.165

24.46   0.00    0.165    0.164   0.032   0.036   0.002   0.006   0.082   0.006   0.000   0.000   0.000 1525521000
24.46   4.20   45.524
24.46   1.00    0.047    0.003
24.46   1.00    0.050   40.516
24.46   1.00    0.047    0.166   0.050   0.165
24.46   1.00    0.047    0.165   0.050   0.165

24.47   0.00    0.165    0.164   0.032   0.036   0.002   0.006   0.082   0.006   0.000   0.000   0.000 1526144000
24.47   4.20   45.521
24.47   1.00    0.047    0.003
24.47   1.00    0.050   40.513
24.47   1.00    0.047    0.166   0.050   0.165
24.47   1.00    0.047    0.165   0.050   0.165

24.48   0.00    0.165    0.164   0.032   0.036   0.002   0.006   0.082   0.006   0.000   0.000   0.000 1526768000
24.48   4.20   45.518
24.48   1.00    0.047    0.003
24.48   1.00    0.050   40.511
24.48   1.00    0.047    0.166   0.050   0.165
24.48   1.00    0.047    0.165   0.050   0.165

24.49   0.00    0.165    0.164   0.032   0.036   0.002   0.006   0.082   0.006   0.000   0.000   0.000 1527392000
24.49   4.20   45.515
24.49   1.00    0.047    0.003
24.49   1.00    0.050   40.509
24.49   1.00    0.047    0.166   0.050   0.165
24.49   1.00    0.047    0.165   0.050   0.165

24.50   0.00    0.165    0.164   0.032   0.036   0.002   0.006   0.082   0.006   0.000   0.000   0.000 1528015000
24.50   4.20   45.511
24.50   1.00    0.047    0.003
24.50   1.00    0.050   40.506
24.50   1.00    0.047    0.166   0.050   0.165
24.50   1.00    0.047    0.165   0.050   0.165

24.51   0.00    0.165    0.164   0.032   0.036   0.002   0.006   0.082   0.006   0.000   0.000   0.000 1528639000
24.51   4.19   45.508
24.51   1.00    0.047    0.003
24.51   1.00    0.050   40.504
24.51   1.00    0.047    0.166   0.050   0.165
24.51   1.00    0.047    0.165   0.050   0.164

24.52   0.00    0.165    0.164   0.032   0.036   0.002   0.006   0.082   0.006   0.000   0.000   0.000 1529263000
24.52   4.19   45.505
24.52   1.00    0.047    0.003
24.52   1.00    0.050   40.502
24.52   1.00    0.047    0.166   0.050   0.165
24.52   1.00    0.047    0.165   0.050   0.164

24.53   0.00    0.165    0.164   0.032   0.036   0.002   0.006   0.082   0.006   0.000   0.000   0.000 1529887000
24.53   4.19   45.501
24.53   1.00    0.047    0.003
24.53   1.00    0.050   40.499
24.53   1.00    0.047    0.166   0.050   0.165
24.53   1.00    0.047    0.165   0.050   0.164

24.54   0.00    0.165    0.164   0.032   0.036   0.002   0.006   0.082   0.006   0.000   0.000   0.000 1530510000
24.54   4.19   45.498
24.54   1.00    0.047    0.003
24.54   1.00    0.050   40.497
24.54   1.00    0.047    0.166   0.050   0.165
24.54   1.00    0.047    0.165   0.050   0.164

24.55   0.00    0.165    0.164   0.032   0.036   0.002   0.006   0.082   0.006   0.000   0.000   0.000 1531134000
24.55   4.19   45.495
24.55   1.00    0.047    0.003
24.55   1.00    0.050   40.495
24.55   1.00    0.047    0.166   0.050   0.165
24.55   1.00    0.047    0.165   0.050   0.164

24.56   0.00    0.165    0.164   0.032   0.036   0.002   0.006   0.082   0.006   0.000   0.000   0.000 1531758000
24.56   4.19   45.492
24.56   1.00    0.047    0.003
24.56   1.00    0.050   40.493
24.56   1.00    0.047    0.166   0.050   0.165
24.56   1.00    0.047    0.165   0.050   0.164

24.57   0.00    0.165    0.164   0.032   0.036   0.002   0.006   0.082   0.006   0.000   0.000   0.000 1532381000
24.57   4.19   45.488
24.57   1.00    0.047    0.003
24.57   1.00    0.050   40.490
24.57   1.00    0.047    0.166   0.050   0.165
24.57   1.00    0.047    0.165   0.050   0.164

24.58   0.00    0.165    0.164   0.032   0.036   0.002   0.006   0.082   0.006   0.000   0.000   0.000 1533005000
24.58   4.19   45.485
24.58   1.00    0.047    0.003
24.58   1.00    0.050   40.488
24.58   1.00    0.047    0.166   0.050   0.165
24.58   1.00    0.047    0.165   0.050   0.164

24.59   0.00    0.165    0.164   0.032   0.036   0.002   0.006   0.082   0.006   0.000   0.000   0.000 1533629000
24.59   4.19   45.482
24.59   1.00    0.047    0.003
24.59   1.00    0.050   40.486
24.59   1.00    0.047    0.166   0.050   0.165
24.59   1.00    0.047    0.165   0.050   0.164

24.60   0.00    0.165    0.164   0.032   0.036   0.002   0.006   0.082   0.006   0.000   0.000   0.000 1534252000
24.60   4.19   45.478
24.60   1.00    0.047    0.003
24.60   1.00    0.050   40.484
24.60   1.00    0.047    0.166   0.050   0.165
24.60   1.00    0.047    0.165   0.050   0.164

24.61   0.00    0.165    0.164   0.032   0.036   0.002   0.006   0.082   0.006   0.000   0.000   0.000 1534876000
24.61   4.19   45.475
24.61   1.00    0.047    0.003
24.61   1.00    0.050   40.481
24.61   1.00    0.047    0.166   0.050   0.165
24.61   1.00    0.047    0.165   0.050   0.164

24.62   0.00    0.165    0.164   0.032   0.036   0.002   0.006   0.082   0.006   0.000   0.000   0.000 1535500000
24.62   4.19   45.472
24.62   1.00    0.047    0.003
24.62   1.00    0.050   40.479
24.62   1.00    0.047    0.166   0.050   0.165
24.62   1.00    0.047    0.165   0.050   0.164

24.63   0.00    0.165    0.164   0.032   0.036   0.002   0.006   0.082   0.006   0.000   0.000   0.000 1536123000
24.63   4.19   45.469
24.63   1.00    0.047    0.003
24.63   1.00    0.050   40.477
24.63   1.00    0.047    0.166   0.050   0.165
24.63   1.00    0.047    0.165   0.050   0.164

24.64   0.00    0.165    0.164   0.032   0.036   0.002   0.006   0.082   0.006   0.000   0.000   0.000 1536747000
24.64   4.19   45.465
24.64   1.00    0.047    0.003
24.64   1.00    0.050   40.475
24.64   1.00    0.047    0.166   0.050   0.165
24.64   1.00    0.047    0.165   0.050   0.164

24.65   0.00    0.165    0.164   0.032   0.036   0.002   0.006   0.082   0.006   0.000   0.000   0.000 1537371000
24.65   4.19   45.462
24.65   1.00    0.047    0.003
24.65   1.00    0.050   40.472
24.65   1.00    0.047    0.166   0.050   0.165
24.65   1.00    0.047    0.165   0.050   0.164

24.66   0.00    0.165    0.164   0.032   0.036   0.002   0.006   0.082   0.006   0.000   0.000   0.000 1537994000
24.66   4.19   45.459
24.66   1.00    0.047    0.003
24.66   1.00    0.050   40.470
24.66   1.00    0.047    0.166   0.050   0.165
24.66   1.00    0.047    0.165   0.050   0.164

24.67   0.00    0.165    0.164   0.032   0.036   0.002   0.006   0.082   0.006   0.000   0.000   0.000 1538618000
24.67   4.19   45.456
24.67   1.00    0.047    0.003
24.67   1.00    0.050   40.468
24.67   1.00    0.047    0.166   0.050   0.165
24.67   1.00    0.047    0.165   0.050   0.164

24.68   0.00    0.165    0.164   0.032   0.036   0.002   0.006   0.082   0.006   0.000   0.000   0.000 1539242000
24.68   4.19   45.452
24.68   1.00    0.046    0.003
24.68   1.00    0.050   40.466
24.68   1.00    0.047    0.166   0.050   0.165
24.68   1.00    0.047    0.165   0.050   0.164

24.69   0.00    0.165    0.164   0.032   0.036   0.002   0.006   0.082   0.006   0.000   0.000   0.000 1539865000
24.69   4.19   45.449
24.69   1.00    0.046    0.003
24.69   1.00    0.050   40.463
24.69   1.00    0.047    0.166   0.050   0.165
24.69   1.00    0.047    0.165   0.050   0.164

24.70   0.00    0.165    0.164   0.032   0.036   0.002   0.006   0.082   0.006   0.000   0.000   0.000 1540489000
24.70   4.19   45.446
24.70   1.00    0.046    0.003
24.70   1.00    0.050   40.461
24.70   1.00    0.047    0.166   0.050   0.165
24.70   1.00    0.047    0.165   0.050   0.164

24.71   0.00    0.165    0.164   0.032   0.036   0.002   0.006   0.082   0.006   0.000   0.000   0.000 1541113000
24.71   4.19   45.442
24.71   1.00    0.046    0.003
24.71   1.00    0.050   40.459
24.71   1.00    0.047    0.166   0.050   0.165
24.71   1.00    0.047    0.165   0.050   0.164

24.72   0.00    0.165    0.164   0.032   0.036   0.002   0.006   0.082   0.006   0.000   0.000   0.000 1541736000
24.72   4.19   45.439
24.72   1.00    0.046    0.003
24.72   1.00    0.050   40.457
24.72   1.00    0.047    0.166   0.050   0.165
24.72   1.00    0.047    0.165   0.050   0.164

24.73   0.00    0.165    0.164   0.032   0.036   0.002   0.006   0.082   0.006   0.000   0.000   0.000 1542360000
24.73   4.18   45.436
24.73   1.00    0.046    0.003
24.73   1.00    0.050   40.455
24.73   1.00    0.047    0.166   0.050   0.165
24.73   1.00    0.047    0.165   0.050   0.164

24.74   0.00    0.165    0.164   0.032   0.036   0.002   0.006   0.082   0.006   0.000   0.000   0.000 1542984000
24.74   4.18   45.433
24.74   1.00    0.046    0.003
24.74   1.00    0.050   40.452
24.74   1.00    0.047    0.166   0.050   0.165
24.74   1.00    0.047    0.165   0.050   0.164

24.75   0.00    0.165    0.164   0.032   0.036   0.002   0.006   0.082   0.006   0.000   0.000   0.000 1543608000
24.75   4.18   45.429
24.75   1.00    0.046    0.003
24.75   1.00    0.050   40.450
24.75   1.00    0.047    0.166   0.050   0.165
24.75   1.00    0.047    0.165   0.050   0.164

24.76   0.00    0.165    0.164   0.032   0.036   0.002   0.006   0.082   0.006   0.000   0.000   0.000 1544231000
24.76   4.18   45.426
24.76   1.00    0.046    0.003
24.76   1.00    0.050   40.448
24.76   1.00    0.047    0.166   0.050   0.165
24.76   1.00    0.047    0.165   0.050   0.164

24.77   0.00    0.165    0.164   0.032   0.036   0.002   0.006   0.082   0.006   0.000   0.000   0.000 1544855000
24.77   4.18   45.423
24.77   1.00    0.046    0.003
24.77   1.00    0.050   40.446
24.77   1.00    0.047    0.166   0.050   0.165
24.77   1.00    0.047    0.165   0.050   0.164

24.78   0.00    0.165    0.164   0.032   0.036   0.002   0.006   0.082   0.006   0.000   0.000   0.000 1545479000
24.78   4.18   45.420
24.78   1.00    0.046    0.003
24.78   1.00    0.050   40.444
24.78   1.00    0.047    0.166   0.050   0.165
24.78   1.00    0.047    0.165   0.050   0.164

24.79   0.00    0.165    0.164   0.032   0.036   0.002   0.006   0.082   0.006   0.000   0.000   0.000 1546102000
24.79   4.18   45.417
24.79   1.00    0.046    0.003
24.79   1.00    0.050   40.442
24.79   1.00    0.047    0.166   0.050   0.165
24.79   1.00    0.047    0.165   0.050   0.164

24.80   0.00    0.165    0.164   0.032   0.036   0.002   0.006   0.082   0.006   0.000   0.000   0.000 1546726000
24.80   4.18   45.413
24.80   1.00    0.046    0.003
24.80   1.00    0.050   40.439
24.80   1.00    0.047    0.166   0.050   0.165
24.80   1.00    0.047    0.165   0.050   0.164

24.81   0.00    0.165    0.164   0.032   0.036   0.002   0.006   0.082   0.006   0.000   0.000   0.000 1547350000
24.81   4.18   45.410
24.81   1.00    0.046    0.003
24.81   1.00    0.050   40.437
24.81   1.00    0.047    0.166   0.050   0.165
24.81   1.00    0.047    0.165   0.050   0.164

24.82   0.00    0.165    0.164   0.032   0.036   0.002   0.006   0.082   0.006   0.000   0.000   0.000 1547973000
24.82   4.18   45.407
24.82   1.00    0.046    0.003
24.82   1.00    0.050   40.435
24.82   1.00    0.047    0.166   0.050   0.165
24.82   1.00    0.047    0.165   0.050   0.164

24.83   0.00    0.165    0.164   0.032   0.036   0.002   0.006   0.082   0.006   0.000   0.000   0.000 1548597000
24.83   4.18   45.404
24.83   1.00    0.046    0.003
24.83   1.00    0.050   40.433
24.83   1.00    0.047    0.166   0.050   0.165
24.83   1.00    0.047    0.165   0.050   0.164

24.84   0.00    0.165    0.164   0.032   0.036   0.002   0.006   0.082   0.006   0.000   0.000   0.000 1549221000
24.84   4.18   45.400
24.84   1.00    0.046    0.003
24.84   1.00    0.050   40.431
24.84   1.00    0.047    0.166   0.050   0.165
24.84   1.00    0.047    0.165   0.050   0.164

24.85   0.00    0.165    0.164   0.032   0.036   0.002   0.006   0.082   0.006   0.000   0.000   0.000 1549844000
24.85   4.18   45.397
24.85   1.00    0.046    0.003
24.85   1.00    0.050   40.429
24.85   1.00    0.047    0.166   0.050   0.165
24.85   1.00    0.047    0.165   0.050   0.164

24.86   0.00    0.165    0.164   0.032   0.036   0.002   0.006   0.082   0.006   0.000   0.000   0.000 1550468000
24.86   4.18   45.394
24.86   1.00    0.046    0.003
24.86   1.00    0.050   40.427
24.86   1.00    0.047    0.166   0.050   0.165
24.86   1.00    0.047    0.165   0.050   0.164

24.87   0.00    0.165    0.164   0.032   0.036   0.002   0.006   0.082   0.006   0.000   0.000   0.000 1551092000
24.87   4.18   45.391
24.87   1.00    0.046    0.003
24.87   1.00    0.050   40.424
24.87   1.00    0.047    0.166   0.050   0.165
24.87   1.00    0.047    0.165   0.050   0.164

24.88   0.00    0.165    0.164   0.032   0.036   0.002   0.006   0.082   0.006   0.000   0.000   0.000 1551715000
24.88   4.18   45.387
24.88   1.00    0.046    0.003
24.88   1.00    0.050   40.422
24.88   1.00    0.047    0.166   0.050   0.165
24.88   1.00    0.047    0.165   0.050   0.164

24.89   0.00    0.165    0.164   0.032   0.036   0.002   0.006   0.082   0.006   0.000   0.000   0.000 1552339000
24.89   4.18   45.384
24.89   1.00    0.046    0.003
24.89   1.00    0.050   40.420
24.89   1.00    0.047    0.166   0.050   0.165
24.89   1.00    0.047    0.165   0.050   0.164

24.90   0.00    0.165    0.164   0.032   0.036   0.002   0.006   0.082   0.006   0.000   0.000   0.000 1552963000
24.90   4.18   45.381
24.90   1.00    0.046    0.004
24.90   1.00    0.050   40.418
24.90   1.00    0.047    0.166   0.050   0.165
24.90   1.00    0.047    0.165   0.050   0.164

24.91   0.00    0.165    0.164   0.032   0.036   0.002   0.006   0.082   0.006   0.000   0.000   0.000 1553586000
24.91   4.18   45.378
24.91   1.00    0.046    0.004
24.91   1.00    0.050   40.416
24.91   1.00    0.047    0.166   0.050   0.165
24.91   1.00    0.047    0.165   0.050   0.164

24.92   0.00    0.165    0.164   0.032   0.036   0.002   0.006   0.082   0.006   0.000   0.000   0.000 1554210000
24.92   4.18   45.375
24.92   1.00    0.046    0.004
24.92   1.00    0.050   40.414
24.92   1.00    0.047    0.166   0.050   0.165
24.92   1.00    0.047    0.165   0.050   0.164

24.93   0.00    0.165    0.164   0.032   0.036   0.002   0.006   0.082   0.006   0.000   0.000   0.000 1554834000
24.93   4.18   45.371
24.93   1.00    0.046    0.004
24.93   1.00    0.050   40.412
24.93   1.00    0.047    0.166   0.050   0.165
24.93   1.00    0.047    0.165   0.050   0.164

24.94   0.00    0.165    0.164   0.032   0.036   0.002   0.006   0.082   0.006   0.000   0.000   0.000 1555457000
24.94   4.18   45.368
24.94   1.00    0.046    0.004
24.94   1.00    0.050   40.410
24.94   1.00    0.047    0.166   0.050   0.165
24.94   1.00    0.047    0.165   0.050   0.164

24.95   0.00    0.165    0.164   0.032   0.036   0.002   0.006   0.082   0.006   0.000   0.000   0.000 1556081000
24.95   4.17   45.365
24.95   1.00    0.046    0.004
24.95   1.00    0.050   40.408
24.95   1.00    0.047    0.166   0.050   0.165
24.95   1.00    0.047    0.165   0.050   0.164

24.96   0.00    0.165    0.164   0.032   0.036   0.002   0.006   0.082   0.006   0.000   0.000   0.000 1556705000
24.96   4.17   45.362
24.96   1.00    0.046    0.004
24.96   1.00    0.050   40.406
24.96   1.00    0.047    0.166   0.050   0.165
24.96   1.00    0.047    0.165   0.050   0.164

24.97   0.00    0.165    0.164   0.032   0.036   0.002   0.006   0.082   0.006   0.000   0.000   0.000 1557328000
24.97   4.17   45.359
24.97   1.00    0.046    0.004
24.97   1.00    0.050   40.403
24.97   1.00    0.047    0.166   0.050   0.165
24.97   1.00    0.047    0.165   0.050   0.164

24.98   0.00    0.165    0.164   0.032   0.036   0.002   0.006   0.082   0.006   0.000   0.000   0.000 1557952000
24.98   4.17   45.355
24.98   1.00    0.046    0.004
24.98   1.00    0.050   40.401
24.98   1.00    0.047    0.166   0.050   0.165
24.98   1.00    0.047    0.165   0.050   0.164

24.99   0.00    0.165    0.164   0.032   0.036   0.002   0.006   0.082   0.006   0.000   0.000   0.000 1558576000
24.99   4.17   45.352
24.99   1.00    0.046    0.004
24.99   1.00    0.050   40.399
24.99   1.00    0.047    0.166   0.050   0.165
24.99   1.00    0.047    0.165   0.050   0.164

25.00   0.00    0.165    0.164   0.032   0.036   0.002   0.006   0.082   0.006   0.000   0.000   0.000 1559199000
25.00   4.17   45.349
25.00   1.00    0.046    0.004
25.00   1.00    0.050   40.397
25.00   1.00    0.047    0.166   0.050   0.165
25.00   1.00    0.047    0.165   0.050   0.164
