
                -------->  BODY TRANSITIONING TO TURBULENT FLOW  <--------

 0.01   0.00    0.396    0.383   0.166   0.010   0.069  0.077   0.075   0.000   0.000     623680
 0.01  14.90   82.389
 0.01   9.00    2.101    0.535
 0.01   9.00    2.636   79.442
 0.01   9.00    2.540    0.813   2.636   0.406
 0.01   9.00    2.542    0.800   2.636   0.393

 0.02   0.00    0.404    0.391   0.224   0.013   0.060  0.054   0.053   0.000   0.000    1247360
 0.02  14.90   82.389
 0.02   9.00    2.101    0.535
 0.02   9.00    2.636   79.442
 0.02   9.00    2.539    0.821   2.636   0.414
 0.02   9.00    2.541    0.808   2.636   0.401

 0.03   0.00    0.395    0.382   0.235   0.014   0.058  0.044   0.043   0.000   0.000    1871039
 0.03  14.90   82.389
 0.03   9.00    2.101    0.535
 0.03   9.00    2.636   79.442
 0.03   9.00    2.540    0.812   2.636   0.405
 0.03   9.00    2.542    0.799   2.636   0.391

 0.04   0.00    0.385    0.372   0.238   0.014   0.058  0.038   0.037   0.000   0.000    2494719
 0.04  14.90   82.389
 0.04   9.00    2.101    0.535
 0.04   9.00    2.636   79.442
 0.04   9.00    2.542    0.802   2.636   0.395
 0.04   9.00    2.544    0.789   2.636   0.382

 0.05   0.00    0.377    0.364   0.237   0.014   0.058  0.034   0.034   0.000   0.000    3118399
 0.05  14.90   82.389
 0.05   9.00    2.101    0.535
 0.05   9.00    2.636   79.442
 0.05   9.00    2.543    0.794   2.636   0.386
 0.05   9.00    2.545    0.781   2.636   0.373

 0.06   0.00    0.374    0.361   0.235   0.014   0.058  0.034   0.033   0.000   0.000    3742079
 0.06  14.90   82.389
 0.06   9.00    2.101    0.535
 0.06   9.00    2.636   79.442
 0.06   9.00    2.544    0.791   2.636   0.384
 0.06   9.00    2.546    0.778   2.636   0.370

 0.07   0.00    0.372    0.359   0.233   0.014   0.058  0.034   0.033   0.000   0.000    4365758
 0.07  14.90   82.389
 0.07   9.00    2.101    0.535
 0.07   9.00    2.636   79.442
 0.07   9.00    2.544    0.789   2.636   0.382
 0.07   9.00    2.546    0.776   2.636   0.368

 0.08   0.00    0.370    0.357   0.231   0.013   0.059  0.034   0.033   0.000   0.000    4989438
 0.08  14.90   82.389
 0.08   9.00    2.101    0.535
 0.08   9.00    2.636   79.442
 0.08   9.00    2.544    0.787   2.636   0.380
 0.08   9.00    2.546    0.774   2.636   0.366

 0.09   0.00    0.368    0.355   0.229   0.013   0.059  0.034   0.033   0.000   0.000    5613118
 0.09  14.90   82.389
 0.09   9.00    2.101    0.535
 0.09   9.00    2.636   79.442
 0.09   9.00    2.545    0.785   2.636   0.378
 0.09   9.00    2.547    0.772   2.636   0.364

 0.10   0.00    0.367    0.355   0.228   0.013   0.059  0.034   0.033   0.000   0.000    6236798
 0.10  14.90   82.389
 0.10   9.00    2.101    0.535
 0.10   9.00    2.636   79.442
 0.10   9.00    2.545    0.784   2.636   0.377
 0.10   9.00    2.547    0.771   2.636   0.363

 0.11   0.00    0.367    0.355   0.228   0.013   0.059  0.034   0.033   0.000   0.000    6860478
 0.11  14.90   82.389
 0.11   9.00    2.101    0.535
 0.11   9.00    2.636   79.442
 0.11   9.00    2.545    0.784   2.636   0.377
 0.11   9.00    2.547    0.771   2.636   0.363

 0.12   0.00    0.367    0.354   0.228   0.013   0.059  0.034   0.033   0.000   0.000    7484158
 0.12  14.90   82.389
 0.12   9.00    2.101    0.535
 0.12   9.00    2.636   79.442
 0.12   9.00    2.545    0.784   2.636   0.377
 0.12   9.00    2.547    0.771   2.636   0.363

 0.13   0.00    0.367    0.354   0.228   0.013   0.059  0.034   0.033   0.000   0.000    8107837
 0.13  14.90   82.389
 0.13   9.00    2.101    0.535
 0.13   9.00    2.636   79.442
 0.13   9.00    2.545    0.784   2.636   0.377
 0.13   9.00    2.547    0.771   2.636   0.363

 0.14   0.00    0.367    0.354   0.228   0.013   0.059  0.034   0.033   0.000   0.000    8731517
 0.14  14.90   82.389
 0.14   9.00    2.101    0.535
 0.14   9.00    2.636   79.442
 0.14   9.00    2.545    0.784   2.636   0.377
 0.14   9.00    2.547    0.771   2.636   0.363

                -------->  FINS TRANSITIONING TO TURBULENT FLOW  <--------

 0.15   0.00    0.367    0.354   0.228   0.013   0.059  0.034   0.033   0.000   0.000    9355197
 0.15  14.90   82.389
 0.15   9.00    2.101    0.535
 0.15   9.00    2.636   79.442
 0.15   9.00    2.545    0.784   2.636   0.376
 0.15   9.00    2.547    0.771   2.636   0.363

 0.16   0.00    0.367    0.354   0.228   0.013   0.059  0.034   0.033   0.000   0.000    9978877
 0.16  14.90   82.389
 0.16   9.00    2.101    0.535
 0.16   9.00    2.636   79.442
 0.16   9.00    2.545    0.784   2.636   0.376
 0.16   9.00    2.547    0.771   2.636   0.363

 0.17   0.00    0.367    0.354   0.228   0.013   0.059  0.034   0.033   0.000   0.000   10602560
 0.17  14.90   82.389
 0.17   9.00    2.101    0.535
 0.17   9.00    2.636   79.442
 0.17   9.00    2.545    0.784   2.636   0.376
 0.17   9.00    2.547    0.771   2.636   0.363

 0.18   0.00    0.367    0.354   0.228   0.013   0.059  0.034   0.033   0.000   0.000   11226240
 0.18  14.90   82.389
 0.18   9.00    2.101    0.535
 0.18   9.00    2.636   79.442
 0.18   9.00    2.545    0.784   2.636   0.376
 0.18   9.00    2.547    0.771   2.636   0.363

 0.19   0.00    0.367    0.354   0.228   0.013   0.059  0.034   0.033   0.000   0.000   11849920
 0.19  14.90   82.389
 0.19   9.00    2.101    0.535
 0.19   9.00    2.636   79.442
 0.19   9.00    2.545    0.784   2.636   0.376
 0.19   9.00    2.547    0.771   2.636   0.363

 0.20   0.00    0.367    0.354   0.228   0.013   0.059  0.034   0.033   0.000   0.000   12473600
 0.20  14.90   82.389
 0.20   9.00    2.101    0.535
 0.20   9.00    2.636   79.442
 0.20   9.00    2.545    0.784   2.636   0.376
 0.20   9.00    2.547    0.771   2.636   0.363

 0.21   0.00    0.367    0.354   0.228   0.013   0.059  0.034   0.033   0.000   0.000   13097280
 0.21  14.90   82.389
 0.21   9.00    2.101    0.535
 0.21   9.00    2.636   79.442
 0.21   9.00    2.545    0.784   2.636   0.376
 0.21   9.00    2.547    0.771   2.636   0.363

 0.22   0.00    0.367    0.354   0.228   0.013   0.059  0.034   0.033   0.000   0.000   13720960
 0.22  14.90   82.389
 0.22   9.00    2.101    0.535
 0.22   9.00    2.636   79.442
 0.22   9.00    2.545    0.784   2.636   0.376
 0.22   9.00    2.547    0.771   2.636   0.363

 0.23   0.00    0.367    0.354   0.228   0.013   0.059  0.034   0.033   0.000   0.000   14344640
 0.23  14.90   82.389
 0.23   9.00    2.101    0.535
 0.23   9.00    2.636   79.442
 0.23   9.00    2.545    0.784   2.636   0.376
 0.23   9.00    2.547    0.771   2.636   0.363

 0.24   0.00    0.367    0.354   0.228   0.013   0.059  0.034   0.033   0.000   0.000   14968320
 0.24  14.90   82.389
 0.24   9.00    2.101    0.535
 0.24   9.00    2.636   79.442
 0.24   9.00    2.545    0.784   2.636   0.376
 0.24   9.00    2.547    0.771   2.636   0.363

 0.25   0.00    0.367    0.354   0.228   0.013   0.059  0.034   0.033   0.000   0.000   15592000
 0.25  14.90   82.389
 0.25   9.00    2.101    0.535
 0.25   9.00    2.636   79.442
 0.25   9.00    2.545    0.784   2.636   0.376
 0.25   9.00    2.547    0.771   2.636   0.363

 0.26   0.00    0.367    0.354   0.228   0.013   0.059  0.034   0.033   0.000   0.000   16215670
 0.26  14.90   82.389
 0.26   9.00    2.101    0.535
 0.26   9.00    2.636   79.442
 0.26   9.00    2.545    0.784   2.636   0.376
 0.26   9.00    2.547    0.771   2.636   0.363

 0.27   0.00    0.367    0.354   0.228   0.013   0.059  0.034   0.033   0.000   0.000   16839360
 0.27  14.90   82.389
 0.27   9.00    2.101    0.535
 0.27   9.00    2.636   79.442
 0.27   9.00    2.545    0.784   2.636   0.376
 0.27   9.00    2.547    0.771   2.636   0.363

 0.28   0.00    0.367    0.354   0.228   0.013   0.059  0.034   0.033   0.000   0.000   17463030
 0.28  14.90   82.389
 0.28   9.00    2.101    0.535
 0.28   9.00    2.636   79.442
 0.28   9.00    2.545    0.784   2.636   0.376
 0.28   9.00    2.547    0.771   2.636   0.363

 0.29   0.00    0.367    0.354   0.228   0.013   0.059  0.034   0.033   0.000   0.000   18086710
 0.29  14.90   82.389
 0.29   9.00    2.101    0.535
 0.29   9.00    2.636   79.442
 0.29   9.00    2.545    0.784   2.636   0.377
 0.29   9.00    2.547    0.771   2.636   0.363

 0.30   0.00    0.367    0.355   0.228   0.013   0.059  0.034   0.033   0.000   0.000   18710390
 0.30  14.90   82.389
 0.30   9.00    2.101    0.535
 0.30   9.00    2.636   79.442
 0.30   9.00    2.545    0.784   2.636   0.377
 0.30   9.00    2.547    0.771   2.636   0.363

 0.31   0.00    0.368    0.355   0.227   0.013   0.059  0.034   0.033   0.000   0.000   19334070
 0.31  14.90   82.389
 0.31   9.00    2.101    0.535
 0.31   9.00    2.636   79.442
 0.31   9.00    2.545    0.785   2.636   0.377
 0.31   9.00    2.547    0.771   2.636   0.364

 0.32   0.00    0.368    0.355   0.227   0.013   0.059  0.034   0.034   0.000   0.000   19957750
 0.32  14.90   82.389
 0.32   9.00    2.101    0.535
 0.32   9.00    2.636   79.442
 0.32   9.00    2.545    0.785   2.636   0.377
 0.32   9.00    2.547    0.772   2.636   0.364

 0.33   0.00    0.368    0.355   0.227   0.013   0.059  0.034   0.034   0.000   0.000   20581430
 0.33  14.90   82.389
 0.33   9.00    2.101    0.535
 0.33   9.00    2.636   79.442
 0.33   9.00    2.545    0.785   2.636   0.377
 0.33   9.00    2.547    0.772   2.636   0.364

 0.34   0.00    0.368    0.355   0.227   0.013   0.059  0.034   0.034   0.000   0.000   21205110
 0.34  14.90   82.389
 0.34   9.00    2.101    0.535
 0.34   9.00    2.636   79.442
 0.34   9.00    2.545    0.785   2.636   0.377
 0.34   9.00    2.547    0.772   2.636   0.364

 0.35   0.00    0.368    0.355   0.227   0.013   0.059  0.035   0.034   0.000   0.000   21828790
 0.35  14.90   82.389
 0.35   9.00    2.101    0.535
 0.35   9.00    2.636   79.442
 0.35   9.00    2.545    0.785   2.636   0.377
 0.35   9.00    2.547    0.772   2.636   0.364

 0.36   0.00    0.368    0.355   0.227   0.013   0.059  0.035   0.034   0.000   0.000   22452470
 0.36  14.90   82.389
 0.36   9.00    2.101    0.535
 0.36   9.00    2.636   79.442
 0.36   9.00    2.545    0.785   2.636   0.377
 0.36   9.00    2.547    0.772   2.636   0.364

 0.37   0.00    0.368    0.355   0.227   0.013   0.059  0.035   0.034   0.000   0.000   23076150
 0.37  14.90   82.389
 0.37   9.00    2.101    0.535
 0.37   9.00    2.636   79.442
 0.37   9.00    2.545    0.785   2.636   0.377
 0.37   9.00    2.547    0.772   2.636   0.364

 0.38   0.00    0.368    0.355   0.227   0.013   0.059  0.035   0.034   0.000   0.000   23699830
 0.38  14.90   82.389
 0.38   9.00    2.101    0.535
 0.38   9.00    2.636   79.442
 0.38   9.00    2.545    0.785   2.636   0.378
 0.38   9.00    2.547    0.772   2.636   0.364

 0.39   0.00    0.368    0.356   0.227   0.013   0.059  0.035   0.034   0.000   0.000   24323510
 0.39  14.90   82.389
 0.39   9.00    2.101    0.535
 0.39   9.00    2.636   79.442
 0.39   9.00    2.545    0.785   2.636   0.378
 0.39   9.00    2.547    0.772   2.636   0.364

 0.40   0.00    0.369    0.356   0.227   0.013   0.059  0.035   0.034   0.000   0.000   24947190
 0.40  14.90   82.389
 0.40   9.00    2.101    0.535
 0.40   9.00    2.636   79.442
 0.40   9.00    2.545    0.786   2.636   0.378
 0.40   9.00    2.547    0.773   2.636   0.365

 0.41   0.00    0.369    0.356   0.227   0.013   0.059  0.035   0.034   0.000   0.000   25570870
 0.41  14.90   82.389
 0.41   9.00    2.101    0.535
 0.41   9.00    2.636   79.442
 0.41   9.00    2.545    0.786   2.636   0.378
 0.41   9.00    2.547    0.773   2.636   0.365

 0.42   0.00    0.369    0.356   0.227   0.013   0.059  0.035   0.034   0.000   0.000   26194550
 0.42  14.90   82.389
 0.42   9.00    2.101    0.535
 0.42   9.00    2.636   79.442
 0.42   9.00    2.545    0.786   2.636   0.378
 0.42   9.00    2.547    0.773   2.636   0.365

 0.43   0.00    0.369    0.356   0.227   0.013   0.059  0.035   0.034   0.000   0.000   26818230
 0.43  14.90   82.389
 0.43   9.00    2.101    0.535
 0.43   9.00    2.636   79.442
 0.43   9.00    2.545    0.786   2.636   0.378
 0.43   9.00    2.547    0.773   2.636   0.365

 0.44   0.00    0.369    0.356   0.227   0.013   0.059  0.035   0.034   0.000   0.000   27441910
 0.44  14.90   82.389
 0.44   9.00    2.101    0.535
 0.44   9.00    2.636   79.442
 0.44   9.00    2.545    0.786   2.636   0.378
 0.44   9.00    2.547    0.773   2.636   0.365

 0.45   0.00    0.369    0.356   0.227   0.013   0.059  0.035   0.035   0.000   0.000   28065590
 0.45  14.90   82.389
 0.45   9.00    2.101    0.535
 0.45   9.00    2.636   79.442
 0.45   9.00    2.544    0.786   2.636   0.378
 0.45   9.00    2.547    0.773   2.636   0.365

 0.46   0.00    0.369    0.356   0.227   0.013   0.059  0.035   0.035   0.000   0.000   28689270
 0.46  14.90   82.389
 0.46   9.00    2.101    0.535
 0.46   9.00    2.636   79.442
 0.46   9.00    2.544    0.786   2.636   0.379
 0.46   9.00    2.547    0.773   2.636   0.365

 0.47   0.00    0.369    0.356   0.227   0.013   0.059  0.035   0.035   0.000   0.000   29312950
 0.47  14.90   82.389
 0.47   9.00    2.101    0.535
 0.47   9.00    2.636   79.442
 0.47   9.00    2.544    0.786   2.636   0.379
 0.47   9.00    2.547    0.773   2.636   0.365

 0.48   0.00    0.369    0.357   0.227   0.013   0.059  0.036   0.035   0.000   0.000   29936630
 0.48  14.90   82.389
 0.48   9.00    2.101    0.535
 0.48   9.00    2.636   79.442
 0.48   9.00    2.544    0.786   2.636   0.379
 0.48   9.00    2.546    0.773   2.636   0.366

 0.49   0.00    0.370    0.357   0.227   0.013   0.059  0.036   0.035   0.000   0.000   30560310
 0.49  14.90   82.389
 0.49   9.00    2.101    0.535
 0.49   9.00    2.636   79.442
 0.49   9.00    2.544    0.787   2.636   0.379
 0.49   9.00    2.546    0.774   2.636   0.366

 0.50   0.00    0.370    0.357   0.227   0.013   0.059  0.036   0.035   0.000   0.000   31183990
 0.50  14.90   82.389
 0.50   9.00    2.101    0.535
 0.50   9.00    2.636   79.442
 0.50   9.00    2.544    0.787   2.636   0.379
 0.50   9.00    2.546    0.774   2.636   0.366

 0.51   0.00    0.370    0.357   0.227   0.013   0.059  0.036   0.035   0.000   0.000   31807670
 0.51  14.90   82.389
 0.51   9.00    2.101    0.535
 0.51   9.00    2.636   79.442
 0.51   9.00    2.544    0.787   2.636   0.379
 0.51   9.00    2.546    0.774   2.636   0.366

 0.52   0.00    0.370    0.357   0.227   0.013   0.059  0.036   0.035   0.000   0.000   32431350
 0.52  14.90   82.389
 0.52   9.00    2.101    0.535
 0.52   9.00    2.636   79.442
 0.52   9.00    2.544    0.787   2.636   0.379
 0.52   9.00    2.546    0.774   2.636   0.366

 0.53   0.00    0.370    0.357   0.227   0.013   0.059  0.036   0.035   0.000   0.000   33055030
 0.53  14.90   82.389
 0.53   9.00    2.101    0.535
 0.53   9.00    2.636   79.442
 0.53   9.00    2.544    0.787   2.636   0.379
 0.53   9.00    2.546    0.774   2.636   0.366

 0.54   0.00    0.370    0.357   0.227   0.013   0.059  0.036   0.035   0.000   0.000   33678710
 0.54  14.90   82.389
 0.54   9.00    2.101    0.535
 0.54   9.00    2.636   79.442
 0.54   9.00    2.544    0.787   2.636   0.379
 0.54   9.00    2.546    0.774   2.636   0.366

 0.55   0.00    0.370    0.357   0.227   0.013   0.059  0.036   0.035   0.000   0.000   34302390
 0.55  14.90   82.389
 0.55   9.00    2.101    0.535
 0.55   9.00    2.636   79.442
 0.55   9.00    2.544    0.787   2.636   0.380
 0.55   9.00    2.546    0.774   2.636   0.366

 0.56   0.00    0.370    0.357   0.227   0.013   0.059  0.036   0.035   0.000   0.000   34926070
 0.56  14.90   82.389
 0.56   9.00    2.101    0.535
 0.56   9.00    2.636   79.442
 0.56   9.00    2.544    0.787   2.636   0.380
 0.56   9.00    2.546    0.774   2.636   0.366

 0.57   0.00    0.370    0.358   0.226   0.013   0.059  0.036   0.035   0.000   0.000   35549750
 0.57  14.90   82.389
 0.57   9.00    2.101    0.535
 0.57   9.00    2.636   79.442
 0.57   9.00    2.544    0.787   2.636   0.380
 0.57   9.00    2.546    0.774   2.636   0.367

 0.58   0.00    0.371    0.358   0.226   0.013   0.059  0.036   0.035   0.000   0.000   36173430
 0.58  14.90   82.389
 0.58   9.00    2.101    0.535
 0.58   9.00    2.636   79.442
 0.58   9.00    2.544    0.788   2.636   0.380
 0.58   9.00    2.546    0.775   2.636   0.367

 0.59   0.00    0.371    0.358   0.226   0.013   0.059  0.036   0.036   0.000   0.000   36797110
 0.59  14.90   82.389
 0.59   9.00    2.101    0.535
 0.59   9.00    2.636   79.442
 0.59   9.00    2.544    0.788   2.636   0.380
 0.59   9.00    2.546    0.774   2.636   0.367

 0.60   0.00    0.371    0.357   0.226   0.013   0.059  0.036   0.036   0.000   0.000   37420790
 0.60  14.90   82.389
 0.60   9.00    2.101    0.535
 0.60   9.00    2.636   79.442
 0.60   9.00    2.544    0.788   2.636   0.380
 0.60   9.00    2.546    0.774   2.636   0.366

 0.61   0.00    0.371    0.358   0.226   0.013   0.059  0.037   0.036   0.000   0.000   38044470
 0.61  14.90   82.389
 0.61   9.00    2.101    0.535
 0.61   9.00    2.636   79.442
 0.61   9.00    2.544    0.788   2.636   0.381
 0.61   9.00    2.546    0.774   2.636   0.367

 0.62   0.00    0.372    0.358   0.226   0.013   0.059  0.037   0.036   0.000   0.000   38668150
 0.62  14.90   82.389
 0.62   9.00    2.101    0.535
 0.62   9.00    2.636   79.442
 0.62   9.00    2.544    0.789   2.636   0.381
 0.62   9.00    2.546    0.774   2.636   0.367

 0.63   0.00    0.372    0.358   0.226   0.013   0.059  0.037   0.036   0.000   0.000   39291830
 0.63  14.90   82.389
 0.63   9.00    2.101    0.535
 0.63   9.00    2.636   79.442
 0.63   9.00    2.544    0.789   2.636   0.381
 0.63   9.00    2.546    0.775   2.636   0.367

 0.64   0.00    0.372    0.358   0.226   0.013   0.059  0.037   0.036   0.000   0.000   39915510
 0.64  14.90   82.389
 0.64   9.00    2.101    0.534
 0.64   9.00    2.636   79.444
 0.64   9.00    2.544    0.789   2.636   0.382
 0.64   9.00    2.546    0.775   2.636   0.367

 0.65   0.00    0.373    0.358   0.226   0.013   0.059  0.037   0.037   0.000   0.000   40539180
 0.65  14.90   82.389
 0.65   9.00    2.101    0.530
 0.65   9.00    2.631   79.484
 0.65   9.00    2.539    0.789   2.631   0.382
 0.65   9.00    2.542    0.774   2.631   0.367

 0.66   0.00    0.373    0.358   0.226   0.013   0.059  0.038   0.037   0.000   0.000   41162870
 0.66  14.90   82.389
 0.66   9.00    2.101    0.526
 0.66   9.00    2.627   79.523
 0.66   9.00    2.535    0.789   2.627   0.382
 0.66   9.00    2.537    0.773   2.627   0.367

 0.67   0.00    0.373    0.358   0.226   0.013   0.059  0.038   0.037   0.000   0.000   41786550
 0.67  14.90   82.389
 0.67   9.00    2.101    0.521
 0.67   9.00    2.623   79.562
 0.67   9.00    2.530    0.788   2.623   0.383
 0.67   9.00    2.533    0.773   2.623   0.367

 0.68   0.00    0.374    0.358   0.226   0.013   0.059  0.038   0.037   0.000   0.000   42410230
 0.68  14.90   82.389
 0.68   9.00    2.101    0.517
 0.68   9.00    2.618   79.602
 0.68   9.00    2.526    0.788   2.618   0.383
 0.68   9.00    2.528    0.772   2.618   0.367

 0.69   0.00    0.374    0.358   0.226   0.013   0.059  0.038   0.037   0.000   0.000   43033900
 0.69  14.90   82.389
 0.69   9.00    2.101    0.512
 0.69   9.00    2.614   79.642
 0.69   9.00    2.522    0.788   2.614   0.384
 0.69   9.00    2.524    0.772   2.614   0.367

 0.70   0.00    0.375    0.359   0.226   0.013   0.059  0.038   0.038   0.000   0.000   43657580
 0.70  14.90   82.389
 0.70   9.00    2.101    0.508
 0.70   9.00    2.609   79.682
 0.70   9.00    2.517    0.787   2.609   0.384
 0.70   9.00    2.520    0.771   2.609   0.368

 0.71   0.00    0.375    0.359   0.226   0.013   0.059  0.039   0.038   0.000   0.000   44281260
 0.71  14.90   82.389
 0.71   9.00    2.101    0.504
 0.71   9.00    2.605   79.721
 0.71   9.00    2.513    0.787   2.605   0.384
 0.71   9.00    2.515    0.771   2.605   0.368

 0.72   0.00    0.375    0.359   0.226   0.013   0.059  0.039   0.038   0.000   0.000   44904950
 0.72  14.90   82.389
 0.72   9.00    2.101    0.499
 0.72   9.00    2.600   79.762
 0.72   9.00    2.508    0.787   2.600   0.385
 0.72   9.00    2.511    0.770   2.600   0.368

 0.73   0.00    0.376    0.359   0.226   0.013   0.059  0.039   0.038   0.000   0.000   45528630
 0.73  14.90   82.389
 0.73   9.00    2.101    0.495
 0.73   9.00    2.596   79.802
 0.73   9.00    2.504    0.786   2.596   0.385
 0.73   9.00    2.507    0.769   2.596   0.368

 0.74   0.00    0.376    0.359   0.226   0.013   0.059  0.039   0.038   0.000   0.000   46152300
 0.74  14.90   82.389
 0.74   9.00    2.101    0.490
 0.74   9.00    2.592   79.842
 0.74   9.00    2.499    0.786   2.592   0.385
 0.74   9.00    2.502    0.769   2.592   0.368

 0.75   0.00    0.376    0.359   0.226   0.013   0.059  0.040   0.039   0.000   0.000   46775980
 0.75  14.90   82.389
 0.75   9.00    2.101    0.486
 0.75   9.00    2.587   79.883
 0.75   9.00    2.495    0.786   2.587   0.386
 0.75   9.00    2.498    0.768   2.587   0.368

 0.76   0.00    0.377    0.359   0.226   0.013   0.059  0.040   0.039   0.000   0.000   47399660
 0.76  14.90   82.389
 0.76   9.00    2.101    0.481
 0.76   9.00    2.583   79.923
 0.76   9.00    2.491    0.786   2.583   0.386
 0.76   9.00    2.493    0.768   2.583   0.368

 0.77   0.00    0.377    0.359   0.226   0.013   0.059  0.040   0.039   0.000   0.000   48023340
 0.77  14.90   82.389
 0.77   9.00    2.101    0.477
 0.77   9.00    2.578   79.964
 0.77   9.00    2.486    0.785   2.578   0.387
 0.77   9.00    2.489    0.767   2.578   0.368

 0.78   0.00    0.378    0.359   0.226   0.013   0.059  0.040   0.039   0.000   0.000   48647020
 0.78  14.90   82.389
 0.78   9.00    2.101    0.473
 0.78   9.00    2.574   80.005
 0.78   9.00    2.482    0.785   2.574   0.387
 0.78   9.00    2.485    0.767   2.574   0.368

 0.79   0.00    0.378    0.359   0.226   0.013   0.059  0.040   0.039   0.000   0.000   49270700
 0.79  14.90   82.389
 0.79   9.00    2.101    0.468
 0.79   9.00    2.570   80.046
 0.79   9.00    2.477    0.785   2.570   0.387
 0.79   9.00    2.480    0.766   2.570   0.369

 0.80   0.00    0.378    0.360   0.226   0.013   0.059  0.041   0.040   0.000   0.000   49894380
 0.80  14.90   82.389
 0.80   9.00    2.101    0.464
 0.80   9.00    2.565   80.087
 0.80   9.00    2.473    0.784   2.565   0.388
 0.80   9.00    2.476    0.765   2.565   0.369

 0.81   0.00    0.379    0.360   0.226   0.013   0.059  0.041   0.040   0.000   0.000   50518060
 0.81  14.90   82.389
 0.81   9.00    2.101    0.459
 0.81   9.00    2.561   80.129
 0.81   9.00    2.468    0.784   2.561   0.388
 0.81   9.00    2.472    0.765   2.561   0.369

 0.82   0.00    0.379    0.360   0.226   0.013   0.059  0.041   0.040   0.000   0.000   51141740
 0.82  14.90   82.389
 0.82   9.00    2.101    0.455
 0.82   9.00    2.556   80.170
 0.82   9.00    2.464    0.784   2.556   0.389
 0.82   9.00    2.467    0.764   2.556   0.369

 0.83   0.00    0.379    0.360   0.226   0.013   0.059  0.041   0.040   0.000   0.000   51765420
 0.83  14.90   82.389
 0.83   9.00    2.101    0.451
 0.83   9.00    2.552   80.212
 0.83   9.00    2.460    0.783   2.552   0.389
 0.83   9.00    2.463    0.764   2.552   0.369

 0.84   0.00    0.380    0.360   0.225   0.013   0.059  0.041   0.040   0.000   0.000   52389100
 0.84  14.90   82.389
 0.84   9.00    2.101    0.446
 0.84   9.00    2.547   80.254
 0.84   9.00    2.455    0.783   2.547   0.389
 0.84   9.00    2.458    0.763   2.547   0.369

 0.85   0.00    0.380    0.360   0.225   0.013   0.059  0.042   0.041   0.000   0.000   53012780
 0.85  14.90   82.389
 0.85   9.00    2.101    0.442
 0.85   9.00    2.543   80.296
 0.85   9.00    2.451    0.783   2.543   0.390
 0.85   9.00    2.454    0.762   2.543   0.369

 0.86   0.00    0.380    0.360   0.225   0.013   0.059  0.042   0.041   0.000   0.000   53636460
 0.86  14.90   82.389
 0.86   9.00    2.101    0.437
 0.86   9.00    2.539   80.338
 0.86   9.00    2.446    0.782   2.539   0.390
 0.86   9.00    2.450    0.762   2.539   0.369

 0.87   0.00    0.381    0.360   0.225   0.013   0.059  0.042   0.041   0.000   0.000   54260140
 0.87  14.90   82.389
 0.87   9.00    2.101    0.433
 0.87   9.00    2.534   80.380
 0.87   9.00    2.442    0.782   2.534   0.390
 0.87   9.00    2.445    0.761   2.534   0.369

 0.88   0.00    0.381    0.360   0.225   0.013   0.059  0.042   0.041   0.000   0.000   54883820
 0.88  14.90   82.389
 0.88   9.00    2.101    0.428
 0.88   9.00    2.530   80.422
 0.88   9.00    2.438    0.782   2.530   0.391
 0.88   9.00    2.441    0.761   2.530   0.370

 0.89   0.00    0.382    0.361   0.225   0.013   0.059  0.042   0.041   0.000   0.000   55507500
 0.89  14.90   82.389
 0.89   9.00    2.101    0.424
 0.89   9.00    2.525   80.465
 0.89   9.00    2.433    0.781   2.525   0.391
 0.89   9.00    2.437    0.760   2.525   0.370

 0.90   0.00    0.382    0.361   0.225   0.013   0.059  0.043   0.042   0.000   0.000   56131180
 0.90  14.90   82.389
 0.90   9.00    2.101    0.420
 0.90   9.00    2.521   80.508
 0.90   9.00    2.429    0.781   2.521   0.392
 0.90   9.00    2.432    0.760   2.521   0.370

 0.91   0.00    0.385    0.363   56754860
 0.91  14.72   82.325
 0.91   9.00    2.072    0.415
 0.91   9.00    2.488   80.473
 0.91   9.00    2.395    0.779   2.488   0.394
 0.91   9.00    2.399    0.757   2.488   0.372

 0.92   0.00    0.392    0.371   57378540
 0.92  14.53   82.261
 0.92   9.00    2.043    0.411
 0.92   9.00    2.454   80.439
 0.92   9.00    2.361    0.781   2.454   0.402
 0.92   9.00    2.364    0.759   2.454   0.380

 0.93   0.00    0.405    0.382   58002220
 0.93  14.35   82.197
 0.93   9.00    2.014    0.406
 0.93   9.00    2.421   80.405
 0.93   9.00    2.326    0.788   2.421   0.415
 0.93   9.00    2.329    0.765   2.421   0.391

 0.94   0.00    0.417    0.393   58625900
 0.94  14.16   82.133
 0.94   9.00    1.985    0.402
 0.94   9.00    2.387   80.371
 0.94   9.00    2.291    0.796   2.387   0.428
 0.94   9.00    2.295    0.772   2.387   0.403

 0.95   0.00    0.430    0.405   59249580
 0.95  13.98   82.069
 0.95   9.00    1.956    0.398
 0.95   9.00    2.354   80.337
 0.95   9.00    2.256    0.804   2.354   0.441
 0.95   9.00    2.260    0.778   2.354   0.415

 0.96   0.00    0.443    0.417   59873260
 0.96  13.79   82.005
 0.96   9.00    1.927    0.393
 0.96   9.00    2.320   80.303
 0.96   9.00    2.220    0.811   2.320   0.454
 0.96   9.00    2.225    0.785   2.320   0.427

 0.97   0.00    0.456    0.428   60496940
 0.97  13.60   81.941
 0.97   9.00    1.898    0.389
 0.97   9.00    2.287   80.269
 0.97   9.00    2.185    0.819   2.287   0.467
 0.97   9.00    2.190    0.791   2.287   0.439

 0.98   0.00    0.468    0.440   61120620
 0.98  13.42   81.877
 0.98   9.00    1.869    0.384
 0.98   9.00    2.253   80.235
 0.98   9.00    2.150    0.827   2.253   0.480
 0.98   9.00    2.155    0.798   2.253   0.451

 0.99   0.00    0.481    0.451   61744300
 0.99  13.23   81.813
 0.99   9.00    1.840    0.380
 0.99   9.00    2.220   80.201
 0.99   9.00    2.115    0.834   2.220   0.493
 0.99   9.00    2.120    0.804   2.220   0.463

 1.00   0.00    0.494    0.463   62367980
 1.00  13.05   81.749
 1.00   9.00    1.811    0.375
 1.00   9.00    2.186   80.167
 1.00   9.00    2.080    0.842   2.186   0.506
 1.00   9.00    2.085    0.810   2.186   0.474

 1.01   0.00    0.507    0.474   62991660
 1.01  12.86   81.685
 1.01   9.00    1.781    0.371
 1.01   9.00    2.153   80.133
 1.01   9.00    2.045    0.850   2.153   0.519
 1.01   9.00    2.050    0.817   2.153   0.486

 1.02   0.00    0.519    0.486   63615340
 1.02  12.68   81.621
 1.02   9.00    1.752    0.367
 1.02   9.00    2.119   80.099
 1.02   9.00    2.010    0.857   2.119   0.532
 1.02   9.00    2.015    0.823   2.119   0.498

 1.03   0.00    0.532    0.497   64239020
 1.03  12.49   81.557
 1.03   9.00    1.723    0.362
 1.03   9.00    2.086   80.065
 1.03   9.00    1.974    0.865   2.086   0.546
 1.03   9.00    1.980    0.830   2.086   0.510

 1.04   0.00    0.545    0.509   64862700
 1.04  12.31   81.493
 1.04   9.00    1.694    0.358
 1.04   9.00    2.052   80.031
 1.04   9.00    1.939    0.873   2.052   0.559
 1.04   9.00    1.945    0.836   2.052   0.522

 1.05   0.00    0.558    0.521   0.221   0.053   0.210   0.037   0.000   0.036   0.000   0.000   0.000  65486380
 1.05  12.12   81.429
 1.05   9.00    1.665    0.353
 1.05   9.00    2.019   79.997
 1.05   9.00    1.904    0.880   2.019   0.572
 1.05   9.00    1.910    0.843   2.019   0.534

 1.06   0.00    0.557    0.520   0.220   0.053   0.210   0.037   0.000   0.036   0.000   0.000   0.000  66110060
 1.06  12.13   81.377
 1.06   9.00    1.667    0.349
 1.06   9.00    2.016   80.001
 1.06   9.00    1.902    0.879   2.016   0.571
 1.06   9.00    1.908    0.841   2.016   0.533

 1.07   0.00    0.556    0.519   0.219   0.053   0.210   0.037   0.000   0.036   0.000   0.000   0.000  66733740
 1.07  12.14   81.329
 1.07   9.00    1.668    0.345
 1.07   9.00    2.013   80.009
 1.07   9.00    1.899    0.877   2.013   0.569
 1.07   9.00    1.905    0.840   2.013   0.532

 1.08   0.00    0.554    0.518   0.218   0.053   0.210   0.037   0.000   0.036   0.000   0.000   0.000  67357420
 1.08  12.15   81.285
 1.08   9.00    1.669    0.340
 1.08   9.00    2.010   80.020
 1.08   9.00    1.896    0.876   2.010   0.568
 1.08   9.00    1.902    0.839   2.010   0.531

 1.09   0.00    0.553    0.517   0.218   0.053   0.210   0.037   0.000   0.036   0.000   0.000   0.000  67981100
 1.09  12.16   81.244
 1.09   9.00    1.671    0.336
 1.09   9.00    2.006   80.035
 1.09   9.00    1.893    0.874   2.006   0.567
 1.09   9.00    1.899    0.837   2.006   0.530

 1.10   0.00    0.552    0.516   0.217   0.053   0.210   0.037   0.000   0.036   0.000   0.000   0.000  68604780
 1.10  12.17   81.206
 1.10   9.00    1.672    0.331
 1.10   9.00    2.003   80.052
 1.10   9.00    1.890    0.873   2.003   0.566
 1.10   9.00    1.896    0.836   2.003   0.529

 1.11   0.00    0.551    0.515   0.216   0.053   0.210   0.037   0.000   0.036   0.000   0.000   0.000  69228460
 1.11  12.17   81.162
 1.11   9.00    1.672    0.327
 1.11   9.00    1.999   80.063
 1.11   9.00    1.886    0.871   1.999   0.565
 1.11   9.00    1.892    0.834   1.999   0.528

 1.12   0.00    0.550    0.514   0.215   0.053   0.210   0.036   0.000   0.036   0.000   0.000   0.000  69852140
 1.12  12.17   81.109
 1.12   9.00    1.672    0.323
 1.12   9.00    1.994   80.065
 1.12   9.00    1.881    0.869   1.994   0.564
 1.12   9.00    1.887    0.833   1.994   0.527

 1.13   0.00    0.549    0.513   0.214   0.053   0.210   0.036   0.000   0.036   0.000   0.000   0.000  70475820
 1.13  12.16   81.059
 1.13   9.00    1.671    0.318
 1.13   9.00    1.989   80.070
 1.13   9.00    1.877    0.867   1.989   0.563
 1.13   9.00    1.882    0.831   1.989   0.526

 1.14   0.00    0.548    0.512   0.214   0.053   0.210   0.036   0.000   0.035   0.000   0.000   0.000  71099500
 1.14  12.16   81.011
 1.14   9.00    1.671    0.314
 1.14   9.00    1.984   80.076
 1.14   9.00    1.872    0.865   1.984   0.562
 1.14   9.00    1.878    0.829   1.984   0.525

 1.15   0.00    0.547    0.511   0.213   0.052   0.210   0.036   0.000   0.035   0.000   0.000   0.000  71723180
 1.15  12.16   80.964
 1.15   9.00    1.670    0.309
 1.15   9.00    1.979   80.085
 1.15   9.00    1.867    0.863   1.979   0.561
 1.15   9.00    1.873    0.827   1.979   0.524

 1.16   0.00    0.545    0.510   0.212   0.052   0.209   0.036   0.000   0.035   0.000   0.000   0.000  72346860
 1.16  12.15   80.919
 1.16   9.00    1.670    0.305
 1.16   9.00    1.974   80.095
 1.16   9.00    1.863    0.861   1.974   0.559
 1.16   9.00    1.868    0.825   1.974   0.522

 1.17   0.00    0.543    0.508   0.211   0.052   0.208   0.036   0.000   0.035   0.000   0.000   0.000  72970540
 1.17  12.15   80.876
 1.17   9.00    1.669    0.300
 1.17   9.00    1.969   80.106
 1.17   9.00    1.858    0.858   1.969   0.557
 1.17   9.00    1.864    0.822   1.969   0.521

 1.18   0.00    0.541    0.506   0.211   0.052   0.207   0.036   0.000   0.035   0.000   0.000   0.000  73594220
 1.18  12.15   80.833
 1.18   9.00    1.669    0.296
 1.18   9.00    1.965   80.119
 1.18   9.00    1.854    0.855   1.965   0.555
 1.18   9.00    1.859    0.820   1.965   0.519

 1.19   0.00    0.539    0.504   0.210   0.052   0.206   0.036   0.000   0.035   0.000   0.000   0.000  74217900
 1.19  12.14   80.792
 1.19   9.00    1.668    0.292
 1.19   9.00    1.960   80.132
 1.19   9.00    1.849    0.852   1.960   0.553
 1.19   9.00    1.855    0.817   1.960   0.517

 1.20   0.00    0.537    0.502   0.209   0.052   0.205   0.036   0.000   0.035   0.000   0.000   0.000  74841580
 1.20  12.14   80.752
 1.20   9.00    1.667    0.287
 1.20   9.00    1.955   80.147
 1.20   9.00    1.844    0.850   1.955   0.551
 1.20   9.00    1.850    0.814   1.955   0.515

 1.21   0.00    0.535    0.500   0.208   0.052   0.205   0.036   0.000   0.035   0.000   0.000   0.000  75465260
 1.21  12.14   80.713
 1.21   9.00    1.667    0.283
 1.21   9.00    1.950   80.164
 1.21   9.00    1.840    0.847   1.950   0.549
 1.21   9.00    1.845    0.812   1.950   0.513

 1.22   0.00    0.533    0.498   0.208   0.052   0.204   0.035   0.000   0.035   0.000   0.000   0.000  76088940
 1.22  12.13   80.675
 1.22   9.00    1.666    0.278
 1.22   9.00    1.945   80.181
 1.22   9.00    1.835    0.844   1.945   0.547
 1.22   9.00    1.841    0.809   1.945   0.511

 1.23   0.00    0.531    0.496   0.207   0.052   0.203   0.035   0.000   0.035   0.000   0.000   0.000  76712620
 1.23  12.13   80.637
 1.23   9.00    1.666    0.274
 1.23   9.00    1.940   80.198
 1.23   9.00    1.831    0.841   1.940   0.545
 1.23   9.00    1.836    0.806   1.940   0.509

 1.24   0.00    0.529    0.495   0.206   0.052   0.202   0.035   0.000   0.035   0.000   0.000   0.000  77336300
 1.24  12.12   80.599
 1.24   9.00    1.665    0.270
 1.24   9.00    1.935   80.215
 1.24   9.00    1.826    0.839   1.935   0.543
 1.24   9.00    1.832    0.803   1.935   0.507

 1.25   0.00    0.527    0.493   0.205   0.052   0.201   0.035   0.000   0.034   0.000   0.000   0.000  77959980
 1.25  12.12   80.561
 1.25   9.00    1.665    0.265
 1.25   9.00    1.930   80.233
 1.25   9.00    1.821    0.836   1.930   0.541
 1.25   9.00    1.827    0.801   1.930   0.505

 1.26   0.00    0.526    0.491   0.205   0.052   0.200   0.035   0.000   0.034   0.000   0.000   0.000  78583660
 1.26  12.12   80.524
 1.26   9.00    1.664    0.261
 1.26   9.00    1.925   80.252
 1.26   9.00    1.817    0.833   1.925   0.539
 1.26   9.00    1.822    0.798   1.925   0.503

 1.27   0.00    0.524    0.489   0.204   0.051   0.199   0.035   0.000   0.034   0.000   0.000   0.000  79207340
 1.27  12.11   80.488
 1.27   9.00    1.663    0.256
 1.27   9.00    1.920   80.272
 1.27   9.00    1.812    0.830   1.920   0.537
 1.27   9.00    1.818    0.795   1.920   0.501

 1.28   0.00    0.522    0.487   0.203   0.051   0.198   0.035   0.000   0.034   0.000   0.000   0.000  79831020
 1.28  12.11   80.453
 1.28   9.00    1.663    0.252
 1.28   9.00    1.914   80.292
 1.28   9.00    1.807    0.828   1.914   0.535
 1.28   9.00    1.813    0.792   1.914   0.499

 1.29   0.00    0.520    0.485   0.202   0.051   0.197   0.035   0.000   0.034   0.000   0.000   0.000  80454690
 1.29  12.10   80.418
 1.29   9.00    1.662    0.247
 1.29   9.00    1.909   80.313
 1.29   9.00    1.803    0.825   1.909   0.533
 1.29   9.00    1.808    0.790   1.909   0.497

 1.30   0.00    0.518    0.483   0.202   0.051   0.197   0.035   0.000   0.034   0.000   0.000   0.000  81078370
 1.30  12.10   80.383
 1.30   9.00    1.661    0.243
 1.30   9.00    1.904   80.335
 1.30   9.00    1.798    0.822   1.904   0.531
 1.30   9.00    1.803    0.787   1.904   0.495

 1.31   0.00    0.516    0.481   0.201   0.051   0.196   0.035   0.000   0.034   0.000   0.000   0.000  81702050
 1.31  12.10   80.350
 1.31   9.00    1.661    0.239
 1.31   9.00    1.899   80.358
 1.31   9.00    1.793    0.820   1.899   0.529
 1.31   9.00    1.799    0.784   1.899   0.493

 1.32   0.00    0.514    0.480   0.200   0.051   0.195   0.035   0.000   0.034   0.000   0.000   0.000  82325740
 1.32  12.09   80.316
 1.32   9.00    1.660    0.234
 1.32   9.00    1.894   80.381
 1.32   9.00    1.788    0.817   1.894   0.527
 1.32   9.00    1.794    0.782   1.894   0.492

 1.33   0.00    0.513    0.478   0.199   0.051   0.194   0.034   0.001   0.034   0.000   0.000   0.000  82949420
 1.33  12.09   80.284
 1.33   9.00    1.659    0.230
 1.33   9.00    1.889   80.405
 1.33   9.00    1.784    0.815   1.889   0.526
 1.33   9.00    1.789    0.780   1.889   0.490

 1.34   0.00    0.512    0.477   0.199   0.051   0.193   0.034   0.001   0.034   0.000   0.000   0.000  83573100
 1.34  12.08   80.251
 1.34   9.00    1.659    0.225
 1.34   9.00    1.884   80.429
 1.34   9.00    1.779    0.813   1.884   0.524
 1.34   9.00    1.784    0.777   1.884   0.489

 1.35   0.00    0.510    0.476   0.198   0.051   0.192   0.034   0.002   0.033   0.000   0.000   0.000  84196780
 1.35  12.08   80.220
 1.35   9.00    1.658    0.221
 1.35   9.00    1.879   80.455
 1.35   9.00    1.774    0.811   1.879   0.523
 1.35   9.00    1.780    0.775   1.879   0.487

 1.36   0.00    0.509    0.474   0.197   0.051   0.191   0.034   0.002   0.033   0.000   0.000   0.000  84820460
 1.36  12.07   80.188
 1.36   9.00    1.657    0.217
 1.36   9.00    1.874   80.480
 1.36   9.00    1.769    0.809   1.874   0.522
 1.36   9.00    1.775    0.773   1.874   0.486

 1.37   0.00    0.508    0.473   0.196   0.051   0.191   0.034   0.003   0.033   0.000   0.000   0.000  85444140
 1.37  12.07   80.157
 1.37   9.00    1.657    0.212
 1.37   9.00    1.869   80.507
 1.37   9.00    1.764    0.807   1.869   0.521
 1.37   9.00    1.770    0.772   1.869   0.485

 1.38   0.00    0.507    0.472   0.196   0.051   0.190   0.034   0.004   0.033   0.000   0.000   0.000  86067810
 1.38  12.07   80.127
 1.38   9.00    1.656    0.208
 1.38   9.00    1.864   80.534
 1.38   9.00    1.760    0.805   1.864   0.520
 1.38   9.00    1.765    0.770   1.864   0.484

 1.39   0.00    0.506    0.471   0.195   0.050   0.189   0.034   0.005   0.033   0.000   0.000   0.000  86691490
 1.39  12.06   80.097
 1.39   9.00    1.655    0.203
 1.39   9.00    1.859   80.561
 1.39   9.00    1.755    0.803   1.859   0.519
 1.39   9.00    1.760    0.768   1.859   0.483

 1.40   0.00    0.505    0.471   0.194   0.050   0.188   0.034   0.006   0.033   0.000   0.000   0.000  87315170
 1.40  12.06   80.067
 1.40   9.00    1.655    0.199
 1.40   9.00    1.854   80.589
 1.40   9.00    1.750    0.802   1.854   0.518
 1.40   9.00    1.755    0.766   1.854   0.482

 1.41   0.00    0.505    0.470   0.194   0.050   0.187   0.034   0.007   0.033   0.000   0.000   0.000  87938850
 1.41  12.05   80.038
 1.41   9.00    1.654    0.194
 1.41   9.00    1.849   80.618
 1.41   9.00    1.745    0.800   1.849   0.517
 1.41   9.00    1.751    0.765   1.849   0.482

 1.42   0.00    0.504    0.469   0.193   0.050   0.186   0.034   0.008   0.033   0.000   0.000   0.000  88562530
 1.42  12.05   80.009
 1.42   9.00    1.654    0.190
 1.42   9.00    1.844   80.647
 1.42   9.00    1.740    0.799   1.844   0.517
 1.42   9.00    1.746    0.763   1.844   0.481

 1.43   0.00    0.503    0.469   0.192   0.050   0.186   0.033   0.009   0.033   0.000   0.000   0.000  89186210
 1.43  12.05   79.980
 1.43   9.00    1.653    0.186
 1.43   9.00    1.838   80.677
 1.43   9.00    1.735    0.797   1.838   0.516
 1.43   9.00    1.741    0.762   1.838   0.480

 1.44   0.00    0.503    0.468   0.191   0.050   0.185   0.033   0.011   0.033   0.000   0.000   0.000  89809900
 1.44  12.04   79.959
 1.44   9.00    1.652    0.181
 1.44   9.00    1.833   80.707
 1.44   9.00    1.730    0.796   1.833   0.515
 1.44   9.00    1.736    0.761   1.833   0.480

 1.45   0.00    0.502    0.468   0.191   0.050   0.184   0.033   0.012   0.033   0.000   0.000   0.000  90433580
 1.45  12.03   79.942
 1.45   9.00    1.652    0.177
 1.45   9.00    1.828   80.737
 1.45   9.00    1.725    0.795   1.828   0.515
 1.45   9.00    1.731    0.759   1.828   0.479

 1.46   0.00    0.502    0.467   0.190   0.050   0.183   0.033   0.013   0.032   0.000   0.000   0.000  91057260
 1.46  12.02   79.925
 1.46   9.00    1.651    0.172
 1.46   9.00    1.823   80.769
 1.46   9.00    1.720    0.793   1.823   0.515
 1.46   9.00    1.726    0.758   1.823   0.479

 1.47   0.00    0.502    0.467   0.189   0.050   0.182   0.033   0.015   0.032   0.000   0.000   0.000  91680940
 1.47  12.01   79.909
 1.47   9.00    1.650    0.168
 1.47   9.00    1.818   80.800
 1.47   9.00    1.715    0.792   1.818   0.514
 1.47   9.00    1.721    0.757   1.818   0.478

 1.48   0.00    0.501    0.466   0.189   0.050   0.182   0.033   0.016   0.032   0.000   0.000   0.000  92304610
 1.48  12.00   79.893
 1.48   9.00    1.650    0.164
 1.48   9.00    1.813   80.833
 1.48   9.00    1.710    0.791   1.813   0.514
 1.48   9.00    1.716    0.756   1.813   0.478

 1.49   0.00    0.501    0.466   0.188   0.050   0.181   0.033   0.018   0.032   0.000   0.000   0.000  92928290
 1.49  11.99   79.877
 1.49   9.00    1.649    0.159
 1.49   9.00    1.808   80.865
 1.49   9.00    1.705    0.790   1.808   0.514
 1.49   9.00    1.711    0.755   1.808   0.478

 1.50   0.00    0.501    0.466   0.187   0.050   0.180   0.033   0.019   0.032   0.000   0.000   0.000  93551970
 1.50  11.98   79.862
 1.50   9.00    1.648    0.155
 1.50   9.00    1.803   80.899
 1.50   9.00    1.701    0.789   1.803   0.514
 1.50   9.00    1.706    0.754   1.803   0.478

 1.51   0.00    0.501    0.466   0.186   0.050   0.179   0.033   0.021   0.032   0.000   0.000   0.000  94175650
 1.51  11.97   79.847
 1.51   9.00    1.648    0.150
 1.51   9.00    1.798   80.932
 1.51   9.00    1.696    0.788   1.798   0.513
 1.51   9.00    1.701    0.753   1.798   0.478

 1.52   0.00    0.501    0.466   0.186   0.049   0.178   0.033   0.023   0.032   0.000   0.000   0.000  94799330
 1.52  11.96   79.832
 1.52   9.00    1.647    0.146
 1.52   9.00    1.793   80.966
 1.52   9.00    1.691    0.788   1.793   0.513
 1.52   9.00    1.696    0.752   1.793   0.478

 1.53   0.00    0.501    0.466   0.185   0.049   0.178   0.033   0.025   0.032   0.000   0.000   0.000  95423010
 1.53  11.95   79.817
 1.53   9.00    1.646    0.141
 1.53   9.00    1.788   81.001
 1.53   9.00    1.686    0.787   1.788   0.513
 1.53   9.00    1.691    0.752   1.788   0.478

 1.54   0.00    0.501    0.466   0.184   0.049   0.177   0.032   0.026   0.032   0.000   0.000   0.000  96046690
 1.54  11.94   79.802
 1.54   9.00    1.646    0.137
 1.54   9.00    1.783   81.036
 1.54   9.00    1.681    0.786   1.783   0.514
 1.54   9.00    1.686    0.751   1.783   0.478

 1.55   0.00    0.501    0.466   0.184   0.049   0.176   0.032   0.028   0.032   0.000   0.000   0.000  96670370
 1.55  11.93   79.788
 1.55   9.00    1.645    0.133
 1.55   9.00    1.778   81.072
 1.55   9.00    1.675    0.785   1.778   0.514
 1.55   9.00    1.681    0.750   1.778   0.478

 1.56   0.00    0.501    0.466   0.183   0.049   0.175   0.032   0.030   0.031   0.000   0.000   0.000  97294050
 1.56  11.92   79.774
 1.56   9.00    1.644    0.128
 1.56   9.00    1.773   81.108
 1.56   9.00    1.670    0.785   1.773   0.514
 1.56   9.00    1.676    0.750   1.773   0.478

 1.57   0.00    0.502    0.467   0.182   0.049   0.174   0.032   0.032   0.031   0.000   0.000   0.000  97917730
 1.57  11.91   79.760
 1.57   9.00    1.644    0.124
 1.57   9.00    1.768   81.145
 1.57   9.00    1.665    0.784   1.768   0.514
 1.57   9.00    1.671    0.749   1.768   0.478

 1.58   0.00    0.502    0.467   0.182   0.049   0.174   0.032   0.034   0.031   0.000   0.000   0.000  98541410
 1.58  11.90   79.747
 1.58   9.00    1.643    0.119
 1.58   9.00    1.762   81.182
 1.58   9.00    1.660    0.784   1.762   0.515
 1.58   9.00    1.666    0.749   1.762   0.479

 1.59   0.00    0.502    0.467   0.181   0.049   0.173   0.032   0.036   0.031   0.000   0.000   0.000  99165090
 1.59  11.89   79.733
 1.59   9.00    1.642    0.115
 1.59   9.00    1.757   81.219
 1.59   9.00    1.655    0.783   1.757   0.515
 1.59   9.00    1.661    0.748   1.757   0.479

 1.60   0.00    0.503    0.468   0.180   0.049   0.172   0.032   0.039   0.031   0.000   0.000   0.000  99788770
 1.60  11.88   79.720
 1.60   9.00    1.642    0.111
 1.60   9.00    1.753   81.245
 1.60   9.00    1.651    0.783   1.753   0.515
 1.60   9.00    1.657    0.748   1.753   0.480

 1.61   0.00    0.503    0.468   0.180   0.049   0.171   0.032   0.041   0.031   0.000   0.000   0.000 100412400
 1.61  11.87   79.707
 1.61   9.00    1.641    0.111
 1.61   9.00    1.753   81.220
 1.61   9.00    1.650    0.784   1.753   0.516
 1.61   9.00    1.656    0.748   1.753   0.480

 1.62   0.00    0.504    0.469   0.179   0.049   0.171   0.032   0.043   0.031   0.000   0.000   0.000 101036100
 1.62  11.86   79.695
 1.62   9.00    1.640    0.111
 1.62   9.00    1.752   81.195
 1.62   9.00    1.649    0.784   1.752   0.517
 1.62   9.00    1.655    0.749   1.752   0.481

 1.63   0.00    0.505    0.470   0.178   0.049   0.170   0.032   0.045   0.031   0.000   0.000   0.000 101659800
 1.63  11.85   79.682
 1.63   9.00    1.640    0.111
 1.63   9.00    1.751   81.171
 1.63   9.00    1.649    0.785   1.751   0.517
 1.63   9.00    1.654    0.749   1.751   0.481

 1.64   0.00    0.505    0.470   0.177   0.049   0.169   0.031   0.048   0.031   0.000   0.000   0.000 102283500
 1.64  11.84   79.670
 1.64   9.00    1.639    0.111
 1.64   9.00    1.751   81.146
 1.64   9.00    1.648    0.785   1.751   0.518
 1.64   9.00    1.654    0.750   1.751   0.482

 1.65   0.00    0.506    0.471   0.177   0.049   0.168   0.031   0.050   0.031   0.000   0.000   0.000 102907200
 1.65  11.83   79.658
 1.65   9.00    1.638    0.111
 1.65   9.00    1.750   81.122
 1.65   9.00    1.647    0.786   1.750   0.519
 1.65   9.00    1.653    0.751   1.750   0.483

 1.66   0.00    0.507    0.472   0.176   0.049   0.168   0.031   0.053   0.031   0.000   0.000   0.000 103530800
 1.66  11.82   79.646
 1.66   9.00    1.638    0.111
 1.66   9.00    1.749   81.098
 1.66   9.00    1.646    0.787   1.749   0.519
 1.66   9.00    1.652    0.751   1.749   0.484

 1.67   0.00    0.508    0.473   0.175   0.048   0.167   0.031   0.055   0.030   0.000   0.000   0.000 104154500
 1.67  11.81   79.634
 1.67   9.00    1.637    0.111
 1.67   9.00    1.749   81.075
 1.67   9.00    1.646    0.788   1.749   0.520
 1.67   9.00    1.651    0.752   1.749   0.485

 1.68   0.00    0.509    0.474   0.175   0.048   0.166   0.031   0.058   0.030   0.000   0.000   0.000 104778200
 1.68  11.80   79.623
 1.68   9.00    1.636    0.111
 1.68   9.00    1.748   81.051
 1.68   9.00    1.645    0.788   1.748   0.521
 1.68   9.00    1.650    0.753   1.748   0.486

 1.69   0.00    0.510    0.475   0.174   0.048   0.165   0.031   0.060   0.030   0.000   0.000   0.000 105401900
 1.69  11.79   79.611
 1.69   9.00    1.636    0.111
 1.69   9.00    1.747   81.028
 1.69   9.00    1.644    0.789   1.747   0.522
 1.69   9.00    1.650    0.754   1.747   0.487

 1.70   0.00    0.511    0.476   0.173   0.048   0.165   0.031   0.063   0.030   0.000   0.000   0.000 106025600
 1.70  11.78   79.600
 1.70   9.00    1.635    0.111
 1.70   9.00    1.747   81.004
 1.70   9.00    1.643    0.790   1.747   0.523
 1.70   9.00    1.649    0.755   1.747   0.488

 1.71   0.00    0.512    0.477   0.173   0.048   0.164   0.031   0.066   0.030   0.000   0.000   0.000 106649200
 1.71  11.77   79.589
 1.71   9.00    1.634    0.111
 1.71   9.00    1.746   80.981
 1.71   9.00    1.642    0.791   1.746   0.525
 1.71   9.00    1.648    0.756   1.746   0.489

 1.72   0.00    0.513    0.478   0.172   0.048   0.163   0.031   0.069   0.030   0.000   0.000   0.000 107272900
 1.72  11.76   79.578
 1.72   9.00    1.634    0.111
 1.72   9.00    1.745   80.959
 1.72   9.00    1.641    0.792   1.745   0.526
 1.72   9.00    1.647    0.757   1.745   0.490

 1.73   0.00    0.514    0.479   0.171   0.048   0.163   0.031   0.072   0.030   0.000   0.000   0.000 107896600
 1.73  11.75   79.568
 1.73   9.00    1.633    0.111
 1.73   9.00    1.745   80.936
 1.73   9.00    1.641    0.794   1.745   0.527
 1.73   9.00    1.646    0.758   1.745   0.491

 1.74   0.00    0.516    0.481   0.171   0.048   0.162   0.030   0.075   0.030   0.000   0.000   0.000 108520300
 1.74  11.74   79.557
 1.74   9.00    1.632    0.111
 1.74   9.00    1.744   80.914
 1.74   9.00    1.640    0.795   1.744   0.528
 1.74   9.00    1.645    0.760   1.744   0.493

 1.75   0.00    0.517    0.482   0.170   0.048   0.161   0.030   0.078   0.030   0.000   0.000   0.000 109144000
 1.75  11.73   79.547
 1.75   9.00    1.632    0.111
 1.75   9.00    1.743   80.891
 1.75   9.00    1.639    0.796   1.743   0.530
 1.75   9.00    1.644    0.761   1.743   0.494

 1.76   0.00    0.518    0.484   0.169   0.048   0.160   0.030   0.081   0.030   0.000   0.000   0.000 109767600
 1.76  11.72   79.537
 1.76   9.00    1.631    0.111
 1.76   9.00    1.742   80.869
 1.76   9.00    1.638    0.797   1.742   0.531
 1.76   9.00    1.643    0.762   1.742   0.496

 1.77   0.00    0.520    0.485   0.169   0.048   0.160   0.030   0.084   0.030   0.000   0.000   0.000 110391300
 1.77  11.71   79.526
 1.77   9.00    1.630    0.111
 1.77   9.00    1.742   80.847
 1.77   9.00    1.637    0.799   1.742   0.533
 1.77   9.00    1.643    0.764   1.742   0.497

 1.78   0.00    0.521    0.487   0.168   0.048   0.159   0.030   0.087   0.029   0.000   0.000   0.000 111015000
 1.78  11.70   79.517
 1.78   9.00    1.630    0.111
 1.78   9.00    1.741   80.826
 1.78   9.00    1.636    0.800   1.741   0.534
 1.78   9.00    1.642    0.765   1.741   0.499

 1.79   0.00    0.523    0.488   0.167   0.048   0.158   0.030   0.090   0.029   0.000   0.000   0.000 111638700
 1.79  11.69   79.507
 1.79   9.00    1.629    0.111
 1.79   9.00    1.740   80.804
 1.79   9.00    1.635    0.802   1.740   0.536
 1.79   9.00    1.641    0.767   1.740   0.500

 1.80   0.00    0.525    0.490   0.167   0.048   0.158   0.030   0.093   0.029   0.000   0.000   0.000 112262400
 1.80  11.68   79.497
 1.80   9.00    1.628    0.111
 1.80   9.00    1.740   80.783
 1.80   9.00    1.634    0.803   1.740   0.538
 1.80   9.00    1.640    0.768   1.740   0.502

 1.81   0.00    0.526    0.492   0.166   0.048   0.157   0.030   0.097   0.029   0.000   0.000   0.000 112886000
 1.81  11.67   79.488
 1.81   9.00    1.628    0.111
 1.81   9.00    1.739   80.761
 1.81   9.00    1.633    0.805   1.739   0.540
 1.81   9.00    1.639    0.770   1.739   0.504

 1.82   0.00    0.528    0.493   0.166   0.048   0.156   0.030   0.100   0.029   0.000   0.000   0.000 113509700
 1.82  11.66   79.479
 1.82   9.00    1.627    0.111
 1.82   9.00    1.738   80.740
 1.82   9.00    1.632    0.807   1.738   0.542
 1.82   9.00    1.638    0.772   1.738   0.506

 1.83   0.00    0.530    0.495   0.165   0.048   0.156   0.030   0.104   0.029   0.000   0.000   0.000 114133400
 1.83  11.65   79.470
 1.83   9.00    1.626    0.111
 1.83   9.00    1.738   80.719
 1.83   9.00    1.631    0.809   1.738   0.543
 1.83   9.00    1.637    0.773   1.738   0.508

 1.84   0.00    0.532    0.497   0.164   0.048   0.155   0.030   0.107   0.029   0.000   0.000   0.000 114757100
 1.84  11.64   79.461
 1.84   9.00    1.626    0.111
 1.84   9.00    1.737   80.699
 1.84   9.00    1.630    0.810   1.737   0.545
 1.84   9.00    1.636    0.775   1.737   0.510

 1.85   0.00    0.534    0.499   0.164   0.047   0.154   0.029   0.111   0.029   0.000   0.000   0.000 115380800
 1.85  11.63   79.452
 1.85   9.00    1.625    0.111
 1.85   9.00    1.736   80.678
 1.85   9.00    1.629    0.812   1.736   0.547
 1.85   9.00    1.635    0.777   1.736   0.512

 1.86   0.00    0.536    0.501   0.163   0.047   0.153   0.029   0.114   0.029   0.000   0.000   0.000 116004400
 1.86  11.62   79.443
 1.86   9.00    1.624    0.111
 1.86   9.00    1.736   80.658
 1.86   9.00    1.628    0.814   1.736   0.550
 1.86   9.00    1.634    0.779   1.736   0.514

 1.87   0.00    0.538    0.503   0.162   0.047   0.153   0.029   0.118   0.029   0.000   0.000   0.000 116628100
 1.87  11.61   79.435
 1.87   9.00    1.623    0.111
 1.87   9.00    1.735   80.637
 1.87   9.00    1.627    0.816   1.735   0.552
 1.87   9.00    1.633    0.781   1.735   0.516

 1.88   0.00    0.540    0.506   0.162   0.047   0.152   0.029   0.122   0.028   0.000   0.000   0.000 117251800
 1.88  11.60   79.427
 1.88   9.00    1.623    0.111
 1.88   9.00    1.734   80.617
 1.88   9.00    1.626    0.818   1.734   0.554
 1.88   9.00    1.632    0.783   1.734   0.518

 1.89   0.00    0.543    0.508   0.161   0.047   0.151   0.029   0.126   0.028   0.000   0.000   0.000 117875500
 1.89  11.59   79.418
 1.89   9.00    1.622    0.111
 1.89   9.00    1.733   80.597
 1.89   9.00    1.625    0.821   1.733   0.556
 1.89   9.00    1.631    0.785   1.733   0.521

 1.90   0.00    0.545    0.510   0.160   0.047   0.151   0.029   0.129   0.028   0.000   0.000   0.000 118499200
 1.90  11.58   79.410
 1.90   9.00    1.621    0.111
 1.90   9.00    1.733   80.577
 1.90   9.00    1.624    0.823   1.733   0.559
 1.90   9.00    1.630    0.788   1.733   0.523

 1.91   0.00    0.547    0.513   0.160   0.047   0.150   0.029   0.133   0.028   0.000   0.000   0.000 119122800
 1.91  11.57   79.402
 1.91   9.00    1.621    0.111
 1.91   9.00    1.732   80.558
 1.91   9.00    1.623    0.825   1.732   0.561
 1.91   9.00    1.629    0.790   1.732   0.525

 1.92   0.00    0.550    0.515   0.159   0.047   0.149   0.029   0.137   0.028   0.000   0.000   0.000 119746500
 1.92  11.56   79.394
 1.92   9.00    1.620    0.111
 1.92   9.00    1.731   80.538
 1.92   9.00    1.622    0.828   1.731   0.564
 1.92   9.00    1.627    0.792   1.731   0.528

 1.93   0.00    0.552    0.518   0.158   0.047   0.149   0.029   0.141   0.028   0.000   0.000   0.000 120370200
 1.93  11.55   79.387
 1.93   9.00    1.619    0.111
 1.93   9.00    1.731   80.519
 1.93   9.00    1.621    0.830   1.731   0.566
 1.93   9.00    1.626    0.795   1.731   0.531

 1.94   0.00    0.555    0.520   0.158   0.047   0.148   0.029   0.146   0.028   0.000   0.000   0.000 120993900
 1.94  11.54   79.379
 1.94   9.00    1.619    0.111
 1.94   9.00    1.730   80.499
 1.94   9.00    1.620    0.832   1.730   0.569
 1.94   9.00    1.625    0.797   1.730   0.533

 1.95   0.00    0.558    0.523   0.157   0.047   0.148   0.028   0.150   0.028   0.000   0.000   0.000 121617600
 1.95  11.53   79.372
 1.95   9.00    1.618    0.111
 1.95   9.00    1.729   80.480
 1.95   9.00    1.619    0.835   1.729   0.572
 1.95   9.00    1.624    0.800   1.729   0.536

 1.96   0.00    0.560    0.525   0.157   0.047   0.147   0.028   0.154   0.028   0.000   0.000   0.000 122241200
 1.96  11.52   79.365
 1.96   9.00    1.617    0.111
 1.96   9.00    1.728   80.461
 1.96   9.00    1.617    0.838   1.728   0.574
 1.96   9.00    1.623    0.802   1.728   0.539

 1.97   0.00    0.563    0.528   0.156   0.047   0.146   0.028   0.158   0.028   0.000   0.000   0.000 122864900
 1.97  11.51   79.358
 1.97   9.00    1.616    0.111
 1.97   9.00    1.728   80.442
 1.97   9.00    1.616    0.840   1.728   0.577
 1.97   9.00    1.622    0.805   1.728   0.541

 1.98   0.00    0.566    0.531   0.155   0.047   0.146   0.028   0.163   0.028   0.000   0.000   0.000 123488600
 1.98  11.50   79.351
 1.98   9.00    1.616    0.111
 1.98   9.00    1.727   80.424
 1.98   9.00    1.615    0.843   1.727   0.580
 1.98   9.00    1.621    0.808   1.727   0.544

 1.99   0.00    0.569    0.534   0.155   0.047   0.145   0.028   0.167   0.027   0.000   0.000   0.000 124112300
 1.99  11.49   79.344
 1.99   9.00    1.615    0.111
 1.99   9.00    1.726   80.405
 1.99   9.00    1.614    0.846   1.726   0.583
 1.99   9.00    1.619    0.810   1.726   0.547

 2.00   0.00    0.572    0.537   0.154   0.047   0.144   0.028   0.171   0.027   0.000   0.000   0.000 124736000
 2.00  11.48   79.337
 2.00   9.00    1.614    0.111
 2.00   9.00    1.726   80.387
 2.00   9.00    1.613    0.849   1.726   0.586
 2.00   9.00    1.618    0.813   1.726   0.550

 2.01   0.00    0.575    0.540   0.153   0.047   0.144   0.028   0.176   0.027   0.000   0.000   0.000 125359600
 2.01  11.47   79.330
 2.01   9.00    1.613    0.111
 2.01   9.00    1.725   80.368
 2.01   9.00    1.611    0.852   1.725   0.589
 2.01   9.00    1.617    0.816   1.725   0.553

 2.02   0.00    0.578    0.543   0.153   0.047   0.143   0.028   0.181   0.027   0.000   0.000   0.000 125983300
 2.02  11.46   79.324
 2.02   9.00    1.613    0.111
 2.02   9.00    1.724   80.350
 2.02   9.00    1.610    0.855   1.724   0.593
 2.02   9.00    1.616    0.819   1.724   0.557

 2.03   0.00    0.581    0.546   0.152   0.047   0.142   0.028   0.185   0.027   0.000   0.000   0.000 126607000
 2.03  11.45   79.318
 2.03   9.00    1.612    0.111
 2.03   9.00    1.723   80.332
 2.03   9.00    1.609    0.858   1.723   0.596
 2.03   9.00    1.615    0.823   1.723   0.560

 2.04   0.00    0.585    0.549   0.152   0.046   0.142   0.028   0.190   0.027   0.000   0.000   0.000 127230700
 2.04  11.44   79.311
 2.04   9.00    1.611    0.111
 2.04   9.00    1.723   80.314
 2.04   9.00    1.608    0.862   1.723   0.600
 2.04   9.00    1.613    0.826   1.723   0.563

 2.05   0.00    0.588    0.553   0.151   0.046   0.141   0.028   0.195   0.027   0.000   0.000   0.000 127854400
 2.05  11.43   79.305
 2.05   9.00    1.611    0.111
 2.05   9.00    1.722   80.296
 2.05   9.00    1.606    0.865   1.722   0.603
 2.05   9.00    1.612    0.829   1.722   0.567

 2.06   0.00    0.592    0.556   0.151   0.046   0.141   0.028   0.200   0.027   0.000   0.000   0.000 128478000
 2.06  11.42   79.299
 2.06   9.00    1.610    0.111
 2.06   9.00    1.721   80.279
 2.06   9.00    1.605    0.868   1.721   0.607
 2.06   9.00    1.611    0.832   1.721   0.570

 2.07   0.00    0.595    0.560   0.150   0.046   0.140   0.028   0.204   0.027   0.000   0.000   0.000 129101700
 2.07  11.41   79.293
 2.07   9.00    1.609    0.111
 2.07   9.00    1.721   80.261
 2.07   9.00    1.604    0.872   1.721   0.610
 2.07   9.00    1.610    0.836   1.721   0.574

 2.08   0.00    0.599    0.563   0.150   0.046   0.139   0.027   0.209   0.027   0.000   0.000   0.000 129725400
 2.08  11.40   79.288
 2.08   9.00    1.608    0.111
 2.08   9.00    1.720   80.244
 2.08   9.00    1.603    0.876   1.720   0.614
 2.08   9.00    1.608    0.839   1.720   0.577

 2.09   0.00    0.603    0.567   0.149   0.046   0.139   0.027   0.214   0.027   0.000   0.000   0.000 130349100
 2.09  11.39   79.282
 2.09   9.00    1.608    0.111
 2.09   9.00    1.719   80.226
 2.09   9.00    1.601    0.879   1.719   0.618
 2.09   9.00    1.607    0.843   1.719   0.581

 2.10   0.00    0.607    0.571   0.149   0.046   0.138   0.027   0.220   0.027   0.000   0.000   0.000 130972800
 2.10  11.38   79.277
 2.10   9.00    1.607    0.111
 2.10   9.00    1.718   80.209
 2.10   9.00    1.600    0.883   1.718   0.622
 2.10   9.00    1.606    0.847   1.718   0.585

 2.11   0.00    0.610    0.574   0.148   0.046   0.138   0.027   0.225   0.027   0.000   0.000   0.000 131596400
 2.11  11.37   79.271
 2.11   9.00    1.606    0.111
 2.11   9.00    1.718   80.192
 2.11   9.00    1.599    0.887   1.718   0.626
 2.11   9.00    1.604    0.850   1.718   0.589

 2.12   0.00    0.614    0.578   0.148   0.046   0.137   0.027   0.230   0.027   0.000   0.000   0.000 132220100
 2.12  11.36   79.266
 2.12   9.00    1.605    0.111
 2.12   9.00    1.717   80.175
 2.12   9.00    1.597    0.891   1.717   0.630
 2.12   9.00    1.603    0.854   1.717   0.593

 2.13   0.00    0.618    0.582   0.147   0.046   0.136   0.027   0.235   0.027   0.000   0.000   0.000 132843800
 2.13  11.35   79.261
 2.13   9.00    1.605    0.111
 2.13   9.00    1.716   80.159
 2.13   9.00    1.596    0.895   1.716   0.634
 2.13   9.00    1.602    0.858   1.716   0.597

 2.14   0.00    0.623    0.586   0.147   0.046   0.136   0.027   0.241   0.026   0.000   0.000   0.000 133467500
 2.14  11.34   79.256
 2.14   9.00    1.604    0.111
 2.14   9.00    1.715   80.142
 2.14   9.00    1.594    0.899   1.715   0.638
 2.14   9.00    1.600    0.862   1.715   0.601

 2.15   0.00    0.627    0.590   0.146   0.046   0.135   0.027   0.246   0.026   0.000   0.000   0.000 134091200
 2.15  11.33   79.251
 2.15   9.00    1.603    0.111
 2.15   9.00    1.715   80.125
 2.15   9.00    1.593    0.903   1.715   0.642
 2.15   9.00    1.599    0.866   1.715   0.605

                              -------->  FIN LEADING EDGE SUPERSONIC  <--------

 2.16   0.00    0.625    0.588   0.146   0.046   0.135   0.027   0.246   0.026   0.000   0.000   0.000 134714800
 2.16  11.30   79.220
 2.16   9.00    1.600    0.111
 2.16   9.00    1.712   80.082
 2.16   9.00    1.591    0.900   1.712   0.641
 2.16   9.00    1.596    0.863   1.712   0.603

 2.17   0.00    0.622    0.586   0.145   0.046   0.134   0.027   0.244   0.026   0.000   0.000   0.000 135338500
 2.17  11.28   79.183
 2.17   9.00    1.597    0.111
 2.17   9.00    1.709   80.034
 2.17   9.00    1.588    0.897   1.709   0.638
 2.17   9.00    1.594    0.860   1.709   0.600

 2.18   0.00    0.619    0.583   0.145   0.046   0.133   0.027   0.243   0.026   0.000   0.000   0.000 135962200
 2.18  11.25   79.145
 2.18   9.00    1.594    0.111
 2.18   9.00    1.705   79.984
 2.18   9.00    1.585    0.894   1.705   0.635
 2.18   9.00    1.591    0.857   1.705   0.597

 2.19   0.00    0.617    0.580   0.144   0.046   0.133   0.027   0.241   0.026   0.000   0.000   0.000 136585900
 2.19  11.23   79.107
 2.19   9.00    1.591    0.111
 2.19   9.00    1.702   79.934
 2.19   9.00    1.582    0.891   1.702   0.632
 2.19   9.00    1.588    0.854   1.702   0.595

 2.20   0.00    0.614    0.577   0.144   0.046   0.132   0.027   0.240   0.026   0.000   0.000   0.000 137209600
 2.20  11.20   79.067
 2.20   9.00    1.587    0.111
 2.20   9.00    1.699   79.883
 2.20   9.00    1.579    0.888   1.699   0.630
 2.20   9.00    1.585    0.850   1.699   0.592

 2.21   0.00    0.612    0.575   0.143   0.046   0.132   0.027   0.239   0.026   0.000   0.000   0.000 137833200
 2.21  11.17   79.027
 2.21   9.00    1.584    0.111
 2.21   9.00    1.695   79.831
 2.21   9.00    1.576    0.884   1.695   0.627
 2.21   9.00    1.582    0.847   1.695   0.589

 2.22   0.00    0.609    0.572   0.143   0.046   0.131   0.027   0.237   0.026   0.000   0.000   0.000 138456900
 2.22  11.14   78.986
 2.22   9.00    1.580    0.111
 2.22   9.00    1.692   79.778
 2.22   9.00    1.573    0.881   1.692   0.624
 2.22   9.00    1.579    0.844   1.692   0.586

 2.23   0.00    0.606    0.569   0.142   0.046   0.131   0.026   0.236   0.026   0.000   0.000   0.000 139080600
 2.23  11.12   78.944
 2.23   9.00    1.577    0.111
 2.23   9.00    1.688   79.724
 2.23   9.00    1.570    0.878   1.688   0.622
 2.23   9.00    1.576    0.841   1.688   0.584

 2.24   0.00    0.604    0.567   0.142   0.046   0.130   0.026   0.235   0.026   0.000   0.000   0.000 139704300
 2.24  11.09   78.901
 2.24   9.00    1.573    0.111
 2.24   9.00    1.685   79.670
 2.24   9.00    1.567    0.875   1.685   0.619
 2.24   9.00    1.573    0.837   1.685   0.581

 2.25   0.00    0.601    0.564   0.141   0.046   0.129   0.026   0.233   0.026   0.000   0.000   0.000 140328000
 2.25  11.06   78.858
 2.25   9.00    1.570    0.111
 2.25   9.00    1.681   79.615
 2.25   9.00    1.564    0.872   1.681   0.616
 2.25   9.00    1.570    0.834   1.681   0.578

 2.26   0.00    0.599    0.561   0.141   0.046   0.129   0.026   0.232   0.026   0.000   0.000   0.000 140951600
 2.26  11.03   78.814
 2.26   9.00    1.566    0.111
 2.26   9.00    1.677   79.559
 2.26   9.00    1.561    0.869   1.677   0.614
 2.26   9.00    1.567    0.831   1.677   0.576

 2.27   0.00    0.596    0.559   0.140   0.045   0.128   0.026   0.231   0.026   0.000   0.000   0.000 141575300
 2.27  11.00   78.769
 2.27   9.00    1.562    0.111
 2.27   9.00    1.674   79.503
 2.27   9.00    1.558    0.866   1.674   0.611
 2.27   9.00    1.564    0.828   1.674   0.573

 2.28   0.00    0.594    0.556   0.140   0.045   0.128   0.026   0.229   0.026   0.000   0.000   0.000 142199000
 2.28  10.97   78.724
 2.28   9.00    1.559    0.111
 2.28   9.00    1.670   79.446
 2.28   9.00    1.554    0.863   1.670   0.609
 2.28   9.00    1.560    0.825   1.670   0.570

 2.29   0.00    0.592    0.554   0.139   0.045   0.127   0.026   0.228   0.026   0.000   0.000   0.000 142822700
 2.29  10.94   78.665
 2.29   9.00    1.555    0.111
 2.29   9.00    1.667   79.374
 2.29   9.00    1.551    0.860   1.667   0.606
 2.29   9.00    1.557    0.822   1.667   0.568

 2.30   0.00    0.589    0.551   0.139   0.045   0.127   0.026   0.227   0.025   0.000   0.000   0.000 143446400
 2.30  10.92   78.596
 2.30   9.00    1.553    0.111
 2.30   9.00    1.664   79.293
 2.30   9.00    1.549    0.857   1.664   0.604
 2.30   9.00    1.555    0.819   1.664   0.565

 2.31   0.00    0.587    0.549   0.138   0.045   0.126   0.026   0.226   0.025   0.000   0.000   0.000 144070000
 2.31  10.90   78.527
 2.31   9.00    1.550    0.111
 2.31   9.00    1.661   79.211
 2.31   9.00    1.546    0.854   1.661   0.601
 2.31   9.00    1.553    0.816   1.661   0.563

 2.32   0.00    0.584    0.546   0.138   0.045   0.126   0.026   0.225   0.025   0.000   0.000   0.000 144693700
 2.32  10.87   78.458
 2.32   9.00    1.547    0.111
 2.32   9.00    1.658   79.129
 2.32   9.00    1.544    0.851   1.658   0.599
 2.32   9.00    1.550    0.813   1.658   0.560

 2.33   0.00    0.582    0.544   0.137   0.045   0.125   0.026   0.223   0.025   0.000   0.000   0.000 145317400
 2.33  10.85   78.388
 2.33   9.00    1.544    0.111
 2.33   9.00    1.655   79.046
 2.33   9.00    1.541    0.848   1.655   0.597
 2.33   9.00    1.548    0.810   1.655   0.558

 2.34   0.00    0.580    0.542   0.137   0.045   0.125   0.026   0.222   0.025   0.000   0.000   0.000 145941100
 2.34  10.82   78.318
 2.34   9.00    1.541    0.111
 2.34   9.00    1.652   78.964
 2.34   9.00    1.539    0.845   1.652   0.594
 2.34   9.00    1.545    0.807   1.652   0.555

 2.35   0.00    0.577    0.539   0.136   0.045   0.124   0.026   0.221   0.025   0.000   0.000   0.000 146564800
 2.35  10.80   78.248
 2.35   9.00    1.538    0.111
 2.35   9.00    1.649   78.881
 2.35   9.00    1.536    0.843   1.649   0.592
 2.35   9.00    1.542    0.804   1.649   0.553

 2.36   0.00    0.575    0.537   0.136   0.045   0.124   0.026   0.220   0.025   0.000   0.000   0.000 147188400
 2.36  10.77   78.177
 2.36   9.00    1.535    0.111
 2.36   9.00    1.646   78.797
 2.36   9.00    1.534    0.840   1.646   0.590
 2.36   9.00    1.540    0.801   1.646   0.550

 2.37   0.00    0.573    0.534   0.135   0.045   0.123   0.026   0.219   0.025   0.000   0.000   0.000 147812100
 2.37  10.75   78.106
 2.37   9.00    1.532    0.111
 2.37   9.00    1.643   78.714
 2.37   9.00    1.531    0.837   1.643   0.587
 2.37   9.00    1.537    0.798   1.643   0.548

 2.38   0.00    0.571    0.532   0.135   0.045   0.122   0.026   0.218   0.025   0.000   0.000   0.000 148435800
 2.38  10.72   78.035
 2.38   9.00    1.529    0.111
 2.38   9.00    1.640   78.630
 2.38   9.00    1.528    0.834   1.640   0.585
 2.38   9.00    1.535    0.795   1.640   0.545

 2.39   0.00    0.568    0.530   0.134   0.045   0.122   0.025   0.217   0.025   0.000   0.000   0.000 149059500
 2.39  10.70   77.964
 2.39   9.00    1.526    0.111
 2.39   9.00    1.637   78.546
 2.39   9.00    1.526    0.832   1.637   0.583
 2.39   9.00    1.532    0.792   1.637   0.543

 2.40   0.00    0.566    0.527   0.134   0.045   0.121   0.025   0.215   0.025   0.000   0.000   0.000 149683200
 2.40  10.67   77.892
 2.40   9.00    1.523    0.111
 2.40   9.00    1.634   78.462
 2.40   9.00    1.523    0.829   1.634   0.580
 2.40   9.00    1.529    0.790   1.634   0.541

 2.41   0.00    0.564    0.525   0.134   0.045   0.121   0.025   0.214   0.025   0.000   0.000   0.000 150306800
 2.41  10.65   77.820
 2.41   9.00    1.520    0.111
 2.41   9.00    1.631   78.377
 2.41   9.00    1.520    0.826   1.631   0.578
 2.41   9.00    1.527    0.787   1.631   0.538

 2.42   0.00    0.562    0.523   0.133   0.045   0.120   0.025   0.213   0.025   0.000   0.000   0.000 150930500
 2.42  10.62   77.748
 2.42   9.00    1.517    0.111
 2.42   9.00    1.628   78.293
 2.42   9.00    1.518    0.823   1.628   0.576
 2.42   9.00    1.524    0.784   1.628   0.536

 2.43   0.00    0.560    0.521   0.133   0.045   0.120   0.025   0.212   0.025   0.000   0.000   0.000 151554200
 2.43  10.60   77.676
 2.43   9.00    1.513    0.111
 2.43   9.00    1.625   78.208
 2.43   9.00    1.515    0.821   1.625   0.574
 2.43   9.00    1.521    0.781   1.625   0.534

 2.44   0.00    0.557    0.518   0.132   0.045   0.119   0.025   0.211   0.025   0.000   0.000   0.000 152177900
 2.44  10.57   77.604
 2.44   9.00    1.510    0.111
 2.44   9.00    1.622   78.124
 2.44   9.00    1.512    0.818   1.622   0.571
 2.44   9.00    1.519    0.779   1.622   0.531

 2.45   0.00    0.555    0.516   0.132   0.045   0.119   0.025   0.210   0.025   0.000   0.000   0.000 152801600
 2.45  10.55   77.531
 2.45   9.00    1.507    0.111
 2.45   9.00    1.619   78.039
 2.45   9.00    1.510    0.815   1.619   0.569
 2.45   9.00    1.516    0.776   1.619   0.529

 2.46   0.00    0.553    0.514   0.131   0.045   0.118   0.025   0.209   0.024   0.000   0.000   0.000 153425200
 2.46  10.52   77.459
 2.46   9.00    1.504    0.111
 2.46   9.00    1.616   77.954
 2.46   9.00    1.507    0.813   1.616   0.567
 2.46   9.00    1.513    0.773   1.616   0.527

 2.47   0.00    0.551    0.512   0.131   0.045   0.118   0.025   0.208   0.024   0.000   0.000   0.000 154048900
 2.47  10.50   77.386
 2.47   9.00    1.501    0.111
 2.47   9.00    1.613   77.869
 2.47   9.00    1.504    0.810   1.613   0.565
 2.47   9.00    1.511    0.771   1.613   0.525

 2.48   0.00    0.549    0.510   0.130   0.045   0.117   0.025   0.207   0.024   0.000   0.000   0.000 154672600
 2.48  10.47   77.314
 2.48   9.00    1.498    0.111
 2.48   9.00    1.610   77.784
 2.48   9.00    1.502    0.808   1.610   0.563
 2.48   9.00    1.508    0.769   1.610   0.523

 2.49   0.00    0.547    0.508   0.130   0.045   0.117   0.025   0.206   0.024   0.000   0.000   0.000 155296300
 2.49  10.45   77.241
 2.49   9.00    1.495    0.111
 2.49   9.00    1.606   77.699
 2.49   9.00    1.499    0.805   1.606   0.561
 2.49   9.00    1.505    0.766   1.606   0.521

 2.50   0.00    0.545    0.507   0.130   0.045   0.116   0.025   0.205   0.024   0.000   0.000   0.000 155920000
 2.50  10.42   77.168
 2.50   9.00    1.492    0.111
 2.50   9.00    1.603   77.613
 2.50   9.00    1.496    0.802   1.603   0.558
 2.50   9.00    1.502    0.764   1.603   0.519

 2.51   0.00    0.543    0.505   0.129   0.045   0.116   0.025   0.204   0.024   0.000   0.000   0.000 156543600
 2.51  10.40   77.095
 2.51   9.00    1.489    0.111
 2.51   9.00    1.600   77.528
 2.51   9.00    1.494    0.800   1.600   0.556
 2.51   9.00    1.500    0.761   1.600   0.517

 2.52   0.00    0.541    0.503   0.129   0.045   0.115   0.025   0.203   0.024   0.000   0.000   0.000 157167300
 2.52  10.37   77.022
 2.52   9.00    1.486    0.111
 2.52   9.00    1.597   77.443
 2.52   9.00    1.491    0.797   1.597   0.554
 2.52   9.00    1.497    0.759   1.597   0.515

 2.53   0.00    0.539    0.501   0.128   0.045   0.115   0.025   0.202   0.024   0.000   0.000   0.000 157791000
 2.53  10.35   76.949
 2.53   9.00    1.483    0.111
 2.53   9.00    1.594   77.358
 2.53   9.00    1.488    0.795   1.594   0.552
 2.53   9.00    1.494    0.757   1.594   0.514

 2.54   0.00    0.537    0.499   0.128   0.044   0.114   0.025   0.201   0.024   0.000   0.000   0.000 158414700
 2.54  10.32   76.876
 2.54   9.00    1.480    0.111
 2.54   9.00    1.591   77.273
 2.54   9.00    1.486    0.792   1.591   0.550
 2.54   9.00    1.492    0.754   1.591   0.512

 2.55   0.00    0.535    0.497   0.128   0.044   0.114   0.024   0.200   0.024   0.000   0.000   0.000 159038400
 2.55  10.30   76.803
 2.55   9.00    1.477    0.111
 2.55   9.00    1.588   77.188
 2.55   9.00    1.483    0.790   1.588   0.548
 2.55   9.00    1.489    0.752   1.588   0.510

 2.56   0.00    0.533    0.496   0.127   0.044   0.113   0.024   0.199   0.024   0.000   0.000   0.000 159662000
 2.56  10.27   76.730
 2.56   9.00    1.474    0.114
 2.56   9.00    1.588   77.072
 2.56   9.00    1.483    0.788   1.588   0.546
 2.56   9.00    1.488    0.750   1.588   0.508

 2.57   0.00    0.531    0.494   0.127   0.044   0.113   0.024   0.199   0.024   0.000   0.000   0.000 160285700
 2.57  10.25   76.657
 2.57   9.00    1.471    0.121
 2.57   9.00    1.592   76.886
 2.57   9.00    1.488    0.786   1.592   0.544
 2.57   9.00    1.493    0.749   1.592   0.506

 2.58   0.00    0.529    0.492   0.126   0.044   0.113   0.024   0.198   0.024   0.000   0.000   0.000 160909400
 2.58  10.22   76.585
 2.58   9.00    1.468    0.129
 2.58   9.00    1.597   76.701
 2.58   9.00    1.492    0.785   1.597   0.542
 2.58   9.00    1.498    0.748   1.597   0.504

 2.59   0.00    0.527    0.490   0.126   0.044   0.112   0.024   0.197   0.024   0.000   0.000   0.000 161533100
 2.59  10.20   76.512
 2.59   9.00    1.465    0.137
 2.59   9.00    1.602   76.518
 2.59   9.00    1.497    0.784   1.602   0.540
 2.59   9.00    1.503    0.747   1.602   0.503

 2.60   0.00    0.525    0.489   0.125   0.044   0.112   0.024   0.196   0.024   0.000   0.000   0.000 162156700
 2.60  10.18   76.439
 2.60   9.00    1.462    0.145
 2.60   9.00    1.606   76.336
 2.60   9.00    1.502    0.783   1.606   0.538
 2.60   9.00    1.508    0.746   1.606   0.501

 2.61   0.00    0.523    0.487   0.125   0.044   0.111   0.024   0.195   0.024   0.000   0.000   0.000 162780400
 2.61  10.15   76.366
 2.61   9.00    1.459    0.152
 2.61   9.00    1.611   76.156
 2.61   9.00    1.507    0.782   1.611   0.536
 2.61   9.00    1.513    0.745   1.611   0.499

 2.62   0.00    0.521    0.485   0.125   0.044   0.111   0.024   0.194   0.024   0.000   0.000   0.000 163404100
 2.62  10.13   76.293
 2.62   9.00    1.456    0.160
 2.62   9.00    1.616   75.977
 2.62   9.00    1.512    0.780   1.616   0.534
 2.62   9.00    1.518    0.744   1.616   0.497

 2.63   0.00    0.519    0.483   0.124   0.044   0.110   0.024   0.193   0.023   0.000   0.000   0.000 164027800
 2.63  10.10   76.221
 2.63   9.00    1.453    0.168
 2.63   9.00    1.621   75.800
 2.63   9.00    1.517    0.779   1.621   0.532
 2.63   9.00    1.523    0.743   1.621   0.496

 2.64   0.00    0.517    0.482   0.124   0.044   0.110   0.024   0.192   0.023   0.000   0.000   0.000 164651500
 2.64  10.08   76.148
 2.64   9.00    1.450    0.175
 2.64   9.00    1.625   75.624
 2.64   9.00    1.522    0.778   1.625   0.530
 2.64   9.00    1.528    0.742   1.625   0.494

 2.65   0.00    0.516    0.480   0.123   0.044   0.109   0.024   0.192   0.023   0.000   0.000   0.000 165275200
 2.65  10.05   76.076
 2.65   9.00    1.447    0.183
 2.65   9.00    1.630   75.450
 2.65   9.00    1.528    0.777   1.630   0.529
 2.65   9.00    1.533    0.741   1.630   0.492

 2.66   0.00    0.514    0.478   0.123   0.044   0.109   0.024   0.191   0.023   0.000   0.000   0.000 165898800
 2.66  10.03   76.003
 2.66   9.00    1.444    0.191
 2.66   9.00    1.635   75.277
 2.66   9.00    1.533    0.776   1.635   0.527
 2.66   9.00    1.538    0.740   1.635   0.490

 2.67   0.00    0.512    0.477   0.123   0.044   0.108   0.024   0.190   0.023   0.000   0.000   0.000 166522500
 2.67  10.01   75.931
 2.67   9.00    1.441    0.199
 2.67   9.00    1.640   75.105
 2.67   9.00    1.538    0.775   1.640   0.525
 2.67   9.00    1.543    0.739   1.640   0.489

 2.68   0.00    0.510    0.475   0.122   0.044   0.108   0.024   0.189   0.023   0.000   0.000   0.000 167146200
 2.68   9.98   75.859
 2.68   9.00    1.438    0.206
 2.68   9.00    1.645   74.935
 2.68   9.00    1.543    0.774   1.645   0.523
 2.68   9.00    1.548    0.738   1.645   0.487

 2.69   0.00    0.508    0.474   0.122   0.044   0.108   0.024   0.188   0.023   0.000   0.000   0.000 167769900
 2.69   9.96   75.787
 2.69   9.00    1.436    0.214
 2.69   9.00    1.650   74.767
 2.69   9.00    1.548    0.773   1.650   0.521
 2.69   9.00    1.553    0.738   1.650   0.485

 2.70   0.00    0.507    0.472   0.121   0.044   0.107   0.024   0.187   0.023   0.000   0.000   0.000 168393600
 2.70   9.93   75.715
 2.70   9.00    1.433    0.222
 2.70   9.00    1.654   74.600
 2.70   9.00    1.553    0.772   1.654   0.519
 2.70   9.00    1.558    0.737   1.654   0.484

 2.71   0.00    0.505    0.470   0.121   0.044   0.107   0.024   0.187   0.023   0.000   0.000   0.000 169017200
 2.71   9.91   75.643
 2.71   9.00    1.430    0.229
 2.71   9.00    1.659   74.434
 2.71   9.00    1.558    0.771   1.659   0.517
 2.71   9.00    1.563    0.736   1.659   0.482

 2.72   0.00    0.503    0.469   0.121   0.044   0.106   0.023   0.186   0.023   0.000   0.000   0.000 169640900
 2.72   9.89   75.571
 2.72   9.00    1.427    0.237
 2.72   9.00    1.664   74.269
 2.72   9.00    1.563    0.770   1.664   0.516
 2.72   9.00    1.569    0.735   1.664   0.481

 2.73   0.00    0.501    0.467   0.120   0.044   0.106   0.023   0.185   0.023   0.000   0.000   0.000 170264600
 2.73   9.86   75.500
 2.73   9.00    1.424    0.245
 2.73   9.00    1.669   74.107
 2.73   9.00    1.568    0.769   1.669   0.514
 2.73   9.00    1.574    0.734   1.669   0.479

 2.74   0.00    0.500    0.466   0.120   0.044   0.105   0.023   0.184   0.023   0.000   0.000   0.000 170888300
 2.74   9.84   75.429
 2.74   9.00    1.421    0.253
 2.74   9.00    1.674   73.945
 2.74   9.00    1.573    0.768   1.674   0.512
 2.74   9.00    1.579    0.733   1.674   0.477

 2.75   0.00    0.498    0.464   0.119   0.044   0.105   0.023   0.183   0.023   0.000   0.000   0.000 171512000
 2.75   9.82   75.357
 2.75   9.00    1.419    0.260
 2.75   9.00    1.679   73.785
 2.75   9.00    1.578    0.767   1.679   0.510
 2.75   9.00    1.584    0.733   1.679   0.476

 2.76   0.00    0.496    0.463   0.119   0.044   0.104   0.023   0.183   0.023   0.000   0.000   0.000 172135600
 2.76   9.79   75.286
 2.76   9.00    1.416    0.268
 2.76   9.00    1.684   73.626
 2.76   9.00    1.584    0.766   1.684   0.509
 2.76   9.00    1.589    0.732   1.684   0.474

 2.77   0.00    0.494    0.461   0.119   0.044   0.104   0.023   0.182   0.023   0.000   0.000   0.000 172759300
 2.77   9.77   75.215
 2.77   9.00    1.413    0.276
 2.77   9.00    1.689   73.469
 2.77   9.00    1.589    0.765   1.689   0.507
 2.77   9.00    1.594    0.731   1.689   0.473

 2.78   0.00    0.493    0.460   0.118   0.044   0.104   0.023   0.181   0.023   0.000   0.000   0.000 173383000
 2.78   9.75   75.144
 2.78   9.00    1.410    0.284
 2.78   9.00    1.694   73.313
 2.78   9.00    1.594    0.764   1.694   0.505
 2.78   9.00    1.599    0.730   1.694   0.471

 2.79   0.00    0.491    0.458   0.118   0.044   0.103   0.023   0.180   0.023   0.000   0.000   0.000 174006700
 2.79   9.72   75.074
 2.79   9.00    1.408    0.291
 2.79   9.00    1.699   73.159
 2.79   9.00    1.599    0.763   1.699   0.503
 2.79   9.00    1.604    0.730   1.699   0.470

 2.80   0.00    0.489    0.457   0.118   0.044   0.103   0.023   0.180   0.023   0.000   0.000   0.000 174630300
 2.80   9.70   75.003
 2.80   9.00    1.405    0.299
 2.80   9.00    1.704   73.005
 2.80   9.00    1.604    0.762   1.704   0.502
 2.80   9.00    1.610    0.729   1.704   0.468

 2.81   0.00    0.488    0.455   0.117   0.044   0.102   0.023   0.179   0.022   0.000   0.000   0.000 175254000
 2.81   9.68   74.933
 2.81   9.00    1.402    0.307
 2.81   9.00    1.709   72.854
 2.81   9.00    1.610    0.761   1.709   0.500
 2.81   9.00    1.615    0.728   1.709   0.466

 2.82   0.00    0.486    0.454   0.117   0.044   0.102   0.023   0.178   0.022   0.000   0.000   0.000 175877700
 2.82   9.66   74.863
 2.82   9.00    1.400    0.314
 2.82   9.00    1.714   72.703
 2.82   9.00    1.615    0.760   1.714   0.498
 2.82   9.00    1.620    0.727   1.714   0.465

 2.83   0.00    0.484    0.452   0.116   0.044   0.102   0.023   0.178   0.022   0.000   0.000   0.000 176501400
 2.83   9.63   74.793
 2.83   9.00    1.397    0.322
 2.83   9.00    1.719   72.554
 2.83   9.00    1.620    0.759   1.719   0.497
 2.83   9.00    1.625    0.727   1.719   0.463

 2.84   0.00    0.483    0.451   0.116   0.044   0.101   0.023   0.177   0.022   0.000   0.000   0.000 177125100
 2.84   9.61   74.723
 2.84   9.00    1.394    0.330
 2.84   9.00    1.724   72.406
 2.84   9.00    1.625    0.758   1.724   0.495
 2.84   9.00    1.631    0.726   1.724   0.462

 2.85   0.00    0.481    0.449   0.116   0.044   0.101   0.023   0.176   0.022   0.000   0.000   0.000 177748700
 2.85   9.59   74.654
 2.85   9.00    1.392    0.338
 2.85   9.00    1.729   72.260
 2.85   9.00    1.631    0.758   1.729   0.493
 2.85   9.00    1.636    0.725   1.729   0.461

 2.86   0.00    0.480    0.448   0.115   0.044   0.100   0.023   0.175   0.022   0.000   0.000   0.000 178372400
 2.86   9.57   74.584
 2.86   9.00    1.389    0.345
 2.86   9.00    1.734   72.115
 2.86   9.00    1.636    0.757   1.734   0.492
 2.86   9.00    1.641    0.725   1.734   0.459

 2.87   0.00    0.478    0.446   0.115   0.044   0.100   0.023   0.175   0.022   0.000   0.000   0.000 178996100
 2.87   9.54   74.515
 2.87   9.00    1.386    0.353
 2.87   9.00    1.739   71.971
 2.87   9.00    1.641    0.756   1.739   0.490
 2.87   9.00    1.646    0.724   1.739   0.458

 2.88   0.00    0.476    0.445   0.115   0.043   0.100   0.023   0.174   0.022   0.000   0.000   0.000 179619800
 2.88   9.52   74.446
 2.88   9.00    1.384    0.361
 2.88   9.00    1.744   71.829
 2.88   9.00    1.647    0.755   1.744   0.488
 2.88   9.00    1.652    0.723   1.744   0.456

 2.89   0.00    0.475    0.444   0.114   0.043   0.099   0.023   0.173   0.022   0.000   0.000   0.000 180243500
 2.89   9.50   74.377
 2.89   9.00    1.381    0.368
 2.89   9.00    1.750   71.688
 2.89   9.00    1.652    0.754   1.750   0.487
 2.89   9.00    1.657    0.723   1.750   0.455

 2.90   0.00    0.473    0.442   0.114   0.043   0.099   0.022   0.173   0.022   0.000   0.000   0.000 180867200
 2.90   9.48   74.308
 2.90   9.00    1.379    0.376
 2.90   9.00    1.755   71.548
 2.90   9.00    1.657    0.754   1.755   0.485
 2.90   9.00    1.662    0.722   1.755   0.453

 2.91   0.00    0.472    0.441   0.114   0.043   0.098   0.022   0.172   0.022   0.000   0.000   0.000 181490800
 2.91   9.46   74.240
 2.91   9.00    1.376    0.384
 2.91   9.00    1.760   71.409
 2.91   9.00    1.663    0.753   1.760   0.483
 2.91   9.00    1.668    0.722   1.760   0.452

 2.92   0.00    0.470    0.439   0.113   0.043   0.098   0.022   0.171   0.022   0.000   0.000   0.000 182114500
 2.92   9.43   74.172
 2.92   9.00    1.374    0.392
 2.92   9.00    1.765   71.272
 2.92   9.00    1.668    0.752   1.765   0.482
 2.92   9.00    1.673    0.721   1.765   0.451

 2.93   0.00    0.469    0.438   0.113   0.043   0.098   0.022   0.171   0.022   0.000   0.000   0.000 182738200
 2.93   9.41   74.104
 2.93   9.00    1.371    0.399
 2.93   9.00    1.770   71.136
 2.93   9.00    1.673    0.751   1.770   0.480
 2.93   9.00    1.678    0.721   1.770   0.449

 2.94   0.00    0.467    0.437   0.113   0.043   0.097   0.022   0.170   0.022   0.000   0.000   0.000 183361900
 2.94   9.39   74.036
 2.94   9.00    1.369    0.407
 2.94   9.00    1.776   71.001
 2.94   9.00    1.679    0.751   1.776   0.479
 2.94   9.00    1.684    0.720   1.776   0.448

 2.95   0.00    0.465    0.435   0.112   0.043   0.097   0.022   0.169   0.022   0.000   0.000   0.000 183985500
 2.95   9.37   73.969
 2.95   9.00    1.366    0.415
 2.95   9.00    1.781   70.868
 2.95   9.00    1.684    0.750   1.781   0.477
 2.95   9.00    1.689    0.719   1.781   0.446

 2.96   0.00    0.464    0.434   0.112   0.043   0.096   0.022   0.169   0.022   0.000   0.000   0.000 184609200
 2.96   9.35   73.901
 2.96   9.00    1.364    0.422
 2.96   9.00    1.786   70.735
 2.96   9.00    1.690    0.749   1.786   0.476
 2.96   9.00    1.695    0.719   1.786   0.445

 2.97   0.00    0.462    0.433   0.111   0.043   0.096   0.022   0.168   0.022   0.000   0.000   0.000 185232900
 2.97   9.33   73.834
 2.97   9.00    1.361    0.430
 2.97   9.00    1.791   70.604
 2.97   9.00    1.695    0.748   1.791   0.474
 2.97   9.00    1.700    0.718   1.791   0.444

 2.98   0.00    0.461    0.431   0.111   0.043   0.096   0.022   0.167   0.022   0.000   0.000   0.000 185856600
 2.98   9.31   73.767
 2.98   9.00    1.359    0.438
 2.98   9.00    1.797   70.474
 2.98   9.00    1.701    0.748   1.797   0.473
 2.98   9.00    1.705    0.718   1.797   0.442

 2.99   0.00    0.459    0.430   0.111   0.043   0.095   0.022   0.167   0.021   0.000   0.000   0.000 186480300
 2.99   9.29   73.700
 2.99   9.00    1.356    0.446
 2.99   9.00    1.802   70.346
 2.99   9.00    1.706    0.747   1.802   0.471
 2.99   9.00    1.711    0.717   1.802   0.441

 3.00   0.00    0.458    0.429   0.110   0.043   0.095   0.022   0.166   0.021   0.000   0.000   0.000 187103900
 3.00   9.26   73.634
 3.00   9.00    1.354    0.453
 3.00   9.00    1.807   70.219
 3.00   9.00    1.712    0.746   1.807   0.469
 3.00   9.00    1.716    0.717   1.807   0.440

 3.01   0.00    0.457    0.428   0.110   0.043   0.095   0.022   0.166   0.021   0.000   0.000   0.000 187727600
 3.01   9.24   73.568
 3.01   9.00    1.352    0.461
 3.01   9.00    1.813   70.092
 3.01   9.00    1.717    0.746   1.813   0.468
 3.01   9.00    1.722    0.716   1.813   0.438

 3.02   0.00    0.455    0.426   0.110   0.043   0.094   0.022   0.165   0.021   0.000   0.000   0.000 188351300
 3.02   9.22   73.502
 3.02   9.00    1.349    0.469
 3.02   9.00    1.818   69.967
 3.02   9.00    1.723    0.745   1.818   0.467
 3.02   9.00    1.727    0.716   1.818   0.437

 3.03   0.00    0.454    0.425   0.110   0.043   0.094   0.022   0.164   0.021   0.000   0.000   0.000 188975000
 3.03   9.20   73.436
 3.03   9.00    1.347    0.476
 3.03   9.00    1.823   69.843
 3.03   9.00    1.728    0.745   1.823   0.465
 3.03   9.00    1.733    0.716   1.823   0.436

 3.04   0.00    0.452    0.424   0.109   0.043   0.093   0.022   0.164   0.021   0.000   0.000   0.000 189598700
 3.04   9.18   73.370
 3.04   9.00    1.345    0.484
 3.04   9.00    1.829   69.721
 3.04   9.00    1.734    0.744   1.829   0.464
 3.04   9.00    1.738    0.715   1.829   0.434

 3.05   0.00    0.451    0.422   0.109   0.043   0.093   0.022   0.163   0.021   0.000   0.000   0.000 190222300
 3.05   9.16   73.305
 3.05   9.00    1.342    0.492
 3.05   9.00    1.834   69.599
 3.05   9.00    1.739    0.744   1.834   0.462
 3.05   9.00    1.744    0.715   1.834   0.433

 3.06   0.00    0.450    0.421   0.109   0.043   0.093   0.022   0.163   0.021   0.000   0.000   0.000 190846000
 3.06   9.14   73.240
 3.06   9.00    1.340    0.500
 3.06   9.00    1.840   69.479
 3.06   9.00    1.745    0.743   1.840   0.461
 3.06   9.00    1.749    0.714   1.840   0.432

 3.07   0.00    0.448    0.420   0.109   0.043   0.092   0.022   0.162   0.021   0.000   0.000   0.000 191469700
 3.07   9.12   73.175
 3.07   9.00    1.338    0.507
 3.07   9.00    1.845   69.360
 3.07   9.00    1.750    0.743   1.845   0.460
 3.07   9.00    1.755    0.714   1.845   0.430

 3.08   0.00    0.447    0.419   0.108   0.043   0.092   0.021   0.161   0.021   0.000   0.000   0.000 192093400
 3.08   9.10   73.111
 3.08   9.00    1.335    0.515
 3.08   9.00    1.850   69.242
 3.08   9.00    1.756    0.742   1.850   0.458
 3.08   9.00    1.760    0.713   1.850   0.429

 3.09   0.00    0.446    0.417   0.108   0.043   0.092   0.021   0.161   0.021   0.000   0.000   0.000 192717100
 3.09   9.08   73.046
 3.09   9.00    1.333    0.523
 3.09   9.00    1.856   69.125
 3.09   9.00    1.762    0.742   1.856   0.457
 3.09   9.00    1.766    0.713   1.856   0.428

 3.10   0.00    0.444    0.416   0.108   0.043   0.091   0.021   0.160   0.021   0.000   0.000   0.000 193340700
 3.10   9.06   72.982
 3.10   9.00    1.331    0.530
 3.10   9.00    1.861   69.009
 3.10   9.00    1.767    0.741   1.861   0.456
 3.10   9.00    1.772    0.713   1.861   0.427

 3.11   0.00    0.443    0.415   0.108   0.043   0.091   0.021   0.160   0.021   0.000   0.000   0.000 193964400
 3.11   9.04   72.918
 3.11   9.00    1.329    0.538
 3.11   9.00    1.867   68.894
 3.11   9.00    1.773    0.741   1.867   0.454
 3.11   9.00    1.777    0.712   1.867   0.425

 3.12   0.00    0.442    0.414   0.107   0.043   0.091   0.021   0.159   0.021   0.000   0.000   0.000 194588100
 3.12   9.02   72.855
 3.12   9.00    1.326    0.546
 3.12   9.00    1.872   68.781
 3.12   9.00    1.778    0.740   1.872   0.453
 3.12   9.00    1.783    0.712   1.872   0.424

 3.13   0.00    0.441    0.413   0.107   0.043   0.090   0.021   0.158   0.021   0.000   0.000   0.000 195211800
 3.13   9.00   72.791
 3.13   9.00    1.324    0.554
 3.13   9.00    1.878   68.668
 3.13   9.00    1.784    0.740   1.878   0.452
 3.13   9.00    1.789    0.711   1.878   0.423

 3.14   0.00    0.439    0.411   0.107   0.043   0.090   0.021   0.158   0.021   0.000   0.000   0.000 195835500
 3.14   8.98   72.728
 3.14   9.00    1.322    0.561
 3.14   9.00    1.883   68.557
 3.14   9.00    1.790    0.739   1.883   0.450
 3.14   9.00    1.794    0.711   1.883   0.422

 3.15   0.00    0.438    0.410   0.106   0.043   0.090   0.021   0.157   0.021   0.000   0.000   0.000 196459100
 3.15   8.96   72.665
 3.15   9.00    1.320    0.569
 3.15   9.00    1.889   68.447
 3.15   9.00    1.795    0.739   1.889   0.449
 3.15   9.00    1.800    0.711   1.889   0.420

 3.16   0.00    0.437    0.409   0.106   0.043   0.089   0.021   0.157   0.021   0.000   0.000   0.000 197082800
 3.16   8.94   72.603
 3.16   9.00    1.318    0.577
 3.16   9.00    1.894   68.337
 3.16   9.00    1.801    0.738   1.894   0.448
 3.16   9.00    1.806    0.710   1.894   0.419

 3.17   0.00    0.435    0.408   0.106   0.043   0.089   0.021   0.156   0.021   0.000   0.000   0.000 197706500
 3.17   8.92   72.540
 3.17   9.00    1.316    0.584
 3.17   9.00    1.900   68.229
 3.17   9.00    1.807    0.738   1.900   0.446
 3.17   9.00    1.811    0.710   1.900   0.418

 3.18   0.00    0.434    0.407   0.106   0.043   0.089   0.021   0.156   0.021   0.000   0.000   0.000 198330200
 3.18   8.90   72.478
 3.18   9.00    1.313    0.592
 3.18   9.00    1.906   68.122
 3.18   9.00    1.812    0.738   1.906   0.445
 3.18   9.00    1.817    0.710   1.906   0.417

 3.19   0.00    0.433    0.406   0.105   0.043   0.088   0.021   0.155   0.020   0.000   0.000   0.000 198953900
 3.19   8.89   72.416
 3.19   9.00    1.311    0.600
 3.19   9.00    1.911   68.016
 3.19   9.00    1.818    0.737   1.911   0.444
 3.19   9.00    1.823    0.710   1.911   0.416

 3.20   0.00    0.432    0.404   0.105   0.043   0.088   0.021   0.155   0.020   0.000   0.000   0.000 199577500
 3.20   8.87   72.355
 3.20   9.00    1.309    0.605
 3.20   9.00    1.914   67.926
 3.20   9.00    1.822    0.736   1.914   0.442
 3.20   9.00    1.826    0.709   1.914   0.414

 3.21   0.00    0.430    0.403   0.105   0.043   0.088   0.021   0.154   0.020   0.000   0.000   0.000 200201200
 3.21   8.85   72.293
 3.21   9.00    1.307    0.606
 3.21   9.00    1.913   67.864
 3.21   9.00    1.820    0.735   1.913   0.441
 3.21   9.00    1.825    0.707   1.913   0.413

 3.22   0.00    0.429    0.402   0.105   0.043   0.087   0.021   0.154   0.020   0.000   0.000   0.000 200824900
 3.22   8.83   72.232
 3.22   9.00    1.305    0.607
 3.22   9.00    1.912   67.802
 3.22   9.00    1.819    0.734   1.912   0.440
 3.22   9.00    1.824    0.706   1.912   0.412

 3.23   0.00    0.428    0.401   0.104   0.043   0.087   0.021   0.153   0.020   0.000   0.000   0.000 201448600
 3.23   8.81   72.171
 3.23   9.00    1.303    0.608
 3.23   9.00    1.911   67.740
 3.23   9.00    1.818    0.732   1.911   0.439
 3.23   9.00    1.823    0.705   1.911   0.411

 3.24   0.00    0.427    0.400   0.104   0.043   0.087   0.021   0.153   0.020   0.000   0.000   0.000 202072300
 3.24   8.79   72.111
 3.24   9.00    1.301    0.609
 3.24   9.00    1.909   67.679
 3.24   9.00    1.817    0.731   1.909   0.437
 3.24   9.00    1.822    0.703   1.909   0.410

 3.25   0.00    0.425    0.399   0.104   0.043   0.086   0.021   0.152   0.020   0.000   0.000   0.000 202695900
 3.25   8.77   72.050
 3.25   9.00    1.299    0.609
 3.25   9.00    1.908   67.618
 3.25   9.00    1.817    0.729   1.908   0.436
 3.25   9.00    1.821    0.702   1.908   0.409

 3.26   0.00    0.424    0.398   0.104   0.043   0.086   0.021   0.151   0.020   0.000   0.000   0.000 203319600
 3.26   8.75   71.990
 3.26   9.00    1.297    0.610
 3.26   9.00    1.907   67.558
 3.26   9.00    1.816    0.728   1.907   0.435
 3.26   9.00    1.820    0.701   1.907   0.408

 3.27   0.00    0.423    0.396   0.103   0.043   0.086   0.021   0.151   0.020   0.000   0.000   0.000 203943300
 3.27   8.74   71.930
 3.27   9.00    1.295    0.611
 3.27   9.00    1.906   67.497
 3.27   9.00    1.815    0.726   1.906   0.434
 3.27   9.00    1.819    0.700   1.906   0.406

 3.28   0.00    0.422    0.395   0.103   0.043   0.085   0.020   0.150   0.020   0.000   0.000   0.000 204567000
 3.28   8.72   71.871
 3.28   9.00    1.293    0.612
 3.28   9.00    1.905   67.437
 3.28   9.00    1.814    0.725   1.905   0.432
 3.28   9.00    1.818    0.698   1.905   0.405

 3.29   0.00    0.421    0.394   0.103   0.042   0.085   0.020   0.150   0.020   0.000   0.000   0.000 205190700
 3.29   8.70   71.811
 3.29   9.00    1.291    0.613
 3.29   9.00    1.904   67.377
 3.29   9.00    1.813    0.724   1.904   0.431
 3.29   9.00    1.817    0.697   1.904   0.404

 3.30   0.00    0.419    0.393   0.103   0.042   0.085   0.020   0.149   0.020   0.000   0.000   0.000 205814300
 3.30   8.68   71.752
 3.30   9.00    1.289    0.614
 3.30   9.00    1.903   67.318
 3.30   9.00    1.812    0.722   1.903   0.430
 3.30   9.00    1.816    0.696   1.903   0.403

 3.31   0.00    0.418    0.392   0.102   0.042   0.084   0.020   0.149   0.020   0.000   0.000   0.000 206438000
 3.31   8.66   71.693
 3.31   9.00    1.287    0.615
 3.31   9.00    1.902   67.259
 3.31   9.00    1.811    0.721   1.902   0.429
 3.31   9.00    1.815    0.694   1.902   0.402

 3.32   0.00    0.417    0.391   0.102   0.042   0.084   0.020   0.148   0.020   0.000   0.000   0.000 207061700
 3.32   8.65   71.635
 3.32   9.00    1.285    0.616
 3.32   9.00    1.901   67.200
 3.32   9.00    1.810    0.720   1.901   0.428
 3.32   9.00    1.814    0.693   1.901   0.401

 3.33   0.00    0.416    0.390   0.102   0.042   0.084   0.020   0.148   0.020   0.000   0.000   0.000 207685400
 3.33   8.63   71.577
 3.33   9.00    1.283    0.617
 3.33   9.00    1.900   67.141
 3.33   9.00    1.809    0.718   1.900   0.426
 3.33   9.00    1.814    0.692   1.900   0.400

 3.34   0.00    0.415    0.389   0.102   0.042   0.083   0.020   0.147   0.020   0.000   0.000   0.000 208309000
 3.34   8.61   71.519
 3.34   9.00    1.281    0.617
 3.34   9.00    1.899   67.083
 3.34   9.00    1.809    0.717   1.899   0.425
 3.34   9.00    1.813    0.691   1.899   0.399

 3.35   0.00    0.414    0.388   0.101   0.042   0.083   0.020   0.147   0.020   0.000   0.000   0.000 208932700
 3.35   8.59   71.461
 3.35   9.00    1.279    0.618
 3.35   9.00    1.898   67.025
 3.35   9.00    1.808    0.716   1.898   0.424
 3.35   9.00    1.812    0.689   1.898   0.398

 3.36   0.00    0.413    0.387   0.101   0.042   0.083   0.020   0.147   0.020   0.000   0.000   0.000 209556400
 3.36   8.57   71.403
 3.36   9.00    1.277    0.619
 3.36   9.00    1.897   66.967
 3.36   9.00    1.807    0.714   1.897   0.423
 3.36   9.00    1.811    0.688   1.897   0.396

 3.37   0.00    0.411    0.386   0.101   0.042   0.082   0.020   0.146   0.020   0.000   0.000   0.000 210180100
 3.37   8.56   71.346
 3.37   9.00    1.275    0.620
 3.37   9.00    1.896   66.910
 3.37   9.00    1.806    0.713   1.896   0.422
 3.37   9.00    1.810    0.687   1.896   0.395

 3.38   0.00    0.410    0.385   0.101   0.042   0.082   0.020   0.146   0.020   0.000   0.000   0.000 210803800
 3.38   8.54   71.289
 3.38   9.00    1.273    0.621
 3.38   9.00    1.895   66.852
 3.38   9.00    1.806    0.712   1.895   0.421
 3.38   9.00    1.810    0.686   1.895   0.394

 3.39   0.00    0.409    0.384   0.100   0.042   0.082   0.020   0.145   0.019   0.000   0.000   0.000 211427500
 3.39   8.52   71.233
 3.39   9.00    1.272    0.622
 3.39   9.00    1.894   66.796
 3.39   9.00    1.805    0.710   1.894   0.419
 3.39   9.00    1.809    0.685   1.894   0.393

 3.40   0.00    0.408    0.383   0.100   0.042   0.082   0.020   0.145   0.019   0.000   0.000   0.000 212051100
 3.40   8.50   71.176
 3.40   9.00    1.270    0.623
 3.40   9.00    1.893   66.739
 3.40   9.00    1.804    0.709   1.893   0.418
 3.40   9.00    1.808    0.684   1.893   0.392

 3.41   0.00    0.407    0.382   0.100   0.042   0.081   0.020   0.144   0.019   0.000   0.000   0.000 212674800
 3.41   8.49   71.120
 3.41   9.00    1.268    0.624
 3.41   9.00    1.892   66.683
 3.41   9.00    1.803    0.708   1.892   0.417
 3.41   9.00    1.807    0.682   1.892   0.391

 3.42   0.00    0.406    0.381   0.100   0.042   0.081   0.020   0.144   0.019   0.000   0.000   0.000 213298500
 3.42   8.47   71.064
 3.42   9.00    1.266    0.625
 3.42   9.00    1.891   66.627
 3.42   9.00    1.803    0.707   1.891   0.416
 3.42   9.00    1.807    0.681   1.891   0.390

 3.43   0.00    0.405    0.380   0.100   0.042   0.081   0.020   0.143   0.019   0.000   0.000   0.000 213922200
 3.43   8.45   71.008
 3.43   9.00    1.264    0.626
 3.43   9.00    1.890   66.571
 3.43   9.00    1.802    0.705   1.890   0.415
 3.43   9.00    1.806    0.680   1.890   0.389

 3.44   0.00    0.404    0.379   0.099   0.042   0.080   0.020   0.143   0.019   0.000   0.000   0.000 214545900
 3.44   8.44   70.952
 3.44   9.00    1.263    0.627
 3.44   9.00    1.890   66.516
 3.44   9.00    1.802    0.704   1.890   0.414
 3.44   9.00    1.806    0.679   1.890   0.388

 3.45   0.00    0.403    0.378   0.099   0.042   0.080   0.020   0.142   0.019   0.000   0.000   0.000 215169500
 3.45   8.42   70.891
 3.45   9.00    1.261    0.628
 3.45   9.00    1.889   66.457
 3.45   9.00    1.801    0.703   1.889   0.413
 3.45   9.00    1.805    0.678   1.889   0.387

 3.46   0.00    0.401    0.377   0.099   0.042   0.080   0.020   0.142   0.019   0.000   0.000   0.000 215793200
 3.46   8.41   70.831
 3.46   9.00    1.260    0.629
 3.46   9.00    1.888   66.399
 3.46   9.00    1.801    0.702   1.888   0.412
 3.46   9.00    1.805    0.677   1.888   0.386

 3.47   0.00    0.400    0.376   0.099   0.042   0.080   0.020   0.141   0.019   0.000   0.000   0.000 216416900
 3.47   8.39   70.771
 3.47   9.00    1.258    0.630
 3.47   9.00    1.888   66.341
 3.47   9.00    1.800    0.701   1.888   0.410
 3.47   9.00    1.804    0.676   1.888   0.385

 3.48   0.00    0.399    0.375   0.098   0.042   0.079   0.020   0.141   0.019   0.000   0.000   0.000 217040600
 3.48   8.37   70.711
 3.48   9.00    1.256    0.631
 3.48   9.00    1.887   66.284
 3.48   9.00    1.800    0.699   1.887   0.409
 3.48   9.00    1.804    0.675   1.887   0.384

 3.49   0.00    0.398    0.374   0.098   0.042   0.079   0.019   0.141   0.019   0.000   0.000   0.000 217664300
 3.49   8.36   70.652
 3.49   9.00    1.255    0.632
 3.49   9.00    1.887   66.226
 3.49   9.00    1.799    0.698   1.887   0.408
 3.49   9.00    1.803    0.673   1.887   0.383

 3.50   0.00    0.397    0.373   0.098   0.042   0.079   0.019   0.140   0.019   0.000   0.000   0.000 218287900
 3.50   8.34   70.592
 3.50   9.00    1.253    0.633
 3.50   9.00    1.886   66.169
 3.50   9.00    1.799    0.697   1.886   0.407
 3.50   9.00    1.803    0.672   1.886   0.382

 3.51   0.00    0.396    0.372   0.098   0.042   0.078   0.019   0.140   0.019   0.000   0.000   0.000 218911600
 3.51   8.33   70.533
 3.51   9.00    1.252    0.634
 3.51   9.00    1.885   66.112
 3.51   9.00    1.799    0.696   1.885   0.406
 3.51   9.00    1.803    0.671   1.885   0.381

 3.52   0.00    0.395    0.371   0.097   0.042   0.078   0.019   0.139   0.019   0.000   0.000   0.000 219535300
 3.52   8.31   70.474
 3.52   9.00    1.250    0.635
 3.52   9.00    1.885   66.055
 3.52   9.00    1.798    0.695   1.885   0.405
 3.52   9.00    1.802    0.670   1.885   0.380

 3.53   0.00    0.394    0.370   0.097   0.042   0.078   0.019   0.139   0.019   0.000   0.000   0.000 220159000
 3.53   8.30   70.415
 3.53   9.00    1.249    0.636
 3.53   9.00    1.884   65.999
 3.53   9.00    1.798    0.694   1.884   0.404
 3.53   9.00    1.802    0.669   1.884   0.379

 3.54   0.00    0.393    0.369   0.097   0.042   0.078   0.019   0.138   0.019   0.000   0.000   0.000 220782600
 3.54   8.28   70.356
 3.54   9.00    1.247    0.637
 3.54   9.00    1.884   65.943
 3.54   9.00    1.798    0.693   1.884   0.403
 3.54   9.00    1.801    0.668   1.884   0.378

 3.55   0.00    0.392    0.368   0.097   0.042   0.077   0.019   0.138   0.019   0.000   0.000   0.000 221406300
 3.55   8.27   70.297
 3.55   9.00    1.246    0.638
 3.55   9.00    1.883   65.887
 3.55   9.00    1.797    0.691   1.883   0.402
 3.55   9.00    1.801    0.667   1.883   0.377

 3.56   0.00    0.391    0.367   0.097   0.042   0.077   0.019   0.138   0.019   0.000   0.000   0.000 222030000
 3.56   8.25   70.239
 3.56   9.00    1.244    0.639
 3.56   9.00    1.883   65.831
 3.56   9.00    1.797    0.690   1.883   0.401
 3.56   9.00    1.801    0.666   1.883   0.376

 3.57   0.00    0.390    0.366   0.096   0.042   0.077   0.019   0.137   0.019   0.000   0.000   0.000 222653700
 3.57   8.24   70.181
 3.57   9.00    1.243    0.640
 3.57   9.00    1.882   65.776
 3.57   9.00    1.797    0.689   1.882   0.400
 3.57   9.00    1.801    0.665   1.882   0.375

 3.58   0.00    0.389    0.365   0.096   0.042   0.076   0.019   0.137   0.019   0.000   0.000   0.000 223277400
 3.58   8.22   70.123
 3.58   9.00    1.241    0.641
 3.58   9.00    1.882   65.721
 3.58   9.00    1.796    0.688   1.882   0.399
 3.58   9.00    1.800    0.664   1.882   0.374

 3.59   0.00    0.388    0.364   0.096   0.042   0.076   0.019   0.136   0.019   0.000   0.000   0.000 223901000
 3.59   8.21   70.059
 3.59   9.00    1.240    0.642
 3.59   9.00    1.882   65.666
 3.59   9.00    1.796    0.687   1.882   0.398
 3.59   9.00    1.800    0.663   1.882   0.373

 3.60   0.00    0.387    0.363   0.096   0.042   0.076   0.019   0.136   0.019   0.000   0.000   0.000 224524700
 3.60   8.20   69.992
 3.60   9.00    1.238    0.643
 3.60   9.00    1.881   65.611
 3.60   9.00    1.796    0.686   1.881   0.397
 3.60   9.00    1.800    0.662   1.881   0.372

 3.61   0.00    0.386    0.362   0.095   0.042   0.076   0.019   0.136   0.019   0.000   0.000   0.000 225148400
 3.61   8.19   69.925
 3.61   9.00    1.237    0.644
 3.61   9.00    1.881   65.557
 3.61   9.00    1.796    0.685   1.881   0.396
 3.61   9.00    1.800    0.661   1.881   0.371

 3.62   0.00    0.385    0.361   0.095   0.042   0.075   0.019   0.135   0.018   0.000   0.000   0.000 225772100
 3.62   8.18   69.859
 3.62   9.00    1.235    0.645
 3.62   9.00    1.880   65.503
 3.62   9.00    1.796    0.684   1.880   0.395
 3.62   9.00    1.799    0.660   1.880   0.371

 3.63   0.00    0.384    0.361   0.095   0.042   0.075   0.019   0.135   0.018   0.000   0.000   0.000 226395800
 3.63   8.17   69.792
 3.63   9.00    1.234    0.646
 3.63   9.00    1.880   65.449
 3.63   9.00    1.795    0.683   1.880   0.393
 3.63   9.00    1.799    0.659   1.880   0.370

 3.64   0.00    0.383    0.360   0.095   0.042   0.075   0.019   0.134   0.018   0.000   0.000   0.000 227019500
 3.64   8.16   69.726
 3.64   9.00    1.233    0.647
 3.64   9.00    1.880   65.395
 3.64   9.00    1.795    0.682   1.880   0.392
 3.64   9.00    1.799    0.658   1.880   0.369

 3.65   0.00    0.382    0.359   0.094   0.042   0.075   0.019   0.134   0.018   0.000   0.000   0.000 227643100
 3.65   8.15   69.660
 3.65   9.00    1.231    0.648
 3.65   9.00    1.879   65.342
 3.65   9.00    1.795    0.681   1.879   0.391
 3.65   9.00    1.799    0.657   1.879   0.368

 3.66   0.00    0.381    0.358   0.094   0.042   0.074   0.019   0.134   0.018   0.000   0.000   0.000 228266800
 3.66   8.15   69.595
 3.66   9.00    1.230    0.649
 3.66   9.00    1.879   65.289
 3.66   9.00    1.795    0.680   1.879   0.390
 3.66   9.00    1.799    0.656   1.879   0.367

 3.67   0.00    0.380    0.357   0.094   0.042   0.074   0.019   0.133   0.018   0.000   0.000   0.000 228890500
 3.67   8.14   69.529
 3.67   9.00    1.228    0.650
 3.67   9.00    1.879   65.236
 3.67   9.00    1.795    0.679   1.879   0.389
 3.67   9.00    1.798    0.655   1.879   0.366

 3.68   0.00    0.379    0.356   0.094   0.042   0.074   0.019   0.133   0.018   0.000   0.000   0.000 229514200
 3.68   8.13   69.464
 3.68   9.00    1.227    0.652
 3.68   9.00    1.879   65.183
 3.68   9.00    1.795    0.678   1.879   0.388
 3.68   9.00    1.798    0.654   1.879   0.365

 3.69   0.00    0.378    0.355   0.094   0.042   0.074   0.019   0.132   0.018   0.000   0.000   0.000 230137900
 3.69   8.12   69.399
 3.69   9.00    1.226    0.653
 3.69   9.00    1.878   65.131
 3.69   9.00    1.795    0.677   1.878   0.387
 3.69   9.00    1.798    0.654   1.878   0.364

 3.70   0.00    0.377    0.354   0.093   0.042   0.073   0.019   0.132   0.018   0.000   0.000   0.000 230761500
 3.70   8.11   69.334
 3.70   9.00    1.224    0.654
 3.70   9.00    1.878   65.079
 3.70   9.00    1.795    0.676   1.878   0.387
 3.70   9.00    1.798    0.653   1.878   0.363

 3.71   0.00    0.376    0.354   0.093   0.042   0.073   0.018   0.132   0.018   0.000   0.000   0.000 231385200
 3.71   8.10   69.270
 3.71   9.00    1.223    0.655
 3.71   9.00    1.878   65.027
 3.71   9.00    1.794    0.675   1.878   0.386
 3.71   9.00    1.798    0.652   1.878   0.362

 3.72   0.00    0.375    0.353   0.093   0.042   0.073   0.018   0.131   0.018   0.000   0.000   0.000 232008900
 3.72   8.10   69.206
 3.72   9.00    1.222    0.656
 3.72   9.00    1.878   64.975
 3.72   9.00    1.794    0.674   1.878   0.385
 3.72   9.00    1.798    0.651   1.878   0.362

 3.73   0.00    0.374    0.352   0.093   0.042   0.073   0.018   0.131   0.018   0.000   0.000   0.000 232632600
 3.73   8.09   69.142
 3.73   9.00    1.220    0.657
 3.73   9.00    1.878   64.924
 3.73   9.00    1.794    0.673   1.878   0.384
 3.73   9.00    1.798    0.650   1.878   0.361

 3.74   0.00    0.373    0.351   0.093   0.042   0.072   0.018   0.130   0.018   0.000   0.000   0.000 233256200
 3.74   8.08   69.078
 3.74   9.00    1.219    0.658
 3.74   9.00    1.877   64.873
 3.74   9.00    1.794    0.672   1.877   0.383
 3.74   9.00    1.798    0.649   1.877   0.360

 3.75   0.00    0.372    0.350   0.092   0.042   0.072   0.018   0.130   0.018   0.000   0.000   0.000 233879900
 3.75   8.07   69.015
 3.75   9.00    1.218    0.659
 3.75   9.00    1.877   64.822
 3.75   9.00    1.794    0.671   1.877   0.382
 3.75   9.00    1.798    0.648   1.877   0.359

 3.76   0.00    0.371    0.349   0.092   0.042   0.072   0.018   0.130   0.018   0.000   0.000   0.000 234503600
 3.76   8.06   68.952
 3.76   9.00    1.217    0.660
 3.76   9.00    1.877   64.771
 3.76   9.00    1.794    0.670   1.877   0.381
 3.76   9.00    1.798    0.647   1.877   0.358

 3.77   0.00    0.370    0.349   0.092   0.042   0.072   0.018   0.129   0.018   0.000   0.000   0.000 235127300
 3.77   8.06   68.889
 3.77   9.00    1.215    0.662
 3.77   9.00    1.877   64.721
 3.77   9.00    1.794    0.669   1.877   0.380
 3.77   9.00    1.798    0.646   1.877   0.357

 3.78   0.00    0.370    0.348   0.092   0.042   0.071   0.018   0.129   0.018   0.000   0.000   0.000 235751000
 3.78   8.05   68.826
 3.78   9.00    1.214    0.663
 3.78   9.00    1.877   64.670
 3.78   9.00    1.794    0.668   1.877   0.379
 3.78   9.00    1.798    0.646   1.877   0.356

 3.79   0.00    0.369    0.347   0.091   0.042   0.071   0.018   0.129   0.018   0.000   0.000   0.000 236374600
 3.79   8.04   68.764
 3.79   9.00    1.213    0.664
 3.79   9.00    1.877   64.620
 3.79   9.00    1.795    0.667   1.877   0.378
 3.79   9.00    1.798    0.645   1.877   0.356

 3.80   0.00    0.368    0.346   0.091   0.042   0.071   0.018   0.128   0.018   0.000   0.000   0.000 236998300
 3.80   8.03   68.701
 3.80   9.00    1.212    0.665
 3.80   9.00    1.877   64.571
 3.80   9.00    1.795    0.666   1.877   0.377
 3.80   9.00    1.798    0.644   1.877   0.355

 3.81   0.00    0.367    0.345   0.091   0.041   0.071   0.018   0.128   0.018   0.000   0.000   0.000 237622000
 3.81   8.02   68.639
 3.81   9.00    1.211    0.666
 3.81   9.00    1.877   64.521
 3.81   9.00    1.795    0.665   1.877   0.376
 3.81   9.00    1.798    0.643   1.877   0.354

 3.82   0.00    0.366    0.344   0.091   0.041   0.070   0.018   0.127   0.018   0.000   0.000   0.000 238245700
 3.82   8.02   68.578
 3.82   9.00    1.209    0.667
 3.82   9.00    1.877   64.472
 3.82   9.00    1.795    0.664   1.877   0.375
 3.82   9.00    1.798    0.642   1.877   0.353

 3.83   0.00    0.365    0.344   0.091   0.041   0.070   0.018   0.127   0.018   0.000   0.000   0.000 238869400
 3.83   8.01   68.516
 3.83   9.00    1.208    0.668
 3.83   9.00    1.877   64.423
 3.83   9.00    1.795    0.663   1.877   0.374
 3.83   9.00    1.798    0.641   1.877   0.352

 3.84   0.00    0.364    0.343   0.090   0.041   0.070   0.018   0.127   0.018   0.000   0.000   0.000 239493000
 3.84   8.00   68.455
 3.84   9.00    1.207    0.668
 3.84   9.00    1.875   64.379
 3.84   9.00    1.794    0.662   1.875   0.373
 3.84   9.00    1.797    0.641   1.875   0.351

 3.85   0.00    0.363    0.342   0.090   0.041   0.070   0.018   0.126   0.017   0.000   0.000   0.000 240116700
 3.85   7.99   68.394
 3.85   9.00    1.206    0.668
 3.85   9.00    1.874   64.336
 3.85   9.00    1.793    0.661   1.874   0.372
 3.85   9.00    1.796    0.640   1.874   0.351

 3.86   0.00    0.362    0.341   0.090   0.041   0.070   0.018   0.126   0.017   0.000   0.000   0.000 240740400
 3.86   7.99   68.334
 3.86   9.00    1.205    0.668
 3.86   9.00    1.873   64.293
 3.86   9.00    1.792    0.660   1.873   0.371
 3.86   9.00    1.795    0.639   1.873   0.350

 3.87   0.00    0.361    0.340   0.090   0.041   0.069   0.018   0.126   0.017   0.000   0.000   0.000 241364100
 3.87   7.98   68.273
 3.87   9.00    1.204    0.668
 3.87   9.00    1.872   64.250
 3.87   9.00    1.791    0.659   1.872   0.371
 3.87   9.00    1.794    0.637   1.872   0.349

 3.88   0.00    0.361    0.340   0.090   0.041   0.069   0.018   0.125   0.017   0.000   0.000   0.000 241987800
 3.88   7.97   68.213
 3.88   9.00    1.202    0.668
 3.88   9.00    1.871   64.207
 3.88   9.00    1.790    0.658   1.871   0.370
 3.88   9.00    1.793    0.636   1.871   0.348

 3.89   0.00    0.360    0.339   0.089   0.041   0.069   0.018   0.125   0.017   0.000   0.000   0.000 242611500
 3.89   7.97   68.153
 3.89   9.00    1.201    0.668
 3.89   9.00    1.870   64.165
 3.89   9.00    1.789    0.657   1.870   0.369
 3.89   9.00    1.792    0.635   1.870   0.347

 3.90   0.00    0.359    0.338   0.089   0.041   0.069   0.018   0.125   0.017   0.000   0.000   0.000 243235100
 3.90   7.96   68.093
 3.90   9.00    1.200    0.668
 3.90   9.00    1.869   64.123
 3.90   9.00    1.788    0.656   1.869   0.368
 3.90   9.00    1.791    0.635   1.869   0.346

 3.91   0.00    0.358    0.337   0.089   0.041   0.068   0.018   0.124   0.017   0.000   0.000   0.000 243858800
 3.91   7.95   68.034
 3.91   9.00    1.199    0.668
 3.91   9.00    1.868   64.080
 3.91   9.00    1.787    0.655   1.868   0.367
 3.91   9.00    1.791    0.634   1.868   0.346

 3.92   0.00    0.357    0.336   0.089   0.041   0.068   0.018   0.124   0.017   0.000   0.000   0.000 244482500
 3.92   7.94   67.975
 3.92   9.00    1.198    0.668
 3.92   9.00    1.866   64.039
 3.92   9.00    1.786    0.654   1.866   0.366
 3.92   9.00    1.790    0.633   1.866   0.345

 3.93   0.00    0.356    0.336   0.089   0.041   0.068   0.018   0.124   0.017   0.000   0.000   0.000 245106200
 3.93   7.94   67.916
 3.93   9.00    1.197    0.668
 3.93   9.00    1.865   63.997
 3.93   9.00    1.785    0.653   1.865   0.365
 3.93   9.00    1.789    0.632   1.865   0.344

 3.94   0.00    0.355    0.335   0.088   0.041   0.068   0.018   0.123   0.017   0.000   0.000   0.000 245729800
 3.94   7.93   67.857
 3.94   9.00    1.196    0.668
 3.94   9.00    1.864   63.955
 3.94   9.00    1.784    0.652   1.864   0.364
 3.94   9.00    1.788    0.631   1.864   0.343

 3.95   0.00    0.355    0.334   0.088   0.041   0.068   0.017   0.123   0.017   0.000   0.000   0.000 246353500
 3.95   7.92   67.799
 3.95   9.00    1.195    0.668
 3.95   9.00    1.863   63.914
 3.95   9.00    1.783    0.651   1.863   0.363
 3.95   9.00    1.787    0.630   1.863   0.342

 3.96   0.00    0.354    0.333   0.088   0.041   0.067   0.017   0.123   0.017   0.000   0.000   0.000 246977200
 3.96   7.92   67.740
 3.96   9.00    1.194    0.668
 3.96   9.00    1.862   63.873
 3.96   9.00    1.783    0.649   1.862   0.363
 3.96   9.00    1.786    0.629   1.862   0.342

 3.97   0.00    0.353    0.332   0.088   0.041   0.067   0.017   0.122   0.017   0.000   0.000   0.000 247600900
 3.97   7.91   67.682
 3.97   9.00    1.193    0.668
 3.97   9.00    1.861   63.832
 3.97   9.00    1.782    0.648   1.861   0.362
 3.97   9.00    1.785    0.628   1.861   0.341

 3.98   0.00    0.352    0.332   0.088   0.041   0.067   0.017   0.122   0.017   0.000   0.000   0.000 248224600
 3.98   7.90   67.625
 3.98   9.00    1.192    0.668
 3.98   9.00    1.860   63.792
 3.98   9.00    1.781    0.647   1.860   0.361
 3.98   9.00    1.784    0.627   1.860   0.340

 3.99   0.00    0.351    0.331   0.087   0.041   0.067   0.017   0.122   0.017   0.000   0.000   0.000 248848200
 3.99   7.90   67.567
 3.99   9.00    1.191    0.668
 3.99   9.00    1.859   63.751
 3.99   9.00    1.780    0.646   1.859   0.360
 3.99   9.00    1.783    0.626   1.859   0.339

 4.00   0.00    0.350    0.330   0.087   0.041   0.067   0.017   0.121   0.017   0.000   0.000   0.000 249471900
 4.00   7.89   67.510
 4.00   9.00    1.190    0.668
 4.00   9.00    1.858   63.711
 4.00   9.00    1.779    0.645   1.858   0.359
 4.00   9.00    1.782    0.625   1.858   0.338

 4.01   0.00    0.350    0.329   0.087   0.041   0.066   0.017   0.121   0.017   0.000   0.000   0.000 250095600
 4.01   7.88   67.453
 4.01   9.00    1.189    0.668
 4.01   9.00    1.857   63.671
 4.01   9.00    1.778    0.644   1.857   0.358
 4.01   9.00    1.781    0.624   1.857   0.338

 4.02   0.00    0.349    0.329   0.087   0.041   0.066   0.017   0.121   0.017   0.000   0.000   0.000 250719300
 4.02   7.88   67.396
 4.02   9.00    1.188    0.668
 4.02   9.00    1.856   63.631
 4.02   9.00    1.777    0.643   1.856   0.358
 4.02   9.00    1.781    0.623   1.856   0.337

 4.03   0.00    0.348    0.328   0.087   0.041   0.066   0.017   0.120   0.017   0.000   0.000   0.000 251343000
 4.03   7.87   67.340
 4.03   9.00    1.187    0.668
 4.03   9.00    1.855   63.592
 4.03   9.00    1.777    0.643   1.855   0.357
 4.03   9.00    1.780    0.622   1.855   0.336

 4.04   0.00    0.347    0.327   0.086   0.041   0.066   0.017   0.120   0.017   0.000   0.000   0.000 251966600
 4.04   7.87   67.284
 4.04   9.00    1.186    0.668
 4.04   9.00    1.854   63.552
 4.04   9.00    1.776    0.642   1.854   0.356
 4.04   9.00    1.779    0.621   1.854   0.335

 4.05   0.00    0.346    0.326   0.086   0.041   0.065   0.017   0.120   0.017   0.000   0.000   0.000 252590300
 4.05   7.86   67.228
 4.05   9.00    1.185    0.668
 4.05   9.00    1.853   63.513
 4.05   9.00    1.775    0.641   1.853   0.355
 4.05   9.00    1.778    0.620   1.853   0.335

 4.06   0.00    0.346    0.326   0.086   0.041   0.065   0.017   0.119   0.017   0.000   0.000   0.000 253214000
 4.06   7.85   67.172
 4.06   9.00    1.184    0.668
 4.06   9.00    1.852   63.474
 4.06   9.00    1.774    0.640   1.852   0.354
 4.06   9.00    1.777    0.619   1.852   0.334

 4.07   0.00    0.345    0.325   0.086   0.041   0.065   0.017   0.119   0.017   0.000   0.000   0.000 253837700
 4.07   7.85   67.117
 4.07   9.00    1.183    0.668
 4.07   9.00    1.851   63.435
 4.07   9.00    1.773    0.639   1.851   0.353
 4.07   9.00    1.776    0.619   1.851   0.333

 4.08   0.00    0.344    0.324   0.086   0.041   0.065   0.017   0.119   0.017   0.000   0.000   0.000 254461400
 4.08   7.84   67.062
 4.08   9.00    1.182    0.668
 4.08   9.00    1.850   63.396
 4.08   9.00    1.772    0.638   1.850   0.353
 4.08   9.00    1.776    0.618   1.850   0.332

 4.09   0.00    0.343    0.323   0.085   0.041   0.065   0.017   0.119   0.017   0.000   0.000   0.000 255085000
 4.09   7.84   67.007
 4.09   9.00    1.181    0.668
 4.09   9.00    1.849   63.358
 4.09   9.00    1.772    0.637   1.849   0.352
 4.09   9.00    1.775    0.617   1.849   0.332

 4.10   0.00    0.342    0.323   0.085   0.041   0.064   0.017   0.118   0.017   0.000   0.000   0.000 255708700
 4.10   7.83   66.952
 4.10   9.00    1.180    0.668
 4.10   9.00    1.849   63.320
 4.10   9.00    1.771    0.636   1.849   0.351
 4.10   9.00    1.774    0.616   1.849   0.331

 4.11   0.00    0.342    0.322   0.085   0.041   0.064   0.017   0.118   0.016   0.000   0.000   0.000 256332400
 4.11   7.82   66.897
 4.11   9.00    1.179    0.668
 4.11   9.00    1.848   63.282
 4.11   9.00    1.770    0.635   1.848   0.350
 4.11   9.00    1.773    0.615   1.848   0.330

 4.12   0.00    0.341    0.321   0.085   0.041   0.064   0.017   0.118   0.016   0.000   0.000   0.000 256956100
 4.12   7.82   66.843
 4.12   9.00    1.178    0.668
 4.12   9.00    1.847   63.244
 4.12   9.00    1.769    0.634   1.847   0.349
 4.12   9.00    1.772    0.614   1.847   0.329

 4.13   0.00    0.340    0.321   0.085   0.041   0.064   0.017   0.117   0.016   0.000   0.000   0.000 257579800
 4.13   7.81   66.789
 4.13   9.00    1.177    0.668
 4.13   9.00    1.846   63.206
 4.13   9.00    1.769    0.633   1.846   0.349
 4.13   9.00    1.772    0.613   1.846   0.329

 4.14   0.00    0.339    0.320   0.084   0.041   0.064   0.017   0.117   0.016   0.000   0.000   0.000 258203400
 4.14   7.81   66.736
 4.14   9.00    1.176    0.668
 4.14   9.00    1.845   63.169
 4.14   9.00    1.768    0.632   1.845   0.348
 4.14   9.00    1.771    0.612   1.845   0.328

 4.15   0.00    0.338    0.319   0.084   0.041   0.063   0.017   0.117   0.016   0.000   0.000   0.000 258827100
 4.15   7.80   66.682
 4.15   9.00    1.176    0.668
 4.15   9.00    1.844   63.132
 4.15   9.00    1.767    0.631   1.844   0.347
 4.15   9.00    1.770    0.612   1.844   0.327

 4.16   0.00    0.338    0.318   0.084   0.041   0.063   0.017   0.116   0.016   0.000   0.000   0.000 259450800
 4.16   7.80   66.629
 4.16   9.00    1.175    0.668
 4.16   9.00    1.843   63.095
 4.16   9.00    1.766    0.630   1.843   0.346
 4.16   9.00    1.769    0.611   1.843   0.326

 4.17   0.00    0.337    0.318   0.084   0.041   0.063   0.017   0.116   0.016   0.000   0.000   0.000 260074500
 4.17   7.79   66.576
 4.17   9.00    1.174    0.668
 4.17   9.00    1.842   63.058
 4.17   9.00    1.766    0.629   1.842   0.345
 4.17   9.00    1.769    0.610   1.842   0.326

 4.18   0.00    0.336    0.317   0.084   0.041   0.063   0.017   0.116   0.016   0.000   0.000   0.000 260698100
 4.18   7.78   66.523
 4.18   9.00    1.173    0.668
 4.18   9.00    1.841   63.021
 4.18   9.00    1.765    0.628   1.841   0.345
 4.18   9.00    1.768    0.609   1.841   0.325

 4.19   0.00    0.335    0.316   0.084   0.041   0.063   0.017   0.116   0.016   0.000   0.000   0.000 261321800
 4.19   7.78   66.471
 4.19   9.00    1.172    0.668
 4.19   9.00    1.841   62.985
 4.19   9.00    1.764    0.628   1.841   0.344
 4.19   9.00    1.767    0.608   1.841   0.324

 4.20   0.00    0.335    0.316   0.083   0.041   0.063   0.017   0.115   0.016   0.000   0.000   0.000 261945500
 4.20   7.77   66.419
 4.20   9.00    1.171    0.668
 4.20   9.00    1.840   62.949
 4.20   9.00    1.763    0.627   1.840   0.343
 4.20   9.00    1.767    0.607   1.840   0.323

 4.21   0.00    0.334    0.315   0.083   0.041   0.062   0.016   0.115   0.016   0.000   0.000   0.000 262569200
 4.21   7.77   66.367
 4.21   9.00    1.170    0.668
 4.21   9.00    1.839   62.912
 4.21   9.00    1.763    0.626   1.839   0.342
 4.21   9.00    1.766    0.606   1.839   0.323

 4.22   0.00    0.333    0.314   0.083   0.041   0.062   0.016   0.115   0.016   0.000   0.000   0.000 263192900
 4.22   7.76   66.315
 4.22   9.00    1.170    0.668
 4.22   9.00    1.838   62.877
 4.22   9.00    1.762    0.625   1.838   0.342
 4.22   9.00    1.765    0.606   1.838   0.322

 4.23   0.00    0.332    0.314   0.083   0.041   0.062   0.016   0.114   0.016   0.000   0.000   0.000 263816600
 4.23   7.76   66.267
 4.23   9.00    1.169    0.668
 4.23   9.00    1.837   62.843
 4.23   9.00    1.761    0.624   1.837   0.341
 4.23   9.00    1.764    0.605   1.837   0.321

 4.24   0.00    0.332    0.313   0.083   0.041   0.062   0.016   0.114   0.016   0.000   0.000   0.000 264440200
 4.24   7.75   66.238
 4.24   9.00    1.167    0.668
 4.24   9.00    1.835   62.820
 4.24   9.00    1.759    0.623   1.835   0.340
 4.24   9.00    1.762    0.604   1.835   0.321

 4.25   0.00    0.331    0.312   0.082   0.041   0.062   0.016   0.114   0.016   0.000   0.000   0.000 265063900
 4.25   7.73   66.209
 4.25   9.00    1.165    0.668
 4.25   9.00    1.833   62.797
 4.25   9.00    1.758    0.622   1.833   0.339
 4.25   9.00    1.761    0.603   1.833   0.320

 4.26   0.00    0.330    0.311   0.082   0.041   0.061   0.016   0.114   0.016   0.000   0.000   0.000 265687600
 4.26   7.72   66.180
 4.26   9.00    1.163    0.668
 4.26   9.00    1.832   62.775
 4.26   9.00    1.756    0.621   1.832   0.339
 4.26   9.00    1.759    0.602   1.832   0.319

 4.27   0.00    0.329    0.311   0.082   0.041   0.061   0.016   0.113   0.016   0.000   0.000   0.000 266311300
 4.27   7.71   66.151
 4.27   9.00    1.161    0.668
 4.27   9.00    1.830   62.752
 4.27   9.00    1.754    0.620   1.830   0.338
 4.27   9.00    1.757    0.601   1.830   0.319

 4.28   0.00    0.329    0.310   0.082   0.041   0.061   0.016   0.113   0.016   0.000   0.000   0.000 266935000
 4.28   7.70   66.122
 4.28   9.00    1.159    0.668
 4.28   9.00    1.828   62.730
 4.28   9.00    1.753    0.619   1.828   0.337
 4.28   9.00    1.756    0.600   1.828   0.318

 4.29   0.00    0.328    0.309   0.082   0.041   0.061   0.016   0.113   0.016   0.000   0.000   0.000 267558600
 4.29   7.69   66.093
 4.29   9.00    1.158    0.668
 4.29   9.00    1.826   62.707
 4.29   9.00    1.751    0.618   1.826   0.336
 4.29   9.00    1.754    0.599   1.826   0.317

 4.30   0.00    0.327    0.309   0.082   0.041   0.061   0.016   0.112   0.016   0.000   0.000   0.000 268182300
 4.30   7.68   66.064
 4.30   9.00    1.156    0.668
 4.30   9.00    1.824   62.685
 4.30   9.00    1.749    0.617   1.824   0.336
 4.30   9.00    1.752    0.598   1.824   0.317

 4.31   0.00    0.327    0.308   0.081   0.041   0.060   0.016   0.112   0.016   0.000   0.000   0.000 268806000
 4.31   7.66   66.035
 4.31   9.00    1.154    0.668
 4.31   9.00    1.822   62.662
 4.31   9.00    1.748    0.616   1.822   0.335
 4.31   9.00    1.751    0.597   1.822   0.316

 4.32   0.00    0.326    0.307   0.081   0.041   0.060   0.016   0.112   0.016   0.000   0.000   0.000 269429700
 4.32   7.65   66.007
 4.32   9.00    1.152    0.668
 4.32   9.00    1.821   62.640
 4.32   9.00    1.746    0.615   1.821   0.334
 4.32   9.00    1.749    0.596   1.821   0.315

 4.33   0.00    0.325    0.307   0.081   0.041   0.060   0.016   0.112   0.016   0.000   0.000   0.000 270053300
 4.33   7.64   65.978
 4.33   9.00    1.150    0.668
 4.33   9.00    1.819   62.618
 4.33   9.00    1.744    0.614   1.819   0.333
 4.33   9.00    1.747    0.595   1.819   0.315

 4.34   0.00    0.324    0.306   0.081   0.041   0.060   0.016   0.111   0.016   0.000   0.000   0.000 270677100
 4.34   7.63   65.949
 4.34   9.00    1.149    0.668
 4.34   9.00    1.817   62.596
 4.34   9.00    1.743    0.613   1.817   0.333
 4.34   9.00    1.746    0.594   1.817   0.314

 4.35   0.00    0.324    0.306   0.081   0.041   0.060   0.016   0.111   0.016   0.000   0.000   0.000 271300700
 4.35   7.62   65.921
 4.35   9.00    1.147    0.668
 4.35   9.00    1.815   62.573
 4.35   9.00    1.741    0.612   1.815   0.332
 4.35   9.00    1.744    0.593   1.815   0.313

 4.36   0.00    0.323    0.305   0.080   0.041   0.060   0.016   0.111   0.016   0.000   0.000   0.000 271924400
 4.36   7.61   65.892
 4.36   9.00    1.145    0.668
 4.36   9.00    1.813   62.551
 4.36   9.00    1.739    0.611   1.813   0.331
 4.36   9.00    1.742    0.592   1.813   0.313

 4.37   0.00    0.322    0.304   0.080   0.041   0.059   0.016   0.110   0.016   0.000   0.000   0.000 272548100
 4.37   7.60   65.863
 4.37   9.00    1.143    0.668
 4.37   9.00    1.812   62.529
 4.37   9.00    1.738    0.610   1.812   0.330
 4.37   9.00    1.741    0.591   1.812   0.312

 4.38   0.00    0.322    0.304   0.080   0.041   0.059   0.016   0.110   0.016   0.000   0.000   0.000 273171700
 4.38   7.58   65.835
 4.38   9.00    1.141    0.668
 4.38   9.00    1.810   62.507
 4.38   9.00    1.736    0.609   1.810   0.330
 4.38   9.00    1.739    0.591   1.810   0.311

 4.39   0.00    0.321    0.303   0.080   0.041   0.059   0.016   0.110   0.016   0.000   0.000   0.000 273795400
 4.39   7.57   65.806
 4.39   9.00    1.140    0.668
 4.39   9.00    1.808   62.485
 4.39   9.00    1.734    0.608   1.808   0.329
 4.39   9.00    1.737    0.590   1.808   0.311

 4.40   0.00    0.320    0.302   0.080   0.041   0.059   0.016   0.110   0.015   0.000   0.000   0.000 274419100
 4.40   7.56   65.777
 4.40   9.00    1.138    0.668
 4.40   9.00    1.806   62.463
 4.40   9.00    1.733    0.607   1.806   0.328
 4.40   9.00    1.736    0.589   1.806   0.310

 4.41   0.00    0.320    0.302   0.080   0.041   0.059   0.016   0.109   0.015   0.000   0.000   0.000 275042800
 4.41   7.55   65.749
 4.41   9.00    1.136    0.668
 4.41   9.00    1.805   62.441
 4.41   9.00    1.731    0.606   1.805   0.328
 4.41   9.00    1.734    0.588   1.805   0.309

 4.42   0.00    0.319    0.301   0.079   0.041   0.059   0.016   0.109   0.015   0.000   0.000   0.000 275666500
 4.42   7.54   65.720
 4.42   9.00    1.134    0.668
 4.42   9.00    1.803   62.419
 4.42   9.00    1.730    0.605   1.803   0.327
 4.42   9.00    1.732    0.587   1.803   0.309

 4.43   0.00    0.318    0.301   0.079   0.041   0.058   0.016   0.109   0.015   0.000   0.000   0.000 276290100
 4.43   7.53   65.692
 4.43   9.00    1.133    0.668
 4.43   9.00    1.801   62.397
 4.43   9.00    1.728    0.604   1.801   0.326
 4.43   9.00    1.731    0.586   1.801   0.308

 4.44   0.00    0.318    0.300   0.079   0.041   0.058   0.016   0.109   0.015   0.000   0.000   0.000 276913800
 4.44   7.52   65.663
 4.44   9.00    1.131    0.668
 4.44   9.00    1.799   62.375
 4.44   9.00    1.726    0.603   1.799   0.325
 4.44   9.00    1.729    0.585   1.799   0.308

 4.45   0.00    0.317    0.299   0.079   0.041   0.058   0.016   0.108   0.015   0.000   0.000   0.000 277537500
 4.45   7.51   65.635
 4.45   9.00    1.129    0.668
 4.45   9.00    1.798   62.354
 4.45   9.00    1.725    0.602   1.798   0.325
 4.45   9.00    1.728    0.584   1.798   0.307

 4.46   0.00    0.316    0.299   0.079   0.041   0.058   0.016   0.108   0.015   0.000   0.000   0.000 278161200
 4.46   7.50   65.607
 4.46   9.00    1.128    0.668
 4.46   9.00    1.796   62.332
 4.46   9.00    1.723    0.601   1.796   0.324
 4.46   9.00    1.726    0.584   1.796   0.306

 4.47   0.00    0.316    0.298   0.079   0.041   0.058   0.016   0.108   0.015   0.000   0.000   0.000 278784900
 4.47   7.49   65.578
 4.47   9.00    1.126    0.668
 4.47   9.00    1.794   62.310
 4.47   9.00    1.722    0.600   1.794   0.323
 4.47   9.00    1.724    0.583   1.794   0.306

 4.48   0.00    0.315    0.298   0.078   0.041   0.058   0.016   0.108   0.015   0.000   0.000   0.000 279408500
 4.48   7.47   65.550
 4.48   9.00    1.124    0.668
 4.48   9.00    1.793   62.288
 4.48   9.00    1.720    0.599   1.793   0.323
 4.48   9.00    1.723    0.582   1.793   0.305

 4.49   0.00    0.314    0.297   0.078   0.041   0.057   0.016   0.107   0.015   0.000   0.000   0.000 280032200
 4.49   7.46   65.522
 4.49   9.00    1.123    0.668
 4.49   9.00    1.791   62.267
 4.49   9.00    1.719    0.598   1.791   0.322
 4.49   9.00    1.721    0.581   1.791   0.305

 4.50   0.00    0.314    0.296   0.078   0.041   0.057   0.015   0.107   0.015   0.000   0.000   0.000 280655900
 4.50   7.45   65.493
 4.50   9.00    1.121    0.668
 4.50   9.00    1.789   62.245
 4.50   9.00    1.717    0.597   1.789   0.321
 4.50   9.00    1.720    0.580   1.789   0.304

 4.51   0.00    0.313    0.296   0.078   0.040   0.057   0.015   0.107   0.015   0.000   0.000   0.000 281279600
 4.51   7.44   65.465
 4.51   9.00    1.119    0.668
 4.51   9.00    1.788   62.224
 4.51   9.00    1.715    0.596   1.788   0.321
 4.51   9.00    1.718    0.579   1.788   0.303

 4.52   0.00    0.312    0.295   0.078   0.040   0.057   0.015   0.107   0.015   0.000   0.000   0.000 281903300
 4.52   7.43   65.437
 4.52   9.00    1.117    0.668
 4.52   9.00    1.786   62.202
 4.52   9.00    1.714    0.595   1.786   0.320
 4.52   9.00    1.717    0.578   1.786   0.303

 4.53   0.00    0.312    0.295   0.078   0.040   0.057   0.015   0.106   0.015   0.000   0.000   0.000 282527000
 4.53   7.42   65.409
 4.53   9.00    1.116    0.668
 4.53   9.00    1.784   62.181
 4.53   9.00    1.712    0.595   1.784   0.319
 4.53   9.00    1.715    0.578   1.784   0.302

 4.54   0.00    0.311    0.294   0.077   0.040   0.057   0.015   0.106   0.015   0.000   0.000   0.000 283150600
 4.54   7.41   65.381
 4.54   9.00    1.114    0.668
 4.54   9.00    1.783   62.160
 4.54   9.00    1.711    0.594   1.783   0.319
 4.54   9.00    1.713    0.577   1.783   0.302

 4.55   0.00    0.310    0.294   0.077   0.040   0.056   0.015   0.106   0.015   0.000   0.000   0.000 283774300
 4.55   7.40   65.352
 4.55   9.00    1.112    0.668
 4.55   9.00    1.781   62.138
 4.55   9.00    1.709    0.593   1.781   0.318
 4.55   9.00    1.712    0.576   1.781   0.301

 4.56   0.00    0.310    0.293   0.077   0.040   0.056   0.015   0.106   0.015   0.000   0.000   0.000 284398000
 4.56   7.39   65.324
 4.56   9.00    1.111    0.668
 4.56   9.00    1.779   62.117
 4.56   9.00    1.708    0.592   1.779   0.317
 4.56   9.00    1.710    0.575   1.779   0.300

 4.57   0.00    0.309    0.292   0.077   0.040   0.056   0.015   0.105   0.015   0.000   0.000   0.000 285021700
 4.57   7.38   65.296
 4.57   9.00    1.109    0.668
 4.57   9.00    1.778   62.096
 4.57   9.00    1.706    0.591   1.778   0.317
 4.57   9.00    1.709    0.574   1.778   0.300

 4.58   0.00    0.308    0.292   0.077   0.040   0.056   0.015   0.105   0.015   0.000   0.000   0.000 285645300
 4.58   7.37   65.268
 4.58   9.00    1.108    0.668
 4.58   9.00    1.776   62.074
 4.58   9.00    1.705    0.590   1.776   0.316
 4.58   9.00    1.707    0.573   1.776   0.299

 4.59   0.00    0.308    0.291   0.077   0.040   0.056   0.015   0.105   0.015   0.000   0.000   0.000 286269000
 4.59   7.36   65.240
 4.59   9.00    1.106    0.668
 4.59   9.00    1.774   62.053
 4.59   9.00    1.703    0.589   1.774   0.315
 4.59   9.00    1.706    0.573   1.774   0.299

 4.60   0.00    0.307    0.291   0.076   0.040   0.056   0.015   0.105   0.015   0.000   0.000   0.000 286892700
 4.60   7.35   65.212
 4.60   9.00    1.104    0.668
 4.60   9.00    1.773   62.032
 4.60   9.00    1.702    0.588   1.773   0.315
 4.60   9.00    1.704    0.572   1.773   0.298

 4.61   0.00    0.306    0.290   0.076   0.040   0.055   0.015   0.104   0.015   0.000   0.000   0.000 287516400
 4.61   7.34   65.184
 4.61   9.00    1.103    0.668
 4.61   9.00    1.771   62.011
 4.61   9.00    1.700    0.587   1.771   0.314
 4.61   9.00    1.703    0.571   1.771   0.297

 4.62   0.00    0.306    0.290   0.076   0.040   0.055   0.015   0.104   0.015   0.000   0.000   0.000 288140100
 4.62   7.33   65.156
 4.62   9.00    1.101    0.668
 4.62   9.00    1.770   61.990
 4.62   9.00    1.699    0.586   1.770   0.313
 4.62   9.00    1.701    0.570   1.770   0.297

 4.63   0.00    0.305    0.289   0.076   0.040   0.055   0.015   0.104   0.015   0.000   0.000   0.000 288763700
 4.63   7.32   65.128
 4.63   9.00    1.099    0.668
 4.63   9.00    1.768   61.969
 4.63   9.00    1.697    0.585   1.768   0.313
 4.63   9.00    1.700    0.569   1.768   0.296

 4.64   0.00    0.304    0.289   0.076   0.040   0.055   0.015   0.104   0.015   0.000   0.000   0.000 289387400
 4.64   7.31   65.101
 4.64   9.00    1.098    0.668
 4.64   9.00    1.766   61.948
 4.64   9.00    1.696    0.585   1.766   0.312
 4.64   9.00    1.698    0.568   1.766   0.296

 4.65   0.00    0.304    0.288   0.076   0.040   0.055   0.015   0.104   0.015   0.000   0.000   0.000 290011100
 4.65   7.30   65.073
 4.65   9.00    1.096    0.668
 4.65   9.00    1.765   61.927
 4.65   9.00    1.694    0.584   1.765   0.311
 4.65   9.00    1.697    0.568   1.765   0.295

 4.66   0.00    0.303    0.287   0.075   0.040   0.055   0.015   0.103   0.015   0.000   0.000   0.000 290634800
 4.66   7.29   65.045
 4.66   9.00    1.095    0.668
 4.66   9.00    1.763   61.906
 4.66   9.00    1.693    0.583   1.763   0.311
 4.66   9.00    1.695    0.567   1.763   0.295

 4.67   0.00    0.303    0.287   0.075   0.040   0.054   0.015   0.103   0.015   0.000   0.000   0.000 291258500
 4.67   7.28   65.017
 4.67   9.00    1.093    0.668
 4.67   9.00    1.762   61.885
 4.67   9.00    1.691    0.582   1.762   0.310
 4.67   9.00    1.694    0.566   1.762   0.294

 4.68   0.00    0.302    0.286   0.075   0.040   0.054   0.015   0.103   0.015   0.000   0.000   0.000 291882100
 4.68   7.27   64.989
 4.68   9.00    1.091    0.668
 4.68   9.00    1.760   61.864
 4.68   9.00    1.690    0.581   1.760   0.310
 4.68   9.00    1.692    0.565   1.760   0.294

 4.69   0.00    0.301    0.286   0.075   0.040   0.054   0.015   0.103   0.015   0.000   0.000   0.000 292505800
 4.69   7.26   64.962
 4.69   9.00    1.090    0.668
 4.69   9.00    1.758   61.844
 4.69   9.00    1.688    0.580   1.758   0.309
 4.69   9.00    1.691    0.564   1.758   0.293

 4.70   0.00    0.301    0.285   0.075   0.040   0.054   0.015   0.102   0.015   0.000   0.000   0.000 293129500
 4.70   7.25   64.934
 4.70   9.00    1.088    0.668
 4.70   9.00    1.757   61.823
 4.70   9.00    1.687    0.579   1.757   0.308
 4.70   9.00    1.689    0.564   1.757   0.292

 4.71   0.00    0.300    0.285   0.075   0.040   0.054   0.015   0.102   0.014   0.000   0.000   0.000 293753200
 4.71   7.24   64.906
 4.71   9.00    1.087    0.668
 4.71   9.00    1.755   61.802
 4.71   9.00    1.685    0.578   1.755   0.308
 4.71   9.00    1.688    0.563   1.755   0.292

 4.72   0.00    0.300    0.284   0.074   0.040   0.054   0.015   0.102   0.014   0.000   0.000   0.000 294376900
 4.72   7.23   64.879
 4.72   9.00    1.085    0.668
 4.72   9.00    1.754   61.782
 4.72   9.00    1.684    0.578   1.754   0.307
 4.72   9.00    1.686    0.562   1.754   0.291

 4.73   0.00    0.299    0.284   0.074   0.040   0.054   0.015   0.102   0.014   0.000   0.000   0.000 295000500
 4.73   7.22   64.851
 4.73   9.00    1.084    0.668
 4.73   9.00    1.752   61.761
 4.73   9.00    1.683    0.577   1.752   0.306
 4.73   9.00    1.685    0.561   1.752   0.291

 4.74   0.00    0.298    0.283   0.074   0.040   0.053   0.015   0.101   0.014   0.000   0.000   0.000 295624200
 4.74   7.21   64.824
 4.74   9.00    1.082    0.668
 4.74   9.00    1.751   61.740
 4.74   9.00    1.681    0.576   1.751   0.306
 4.74   9.00    1.684    0.560   1.751   0.290

 4.75   0.00    0.298    0.283   0.074   0.040   0.053   0.015   0.101   0.014   0.000   0.000   0.000 296247900
 4.75   7.20   64.796
 4.75   9.00    1.081    0.668
 4.75   9.00    1.749   61.720
 4.75   9.00    1.680    0.575   1.749   0.305
 4.75   9.00    1.682    0.560   1.749   0.290

 4.76   0.00    0.297    0.282   0.074   0.040   0.053   0.015   0.101   0.014   0.000   0.000   0.000 296871600
 4.76   7.19   64.769
 4.76   9.00    1.079    0.668
 4.76   9.00    1.747   61.699
 4.76   9.00    1.678    0.574   1.747   0.305
 4.76   9.00    1.681    0.559   1.747   0.289

 4.77   0.00    0.297    0.282   0.074   0.040   0.053   0.015   0.101   0.014   0.000   0.000   0.000 297495300
 4.77   7.18   64.741
 4.77   9.00    1.078    0.668
 4.77   9.00    1.746   61.679
 4.77   9.00    1.677    0.573   1.746   0.304
 4.77   9.00    1.679    0.558   1.746   0.289

 4.78   0.00    0.296    0.281   0.074   0.040   0.053   0.015   0.101   0.014   0.000   0.000   0.000 298118900
 4.78   7.17   64.714
 4.78   9.00    1.076    0.668
 4.78   9.00    1.744   61.659
 4.78   9.00    1.675    0.573   1.744   0.303
 4.78   9.00    1.678    0.557   1.744   0.288

 4.79   0.00    0.295    0.280   0.073   0.040   0.053   0.015   0.100   0.014   0.000   0.000   0.000 298742600
 4.79   7.16   64.686
 4.79   9.00    1.074    0.668
 4.79   9.00    1.743   61.638
 4.79   9.00    1.674    0.572   1.743   0.303
 4.79   9.00    1.676    0.557   1.743   0.288

 4.80   0.00    0.295    0.280   0.073   0.040   0.052   0.015   0.100   0.014   0.000   0.000   0.000 299366300
 4.80   7.15   64.659
 4.80   9.00    1.073    0.668
 4.80   9.00    1.741   61.618
 4.80   9.00    1.673    0.571   1.741   0.302
 4.80   9.00    1.675    0.556   1.741   0.287

 4.81   0.00    0.294    0.279   0.073   0.040   0.052   0.015   0.100   0.014   0.000   0.000   0.000 299990000
 4.81   7.14   64.632
 4.81   9.00    1.071    0.668
 4.81   9.00    1.740   61.598
 4.81   9.00    1.671    0.570   1.740   0.302
 4.81   9.00    1.674    0.555   1.740   0.286

 4.82   0.00    0.294    0.279   0.073   0.040   0.052   0.014   0.100   0.014   0.000   0.000   0.000 300613700
 4.82   7.13   64.604
 4.82   9.00    1.070    0.668
 4.82   9.00    1.738   61.577
 4.82   9.00    1.670    0.569   1.738   0.301
 4.82   9.00    1.672    0.554   1.738   0.286

 4.83   0.00    0.293    0.278   0.073   0.040   0.052   0.014   0.099   0.014   0.000   0.000   0.000 301237300
 4.83   7.12   64.577
 4.83   9.00    1.068    0.668
 4.83   9.00    1.737   61.557
 4.83   9.00    1.669    0.568   1.737   0.300
 4.83   9.00    1.671    0.554   1.737   0.285

 4.84   0.00    0.292    0.278   0.073   0.040   0.052   0.014   0.099   0.014   0.000   0.000   0.000 301861000
 4.84   7.11   64.550
 4.84   9.00    1.067    0.668
 4.84   9.00    1.735   61.537
 4.84   9.00    1.667    0.568   1.735   0.300
 4.84   9.00    1.669    0.553   1.735   0.285

 4.85   0.00    0.292    0.277   0.072   0.040   0.052   0.014   0.099   0.014   0.000   0.000   0.000 302484700
 4.85   7.10   64.522
 4.85   9.00    1.065    0.668
 4.85   9.00    1.734   61.517
 4.85   9.00    1.666    0.567   1.734   0.299
 4.85   9.00    1.668    0.552   1.734   0.284

 4.86   0.00    0.291    0.277   0.072   0.040   0.052   0.014   0.099   0.014   0.000   0.000   0.000 303108400
 4.86   7.09   64.495
 4.86   9.00    1.064    0.668
 4.86   9.00    1.732   61.497
 4.86   9.00    1.664    0.566   1.732   0.299
 4.86   9.00    1.667    0.551   1.732   0.284

 4.87   0.00    0.291    0.276   0.072   0.040   0.051   0.014   0.099   0.014   0.000   0.000   0.000 303732100
 4.87   7.08   64.468
 4.87   9.00    1.062    0.668
 4.87   9.00    1.731   61.477
 4.87   9.00    1.663    0.565   1.731   0.298
 4.87   9.00    1.665    0.551   1.731   0.283

 4.88   0.00    0.290    0.276   0.072   0.040   0.051   0.014   0.098   0.014   0.000   0.000   0.000 304355700
 4.88   7.07   64.441
 4.88   9.00    1.061    0.668
 4.88   9.00    1.729   61.457
 4.88   9.00    1.662    0.564   1.729   0.297
 4.88   9.00    1.664    0.550   1.729   0.283

 4.89   0.00    0.290    0.275   0.072   0.040   0.051   0.014   0.098   0.014   0.000   0.000   0.000 304979400
 4.89   7.06   64.414
 4.89   9.00    1.060    0.668
 4.89   9.00    1.728   61.437
 4.89   9.00    1.660    0.563   1.728   0.297
 4.89   9.00    1.663    0.549   1.728   0.282

 4.90   0.00    0.289    0.275   0.072   0.040   0.051   0.014   0.098   0.014   0.000   0.000   0.000 305603100
 4.90   7.05   64.387
 4.90   9.00    1.058    0.668
 4.90   9.00    1.727   61.417
 4.90   9.00    1.659    0.563   1.727   0.296
 4.90   9.00    1.661    0.548   1.727   0.282

 4.91   0.00    0.288    0.274   0.072   0.040   0.051   0.014   0.098   0.014   0.000   0.000   0.000 306226800
 4.91   7.04   64.360
 4.91   9.00    1.057    0.668
 4.91   9.00    1.725   61.397
 4.91   9.00    1.658    0.562   1.725   0.296
 4.91   9.00    1.660    0.548   1.725   0.281

 4.92   0.00    0.288    0.274   0.071   0.040   0.051   0.014   0.098   0.014   0.000   0.000   0.000 306850500
 4.92   7.03   64.333
 4.92   9.00    1.055    0.668
 4.92   9.00    1.724   61.378
 4.92   9.00    1.656    0.561   1.724   0.295
 4.92   9.00    1.658    0.547   1.724   0.281

 4.93   0.00    0.287    0.273   0.071   0.040   0.051   0.014   0.097   0.014   0.000   0.000   0.000 307474100
 4.93   7.03   64.306
 4.93   9.00    1.054    0.668
 4.93   9.00    1.722   61.358
 4.93   9.00    1.655    0.560   1.722   0.294
 4.93   9.00    1.657    0.546   1.722   0.280

 4.94   0.00    0.287    0.273   0.071   0.040   0.050   0.014   0.097   0.014   0.000   0.000   0.000 308097800
 4.94   7.02   64.279
 4.94   9.00    1.052    0.668
 4.94   9.00    1.721   61.338
 4.94   9.00    1.654    0.559   1.721   0.294
 4.94   9.00    1.656    0.545   1.721   0.280

 4.95   0.00    0.286    0.272   0.071   0.040   0.050   0.014   0.097   0.014   0.000   0.000   0.000 308721500
 4.95   7.01   64.252
 4.95   9.00    1.051    0.668
 4.95   9.00    1.719   61.318
 4.95   9.00    1.652    0.559   1.719   0.293
 4.95   9.00    1.654    0.545   1.719   0.279

 4.96   0.00    0.286    0.272   0.071   0.040   0.050   0.014   0.097   0.014   0.000   0.000   0.000 309345200
 4.96   7.00   64.225
 4.96   9.00    1.049    0.668
 4.96   9.00    1.718   61.299
 4.96   9.00    1.651    0.558   1.718   0.293
 4.96   9.00    1.653    0.544   1.718   0.279

 4.97   0.00    0.285    0.271   0.071   0.040   0.050   0.014   0.097   0.014   0.000   0.000   0.000 309968800
 4.97   6.99   64.198
 4.97   9.00    1.048    0.668
 4.97   9.00    1.716   61.279
 4.97   9.00    1.650    0.557   1.716   0.292
 4.97   9.00    1.652    0.543   1.716   0.278

 4.98   0.00    0.284    0.271   0.071   0.040   0.050   0.014   0.096   0.014   0.000   0.000   0.000 310592500
 4.98   6.98   64.171
 4.98   9.00    1.047    0.668
 4.98   9.00    1.715   61.259
 4.98   9.00    1.648    0.556   1.715   0.292
 4.98   9.00    1.650    0.542   1.715   0.278

 4.99   0.00    0.284    0.270   0.070   0.040   0.050   0.014   0.096   0.014   0.000   0.000   0.000 311216200
 4.99   6.97   64.144
 4.99   9.00    1.045    0.668
 4.99   9.00    1.714   61.240
 4.99   9.00    1.647    0.555   1.714   0.291
 4.99   9.00    1.649    0.542   1.714   0.277

 5.00   0.00    0.283    0.270   0.070   0.040   0.050   0.014   0.096   0.014   0.000   0.000   0.000 311839900
 5.00   6.96   64.118
 5.00   9.00    1.044    0.668
 5.00   9.00    1.712   61.220
 5.00   9.00    1.646    0.555   1.712   0.290
 5.00   9.00    1.648    0.541   1.712   0.277

 5.01   0.00    0.283    0.269   0.070   0.040   0.049   0.014   0.096   0.014   0.000   0.000   0.000 312463600
 5.01   6.95   64.091
 5.01   9.00    1.042    0.668
 5.01   9.00    1.711   61.201
 5.01   9.00    1.644    0.554   1.711   0.290
 5.01   9.00    1.647    0.540   1.711   0.276

 5.02   0.00    0.282    0.269   0.070   0.040   0.049   0.014   0.096   0.014   0.000   0.000   0.000 313087300
 5.02   6.94   64.064
 5.02   9.00    1.041    0.668
 5.02   9.00    1.709   61.182
 5.02   9.00    1.643    0.553   1.709   0.289
 5.02   9.00    1.645    0.540   1.709   0.276

 5.03   0.00    0.282    0.268   0.070   0.040   0.049   0.014   0.095   0.014   0.000   0.000   0.000 313710900
 5.03   6.93   64.038
 5.03   9.00    1.039    0.668
 5.03   9.00    1.708   61.162
 5.03   9.00    1.642    0.552   1.708   0.289
 5.03   9.00    1.644    0.539   1.708   0.275

 5.04   0.00    0.281    0.268   0.070   0.040   0.049   0.014   0.095   0.014   0.000   0.000   0.000 314334600
 5.04   6.93   64.011
 5.04   9.00    1.038    0.668
 5.04   9.00    1.707   61.143
 5.04   9.00    1.640    0.552   1.707   0.288
 5.04   9.00    1.643    0.538   1.707   0.275

 5.05   0.00    0.281    0.267   0.070   0.040   0.049   0.014   0.095   0.013   0.000   0.000   0.000 314958300
 5.05   6.92   63.984
 5.05   9.00    1.037    0.668
 5.05   9.00    1.705   61.124
 5.05   9.00    1.639    0.551   1.705   0.288
 5.05   9.00    1.641    0.537   1.705   0.274

 5.06   0.00    0.280    0.267   0.069   0.040   0.049   0.014   0.095   0.013   0.000   0.000   0.000 315582000
 5.06   6.91   63.958
 5.06   9.00    1.035    0.668
 5.06   9.00    1.704   61.104
 5.06   9.00    1.638    0.550   1.704   0.287
 5.06   9.00    1.640    0.537   1.704   0.274

 5.07   0.00    0.279    0.266   0.069   0.040   0.049   0.014   0.095   0.013   0.000   0.000   0.000 316205700
 5.07   6.90   63.931
 5.07   9.00    1.034    0.668
 5.07   9.00    1.702   61.085
 5.07   9.00    1.637    0.549   1.702   0.286
 5.07   9.00    1.639    0.536   1.702   0.273

 5.08   0.00    0.279    0.266   0.069   0.040   0.048   0.014   0.094   0.013   0.000   0.000   0.000 316829300
 5.08   6.89   63.905
 5.08   9.00    1.033    0.668
 5.08   9.00    1.701   61.066
 5.08   9.00    1.635    0.549   1.701   0.286
 5.08   9.00    1.637    0.535   1.701   0.273

 5.09   0.00    0.278    0.265   0.069   0.040   0.048   0.014   0.094   0.013   0.000   0.000   0.000 317453000
 5.09   6.88   63.878
 5.09   9.00    1.031    0.668
 5.09   9.00    1.700   61.047
 5.09   9.00    1.634    0.548   1.700   0.285
 5.09   9.00    1.636    0.535   1.700   0.272

 5.10   0.00    0.278    0.265   0.069   0.040   0.048   0.014   0.094   0.013   0.000   0.000   0.000 318076700
 5.10   6.87   63.852
 5.10   9.00    1.030    0.668
 5.10   9.00    1.698   61.028
 5.10   9.00    1.633    0.547   1.698   0.285
 5.10   9.00    1.635    0.534   1.698   0.272

 5.11   0.00    0.277    0.264   0.069   0.040   0.048   0.014   0.094   0.013   0.000   0.000   0.000 318700400
 5.11   6.86   63.825
 5.11   9.00    1.028    0.668
 5.11   9.00    1.697   61.009
 5.11   9.00    1.632    0.546   1.697   0.284
 5.11   9.00    1.634    0.533   1.697   0.271

 5.12   0.00    0.277    0.264   0.069   0.040   0.048   0.014   0.094   0.013   0.000   0.000   0.000 319324100
 5.12   6.86   63.799
 5.12   9.00    1.027    0.666
 5.12   9.00    1.693   60.997
 5.12   9.00    1.628    0.545   1.693   0.284
 5.12   9.00    1.630    0.532   1.693   0.271

 5.13   0.00    0.276    0.263   0.068   0.040   0.048   0.014   0.093   0.013   0.000   0.000   0.000 319947700
 5.13   6.85   63.773
 5.13   9.00    1.026    0.665
 5.13   9.00    1.691   60.979
 5.13   9.00    1.626    0.544   1.691   0.283
 5.13   9.00    1.628    0.531   1.691   0.270

 5.14   0.00    0.276    0.263   0.068   0.040   0.048   0.014   0.093   0.013   0.000   0.000   0.000 320571400
 5.14   6.84   63.746
 5.14   9.00    1.024    0.665
 5.14   9.00    1.689   60.962
 5.14   9.00    1.624    0.543   1.689   0.283
 5.14   9.00    1.626    0.531   1.689   0.270

 5.15   0.00    0.275    0.263   0.068   0.040   0.047   0.014   0.093   0.013   0.000   0.000   0.000 321195100
 5.15   6.83   63.720
 5.15   9.00    1.023    0.664
 5.15   9.00    1.687   60.945
 5.15   9.00    1.622    0.543   1.687   0.282
 5.15   9.00    1.624    0.530   1.687   0.269

 5.16   0.00    0.275    0.262   0.068   0.040   0.047   0.014   0.093   0.013   0.000   0.000   0.000 321818800
 5.16   6.82   63.694
 5.16   9.00    1.022    0.664
 5.16   9.00    1.685   60.928
 5.16   9.00    1.620    0.542   1.685   0.282
 5.16   9.00    1.623    0.529   1.685   0.269

 5.17   0.00    0.274    0.262   0.068   0.040   0.047   0.013   0.093   0.013   0.000   0.000   0.000 322442500
 5.17   6.81   63.667
 5.17   9.00    1.020    0.663
 5.17   9.00    1.683   60.911
 5.17   9.00    1.619    0.541   1.683   0.281
 5.17   9.00    1.621    0.528   1.683   0.268

 5.18   0.00    0.274    0.261   0.068   0.040   0.047   0.013   0.092   0.013   0.000   0.000   0.000 323066100
 5.18   6.80   63.641
 5.18   9.00    1.019    0.662
 5.18   9.00    1.681   60.894
 5.18   9.00    1.617    0.540   1.681   0.280
 5.18   9.00    1.619    0.527   1.681   0.268

 5.19   0.00    0.273    0.261   0.068   0.040   0.047   0.013   0.092   0.013   0.000   0.000   0.000 323689800
 5.19   6.80   63.615
 5.19   9.00    1.018    0.662
 5.19   9.00    1.679   60.877
 5.19   9.00    1.615    0.539   1.679   0.280
 5.19   9.00    1.617    0.527   1.679   0.267

 5.20   0.00    0.273    0.260   0.068   0.040   0.047   0.013   0.092   0.013   0.000   0.000   0.000 324313500
 5.20   6.79   63.589
 5.20   9.00    1.016    0.661
 5.20   9.00    1.678   60.859
 5.20   9.00    1.613    0.538   1.678   0.279
 5.20   9.00    1.615    0.526   1.678   0.267

 5.21   0.00    0.272    0.260   0.067   0.040   0.047   0.013   0.092   0.013   0.000   0.000   0.000 324937200
 5.21   6.78   63.563
 5.21   9.00    1.015    0.661
 5.21   9.00    1.676   60.842
 5.21   9.00    1.611    0.538   1.676   0.279
 5.21   9.00    1.613    0.525   1.676   0.266

 5.22   0.00    0.272    0.259   0.067   0.040   0.046   0.013   0.092   0.013   0.000   0.000   0.000 325560800
 5.22   6.77   63.537
 5.22   9.00    1.014    0.660
 5.22   9.00    1.674   60.825
 5.22   9.00    1.610    0.537   1.674   0.278
 5.22   9.00    1.612    0.524   1.674   0.266

 5.23   0.00    0.271    0.259   0.067   0.040   0.046   0.013   0.092   0.013   0.000   0.000   0.000 326184500
 5.23   6.76   63.511
 5.23   9.00    1.012    0.659
 5.23   9.00    1.672   60.808
 5.23   9.00    1.608    0.536   1.672   0.278
 5.23   9.00    1.610    0.524   1.672   0.265

 5.24   0.00    0.270    0.258   0.067   0.040   0.046   0.013   0.091   0.013   0.000   0.000   0.000 326808200
 5.24   6.75   63.485
 5.24   9.00    1.011    0.659
 5.24   9.00    1.670   60.791
 5.24   9.00    1.606    0.535   1.670   0.277
 5.24   9.00    1.608    0.523   1.670   0.265

 5.25   0.00    0.270    0.258   0.067   0.040   0.046   0.013   0.091   0.013   0.000   0.000   0.000 327431900
 5.25   6.75   63.459
 5.25   9.00    1.010    0.658
 5.25   9.00    1.668   60.774
 5.25   9.00    1.604    0.534   1.668   0.277
 5.25   9.00    1.606    0.522   1.668   0.264

 5.26   0.00    0.269    0.257   0.067   0.040   0.046   0.013   0.091   0.013   0.000   0.000   0.000 328055600
 5.26   6.74   63.433
 5.26   9.00    1.009    0.658
 5.26   9.00    1.666   60.758
 5.26   9.00    1.602    0.533   1.666   0.276
 5.26   9.00    1.604    0.521   1.666   0.264

 5.27   0.00    0.269    0.257   0.067   0.040   0.046   0.013   0.091   0.013   0.000   0.000   0.000 328679300
 5.27   6.73   63.407
 5.27   9.00    1.007    0.657
 5.27   9.00    1.664   60.741
 5.27   9.00    1.601    0.533   1.664   0.276
 5.27   9.00    1.603    0.520   1.664   0.263

 5.28   0.00    0.268    0.256   0.066   0.040   0.046   0.013   0.091   0.013   0.000   0.000   0.000 329302900
 5.28   6.72   63.381
 5.28   9.00    1.006    0.656
 5.28   9.00    1.662   60.724
 5.28   9.00    1.599    0.532   1.662   0.275
 5.28   9.00    1.601    0.520   1.662   0.263

 5.29   0.00    0.268    0.256   0.066   0.040   0.045   0.013   0.090   0.013   0.000   0.000   0.000 329926600
 5.29   6.71   63.355
 5.29   9.00    1.005    0.656
 5.29   9.00    1.661   60.707
 5.29   9.00    1.597    0.531   1.661   0.275
 5.29   9.00    1.599    0.519   1.661   0.262

 5.30   0.00    0.267    0.256   0.066   0.040   0.045   0.013   0.090   0.013   0.000   0.000   0.000 330550300
 5.30   6.71   63.329
 5.30   9.00    1.003    0.655
 5.30   9.00    1.659   60.690
 5.30   9.00    1.595    0.530   1.659   0.274
 5.30   9.00    1.597    0.518   1.659   0.262

 5.31   0.00    0.267    0.255   0.066   0.040   0.045   0.013   0.090   0.013   0.000   0.000   0.000 331174000
 5.31   6.70   63.303
 5.31   9.00    1.002    0.655
 5.31   9.00    1.657   60.673
 5.31   9.00    1.594    0.529   1.657   0.274
 5.31   9.00    1.596    0.517   1.657   0.261

 5.32   0.00    0.266    0.255   0.066   0.040   0.045   0.013   0.090   0.013   0.000   0.000   0.000 331797700
 5.32   6.69   63.278
 5.32   9.00    1.001    0.654
 5.32   9.00    1.655   60.656
 5.32   9.00    1.592    0.529   1.655   0.273
 5.32   9.00    1.594    0.517   1.655   0.261

 5.33   0.00    0.266    0.254   0.066   0.040   0.045   0.013   0.090   0.013   0.000   0.000   0.000 332421300
 5.33   6.68   63.252
 5.33   9.00    1.000    0.654
 5.33   9.00    1.653   60.640
 5.33   9.00    1.590    0.528   1.653   0.273
 5.33   9.00    1.592    0.516   1.653   0.261

 5.34   0.00    0.265    0.254   0.066   0.040   0.045   0.013   0.090   0.013   0.000   0.000   0.000 333045000
 5.34   6.67   63.226
 5.34   9.00    0.998    0.653
 5.34   9.00    1.651   60.623
 5.34   9.00    1.588    0.527   1.651   0.272
 5.34   9.00    1.590    0.515   1.651   0.260

 5.35   0.00    0.265    0.253   0.066   0.040   0.045   0.013   0.089   0.013   0.000   0.000   0.000 333668700
 5.35   6.67   63.201
 5.35   9.00    0.997    0.652
 5.35   9.00    1.650   60.606
 5.35   9.00    1.587    0.526   1.650   0.272
 5.35   9.00    1.589    0.514   1.650   0.260

 5.36   0.00    0.264    0.253   0.065   0.040   0.044   0.013   0.089   0.013   0.000   0.000   0.000 334292400
 5.36   6.66   63.175
 5.36   9.00    0.996    0.652
 5.36   9.00    1.648   60.589
 5.36   9.00    1.585    0.525   1.648   0.271
 5.36   9.00    1.587    0.514   1.648   0.259

 5.37   0.00    0.264    0.252   0.065   0.040   0.044   0.013   0.089   0.013   0.000   0.000   0.000 334916000
 5.37   6.65   63.149
 5.37   9.00    0.995    0.651
 5.37   9.00    1.646   60.573
 5.37   9.00    1.583    0.525   1.646   0.270
 5.37   9.00    1.585    0.513   1.646   0.259

 5.38   0.00    0.263    0.252   0.065   0.040   0.044   0.013   0.089   0.013   0.000   0.000   0.000 335539700
 5.38   6.64   63.124
 5.38   9.00    0.993    0.651
 5.38   9.00    1.644   60.556
 5.38   9.00    1.582    0.524   1.644   0.270
 5.38   9.00    1.583    0.512   1.644   0.258

 5.39   0.00    0.263    0.251   0.065   0.040   0.044   0.013   0.089   0.013   0.000   0.000   0.000 336163400
 5.39   6.63   63.098
 5.39   9.00    0.992    0.650
 5.39   9.00    1.642   60.539
 5.39   9.00    1.580    0.523   1.642   0.269
 5.39   9.00    1.582    0.512   1.642   0.258

 5.40   0.00    0.262    0.251   0.065   0.040   0.044   0.013   0.089   0.013   0.000   0.000   0.000 336787100
 5.40   6.63   63.073
 5.40   9.00    0.991    0.650
 5.40   9.00    1.641   60.523
 5.40   9.00    1.578    0.522   1.641   0.269
 5.40   9.00    1.580    0.511   1.641   0.257

 5.41   0.00    0.262    0.251   0.065   0.040   0.044   0.013   0.088   0.013   0.000   0.000   0.000 337410800
 5.41   6.62   63.047
 5.41   9.00    0.990    0.649
 5.41   9.00    1.639   60.506
 5.41   9.00    1.577    0.521   1.639   0.268
 5.41   9.00    1.578    0.510   1.639   0.257

 5.42   0.00    0.261    0.250   0.065   0.040   0.044   0.013   0.088   0.013   0.000   0.000   0.000 338034500
 5.42   6.61   63.022
 5.42   9.00    0.988    0.649
 5.42   9.00    1.637   60.490
 5.42   9.00    1.575    0.521   1.637   0.268
 5.42   9.00    1.577    0.509   1.637   0.256

 5.43   0.00    0.261    0.250   0.065   0.040   0.043   0.013   0.088   0.013   0.000   0.000   0.000 338658100
 5.43   6.60   62.996
 5.43   9.00    0.987    0.648
 5.43   9.00    1.635   60.473
 5.43   9.00    1.573    0.520   1.635   0.267
 5.43   9.00    1.575    0.509   1.635   0.256

 5.44   0.00    0.260    0.249   0.064   0.040   0.043   0.013   0.088   0.012   0.000   0.000   0.000 339281800
 5.44   6.59   62.971
 5.44   9.00    0.986    0.647
 5.44   9.00    1.633   60.457
 5.44   9.00    1.572    0.519   1.633   0.267
 5.44   9.00    1.573    0.508   1.633   0.255

 5.45   0.00    0.260    0.249   0.064   0.040   0.043   0.013   0.088   0.012   0.000   0.000   0.000 339905500
 5.45   6.59   62.945
 5.45   9.00    0.985    0.647
 5.45   9.00    1.632   60.440
 5.45   9.00    1.570    0.518   1.632   0.266
 5.45   9.00    1.572    0.507   1.632   0.255

 5.46   0.00    0.259    0.248   0.064   0.040   0.043   0.013   0.088   0.012   0.000   0.000   0.000 340529200
 5.46   6.58   62.920
 5.46   9.00    0.984    0.646
 5.46   9.00    1.630   60.424
 5.46   9.00    1.568    0.518   1.630   0.266
 5.46   9.00    1.570    0.506   1.630   0.255

 5.47   0.00    0.259    0.248   0.064   0.040   0.043   0.013   0.087   0.012   0.000   0.000   0.000 341152800
 5.47   6.57   62.895
 5.47   9.00    0.982    0.646
 5.47   9.00    1.628   60.407
 5.47   9.00    1.567    0.517   1.628   0.265
 5.47   9.00    1.568    0.506   1.628   0.254

 5.48   0.00    0.258    0.247   0.064   0.039   0.043   0.013   0.087   0.012   0.000   0.000   0.000 341776500
 5.48   6.56   62.870
 5.48   9.00    0.981    0.645
 5.48   9.00    1.626   60.391
 5.48   9.00    1.565    0.516   1.626   0.265
 5.48   9.00    1.567    0.505   1.626   0.254

 5.49   0.00    0.258    0.247   0.064   0.039   0.043   0.013   0.087   0.012   0.000   0.000   0.000 342400200
 5.49   6.56   62.844
 5.49   9.00    0.980    0.645
 5.49   9.00    1.625   60.374
 5.49   9.00    1.563    0.515   1.625   0.264
 5.49   9.00    1.565    0.504   1.625   0.253

 5.50   0.00    0.257    0.247   0.064   0.039   0.042   0.013   0.087   0.012   0.000   0.000   0.000 343023900
 5.50   6.55   62.819
 5.50   9.00    0.979    0.644
 5.50   9.00    1.623   60.358
 5.50   9.00    1.562    0.515   1.623   0.264
 5.50   9.00    1.563    0.503   1.623   0.253

 5.51   0.00    0.257    0.246   0.064   0.039   0.042   0.013   0.087   0.012   0.000   0.000   0.000 343647600
 5.51   6.54   62.794
 5.51   9.00    0.978    0.644
 5.51   9.00    1.621   60.341
 5.51   9.00    1.560    0.514   1.621   0.263
 5.51   9.00    1.562    0.503   1.621   0.252

 5.52   0.00    0.256    0.246   0.063   0.039   0.042   0.013   0.087   0.012   0.000   0.000   0.000 344271200
 5.52   6.53   62.769
 5.52   9.00    0.976    0.643
 5.52   9.00    1.619   60.325
 5.52   9.00    1.558    0.513   1.619   0.263
 5.52   9.00    1.560    0.502   1.619   0.252

 5.53   0.00    0.256    0.245   0.063   0.039   0.042   0.013   0.086   0.012   0.000   0.000   0.000 344894900
 5.53   6.53   62.744
 5.53   9.00    0.975    0.643
 5.53   9.00    1.618   60.309
 5.53   9.00    1.557    0.512   1.618   0.262
 5.53   9.00    1.559    0.501   1.618   0.251

 5.54   0.00    0.255    0.245   0.063   0.039   0.042   0.013   0.086   0.012   0.000   0.000   0.000 345518600
 5.54   6.52   62.719
 5.54   9.00    0.974    0.642
 5.54   9.00    1.616   60.292
 5.54   9.00    1.555    0.511   1.616   0.262
 5.54   9.00    1.557    0.501   1.616   0.251

 5.55   0.00    0.255    0.244   0.063   0.039   0.042   0.013   0.086   0.012   0.000   0.000   0.000 346142300
 5.55   6.51   62.693
 5.55   9.00    0.973    0.642
 5.55   9.00    1.614   60.276
 5.55   9.00    1.554    0.511   1.614   0.261
 5.55   9.00    1.555    0.500   1.614   0.250

 5.56   0.00    0.254    0.244   0.063   0.039   0.041   0.012   0.086   0.012   0.000   0.000   0.000 346766000
 5.56   6.50   62.668
 5.56   9.00    0.972    0.641
 5.56   9.00    1.613   60.260
 5.56   9.00    1.552    0.510   1.613   0.261
 5.56   9.00    1.554    0.499   1.613   0.250

 5.57   0.00    0.254    0.243   0.063   0.039   0.041   0.012   0.086   0.012   0.000   0.000   0.000 347389700
 5.57   6.50   62.643
 5.57   9.00    0.970    0.641
 5.57   9.00    1.611   60.244
 5.57   9.00    1.550    0.509   1.611   0.260
 5.57   9.00    1.552    0.499   1.611   0.250

 5.58   0.00    0.254    0.243   0.063   0.039   0.041   0.012   0.086   0.012   0.000   0.000   0.000 348013300
 5.58   6.49   62.619
 5.58   9.00    0.969    0.640
 5.58   9.00    1.609   60.227
 5.58   9.00    1.549    0.508   1.609   0.260
 5.58   9.00    1.551    0.498   1.609   0.249

 5.59   0.00    0.253    0.243   0.063   0.039   0.041   0.012   0.085   0.012   0.000   0.000   0.000 348637000
 5.59   6.48   62.594
 5.59   9.00    0.968    0.640
 5.59   9.00    1.608   60.211
 5.59   9.00    1.547    0.508   1.608   0.259
 5.59   9.00    1.549    0.497   1.608   0.249

 5.60   0.00    0.253    0.242   0.062   0.039   0.041   0.012   0.085   0.012   0.000   0.000   0.000 349260700
 5.60   6.47   62.569
 5.60   9.00    0.967    0.639
 5.60   9.00    1.606   60.195
 5.60   9.00    1.546    0.507   1.606   0.259
 5.60   9.00    1.547    0.496   1.606   0.248

 5.61   0.00    0.252    0.242   0.062   0.039   0.041   0.012   0.085   0.012   0.000   0.000   0.000 349884400
 5.61   6.47   62.544
 5.61   9.00    0.966    0.638
 5.61   9.00    1.604   60.179
 5.61   9.00    1.544    0.506   1.604   0.258
 5.61   9.00    1.546    0.496   1.604   0.248

 5.62   0.00    0.252    0.241   0.062   0.039   0.041   0.012   0.085   0.012   0.000   0.000   0.000 350508000
 5.62   6.46   62.519
 5.62   9.00    0.965    0.638
 5.62   9.00    1.603   60.163
 5.62   9.00    1.543    0.505   1.603   0.258
 5.62   9.00    1.544    0.495   1.603   0.247

 5.63   0.00    0.251    0.241   0.062   0.039   0.040   0.012   0.085   0.012   0.000   0.000   0.000 351131700
 5.63   6.45   62.494
 5.63   9.00    0.963    0.637
 5.63   9.00    1.601   60.147
 5.63   9.00    1.541    0.505   1.601   0.257
 5.63   9.00    1.543    0.494   1.601   0.247

 5.64   0.00    0.251    0.240   0.062   0.039   0.040   0.012   0.085   0.012   0.000   0.000   0.000 351755400
 5.64   6.44   62.469
 5.64   9.00    0.962    0.637
 5.64   9.00    1.599   60.131
 5.64   9.00    1.539    0.504   1.599   0.257
 5.64   9.00    1.541    0.494   1.599   0.246

 5.65   0.00    0.250    0.240   0.062   0.039   0.040   0.012   0.085   0.012   0.000   0.000   0.000 352379100
 5.65   6.44   62.445
 5.65   9.00    0.961    0.636
 5.65   9.00    1.598   60.114
 5.65   9.00    1.538    0.503   1.598   0.256
 5.65   9.00    1.539    0.493   1.598   0.246

 5.66   0.00    0.250    0.240   0.062   0.039   0.040   0.012   0.084   0.012   0.000   0.000   0.000 353002800
 5.66   6.43   62.420
 5.66   9.00    0.960    0.636
 5.66   9.00    1.596   60.098
 5.66   9.00    1.536    0.502   1.596   0.256
 5.66   9.00    1.538    0.492   1.596   0.246

 5.67   0.00    0.249    0.239   0.062   0.039   0.040   0.012   0.084   0.012   0.000   0.000   0.000 353626500
 5.67   6.42   62.395
 5.67   9.00    0.959    0.635
 5.67   9.00    1.594   60.082
 5.67   9.00    1.535    0.502   1.594   0.255
 5.67   9.00    1.536    0.491   1.594   0.245

 5.68   0.00    0.249    0.239   0.062   0.039   0.040   0.012   0.084   0.012   0.000   0.000   0.000 354250100
 5.68   6.41   62.371
 5.68   9.00    0.958    0.635
 5.68   9.00    1.593   60.066
 5.68   9.00    1.533    0.501   1.593   0.255
 5.68   9.00    1.535    0.491   1.593   0.245

 5.69   0.00    0.248    0.238   0.061   0.039   0.040   0.012   0.084   0.012   0.000   0.000   0.000 354873800
 5.69   6.41   62.346
 5.69   9.00    0.957    0.634
 5.69   9.00    1.591   60.050
 5.69   9.00    1.532    0.500   1.591   0.254
 5.69   9.00    1.533    0.490   1.591   0.244

 5.70   0.00    0.248    0.238   0.061   0.039   0.039   0.012   0.084   0.012   0.000   0.000   0.000 355497500
 5.70   6.40   62.321
 5.70   9.00    0.956    0.634
 5.70   9.00    1.589   60.034
 5.70   9.00    1.530    0.500   1.589   0.254
 5.70   9.00    1.532    0.489   1.589   0.244

 5.71   0.00    0.247    0.237   0.061   0.039   0.039   0.012   0.084   0.012   0.000   0.000   0.000 356121200
 5.71   6.39   62.297
 5.71   9.00    0.954    0.633
 5.71   9.00    1.588   60.019
 5.71   9.00    1.529    0.499   1.588   0.254
 5.71   9.00    1.530    0.489   1.588   0.243

 5.72   0.00    0.247    0.237   0.061   0.039   0.039   0.012   0.083   0.012   0.000   0.000   0.000 356744800
 5.72   6.39   62.272
 5.72   9.00    0.953    0.633
 5.72   9.00    1.586   60.003
 5.72   9.00    1.527    0.498   1.586   0.253
 5.72   9.00    1.529    0.488   1.586   0.243

 5.73   0.00    0.246    0.236   0.061   0.039   0.039   0.012   0.083   0.012   0.000   0.000   0.000 357368500
 5.73   6.38   62.248
 5.73   9.00    0.952    0.633
 5.73   9.00    1.585   59.987
 5.73   9.00    1.526    0.497   1.585   0.253
 5.73   9.00    1.527    0.487   1.585   0.242

 5.74   0.00    0.246    0.236   0.061   0.039   0.039   0.012   0.083   0.012   0.000   0.000   0.000 357992200
 5.74   6.38   62.218
 5.74   9.00    0.951    0.632
 5.74   9.00    1.583   59.971
 5.74   9.00    1.524    0.497   1.583   0.252
 5.74   9.00    1.526    0.487   1.583   0.242

 5.75   0.00    0.245    0.236   0.061   0.039   0.039   0.012   0.083   0.012   0.000   0.000   0.000 358615900
 5.75   6.38   62.184
 5.75   9.00    0.950    0.632
 5.75   9.00    1.581   59.955
 5.75   9.00    1.523    0.496   1.581   0.252
 5.75   9.00    1.524    0.486   1.581   0.242

 5.76   0.00    0.245    0.235   0.061   0.039   0.038   0.012   0.083   0.012   0.000   0.000   0.000 359239600
 5.76   6.38   62.150
 5.76   9.00    0.949    0.631
 5.76   9.00    1.580   59.939
 5.76   9.00    1.521    0.495   1.580   0.251
 5.76   9.00    1.523    0.485   1.580   0.241

 5.77   0.00    0.244    0.235   0.061   0.039   0.038   0.012   0.083   0.012   0.000   0.000   0.000 359863200
 5.77   6.39   62.117
 5.77   9.00    0.948    0.631
 5.77   9.00    1.578   59.923
 5.77   9.00    1.520    0.494   1.578   0.251
 5.77   9.00    1.521    0.485   1.578   0.241

 5.78   0.00    0.244    0.234   0.060   0.039   0.038   0.012   0.083   0.012   0.000   0.000   0.000 360486900
 5.78   6.39   62.083
 5.78   9.00    0.947    0.630
 5.78   9.00    1.577   59.908
 5.78   9.00    1.518    0.494   1.577   0.250
 5.78   9.00    1.520    0.484   1.577   0.240

 5.79   0.00    0.244    0.234   0.060   0.039   0.038   0.012   0.082   0.012   0.000   0.000   0.000 361110600
 5.79   6.39   62.050
 5.79   9.00    0.946    0.630
 5.79   9.00    1.575   59.892
 5.79   9.00    1.517    0.493   1.575   0.250
 5.79   9.00    1.518    0.483   1.575   0.240

 5.80   0.00    0.243    0.233   0.060   0.039   0.038   0.012   0.082   0.012   0.000   0.000   0.000 361734300
 5.80   6.39   62.017
 5.80   9.00    0.944    0.629
 5.80   9.00    1.574   59.876
 5.80   9.00    1.515    0.492   1.574   0.249
 5.80   9.00    1.517    0.483   1.574   0.239

 5.81   0.00    0.243    0.233   0.060   0.039   0.038   0.012   0.082   0.012   0.000   0.000   0.000 362358000
 5.81   6.40   61.984
 5.81   9.00    0.943    0.629
 5.81   9.00    1.572   59.860
 5.81   9.00    1.514    0.492   1.572   0.249
 5.81   9.00    1.515    0.482   1.572   0.239

 5.82   0.00    0.242    0.233   0.060   0.039   0.037   0.012   0.082   0.012   0.000   0.000   0.000 362981700
 5.82   6.40   61.951
 5.82   9.00    0.942    0.628
 5.82   9.00    1.570   59.845
 5.82   9.00    1.512    0.491   1.570   0.248
 5.82   9.00    1.514    0.481   1.570   0.238

 5.83   0.00    0.242    0.232   0.060   0.039   0.037   0.012   0.082   0.012   0.000   0.000   0.000 363605300
 5.83   6.40   61.918
 5.83   9.00    0.941    0.628
 5.83   9.00    1.569   59.829
 5.83   9.00    1.511    0.490   1.569   0.248
 5.83   9.00    1.512    0.481   1.569   0.238

 5.84   0.00    0.241    0.232   0.060   0.039   0.037   0.012   0.082   0.012   0.000   0.000   0.000 364229000
 5.84   6.41   61.885
 5.84   9.00    0.940    0.627
 5.84   9.00    1.567   59.813
 5.84   9.00    1.509    0.489   1.567   0.247
 5.84   9.00    1.511    0.480   1.567   0.238

 5.85   0.00    0.241    0.231   0.060   0.039   0.037   0.012   0.082   0.012   0.000   0.000   0.000 364852700
 5.85   6.41   61.852
 5.85   9.00    0.939    0.627
 5.85   9.00    1.566   59.798
 5.85   9.00    1.508    0.489   1.566   0.247
 5.85   9.00    1.509    0.479   1.566   0.237

 5.86   0.00    0.240    0.231   0.059   0.039   0.037   0.012   0.081   0.012   0.000   0.000   0.000 365476400
 5.86   6.41   61.820
 5.86   9.00    0.938    0.626
 5.86   9.00    1.564   59.782
 5.86   9.00    1.507    0.488   1.564   0.246
 5.86   9.00    1.508    0.478   1.564   0.237

 5.87   0.00    0.240    0.231   0.059   0.039   0.037   0.012   0.081   0.012   0.000   0.000   0.000 366100000
 5.87   6.41   61.787
 5.87   9.00    0.937    0.626
 5.87   9.00    1.563   59.766
 5.87   9.00    1.505    0.487   1.563   0.246
 5.87   9.00    1.507    0.478   1.563   0.236

 5.88   0.00    0.240    0.230   0.059   0.039   0.036   0.012   0.081   0.012   0.000   0.000   0.000 366723700
 5.88   6.42   61.755
 5.88   9.00    0.936    0.625
 5.88   9.00    1.561   59.751
 5.88   9.00    1.504    0.487   1.561   0.246
 5.88   9.00    1.505    0.477   1.561   0.236

 5.89   0.00    0.239    0.230   0.059   0.039   0.036   0.012   0.081   0.011   0.000   0.000   0.000 367347400
 5.89   6.42   61.723
 5.89   9.00    0.935    0.625
 5.89   9.00    1.560   59.735
 5.89   9.00    1.502    0.486   1.560   0.245
 5.89   9.00    1.504    0.477   1.560   0.236

 5.90   0.00    0.239    0.230   0.059   0.039   0.036   0.012   0.081   0.011   0.000   0.000   0.000 367971100
 5.90   6.42   61.691
 5.90   9.00    0.934    0.625
 5.90   9.00    1.558   59.720
 5.90   9.00    1.501    0.486   1.558   0.245
 5.90   9.00    1.502    0.476   1.558   0.235

 5.91   0.00    0.239    0.229   0.059   0.039   0.036   0.012   0.081   0.011   0.000   0.000   0.000 368594800
 5.91   6.43   61.659
 5.91   9.00    0.933    0.624
 5.91   9.00    1.557   59.704
 5.91   9.00    1.499    0.485   1.557   0.245
 5.91   9.00    1.501    0.476   1.557   0.235

 5.92   0.00    0.238    0.229   0.059   0.039   0.036   0.012   0.081   0.011   0.000   0.000   0.000 369218400
 5.92   6.43   61.627
 5.92   9.00    0.932    0.624
 5.92   9.00    1.555   59.689
 5.92   9.00    1.498    0.485   1.555   0.244
 5.92   9.00    1.499    0.475   1.555   0.235

 5.93   0.00    0.238    0.229   0.059   0.039   0.036   0.012   0.081   0.011   0.000   0.000   0.000 369842100
 5.93   6.43   61.595
 5.93   9.00    0.931    0.623
 5.93   9.00    1.554   59.673
 5.93   9.00    1.496    0.484   1.554   0.244
 5.93   9.00    1.498    0.475   1.554   0.235

 5.94   0.00    0.238    0.229   0.059   0.039   0.035   0.012   0.081   0.011   0.000   0.000   0.000 370465800
 5.94   6.44   61.563
 5.94   9.00    0.930    0.623
 5.94   9.00    1.552   59.658
 5.94   9.00    1.495    0.483   1.552   0.244
 5.94   9.00    1.496    0.474   1.552   0.234

 5.95   0.00    0.237    0.228   0.059   0.039   0.035   0.012   0.081   0.011   0.000   0.000   0.000 371089500
 5.95   6.44   61.532
 5.95   9.00    0.928    0.622
 5.95   9.00    1.551   59.642
 5.95   9.00    1.494    0.483   1.551   0.243
 5.95   9.00    1.495    0.474   1.551   0.234

 5.96   0.00    0.237    0.228   0.058   0.039   0.035   0.012   0.081   0.011   0.000   0.000   0.000 371713200
 5.96   6.44   61.500
 5.96   9.00    0.927    0.622
 5.96   9.00    1.549   59.627
 5.96   9.00    1.492    0.482   1.549   0.243
 5.96   9.00    1.494    0.473   1.549   0.234

 5.97   0.00    0.237    0.228   0.058   0.039   0.035   0.012   0.081   0.011   0.000   0.000   0.000 372336800
 5.97   6.45   61.469
 5.97   9.00    0.926    0.621
 5.97   9.00    1.548   59.612
 5.97   9.00    1.491    0.482   1.548   0.243
 5.97   9.00    1.492    0.473   1.548   0.233

 5.98   0.00    0.236    0.227   0.058   0.039   0.035   0.012   0.081   0.011   0.000   0.000   0.000 372960500
 5.98   6.45   61.438
 5.98   9.00    0.925    0.621
 5.98   9.00    1.546   59.596
 5.98   9.00    1.489    0.481   1.546   0.242
 5.98   9.00    1.491    0.472   1.546   0.233

 5.99   0.00    0.236    0.227   0.058   0.039   0.035   0.012   0.081   0.011   0.000   0.000   0.000 373584200
 5.99   6.45   61.406
 5.99   9.00    0.924    0.621
 5.99   9.00    1.545   59.581
 5.99   9.00    1.488    0.481   1.545   0.242
 5.99   9.00    1.489    0.472   1.545   0.233

 6.00   0.00    0.236    0.227   0.058   0.039   0.034   0.012   0.081   0.011   0.000   0.000   0.000 374207900
 6.00   6.46   61.375
 6.00   9.00    0.923    0.620
 6.00   9.00    1.543   59.566
 6.00   9.00    1.487    0.480   1.543   0.242
 6.00   9.00    1.488    0.471   1.543   0.233

 6.01   0.00    0.235    0.227   0.058   0.039   0.034   0.011   0.081   0.011   0.000   0.000   0.000 374831600
 6.01   6.46   61.344
 6.01   9.00    0.922    0.620
 6.01   9.00    1.542   59.550
 6.01   9.00    1.485    0.480   1.542   0.241
 6.01   9.00    1.487    0.471   1.542   0.232

 6.02   0.00    0.235    0.226   0.058   0.039   0.034   0.011   0.081   0.011   0.000   0.000   0.000 375455200
 6.02   6.46   61.314
 6.02   9.00    0.921    0.619
 6.02   9.00    1.540   59.535
 6.02   9.00    1.484    0.479   1.540   0.241
 6.02   9.00    1.485    0.470   1.540   0.232

 6.03   0.00    0.235    0.226   0.058   0.039   0.034   0.011   0.081   0.011   0.000   0.000   0.000 376078900
 6.03   6.47   61.283
 6.03   9.00    0.920    0.619
 6.03   9.00    1.539   59.520
 6.03   9.00    1.482    0.479   1.539   0.241
 6.03   9.00    1.484    0.470   1.539   0.232

 6.04   0.00    0.235    0.226   0.058   0.039   0.034   0.011   0.081   0.011   0.000   0.000   0.000 376702600
 6.04   6.47   61.252
 6.04   9.00    0.919    0.618
 6.04   9.00    1.538   59.505
 6.04   9.00    1.481    0.478   1.538   0.240
 6.04   9.00    1.482    0.469   1.538   0.232

 6.05   0.00    0.234    0.226   0.057   0.039   0.034   0.011   0.081   0.011   0.000   0.000   0.000 377326300
 6.05   6.47   61.222
 6.05   9.00    0.918    0.618
 6.05   9.00    1.536   59.489
 6.05   9.00    1.480    0.478   1.536   0.240
 6.05   9.00    1.481    0.469   1.536   0.231

 6.06   0.00    0.234    0.225   0.057   0.039   0.034   0.011   0.081   0.011   0.000   0.000   0.000 377950000
 6.06   6.48   61.192
 6.06   9.00    0.917    0.618
 6.06   9.00    1.535   59.474
 6.06   9.00    1.478    0.477   1.535   0.240
 6.06   9.00    1.480    0.468   1.535   0.231

 6.07   0.00    0.234    0.225   0.057   0.039   0.034   0.011   0.081   0.011   0.000   0.000   0.000 378573700
 6.07   6.48   61.161
 6.07   9.00    0.916    0.617
 6.07   9.00    1.533   59.459
 6.07   9.00    1.477    0.477   1.533   0.240
 6.07   9.00    1.478    0.468   1.533   0.231

 6.08   0.00    0.234    0.225   0.057   0.039   0.034   0.011   0.081   0.011   0.000   0.000   0.000 379197300
 6.08   6.48   61.131
 6.08   9.00    0.915    0.617
 6.08   9.00    1.532   59.444
 6.08   9.00    1.476    0.476   1.532   0.239
 6.08   9.00    1.477    0.467   1.532   0.231

 6.09   0.00    0.233    0.225   0.057   0.039   0.033   0.011   0.081   0.011   0.000   0.000   0.000 379821000
 6.09   6.49   61.101
 6.09   9.00    0.914    0.616
 6.09   9.00    1.530   59.429
 6.09   9.00    1.474    0.476   1.530   0.239
 6.09   9.00    1.476    0.467   1.530   0.230

 6.10   0.00    0.233    0.225   0.057   0.039   0.033   0.011   0.081   0.011   0.000   0.000   0.000 380444700
 6.10   6.49   61.071
 6.10   9.00    0.913    0.616
 6.10   9.00    1.529   59.414
 6.10   9.00    1.473    0.475   1.529   0.239
 6.10   9.00    1.474    0.467   1.529   0.230

 6.11   0.00    0.233    0.224   0.057   0.039   0.033   0.011   0.081   0.011   0.000   0.000   0.000 381068400
 6.11   6.49   61.041
 6.11   9.00    0.912    0.615
 6.11   9.00    1.528   59.398
 6.11   9.00    1.471    0.475   1.528   0.239
 6.11   9.00    1.473    0.466   1.528   0.230

 6.12   0.00    0.233    0.224   0.057   0.039   0.033   0.011   0.081   0.011   0.000   0.000   0.000 381692000
 6.12   6.50   61.011
 6.12   9.00    0.911    0.615
 6.12   9.00    1.526   59.383
 6.12   9.00    1.470    0.474   1.526   0.238
 6.12   9.00    1.471    0.466   1.526   0.230

 6.13   0.00    0.232    0.224   0.057   0.039   0.033   0.011   0.081   0.011   0.000   0.000   0.000 382315700
 6.13   6.50   60.982
 6.13   9.00    0.910    0.615
 6.13   9.00    1.525   59.368
 6.13   9.00    1.469    0.474   1.525   0.238
 6.13   9.00    1.470    0.465   1.525   0.230

 6.14   0.00    0.232    0.224   0.057   0.039   0.033   0.011   0.081   0.011   0.000   0.000   0.000 382939400
 6.14   6.50   60.952
 6.14   9.00    0.909    0.614
 6.14   9.00    1.523   59.353
 6.14   9.00    1.467    0.473   1.523   0.238
 6.14   9.00    1.469    0.465   1.523   0.229

 6.15   0.00    0.232    0.223   0.056   0.039   0.033   0.011   0.081   0.011   0.000   0.000   0.000 383563100
 6.15   6.51   60.923
 6.15   9.00    0.908    0.614
 6.15   9.00    1.522   59.338
 6.15   9.00    1.466    0.473   1.522   0.238
 6.15   9.00    1.467    0.464   1.522   0.229

 6.16   0.00    0.232    0.223   0.056   0.039   0.033   0.011   0.081   0.011   0.000   0.000   0.000 384186800
 6.16   6.51   60.894
 6.16   9.00    0.907    0.613
 6.16   9.00    1.521   59.323
 6.16   9.00    1.465    0.472   1.521   0.237
 6.16   9.00    1.466    0.464   1.521   0.229

 6.17   0.00    0.231    0.223   0.056   0.039   0.033   0.011   0.081   0.011   0.000   0.000   0.000 384810400
 6.17   6.51   60.864
 6.17   9.00    0.906    0.613
 6.17   9.00    1.519   59.308
 6.17   9.00    1.463    0.472   1.519   0.237
 6.17   9.00    1.465    0.463   1.519   0.229

 6.18   0.00    0.231    0.223   0.056   0.039   0.032   0.011   0.081   0.011   0.000   0.000   0.000 385434100
 6.18   6.52   60.835
 6.18   9.00    0.905    0.613
 6.18   9.00    1.518   59.293
 6.18   9.00    1.462    0.471   1.518   0.237
 6.18   9.00    1.463    0.463   1.518   0.228

 6.19   0.00    0.231    0.223   0.056   0.039   0.032   0.011   0.081   0.011   0.000   0.000   0.000 386057800
 6.19   6.52   60.806
 6.19   9.00    0.904    0.612
 6.19   9.00    1.517   59.278
 6.19   9.00    1.461    0.471   1.517   0.237
 6.19   9.00    1.462    0.463   1.517   0.228

 6.20   0.00    0.231    0.222   0.056   0.039   0.032   0.011   0.081   0.011   0.000   0.000   0.000 386681500
 6.20   6.52   60.777
 6.20   9.00    0.903    0.612
 6.20   9.00    1.515   59.264
 6.20   9.00    1.460    0.470   1.515   0.236
 6.20   9.00    1.461    0.462   1.515   0.228

 6.21   0.00    0.230    0.222   0.056   0.039   0.032   0.011   0.081   0.011   0.000   0.000   0.000 387305200
 6.21   6.53   60.749
 6.21   9.00    0.902    0.611
 6.21   9.00    1.514   59.249
 6.21   9.00    1.458    0.470   1.514   0.236
 6.21   9.00    1.460    0.462   1.514   0.228

 6.22   0.00    0.230    0.222   0.056   0.039   0.032   0.011   0.081   0.011   0.000   0.000   0.000 387928800
 6.22   6.53   60.720
 6.22   9.00    0.901    0.611
 6.22   9.00    1.512   59.234
 6.22   9.00    1.457    0.469   1.512   0.236
 6.22   9.00    1.458    0.461   1.512   0.228

 6.23   0.00    0.230    0.222   0.056   0.039   0.032   0.011   0.081   0.011   0.000   0.000   0.000 388552500
 6.23   6.54   60.691
 6.23   9.00    0.900    0.611
 6.23   9.00    1.511   59.219
 6.23   9.00    1.456    0.469   1.511   0.236
 6.23   9.00    1.457    0.461   1.511   0.227

 6.24   0.00    0.230    0.222   0.056   0.039   0.032   0.011   0.081   0.011   0.000   0.000   0.000 389176200
 6.24   6.54   60.663
 6.24   9.00    0.900    0.610
 6.24   9.00    1.510   59.204
 6.24   9.00    1.454    0.469   1.510   0.235
 6.24   9.00    1.456    0.460   1.510   0.227

 6.25   0.00    0.229    0.221   0.055   0.039   0.032   0.011   0.081   0.011   0.000   0.000   0.000 389799900
 6.25   6.54   60.634
 6.25   9.00    0.899    0.610
 6.25   9.00    1.508   59.189
 6.25   9.00    1.453    0.468   1.508   0.235
 6.25   9.00    1.454    0.460   1.508   0.227

 6.26   0.00    0.229    0.221   0.055   0.039   0.032   0.011   0.081   0.011   0.000   0.000   0.000 390423600
 6.26   6.55   60.606
 6.26   9.00    0.898    0.609
 6.26   9.00    1.507   59.175
 6.26   9.00    1.452    0.468   1.507   0.235
 6.26   9.00    1.453    0.460   1.507   0.227

 6.27   0.00    0.229    0.221   0.055   0.039   0.031   0.011   0.081   0.011   0.000   0.000   0.000 391047200
 6.27   6.55   60.578
 6.27   9.00    0.897    0.609
 6.27   9.00    1.506   59.160
 6.27   9.00    1.450    0.467   1.506   0.235
 6.27   9.00    1.452    0.459   1.506   0.226

 6.28   0.00    0.229    0.221   0.055   0.039   0.031   0.011   0.081   0.011   0.000   0.000   0.000 391670900
 6.28   6.55   60.550
 6.28   9.00    0.896    0.609
 6.28   9.00    1.504   59.145
 6.28   9.00    1.449    0.467   1.504   0.234
 6.28   9.00    1.450    0.459   1.504   0.226

 6.29   0.00    0.228    0.220   0.055   0.039   0.031   0.011   0.081   0.011   0.000   0.000   0.000 392294600
 6.29   6.56   60.522
 6.29   9.00    0.895    0.608
 6.29   9.00    1.503   59.130
 6.29   9.00    1.448    0.466   1.503   0.234
 6.29   9.00    1.449    0.458   1.503   0.226

 6.30   0.00    0.228    0.220   0.055   0.039   0.031   0.011   0.081   0.011   0.000   0.000   0.000 392918300
 6.30   6.56   60.494
 6.30   9.00    0.894    0.608
 6.30   9.00    1.502   59.116
 6.30   9.00    1.447    0.466   1.502   0.234
 6.30   9.00    1.448    0.458   1.502   0.226

 6.31   0.00    0.228    0.220   0.055   0.039   0.031   0.011   0.081   0.011   0.000   0.000   0.000 393542000
 6.31   6.57   60.466
 6.31   9.00    0.893    0.607
 6.31   9.00    1.500   59.101
 6.31   9.00    1.445    0.465   1.500   0.234
 6.31   9.00    1.447    0.457   1.500   0.226

 6.32   0.00    0.228    0.220   0.055   0.039   0.031   0.011   0.081   0.011   0.000   0.000   0.000 394165600
 6.32   6.57   60.439
 6.32   9.00    0.892    0.607
 6.32   9.00    1.499   59.086
 6.32   9.00    1.444    0.465   1.499   0.233
 6.32   9.00    1.445    0.457   1.499   0.225

 6.33   0.00    0.227    0.220   0.055   0.039   0.031   0.011   0.081   0.011   0.000   0.000   0.000 394789300
 6.33   6.57   60.411
 6.33   9.00    0.891    0.607
 6.33   9.00    1.498   59.072
 6.33   9.00    1.443    0.464   1.498   0.233
 6.33   9.00    1.444    0.457   1.498   0.225

 6.34   0.00    0.227    0.219   0.055   0.039   0.031   0.011   0.081   0.011   0.000   0.000   0.000 395413000
 6.34   6.58   60.383
 6.34   9.00    0.890    0.606
 6.34   9.00    1.496   59.057
 6.34   9.00    1.442    0.464   1.496   0.233
 6.34   9.00    1.443    0.456   1.496   0.225

 6.35   0.00    0.227    0.219   0.054   0.039   0.031   0.011   0.081   0.011   0.000   0.000   0.000 396036700
 6.35   6.58   60.356
 6.35   9.00    0.889    0.606
 6.35   9.00    1.495   59.042
 6.35   9.00    1.440    0.464   1.495   0.233
 6.35   9.00    1.442    0.456   1.495   0.225

 6.36   0.00    0.227    0.219   0.054   0.039   0.031   0.011   0.081   0.011   0.000   0.000   0.000 396660400
 6.36   6.59   60.329
 6.36   9.00    0.888    0.606
 6.36   9.00    1.494   59.028
 6.36   9.00    1.439    0.463   1.494   0.232
 6.36   9.00    1.440    0.455   1.494   0.224

 6.37   0.00    0.226    0.219   0.054   0.039   0.030   0.011   0.081   0.011   0.000   0.000   0.000 397284000
 6.37   6.59   60.302
 6.37   9.00    0.887    0.605
 6.37   9.00    1.493   59.013
 6.37   9.00    1.438    0.463   1.493   0.232
 6.37   9.00    1.439    0.455   1.493   0.224

 6.38   0.00    0.226    0.219   0.054   0.039   0.030   0.011   0.081   0.011   0.000   0.000   0.000 397907700
 6.38   6.59   60.275
 6.38   9.00    0.886    0.605
 6.38   9.00    1.491   58.999
 6.38   9.00    1.437    0.462   1.491   0.232
 6.38   9.00    1.438    0.455   1.491   0.224

 6.39   0.00    0.226    0.218   0.054   0.039   0.030   0.011   0.082   0.010   0.000   0.000   0.000 398531400
 6.39   6.60   60.248
 6.39   9.00    0.885    0.605
 6.39   9.00    1.490   58.984
 6.39   9.00    1.435    0.462   1.490   0.232
 6.39   9.00    1.437    0.454   1.490   0.224

 6.40   0.00    0.226    0.218   0.054   0.039   0.030   0.011   0.082   0.010   0.000   0.000   0.000 399155100
 6.40   6.60   60.221
 6.40   9.00    0.885    0.604
 6.40   9.00    1.489   58.970
 6.40   9.00    1.434    0.461   1.489   0.231
 6.40   9.00    1.435    0.454   1.489   0.224

 6.41   0.00    0.225    0.218   0.054   0.039   0.030   0.011   0.082   0.010   0.000   0.000   0.000 399778800
 6.41   6.61   60.194
 6.41   9.00    0.884    0.604
 6.41   9.00    1.487   58.955
 6.41   9.00    1.433    0.461   1.487   0.231
 6.41   9.00    1.434    0.453   1.487   0.223

 6.42   0.00    0.225    0.218   0.054   0.039   0.030   0.011   0.082   0.010   0.000   0.000   0.000 400402400
 6.42   6.61   60.167
 6.42   9.00    0.883    0.603
 6.42   9.00    1.486   58.941
 6.42   9.00    1.432    0.460   1.486   0.231
 6.42   9.00    1.433    0.453   1.486   0.223

 6.43   0.00    0.225    0.217   0.054   0.039   0.030   0.011   0.082   0.010   0.000   0.000   0.000 401026100
 6.43   6.61   60.141
 6.43   9.00    0.882    0.603
 6.43   9.00    1.485   58.926
 6.43   9.00    1.431    0.460   1.485   0.231
 6.43   9.00    1.432    0.452   1.485   0.223

 6.44   0.00    0.225    0.217   0.054   0.039   0.030   0.011   0.082   0.010   0.000   0.000   0.000 401649800
 6.44   6.62   60.114
 6.44   9.00    0.881    0.603
 6.44   9.00    1.484   58.912
 6.44   9.00    1.429    0.460   1.484   0.230
 6.44   9.00    1.430    0.452   1.484   0.223

 6.45   0.00    0.224    0.217   0.054   0.039   0.030   0.011   0.082   0.010   0.000   0.000   0.000 402273500
 6.45   6.62   60.088
 6.45   9.00    0.880    0.602
 6.45   9.00    1.482   58.898
 6.45   9.00    1.428    0.459   1.482   0.230
 6.45   9.00    1.429    0.452   1.482   0.222

 6.46   0.00    0.224    0.217   0.053   0.039   0.029   0.011   0.082   0.010   0.000   0.000   0.000 402897200
 6.46   6.63   60.061
 6.46   9.00    0.879    0.602
 6.46   9.00    1.481   58.883
 6.46   9.00    1.427    0.459   1.481   0.230
 6.46   9.00    1.428    0.451   1.481   0.222

 6.47   0.00    0.224    0.217   0.053   0.039   0.029   0.011   0.082   0.010   0.000   0.000   0.000 403520800
 6.47   6.63   60.035
 6.47   9.00    0.878    0.602
 6.47   9.00    1.480   58.869
 6.47   9.00    1.426    0.458   1.480   0.230
 6.47   9.00    1.427    0.451   1.480   0.222

 6.48   0.00    0.224    0.216   0.053   0.039   0.029   0.011   0.082   0.010   0.000   0.000   0.000 404144500
 6.48   6.63   60.009
 6.48   9.00    0.877    0.601
 6.48   9.00    1.479   58.854
 6.48   9.00    1.425    0.458   1.479   0.229
 6.48   9.00    1.426    0.450   1.479   0.222

 6.49   0.00    0.223    0.216   0.053   0.039   0.029   0.011   0.082   0.010   0.000   0.000   0.000 404768200
 6.49   6.64   59.983
 6.49   9.00    0.876    0.601
 6.49   9.00    1.477   58.840
 6.49   9.00    1.423    0.457   1.477   0.229
 6.49   9.00    1.424    0.450   1.477   0.222

 6.50   0.00    0.223    0.216   0.053   0.039   0.029   0.011   0.082   0.010   0.000   0.000   0.000 405391900
 6.50   6.64   59.957
 6.50   9.00    0.876    0.601
 6.50   9.00    1.476   58.826
 6.50   9.00    1.422    0.457   1.476   0.229
 6.50   9.00    1.423    0.450   1.476   0.221

 6.51   0.00    0.223    0.216   0.053   0.039   0.029   0.011   0.082   0.010   0.000   0.000   0.000 406015600
 6.51   6.65   59.931
 6.51   9.00    0.875    0.600
 6.51   9.00    1.475   58.812
 6.51   9.00    1.421    0.456   1.475   0.229
 6.51   9.00    1.422    0.449   1.475   0.221

 6.52   0.00    0.223    0.216   0.053   0.039   0.029   0.010   0.082   0.010   0.000   0.000   0.000 406639200
 6.52   6.65   59.906
 6.52   9.00    0.874    0.600
 6.52   9.00    1.474   58.797
 6.52   9.00    1.420    0.456   1.474   0.228
 6.52   9.00    1.421    0.449   1.474   0.221

 6.53   0.00    0.222    0.215   0.053   0.039   0.029   0.010   0.082   0.010   0.000   0.000   0.000 407262900
 6.53   6.65   59.880
 6.53   9.00    0.873    0.600
 6.53   9.00    1.472   58.783
 6.53   9.00    1.419    0.456   1.472   0.228
 6.53   9.00    1.420    0.448   1.472   0.221

 6.54   0.00    0.222    0.215   0.053   0.039   0.029   0.010   0.082   0.010   0.000   0.000   0.000 407886600
 6.54   6.66   59.855
 6.54   9.00    0.872    0.599
 6.54   9.00    1.471   58.769
 6.54   9.00    1.417    0.455   1.471   0.228
 6.54   9.00    1.419    0.448   1.471   0.221

 6.55   0.00    0.222    0.215   0.053   0.039   0.028   0.010   0.082   0.010   0.000   0.000   0.000 408510300
 6.55   6.66   59.829
 6.55   9.00    0.871    0.599
 6.55   9.00    1.470   58.755
 6.55   9.00    1.416    0.455   1.470   0.228
 6.55   9.00    1.417    0.448   1.470   0.220

 6.56   0.00    0.222    0.215   0.053   0.039   0.028   0.010   0.082   0.010   0.000   0.000   0.000 409134000
 6.56   6.67   59.804
 6.56   9.00    0.870    0.598
 6.56   9.00    1.469   58.740
 6.56   9.00    1.415    0.454   1.469   0.227
 6.56   9.00    1.416    0.447   1.469   0.220

 6.57   0.00    0.222    0.215   0.052   0.039   0.028   0.010   0.082   0.010   0.000   0.000   0.000 409757600
 6.57   6.67   59.779
 6.57   9.00    0.869    0.598
 6.57   9.00    1.468   58.726
 6.57   9.00    1.414    0.454   1.468   0.227
 6.57   9.00    1.415    0.447   1.468   0.220

 6.58   0.00    0.221    0.214   0.052   0.039   0.028   0.010   0.082   0.010   0.000   0.000   0.000 410381300
 6.58   6.68   59.753
 6.58   9.00    0.869    0.598
 6.58   9.00    1.466   58.712
 6.58   9.00    1.413    0.453   1.466   0.227
 6.58   9.00    1.414    0.446   1.466   0.220

 6.59   0.00    0.221    0.214   0.052   0.039   0.028   0.010   0.082   0.010   0.000   0.000   0.000 411005000
 6.59   6.68   59.728
 6.59   9.00    0.868    0.597
 6.59   9.00    1.465   58.698
 6.59   9.00    1.412    0.453   1.465   0.227
 6.59   9.00    1.413    0.446   1.465   0.219

 6.60   0.00    0.221    0.214   0.052   0.039   0.028   0.010   0.082   0.010   0.000   0.000   0.000 411628700
 6.60   6.68   59.703
 6.60   9.00    0.867    0.597
 6.60   9.00    1.464   58.684
 6.60   9.00    1.410    0.453   1.464   0.226
 6.60   9.00    1.412    0.446   1.464   0.219

 6.61   0.00    0.221    0.214   0.052   0.039   0.028   0.010   0.082   0.010   0.000   0.000   0.000 412252400
 6.61   6.69   59.679
 6.61   9.00    0.866    0.597
 6.61   9.00    1.463   58.670
 6.61   9.00    1.409    0.452   1.463   0.226
 6.61   9.00    1.410    0.445   1.463   0.219

 6.62   0.00    0.220    0.213   0.052   0.039   0.028   0.010   0.082   0.010   0.000   0.000   0.000 412876000
 6.62   6.69   59.654
 6.62   9.00    0.865    0.596
 6.62   9.00    1.462   58.656
 6.62   9.00    1.408    0.452   1.462   0.226
 6.62   9.00    1.409    0.445   1.462   0.219

 6.63   0.00    0.220    0.213   0.052   0.039   0.028   0.010   0.082   0.010   0.000   0.000   0.000 413499700
 6.63   6.70   59.629
 6.63   9.00    0.864    0.596
 6.63   9.00    1.460   58.642
 6.63   9.00    1.407    0.451   1.460   0.226
 6.63   9.00    1.408    0.444   1.460   0.219

 6.64   0.00    0.220    0.213   0.052   0.039   0.027   0.010   0.082   0.010   0.000   0.000   0.000 414123400
 6.64   6.70   59.604
 6.64   9.00    0.863    0.596
 6.64   9.00    1.459   58.628
 6.64   9.00    1.406    0.451   1.459   0.225
 6.64   9.00    1.407    0.444   1.459   0.218

 6.65   0.00    0.220    0.213   0.052   0.039   0.027   0.010   0.082   0.010   0.000   0.000   0.000 414747100
 6.65   6.71   59.580
 6.65   9.00    0.862    0.595
 6.65   9.00    1.458   58.614
 6.65   9.00    1.405    0.450   1.458   0.225
 6.65   9.00    1.406    0.444   1.458   0.218

 6.66   0.00    0.219    0.213   0.052   0.039   0.027   0.010   0.082   0.010   0.000   0.000   0.000 415370800
 6.66   6.71   59.556
 6.66   9.00    0.862    0.595
 6.66   9.00    1.457   58.600
 6.66   9.00    1.404    0.450   1.457   0.225
 6.66   9.00    1.405    0.443   1.457   0.218

 6.67   0.00    0.219    0.212   0.052   0.039   0.027   0.010   0.082   0.010   0.000   0.000   0.000 415994400
 6.67   6.71   59.531
 6.67   9.00    0.861    0.595
 6.67   9.00    1.456   58.586
 6.67   9.00    1.403    0.450   1.456   0.225
 6.67   9.00    1.404    0.443   1.456   0.218

 6.68   0.00    0.219    0.212   0.051   0.039   0.027   0.010   0.082   0.010   0.000   0.000   0.000 416618100
 6.68   6.72   59.507
 6.68   9.00    0.860    0.595
 6.68   9.00    1.454   58.572
 6.68   9.00    1.401    0.449   1.454   0.224
 6.68   9.00    1.402    0.442   1.454   0.218

 6.69   0.00    0.219    0.212   0.051   0.039   0.027   0.010   0.082   0.010   0.000   0.000   0.000 417241800
 6.69   6.72   59.483
 6.69   9.00    0.859    0.594
 6.69   9.00    1.453   58.558
 6.69   9.00    1.400    0.449   1.453   0.224
 6.69   9.00    1.401    0.442   1.453   0.217

 6.70   0.00    0.218    0.212   0.051   0.039   0.027   0.010   0.082   0.010   0.000   0.000   0.000 417865400
 6.70   6.73   59.459
 6.70   9.00    0.858    0.594
 6.70   9.00    1.452   58.544
 6.70   9.00    1.399    0.448   1.452   0.224
 6.70   9.00    1.400    0.442   1.452   0.217

 6.71   0.00    0.218    0.212   0.051   0.039   0.027   0.010   0.082   0.010   0.000   0.000   0.000 418489200
 6.71   6.73   59.435
 6.71   9.00    0.857    0.594
 6.71   9.00    1.451   58.530
 6.71   9.00    1.398    0.448   1.451   0.224
 6.71   9.00    1.399    0.441   1.451   0.217

 6.72   0.00    0.218    0.211   0.051   0.039   0.027   0.010   0.082   0.010   0.000   0.000   0.000 419112800
 6.72   6.74   59.411
 6.72   9.00    0.857    0.593
 6.72   9.00    1.450   58.516
 6.72   9.00    1.397    0.448   1.450   0.224
 6.72   9.00    1.398    0.441   1.450   0.217

 6.73   0.00    0.218    0.211   0.051   0.039   0.027   0.010   0.082   0.010   0.000   0.000   0.000 419736500
 6.73   6.74   59.387
 6.73   9.00    0.856    0.593
 6.73   9.00    1.449   58.502
 6.73   9.00    1.396    0.447   1.449   0.223
 6.73   9.00    1.397    0.440   1.449   0.217

 6.74   0.00    0.218    0.211   0.051   0.039   0.026   0.010   0.082   0.010   0.000   0.000   0.000 420360200
 6.74   6.75   59.364
 6.74   9.00    0.855    0.593
 6.74   9.00    1.447   58.489
 6.74   9.00    1.395    0.447   1.447   0.223
 6.74   9.00    1.396    0.440   1.447   0.216

 6.75   0.00    0.217    0.211   0.051   0.039   0.026   0.010   0.082   0.010   0.000   0.000   0.000 420983900
 6.75   6.75   59.340
 6.75   9.00    0.854    0.592
 6.75   9.00    1.446   58.475
 6.75   9.00    1.394    0.446   1.446   0.223
 6.75   9.00    1.395    0.440   1.446   0.216

 6.76   0.00    0.217    0.211   0.051   0.039   0.026   0.010   0.082   0.010   0.000   0.000   0.000 421607600
 6.76   6.75   59.316
 6.76   9.00    0.853    0.592
 6.76   9.00    1.445   58.461
 6.76   9.00    1.393    0.446   1.445   0.223
 6.76   9.00    1.394    0.439   1.445   0.216

 6.77   0.00    0.217    0.210   0.051   0.039   0.026   0.010   0.082   0.010   0.000   0.000   0.000 422231200
 6.77   6.76   59.293
 6.77   9.00    0.852    0.592
 6.77   9.00    1.444   58.447
 6.77   9.00    1.392    0.445   1.444   0.222
 6.77   9.00    1.393    0.439   1.444   0.216

 6.78   0.00    0.217    0.210   0.051   0.039   0.026   0.010   0.082   0.010   0.000   0.000   0.000 422854900
 6.78   6.76   59.270
 6.78   9.00    0.852    0.591
 6.78   9.00    1.443   58.433
 6.78   9.00    1.390    0.445   1.443   0.222
 6.78   9.00    1.391    0.439   1.443   0.215

 6.79   0.00    0.216    0.210   0.051   0.039   0.026   0.010   0.082   0.010   0.000   0.000   0.000 423478600
 6.79   6.77   59.246
 6.79   9.00    0.851    0.591
 6.79   9.00    1.442   58.420
 6.79   9.00    1.389    0.445   1.442   0.222
 6.79   9.00    1.390    0.438   1.442   0.215

 6.80   0.00    0.216    0.210   0.050   0.039   0.026   0.010   0.082   0.010   0.000   0.000   0.000 424102300
 6.80   6.77   59.223
 6.80   9.00    0.850    0.591
 6.80   9.00    1.441   58.406
 6.80   9.00    1.388    0.444   1.441   0.222
 6.80   9.00    1.389    0.438   1.441   0.215

 6.81   0.00    0.216    0.210   0.050   0.039   0.026   0.010   0.082   0.010   0.000   0.000   0.000 424726000
 6.81   6.78   59.200
 6.81   9.00    0.849    0.590
 6.81   9.00    1.440   58.392
 6.81   9.00    1.387    0.444   1.440   0.221
 6.81   9.00    1.388    0.437   1.440   0.215

 6.82   0.00    0.216    0.209   0.050   0.039   0.026   0.010   0.082   0.010   0.000   0.000   0.000 425349600
 6.82   6.78   59.177
 6.82   9.00    0.848    0.590
 6.82   9.00    1.438   58.379
 6.82   9.00    1.386    0.443   1.438   0.221
 6.82   9.00    1.387    0.437   1.438   0.215

 6.83   0.00    0.216    0.209   0.050   0.039   0.025   0.010   0.082   0.010   0.000   0.000   0.000 425973300
 6.83   6.79   59.154
 6.83   9.00    0.847    0.590
 6.83   9.00    1.437   58.365
 6.83   9.00    1.385    0.443   1.437   0.221
 6.83   9.00    1.386    0.437   1.437   0.214

 6.84   0.00    0.215    0.209   0.050   0.039   0.025   0.010   0.082   0.010   0.000   0.000   0.000 426597000
 6.84   6.79   59.132
 6.84   9.00    0.847    0.590
 6.84   9.00    1.436   58.351
 6.84   9.00    1.384    0.443   1.436   0.221
 6.84   9.00    1.385    0.436   1.436   0.214

 6.85   0.00    0.215    0.209   0.050   0.039   0.025   0.010   0.082   0.010   0.000   0.000   0.000 427220700
 6.85   6.80   59.109
 6.85   9.00    0.846    0.589
 6.85   9.00    1.435   58.338
 6.85   9.00    1.383    0.442   1.435   0.220
 6.85   9.00    1.384    0.436   1.435   0.214

 6.86   0.00    0.215    0.209   0.050   0.039   0.025   0.010   0.082   0.010   0.000   0.000   0.000 427844400
 6.86   6.80   59.086
 6.86   9.00    0.845    0.589
 6.86   9.00    1.434   58.324
 6.86   9.00    1.382    0.442   1.434   0.220
 6.86   9.00    1.383    0.435   1.434   0.214

 6.87   0.00    0.215    0.208   0.050   0.039   0.025   0.010   0.082   0.010   0.000   0.000   0.000 428468000
 6.87   6.81   59.064
 6.87   9.00    0.844    0.589
 6.87   9.00    1.433   58.311
 6.87   9.00    1.381    0.441   1.433   0.220
 6.87   9.00    1.382    0.435   1.433   0.214

 6.88   0.00    0.214    0.208   0.050   0.039   0.025   0.010   0.082   0.010   0.000   0.000   0.000 429091700
 6.88   6.81   59.041
 6.88   9.00    0.843    0.588
 6.88   9.00    1.432   58.297
 6.88   9.00    1.380    0.441   1.432   0.220
 6.88   9.00    1.381    0.435   1.432   0.213

 6.89   0.00    0.214    0.208   0.050   0.039   0.025   0.010   0.082   0.010   0.000   0.000   0.000 429715400
 6.89   6.81   59.019
 6.89   9.00    0.843    0.588
 6.89   9.00    1.431   58.284
 6.89   9.00    1.379    0.441   1.431   0.220
 6.89   9.00    1.380    0.434   1.431   0.213

 6.90   0.00    0.214    0.208   0.050   0.039   0.025   0.010   0.082   0.010   0.000   0.000   0.000 430339100
 6.90   6.82   58.997
 6.90   9.00    0.842    0.588
 6.90   9.00    1.430   58.270
 6.90   9.00    1.378    0.440   1.430   0.219
 6.90   9.00    1.379    0.434   1.430   0.213

 6.91   0.00    0.214    0.208   0.050   0.039   0.025   0.010   0.082   0.010   0.000   0.000   0.000 430962700
 6.91   6.82   58.974
 6.91   9.00    0.841    0.587
 6.91   9.00    1.429   58.257
 6.91   9.00    1.377    0.440   1.429   0.219
 6.91   9.00    1.378    0.434   1.429   0.213

 6.92   0.00    0.213    0.207   0.049   0.038   0.024   0.010   0.082   0.010   0.000   0.000   0.000 431586400
 6.92   6.83   58.952
 6.92   9.00    0.840    0.587
 6.92   9.00    1.427   58.243
 6.92   9.00    1.376    0.439   1.427   0.219
 6.92   9.00    1.377    0.433   1.427   0.213

 6.93   0.00    0.213    0.207   0.049   0.038   0.024   0.010   0.082   0.010   0.000   0.000   0.000 432210100
 6.93   6.83   58.930
 6.93   9.00    0.839    0.587
 6.93   9.00    1.426   58.230
 6.93   9.00    1.375    0.439   1.426   0.219
 6.93   9.00    1.376    0.433   1.426   0.212

 6.94   0.00    0.213    0.207   0.049   0.038   0.024   0.010   0.082   0.010   0.000   0.000   0.000 432833800
 6.94   6.84   58.908
 6.94   9.00    0.839    0.587
 6.94   9.00    1.425   58.216
 6.94   9.00    1.374    0.439   1.425   0.218
 6.94   9.00    1.375    0.432   1.425   0.212

 6.95   0.00    0.213    0.207   0.049   0.038   0.024   0.010   0.082   0.010   0.000   0.000   0.000 433457400
 6.95   6.84   58.886
 6.95   9.00    0.838    0.586
 6.95   9.00    1.424   58.203
 6.95   9.00    1.373    0.438   1.424   0.218
 6.95   9.00    1.374    0.432   1.424   0.212

 6.96   0.00    0.213    0.207   0.049   0.038   0.024   0.010   0.082   0.010   0.000   0.000   0.000 434081200
 6.96   6.85   58.865
 6.96   9.00    0.837    0.586
 6.96   9.00    1.423   58.189
 6.96   9.00    1.372    0.438   1.423   0.218
 6.96   9.00    1.372    0.432   1.423   0.212

 6.97   0.00    0.212    0.206   0.049   0.038   0.024   0.010   0.082   0.010   0.000   0.000   0.000 434704800
 6.97   6.85   58.843
 6.97   9.00    0.836    0.586
 6.97   9.00    1.422   58.176
 6.97   9.00    1.371    0.437   1.422   0.218
 6.97   9.00    1.371    0.431   1.422   0.212

 6.98   0.00    0.212    0.206   0.049   0.038   0.024   0.010   0.082   0.010   0.000   0.000   0.000 435328500
 6.98   6.86   58.821
 6.98   9.00    0.836    0.585
 6.98   9.00    1.421   58.163
 6.98   9.00    1.369    0.437   1.421   0.217
 6.98   9.00    1.370    0.431   1.421   0.211

 6.99   0.00    0.212    0.206   0.049   0.038   0.024   0.010   0.082   0.009   0.000   0.000   0.000 435952200
 6.99   6.86   58.800
 6.99   9.00    0.835    0.585
 6.99   9.00    1.420   58.149
 6.99   9.00    1.368    0.437   1.420   0.217
 6.99   9.00    1.369    0.431   1.420   0.211

 7.00   0.00    0.212    0.206   0.049   0.038   0.024   0.010   0.082   0.009   0.000   0.000   0.000 436575900
 7.00   6.87   58.778
 7.00   9.00    0.834    0.585
 7.00   9.00    1.419   58.136
 7.00   9.00    1.367    0.436   1.419   0.217
 7.00   9.00    1.368    0.430   1.419   0.211

 7.01   0.00    0.212    0.206   0.049   0.038   0.024   0.010   0.082   0.009   0.000   0.000   0.000 437199600
 7.01   6.87   58.757
 7.01   9.00    0.833    0.585
 7.01   9.00    1.418   58.123
 7.01   9.00    1.366    0.436   1.418   0.217
 7.01   9.00    1.367    0.430   1.418   0.211

 7.02   0.00    0.211    0.205   0.049   0.038   0.023   0.010   0.082   0.009   0.000   0.000   0.000 437823200
 7.02   6.88   58.736
 7.02   9.00    0.832    0.584
 7.02   9.00    1.417   58.109
 7.02   9.00    1.365    0.436   1.417   0.217
 7.02   9.00    1.366    0.430   1.417   0.211

 7.03   0.00    0.211    0.205   0.049   0.038   0.023   0.010   0.082   0.009   0.000   0.000   0.000 438446900
 7.03   6.88   58.714
 7.03   9.00    0.832    0.584
 7.03   9.00    1.416   58.096
 7.03   9.00    1.364    0.435   1.416   0.216
 7.03   9.00    1.365    0.429   1.416   0.210

 7.04   0.00    0.211    0.205   0.049   0.038   0.023   0.010   0.082   0.009   0.000   0.000   0.000 439070600
 7.04   6.89   58.693
 7.04   9.00    0.831    0.584
 7.04   9.00    1.415   58.083
 7.04   9.00    1.363    0.435   1.415   0.216
 7.04   9.00    1.364    0.429   1.415   0.210

 7.05   0.00    0.211    0.205   0.048   0.038   0.023   0.010   0.082   0.009   0.000   0.000   0.000 439694300
 7.05   6.89   58.672
 7.05   9.00    0.830    0.584
 7.05   9.00    1.414   58.069
 7.05   9.00    1.362    0.435   1.414   0.216
 7.05   9.00    1.363    0.429   1.414   0.210

 7.06   0.00    0.211    0.205   0.048   0.038   0.023   0.010   0.082   0.009   0.000   0.000   0.000 440317900
 7.06   6.90   58.651
 7.06   9.00    0.829    0.583
 7.06   9.00    1.413   58.056
 7.06   9.00    1.361    0.434   1.413   0.216
 7.06   9.00    1.362    0.428   1.413   0.210

 7.07   0.00    0.210    0.205   0.048   0.038   0.023   0.010   0.082   0.009   0.000   0.000   0.000 440941600
 7.07   6.90   58.630
 7.07   9.00    0.829    0.583
 7.07   9.00    1.412   58.043
 7.07   9.00    1.360    0.434   1.412   0.216
 7.07   9.00    1.361    0.428   1.412   0.210

 7.08   0.00    0.210    0.205   0.048   0.038   0.023   0.010   0.082   0.009   0.000   0.000   0.000 441565300
 7.08   6.91   58.610
 7.08   9.00    0.828    0.583
 7.08   9.00    1.411   58.030
 7.08   9.00    1.359    0.434   1.411   0.216
 7.08   9.00    1.360    0.428   1.411   0.210

 7.09   0.00    0.210    0.204   0.048   0.038   0.023   0.010   0.082   0.009   0.000   0.000   0.000 442189000
 7.09   6.91   58.589
 7.09   9.00    0.827    0.582
 7.09   9.00    1.410   58.017
 7.09   9.00    1.358    0.433   1.410   0.215
 7.09   9.00    1.359    0.427   1.410   0.210

 7.10   0.00    0.210    0.204   0.048   0.038   0.023   0.010   0.082   0.009   0.000   0.000   0.000 442812600
 7.10   6.92   58.568
 7.10   9.00    0.826    0.582
 7.10   9.00    1.409   58.004
 7.10   9.00    1.357    0.433   1.409   0.215
 7.10   9.00    1.358    0.427   1.409   0.209

 7.11   0.00    0.210    0.204   0.048   0.038   0.023   0.010   0.082   0.009   0.000   0.000   0.000 443436400
 7.11   6.92   58.548
 7.11   9.00    0.826    0.582
 7.11   9.00    1.407   57.990
 7.11   9.00    1.357    0.433   1.407   0.215
 7.11   9.00    1.357    0.427   1.407   0.209

 7.12   0.00    0.210    0.204   0.048   0.038   0.023   0.010   0.082   0.009   0.000   0.000   0.000 444060000
 7.12   6.93   58.527
 7.12   9.00    0.825    0.582
 7.12   9.00    1.406   57.977
 7.12   9.00    1.356    0.432   1.406   0.215
 7.12   9.00    1.356    0.427   1.406   0.209

 7.13   0.00    0.209    0.204   0.048   0.038   0.023   0.009   0.082   0.009   0.000   0.000   0.000 444683700
 7.13   6.93   58.507
 7.13   9.00    0.824    0.581
 7.13   9.00    1.405   57.964
 7.13   9.00    1.355    0.432   1.405   0.215
 7.13   9.00    1.355    0.426   1.405   0.209

 7.14   0.00    0.209    0.204   0.048   0.038   0.023   0.009   0.082   0.009   0.000   0.000   0.000 445307400
 7.14   6.94   58.487
 7.14   9.00    0.823    0.581
 7.14   9.00    1.404   57.951
 7.14   9.00    1.354    0.432   1.404   0.215
 7.14   9.00    1.354    0.426   1.404   0.209

 7.15   0.00    0.209    0.204   0.048   0.038   0.023   0.009   0.082   0.009   0.000   0.000   0.000 445931100
 7.15   6.94   58.466
 7.15   9.00    0.823    0.581
 7.15   9.00    1.403   57.938
 7.15   9.00    1.353    0.431   1.403   0.214
 7.15   9.00    1.354    0.426   1.403   0.209

 7.16   0.00    0.209    0.203   0.048   0.038   0.023   0.009   0.082   0.009   0.000   0.000   0.000 446554700
 7.16   6.95   58.446
 7.16   9.00    0.822    0.581
 7.16   9.00    1.402   57.925
 7.16   9.00    1.352    0.431   1.402   0.214
 7.16   9.00    1.353    0.425   1.402   0.208

 7.17   0.00    0.209    0.203   0.048   0.038   0.023   0.009   0.082   0.009   0.000   0.000   0.000 447178400
 7.17   6.95   58.427
 7.17   9.00    0.821    0.580
 7.17   9.00    1.401   57.912
 7.17   9.00    1.351    0.431   1.401   0.214
 7.17   9.00    1.352    0.425   1.401   0.208

 7.18   0.00    0.209    0.203   0.047   0.038   0.023   0.009   0.082   0.009   0.000   0.000   0.000 447802100
 7.18   6.95   58.410
 7.18   9.00    0.820    0.580
 7.18   9.00    1.400   57.899
 7.18   9.00    1.350    0.430   1.400   0.214
 7.18   9.00    1.351    0.425   1.400   0.208

 7.19   0.00    0.208    0.203   0.047   0.038   0.022   0.009   0.082   0.009   0.000   0.000   0.000 448425800
 7.19   6.94   58.392
 7.19   9.00    0.820    0.580
 7.19   9.00    1.399   57.886
 7.19   9.00    1.349    0.430   1.399   0.214
 7.19   9.00    1.350    0.424   1.399   0.208

 7.20   0.00    0.208    0.203   0.047   0.038   0.022   0.009   0.082   0.009   0.000   0.000   0.000 449049400
 7.20   6.94   58.375
 7.20   9.00    0.819    0.580
 7.20   9.00    1.398   57.873
 7.20   9.00    1.348    0.430   1.398   0.214
 7.20   9.00    1.349    0.424   1.398   0.208

 7.21   0.00    0.208    0.203   0.047   0.038   0.022   0.009   0.082   0.009   0.000   0.000   0.000 449673200
 7.21   6.94   58.358
 7.21   9.00    0.818    0.579
 7.21   9.00    1.397   57.860
 7.21   9.00    1.347    0.429   1.397   0.213
 7.21   9.00    1.348    0.424   1.397   0.208

 7.22   0.00    0.208    0.203   0.047   0.038   0.022   0.009   0.082   0.009   0.000   0.000   0.000 450296800
 7.22   6.93   58.341
 7.22   9.00    0.817    0.579
 7.22   9.00    1.396   57.847
 7.22   9.00    1.346    0.429   1.396   0.213
 7.22   9.00    1.347    0.424   1.396   0.208

 7.23   0.00    0.208    0.202   0.047   0.038   0.022   0.009   0.082   0.009   0.000   0.000   0.000 450920500
 7.23   6.93   58.324
 7.23   9.00    0.817    0.579
 7.23   9.00    1.395   57.834
 7.23   9.00    1.345    0.429   1.395   0.213
 7.23   9.00    1.346    0.423   1.395   0.207

 7.24   0.00    0.208    0.202   0.047   0.038   0.022   0.009   0.082   0.009   0.000   0.000   0.000 451544200
 7.24   6.92   58.307
 7.24   9.00    0.816    0.579
 7.24   9.00    1.394   57.822
 7.24   9.00    1.344    0.428   1.394   0.213
 7.24   9.00    1.345    0.423   1.394   0.207

 7.25   0.00    0.207    0.202   0.047   0.038   0.022   0.009   0.082   0.009   0.000   0.000   0.000 452167800
 7.25   6.92   58.291
 7.25   9.00    0.815    0.578
 7.25   9.00    1.394   57.809
 7.25   9.00    1.343    0.428   1.394   0.213
 7.25   9.00    1.344    0.423   1.394   0.207

 7.26   0.00    0.207    0.202   0.047   0.038   0.022   0.009   0.082   0.009   0.000   0.000   0.000 452791600
 7.26   6.92   58.274
 7.26   9.00    0.814    0.578
 7.26   9.00    1.393   57.796
 7.26   9.00    1.342    0.428   1.393   0.213
 7.26   9.00    1.343    0.422   1.393   0.207

 7.27   0.00    0.207    0.202   0.047   0.038   0.022   0.009   0.082   0.009   0.000   0.000   0.000 453415200
 7.27   6.91   58.257
 7.27   9.00    0.814    0.578
 7.27   9.00    1.392   57.783
 7.27   9.00    1.341    0.427   1.392   0.212
 7.27   9.00    1.342    0.422   1.392   0.207

 7.28   0.00    0.207    0.202   0.047   0.038   0.022   0.009   0.082   0.009   0.000   0.000   0.000 454038900
 7.28   6.91   58.240
 7.28   9.00    0.813    0.578
 7.28   9.00    1.391   57.770
 7.28   9.00    1.340    0.427   1.391   0.212
 7.28   9.00    1.341    0.422   1.391   0.207

 7.29   0.00    0.207    0.202   0.047   0.038   0.022   0.009   0.082   0.009   0.000   0.000   0.000 454662600
 7.29   6.91   58.223
 7.29   9.00    0.812    0.577
 7.29   9.00    1.390   57.757
 7.29   9.00    1.339    0.427   1.390   0.212
 7.29   9.00    1.340    0.421   1.390   0.207

 7.30   0.00    0.207    0.201   0.047   0.038   0.022   0.009   0.082   0.009   0.000   0.000   0.000 455286300
 7.30   6.90   58.206
 7.30   9.00    0.812    0.577
 7.30   9.00    1.389   57.745
 7.30   9.00    1.338    0.426   1.389   0.212
 7.30   9.00    1.339    0.421   1.389   0.206

 7.31   0.00    0.207    0.201   0.046   0.038   0.022   0.009   0.082   0.009   0.000   0.000   0.000 455909900
 7.31   6.90   58.190
 7.31   9.00    0.811    0.577
 7.31   9.00    1.388   57.732
 7.31   9.00    1.338    0.426   1.388   0.212
 7.31   9.00    1.338    0.421   1.388   0.206

 7.32   0.00    0.206    0.201   0.046   0.038   0.022   0.009   0.082   0.009   0.000   0.000   0.000 456533600
 7.32   6.90   58.173
 7.32   9.00    0.810    0.577
 7.32   9.00    1.387   57.719
 7.32   9.00    1.337    0.426   1.387   0.212
 7.32   9.00    1.337    0.421   1.387   0.206

 7.33   0.00    0.206    0.201   0.046   0.038   0.022   0.009   0.082   0.009   0.000   0.000   0.000 457157300
 7.33   6.89   58.156
 7.33   9.00    0.809    0.576
 7.33   9.00    1.386   57.706
 7.33   9.00    1.336    0.426   1.386   0.211
 7.33   9.00    1.337    0.420   1.386   0.206

 7.34   0.00    0.206    0.201   0.046   0.038   0.022   0.009   0.082   0.009   0.000   0.000   0.000 457781000
 7.34   6.89   58.140
 7.34   9.00    0.809    0.576
 7.34   9.00    1.385   57.694
 7.34   9.00    1.335    0.425   1.385   0.211
 7.34   9.00    1.336    0.420   1.385   0.206

 7.35   0.00    0.206    0.201   0.046   0.038   0.022   0.009   0.082   0.009   0.000   0.000   0.000 458404600
 7.35   6.89   58.123
 7.35   9.00    0.808    0.576
 7.35   9.00    1.384   57.681
 7.35   9.00    1.334    0.425   1.384   0.211
 7.35   9.00    1.335    0.420   1.384   0.206

 7.36   0.00    0.206    0.201   0.046   0.038   0.022   0.009   0.082   0.009   0.000   0.000   0.000 459028400
 7.36   6.88   58.107
 7.36   9.00    0.807    0.576
 7.36   9.00    1.383   57.668
 7.36   9.00    1.333    0.425   1.383   0.211
 7.36   9.00    1.334    0.419   1.383   0.206

 7.37   0.00    0.206    0.200   0.046   0.038   0.022   0.009   0.082   0.009   0.000   0.000   0.000 459652000
 7.37   6.88   58.090
 7.37   9.00    0.807    0.575
 7.37   9.00    1.382   57.656
 7.37   9.00    1.332    0.424   1.382   0.211
 7.37   9.00    1.333    0.419   1.382   0.205

 7.38   0.00    0.205    0.200   0.046   0.038   0.021   0.009   0.082   0.009   0.000   0.000   0.000 460275700
 7.38   6.88   58.073
 7.38   9.00    0.806    0.575
 7.38   9.00    1.381   57.643
 7.38   9.00    1.331    0.424   1.381   0.211
 7.38   9.00    1.332    0.419   1.381   0.205

 7.39   0.00    0.205    0.200   0.046   0.038   0.021   0.009   0.082   0.009   0.000   0.000   0.000 460899400
 7.39   6.87   58.057
 7.39   9.00    0.805    0.575
 7.39   9.00    1.380   57.630
 7.39   9.00    1.330    0.424   1.380   0.210
 7.39   9.00    1.331    0.419   1.380   0.205

 7.40   0.00    0.205    0.200   0.046   0.038   0.021   0.009   0.082   0.009   0.000   0.000   0.000 461523100
 7.40   6.87   58.040
 7.40   9.00    0.804    0.575
 7.40   9.00    1.379   57.618
 7.40   9.00    1.329    0.423   1.379   0.210
 7.40   9.00    1.330    0.418   1.379   0.205

 7.41   0.00    0.205    0.200   0.046   0.038   0.021   0.009   0.082   0.009   0.000   0.000   0.000 462146700
 7.41   6.87   58.024
 7.41   9.00    0.804    0.575
 7.41   9.00    1.378   57.605
 7.41   9.00    1.328    0.423   1.378   0.210
 7.41   9.00    1.329    0.418   1.378   0.205

 7.42   0.00    0.205    0.200   0.046   0.038   0.021   0.009   0.082   0.009   0.000   0.000   0.000 462770400
 7.42   6.86   58.008
 7.42   9.00    0.803    0.574
 7.42   9.00    1.377   57.593
 7.42   9.00    1.328    0.423   1.377   0.210
 7.42   9.00    1.328    0.418   1.377   0.205

 7.43   0.00    0.205    0.200   0.046   0.038   0.021   0.009   0.082   0.009   0.000   0.000   0.000 463394100
 7.43   6.86   57.991
 7.43   9.00    0.802    0.574
 7.43   9.00    1.376   57.580
 7.43   9.00    1.327    0.423   1.376   0.210
 7.43   9.00    1.327    0.417   1.376   0.205

 7.44   0.00    0.204    0.199   0.046   0.038   0.021   0.009   0.082   0.009   0.000   0.000   0.000 464017800
 7.44   6.86   57.975
 7.44   9.00    0.802    0.574
 7.44   9.00    1.375   57.568
 7.44   9.00    1.326    0.422   1.375   0.210
 7.44   9.00    1.327    0.417   1.375   0.204

 7.45   0.00    0.204    0.199   0.045   0.038   0.021   0.009   0.082   0.009   0.000   0.000   0.000 464641400
 7.45   6.85   57.959
 7.45   9.00    0.801    0.574
 7.45   9.00    1.375   57.555
 7.45   9.00    1.325    0.422   1.375   0.209
 7.45   9.00    1.326    0.417   1.375   0.204

 7.46   0.00    0.204    0.199   0.045   0.038   0.021   0.009   0.082   0.009   0.000   0.000   0.000 465265100
 7.46   6.85   57.942
 7.46   9.00    0.800    0.573
 7.46   9.00    1.374   57.543
 7.46   9.00    1.324    0.422   1.374   0.209
 7.46   9.00    1.325    0.417   1.374   0.204

 7.47   0.00    0.204    0.199   0.045   0.038   0.021   0.009   0.082   0.009   0.000   0.000   0.000 465888800
 7.47   6.85   57.926
 7.47   9.00    0.800    0.573
 7.47   9.00    1.373   57.530
 7.47   9.00    1.323    0.421   1.373   0.209
 7.47   9.00    1.324    0.416   1.373   0.204

 7.48   0.00    0.204    0.199   0.045   0.038   0.021   0.009   0.082   0.009   0.000   0.000   0.000 466512500
 7.48   6.84   57.910
 7.48   9.00    0.799    0.573
 7.48   9.00    1.372   57.518
 7.48   9.00    1.322    0.421   1.372   0.209
 7.48   9.00    1.323    0.416   1.372   0.204

 7.49   0.00    0.204    0.199   0.045   0.038   0.021   0.009   0.082   0.009   0.000   0.000   0.000 467136200
 7.49   6.84   57.894
 7.49   9.00    0.798    0.573
 7.49   9.00    1.371   57.505
 7.49   9.00    1.321    0.421   1.371   0.209
 7.49   9.00    1.322    0.416   1.371   0.204

 7.50   0.00    0.204    0.199   0.045   0.038   0.021   0.009   0.082   0.009   0.000   0.000   0.000 467759800
 7.50   6.84   57.877
 7.50   9.00    0.798    0.573
 7.50   9.00    1.370   57.493
 7.50   9.00    1.321    0.420   1.370   0.209
 7.50   9.00    1.321    0.415   1.370   0.204

 7.51   0.00    0.203    0.199   0.045   0.038   0.021   0.009   0.082   0.009   0.000   0.000   0.000 468383600
 7.51   6.83   57.861
 7.51   9.00    0.797    0.572
 7.51   9.00    1.369   57.481
 7.51   9.00    1.320    0.420   1.369   0.209
 7.51   9.00    1.320    0.415   1.369   0.204

 7.52   0.00    0.203    0.198   0.045   0.038   0.021   0.009   0.082   0.009   0.000   0.000   0.000 469007200
 7.52   6.83   57.845
 7.52   9.00    0.796    0.572
 7.52   9.00    1.368   57.468
 7.52   9.00    1.319    0.420   1.368   0.208
 7.52   9.00    1.320    0.415   1.368   0.203

 7.53   0.00    0.203    0.198   0.045   0.038   0.021   0.009   0.082   0.009   0.000   0.000   0.000 469630900
 7.53   6.83   57.829
 7.53   9.00    0.795    0.572
 7.53   9.00    1.367   57.456
 7.53   9.00    1.318    0.420   1.367   0.208
 7.53   9.00    1.319    0.415   1.367   0.203

 7.54   0.00    0.203    0.198   0.045   0.038   0.021   0.009   0.082   0.009   0.000   0.000   0.000 470254600
 7.54   6.82   57.813
 7.54   9.00    0.795    0.572
 7.54   9.00    1.366   57.443
 7.54   9.00    1.317    0.419   1.366   0.208
 7.54   9.00    1.318    0.414   1.366   0.203

 7.55   0.00    0.203    0.198   0.045   0.038   0.021   0.009   0.082   0.009   0.000   0.000   0.000 470878300
 7.55   6.82   57.797
 7.55   9.00    0.794    0.571
 7.55   9.00    1.366   57.431
 7.55   9.00    1.316    0.419   1.366   0.208
 7.55   9.00    1.317    0.414   1.366   0.203

 7.56   0.00    0.203    0.198   0.045   0.038   0.021   0.009   0.082   0.009   0.000   0.000   0.000 471501900
 7.56   6.82   57.781
 7.56   9.00    0.793    0.571
 7.56   9.00    1.365   57.419
 7.56   9.00    1.315    0.419   1.365   0.208
 7.56   9.00    1.316    0.414   1.365   0.203

 7.57   0.00    0.203    0.198   0.045   0.038   0.020   0.009   0.082   0.009   0.000   0.000   0.000 472125600
 7.57   6.81   57.765
 7.57   9.00    0.793    0.571
 7.57   9.00    1.364   57.407
 7.57   9.00    1.314    0.418   1.364   0.208
 7.57   9.00    1.315    0.413   1.364   0.203

 7.58   0.00    0.202    0.198   0.045   0.038   0.020   0.009   0.082   0.009   0.000   0.000   0.000 472749300
 7.58   6.81   57.749
 7.58   9.00    0.792    0.571
 7.58   9.00    1.363   57.394
 7.58   9.00    1.314    0.418   1.363   0.207
 7.58   9.00    1.314    0.413   1.363   0.202

 7.59   0.00    0.202    0.197   0.044   0.038   0.020   0.009   0.082   0.009   0.000   0.000   0.000 473373000
 7.59   6.81   57.733
 7.59   9.00    0.791    0.571
 7.59   9.00    1.362   57.382
 7.59   9.00    1.313    0.418   1.362   0.207
 7.59   9.00    1.314    0.413   1.362   0.202

 7.60   0.00    0.202    0.197   0.044   0.038   0.020   0.009   0.082   0.009   0.000   0.000   0.000 473996600
 7.60   6.81   57.717
 7.60   9.00    0.791    0.570
 7.60   9.00    1.361   57.370
 7.60   9.00    1.312    0.417   1.361   0.207
 7.60   9.00    1.313    0.413   1.361   0.202

 7.61   0.00    0.202    0.197   0.044   0.038   0.020   0.009   0.082   0.009   0.000   0.000   0.000 474620300
 7.61   6.80   57.701
 7.61   9.00    0.790    0.570
 7.61   9.00    1.360   57.358
 7.61   9.00    1.311    0.417   1.360   0.207
 7.61   9.00    1.312    0.412   1.360   0.202

 7.62   0.00    0.202    0.197   0.044   0.038   0.020   0.009   0.082   0.009   0.000   0.000   0.000 475244000
 7.62   6.80   57.685
 7.62   9.00    0.789    0.570
 7.62   9.00    1.359   57.345
 7.62   9.00    1.310    0.417   1.359   0.207
 7.62   9.00    1.311    0.412   1.359   0.202

 7.63   0.00    0.202    0.197   0.044   0.038   0.020   0.009   0.082   0.009   0.000   0.000   0.000 475867700
 7.63   6.80   57.670
 7.63   9.00    0.789    0.570
 7.63   9.00    1.358   57.333
 7.63   9.00    1.309    0.417   1.358   0.207
 7.63   9.00    1.310    0.412   1.358   0.202

 7.64   0.00    0.201    0.197   0.044   0.038   0.020   0.009   0.082   0.009   0.000   0.000   0.000 476491400
 7.64   6.79   57.654
 7.64   9.00    0.788    0.570
 7.64   9.00    1.358   57.321
 7.64   9.00    1.309    0.416   1.358   0.207
 7.64   9.00    1.309    0.412   1.358   0.202

 7.65   0.00    0.201    0.197   0.044   0.038   0.020   0.009   0.082   0.009   0.000   0.000   0.000 477115000
 7.65   6.79   57.638
 7.65   9.00    0.787    0.569
 7.65   9.00    1.357   57.309
 7.65   9.00    1.308    0.416   1.357   0.206
 7.65   9.00    1.309    0.411   1.357   0.202

 7.66   0.00    0.201    0.196   0.044   0.038   0.020   0.009   0.082   0.009   0.000   0.000   0.000 477738700
 7.66   6.79   57.622
 7.66   9.00    0.787    0.569
 7.66   9.00    1.356   57.297
 7.66   9.00    1.307    0.416   1.356   0.206
 7.66   9.00    1.308    0.411   1.356   0.201

 7.67   0.00    0.201    0.196   0.044   0.038   0.020   0.009   0.082   0.009   0.000   0.000   0.000 478362400
 7.67   6.78   57.607
 7.67   9.00    0.786    0.569
 7.67   9.00    1.355   57.285
 7.67   9.00    1.306    0.415   1.355   0.206
 7.67   9.00    1.307    0.411   1.355   0.201

 7.68   0.00    0.201    0.196   0.044   0.038   0.020   0.009   0.082   0.009   0.000   0.000   0.000 478986100
 7.68   6.78   57.591
 7.68   9.00    0.785    0.569
 7.68   9.00    1.354   57.273
 7.68   9.00    1.305    0.415   1.354   0.206
 7.68   9.00    1.306    0.410   1.354   0.201

 7.69   0.00    0.201    0.196   0.044   0.038   0.020   0.009   0.082   0.009   0.000   0.000   0.000 479609800
 7.69   6.78   57.575
 7.69   9.00    0.785    0.569
 7.69   9.00    1.353   57.260
 7.69   9.00    1.304    0.415   1.353   0.206
 7.69   9.00    1.305    0.410   1.353   0.201

 7.70   0.00    0.201    0.196   0.044   0.038   0.020   0.009   0.082   0.008   0.000   0.000   0.000 480233400
 7.70   6.78   57.560
 7.70   9.00    0.784    0.568
 7.70   9.00    1.352   57.248
 7.70   9.00    1.304    0.415   1.352   0.206
 7.70   9.00    1.304    0.410   1.352   0.201

 7.71   0.00    0.200    0.196   0.044   0.038   0.020   0.009   0.082   0.008   0.000   0.000   0.000 480857100
 7.71   6.77   57.544
 7.71   9.00    0.783    0.568
 7.71   9.00    1.352   57.236
 7.71   9.00    1.303    0.414   1.352   0.205
 7.71   9.00    1.304    0.410   1.352   0.201

 7.72   0.00    0.200    0.196   0.044   0.038   0.020   0.009   0.082   0.008   0.000   0.000   0.000 481480800
 7.72   6.77   57.528
 7.72   9.00    0.783    0.568
 7.72   9.00    1.351   57.224
 7.72   9.00    1.302    0.414   1.351   0.205
 7.72   9.00    1.303    0.409   1.351   0.201

 7.73   0.00    0.200    0.195   0.044   0.038   0.020   0.009   0.082   0.008   0.000   0.000   0.000 482104500
 7.73   6.77   57.513
 7.73   9.00    0.782    0.568
 7.73   9.00    1.350   57.212
 7.73   9.00    1.301    0.414   1.350   0.205
 7.73   9.00    1.302    0.409   1.350   0.200

 7.74   0.00    0.200    0.195   0.043   0.038   0.020   0.009   0.082   0.008   0.000   0.000   0.000 482728200
 7.74   6.76   57.497
 7.74   9.00    0.782    0.568
 7.74   9.00    1.349   57.200
 7.74   9.00    1.300    0.414   1.349   0.205
 7.74   9.00    1.301    0.409   1.349   0.200

 7.75   0.00    0.200    0.195   0.043   0.038   0.020   0.009   0.082   0.008   0.000   0.000   0.000 483351800
 7.75   6.76   57.482
 7.75   9.00    0.781    0.567
 7.75   9.00    1.348   57.188
 7.75   9.00    1.300    0.413   1.348   0.205
 7.75   9.00    1.300    0.409   1.348   0.200

 7.76   0.00    0.200    0.195   0.043   0.038   0.020   0.009   0.082   0.008   0.000   0.000   0.000 483975600
 7.76   6.76   57.467
 7.76   9.00    0.780    0.567
 7.76   9.00    1.347   57.176
 7.76   9.00    1.299    0.413   1.347   0.205
 7.76   9.00    1.300    0.408   1.347   0.200

 7.77   0.00    0.200    0.195   0.043   0.038   0.020   0.009   0.082   0.008   0.000   0.000   0.000 484599200
 7.77   6.76   57.451
 7.77   9.00    0.780    0.567
 7.77   9.00    1.347   57.164
 7.77   9.00    1.298    0.413   1.347   0.205
 7.77   9.00    1.299    0.408   1.347   0.200

 7.78   0.00    0.199    0.195   0.043   0.038   0.019   0.009   0.082   0.008   0.000   0.000   0.000 485222900
 7.78   6.75   57.436
 7.78   9.00    0.779    0.567
 7.78   9.00    1.346   57.152
 7.78   9.00    1.297    0.412   1.346   0.204
 7.78   9.00    1.298    0.408   1.346   0.200

 7.79   0.00    0.199    0.195   0.043   0.038   0.019   0.009   0.082   0.008   0.000   0.000   0.000 485846600
 7.79   6.75   57.420
 7.79   9.00    0.778    0.567
 7.79   9.00    1.345   57.141
 7.79   9.00    1.296    0.412   1.345   0.204
 7.79   9.00    1.297    0.408   1.345   0.200

 7.80   0.00    0.199    0.195   0.043   0.038   0.019   0.009   0.082   0.008   0.000   0.000   0.000 486470200
 7.80   6.75   57.405
 7.80   9.00    0.778    0.566
 7.80   9.00    1.344   57.129
 7.80   9.00    1.296    0.412   1.344   0.204
 7.80   9.00    1.296    0.407   1.344   0.199

 7.81   0.00    0.199    0.194   0.043   0.038   0.019   0.009   0.082   0.008   0.000   0.000   0.000 487093900
 7.81   6.74   57.390
 7.81   9.00    0.777    0.566
 7.81   9.00    1.343   57.117
 7.81   9.00    1.295    0.412   1.343   0.204
 7.81   9.00    1.296    0.407   1.343   0.199

 7.82   0.00    0.199    0.194   0.043   0.038   0.019   0.009   0.082   0.008   0.000   0.000   0.000 487717600
 7.82   6.74   57.374
 7.82   9.00    0.776    0.566
 7.82   9.00    1.342   57.105
 7.82   9.00    1.294    0.411   1.342   0.204
 7.82   9.00    1.295    0.407   1.342   0.199

 7.83   0.00    0.199    0.194   0.043   0.038   0.019   0.009   0.082   0.008   0.000   0.000   0.000 488341300
 7.83   6.74   57.359
 7.83   9.00    0.776    0.566
 7.83   9.00    1.342   57.093
 7.83   9.00    1.293    0.411   1.342   0.204
 7.83   9.00    1.294    0.406   1.342   0.199

 7.84   0.00    0.199    0.194   0.043   0.038   0.019   0.009   0.082   0.008   0.000   0.000   0.000 488965000
 7.84   6.74   57.344
 7.84   9.00    0.775    0.566
 7.84   9.00    1.341   57.081
 7.84   9.00    1.292    0.411   1.341   0.204
 7.84   9.00    1.293    0.406   1.341   0.199

 7.85   0.00    0.198    0.194   0.043   0.038   0.019   0.008   0.082   0.008   0.000   0.000   0.000 489588600
 7.85   6.73   57.329
 7.85   9.00    0.775    0.565
 7.85   9.00    1.340   57.070
 7.85   9.00    1.292    0.411   1.340   0.203
 7.85   9.00    1.292    0.406   1.340   0.199

 7.86   0.00    0.198    0.194   0.043   0.038   0.019   0.008   0.082   0.008   0.000   0.000   0.000 490212300
 7.86   6.73   57.313
 7.86   9.00    0.774    0.565
 7.86   9.00    1.339   57.058
 7.86   9.00    1.291    0.410   1.339   0.203
 7.86   9.00    1.292    0.406   1.339   0.199

 7.87   0.00    0.198    0.194   0.043   0.038   0.019   0.008   0.082   0.008   0.000   0.000   0.000 490836000
 7.87   6.73   57.298
 7.87   9.00    0.773    0.565
 7.87   9.00    1.338   57.046
 7.87   9.00    1.290    0.410   1.338   0.203
 7.87   9.00    1.291    0.405   1.338   0.199

 7.88   0.00    0.198    0.194   0.043   0.038   0.019   0.008   0.082   0.008   0.000   0.000   0.000 491459700
 7.88   6.72   57.283
 7.88   9.00    0.773    0.565
 7.88   9.00    1.337   57.034
 7.88   9.00    1.289    0.410   1.337   0.203
 7.88   9.00    1.290    0.405   1.337   0.198

 7.89   0.00    0.198    0.193   0.043   0.038   0.019   0.008   0.082   0.008   0.000   0.000   0.000 492083400
 7.89   6.72   57.268
 7.89   9.00    0.772    0.565
 7.89   9.00    1.337   57.022
 7.89   9.00    1.288    0.409   1.337   0.203
 7.89   9.00    1.289    0.405   1.337   0.198

 7.90   0.00    0.198    0.193   0.042   0.038   0.019   0.008   0.082   0.008   0.000   0.000   0.000 492707000
 7.90   6.72   57.253
 7.90   9.00    0.771    0.564
 7.90   9.00    1.336   57.011
 7.90   9.00    1.288    0.409   1.336   0.203
 7.90   9.00    1.288    0.405   1.336   0.198

 7.91   0.00    0.198    0.193   0.042   0.038   0.019   0.008   0.082   0.008   0.000   0.000   0.000 493330700
 7.91   6.72   57.238
 7.91   9.00    0.771    0.564
 7.91   9.00    1.335   56.999
 7.91   9.00    1.287    0.409   1.335   0.203
 7.91   9.00    1.288    0.404   1.335   0.198

 7.92   0.00    0.197    0.193   0.042   0.038   0.019   0.008   0.082   0.008   0.000   0.000   0.000 493954400
 7.92   6.71   57.223
 7.92   9.00    0.770    0.564
 7.92   9.00    1.334   56.987
 7.92   9.00    1.286    0.409   1.334   0.202
 7.92   9.00    1.287    0.404   1.334   0.198

 7.93   0.00    0.197    0.193   0.042   0.038   0.019   0.008   0.082   0.008   0.000   0.000   0.000 494578100
 7.93   6.71   57.208
 7.93   9.00    0.770    0.564
 7.93   9.00    1.333   56.976
 7.93   9.00    1.285    0.408   1.333   0.202
 7.93   9.00    1.286    0.404   1.333   0.198

 7.94   0.00    0.197    0.193   0.042   0.038   0.019   0.008   0.082   0.008   0.000   0.000   0.000 495201800
 7.94   6.71   57.193
 7.94   9.00    0.769    0.564
 7.94   9.00    1.333   56.964
 7.94   9.00    1.285    0.408   1.333   0.202
 7.94   9.00    1.285    0.404   1.333   0.198

 7.95   0.00    0.197    0.193   0.042   0.038   0.019   0.008   0.082   0.008   0.000   0.000   0.000 495825400
 7.95   6.71   57.178
 7.95   9.00    0.768    0.564
 7.95   9.00    1.332   56.952
 7.95   9.00    1.284    0.408   1.332   0.202
 7.95   9.00    1.285    0.403   1.332   0.197

 7.96   0.00    0.197    0.193   0.042   0.038   0.019   0.008   0.082   0.008   0.000   0.000   0.000 496449100
 7.96   6.70   57.163
 7.96   9.00    0.768    0.563
 7.96   9.00    1.331   56.941
 7.96   9.00    1.283    0.408   1.331   0.202
 7.96   9.00    1.284    0.403   1.331   0.197

 7.97   0.00    0.197    0.192   0.042   0.038   0.019   0.008   0.082   0.008   0.000   0.000   0.000 497072800
 7.97   6.70   57.148
 7.97   9.00    0.767    0.563
 7.97   9.00    1.330   56.929
 7.97   9.00    1.282    0.407   1.330   0.202
 7.97   9.00    1.283    0.403   1.330   0.197

 7.98   0.00    0.197    0.192   0.042   0.038   0.019   0.008   0.082   0.008   0.000   0.000   0.000 497696500
 7.98   6.70   57.133
 7.98   9.00    0.766    0.563
 7.98   9.00    1.330   56.918
 7.98   9.00    1.282    0.407   1.330   0.202
 7.98   9.00    1.282    0.403   1.330   0.197

 7.99   0.00    0.197    0.192   0.042   0.038   0.019   0.008   0.082   0.008   0.000   0.000   0.000 498320200
 7.99   6.70   57.119
 7.99   9.00    0.766    0.563
 7.99   9.00    1.329   56.906
 7.99   9.00    1.281    0.407   1.329   0.201
 7.99   9.00    1.282    0.402   1.329   0.197

 8.00   0.00    0.196    0.192   0.042   0.038   0.019   0.008   0.082   0.008   0.000   0.000   0.000 498943800
 8.00   6.69   57.104
 8.00   9.00    0.765    0.563
 8.00   9.00    1.328   56.894
 8.00   9.00    1.280    0.407   1.328   0.201
 8.00   9.00    1.281    0.402   1.328   0.197

 8.01   0.00    0.196    0.192   0.042   0.038   0.018   0.008   0.082   0.008   0.000   0.000   0.000 499567500
 8.01   6.69   57.089
 8.01   9.00    0.765    0.563
 8.01   9.00    1.327   56.883
 8.01   9.00    1.279    0.406   1.327   0.201
 8.01   9.00    1.280    0.402   1.327   0.197

 8.02   0.00    0.196    0.192   0.042   0.038   0.018   0.008   0.082   0.008   0.000   0.000   0.000 500191200
 8.02   6.69   57.074
 8.02   9.00    0.764    0.562
 8.02   9.00    1.326   56.871
 8.02   9.00    1.279    0.406   1.326   0.201
 8.02   9.00    1.279    0.402   1.326   0.197

 8.03   0.00    0.196    0.192   0.042   0.038   0.018   0.008   0.082   0.008   0.000   0.000   0.000 500814800
 8.03   6.69   57.060
 8.03   9.00    0.763    0.562
 8.03   9.00    1.326   56.860
 8.03   9.00    1.278    0.406   1.326   0.201
 8.03   9.00    1.279    0.401   1.326   0.196

 8.04   0.00    0.196    0.192   0.042   0.038   0.018   0.008   0.082   0.008   0.000   0.000   0.000 501438600
 8.04   6.68   57.045
 8.04   9.00    0.763    0.562
 8.04   9.00    1.325   56.848
 8.04   9.00    1.277    0.406   1.325   0.201
 8.04   9.00    1.278    0.401   1.325   0.196

 8.05   0.00    0.196    0.191   0.042   0.038   0.018   0.008   0.082   0.008   0.000   0.000   0.000 502062200
 8.05   6.68   57.030
 8.05   9.00    0.762    0.562
 8.05   9.00    1.324   56.837
 8.05   9.00    1.276    0.405   1.324   0.201
 8.05   9.00    1.277    0.401   1.324   0.196

 8.06   0.00    0.196    0.191   0.041   0.038   0.018   0.008   0.082   0.008   0.000   0.000   0.000 502686000
 8.06   6.68   57.016
 8.06   9.00    0.762    0.562
 8.06   9.00    1.323   56.825
 8.06   9.00    1.276    0.405   1.323   0.201
 8.06   9.00    1.276    0.401   1.323   0.196

 8.07   0.00    0.195    0.191   0.041   0.038   0.018   0.008   0.082   0.008   0.000   0.000   0.000 503309600
 8.07   6.68   57.001
 8.07   9.00    0.761    0.561
 8.07   9.00    1.323   56.814
 8.07   9.00    1.275    0.405   1.323   0.200
 8.07   9.00    1.276    0.400   1.323   0.196

 8.08   0.00    0.195    0.191   0.041   0.038   0.018   0.008   0.082   0.008   0.000   0.000   0.000 503933300
 8.08   6.67   56.986
 8.08   9.00    0.760    0.561
 8.08   9.00    1.322   56.803
 8.08   9.00    1.274    0.405   1.322   0.200
 8.08   9.00    1.275    0.400   1.322   0.196

 8.09   0.00    0.195    0.191   0.041   0.038   0.018   0.008   0.082   0.008   0.000   0.000   0.000 504557000
 8.09   6.67   56.972
 8.09   9.00    0.760    0.561
 8.09   9.00    1.321   56.791
 8.09   9.00    1.273    0.404   1.321   0.200
 8.09   9.00    1.274    0.400   1.321   0.196

 8.10   0.00    0.195    0.191   0.041   0.038   0.018   0.008   0.082   0.008   0.000   0.000   0.000 505180700
 8.10   6.67   56.957
 8.10   9.00    0.759    0.561
 8.10   9.00    1.320   56.780
 8.10   9.00    1.273    0.404   1.320   0.200
 8.10   9.00    1.273    0.400   1.320   0.196

 8.11   0.00    0.195    0.191   0.041   0.038   0.018   0.008   0.082   0.008   0.000   0.000   0.000 505804300
 8.11   6.67   56.943
 8.11   9.00    0.759    0.561
 8.11   9.00    1.319   56.768
 8.11   9.00    1.272    0.404   1.319   0.200
 8.11   9.00    1.273    0.399   1.319   0.195

 8.12   0.00    0.195    0.191   0.041   0.038   0.018   0.008   0.082   0.008   0.000   0.000   0.000 506428000
 8.12   6.66   56.928
 8.12   9.00    0.758    0.561
 8.12   9.00    1.319   56.757
 8.12   9.00    1.271    0.404   1.319   0.200
 8.12   9.00    1.272    0.399   1.319   0.195

 8.13   0.00    0.195    0.190   0.041   0.038   0.018   0.008   0.082   0.008   0.000   0.000   0.000 507051700
 8.13   6.66   56.914
 8.13   9.00    0.757    0.560
 8.13   9.00    1.318   56.746
 8.13   9.00    1.270    0.403   1.318   0.200
 8.13   9.00    1.271    0.399   1.318   0.195

 8.14   0.00    0.195    0.190   0.041   0.038   0.018   0.008   0.082   0.008   0.000   0.000   0.000 507675400
 8.14   6.66   56.899
 8.14   9.00    0.757    0.560
 8.14   9.00    1.317   56.734
 8.14   9.00    1.270    0.403   1.317   0.199
 8.14   9.00    1.270    0.399   1.317   0.195

 8.15   0.00    0.194    0.190   0.041   0.038   0.018   0.008   0.082   0.008   0.000   0.000   0.000 508299000
 8.15   6.66   56.885
 8.15   9.00    0.756    0.560
 8.15   9.00    1.316   56.723
 8.15   9.00    1.269    0.403   1.316   0.199
 8.15   9.00    1.270    0.399   1.316   0.195

 8.16   0.00    0.194    0.190   0.041   0.038   0.018   0.008   0.082   0.008   0.000   0.000   0.000 508922700
 8.16   6.65   56.871
 8.16   9.00    0.756    0.560
 8.16   9.00    1.316   56.712
 8.16   9.00    1.268    0.403   1.316   0.199
 8.16   9.00    1.269    0.398   1.316   0.195

 8.17   0.00    0.194    0.190   0.041   0.038   0.018   0.008   0.082   0.008   0.000   0.000   0.000 509546400
 8.17   6.65   56.856
 8.17   9.00    0.755    0.560
 8.17   9.00    1.315   56.701
 8.17   9.00    1.268    0.402   1.315   0.199
 8.17   9.00    1.268    0.398   1.315   0.195

 8.18   0.00    0.194    0.190   0.041   0.038   0.018   0.008   0.082   0.008   0.000   0.000   0.000 510170100
 8.18   6.65   56.842
 8.18   9.00    0.755    0.560
 8.18   9.00    1.314   56.689
 8.18   9.00    1.267    0.402   1.314   0.199
 8.18   9.00    1.268    0.398   1.314   0.195

 8.19   0.00    0.194    0.190   0.041   0.038   0.018   0.008   0.082   0.008   0.000   0.000   0.000 510793700
 8.19   6.65   56.828
 8.19   9.00    0.754    0.560
 8.19   9.00    1.313   56.678
 8.19   9.00    1.266    0.402   1.313   0.199
 8.19   9.00    1.267    0.398   1.313   0.195

 8.20   0.00    0.194    0.190   0.041   0.038   0.018   0.008   0.082   0.008   0.000   0.000   0.000 511417400
 8.20   6.64   56.813
 8.20   9.00    0.753    0.559
 8.20   9.00    1.313   56.667
 8.20   9.00    1.265    0.402   1.313   0.199
 8.20   9.00    1.266    0.397   1.313   0.194

 8.21   0.00    0.194    0.190   0.041   0.038   0.018   0.008   0.082   0.008   0.000   0.000   0.000 512041100
 8.21   6.64   56.799
 8.21   9.00    0.753    0.559
 8.21   9.00    1.312   56.656
 8.21   9.00    1.265    0.401   1.312   0.199
 8.21   9.00    1.265    0.397   1.312   0.194

 8.22   0.00    0.194    0.189   0.041   0.038   0.018   0.008   0.082   0.008   0.000   0.000   0.000 512664800
 8.22   6.64   56.785
 8.22   9.00    0.752    0.559
 8.22   9.00    1.311   56.644
 8.22   9.00    1.264    0.401   1.311   0.198
 8.22   9.00    1.265    0.397   1.311   0.194

 8.23   0.00    0.193    0.189   0.040   0.038   0.018   0.008   0.082   0.008   0.000   0.000   0.000 513288400
 8.23   6.64   56.771
 8.23   9.00    0.752    0.559
 8.23   9.00    1.310   56.633
 8.23   9.00    1.263    0.401   1.310   0.198
 8.23   9.00    1.264    0.397   1.310   0.194

 8.24   0.00    0.193    0.189   0.040   0.038   0.018   0.008   0.082   0.008   0.000   0.000   0.000 513912100
 8.24   6.64   56.756
 8.24   9.00    0.751    0.559
 8.24   9.00    1.310   56.622
 8.24   9.00    1.263    0.401   1.310   0.198
 8.24   9.00    1.263    0.396   1.310   0.194

 8.25   0.00    0.193    0.189   0.040   0.038   0.017   0.008   0.082   0.008   0.000   0.000   0.000 514535800
 8.25   6.63   56.742
 8.25   9.00    0.750    0.559
 8.25   9.00    1.309   56.611
 8.25   9.00    1.262    0.400   1.309   0.198
 8.25   9.00    1.263    0.396   1.309   0.194

 8.26   0.00    0.193    0.189   0.040   0.038   0.017   0.008   0.082   0.008   0.000   0.000   0.000 515159500
 8.26   6.63   56.728
 8.26   9.00    0.750    0.558
 8.26   9.00    1.308   56.600
 8.26   9.00    1.261    0.400   1.308   0.198
 8.26   9.00    1.262    0.396   1.308   0.194

 8.27   0.00    0.193    0.189   0.040   0.038   0.017   0.008   0.082   0.008   0.000   0.000   0.000 515783200
 8.27   6.63   56.714
 8.27   9.00    0.749    0.558
 8.27   9.00    1.308   56.589
 8.27   9.00    1.261    0.400   1.308   0.198
 8.27   9.00    1.261    0.396   1.308   0.194

 8.28   0.00    0.193    0.189   0.040   0.038   0.017   0.008   0.082   0.008   0.000   0.000   0.000 516406800
 8.28   6.63   56.700
 8.28   9.00    0.749    0.558
 8.28   9.00    1.307   56.578
 8.28   9.00    1.260    0.400   1.307   0.198
 8.28   9.00    1.260    0.396   1.307   0.193

 8.29   0.00    0.193    0.189   0.040   0.038   0.017   0.008   0.082   0.008   0.000   0.000   0.000 517030600
 8.29   6.62   56.686
 8.29   9.00    0.748    0.558
 8.29   9.00    1.306   56.567
 8.29   9.00    1.259    0.399   1.306   0.198
 8.29   9.00    1.260    0.395   1.306   0.193

 8.30   0.00    0.193    0.188   0.040   0.038   0.017   0.008   0.082   0.008   0.000   0.000   0.000 517654200
 8.30   6.62   56.672
 8.30   9.00    0.748    0.558
 8.30   9.00    1.305   56.555
 8.30   9.00    1.258    0.399   1.305   0.197
 8.30   9.00    1.259    0.395   1.305   0.193

 8.31   0.00    0.192    0.188   0.040   0.038   0.017   0.008   0.082   0.008   0.000   0.000   0.000 518278000
 8.31   6.62   56.658
 8.31   9.00    0.747    0.558
 8.31   9.00    1.305   56.544
 8.31   9.00    1.258    0.399   1.305   0.197
 8.31   9.00    1.258    0.395   1.305   0.193

 8.32   0.00    0.192    0.188   0.040   0.038   0.017   0.008   0.082   0.008   0.000   0.000   0.000 518901600
 8.32   6.62   56.644
 8.32   9.00    0.746    0.557
 8.32   9.00    1.304   56.533
 8.32   9.00    1.257    0.399   1.304   0.197
 8.32   9.00    1.258    0.395   1.304   0.193

 8.33   0.00    0.192    0.188   0.040   0.038   0.017   0.008   0.082   0.008   0.000   0.000   0.000 519525300
 8.33   6.62   56.630
 8.33   9.00    0.746    0.557
 8.33   9.00    1.303   56.522
 8.33   9.00    1.256    0.398   1.303   0.197
 8.33   9.00    1.257    0.394   1.303   0.193

 8.34   0.00    0.192    0.188   0.040   0.038   0.017   0.008   0.082   0.008   0.000   0.000   0.000 520149000
 8.34   6.61   56.616
 8.34   9.00    0.745    0.557
 8.34   9.00    1.303   56.511
 8.34   9.00    1.256    0.398   1.303   0.197
 8.34   9.00    1.256    0.394   1.303   0.193

 8.35   0.00    0.192    0.188   0.040   0.038   0.017   0.008   0.082   0.008   0.000   0.000   0.000 520772700
 8.35   6.61   56.602
 8.35   9.00    0.745    0.557
 8.35   9.00    1.302   56.500
 8.35   9.00    1.255    0.398   1.302   0.197
 8.35   9.00    1.256    0.394   1.302   0.193

 8.36   0.00    0.192    0.188   0.040   0.038   0.017   0.008   0.082   0.008   0.000   0.000   0.000 521396300
 8.36   6.61   56.588
 8.36   9.00    0.744    0.557
 8.36   9.00    1.301   56.489
 8.36   9.00    1.254    0.398   1.301   0.197
 8.36   9.00    1.255    0.394   1.301   0.193

 8.37   0.00    0.192    0.188   0.040   0.038   0.017   0.008   0.082   0.008   0.000   0.000   0.000 522020000
 8.37   6.61   56.575
 8.37   9.00    0.744    0.557
 8.37   9.00    1.300   56.478
 8.37   9.00    1.254    0.398   1.300   0.197
 8.37   9.00    1.254    0.393   1.300   0.192

 8.38   0.00    0.192    0.188   0.040   0.038   0.017   0.008   0.082   0.008   0.000   0.000   0.000 522643700
 8.38   6.60   56.561
 8.38   9.00    0.743    0.557
 8.38   9.00    1.300   56.468
 8.38   9.00    1.253    0.397   1.300   0.196
 8.38   9.00    1.254    0.393   1.300   0.192

 8.39   0.00    0.191    0.187   0.040   0.038   0.017   0.008   0.082   0.008   0.000   0.000   0.000 523267400
 8.39   6.60   56.547
 8.39   9.00    0.743    0.556
 8.39   9.00    1.299   56.457
 8.39   9.00    1.252    0.397   1.299   0.196
 8.39   9.00    1.253    0.393   1.299   0.192

 8.40   0.00    0.191    0.187   0.040   0.038   0.017   0.008   0.082   0.008   0.000   0.000   0.000 523891000
 8.40   6.60   56.533
 8.40   9.00    0.742    0.556
 8.40   9.00    1.298   56.446
 8.40   9.00    1.252    0.397   1.298   0.196
 8.40   9.00    1.252    0.393   1.298   0.192

 8.41   0.00    0.191    0.187   0.039   0.038   0.017   0.008   0.082   0.008   0.000   0.000   0.000 524514700
 8.41   6.60   56.520
 8.41   9.00    0.741    0.556
 8.41   9.00    1.298   56.435
 8.41   9.00    1.251    0.397   1.298   0.196
 8.41   9.00    1.252    0.393   1.298   0.192

 8.42   0.00    0.191    0.187   0.039   0.038   0.017   0.008   0.082   0.008   0.000   0.000   0.000 525138400
 8.42   6.60   56.506
 8.42   9.00    0.741    0.556
 8.42   9.00    1.297   56.424
 8.42   9.00    1.250    0.396   1.297   0.196
 8.42   9.00    1.251    0.392   1.297   0.192

 8.43   0.00    0.191    0.187   0.039   0.038   0.017   0.008   0.082   0.008   0.000   0.000   0.000 525762100
 8.43   6.59   56.492
 8.43   9.00    0.740    0.556
 8.43   9.00    1.296   56.413
 8.43   9.00    1.250    0.396   1.296   0.196
 8.43   9.00    1.250    0.392   1.296   0.192

 8.44   0.00    0.191    0.187   0.039   0.038   0.017   0.008   0.082   0.008   0.000   0.000   0.000 526385700
 8.44   6.59   56.478
 8.44   9.00    0.740    0.556
 8.44   9.00    1.295   56.402
 8.44   9.00    1.249    0.396   1.295   0.196
 8.44   9.00    1.250    0.392   1.295   0.192

 8.45   0.00    0.191    0.187   0.039   0.038   0.017   0.008   0.082   0.008   0.000   0.000   0.000 527009400
 8.45   6.59   56.465
 8.45   9.00    0.739    0.556
 8.45   9.00    1.295   56.391
 8.45   9.00    1.248    0.396   1.295   0.196
 8.45   9.00    1.249    0.392   1.295   0.192

 8.46   0.00    0.191    0.187   0.039   0.038   0.017   0.008   0.082   0.008   0.000   0.000   0.000 527633100
 8.46   6.59   56.451
 8.46   9.00    0.739    0.555
 8.46   9.00    1.294   56.381
 8.46   9.00    1.248    0.395   1.294   0.195
 8.46   9.00    1.248    0.391   1.294   0.191

 8.47   0.00    0.191    0.187   0.039   0.038   0.017   0.008   0.082   0.008   0.000   0.000   0.000 528256800
 8.47   6.59   56.438
 8.47   9.00    0.738    0.555
 8.47   9.00    1.293   56.370
 8.47   9.00    1.247    0.395   1.293   0.195
 8.47   9.00    1.248    0.391   1.293   0.191

 8.48   0.00    0.190    0.186   0.039   0.038   0.017   0.008   0.082   0.008   0.000   0.000   0.000 528880400
 8.48   6.58   56.424
 8.48   9.00    0.738    0.555
 8.48   9.00    1.293   56.359
 8.48   9.00    1.246    0.395   1.293   0.195
 8.48   9.00    1.247    0.391   1.293   0.191

 8.49   0.00    0.190    0.186   0.039   0.038   0.017   0.008   0.082   0.008   0.000   0.000   0.000 529504100
 8.49   6.58   56.411
 8.49   9.00    0.737    0.555
 8.49   9.00    1.292   56.348
 8.49   9.00    1.246    0.395   1.292   0.195
 8.49   9.00    1.246    0.391   1.292   0.191

 8.50   0.00    0.190    0.186   0.039   0.038   0.017   0.008   0.082   0.008   0.000   0.000   0.000 530127800
 8.50   6.58   56.397
 8.50   9.00    0.736    0.555
 8.50   9.00    1.291   56.337
 8.50   9.00    1.245    0.395   1.291   0.195
 8.50   9.00    1.246    0.391   1.291   0.191

 8.51   0.00    0.190    0.186   0.039   0.038   0.017   0.008   0.082   0.008   0.000   0.000   0.000 530751500
 8.51   6.58   56.384
 8.51   9.00    0.736    0.555
 8.51   9.00    1.291   56.327
 8.51   9.00    1.244    0.394   1.291   0.195
 8.51   9.00    1.245    0.390   1.291   0.191

 8.52   0.00    0.190    0.186   0.039   0.037   0.016   0.008   0.082   0.008   0.000   0.000   0.000 531375200
 8.52   6.58   56.370
 8.52   9.00    0.735    0.555
 8.52   9.00    1.290   56.316
 8.52   9.00    1.244    0.394   1.290   0.195
 8.52   9.00    1.244    0.390   1.290   0.191

 8.53   0.00    0.190    0.186   0.039   0.037   0.016   0.008   0.082   0.008   0.000   0.000   0.000 531998800
 8.53   6.57   56.357
 8.53   9.00    0.735    0.554
 8.53   9.00    1.289   56.305
 8.53   9.00    1.243    0.394   1.289   0.195
 8.53   9.00    1.244    0.390   1.289   0.191

 8.54   0.00    0.190    0.186   0.039   0.037   0.016   0.008   0.082   0.008   0.000   0.000   0.000 532622600
 8.54   6.57   56.343
 8.54   9.00    0.734    0.554
 8.54   9.00    1.289   56.295
 8.54   9.00    1.242    0.394   1.289   0.194
 8.54   9.00    1.243    0.390   1.289   0.191

 8.55   0.00    0.190    0.186   0.039   0.037   0.016   0.008   0.082   0.008   0.000   0.000   0.000 533246200
 8.55   6.57   56.330
 8.55   9.00    0.734    0.554
 8.55   9.00    1.288   56.284
 8.55   9.00    1.242    0.393   1.288   0.194
 8.55   9.00    1.242    0.390   1.288   0.190

 8.56   0.00    0.189    0.186   0.039   0.037   0.016   0.008   0.082   0.007   0.000   0.000   0.000 533869900
 8.56   6.57   56.317
 8.56   9.00    0.733    0.554
 8.56   9.00    1.287   56.273
 8.56   9.00    1.241    0.393   1.287   0.194
 8.56   9.00    1.242    0.389   1.287   0.190

 8.57   0.00    0.189    0.186   0.039   0.037   0.016   0.008   0.082   0.007   0.000   0.000   0.000 534493600
 8.57   6.57   56.303
 8.57   9.00    0.733    0.554
 8.57   9.00    1.287   56.263
 8.57   9.00    1.240    0.393   1.287   0.194
 8.57   9.00    1.241    0.389   1.287   0.190

 8.58   0.00    0.189    0.185   0.039   0.037   0.016   0.008   0.082   0.007   0.000   0.000   0.000 535117200
 8.58   6.56   56.290
 8.58   9.00    0.732    0.554
 8.58   9.00    1.286   56.252
 8.58   9.00    1.240    0.393   1.286   0.194
 8.58   9.00    1.240    0.389   1.286   0.190

 8.59   0.00    0.189    0.185   0.038   0.037   0.016   0.008   0.082   0.007   0.000   0.000   0.000 535741000
 8.59   6.56   56.277
 8.59   9.00    0.732    0.554
 8.59   9.00    1.285   56.241
 8.59   9.00    1.239    0.393   1.285   0.194
 8.59   9.00    1.240    0.389   1.285   0.190

 8.60   0.00    0.189    0.185   0.038   0.037   0.016   0.008   0.082   0.007   0.000   0.000   0.000 536364600
 8.60   6.56   56.263
 8.60   9.00    0.731    0.553
 8.60   9.00    1.285   56.231
 8.60   9.00    1.238    0.392   1.285   0.194
 8.60   9.00    1.239    0.388   1.285   0.190

 8.61   0.00    0.189    0.185   0.038   0.037   0.016   0.008   0.082   0.007   0.000   0.000   0.000 536988300
 8.61   6.55   56.250
 8.61   9.00    0.731    0.553
 8.61   9.00    1.284   56.220
 8.61   9.00    1.238    0.392   1.284   0.194
 8.61   9.00    1.238    0.388   1.284   0.190

 8.62   0.00    0.189    0.185   0.038   0.037   0.016   0.008   0.082   0.007   0.000   0.000   0.000 537612000
 8.62   6.55   56.237
 8.62   9.00    0.730    0.553
 8.62   9.00    1.283   56.210
 8.62   9.00    1.237    0.392   1.283   0.194
 8.62   9.00    1.238    0.388   1.283   0.190

 8.63   0.00    0.189    0.185   0.038   0.037   0.016   0.008   0.082   0.007   0.000   0.000   0.000 538235600
 8.63   6.55   56.224
 8.63   9.00    0.730    0.553
 8.63   9.00    1.283   56.199
 8.63   9.00    1.236    0.392   1.283   0.193
 8.63   9.00    1.237    0.388   1.283   0.190

 8.64   0.00    0.189    0.185   0.038   0.037   0.016   0.008   0.082   0.007   0.000   0.000   0.000 538859400
 8.64   6.54   56.211
 8.64   9.00    0.729    0.553
 8.64   9.00    1.282   56.189
 8.64   9.00    1.236    0.391   1.282   0.193
 8.64   9.00    1.236    0.388   1.282   0.189

 8.65   0.00    0.188    0.185   0.038   0.037   0.016   0.008   0.082   0.007   0.000   0.000   0.000 539483000
 8.65   6.54   56.198
 8.65   9.00    0.728    0.553
 8.65   9.00    1.281   56.178
 8.65   9.00    1.235    0.391   1.281   0.193
 8.65   9.00    1.236    0.387   1.281   0.189

 8.66   0.00    0.188    0.185   0.038   0.037   0.016   0.008   0.082   0.007   0.000   0.000   0.000 540106700
 8.66   6.54   56.185
 8.66   9.00    0.728    0.553
 8.66   9.00    1.281   56.168
 8.66   9.00    1.235    0.391   1.281   0.193
 8.66   9.00    1.235    0.387   1.281   0.189

 8.67   0.00    0.188    0.184   0.038   0.037   0.016   0.008   0.082   0.007   0.000   0.000   0.000 540730400
 8.67   6.53   56.171
 8.67   9.00    0.727    0.552
 8.67   9.00    1.280   56.157
 8.67   9.00    1.234    0.391   1.280   0.193
 8.67   9.00    1.235    0.387   1.280   0.189

 8.68   0.00    0.188    0.184   0.038   0.037   0.016   0.008   0.082   0.007   0.000   0.000   0.000 541354100
 8.68   6.53   56.158
 8.68   9.00    0.727    0.552
 8.68   9.00    1.279   56.147
 8.68   9.00    1.233    0.391   1.279   0.193
 8.68   9.00    1.234    0.387   1.279   0.189

 8.69   0.00    0.188    0.184   0.038   0.037   0.016   0.008   0.082   0.007   0.000   0.000   0.000 541977700
 8.69   6.53   56.145
 8.69   9.00    0.726    0.552
 8.69   9.00    1.279   56.136
 8.69   9.00    1.233    0.390   1.279   0.193
 8.69   9.00    1.233    0.387   1.279   0.189

 8.70   0.00    0.188    0.184   0.038   0.037   0.016   0.008   0.082   0.007   0.000   0.000   0.000 542601400
 8.70   6.52   56.132
 8.70   9.00    0.726    0.552
 8.70   9.00    1.278   56.126
 8.70   9.00    1.232    0.390   1.278   0.193
 8.70   9.00    1.233    0.386   1.278   0.189

 8.71   0.00    0.188    0.184   0.038   0.037   0.016   0.008   0.082   0.007   0.000   0.000   0.000 543225100
 8.71   6.52   56.119
 8.71   9.00    0.725    0.552
 8.71   9.00    1.277   56.115
 8.71   9.00    1.231    0.390   1.277   0.193
 8.71   9.00    1.232    0.386   1.277   0.189

 8.72   0.00    0.188    0.184   0.038   0.037   0.016   0.007   0.082   0.007   0.000   0.000   0.000 543848800
 8.72   6.52   56.106
 8.72   9.00    0.725    0.552
 8.72   9.00    1.277   56.105
 8.72   9.00    1.231    0.390   1.277   0.192
 8.72   9.00    1.231    0.386   1.277   0.189

 8.73   0.00    0.188    0.184   0.038   0.037   0.016   0.007   0.082   0.007   0.000   0.000   0.000 544472400
 8.73   6.51   56.093
 8.73   9.00    0.724    0.552
 8.73   9.00    1.276   56.094
 8.73   9.00    1.230    0.390   1.276   0.192
 8.73   9.00    1.231    0.386   1.276   0.188

 8.74   0.00    0.187    0.184   0.038   0.037   0.016   0.007   0.082   0.007   0.000   0.000   0.000 545096100
 8.74   6.51   56.080
 8.74   9.00    0.724    0.552
 8.74   9.00    1.275   56.084
 8.74   9.00    1.230    0.389   1.275   0.192
 8.74   9.00    1.230    0.386   1.275   0.188

 8.75   0.00    0.187    0.184   0.038   0.037   0.016   0.007   0.082   0.007   0.000   0.000   0.000 545719800
 8.75   6.51   56.067
 8.75   9.00    0.723    0.551
 8.75   9.00    1.275   56.074
 8.75   9.00    1.229    0.389   1.275   0.192
 8.75   9.00    1.230    0.385   1.275   0.188

 8.76   0.00    0.187    0.184   0.038   0.037   0.016   0.007   0.082   0.007   0.000   0.000   0.000 546343500
 8.76   6.51   56.055
 8.76   9.00    0.723    0.551
 8.76   9.00    1.274   56.063
 8.76   9.00    1.228    0.389   1.274   0.192
 8.76   9.00    1.229    0.385   1.274   0.188

 8.77   0.00    0.187    0.183   0.038   0.037   0.016   0.007   0.082   0.007   0.000   0.000   0.000 546967200
 8.77   6.50   56.042
 8.77   9.00    0.722    0.551
 8.77   9.00    1.273   56.053
 8.77   9.00    1.228    0.389   1.273   0.192
 8.77   9.00    1.228    0.385   1.273   0.188

 8.78   0.00    0.187    0.183   0.037   0.037   0.016   0.007   0.082   0.007   0.000   0.000   0.000 547590800
 8.78   6.50   56.029
 8.78   9.00    0.722    0.551
 8.78   9.00    1.273   56.043
 8.78   9.00    1.227    0.388   1.273   0.192
 8.78   9.00    1.228    0.385   1.273   0.188

 8.79   0.00    0.187    0.183   0.037   0.037   0.016   0.007   0.082   0.007   0.000   0.000   0.000 548214500
 8.79   6.50   56.016
 8.79   9.00    0.721    0.551
 8.79   9.00    1.272   56.032
 8.79   9.00    1.226    0.388   1.272   0.192
 8.79   9.00    1.227    0.385   1.272   0.188

 8.80   0.00    0.187    0.183   0.037   0.037   0.016   0.007   0.082   0.007   0.000   0.000   0.000 548838200
 8.80   6.49   56.003
 8.80   9.00    0.721    0.551
 8.80   9.00    1.271   56.022
 8.80   9.00    1.226    0.388   1.271   0.192
 8.80   9.00    1.226    0.384   1.271   0.188

 8.81   0.00    0.187    0.183   0.037   0.037   0.015   0.007   0.082   0.007   0.000   0.000   0.000 549462000
 8.81   6.49   55.990
 8.81   9.00    0.720    0.551
 8.81   9.00    1.271   56.012
 8.81   9.00    1.225    0.388   1.271   0.191
 8.81   9.00    1.226    0.384   1.271   0.188

 8.82   0.00    0.187    0.183   0.037   0.037   0.015   0.007   0.082   0.007   0.000   0.000   0.000 550085600
 8.82   6.49   55.977
 8.82   9.00    0.720    0.550
 8.82   9.00    1.270   56.001
 8.82   9.00    1.225    0.388   1.270   0.191
 8.82   9.00    1.225    0.384   1.270   0.188

 8.83   0.00    0.187    0.183   0.037   0.037   0.015   0.007   0.082   0.007   0.000   0.000   0.000 550709200
 8.83   6.48   55.965
 8.83   9.00    0.719    0.550
 8.83   9.00    1.270   55.991
 8.83   9.00    1.224    0.387   1.270   0.191
 8.83   9.00    1.225    0.384   1.270   0.187

 8.84   0.00    0.186    0.183   0.037   0.037   0.015   0.007   0.082   0.007   0.000   0.000   0.000 551332900
 8.84   6.48   55.952
 8.84   9.00    0.719    0.550
 8.84   9.00    1.269   55.981
 8.84   9.00    1.223    0.387   1.269   0.191
 8.84   9.00    1.224    0.384   1.269   0.187

 8.85   0.00    0.186    0.183   0.037   0.037   0.015   0.007   0.082   0.007   0.000   0.000   0.000 551956700
 8.85   6.48   55.939
 8.85   9.00    0.718    0.550
 8.85   9.00    1.268   55.971
 8.85   9.00    1.223    0.387   1.268   0.191
 8.85   9.00    1.223    0.383   1.268   0.187

 8.86   0.00    0.186    0.183   0.037   0.037   0.015   0.007   0.082   0.007   0.000   0.000   0.000 552580300
 8.86   6.47   55.926
 8.86   9.00    0.718    0.550
 8.86   9.00    1.268   55.960
 8.86   9.00    1.222    0.387   1.268   0.191
 8.86   9.00    1.223    0.383   1.268   0.187

 8.87   0.00    0.186    0.182   0.037   0.037   0.015   0.007   0.082   0.007   0.000   0.000   0.000 553204000
 8.87   6.47   55.914
 8.87   9.00    0.717    0.550
 8.87   9.00    1.267   55.950
 8.87   9.00    1.222    0.387   1.267   0.191
 8.87   9.00    1.222    0.383   1.267   0.187

 8.88   0.00    0.186    0.182   0.037   0.037   0.015   0.007   0.082   0.007   0.000   0.000   0.000 553827600
 8.88   6.47   55.901
 8.88   9.00    0.717    0.550
 8.88   9.00    1.266   55.940
 8.88   9.00    1.221    0.386   1.266   0.191
 8.88   9.00    1.222    0.383   1.266   0.187

 8.89   0.00    0.186    0.182   0.037   0.037   0.015   0.007   0.082   0.007   0.000   0.000   0.000 554451400
 8.89   6.46   55.888
 8.89   9.00    0.716    0.550
 8.89   9.00    1.266   55.930
 8.89   9.00    1.220    0.386   1.266   0.191
 8.89   9.00    1.221    0.383   1.266   0.187

 8.90   0.00    0.186    0.182   0.037   0.037   0.015   0.007   0.082   0.007   0.000   0.000   0.000 555075000
 8.90   6.46   55.876
 8.90   9.00    0.716    0.549
 8.90   9.00    1.265   55.920
 8.90   9.00    1.220    0.386   1.265   0.190
 8.90   9.00    1.220    0.382   1.265   0.187

 8.91   0.00    0.186    0.182   0.037   0.037   0.015   0.007   0.082   0.007   0.000   0.000   0.000 555698700
 8.91   6.46   55.863
 8.91   9.00    0.715    0.549
 8.91   9.00    1.265   55.910
 8.91   9.00    1.219    0.386   1.265   0.190
 8.91   9.00    1.220    0.382   1.265   0.187

 8.92   0.00    0.186    0.182   0.037   0.037   0.015   0.007   0.082   0.007   0.000   0.000   0.000 556322400
 8.92   6.45   55.850
 8.92   9.00    0.715    0.549
 8.92   9.00    1.264   55.899
 8.92   9.00    1.219    0.386   1.264   0.190
 8.92   9.00    1.219    0.382   1.264   0.187

 8.93   0.00    0.185    0.182   0.037   0.037   0.015   0.007   0.082   0.007   0.000   0.000   0.000 556946000
 8.93   6.45   55.838
 8.93   9.00    0.714    0.549
 8.93   9.00    1.263   55.889
 8.93   9.00    1.218    0.385   1.263   0.190
 8.93   9.00    1.219    0.382   1.263   0.186

 8.94   0.00    0.185    0.182   0.037   0.037   0.015   0.007   0.082   0.007   0.000   0.000   0.000 557569700
 8.94   6.45   55.825
 8.94   9.00    0.714    0.549
 8.94   9.00    1.263   55.879
 8.94   9.00    1.217    0.385   1.263   0.190
 8.94   9.00    1.218    0.382   1.263   0.186

 8.95   0.00    0.185    0.182   0.037   0.037   0.015   0.007   0.082   0.007   0.000   0.000   0.000 558193400
 8.95   6.44   55.812
 8.95   9.00    0.713    0.549
 8.95   9.00    1.262   55.869
 8.95   9.00    1.217    0.385   1.262   0.190
 8.95   9.00    1.217    0.381   1.262   0.186

 8.96   0.00    0.185    0.182   0.037   0.037   0.015   0.007   0.082   0.007   0.000   0.000   0.000 558817100
 8.96   6.44   55.800
 8.96   9.00    0.713    0.549
 8.96   9.00    1.261   55.859
 8.96   9.00    1.216    0.385   1.261   0.190
 8.96   9.00    1.217    0.381   1.261   0.186

 8.97   0.00    0.185    0.182   0.037   0.037   0.015   0.007   0.082   0.007   0.000   0.000   0.000 559440800
 8.97   6.44   55.787
 8.97   9.00    0.712    0.549
 8.97   9.00    1.261   55.849
 8.97   9.00    1.216    0.385   1.261   0.190
 8.97   9.00    1.216    0.381   1.261   0.186

 8.98   0.00    0.185    0.181   0.036   0.037   0.015   0.007   0.082   0.007   0.000   0.000   0.000 560064400
 8.98   6.43   55.775
 8.98   9.00    0.712    0.548
 8.98   9.00    1.260   55.839
 8.98   9.00    1.215    0.384   1.260   0.190
 8.98   9.00    1.216    0.381   1.260   0.186

 8.99   0.00    0.185    0.181   0.036   0.037   0.015   0.007   0.082   0.007   0.000   0.000   0.000 560688100
 8.99   6.43   55.762
 8.99   9.00    0.711    0.548
 8.99   9.00    1.260   55.829
 8.99   9.00    1.214    0.384   1.260   0.189
 8.99   9.00    1.215    0.381   1.260   0.186

 9.00   0.00    0.185    0.181   0.036   0.037   0.015   0.007   0.082   0.007   0.000   0.000   0.000 561311800
 9.00   6.43   55.750
 9.00   9.00    0.711    0.548
 9.00   9.00    1.259   55.819
 9.00   9.00    1.214    0.384   1.259   0.189
 9.00   9.00    1.214    0.380   1.259   0.186

 9.01   0.00    0.185    0.181   0.036   0.037   0.015   0.007   0.082   0.007   0.000   0.000   0.000 561935500
 9.01   6.43   55.737
 9.01   9.00    0.710    0.548
 9.01   9.00    1.258   55.809
 9.01   9.00    1.213    0.384   1.258   0.189
 9.01   9.00    1.214    0.380   1.258   0.186

 9.02   0.00    0.185    0.181   0.036   0.037   0.015   0.007   0.082   0.007   0.000   0.000   0.000 562559200
 9.02   6.42   55.725
 9.02   9.00    0.710    0.548
 9.02   9.00    1.258   55.799
 9.02   9.00    1.213    0.384   1.258   0.189
 9.02   9.00    1.213    0.380   1.258   0.186

 9.03   0.00    0.184    0.181   0.036   0.037   0.015   0.007   0.082   0.007   0.000   0.000   0.000 563182800
 9.03   6.42   55.712
 9.03   9.00    0.709    0.548
 9.03   9.00    1.257   55.789
 9.03   9.00    1.212    0.383   1.257   0.189
 9.03   9.00    1.213    0.380   1.257   0.185

 9.04   0.00    0.184    0.181   0.036   0.037   0.015   0.007   0.082   0.007   0.000   0.000   0.000 563806500
 9.04   6.42   55.700
 9.04   9.00    0.709    0.548
 9.04   9.00    1.257   55.779
 9.04   9.00    1.211    0.383   1.257   0.189
 9.04   9.00    1.212    0.380   1.257   0.185

 9.05   0.00    0.184    0.181   0.036   0.037   0.015   0.007   0.082   0.007   0.000   0.000   0.000 564430200
 9.05   6.41   55.688
 9.05   9.00    0.708    0.548
 9.05   9.00    1.256   55.769
 9.05   9.00    1.211    0.383   1.256   0.189
 9.05   9.00    1.211    0.379   1.256   0.185

 9.06   0.00    0.184    0.181   0.036   0.037   0.015   0.007   0.082   0.007   0.000   0.000   0.000 565054000
 9.06   6.41   55.675
 9.06   9.00    0.708    0.547
 9.06   9.00    1.255   55.759
 9.06   9.00    1.210    0.383   1.255   0.189
 9.06   9.00    1.211    0.379   1.255   0.185

 9.07   0.00    0.184    0.181   0.036   0.037   0.015   0.007   0.082   0.007   0.000   0.000   0.000 565677600
 9.07   6.41   55.663
 9.07   9.00    0.707    0.547
 9.07   9.00    1.255   55.749
 9.07   9.00    1.210    0.383   1.255   0.189
 9.07   9.00    1.210    0.379   1.255   0.185

 9.08   0.00    0.184    0.180   0.036   0.037   0.015   0.007   0.082   0.007   0.000   0.000   0.000 566301200
 9.08   6.40   55.651
 9.08   9.00    0.707    0.547
 9.08   9.00    1.254   55.739
 9.08   9.00    1.209    0.382   1.254   0.189
 9.08   9.00    1.210    0.379   1.254   0.185

 9.09   0.00    0.184    0.180   0.036   0.037   0.015   0.007   0.082   0.007   0.000   0.000   0.000 566924900
 9.09   6.40   55.638
 9.09   9.00    0.706    0.547
 9.09   9.00    1.253   55.729
 9.09   9.00    1.209    0.382   1.253   0.188
 9.09   9.00    1.209    0.379   1.253   0.185

 9.10   0.00    0.184    0.180   0.036   0.037   0.015   0.007   0.082   0.007   0.000   0.000   0.000 567548700
 9.10   6.40   55.626
 9.10   9.00    0.706    0.547
 9.10   9.00    1.253   55.719
 9.10   9.00    1.208    0.382   1.253   0.188
 9.10   9.00    1.209    0.379   1.253   0.185

 9.11   0.00    0.184    0.180   0.036   0.037   0.015   0.007   0.082   0.007   0.000   0.000   0.000 568172300
 9.11   6.39   55.614
 9.11   9.00    0.705    0.547
 9.11   9.00    1.252   55.710
 9.11   9.00    1.207    0.382   1.252   0.188
 9.11   9.00    1.208    0.378   1.252   0.185

 9.12   0.00    0.184    0.180   0.036   0.037   0.015   0.007   0.082   0.007   0.000   0.000   0.000 568796000
 9.12   6.39   55.601
 9.12   9.00    0.705    0.547
 9.12   9.00    1.252   55.700
 9.12   9.00    1.207    0.382   1.252   0.188
 9.12   9.00    1.207    0.378   1.252   0.185

 9.13   0.00    0.183    0.180   0.036   0.037   0.015   0.007   0.082   0.007   0.000   0.000   0.000 569419600
 9.13   6.39   55.589
 9.13   9.00    0.704    0.547
 9.13   9.00    1.251   55.690
 9.13   9.00    1.206    0.381   1.251   0.188
 9.13   9.00    1.207    0.378   1.251   0.185

 9.14   0.00    0.183    0.180   0.036   0.037   0.014   0.007   0.082   0.007   0.000   0.000   0.000 570043300
 9.14   6.39   55.577
 9.14   9.00    0.704    0.547
 9.14   9.00    1.250   55.680
 9.14   9.00    1.206    0.381   1.250   0.188
 9.14   9.00    1.206    0.378   1.250   0.184

 9.15   0.00    0.183    0.180   0.036   0.037   0.014   0.007   0.082   0.007   0.000   0.000   0.000 570667000
 9.15   6.38   55.565
 9.15   9.00    0.704    0.546
 9.15   9.00    1.250   55.670
 9.15   9.00    1.205    0.381   1.250   0.188
 9.15   9.00    1.206    0.378   1.250   0.184

 9.16   0.00    0.183    0.180   0.036   0.037   0.014   0.007   0.082   0.007   0.000   0.000   0.000 571290700
 9.16   6.38   55.552
 9.16   9.00    0.703    0.546
 9.16   9.00    1.249   55.660
 9.16   9.00    1.205    0.381   1.249   0.188
 9.16   9.00    1.205    0.377   1.249   0.184

 9.17   0.00    0.183    0.180   0.036   0.037   0.014   0.007   0.082   0.007   0.000   0.000   0.000 571914400
 9.17   6.38   55.540
 9.17   9.00    0.703    0.546
 9.17   9.00    1.249   55.651
 9.17   9.00    1.204    0.381   1.249   0.188
 9.17   9.00    1.205    0.377   1.249   0.184

 9.18   0.00    0.183    0.180   0.036   0.037   0.014   0.007   0.082   0.007   0.000   0.000   0.000 572538000
 9.18   6.37   55.528
 9.18   9.00    0.702    0.546
 9.18   9.00    1.248   55.641
 9.18   9.00    1.203    0.380   1.248   0.188
 9.18   9.00    1.204    0.377   1.248   0.184

 9.19   0.00    0.183    0.179   0.035   0.037   0.014   0.007   0.082   0.007   0.000   0.000   0.000 573161700
 9.19   6.37   55.519
 9.19   9.00    0.702    0.546
 9.19   9.00    1.248   55.634
 9.19   9.00    1.203    0.380   1.248   0.187
 9.19   9.00    1.203    0.377   1.248   0.184

 9.20   0.00    0.183    0.179   0.035   0.037   0.014   0.007   0.082   0.007   0.000   0.000   0.000 573785400
 9.20   6.37   55.507
 9.20   9.00    0.701    0.546
 9.20   9.00    1.247   55.624
 9.20   9.00    1.202    0.380   1.247   0.187
 9.20   9.00    1.203    0.377   1.247   0.184

 9.21   0.00    0.183    0.179   0.035   0.037   0.014   0.007   0.082   0.007   0.000   0.000   0.000 574409100
 9.21   6.36   55.494
 9.21   9.00    0.701    0.546
 9.21   9.00    1.246   55.614
 9.21   9.00    1.202    0.380   1.246   0.187
 9.21   9.00    1.202    0.377   1.246   0.184

 9.22   0.00    0.183    0.179   0.035   0.037   0.014   0.007   0.082   0.007   0.000   0.000   0.000 575032800
 9.22   6.36   55.482
 9.22   9.00    0.700    0.546
 9.22   9.00    1.246   55.604
 9.22   9.00    1.201    0.380   1.246   0.187
 9.22   9.00    1.202    0.376   1.246   0.184

 9.23   0.00    0.182    0.179   0.035   0.037   0.014   0.007   0.082   0.007   0.000   0.000   0.000 575656400
 9.23   6.36   55.470
 9.23   9.00    0.700    0.545
 9.23   9.00    1.245   55.594
 9.23   9.00    1.201    0.380   1.245   0.187
 9.23   9.00    1.201    0.376   1.245   0.184

 9.24   0.00    0.182    0.179   0.035   0.037   0.014   0.007   0.082   0.007   0.000   0.000   0.000 576280100
 9.24   6.36   55.458
 9.24   9.00    0.699    0.545
 9.24   9.00    1.245   55.585
 9.24   9.00    1.200    0.379   1.245   0.187
 9.24   9.00    1.201    0.376   1.245   0.184

 9.25   0.00    0.182    0.179   0.035   0.037   0.014   0.007   0.082   0.007   0.000   0.000   0.000 576903800
 9.25   6.35   55.446
 9.25   9.00    0.699    0.545
 9.25   9.00    1.244   55.575
 9.25   9.00    1.199    0.379   1.244   0.187
 9.25   9.00    1.200    0.376   1.244   0.183

 9.26   0.00    0.182    0.179   0.035   0.037   0.014   0.007   0.082   0.007   0.000   0.000   0.000 577527500
 9.26   6.35   55.434
 9.26   9.00    0.698    0.545
 9.26   9.00    1.243   55.565
 9.26   9.00    1.199    0.379   1.243   0.187
 9.26   9.00    1.199    0.376   1.243   0.183

 9.27   0.00    0.182    0.179   0.035   0.037   0.014   0.007   0.082   0.007   0.000   0.000   0.000 578151200
 9.27   6.35   55.422
 9.27   9.00    0.698    0.545
 9.27   9.00    1.243   55.556
 9.27   9.00    1.198    0.379   1.243   0.187
 9.27   9.00    1.199    0.375   1.243   0.183

 9.28   0.00    0.182    0.179   0.035   0.037   0.014   0.007   0.082   0.007   0.000   0.000   0.000 578774800
 9.28   6.34   55.410
 9.28   9.00    0.697    0.545
 9.28   9.00    1.242   55.546
 9.28   9.00    1.198    0.379   1.242   0.187
 9.28   9.00    1.198    0.375   1.242   0.183

 9.29   0.00    0.182    0.179   0.035   0.037   0.014   0.007   0.082   0.007   0.000   0.000   0.000 579398500
 9.29   6.34   55.398
 9.29   9.00    0.697    0.545
 9.29   9.00    1.242   55.536
 9.29   9.00    1.197    0.378   1.242   0.186
 9.29   9.00    1.198    0.375   1.242   0.183

 9.30   0.00    0.182    0.179   0.035   0.037   0.014   0.007   0.082   0.007   0.000   0.000   0.000 580022200
 9.30   6.34   55.385
 9.30   9.00    0.696    0.545
 9.30   9.00    1.241   55.527
 9.30   9.00    1.197    0.378   1.241   0.186
 9.30   9.00    1.197    0.375   1.241   0.183

 9.31   0.00    0.182    0.178   0.035   0.037   0.014   0.007   0.082   0.007   0.000   0.000   0.000 580645900
 9.31   6.33   55.373
 9.31   9.00    0.696    0.544
 9.31   9.00    1.241   55.517
 9.31   9.00    1.196    0.378   1.241   0.186
 9.31   9.00    1.197    0.375   1.241   0.183

 9.32   0.00    0.182    0.178   0.035   0.037   0.014   0.007   0.082   0.007   0.000   0.000   0.000 581269600
 9.32   6.33   55.361
 9.32   9.00    0.696    0.544
 9.32   9.00    1.240   55.507
 9.32   9.00    1.196    0.378   1.240   0.186
 9.32   9.00    1.196    0.375   1.240   0.183

 9.33   0.00    0.182    0.178   0.035   0.037   0.014   0.007   0.082   0.007   0.000   0.000   0.000 581893200
 9.33   6.33   55.349
 9.33   9.00    0.695    0.544
 9.33   9.00    1.239   55.498
 9.33   9.00    1.195    0.378   1.239   0.186
 9.33   9.00    1.196    0.374   1.239   0.183

 9.34   0.00    0.181    0.178   0.035   0.037   0.014   0.007   0.082   0.007   0.000   0.000   0.000 582516900
 9.34   6.33   55.337
 9.34   9.00    0.695    0.544
 9.34   9.00    1.239   55.488
 9.34   9.00    1.194    0.377   1.239   0.186
 9.34   9.00    1.195    0.374   1.239   0.183

 9.35   0.00    0.181    0.178   0.035   0.037   0.014   0.007   0.082   0.007   0.000   0.000   0.000 583140600
 9.35   6.32   55.326
 9.35   9.00    0.694    0.544
 9.35   9.00    1.238   55.478
 9.35   9.00    1.194    0.377   1.238   0.186
 9.35   9.00    1.194    0.374   1.238   0.183

 9.36   0.00    0.181    0.178   0.035   0.037   0.014   0.007   0.082   0.007   0.000   0.000   0.000 583764300
 9.36   6.32   55.314
 9.36   9.00    0.694    0.544
 9.36   9.00    1.238   55.469
 9.36   9.00    1.193    0.377   1.238   0.186
 9.36   9.00    1.194    0.374   1.238   0.182

 9.37   0.00    0.181    0.178   0.035   0.037   0.014   0.007   0.082   0.007   0.000   0.000   0.000 584388000
 9.37   6.32   55.302
 9.37   9.00    0.693    0.544
 9.37   9.00    1.237   55.459
 9.37   9.00    1.193    0.377   1.237   0.186
 9.37   9.00    1.193    0.374   1.237   0.182

 9.38   0.00    0.181    0.178   0.035   0.037   0.014   0.007   0.082   0.007   0.000   0.000   0.000 585011600
 9.38   6.31   55.290
 9.38   9.00    0.693    0.544
 9.38   9.00    1.237   55.450
 9.38   9.00    1.192    0.377   1.237   0.186
 9.38   9.00    1.193    0.373   1.237   0.182

 9.39   0.00    0.181    0.178   0.035   0.037   0.014   0.007   0.082   0.007   0.000   0.000   0.000 585635300
 9.39   6.31   55.278
 9.39   9.00    0.692    0.544
 9.39   9.00    1.236   55.440
 9.39   9.00    1.192    0.377   1.236   0.186
 9.39   9.00    1.192    0.373   1.236   0.182

 9.40   0.00    0.181    0.178   0.035   0.037   0.014   0.007   0.082   0.007   0.000   0.000   0.000 586259000
 9.40   6.31   55.266
 9.40   9.00    0.692    0.543
 9.40   9.00    1.235   55.431
 9.40   9.00    1.191    0.376   1.235   0.185
 9.40   9.00    1.192    0.373   1.235   0.182

 9.41   0.00    0.181    0.178   0.034   0.037   0.014   0.007   0.082   0.007   0.000   0.000   0.000 586882700
 9.41   6.31   55.254
 9.41   9.00    0.691    0.543
 9.41   9.00    1.235   55.421
 9.41   9.00    1.191    0.376   1.235   0.185
 9.41   9.00    1.191    0.373   1.235   0.182

 9.42   0.00    0.181    0.177   0.034   0.037   0.014   0.007   0.082   0.007   0.000   0.000   0.000 587506400
 9.42   6.30   55.242
 9.42   9.00    0.691    0.543
 9.42   9.00    1.234   55.412
 9.42   9.00    1.190    0.376   1.234   0.185
 9.42   9.00    1.191    0.373   1.234   0.182

 9.43   0.00    0.181    0.177   0.034   0.037   0.014   0.007   0.082   0.007   0.000   0.000   0.000 588130000
 9.43   6.30   55.230
 9.43   9.00    0.691    0.543
 9.43   9.00    1.234   55.402
 9.43   9.00    1.190    0.376   1.234   0.185
 9.43   9.00    1.190    0.373   1.234   0.182

 9.44   0.00    0.181    0.177   0.034   0.037   0.014   0.007   0.082   0.007   0.000   0.000   0.000 588753700
 9.44   6.30   55.219
 9.44   9.00    0.690    0.543
 9.44   9.00    1.233   55.393
 9.44   9.00    1.189    0.376   1.233   0.185
 9.44   9.00    1.189    0.372   1.233   0.182

 9.45   0.00    0.180    0.177   0.034   0.037   0.014   0.007   0.082   0.007   0.000   0.000   0.000 589377400
 9.45   6.29   55.207
 9.45   9.00    0.690    0.543
 9.45   9.00    1.233   55.383
 9.45   9.00    1.188    0.375   1.233   0.185
 9.45   9.00    1.189    0.372   1.233   0.182

 9.46   0.00    0.180    0.177   0.034   0.037   0.014   0.007   0.082   0.007   0.000   0.000   0.000 590001100
 9.46   6.29   55.195
 9.46   9.00    0.689    0.543
 9.46   9.00    1.232   55.374
 9.46   9.00    1.188    0.375   1.232   0.185
 9.46   9.00    1.188    0.372   1.232   0.182

 9.47   0.00    0.180    0.177   0.034   0.037   0.014   0.007   0.082   0.007   0.000   0.000   0.000 590624800
 9.47   6.29   55.183
 9.47   9.00    0.689    0.543
 9.47   9.00    1.231   55.364
 9.47   9.00    1.187    0.375   1.231   0.185
 9.47   9.00    1.188    0.372   1.231   0.181

 9.48   0.00    0.180    0.177   0.034   0.037   0.014   0.007   0.082   0.007   0.000   0.000   0.000 591248400
 9.48   6.29   55.172
 9.48   9.00    0.688    0.542
 9.48   9.00    1.231   55.355
 9.48   9.00    1.187    0.375   1.231   0.185
 9.48   9.00    1.187    0.372   1.231   0.181

 9.49   0.00    0.180    0.177   0.034   0.037   0.013   0.007   0.082   0.007   0.000   0.000   0.000 591872100
 9.49   6.28   55.160
 9.49   9.00    0.688    0.542
 9.49   9.00    1.230   55.345
 9.49   9.00    1.186    0.375   1.230   0.185
 9.49   9.00    1.187    0.372   1.230   0.181

 9.50   0.00    0.180    0.177   0.034   0.037   0.013   0.007   0.082   0.007   0.000   0.000   0.000 592495800
 9.50   6.28   55.148
 9.50   9.00    0.687    0.542
 9.50   9.00    1.230   55.336
 9.50   9.00    1.186    0.375   1.230   0.184
 9.50   9.00    1.186    0.371   1.230   0.181

 9.51   0.00    0.180    0.177   0.034   0.037   0.013   0.007   0.082   0.007   0.000   0.000   0.000 593119500
 9.51   6.28   55.136
 9.51   9.00    0.687    0.542
 9.51   9.00    1.229   55.327
 9.51   9.00    1.185    0.374   1.229   0.184
 9.51   9.00    1.186    0.371   1.229   0.181

 9.52   0.00    0.180    0.177   0.034   0.037   0.013   0.007   0.082   0.007   0.000   0.000   0.000 593743200
 9.52   6.27   55.125
 9.52   9.00    0.687    0.542
 9.52   9.00    1.229   55.317
 9.52   9.00    1.185    0.374   1.229   0.184
 9.52   9.00    1.185    0.371   1.229   0.181

 9.53   0.00    0.180    0.177   0.034   0.037   0.013   0.007   0.082   0.007   0.000   0.000   0.000 594366800
 9.53   6.27   55.113
 9.53   9.00    0.686    0.542
 9.53   9.00    1.228   55.308
 9.53   9.00    1.184    0.374   1.228   0.184
 9.53   9.00    1.185    0.371   1.228   0.181

 9.54   0.00    0.180    0.176   0.034   0.037   0.013   0.007   0.082   0.007   0.000   0.000   0.000 594990500
 9.54   6.27   55.101
 9.54   9.00    0.686    0.542
 9.54   9.00    1.228   55.299
 9.54   9.00    1.184    0.374   1.228   0.184
 9.54   9.00    1.184    0.371   1.228   0.181

 9.55   0.00    0.180    0.176   0.034   0.037   0.013   0.007   0.082   0.007   0.000   0.000   0.000 595614200
 9.55   6.27   55.090
 9.55   9.00    0.685    0.542
 9.55   9.00    1.227   55.289
 9.55   9.00    1.183    0.374   1.227   0.184
 9.55   9.00    1.184    0.371   1.227   0.181

 9.56   0.00    0.179    0.176   0.034   0.037   0.013   0.007   0.082   0.007   0.000   0.000   0.000 596237900
 9.56   6.26   55.078
 9.56   9.00    0.685    0.542
 9.56   9.00    1.226   55.280
 9.56   9.00    1.183    0.374   1.226   0.184
 9.56   9.00    1.183    0.370   1.226   0.181

 9.57   0.00    0.179    0.176   0.034   0.037   0.013   0.007   0.082   0.007   0.000   0.000   0.000 596861600
 9.57   6.26   55.067
 9.57   9.00    0.684    0.541
 9.57   9.00    1.226   55.271
 9.57   9.00    1.182    0.373   1.226   0.184
 9.57   9.00    1.182    0.370   1.226   0.181

 9.58   0.00    0.179    0.176   0.034   0.037   0.013   0.007   0.082   0.007   0.000   0.000   0.000 597485200
 9.58   6.26   55.055
 9.58   9.00    0.684    0.541
 9.58   9.00    1.225   55.261
 9.58   9.00    1.181    0.373   1.225   0.184
 9.58   9.00    1.182    0.370   1.225   0.181

 9.59   0.00    0.179    0.176   0.034   0.037   0.013   0.007   0.082   0.007   0.000   0.000   0.000 598108900
 9.59   6.26   55.043
 9.59   9.00    0.684    0.541
 9.59   9.00    1.225   55.252
 9.59   9.00    1.181    0.373   1.225   0.184
 9.59   9.00    1.181    0.370   1.225   0.180

 9.60   0.00    0.179    0.176   0.034   0.037   0.013   0.007   0.082   0.007   0.000   0.000   0.000 598732600
 9.60   6.25   55.032
 9.60   9.00    0.683    0.541
 9.60   9.00    1.224   55.243
 9.60   9.00    1.180    0.373   1.224   0.184
 9.60   9.00    1.181    0.370   1.224   0.180

 9.61   0.00    0.179    0.176   0.034   0.037   0.013   0.007   0.082   0.007   0.000   0.000   0.000 599356300
 9.61   6.25   55.020
 9.61   9.00    0.683    0.541
 9.61   9.00    1.224   55.233
 9.61   9.00    1.180    0.373   1.224   0.183
 9.61   9.00    1.180    0.370   1.224   0.180

 9.62   0.00    0.179    0.176   0.034   0.037   0.013   0.007   0.082   0.007   0.000   0.000   0.000 599980000
 9.62   6.25   55.009
 9.62   9.00    0.682    0.541
 9.62   9.00    1.223   55.224
 9.62   9.00    1.179    0.372   1.223   0.183
 9.62   9.00    1.180    0.369   1.223   0.180

 9.63   0.00    0.179    0.176   0.034   0.037   0.013   0.007   0.082   0.007   0.000   0.000   0.000 600603600
 9.63   6.24   54.997
 9.63   9.00    0.682    0.541
 9.63   9.00    1.223   55.215
 9.63   9.00    1.179    0.372   1.223   0.183
 9.63   9.00    1.179    0.369   1.223   0.180

 9.64   0.00    0.179    0.176   0.034   0.037   0.013   0.007   0.082   0.007   0.000   0.000   0.000 601227300
 9.64   6.24   54.986
 9.64   9.00    0.681    0.541
 9.64   9.00    1.222   55.206
 9.64   9.00    1.178    0.372   1.222   0.183
 9.64   9.00    1.179    0.369   1.222   0.180

 9.65   0.00    0.179    0.176   0.033   0.037   0.013   0.007   0.082   0.006   0.000   0.000   0.000 601851000
 9.65   6.24   54.974
 9.65   9.00    0.681    0.540
 9.65   9.00    1.221   55.196
 9.65   9.00    1.178    0.372   1.221   0.183
 9.65   9.00    1.178    0.369   1.221   0.180

 9.66   0.00    0.179    0.175   0.033   0.037   0.013   0.007   0.082   0.006   0.000   0.000   0.000 602474700
 9.66   6.24   54.963
 9.66   9.00    0.681    0.540
 9.66   9.00    1.221   55.187
 9.66   9.00    1.177    0.372   1.221   0.183
 9.66   9.00    1.178    0.369   1.221   0.180

 9.67   0.00    0.178    0.175   0.033   0.037   0.013   0.007   0.082   0.006   0.000   0.000   0.000 603098400
 9.67   6.23   54.951
 9.67   9.00    0.680    0.540
 9.67   9.00    1.220   55.178
 9.67   9.00    1.177    0.372   1.220   0.183
 9.67   9.00    1.177    0.368   1.220   0.180

 9.68   0.00    0.178    0.175   0.033   0.037   0.013   0.007   0.082   0.006   0.000   0.000   0.000 603722000
 9.68   6.23   54.940
 9.68   9.00    0.680    0.540
 9.68   9.00    1.220   55.169
 9.68   9.00    1.176    0.371   1.220   0.183
 9.68   9.00    1.177    0.368   1.220   0.180

 9.69   0.00    0.178    0.175   0.033   0.037   0.013   0.007   0.082   0.006   0.000   0.000   0.000 604345700
 9.69   6.23   54.928
 9.69   9.00    0.679    0.540
 9.69   9.00    1.219   55.160
 9.69   9.00    1.176    0.371   1.219   0.183
 9.69   9.00    1.176    0.368   1.219   0.180

 9.70   0.00    0.178    0.175   0.033   0.037   0.013   0.007   0.082   0.006   0.000   0.000   0.000 604969400
 9.70   6.23   54.917
 9.70   9.00    0.679    0.540
 9.70   9.00    1.219   55.151
 9.70   9.00    1.175    0.371   1.219   0.183
 9.70   9.00    1.176    0.368   1.219   0.180

 9.71   0.00    0.178    0.175   0.033   0.037   0.013   0.007   0.082   0.006   0.000   0.000   0.000 605593100
 9.71   6.22   54.906
 9.71   9.00    0.678    0.540
 9.71   9.00    1.218   55.141
 9.71   9.00    1.175    0.371   1.218   0.183
 9.71   9.00    1.175    0.368   1.218   0.179

 9.72   0.00    0.178    0.175   0.033   0.037   0.013   0.007   0.082   0.006   0.000   0.000   0.000 606216800
 9.72   6.22   54.894
 9.72   9.00    0.678    0.540
 9.72   9.00    1.218   55.132
 9.72   9.00    1.174    0.371   1.218   0.183
 9.72   9.00    1.175    0.368   1.218   0.179

 9.73   0.00    0.178    0.175   0.033   0.037   0.013   0.007   0.082   0.006   0.000   0.000   0.000 606840400
 9.73   6.22   54.883
 9.73   9.00    0.678    0.540
 9.73   9.00    1.217   55.123
 9.73   9.00    1.174    0.371   1.217   0.182
 9.73   9.00    1.174    0.368   1.217   0.179

 9.74   0.00    0.178    0.175   0.033   0.037   0.013   0.007   0.082   0.006   0.000   0.000   0.000 607464100
 9.74   6.21   54.872
 9.74   9.00    0.677    0.539
 9.74   9.00    1.217   55.114
 9.74   9.00    1.173    0.370   1.217   0.182
 9.74   9.00    1.174    0.367   1.217   0.179

 9.75   0.00    0.178    0.175   0.033   0.037   0.013   0.007   0.082   0.006   0.000   0.000   0.000 608087800
 9.75   6.21   54.860
 9.75   9.00    0.677    0.539
 9.75   9.00    1.216   55.105
 9.75   9.00    1.173    0.370   1.216   0.182
 9.75   9.00    1.173    0.367   1.216   0.179

 9.76   0.00    0.178    0.175   0.033   0.037   0.013   0.007   0.082   0.006   0.000   0.000   0.000 608711500
 9.76   6.21   54.849
 9.76   9.00    0.676    0.539
 9.76   9.00    1.215   55.096
 9.76   9.00    1.172    0.370   1.215   0.182
 9.76   9.00    1.172    0.367   1.215   0.179

 9.77   0.00    0.178    0.175   0.033   0.037   0.013   0.007   0.082   0.006   0.000   0.000   0.000 609335200
 9.77   6.21   54.838
 9.77   9.00    0.676    0.539
 9.77   9.00    1.215   55.087
 9.77   9.00    1.171    0.370   1.215   0.182
 9.77   9.00    1.172    0.367   1.215   0.179

 9.78   0.00    0.178    0.175   0.033   0.037   0.013   0.007   0.082   0.006   0.000   0.000   0.000 609958800
 9.78   6.20   54.826
 9.78   9.00    0.675    0.539
 9.78   9.00    1.214   55.078
 9.78   9.00    1.171    0.370   1.214   0.182
 9.78   9.00    1.171    0.367   1.214   0.179

 9.79   0.00    0.177    0.174   0.033   0.037   0.013   0.007   0.082   0.006   0.000   0.000   0.000 610582500
 9.79   6.20   54.815
 9.79   9.00    0.675    0.539
 9.79   9.00    1.214   55.069
 9.79   9.00    1.170    0.370   1.214   0.182
 9.79   9.00    1.171    0.367   1.214   0.179

 9.80   0.00    0.177    0.174   0.033   0.037   0.013   0.007   0.082   0.006   0.000   0.000   0.000 611206200
 9.80   6.20   54.804
 9.80   9.00    0.675    0.539
 9.80   9.00    1.213   55.060
 9.80   9.00    1.170    0.369   1.213   0.182
 9.80   9.00    1.170    0.366   1.213   0.179

 9.81   0.00    0.177    0.174   0.033   0.037   0.013   0.007   0.082   0.006   0.000   0.000   0.000 611829900
 9.81   6.20   54.793
 9.81   9.00    0.674    0.539
 9.81   9.00    1.213   55.051
 9.81   9.00    1.169    0.369   1.213   0.182
 9.81   9.00    1.170    0.366   1.213   0.179

 9.82   0.00    0.177    0.174   0.033   0.037   0.013   0.007   0.082   0.006   0.000   0.000   0.000 612453600
 9.82   6.19   54.781
 9.82   9.00    0.674    0.538
 9.82   9.00    1.212   55.041
 9.82   9.00    1.169    0.369   1.212   0.182
 9.82   9.00    1.169    0.366   1.212   0.179

 9.83   0.00    0.177    0.174   0.033   0.037   0.013   0.006   0.082   0.006   0.000   0.000   0.000 613077200
 9.83   6.19   54.770
 9.83   9.00    0.673    0.538
 9.83   9.00    1.212   55.032
 9.83   9.00    1.168    0.369   1.212   0.182
 9.83   9.00    1.169    0.366   1.212   0.179

 9.84   0.00    0.177    0.174   0.033   0.037   0.013   0.006   0.082   0.006   0.000   0.000   0.000 613700900
 9.84   6.19   54.759
 9.84   9.00    0.673    0.538
 9.84   9.00    1.211   55.023
 9.84   9.00    1.168    0.369   1.211   0.181
 9.84   9.00    1.168    0.366   1.211   0.178

 9.85   0.00    0.177    0.174   0.033   0.037   0.013   0.006   0.082   0.006   0.000   0.000   0.000 614324600
 9.85   6.19   54.748
 9.85   9.00    0.673    0.538
 9.85   9.00    1.211   55.014
 9.85   9.00    1.167    0.369   1.211   0.181
 9.85   9.00    1.168    0.366   1.211   0.178

 9.86   0.00    0.177    0.174   0.033   0.037   0.013   0.006   0.082   0.006   0.000   0.000   0.000 614948300
 9.86   6.18   54.737
 9.86   9.00    0.672    0.538
 9.86   9.00    1.210   55.006
 9.86   9.00    1.167    0.368   1.210   0.181
 9.86   9.00    1.167    0.365   1.210   0.178

 9.87   0.00    0.177    0.174   0.033   0.037   0.013   0.006   0.082   0.006   0.000   0.000   0.000 615572000
 9.87   6.18   54.725
 9.87   9.00    0.672    0.538
 9.87   9.00    1.210   54.997
 9.87   9.00    1.166    0.368   1.210   0.181
 9.87   9.00    1.167    0.365   1.210   0.178

 9.88   0.00    0.177    0.174   0.033   0.037   0.013   0.006   0.082   0.006   0.000   0.000   0.000 616195600
 9.88   6.18   54.714
 9.88   9.00    0.671    0.538
 9.88   9.00    1.209   54.988
 9.88   9.00    1.166    0.368   1.209   0.181
 9.88   9.00    1.166    0.365   1.209   0.178

 9.89   0.00    0.177    0.174   0.032   0.037   0.012   0.006   0.082   0.006   0.000   0.000   0.000 616819300
 9.89   6.17   54.703
 9.89   9.00    0.671    0.538
 9.89   9.00    1.208   54.979
 9.89   9.00    1.165    0.368   1.208   0.181
 9.89   9.00    1.166    0.365   1.208   0.178

 9.90   0.00    0.177    0.174   0.032   0.037   0.012   0.006   0.082   0.006   0.000   0.000   0.000 617443000
 9.90   6.17   54.692
 9.90   9.00    0.670    0.537
 9.90   9.00    1.208   54.970
 9.90   9.00    1.165    0.368   1.208   0.181
 9.90   9.00    1.165    0.365   1.208   0.178

 9.91   0.00    0.176    0.174   0.032   0.037   0.012   0.006   0.082   0.006   0.000   0.000   0.000 618066700
 9.91   6.17   54.681
 9.91   9.00    0.670    0.537
 9.91   9.00    1.207   54.961
 9.91   9.00    1.164    0.368   1.207   0.181
 9.91   9.00    1.165    0.365   1.207   0.178

 9.92   0.00    0.176    0.173   0.032   0.037   0.012   0.006   0.082   0.006   0.000   0.000   0.000 618690400
 9.92   6.17   54.670
 9.92   9.00    0.670    0.537
 9.92   9.00    1.207   54.952
 9.92   9.00    1.164    0.367   1.207   0.181
 9.92   9.00    1.164    0.364   1.207   0.178

 9.93   0.00    0.176    0.173   0.032   0.037   0.012   0.006   0.082   0.006   0.000   0.000   0.000 619314000
 9.93   6.16   54.659
 9.93   9.00    0.669    0.537
 9.93   9.00    1.206   54.943
 9.93   9.00    1.163    0.367   1.206   0.181
 9.93   9.00    1.164    0.364   1.206   0.178

 9.94   0.00    0.176    0.173   0.032   0.037   0.012   0.006   0.082   0.006   0.000   0.000   0.000 619937700
 9.94   6.16   54.648
 9.94   9.00    0.669    0.537
 9.94   9.00    1.206   54.934
 9.94   9.00    1.163    0.367   1.206   0.181
 9.94   9.00    1.163    0.364   1.206   0.178

 9.95   0.00    0.176    0.173   0.032   0.037   0.012   0.006   0.082   0.006   0.000   0.000   0.000 620561400
 9.95   6.16   54.637
 9.95   9.00    0.668    0.537
 9.95   9.00    1.205   54.925
 9.95   9.00    1.162    0.367   1.205   0.181
 9.95   9.00    1.163    0.364   1.205   0.178

 9.96   0.00    0.176    0.173   0.032   0.037   0.012   0.006   0.082   0.006   0.000   0.000   0.000 621185100
 9.96   6.16   54.626
 9.96   9.00    0.668    0.537
 9.96   9.00    1.205   54.916
 9.96   9.00    1.162    0.367   1.205   0.180
 9.96   9.00    1.162    0.364   1.205   0.178

 9.97   0.00    0.176    0.173   0.032   0.037   0.012   0.006   0.082   0.006   0.000   0.000   0.000 621808800
 9.97   6.15   54.615
 9.97   9.00    0.668    0.537
 9.97   9.00    1.204   54.907
 9.97   9.00    1.161    0.367   1.204   0.180
 9.97   9.00    1.162    0.364   1.204   0.177

 9.98   0.00    0.176    0.173   0.032   0.037   0.012   0.006   0.082   0.006   0.000   0.000   0.000 622432400
 9.98   6.15   54.604
 9.98   9.00    0.667    0.536
 9.98   9.00    1.204   54.899
 9.98   9.00    1.161    0.366   1.204   0.180
 9.98   9.00    1.161    0.363   1.204   0.177

 9.99   0.00    0.176    0.173   0.032   0.037   0.012   0.006   0.082   0.006   0.000   0.000   0.000 623056100
 9.99   6.15   54.593
 9.99   9.00    0.667    0.536
 9.99   9.00    1.203   54.890
 9.99   9.00    1.160    0.366   1.203   0.180
 9.99   9.00    1.161    0.363   1.203   0.177

10.00   0.00    0.176    0.173   0.032   0.037   0.012   0.006   0.082   0.006   0.000   0.000   0.000 623679800
10.00   6.15   54.582
10.00   9.00    0.666    0.536
10.00   9.00    1.203   54.881
10.00   9.00    1.160    0.366   1.203   0.180
10.00   9.00    1.160    0.363   1.203   0.177

10.01   0.00    0.176    0.173   0.032   0.037   0.012   0.006   0.082   0.006   0.000   0.000   0.000 624303500
10.01   6.14   54.571
10.01   9.00    0.666    0.536
10.01   9.00    1.202   54.872
10.01   9.00    1.159    0.366   1.202   0.180
10.01   9.00    1.160    0.363   1.202   0.177

10.02   0.00    0.176    0.173   0.032   0.037   0.012   0.006   0.082   0.006   0.000   0.000   0.000 624927200
10.02   6.14   54.560
10.02   9.00    0.666    0.536
10.02   9.00    1.202   54.863
10.02   9.00    1.159    0.366   1.202   0.180
10.02   9.00    1.159    0.363   1.202   0.177

10.03   0.00    0.176    0.173   0.032   0.037   0.012   0.006   0.082   0.006   0.000   0.000   0.000 625550800
10.03   6.14   54.549
10.03   9.00    0.665    0.536
10.03   9.00    1.201   54.855
10.03   9.00    1.158    0.366   1.201   0.180
10.03   9.00    1.159    0.363   1.201   0.177

10.04   0.00    0.176    0.173   0.032   0.037   0.012   0.006   0.082   0.006   0.000   0.000   0.000 626174500
10.04   6.14   54.538
10.04   9.00    0.665    0.536
10.04   9.00    1.201   54.846
10.04   9.00    1.158    0.366   1.201   0.180
10.04   9.00    1.158    0.363   1.201   0.177

10.05   0.00    0.176    0.173   0.032   0.037   0.012   0.006   0.082   0.006   0.000   0.000   0.000 626798200
10.05   6.13   54.527
10.05   9.00    0.664    0.536
10.05   9.00    1.200   54.837
10.05   9.00    1.157    0.366   1.200   0.180
10.05   9.00    1.158    0.363   1.200   0.177

10.06   0.00    0.176    0.173   0.032   0.037   0.012   0.006   0.082   0.006   0.000   0.000   0.000 627421900
10.06   6.13   54.516
10.06   9.00    0.664    0.535
10.06   9.00    1.200   54.828
10.06   9.00    1.157    0.365   1.200   0.180
10.06   9.00    1.157    0.363   1.200   0.177

10.07   0.00    0.176    0.173   0.032   0.037   0.012   0.006   0.082   0.006   0.000   0.000   0.000 628045600
10.07   6.13   54.505
10.07   9.00    0.664    0.535
10.07   9.00    1.199   54.819
10.07   9.00    1.156    0.365   1.199   0.180
10.07   9.00    1.157    0.362   1.199   0.177

10.08   0.00    0.176    0.173   0.032   0.037   0.012   0.006   0.082   0.006   0.000   0.000   0.000 628669200
10.08   6.13   54.495
10.08   9.00    0.663    0.535
10.08   9.00    1.198   54.811
10.08   9.00    1.156    0.365   1.198   0.180
10.08   9.00    1.156    0.362   1.198   0.177

10.09   0.00    0.176    0.173   0.032   0.037   0.012   0.006   0.082   0.006   0.000   0.000   0.000 629292900
10.09   6.12   54.484
10.09   9.00    0.663    0.535
10.09   9.00    1.198   54.802
10.09   9.00    1.155    0.365   1.198   0.180
10.09   9.00    1.156    0.362   1.198   0.177

10.10   0.00    0.176    0.173   0.032   0.037   0.012   0.006   0.082   0.006   0.000   0.000   0.000 629916600
10.10   6.12   54.473
10.10   9.00    0.662    0.535
10.10   9.00    1.197   54.793
10.10   9.00    1.155    0.365   1.197   0.180
10.10   9.00    1.155    0.362   1.197   0.177

10.11   0.00    0.175    0.173   0.032   0.037   0.012   0.006   0.082   0.006   0.000   0.000   0.000 630540200
10.11   6.12   54.462
10.11   9.00    0.662    0.535
10.11   9.00    1.197   54.785
10.11   9.00    1.154    0.365   1.197   0.180
10.11   9.00    1.154    0.362   1.197   0.177

10.12   0.00    0.175    0.173   0.032   0.037   0.012   0.006   0.082   0.006   0.000   0.000   0.000 631164000
10.12   6.12   54.451
10.12   9.00    0.662    0.535
10.12   9.00    1.196   54.776
10.12   9.00    1.154    0.365   1.196   0.180
10.12   9.00    1.154    0.362   1.196   0.177

10.13   0.00    0.175    0.173   0.032   0.037   0.012   0.006   0.082   0.006   0.000   0.000   0.000 631787600
10.13   6.11   54.441
10.13   9.00    0.661    0.535
10.13   9.00    1.196   54.767
10.13   9.00    1.153    0.365   1.196   0.180
10.13   9.00    1.153    0.362   1.196   0.177

10.14   0.00    0.175    0.173   0.032   0.037   0.012   0.006   0.082   0.006   0.000   0.000   0.000 632411300
10.14   6.11   54.430
10.14   9.00    0.661    0.534
10.14   9.00    1.195   54.758
10.14   9.00    1.152    0.365   1.195   0.180
10.14   9.00    1.153    0.362   1.195   0.177

10.15   0.00    0.175    0.173   0.032   0.037   0.012   0.006   0.082   0.006   0.000   0.000   0.000 633034900
10.15   6.11   54.419
10.15   9.00    0.660    0.534
10.15   9.00    1.195   54.750
10.15   9.00    1.152    0.364   1.195   0.180
10.15   9.00    1.152    0.362   1.195   0.177

10.16   0.00    0.175    0.173   0.032   0.037   0.012   0.006   0.082   0.006   0.000   0.000   0.000 633658700
10.16   6.11   54.408
10.16   9.00    0.660    0.534
10.16   9.00    1.194   54.741
10.16   9.00    1.151    0.364   1.194   0.180
10.16   9.00    1.152    0.362   1.194   0.177

10.17   0.00    0.175    0.173   0.032   0.037   0.012   0.006   0.082   0.006   0.000   0.000   0.000 634282400
10.17   6.10   54.398
10.17   9.00    0.660    0.534
10.17   9.00    1.194   54.732
10.17   9.00    1.151    0.364   1.194   0.180
10.17   9.00    1.151    0.361   1.194   0.177

10.18   0.00    0.175    0.173   0.032   0.037   0.012   0.006   0.082   0.006   0.000   0.000   0.000 634906000
10.18   6.10   54.387
10.18   9.00    0.659    0.534
10.18   9.00    1.193   54.724
10.18   9.00    1.150    0.364   1.193   0.180
10.18   9.00    1.151    0.361   1.193   0.177

10.19   0.00    0.175    0.172   0.032   0.037   0.012   0.006   0.082   0.006   0.000   0.000   0.000 635529700
10.19   6.10   54.376
10.19   9.00    0.659    0.534
10.19   9.00    1.193   54.715
10.19   9.00    1.150    0.364   1.193   0.180
10.19   9.00    1.150    0.361   1.193   0.177

10.20   0.00    0.175    0.172   0.032   0.037   0.012   0.006   0.082   0.006   0.000   0.000   0.000 636153400
10.20   6.10   54.366
10.20   9.00    0.659    0.534
10.20   9.00    1.192   54.707
10.20   9.00    1.149    0.364   1.192   0.180
10.20   9.00    1.150    0.361   1.192   0.177

10.21   0.00    0.175    0.172   0.032   0.037   0.012   0.006   0.082   0.006   0.000   0.000   0.000 636777100
10.21   6.09   54.355
10.21   9.00    0.658    0.534
10.21   9.00    1.192   54.698
10.21   9.00    1.149    0.364   1.192   0.180
10.21   9.00    1.149    0.361   1.192   0.177

10.22   0.00    0.175    0.172   0.032   0.037   0.012   0.006   0.082   0.006   0.000   0.000   0.000 637400800
10.22   6.09   54.344
10.22   9.00    0.658    0.533
10.22   9.00    1.191   54.689
10.22   9.00    1.148    0.364   1.191   0.180
10.22   9.00    1.149    0.361   1.191   0.177

10.23   0.00    0.175    0.172   0.032   0.037   0.012   0.006   0.082   0.006   0.000   0.000   0.000 638024400
10.23   6.09   54.334
10.23   9.00    0.657    0.535
10.23   9.00    1.192   54.683
10.23   9.00    1.149    0.364   1.192   0.180
10.23   9.00    1.150    0.361   1.192   0.177

10.24   0.00    0.175    0.172   0.032   0.037   0.012   0.006   0.082   0.006   0.000   0.000   0.000 638648100
10.24   6.09   54.323
10.24   9.00    0.657    0.535
10.24   9.00    1.192   54.674
10.24   9.00    1.149    0.364   1.192   0.180
10.24   9.00    1.149    0.361   1.192   0.177

10.25   0.00    0.175    0.172   0.032   0.037   0.012   0.006   0.082   0.006   0.000   0.000   0.000 639271800
10.25   6.08   54.312
10.25   9.00    0.657    0.535
10.25   9.00    1.191   54.666
10.25   9.00    1.149    0.364   1.191   0.180
10.25   9.00    1.149    0.361   1.191   0.177

10.26   0.00    0.175    0.172   0.032   0.037   0.012   0.006   0.082   0.006   0.000   0.000   0.000 639895500
10.26   6.08   54.302
10.26   9.00    0.656    0.535
10.26   9.00    1.191   54.657
10.26   9.00    1.148    0.364   1.191   0.180
10.26   9.00    1.149    0.361   1.191   0.177

10.27   0.00    0.175    0.172   0.032   0.037   0.012   0.006   0.082   0.006   0.000   0.000   0.000 640519200
10.27   6.08   54.291
10.27   9.00    0.656    0.535
10.27   9.00    1.191   54.649
10.27   9.00    1.148    0.364   1.191   0.179
10.27   9.00    1.148    0.361   1.191   0.177

10.28   0.00    0.175    0.172   0.032   0.037   0.012   0.006   0.082   0.006   0.000   0.000   0.000 641142800
10.28   6.08   54.281
10.28   9.00    0.655    0.535
10.28   9.00    1.190   54.641
10.28   9.00    1.148    0.363   1.190   0.179
10.28   9.00    1.148    0.361   1.190   0.177

10.29   0.00    0.175    0.172   0.032   0.037   0.012   0.006   0.082   0.006   0.000   0.000   0.000 641766500
10.29   6.07   54.270
10.29   9.00    0.655    0.535
10.29   9.00    1.190   54.632
10.29   9.00    1.147    0.363   1.190   0.179
10.29   9.00    1.148    0.361   1.190   0.177

10.30   0.00    0.175    0.172   0.032   0.037   0.012   0.006   0.082   0.006   0.000   0.000   0.000 642390200
10.30   6.07   54.259
10.30   9.00    0.655    0.535
10.30   9.00    1.189   54.624
10.30   9.00    1.147    0.363   1.189   0.179
10.30   9.00    1.147    0.361   1.189   0.177

10.31   0.00    0.175    0.172   0.032   0.037   0.012   0.006   0.082   0.006   0.000   0.000   0.000 643013900
10.31   6.07   54.249
10.31   9.00    0.654    0.535
10.31   9.00    1.189   54.616
10.31   9.00    1.146    0.363   1.189   0.179
10.31   9.00    1.147    0.360   1.189   0.177

10.32   0.00    0.175    0.172   0.032   0.037   0.012   0.006   0.082   0.006   0.000   0.000   0.000 643637500
10.32   6.07   54.238
10.32   9.00    0.654    0.535
10.32   9.00    1.189   54.607
10.32   9.00    1.146    0.363   1.189   0.179
10.32   9.00    1.146    0.360   1.189   0.177

10.33   0.00    0.175    0.172   0.032   0.037   0.012   0.006   0.082   0.006   0.000   0.000   0.000 644261200
10.33   6.06   54.228
10.33   9.00    0.654    0.535
10.33   9.00    1.188   54.599
10.33   9.00    1.146    0.363   1.188   0.179
10.33   9.00    1.146    0.360   1.188   0.177

10.34   0.00    0.175    0.172   0.032   0.037   0.012   0.006   0.082   0.006   0.000   0.000   0.000 644884900
10.34   6.06   54.217
10.34   9.00    0.653    0.535
10.34   9.00    1.188   54.591
10.34   9.00    1.145    0.363   1.188   0.179
10.34   9.00    1.146    0.360   1.188   0.177

10.35   0.00    0.175    0.172   0.032   0.037   0.011   0.006   0.082   0.006   0.000   0.000   0.000 645508600
10.35   6.06   54.207
10.35   9.00    0.653    0.535
10.35   9.00    1.188   54.582
10.35   9.00    1.145    0.363   1.188   0.179
10.35   9.00    1.145    0.360   1.188   0.177

10.36   0.00    0.175    0.172   0.032   0.037   0.011   0.006   0.082   0.006   0.000   0.000   0.000 646132200
10.36   6.06   54.197
10.36   9.00    0.652    0.535
10.36   9.00    1.187   54.574
10.36   9.00    1.145    0.363   1.187   0.179
10.36   9.00    1.145    0.360   1.187   0.177

10.37   0.00    0.175    0.172   0.032   0.037   0.011   0.006   0.082   0.006   0.000   0.000   0.000 646756000
10.37   6.06   54.186
10.37   9.00    0.652    0.535
10.37   9.00    1.187   54.566
10.37   9.00    1.144    0.363   1.187   0.179
10.37   9.00    1.145    0.360   1.187   0.176

10.38   0.00    0.175    0.172   0.032   0.037   0.011   0.006   0.082   0.006   0.000   0.000   0.000 647379600
10.38   6.05   54.176
10.38   9.00    0.652    0.535
10.38   9.00    1.186   54.558
10.38   9.00    1.144    0.363   1.186   0.179
10.38   9.00    1.144    0.360   1.186   0.176

10.39   0.00    0.175    0.172   0.032   0.037   0.011   0.006   0.082   0.006   0.000   0.000   0.000 648003300
10.39   6.05   54.165
10.39   9.00    0.651    0.535
10.39   9.00    1.186   54.549
10.39   9.00    1.143    0.363   1.186   0.179
10.39   9.00    1.144    0.360   1.186   0.176

10.40   0.00    0.175    0.172   0.032   0.037   0.011   0.006   0.082   0.006   0.000   0.000   0.000 648626900
10.40   6.05   54.155
10.40   9.00    0.651    0.535
10.40   9.00    1.186   54.541
10.40   9.00    1.143    0.362   1.186   0.179
10.40   9.00    1.144    0.360   1.186   0.176

10.41   0.00    0.175    0.172   0.032   0.037   0.011   0.006   0.082   0.006   0.000   0.000   0.000 649250700
10.41   6.05   54.144
10.41   9.00    0.651    0.535
10.41   9.00    1.185   54.533
10.41   9.00    1.143    0.362   1.185   0.179
10.41   9.00    1.143    0.360   1.185   0.176

10.42   0.00    0.175    0.172   0.032   0.037   0.011   0.006   0.082   0.006   0.000   0.000   0.000 649874400
10.42   6.04   54.134
10.42   9.00    0.650    0.535
10.42   9.00    1.185   54.525
10.42   9.00    1.142    0.362   1.185   0.179
10.42   9.00    1.143    0.360   1.185   0.176

10.43   0.00    0.175    0.172   0.032   0.037   0.011   0.006   0.082   0.006   0.000   0.000   0.000 650498000
10.43   6.04   54.124
10.43   9.00    0.650    0.535
10.43   9.00    1.185   54.517
10.43   9.00    1.142    0.362   1.185   0.179
10.43   9.00    1.142    0.360   1.185   0.176

10.44   0.00    0.175    0.172   0.032   0.037   0.011   0.006   0.082   0.006   0.000   0.000   0.000 651121700
10.44   6.04   54.113
10.44   9.00    0.649    0.535
10.44   9.00    1.184   54.508
10.44   9.00    1.142    0.362   1.184   0.179
10.44   9.00    1.142    0.359   1.184   0.176

10.45   0.00    0.175    0.172   0.032   0.037   0.011   0.006   0.082   0.006   0.000   0.000   0.000 651745400
10.45   6.04   54.103
10.45   9.00    0.649    0.535
10.45   9.00    1.184   54.500
10.45   9.00    1.141    0.362   1.184   0.179
10.45   9.00    1.142    0.359   1.184   0.176

10.46   0.00    0.175    0.172   0.032   0.037   0.011   0.006   0.082   0.006   0.000   0.000   0.000 652369100
10.46   6.03   54.093
10.46   9.00    0.649    0.535
10.46   9.00    1.183   54.492
10.46   9.00    1.141    0.362   1.183   0.179
10.46   9.00    1.141    0.359   1.183   0.176

10.47   0.00    0.175    0.172   0.032   0.037   0.011   0.006   0.082   0.006   0.000   0.000   0.000 652992800
10.47   6.03   54.082
10.47   9.00    0.648    0.535
10.47   9.00    1.183   54.484
10.47   9.00    1.141    0.362   1.183   0.179
10.47   9.00    1.141    0.359   1.183   0.176

10.48   0.00    0.175    0.172   0.032   0.037   0.011   0.006   0.082   0.006   0.000   0.000   0.000 653616400
10.48   6.03   54.072
10.48   9.00    0.648    0.535
10.48   9.00    1.183   54.476
10.48   9.00    1.140    0.362   1.183   0.179
10.48   9.00    1.141    0.359   1.183   0.176

10.49   0.00    0.175    0.172   0.032   0.037   0.011   0.006   0.082   0.006   0.000   0.000   0.000 654240100
10.49   6.03   54.062
10.49   9.00    0.648    0.535
10.49   9.00    1.182   54.468
10.49   9.00    1.140    0.362   1.182   0.179
10.49   9.00    1.140    0.359   1.182   0.176

10.50   0.00    0.175    0.172   0.032   0.037   0.011   0.006   0.082   0.006   0.000   0.000   0.000 654863800
10.50   6.02   54.051
10.50   9.00    0.647    0.535
10.50   9.00    1.182   54.460
10.50   9.00    1.139    0.362   1.182   0.179
10.50   9.00    1.140    0.359   1.182   0.176

10.51   0.00    0.175    0.172   0.032   0.037   0.011   0.006   0.082   0.006   0.000   0.000   0.000 655487500
10.51   6.02   54.041
10.51   9.00    0.647    0.535
10.51   9.00    1.182   54.452
10.51   9.00    1.139    0.362   1.182   0.179
10.51   9.00    1.140    0.359   1.182   0.176

10.52   0.00    0.175    0.172   0.032   0.037   0.011   0.006   0.082   0.006   0.000   0.000   0.000 656111200
10.52   6.02   54.031
10.52   9.00    0.647    0.535
10.52   9.00    1.181   54.443
10.52   9.00    1.139    0.361   1.181   0.179
10.52   9.00    1.139    0.359   1.181   0.176

10.53   0.00    0.175    0.172   0.032   0.037   0.011   0.006   0.082   0.006   0.000   0.000   0.000 656734800
10.53   6.02   54.021
10.53   9.00    0.646    0.535
10.53   9.00    1.181   54.435
10.53   9.00    1.138    0.361   1.181   0.179
10.53   9.00    1.139    0.359   1.181   0.176

10.54   0.00    0.174    0.172   0.032   0.037   0.011   0.006   0.082   0.006   0.000   0.000   0.000 657358500
10.54   6.02   54.010
10.54   9.00    0.646    0.535
10.54   9.00    1.181   54.427
10.54   9.00    1.138    0.361   1.181   0.179
10.54   9.00    1.138    0.359   1.181   0.176

10.55   0.00    0.174    0.172   0.032   0.037   0.011   0.006   0.082   0.006   0.000   0.000   0.000 657982200
10.55   6.01   54.000
10.55   9.00    0.645    0.535
10.55   9.00    1.180   54.419
10.55   9.00    1.138    0.361   1.180   0.179
10.55   9.00    1.138    0.359   1.180   0.176

10.56   0.00    0.174    0.172   0.032   0.037   0.011   0.006   0.082   0.006   0.000   0.000   0.000 658605900
10.56   6.01   53.990
10.56   9.00    0.645    0.535
10.56   9.00    1.180   54.411
10.56   9.00    1.137    0.361   1.180   0.179
10.56   9.00    1.138    0.359   1.180   0.176

10.57   0.00    0.174    0.172   0.032   0.037   0.011   0.006   0.082   0.006   0.000   0.000   0.000 659229500
10.57   6.01   53.980
10.57   9.00    0.645    0.535
10.57   9.00    1.179   54.403
10.57   9.00    1.137    0.361   1.179   0.179
10.57   9.00    1.137    0.358   1.179   0.176

10.58   0.00    0.174    0.172   0.032   0.037   0.011   0.006   0.082   0.006   0.000   0.000   0.000 659853200
10.58   6.01   53.970
10.58   9.00    0.644    0.535
10.58   9.00    1.179   54.395
10.58   9.00    1.137    0.361   1.179   0.179
10.58   9.00    1.137    0.358   1.179   0.176

10.59   0.00    0.174    0.172   0.032   0.037   0.011   0.006   0.082   0.006   0.000   0.000   0.000 660476900
10.59   6.00   53.960
10.59   9.00    0.644    0.535
10.59   9.00    1.179   54.387
10.59   9.00    1.136    0.361   1.179   0.179
10.59   9.00    1.137    0.358   1.179   0.176

10.60   0.00    0.174    0.172   0.032   0.037   0.011   0.006   0.082   0.006   0.000   0.000   0.000 661100600
10.60   6.00   53.949
10.60   9.00    0.644    0.535
10.60   9.00    1.178   54.379
10.60   9.00    1.136    0.361   1.178   0.179
10.60   9.00    1.136    0.358   1.178   0.176

10.61   0.00    0.174    0.172   0.032   0.037   0.011   0.006   0.082   0.006   0.000   0.000   0.000 661724200
10.61   6.00   53.939
10.61   9.00    0.643    0.535
10.61   9.00    1.178   54.371
10.61   9.00    1.136    0.361   1.178   0.179
10.61   9.00    1.136    0.358   1.178   0.176

10.62   0.00    0.174    0.172   0.032   0.037   0.011   0.006   0.082   0.006   0.000   0.000   0.000 662348000
10.62   6.00   53.929
10.62   9.00    0.643    0.535
10.62   9.00    1.178   54.363
10.62   9.00    1.135    0.361   1.178   0.179
10.62   9.00    1.136    0.358   1.178   0.176

10.63   0.00    0.174    0.172   0.032   0.037   0.011   0.006   0.082   0.006   0.000   0.000   0.000 662971600
10.63   5.99   53.919
10.63   9.00    0.643    0.535
10.63   9.00    1.177   54.355
10.63   9.00    1.135    0.361   1.177   0.179
10.63   9.00    1.135    0.358   1.177   0.176

10.64   0.00    0.174    0.172   0.032   0.037   0.011   0.006   0.082   0.006   0.000   0.000   0.000 663595300
10.64   5.99   53.909
10.64   9.00    0.642    0.535
10.64   9.00    1.177   54.347
10.64   9.00    1.135    0.361   1.177   0.179
10.64   9.00    1.135    0.358   1.177   0.176

10.65   0.00    0.174    0.172   0.032   0.037   0.011   0.006   0.082   0.006   0.000   0.000   0.000 664218900
10.65   5.99   53.899
10.65   9.00    0.642    0.535
10.65   9.00    1.177   54.340
10.65   9.00    1.134    0.360   1.177   0.179
10.65   9.00    1.135    0.358   1.177   0.176

10.66   0.00    0.174    0.172   0.032   0.037   0.011   0.006   0.082   0.006   0.000   0.000   0.000 664842700
10.66   5.99   53.889
10.66   9.00    0.641    0.535
10.66   9.00    1.176   54.332
10.66   9.00    1.134    0.360   1.176   0.179
10.66   9.00    1.134    0.358   1.176   0.176

10.67   0.00    0.174    0.172   0.032   0.037   0.011   0.006   0.082   0.006   0.000   0.000   0.000 665466400
10.67   5.99   53.879
10.67   9.00    0.641    0.535
10.67   9.00    1.176   54.324
10.67   9.00    1.133    0.360   1.176   0.179
10.67   9.00    1.134    0.358   1.176   0.176

10.68   0.00    0.174    0.172   0.032   0.037   0.011   0.006   0.082   0.006   0.000   0.000   0.000 666090000
10.68   5.98   53.869
10.68   9.00    0.641    0.535
10.68   9.00    1.176   54.316
10.68   9.00    1.133    0.360   1.176   0.179
10.68   9.00    1.134    0.358   1.176   0.176

10.69   0.00    0.174    0.172   0.032   0.037   0.011   0.006   0.082   0.006   0.000   0.000   0.000 666713700
10.69   5.98   53.859
10.69   9.00    0.640    0.535
10.69   9.00    1.175   54.308
10.69   9.00    1.133    0.360   1.175   0.179
10.69   9.00    1.133    0.358   1.175   0.176

10.70   0.00    0.174    0.172   0.032   0.037   0.011   0.006   0.082   0.006   0.000   0.000   0.000 667337300
10.70   5.98   53.849
10.70   9.00    0.640    0.535
10.70   9.00    1.175   54.300
10.70   9.00    1.132    0.360   1.175   0.179
10.70   9.00    1.133    0.358   1.175   0.176

10.71   0.00    0.174    0.172   0.032   0.037   0.011   0.006   0.082   0.006   0.000   0.000   0.000 667961100
10.71   5.98   53.839
10.71   9.00    0.640    0.535
10.71   9.00    1.174   54.292
10.71   9.00    1.132    0.360   1.174   0.178
10.71   9.00    1.132    0.357   1.174   0.176

10.72   0.00    0.174    0.172   0.032   0.037   0.011   0.006   0.082   0.006   0.000   0.000   0.000 668584800
10.72   5.97   53.829
10.72   9.00    0.639    0.535
10.72   9.00    1.174   54.284
10.72   9.00    1.132    0.360   1.174   0.178
10.72   9.00    1.132    0.357   1.174   0.176

10.73   0.00    0.174    0.172   0.032   0.037   0.011   0.006   0.082   0.006   0.000   0.000   0.000 669208400
10.73   5.97   53.819
10.73   9.00    0.639    0.535
10.73   9.00    1.174   54.276
10.73   9.00    1.131    0.360   1.174   0.178
10.73   9.00    1.132    0.357   1.174   0.176

10.74   0.00    0.174    0.172   0.032   0.037   0.011   0.006   0.082   0.006   0.000   0.000   0.000 669832100
10.74   5.97   53.809
10.74   9.00    0.639    0.535
10.74   9.00    1.173   54.269
10.74   9.00    1.131    0.360   1.173   0.178
10.74   9.00    1.131    0.357   1.173   0.176

10.75   0.00    0.174    0.172   0.032   0.037   0.011   0.006   0.082   0.006   0.000   0.000   0.000 670455800
10.75   5.97   53.799
10.75   9.00    0.638    0.535
10.75   9.00    1.173   54.261
10.75   9.00    1.131    0.360   1.173   0.178
10.75   9.00    1.131    0.357   1.173   0.176

10.76   0.00    0.174    0.172   0.032   0.037   0.011   0.006   0.082   0.006   0.000   0.000   0.000 671079500
10.76   5.97   53.789
10.76   9.00    0.638    0.535
10.76   9.00    1.173   54.253
10.76   9.00    1.130    0.360   1.173   0.178
10.76   9.00    1.131    0.357   1.173   0.176

10.77   0.00    0.174    0.171   0.032   0.037   0.011   0.006   0.082   0.006   0.000   0.000   0.000 671703200
10.77   5.96   53.779
10.77   9.00    0.638    0.535
10.77   9.00    1.172   54.245
10.77   9.00    1.130    0.360   1.172   0.178
10.77   9.00    1.130    0.357   1.172   0.176

10.78   0.00    0.174    0.171   0.032   0.037   0.011   0.006   0.082   0.006   0.000   0.000   0.000 672326800
10.78   5.96   53.769
10.78   9.00    0.637    0.535
10.78   9.00    1.172   54.237
10.78   9.00    1.130    0.359   1.172   0.178
10.78   9.00    1.130    0.357   1.172   0.176

10.79   0.00    0.174    0.171   0.032   0.037   0.011   0.006   0.082   0.006   0.000   0.000   0.000 672950500
10.79   5.96   53.759
10.79   9.00    0.637    0.535
10.79   9.00    1.172   54.230
10.79   9.00    1.129    0.359   1.172   0.178
10.79   9.00    1.130    0.357   1.172   0.176

10.80   0.00    0.174    0.171   0.032   0.037   0.011   0.006   0.082   0.006   0.000   0.000   0.000 673574200
10.80   5.96   53.749
10.80   9.00    0.637    0.535
10.80   9.00    1.171   54.222
10.80   9.00    1.129    0.359   1.171   0.178
10.80   9.00    1.129    0.357   1.171   0.176

10.81   0.00    0.174    0.171   0.032   0.037   0.011   0.006   0.082   0.006   0.000   0.000   0.000 674197900
10.81   5.95   53.739
10.81   9.00    0.636    0.535
10.81   9.00    1.171   54.214
10.81   9.00    1.129    0.359   1.171   0.178
10.81   9.00    1.129    0.357   1.171   0.176

10.82   0.00    0.174    0.171   0.032   0.037   0.011   0.006   0.082   0.006   0.000   0.000   0.000 674821500
10.82   5.95   53.729
10.82   9.00    0.636    0.535
10.82   9.00    1.171   54.206
10.82   9.00    1.128    0.359   1.171   0.178
10.82   9.00    1.129    0.357   1.171   0.176

10.83   0.00    0.174    0.171   0.032   0.037   0.011   0.006   0.082   0.006   0.000   0.000   0.000 675445200
10.83   5.95   53.719
10.83   9.00    0.636    0.535
10.83   9.00    1.170   54.199
10.83   9.00    1.128    0.359   1.170   0.178
10.83   9.00    1.128    0.357   1.170   0.176

10.84   0.00    0.174    0.171   0.032   0.037   0.011   0.006   0.082   0.006   0.000   0.000   0.000 676068900
10.84   5.95   53.710
10.84   9.00    0.635    0.535
10.84   9.00    1.170   54.191
10.84   9.00    1.128    0.359   1.170   0.178
10.84   9.00    1.128    0.357   1.170   0.176

10.85   0.00    0.174    0.171   0.032   0.037   0.011   0.006   0.082   0.006   0.000   0.000   0.000 676692600
10.85   5.95   53.700
10.85   9.00    0.635    0.535
10.85   9.00    1.170   54.183
10.85   9.00    1.127    0.359   1.170   0.178
10.85   9.00    1.128    0.356   1.170   0.176

10.86   0.00    0.174    0.171   0.032   0.037   0.010   0.006   0.082   0.006   0.000   0.000   0.000 677316200
10.86   5.94   53.690
10.86   9.00    0.634    0.535
10.86   9.00    1.169   54.175
10.86   9.00    1.127    0.359   1.169   0.178
10.86   9.00    1.127    0.356   1.169   0.176

10.87   0.00    0.174    0.171   0.032   0.037   0.010   0.006   0.082   0.006   0.000   0.000   0.000 677939900
10.87   5.94   53.680
10.87   9.00    0.634    0.535
10.87   9.00    1.169   54.168
10.87   9.00    1.127    0.359   1.169   0.178
10.87   9.00    1.127    0.356   1.169   0.176

10.88   0.00    0.174    0.171   0.032   0.037   0.010   0.006   0.082   0.006   0.000   0.000   0.000 678563600
10.88   5.94   53.670
10.88   9.00    0.634    0.535
10.88   9.00    1.169   54.160
10.88   9.00    1.126    0.359   1.169   0.178
10.88   9.00    1.127    0.356   1.169   0.176

10.89   0.00    0.174    0.171   0.032   0.037   0.010   0.006   0.082   0.006   0.000   0.000   0.000 679187300
10.89   5.94   53.661
10.89   9.00    0.633    0.535
10.89   9.00    1.168   54.152
10.89   9.00    1.126    0.359   1.168   0.178
10.89   9.00    1.126    0.356   1.168   0.176

10.90   0.00    0.174    0.171   0.032   0.037   0.010   0.006   0.082   0.006   0.000   0.000   0.000 679810900
10.90   5.93   53.651
10.90   9.00    0.633    0.535
10.90   9.00    1.168   54.145
10.90   9.00    1.126    0.359   1.168   0.178
10.90   9.00    1.126    0.356   1.168   0.176

10.91   0.00    0.174    0.171   0.032   0.037   0.010   0.006   0.082   0.006   0.000   0.000   0.000 680434600
10.91   5.93   53.641
10.91   9.00    0.633    0.535
10.91   9.00    1.168   54.137
10.91   9.00    1.125    0.359   1.168   0.178
10.91   9.00    1.126    0.356   1.168   0.176

10.92   0.00    0.174    0.171   0.032   0.037   0.010   0.006   0.082   0.006   0.000   0.000   0.000 681058400
10.92   5.93   53.631
10.92   9.00    0.632    0.535
10.92   9.00    1.167   54.129
10.92   9.00    1.125    0.358   1.167   0.178
10.92   9.00    1.125    0.356   1.167   0.176

10.93   0.00    0.174    0.171   0.032   0.037   0.010   0.006   0.082   0.006   0.000   0.000   0.000 681682000
10.93   5.93   53.621
10.93   9.00    0.632    0.535
10.93   9.00    1.167   54.122
10.93   9.00    1.125    0.358   1.167   0.178
10.93   9.00    1.125    0.356   1.167   0.176

10.94   0.00    0.174    0.171   0.032   0.037   0.010   0.006   0.082   0.006   0.000   0.000   0.000 682305700
10.94   5.93   53.612
10.94   9.00    0.632    0.535
10.94   9.00    1.167   54.114
10.94   9.00    1.124    0.358   1.167   0.178
10.94   9.00    1.125    0.356   1.167   0.176

10.95   0.00    0.174    0.171   0.032   0.037   0.010   0.006   0.082   0.006   0.000   0.000   0.000 682929300
10.95   5.92   53.602
10.95   9.00    0.631    0.535
10.95   9.00    1.166   54.107
10.95   9.00    1.124    0.358   1.166   0.178
10.95   9.00    1.124    0.356   1.166   0.175

10.96   0.00    0.174    0.171   0.032   0.037   0.010   0.006   0.082   0.006   0.000   0.000   0.000 683553100
10.96   5.92   53.592
10.96   9.00    0.631    0.535
10.96   9.00    1.166   54.099
10.96   9.00    1.124    0.358   1.166   0.178
10.96   9.00    1.124    0.356   1.166   0.175

10.97   0.00    0.174    0.171   0.032   0.037   0.010   0.006   0.082   0.006   0.000   0.000   0.000 684176800
10.97   5.92   53.583
10.97   9.00    0.631    0.535
10.97   9.00    1.166   54.091
10.97   9.00    1.123    0.358   1.166   0.178
10.97   9.00    1.124    0.356   1.166   0.175

10.98   0.00    0.174    0.171   0.032   0.037   0.010   0.006   0.082   0.006   0.000   0.000   0.000 684800400
10.98   5.92   53.573
10.98   9.00    0.630    0.535
10.98   9.00    1.165   54.084
10.98   9.00    1.123    0.358   1.165   0.178
10.98   9.00    1.123    0.356   1.165   0.175

10.99   0.00    0.174    0.171   0.032   0.037   0.010   0.006   0.082   0.006   0.000   0.000   0.000 685424100
10.99   5.92   53.563
10.99   9.00    0.630    0.535
10.99   9.00    1.165   54.076
10.99   9.00    1.123    0.358   1.165   0.178
10.99   9.00    1.123    0.355   1.165   0.175

11.00   0.00    0.174    0.171   0.032   0.037   0.010   0.006   0.082   0.006   0.000   0.000   0.000 686047800
11.00   5.91   53.554
11.00   9.00    0.630    0.535
11.00   9.00    1.164   54.069
11.00   9.00    1.122    0.358   1.164   0.178
11.00   9.00    1.123    0.355   1.164   0.175

11.01   0.00    0.174    0.171   0.032   0.037   0.010   0.006   0.082   0.006   0.000   0.000   0.000 686671500
11.01   5.91   53.544
11.01   9.00    0.629    0.535
11.01   9.00    1.164   54.061
11.01   9.00    1.122    0.358   1.164   0.178
11.01   9.00    1.122    0.355   1.164   0.175

11.02   0.00    0.174    0.171   0.032   0.037   0.010   0.006   0.082   0.006   0.000   0.000   0.000 687295200
11.02   5.91   53.534
11.02   9.00    0.629    0.535
11.02   9.00    1.164   54.054
11.02   9.00    1.122    0.358   1.164   0.178
11.02   9.00    1.122    0.355   1.164   0.175

11.03   0.00    0.173    0.171   0.032   0.037   0.010   0.006   0.082   0.006   0.000   0.000   0.000 687918800
11.03   5.91   53.525
11.03   9.00    0.629    0.535
11.03   9.00    1.163   54.046
11.03   9.00    1.121    0.358   1.163   0.178
11.03   9.00    1.122    0.355   1.163   0.175

11.04   0.00    0.173    0.171   0.032   0.037   0.010   0.006   0.082   0.006   0.000   0.000   0.000 688542500
11.04   5.90   53.515
11.04   9.00    0.628    0.535
11.04   9.00    1.163   54.039
11.04   9.00    1.121    0.358   1.163   0.178
11.04   9.00    1.121    0.355   1.163   0.175

11.05   0.00    0.173    0.171   0.032   0.037   0.010   0.006   0.082   0.006   0.000   0.000   0.000 689166200
11.05   5.90   53.506
11.05   9.00    0.628    0.535
11.05   9.00    1.163   54.031
11.05   9.00    1.121    0.358   1.163   0.178
11.05   9.00    1.121    0.355   1.163   0.175

11.06   0.00    0.173    0.171   0.032   0.037   0.010   0.006   0.082   0.006   0.000   0.000   0.000 689789900
11.06   5.90   53.496
11.06   9.00    0.628    0.535
11.06   9.00    1.162   54.024
11.06   9.00    1.120    0.357   1.162   0.178
11.06   9.00    1.121    0.355   1.162   0.175

11.07   0.00    0.173    0.171   0.032   0.037   0.010   0.006   0.082   0.006   0.000   0.000   0.000 690413500
11.07   5.90   53.486
11.07   9.00    0.627    0.535
11.07   9.00    1.162   54.016
11.07   9.00    1.120    0.357   1.162   0.178
11.07   9.00    1.120    0.355   1.162   0.175

11.08   0.00    0.173    0.171   0.032   0.037   0.010   0.006   0.082   0.006   0.000   0.000   0.000 691037200
11.08   5.90   53.477
11.08   9.00    0.627    0.535
11.08   9.00    1.162   54.009
11.08   9.00    1.120    0.357   1.162   0.178
11.08   9.00    1.120    0.355   1.162   0.175

11.09   0.00    0.173    0.171   0.032   0.037   0.010   0.006   0.082   0.006   0.000   0.000   0.000 691660900
11.09   5.89   53.467
11.09   9.00    0.627    0.535
11.09   9.00    1.162   54.001
11.09   9.00    1.119    0.357   1.162   0.178
11.09   9.00    1.120    0.355   1.162   0.175

11.10   0.00    0.173    0.171   0.032   0.037   0.010   0.006   0.082   0.006   0.000   0.000   0.000 692284600
11.10   5.89   53.458
11.10   9.00    0.626    0.535
11.10   9.00    1.161   53.994
11.10   9.00    1.119    0.357   1.161   0.178
11.10   9.00    1.119    0.355   1.161   0.175

11.11   0.00    0.173    0.171   0.032   0.037   0.010   0.006   0.082   0.006   0.000   0.000   0.000 692908200
11.11   5.89   53.448
11.11   9.00    0.626    0.535
11.11   9.00    1.161   53.986
11.11   9.00    1.119    0.357   1.161   0.178
11.11   9.00    1.119    0.355   1.161   0.175

11.12   0.00    0.173    0.171   0.032   0.037   0.010   0.006   0.082   0.006   0.000   0.000   0.000 693531900
11.12   5.89   53.439
11.12   9.00    0.626    0.535
11.12   9.00    1.161   53.979
11.12   9.00    1.118    0.357   1.161   0.178
11.12   9.00    1.119    0.355   1.161   0.175

11.13   0.00    0.173    0.171   0.032   0.037   0.010   0.006   0.082   0.006   0.000   0.000   0.000 694155600
11.13   5.89   53.429
11.13   9.00    0.625    0.535
11.13   9.00    1.160   53.972
11.13   9.00    1.118    0.357   1.160   0.178
11.13   9.00    1.118    0.355   1.160   0.175

11.14   0.00    0.173    0.171   0.032   0.037   0.010   0.006   0.082   0.006   0.000   0.000   0.000 694779300
11.14   5.88   53.420
11.14   9.00    0.625    0.535
11.14   9.00    1.160   53.964
11.14   9.00    1.118    0.357   1.160   0.178
11.14   9.00    1.118    0.354   1.160   0.175

11.15   0.00    0.173    0.171   0.032   0.037   0.010   0.006   0.082   0.006   0.000   0.000   0.000 695402900
11.15   5.88   53.410
11.15   9.00    0.625    0.535
11.15   9.00    1.160   53.957
11.15   9.00    1.117    0.357   1.160   0.178
11.15   9.00    1.118    0.354   1.160   0.175

11.16   0.00    0.173    0.171   0.032   0.037   0.010   0.006   0.082   0.006   0.000   0.000   0.000 696026600
11.16   5.88   53.401
11.16   9.00    0.624    0.535
11.16   9.00    1.159   53.949
11.16   9.00    1.117    0.357   1.159   0.178
11.16   9.00    1.118    0.354   1.159   0.175

11.17   0.00    0.173    0.171   0.032   0.037   0.010   0.006   0.082   0.006   0.000   0.000   0.000 696650400
11.17   5.88   53.391
11.17   9.00    0.624    0.535
11.17   9.00    1.159   53.942
11.17   9.00    1.117    0.357   1.159   0.178
11.17   9.00    1.117    0.354   1.159   0.175

11.18   0.00    0.173    0.171   0.032   0.037   0.010   0.006   0.082   0.006   0.000   0.000   0.000 697274000
11.18   5.88   53.382
11.18   9.00    0.624    0.535
11.18   9.00    1.159   53.935
11.18   9.00    1.117    0.357   1.159   0.178
11.18   9.00    1.117    0.354   1.159   0.175

11.19   0.00    0.173    0.171   0.032   0.037   0.010   0.006   0.082   0.006   0.000   0.000   0.000 697897700
11.19   5.87   53.372
11.19   9.00    0.623    0.535
11.19   9.00    1.158   53.927
11.19   9.00    1.116    0.357   1.158   0.178
11.19   9.00    1.117    0.354   1.158   0.175

11.20   0.00    0.173    0.171   0.032   0.037   0.010   0.006   0.082   0.006   0.000   0.000   0.000 698521300
11.20   5.87   53.363
11.20   9.00    0.623    0.535
11.20   9.00    1.158   53.920
11.20   9.00    1.116    0.356   1.158   0.178
11.20   9.00    1.116    0.354   1.158   0.175

11.21   0.00    0.173    0.171   0.032   0.037   0.010   0.006   0.082   0.006   0.000   0.000   0.000 699145100
11.21   5.87   53.354
11.21   9.00    0.623    0.535
11.21   9.00    1.158   53.913
11.21   9.00    1.116    0.356   1.158   0.177
11.21   9.00    1.116    0.354   1.158   0.175

11.22   0.00    0.173    0.171   0.032   0.037   0.010   0.006   0.082   0.006   0.000   0.000   0.000 699768800
11.22   5.87   53.344
11.22   9.00    0.622    0.535
11.22   9.00    1.157   53.905
11.22   9.00    1.115    0.356   1.157   0.177
11.22   9.00    1.116    0.354   1.157   0.175

11.23   0.00    0.173    0.171   0.032   0.037   0.010   0.006   0.082   0.006   0.000   0.000   0.000 700392400
11.23   5.86   53.335
11.23   9.00    0.622    0.535
11.23   9.00    1.157   53.898
11.23   9.00    1.115    0.356   1.157   0.177
11.23   9.00    1.115    0.354   1.157   0.175

11.24   0.00    0.173    0.171   0.032   0.037   0.010   0.006   0.082   0.006   0.000   0.000   0.000 701016100
11.24   5.86   53.325
11.24   9.00    0.622    0.535
11.24   9.00    1.157   53.891
11.24   9.00    1.115    0.356   1.157   0.177
11.24   9.00    1.115    0.354   1.157   0.175

11.25   0.00    0.173    0.171   0.032   0.037   0.010   0.006   0.082   0.006   0.000   0.000   0.000 701639700
11.25   5.86   53.316
11.25   9.00    0.622    0.535
11.25   9.00    1.156   53.883
11.25   9.00    1.114    0.356   1.156   0.177
11.25   9.00    1.115    0.354   1.156   0.175

11.26   0.00    0.173    0.171   0.032   0.037   0.010   0.006   0.082   0.006   0.000   0.000   0.000 702263500
11.26   5.86   53.307
11.26   9.00    0.621    0.535
11.26   9.00    1.156   53.876
11.26   9.00    1.114    0.356   1.156   0.177
11.26   9.00    1.114    0.354   1.156   0.175

11.27   0.00    0.173    0.171   0.032   0.037   0.010   0.006   0.082   0.006   0.000   0.000   0.000 702887200
11.27   5.86   53.297
11.27   9.00    0.621    0.535
11.27   9.00    1.156   53.869
11.27   9.00    1.114    0.356   1.156   0.177
11.27   9.00    1.114    0.354   1.156   0.175

11.28   0.00    0.173    0.171   0.032   0.037   0.010   0.006   0.082   0.006   0.000   0.000   0.000 703510800
11.28   5.85   53.288
11.28   9.00    0.621    0.535
11.28   9.00    1.155   53.861
11.28   9.00    1.113    0.356   1.155   0.177
11.28   9.00    1.114    0.354   1.155   0.175

11.29   0.00    0.173    0.171   0.032   0.037   0.010   0.006   0.082   0.006   0.000   0.000   0.000 704134500
11.29   5.85   53.279
11.29   9.00    0.620    0.535
11.29   9.00    1.155   53.854
11.29   9.00    1.113    0.356   1.155   0.177
11.29   9.00    1.113    0.354   1.155   0.175

11.30   0.00    0.173    0.171   0.032   0.037   0.010   0.006   0.082   0.006   0.000   0.000   0.000 704758200
11.30   5.85   53.269
11.30   9.00    0.620    0.535
11.30   9.00    1.155   53.847
11.30   9.00    1.113    0.356   1.155   0.177
11.30   9.00    1.113    0.353   1.155   0.175

11.31   0.00    0.173    0.171   0.032   0.037   0.010   0.006   0.082   0.006   0.000   0.000   0.000 705381900
11.31   5.85   53.260
11.31   9.00    0.620    0.535
11.31   9.00    1.154   53.840
11.31   9.00    1.112    0.356   1.154   0.177
11.31   9.00    1.113    0.353   1.154   0.175

11.32   0.00    0.173    0.171   0.032   0.037   0.010   0.006   0.082   0.006   0.000   0.000   0.000 706005500
11.32   5.85   53.251
11.32   9.00    0.619    0.535
11.32   9.00    1.154   53.832
11.32   9.00    1.112    0.356   1.154   0.177
11.32   9.00    1.112    0.353   1.154   0.175

11.33   0.00    0.173    0.171   0.032   0.037   0.010   0.006   0.082   0.006   0.000   0.000   0.000 706629200
11.33   5.84   53.241
11.33   9.00    0.619    0.535
11.33   9.00    1.154   53.825
11.33   9.00    1.112    0.356   1.154   0.177
11.33   9.00    1.112    0.353   1.154   0.175

11.34   0.00    0.173    0.171   0.032   0.037   0.010   0.006   0.082   0.006   0.000   0.000   0.000 707252900
11.34   5.84   53.232
11.34   9.00    0.619    0.535
11.34   9.00    1.153   53.818
11.34   9.00    1.111    0.356   1.153   0.177
11.34   9.00    1.112    0.353   1.153   0.175

11.35   0.00    0.173    0.171   0.032   0.037   0.010   0.006   0.082   0.006   0.000   0.000   0.000 707876600
11.35   5.84   53.223
11.35   9.00    0.618    0.535
11.35   9.00    1.153   53.811
11.35   9.00    1.111    0.355   1.153   0.177
11.35   9.00    1.112    0.353   1.153   0.175

11.36   0.00    0.173    0.171   0.032   0.037   0.010   0.006   0.082   0.006   0.000   0.000   0.000 708500200
11.36   5.84   53.214
11.36   9.00    0.618    0.535
11.36   9.00    1.153   53.804
11.36   9.00    1.111    0.355   1.153   0.177
11.36   9.00    1.111    0.353   1.153   0.175

11.37   0.00    0.173    0.171   0.032   0.037   0.010   0.006   0.082   0.006   0.000   0.000   0.000 709123900
11.37   5.84   53.204
11.37   9.00    0.618    0.535
11.37   9.00    1.152   53.796
11.37   9.00    1.111    0.355   1.152   0.177
11.37   9.00    1.111    0.353   1.152   0.175

11.38   0.00    0.173    0.171   0.032   0.037   0.010   0.006   0.082   0.006   0.000   0.000   0.000 709747600
11.38   5.83   53.195
11.38   9.00    0.617    0.535
11.38   9.00    1.152   53.789
11.38   9.00    1.110    0.355   1.152   0.177
11.38   9.00    1.111    0.353   1.152   0.175

11.39   0.00    0.173    0.171   0.032   0.037   0.010   0.006   0.082   0.006   0.000   0.000   0.000 710371300
11.39   5.83   53.186
11.39   9.00    0.617    0.535
11.39   9.00    1.152   53.782
11.39   9.00    1.110    0.355   1.152   0.177
11.39   9.00    1.110    0.353   1.152   0.175

11.40   0.00    0.173    0.171   0.032   0.037   0.010   0.006   0.082   0.006   0.000   0.000   0.000 710994900
11.40   5.83   53.177
11.40   9.00    0.617    0.535
11.40   9.00    1.152   53.775
11.40   9.00    1.110    0.355   1.152   0.177
11.40   9.00    1.110    0.353   1.152   0.175

11.41   0.00    0.173    0.171   0.032   0.037   0.010   0.006   0.082   0.006   0.000   0.000   0.000 711618600
11.41   5.83   53.168
11.41   9.00    0.616    0.535
11.41   9.00    1.151   53.768
11.41   9.00    1.109    0.355   1.151   0.177
11.41   9.00    1.110    0.353   1.151   0.175

11.42   0.00    0.173    0.171   0.032   0.037   0.010   0.006   0.082   0.006   0.000   0.000   0.000 712242300
11.42   5.83   53.159
11.42   9.00    0.616    0.535
11.42   9.00    1.151   53.761
11.42   9.00    1.109    0.355   1.151   0.177
11.42   9.00    1.109    0.353   1.151   0.175

11.43   0.00    0.173    0.171   0.032   0.037   0.010   0.006   0.082   0.006   0.000   0.000   0.000 712866000
11.43   5.82   53.149
11.43   9.00    0.616    0.535
11.43   9.00    1.151   53.754
11.43   9.00    1.109    0.355   1.151   0.177
11.43   9.00    1.109    0.353   1.151   0.175

11.44   0.00    0.173    0.171   0.032   0.037   0.010   0.006   0.082   0.006   0.000   0.000   0.000 713489700
11.44   5.82   53.140
11.44   9.00    0.616    0.535
11.44   9.00    1.150   53.746
11.44   9.00    1.108    0.355   1.150   0.177
11.44   9.00    1.109    0.353   1.150   0.175

11.45   0.00    0.173    0.170   0.032   0.037   0.009   0.006   0.082   0.006   0.000   0.000   0.000 714113300
11.45   5.82   53.131
11.45   9.00    0.615    0.535
11.45   9.00    1.150   53.739
11.45   9.00    1.108    0.355   1.150   0.177
11.45   9.00    1.108    0.353   1.150   0.175

11.46   0.00    0.173    0.170   0.032   0.037   0.009   0.006   0.082   0.006   0.000   0.000   0.000 714737000
11.46   5.82   53.122
11.46   9.00    0.615    0.535
11.46   9.00    1.150   53.732
11.46   9.00    1.108    0.355   1.150   0.177
11.46   9.00    1.108    0.352   1.150   0.175

11.47   0.00    0.173    0.170   0.032   0.037   0.009   0.006   0.082   0.006   0.000   0.000   0.000 715360800
11.47   5.81   53.110
11.47   9.00    0.615    0.535
11.47   9.00    1.149   53.725
11.47   9.00    1.107    0.355   1.149   0.177
11.47   9.00    1.108    0.352   1.149   0.175

11.48   0.00    0.173    0.170   0.032   0.037   0.009   0.006   0.082   0.006   0.000   0.000   0.000 715984400
11.48   5.81   53.100
11.48   9.00    0.614    0.535
11.48   9.00    1.149   53.718
11.48   9.00    1.107    0.355   1.149   0.177
11.48   9.00    1.108    0.352   1.149   0.175

11.49   0.00    0.173    0.170   0.032   0.037   0.009   0.006   0.082   0.006   0.000   0.000   0.000 716608100
11.49   5.80   53.091
11.49   9.00    0.614    0.535
11.49   9.00    1.149   53.711
11.49   9.00    1.107    0.355   1.149   0.177
11.49   9.00    1.107    0.352   1.149   0.175

11.50   0.00    0.173    0.170   0.032   0.037   0.009   0.006   0.082   0.006   0.000   0.000   0.000 717231700
11.50   5.80   53.081
11.50   9.00    0.614    0.535
11.50   9.00    1.148   53.704
11.50   9.00    1.107    0.354   1.148   0.177
11.50   9.00    1.107    0.352   1.148   0.175

11.51   0.00    0.173    0.170   0.032   0.037   0.009   0.006   0.082   0.006   0.000   0.000   0.000 717855500
11.51   5.80   53.072
11.51   9.00    0.613    0.535
11.51   9.00    1.148   53.697
11.51   9.00    1.106    0.354   1.148   0.177
11.51   9.00    1.107    0.352   1.148   0.175

11.52   0.00    0.173    0.170   0.032   0.037   0.009   0.006   0.082   0.006   0.000   0.000   0.000 718479200
11.52   5.80   53.062
11.52   9.00    0.613    0.535
11.52   9.00    1.148   53.690
11.52   9.00    1.106    0.354   1.148   0.177
11.52   9.00    1.106    0.352   1.148   0.175

11.53   0.00    0.173    0.170   0.032   0.037   0.009   0.006   0.082   0.006   0.000   0.000   0.000 719102800
11.53   5.79   53.053
11.53   9.00    0.613    0.535
11.53   9.00    1.147   53.683
11.53   9.00    1.106    0.354   1.147   0.177
11.53   9.00    1.106    0.352   1.147   0.175

11.54   0.00    0.173    0.170   0.032   0.037   0.009   0.006   0.082   0.006   0.000   0.000   0.000 719726500
11.54   5.79   53.043
11.54   9.00    0.612    0.535
11.54   9.00    1.147   53.676
11.54   9.00    1.105    0.354   1.147   0.177
11.54   9.00    1.106    0.352   1.147   0.175

11.55   0.00    0.173    0.170   0.032   0.037   0.009   0.006   0.082   0.006   0.000   0.000   0.000 720350200
11.55   5.79   53.034
11.55   9.00    0.612    0.535
11.55   9.00    1.147   53.669
11.55   9.00    1.105    0.354   1.147   0.177
11.55   9.00    1.105    0.352   1.147   0.175

11.56   0.00    0.173    0.170   0.032   0.036   0.009   0.006   0.082   0.006   0.000   0.000   0.000 720973900
11.56   5.79   53.024
11.56   9.00    0.612    0.535
11.56   9.00    1.147   53.662
11.56   9.00    1.105    0.354   1.147   0.177
11.56   9.00    1.105    0.352   1.147   0.175

11.57   0.00    0.173    0.170   0.032   0.036   0.009   0.006   0.082   0.006   0.000   0.000   0.000 721597500
11.57   5.78   53.015
11.57   9.00    0.612    0.535
11.57   9.00    1.146   53.655
11.57   9.00    1.104    0.354   1.146   0.177
11.57   9.00    1.105    0.352   1.146   0.175

11.58   0.00    0.173    0.170   0.032   0.036   0.009   0.006   0.082   0.006   0.000   0.000   0.000 722221200
11.58   5.78   53.005
11.58   9.00    0.611    0.535
11.58   9.00    1.146   53.648
11.58   9.00    1.104    0.354   1.146   0.177
11.58   9.00    1.105    0.352   1.146   0.175

11.59   0.00    0.172    0.170   0.032   0.036   0.009   0.006   0.082   0.006   0.000   0.000   0.000 722844900
11.59   5.78   52.996
11.59   9.00    0.611    0.535
11.59   9.00    1.146   53.641
11.59   9.00    1.104    0.354   1.146   0.177
11.59   9.00    1.104    0.352   1.146   0.175

11.60   0.00    0.172    0.170   0.032   0.036   0.009   0.006   0.082   0.006   0.000   0.000   0.000 723468600
11.60   5.77   52.987
11.60   9.00    0.611    0.535
11.60   9.00    1.145   53.634
11.60   9.00    1.104    0.354   1.145   0.177
11.60   9.00    1.104    0.352   1.145   0.175

11.61   0.00    0.172    0.170   0.032   0.036   0.009   0.006   0.082   0.006   0.000   0.000   0.000 724092200
11.61   5.77   52.977
11.61   9.00    0.610    0.535
11.61   9.00    1.145   53.627
11.61   9.00    1.103    0.354   1.145   0.177
11.61   9.00    1.104    0.352   1.145   0.175

11.62   0.00    0.172    0.170   0.032   0.036   0.009   0.006   0.082   0.006   0.000   0.000   0.000 724715900
11.62   5.77   52.968
11.62   9.00    0.610    0.535
11.62   9.00    1.145   53.620
11.62   9.00    1.103    0.354   1.145   0.177
11.62   9.00    1.103    0.351   1.145   0.175

11.63   0.00    0.172    0.170   0.032   0.036   0.009   0.006   0.082   0.006   0.000   0.000   0.000 725339600
11.63   5.77   52.958
11.63   9.00    0.610    0.535
11.63   9.00    1.144   53.613
11.63   9.00    1.103    0.354   1.144   0.177
11.63   9.00    1.103    0.351   1.144   0.175

11.64   0.00    0.172    0.170   0.032   0.036   0.009   0.006   0.082   0.006   0.000   0.000   0.000 725963300
11.64   5.76   52.949
11.64   9.00    0.609    0.535
11.64   9.00    1.144   53.606
11.64   9.00    1.102    0.354   1.144   0.177
11.64   9.00    1.103    0.351   1.144   0.175

11.65   0.00    0.172    0.170   0.032   0.036   0.009   0.006   0.082   0.006   0.000   0.000   0.000 726586900
11.65   5.76   52.940
11.65   9.00    0.609    0.535
11.65   9.00    1.144   53.599
11.65   9.00    1.102    0.353   1.144   0.177
11.65   9.00    1.102    0.351   1.144   0.174

11.66   0.00    0.172    0.170   0.032   0.036   0.009   0.006   0.082   0.006   0.000   0.000   0.000 727210600
11.66   5.76   52.930
11.66   9.00    0.609    0.535
11.66   9.00    1.144   53.592
11.66   9.00    1.102    0.353   1.144   0.177
11.66   9.00    1.102    0.351   1.144   0.174

11.67   0.00    0.172    0.170   0.032   0.036   0.009   0.006   0.082   0.006   0.000   0.000   0.000 727834300
11.67   5.76   52.921
11.67   9.00    0.608    0.535
11.67   9.00    1.143   53.585
11.67   9.00    1.102    0.353   1.143   0.177
11.67   9.00    1.102    0.351   1.143   0.174

11.68   0.00    0.172    0.170   0.032   0.036   0.009   0.006   0.082   0.006   0.000   0.000   0.000 728458000
11.68   5.75   52.911
11.68   9.00    0.608    0.535
11.68   9.00    1.143   53.578
11.68   9.00    1.101    0.353   1.143   0.177
11.68   9.00    1.102    0.351   1.143   0.174

11.69   0.00    0.172    0.170   0.032   0.036   0.009   0.006   0.082   0.006   0.000   0.000   0.000 729081700
11.69   5.75   52.902
11.69   9.00    0.608    0.535
11.69   9.00    1.143   53.572
11.69   9.00    1.101    0.353   1.143   0.177
11.69   9.00    1.101    0.351   1.143   0.174

11.70   0.00    0.172    0.170   0.032   0.036   0.009   0.006   0.082   0.006   0.000   0.000   0.000 729705300
11.70   5.75   52.893
11.70   9.00    0.608    0.535
11.70   9.00    1.142   53.565
11.70   9.00    1.101    0.353   1.142   0.177
11.70   9.00    1.101    0.351   1.142   0.174

11.71   0.00    0.172    0.170   0.032   0.036   0.009   0.006   0.082   0.006   0.000   0.000   0.000 730329000
11.71   5.75   52.883
11.71   9.00    0.607    0.535
11.71   9.00    1.142   53.558
11.71   9.00    1.100    0.353   1.142   0.177
11.71   9.00    1.101    0.351   1.142   0.174

11.72   0.00    0.172    0.170   0.032   0.036   0.009   0.006   0.082   0.006   0.000   0.000   0.000 730952800
11.72   5.74   52.874
11.72   9.00    0.607    0.535
11.72   9.00    1.142   53.551
11.72   9.00    1.100    0.353   1.142   0.177
11.72   9.00    1.100    0.351   1.142   0.174

11.73   0.00    0.172    0.170   0.032   0.036   0.009   0.006   0.082   0.006   0.000   0.000   0.000 731576400
11.73   5.74   52.865
11.73   9.00    0.607    0.535
11.73   9.00    1.141   53.544
11.73   9.00    1.100    0.353   1.141   0.177
11.73   9.00    1.100    0.351   1.141   0.174

11.74   0.00    0.172    0.170   0.032   0.036   0.009   0.006   0.082   0.006   0.000   0.000   0.000 732200100
11.74   5.74   52.855
11.74   9.00    0.606    0.535
11.74   9.00    1.141   53.537
11.74   9.00    1.099    0.353   1.141   0.177
11.74   9.00    1.100    0.351   1.141   0.174

11.75   0.00    0.172    0.170   0.032   0.036   0.009   0.006   0.082   0.006   0.000   0.000   0.000 732823700
11.75   5.73   52.846
11.75   9.00    0.606    0.535
11.75   9.00    1.141   53.530
11.75   9.00    1.099    0.353   1.141   0.177
11.75   9.00    1.100    0.351   1.141   0.174

11.76   0.00    0.172    0.170   0.032   0.036   0.009   0.006   0.082   0.006   0.000   0.000   0.000 733447500
11.76   5.73   52.837
11.76   9.00    0.606    0.535
11.76   9.00    1.141   53.524
11.76   9.00    1.099    0.353   1.141   0.177
11.76   9.00    1.099    0.351   1.141   0.174

11.77   0.00    0.172    0.170   0.032   0.036   0.009   0.006   0.082   0.006   0.000   0.000   0.000 734071200
11.77   5.73   52.828
11.77   9.00    0.606    0.535
11.77   9.00    1.140   53.517
11.77   9.00    1.099    0.353   1.140   0.177
11.77   9.00    1.099    0.351   1.140   0.174

11.78   0.00    0.172    0.170   0.032   0.036   0.009   0.006   0.082   0.006   0.000   0.000   0.000 734694800
11.78   5.73   52.818
11.78   9.00    0.605    0.535
11.78   9.00    1.140   53.510
11.78   9.00    1.098    0.353   1.140   0.177
11.78   9.00    1.099    0.351   1.140   0.174

11.79   0.00    0.172    0.170   0.032   0.036   0.009   0.006   0.082   0.006   0.000   0.000   0.000 735318500
11.79   5.72   52.809
11.79   9.00    0.605    0.535
11.79   9.00    1.140   53.503
11.79   9.00    1.098    0.353   1.140   0.176
11.79   9.00    1.098    0.350   1.140   0.174

11.80   0.00    0.172    0.170   0.032   0.036   0.009   0.006   0.082   0.006   0.000   0.000   0.000 735942100
11.80   5.72   52.800
11.80   9.00    0.605    0.535
11.80   9.00    1.139   53.496
11.80   9.00    1.098    0.353   1.139   0.176
11.80   9.00    1.098    0.350   1.139   0.174

11.81   0.00    0.172    0.170   0.032   0.036   0.009   0.006   0.082   0.006   0.000   0.000   0.000 736565900
11.81   5.72   52.791
11.81   9.00    0.604    0.535
11.81   9.00    1.139   53.490
11.81   9.00    1.097    0.352   1.139   0.176
11.81   9.00    1.098    0.350   1.139   0.174

11.82   0.00    0.172    0.170   0.032   0.036   0.009   0.006   0.082   0.006   0.000   0.000   0.000 737189500
11.82   5.72   52.781
11.82   9.00    0.604    0.535
11.82   9.00    1.139   53.483
11.82   9.00    1.097    0.352   1.139   0.176
11.82   9.00    1.098    0.350   1.139   0.174

11.83   0.00    0.172    0.170   0.032   0.036   0.009   0.006   0.082   0.006   0.000   0.000   0.000 737813200
11.83   5.71   52.772
11.83   9.00    0.604    0.535
11.83   9.00    1.139   53.476
11.83   9.00    1.097    0.352   1.139   0.176
11.83   9.00    1.097    0.350   1.139   0.174

11.84   0.00    0.172    0.170   0.032   0.036   0.009   0.006   0.082   0.006   0.000   0.000   0.000 738436900
11.84   5.71   52.763
11.84   9.00    0.603    0.535
11.84   9.00    1.138   53.469
11.84   9.00    1.097    0.352   1.138   0.176
11.84   9.00    1.097    0.350   1.138   0.174

11.85   0.00    0.172    0.170   0.032   0.036   0.009   0.006   0.082   0.006   0.000   0.000   0.000 739060600
11.85   5.71   52.754
11.85   9.00    0.603    0.535
11.85   9.00    1.138   53.463
11.85   9.00    1.096    0.352   1.138   0.176
11.85   9.00    1.097    0.350   1.138   0.174

11.86   0.00    0.172    0.170   0.032   0.036   0.009   0.006   0.082   0.006   0.000   0.000   0.000 739684200
11.86   5.71   52.744
11.86   9.00    0.603    0.535
11.86   9.00    1.138   53.456
11.86   9.00    1.096    0.352   1.138   0.176
11.86   9.00    1.096    0.350   1.138   0.174

11.87   0.00    0.172    0.170   0.032   0.036   0.009   0.006   0.082   0.006   0.000   0.000   0.000 740307900
11.87   5.70   52.735
11.87   9.00    0.603    0.535
11.87   9.00    1.137   53.449
11.87   9.00    1.096    0.352   1.137   0.176
11.87   9.00    1.096    0.350   1.137   0.174

11.88   0.00    0.172    0.170   0.032   0.036   0.009   0.006   0.082   0.006   0.000   0.000   0.000 740931600
11.88   5.70   52.726
11.88   9.00    0.602    0.535
11.88   9.00    1.137   53.442
11.88   9.00    1.095    0.352   1.137   0.176
11.88   9.00    1.096    0.350   1.137   0.174

11.89   0.00    0.172    0.170   0.032   0.036   0.009   0.006   0.082   0.006   0.000   0.000   0.000 741555300
11.89   5.70   52.717
11.89   9.00    0.602    0.535
11.89   9.00    1.137   53.436
11.89   9.00    1.095    0.352   1.137   0.176
11.89   9.00    1.096    0.350   1.137   0.174

11.90   0.00    0.172    0.170   0.032   0.036   0.009   0.006   0.082   0.006   0.000   0.000   0.000 742178900
11.90   5.70   52.708
11.90   9.00    0.602    0.535
11.90   9.00    1.136   53.429
11.90   9.00    1.095    0.352   1.136   0.176
11.90   9.00    1.095    0.350   1.136   0.174

11.91   0.00    0.172    0.170   0.032   0.036   0.009   0.006   0.082   0.006   0.000   0.000   0.000 742802600
11.91   5.69   52.699
11.91   9.00    0.601    0.535
11.91   9.00    1.136   53.422
11.91   9.00    1.095    0.352   1.136   0.176
11.91   9.00    1.095    0.350   1.136   0.174

11.92   0.00    0.172    0.170   0.032   0.036   0.009   0.006   0.082   0.006   0.000   0.000   0.000 743426300
11.92   5.69   52.689
11.92   9.00    0.601    0.535
11.92   9.00    1.136   53.416
11.92   9.00    1.094    0.352   1.136   0.176
11.92   9.00    1.095    0.350   1.136   0.174

11.93   0.00    0.172    0.170   0.032   0.036   0.009   0.006   0.082   0.006   0.000   0.000   0.000 744050000
11.93   5.69   52.680
11.93   9.00    0.601    0.535
11.93   9.00    1.136   53.409
11.93   9.00    1.094    0.352   1.136   0.176
11.93   9.00    1.094    0.350   1.136   0.174

11.94   0.00    0.172    0.170   0.032   0.036   0.009   0.006   0.082   0.006   0.000   0.000   0.000 744673700
11.94   5.69   52.671
11.94   9.00    0.601    0.535
11.94   9.00    1.135   53.402
11.94   9.00    1.094    0.352   1.135   0.176
11.94   9.00    1.094    0.350   1.135   0.174

11.95   0.00    0.172    0.170   0.032   0.036   0.009   0.006   0.082   0.006   0.000   0.000   0.000 745297300
11.95   5.68   52.662
11.95   9.00    0.600    0.535
11.95   9.00    1.135   53.396
11.95   9.00    1.093    0.352   1.135   0.176
11.95   9.00    1.094    0.350   1.135   0.174

11.96   0.00    0.172    0.170   0.032   0.036   0.009   0.006   0.082   0.006   0.000   0.000   0.000 745921000
11.96   5.68   52.653
11.96   9.00    0.600    0.535
11.96   9.00    1.135   53.389
11.96   9.00    1.093    0.352   1.135   0.176
11.96   9.00    1.094    0.349   1.135   0.174

11.97   0.00    0.172    0.170   0.032   0.036   0.009   0.006   0.082   0.006   0.000   0.000   0.000 746544800
11.97   5.68   52.644
11.97   9.00    0.600    0.535
11.97   9.00    1.134   53.382
11.97   9.00    1.093    0.352   1.134   0.176
11.97   9.00    1.093    0.349   1.134   0.174

11.98   0.00    0.172    0.170   0.032   0.036   0.009   0.006   0.082   0.006   0.000   0.000   0.000 747168400
11.98   5.68   52.635
11.98   9.00    0.599    0.535
11.98   9.00    1.134   53.376
11.98   9.00    1.093    0.351   1.134   0.176
11.98   9.00    1.093    0.349   1.134   0.174

11.99   0.00    0.172    0.170   0.032   0.036   0.009   0.006   0.082   0.006   0.000   0.000   0.000 747792100
11.99   5.67   52.626
11.99   9.00    0.599    0.535
11.99   9.00    1.134   53.369
11.99   9.00    1.092    0.351   1.134   0.176
11.99   9.00    1.093    0.349   1.134   0.174

12.00   0.00    0.172    0.170   0.032   0.036   0.009   0.006   0.082   0.006   0.000   0.000   0.000 748415700
12.00   5.67   52.616
12.00   9.00    0.599    0.535
12.00   9.00    1.134   53.363
12.00   9.00    1.092    0.351   1.134   0.176
12.00   9.00    1.092    0.349   1.134   0.174

12.01   0.00    0.172    0.170   0.032   0.036   0.009   0.006   0.082   0.006   0.000   0.000   0.000 749039400
12.01   5.67   52.607
12.01   9.00    0.599    0.535
12.01   9.00    1.133   53.356
12.01   9.00    1.092    0.351   1.133   0.176
12.01   9.00    1.092    0.349   1.133   0.174

12.02   0.00    0.172    0.170   0.032   0.036   0.009   0.006   0.082   0.006   0.000   0.000   0.000 749663200
12.02   5.67   52.598
12.02   9.00    0.598    0.535
12.02   9.00    1.133   53.349
12.02   9.00    1.092    0.351   1.133   0.176
12.02   9.00    1.092    0.349   1.133   0.174

12.03   0.00    0.172    0.170   0.032   0.036   0.009   0.006   0.082   0.006   0.000   0.000   0.000 750286800
12.03   5.66   52.589
12.03   9.00    0.598    0.535
12.03   9.00    1.133   53.343
12.03   9.00    1.091    0.351   1.133   0.176
12.03   9.00    1.092    0.349   1.133   0.174

12.04   0.00    0.172    0.170   0.032   0.036   0.009   0.006   0.082   0.006   0.000   0.000   0.000 750910500
12.04   5.66   52.580
12.04   9.00    0.598    0.535
12.04   9.00    1.132   53.336
12.04   9.00    1.091    0.351   1.132   0.176
12.04   9.00    1.091    0.349   1.132   0.174

12.05   0.00    0.172    0.170   0.032   0.036   0.009   0.006   0.082   0.006   0.000   0.000   0.000 751534100
12.05   5.66   52.571
12.05   9.00    0.597    0.535
12.05   9.00    1.132   53.330
12.05   9.00    1.091    0.351   1.132   0.176
12.05   9.00    1.091    0.349   1.132   0.174

12.06   0.00    0.172    0.170   0.032   0.036   0.009   0.006   0.082   0.006   0.000   0.000   0.000 752157900
12.06   5.66   52.562
12.06   9.00    0.597    0.535
12.06   9.00    1.132   53.323
12.06   9.00    1.090    0.351   1.132   0.176
12.06   9.00    1.091    0.349   1.132   0.174

12.07   0.00    0.172    0.170   0.032   0.036   0.009   0.006   0.082   0.006   0.000   0.000   0.000 752781500
12.07   5.65   52.553
12.07   9.00    0.597    0.535
12.07   9.00    1.132   53.317
12.07   9.00    1.090    0.351   1.132   0.176
12.07   9.00    1.090    0.349   1.132   0.174

12.08   0.00    0.172    0.170   0.032   0.036   0.009   0.006   0.082   0.006   0.000   0.000   0.000 753405200
12.08   5.65   52.544
12.08   9.00    0.597    0.535
12.08   9.00    1.131   53.310
12.08   9.00    1.090    0.351   1.131   0.176
12.08   9.00    1.090    0.349   1.131   0.174

12.09   0.00    0.172    0.170   0.032   0.036   0.009   0.006   0.082   0.006   0.000   0.000   0.000 754028900
12.09   5.65   52.535
12.09   9.00    0.596    0.535
12.09   9.00    1.131   53.303
12.09   9.00    1.090    0.351   1.131   0.176
12.09   9.00    1.090    0.349   1.131   0.174

12.10   0.00    0.172    0.170   0.032   0.036   0.009   0.006   0.082   0.006   0.000   0.000   0.000 754652600
12.10   5.65   52.526
12.10   9.00    0.596    0.535
12.10   9.00    1.131   53.297
12.10   9.00    1.089    0.351   1.131   0.176
12.10   9.00    1.090    0.349   1.131   0.174

12.11   0.00    0.172    0.170   0.032   0.036   0.009   0.006   0.082   0.006   0.000   0.000   0.000 755276200
12.11   5.64   52.517
12.11   9.00    0.596    0.535
12.11   9.00    1.130   53.290
12.11   9.00    1.089    0.351   1.130   0.176
12.11   9.00    1.089    0.349   1.130   0.174

12.12   0.00    0.172    0.170   0.032   0.036   0.009   0.006   0.082   0.006   0.000   0.000   0.000 755899900
12.12   5.64   52.508
12.12   9.00    0.595    0.535
12.12   9.00    1.130   53.284
12.12   9.00    1.089    0.351   1.130   0.176
12.12   9.00    1.089    0.349   1.130   0.174

12.13   0.00    0.172    0.170   0.032   0.036   0.009   0.006   0.082   0.006   0.000   0.000   0.000 756523600
12.13   5.64   52.499
12.13   9.00    0.595    0.535
12.13   9.00    1.130   53.277
12.13   9.00    1.089    0.351   1.130   0.176
12.13   9.00    1.089    0.349   1.130   0.174

12.14   0.00    0.172    0.170   0.032   0.036   0.009   0.006   0.082   0.006   0.000   0.000   0.000 757147300
12.14   5.64   52.490
12.14   9.00    0.595    0.535
12.14   9.00    1.130   53.271
12.14   9.00    1.088    0.350   1.130   0.176
12.14   9.00    1.089    0.348   1.130   0.174

12.15   0.00    0.172    0.170   0.032   0.036   0.008   0.006   0.082   0.006   0.000   0.000   0.000 757770900
12.15   5.63   52.481
12.15   9.00    0.595    0.535
12.15   9.00    1.129   53.264
12.15   9.00    1.088    0.350   1.129   0.176
12.15   9.00    1.088    0.348   1.129   0.174

12.16   0.00    0.172    0.170   0.032   0.036   0.008   0.006   0.082   0.006   0.000   0.000   0.000 758394600
12.16   5.63   52.472
12.16   9.00    0.594    0.535
12.16   9.00    1.129   53.258
12.16   9.00    1.088    0.350   1.129   0.176
12.16   9.00    1.088    0.348   1.129   0.174

12.17   0.00    0.172    0.170   0.032   0.036   0.008   0.006   0.082   0.006   0.000   0.000   0.000 759018300
12.17   5.63   52.463
12.17   9.00    0.594    0.535
12.17   9.00    1.129   53.251
12.17   9.00    1.087    0.350   1.129   0.176
12.17   9.00    1.088    0.348   1.129   0.174

12.18   0.00    0.172    0.170   0.032   0.036   0.008   0.006   0.082   0.006   0.000   0.000   0.000 759642000
12.18   5.63   52.454
12.18   9.00    0.594    0.535
12.18   9.00    1.129   53.245
12.18   9.00    1.087    0.350   1.129   0.176
12.18   9.00    1.087    0.348   1.129   0.174

12.19   0.00    0.172    0.170   0.032   0.036   0.008   0.006   0.082   0.006   0.000   0.000   0.000 760265700
12.19   5.62   52.445
12.19   9.00    0.594    0.535
12.19   9.00    1.128   53.239
12.19   9.00    1.087    0.350   1.128   0.176
12.19   9.00    1.087    0.348   1.128   0.174

12.20   0.00    0.172    0.170   0.032   0.036   0.008   0.006   0.082   0.006   0.000   0.000   0.000 760889300
12.20   5.62   52.436
12.20   9.00    0.593    0.535
12.20   9.00    1.128   53.232
12.20   9.00    1.087    0.350   1.128   0.176
12.20   9.00    1.087    0.348   1.128   0.174

12.21   0.00    0.172    0.170   0.032   0.036   0.008   0.006   0.082   0.006   0.000   0.000   0.000 761513000
12.21   5.62   52.427
12.21   9.00    0.593    0.535
12.21   9.00    1.128   53.226
12.21   9.00    1.086    0.350   1.128   0.176
12.21   9.00    1.087    0.348   1.128   0.174

12.22   0.00    0.172    0.170   0.032   0.036   0.008   0.006   0.082   0.006   0.000   0.000   0.000 762136700
12.22   5.62   52.419
12.22   9.00    0.593    0.535
12.22   9.00    1.127   53.219
12.22   9.00    1.086    0.350   1.127   0.176
12.22   9.00    1.086    0.348   1.127   0.174

12.23   0.00    0.172    0.170   0.032   0.036   0.008   0.006   0.082   0.006   0.000   0.000   0.000 762760400
12.23   5.61   52.410
12.23   9.00    0.592    0.535
12.23   9.00    1.127   53.213
12.23   9.00    1.086    0.350   1.127   0.176
12.23   9.00    1.086    0.348   1.127   0.174

12.24   0.00    0.171    0.170   0.032   0.036   0.008   0.006   0.082   0.006   0.000   0.000   0.000 763384100
12.24   5.61   52.401
12.24   9.00    0.592    0.535
12.24   9.00    1.127   53.206
12.24   9.00    1.086    0.350   1.127   0.176
12.24   9.00    1.086    0.348   1.127   0.174

12.25   0.00    0.171    0.170   0.032   0.036   0.008   0.006   0.082   0.006   0.000   0.000   0.000 764007700
12.25   5.61   52.392
12.25   9.00    0.592    0.535
12.25   9.00    1.127   53.200
12.25   9.00    1.085    0.350   1.127   0.176
12.25   9.00    1.086    0.348   1.127   0.174

12.26   0.00    0.171    0.170   0.032   0.036   0.008   0.006   0.082   0.006   0.000   0.000   0.000 764631400
12.26   5.61   52.383
12.26   9.00    0.592    0.535
12.26   9.00    1.126   53.194
12.26   9.00    1.085    0.350   1.126   0.176
12.26   9.00    1.085    0.348   1.126   0.174

12.27   0.00    0.171    0.169   0.032   0.036   0.008   0.006   0.082   0.006   0.000   0.000   0.000 765255200
12.27   5.60   52.374
12.27   9.00    0.591    0.535
12.27   9.00    1.126   53.187
12.27   9.00    1.085    0.350   1.126   0.176
12.27   9.00    1.085    0.348   1.126   0.174

12.28   0.00    0.171    0.169   0.032   0.036   0.008   0.006   0.082   0.006   0.000   0.000   0.000 765878800
12.28   5.60   52.365
12.28   9.00    0.591    0.535
12.28   9.00    1.126   53.181
12.28   9.00    1.084    0.350   1.126   0.176
12.28   9.00    1.085    0.348   1.126   0.174

12.29   0.00    0.171    0.169   0.032   0.036   0.008   0.006   0.082   0.006   0.000   0.000   0.000 766502500
12.29   5.60   52.356
12.29   9.00    0.591    0.535
12.29   9.00    1.126   53.175
12.29   9.00    1.084    0.350   1.126   0.176
12.29   9.00    1.084    0.348   1.126   0.174

12.30   0.00    0.171    0.169   0.032   0.036   0.008   0.006   0.082   0.006   0.000   0.000   0.000 767126100
12.30   5.60   52.347
12.30   9.00    0.591    0.535
12.30   9.00    1.125   53.168
12.30   9.00    1.084    0.350   1.125   0.176
12.30   9.00    1.084    0.348   1.125   0.174

12.31   0.00    0.171    0.169   0.032   0.036   0.008   0.006   0.082   0.006   0.000   0.000   0.000 767749900
12.31   5.59   52.339
12.31   9.00    0.590    0.535
12.31   9.00    1.125   53.162
12.31   9.00    1.084    0.350   1.125   0.176
12.31   9.00    1.084    0.348   1.125   0.174

12.32   0.00    0.171    0.169   0.032   0.036   0.008   0.006   0.082   0.006   0.000   0.000   0.000 768373500
12.32   5.59   52.330
12.32   9.00    0.590    0.535
12.32   9.00    1.125   53.155
12.32   9.00    1.083    0.349   1.125   0.176
12.32   9.00    1.084    0.347   1.125   0.174

12.33   0.00    0.171    0.169   0.032   0.036   0.008   0.006   0.082   0.006   0.000   0.000   0.000 768997200
12.33   5.59   52.321
12.33   9.00    0.590    0.535
12.33   9.00    1.124   53.149
12.33   9.00    1.083    0.349   1.124   0.176
12.33   9.00    1.083    0.347   1.124   0.174

12.34   0.00    0.171    0.169   0.032   0.036   0.008   0.006   0.082   0.006   0.000   0.000   0.000 769620900
12.34   5.59   52.312
12.34   9.00    0.589    0.535
12.34   9.00    1.124   53.143
12.34   9.00    1.083    0.349   1.124   0.176
12.34   9.00    1.083    0.347   1.124   0.174

12.35   0.00    0.171    0.169   0.032   0.036   0.008   0.006   0.082   0.006   0.000   0.000   0.000 770244500
12.35   5.58   52.303
12.35   9.00    0.589    0.535
12.35   9.00    1.124   53.136
12.35   9.00    1.083    0.349   1.124   0.176
12.35   9.00    1.083    0.347   1.124   0.174

12.36   0.00    0.171    0.169   0.032   0.036   0.008   0.006   0.082   0.006   0.000   0.000   0.000 770868200
12.36   5.58   52.295
12.36   9.00    0.589    0.535
12.36   9.00    1.124   53.130
12.36   9.00    1.082    0.349   1.124   0.176
12.36   9.00    1.083    0.347   1.124   0.174

12.37   0.00    0.171    0.169   0.032   0.036   0.008   0.006   0.082   0.006   0.000   0.000   0.000 771491900
12.37   5.58   52.286
12.37   9.00    0.589    0.535
12.37   9.00    1.123   53.124
12.37   9.00    1.082    0.349   1.123   0.176
12.37   9.00    1.082    0.347   1.123   0.174

12.38   0.00    0.171    0.169   0.032   0.036   0.008   0.006   0.082   0.006   0.000   0.000   0.000 772115600
12.38   5.58   52.277
12.38   9.00    0.588    0.535
12.38   9.00    1.123   53.118
12.38   9.00    1.082    0.349   1.123   0.176
12.38   9.00    1.082    0.347   1.123   0.174

12.39   0.00    0.171    0.169   0.032   0.036   0.008   0.006   0.082   0.006   0.000   0.000   0.000 772739300
12.39   5.57   52.268
12.39   9.00    0.588    0.535
12.39   9.00    1.123   53.111
12.39   9.00    1.082    0.349   1.123   0.176
12.39   9.00    1.082    0.347   1.123   0.174

12.40   0.00    0.171    0.169   0.032   0.036   0.008   0.006   0.082   0.006   0.000   0.000   0.000 773362900
12.40   5.57   52.259
12.40   9.00    0.588    0.535
12.40   9.00    1.123   53.105
12.40   9.00    1.081    0.349   1.123   0.176
12.40   9.00    1.082    0.347   1.123   0.174

12.41   0.00    0.171    0.169   0.032   0.036   0.008   0.006   0.082   0.006   0.000   0.000   0.000 773986600
12.41   5.57   52.251
12.41   9.00    0.588    0.535
12.41   9.00    1.122   53.099
12.41   9.00    1.081    0.349   1.122   0.176
12.41   9.00    1.081    0.347   1.122   0.174

12.42   0.00    0.171    0.169   0.032   0.036   0.008   0.006   0.082   0.006   0.000   0.000   0.000 774610300
12.42   5.57   52.242
12.42   9.00    0.587    0.535
12.42   9.00    1.122   53.092
12.42   9.00    1.081    0.349   1.122   0.176
12.42   9.00    1.081    0.347   1.122   0.174

12.43   0.00    0.171    0.169   0.032   0.036   0.008   0.006   0.082   0.006   0.000   0.000   0.000 775234000
12.43   5.57   52.233
12.43   9.00    0.587    0.535
12.43   9.00    1.122   53.086
12.43   9.00    1.080    0.349   1.122   0.176
12.43   9.00    1.081    0.347   1.122   0.174

12.44   0.00    0.171    0.169   0.032   0.036   0.008   0.006   0.082   0.006   0.000   0.000   0.000 775857700
12.44   5.56   52.224
12.44   9.00    0.587    0.535
12.44   9.00    1.121   53.080
12.44   9.00    1.080    0.349   1.121   0.176
12.44   9.00    1.081    0.347   1.121   0.174

12.45   0.00    0.171    0.169   0.032   0.036   0.008   0.006   0.082   0.006   0.000   0.000   0.000 776481300
12.45   5.56   52.216
12.45   9.00    0.586    0.535
12.45   9.00    1.121   53.074
12.45   9.00    1.080    0.349   1.121   0.176
12.45   9.00    1.080    0.347   1.121   0.174

12.46   0.00    0.171    0.169   0.032   0.036   0.008   0.006   0.082   0.006   0.000   0.000   0.000 777105000
12.46   5.56   52.207
12.46   9.00    0.586    0.535
12.46   9.00    1.121   53.067
12.46   9.00    1.080    0.349   1.121   0.175
12.46   9.00    1.080    0.347   1.121   0.174

12.47   0.00    0.171    0.169   0.032   0.036   0.008   0.006   0.082   0.006   0.000   0.000   0.000 777728700
12.47   5.56   52.198
12.47   9.00    0.586    0.535
12.47   9.00    1.121   53.061
12.47   9.00    1.079    0.349   1.121   0.175
12.47   9.00    1.080    0.347   1.121   0.174

12.48   0.00    0.171    0.169   0.032   0.036   0.008   0.006   0.082   0.006   0.000   0.000   0.000 778352400
12.48   5.55   52.189
12.48   9.00    0.586    0.535
12.48   9.00    1.120   53.055
12.48   9.00    1.079    0.349   1.120   0.175
12.48   9.00    1.080    0.347   1.120   0.174

12.49   0.00    0.171    0.169   0.032   0.036   0.008   0.006   0.082   0.006   0.000   0.000   0.000 778976100
12.49   5.55   52.181
12.49   9.00    0.585    0.535
12.49   9.00    1.120   53.049
12.49   9.00    1.079    0.349   1.120   0.175
12.49   9.00    1.079    0.347   1.120   0.174

12.50   0.00    0.171    0.169   0.032   0.036   0.008   0.006   0.082   0.006   0.000   0.000   0.000 779599700
12.50   5.55   52.172
12.50   9.00    0.585    0.535
12.50   9.00    1.120   53.043
12.50   9.00    1.079    0.348   1.120   0.175
12.50   9.00    1.079    0.347   1.120   0.173

12.51   0.00    0.171    0.169   0.032   0.036   0.008   0.006   0.082   0.006   0.000   0.000   0.000 780223400
12.51   5.55   52.163
12.51   9.00    0.585    0.535
12.51   9.00    1.120   53.036
12.51   9.00    1.078    0.348   1.120   0.175
12.51   9.00    1.079    0.346   1.120   0.173

12.52   0.00    0.171    0.169   0.032   0.036   0.008   0.006   0.082   0.006   0.000   0.000   0.000 780847200
12.52   5.54   52.155
12.52   9.00    0.585    0.535
12.52   9.00    1.119   53.030
12.52   9.00    1.078    0.348   1.119   0.175
12.52   9.00    1.078    0.346   1.119   0.173

12.53   0.00    0.171    0.169   0.032   0.036   0.008   0.006   0.082   0.006   0.000   0.000   0.000 781470800
12.53   5.54   52.146
12.53   9.00    0.584    0.535
12.53   9.00    1.119   53.024
12.53   9.00    1.078    0.348   1.119   0.175
12.53   9.00    1.078    0.346   1.119   0.173

12.54   0.00    0.171    0.169   0.032   0.036   0.008   0.006   0.082   0.006   0.000   0.000   0.000 782094500
12.54   5.54   52.137
12.54   9.00    0.584    0.535
12.54   9.00    1.119   53.018
12.54   9.00    1.078    0.348   1.119   0.175
12.54   9.00    1.078    0.346   1.119   0.173

12.55   0.00    0.171    0.169   0.032   0.036   0.008   0.006   0.082   0.006   0.000   0.000   0.000 782718100
12.55   5.54   52.129
12.55   9.00    0.584    0.535
12.55   9.00    1.119   53.012
12.55   9.00    1.077    0.348   1.119   0.175
12.55   9.00    1.078    0.346   1.119   0.173

12.56   0.00    0.171    0.169   0.032   0.036   0.008   0.006   0.082   0.006   0.000   0.000   0.000 783341800
12.56   5.54   52.120
12.56   9.00    0.584    0.535
12.56   9.00    1.118   53.006
12.56   9.00    1.077    0.348   1.118   0.175
12.56   9.00    1.077    0.346   1.118   0.173

12.57   0.00    0.171    0.169   0.032   0.036   0.008   0.006   0.082   0.006   0.000   0.000   0.000 783965500
12.57   5.53   52.111
12.57   9.00    0.583    0.535
12.57   9.00    1.118   52.999
12.57   9.00    1.077    0.348   1.118   0.175
12.57   9.00    1.077    0.346   1.118   0.173

12.58   0.00    0.171    0.169   0.032   0.036   0.008   0.006   0.082   0.006   0.000   0.000   0.000 784589200
12.58   5.53   52.103
12.58   9.00    0.583    0.535
12.58   9.00    1.118   52.993
12.58   9.00    1.077    0.348   1.118   0.175
12.58   9.00    1.077    0.346   1.118   0.173

12.59   0.00    0.171    0.169   0.032   0.036   0.008   0.006   0.082   0.006   0.000   0.000   0.000 785212900
12.59   5.53   52.094
12.59   9.00    0.583    0.535
12.59   9.00    1.118   52.987
12.59   9.00    1.076    0.348   1.118   0.175
12.59   9.00    1.077    0.346   1.118   0.173

12.60   0.00    0.171    0.169   0.032   0.036   0.008   0.006   0.082   0.006   0.000   0.000   0.000 785836500
12.60   5.53   52.086
12.60   9.00    0.583    0.535
12.60   9.00    1.117   52.981
12.60   9.00    1.076    0.348   1.117   0.175
12.60   9.00    1.076    0.346   1.117   0.173

12.61   0.00    0.171    0.169   0.032   0.036   0.008   0.006   0.082   0.006   0.000   0.000   0.000 786460200
12.61   5.52   52.077
12.61   9.00    0.582    0.535
12.61   9.00    1.117   52.975
12.61   9.00    1.076    0.348   1.117   0.175
12.61   9.00    1.076    0.346   1.117   0.173

12.62   0.00    0.171    0.169   0.032   0.036   0.008   0.006   0.082   0.006   0.000   0.000   0.000 787083900
12.62   5.52   52.068
12.62   9.00    0.582    0.535
12.62   9.00    1.117   52.969
12.62   9.00    1.076    0.348   1.117   0.175
12.62   9.00    1.076    0.346   1.117   0.173

12.63   0.00    0.171    0.169   0.032   0.036   0.008   0.006   0.082   0.006   0.000   0.000   0.000 787707600
12.63   5.52   52.060
12.63   9.00    0.582    0.535
12.63   9.00    1.117   52.963
12.63   9.00    1.075    0.348   1.117   0.175
12.63   9.00    1.076    0.346   1.117   0.173

12.64   0.00    0.171    0.169   0.032   0.036   0.008   0.006   0.082   0.006   0.000   0.000   0.000 788331300
12.64   5.52   52.051
12.64   9.00    0.582    0.535
12.64   9.00    1.116   52.957
12.64   9.00    1.075    0.348   1.116   0.175
12.64   9.00    1.075    0.346   1.116   0.173

12.65   0.00    0.171    0.169   0.032   0.036   0.008   0.006   0.082   0.006   0.000   0.000   0.000 788954900
12.65   5.51   52.043
12.65   9.00    0.581    0.535
12.65   9.00    1.116   52.950
12.65   9.00    1.075    0.348   1.116   0.175
12.65   9.00    1.075    0.346   1.116   0.173

12.66   0.00    0.171    0.169   0.032   0.036   0.008   0.006   0.082   0.006   0.000   0.000   0.000 789578600
12.66   5.51   52.034
12.66   9.00    0.581    0.535
12.66   9.00    1.116   52.944
12.66   9.00    1.075    0.348   1.116   0.175
12.66   9.00    1.075    0.346   1.116   0.173

12.67   0.00    0.171    0.169   0.032   0.036   0.008   0.006   0.082   0.006   0.000   0.000   0.000 790202300
12.67   5.51   52.025
12.67   9.00    0.581    0.535
12.67   9.00    1.115   52.938
12.67   9.00    1.074    0.348   1.115   0.175
12.67   9.00    1.075    0.346   1.115   0.173

12.68   0.00    0.171    0.169   0.032   0.036   0.008   0.006   0.082   0.006   0.000   0.000   0.000 790826000
12.68   5.51   52.017
12.68   9.00    0.580    0.535
12.68   9.00    1.115   52.932
12.68   9.00    1.074    0.348   1.115   0.175
12.68   9.00    1.074    0.346   1.115   0.173

12.69   0.00    0.171    0.169   0.032   0.036   0.008   0.006   0.082   0.006   0.000   0.000   0.000 791449700
12.69   5.51   52.008
12.69   9.00    0.580    0.535
12.69   9.00    1.115   52.926
12.69   9.00    1.074    0.347   1.115   0.175
12.69   9.00    1.074    0.346   1.115   0.173

12.70   0.00    0.171    0.169   0.032   0.036   0.008   0.006   0.082   0.006   0.000   0.000   0.000 792073300
12.70   5.50   52.000
12.70   9.00    0.580    0.535
12.70   9.00    1.115   52.920
12.70   9.00    1.074    0.347   1.115   0.175
12.70   9.00    1.074    0.346   1.115   0.173

12.71   0.00    0.171    0.169   0.032   0.036   0.008   0.006   0.082   0.006   0.000   0.000   0.000 792697000
12.71   5.50   51.991
12.71   9.00    0.580    0.535
12.71   9.00    1.114   52.914
12.71   9.00    1.073    0.347   1.114   0.175
12.71   9.00    1.074    0.345   1.114   0.173

12.72   0.00    0.171    0.169   0.032   0.036   0.008   0.006   0.082   0.006   0.000   0.000   0.000 793320700
12.72   5.50   51.983
12.72   9.00    0.579    0.535
12.72   9.00    1.114   52.908
12.72   9.00    1.073    0.347   1.114   0.175
12.72   9.00    1.073    0.345   1.114   0.173

12.73   0.00    0.171    0.169   0.032   0.036   0.008   0.006   0.082   0.006   0.000   0.000   0.000 793944400
12.73   5.50   51.974
12.73   9.00    0.579    0.535
12.73   9.00    1.114   52.902
12.73   9.00    1.073    0.347   1.114   0.175
12.73   9.00    1.073    0.345   1.114   0.173

12.74   0.00    0.171    0.169   0.032   0.036   0.008   0.006   0.082   0.006   0.000   0.000   0.000 794568100
12.74   5.49   51.966
12.74   9.00    0.579    0.535
12.74   9.00    1.114   52.896
12.74   9.00    1.073    0.347   1.114   0.175
12.74   9.00    1.073    0.345   1.114   0.173

12.75   0.00    0.171    0.169   0.032   0.036   0.008   0.006   0.082   0.006   0.000   0.000   0.000 795191700
12.75   5.49   51.957
12.75   9.00    0.579    0.535
12.75   9.00    1.113   52.890
12.75   9.00    1.072    0.347   1.113   0.175
12.75   9.00    1.073    0.345   1.113   0.173

12.76   0.00    0.171    0.169   0.032   0.036   0.008   0.006   0.082   0.006   0.000   0.000   0.000 795815400
12.76   5.49   51.949
12.76   9.00    0.578    0.535
12.76   9.00    1.113   52.884
12.76   9.00    1.072    0.347   1.113   0.175
12.76   9.00    1.072    0.345   1.113   0.173

12.77   0.00    0.171    0.169   0.032   0.036   0.008   0.006   0.082   0.006   0.000   0.000   0.000 796439100
12.77   5.49   51.940
12.77   9.00    0.578    0.535
12.77   9.00    1.113   52.878
12.77   9.00    1.072    0.347   1.113   0.175
12.77   9.00    1.072    0.345   1.113   0.173

12.78   0.00    0.171    0.169   0.032   0.036   0.008   0.006   0.082   0.006   0.000   0.000   0.000 797062800
12.78   5.49   51.932
12.78   9.00    0.578    0.535
12.78   9.00    1.113   52.872
12.78   9.00    1.072    0.347   1.113   0.175
12.78   9.00    1.072    0.345   1.113   0.173

12.79   0.00    0.171    0.169   0.032   0.036   0.008   0.006   0.082   0.006   0.000   0.000   0.000 797686500
12.79   5.48   51.923
12.79   9.00    0.578    0.535
12.79   9.00    1.112   52.866
12.79   9.00    1.071    0.347   1.112   0.175
12.79   9.00    1.072    0.345   1.112   0.173

12.80   0.00    0.171    0.169   0.032   0.036   0.008   0.006   0.082   0.006   0.000   0.000   0.000 798310100
12.80   5.48   51.915
12.80   9.00    0.577    0.535
12.80   9.00    1.112   52.860
12.80   9.00    1.071    0.347   1.112   0.175
12.80   9.00    1.071    0.345   1.112   0.173

12.81   0.00    0.171    0.169   0.032   0.036   0.008   0.006   0.082   0.006   0.000   0.000   0.000 798933800
12.81   5.48   51.906
12.81   9.00    0.577    0.535
12.81   9.00    1.112   52.854
12.81   9.00    1.071    0.347   1.112   0.175
12.81   9.00    1.071    0.345   1.112   0.173

12.82   0.00    0.171    0.169   0.032   0.036   0.008   0.006   0.082   0.006   0.000   0.000   0.000 799557500
12.82   5.48   51.898
12.82   9.00    0.577    0.535
12.82   9.00    1.112   52.848
12.82   9.00    1.071    0.347   1.112   0.175
12.82   9.00    1.071    0.345   1.112   0.173

12.83   0.00    0.171    0.169   0.032   0.036   0.008   0.006   0.082   0.006   0.000   0.000   0.000 800181200
12.83   5.47   51.889
12.83   9.00    0.577    0.535
12.83   9.00    1.111   52.842
12.83   9.00    1.070    0.347   1.111   0.175
12.83   9.00    1.071    0.345   1.111   0.173

12.84   0.00    0.171    0.169   0.032   0.036   0.008   0.006   0.082   0.006   0.000   0.000   0.000 800804900
12.84   5.47   51.881
12.84   9.00    0.576    0.535
12.84   9.00    1.111   52.836
12.84   9.00    1.070    0.347   1.111   0.175
12.84   9.00    1.070    0.345   1.111   0.173

12.85   0.00    0.171    0.169   0.032   0.036   0.008   0.006   0.082   0.006   0.000   0.000   0.000 801428500
12.85   5.47   51.872
12.85   9.00    0.576    0.535
12.85   9.00    1.111   52.830
12.85   9.00    1.070    0.347   1.111   0.175
12.85   9.00    1.070    0.345   1.111   0.173

12.86   0.00    0.171    0.169   0.032   0.036   0.008   0.006   0.082   0.006   0.000   0.000   0.000 802052200
12.86   5.47   51.864
12.86   9.00    0.576    0.535
12.86   9.00    1.111   52.824
12.86   9.00    1.070    0.347   1.111   0.175
12.86   9.00    1.070    0.345   1.111   0.173

12.87   0.00    0.171    0.169   0.032   0.036   0.008   0.006   0.082   0.006   0.000   0.000   0.000 802675900
12.87   5.47   51.856
12.87   9.00    0.576    0.535
12.87   9.00    1.110   52.818
12.87   9.00    1.069    0.347   1.110   0.175
12.87   9.00    1.070    0.345   1.110   0.173

12.88   0.00    0.171    0.169   0.032   0.036   0.008   0.006   0.082   0.006   0.000   0.000   0.000 803299600
12.88   5.46   51.847
12.88   9.00    0.575    0.535
12.88   9.00    1.110   52.812
12.88   9.00    1.069    0.346   1.110   0.175
12.88   9.00    1.069    0.345   1.110   0.173

12.89   0.00    0.171    0.169   0.032   0.036   0.008   0.006   0.082   0.006   0.000   0.000   0.000 803923300
12.89   5.46   51.839
12.89   9.00    0.575    0.535
12.89   9.00    1.110   52.807
12.89   9.00    1.069    0.346   1.110   0.175
12.89   9.00    1.069    0.345   1.110   0.173

12.90   0.00    0.171    0.169   0.032   0.036   0.008   0.006   0.082   0.006   0.000   0.000   0.000 804546900
12.90   5.46   51.830
12.90   9.00    0.575    0.535
12.90   9.00    1.110   52.801
12.90   9.00    1.069    0.346   1.110   0.175
12.90   9.00    1.069    0.345   1.110   0.173

12.91   0.00    0.171    0.169   0.032   0.036   0.008   0.006   0.082   0.006   0.000   0.000   0.000 805170600
12.91   5.46   51.822
12.91   9.00    0.575    0.535
12.91   9.00    1.109   52.795
12.91   9.00    1.068    0.346   1.109   0.175
12.91   9.00    1.069    0.345   1.109   0.173

12.92   0.00    0.171    0.169   0.032   0.036   0.008   0.006   0.082   0.006   0.000   0.000   0.000 805794300
12.92   5.45   51.814
12.92   9.00    0.574    0.535
12.92   9.00    1.109   52.789
12.92   9.00    1.068    0.346   1.109   0.175
12.92   9.00    1.068    0.344   1.109   0.173

12.93   0.00    0.171    0.169   0.032   0.036   0.008   0.006   0.082   0.006   0.000   0.000   0.000 806418000
12.93   5.45   51.805
12.93   9.00    0.574    0.535
12.93   9.00    1.109   52.783
12.93   9.00    1.068    0.346   1.109   0.175
12.93   9.00    1.068    0.344   1.109   0.173

12.94   0.00    0.171    0.169   0.032   0.036   0.008   0.006   0.082   0.006   0.000   0.000   0.000 807041700
12.94   5.45   51.797
12.94   9.00    0.574    0.535
12.94   9.00    1.109   52.777
12.94   9.00    1.068    0.346   1.109   0.175
12.94   9.00    1.068    0.344   1.109   0.173

12.95   0.00    0.171    0.169   0.032   0.036   0.008   0.006   0.082   0.006   0.000   0.000   0.000 807665300
12.95   5.45   51.788
12.95   9.00    0.574    0.535
12.95   9.00    1.108   52.771
12.95   9.00    1.067    0.346   1.108   0.175
12.95   9.00    1.068    0.344   1.108   0.173

12.96   0.00    0.171    0.169   0.032   0.036   0.008   0.006   0.082   0.006   0.000   0.000   0.000 808289000
12.96   5.45   51.780
12.96   9.00    0.573    0.535
12.96   9.00    1.108   52.765
12.96   9.00    1.067    0.346   1.108   0.175
12.96   9.00    1.067    0.344   1.108   0.173

12.97   0.00    0.171    0.169   0.032   0.036   0.008   0.006   0.082   0.006   0.000   0.000   0.000 808912700
12.97   5.44   51.772
12.97   9.00    0.573    0.535
12.97   9.00    1.108   52.759
12.97   9.00    1.067    0.346   1.108   0.175
12.97   9.00    1.067    0.344   1.108   0.173

12.98   0.00    0.171    0.169   0.032   0.036   0.007   0.006   0.082   0.006   0.000   0.000   0.000 809536300
12.98   5.44   51.763
12.98   9.00    0.573    0.535
12.98   9.00    1.108   52.754
12.98   9.00    1.067    0.346   1.108   0.175
12.98   9.00    1.067    0.344   1.108   0.173

12.99   0.00    0.171    0.169   0.032   0.036   0.007   0.006   0.082   0.006   0.000   0.000   0.000 810160100
12.99   5.44   51.755
12.99   9.00    0.573    0.535
12.99   9.00    1.107   52.748
12.99   9.00    1.066    0.346   1.107   0.175
12.99   9.00    1.067    0.344   1.107   0.173

13.00   0.00    0.171    0.169   0.032   0.036   0.007   0.006   0.082   0.006   0.000   0.000   0.000 810783700
13.00   5.44   51.747
13.00   9.00    0.572    0.535
13.00   9.00    1.107   52.742
13.00   9.00    1.066    0.346   1.107   0.175
13.00   9.00    1.067    0.344   1.107   0.173

13.01   0.00    0.171    0.169   0.032   0.036   0.007   0.006   0.082   0.006   0.000   0.000   0.000 811407400
13.01   5.43   51.738
13.01   9.00    0.572    0.535
13.01   9.00    1.107   52.736
13.01   9.00    1.066    0.346   1.107   0.175
13.01   9.00    1.066    0.344   1.107   0.173

13.02   0.00    0.170    0.169   0.032   0.036   0.007   0.006   0.082   0.006   0.000   0.000   0.000 812031100
13.02   5.43   51.730
13.02   9.00    0.572    0.535
13.02   9.00    1.107   52.730
13.02   9.00    1.066    0.346   1.107   0.175
13.02   9.00    1.066    0.344   1.107   0.173

13.03   0.00    0.170    0.169   0.032   0.036   0.007   0.006   0.082   0.006   0.000   0.000   0.000 812654800
13.03   5.43   51.722
13.03   9.00    0.572    0.535
13.03   9.00    1.106   52.725
13.03   9.00    1.066    0.346   1.106   0.175
13.03   9.00    1.066    0.344   1.106   0.173

13.04   0.00    0.170    0.169   0.032   0.036   0.007   0.006   0.082   0.006   0.000   0.000   0.000 813278500
13.04   5.43   51.714
13.04   9.00    0.571    0.535
13.04   9.00    1.106   52.719
13.04   9.00    1.065    0.346   1.106   0.175
13.04   9.00    1.066    0.344   1.106   0.173

13.05   0.00    0.170    0.169   0.032   0.036   0.007   0.006   0.082   0.006   0.000   0.000   0.000 813902100
13.05   5.43   51.705
13.05   9.00    0.571    0.535
13.05   9.00    1.106   52.713
13.05   9.00    1.065    0.346   1.106   0.175
13.05   9.00    1.065    0.344   1.106   0.173

13.06   0.00    0.170    0.169   0.032   0.036   0.007   0.006   0.082   0.006   0.000   0.000   0.000 814525800
13.06   5.42   51.697
13.06   9.00    0.571    0.535
13.06   9.00    1.106   52.707
13.06   9.00    1.065    0.346   1.106   0.175
13.06   9.00    1.065    0.344   1.106   0.173

13.07   0.00    0.170    0.169   0.032   0.036   0.007   0.006   0.082   0.006   0.000   0.000   0.000 815149500
13.07   5.42   51.689
13.07   9.00    0.571    0.535
13.07   9.00    1.106   52.701
13.07   9.00    1.065    0.346   1.106   0.175
13.07   9.00    1.065    0.344   1.106   0.173

13.08   0.00    0.170    0.169   0.032   0.036   0.007   0.006   0.082   0.006   0.000   0.000   0.000 815773200
13.08   5.42   51.680
13.08   9.00    0.571    0.535
13.08   9.00    1.105   52.696
13.08   9.00    1.064    0.345   1.105   0.175
13.08   9.00    1.065    0.344   1.105   0.173

13.09   0.00    0.170    0.169   0.032   0.036   0.007   0.006   0.082   0.006   0.000   0.000   0.000 816396900
13.09   5.42   51.672
13.09   9.00    0.570    0.535
13.09   9.00    1.105   52.690
13.09   9.00    1.064    0.345   1.105   0.175
13.09   9.00    1.064    0.344   1.105   0.173

13.10   0.00    0.170    0.169   0.032   0.036   0.007   0.006   0.082   0.006   0.000   0.000   0.000 817020500
13.10   5.42   51.664
13.10   9.00    0.570    0.535
13.10   9.00    1.105   52.684
13.10   9.00    1.064    0.345   1.105   0.175
13.10   9.00    1.064    0.344   1.105   0.173

13.11   0.00    0.170    0.169   0.032   0.036   0.007   0.006   0.082   0.006   0.000   0.000   0.000 817644200
13.11   5.41   51.656
13.11   9.00    0.570    0.535
13.11   9.00    1.105   52.678
13.11   9.00    1.064    0.345   1.105   0.175
13.11   9.00    1.064    0.344   1.105   0.173

13.12   0.00    0.170    0.169   0.032   0.036   0.007   0.006   0.082   0.006   0.000   0.000   0.000 818267900
13.12   5.41   51.647
13.12   9.00    0.570    0.535
13.12   9.00    1.104   52.673
13.12   9.00    1.063    0.345   1.104   0.175
13.12   9.00    1.064    0.344   1.104   0.173

13.13   0.00    0.170    0.169   0.032   0.036   0.007   0.006   0.082   0.006   0.000   0.000   0.000 818891600
13.13   5.41   51.639
13.13   9.00    0.569    0.535
13.13   9.00    1.104   52.667
13.13   9.00    1.063    0.345   1.104   0.175
13.13   9.00    1.063    0.343   1.104   0.173

13.14   0.00    0.170    0.169   0.032   0.036   0.007   0.006   0.082   0.006   0.000   0.000   0.000 819515300
13.14   5.41   51.631
13.14   9.00    0.569    0.535
13.14   9.00    1.104   52.661
13.14   9.00    1.063    0.345   1.104   0.175
13.14   9.00    1.063    0.343   1.104   0.173

13.15   0.00    0.170    0.169   0.032   0.036   0.007   0.006   0.082   0.006   0.000   0.000   0.000 820138900
13.15   5.40   51.623
13.15   9.00    0.569    0.535
13.15   9.00    1.104   52.655
13.15   9.00    1.063    0.345   1.104   0.175
13.15   9.00    1.063    0.343   1.104   0.173

13.16   0.00    0.170    0.169   0.032   0.036   0.007   0.006   0.082   0.006   0.000   0.000   0.000 820762600
13.16   5.40   51.614
13.16   9.00    0.569    0.535
13.16   9.00    1.103   52.650
13.16   9.00    1.062    0.345   1.103   0.175
13.16   9.00    1.063    0.343   1.103   0.173

13.17   0.00    0.170    0.169   0.032   0.036   0.007   0.006   0.082   0.006   0.000   0.000   0.000 821386300
13.17   5.40   51.606
13.17   9.00    0.568    0.535
13.17   9.00    1.103   52.644
13.17   9.00    1.062    0.345   1.103   0.175
13.17   9.00    1.063    0.343   1.103   0.173

13.18   0.00    0.170    0.169   0.032   0.036   0.007   0.006   0.082   0.006   0.000   0.000   0.000 822010000
13.18   5.40   51.598
13.18   9.00    0.568    0.535
13.18   9.00    1.103   52.638
13.18   9.00    1.062    0.345   1.103   0.175
13.18   9.00    1.062    0.343   1.103   0.173

13.19   0.00    0.170    0.169   0.032   0.036   0.007   0.006   0.082   0.006   0.000   0.000   0.000 822633600
13.19   5.40   51.590
13.19   9.00    0.568    0.535
13.19   9.00    1.103   52.632
13.19   9.00    1.062    0.345   1.103   0.175
13.19   9.00    1.062    0.343   1.103   0.173

13.20   0.00    0.170    0.169   0.032   0.036   0.007   0.006   0.082   0.006   0.000   0.000   0.000 823257300
13.20   5.39   51.582
13.20   9.00    0.568    0.535
13.20   9.00    1.102   52.627
13.20   9.00    1.062    0.345   1.102   0.175
13.20   9.00    1.062    0.343   1.102   0.173

13.21   0.00    0.170    0.169   0.032   0.036   0.007   0.006   0.082   0.006   0.000   0.000   0.000 823881000
13.21   5.39   51.574
13.21   9.00    0.567    0.535
13.21   9.00    1.102   52.621
13.21   9.00    1.061    0.345   1.102   0.175
13.21   9.00    1.062    0.343   1.102   0.173

13.22   0.00    0.170    0.169   0.032   0.036   0.007   0.006   0.082   0.006   0.000   0.000   0.000 824504700
13.22   5.39   51.565
13.22   9.00    0.567    0.535
13.22   9.00    1.102   52.615
13.22   9.00    1.061    0.345   1.102   0.175
13.22   9.00    1.061    0.343   1.102   0.173

13.23   0.00    0.170    0.169   0.032   0.036   0.007   0.006   0.082   0.006   0.000   0.000   0.000 825128300
13.23   5.39   51.557
13.23   9.00    0.567    0.535
13.23   9.00    1.102   52.610
13.23   9.00    1.061    0.345   1.102   0.175
13.23   9.00    1.061    0.343   1.102   0.173

13.24   0.00    0.170    0.169   0.032   0.036   0.007   0.006   0.082   0.006   0.000   0.000   0.000 825752100
13.24   5.39   51.549
13.24   9.00    0.567    0.535
13.24   9.00    1.101   52.604
13.24   9.00    1.061    0.345   1.101   0.175
13.24   9.00    1.061    0.343   1.101   0.173

13.25   0.00    0.170    0.169   0.032   0.036   0.007   0.006   0.082   0.006   0.000   0.000   0.000 826375700
13.25   5.38   51.541
13.25   9.00    0.566    0.535
13.25   9.00    1.101   52.598
13.25   9.00    1.060    0.345   1.101   0.175
13.25   9.00    1.061    0.343   1.101   0.173

13.26   0.00    0.170    0.169   0.032   0.036   0.007   0.006   0.082   0.006   0.000   0.000   0.000 826999400
13.26   5.38   51.533
13.26   9.00    0.566    0.535
13.26   9.00    1.101   52.593
13.26   9.00    1.060    0.345   1.101   0.174
13.26   9.00    1.060    0.343   1.101   0.173

13.27   0.00    0.170    0.169   0.032   0.036   0.007   0.006   0.082   0.006   0.000   0.000   0.000 827623100
13.27   5.38   51.525
13.27   9.00    0.566    0.535
13.27   9.00    1.101   52.587
13.27   9.00    1.060    0.345   1.101   0.174
13.27   9.00    1.060    0.343   1.101   0.173

13.28   0.00    0.170    0.169   0.032   0.036   0.007   0.006   0.082   0.006   0.000   0.000   0.000 828246800
13.28   5.38   51.516
13.28   9.00    0.566    0.535
13.28   9.00    1.101   52.581
13.28   9.00    1.060    0.344   1.101   0.174
13.28   9.00    1.060    0.343   1.101   0.173

13.29   0.00    0.170    0.168   0.032   0.036   0.007   0.006   0.082   0.006   0.000   0.000   0.000 828870500
13.29   5.38   51.508
13.29   9.00    0.566    0.535
13.29   9.00    1.100   52.576
13.29   9.00    1.059    0.344   1.100   0.174
13.29   9.00    1.060    0.343   1.100   0.173

13.30   0.00    0.170    0.168   0.032   0.036   0.007   0.006   0.082   0.006   0.000   0.000   0.000 829494100
13.30   5.37   51.500
13.30   9.00    0.565    0.535
13.30   9.00    1.100   52.570
13.30   9.00    1.059    0.344   1.100   0.174
13.30   9.00    1.059    0.343   1.100   0.173

13.31   0.00    0.170    0.168   0.032   0.036   0.007   0.006   0.082   0.006   0.000   0.000   0.000 830117800
13.31   5.37   51.492
13.31   9.00    0.565    0.535
13.31   9.00    1.100   52.565
13.31   9.00    1.059    0.344   1.100   0.174
13.31   9.00    1.059    0.343   1.100   0.173

13.32   0.00    0.170    0.168   0.032   0.036   0.007   0.006   0.082   0.006   0.000   0.000   0.000 830741500
13.32   5.37   51.484
13.32   9.00    0.565    0.535
13.32   9.00    1.100   52.559
13.32   9.00    1.059    0.344   1.100   0.174
13.32   9.00    1.059    0.343   1.100   0.173

13.33   0.00    0.170    0.168   0.032   0.036   0.007   0.006   0.082   0.006   0.000   0.000   0.000 831365200
13.33   5.37   51.476
13.33   9.00    0.565    0.535
13.33   9.00    1.099   52.553
13.33   9.00    1.059    0.344   1.099   0.174
13.33   9.00    1.059    0.343   1.099   0.173

13.34   0.00    0.170    0.168   0.032   0.036   0.007   0.006   0.082   0.006   0.000   0.000   0.000 831988900
13.34   5.37   51.468
13.34   9.00    0.564    0.535
13.34   9.00    1.099   52.548
13.34   9.00    1.058    0.344   1.099   0.174
13.34   9.00    1.059    0.342   1.099   0.173

13.35   0.00    0.170    0.168   0.032   0.036   0.007   0.006   0.082   0.006   0.000   0.000   0.000 832612500
13.35   5.36   51.460
13.35   9.00    0.564    0.535
13.35   9.00    1.099   52.542
13.35   9.00    1.058    0.344   1.099   0.174
13.35   9.00    1.058    0.342   1.099   0.173

13.36   0.00    0.170    0.168   0.032   0.036   0.007   0.006   0.082   0.006   0.000   0.000   0.000 833236200
13.36   5.36   51.452
13.36   9.00    0.564    0.535
13.36   9.00    1.099   52.537
13.36   9.00    1.058    0.344   1.099   0.174
13.36   9.00    1.058    0.342   1.099   0.173

13.37   0.00    0.170    0.168   0.032   0.036   0.007   0.006   0.082   0.006   0.000   0.000   0.000 833859900
13.37   5.36   51.444
13.37   9.00    0.564    0.535
13.37   9.00    1.098   52.531
13.37   9.00    1.058    0.344   1.098   0.174
13.37   9.00    1.058    0.342   1.098   0.173

13.38   0.00    0.170    0.168   0.032   0.036   0.007   0.006   0.082   0.006   0.000   0.000   0.000 834483600
13.38   5.36   51.436
13.38   9.00    0.563    0.535
13.38   9.00    1.098   52.525
13.38   9.00    1.057    0.344   1.098   0.174
13.38   9.00    1.058    0.342   1.098   0.173

13.39   0.00    0.170    0.168   0.032   0.036   0.007   0.006   0.082   0.006   0.000   0.000   0.000 835107300
13.39   5.36   51.428
13.39   9.00    0.563    0.535
13.39   9.00    1.098   52.520
13.39   9.00    1.057    0.344   1.098   0.174
13.39   9.00    1.057    0.342   1.098   0.173

13.40   0.00    0.170    0.168   0.032   0.036   0.007   0.006   0.082   0.006   0.000   0.000   0.000 835730900
13.40   5.35   51.419
13.40   9.00    0.563    0.535
13.40   9.00    1.098   52.514
13.40   9.00    1.057    0.344   1.098   0.174
13.40   9.00    1.057    0.342   1.098   0.173

13.41   0.00    0.170    0.168   0.032   0.036   0.007   0.006   0.082   0.006   0.000   0.000   0.000 836354600
13.41   5.35   51.411
13.41   9.00    0.563    0.535
13.41   9.00    1.097   52.509
13.41   9.00    1.057    0.344   1.097   0.174
13.41   9.00    1.057    0.342   1.097   0.173

13.42   0.00    0.170    0.168   0.032   0.036   0.007   0.006   0.082   0.006   0.000   0.000   0.000 836978300
13.42   5.35   51.403
13.42   9.00    0.563    0.535
13.42   9.00    1.097   52.503
13.42   9.00    1.056    0.344   1.097   0.174
13.42   9.00    1.057    0.342   1.097   0.173

13.43   0.00    0.170    0.168   0.032   0.036   0.007   0.006   0.082   0.006   0.000   0.000   0.000 837602000
13.43   5.35   51.395
13.43   9.00    0.562    0.535
13.43   9.00    1.097   52.498
13.43   9.00    1.056    0.344   1.097   0.174
13.43   9.00    1.057    0.342   1.097   0.173

13.44   0.00    0.170    0.168   0.032   0.036   0.007   0.006   0.082   0.006   0.000   0.000   0.000 838225600
13.44   5.35   51.387
13.44   9.00    0.562    0.535
13.44   9.00    1.097   52.492
13.44   9.00    1.056    0.344   1.097   0.174
13.44   9.00    1.056    0.342   1.097   0.173

13.45   0.00    0.170    0.168   0.032   0.036   0.007   0.006   0.082   0.006   0.000   0.000   0.000 838849300
13.45   5.34   51.379
13.45   9.00    0.562    0.535
13.45   9.00    1.097   52.487
13.45   9.00    1.056    0.344   1.097   0.174
13.45   9.00    1.056    0.342   1.097   0.173

13.46   0.00    0.170    0.168   0.032   0.036   0.007   0.006   0.082   0.006   0.000   0.000   0.000 839473000
13.46   5.34   51.371
13.46   9.00    0.562    0.535
13.46   9.00    1.096   52.481
13.46   9.00    1.056    0.344   1.096   0.174
13.46   9.00    1.056    0.342   1.096   0.173

13.47   0.00    0.170    0.168   0.032   0.036   0.007   0.006   0.082   0.006   0.000   0.000   0.000 840096700
13.47   5.34   51.363
13.47   9.00    0.561    0.535
13.47   9.00    1.096   52.476
13.47   9.00    1.055    0.344   1.096   0.174
13.47   9.00    1.056    0.342   1.096   0.173

13.48   0.00    0.170    0.168   0.032   0.036   0.007   0.006   0.082   0.006   0.000   0.000   0.000 840720300
13.48   5.34   51.355
13.48   9.00    0.561    0.535
13.48   9.00    1.096   52.470
13.48   9.00    1.055    0.344   1.096   0.174
13.48   9.00    1.055    0.342   1.096   0.173

13.49   0.00    0.170    0.168   0.032   0.036   0.007   0.006   0.082   0.006   0.000   0.000   0.000 841344100
13.49   5.34   51.347
13.49   9.00    0.561    0.535
13.49   9.00    1.096   52.465
13.49   9.00    1.055    0.343   1.096   0.174
13.49   9.00    1.055    0.342   1.096   0.173

13.50   0.00    0.170    0.168   0.032   0.036   0.007   0.006   0.082   0.006   0.000   0.000   0.000 841967700
13.50   5.33   51.339
13.50   9.00    0.561    0.535
13.50   9.00    1.095   52.459
13.50   9.00    1.055    0.343   1.095   0.174
13.50   9.00    1.055    0.342   1.095   0.173

13.51   0.00    0.170    0.168   0.032   0.036   0.007   0.006   0.082   0.006   0.000   0.000   0.000 842591400
13.51   5.33   51.331
13.51   9.00    0.560    0.535
13.51   9.00    1.095   52.454
13.51   9.00    1.054    0.343   1.095   0.174
13.51   9.00    1.055    0.342   1.095   0.173

13.52   0.00    0.170    0.168   0.032   0.036   0.007   0.006   0.082   0.006   0.000   0.000   0.000 843215100
13.52   5.33   51.323
13.52   9.00    0.560    0.535
13.52   9.00    1.095   52.448
13.52   9.00    1.054    0.343   1.095   0.174
13.52   9.00    1.055    0.342   1.095   0.173

13.53   0.00    0.170    0.168   0.032   0.036   0.007   0.006   0.082   0.006   0.000   0.000   0.000 843838700
13.53   5.33   51.316
13.53   9.00    0.560    0.535
13.53   9.00    1.095   52.443
13.53   9.00    1.054    0.343   1.095   0.174
13.53   9.00    1.054    0.342   1.095   0.173

13.54   0.00    0.170    0.168   0.032   0.036   0.007   0.006   0.082   0.006   0.000   0.000   0.000 844462500
13.54   5.33   51.308
13.54   9.00    0.560    0.535
13.54   9.00    1.095   52.437
13.54   9.00    1.054    0.343   1.095   0.174
13.54   9.00    1.054    0.342   1.095   0.173

13.55   0.00    0.170    0.168   0.032   0.036   0.007   0.006   0.082   0.006   0.000   0.000   0.000 845086100
13.55   5.32   51.300
13.55   9.00    0.560    0.535
13.55   9.00    1.094   52.432
13.55   9.00    1.054    0.343   1.094   0.174
13.55   9.00    1.054    0.342   1.094   0.173

13.56   0.00    0.170    0.168   0.032   0.036   0.007   0.006   0.082   0.006   0.000   0.000   0.000 845709800
13.56   5.32   51.292
13.56   9.00    0.559    0.535
13.56   9.00    1.094   52.426
13.56   9.00    1.053    0.343   1.094   0.174
13.56   9.00    1.054    0.342   1.094   0.172

13.57   0.00    0.170    0.168   0.032   0.036   0.007   0.006   0.082   0.006   0.000   0.000   0.000 846333400
13.57   5.32   51.284
13.57   9.00    0.559    0.535
13.57   9.00    1.094   52.421
13.57   9.00    1.053    0.343   1.094   0.174
13.57   9.00    1.053    0.341   1.094   0.172

13.58   0.00    0.170    0.168   0.032   0.036   0.007   0.006   0.082   0.006   0.000   0.000   0.000 846957200
13.58   5.32   51.276
13.58   9.00    0.559    0.535
13.58   9.00    1.094   52.415
13.58   9.00    1.053    0.343   1.094   0.174
13.58   9.00    1.053    0.341   1.094   0.172

13.59   0.00    0.170    0.168   0.032   0.036   0.007   0.006   0.082   0.006   0.000   0.000   0.000 847580900
13.59   5.32   51.268
13.59   9.00    0.559    0.535
13.59   9.00    1.093   52.410
13.59   9.00    1.053    0.343   1.093   0.174
13.59   9.00    1.053    0.341   1.093   0.172

13.60   0.00    0.170    0.168   0.032   0.036   0.007   0.006   0.082   0.006   0.000   0.000   0.000 848204500
13.60   5.31   51.260
13.60   9.00    0.558    0.535
13.60   9.00    1.093   52.404
13.60   9.00    1.052    0.343   1.093   0.174
13.60   9.00    1.053    0.341   1.093   0.172

13.61   0.00    0.170    0.168   0.032   0.036   0.007   0.006   0.082   0.006   0.000   0.000   0.000 848828200
13.61   5.31   51.252
13.61   9.00    0.558    0.535
13.61   9.00    1.093   52.399
13.61   9.00    1.052    0.343   1.093   0.174
13.61   9.00    1.053    0.341   1.093   0.172

13.62   0.00    0.170    0.168   0.032   0.036   0.007   0.006   0.082   0.006   0.000   0.000   0.000 849451900
13.62   5.31   51.244
13.62   9.00    0.558    0.535
13.62   9.00    1.093   52.394
13.62   9.00    1.052    0.343   1.093   0.174
13.62   9.00    1.052    0.341   1.093   0.172

13.63   0.00    0.170    0.168   0.032   0.036   0.007   0.006   0.082   0.006   0.000   0.000   0.000 850075600
13.63   5.31   51.236
13.63   9.00    0.558    0.535
13.63   9.00    1.093   52.388
13.63   9.00    1.052    0.343   1.093   0.174
13.63   9.00    1.052    0.341   1.093   0.172

13.64   0.00    0.170    0.168   0.032   0.036   0.007   0.006   0.082   0.006   0.000   0.000   0.000 850699300
13.64   5.31   51.228
13.64   9.00    0.558    0.535
13.64   9.00    1.092   52.383
13.64   9.00    1.052    0.343   1.092   0.174
13.64   9.00    1.052    0.341   1.092   0.172

13.65   0.00    0.170    0.168   0.032   0.036   0.007   0.006   0.082   0.006   0.000   0.000   0.000 851322900
13.65   5.30   51.221
13.65   9.00    0.557    0.535
13.65   9.00    1.092   52.377
13.65   9.00    1.051    0.343   1.092   0.174
13.65   9.00    1.052    0.341   1.092   0.172

13.66   0.00    0.170    0.168   0.032   0.036   0.007   0.006   0.082   0.006   0.000   0.000   0.000 851946600
13.66   5.30   51.213
13.66   9.00    0.557    0.535
13.66   9.00    1.092   52.372
13.66   9.00    1.051    0.343   1.092   0.174
13.66   9.00    1.051    0.341   1.092   0.172

13.67   0.00    0.170    0.168   0.032   0.036   0.007   0.006   0.082   0.006   0.000   0.000   0.000 852570300
13.67   5.30   51.205
13.67   9.00    0.557    0.535
13.67   9.00    1.092   52.367
13.67   9.00    1.051    0.343   1.092   0.174
13.67   9.00    1.051    0.341   1.092   0.172

13.68   0.00    0.170    0.168   0.032   0.036   0.007   0.006   0.082   0.006   0.000   0.000   0.000 853194000
13.68   5.30   51.197
13.68   9.00    0.557    0.535
13.68   9.00    1.091   52.361
13.68   9.00    1.051    0.343   1.091   0.174
13.68   9.00    1.051    0.341   1.091   0.172

13.69   0.00    0.170    0.168   0.032   0.036   0.007   0.006   0.082   0.006   0.000   0.000   0.000 853817600
13.69   5.30   51.189
13.69   9.00    0.556    0.535
13.69   9.00    1.091   52.356
13.69   9.00    1.051    0.343   1.091   0.174
13.69   9.00    1.051    0.341   1.091   0.172

13.70   0.00    0.170    0.168   0.032   0.036   0.007   0.006   0.082   0.006   0.000   0.000   0.000 854441300
13.70   5.29   51.181
13.70   9.00    0.556    0.535
13.70   9.00    1.091   52.351
13.70   9.00    1.050    0.343   1.091   0.174
13.70   9.00    1.051    0.341   1.091   0.172

13.71   0.00    0.170    0.168   0.032   0.036   0.007   0.006   0.082   0.006   0.000   0.000   0.000 855065000
13.71   5.29   51.173
13.71   9.00    0.556    0.535
13.71   9.00    1.091   52.345
13.71   9.00    1.050    0.342   1.091   0.174
13.71   9.00    1.050    0.341   1.091   0.172

13.72   0.00    0.170    0.168   0.032   0.036   0.007   0.006   0.082   0.006   0.000   0.000   0.000 855688700
13.72   5.29   51.166
13.72   9.00    0.556    0.535
13.72   9.00    1.091   52.340
13.72   9.00    1.050    0.342   1.091   0.174
13.72   9.00    1.050    0.341   1.091   0.172

13.73   0.00    0.170    0.168   0.032   0.036   0.007   0.006   0.082   0.006   0.000   0.000   0.000 856312300
13.73   5.29   51.158
13.73   9.00    0.556    0.535
13.73   9.00    1.090   52.334
13.73   9.00    1.050    0.342   1.090   0.174
13.73   9.00    1.050    0.341   1.090   0.172

13.74   0.00    0.170    0.168   0.032   0.036   0.007   0.006   0.082   0.006   0.000   0.000   0.000 856936000
13.74   5.29   51.150
13.74   9.00    0.555    0.535
13.74   9.00    1.090   52.329
13.74   9.00    1.049    0.342   1.090   0.174
13.74   9.00    1.050    0.341   1.090   0.172

13.75   0.00    0.170    0.168   0.032   0.036   0.007   0.006   0.082   0.006   0.000   0.000   0.000 857559700
13.75   5.28   51.142
13.75   9.00    0.555    0.535
13.75   9.00    1.090   52.324
13.75   9.00    1.049    0.342   1.090   0.174
13.75   9.00    1.049    0.341   1.090   0.172

13.76   0.00    0.170    0.168   0.032   0.036   0.007   0.006   0.082   0.006   0.000   0.000   0.000 858183400
13.76   5.28   51.134
13.76   9.00    0.555    0.535
13.76   9.00    1.090   52.318
13.76   9.00    1.049    0.342   1.090   0.174
13.76   9.00    1.049    0.341   1.090   0.172

13.77   0.00    0.170    0.168   0.032   0.036   0.007   0.006   0.082   0.006   0.000   0.000   0.000 858807100
13.77   5.28   51.127
13.77   9.00    0.555    0.535
13.77   9.00    1.089   52.313
13.77   9.00    1.049    0.342   1.089   0.174
13.77   9.00    1.049    0.341   1.089   0.172

13.78   0.00    0.170    0.168   0.032   0.036   0.007   0.006   0.082   0.006   0.000   0.000   0.000 859430700
13.78   5.28   51.119
13.78   9.00    0.554    0.535
13.78   9.00    1.089   52.308
13.78   9.00    1.049    0.342   1.089   0.174
13.78   9.00    1.049    0.341   1.089   0.172

13.79   0.00    0.170    0.168   0.032   0.036   0.007   0.006   0.082   0.006   0.000   0.000   0.000 860054500
13.79   5.28   51.111
13.79   9.00    0.554    0.535
13.79   9.00    1.089   52.302
13.79   9.00    1.048    0.342   1.089   0.174
13.79   9.00    1.049    0.341   1.089   0.172

13.80   0.00    0.170    0.168   0.032   0.036   0.007   0.006   0.082   0.006   0.000   0.000   0.000 860678100
13.80   5.27   51.103
13.80   9.00    0.554    0.535
13.80   9.00    1.089   52.297
13.80   9.00    1.048    0.342   1.089   0.174
13.80   9.00    1.048    0.340   1.089   0.172

13.81   0.00    0.170    0.168   0.032   0.036   0.007   0.006   0.082   0.006   0.000   0.000   0.000 861301800
13.81   5.27   51.095
13.81   9.00    0.554    0.535
13.81   9.00    1.089   52.292
13.81   9.00    1.048    0.342   1.089   0.174
13.81   9.00    1.048    0.340   1.089   0.172

13.82   0.00    0.170    0.168   0.032   0.036   0.007   0.006   0.082   0.006   0.000   0.000   0.000 861925400
13.82   5.27   51.088
13.82   9.00    0.554    0.535
13.82   9.00    1.088   52.287
13.82   9.00    1.048    0.342   1.088   0.174
13.82   9.00    1.048    0.340   1.088   0.172

13.83   0.00    0.170    0.168   0.032   0.036   0.007   0.006   0.082   0.006   0.000   0.000   0.000 862549200
13.83   5.27   51.080
13.83   9.00    0.553    0.535
13.83   9.00    1.088   52.281
13.83   9.00    1.048    0.342   1.088   0.174
13.83   9.00    1.048    0.340   1.088   0.172

13.84   0.00    0.170    0.168   0.032   0.036   0.007   0.006   0.082   0.006   0.000   0.000   0.000 863172900
13.84   5.27   51.072
13.84   9.00    0.553    0.535
13.84   9.00    1.088   52.276
13.84   9.00    1.047    0.342   1.088   0.174
13.84   9.00    1.048    0.340   1.088   0.172

13.85   0.00    0.170    0.168   0.032   0.036   0.007   0.006   0.082   0.006   0.000   0.000   0.000 863796500
13.85   5.27   51.064
13.85   9.00    0.553    0.535
13.85   9.00    1.088   52.271
13.85   9.00    1.047    0.342   1.088   0.174
13.85   9.00    1.047    0.340   1.088   0.172

13.86   0.00    0.170    0.168   0.032   0.036   0.007   0.006   0.082   0.006   0.000   0.000   0.000 864420200
13.86   5.26   51.057
13.86   9.00    0.553    0.535
13.86   9.00    1.087   52.265
13.86   9.00    1.047    0.342   1.087   0.174
13.86   9.00    1.047    0.340   1.087   0.172

13.87   0.00    0.170    0.168   0.032   0.036   0.007   0.006   0.082   0.006   0.000   0.000   0.000 865043900
13.87   5.26   51.049
13.87   9.00    0.552    0.535
13.87   9.00    1.087   52.260
13.87   9.00    1.047    0.342   1.087   0.174
13.87   9.00    1.047    0.340   1.087   0.172

13.88   0.00    0.170    0.168   0.032   0.036   0.007   0.006   0.082   0.006   0.000   0.000   0.000 865667600
13.88   5.26   51.041
13.88   9.00    0.552    0.535
13.88   9.00    1.087   52.255
13.88   9.00    1.046    0.342   1.087   0.174
13.88   9.00    1.047    0.340   1.087   0.172

13.89   0.00    0.170    0.168   0.032   0.036   0.007   0.006   0.082   0.006   0.000   0.000   0.000 866291300
13.89   5.26   51.034
13.89   9.00    0.552    0.535
13.89   9.00    1.087   52.250
13.89   9.00    1.046    0.342   1.087   0.174
13.89   9.00    1.046    0.340   1.087   0.172

13.90   0.00    0.170    0.168   0.032   0.036   0.007   0.006   0.082   0.006   0.000   0.000   0.000 866914900
13.90   5.26   51.026
13.90   9.00    0.552    0.535
13.90   9.00    1.087   52.244
13.90   9.00    1.046    0.342   1.087   0.174
13.90   9.00    1.046    0.340   1.087   0.172

13.91   0.00    0.170    0.168   0.032   0.036   0.007   0.006   0.082   0.006   0.000   0.000   0.000 867538600
13.91   5.25   51.018
13.91   9.00    0.552    0.535
13.91   9.00    1.086   52.239
13.91   9.00    1.046    0.342   1.086   0.174
13.91   9.00    1.046    0.340   1.086   0.172

13.92   0.00    0.170    0.168   0.032   0.036   0.007   0.006   0.082   0.006   0.000   0.000   0.000 868162300
13.92   5.25   51.010
13.92   9.00    0.551    0.535
13.92   9.00    1.086   52.234
13.92   9.00    1.046    0.342   1.086   0.174
13.92   9.00    1.046    0.340   1.086   0.172

13.93   0.00    0.170    0.168   0.032   0.036   0.007   0.006   0.082   0.006   0.000   0.000   0.000 868786000
13.93   5.25   51.003
13.93   9.00    0.551    0.535
13.93   9.00    1.086   52.229
13.93   9.00    1.045    0.342   1.086   0.174
13.93   9.00    1.046    0.340   1.086   0.172

13.94   0.00    0.170    0.168   0.032   0.036   0.007   0.006   0.082   0.006   0.000   0.000   0.000 869409600
13.94   5.25   50.995
13.94   9.00    0.551    0.535
13.94   9.00    1.086   52.224
13.94   9.00    1.045    0.341   1.086   0.174
13.94   9.00    1.045    0.340   1.086   0.172

13.95   0.00    0.170    0.168   0.032   0.036   0.007   0.006   0.082   0.006   0.000   0.000   0.000 870033300
13.95   5.25   50.987
13.95   9.00    0.551    0.535
13.95   9.00    1.086   52.218
13.95   9.00    1.045    0.341   1.086   0.174
13.95   9.00    1.045    0.340   1.086   0.172

13.96   0.00    0.169    0.168   0.032   0.036   0.007   0.006   0.082   0.006   0.000   0.000   0.000 870657000
13.96   5.24   50.980
13.96   9.00    0.551    0.535
13.96   9.00    1.085   52.213
13.96   9.00    1.045    0.341   1.085   0.174
13.96   9.00    1.045    0.340   1.085   0.172

13.97   0.00    0.169    0.168   0.032   0.036   0.007   0.006   0.082   0.006   0.000   0.000   0.000 871280700
13.97   5.24   50.972
13.97   9.00    0.550    0.535
13.97   9.00    1.085   52.208
13.97   9.00    1.045    0.341   1.085   0.174
13.97   9.00    1.045    0.340   1.085   0.172

13.98   0.00    0.169    0.168   0.032   0.036   0.007   0.006   0.082   0.006   0.000   0.000   0.000 871904300
13.98   5.24   50.964
13.98   9.00    0.550    0.535
13.98   9.00    1.085   52.203
13.98   9.00    1.044    0.341   1.085   0.174
13.98   9.00    1.045    0.340   1.085   0.172

13.99   0.00    0.169    0.168   0.032   0.036   0.007   0.006   0.082   0.006   0.000   0.000   0.000 872528000
13.99   5.24   50.957
13.99   9.00    0.550    0.535
13.99   9.00    1.085   52.198
13.99   9.00    1.044    0.341   1.085   0.174
13.99   9.00    1.044    0.340   1.085   0.172

14.00   0.00    0.169    0.168   0.032   0.036   0.006   0.006   0.082   0.006   0.000   0.000   0.000 873151700
14.00   5.24   50.949
14.00   9.00    0.550    0.535
14.00   9.00    1.084   52.192
14.00   9.00    1.044    0.341   1.084   0.174
14.00   9.00    1.044    0.340   1.084   0.172

14.01   0.00    0.169    0.168   0.032   0.036   0.006   0.006   0.082   0.006   0.000   0.000   0.000 873775400
14.01   5.24   50.941
14.01   9.00    0.549    0.535
14.01   9.00    1.084   52.187
14.01   9.00    1.044    0.341   1.084   0.174
14.01   9.00    1.044    0.340   1.084   0.172

14.02   0.00    0.169    0.168   0.032   0.036   0.006   0.006   0.082   0.006   0.000   0.000   0.000 874399100
14.02   5.23   50.934
14.02   9.00    0.549    0.535
14.02   9.00    1.084   52.182
14.02   9.00    1.044    0.341   1.084   0.174
14.02   9.00    1.044    0.340   1.084   0.172

14.03   0.00    0.169    0.168   0.032   0.036   0.006   0.006   0.082   0.006   0.000   0.000   0.000 875022700
14.03   5.23   50.926
14.03   9.00    0.549    0.535
14.03   9.00    1.084   52.177
14.03   9.00    1.043    0.341   1.084   0.174
14.03   9.00    1.044    0.340   1.084   0.172

14.04   0.00    0.169    0.168   0.032   0.036   0.006   0.006   0.082   0.006   0.000   0.000   0.000 875646500
14.04   5.23   50.919
14.04   9.00    0.549    0.535
14.04   9.00    1.084   52.172
14.04   9.00    1.043    0.341   1.084   0.174
14.04   9.00    1.043    0.340   1.084   0.172

14.05   0.00    0.169    0.168   0.032   0.036   0.006   0.006   0.082   0.006   0.000   0.000   0.000 876270100
14.05   5.23   50.911
14.05   9.00    0.549    0.535
14.05   9.00    1.083   52.166
14.05   9.00    1.043    0.341   1.083   0.174
14.05   9.00    1.043    0.339   1.083   0.172

14.06   0.00    0.169    0.168   0.032   0.036   0.006   0.006   0.082   0.006   0.000   0.000   0.000 876893800
14.06   5.23   50.903
14.06   9.00    0.548    0.535
14.06   9.00    1.083   52.161
14.06   9.00    1.043    0.341   1.083   0.174
14.06   9.00    1.043    0.339   1.083   0.172

14.07   0.00    0.169    0.168   0.032   0.036   0.006   0.006   0.082   0.006   0.000   0.000   0.000 877517400
14.07   5.22   50.896
14.07   9.00    0.548    0.535
14.07   9.00    1.083   52.156
14.07   9.00    1.042    0.341   1.083   0.174
14.07   9.00    1.043    0.339   1.083   0.172

14.08   0.00    0.169    0.168   0.032   0.036   0.006   0.006   0.082   0.006   0.000   0.000   0.000 878141200
14.08   5.22   50.888
14.08   9.00    0.548    0.535
14.08   9.00    1.083   52.151
14.08   9.00    1.042    0.341   1.083   0.174
14.08   9.00    1.043    0.339   1.083   0.172

14.09   0.00    0.169    0.168   0.032   0.036   0.006   0.006   0.082   0.006   0.000   0.000   0.000 878764900
14.09   5.22   50.881
14.09   9.00    0.548    0.535
14.09   9.00    1.083   52.146
14.09   9.00    1.042    0.341   1.083   0.174
14.09   9.00    1.042    0.339   1.083   0.172

14.10   0.00    0.169    0.168   0.032   0.036   0.006   0.006   0.082   0.006   0.000   0.000   0.000 879388500
14.10   5.22   50.873
14.10   9.00    0.548    0.535
14.10   9.00    1.082   52.141
14.10   9.00    1.042    0.341   1.082   0.174
14.10   9.00    1.042    0.339   1.082   0.172

14.11   0.00    0.169    0.168   0.032   0.036   0.006   0.006   0.082   0.006   0.000   0.000   0.000 880012200
14.11   5.22   50.865
14.11   9.00    0.547    0.535
14.11   9.00    1.082   52.136
14.11   9.00    1.042    0.341   1.082   0.174
14.11   9.00    1.042    0.339   1.082   0.172

14.12   0.00    0.169    0.168   0.032   0.036   0.006   0.006   0.082   0.006   0.000   0.000   0.000 880635800
14.12   5.22   50.858
14.12   9.00    0.547    0.535
14.12   9.00    1.082   52.131
14.12   9.00    1.041    0.341   1.082   0.174
14.12   9.00    1.042    0.339   1.082   0.172

14.13   0.00    0.169    0.168   0.032   0.036   0.006   0.006   0.082   0.006   0.000   0.000   0.000 881259600
14.13   5.21   50.850
14.13   9.00    0.547    0.535
14.13   9.00    1.082   52.125
14.13   9.00    1.041    0.341   1.082   0.174
14.13   9.00    1.041    0.339   1.082   0.172

14.14   0.00    0.169    0.168   0.032   0.036   0.006   0.006   0.082   0.006   0.000   0.000   0.000 881883300
14.14   5.21   50.843
14.14   9.00    0.547    0.535
14.14   9.00    1.082   52.120
14.14   9.00    1.041    0.341   1.082   0.174
14.14   9.00    1.041    0.339   1.082   0.172

14.15   0.00    0.169    0.168   0.032   0.036   0.006   0.006   0.082   0.006   0.000   0.000   0.000 882506900
14.15   5.21   50.835
14.15   9.00    0.547    0.535
14.15   9.00    1.081   52.115
14.15   9.00    1.041    0.341   1.081   0.174
14.15   9.00    1.041    0.339   1.081   0.172

14.16   0.00    0.169    0.168   0.032   0.036   0.006   0.006   0.082   0.006   0.000   0.000   0.000 883130600
14.16   5.21   50.828
14.16   9.00    0.546    0.535
14.16   9.00    1.081   52.110
14.16   9.00    1.041    0.341   1.081   0.174
14.16   9.00    1.041    0.339   1.081   0.172

14.17   0.00    0.169    0.168   0.032   0.036   0.006   0.006   0.082   0.006   0.000   0.000   0.000 883754300
14.17   5.21   50.820
14.17   9.00    0.546    0.535
14.17   9.00    1.081   52.105
14.17   9.00    1.040    0.340   1.081   0.174
14.17   9.00    1.041    0.339   1.081   0.172

14.18   0.00    0.169    0.168   0.032   0.036   0.006   0.006   0.082   0.006   0.000   0.000   0.000 884378000
14.18   5.20   50.813
14.18   9.00    0.546    0.535
14.18   9.00    1.081   52.100
14.18   9.00    1.040    0.340   1.081   0.174
14.18   9.00    1.040    0.339   1.081   0.172

14.19   0.00    0.169    0.168   0.032   0.036   0.006   0.006   0.082   0.006   0.000   0.000   0.000 885001600
14.19   5.20   50.805
14.19   9.00    0.546    0.535
14.19   9.00    1.080   52.095
14.19   9.00    1.040    0.340   1.080   0.174
14.19   9.00    1.040    0.339   1.080   0.172

14.20   0.00    0.169    0.168   0.032   0.036   0.006   0.006   0.082   0.006   0.000   0.000   0.000 885625300
14.20   5.20   50.798
14.20   9.00    0.545    0.535
14.20   9.00    1.080   52.090
14.20   9.00    1.040    0.340   1.080   0.174
14.20   9.00    1.040    0.339   1.080   0.172

14.21   0.00    0.169    0.168   0.032   0.036   0.006   0.006   0.082   0.006   0.000   0.000   0.000 886249000
14.21   5.20   50.790
14.21   9.00    0.545    0.535
14.21   9.00    1.080   52.085
14.21   9.00    1.040    0.340   1.080   0.174
14.21   9.00    1.040    0.339   1.080   0.172

14.22   0.00    0.169    0.168   0.032   0.036   0.006   0.006   0.082   0.006   0.000   0.000   0.000 886872700
14.22   5.20   50.783
14.22   9.00    0.545    0.535
14.22   9.00    1.080   52.080
14.22   9.00    1.039    0.340   1.080   0.174
14.22   9.00    1.040    0.339   1.080   0.172

14.23   0.00    0.169    0.168   0.032   0.036   0.006   0.006   0.082   0.006   0.000   0.000   0.000 887496300
14.23   5.20   50.775
14.23   9.00    0.545    0.535
14.23   9.00    1.080   52.075
14.23   9.00    1.039    0.340   1.080   0.173
14.23   9.00    1.039    0.339   1.080   0.172

14.24   0.00    0.169    0.168   0.032   0.036   0.006   0.006   0.082   0.006   0.000   0.000   0.000 888120000
14.24   5.19   50.768
14.24   9.00    0.545    0.535
14.24   9.00    1.079   52.070
14.24   9.00    1.039    0.340   1.079   0.173
14.24   9.00    1.039    0.339   1.079   0.172

14.25   0.00    0.169    0.168   0.032   0.036   0.006   0.006   0.082   0.006   0.000   0.000   0.000 888743700
14.25   5.19   50.760
14.25   9.00    0.544    0.535
14.25   9.00    1.079   52.065
14.25   9.00    1.039    0.340   1.079   0.173
14.25   9.00    1.039    0.339   1.079   0.172

14.26   0.00    0.169    0.168   0.032   0.036   0.006   0.006   0.082   0.006   0.000   0.000   0.000 889367400
14.26   5.19   50.753
14.26   9.00    0.544    0.535
14.26   9.00    1.079   52.060
14.26   9.00    1.039    0.340   1.079   0.173
14.26   9.00    1.039    0.339   1.079   0.172

14.27   0.00    0.169    0.168   0.032   0.036   0.006   0.006   0.082   0.006   0.000   0.000   0.000 889991100
14.27   5.19   50.745
14.27   9.00    0.544    0.535
14.27   9.00    1.079   52.055
14.27   9.00    1.038    0.340   1.079   0.173
14.27   9.00    1.039    0.339   1.079   0.172

14.28   0.00    0.169    0.168   0.032   0.036   0.006   0.006   0.082   0.006   0.000   0.000   0.000 890614700
14.28   5.19   50.738
14.28   9.00    0.544    0.535
14.28   9.00    1.079   52.050
14.28   9.00    1.038    0.340   1.079   0.173
14.28   9.00    1.038    0.339   1.079   0.172

14.29   0.00    0.169    0.168   0.032   0.036   0.006   0.006   0.082   0.006   0.000   0.000   0.000 891238400
14.29   5.18   50.730
14.29   9.00    0.544    0.535
14.29   9.00    1.078   52.044
14.29   9.00    1.038    0.340   1.078   0.173
14.29   9.00    1.038    0.339   1.078   0.172

14.30   0.00    0.169    0.168   0.032   0.036   0.006   0.006   0.082   0.006   0.000   0.000   0.000 891862100
14.30   5.18   50.723
14.30   9.00    0.543    0.535
14.30   9.00    1.078   52.039
14.30   9.00    1.038    0.340   1.078   0.173
14.30   9.00    1.038    0.338   1.078   0.172

14.31   0.00    0.169    0.168   0.032   0.036   0.006   0.006   0.082   0.006   0.000   0.000   0.000 892485800
14.31   5.18   50.715
14.31   9.00    0.543    0.535
14.31   9.00    1.078   52.034
14.31   9.00    1.038    0.340   1.078   0.173
14.31   9.00    1.038    0.338   1.078   0.172

14.32   0.00    0.169    0.168   0.032   0.036   0.006   0.006   0.082   0.006   0.000   0.000   0.000 893109400
14.32   5.18   50.708
14.32   9.00    0.543    0.535
14.32   9.00    1.078   52.029
14.32   9.00    1.037    0.340   1.078   0.173
14.32   9.00    1.038    0.338   1.078   0.172

14.33   0.00    0.169    0.168   0.032   0.036   0.006   0.006   0.082   0.006   0.000   0.000   0.000 893733100
14.33   5.18   50.700
14.33   9.00    0.543    0.535
14.33   9.00    1.078   52.024
14.33   9.00    1.037    0.340   1.078   0.173
14.33   9.00    1.037    0.338   1.078   0.172

14.34   0.00    0.169    0.168   0.032   0.036   0.006   0.006   0.082   0.006   0.000   0.000   0.000 894356900
14.34   5.18   50.693
14.34   9.00    0.543    0.535
14.34   9.00    1.077   52.019
14.34   9.00    1.037    0.340   1.077   0.173
14.34   9.00    1.037    0.338   1.077   0.172

14.35   0.00    0.169    0.168   0.032   0.036   0.006   0.006   0.082   0.006   0.000   0.000   0.000 894980500
14.35   5.17   50.686
14.35   9.00    0.542    0.535
14.35   9.00    1.077   52.014
14.35   9.00    1.037    0.340   1.077   0.173
14.35   9.00    1.037    0.338   1.077   0.172

14.36   0.00    0.169    0.168   0.032   0.036   0.006   0.006   0.082   0.006   0.000   0.000   0.000 895604200
14.36   5.17   50.678
14.36   9.00    0.542    0.535
14.36   9.00    1.077   52.010
14.36   9.00    1.037    0.340   1.077   0.173
14.36   9.00    1.037    0.338   1.077   0.172

14.37   0.00    0.169    0.168   0.032   0.036   0.006   0.006   0.082   0.006   0.000   0.000   0.000 896227800
14.37   5.17   50.671
14.37   9.00    0.542    0.535
14.37   9.00    1.077   52.005
14.37   9.00    1.036    0.340   1.077   0.173
14.37   9.00    1.037    0.338   1.077   0.172

14.38   0.00    0.169    0.168   0.032   0.036   0.006   0.006   0.082   0.006   0.000   0.000   0.000 896851600
14.38   5.17   50.663
14.38   9.00    0.542    0.535
14.38   9.00    1.077   52.000
14.38   9.00    1.036    0.340   1.077   0.173
14.38   9.00    1.036    0.338   1.077   0.172

14.39   0.00    0.169    0.168   0.032   0.036   0.006   0.006   0.082   0.006   0.000   0.000   0.000 897475300
14.39   5.17   50.656
14.39   9.00    0.542    0.535
14.39   9.00    1.076   51.995
14.39   9.00    1.036    0.340   1.076   0.173
14.39   9.00    1.036    0.338   1.076   0.172

14.40   0.00    0.169    0.168   0.032   0.036   0.006   0.006   0.082   0.006   0.000   0.000   0.000 898098900
14.40   5.17   50.649
14.40   9.00    0.541    0.535
14.40   9.00    1.076   51.990
14.40   9.00    1.036    0.340   1.076   0.173
14.40   9.00    1.036    0.338   1.076   0.172

14.41   0.00    0.169    0.168   0.032   0.036   0.006   0.006   0.082   0.006   0.000   0.000   0.000 898722600
14.41   5.16   50.641
14.41   9.00    0.541    0.535
14.41   9.00    1.076   51.985
14.41   9.00    1.036    0.340   1.076   0.173
14.41   9.00    1.036    0.338   1.076   0.172

14.42   0.00    0.169    0.168   0.032   0.036   0.006   0.006   0.082   0.006   0.000   0.000   0.000 899346300
14.42   5.16   50.634
14.42   9.00    0.541    0.535
14.42   9.00    1.076   51.980
14.42   9.00    1.035    0.339   1.076   0.173
14.42   9.00    1.036    0.338   1.076   0.172

14.43   0.00    0.169    0.168   0.032   0.036   0.006   0.006   0.082   0.006   0.000   0.000   0.000 899970000
14.43   5.16   50.626
14.43   9.00    0.541    0.535
14.43   9.00    1.076   51.975
14.43   9.00    1.035    0.339   1.076   0.173
14.43   9.00    1.035    0.338   1.076   0.172

14.44   0.00    0.169    0.168   0.032   0.036   0.006   0.006   0.082   0.006   0.000   0.000   0.000 900593600
14.44   5.16   50.619
14.44   9.00    0.541    0.535
14.44   9.00    1.075   51.970
14.44   9.00    1.035    0.339   1.075   0.173
14.44   9.00    1.035    0.338   1.075   0.172

14.45   0.00    0.169    0.168   0.032   0.036   0.006   0.006   0.082   0.006   0.000   0.000   0.000 901217300
14.45   5.16   50.612
14.45   9.00    0.540    0.535
14.45   9.00    1.075   51.965
14.45   9.00    1.035    0.339   1.075   0.173
14.45   9.00    1.035    0.338   1.075   0.172

14.46   0.00    0.169    0.168   0.032   0.036   0.006   0.006   0.082   0.006   0.000   0.000   0.000 901841000
14.46   5.15   50.604
14.46   9.00    0.540    0.535
14.46   9.00    1.075   51.960
14.46   9.00    1.035    0.339   1.075   0.173
14.46   9.00    1.035    0.338   1.075   0.172

14.47   0.00    0.169    0.168   0.032   0.036   0.006   0.006   0.082   0.006   0.000   0.000   0.000 902464700
14.47   5.15   50.597
14.47   9.00    0.540    0.535
14.47   9.00    1.075   51.955
14.47   9.00    1.034    0.339   1.075   0.173
14.47   9.00    1.035    0.338   1.075   0.172

14.48   0.00    0.169    0.168   0.032   0.036   0.006   0.006   0.082   0.006   0.000   0.000   0.000 903088300
14.48   5.15   50.590
14.48   9.00    0.540    0.535
14.48   9.00    1.075   51.950
14.48   9.00    1.034    0.339   1.075   0.173
14.48   9.00    1.034    0.338   1.075   0.172

14.49   0.00    0.169    0.168   0.032   0.036   0.006   0.006   0.082   0.006   0.000   0.000   0.000 903712000
14.49   5.15   50.582
14.49   9.00    0.540    0.535
14.49   9.00    1.074   51.945
14.49   9.00    1.034    0.339   1.074   0.173
14.49   9.00    1.034    0.338   1.074   0.172

14.50   0.00    0.169    0.168   0.032   0.036   0.006   0.006   0.082   0.006   0.000   0.000   0.000 904335700
14.50   5.15   50.575
14.50   9.00    0.539    0.535
14.50   9.00    1.074   51.940
14.50   9.00    1.034    0.339   1.074   0.173
14.50   9.00    1.034    0.338   1.074   0.172

14.51   0.00    0.169    0.168   0.032   0.036   0.006   0.006   0.082   0.006   0.000   0.000   0.000 904959400
14.51   5.15   50.568
14.51   9.00    0.539    0.535
14.51   9.00    1.074   51.936
14.51   9.00    1.034    0.339   1.074   0.173
14.51   9.00    1.034    0.338   1.074   0.172

14.52   0.00    0.169    0.168   0.032   0.036   0.006   0.006   0.082   0.006   0.000   0.000   0.000 905583100
14.52   5.14   50.560
14.52   9.00    0.539    0.535
14.52   9.00    1.074   51.931
14.52   9.00    1.033    0.339   1.074   0.173
14.52   9.00    1.034    0.338   1.074   0.172

14.53   0.00    0.169    0.168   0.032   0.036   0.006   0.006   0.082   0.006   0.000   0.000   0.000 906206700
14.53   5.14   50.553
14.53   9.00    0.539    0.535
14.53   9.00    1.074   51.926
14.53   9.00    1.033    0.339   1.074   0.173
14.53   9.00    1.034    0.338   1.074   0.172

14.54   0.00    0.169    0.168   0.032   0.036   0.006   0.006   0.082   0.006   0.000   0.000   0.000 906830400
14.54   5.14   50.546
14.54   9.00    0.539    0.535
14.54   9.00    1.073   51.921
14.54   9.00    1.033    0.339   1.073   0.173
14.54   9.00    1.033    0.338   1.073   0.172

14.55   0.00    0.169    0.168   0.032   0.036   0.006   0.006   0.082   0.006   0.000   0.000   0.000 907454100
14.55   5.14   50.538
14.55   9.00    0.538    0.535
14.55   9.00    1.073   51.916
14.55   9.00    1.033    0.339   1.073   0.173
14.55   9.00    1.033    0.338   1.073   0.172

14.56   0.00    0.169    0.168   0.032   0.036   0.006   0.006   0.082   0.006   0.000   0.000   0.000 908077800
14.56   5.14   50.531
14.56   9.00    0.538    0.535
14.56   9.00    1.073   51.911
14.56   9.00    1.033    0.339   1.073   0.173
14.56   9.00    1.033    0.337   1.073   0.172

14.57   0.00    0.169    0.168   0.032   0.036   0.006   0.006   0.082   0.006   0.000   0.000   0.000 908701400
14.57   5.14   50.524
14.57   9.00    0.538    0.535
14.57   9.00    1.073   51.906
14.57   9.00    1.032    0.339   1.073   0.173
14.57   9.00    1.033    0.337   1.073   0.172

14.58   0.00    0.169    0.168   0.032   0.036   0.006   0.006   0.082   0.006   0.000   0.000   0.000 909325100
14.58   5.13   50.517
14.58   9.00    0.538    0.535
14.58   9.00    1.073   51.901
14.58   9.00    1.032    0.339   1.073   0.173
14.58   9.00    1.033    0.337   1.073   0.172

14.59   0.00    0.169    0.168   0.032   0.036   0.006   0.006   0.082   0.006   0.000   0.000   0.000 909948900
14.59   5.13   50.509
14.59   9.00    0.538    0.535
14.59   9.00    1.072   51.897
14.59   9.00    1.032    0.339   1.072   0.173
14.59   9.00    1.032    0.337   1.072   0.172

14.60   0.00    0.169    0.168   0.032   0.036   0.006   0.006   0.082   0.006   0.000   0.000   0.000 910572500
14.60   5.13   50.502
14.60   9.00    0.537    0.535
14.60   9.00    1.072   51.892
14.60   9.00    1.032    0.339   1.072   0.173
14.60   9.00    1.032    0.337   1.072   0.172

14.61   0.00    0.169    0.168   0.032   0.036   0.006   0.006   0.082   0.006   0.000   0.000   0.000 911196200
14.61   5.13   50.495
14.61   9.00    0.537    0.535
14.61   9.00    1.072   51.887
14.61   9.00    1.032    0.339   1.072   0.173
14.61   9.00    1.032    0.337   1.072   0.172

14.62   0.00    0.169    0.168   0.032   0.036   0.006   0.006   0.082   0.006   0.000   0.000   0.000 911819800
14.62   5.13   50.487
14.62   9.00    0.537    0.535
14.62   9.00    1.072   51.882
14.62   9.00    1.032    0.339   1.072   0.173
14.62   9.00    1.032    0.337   1.072   0.172

14.63   0.00    0.169    0.167   0.032   0.036   0.006   0.006   0.082   0.006   0.000   0.000   0.000 912443600
14.63   5.13   50.480
14.63   9.00    0.537    0.535
14.63   9.00    1.072   51.877
14.63   9.00    1.031    0.339   1.072   0.173
14.63   9.00    1.032    0.337   1.072   0.172

14.64   0.00    0.169    0.167   0.032   0.036   0.006   0.006   0.082   0.006   0.000   0.000   0.000 913067300
14.64   5.12   50.473
14.64   9.00    0.537    0.535
14.64   9.00    1.071   51.872
14.64   9.00    1.031    0.339   1.071   0.173
14.64   9.00    1.031    0.337   1.071   0.172

14.65   0.00    0.169    0.167   0.032   0.036   0.006   0.006   0.082   0.006   0.000   0.000   0.000 913690900
14.65   5.12   50.466
14.65   9.00    0.536    0.535
14.65   9.00    1.071   51.868
14.65   9.00    1.031    0.339   1.071   0.173
14.65   9.00    1.031    0.337   1.071   0.172

14.66   0.00    0.169    0.167   0.032   0.036   0.006   0.006   0.082   0.006   0.000   0.000   0.000 914314600
14.66   5.12   50.459
14.66   9.00    0.536    0.535
14.66   9.00    1.071   51.863
14.66   9.00    1.031    0.339   1.071   0.173
14.66   9.00    1.031    0.337   1.071   0.172

14.67   0.00    0.169    0.167   0.032   0.036   0.006   0.006   0.082   0.006   0.000   0.000   0.000 914938200
14.67   5.12   50.451
14.67   9.00    0.536    0.535
14.67   9.00    1.071   51.858
14.67   9.00    1.031    0.338   1.071   0.173
14.67   9.00    1.031    0.337   1.071   0.172

14.68   0.00    0.169    0.167   0.032   0.036   0.006   0.006   0.082   0.006   0.000   0.000   0.000 915562000
14.68   5.12   50.444
14.68   9.00    0.536    0.535
14.68   9.00    1.071   51.853
14.68   9.00    1.030    0.338   1.071   0.173
14.68   9.00    1.031    0.337   1.071   0.172

14.69   0.00    0.169    0.167   0.032   0.036   0.006   0.006   0.082   0.006   0.000   0.000   0.000 916185600
14.69   5.12   50.437
14.69   9.00    0.536    0.535
14.69   9.00    1.070   51.848
14.69   9.00    1.030    0.338   1.070   0.173
14.69   9.00    1.030    0.337   1.070   0.172

14.70   0.00    0.169    0.167   0.032   0.036   0.006   0.006   0.082   0.006   0.000   0.000   0.000 916809300
14.70   5.11   50.430
14.70   9.00    0.536    0.535
14.70   9.00    1.070   51.844
14.70   9.00    1.030    0.338   1.070   0.173
14.70   9.00    1.030    0.337   1.070   0.172

14.71   0.00    0.169    0.167   0.032   0.036   0.006   0.006   0.082   0.006   0.000   0.000   0.000 917433000
14.71   5.11   50.422
14.71   9.00    0.535    0.535
14.71   9.00    1.070   51.839
14.71   9.00    1.030    0.338   1.070   0.173
14.71   9.00    1.030    0.337   1.070   0.172

14.72   0.00    0.169    0.167   0.032   0.036   0.006   0.006   0.082   0.006   0.000   0.000   0.000 918056700
14.72   5.11   50.415
14.72   9.00    0.535    0.535
14.72   9.00    1.070   51.834
14.72   9.00    1.030    0.338   1.070   0.173
14.72   9.00    1.030    0.337   1.070   0.172

14.73   0.00    0.169    0.167   0.032   0.036   0.006   0.006   0.082   0.006   0.000   0.000   0.000 918680300
14.73   5.11   50.408
14.73   9.00    0.535    0.535
14.73   9.00    1.070   51.829
14.73   9.00    1.029    0.338   1.070   0.173
14.73   9.00    1.030    0.337   1.070   0.172

14.74   0.00    0.169    0.167   0.032   0.036   0.006   0.006   0.082   0.006   0.000   0.000   0.000 919304000
14.74   5.11   50.401
14.74   9.00    0.535    0.535
14.74   9.00    1.069   51.824
14.74   9.00    1.029    0.338   1.069   0.173
14.74   9.00    1.029    0.337   1.069   0.172

14.75   0.00    0.169    0.167   0.032   0.036   0.006   0.006   0.082   0.006   0.000   0.000   0.000 919927700
14.75   5.11   50.394
14.75   9.00    0.535    0.535
14.75   9.00    1.069   51.820
14.75   9.00    1.029    0.338   1.069   0.173
14.75   9.00    1.029    0.337   1.069   0.172

14.76   0.00    0.169    0.167   0.032   0.036   0.006   0.006   0.082   0.006   0.000   0.000   0.000 920551400
14.76   5.10   50.387
14.76   9.00    0.534    0.535
14.76   9.00    1.069   51.815
14.76   9.00    1.029    0.338   1.069   0.173
14.76   9.00    1.029    0.337   1.069   0.172

14.77   0.00    0.169    0.167   0.032   0.036   0.006   0.006   0.082   0.006   0.000   0.000   0.000 921175100
14.77   5.10   50.379
14.77   9.00    0.534    0.535
14.77   9.00    1.069   51.810
14.77   9.00    1.029    0.338   1.069   0.173
14.77   9.00    1.029    0.337   1.069   0.172

14.78   0.00    0.169    0.167   0.032   0.036   0.006   0.006   0.082   0.006   0.000   0.000   0.000 921798700
14.78   5.10   50.372
14.78   9.00    0.534    0.535
14.78   9.00    1.069   51.805
14.78   9.00    1.029    0.338   1.069   0.173
14.78   9.00    1.029    0.337   1.069   0.172

14.79   0.00    0.169    0.167   0.032   0.036   0.006   0.006   0.082   0.006   0.000   0.000   0.000 922422400
14.79   5.10   50.365
14.79   9.00    0.534    0.535
14.79   9.00    1.069   51.801
14.79   9.00    1.028    0.338   1.069   0.173
14.79   9.00    1.029    0.337   1.069   0.172

14.80   0.00    0.169    0.167   0.032   0.036   0.006   0.006   0.082   0.006   0.000   0.000   0.000 923046100
14.80   5.10   50.358
14.80   9.00    0.534    0.535
14.80   9.00    1.068   51.796
14.80   9.00    1.028    0.338   1.068   0.173
14.80   9.00    1.028    0.337   1.068   0.172

14.81   0.00    0.169    0.167   0.032   0.036   0.006   0.006   0.082   0.006   0.000   0.000   0.000 923669800
14.81   5.10   50.351
14.81   9.00    0.533    0.535
14.81   9.00    1.068   51.791
14.81   9.00    1.028    0.338   1.068   0.173
14.81   9.00    1.028    0.337   1.068   0.172

14.82   0.00    0.169    0.167   0.032   0.036   0.006   0.006   0.082   0.006   0.000   0.000   0.000 924293400
14.82   5.09   50.344
14.82   9.00    0.533    0.535
14.82   9.00    1.068   51.786
14.82   9.00    1.028    0.338   1.068   0.173
14.82   9.00    1.028    0.337   1.068   0.172

14.83   0.00    0.169    0.167   0.032   0.036   0.006   0.006   0.082   0.006   0.000   0.000   0.000 924917100
14.83   5.09   50.337
14.83   9.00    0.533    0.535
14.83   9.00    1.068   51.782
14.83   9.00    1.028    0.338   1.068   0.173
14.83   9.00    1.028    0.336   1.068   0.172

14.84   0.00    0.169    0.167   0.032   0.036   0.006   0.006   0.082   0.006   0.000   0.000   0.000 925540800
14.84   5.09   50.329
14.84   9.00    0.533    0.535
14.84   9.00    1.068   51.777
14.84   9.00    1.027    0.338   1.068   0.173
14.84   9.00    1.028    0.336   1.068   0.172

14.85   0.00    0.169    0.167   0.032   0.036   0.006   0.006   0.082   0.006   0.000   0.000   0.000 926164500
14.85   5.09   50.322
14.85   9.00    0.533    0.535
14.85   9.00    1.067   51.772
14.85   9.00    1.027    0.338   1.067   0.173
14.85   9.00    1.027    0.336   1.067   0.172

14.86   0.00    0.169    0.167   0.032   0.036   0.006   0.006   0.082   0.006   0.000   0.000   0.000 926788200
14.86   5.09   50.315
14.86   9.00    0.532    0.535
14.86   9.00    1.067   51.768
14.86   9.00    1.027    0.338   1.067   0.173
14.86   9.00    1.027    0.336   1.067   0.172

14.87   0.00    0.169    0.167   0.032   0.036   0.006   0.006   0.082   0.006   0.000   0.000   0.000 927411800
14.87   5.09   50.308
14.87   9.00    0.532    0.535
14.87   9.00    1.067   51.763
14.87   9.00    1.027    0.338   1.067   0.173
14.87   9.00    1.027    0.336   1.067   0.172

14.88   0.00    0.169    0.167   0.032   0.036   0.006   0.006   0.082   0.006   0.000   0.000   0.000 928035500
14.88   5.08   50.301
14.88   9.00    0.532    0.535
14.88   9.00    1.067   51.758
14.88   9.00    1.027    0.338   1.067   0.173
14.88   9.00    1.027    0.336   1.067   0.172

14.89   0.00    0.169    0.167   0.032   0.036   0.006   0.006   0.082   0.006   0.000   0.000   0.000 928659300
14.89   5.08   50.294
14.89   9.00    0.532    0.535
14.89   9.00    1.067   51.753
14.89   9.00    1.026    0.338   1.067   0.173
14.89   9.00    1.027    0.336   1.067   0.172

14.90   0.00    0.169    0.167   0.032   0.036   0.006   0.006   0.082   0.006   0.000   0.000   0.000 929282900
14.90   5.08   50.287
14.90   9.00    0.532    0.535
14.90   9.00    1.066   51.749
14.90   9.00    1.026    0.338   1.066   0.173
14.90   9.00    1.026    0.336   1.066   0.172

14.91   0.00    0.169    0.167   0.032   0.036   0.006   0.006   0.082   0.006   0.000   0.000   0.000 929906600
14.91   5.08   50.280
14.91   9.00    0.531    0.535
14.91   9.00    1.066   51.744
14.91   9.00    1.026    0.338   1.066   0.173
14.91   9.00    1.026    0.336   1.066   0.172

14.92   0.00    0.169    0.167   0.032   0.036   0.006   0.006   0.082   0.006   0.000   0.000   0.000 930530200
14.92   5.08   50.273
14.92   9.00    0.531    0.535
14.92   9.00    1.066   51.739
14.92   9.00    1.026    0.338   1.066   0.173
14.92   9.00    1.026    0.336   1.066   0.172

14.93   0.00    0.169    0.167   0.032   0.036   0.006   0.006   0.082   0.006   0.000   0.000   0.000 931154000
14.93   5.08   50.266
14.93   9.00    0.531    0.535
14.93   9.00    1.066   51.735
14.93   9.00    1.026    0.338   1.066   0.173
14.93   9.00    1.026    0.336   1.066   0.172

14.94   0.00    0.169    0.167   0.032   0.036   0.006   0.006   0.082   0.006   0.000   0.000   0.000 931777600
14.94   5.07   50.258
14.94   9.00    0.531    0.535
14.94   9.00    1.066   51.730
14.94   9.00    1.026    0.337   1.066   0.173
14.94   9.00    1.026    0.336   1.066   0.171

14.95   0.00    0.169    0.167   0.032   0.036   0.006   0.006   0.082   0.006   0.000   0.000   0.000 932401300
14.95   5.07   50.251
14.95   9.00    0.531    0.535
14.95   9.00    1.066   51.725
14.95   9.00    1.025    0.337   1.066   0.173
14.95   9.00    1.026    0.336   1.066   0.171

14.96   0.00    0.169    0.167   0.032   0.036   0.006   0.006   0.082   0.006   0.000   0.000   0.000 933025000
14.96   5.07   50.244
14.96   9.00    0.531    0.535
14.96   9.00    1.065   51.721
14.96   9.00    1.025    0.337   1.065   0.173
14.96   9.00    1.025    0.336   1.065   0.171

14.97   0.00    0.169    0.167   0.032   0.036   0.006   0.006   0.082   0.006   0.000   0.000   0.000 933648700
14.97   5.07   50.237
14.97   9.00    0.530    0.535
14.97   9.00    1.065   51.716
14.97   9.00    1.025    0.337   1.065   0.173
14.97   9.00    1.025    0.336   1.065   0.171

14.98   0.00    0.169    0.167   0.032   0.036   0.006   0.006   0.082   0.006   0.000   0.000   0.000 934272300
14.98   5.07   50.230
14.98   9.00    0.530    0.535
14.98   9.00    1.065   51.711
14.98   9.00    1.025    0.337   1.065   0.173
14.98   9.00    1.025    0.336   1.065   0.171

14.99   0.00    0.169    0.167   0.032   0.036   0.006   0.006   0.082   0.006   0.000   0.000   0.000 934896000
14.99   5.07   50.223
14.99   9.00    0.530    0.535
14.99   9.00    1.065   51.707
14.99   9.00    1.025    0.337   1.065   0.173
14.99   9.00    1.025    0.336   1.065   0.171

15.00   0.00    0.169    0.167   0.032   0.036   0.006   0.006   0.082   0.006   0.000   0.000   0.000 935519700
15.00   5.07   50.216
15.00   9.00    0.530    0.535
15.00   9.00    1.065   51.702
15.00   9.00    1.024    0.337   1.065   0.173
15.00   9.00    1.025    0.336   1.065   0.171

15.01   0.00    0.169    0.167   0.032   0.036   0.006   0.006   0.082   0.006   0.000   0.000   0.000 936143400
15.01   5.06   50.209
15.01   9.00    0.530    0.535
15.01   9.00    1.064   51.697
15.01   9.00    1.024    0.337   1.064   0.173
15.01   9.00    1.024    0.336   1.064   0.171

15.02   0.00    0.169    0.167   0.032   0.036   0.006   0.006   0.082   0.006   0.000   0.000   0.000 936767100
15.02   5.06   50.202
15.02   9.00    0.529    0.535
15.02   9.00    1.064   51.693
15.02   9.00    1.024    0.337   1.064   0.173
15.02   9.00    1.024    0.336   1.064   0.171

15.03   0.00    0.169    0.167   0.032   0.036   0.006   0.006   0.082   0.006   0.000   0.000   0.000 937390700
15.03   5.06   50.195
15.03   9.00    0.529    0.535
15.03   9.00    1.064   51.688
15.03   9.00    1.024    0.337   1.064   0.173
15.03   9.00    1.024    0.336   1.064   0.171

15.04   0.00    0.169    0.167   0.032   0.036   0.006   0.006   0.082   0.006   0.000   0.000   0.000 938014400
15.04   5.06   50.188
15.04   9.00    0.529    0.535
15.04   9.00    1.064   51.684
15.04   9.00    1.024    0.337   1.064   0.173
15.04   9.00    1.024    0.336   1.064   0.171

15.05   0.00    0.169    0.167   0.032   0.036   0.006   0.006   0.082   0.006   0.000   0.000   0.000 938638100
15.05   5.06   50.181
15.05   9.00    0.529    0.535
15.05   9.00    1.064   51.679
15.05   9.00    1.024    0.337   1.064   0.173
15.05   9.00    1.024    0.336   1.064   0.171

15.06   0.00    0.169    0.167   0.032   0.036   0.006   0.006   0.082   0.006   0.000   0.000   0.000 939261800
15.06   5.06   50.174
15.06   9.00    0.529    0.535
15.06   9.00    1.063   51.674
15.06   9.00    1.023    0.337   1.063   0.173
15.06   9.00    1.024    0.336   1.063   0.171

15.07   0.00    0.169    0.167   0.032   0.036   0.006   0.006   0.082   0.006   0.000   0.000   0.000 939885400
15.07   5.05   50.167
15.07   9.00    0.529    0.535
15.07   9.00    1.063   51.670
15.07   9.00    1.023    0.337   1.063   0.173
15.07   9.00    1.023    0.336   1.063   0.171

15.08   0.00    0.169    0.167   0.032   0.036   0.006   0.006   0.082   0.006   0.000   0.000   0.000 940509100
15.08   5.05   50.160
15.08   9.00    0.528    0.535
15.08   9.00    1.063   51.665
15.08   9.00    1.023    0.337   1.063   0.173
15.08   9.00    1.023    0.336   1.063   0.171

15.09   0.00    0.169    0.167   0.032   0.036   0.006   0.006   0.082   0.006   0.000   0.000   0.000 941132800
15.09   5.05   50.153
15.09   9.00    0.528    0.535
15.09   9.00    1.063   51.661
15.09   9.00    1.023    0.337   1.063   0.173
15.09   9.00    1.023    0.336   1.063   0.171

15.10   0.00    0.169    0.167   0.032   0.036   0.006   0.006   0.082   0.006   0.000   0.000   0.000 941756500
15.10   5.05   50.146
15.10   9.00    0.528    0.535
15.10   9.00    1.063   51.656
15.10   9.00    1.023    0.337   1.063   0.173
15.10   9.00    1.023    0.336   1.063   0.171

15.11   0.00    0.169    0.167   0.032   0.036   0.006   0.006   0.082   0.006   0.000   0.000   0.000 942380200
15.11   5.05   50.139
15.11   9.00    0.528    0.535
15.11   9.00    1.063   51.651
15.11   9.00    1.022    0.337   1.063   0.173
15.11   9.00    1.023    0.335   1.063   0.171

15.12   0.00    0.169    0.167   0.032   0.036   0.006   0.006   0.082   0.006   0.000   0.000   0.000 943003800
15.12   5.05   50.132
15.12   9.00    0.528    0.535
15.12   9.00    1.062   51.647
15.12   9.00    1.022    0.337   1.062   0.173
15.12   9.00    1.022    0.335   1.062   0.171

15.13   0.00    0.169    0.167   0.032   0.036   0.006   0.006   0.082   0.006   0.000   0.000   0.000 943627500
15.13   5.04   50.125
15.13   9.00    0.527    0.535
15.13   9.00    1.062   51.642
15.13   9.00    1.022    0.337   1.062   0.173
15.13   9.00    1.022    0.335   1.062   0.171

15.14   0.00    0.168    0.167   0.032   0.036   0.006   0.006   0.082   0.006   0.000   0.000   0.000 944251300
15.14   5.04   50.118
15.14   9.00    0.527    0.535
15.14   9.00    1.062   51.638
15.14   9.00    1.022    0.337   1.062   0.173
15.14   9.00    1.022    0.335   1.062   0.171

15.15   0.00    0.168    0.167   0.032   0.036   0.006   0.006   0.082   0.006   0.000   0.000   0.000 944874900
15.15   5.04   50.111
15.15   9.00    0.527    0.535
15.15   9.00    1.062   51.633
15.15   9.00    1.022    0.337   1.062   0.173
15.15   9.00    1.022    0.335   1.062   0.171

15.16   0.00    0.168    0.167   0.032   0.036   0.006   0.006   0.082   0.006   0.000   0.000   0.000 945498600
15.16   5.04   50.105
15.16   9.00    0.527    0.535
15.16   9.00    1.062   51.629
15.16   9.00    1.022    0.337   1.062   0.173
15.16   9.00    1.022    0.335   1.062   0.171

15.17   0.00    0.168    0.167   0.032   0.036   0.006   0.006   0.082   0.006   0.000   0.000   0.000 946122200
15.17   5.04   50.098
15.17   9.00    0.527    0.535
15.17   9.00    1.061   51.624
15.17   9.00    1.021    0.337   1.061   0.173
15.17   9.00    1.022    0.335   1.061   0.171

15.18   0.00    0.168    0.167   0.032   0.036   0.006   0.006   0.082   0.006   0.000   0.000   0.000 946746000
15.18   5.04   50.091
15.18   9.00    0.527    0.535
15.18   9.00    1.061   51.619
15.18   9.00    1.021    0.337   1.061   0.173
15.18   9.00    1.021    0.335   1.061   0.171

15.19   0.00    0.168    0.167   0.032   0.036   0.006   0.006   0.082   0.006   0.000   0.000   0.000 947369600
15.19   5.04   50.084
15.19   9.00    0.526    0.535
15.19   9.00    1.061   51.615
15.19   9.00    1.021    0.337   1.061   0.173
15.19   9.00    1.021    0.335   1.061   0.171

15.20   0.00    0.168    0.167   0.032   0.036   0.006   0.006   0.082   0.006   0.000   0.000   0.000 947993300
15.20   5.03   50.077
15.20   9.00    0.526    0.535
15.20   9.00    1.061   51.610
15.20   9.00    1.021    0.337   1.061   0.173
15.20   9.00    1.021    0.335   1.061   0.171

15.21   0.00    0.168    0.167   0.032   0.036   0.006   0.006   0.082   0.006   0.000   0.000   0.000 948617000
15.21   5.03   50.070
15.21   9.00    0.526    0.535
15.21   9.00    1.061   51.606
15.21   9.00    1.021    0.336   1.061   0.173
15.21   9.00    1.021    0.335   1.061   0.171

15.22   0.00    0.168    0.167   0.032   0.036   0.006   0.006   0.082   0.006   0.000   0.000   0.000 949240600
15.22   5.03   50.063
15.22   9.00    0.526    0.535
15.22   9.00    1.061   51.601
15.22   9.00    1.020    0.336   1.061   0.173
15.22   9.00    1.021    0.335   1.061   0.171

15.23   0.00    0.168    0.167   0.032   0.036   0.006   0.006   0.082   0.006   0.000   0.000   0.000 949864300
15.23   5.03   50.056
15.23   9.00    0.526    0.535
15.23   9.00    1.060   51.597
15.23   9.00    1.020    0.336   1.060   0.173
15.23   9.00    1.021    0.335   1.060   0.171

15.24   0.00    0.168    0.167   0.032   0.036   0.006   0.006   0.082   0.006   0.000   0.000   0.000 950488000
15.24   5.03   50.049
15.24   9.00    0.525    0.535
15.24   9.00    1.060   51.592
15.24   9.00    1.020    0.336   1.060   0.173
15.24   9.00    1.020    0.335   1.060   0.171

15.25   0.00    0.168    0.167   0.032   0.036   0.006   0.006   0.082   0.006   0.000   0.000   0.000 951111700
15.25   5.03   50.042
15.25   9.00    0.525    0.535
15.25   9.00    1.060   51.588
15.25   9.00    1.020    0.336   1.060   0.173
15.25   9.00    1.020    0.335   1.060   0.171

15.26   0.00    0.168    0.167   0.032   0.036   0.006   0.006   0.082   0.006   0.000   0.000   0.000 951735400
15.26   5.02   50.036
15.26   9.00    0.525    0.535
15.26   9.00    1.060   51.583
15.26   9.00    1.020    0.336   1.060   0.173
15.26   9.00    1.020    0.335   1.060   0.171

15.27   0.00    0.168    0.167   0.032   0.036   0.006   0.006   0.082   0.006   0.000   0.000   0.000 952359100
15.27   5.02   50.029
15.27   9.00    0.525    0.535
15.27   9.00    1.060   51.579
15.27   9.00    1.020    0.336   1.060   0.173
15.27   9.00    1.020    0.335   1.060   0.171

15.28   0.00    0.168    0.167   0.032   0.036   0.005   0.006   0.082   0.006   0.000   0.000   0.000 952982700
15.28   5.02   50.022
15.28   9.00    0.525    0.535
15.28   9.00    1.059   51.574
15.28   9.00    1.019    0.336   1.059   0.173
15.28   9.00    1.020    0.335   1.059   0.171

15.29   0.00    0.168    0.167   0.032   0.036   0.005   0.006   0.082   0.006   0.000   0.000   0.000 953606400
15.29   5.02   50.015
15.29   9.00    0.525    0.535
15.29   9.00    1.059   51.570
15.29   9.00    1.019    0.336   1.059   0.173
15.29   9.00    1.019    0.335   1.059   0.171

15.30   0.00    0.168    0.167   0.032   0.036   0.005   0.006   0.082   0.006   0.000   0.000   0.000 954230100
15.30   5.02   50.008
15.30   9.00    0.524    0.535
15.30   9.00    1.059   51.565
15.30   9.00    1.019    0.336   1.059   0.173
15.30   9.00    1.019    0.335   1.059   0.171

15.31   0.00    0.168    0.167   0.032   0.036   0.005   0.006   0.082   0.006   0.000   0.000   0.000 954853800
15.31   5.02   50.001
15.31   9.00    0.524    0.535
15.31   9.00    1.059   51.561
15.31   9.00    1.019    0.336   1.059   0.173
15.31   9.00    1.019    0.335   1.059   0.171

15.32   0.00    0.168    0.167   0.032   0.036   0.005   0.006   0.082   0.006   0.000   0.000   0.000 955477400
15.32   5.02   49.994
15.32   9.00    0.524    0.535
15.32   9.00    1.059   51.556
15.32   9.00    1.019    0.336   1.059   0.173
15.32   9.00    1.019    0.335   1.059   0.171

15.33   0.00    0.168    0.167   0.032   0.036   0.005   0.006   0.082   0.006   0.000   0.000   0.000 956101100
15.33   5.01   49.988
15.33   9.00    0.524    0.535
15.33   9.00    1.059   51.552
15.33   9.00    1.019    0.336   1.059   0.173
15.33   9.00    1.019    0.335   1.059   0.171

15.34   0.00    0.168    0.167   0.032   0.036   0.005   0.006   0.082   0.006   0.000   0.000   0.000 956724800
15.34   5.01   49.981
15.34   9.00    0.524    0.535
15.34   9.00    1.058   51.547
15.34   9.00    1.018    0.336   1.058   0.173
15.34   9.00    1.019    0.335   1.058   0.171

15.35   0.00    0.168    0.167   0.032   0.036   0.005   0.006   0.082   0.006   0.000   0.000   0.000 957348500
15.35   5.01   49.974
15.35   9.00    0.523    0.535
15.35   9.00    1.058   51.543
15.35   9.00    1.018    0.336   1.058   0.173
15.35   9.00    1.018    0.335   1.058   0.171

15.36   0.00    0.168    0.167   0.032   0.036   0.005   0.006   0.082   0.006   0.000   0.000   0.000 957972200
15.36   5.01   49.967
15.36   9.00    0.523    0.535
15.36   9.00    1.058   51.538
15.36   9.00    1.018    0.336   1.058   0.173
15.36   9.00    1.018    0.335   1.058   0.171

15.37   0.00    0.168    0.167   0.032   0.036   0.005   0.006   0.082   0.006   0.000   0.000   0.000 958595800
15.37   5.01   49.960
15.37   9.00    0.523    0.535
15.37   9.00    1.058   51.534
15.37   9.00    1.018    0.336   1.058   0.173
15.37   9.00    1.018    0.335   1.058   0.171

15.38   0.00    0.168    0.167   0.032   0.036   0.005   0.006   0.082   0.006   0.000   0.000   0.000 959219500
15.38   5.01   49.953
15.38   9.00    0.523    0.535
15.38   9.00    1.058   51.529
15.38   9.00    1.018    0.336   1.058   0.173
15.38   9.00    1.018    0.335   1.058   0.171

15.39   0.00    0.168    0.167   0.032   0.036   0.005   0.006   0.082   0.006   0.000   0.000   0.000 959843300
15.39   5.01   49.947
15.39   9.00    0.523    0.535
15.39   9.00    1.057   51.525
15.39   9.00    1.017    0.336   1.057   0.173
15.39   9.00    1.018    0.335   1.057   0.171

15.40   0.00    0.168    0.167   0.032   0.036   0.005   0.006   0.082   0.006   0.000   0.000   0.000 960466900
15.40   5.00   49.940
15.40   9.00    0.523    0.535
15.40   9.00    1.057   51.521
15.40   9.00    1.017    0.336   1.057   0.173
15.40   9.00    1.018    0.335   1.057   0.171

15.41   0.00    0.168    0.167   0.032   0.036   0.005   0.006   0.082   0.006   0.000   0.000   0.000 961090600
15.41   5.00   49.933
15.41   9.00    0.522    0.535
15.41   9.00    1.057   51.516
15.41   9.00    1.017    0.336   1.057   0.173
15.41   9.00    1.017    0.334   1.057   0.171

15.42   0.00    0.168    0.167   0.032   0.036   0.005   0.006   0.082   0.006   0.000   0.000   0.000 961714200
15.42   5.00   49.926
15.42   9.00    0.522    0.535
15.42   9.00    1.057   51.512
15.42   9.00    1.017    0.336   1.057   0.173
15.42   9.00    1.017    0.334   1.057   0.171

15.43   0.00    0.168    0.167   0.032   0.036   0.005   0.006   0.082   0.006   0.000   0.000   0.000 962337900
15.43   5.00   49.919
15.43   9.00    0.522    0.535
15.43   9.00    1.057   51.507
15.43   9.00    1.017    0.336   1.057   0.173
15.43   9.00    1.017    0.334   1.057   0.171

15.44   0.00    0.168    0.167   0.032   0.036   0.005   0.006   0.082   0.006   0.000   0.000   0.000 962961600
15.44   5.00   49.913
15.44   9.00    0.522    0.535
15.44   9.00    1.057   51.503
15.44   9.00    1.017    0.336   1.057   0.172
15.44   9.00    1.017    0.334   1.057   0.171

15.45   0.00    0.168    0.167   0.032   0.036   0.005   0.006   0.082   0.006   0.000   0.000   0.000 963585300
15.45   5.00   49.906
15.45   9.00    0.522    0.535
15.45   9.00    1.056   51.498
15.45   9.00    1.016    0.336   1.056   0.172
15.45   9.00    1.017    0.334   1.056   0.171

15.46   0.00    0.168    0.167   0.032   0.036   0.005   0.006   0.082   0.006   0.000   0.000   0.000 964209000
15.46   4.99   49.899
15.46   9.00    0.521    0.535
15.46   9.00    1.056   51.494
15.46   9.00    1.016    0.336   1.056   0.172
15.46   9.00    1.016    0.334   1.056   0.171

15.47   0.00    0.168    0.167   0.032   0.036   0.005   0.006   0.082   0.006   0.000   0.000   0.000 964832600
15.47   4.99   49.892
15.47   9.00    0.521    0.535
15.47   9.00    1.056   51.490
15.47   9.00    1.016    0.336   1.056   0.172
15.47   9.00    1.016    0.334   1.056   0.171

15.48   0.00    0.168    0.167   0.032   0.036   0.005   0.006   0.082   0.006   0.000   0.000   0.000 965456300
15.48   4.99   49.886
15.48   9.00    0.521    0.535
15.48   9.00    1.056   51.485
15.48   9.00    1.016    0.336   1.056   0.172
15.48   9.00    1.016    0.334   1.056   0.171

15.49   0.00    0.168    0.167   0.032   0.036   0.005   0.006   0.082   0.006   0.000   0.000   0.000 966080000
15.49   4.99   49.879
15.49   9.00    0.521    0.535
15.49   9.00    1.056   51.481
15.49   9.00    1.016    0.335   1.056   0.172
15.49   9.00    1.016    0.334   1.056   0.171

15.50   0.00    0.168    0.167   0.032   0.036   0.005   0.006   0.082   0.006   0.000   0.000   0.000 966703700
15.50   4.99   49.872
15.50   9.00    0.521    0.535
15.50   9.00    1.056   51.476
15.50   9.00    1.016    0.335   1.056   0.172
15.50   9.00    1.016    0.334   1.056   0.171

15.51   0.00    0.168    0.167   0.032   0.036   0.005   0.006   0.082   0.006   0.000   0.000   0.000 967327400
15.51   4.99   49.865
15.51   9.00    0.521    0.535
15.51   9.00    1.055   51.472
15.51   9.00    1.015    0.335   1.055   0.172
15.51   9.00    1.016    0.334   1.055   0.171

15.52   0.00    0.168    0.167   0.032   0.036   0.005   0.006   0.082   0.006   0.000   0.000   0.000 967951100
15.52   4.99   49.859
15.52   9.00    0.520    0.535
15.52   9.00    1.055   51.468
15.52   9.00    1.015    0.335   1.055   0.172
15.52   9.00    1.015    0.334   1.055   0.171

15.53   0.00    0.168    0.167   0.032   0.036   0.005   0.006   0.082   0.006   0.000   0.000   0.000 968574700
15.53   4.98   49.852
15.53   9.00    0.520    0.535
15.53   9.00    1.055   51.463
15.53   9.00    1.015    0.335   1.055   0.172
15.53   9.00    1.015    0.334   1.055   0.171

15.54   0.00    0.168    0.167   0.032   0.036   0.005   0.006   0.082   0.006   0.000   0.000   0.000 969198400
15.54   4.98   49.845
15.54   9.00    0.520    0.535
15.54   9.00    1.055   51.459
15.54   9.00    1.015    0.335   1.055   0.172
15.54   9.00    1.015    0.334   1.055   0.171

15.55   0.00    0.168    0.167   0.032   0.036   0.005   0.006   0.082   0.006   0.000   0.000   0.000 969822100
15.55   4.98   49.839
15.55   9.00    0.520    0.535
15.55   9.00    1.055   51.454
15.55   9.00    1.015    0.335   1.055   0.172
15.55   9.00    1.015    0.334   1.055   0.171

15.56   0.00    0.168    0.167   0.032   0.036   0.005   0.006   0.082   0.006   0.000   0.000   0.000 970445800
15.56   4.98   49.832
15.56   9.00    0.520    0.535
15.56   9.00    1.055   51.450
15.56   9.00    1.015    0.335   1.055   0.172
15.56   9.00    1.015    0.334   1.055   0.171

15.57   0.00    0.168    0.167   0.032   0.036   0.005   0.006   0.082   0.006   0.000   0.000   0.000 971069400
15.57   4.98   49.825
15.57   9.00    0.520    0.535
15.57   9.00    1.054   51.446
15.57   9.00    1.014    0.335   1.054   0.172
15.57   9.00    1.015    0.334   1.054   0.171

15.58   0.00    0.168    0.167   0.032   0.036   0.005   0.006   0.082   0.006   0.000   0.000   0.000 971693100
15.58   4.98   49.818
15.58   9.00    0.519    0.535
15.58   9.00    1.054   51.441
15.58   9.00    1.014    0.335   1.054   0.172
15.58   9.00    1.014    0.334   1.054   0.171

15.59   0.00    0.168    0.167   0.032   0.036   0.005   0.006   0.082   0.006   0.000   0.000   0.000 972316800
15.59   4.98   49.812
15.59   9.00    0.519    0.535
15.59   9.00    1.054   51.437
15.59   9.00    1.014    0.335   1.054   0.172
15.59   9.00    1.014    0.334   1.054   0.171

15.60   0.00    0.168    0.167   0.032   0.036   0.005   0.006   0.082   0.006   0.000   0.000   0.000 972940500
15.60   4.97   49.805
15.60   9.00    0.519    0.535
15.60   9.00    1.054   51.433
15.60   9.00    1.014    0.335   1.054   0.172
15.60   9.00    1.014    0.334   1.054   0.171

15.61   0.00    0.168    0.167   0.032   0.036   0.005   0.006   0.082   0.006   0.000   0.000   0.000 973564200
15.61   4.97   49.798
15.61   9.00    0.519    0.535
15.61   9.00    1.054   51.428
15.61   9.00    1.014    0.335   1.054   0.172
15.61   9.00    1.014    0.334   1.054   0.171

15.62   0.00    0.168    0.167   0.032   0.036   0.005   0.006   0.082   0.006   0.000   0.000   0.000 974187800
15.62   4.97   49.792
15.62   9.00    0.519    0.535
15.62   9.00    1.053   51.424
15.62   9.00    1.014    0.335   1.053   0.172
15.62   9.00    1.014    0.334   1.053   0.171

15.63   0.00    0.168    0.167   0.032   0.036   0.005   0.006   0.082   0.006   0.000   0.000   0.000 974811500
15.63   4.97   49.785
15.63   9.00    0.519    0.535
15.63   9.00    1.053   51.420
15.63   9.00    1.013    0.335   1.053   0.172
15.63   9.00    1.014    0.334   1.053   0.171

15.64   0.00    0.168    0.167   0.032   0.036   0.005   0.006   0.082   0.006   0.000   0.000   0.000 975435200
15.64   4.97   49.778
15.64   9.00    0.518    0.535
15.64   9.00    1.053   51.415
15.64   9.00    1.013    0.335   1.053   0.172
15.64   9.00    1.013    0.334   1.053   0.171

15.65   0.00    0.168    0.167   0.032   0.036   0.005   0.006   0.082   0.006   0.000   0.000   0.000 976058900
15.65   4.97   49.772
15.65   9.00    0.518    0.535
15.65   9.00    1.053   51.411
15.65   9.00    1.013    0.335   1.053   0.172
15.65   9.00    1.013    0.334   1.053   0.171

15.66   0.00    0.168    0.167   0.032   0.036   0.005   0.006   0.082   0.006   0.000   0.000   0.000 976682600
15.66   4.97   49.765
15.66   9.00    0.518    0.535
15.66   9.00    1.053   51.407
15.66   9.00    1.013    0.335   1.053   0.172
15.66   9.00    1.013    0.334   1.053   0.171

15.67   0.00    0.168    0.167   0.032   0.036   0.005   0.006   0.082   0.006   0.000   0.000   0.000 977306200
15.67   4.96   49.758
15.67   9.00    0.518    0.535
15.67   9.00    1.053   51.402
15.67   9.00    1.013    0.335   1.053   0.172
15.67   9.00    1.013    0.334   1.053   0.171

15.68   0.00    0.168    0.167   0.032   0.036   0.005   0.006   0.082   0.006   0.000   0.000   0.000 977929900
15.68   4.96   49.752
15.68   9.00    0.518    0.535
15.68   9.00    1.052   51.398
15.68   9.00    1.013    0.335   1.052   0.172
15.68   9.00    1.013    0.334   1.052   0.171

15.69   0.00    0.168    0.167   0.032   0.036   0.005   0.006   0.082   0.006   0.000   0.000   0.000 978553600
15.69   4.96   49.745
15.69   9.00    0.518    0.535
15.69   9.00    1.052   51.394
15.69   9.00    1.012    0.335   1.052   0.172
15.69   9.00    1.013    0.334   1.052   0.171

15.70   0.00    0.168    0.167   0.032   0.036   0.005   0.006   0.082   0.006   0.000   0.000   0.000 979177300
15.70   4.96   49.738
15.70   9.00    0.517    0.535
15.70   9.00    1.052   51.389
15.70   9.00    1.012    0.335   1.052   0.172
15.70   9.00    1.012    0.334   1.052   0.171

15.71   0.00    0.168    0.167   0.032   0.036   0.005   0.006   0.082   0.006   0.000   0.000   0.000 979801000
15.71   4.96   49.732
15.71   9.00    0.517    0.535
15.71   9.00    1.052   51.385
15.71   9.00    1.012    0.335   1.052   0.172
15.71   9.00    1.012    0.334   1.052   0.171

15.72   0.00    0.168    0.167   0.032   0.036   0.005   0.006   0.082   0.006   0.000   0.000   0.000 980424600
15.72   4.96   49.725
15.72   9.00    0.517    0.535
15.72   9.00    1.052   51.381
15.72   9.00    1.012    0.335   1.052   0.172
15.72   9.00    1.012    0.333   1.052   0.171

15.73   0.00    0.168    0.167   0.032   0.036   0.005   0.006   0.082   0.006   0.000   0.000   0.000 981048300
15.73   4.96   49.719
15.73   9.00    0.517    0.535
15.73   9.00    1.052   51.376
15.73   9.00    1.012    0.335   1.052   0.172
15.73   9.00    1.012    0.333   1.052   0.171

15.74   0.00    0.168    0.167   0.032   0.036   0.005   0.006   0.082   0.006   0.000   0.000   0.000 981672000
15.74   4.95   49.712
15.74   9.00    0.517    0.535
15.74   9.00    1.051   51.372
15.74   9.00    1.012    0.335   1.051   0.172
15.74   9.00    1.012    0.333   1.051   0.171

15.75   0.00    0.168    0.167   0.032   0.036   0.005   0.006   0.082   0.006   0.000   0.000   0.000 982295700
15.75   4.95   49.705
15.75   9.00    0.516    0.535
15.75   9.00    1.051   51.368
15.75   9.00    1.011    0.335   1.051   0.172
15.75   9.00    1.012    0.333   1.051   0.171

15.76   0.00    0.168    0.167   0.032   0.036   0.005   0.006   0.082   0.006   0.000   0.000   0.000 982919400
15.76   4.95   49.699
15.76   9.00    0.516    0.535
15.76   9.00    1.051   51.364
15.76   9.00    1.011    0.335   1.051   0.172
15.76   9.00    1.011    0.333   1.051   0.171

15.77   0.00    0.168    0.167   0.032   0.036   0.005   0.006   0.082   0.006   0.000   0.000   0.000 983543000
15.77   4.95   49.692
15.77   9.00    0.516    0.535
15.77   9.00    1.051   51.359
15.77   9.00    1.011    0.335   1.051   0.172
15.77   9.00    1.011    0.333   1.051   0.171

15.78   0.00    0.168    0.167   0.032   0.036   0.005   0.006   0.082   0.006   0.000   0.000   0.000 984166700
15.78   4.95   49.686
15.78   9.00    0.516    0.535
15.78   9.00    1.051   51.355
15.78   9.00    1.011    0.335   1.051   0.172
15.78   9.00    1.011    0.333   1.051   0.171

15.79   0.00    0.168    0.167   0.032   0.036   0.005   0.006   0.082   0.006   0.000   0.000   0.000 984790400
15.79   4.95   49.679
15.79   9.00    0.516    0.535
15.79   9.00    1.051   51.351
15.79   9.00    1.011    0.334   1.051   0.172
15.79   9.00    1.011    0.333   1.051   0.171

15.80   0.00    0.168    0.167   0.032   0.036   0.005   0.006   0.082   0.006   0.000   0.000   0.000 985414100
15.80   4.95   49.672
15.80   9.00    0.516    0.535
15.80   9.00    1.050   51.346
15.80   9.00    1.011    0.334   1.050   0.172
15.80   9.00    1.011    0.333   1.050   0.171

15.81   0.00    0.168    0.167   0.032   0.036   0.005   0.006   0.082   0.006   0.000   0.000   0.000 986037800
15.81   4.94   49.666
15.81   9.00    0.515    0.535
15.81   9.00    1.050   51.342
15.81   9.00    1.010    0.334   1.050   0.172
15.81   9.00    1.011    0.333   1.050   0.171

15.82   0.00    0.168    0.167   0.032   0.036   0.005   0.006   0.082   0.006   0.000   0.000   0.000 986661400
15.82   4.94   49.659
15.82   9.00    0.515    0.535
15.82   9.00    1.050   51.338
15.82   9.00    1.010    0.334   1.050   0.172
15.82   9.00    1.010    0.333   1.050   0.171

15.83   0.00    0.168    0.167   0.032   0.036   0.005   0.006   0.082   0.006   0.000   0.000   0.000 987285100
15.83   4.94   49.653
15.83   9.00    0.515    0.535
15.83   9.00    1.050   51.334
15.83   9.00    1.010    0.334   1.050   0.172
15.83   9.00    1.010    0.333   1.050   0.171

15.84   0.00    0.168    0.167   0.032   0.036   0.005   0.006   0.082   0.006   0.000   0.000   0.000 987908800
15.84   4.94   49.646
15.84   9.00    0.515    0.535
15.84   9.00    1.050   51.329
15.84   9.00    1.010    0.334   1.050   0.172
15.84   9.00    1.010    0.333   1.050   0.171

15.85   0.00    0.168    0.167   0.032   0.036   0.005   0.006   0.082   0.006   0.000   0.000   0.000 988532500
15.85   4.94   49.640
15.85   9.00    0.515    0.535
15.85   9.00    1.050   51.325
15.85   9.00    1.010    0.334   1.050   0.172
15.85   9.00    1.010    0.333   1.050   0.171

15.86   0.00    0.168    0.167   0.032   0.036   0.005   0.006   0.082   0.006   0.000   0.000   0.000 989156200
15.86   4.94   49.633
15.86   9.00    0.515    0.535
15.86   9.00    1.049   51.321
15.86   9.00    1.010    0.334   1.049   0.172
15.86   9.00    1.010    0.333   1.049   0.171

15.87   0.00    0.168    0.167   0.032   0.036   0.005   0.006   0.082   0.006   0.000   0.000   0.000 989779800
15.87   4.94   49.627
15.87   9.00    0.514    0.535
15.87   9.00    1.049   51.317
15.87   9.00    1.009    0.334   1.049   0.172
15.87   9.00    1.010    0.333   1.049   0.171

15.88   0.00    0.168    0.167   0.032   0.036   0.005   0.006   0.082   0.006   0.000   0.000   0.000 990403500
15.88   4.93   49.620
15.88   9.00    0.514    0.535
15.88   9.00    1.049   51.313
15.88   9.00    1.009    0.334   1.049   0.172
15.88   9.00    1.009    0.333   1.049   0.171

15.89   0.00    0.168    0.167   0.032   0.036   0.005   0.006   0.082   0.006   0.000   0.000   0.000 991027200
15.89   4.93   49.613
15.89   9.00    0.514    0.535
15.89   9.00    1.049   51.308
15.89   9.00    1.009    0.334   1.049   0.172
15.89   9.00    1.009    0.333   1.049   0.171

15.90   0.00    0.168    0.167   0.032   0.036   0.005   0.006   0.082   0.006   0.000   0.000   0.000 991650900
15.90   4.93   49.607
15.90   9.00    0.514    0.535
15.90   9.00    1.049   51.304
15.90   9.00    1.009    0.334   1.049   0.172
15.90   9.00    1.009    0.333   1.049   0.171

15.91   0.00    0.168    0.167   0.032   0.036   0.005   0.006   0.082   0.006   0.000   0.000   0.000 992274600
15.91   4.93   49.600
15.91   9.00    0.514    0.535
15.91   9.00    1.049   51.300
15.91   9.00    1.009    0.334   1.049   0.172
15.91   9.00    1.009    0.333   1.049   0.171

15.92   0.00    0.168    0.167   0.032   0.036   0.005   0.006   0.082   0.006   0.000   0.000   0.000 992898200
15.92   4.93   49.594
15.92   9.00    0.514    0.535
15.92   9.00    1.048   51.296
15.92   9.00    1.009    0.334   1.048   0.172
15.92   9.00    1.009    0.333   1.048   0.171

15.93   0.00    0.168    0.167   0.032   0.036   0.005   0.006   0.082   0.006   0.000   0.000   0.000 993521900
15.93   4.93   49.587
15.93   9.00    0.513    0.535
15.93   9.00    1.048   51.291
15.93   9.00    1.008    0.334   1.048   0.172
15.93   9.00    1.009    0.333   1.048   0.171

15.94   0.00    0.168    0.167   0.032   0.036   0.005   0.006   0.082   0.006   0.000   0.000   0.000 994145600
15.94   4.93   49.581
15.94   9.00    0.513    0.535
15.94   9.00    1.048   51.287
15.94   9.00    1.008    0.334   1.048   0.172
15.94   9.00    1.008    0.333   1.048   0.171

15.95   0.00    0.168    0.167   0.032   0.036   0.005   0.006   0.082   0.006   0.000   0.000   0.000 994769300
15.95   4.92   49.574
15.95   9.00    0.513    0.535
15.95   9.00    1.048   51.283
15.95   9.00    1.008    0.334   1.048   0.172
15.95   9.00    1.008    0.333   1.048   0.171

15.96   0.00    0.168    0.167   0.032   0.036   0.005   0.006   0.082   0.006   0.000   0.000   0.000 995393000
15.96   4.92   49.568
15.96   9.00    0.513    0.535
15.96   9.00    1.048   51.279
15.96   9.00    1.008    0.334   1.048   0.172
15.96   9.00    1.008    0.333   1.048   0.171

15.97   0.00    0.168    0.167   0.032   0.036   0.005   0.006   0.082   0.006   0.000   0.000   0.000 996016600
15.97   4.92   49.561
15.97   9.00    0.513    0.535
15.97   9.00    1.048   51.275
15.97   9.00    1.008    0.334   1.048   0.172
15.97   9.00    1.008    0.333   1.048   0.171

15.98   0.00    0.168    0.167   0.032   0.036   0.005   0.006   0.082   0.006   0.000   0.000   0.000 996640300
15.98   4.92   49.555
15.98   9.00    0.513    0.535
15.98   9.00    1.047   51.271
15.98   9.00    1.008    0.334   1.047   0.172
15.98   9.00    1.008    0.333   1.047   0.171

15.99   0.00    0.168    0.167   0.032   0.036   0.005   0.006   0.082   0.006   0.000   0.000   0.000 997264000
15.99   4.92   49.548
15.99   9.00    0.512    0.535
15.99   9.00    1.047   51.266
15.99   9.00    1.007    0.334   1.047   0.172
15.99   9.00    1.008    0.333   1.047   0.171

16.00   0.00    0.168    0.167   0.032   0.036   0.005   0.006   0.082   0.006   0.000   0.000   0.000 997887700
16.00   4.92   49.542
16.00   9.00    0.512    0.535
16.00   9.00    1.047   51.262
16.00   9.00    1.007    0.334   1.047   0.172
16.00   9.00    1.007    0.333   1.047   0.171

16.01   0.00    0.168    0.167   0.032   0.036   0.005   0.006   0.082   0.006   0.000   0.000   0.000 998511400
16.01   4.92   49.536
16.01   9.00    0.512    0.535
16.01   9.00    1.047   51.258
16.01   9.00    1.007    0.334   1.047   0.172
16.01   9.00    1.007    0.333   1.047   0.171

16.02   0.00    0.168    0.167   0.032   0.036   0.005   0.006   0.082   0.006   0.000   0.000   0.000 999135000
16.02   4.91   49.529
16.02   9.00    0.512    0.535
16.02   9.00    1.047   51.254
16.02   9.00    1.007    0.334   1.047   0.172
16.02   9.00    1.007    0.333   1.047   0.171

16.03   0.00    0.168    0.167   0.032   0.036   0.005   0.006   0.082   0.006   0.000   0.000   0.000 999758800
16.03   4.91   49.523
16.03   9.00    0.512    0.535
16.03   9.00    1.047   51.250
16.03   9.00    1.007    0.334   1.047   0.172
16.03   9.00    1.007    0.333   1.047   0.171

16.04   0.00    0.168    0.167   0.032   0.036   0.005   0.006   0.082   0.006   0.000   0.000   0.000 1000382000
16.04   4.91   49.516
16.04   9.00    0.512    0.535
16.04   9.00    1.046   51.245
16.04   9.00    1.007    0.334   1.046   0.172
16.04   9.00    1.007    0.332   1.046   0.171

16.05   0.00    0.168    0.167   0.032   0.036   0.005   0.006   0.082   0.006   0.000   0.000   0.000 1001006000
16.05   4.91   49.510
16.05   9.00    0.512    0.535
16.05   9.00    1.046   51.241
16.05   9.00    1.006    0.334   1.046   0.172
16.05   9.00    1.007    0.332   1.046   0.171

16.06   0.00    0.168    0.167   0.032   0.036   0.005   0.006   0.082   0.006   0.000   0.000   0.000 1001630000
16.06   4.91   49.503
16.06   9.00    0.511    0.535
16.06   9.00    1.046   51.237
16.06   9.00    1.006    0.334   1.046   0.172
16.06   9.00    1.006    0.332   1.046   0.171

16.07   0.00    0.168    0.167   0.032   0.036   0.005   0.006   0.082   0.006   0.000   0.000   0.000 1002253000
16.07   4.91   49.497
16.07   9.00    0.511    0.535
16.07   9.00    1.046   51.233
16.07   9.00    1.006    0.334   1.046   0.172
16.07   9.00    1.006    0.332   1.046   0.171

16.08   0.00    0.168    0.167   0.032   0.036   0.005   0.006   0.082   0.006   0.000   0.000   0.000 1002877000
16.08   4.91   49.490
16.08   9.00    0.511    0.535
16.08   9.00    1.046   51.229
16.08   9.00    1.006    0.334   1.046   0.172
16.08   9.00    1.006    0.332   1.046   0.171

16.09   0.00    0.168    0.167   0.032   0.036   0.005   0.006   0.082   0.006   0.000   0.000   0.000 1003501000
16.09   4.90   49.484
16.09   9.00    0.511    0.535
16.09   9.00    1.046   51.225
16.09   9.00    1.006    0.334   1.046   0.172
16.09   9.00    1.006    0.332   1.046   0.171

16.10   0.00    0.168    0.167   0.032   0.036   0.005   0.006   0.082   0.006   0.000   0.000   0.000 1004124000
16.10   4.90   49.478
16.10   9.00    0.511    0.535
16.10   9.00    1.045   51.221
16.10   9.00    1.006    0.333   1.045   0.172
16.10   9.00    1.006    0.332   1.045   0.171

16.11   0.00    0.168    0.167   0.032   0.036   0.005   0.006   0.082   0.006   0.000   0.000   0.000 1004748000
16.11   4.90   49.471
16.11   9.00    0.511    0.535
16.11   9.00    1.045   51.216
16.11   9.00    1.006    0.333   1.045   0.172
16.11   9.00    1.006    0.332   1.045   0.171

16.12   0.00    0.168    0.167   0.032   0.036   0.005   0.006   0.082   0.006   0.000   0.000   0.000 1005372000
16.12   4.90   49.465
16.12   9.00    0.510    0.535
16.12   9.00    1.045   51.212
16.12   9.00    1.005    0.333   1.045   0.172
16.12   9.00    1.006    0.332   1.045   0.171

16.13   0.00    0.168    0.167   0.032   0.036   0.005   0.006   0.082   0.006   0.000   0.000   0.000 1005995000
16.13   4.90   49.458
16.13   9.00    0.510    0.535
16.13   9.00    1.045   51.208
16.13   9.00    1.005    0.333   1.045   0.172
16.13   9.00    1.005    0.332   1.045   0.171

16.14   0.00    0.168    0.167   0.032   0.036   0.005   0.006   0.082   0.006   0.000   0.000   0.000 1006619000
16.14   4.90   49.452
16.14   9.00    0.510    0.535
16.14   9.00    1.045   51.204
16.14   9.00    1.005    0.333   1.045   0.172
16.14   9.00    1.005    0.332   1.045   0.171

16.15   0.00    0.168    0.167   0.032   0.036   0.005   0.006   0.082   0.006   0.000   0.000   0.000 1007243000
16.15   4.90   49.446
16.15   9.00    0.510    0.535
16.15   9.00    1.045   51.200
16.15   9.00    1.005    0.333   1.045   0.172
16.15   9.00    1.005    0.332   1.045   0.171

16.16   0.00    0.168    0.167   0.032   0.036   0.005   0.006   0.082   0.006   0.000   0.000   0.000 1007867000
16.16   4.90   49.439
16.16   9.00    0.510    0.535
16.16   9.00    1.044   51.196
16.16   9.00    1.005    0.333   1.044   0.172
16.16   9.00    1.005    0.332   1.044   0.171

16.17   0.00    0.168    0.167   0.032   0.036   0.005   0.006   0.082   0.006   0.000   0.000   0.000 1008490000
16.17   4.89   49.433
16.17   9.00    0.510    0.535
16.17   9.00    1.044   51.192
16.17   9.00    1.005    0.333   1.044   0.172
16.17   9.00    1.005    0.332   1.044   0.171

16.18   0.00    0.168    0.167   0.032   0.036   0.005   0.006   0.082   0.006   0.000   0.000   0.000 1009114000
16.18   4.89   49.426
16.18   9.00    0.509    0.535
16.18   9.00    1.044   51.188
16.18   9.00    1.004    0.333   1.044   0.172
16.18   9.00    1.005    0.332   1.044   0.171

16.19   0.00    0.168    0.167   0.032   0.036   0.005   0.006   0.082   0.006   0.000   0.000   0.000 1009738000
16.19   4.89   49.420
16.19   9.00    0.509    0.535
16.19   9.00    1.044   51.184
16.19   9.00    1.004    0.333   1.044   0.172
16.19   9.00    1.004    0.332   1.044   0.171

16.20   0.00    0.168    0.167   0.032   0.036   0.005   0.006   0.082   0.006   0.000   0.000   0.000 1010361000
16.20   4.89   49.414
16.20   9.00    0.509    0.535
16.20   9.00    1.044   51.180
16.20   9.00    1.004    0.333   1.044   0.172
16.20   9.00    1.004    0.332   1.044   0.171

16.21   0.00    0.168    0.167   0.032   0.036   0.005   0.006   0.082   0.006   0.000   0.000   0.000 1010985000
16.21   4.89   49.407
16.21   9.00    0.509    0.535
16.21   9.00    1.044   51.175
16.21   9.00    1.004    0.333   1.044   0.172
16.21   9.00    1.004    0.332   1.044   0.171

16.22   0.00    0.168    0.167   0.032   0.036   0.005   0.006   0.082   0.006   0.000   0.000   0.000 1011609000
16.22   4.89   49.401
16.22   9.00    0.509    0.535
16.22   9.00    1.044   51.171
16.22   9.00    1.004    0.333   1.044   0.172
16.22   9.00    1.004    0.332   1.044   0.171

16.23   0.00    0.168    0.167   0.032   0.036   0.005   0.006   0.082   0.006   0.000   0.000   0.000 1012232000
16.23   4.89   49.395
16.23   9.00    0.509    0.535
16.23   9.00    1.043   51.167
16.23   9.00    1.004    0.333   1.043   0.172
16.23   9.00    1.004    0.332   1.043   0.171

16.24   0.00    0.168    0.167   0.032   0.036   0.005   0.006   0.082   0.006   0.000   0.000   0.000 1012856000
16.24   4.88   49.388
16.24   9.00    0.508    0.535
16.24   9.00    1.043   51.163
16.24   9.00    1.003    0.333   1.043   0.172
16.24   9.00    1.004    0.332   1.043   0.171

16.25   0.00    0.168    0.167   0.032   0.036   0.005   0.006   0.082   0.006   0.000   0.000   0.000 1013480000
16.25   4.88   49.382
16.25   9.00    0.508    0.535
16.25   9.00    1.043   51.159
16.25   9.00    1.003    0.333   1.043   0.172
16.25   9.00    1.003    0.332   1.043   0.171

16.26   0.00    0.168    0.167   0.032   0.036   0.005   0.006   0.082   0.006   0.000   0.000   0.000 1014103000
16.26   4.88   49.376
16.26   9.00    0.508    0.535
16.26   9.00    1.043   51.155
16.26   9.00    1.003    0.333   1.043   0.172
16.26   9.00    1.003    0.332   1.043   0.171

16.27   0.00    0.168    0.167   0.032   0.036   0.005   0.006   0.082   0.006   0.000   0.000   0.000 1014727000
16.27   4.88   49.369
16.27   9.00    0.508    0.535
16.27   9.00    1.043   51.151
16.27   9.00    1.003    0.333   1.043   0.172
16.27   9.00    1.003    0.332   1.043   0.171

16.28   0.00    0.168    0.167   0.032   0.036   0.005   0.006   0.082   0.006   0.000   0.000   0.000 1015351000
16.28   4.88   49.363
16.28   9.00    0.508    0.535
16.28   9.00    1.043   51.147
16.28   9.00    1.003    0.333   1.043   0.172
16.28   9.00    1.003    0.332   1.043   0.171

16.29   0.00    0.168    0.167   0.032   0.036   0.005   0.006   0.082   0.006   0.000   0.000   0.000 1015974000
16.29   4.88   49.357
16.29   9.00    0.508    0.535
16.29   9.00    1.042   51.143
16.29   9.00    1.003    0.333   1.042   0.172
16.29   9.00    1.003    0.332   1.042   0.171

16.30   0.00    0.168    0.167   0.032   0.036   0.005   0.006   0.082   0.006   0.000   0.000   0.000 1016598000
16.30   4.88   49.350
16.30   9.00    0.507    0.535
16.30   9.00    1.042   51.139
16.30   9.00    1.003    0.333   1.042   0.172
16.30   9.00    1.003    0.332   1.042   0.171

16.31   0.00    0.168    0.167   0.032   0.036   0.005   0.006   0.082   0.006   0.000   0.000   0.000 1017222000
16.31   4.88   49.344
16.31   9.00    0.507    0.535
16.31   9.00    1.042   51.135
16.31   9.00    1.002    0.333   1.042   0.172
16.31   9.00    1.003    0.332   1.042   0.171

16.32   0.00    0.168    0.167   0.032   0.036   0.005   0.006   0.082   0.006   0.000   0.000   0.000 1017845000
16.32   4.87   49.338
16.32   9.00    0.507    0.535
16.32   9.00    1.042   51.131
16.32   9.00    1.002    0.333   1.042   0.172
16.32   9.00    1.002    0.332   1.042   0.171

16.33   0.00    0.168    0.167   0.032   0.036   0.005   0.006   0.082   0.006   0.000   0.000   0.000 1018469000
16.33   4.87   49.331
16.33   9.00    0.507    0.535
16.33   9.00    1.042   51.127
16.33   9.00    1.002    0.333   1.042   0.172
16.33   9.00    1.002    0.332   1.042   0.171

16.34   0.00    0.168    0.167   0.032   0.036   0.005   0.006   0.082   0.006   0.000   0.000   0.000 1019093000
16.34   4.87   49.325
16.34   9.00    0.507    0.535
16.34   9.00    1.042   51.123
16.34   9.00    1.002    0.333   1.042   0.172
16.34   9.00    1.002    0.332   1.042   0.171

16.35   0.00    0.168    0.167   0.032   0.036   0.005   0.006   0.082   0.006   0.000   0.000   0.000 1019716000
16.35   4.87   49.319
16.35   9.00    0.507    0.535
16.35   9.00    1.041   51.119
16.35   9.00    1.002    0.333   1.041   0.172
16.35   9.00    1.002    0.332   1.041   0.171

16.36   0.00    0.168    0.167   0.032   0.036   0.005   0.006   0.082   0.006   0.000   0.000   0.000 1020340000
16.36   4.87   49.313
16.36   9.00    0.507    0.535
16.36   9.00    1.041   51.115
16.36   9.00    1.002    0.333   1.041   0.172
16.36   9.00    1.002    0.332   1.041   0.171

16.37   0.00    0.168    0.167   0.032   0.036   0.005   0.006   0.082   0.006   0.000   0.000   0.000 1020964000
16.37   4.87   49.306
16.37   9.00    0.506    0.535
16.37   9.00    1.041   51.111
16.37   9.00    1.001    0.333   1.041   0.172
16.37   9.00    1.002    0.331   1.041   0.171

16.38   0.00    0.168    0.167   0.032   0.036   0.005   0.006   0.082   0.006   0.000   0.000   0.000 1021587000
16.38   4.87   49.300
16.38   9.00    0.506    0.535
16.38   9.00    1.041   51.107
16.38   9.00    1.001    0.333   1.041   0.172
16.38   9.00    1.001    0.331   1.041   0.171

16.39   0.00    0.168    0.167   0.032   0.036   0.005   0.006   0.082   0.006   0.000   0.000   0.000 1022211000
16.39   4.86   49.294
16.39   9.00    0.506    0.535
16.39   9.00    1.041   51.103
16.39   9.00    1.001    0.333   1.041   0.172
16.39   9.00    1.001    0.331   1.041   0.171

16.40   0.00    0.168    0.167   0.032   0.036   0.005   0.006   0.082   0.006   0.000   0.000   0.000 1022835000
16.40   4.86   49.288
16.40   9.00    0.506    0.535
16.40   9.00    1.041   51.099
16.40   9.00    1.001    0.333   1.041   0.172
16.40   9.00    1.001    0.331   1.041   0.171

16.41   0.00    0.168    0.167   0.032   0.036   0.005   0.006   0.082   0.006   0.000   0.000   0.000 1023459000
16.41   4.86   49.281
16.41   9.00    0.506    0.535
16.41   9.00    1.041   51.095
16.41   9.00    1.001    0.333   1.041   0.172
16.41   9.00    1.001    0.331   1.041   0.171

16.42   0.00    0.168    0.167   0.032   0.036   0.005   0.006   0.082   0.006   0.000   0.000   0.000 1024082000
16.42   4.86   49.275
16.42   9.00    0.506    0.535
16.42   9.00    1.040   51.091
16.42   9.00    1.001    0.332   1.040   0.172
16.42   9.00    1.001    0.331   1.040   0.171

16.43   0.00    0.168    0.167   0.032   0.036   0.005   0.006   0.082   0.006   0.000   0.000   0.000 1024706000
16.43   4.86   49.269
16.43   9.00    0.505    0.535
16.43   9.00    1.040   51.087
16.43   9.00    1.001    0.332   1.040   0.172
16.43   9.00    1.001    0.331   1.040   0.171

16.44   0.00    0.168    0.167   0.032   0.036   0.005   0.006   0.082   0.006   0.000   0.000   0.000 1025330000
16.44   4.86   49.263
16.44   9.00    0.505    0.535
16.44   9.00    1.040   51.083
16.44   9.00    1.000    0.332   1.040   0.172
16.44   9.00    1.001    0.331   1.040   0.171

16.45   0.00    0.168    0.167   0.032   0.036   0.005   0.006   0.082   0.006   0.000   0.000   0.000 1025953000
16.45   4.86   49.256
16.45   9.00    0.505    0.535
16.45   9.00    1.040   51.079
16.45   9.00    1.000    0.332   1.040   0.172
16.45   9.00    1.000    0.331   1.040   0.171

16.46   0.00    0.168    0.166   0.032   0.036   0.005   0.006   0.082   0.006   0.000   0.000   0.000 1026577000
16.46   4.86   49.250
16.46   9.00    0.505    0.535
16.46   9.00    1.040   51.075
16.46   9.00    1.000    0.332   1.040   0.172
16.46   9.00    1.000    0.331   1.040   0.171

16.47   0.00    0.168    0.166   0.032   0.036   0.005   0.006   0.082   0.006   0.000   0.000   0.000 1027201000
16.47   4.85   49.244
16.47   9.00    0.505    0.535
16.47   9.00    1.040   51.071
16.47   9.00    1.000    0.332   1.040   0.172
16.47   9.00    1.000    0.331   1.040   0.171

16.48   0.00    0.168    0.166   0.032   0.036   0.005   0.006   0.082   0.006   0.000   0.000   0.000 1027824000
16.48   4.85   49.238
16.48   9.00    0.505    0.535
16.48   9.00    1.039   51.067
16.48   9.00    1.000    0.332   1.039   0.172
16.48   9.00    1.000    0.331   1.039   0.171

16.49   0.00    0.168    0.166   0.032   0.036   0.005   0.006   0.082   0.006   0.000   0.000   0.000 1028448000
16.49   4.85   49.231
16.49   9.00    0.504    0.535
16.49   9.00    1.039   51.063
16.49   9.00    1.000    0.332   1.039   0.172
16.49   9.00    1.000    0.331   1.039   0.171

16.50   0.00    0.168    0.166   0.032   0.036   0.005   0.006   0.082   0.006   0.000   0.000   0.000 1029072000
16.50   4.85   49.225
16.50   9.00    0.504    0.535
16.50   9.00    1.039   51.059
16.50   9.00    0.999    0.332   1.039   0.172
16.50   9.00    1.000    0.331   1.039   0.171

16.51   0.00    0.168    0.166   0.032   0.036   0.005   0.006   0.082   0.006   0.000   0.000   0.000 1029695000
16.51   4.85   49.219
16.51   9.00    0.504    0.535
16.51   9.00    1.039   51.055
16.51   9.00    0.999    0.332   1.039   0.172
16.51   9.00    0.999    0.331   1.039   0.171

16.52   0.00    0.168    0.166   0.032   0.036   0.005   0.006   0.082   0.006   0.000   0.000   0.000 1030319000
16.52   4.85   49.213
16.52   9.00    0.504    0.535
16.52   9.00    1.039   51.051
16.52   9.00    0.999    0.332   1.039   0.172
16.52   9.00    0.999    0.331   1.039   0.171

16.53   0.00    0.168    0.166   0.032   0.036   0.005   0.006   0.082   0.006   0.000   0.000   0.000 1030943000
16.53   4.85   49.207
16.53   9.00    0.504    0.535
16.53   9.00    1.039   51.047
16.53   9.00    0.999    0.332   1.039   0.172
16.53   9.00    0.999    0.331   1.039   0.171

16.54   0.00    0.168    0.166   0.032   0.036   0.005   0.006   0.082   0.006   0.000   0.000   0.000 1031566000
16.54   4.85   49.200
16.54   9.00    0.504    0.535
16.54   9.00    1.038   51.043
16.54   9.00    0.999    0.332   1.038   0.172
16.54   9.00    0.999    0.331   1.038   0.171

16.55   0.00    0.168    0.166   0.032   0.036   0.005   0.006   0.082   0.006   0.000   0.000   0.000 1032190000
16.55   4.84   49.194
16.55   9.00    0.504    0.535
16.55   9.00    1.038   51.039
16.55   9.00    0.999    0.332   1.038   0.172
16.55   9.00    0.999    0.331   1.038   0.171

16.56   0.00    0.168    0.166   0.032   0.036   0.005   0.006   0.082   0.006   0.000   0.000   0.000 1032814000
16.56   4.84   49.188
16.56   9.00    0.503    0.535
16.56   9.00    1.038   51.035
16.56   9.00    0.999    0.332   1.038   0.172
16.56   9.00    0.999    0.331   1.038   0.171

16.57   0.00    0.168    0.166   0.032   0.036   0.005   0.006   0.082   0.006   0.000   0.000   0.000 1033437000
16.57   4.84   49.182
16.57   9.00    0.503    0.535
16.57   9.00    1.038   51.031
16.57   9.00    0.998    0.332   1.038   0.172
16.57   9.00    0.999    0.331   1.038   0.171

16.58   0.00    0.168    0.166   0.032   0.036   0.005   0.006   0.082   0.006   0.000   0.000   0.000 1034061000
16.58   4.84   49.176
16.58   9.00    0.503    0.535
16.58   9.00    1.038   51.027
16.58   9.00    0.998    0.332   1.038   0.172
16.58   9.00    0.998    0.331   1.038   0.171

16.59   0.00    0.168    0.166   0.032   0.036   0.005   0.006   0.082   0.006   0.000   0.000   0.000 1034685000
16.59   4.84   49.170
16.59   9.00    0.503    0.535
16.59   9.00    1.038   51.023
16.59   9.00    0.998    0.332   1.038   0.172
16.59   9.00    0.998    0.331   1.038   0.171

16.60   0.00    0.168    0.166   0.032   0.036   0.005   0.006   0.082   0.006   0.000   0.000   0.000 1035308000
16.60   4.84   49.163
16.60   9.00    0.503    0.535
16.60   9.00    1.038   51.019
16.60   9.00    0.998    0.332   1.038   0.172
16.60   9.00    0.998    0.331   1.038   0.171

16.61   0.00    0.168    0.166   0.032   0.036   0.005   0.006   0.082   0.006   0.000   0.000   0.000 1035932000
16.61   4.84   49.157
16.61   9.00    0.503    0.535
16.61   9.00    1.037   51.015
16.61   9.00    0.998    0.332   1.037   0.172
16.61   9.00    0.998    0.331   1.037   0.171

16.62   0.00    0.168    0.166   0.032   0.036   0.005   0.006   0.082   0.006   0.000   0.000   0.000 1036556000
16.62   4.84   49.151
16.62   9.00    0.502    0.535
16.62   9.00    1.037   51.011
16.62   9.00    0.998    0.332   1.037   0.172
16.62   9.00    0.998    0.331   1.037   0.171

16.63   0.00    0.168    0.166   0.032   0.036   0.005   0.006   0.082   0.006   0.000   0.000   0.000 1037179000
16.63   4.83   49.145
16.63   9.00    0.502    0.535
16.63   9.00    1.037   51.007
16.63   9.00    0.997    0.332   1.037   0.172
16.63   9.00    0.998    0.331   1.037   0.171

16.64   0.00    0.168    0.166   0.032   0.036   0.005   0.006   0.082   0.006   0.000   0.000   0.000 1037803000
16.64   4.83   49.139
16.64   9.00    0.502    0.535
16.64   9.00    1.037   51.003
16.64   9.00    0.997    0.332   1.037   0.172
16.64   9.00    0.997    0.331   1.037   0.171

16.65   0.00    0.168    0.166   0.032   0.036   0.005   0.006   0.082   0.006   0.000   0.000   0.000 1038427000
16.65   4.83   49.133
16.65   9.00    0.502    0.535
16.65   9.00    1.037   51.000
16.65   9.00    0.997    0.332   1.037   0.172
16.65   9.00    0.997    0.331   1.037   0.171

16.66   0.00    0.168    0.166   0.032   0.036   0.005   0.006   0.082   0.006   0.000   0.000   0.000 1039051000
16.66   4.83   49.126
16.66   9.00    0.502    0.535
16.66   9.00    1.037   50.996
16.66   9.00    0.997    0.332   1.037   0.172
16.66   9.00    0.997    0.331   1.037   0.171

16.67   0.00    0.167    0.166   0.032   0.036   0.005   0.006   0.082   0.006   0.000   0.000   0.000 1039674000
16.67   4.83   49.120
16.67   9.00    0.502    0.535
16.67   9.00    1.036   50.992
16.67   9.00    0.997    0.332   1.036   0.172
16.67   9.00    0.997    0.331   1.036   0.171

16.68   0.00    0.167    0.166   0.032   0.036   0.005   0.006   0.082   0.006   0.000   0.000   0.000 1040298000
16.68   4.83   49.114
16.68   9.00    0.502    0.535
16.68   9.00    1.036   50.988
16.68   9.00    0.997    0.332   1.036   0.172
16.68   9.00    0.997    0.331   1.036   0.171

16.69   0.00    0.167    0.166   0.032   0.036   0.005   0.006   0.082   0.006   0.000   0.000   0.000 1040922000
16.69   4.83   49.108
16.69   9.00    0.501    0.535
16.69   9.00    1.036   50.984
16.69   9.00    0.997    0.332   1.036   0.172
16.69   9.00    0.997    0.331   1.036   0.171

16.70   0.00    0.167    0.166   0.032   0.036   0.005   0.006   0.082   0.006   0.000   0.000   0.000 1041545000
16.70   4.83   49.102
16.70   9.00    0.501    0.535
16.70   9.00    1.036   50.980
16.70   9.00    0.996    0.332   1.036   0.172
16.70   9.00    0.997    0.331   1.036   0.171

16.71   0.00    0.167    0.166   0.032   0.036   0.005   0.006   0.082   0.006   0.000   0.000   0.000 1042169000
16.71   4.82   49.096
16.71   9.00    0.501    0.535
16.71   9.00    1.036   50.976
16.71   9.00    0.996    0.332   1.036   0.172
16.71   9.00    0.996    0.331   1.036   0.171

16.72   0.00    0.167    0.166   0.032   0.036   0.005   0.006   0.082   0.006   0.000   0.000   0.000 1042793000
16.72   4.82   49.090
16.72   9.00    0.501    0.535
16.72   9.00    1.036   50.972
16.72   9.00    0.996    0.332   1.036   0.172
16.72   9.00    0.996    0.330   1.036   0.171

16.73   0.00    0.167    0.166   0.032   0.036   0.005   0.006   0.082   0.006   0.000   0.000   0.000 1043416000
16.73   4.82   49.084
16.73   9.00    0.501    0.535
16.73   9.00    1.036   50.968
16.73   9.00    0.996    0.332   1.036   0.172
16.73   9.00    0.996    0.330   1.036   0.171

16.74   0.00    0.167    0.166   0.032   0.036   0.005   0.006   0.082   0.006   0.000   0.000   0.000 1044040000
16.74   4.82   49.078
16.74   9.00    0.501    0.535
16.74   9.00    1.035   50.965
16.74   9.00    0.996    0.332   1.035   0.172
16.74   9.00    0.996    0.330   1.035   0.171

16.75   0.00    0.167    0.166   0.032   0.036   0.005   0.006   0.082   0.006   0.000   0.000   0.000 1044664000
16.75   4.82   49.072
16.75   9.00    0.501    0.535
16.75   9.00    1.035   50.961
16.75   9.00    0.996    0.331   1.035   0.172
16.75   9.00    0.996    0.330   1.035   0.171

16.76   0.00    0.167    0.166   0.032   0.036   0.005   0.006   0.082   0.006   0.000   0.000   0.000 1045287000
16.76   4.82   49.065
16.76   9.00    0.500    0.535
16.76   9.00    1.035   50.957
16.76   9.00    0.996    0.331   1.035   0.172
16.76   9.00    0.996    0.330   1.035   0.171

16.77   0.00    0.167    0.166   0.032   0.036   0.005   0.006   0.082   0.006   0.000   0.000   0.000 1045911000
16.77   4.82   49.059
16.77   9.00    0.500    0.535
16.77   9.00    1.035   50.953
16.77   9.00    0.995    0.331   1.035   0.172
16.77   9.00    0.996    0.330   1.035   0.171

16.78   0.00    0.167    0.166   0.032   0.036   0.005   0.006   0.082   0.006   0.000   0.000   0.000 1046535000
16.78   4.82   49.053
16.78   9.00    0.500    0.535
16.78   9.00    1.035   50.949
16.78   9.00    0.995    0.331   1.035   0.172
16.78   9.00    0.995    0.330   1.035   0.171

16.79   0.00    0.167    0.166   0.032   0.036   0.005   0.006   0.082   0.006   0.000   0.000   0.000 1047158000
16.79   4.81   49.047
16.79   9.00    0.500    0.535
16.79   9.00    1.035   50.945
16.79   9.00    0.995    0.331   1.035   0.172
16.79   9.00    0.995    0.330   1.035   0.171

16.80   0.00    0.167    0.166   0.032   0.036   0.005   0.006   0.082   0.006   0.000   0.000   0.000 1047782000
16.80   4.81   49.041
16.80   9.00    0.500    0.535
16.80   9.00    1.035   50.941
16.80   9.00    0.995    0.331   1.035   0.172
16.80   9.00    0.995    0.330   1.035   0.171

16.81   0.00    0.167    0.166   0.032   0.036   0.005   0.006   0.082   0.006   0.000   0.000   0.000 1048406000
16.81   4.81   49.035
16.81   9.00    0.500    0.535
16.81   9.00    1.034   50.937
16.81   9.00    0.995    0.331   1.034   0.172
16.81   9.00    0.995    0.330   1.034   0.171

16.82   0.00    0.167    0.166   0.032   0.036   0.005   0.006   0.082   0.006   0.000   0.000   0.000 1049029000
16.82   4.81   49.029
16.82   9.00    0.499    0.535
16.82   9.00    1.034   50.934
16.82   9.00    0.995    0.331   1.034   0.172
16.82   9.00    0.995    0.330   1.034   0.171

16.83   0.00    0.167    0.166   0.032   0.036   0.005   0.006   0.082   0.006   0.000   0.000   0.000 1049653000
16.83   4.81   49.023
16.83   9.00    0.499    0.535
16.83   9.00    1.034   50.930
16.83   9.00    0.995    0.331   1.034   0.172
16.83   9.00    0.995    0.330   1.034   0.171

16.84   0.00    0.167    0.166   0.032   0.036   0.005   0.006   0.082   0.006   0.000   0.000   0.000 1050277000
16.84   4.81   49.017
16.84   9.00    0.499    0.535
16.84   9.00    1.034   50.926
16.84   9.00    0.994    0.331   1.034   0.172
16.84   9.00    0.995    0.330   1.034   0.171

16.85   0.00    0.167    0.166   0.032   0.036   0.005   0.006   0.082   0.006   0.000   0.000   0.000 1050900000
16.85   4.81   49.011
16.85   9.00    0.499    0.535
16.85   9.00    1.034   50.922
16.85   9.00    0.994    0.331   1.034   0.172
16.85   9.00    0.994    0.330   1.034   0.170

16.86   0.00    0.167    0.166   0.032   0.036   0.005   0.006   0.082   0.006   0.000   0.000   0.000 1051524000
16.86   4.81   49.005
16.86   9.00    0.499    0.535
16.86   9.00    1.034   50.918
16.86   9.00    0.994    0.331   1.034   0.172
16.86   9.00    0.994    0.330   1.034   0.170

16.87   0.00    0.167    0.166   0.032   0.036   0.005   0.006   0.082   0.006   0.000   0.000   0.000 1052148000
16.87   4.80   48.999
16.87   9.00    0.499    0.535
16.87   9.00    1.033   50.914
16.87   9.00    0.994    0.331   1.033   0.172
16.87   9.00    0.994    0.330   1.033   0.170

16.88   0.00    0.167    0.166   0.032   0.036   0.005   0.006   0.082   0.006   0.000   0.000   0.000 1052771000
16.88   4.80   48.993
16.88   9.00    0.499    0.535
16.88   9.00    1.033   50.911
16.88   9.00    0.994    0.331   1.033   0.172
16.88   9.00    0.994    0.330   1.033   0.170

16.89   0.00    0.167    0.166   0.032   0.036   0.005   0.006   0.082   0.006   0.000   0.000   0.000 1053395000
16.89   4.80   48.987
16.89   9.00    0.498    0.535
16.89   9.00    1.033   50.907
16.89   9.00    0.994    0.331   1.033   0.172
16.89   9.00    0.994    0.330   1.033   0.170

16.90   0.00    0.167    0.166   0.032   0.036   0.005   0.006   0.082   0.006   0.000   0.000   0.000 1054019000
16.90   4.80   48.981
16.90   9.00    0.498    0.535
16.90   9.00    1.033   50.903
16.90   9.00    0.993    0.331   1.033   0.172
16.90   9.00    0.994    0.330   1.033   0.170

16.91   0.00    0.167    0.166   0.032   0.036   0.005   0.006   0.082   0.006   0.000   0.000   0.000 1054643000
16.91   4.80   48.975
16.91   9.00    0.498    0.535
16.91   9.00    1.033   50.899
16.91   9.00    0.993    0.331   1.033   0.172
16.91   9.00    0.994    0.330   1.033   0.170

16.92   0.00    0.167    0.166   0.032   0.036   0.005   0.006   0.082   0.006   0.000   0.000   0.000 1055266000
16.92   4.80   48.969
16.92   9.00    0.498    0.535
16.92   9.00    1.033   50.895
16.92   9.00    0.993    0.331   1.033   0.172
16.92   9.00    0.993    0.330   1.033   0.170

16.93   0.00    0.167    0.166   0.032   0.036   0.005   0.006   0.082   0.006   0.000   0.000   0.000 1055890000
16.93   4.80   48.963
16.93   9.00    0.498    0.535
16.93   9.00    1.033   50.892
16.93   9.00    0.993    0.331   1.033   0.172
16.93   9.00    0.993    0.330   1.033   0.170

16.94   0.00    0.167    0.166   0.032   0.036   0.005   0.006   0.082   0.006   0.000   0.000   0.000 1056514000
16.94   4.80   48.957
16.94   9.00    0.498    0.535
16.94   9.00    1.032   50.888
16.94   9.00    0.993    0.331   1.032   0.172
16.94   9.00    0.993    0.330   1.032   0.170

16.95   0.00    0.167    0.166   0.032   0.036   0.005   0.006   0.082   0.006   0.000   0.000   0.000 1057137000
16.95   4.79   48.951
16.95   9.00    0.498    0.535
16.95   9.00    1.032   50.884
16.95   9.00    0.993    0.331   1.032   0.172
16.95   9.00    0.993    0.330   1.032   0.170

16.96   0.00    0.167    0.166   0.032   0.036   0.005   0.006   0.082   0.006   0.000   0.000   0.000 1057761000
16.96   4.79   48.945
16.96   9.00    0.497    0.535
16.96   9.00    1.032   50.880
16.96   9.00    0.993    0.331   1.032   0.172
16.96   9.00    0.993    0.330   1.032   0.170

16.97   0.00    0.167    0.166   0.032   0.036   0.004   0.006   0.082   0.006   0.000   0.000   0.000 1058385000
16.97   4.79   48.939
16.97   9.00    0.497    0.535
16.97   9.00    1.032   50.876
16.97   9.00    0.992    0.331   1.032   0.172
16.97   9.00    0.993    0.330   1.032   0.170

16.98   0.00    0.167    0.166   0.032   0.036   0.004   0.006   0.082   0.006   0.000   0.000   0.000 1059008000
16.98   4.79   48.933
16.98   9.00    0.497    0.535
16.98   9.00    1.032   50.873
16.98   9.00    0.992    0.331   1.032   0.172
16.98   9.00    0.992    0.330   1.032   0.170

16.99   0.00    0.167    0.166   0.032   0.036   0.004   0.006   0.082   0.006   0.000   0.000   0.000 1059632000
16.99   4.79   48.927
16.99   9.00    0.497    0.535
16.99   9.00    1.032   50.869
16.99   9.00    0.992    0.331   1.032   0.172
16.99   9.00    0.992    0.330   1.032   0.170

17.00   0.00    0.167    0.166   0.032   0.036   0.004   0.006   0.082   0.006   0.000   0.000   0.000 1060256000
17.00   4.79   48.921
17.00   9.00    0.497    0.535
17.00   9.00    1.032   50.865
17.00   9.00    0.992    0.331   1.032   0.172
17.00   9.00    0.992    0.330   1.032   0.170

17.01   0.00    0.167    0.166   0.032   0.036   0.004   0.006   0.082   0.006   0.000   0.000   0.000 1060879000
17.01   4.79   48.915
17.01   9.00    0.497    0.535
17.01   9.00    1.031   50.861
17.01   9.00    0.992    0.331   1.031   0.172
17.01   9.00    0.992    0.330   1.031   0.170

17.02   0.00    0.167    0.166   0.032   0.036   0.004   0.006   0.082   0.006   0.000   0.000   0.000 1061503000
17.02   4.79   48.909
17.02   9.00    0.497    0.535
17.02   9.00    1.031   50.858
17.02   9.00    0.992    0.331   1.031   0.172
17.02   9.00    0.992    0.330   1.031   0.170

17.03   0.00    0.167    0.166   0.032   0.036   0.004   0.006   0.082   0.006   0.000   0.000   0.000 1062127000
17.03   4.78   48.903
17.03   9.00    0.496    0.535
17.03   9.00    1.031   50.854
17.03   9.00    0.992    0.331   1.031   0.171
17.03   9.00    0.992    0.330   1.031   0.170

17.04   0.00    0.167    0.166   0.032   0.036   0.004   0.006   0.082   0.006   0.000   0.000   0.000 1062750000
17.04   4.78   48.897
17.04   9.00    0.496    0.535
17.04   9.00    1.031   50.850
17.04   9.00    0.991    0.331   1.031   0.171
17.04   9.00    0.992    0.330   1.031   0.170

17.05   0.00    0.167    0.166   0.032   0.036   0.004   0.006   0.082   0.006   0.000   0.000   0.000 1063374000
17.05   4.78   48.891
17.05   9.00    0.496    0.535
17.05   9.00    1.031   50.846
17.05   9.00    0.991    0.331   1.031   0.171
17.05   9.00    0.991    0.330   1.031   0.170

17.06   0.00    0.167    0.166   0.032   0.036   0.004   0.006   0.082   0.006   0.000   0.000   0.000 1063998000
17.06   4.78   48.885
17.06   9.00    0.496    0.535
17.06   9.00    1.031   50.842
17.06   9.00    0.991    0.331   1.031   0.171
17.06   9.00    0.991    0.330   1.031   0.170

17.07   0.00    0.167    0.166   0.032   0.036   0.004   0.006   0.082   0.006   0.000   0.000   0.000 1064621000
17.07   4.78   48.879
17.07   9.00    0.496    0.535
17.07   9.00    1.031   50.839
17.07   9.00    0.991    0.331   1.031   0.171
17.07   9.00    0.991    0.330   1.031   0.170

17.08   0.00    0.167    0.166   0.032   0.036   0.004   0.006   0.082   0.006   0.000   0.000   0.000 1065245000
17.08   4.78   48.873
17.08   9.00    0.496    0.535
17.08   9.00    1.030   50.835
17.08   9.00    0.991    0.331   1.030   0.171
17.08   9.00    0.991    0.329   1.030   0.170

17.09   0.00    0.167    0.166   0.032   0.036   0.004   0.006   0.082   0.006   0.000   0.000   0.000 1065869000
17.09   4.78   48.868
17.09   9.00    0.496    0.535
17.09   9.00    1.030   50.831
17.09   9.00    0.991    0.331   1.030   0.171
17.09   9.00    0.991    0.329   1.030   0.170

17.10   0.00    0.167    0.166   0.032   0.036   0.004   0.006   0.082   0.006   0.000   0.000   0.000 1066492000
17.10   4.78   48.862
17.10   9.00    0.495    0.535
17.10   9.00    1.030   50.827
17.10   9.00    0.991    0.330   1.030   0.171
17.10   9.00    0.991    0.329   1.030   0.170

17.11   0.00    0.167    0.166   0.032   0.036   0.004   0.006   0.082   0.006   0.000   0.000   0.000 1067116000
17.11   4.78   48.856
17.11   9.00    0.495    0.535
17.11   9.00    1.030   50.824
17.11   9.00    0.990    0.330   1.030   0.171
17.11   9.00    0.991    0.329   1.030   0.170

17.12   0.00    0.167    0.166   0.032   0.036   0.004   0.006   0.082   0.006   0.000   0.000   0.000 1067740000
17.12   4.77   48.850
17.12   9.00    0.495    0.535
17.12   9.00    1.030   50.820
17.12   9.00    0.990    0.330   1.030   0.171
17.12   9.00    0.990    0.329   1.030   0.170

17.13   0.00    0.167    0.166   0.032   0.036   0.004   0.006   0.082   0.006   0.000   0.000   0.000 1068363000
17.13   4.77   48.844
17.13   9.00    0.495    0.535
17.13   9.00    1.030   50.816
17.13   9.00    0.990    0.330   1.030   0.171
17.13   9.00    0.990    0.329   1.030   0.170

17.14   0.00    0.167    0.166   0.032   0.036   0.004   0.006   0.082   0.006   0.000   0.000   0.000 1068987000
17.14   4.77   48.838
17.14   9.00    0.495    0.535
17.14   9.00    1.030   50.813
17.14   9.00    0.990    0.330   1.030   0.171
17.14   9.00    0.990    0.329   1.030   0.170

17.15   0.00    0.167    0.166   0.032   0.036   0.004   0.006   0.082   0.006   0.000   0.000   0.000 1069611000
17.15   4.77   48.832
17.15   9.00    0.495    0.535
17.15   9.00    1.029   50.809
17.15   9.00    0.990    0.330   1.029   0.171
17.15   9.00    0.990    0.329   1.029   0.170

17.16   0.00    0.167    0.166   0.032   0.036   0.004   0.006   0.082   0.006   0.000   0.000   0.000 1070234000
17.16   4.77   48.826
17.16   9.00    0.494    0.535
17.16   9.00    1.029   50.805
17.16   9.00    0.990    0.330   1.029   0.171
17.16   9.00    0.990    0.329   1.029   0.170

17.17   0.00    0.167    0.166   0.032   0.036   0.004   0.006   0.082   0.006   0.000   0.000   0.000 1070858000
17.17   4.77   48.820
17.17   9.00    0.494    0.535
17.17   9.00    1.029   50.801
17.17   9.00    0.990    0.330   1.029   0.171
17.17   9.00    0.990    0.329   1.029   0.170

17.18   0.00    0.167    0.166   0.032   0.036   0.004   0.006   0.082   0.006   0.000   0.000   0.000 1071482000
17.18   4.77   48.814
17.18   9.00    0.494    0.535
17.18   9.00    1.029   50.798
17.18   9.00    0.989    0.330   1.029   0.171
17.18   9.00    0.990    0.329   1.029   0.170

17.19   0.00    0.167    0.166   0.032   0.036   0.004   0.006   0.082   0.006   0.000   0.000   0.000 1072106000
17.19   4.77   48.809
17.19   9.00    0.494    0.535
17.19   9.00    1.029   50.794
17.19   9.00    0.989    0.330   1.029   0.171
17.19   9.00    0.990    0.329   1.029   0.170

17.20   0.00    0.167    0.166   0.032   0.036   0.004   0.006   0.082   0.006   0.000   0.000   0.000 1072729000
17.20   4.76   48.803
17.20   9.00    0.494    0.535
17.20   9.00    1.029   50.790
17.20   9.00    0.989    0.330   1.029   0.171
17.20   9.00    0.989    0.329   1.029   0.170

17.21   0.00    0.167    0.166   0.032   0.036   0.004   0.006   0.082   0.006   0.000   0.000   0.000 1073353000
17.21   4.76   48.797
17.21   9.00    0.494    0.535
17.21   9.00    1.029   50.787
17.21   9.00    0.989    0.330   1.029   0.171
17.21   9.00    0.989    0.329   1.029   0.170

17.22   0.00    0.167    0.166   0.032   0.036   0.004   0.006   0.082   0.006   0.000   0.000   0.000 1073977000
17.22   4.76   48.791
17.22   9.00    0.494    0.535
17.22   9.00    1.028   50.783
17.22   9.00    0.989    0.330   1.028   0.171
17.22   9.00    0.989    0.329   1.028   0.170

17.23   0.00    0.167    0.166   0.032   0.036   0.004   0.006   0.082   0.006   0.000   0.000   0.000 1074600000
17.23   4.76   48.785
17.23   9.00    0.493    0.535
17.23   9.00    1.028   50.779
17.23   9.00    0.989    0.330   1.028   0.171
17.23   9.00    0.989    0.329   1.028   0.170

17.24   0.00    0.167    0.166   0.032   0.036   0.004   0.006   0.082   0.006   0.000   0.000   0.000 1075224000
17.24   4.76   48.779
17.24   9.00    0.493    0.535
17.24   9.00    1.028   50.775
17.24   9.00    0.989    0.330   1.028   0.171
17.24   9.00    0.989    0.329   1.028   0.170

17.25   0.00    0.167    0.166   0.032   0.036   0.004   0.006   0.082   0.006   0.000   0.000   0.000 1075848000
17.25   4.76   48.773
17.25   9.00    0.493    0.535
17.25   9.00    1.028   50.772
17.25   9.00    0.988    0.330   1.028   0.171
17.25   9.00    0.989    0.329   1.028   0.170

17.26   0.00    0.167    0.166   0.032   0.036   0.004   0.006   0.082   0.006   0.000   0.000   0.000 1076471000
17.26   4.76   48.768
17.26   9.00    0.493    0.535
17.26   9.00    1.028   50.768
17.26   9.00    0.988    0.330   1.028   0.171
17.26   9.00    0.989    0.329   1.028   0.170

17.27   0.00    0.167    0.166   0.032   0.036   0.004   0.006   0.082   0.006   0.000   0.000   0.000 1077095000
17.27   4.76   48.762
17.27   9.00    0.493    0.535
17.27   9.00    1.028   50.764
17.27   9.00    0.988    0.330   1.028   0.171
17.27   9.00    0.988    0.329   1.028   0.170

17.28   0.00    0.167    0.166   0.032   0.036   0.004   0.006   0.082   0.006   0.000   0.000   0.000 1077719000
17.28   4.76   48.756
17.28   9.00    0.493    0.535
17.28   9.00    1.028   50.761
17.28   9.00    0.988    0.330   1.028   0.171
17.28   9.00    0.988    0.329   1.028   0.170

17.29   0.00    0.167    0.166   0.032   0.036   0.004   0.006   0.082   0.006   0.000   0.000   0.000 1078342000
17.29   4.75   48.750
17.29   9.00    0.493    0.535
17.29   9.00    1.027   50.757
17.29   9.00    0.988    0.330   1.027   0.171
17.29   9.00    0.988    0.329   1.027   0.170

17.30   0.00    0.167    0.166   0.032   0.036   0.004   0.006   0.082   0.006   0.000   0.000   0.000 1078966000
17.30   4.75   48.744
17.30   9.00    0.492    0.535
17.30   9.00    1.027   50.753
17.30   9.00    0.988    0.330   1.027   0.171
17.30   9.00    0.988    0.329   1.027   0.170

17.31   0.00    0.167    0.166   0.032   0.036   0.004   0.006   0.082   0.006   0.000   0.000   0.000 1079590000
17.31   4.75   48.738
17.31   9.00    0.492    0.535
17.31   9.00    1.027   50.750
17.31   9.00    0.988    0.330   1.027   0.171
17.31   9.00    0.988    0.329   1.027   0.170

17.32   0.00    0.167    0.166   0.032   0.036   0.004   0.006   0.082   0.006   0.000   0.000   0.000 1080213000
17.32   4.75   48.733
17.32   9.00    0.492    0.535
17.32   9.00    1.027   50.746
17.32   9.00    0.988    0.330   1.027   0.171
17.32   9.00    0.988    0.329   1.027   0.170

17.33   0.00    0.167    0.166   0.032   0.036   0.004   0.006   0.082   0.006   0.000   0.000   0.000 1080837000
17.33   4.75   48.727
17.33   9.00    0.492    0.535
17.33   9.00    1.027   50.742
17.33   9.00    0.987    0.330   1.027   0.171
17.33   9.00    0.988    0.329   1.027   0.170

17.34   0.00    0.167    0.166   0.032   0.036   0.004   0.006   0.082   0.006   0.000   0.000   0.000 1081461000
17.34   4.75   48.721
17.34   9.00    0.492    0.535
17.34   9.00    1.027   50.739
17.34   9.00    0.987    0.330   1.027   0.171
17.34   9.00    0.987    0.329   1.027   0.170

17.35   0.00    0.167    0.166   0.032   0.036   0.004   0.006   0.082   0.006   0.000   0.000   0.000 1082084000
17.35   4.75   48.715
17.35   9.00    0.492    0.535
17.35   9.00    1.027   50.735
17.35   9.00    0.987    0.330   1.027   0.171
17.35   9.00    0.987    0.329   1.027   0.170

17.36   0.00    0.167    0.166   0.032   0.036   0.004   0.006   0.082   0.006   0.000   0.000   0.000 1082708000
17.36   4.75   48.709
17.36   9.00    0.492    0.535
17.36   9.00    1.026   50.731
17.36   9.00    0.987    0.330   1.026   0.171
17.36   9.00    0.987    0.329   1.026   0.170

17.37   0.00    0.167    0.166   0.032   0.036   0.004   0.006   0.082   0.006   0.000   0.000   0.000 1083332000
17.37   4.75   48.704
17.37   9.00    0.492    0.535
17.37   9.00    1.026   50.728
17.37   9.00    0.987    0.330   1.026   0.171
17.37   9.00    0.987    0.329   1.026   0.170

17.38   0.00    0.167    0.166   0.032   0.036   0.004   0.006   0.082   0.006   0.000   0.000   0.000 1083955000
17.38   4.74   48.698
17.38   9.00    0.491    0.535
17.38   9.00    1.026   50.724
17.38   9.00    0.987    0.330   1.026   0.171
17.38   9.00    0.987    0.329   1.026   0.170

17.39   0.00    0.167    0.166   0.032   0.036   0.004   0.006   0.082   0.006   0.000   0.000   0.000 1084579000
17.39   4.74   48.692
17.39   9.00    0.491    0.535
17.39   9.00    1.026   50.720
17.39   9.00    0.987    0.330   1.026   0.171
17.39   9.00    0.987    0.329   1.026   0.170

17.40   0.00    0.167    0.166   0.032   0.036   0.004   0.006   0.082   0.006   0.000   0.000   0.000 1085203000
17.40   4.74   48.686
17.40   9.00    0.491    0.535
17.40   9.00    1.026   50.717
17.40   9.00    0.986    0.330   1.026   0.171
17.40   9.00    0.987    0.329   1.026   0.170

17.41   0.00    0.167    0.166   0.032   0.036   0.004   0.006   0.082   0.006   0.000   0.000   0.000 1085827000
17.41   4.74   48.681
17.41   9.00    0.491    0.535
17.41   9.00    1.026   50.713
17.41   9.00    0.986    0.330   1.026   0.171
17.41   9.00    0.986    0.329   1.026   0.170

17.42   0.00    0.167    0.166   0.032   0.036   0.004   0.006   0.082   0.006   0.000   0.000   0.000 1086450000
17.42   4.74   48.675
17.42   9.00    0.491    0.535
17.42   9.00    1.026   50.710
17.42   9.00    0.986    0.330   1.026   0.171
17.42   9.00    0.986    0.329   1.026   0.170

17.43   0.00    0.167    0.166   0.032   0.036   0.004   0.006   0.082   0.006   0.000   0.000   0.000 1087074000
17.43   4.74   48.669
17.43   9.00    0.491    0.535
17.43   9.00    1.025   50.706
17.43   9.00    0.986    0.330   1.025   0.171
17.43   9.00    0.986    0.329   1.025   0.170

17.44   0.00    0.167    0.166   0.032   0.036   0.004   0.006   0.082   0.006   0.000   0.000   0.000 1087698000
17.44   4.74   48.663
17.44   9.00    0.491    0.535
17.44   9.00    1.025   50.702
17.44   9.00    0.986    0.330   1.025   0.171
17.44   9.00    0.986    0.329   1.025   0.170

17.45   0.00    0.167    0.166   0.032   0.036   0.004   0.006   0.082   0.006   0.000   0.000   0.000 1088321000
17.45   4.74   48.657
17.45   9.00    0.490    0.535
17.45   9.00    1.025   50.699
17.45   9.00    0.986    0.330   1.025   0.171
17.45   9.00    0.986    0.329   1.025   0.170

17.46   0.00    0.167    0.166   0.032   0.036   0.004   0.006   0.082   0.006   0.000   0.000   0.000 1088945000
17.46   4.73   48.652
17.46   9.00    0.490    0.535
17.46   9.00    1.025   50.695
17.46   9.00    0.986    0.330   1.025   0.171
17.46   9.00    0.986    0.328   1.025   0.170

17.47   0.00    0.167    0.166   0.032   0.036   0.004   0.006   0.082   0.006   0.000   0.000   0.000 1089569000
17.47   4.73   48.646
17.47   9.00    0.490    0.535
17.47   9.00    1.025   50.691
17.47   9.00    0.985    0.329   1.025   0.171
17.47   9.00    0.986    0.328   1.025   0.170

17.48   0.00    0.167    0.166   0.032   0.036   0.004   0.006   0.082   0.006   0.000   0.000   0.000 1090192000
17.48   4.73   48.640
17.48   9.00    0.490    0.535
17.48   9.00    1.025   50.688
17.48   9.00    0.985    0.329   1.025   0.171
17.48   9.00    0.985    0.328   1.025   0.170

17.49   0.00    0.167    0.166   0.032   0.036   0.004   0.006   0.082   0.006   0.000   0.000   0.000 1090816000
17.49   4.73   48.635
17.49   9.00    0.490    0.535
17.49   9.00    1.025   50.684
17.49   9.00    0.985    0.329   1.025   0.171
17.49   9.00    0.985    0.328   1.025   0.170

17.50   0.00    0.167    0.166   0.032   0.036   0.004   0.006   0.082   0.006   0.000   0.000   0.000 1091440000
17.50   4.73   48.629
17.50   9.00    0.490    0.535
17.50   9.00    1.024   50.681
17.50   9.00    0.985    0.329   1.024   0.171
17.50   9.00    0.985    0.328   1.024   0.170

17.51   0.00    0.167    0.166   0.032   0.036   0.004   0.006   0.082   0.006   0.000   0.000   0.000 1092063000
17.51   4.73   48.623
17.51   9.00    0.490    0.535
17.51   9.00    1.024   50.677
17.51   9.00    0.985    0.329   1.024   0.171
17.51   9.00    0.985    0.328   1.024   0.170

17.52   0.00    0.167    0.166   0.032   0.036   0.004   0.006   0.082   0.006   0.000   0.000   0.000 1092687000
17.52   4.73   48.617
17.52   9.00    0.489    0.535
17.52   9.00    1.024   50.673
17.52   9.00    0.985    0.329   1.024   0.171
17.52   9.00    0.985    0.328   1.024   0.170

17.53   0.00    0.167    0.166   0.032   0.036   0.004   0.006   0.082   0.006   0.000   0.000   0.000 1093311000
17.53   4.73   48.612
17.53   9.00    0.489    0.535
17.53   9.00    1.024   50.670
17.53   9.00    0.985    0.329   1.024   0.171
17.53   9.00    0.985    0.328   1.024   0.170

17.54   0.00    0.167    0.166   0.032   0.036   0.004   0.006   0.082   0.006   0.000   0.000   0.000 1093934000
17.54   4.73   48.606
17.54   9.00    0.489    0.535
17.54   9.00    1.024   50.666
17.54   9.00    0.985    0.329   1.024   0.171
17.54   9.00    0.985    0.328   1.024   0.170

17.55   0.00    0.167    0.166   0.032   0.036   0.004   0.006   0.082   0.006   0.000   0.000   0.000 1094558000
17.55   4.72   48.600
17.55   9.00    0.489    0.535
17.55   9.00    1.024   50.663
17.55   9.00    0.984    0.329   1.024   0.171
17.55   9.00    0.985    0.328   1.024   0.170

17.56   0.00    0.167    0.166   0.032   0.036   0.004   0.006   0.082   0.006   0.000   0.000   0.000 1095182000
17.56   4.72   48.595
17.56   9.00    0.489    0.535
17.56   9.00    1.024   50.659
17.56   9.00    0.984    0.329   1.024   0.171
17.56   9.00    0.984    0.328   1.024   0.170

17.57   0.00    0.167    0.166   0.032   0.036   0.004   0.006   0.082   0.006   0.000   0.000   0.000 1095805000
17.57   4.72   48.589
17.57   9.00    0.489    0.535
17.57   9.00    1.023   50.656
17.57   9.00    0.984    0.329   1.023   0.171
17.57   9.00    0.984    0.328   1.023   0.170

17.58   0.00    0.167    0.166   0.032   0.036   0.004   0.006   0.082   0.006   0.000   0.000   0.000 1096429000
17.58   4.72   48.583
17.58   9.00    0.489    0.535
17.58   9.00    1.023   50.652
17.58   9.00    0.984    0.329   1.023   0.171
17.58   9.00    0.984    0.328   1.023   0.170

17.59   0.00    0.167    0.166   0.032   0.036   0.004   0.006   0.082   0.006   0.000   0.000   0.000 1097053000
17.59   4.72   48.577
17.59   9.00    0.488    0.535
17.59   9.00    1.023   50.648
17.59   9.00    0.984    0.329   1.023   0.171
17.59   9.00    0.984    0.328   1.023   0.170

17.60   0.00    0.167    0.166   0.032   0.036   0.004   0.006   0.082   0.006   0.000   0.000   0.000 1097676000
17.60   4.72   48.572
17.60   9.00    0.488    0.535
17.60   9.00    1.023   50.645
17.60   9.00    0.984    0.329   1.023   0.171
17.60   9.00    0.984    0.328   1.023   0.170

17.61   0.00    0.167    0.166   0.032   0.036   0.004   0.006   0.082   0.006   0.000   0.000   0.000 1098300000
17.61   4.72   48.566
17.61   9.00    0.488    0.535
17.61   9.00    1.023   50.641
17.61   9.00    0.984    0.329   1.023   0.171
17.61   9.00    0.984    0.328   1.023   0.170

17.62   0.00    0.167    0.166   0.032   0.036   0.004   0.006   0.082   0.006   0.000   0.000   0.000 1098924000
17.62   4.72   48.560
17.62   9.00    0.488    0.535
17.62   9.00    1.023   50.638
17.62   9.00    0.983    0.329   1.023   0.171
17.62   9.00    0.984    0.328   1.023   0.170

17.63   0.00    0.167    0.166   0.032   0.036   0.004   0.006   0.082   0.006   0.000   0.000   0.000 1099547000
17.63   4.72   48.555
17.63   9.00    0.488    0.535
17.63   9.00    1.023   50.634
17.63   9.00    0.983    0.329   1.023   0.171
17.63   9.00    0.983    0.328   1.023   0.170

17.64   0.00    0.167    0.166   0.032   0.036   0.004   0.006   0.082   0.006   0.000   0.000   0.000 1100171000
17.64   4.71   48.549
17.64   9.00    0.488    0.535
17.64   9.00    1.023   50.631
17.64   9.00    0.983    0.329   1.023   0.171
17.64   9.00    0.983    0.328   1.023   0.170

17.65   0.00    0.167    0.166   0.032   0.036   0.004   0.006   0.082   0.006   0.000   0.000   0.000 1100795000
17.65   4.71   48.543
17.65   9.00    0.488    0.535
17.65   9.00    1.022   50.627
17.65   9.00    0.983    0.329   1.022   0.171
17.65   9.00    0.983    0.328   1.022   0.170

17.66   0.00    0.167    0.166   0.032   0.036   0.004   0.006   0.082   0.006   0.000   0.000   0.000 1101418000
17.66   4.71   48.538
17.66   9.00    0.488    0.535
17.66   9.00    1.022   50.624
17.66   9.00    0.983    0.329   1.022   0.171
17.66   9.00    0.983    0.328   1.022   0.170

17.67   0.00    0.167    0.166   0.032   0.036   0.004   0.006   0.082   0.006   0.000   0.000   0.000 1102042000
17.67   4.71   48.532
17.67   9.00    0.487    0.535
17.67   9.00    1.022   50.620
17.67   9.00    0.983    0.329   1.022   0.171
17.67   9.00    0.983    0.328   1.022   0.170

17.68   0.00    0.167    0.166   0.032   0.036   0.004   0.006   0.082   0.006   0.000   0.000   0.000 1102666000
17.68   4.71   48.526
17.68   9.00    0.487    0.535
17.68   9.00    1.022   50.616
17.68   9.00    0.983    0.329   1.022   0.171
17.68   9.00    0.983    0.328   1.022   0.170

17.69   0.00    0.167    0.166   0.032   0.036   0.004   0.006   0.082   0.006   0.000   0.000   0.000 1103290000
17.69   4.71   48.521
17.69   9.00    0.487    0.535
17.69   9.00    1.022   50.613
17.69   9.00    0.982    0.329   1.022   0.171
17.69   9.00    0.983    0.328   1.022   0.170

17.70   0.00    0.167    0.166   0.032   0.036   0.004   0.006   0.082   0.006   0.000   0.000   0.000 1103913000
17.70   4.71   48.515
17.70   9.00    0.487    0.535
17.70   9.00    1.022   50.609
17.70   9.00    0.982    0.329   1.022   0.171
17.70   9.00    0.983    0.328   1.022   0.170

17.71   0.00    0.167    0.166   0.032   0.036   0.004   0.006   0.082   0.006   0.000   0.000   0.000 1104537000
17.71   4.71   48.509
17.71   9.00    0.487    0.535
17.71   9.00    1.022   50.606
17.71   9.00    0.982    0.329   1.022   0.171
17.71   9.00    0.982    0.328   1.022   0.170

17.72   0.00    0.167    0.166   0.032   0.036   0.004   0.006   0.082   0.006   0.000   0.000   0.000 1105161000
17.72   4.71   48.504
17.72   9.00    0.487    0.535
17.72   9.00    1.021   50.602
17.72   9.00    0.982    0.329   1.021   0.171
17.72   9.00    0.982    0.328   1.021   0.170

17.73   0.00    0.167    0.166   0.032   0.036   0.004   0.006   0.082   0.006   0.000   0.000   0.000 1105784000
17.73   4.70   48.498
17.73   9.00    0.487    0.535
17.73   9.00    1.021   50.599
17.73   9.00    0.982    0.329   1.021   0.171
17.73   9.00    0.982    0.328   1.021   0.170

17.74   0.00    0.167    0.166   0.032   0.036   0.004   0.006   0.082   0.006   0.000   0.000   0.000 1106408000
17.74   4.70   48.493
17.74   9.00    0.486    0.535
17.74   9.00    1.021   50.595
17.74   9.00    0.982    0.329   1.021   0.171
17.74   9.00    0.982    0.328   1.021   0.170

17.75   0.00    0.167    0.166   0.032   0.036   0.004   0.006   0.082   0.006   0.000   0.000   0.000 1107032000
17.75   4.70   48.487
17.75   9.00    0.486    0.535
17.75   9.00    1.021   50.592
17.75   9.00    0.982    0.329   1.021   0.171
17.75   9.00    0.982    0.328   1.021   0.170

17.76   0.00    0.167    0.166   0.032   0.036   0.004   0.006   0.082   0.006   0.000   0.000   0.000 1107655000
17.76   4.70   48.481
17.76   9.00    0.486    0.535
17.76   9.00    1.021   50.588
17.76   9.00    0.982    0.329   1.021   0.171
17.76   9.00    0.982    0.328   1.021   0.170

17.77   0.00    0.167    0.166   0.032   0.036   0.004   0.006   0.082   0.006   0.000   0.000   0.000 1108279000
17.77   4.70   48.476
17.77   9.00    0.486    0.535
17.77   9.00    1.021   50.585
17.77   9.00    0.981    0.329   1.021   0.171
17.77   9.00    0.982    0.328   1.021   0.170

17.78   0.00    0.167    0.166   0.032   0.036   0.004   0.006   0.082   0.006   0.000   0.000   0.000 1108903000
17.78   4.70   48.470
17.78   9.00    0.486    0.535
17.78   9.00    1.021   50.581
17.78   9.00    0.981    0.329   1.021   0.171
17.78   9.00    0.981    0.328   1.021   0.170

17.79   0.00    0.167    0.166   0.032   0.036   0.004   0.006   0.082   0.006   0.000   0.000   0.000 1109526000
17.79   4.70   48.465
17.79   9.00    0.486    0.535
17.79   9.00    1.021   50.578
17.79   9.00    0.981    0.329   1.021   0.171
17.79   9.00    0.981    0.328   1.021   0.170

17.80   0.00    0.167    0.166   0.032   0.036   0.004   0.006   0.082   0.006   0.000   0.000   0.000 1110150000
17.80   4.70   48.459
17.80   9.00    0.486    0.535
17.80   9.00    1.020   50.574
17.80   9.00    0.981    0.329   1.020   0.171
17.80   9.00    0.981    0.328   1.020   0.170

17.81   0.00    0.167    0.166   0.032   0.036   0.004   0.006   0.082   0.006   0.000   0.000   0.000 1110774000
17.81   4.70   48.453
17.81   9.00    0.485    0.535
17.81   9.00    1.020   50.571
17.81   9.00    0.981    0.329   1.020   0.171
17.81   9.00    0.981    0.328   1.020   0.170

17.82   0.00    0.167    0.166   0.032   0.036   0.004   0.006   0.082   0.006   0.000   0.000   0.000 1111397000
17.82   4.70   48.448
17.82   9.00    0.485    0.535
17.82   9.00    1.020   50.567
17.82   9.00    0.981    0.329   1.020   0.171
17.82   9.00    0.981    0.328   1.020   0.170

17.83   0.00    0.167    0.166   0.032   0.036   0.004   0.006   0.082   0.006   0.000   0.000   0.000 1112021000
17.83   4.69   48.442
17.83   9.00    0.485    0.535
17.83   9.00    1.020   50.564
17.83   9.00    0.981    0.329   1.020   0.171
17.83   9.00    0.981    0.328   1.020   0.170

17.84   0.00    0.167    0.166   0.032   0.036   0.004   0.006   0.082   0.006   0.000   0.000   0.000 1112645000
17.84   4.69   48.437
17.84   9.00    0.485    0.535
17.84   9.00    1.020   50.560
17.84   9.00    0.981    0.329   1.020   0.171
17.84   9.00    0.981    0.328   1.020   0.170

17.85   0.00    0.167    0.166   0.032   0.036   0.004   0.006   0.082   0.006   0.000   0.000   0.000 1113268000
17.85   4.69   48.431
17.85   9.00    0.485    0.535
17.85   9.00    1.020   50.557
17.85   9.00    0.980    0.328   1.020   0.171
17.85   9.00    0.981    0.328   1.020   0.170

17.86   0.00    0.167    0.166   0.032   0.036   0.004   0.006   0.082   0.006   0.000   0.000   0.000 1113892000
17.86   4.69   48.425
17.86   9.00    0.485    0.535
17.86   9.00    1.020   50.553
17.86   9.00    0.980    0.328   1.020   0.171
17.86   9.00    0.980    0.327   1.020   0.170

17.87   0.00    0.167    0.166   0.032   0.036   0.004   0.006   0.082   0.006   0.000   0.000   0.000 1114516000
17.87   4.69   48.420
17.87   9.00    0.485    0.535
17.87   9.00    1.019   50.550
17.87   9.00    0.980    0.328   1.019   0.171
17.87   9.00    0.980    0.327   1.019   0.170

17.88   0.00    0.167    0.166   0.032   0.036   0.004   0.006   0.082   0.006   0.000   0.000   0.000 1115139000
17.88   4.69   48.414
17.88   9.00    0.485    0.535
17.88   9.00    1.019   50.546
17.88   9.00    0.980    0.328   1.019   0.171
17.88   9.00    0.980    0.327   1.019   0.170

17.89   0.00    0.167    0.166   0.032   0.036   0.004   0.006   0.082   0.006   0.000   0.000   0.000 1115763000
17.89   4.69   48.409
17.89   9.00    0.484    0.535
17.89   9.00    1.019   50.543
17.89   9.00    0.980    0.328   1.019   0.171
17.89   9.00    0.980    0.327   1.019   0.170

17.90   0.00    0.167    0.166   0.032   0.036   0.004   0.006   0.082   0.006   0.000   0.000   0.000 1116387000
17.90   4.69   48.403
17.90   9.00    0.484    0.535
17.90   9.00    1.019   50.539
17.90   9.00    0.980    0.328   1.019   0.171
17.90   9.00    0.980    0.327   1.019   0.170

17.91   0.00    0.167    0.166   0.032   0.036   0.004   0.006   0.082   0.006   0.000   0.000   0.000 1117011000
17.91   4.69   48.398
17.91   9.00    0.484    0.535
17.91   9.00    1.019   50.536
17.91   9.00    0.980    0.328   1.019   0.171
17.91   9.00    0.980    0.327   1.019   0.170

17.92   0.00    0.167    0.166   0.032   0.036   0.004   0.006   0.082   0.006   0.000   0.000   0.000 1117634000
17.92   4.68   48.392
17.92   9.00    0.484    0.535
17.92   9.00    1.019   50.532
17.92   9.00    0.979    0.328   1.019   0.171
17.92   9.00    0.980    0.327   1.019   0.170

17.93   0.00    0.167    0.166   0.032   0.036   0.004   0.006   0.082   0.006   0.000   0.000   0.000 1118258000
17.93   4.68   48.387
17.93   9.00    0.484    0.535
17.93   9.00    1.019   50.529
17.93   9.00    0.979    0.328   1.019   0.171
17.93   9.00    0.979    0.327   1.019   0.170

17.94   0.00    0.167    0.166   0.032   0.036   0.004   0.006   0.082   0.006   0.000   0.000   0.000 1118882000
17.94   4.68   48.381
17.94   9.00    0.484    0.535
17.94   9.00    1.019   50.526
17.94   9.00    0.979    0.328   1.019   0.171
17.94   9.00    0.979    0.327   1.019   0.170

17.95   0.00    0.167    0.166   0.032   0.036   0.004   0.006   0.082   0.006   0.000   0.000   0.000 1119505000
17.95   4.68   48.376
17.95   9.00    0.484    0.535
17.95   9.00    1.018   50.522
17.95   9.00    0.979    0.328   1.018   0.171
17.95   9.00    0.979    0.327   1.018   0.170

17.96   0.00    0.167    0.166   0.032   0.036   0.004   0.006   0.082   0.006   0.000   0.000   0.000 1120129000
17.96   4.68   48.370
17.96   9.00    0.483    0.535
17.96   9.00    1.018   50.519
17.96   9.00    0.979    0.328   1.018   0.171
17.96   9.00    0.979    0.327   1.018   0.170

17.97   0.00    0.167    0.166   0.032   0.036   0.004   0.006   0.082   0.006   0.000   0.000   0.000 1120753000
17.97   4.68   48.365
17.97   9.00    0.483    0.535
17.97   9.00    1.018   50.515
17.97   9.00    0.979    0.328   1.018   0.171
17.97   9.00    0.979    0.327   1.018   0.170

17.98   0.00    0.167    0.166   0.032   0.036   0.004   0.006   0.082   0.006   0.000   0.000   0.000 1121376000
17.98   4.68   48.359
17.98   9.00    0.483    0.535
17.98   9.00    1.018   50.512
17.98   9.00    0.979    0.328   1.018   0.171
17.98   9.00    0.979    0.327   1.018   0.170

17.99   0.00    0.167    0.166   0.032   0.036   0.004   0.006   0.082   0.006   0.000   0.000   0.000 1122000000
17.99   4.68   48.353
17.99   9.00    0.483    0.535
17.99   9.00    1.018   50.508
17.99   9.00    0.979    0.328   1.018   0.171
17.99   9.00    0.979    0.327   1.018   0.170

18.00   0.00    0.167    0.166   0.032   0.036   0.004   0.006   0.082   0.006   0.000   0.000   0.000 1122624000
18.00   4.68   48.348
18.00   9.00    0.483    0.535
18.00   9.00    1.018   50.505
18.00   9.00    0.978    0.328   1.018   0.171
18.00   9.00    0.979    0.327   1.018   0.170

18.01   0.00    0.167    0.166   0.032   0.036   0.004   0.006   0.082   0.006   0.000   0.000   0.000 1123247000
18.01   4.67   48.342
18.01   9.00    0.483    0.535
18.01   9.00    1.018   50.501
18.01   9.00    0.978    0.328   1.018   0.171
18.01   9.00    0.978    0.327   1.018   0.170

18.02   0.00    0.167    0.166   0.032   0.036   0.004   0.006   0.082   0.006   0.000   0.000   0.000 1123871000
18.02   4.67   48.337
18.02   9.00    0.483    0.535
18.02   9.00    1.017   50.498
18.02   9.00    0.978    0.328   1.017   0.171
18.02   9.00    0.978    0.327   1.017   0.170

18.03   0.00    0.167    0.166   0.032   0.036   0.004   0.006   0.082   0.006   0.000   0.000   0.000 1124495000
18.03   4.67   48.331
18.03   9.00    0.483    0.535
18.03   9.00    1.017   50.495
18.03   9.00    0.978    0.328   1.017   0.171
18.03   9.00    0.978    0.327   1.017   0.170

18.04   0.00    0.167    0.166   0.032   0.036   0.004   0.006   0.082   0.006   0.000   0.000   0.000 1125118000
18.04   4.67   48.326
18.04   9.00    0.482    0.535
18.04   9.00    1.017   50.491
18.04   9.00    0.978    0.328   1.017   0.171
18.04   9.00    0.978    0.327   1.017   0.170

18.05   0.00    0.167    0.166   0.032   0.036   0.004   0.006   0.082   0.006   0.000   0.000   0.000 1125742000
18.05   4.67   48.320
18.05   9.00    0.482    0.535
18.05   9.00    1.017   50.488
18.05   9.00    0.978    0.328   1.017   0.171
18.05   9.00    0.978    0.327   1.017   0.170

18.06   0.00    0.167    0.166   0.032   0.036   0.004   0.006   0.082   0.006   0.000   0.000   0.000 1126366000
18.06   4.67   48.315
18.06   9.00    0.482    0.535
18.06   9.00    1.017   50.484
18.06   9.00    0.978    0.328   1.017   0.171
18.06   9.00    0.978    0.327   1.017   0.170

18.07   0.00    0.167    0.166   0.032   0.036   0.004   0.006   0.082   0.006   0.000   0.000   0.000 1126989000
18.07   4.67   48.309
18.07   9.00    0.482    0.535
18.07   9.00    1.017   50.481
18.07   9.00    0.978    0.328   1.017   0.171
18.07   9.00    0.978    0.327   1.017   0.170

18.08   0.00    0.167    0.166   0.032   0.036   0.004   0.006   0.082   0.006   0.000   0.000   0.000 1127613000
18.08   4.67   48.304
18.08   9.00    0.482    0.535
18.08   9.00    1.017   50.477
18.08   9.00    0.977    0.328   1.017   0.171
18.08   9.00    0.978    0.327   1.017   0.170

18.09   0.00    0.167    0.166   0.032   0.036   0.004   0.006   0.082   0.006   0.000   0.000   0.000 1128237000
18.09   4.67   48.299
18.09   9.00    0.482    0.535
18.09   9.00    1.017   50.474
18.09   9.00    0.977    0.328   1.017   0.171
18.09   9.00    0.977    0.327   1.017   0.170

18.10   0.00    0.167    0.166   0.032   0.036   0.004   0.006   0.082   0.006   0.000   0.000   0.000 1128860000
18.10   4.67   48.293
18.10   9.00    0.482    0.535
18.10   9.00    1.016   50.471
18.10   9.00    0.977    0.328   1.016   0.171
18.10   9.00    0.977    0.327   1.016   0.170

18.11   0.00    0.167    0.166   0.032   0.036   0.004   0.006   0.082   0.006   0.000   0.000   0.000 1129484000
18.11   4.66   48.288
18.11   9.00    0.482    0.535
18.11   9.00    1.016   50.467
18.11   9.00    0.977    0.328   1.016   0.171
18.11   9.00    0.977    0.327   1.016   0.170

18.12   0.00    0.167    0.166   0.032   0.036   0.004   0.006   0.082   0.006   0.000   0.000   0.000 1130108000
18.12   4.66   48.282
18.12   9.00    0.481    0.535
18.12   9.00    1.016   50.464
18.12   9.00    0.977    0.328   1.016   0.171
18.12   9.00    0.977    0.327   1.016   0.170

18.13   0.00    0.167    0.166   0.032   0.036   0.004   0.006   0.082   0.006   0.000   0.000   0.000 1130731000
18.13   4.66   48.277
18.13   9.00    0.481    0.535
18.13   9.00    1.016   50.460
18.13   9.00    0.977    0.328   1.016   0.171
18.13   9.00    0.977    0.327   1.016   0.170

18.14   0.00    0.167    0.166   0.032   0.036   0.004   0.006   0.082   0.006   0.000   0.000   0.000 1131355000
18.14   4.66   48.271
18.14   9.00    0.481    0.535
18.14   9.00    1.016   50.457
18.14   9.00    0.977    0.328   1.016   0.171
18.14   9.00    0.977    0.327   1.016   0.170

18.15   0.00    0.167    0.166   0.032   0.036   0.004   0.006   0.082   0.006   0.000   0.000   0.000 1131979000
18.15   4.66   48.266
18.15   9.00    0.481    0.535
18.15   9.00    1.016   50.454
18.15   9.00    0.977    0.328   1.016   0.171
18.15   9.00    0.977    0.327   1.016   0.170

18.16   0.00    0.167    0.166   0.032   0.036   0.004   0.006   0.082   0.006   0.000   0.000   0.000 1132602000
18.16   4.66   48.260
18.16   9.00    0.481    0.535
18.16   9.00    1.016   50.450
18.16   9.00    0.976    0.328   1.016   0.171
18.16   9.00    0.977    0.327   1.016   0.170

18.17   0.00    0.167    0.166   0.032   0.036   0.004   0.006   0.082   0.006   0.000   0.000   0.000 1133226000
18.17   4.66   48.255
18.17   9.00    0.481    0.535
18.17   9.00    1.016   50.447
18.17   9.00    0.976    0.328   1.016   0.171
18.17   9.00    0.976    0.327   1.016   0.170

18.18   0.00    0.167    0.166   0.032   0.036   0.004   0.006   0.082   0.006   0.000   0.000   0.000 1133850000
18.18   4.66   48.249
18.18   9.00    0.481    0.535
18.18   9.00    1.015   50.444
18.18   9.00    0.976    0.328   1.015   0.171
18.18   9.00    0.976    0.327   1.015   0.170

18.19   0.00    0.167    0.166   0.032   0.036   0.004   0.006   0.082   0.006   0.000   0.000   0.000 1134474000
18.19   4.66   48.244
18.19   9.00    0.480    0.535
18.19   9.00    1.015   50.440
18.19   9.00    0.976    0.328   1.015   0.171
18.19   9.00    0.976    0.327   1.015   0.170

18.20   0.00    0.167    0.166   0.032   0.036   0.004   0.006   0.082   0.006   0.000   0.000   0.000 1135097000
18.20   4.66   48.239
18.20   9.00    0.480    0.535
18.20   9.00    1.015   50.437
18.20   9.00    0.976    0.328   1.015   0.171
18.20   9.00    0.976    0.327   1.015   0.170

18.21   0.00    0.167    0.166   0.032   0.036   0.004   0.006   0.082   0.006   0.000   0.000   0.000 1135721000
18.21   4.65   48.233
18.21   9.00    0.480    0.535
18.21   9.00    1.015   50.433
18.21   9.00    0.976    0.328   1.015   0.171
18.21   9.00    0.976    0.327   1.015   0.170

18.22   0.00    0.167    0.166   0.032   0.036   0.004   0.006   0.082   0.006   0.000   0.000   0.000 1136345000
18.22   4.65   48.228
18.22   9.00    0.480    0.535
18.22   9.00    1.015   50.430
18.22   9.00    0.976    0.328   1.015   0.171
18.22   9.00    0.976    0.327   1.015   0.170

18.23   0.00    0.167    0.166   0.032   0.036   0.004   0.006   0.082   0.006   0.000   0.000   0.000 1136968000
18.23   4.65   48.222
18.23   9.00    0.480    0.535
18.23   9.00    1.015   50.427
18.23   9.00    0.976    0.328   1.015   0.171
18.23   9.00    0.976    0.327   1.015   0.170

18.24   0.00    0.167    0.166   0.032   0.036   0.004   0.006   0.082   0.006   0.000   0.000   0.000 1137592000
18.24   4.65   48.217
18.24   9.00    0.480    0.535
18.24   9.00    1.015   50.423
18.24   9.00    0.975    0.328   1.015   0.171
18.24   9.00    0.976    0.327   1.015   0.170

18.25   0.00    0.167    0.166   0.032   0.036   0.004   0.006   0.082   0.006   0.000   0.000   0.000 1138216000
18.25   4.65   48.212
18.25   9.00    0.480    0.535
18.25   9.00    1.014   50.420
18.25   9.00    0.975    0.327   1.014   0.171
18.25   9.00    0.975    0.327   1.014   0.170

18.26   0.00    0.167    0.166   0.032   0.036   0.004   0.006   0.082   0.006   0.000   0.000   0.000 1138839000
18.26   4.65   48.206
18.26   9.00    0.480    0.535
18.26   9.00    1.014   50.417
18.26   9.00    0.975    0.327   1.014   0.171
18.26   9.00    0.975    0.327   1.014   0.170

18.27   0.00    0.167    0.166   0.032   0.036   0.004   0.006   0.082   0.006   0.000   0.000   0.000 1139463000
18.27   4.65   48.201
18.27   9.00    0.479    0.535
18.27   9.00    1.014   50.413
18.27   9.00    0.975    0.327   1.014   0.171
18.27   9.00    0.975    0.327   1.014   0.170

18.28   0.00    0.167    0.166   0.032   0.036   0.004   0.006   0.082   0.006   0.000   0.000   0.000 1140087000
18.28   4.65   48.195
18.28   9.00    0.479    0.535
18.28   9.00    1.014   50.410
18.28   9.00    0.975    0.327   1.014   0.171
18.28   9.00    0.975    0.326   1.014   0.170

18.29   0.00    0.167    0.166   0.032   0.036   0.004   0.006   0.082   0.006   0.000   0.000   0.000 1140710000
18.29   4.65   48.190
18.29   9.00    0.479    0.535
18.29   9.00    1.014   50.407
18.29   9.00    0.975    0.327   1.014   0.171
18.29   9.00    0.975    0.326   1.014   0.170

18.30   0.00    0.167    0.166   0.032   0.036   0.004   0.006   0.082   0.006   0.000   0.000   0.000 1141334000
18.30   4.64   48.185
18.30   9.00    0.479    0.535
18.30   9.00    1.014   50.403
18.30   9.00    0.975    0.327   1.014   0.171
18.30   9.00    0.975    0.326   1.014   0.170

18.31   0.00    0.167    0.166   0.032   0.036   0.004   0.006   0.082   0.006   0.000   0.000   0.000 1141958000
18.31   4.64   48.179
18.31   9.00    0.479    0.535
18.31   9.00    1.014   50.400
18.31   9.00    0.975    0.327   1.014   0.171
18.31   9.00    0.975    0.326   1.014   0.170

18.32   0.00    0.167    0.166   0.032   0.036   0.004   0.006   0.082   0.006   0.000   0.000   0.000 1142581000
18.32   4.64   48.174
18.32   9.00    0.479    0.535
18.32   9.00    1.014   50.397
18.32   9.00    0.974    0.327   1.014   0.171
18.32   9.00    0.975    0.326   1.014   0.170

18.33   0.00    0.167    0.166   0.032   0.036   0.004   0.006   0.082   0.006   0.000   0.000   0.000 1143205000
18.33   4.64   48.169
18.33   9.00    0.479    0.535
18.33   9.00    1.013   50.393
18.33   9.00    0.974    0.327   1.013   0.171
18.33   9.00    0.974    0.326   1.013   0.170

18.34   0.00    0.167    0.166   0.032   0.036   0.004   0.006   0.082   0.006   0.000   0.000   0.000 1143829000
18.34   4.64   48.163
18.34   9.00    0.479    0.535
18.34   9.00    1.013   50.390
18.34   9.00    0.974    0.327   1.013   0.171
18.34   9.00    0.974    0.326   1.013   0.170

18.35   0.00    0.167    0.166   0.032   0.036   0.004   0.006   0.082   0.006   0.000   0.000   0.000 1144452000
18.35   4.64   48.158
18.35   9.00    0.478    0.535
18.35   9.00    1.013   50.387
18.35   9.00    0.974    0.327   1.013   0.171
18.35   9.00    0.974    0.326   1.013   0.170

18.36   0.00    0.167    0.166   0.032   0.036   0.004   0.006   0.082   0.006   0.000   0.000   0.000 1145076000
18.36   4.64   48.152
18.36   9.00    0.478    0.535
18.36   9.00    1.013   50.383
18.36   9.00    0.974    0.327   1.013   0.171
18.36   9.00    0.974    0.326   1.013   0.170

18.37   0.00    0.167    0.166   0.032   0.036   0.004   0.006   0.082   0.006   0.000   0.000   0.000 1145700000
18.37   4.64   48.147
18.37   9.00    0.478    0.535
18.37   9.00    1.013   50.380
18.37   9.00    0.974    0.327   1.013   0.171
18.37   9.00    0.974    0.326   1.013   0.170

18.38   0.00    0.167    0.166   0.032   0.036   0.004   0.006   0.082   0.006   0.000   0.000   0.000 1146323000
18.38   4.64   48.142
18.38   9.00    0.478    0.535
18.38   9.00    1.013   50.377
18.38   9.00    0.974    0.327   1.013   0.171
18.38   9.00    0.974    0.326   1.013   0.170

18.39   0.00    0.167    0.166   0.032   0.036   0.004   0.006   0.082   0.006   0.000   0.000   0.000 1146947000
18.39   4.64   48.136
18.39   9.00    0.478    0.535
18.39   9.00    1.013   50.373
18.39   9.00    0.974    0.327   1.013   0.171
18.39   9.00    0.974    0.326   1.013   0.170

18.40   0.00    0.167    0.166   0.032   0.036   0.004   0.006   0.082   0.006   0.000   0.000   0.000 1147571000
18.40   4.63   48.131
18.40   9.00    0.478    0.535
18.40   9.00    1.013   50.370
18.40   9.00    0.973    0.327   1.013   0.171
18.40   9.00    0.974    0.326   1.013   0.170

18.41   0.00    0.167    0.166   0.032   0.036   0.004   0.006   0.082   0.006   0.000   0.000   0.000 1148195000
18.41   4.63   48.126
18.41   9.00    0.478    0.535
18.41   9.00    1.012   50.367
18.41   9.00    0.973    0.327   1.012   0.171
18.41   9.00    0.973    0.326   1.012   0.170

18.42   0.00    0.167    0.166   0.032   0.036   0.004   0.006   0.082   0.006   0.000   0.000   0.000 1148818000
18.42   4.63   48.120
18.42   9.00    0.478    0.535
18.42   9.00    1.012   50.363
18.42   9.00    0.973    0.327   1.012   0.171
18.42   9.00    0.973    0.326   1.012   0.170

18.43   0.00    0.167    0.166   0.032   0.036   0.004   0.006   0.082   0.006   0.000   0.000   0.000 1149442000
18.43   4.63   48.115
18.43   9.00    0.477    0.535
18.43   9.00    1.012   50.360
18.43   9.00    0.973    0.327   1.012   0.171
18.43   9.00    0.973    0.326   1.012   0.170

18.44   0.00    0.167    0.166   0.032   0.036   0.004   0.006   0.082   0.006   0.000   0.000   0.000 1150066000
18.44   4.63   48.110
18.44   9.00    0.477    0.535
18.44   9.00    1.012   50.357
18.44   9.00    0.973    0.327   1.012   0.171
18.44   9.00    0.973    0.326   1.012   0.170

18.45   0.00    0.167    0.166   0.032   0.036   0.004   0.006   0.082   0.006   0.000   0.000   0.000 1150689000
18.45   4.63   48.104
18.45   9.00    0.477    0.535
18.45   9.00    1.012   50.353
18.45   9.00    0.973    0.327   1.012   0.171
18.45   9.00    0.973    0.326   1.012   0.170

18.46   0.00    0.167    0.166   0.032   0.036   0.004   0.006   0.082   0.006   0.000   0.000   0.000 1151313000
18.46   4.63   48.099
18.46   9.00    0.477    0.535
18.46   9.00    1.012   50.350
18.46   9.00    0.973    0.327   1.012   0.171
18.46   9.00    0.973    0.326   1.012   0.170

18.47   0.00    0.167    0.166   0.032   0.036   0.004   0.006   0.082   0.006   0.000   0.000   0.000 1151937000
18.47   4.63   48.094
18.47   9.00    0.477    0.535
18.47   9.00    1.012   50.347
18.47   9.00    0.973    0.327   1.012   0.171
18.47   9.00    0.973    0.326   1.012   0.170

18.48   0.00    0.167    0.166   0.032   0.036   0.004   0.006   0.082   0.006   0.000   0.000   0.000 1152560000
18.48   4.63   48.088
18.48   9.00    0.477    0.535
18.48   9.00    1.012   50.344
18.48   9.00    0.972    0.327   1.012   0.171
18.48   9.00    0.973    0.326   1.012   0.170

18.49   0.00    0.167    0.166   0.032   0.036   0.004   0.006   0.082   0.006   0.000   0.000   0.000 1153184000
18.49   4.63   48.083
18.49   9.00    0.477    0.535
18.49   9.00    1.011   50.340
18.49   9.00    0.972    0.327   1.011   0.171
18.49   9.00    0.972    0.326   1.011   0.170

18.50   0.00    0.167    0.166   0.032   0.036   0.004   0.006   0.082   0.006   0.000   0.000   0.000 1153808000
18.50   4.62   48.078
18.50   9.00    0.477    0.535
18.50   9.00    1.011   50.337
18.50   9.00    0.972    0.327   1.011   0.171
18.50   9.00    0.972    0.326   1.011   0.170

18.51   0.00    0.167    0.166   0.032   0.036   0.004   0.006   0.082   0.006   0.000   0.000   0.000 1154431000
18.51   4.62   48.073
18.51   9.00    0.476    0.535
18.51   9.00    1.011   50.334
18.51   9.00    0.972    0.327   1.011   0.171
18.51   9.00    0.972    0.326   1.011   0.170

18.52   0.00    0.167    0.166   0.032   0.036   0.004   0.006   0.082   0.006   0.000   0.000   0.000 1155055000
18.52   4.62   48.067
18.52   9.00    0.476    0.535
18.52   9.00    1.011   50.330
18.52   9.00    0.972    0.327   1.011   0.171
18.52   9.00    0.972    0.326   1.011   0.170

18.53   0.00    0.167    0.166   0.032   0.036   0.004   0.006   0.082   0.006   0.000   0.000   0.000 1155679000
18.53   4.62   48.062
18.53   9.00    0.476    0.535
18.53   9.00    1.011   50.327
18.53   9.00    0.972    0.327   1.011   0.171
18.53   9.00    0.972    0.326   1.011   0.170

18.54   0.00    0.167    0.166   0.032   0.036   0.004   0.006   0.082   0.006   0.000   0.000   0.000 1156302000
18.54   4.62   48.057
18.54   9.00    0.476    0.535
18.54   9.00    1.011   50.324
18.54   9.00    0.972    0.327   1.011   0.171
18.54   9.00    0.972    0.326   1.011   0.170

18.55   0.00    0.167    0.166   0.032   0.036   0.004   0.006   0.082   0.006   0.000   0.000   0.000 1156926000
18.55   4.62   48.051
18.55   9.00    0.476    0.535
18.55   9.00    1.011   50.321
18.55   9.00    0.972    0.327   1.011   0.171
18.55   9.00    0.972    0.326   1.011   0.170

18.56   0.00    0.167    0.166   0.032   0.036   0.004   0.006   0.082   0.006   0.000   0.000   0.000 1157550000
18.56   4.62   48.046
18.56   9.00    0.476    0.535
18.56   9.00    1.011   50.317
18.56   9.00    0.971    0.327   1.011   0.171
18.56   9.00    0.972    0.326   1.011   0.170

18.57   0.00    0.167    0.166   0.032   0.036   0.004   0.006   0.082   0.006   0.000   0.000   0.000 1158173000
18.57   4.62   48.041
18.57   9.00    0.476    0.535
18.57   9.00    1.010   50.314
18.57   9.00    0.971    0.327   1.010   0.171
18.57   9.00    0.971    0.326   1.010   0.170

18.58   0.00    0.167    0.166   0.032   0.036   0.004   0.006   0.082   0.006   0.000   0.000   0.000 1158797000
18.58   4.62   48.036
18.58   9.00    0.476    0.535
18.58   9.00    1.010   50.311
18.58   9.00    0.971    0.327   1.010   0.171
18.58   9.00    0.971    0.326   1.010   0.170

18.59   0.00    0.167    0.166   0.032   0.036   0.004   0.006   0.082   0.006   0.000   0.000   0.000 1159421000
18.59   4.62   48.030
18.59   9.00    0.475    0.535
18.59   9.00    1.010   50.308
18.59   9.00    0.971    0.327   1.010   0.171
18.59   9.00    0.971    0.326   1.010   0.170

18.60   0.00    0.167    0.166   0.032   0.036   0.004   0.006   0.082   0.006   0.000   0.000   0.000 1160044000
18.60   4.62   48.025
18.60   9.00    0.475    0.535
18.60   9.00    1.010   50.304
18.60   9.00    0.971    0.327   1.010   0.171
18.60   9.00    0.971    0.326   1.010   0.170

18.61   0.00    0.167    0.166   0.032   0.036   0.004   0.006   0.082   0.006   0.000   0.000   0.000 1160668000
18.61   4.61   48.020
18.61   9.00    0.475    0.535
18.61   9.00    1.010   50.301
18.61   9.00    0.971    0.327   1.010   0.171
18.61   9.00    0.971    0.326   1.010   0.170

18.62   0.00    0.167    0.166   0.032   0.036   0.004   0.006   0.082   0.006   0.000   0.000   0.000 1161292000
18.62   4.61   48.015
18.62   9.00    0.475    0.535
18.62   9.00    1.010   50.298
18.62   9.00    0.971    0.327   1.010   0.171
18.62   9.00    0.971    0.326   1.010   0.170

18.63   0.00    0.167    0.166   0.032   0.036   0.004   0.006   0.082   0.006   0.000   0.000   0.000 1161915000
18.63   4.61   48.009
18.63   9.00    0.475    0.535
18.63   9.00    1.010   50.295
18.63   9.00    0.971    0.327   1.010   0.171
18.63   9.00    0.971    0.326   1.010   0.170

18.64   0.00    0.167    0.166   0.032   0.036   0.004   0.006   0.082   0.006   0.000   0.000   0.000 1162539000
18.64   4.61   48.004
18.64   9.00    0.475    0.535
18.64   9.00    1.010   50.291
18.64   9.00    0.970    0.327   1.010   0.171
18.64   9.00    0.971    0.326   1.010   0.170

18.65   0.00    0.167    0.166   0.032   0.036   0.004   0.006   0.082   0.006   0.000   0.000   0.000 1163163000
18.65   4.61   47.999
18.65   9.00    0.475    0.535
18.65   9.00    1.009   50.288
18.65   9.00    0.970    0.327   1.009   0.171
18.65   9.00    0.970    0.326   1.009   0.170

18.66   0.00    0.167    0.166   0.032   0.036   0.004   0.006   0.082   0.006   0.000   0.000   0.000 1163786000
18.66   4.61   47.994
18.66   9.00    0.475    0.535
18.66   9.00    1.009   50.285
18.66   9.00    0.970    0.327   1.009   0.171
18.66   9.00    0.970    0.326   1.009   0.170

18.67   0.00    0.167    0.166   0.032   0.036   0.004   0.006   0.082   0.006   0.000   0.000   0.000 1164410000
18.67   4.61   47.988
18.67   9.00    0.474    0.535
18.67   9.00    1.009   50.282
18.67   9.00    0.970    0.326   1.009   0.171
18.67   9.00    0.970    0.326   1.009   0.170

18.68   0.00    0.167    0.166   0.032   0.036   0.004   0.006   0.082   0.006   0.000   0.000   0.000 1165034000
18.68   4.61   47.983
18.68   9.00    0.474    0.535
18.68   9.00    1.009   50.278
18.68   9.00    0.970    0.326   1.009   0.171
18.68   9.00    0.970    0.326   1.009   0.170

18.69   0.00    0.167    0.166   0.032   0.036   0.004   0.006   0.082   0.006   0.000   0.000   0.000 1165658000
18.69   4.61   47.978
18.69   9.00    0.474    0.535
18.69   9.00    1.009   50.275
18.69   9.00    0.970    0.326   1.009   0.171
18.69   9.00    0.970    0.326   1.009   0.170

18.70   0.00    0.167    0.166   0.032   0.036   0.004   0.006   0.082   0.006   0.000   0.000   0.000 1166281000
18.70   4.61   47.973
18.70   9.00    0.474    0.535
18.70   9.00    1.009   50.272
18.70   9.00    0.970    0.326   1.009   0.171
18.70   9.00    0.970    0.326   1.009   0.170

18.71   0.00    0.167    0.166   0.032   0.036   0.004   0.006   0.082   0.006   0.000   0.000   0.000 1166905000
18.71   4.60   47.967
18.71   9.00    0.474    0.535
18.71   9.00    1.009   50.269
18.71   9.00    0.970    0.326   1.009   0.171
18.71   9.00    0.970    0.326   1.009   0.170

18.72   0.00    0.167    0.166   0.032   0.036   0.004   0.006   0.082   0.006   0.000   0.000   0.000 1167529000
18.72   4.60   47.962
18.72   9.00    0.474    0.535
18.72   9.00    1.009   50.266
18.72   9.00    0.970    0.326   1.009   0.171
18.72   9.00    0.970    0.325   1.009   0.170

18.73   0.00    0.167    0.166   0.032   0.036   0.004   0.006   0.082   0.006   0.000   0.000   0.000 1168152000
18.73   4.60   47.957
18.73   9.00    0.474    0.535
18.73   9.00    1.009   50.262
18.73   9.00    0.969    0.326   1.009   0.171
18.73   9.00    0.970    0.325   1.009   0.170

18.74   0.00    0.167    0.166   0.032   0.036   0.004   0.006   0.082   0.006   0.000   0.000   0.000 1168776000
18.74   4.60   47.952
18.74   9.00    0.474    0.535
18.74   9.00    1.008   50.259
18.74   9.00    0.969    0.326   1.008   0.171
18.74   9.00    0.969    0.325   1.008   0.170

18.75   0.00    0.167    0.166   0.032   0.036   0.004   0.006   0.082   0.006   0.000   0.000   0.000 1169400000
18.75   4.60   47.947
18.75   9.00    0.474    0.535
18.75   9.00    1.008   50.256
18.75   9.00    0.969    0.326   1.008   0.171
18.75   9.00    0.969    0.325   1.008   0.170

18.76   0.00    0.167    0.166   0.032   0.036   0.004   0.006   0.082   0.006   0.000   0.000   0.000 1170023000
18.76   4.60   47.941
18.76   9.00    0.473    0.535
18.76   9.00    1.008   50.253
18.76   9.00    0.969    0.326   1.008   0.171
18.76   9.00    0.969    0.325   1.008   0.170

18.77   0.00    0.167    0.166   0.032   0.036   0.004   0.006   0.082   0.006   0.000   0.000   0.000 1170647000
18.77   4.60   47.936
18.77   9.00    0.473    0.535
18.77   9.00    1.008   50.250
18.77   9.00    0.969    0.326   1.008   0.171
18.77   9.00    0.969    0.325   1.008   0.170

18.78   0.00    0.166    0.166   0.032   0.036   0.004   0.006   0.082   0.006   0.000   0.000   0.000 1171271000
18.78   4.60   47.931
18.78   9.00    0.473    0.535
18.78   9.00    1.008   50.246
18.78   9.00    0.969    0.326   1.008   0.171
18.78   9.00    0.969    0.325   1.008   0.170

18.79   0.00    0.166    0.166   0.032   0.036   0.004   0.006   0.082   0.006   0.000   0.000   0.000 1171894000
18.79   4.60   47.926
18.79   9.00    0.473    0.535
18.79   9.00    1.008   50.243
18.79   9.00    0.969    0.326   1.008   0.171
18.79   9.00    0.969    0.325   1.008   0.170

18.80   0.00    0.166    0.166   0.032   0.036   0.004   0.006   0.082   0.006   0.000   0.000   0.000 1172518000
18.80   4.60   47.921
18.80   9.00    0.473    0.535
18.80   9.00    1.008   50.240
18.80   9.00    0.969    0.326   1.008   0.171
18.80   9.00    0.969    0.325   1.008   0.170

18.81   0.00    0.166    0.166   0.032   0.036   0.004   0.006   0.082   0.006   0.000   0.000   0.000 1173142000
18.81   4.59   47.915
18.81   9.00    0.473    0.535
18.81   9.00    1.008   50.237
18.81   9.00    0.968    0.326   1.008   0.171
18.81   9.00    0.969    0.325   1.008   0.170

18.82   0.00    0.166    0.166   0.032   0.036   0.004   0.006   0.082   0.006   0.000   0.000   0.000 1173765000
18.82   4.59   47.910
18.82   9.00    0.473    0.535
18.82   9.00    1.007   50.234
18.82   9.00    0.968    0.326   1.007   0.171
18.82   9.00    0.968    0.325   1.007   0.170

18.83   0.00    0.166    0.166   0.032   0.036   0.004   0.006   0.082   0.006   0.000   0.000   0.000 1174389000
18.83   4.59   47.905
18.83   9.00    0.473    0.535
18.83   9.00    1.007   50.230
18.83   9.00    0.968    0.326   1.007   0.171
18.83   9.00    0.968    0.325   1.007   0.170

18.84   0.00    0.166    0.166   0.032   0.036   0.004   0.006   0.082   0.006   0.000   0.000   0.000 1175013000
18.84   4.59   47.900
18.84   9.00    0.472    0.535
18.84   9.00    1.007   50.227
18.84   9.00    0.968    0.326   1.007   0.171
18.84   9.00    0.968    0.325   1.007   0.170

18.85   0.00    0.166    0.166   0.032   0.036   0.004   0.006   0.082   0.006   0.000   0.000   0.000 1175636000
18.85   4.59   47.895
18.85   9.00    0.472    0.535
18.85   9.00    1.007   50.224
18.85   9.00    0.968    0.326   1.007   0.171
18.85   9.00    0.968    0.325   1.007   0.170

18.86   0.00    0.166    0.166   0.032   0.036   0.004   0.006   0.082   0.006   0.000   0.000   0.000 1176260000
18.86   4.59   47.890
18.86   9.00    0.472    0.535
18.86   9.00    1.007   50.221
18.86   9.00    0.968    0.326   1.007   0.171
18.86   9.00    0.968    0.325   1.007   0.170

18.87   0.00    0.166    0.166   0.032   0.036   0.004   0.006   0.082   0.006   0.000   0.000   0.000 1176884000
18.87   4.59   47.884
18.87   9.00    0.472    0.535
18.87   9.00    1.007   50.218
18.87   9.00    0.968    0.326   1.007   0.171
18.87   9.00    0.968    0.325   1.007   0.170

18.88   0.00    0.166    0.166   0.032   0.036   0.004   0.006   0.082   0.006   0.000   0.000   0.000 1177507000
18.88   4.59   47.879
18.88   9.00    0.472    0.535
18.88   9.00    1.007   50.214
18.88   9.00    0.968    0.326   1.007   0.171
18.88   9.00    0.968    0.325   1.007   0.170

18.89   0.00    0.166    0.166   0.032   0.036   0.004   0.006   0.082   0.006   0.000   0.000   0.000 1178131000
18.89   4.59   47.874
18.89   9.00    0.472    0.535
18.89   9.00    1.007   50.211
18.89   9.00    0.967    0.326   1.007   0.171
18.89   9.00    0.968    0.325   1.007   0.170

18.90   0.00    0.166    0.166   0.032   0.036   0.004   0.006   0.082   0.006   0.000   0.000   0.000 1178755000
18.90   4.59   47.869
18.90   9.00    0.472    0.535
18.90   9.00    1.006   50.208
18.90   9.00    0.967    0.326   1.006   0.171
18.90   9.00    0.968    0.325   1.006   0.170

18.91   0.00    0.166    0.166   0.032   0.036   0.004   0.006   0.082   0.006   0.000   0.000   0.000 1179378000
18.91   4.59   47.864
18.91   9.00    0.472    0.535
18.91   9.00    1.006   50.205
18.91   9.00    0.967    0.326   1.006   0.171
18.91   9.00    0.967    0.325   1.006   0.170

18.92   0.00    0.166    0.166   0.032   0.036   0.004   0.006   0.082   0.006   0.000   0.000   0.000 1180002000
18.92   4.58   47.859
18.92   9.00    0.471    0.535
18.92   9.00    1.006   50.202
18.92   9.00    0.967    0.326   1.006   0.171
18.92   9.00    0.967    0.325   1.006   0.170

18.93   0.00    0.166    0.166   0.032   0.036   0.004   0.006   0.082   0.006   0.000   0.000   0.000 1180626000
18.93   4.58   47.854
18.93   9.00    0.471    0.535
18.93   9.00    1.006   50.199
18.93   9.00    0.967    0.326   1.006   0.171
18.93   9.00    0.967    0.325   1.006   0.170

18.94   0.00    0.166    0.166   0.032   0.036   0.004   0.006   0.082   0.006   0.000   0.000   0.000 1181250000
18.94   4.58   47.848
18.94   9.00    0.471    0.535
18.94   9.00    1.006   50.195
18.94   9.00    0.967    0.326   1.006   0.171
18.94   9.00    0.967    0.325   1.006   0.170

18.95   0.00    0.166    0.166   0.032   0.036   0.004   0.006   0.082   0.006   0.000   0.000   0.000 1181873000
18.95   4.58   47.843
18.95   9.00    0.471    0.535
18.95   9.00    1.006   50.192
18.95   9.00    0.967    0.326   1.006   0.171
18.95   9.00    0.967    0.325   1.006   0.170

18.96   0.00    0.166    0.166   0.032   0.036   0.004   0.006   0.082   0.006   0.000   0.000   0.000 1182497000
18.96   4.58   47.838
18.96   9.00    0.471    0.535
18.96   9.00    1.006   50.189
18.96   9.00    0.967    0.326   1.006   0.171
18.96   9.00    0.967    0.325   1.006   0.170

18.97   0.00    0.166    0.166   0.032   0.036   0.004   0.006   0.082   0.006   0.000   0.000   0.000 1183121000
18.97   4.58   47.833
18.97   9.00    0.471    0.535
18.97   9.00    1.006   50.186
18.97   9.00    0.967    0.326   1.006   0.171
18.97   9.00    0.967    0.325   1.006   0.170

18.98   0.00    0.166    0.166   0.032   0.036   0.004   0.006   0.082   0.006   0.000   0.000   0.000 1183744000
18.98   4.58   47.828
18.98   9.00    0.471    0.535
18.98   9.00    1.006   50.183
18.98   9.00    0.966    0.326   1.006   0.171
18.98   9.00    0.967    0.325   1.006   0.170

18.99   0.00    0.166    0.166   0.032   0.036   0.004   0.006   0.082   0.006   0.000   0.000   0.000 1184368000
18.99   4.58   47.823
18.99   9.00    0.471    0.535
18.99   9.00    1.005   50.180
18.99   9.00    0.966    0.326   1.005   0.171
18.99   9.00    0.966    0.325   1.005   0.170

19.00   0.00    0.166    0.166   0.032   0.036   0.004   0.006   0.082   0.006   0.000   0.000   0.000 1184992000
19.00   4.58   47.818
19.00   9.00    0.471    0.535
19.00   9.00    1.005   50.177
19.00   9.00    0.966    0.326   1.005   0.171
19.00   9.00    0.966    0.325   1.005   0.170

19.01   0.00    0.166    0.166   0.032   0.036   0.004   0.006   0.082   0.006   0.000   0.000   0.000 1185615000
19.01   4.58   47.813
19.01   9.00    0.470    0.535
19.01   9.00    1.005   50.173
19.01   9.00    0.966    0.326   1.005   0.171
19.01   9.00    0.966    0.325   1.005   0.170

19.02   0.00    0.166    0.166   0.032   0.036   0.004   0.006   0.082   0.006   0.000   0.000   0.000 1186239000
19.02   4.57   47.808
19.02   9.00    0.470    0.535
19.02   9.00    1.005   50.170
19.02   9.00    0.966    0.326   1.005   0.171
19.02   9.00    0.966    0.325   1.005   0.170

19.03   0.00    0.166    0.166   0.032   0.036   0.004   0.006   0.082   0.006   0.000   0.000   0.000 1186863000
19.03   4.57   47.802
19.03   9.00    0.470    0.535
19.03   9.00    1.005   50.167
19.03   9.00    0.966    0.326   1.005   0.171
19.03   9.00    0.966    0.325   1.005   0.170

19.04   0.00    0.166    0.166   0.032   0.036   0.004   0.006   0.082   0.006   0.000   0.000   0.000 1187486000
19.04   4.57   47.797
19.04   9.00    0.470    0.535
19.04   9.00    1.005   50.164
19.04   9.00    0.966    0.326   1.005   0.171
19.04   9.00    0.966    0.325   1.005   0.170

19.05   0.00    0.166    0.166   0.032   0.036   0.004   0.006   0.082   0.006   0.000   0.000   0.000 1188110000
19.05   4.57   47.792
19.05   9.00    0.470    0.535
19.05   9.00    1.005   50.161
19.05   9.00    0.966    0.326   1.005   0.171
19.05   9.00    0.966    0.325   1.005   0.170

19.06   0.00    0.166    0.166   0.032   0.036   0.004   0.006   0.082   0.006   0.000   0.000   0.000 1188734000
19.06   4.57   47.787
19.06   9.00    0.470    0.535
19.06   9.00    1.005   50.158
19.06   9.00    0.966    0.326   1.005   0.171
19.06   9.00    0.966    0.325   1.005   0.170

19.07   0.00    0.166    0.166   0.032   0.036   0.004   0.006   0.082   0.006   0.000   0.000   0.000 1189357000
19.07   4.57   47.782
19.07   9.00    0.470    0.535
19.07   9.00    1.004   50.155
19.07   9.00    0.965    0.326   1.004   0.171
19.07   9.00    0.966    0.325   1.004   0.170

19.08   0.00    0.166    0.166   0.032   0.036   0.004   0.006   0.082   0.006   0.000   0.000   0.000 1189981000
19.08   4.57   47.777
19.08   9.00    0.470    0.535
19.08   9.00    1.004   50.152
19.08   9.00    0.965    0.326   1.004   0.171
19.08   9.00    0.965    0.325   1.004   0.170

19.09   0.00    0.166    0.166   0.032   0.036   0.004   0.006   0.082   0.006   0.000   0.000   0.000 1190605000
19.09   4.57   47.772
19.09   9.00    0.469    0.535
19.09   9.00    1.004   50.149
19.09   9.00    0.965    0.326   1.004   0.171
19.09   9.00    0.965    0.325   1.004   0.170

19.10   0.00    0.166    0.166   0.032   0.036   0.004   0.006   0.082   0.006   0.000   0.000   0.000 1191228000
19.10   4.57   47.767
19.10   9.00    0.469    0.535
19.10   9.00    1.004   50.145
19.10   9.00    0.965    0.326   1.004   0.171
19.10   9.00    0.965    0.325   1.004   0.170

19.11   0.00    0.166    0.166   0.032   0.036   0.004   0.006   0.082   0.006   0.000   0.000   0.000 1191852000
19.11   4.57   47.762
19.11   9.00    0.469    0.535
19.11   9.00    1.004   50.142
19.11   9.00    0.965    0.326   1.004   0.171
19.11   9.00    0.965    0.325   1.004   0.170

19.12   0.00    0.166    0.166   0.032   0.036   0.004   0.006   0.082   0.006   0.000   0.000   0.000 1192476000
19.12   4.57   47.757
19.12   9.00    0.469    0.535
19.12   9.00    1.004   50.139
19.12   9.00    0.965    0.325   1.004   0.171
19.12   9.00    0.965    0.325   1.004   0.170

19.13   0.00    0.166    0.166   0.032   0.036   0.004   0.006   0.082   0.006   0.000   0.000   0.000 1193099000
19.13   4.56   47.752
19.13   9.00    0.469    0.535
19.13   9.00    1.004   50.136
19.13   9.00    0.965    0.325   1.004   0.171
19.13   9.00    0.965    0.325   1.004   0.170

19.14   0.00    0.166    0.166   0.032   0.036   0.004   0.006   0.082   0.006   0.000   0.000   0.000 1193723000
19.14   4.56   47.747
19.14   9.00    0.469    0.535
19.14   9.00    1.004   50.133
19.14   9.00    0.965    0.325   1.004   0.171
19.14   9.00    0.965    0.325   1.004   0.170

19.15   0.00    0.166    0.166   0.032   0.036   0.004   0.006   0.082   0.006   0.000   0.000   0.000 1194347000
19.15   4.56   47.742
19.15   9.00    0.469    0.535
19.15   9.00    1.004   50.130
19.15   9.00    0.964    0.325   1.004   0.171
19.15   9.00    0.965    0.325   1.004   0.170

19.16   0.00    0.166    0.166   0.032   0.036   0.004   0.006   0.082   0.006   0.000   0.000   0.000 1194970000
19.16   4.56   47.737
19.16   9.00    0.469    0.535
19.16   9.00    1.003   50.127
19.16   9.00    0.964    0.325   1.003   0.171
19.16   9.00    0.965    0.325   1.003   0.170

19.17   0.00    0.166    0.166   0.032   0.036   0.004   0.006   0.082   0.006   0.000   0.000   0.000 1195594000
19.17   4.56   47.732
19.17   9.00    0.469    0.535
19.17   9.00    1.003   50.124
19.17   9.00    0.964    0.325   1.003   0.171
19.17   9.00    0.964    0.325   1.003   0.170

19.18   0.00    0.166    0.166   0.032   0.036   0.004   0.006   0.082   0.006   0.000   0.000   0.000 1196218000
19.18   4.56   47.726
19.18   9.00    0.468    0.535
19.18   9.00    1.003   50.121
19.18   9.00    0.964    0.325   1.003   0.171
19.18   9.00    0.964    0.325   1.003   0.170

19.19   0.00    0.166    0.166   0.032   0.036   0.004   0.006   0.082   0.006   0.000   0.000   0.000 1196842000
19.19   4.56   47.721
19.19   9.00    0.468    0.535
19.19   9.00    1.003   50.118
19.19   9.00    0.964    0.325   1.003   0.171
19.19   9.00    0.964    0.324   1.003   0.170

19.20   0.00    0.166    0.166   0.032   0.036   0.004   0.006   0.082   0.006   0.000   0.000   0.000 1197465000
19.20   4.56   47.716
19.20   9.00    0.468    0.535
19.20   9.00    1.003   50.114
19.20   9.00    0.964    0.325   1.003   0.171
19.20   9.00    0.964    0.324   1.003   0.170

19.21   0.00    0.166    0.165   0.032   0.036   0.004   0.006   0.082   0.006   0.000   0.000   0.000 1198089000
19.21   4.56   47.711
19.21   9.00    0.468    0.535
19.21   9.00    1.003   50.111
19.21   9.00    0.964    0.325   1.003   0.171
19.21   9.00    0.964    0.324   1.003   0.170

19.22   0.00    0.166    0.165   0.032   0.036   0.004   0.006   0.082   0.006   0.000   0.000   0.000 1198713000
19.22   4.56   47.706
19.22   9.00    0.468    0.535
19.22   9.00    1.003   50.108
19.22   9.00    0.964    0.325   1.003   0.171
19.22   9.00    0.964    0.324   1.003   0.170

19.23   0.00    0.166    0.165   0.032   0.036   0.004   0.006   0.082   0.006   0.000   0.000   0.000 1199336000
19.23   4.56   47.701
19.23   9.00    0.468    0.535
19.23   9.00    1.003   50.105
19.23   9.00    0.964    0.325   1.003   0.170
19.23   9.00    0.964    0.324   1.003   0.170

19.24   0.00    0.166    0.165   0.032   0.036   0.004   0.006   0.082   0.006   0.000   0.000   0.000 1199960000
19.24   4.55   47.696
19.24   9.00    0.468    0.535
19.24   9.00    1.002   50.102
19.24   9.00    0.963    0.325   1.002   0.170
19.24   9.00    0.964    0.324   1.002   0.170

19.25   0.00    0.166    0.165   0.032   0.036   0.004   0.006   0.082   0.006   0.000   0.000   0.000 1200584000
19.25   4.55   47.691
19.25   9.00    0.468    0.535
19.25   9.00    1.002   50.099
19.25   9.00    0.963    0.325   1.002   0.170
19.25   9.00    0.963    0.324   1.002   0.170

19.26   0.00    0.166    0.165   0.032   0.036   0.004   0.006   0.082   0.006   0.000   0.000   0.000 1201207000
19.26   4.55   47.686
19.26   9.00    0.467    0.535
19.26   9.00    1.002   50.096
19.26   9.00    0.963    0.325   1.002   0.170
19.26   9.00    0.963    0.324   1.002   0.170

19.27   0.00    0.166    0.165   0.032   0.036   0.004   0.006   0.082   0.006   0.000   0.000   0.000 1201831000
19.27   4.55   47.681
19.27   9.00    0.467    0.535
19.27   9.00    1.002   50.093
19.27   9.00    0.963    0.325   1.002   0.170
19.27   9.00    0.963    0.324   1.002   0.170

19.28   0.00    0.166    0.165   0.032   0.036   0.004   0.006   0.082   0.006   0.000   0.000   0.000 1202455000
19.28   4.55   47.676
19.28   9.00    0.467    0.535
19.28   9.00    1.002   50.090
19.28   9.00    0.963    0.325   1.002   0.170
19.28   9.00    0.963    0.324   1.002   0.170

19.29   0.00    0.166    0.165   0.032   0.036   0.004   0.006   0.082   0.006   0.000   0.000   0.000 1203078000
19.29   4.55   47.671
19.29   9.00    0.467    0.535
19.29   9.00    1.002   50.087
19.29   9.00    0.963    0.325   1.002   0.170
19.29   9.00    0.963    0.324   1.002   0.170

19.30   0.00    0.166    0.165   0.032   0.036   0.004   0.006   0.082   0.006   0.000   0.000   0.000 1203702000
19.30   4.55   47.666
19.30   9.00    0.467    0.535
19.30   9.00    1.002   50.084
19.30   9.00    0.963    0.325   1.002   0.170
19.30   9.00    0.963    0.324   1.002   0.170

19.31   0.00    0.166    0.165   0.032   0.036   0.004   0.006   0.082   0.006   0.000   0.000   0.000 1204326000
19.31   4.55   47.661
19.31   9.00    0.467    0.535
19.31   9.00    1.002   50.081
19.31   9.00    0.963    0.325   1.002   0.170
19.31   9.00    0.963    0.324   1.002   0.170

19.32   0.00    0.166    0.165   0.032   0.036   0.004   0.006   0.082   0.006   0.000   0.000   0.000 1204949000
19.32   4.55   47.656
19.32   9.00    0.467    0.535
19.32   9.00    1.002   50.078
19.32   9.00    0.963    0.325   1.002   0.170
19.32   9.00    0.963    0.324   1.002   0.170

19.33   0.00    0.166    0.165   0.032   0.036   0.004   0.006   0.082   0.006   0.000   0.000   0.000 1205573000
19.33   4.55   47.651
19.33   9.00    0.467    0.535
19.33   9.00    1.001   50.075
19.33   9.00    0.962    0.325   1.001   0.170
19.33   9.00    0.963    0.324   1.001   0.170

19.34   0.00    0.166    0.165   0.032   0.036   0.003   0.006   0.082   0.006   0.000   0.000   0.000 1206197000
19.34   4.55   47.646
19.34   9.00    0.467    0.535
19.34   9.00    1.001   50.072
19.34   9.00    0.962    0.325   1.001   0.170
19.34   9.00    0.962    0.324   1.001   0.170

19.35   0.00    0.166    0.165   0.032   0.036   0.003   0.006   0.082   0.006   0.000   0.000   0.000 1206820000
19.35   4.54   47.641
19.35   9.00    0.466    0.535
19.35   9.00    1.001   50.069
19.35   9.00    0.962    0.325   1.001   0.170
19.35   9.00    0.962    0.324   1.001   0.170

19.36   0.00    0.166    0.165   0.032   0.036   0.003   0.006   0.082   0.006   0.000   0.000   0.000 1207444000
19.36   4.54   47.636
19.36   9.00    0.466    0.535
19.36   9.00    1.001   50.065
19.36   9.00    0.962    0.325   1.001   0.170
19.36   9.00    0.962    0.324   1.001   0.170

19.37   0.00    0.166    0.165   0.032   0.036   0.003   0.006   0.082   0.006   0.000   0.000   0.000 1208068000
19.37   4.54   47.631
19.37   9.00    0.466    0.535
19.37   9.00    1.001   50.062
19.37   9.00    0.962    0.325   1.001   0.170
19.37   9.00    0.962    0.324   1.001   0.170

19.38   0.00    0.166    0.165   0.032   0.036   0.003   0.006   0.082   0.006   0.000   0.000   0.000 1208691000
19.38   4.54   47.626
19.38   9.00    0.466    0.535
19.38   9.00    1.001   50.059
19.38   9.00    0.962    0.325   1.001   0.170
19.38   9.00    0.962    0.324   1.001   0.170

19.39   0.00    0.166    0.165   0.032   0.036   0.003   0.006   0.082   0.006   0.000   0.000   0.000 1209315000
19.39   4.54   47.621
19.39   9.00    0.466    0.535
19.39   9.00    1.001   50.056
19.39   9.00    0.962    0.325   1.001   0.170
19.39   9.00    0.962    0.324   1.001   0.170

19.40   0.00    0.166    0.165   0.032   0.036   0.003   0.006   0.082   0.006   0.000   0.000   0.000 1209939000
19.40   4.54   47.617
19.40   9.00    0.466    0.535
19.40   9.00    1.001   50.053
19.40   9.00    0.962    0.325   1.001   0.170
19.40   9.00    0.962    0.324   1.001   0.170

19.41   0.00    0.166    0.165   0.032   0.036   0.003   0.006   0.082   0.006   0.000   0.000   0.000 1210562000
19.41   4.54   47.612
19.41   9.00    0.466    0.535
19.41   9.00    1.001   50.050
19.41   9.00    0.962    0.325   1.001   0.170
19.41   9.00    0.962    0.324   1.001   0.170

19.42   0.00    0.166    0.165   0.032   0.036   0.003   0.006   0.082   0.006   0.000   0.000   0.000 1211186000
19.42   4.54   47.607
19.42   9.00    0.466    0.535
19.42   9.00    1.000   50.047
19.42   9.00    0.961    0.325   1.000   0.170
19.42   9.00    0.962    0.324   1.000   0.170

19.43   0.00    0.166    0.165   0.032   0.036   0.003   0.006   0.082   0.006   0.000   0.000   0.000 1211810000
19.43   4.54   47.602
19.43   9.00    0.466    0.535
19.43   9.00    1.000   50.044
19.43   9.00    0.961    0.325   1.000   0.170
19.43   9.00    0.961    0.324   1.000   0.170

19.44   0.00    0.166    0.165   0.032   0.036   0.003   0.006   0.082   0.006   0.000   0.000   0.000 1212434000
19.44   4.54   47.597
19.44   9.00    0.465    0.535
19.44   9.00    1.000   50.041
19.44   9.00    0.961    0.325   1.000   0.170
19.44   9.00    0.961    0.324   1.000   0.170

19.45   0.00    0.166    0.165   0.032   0.036   0.003   0.006   0.082   0.006   0.000   0.000   0.000 1213057000
19.45   4.54   47.592
19.45   9.00    0.465    0.535
19.45   9.00    1.000   50.038
19.45   9.00    0.961    0.325   1.000   0.170
19.45   9.00    0.961    0.324   1.000   0.170

19.46   0.00    0.166    0.165   0.032   0.036   0.003   0.006   0.082   0.006   0.000   0.000   0.000 1213681000
19.46   4.53   47.587
19.46   9.00    0.465    0.535
19.46   9.00    1.000   50.035
19.46   9.00    0.961    0.325   1.000   0.170
19.46   9.00    0.961    0.324   1.000   0.170

19.47   0.00    0.166    0.165   0.032   0.036   0.003   0.006   0.082   0.006   0.000   0.000   0.000 1214305000
19.47   4.53   47.582
19.47   9.00    0.465    0.535
19.47   9.00    1.000   50.032
19.47   9.00    0.961    0.325   1.000   0.170
19.47   9.00    0.961    0.324   1.000   0.170

19.48   0.00    0.166    0.165   0.032   0.036   0.003   0.006   0.082   0.006   0.000   0.000   0.000 1214928000
19.48   4.53   47.577
19.48   9.00    0.465    0.535
19.48   9.00    1.000   50.029
19.48   9.00    0.961    0.325   1.000   0.170
19.48   9.00    0.961    0.324   1.000   0.170

19.49   0.00    0.166    0.165   0.032   0.036   0.003   0.006   0.082   0.006   0.000   0.000   0.000 1215552000
19.49   4.53   47.572
19.49   9.00    0.465    0.535
19.49   9.00    1.000   50.026
19.49   9.00    0.961    0.325   1.000   0.170
19.49   9.00    0.961    0.324   1.000   0.170

19.50   0.00    0.166    0.165   0.032   0.036   0.003   0.006   0.082   0.006   0.000   0.000   0.000 1216176000
19.50   4.53   47.567
19.50   9.00    0.465    0.535
19.50   9.00    1.000   50.023
19.50   9.00    0.961    0.325   1.000   0.170
19.50   9.00    0.961    0.324   1.000   0.170

19.51   0.00    0.166    0.165   0.032   0.036   0.003   0.006   0.082   0.006   0.000   0.000   0.000 1216799000
19.51   4.53   47.562
19.51   9.00    0.465    0.535
19.51   9.00    0.999   50.020
19.51   9.00    0.960    0.325   0.999   0.170
19.51   9.00    0.961    0.324   0.999   0.170

19.52   0.00    0.166    0.165   0.032   0.036   0.003   0.006   0.082   0.006   0.000   0.000   0.000 1217423000
19.52   4.53   47.557
19.52   9.00    0.465    0.535
19.52   9.00    0.999   50.017
19.52   9.00    0.960    0.325   0.999   0.170
19.52   9.00    0.960    0.324   0.999   0.170

19.53   0.00    0.166    0.165   0.032   0.036   0.003   0.006   0.082   0.006   0.000   0.000   0.000 1218047000
19.53   4.53   47.552
19.53   9.00    0.464    0.535
19.53   9.00    0.999   50.014
19.53   9.00    0.960    0.325   0.999   0.170
19.53   9.00    0.960    0.324   0.999   0.170

19.54   0.00    0.166    0.165   0.032   0.036   0.003   0.006   0.082   0.006   0.000   0.000   0.000 1218670000
19.54   4.53   47.547
19.54   9.00    0.464    0.535
19.54   9.00    0.999   50.011
19.54   9.00    0.960    0.325   0.999   0.170
19.54   9.00    0.960    0.324   0.999   0.170

19.55   0.00    0.166    0.165   0.032   0.036   0.003   0.006   0.082   0.006   0.000   0.000   0.000 1219294000
19.55   4.53   47.543
19.55   9.00    0.464    0.535
19.55   9.00    0.999   50.008
19.55   9.00    0.960    0.325   0.999   0.170
19.55   9.00    0.960    0.324   0.999   0.170

19.56   0.00    0.166    0.165   0.032   0.036   0.003   0.006   0.082   0.006   0.000   0.000   0.000 1219918000
19.56   4.53   47.538
19.56   9.00    0.464    0.535
19.56   9.00    0.999   50.005
19.56   9.00    0.960    0.325   0.999   0.170
19.56   9.00    0.960    0.324   0.999   0.170

19.57   0.00    0.166    0.165   0.032   0.036   0.003   0.006   0.082   0.006   0.000   0.000   0.000 1220541000
19.57   4.53   47.533
19.57   9.00    0.464    0.535
19.57   9.00    0.999   50.002
19.57   9.00    0.960    0.325   0.999   0.170
19.57   9.00    0.960    0.324   0.999   0.170

19.58   0.00    0.166    0.165   0.032   0.036   0.003   0.006   0.082   0.006   0.000   0.000   0.000 1221165000
19.58   4.52   47.528
19.58   9.00    0.464    0.535
19.58   9.00    0.999   49.999
19.58   9.00    0.960    0.324   0.999   0.170
19.58   9.00    0.960    0.324   0.999   0.170

19.59   0.00    0.166    0.165   0.032   0.036   0.003   0.006   0.082   0.006   0.000   0.000   0.000 1221789000
19.59   4.52   47.523
19.59   9.00    0.464    0.535
19.59   9.00    0.999   49.996
19.59   9.00    0.960    0.324   0.999   0.170
19.59   9.00    0.960    0.324   0.999   0.170

19.60   0.00    0.166    0.165   0.032   0.036   0.003   0.006   0.082   0.006   0.000   0.000   0.000 1222412000
19.60   4.52   47.518
19.60   9.00    0.464    0.535
19.60   9.00    0.998   49.993
19.60   9.00    0.959    0.324   0.998   0.170
19.60   9.00    0.960    0.324   0.998   0.170

19.61   0.00    0.166    0.165   0.032   0.036   0.003   0.006   0.082   0.006   0.000   0.000   0.000 1223036000
19.61   4.52   47.513
19.61   9.00    0.464    0.535
19.61   9.00    0.998   49.990
19.61   9.00    0.959    0.324   0.998   0.170
19.61   9.00    0.959    0.324   0.998   0.170

19.62   0.00    0.166    0.165   0.032   0.036   0.003   0.006   0.082   0.006   0.000   0.000   0.000 1223660000
19.62   4.52   47.508
19.62   9.00    0.463    0.535
19.62   9.00    0.998   49.987
19.62   9.00    0.959    0.324   0.998   0.170
19.62   9.00    0.959    0.324   0.998   0.170

19.63   0.00    0.166    0.165   0.032   0.036   0.003   0.006   0.082   0.006   0.000   0.000   0.000 1224283000
19.63   4.52   47.503
19.63   9.00    0.463    0.535
19.63   9.00    0.998   49.984
19.63   9.00    0.959    0.324   0.998   0.170
19.63   9.00    0.959    0.324   0.998   0.170

19.64   0.00    0.166    0.165   0.032   0.036   0.003   0.006   0.082   0.006   0.000   0.000   0.000 1224907000
19.64   4.52   47.499
19.64   9.00    0.463    0.535
19.64   9.00    0.998   49.981
19.64   9.00    0.959    0.324   0.998   0.170
19.64   9.00    0.959    0.324   0.998   0.170

19.65   0.00    0.166    0.165   0.032   0.036   0.003   0.006   0.082   0.006   0.000   0.000   0.000 1225531000
19.65   4.52   47.494
19.65   9.00    0.463    0.535
19.65   9.00    0.998   49.978
19.65   9.00    0.959    0.324   0.998   0.170
19.65   9.00    0.959    0.324   0.998   0.170

19.66   0.00    0.166    0.165   0.032   0.036   0.003   0.006   0.082   0.006   0.000   0.000   0.000 1226154000
19.66   4.52   47.489
19.66   9.00    0.463    0.535
19.66   9.00    0.998   49.975
19.66   9.00    0.959    0.324   0.998   0.170
19.66   9.00    0.959    0.324   0.998   0.170

19.67   0.00    0.166    0.165   0.032   0.036   0.003   0.006   0.082   0.006   0.000   0.000   0.000 1226778000
19.67   4.52   47.484
19.67   9.00    0.463    0.535
19.67   9.00    0.998   49.972
19.67   9.00    0.959    0.324   0.998   0.170
19.67   9.00    0.959    0.323   0.998   0.170

19.68   0.00    0.166    0.165   0.032   0.036   0.003   0.006   0.082   0.006   0.000   0.000   0.000 1227402000
19.68   4.52   47.479
19.68   9.00    0.463    0.535
19.68   9.00    0.998   49.970
19.68   9.00    0.959    0.324   0.998   0.170
19.68   9.00    0.959    0.323   0.998   0.170

19.69   0.00    0.166    0.165   0.032   0.036   0.003   0.006   0.082   0.006   0.000   0.000   0.000 1228026000
19.69   4.51   47.474
19.69   9.00    0.463    0.535
19.69   9.00    0.997   49.967
19.69   9.00    0.958    0.324   0.997   0.170
19.69   9.00    0.959    0.323   0.997   0.170

19.70   0.00    0.166    0.165   0.032   0.036   0.003   0.006   0.082   0.006   0.000   0.000   0.000 1228649000
19.70   4.51   47.469
19.70   9.00    0.463    0.535
19.70   9.00    0.997   49.964
19.70   9.00    0.958    0.324   0.997   0.170
19.70   9.00    0.958    0.323   0.997   0.170

19.71   0.00    0.166    0.165   0.032   0.036   0.003   0.006   0.082   0.006   0.000   0.000   0.000 1229273000
19.71   4.51   47.464
19.71   9.00    0.462    0.535
19.71   9.00    0.997   49.961
19.71   9.00    0.958    0.324   0.997   0.170
19.71   9.00    0.958    0.323   0.997   0.170

19.72   0.00    0.166    0.165   0.032   0.036   0.003   0.006   0.082   0.006   0.000   0.000   0.000 1229897000
19.72   4.51   47.460
19.72   9.00    0.462    0.535
19.72   9.00    0.997   49.958
19.72   9.00    0.958    0.324   0.997   0.170
19.72   9.00    0.958    0.323   0.997   0.170

19.73   0.00    0.166    0.165   0.032   0.036   0.003   0.006   0.082   0.006   0.000   0.000   0.000 1230520000
19.73   4.51   47.455
19.73   9.00    0.462    0.535
19.73   9.00    0.997   49.955
19.73   9.00    0.958    0.324   0.997   0.170
19.73   9.00    0.958    0.323   0.997   0.170

19.74   0.00    0.166    0.165   0.032   0.036   0.003   0.006   0.082   0.006   0.000   0.000   0.000 1231144000
19.74   4.51   47.450
19.74   9.00    0.462    0.535
19.74   9.00    0.997   49.952
19.74   9.00    0.958    0.324   0.997   0.170
19.74   9.00    0.958    0.323   0.997   0.170

19.75   0.00    0.166    0.165   0.032   0.036   0.003   0.006   0.082   0.006   0.000   0.000   0.000 1231768000
19.75   4.51   47.445
19.75   9.00    0.462    0.535
19.75   9.00    0.997   49.949
19.75   9.00    0.958    0.324   0.997   0.170
19.75   9.00    0.958    0.323   0.997   0.169

19.76   0.00    0.166    0.165   0.032   0.036   0.003   0.006   0.082   0.006   0.000   0.000   0.000 1232391000
19.76   4.51   47.440
19.76   9.00    0.462    0.535
19.76   9.00    0.997   49.946
19.76   9.00    0.958    0.324   0.997   0.170
19.76   9.00    0.958    0.323   0.997   0.169

19.77   0.00    0.166    0.165   0.032   0.036   0.003   0.006   0.082   0.006   0.000   0.000   0.000 1233015000
19.77   4.51   47.435
19.77   9.00    0.462    0.535
19.77   9.00    0.997   49.943
19.77   9.00    0.958    0.324   0.997   0.170
19.77   9.00    0.958    0.323   0.997   0.169

19.78   0.00    0.166    0.165   0.032   0.036   0.003   0.006   0.082   0.006   0.000   0.000   0.000 1233639000
19.78   4.51   47.431
19.78   9.00    0.462    0.535
19.78   9.00    0.996   49.940
19.78   9.00    0.958    0.324   0.996   0.170
19.78   9.00    0.958    0.323   0.996   0.169

19.79   0.00    0.166    0.165   0.032   0.036   0.003   0.006   0.082   0.006   0.000   0.000   0.000 1234262000
19.79   4.51   47.426
19.79   9.00    0.462    0.535
19.79   9.00    0.996   49.937
19.79   9.00    0.957    0.324   0.996   0.170
19.79   9.00    0.958    0.323   0.996   0.169

19.80   0.00    0.166    0.165   0.032   0.036   0.003   0.006   0.082   0.006   0.000   0.000   0.000 1234886000
19.80   4.51   47.421
19.80   9.00    0.461    0.535
19.80   9.00    0.996   49.934
19.80   9.00    0.957    0.324   0.996   0.170
19.80   9.00    0.957    0.323   0.996   0.169

19.81   0.00    0.166    0.165   0.032   0.036   0.003   0.006   0.082   0.006   0.000   0.000   0.000 1235510000
19.81   4.50   47.416
19.81   9.00    0.461    0.535
19.81   9.00    0.996   49.931
19.81   9.00    0.957    0.324   0.996   0.170
19.81   9.00    0.957    0.323   0.996   0.169

19.82   0.00    0.166    0.165   0.032   0.036   0.003   0.006   0.082   0.006   0.000   0.000   0.000 1236133000
19.82   4.50   47.411
19.82   9.00    0.461    0.535
19.82   9.00    0.996   49.928
19.82   9.00    0.957    0.324   0.996   0.170
19.82   9.00    0.957    0.323   0.996   0.169

19.83   0.00    0.166    0.165   0.032   0.036   0.003   0.006   0.082   0.006   0.000   0.000   0.000 1236757000
19.83   4.50   47.407
19.83   9.00    0.461    0.535
19.83   9.00    0.996   49.925
19.83   9.00    0.957    0.324   0.996   0.170
19.83   9.00    0.957    0.323   0.996   0.169

19.84   0.00    0.166    0.165   0.032   0.036   0.003   0.006   0.082   0.006   0.000   0.000   0.000 1237381000
19.84   4.50   47.402
19.84   9.00    0.461    0.535
19.84   9.00    0.996   49.923
19.84   9.00    0.957    0.324   0.996   0.170
19.84   9.00    0.957    0.323   0.996   0.169

19.85   0.00    0.166    0.165   0.032   0.036   0.003   0.006   0.082   0.006   0.000   0.000   0.000 1238004000
19.85   4.50   47.397
19.85   9.00    0.461    0.535
19.85   9.00    0.996   49.920
19.85   9.00    0.957    0.324   0.996   0.170
19.85   9.00    0.957    0.323   0.996   0.169

19.86   0.00    0.166    0.165   0.032   0.036   0.003   0.006   0.082   0.006   0.000   0.000   0.000 1238628000
19.86   4.50   47.392
19.86   9.00    0.461    0.535
19.86   9.00    0.996   49.917
19.86   9.00    0.957    0.324   0.996   0.170
19.86   9.00    0.957    0.323   0.996   0.169

19.87   0.00    0.166    0.165   0.032   0.036   0.003   0.006   0.082   0.006   0.000   0.000   0.000 1239252000
19.87   4.50   47.387
19.87   9.00    0.461    0.535
19.87   9.00    0.995   49.914
19.87   9.00    0.957    0.324   0.995   0.170
19.87   9.00    0.957    0.323   0.995   0.169

19.88   0.00    0.166    0.165   0.032   0.036   0.003   0.006   0.082   0.006   0.000   0.000   0.000 1239875000
19.88   4.50   47.383
19.88   9.00    0.461    0.535
19.88   9.00    0.995   49.911
19.88   9.00    0.956    0.324   0.995   0.170
19.88   9.00    0.957    0.323   0.995   0.169

19.89   0.00    0.166    0.165   0.032   0.036   0.003   0.006   0.082   0.006   0.000   0.000   0.000 1240499000
19.89   4.50   47.378
19.89   9.00    0.460    0.535
19.89   9.00    0.995   49.908
19.89   9.00    0.956    0.324   0.995   0.170
19.89   9.00    0.956    0.323   0.995   0.169

19.90   0.00    0.166    0.165   0.032   0.036   0.003   0.006   0.082   0.006   0.000   0.000   0.000 1241123000
19.90   4.50   47.373
19.90   9.00    0.460    0.535
19.90   9.00    0.995   49.905
19.90   9.00    0.956    0.324   0.995   0.170
19.90   9.00    0.956    0.323   0.995   0.169

19.91   0.00    0.166    0.165   0.032   0.036   0.003   0.006   0.082   0.006   0.000   0.000   0.000 1241746000
19.91   4.50   47.368
19.91   9.00    0.460    0.535
19.91   9.00    0.995   49.902
19.91   9.00    0.956    0.324   0.995   0.170
19.91   9.00    0.956    0.323   0.995   0.169

19.92   0.00    0.166    0.165   0.032   0.036   0.003   0.006   0.082   0.006   0.000   0.000   0.000 1242370000
19.92   4.49   47.363
19.92   9.00    0.460    0.535
19.92   9.00    0.995   49.899
19.92   9.00    0.956    0.324   0.995   0.170
19.92   9.00    0.956    0.323   0.995   0.169

19.93   0.00    0.166    0.165   0.032   0.036   0.003   0.006   0.082   0.006   0.000   0.000   0.000 1242994000
19.93   4.49   47.359
19.93   9.00    0.460    0.535
19.93   9.00    0.995   49.896
19.93   9.00    0.956    0.324   0.995   0.170
19.93   9.00    0.956    0.323   0.995   0.169

19.94   0.00    0.166    0.165   0.032   0.036   0.003   0.006   0.082   0.006   0.000   0.000   0.000 1243618000
19.94   4.49   47.354
19.94   9.00    0.460    0.535
19.94   9.00    0.995   49.894
19.94   9.00    0.956    0.324   0.995   0.170
19.94   9.00    0.956    0.323   0.995   0.169

19.95   0.00    0.166    0.165   0.032   0.036   0.003   0.006   0.082   0.006   0.000   0.000   0.000 1244241000
19.95   4.49   47.349
19.95   9.00    0.460    0.535
19.95   9.00    0.995   49.891
19.95   9.00    0.956    0.324   0.995   0.170
19.95   9.00    0.956    0.323   0.995   0.169

19.96   0.00    0.166    0.165   0.032   0.036   0.003   0.006   0.082   0.006   0.000   0.000   0.000 1244865000
19.96   4.49   47.344
19.96   9.00    0.460    0.535
19.96   9.00    0.994   49.888
19.96   9.00    0.956    0.324   0.994   0.170
19.96   9.00    0.956    0.323   0.994   0.169

19.97   0.00    0.166    0.165   0.032   0.036   0.003   0.006   0.082   0.006   0.000   0.000   0.000 1245489000
19.97   4.49   47.340
19.97   9.00    0.460    0.535
19.97   9.00    0.994   49.885
19.97   9.00    0.955    0.324   0.994   0.170
19.97   9.00    0.956    0.323   0.994   0.169

19.98   0.00    0.166    0.165   0.032   0.036   0.003   0.006   0.082   0.006   0.000   0.000   0.000 1246112000
19.98   4.49   47.335
19.98   9.00    0.459    0.535
19.98   9.00    0.994   49.882
19.98   9.00    0.955    0.324   0.994   0.170
19.98   9.00    0.956    0.323   0.994   0.169

19.99   0.00    0.166    0.165   0.032   0.036   0.003   0.006   0.082   0.006   0.000   0.000   0.000 1246736000
19.99   4.49   47.330
19.99   9.00    0.459    0.535
19.99   9.00    0.994   49.879
19.99   9.00    0.955    0.324   0.994   0.170
19.99   9.00    0.955    0.323   0.994   0.169

20.00   0.00    0.166    0.165   0.032   0.036   0.003   0.006   0.082   0.006   0.000   0.000   0.000 1247360000
20.00   4.49   47.325
20.00   9.00    0.459    0.535
20.00   9.00    0.994   49.876
20.00   9.00    0.955    0.324   0.994   0.170
20.00   9.00    0.955    0.323   0.994   0.169

20.01   0.00    0.166    0.165   0.032   0.036   0.003   0.006   0.082   0.006   0.000   0.000   0.000 1247983000
20.01   4.49   47.320
20.01   9.00    0.459    0.535
20.01   9.00    0.994   49.873
20.01   9.00    0.955    0.324   0.994   0.170
20.01   9.00    0.955    0.323   0.994   0.169

20.02   0.00    0.166    0.165   0.032   0.036   0.003   0.006   0.082   0.006   0.000   0.000   0.000 1248607000
20.02   4.49   47.316
20.02   9.00    0.459    0.535
20.02   9.00    0.994   49.870
20.02   9.00    0.955    0.324   0.994   0.170
20.02   9.00    0.955    0.323   0.994   0.169

20.03   0.00    0.166    0.165   0.032   0.036   0.003   0.006   0.082   0.006   0.000   0.000   0.000 1249231000
20.03   4.49   47.311
20.03   9.00    0.459    0.535
20.03   9.00    0.994   49.868
20.03   9.00    0.955    0.324   0.994   0.170
20.03   9.00    0.955    0.323   0.994   0.169

20.04   0.00    0.166    0.165   0.032   0.036   0.003   0.006   0.082   0.006   0.000   0.000   0.000 1249854000
20.04   4.48   47.306
20.04   9.00    0.459    0.535
20.04   9.00    0.994   49.865
20.04   9.00    0.955    0.324   0.994   0.170
20.04   9.00    0.955    0.323   0.994   0.169

20.05   0.00    0.166    0.165   0.032   0.036   0.003   0.006   0.082   0.006   0.000   0.000   0.000 1250478000
20.05   4.48   47.301
20.05   9.00    0.459    0.535
20.05   9.00    0.994   49.862
20.05   9.00    0.955    0.324   0.994   0.170
20.05   9.00    0.955    0.323   0.994   0.169

20.06   0.00    0.166    0.165   0.032   0.036   0.003   0.006   0.082   0.006   0.000   0.000   0.000 1251102000
20.06   4.48   47.297
20.06   9.00    0.459    0.535
20.06   9.00    0.993   49.859
20.06   9.00    0.955    0.324   0.993   0.170
20.06   9.00    0.955    0.323   0.993   0.169

20.07   0.00    0.166    0.165   0.032   0.036   0.003   0.006   0.082   0.006   0.000   0.000   0.000 1251725000
20.07   4.48   47.292
20.07   9.00    0.459    0.535
20.07   9.00    0.993   49.856
20.07   9.00    0.954    0.323   0.993   0.170
20.07   9.00    0.955    0.323   0.993   0.169

20.08   0.00    0.166    0.165   0.032   0.036   0.003   0.006   0.082   0.006   0.000   0.000   0.000 1252349000
20.08   4.48   47.287
20.08   9.00    0.458    0.535
20.08   9.00    0.993   49.853
20.08   9.00    0.954    0.323   0.993   0.170
20.08   9.00    0.954    0.323   0.993   0.169

20.09   0.00    0.166    0.165   0.032   0.036   0.003   0.006   0.082   0.006   0.000   0.000   0.000 1252973000
20.09   4.48   47.283
20.09   9.00    0.458    0.535
20.09   9.00    0.993   49.850
20.09   9.00    0.954    0.323   0.993   0.170
20.09   9.00    0.954    0.323   0.993   0.169

20.10   0.00    0.166    0.165   0.032   0.036   0.003   0.006   0.082   0.006   0.000   0.000   0.000 1253596000
20.10   4.48   47.278
20.10   9.00    0.458    0.535
20.10   9.00    0.993   49.848
20.10   9.00    0.954    0.323   0.993   0.170
20.10   9.00    0.954    0.323   0.993   0.169

20.11   0.00    0.166    0.165   0.032   0.036   0.003   0.006   0.082   0.006   0.000   0.000   0.000 1254220000
20.11   4.48   47.273
20.11   9.00    0.458    0.535
20.11   9.00    0.993   49.845
20.11   9.00    0.954    0.323   0.993   0.170
20.11   9.00    0.954    0.323   0.993   0.169

20.12   0.00    0.166    0.165   0.032   0.036   0.003   0.006   0.082   0.006   0.000   0.000   0.000 1254844000
20.12   4.48   47.268
20.12   9.00    0.458    0.535
20.12   9.00    0.993   49.842
20.12   9.00    0.954    0.323   0.993   0.170
20.12   9.00    0.954    0.323   0.993   0.169

20.13   0.00    0.166    0.165   0.032   0.036   0.003   0.006   0.082   0.006   0.000   0.000   0.000 1255467000
20.13   4.48   47.264
20.13   9.00    0.458    0.535
20.13   9.00    0.993   49.839
20.13   9.00    0.954    0.323   0.993   0.170
20.13   9.00    0.954    0.323   0.993   0.169

20.14   0.00    0.166    0.165   0.032   0.036   0.003   0.006   0.082   0.006   0.000   0.000   0.000 1256091000
20.14   4.48   47.259
20.14   9.00    0.458    0.535
20.14   9.00    0.993   49.836
20.14   9.00    0.954    0.323   0.993   0.170
20.14   9.00    0.954    0.323   0.993   0.169

20.15   0.00    0.166    0.165   0.032   0.036   0.003   0.006   0.082   0.006   0.000   0.000   0.000 1256715000
20.15   4.48   47.254
20.15   9.00    0.458    0.535
20.15   9.00    0.992   49.833
20.15   9.00    0.954    0.323   0.992   0.170
20.15   9.00    0.954    0.323   0.992   0.169

20.16   0.00    0.166    0.165   0.032   0.036   0.003   0.006   0.082   0.006   0.000   0.000   0.000 1257338000
20.16   4.47   47.250
20.16   9.00    0.458    0.535
20.16   9.00    0.992   49.831
20.16   9.00    0.953    0.323   0.992   0.170
20.16   9.00    0.954    0.323   0.992   0.169

20.17   0.00    0.166    0.165   0.032   0.036   0.003   0.006   0.082   0.006   0.000   0.000   0.000 1257962000
20.17   4.47   47.245
20.17   9.00    0.457    0.535
20.17   9.00    0.992   49.828
20.17   9.00    0.953    0.323   0.992   0.170
20.17   9.00    0.954    0.323   0.992   0.169

20.18   0.00    0.166    0.165   0.032   0.036   0.003   0.006   0.082   0.006   0.000   0.000   0.000 1258586000
20.18   4.47   47.240
20.18   9.00    0.457    0.535
20.18   9.00    0.992   49.825
20.18   9.00    0.953    0.323   0.992   0.170
20.18   9.00    0.953    0.323   0.992   0.169

20.19   0.00    0.166    0.165   0.032   0.036   0.003   0.006   0.082   0.006   0.000   0.000   0.000 1259210000
20.19   4.47   47.235
20.19   9.00    0.457    0.535
20.19   9.00    0.992   49.822
20.19   9.00    0.953    0.323   0.992   0.170
20.19   9.00    0.953    0.322   0.992   0.169

20.20   0.00    0.166    0.165   0.032   0.036   0.003   0.006   0.082   0.006   0.000   0.000   0.000 1259833000
20.20   4.47   47.231
20.20   9.00    0.457    0.535
20.20   9.00    0.992   49.819
20.20   9.00    0.953    0.323   0.992   0.170
20.20   9.00    0.953    0.322   0.992   0.169

20.21   0.00    0.166    0.165   0.032   0.036   0.003   0.006   0.082   0.006   0.000   0.000   0.000 1260457000
20.21   4.47   47.226
20.21   9.00    0.457    0.535
20.21   9.00    0.992   49.816
20.21   9.00    0.953    0.323   0.992   0.170
20.21   9.00    0.953    0.322   0.992   0.169

20.22   0.00    0.166    0.165   0.032   0.036   0.003   0.006   0.082   0.006   0.000   0.000   0.000 1261080000
20.22   4.47   47.221
20.22   9.00    0.457    0.535
20.22   9.00    0.992   49.814
20.22   9.00    0.953    0.323   0.992   0.170
20.22   9.00    0.953    0.322   0.992   0.169

20.23   0.00    0.166    0.165   0.032   0.036   0.003   0.006   0.082   0.006   0.000   0.000   0.000 1261704000
20.23   4.47   47.217
20.23   9.00    0.457    0.535
20.23   9.00    0.992   49.811
20.23   9.00    0.953    0.323   0.992   0.170
20.23   9.00    0.953    0.322   0.992   0.169

20.24   0.00    0.166    0.165   0.032   0.036   0.003   0.006   0.082   0.006   0.000   0.000   0.000 1262328000
20.24   4.47   47.212
20.24   9.00    0.457    0.535
20.24   9.00    0.991   49.808
20.24   9.00    0.953    0.323   0.991   0.170
20.24   9.00    0.953    0.322   0.991   0.169

20.25   0.00    0.166    0.165   0.032   0.036   0.003   0.006   0.082   0.006   0.000   0.000   0.000 1262952000
20.25   4.47   47.207
20.25   9.00    0.457    0.535
20.25   9.00    0.991   49.805
20.25   9.00    0.953    0.323   0.991   0.170
20.25   9.00    0.953    0.322   0.991   0.169

20.26   0.00    0.166    0.165   0.032   0.036   0.003   0.006   0.082   0.006   0.000   0.000   0.000 1263575000
20.26   4.47   47.203
20.26   9.00    0.457    0.535
20.26   9.00    0.991   49.802
20.26   9.00    0.952    0.323   0.991   0.170
20.26   9.00    0.953    0.322   0.991   0.169

20.27   0.00    0.166    0.165   0.032   0.036   0.003   0.006   0.082   0.006   0.000   0.000   0.000 1264199000
20.27   4.47   47.198
20.27   9.00    0.456    0.535
20.27   9.00    0.991   49.799
20.27   9.00    0.952    0.323   0.991   0.170
20.27   9.00    0.952    0.322   0.991   0.169

20.28   0.00    0.166    0.165   0.032   0.036   0.003   0.006   0.082   0.006   0.000   0.000   0.000 1264823000
20.28   4.46   47.193
20.28   9.00    0.456    0.535
20.28   9.00    0.991   49.797
20.28   9.00    0.952    0.323   0.991   0.170
20.28   9.00    0.952    0.322   0.991   0.169

20.29   0.00    0.166    0.165   0.032   0.036   0.003   0.006   0.082   0.006   0.000   0.000   0.000 1265446000
20.29   4.46   47.189
20.29   9.00    0.456    0.535
20.29   9.00    0.991   49.794
20.29   9.00    0.952    0.323   0.991   0.170
20.29   9.00    0.952    0.322   0.991   0.169

20.30   0.00    0.166    0.165   0.032   0.036   0.003   0.006   0.082   0.006   0.000   0.000   0.000 1266070000
20.30   4.46   47.184
20.30   9.00    0.456    0.535
20.30   9.00    0.991   49.791
20.30   9.00    0.952    0.323   0.991   0.170
20.30   9.00    0.952    0.322   0.991   0.169

20.31   0.00    0.166    0.165   0.032   0.036   0.003   0.006   0.082   0.006   0.000   0.000   0.000 1266694000
20.31   4.46   47.179
20.31   9.00    0.456    0.535
20.31   9.00    0.991   49.788
20.31   9.00    0.952    0.323   0.991   0.170
20.31   9.00    0.952    0.322   0.991   0.169

20.32   0.00    0.166    0.165   0.032   0.036   0.003   0.006   0.082   0.006   0.000   0.000   0.000 1267317000
20.32   4.46   47.175
20.32   9.00    0.456    0.535
20.32   9.00    0.991   49.785
20.32   9.00    0.952    0.323   0.991   0.170
20.32   9.00    0.952    0.322   0.991   0.169

20.33   0.00    0.166    0.165   0.032   0.036   0.003   0.006   0.082   0.006   0.000   0.000   0.000 1267941000
20.33   4.46   47.170
20.33   9.00    0.456    0.535
20.33   9.00    0.991   49.783
20.33   9.00    0.952    0.323   0.991   0.170
20.33   9.00    0.952    0.322   0.991   0.169

20.34   0.00    0.166    0.165   0.032   0.036   0.003   0.006   0.082   0.006   0.000   0.000   0.000 1268565000
20.34   4.46   47.165
20.34   9.00    0.456    0.535
20.34   9.00    0.990   49.780
20.34   9.00    0.952    0.323   0.990   0.170
20.34   9.00    0.952    0.322   0.990   0.169

20.35   0.00    0.166    0.165   0.032   0.036   0.003   0.006   0.082   0.006   0.000   0.000   0.000 1269188000
20.35   4.46   47.161
20.35   9.00    0.456    0.535
20.35   9.00    0.990   49.777
20.35   9.00    0.952    0.323   0.990   0.170
20.35   9.00    0.952    0.322   0.990   0.169

20.36   0.00    0.166    0.165   0.032   0.036   0.003   0.006   0.082   0.006   0.000   0.000   0.000 1269812000
20.36   4.46   47.156
20.36   9.00    0.455    0.535
20.36   9.00    0.990   49.774
20.36   9.00    0.951    0.323   0.990   0.170
20.36   9.00    0.952    0.322   0.990   0.169

20.37   0.00    0.166    0.165   0.032   0.036   0.003   0.006   0.082   0.006   0.000   0.000   0.000 1270436000
20.37   4.46   47.151
20.37   9.00    0.455    0.535
20.37   9.00    0.990   49.771
20.37   9.00    0.951    0.323   0.990   0.170
20.37   9.00    0.951    0.322   0.990   0.169

20.38   0.00    0.166    0.165   0.032   0.036   0.003   0.006   0.082   0.006   0.000   0.000   0.000 1271059000
20.38   4.46   47.147
20.38   9.00    0.455    0.535
20.38   9.00    0.990   49.769
20.38   9.00    0.951    0.323   0.990   0.170
20.38   9.00    0.951    0.322   0.990   0.169

20.39   0.00    0.166    0.165   0.032   0.036   0.003   0.006   0.082   0.006   0.000   0.000   0.000 1271683000
20.39   4.46   47.142
20.39   9.00    0.455    0.535
20.39   9.00    0.990   49.766
20.39   9.00    0.951    0.323   0.990   0.170
20.39   9.00    0.951    0.322   0.990   0.169

20.40   0.00    0.166    0.165   0.032   0.036   0.003   0.006   0.082   0.006   0.000   0.000   0.000 1272307000
20.40   4.46   47.138
20.40   9.00    0.455    0.535
20.40   9.00    0.990   49.763
20.40   9.00    0.951    0.323   0.990   0.170
20.40   9.00    0.951    0.322   0.990   0.169

20.41   0.00    0.166    0.165   0.032   0.036   0.003   0.006   0.082   0.006   0.000   0.000   0.000 1272930000
20.41   4.45   47.133
20.41   9.00    0.455    0.535
20.41   9.00    0.990   49.760
20.41   9.00    0.951    0.323   0.990   0.170
20.41   9.00    0.951    0.322   0.990   0.169

20.42   0.00    0.166    0.165   0.032   0.036   0.003   0.006   0.082   0.006   0.000   0.000   0.000 1273554000
20.42   4.45   47.128
20.42   9.00    0.455    0.535
20.42   9.00    0.990   49.758
20.42   9.00    0.951    0.323   0.990   0.170
20.42   9.00    0.951    0.322   0.990   0.169

20.43   0.00    0.166    0.165   0.032   0.036   0.003   0.006   0.082   0.006   0.000   0.000   0.000 1274178000
20.43   4.45   47.124
20.43   9.00    0.455    0.535
20.43   9.00    0.990   49.755
20.43   9.00    0.951    0.323   0.990   0.170
20.43   9.00    0.951    0.322   0.990   0.169

20.44   0.00    0.166    0.165   0.032   0.036   0.003   0.006   0.082   0.006   0.000   0.000   0.000 1274802000
20.44   4.45   47.119
20.44   9.00    0.455    0.535
20.44   9.00    0.989   49.752
20.44   9.00    0.951    0.323   0.989   0.170
20.44   9.00    0.951    0.322   0.989   0.169

20.45   0.00    0.166    0.165   0.032   0.036   0.003   0.006   0.082   0.006   0.000   0.000   0.000 1275425000
20.45   4.45   47.114
20.45   9.00    0.455    0.535
20.45   9.00    0.989   49.749
20.45   9.00    0.951    0.323   0.989   0.170
20.45   9.00    0.951    0.322   0.989   0.169

20.46   0.00    0.166    0.165   0.032   0.036   0.003   0.006   0.082   0.006   0.000   0.000   0.000 1276049000
20.46   4.45   47.110
20.46   9.00    0.454    0.535
20.46   9.00    0.989   49.746
20.46   9.00    0.950    0.323   0.989   0.170
20.46   9.00    0.951    0.322   0.989   0.169

20.47   0.00    0.166    0.165   0.032   0.036   0.003   0.006   0.082   0.006   0.000   0.000   0.000 1276673000
20.47   4.45   47.105
20.47   9.00    0.454    0.535
20.47   9.00    0.989   49.744
20.47   9.00    0.950    0.323   0.989   0.170
20.47   9.00    0.950    0.322   0.989   0.169

20.48   0.00    0.166    0.165   0.032   0.036   0.003   0.006   0.082   0.006   0.000   0.000   0.000 1277296000
20.48   4.45   47.101
20.48   9.00    0.454    0.535
20.48   9.00    0.989   49.741
20.48   9.00    0.950    0.323   0.989   0.170
20.48   9.00    0.950    0.322   0.989   0.169

20.49   0.00    0.166    0.165   0.032   0.036   0.003   0.006   0.082   0.006   0.000   0.000   0.000 1277920000
20.49   4.45   47.096
20.49   9.00    0.454    0.535
20.49   9.00    0.989   49.738
20.49   9.00    0.950    0.323   0.989   0.170
20.49   9.00    0.950    0.322   0.989   0.169

20.50   0.00    0.166    0.165   0.032   0.036   0.003   0.006   0.082   0.006   0.000   0.000   0.000 1278544000
20.50   4.45   47.091
20.50   9.00    0.454    0.535
20.50   9.00    0.989   49.735
20.50   9.00    0.950    0.323   0.989   0.170
20.50   9.00    0.950    0.322   0.989   0.169

20.51   0.00    0.166    0.165   0.032   0.036   0.003   0.006   0.082   0.006   0.000   0.000   0.000 1279167000
20.51   4.45   47.087
20.51   9.00    0.454    0.535
20.51   9.00    0.989   49.733
20.51   9.00    0.950    0.323   0.989   0.170
20.51   9.00    0.950    0.322   0.989   0.169

20.52   0.00    0.166    0.165   0.032   0.036   0.003   0.006   0.082   0.006   0.000   0.000   0.000 1279791000
20.52   4.45   47.082
20.52   9.00    0.454    0.535
20.52   9.00    0.989   49.730
20.52   9.00    0.950    0.323   0.989   0.170
20.52   9.00    0.950    0.322   0.989   0.169

20.53   0.00    0.166    0.165   0.032   0.036   0.003   0.006   0.082   0.006   0.000   0.000   0.000 1280415000
20.53   4.44   47.078
20.53   9.00    0.454    0.535
20.53   9.00    0.989   49.727
20.53   9.00    0.950    0.323   0.989   0.170
20.53   9.00    0.950    0.322   0.989   0.169

20.54   0.00    0.166    0.165   0.032   0.036   0.003   0.006   0.082   0.006   0.000   0.000   0.000 1281038000
20.54   4.44   47.073
20.54   9.00    0.454    0.535
20.54   9.00    0.988   49.724
20.54   9.00    0.950    0.323   0.988   0.170
20.54   9.00    0.950    0.322   0.988   0.169

20.55   0.00    0.166    0.165   0.032   0.036   0.003   0.006   0.082   0.006   0.000   0.000   0.000 1281662000
20.55   4.44   47.068
20.55   9.00    0.454    0.535
20.55   9.00    0.988   49.722
20.55   9.00    0.950    0.323   0.988   0.170
20.55   9.00    0.950    0.322   0.988   0.169

20.56   0.00    0.166    0.165   0.032   0.036   0.003   0.006   0.082   0.006   0.000   0.000   0.000 1282286000
20.56   4.44   47.064
20.56   9.00    0.453    0.535
20.56   9.00    0.988   49.719
20.56   9.00    0.949    0.323   0.988   0.170
20.56   9.00    0.950    0.322   0.988   0.169

20.57   0.00    0.166    0.165   0.032   0.036   0.003   0.006   0.082   0.006   0.000   0.000   0.000 1282909000
20.57   4.44   47.059
20.57   9.00    0.453    0.535
20.57   9.00    0.988   49.716
20.57   9.00    0.949    0.323   0.988   0.170
20.57   9.00    0.949    0.322   0.988   0.169

20.58   0.00    0.166    0.165   0.032   0.036   0.003   0.006   0.082   0.006   0.000   0.000   0.000 1283533000
20.58   4.44   47.055
20.58   9.00    0.453    0.535
20.58   9.00    0.988   49.713
20.58   9.00    0.949    0.323   0.988   0.170
20.58   9.00    0.949    0.322   0.988   0.169

20.59   0.00    0.166    0.165   0.032   0.036   0.003   0.006   0.082   0.006   0.000   0.000   0.000 1284157000
20.59   4.44   47.050
20.59   9.00    0.453    0.535
20.59   9.00    0.988   49.711
20.59   9.00    0.949    0.322   0.988   0.170
20.59   9.00    0.949    0.322   0.988   0.169

20.60   0.00    0.166    0.165   0.032   0.036   0.003   0.006   0.082   0.006   0.000   0.000   0.000 1284780000
20.60   4.44   47.046
20.60   9.00    0.453    0.535
20.60   9.00    0.988   49.708
20.60   9.00    0.949    0.322   0.988   0.170
20.60   9.00    0.949    0.322   0.988   0.169

20.61   0.00    0.166    0.165   0.032   0.036   0.003   0.006   0.082   0.006   0.000   0.000   0.000 1285404000
20.61   4.44   47.041
20.61   9.00    0.453    0.535
20.61   9.00    0.988   49.705
20.61   9.00    0.949    0.322   0.988   0.170
20.61   9.00    0.949    0.322   0.988   0.169

20.62   0.00    0.166    0.165   0.032   0.036   0.003   0.006   0.082   0.006   0.000   0.000   0.000 1286028000
20.62   4.44   47.036
20.62   9.00    0.453    0.535
20.62   9.00    0.988   49.702
20.62   9.00    0.949    0.322   0.988   0.170
20.62   9.00    0.949    0.322   0.988   0.169

20.63   0.00    0.166    0.165   0.032   0.036   0.003   0.006   0.082   0.006   0.000   0.000   0.000 1286651000
20.63   4.44   47.032
20.63   9.00    0.453    0.535
20.63   9.00    0.987   49.700
20.63   9.00    0.949    0.322   0.987   0.170
20.63   9.00    0.949    0.322   0.987   0.169

20.64   0.00    0.166    0.165   0.032   0.036   0.003   0.006   0.082   0.006   0.000   0.000   0.000 1287275000
20.64   4.44   47.027
20.64   9.00    0.453    0.535
20.64   9.00    0.987   49.697
20.64   9.00    0.949    0.322   0.987   0.170
20.64   9.00    0.949    0.322   0.987   0.169

20.65   0.00    0.166    0.165   0.032   0.036   0.003   0.006   0.082   0.006   0.000   0.000   0.000 1287899000
20.65   4.44   47.023
20.65   9.00    0.453    0.535
20.65   9.00    0.987   49.694
20.65   9.00    0.949    0.322   0.987   0.170
20.65   9.00    0.949    0.322   0.987   0.169

20.66   0.00    0.166    0.165   0.032   0.036   0.003   0.006   0.082   0.006   0.000   0.000   0.000 1288522000
20.66   4.43   47.018
20.66   9.00    0.452    0.535
20.66   9.00    0.987   49.692
20.66   9.00    0.948    0.322   0.987   0.170
20.66   9.00    0.949    0.322   0.987   0.169

20.67   0.00    0.166    0.165   0.032   0.036   0.003   0.006   0.082   0.006   0.000   0.000   0.000 1289146000
20.67   4.43   47.014
20.67   9.00    0.452    0.535
20.67   9.00    0.987   49.689
20.67   9.00    0.948    0.322   0.987   0.170
20.67   9.00    0.948    0.322   0.987   0.169

20.68   0.00    0.166    0.165   0.032   0.036   0.003   0.006   0.082   0.006   0.000   0.000   0.000 1289770000
20.68   4.43   47.009
20.68   9.00    0.452    0.535
20.68   9.00    0.987   49.686
20.68   9.00    0.948    0.322   0.987   0.170
20.68   9.00    0.948    0.322   0.987   0.169

20.69   0.00    0.166    0.165   0.032   0.036   0.003   0.006   0.082   0.006   0.000   0.000   0.000 1290394000
20.69   4.43   47.005
20.69   9.00    0.452    0.535
20.69   9.00    0.987   49.683
20.69   9.00    0.948    0.322   0.987   0.170
20.69   9.00    0.948    0.322   0.987   0.169

20.70   0.00    0.166    0.165   0.032   0.036   0.003   0.006   0.082   0.006   0.000   0.000   0.000 1291017000
20.70   4.43   47.000
20.70   9.00    0.452    0.535
20.70   9.00    0.987   49.681
20.70   9.00    0.948    0.322   0.987   0.170
20.70   9.00    0.948    0.322   0.987   0.169

20.71   0.00    0.166    0.165   0.032   0.036   0.003   0.006   0.082   0.006   0.000   0.000   0.000 1291641000
20.71   4.43   46.995
20.71   9.00    0.452    0.535
20.71   9.00    0.987   49.678
20.71   9.00    0.948    0.322   0.987   0.170
20.71   9.00    0.948    0.322   0.987   0.169

20.72   0.00    0.166    0.165   0.032   0.036   0.003   0.006   0.082   0.006   0.000   0.000   0.000 1292264000
20.72   4.43   46.991
20.72   9.00    0.452    0.535
20.72   9.00    0.987   49.675
20.72   9.00    0.948    0.322   0.987   0.170
20.72   9.00    0.948    0.322   0.987   0.169

20.73   0.00    0.166    0.165   0.032   0.036   0.003   0.006   0.082   0.006   0.000   0.000   0.000 1292888000
20.73   4.43   46.986
20.73   9.00    0.452    0.535
20.73   9.00    0.986   49.673
20.73   9.00    0.948    0.322   0.986   0.170
20.73   9.00    0.948    0.321   0.986   0.169

20.74   0.00    0.166    0.165   0.032   0.036   0.003   0.006   0.082   0.006   0.000   0.000   0.000 1293512000
20.74   4.43   46.982
20.74   9.00    0.452    0.535
20.74   9.00    0.986   49.670
20.74   9.00    0.948    0.322   0.986   0.170
20.74   9.00    0.948    0.321   0.986   0.169

20.75   0.00    0.166    0.165   0.032   0.036   0.003   0.006   0.082   0.006   0.000   0.000   0.000 1294136000
20.75   4.43   46.977
20.75   9.00    0.452    0.535
20.75   9.00    0.986   49.667
20.75   9.00    0.948    0.322   0.986   0.170
20.75   9.00    0.948    0.321   0.986   0.169

20.76   0.00    0.166    0.165   0.032   0.036   0.003   0.006   0.082   0.006   0.000   0.000   0.000 1294759000
20.76   4.43   46.973
20.76   9.00    0.451    0.535
20.76   9.00    0.986   49.664
20.76   9.00    0.947    0.322   0.986   0.170
20.76   9.00    0.948    0.321   0.986   0.169

20.77   0.00    0.166    0.165   0.032   0.036   0.003   0.006   0.082   0.006   0.000   0.000   0.000 1295383000
20.77   4.43   46.968
20.77   9.00    0.451    0.535
20.77   9.00    0.986   49.662
20.77   9.00    0.947    0.322   0.986   0.170
20.77   9.00    0.947    0.321   0.986   0.169

20.78   0.00    0.166    0.165   0.032   0.036   0.003   0.006   0.082   0.006   0.000   0.000   0.000 1296007000
20.78   4.42   46.964
20.78   9.00    0.451    0.535
20.78   9.00    0.986   49.659
20.78   9.00    0.947    0.322   0.986   0.170
20.78   9.00    0.947    0.321   0.986   0.169

20.79   0.00    0.166    0.165   0.032   0.036   0.003   0.006   0.082   0.006   0.000   0.000   0.000 1296630000
20.79   4.42   46.959
20.79   9.00    0.451    0.535
20.79   9.00    0.986   49.656
20.79   9.00    0.947    0.322   0.986   0.170
20.79   9.00    0.947    0.321   0.986   0.169

20.80   0.00    0.166    0.165   0.032   0.036   0.003   0.006   0.082   0.006   0.000   0.000   0.000 1297254000
20.80   4.42   46.955
20.80   9.00    0.451    0.535
20.80   9.00    0.986   49.654
20.80   9.00    0.947    0.322   0.986   0.170
20.80   9.00    0.947    0.321   0.986   0.169

20.81   0.00    0.166    0.165   0.032   0.036   0.003   0.006   0.082   0.006   0.000   0.000   0.000 1297878000
20.81   4.42   46.950
20.81   9.00    0.451    0.535
20.81   9.00    0.986   49.651
20.81   9.00    0.947    0.322   0.986   0.170
20.81   9.00    0.947    0.321   0.986   0.169

20.82   0.00    0.166    0.165   0.032   0.036   0.003   0.006   0.082   0.006   0.000   0.000   0.000 1298501000
20.82   4.42   46.946
20.82   9.00    0.451    0.535
20.82   9.00    0.986   49.648
20.82   9.00    0.947    0.322   0.986   0.170
20.82   9.00    0.947    0.321   0.986   0.169

20.83   0.00    0.166    0.165   0.032   0.036   0.003   0.006   0.082   0.006   0.000   0.000   0.000 1299125000
20.83   4.42   46.941
20.83   9.00    0.451    0.535
20.83   9.00    0.985   49.646
20.83   9.00    0.947    0.322   0.985   0.170
20.83   9.00    0.947    0.321   0.985   0.169

20.84   0.00    0.166    0.165   0.032   0.036   0.003   0.006   0.082   0.006   0.000   0.000   0.000 1299749000
20.84   4.42   46.937
20.84   9.00    0.451    0.535
20.84   9.00    0.985   49.643
20.84   9.00    0.947    0.322   0.985   0.170
20.84   9.00    0.947    0.321   0.985   0.169

20.85   0.00    0.166    0.165   0.032   0.036   0.003   0.006   0.082   0.006   0.000   0.000   0.000 1300372000
20.85   4.42   46.932
20.85   9.00    0.451    0.535
20.85   9.00    0.985   49.640
20.85   9.00    0.947    0.322   0.985   0.170
20.85   9.00    0.947    0.321   0.985   0.169

20.86   0.00    0.166    0.165   0.032   0.036   0.003   0.006   0.082   0.006   0.000   0.000   0.000 1300996000
20.86   4.42   46.928
20.86   9.00    0.450    0.535
20.86   9.00    0.985   49.638
20.86   9.00    0.946    0.322   0.985   0.170
20.86   9.00    0.947    0.321   0.985   0.169

20.87   0.00    0.166    0.165   0.032   0.036   0.003   0.006   0.082   0.006   0.000   0.000   0.000 1301620000
20.87   4.42   46.923
20.87   9.00    0.450    0.535
20.87   9.00    0.985   49.635
20.87   9.00    0.946    0.322   0.985   0.170
20.87   9.00    0.947    0.321   0.985   0.169

20.88   0.00    0.166    0.165   0.032   0.036   0.003   0.006   0.082   0.006   0.000   0.000   0.000 1302243000
20.88   4.42   46.919
20.88   9.00    0.450    0.535
20.88   9.00    0.985   49.632
20.88   9.00    0.946    0.322   0.985   0.170
20.88   9.00    0.946    0.321   0.985   0.169

20.89   0.00    0.166    0.165   0.032   0.036   0.003   0.006   0.082   0.006   0.000   0.000   0.000 1302867000
20.89   4.42   46.914
20.89   9.00    0.450    0.535
20.89   9.00    0.985   49.630
20.89   9.00    0.946    0.322   0.985   0.170
20.89   9.00    0.946    0.321   0.985   0.169

20.90   0.00    0.166    0.165   0.032   0.036   0.003   0.006   0.082   0.006   0.000   0.000   0.000 1303491000
20.90   4.42   46.910
20.90   9.00    0.450    0.535
20.90   9.00    0.985   49.627
20.90   9.00    0.946    0.322   0.985   0.170
20.90   9.00    0.946    0.321   0.985   0.169

20.91   0.00    0.166    0.165   0.032   0.036   0.003   0.006   0.082   0.006   0.000   0.000   0.000 1304114000
20.91   4.41   46.905
20.91   9.00    0.450    0.535
20.91   9.00    0.985   49.624
20.91   9.00    0.946    0.322   0.985   0.170
20.91   9.00    0.946    0.321   0.985   0.169

20.92   0.00    0.166    0.165   0.032   0.036   0.003   0.006   0.082   0.006   0.000   0.000   0.000 1304738000
20.92   4.41   46.901
20.92   9.00    0.450    0.535
20.92   9.00    0.985   49.622
20.92   9.00    0.946    0.322   0.985   0.170
20.92   9.00    0.946    0.321   0.985   0.169

20.93   0.00    0.166    0.165   0.032   0.036   0.003   0.006   0.082   0.006   0.000   0.000   0.000 1305362000
20.93   4.41   46.896
20.93   9.00    0.450    0.535
20.93   9.00    0.985   49.619
20.93   9.00    0.946    0.322   0.985   0.170
20.93   9.00    0.946    0.321   0.985   0.169

20.94   0.00    0.166    0.165   0.032   0.036   0.003   0.006   0.082   0.006   0.000   0.000   0.000 1305986000
20.94   4.41   46.892
20.94   9.00    0.450    0.535
20.94   9.00    0.984   49.616
20.94   9.00    0.946    0.322   0.984   0.170
20.94   9.00    0.946    0.321   0.984   0.169

20.95   0.00    0.166    0.165   0.032   0.036   0.003   0.006   0.082   0.006   0.000   0.000   0.000 1306609000
20.95   4.41   46.887
20.95   9.00    0.450    0.535
20.95   9.00    0.984   49.614
20.95   9.00    0.946    0.322   0.984   0.170
20.95   9.00    0.946    0.321   0.984   0.169

20.96   0.00    0.166    0.165   0.032   0.036   0.003   0.006   0.082   0.006   0.000   0.000   0.000 1307233000
20.96   4.41   46.883
20.96   9.00    0.449    0.535
20.96   9.00    0.984   49.611
20.96   9.00    0.946    0.322   0.984   0.170
20.96   9.00    0.946    0.321   0.984   0.169

20.97   0.00    0.166    0.165   0.032   0.036   0.003   0.006   0.082   0.006   0.000   0.000   0.000 1307857000
20.97   4.41   46.878
20.97   9.00    0.449    0.535
20.97   9.00    0.984   49.608
20.97   9.00    0.945    0.322   0.984   0.170
20.97   9.00    0.946    0.321   0.984   0.169

20.98   0.00    0.166    0.165   0.032   0.036   0.003   0.006   0.082   0.006   0.000   0.000   0.000 1308480000
20.98   4.41   46.874
20.98   9.00    0.449    0.535
20.98   9.00    0.984   49.606
20.98   9.00    0.945    0.322   0.984   0.170
20.98   9.00    0.945    0.321   0.984   0.169

20.99   0.00    0.166    0.165   0.032   0.036   0.003   0.006   0.082   0.006   0.000   0.000   0.000 1309104000
20.99   4.41   46.869
20.99   9.00    0.449    0.535
20.99   9.00    0.984   49.603
20.99   9.00    0.945    0.322   0.984   0.170
20.99   9.00    0.945    0.321   0.984   0.169

21.00   0.00    0.166    0.165   0.032   0.036   0.003   0.006   0.082   0.006   0.000   0.000   0.000 1309728000
21.00   4.41   46.865
21.00   9.00    0.449    0.535
21.00   9.00    0.984   49.600
21.00   9.00    0.945    0.322   0.984   0.170
21.00   9.00    0.945    0.321   0.984   0.169

21.01   0.00    0.166    0.165   0.032   0.036   0.003   0.006   0.082   0.006   0.000   0.000   0.000 1310351000
21.01   4.41   46.860
21.01   9.00    0.449    0.535
21.01   9.00    0.984   49.598
21.01   9.00    0.945    0.322   0.984   0.170
21.01   9.00    0.945    0.321   0.984   0.169

21.02   0.00    0.166    0.165   0.032   0.036   0.003   0.006   0.082   0.006   0.000   0.000   0.000 1310975000
21.02   4.41   46.856
21.02   9.00    0.449    0.535
21.02   9.00    0.984   49.595
21.02   9.00    0.945    0.322   0.984   0.170
21.02   9.00    0.945    0.321   0.984   0.169

21.03   0.00    0.166    0.165   0.032   0.036   0.003   0.006   0.082   0.006   0.000   0.000   0.000 1311599000
21.03   4.41   46.852
21.03   9.00    0.449    0.535
21.03   9.00    0.984   49.592
21.03   9.00    0.945    0.322   0.984   0.170
21.03   9.00    0.945    0.321   0.984   0.169

21.04   0.00    0.166    0.165   0.032   0.036   0.003   0.006   0.082   0.006   0.000   0.000   0.000 1312222000
21.04   4.40   46.847
21.04   9.00    0.449    0.535
21.04   9.00    0.983   49.590
21.04   9.00    0.945    0.322   0.983   0.170
21.04   9.00    0.945    0.321   0.983   0.169

21.05   0.00    0.166    0.165   0.032   0.036   0.003   0.006   0.082   0.006   0.000   0.000   0.000 1312846000
21.05   4.40   46.843
21.05   9.00    0.449    0.535
21.05   9.00    0.983   49.587
21.05   9.00    0.945    0.322   0.983   0.170
21.05   9.00    0.945    0.321   0.983   0.169

21.06   0.00    0.166    0.165   0.032   0.036   0.003   0.006   0.082   0.006   0.000   0.000   0.000 1313470000
21.06   4.40   46.838
21.06   9.00    0.448    0.535
21.06   9.00    0.983   49.584
21.06   9.00    0.945    0.322   0.983   0.170
21.06   9.00    0.945    0.321   0.983   0.169

21.07   0.00    0.166    0.165   0.032   0.036   0.003   0.006   0.082   0.006   0.000   0.000   0.000 1314093000
21.07   4.40   46.834
21.07   9.00    0.448    0.535
21.07   9.00    0.983   49.582
21.07   9.00    0.944    0.322   0.983   0.170
21.07   9.00    0.945    0.321   0.983   0.169

21.08   0.00    0.166    0.165   0.032   0.036   0.003   0.006   0.082   0.006   0.000   0.000   0.000 1314717000
21.08   4.40   46.829
21.08   9.00    0.448    0.535
21.08   9.00    0.983   49.579
21.08   9.00    0.944    0.322   0.983   0.170
21.08   9.00    0.944    0.321   0.983   0.169

21.09   0.00    0.166    0.165   0.032   0.036   0.003   0.006   0.082   0.006   0.000   0.000   0.000 1315341000
21.09   4.40   46.825
21.09   9.00    0.448    0.535
21.09   9.00    0.983   49.577
21.09   9.00    0.944    0.322   0.983   0.170
21.09   9.00    0.944    0.321   0.983   0.169

21.10   0.00    0.166    0.165   0.032   0.036   0.003   0.006   0.082   0.006   0.000   0.000   0.000 1315964000
21.10   4.40   46.820
21.10   9.00    0.448    0.535
21.10   9.00    0.983   49.574
21.10   9.00    0.944    0.322   0.983   0.170
21.10   9.00    0.944    0.321   0.983   0.169

21.11   0.00    0.166    0.165   0.032   0.036   0.003   0.006   0.082   0.006   0.000   0.000   0.000 1316588000
21.11   4.40   46.816
21.11   9.00    0.448    0.535
21.11   9.00    0.983   49.571
21.11   9.00    0.944    0.322   0.983   0.170
21.11   9.00    0.944    0.321   0.983   0.169

21.12   0.00    0.166    0.165   0.032   0.036   0.003   0.006   0.082   0.006   0.000   0.000   0.000 1317212000
21.12   4.40   46.812
21.12   9.00    0.448    0.535
21.12   9.00    0.983   49.569
21.12   9.00    0.944    0.322   0.983   0.170
21.12   9.00    0.944    0.321   0.983   0.169

21.13   0.00    0.166    0.165   0.032   0.036   0.003   0.006   0.082   0.006   0.000   0.000   0.000 1317835000
21.13   4.40   46.807
21.13   9.00    0.448    0.535
21.13   9.00    0.983   49.566
21.13   9.00    0.944    0.321   0.983   0.170
21.13   9.00    0.944    0.321   0.983   0.169

21.14   0.00    0.166    0.165   0.032   0.036   0.003   0.006   0.082   0.006   0.000   0.000   0.000 1318459000
21.14   4.40   46.803
21.14   9.00    0.448    0.535
21.14   9.00    0.982   49.563
21.14   9.00    0.944    0.321   0.982   0.170
21.14   9.00    0.944    0.321   0.982   0.169

21.15   0.00    0.166    0.165   0.032   0.036   0.003   0.006   0.082   0.006   0.000   0.000   0.000 1319083000
21.15   4.40   46.798
21.15   9.00    0.448    0.535
21.15   9.00    0.982   49.561
21.15   9.00    0.944    0.321   0.982   0.170
21.15   9.00    0.944    0.321   0.982   0.169

21.16   0.00    0.166    0.165   0.032   0.036   0.003   0.006   0.082   0.006   0.000   0.000   0.000 1319706000
21.16   4.40   46.794
21.16   9.00    0.448    0.535
21.16   9.00    0.982   49.558
21.16   9.00    0.944    0.321   0.982   0.170
21.16   9.00    0.944    0.321   0.982   0.169

21.17   0.00    0.166    0.165   0.032   0.036   0.003   0.006   0.082   0.006   0.000   0.000   0.000 1320330000
21.17   4.39   46.789
21.17   9.00    0.447    0.535
21.17   9.00    0.982   49.556
21.17   9.00    0.944    0.321   0.982   0.170
21.17   9.00    0.944    0.321   0.982   0.169

21.18   0.00    0.166    0.165   0.032   0.036   0.003   0.006   0.082   0.006   0.000   0.000   0.000 1320954000
21.18   4.39   46.785
21.18   9.00    0.447    0.535
21.18   9.00    0.982   49.553
21.18   9.00    0.943    0.321   0.982   0.170
21.18   9.00    0.944    0.321   0.982   0.169

21.19   0.00    0.166    0.165   0.032   0.036   0.003   0.006   0.082   0.006   0.000   0.000   0.000 1321577000
21.19   4.39   46.781
21.19   9.00    0.447    0.535
21.19   9.00    0.982   49.550
21.19   9.00    0.943    0.321   0.982   0.170
21.19   9.00    0.943    0.321   0.982   0.169

21.20   0.00    0.166    0.165   0.032   0.036   0.003   0.006   0.082   0.006   0.000   0.000   0.000 1322201000
21.20   4.39   46.776
21.20   9.00    0.447    0.535
21.20   9.00    0.982   49.548
21.20   9.00    0.943    0.321   0.982   0.170
21.20   9.00    0.943    0.321   0.982   0.169

21.21   0.00    0.166    0.165   0.032   0.036   0.003   0.006   0.082   0.006   0.000   0.000   0.000 1322825000
21.21   4.39   46.772
21.21   9.00    0.447    0.535
21.21   9.00    0.982   49.545
21.21   9.00    0.943    0.321   0.982   0.170
21.21   9.00    0.943    0.321   0.982   0.169

21.22   0.00    0.166    0.165   0.032   0.036   0.003   0.006   0.082   0.006   0.000   0.000   0.000 1323448000
21.22   4.39   46.767
21.22   9.00    0.447    0.535
21.22   9.00    0.982   49.543
21.22   9.00    0.943    0.321   0.982   0.170
21.22   9.00    0.943    0.321   0.982   0.169

21.23   0.00    0.166    0.165   0.032   0.036   0.003   0.006   0.082   0.006   0.000   0.000   0.000 1324072000
21.23   4.39   46.763
21.23   9.00    0.447    0.535
21.23   9.00    0.982   49.540
21.23   9.00    0.943    0.321   0.982   0.170
21.23   9.00    0.943    0.321   0.982   0.169

21.24   0.00    0.166    0.165   0.032   0.036   0.003   0.006   0.082   0.006   0.000   0.000   0.000 1324696000
21.24   4.39   46.759
21.24   9.00    0.447    0.535
21.24   9.00    0.982   49.537
21.24   9.00    0.943    0.321   0.982   0.170
21.24   9.00    0.943    0.321   0.982   0.169

21.25   0.00    0.166    0.165   0.032   0.036   0.003   0.006   0.082   0.006   0.000   0.000   0.000 1325320000
21.25   4.39   46.754
21.25   9.00    0.447    0.535
21.25   9.00    0.981   49.535
21.25   9.00    0.943    0.321   0.981   0.170
21.25   9.00    0.943    0.321   0.981   0.169

21.26   0.00    0.166    0.165   0.032   0.036   0.003   0.006   0.082   0.006   0.000   0.000   0.000 1325943000
21.26   4.39   46.750
21.26   9.00    0.447    0.535
21.26   9.00    0.981   49.532
21.26   9.00    0.943    0.321   0.981   0.170
21.26   9.00    0.943    0.321   0.981   0.169

21.27   0.00    0.166    0.165   0.032   0.036   0.003   0.006   0.082   0.006   0.000   0.000   0.000 1326567000
21.27   4.39   46.745
21.27   9.00    0.446    0.535
21.27   9.00    0.981   49.530
21.27   9.00    0.943    0.321   0.981   0.170
21.27   9.00    0.943    0.321   0.981   0.169

21.28   0.00    0.166    0.165   0.032   0.036   0.003   0.006   0.082   0.006   0.000   0.000   0.000 1327191000
21.28   4.39   46.741
21.28   9.00    0.446    0.535
21.28   9.00    0.981   49.527
21.28   9.00    0.942    0.321   0.981   0.170
21.28   9.00    0.943    0.321   0.981   0.169

21.29   0.00    0.166    0.165   0.032   0.036   0.003   0.006   0.082   0.006   0.000   0.000   0.000 1327814000
21.29   4.39   46.737
21.29   9.00    0.446    0.535
21.29   9.00    0.981   49.524
21.29   9.00    0.942    0.321   0.981   0.170
21.29   9.00    0.943    0.321   0.981   0.169

21.30   0.00    0.166    0.165   0.032   0.036   0.003   0.006   0.082   0.006   0.000   0.000   0.000 1328438000
21.30   4.39   46.732
21.30   9.00    0.446    0.535
21.30   9.00    0.981   49.522
21.30   9.00    0.942    0.321   0.981   0.170
21.30   9.00    0.942    0.320   0.981   0.169

21.31   0.00    0.166    0.165   0.032   0.036   0.003   0.006   0.082   0.006   0.000   0.000   0.000 1329062000
21.31   4.38   46.728
21.31   9.00    0.446    0.535
21.31   9.00    0.981   49.519
21.31   9.00    0.942    0.321   0.981   0.170
21.31   9.00    0.942    0.320   0.981   0.169

21.32   0.00    0.166    0.165   0.032   0.036   0.003   0.006   0.082   0.006   0.000   0.000   0.000 1329685000
21.32   4.38   46.724
21.32   9.00    0.446    0.535
21.32   9.00    0.981   49.517
21.32   9.00    0.942    0.321   0.981   0.170
21.32   9.00    0.942    0.320   0.981   0.169

21.33   0.00    0.166    0.165   0.032   0.036   0.003   0.006   0.082   0.006   0.000   0.000   0.000 1330309000
21.33   4.38   46.719
21.33   9.00    0.446    0.535
21.33   9.00    0.981   49.514
21.33   9.00    0.942    0.321   0.981   0.170
21.33   9.00    0.942    0.320   0.981   0.169

21.34   0.00    0.166    0.165   0.032   0.036   0.003   0.006   0.082   0.006   0.000   0.000   0.000 1330933000
21.34   4.38   46.715
21.34   9.00    0.446    0.535
21.34   9.00    0.981   49.512
21.34   9.00    0.942    0.321   0.981   0.170
21.34   9.00    0.942    0.320   0.981   0.169

21.35   0.00    0.166    0.165   0.032   0.036   0.003   0.006   0.082   0.006   0.000   0.000   0.000 1331556000
21.35   4.38   46.710
21.35   9.00    0.446    0.535
21.35   9.00    0.980   49.509
21.35   9.00    0.942    0.321   0.980   0.170
21.35   9.00    0.942    0.320   0.980   0.169

21.36   0.00    0.166    0.165   0.032   0.036   0.003   0.006   0.082   0.006   0.000   0.000   0.000 1332180000
21.36   4.38   46.706
21.36   9.00    0.446    0.535
21.36   9.00    0.980   49.506
21.36   9.00    0.942    0.321   0.980   0.170
21.36   9.00    0.942    0.320   0.980   0.169

21.37   0.00    0.166    0.165   0.032   0.036   0.003   0.006   0.082   0.006   0.000   0.000   0.000 1332804000
21.37   4.38   46.702
21.37   9.00    0.446    0.535
21.37   9.00    0.980   49.504
21.37   9.00    0.942    0.321   0.980   0.170
21.37   9.00    0.942    0.320   0.980   0.169

21.38   0.00    0.166    0.165   0.032   0.036   0.003   0.006   0.082   0.006   0.000   0.000   0.000 1333427000
21.38   4.38   46.697
21.38   9.00    0.445    0.535
21.38   9.00    0.980   49.501
21.38   9.00    0.942    0.321   0.980   0.170
21.38   9.00    0.942    0.320   0.980   0.169

21.39   0.00    0.166    0.165   0.032   0.036   0.003   0.006   0.082   0.006   0.000   0.000   0.000 1334051000
21.39   4.38   46.693
21.39   9.00    0.445    0.535
21.39   9.00    0.980   49.499
21.39   9.00    0.941    0.321   0.980   0.170
21.39   9.00    0.942    0.320   0.980   0.169

21.40   0.00    0.166    0.165   0.032   0.036   0.003   0.006   0.082   0.006   0.000   0.000   0.000 1334675000
21.40   4.38   46.689
21.40   9.00    0.445    0.535
21.40   9.00    0.980   49.496
21.40   9.00    0.941    0.321   0.980   0.170
21.40   9.00    0.941    0.320   0.980   0.169

21.41   0.00    0.166    0.165   0.032   0.036   0.003   0.006   0.082   0.006   0.000   0.000   0.000 1335298000
21.41   4.38   46.684
21.41   9.00    0.445    0.535
21.41   9.00    0.980   49.494
21.41   9.00    0.941    0.321   0.980   0.170
21.41   9.00    0.941    0.320   0.980   0.169

21.42   0.00    0.166    0.165   0.032   0.036   0.003   0.006   0.082   0.006   0.000   0.000   0.000 1335922000
21.42   4.38   46.680
21.42   9.00    0.445    0.535
21.42   9.00    0.980   49.491
21.42   9.00    0.941    0.321   0.980   0.170
21.42   9.00    0.941    0.320   0.980   0.169

21.43   0.00    0.166    0.165   0.032   0.036   0.003   0.006   0.082   0.006   0.000   0.000   0.000 1336546000
21.43   4.38   46.676
21.43   9.00    0.445    0.535
21.43   9.00    0.980   49.488
21.43   9.00    0.941    0.321   0.980   0.170
21.43   9.00    0.941    0.320   0.980   0.169

21.44   0.00    0.166    0.165   0.032   0.036   0.003   0.006   0.082   0.006   0.000   0.000   0.000 1337170000
21.44   4.37   46.671
21.44   9.00    0.445    0.535
21.44   9.00    0.980   49.486
21.44   9.00    0.941    0.321   0.980   0.170
21.44   9.00    0.941    0.320   0.980   0.169

21.45   0.00    0.166    0.165   0.032   0.036   0.003   0.006   0.082   0.006   0.000   0.000   0.000 1337793000
21.45   4.37   46.667
21.45   9.00    0.445    0.535
21.45   9.00    0.980   49.483
21.45   9.00    0.941    0.321   0.980   0.170
21.45   9.00    0.941    0.320   0.980   0.169

21.46   0.00    0.166    0.165   0.032   0.036   0.003   0.006   0.082   0.006   0.000   0.000   0.000 1338417000
21.46   4.37   46.663
21.46   9.00    0.445    0.535
21.46   9.00    0.979   49.481
21.46   9.00    0.941    0.321   0.979   0.170
21.46   9.00    0.941    0.320   0.979   0.169

21.47   0.00    0.166    0.165   0.032   0.036   0.003   0.006   0.082   0.006   0.000   0.000   0.000 1339041000
21.47   4.37   46.658
21.47   9.00    0.445    0.535
21.47   9.00    0.979   49.478
21.47   9.00    0.941    0.321   0.979   0.170
21.47   9.00    0.941    0.320   0.979   0.169

21.48   0.00    0.166    0.165   0.032   0.036   0.003   0.006   0.082   0.006   0.000   0.000   0.000 1339664000
21.48   4.37   46.654
21.48   9.00    0.444    0.535
21.48   9.00    0.979   49.476
21.48   9.00    0.941    0.321   0.979   0.170
21.48   9.00    0.941    0.320   0.979   0.169

21.49   0.00    0.166    0.165   0.032   0.036   0.003   0.006   0.082   0.006   0.000   0.000   0.000 1340288000
21.49   4.37   46.649
21.49   9.00    0.444    0.535
21.49   9.00    0.979   49.473
21.49   9.00    0.941    0.321   0.979   0.170
21.49   9.00    0.941    0.320   0.979   0.169

21.50   0.00    0.166    0.165   0.032   0.036   0.003   0.006   0.082   0.006   0.000   0.000   0.000 1340912000
21.50   4.37   46.645
21.50   9.00    0.444    0.535
21.50   9.00    0.979   49.471
21.50   9.00    0.940    0.321   0.979   0.170
21.50   9.00    0.941    0.320   0.979   0.169

21.51   0.00    0.166    0.165   0.032   0.036   0.003   0.006   0.082   0.006   0.000   0.000   0.000 1341535000
21.51   4.37   46.641
21.51   9.00    0.444    0.535
21.51   9.00    0.979   49.468
21.51   9.00    0.940    0.321   0.979   0.170
21.51   9.00    0.940    0.320   0.979   0.169

21.52   0.00    0.166    0.165   0.032   0.036   0.003   0.006   0.082   0.006   0.000   0.000   0.000 1342159000
21.52   4.37   46.636
21.52   9.00    0.444    0.535
21.52   9.00    0.979   49.466
21.52   9.00    0.940    0.321   0.979   0.170
21.52   9.00    0.940    0.320   0.979   0.169

21.53   0.00    0.166    0.165   0.032   0.036   0.003   0.006   0.082   0.006   0.000   0.000   0.000 1342783000
21.53   4.37   46.632
21.53   9.00    0.444    0.535
21.53   9.00    0.979   49.463
21.53   9.00    0.940    0.321   0.979   0.170
21.53   9.00    0.940    0.320   0.979   0.169

21.54   0.00    0.166    0.165   0.032   0.036   0.003   0.006   0.082   0.006   0.000   0.000   0.000 1343406000
21.54   4.37   46.628
21.54   9.00    0.444    0.535
21.54   9.00    0.979   49.460
21.54   9.00    0.940    0.321   0.979   0.170
21.54   9.00    0.940    0.320   0.979   0.169

21.55   0.00    0.166    0.165   0.032   0.036   0.003   0.006   0.082   0.006   0.000   0.000   0.000 1344030000
21.55   4.37   46.624
21.55   9.00    0.444    0.535
21.55   9.00    0.979   49.458
21.55   9.00    0.940    0.321   0.979   0.170
21.55   9.00    0.940    0.320   0.979   0.169

21.56   0.00    0.166    0.165   0.032   0.036   0.003   0.006   0.082   0.006   0.000   0.000   0.000 1344654000
21.56   4.37   46.619
21.56   9.00    0.444    0.535
21.56   9.00    0.979   49.455
21.56   9.00    0.940    0.321   0.979   0.170
21.56   9.00    0.940    0.320   0.979   0.169

21.57   0.00    0.166    0.165   0.032   0.036   0.003   0.006   0.082   0.006   0.000   0.000   0.000 1345277000
21.57   4.36   46.615
21.57   9.00    0.444    0.535
21.57   9.00    0.978   49.453
21.57   9.00    0.940    0.321   0.978   0.170
21.57   9.00    0.940    0.320   0.978   0.169

21.58   0.00    0.166    0.165   0.032   0.036   0.003   0.006   0.082   0.006   0.000   0.000   0.000 1345901000
21.58   4.36   46.611
21.58   9.00    0.444    0.535
21.58   9.00    0.978   49.450
21.58   9.00    0.940    0.321   0.978   0.170
21.58   9.00    0.940    0.320   0.978   0.169

21.59   0.00    0.166    0.165   0.032   0.036   0.003   0.006   0.082   0.006   0.000   0.000   0.000 1346525000
21.59   4.36   46.606
21.59   9.00    0.443    0.535
21.59   9.00    0.978   49.448
21.59   9.00    0.940    0.321   0.978   0.170
21.59   9.00    0.940    0.320   0.978   0.169

21.60   0.00    0.166    0.165   0.032   0.036   0.003   0.006   0.082   0.006   0.000   0.000   0.000 1347148000
21.60   4.36   46.602
21.60   9.00    0.443    0.535
21.60   9.00    0.978   49.445
21.60   9.00    0.940    0.321   0.978   0.170
21.60   9.00    0.940    0.320   0.978   0.169

21.61   0.00    0.166    0.165   0.032   0.036   0.003   0.006   0.082   0.006   0.000   0.000   0.000 1347772000
21.61   4.36   46.598
21.61   9.00    0.443    0.535
21.61   9.00    0.978   49.443
21.61   9.00    0.939    0.321   0.978   0.170
21.61   9.00    0.940    0.320   0.978   0.169

21.62   0.00    0.166    0.165   0.032   0.036   0.003   0.006   0.082   0.006   0.000   0.000   0.000 1348396000
21.62   4.36   46.593
21.62   9.00    0.443    0.535
21.62   9.00    0.978   49.440
21.62   9.00    0.939    0.321   0.978   0.170
21.62   9.00    0.939    0.320   0.978   0.169

21.63   0.00    0.166    0.165   0.032   0.036   0.003   0.006   0.082   0.006   0.000   0.000   0.000 1349019000
21.63   4.36   46.589
21.63   9.00    0.443    0.535
21.63   9.00    0.978   49.438
21.63   9.00    0.939    0.321   0.978   0.170
21.63   9.00    0.939    0.320   0.978   0.169

21.64   0.00    0.166    0.165   0.032   0.036   0.003   0.006   0.082   0.006   0.000   0.000   0.000 1349643000
21.64   4.36   46.585
21.64   9.00    0.443    0.535
21.64   9.00    0.978   49.435
21.64   9.00    0.939    0.321   0.978   0.170
21.64   9.00    0.939    0.320   0.978   0.169

21.65   0.00    0.166    0.165   0.032   0.036   0.003   0.006   0.082   0.006   0.000   0.000   0.000 1350267000
21.65   4.36   46.580
21.65   9.00    0.443    0.535
21.65   9.00    0.978   49.433
21.65   9.00    0.939    0.321   0.978   0.170
21.65   9.00    0.939    0.320   0.978   0.169

21.66   0.00    0.166    0.165   0.032   0.036   0.003   0.006   0.082   0.006   0.000   0.000   0.000 1350890000
21.66   4.36   46.576
21.66   9.00    0.443    0.535
21.66   9.00    0.978   49.430
21.66   9.00    0.939    0.321   0.978   0.170
21.66   9.00    0.939    0.320   0.978   0.169

21.67   0.00    0.166    0.165   0.032   0.036   0.003   0.006   0.082   0.006   0.000   0.000   0.000 1351514000
21.67   4.36   46.572
21.67   9.00    0.443    0.535
21.67   9.00    0.978   49.428
21.67   9.00    0.939    0.321   0.978   0.170
21.67   9.00    0.939    0.320   0.978   0.169

21.68   0.00    0.166    0.165   0.032   0.036   0.003   0.006   0.082   0.006   0.000   0.000   0.000 1352138000
21.68   4.36   46.568
21.68   9.00    0.443    0.535
21.68   9.00    0.977   49.425
21.68   9.00    0.939    0.321   0.977   0.170
21.68   9.00    0.939    0.320   0.977   0.169

21.69   0.00    0.166    0.165   0.032   0.036   0.003   0.006   0.082   0.006   0.000   0.000   0.000 1352761000
21.69   4.36   46.563
21.69   9.00    0.443    0.535
21.69   9.00    0.977   49.423
21.69   9.00    0.939    0.321   0.977   0.170
21.69   9.00    0.939    0.320   0.977   0.169

21.70   0.00    0.166    0.165   0.032   0.036   0.003   0.006   0.082   0.006   0.000   0.000   0.000 1353385000
21.70   4.36   46.559
21.70   9.00    0.442    0.535
21.70   9.00    0.977   49.420
21.70   9.00    0.939    0.321   0.977   0.170
21.70   9.00    0.939    0.320   0.977   0.169

21.71   0.00    0.166    0.165   0.032   0.036   0.003   0.006   0.082   0.006   0.000   0.000   0.000 1354009000
21.71   4.35   46.555
21.71   9.00    0.442    0.535
21.71   9.00    0.977   49.418
21.71   9.00    0.939    0.320   0.977   0.170
21.71   9.00    0.939    0.320   0.977   0.169

21.72   0.00    0.166    0.165   0.032   0.036   0.003   0.006   0.082   0.006   0.000   0.000   0.000 1354632000
21.72   4.35   46.550
21.72   9.00    0.442    0.535
21.72   9.00    0.977   49.415
21.72   9.00    0.938    0.320   0.977   0.170
21.72   9.00    0.939    0.320   0.977   0.169

21.73   0.00    0.166    0.165   0.032   0.036   0.003   0.006   0.082   0.006   0.000   0.000   0.000 1355256000
21.73   4.35   46.546
21.73   9.00    0.442    0.535
21.73   9.00    0.977   49.413
21.73   9.00    0.938    0.320   0.977   0.170
21.73   9.00    0.938    0.320   0.977   0.169

21.74   0.00    0.166    0.165   0.032   0.036   0.003   0.006   0.082   0.006   0.000   0.000   0.000 1355880000
21.74   4.35   46.542
21.74   9.00    0.442    0.535
21.74   9.00    0.977   49.410
21.74   9.00    0.938    0.320   0.977   0.170
21.74   9.00    0.938    0.320   0.977   0.169

21.75   0.00    0.166    0.165   0.032   0.036   0.003   0.006   0.082   0.006   0.000   0.000   0.000 1356504000
21.75   4.35   46.538
21.75   9.00    0.442    0.535
21.75   9.00    0.977   49.408
21.75   9.00    0.938    0.320   0.977   0.170
21.75   9.00    0.938    0.320   0.977   0.169

21.76   0.00    0.166    0.165   0.032   0.036   0.003   0.006   0.082   0.006   0.000   0.000   0.000 1357127000
21.76   4.35   46.533
21.76   9.00    0.442    0.535
21.76   9.00    0.977   49.405
21.76   9.00    0.938    0.320   0.977   0.170
21.76   9.00    0.938    0.320   0.977   0.169

21.77   0.00    0.166    0.165   0.032   0.036   0.003   0.006   0.082   0.006   0.000   0.000   0.000 1357751000
21.77   4.35   46.529
21.77   9.00    0.442    0.535
21.77   9.00    0.977   49.403
21.77   9.00    0.938    0.320   0.977   0.170
21.77   9.00    0.938    0.320   0.977   0.169

21.78   0.00    0.166    0.165   0.032   0.036   0.003   0.006   0.082   0.006   0.000   0.000   0.000 1358375000
21.78   4.35   46.525
21.78   9.00    0.442    0.535
21.78   9.00    0.976   49.400
21.78   9.00    0.938    0.320   0.976   0.170
21.78   9.00    0.938    0.320   0.976   0.169

21.79   0.00    0.166    0.165   0.032   0.036   0.003   0.006   0.082   0.006   0.000   0.000   0.000 1358998000
21.79   4.35   46.520
21.79   9.00    0.442    0.535
21.79   9.00    0.976   49.398
21.79   9.00    0.938    0.320   0.976   0.170
21.79   9.00    0.938    0.320   0.976   0.169

21.80   0.00    0.166    0.165   0.032   0.036   0.003   0.006   0.082   0.006   0.000   0.000   0.000 1359622000
21.80   4.35   46.516
21.80   9.00    0.442    0.535
21.80   9.00    0.976   49.395
21.80   9.00    0.938    0.320   0.976   0.170
21.80   9.00    0.938    0.320   0.976   0.169

21.81   0.00    0.166    0.165   0.032   0.036   0.003   0.006   0.082   0.006   0.000   0.000   0.000 1360246000
21.81   4.35   46.512
21.81   9.00    0.441    0.535
21.81   9.00    0.976   49.393
21.81   9.00    0.938    0.320   0.976   0.170
21.81   9.00    0.938    0.320   0.976   0.169

21.82   0.00    0.166    0.165   0.032   0.036   0.003   0.006   0.082   0.006   0.000   0.000   0.000 1360869000
21.82   4.35   46.508
21.82   9.00    0.441    0.535
21.82   9.00    0.976   49.390
21.82   9.00    0.938    0.320   0.976   0.170
21.82   9.00    0.938    0.320   0.976   0.169

21.83   0.00    0.166    0.165   0.032   0.036   0.003   0.006   0.082   0.006   0.000   0.000   0.000 1361493000
21.83   4.35   46.503
21.83   9.00    0.441    0.535
21.83   9.00    0.976   49.388
21.83   9.00    0.937    0.320   0.976   0.170
21.83   9.00    0.938    0.320   0.976   0.169

21.84   0.00    0.166    0.165   0.032   0.036   0.003   0.006   0.082   0.006   0.000   0.000   0.000 1362117000
21.84   4.35   46.499
21.84   9.00    0.441    0.535
21.84   9.00    0.976   49.385
21.84   9.00    0.937    0.320   0.976   0.170
21.84   9.00    0.938    0.320   0.976   0.169

21.85   0.00    0.166    0.165   0.032   0.036   0.003   0.006   0.082   0.006   0.000   0.000   0.000 1362740000
21.85   4.34   46.495
21.85   9.00    0.441    0.535
21.85   9.00    0.976   49.383
21.85   9.00    0.937    0.320   0.976   0.170
21.85   9.00    0.937    0.320   0.976   0.169

21.86   0.00    0.166    0.165   0.032   0.036   0.003   0.006   0.082   0.006   0.000   0.000   0.000 1363364000
21.86   4.34   46.491
21.86   9.00    0.441    0.535
21.86   9.00    0.976   49.380
21.86   9.00    0.937    0.320   0.976   0.170
21.86   9.00    0.937    0.320   0.976   0.169

21.87   0.00    0.166    0.165   0.032   0.036   0.003   0.006   0.082   0.006   0.000   0.000   0.000 1363988000
21.87   4.34   46.486
21.87   9.00    0.441    0.535
21.87   9.00    0.976   49.378
21.87   9.00    0.937    0.320   0.976   0.170
21.87   9.00    0.937    0.320   0.976   0.169

21.88   0.00    0.166    0.165   0.032   0.036   0.003   0.006   0.082   0.006   0.000   0.000   0.000 1364611000
21.88   4.34   46.482
21.88   9.00    0.441    0.535
21.88   9.00    0.976   49.375
21.88   9.00    0.937    0.320   0.976   0.170
21.88   9.00    0.937    0.320   0.976   0.169

21.89   0.00    0.166    0.165   0.032   0.036   0.003   0.006   0.082   0.006   0.000   0.000   0.000 1365235000
21.89   4.34   46.478
21.89   9.00    0.441    0.535
21.89   9.00    0.976   49.373
21.89   9.00    0.937    0.320   0.976   0.170
21.89   9.00    0.937    0.320   0.976   0.169

21.90   0.00    0.166    0.165   0.032   0.036   0.003   0.006   0.082   0.006   0.000   0.000   0.000 1365859000
21.90   4.34   46.474
21.90   9.00    0.441    0.535
21.90   9.00    0.975   49.370
21.90   9.00    0.937    0.320   0.975   0.170
21.90   9.00    0.937    0.320   0.975   0.169

21.91   0.00    0.166    0.165   0.032   0.036   0.003   0.006   0.082   0.006   0.000   0.000   0.000 1366482000
21.91   4.34   46.469
21.91   9.00    0.441    0.535
21.91   9.00    0.975   49.368
21.91   9.00    0.937    0.320   0.975   0.170
21.91   9.00    0.937    0.319   0.975   0.169

21.92   0.00    0.166    0.165   0.032   0.036   0.003   0.006   0.082   0.006   0.000   0.000   0.000 1367106000
21.92   4.34   46.465
21.92   9.00    0.440    0.535
21.92   9.00    0.975   49.366
21.92   9.00    0.937    0.320   0.975   0.170
21.92   9.00    0.937    0.319   0.975   0.169

21.93   0.00    0.166    0.165   0.032   0.036   0.003   0.006   0.082   0.006   0.000   0.000   0.000 1367730000
21.93   4.34   46.461
21.93   9.00    0.440    0.535
21.93   9.00    0.975   49.363
21.93   9.00    0.937    0.320   0.975   0.170
21.93   9.00    0.937    0.319   0.975   0.169

21.94   0.00    0.166    0.165   0.032   0.036   0.003   0.006   0.082   0.006   0.000   0.000   0.000 1368354000
21.94   4.34   46.457
21.94   9.00    0.440    0.535
21.94   9.00    0.975   49.361
21.94   9.00    0.937    0.320   0.975   0.170
21.94   9.00    0.937    0.319   0.975   0.169

21.95   0.00    0.166    0.165   0.032   0.036   0.003   0.006   0.082   0.006   0.000   0.000   0.000 1368977000
21.95   4.34   46.452
21.95   9.00    0.440    0.535
21.95   9.00    0.975   49.358
21.95   9.00    0.936    0.320   0.975   0.170
21.95   9.00    0.937    0.319   0.975   0.169

21.96   0.00    0.166    0.165   0.032   0.036   0.003   0.006   0.082   0.006   0.000   0.000   0.000 1369601000
21.96   4.34   46.448
21.96   9.00    0.440    0.535
21.96   9.00    0.975   49.356
21.96   9.00    0.936    0.320   0.975   0.170
21.96   9.00    0.936    0.319   0.975   0.169

21.97   0.00    0.166    0.165   0.032   0.036   0.003   0.006   0.082   0.006   0.000   0.000   0.000 1370225000
21.97   4.34   46.444
21.97   9.00    0.440    0.535
21.97   9.00    0.975   49.353
21.97   9.00    0.936    0.320   0.975   0.170
21.97   9.00    0.936    0.319   0.975   0.169

21.98   0.00    0.165    0.165   0.032   0.036   0.003   0.006   0.082   0.006   0.000   0.000   0.000 1370848000
21.98   4.33   46.440
21.98   9.00    0.440    0.535
21.98   9.00    0.975   49.351
21.98   9.00    0.936    0.320   0.975   0.170
21.98   9.00    0.936    0.319   0.975   0.169

21.99   0.00    0.165    0.165   0.032   0.036   0.003   0.006   0.082   0.006   0.000   0.000   0.000 1371472000
21.99   4.33   46.436
21.99   9.00    0.440    0.535
21.99   9.00    0.975   49.348
21.99   9.00    0.936    0.320   0.975   0.170
21.99   9.00    0.936    0.319   0.975   0.169

22.00   0.00    0.165    0.165   0.032   0.036   0.003   0.006   0.082   0.006   0.000   0.000   0.000 1372096000
22.00   4.33   46.431
22.00   9.00    0.440    0.535
22.00   9.00    0.975   49.346
22.00   9.00    0.936    0.320   0.975   0.170
22.00   9.00    0.936    0.319   0.975   0.169

22.01   0.00    0.165    0.165   0.032   0.036   0.003   0.006   0.082   0.006   0.000   0.000   0.000 1372719000
22.01   4.33   46.427
22.01   9.00    0.440    0.535
22.01   9.00    0.974   49.343
22.01   9.00    0.936    0.320   0.974   0.170
22.01   9.00    0.936    0.319   0.974   0.169

22.02   0.00    0.165    0.165   0.032   0.036   0.003   0.006   0.082   0.006   0.000   0.000   0.000 1373343000
22.02   4.33   46.423
22.02   9.00    0.440    0.535
22.02   9.00    0.974   49.341
22.02   9.00    0.936    0.320   0.974   0.170
22.02   9.00    0.936    0.319   0.974   0.169

22.03   0.00    0.165    0.165   0.032   0.036   0.003   0.006   0.082   0.006   0.000   0.000   0.000 1373967000
22.03   4.33   46.419
22.03   9.00    0.439    0.535
22.03   9.00    0.974   49.339
22.03   9.00    0.936    0.320   0.974   0.170
22.03   9.00    0.936    0.319   0.974   0.169

22.04   0.00    0.165    0.165   0.032   0.036   0.003   0.006   0.082   0.006   0.000   0.000   0.000 1374590000
22.04   4.33   46.414
22.04   9.00    0.439    0.535
22.04   9.00    0.974   49.336
22.04   9.00    0.936    0.320   0.974   0.170
22.04   9.00    0.936    0.319   0.974   0.169

22.05   0.00    0.165    0.165   0.032   0.036   0.003   0.006   0.082   0.006   0.000   0.000   0.000 1375214000
22.05   4.33   46.410
22.05   9.00    0.439    0.535
22.05   9.00    0.974   49.334
22.05   9.00    0.936    0.320   0.974   0.170
22.05   9.00    0.936    0.319   0.974   0.169

22.06   0.00    0.165    0.165   0.032   0.036   0.003   0.006   0.082   0.006   0.000   0.000   0.000 1375838000
22.06   4.33   46.406
22.06   9.00    0.439    0.535
22.06   9.00    0.974   49.331
22.06   9.00    0.935    0.320   0.974   0.170
22.06   9.00    0.936    0.319   0.974   0.169

22.07   0.00    0.165    0.165   0.032   0.036   0.003   0.006   0.082   0.006   0.000   0.000   0.000 1376461000
22.07   4.33   46.402
22.07   9.00    0.439    0.535
22.07   9.00    0.974   49.329
22.07   9.00    0.935    0.320   0.974   0.170
22.07   9.00    0.935    0.319   0.974   0.169

22.08   0.00    0.165    0.165   0.032   0.036   0.003   0.006   0.082   0.006   0.000   0.000   0.000 1377085000
22.08   4.33   46.398
22.08   9.00    0.439    0.535
22.08   9.00    0.974   49.326
22.08   9.00    0.935    0.320   0.974   0.170
22.08   9.00    0.935    0.319   0.974   0.169

22.09   0.00    0.165    0.165   0.032   0.036   0.003   0.006   0.082   0.006   0.000   0.000   0.000 1377709000
22.09   4.33   46.393
22.09   9.00    0.439    0.535
22.09   9.00    0.974   49.324
22.09   9.00    0.935    0.320   0.974   0.170
22.09   9.00    0.935    0.319   0.974   0.169

22.10   0.00    0.165    0.165   0.032   0.036   0.003   0.006   0.082   0.006   0.000   0.000   0.000 1378332000
22.10   4.33   46.389
22.10   9.00    0.439    0.535
22.10   9.00    0.974   49.322
22.10   9.00    0.935    0.320   0.974   0.170
22.10   9.00    0.935    0.319   0.974   0.169

22.11   0.00    0.165    0.165   0.032   0.036   0.003   0.006   0.082   0.006   0.000   0.000   0.000 1378956000
22.11   4.33   46.385
22.11   9.00    0.439    0.535
22.11   9.00    0.974   49.319
22.11   9.00    0.935    0.320   0.974   0.170
22.11   9.00    0.935    0.319   0.974   0.169

22.12   0.00    0.165    0.165   0.032   0.036   0.003   0.006   0.082   0.006   0.000   0.000   0.000 1379580000
22.12   4.32   46.381
22.12   9.00    0.439    0.535
22.12   9.00    0.973   49.317
22.12   9.00    0.935    0.320   0.973   0.170
22.12   9.00    0.935    0.319   0.973   0.169

22.13   0.00    0.165    0.165   0.032   0.036   0.003   0.006   0.082   0.006   0.000   0.000   0.000 1380203000
22.13   4.32   46.377
22.13   9.00    0.439    0.535
22.13   9.00    0.973   49.314
22.13   9.00    0.935    0.320   0.973   0.170
22.13   9.00    0.935    0.319   0.973   0.169

22.14   0.00    0.165    0.165   0.032   0.036   0.003   0.006   0.082   0.006   0.000   0.000   0.000 1380827000
22.14   4.32   46.372
22.14   9.00    0.439    0.535
22.14   9.00    0.973   49.312
22.14   9.00    0.935    0.320   0.973   0.170
22.14   9.00    0.935    0.319   0.973   0.169

22.15   0.00    0.165    0.165   0.032   0.036   0.003   0.006   0.082   0.006   0.000   0.000   0.000 1381451000
22.15   4.32   46.368
22.15   9.00    0.438    0.535
22.15   9.00    0.973   49.309
22.15   9.00    0.935    0.320   0.973   0.170
22.15   9.00    0.935    0.319   0.973   0.169

22.16   0.00    0.165    0.165   0.032   0.036   0.003   0.006   0.082   0.006   0.000   0.000   0.000 1382074000
22.16   4.32   46.364
22.16   9.00    0.438    0.535
22.16   9.00    0.973   49.307
22.16   9.00    0.935    0.320   0.973   0.170
22.16   9.00    0.935    0.319   0.973   0.169

22.17   0.00    0.165    0.165   0.032   0.036   0.003   0.006   0.082   0.006   0.000   0.000   0.000 1382698000
22.17   4.32   46.360
22.17   9.00    0.438    0.535
22.17   9.00    0.973   49.305
22.17   9.00    0.935    0.320   0.973   0.170
22.17   9.00    0.935    0.319   0.973   0.169

22.18   0.00    0.165    0.165   0.032   0.036   0.003   0.006   0.082   0.006   0.000   0.000   0.000 1383322000
22.18   4.32   46.356
22.18   9.00    0.438    0.535
22.18   9.00    0.973   49.302
22.18   9.00    0.934    0.320   0.973   0.170
22.18   9.00    0.935    0.319   0.973   0.169

22.19   0.00    0.165    0.165   0.032   0.036   0.003   0.006   0.082   0.006   0.000   0.000   0.000 1383945000
22.19   4.32   46.351
22.19   9.00    0.438    0.535
22.19   9.00    0.973   49.300
22.19   9.00    0.934    0.320   0.973   0.170
22.19   9.00    0.934    0.319   0.973   0.169

22.20   0.00    0.165    0.165   0.032   0.036   0.003   0.006   0.082   0.006   0.000   0.000   0.000 1384569000
22.20   4.32   46.347
22.20   9.00    0.438    0.535
22.20   9.00    0.973   49.297
22.20   9.00    0.934    0.320   0.973   0.170
22.20   9.00    0.934    0.319   0.973   0.169

22.21   0.00    0.165    0.165   0.032   0.036   0.003   0.006   0.082   0.006   0.000   0.000   0.000 1385193000
22.21   4.32   46.343
22.21   9.00    0.438    0.535
22.21   9.00    0.973   49.295
22.21   9.00    0.934    0.320   0.973   0.170
22.21   9.00    0.934    0.319   0.973   0.169

22.22   0.00    0.165    0.165   0.032   0.036   0.003   0.006   0.082   0.006   0.000   0.000   0.000 1385816000
22.22   4.32   46.339
22.22   9.00    0.438    0.535
22.22   9.00    0.973   49.293
22.22   9.00    0.934    0.320   0.973   0.170
22.22   9.00    0.934    0.319   0.973   0.169

22.23   0.00    0.165    0.165   0.032   0.036   0.003   0.006   0.082   0.006   0.000   0.000   0.000 1386440000
22.23   4.32   46.335
22.23   9.00    0.438    0.535
22.23   9.00    0.972   49.290
22.23   9.00    0.934    0.320   0.972   0.170
22.23   9.00    0.934    0.319   0.972   0.169

22.24   0.00    0.165    0.165   0.032   0.036   0.003   0.006   0.082   0.006   0.000   0.000   0.000 1387064000
22.24   4.32   46.331
22.24   9.00    0.438    0.535
22.24   9.00    0.972   49.288
22.24   9.00    0.934    0.320   0.972   0.170
22.24   9.00    0.934    0.319   0.972   0.169

22.25   0.00    0.165    0.165   0.032   0.036   0.003   0.006   0.082   0.006   0.000   0.000   0.000 1387688000
22.25   4.32   46.326
22.25   9.00    0.438    0.535
22.25   9.00    0.972   49.285
22.25   9.00    0.934    0.320   0.972   0.170
22.25   9.00    0.934    0.319   0.972   0.169

22.26   0.00    0.165    0.165   0.032   0.036   0.003   0.006   0.082   0.006   0.000   0.000   0.000 1388311000
22.26   4.31   46.322
22.26   9.00    0.437    0.535
22.26   9.00    0.972   49.283
22.26   9.00    0.934    0.320   0.972   0.170
22.26   9.00    0.934    0.319   0.972   0.169

22.27   0.00    0.165    0.165   0.032   0.036   0.003   0.006   0.082   0.006   0.000   0.000   0.000 1388935000
22.27   4.31   46.318
22.27   9.00    0.437    0.535
22.27   9.00    0.972   49.281
22.27   9.00    0.934    0.320   0.972   0.170
22.27   9.00    0.934    0.319   0.972   0.169

22.28   0.00    0.165    0.165   0.032   0.036   0.003   0.006   0.082   0.006   0.000   0.000   0.000 1389559000
22.28   4.31   46.314
22.28   9.00    0.437    0.535
22.28   9.00    0.972   49.278
22.28   9.00    0.934    0.320   0.972   0.170
22.28   9.00    0.934    0.319   0.972   0.169

22.29   0.00    0.165    0.165   0.032   0.036   0.003   0.006   0.082   0.006   0.000   0.000   0.000 1390182000
22.29   4.31   46.310
22.29   9.00    0.437    0.535
22.29   9.00    0.972   49.276
22.29   9.00    0.933    0.320   0.972   0.170
22.29   9.00    0.934    0.319   0.972   0.169

22.30   0.00    0.165    0.165   0.032   0.036   0.003   0.006   0.082   0.006   0.000   0.000   0.000 1390806000
22.30   4.31   46.306
22.30   9.00    0.437    0.535
22.30   9.00    0.972   49.273
22.30   9.00    0.933    0.320   0.972   0.170
22.30   9.00    0.933    0.319   0.972   0.169

22.31   0.00    0.165    0.165   0.032   0.036   0.003   0.006   0.082   0.006   0.000   0.000   0.000 1391430000
22.31   4.31   46.301
22.31   9.00    0.437    0.535
22.31   9.00    0.972   49.271
22.31   9.00    0.933    0.320   0.972   0.170
22.31   9.00    0.933    0.319   0.972   0.169

22.32   0.00    0.165    0.165   0.032   0.036   0.003   0.006   0.082   0.006   0.000   0.000   0.000 1392053000
22.32   4.31   46.297
22.32   9.00    0.437    0.535
22.32   9.00    0.972   49.269
22.32   9.00    0.933    0.319   0.972   0.170
22.32   9.00    0.933    0.319   0.972   0.169

22.33   0.00    0.165    0.165   0.032   0.036   0.003   0.006   0.082   0.006   0.000   0.000   0.000 1392677000
22.33   4.31   46.293
22.33   9.00    0.437    0.535
22.33   9.00    0.972   49.266
22.33   9.00    0.933    0.319   0.972   0.170
22.33   9.00    0.933    0.319   0.972   0.169

22.34   0.00    0.165    0.165   0.032   0.036   0.003   0.006   0.082   0.006   0.000   0.000   0.000 1393301000
22.34   4.31   46.289
22.34   9.00    0.437    0.535
22.34   9.00    0.972   49.264
22.34   9.00    0.933    0.319   0.972   0.170
22.34   9.00    0.933    0.319   0.972   0.169

22.35   0.00    0.165    0.165   0.032   0.036   0.003   0.006   0.082   0.006   0.000   0.000   0.000 1393924000
22.35   4.31   46.285
22.35   9.00    0.437    0.535
22.35   9.00    0.971   49.262
22.35   9.00    0.933    0.319   0.971   0.170
22.35   9.00    0.933    0.319   0.971   0.169

22.36   0.00    0.165    0.165   0.032   0.036   0.003   0.006   0.082   0.006   0.000   0.000   0.000 1394548000
22.36   4.31   46.281
22.36   9.00    0.437    0.535
22.36   9.00    0.971   49.259
22.36   9.00    0.933    0.319   0.971   0.170
22.36   9.00    0.933    0.319   0.971   0.169

22.37   0.00    0.165    0.165   0.032   0.036   0.003   0.006   0.082   0.006   0.000   0.000   0.000 1395172000
22.37   4.31   46.276
22.37   9.00    0.437    0.535
22.37   9.00    0.971   49.257
22.37   9.00    0.933    0.319   0.971   0.170
22.37   9.00    0.933    0.319   0.971   0.169

22.38   0.00    0.165    0.165   0.032   0.036   0.003   0.006   0.082   0.006   0.000   0.000   0.000 1395795000
22.38   4.31   46.272
22.38   9.00    0.436    0.535
22.38   9.00    0.971   49.254
22.38   9.00    0.933    0.319   0.971   0.170
22.38   9.00    0.933    0.319   0.971   0.169

22.39   0.00    0.165    0.165   0.032   0.036   0.003   0.006   0.082   0.006   0.000   0.000   0.000 1396419000
22.39   4.31   46.268
22.39   9.00    0.436    0.535
22.39   9.00    0.971   49.252
22.39   9.00    0.933    0.319   0.971   0.170
22.39   9.00    0.933    0.319   0.971   0.169

22.40   0.00    0.165    0.165   0.032   0.036   0.003   0.006   0.082   0.006   0.000   0.000   0.000 1397043000
22.40   4.31   46.264
22.40   9.00    0.436    0.535
22.40   9.00    0.971   49.250
22.40   9.00    0.933    0.319   0.971   0.170
22.40   9.00    0.933    0.319   0.971   0.169

22.41   0.00    0.165    0.165   0.032   0.036   0.003   0.006   0.082   0.006   0.000   0.000   0.000 1397666000
22.41   4.30   46.260
22.41   9.00    0.436    0.535
22.41   9.00    0.971   49.247
22.41   9.00    0.932    0.319   0.971   0.170
22.41   9.00    0.933    0.319   0.971   0.169

22.42   0.00    0.165    0.165   0.032   0.036   0.003   0.006   0.082   0.006   0.000   0.000   0.000 1398290000
22.42   4.30   46.256
22.42   9.00    0.436    0.535
22.42   9.00    0.971   49.245
22.42   9.00    0.932    0.319   0.971   0.170
22.42   9.00    0.932    0.319   0.971   0.169

22.43   0.00    0.165    0.165   0.032   0.036   0.003   0.006   0.082   0.006   0.000   0.000   0.000 1398914000
22.43   4.30   46.252
22.43   9.00    0.436    0.535
22.43   9.00    0.971   49.243
22.43   9.00    0.932    0.319   0.971   0.170
22.43   9.00    0.932    0.319   0.971   0.169

22.44   0.00    0.165    0.165   0.032   0.036   0.003   0.006   0.082   0.006   0.000   0.000   0.000 1399538000
22.44   4.30   46.247
22.44   9.00    0.436    0.535
22.44   9.00    0.971   49.240
22.44   9.00    0.932    0.319   0.971   0.170
22.44   9.00    0.932    0.319   0.971   0.169

22.45   0.00    0.165    0.165   0.032   0.036   0.003   0.006   0.082   0.006   0.000   0.000   0.000 1400161000
22.45   4.30   46.243
22.45   9.00    0.436    0.535
22.45   9.00    0.971   49.238
22.45   9.00    0.932    0.319   0.971   0.170
22.45   9.00    0.932    0.319   0.971   0.169

22.46   0.00    0.165    0.165   0.032   0.036   0.003   0.006   0.082   0.006   0.000   0.000   0.000 1400785000
22.46   4.30   46.239
22.46   9.00    0.436    0.535
22.46   9.00    0.971   49.235
22.46   9.00    0.932    0.319   0.971   0.170
22.46   9.00    0.932    0.319   0.971   0.169

22.47   0.00    0.165    0.165   0.032   0.036   0.003   0.006   0.082   0.006   0.000   0.000   0.000 1401409000
22.47   4.30   46.235
22.47   9.00    0.436    0.535
22.47   9.00    0.970   49.233
22.47   9.00    0.932    0.319   0.970   0.170
22.47   9.00    0.932    0.319   0.970   0.169

22.48   0.00    0.165    0.165   0.032   0.036   0.003   0.006   0.082   0.006   0.000   0.000   0.000 1402032000
22.48   4.30   46.231
22.48   9.00    0.436    0.535
22.48   9.00    0.970   49.231
22.48   9.00    0.932    0.319   0.970   0.170
22.48   9.00    0.932    0.319   0.970   0.169

22.49   0.00    0.165    0.165   0.032   0.036   0.003   0.006   0.082   0.006   0.000   0.000   0.000 1402656000
22.49   4.30   46.227
22.49   9.00    0.435    0.535
22.49   9.00    0.970   49.228
22.49   9.00    0.932    0.319   0.970   0.170
22.49   9.00    0.932    0.319   0.970   0.169

22.50   0.00    0.165    0.165   0.032   0.036   0.003   0.006   0.082   0.006   0.000   0.000   0.000 1403279000
22.50   4.30   46.223
22.50   9.00    0.435    0.535
22.50   9.00    0.970   49.226
22.50   9.00    0.932    0.319   0.970   0.170
22.50   9.00    0.932    0.319   0.970   0.169

22.51   0.00    0.165    0.165   0.032   0.036   0.003   0.006   0.082   0.006   0.000   0.000   0.000 1403903000
22.51   4.30   46.219
22.51   9.00    0.435    0.535
22.51   9.00    0.970   49.224
22.51   9.00    0.932    0.319   0.970   0.170
22.51   9.00    0.932    0.319   0.970   0.169

22.52   0.00    0.165    0.165   0.032   0.036   0.003   0.006   0.082   0.006   0.000   0.000   0.000 1404527000
22.52   4.30   46.214
22.52   9.00    0.435    0.535
22.52   9.00    0.970   49.221
22.52   9.00    0.932    0.319   0.970   0.170
22.52   9.00    0.932    0.319   0.970   0.169

22.53   0.00    0.165    0.165   0.032   0.036   0.003   0.006   0.082   0.006   0.000   0.000   0.000 1405151000
22.53   4.30   46.210
22.53   9.00    0.435    0.535
22.53   9.00    0.970   49.219
22.53   9.00    0.931    0.319   0.970   0.170
22.53   9.00    0.932    0.319   0.970   0.169

22.54   0.00    0.165    0.165   0.032   0.036   0.003   0.006   0.082   0.006   0.000   0.000   0.000 1405774000
22.54   4.30   46.206
22.54   9.00    0.435    0.535
22.54   9.00    0.970   49.217
22.54   9.00    0.931    0.319   0.970   0.170
22.54   9.00    0.931    0.319   0.970   0.169

22.55   0.00    0.165    0.165   0.032   0.036   0.003   0.006   0.082   0.006   0.000   0.000   0.000 1406398000
22.55   4.29   46.202
22.55   9.00    0.435    0.535
22.55   9.00    0.970   49.214
22.55   9.00    0.931    0.319   0.970   0.170
22.55   9.00    0.931    0.319   0.970   0.169

22.56   0.00    0.165    0.165   0.032   0.036   0.003   0.006   0.082   0.006   0.000   0.000   0.000 1407022000
22.56   4.29   46.198
22.56   9.00    0.435    0.535
22.56   9.00    0.970   49.212
22.56   9.00    0.931    0.319   0.970   0.170
22.56   9.00    0.931    0.318   0.970   0.169

22.57   0.00    0.165    0.165   0.032   0.036   0.003   0.006   0.082   0.006   0.000   0.000   0.000 1407645000
22.57   4.29   46.194
22.57   9.00    0.435    0.535
22.57   9.00    0.970   49.210
22.57   9.00    0.931    0.319   0.970   0.170
22.57   9.00    0.931    0.318   0.970   0.169

22.58   0.00    0.165    0.165   0.032   0.036   0.003   0.006   0.082   0.006   0.000   0.000   0.000 1408269000
22.58   4.29   46.190
22.58   9.00    0.435    0.535
22.58   9.00    0.969   49.207
22.58   9.00    0.931    0.319   0.969   0.170
22.58   9.00    0.931    0.318   0.969   0.169

22.59   0.00    0.165    0.165   0.032   0.036   0.003   0.006   0.082   0.006   0.000   0.000   0.000 1408893000
22.59   4.29   46.186
22.59   9.00    0.435    0.535
22.59   9.00    0.969   49.205
22.59   9.00    0.931    0.319   0.969   0.170
22.59   9.00    0.931    0.318   0.969   0.169

22.60   0.00    0.165    0.165   0.032   0.036   0.003   0.006   0.082   0.006   0.000   0.000   0.000 1409516000
22.60   4.29   46.181
22.60   9.00    0.435    0.535
22.60   9.00    0.969   49.203
22.60   9.00    0.931    0.319   0.969   0.169
22.60   9.00    0.931    0.318   0.969   0.169

22.61   0.00    0.165    0.165   0.032   0.036   0.003   0.006   0.082   0.006   0.000   0.000   0.000 1410140000
22.61   4.29   46.177
22.61   9.00    0.434    0.535
22.61   9.00    0.969   49.200
22.61   9.00    0.931    0.319   0.969   0.169
22.61   9.00    0.931    0.318   0.969   0.169

22.62   0.00    0.165    0.165   0.032   0.036   0.003   0.006   0.082   0.006   0.000   0.000   0.000 1410764000
22.62   4.29   46.173
22.62   9.00    0.434    0.535
22.62   9.00    0.969   49.198
22.62   9.00    0.931    0.319   0.969   0.169
22.62   9.00    0.931    0.318   0.969   0.169

22.63   0.00    0.165    0.165   0.032   0.036   0.003   0.006   0.082   0.006   0.000   0.000   0.000 1411387000
22.63   4.29   46.169
22.63   9.00    0.434    0.535
22.63   9.00    0.969   49.196
22.63   9.00    0.931    0.319   0.969   0.169
22.63   9.00    0.931    0.318   0.969   0.169

22.64   0.00    0.165    0.165   0.032   0.036   0.003   0.006   0.082   0.006   0.000   0.000   0.000 1412011000
22.64   4.29   46.165
22.64   9.00    0.434    0.535
22.64   9.00    0.969   49.193
22.64   9.00    0.931    0.319   0.969   0.169
22.64   9.00    0.931    0.318   0.969   0.169

22.65   0.00    0.165    0.165   0.032   0.036   0.003   0.006   0.082   0.006   0.000   0.000   0.000 1412635000
22.65   4.29   46.161
22.65   9.00    0.434    0.535
22.65   9.00    0.969   49.191
22.65   9.00    0.930    0.319   0.969   0.169
22.65   9.00    0.931    0.318   0.969   0.169

22.66   0.00    0.165    0.165   0.032   0.036   0.003   0.006   0.082   0.006   0.000   0.000   0.000 1413258000
22.66   4.29   46.157
22.66   9.00    0.434    0.535
22.66   9.00    0.969   49.189
22.66   9.00    0.930    0.319   0.969   0.169
22.66   9.00    0.930    0.318   0.969   0.169

22.67   0.00    0.165    0.165   0.032   0.036   0.003   0.006   0.082   0.006   0.000   0.000   0.000 1413882000
22.67   4.29   46.153
22.67   9.00    0.434    0.535
22.67   9.00    0.969   49.186
22.67   9.00    0.930    0.319   0.969   0.169
22.67   9.00    0.930    0.318   0.969   0.169

22.68   0.00    0.165    0.165   0.032   0.036   0.003   0.006   0.082   0.006   0.000   0.000   0.000 1414506000
22.68   4.29   46.149
22.68   9.00    0.434    0.535
22.68   9.00    0.969   49.184
22.68   9.00    0.930    0.319   0.969   0.169
22.68   9.00    0.930    0.318   0.969   0.169

22.69   0.00    0.165    0.165   0.032   0.036   0.003   0.006   0.082   0.006   0.000   0.000   0.000 1415129000
22.69   4.28   46.145
22.69   9.00    0.434    0.535
22.69   9.00    0.969   49.182
22.69   9.00    0.930    0.319   0.969   0.169
22.69   9.00    0.930    0.318   0.969   0.169

22.70   0.00    0.165    0.165   0.032   0.036   0.003   0.006   0.082   0.006   0.000   0.000   0.000 1415753000
22.70   4.28   46.140
22.70   9.00    0.434    0.535
22.70   9.00    0.968   49.179
22.70   9.00    0.930    0.319   0.968   0.169
22.70   9.00    0.930    0.318   0.968   0.169

22.71   0.00    0.165    0.165   0.032   0.036   0.003   0.006   0.082   0.006   0.000   0.000   0.000 1416377000
22.71   4.28   46.136
22.71   9.00    0.434    0.535
22.71   9.00    0.968   49.177
22.71   9.00    0.930    0.319   0.968   0.169
22.71   9.00    0.930    0.318   0.968   0.169

22.72   0.00    0.165    0.165   0.032   0.036   0.003   0.006   0.082   0.006   0.000   0.000   0.000 1417000000
22.72   4.28   46.132
22.72   9.00    0.434    0.535
22.72   9.00    0.968   49.175
22.72   9.00    0.930    0.319   0.968   0.169
22.72   9.00    0.930    0.318   0.968   0.169

22.73   0.00    0.165    0.165   0.032   0.036   0.003   0.006   0.082   0.006   0.000   0.000   0.000 1417624000
22.73   4.28   46.128
22.73   9.00    0.433    0.535
22.73   9.00    0.968   49.172
22.73   9.00    0.930    0.319   0.968   0.169
22.73   9.00    0.930    0.318   0.968   0.169

22.74   0.00    0.165    0.165   0.032   0.036   0.003   0.006   0.082   0.006   0.000   0.000   0.000 1418248000
22.74   4.28   46.124
22.74   9.00    0.433    0.535
22.74   9.00    0.968   49.170
22.74   9.00    0.930    0.319   0.968   0.169
22.74   9.00    0.930    0.318   0.968   0.169

22.75   0.00    0.165    0.165   0.032   0.036   0.003   0.006   0.082   0.006   0.000   0.000   0.000 1418872000
22.75   4.28   46.120
22.75   9.00    0.433    0.535
22.75   9.00    0.968   49.168
22.75   9.00    0.930    0.319   0.968   0.169
22.75   9.00    0.930    0.318   0.968   0.169

22.76   0.00    0.165    0.165   0.032   0.036   0.003   0.006   0.082   0.006   0.000   0.000   0.000 1419495000
22.76   4.28   46.116
22.76   9.00    0.433    0.535
22.76   9.00    0.968   49.166
22.76   9.00    0.930    0.319   0.968   0.169
22.76   9.00    0.930    0.318   0.968   0.169

22.77   0.00    0.165    0.165   0.032   0.036   0.003   0.006   0.082   0.006   0.000   0.000   0.000 1420119000
22.77   4.28   46.112
22.77   9.00    0.433    0.535
22.77   9.00    0.968   49.163
22.77   9.00    0.929    0.319   0.968   0.169
22.77   9.00    0.930    0.318   0.968   0.169

22.78   0.00    0.165    0.165   0.032   0.036   0.003   0.006   0.082   0.006   0.000   0.000   0.000 1420743000
22.78   4.28   46.108
22.78   9.00    0.433    0.535
22.78   9.00    0.968   49.161
22.78   9.00    0.929    0.319   0.968   0.169
22.78   9.00    0.929    0.318   0.968   0.169

22.79   0.00    0.165    0.165   0.032   0.036   0.003   0.006   0.082   0.006   0.000   0.000   0.000 1421366000
22.79   4.28   46.104
22.79   9.00    0.433    0.535
22.79   9.00    0.968   49.159
22.79   9.00    0.929    0.319   0.968   0.169
22.79   9.00    0.929    0.318   0.968   0.169

22.80   0.00    0.165    0.165   0.032   0.036   0.003   0.006   0.082   0.006   0.000   0.000   0.000 1421990000
22.80   4.28   46.100
22.80   9.00    0.433    0.535
22.80   9.00    0.968   49.156
22.80   9.00    0.929    0.319   0.968   0.169
22.80   9.00    0.929    0.318   0.968   0.169

22.81   0.00    0.165    0.165   0.032   0.036   0.003   0.006   0.082   0.006   0.000   0.000   0.000 1422614000
22.81   4.28   46.096
22.81   9.00    0.433    0.535
22.81   9.00    0.968   49.154
22.81   9.00    0.929    0.319   0.968   0.169
22.81   9.00    0.929    0.318   0.968   0.169

22.82   0.00    0.165    0.165   0.032   0.036   0.003   0.006   0.082   0.006   0.000   0.000   0.000 1423237000
22.82   4.28   46.091
22.82   9.00    0.433    0.535
22.82   9.00    0.967   49.152
22.82   9.00    0.929    0.319   0.967   0.169
22.82   9.00    0.929    0.318   0.967   0.169

22.83   0.00    0.165    0.165   0.032   0.036   0.003   0.006   0.082   0.006   0.000   0.000   0.000 1423861000
22.83   4.27   46.087
22.83   9.00    0.433    0.535
22.83   9.00    0.967   49.149
22.83   9.00    0.929    0.319   0.967   0.169
22.83   9.00    0.929    0.318   0.967   0.169

22.84   0.00    0.165    0.165   0.032   0.036   0.003   0.006   0.082   0.006   0.000   0.000   0.000 1424485000
22.84   4.27   46.083
22.84   9.00    0.433    0.535
22.84   9.00    0.967   49.147
22.84   9.00    0.929    0.319   0.967   0.169
22.84   9.00    0.929    0.318   0.967   0.169

22.85   0.00    0.165    0.165   0.032   0.036   0.003   0.006   0.082   0.006   0.000   0.000   0.000 1425108000
22.85   4.27   46.079
22.85   9.00    0.432    0.535
22.85   9.00    0.967   49.145
22.85   9.00    0.929    0.319   0.967   0.169
22.85   9.00    0.929    0.318   0.967   0.169

22.86   0.00    0.165    0.165   0.032   0.036   0.003   0.006   0.082   0.006   0.000   0.000   0.000 1425732000
22.86   4.27   46.075
22.86   9.00    0.432    0.535
22.86   9.00    0.967   49.143
22.86   9.00    0.929    0.319   0.967   0.169
22.86   9.00    0.929    0.318   0.967   0.169

22.87   0.00    0.165    0.165   0.032   0.036   0.003   0.006   0.082   0.006   0.000   0.000   0.000 1426356000
22.87   4.27   46.071
22.87   9.00    0.432    0.535
22.87   9.00    0.967   49.140
22.87   9.00    0.929    0.319   0.967   0.169
22.87   9.00    0.929    0.318   0.967   0.169

22.88   0.00    0.165    0.165   0.032   0.036   0.003   0.006   0.082   0.006   0.000   0.000   0.000 1426979000
22.88   4.27   46.067
22.88   9.00    0.432    0.535
22.88   9.00    0.967   49.138
22.88   9.00    0.929    0.319   0.967   0.169
22.88   9.00    0.929    0.318   0.967   0.169

22.89   0.00    0.165    0.165   0.032   0.036   0.003   0.006   0.082   0.006   0.000   0.000   0.000 1427603000
22.89   4.27   46.063
22.89   9.00    0.432    0.535
22.89   9.00    0.967   49.136
22.89   9.00    0.928    0.319   0.967   0.169
22.89   9.00    0.929    0.318   0.967   0.169

22.90   0.00    0.165    0.165   0.032   0.036   0.003   0.006   0.082   0.006   0.000   0.000   0.000 1428227000
22.90   4.27   46.059
22.90   9.00    0.432    0.535
22.90   9.00    0.967   49.133
22.90   9.00    0.928    0.319   0.967   0.169
22.90   9.00    0.929    0.318   0.967   0.169

22.91   0.00    0.165    0.165   0.032   0.036   0.003   0.006   0.082   0.006   0.000   0.000   0.000 1428850000
22.91   4.27   46.055
22.91   9.00    0.432    0.535
22.91   9.00    0.967   49.131
22.91   9.00    0.928    0.319   0.967   0.169
22.91   9.00    0.928    0.318   0.967   0.169

22.92   0.00    0.165    0.165   0.032   0.036   0.003   0.006   0.082   0.006   0.000   0.000   0.000 1429474000
22.92   4.27   46.051
22.92   9.00    0.432    0.535
22.92   9.00    0.967   49.129
22.92   9.00    0.928    0.319   0.967   0.169
22.92   9.00    0.928    0.318   0.967   0.169

22.93   0.00    0.165    0.165   0.032   0.036   0.003   0.006   0.082   0.006   0.000   0.000   0.000 1430098000
22.93   4.27   46.047
22.93   9.00    0.432    0.535
22.93   9.00    0.967   49.127
22.93   9.00    0.928    0.319   0.967   0.169
22.93   9.00    0.928    0.318   0.967   0.169

22.94   0.00    0.165    0.165   0.032   0.036   0.003   0.006   0.082   0.006   0.000   0.000   0.000 1430722000
22.94   4.27   46.053
22.94   9.00    0.432    0.535
22.94   9.00    0.966   49.124
22.94   9.00    0.928    0.319   0.966   0.169
22.94   9.00    0.928    0.318   0.966   0.169

22.95   0.00    0.165    0.165   0.032   0.036   0.003   0.006   0.082   0.006   0.000   0.000   0.000 1431345000
22.95   4.27   46.049
22.95   9.00    0.432    0.535
22.95   9.00    0.966   49.122
22.95   9.00    0.928    0.319   0.966   0.169
22.95   9.00    0.928    0.318   0.966   0.169

22.96   0.00    0.165    0.165   0.032   0.036   0.003   0.006   0.082   0.006   0.000   0.000   0.000 1431969000
22.96   4.27   46.045
22.96   9.00    0.432    0.535
22.96   9.00    0.966   49.120
22.96   9.00    0.928    0.318   0.966   0.169
22.96   9.00    0.928    0.318   0.966   0.169

22.97   0.00    0.165    0.165   0.032   0.036   0.003   0.006   0.082   0.006   0.000   0.000   0.000 1432593000
22.97   4.27   46.042
22.97   9.00    0.431    0.535
22.97   9.00    0.966   49.117
22.97   9.00    0.928    0.318   0.966   0.169
22.97   9.00    0.928    0.318   0.966   0.169

22.98   0.00    0.165    0.165   0.032   0.036   0.003   0.006   0.082   0.006   0.000   0.000   0.000 1433216000
22.98   4.27   46.038
22.98   9.00    0.431    0.535
22.98   9.00    0.966   49.115
22.98   9.00    0.928    0.318   0.966   0.169
22.98   9.00    0.928    0.318   0.966   0.169

22.99   0.00    0.165    0.165   0.032   0.036   0.003   0.006   0.082   0.006   0.000   0.000   0.000 1433840000
22.99   4.27   46.034
22.99   9.00    0.431    0.535
22.99   9.00    0.966   49.113
22.99   9.00    0.928    0.318   0.966   0.169
22.99   9.00    0.928    0.318   0.966   0.169

23.00   0.00    0.165    0.165   0.032   0.036   0.003   0.006   0.082   0.006   0.000   0.000   0.000 1434463000
23.00   4.27   46.031
23.00   9.00    0.431    0.535
23.00   9.00    0.966   49.111
23.00   9.00    0.928    0.318   0.966   0.169
23.00   9.00    0.928    0.318   0.966   0.169

23.01   0.00    0.165    0.165   0.032   0.036   0.002   0.006   0.082   0.006   0.000   0.000   0.000 1435087000
23.01   4.27   46.027
23.01   9.00    0.431    0.535
23.01   9.00    0.966   49.108
23.01   9.00    0.928    0.318   0.966   0.169
23.01   9.00    0.928    0.318   0.966   0.169

23.02   0.00    0.165    0.165   0.032   0.036   0.002   0.006   0.082   0.006   0.000   0.000   0.000 1435711000
23.02   4.27   46.024
23.02   9.00    0.431    0.535
23.02   9.00    0.966   49.106
23.02   9.00    0.927    0.318   0.966   0.169
23.02   9.00    0.928    0.318   0.966   0.169

23.03   0.00    0.165    0.165   0.032   0.036   0.002   0.006   0.082   0.006   0.000   0.000   0.000 1436335000
23.03   4.27   46.020
23.03   9.00    0.431    0.535
23.03   9.00    0.966   49.104
23.03   9.00    0.927    0.318   0.966   0.169
23.03   9.00    0.927    0.318   0.966   0.169

23.04   0.00    0.165    0.165   0.032   0.036   0.002   0.006   0.082   0.006   0.000   0.000   0.000 1436958000
23.04   4.27   46.016
23.04   9.00    0.431    0.535
23.04   9.00    0.966   49.102
23.04   9.00    0.927    0.318   0.966   0.169
23.04   9.00    0.927    0.318   0.966   0.169

23.05   0.00    0.165    0.165   0.032   0.036   0.002   0.006   0.082   0.006   0.000   0.000   0.000 1437582000
23.05   4.27   46.013
23.05   9.00    0.431    0.535
23.05   9.00    0.966   49.099
23.05   9.00    0.927    0.318   0.966   0.169
23.05   9.00    0.927    0.318   0.966   0.169

23.06   0.00    0.165    0.165   0.032   0.036   0.002   0.006   0.082   0.006   0.000   0.000   0.000 1438206000
23.06   4.27   46.009
23.06   9.00    0.431    0.535
23.06   9.00    0.966   49.097
23.06   9.00    0.927    0.318   0.966   0.169
23.06   9.00    0.927    0.318   0.966   0.169

23.07   0.00    0.165    0.165   0.032   0.036   0.002   0.006   0.082   0.006   0.000   0.000   0.000 1438829000
23.07   4.26   46.005
23.07   9.00    0.431    0.535
23.07   9.00    0.965   49.095
23.07   9.00    0.927    0.318   0.965   0.169
23.07   9.00    0.927    0.318   0.965   0.169

23.08   0.00    0.165    0.165   0.032   0.036   0.002   0.006   0.082   0.006   0.000   0.000   0.000 1439453000
23.08   4.26   46.002
23.08   9.00    0.431    0.535
23.08   9.00    0.965   49.093
23.08   9.00    0.927    0.318   0.965   0.169
23.08   9.00    0.927    0.318   0.965   0.169

23.09   0.00    0.165    0.165   0.032   0.036   0.002   0.006   0.082   0.006   0.000   0.000   0.000 1440077000
23.09   4.26   45.998
23.09   9.00    0.431    0.535
23.09   9.00    0.965   49.090
23.09   9.00    0.927    0.318   0.965   0.169
23.09   9.00    0.927    0.318   0.965   0.169

23.10   0.00    0.165    0.165   0.032   0.036   0.002   0.006   0.082   0.006   0.000   0.000   0.000 1440700000
23.10   4.26   45.995
23.10   9.00    0.430    0.535
23.10   9.00    0.965   49.088
23.10   9.00    0.927    0.318   0.965   0.169
23.10   9.00    0.927    0.318   0.965   0.169

23.11   0.00    0.165    0.165   0.032   0.036   0.002   0.006   0.082   0.006   0.000   0.000   0.000 1441324000
23.11   4.26   45.991
23.11   9.00    0.430    0.535
23.11   9.00    0.965   49.086
23.11   9.00    0.927    0.318   0.965   0.169
23.11   9.00    0.927    0.318   0.965   0.169

23.12   0.00    0.165    0.165   0.032   0.036   0.002   0.006   0.082   0.006   0.000   0.000   0.000 1441948000
23.12   4.26   45.987
23.12   9.00    0.430    0.535
23.12   9.00    0.965   49.084
23.12   9.00    0.927    0.318   0.965   0.169
23.12   9.00    0.927    0.318   0.965   0.169

23.13   0.00    0.165    0.165   0.032   0.036   0.002   0.006   0.082   0.006   0.000   0.000   0.000 1442571000
23.13   4.26   45.984
23.13   9.00    0.430    0.535
23.13   9.00    0.965   49.081
23.13   9.00    0.927    0.318   0.965   0.169
23.13   9.00    0.927    0.318   0.965   0.169

23.14   0.00    0.165    0.165   0.032   0.036   0.002   0.006   0.082   0.006   0.000   0.000   0.000 1443195000
23.14   4.26   45.980
23.14   9.00    0.430    0.535
23.14   9.00    0.965   49.079
23.14   9.00    0.926    0.318   0.965   0.169
23.14   9.00    0.927    0.318   0.965   0.169

23.15   0.00    0.165    0.165   0.032   0.036   0.002   0.006   0.082   0.006   0.000   0.000   0.000 1443819000
23.15   4.26   45.977
23.15   9.00    0.430    0.535
23.15   9.00    0.965   49.077
23.15   9.00    0.926    0.318   0.965   0.169
23.15   9.00    0.927    0.318   0.965   0.169

23.16   0.00    0.165    0.165   0.032   0.036   0.002   0.006   0.082   0.006   0.000   0.000   0.000 1444442000
23.16   4.26   45.973
23.16   9.00    0.430    0.535
23.16   9.00    0.965   49.075
23.16   9.00    0.926    0.318   0.965   0.169
23.16   9.00    0.926    0.318   0.965   0.169

23.17   0.00    0.165    0.165   0.032   0.036   0.002   0.006   0.082   0.006   0.000   0.000   0.000 1445066000
23.17   4.26   45.969
23.17   9.00    0.430    0.535
23.17   9.00    0.965   49.072
23.17   9.00    0.926    0.318   0.965   0.169
23.17   9.00    0.926    0.318   0.965   0.169

23.18   0.00    0.165    0.165   0.032   0.036   0.002   0.006   0.082   0.006   0.000   0.000   0.000 1445690000
23.18   4.26   45.966
23.18   9.00    0.430    0.535
23.18   9.00    0.965   49.070
23.18   9.00    0.926    0.318   0.965   0.169
23.18   9.00    0.926    0.318   0.965   0.169

23.19   0.00    0.165    0.165   0.032   0.036   0.002   0.006   0.082   0.006   0.000   0.000   0.000 1446313000
23.19   4.26   45.962
23.19   9.00    0.430    0.535
23.19   9.00    0.964   49.068
23.19   9.00    0.926    0.318   0.964   0.169
23.19   9.00    0.926    0.318   0.964   0.169

23.20   0.00    0.165    0.165   0.032   0.036   0.002   0.006   0.082   0.006   0.000   0.000   0.000 1446937000
23.20   4.26   45.959
23.20   9.00    0.430    0.535
23.20   9.00    0.964   49.066
23.20   9.00    0.926    0.318   0.964   0.169
23.20   9.00    0.926    0.318   0.964   0.169

23.21   0.00    0.165    0.165   0.032   0.036   0.002   0.006   0.082   0.006   0.000   0.000   0.000 1447561000
23.21   4.26   45.955
23.21   9.00    0.430    0.535
23.21   9.00    0.964   49.064
23.21   9.00    0.926    0.318   0.964   0.169
23.21   9.00    0.926    0.318   0.964   0.169

23.22   0.00    0.165    0.165   0.032   0.036   0.002   0.006   0.082   0.006   0.000   0.000   0.000 1448184000
23.22   4.26   45.951
23.22   9.00    0.429    0.535
23.22   9.00    0.964   49.061
23.22   9.00    0.926    0.318   0.964   0.169
23.22   9.00    0.926    0.318   0.964   0.169

23.23   0.00    0.165    0.165   0.032   0.036   0.002   0.006   0.082   0.006   0.000   0.000   0.000 1448808000
23.23   4.26   45.948
23.23   9.00    0.429    0.535
23.23   9.00    0.964   49.059
23.23   9.00    0.926    0.318   0.964   0.169
23.23   9.00    0.926    0.318   0.964   0.169

23.24   0.00    0.165    0.165   0.032   0.036   0.002   0.006   0.082   0.006   0.000   0.000   0.000 1449432000
23.24   4.26   45.944
23.24   9.00    0.429    0.535
23.24   9.00    0.964   49.057
23.24   9.00    0.926    0.318   0.964   0.169
23.24   9.00    0.926    0.318   0.964   0.169

23.25   0.00    0.165    0.165   0.032   0.036   0.002   0.006   0.082   0.006   0.000   0.000   0.000 1450056000
23.25   4.26   45.941
23.25   9.00    0.429    0.535
23.25   9.00    0.964   49.055
23.25   9.00    0.926    0.318   0.964   0.169
23.25   9.00    0.926    0.317   0.964   0.169

23.26   0.00    0.165    0.165   0.032   0.036   0.002   0.006   0.082   0.006   0.000   0.000   0.000 1450679000
23.26   4.26   45.937
23.26   9.00    0.429    0.535
23.26   9.00    0.964   49.052
23.26   9.00    0.926    0.318   0.964   0.169
23.26   9.00    0.926    0.317   0.964   0.169

23.27   0.00    0.165    0.165   0.032   0.036   0.002   0.006   0.082   0.006   0.000   0.000   0.000 1451303000
23.27   4.25   45.933
23.27   9.00    0.429    0.535
23.27   9.00    0.964   49.050
23.27   9.00    0.925    0.318   0.964   0.169
23.27   9.00    0.926    0.317   0.964   0.169

23.28   0.00    0.165    0.165   0.032   0.036   0.002   0.006   0.082   0.006   0.000   0.000   0.000 1451927000
23.28   4.25   45.930
23.28   9.00    0.429    0.535
23.28   9.00    0.964   49.048
23.28   9.00    0.925    0.318   0.964   0.169
23.28   9.00    0.925    0.317   0.964   0.169

23.29   0.00    0.165    0.165   0.032   0.036   0.002   0.006   0.082   0.006   0.000   0.000   0.000 1452550000
23.29   4.25   45.926
23.29   9.00    0.429    0.535
23.29   9.00    0.964   49.046
23.29   9.00    0.925    0.318   0.964   0.169
23.29   9.00    0.925    0.317   0.964   0.169

23.30   0.00    0.165    0.165   0.032   0.036   0.002   0.006   0.082   0.006   0.000   0.000   0.000 1453174000
23.30   4.25   45.923
23.30   9.00    0.429    0.535
23.30   9.00    0.964   49.044
23.30   9.00    0.925    0.318   0.964   0.169
23.30   9.00    0.925    0.317   0.964   0.169

23.31   0.00    0.165    0.165   0.032   0.036   0.002   0.006   0.082   0.006   0.000   0.000   0.000 1453798000
23.31   4.25   45.919
23.31   9.00    0.429    0.535
23.31   9.00    0.964   49.041
23.31   9.00    0.925    0.318   0.964   0.169
23.31   9.00    0.925    0.317   0.964   0.169

23.32   0.00    0.165    0.165   0.032   0.036   0.002   0.006   0.082   0.006   0.000   0.000   0.000 1454421000
23.32   4.25   45.916
23.32   9.00    0.429    0.535
23.32   9.00    0.963   49.039
23.32   9.00    0.925    0.318   0.963   0.169
23.32   9.00    0.925    0.317   0.963   0.169

23.33   0.00    0.165    0.165   0.032   0.036   0.002   0.006   0.082   0.006   0.000   0.000   0.000 1455045000
23.33   4.25   45.912
23.33   9.00    0.429    0.535
23.33   9.00    0.963   49.037
23.33   9.00    0.925    0.318   0.963   0.169
23.33   9.00    0.925    0.317   0.963   0.169

23.34   0.00    0.165    0.165   0.032   0.036   0.002   0.006   0.082   0.006   0.000   0.000   0.000 1455669000
23.34   4.25   45.909
23.34   9.00    0.429    0.535
23.34   9.00    0.963   49.035
23.34   9.00    0.925    0.318   0.963   0.169
23.34   9.00    0.925    0.317   0.963   0.169

23.35   0.00    0.165    0.165   0.032   0.036   0.002   0.006   0.082   0.006   0.000   0.000   0.000 1456292000
23.35   4.25   45.905
23.35   9.00    0.428    0.535
23.35   9.00    0.963   49.032
23.35   9.00    0.925    0.318   0.963   0.169
23.35   9.00    0.925    0.317   0.963   0.169

23.36   0.00    0.165    0.165   0.032   0.036   0.002   0.006   0.082   0.006   0.000   0.000   0.000 1456916000
23.36   4.25   45.901
23.36   9.00    0.428    0.535
23.36   9.00    0.963   49.030
23.36   9.00    0.925    0.318   0.963   0.169
23.36   9.00    0.925    0.317   0.963   0.169

23.37   0.00    0.165    0.165   0.032   0.036   0.002   0.006   0.082   0.006   0.000   0.000   0.000 1457540000
23.37   4.25   45.898
23.37   9.00    0.428    0.535
23.37   9.00    0.963   49.028
23.37   9.00    0.925    0.318   0.963   0.169
23.37   9.00    0.925    0.317   0.963   0.169

23.38   0.00    0.165    0.165   0.032   0.036   0.002   0.006   0.082   0.006   0.000   0.000   0.000 1458163000
23.38   4.25   45.894
23.38   9.00    0.428    0.535
23.38   9.00    0.963   49.026
23.38   9.00    0.925    0.318   0.963   0.169
23.38   9.00    0.925    0.317   0.963   0.169

23.39   0.00    0.165    0.165   0.032   0.036   0.002   0.006   0.082   0.006   0.000   0.000   0.000 1458787000
23.39   4.25   45.891
23.39   9.00    0.428    0.535
23.39   9.00    0.963   49.024
23.39   9.00    0.925    0.318   0.963   0.169
23.39   9.00    0.925    0.317   0.963   0.169

23.40   0.00    0.165    0.165   0.032   0.036   0.002   0.006   0.082   0.006   0.000   0.000   0.000 1459411000
23.40   4.25   45.887
23.40   9.00    0.428    0.535
23.40   9.00    0.963   49.021
23.40   9.00    0.924    0.318   0.963   0.169
23.40   9.00    0.925    0.317   0.963   0.169

23.41   0.00    0.165    0.165   0.032   0.036   0.002   0.006   0.082   0.006   0.000   0.000   0.000 1460034000
23.41   4.25   45.884
23.41   9.00    0.428    0.535
23.41   9.00    0.963   49.019
23.41   9.00    0.924    0.318   0.963   0.169
23.41   9.00    0.924    0.317   0.963   0.169

23.42   0.00    0.165    0.165   0.032   0.036   0.002   0.006   0.082   0.006   0.000   0.000   0.000 1460658000
23.42   4.25   45.880
23.42   9.00    0.428    0.535
23.42   9.00    0.963   49.017
23.42   9.00    0.924    0.318   0.963   0.169
23.42   9.00    0.924    0.317   0.963   0.169

23.43   0.00    0.165    0.165   0.032   0.036   0.002   0.006   0.082   0.006   0.000   0.000   0.000 1461282000
23.43   4.25   45.877
23.43   9.00    0.428    0.535
23.43   9.00    0.963   49.015
23.43   9.00    0.924    0.318   0.963   0.169
23.43   9.00    0.924    0.317   0.963   0.169

23.44   0.00    0.165    0.165   0.032   0.036   0.002   0.006   0.082   0.006   0.000   0.000   0.000 1461906000
23.44   4.25   45.873
23.44   9.00    0.428    0.535
23.44   9.00    0.962   49.013
23.44   9.00    0.924    0.318   0.962   0.169
23.44   9.00    0.924    0.317   0.962   0.169

23.45   0.00    0.165    0.165   0.032   0.036   0.002   0.006   0.082   0.006   0.000   0.000   0.000 1462529000
23.45   4.25   45.870
23.45   9.00    0.428    0.535
23.45   9.00    0.962   49.010
23.45   9.00    0.924    0.318   0.962   0.169
23.45   9.00    0.924    0.317   0.962   0.169

23.46   0.00    0.165    0.165   0.032   0.036   0.002   0.006   0.082   0.006   0.000   0.000   0.000 1463153000
23.46   4.25   45.866
23.46   9.00    0.428    0.535
23.46   9.00    0.962   49.008
23.46   9.00    0.924    0.318   0.962   0.169
23.46   9.00    0.924    0.317   0.962   0.169

23.47   0.00    0.165    0.165   0.032   0.036   0.002   0.006   0.082   0.006   0.000   0.000   0.000 1463776000
23.47   4.24   45.862
23.47   9.00    0.427    0.535
23.47   9.00    0.962   49.006
23.47   9.00    0.924    0.318   0.962   0.169
23.47   9.00    0.924    0.317   0.962   0.169

23.48   0.00    0.165    0.165   0.032   0.036   0.002   0.006   0.082   0.006   0.000   0.000   0.000 1464400000
23.48   4.24   45.859
23.48   9.00    0.427    0.535
23.48   9.00    0.962   49.004
23.48   9.00    0.924    0.318   0.962   0.169
23.48   9.00    0.924    0.317   0.962   0.169

23.49   0.00    0.165    0.165   0.032   0.036   0.002   0.006   0.082   0.006   0.000   0.000   0.000 1465024000
23.49   4.24   45.855
23.49   9.00    0.427    0.535
23.49   9.00    0.962   49.002
23.49   9.00    0.924    0.318   0.962   0.169
23.49   9.00    0.924    0.317   0.962   0.169

23.50   0.00    0.165    0.165   0.032   0.036   0.002   0.006   0.082   0.006   0.000   0.000   0.000 1465647000
23.50   4.24   45.852
23.50   9.00    0.427    0.535
23.50   9.00    0.962   49.000
23.50   9.00    0.924    0.318   0.962   0.169
23.50   9.00    0.924    0.317   0.962   0.169

23.51   0.00    0.165    0.165   0.032   0.036   0.002   0.006   0.082   0.006   0.000   0.000   0.000 1466271000
23.51   4.24   45.848
23.51   9.00    0.427    0.535
23.51   9.00    0.962   48.997
23.51   9.00    0.924    0.318   0.962   0.169
23.51   9.00    0.924    0.317   0.962   0.169

23.52   0.00    0.165    0.165   0.032   0.036   0.002   0.006   0.082   0.006   0.000   0.000   0.000 1466895000
23.52   4.24   45.845
23.52   9.00    0.427    0.535
23.52   9.00    0.962   48.995
23.52   9.00    0.924    0.318   0.962   0.169
23.52   9.00    0.924    0.317   0.962   0.169

23.53   0.00    0.165    0.165   0.032   0.036   0.002   0.006   0.082   0.006   0.000   0.000   0.000 1467519000
23.53   4.24   45.841
23.53   9.00    0.427    0.535
23.53   9.00    0.962   48.993
23.53   9.00    0.923    0.318   0.962   0.169
23.53   9.00    0.924    0.317   0.962   0.169

23.54   0.00    0.165    0.165   0.032   0.036   0.002   0.006   0.082   0.006   0.000   0.000   0.000 1468142000
23.54   4.24   45.838
23.54   9.00    0.427    0.535
23.54   9.00    0.962   48.991
23.54   9.00    0.923    0.318   0.962   0.169
23.54   9.00    0.923    0.317   0.962   0.169

23.55   0.00    0.165    0.165   0.032   0.036   0.002   0.006   0.082   0.006   0.000   0.000   0.000 1468766000
23.55   4.24   45.834
23.55   9.00    0.427    0.535
23.55   9.00    0.962   48.989
23.55   9.00    0.923    0.318   0.962   0.169
23.55   9.00    0.923    0.317   0.962   0.169

23.56   0.00    0.165    0.165   0.032   0.036   0.002   0.006   0.082   0.006   0.000   0.000   0.000 1469390000
23.56   4.24   45.831
23.56   9.00    0.427    0.535
23.56   9.00    0.962   48.987
23.56   9.00    0.923    0.318   0.962   0.169
23.56   9.00    0.923    0.317   0.962   0.169

23.57   0.00    0.165    0.165   0.032   0.036   0.002   0.006   0.082   0.006   0.000   0.000   0.000 1470013000
23.57   4.24   45.827
23.57   9.00    0.427    0.535
23.57   9.00    0.961   48.984
23.57   9.00    0.923    0.318   0.961   0.169
23.57   9.00    0.923    0.317   0.961   0.169

23.58   0.00    0.165    0.165   0.032   0.036   0.002   0.006   0.082   0.006   0.000   0.000   0.000 1470637000
23.58   4.24   45.824
23.58   9.00    0.427    0.535
23.58   9.00    0.961   48.982
23.58   9.00    0.923    0.318   0.961   0.169
23.58   9.00    0.923    0.317   0.961   0.169

23.59   0.00    0.165    0.165   0.032   0.036   0.002   0.006   0.082   0.006   0.000   0.000   0.000 1471261000
23.59   4.24   45.820
23.59   9.00    0.427    0.535
23.59   9.00    0.961   48.980
23.59   9.00    0.923    0.318   0.961   0.169
23.59   9.00    0.923    0.317   0.961   0.169

23.60   0.00    0.165    0.165   0.032   0.036   0.002   0.006   0.082   0.006   0.000   0.000   0.000 1471884000
23.60   4.24   45.817
23.60   9.00    0.426    0.535
23.60   9.00    0.961   48.978
23.60   9.00    0.923    0.318   0.961   0.169
23.60   9.00    0.923    0.317   0.961   0.169

23.61   0.00    0.165    0.165   0.032   0.036   0.002   0.006   0.082   0.006   0.000   0.000   0.000 1472508000
23.61   4.24   45.813
23.61   9.00    0.426    0.535
23.61   9.00    0.961   48.976
23.61   9.00    0.923    0.318   0.961   0.169
23.61   9.00    0.923    0.317   0.961   0.169

23.62   0.00    0.165    0.165   0.032   0.036   0.002   0.006   0.082   0.006   0.000   0.000   0.000 1473132000
23.62   4.24   45.810
23.62   9.00    0.426    0.535
23.62   9.00    0.961   48.974
23.62   9.00    0.923    0.318   0.961   0.169
23.62   9.00    0.923    0.317   0.961   0.169

23.63   0.00    0.165    0.165   0.032   0.036   0.002   0.006   0.082   0.006   0.000   0.000   0.000 1473755000
23.63   4.24   45.806
23.63   9.00    0.426    0.535
23.63   9.00    0.961   48.971
23.63   9.00    0.923    0.318   0.961   0.169
23.63   9.00    0.923    0.317   0.961   0.169

23.64   0.00    0.165    0.165   0.032   0.036   0.002   0.006   0.082   0.006   0.000   0.000   0.000 1474379000
23.64   4.24   45.803
23.64   9.00    0.426    0.535
23.64   9.00    0.961   48.969
23.64   9.00    0.923    0.318   0.961   0.169
23.64   9.00    0.923    0.317   0.961   0.169

23.65   0.00    0.165    0.165   0.032   0.036   0.002   0.006   0.082   0.006   0.000   0.000   0.000 1475003000
23.65   4.24   45.799
23.65   9.00    0.426    0.535
23.65   9.00    0.961   48.967
23.65   9.00    0.923    0.317   0.961   0.169
23.65   9.00    0.923    0.317   0.961   0.169

23.66   0.00    0.165    0.165   0.032   0.036   0.002   0.006   0.082   0.006   0.000   0.000   0.000 1475626000
23.66   4.24   45.796
23.66   9.00    0.426    0.535
23.66   9.00    0.961   48.965
23.66   9.00    0.922    0.317   0.961   0.169
23.66   9.00    0.923    0.317   0.961   0.169

23.67   0.00    0.165    0.165   0.032   0.036   0.002   0.006   0.082   0.006   0.000   0.000   0.000 1476250000
23.67   4.23   45.792
23.67   9.00    0.426    0.535
23.67   9.00    0.961   48.963
23.67   9.00    0.922    0.317   0.961   0.169
23.67   9.00    0.922    0.317   0.961   0.169

23.68   0.00    0.165    0.165   0.032   0.036   0.002   0.006   0.082   0.006   0.000   0.000   0.000 1476874000
23.68   4.23   45.789
23.68   9.00    0.426    0.535
23.68   9.00    0.961   48.961
23.68   9.00    0.922    0.317   0.961   0.169
23.68   9.00    0.922    0.317   0.961   0.169

23.69   0.00    0.165    0.165   0.032   0.036   0.002   0.006   0.082   0.006   0.000   0.000   0.000 1477497000
23.69   4.23   45.785
23.69   9.00    0.426    0.535
23.69   9.00    0.961   48.958
23.69   9.00    0.922    0.317   0.961   0.169
23.69   9.00    0.922    0.317   0.961   0.169

23.70   0.00    0.165    0.165   0.032   0.036   0.002   0.006   0.082   0.006   0.000   0.000   0.000 1478121000
23.70   4.23   45.782
23.70   9.00    0.426    0.535
23.70   9.00    0.960   48.956
23.70   9.00    0.922    0.317   0.960   0.169
23.70   9.00    0.922    0.317   0.960   0.169

23.71   0.00    0.165    0.165   0.032   0.036   0.002   0.006   0.082   0.006   0.000   0.000   0.000 1478745000
23.71   4.23   45.779
23.71   9.00    0.426    0.535
23.71   9.00    0.960   48.954
23.71   9.00    0.922    0.317   0.960   0.169
23.71   9.00    0.922    0.317   0.960   0.169

23.72   0.00    0.165    0.165   0.032   0.036   0.002   0.006   0.082   0.006   0.000   0.000   0.000 1479368000
23.72   4.23   45.775
23.72   9.00    0.426    0.535
23.72   9.00    0.960   48.952
23.72   9.00    0.922    0.317   0.960   0.169
23.72   9.00    0.922    0.317   0.960   0.169

23.73   0.00    0.165    0.165   0.032   0.036   0.002   0.006   0.082   0.006   0.000   0.000   0.000 1479992000
23.73   4.23   45.772
23.73   9.00    0.425    0.535
23.73   9.00    0.960   48.950
23.73   9.00    0.922    0.317   0.960   0.169
23.73   9.00    0.922    0.317   0.960   0.169

23.74   0.00    0.165    0.165   0.032   0.036   0.002   0.006   0.082   0.006   0.000   0.000   0.000 1480616000
23.74   4.23   45.768
23.74   9.00    0.425    0.535
23.74   9.00    0.960   48.948
23.74   9.00    0.922    0.317   0.960   0.169
23.74   9.00    0.922    0.317   0.960   0.169

23.75   0.00    0.165    0.165   0.032   0.036   0.002   0.006   0.082   0.006   0.000   0.000   0.000 1481240000
23.75   4.23   45.765
23.75   9.00    0.425    0.535
23.75   9.00    0.960   48.946
23.75   9.00    0.922    0.317   0.960   0.169
23.75   9.00    0.922    0.317   0.960   0.169

23.76   0.00    0.165    0.165   0.032   0.036   0.002   0.006   0.082   0.006   0.000   0.000   0.000 1481863000
23.76   4.23   45.761
23.76   9.00    0.425    0.535
23.76   9.00    0.960   48.943
23.76   9.00    0.922    0.317   0.960   0.169
23.76   9.00    0.922    0.317   0.960   0.169

23.77   0.00    0.165    0.165   0.032   0.036   0.002   0.006   0.082   0.006   0.000   0.000   0.000 1482487000
23.77   4.23   45.758
23.77   9.00    0.425    0.535
23.77   9.00    0.960   48.941
23.77   9.00    0.922    0.317   0.960   0.169
23.77   9.00    0.922    0.317   0.960   0.169

23.78   0.00    0.165    0.165   0.032   0.036   0.002   0.006   0.082   0.006   0.000   0.000   0.000 1483111000
23.78   4.23   45.754
23.78   9.00    0.425    0.535
23.78   9.00    0.960   48.939
23.78   9.00    0.922    0.317   0.960   0.169
23.78   9.00    0.922    0.317   0.960   0.169

23.79   0.00    0.165    0.165   0.032   0.036   0.002   0.006   0.082   0.006   0.000   0.000   0.000 1483734000
23.79   4.23   45.751
23.79   9.00    0.425    0.535
23.79   9.00    0.960   48.937
23.79   9.00    0.921    0.317   0.960   0.169
23.79   9.00    0.922    0.317   0.960   0.169

23.80   0.00    0.165    0.165   0.032   0.036   0.002   0.006   0.082   0.006   0.000   0.000   0.000 1484358000
23.80   4.23   45.747
23.80   9.00    0.425    0.535
23.80   9.00    0.960   48.935
23.80   9.00    0.921    0.317   0.960   0.169
23.80   9.00    0.921    0.317   0.960   0.169

23.81   0.00    0.165    0.165   0.032   0.036   0.002   0.006   0.082   0.006   0.000   0.000   0.000 1484982000
23.81   4.23   45.744
23.81   9.00    0.425    0.535
23.81   9.00    0.960   48.933
23.81   9.00    0.921    0.317   0.960   0.169
23.81   9.00    0.921    0.317   0.960   0.169

23.82   0.00    0.165    0.165   0.032   0.036   0.002   0.006   0.082   0.006   0.000   0.000   0.000 1485605000
23.82   4.23   45.741
23.82   9.00    0.425    0.535
23.82   9.00    0.960   48.931
23.82   9.00    0.921    0.317   0.960   0.169
23.82   9.00    0.921    0.317   0.960   0.169

23.83   0.00    0.165    0.165   0.032   0.036   0.002   0.006   0.082   0.006   0.000   0.000   0.000 1486229000
23.83   4.23   45.737
23.83   9.00    0.425    0.535
23.83   9.00    0.959   48.928
23.83   9.00    0.921    0.317   0.959   0.169
23.83   9.00    0.921    0.317   0.959   0.169

23.84   0.00    0.165    0.165   0.032   0.036   0.002   0.006   0.082   0.006   0.000   0.000   0.000 1486853000
23.84   4.23   45.734
23.84   9.00    0.425    0.535
23.84   9.00    0.959   48.926
23.84   9.00    0.921    0.317   0.959   0.169
23.84   9.00    0.921    0.317   0.959   0.169

23.85   0.00    0.165    0.165   0.032   0.036   0.002   0.006   0.082   0.006   0.000   0.000   0.000 1487476000
23.85   4.23   45.730
23.85   9.00    0.425    0.535
23.85   9.00    0.959   48.924
23.85   9.00    0.921    0.317   0.959   0.169
23.85   9.00    0.921    0.317   0.959   0.169

23.86   0.00    0.165    0.165   0.032   0.036   0.002   0.006   0.082   0.006   0.000   0.000   0.000 1488100000
23.86   4.23   45.727
23.86   9.00    0.424    0.535
23.86   9.00    0.959   48.922
23.86   9.00    0.921    0.317   0.959   0.169
23.86   9.00    0.921    0.317   0.959   0.169

23.87   0.00    0.165    0.165   0.032   0.036   0.002   0.006   0.082   0.006   0.000   0.000   0.000 1488724000
23.87   4.22   45.723
23.87   9.00    0.424    0.535
23.87   9.00    0.959   48.920
23.87   9.00    0.921    0.317   0.959   0.169
23.87   9.00    0.921    0.317   0.959   0.169

23.88   0.00    0.165    0.165   0.032   0.036   0.002   0.006   0.082   0.006   0.000   0.000   0.000 1489347000
23.88   4.22   45.720
23.88   9.00    0.424    0.535
23.88   9.00    0.959   48.918
23.88   9.00    0.921    0.317   0.959   0.169
23.88   9.00    0.921    0.317   0.959   0.169

23.89   0.00    0.165    0.165   0.032   0.036   0.002   0.006   0.082   0.006   0.000   0.000   0.000 1489971000
23.89   4.22   45.716
23.89   9.00    0.424    0.535
23.89   9.00    0.959   48.916
23.89   9.00    0.921    0.317   0.959   0.169
23.89   9.00    0.921    0.317   0.959   0.169

23.90   0.00    0.165    0.165   0.032   0.036   0.002   0.006   0.082   0.006   0.000   0.000   0.000 1490595000
23.90   4.22   45.713
23.90   9.00    0.424    0.535
23.90   9.00    0.959   48.914
23.90   9.00    0.921    0.317   0.959   0.169
23.90   9.00    0.921    0.317   0.959   0.169

23.91   0.00    0.165    0.165   0.032   0.036   0.002   0.006   0.082   0.006   0.000   0.000   0.000 1491218000
23.91   4.22   45.710
23.91   9.00    0.424    0.535
23.91   9.00    0.959   48.911
23.91   9.00    0.921    0.317   0.959   0.169
23.91   9.00    0.921    0.317   0.959   0.169

23.92   0.00    0.165    0.165   0.032   0.036   0.002   0.006   0.082   0.006   0.000   0.000   0.000 1491842000
23.92   4.22   45.706
23.92   9.00    0.424    0.535
23.92   9.00    0.959   48.909
23.92   9.00    0.920    0.317   0.959   0.169
23.92   9.00    0.921    0.317   0.959   0.169

23.93   0.00    0.165    0.165   0.032   0.036   0.002   0.006   0.082   0.006   0.000   0.000   0.000 1492466000
23.93   4.22   45.703
23.93   9.00    0.424    0.535
23.93   9.00    0.959   48.907
23.93   9.00    0.920    0.317   0.959   0.169
23.93   9.00    0.921    0.317   0.959   0.169

23.94   0.00    0.165    0.165   0.032   0.036   0.002   0.006   0.082   0.006   0.000   0.000   0.000 1493090000
23.94   4.22   45.699
23.94   9.00    0.424    0.535
23.94   9.00    0.959   48.905
23.94   9.00    0.920    0.317   0.959   0.169
23.94   9.00    0.920    0.317   0.959   0.169

23.95   0.00    0.165    0.165   0.032   0.036   0.002   0.006   0.082   0.006   0.000   0.000   0.000 1493713000
23.95   4.22   45.696
23.95   9.00    0.424    0.535
23.95   9.00    0.959   48.903
23.95   9.00    0.920    0.317   0.959   0.169
23.95   9.00    0.920    0.317   0.959   0.169

23.96   0.00    0.165    0.165   0.032   0.036   0.002   0.006   0.082   0.006   0.000   0.000   0.000 1494337000
23.96   4.22   45.692
23.96   9.00    0.424    0.535
23.96   9.00    0.958   48.901
23.96   9.00    0.920    0.317   0.958   0.169
23.96   9.00    0.920    0.317   0.958   0.169

23.97   0.00    0.165    0.165   0.032   0.036   0.002   0.006   0.082   0.006   0.000   0.000   0.000 1494960000
23.97   4.22   45.689
23.97   9.00    0.424    0.535
23.97   9.00    0.958   48.899
23.97   9.00    0.920    0.317   0.958   0.169
23.97   9.00    0.920    0.317   0.958   0.169

23.98   0.00    0.165    0.165   0.032   0.036   0.002   0.006   0.082   0.006   0.000   0.000   0.000 1495584000
23.98   4.22   45.686
23.98   9.00    0.424    0.535
23.98   9.00    0.958   48.897
23.98   9.00    0.920    0.317   0.958   0.169
23.98   9.00    0.920    0.316   0.958   0.169

23.99   0.00    0.165    0.165   0.032   0.036   0.002   0.006   0.082   0.006   0.000   0.000   0.000 1496208000
23.99   4.22   45.682
23.99   9.00    0.423    0.535
23.99   9.00    0.958   48.895
23.99   9.00    0.920    0.317   0.958   0.169
23.99   9.00    0.920    0.316   0.958   0.169

24.00   0.00    0.165    0.165   0.032   0.036   0.002   0.006   0.082   0.006   0.000   0.000   0.000 1496831000
24.00   4.22   45.679
24.00   9.00    0.423    0.535
24.00   9.00    0.958   48.892
24.00   9.00    0.920    0.317   0.958   0.169
24.00   9.00    0.920    0.316   0.958   0.169

24.01   0.00    0.165    0.165   0.032   0.036   0.002   0.006   0.082   0.006   0.000   0.000   0.000 1497455000
24.01   4.22   45.675
24.01   9.00    0.423    0.535
24.01   9.00    0.958   48.890
24.01   9.00    0.920    0.317   0.958   0.169
24.01   9.00    0.920    0.316   0.958   0.169

24.02   0.00    0.165    0.165   0.032   0.036   0.002   0.006   0.082   0.006   0.000   0.000   0.000 1498079000
24.02   4.22   45.672
24.02   9.00    0.423    0.535
24.02   9.00    0.958   48.888
24.02   9.00    0.920    0.317   0.958   0.169
24.02   9.00    0.920    0.316   0.958   0.169

24.03   0.00    0.165    0.165   0.032   0.036   0.002   0.006   0.082   0.006   0.000   0.000   0.000 1498703000
24.03   4.22   45.669
24.03   9.00    0.423    0.535
24.03   9.00    0.958   48.886
24.03   9.00    0.920    0.317   0.958   0.169
24.03   9.00    0.920    0.316   0.958   0.169

24.04   0.00    0.165    0.165   0.032   0.036   0.002   0.006   0.082   0.006   0.000   0.000   0.000 1499326000
24.04   4.22   45.665
24.04   9.00    0.423    0.535
24.04   9.00    0.958   48.884
24.04   9.00    0.920    0.317   0.958   0.169
24.04   9.00    0.920    0.316   0.958   0.169

24.05   0.00    0.165    0.165   0.032   0.036   0.002   0.006   0.082   0.006   0.000   0.000   0.000 1499950000
24.05   4.22   45.662
24.05   9.00    0.423    0.535
24.05   9.00    0.958   48.882
24.05   9.00    0.920    0.317   0.958   0.169
24.05   9.00    0.920    0.316   0.958   0.169

24.06   0.00    0.165    0.165   0.032   0.036   0.002   0.006   0.082   0.006   0.000   0.000   0.000 1500574000
24.06   4.22   45.658
24.06   9.00    0.423    0.535
24.06   9.00    0.958   48.880
24.06   9.00    0.919    0.317   0.958   0.169
24.06   9.00    0.920    0.316   0.958   0.169

24.07   0.00    0.165    0.165   0.032   0.036   0.002   0.006   0.082   0.006   0.000   0.000   0.000 1501197000
24.07   4.22   45.655
24.07   9.00    0.423    0.535
24.07   9.00    0.958   48.878
24.07   9.00    0.919    0.317   0.958   0.169
24.07   9.00    0.919    0.316   0.958   0.169

24.08   0.00    0.165    0.165   0.032   0.036   0.002   0.006   0.082   0.006   0.000   0.000   0.000 1501821000
24.08   4.21   45.652
24.08   9.00    0.423    0.535
24.08   9.00    0.958   48.876
24.08   9.00    0.919    0.317   0.958   0.169
24.08   9.00    0.919    0.316   0.958   0.169

24.09   0.00    0.165    0.165   0.032   0.036   0.002   0.006   0.082   0.006   0.000   0.000   0.000 1502445000
24.09   4.21   45.648
24.09   9.00    0.423    0.535
24.09   9.00    0.957   48.874
24.09   9.00    0.919    0.317   0.957   0.169
24.09   9.00    0.919    0.316   0.957   0.169

24.10   0.00    0.165    0.165   0.032   0.036   0.002   0.006   0.082   0.006   0.000   0.000   0.000 1503068000
24.10   4.21   45.645
24.10   9.00    0.423    0.535
24.10   9.00    0.957   48.872
24.10   9.00    0.919    0.317   0.957   0.169
24.10   9.00    0.919    0.316   0.957   0.169

24.11   0.00    0.165    0.165   0.032   0.036   0.002   0.006   0.082   0.006   0.000   0.000   0.000 1503692000
24.11   4.21   45.642
24.11   9.00    0.423    0.535
24.11   9.00    0.957   48.869
24.11   9.00    0.919    0.317   0.957   0.169
24.11   9.00    0.919    0.316   0.957   0.169

24.12   0.00    0.165    0.165   0.032   0.036   0.002   0.006   0.082   0.006   0.000   0.000   0.000 1504316000
24.12   4.21   45.638
24.12   9.00    0.423    0.535
24.12   9.00    0.957   48.867
24.12   9.00    0.919    0.317   0.957   0.169
24.12   9.00    0.919    0.316   0.957   0.169

24.13   0.00    0.165    0.165   0.032   0.036   0.002   0.006   0.082   0.006   0.000   0.000   0.000 1504939000
24.13   4.21   45.635
24.13   9.00    0.422    0.535
24.13   9.00    0.957   48.865
24.13   9.00    0.919    0.317   0.957   0.169
24.13   9.00    0.919    0.316   0.957   0.169

24.14   0.00    0.165    0.165   0.032   0.036   0.002   0.006   0.082   0.006   0.000   0.000   0.000 1505563000
24.14   4.21   45.631
24.14   9.00    0.422    0.535
24.14   9.00    0.957   48.863
24.14   9.00    0.919    0.317   0.957   0.169
24.14   9.00    0.919    0.316   0.957   0.169

24.15   0.00    0.165    0.164   0.032   0.036   0.002   0.006   0.082   0.006   0.000   0.000   0.000 1506187000
24.15   4.21   45.628
24.15   9.00    0.422    0.535
24.15   9.00    0.957   48.861
24.15   9.00    0.919    0.317   0.957   0.169
24.15   9.00    0.919    0.316   0.957   0.169

24.16   0.00    0.165    0.164   0.032   0.036   0.002   0.006   0.082   0.006   0.000   0.000   0.000 1506810000
24.16   4.21   45.625
24.16   9.00    0.422    0.535
24.16   9.00    0.957   48.859
24.16   9.00    0.919    0.317   0.957   0.169
24.16   9.00    0.919    0.316   0.957   0.169

24.17   0.00    0.165    0.164   0.032   0.036   0.002   0.006   0.082   0.006   0.000   0.000   0.000 1507434000
24.17   4.21   45.621
24.17   9.00    0.422    0.535
24.17   9.00    0.957   48.857
24.17   9.00    0.919    0.317   0.957   0.169
24.17   9.00    0.919    0.316   0.957   0.169

24.18   0.00    0.165    0.164   0.032   0.036   0.002   0.006   0.082   0.006   0.000   0.000   0.000 1508058000
24.18   4.21   45.618
24.18   9.00    0.422    0.535
24.18   9.00    0.957   48.855
24.18   9.00    0.919    0.317   0.957   0.169
24.18   9.00    0.919    0.316   0.957   0.169

24.19   0.00    0.165    0.164   0.032   0.036   0.002   0.006   0.082   0.006   0.000   0.000   0.000 1508681000
24.19   4.21   45.615
24.19   9.00    0.422    0.535
24.19   9.00    0.957   48.853
24.19   9.00    0.919    0.317   0.957   0.169
24.19   9.00    0.919    0.316   0.957   0.169

24.20   0.00    0.165    0.164   0.032   0.036   0.002   0.006   0.082   0.006   0.000   0.000   0.000 1509305000
24.20   4.21   45.611
24.20   9.00    0.422    0.535
24.20   9.00    0.957   48.851
24.20   9.00    0.918    0.317   0.957   0.169
24.20   9.00    0.919    0.316   0.957   0.169

24.21   0.00    0.165    0.164   0.032   0.036   0.002   0.006   0.082   0.006   0.000   0.000   0.000 1509929000
24.21   4.21   45.608
24.21   9.00    0.422    0.535
24.21   9.00    0.957   48.849
24.21   9.00    0.918    0.317   0.957   0.169
24.21   9.00    0.918    0.316   0.957   0.169

24.22   0.00    0.165    0.164   0.032   0.036   0.002   0.006   0.082   0.006   0.000   0.000   0.000 1510552000
24.22   4.21   45.604
24.22   9.00    0.422    0.535
24.22   9.00    0.957   48.847
24.22   9.00    0.918    0.317   0.957   0.169
24.22   9.00    0.918    0.316   0.957   0.169

24.23   0.00    0.165    0.164   0.032   0.036   0.002   0.006   0.082   0.006   0.000   0.000   0.000 1511176000
24.23   4.21   45.601
24.23   9.00    0.422    0.535
24.23   9.00    0.956   48.845
24.23   9.00    0.918    0.317   0.956   0.169
24.23   9.00    0.918    0.316   0.956   0.169

24.24   0.00    0.165    0.164   0.032   0.036   0.002   0.006   0.082   0.006   0.000   0.000   0.000 1511800000
24.24   4.21   45.598
24.24   9.00    0.422    0.535
24.24   9.00    0.956   48.842
24.24   9.00    0.918    0.317   0.956   0.169
24.24   9.00    0.918    0.316   0.956   0.169

24.25   0.00    0.165    0.164   0.032   0.036   0.002   0.006   0.082   0.006   0.000   0.000   0.000 1512424000
24.25   4.21   45.594
24.25   9.00    0.422    0.535
24.25   9.00    0.956   48.840
24.25   9.00    0.918    0.317   0.956   0.169
24.25   9.00    0.918    0.316   0.956   0.169

24.26   0.00    0.165    0.164   0.032   0.036   0.002   0.006   0.082   0.006   0.000   0.000   0.000 1513047000
24.26   4.21   45.591
24.26   9.00    0.421    0.535
24.26   9.00    0.956   48.838
24.26   9.00    0.918    0.317   0.956   0.169
24.26   9.00    0.918    0.316   0.956   0.169

24.27   0.00    0.165    0.164   0.032   0.036   0.002   0.006   0.082   0.006   0.000   0.000   0.000 1513671000
24.27   4.21   45.588
24.27   9.00    0.421    0.535
24.27   9.00    0.956   48.836
24.27   9.00    0.918    0.317   0.956   0.169
24.27   9.00    0.918    0.316   0.956   0.169

24.28   0.00    0.165    0.164   0.032   0.036   0.002   0.006   0.082   0.006   0.000   0.000   0.000 1514295000
24.28   4.21   45.584
24.28   9.00    0.421    0.535
24.28   9.00    0.956   48.834
24.28   9.00    0.918    0.317   0.956   0.169
24.28   9.00    0.918    0.316   0.956   0.169

24.29   0.00    0.165    0.164   0.032   0.036   0.002   0.006   0.082   0.006   0.000   0.000   0.000 1514918000
24.29   4.20   45.581
24.29   9.00    0.421    0.535
24.29   9.00    0.956   48.832
24.29   9.00    0.918    0.317   0.956   0.169
24.29   9.00    0.918    0.316   0.956   0.169

24.30   0.00    0.165    0.164   0.032   0.036   0.002   0.006   0.082   0.006   0.000   0.000   0.000 1515542000
24.30   4.20   45.578
24.30   9.00    0.421    0.535
24.30   9.00    0.956   48.830
24.30   9.00    0.918    0.317   0.956   0.169
24.30   9.00    0.918    0.316   0.956   0.169

24.31   0.00    0.165    0.164   0.032   0.036   0.002   0.006   0.082   0.006   0.000   0.000   0.000 1516166000
24.31   4.20   45.574
24.31   9.00    0.421    0.535
24.31   9.00    0.956   48.828
24.31   9.00    0.918    0.317   0.956   0.169
24.31   9.00    0.918    0.316   0.956   0.169

24.32   0.00    0.165    0.164   0.032   0.036   0.002   0.006   0.082   0.006   0.000   0.000   0.000 1516789000
24.32   4.20   45.571
24.32   9.00    0.421    0.535
24.32   9.00    0.956   48.826
24.32   9.00    0.918    0.317   0.956   0.169
24.32   9.00    0.918    0.316   0.956   0.169

24.33   0.00    0.165    0.164   0.032   0.036   0.002   0.006   0.082   0.006   0.000   0.000   0.000 1517413000
24.33   4.20   45.568
24.33   9.00    0.421    0.535
24.33   9.00    0.956   48.824
24.33   9.00    0.917    0.317   0.956   0.169
24.33   9.00    0.918    0.316   0.956   0.169

24.34   0.00    0.165    0.164   0.032   0.036   0.002   0.006   0.082   0.006   0.000   0.000   0.000 1518037000
24.34   4.20   45.564
24.34   9.00    0.421    0.535
24.34   9.00    0.956   48.822
24.34   9.00    0.917    0.317   0.956   0.169
24.34   9.00    0.918    0.316   0.956   0.169

24.35   0.00    0.165    0.164   0.032   0.036   0.002   0.006   0.082   0.006   0.000   0.000   0.000 1518660000
24.35   4.20   45.561
24.35   9.00    0.421    0.535
24.35   9.00    0.956   48.820
24.35   9.00    0.917    0.317   0.956   0.169
24.35   9.00    0.917    0.316   0.956   0.169

24.36   0.00    0.165    0.164   0.032   0.036   0.002   0.006   0.082   0.006   0.000   0.000   0.000 1519284000
24.36   4.20   45.558
24.36   9.00    0.421    0.535
24.36   9.00    0.956   48.818
24.36   9.00    0.917    0.317   0.956   0.169
24.36   9.00    0.917    0.316   0.956   0.169

24.37   0.00    0.165    0.164   0.032   0.036   0.002   0.006   0.082   0.006   0.000   0.000   0.000 1519908000
24.37   4.20   45.554
24.37   9.00    0.421    0.535
24.37   9.00    0.955   48.816
24.37   9.00    0.917    0.317   0.955   0.169
24.37   9.00    0.917    0.316   0.955   0.169

24.38   0.00    0.165    0.164   0.032   0.036   0.002   0.006   0.082   0.006   0.000   0.000   0.000 1520531000
24.38   4.20   45.551
24.38   9.00    0.421    0.535
24.38   9.00    0.955   48.814
24.38   9.00    0.917    0.317   0.955   0.169
24.38   9.00    0.917    0.316   0.955   0.169

24.39   0.00    0.165    0.164   0.032   0.036   0.002   0.006   0.082   0.006   0.000   0.000   0.000 1521155000
24.39   4.20   45.548
24.39   9.00    0.421    0.535
24.39   9.00    0.955   48.812
24.39   9.00    0.917    0.316   0.955   0.169
24.39   9.00    0.917    0.316   0.955   0.169

24.40   0.00    0.165    0.164   0.032   0.036   0.002   0.006   0.082   0.006   0.000   0.000   0.000 1521779000
24.40   4.20   45.544
24.40   9.00    0.420    0.535
24.40   9.00    0.955   48.810
24.40   9.00    0.917    0.316   0.955   0.169
24.40   9.00    0.917    0.316   0.955   0.169

24.41   0.00    0.165    0.164   0.032   0.036   0.002   0.006   0.082   0.006   0.000   0.000   0.000 1522402000
24.41   4.20   45.541
24.41   9.00    0.420    0.535
24.41   9.00    0.955   48.807
24.41   9.00    0.917    0.316   0.955   0.169
24.41   9.00    0.917    0.316   0.955   0.169

24.42   0.00    0.165    0.164   0.032   0.036   0.002   0.006   0.082   0.006   0.000   0.000   0.000 1523026000
24.42   4.20   45.538
24.42   9.00    0.420    0.535
24.42   9.00    0.955   48.805
24.42   9.00    0.917    0.316   0.955   0.169
24.42   9.00    0.917    0.316   0.955   0.169

24.43   0.00    0.165    0.164   0.032   0.036   0.002   0.006   0.082   0.006   0.000   0.000   0.000 1523650000
24.43   4.20   45.534
24.43   9.00    0.420    0.535
24.43   9.00    0.955   48.803
24.43   9.00    0.917    0.316   0.955   0.169
24.43   9.00    0.917    0.316   0.955   0.169

24.44   0.00    0.165    0.164   0.032   0.036   0.002   0.006   0.082   0.006   0.000   0.000   0.000 1524273000
24.44   4.20   45.531
24.44   9.00    0.420    0.535
24.44   9.00    0.955   48.801
24.44   9.00    0.917    0.316   0.955   0.169
24.44   9.00    0.917    0.316   0.955   0.169

24.45   0.00    0.165    0.164   0.032   0.036   0.002   0.006   0.082   0.006   0.000   0.000   0.000 1524897000
24.45   4.20   45.528
24.45   9.00    0.420    0.535
24.45   9.00    0.955   48.799
24.45   9.00    0.917    0.316   0.955   0.169
24.45   9.00    0.917    0.316   0.955   0.169

24.46   0.00    0.165    0.164   0.032   0.036   0.002   0.006   0.082   0.006   0.000   0.000   0.000 1525521000
24.46   4.20   45.524
24.46   9.00    0.420    0.535
24.46   9.00    0.955   48.797
24.46   9.00    0.917    0.316   0.955   0.169
24.46   9.00    0.917    0.316   0.955   0.169

24.47   0.00    0.165    0.164   0.032   0.036   0.002   0.006   0.082   0.006   0.000   0.000   0.000 1526144000
24.47   4.20   45.521
24.47   9.00    0.420    0.535
24.47   9.00    0.955   48.795
24.47   9.00    0.916    0.316   0.955   0.169
24.47   9.00    0.917    0.316   0.955   0.169

24.48   0.00    0.165    0.164   0.032   0.036   0.002   0.006   0.082   0.006   0.000   0.000   0.000 1526768000
24.48   4.20   45.518
24.48   9.00    0.420    0.535
24.48   9.00    0.955   48.793
24.48   9.00    0.916    0.316   0.955   0.169
24.48   9.00    0.917    0.316   0.955   0.169

24.49   0.00    0.165    0.164   0.032   0.036   0.002   0.006   0.082   0.006   0.000   0.000   0.000 1527392000
24.49   4.20   45.515
24.49   9.00    0.420    0.535
24.49   9.00    0.955   48.791
24.49   9.00    0.916    0.316   0.955   0.169
24.49   9.00    0.916    0.316   0.955   0.169

24.50   0.00    0.165    0.164   0.032   0.036   0.002   0.006   0.082   0.006   0.000   0.000   0.000 1528015000
24.50   4.20   45.511
24.50   9.00    0.420    0.535
24.50   9.00    0.954   48.789
24.50   9.00    0.916    0.316   0.954   0.169
24.50   9.00    0.916    0.316   0.954   0.169

24.51   0.00    0.165    0.164   0.032   0.036   0.002   0.006   0.082   0.006   0.000   0.000   0.000 1528639000
24.51   4.19   45.508
24.51   9.00    0.420    0.535
24.51   9.00    0.954   48.787
24.51   9.00    0.916    0.316   0.954   0.169
24.51   9.00    0.916    0.316   0.954   0.169

24.52   0.00    0.165    0.164   0.032   0.036   0.002   0.006   0.082   0.006   0.000   0.000   0.000 1529263000
24.52   4.19   45.505
24.52   9.00    0.420    0.535
24.52   9.00    0.954   48.785
24.52   9.00    0.916    0.316   0.954   0.169
24.52   9.00    0.916    0.316   0.954   0.169

24.53   0.00    0.165    0.164   0.032   0.036   0.002   0.006   0.082   0.006   0.000   0.000   0.000 1529887000
24.53   4.19   45.501
24.53   9.00    0.420    0.535
24.53   9.00    0.954   48.783
24.53   9.00    0.916    0.316   0.954   0.169
24.53   9.00    0.916    0.316   0.954   0.169

24.54   0.00    0.165    0.164   0.032   0.036   0.002   0.006   0.082   0.006   0.000   0.000   0.000 1530510000
24.54   4.19   45.498
24.54   9.00    0.419    0.535
24.54   9.00    0.954   48.781
24.54   9.00    0.916    0.316   0.954   0.169
24.54   9.00    0.916    0.316   0.954   0.169

24.55   0.00    0.165    0.164   0.032   0.036   0.002   0.006   0.082   0.006   0.000   0.000   0.000 1531134000
24.55   4.19   45.495
24.55   9.00    0.419    0.535
24.55   9.00    0.954   48.779
24.55   9.00    0.916    0.316   0.954   0.169
24.55   9.00    0.916    0.316   0.954   0.169

24.56   0.00    0.165    0.164   0.032   0.036   0.002   0.006   0.082   0.006   0.000   0.000   0.000 1531758000
24.56   4.19   45.492
24.56   9.00    0.419    0.535
24.56   9.00    0.954   48.777
24.56   9.00    0.916    0.316   0.954   0.169
24.56   9.00    0.916    0.316   0.954   0.169

24.57   0.00    0.165    0.164   0.032   0.036   0.002   0.006   0.082   0.006   0.000   0.000   0.000 1532381000
24.57   4.19   45.488
24.57   9.00    0.419    0.535
24.57   9.00    0.954   48.775
24.57   9.00    0.916    0.316   0.954   0.169
24.57   9.00    0.916    0.316   0.954   0.169

24.58   0.00    0.165    0.164   0.032   0.036   0.002   0.006   0.082   0.006   0.000   0.000   0.000 1533005000
24.58   4.19   45.485
24.58   9.00    0.419    0.535
24.58   9.00    0.954   48.773
24.58   9.00    0.916    0.316   0.954   0.169
24.58   9.00    0.916    0.316   0.954   0.169

24.59   0.00    0.165    0.164   0.032   0.036   0.002   0.006   0.082   0.006   0.000   0.000   0.000 1533629000
24.59   4.19   45.482
24.59   9.00    0.419    0.535
24.59   9.00    0.954   48.771
24.59   9.00    0.916    0.316   0.954   0.169
24.59   9.00    0.916    0.316   0.954   0.169

24.60   0.00    0.165    0.164   0.032   0.036   0.002   0.006   0.082   0.006   0.000   0.000   0.000 1534252000
24.60   4.19   45.478
24.60   9.00    0.419    0.535
24.60   9.00    0.954   48.769
24.60   9.00    0.916    0.316   0.954   0.169
24.60   9.00    0.916    0.316   0.954   0.169

24.61   0.00    0.165    0.164   0.032   0.036   0.002   0.006   0.082   0.006   0.000   0.000   0.000 1534876000
24.61   4.19   45.475
24.61   9.00    0.419    0.535
24.61   9.00    0.954   48.767
24.61   9.00    0.916    0.316   0.954   0.169
24.61   9.00    0.916    0.316   0.954   0.169

24.62   0.00    0.165    0.164   0.032   0.036   0.002   0.006   0.082   0.006   0.000   0.000   0.000 1535500000
24.62   4.19   45.472
24.62   9.00    0.419    0.535
24.62   9.00    0.954   48.765
24.62   9.00    0.915    0.316   0.954   0.169
24.62   9.00    0.916    0.316   0.954   0.169

24.63   0.00    0.165    0.164   0.032   0.036   0.002   0.006   0.082   0.006   0.000   0.000   0.000 1536123000
24.63   4.19   45.469
24.63   9.00    0.419    0.535
24.63   9.00    0.954   48.763
24.63   9.00    0.915    0.316   0.954   0.169
24.63   9.00    0.915    0.316   0.954   0.169

24.64   0.00    0.165    0.164   0.032   0.036   0.002   0.006   0.082   0.006   0.000   0.000   0.000 1536747000
24.64   4.19   45.465
24.64   9.00    0.419    0.535
24.64   9.00    0.953   48.761
24.64   9.00    0.915    0.316   0.953   0.169
24.64   9.00    0.915    0.316   0.953   0.169

24.65   0.00    0.165    0.164   0.032   0.036   0.002   0.006   0.082   0.006   0.000   0.000   0.000 1537371000
24.65   4.19   45.462
24.65   9.00    0.419    0.535
24.65   9.00    0.953   48.759
24.65   9.00    0.915    0.316   0.953   0.169
24.65   9.00    0.915    0.316   0.953   0.169

24.66   0.00    0.165    0.164   0.032   0.036   0.002   0.006   0.082   0.006   0.000   0.000   0.000 1537994000
24.66   4.19   45.459
24.66   9.00    0.419    0.535
24.66   9.00    0.953   48.757
24.66   9.00    0.915    0.316   0.953   0.169
24.66   9.00    0.915    0.316   0.953   0.169

24.67   0.00    0.165    0.164   0.032   0.036   0.002   0.006   0.082   0.006   0.000   0.000   0.000 1538618000
24.67   4.19   45.456
24.67   9.00    0.419    0.535
24.67   9.00    0.953   48.755
24.67   9.00    0.915    0.316   0.953   0.169
24.67   9.00    0.915    0.316   0.953   0.169

24.68   0.00    0.165    0.164   0.032   0.036   0.002   0.006   0.082   0.006   0.000   0.000   0.000 1539242000
24.68   4.19   45.452
24.68   9.00    0.418    0.535
24.68   9.00    0.953   48.753
24.68   9.00    0.915    0.316   0.953   0.169
24.68   9.00    0.915    0.316   0.953   0.169

24.69   0.00    0.165    0.164   0.032   0.036   0.002   0.006   0.082   0.006   0.000   0.000   0.000 1539865000
24.69   4.19   45.449
24.69   9.00    0.418    0.535
24.69   9.00    0.953   48.751
24.69   9.00    0.915    0.316   0.953   0.169
24.69   9.00    0.915    0.316   0.953   0.169

24.70   0.00    0.165    0.164   0.032   0.036   0.002   0.006   0.082   0.006   0.000   0.000   0.000 1540489000
24.70   4.19   45.446
24.70   9.00    0.418    0.535
24.70   9.00    0.953   48.749
24.70   9.00    0.915    0.316   0.953   0.169
24.70   9.00    0.915    0.316   0.953   0.169

24.71   0.00    0.165    0.164   0.032   0.036   0.002   0.006   0.082   0.006   0.000   0.000   0.000 1541113000
24.71   4.19   45.442
24.71   9.00    0.418    0.535
24.71   9.00    0.953   48.747
24.71   9.00    0.915    0.316   0.953   0.169
24.71   9.00    0.915    0.316   0.953   0.169

24.72   0.00    0.165    0.164   0.032   0.036   0.002   0.006   0.082   0.006   0.000   0.000   0.000 1541736000
24.72   4.19   45.439
24.72   9.00    0.418    0.535
24.72   9.00    0.953   48.745
24.72   9.00    0.915    0.316   0.953   0.169
24.72   9.00    0.915    0.316   0.953   0.169

24.73   0.00    0.165    0.164   0.032   0.036   0.002   0.006   0.082   0.006   0.000   0.000   0.000 1542360000
24.73   4.18   45.436
24.73   9.00    0.418    0.535
24.73   9.00    0.953   48.743
24.73   9.00    0.915    0.316   0.953   0.169
24.73   9.00    0.915    0.316   0.953   0.169

24.74   0.00    0.165    0.164   0.032   0.036   0.002   0.006   0.082   0.006   0.000   0.000   0.000 1542984000
24.74   4.18   45.433
24.74   9.00    0.418    0.535
24.74   9.00    0.953   48.741
24.74   9.00    0.915    0.316   0.953   0.169
24.74   9.00    0.915    0.316   0.953   0.169

24.75   0.00    0.165    0.164   0.032   0.036   0.002   0.006   0.082   0.006   0.000   0.000   0.000 1543608000
24.75   4.18   45.429
24.75   9.00    0.418    0.535
24.75   9.00    0.953   48.739
24.75   9.00    0.915    0.316   0.953   0.169
24.75   9.00    0.915    0.316   0.953   0.169

24.76   0.00    0.165    0.164   0.032   0.036   0.002   0.006   0.082   0.006   0.000   0.000   0.000 1544231000
24.76   4.18   45.426
24.76   9.00    0.418    0.535
24.76   9.00    0.953   48.737
24.76   9.00    0.914    0.316   0.953   0.169
24.76   9.00    0.915    0.315   0.953   0.169

24.77   0.00    0.165    0.164   0.032   0.036   0.002   0.006   0.082   0.006   0.000   0.000   0.000 1544855000
24.77   4.18   45.423
24.77   9.00    0.418    0.535
24.77   9.00    0.953   48.735
24.77   9.00    0.914    0.316   0.953   0.169
24.77   9.00    0.914    0.315   0.953   0.169

24.78   0.00    0.165    0.164   0.032   0.036   0.002   0.006   0.082   0.006   0.000   0.000   0.000 1545479000
24.78   4.18   45.420
24.78   9.00    0.418    0.535
24.78   9.00    0.952   48.733
24.78   9.00    0.914    0.316   0.952   0.169
24.78   9.00    0.914    0.315   0.952   0.169

24.79   0.00    0.165    0.164   0.032   0.036   0.002   0.006   0.082   0.006   0.000   0.000   0.000 1546102000
24.79   4.18   45.417
24.79   9.00    0.418    0.535
24.79   9.00    0.952   48.731
24.79   9.00    0.914    0.316   0.952   0.169
24.79   9.00    0.914    0.315   0.952   0.169

24.80   0.00    0.165    0.164   0.032   0.036   0.002   0.006   0.082   0.006   0.000   0.000   0.000 1546726000
24.80   4.18   45.413
24.80   9.00    0.418    0.535
24.80   9.00    0.952   48.729
24.80   9.00    0.914    0.316   0.952   0.169
24.80   9.00    0.914    0.315   0.952   0.169

24.81   0.00    0.165    0.164   0.032   0.036   0.002   0.006   0.082   0.006   0.000   0.000   0.000 1547350000
24.81   4.18   45.410
24.81   9.00    0.418    0.535
24.81   9.00    0.952   48.727
24.81   9.00    0.914    0.316   0.952   0.169
24.81   9.00    0.914    0.315   0.952   0.169

24.82   0.00    0.165    0.164   0.032   0.036   0.002   0.006   0.082   0.006   0.000   0.000   0.000 1547973000
24.82   4.18   45.407
24.82   9.00    0.417    0.535
24.82   9.00    0.952   48.725
24.82   9.00    0.914    0.316   0.952   0.169
24.82   9.00    0.914    0.315   0.952   0.169

24.83   0.00    0.165    0.164   0.032   0.036   0.002   0.006   0.082   0.006   0.000   0.000   0.000 1548597000
24.83   4.18   45.404
24.83   9.00    0.417    0.535
24.83   9.00    0.952   48.723
24.83   9.00    0.914    0.316   0.952   0.169
24.83   9.00    0.914    0.315   0.952   0.169

24.84   0.00    0.165    0.164   0.032   0.036   0.002   0.006   0.082   0.006   0.000   0.000   0.000 1549221000
24.84   4.18   45.400
24.84   9.00    0.417    0.535
24.84   9.00    0.952   48.721
24.84   9.00    0.914    0.316   0.952   0.169
24.84   9.00    0.914    0.315   0.952   0.169

24.85   0.00    0.165    0.164   0.032   0.036   0.002   0.006   0.082   0.006   0.000   0.000   0.000 1549844000
24.85   4.18   45.397
24.85   9.00    0.417    0.535
24.85   9.00    0.952   48.719
24.85   9.00    0.914    0.316   0.952   0.169
24.85   9.00    0.914    0.315   0.952   0.169

24.86   0.00    0.165    0.164   0.032   0.036   0.002   0.006   0.082   0.006   0.000   0.000   0.000 1550468000
24.86   4.18   45.394
24.86   9.00    0.417    0.535
24.86   9.00    0.952   48.717
24.86   9.00    0.914    0.316   0.952   0.169
24.86   9.00    0.914    0.315   0.952   0.169

24.87   0.00    0.165    0.164   0.032   0.036   0.002   0.006   0.082   0.006   0.000   0.000   0.000 1551092000
24.87   4.18   45.391
24.87   9.00    0.417    0.535
24.87   9.00    0.952   48.715
24.87   9.00    0.914    0.316   0.952   0.169
24.87   9.00    0.914    0.315   0.952   0.169

24.88   0.00    0.165    0.164   0.032   0.036   0.002   0.006   0.082   0.006   0.000   0.000   0.000 1551715000
24.88   4.18   45.387
24.88   9.00    0.417    0.535
24.88   9.00    0.952   48.713
24.88   9.00    0.914    0.316   0.952   0.169
24.88   9.00    0.914    0.315   0.952   0.169

24.89   0.00    0.165    0.164   0.032   0.036   0.002   0.006   0.082   0.006   0.000   0.000   0.000 1552339000
24.89   4.18   45.384
24.89   9.00    0.417    0.535
24.89   9.00    0.952   48.711
24.89   9.00    0.914    0.316   0.952   0.169
24.89   9.00    0.914    0.315   0.952   0.169

24.90   0.00    0.165    0.164   0.032   0.036   0.002   0.006   0.082   0.006   0.000   0.000   0.000 1552963000
24.90   4.18   45.381
24.90   9.00    0.417    0.535
24.90   9.00    0.952   48.709
24.90   9.00    0.913    0.316   0.952   0.169
24.90   9.00    0.914    0.315   0.952   0.169

24.91   0.00    0.165    0.164   0.032   0.036   0.002   0.006   0.082   0.006   0.000   0.000   0.000 1553586000
24.91   4.18   45.378
24.91   9.00    0.417    0.535
24.91   9.00    0.952   48.707
24.91   9.00    0.913    0.316   0.952   0.169
24.91   9.00    0.913    0.315   0.952   0.169

24.92   0.00    0.165    0.164   0.032   0.036   0.002   0.006   0.082   0.006   0.000   0.000   0.000 1554210000
24.92   4.18   45.375
24.92   9.00    0.417    0.535
24.92   9.00    0.952   48.705
24.92   9.00    0.913    0.316   0.952   0.169
24.92   9.00    0.913    0.315   0.952   0.169

24.93   0.00    0.165    0.164   0.032   0.036   0.002   0.006   0.082   0.006   0.000   0.000   0.000 1554834000
24.93   4.18   45.371
24.93   9.00    0.417    0.535
24.93   9.00    0.951   48.703
24.93   9.00    0.913    0.316   0.951   0.169
24.93   9.00    0.913    0.315   0.951   0.169

24.94   0.00    0.165    0.164   0.032   0.036   0.002   0.006   0.082   0.006   0.000   0.000   0.000 1555457000
24.94   4.18   45.368
24.94   9.00    0.417    0.535
24.94   9.00    0.951   48.701
24.94   9.00    0.913    0.316   0.951   0.169
24.94   9.00    0.913    0.315   0.951   0.169

24.95   0.00    0.165    0.164   0.032   0.036   0.002   0.006   0.082   0.006   0.000   0.000   0.000 1556081000
24.95   4.17   45.365
24.95   9.00    0.417    0.535
24.95   9.00    0.951   48.699
24.95   9.00    0.913    0.316   0.951   0.169
24.95   9.00    0.913    0.315   0.951   0.169

24.96   0.00    0.165    0.164   0.032   0.036   0.002   0.006   0.082   0.006   0.000   0.000   0.000 1556705000
24.96   4.17   45.362
24.96   9.00    0.416    0.535
24.96   9.00    0.951   48.697
24.96   9.00    0.913    0.316   0.951   0.169
24.96   9.00    0.913    0.315   0.951   0.169

24.97   0.00    0.165    0.164   0.032   0.036   0.002   0.006   0.082   0.006   0.000   0.000   0.000 1557328000
24.97   4.17   45.359
24.97   9.00    0.416    0.535
24.97   9.00    0.951   48.695
24.97   9.00    0.913    0.316   0.951   0.169
24.97   9.00    0.913    0.315   0.951   0.169

24.98   0.00    0.165    0.164   0.032   0.036   0.002   0.006   0.082   0.006   0.000   0.000   0.000 1557952000
24.98   4.17   45.355
24.98   9.00    0.416    0.535
24.98   9.00    0.951   48.693
24.98   9.00    0.913    0.316   0.951   0.169
24.98   9.00    0.913    0.315   0.951   0.169

24.99   0.00    0.165    0.164   0.032   0.036   0.002   0.006   0.082   0.006   0.000   0.000   0.000 1558576000
24.99   4.17   45.352
24.99   9.00    0.416    0.535
24.99   9.00    0.951   48.691
24.99   9.00    0.913    0.316   0.951   0.169
24.99   9.00    0.913    0.315   0.951   0.169

25.00   0.00    0.165    0.164   0.032   0.036   0.002   0.006   0.082   0.006   0.000   0.000   0.000 1559199000
25.00   4.17   45.349
25.00   9.00    0.416    0.535
25.00   9.00    0.951   48.690
25.00   9.00    0.913    0.316   0.951   0.169
25.00   9.00    0.913    0.315   0.951   0.169
