
                -------->  BODY TRANSITIONING TO TURBULENT FLOW  <--------

 0.01   0.00    0.244    0.232   0.166   0.010   0.069  0.000   0.000   0.000   0.000     623680
 0.01   3.87   32.317
 0.01   7.00    0.287    0.325
 0.01   7.00    0.611   37.703
 0.01   7.00    0.577    0.321   0.611   0.248
 0.01   7.00    0.578    0.308   0.611   0.235

 0.02   0.00    0.297    0.284   0.224   0.013   0.060  0.000   0.000   0.000   0.000    1247360
 0.02   3.87   32.317
 0.02   7.00    0.287    0.325
 0.02   7.00    0.611   37.703
 0.02   7.00    0.570    0.373   0.611   0.301
 0.02   7.00    0.572    0.360   0.611   0.288

 0.03   0.00    0.307    0.294   0.235   0.014   0.058  0.000   0.000   0.000   0.000    1871039
 0.03   3.87   32.317
 0.03   7.00    0.287    0.325
 0.03   7.00    0.611   37.703
 0.03   7.00    0.569    0.384   0.611   0.312
 0.03   7.00    0.570    0.371   0.611   0.299

 0.04   0.00    0.309    0.296   0.238   0.014   0.058  0.000   0.000   0.000   0.000    2494719
 0.04   3.87   32.317
 0.04   7.00    0.287    0.325
 0.04   7.00    0.611   37.703
 0.04   7.00    0.569    0.386   0.611   0.314
 0.04   7.00    0.570    0.373   0.611   0.301

 0.05   0.00    0.309    0.296   0.237   0.014   0.058  0.000   0.000   0.000   0.000    3118399
 0.05   3.87   32.317
 0.05   7.00    0.287    0.325
 0.05   7.00    0.611   37.703
 0.05   7.00    0.569    0.386   0.611   0.313
 0.05   7.00    0.570    0.373   0.611   0.300

 0.06   0.00    0.307    0.294   0.235   0.014   0.058  0.000   0.000   0.000   0.000    3742079
 0.06   3.87   32.317
 0.06   7.00    0.287    0.325
 0.06   7.00    0.611   37.703
 0.06   7.00    0.569    0.384   0.611   0.312
 0.06   7.00    0.570    0.371   0.611   0.299

 0.07   0.00    0.305    0.293   0.233   0.014   0.058  0.000   0.000   0.000   0.000    4365758
 0.07   3.87   32.317
 0.07   7.00    0.287    0.325
 0.07   7.00    0.611   37.703
 0.07   7.00    0.569    0.382   0.611   0.310
 0.07   7.00    0.571    0.369   0.611   0.297

 0.08   0.00    0.303    0.291   0.231   0.013   0.059  0.000   0.000   0.000   0.000    4989438
 0.08   3.87   32.317
 0.08   7.00    0.287    0.325
 0.08   7.00    0.611   37.703
 0.08   7.00    0.569    0.380   0.611   0.308
 0.08   7.00    0.571    0.367   0.611   0.295

 0.09   0.00    0.301    0.289   0.229   0.013   0.059  0.000   0.000   0.000   0.000    5613118
 0.09   3.87   32.317
 0.09   7.00    0.287    0.325
 0.09   7.00    0.611   37.703
 0.09   7.00    0.570    0.378   0.611   0.306
 0.09   7.00    0.571    0.365   0.611   0.293

 0.10   0.00    0.301    0.288   0.228   0.013   0.059  0.000   0.000   0.000   0.000    6236798
 0.10   3.87   32.317
 0.10   7.00    0.287    0.325
 0.10   7.00    0.611   37.703
 0.10   7.00    0.570    0.377   0.611   0.305
 0.10   7.00    0.571    0.364   0.611   0.292

 0.11   0.00    0.301    0.288   0.228   0.013   0.059  0.000   0.000   0.000   0.000    6860478
 0.11   3.87   32.317
 0.11   7.00    0.287    0.325
 0.11   7.00    0.611   37.703
 0.11   7.00    0.570    0.377   0.611   0.305
 0.11   7.00    0.571    0.364   0.611   0.292

 0.12   0.00    0.301    0.288   0.228   0.013   0.059  0.000   0.000   0.000   0.000    7484158
 0.12   3.87   32.317
 0.12   7.00    0.287    0.325
 0.12   7.00    0.611   37.703
 0.12   7.00    0.570    0.377   0.611   0.305
 0.12   7.00    0.571    0.364   0.611   0.292

 0.13   0.00    0.300    0.288   0.228   0.013   0.059  0.000   0.000   0.000   0.000    8107837
 0.13   3.87   32.317
 0.13   7.00    0.287    0.325
 0.13   7.00    0.611   37.703
 0.13   7.00    0.570    0.377   0.611   0.305
 0.13   7.00    0.571    0.364   0.611   0.292

 0.14   0.00    0.300    0.288   0.228   0.013   0.059  0.000   0.000   0.000   0.000    8731517
 0.14   3.87   32.317
 0.14   7.00    0.287    0.325
 0.14   7.00    0.611   37.703
 0.14   7.00    0.570    0.377   0.611   0.305
 0.14   7.00    0.571    0.364   0.611   0.292

 0.15   0.00    0.300    0.288   0.228   0.013   0.059  0.000   0.000   0.000   0.000    9355197
 0.15   3.87   32.317
 0.15   7.00    0.287    0.325
 0.15   7.00    0.611   37.703
 0.15   7.00    0.570    0.377   0.611   0.305
 0.15   7.00    0.571    0.364   0.611   0.292

 0.16   0.00    0.300    0.287   0.228   0.013   0.059  0.000   0.000   0.000   0.000    9978877
 0.16   3.87   32.317
 0.16   7.00    0.287    0.325
 0.16   7.00    0.611   37.703
 0.16   7.00    0.570    0.377   0.611   0.305
 0.16   7.00    0.571    0.364   0.611   0.292

 0.17   0.00    0.300    0.287   0.228   0.013   0.059  0.000   0.000   0.000   0.000   10602560
 0.17   3.87   32.317
 0.17   7.00    0.287    0.325
 0.17   7.00    0.611   37.703
 0.17   7.00    0.570    0.377   0.611   0.305
 0.17   7.00    0.571    0.364   0.611   0.292

 0.18   0.00    0.300    0.287   0.228   0.013   0.059  0.000   0.000   0.000   0.000   11226240
 0.18   3.87   32.317
 0.18   7.00    0.287    0.325
 0.18   7.00    0.611   37.703
 0.18   7.00    0.570    0.377   0.611   0.305
 0.18   7.00    0.571    0.364   0.611   0.292

 0.19   0.00    0.300    0.287   0.228   0.013   0.059  0.000   0.000   0.000   0.000   11849920
 0.19   3.87   32.317
 0.19   7.00    0.287    0.325
 0.19   7.00    0.611   37.703
 0.19   7.00    0.570    0.377   0.611   0.305
 0.19   7.00    0.571    0.364   0.611   0.292

 0.20   0.00    0.300    0.287   0.228   0.013   0.059  0.000   0.000   0.000   0.000   12473600
 0.20   3.87   32.317
 0.20   7.00    0.287    0.325
 0.20   7.00    0.611   37.703
 0.20   7.00    0.570    0.377   0.611   0.305
 0.20   7.00    0.571    0.364   0.611   0.292

 0.21   0.00    0.300    0.287   0.228   0.013   0.059  0.000   0.000   0.000   0.000   13097280
 0.21   3.87   32.317
 0.21   7.00    0.287    0.325
 0.21   7.00    0.611   37.703
 0.21   7.00    0.570    0.377   0.611   0.305
 0.21   7.00    0.571    0.364   0.611   0.292

 0.22   0.00    0.300    0.287   0.228   0.013   0.059  0.000   0.000   0.000   0.000   13720960
 0.22   3.87   32.317
 0.22   7.00    0.287    0.325
 0.22   7.00    0.611   37.703
 0.22   7.00    0.570    0.377   0.611   0.305
 0.22   7.00    0.571    0.364   0.611   0.292

 0.23   0.00    0.300    0.287   0.228   0.013   0.059  0.000   0.000   0.000   0.000   14344640
 0.23   3.87   32.317
 0.23   7.00    0.287    0.325
 0.23   7.00    0.611   37.703
 0.23   7.00    0.570    0.377   0.611   0.305
 0.23   7.00    0.571    0.364   0.611   0.292

 0.24   0.00    0.300    0.287   0.228   0.013   0.059  0.000   0.000   0.000   0.000   14968320
 0.24   3.87   32.317
 0.24   7.00    0.287    0.325
 0.24   7.00    0.611   37.703
 0.24   7.00    0.570    0.377   0.611   0.305
 0.24   7.00    0.571    0.364   0.611   0.292

 0.25   0.00    0.300    0.287   0.228   0.013   0.059  0.000   0.000   0.000   0.000   15592000
 0.25   3.87   32.317
 0.25   7.00    0.287    0.325
 0.25   7.00    0.611   37.703
 0.25   7.00    0.570    0.377   0.611   0.305
 0.25   7.00    0.571    0.364   0.611   0.291

 0.26   0.00    0.300    0.287   0.228   0.013   0.059  0.000   0.000   0.000   0.000   16215670
 0.26   3.87   32.317
 0.26   7.00    0.287    0.325
 0.26   7.00    0.611   37.703
 0.26   7.00    0.570    0.377   0.611   0.305
 0.26   7.00    0.571    0.364   0.611   0.291

 0.27   0.00    0.300    0.287   0.228   0.013   0.059  0.000   0.000   0.000   0.000   16839360
 0.27   3.87   32.317
 0.27   7.00    0.287    0.325
 0.27   7.00    0.611   37.703
 0.27   7.00    0.570    0.377   0.611   0.304
 0.27   7.00    0.571    0.364   0.611   0.291

 0.28   0.00    0.300    0.287   0.228   0.013   0.059  0.000   0.000   0.000   0.000   17463030
 0.28   3.87   32.317
 0.28   7.00    0.287    0.325
 0.28   7.00    0.611   37.703
 0.28   7.00    0.570    0.377   0.611   0.304
 0.28   7.00    0.571    0.364   0.611   0.291

 0.29   0.00    0.300    0.287   0.228   0.013   0.059  0.000   0.000   0.000   0.000   18086710
 0.29   3.87   32.317
 0.29   7.00    0.287    0.325
 0.29   7.00    0.611   37.703
 0.29   7.00    0.570    0.377   0.611   0.304
 0.29   7.00    0.571    0.364   0.611   0.291

 0.30   0.00    0.300    0.287   0.228   0.013   0.059  0.000   0.000   0.000   0.000   18710390
 0.30   3.87   32.317
 0.30   7.00    0.287    0.325
 0.30   7.00    0.611   37.703
 0.30   7.00    0.570    0.377   0.611   0.304
 0.30   7.00    0.571    0.364   0.611   0.291

 0.31   0.00    0.300    0.287   0.227   0.013   0.059  0.000   0.000   0.000   0.000   19334070
 0.31   3.87   32.317
 0.31   7.00    0.287    0.325
 0.31   7.00    0.611   37.703
 0.31   7.00    0.570    0.377   0.611   0.304
 0.31   7.00    0.571    0.364   0.611   0.291

 0.32   0.00    0.300    0.287   0.227   0.013   0.059  0.000   0.000   0.000   0.000   19957750
 0.32   3.87   32.317
 0.32   7.00    0.287    0.325
 0.32   7.00    0.611   37.703
 0.32   7.00    0.570    0.377   0.611   0.304
 0.32   7.00    0.571    0.364   0.611   0.291

 0.33   0.00    0.300    0.287   0.227   0.013   0.059  0.000   0.000   0.000   0.000   20581430
 0.33   3.87   32.317
 0.33   7.00    0.287    0.325
 0.33   7.00    0.611   37.703
 0.33   7.00    0.570    0.377   0.611   0.304
 0.33   7.00    0.571    0.364   0.611   0.291

 0.34   0.00    0.300    0.287   0.227   0.013   0.059  0.000   0.000   0.000   0.000   21205110
 0.34   3.87   32.317
 0.34   7.00    0.287    0.325
 0.34   7.00    0.611   37.703
 0.34   7.00    0.570    0.376   0.611   0.304
 0.34   7.00    0.571    0.363   0.611   0.291

 0.35   0.00    0.300    0.287   0.227   0.013   0.059  0.000   0.000   0.000   0.000   21828790
 0.35   3.87   32.317
 0.35   7.00    0.287    0.325
 0.35   7.00    0.611   37.703
 0.35   7.00    0.570    0.376   0.611   0.304
 0.35   7.00    0.571    0.363   0.611   0.291

 0.36   0.00    0.300    0.287   0.227   0.013   0.059  0.000   0.000   0.000   0.000   22452470
 0.36   3.87   32.317
 0.36   7.00    0.287    0.325
 0.36   7.00    0.611   37.703
 0.36   7.00    0.570    0.376   0.611   0.304
 0.36   7.00    0.571    0.363   0.611   0.291

 0.37   0.00    0.300    0.287   0.227   0.013   0.059  0.000   0.000   0.000   0.000   23076150
 0.37   3.87   32.317
 0.37   7.00    0.287    0.325
 0.37   7.00    0.611   37.703
 0.37   7.00    0.570    0.376   0.611   0.304
 0.37   7.00    0.571    0.363   0.611   0.291

 0.38   0.00    0.300    0.287   0.227   0.013   0.059  0.000   0.000   0.000   0.000   23699830
 0.38   3.87   32.317
 0.38   7.00    0.287    0.325
 0.38   7.00    0.611   37.703
 0.38   7.00    0.570    0.376   0.611   0.304
 0.38   7.00    0.571    0.363   0.611   0.291

 0.39   0.00    0.300    0.287   0.227   0.013   0.059  0.000   0.000   0.000   0.000   24323510
 0.39   3.87   32.317
 0.39   7.00    0.287    0.325
 0.39   7.00    0.611   37.703
 0.39   7.00    0.570    0.376   0.611   0.304
 0.39   7.00    0.571    0.363   0.611   0.291

 0.40   0.00    0.299    0.287   0.227   0.013   0.059  0.000   0.000   0.000   0.000   24947190
 0.40   3.87   32.317
 0.40   7.00    0.287    0.325
 0.40   7.00    0.611   37.703
 0.40   7.00    0.570    0.376   0.611   0.304
 0.40   7.00    0.571    0.363   0.611   0.291

 0.41   0.00    0.299    0.287   0.227   0.013   0.059  0.000   0.000   0.000   0.000   25570870
 0.41   3.87   32.317
 0.41   7.00    0.287    0.325
 0.41   7.00    0.611   37.703
 0.41   7.00    0.570    0.376   0.611   0.304
 0.41   7.00    0.571    0.363   0.611   0.291

 0.42   0.00    0.299    0.287   0.227   0.013   0.059  0.000   0.000   0.000   0.000   26194550
 0.42   3.87   32.317
 0.42   7.00    0.287    0.325
 0.42   7.00    0.611   37.703
 0.42   7.00    0.570    0.376   0.611   0.304
 0.42   7.00    0.571    0.363   0.611   0.291

 0.43   0.00    0.299    0.286   0.227   0.013   0.059  0.000   0.000   0.000   0.000   26818230
 0.43   3.87   32.317
 0.43   7.00    0.287    0.325
 0.43   7.00    0.611   37.703
 0.43   7.00    0.570    0.376   0.611   0.304
 0.43   7.00    0.571    0.363   0.611   0.291

 0.44   0.00    0.299    0.286   0.227   0.013   0.059  0.000   0.000   0.000   0.000   27441910
 0.44   3.87   32.317
 0.44   7.00    0.287    0.325
 0.44   7.00    0.611   37.703
 0.44   7.00    0.570    0.376   0.611   0.304
 0.44   7.00    0.571    0.363   0.611   0.291

 0.45   0.00    0.299    0.286   0.227   0.013   0.059  0.000   0.000   0.000   0.000   28065590
 0.45   3.87   32.317
 0.45   7.00    0.287    0.325
 0.45   7.00    0.611   37.703
 0.45   7.00    0.570    0.376   0.611   0.304
 0.45   7.00    0.571    0.363   0.611   0.291

 0.46   0.00    0.299    0.286   0.227   0.013   0.059  0.000   0.000   0.000   0.000   28689270
 0.46   3.87   32.317
 0.46   7.00    0.287    0.325
 0.46   7.00    0.611   37.703
 0.46   7.00    0.570    0.376   0.611   0.304
 0.46   7.00    0.571    0.363   0.611   0.291

 0.47   0.00    0.299    0.286   0.227   0.013   0.059  0.000   0.000   0.000   0.000   29312950
 0.47   3.87   32.317
 0.47   7.00    0.287    0.325
 0.47   7.00    0.611   37.703
 0.47   7.00    0.570    0.376   0.611   0.304
 0.47   7.00    0.571    0.363   0.611   0.291

 0.48   0.00    0.299    0.286   0.227   0.013   0.059  0.000   0.000   0.000   0.000   29936630
 0.48   3.87   32.317
 0.48   7.00    0.287    0.325
 0.48   7.00    0.611   37.703
 0.48   7.00    0.570    0.376   0.611   0.304
 0.48   7.00    0.571    0.363   0.611   0.291

 0.49   0.00    0.299    0.286   0.227   0.013   0.059  0.000   0.000   0.000   0.000   30560310
 0.49   3.87   32.317
 0.49   7.00    0.287    0.325
 0.49   7.00    0.611   37.703
 0.49   7.00    0.570    0.376   0.611   0.304
 0.49   7.00    0.571    0.363   0.611   0.291

 0.50   0.00    0.299    0.286   0.227   0.013   0.059  0.000   0.000   0.000   0.000   31183990
 0.50   3.87   32.317
 0.50   7.00    0.287    0.325
 0.50   7.00    0.611   37.703
 0.50   7.00    0.570    0.376   0.611   0.304
 0.50   7.00    0.572    0.363   0.611   0.291

 0.51   0.00    0.299    0.286   0.227   0.013   0.059  0.000   0.000   0.000   0.000   31807670
 0.51   3.87   32.317
 0.51   7.00    0.287    0.325
 0.51   7.00    0.611   37.703
 0.51   7.00    0.570    0.376   0.611   0.304
 0.51   7.00    0.572    0.363   0.611   0.291

 0.52   0.00    0.299    0.286   0.227   0.013   0.059  0.000   0.000   0.000   0.000   32431350
 0.52   3.87   32.317
 0.52   7.00    0.287    0.325
 0.52   7.00    0.611   37.703
 0.52   7.00    0.570    0.376   0.611   0.304
 0.52   7.00    0.572    0.363   0.611   0.290

 0.53   0.00    0.299    0.286   0.227   0.013   0.059  0.000   0.000   0.000   0.000   33055030
 0.53   3.87   32.317
 0.53   7.00    0.287    0.325
 0.53   7.00    0.611   37.703
 0.53   7.00    0.570    0.376   0.611   0.304
 0.53   7.00    0.572    0.363   0.611   0.290

 0.54   0.00    0.299    0.286   0.227   0.013   0.059  0.000   0.000   0.000   0.000   33678710
 0.54   3.87   32.317
 0.54   7.00    0.287    0.325
 0.54   7.00    0.611   37.703
 0.54   7.00    0.570    0.376   0.611   0.304
 0.54   7.00    0.572    0.363   0.611   0.290

 0.55   0.00    0.299    0.286   0.227   0.013   0.059  0.000   0.000   0.000   0.000   34302390
 0.55   3.87   32.317
 0.55   7.00    0.287    0.325
 0.55   7.00    0.611   37.703
 0.55   7.00    0.570    0.376   0.611   0.303
 0.55   7.00    0.572    0.363   0.611   0.290

 0.56   0.00    0.299    0.286   0.227   0.013   0.059  0.000   0.000   0.000   0.000   34926070
 0.56   3.87   32.317
 0.56   7.00    0.287    0.325
 0.56   7.00    0.611   37.703
 0.56   7.00    0.570    0.376   0.611   0.303
 0.56   7.00    0.572    0.363   0.611   0.290

 0.57   0.00    0.299    0.286   0.226   0.013   0.059  0.000   0.000   0.000   0.000   35549750
 0.57   3.87   32.317
 0.57   7.00    0.287    0.325
 0.57   7.00    0.611   37.703
 0.57   7.00    0.570    0.376   0.611   0.303
 0.57   7.00    0.572    0.363   0.611   0.290

 0.58   0.00    0.299    0.286   0.226   0.013   0.059  0.000   0.000   0.000   0.000   36173430
 0.58   3.87   32.317
 0.58   7.00    0.287    0.325
 0.58   7.00    0.611   37.703
 0.58   7.00    0.570    0.376   0.611   0.303
 0.58   7.00    0.572    0.363   0.611   0.290

 0.59   0.00    0.299    0.286   0.226   0.013   0.059  0.000   0.000   0.000   0.000   36797110
 0.59   3.87   32.317
 0.59   7.00    0.287    0.325
 0.59   7.00    0.611   37.703
 0.59   7.00    0.570    0.376   0.611   0.303
 0.59   7.00    0.572    0.362   0.611   0.290

 0.60   0.00    0.299    0.285   0.226   0.013   0.059  0.000   0.000   0.000   0.000   37420790
 0.60   3.87   32.317
 0.60   7.00    0.287    0.325
 0.60   7.00    0.611   37.703
 0.60   7.00    0.570    0.376   0.611   0.303
 0.60   7.00    0.572    0.362   0.611   0.290

 0.61   0.00    0.299    0.285   0.226   0.013   0.059  0.000   0.000   0.000   0.000   38044470
 0.61   3.87   32.317
 0.61   7.00    0.287    0.325
 0.61   7.00    0.611   37.703
 0.61   7.00    0.570    0.376   0.611   0.303
 0.61   7.00    0.572    0.362   0.611   0.289

 0.62   0.00    0.299    0.285   0.226   0.013   0.059  0.000   0.000   0.000   0.000   38668150
 0.62   3.87   32.317
 0.62   7.00    0.287    0.325
 0.62   7.00    0.611   37.703
 0.62   7.00    0.570    0.375   0.611   0.303
 0.62   7.00    0.572    0.361   0.611   0.289

 0.63   0.00    0.299    0.284   0.226   0.013   0.059  0.000   0.000   0.000   0.000   39291830
 0.63   3.87   32.317
 0.63   7.00    0.287    0.325
 0.63   7.00    0.611   37.703
 0.63   7.00    0.570    0.375   0.611   0.303
 0.63   7.00    0.572    0.361   0.611   0.289

 0.64   0.00    0.299    0.284   0.226   0.013   0.059  0.000   0.000   0.000   0.000   39915510
 0.64   3.87   32.317
 0.64   7.00    0.287    0.325
 0.64   7.00    0.611   37.703
 0.64   7.00    0.570    0.375   0.611   0.303
 0.64   7.00    0.572    0.361   0.611   0.288

 0.65   0.00    0.299    0.284   0.226   0.013   0.059  0.000   0.000   0.000   0.000   40539180
 0.65   3.87   32.317
 0.65   7.00    0.287    0.325
 0.65   7.00    0.611   37.703
 0.65   7.00    0.570    0.375   0.611   0.303
 0.65   7.00    0.572    0.361   0.611   0.288

 0.66   0.00    0.299    0.284   0.226   0.013   0.059  0.000   0.000   0.000   0.000   41162870
 0.66   3.87   32.317
 0.66   7.00    0.287    0.325
 0.66   7.00    0.611   37.703
 0.66   7.00    0.570    0.375   0.611   0.303
 0.66   7.00    0.572    0.360   0.611   0.288

 0.67   0.00    0.299    0.283   0.226   0.013   0.059  0.000   0.000   0.000   0.000   41786550
 0.67   3.87   32.317
 0.67   7.00    0.287    0.325
 0.67   7.00    0.611   37.703
 0.67   7.00    0.570    0.375   0.611   0.303
 0.67   7.00    0.572    0.360   0.611   0.288

 0.68   0.00    0.299    0.283   0.226   0.013   0.059  0.000   0.000   0.000   0.000   42410230
 0.68   3.87   32.317
 0.68   7.00    0.287    0.325
 0.68   7.00    0.611   37.703
 0.68   7.00    0.570    0.375   0.611   0.303
 0.68   7.00    0.572    0.360   0.611   0.287

 0.69   0.00    0.298    0.283   0.226   0.013   0.059  0.000   0.000   0.000   0.000   43033900
 0.69   3.87   32.317
 0.69   7.00    0.287    0.325
 0.69   7.00    0.611   37.703
 0.69   7.00    0.570    0.375   0.611   0.303
 0.69   7.00    0.572    0.359   0.611   0.287

 0.70   0.00    0.298    0.282   0.226   0.013   0.059  0.000   0.000   0.000   0.000   43657580
 0.70   3.87   32.317
 0.70   7.00    0.287    0.325
 0.70   7.00    0.611   37.703
 0.70   7.00    0.570    0.375   0.611   0.303
 0.70   7.00    0.572    0.359   0.611   0.287

 0.71   0.00    0.298    0.282   0.226   0.013   0.059  0.000   0.000   0.000   0.000   44281260
 0.71   3.87   32.317
 0.71   7.00    0.287    0.325
 0.71   7.00    0.611   37.703
 0.71   7.00    0.570    0.375   0.611   0.303
 0.71   7.00    0.572    0.359   0.611   0.286

 0.72   0.00    0.298    0.282   0.226   0.013   0.059  0.000   0.000   0.000   0.000   44904950
 0.72   3.87   32.317
 0.72   7.00    0.287    0.325
 0.72   7.00    0.611   37.703
 0.72   7.00    0.570    0.375   0.611   0.303
 0.72   7.00    0.572    0.358   0.611   0.286

 0.73   0.00    0.298    0.282   0.226   0.013   0.059  0.000   0.000   0.000   0.000   45528630
 0.73   3.87   32.317
 0.73   7.00    0.287    0.325
 0.73   7.00    0.611   37.703
 0.73   7.00    0.570    0.375   0.611   0.303
 0.73   7.00    0.572    0.358   0.611   0.286

 0.74   0.00    0.298    0.281   0.226   0.013   0.059  0.000   0.000   0.000   0.000   46152300
 0.74   3.87   32.317
 0.74   7.00    0.287    0.325
 0.74   7.00    0.611   37.703
 0.74   7.00    0.570    0.375   0.611   0.303
 0.74   7.00    0.572    0.358   0.611   0.285

 0.75   0.00    0.298    0.281   0.226   0.013   0.059  0.000   0.000   0.000   0.000   46775980
 0.75   3.87   32.317
 0.75   7.00    0.287    0.325
 0.75   7.00    0.611   37.703
 0.75   7.00    0.570    0.375   0.611   0.303
 0.75   7.00    0.572    0.358   0.611   0.285

 0.76   0.00    0.298    0.281   0.226   0.013   0.059  0.000   0.000   0.000   0.000   47399660
 0.76   3.87   32.317
 0.76   7.00    0.287    0.325
 0.76   7.00    0.611   37.703
 0.76   7.00    0.570    0.375   0.611   0.303
 0.76   7.00    0.572    0.357   0.611   0.285

 0.77   0.00    0.298    0.280   0.226   0.013   0.059  0.000   0.000   0.000   0.000   48023340
 0.77   3.87   32.317
 0.77   7.00    0.287    0.325
 0.77   7.00    0.611   37.703
 0.77   7.00    0.570    0.375   0.611   0.303
 0.77   7.00    0.572    0.357   0.611   0.285

 0.78   0.00    0.298    0.280   0.226   0.013   0.059  0.000   0.000   0.000   0.000   48647020
 0.78   3.87   32.317
 0.78   7.00    0.287    0.325
 0.78   7.00    0.611   37.703
 0.78   7.00    0.570    0.375   0.611   0.303
 0.78   7.00    0.572    0.357   0.611   0.284

 0.79   0.00    0.298    0.280   0.226   0.013   0.059  0.000   0.000   0.000   0.000   49270700
 0.79   3.87   32.317
 0.79   7.00    0.287    0.325
 0.79   7.00    0.611   37.703
 0.79   7.00    0.570    0.375   0.611   0.303
 0.79   7.00    0.572    0.356   0.611   0.284

 0.80   0.00    0.298    0.279   0.226   0.013   0.059  0.000   0.000   0.000   0.000   49894380
 0.80   3.87   32.317
 0.80   7.00    0.287    0.325
 0.80   7.00    0.611   37.703
 0.80   7.00    0.570    0.375   0.611   0.303
 0.80   7.00    0.572    0.356   0.611   0.284

 0.81   0.00    0.298    0.279   0.226   0.013   0.059  0.000   0.000   0.000   0.000   50518060
 0.81   3.87   32.317
 0.81   7.00    0.287    0.325
 0.81   7.00    0.611   37.703
 0.81   7.00    0.570    0.375   0.611   0.303
 0.81   7.00    0.572    0.356   0.611   0.283

 0.82   0.00    0.298    0.279   0.226   0.013   0.059  0.000   0.000   0.000   0.000   51141740
 0.82   3.87   32.317
 0.82   7.00    0.287    0.325
 0.82   7.00    0.611   37.703
 0.82   7.00    0.570    0.375   0.611   0.303
 0.82   7.00    0.572    0.355   0.611   0.283

 0.83   0.00    0.298    0.279   0.226   0.013   0.059  0.000   0.000   0.000   0.000   51765420
 0.83   3.87   32.317
 0.83   7.00    0.287    0.323
 0.83   7.00    0.609   37.643
 0.83   7.00    0.568    0.375   0.609   0.302
 0.83   7.00    0.570    0.355   0.609   0.283

 0.84   0.00    0.298    0.278   0.225   0.013   0.059  0.000   0.000   0.000   0.000   52389100
 0.84   3.87   32.317
 0.84   7.00    0.287    0.320
 0.84   7.00    0.607   37.580
 0.84   7.00    0.566    0.374   0.607   0.302
 0.84   7.00    0.568    0.354   0.607   0.282

 0.85   0.00    0.298    0.278   0.225   0.013   0.059  0.000   0.000   0.000   0.000   53012780
 0.85   3.87   32.317
 0.85   7.00    0.287    0.318
 0.85   7.00    0.605   37.516
 0.85   7.00    0.564    0.374   0.605   0.302
 0.85   7.00    0.566    0.354   0.605   0.282

 0.86   0.00    0.298    0.278   0.225   0.013   0.059  0.000   0.000   0.000   0.000   53636460
 0.86   3.87   32.317
 0.86   7.00    0.287    0.316
 0.86   7.00    0.603   37.451
 0.86   7.00    0.562    0.374   0.603   0.302
 0.86   7.00    0.564    0.353   0.603   0.282

 0.87   0.00    0.298    0.277   0.225   0.013   0.059  0.000   0.000   0.000   0.000   54260140
 0.87   3.87   32.317
 0.87   7.00    0.287    0.314
 0.87   7.00    0.601   37.387
 0.87   7.00    0.560    0.373   0.601   0.302
 0.87   7.00    0.562    0.353   0.601   0.282

 0.88   0.00    0.298    0.277   0.225   0.013   0.059  0.000   0.000   0.000   0.000   54883820
 0.88   3.87   32.317
 0.88   7.00    0.287    0.312
 0.88   7.00    0.599   37.322
 0.88   7.00    0.558    0.373   0.599   0.302
 0.88   7.00    0.560    0.352   0.599   0.281

 0.89   0.00    0.298    0.277   0.225   0.013   0.059  0.000   0.000   0.000   0.000   55507500
 0.89   3.87   32.317
 0.89   7.00    0.287    0.310
 0.89   7.00    0.597   37.256
 0.89   7.00    0.556    0.373   0.597   0.302
 0.89   7.00    0.558    0.352   0.597   0.281

 0.90   0.00    0.298    0.276   0.225   0.013   0.059  0.000   0.000   0.000   0.000   56131180
 0.90   3.87   32.317
 0.90   7.00    0.287    0.308
 0.90   7.00    0.595   37.190
 0.90   7.00    0.554    0.372   0.595   0.302
 0.90   7.00    0.556    0.351   0.595   0.281

 0.91   0.00    0.300    0.278   56754860
 0.91   3.85   32.184
 0.91   7.00    0.284    0.306
 0.91   7.00    0.590   37.029
 0.91   7.00    0.549    0.374   0.590   0.304
 0.91   7.00    0.551    0.352   0.590   0.283

 0.92   0.00    0.306    0.284   57378540
 0.92   3.83   32.050
 0.92   7.00    0.282    0.304
 0.92   7.00    0.585   36.868
 0.92   7.00    0.543    0.379   0.585   0.310
 0.92   7.00    0.546    0.357   0.585   0.288

 0.93   0.00    0.317    0.295   58002220
 0.93   3.81   31.916
 0.93   7.00    0.279    0.302
 0.93   7.00    0.581   36.707
 0.93   7.00    0.537    0.391   0.581   0.322
 0.93   7.00    0.540    0.368   0.581   0.299

 0.94   0.00    0.331    0.307   58625900
 0.94   3.78   31.783
 0.94   7.00    0.276    0.300
 0.94   7.00    0.576   36.546
 0.94   7.00    0.531    0.404   0.576   0.336
 0.94   7.00    0.534    0.380   0.576   0.312

 0.95   0.00    0.345    0.320   59249580
 0.95   3.76   31.649
 0.95   7.00    0.274    0.298
 0.95   7.00    0.571   36.385
 0.95   7.00    0.524    0.417   0.571   0.350
 0.95   7.00    0.527    0.392   0.571   0.325

 0.96   0.00    0.359    0.333   59873260
 0.96   3.74   31.516
 0.96   7.00    0.271    0.295
 0.96   7.00    0.566   36.224
 0.96   7.00    0.518    0.431   0.566   0.364
 0.96   7.00    0.521    0.404   0.566   0.338

 0.97   0.00    0.373    0.345   60496940
 0.97   3.72   31.382
 0.97   7.00    0.268    0.293
 0.97   7.00    0.562   36.063
 0.97   7.00    0.511    0.444   0.562   0.379
 0.97   7.00    0.515    0.416   0.562   0.351

 0.98   0.00    0.387    0.358   61120620
 0.98   3.70   31.249
 0.98   7.00    0.266    0.291
 0.98   7.00    0.557   35.902
 0.98   7.00    0.505    0.458   0.557   0.393
 0.98   7.00    0.508    0.429   0.557   0.364

 0.99   0.00    0.401    0.371   61744300
 0.99   3.67   31.115
 0.99   7.00    0.263    0.289
 0.99   7.00    0.552   35.741
 0.99   7.00    0.498    0.471   0.552   0.407
 0.99   7.00    0.502    0.441   0.552   0.376

 1.00   0.00    0.415    0.384   62367980
 1.00   3.65   30.981
 1.00   7.00    0.260    0.287
 1.00   7.00    0.547   35.580
 1.00   7.00    0.492    0.485   0.547   0.421
 1.00   7.00    0.496    0.453   0.547   0.389

 1.01   0.00    0.429    0.396   62991660
 1.01   3.63   30.848
 1.01   7.00    0.258    0.285
 1.01   7.00    0.543   35.419
 1.01   7.00    0.485    0.498   0.543   0.435
 1.01   7.00    0.489    0.465   0.543   0.402

 1.02   0.00    0.443    0.409   63615340
 1.02   3.61   30.714
 1.02   7.00    0.255    0.283
 1.02   7.00    0.538   35.258
 1.02   7.00    0.479    0.511   0.538   0.449
 1.02   7.00    0.483    0.478   0.538   0.415

 1.03   0.00    0.456    0.422   64239020
 1.03   3.59   30.581
 1.03   7.00    0.252    0.281
 1.03   7.00    0.533   35.097
 1.03   7.00    0.473    0.525   0.533   0.463
 1.03   7.00    0.477    0.490   0.533   0.428

 1.04   0.00    0.470    0.434   64862700
 1.04   3.57   30.447
 1.04   7.00    0.250    0.279
 1.04   7.00    0.528   34.936
 1.04   7.00    0.466    0.538   0.528   0.477
 1.04   7.00    0.471    0.502   0.528   0.441

 1.05   0.00    0.484    0.447   0.221   0.053   0.210   0.000   0.000   0.000   0.000   0.000   0.000  65486380
 1.05   3.54   30.314
 1.05   7.00    0.247    0.277
 1.05   7.00    0.523   34.775
 1.05   7.00    0.460    0.552   0.523   0.492
 1.05   7.00    0.464    0.514   0.523   0.454

 1.06   0.00    0.483    0.446   0.220   0.053   0.210   0.000   0.000   0.000   0.000   0.000   0.000  66110060
 1.06   3.55   30.267
 1.06   7.00    0.248    0.275
 1.06   7.00    0.523   34.640
 1.06   7.00    0.459    0.551   0.523   0.491
 1.06   7.00    0.464    0.513   0.523   0.453

 1.07   0.00    0.482    0.446   0.219   0.053   0.210   0.000   0.000   0.000   0.000   0.000   0.000  66733740
 1.07   3.56   30.224
 1.07   7.00    0.249    0.272
 1.07   7.00    0.522   34.510
 1.07   7.00    0.458    0.550   0.522   0.490
 1.07   7.00    0.463    0.513   0.522   0.452

 1.08   0.00    0.482    0.445   0.218   0.053   0.210   0.000   0.000   0.000   0.000   0.000   0.000  67357420
 1.08   3.57   30.186
 1.08   7.00    0.250    0.270
 1.08   7.00    0.521   34.382
 1.08   7.00    0.457    0.549   0.521   0.489
 1.08   7.00    0.462    0.512   0.521   0.452

 1.09   0.00    0.481    0.444   0.218   0.053   0.210   0.000   0.000   0.000   0.000   0.000   0.000  67981100
 1.09   3.58   30.149
 1.09   7.00    0.251    0.268
 1.09   7.00    0.519   34.257
 1.09   7.00    0.456    0.548   0.519   0.488
 1.09   7.00    0.461    0.511   0.519   0.451

 1.10   0.00    0.480    0.444   0.217   0.053   0.210   0.000   0.000   0.000   0.000   0.000   0.000  68604780
 1.10   3.59   30.116
 1.10   7.00    0.252    0.266
 1.10   7.00    0.518   34.133
 1.10   7.00    0.455    0.547   0.518   0.487
 1.10   7.00    0.460    0.510   0.518   0.450

 1.11   0.00    0.479    0.443   0.216   0.053   0.210   0.000   0.000   0.000   0.000   0.000   0.000  69228460
 1.11   3.59   30.084
 1.11   7.00    0.253    0.264
 1.11   7.00    0.517   34.011
 1.11   7.00    0.454    0.546   0.517   0.486
 1.11   7.00    0.458    0.509   0.517   0.449

 1.12   0.00    0.478    0.442   0.215   0.053   0.210   0.000   0.000   0.000   0.000   0.000   0.000  69852140
 1.12   3.60   30.054
 1.12   7.00    0.254    0.262
 1.12   7.00    0.516   33.889
 1.12   7.00    0.453    0.544   0.516   0.485
 1.12   7.00    0.457    0.508   0.516   0.449

 1.13   0.00    0.477    0.441   0.214   0.053   0.210   0.000   0.000   0.000   0.000   0.000   0.000  70475820
 1.13   3.61   30.025
 1.13   7.00    0.255    0.260
 1.13   7.00    0.515   33.769
 1.13   7.00    0.452    0.543   0.515   0.484
 1.13   7.00    0.456    0.507   0.515   0.448

 1.14   0.00    0.476    0.441   0.214   0.053   0.210   0.000   0.000   0.000   0.000   0.000   0.000  71099500
 1.14   3.61   29.998
 1.14   7.00    0.255    0.258
 1.14   7.00    0.513   33.649
 1.14   7.00    0.450    0.542   0.513   0.483
 1.14   7.00    0.455    0.506   0.513   0.447

 1.15   0.00    0.475    0.440   0.213   0.052   0.210   0.000   0.000   0.000   0.000   0.000   0.000  71723180
 1.15   3.62   29.972
 1.15   7.00    0.256    0.256
 1.15   7.00    0.512   33.530
 1.15   7.00    0.449    0.541   0.512   0.483
 1.15   7.00    0.454    0.506   0.512   0.447

 1.16   0.00    0.474    0.438   0.212   0.052   0.209   0.000   0.000   0.000   0.000   0.000   0.000  72346860
 1.16   3.62   29.947
 1.16   7.00    0.257    0.254
 1.16   7.00    0.510   33.412
 1.16   7.00    0.448    0.539   0.510   0.481
 1.16   7.00    0.452    0.504   0.510   0.445

 1.17   0.00    0.472    0.437   0.211   0.052   0.208   0.000   0.000   0.000   0.000   0.000   0.000  72970540
 1.17   3.63   29.924
 1.17   7.00    0.257    0.252
 1.17   7.00    0.509   33.293
 1.17   7.00    0.447    0.537   0.509   0.479
 1.17   7.00    0.451    0.502   0.509   0.443

 1.18   0.00    0.470    0.435   0.211   0.052   0.207   0.000   0.000   0.000   0.000   0.000   0.000  73594220
 1.18   3.64   29.901
 1.18   7.00    0.258    0.250
 1.18   7.00    0.508   33.175
 1.18   7.00    0.446    0.535   0.508   0.477
 1.18   7.00    0.450    0.500   0.508   0.442

 1.19   0.00    0.468    0.433   0.210   0.052   0.206   0.000   0.000   0.000   0.000   0.000   0.000  74217900
 1.19   3.64   29.878
 1.19   7.00    0.259    0.247
 1.19   7.00    0.506   33.057
 1.19   7.00    0.444    0.534   0.506   0.475
 1.19   7.00    0.449    0.498   0.506   0.440

 1.20   0.00    0.467    0.432   0.209   0.052   0.205   0.000   0.000   0.000   0.000   0.000   0.000  74841580
 1.20   3.65   29.857
 1.20   7.00    0.259    0.245
 1.20   7.00    0.505   32.939
 1.20   7.00    0.443    0.532   0.505   0.474
 1.20   7.00    0.447    0.496   0.505   0.438

 1.21   0.00    0.465    0.430   0.208   0.052   0.205   0.000   0.000   0.000   0.000   0.000   0.000  75465260
 1.21   3.65   29.836
 1.21   7.00    0.260    0.243
 1.21   7.00    0.503   32.821
 1.21   7.00    0.442    0.530   0.503   0.472
 1.21   7.00    0.446    0.495   0.503   0.436

 1.22   0.00    0.463    0.428   0.208   0.052   0.204   0.000   0.000   0.000   0.000   0.000   0.000  76088940
 1.22   3.65   29.816
 1.22   7.00    0.260    0.241
 1.22   7.00    0.502   32.702
 1.22   7.00    0.441    0.528   0.502   0.470
 1.22   7.00    0.445    0.493   0.502   0.435

 1.23   0.00    0.461    0.426   0.207   0.052   0.203   0.000   0.000   0.000   0.000   0.000   0.000  76712620
 1.23   3.66   29.797
 1.23   7.00    0.261    0.239
 1.23   7.00    0.500   32.584
 1.23   7.00    0.439    0.526   0.500   0.468
 1.23   7.00    0.444    0.491   0.500   0.433

 1.24   0.00    0.460    0.425   0.206   0.052   0.202   0.000   0.000   0.000   0.000   0.000   0.000  77336300
 1.24   3.66   29.778
 1.24   7.00    0.262    0.237
 1.24   7.00    0.499   32.466
 1.24   7.00    0.438    0.524   0.499   0.467
 1.24   7.00    0.442    0.489   0.499   0.431

 1.25   0.00    0.458    0.423   0.205   0.052   0.201   0.000   0.000   0.000   0.000   0.000   0.000  77959980
 1.25   3.67   29.759
 1.25   7.00    0.262    0.235
 1.25   7.00    0.497   32.347
 1.25   7.00    0.437    0.522   0.497   0.465
 1.25   7.00    0.441    0.487   0.497   0.429

 1.26   0.00    0.456    0.421   0.205   0.052   0.200   0.000   0.000   0.000   0.000   0.000   0.000  78583660
 1.26   3.67   29.741
 1.26   7.00    0.263    0.233
 1.26   7.00    0.495   32.228
 1.26   7.00    0.435    0.520   0.495   0.463
 1.26   7.00    0.440    0.485   0.495   0.428

 1.27   0.00    0.454    0.420   0.204   0.051   0.199   0.000   0.000   0.000   0.000   0.000   0.000  79207340
 1.27   3.68   29.724
 1.27   7.00    0.263    0.231
 1.27   7.00    0.494   32.109
 1.27   7.00    0.434    0.518   0.494   0.461
 1.27   7.00    0.438    0.483   0.494   0.426

 1.28   0.00    0.453    0.418   0.203   0.051   0.198   0.000   0.000   0.000   0.000   0.000   0.000  79831020
 1.28   3.68   29.707
 1.28   7.00    0.264    0.229
 1.28   7.00    0.492   31.989
 1.28   7.00    0.433    0.516   0.492   0.460
 1.28   7.00    0.437    0.481   0.492   0.424

 1.29   0.00    0.451    0.416   0.202   0.051   0.197   0.000   0.000   0.000   0.000   0.000   0.000  80454690
 1.29   3.68   29.690
 1.29   7.00    0.264    0.227
 1.29   7.00    0.491   31.869
 1.29   7.00    0.431    0.514   0.491   0.458
 1.29   7.00    0.435    0.479   0.491   0.422

 1.30   0.00    0.449    0.414   0.202   0.051   0.197   0.000   0.000   0.000   0.000   0.000   0.000  81078370
 1.30   3.69   29.674
 1.30   7.00    0.265    0.224
 1.30   7.00    0.489   31.748
 1.30   7.00    0.430    0.512   0.489   0.456
 1.30   7.00    0.434    0.477   0.489   0.421

 1.31   0.00    0.448    0.413   0.201   0.051   0.196   0.000   0.000   0.000   0.000   0.000   0.000  81702050
 1.31   3.69   29.658
 1.31   7.00    0.265    0.222
 1.31   7.00    0.487   31.628
 1.31   7.00    0.428    0.510   0.487   0.454
 1.31   7.00    0.433    0.475   0.487   0.419

 1.32   0.00    0.446    0.411   0.200   0.051   0.195   0.000   0.000   0.000   0.000   0.000   0.000  82325740
 1.32   3.70   29.643
 1.32   7.00    0.265    0.220
 1.32   7.00    0.486   31.506
 1.32   7.00    0.427    0.508   0.486   0.453
 1.32   7.00    0.431    0.473   0.486   0.417

 1.33   0.00    0.444    0.409   0.199   0.051   0.194   0.000   0.000   0.000   0.000   0.000   0.000  82949420
 1.33   3.70   29.628
 1.33   7.00    0.266    0.218
 1.33   7.00    0.484   31.384
 1.33   7.00    0.426    0.507   0.484   0.451
 1.33   7.00    0.430    0.471   0.484   0.416

 1.34   0.00    0.443    0.408   0.199   0.051   0.193   0.000   0.000   0.000   0.000   0.000   0.000  83573100
 1.34   3.70   29.613
 1.34   7.00    0.266    0.216
 1.34   7.00    0.482   31.262
 1.34   7.00    0.424    0.505   0.482   0.449
 1.34   7.00    0.428    0.470   0.482   0.414

 1.35   0.00    0.441    0.406   0.198   0.051   0.192   0.000   0.000   0.000   0.000   0.000   0.000  84196780
 1.35   3.71   29.599
 1.35   7.00    0.267    0.214
 1.35   7.00    0.481   31.139
 1.35   7.00    0.423    0.503   0.481   0.448
 1.35   7.00    0.427    0.468   0.481   0.412

 1.36   0.00    0.439    0.404   0.197   0.051   0.191   0.000   0.000   0.000   0.000   0.000   0.000  84820460
 1.36   3.71   29.585
 1.36   7.00    0.267    0.212
 1.36   7.00    0.479   31.016
 1.36   7.00    0.421    0.501   0.479   0.446
 1.36   7.00    0.426    0.466   0.479   0.411

 1.37   0.00    0.438    0.403   0.196   0.051   0.191   0.000   0.000   0.000   0.000   0.000   0.000  85444140
 1.37   3.71   29.571
 1.37   7.00    0.268    0.210
 1.37   7.00    0.477   30.892
 1.37   7.00    0.420    0.499   0.477   0.444
 1.37   7.00    0.424    0.464   0.477   0.409

 1.38   0.00    0.436    0.401   0.196   0.051   0.190   0.000   0.000   0.000   0.000   0.000   0.000  86067810
 1.38   3.72   29.557
 1.38   7.00    0.268    0.208
 1.38   7.00    0.476   30.767
 1.38   7.00    0.418    0.497   0.476   0.443
 1.38   7.00    0.423    0.462   0.476   0.407

 1.39   0.00    0.434    0.399   0.195   0.050   0.189   0.000   0.000   0.000   0.000   0.000   0.000  86691490
 1.39   3.72   29.544
 1.39   7.00    0.268    0.206
 1.39   7.00    0.474   30.642
 1.39   7.00    0.417    0.495   0.474   0.441
 1.39   7.00    0.421    0.460   0.474   0.406

 1.40   0.00    0.433    0.398   0.194   0.050   0.188   0.000   0.000   0.000   0.000   0.000   0.000  87315170
 1.40   3.72   29.531
 1.40   7.00    0.269    0.204
 1.40   7.00    0.472   30.516
 1.40   7.00    0.415    0.494   0.472   0.439
 1.40   7.00    0.420    0.458   0.472   0.404

 1.41   0.00    0.431    0.396   0.194   0.050   0.187   0.000   0.000   0.000   0.000   0.000   0.000  87938850
 1.41   3.73   29.518
 1.41   7.00    0.269    0.202
 1.41   7.00    0.471   30.389
 1.41   7.00    0.414    0.492   0.471   0.438
 1.41   7.00    0.418    0.457   0.471   0.402

 1.42   0.00    0.429    0.395   0.193   0.050   0.186   0.000   0.000   0.000   0.000   0.000   0.000  88562530
 1.42   3.73   29.506
 1.42   7.00    0.270    0.199
 1.42   7.00    0.469   30.262
 1.42   7.00    0.412    0.490   0.469   0.436
 1.42   7.00    0.417    0.455   0.469   0.401

 1.43   0.00    0.428    0.393   0.192   0.050   0.186   0.000   0.000   0.000   0.000   0.000   0.000  89186210
 1.43   3.73   29.494
 1.43   7.00    0.270    0.197
 1.43   7.00    0.467   30.134
 1.43   7.00    0.411    0.488   0.467   0.434
 1.43   7.00    0.415    0.453   0.467   0.399

 1.44   0.00    0.426    0.391   0.191   0.050   0.185   0.000   0.000   0.000   0.000   0.000   0.000  89809900
 1.44   3.73   29.456
 1.44   7.00    0.270    0.195
 1.44   7.00    0.466   30.005
 1.44   7.00    0.409    0.486   0.466   0.433
 1.44   7.00    0.414    0.451   0.466   0.397

 1.45   0.00    0.425    0.390   0.191   0.050   0.184   0.000   0.000   0.000   0.000   0.000   0.000  90433580
 1.45   3.73   29.404
 1.45   7.00    0.271    0.193
 1.45   7.00    0.464   29.876
 1.45   7.00    0.408    0.484   0.464   0.431
 1.45   7.00    0.412    0.449   0.464   0.396

 1.46   0.00    0.423    0.388   0.190   0.050   0.183   0.000   0.000   0.000   0.000   0.000   0.000  91057260
 1.46   3.73   29.353
 1.46   7.00    0.271    0.191
 1.46   7.00    0.462   29.746
 1.46   7.00    0.406    0.483   0.462   0.429
 1.46   7.00    0.411    0.447   0.462   0.394

 1.47   0.00    0.421    0.387   0.189   0.050   0.182   0.000   0.000   0.000   0.000   0.000   0.000  91680940
 1.47   3.72   29.301
 1.47   7.00    0.271    0.189
 1.47   7.00    0.460   29.615
 1.47   7.00    0.405    0.481   0.460   0.428
 1.47   7.00    0.409    0.446   0.460   0.392

 1.48   0.00    0.420    0.385   0.189   0.050   0.182   0.000   0.000   0.000   0.000   0.000   0.000  92304610
 1.48   3.72   29.249
 1.48   7.00    0.272    0.187
 1.48   7.00    0.459   29.483
 1.48   7.00    0.403    0.479   0.459   0.426
 1.48   7.00    0.408    0.444   0.459   0.391

 1.49   0.00    0.418    0.383   0.188   0.050   0.181   0.000   0.000   0.000   0.000   0.000   0.000  92928290
 1.49   3.72   29.198
 1.49   7.00    0.272    0.185
 1.49   7.00    0.457   29.351
 1.49   7.00    0.402    0.477   0.457   0.425
 1.49   7.00    0.406    0.442   0.457   0.389

 1.50   0.00    0.417    0.382   0.187   0.050   0.180   0.000   0.000   0.000   0.000   0.000   0.000  93551970
 1.50   3.72   29.147
 1.50   7.00    0.272    0.183
 1.50   7.00    0.455   29.217
 1.50   7.00    0.400    0.475   0.455   0.423
 1.50   7.00    0.405    0.440   0.455   0.388

 1.51   0.00    0.415    0.380   0.186   0.050   0.179   0.000   0.000   0.000   0.000   0.000   0.000  94175650
 1.51   3.71   29.096
 1.51   7.00    0.273    0.181
 1.51   7.00    0.453   29.083
 1.51   7.00    0.399    0.473   0.453   0.421
 1.51   7.00    0.403    0.438   0.453   0.386

 1.52   0.00    0.414    0.379   0.186   0.049   0.178   0.000   0.000   0.000   0.000   0.000   0.000  94799330
 1.52   3.71   29.045
 1.52   7.00    0.273    0.179
 1.52   7.00    0.452   28.948
 1.52   7.00    0.397    0.472   0.452   0.420
 1.52   7.00    0.401    0.437   0.452   0.384

 1.53   0.00    0.412    0.377   0.185   0.049   0.178   0.000   0.000   0.000   0.000   0.000   0.000  95423010
 1.53   3.71   28.994
 1.53   7.00    0.273    0.176
 1.53   7.00    0.450   28.812
 1.53   7.00    0.396    0.470   0.450   0.418
 1.53   7.00    0.400    0.435   0.450   0.383

 1.54   0.00    0.410    0.376   0.184   0.049   0.177   0.000   0.000   0.000   0.000   0.000   0.000  96046690
 1.54   3.70   28.943
 1.54   7.00    0.274    0.174
 1.54   7.00    0.448   28.675
 1.54   7.00    0.394    0.468   0.448   0.417
 1.54   7.00    0.398    0.433   0.448   0.381

 1.55   0.00    0.409    0.374   0.184   0.049   0.176   0.000   0.000   0.000   0.000   0.000   0.000  96670370
 1.55   3.70   28.892
 1.55   7.00    0.274    0.172
 1.55   7.00    0.446   28.537
 1.55   7.00    0.392    0.466   0.446   0.415
 1.55   7.00    0.397    0.431   0.446   0.380

 1.56   0.00    0.407    0.373   0.183   0.049   0.175   0.000   0.000   0.000   0.000   0.000   0.000  97294050
 1.56   3.70   28.841
 1.56   7.00    0.274    0.170
 1.56   7.00    0.445   28.398
 1.56   7.00    0.391    0.465   0.445   0.414
 1.56   7.00    0.395    0.430   0.445   0.378

 1.57   0.00    0.406    0.371   0.182   0.049   0.174   0.000   0.000   0.000   0.000   0.000   0.000  97917730
 1.57   3.69   28.790
 1.57   7.00    0.275    0.168
 1.57   7.00    0.443   28.258
 1.57   7.00    0.389    0.463   0.443   0.412
 1.57   7.00    0.394    0.428   0.443   0.377

 1.58   0.00    0.404    0.369   0.182   0.049   0.174   0.000   0.000   0.000   0.000   0.000   0.000  98541410
 1.58   3.69   28.740
 1.58   7.00    0.275    0.166
 1.58   7.00    0.441   28.117
 1.58   7.00    0.388    0.461   0.441   0.410
 1.58   7.00    0.392    0.426   0.441   0.375

 1.59   0.00    0.403    0.368   0.181   0.049   0.173   0.000   0.000   0.000   0.000   0.000   0.000  99165090
 1.59   3.69   28.689
 1.59   7.00    0.275    0.164
 1.59   7.00    0.439   27.976
 1.59   7.00    0.386    0.459   0.439   0.409
 1.59   7.00    0.390    0.424   0.439   0.374

 1.60   0.00    0.401    0.366   0.180   0.049   0.172   0.000   0.000   0.000   0.000   0.000   0.000  99788770
 1.60   3.69   28.639
 1.60   7.00    0.276    0.162
 1.60   7.00    0.437   27.833
 1.60   7.00    0.384    0.458   0.437   0.407
 1.60   7.00    0.389    0.423   0.437   0.372

 1.61   0.00    0.400    0.365   0.180   0.049   0.171   0.000   0.000   0.000   0.000   0.000   0.000 100412400
 1.61   3.68   28.588
 1.61   7.00    0.276    0.160
 1.61   7.00    0.436   27.689
 1.61   7.00    0.383    0.456   0.436   0.406
 1.61   7.00    0.387    0.421   0.436   0.370

 1.62   0.00    0.398    0.363   0.179   0.049   0.171   0.000   0.000   0.000   0.000   0.000   0.000 101036100
 1.62   3.68   28.538
 1.62   7.00    0.276    0.158
 1.62   7.00    0.434   27.544
 1.62   7.00    0.381    0.454   0.434   0.404
 1.62   7.00    0.386    0.419   0.434   0.369

 1.63   0.00    0.397    0.362   0.178   0.049   0.170   0.000   0.000   0.000   0.000   0.000   0.000 101659800
 1.63   3.68   28.487
 1.63   7.00    0.276    0.156
 1.63   7.00    0.432   27.398
 1.63   7.00    0.380    0.452   0.432   0.403
 1.63   7.00    0.384    0.417   0.432   0.367

 1.64   0.00    0.395    0.360   0.177   0.049   0.169   0.000   0.000   0.000   0.000   0.000   0.000 102283500
 1.64   3.67   28.437
 1.64   7.00    0.277    0.153
 1.64   7.00    0.430   27.251
 1.64   7.00    0.378    0.451   0.430   0.401
 1.64   7.00    0.382    0.416   0.430   0.366

 1.65   0.00    0.394    0.359   0.177   0.049   0.168   0.000   0.000   0.000   0.000   0.000   0.000 102907200
 1.65   3.67   28.387
 1.65   7.00    0.277    0.151
 1.65   7.00    0.428   27.103
 1.65   7.00    0.376    0.449   0.428   0.400
 1.65   7.00    0.381    0.414   0.428   0.364

 1.66   0.00    0.392    0.357   0.176   0.049   0.168   0.000   0.000   0.000   0.000   0.000   0.000 103530800
 1.66   3.67   28.337
 1.66   7.00    0.277    0.149
 1.66   7.00    0.427   26.953
 1.66   7.00    0.375    0.447   0.427   0.398
 1.66   7.00    0.379    0.412   0.427   0.363

 1.67   0.00    0.391    0.356   0.175   0.048   0.167   0.000   0.000   0.000   0.000   0.000   0.000 104154500
 1.67   3.66   28.286
 1.67   7.00    0.277    0.147
 1.67   7.00    0.425   26.803
 1.67   7.00    0.373    0.446   0.425   0.397
 1.67   7.00    0.378    0.410   0.425   0.361

 1.68   0.00    0.389    0.355   0.175   0.048   0.166   0.000   0.000   0.000   0.000   0.000   0.000 104778200
 1.68   3.66   28.236
 1.68   7.00    0.278    0.145
 1.68   7.00    0.423   26.651
 1.68   7.00    0.372    0.444   0.423   0.395
 1.68   7.00    0.376    0.409   0.423   0.360

 1.69   0.00    0.388    0.353   0.174   0.048   0.165   0.000   0.000   0.000   0.000   0.000   0.000 105401900
 1.69   3.65   28.186
 1.69   7.00    0.278    0.143
 1.69   7.00    0.421   26.498
 1.69   7.00    0.370    0.442   0.421   0.394
 1.69   7.00    0.374    0.407   0.421   0.358

 1.70   0.00    0.386    0.352   0.173   0.048   0.165   0.000   0.000   0.000   0.000   0.000   0.000 106025600
 1.70   3.65   28.136
 1.70   7.00    0.278    0.141
 1.70   7.00    0.419   26.344
 1.70   7.00    0.368    0.440   0.419   0.392
 1.70   7.00    0.373    0.405   0.419   0.357

 1.71   0.00    0.385    0.350   0.173   0.048   0.164   0.000   0.000   0.000   0.000   0.000   0.000 106649200
 1.71   3.65   28.086
 1.71   7.00    0.279    0.139
 1.71   7.00    0.417   26.189
 1.71   7.00    0.367    0.439   0.417   0.391
 1.71   7.00    0.371    0.404   0.417   0.355

 1.72   0.00    0.384    0.349   0.172   0.048   0.163   0.000   0.000   0.000   0.000   0.000   0.000 107272900
 1.72   3.64   28.035
 1.72   7.00    0.279    0.137
 1.72   7.00    0.416   26.032
 1.72   7.00    0.365    0.437   0.416   0.389
 1.72   7.00    0.369    0.402   0.416   0.354

 1.73   0.00    0.382    0.347   0.171   0.048   0.163   0.000   0.000   0.000   0.000   0.000   0.000 107896600
 1.73   3.64   27.985
 1.73   7.00    0.279    0.135
 1.73   7.00    0.414   25.874
 1.73   7.00    0.363    0.435   0.414   0.388
 1.73   7.00    0.368    0.400   0.414   0.352

 1.74   0.00    0.381    0.346   0.171   0.048   0.162   0.000   0.000   0.000   0.000   0.000   0.000 108520300
 1.74   3.64   27.935
 1.74   7.00    0.279    0.133
 1.74   7.00    0.412   25.715
 1.74   7.00    0.362    0.434   0.412   0.386
 1.74   7.00    0.366    0.399   0.412   0.351

 1.75   0.00    0.379    0.344   0.170   0.048   0.161   0.000   0.000   0.000   0.000   0.000   0.000 109144000
 1.75   3.63   27.885
 1.75   7.00    0.279    0.131
 1.75   7.00    0.410   25.554
 1.75   7.00    0.360    0.432   0.410   0.385
 1.75   7.00    0.364    0.397   0.410   0.350

 1.76   0.00    0.378    0.343   0.169   0.048   0.160   0.000   0.000   0.000   0.000   0.000   0.000 109767600
 1.76   3.63   27.835
 1.76   7.00    0.280    0.128
 1.76   7.00    0.408   25.392
 1.76   7.00    0.358    0.430   0.408   0.383
 1.76   7.00    0.363    0.395   0.408   0.348

 1.77   0.00    0.376    0.342   0.169   0.048   0.160   0.000   0.000   0.000   0.000   0.000   0.000 110391300
 1.77   3.63   27.785
 1.77   7.00    0.280    0.126
 1.77   7.00    0.406   25.229
 1.77   7.00    0.357    0.429   0.406   0.382
 1.77   7.00    0.361    0.394   0.406   0.347

 1.78   0.00    0.375    0.340   0.168   0.048   0.159   0.000   0.000   0.000   0.000   0.000   0.000 111015000
 1.78   3.62   27.735
 1.78   7.00    0.280    0.124
 1.78   7.00    0.404   25.064
 1.78   7.00    0.355    0.427   0.404   0.381
 1.78   7.00    0.359    0.392   0.404   0.345

 1.79   0.00    0.374    0.339   0.167   0.048   0.158   0.000   0.000   0.000   0.000   0.000   0.000 111638700
 1.79   3.62   27.685
 1.79   7.00    0.280    0.122
 1.79   7.00    0.403   24.898
 1.79   7.00    0.353    0.425   0.403   0.379
 1.79   7.00    0.358    0.390   0.403   0.344

 1.80   0.00    0.372    0.337   0.167   0.048   0.158   0.000   0.000   0.000   0.000   0.000   0.000 112262400
 1.80   3.61   27.635
 1.80   7.00    0.281    0.120
 1.80   7.00    0.401   24.730
 1.80   7.00    0.352    0.424   0.401   0.378
 1.80   7.00    0.356    0.389   0.401   0.342

 1.81   0.00    0.371    0.336   0.166   0.048   0.157   0.000   0.000   0.000   0.000   0.000   0.000 112886000
 1.81   3.61   27.585
 1.81   7.00    0.281    0.118
 1.81   7.00    0.399   24.561
 1.81   7.00    0.350    0.422   0.399   0.376
 1.81   7.00    0.354    0.387   0.399   0.341

 1.82   0.00    0.369    0.334   0.166   0.048   0.156   0.000   0.000   0.000   0.000   0.000   0.000 113509700
 1.82   3.61   27.534
 1.82   7.00    0.281    0.116
 1.82   7.00    0.397   24.390
 1.82   7.00    0.348    0.420   0.397   0.375
 1.82   7.00    0.353    0.385   0.397   0.340

 1.83   0.00    0.368    0.333   0.165   0.048   0.156   0.000   0.000   0.000   0.000   0.000   0.000 114133400
 1.83   3.60   27.484
 1.83   7.00    0.281    0.114
 1.83   7.00    0.395   24.218
 1.83   7.00    0.347    0.419   0.395   0.373
 1.83   7.00    0.351    0.384   0.395   0.338

 1.84   0.00    0.367    0.332   0.164   0.048   0.155   0.000   0.000   0.000   0.000   0.000   0.000 114757100
 1.84   3.60   27.434
 1.84   7.00    0.281    0.112
 1.84   7.00    0.393   24.044
 1.84   7.00    0.345    0.417   0.393   0.372
 1.84   7.00    0.349    0.382   0.393   0.337

 1.85   0.00    0.365    0.330   0.164   0.047   0.154   0.000   0.000   0.000   0.000   0.000   0.000 115380800
 1.85   3.59   27.384
 1.85   7.00    0.282    0.110
 1.85   7.00    0.391   23.869
 1.85   7.00    0.343    0.416   0.391   0.371
 1.85   7.00    0.348    0.380   0.391   0.335

 1.86   0.00    0.364    0.329   0.163   0.047   0.153   0.000   0.000   0.000   0.000   0.000   0.000 116004400
 1.86   3.59   27.334
 1.86   7.00    0.282    0.108
 1.86   7.00    0.389   23.692
 1.86   7.00    0.342    0.414   0.389   0.369
 1.86   7.00    0.346    0.379   0.389   0.334

 1.87   0.00    0.362    0.328   0.162   0.047   0.153   0.000   0.000   0.000   0.000   0.000   0.000 116628100
 1.87   3.59   27.284
 1.87   7.00    0.282    0.105
 1.87   7.00    0.388   23.514
 1.87   7.00    0.340    0.412   0.388   0.368
 1.87   7.00    0.344    0.377   0.388   0.333

 1.88   0.00    0.361    0.326   0.162   0.047   0.152   0.000   0.000   0.000   0.000   0.000   0.000 117251800
 1.88   3.58   27.234
 1.88   7.00    0.282    0.103
 1.88   7.00    0.386   23.333
 1.88   7.00    0.338    0.411   0.386   0.366
 1.88   7.00    0.342    0.376   0.386   0.331

 1.89   0.00    0.360    0.325   0.161   0.047   0.151   0.000   0.000   0.000   0.000   0.000   0.000 117875500
 1.89   3.58   27.183
 1.89   7.00    0.282    0.101
 1.89   7.00    0.384   23.151
 1.89   7.00    0.336    0.409   0.384   0.365
 1.89   7.00    0.341    0.374   0.384   0.330

 1.90   0.00    0.358    0.323   0.160   0.047   0.151   0.000   0.000   0.000   0.000   0.000   0.000 118499200
 1.90   3.57   27.133
 1.90   7.00    0.283    0.099
 1.90   7.00    0.382   22.968
 1.90   7.00    0.335    0.408   0.382   0.364
 1.90   7.00    0.339    0.372   0.382   0.328

 1.91   0.00    0.357    0.322   0.160   0.047   0.150   0.000   0.000   0.000   0.000   0.000   0.000 119122800
 1.91   3.57   27.083
 1.91   7.00    0.283    0.097
 1.91   7.00    0.380   22.782
 1.91   7.00    0.333    0.406   0.380   0.362
 1.91   7.00    0.337    0.371   0.380   0.327

 1.92   0.00    0.356    0.321   0.159   0.047   0.149   0.000   0.000   0.000   0.000   0.000   0.000 119746500
 1.92   3.57   27.033
 1.92   7.00    0.283    0.095
 1.92   7.00    0.378   22.595
 1.92   7.00    0.331    0.404   0.378   0.361
 1.92   7.00    0.336    0.369   0.378   0.326

 1.93   0.00    0.354    0.319   0.158   0.047   0.149   0.000   0.000   0.000   0.000   0.000   0.000 120370200
 1.93   3.56   26.982
 1.93   7.00    0.283    0.093
 1.93   7.00    0.376   22.406
 1.93   7.00    0.329    0.403   0.376   0.360
 1.93   7.00    0.334    0.368   0.376   0.324

 1.94   0.00    0.353    0.318   0.158   0.047   0.148   0.000   0.000   0.000   0.000   0.000   0.000 120993900
 1.94   3.56   26.932
 1.94   7.00    0.283    0.091
 1.94   7.00    0.374   22.215
 1.94   7.00    0.328    0.401   0.374   0.358
 1.94   7.00    0.332    0.366   0.374   0.323

 1.95   0.00    0.352    0.317   0.157   0.047   0.148   0.000   0.000   0.000   0.000   0.000   0.000 121617600
 1.95   3.55   26.881
 1.95   7.00    0.284    0.089
 1.95   7.00    0.372   22.022
 1.95   7.00    0.326    0.400   0.372   0.357
 1.95   7.00    0.330    0.365   0.372   0.322

 1.96   0.00    0.350    0.315   0.157   0.047   0.147   0.000   0.000   0.000   0.000   0.000   0.000 122241200
 1.96   3.55   26.831
 1.96   7.00    0.284    0.087
 1.96   7.00    0.370   21.827
 1.96   7.00    0.324    0.398   0.370   0.356
 1.96   7.00    0.329    0.363   0.370   0.320

 1.97   0.00    0.349    0.314   0.156   0.047   0.146   0.000   0.000   0.000   0.000   0.000   0.000 122864900
 1.97   3.55   26.781
 1.97   7.00    0.284    0.085
 1.97   7.00    0.368   21.630
 1.97   7.00    0.323    0.396   0.368   0.354
 1.97   7.00    0.327    0.361   0.368   0.319

 1.98   0.00    0.348    0.313   0.155   0.047   0.146   0.000   0.000   0.000   0.000   0.000   0.000 123488600
 1.98   3.54   26.730
 1.98   7.00    0.284    0.083
 1.98   7.00    0.367   21.432
 1.98   7.00    0.321    0.395   0.367   0.353
 1.98   7.00    0.325    0.360   0.367   0.317

 1.99   0.00    0.346    0.311   0.155   0.047   0.145   0.000   0.000   0.000   0.000   0.000   0.000 124112300
 1.99   3.54   26.680
 1.99   7.00    0.284    0.080
 1.99   7.00    0.365   21.231
 1.99   7.00    0.319    0.393   0.365   0.352
 1.99   7.00    0.323    0.358   0.365   0.316

 2.00   0.00    0.345    0.310   0.154   0.047   0.144   0.000   0.000   0.000   0.000   0.000   0.000 124736000
 2.00   3.53   26.629
 2.00   7.00    0.284    0.078
 2.00   7.00    0.363   21.028
 2.00   7.00    0.317    0.392   0.363   0.350
 2.00   7.00    0.322    0.356   0.363   0.315

 2.01   0.00    0.344    0.309   0.153   0.047   0.144   0.000   0.000   0.000   0.000   0.000   0.000 125359600
 2.01   3.53   26.578
 2.01   7.00    0.285    0.076
 2.01   7.00    0.361   20.823
 2.01   7.00    0.316    0.390   0.361   0.349
 2.01   7.00    0.320    0.355   0.361   0.313

 2.02   0.00    0.343    0.307   0.153   0.047   0.143   0.000   0.000   0.000   0.000   0.000   0.000 125983300
 2.02   3.52   26.528
 2.02   7.00    0.285    0.074
 2.02   7.00    0.359   20.616
 2.02   7.00    0.314    0.389   0.359   0.348
 2.02   7.00    0.318    0.353   0.359   0.312

 2.03   0.00    0.341    0.306   0.152   0.047   0.142   0.000   0.000   0.000   0.000   0.000   0.000 126607000
 2.03   3.52   26.477
 2.03   7.00    0.285    0.072
 2.03   7.00    0.357   20.407
 2.03   7.00    0.312    0.387   0.357   0.346
 2.03   7.00    0.316    0.352   0.357   0.311

 2.04   0.00    0.340    0.305   0.152   0.046   0.142   0.000   0.000   0.000   0.000   0.000   0.000 127230700
 2.04   3.52   26.426
 2.04   7.00    0.285    0.070
 2.04   7.00    0.355   20.195
 2.04   7.00    0.310    0.386   0.355   0.345
 2.04   7.00    0.315    0.350   0.355   0.309

 2.05   0.00    0.339    0.303   0.151   0.046   0.141   0.000   0.000   0.000   0.000   0.000   0.000 127854400
 2.05   3.51   26.375
 2.05   7.00    0.285    0.068
 2.05   7.00    0.353   19.981
 2.05   7.00    0.308    0.384   0.353   0.344
 2.05   7.00    0.313    0.349   0.353   0.308

 2.06   0.00    0.338    0.302   0.151   0.046   0.141   0.000   0.000   0.000   0.000   0.000   0.000 128478000
 2.06   3.51   26.325
 2.06   7.00    0.285    0.068
 2.06   7.00    0.353   19.950
 2.06   7.00    0.308    0.383   0.353   0.343
 2.06   7.00    0.313    0.347   0.353   0.307

 2.07   0.00    0.337    0.301   0.150   0.046   0.140   0.000   0.000   0.000   0.000   0.000   0.000 129101700
 2.07   3.50   26.274
 2.07   7.00    0.285    0.068
 2.07   7.00    0.353   19.949
 2.07   7.00    0.309    0.382   0.353   0.342
 2.07   7.00    0.313    0.346   0.353   0.305

 2.08   0.00    0.335    0.300   0.150   0.046   0.139   0.000   0.000   0.000   0.000   0.000   0.000 129725400
 2.08   3.50   26.223
 2.08   7.00    0.286    0.068
 2.08   7.00    0.353   19.948
 2.08   7.00    0.309    0.381   0.353   0.340
 2.08   7.00    0.313    0.345   0.353   0.304

 2.09   0.00    0.334    0.298   0.149   0.046   0.139   0.000   0.000   0.000   0.000   0.000   0.000 130349100
 2.09   3.49   26.172
 2.09   7.00    0.286    0.068
 2.09   7.00    0.353   19.947
 2.09   7.00    0.309    0.380   0.353   0.339
 2.09   7.00    0.314    0.344   0.353   0.303

 2.10   0.00    0.333    0.297   0.149   0.046   0.138   0.000   0.000   0.000   0.000   0.000   0.000 130972800
 2.10   3.49   26.121
 2.10   7.00    0.286    0.068
 2.10   7.00    0.353   19.945
 2.10   7.00    0.310    0.379   0.353   0.338
 2.10   7.00    0.314    0.342   0.353   0.301

 2.11   0.00    0.332    0.296   0.148   0.046   0.138   0.000   0.000   0.000   0.000   0.000   0.000 131596400
 2.11   3.48   26.070
 2.11   7.00    0.286    0.068
 2.11   7.00    0.354   19.944
 2.11   7.00    0.310    0.377   0.354   0.337
 2.11   7.00    0.314    0.341   0.354   0.300

 2.12   0.00    0.331    0.294   0.148   0.046   0.137   0.000   0.000   0.000   0.000   0.000   0.000 132220100
 2.12   3.48   26.018
 2.12   7.00    0.286    0.068
 2.12   7.00    0.354   19.943
 2.12   7.00    0.310    0.376   0.354   0.336
 2.12   7.00    0.315    0.340   0.354   0.299

 2.13   0.00    0.330    0.293   0.147   0.046   0.136   0.000   0.000   0.000   0.000   0.000   0.000 132843800
 2.13   3.48   25.967
 2.13   7.00    0.286    0.068
 2.13   7.00    0.354   19.942
 2.13   7.00    0.310    0.375   0.354   0.334
 2.13   7.00    0.315    0.339   0.354   0.298

 2.14   0.00    0.328    0.292   0.147   0.046   0.136   0.000   0.000   0.000   0.000   0.000   0.000 133467500
 2.14   3.47   25.916
 2.14   7.00    0.286    0.068
 2.14   7.00    0.354   19.941
 2.14   7.00    0.311    0.374   0.354   0.333
 2.14   7.00    0.315    0.337   0.354   0.296

 2.15   0.00    0.327    0.291   0.146   0.046   0.135   0.000   0.000   0.000   0.000   0.000   0.000 134091200
 2.15   3.47   25.864
 2.15   7.00    0.286    0.068
 2.15   7.00    0.354   19.940
 2.15   7.00    0.311    0.373   0.354   0.332
 2.15   7.00    0.315    0.336   0.354   0.295

 2.16   0.00    0.326    0.290   0.146   0.046   0.135   0.000   0.000   0.000   0.000   0.000   0.000 134714800
 2.16   3.46   25.813
 2.16   7.00    0.287    0.068
 2.16   7.00    0.354   19.939
 2.16   7.00    0.311    0.372   0.354   0.331
 2.16   7.00    0.316    0.335   0.354   0.294

 2.17   0.00    0.325    0.288   0.145   0.046   0.134   0.000   0.000   0.000   0.000   0.000   0.000 135338500
 2.17   3.46   25.761
 2.17   7.00    0.287    0.068
 2.17   7.00    0.354   19.938
 2.17   7.00    0.311    0.371   0.354   0.330
 2.17   7.00    0.316    0.334   0.354   0.293

 2.18   0.00    0.324    0.287   0.145   0.046   0.133   0.000   0.000   0.000   0.000   0.000   0.000 135962200
 2.18   3.45   25.710
 2.18   7.00    0.287    0.068
 2.18   7.00    0.354   19.937
 2.18   7.00    0.312    0.369   0.354   0.329
 2.18   7.00    0.316    0.332   0.354   0.291

 2.19   0.00    0.323    0.286   0.144   0.046   0.133   0.000   0.000   0.000   0.000   0.000   0.000 136585900
 2.19   3.45   25.658
 2.19   7.00    0.287    0.068
 2.19   7.00    0.355   19.937
 2.19   7.00    0.312    0.368   0.355   0.328
 2.19   7.00    0.317    0.331   0.355   0.290

 2.20   0.00    0.322    0.285   0.144   0.046   0.132   0.000   0.000   0.000   0.000   0.000   0.000 137209600
 2.20   3.44   25.606
 2.20   7.00    0.287    0.068
 2.20   7.00    0.355   19.936
 2.20   7.00    0.312    0.367   0.355   0.326
 2.20   7.00    0.317    0.330   0.355   0.289

 2.21   0.00    0.320    0.284   0.143   0.046   0.132   0.000   0.000   0.000   0.000   0.000   0.000 137833200
 2.21   3.44   25.555
 2.21   7.00    0.287    0.068
 2.21   7.00    0.355   19.935
 2.21   7.00    0.312    0.366   0.355   0.325
 2.21   7.00    0.317    0.329   0.355   0.288

 2.22   0.00    0.319    0.282   0.143   0.046   0.131   0.000   0.000   0.000   0.000   0.000   0.000 138456900
 2.22   3.43   25.503
 2.22   7.00    0.287    0.068
 2.22   7.00    0.355   19.934
 2.22   7.00    0.313    0.365   0.355   0.324
 2.22   7.00    0.317    0.328   0.355   0.287

 2.23   0.00    0.318    0.281   0.142   0.046   0.131   0.000   0.000   0.000   0.000   0.000   0.000 139080600
 2.23   3.43   25.451
 2.23   7.00    0.287    0.068
 2.23   7.00    0.355   19.934
 2.23   7.00    0.313    0.364   0.355   0.323
 2.23   7.00    0.318    0.326   0.355   0.285

 2.24   0.00    0.317    0.280   0.142   0.046   0.130   0.000   0.000   0.000   0.000   0.000   0.000 139704300
 2.24   3.42   25.399
 2.24   7.00    0.287    0.068
 2.24   7.00    0.355   19.933
 2.24   7.00    0.313    0.363   0.355   0.322
 2.24   7.00    0.318    0.325   0.355   0.284

 2.25   0.00    0.316    0.279   0.141   0.046   0.129   0.000   0.000   0.000   0.000   0.000   0.000 140328000
 2.25   3.42   25.347
 2.25   7.00    0.288    0.068
 2.25   7.00    0.355   19.933
 2.25   7.00    0.313    0.362   0.355   0.321
 2.25   7.00    0.318    0.324   0.355   0.283

 2.26   0.00    0.315    0.278   0.141   0.046   0.129   0.000   0.000   0.000   0.000   0.000   0.000 140951600
 2.26   3.41   25.294
 2.26   7.00    0.288    0.068
 2.26   7.00    0.355   19.932
 2.26   7.00    0.314    0.361   0.355   0.320
 2.26   7.00    0.318    0.323   0.355   0.282

 2.27   0.00    0.314    0.276   0.140   0.045   0.128   0.000   0.000   0.000   0.000   0.000   0.000 141575300
 2.27   3.41   25.242
 2.27   7.00    0.288    0.068
 2.27   7.00    0.355   19.932
 2.27   7.00    0.314    0.360   0.355   0.319
 2.27   7.00    0.319    0.322   0.355   0.281

 2.28   0.00    0.313    0.275   0.140   0.045   0.128   0.000   0.000   0.000   0.000   0.000   0.000 142199000
 2.28   3.40   25.190
 2.28   7.00    0.288    0.068
 2.28   7.00    0.355   19.931
 2.28   7.00    0.314    0.359   0.355   0.318
 2.28   7.00    0.319    0.321   0.355   0.279

 2.29   0.00    0.312    0.274   0.139   0.045   0.127   0.000   0.000   0.000   0.000   0.000   0.000 142822700
 2.29   3.40   25.149
 2.29   7.00    0.288    0.068
 2.29   7.00    0.356   19.950
 2.29   7.00    0.315    0.358   0.356   0.317
 2.29   7.00    0.319    0.320   0.356   0.278

 2.30   0.00    0.311    0.273   0.139   0.045   0.127   0.000   0.000   0.000   0.000   0.000   0.000 143446400
 2.30   3.40   25.115
 2.30   7.00    0.289    0.068
 2.30   7.00    0.357   19.982
 2.30   7.00    0.316    0.357   0.357   0.315
 2.30   7.00    0.320    0.318   0.357   0.277

 2.31   0.00    0.310    0.272   0.138   0.045   0.126   0.000   0.000   0.000   0.000   0.000   0.000 144070000
 2.31   3.40   25.082
 2.31   7.00    0.290    0.068
 2.31   7.00    0.358   20.014
 2.31   7.00    0.317    0.356   0.358   0.314
 2.31   7.00    0.321    0.317   0.358   0.276

 2.32   0.00    0.309    0.271   0.138   0.045   0.126   0.000   0.000   0.000   0.000   0.000   0.000 144693700
 2.32   3.41   25.049
 2.32   7.00    0.291    0.068
 2.32   7.00    0.358   20.046
 2.32   7.00    0.317    0.355   0.358   0.313
 2.32   7.00    0.322    0.316   0.358   0.275

 2.33   0.00    0.308    0.270   0.137   0.045   0.125   0.000   0.000   0.000   0.000   0.000   0.000 145317400
 2.33   3.41   25.016
 2.33   7.00    0.292    0.068
 2.33   7.00    0.359   20.078
 2.33   7.00    0.318    0.354   0.359   0.312
 2.33   7.00    0.323    0.315   0.359   0.274

 2.34   0.00    0.307    0.268   0.137   0.045   0.125   0.000   0.000   0.000   0.000   0.000   0.000 145941100
 2.34   3.41   24.984
 2.34   7.00    0.292    0.068
 2.34   7.00    0.360   20.111
 2.34   7.00    0.319    0.353   0.360   0.311
 2.34   7.00    0.324    0.314   0.360   0.272

 2.35   0.00    0.306    0.267   0.136   0.045   0.124   0.000   0.000   0.000   0.000   0.000   0.000 146564800
 2.35   3.41   24.952
 2.35   7.00    0.293    0.068
 2.35   7.00    0.361   20.143
 2.35   7.00    0.320    0.352   0.361   0.310
 2.35   7.00    0.325    0.313   0.361   0.271

 2.36   0.00    0.304    0.266   0.136   0.045   0.124   0.000   0.000   0.000   0.000   0.000   0.000 147188400
 2.36   3.41   24.920
 2.36   7.00    0.294    0.068
 2.36   7.00    0.361   20.176
 2.36   7.00    0.321    0.351   0.361   0.309
 2.36   7.00    0.326    0.312   0.361   0.270

 2.37   0.00    0.303    0.265   0.135   0.045   0.123   0.000   0.000   0.000   0.000   0.000   0.000 147812100
 2.37   3.41   24.888
 2.37   7.00    0.295    0.068
 2.37   7.00    0.362   20.208
 2.37   7.00    0.322    0.350   0.362   0.308
 2.37   7.00    0.327    0.311   0.362   0.269

 2.38   0.00    0.302    0.264   0.135   0.045   0.122   0.000   0.000   0.000   0.000   0.000   0.000 148435800
 2.38   3.41   24.857
 2.38   7.00    0.295    0.068
 2.38   7.00    0.363   20.241
 2.38   7.00    0.323    0.349   0.363   0.307
 2.38   7.00    0.328    0.310   0.363   0.268

 2.39   0.00    0.301    0.263   0.134   0.045   0.122   0.000   0.000   0.000   0.000   0.000   0.000 149059500
 2.39   3.41   24.826
 2.39   7.00    0.296    0.068
 2.39   7.00    0.364   20.274
 2.39   7.00    0.324    0.348   0.364   0.306
 2.39   7.00    0.329    0.309   0.364   0.267

 2.40   0.00    0.300    0.262   0.134   0.045   0.121   0.000   0.000   0.000   0.000   0.000   0.000 149683200
 2.40   3.41   24.795
 2.40   7.00    0.297    0.068
 2.40   7.00    0.365   20.307
 2.40   7.00    0.325    0.347   0.365   0.305
 2.40   7.00    0.329    0.308   0.365   0.266

 2.41   0.00    0.299    0.261   0.134   0.045   0.121   0.000   0.000   0.000   0.000   0.000   0.000 150306800
 2.41   3.41   24.765
 2.41   7.00    0.298    0.068
 2.41   7.00    0.365   20.341
 2.41   7.00    0.325    0.346   0.365   0.304
 2.41   7.00    0.330    0.307   0.365   0.265

 2.42   0.00    0.298    0.260   0.133   0.045   0.120   0.000   0.000   0.000   0.000   0.000   0.000 150930500
 2.42   3.41   24.735
 2.42   7.00    0.298    0.068
 2.42   7.00    0.366   20.374
 2.42   7.00    0.326    0.345   0.366   0.303
 2.42   7.00    0.331    0.306   0.366   0.264

 2.43   0.00    0.297    0.259   0.133   0.045   0.120   0.000   0.000   0.000   0.000   0.000   0.000 151554200
 2.43   3.41   24.705
 2.43   7.00    0.299    0.068
 2.43   7.00    0.367   20.408
 2.43   7.00    0.327    0.344   0.367   0.302
 2.43   7.00    0.332    0.305   0.367   0.262

 2.44   0.00    0.296    0.257   0.132   0.045   0.119   0.000   0.000   0.000   0.000   0.000   0.000 152177900
 2.44   3.41   24.675
 2.44   7.00    0.300    0.068
 2.44   7.00    0.368   20.441
 2.44   7.00    0.328    0.343   0.368   0.301
 2.44   7.00    0.333    0.304   0.368   0.261

 2.45   0.00    0.295    0.256   0.132   0.045   0.119   0.000   0.000   0.000   0.000   0.000   0.000 152801600
 2.45   3.41   24.646
 2.45   7.00    0.301    0.068
 2.45   7.00    0.368   20.475
 2.45   7.00    0.329    0.343   0.368   0.300
 2.45   7.00    0.334    0.303   0.368   0.260

 2.46   0.00    0.295    0.256   0.131   0.045   0.118   0.000   0.000   0.000   0.000   0.000   0.000 153425200
 2.46   3.41   24.616
 2.46   7.00    0.301    0.068
 2.46   7.00    0.369   20.509
 2.46   7.00    0.330    0.342   0.369   0.299
 2.46   7.00    0.335    0.302   0.369   0.259

 2.47   0.00    0.294    0.255   0.131   0.045   0.118   0.000   0.000   0.000   0.000   0.000   0.000 154048900
 2.47   3.41   24.588
 2.47   7.00    0.302    0.068
 2.47   7.00    0.370   20.543
 2.47   7.00    0.331    0.341   0.370   0.298
 2.47   7.00    0.335    0.302   0.370   0.259

 2.48   0.00    0.293    0.254   0.130   0.045   0.117   0.000   0.000   0.000   0.000   0.000   0.000 154672600
 2.48   3.42   24.559
 2.48   7.00    0.303    0.068
 2.48   7.00    0.370   20.577
 2.48   7.00    0.332    0.340   0.370   0.297
 2.48   7.00    0.336    0.301   0.370   0.258

 2.49   0.00    0.292    0.253   0.130   0.045   0.117   0.000   0.000   0.000   0.000   0.000   0.000 155296300
 2.49   3.42   24.531
 2.49   7.00    0.304    0.068
 2.49   7.00    0.371   20.611
 2.49   7.00    0.332    0.339   0.371   0.296
 2.49   7.00    0.337    0.300   0.371   0.257

 2.50   0.00    0.291    0.252   0.130   0.045   0.116   0.000   0.000   0.000   0.000   0.000   0.000 155920000
 2.50   3.42   24.502
 2.50   7.00    0.304    0.068
 2.50   7.00    0.372   20.645
 2.50   7.00    0.333    0.338   0.372   0.295
 2.50   7.00    0.338    0.300   0.372   0.256

 2.51   0.00    0.290    0.252   0.129   0.045   0.116   0.000   0.000   0.000   0.000   0.000   0.000 156543600
 2.51   3.42   24.475
 2.51   7.00    0.305    0.068
 2.51   7.00    0.373   20.680
 2.51   7.00    0.334    0.337   0.373   0.294
 2.51   7.00    0.339    0.299   0.373   0.255

 2.52   0.00    0.289    0.251   0.129   0.045   0.115   0.000   0.000   0.000   0.000   0.000   0.000 157167300
 2.52   3.42   24.447
 2.52   7.00    0.306    0.068
 2.52   7.00    0.373   20.714
 2.52   7.00    0.335    0.336   0.373   0.293
 2.52   7.00    0.340    0.298   0.373   0.255

 2.53   0.00    0.288    0.250   0.128   0.045   0.115   0.000   0.000   0.000   0.000   0.000   0.000 157791000
 2.53   3.42   24.419
 2.53   7.00    0.307    0.068
 2.53   7.00    0.374   20.749
 2.53   7.00    0.336    0.336   0.374   0.292
 2.53   7.00    0.340    0.298   0.374   0.254

 2.54   0.00    0.287    0.249   0.128   0.044   0.114   0.000   0.000   0.000   0.000   0.000   0.000 158414700
 2.54   3.42   24.392
 2.54   7.00    0.307    0.068
 2.54   7.00    0.375   20.783
 2.54   7.00    0.337    0.335   0.375   0.291
 2.54   7.00    0.341    0.297   0.375   0.253

 2.55   0.00    0.286    0.249   0.128   0.044   0.114   0.000   0.000   0.000   0.000   0.000   0.000 159038400
 2.55   3.42   24.365
 2.55   7.00    0.308    0.068
 2.55   7.00    0.376   20.818
 2.55   7.00    0.337    0.334   0.376   0.290
 2.55   7.00    0.342    0.296   0.376   0.252

 2.56   0.00    0.285    0.248   0.127   0.044   0.113   0.000   0.000   0.000   0.000   0.000   0.000 159662000
 2.56   3.42   24.339
 2.56   7.00    0.309    0.068
 2.56   7.00    0.376   20.853
 2.56   7.00    0.338    0.333   0.376   0.289
 2.56   7.00    0.343    0.296   0.376   0.252

 2.57   0.00    0.284    0.247   0.127   0.044   0.113   0.000   0.000   0.000   0.000   0.000   0.000 160285700
 2.57   3.42   24.312
 2.57   7.00    0.309    0.068
 2.57   7.00    0.377   20.888
 2.57   7.00    0.339    0.332   0.377   0.288
 2.57   7.00    0.344    0.295   0.377   0.251

 2.58   0.00    0.283    0.246   0.126   0.044   0.113   0.000   0.000   0.000   0.000   0.000   0.000 160909400
 2.58   3.42   24.286
 2.58   7.00    0.310    0.068
 2.58   7.00    0.378   20.923
 2.58   7.00    0.340    0.331   0.378   0.287
 2.58   7.00    0.344    0.294   0.378   0.250

 2.59   0.00    0.282    0.246   0.126   0.044   0.112   0.000   0.000   0.000   0.000   0.000   0.000 161533100
 2.59   3.42   24.260
 2.59   7.00    0.311    0.068
 2.59   7.00    0.378   20.958
 2.59   7.00    0.341    0.330   0.378   0.287
 2.59   7.00    0.345    0.294   0.378   0.249

 2.60   0.00    0.281    0.245   0.125   0.044   0.112   0.000   0.000   0.000   0.000   0.000   0.000 162156700
 2.60   3.42   24.234
 2.60   7.00    0.312    0.068
 2.60   7.00    0.379   20.994
 2.60   7.00    0.341    0.330   0.379   0.286
 2.60   7.00    0.346    0.293   0.379   0.249

 2.61   0.00    0.280    0.244   0.125   0.044   0.111   0.000   0.000   0.000   0.000   0.000   0.000 162780400
 2.61   3.42   24.209
 2.61   7.00    0.312    0.068
 2.61   7.00    0.380   21.029
 2.61   7.00    0.342    0.329   0.380   0.285
 2.61   7.00    0.347    0.292   0.380   0.248

 2.62   0.00    0.280    0.244   0.125   0.044   0.111   0.000   0.000   0.000   0.000   0.000   0.000 163404100
 2.62   3.42   24.184
 2.62   7.00    0.313    0.068
 2.62   7.00    0.381   21.065
 2.62   7.00    0.343    0.328   0.381   0.284
 2.62   7.00    0.348    0.292   0.381   0.247

 2.63   0.00    0.279    0.243   0.124   0.044   0.110   0.000   0.000   0.000   0.000   0.000   0.000 164027800
 2.63   3.42   24.159
 2.63   7.00    0.314    0.068
 2.63   7.00    0.381   21.100
 2.63   7.00    0.344    0.327   0.381   0.283
 2.63   7.00    0.348    0.291   0.381   0.246

 2.64   0.00    0.278    0.242   0.124   0.044   0.110   0.000   0.000   0.000   0.000   0.000   0.000 164651500
 2.64   3.42   24.134
 2.64   7.00    0.314    0.068
 2.64   7.00    0.382   21.136
 2.64   7.00    0.345    0.326   0.382   0.282
 2.64   7.00    0.349    0.290   0.382   0.246

 2.65   0.00    0.277    0.241   0.123   0.044   0.109   0.000   0.000   0.000   0.000   0.000   0.000 165275200
 2.65   3.42   24.109
 2.65   7.00    0.315    0.068
 2.65   7.00    0.383   21.172
 2.65   7.00    0.346    0.326   0.383   0.281
 2.65   7.00    0.350    0.290   0.383   0.245

 2.66   0.00    0.276    0.241   0.123   0.044   0.109   0.000   0.000   0.000   0.000   0.000   0.000 165898800
 2.66   3.42   24.085
 2.66   7.00    0.316    0.068
 2.66   7.00    0.383   21.208
 2.66   7.00    0.346    0.325   0.383   0.280
 2.66   7.00    0.351    0.289   0.383   0.244

 2.67   0.00    0.275    0.240   0.123   0.044   0.108   0.000   0.000   0.000   0.000   0.000   0.000 166522500
 2.67   3.42   24.061
 2.67   7.00    0.316    0.068
 2.67   7.00    0.384   21.244
 2.67   7.00    0.347    0.324   0.384   0.279
 2.67   7.00    0.351    0.289   0.384   0.244

 2.68   0.00    0.274    0.239   0.122   0.044   0.108   0.000   0.000   0.000   0.000   0.000   0.000 167146200
 2.68   3.42   24.037
 2.68   7.00    0.317    0.068
 2.68   7.00    0.385   21.280
 2.68   7.00    0.348    0.323   0.385   0.278
 2.68   7.00    0.352    0.288   0.385   0.243

 2.69   0.00    0.273    0.239   0.122   0.044   0.108   0.000   0.000   0.000   0.000   0.000   0.000 167769900
 2.69   3.42   24.013
 2.69   7.00    0.318    0.068
 2.69   7.00    0.385   21.316
 2.69   7.00    0.349    0.322   0.385   0.277
 2.69   7.00    0.353    0.287   0.385   0.242

 2.70   0.00    0.272    0.238   0.121   0.044   0.107   0.000   0.000   0.000   0.000   0.000   0.000 168393600
 2.70   3.42   23.989
 2.70   7.00    0.318    0.068
 2.70   7.00    0.386   21.352
 2.70   7.00    0.349    0.322   0.386   0.277
 2.70   7.00    0.354    0.287   0.386   0.242

 2.71   0.00    0.272    0.237   0.121   0.044   0.107   0.000   0.000   0.000   0.000   0.000   0.000 169017200
 2.71   3.42   23.966
 2.71   7.00    0.319    0.068
 2.71   7.00    0.387   21.389
 2.71   7.00    0.350    0.321   0.387   0.276
 2.71   7.00    0.354    0.286   0.387   0.241

 2.72   0.00    0.271    0.237   0.121   0.044   0.106   0.000   0.000   0.000   0.000   0.000   0.000 169640900
 2.72   3.42   23.943
 2.72   7.00    0.320    0.068
 2.72   7.00    0.387   21.425
 2.72   7.00    0.351    0.320   0.387   0.275
 2.72   7.00    0.355    0.286   0.387   0.240

 2.73   0.00    0.270    0.236   0.120   0.044   0.106   0.000   0.000   0.000   0.000   0.000   0.000 170264600
 2.73   3.42   23.920
 2.73   7.00    0.320    0.068
 2.73   7.00    0.388   21.461
 2.73   7.00    0.352    0.319   0.388   0.274
 2.73   7.00    0.356    0.285   0.388   0.239

 2.74   0.00    0.269    0.235   0.120   0.044   0.105   0.000   0.000   0.000   0.000   0.000   0.000 170888300
 2.74   3.42   23.897
 2.74   7.00    0.321    0.068
 2.74   7.00    0.389   21.498
 2.74   7.00    0.353    0.318   0.389   0.273
 2.74   7.00    0.357    0.284   0.389   0.239

 2.75   0.00    0.268    0.235   0.119   0.044   0.105   0.000   0.000   0.000   0.000   0.000   0.000 171512000
 2.75   3.42   23.875
 2.75   7.00    0.322    0.068
 2.75   7.00    0.389   21.535
 2.75   7.00    0.353    0.318   0.389   0.272
 2.75   7.00    0.357    0.284   0.389   0.238

 2.76   0.00    0.267    0.234   0.119   0.044   0.104   0.000   0.000   0.000   0.000   0.000   0.000 172135600
 2.76   3.42   23.853
 2.76   7.00    0.322    0.068
 2.76   7.00    0.390   21.571
 2.76   7.00    0.354    0.317   0.390   0.271
 2.76   7.00    0.358    0.283   0.390   0.237

 2.77   0.00    0.267    0.233   0.119   0.044   0.104   0.000   0.000   0.000   0.000   0.000   0.000 172759300
 2.77   3.42   23.831
 2.77   7.00    0.323    0.068
 2.77   7.00    0.391   21.608
 2.77   7.00    0.355    0.316   0.391   0.271
 2.77   7.00    0.359    0.283   0.391   0.237

 2.78   0.00    0.266    0.233   0.118   0.044   0.104   0.000   0.000   0.000   0.000   0.000   0.000 173383000
 2.78   3.42   23.809
 2.78   7.00    0.324    0.068
 2.78   7.00    0.391   21.645
 2.78   7.00    0.356    0.315   0.391   0.270
 2.78   7.00    0.360    0.282   0.391   0.236

 2.79   0.00    0.265    0.232   0.118   0.044   0.103   0.000   0.000   0.000   0.000   0.000   0.000 174006700
 2.79   3.42   23.787
 2.79   7.00    0.324    0.068
 2.79   7.00    0.392   21.682
 2.79   7.00    0.356    0.315   0.392   0.269
 2.79   7.00    0.360    0.281   0.392   0.235

 2.80   0.00    0.264    0.231   0.118   0.044   0.103   0.000   0.000   0.000   0.000   0.000   0.000 174630300
 2.80   3.42   23.766
 2.80   7.00    0.325    0.068
 2.80   7.00    0.393   21.719
 2.80   7.00    0.357    0.314   0.393   0.268
 2.80   7.00    0.361    0.281   0.393   0.235

 2.81   0.00    0.263    0.231   0.117   0.044   0.102   0.000   0.000   0.000   0.000   0.000   0.000 175254000
 2.81   3.42   23.744
 2.81   7.00    0.326    0.068
 2.81   7.00    0.393   21.756
 2.81   7.00    0.358    0.313   0.393   0.267
 2.81   7.00    0.362    0.280   0.393   0.234

 2.82   0.00    0.262    0.230   0.117   0.044   0.102   0.000   0.000   0.000   0.000   0.000   0.000 175877700
 2.82   3.42   23.723
 2.82   7.00    0.326    0.068
 2.82   7.00    0.394   21.794
 2.82   7.00    0.359    0.312   0.394   0.266
 2.82   7.00    0.363    0.280   0.394   0.234

 2.83   0.00    0.262    0.229   0.116   0.044   0.102   0.000   0.000   0.000   0.000   0.000   0.000 176501400
 2.83   3.42   23.702
 2.83   7.00    0.327    0.068
 2.83   7.00    0.395   21.831
 2.83   7.00    0.359    0.312   0.395   0.266
 2.83   7.00    0.363    0.279   0.395   0.233

 2.84   0.00    0.261    0.229   0.116   0.044   0.101   0.000   0.000   0.000   0.000   0.000   0.000 177125100
 2.84   3.42   23.682
 2.84   7.00    0.328    0.068
 2.84   7.00    0.395   21.868
 2.84   7.00    0.360    0.311   0.395   0.265
 2.84   7.00    0.364    0.279   0.395   0.232

 2.85   0.00    0.260    0.228   0.116   0.044   0.101   0.000   0.000   0.000   0.000   0.000   0.000 177748700
 2.85   3.42   23.661
 2.85   7.00    0.328    0.068
 2.85   7.00    0.396   21.906
 2.85   7.00    0.361    0.310   0.396   0.264
 2.85   7.00    0.365    0.278   0.396   0.232

 2.86   0.00    0.259    0.228   0.115   0.044   0.100   0.000   0.000   0.000   0.000   0.000   0.000 178372400
 2.86   3.42   23.641
 2.86   7.00    0.329    0.068
 2.86   7.00    0.397   21.943
 2.86   7.00    0.362    0.310   0.397   0.263
 2.86   7.00    0.365    0.278   0.397   0.231

 2.87   0.00    0.258    0.227   0.115   0.044   0.100   0.000   0.000   0.000   0.000   0.000   0.000 178996100
 2.87   3.42   23.621
 2.87   7.00    0.330    0.068
 2.87   7.00    0.397   21.981
 2.87   7.00    0.362    0.309   0.397   0.262
 2.87   7.00    0.366    0.277   0.397   0.230

 2.88   0.00    0.258    0.226   0.115   0.043   0.100   0.000   0.000   0.000   0.000   0.000   0.000 179619800
 2.88   3.42   23.601
 2.88   7.00    0.330    0.068
 2.88   7.00    0.398   22.018
 2.88   7.00    0.363    0.308   0.398   0.262
 2.88   7.00    0.367    0.277   0.398   0.230

 2.89   0.00    0.257    0.226   0.114   0.043   0.099   0.000   0.000   0.000   0.000   0.000   0.000 180243500
 2.89   3.41   23.581
 2.89   7.00    0.331    0.068
 2.89   7.00    0.398   22.056
 2.89   7.00    0.364    0.307   0.398   0.261
 2.89   7.00    0.368    0.276   0.398   0.229

 2.90   0.00    0.256    0.225   0.114   0.043   0.099   0.000   0.000   0.000   0.000   0.000   0.000 180867200
 2.90   3.41   23.562
 2.90   7.00    0.332    0.068
 2.90   7.00    0.399   22.094
 2.90   7.00    0.364    0.307   0.399   0.260
 2.90   7.00    0.368    0.275   0.399   0.229

 2.91   0.00    0.255    0.225   0.114   0.043   0.098   0.000   0.000   0.000   0.000   0.000   0.000 181490800
 2.91   3.41   23.542
 2.91   7.00    0.332    0.068
 2.91   7.00    0.400   22.132
 2.91   7.00    0.365    0.306   0.400   0.259
 2.91   7.00    0.369    0.275   0.400   0.228

 2.92   0.00    0.255    0.224   0.113   0.043   0.098   0.000   0.000   0.000   0.000   0.000   0.000 182114500
 2.92   3.41   23.523
 2.92   7.00    0.333    0.068
 2.92   7.00    0.400   22.170
 2.92   7.00    0.366    0.305   0.400   0.258
 2.92   7.00    0.370    0.274   0.400   0.227

 2.93   0.00    0.254    0.223   0.113   0.043   0.098   0.000   0.000   0.000   0.000   0.000   0.000 182738200
 2.93   3.41   23.504
 2.93   7.00    0.333    0.068
 2.93   7.00    0.401   22.208
 2.93   7.00    0.367    0.305   0.401   0.258
 2.93   7.00    0.370    0.274   0.401   0.227

 2.94   0.00    0.253    0.223   0.113   0.043   0.097   0.000   0.000   0.000   0.000   0.000   0.000 183361900
 2.94   3.41   23.485
 2.94   7.00    0.334    0.068
 2.94   7.00    0.402   22.246
 2.94   7.00    0.367    0.304   0.402   0.257
 2.94   7.00    0.371    0.273   0.402   0.226

 2.95   0.00    0.252    0.222   0.112   0.043   0.097   0.000   0.000   0.000   0.000   0.000   0.000 183985500
 2.95   3.41   23.467
 2.95   7.00    0.335    0.068
 2.95   7.00    0.402   22.284
 2.95   7.00    0.368    0.303   0.402   0.256
 2.95   7.00    0.372    0.273   0.402   0.226

 2.96   0.00    0.251    0.222   0.112   0.043   0.096   0.000   0.000   0.000   0.000   0.000   0.000 184609200
 2.96   3.41   23.448
 2.96   7.00    0.335    0.068
 2.96   7.00    0.403   22.322
 2.96   7.00    0.369    0.302   0.403   0.255
 2.96   7.00    0.372    0.272   0.403   0.225

 2.97   0.00    0.251    0.221   0.111   0.043   0.096   0.000   0.000   0.000   0.000   0.000   0.000 185232900
 2.97   3.41   23.430
 2.97   7.00    0.336    0.068
 2.97   7.00    0.403   22.361
 2.97   7.00    0.369    0.302   0.403   0.255
 2.97   7.00    0.373    0.272   0.403   0.224

 2.98   0.00    0.250    0.220   0.111   0.043   0.096   0.000   0.000   0.000   0.000   0.000   0.000 185856600
 2.98   3.41   23.412
 2.98   7.00    0.336    0.068
 2.98   7.00    0.404   22.399
 2.98   7.00    0.370    0.301   0.404   0.254
 2.98   7.00    0.374    0.271   0.404   0.224

 2.99   0.00    0.249    0.220   0.111   0.043   0.095   0.000   0.000   0.000   0.000   0.000   0.000 186480300
 2.99   3.41   23.394
 2.99   7.00    0.337    0.068
 2.99   7.00    0.405   22.437
 2.99   7.00    0.371    0.300   0.405   0.253
 2.99   7.00    0.374    0.271   0.405   0.223

 3.00   0.00    0.248    0.219   0.110   0.043   0.095   0.000   0.000   0.000   0.000   0.000   0.000 187103900
 3.00   3.41   23.376
 3.00   7.00    0.338    0.068
 3.00   7.00    0.405   22.476
 3.00   7.00    0.372    0.300   0.405   0.252
 3.00   7.00    0.375    0.270   0.405   0.223

 3.01   0.00    0.248    0.219   0.110   0.043   0.095   0.000   0.000   0.000   0.000   0.000   0.000 187727600
 3.01   3.41   23.359
 3.01   7.00    0.338    0.068
 3.01   7.00    0.406   22.514
 3.01   7.00    0.372    0.299   0.406   0.252
 3.01   7.00    0.376    0.270   0.406   0.222

 3.02   0.00    0.247    0.218   0.110   0.043   0.094   0.000   0.000   0.000   0.000   0.000   0.000 188351300
 3.02   3.41   23.341
 3.02   7.00    0.339    0.068
 3.02   7.00    0.407   22.553
 3.02   7.00    0.373    0.299   0.407   0.251
 3.02   7.00    0.376    0.269   0.407   0.222

 3.03   0.00    0.246    0.218   0.110   0.043   0.094   0.000   0.000   0.000   0.000   0.000   0.000 188975000
 3.03   3.41   23.324
 3.03   7.00    0.340    0.068
 3.03   7.00    0.407   22.592
 3.03   7.00    0.374    0.298   0.407   0.250
 3.03   7.00    0.377    0.269   0.407   0.221

 3.04   0.00    0.246    0.217   0.109   0.043   0.093   0.000   0.000   0.000   0.000   0.000   0.000 189598700
 3.04   3.41   23.307
 3.04   7.00    0.340    0.068
 3.04   7.00    0.408   22.630
 3.04   7.00    0.374    0.297   0.408   0.250
 3.04   7.00    0.378    0.268   0.408   0.220

 3.05   0.00    0.245    0.217   0.109   0.043   0.093   0.000   0.000   0.000   0.000   0.000   0.000 190222300
 3.05   3.41   23.290
 3.05   7.00    0.341    0.068
 3.05   7.00    0.408   22.669
 3.05   7.00    0.375    0.297   0.408   0.249
 3.05   7.00    0.378    0.268   0.408   0.220

 3.06   0.00    0.245    0.216   0.109   0.043   0.093   0.000   0.000   0.000   0.000   0.000   0.000 190846000
 3.06   3.40   23.273
 3.06   7.00    0.341    0.068
 3.06   7.00    0.409   22.708
 3.06   7.00    0.376    0.296   0.409   0.248
 3.06   7.00    0.379    0.267   0.409   0.219

 3.07   0.00    0.244    0.215   0.109   0.043   0.092   0.000   0.000   0.000   0.000   0.000   0.000 191469700
 3.07   3.40   23.257
 3.07   7.00    0.342    0.068
 3.07   7.00    0.410   22.747
 3.07   7.00    0.376    0.296   0.410   0.248
 3.07   7.00    0.380    0.267   0.410   0.219

 3.08   0.00    0.243    0.215   0.108   0.043   0.092   0.000   0.000   0.000   0.000   0.000   0.000 192093400
 3.08   3.40   23.240
 3.08   7.00    0.342    0.068
 3.08   7.00    0.410   22.786
 3.08   7.00    0.377    0.295   0.410   0.247
 3.08   7.00    0.380    0.266   0.410   0.218

 3.09   0.00    0.243    0.214   0.108   0.043   0.092   0.000   0.000   0.000   0.000   0.000   0.000 192717100
 3.09   3.40   23.224
 3.09   7.00    0.343    0.068
 3.09   7.00    0.411   22.825
 3.09   7.00    0.378    0.294   0.411   0.246
 3.09   7.00    0.381    0.266   0.411   0.218

 3.10   0.00    0.242    0.214   0.108   0.043   0.091   0.000   0.000   0.000   0.000   0.000   0.000 193340700
 3.10   3.40   23.208
 3.10   7.00    0.344    0.068
 3.10   7.00    0.411   22.864
 3.10   7.00    0.378    0.294   0.411   0.246
 3.10   7.00    0.382    0.265   0.411   0.217

 3.11   0.00    0.241    0.213   0.108   0.043   0.091   0.000   0.000   0.000   0.000   0.000   0.000 193964400
 3.11   3.40   23.192
 3.11   7.00    0.344    0.068
 3.11   7.00    0.412   22.903
 3.11   7.00    0.379    0.293   0.412   0.245
 3.11   7.00    0.382    0.265   0.412   0.216

 3.12   0.00    0.241    0.213   0.107   0.043   0.091   0.000   0.000   0.000   0.000   0.000   0.000 194588100
 3.12   3.40   23.176
 3.12   7.00    0.345    0.068
 3.12   7.00    0.412   22.942
 3.12   7.00    0.380    0.293   0.412   0.244
 3.12   7.00    0.383    0.265   0.412   0.216

 3.13   0.00    0.240    0.212   0.107   0.043   0.090   0.000   0.000   0.000   0.000   0.000   0.000 195211800
 3.13   3.40   23.161
 3.13   7.00    0.345    0.068
 3.13   7.00    0.413   22.982
 3.13   7.00    0.380    0.292   0.413   0.244
 3.13   7.00    0.384    0.264   0.413   0.215

 3.14   0.00    0.239    0.212   0.107   0.043   0.090   0.000   0.000   0.000   0.000   0.000   0.000 195835500
 3.14   3.40   23.145
 3.14   7.00    0.346    0.068
 3.14   7.00    0.414   23.021
 3.14   7.00    0.381    0.292   0.414   0.243
 3.14   7.00    0.384    0.264   0.414   0.215

 3.15   0.00    0.239    0.211   0.106   0.043   0.090   0.000   0.000   0.000   0.000   0.000   0.000 196459100
 3.15   3.40   23.130
 3.15   7.00    0.347    0.068
 3.15   7.00    0.414   23.060
 3.15   7.00    0.382    0.291   0.414   0.242
 3.15   7.00    0.385    0.263   0.414   0.214

 3.16   0.00    0.238    0.211   0.106   0.043   0.089   0.000   0.000   0.000   0.000   0.000   0.000 197082800
 3.16   3.40   23.115
 3.16   7.00    0.347    0.068
 3.16   7.00    0.415   23.100
 3.16   7.00    0.382    0.291   0.415   0.242
 3.16   7.00    0.386    0.263   0.415   0.214

 3.17   0.00    0.238    0.210   0.106   0.043   0.089   0.000   0.000   0.000   0.000   0.000   0.000 197706500
 3.17   3.40   23.100
 3.17   7.00    0.348    0.068
 3.17   7.00    0.415   23.139
 3.17   7.00    0.383    0.290   0.415   0.241
 3.17   7.00    0.386    0.262   0.415   0.213

 3.18   0.00    0.237    0.209   0.106   0.043   0.089   0.000   0.000   0.000   0.000   0.000   0.000 198330200
 3.18   3.39   23.085
 3.18   7.00    0.348    0.068
 3.18   7.00    0.416   23.179
 3.18   7.00    0.383    0.289   0.416   0.241
 3.18   7.00    0.387    0.262   0.416   0.213

 3.19   0.00    0.236    0.209   0.105   0.043   0.088   0.000   0.000   0.000   0.000   0.000   0.000 198953900
 3.19   3.39   23.071
 3.19   7.00    0.349    0.068
 3.19   7.00    0.416   23.218
 3.19   7.00    0.384    0.289   0.416   0.240
 3.19   7.00    0.387    0.261   0.416   0.212

 3.20   0.00    0.236    0.208   0.105   0.043   0.088   0.000   0.000   0.000   0.000   0.000   0.000 199577500
 3.20   3.39   23.056
 3.20   7.00    0.349    0.068
 3.20   7.00    0.417   23.258
 3.20   7.00    0.385    0.288   0.417   0.239
 3.20   7.00    0.388    0.261   0.417   0.212

 3.21   0.00    0.235    0.208   0.105   0.043   0.088   0.000   0.000   0.000   0.000   0.000   0.000 200201200
 3.21   3.39   23.042
 3.21   7.00    0.350    0.068
 3.21   7.00    0.418   23.298
 3.21   7.00    0.385    0.288   0.418   0.239
 3.21   7.00    0.389    0.260   0.418   0.211

 3.22   0.00    0.234    0.207   0.105   0.043   0.087   0.000   0.000   0.000   0.000   0.000   0.000 200824900
 3.22   3.39   23.027
 3.22   7.00    0.351    0.068
 3.22   7.00    0.418   23.337
 3.22   7.00    0.386    0.287   0.418   0.238
 3.22   7.00    0.389    0.260   0.418   0.211

 3.23   0.00    0.234    0.207   0.104   0.043   0.087   0.000   0.000   0.000   0.000   0.000   0.000 201448600
 3.23   3.39   23.013
 3.23   7.00    0.351    0.068
 3.23   7.00    0.419   23.377
 3.23   7.00    0.387    0.287   0.419   0.237
 3.23   7.00    0.390    0.259   0.419   0.210

 3.24   0.00    0.233    0.206   0.104   0.043   0.087   0.000   0.000   0.000   0.000   0.000   0.000 202072300
 3.24   3.39   22.999
 3.24   7.00    0.352    0.068
 3.24   7.00    0.419   23.417
 3.24   7.00    0.387    0.286   0.419   0.237
 3.24   7.00    0.391    0.259   0.419   0.210

 3.25   0.00    0.233    0.206   0.104   0.043   0.086   0.000   0.000   0.000   0.000   0.000   0.000 202695900
 3.25   3.39   22.986
 3.25   7.00    0.352    0.068
 3.25   7.00    0.420   23.457
 3.25   7.00    0.388    0.286   0.420   0.236
 3.25   7.00    0.391    0.259   0.420   0.209

 3.26   0.00    0.232    0.205   0.104   0.043   0.086   0.000   0.000   0.000   0.000   0.000   0.000 203319600
 3.26   3.39   22.972
 3.26   7.00    0.353    0.068
 3.26   7.00    0.420   23.497
 3.26   7.00    0.389    0.285   0.420   0.236
 3.26   7.00    0.392    0.258   0.420   0.208

 3.27   0.00    0.232    0.205   0.103   0.043   0.086   0.000   0.000   0.000   0.000   0.000   0.000 203943300
 3.27   3.38   22.958
 3.27   7.00    0.353    0.068
 3.27   7.00    0.421   23.537
 3.27   7.00    0.389    0.285   0.421   0.235
 3.27   7.00    0.392    0.258   0.421   0.208

 3.28   0.00    0.231    0.204   0.103   0.043   0.085   0.000   0.000   0.000   0.000   0.000   0.000 204567000
 3.28   3.38   22.945
 3.28   7.00    0.354    0.068
 3.28   7.00    0.421   23.577
 3.28   7.00    0.390    0.284   0.421   0.234
 3.28   7.00    0.393    0.257   0.421   0.207

 3.29   0.00    0.230    0.204   0.103   0.042   0.085   0.000   0.000   0.000   0.000   0.000   0.000 205190700
 3.29   3.38   22.932
 3.29   7.00    0.354    0.070
 3.29   7.00    0.425   23.834
 3.29   7.00    0.393    0.284   0.425   0.234
 3.29   7.00    0.396    0.257   0.425   0.207

 3.30   0.00    0.230    0.203   0.103   0.042   0.085   0.000   0.000   0.000   0.000   0.000   0.000 205814300
 3.30   3.38   22.919
 3.30   7.00    0.355    0.074
 3.30   7.00    0.429   24.148
 3.30   7.00    0.397    0.284   0.429   0.233
 3.30   7.00    0.401    0.257   0.429   0.206

 3.31   0.00    0.229    0.203   0.102   0.042   0.084   0.000   0.000   0.000   0.000   0.000   0.000 206438000
 3.31   3.38   22.906
 3.31   7.00    0.355    0.078
 3.31   7.00    0.433   24.456
 3.31   7.00    0.402    0.284   0.433   0.233
 3.31   7.00    0.405    0.257   0.433   0.206

 3.32   0.00    0.229    0.202   0.102   0.042   0.084   0.000   0.000   0.000   0.000   0.000   0.000 207061700
 3.32   3.38   22.893
 3.32   7.00    0.356    0.081
 3.32   7.00    0.437   24.758
 3.32   7.00    0.406    0.284   0.437   0.232
 3.32   7.00    0.409    0.257   0.437   0.205

 3.33   0.00    0.228    0.202   0.102   0.042   0.084   0.000   0.000   0.000   0.000   0.000   0.000 207685400
 3.33   3.38   22.880
 3.33   7.00    0.357    0.085
 3.33   7.00    0.442   25.054
 3.33   7.00    0.410    0.284   0.442   0.231
 3.33   7.00    0.413    0.257   0.442   0.205

 3.34   0.00    0.227    0.201   0.102   0.042   0.083   0.000   0.000   0.000   0.000   0.000   0.000 208309000
 3.34   3.38   22.868
 3.34   7.00    0.357    0.089
 3.34   7.00    0.446   25.345
 3.34   7.00    0.414    0.283   0.446   0.231
 3.34   7.00    0.418    0.257   0.446   0.205

 3.35   0.00    0.227    0.201   0.101   0.042   0.083   0.000   0.000   0.000   0.000   0.000   0.000 208932700
 3.35   3.38   22.856
 3.35   7.00    0.358    0.092
 3.35   7.00    0.450   25.631
 3.35   7.00    0.419    0.283   0.450   0.230
 3.35   7.00    0.422    0.257   0.450   0.204

 3.36   0.00    0.226    0.201   0.101   0.042   0.083   0.000   0.000   0.000   0.000   0.000   0.000 209556400
 3.36   3.37   22.843
 3.36   7.00    0.358    0.096
 3.36   7.00    0.454   25.911
 3.36   7.00    0.423    0.283   0.454   0.230
 3.36   7.00    0.426    0.257   0.454   0.204

 3.37   0.00    0.226    0.200   0.101   0.042   0.082   0.000   0.000   0.000   0.000   0.000   0.000 210180100
 3.37   3.37   22.831
 3.37   7.00    0.359    0.100
 3.37   7.00    0.458   26.187
 3.37   7.00    0.427    0.283   0.458   0.229
 3.37   7.00    0.430    0.257   0.458   0.203

 3.38   0.00    0.225    0.200   0.101   0.042   0.082   0.000   0.000   0.000   0.000   0.000   0.000 210803800
 3.38   3.37   22.819
 3.38   7.00    0.359    0.103
 3.38   7.00    0.462   26.458
 3.38   7.00    0.431    0.283   0.462   0.229
 3.38   7.00    0.434    0.257   0.462   0.203

 3.39   0.00    0.225    0.199   0.100   0.042   0.082   0.000   0.000   0.000   0.000   0.000   0.000 211427500
 3.39   3.37   22.807
 3.39   7.00    0.360    0.107
 3.39   7.00    0.467   26.724
 3.39   7.00    0.435    0.283   0.467   0.228
 3.39   7.00    0.439    0.257   0.467   0.202

 3.40   0.00    0.224    0.199   0.100   0.042   0.082   0.000   0.000   0.000   0.000   0.000   0.000 212051100
 3.40   3.37   22.796
 3.40   7.00    0.360    0.111
 3.40   7.00    0.471   26.985
 3.40   7.00    0.440    0.283   0.471   0.227
 3.40   7.00    0.443    0.258   0.471   0.202

 3.41   0.00    0.223    0.198   0.100   0.042   0.081   0.000   0.000   0.000   0.000   0.000   0.000 212674800
 3.41   3.37   22.784
 3.41   7.00    0.361    0.114
 3.41   7.00    0.475   27.242
 3.41   7.00    0.444    0.283   0.475   0.227
 3.41   7.00    0.447    0.258   0.475   0.201

 3.42   0.00    0.223    0.198   0.100   0.042   0.081   0.000   0.000   0.000   0.000   0.000   0.000 213298500
 3.42   3.37   22.773
 3.42   7.00    0.361    0.118
 3.42   7.00    0.479   27.495
 3.42   7.00    0.448    0.283   0.479   0.226
 3.42   7.00    0.451    0.258   0.479   0.201

 3.43   0.00    0.222    0.197   0.100   0.042   0.081   0.000   0.000   0.000   0.000   0.000   0.000 213922200
 3.43   3.36   22.761
 3.43   7.00    0.362    0.122
 3.43   7.00    0.483   27.744
 3.43   7.00    0.452    0.283   0.483   0.226
 3.43   7.00    0.455    0.258   0.483   0.200

 3.44   0.00    0.222    0.197   0.099   0.042   0.080   0.000   0.000   0.000   0.000   0.000   0.000 214545900
 3.44   3.37   22.777
 3.44   7.00    0.363    0.125
 3.44   7.00    0.488   28.008
 3.44   7.00    0.457    0.283   0.488   0.225
 3.44   7.00    0.460    0.258   0.488   0.200

 3.45   0.00    0.221    0.196   0.099   0.042   0.080   0.000   0.000   0.000   0.000   0.000   0.000 215169500
 3.45   3.37   22.767
 3.45   7.00    0.363    0.129
 3.45   7.00    0.492   28.247
 3.45   7.00    0.461    0.283   0.492   0.225
 3.45   7.00    0.464    0.258   0.492   0.199

 3.46   0.00    0.221    0.196   0.099   0.042   0.080   0.000   0.000   0.000   0.000   0.000   0.000 215793200
 3.46   3.36   22.756
 3.46   7.00    0.364    0.132
 3.46   7.00    0.496   28.482
 3.46   7.00    0.465    0.283   0.496   0.224
 3.46   7.00    0.468    0.258   0.496   0.199

 3.47   0.00    0.220    0.195   0.099   0.042   0.080   0.000   0.000   0.000   0.000   0.000   0.000 216416900
 3.47   3.36   22.746
 3.47   7.00    0.364    0.136
 3.47   7.00    0.501   28.714
 3.47   7.00    0.470    0.283   0.501   0.224
 3.47   7.00    0.473    0.258   0.501   0.198

 3.48   0.00    0.220    0.195   0.098   0.042   0.079   0.000   0.000   0.000   0.000   0.000   0.000 217040600
 3.48   3.36   22.736
 3.48   7.00    0.365    0.140
 3.48   7.00    0.505   28.941
 3.48   7.00    0.474    0.283   0.505   0.223
 3.48   7.00    0.477    0.258   0.505   0.198

 3.49   0.00    0.219    0.195   0.098   0.042   0.079   0.000   0.000   0.000   0.000   0.000   0.000 217664300
 3.49   3.36   22.726
 3.49   7.00    0.366    0.143
 3.49   7.00    0.509   29.165
 3.49   7.00    0.478    0.283   0.509   0.222
 3.49   7.00    0.481    0.258   0.509   0.198

 3.50   0.00    0.219    0.194   0.098   0.042   0.079   0.000   0.000   0.000   0.000   0.000   0.000 218287900
 3.50   3.36   22.716
 3.50   7.00    0.366    0.147
 3.50   7.00    0.513   29.385
 3.50   7.00    0.483    0.283   0.513   0.222
 3.50   7.00    0.486    0.258   0.513   0.197

 3.51   0.00    0.218    0.194   0.098   0.042   0.078   0.000   0.000   0.000   0.000   0.000   0.000 218911600
 3.51   3.36   22.706
 3.51   7.00    0.367    0.151
 3.51   7.00    0.518   29.602
 3.51   7.00    0.487    0.283   0.518   0.221
 3.51   7.00    0.490    0.258   0.518   0.197

 3.52   0.00    0.218    0.193   0.097   0.042   0.078   0.000   0.000   0.000   0.000   0.000   0.000 219535300
 3.52   3.36   22.697
 3.52   7.00    0.368    0.154
 3.52   7.00    0.522   29.815
 3.52   7.00    0.491    0.283   0.522   0.221
 3.52   7.00    0.494    0.258   0.522   0.196

 3.53   0.00    0.217    0.193   0.097   0.042   0.078   0.000   0.000   0.000   0.000   0.000   0.000 220159000
 3.53   3.36   22.687
 3.53   7.00    0.368    0.158
 3.53   7.00    0.526   30.025
 3.53   7.00    0.495    0.283   0.526   0.220
 3.53   7.00    0.498    0.258   0.526   0.196

 3.54   0.00    0.217    0.192   0.097   0.042   0.078   0.000   0.000   0.000   0.000   0.000   0.000 220782600
 3.54   3.36   22.678
 3.54   7.00    0.369    0.162
 3.54   7.00    0.530   30.232
 3.54   7.00    0.500    0.283   0.530   0.220
 3.54   7.00    0.503    0.259   0.530   0.195

 3.55   0.00    0.216    0.192   0.097   0.042   0.077   0.000   0.000   0.000   0.000   0.000   0.000 221406300
 3.55   3.36   22.669
 3.55   7.00    0.369    0.165
 3.55   7.00    0.535   30.436
 3.55   7.00    0.504    0.283   0.535   0.219
 3.55   7.00    0.507    0.259   0.535   0.195

 3.56   0.00    0.215    0.192   0.097   0.042   0.077   0.000   0.000   0.000   0.000   0.000   0.000 222030000
 3.56   3.36   22.660
 3.56   7.00    0.370    0.169
 3.56   7.00    0.539   30.636
 3.56   7.00    0.508    0.283   0.539   0.219
 3.56   7.00    0.511    0.259   0.539   0.194

 3.57   0.00    0.215    0.191   0.096   0.042   0.077   0.000   0.000   0.000   0.000   0.000   0.000 222653700
 3.57   3.36   22.652
 3.57   7.00    0.371    0.173
 3.57   7.00    0.543   30.833
 3.57   7.00    0.513    0.283   0.543   0.218
 3.57   7.00    0.516    0.259   0.543   0.194

 3.58   0.00    0.214    0.191   0.096   0.042   0.076   0.000   0.000   0.000   0.000   0.000   0.000 223277400
 3.58   3.36   22.643
 3.58   7.00    0.371    0.176
 3.58   7.00    0.548   31.028
 3.58   7.00    0.517    0.283   0.548   0.218
 3.58   7.00    0.520    0.259   0.548   0.194

 3.59   0.00    0.214    0.190   0.096   0.042   0.076   0.000   0.000   0.000   0.000   0.000   0.000 223901000
 3.59   3.36   22.669
 3.59   7.00    0.372    0.180
 3.59   7.00    0.552   31.219
 3.59   7.00    0.521    0.283   0.552   0.217
 3.59   7.00    0.524    0.259   0.552   0.193

 3.60   0.00    0.213    0.190   0.096   0.042   0.076   0.000   0.000   0.000   0.000   0.000   0.000 224524700
 3.60   3.37   22.716
 3.60   7.00    0.373    0.184
 3.60   7.00    0.556   31.408
 3.60   7.00    0.526    0.283   0.556   0.217
 3.60   7.00    0.529    0.259   0.556   0.193

 3.61   0.00    0.213    0.189   0.095   0.042   0.076   0.000   0.000   0.000   0.000   0.000   0.000 225148400
 3.61   3.37   22.764
 3.61   7.00    0.373    0.187
 3.61   7.00    0.560   31.594
 3.61   7.00    0.530    0.283   0.560   0.216
 3.61   7.00    0.533    0.259   0.560   0.192

 3.62   0.00    0.212    0.189   0.095   0.042   0.075   0.000   0.000   0.000   0.000   0.000   0.000 225772100
 3.62   3.38   22.811
 3.62   7.00    0.374    0.191
 3.62   7.00    0.565   31.777
 3.62   7.00    0.534    0.283   0.565   0.216
 3.62   7.00    0.537    0.259   0.565   0.192

 3.63   0.00    0.212    0.189   0.095   0.042   0.075   0.000   0.000   0.000   0.000   0.000   0.000 226395800
 3.63   3.38   22.859
 3.63   7.00    0.374    0.195
 3.63   7.00    0.569   31.958
 3.63   7.00    0.539    0.283   0.569   0.215
 3.63   7.00    0.541    0.259   0.569   0.191

 3.64   0.00    0.211    0.188   0.095   0.042   0.075   0.000   0.000   0.000   0.000   0.000   0.000 227019500
 3.64   3.39   22.907
 3.64   7.00    0.375    0.198
 3.64   7.00    0.573   32.136
 3.64   7.00    0.543    0.283   0.573   0.215
 3.64   7.00    0.546    0.260   0.573   0.191

 3.65   0.00    0.211    0.188   0.094   0.042   0.075   0.000   0.000   0.000   0.000   0.000   0.000 227643100
 3.65   3.39   22.954
 3.65   7.00    0.376    0.202
 3.65   7.00    0.578   32.312
 3.65   7.00    0.547    0.283   0.578   0.214
 3.65   7.00    0.550    0.260   0.578   0.191

 3.66   0.00    0.210    0.187   0.094   0.042   0.074   0.000   0.000   0.000   0.000   0.000   0.000 228266800
 3.66   3.40   23.002
 3.66   7.00    0.376    0.205
 3.66   7.00    0.582   32.485
 3.66   7.00    0.551    0.283   0.582   0.214
 3.66   7.00    0.554    0.260   0.582   0.190

 3.67   0.00    0.210    0.187   0.094   0.042   0.074   0.000   0.000   0.000   0.000   0.000   0.000 228890500
 3.67   3.40   23.049
 3.67   7.00    0.377    0.209
 3.67   7.00    0.586   32.656
 3.67   7.00    0.556    0.283   0.586   0.213
 3.67   7.00    0.559    0.260   0.586   0.190

 3.68   0.00    0.209    0.187   0.094   0.042   0.074   0.000   0.000   0.000   0.000   0.000   0.000 229514200
 3.68   3.41   23.097
 3.68   7.00    0.378    0.213
 3.68   7.00    0.590   32.824
 3.68   7.00    0.560    0.283   0.590   0.213
 3.68   7.00    0.563    0.260   0.590   0.189

 3.69   0.00    0.209    0.186   0.094   0.042   0.074   0.000   0.000   0.000   0.000   0.000   0.000 230137900
 3.69   3.41   23.145
 3.69   7.00    0.378    0.216
 3.69   7.00    0.595   32.990
 3.69   7.00    0.564    0.283   0.595   0.212
 3.69   7.00    0.567    0.260   0.595   0.189

 3.70   0.00    0.208    0.186   0.093   0.042   0.073   0.000   0.000   0.000   0.000   0.000   0.000 230761500
 3.70   3.42   23.193
 3.70   7.00    0.379    0.220
 3.70   7.00    0.599   33.154
 3.70   7.00    0.569    0.283   0.599   0.212
 3.70   7.00    0.571    0.260   0.599   0.189

 3.71   0.00    0.208    0.185   0.093   0.042   0.073   0.000   0.000   0.000   0.000   0.000   0.000 231385200
 3.71   3.42   23.240
 3.71   7.00    0.379    0.224
 3.71   7.00    0.603   33.316
 3.71   7.00    0.573    0.283   0.603   0.211
 3.71   7.00    0.576    0.260   0.603   0.188

 3.72   0.00    0.207    0.185   0.093   0.042   0.073   0.000   0.000   0.000   0.000   0.000   0.000 232008900
 3.72   3.43   23.288
 3.72   7.00    0.380    0.227
 3.72   7.00    0.607   33.475
 3.72   7.00    0.577    0.283   0.607   0.211
 3.72   7.00    0.580    0.260   0.607   0.188

 3.73   0.00    0.207    0.185   0.093   0.042   0.073   0.000   0.000   0.000   0.000   0.000   0.000 232632600
 3.73   3.43   23.336
 3.73   7.00    0.381    0.231
 3.73   7.00    0.612   33.632
 3.73   7.00    0.582    0.283   0.612   0.210
 3.73   7.00    0.584    0.261   0.612   0.187

 3.74   0.00    0.207    0.184   0.093   0.042   0.072   0.000   0.000   0.000   0.000   0.000   0.000 233256200
 3.74   3.44   23.384
 3.74   7.00    0.381    0.235
 3.74   7.00    0.616   33.788
 3.74   7.00    0.586    0.283   0.616   0.210
 3.74   7.00    0.589    0.261   0.616   0.187

 3.75   0.00    0.206    0.184   0.092   0.042   0.072   0.000   0.000   0.000   0.000   0.000   0.000 233879900
 3.75   3.44   23.431
 3.75   7.00    0.382    0.238
 3.75   7.00    0.620   33.941
 3.75   7.00    0.590    0.283   0.620   0.209
 3.75   7.00    0.593    0.261   0.620   0.187

 3.76   0.00    0.206    0.184   0.092   0.042   0.072   0.000   0.000   0.000   0.000   0.000   0.000 234503600
 3.76   3.45   23.479
 3.76   7.00    0.383    0.242
 3.76   7.00    0.625   34.092
 3.76   7.00    0.594    0.283   0.625   0.209
 3.76   7.00    0.597    0.261   0.625   0.186

 3.77   0.00    0.205    0.183   0.092   0.042   0.072   0.000   0.000   0.000   0.000   0.000   0.000 235127300
 3.77   3.45   23.527
 3.77   7.00    0.383    0.246
 3.77   7.00    0.629   34.241
 3.77   7.00    0.599    0.283   0.629   0.208
 3.77   7.00    0.601    0.261   0.629   0.186

 3.78   0.00    0.205    0.183   0.092   0.042   0.071   0.000   0.000   0.000   0.000   0.000   0.000 235751000
 3.78   3.46   23.575
 3.78   7.00    0.384    0.249
 3.78   7.00    0.633   34.389
 3.78   7.00    0.603    0.283   0.633   0.208
 3.78   7.00    0.606    0.261   0.633   0.186

 3.79   0.00    0.204    0.182   0.091   0.042   0.071   0.000   0.000   0.000   0.000   0.000   0.000 236374600
 3.79   3.46   23.623
 3.79   7.00    0.384    0.253
 3.79   7.00    0.637   34.534
 3.79   7.00    0.607    0.283   0.637   0.207
 3.79   7.00    0.610    0.261   0.637   0.185

 3.80   0.00    0.204    0.182   0.091   0.042   0.071   0.000   0.000   0.000   0.000   0.000   0.000 236998300
 3.80   3.47   23.671
 3.80   7.00    0.385    0.257
 3.80   7.00    0.642   34.678
 3.80   7.00    0.612    0.283   0.642   0.207
 3.80   7.00    0.614    0.262   0.642   0.185

 3.81   0.00    0.203    0.182   0.091   0.041   0.071   0.000   0.000   0.000   0.000   0.000   0.000 237622000
 3.81   3.47   23.719
 3.81   7.00    0.386    0.260
 3.81   7.00    0.646   34.820
 3.81   7.00    0.616    0.283   0.646   0.206
 3.81   7.00    0.619    0.262   0.646   0.184

 3.82   0.00    0.203    0.181   0.091   0.041   0.070   0.000   0.000   0.000   0.000   0.000   0.000 238245700
 3.82   3.48   23.767
 3.82   7.00    0.386    0.264
 3.82   7.00    0.650   34.960
 3.82   7.00    0.620    0.284   0.650   0.206
 3.82   7.00    0.623    0.262   0.650   0.184

 3.83   0.00    0.202    0.181   0.091   0.041   0.070   0.000   0.000   0.000   0.000   0.000   0.000 238869400
 3.83   3.48   23.815
 3.83   7.00    0.387    0.267
 3.83   7.00    0.654   35.099
 3.83   7.00    0.624    0.284   0.654   0.205
 3.83   7.00    0.627    0.262   0.654   0.184

 3.84   0.00    0.202    0.181   0.090   0.041   0.070   0.000   0.000   0.000   0.000   0.000   0.000 239493000
 3.84   3.49   23.863
 3.84   7.00    0.388    0.271
 3.84   7.00    0.659   35.235
 3.84   7.00    0.629    0.284   0.659   0.205
 3.84   7.00    0.631    0.262   0.659   0.183

 3.85   0.00    0.201    0.180   0.090   0.041   0.070   0.000   0.000   0.000   0.000   0.000   0.000 240116700
 3.85   3.49   23.911
 3.85   7.00    0.388    0.275
 3.85   7.00    0.663   35.370
 3.85   7.00    0.633    0.284   0.663   0.204
 3.85   7.00    0.636    0.262   0.663   0.183

 3.86   0.00    0.201    0.180   0.090   0.041   0.070   0.000   0.000   0.000   0.000   0.000   0.000 240740400
 3.86   3.50   23.959
 3.86   7.00    0.389    0.278
 3.86   7.00    0.667   35.504
 3.86   7.00    0.637    0.284   0.667   0.204
 3.86   7.00    0.640    0.262   0.667   0.183

 3.87   0.00    0.201    0.179   0.090   0.041   0.069   0.000   0.000   0.000   0.000   0.000   0.000 241364100
 3.87   3.50   24.007
 3.87   7.00    0.389    0.282
 3.87   7.00    0.671   35.636
 3.87   7.00    0.642    0.284   0.671   0.204
 3.87   7.00    0.644    0.263   0.671   0.182

 3.88   0.00    0.200    0.179   0.090   0.041   0.069   0.000   0.000   0.000   0.000   0.000   0.000 241987800
 3.88   3.51   24.055
 3.88   7.00    0.390    0.286
 3.88   7.00    0.676   35.766
 3.88   7.00    0.646    0.284   0.676   0.203
 3.88   7.00    0.649    0.263   0.676   0.182

 3.89   0.00    0.200    0.179   0.089   0.041   0.069   0.000   0.000   0.000   0.000   0.000   0.000 242611500
 3.89   3.51   24.103
 3.89   7.00    0.391    0.289
 3.89   7.00    0.680   35.895
 3.89   7.00    0.650    0.284   0.680   0.203
 3.89   7.00    0.653    0.263   0.680   0.181

 3.90   0.00    0.199    0.178   0.089   0.041   0.069   0.000   0.000   0.000   0.000   0.000   0.000 243235100
 3.90   3.52   24.151
 3.90   7.00    0.391    0.293
 3.90   7.00    0.684   36.022
 3.90   7.00    0.655    0.284   0.684   0.202
 3.90   7.00    0.657    0.263   0.684   0.181

 3.91   0.00    0.199    0.178   0.089   0.041   0.068   0.000   0.000   0.000   0.000   0.000   0.000 243858800
 3.91   3.52   24.199
 3.91   7.00    0.392    0.297
 3.91   7.00    0.689   36.148
 3.91   7.00    0.659    0.284   0.689   0.202
 3.91   7.00    0.661    0.263   0.689   0.181

 3.92   0.00    0.198    0.178   0.089   0.041   0.068   0.000   0.000   0.000   0.000   0.000   0.000 244482500
 3.92   3.53   24.248
 3.92   7.00    0.392    0.300
 3.92   7.00    0.693   36.272
 3.92   7.00    0.663    0.284   0.693   0.201
 3.92   7.00    0.666    0.263   0.693   0.180

 3.93   0.00    0.198    0.177   0.089   0.041   0.068   0.000   0.000   0.000   0.000   0.000   0.000 245106200
 3.93   3.54   24.296
 3.93   7.00    0.393    0.304
 3.93   7.00    0.697   36.395
 3.93   7.00    0.667    0.284   0.697   0.201
 3.93   7.00    0.670    0.263   0.697   0.180

 3.94   0.00    0.197    0.177   0.088   0.041   0.068   0.000   0.000   0.000   0.000   0.000   0.000 245729800
 3.94   3.54   24.344
 3.94   7.00    0.394    0.308
 3.94   7.00    0.701   36.517
 3.94   7.00    0.672    0.284   0.701   0.200
 3.94   7.00    0.674    0.264   0.701   0.179

 3.95   0.00    0.197    0.176   0.088   0.041   0.068   0.000   0.000   0.000   0.000   0.000   0.000 246353500
 3.95   3.55   24.392
 3.95   7.00    0.394    0.311
 3.95   7.00    0.706   36.637
 3.95   7.00    0.676    0.284   0.706   0.200
 3.95   7.00    0.679    0.264   0.706   0.179

 3.96   0.00    0.197    0.176   0.088   0.041   0.067   0.000   0.000   0.000   0.000   0.000   0.000 246977200
 3.96   3.55   24.440
 3.96   7.00    0.395    0.315
 3.96   7.00    0.710   36.756
 3.96   7.00    0.680    0.285   0.710   0.200
 3.96   7.00    0.683    0.264   0.710   0.179

 3.97   0.00    0.196    0.176   0.088   0.041   0.067   0.000   0.000   0.000   0.000   0.000   0.000 247600900
 3.97   3.56   24.489
 3.97   7.00    0.396    0.319
 3.97   7.00    0.714   36.873
 3.97   7.00    0.685    0.285   0.714   0.199
 3.97   7.00    0.687    0.264   0.714   0.178

 3.98   0.00    0.196    0.175   0.088   0.041   0.067   0.000   0.000   0.000   0.000   0.000   0.000 248224600
 3.98   3.56   24.537
 3.98   7.00    0.396    0.322
 3.98   7.00    0.718   36.989
 3.98   7.00    0.689    0.285   0.718   0.199
 3.98   7.00    0.691    0.264   0.718   0.178

 3.99   0.00    0.195    0.175   0.087   0.041   0.067   0.000   0.000   0.000   0.000   0.000   0.000 248848200
 3.99   3.57   24.585
 3.99   7.00    0.397    0.326
 3.99   7.00    0.723   37.104
 3.99   7.00    0.693    0.285   0.723   0.198
 3.99   7.00    0.696    0.264   0.723   0.178

 4.00   0.00    0.195    0.175   0.087   0.041   0.067   0.000   0.000   0.000   0.000   0.000   0.000 249471900
 4.00   3.57   24.634
 4.00   7.00    0.397    0.330
 4.00   7.00    0.727   37.218
 4.00   7.00    0.697    0.285   0.727   0.198
 4.00   7.00    0.700    0.264   0.727   0.177

 4.01   0.00    0.194    0.174   0.087   0.041   0.066   0.000   0.000   0.000   0.000   0.000   0.000 250095600
 4.01   3.58   24.682
 4.01   7.00    0.398    0.333
 4.01   7.00    0.731   37.330
 4.01   7.00    0.702    0.285   0.731   0.197
 4.01   7.00    0.704    0.265   0.731   0.177

 4.02   0.00    0.194    0.174   0.087   0.041   0.066   0.000   0.000   0.000   0.000   0.000   0.000 250719300
 4.02   3.58   24.730
 4.02   7.00    0.399    0.337
 4.02   7.00    0.736   37.442
 4.02   7.00    0.706    0.285   0.736   0.197
 4.02   7.00    0.709    0.265   0.736   0.176

 4.03   0.00    0.194    0.173   0.087   0.041   0.066   0.000   0.000   0.000   0.000   0.000   0.000 251343000
 4.03   3.59   24.779
 4.03   7.00    0.399    0.340
 4.03   7.00    0.740   37.552
 4.03   7.00    0.710    0.285   0.740   0.197
 4.03   7.00    0.713    0.265   0.740   0.176

 4.04   0.00    0.193    0.173   0.086   0.041   0.066   0.000   0.000   0.000   0.000   0.000   0.000 251966600
 4.04   3.59   24.827
 4.04   7.00    0.400    0.344
 4.04   7.00    0.744   37.660
 4.04   7.00    0.715    0.285   0.744   0.196
 4.04   7.00    0.717    0.265   0.744   0.176

 4.05   0.00    0.193    0.173   0.086   0.041   0.065   0.000   0.000   0.000   0.000   0.000   0.000 252590300
 4.05   3.60   24.875
 4.05   7.00    0.401    0.348
 4.05   7.00    0.748   37.768
 4.05   7.00    0.719    0.285   0.748   0.196
 4.05   7.00    0.721    0.265   0.748   0.175

 4.06   0.00    0.192    0.172   0.086   0.041   0.065   0.000   0.000   0.000   0.000   0.000   0.000 253214000
 4.06   3.60   24.924
 4.06   7.00    0.401    0.351
 4.06   7.00    0.753   37.875
 4.06   7.00    0.723    0.286   0.753   0.195
 4.06   7.00    0.726    0.265   0.753   0.175

 4.07   0.00    0.192    0.172   0.086   0.041   0.065   0.000   0.000   0.000   0.000   0.000   0.000 253837700
 4.07   3.61   24.972
 4.07   7.00    0.402    0.355
 4.07   7.00    0.757   37.980
 4.07   7.00    0.727    0.286   0.757   0.195
 4.07   7.00    0.730    0.266   0.757   0.175

 4.08   0.00    0.192    0.172   0.086   0.041   0.065   0.000   0.000   0.000   0.000   0.000   0.000 254461400
 4.08   3.61   25.021
 4.08   7.00    0.402    0.359
 4.08   7.00    0.761   38.084
 4.08   7.00    0.732    0.286   0.761   0.194
 4.08   7.00    0.734    0.266   0.761   0.174

 4.09   0.00    0.191    0.171   0.085   0.041   0.065   0.000   0.000   0.000   0.000   0.000   0.000 255085000
 4.09   3.62   25.069
 4.09   7.00    0.403    0.362
 4.09   7.00    0.765   38.188
 4.09   7.00    0.736    0.286   0.765   0.194
 4.09   7.00    0.738    0.266   0.765   0.174

 4.10   0.00    0.191    0.171   0.085   0.041   0.064   0.000   0.000   0.000   0.000   0.000   0.000 255708700
 4.10   3.62   25.118
 4.10   7.00    0.404    0.366
 4.10   7.00    0.770   38.290
 4.10   7.00    0.740    0.286   0.770   0.194
 4.10   7.00    0.743    0.266   0.770   0.174

 4.11   0.00    0.190    0.171   0.085   0.041   0.064   0.000   0.000   0.000   0.000   0.000   0.000 256332400
 4.11   3.63   25.166
 4.11   7.00    0.404    0.367
 4.11   7.00    0.772   38.339
 4.11   7.00    0.742    0.286   0.772   0.193
 4.11   7.00    0.745    0.266   0.772   0.173

 4.12   0.00    0.190    0.170   0.085   0.041   0.064   0.000   0.000   0.000   0.000   0.000   0.000 256956100
 4.12   3.63   25.215
 4.12   7.00    0.405    0.368
 4.12   7.00    0.773   38.365
 4.12   7.00    0.743    0.286   0.773   0.193
 4.12   7.00    0.746    0.266   0.773   0.173

 4.13   0.00    0.190    0.170   0.085   0.041   0.064   0.000   0.000   0.000   0.000   0.000   0.000 257579800
 4.13   3.64   25.263
 4.13   7.00    0.406    0.368
 4.13   7.00    0.774   38.392
 4.13   7.00    0.744    0.285   0.774   0.192
 4.13   7.00    0.747    0.266   0.774   0.173

 4.14   0.00    0.189    0.170   0.084   0.041   0.064   0.000   0.000   0.000   0.000   0.000   0.000 258203400
 4.14   3.64   25.312
 4.14   7.00    0.406    0.369
 4.14   7.00    0.775   38.419
 4.14   7.00    0.746    0.285   0.775   0.192
 4.14   7.00    0.748    0.265   0.775   0.172

 4.15   0.00    0.189    0.169   0.084   0.041   0.063   0.000   0.000   0.000   0.000   0.000   0.000 258827100
 4.15   3.65   25.361
 4.15   7.00    0.407    0.369
 4.15   7.00    0.776   38.445
 4.15   7.00    0.747    0.285   0.776   0.192
 4.15   7.00    0.749    0.265   0.776   0.172

 4.16   0.00    0.188    0.169   0.084   0.041   0.063   0.000   0.000   0.000   0.000   0.000   0.000 259450800
 4.16   3.65   25.409
 4.16   7.00    0.407    0.369
 4.16   7.00    0.777   38.472
 4.16   7.00    0.748    0.284   0.777   0.191
 4.16   7.00    0.750    0.265   0.777   0.172

 4.17   0.00    0.188    0.169   0.084   0.041   0.063   0.000   0.000   0.000   0.000   0.000   0.000 260074500
 4.17   3.66   25.458
 4.17   7.00    0.408    0.370
 4.17   7.00    0.778   38.499
 4.17   7.00    0.749    0.284   0.778   0.191
 4.17   7.00    0.751    0.265   0.778   0.171

 4.18   0.00    0.188    0.168   0.084   0.041   0.063   0.000   0.000   0.000   0.000   0.000   0.000 260698100
 4.18   3.66   25.506
 4.18   7.00    0.409    0.370
 4.18   7.00    0.779   38.526
 4.18   7.00    0.750    0.284   0.779   0.190
 4.18   7.00    0.752    0.264   0.779   0.171

 4.19   0.00    0.187    0.168   0.084   0.041   0.063   0.000   0.000   0.000   0.000   0.000   0.000 261321800
 4.19   3.67   25.555
 4.19   7.00    0.409    0.371
 4.19   7.00    0.780   38.553
 4.19   7.00    0.751    0.284   0.780   0.190
 4.19   7.00    0.753    0.264   0.780   0.171

 4.20   0.00    0.187    0.168   0.083   0.041   0.063   0.000   0.000   0.000   0.000   0.000   0.000 261945500
 4.20   3.67   25.604
 4.20   7.00    0.410    0.371
 4.20   7.00    0.781   38.580
 4.20   7.00    0.752    0.283   0.781   0.190
 4.20   7.00    0.754    0.264   0.781   0.170

 4.21   0.00    0.186    0.167   0.083   0.041   0.062   0.000   0.000   0.000   0.000   0.000   0.000 262569200
 4.21   3.68   25.653
 4.21   7.00    0.410    0.371
 4.21   7.00    0.782   38.607
 4.21   7.00    0.753    0.283   0.782   0.189
 4.21   7.00    0.755    0.264   0.782   0.170

 4.22   0.00    0.186    0.167   0.083   0.041   0.062   0.000   0.000   0.000   0.000   0.000   0.000 263192900
 4.22   3.68   25.701
 4.22   7.00    0.411    0.372
 4.22   7.00    0.783   38.634
 4.22   7.00    0.754    0.283   0.783   0.189
 4.22   7.00    0.756    0.264   0.783   0.170

 4.23   0.00    0.186    0.167   0.083   0.041   0.062   0.000   0.000   0.000   0.000   0.000   0.000 263816600
 4.23   3.69   25.740
 4.23   7.00    0.412    0.372
 4.23   7.00    0.784   38.659
 4.23   7.00    0.755    0.283   0.784   0.188
 4.23   7.00    0.757    0.263   0.784   0.169

 4.24   0.00    0.185    0.166   0.083   0.041   0.062   0.000   0.000   0.000   0.000   0.000   0.000 264440200
 4.24   3.68   25.762
 4.24   7.00    0.411    0.373
 4.24   7.00    0.784   38.684
 4.24   7.00    0.755    0.282   0.784   0.188
 4.24   7.00    0.758    0.263   0.784   0.169

 4.25   0.00    0.185    0.166   0.082   0.041   0.062   0.000   0.000   0.000   0.000   0.000   0.000 265063900
 4.25   3.68   25.784
 4.25   7.00    0.411    0.373
 4.25   7.00    0.784   38.709
 4.25   7.00    0.756    0.282   0.784   0.188
 4.25   7.00    0.758    0.263   0.784   0.169

 4.26   0.00    0.184    0.166   0.082   0.041   0.061   0.000   0.000   0.000   0.000   0.000   0.000 265687600
 4.26   3.68   25.806
 4.26   7.00    0.411    0.374
 4.26   7.00    0.784   38.735
 4.26   7.00    0.756    0.281   0.784   0.187
 4.26   7.00    0.758    0.263   0.784   0.168

 4.27   0.00    0.184    0.165   0.082   0.041   0.061   0.000   0.000   0.000   0.000   0.000   0.000 266311300
 4.27   3.68   25.827
 4.27   7.00    0.411    0.374
 4.27   7.00    0.785   38.760
 4.27   7.00    0.756    0.281   0.785   0.187
 4.27   7.00    0.758    0.262   0.785   0.168

 4.28   0.00    0.184    0.165   0.082   0.041   0.061   0.000   0.000   0.000   0.000   0.000   0.000 266935000
 4.28   3.68   25.848
 4.28   7.00    0.411    0.374
 4.28   7.00    0.785   38.785
 4.28   7.00    0.756    0.281   0.785   0.186
 4.28   7.00    0.759    0.262   0.785   0.168

 4.29   0.00    0.183    0.165   0.082   0.041   0.061   0.000   0.000   0.000   0.000   0.000   0.000 267558600
 4.29   3.68   25.869
 4.29   7.00    0.410    0.375
 4.29   7.00    0.785   38.809
 4.29   7.00    0.757    0.280   0.785   0.186
 4.29   7.00    0.759    0.262   0.785   0.167

 4.30   0.00    0.183    0.164   0.082   0.041   0.061   0.000   0.000   0.000   0.000   0.000   0.000 268182300
 4.30   3.67   25.890
 4.30   7.00    0.410    0.375
 4.30   7.00    0.785   38.834
 4.30   7.00    0.757    0.280   0.785   0.186
 4.30   7.00    0.759    0.261   0.785   0.167

 4.31   0.00    0.183    0.164   0.081   0.041   0.060   0.000   0.000   0.000   0.000   0.000   0.000 268806000
 4.31   3.67   25.910
 4.31   7.00    0.410    0.376
 4.31   7.00    0.786   38.858
 4.31   7.00    0.757    0.280   0.786   0.185
 4.31   7.00    0.759    0.261   0.786   0.167

 4.32   0.00    0.182    0.164   0.081   0.041   0.060   0.000   0.000   0.000   0.000   0.000   0.000 269429700
 4.32   3.67   25.930
 4.32   7.00    0.410    0.376
 4.32   7.00    0.786   38.883
 4.32   7.00    0.757    0.279   0.786   0.185
 4.32   7.00    0.760    0.261   0.786   0.166

 4.33   0.00    0.182    0.164   0.081   0.041   0.060   0.000   0.000   0.000   0.000   0.000   0.000 270053300
 4.33   3.67   25.949
 4.33   7.00    0.409    0.377
 4.33   7.00    0.786   38.907
 4.33   7.00    0.758    0.279   0.786   0.185
 4.33   7.00    0.760    0.261   0.786   0.166

 4.34   0.00    0.181    0.163   0.081   0.041   0.060   0.000   0.000   0.000   0.000   0.000   0.000 270677100
 4.34   3.67   25.969
 4.34   7.00    0.409    0.377
 4.34   7.00    0.786   38.931
 4.34   7.00    0.758    0.279   0.786   0.184
 4.34   7.00    0.760    0.260   0.786   0.166

 4.35   0.00    0.181    0.163   0.081   0.041   0.060   0.000   0.000   0.000   0.000   0.000   0.000 271300700
 4.35   3.67   25.988
 4.35   7.00    0.409    0.378
 4.35   7.00    0.787   38.955
 4.35   7.00    0.758    0.278   0.787   0.184
 4.35   7.00    0.761    0.260   0.787   0.165

 4.36   0.00    0.181    0.163   0.080   0.041   0.060   0.000   0.000   0.000   0.000   0.000   0.000 271924400
 4.36   3.66   26.007
 4.36   7.00    0.409    0.378
 4.36   7.00    0.787   38.979
 4.36   7.00    0.759    0.278   0.787   0.183
 4.36   7.00    0.761    0.260   0.787   0.165

 4.37   0.00    0.180    0.162   0.080   0.041   0.059   0.000   0.000   0.000   0.000   0.000   0.000 272548100
 4.37   3.66   26.025
 4.37   7.00    0.409    0.378
 4.37   7.00    0.787   39.002
 4.37   7.00    0.759    0.278   0.787   0.183
 4.37   7.00    0.761    0.259   0.787   0.165

 4.38   0.00    0.180    0.162   0.080   0.041   0.059   0.000   0.000   0.000   0.000   0.000   0.000 273171700
 4.38   3.66   26.043
 4.38   7.00    0.408    0.379
 4.38   7.00    0.787   39.026
 4.38   7.00    0.759    0.277   0.787   0.183
 4.38   7.00    0.761    0.259   0.787   0.164

 4.39   0.00    0.180    0.162   0.080   0.041   0.059   0.000   0.000   0.000   0.000   0.000   0.000 273795400
 4.39   3.66   26.061
 4.39   7.00    0.408    0.379
 4.39   7.00    0.788   39.049
 4.39   7.00    0.759    0.277   0.788   0.182
 4.39   7.00    0.762    0.259   0.788   0.164

 4.40   0.00    0.179    0.161   0.080   0.041   0.059   0.000   0.000   0.000   0.000   0.000   0.000 274419100
 4.40   3.66   26.079
 4.40   7.00    0.408    0.380
 4.40   7.00    0.788   39.073
 4.40   7.00    0.760    0.277   0.788   0.182
 4.40   7.00    0.762    0.259   0.788   0.164

 4.41   0.00    0.179    0.161   0.080   0.041   0.059   0.000   0.000   0.000   0.000   0.000   0.000 275042800
 4.41   3.66   26.097
 4.41   7.00    0.408    0.380
 4.41   7.00    0.788   39.096
 4.41   7.00    0.760    0.276   0.788   0.182
 4.41   7.00    0.762    0.258   0.788   0.164

 4.42   0.00    0.179    0.161   0.079   0.041   0.059   0.000   0.000   0.000   0.000   0.000   0.000 275666500
 4.42   3.65   26.114
 4.42   7.00    0.408    0.381
 4.42   7.00    0.788   39.119
 4.42   7.00    0.760    0.276   0.788   0.181
 4.42   7.00    0.763    0.258   0.788   0.163

 4.43   0.00    0.178    0.161   0.079   0.041   0.058   0.000   0.000   0.000   0.000   0.000   0.000 276290100
 4.43   3.65   26.131
 4.43   7.00    0.407    0.381
 4.43   7.00    0.789   39.142
 4.43   7.00    0.761    0.276   0.789   0.181
 4.43   7.00    0.763    0.258   0.789   0.163

 4.44   0.00    0.178    0.160   0.079   0.041   0.058   0.000   0.000   0.000   0.000   0.000   0.000 276913800
 4.44   3.65   26.148
 4.44   7.00    0.407    0.382
 4.44   7.00    0.789   39.165
 4.44   7.00    0.761    0.275   0.789   0.181
 4.44   7.00    0.763    0.258   0.789   0.163

 4.45   0.00    0.177    0.160   0.079   0.041   0.058   0.000   0.000   0.000   0.000   0.000   0.000 277537500
 4.45   3.65   26.164
 4.45   7.00    0.407    0.382
 4.45   7.00    0.789   39.188
 4.45   7.00    0.761    0.275   0.789   0.180
 4.45   7.00    0.763    0.257   0.789   0.162

 4.46   0.00    0.177    0.160   0.079   0.041   0.058   0.000   0.000   0.000   0.000   0.000   0.000 278161200
 4.46   3.65   26.180
 4.46   7.00    0.407    0.383
 4.46   7.00    0.789   39.210
 4.46   7.00    0.761    0.275   0.789   0.180
 4.46   7.00    0.764    0.257   0.789   0.162

 4.47   0.00    0.177    0.160   0.079   0.041   0.058   0.000   0.000   0.000   0.000   0.000   0.000 278784900
 4.47   3.65   26.196
 4.47   7.00    0.407    0.383
 4.47   7.00    0.790   39.233
 4.47   7.00    0.762    0.274   0.790   0.179
 4.47   7.00    0.764    0.257   0.790   0.162

 4.48   0.00    0.176    0.159   0.078   0.041   0.058   0.000   0.000   0.000   0.000   0.000   0.000 279408500
 4.48   3.64   26.212
 4.48   7.00    0.406    0.383
 4.48   7.00    0.790   39.255
 4.48   7.00    0.762    0.274   0.790   0.179
 4.48   7.00    0.764    0.257   0.790   0.162

 4.49   0.00    0.176    0.159   0.078   0.041   0.057   0.000   0.000   0.000   0.000   0.000   0.000 280032200
 4.49   3.64   26.228
 4.49   7.00    0.406    0.384
 4.49   7.00    0.790   39.277
 4.49   7.00    0.762    0.274   0.790   0.179
 4.49   7.00    0.764    0.256   0.790   0.161

 4.50   0.00    0.176    0.159   0.078   0.041   0.057   0.000   0.000   0.000   0.000   0.000   0.000 280655900
 4.50   3.64   26.243
 4.50   7.00    0.406    0.384
 4.50   7.00    0.790   39.300
 4.50   7.00    0.763    0.273   0.790   0.178
 4.50   7.00    0.765    0.256   0.790   0.161

 4.51   0.00    0.175    0.158   0.078   0.040   0.057   0.000   0.000   0.000   0.000   0.000   0.000 281279600
 4.51   3.64   26.258
 4.51   7.00    0.406    0.385
 4.51   7.00    0.791   39.322
 4.51   7.00    0.763    0.273   0.791   0.178
 4.51   7.00    0.765    0.256   0.791   0.161

 4.52   0.00    0.175    0.158   0.078   0.040   0.057   0.000   0.000   0.000   0.000   0.000   0.000 281903300
 4.52   3.64   26.273
 4.52   7.00    0.405    0.385
 4.52   7.00    0.791   39.344
 4.52   7.00    0.763    0.273   0.791   0.178
 4.52   7.00    0.765    0.256   0.791   0.161

 4.53   0.00    0.175    0.158   0.078   0.040   0.057   0.000   0.000   0.000   0.000   0.000   0.000 282527000
 4.53   3.63   26.288
 4.53   7.00    0.405    0.386
 4.53   7.00    0.791   39.366
 4.53   7.00    0.764    0.272   0.791   0.177
 4.53   7.00    0.766    0.256   0.791   0.160

 4.54   0.00    0.174    0.158   0.077   0.040   0.057   0.000   0.000   0.000   0.000   0.000   0.000 283150600
 4.54   3.63   26.302
 4.54   7.00    0.405    0.386
 4.54   7.00    0.791   39.387
 4.54   7.00    0.764    0.272   0.791   0.177
 4.54   7.00    0.766    0.255   0.791   0.160

 4.55   0.00    0.174    0.157   0.077   0.040   0.056   0.000   0.000   0.000   0.000   0.000   0.000 283774300
 4.55   3.63   26.317
 4.55   7.00    0.405    0.387
 4.55   7.00    0.792   39.409
 4.55   7.00    0.764    0.272   0.792   0.177
 4.55   7.00    0.766    0.255   0.792   0.160

 4.56   0.00    0.174    0.157   0.077   0.040   0.056   0.000   0.000   0.000   0.000   0.000   0.000 284398000
 4.56   3.63   26.331
 4.56   7.00    0.405    0.387
 4.56   7.00    0.792   39.431
 4.56   7.00    0.764    0.272   0.792   0.176
 4.56   7.00    0.767    0.255   0.792   0.160

 4.57   0.00    0.173    0.157   0.077   0.040   0.056   0.000   0.000   0.000   0.000   0.000   0.000 285021700
 4.57   3.63   26.344
 4.57   7.00    0.404    0.388
 4.57   7.00    0.792   39.452
 4.57   7.00    0.765    0.271   0.792   0.176
 4.57   7.00    0.767    0.255   0.792   0.159

 4.58   0.00    0.173    0.157   0.077   0.040   0.056   0.000   0.000   0.000   0.000   0.000   0.000 285645300
 4.58   3.63   26.358
 4.58   7.00    0.404    0.388
 4.58   7.00    0.792   39.474
 4.58   7.00    0.765    0.271   0.792   0.176
 4.58   7.00    0.767    0.254   0.792   0.159

 4.59   0.00    0.173    0.156   0.077   0.040   0.056   0.000   0.000   0.000   0.000   0.000   0.000 286269000
 4.59   3.62   26.371
 4.59   7.00    0.404    0.389
 4.59   7.00    0.793   39.495
 4.59   7.00    0.765    0.271   0.793   0.175
 4.59   7.00    0.767    0.254   0.793   0.159

 4.60   0.00    0.172    0.156   0.076   0.040   0.056   0.000   0.000   0.000   0.000   0.000   0.000 286892700
 4.60   3.62   26.385
 4.60   7.00    0.404    0.389
 4.60   7.00    0.793   39.516
 4.60   7.00    0.766    0.270   0.793   0.175
 4.60   7.00    0.768    0.254   0.793   0.158

 4.61   0.00    0.172    0.156   0.076   0.040   0.055   0.000   0.000   0.000   0.000   0.000   0.000 287516400
 4.61   3.62   26.398
 4.61   7.00    0.404    0.390
 4.61   7.00    0.793   39.537
 4.61   7.00    0.766    0.270   0.793   0.175
 4.61   7.00    0.768    0.254   0.793   0.158

 4.62   0.00    0.172    0.156   0.076   0.040   0.055   0.000   0.000   0.000   0.000   0.000   0.000 288140100
 4.62   3.62   26.411
 4.62   7.00    0.403    0.390
 4.62   7.00    0.794   39.558
 4.62   7.00    0.766    0.270   0.794   0.174
 4.62   7.00    0.768    0.253   0.794   0.158

 4.63   0.00    0.171    0.155   0.076   0.040   0.055   0.000   0.000   0.000   0.000   0.000   0.000 288763700
 4.63   3.62   26.423
 4.63   7.00    0.403    0.391
 4.63   7.00    0.794   39.579
 4.63   7.00    0.767    0.269   0.794   0.174
 4.63   7.00    0.769    0.253   0.794   0.158

 4.64   0.00    0.171    0.155   0.076   0.040   0.055   0.000   0.000   0.000   0.000   0.000   0.000 289387400
 4.64   3.62   26.436
 4.64   7.00    0.403    0.391
 4.64   7.00    0.794   39.600
 4.64   7.00    0.767    0.269   0.794   0.174
 4.64   7.00    0.769    0.253   0.794   0.157

 4.65   0.00    0.171    0.155   0.076   0.040   0.055   0.000   0.000   0.000   0.000   0.000   0.000 290011100
 4.65   3.61   26.448
 4.65   7.00    0.403    0.392
 4.65   7.00    0.794   39.621
 4.65   7.00    0.767    0.269   0.794   0.173
 4.65   7.00    0.769    0.253   0.794   0.157

 4.66   0.00    0.170    0.155   0.075   0.040   0.055   0.000   0.000   0.000   0.000   0.000   0.000 290634800
 4.66   3.61   26.460
 4.66   7.00    0.402    0.392
 4.66   7.00    0.795   39.642
 4.66   7.00    0.768    0.268   0.795   0.173
 4.66   7.00    0.770    0.253   0.795   0.157

 4.67   0.00    0.170    0.154   0.075   0.040   0.054   0.000   0.000   0.000   0.000   0.000   0.000 291258500
 4.67   3.61   26.472
 4.67   7.00    0.402    0.393
 4.67   7.00    0.795   39.662
 4.67   7.00    0.768    0.268   0.795   0.173
 4.67   7.00    0.770    0.252   0.795   0.157

 4.68   0.00    0.170    0.154   0.075   0.040   0.054   0.000   0.000   0.000   0.000   0.000   0.000 291882100
 4.68   3.61   26.483
 4.68   7.00    0.402    0.393
 4.68   7.00    0.795   39.683
 4.68   7.00    0.768    0.268   0.795   0.172
 4.68   7.00    0.770    0.252   0.795   0.156

 4.69   0.00    0.169    0.154   0.075   0.040   0.054   0.000   0.000   0.000   0.000   0.000   0.000 292505800
 4.69   3.61   26.495
 4.69   7.00    0.402    0.394
 4.69   7.00    0.795   39.703
 4.69   7.00    0.769    0.268   0.795   0.172
 4.69   7.00    0.771    0.252   0.795   0.156

 4.70   0.00    0.169    0.154   0.075   0.040   0.054   0.000   0.000   0.000   0.000   0.000   0.000 293129500
 4.70   3.60   26.506
 4.70   7.00    0.402    0.394
 4.70   7.00    0.796   39.724
 4.70   7.00    0.769    0.267   0.796   0.172
 4.70   7.00    0.771    0.252   0.796   0.156

 4.71   0.00    0.169    0.153   0.075   0.040   0.054   0.000   0.000   0.000   0.000   0.000   0.000 293753200
 4.71   3.60   26.518
 4.71   7.00    0.401    0.395
 4.71   7.00    0.796   39.744
 4.71   7.00    0.769    0.267   0.796   0.171
 4.71   7.00    0.771    0.251   0.796   0.156

 4.72   0.00    0.168    0.153   0.074   0.040   0.054   0.000   0.000   0.000   0.000   0.000   0.000 294376900
 4.72   3.60   26.528
 4.72   7.00    0.401    0.395
 4.72   7.00    0.796   39.764
 4.72   7.00    0.770    0.267   0.796   0.171
 4.72   7.00    0.771    0.251   0.796   0.155

 4.73   0.00    0.168    0.153   0.074   0.040   0.054   0.000   0.000   0.000   0.000   0.000   0.000 295000500
 4.73   3.60   26.539
 4.73   7.00    0.401    0.396
 4.73   7.00    0.797   39.785
 4.73   7.00    0.770    0.266   0.797   0.171
 4.73   7.00    0.772    0.251   0.797   0.155

 4.74   0.00    0.168    0.153   0.074   0.040   0.053   0.000   0.000   0.000   0.000   0.000   0.000 295624200
 4.74   3.60   26.550
 4.74   7.00    0.401    0.396
 4.74   7.00    0.797   39.805
 4.74   7.00    0.770    0.266   0.797   0.170
 4.74   7.00    0.772    0.251   0.797   0.155

 4.75   0.00    0.167    0.152   0.074   0.040   0.053   0.000   0.000   0.000   0.000   0.000   0.000 296247900
 4.75   3.60   26.560
 4.75   7.00    0.400    0.397
 4.75   7.00    0.797   39.825
 4.75   7.00    0.771    0.266   0.797   0.170
 4.75   7.00    0.772    0.251   0.797   0.155

 4.76   0.00    0.167    0.152   0.074   0.040   0.053   0.000   0.000   0.000   0.000   0.000   0.000 296871600
 4.76   3.59   26.571
 4.76   7.00    0.400    0.397
 4.76   7.00    0.798   39.845
 4.76   7.00    0.771    0.266   0.798   0.170
 4.76   7.00    0.773    0.250   0.798   0.154

 4.77   0.00    0.167    0.152   0.074   0.040   0.053   0.000   0.000   0.000   0.000   0.000   0.000 297495300
 4.77   3.59   26.581
 4.77   7.00    0.400    0.398
 4.77   7.00    0.798   39.864
 4.77   7.00    0.771    0.265   0.798   0.169
 4.77   7.00    0.773    0.250   0.798   0.154

 4.78   0.00    0.167    0.152   0.074   0.040   0.053   0.000   0.000   0.000   0.000   0.000   0.000 298118900
 4.78   3.59   26.591
 4.78   7.00    0.400    0.398
 4.78   7.00    0.798   39.884
 4.78   7.00    0.772    0.265   0.798   0.169
 4.78   7.00    0.773    0.250   0.798   0.154

 4.79   0.00    0.166    0.151   0.073   0.040   0.053   0.000   0.000   0.000   0.000   0.000   0.000 298742600
 4.79   3.59   26.601
 4.79   7.00    0.400    0.399
 4.79   7.00    0.798   39.904
 4.79   7.00    0.772    0.265   0.798   0.169
 4.79   7.00    0.774    0.250   0.798   0.154

 4.80   0.00    0.166    0.151   0.073   0.040   0.052   0.000   0.000   0.000   0.000   0.000   0.000 299366300
 4.80   3.59   26.610
 4.80   7.00    0.399    0.399
 4.80   7.00    0.799   39.924
 4.80   7.00    0.772    0.264   0.799   0.168
 4.80   7.00    0.774    0.250   0.799   0.153

 4.81   0.00    0.166    0.151   0.073   0.040   0.052   0.000   0.000   0.000   0.000   0.000   0.000 299990000
 4.81   3.58   26.620
 4.81   7.00    0.399    0.400
 4.81   7.00    0.799   39.943
 4.81   7.00    0.773    0.264   0.799   0.168
 4.81   7.00    0.774    0.249   0.799   0.153

 4.82   0.00    0.165    0.151   0.073   0.040   0.052   0.000   0.000   0.000   0.000   0.000   0.000 300613700
 4.82   3.58   26.629
 4.82   7.00    0.399    0.400
 4.82   7.00    0.799   39.963
 4.82   7.00    0.773    0.264   0.799   0.168
 4.82   7.00    0.775    0.249   0.799   0.153

 4.83   0.00    0.165    0.150   0.073   0.040   0.052   0.000   0.000   0.000   0.000   0.000   0.000 301237300
 4.83   3.58   26.638
 4.83   7.00    0.399    0.401
 4.83   7.00    0.800   39.982
 4.83   7.00    0.773    0.264   0.800   0.167
 4.83   7.00    0.775    0.249   0.800   0.153

 4.84   0.00    0.165    0.150   0.073   0.040   0.052   0.000   0.000   0.000   0.000   0.000   0.000 301861000
 4.84   3.58   26.647
 4.84   7.00    0.398    0.402
 4.84   7.00    0.800   40.002
 4.84   7.00    0.774    0.263   0.800   0.167
 4.84   7.00    0.775    0.249   0.800   0.152

 4.85   0.00    0.164    0.150   0.072   0.040   0.052   0.000   0.000   0.000   0.000   0.000   0.000 302484700
 4.85   3.58   26.656
 4.85   7.00    0.398    0.402
 4.85   7.00    0.800   40.021
 4.85   7.00    0.774    0.263   0.800   0.167
 4.85   7.00    0.776    0.249   0.800   0.152

 4.86   0.00    0.164    0.150   0.072   0.040   0.052   0.000   0.000   0.000   0.000   0.000   0.000 303108400
 4.86   3.58   26.665
 4.86   7.00    0.398    0.403
 4.86   7.00    0.801   40.040
 4.86   7.00    0.774    0.263   0.801   0.166
 4.86   7.00    0.776    0.248   0.801   0.152

 4.87   0.00    0.164    0.149   0.072   0.040   0.051   0.000   0.000   0.000   0.000   0.000   0.000 303732100
 4.87   3.57   26.674
 4.87   7.00    0.398    0.403
 4.87   7.00    0.801   40.059
 4.87   7.00    0.775    0.263   0.801   0.166
 4.87   7.00    0.777    0.248   0.801   0.152

 4.88   0.00    0.163    0.149   0.072   0.040   0.051   0.000   0.000   0.000   0.000   0.000   0.000 304355700
 4.88   3.57   26.682
 4.88   7.00    0.398    0.404
 4.88   7.00    0.801   40.079
 4.88   7.00    0.775    0.262   0.801   0.166
 4.88   7.00    0.777    0.248   0.801   0.151

 4.89   0.00    0.163    0.149   0.072   0.040   0.051   0.000   0.000   0.000   0.000   0.000   0.000 304979400
 4.89   3.57   26.691
 4.89   7.00    0.397    0.404
 4.89   7.00    0.802   40.098
 4.89   7.00    0.775    0.262   0.802   0.166
 4.89   7.00    0.777    0.248   0.802   0.151

 4.90   0.00    0.163    0.149   0.072   0.040   0.051   0.000   0.000   0.000   0.000   0.000   0.000 305603100
 4.90   3.57   26.699
 4.90   7.00    0.397    0.405
 4.90   7.00    0.802   40.117
 4.90   7.00    0.776    0.262   0.802   0.165
 4.90   7.00    0.778    0.248   0.802   0.151

 4.91   0.00    0.162    0.148   0.072   0.040   0.051   0.000   0.000   0.000   0.000   0.000   0.000 306226800
 4.91   3.57   26.707
 4.91   7.00    0.397    0.405
 4.91   7.00    0.802   40.136
 4.91   7.00    0.776    0.261   0.802   0.165
 4.91   7.00    0.778    0.247   0.802   0.151

 4.92   0.00    0.162    0.148   0.071   0.040   0.051   0.000   0.000   0.000   0.000   0.000   0.000 306850500
 4.92   3.56   26.715
 4.92   7.00    0.397    0.406
 4.92   7.00    0.803   40.155
 4.92   7.00    0.777    0.261   0.803   0.165
 4.92   7.00    0.778    0.247   0.803   0.150

 4.93   0.00    0.162    0.148   0.071   0.040   0.051   0.000   0.000   0.000   0.000   0.000   0.000 307474100
 4.93   3.56   26.722
 4.93   7.00    0.397    0.406
 4.93   7.00    0.802   40.159
 4.93   7.00    0.776    0.261   0.802   0.164
 4.93   7.00    0.778    0.247   0.802   0.150

 4.94   0.00    0.162    0.148   0.071   0.040   0.050   0.000   0.000   0.000   0.000   0.000   0.000 308097800
 4.94   3.56   26.730
 4.94   7.00    0.396    0.406
 4.94   7.00    0.802   40.167
 4.94   7.00    0.776    0.261   0.802   0.164
 4.94   7.00    0.778    0.247   0.802   0.150

 4.95   0.00    0.161    0.147   0.071   0.040   0.050   0.000   0.000   0.000   0.000   0.000   0.000 308721500
 4.95   3.56   26.738
 4.95   7.00    0.396    0.406
 4.95   7.00    0.802   40.175
 4.95   7.00    0.776    0.260   0.802   0.164
 4.95   7.00    0.778    0.246   0.802   0.150

 4.96   0.00    0.161    0.147   0.071   0.040   0.050   0.000   0.000   0.000   0.000   0.000   0.000 309345200
 4.96   3.56   26.745
 4.96   7.00    0.396    0.406
 4.96   7.00    0.802   40.182
 4.96   7.00    0.776    0.260   0.802   0.163
 4.96   7.00    0.777    0.246   0.802   0.149

 4.97   0.00    0.161    0.147   0.071   0.040   0.050   0.000   0.000   0.000   0.000   0.000   0.000 309968800
 4.97   3.56   26.752
 4.97   7.00    0.396    0.406
 4.97   7.00    0.801   40.190
 4.97   7.00    0.775    0.260   0.801   0.163
 4.97   7.00    0.777    0.246   0.801   0.149

 4.98   0.00    0.160    0.147   0.071   0.040   0.050   0.000   0.000   0.000   0.000   0.000   0.000 310592500
 4.98   3.55   26.759
 4.98   7.00    0.395    0.406
 4.98   7.00    0.801   40.198
 4.98   7.00    0.775    0.259   0.801   0.163
 4.98   7.00    0.777    0.245   0.801   0.149

 4.99   0.00    0.160    0.147   0.070   0.040   0.050   0.000   0.000   0.000   0.000   0.000   0.000 311216200
 4.99   3.55   26.766
 4.99   7.00    0.395    0.406
 4.99   7.00    0.801   40.205
 4.99   7.00    0.775    0.259   0.801   0.163
 4.99   7.00    0.777    0.245   0.801   0.149

 5.00   0.00    0.160    0.146   0.070   0.040   0.050   0.000   0.000   0.000   0.000   0.000   0.000 311839900
 5.00   3.55   26.773
 5.00   7.00    0.395    0.406
 5.00   7.00    0.801   40.213
 5.00   7.00    0.775    0.259   0.801   0.162
 5.00   7.00    0.777    0.245   0.801   0.148

 5.01   0.00    0.159    0.146   0.070   0.040   0.049   0.000   0.000   0.000   0.000   0.000   0.000 312463600
 5.01   3.55   26.780
 5.01   7.00    0.395    0.406
 5.01   7.00    0.800   40.220
 5.01   7.00    0.775    0.258   0.800   0.162
 5.01   7.00    0.776    0.245   0.800   0.148

 5.02   0.00    0.159    0.146   0.070   0.040   0.049   0.000   0.000   0.000   0.000   0.000   0.000 313087300
 5.02   3.55   26.786
 5.02   7.00    0.395    0.406
 5.02   7.00    0.800   40.227
 5.02   7.00    0.775    0.258   0.800   0.162
 5.02   7.00    0.776    0.244   0.800   0.148

 5.03   0.00    0.159    0.146   0.070   0.040   0.049   0.000   0.000   0.000   0.000   0.000   0.000 313710900
 5.03   3.54   26.793
 5.03   7.00    0.394    0.406
 5.03   7.00    0.800   40.234
 5.03   7.00    0.774    0.258   0.800   0.161
 5.03   7.00    0.776    0.244   0.800   0.148

 5.04   0.00    0.159    0.145   0.070   0.040   0.049   0.000   0.000   0.000   0.000   0.000   0.000 314334600
 5.04   3.54   26.799
 5.04   7.00    0.394    0.406
 5.04   7.00    0.800   40.242
 5.04   7.00    0.774    0.257   0.800   0.161
 5.04   7.00    0.776    0.244   0.800   0.148

 5.05   0.00    0.158    0.145   0.070   0.040   0.049   0.000   0.000   0.000   0.000   0.000   0.000 314958300
 5.05   3.54   26.806
 5.05   7.00    0.394    0.406
 5.05   7.00    0.800   40.249
 5.05   7.00    0.774    0.257   0.800   0.161
 5.05   7.00    0.776    0.244   0.800   0.147

 5.06   0.00    0.158    0.145   0.069   0.040   0.049   0.000   0.000   0.000   0.000   0.000   0.000 315582000
 5.06   3.54   26.812
 5.06   7.00    0.394    0.406
 5.06   7.00    0.799   40.256
 5.06   7.00    0.774    0.257   0.799   0.160
 5.06   7.00    0.775    0.243   0.799   0.147

 5.07   0.00    0.158    0.145   0.069   0.040   0.049   0.000   0.000   0.000   0.000   0.000   0.000 316205700
 5.07   3.54   26.818
 5.07   7.00    0.393    0.406
 5.07   7.00    0.799   40.263
 5.07   7.00    0.774    0.256   0.799   0.160
 5.07   7.00    0.775    0.243   0.799   0.147

 5.08   0.00    0.157    0.144   0.069   0.040   0.048   0.000   0.000   0.000   0.000   0.000   0.000 316829300
 5.08   3.54   26.824
 5.08   7.00    0.393    0.406
 5.08   7.00    0.799   40.270
 5.08   7.00    0.773    0.256   0.799   0.160
 5.08   7.00    0.775    0.243   0.799   0.147

 5.09   0.00    0.157    0.144   0.069   0.040   0.048   0.000   0.000   0.000   0.000   0.000   0.000 317453000
 5.09   3.53   26.829
 5.09   7.00    0.393    0.406
 5.09   7.00    0.799   40.276
 5.09   7.00    0.773    0.256   0.799   0.160
 5.09   7.00    0.775    0.243   0.799   0.146

 5.10   0.00    0.157    0.144   0.069   0.040   0.048   0.000   0.000   0.000   0.000   0.000   0.000 318076700
 5.10   3.53   26.835
 5.10   7.00    0.393    0.406
 5.10   7.00    0.798   40.283
 5.10   7.00    0.773    0.255   0.798   0.159
 5.10   7.00    0.775    0.242   0.798   0.146

 5.11   0.00    0.157    0.144   0.069   0.040   0.048   0.000   0.000   0.000   0.000   0.000   0.000 318700400
 5.11   3.53   26.841
 5.11   7.00    0.393    0.406
 5.11   7.00    0.798   40.290
 5.11   7.00    0.773    0.255   0.798   0.159
 5.11   7.00    0.774    0.242   0.798   0.146

 5.12   0.00    0.156    0.143   0.069   0.040   0.048   0.000   0.000   0.000   0.000   0.000   0.000 319324100
 5.12   3.53   26.846
 5.12   7.00    0.392    0.406
 5.12   7.00    0.798   40.297
 5.12   7.00    0.773    0.255   0.798   0.159
 5.12   7.00    0.774    0.242   0.798   0.146

 5.13   0.00    0.156    0.143   0.068   0.040   0.048   0.000   0.000   0.000   0.000   0.000   0.000 319947700
 5.13   3.53   26.851
 5.13   7.00    0.392    0.406
 5.13   7.00    0.798   40.303
 5.13   7.00    0.773    0.254   0.798   0.158
 5.13   7.00    0.774    0.242   0.798   0.145

 5.14   0.00    0.156    0.143   0.068   0.040   0.048   0.000   0.000   0.000   0.000   0.000   0.000 320571400
 5.14   3.52   26.857
 5.14   7.00    0.392    0.406
 5.14   7.00    0.798   40.310
 5.14   7.00    0.772    0.254   0.798   0.158
 5.14   7.00    0.774    0.241   0.798   0.145

 5.15   0.00    0.155    0.143   0.068   0.040   0.047   0.000   0.000   0.000   0.000   0.000   0.000 321195100
 5.15   3.52   26.862
 5.15   7.00    0.392    0.406
 5.15   7.00    0.797   40.316
 5.15   7.00    0.772    0.254   0.797   0.158
 5.15   7.00    0.774    0.241   0.797   0.145

 5.16   0.00    0.155    0.143   0.068   0.040   0.047   0.000   0.000   0.000   0.000   0.000   0.000 321818800
 5.16   3.52   26.867
 5.16   7.00    0.391    0.406
 5.16   7.00    0.797   40.323
 5.16   7.00    0.772    0.253   0.797   0.157
 5.16   7.00    0.774    0.241   0.797   0.145

 5.17   0.00    0.155    0.142   0.068   0.040   0.047   0.000   0.000   0.000   0.000   0.000   0.000 322442500
 5.17   3.52   26.872
 5.17   7.00    0.391    0.406
 5.17   7.00    0.797   40.329
 5.17   7.00    0.772    0.253   0.797   0.157
 5.17   7.00    0.773    0.240   0.797   0.144

 5.18   0.00    0.155    0.142   0.068   0.040   0.047   0.000   0.000   0.000   0.000   0.000   0.000 323066100
 5.18   3.52   26.877
 5.18   7.00    0.391    0.406
 5.18   7.00    0.797   40.335
 5.18   7.00    0.772    0.253   0.797   0.157
 5.18   7.00    0.773    0.240   0.797   0.144

 5.19   0.00    0.154    0.142   0.068   0.040   0.047   0.000   0.000   0.000   0.000   0.000   0.000 323689800
 5.19   3.52   26.881
 5.19   7.00    0.391    0.406
 5.19   7.00    0.796   40.342
 5.19   7.00    0.771    0.252   0.796   0.157
 5.19   7.00    0.773    0.240   0.796   0.144

 5.20   0.00    0.154    0.142   0.068   0.040   0.047   0.000   0.000   0.000   0.000   0.000   0.000 324313500
 5.20   3.51   26.886
 5.20   7.00    0.391    0.406
 5.20   7.00    0.796   40.348
 5.20   7.00    0.771    0.252   0.796   0.156
 5.20   7.00    0.773    0.240   0.796   0.144

 5.21   0.00    0.154    0.141   0.067   0.040   0.047   0.000   0.000   0.000   0.000   0.000   0.000 324937200
 5.21   3.51   26.891
 5.21   7.00    0.390    0.406
 5.21   7.00    0.796   40.354
 5.21   7.00    0.771    0.252   0.796   0.156
 5.21   7.00    0.773    0.239   0.796   0.143

 5.22   0.00    0.153    0.141   0.067   0.040   0.046   0.000   0.000   0.000   0.000   0.000   0.000 325560800
 5.22   3.51   26.895
 5.22   7.00    0.390    0.406
 5.22   7.00    0.796   40.360
 5.22   7.00    0.771    0.252   0.796   0.156
 5.22   7.00    0.772    0.239   0.796   0.143

 5.23   0.00    0.153    0.141   0.067   0.040   0.046   0.000   0.000   0.000   0.000   0.000   0.000 326184500
 5.23   3.51   26.899
 5.23   7.00    0.390    0.406
 5.23   7.00    0.796   40.366
 5.23   7.00    0.771    0.251   0.796   0.155
 5.23   7.00    0.772    0.239   0.796   0.143

 5.24   0.00    0.153    0.141   0.067   0.040   0.046   0.000   0.000   0.000   0.000   0.000   0.000 326808200
 5.24   3.51   26.904
 5.24   7.00    0.390    0.406
 5.24   7.00    0.795   40.372
 5.24   7.00    0.771    0.251   0.795   0.155
 5.24   7.00    0.772    0.239   0.795   0.143

 5.25   0.00    0.153    0.140   0.067   0.040   0.046   0.000   0.000   0.000   0.000   0.000   0.000 327431900
 5.25   3.50   26.908
 5.25   7.00    0.389    0.406
 5.25   7.00    0.795   40.378
 5.25   7.00    0.770    0.251   0.795   0.155
 5.25   7.00    0.772    0.238   0.795   0.143

 5.26   0.00    0.152    0.140   0.067   0.040   0.046   0.000   0.000   0.000   0.000   0.000   0.000 328055600
 5.26   3.50   26.912
 5.26   7.00    0.389    0.406
 5.26   7.00    0.795   40.384
 5.26   7.00    0.770    0.250   0.795   0.155
 5.26   7.00    0.772    0.238   0.795   0.142

 5.27   0.00    0.152    0.140   0.067   0.040   0.046   0.000   0.000   0.000   0.000   0.000   0.000 328679300
 5.27   3.50   26.916
 5.27   7.00    0.389    0.406
 5.27   7.00    0.795   40.390
 5.27   7.00    0.770    0.250   0.795   0.154
 5.27   7.00    0.771    0.238   0.795   0.142

 5.28   0.00    0.152    0.140   0.066   0.040   0.046   0.000   0.000   0.000   0.000   0.000   0.000 329302900
 5.28   3.50   26.920
 5.28   7.00    0.389    0.406
 5.28   7.00    0.794   40.396
 5.28   7.00    0.770    0.250   0.794   0.154
 5.28   7.00    0.771    0.238   0.794   0.142

 5.29   0.00    0.151    0.139   0.066   0.040   0.045   0.000   0.000   0.000   0.000   0.000   0.000 329926600
 5.29   3.50   26.923
 5.29   7.00    0.389    0.406
 5.29   7.00    0.794   40.401
 5.29   7.00    0.770    0.249   0.794   0.154
 5.29   7.00    0.771    0.237   0.794   0.142

 5.30   0.00    0.151    0.139   0.066   0.040   0.045   0.000   0.000   0.000   0.000   0.000   0.000 330550300
 5.30   3.50   26.927
 5.30   7.00    0.388    0.406
 5.30   7.00    0.794   40.407
 5.30   7.00    0.769    0.249   0.794   0.153
 5.30   7.00    0.771    0.237   0.794   0.141

 5.31   0.00    0.151    0.139   0.066   0.040   0.045   0.000   0.000   0.000   0.000   0.000   0.000 331174000
 5.31   3.49   26.931
 5.31   7.00    0.388    0.406
 5.31   7.00    0.794   40.413
 5.31   7.00    0.769    0.249   0.794   0.153
 5.31   7.00    0.771    0.237   0.794   0.141

 5.32   0.00    0.151    0.139   0.066   0.040   0.045   0.000   0.000   0.000   0.000   0.000   0.000 331797700
 5.32   3.49   26.934
 5.32   7.00    0.388    0.406
 5.32   7.00    0.794   40.418
 5.32   7.00    0.769    0.248   0.794   0.153
 5.32   7.00    0.771    0.237   0.794   0.141

 5.33   0.00    0.150    0.139   0.066   0.040   0.045   0.000   0.000   0.000   0.000   0.000   0.000 332421300
 5.33   3.49   26.938
 5.33   7.00    0.388    0.406
 5.33   7.00    0.793   40.424
 5.33   7.00    0.769    0.248   0.793   0.153
 5.33   7.00    0.770    0.236   0.793   0.141

 5.34   0.00    0.150    0.138   0.066   0.040   0.045   0.000   0.000   0.000   0.000   0.000   0.000 333045000
 5.34   3.49   26.941
 5.34   7.00    0.387    0.406
 5.34   7.00    0.793   40.429
 5.34   7.00    0.769    0.248   0.793   0.152
 5.34   7.00    0.770    0.236   0.793   0.140

 5.35   0.00    0.150    0.138   0.066   0.040   0.045   0.000   0.000   0.000   0.000   0.000   0.000 333668700
 5.35   3.49   26.944
 5.35   7.00    0.387    0.406
 5.35   7.00    0.793   40.435
 5.35   7.00    0.769    0.247   0.793   0.152
 5.35   7.00    0.770    0.236   0.793   0.140

 5.36   0.00    0.149    0.138   0.065   0.040   0.044   0.000   0.000   0.000   0.000   0.000   0.000 334292400
 5.36   3.49   26.947
 5.36   7.00    0.387    0.406
 5.36   7.00    0.793   40.440
 5.36   7.00    0.768    0.247   0.793   0.152
 5.36   7.00    0.770    0.236   0.793   0.140

 5.37   0.00    0.149    0.138   0.065   0.040   0.044   0.000   0.000   0.000   0.000   0.000   0.000 334916000
 5.37   3.48   26.950
 5.37   7.00    0.387    0.406
 5.37   7.00    0.793   40.446
 5.37   7.00    0.768    0.247   0.793   0.151
 5.37   7.00    0.770    0.235   0.793   0.140

 5.38   0.00    0.149    0.137   0.065   0.040   0.044   0.000   0.000   0.000   0.000   0.000   0.000 335539700
 5.38   3.48   26.954
 5.38   7.00    0.387    0.406
 5.38   7.00    0.792   40.451
 5.38   7.00    0.768    0.247   0.792   0.151
 5.38   7.00    0.769    0.235   0.792   0.139

 5.39   0.00    0.149    0.137   0.065   0.040   0.044   0.000   0.000   0.000   0.000   0.000   0.000 336163400
 5.39   3.48   26.956
 5.39   7.00    0.386    0.406
 5.39   7.00    0.792   40.456
 5.39   7.00    0.768    0.246   0.792   0.151
 5.39   7.00    0.769    0.235   0.792   0.139

 5.40   0.00    0.148    0.137   0.065   0.040   0.044   0.000   0.000   0.000   0.000   0.000   0.000 336787100
 5.40   3.48   26.959
 5.40   7.00    0.386    0.406
 5.40   7.00    0.792   40.461
 5.40   7.00    0.768    0.246   0.792   0.151
 5.40   7.00    0.769    0.234   0.792   0.139

 5.41   0.00    0.148    0.137   0.065   0.040   0.044   0.000   0.000   0.000   0.000   0.000   0.000 337410800
 5.41   3.48   26.962
 5.41   7.00    0.386    0.406
 5.41   7.00    0.792   40.467
 5.41   7.00    0.767    0.246   0.792   0.150
 5.41   7.00    0.769    0.234   0.792   0.139

 5.42   0.00    0.148    0.136   0.065   0.040   0.044   0.000   0.000   0.000   0.000   0.000   0.000 338034500
 5.42   3.47   26.965
 5.42   7.00    0.386    0.406
 5.42   7.00    0.791   40.472
 5.42   7.00    0.767    0.245   0.791   0.150
 5.42   7.00    0.769    0.234   0.791   0.139

 5.43   0.00    0.147    0.136   0.065   0.040   0.043   0.000   0.000   0.000   0.000   0.000   0.000 338658100
 5.43   3.47   26.967
 5.43   7.00    0.386    0.406
 5.43   7.00    0.791   40.477
 5.43   7.00    0.767    0.245   0.791   0.150
 5.43   7.00    0.768    0.234   0.791   0.138

 5.44   0.00    0.147    0.136   0.064   0.040   0.043   0.000   0.000   0.000   0.000   0.000   0.000 339281800
 5.44   3.47   26.970
 5.44   7.00    0.385    0.406
 5.44   7.00    0.791   40.482
 5.44   7.00    0.767    0.245   0.791   0.149
 5.44   7.00    0.768    0.233   0.791   0.138

 5.45   0.00    0.147    0.136   0.064   0.040   0.043   0.000   0.000   0.000   0.000   0.000   0.000 339905500
 5.45   3.47   26.972
 5.45   7.00    0.385    0.406
 5.45   7.00    0.791   40.487
 5.45   7.00    0.767    0.244   0.791   0.149
 5.45   7.00    0.768    0.233   0.791   0.138

 5.46   0.00    0.147    0.136   0.064   0.040   0.043   0.000   0.000   0.000   0.000   0.000   0.000 340529200
 5.46   3.47   26.975
 5.46   7.00    0.385    0.406
 5.46   7.00    0.791   40.492
 5.46   7.00    0.767    0.244   0.791   0.149
 5.46   7.00    0.768    0.233   0.791   0.138

 5.47   0.00    0.146    0.135   0.064   0.040   0.043   0.000   0.000   0.000   0.000   0.000   0.000 341152800
 5.47   3.47   26.977
 5.47   7.00    0.385    0.406
 5.47   7.00    0.790   40.497
 5.47   7.00    0.766    0.244   0.790   0.149
 5.47   7.00    0.768    0.233   0.790   0.137

 5.48   0.00    0.146    0.135   0.064   0.039   0.043   0.000   0.000   0.000   0.000   0.000   0.000 341776500
 5.48   3.46   26.979
 5.48   7.00    0.384    0.406
 5.48   7.00    0.790   40.502
 5.48   7.00    0.766    0.243   0.790   0.148
 5.48   7.00    0.768    0.232   0.790   0.137

 5.49   0.00    0.146    0.135   0.064   0.039   0.043   0.000   0.000   0.000   0.000   0.000   0.000 342400200
 5.49   3.46   26.982
 5.49   7.00    0.384    0.406
 5.49   7.00    0.790   40.506
 5.49   7.00    0.766    0.243   0.790   0.148
 5.49   7.00    0.767    0.232   0.790   0.137

 5.50   0.00    0.146    0.135   0.064   0.039   0.042   0.000   0.000   0.000   0.000   0.000   0.000 343023900
 5.50   3.46   26.984
 5.50   7.00    0.384    0.406
 5.50   7.00    0.790   40.511
 5.50   7.00    0.766    0.243   0.790   0.148
 5.50   7.00    0.767    0.232   0.790   0.137

 5.51   0.00    0.145    0.134   0.064   0.039   0.042   0.000   0.000   0.000   0.000   0.000   0.000 343647600
 5.51   3.46   26.986
 5.51   7.00    0.384    0.406
 5.51   7.00    0.790   40.516
 5.51   7.00    0.766    0.243   0.790   0.147
 5.51   7.00    0.767    0.232   0.790   0.136

 5.52   0.00    0.145    0.134   0.063   0.039   0.042   0.000   0.000   0.000   0.000   0.000   0.000 344271200
 5.52   3.46   26.988
 5.52   7.00    0.384    0.406
 5.52   7.00    0.789   40.521
 5.52   7.00    0.765    0.242   0.789   0.147
 5.52   7.00    0.767    0.231   0.789   0.136

 5.53   0.00    0.145    0.134   0.063   0.039   0.042   0.000   0.000   0.000   0.000   0.000   0.000 344894900
 5.53   3.46   26.990
 5.53   7.00    0.383    0.406
 5.53   7.00    0.789   40.525
 5.53   7.00    0.765    0.242   0.789   0.147
 5.53   7.00    0.767    0.231   0.789   0.136

 5.54   0.00    0.144    0.134   0.063   0.039   0.042   0.000   0.000   0.000   0.000   0.000   0.000 345518600
 5.54   3.45   26.991
 5.54   7.00    0.383    0.406
 5.54   7.00    0.789   40.530
 5.54   7.00    0.765    0.242   0.789   0.147
 5.54   7.00    0.766    0.231   0.789   0.136

 5.55   0.00    0.144    0.133   0.063   0.039   0.042   0.000   0.000   0.000   0.000   0.000   0.000 346142300
 5.55   3.45   26.993
 5.55   7.00    0.383    0.406
 5.55   7.00    0.789   40.535
 5.55   7.00    0.765    0.241   0.789   0.146
 5.55   7.00    0.766    0.231   0.789   0.135

 5.56   0.00    0.144    0.133   0.063   0.039   0.041   0.000   0.000   0.000   0.000   0.000   0.000 346766000
 5.56   3.45   26.995
 5.56   7.00    0.383    0.406
 5.56   7.00    0.788   40.539
 5.56   7.00    0.765    0.241   0.788   0.146
 5.56   7.00    0.766    0.230   0.788   0.135

 5.57   0.00    0.144    0.133   0.063   0.039   0.041   0.000   0.000   0.000   0.000   0.000   0.000 347389700
 5.57   3.45   26.997
 5.57   7.00    0.383    0.406
 5.57   7.00    0.788   40.544
 5.57   7.00    0.765    0.241   0.788   0.146
 5.57   7.00    0.766    0.230   0.788   0.135

 5.58   0.00    0.143    0.133   0.063   0.039   0.041   0.000   0.000   0.000   0.000   0.000   0.000 348013300
 5.58   3.45   26.998
 5.58   7.00    0.382    0.406
 5.58   7.00    0.788   40.548
 5.58   7.00    0.764    0.240   0.788   0.145
 5.58   7.00    0.766    0.230   0.788   0.135

 5.59   0.00    0.143    0.133   0.063   0.039   0.041   0.000   0.000   0.000   0.000   0.000   0.000 348637000
 5.59   3.44   27.000
 5.59   7.00    0.382    0.406
 5.59   7.00    0.788   40.553
 5.59   7.00    0.764    0.240   0.788   0.145
 5.59   7.00    0.766    0.230   0.788   0.135

 5.60   0.00    0.143    0.132   0.062   0.039   0.041   0.000   0.000   0.000   0.000   0.000   0.000 349260700
 5.60   3.44   27.001
 5.60   7.00    0.382    0.406
 5.60   7.00    0.788   40.557
 5.60   7.00    0.764    0.240   0.788   0.145
 5.60   7.00    0.765    0.229   0.788   0.134

 5.61   0.00    0.142    0.132   0.062   0.039   0.041   0.000   0.000   0.000   0.000   0.000   0.000 349884400
 5.61   3.44   27.002
 5.61   7.00    0.382    0.406
 5.61   7.00    0.787   40.561
 5.61   7.00    0.764    0.239   0.787   0.145
 5.61   7.00    0.765    0.229   0.787   0.134

 5.62   0.00    0.142    0.132   0.062   0.039   0.041   0.000   0.000   0.000   0.000   0.000   0.000 350508000
 5.62   3.44   27.004
 5.62   7.00    0.381    0.406
 5.62   7.00    0.787   40.566
 5.62   7.00    0.764    0.239   0.787   0.144
 5.62   7.00    0.765    0.229   0.787   0.134

 5.63   0.00    0.142    0.132   0.062   0.039   0.040   0.000   0.000   0.000   0.000   0.000   0.000 351131700
 5.63   3.44   27.005
 5.63   7.00    0.381    0.406
 5.63   7.00    0.787   40.570
 5.63   7.00    0.764    0.239   0.787   0.144
 5.63   7.00    0.765    0.229   0.787   0.134

 5.64   0.00    0.142    0.131   0.062   0.039   0.040   0.000   0.000   0.000   0.000   0.000   0.000 351755400
 5.64   3.44   27.006
 5.64   7.00    0.381    0.406
 5.64   7.00    0.787   40.574
 5.64   7.00    0.763    0.239   0.787   0.144
 5.64   7.00    0.765    0.228   0.787   0.133

 5.65   0.00    0.141    0.131   0.062   0.039   0.040   0.000   0.000   0.000   0.000   0.000   0.000 352379100
 5.65   3.43   27.007
 5.65   7.00    0.381    0.406
 5.65   7.00    0.787   40.579
 5.65   7.00    0.763    0.238   0.787   0.143
 5.65   7.00    0.764    0.228   0.787   0.133

 5.66   0.00    0.141    0.131   0.062   0.039   0.040   0.000   0.000   0.000   0.000   0.000   0.000 353002800
 5.66   3.43   27.008
 5.66   7.00    0.381    0.406
 5.66   7.00    0.786   40.583
 5.66   7.00    0.763    0.238   0.786   0.143
 5.66   7.00    0.764    0.228   0.786   0.133

 5.67   0.00    0.141    0.131   0.062   0.039   0.040   0.000   0.000   0.000   0.000   0.000   0.000 353626500
 5.67   3.43   27.009
 5.67   7.00    0.380    0.406
 5.67   7.00    0.786   40.587
 5.67   7.00    0.763    0.238   0.786   0.143
 5.67   7.00    0.764    0.227   0.786   0.133

 5.68   0.00    0.141    0.130   0.062   0.039   0.040   0.000   0.000   0.000   0.000   0.000   0.000 354250100
 5.68   3.43   27.010
 5.68   7.00    0.380    0.406
 5.68   7.00    0.786   40.591
 5.68   7.00    0.763    0.237   0.786   0.143
 5.68   7.00    0.764    0.227   0.786   0.132

 5.69   0.00    0.140    0.130   0.061   0.039   0.040   0.000   0.000   0.000   0.000   0.000   0.000 354873800
 5.69   3.43   27.011
 5.69   7.00    0.380    0.406
 5.69   7.00    0.786   40.595
 5.69   7.00    0.762    0.237   0.786   0.142
 5.69   7.00    0.764    0.227   0.786   0.132

 5.70   0.00    0.140    0.130   0.061   0.039   0.039   0.000   0.000   0.000   0.000   0.000   0.000 355497500
 5.70   3.43   27.012
 5.70   7.00    0.380    0.406
 5.70   7.00    0.785   40.599
 5.70   7.00    0.762    0.237   0.785   0.142
 5.70   7.00    0.764    0.227   0.785   0.132

 5.71   0.00    0.140    0.130   0.061   0.039   0.039   0.000   0.000   0.000   0.000   0.000   0.000 356121200
 5.71   3.42   27.013
 5.71   7.00    0.380    0.406
 5.71   7.00    0.785   40.603
 5.71   7.00    0.762    0.236   0.785   0.142
 5.71   7.00    0.763    0.226   0.785   0.132

 5.72   0.00    0.139    0.129   0.061   0.039   0.039   0.000   0.000   0.000   0.000   0.000   0.000 356744800
 5.72   3.42   27.014
 5.72   7.00    0.379    0.406
 5.72   7.00    0.785   40.607
 5.72   7.00    0.762    0.236   0.785   0.142
 5.72   7.00    0.763    0.226   0.785   0.131

 5.73   0.00    0.139    0.129   0.061   0.039   0.039   0.000   0.000   0.000   0.000   0.000   0.000 357368500
 5.73   3.42   27.014
 5.73   7.00    0.379    0.406
 5.73   7.00    0.785   40.611
 5.73   7.00    0.762    0.236   0.785   0.141
 5.73   7.00    0.763    0.226   0.785   0.131

 5.74   0.00    0.139    0.129   0.061   0.039   0.039   0.000   0.000   0.000   0.000   0.000   0.000 357992200
 5.74   3.42   27.063
 5.74   7.00    0.379    0.406
 5.74   7.00    0.785   40.615
 5.74   7.00    0.762    0.236   0.785   0.141
 5.74   7.00    0.763    0.226   0.785   0.131

 5.75   0.00    0.139    0.129   0.061   0.039   0.039   0.000   0.000   0.000   0.000   0.000   0.000 358615900
 5.75   3.43   27.146
 5.75   7.00    0.379    0.406
 5.75   7.00    0.784   40.619
 5.75   7.00    0.761    0.235   0.784   0.141
 5.75   7.00    0.763    0.225   0.784   0.131

 5.76   0.00    0.138    0.129   0.061   0.039   0.038   0.000   0.000   0.000   0.000   0.000   0.000 359239600
 5.76   3.44   27.229
 5.76   7.00    0.379    0.406
 5.76   7.00    0.784   40.623
 5.76   7.00    0.761    0.235   0.784   0.140
 5.76   7.00    0.762    0.225   0.784   0.130

 5.77   0.00    0.138    0.128   0.061   0.039   0.038   0.000   0.000   0.000   0.000   0.000   0.000 359863200
 5.77   3.45   27.312
 5.77   7.00    0.378    0.406
 5.77   7.00    0.784   40.627
 5.77   7.00    0.761    0.235   0.784   0.140
 5.77   7.00    0.762    0.225   0.784   0.130

 5.78   0.00    0.138    0.128   0.060   0.039   0.038   0.000   0.000   0.000   0.000   0.000   0.000 360486900
 5.78   3.46   27.394
 5.78   7.00    0.378    0.406
 5.78   7.00    0.784   40.631
 5.78   7.00    0.761    0.234   0.784   0.140
 5.78   7.00    0.762    0.225   0.784   0.130

 5.79   0.00    0.137    0.128   0.060   0.039   0.038   0.000   0.000   0.000   0.000   0.000   0.000 361110600
 5.79   3.47   27.476
 5.79   7.00    0.378    0.406
 5.79   7.00    0.784   40.635
 5.79   7.00    0.761    0.234   0.784   0.140
 5.79   7.00    0.762    0.224   0.784   0.130

 5.80   0.00    0.137    0.128   0.060   0.039   0.038   0.000   0.000   0.000   0.000   0.000   0.000 361734300
 5.80   3.47   27.557
 5.80   7.00    0.378    0.406
 5.80   7.00    0.783   40.638
 5.80   7.00    0.761    0.234   0.783   0.139
 5.80   7.00    0.762    0.224   0.783   0.130

 5.81   0.00    0.137    0.127   0.060   0.039   0.038   0.000   0.000   0.000   0.000   0.000   0.000 362358000
 5.81   3.48   27.638
 5.81   7.00    0.377    0.406
 5.81   7.00    0.783   40.642
 5.81   7.00    0.760    0.233   0.783   0.139
 5.81   7.00    0.762    0.224   0.783   0.129

 5.82   0.00    0.137    0.127   0.060   0.039   0.037   0.000   0.000   0.000   0.000   0.000   0.000 362981700
 5.82   3.49   27.718
 5.82   7.00    0.377    0.406
 5.82   7.00    0.783   40.646
 5.82   7.00    0.760    0.233   0.783   0.139
 5.82   7.00    0.761    0.223   0.783   0.129

 5.83   0.00    0.136    0.127   0.060   0.039   0.037   0.000   0.000   0.000   0.000   0.000   0.000 363605300
 5.83   3.50   27.798
 5.83   7.00    0.377    0.406
 5.83   7.00    0.783   40.649
 5.83   7.00    0.760    0.233   0.783   0.138
 5.83   7.00    0.761    0.223   0.783   0.129

 5.84   0.00    0.136    0.127   0.060   0.039   0.037   0.000   0.000   0.000   0.000   0.000   0.000 364229000
 5.84   3.51   27.878
 5.84   7.00    0.377    0.406
 5.84   7.00    0.783   40.653
 5.84   7.00    0.760    0.232   0.783   0.138
 5.84   7.00    0.761    0.223   0.783   0.129

 5.85   0.00    0.136    0.126   0.060   0.039   0.037   0.000   0.000   0.000   0.000   0.000   0.000 364852700
 5.85   3.51   27.957
 5.85   7.00    0.377    0.406
 5.85   7.00    0.782   40.657
 5.85   7.00    0.760    0.232   0.782   0.138
 5.85   7.00    0.761    0.223   0.782   0.128

 5.86   0.00    0.135    0.126   0.059   0.039   0.037   0.000   0.000   0.000   0.000   0.000   0.000 365476400
 5.86   3.52   28.036
 5.86   7.00    0.376    0.406
 5.86   7.00    0.782   40.660
 5.86   7.00    0.760    0.232   0.782   0.138
 5.86   7.00    0.761    0.222   0.782   0.128

 5.87   0.00    0.135    0.126   0.059   0.039   0.037   0.000   0.000   0.000   0.000   0.000   0.000 366100000
 5.87   3.53   28.114
 5.87   7.00    0.376    0.406
 5.87   7.00    0.782   40.664
 5.87   7.00    0.759    0.232   0.782   0.137
 5.87   7.00    0.761    0.222   0.782   0.128

 5.88   0.00    0.135    0.126   0.059   0.039   0.036   0.000   0.000   0.000   0.000   0.000   0.000 366723700
 5.88   3.54   28.192
 5.88   7.00    0.376    0.406
 5.88   7.00    0.782   40.667
 5.88   7.00    0.759    0.231   0.782   0.137
 5.88   7.00    0.760    0.222   0.782   0.128

 5.89   0.00    0.135    0.125   0.059   0.039   0.036   0.000   0.000   0.000   0.000   0.000   0.000 367347400
 5.89   3.55   28.270
 5.89   7.00    0.376    0.406
 5.89   7.00    0.782   40.671
 5.89   7.00    0.759    0.231   0.782   0.137
 5.89   7.00    0.760    0.222   0.782   0.127

 5.90   0.00    0.134    0.125   0.059   0.039   0.036   0.000   0.000   0.000   0.000   0.000   0.000 367971100
 5.90   3.55   28.347
 5.90   7.00    0.376    0.406
 5.90   7.00    0.781   40.674
 5.90   7.00    0.759    0.231   0.781   0.136
 5.90   7.00    0.760    0.221   0.781   0.127

 5.91   0.00    0.134    0.125   0.059   0.039   0.036   0.000   0.000   0.000   0.000   0.000   0.000 368594800
 5.91   3.56   28.424
 5.91   7.00    0.375    0.406
 5.91   7.00    0.781   40.678
 5.91   7.00    0.759    0.230   0.781   0.136
 5.91   7.00    0.760    0.221   0.781   0.127

 5.92   0.00    0.134    0.125   0.059   0.039   0.036   0.000   0.000   0.000   0.000   0.000   0.000 369218400
 5.92   3.57   28.500
 5.92   7.00    0.375    0.406
 5.92   7.00    0.781   40.681
 5.92   7.00    0.759    0.230   0.781   0.136
 5.92   7.00    0.760    0.221   0.781   0.127

 5.93   0.00    0.134    0.124   0.059   0.039   0.036   0.000   0.000   0.000   0.000   0.000   0.000 369842100
 5.93   3.58   28.576
 5.93   7.00    0.375    0.406
 5.93   7.00    0.781   40.685
 5.93   7.00    0.758    0.230   0.781   0.136
 5.93   7.00    0.760    0.221   0.781   0.126

 5.94   0.00    0.133    0.124   0.059   0.039   0.035   0.000   0.000   0.000   0.000   0.000   0.000 370465800
 5.94   3.59   28.652
 5.94   7.00    0.375    0.406
 5.94   7.00    0.781   40.688
 5.94   7.00    0.758    0.229   0.781   0.135
 5.94   7.00    0.759    0.220   0.781   0.126

 5.95   0.00    0.133    0.124   0.059   0.039   0.035   0.000   0.000   0.000   0.000   0.000   0.000 371089500
 5.95   3.60   28.727
 5.95   7.00    0.375    0.406
 5.95   7.00    0.780   40.691
 5.95   7.00    0.758    0.229   0.780   0.135
 5.95   7.00    0.759    0.220   0.780   0.126

 5.96   0.00    0.133    0.124   0.058   0.039   0.035   0.000   0.000   0.000   0.000   0.000   0.000 371713200
 5.96   3.60   28.802
 5.96   7.00    0.374    0.406
 5.96   7.00    0.780   40.695
 5.96   7.00    0.758    0.229   0.780   0.135
 5.96   7.00    0.759    0.220   0.780   0.126

 5.97   0.00    0.132    0.123   0.058   0.039   0.035   0.000   0.000   0.000   0.000   0.000   0.000 372336800
 5.97   3.61   28.876
 5.97   7.00    0.374    0.406
 5.97   7.00    0.780   40.698
 5.97   7.00    0.758    0.228   0.780   0.134
 5.97   7.00    0.759    0.219   0.780   0.125

 5.98   0.00    0.132    0.123   0.058   0.039   0.035   0.000   0.000   0.000   0.000   0.000   0.000 372960500
 5.98   3.62   28.950
 5.98   7.00    0.374    0.406
 5.98   7.00    0.780   40.701
 5.98   7.00    0.758    0.228   0.780   0.134
 5.98   7.00    0.759    0.219   0.780   0.125

 5.99   0.00    0.132    0.123   0.058   0.039   0.035   0.000   0.000   0.000   0.000   0.000   0.000 373584200
 5.99   3.63   29.024
 5.99   7.00    0.374    0.406
 5.99   7.00    0.780   40.705
 5.99   7.00    0.757    0.228   0.780   0.134
 5.99   7.00    0.758    0.219   0.780   0.125

 6.00   0.00    0.132    0.123   0.058   0.039   0.034   0.000   0.000   0.000   0.000   0.000   0.000 374207900
 6.00   3.64   29.097
 6.00   7.00    0.374    0.406
 6.00   7.00    0.779   40.708
 6.00   7.00    0.757    0.227   0.779   0.133
 6.00   7.00    0.758    0.219   0.779   0.125

 6.01   0.00    0.131    0.122   0.058   0.039   0.034   0.000   0.000   0.000   0.000   0.000   0.000 374831600
 6.01   3.64   29.170
 6.01   7.00    0.373    0.406
 6.01   7.00    0.779   40.711
 6.01   7.00    0.757    0.227   0.779   0.133
 6.01   7.00    0.758    0.218   0.779   0.124

 6.02   0.00    0.131    0.122   0.058   0.039   0.034   0.000   0.000   0.000   0.000   0.000   0.000 375455200
 6.02   3.65   29.243
 6.02   7.00    0.373    0.406
 6.02   7.00    0.779   40.714
 6.02   7.00    0.757    0.227   0.779   0.133
 6.02   7.00    0.758    0.218   0.779   0.124

 6.03   0.00    0.131    0.122   0.058   0.039   0.034   0.000   0.000   0.000   0.000   0.000   0.000 376078900
 6.03   3.66   29.315
 6.03   7.00    0.373    0.406
 6.03   7.00    0.779   40.717
 6.03   7.00    0.757    0.227   0.779   0.133
 6.03   7.00    0.758    0.218   0.779   0.124

 6.04   0.00    0.131    0.122   0.058   0.039   0.034   0.000   0.000   0.000   0.000   0.000   0.000 376702600
 6.04   3.67   29.387
 6.04   7.00    0.373    0.406
 6.04   7.00    0.779   40.720
 6.04   7.00    0.757    0.226   0.779   0.133
 6.04   7.00    0.758    0.218   0.779   0.124

 6.05   0.00    0.130    0.122   0.057   0.039   0.034   0.000   0.000   0.000   0.000   0.000   0.000 377326300
 6.05   3.68   29.459
 6.05   7.00    0.373    0.406
 6.05   7.00    0.778   40.724
 6.05   7.00    0.756    0.226   0.778   0.132
 6.05   7.00    0.757    0.218   0.778   0.124

 6.06   0.00    0.130    0.122   0.057   0.039   0.034   0.000   0.000   0.000   0.000   0.000   0.000 377950000
 6.06   3.68   29.530
 6.06   7.00    0.372    0.406
 6.06   7.00    0.778   40.727
 6.06   7.00    0.756    0.226   0.778   0.132
 6.06   7.00    0.757    0.217   0.778   0.123

 6.07   0.00    0.130    0.121   0.057   0.039   0.034   0.000   0.000   0.000   0.000   0.000   0.000 378573700
 6.07   3.69   29.601
 6.07   7.00    0.372    0.406
 6.07   7.00    0.778   40.730
 6.07   7.00    0.756    0.226   0.778   0.132
 6.07   7.00    0.757    0.217   0.778   0.123

 6.08   0.00    0.130    0.121   0.057   0.039   0.034   0.000   0.000   0.000   0.000   0.000   0.000 379197300
 6.08   3.70   29.671
 6.08   7.00    0.372    0.406
 6.08   7.00    0.778   40.733
 6.08   7.00    0.756    0.225   0.778   0.132
 6.08   7.00    0.757    0.217   0.778   0.123

 6.09   0.00    0.130    0.121   0.057   0.039   0.033   0.000   0.000   0.000   0.000   0.000   0.000 379821000
 6.09   3.71   29.741
 6.09   7.00    0.372    0.406
 6.09   7.00    0.778   40.736
 6.09   7.00    0.756    0.225   0.778   0.131
 6.09   7.00    0.757    0.217   0.778   0.123

 6.10   0.00    0.129    0.121   0.057   0.039   0.033   0.000   0.000   0.000   0.000   0.000   0.000 380444700
 6.10   3.72   29.811
 6.10   7.00    0.372    0.406
 6.10   7.00    0.777   40.739
 6.10   7.00    0.756    0.225   0.777   0.131
 6.10   7.00    0.757    0.216   0.777   0.123

 6.11   0.00    0.129    0.121   0.057   0.039   0.033   0.000   0.000   0.000   0.000   0.000   0.000 381068400
 6.11   3.73   29.880
 6.11   7.00    0.371    0.406
 6.11   7.00    0.777   40.742
 6.11   7.00    0.755    0.225   0.777   0.131
 6.11   7.00    0.756    0.216   0.777   0.122

 6.12   0.00    0.129    0.120   0.057   0.039   0.033   0.000   0.000   0.000   0.000   0.000   0.000 381692000
 6.12   3.73   29.950
 6.12   7.00    0.371    0.406
 6.12   7.00    0.777   40.745
 6.12   7.00    0.755    0.225   0.777   0.131
 6.12   7.00    0.756    0.216   0.777   0.122

 6.13   0.00    0.129    0.120   0.057   0.039   0.033   0.000   0.000   0.000   0.000   0.000   0.000 382315700
 6.13   3.74   30.018
 6.13   7.00    0.371    0.406
 6.13   7.00    0.777   40.748
 6.13   7.00    0.755    0.224   0.777   0.131
 6.13   7.00    0.756    0.216   0.777   0.122

 6.14   0.00    0.128    0.120   0.057   0.039   0.033   0.000   0.000   0.000   0.000   0.000   0.000 382939400
 6.14   3.75   30.087
 6.14   7.00    0.371    0.406
 6.14   7.00    0.777   40.750
 6.14   7.00    0.755    0.224   0.777   0.130
 6.14   7.00    0.756    0.216   0.777   0.122

 6.15   0.00    0.128    0.120   0.056   0.039   0.033   0.000   0.000   0.000   0.000   0.000   0.000 383563100
 6.15   3.76   30.155
 6.15   7.00    0.371    0.406
 6.15   7.00    0.776   40.753
 6.15   7.00    0.755    0.224   0.776   0.130
 6.15   7.00    0.756    0.215   0.776   0.122

 6.16   0.00    0.128    0.120   0.056   0.039   0.033   0.000   0.000   0.000   0.000   0.000   0.000 384186800
 6.16   3.77   30.223
 6.16   7.00    0.370    0.406
 6.16   7.00    0.776   40.756
 6.16   7.00    0.755    0.224   0.776   0.130
 6.16   7.00    0.756    0.215   0.776   0.122

 6.17   0.00    0.128    0.120   0.056   0.039   0.033   0.000   0.000   0.000   0.000   0.000   0.000 384810400
 6.17   3.77   30.290
 6.17   7.00    0.370    0.406
 6.17   7.00    0.776   40.759
 6.17   7.00    0.754    0.223   0.776   0.130
 6.17   7.00    0.755    0.215   0.776   0.121

 6.18   0.00    0.128    0.119   0.056   0.039   0.032   0.000   0.000   0.000   0.000   0.000   0.000 385434100
 6.18   3.78   30.357
 6.18   7.00    0.370    0.406
 6.18   7.00    0.776   40.762
 6.18   7.00    0.754    0.223   0.776   0.129
 6.18   7.00    0.755    0.215   0.776   0.121

 6.19   0.00    0.127    0.119   0.056   0.039   0.032   0.000   0.000   0.000   0.000   0.000   0.000 386057800
 6.19   3.79   30.424
 6.19   7.00    0.370    0.406
 6.19   7.00    0.776   40.765
 6.19   7.00    0.754    0.223   0.776   0.129
 6.19   7.00    0.755    0.215   0.776   0.121

 6.20   0.00    0.127    0.119   0.056   0.039   0.032   0.000   0.000   0.000   0.000   0.000   0.000 386681500
 6.20   3.80   30.491
 6.20   7.00    0.370    0.406
 6.20   7.00    0.775   40.767
 6.20   7.00    0.754    0.223   0.775   0.129
 6.20   7.00    0.755    0.214   0.775   0.121

 6.21   0.00    0.127    0.119   0.056   0.039   0.032   0.000   0.000   0.000   0.000   0.000   0.000 387305200
 6.21   3.81   30.557
 6.21   7.00    0.369    0.406
 6.21   7.00    0.775   40.770
 6.21   7.00    0.754    0.222   0.775   0.129
 6.21   7.00    0.755    0.214   0.775   0.121

 6.22   0.00    0.127    0.119   0.056   0.039   0.032   0.000   0.000   0.000   0.000   0.000   0.000 387928800
 6.22   3.82   30.623
 6.22   7.00    0.369    0.406
 6.22   7.00    0.775   40.773
 6.22   7.00    0.753    0.222   0.775   0.129
 6.22   7.00    0.754    0.214   0.775   0.120

 6.23   0.00    0.126    0.118   0.056   0.039   0.032   0.000   0.000   0.000   0.000   0.000   0.000 388552500
 6.23   3.82   30.688
 6.23   7.00    0.369    0.406
 6.23   7.00    0.775   40.776
 6.23   7.00    0.753    0.222   0.775   0.128
 6.23   7.00    0.754    0.214   0.775   0.120

 6.24   0.00    0.126    0.118   0.056   0.039   0.032   0.000   0.000   0.000   0.000   0.000   0.000 389176200
 6.24   3.83   30.754
 6.24   7.00    0.369    0.406
 6.24   7.00    0.775   40.778
 6.24   7.00    0.753    0.222   0.775   0.128
 6.24   7.00    0.754    0.214   0.775   0.120

 6.25   0.00    0.126    0.118   0.055   0.039   0.032   0.000   0.000   0.000   0.000   0.000   0.000 389799900
 6.25   3.84   30.819
 6.25   7.00    0.369    0.406
 6.25   7.00    0.774   40.781
 6.25   7.00    0.753    0.221   0.774   0.128
 6.25   7.00    0.754    0.213   0.774   0.120

 6.26   0.00    0.126    0.118   0.055   0.039   0.032   0.000   0.000   0.000   0.000   0.000   0.000 390423600
 6.26   3.85   30.883
 6.26   7.00    0.368    0.406
 6.26   7.00    0.774   40.784
 6.26   7.00    0.753    0.221   0.774   0.128
 6.26   7.00    0.754    0.213   0.774   0.120

 6.27   0.00    0.126    0.118   0.055   0.039   0.031   0.000   0.000   0.000   0.000   0.000   0.000 391047200
 6.27   3.86   30.948
 6.27   7.00    0.368    0.406
 6.27   7.00    0.774   40.786
 6.27   7.00    0.753    0.221   0.774   0.128
 6.27   7.00    0.754    0.213   0.774   0.120

 6.28   0.00    0.125    0.118   0.055   0.039   0.031   0.000   0.000   0.000   0.000   0.000   0.000 391670900
 6.28   3.87   31.012
 6.28   7.00    0.368    0.406
 6.28   7.00    0.774   40.789
 6.28   7.00    0.752    0.221   0.774   0.127
 6.28   7.00    0.753    0.213   0.774   0.119

 6.29   0.00    0.125    0.117   0.055   0.039   0.031   0.000   0.000   0.000   0.000   0.000   0.000 392294600
 6.29   3.87   31.075
 6.29   7.00    0.368    0.406
 6.29   7.00    0.774   40.792
 6.29   7.00    0.752    0.220   0.774   0.127
 6.29   7.00    0.753    0.213   0.774   0.119

 6.30   0.00    0.125    0.117   0.055   0.039   0.031   0.000   0.000   0.000   0.000   0.000   0.000 392918300
 6.30   3.88   31.139
 6.30   7.00    0.368    0.406
 6.30   7.00    0.773   40.794
 6.30   7.00    0.752    0.220   0.773   0.127
 6.30   7.00    0.753    0.212   0.773   0.119

 6.31   0.00    0.125    0.117   0.055   0.039   0.031   0.000   0.000   0.000   0.000   0.000   0.000 393542000
 6.31   3.89   31.202
 6.31   7.00    0.368    0.406
 6.31   7.00    0.773   40.797
 6.31   7.00    0.752    0.220   0.773   0.127
 6.31   7.00    0.753    0.212   0.773   0.119

 6.32   0.00    0.125    0.117   0.055   0.039   0.031   0.000   0.000   0.000   0.000   0.000   0.000 394165600
 6.32   3.90   31.265
 6.32   7.00    0.367    0.406
 6.32   7.00    0.773   40.799
 6.32   7.00    0.752    0.220   0.773   0.126
 6.32   7.00    0.753    0.212   0.773   0.119

 6.33   0.00    0.124    0.117   0.055   0.039   0.031   0.000   0.000   0.000   0.000   0.000   0.000 394789300
 6.33   3.91   31.327
 6.33   7.00    0.367    0.406
 6.33   7.00    0.773   40.802
 6.33   7.00    0.752    0.219   0.773   0.126
 6.33   7.00    0.753    0.212   0.773   0.118

 6.34   0.00    0.124    0.116   0.055   0.039   0.031   0.000   0.000   0.000   0.000   0.000   0.000 395413000
 6.34   3.91   31.390
 6.34   7.00    0.367    0.406
 6.34   7.00    0.773   40.804
 6.34   7.00    0.752    0.219   0.773   0.126
 6.34   7.00    0.752    0.212   0.773   0.118

 6.35   0.00    0.124    0.116   0.054   0.039   0.031   0.000   0.000   0.000   0.000   0.000   0.000 396036700
 6.35   3.92   31.452
 6.35   7.00    0.367    0.406
 6.35   7.00    0.772   40.807
 6.35   7.00    0.751    0.219   0.772   0.126
 6.35   7.00    0.752    0.211   0.772   0.118

 6.36   0.00    0.124    0.116   0.054   0.039   0.031   0.000   0.000   0.000   0.000   0.000   0.000 396660400
 6.36   3.93   31.513
 6.36   7.00    0.367    0.406
 6.36   7.00    0.772   40.809
 6.36   7.00    0.751    0.219   0.772   0.126
 6.36   7.00    0.752    0.211   0.772   0.118

 6.37   0.00    0.124    0.116   0.054   0.039   0.030   0.000   0.000   0.000   0.000   0.000   0.000 397284000
 6.37   3.94   31.575
 6.37   7.00    0.366    0.406
 6.37   7.00    0.772   40.812
 6.37   7.00    0.751    0.219   0.772   0.125
 6.37   7.00    0.752    0.211   0.772   0.118

 6.38   0.00    0.123    0.116   0.054   0.039   0.030   0.000   0.000   0.000   0.000   0.000   0.000 397907700
 6.38   3.95   31.636
 6.38   7.00    0.366    0.406
 6.38   7.00    0.772   40.814
 6.38   7.00    0.751    0.218   0.772   0.125
 6.38   7.00    0.752    0.211   0.772   0.118

 6.39   0.00    0.123    0.116   0.054   0.039   0.030   0.000   0.000   0.000   0.000   0.000   0.000 398531400
 6.39   3.96   31.697
 6.39   7.00    0.366    0.406
 6.39   7.00    0.772   40.817
 6.39   7.00    0.751    0.218   0.772   0.125
 6.39   7.00    0.752    0.210   0.772   0.117

 6.40   0.00    0.123    0.115   0.054   0.039   0.030   0.000   0.000   0.000   0.000   0.000   0.000 399155100
 6.40   3.96   31.758
 6.40   7.00    0.366    0.406
 6.40   7.00    0.771   40.819
 6.40   7.00    0.751    0.218   0.771   0.125
 6.40   7.00    0.751    0.210   0.771   0.117

 6.41   0.00    0.123    0.115   0.054   0.039   0.030   0.000   0.000   0.000   0.000   0.000   0.000 399778800
 6.41   3.97   31.818
 6.41   7.00    0.366    0.406
 6.41   7.00    0.771   40.822
 6.41   7.00    0.750    0.218   0.771   0.125
 6.41   7.00    0.751    0.210   0.771   0.117

 6.42   0.00    0.122    0.115   0.054   0.039   0.030   0.000   0.000   0.000   0.000   0.000   0.000 400402400
 6.42   3.98   31.878
 6.42   7.00    0.365    0.406
 6.42   7.00    0.771   40.824
 6.42   7.00    0.750    0.217   0.771   0.124
 6.42   7.00    0.751    0.210   0.771   0.117

 6.43   0.00    0.122    0.115   0.054   0.039   0.030   0.000   0.000   0.000   0.000   0.000   0.000 401026100
 6.43   3.99   31.938
 6.43   7.00    0.365    0.406
 6.43   7.00    0.771   40.826
 6.43   7.00    0.750    0.217   0.771   0.124
 6.43   7.00    0.751    0.210   0.771   0.117

 6.44   0.00    0.122    0.115   0.054   0.039   0.030   0.000   0.000   0.000   0.000   0.000   0.000 401649800
 6.44   4.00   31.997
 6.44   7.00    0.365    0.406
 6.44   7.00    0.771   40.829
 6.44   7.00    0.750    0.217   0.771   0.124
 6.44   7.00    0.751    0.209   0.771   0.116

 6.45   0.00    0.122    0.115   0.054   0.039   0.030   0.000   0.000   0.000   0.000   0.000   0.000 402273500
 6.45   4.01   32.056
 6.45   7.00    0.365    0.406
 6.45   7.00    0.771   40.831
 6.45   7.00    0.750    0.217   0.771   0.124
 6.45   7.00    0.751    0.209   0.771   0.116

 6.46   0.00    0.122    0.114   0.053   0.039   0.029   0.000   0.000   0.000   0.000   0.000   0.000 402897200
 6.46   4.01   32.115
 6.46   7.00    0.365    0.406
 6.46   7.00    0.770   40.833
 6.46   7.00    0.750    0.216   0.770   0.123
 6.46   7.00    0.750    0.209   0.770   0.116

 6.47   0.00    0.121    0.114   0.053   0.039   0.029   0.000   0.000   0.000   0.000   0.000   0.000 403520800
 6.47   4.02   32.174
 6.47   7.00    0.364    0.406
 6.47   7.00    0.770   40.836
 6.47   7.00    0.749    0.216   0.770   0.123
 6.47   7.00    0.750    0.209   0.770   0.116

 6.48   0.00    0.121    0.114   0.053   0.039   0.029   0.000   0.000   0.000   0.000   0.000   0.000 404144500
 6.48   4.03   32.233
 6.48   7.00    0.364    0.406
 6.48   7.00    0.770   40.838
 6.48   7.00    0.749    0.216   0.770   0.123
 6.48   7.00    0.750    0.209   0.770   0.116

 6.49   0.00    0.121    0.114   0.053   0.039   0.029   0.000   0.000   0.000   0.000   0.000   0.000 404768200
 6.49   4.04   32.291
 6.49   7.00    0.364    0.406
 6.49   7.00    0.770   40.840
 6.49   7.00    0.749    0.216   0.770   0.123
 6.49   7.00    0.750    0.208   0.770   0.116

 6.50   0.00    0.121    0.114   0.053   0.039   0.029   0.000   0.000   0.000   0.000   0.000   0.000 405391900
 6.50   4.05   32.349
 6.50   7.00    0.364    0.406
 6.50   7.00    0.770   40.842
 6.50   7.00    0.749    0.216   0.770   0.123
 6.50   7.00    0.750    0.208   0.770   0.115

 6.51   0.00    0.121    0.113   0.053   0.039   0.029   0.000   0.000   0.000   0.000   0.000   0.000 406015600
 6.51   4.05   32.406
 6.51   7.00    0.364    0.406
 6.51   7.00    0.769   40.845
 6.51   7.00    0.749    0.215   0.769   0.122
 6.51   7.00    0.750    0.208   0.769   0.115

 6.52   0.00    0.120    0.113   0.053   0.039   0.029   0.000   0.000   0.000   0.000   0.000   0.000 406639200
 6.52   4.06   32.464
 6.52   7.00    0.364    0.406
 6.52   7.00    0.769   40.847
 6.52   7.00    0.749    0.215   0.769   0.122
 6.52   7.00    0.749    0.208   0.769   0.115

 6.53   0.00    0.120    0.113   0.053   0.039   0.029   0.000   0.000   0.000   0.000   0.000   0.000 407262900
 6.53   4.07   32.521
 6.53   7.00    0.363    0.406
 6.53   7.00    0.769   40.849
 6.53   7.00    0.748    0.215   0.769   0.122
 6.53   7.00    0.749    0.208   0.769   0.115

 6.54   0.00    0.120    0.113   0.053   0.039   0.029   0.000   0.000   0.000   0.000   0.000   0.000 407886600
 6.54   4.08   32.578
 6.54   7.00    0.363    0.406
 6.54   7.00    0.769   40.851
 6.54   7.00    0.748    0.215   0.769   0.122
 6.54   7.00    0.749    0.207   0.769   0.115

 6.55   0.00    0.120    0.113   0.053   0.039   0.028   0.000   0.000   0.000   0.000   0.000   0.000 408510300
 6.55   4.09   32.635
 6.55   7.00    0.363    0.406
 6.55   7.00    0.769   40.853
 6.55   7.00    0.748    0.214   0.769   0.122
 6.55   7.00    0.749    0.207   0.769   0.114

 6.56   0.00    0.120    0.113   0.053   0.039   0.028   0.000   0.000   0.000   0.000   0.000   0.000 409134000
 6.56   4.10   32.691
 6.56   7.00    0.363    0.406
 6.56   7.00    0.768   40.856
 6.56   7.00    0.748    0.214   0.768   0.121
 6.56   7.00    0.749    0.207   0.768   0.114

 6.57   0.00    0.119    0.112   0.052   0.039   0.028   0.000   0.000   0.000   0.000   0.000   0.000 409757600
 6.57   4.10   32.747
 6.57   7.00    0.363    0.404
 6.57   7.00    0.767   40.830
 6.57   7.00    0.746    0.214   0.767   0.121
 6.57   7.00    0.747    0.207   0.767   0.114

 6.58   0.00    0.119    0.112   0.052   0.039   0.028   0.000   0.000   0.000   0.000   0.000   0.000 410381300
 6.58   4.11   32.803
 6.58   7.00    0.362    0.404
 6.58   7.00    0.766   40.826
 6.58   7.00    0.746    0.213   0.766   0.121
 6.58   7.00    0.747    0.206   0.766   0.114

 6.59   0.00    0.119    0.112   0.052   0.039   0.028   0.000   0.000   0.000   0.000   0.000   0.000 411005000
 6.59   4.12   32.859
 6.59   7.00    0.362    0.404
 6.59   7.00    0.766   40.822
 6.59   7.00    0.745    0.213   0.766   0.121
 6.59   7.00    0.746    0.206   0.766   0.114

 6.60   0.00    0.119    0.112   0.052   0.039   0.028   0.000   0.000   0.000   0.000   0.000   0.000 411628700
 6.60   4.13   32.914
 6.60   7.00    0.362    0.403
 6.60   7.00    0.765   40.819
 6.60   7.00    0.745    0.213   0.765   0.121
 6.60   7.00    0.746    0.206   0.765   0.114

 6.61   0.00    0.119    0.112   0.052   0.039   0.028   0.000   0.000   0.000   0.000   0.000   0.000 412252400
 6.61   4.14   32.970
 6.61   7.00    0.362    0.403
 6.61   7.00    0.765   40.815
 6.61   7.00    0.745    0.213   0.765   0.120
 6.61   7.00    0.745    0.206   0.765   0.113

 6.62   0.00    0.118    0.112   0.052   0.039   0.028   0.000   0.000   0.000   0.000   0.000   0.000 412876000
 6.62   4.15   33.025
 6.62   7.00    0.362    0.403
 6.62   7.00    0.765   40.811
 6.62   7.00    0.744    0.212   0.765   0.120
 6.62   7.00    0.745    0.206   0.765   0.113

 6.63   0.00    0.118    0.111   0.052   0.039   0.028   0.000   0.000   0.000   0.000   0.000   0.000 413499700
 6.63   4.15   33.079
 6.63   7.00    0.361    0.403
 6.63   7.00    0.764   40.808
 6.63   7.00    0.744    0.212   0.764   0.120
 6.63   7.00    0.745    0.205   0.764   0.113

 6.64   0.00    0.118    0.111   0.052   0.039   0.027   0.000   0.000   0.000   0.000   0.000   0.000 414123400
 6.64   4.16   33.134
 6.64   7.00    0.361    0.402
 6.64   7.00    0.764   40.804
 6.64   7.00    0.743    0.212   0.764   0.120
 6.64   7.00    0.744    0.205   0.764   0.113

 6.65   0.00    0.118    0.111   0.052   0.039   0.027   0.000   0.000   0.000   0.000   0.000   0.000 414747100
 6.65   4.17   33.188
 6.65   7.00    0.361    0.402
 6.65   7.00    0.763   40.800
 6.65   7.00    0.743    0.212   0.763   0.120
 6.65   7.00    0.744    0.205   0.763   0.113

 6.66   0.00    0.118    0.111   0.052   0.039   0.027   0.000   0.000   0.000   0.000   0.000   0.000 415370800
 6.66   4.18   33.242
 6.66   7.00    0.361    0.402
 6.66   7.00    0.763   40.797
 6.66   7.00    0.742    0.211   0.763   0.119
 6.66   7.00    0.743    0.205   0.763   0.112

 6.67   0.00    0.117    0.111   0.052   0.039   0.027   0.000   0.000   0.000   0.000   0.000   0.000 415994400
 6.67   4.19   33.296
 6.67   7.00    0.361    0.401
 6.67   7.00    0.762   40.793
 6.67   7.00    0.742    0.211   0.762   0.119
 6.67   7.00    0.743    0.204   0.762   0.112

 6.68   0.00    0.117    0.110   0.051   0.039   0.027   0.000   0.000   0.000   0.000   0.000   0.000 416618100
 6.68   4.20   33.349
 6.68   7.00    0.361    0.401
 6.68   7.00    0.762   40.789
 6.68   7.00    0.742    0.211   0.762   0.119
 6.68   7.00    0.742    0.204   0.762   0.112

 6.69   0.00    0.117    0.110   0.051   0.039   0.027   0.000   0.000   0.000   0.000   0.000   0.000 417241800
 6.69   4.20   33.403
 6.69   7.00    0.360    0.401
 6.69   7.00    0.761   40.785
 6.69   7.00    0.741    0.211   0.761   0.119
 6.69   7.00    0.742    0.204   0.761   0.112

 6.70   0.00    0.117    0.110   0.051   0.039   0.027   0.000   0.000   0.000   0.000   0.000   0.000 417865400
 6.70   4.21   33.456
 6.70   7.00    0.360    0.401
 6.70   7.00    0.761   40.782
 6.70   7.00    0.741    0.210   0.761   0.119
 6.70   7.00    0.741    0.204   0.761   0.112

 6.71   0.00    0.117    0.110   0.051   0.039   0.027   0.000   0.000   0.000   0.000   0.000   0.000 418489200
 6.71   4.22   33.509
 6.71   7.00    0.360    0.400
 6.71   7.00    0.760   40.778
 6.71   7.00    0.740    0.210   0.760   0.118
 6.71   7.00    0.741    0.203   0.760   0.112

 6.72   0.00    0.116    0.110   0.051   0.039   0.027   0.000   0.000   0.000   0.000   0.000   0.000 419112800
 6.72   4.23   33.561
 6.72   7.00    0.360    0.400
 6.72   7.00    0.760   40.774
 6.72   7.00    0.740    0.210   0.760   0.118
 6.72   7.00    0.741    0.203   0.760   0.111

 6.73   0.00    0.116    0.110   0.051   0.039   0.027   0.000   0.000   0.000   0.000   0.000   0.000 419736500
 6.73   4.24   33.614
 6.73   7.00    0.360    0.400
 6.73   7.00    0.759   40.771
 6.73   7.00    0.739    0.210   0.759   0.118
 6.73   7.00    0.740    0.203   0.759   0.111

 6.74   0.00    0.116    0.109   0.051   0.039   0.026   0.000   0.000   0.000   0.000   0.000   0.000 420360200
 6.74   4.25   33.666
 6.74   7.00    0.360    0.399
 6.74   7.00    0.759   40.767
 6.74   7.00    0.739    0.209   0.759   0.118
 6.74   7.00    0.740    0.203   0.759   0.111

 6.75   0.00    0.116    0.109   0.051   0.039   0.026   0.000   0.000   0.000   0.000   0.000   0.000 420983900
 6.75   4.25   33.718
 6.75   7.00    0.359    0.399
 6.75   7.00    0.758   40.763
 6.75   7.00    0.739    0.209   0.758   0.118
 6.75   7.00    0.739    0.203   0.758   0.111

 6.76   0.00    0.116    0.109   0.051   0.039   0.026   0.000   0.000   0.000   0.000   0.000   0.000 421607600
 6.76   4.26   33.770
 6.76   7.00    0.359    0.399
 6.76   7.00    0.758   40.760
 6.76   7.00    0.738    0.209   0.758   0.117
 6.76   7.00    0.739    0.202   0.758   0.111

 6.77   0.00    0.115    0.109   0.051   0.039   0.026   0.000   0.000   0.000   0.000   0.000   0.000 422231200
 6.77   4.27   33.821
 6.77   7.00    0.359    0.399
 6.77   7.00    0.758   40.756
 6.77   7.00    0.738    0.209   0.758   0.117
 6.77   7.00    0.738    0.202   0.758   0.111

 6.78   0.00    0.115    0.109   0.051   0.039   0.026   0.000   0.000   0.000   0.000   0.000   0.000 422854900
 6.78   4.28   33.873
 6.78   7.00    0.359    0.398
 6.78   7.00    0.757   40.752
 6.78   7.00    0.737    0.208   0.757   0.117
 6.78   7.00    0.738    0.202   0.757   0.110

 6.79   0.00    0.115    0.109   0.051   0.039   0.026   0.000   0.000   0.000   0.000   0.000   0.000 423478600
 6.79   4.29   33.924
 6.79   7.00    0.359    0.398
 6.79   7.00    0.757   40.749
 6.79   7.00    0.737    0.208   0.757   0.117
 6.79   7.00    0.738    0.202   0.757   0.110

 6.80   0.00    0.115    0.108   0.050   0.039   0.026   0.000   0.000   0.000   0.000   0.000   0.000 424102300
 6.80   4.30   33.975
 6.80   7.00    0.358    0.398
 6.80   7.00    0.756   40.745
 6.80   7.00    0.736    0.208   0.756   0.117
 6.80   7.00    0.737    0.201   0.756   0.110

 6.81   0.00    0.115    0.108   0.050   0.039   0.026   0.000   0.000   0.000   0.000   0.000   0.000 424726000
 6.81   4.30   34.026
 6.81   7.00    0.358    0.398
 6.81   7.00    0.756   40.741
 6.81   7.00    0.736    0.208   0.756   0.116
 6.81   7.00    0.737    0.201   0.756   0.110

 6.82   0.00    0.114    0.108   0.050   0.039   0.026   0.000   0.000   0.000   0.000   0.000   0.000 425349600
 6.82   4.31   34.076
 6.82   7.00    0.358    0.397
 6.82   7.00    0.755   40.737
 6.82   7.00    0.736    0.207   0.755   0.116
 6.82   7.00    0.736    0.201   0.755   0.110

 6.83   0.00    0.114    0.108   0.050   0.039   0.025   0.000   0.000   0.000   0.000   0.000   0.000 425973300
 6.83   4.32   34.126
 6.83   7.00    0.358    0.397
 6.83   7.00    0.755   40.734
 6.83   7.00    0.735    0.207   0.755   0.116
 6.83   7.00    0.736    0.201   0.755   0.109

 6.84   0.00    0.114    0.108   0.050   0.039   0.025   0.000   0.000   0.000   0.000   0.000   0.000 426597000
 6.84   4.33   34.177
 6.84   7.00    0.358    0.397
 6.84   7.00    0.754   40.730
 6.84   7.00    0.735    0.207   0.754   0.116
 6.84   7.00    0.735    0.200   0.754   0.109

 6.85   0.00    0.114    0.108   0.050   0.039   0.025   0.000   0.000   0.000   0.000   0.000   0.000 427220700
 6.85   4.34   34.226
 6.85   7.00    0.358    0.396
 6.85   7.00    0.754   40.726
 6.85   7.00    0.734    0.207   0.754   0.116
 6.85   7.00    0.735    0.200   0.754   0.109

 6.86   0.00    0.114    0.107   0.050   0.039   0.025   0.000   0.000   0.000   0.000   0.000   0.000 427844400
 6.86   4.35   34.276
 6.86   7.00    0.357    0.396
 6.86   7.00    0.754   40.723
 6.86   7.00    0.734    0.206   0.754   0.115
 6.86   7.00    0.735    0.200   0.754   0.109

 6.87   0.00    0.113    0.107   0.050   0.039   0.025   0.000   0.000   0.000   0.000   0.000   0.000 428468000
 6.87   4.35   34.326
 6.87   7.00    0.357    0.396
 6.87   7.00    0.753   40.719
 6.87   7.00    0.733    0.206   0.753   0.115
 6.87   7.00    0.734    0.200   0.753   0.109

 6.88   0.00    0.113    0.107   0.050   0.039   0.025   0.000   0.000   0.000   0.000   0.000   0.000 429091700
 6.88   4.36   34.375
 6.88   7.00    0.357    0.396
 6.88   7.00    0.753   40.715
 6.88   7.00    0.733    0.206   0.753   0.115
 6.88   7.00    0.734    0.200   0.753   0.109

 6.89   0.00    0.113    0.107   0.050   0.039   0.025   0.000   0.000   0.000   0.000   0.000   0.000 429715400
 6.89   4.37   34.424
 6.89   7.00    0.357    0.395
 6.89   7.00    0.752   40.712
 6.89   7.00    0.733    0.206   0.752   0.115
 6.89   7.00    0.733    0.199   0.752   0.108

 6.90   0.00    0.113    0.107   0.050   0.039   0.025   0.000   0.000   0.000   0.000   0.000   0.000 430339100
 6.90   4.38   34.473
 6.90   7.00    0.357    0.395
 6.90   7.00    0.752   40.708
 6.90   7.00    0.732    0.205   0.752   0.115
 6.90   7.00    0.733    0.199   0.752   0.108

 6.91   0.00    0.113    0.106   0.050   0.039   0.025   0.000   0.000   0.000   0.000   0.000   0.000 430962700
 6.91   4.39   34.521
 6.91   7.00    0.356    0.395
 6.91   7.00    0.751   40.704
 6.91   7.00    0.732    0.205   0.751   0.114
 6.91   7.00    0.733    0.199   0.751   0.108

 6.92   0.00    0.112    0.106   0.049   0.038   0.024   0.000   0.000   0.000   0.000   0.000   0.000 431586400
 6.92   4.40   34.570
 6.92   7.00    0.356    0.395
 6.92   7.00    0.751   40.701
 6.92   7.00    0.731    0.205   0.751   0.114
 6.92   7.00    0.732    0.199   0.751   0.108

 6.93   0.00    0.112    0.106   0.049   0.038   0.024   0.000   0.000   0.000   0.000   0.000   0.000 432210100
 6.93   4.40   34.618
 6.93   7.00    0.356    0.394
 6.93   7.00    0.750   40.697
 6.93   7.00    0.731    0.205   0.750   0.114
 6.93   7.00    0.732    0.198   0.750   0.108

 6.94   0.00    0.112    0.106   0.049   0.038   0.024   0.000   0.000   0.000   0.000   0.000   0.000 432833800
 6.94   4.41   34.666
 6.94   7.00    0.356    0.394
 6.94   7.00    0.750   40.693
 6.94   7.00    0.731    0.204   0.750   0.114
 6.94   7.00    0.731    0.198   0.750   0.108

 6.95   0.00    0.112    0.106   0.049   0.038   0.024   0.000   0.000   0.000   0.000   0.000   0.000 433457400
 6.95   4.42   34.714
 6.95   7.00    0.356    0.394
 6.95   7.00    0.750   40.689
 6.95   7.00    0.730    0.204   0.750   0.114
 6.95   7.00    0.731    0.198   0.750   0.107

 6.96   0.00    0.112    0.106   0.049   0.038   0.024   0.000   0.000   0.000   0.000   0.000   0.000 434081200
 6.96   4.43   34.762
 6.96   7.00    0.356    0.394
 6.96   7.00    0.749   40.686
 6.96   7.00    0.730    0.204   0.749   0.113
 6.96   7.00    0.731    0.198   0.749   0.107

 6.97   0.00    0.111    0.105   0.049   0.038   0.024   0.000   0.000   0.000   0.000   0.000   0.000 434704800
 6.97   4.44   34.809
 6.97   7.00    0.355    0.393
 6.97   7.00    0.749   40.682
 6.97   7.00    0.729    0.204   0.749   0.113
 6.97   7.00    0.730    0.198   0.749   0.107

 6.98   0.00    0.111    0.105   0.049   0.038   0.024   0.000   0.000   0.000   0.000   0.000   0.000 435328500
 6.98   4.45   34.857
 6.98   7.00    0.355    0.393
 6.98   7.00    0.748   40.678
 6.98   7.00    0.729    0.203   0.748   0.113
 6.98   7.00    0.730    0.197   0.748   0.107

 6.99   0.00    0.111    0.105   0.049   0.038   0.024   0.000   0.000   0.000   0.000   0.000   0.000 435952200
 6.99   4.45   34.904
 6.99   7.00    0.355    0.393
 6.99   7.00    0.748   40.675
 6.99   7.00    0.729    0.203   0.748   0.113
 6.99   7.00    0.729    0.197   0.748   0.107

 7.00   0.00    0.111    0.105   0.049   0.038   0.024   0.000   0.000   0.000   0.000   0.000   0.000 436575900
 7.00   4.46   34.951
 7.00   7.00    0.355    0.393
 7.00   7.00    0.747   40.671
 7.00   7.00    0.728    0.203   0.747   0.113
 7.00   7.00    0.729    0.197   0.747   0.107

 7.01   0.00    0.111    0.105   0.049   0.038   0.024   0.000   0.000   0.000   0.000   0.000   0.000 437199600
 7.01   4.47   34.997
 7.01   7.00    0.355    0.392
 7.01   7.00    0.747   40.667
 7.01   7.00    0.728    0.203   0.747   0.112
 7.01   7.00    0.728    0.197   0.747   0.106

 7.02   0.00    0.111    0.105   0.049   0.038   0.023   0.000   0.000   0.000   0.000   0.000   0.000 437823200
 7.02   4.48   35.044
 7.02   7.00    0.355    0.392
 7.02   7.00    0.747   40.664
 7.02   7.00    0.727    0.202   0.747   0.112
 7.02   7.00    0.728    0.196   0.747   0.106

 7.03   0.00    0.110    0.105   0.049   0.038   0.023   0.000   0.000   0.000   0.000   0.000   0.000 438446900
 7.03   4.49   35.090
 7.03   7.00    0.354    0.392
 7.03   7.00    0.746   40.660
 7.03   7.00    0.727    0.202   0.746   0.112
 7.03   7.00    0.728    0.196   0.746   0.106

 7.04   0.00    0.110    0.104   0.049   0.038   0.023   0.000   0.000   0.000   0.000   0.000   0.000 439070600
 7.04   4.50   35.137
 7.04   7.00    0.354    0.391
 7.04   7.00    0.746   40.656
 7.04   7.00    0.727    0.202   0.746   0.112
 7.04   7.00    0.727    0.196   0.746   0.106

 7.05   0.00    0.110    0.104   0.048   0.038   0.023   0.000   0.000   0.000   0.000   0.000   0.000 439694300
 7.05   4.50   35.183
 7.05   7.00    0.354    0.391
 7.05   7.00    0.745   40.653
 7.05   7.00    0.726    0.202   0.745   0.112
 7.05   7.00    0.727    0.196   0.745   0.106

 7.06   0.00    0.110    0.104   0.048   0.038   0.023   0.000   0.000   0.000   0.000   0.000   0.000 440317900
 7.06   4.51   35.228
 7.06   7.00    0.354    0.391
 7.06   7.00    0.745   40.649
 7.06   7.00    0.726    0.202   0.745   0.112
 7.06   7.00    0.726    0.196   0.745   0.106

 7.07   0.00    0.110    0.104   0.048   0.038   0.023   0.000   0.000   0.000   0.000   0.000   0.000 440941600
 7.07   4.52   35.274
 7.07   7.00    0.354    0.391
 7.07   7.00    0.744   40.645
 7.07   7.00    0.725    0.201   0.744   0.112
 7.07   7.00    0.726    0.196   0.744   0.106

 7.08   0.00    0.110    0.104   0.048   0.038   0.023   0.000   0.000   0.000   0.000   0.000   0.000 441565300
 7.08   4.53   35.319
 7.08   7.00    0.354    0.390
 7.08   7.00    0.744   40.642
 7.08   7.00    0.725    0.201   0.744   0.111
 7.08   7.00    0.726    0.195   0.744   0.106

 7.09   0.00    0.110    0.104   0.048   0.038   0.023   0.000   0.000   0.000   0.000   0.000   0.000 442189000
 7.09   4.54   35.365
 7.09   7.00    0.353    0.390
 7.09   7.00    0.744   40.638
 7.09   7.00    0.725    0.201   0.744   0.111
 7.09   7.00    0.725    0.195   0.744   0.105

 7.10   0.00    0.109    0.104   0.048   0.038   0.023   0.000   0.000   0.000   0.000   0.000   0.000 442812600
 7.10   4.55   35.410
 7.10   7.00    0.353    0.390
 7.10   7.00    0.743   40.634
 7.10   7.00    0.724    0.201   0.743   0.111
 7.10   7.00    0.725    0.195   0.743   0.105

 7.11   0.00    0.109    0.104   0.048   0.038   0.023   0.000   0.000   0.000   0.000   0.000   0.000 443436400
 7.11   4.56   35.455
 7.11   7.00    0.353    0.390
 7.11   7.00    0.743   40.631
 7.11   7.00    0.724    0.201   0.743   0.111
 7.11   7.00    0.724    0.195   0.743   0.105

 7.12   0.00    0.109    0.104   0.048   0.038   0.023   0.000   0.000   0.000   0.000   0.000   0.000 444060000
 7.12   4.56   35.500
 7.12   7.00    0.353    0.389
 7.12   7.00    0.742   40.627
 7.12   7.00    0.723    0.200   0.742   0.111
 7.12   7.00    0.724    0.195   0.742   0.105

 7.13   0.00    0.109    0.103   0.048   0.038   0.023   0.000   0.000   0.000   0.000   0.000   0.000 444683700
 7.13   4.57   35.544
 7.13   7.00    0.353    0.389
 7.13   7.00    0.742   40.623
 7.13   7.00    0.723    0.200   0.742   0.111
 7.13   7.00    0.724    0.195   0.742   0.105

 7.14   0.00    0.109    0.103   0.048   0.038   0.023   0.000   0.000   0.000   0.000   0.000   0.000 445307400
 7.14   4.58   35.589
 7.14   7.00    0.353    0.389
 7.14   7.00    0.742   40.620
 7.14   7.00    0.723    0.200   0.742   0.111
 7.14   7.00    0.723    0.194   0.742   0.105

 7.15   0.00    0.109    0.103   0.048   0.038   0.023   0.000   0.000   0.000   0.000   0.000   0.000 445931100
 7.15   4.59   35.633
 7.15   7.00    0.352    0.389
 7.15   7.00    0.741   40.616
 7.15   7.00    0.722    0.200   0.741   0.110
 7.15   7.00    0.723    0.194   0.741   0.105

 7.16   0.00    0.109    0.103   0.048   0.038   0.023   0.000   0.000   0.000   0.000   0.000   0.000 446554700
 7.16   4.60   35.677
 7.16   7.00    0.352    0.389
 7.16   7.00    0.741   40.612
 7.16   7.00    0.722    0.200   0.741   0.110
 7.16   7.00    0.722    0.194   0.741   0.105

 7.17   0.00    0.108    0.103   0.048   0.038   0.023   0.000   0.000   0.000   0.000   0.000   0.000 447178400
 7.17   4.60   35.714
 7.17   7.00    0.352    0.388
 7.17   7.00    0.740   40.609
 7.17   7.00    0.721    0.200   0.740   0.110
 7.17   7.00    0.722    0.194   0.740   0.104

 7.18   0.00    0.108    0.103   0.047   0.038   0.023   0.000   0.000   0.000   0.000   0.000   0.000 447802100
 7.18   4.60   35.719
 7.18   7.00    0.352    0.388
 7.18   7.00    0.740   40.605
 7.18   7.00    0.721    0.199   0.740   0.110
 7.18   7.00    0.722    0.194   0.740   0.104

 7.19   0.00    0.108    0.103   0.047   0.038   0.022   0.000   0.000   0.000   0.000   0.000   0.000 448425800
 7.19   4.60   35.724
 7.19   7.00    0.352    0.388
 7.19   7.00    0.739   40.601
 7.19   7.00    0.721    0.199   0.739   0.110
 7.19   7.00    0.721    0.194   0.739   0.104

 7.20   0.00    0.108    0.103   0.047   0.038   0.022   0.000   0.000   0.000   0.000   0.000   0.000 449049400
 7.20   4.60   35.729
 7.20   7.00    0.352    0.388
 7.20   7.00    0.739   40.598
 7.20   7.00    0.720    0.199   0.739   0.110
 7.20   7.00    0.721    0.193   0.739   0.104

 7.21   0.00    0.108    0.102   0.047   0.038   0.022   0.000   0.000   0.000   0.000   0.000   0.000 449673200
 7.21   4.60   35.734
 7.21   7.00    0.351    0.387
 7.21   7.00    0.739   40.594
 7.21   7.00    0.720    0.199   0.739   0.110
 7.21   7.00    0.720    0.193   0.739   0.104

 7.22   0.00    0.108    0.102   0.047   0.038   0.022   0.000   0.000   0.000   0.000   0.000   0.000 450296800
 7.22   4.60   35.740
 7.22   7.00    0.351    0.387
 7.22   7.00    0.738   40.590
 7.22   7.00    0.719    0.199   0.738   0.109
 7.22   7.00    0.720    0.193   0.738   0.104

 7.23   0.00    0.108    0.102   0.047   0.038   0.022   0.000   0.000   0.000   0.000   0.000   0.000 450920500
 7.23   4.60   35.745
 7.23   7.00    0.351    0.387
 7.23   7.00    0.738   40.587
 7.23   7.00    0.719    0.198   0.738   0.109
 7.23   7.00    0.720    0.193   0.738   0.104

 7.24   0.00    0.108    0.102   0.047   0.038   0.022   0.000   0.000   0.000   0.000   0.000   0.000 451544200
 7.24   4.60   35.750
 7.24   7.00    0.351    0.387
 7.24   7.00    0.737   40.583
 7.24   7.00    0.719    0.198   0.737   0.109
 7.24   7.00    0.719    0.193   0.737   0.104

 7.25   0.00    0.107    0.102   0.047   0.038   0.022   0.000   0.000   0.000   0.000   0.000   0.000 452167800
 7.25   4.60   35.755
 7.25   7.00    0.351    0.386
 7.25   7.00    0.737   40.580
 7.25   7.00    0.718    0.198   0.737   0.109
 7.25   7.00    0.719    0.193   0.737   0.104

 7.26   0.00    0.107    0.102   0.047   0.038   0.022   0.000   0.000   0.000   0.000   0.000   0.000 452791600
 7.26   4.60   35.760
 7.26   7.00    0.351    0.386
 7.26   7.00    0.737   40.576
 7.26   7.00    0.718    0.198   0.737   0.109
 7.26   7.00    0.719    0.192   0.737   0.103

 7.27   0.00    0.107    0.102   0.047   0.038   0.022   0.000   0.000   0.000   0.000   0.000   0.000 453415200
 7.27   4.60   35.766
 7.27   7.00    0.350    0.386
 7.27   7.00    0.736   40.572
 7.27   7.00    0.718    0.198   0.736   0.109
 7.27   7.00    0.718    0.192   0.736   0.103

 7.28   0.00    0.107    0.102   0.047   0.038   0.022   0.000   0.000   0.000   0.000   0.000   0.000 454038900
 7.28   4.60   35.771
 7.28   7.00    0.350    0.386
 7.28   7.00    0.736   40.569
 7.28   7.00    0.717    0.197   0.736   0.109
 7.28   7.00    0.718    0.192   0.736   0.103

 7.29   0.00    0.107    0.102   0.047   0.038   0.022   0.000   0.000   0.000   0.000   0.000   0.000 454662600
 7.29   4.60   35.776
 7.29   7.00    0.350    0.385
 7.29   7.00    0.735   40.565
 7.29   7.00    0.717    0.197   0.735   0.108
 7.29   7.00    0.717    0.192   0.735   0.103

 7.30   0.00    0.107    0.101   0.047   0.038   0.022   0.000   0.000   0.000   0.000   0.000   0.000 455286300
 7.30   4.60   35.781
 7.30   7.00    0.350    0.385
 7.30   7.00    0.735   40.561
 7.30   7.00    0.716    0.197   0.735   0.108
 7.30   7.00    0.717    0.192   0.735   0.103

 7.31   0.00    0.107    0.101   0.046   0.038   0.022   0.000   0.000   0.000   0.000   0.000   0.000 455909900
 7.31   4.60   35.787
 7.31   7.00    0.350    0.385
 7.31   7.00    0.735   40.558
 7.31   7.00    0.716    0.197   0.735   0.108
 7.31   7.00    0.717    0.192   0.735   0.103

 7.32   0.00    0.106    0.101   0.046   0.038   0.022   0.000   0.000   0.000   0.000   0.000   0.000 456533600
 7.32   4.60   35.792
 7.32   7.00    0.350    0.385
 7.32   7.00    0.734   40.554
 7.32   7.00    0.716    0.197   0.734   0.108
 7.32   7.00    0.716    0.191   0.734   0.103

 7.33   0.00    0.106    0.101   0.046   0.038   0.022   0.000   0.000   0.000   0.000   0.000   0.000 457157300
 7.33   4.60   35.797
 7.33   7.00    0.349    0.384
 7.33   7.00    0.734   40.551
 7.33   7.00    0.715    0.197   0.734   0.108
 7.33   7.00    0.716    0.191   0.734   0.103

 7.34   0.00    0.106    0.101   0.046   0.038   0.022   0.000   0.000   0.000   0.000   0.000   0.000 457781000
 7.34   4.60   35.802
 7.34   7.00    0.349    0.384
 7.34   7.00    0.733   40.547
 7.34   7.00    0.715    0.196   0.733   0.108
 7.34   7.00    0.716    0.191   0.733   0.103

 7.35   0.00    0.106    0.101   0.046   0.038   0.022   0.000   0.000   0.000   0.000   0.000   0.000 458404600
 7.35   4.60   35.808
 7.35   7.00    0.349    0.384
 7.35   7.00    0.733   40.543
 7.35   7.00    0.714    0.196   0.733   0.108
 7.35   7.00    0.715    0.191   0.733   0.102

 7.36   0.00    0.106    0.101   0.046   0.038   0.022   0.000   0.000   0.000   0.000   0.000   0.000 459028400
 7.36   4.60   35.813
 7.36   7.00    0.349    0.384
 7.36   7.00    0.733   40.540
 7.36   7.00    0.714    0.196   0.733   0.108
 7.36   7.00    0.715    0.191   0.733   0.102

 7.37   0.00    0.106    0.101   0.046   0.038   0.022   0.000   0.000   0.000   0.000   0.000   0.000 459652000
 7.37   4.60   35.818
 7.37   7.00    0.349    0.384
 7.37   7.00    0.732   40.536
 7.37   7.00    0.714    0.196   0.732   0.107
 7.37   7.00    0.714    0.191   0.732   0.102

 7.38   0.00    0.106    0.101   0.046   0.038   0.021   0.000   0.000   0.000   0.000   0.000   0.000 460275700
 7.38   4.60   35.823
 7.38   7.00    0.349    0.383
 7.38   7.00    0.732   40.533
 7.38   7.00    0.713    0.196   0.732   0.107
 7.38   7.00    0.714    0.190   0.732   0.102

 7.39   0.00    0.106    0.100   0.046   0.038   0.021   0.000   0.000   0.000   0.000   0.000   0.000 460899400
 7.39   4.60   35.829
 7.39   7.00    0.348    0.383
 7.39   7.00    0.732   40.529
 7.39   7.00    0.713    0.195   0.732   0.107
 7.39   7.00    0.714    0.190   0.732   0.102

 7.40   0.00    0.105    0.100   0.046   0.038   0.021   0.000   0.000   0.000   0.000   0.000   0.000 461523100
 7.40   4.60   35.834
 7.40   7.00    0.348    0.383
 7.40   7.00    0.731   40.526
 7.40   7.00    0.713    0.195   0.731   0.107
 7.40   7.00    0.713    0.190   0.731   0.102

 7.41   0.00    0.105    0.100   0.046   0.038   0.021   0.000   0.000   0.000   0.000   0.000   0.000 462146700
 7.41   4.60   35.839
 7.41   7.00    0.348    0.383
 7.41   7.00    0.731   40.522
 7.41   7.00    0.712    0.195   0.731   0.107
 7.41   7.00    0.713    0.190   0.731   0.102

 7.42   0.00    0.105    0.100   0.046   0.038   0.021   0.000   0.000   0.000   0.000   0.000   0.000 462770400
 7.42   4.60   35.845
 7.42   7.00    0.348    0.382
 7.42   7.00    0.730   40.518
 7.42   7.00    0.712    0.195   0.730   0.107
 7.42   7.00    0.713    0.190   0.730   0.102

 7.43   0.00    0.105    0.100   0.046   0.038   0.021   0.000   0.000   0.000   0.000   0.000   0.000 463394100
 7.43   4.60   35.850
 7.43   7.00    0.348    0.382
 7.43   7.00    0.730   40.515
 7.43   7.00    0.712    0.195   0.730   0.107
 7.43   7.00    0.712    0.190   0.730   0.101

 7.44   0.00    0.105    0.100   0.046   0.038   0.021   0.000   0.000   0.000   0.000   0.000   0.000 464017800
 7.44   4.60   35.855
 7.44   7.00    0.348    0.382
 7.44   7.00    0.730   40.511
 7.44   7.00    0.711    0.195   0.730   0.106
 7.44   7.00    0.712    0.190   0.730   0.101

 7.45   0.00    0.105    0.100   0.045   0.038   0.021   0.000   0.000   0.000   0.000   0.000   0.000 464641400
 7.45   4.60   35.861
 7.45   7.00    0.347    0.382
 7.45   7.00    0.729   40.508
 7.45   7.00    0.711    0.194   0.729   0.106
 7.45   7.00    0.711    0.189   0.729   0.101

 7.46   0.00    0.105    0.100   0.045   0.038   0.021   0.000   0.000   0.000   0.000   0.000   0.000 465265100
 7.46   4.60   35.866
 7.46   7.00    0.347    0.382
 7.46   7.00    0.729   40.504
 7.46   7.00    0.710    0.194   0.729   0.106
 7.46   7.00    0.711    0.189   0.729   0.101

 7.47   0.00    0.105    0.100   0.045   0.038   0.021   0.000   0.000   0.000   0.000   0.000   0.000 465888800
 7.47   4.60   35.871
 7.47   7.00    0.347    0.381
 7.47   7.00    0.728   40.501
 7.47   7.00    0.710    0.194   0.728   0.106
 7.47   7.00    0.711    0.189   0.728   0.101

 7.48   0.00    0.104    0.099   0.045   0.038   0.021   0.000   0.000   0.000   0.000   0.000   0.000 466512500
 7.48   4.60   35.877
 7.48   7.00    0.347    0.381
 7.48   7.00    0.728   40.497
 7.48   7.00    0.710    0.194   0.728   0.106
 7.48   7.00    0.710    0.189   0.728   0.101

 7.49   0.00    0.104    0.099   0.045   0.038   0.021   0.000   0.000   0.000   0.000   0.000   0.000 467136200
 7.49   4.60   35.882
 7.49   7.00    0.347    0.381
 7.49   7.00    0.728   40.494
 7.49   7.00    0.709    0.194   0.728   0.106
 7.49   7.00    0.710    0.189   0.728   0.101

 7.50   0.00    0.104    0.099   0.045   0.038   0.021   0.000   0.000   0.000   0.000   0.000   0.000 467759800
 7.50   4.60   35.887
 7.50   7.00    0.347    0.381
 7.50   7.00    0.727   40.490
 7.50   7.00    0.709    0.194   0.727   0.106
 7.50   7.00    0.710    0.189   0.727   0.101

 7.51   0.00    0.104    0.099   0.045   0.038   0.021   0.000   0.000   0.000   0.000   0.000   0.000 468383600
 7.51   4.60   35.893
 7.51   7.00    0.347    0.380
 7.51   7.00    0.727   40.487
 7.51   7.00    0.709    0.193   0.727   0.106
 7.51   7.00    0.709    0.188   0.727   0.101

 7.52   0.00    0.104    0.099   0.045   0.038   0.021   0.000   0.000   0.000   0.000   0.000   0.000 469007200
 7.52   4.60   35.898
 7.52   7.00    0.346    0.380
 7.52   7.00    0.727   40.483
 7.52   7.00    0.708    0.193   0.727   0.105
 7.52   7.00    0.709    0.188   0.727   0.100

 7.53   0.00    0.104    0.099   0.045   0.038   0.021   0.000   0.000   0.000   0.000   0.000   0.000 469630900
 7.53   4.60   35.903
 7.53   7.00    0.346    0.380
 7.53   7.00    0.726   40.480
 7.53   7.00    0.708    0.193   0.726   0.105
 7.53   7.00    0.709    0.188   0.726   0.100

 7.54   0.00    0.104    0.099   0.045   0.038   0.021   0.000   0.000   0.000   0.000   0.000   0.000 470254600
 7.54   4.60   35.909
 7.54   7.00    0.346    0.380
 7.54   7.00    0.726   40.476
 7.54   7.00    0.708    0.193   0.726   0.105
 7.54   7.00    0.708    0.188   0.726   0.100

 7.55   0.00    0.103    0.099   0.045   0.038   0.021   0.000   0.000   0.000   0.000   0.000   0.000 470878300
 7.55   4.60   35.914
 7.55   7.00    0.346    0.380
 7.55   7.00    0.725   40.472
 7.55   7.00    0.707    0.193   0.725   0.105
 7.55   7.00    0.708    0.188   0.725   0.100

 7.56   0.00    0.103    0.099   0.045   0.038   0.021   0.000   0.000   0.000   0.000   0.000   0.000 471501900
 7.56   4.60   35.919
 7.56   7.00    0.346    0.379
 7.56   7.00    0.725   40.469
 7.56   7.00    0.707    0.193   0.725   0.105
 7.56   7.00    0.707    0.188   0.725   0.100

 7.57   0.00    0.103    0.098   0.045   0.038   0.020   0.000   0.000   0.000   0.000   0.000   0.000 472125600
 7.57   4.60   35.925
 7.57   7.00    0.346    0.379
 7.57   7.00    0.725   40.465
 7.57   7.00    0.706    0.192   0.725   0.105
 7.57   7.00    0.707    0.187   0.725   0.100

 7.58   0.00    0.103    0.098   0.045   0.038   0.020   0.000   0.000   0.000   0.000   0.000   0.000 472749300
 7.58   4.60   35.930
 7.58   7.00    0.345    0.379
 7.58   7.00    0.724   40.462
 7.58   7.00    0.706    0.192   0.724   0.105
 7.58   7.00    0.707    0.187   0.724   0.100

 7.59   0.00    0.103    0.098   0.044   0.038   0.020   0.000   0.000   0.000   0.000   0.000   0.000 473373000
 7.59   4.60   35.936
 7.59   7.00    0.345    0.379
 7.59   7.00    0.724   40.459
 7.59   7.00    0.706    0.192   0.724   0.105
 7.59   7.00    0.706    0.187   0.724   0.100

 7.60   0.00    0.103    0.098   0.044   0.038   0.020   0.000   0.000   0.000   0.000   0.000   0.000 473996600
 7.60   4.60   35.941
 7.60   7.00    0.345    0.378
 7.60   7.00    0.724   40.455
 7.60   7.00    0.705    0.192   0.724   0.104
 7.60   7.00    0.706    0.187   0.724   0.100

 7.61   0.00    0.103    0.098   0.044   0.038   0.020   0.000   0.000   0.000   0.000   0.000   0.000 474620300
 7.61   4.60   35.947
 7.61   7.00    0.345    0.378
 7.61   7.00    0.723   40.452
 7.61   7.00    0.705    0.192   0.723   0.104
 7.61   7.00    0.706    0.187   0.723   0.099

 7.62   0.00    0.103    0.098   0.044   0.038   0.020   0.000   0.000   0.000   0.000   0.000   0.000 475244000
 7.62   4.60   35.952
 7.62   7.00    0.345    0.378
 7.62   7.00    0.723   40.448
 7.62   7.00    0.705    0.191   0.723   0.104
 7.62   7.00    0.705    0.187   0.723   0.099

 7.63   0.00    0.102    0.098   0.044   0.038   0.020   0.000   0.000   0.000   0.000   0.000   0.000 475867700
 7.63   4.60   35.957
 7.63   7.00    0.345    0.378
 7.63   7.00    0.722   40.445
 7.63   7.00    0.704    0.191   0.722   0.104
 7.63   7.00    0.705    0.187   0.722   0.099

 7.64   0.00    0.102    0.098   0.044   0.038   0.020   0.000   0.000   0.000   0.000   0.000   0.000 476491400
 7.64   4.60   35.963
 7.64   7.00    0.344    0.378
 7.64   7.00    0.722   40.441
 7.64   7.00    0.704    0.191   0.722   0.104
 7.64   7.00    0.705    0.186   0.722   0.099

 7.65   0.00    0.102    0.098   0.044   0.038   0.020   0.000   0.000   0.000   0.000   0.000   0.000 477115000
 7.65   4.60   35.968
 7.65   7.00    0.344    0.377
 7.65   7.00    0.722   40.438
 7.65   7.00    0.704    0.191   0.722   0.104
 7.65   7.00    0.704    0.186   0.722   0.099

 7.66   0.00    0.102    0.097   0.044   0.038   0.020   0.000   0.000   0.000   0.000   0.000   0.000 477738700
 7.66   4.60   35.974
 7.66   7.00    0.344    0.377
 7.66   7.00    0.721   40.434
 7.66   7.00    0.703    0.191   0.721   0.104
 7.66   7.00    0.704    0.186   0.721   0.099

 7.67   0.00    0.102    0.097   0.044   0.038   0.020   0.000   0.000   0.000   0.000   0.000   0.000 478362400
 7.67   4.60   35.979
 7.67   7.00    0.344    0.377
 7.67   7.00    0.721   40.431
 7.67   7.00    0.703    0.191   0.721   0.104
 7.67   7.00    0.704    0.186   0.721   0.099

 7.68   0.00    0.102    0.097   0.044   0.038   0.020   0.000   0.000   0.000   0.000   0.000   0.000 478986100
 7.68   4.60   35.985
 7.68   7.00    0.344    0.377
 7.68   7.00    0.721   40.427
 7.68   7.00    0.703    0.190   0.721   0.103
 7.68   7.00    0.703    0.186   0.721   0.099

 7.69   0.00    0.102    0.097   0.044   0.038   0.020   0.000   0.000   0.000   0.000   0.000   0.000 479609800
 7.69   4.60   35.990
 7.69   7.00    0.344    0.377
 7.69   7.00    0.720   40.424
 7.69   7.00    0.702    0.190   0.720   0.103
 7.69   7.00    0.703    0.186   0.720   0.099

 7.70   0.00    0.102    0.097   0.044   0.038   0.020   0.000   0.000   0.000   0.000   0.000   0.000 480233400
 7.70   4.60   35.996
 7.70   7.00    0.344    0.376
 7.70   7.00    0.720   40.420
 7.70   7.00    0.702    0.190   0.720   0.103
 7.70   7.00    0.703    0.185   0.720   0.098

 7.71   0.00    0.102    0.097   0.044   0.038   0.020   0.000   0.000   0.000   0.000   0.000   0.000 480857100
 7.71   4.60   36.001
 7.71   7.00    0.343    0.376
 7.71   7.00    0.720   40.417
 7.71   7.00    0.702    0.190   0.720   0.103
 7.71   7.00    0.702    0.185   0.720   0.098

 7.72   0.00    0.101    0.097   0.044   0.038   0.020   0.000   0.000   0.000   0.000   0.000   0.000 481480800
 7.72   4.60   36.007
 7.72   7.00    0.343    0.376
 7.72   7.00    0.719   40.414
 7.72   7.00    0.701    0.190   0.719   0.103
 7.72   7.00    0.702    0.185   0.719   0.098

 7.73   0.00    0.101    0.097   0.044   0.038   0.020   0.000   0.000   0.000   0.000   0.000   0.000 482104500
 7.73   4.60   36.012
 7.73   7.00    0.343    0.376
 7.73   7.00    0.719   40.410
 7.73   7.00    0.701    0.190   0.719   0.103
 7.73   7.00    0.702    0.185   0.719   0.098

 7.74   0.00    0.101    0.097   0.043   0.038   0.020   0.000   0.000   0.000   0.000   0.000   0.000 482728200
 7.74   4.60   36.018
 7.74   7.00    0.343    0.376
 7.74   7.00    0.719   40.407
 7.74   7.00    0.701    0.189   0.719   0.103
 7.74   7.00    0.701    0.185   0.719   0.098

 7.75   0.00    0.101    0.096   0.043   0.038   0.020   0.000   0.000   0.000   0.000   0.000   0.000 483351800
 7.75   4.60   36.023
 7.75   7.00    0.343    0.375
 7.75   7.00    0.718   40.403
 7.75   7.00    0.700    0.189   0.718   0.103
 7.75   7.00    0.701    0.185   0.718   0.098

 7.76   0.00    0.101    0.096   0.043   0.038   0.020   0.000   0.000   0.000   0.000   0.000   0.000 483975600
 7.76   4.60   36.029
 7.76   7.00    0.343    0.375
 7.76   7.00    0.718   40.400
 7.76   7.00    0.700    0.189   0.718   0.102
 7.76   7.00    0.701    0.185   0.718   0.098

 7.77   0.00    0.101    0.096   0.043   0.038   0.020   0.000   0.000   0.000   0.000   0.000   0.000 484599200
 7.77   4.60   36.034
 7.77   7.00    0.342    0.375
 7.77   7.00    0.717   40.397
 7.77   7.00    0.700    0.189   0.717   0.102
 7.77   7.00    0.700    0.184   0.717   0.098

 7.78   0.00    0.101    0.096   0.043   0.038   0.019   0.000   0.000   0.000   0.000   0.000   0.000 485222900
 7.78   4.60   36.040
 7.78   7.00    0.342    0.375
 7.78   7.00    0.717   40.393
 7.78   7.00    0.699    0.189   0.717   0.102
 7.78   7.00    0.700    0.184   0.717   0.098

 7.79   0.00    0.101    0.096   0.043   0.038   0.019   0.000   0.000   0.000   0.000   0.000   0.000 485846600
 7.79   4.60   36.045
 7.79   7.00    0.342    0.375
 7.79   7.00    0.717   40.390
 7.79   7.00    0.699    0.189   0.717   0.102
 7.79   7.00    0.700    0.184   0.717   0.097

 7.80   0.00    0.100    0.096   0.043   0.038   0.019   0.000   0.000   0.000   0.000   0.000   0.000 486470200
 7.80   4.60   36.051
 7.80   7.00    0.342    0.374
 7.80   7.00    0.716   40.387
 7.80   7.00    0.699    0.189   0.716   0.102
 7.80   7.00    0.699    0.184   0.716   0.097

 7.81   0.00    0.100    0.096   0.043   0.038   0.019   0.000   0.000   0.000   0.000   0.000   0.000 487093900
 7.81   4.60   36.056
 7.81   7.00    0.342    0.374
 7.81   7.00    0.716   40.383
 7.81   7.00    0.698    0.188   0.716   0.102
 7.81   7.00    0.699    0.184   0.716   0.097

 7.82   0.00    0.100    0.096   0.043   0.038   0.019   0.000   0.000   0.000   0.000   0.000   0.000 487717600
 7.82   4.60   36.062
 7.82   7.00    0.342    0.374
 7.82   7.00    0.716   40.380
 7.82   7.00    0.698    0.188   0.716   0.102
 7.82   7.00    0.699    0.184   0.716   0.097

 7.83   0.00    0.100    0.096   0.043   0.038   0.019   0.000   0.000   0.000   0.000   0.000   0.000 488341300
 7.83   4.60   36.068
 7.83   7.00    0.342    0.374
 7.83   7.00    0.715   40.376
 7.83   7.00    0.698    0.188   0.715   0.102
 7.83   7.00    0.698    0.183   0.715   0.097

 7.84   0.00    0.100    0.095   0.043   0.038   0.019   0.000   0.000   0.000   0.000   0.000   0.000 488965000
 7.84   4.60   36.073
 7.84   7.00    0.341    0.374
 7.84   7.00    0.715   40.373
 7.84   7.00    0.697    0.188   0.715   0.101
 7.84   7.00    0.698    0.183   0.715   0.097

 7.85   0.00    0.100    0.095   0.043   0.038   0.019   0.000   0.000   0.000   0.000   0.000   0.000 489588600
 7.85   4.60   36.079
 7.85   7.00    0.341    0.373
 7.85   7.00    0.715   40.370
 7.85   7.00    0.697    0.188   0.715   0.101
 7.85   7.00    0.698    0.183   0.715   0.097

 7.86   0.00    0.100    0.095   0.043   0.038   0.019   0.000   0.000   0.000   0.000   0.000   0.000 490212300
 7.86   4.60   36.084
 7.86   7.00    0.341    0.373
 7.86   7.00    0.714   40.366
 7.86   7.00    0.697    0.188   0.714   0.101
 7.86   7.00    0.697    0.183   0.714   0.097

 7.87   0.00    0.100    0.095   0.043   0.038   0.019   0.000   0.000   0.000   0.000   0.000   0.000 490836000
 7.87   4.60   36.090
 7.87   7.00    0.341    0.373
 7.87   7.00    0.714   40.363
 7.87   7.00    0.696    0.187   0.714   0.101
 7.87   7.00    0.697    0.183   0.714   0.097

 7.88   0.00    0.100    0.095   0.043   0.038   0.019   0.000   0.000   0.000   0.000   0.000   0.000 491459700
 7.88   4.60   36.096
 7.88   7.00    0.341    0.373
 7.88   7.00    0.714   40.360
 7.88   7.00    0.696    0.187   0.714   0.101
 7.88   7.00    0.697    0.183   0.714   0.096

 7.89   0.00    0.099    0.095   0.043   0.038   0.019   0.000   0.000   0.000   0.000   0.000   0.000 492083400
 7.89   4.60   36.101
 7.89   7.00    0.341    0.373
 7.89   7.00    0.713   40.356
 7.89   7.00    0.696    0.187   0.713   0.101
 7.89   7.00    0.696    0.183   0.713   0.096

 7.90   0.00    0.099    0.095   0.042   0.038   0.019   0.000   0.000   0.000   0.000   0.000   0.000 492707000
 7.90   4.60   36.107
 7.90   7.00    0.341    0.372
 7.90   7.00    0.713   40.353
 7.90   7.00    0.695    0.187   0.713   0.101
 7.90   7.00    0.696    0.182   0.713   0.096

 7.91   0.00    0.099    0.095   0.042   0.038   0.019   0.000   0.000   0.000   0.000   0.000   0.000 493330700
 7.91   4.60   36.113
 7.91   7.00    0.340    0.372
 7.91   7.00    0.713   40.350
 7.91   7.00    0.695    0.187   0.713   0.101
 7.91   7.00    0.696    0.182   0.713   0.096

 7.92   0.00    0.099    0.095   0.042   0.038   0.019   0.000   0.000   0.000   0.000   0.000   0.000 493954400
 7.92   4.60   36.118
 7.92   7.00    0.340    0.372
 7.92   7.00    0.712   40.346
 7.92   7.00    0.695    0.187   0.712   0.101
 7.92   7.00    0.695    0.182   0.712   0.096

 7.93   0.00    0.099    0.095   0.042   0.038   0.019   0.000   0.000   0.000   0.000   0.000   0.000 494578100
 7.93   4.60   36.124
 7.93   7.00    0.340    0.372
 7.93   7.00    0.712   40.343
 7.93   7.00    0.694    0.186   0.712   0.100
 7.93   7.00    0.695    0.182   0.712   0.096

 7.94   0.00    0.099    0.094   0.042   0.038   0.019   0.000   0.000   0.000   0.000   0.000   0.000 495201800
 7.94   4.60   36.129
 7.94   7.00    0.340    0.372
 7.94   7.00    0.712   40.340
 7.94   7.00    0.694    0.186   0.712   0.100
 7.94   7.00    0.695    0.182   0.712   0.096

 7.95   0.00    0.099    0.094   0.042   0.038   0.019   0.000   0.000   0.000   0.000   0.000   0.000 495825400
 7.95   4.60   36.135
 7.95   7.00    0.340    0.371
 7.95   7.00    0.711   40.337
 7.95   7.00    0.694    0.186   0.711   0.100
 7.95   7.00    0.694    0.182   0.711   0.096

 7.96   0.00    0.099    0.094   0.042   0.038   0.019   0.000   0.000   0.000   0.000   0.000   0.000 496449100
 7.96   4.60   36.141
 7.96   7.00    0.340    0.371
 7.96   7.00    0.711   40.333
 7.96   7.00    0.693    0.186   0.711   0.100
 7.96   7.00    0.694    0.182   0.711   0.096

 7.97   0.00    0.099    0.094   0.042   0.038   0.019   0.000   0.000   0.000   0.000   0.000   0.000 497072800
 7.97   4.60   36.147
 7.97   7.00    0.339    0.371
 7.97   7.00    0.711   40.330
 7.97   7.00    0.693    0.186   0.711   0.100
 7.97   7.00    0.694    0.181   0.711   0.096

 7.98   0.00    0.098    0.094   0.042   0.038   0.019   0.000   0.000   0.000   0.000   0.000   0.000 497696500
 7.98   4.60   36.152
 7.98   7.00    0.339    0.371
 7.98   7.00    0.710   40.327
 7.98   7.00    0.693    0.186   0.710   0.100
 7.98   7.00    0.693    0.181   0.710   0.095

 7.99   0.00    0.098    0.094   0.042   0.038   0.019   0.000   0.000   0.000   0.000   0.000   0.000 498320200
 7.99   4.60   36.158
 7.99   7.00    0.339    0.371
 7.99   7.00    0.710   40.324
 7.99   7.00    0.692    0.186   0.710   0.100
 7.99   7.00    0.693    0.181   0.710   0.095

 8.00   0.00    0.098    0.094   0.042   0.038   0.019   0.000   0.000   0.000   0.000   0.000   0.000 498943800
 8.00   4.60   36.164
 8.00   7.00    0.339    0.371
 8.00   7.00    0.710   40.320
 8.00   7.00    0.692    0.185   0.710   0.100
 8.00   7.00    0.693    0.181   0.710   0.095

 8.01   0.00    0.098    0.094   0.042   0.038   0.018   0.000   0.000   0.000   0.000   0.000   0.000 499567500
 8.01   4.60   36.169
 8.01   7.00    0.339    0.370
 8.01   7.00    0.709   40.317
 8.01   7.00    0.692    0.185   0.709   0.100
 8.01   7.00    0.692    0.181   0.709   0.095

 8.02   0.00    0.098    0.094   0.042   0.038   0.018   0.000   0.000   0.000   0.000   0.000   0.000 500191200
 8.02   4.60   36.175
 8.02   7.00    0.339    0.370
 8.02   7.00    0.709   40.314
 8.02   7.00    0.692    0.185   0.709   0.099
 8.02   7.00    0.692    0.181   0.709   0.095

 8.03   0.00    0.098    0.094   0.042   0.038   0.018   0.000   0.000   0.000   0.000   0.000   0.000 500814800
 8.03   4.60   36.181
 8.03   7.00    0.339    0.370
 8.03   7.00    0.709   40.311
 8.03   7.00    0.691    0.185   0.709   0.099
 8.03   7.00    0.692    0.181   0.709   0.095

 8.04   0.00    0.098    0.093   0.042   0.038   0.018   0.000   0.000   0.000   0.000   0.000   0.000 501438600
 8.04   4.60   36.187
 8.04   7.00    0.338    0.370
 8.04   7.00    0.708   40.307
 8.04   7.00    0.691    0.185   0.708   0.099
 8.04   7.00    0.691    0.180   0.708   0.095

 8.05   0.00    0.098    0.093   0.042   0.038   0.018   0.000   0.000   0.000   0.000   0.000   0.000 502062200
 8.05   4.60   36.192
 8.05   7.00    0.338    0.370
 8.05   7.00    0.708   40.304
 8.05   7.00    0.691    0.185   0.708   0.099
 8.05   7.00    0.691    0.180   0.708   0.095

 8.06   0.00    0.098    0.093   0.041   0.038   0.018   0.000   0.000   0.000   0.000   0.000   0.000 502686000
 8.06   4.60   36.198
 8.06   7.00    0.338    0.369
 8.06   7.00    0.708   40.301
 8.06   7.00    0.690    0.184   0.708   0.099
 8.06   7.00    0.691    0.180   0.708   0.095

 8.07   0.00    0.097    0.093   0.041   0.038   0.018   0.000   0.000   0.000   0.000   0.000   0.000 503309600
 8.07   4.60   36.204
 8.07   7.00    0.338    0.369
 8.07   7.00    0.707   40.298
 8.07   7.00    0.690    0.184   0.707   0.099
 8.07   7.00    0.690    0.180   0.707   0.095

 8.08   0.00    0.097    0.093   0.041   0.038   0.018   0.000   0.000   0.000   0.000   0.000   0.000 503933300
 8.08   4.60   36.210
 8.08   7.00    0.338    0.369
 8.08   7.00    0.707   40.295
 8.08   7.00    0.690    0.184   0.707   0.099
 8.08   7.00    0.690    0.180   0.707   0.094

 8.09   0.00    0.097    0.093   0.041   0.038   0.018   0.000   0.000   0.000   0.000   0.000   0.000 504557000
 8.09   4.60   36.215
 8.09   7.00    0.338    0.369
 8.09   7.00    0.707   40.291
 8.09   7.00    0.689    0.184   0.707   0.099
 8.09   7.00    0.690    0.180   0.707   0.094

 8.10   0.00    0.097    0.093   0.041   0.038   0.018   0.000   0.000   0.000   0.000   0.000   0.000 505180700
 8.10   4.60   36.221
 8.10   7.00    0.338    0.369
 8.10   7.00    0.706   40.288
 8.10   7.00    0.689    0.184   0.706   0.099
 8.10   7.00    0.690    0.180   0.706   0.094

 8.11   0.00    0.097    0.093   0.041   0.038   0.018   0.000   0.000   0.000   0.000   0.000   0.000 505804300
 8.11   4.60   36.227
 8.11   7.00    0.337    0.369
 8.11   7.00    0.706   40.285
 8.11   7.00    0.689    0.184   0.706   0.098
 8.11   7.00    0.689    0.179   0.706   0.094

 8.12   0.00    0.097    0.093   0.041   0.038   0.018   0.000   0.000   0.000   0.000   0.000   0.000 506428000
 8.12   4.60   36.233
 8.12   7.00    0.337    0.368
 8.12   7.00    0.706   40.282
 8.12   7.00    0.688    0.184   0.706   0.098
 8.12   7.00    0.689    0.179   0.706   0.094

 8.13   0.00    0.097    0.093   0.041   0.038   0.018   0.000   0.000   0.000   0.000   0.000   0.000 507051700
 8.13   4.60   36.239
 8.13   7.00    0.337    0.368
 8.13   7.00    0.705   40.279
 8.13   7.00    0.688    0.183   0.705   0.098
 8.13   7.00    0.689    0.179   0.705   0.094

 8.14   0.00    0.097    0.092   0.041   0.038   0.018   0.000   0.000   0.000   0.000   0.000   0.000 507675400
 8.14   4.60   36.245
 8.14   7.00    0.337    0.368
 8.14   7.00    0.705   40.275
 8.14   7.00    0.688    0.183   0.705   0.098
 8.14   7.00    0.688    0.179   0.705   0.094

 8.15   0.00    0.097    0.092   0.041   0.038   0.018   0.000   0.000   0.000   0.000   0.000   0.000 508299000
 8.15   4.60   36.250
 8.15   7.00    0.337    0.368
 8.15   7.00    0.705   40.272
 8.15   7.00    0.688    0.183   0.705   0.098
 8.15   7.00    0.688    0.179   0.705   0.094

 8.16   0.00    0.096    0.092   0.041   0.038   0.018   0.000   0.000   0.000   0.000   0.000   0.000 508922700
 8.16   4.60   36.256
 8.16   7.00    0.337    0.368
 8.16   7.00    0.704   40.269
 8.16   7.00    0.687    0.183   0.704   0.098
 8.16   7.00    0.688    0.179   0.704   0.094

 8.17   0.00    0.096    0.092   0.041   0.038   0.018   0.000   0.000   0.000   0.000   0.000   0.000 509546400
 8.17   4.60   36.262
 8.17   7.00    0.337    0.367
 8.17   7.00    0.704   40.266
 8.17   7.00    0.687    0.183   0.704   0.098
 8.17   7.00    0.687    0.179   0.704   0.094

 8.18   0.00    0.096    0.092   0.041   0.038   0.018   0.000   0.000   0.000   0.000   0.000   0.000 510170100
 8.18   4.60   36.268
 8.18   7.00    0.336    0.367
 8.18   7.00    0.704   40.263
 8.18   7.00    0.687    0.183   0.704   0.098
 8.18   7.00    0.687    0.179   0.704   0.093

 8.19   0.00    0.096    0.092   0.041   0.038   0.018   0.000   0.000   0.000   0.000   0.000   0.000 510793700
 8.19   4.60   36.274
 8.19   7.00    0.336    0.367
 8.19   7.00    0.703   40.260
 8.19   7.00    0.686    0.183   0.703   0.098
 8.19   7.00    0.687    0.178   0.703   0.093

 8.20   0.00    0.096    0.092   0.041   0.038   0.018   0.000   0.000   0.000   0.000   0.000   0.000 511417400
 8.20   4.60   36.280
 8.20   7.00    0.336    0.367
 8.20   7.00    0.703   40.257
 8.20   7.00    0.686    0.182   0.703   0.097
 8.20   7.00    0.687    0.178   0.703   0.093

 8.21   0.00    0.096    0.092   0.041   0.038   0.018   0.000   0.000   0.000   0.000   0.000   0.000 512041100
 8.21   4.60   36.286
 8.21   7.00    0.336    0.367
 8.21   7.00    0.703   40.254
 8.21   7.00    0.686    0.182   0.703   0.097
 8.21   7.00    0.686    0.178   0.703   0.093

 8.22   0.00    0.096    0.092   0.041   0.038   0.018   0.000   0.000   0.000   0.000   0.000   0.000 512664800
 8.22   4.60   36.292
 8.22   7.00    0.336    0.367
 8.22   7.00    0.702   40.250
 8.22   7.00    0.685    0.182   0.702   0.097
 8.22   7.00    0.686    0.178   0.702   0.093

 8.23   0.00    0.096    0.092   0.040   0.038   0.018   0.000   0.000   0.000   0.000   0.000   0.000 513288400
 8.23   4.60   36.297
 8.23   7.00    0.336    0.366
 8.23   7.00    0.702   40.247
 8.23   7.00    0.685    0.182   0.702   0.097
 8.23   7.00    0.686    0.178   0.702   0.093

 8.24   0.00    0.096    0.091   0.040   0.038   0.018   0.000   0.000   0.000   0.000   0.000   0.000 513912100
 8.24   4.60   36.303
 8.24   7.00    0.336    0.366
 8.24   7.00    0.702   40.244
 8.24   7.00    0.685    0.182   0.702   0.097
 8.24   7.00    0.685    0.178   0.702   0.093

 8.25   0.00    0.096    0.091   0.040   0.038   0.017   0.000   0.000   0.000   0.000   0.000   0.000 514535800
 8.25   4.60   36.309
 8.25   7.00    0.335    0.366
 8.25   7.00    0.702   40.241
 8.25   7.00    0.685    0.182   0.702   0.097
 8.25   7.00    0.685    0.178   0.702   0.093

 8.26   0.00    0.095    0.091   0.040   0.038   0.017   0.000   0.000   0.000   0.000   0.000   0.000 515159500
 8.26   4.60   36.315
 8.26   7.00    0.335    0.366
 8.26   7.00    0.701   40.238
 8.26   7.00    0.684    0.182   0.701   0.097
 8.26   7.00    0.685    0.177   0.701   0.093

 8.27   0.00    0.095    0.091   0.040   0.038   0.017   0.000   0.000   0.000   0.000   0.000   0.000 515783200
 8.27   4.60   36.321
 8.27   7.00    0.335    0.366
 8.27   7.00    0.701   40.235
 8.27   7.00    0.684    0.181   0.701   0.097
 8.27   7.00    0.684    0.177   0.701   0.093

 8.28   0.00    0.095    0.091   0.040   0.038   0.017   0.000   0.000   0.000   0.000   0.000   0.000 516406800
 8.28   4.60   36.327
 8.28   7.00    0.335    0.366
 8.28   7.00    0.701   40.232
 8.28   7.00    0.684    0.181   0.701   0.097
 8.28   7.00    0.684    0.177   0.701   0.092

 8.29   0.00    0.095    0.091   0.040   0.038   0.017   0.000   0.000   0.000   0.000   0.000   0.000 517030600
 8.29   4.60   36.333
 8.29   7.00    0.335    0.365
 8.29   7.00    0.700   40.229
 8.29   7.00    0.683    0.181   0.700   0.097
 8.29   7.00    0.684    0.177   0.700   0.092

 8.30   0.00    0.095    0.091   0.040   0.038   0.017   0.000   0.000   0.000   0.000   0.000   0.000 517654200
 8.30   4.60   36.339
 8.30   7.00    0.335    0.365
 8.30   7.00    0.700   40.226
 8.30   7.00    0.683    0.181   0.700   0.096
 8.30   7.00    0.684    0.177   0.700   0.092

 8.31   0.00    0.095    0.091   0.040   0.038   0.017   0.000   0.000   0.000   0.000   0.000   0.000 518278000
 8.31   4.60   36.345
 8.31   7.00    0.335    0.365
 8.31   7.00    0.700   40.223
 8.31   7.00    0.683    0.181   0.700   0.096
 8.31   7.00    0.683    0.177   0.700   0.092

 8.32   0.00    0.095    0.091   0.040   0.038   0.017   0.000   0.000   0.000   0.000   0.000   0.000 518901600
 8.32   4.60   36.351
 8.32   7.00    0.335    0.365
 8.32   7.00    0.699   40.220
 8.32   7.00    0.682    0.181   0.699   0.096
 8.32   7.00    0.683    0.177   0.699   0.092

 8.33   0.00    0.095    0.091   0.040   0.038   0.017   0.000   0.000   0.000   0.000   0.000   0.000 519525300
 8.33   4.60   36.357
 8.33   7.00    0.334    0.365
 8.33   7.00    0.699   40.217
 8.33   7.00    0.682    0.181   0.699   0.096
 8.33   7.00    0.683    0.177   0.699   0.092

 8.34   0.00    0.095    0.091   0.040   0.038   0.017   0.000   0.000   0.000   0.000   0.000   0.000 520149000
 8.34   4.60   36.363
 8.34   7.00    0.334    0.365
 8.34   7.00    0.699   40.214
 8.34   7.00    0.682    0.180   0.699   0.096
 8.34   7.00    0.682    0.176   0.699   0.092

 8.35   0.00    0.094    0.090   0.040   0.038   0.017   0.000   0.000   0.000   0.000   0.000   0.000 520772700
 8.35   4.60   36.369
 8.35   7.00    0.334    0.364
 8.35   7.00    0.698   40.211
 8.35   7.00    0.682    0.180   0.698   0.096
 8.35   7.00    0.682    0.176   0.698   0.092

 8.36   0.00    0.094    0.090   0.040   0.038   0.017   0.000   0.000   0.000   0.000   0.000   0.000 521396300
 8.36   4.60   36.375
 8.36   7.00    0.334    0.364
 8.36   7.00    0.698   40.208
 8.36   7.00    0.681    0.180   0.698   0.096
 8.36   7.00    0.682    0.176   0.698   0.092

 8.37   0.00    0.094    0.090   0.040   0.038   0.017   0.000   0.000   0.000   0.000   0.000   0.000 522020000
 8.37   4.60   36.381
 8.37   7.00    0.334    0.364
 8.37   7.00    0.698   40.205
 8.37   7.00    0.681    0.180   0.698   0.096
 8.37   7.00    0.682    0.176   0.698   0.092

 8.38   0.00    0.094    0.090   0.040   0.038   0.017   0.000   0.000   0.000   0.000   0.000   0.000 522643700
 8.38   4.60   36.387
 8.38   7.00    0.334    0.364
 8.38   7.00    0.698   40.202
 8.38   7.00    0.681    0.180   0.698   0.096
 8.38   7.00    0.681    0.176   0.698   0.092

 8.39   0.00    0.094    0.090   0.040   0.038   0.017   0.000   0.000   0.000   0.000   0.000   0.000 523267400
 8.39   4.61   36.393
 8.39   7.00    0.334    0.364
 8.39   7.00    0.697   40.199
 8.39   7.00    0.680    0.180   0.697   0.096
 8.39   7.00    0.681    0.176   0.697   0.091

 8.40   0.00    0.094    0.090   0.040   0.038   0.017   0.000   0.000   0.000   0.000   0.000   0.000 523891000
 8.40   4.61   36.399
 8.40   7.00    0.333    0.364
 8.40   7.00    0.697   40.196
 8.40   7.00    0.680    0.180   0.697   0.095
 8.40   7.00    0.681    0.176   0.697   0.091

 8.41   0.00    0.094    0.090   0.039   0.038   0.017   0.000   0.000   0.000   0.000   0.000   0.000 524514700
 8.41   4.61   36.405
 8.41   7.00    0.333    0.363
 8.41   7.00    0.697   40.193
 8.41   7.00    0.680    0.180   0.697   0.095
 8.41   7.00    0.680    0.175   0.697   0.091

 8.42   0.00    0.094    0.090   0.039   0.038   0.017   0.000   0.000   0.000   0.000   0.000   0.000 525138400
 8.42   4.61   36.411
 8.42   7.00    0.333    0.363
 8.42   7.00    0.696   40.190
 8.42   7.00    0.680    0.179   0.696   0.095
 8.42   7.00    0.680    0.175   0.696   0.091

 8.43   0.00    0.094    0.090   0.039   0.038   0.017   0.000   0.000   0.000   0.000   0.000   0.000 525762100
 8.43   4.61   36.418
 8.43   7.00    0.333    0.363
 8.43   7.00    0.696   40.187
 8.43   7.00    0.679    0.179   0.696   0.095
 8.43   7.00    0.680    0.175   0.696   0.091

 8.44   0.00    0.094    0.090   0.039   0.038   0.017   0.000   0.000   0.000   0.000   0.000   0.000 526385700
 8.44   4.61   36.424
 8.44   7.00    0.333    0.363
 8.44   7.00    0.696   40.184
 8.44   7.00    0.679    0.179   0.696   0.095
 8.44   7.00    0.680    0.175   0.696   0.091

 8.45   0.00    0.094    0.090   0.039   0.038   0.017   0.000   0.000   0.000   0.000   0.000   0.000 527009400
 8.45   4.61   36.430
 8.45   7.00    0.333    0.363
 8.45   7.00    0.696   40.181
 8.45   7.00    0.679    0.179   0.696   0.095
 8.45   7.00    0.679    0.175   0.696   0.091

 8.46   0.00    0.093    0.089   0.039   0.038   0.017   0.000   0.000   0.000   0.000   0.000   0.000 527633100
 8.46   4.61   36.436
 8.46   7.00    0.333    0.363
 8.46   7.00    0.695   40.178
 8.46   7.00    0.678    0.179   0.695   0.095
 8.46   7.00    0.679    0.175   0.695   0.091

 8.47   0.00    0.093    0.089   0.039   0.038   0.017   0.000   0.000   0.000   0.000   0.000   0.000 528256800
 8.47   4.61   36.442
 8.47   7.00    0.332    0.362
 8.47   7.00    0.695   40.175
 8.47   7.00    0.678    0.179   0.695   0.095
 8.47   7.00    0.679    0.175   0.695   0.091

 8.48   0.00    0.093    0.089   0.039   0.038   0.017   0.000   0.000   0.000   0.000   0.000   0.000 528880400
 8.48   4.61   36.448
 8.48   7.00    0.332    0.362
 8.48   7.00    0.695   40.172
 8.48   7.00    0.678    0.179   0.695   0.095
 8.48   7.00    0.678    0.175   0.695   0.091

 8.49   0.00    0.093    0.089   0.039   0.038   0.017   0.000   0.000   0.000   0.000   0.000   0.000 529504100
 8.49   4.61   36.454
 8.49   7.00    0.332    0.362
 8.49   7.00    0.694   40.169
 8.49   7.00    0.678    0.178   0.694   0.095
 8.49   7.00    0.678    0.174   0.694   0.091

 8.50   0.00    0.093    0.089   0.039   0.038   0.017   0.000   0.000   0.000   0.000   0.000   0.000 530127800
 8.50   4.61   36.460
 8.50   7.00    0.332    0.362
 8.50   7.00    0.694   40.166
 8.50   7.00    0.677    0.178   0.694   0.094
 8.50   7.00    0.678    0.174   0.694   0.090

 8.51   0.00    0.093    0.089   0.039   0.038   0.017   0.000   0.000   0.000   0.000   0.000   0.000 530751500
 8.51   4.61   36.467
 8.51   7.00    0.332    0.362
 8.51   7.00    0.694   40.164
 8.51   7.00    0.677    0.178   0.694   0.094
 8.51   7.00    0.678    0.174   0.694   0.090

 8.52   0.00    0.093    0.089   0.039   0.037   0.016   0.000   0.000   0.000   0.000   0.000   0.000 531375200
 8.52   4.61   36.473
 8.52   7.00    0.332    0.362
 8.52   7.00    0.693   40.161
 8.52   7.00    0.677    0.178   0.693   0.094
 8.52   7.00    0.677    0.174   0.693   0.090

 8.53   0.00    0.093    0.089   0.039   0.037   0.016   0.000   0.000   0.000   0.000   0.000   0.000 531998800
 8.53   4.61   36.479
 8.53   7.00    0.332    0.361
 8.53   7.00    0.693   40.158
 8.53   7.00    0.677    0.178   0.693   0.094
 8.53   7.00    0.677    0.174   0.693   0.090

 8.54   0.00    0.093    0.089   0.039   0.037   0.016   0.000   0.000   0.000   0.000   0.000   0.000 532622600
 8.54   4.61   36.485
 8.54   7.00    0.332    0.361
 8.54   7.00    0.693   40.155
 8.54   7.00    0.676    0.178   0.693   0.094
 8.54   7.00    0.677    0.174   0.693   0.090

 8.55   0.00    0.093    0.089   0.039   0.037   0.016   0.000   0.000   0.000   0.000   0.000   0.000 533246200
 8.55   4.61   36.491
 8.55   7.00    0.331    0.361
 8.55   7.00    0.693   40.152
 8.55   7.00    0.676    0.178   0.693   0.094
 8.55   7.00    0.676    0.174   0.693   0.090

 8.56   0.00    0.092    0.089   0.039   0.037   0.016   0.000   0.000   0.000   0.000   0.000   0.000 533869900
 8.56   4.61   36.497
 8.56   7.00    0.331    0.361
 8.56   7.00    0.692   40.149
 8.56   7.00    0.676    0.178   0.692   0.094
 8.56   7.00    0.676    0.174   0.692   0.090

 8.57   0.00    0.092    0.089   0.039   0.037   0.016   0.000   0.000   0.000   0.000   0.000   0.000 534493600
 8.57   4.61   36.504
 8.57   7.00    0.331    0.361
 8.57   7.00    0.692   40.146
 8.57   7.00    0.675    0.177   0.692   0.094
 8.57   7.00    0.676    0.174   0.692   0.090

 8.58   0.00    0.092    0.088   0.039   0.037   0.016   0.000   0.000   0.000   0.000   0.000   0.000 535117200
 8.58   4.61   36.510
 8.58   7.00    0.331    0.361
 8.58   7.00    0.692   40.143
 8.58   7.00    0.675    0.177   0.692   0.094
 8.58   7.00    0.676    0.173   0.692   0.090

 8.59   0.00    0.092    0.088   0.038   0.037   0.016   0.000   0.000   0.000   0.000   0.000   0.000 535741000
 8.59   4.61   36.516
 8.59   7.00    0.331    0.361
 8.59   7.00    0.691   40.141
 8.59   7.00    0.675    0.177   0.691   0.094
 8.59   7.00    0.675    0.173   0.691   0.090

 8.60   0.00    0.092    0.088   0.038   0.037   0.016   0.000   0.000   0.000   0.000   0.000   0.000 536364600
 8.60   4.61   36.522
 8.60   7.00    0.331    0.360
 8.60   7.00    0.691   40.138
 8.60   7.00    0.675    0.177   0.691   0.093
 8.60   7.00    0.675    0.173   0.691   0.090

 8.61   0.00    0.092    0.088   0.038   0.037   0.016   0.000   0.000   0.000   0.000   0.000   0.000 536988300
 8.61   4.61   36.516
 8.61   7.00    0.331    0.360
 8.61   7.00    0.691   40.135
 8.61   7.00    0.674    0.177   0.691   0.093
 8.61   7.00    0.675    0.173   0.691   0.090

 8.62   0.00    0.092    0.088   0.038   0.037   0.016   0.000   0.000   0.000   0.000   0.000   0.000 537612000
 8.62   4.61   36.516
 8.62   7.00    0.330    0.360
 8.62   7.00    0.691   40.132
 8.62   7.00    0.674    0.177   0.691   0.093
 8.62   7.00    0.675    0.173   0.691   0.089

 8.63   0.00    0.092    0.088   0.038   0.037   0.016   0.000   0.000   0.000   0.000   0.000   0.000 538235600
 8.63   4.61   36.516
 8.63   7.00    0.330    0.360
 8.63   7.00    0.690   40.129
 8.63   7.00    0.674    0.177   0.690   0.093
 8.63   7.00    0.674    0.173   0.690   0.089

 8.64   0.00    0.092    0.088   0.038   0.037   0.016   0.000   0.000   0.000   0.000   0.000   0.000 538859400
 8.64   4.61   36.516
 8.64   7.00    0.330    0.360
 8.64   7.00    0.690   40.127
 8.64   7.00    0.674    0.176   0.690   0.093
 8.64   7.00    0.674    0.173   0.690   0.089

 8.65   0.00    0.092    0.088   0.038   0.037   0.016   0.000   0.000   0.000   0.000   0.000   0.000 539483000
 8.65   4.61   36.516
 8.65   7.00    0.330    0.360
 8.65   7.00    0.690   40.124
 8.65   7.00    0.673    0.176   0.690   0.093
 8.65   7.00    0.674    0.173   0.690   0.089

 8.66   0.00    0.092    0.088   0.038   0.037   0.016   0.000   0.000   0.000   0.000   0.000   0.000 540106700
 8.66   4.60   36.516
 8.66   7.00    0.330    0.360
 8.66   7.00    0.689   40.121
 8.66   7.00    0.673    0.176   0.689   0.093
 8.66   7.00    0.673    0.172   0.689   0.089

 8.67   0.00    0.091    0.088   0.038   0.037   0.016   0.000   0.000   0.000   0.000   0.000   0.000 540730400
 8.67   4.60   36.516
 8.67   7.00    0.330    0.359
 8.67   7.00    0.689   40.118
 8.67   7.00    0.673    0.176   0.689   0.093
 8.67   7.00    0.673    0.172   0.689   0.089

 8.68   0.00    0.091    0.088   0.038   0.037   0.016   0.000   0.000   0.000   0.000   0.000   0.000 541354100
 8.68   4.60   36.516
 8.68   7.00    0.330    0.359
 8.68   7.00    0.689   40.115
 8.68   7.00    0.673    0.176   0.689   0.093
 8.68   7.00    0.673    0.172   0.689   0.089

 8.69   0.00    0.091    0.088   0.038   0.037   0.016   0.000   0.000   0.000   0.000   0.000   0.000 541977700
 8.69   4.60   36.516
 8.69   7.00    0.330    0.359
 8.69   7.00    0.689   40.113
 8.69   7.00    0.672    0.176   0.689   0.093
 8.69   7.00    0.673    0.172   0.689   0.089

 8.70   0.00    0.091    0.087   0.038   0.037   0.016   0.000   0.000   0.000   0.000   0.000   0.000 542601400
 8.70   4.60   36.516
 8.70   7.00    0.329    0.359
 8.70   7.00    0.688   40.110
 8.70   7.00    0.672    0.176   0.688   0.093
 8.70   7.00    0.672    0.172   0.688   0.089

 8.71   0.00    0.091    0.087   0.038   0.037   0.016   0.000   0.000   0.000   0.000   0.000   0.000 543225100
 8.71   4.60   36.516
 8.71   7.00    0.329    0.359
 8.71   7.00    0.688   40.107
 8.71   7.00    0.672    0.176   0.688   0.092
 8.71   7.00    0.672    0.172   0.688   0.089

 8.72   0.00    0.091    0.087   0.038   0.037   0.016   0.000   0.000   0.000   0.000   0.000   0.000 543848800
 8.72   4.60   36.516
 8.72   7.00    0.329    0.359
 8.72   7.00    0.688   40.104
 8.72   7.00    0.671    0.175   0.688   0.092
 8.72   7.00    0.672    0.172   0.688   0.089

 8.73   0.00    0.091    0.087   0.038   0.037   0.016   0.000   0.000   0.000   0.000   0.000   0.000 544472400
 8.73   4.60   36.516
 8.73   7.00    0.329    0.359
 8.73   7.00    0.688   40.102
 8.73   7.00    0.671    0.175   0.688   0.092
 8.73   7.00    0.672    0.172   0.688   0.088

 8.74   0.00    0.091    0.087   0.038   0.037   0.016   0.000   0.000   0.000   0.000   0.000   0.000 545096100
 8.74   4.60   36.515
 8.74   7.00    0.329    0.358
 8.74   7.00    0.687   40.099
 8.74   7.00    0.671    0.175   0.687   0.092
 8.74   7.00    0.671    0.172   0.687   0.088

 8.75   0.00    0.091    0.087   0.038   0.037   0.016   0.000   0.000   0.000   0.000   0.000   0.000 545719800
 8.75   4.60   36.515
 8.75   7.00    0.329    0.358
 8.75   7.00    0.687   40.096
 8.75   7.00    0.671    0.175   0.687   0.092
 8.75   7.00    0.671    0.171   0.687   0.088

 8.76   0.00    0.091    0.087   0.038   0.037   0.016   0.000   0.000   0.000   0.000   0.000   0.000 546343500
 8.76   4.59   36.515
 8.76   7.00    0.329    0.358
 8.76   7.00    0.687   40.093
 8.76   7.00    0.670    0.175   0.687   0.092
 8.76   7.00    0.671    0.171   0.687   0.088

 8.77   0.00    0.091    0.087   0.038   0.037   0.016   0.000   0.000   0.000   0.000   0.000   0.000 546967200
 8.77   4.59   36.515
 8.77   7.00    0.329    0.358
 8.77   7.00    0.686   40.091
 8.77   7.00    0.670    0.175   0.686   0.092
 8.77   7.00    0.671    0.171   0.686   0.088

 8.78   0.00    0.090    0.087   0.037   0.037   0.016   0.000   0.000   0.000   0.000   0.000   0.000 547590800
 8.78   4.59   36.515
 8.78   7.00    0.328    0.358
 8.78   7.00    0.686   40.088
 8.78   7.00    0.670    0.175   0.686   0.092
 8.78   7.00    0.670    0.171   0.686   0.088

 8.79   0.00    0.090    0.087   0.037   0.037   0.016   0.000   0.000   0.000   0.000   0.000   0.000 548214500
 8.79   4.59   36.515
 8.79   7.00    0.328    0.358
 8.79   7.00    0.686   40.085
 8.79   7.00    0.670    0.175   0.686   0.092
 8.79   7.00    0.670    0.171   0.686   0.088

 8.80   0.00    0.090    0.087   0.037   0.037   0.016   0.000   0.000   0.000   0.000   0.000   0.000 548838200
 8.80   4.59   36.515
 8.80   7.00    0.328    0.358
 8.80   7.00    0.686   40.083
 8.80   7.00    0.669    0.175   0.686   0.092
 8.80   7.00    0.670    0.171   0.686   0.088

 8.81   0.00    0.090    0.087   0.037   0.037   0.015   0.000   0.000   0.000   0.000   0.000   0.000 549462000
 8.81   4.59   36.515
 8.81   7.00    0.328    0.357
 8.81   7.00    0.685   40.080
 8.81   7.00    0.669    0.174   0.685   0.092
 8.81   7.00    0.670    0.171   0.685   0.088

 8.82   0.00    0.090    0.086   0.037   0.037   0.015   0.000   0.000   0.000   0.000   0.000   0.000 550085600
 8.82   4.59   36.515
 8.82   7.00    0.328    0.357
 8.82   7.00    0.685   40.077
 8.82   7.00    0.669    0.174   0.685   0.091
 8.82   7.00    0.669    0.171   0.685   0.088

 8.83   0.00    0.090    0.086   0.037   0.037   0.015   0.000   0.000   0.000   0.000   0.000   0.000 550709200
 8.83   4.59   36.515
 8.83   7.00    0.328    0.357
 8.83   7.00    0.685   40.075
 8.83   7.00    0.669    0.174   0.685   0.091
 8.83   7.00    0.669    0.170   0.685   0.088

 8.84   0.00    0.090    0.086   0.037   0.037   0.015   0.000   0.000   0.000   0.000   0.000   0.000 551332900
 8.84   4.59   36.515
 8.84   7.00    0.328    0.357
 8.84   7.00    0.685   40.072
 8.84   7.00    0.668    0.174   0.685   0.091
 8.84   7.00    0.669    0.170   0.685   0.088

 8.85   0.00    0.090    0.086   0.037   0.037   0.015   0.000   0.000   0.000   0.000   0.000   0.000 551956700
 8.85   4.58   36.515
 8.85   7.00    0.328    0.357
 8.85   7.00    0.684   40.069
 8.85   7.00    0.668    0.174   0.684   0.091
 8.85   7.00    0.669    0.170   0.684   0.088

 8.86   0.00    0.090    0.086   0.037   0.037   0.015   0.000   0.000   0.000   0.000   0.000   0.000 552580300
 8.86   4.58   36.515
 8.86   7.00    0.327    0.357
 8.86   7.00    0.684   40.067
 8.86   7.00    0.668    0.174   0.684   0.091
 8.86   7.00    0.668    0.170   0.684   0.087

 8.87   0.00    0.090    0.086   0.037   0.037   0.015   0.000   0.000   0.000   0.000   0.000   0.000 553204000
 8.87   4.58   36.515
 8.87   7.00    0.327    0.357
 8.87   7.00    0.684   40.064
 8.87   7.00    0.668    0.174   0.684   0.091
 8.87   7.00    0.668    0.170   0.684   0.087

 8.88   0.00    0.090    0.086   0.037   0.037   0.015   0.000   0.000   0.000   0.000   0.000   0.000 553827600
 8.88   4.58   36.514
 8.88   7.00    0.327    0.356
 8.88   7.00    0.684   40.062
 8.88   7.00    0.667    0.174   0.684   0.091
 8.88   7.00    0.668    0.170   0.684   0.087

 8.89   0.00    0.089    0.086   0.037   0.037   0.015   0.000   0.000   0.000   0.000   0.000   0.000 554451400
 8.89   4.58   36.514
 8.89   7.00    0.327    0.356
 8.89   7.00    0.683   40.059
 8.89   7.00    0.667    0.173   0.683   0.091
 8.89   7.00    0.668    0.170   0.683   0.087

 8.90   0.00    0.089    0.086   0.037   0.037   0.015   0.000   0.000   0.000   0.000   0.000   0.000 555075000
 8.90   4.58   36.514
 8.90   7.00    0.327    0.356
 8.90   7.00    0.683   40.056
 8.90   7.00    0.667    0.173   0.683   0.091
 8.90   7.00    0.667    0.170   0.683   0.087

 8.91   0.00    0.089    0.086   0.037   0.037   0.015   0.000   0.000   0.000   0.000   0.000   0.000 555698700
 8.91   4.58   36.514
 8.91   7.00    0.327    0.356
 8.91   7.00    0.683   40.054
 8.91   7.00    0.667    0.173   0.683   0.091
 8.91   7.00    0.667    0.170   0.683   0.087

 8.92   0.00    0.089    0.086   0.037   0.037   0.015   0.000   0.000   0.000   0.000   0.000   0.000 556322400
 8.92   4.58   36.514
 8.92   7.00    0.327    0.356
 8.92   7.00    0.683   40.051
 8.92   7.00    0.666    0.173   0.683   0.091
 8.92   7.00    0.667    0.169   0.683   0.087

 8.93   0.00    0.089    0.086   0.037   0.037   0.015   0.000   0.000   0.000   0.000   0.000   0.000 556946000
 8.93   4.58   36.514
 8.93   7.00    0.327    0.356
 8.93   7.00    0.682   40.049
 8.93   7.00    0.666    0.173   0.682   0.090
 8.93   7.00    0.667    0.169   0.682   0.087

 8.94   0.00    0.089    0.085   0.037   0.037   0.015   0.000   0.000   0.000   0.000   0.000   0.000 557569700
 8.94   4.58   36.514
 8.94   7.00    0.326    0.356
 8.94   7.00    0.682   40.046
 8.94   7.00    0.666    0.173   0.682   0.090
 8.94   7.00    0.666    0.169   0.682   0.087

 8.95   0.00    0.089    0.085   0.037   0.037   0.015   0.000   0.000   0.000   0.000   0.000   0.000 558193400
 8.95   4.57   36.514
 8.95   7.00    0.326    0.355
 8.95   7.00    0.682   40.043
 8.95   7.00    0.666    0.173   0.682   0.090
 8.95   7.00    0.666    0.169   0.682   0.087

 8.96   0.00    0.089    0.085   0.037   0.037   0.015   0.000   0.000   0.000   0.000   0.000   0.000 558817100
 8.96   4.57   36.514
 8.96   7.00    0.326    0.355
 8.96   7.00    0.681   40.041
 8.96   7.00    0.665    0.173   0.681   0.090
 8.96   7.00    0.666    0.169   0.681   0.087

 8.97   0.00    0.089    0.085   0.037   0.037   0.015   0.000   0.000   0.000   0.000   0.000   0.000 559440800
 8.97   4.57   36.514
 8.97   7.00    0.326    0.355
 8.97   7.00    0.681   40.038
 8.97   7.00    0.665    0.172   0.681   0.090
 8.97   7.00    0.666    0.169   0.681   0.087

 8.98   0.00    0.089    0.085   0.036   0.037   0.015   0.000   0.000   0.000   0.000   0.000   0.000 560064400
 8.98   4.57   36.514
 8.98   7.00    0.326    0.355
 8.98   7.00    0.681   40.036
 8.98   7.00    0.665    0.172   0.681   0.090
 8.98   7.00    0.665    0.169   0.681   0.086

 8.99   0.00    0.089    0.085   0.036   0.037   0.015   0.000   0.000   0.000   0.000   0.000   0.000 560688100
 8.99   4.57   36.514
 8.99   7.00    0.326    0.355
 8.99   7.00    0.681   40.033
 8.99   7.00    0.665    0.172   0.681   0.090
 8.99   7.00    0.665    0.169   0.681   0.086

 9.00   0.00    0.089    0.085   0.036   0.037   0.015   0.000   0.000   0.000   0.000   0.000   0.000 561311800
 9.00   4.57   36.513
 9.00   7.00    0.326    0.355
 9.00   7.00    0.680   40.031
 9.00   7.00    0.664    0.172   0.680   0.090
 9.00   7.00    0.665    0.169   0.680   0.086

 9.01   0.00    0.088    0.085   0.036   0.037   0.015   0.000   0.000   0.000   0.000   0.000   0.000 561935500
 9.01   4.57   36.513
 9.01   7.00    0.326    0.355
 9.01   7.00    0.680   40.028
 9.01   7.00    0.664    0.172   0.680   0.090
 9.01   7.00    0.665    0.168   0.680   0.086

 9.02   0.00    0.088    0.085   0.036   0.037   0.015   0.000   0.000   0.000   0.000   0.000   0.000 562559200
 9.02   4.57   36.513
 9.02   7.00    0.325    0.355
 9.02   7.00    0.680   40.026
 9.02   7.00    0.664    0.172   0.680   0.090
 9.02   7.00    0.664    0.168   0.680   0.086

 9.03   0.00    0.088    0.085   0.036   0.037   0.015   0.000   0.000   0.000   0.000   0.000   0.000 563182800
 9.03   4.57   36.513
 9.03   7.00    0.325    0.354
 9.03   7.00    0.680   40.023
 9.03   7.00    0.664    0.172   0.680   0.090
 9.03   7.00    0.664    0.168   0.680   0.086

 9.04   0.00    0.088    0.085   0.036   0.037   0.015   0.000   0.000   0.000   0.000   0.000   0.000 563806500
 9.04   4.57   36.513
 9.04   7.00    0.325    0.354
 9.04   7.00    0.679   40.021
 9.04   7.00    0.663    0.172   0.679   0.090
 9.04   7.00    0.664    0.168   0.679   0.086

 9.05   0.00    0.088    0.085   0.036   0.037   0.015   0.000   0.000   0.000   0.000   0.000   0.000 564430200
 9.05   4.56   36.513
 9.05   7.00    0.325    0.354
 9.05   7.00    0.679   40.018
 9.05   7.00    0.663    0.172   0.679   0.089
 9.05   7.00    0.664    0.168   0.679   0.086

 9.06   0.00    0.088    0.085   0.036   0.037   0.015   0.000   0.000   0.000   0.000   0.000   0.000 565054000
 9.06   4.56   36.513
 9.06   7.00    0.325    0.354
 9.06   7.00    0.679   40.016
 9.06   7.00    0.663    0.171   0.679   0.089
 9.06   7.00    0.663    0.168   0.679   0.086

 9.07   0.00    0.088    0.085   0.036   0.037   0.015   0.000   0.000   0.000   0.000   0.000   0.000 565677600
 9.07   4.56   36.513
 9.07   7.00    0.325    0.354
 9.07   7.00    0.679   40.013
 9.07   7.00    0.663    0.171   0.679   0.089
 9.07   7.00    0.663    0.168   0.679   0.086

 9.08   0.00    0.088    0.084   0.036   0.037   0.015   0.000   0.000   0.000   0.000   0.000   0.000 566301200
 9.08   4.56   36.513
 9.08   7.00    0.325    0.354
 9.08   7.00    0.678   40.011
 9.08   7.00    0.663    0.171   0.678   0.089
 9.08   7.00    0.663    0.168   0.678   0.086

 9.09   0.00    0.088    0.084   0.036   0.037   0.015   0.000   0.000   0.000   0.000   0.000   0.000 566924900
 9.09   4.56   36.513
 9.09   7.00    0.325    0.354
 9.09   7.00    0.678   40.008
 9.09   7.00    0.662    0.171   0.678   0.089
 9.09   7.00    0.663    0.168   0.678   0.086

 9.10   0.00    0.088    0.084   0.036   0.037   0.015   0.000   0.000   0.000   0.000   0.000   0.000 567548700
 9.10   4.56   36.512
 9.10   7.00    0.324    0.354
 9.10   7.00    0.678   40.006
 9.10   7.00    0.662    0.171   0.678   0.089
 9.10   7.00    0.662    0.168   0.678   0.086

 9.11   0.00    0.088    0.084   0.036   0.037   0.015   0.000   0.000   0.000   0.000   0.000   0.000 568172300
 9.11   4.56   36.512
 9.11   7.00    0.324    0.353
 9.11   7.00    0.678   40.003
 9.11   7.00    0.662    0.171   0.678   0.089
 9.11   7.00    0.662    0.167   0.678   0.085

 9.12   0.00    0.088    0.084   0.036   0.037   0.015   0.000   0.000   0.000   0.000   0.000   0.000 568796000
 9.12   4.56   36.512
 9.12   7.00    0.324    0.353
 9.12   7.00    0.677   40.001
 9.12   7.00    0.662    0.171   0.677   0.089
 9.12   7.00    0.662    0.167   0.677   0.085

 9.13   0.00    0.087    0.084   0.036   0.037   0.015   0.000   0.000   0.000   0.000   0.000   0.000 569419600
 9.13   4.56   36.512
 9.13   7.00    0.324    0.353
 9.13   7.00    0.677   39.998
 9.13   7.00    0.661    0.171   0.677   0.089
 9.13   7.00    0.662    0.167   0.677   0.085

 9.14   0.00    0.087    0.084   0.036   0.037   0.014   0.000   0.000   0.000   0.000   0.000   0.000 570043300
 9.14   4.56   36.512
 9.14   7.00    0.324    0.353
 9.14   7.00    0.677   39.996
 9.14   7.00    0.661    0.171   0.677   0.089
 9.14   7.00    0.662    0.167   0.677   0.085

 9.15   0.00    0.087    0.084   0.036   0.037   0.014   0.000   0.000   0.000   0.000   0.000   0.000 570667000
 9.15   4.55   36.512
 9.15   7.00    0.324    0.353
 9.15   7.00    0.677   39.993
 9.15   7.00    0.661    0.170   0.677   0.089
 9.15   7.00    0.661    0.167   0.677   0.085

 9.16   0.00    0.087    0.084   0.036   0.037   0.014   0.000   0.000   0.000   0.000   0.000   0.000 571290700
 9.16   4.55   36.512
 9.16   7.00    0.324    0.353
 9.16   7.00    0.676   39.991
 9.16   7.00    0.661    0.170   0.676   0.089
 9.16   7.00    0.661    0.167   0.676   0.085

 9.17   0.00    0.087    0.084   0.036   0.037   0.014   0.000   0.000   0.000   0.000   0.000   0.000 571914400
 9.17   4.55   36.512
 9.17   7.00    0.324    0.353
 9.17   7.00    0.676   39.989
 9.17   7.00    0.660    0.170   0.676   0.088
 9.17   7.00    0.661    0.167   0.676   0.085

 9.18   0.00    0.087    0.084   0.036   0.037   0.014   0.000   0.000   0.000   0.000   0.000   0.000 572538000
 9.18   4.55   36.512
 9.18   7.00    0.323    0.353
 9.18   7.00    0.676   39.986
 9.18   7.00    0.660    0.170   0.676   0.088
 9.18   7.00    0.661    0.167   0.676   0.085

 9.19   0.00    0.087    0.084   0.035   0.037   0.014   0.000   0.000   0.000   0.000   0.000   0.000 573161700
 9.19   4.55   36.516
 9.19   7.00    0.323    0.352
 9.19   7.00    0.676   39.987
 9.19   7.00    0.660    0.170   0.676   0.088
 9.19   7.00    0.660    0.167   0.676   0.085

 9.20   0.00    0.087    0.084   0.035   0.037   0.014   0.000   0.000   0.000   0.000   0.000   0.000 573785400
 9.20   4.55   36.515
 9.20   7.00    0.323    0.352
 9.20   7.00    0.675   39.985
 9.20   7.00    0.660    0.170   0.675   0.088
 9.20   7.00    0.660    0.166   0.675   0.085

 9.21   0.00    0.087    0.083   0.035   0.037   0.014   0.000   0.000   0.000   0.000   0.000   0.000 574409100
 9.21   4.55   36.515
 9.21   7.00    0.323    0.352
 9.21   7.00    0.675   39.982
 9.21   7.00    0.659    0.170   0.675   0.088
 9.21   7.00    0.660    0.166   0.675   0.085

 9.22   0.00    0.087    0.083   0.035   0.037   0.014   0.000   0.000   0.000   0.000   0.000   0.000 575032800
 9.22   4.55   36.515
 9.22   7.00    0.323    0.352
 9.22   7.00    0.675   39.980
 9.22   7.00    0.659    0.170   0.675   0.088
 9.22   7.00    0.660    0.166   0.675   0.085

 9.23   0.00    0.087    0.083   0.035   0.037   0.014   0.000   0.000   0.000   0.000   0.000   0.000 575656400
 9.23   4.55   36.515
 9.23   7.00    0.323    0.352
 9.23   7.00    0.675   39.978
 9.23   7.00    0.659    0.170   0.675   0.088
 9.23   7.00    0.659    0.166   0.675   0.085

 9.24   0.00    0.087    0.083   0.035   0.037   0.014   0.000   0.000   0.000   0.000   0.000   0.000 576280100
 9.24   4.55   36.515
 9.24   7.00    0.323    0.352
 9.24   7.00    0.675   39.975
 9.24   7.00    0.659    0.169   0.675   0.088
 9.24   7.00    0.659    0.166   0.675   0.085

 9.25   0.00    0.087    0.083   0.035   0.037   0.014   0.000   0.000   0.000   0.000   0.000   0.000 576903800
 9.25   4.54   36.514
 9.25   7.00    0.323    0.352
 9.25   7.00    0.674   39.973
 9.25   7.00    0.659    0.169   0.674   0.088
 9.25   7.00    0.659    0.166   0.674   0.084

 9.26   0.00    0.086    0.083   0.035   0.037   0.014   0.000   0.000   0.000   0.000   0.000   0.000 577527500
 9.26   4.54   36.514
 9.26   7.00    0.323    0.352
 9.26   7.00    0.674   39.970
 9.26   7.00    0.658    0.169   0.674   0.088
 9.26   7.00    0.659    0.166   0.674   0.084

 9.27   0.00    0.086    0.083   0.035   0.037   0.014   0.000   0.000   0.000   0.000   0.000   0.000 578151200
 9.27   4.54   36.514
 9.27   7.00    0.322    0.351
 9.27   7.00    0.674   39.968
 9.27   7.00    0.658    0.169   0.674   0.088
 9.27   7.00    0.659    0.166   0.674   0.084

 9.28   0.00    0.086    0.083   0.035   0.037   0.014   0.000   0.000   0.000   0.000   0.000   0.000 578774800
 9.28   4.54   36.514
 9.28   7.00    0.322    0.351
 9.28   7.00    0.674   39.965
 9.28   7.00    0.658    0.169   0.674   0.088
 9.28   7.00    0.658    0.166   0.674   0.084

 9.29   0.00    0.086    0.083   0.035   0.037   0.014   0.000   0.000   0.000   0.000   0.000   0.000 579398500
 9.29   4.54   36.514
 9.29   7.00    0.322    0.351
 9.29   7.00    0.673   39.963
 9.29   7.00    0.658    0.169   0.673   0.088
 9.29   7.00    0.658    0.166   0.673   0.084

 9.30   0.00    0.086    0.083   0.035   0.037   0.014   0.000   0.000   0.000   0.000   0.000   0.000 580022200
 9.30   4.54   36.513
 9.30   7.00    0.322    0.351
 9.30   7.00    0.673   39.961
 9.30   7.00    0.657    0.169   0.673   0.087
 9.30   7.00    0.658    0.165   0.673   0.084

 9.31   0.00    0.086    0.083   0.035   0.037   0.014   0.000   0.000   0.000   0.000   0.000   0.000 580645900
 9.31   4.54   36.513
 9.31   7.00    0.322    0.351
 9.31   7.00    0.673   39.958
 9.31   7.00    0.657    0.169   0.673   0.087
 9.31   7.00    0.658    0.165   0.673   0.084

 9.32   0.00    0.086    0.083   0.035   0.037   0.014   0.000   0.000   0.000   0.000   0.000   0.000 581269600
 9.32   4.54   36.513
 9.32   7.00    0.322    0.351
 9.32   7.00    0.673   39.956
 9.32   7.00    0.657    0.169   0.673   0.087
 9.32   7.00    0.657    0.165   0.673   0.084

 9.33   0.00    0.086    0.083   0.035   0.037   0.014   0.000   0.000   0.000   0.000   0.000   0.000 581893200
 9.33   4.54   36.513
 9.33   7.00    0.322    0.351
 9.33   7.00    0.672   39.954
 9.33   7.00    0.657    0.168   0.672   0.087
 9.33   7.00    0.657    0.165   0.672   0.084

 9.34   0.00    0.086    0.083   0.035   0.037   0.014   0.000   0.000   0.000   0.000   0.000   0.000 582516900
 9.34   4.54   36.513
 9.34   7.00    0.322    0.351
 9.34   7.00    0.672   39.951
 9.34   7.00    0.657    0.168   0.672   0.087
 9.34   7.00    0.657    0.165   0.672   0.084

 9.35   0.00    0.086    0.082   0.035   0.037   0.014   0.000   0.000   0.000   0.000   0.000   0.000 583140600
 9.35   4.53   36.512
 9.35   7.00    0.321    0.350
 9.35   7.00    0.672   39.949
 9.35   7.00    0.656    0.168   0.672   0.087
 9.35   7.00    0.657    0.165   0.672   0.084

 9.36   0.00    0.086    0.082   0.035   0.037   0.014   0.000   0.000   0.000   0.000   0.000   0.000 583764300
 9.36   4.53   36.512
 9.36   7.00    0.321    0.350
 9.36   7.00    0.672   39.947
 9.36   7.00    0.656    0.168   0.672   0.087
 9.36   7.00    0.657    0.165   0.672   0.084

 9.37   0.00    0.086    0.082   0.035   0.037   0.014   0.000   0.000   0.000   0.000   0.000   0.000 584388000
 9.37   4.53   36.512
 9.37   7.00    0.321    0.350
 9.37   7.00    0.671   39.944
 9.37   7.00    0.656    0.168   0.671   0.087
 9.37   7.00    0.656    0.165   0.671   0.084

 9.38   0.00    0.086    0.082   0.035   0.037   0.014   0.000   0.000   0.000   0.000   0.000   0.000 585011600
 9.38   4.53   36.512
 9.38   7.00    0.321    0.350
 9.38   7.00    0.671   39.942
 9.38   7.00    0.656    0.168   0.671   0.087
 9.38   7.00    0.656    0.165   0.671   0.084

 9.39   0.00    0.085    0.082   0.035   0.037   0.014   0.000   0.000   0.000   0.000   0.000   0.000 585635300
 9.39   4.53   36.512
 9.39   7.00    0.321    0.350
 9.39   7.00    0.671   39.940
 9.39   7.00    0.655    0.168   0.671   0.087
 9.39   7.00    0.656    0.165   0.671   0.083

 9.40   0.00    0.085    0.082   0.035   0.037   0.014   0.000   0.000   0.000   0.000   0.000   0.000 586259000
 9.40   4.53   36.511
 9.40   7.00    0.321    0.350
 9.40   7.00    0.671   39.937
 9.40   7.00    0.655    0.168   0.671   0.087
 9.40   7.00    0.656    0.165   0.671   0.083

 9.41   0.00    0.085    0.082   0.034   0.037   0.014   0.000   0.000   0.000   0.000   0.000   0.000 586882700
 9.41   4.53   36.511
 9.41   7.00    0.321    0.350
 9.41   7.00    0.671   39.935
 9.41   7.00    0.655    0.168   0.671   0.087
 9.41   7.00    0.655    0.164   0.671   0.083

 9.42   0.00    0.085    0.082   0.034   0.037   0.014   0.000   0.000   0.000   0.000   0.000   0.000 587506400
 9.42   4.53   36.511
 9.42   7.00    0.321    0.350
 9.42   7.00    0.670   39.933
 9.42   7.00    0.655    0.168   0.670   0.087
 9.42   7.00    0.655    0.164   0.670   0.083

 9.43   0.00    0.085    0.082   0.034   0.037   0.014   0.000   0.000   0.000   0.000   0.000   0.000 588130000
 9.43   4.53   36.511
 9.43   7.00    0.321    0.350
 9.43   7.00    0.670   39.930
 9.43   7.00    0.655    0.167   0.670   0.086
 9.43   7.00    0.655    0.164   0.670   0.083

 9.44   0.00    0.085    0.082   0.034   0.037   0.014   0.000   0.000   0.000   0.000   0.000   0.000 588753700
 9.44   4.53   36.510
 9.44   7.00    0.320    0.349
 9.44   7.00    0.670   39.928
 9.44   7.00    0.654    0.167   0.670   0.086
 9.44   7.00    0.655    0.164   0.670   0.083

 9.45   0.00    0.085    0.082   0.034   0.037   0.014   0.000   0.000   0.000   0.000   0.000   0.000 589377400
 9.45   4.53   36.510
 9.45   7.00    0.320    0.349
 9.45   7.00    0.670   39.926
 9.45   7.00    0.654    0.167   0.670   0.086
 9.45   7.00    0.655    0.164   0.670   0.083

 9.46   0.00    0.085    0.082   0.034   0.037   0.014   0.000   0.000   0.000   0.000   0.000   0.000 590001100
 9.46   4.52   36.510
 9.46   7.00    0.320    0.349
 9.46   7.00    0.669   39.924
 9.46   7.00    0.654    0.167   0.669   0.086
 9.46   7.00    0.654    0.164   0.669   0.083

 9.47   0.00    0.085    0.082   0.034   0.037   0.014   0.000   0.000   0.000   0.000   0.000   0.000 590624800
 9.47   4.52   36.510
 9.47   7.00    0.320    0.349
 9.47   7.00    0.669   39.921
 9.47   7.00    0.654    0.167   0.669   0.086
 9.47   7.00    0.654    0.164   0.669   0.083

 9.48   0.00    0.085    0.082   0.034   0.037   0.014   0.000   0.000   0.000   0.000   0.000   0.000 591248400
 9.48   4.52   36.510
 9.48   7.00    0.320    0.349
 9.48   7.00    0.669   39.919
 9.48   7.00    0.654    0.167   0.669   0.086
 9.48   7.00    0.654    0.164   0.669   0.083

 9.49   0.00    0.085    0.082   0.034   0.037   0.013   0.000   0.000   0.000   0.000   0.000   0.000 591872100
 9.49   4.52   36.509
 9.49   7.00    0.320    0.349
 9.49   7.00    0.669   39.917
 9.49   7.00    0.653    0.167   0.669   0.086
 9.49   7.00    0.654    0.164   0.669   0.083

 9.50   0.00    0.085    0.081   0.034   0.037   0.013   0.000   0.000   0.000   0.000   0.000   0.000 592495800
 9.50   4.52   36.509
 9.50   7.00    0.320    0.349
 9.50   7.00    0.669   39.915
 9.50   7.00    0.653    0.167   0.669   0.086
 9.50   7.00    0.653    0.164   0.669   0.083

 9.51   0.00    0.085    0.081   0.034   0.037   0.013   0.000   0.000   0.000   0.000   0.000   0.000 593119500
 9.51   4.52   36.509
 9.51   7.00    0.320    0.349
 9.51   7.00    0.668   39.912
 9.51   7.00    0.653    0.167   0.668   0.086
 9.51   7.00    0.653    0.163   0.668   0.083

 9.52   0.00    0.084    0.081   0.034   0.037   0.013   0.000   0.000   0.000   0.000   0.000   0.000 593743200
 9.52   4.52   36.509
 9.52   7.00    0.319    0.349
 9.52   7.00    0.668   39.910
 9.52   7.00    0.653    0.167   0.668   0.086
 9.52   7.00    0.653    0.163   0.668   0.083

 9.53   0.00    0.084    0.081   0.034   0.037   0.013   0.000   0.000   0.000   0.000   0.000   0.000 594366800
 9.53   4.52   36.509
 9.53   7.00    0.319    0.348
 9.53   7.00    0.668   39.908
 9.53   7.00    0.652    0.166   0.668   0.086
 9.53   7.00    0.653    0.163   0.668   0.082

 9.54   0.00    0.084    0.081   0.034   0.037   0.013   0.000   0.000   0.000   0.000   0.000   0.000 594990500
 9.54   4.52   36.508
 9.54   7.00    0.319    0.348
 9.54   7.00    0.668   39.906
 9.54   7.00    0.652    0.166   0.668   0.086
 9.54   7.00    0.653    0.163   0.668   0.082

 9.55   0.00    0.084    0.081   0.034   0.037   0.013   0.000   0.000   0.000   0.000   0.000   0.000 595614200
 9.55   4.52   36.508
 9.55   7.00    0.319    0.348
 9.55   7.00    0.667   39.903
 9.55   7.00    0.652    0.166   0.667   0.086
 9.55   7.00    0.652    0.163   0.667   0.082

 9.56   0.00    0.084    0.081   0.034   0.037   0.013   0.000   0.000   0.000   0.000   0.000   0.000 596237900
 9.56   4.52   36.508
 9.56   7.00    0.319    0.348
 9.56   7.00    0.667   39.901
 9.56   7.00    0.652    0.166   0.667   0.085
 9.56   7.00    0.652    0.163   0.667   0.082

 9.57   0.00    0.084    0.081   0.034   0.037   0.013   0.000   0.000   0.000   0.000   0.000   0.000 596861600
 9.57   4.51   36.508
 9.57   7.00    0.319    0.348
 9.57   7.00    0.667   39.899
 9.57   7.00    0.652    0.166   0.667   0.085
 9.57   7.00    0.652    0.163   0.667   0.082

 9.58   0.00    0.084    0.081   0.034   0.037   0.013   0.000   0.000   0.000   0.000   0.000   0.000 597485200
 9.58   4.51   36.507
 9.58   7.00    0.319    0.348
 9.58   7.00    0.667   39.897
 9.58   7.00    0.651    0.166   0.667   0.085
 9.58   7.00    0.652    0.163   0.667   0.082

 9.59   0.00    0.084    0.081   0.034   0.037   0.013   0.000   0.000   0.000   0.000   0.000   0.000 598108900
 9.59   4.51   36.507
 9.59   7.00    0.319    0.348
 9.59   7.00    0.667   39.895
 9.59   7.00    0.651    0.166   0.667   0.085
 9.59   7.00    0.652    0.163   0.667   0.082

 9.60   0.00    0.084    0.081   0.034   0.037   0.013   0.000   0.000   0.000   0.000   0.000   0.000 598732600
 9.60   4.51   36.507
 9.60   7.00    0.319    0.348
 9.60   7.00    0.666   39.893
 9.60   7.00    0.651    0.166   0.666   0.085
 9.60   7.00    0.651    0.163   0.666   0.082

 9.61   0.00    0.084    0.081   0.034   0.037   0.013   0.000   0.000   0.000   0.000   0.000   0.000 599356300
 9.61   4.51   36.507
 9.61   7.00    0.318    0.348
 9.61   7.00    0.666   39.890
 9.61   7.00    0.651    0.166   0.666   0.085
 9.61   7.00    0.651    0.163   0.666   0.082

 9.62   0.00    0.084    0.081   0.034   0.037   0.013   0.000   0.000   0.000   0.000   0.000   0.000 599980000
 9.62   4.51   36.507
 9.62   7.00    0.318    0.348
 9.62   7.00    0.666   39.888
 9.62   7.00    0.651    0.166   0.666   0.085
 9.62   7.00    0.651    0.162   0.666   0.082

 9.63   0.00    0.084    0.081   0.034   0.037   0.013   0.000   0.000   0.000   0.000   0.000   0.000 600603600
 9.63   4.51   36.506
 9.63   7.00    0.318    0.347
 9.63   7.00    0.666   39.886
 9.63   7.00    0.650    0.165   0.666   0.085
 9.63   7.00    0.651    0.162   0.666   0.082

 9.64   0.00    0.084    0.081   0.034   0.037   0.013   0.000   0.000   0.000   0.000   0.000   0.000 601227300
 9.64   4.51   36.506
 9.64   7.00    0.318    0.347
 9.64   7.00    0.665   39.884
 9.64   7.00    0.650    0.165   0.665   0.085
 9.64   7.00    0.651    0.162   0.665   0.082

 9.65   0.00    0.084    0.080   0.033   0.037   0.013   0.000   0.000   0.000   0.000   0.000   0.000 601851000
 9.65   4.51   36.506
 9.65   7.00    0.318    0.347
 9.65   7.00    0.665   39.882
 9.65   7.00    0.650    0.165   0.665   0.085
 9.65   7.00    0.650    0.162   0.665   0.082

 9.66   0.00    0.083    0.080   0.033   0.037   0.013   0.000   0.000   0.000   0.000   0.000   0.000 602474700
 9.66   4.51   36.506
 9.66   7.00    0.318    0.347
 9.66   7.00    0.665   39.880
 9.66   7.00    0.650    0.165   0.665   0.085
 9.66   7.00    0.650    0.162   0.665   0.082

 9.67   0.00    0.083    0.080   0.033   0.037   0.013   0.000   0.000   0.000   0.000   0.000   0.000 603098400
 9.67   4.51   36.505
 9.67   7.00    0.318    0.347
 9.67   7.00    0.665   39.878
 9.67   7.00    0.650    0.165   0.665   0.085
 9.67   7.00    0.650    0.162   0.665   0.082

 9.68   0.00    0.083    0.080   0.033   0.037   0.013   0.000   0.000   0.000   0.000   0.000   0.000 603722000
 9.68   4.50   36.505
 9.68   7.00    0.318    0.347
 9.68   7.00    0.665   39.875
 9.68   7.00    0.649    0.165   0.665   0.085
 9.68   7.00    0.650    0.162   0.665   0.081

 9.69   0.00    0.083    0.080   0.033   0.037   0.013   0.000   0.000   0.000   0.000   0.000   0.000 604345700
 9.69   4.50   36.505
 9.69   7.00    0.318    0.347
 9.69   7.00    0.664   39.873
 9.69   7.00    0.649    0.165   0.664   0.085
 9.69   7.00    0.650    0.162   0.664   0.081

 9.70   0.00    0.083    0.080   0.033   0.037   0.013   0.000   0.000   0.000   0.000   0.000   0.000 604969400
 9.70   4.50   36.505
 9.70   7.00    0.317    0.347
 9.70   7.00    0.664   39.871
 9.70   7.00    0.649    0.165   0.664   0.084
 9.70   7.00    0.649    0.162   0.664   0.081

 9.71   0.00    0.083    0.080   0.033   0.037   0.013   0.000   0.000   0.000   0.000   0.000   0.000 605593100
 9.71   4.50   36.505
 9.71   7.00    0.317    0.347
 9.71   7.00    0.664   39.869
 9.71   7.00    0.649    0.165   0.664   0.084
 9.71   7.00    0.649    0.162   0.664   0.081

 9.72   0.00    0.083    0.080   0.033   0.037   0.013   0.000   0.000   0.000   0.000   0.000   0.000 606216800
 9.72   4.50   36.504
 9.72   7.00    0.317    0.347
 9.72   7.00    0.664   39.867
 9.72   7.00    0.649    0.165   0.664   0.084
 9.72   7.00    0.649    0.162   0.664   0.081

 9.73   0.00    0.083    0.080   0.033   0.037   0.013   0.000   0.000   0.000   0.000   0.000   0.000 606840400
 9.73   4.50   36.504
 9.73   7.00    0.317    0.346
 9.73   7.00    0.664   39.865
 9.73   7.00    0.648    0.164   0.664   0.084
 9.73   7.00    0.649    0.161   0.664   0.081

 9.74   0.00    0.083    0.080   0.033   0.037   0.013   0.000   0.000   0.000   0.000   0.000   0.000 607464100
 9.74   4.50   36.504
 9.74   7.00    0.317    0.346
 9.74   7.00    0.663   39.863
 9.74   7.00    0.648    0.164   0.663   0.084
 9.74   7.00    0.649    0.161   0.663   0.081

 9.75   0.00    0.083    0.080   0.033   0.037   0.013   0.000   0.000   0.000   0.000   0.000   0.000 608087800
 9.75   4.50   36.504
 9.75   7.00    0.317    0.346
 9.75   7.00    0.663   39.861
 9.75   7.00    0.648    0.164   0.663   0.084
 9.75   7.00    0.648    0.161   0.663   0.081

 9.76   0.00    0.083    0.080   0.033   0.037   0.013   0.000   0.000   0.000   0.000   0.000   0.000 608711500
 9.76   4.50   36.504
 9.76   7.00    0.317    0.346
 9.76   7.00    0.663   39.859
 9.76   7.00    0.648    0.164   0.663   0.084
 9.76   7.00    0.648    0.161   0.663   0.081

 9.77   0.00    0.083    0.080   0.033   0.037   0.013   0.000   0.000   0.000   0.000   0.000   0.000 609335200
 9.77   4.50   36.503
 9.77   7.00    0.317    0.346
 9.77   7.00    0.663   39.857
 9.77   7.00    0.648    0.164   0.663   0.084
 9.77   7.00    0.648    0.161   0.663   0.081

 9.78   0.00    0.083    0.080   0.033   0.037   0.013   0.000   0.000   0.000   0.000   0.000   0.000 609958800
 9.78   4.50   36.503
 9.78   7.00    0.317    0.346
 9.78   7.00    0.663   39.855
 9.78   7.00    0.647    0.164   0.663   0.084
 9.78   7.00    0.648    0.161   0.663   0.081

 9.79   0.00    0.083    0.080   0.033   0.037   0.013   0.000   0.000   0.000   0.000   0.000   0.000 610582500
 9.79   4.49   36.503
 9.79   7.00    0.316    0.346
 9.79   7.00    0.662   39.853
 9.79   7.00    0.647    0.164   0.662   0.084
 9.79   7.00    0.648    0.161   0.662   0.081

 9.80   0.00    0.083    0.080   0.033   0.037   0.013   0.000   0.000   0.000   0.000   0.000   0.000 611206200
 9.80   4.49   36.503
 9.80   7.00    0.316    0.346
 9.80   7.00    0.662   39.851
 9.80   7.00    0.647    0.164   0.662   0.084
 9.80   7.00    0.647    0.161   0.662   0.081

 9.81   0.00    0.082    0.079   0.033   0.037   0.013   0.000   0.000   0.000   0.000   0.000   0.000 611829900
 9.81   4.49   36.502
 9.81   7.00    0.316    0.346
 9.81   7.00    0.662   39.849
 9.81   7.00    0.647    0.164   0.662   0.084
 9.81   7.00    0.647    0.161   0.662   0.081

 9.82   0.00    0.082    0.079   0.033   0.037   0.013   0.000   0.000   0.000   0.000   0.000   0.000 612453600
 9.82   4.49   36.502
 9.82   7.00    0.316    0.346
 9.82   7.00    0.662   39.847
 9.82   7.00    0.647    0.164   0.662   0.084
 9.82   7.00    0.647    0.161   0.662   0.081

 9.83   0.00    0.082    0.079   0.033   0.037   0.013   0.000   0.000   0.000   0.000   0.000   0.000 613077200
 9.83   4.49   36.502
 9.83   7.00    0.316    0.345
 9.83   7.00    0.661   39.845
 9.83   7.00    0.646    0.164   0.661   0.084
 9.83   7.00    0.647    0.161   0.661   0.081

 9.84   0.00    0.082    0.079   0.033   0.037   0.013   0.000   0.000   0.000   0.000   0.000   0.000 613700900
 9.84   4.49   36.502
 9.84   7.00    0.316    0.345
 9.84   7.00    0.661   39.843
 9.84   7.00    0.646    0.163   0.661   0.083
 9.84   7.00    0.647    0.160   0.661   0.080

 9.85   0.00    0.082    0.079   0.033   0.037   0.013   0.000   0.000   0.000   0.000   0.000   0.000 614324600
 9.85   4.49   36.502
 9.85   7.00    0.316    0.345
 9.85   7.00    0.661   39.841
 9.85   7.00    0.646    0.163   0.661   0.083
 9.85   7.00    0.646    0.160   0.661   0.080

 9.86   0.00    0.082    0.079   0.033   0.037   0.013   0.000   0.000   0.000   0.000   0.000   0.000 614948300
 9.86   4.49   36.501
 9.86   7.00    0.316    0.345
 9.86   7.00    0.661   39.839
 9.86   7.00    0.646    0.163   0.661   0.083
 9.86   7.00    0.646    0.160   0.661   0.080

 9.87   0.00    0.082    0.079   0.033   0.037   0.013   0.000   0.000   0.000   0.000   0.000   0.000 615572000
 9.87   4.49   36.501
 9.87   7.00    0.316    0.345
 9.87   7.00    0.661   39.837
 9.87   7.00    0.646    0.163   0.661   0.083
 9.87   7.00    0.646    0.160   0.661   0.080

 9.88   0.00    0.082    0.079   0.033   0.037   0.013   0.000   0.000   0.000   0.000   0.000   0.000 616195600
 9.88   4.49   36.501
 9.88   7.00    0.316    0.345
 9.88   7.00    0.660   39.835
 9.88   7.00    0.645    0.163   0.660   0.083
 9.88   7.00    0.646    0.160   0.660   0.080

 9.89   0.00    0.082    0.079   0.032   0.037   0.012   0.000   0.000   0.000   0.000   0.000   0.000 616819300
 9.89   4.49   36.501
 9.89   7.00    0.315    0.345
 9.89   7.00    0.660   39.833
 9.89   7.00    0.645    0.163   0.660   0.083
 9.89   7.00    0.646    0.160   0.660   0.080

 9.90   0.00    0.082    0.079   0.032   0.037   0.012   0.000   0.000   0.000   0.000   0.000   0.000 617443000
 9.90   4.48   36.500
 9.90   7.00    0.315    0.345
 9.90   7.00    0.660   39.831
 9.90   7.00    0.645    0.163   0.660   0.083
 9.90   7.00    0.645    0.160   0.660   0.080

 9.91   0.00    0.082    0.079   0.032   0.037   0.012   0.000   0.000   0.000   0.000   0.000   0.000 618066700
 9.91   4.48   36.500
 9.91   7.00    0.315    0.345
 9.91   7.00    0.660   39.829
 9.91   7.00    0.645    0.163   0.660   0.083
 9.91   7.00    0.645    0.160   0.660   0.080

 9.92   0.00    0.082    0.079   0.032   0.037   0.012   0.000   0.000   0.000   0.000   0.000   0.000 618690400
 9.92   4.48   36.500
 9.92   7.00    0.315    0.345
 9.92   7.00    0.660   39.827
 9.92   7.00    0.645    0.163   0.660   0.083
 9.92   7.00    0.645    0.160   0.660   0.080

 9.93   0.00    0.082    0.079   0.032   0.037   0.012   0.000   0.000   0.000   0.000   0.000   0.000 619314000
 9.93   4.48   36.500
 9.93   7.00    0.315    0.344
 9.93   7.00    0.659   39.825
 9.93   7.00    0.644    0.163   0.659   0.083
 9.93   7.00    0.645    0.160   0.659   0.080

 9.94   0.00    0.082    0.079   0.032   0.037   0.012   0.000   0.000   0.000   0.000   0.000   0.000 619937700
 9.94   4.48   36.500
 9.94   7.00    0.315    0.344
 9.94   7.00    0.659   39.823
 9.94   7.00    0.644    0.163   0.659   0.083
 9.94   7.00    0.645    0.160   0.659   0.080

 9.95   0.00    0.081    0.079   0.032   0.037   0.012   0.000   0.000   0.000   0.000   0.000   0.000 620561400
 9.95   4.48   36.499
 9.95   7.00    0.315    0.344
 9.95   7.00    0.659   39.821
 9.95   7.00    0.644    0.162   0.659   0.083
 9.95   7.00    0.644    0.159   0.659   0.080

 9.96   0.00    0.081    0.079   0.032   0.037   0.012   0.000   0.000   0.000   0.000   0.000   0.000 621185100
 9.96   4.48   36.499
 9.96   7.00    0.315    0.344
 9.96   7.00    0.659   39.819
 9.96   7.00    0.644    0.162   0.659   0.083
 9.96   7.00    0.644    0.159   0.659   0.080

 9.97   0.00    0.081    0.078   0.032   0.037   0.012   0.000   0.000   0.000   0.000   0.000   0.000 621808800
 9.97   4.48   36.499
 9.97   7.00    0.315    0.344
 9.97   7.00    0.659   39.817
 9.97   7.00    0.644    0.162   0.659   0.083
 9.97   7.00    0.644    0.159   0.659   0.080

 9.98   0.00    0.081    0.078   0.032   0.037   0.012   0.000   0.000   0.000   0.000   0.000   0.000 622432400
 9.98   4.48   36.499
 9.98   7.00    0.314    0.344
 9.98   7.00    0.658   39.815
 9.98   7.00    0.644    0.162   0.658   0.083
 9.98   7.00    0.644    0.159   0.658   0.080

 9.99   0.00    0.081    0.078   0.032   0.037   0.012   0.000   0.000   0.000   0.000   0.000   0.000 623056100
 9.99   4.48   36.498
 9.99   7.00    0.314    0.344
 9.99   7.00    0.658   39.813
 9.99   7.00    0.643    0.162   0.658   0.082
 9.99   7.00    0.644    0.159   0.658   0.080

10.00   0.00    0.081    0.078   0.032   0.037   0.012   0.000   0.000   0.000   0.000   0.000   0.000 623679800
10.00   4.48   36.498
10.00   7.00    0.314    0.344
10.00   7.00    0.658   39.811
10.00   7.00    0.643    0.162   0.658   0.082
10.00   7.00    0.643    0.159   0.658   0.079

10.01   0.00    0.081    0.078   0.032   0.037   0.012   0.000   0.000   0.000   0.000   0.000   0.000 624303500
10.01   4.48   36.498
10.01   7.00    0.314    0.344
10.01   7.00    0.658   39.809
10.01   7.00    0.643    0.162   0.658   0.082
10.01   7.00    0.643    0.159   0.658   0.079

10.02   0.00    0.081    0.078   0.032   0.037   0.012   0.000   0.000   0.000   0.000   0.000   0.000 624927200
10.02   4.47   36.498
10.02   7.00    0.314    0.344
10.02   7.00    0.658   39.808
10.02   7.00    0.643    0.162   0.658   0.082
10.02   7.00    0.643    0.159   0.658   0.079

10.03   0.00    0.081    0.078   0.032   0.037   0.012   0.000   0.000   0.000   0.000   0.000   0.000 625550800
10.03   4.47   36.498
10.03   7.00    0.314    0.344
10.03   7.00    0.657   39.806
10.03   7.00    0.643    0.162   0.657   0.082
10.03   7.00    0.643    0.159   0.657   0.079

10.04   0.00    0.081    0.078   0.032   0.037   0.012   0.000   0.000   0.000   0.000   0.000   0.000 626174500
10.04   4.47   36.497
10.04   7.00    0.314    0.343
10.04   7.00    0.657   39.804
10.04   7.00    0.642    0.162   0.657   0.082
10.04   7.00    0.643    0.159   0.657   0.079

10.05   0.00    0.081    0.078   0.032   0.037   0.012   0.000   0.000   0.000   0.000   0.000   0.000 626798200
10.05   4.47   36.497
10.05   7.00    0.314    0.343
10.05   7.00    0.657   39.802
10.05   7.00    0.642    0.162   0.657   0.082
10.05   7.00    0.643    0.159   0.657   0.079

10.06   0.00    0.081    0.078   0.032   0.037   0.012   0.000   0.000   0.000   0.000   0.000   0.000 627421900
10.06   4.47   36.497
10.06   7.00    0.314    0.343
10.06   7.00    0.657   39.800
10.06   7.00    0.642    0.162   0.657   0.082
10.06   7.00    0.642    0.159   0.657   0.079

10.07   0.00    0.081    0.078   0.032   0.037   0.012   0.000   0.000   0.000   0.000   0.000   0.000 628045600
10.07   4.47   36.497
10.07   7.00    0.314    0.343
10.07   7.00    0.657   39.798
10.07   7.00    0.642    0.162   0.657   0.082
10.07   7.00    0.642    0.159   0.657   0.079

10.08   0.00    0.081    0.078   0.032   0.037   0.012   0.000   0.000   0.000   0.000   0.000   0.000 628669200
10.08   4.47   36.496
10.08   7.00    0.313    0.343
10.08   7.00    0.657   39.796
10.08   7.00    0.642    0.162   0.657   0.082
10.08   7.00    0.642    0.159   0.657   0.079

10.09   0.00    0.081    0.078   0.032   0.037   0.012   0.000   0.000   0.000   0.000   0.000   0.000 629292900
10.09   4.47   36.496
10.09   7.00    0.313    0.343
10.09   7.00    0.656   39.795
10.09   7.00    0.641    0.162   0.656   0.082
10.09   7.00    0.642    0.159   0.656   0.079

10.10   0.00    0.081    0.078   0.032   0.037   0.012   0.000   0.000   0.000   0.000   0.000   0.000 629916600
10.10   4.47   36.496
10.10   7.00    0.313    0.343
10.10   7.00    0.656   39.793
10.10   7.00    0.641    0.161   0.656   0.082
10.10   7.00    0.642    0.159   0.656   0.079

10.11   0.00    0.081    0.078   0.032   0.037   0.012   0.000   0.000   0.000   0.000   0.000   0.000 630540200
10.11   4.47   36.496
10.11   7.00    0.313    0.343
10.11   7.00    0.656   39.791
10.11   7.00    0.641    0.161   0.656   0.082
10.11   7.00    0.641    0.159   0.656   0.079

10.12   0.00    0.081    0.078   0.032   0.037   0.012   0.000   0.000   0.000   0.000   0.000   0.000 631164000
10.12   4.47   36.496
10.12   7.00    0.313    0.343
10.12   7.00    0.656   39.789
10.12   7.00    0.641    0.161   0.656   0.082
10.12   7.00    0.641    0.159   0.656   0.079

10.13   0.00    0.081    0.078   0.032   0.037   0.012   0.000   0.000   0.000   0.000   0.000   0.000 631787600
10.13   4.46   36.495
10.13   7.00    0.313    0.343
10.13   7.00    0.656   39.787
10.13   7.00    0.641    0.161   0.656   0.082
10.13   7.00    0.641    0.159   0.656   0.079

10.14   0.00    0.081    0.078   0.032   0.037   0.012   0.000   0.000   0.000   0.000   0.000   0.000 632411300
10.14   4.46   36.495
10.14   7.00    0.313    0.343
10.14   7.00    0.655   39.785
10.14   7.00    0.641    0.161   0.655   0.082
10.14   7.00    0.641    0.158   0.655   0.079

10.15   0.00    0.081    0.078   0.032   0.037   0.012   0.000   0.000   0.000   0.000   0.000   0.000 633034900
10.15   4.46   36.495
10.15   7.00    0.313    0.343
10.15   7.00    0.655   39.784
10.15   7.00    0.640    0.161   0.655   0.082
10.15   7.00    0.641    0.158   0.655   0.079

10.16   0.00    0.081    0.078   0.032   0.037   0.012   0.000   0.000   0.000   0.000   0.000   0.000 633658700
10.16   4.46   36.495
10.16   7.00    0.313    0.342
10.16   7.00    0.655   39.782
10.16   7.00    0.640    0.161   0.655   0.082
10.16   7.00    0.640    0.158   0.655   0.079

10.17   0.00    0.081    0.078   0.032   0.037   0.012   0.000   0.000   0.000   0.000   0.000   0.000 634282400
10.17   4.46   36.494
10.17   7.00    0.312    0.342
10.17   7.00    0.655   39.780
10.17   7.00    0.640    0.161   0.655   0.082
10.17   7.00    0.640    0.158   0.655   0.079

10.18   0.00    0.081    0.078   0.032   0.037   0.012   0.000   0.000   0.000   0.000   0.000   0.000 634906000
10.18   4.46   36.494
10.18   7.00    0.312    0.342
10.18   7.00    0.655   39.778
10.18   7.00    0.640    0.161   0.655   0.082
10.18   7.00    0.640    0.158   0.655   0.079

10.19   0.00    0.081    0.078   0.032   0.037   0.012   0.000   0.000   0.000   0.000   0.000   0.000 635529700
10.19   4.46   36.494
10.19   7.00    0.312    0.342
10.19   7.00    0.654   39.776
10.19   7.00    0.640    0.161   0.654   0.082
10.19   7.00    0.640    0.158   0.654   0.079

10.20   0.00    0.081    0.078   0.032   0.037   0.012   0.000   0.000   0.000   0.000   0.000   0.000 636153400
10.20   4.46   36.494
10.20   7.00    0.312    0.342
10.20   7.00    0.654   39.775
10.20   7.00    0.639    0.161   0.654   0.082
10.20   7.00    0.640    0.158   0.654   0.079

10.21   0.00    0.081    0.078   0.032   0.037   0.012   0.000   0.000   0.000   0.000   0.000   0.000 636777100
10.21   4.46   36.494
10.21   7.00    0.312    0.342
10.21   7.00    0.654   39.773
10.21   7.00    0.639    0.161   0.654   0.082
10.21   7.00    0.640    0.158   0.654   0.079

10.22   0.00    0.081    0.078   0.032   0.037   0.012   0.000   0.000   0.000   0.000   0.000   0.000 637400800
10.22   4.46   36.493
10.22   7.00    0.312    0.342
10.22   7.00    0.654   39.771
10.22   7.00    0.639    0.161   0.654   0.082
10.22   7.00    0.639    0.158   0.654   0.079

10.23   0.00    0.081    0.078   0.032   0.037   0.012   0.000   0.000   0.000   0.000   0.000   0.000 638024400
10.23   4.46   36.493
10.23   7.00    0.312    0.342
10.23   7.00    0.654   39.769
10.23   7.00    0.639    0.161   0.654   0.082
10.23   7.00    0.639    0.158   0.654   0.079

10.24   0.00    0.081    0.078   0.032   0.037   0.012   0.000   0.000   0.000   0.000   0.000   0.000 638648100
10.24   4.46   36.493
10.24   7.00    0.312    0.342
10.24   7.00    0.654   39.768
10.24   7.00    0.639    0.161   0.654   0.082
10.24   7.00    0.639    0.158   0.654   0.079

10.25   0.00    0.081    0.078   0.032   0.037   0.012   0.000   0.000   0.000   0.000   0.000   0.000 639271800
10.25   4.45   36.493
10.25   7.00    0.312    0.342
10.25   7.00    0.653   39.766
10.25   7.00    0.638    0.161   0.653   0.082
10.25   7.00    0.639    0.158   0.653   0.079

10.26   0.00    0.081    0.078   0.032   0.037   0.012   0.000   0.000   0.000   0.000   0.000   0.000 639895500
10.26   4.45   36.493
10.26   7.00    0.312    0.342
10.26   7.00    0.653   39.764
10.26   7.00    0.638    0.161   0.653   0.082
10.26   7.00    0.639    0.158   0.653   0.079

10.27   0.00    0.080    0.078   0.032   0.037   0.012   0.000   0.000   0.000   0.000   0.000   0.000 640519200
10.27   4.45   36.492
10.27   7.00    0.311    0.342
10.27   7.00    0.653   39.762
10.27   7.00    0.638    0.161   0.653   0.082
10.27   7.00    0.638    0.158   0.653   0.079

10.28   0.00    0.080    0.078   0.032   0.037   0.012   0.000   0.000   0.000   0.000   0.000   0.000 641142800
10.28   4.45   36.492
10.28   7.00    0.311    0.341
10.28   7.00    0.653   39.761
10.28   7.00    0.638    0.161   0.653   0.082
10.28   7.00    0.638    0.158   0.653   0.079

10.29   0.00    0.080    0.078   0.032   0.037   0.012   0.000   0.000   0.000   0.000   0.000   0.000 641766500
10.29   4.45   36.492
10.29   7.00    0.311    0.341
10.29   7.00    0.653   39.759
10.29   7.00    0.638    0.161   0.653   0.082
10.29   7.00    0.638    0.158   0.653   0.079

10.30   0.00    0.080    0.078   0.032   0.037   0.012   0.000   0.000   0.000   0.000   0.000   0.000 642390200
10.30   4.45   36.492
10.30   7.00    0.311    0.341
10.30   7.00    0.652   39.757
10.30   7.00    0.638    0.161   0.652   0.082
10.30   7.00    0.638    0.158   0.652   0.079

10.31   0.00    0.080    0.078   0.032   0.037   0.012   0.000   0.000   0.000   0.000   0.000   0.000 643013900
10.31   4.45   36.491
10.31   7.00    0.311    0.341
10.31   7.00    0.652   39.755
10.31   7.00    0.637    0.160   0.652   0.082
10.31   7.00    0.638    0.158   0.652   0.079

10.32   0.00    0.080    0.078   0.032   0.037   0.012   0.000   0.000   0.000   0.000   0.000   0.000 643637500
10.32   4.45   36.491
10.32   7.00    0.311    0.341
10.32   7.00    0.652   39.754
10.32   7.00    0.637    0.160   0.652   0.082
10.32   7.00    0.638    0.158   0.652   0.079

10.33   0.00    0.080    0.078   0.032   0.037   0.012   0.000   0.000   0.000   0.000   0.000   0.000 644261200
10.33   4.45   36.491
10.33   7.00    0.311    0.341
10.33   7.00    0.652   39.752
10.33   7.00    0.637    0.160   0.652   0.082
10.33   7.00    0.637    0.158   0.652   0.079

10.34   0.00    0.080    0.078   0.032   0.037   0.012   0.000   0.000   0.000   0.000   0.000   0.000 644884900
10.34   4.45   36.491
10.34   7.00    0.311    0.341
10.34   7.00    0.652   39.750
10.34   7.00    0.637    0.160   0.652   0.082
10.34   7.00    0.637    0.158   0.652   0.079

10.35   0.00    0.080    0.078   0.032   0.037   0.011   0.000   0.000   0.000   0.000   0.000   0.000 645508600
10.35   4.45   36.491
10.35   7.00    0.311    0.341
10.35   7.00    0.652   39.749
10.35   7.00    0.637    0.160   0.652   0.082
10.35   7.00    0.637    0.158   0.652   0.079

10.36   0.00    0.080    0.078   0.032   0.037   0.011   0.000   0.000   0.000   0.000   0.000   0.000 646132200
10.36   4.45   36.490
10.36   7.00    0.311    0.341
10.36   7.00    0.651   39.747
10.36   7.00    0.637    0.160   0.651   0.081
10.36   7.00    0.637    0.158   0.651   0.079

10.37   0.00    0.080    0.078   0.032   0.037   0.011   0.000   0.000   0.000   0.000   0.000   0.000 646756000
10.37   4.44   36.490
10.37   7.00    0.310    0.341
10.37   7.00    0.651   39.745
10.37   7.00    0.636    0.160   0.651   0.081
10.37   7.00    0.637    0.158   0.651   0.079

10.38   0.00    0.080    0.078   0.032   0.037   0.011   0.000   0.000   0.000   0.000   0.000   0.000 647379600
10.38   4.44   36.490
10.38   7.00    0.310    0.341
10.38   7.00    0.651   39.743
10.38   7.00    0.636    0.160   0.651   0.081
10.38   7.00    0.637    0.157   0.651   0.079

10.39   0.00    0.080    0.078   0.032   0.037   0.011   0.000   0.000   0.000   0.000   0.000   0.000 648003300
10.39   4.44   36.490
10.39   7.00    0.310    0.341
10.39   7.00    0.651   39.742
10.39   7.00    0.636    0.160   0.651   0.081
10.39   7.00    0.636    0.157   0.651   0.079

10.40   0.00    0.080    0.078   0.032   0.037   0.011   0.000   0.000   0.000   0.000   0.000   0.000 648626900
10.40   4.44   36.490
10.40   7.00    0.310    0.340
10.40   7.00    0.651   39.740
10.40   7.00    0.636    0.160   0.651   0.081
10.40   7.00    0.636    0.157   0.651   0.079

10.41   0.00    0.080    0.077   0.032   0.037   0.011   0.000   0.000   0.000   0.000   0.000   0.000 649250700
10.41   4.44   36.489
10.41   7.00    0.310    0.340
10.41   7.00    0.650   39.738
10.41   7.00    0.636    0.160   0.650   0.081
10.41   7.00    0.636    0.157   0.650   0.079

10.42   0.00    0.080    0.077   0.032   0.037   0.011   0.000   0.000   0.000   0.000   0.000   0.000 649874400
10.42   4.44   36.489
10.42   7.00    0.310    0.340
10.42   7.00    0.650   39.737
10.42   7.00    0.635    0.160   0.650   0.081
10.42   7.00    0.636    0.157   0.650   0.079

10.43   0.00    0.080    0.077   0.032   0.037   0.011   0.000   0.000   0.000   0.000   0.000   0.000 650498000
10.43   4.44   36.489
10.43   7.00    0.310    0.340
10.43   7.00    0.650   39.735
10.43   7.00    0.635    0.160   0.650   0.081
10.43   7.00    0.636    0.157   0.650   0.079

10.44   0.00    0.080    0.077   0.032   0.037   0.011   0.000   0.000   0.000   0.000   0.000   0.000 651121700
10.44   4.44   36.489
10.44   7.00    0.310    0.340
10.44   7.00    0.650   39.734
10.44   7.00    0.635    0.160   0.650   0.081
10.44   7.00    0.635    0.157   0.650   0.079

10.45   0.00    0.080    0.077   0.032   0.037   0.011   0.000   0.000   0.000   0.000   0.000   0.000 651745400
10.45   4.44   36.488
10.45   7.00    0.310    0.340
10.45   7.00    0.650   39.732
10.45   7.00    0.635    0.160   0.650   0.081
10.45   7.00    0.635    0.157   0.650   0.079

10.46   0.00    0.080    0.077   0.032   0.037   0.011   0.000   0.000   0.000   0.000   0.000   0.000 652369100
10.46   4.44   36.488
10.46   7.00    0.310    0.340
10.46   7.00    0.650   39.730
10.46   7.00    0.635    0.160   0.650   0.081
10.46   7.00    0.635    0.157   0.650   0.079

10.47   0.00    0.080    0.077   0.032   0.037   0.011   0.000   0.000   0.000   0.000   0.000   0.000 652992800
10.47   4.44   36.488
10.47   7.00    0.309    0.340
10.47   7.00    0.649   39.729
10.47   7.00    0.635    0.160   0.649   0.081
10.47   7.00    0.635    0.157   0.649   0.079

10.48   0.00    0.080    0.077   0.032   0.037   0.011   0.000   0.000   0.000   0.000   0.000   0.000 653616400
10.48   4.44   36.488
10.48   7.00    0.309    0.340
10.48   7.00    0.649   39.727
10.48   7.00    0.634    0.160   0.649   0.081
10.48   7.00    0.635    0.157   0.649   0.079

10.49   0.00    0.080    0.077   0.032   0.037   0.011   0.000   0.000   0.000   0.000   0.000   0.000 654240100
10.49   4.44   36.488
10.49   7.00    0.309    0.340
10.49   7.00    0.649   39.725
10.49   7.00    0.634    0.160   0.649   0.081
10.49   7.00    0.635    0.157   0.649   0.079

10.50   0.00    0.080    0.077   0.032   0.037   0.011   0.000   0.000   0.000   0.000   0.000   0.000 654863800
10.50   4.43   36.487
10.50   7.00    0.309    0.340
10.50   7.00    0.649   39.724
10.50   7.00    0.634    0.160   0.649   0.081
10.50   7.00    0.634    0.157   0.649   0.078

10.51   0.00    0.080    0.077   0.032   0.037   0.011   0.000   0.000   0.000   0.000   0.000   0.000 655487500
10.51   4.43   36.487
10.51   7.00    0.309    0.340
10.51   7.00    0.649   39.722
10.51   7.00    0.634    0.160   0.649   0.081
10.51   7.00    0.634    0.157   0.649   0.078

10.52   0.00    0.080    0.077   0.032   0.037   0.011   0.000   0.000   0.000   0.000   0.000   0.000 656111200
10.52   4.43   36.487
10.52   7.00    0.309    0.340
10.52   7.00    0.649   39.720
10.52   7.00    0.634    0.160   0.649   0.081
10.52   7.00    0.634    0.157   0.649   0.078

10.53   0.00    0.080    0.077   0.032   0.037   0.011   0.000   0.000   0.000   0.000   0.000   0.000 656734800
10.53   4.43   36.487
10.53   7.00    0.309    0.339
10.53   7.00    0.648   39.719
10.53   7.00    0.634    0.160   0.648   0.081
10.53   7.00    0.634    0.157   0.648   0.078

10.54   0.00    0.080    0.077   0.032   0.037   0.011   0.000   0.000   0.000   0.000   0.000   0.000 657358500
10.54   4.43   36.487
10.54   7.00    0.309    0.339
10.54   7.00    0.648   39.717
10.54   7.00    0.633    0.159   0.648   0.081
10.54   7.00    0.634    0.157   0.648   0.078

10.55   0.00    0.080    0.077   0.032   0.037   0.011   0.000   0.000   0.000   0.000   0.000   0.000 657982200
10.55   4.43   36.486
10.55   7.00    0.309    0.339
10.55   7.00    0.648   39.716
10.55   7.00    0.633    0.159   0.648   0.081
10.55   7.00    0.634    0.157   0.648   0.078

10.56   0.00    0.080    0.077   0.032   0.037   0.011   0.000   0.000   0.000   0.000   0.000   0.000 658605900
10.56   4.43   36.486
10.56   7.00    0.309    0.339
10.56   7.00    0.648   39.714
10.56   7.00    0.633    0.159   0.648   0.081
10.56   7.00    0.633    0.157   0.648   0.078

10.57   0.00    0.080    0.077   0.032   0.037   0.011   0.000   0.000   0.000   0.000   0.000   0.000 659229500
10.57   4.43   36.486
10.57   7.00    0.308    0.339
10.57   7.00    0.648   39.713
10.57   7.00    0.633    0.159   0.648   0.081
10.57   7.00    0.633    0.157   0.648   0.078

10.58   0.00    0.080    0.077   0.032   0.037   0.011   0.000   0.000   0.000   0.000   0.000   0.000 659853200
10.58   4.43   36.486
10.58   7.00    0.308    0.339
10.58   7.00    0.647   39.711
10.58   7.00    0.633    0.159   0.647   0.081
10.58   7.00    0.633    0.157   0.647   0.078

10.59   0.00    0.080    0.077   0.032   0.037   0.011   0.000   0.000   0.000   0.000   0.000   0.000 660476900
10.59   4.43   36.486
10.59   7.00    0.308    0.339
10.59   7.00    0.647   39.709
10.59   7.00    0.633    0.159   0.647   0.081
10.59   7.00    0.633    0.157   0.647   0.078

10.60   0.00    0.080    0.077   0.032   0.037   0.011   0.000   0.000   0.000   0.000   0.000   0.000 661100600
10.60   4.43   36.485
10.60   7.00    0.308    0.339
10.60   7.00    0.647   39.708
10.60   7.00    0.632    0.159   0.647   0.081
10.60   7.00    0.633    0.157   0.647   0.078

10.61   0.00    0.080    0.077   0.032   0.037   0.011   0.000   0.000   0.000   0.000   0.000   0.000 661724200
10.61   4.43   36.485
10.61   7.00    0.308    0.339
10.61   7.00    0.647   39.706
10.61   7.00    0.632    0.159   0.647   0.081
10.61   7.00    0.633    0.157   0.647   0.078

10.62   0.00    0.080    0.077   0.032   0.037   0.011   0.000   0.000   0.000   0.000   0.000   0.000 662348000
10.62   4.42   36.485
10.62   7.00    0.308    0.339
10.62   7.00    0.647   39.705
10.62   7.00    0.632    0.159   0.647   0.081
10.62   7.00    0.632    0.157   0.647   0.078

10.63   0.00    0.080    0.077   0.032   0.037   0.011   0.000   0.000   0.000   0.000   0.000   0.000 662971600
10.63   4.42   36.485
10.63   7.00    0.308    0.339
10.63   7.00    0.647   39.703
10.63   7.00    0.632    0.159   0.647   0.081
10.63   7.00    0.632    0.156   0.647   0.078

10.64   0.00    0.080    0.077   0.032   0.037   0.011   0.000   0.000   0.000   0.000   0.000   0.000 663595300
10.64   4.42   36.485
10.64   7.00    0.308    0.339
10.64   7.00    0.646   39.702
10.64   7.00    0.632    0.159   0.646   0.081
10.64   7.00    0.632    0.156   0.646   0.078

10.65   0.00    0.080    0.077   0.032   0.037   0.011   0.000   0.000   0.000   0.000   0.000   0.000 664218900
10.65   4.42   36.484
10.65   7.00    0.308    0.339
10.65   7.00    0.646   39.700
10.65   7.00    0.632    0.159   0.646   0.081
10.65   7.00    0.632    0.156   0.646   0.078

10.66   0.00    0.080    0.077   0.032   0.037   0.011   0.000   0.000   0.000   0.000   0.000   0.000 664842700
10.66   4.42   36.484
10.66   7.00    0.308    0.338
10.66   7.00    0.646   39.698
10.66   7.00    0.631    0.159   0.646   0.081
10.66   7.00    0.632    0.156   0.646   0.078

10.67   0.00    0.080    0.077   0.032   0.037   0.011   0.000   0.000   0.000   0.000   0.000   0.000 665466400
10.67   4.42   36.484
10.67   7.00    0.308    0.338
10.67   7.00    0.646   39.697
10.67   7.00    0.631    0.159   0.646   0.081
10.67   7.00    0.632    0.156   0.646   0.078

10.68   0.00    0.080    0.077   0.032   0.037   0.011   0.000   0.000   0.000   0.000   0.000   0.000 666090000
10.68   4.42   36.484
10.68   7.00    0.307    0.338
10.68   7.00    0.646   39.695
10.68   7.00    0.631    0.159   0.646   0.081
10.68   7.00    0.631    0.156   0.646   0.078

10.69   0.00    0.080    0.077   0.032   0.037   0.011   0.000   0.000   0.000   0.000   0.000   0.000 666713700
10.69   4.42   36.483
10.69   7.00    0.307    0.338
10.69   7.00    0.646   39.694
10.69   7.00    0.631    0.159   0.646   0.081
10.69   7.00    0.631    0.156   0.646   0.078

10.70   0.00    0.080    0.077   0.032   0.037   0.011   0.000   0.000   0.000   0.000   0.000   0.000 667337300
10.70   4.42   36.483
10.70   7.00    0.307    0.338
10.70   7.00    0.645   39.692
10.70   7.00    0.631    0.159   0.645   0.081
10.70   7.00    0.631    0.156   0.645   0.078

10.71   0.00    0.080    0.077   0.032   0.037   0.011   0.000   0.000   0.000   0.000   0.000   0.000 667961100
10.71   4.42   36.483
10.71   7.00    0.307    0.338
10.71   7.00    0.645   39.691
10.71   7.00    0.631    0.159   0.645   0.081
10.71   7.00    0.631    0.156   0.645   0.078

10.72   0.00    0.079    0.077   0.032   0.037   0.011   0.000   0.000   0.000   0.000   0.000   0.000 668584800
10.72   4.42   36.483
10.72   7.00    0.307    0.338
10.72   7.00    0.645   39.689
10.72   7.00    0.630    0.159   0.645   0.081
10.72   7.00    0.631    0.156   0.645   0.078

10.73   0.00    0.079    0.077   0.032   0.037   0.011   0.000   0.000   0.000   0.000   0.000   0.000 669208400
10.73   4.42   36.483
10.73   7.00    0.307    0.338
10.73   7.00    0.645   39.688
10.73   7.00    0.630    0.159   0.645   0.081
10.73   7.00    0.631    0.156   0.645   0.078

10.74   0.00    0.079    0.077   0.032   0.037   0.011   0.000   0.000   0.000   0.000   0.000   0.000 669832100
10.74   4.42   36.482
10.74   7.00    0.307    0.338
10.74   7.00    0.645   39.686
10.74   7.00    0.630    0.159   0.645   0.081
10.74   7.00    0.630    0.156   0.645   0.078

10.75   0.00    0.079    0.077   0.032   0.037   0.011   0.000   0.000   0.000   0.000   0.000   0.000 670455800
10.75   4.41   36.482
10.75   7.00    0.307    0.338
10.75   7.00    0.645   39.685
10.75   7.00    0.630    0.159   0.645   0.081
10.75   7.00    0.630    0.156   0.645   0.078

10.76   0.00    0.079    0.077   0.032   0.037   0.011   0.000   0.000   0.000   0.000   0.000   0.000 671079500
10.76   4.41   36.482
10.76   7.00    0.307    0.338
10.76   7.00    0.644   39.683
10.76   7.00    0.630    0.159   0.644   0.081
10.76   7.00    0.630    0.156   0.644   0.078

10.77   0.00    0.079    0.077   0.032   0.037   0.011   0.000   0.000   0.000   0.000   0.000   0.000 671703200
10.77   4.41   36.482
10.77   7.00    0.307    0.338
10.77   7.00    0.644   39.682
10.77   7.00    0.630    0.158   0.644   0.081
10.77   7.00    0.630    0.156   0.644   0.078

10.78   0.00    0.079    0.077   0.032   0.037   0.011   0.000   0.000   0.000   0.000   0.000   0.000 672326800
10.78   4.41   36.482
10.78   7.00    0.306    0.338
10.78   7.00    0.644   39.680
10.78   7.00    0.630    0.158   0.644   0.081
10.78   7.00    0.630    0.156   0.644   0.078

10.79   0.00    0.079    0.077   0.032   0.037   0.011   0.000   0.000   0.000   0.000   0.000   0.000 672950500
10.79   4.41   36.481
10.79   7.00    0.306    0.338
10.79   7.00    0.644   39.679
10.79   7.00    0.629    0.158   0.644   0.081
10.79   7.00    0.630    0.156   0.644   0.078

10.80   0.00    0.079    0.077   0.032   0.037   0.011   0.000   0.000   0.000   0.000   0.000   0.000 673574200
10.80   4.41   36.481
10.80   7.00    0.306    0.337
10.80   7.00    0.644   39.677
10.80   7.00    0.629    0.158   0.644   0.081
10.80   7.00    0.629    0.156   0.644   0.078

10.81   0.00    0.079    0.077   0.032   0.037   0.011   0.000   0.000   0.000   0.000   0.000   0.000 674197900
10.81   4.41   36.481
10.81   7.00    0.306    0.337
10.81   7.00    0.644   39.676
10.81   7.00    0.629    0.158   0.644   0.080
10.81   7.00    0.629    0.156   0.644   0.078

10.82   0.00    0.079    0.077   0.032   0.037   0.011   0.000   0.000   0.000   0.000   0.000   0.000 674821500
10.82   4.41   36.481
10.82   7.00    0.306    0.337
10.82   7.00    0.643   39.674
10.82   7.00    0.629    0.158   0.643   0.080
10.82   7.00    0.629    0.156   0.643   0.078

10.83   0.00    0.079    0.077   0.032   0.037   0.011   0.000   0.000   0.000   0.000   0.000   0.000 675445200
10.83   4.41   36.481
10.83   7.00    0.306    0.337
10.83   7.00    0.643   39.673
10.83   7.00    0.629    0.158   0.643   0.080
10.83   7.00    0.629    0.156   0.643   0.078

10.84   0.00    0.079    0.077   0.032   0.037   0.011   0.000   0.000   0.000   0.000   0.000   0.000 676068900
10.84   4.41   36.480
10.84   7.00    0.306    0.337
10.84   7.00    0.643   39.671
10.84   7.00    0.629    0.158   0.643   0.080
10.84   7.00    0.629    0.156   0.643   0.078

10.85   0.00    0.079    0.077   0.032   0.037   0.011   0.000   0.000   0.000   0.000   0.000   0.000 676692600
10.85   4.41   36.480
10.85   7.00    0.306    0.337
10.85   7.00    0.643   39.670
10.85   7.00    0.628    0.158   0.643   0.080
10.85   7.00    0.629    0.156   0.643   0.078

10.86   0.00    0.079    0.077   0.032   0.037   0.010   0.000   0.000   0.000   0.000   0.000   0.000 677316200
10.86   4.41   36.480
10.86   7.00    0.306    0.337
10.86   7.00    0.643   39.669
10.86   7.00    0.628    0.158   0.643   0.080
10.86   7.00    0.629    0.156   0.643   0.078

10.87   0.00    0.079    0.077   0.032   0.037   0.010   0.000   0.000   0.000   0.000   0.000   0.000 677939900
10.87   4.41   36.480
10.87   7.00    0.306    0.337
10.87   7.00    0.643   39.667
10.87   7.00    0.628    0.158   0.643   0.080
10.87   7.00    0.628    0.156   0.643   0.078

10.88   0.00    0.079    0.077   0.032   0.037   0.010   0.000   0.000   0.000   0.000   0.000   0.000 678563600
10.88   4.40   36.480
10.88   7.00    0.306    0.337
10.88   7.00    0.643   39.666
10.88   7.00    0.628    0.158   0.643   0.080
10.88   7.00    0.628    0.156   0.643   0.078

10.89   0.00    0.079    0.077   0.032   0.037   0.010   0.000   0.000   0.000   0.000   0.000   0.000 679187300
10.89   4.40   36.479
10.89   7.00    0.305    0.337
10.89   7.00    0.642   39.664
10.89   7.00    0.628    0.158   0.642   0.080
10.89   7.00    0.628    0.156   0.642   0.078

10.90   0.00    0.079    0.077   0.032   0.037   0.010   0.000   0.000   0.000   0.000   0.000   0.000 679810900
10.90   4.40   36.479
10.90   7.00    0.305    0.337
10.90   7.00    0.642   39.663
10.90   7.00    0.628    0.158   0.642   0.080
10.90   7.00    0.628    0.155   0.642   0.078

10.91   0.00    0.079    0.077   0.032   0.037   0.010   0.000   0.000   0.000   0.000   0.000   0.000 680434600
10.91   4.40   36.479
10.91   7.00    0.305    0.337
10.91   7.00    0.642   39.661
10.91   7.00    0.627    0.158   0.642   0.080
10.91   7.00    0.628    0.155   0.642   0.078

10.92   0.00    0.079    0.077   0.032   0.037   0.010   0.000   0.000   0.000   0.000   0.000   0.000 681058400
10.92   4.40   36.479
10.92   7.00    0.305    0.337
10.92   7.00    0.642   39.660
10.92   7.00    0.627    0.158   0.642   0.080
10.92   7.00    0.628    0.155   0.642   0.078

10.93   0.00    0.079    0.077   0.032   0.037   0.010   0.000   0.000   0.000   0.000   0.000   0.000 681682000
10.93   4.40   36.479
10.93   7.00    0.305    0.337
10.93   7.00    0.642   39.658
10.93   7.00    0.627    0.158   0.642   0.080
10.93   7.00    0.627    0.155   0.642   0.078

10.94   0.00    0.079    0.077   0.032   0.037   0.010   0.000   0.000   0.000   0.000   0.000   0.000 682305700
10.94   4.40   36.479
10.94   7.00    0.305    0.337
10.94   7.00    0.642   39.657
10.94   7.00    0.627    0.158   0.642   0.080
10.94   7.00    0.627    0.155   0.642   0.078

10.95   0.00    0.079    0.077   0.032   0.037   0.010   0.000   0.000   0.000   0.000   0.000   0.000 682929300
10.95   4.40   36.478
10.95   7.00    0.305    0.336
10.95   7.00    0.641   39.656
10.95   7.00    0.627    0.158   0.641   0.080
10.95   7.00    0.627    0.155   0.641   0.078

10.96   0.00    0.079    0.077   0.032   0.037   0.010   0.000   0.000   0.000   0.000   0.000   0.000 683553100
10.96   4.40   36.478
10.96   7.00    0.305    0.336
10.96   7.00    0.641   39.654
10.96   7.00    0.627    0.158   0.641   0.080
10.96   7.00    0.627    0.155   0.641   0.078

10.97   0.00    0.079    0.077   0.032   0.037   0.010   0.000   0.000   0.000   0.000   0.000   0.000 684176800
10.97   4.40   36.478
10.97   7.00    0.305    0.336
10.97   7.00    0.641   39.653
10.97   7.00    0.627    0.158   0.641   0.080
10.97   7.00    0.627    0.155   0.641   0.078

10.98   0.00    0.079    0.077   0.032   0.037   0.010   0.000   0.000   0.000   0.000   0.000   0.000 684800400
10.98   4.40   36.478
10.98   7.00    0.305    0.336
10.98   7.00    0.641   39.651
10.98   7.00    0.626    0.158   0.641   0.080
10.98   7.00    0.627    0.155   0.641   0.078

10.99   0.00    0.079    0.077   0.032   0.037   0.010   0.000   0.000   0.000   0.000   0.000   0.000 685424100
10.99   4.40   36.478
10.99   7.00    0.305    0.336
10.99   7.00    0.641   39.650
10.99   7.00    0.626    0.158   0.641   0.080
10.99   7.00    0.627    0.155   0.641   0.078

11.00   0.00    0.079    0.076   0.032   0.037   0.010   0.000   0.000   0.000   0.000   0.000   0.000 686047800
11.00   4.40   36.477
11.00   7.00    0.304    0.336
11.00   7.00    0.641   39.649
11.00   7.00    0.626    0.158   0.641   0.080
11.00   7.00    0.626    0.155   0.641   0.078

11.01   0.00    0.079    0.076   0.032   0.037   0.010   0.000   0.000   0.000   0.000   0.000   0.000 686671500
11.01   4.40   36.477
11.01   7.00    0.304    0.336
11.01   7.00    0.640   39.647
11.01   7.00    0.626    0.158   0.640   0.080
11.01   7.00    0.626    0.155   0.640   0.078

11.02   0.00    0.079    0.076   0.032   0.037   0.010   0.000   0.000   0.000   0.000   0.000   0.000 687295200
11.02   4.39   36.477
11.02   7.00    0.304    0.336
11.02   7.00    0.640   39.646
11.02   7.00    0.626    0.157   0.640   0.080
11.02   7.00    0.626    0.155   0.640   0.078

11.03   0.00    0.079    0.076   0.032   0.037   0.010   0.000   0.000   0.000   0.000   0.000   0.000 687918800
11.03   4.39   36.477
11.03   7.00    0.304    0.336
11.03   7.00    0.640   39.644
11.03   7.00    0.626    0.157   0.640   0.080
11.03   7.00    0.626    0.155   0.640   0.078

11.04   0.00    0.079    0.076   0.032   0.037   0.010   0.000   0.000   0.000   0.000   0.000   0.000 688542500
11.04   4.39   36.477
11.04   7.00    0.304    0.336
11.04   7.00    0.640   39.643
11.04   7.00    0.625    0.157   0.640   0.080
11.04   7.00    0.626    0.155   0.640   0.078

11.05   0.00    0.079    0.076   0.032   0.037   0.010   0.000   0.000   0.000   0.000   0.000   0.000 689166200
11.05   4.39   36.476
11.05   7.00    0.304    0.336
11.05   7.00    0.640   39.642
11.05   7.00    0.625    0.157   0.640   0.080
11.05   7.00    0.626    0.155   0.640   0.078

11.06   0.00    0.079    0.076   0.032   0.037   0.010   0.000   0.000   0.000   0.000   0.000   0.000 689789900
11.06   4.39   36.476
11.06   7.00    0.304    0.336
11.06   7.00    0.640   39.640
11.06   7.00    0.625    0.157   0.640   0.080
11.06   7.00    0.625    0.155   0.640   0.078

11.07   0.00    0.079    0.076   0.032   0.037   0.010   0.000   0.000   0.000   0.000   0.000   0.000 690413500
11.07   4.39   36.476
11.07   7.00    0.304    0.336
11.07   7.00    0.640   39.639
11.07   7.00    0.625    0.157   0.640   0.080
11.07   7.00    0.625    0.155   0.640   0.078

11.08   0.00    0.079    0.076   0.032   0.037   0.010   0.000   0.000   0.000   0.000   0.000   0.000 691037200
11.08   4.39   36.476
11.08   7.00    0.304    0.336
11.08   7.00    0.639   39.637
11.08   7.00    0.625    0.157   0.639   0.080
11.08   7.00    0.625    0.155   0.639   0.078

11.09   0.00    0.079    0.076   0.032   0.037   0.010   0.000   0.000   0.000   0.000   0.000   0.000 691660900
11.09   4.39   36.476
11.09   7.00    0.304    0.336
11.09   7.00    0.639   39.636
11.09   7.00    0.625    0.157   0.639   0.080
11.09   7.00    0.625    0.155   0.639   0.078

11.10   0.00    0.079    0.076   0.032   0.037   0.010   0.000   0.000   0.000   0.000   0.000   0.000 692284600
11.10   4.39   36.475
11.10   7.00    0.304    0.335
11.10   7.00    0.639   39.635
11.10   7.00    0.625    0.157   0.639   0.080
11.10   7.00    0.625    0.155   0.639   0.077

11.11   0.00    0.079    0.076   0.032   0.037   0.010   0.000   0.000   0.000   0.000   0.000   0.000 692908200
11.11   4.39   36.475
11.11   7.00    0.303    0.335
11.11   7.00    0.639   39.633
11.11   7.00    0.624    0.157   0.639   0.080
11.11   7.00    0.625    0.155   0.639   0.077

11.12   0.00    0.079    0.076   0.032   0.037   0.010   0.000   0.000   0.000   0.000   0.000   0.000 693531900
11.12   4.39   36.475
11.12   7.00    0.303    0.335
11.12   7.00    0.639   39.632
11.12   7.00    0.624    0.157   0.639   0.080
11.12   7.00    0.625    0.155   0.639   0.077

11.13   0.00    0.079    0.076   0.032   0.037   0.010   0.000   0.000   0.000   0.000   0.000   0.000 694155600
11.13   4.39   36.475
11.13   7.00    0.303    0.335
11.13   7.00    0.639   39.631
11.13   7.00    0.624    0.157   0.639   0.080
11.13   7.00    0.624    0.155   0.639   0.077

11.14   0.00    0.079    0.076   0.032   0.037   0.010   0.000   0.000   0.000   0.000   0.000   0.000 694779300
11.14   4.39   36.475
11.14   7.00    0.303    0.335
11.14   7.00    0.638   39.629
11.14   7.00    0.624    0.157   0.638   0.080
11.14   7.00    0.624    0.155   0.638   0.077

11.15   0.00    0.079    0.076   0.032   0.037   0.010   0.000   0.000   0.000   0.000   0.000   0.000 695402900
11.15   4.38   36.475
11.15   7.00    0.303    0.335
11.15   7.00    0.638   39.628
11.15   7.00    0.624    0.157   0.638   0.080
11.15   7.00    0.624    0.155   0.638   0.077

11.16   0.00    0.079    0.076   0.032   0.037   0.010   0.000   0.000   0.000   0.000   0.000   0.000 696026600
11.16   4.38   36.474
11.16   7.00    0.303    0.335
11.16   7.00    0.638   39.627
11.16   7.00    0.624    0.157   0.638   0.080
11.16   7.00    0.624    0.155   0.638   0.077

11.17   0.00    0.079    0.076   0.032   0.037   0.010   0.000   0.000   0.000   0.000   0.000   0.000 696650400
11.17   4.38   36.474
11.17   7.00    0.303    0.335
11.17   7.00    0.638   39.625
11.17   7.00    0.624    0.157   0.638   0.080
11.17   7.00    0.624    0.155   0.638   0.077

11.18   0.00    0.079    0.076   0.032   0.037   0.010   0.000   0.000   0.000   0.000   0.000   0.000 697274000
11.18   4.38   36.474
11.18   7.00    0.303    0.335
11.18   7.00    0.638   39.624
11.18   7.00    0.623    0.157   0.638   0.080
11.18   7.00    0.624    0.155   0.638   0.077

11.19   0.00    0.079    0.076   0.032   0.037   0.010   0.000   0.000   0.000   0.000   0.000   0.000 697897700
11.19   4.38   36.474
11.19   7.00    0.303    0.335
11.19   7.00    0.638   39.623
11.19   7.00    0.623    0.157   0.638   0.080
11.19   7.00    0.624    0.154   0.638   0.077

11.20   0.00    0.079    0.076   0.032   0.037   0.010   0.000   0.000   0.000   0.000   0.000   0.000 698521300
11.20   4.38   36.474
11.20   7.00    0.303    0.335
11.20   7.00    0.638   39.621
11.20   7.00    0.623    0.157   0.638   0.080
11.20   7.00    0.623    0.154   0.638   0.077

11.21   0.00    0.079    0.076   0.032   0.037   0.010   0.000   0.000   0.000   0.000   0.000   0.000 699145100
11.21   4.38   36.473
11.21   7.00    0.303    0.335
11.21   7.00    0.637   39.620
11.21   7.00    0.623    0.157   0.637   0.080
11.21   7.00    0.623    0.154   0.637   0.077

11.22   0.00    0.078    0.076   0.032   0.037   0.010   0.000   0.000   0.000   0.000   0.000   0.000 699768800
11.22   4.38   36.473
11.22   7.00    0.303    0.335
11.22   7.00    0.637   39.619
11.22   7.00    0.623    0.157   0.637   0.080
11.22   7.00    0.623    0.154   0.637   0.077

11.23   0.00    0.078    0.076   0.032   0.037   0.010   0.000   0.000   0.000   0.000   0.000   0.000 700392400
11.23   4.38   36.473
11.23   7.00    0.302    0.335
11.23   7.00    0.637   39.617
11.23   7.00    0.623    0.157   0.637   0.080
11.23   7.00    0.623    0.154   0.637   0.077

11.24   0.00    0.078    0.076   0.032   0.037   0.010   0.000   0.000   0.000   0.000   0.000   0.000 701016100
11.24   4.38   36.473
11.24   7.00    0.302    0.335
11.24   7.00    0.637   39.616
11.24   7.00    0.622    0.157   0.637   0.080
11.24   7.00    0.623    0.154   0.637   0.077

11.25   0.00    0.078    0.076   0.032   0.037   0.010   0.000   0.000   0.000   0.000   0.000   0.000 701639700
11.25   4.38   36.473
11.25   7.00    0.302    0.335
11.25   7.00    0.637   39.615
11.25   7.00    0.622    0.157   0.637   0.080
11.25   7.00    0.623    0.154   0.637   0.077

11.26   0.00    0.078    0.076   0.032   0.037   0.010   0.000   0.000   0.000   0.000   0.000   0.000 702263500
11.26   4.38   36.473
11.26   7.00    0.302    0.334
11.26   7.00    0.637   39.613
11.26   7.00    0.622    0.157   0.637   0.080
11.26   7.00    0.622    0.154   0.637   0.077

11.27   0.00    0.078    0.076   0.032   0.037   0.010   0.000   0.000   0.000   0.000   0.000   0.000 702887200
11.27   4.38   36.472
11.27   7.00    0.302    0.334
11.27   7.00    0.636   39.612
11.27   7.00    0.622    0.157   0.636   0.080
11.27   7.00    0.622    0.154   0.636   0.077

11.28   0.00    0.078    0.076   0.032   0.037   0.010   0.000   0.000   0.000   0.000   0.000   0.000 703510800
11.28   4.38   36.472
11.28   7.00    0.302    0.334
11.28   7.00    0.636   39.611
11.28   7.00    0.622    0.157   0.636   0.080
11.28   7.00    0.622    0.154   0.636   0.077

11.29   0.00    0.078    0.076   0.032   0.037   0.010   0.000   0.000   0.000   0.000   0.000   0.000 704134500
11.29   4.37   36.472
11.29   7.00    0.302    0.334
11.29   7.00    0.636   39.609
11.29   7.00    0.622    0.156   0.636   0.080
11.29   7.00    0.622    0.154   0.636   0.077

11.30   0.00    0.078    0.076   0.032   0.037   0.010   0.000   0.000   0.000   0.000   0.000   0.000 704758200
11.30   4.37   36.472
11.30   7.00    0.302    0.334
11.30   7.00    0.636   39.608
11.30   7.00    0.622    0.156   0.636   0.080
11.30   7.00    0.622    0.154   0.636   0.077

11.31   0.00    0.078    0.076   0.032   0.037   0.010   0.000   0.000   0.000   0.000   0.000   0.000 705381900
11.31   4.37   36.472
11.31   7.00    0.302    0.334
11.31   7.00    0.636   39.607
11.31   7.00    0.621    0.156   0.636   0.080
11.31   7.00    0.622    0.154   0.636   0.077

11.32   0.00    0.078    0.076   0.032   0.037   0.010   0.000   0.000   0.000   0.000   0.000   0.000 706005500
11.32   4.37   36.471
11.32   7.00    0.302    0.334
11.32   7.00    0.636   39.605
11.32   7.00    0.621    0.156   0.636   0.079
11.32   7.00    0.622    0.154   0.636   0.077

11.33   0.00    0.078    0.076   0.032   0.037   0.010   0.000   0.000   0.000   0.000   0.000   0.000 706629200
11.33   4.37   36.471
11.33   7.00    0.302    0.334
11.33   7.00    0.636   39.604
11.33   7.00    0.621    0.156   0.636   0.079
11.33   7.00    0.621    0.154   0.636   0.077

11.34   0.00    0.078    0.076   0.032   0.037   0.010   0.000   0.000   0.000   0.000   0.000   0.000 707252900
11.34   4.37   36.471
11.34   7.00    0.301    0.334
11.34   7.00    0.635   39.603
11.34   7.00    0.621    0.156   0.635   0.079
11.34   7.00    0.621    0.154   0.635   0.077

11.35   0.00    0.078    0.076   0.032   0.037   0.010   0.000   0.000   0.000   0.000   0.000   0.000 707876600
11.35   4.37   36.471
11.35   7.00    0.301    0.334
11.35   7.00    0.635   39.601
11.35   7.00    0.621    0.156   0.635   0.079
11.35   7.00    0.621    0.154   0.635   0.077

11.36   0.00    0.078    0.076   0.032   0.037   0.010   0.000   0.000   0.000   0.000   0.000   0.000 708500200
11.36   4.37   36.471
11.36   7.00    0.301    0.334
11.36   7.00    0.635   39.600
11.36   7.00    0.621    0.156   0.635   0.079
11.36   7.00    0.621    0.154   0.635   0.077

11.37   0.00    0.078    0.076   0.032   0.037   0.010   0.000   0.000   0.000   0.000   0.000   0.000 709123900
11.37   4.37   36.471
11.37   7.00    0.301    0.334
11.37   7.00    0.635   39.599
11.37   7.00    0.621    0.156   0.635   0.079
11.37   7.00    0.621    0.154   0.635   0.077

11.38   0.00    0.078    0.076   0.032   0.037   0.010   0.000   0.000   0.000   0.000   0.000   0.000 709747600
11.38   4.37   36.470
11.38   7.00    0.301    0.334
11.38   7.00    0.635   39.598
11.38   7.00    0.620    0.156   0.635   0.079
11.38   7.00    0.621    0.154   0.635   0.077

11.39   0.00    0.078    0.076   0.032   0.037   0.010   0.000   0.000   0.000   0.000   0.000   0.000 710371300
11.39   4.37   36.470
11.39   7.00    0.301    0.334
11.39   7.00    0.635   39.596
11.39   7.00    0.620    0.156   0.635   0.079
11.39   7.00    0.621    0.154   0.635   0.077

11.40   0.00    0.078    0.076   0.032   0.037   0.010   0.000   0.000   0.000   0.000   0.000   0.000 710994900
11.40   4.37   36.470
11.40   7.00    0.301    0.334
11.40   7.00    0.635   39.595
11.40   7.00    0.620    0.156   0.635   0.079
11.40   7.00    0.620    0.154   0.635   0.077

11.41   0.00    0.078    0.076   0.032   0.037   0.010   0.000   0.000   0.000   0.000   0.000   0.000 711618600
11.41   4.37   36.470
11.41   7.00    0.301    0.334
11.41   7.00    0.634   39.594
11.41   7.00    0.620    0.156   0.634   0.079
11.41   7.00    0.620    0.154   0.634   0.077

11.42   0.00    0.078    0.076   0.032   0.037   0.010   0.000   0.000   0.000   0.000   0.000   0.000 712242300
11.42   4.37   36.470
11.42   7.00    0.301    0.334
11.42   7.00    0.634   39.592
11.42   7.00    0.620    0.156   0.634   0.079
11.42   7.00    0.620    0.154   0.634   0.077

11.43   0.00    0.078    0.076   0.032   0.037   0.010   0.000   0.000   0.000   0.000   0.000   0.000 712866000
11.43   4.37   36.470
11.43   7.00    0.301    0.333
11.43   7.00    0.634   39.591
11.43   7.00    0.620    0.156   0.634   0.079
11.43   7.00    0.620    0.154   0.634   0.077

11.44   0.00    0.078    0.076   0.032   0.037   0.010   0.000   0.000   0.000   0.000   0.000   0.000 713489700
11.44   4.36   36.469
11.44   7.00    0.301    0.333
11.44   7.00    0.634   39.590
11.44   7.00    0.620    0.156   0.634   0.079
11.44   7.00    0.620    0.154   0.634   0.077

11.45   0.00    0.078    0.076   0.032   0.037   0.009   0.000   0.000   0.000   0.000   0.000   0.000 714113300
11.45   4.36   36.469
11.45   7.00    0.301    0.333
11.45   7.00    0.634   39.589
11.45   7.00    0.619    0.156   0.634   0.079
11.45   7.00    0.620    0.154   0.634   0.077

11.46   0.00    0.078    0.076   0.032   0.037   0.009   0.000   0.000   0.000   0.000   0.000   0.000 714737000
11.46   4.36   36.469
11.46   7.00    0.300    0.333
11.46   7.00    0.634   39.587
11.46   7.00    0.619    0.156   0.634   0.079
11.46   7.00    0.620    0.154   0.634   0.077

11.47   0.00    0.078    0.076   0.032   0.037   0.009   0.000   0.000   0.000   0.000   0.000   0.000 715360800
11.47   4.36   36.442
11.47   7.00    0.300    0.333
11.47   7.00    0.634   39.586
11.47   7.00    0.619    0.156   0.634   0.079
11.47   7.00    0.619    0.154   0.634   0.077

11.48   0.00    0.078    0.076   0.032   0.037   0.009   0.000   0.000   0.000   0.000   0.000   0.000 715984400
11.48   4.35   36.438
11.48   7.00    0.300    0.333
11.48   7.00    0.633   39.585
11.48   7.00    0.619    0.156   0.633   0.079
11.48   7.00    0.619    0.154   0.633   0.077

11.49   0.00    0.078    0.076   0.032   0.037   0.009   0.000   0.000   0.000   0.000   0.000   0.000 716608100
11.49   4.35   36.434
11.49   7.00    0.300    0.333
11.49   7.00    0.633   39.584
11.49   7.00    0.619    0.156   0.633   0.079
11.49   7.00    0.619    0.154   0.633   0.077

11.50   0.00    0.078    0.076   0.032   0.037   0.009   0.000   0.000   0.000   0.000   0.000   0.000 717231700
11.50   4.35   36.431
11.50   7.00    0.300    0.333
11.50   7.00    0.633   39.582
11.50   7.00    0.619    0.156   0.633   0.079
11.50   7.00    0.619    0.153   0.633   0.077

11.51   0.00    0.078    0.076   0.032   0.037   0.009   0.000   0.000   0.000   0.000   0.000   0.000 717855500
11.51   4.35   36.427
11.51   7.00    0.300    0.333
11.51   7.00    0.633   39.581
11.51   7.00    0.619    0.156   0.633   0.079
11.51   7.00    0.619    0.153   0.633   0.077

11.52   0.00    0.078    0.076   0.032   0.037   0.009   0.000   0.000   0.000   0.000   0.000   0.000 718479200
11.52   4.35   36.423
11.52   7.00    0.300    0.333
11.52   7.00    0.633   39.580
11.52   7.00    0.618    0.156   0.633   0.079
11.52   7.00    0.619    0.153   0.633   0.077

11.53   0.00    0.078    0.076   0.032   0.037   0.009   0.000   0.000   0.000   0.000   0.000   0.000 719102800
11.53   4.35   36.420
11.53   7.00    0.300    0.333
11.53   7.00    0.633   39.579
11.53   7.00    0.618    0.156   0.633   0.079
11.53   7.00    0.619    0.153   0.633   0.077

11.54   0.00    0.078    0.076   0.032   0.037   0.009   0.000   0.000   0.000   0.000   0.000   0.000 719726500
11.54   4.35   36.416
11.54   7.00    0.300    0.333
11.54   7.00    0.633   39.577
11.54   7.00    0.618    0.156   0.633   0.079
11.54   7.00    0.618    0.153   0.633   0.077

11.55   0.00    0.078    0.076   0.032   0.037   0.009   0.000   0.000   0.000   0.000   0.000   0.000 720350200
11.55   4.34   36.412
11.55   7.00    0.300    0.333
11.55   7.00    0.632   39.576
11.55   7.00    0.618    0.156   0.632   0.079
11.55   7.00    0.618    0.153   0.632   0.077

11.56   0.00    0.078    0.076   0.032   0.036   0.009   0.000   0.000   0.000   0.000   0.000   0.000 720973900
11.56   4.34   36.408
11.56   7.00    0.300    0.333
11.56   7.00    0.632   39.575
11.56   7.00    0.618    0.156   0.632   0.079
11.56   7.00    0.618    0.153   0.632   0.077

11.57   0.00    0.078    0.076   0.032   0.036   0.009   0.000   0.000   0.000   0.000   0.000   0.000 721597500
11.57   4.34   36.405
11.57   7.00    0.300    0.333
11.57   7.00    0.632   39.573
11.57   7.00    0.618    0.155   0.632   0.079
11.57   7.00    0.618    0.153   0.632   0.077

11.58   0.00    0.078    0.076   0.032   0.036   0.009   0.000   0.000   0.000   0.000   0.000   0.000 722221200
11.58   4.34   36.401
11.58   7.00    0.299    0.333
11.58   7.00    0.632   39.572
11.58   7.00    0.618    0.155   0.632   0.079
11.58   7.00    0.618    0.153   0.632   0.077

11.59   0.00    0.078    0.076   0.032   0.036   0.009   0.000   0.000   0.000   0.000   0.000   0.000 722844900
11.59   4.34   36.397
11.59   7.00    0.299    0.333
11.59   7.00    0.632   39.571
11.59   7.00    0.618    0.155   0.632   0.079
11.59   7.00    0.618    0.153   0.632   0.077

11.60   0.00    0.078    0.076   0.032   0.036   0.009   0.000   0.000   0.000   0.000   0.000   0.000 723468600
11.60   4.34   36.394
11.60   7.00    0.299    0.332
11.60   7.00    0.632   39.570
11.60   7.00    0.617    0.155   0.632   0.079
11.60   7.00    0.618    0.153   0.632   0.077

11.61   0.00    0.078    0.076   0.032   0.036   0.009   0.000   0.000   0.000   0.000   0.000   0.000 724092200
11.61   4.34   36.390
11.61   7.00    0.299    0.332
11.61   7.00    0.632   39.568
11.61   7.00    0.617    0.155   0.632   0.079
11.61   7.00    0.618    0.153   0.632   0.077

11.62   0.00    0.078    0.076   0.032   0.036   0.009   0.000   0.000   0.000   0.000   0.000   0.000 724715900
11.62   4.33   36.386
11.62   7.00    0.299    0.332
11.62   7.00    0.631   39.567
11.62   7.00    0.617    0.155   0.631   0.079
11.62   7.00    0.617    0.153   0.631   0.077

11.63   0.00    0.078    0.076   0.032   0.036   0.009   0.000   0.000   0.000   0.000   0.000   0.000 725339600
11.63   4.33   36.383
11.63   7.00    0.299    0.332
11.63   7.00    0.631   39.566
11.63   7.00    0.617    0.155   0.631   0.079
11.63   7.00    0.617    0.153   0.631   0.077

11.64   0.00    0.078    0.076   0.032   0.036   0.009   0.000   0.000   0.000   0.000   0.000   0.000 725963300
11.64   4.33   36.379
11.64   7.00    0.299    0.332
11.64   7.00    0.631   39.565
11.64   7.00    0.617    0.155   0.631   0.079
11.64   7.00    0.617    0.153   0.631   0.077

11.65   0.00    0.078    0.076   0.032   0.036   0.009   0.000   0.000   0.000   0.000   0.000   0.000 726586900
11.65   4.33   36.376
11.65   7.00    0.299    0.332
11.65   7.00    0.631   39.564
11.65   7.00    0.617    0.155   0.631   0.079
11.65   7.00    0.617    0.153   0.631   0.077

11.66   0.00    0.078    0.076   0.032   0.036   0.009   0.000   0.000   0.000   0.000   0.000   0.000 727210600
11.66   4.33   36.372
11.66   7.00    0.299    0.332
11.66   7.00    0.631   39.562
11.66   7.00    0.617    0.155   0.631   0.079
11.66   7.00    0.617    0.153   0.631   0.077

11.67   0.00    0.078    0.076   0.032   0.036   0.009   0.000   0.000   0.000   0.000   0.000   0.000 727834300
11.67   4.33   36.368
11.67   7.00    0.299    0.332
11.67   7.00    0.631   39.561
11.67   7.00    0.616    0.155   0.631   0.079
11.67   7.00    0.617    0.153   0.631   0.077

11.68   0.00    0.078    0.076   0.032   0.036   0.009   0.000   0.000   0.000   0.000   0.000   0.000 728458000
11.68   4.33   36.365
11.68   7.00    0.299    0.332
11.68   7.00    0.631   39.560
11.68   7.00    0.616    0.155   0.631   0.079
11.68   7.00    0.617    0.153   0.631   0.077

11.69   0.00    0.078    0.076   0.032   0.036   0.009   0.000   0.000   0.000   0.000   0.000   0.000 729081700
11.69   4.32   36.361
11.69   7.00    0.299    0.332
11.69   7.00    0.630   39.559
11.69   7.00    0.616    0.155   0.630   0.079
11.69   7.00    0.616    0.153   0.630   0.077

11.70   0.00    0.078    0.075   0.032   0.036   0.009   0.000   0.000   0.000   0.000   0.000   0.000 729705300
11.70   4.32   36.357
11.70   7.00    0.298    0.332
11.70   7.00    0.630   39.557
11.70   7.00    0.616    0.155   0.630   0.079
11.70   7.00    0.616    0.153   0.630   0.077

11.71   0.00    0.078    0.075   0.032   0.036   0.009   0.000   0.000   0.000   0.000   0.000   0.000 730329000
11.71   4.32   36.354
11.71   7.00    0.298    0.332
11.71   7.00    0.630   39.556
11.71   7.00    0.616    0.155   0.630   0.079
11.71   7.00    0.616    0.153   0.630   0.077

11.72   0.00    0.078    0.075   0.032   0.036   0.009   0.000   0.000   0.000   0.000   0.000   0.000 730952800
11.72   4.32   36.350
11.72   7.00    0.298    0.332
11.72   7.00    0.630   39.555
11.72   7.00    0.616    0.155   0.630   0.079
11.72   7.00    0.616    0.153   0.630   0.077

11.73   0.00    0.078    0.075   0.032   0.036   0.009   0.000   0.000   0.000   0.000   0.000   0.000 731576400
11.73   4.32   36.347
11.73   7.00    0.298    0.332
11.73   7.00    0.630   39.554
11.73   7.00    0.616    0.155   0.630   0.079
11.73   7.00    0.616    0.153   0.630   0.077

11.74   0.00    0.078    0.075   0.032   0.036   0.009   0.000   0.000   0.000   0.000   0.000   0.000 732200100
11.74   4.32   36.343
11.74   7.00    0.298    0.332
11.74   7.00    0.630   39.552
11.74   7.00    0.615    0.155   0.630   0.079
11.74   7.00    0.616    0.153   0.630   0.077

11.75   0.00    0.078    0.075   0.032   0.036   0.009   0.000   0.000   0.000   0.000   0.000   0.000 732823700
11.75   4.32   36.339
11.75   7.00    0.298    0.332
11.75   7.00    0.630   39.551
11.75   7.00    0.615    0.155   0.630   0.079
11.75   7.00    0.616    0.153   0.630   0.077

11.76   0.00    0.078    0.075   0.032   0.036   0.009   0.000   0.000   0.000   0.000   0.000   0.000 733447500
11.76   4.31   36.336
11.76   7.00    0.298    0.332
11.76   7.00    0.629   39.550
11.76   7.00    0.615    0.155   0.629   0.079
11.76   7.00    0.615    0.153   0.629   0.077

11.77   0.00    0.078    0.075   0.032   0.036   0.009   0.000   0.000   0.000   0.000   0.000   0.000 734071200
11.77   4.31   36.332
11.77   7.00    0.298    0.331
11.77   7.00    0.629   39.549
11.77   7.00    0.615    0.155   0.629   0.079
11.77   7.00    0.615    0.153   0.629   0.077

11.78   0.00    0.078    0.075   0.032   0.036   0.009   0.000   0.000   0.000   0.000   0.000   0.000 734694800
11.78   4.31   36.329
11.78   7.00    0.298    0.331
11.78   7.00    0.629   39.547
11.78   7.00    0.615    0.155   0.629   0.079
11.78   7.00    0.615    0.153   0.629   0.077

11.79   0.00    0.077    0.075   0.032   0.036   0.009   0.000   0.000   0.000   0.000   0.000   0.000 735318500
11.79   4.31   36.325
11.79   7.00    0.298    0.331
11.79   7.00    0.629   39.546
11.79   7.00    0.615    0.155   0.629   0.079
11.79   7.00    0.615    0.153   0.629   0.077

11.80   0.00    0.077    0.075   0.032   0.036   0.009   0.000   0.000   0.000   0.000   0.000   0.000 735942100
11.80   4.31   36.321
11.80   7.00    0.298    0.331
11.80   7.00    0.629   39.545
11.80   7.00    0.615    0.155   0.629   0.079
11.80   7.00    0.615    0.153   0.629   0.077

11.81   0.00    0.077    0.075   0.032   0.036   0.009   0.000   0.000   0.000   0.000   0.000   0.000 736565900
11.81   4.31   36.318
11.81   7.00    0.298    0.331
11.81   7.00    0.629   39.544
11.81   7.00    0.615    0.155   0.629   0.079
11.81   7.00    0.615    0.153   0.629   0.076

11.82   0.00    0.077    0.075   0.032   0.036   0.009   0.000   0.000   0.000   0.000   0.000   0.000 737189500
11.82   4.31   36.314
11.82   7.00    0.297    0.331
11.82   7.00    0.629   39.543
11.82   7.00    0.614    0.155   0.629   0.079
11.82   7.00    0.615    0.153   0.629   0.076

11.83   0.00    0.077    0.075   0.032   0.036   0.009   0.000   0.000   0.000   0.000   0.000   0.000 737813200
11.83   4.30   36.311
11.83   7.00    0.297    0.331
11.83   7.00    0.629   39.541
11.83   7.00    0.614    0.155   0.629   0.079
11.83   7.00    0.615    0.152   0.629   0.076

11.84   0.00    0.077    0.075   0.032   0.036   0.009   0.000   0.000   0.000   0.000   0.000   0.000 738436900
11.84   4.30   36.307
11.84   7.00    0.297    0.331
11.84   7.00    0.628   39.540
11.84   7.00    0.614    0.155   0.628   0.079
11.84   7.00    0.614    0.152   0.628   0.076

11.85   0.00    0.077    0.075   0.032   0.036   0.009   0.000   0.000   0.000   0.000   0.000   0.000 739060600
11.85   4.30   36.304
11.85   7.00    0.297    0.331
11.85   7.00    0.628   39.539
11.85   7.00    0.614    0.155   0.628   0.079
11.85   7.00    0.614    0.152   0.628   0.076

11.86   0.00    0.077    0.075   0.032   0.036   0.009   0.000   0.000   0.000   0.000   0.000   0.000 739684200
11.86   4.30   36.300
11.86   7.00    0.297    0.331
11.86   7.00    0.628   39.538
11.86   7.00    0.614    0.155   0.628   0.079
11.86   7.00    0.614    0.152   0.628   0.076

11.87   0.00    0.077    0.075   0.032   0.036   0.009   0.000   0.000   0.000   0.000   0.000   0.000 740307900
11.87   4.30   36.296
11.87   7.00    0.297    0.331
11.87   7.00    0.628   39.536
11.87   7.00    0.614    0.154   0.628   0.079
11.87   7.00    0.614    0.152   0.628   0.076

11.88   0.00    0.077    0.075   0.032   0.036   0.009   0.000   0.000   0.000   0.000   0.000   0.000 740931600
11.88   4.30   36.293
11.88   7.00    0.297    0.331
11.88   7.00    0.628   39.535
11.88   7.00    0.614    0.154   0.628   0.079
11.88   7.00    0.614    0.152   0.628   0.076

11.89   0.00    0.077    0.075   0.032   0.036   0.009   0.000   0.000   0.000   0.000   0.000   0.000 741555300
11.89   4.30   36.289
11.89   7.00    0.297    0.331
11.89   7.00    0.628   39.534
11.89   7.00    0.613    0.154   0.628   0.079
11.89   7.00    0.614    0.152   0.628   0.076

11.90   0.00    0.077    0.075   0.032   0.036   0.009   0.000   0.000   0.000   0.000   0.000   0.000 742178900
11.90   4.29   36.286
11.90   7.00    0.297    0.331
11.90   7.00    0.628   39.533
11.90   7.00    0.613    0.154   0.628   0.078
11.90   7.00    0.614    0.152   0.628   0.076

11.91   0.00    0.077    0.075   0.032   0.036   0.009   0.000   0.000   0.000   0.000   0.000   0.000 742802600
11.91   4.29   36.282
11.91   7.00    0.297    0.331
11.91   7.00    0.627   39.532
11.91   7.00    0.613    0.154   0.627   0.078
11.91   7.00    0.613    0.152   0.627   0.076

11.92   0.00    0.077    0.075   0.032   0.036   0.009   0.000   0.000   0.000   0.000   0.000   0.000 743426300
11.92   4.29   36.279
11.92   7.00    0.297    0.331
11.92   7.00    0.627   39.530
11.92   7.00    0.613    0.154   0.627   0.078
11.92   7.00    0.613    0.152   0.627   0.076

11.93   0.00    0.077    0.075   0.032   0.036   0.009   0.000   0.000   0.000   0.000   0.000   0.000 744050000
11.93   4.29   36.275
11.93   7.00    0.297    0.331
11.93   7.00    0.627   39.529
11.93   7.00    0.613    0.154   0.627   0.078
11.93   7.00    0.613    0.152   0.627   0.076

11.94   0.00    0.077    0.075   0.032   0.036   0.009   0.000   0.000   0.000   0.000   0.000   0.000 744673700
11.94   4.29   36.272
11.94   7.00    0.296    0.331
11.94   7.00    0.627   39.528
11.94   7.00    0.613    0.154   0.627   0.078
11.94   7.00    0.613    0.152   0.627   0.076

11.95   0.00    0.077    0.075   0.032   0.036   0.009   0.000   0.000   0.000   0.000   0.000   0.000 745297300
11.95   4.29   36.268
11.95   7.00    0.296    0.330
11.95   7.00    0.627   39.527
11.95   7.00    0.613    0.154   0.627   0.078
11.95   7.00    0.613    0.152   0.627   0.076

11.96   0.00    0.077    0.075   0.032   0.036   0.009   0.000   0.000   0.000   0.000   0.000   0.000 745921000
11.96   4.29   36.265
11.96   7.00    0.296    0.330
11.96   7.00    0.627   39.526
11.96   7.00    0.613    0.154   0.627   0.078
11.96   7.00    0.613    0.152   0.627   0.076

11.97   0.00    0.077    0.075   0.032   0.036   0.009   0.000   0.000   0.000   0.000   0.000   0.000 746544800
11.97   4.29   36.261
11.97   7.00    0.296    0.330
11.97   7.00    0.627   39.524
11.97   7.00    0.612    0.154   0.627   0.078
11.97   7.00    0.613    0.152   0.627   0.076

11.98   0.00    0.077    0.075   0.032   0.036   0.009   0.000   0.000   0.000   0.000   0.000   0.000 747168400
11.98   4.28   36.258
11.98   7.00    0.296    0.330
11.98   7.00    0.626   39.523
11.98   7.00    0.612    0.154   0.626   0.078
11.98   7.00    0.613    0.152   0.626   0.076

11.99   0.00    0.077    0.075   0.032   0.036   0.009   0.000   0.000   0.000   0.000   0.000   0.000 747792100
11.99   4.28   36.254
11.99   7.00    0.296    0.330
11.99   7.00    0.626   39.522
11.99   7.00    0.612    0.154   0.626   0.078
11.99   7.00    0.612    0.152   0.626   0.076

12.00   0.00    0.077    0.075   0.032   0.036   0.009   0.000   0.000   0.000   0.000   0.000   0.000 748415700
12.00   4.28   36.251
12.00   7.00    0.296    0.330
12.00   7.00    0.626   39.521
12.00   7.00    0.612    0.154   0.626   0.078
12.00   7.00    0.612    0.152   0.626   0.076

12.01   0.00    0.077    0.075   0.032   0.036   0.009   0.000   0.000   0.000   0.000   0.000   0.000 749039400
12.01   4.28   36.247
12.01   7.00    0.296    0.330
12.01   7.00    0.626   39.519
12.01   7.00    0.612    0.154   0.626   0.078
12.01   7.00    0.612    0.152   0.626   0.076

12.02   0.00    0.077    0.075   0.032   0.036   0.009   0.000   0.000   0.000   0.000   0.000   0.000 749663200
12.02   4.28   36.244
12.02   7.00    0.296    0.330
12.02   7.00    0.626   39.518
12.02   7.00    0.612    0.154   0.626   0.078
12.02   7.00    0.612    0.152   0.626   0.076

12.03   0.00    0.077    0.075   0.032   0.036   0.009   0.000   0.000   0.000   0.000   0.000   0.000 750286800
12.03   4.28   36.240
12.03   7.00    0.296    0.330
12.03   7.00    0.626   39.517
12.03   7.00    0.612    0.154   0.626   0.078
12.03   7.00    0.612    0.152   0.626   0.076

12.04   0.00    0.077    0.075   0.032   0.036   0.009   0.000   0.000   0.000   0.000   0.000   0.000 750910500
12.04   4.28   36.237
12.04   7.00    0.296    0.330
12.04   7.00    0.626   39.516
12.04   7.00    0.611    0.154   0.626   0.078
12.04   7.00    0.612    0.152   0.626   0.076

12.05   0.00    0.077    0.075   0.032   0.036   0.009   0.000   0.000   0.000   0.000   0.000   0.000 751534100
12.05   4.27   36.233
12.05   7.00    0.296    0.330
12.05   7.00    0.626   39.515
12.05   7.00    0.611    0.154   0.626   0.078
12.05   7.00    0.612    0.152   0.626   0.076

12.06   0.00    0.077    0.075   0.032   0.036   0.009   0.000   0.000   0.000   0.000   0.000   0.000 752157900
12.06   4.27   36.230
12.06   7.00    0.296    0.330
12.06   7.00    0.625   39.513
12.06   7.00    0.611    0.154   0.625   0.078
12.06   7.00    0.611    0.152   0.625   0.076

12.07   0.00    0.077    0.075   0.032   0.036   0.009   0.000   0.000   0.000   0.000   0.000   0.000 752781500
12.07   4.27   36.226
12.07   7.00    0.295    0.330
12.07   7.00    0.625   39.512
12.07   7.00    0.611    0.154   0.625   0.078
12.07   7.00    0.611    0.152   0.625   0.076

12.08   0.00    0.077    0.075   0.032   0.036   0.009   0.000   0.000   0.000   0.000   0.000   0.000 753405200
12.08   4.27   36.223
12.08   7.00    0.295    0.330
12.08   7.00    0.625   39.511
12.08   7.00    0.611    0.154   0.625   0.078
12.08   7.00    0.611    0.152   0.625   0.076

12.09   0.00    0.077    0.075   0.032   0.036   0.009   0.000   0.000   0.000   0.000   0.000   0.000 754028900
12.09   4.27   36.219
12.09   7.00    0.295    0.330
12.09   7.00    0.625   39.510
12.09   7.00    0.611    0.154   0.625   0.078
12.09   7.00    0.611    0.152   0.625   0.076

12.10   0.00    0.077    0.075   0.032   0.036   0.009   0.000   0.000   0.000   0.000   0.000   0.000 754652600
12.10   4.27   36.216
12.10   7.00    0.295    0.330
12.10   7.00    0.625   39.509
12.10   7.00    0.611    0.154   0.625   0.078
12.10   7.00    0.611    0.152   0.625   0.076

12.11   0.00    0.077    0.075   0.032   0.036   0.009   0.000   0.000   0.000   0.000   0.000   0.000 755276200
12.11   4.27   36.212
12.11   7.00    0.295    0.330
12.11   7.00    0.625   39.507
12.11   7.00    0.611    0.154   0.625   0.078
12.11   7.00    0.611    0.152   0.625   0.076

12.12   0.00    0.077    0.075   0.032   0.036   0.009   0.000   0.000   0.000   0.000   0.000   0.000 755899900
12.12   4.26   36.209
12.12   7.00    0.295    0.330
12.12   7.00    0.625   39.506
12.12   7.00    0.610    0.154   0.625   0.078
12.12   7.00    0.611    0.152   0.625   0.076

12.13   0.00    0.077    0.075   0.032   0.036   0.009   0.000   0.000   0.000   0.000   0.000   0.000 756523600
12.13   4.26   36.206
12.13   7.00    0.295    0.329
12.13   7.00    0.624   39.505
12.13   7.00    0.610    0.154   0.624   0.078
12.13   7.00    0.611    0.152   0.624   0.076

12.14   0.00    0.077    0.075   0.032   0.036   0.009   0.000   0.000   0.000   0.000   0.000   0.000 757147300
12.14   4.26   36.202
12.14   7.00    0.295    0.329
12.14   7.00    0.624   39.504
12.14   7.00    0.610    0.154   0.624   0.078
12.14   7.00    0.610    0.152   0.624   0.076

12.15   0.00    0.077    0.075   0.032   0.036   0.008   0.000   0.000   0.000   0.000   0.000   0.000 757770900
12.15   4.26   36.199
12.15   7.00    0.295    0.329
12.15   7.00    0.624   39.502
12.15   7.00    0.610    0.154   0.624   0.078
12.15   7.00    0.610    0.152   0.624   0.076

12.16   0.00    0.077    0.075   0.032   0.036   0.008   0.000   0.000   0.000   0.000   0.000   0.000 758394600
12.16   4.26   36.195
12.16   7.00    0.295    0.329
12.16   7.00    0.624   39.501
12.16   7.00    0.610    0.154   0.624   0.078
12.16   7.00    0.610    0.152   0.624   0.076

12.17   0.00    0.077    0.075   0.032   0.036   0.008   0.000   0.000   0.000   0.000   0.000   0.000 759018300
12.17   4.26   36.192
12.17   7.00    0.295    0.329
12.17   7.00    0.624   39.500
12.17   7.00    0.610    0.154   0.624   0.078
12.17   7.00    0.610    0.152   0.624   0.076

12.18   0.00    0.077    0.075   0.032   0.036   0.008   0.000   0.000   0.000   0.000   0.000   0.000 759642000
12.18   4.26   36.188
12.18   7.00    0.295    0.329
12.18   7.00    0.624   39.499
12.18   7.00    0.610    0.153   0.624   0.078
12.18   7.00    0.610    0.151   0.624   0.076

12.19   0.00    0.077    0.075   0.032   0.036   0.008   0.000   0.000   0.000   0.000   0.000   0.000 760265700
12.19   4.26   36.185
12.19   7.00    0.295    0.329
12.19   7.00    0.624   39.498
12.19   7.00    0.610    0.153   0.624   0.078
12.19   7.00    0.610    0.151   0.624   0.076

12.20   0.00    0.077    0.075   0.032   0.036   0.008   0.000   0.000   0.000   0.000   0.000   0.000 760889300
12.20   4.25   36.182
12.20   7.00    0.294    0.329
12.20   7.00    0.624   39.496
12.20   7.00    0.609    0.153   0.624   0.078
12.20   7.00    0.610    0.151   0.624   0.076

12.21   0.00    0.077    0.075   0.032   0.036   0.008   0.000   0.000   0.000   0.000   0.000   0.000 761513000
12.21   4.25   36.178
12.21   7.00    0.294    0.329
12.21   7.00    0.623   39.495
12.21   7.00    0.609    0.153   0.623   0.078
12.21   7.00    0.609    0.151   0.623   0.076

12.22   0.00    0.077    0.075   0.032   0.036   0.008   0.000   0.000   0.000   0.000   0.000   0.000 762136700
12.22   4.25   36.175
12.22   7.00    0.294    0.329
12.22   7.00    0.623   39.494
12.22   7.00    0.609    0.153   0.623   0.078
12.22   7.00    0.609    0.151   0.623   0.076

12.23   0.00    0.077    0.075   0.032   0.036   0.008   0.000   0.000   0.000   0.000   0.000   0.000 762760400
12.23   4.25   36.171
12.23   7.00    0.294    0.329
12.23   7.00    0.623   39.493
12.23   7.00    0.609    0.153   0.623   0.078
12.23   7.00    0.609    0.151   0.623   0.076

12.24   0.00    0.077    0.075   0.032   0.036   0.008   0.000   0.000   0.000   0.000   0.000   0.000 763384100
12.24   4.25   36.168
12.24   7.00    0.294    0.329
12.24   7.00    0.623   39.491
12.24   7.00    0.609    0.153   0.623   0.078
12.24   7.00    0.609    0.151   0.623   0.076

12.25   0.00    0.077    0.075   0.032   0.036   0.008   0.000   0.000   0.000   0.000   0.000   0.000 764007700
12.25   4.25   36.165
12.25   7.00    0.294    0.329
12.25   7.00    0.623   39.490
12.25   7.00    0.609    0.153   0.623   0.078
12.25   7.00    0.609    0.151   0.623   0.076

12.26   0.00    0.077    0.075   0.032   0.036   0.008   0.000   0.000   0.000   0.000   0.000   0.000 764631400
12.26   4.25   36.161
12.26   7.00    0.294    0.329
12.26   7.00    0.623   39.489
12.26   7.00    0.609    0.153   0.623   0.078
12.26   7.00    0.609    0.151   0.623   0.076

12.27   0.00    0.077    0.075   0.032   0.036   0.008   0.000   0.000   0.000   0.000   0.000   0.000 765255200
12.27   4.25   36.158
12.27   7.00    0.294    0.329
12.27   7.00    0.623   39.488
12.27   7.00    0.608    0.153   0.623   0.078
12.27   7.00    0.609    0.151   0.623   0.076

12.28   0.00    0.077    0.075   0.032   0.036   0.008   0.000   0.000   0.000   0.000   0.000   0.000 765878800
12.28   4.24   36.154
12.28   7.00    0.294    0.329
12.28   7.00    0.622   39.487
12.28   7.00    0.608    0.153   0.622   0.078
12.28   7.00    0.609    0.151   0.622   0.076

12.29   0.00    0.077    0.075   0.032   0.036   0.008   0.000   0.000   0.000   0.000   0.000   0.000 766502500
12.29   4.24   36.151
12.29   7.00    0.294    0.329
12.29   7.00    0.622   39.485
12.29   7.00    0.608    0.153   0.622   0.078
12.29   7.00    0.608    0.151   0.622   0.076

12.30   0.00    0.077    0.075   0.032   0.036   0.008   0.000   0.000   0.000   0.000   0.000   0.000 767126100
12.30   4.24   36.148
12.30   7.00    0.294    0.329
12.30   7.00    0.622   39.484
12.30   7.00    0.608    0.153   0.622   0.078
12.30   7.00    0.608    0.151   0.622   0.076

12.31   0.00    0.077    0.075   0.032   0.036   0.008   0.000   0.000   0.000   0.000   0.000   0.000 767749900
12.31   4.24   36.144
12.31   7.00    0.294    0.328
12.31   7.00    0.622   39.483
12.31   7.00    0.608    0.153   0.622   0.078
12.31   7.00    0.608    0.151   0.622   0.076

12.32   0.00    0.077    0.075   0.032   0.036   0.008   0.000   0.000   0.000   0.000   0.000   0.000 768373500
12.32   4.24   36.141
12.32   7.00    0.294    0.328
12.32   7.00    0.622   39.482
12.32   7.00    0.608    0.153   0.622   0.078
12.32   7.00    0.608    0.151   0.622   0.076

12.33   0.00    0.077    0.075   0.032   0.036   0.008   0.000   0.000   0.000   0.000   0.000   0.000 768997200
12.33   4.24   36.137
12.33   7.00    0.293    0.328
12.33   7.00    0.622   39.480
12.33   7.00    0.608    0.153   0.622   0.078
12.33   7.00    0.608    0.151   0.622   0.076

12.34   0.00    0.077    0.075   0.032   0.036   0.008   0.000   0.000   0.000   0.000   0.000   0.000 769620900
12.34   4.24   36.134
12.34   7.00    0.293    0.328
12.34   7.00    0.622   39.479
12.34   7.00    0.608    0.153   0.622   0.078
12.34   7.00    0.608    0.151   0.622   0.076

12.35   0.00    0.077    0.075   0.032   0.036   0.008   0.000   0.000   0.000   0.000   0.000   0.000 770244500
12.35   4.23   36.131
12.35   7.00    0.293    0.328
12.35   7.00    0.622   39.478
12.35   7.00    0.607    0.153   0.622   0.078
12.35   7.00    0.608    0.151   0.622   0.076

12.36   0.00    0.077    0.075   0.032   0.036   0.008   0.000   0.000   0.000   0.000   0.000   0.000 770868200
12.36   4.23   36.127
12.36   7.00    0.293    0.328
12.36   7.00    0.621   39.477
12.36   7.00    0.607    0.153   0.621   0.078
12.36   7.00    0.608    0.151   0.621   0.076

12.37   0.00    0.077    0.075   0.032   0.036   0.008   0.000   0.000   0.000   0.000   0.000   0.000 771491900
12.37   4.23   36.124
12.37   7.00    0.293    0.328
12.37   7.00    0.621   39.475
12.37   7.00    0.607    0.153   0.621   0.078
12.37   7.00    0.607    0.151   0.621   0.076

12.38   0.00    0.077    0.075   0.032   0.036   0.008   0.000   0.000   0.000   0.000   0.000   0.000 772115600
12.38   4.23   36.121
12.38   7.00    0.293    0.328
12.38   7.00    0.621   39.474
12.38   7.00    0.607    0.153   0.621   0.078
12.38   7.00    0.607    0.151   0.621   0.076

12.39   0.00    0.077    0.075   0.032   0.036   0.008   0.000   0.000   0.000   0.000   0.000   0.000 772739300
12.39   4.23   36.117
12.39   7.00    0.293    0.328
12.39   7.00    0.621   39.473
12.39   7.00    0.607    0.153   0.621   0.078
12.39   7.00    0.607    0.151   0.621   0.076

12.40   0.00    0.077    0.075   0.032   0.036   0.008   0.000   0.000   0.000   0.000   0.000   0.000 773362900
12.40   4.23   36.114
12.40   7.00    0.293    0.328
12.40   7.00    0.621   39.472
12.40   7.00    0.607    0.153   0.621   0.078
12.40   7.00    0.607    0.151   0.621   0.076

12.41   0.00    0.077    0.075   0.032   0.036   0.008   0.000   0.000   0.000   0.000   0.000   0.000 773986600
12.41   4.23   36.111
12.41   7.00    0.293    0.328
12.41   7.00    0.621   39.470
12.41   7.00    0.607    0.153   0.621   0.078
12.41   7.00    0.607    0.151   0.621   0.076

12.42   0.00    0.077    0.075   0.032   0.036   0.008   0.000   0.000   0.000   0.000   0.000   0.000 774610300
12.42   4.23   36.107
12.42   7.00    0.293    0.328
12.42   7.00    0.621   39.469
12.42   7.00    0.607    0.153   0.621   0.078
12.42   7.00    0.607    0.151   0.621   0.076

12.43   0.00    0.077    0.075   0.032   0.036   0.008   0.000   0.000   0.000   0.000   0.000   0.000 775234000
12.43   4.22   36.104
12.43   7.00    0.293    0.328
12.43   7.00    0.621   39.468
12.43   7.00    0.606    0.153   0.621   0.078
12.43   7.00    0.607    0.151   0.621   0.076

12.44   0.00    0.077    0.075   0.032   0.036   0.008   0.000   0.000   0.000   0.000   0.000   0.000 775857700
12.44   4.22   36.101
12.44   7.00    0.293    0.328
12.44   7.00    0.620   39.467
12.44   7.00    0.606    0.153   0.620   0.078
12.44   7.00    0.607    0.151   0.620   0.076

12.45   0.00    0.077    0.075   0.032   0.036   0.008   0.000   0.000   0.000   0.000   0.000   0.000 776481300
12.45   4.22   36.097
12.45   7.00    0.293    0.328
12.45   7.00    0.620   39.465
12.45   7.00    0.606    0.153   0.620   0.078
12.45   7.00    0.606    0.151   0.620   0.076

12.46   0.00    0.077    0.075   0.032   0.036   0.008   0.000   0.000   0.000   0.000   0.000   0.000 777105000
12.46   4.22   36.094
12.46   7.00    0.293    0.328
12.46   7.00    0.620   39.464
12.46   7.00    0.606    0.153   0.620   0.078
12.46   7.00    0.606    0.151   0.620   0.076

12.47   0.00    0.076    0.075   0.032   0.036   0.008   0.000   0.000   0.000   0.000   0.000   0.000 777728700
12.47   4.22   36.091
12.47   7.00    0.292    0.328
12.47   7.00    0.620   39.463
12.47   7.00    0.606    0.153   0.620   0.078
12.47   7.00    0.606    0.151   0.620   0.076

12.48   0.00    0.076    0.075   0.032   0.036   0.008   0.000   0.000   0.000   0.000   0.000   0.000 778352400
12.48   4.22   36.088
12.48   7.00    0.292    0.327
12.48   7.00    0.620   39.462
12.48   7.00    0.606    0.153   0.620   0.078
12.48   7.00    0.606    0.151   0.620   0.076

12.49   0.00    0.076    0.075   0.032   0.036   0.008   0.000   0.000   0.000   0.000   0.000   0.000 778976100
12.49   4.22   36.084
12.49   7.00    0.292    0.327
12.49   7.00    0.620   39.460
12.49   7.00    0.606    0.153   0.620   0.078
12.49   7.00    0.606    0.151   0.620   0.076

12.50   0.00    0.076    0.075   0.032   0.036   0.008   0.000   0.000   0.000   0.000   0.000   0.000 779599700
12.50   4.22   36.081
12.50   7.00    0.292    0.327
12.50   7.00    0.620   39.459
12.50   7.00    0.606    0.153   0.620   0.078
12.50   7.00    0.606    0.151   0.620   0.076

12.51   0.00    0.076    0.075   0.032   0.036   0.008   0.000   0.000   0.000   0.000   0.000   0.000 780223400
12.51   4.21   36.078
12.51   7.00    0.292    0.327
12.51   7.00    0.619   39.458
12.51   7.00    0.605    0.153   0.619   0.078
12.51   7.00    0.606    0.151   0.619   0.076

12.52   0.00    0.076    0.075   0.032   0.036   0.008   0.000   0.000   0.000   0.000   0.000   0.000 780847200
12.52   4.21   36.074
12.52   7.00    0.292    0.327
12.52   7.00    0.619   39.457
12.52   7.00    0.605    0.152   0.619   0.078
12.52   7.00    0.606    0.151   0.619   0.076

12.53   0.00    0.076    0.075   0.032   0.036   0.008   0.000   0.000   0.000   0.000   0.000   0.000 781470800
12.53   4.21   36.071
12.53   7.00    0.292    0.327
12.53   7.00    0.619   39.455
12.53   7.00    0.605    0.152   0.619   0.078
12.53   7.00    0.605    0.151   0.619   0.076

12.54   0.00    0.076    0.075   0.032   0.036   0.008   0.000   0.000   0.000   0.000   0.000   0.000 782094500
12.54   4.21   36.068
12.54   7.00    0.292    0.327
12.54   7.00    0.619   39.454
12.54   7.00    0.605    0.152   0.619   0.078
12.54   7.00    0.605    0.151   0.619   0.076

12.55   0.00    0.076    0.074   0.032   0.036   0.008   0.000   0.000   0.000   0.000   0.000   0.000 782718100
12.55   4.21   36.065
12.55   7.00    0.292    0.327
12.55   7.00    0.619   39.453
12.55   7.00    0.605    0.152   0.619   0.078
12.55   7.00    0.605    0.150   0.619   0.076

12.56   0.00    0.076    0.074   0.032   0.036   0.008   0.000   0.000   0.000   0.000   0.000   0.000 783341800
12.56   4.21   36.061
12.56   7.00    0.292    0.327
12.56   7.00    0.619   39.452
12.56   7.00    0.605    0.152   0.619   0.078
12.56   7.00    0.605    0.150   0.619   0.076

12.57   0.00    0.076    0.074   0.032   0.036   0.008   0.000   0.000   0.000   0.000   0.000   0.000 783965500
12.57   4.21   36.058
12.57   7.00    0.292    0.327
12.57   7.00    0.619   39.450
12.57   7.00    0.605    0.152   0.619   0.078
12.57   7.00    0.605    0.150   0.619   0.076

12.58   0.00    0.076    0.074   0.032   0.036   0.008   0.000   0.000   0.000   0.000   0.000   0.000 784589200
12.58   4.21   36.055
12.58   7.00    0.292    0.327
12.58   7.00    0.619   39.449
12.58   7.00    0.605    0.152   0.619   0.077
12.58   7.00    0.605    0.150   0.619   0.076

12.59   0.00    0.076    0.074   0.032   0.036   0.008   0.000   0.000   0.000   0.000   0.000   0.000 785212900
12.59   4.20   36.051
12.59   7.00    0.292    0.327
12.59   7.00    0.618   39.448
12.59   7.00    0.604    0.152   0.618   0.077
12.59   7.00    0.605    0.150   0.618   0.076

12.60   0.00    0.076    0.074   0.032   0.036   0.008   0.000   0.000   0.000   0.000   0.000   0.000 785836500
12.60   4.20   36.048
12.60   7.00    0.291    0.327
12.60   7.00    0.618   39.446
12.60   7.00    0.604    0.152   0.618   0.077
12.60   7.00    0.604    0.150   0.618   0.076

12.61   0.00    0.076    0.074   0.032   0.036   0.008   0.000   0.000   0.000   0.000   0.000   0.000 786460200
12.61   4.20   36.045
12.61   7.00    0.291    0.327
12.61   7.00    0.618   39.445
12.61   7.00    0.604    0.152   0.618   0.077
12.61   7.00    0.604    0.150   0.618   0.076

12.62   0.00    0.076    0.074   0.032   0.036   0.008   0.000   0.000   0.000   0.000   0.000   0.000 787083900
12.62   4.20   36.042
12.62   7.00    0.291    0.327
12.62   7.00    0.618   39.444
12.62   7.00    0.604    0.152   0.618   0.077
12.62   7.00    0.604    0.150   0.618   0.076

12.63   0.00    0.076    0.074   0.032   0.036   0.008   0.000   0.000   0.000   0.000   0.000   0.000 787707600
12.63   4.20   36.038
12.63   7.00    0.291    0.327
12.63   7.00    0.618   39.443
12.63   7.00    0.604    0.152   0.618   0.077
12.63   7.00    0.604    0.150   0.618   0.076

12.64   0.00    0.076    0.074   0.032   0.036   0.008   0.000   0.000   0.000   0.000   0.000   0.000 788331300
12.64   4.20   36.035
12.64   7.00    0.291    0.327
12.64   7.00    0.618   39.441
12.64   7.00    0.604    0.152   0.618   0.077
12.64   7.00    0.604    0.150   0.618   0.076

12.65   0.00    0.076    0.074   0.032   0.036   0.008   0.000   0.000   0.000   0.000   0.000   0.000 788954900
12.65   4.20   36.032
12.65   7.00    0.291    0.327
12.65   7.00    0.618   39.440
12.65   7.00    0.604    0.152   0.618   0.077
12.65   7.00    0.604    0.150   0.618   0.076

12.66   0.00    0.076    0.074   0.032   0.036   0.008   0.000   0.000   0.000   0.000   0.000   0.000 789578600
12.66   4.20   36.029
12.66   7.00    0.291    0.326
12.66   7.00    0.618   39.439
12.66   7.00    0.603    0.152   0.618   0.077
12.66   7.00    0.604    0.150   0.618   0.076

12.67   0.00    0.076    0.074   0.032   0.036   0.008   0.000   0.000   0.000   0.000   0.000   0.000 790202300
12.67   4.19   36.026
12.67   7.00    0.291    0.326
12.67   7.00    0.617   39.437
12.67   7.00    0.603    0.152   0.617   0.077
12.67   7.00    0.604    0.150   0.617   0.075

12.68   0.00    0.076    0.074   0.032   0.036   0.008   0.000   0.000   0.000   0.000   0.000   0.000 790826000
12.68   4.19   36.022
12.68   7.00    0.291    0.326
12.68   7.00    0.617   39.436
12.68   7.00    0.603    0.152   0.617   0.077
12.68   7.00    0.603    0.150   0.617   0.075

12.69   0.00    0.076    0.074   0.032   0.036   0.008   0.000   0.000   0.000   0.000   0.000   0.000 791449700
12.69   4.19   36.019
12.69   7.00    0.291    0.326
12.69   7.00    0.617   39.435
12.69   7.00    0.603    0.152   0.617   0.077
12.69   7.00    0.603    0.150   0.617   0.075

12.70   0.00    0.076    0.074   0.032   0.036   0.008   0.000   0.000   0.000   0.000   0.000   0.000 792073300
12.70   4.19   36.016
12.70   7.00    0.291    0.326
12.70   7.00    0.617   39.433
12.70   7.00    0.603    0.152   0.617   0.077
12.70   7.00    0.603    0.150   0.617   0.075

12.71   0.00    0.076    0.074   0.032   0.036   0.008   0.000   0.000   0.000   0.000   0.000   0.000 792697000
12.71   4.19   36.013
12.71   7.00    0.291    0.326
12.71   7.00    0.617   39.432
12.71   7.00    0.603    0.152   0.617   0.077
12.71   7.00    0.603    0.150   0.617   0.075

12.72   0.00    0.076    0.074   0.032   0.036   0.008   0.000   0.000   0.000   0.000   0.000   0.000 793320700
12.72   4.19   36.010
12.72   7.00    0.291    0.326
12.72   7.00    0.617   39.431
12.72   7.00    0.603    0.152   0.617   0.077
12.72   7.00    0.603    0.150   0.617   0.075

12.73   0.00    0.076    0.074   0.032   0.036   0.008   0.000   0.000   0.000   0.000   0.000   0.000 793944400
12.73   4.19   36.006
12.73   7.00    0.291    0.326
12.73   7.00    0.617   39.430
12.73   7.00    0.603    0.152   0.617   0.077
12.73   7.00    0.603    0.150   0.617   0.075

12.74   0.00    0.076    0.074   0.032   0.036   0.008   0.000   0.000   0.000   0.000   0.000   0.000 794568100
12.74   4.19   36.003
12.74   7.00    0.290    0.326
12.74   7.00    0.616   39.428
12.74   7.00    0.602    0.152   0.616   0.077
12.74   7.00    0.603    0.150   0.616   0.075

12.75   0.00    0.076    0.074   0.032   0.036   0.008   0.000   0.000   0.000   0.000   0.000   0.000 795191700
12.75   4.18   36.000
12.75   7.00    0.290    0.326
12.75   7.00    0.616   39.427
12.75   7.00    0.602    0.152   0.616   0.077
12.75   7.00    0.603    0.150   0.616   0.075

12.76   0.00    0.076    0.074   0.032   0.036   0.008   0.000   0.000   0.000   0.000   0.000   0.000 795815400
12.76   4.18   35.997
12.76   7.00    0.290    0.326
12.76   7.00    0.616   39.426
12.76   7.00    0.602    0.152   0.616   0.077
12.76   7.00    0.602    0.150   0.616   0.075

12.77   0.00    0.076    0.074   0.032   0.036   0.008   0.000   0.000   0.000   0.000   0.000   0.000 796439100
12.77   4.18   35.994
12.77   7.00    0.290    0.326
12.77   7.00    0.616   39.424
12.77   7.00    0.602    0.152   0.616   0.077
12.77   7.00    0.602    0.150   0.616   0.075

12.78   0.00    0.076    0.074   0.032   0.036   0.008   0.000   0.000   0.000   0.000   0.000   0.000 797062800
12.78   4.18   35.990
12.78   7.00    0.290    0.326
12.78   7.00    0.616   39.423
12.78   7.00    0.602    0.152   0.616   0.077
12.78   7.00    0.602    0.150   0.616   0.075

12.79   0.00    0.076    0.074   0.032   0.036   0.008   0.000   0.000   0.000   0.000   0.000   0.000 797686500
12.79   4.18   35.987
12.79   7.00    0.290    0.326
12.79   7.00    0.616   39.422
12.79   7.00    0.602    0.152   0.616   0.077
12.79   7.00    0.602    0.150   0.616   0.075

12.80   0.00    0.076    0.074   0.032   0.036   0.008   0.000   0.000   0.000   0.000   0.000   0.000 798310100
12.80   4.18   35.984
12.80   7.00    0.290    0.326
12.80   7.00    0.616   39.420
12.80   7.00    0.602    0.152   0.616   0.077
12.80   7.00    0.602    0.150   0.616   0.075

12.81   0.00    0.076    0.074   0.032   0.036   0.008   0.000   0.000   0.000   0.000   0.000   0.000 798933800
12.81   4.18   35.981
12.81   7.00    0.290    0.326
12.81   7.00    0.616   39.419
12.81   7.00    0.602    0.152   0.616   0.077
12.81   7.00    0.602    0.150   0.616   0.075

12.82   0.00    0.076    0.074   0.032   0.036   0.008   0.000   0.000   0.000   0.000   0.000   0.000 799557500
12.82   4.18   35.978
12.82   7.00    0.290    0.326
12.82   7.00    0.615   39.418
12.82   7.00    0.601    0.152   0.615   0.077
12.82   7.00    0.602    0.150   0.615   0.075

12.83   0.00    0.076    0.074   0.032   0.036   0.008   0.000   0.000   0.000   0.000   0.000   0.000 800181200
12.83   4.18   35.975
12.83   7.00    0.290    0.325
12.83   7.00    0.615   39.416
12.83   7.00    0.601    0.152   0.615   0.077
12.83   7.00    0.602    0.150   0.615   0.075

12.84   0.00    0.076    0.074   0.032   0.036   0.008   0.000   0.000   0.000   0.000   0.000   0.000 800804900
12.84   4.17   35.971
12.84   7.00    0.290    0.325
12.84   7.00    0.615   39.415
12.84   7.00    0.601    0.152   0.615   0.077
12.84   7.00    0.601    0.150   0.615   0.075

12.85   0.00    0.076    0.074   0.032   0.036   0.008   0.000   0.000   0.000   0.000   0.000   0.000 801428500
12.85   4.17   35.968
12.85   7.00    0.290    0.325
12.85   7.00    0.615   39.413
12.85   7.00    0.601    0.152   0.615   0.077
12.85   7.00    0.601    0.150   0.615   0.075

12.86   0.00    0.076    0.074   0.032   0.036   0.008   0.000   0.000   0.000   0.000   0.000   0.000 802052200
12.86   4.17   35.965
12.86   7.00    0.290    0.325
12.86   7.00    0.615   39.412
12.86   7.00    0.601    0.151   0.615   0.077
12.86   7.00    0.601    0.150   0.615   0.075

12.87   0.00    0.076    0.074   0.032   0.036   0.008   0.000   0.000   0.000   0.000   0.000   0.000 802675900
12.87   4.17   35.962
12.87   7.00    0.290    0.325
12.87   7.00    0.615   39.411
12.87   7.00    0.601    0.151   0.615   0.077
12.87   7.00    0.601    0.150   0.615   0.075

12.88   0.00    0.076    0.074   0.032   0.036   0.008   0.000   0.000   0.000   0.000   0.000   0.000 803299600
12.88   4.17   35.959
12.88   7.00    0.289    0.325
12.88   7.00    0.615   39.409
12.88   7.00    0.601    0.151   0.615   0.077
12.88   7.00    0.601    0.150   0.615   0.075

12.89   0.00    0.076    0.074   0.032   0.036   0.008   0.000   0.000   0.000   0.000   0.000   0.000 803923300
12.89   4.17   35.956
12.89   7.00    0.289    0.325
12.89   7.00    0.615   39.408
12.89   7.00    0.601    0.151   0.615   0.077
12.89   7.00    0.601    0.150   0.615   0.075

12.90   0.00    0.076    0.074   0.032   0.036   0.008   0.000   0.000   0.000   0.000   0.000   0.000 804546900
12.90   4.17   35.953
12.90   7.00    0.289    0.325
12.90   7.00    0.614   39.407
12.90   7.00    0.600    0.151   0.614   0.077
12.90   7.00    0.601    0.150   0.614   0.075

12.91   0.00    0.076    0.074   0.032   0.036   0.008   0.000   0.000   0.000   0.000   0.000   0.000 805170600
12.91   4.17   35.949
12.91   7.00    0.289    0.325
12.91   7.00    0.614   39.405
12.91   7.00    0.600    0.151   0.614   0.077
12.91   7.00    0.601    0.150   0.614   0.075

12.92   0.00    0.076    0.074   0.032   0.036   0.008   0.000   0.000   0.000   0.000   0.000   0.000 805794300
12.92   4.16   35.946
12.92   7.00    0.289    0.325
12.92   7.00    0.614   39.404
12.92   7.00    0.600    0.151   0.614   0.077
12.92   7.00    0.600    0.150   0.614   0.075

12.93   0.00    0.076    0.074   0.032   0.036   0.008   0.000   0.000   0.000   0.000   0.000   0.000 806418000
12.93   4.16   35.943
12.93   7.00    0.289    0.325
12.93   7.00    0.614   39.403
12.93   7.00    0.600    0.151   0.614   0.077
12.93   7.00    0.600    0.149   0.614   0.075

12.94   0.00    0.076    0.074   0.032   0.036   0.008   0.000   0.000   0.000   0.000   0.000   0.000 807041700
12.94   4.16   35.940
12.94   7.00    0.289    0.325
12.94   7.00    0.614   39.401
12.94   7.00    0.600    0.151   0.614   0.077
12.94   7.00    0.600    0.149   0.614   0.075

12.95   0.00    0.076    0.074   0.032   0.036   0.008   0.000   0.000   0.000   0.000   0.000   0.000 807665300
12.95   4.16   35.937
12.95   7.00    0.289    0.325
12.95   7.00    0.614   39.400
12.95   7.00    0.600    0.151   0.614   0.077
12.95   7.00    0.600    0.149   0.614   0.075

12.96   0.00    0.076    0.074   0.032   0.036   0.008   0.000   0.000   0.000   0.000   0.000   0.000 808289000
12.96   4.16   35.934
12.96   7.00    0.289    0.325
12.96   7.00    0.614   39.398
12.96   7.00    0.600    0.151   0.614   0.077
12.96   7.00    0.600    0.149   0.614   0.075

12.97   0.00    0.076    0.074   0.032   0.036   0.008   0.000   0.000   0.000   0.000   0.000   0.000 808912700
12.97   4.16   35.931
12.97   7.00    0.289    0.325
12.97   7.00    0.614   39.397
12.97   7.00    0.600    0.151   0.614   0.077
12.97   7.00    0.600    0.149   0.614   0.075

12.98   0.00    0.076    0.074   0.032   0.036   0.007   0.000   0.000   0.000   0.000   0.000   0.000 809536300
12.98   4.16   35.928
12.98   7.00    0.289    0.325
12.98   7.00    0.613   39.396
12.98   7.00    0.599    0.151   0.613   0.077
12.98   7.00    0.600    0.149   0.613   0.075

12.99   0.00    0.076    0.074   0.032   0.036   0.007   0.000   0.000   0.000   0.000   0.000   0.000 810160100
12.99   4.16   35.925
12.99   7.00    0.289    0.325
12.99   7.00    0.613   39.394
12.99   7.00    0.599    0.151   0.613   0.077
12.99   7.00    0.600    0.149   0.613   0.075

13.00   0.00    0.076    0.074   0.032   0.036   0.007   0.000   0.000   0.000   0.000   0.000   0.000 810783700
13.00   4.16   35.922
13.00   7.00    0.289    0.324
13.00   7.00    0.613   39.393
13.00   7.00    0.599    0.151   0.613   0.077
13.00   7.00    0.599    0.149   0.613   0.075

13.01   0.00    0.076    0.074   0.032   0.036   0.007   0.000   0.000   0.000   0.000   0.000   0.000 811407400
13.01   4.15   35.918
13.01   7.00    0.289    0.324
13.01   7.00    0.613   39.391
13.01   7.00    0.599    0.151   0.613   0.077
13.01   7.00    0.599    0.149   0.613   0.075

13.02   0.00    0.076    0.074   0.032   0.036   0.007   0.000   0.000   0.000   0.000   0.000   0.000 812031100
13.02   4.15   35.915
13.02   7.00    0.289    0.324
13.02   7.00    0.613   39.390
13.02   7.00    0.599    0.151   0.613   0.077
13.02   7.00    0.599    0.149   0.613   0.075

13.03   0.00    0.076    0.074   0.032   0.036   0.007   0.000   0.000   0.000   0.000   0.000   0.000 812654800
13.03   4.15   35.912
13.03   7.00    0.288    0.324
13.03   7.00    0.613   39.388
13.03   7.00    0.599    0.151   0.613   0.077
13.03   7.00    0.599    0.149   0.613   0.075

13.04   0.00    0.076    0.074   0.032   0.036   0.007   0.000   0.000   0.000   0.000   0.000   0.000 813278500
13.04   4.15   35.909
13.04   7.00    0.288    0.324
13.04   7.00    0.613   39.387
13.04   7.00    0.599    0.151   0.613   0.077
13.04   7.00    0.599    0.149   0.613   0.075

13.05   0.00    0.076    0.074   0.032   0.036   0.007   0.000   0.000   0.000   0.000   0.000   0.000 813902100
13.05   4.15   35.906
13.05   7.00    0.288    0.324
13.05   7.00    0.612   39.386
13.05   7.00    0.599    0.151   0.612   0.077
13.05   7.00    0.599    0.149   0.612   0.075

13.06   0.00    0.076    0.074   0.032   0.036   0.007   0.000   0.000   0.000   0.000   0.000   0.000 814525800
13.06   4.15   35.903
13.06   7.00    0.288    0.324
13.06   7.00    0.612   39.384
13.06   7.00    0.598    0.151   0.612   0.077
13.06   7.00    0.599    0.149   0.612   0.075

13.07   0.00    0.076    0.074   0.032   0.036   0.007   0.000   0.000   0.000   0.000   0.000   0.000 815149500
13.07   4.15   35.900
13.07   7.00    0.288    0.324
13.07   7.00    0.612   39.383
13.07   7.00    0.598    0.151   0.612   0.077
13.07   7.00    0.598    0.149   0.612   0.075

13.08   0.00    0.076    0.074   0.032   0.036   0.007   0.000   0.000   0.000   0.000   0.000   0.000 815773200
13.08   4.15   35.897
13.08   7.00    0.288    0.324
13.08   7.00    0.612   39.381
13.08   7.00    0.598    0.151   0.612   0.077
13.08   7.00    0.598    0.149   0.612   0.075

13.09   0.00    0.076    0.074   0.032   0.036   0.007   0.000   0.000   0.000   0.000   0.000   0.000 816396900
13.09   4.14   35.894
13.09   7.00    0.288    0.324
13.09   7.00    0.612   39.380
13.09   7.00    0.598    0.151   0.612   0.077
13.09   7.00    0.598    0.149   0.612   0.075

13.10   0.00    0.076    0.074   0.032   0.036   0.007   0.000   0.000   0.000   0.000   0.000   0.000 817020500
13.10   4.14   35.891
13.10   7.00    0.288    0.324
13.10   7.00    0.612   39.378
13.10   7.00    0.598    0.151   0.612   0.077
13.10   7.00    0.598    0.149   0.612   0.075

13.11   0.00    0.076    0.074   0.032   0.036   0.007   0.000   0.000   0.000   0.000   0.000   0.000 817644200
13.11   4.14   35.888
13.11   7.00    0.288    0.324
13.11   7.00    0.612   39.377
13.11   7.00    0.598    0.151   0.612   0.077
13.11   7.00    0.598    0.149   0.612   0.075

13.12   0.00    0.076    0.074   0.032   0.036   0.007   0.000   0.000   0.000   0.000   0.000   0.000 818267900
13.12   4.14   35.885
13.12   7.00    0.288    0.324
13.12   7.00    0.612   39.375
13.12   7.00    0.598    0.151   0.612   0.077
13.12   7.00    0.598    0.149   0.612   0.075

13.13   0.00    0.076    0.074   0.032   0.036   0.007   0.000   0.000   0.000   0.000   0.000   0.000 818891600
13.13   4.14   35.882
13.13   7.00    0.288    0.325
13.13   7.00    0.612   39.398
13.13   7.00    0.598    0.151   0.612   0.077
13.13   7.00    0.599    0.149   0.612   0.075

13.14   0.00    0.076    0.074   0.032   0.036   0.007   0.000   0.000   0.000   0.000   0.000   0.000 819515300
13.14   4.14   35.879
13.14   7.00    0.288    0.325
13.14   7.00    0.612   39.399
13.14   7.00    0.598    0.151   0.612   0.077
13.14   7.00    0.599    0.149   0.612   0.075

13.15   0.00    0.076    0.074   0.032   0.036   0.007   0.000   0.000   0.000   0.000   0.000   0.000 820138900
13.15   4.14   35.876
13.15   7.00    0.288    0.325
13.15   7.00    0.612   39.399
13.15   7.00    0.598    0.151   0.612   0.077
13.15   7.00    0.598    0.149   0.612   0.075

13.16   0.00    0.076    0.074   0.032   0.036   0.007   0.000   0.000   0.000   0.000   0.000   0.000 820762600
13.16   4.14   35.873
13.16   7.00    0.288    0.325
13.16   7.00    0.612   39.399
13.16   7.00    0.598    0.151   0.612   0.077
13.16   7.00    0.598    0.149   0.612   0.075

13.17   0.00    0.076    0.074   0.032   0.036   0.007   0.000   0.000   0.000   0.000   0.000   0.000 821386300
13.17   4.14   35.870
13.17   7.00    0.288    0.325
13.17   7.00    0.612   39.399
13.17   7.00    0.598    0.151   0.612   0.077
13.17   7.00    0.598    0.149   0.612   0.075

13.18   0.00    0.076    0.074   0.032   0.036   0.007   0.000   0.000   0.000   0.000   0.000   0.000 822010000
13.18   4.13   35.867
13.18   7.00    0.287    0.325
13.18   7.00    0.612   39.400
13.18   7.00    0.598    0.151   0.612   0.077
13.18   7.00    0.598    0.149   0.612   0.075

13.19   0.00    0.076    0.074   0.032   0.036   0.007   0.000   0.000   0.000   0.000   0.000   0.000 822633600
13.19   4.13   35.864
13.19   7.00    0.287    0.325
13.19   7.00    0.612   39.400
13.19   7.00    0.598    0.151   0.612   0.077
13.19   7.00    0.598    0.149   0.612   0.075

13.20   0.00    0.076    0.074   0.032   0.036   0.007   0.000   0.000   0.000   0.000   0.000   0.000 823257300
13.20   4.13   35.861
13.20   7.00    0.287    0.325
13.20   7.00    0.612   39.400
13.20   7.00    0.598    0.151   0.612   0.077
13.20   7.00    0.598    0.149   0.612   0.075

13.21   0.00    0.076    0.074   0.032   0.036   0.007   0.000   0.000   0.000   0.000   0.000   0.000 823881000
13.21   4.13   35.858
13.21   7.00    0.287    0.325
13.21   7.00    0.612   39.400
13.21   7.00    0.598    0.151   0.612   0.077
13.21   7.00    0.598    0.149   0.612   0.075

13.22   0.00    0.076    0.074   0.032   0.036   0.007   0.000   0.000   0.000   0.000   0.000   0.000 824504700
13.22   4.13   35.855
13.22   7.00    0.287    0.325
13.22   7.00    0.612   39.401
13.22   7.00    0.598    0.151   0.612   0.077
13.22   7.00    0.598    0.149   0.612   0.075

13.23   0.00    0.076    0.074   0.032   0.036   0.007   0.000   0.000   0.000   0.000   0.000   0.000 825128300
13.23   4.13   35.852
13.23   7.00    0.287    0.325
13.23   7.00    0.612   39.401
13.23   7.00    0.598    0.151   0.612   0.077
13.23   7.00    0.598    0.149   0.612   0.075

13.24   0.00    0.076    0.074   0.032   0.036   0.007   0.000   0.000   0.000   0.000   0.000   0.000 825752100
13.24   4.13   35.849
13.24   7.00    0.287    0.325
13.24   7.00    0.612   39.401
13.24   7.00    0.598    0.151   0.612   0.077
13.24   7.00    0.598    0.149   0.612   0.075

13.25   0.00    0.076    0.074   0.032   0.036   0.007   0.000   0.000   0.000   0.000   0.000   0.000 826375700
13.25   4.13   35.846
13.25   7.00    0.287    0.325
13.25   7.00    0.612   39.401
13.25   7.00    0.598    0.151   0.612   0.077
13.25   7.00    0.598    0.149   0.612   0.075

13.26   0.00    0.075    0.074   0.032   0.036   0.007   0.000   0.000   0.000   0.000   0.000   0.000 826999400
13.26   4.13   35.843
13.26   7.00    0.287    0.325
13.26   7.00    0.611   39.402
13.26   7.00    0.598    0.151   0.611   0.077
13.26   7.00    0.598    0.149   0.611   0.075

13.27   0.00    0.075    0.074   0.032   0.036   0.007   0.000   0.000   0.000   0.000   0.000   0.000 827623100
13.27   4.12   35.840
13.27   7.00    0.287    0.325
13.27   7.00    0.611   39.402
13.27   7.00    0.597    0.151   0.611   0.077
13.27   7.00    0.598    0.149   0.611   0.075

13.28   0.00    0.075    0.074   0.032   0.036   0.007   0.000   0.000   0.000   0.000   0.000   0.000 828246800
13.28   4.12   35.837
13.28   7.00    0.287    0.325
13.28   7.00    0.611   39.402
13.28   7.00    0.597    0.151   0.611   0.077
13.28   7.00    0.598    0.149   0.611   0.075

13.29   0.00    0.075    0.074   0.032   0.036   0.007   0.000   0.000   0.000   0.000   0.000   0.000 828870500
13.29   4.12   35.834
13.29   7.00    0.287    0.325
13.29   7.00    0.611   39.402
13.29   7.00    0.597    0.151   0.611   0.077
13.29   7.00    0.598    0.149   0.611   0.075

13.30   0.00    0.075    0.074   0.032   0.036   0.007   0.000   0.000   0.000   0.000   0.000   0.000 829494100
13.30   4.12   35.831
13.30   7.00    0.287    0.325
13.30   7.00    0.611   39.403
13.30   7.00    0.597    0.151   0.611   0.077
13.30   7.00    0.598    0.149   0.611   0.075

13.31   0.00    0.075    0.074   0.032   0.036   0.007   0.000   0.000   0.000   0.000   0.000   0.000 830117800
13.31   4.12   35.828
13.31   7.00    0.287    0.325
13.31   7.00    0.611   39.403
13.31   7.00    0.597    0.150   0.611   0.077
13.31   7.00    0.597    0.149   0.611   0.075

13.32   0.00    0.075    0.074   0.032   0.036   0.007   0.000   0.000   0.000   0.000   0.000   0.000 830741500
13.32   4.12   35.825
13.32   7.00    0.286    0.325
13.32   7.00    0.611   39.403
13.32   7.00    0.597    0.150   0.611   0.077
13.32   7.00    0.597    0.149   0.611   0.075

13.33   0.00    0.075    0.074   0.032   0.036   0.007   0.000   0.000   0.000   0.000   0.000   0.000 831365200
13.33   4.12   35.822
13.33   7.00    0.286    0.325
13.33   7.00    0.611   39.403
13.33   7.00    0.597    0.150   0.611   0.077
13.33   7.00    0.597    0.149   0.611   0.075

13.34   0.00    0.075    0.074   0.032   0.036   0.007   0.000   0.000   0.000   0.000   0.000   0.000 831988900
13.34   4.12   35.819
13.34   7.00    0.286    0.325
13.34   7.00    0.611   39.404
13.34   7.00    0.597    0.150   0.611   0.077
13.34   7.00    0.597    0.149   0.611   0.075

13.35   0.00    0.075    0.074   0.032   0.036   0.007   0.000   0.000   0.000   0.000   0.000   0.000 832612500
13.35   4.12   35.816
13.35   7.00    0.286    0.325
13.35   7.00    0.611   39.404
13.35   7.00    0.597    0.150   0.611   0.077
13.35   7.00    0.597    0.149   0.611   0.075

13.36   0.00    0.075    0.074   0.032   0.036   0.007   0.000   0.000   0.000   0.000   0.000   0.000 833236200
13.36   4.11   35.813
13.36   7.00    0.286    0.325
13.36   7.00    0.611   39.404
13.36   7.00    0.597    0.150   0.611   0.077
13.36   7.00    0.597    0.149   0.611   0.075

13.37   0.00    0.075    0.074   0.032   0.036   0.007   0.000   0.000   0.000   0.000   0.000   0.000 833859900
13.37   4.11   35.810
13.37   7.00    0.286    0.325
13.37   7.00    0.611   39.404
13.37   7.00    0.597    0.150   0.611   0.077
13.37   7.00    0.597    0.149   0.611   0.075

13.38   0.00    0.075    0.074   0.032   0.036   0.007   0.000   0.000   0.000   0.000   0.000   0.000 834483600
13.38   4.11   35.807
13.38   7.00    0.286    0.325
13.38   7.00    0.611   39.405
13.38   7.00    0.597    0.150   0.611   0.076
13.38   7.00    0.597    0.149   0.611   0.075

13.39   0.00    0.075    0.074   0.032   0.036   0.007   0.000   0.000   0.000   0.000   0.000   0.000 835107300
13.39   4.11   35.805
13.39   7.00    0.286    0.325
13.39   7.00    0.611   39.405
13.39   7.00    0.597    0.150   0.611   0.076
13.39   7.00    0.597    0.149   0.611   0.075

13.40   0.00    0.075    0.074   0.032   0.036   0.007   0.000   0.000   0.000   0.000   0.000   0.000 835730900
13.40   4.11   35.802
13.40   7.00    0.286    0.325
13.40   7.00    0.611   39.405
13.40   7.00    0.597    0.150   0.611   0.076
13.40   7.00    0.597    0.149   0.611   0.075

13.41   0.00    0.075    0.074   0.032   0.036   0.007   0.000   0.000   0.000   0.000   0.000   0.000 836354600
13.41   4.11   35.799
13.41   7.00    0.286    0.325
13.41   7.00    0.610   39.405
13.41   7.00    0.597    0.150   0.610   0.076
13.41   7.00    0.597    0.149   0.610   0.075

13.42   0.00    0.075    0.074   0.032   0.036   0.007   0.000   0.000   0.000   0.000   0.000   0.000 836978300
13.42   4.11   35.796
13.42   7.00    0.286    0.325
13.42   7.00    0.610   39.406
13.42   7.00    0.597    0.150   0.610   0.076
13.42   7.00    0.597    0.149   0.610   0.075

13.43   0.00    0.075    0.074   0.032   0.036   0.007   0.000   0.000   0.000   0.000   0.000   0.000 837602000
13.43   4.11   35.793
13.43   7.00    0.286    0.325
13.43   7.00    0.610   39.406
13.43   7.00    0.596    0.150   0.610   0.076
13.43   7.00    0.597    0.149   0.610   0.075

13.44   0.00    0.075    0.074   0.032   0.036   0.007   0.000   0.000   0.000   0.000   0.000   0.000 838225600
13.44   4.11   35.790
13.44   7.00    0.286    0.325
13.44   7.00    0.610   39.406
13.44   7.00    0.596    0.150   0.610   0.076
13.44   7.00    0.597    0.149   0.610   0.075

13.45   0.00    0.075    0.074   0.032   0.036   0.007   0.000   0.000   0.000   0.000   0.000   0.000 838849300
13.45   4.10   35.787
13.45   7.00    0.286    0.325
13.45   7.00    0.610   39.407
13.45   7.00    0.596    0.150   0.610   0.076
13.45   7.00    0.597    0.149   0.610   0.075

13.46   0.00    0.075    0.074   0.032   0.036   0.007   0.000   0.000   0.000   0.000   0.000   0.000 839473000
13.46   4.10   35.784
13.46   7.00    0.286    0.325
13.46   7.00    0.610   39.407
13.46   7.00    0.596    0.150   0.610   0.076
13.46   7.00    0.596    0.149   0.610   0.075

13.47   0.00    0.075    0.074   0.032   0.036   0.007   0.000   0.000   0.000   0.000   0.000   0.000 840096700
13.47   4.10   35.781
13.47   7.00    0.286    0.325
13.47   7.00    0.610   39.407
13.47   7.00    0.596    0.150   0.610   0.076
13.47   7.00    0.596    0.149   0.610   0.075

13.48   0.00    0.075    0.074   0.032   0.036   0.007   0.000   0.000   0.000   0.000   0.000   0.000 840720300
13.48   4.10   35.778
13.48   7.00    0.285    0.325
13.48   7.00    0.610   39.407
13.48   7.00    0.596    0.150   0.610   0.076
13.48   7.00    0.596    0.149   0.610   0.075

13.49   0.00    0.075    0.074   0.032   0.036   0.007   0.000   0.000   0.000   0.000   0.000   0.000 841344100
13.49   4.10   35.776
13.49   7.00    0.285    0.325
13.49   7.00    0.610   39.408
13.49   7.00    0.596    0.150   0.610   0.076
13.49   7.00    0.596    0.148   0.610   0.075

13.50   0.00    0.075    0.074   0.032   0.036   0.007   0.000   0.000   0.000   0.000   0.000   0.000 841967700
13.50   4.10   35.773
13.50   7.00    0.285    0.325
13.50   7.00    0.610   39.408
13.50   7.00    0.596    0.150   0.610   0.076
13.50   7.00    0.596    0.148   0.610   0.075

13.51   0.00    0.075    0.074   0.032   0.036   0.007   0.000   0.000   0.000   0.000   0.000   0.000 842591400
13.51   4.10   35.770
13.51   7.00    0.285    0.325
13.51   7.00    0.610   39.408
13.51   7.00    0.596    0.150   0.610   0.076
13.51   7.00    0.596    0.148   0.610   0.075

13.52   0.00    0.075    0.074   0.032   0.036   0.007   0.000   0.000   0.000   0.000   0.000   0.000 843215100
13.52   4.10   35.767
13.52   7.00    0.285    0.325
13.52   7.00    0.610   39.408
13.52   7.00    0.596    0.150   0.610   0.076
13.52   7.00    0.596    0.148   0.610   0.075

13.53   0.00    0.075    0.074   0.032   0.036   0.007   0.000   0.000   0.000   0.000   0.000   0.000 843838700
13.53   4.10   35.764
13.53   7.00    0.285    0.325
13.53   7.00    0.610   39.409
13.53   7.00    0.596    0.150   0.610   0.076
13.53   7.00    0.596    0.148   0.610   0.075

13.54   0.00    0.075    0.074   0.032   0.036   0.007   0.000   0.000   0.000   0.000   0.000   0.000 844462500
13.54   4.09   35.761
13.54   7.00    0.285    0.325
13.54   7.00    0.610   39.409
13.54   7.00    0.596    0.150   0.610   0.076
13.54   7.00    0.596    0.148   0.610   0.075

13.55   0.00    0.075    0.074   0.032   0.036   0.007   0.000   0.000   0.000   0.000   0.000   0.000 845086100
13.55   4.09   35.758
13.55   7.00    0.285    0.325
13.55   7.00    0.610   39.409
13.55   7.00    0.596    0.150   0.610   0.076
13.55   7.00    0.596    0.148   0.610   0.075

13.56   0.00    0.075    0.074   0.032   0.036   0.007   0.000   0.000   0.000   0.000   0.000   0.000 845709800
13.56   4.09   35.756
13.56   7.00    0.285    0.325
13.56   7.00    0.609   39.409
13.56   7.00    0.596    0.150   0.609   0.076
13.56   7.00    0.596    0.148   0.609   0.075

13.57   0.00    0.075    0.074   0.032   0.036   0.007   0.000   0.000   0.000   0.000   0.000   0.000 846333400
13.57   4.09   35.753
13.57   7.00    0.285    0.325
13.57   7.00    0.609   39.410
13.57   7.00    0.596    0.150   0.609   0.076
13.57   7.00    0.596    0.148   0.609   0.075

13.58   0.00    0.075    0.074   0.032   0.036   0.007   0.000   0.000   0.000   0.000   0.000   0.000 846957200
13.58   4.09   35.750
13.58   7.00    0.285    0.325
13.58   7.00    0.609   39.410
13.58   7.00    0.596    0.150   0.609   0.076
13.58   7.00    0.596    0.148   0.609   0.075

13.59   0.00    0.075    0.074   0.032   0.036   0.007   0.000   0.000   0.000   0.000   0.000   0.000 847580900
13.59   4.09   35.747
13.59   7.00    0.285    0.325
13.59   7.00    0.609   39.410
13.59   7.00    0.595    0.150   0.609   0.076
13.59   7.00    0.596    0.148   0.609   0.075

13.60   0.00    0.075    0.074   0.032   0.036   0.007   0.000   0.000   0.000   0.000   0.000   0.000 848204500
13.60   4.09   35.744
13.60   7.00    0.285    0.325
13.60   7.00    0.609   39.410
13.60   7.00    0.595    0.150   0.609   0.076
13.60   7.00    0.596    0.148   0.609   0.075

13.61   0.00    0.075    0.073   0.032   0.036   0.007   0.000   0.000   0.000   0.000   0.000   0.000 848828200
13.61   4.09   35.741
13.61   7.00    0.285    0.325
13.61   7.00    0.609   39.411
13.61   7.00    0.595    0.150   0.609   0.076
13.61   7.00    0.596    0.148   0.609   0.075

13.62   0.00    0.075    0.073   0.032   0.036   0.007   0.000   0.000   0.000   0.000   0.000   0.000 849451900
13.62   4.09   35.739
13.62   7.00    0.285    0.325
13.62   7.00    0.609   39.411
13.62   7.00    0.595    0.150   0.609   0.076
13.62   7.00    0.595    0.148   0.609   0.075

13.63   0.00    0.075    0.073   0.032   0.036   0.007   0.000   0.000   0.000   0.000   0.000   0.000 850075600
13.63   4.09   35.736
13.63   7.00    0.284    0.325
13.63   7.00    0.609   39.411
13.63   7.00    0.595    0.150   0.609   0.076
13.63   7.00    0.595    0.148   0.609   0.075

13.64   0.00    0.075    0.073   0.032   0.036   0.007   0.000   0.000   0.000   0.000   0.000   0.000 850699300
13.64   4.08   35.733
13.64   7.00    0.284    0.325
13.64   7.00    0.609   39.411
13.64   7.00    0.595    0.150   0.609   0.076
13.64   7.00    0.595    0.148   0.609   0.075

13.65   0.00    0.075    0.073   0.032   0.036   0.007   0.000   0.000   0.000   0.000   0.000   0.000 851322900
13.65   4.08   35.730
13.65   7.00    0.284    0.325
13.65   7.00    0.609   39.412
13.65   7.00    0.595    0.150   0.609   0.076
13.65   7.00    0.595    0.148   0.609   0.075

13.66   0.00    0.075    0.073   0.032   0.036   0.007   0.000   0.000   0.000   0.000   0.000   0.000 851946600
13.66   4.08   35.727
13.66   7.00    0.284    0.325
13.66   7.00    0.609   39.412
13.66   7.00    0.595    0.150   0.609   0.076
13.66   7.00    0.595    0.148   0.609   0.075

13.67   0.00    0.075    0.073   0.032   0.036   0.007   0.000   0.000   0.000   0.000   0.000   0.000 852570300
13.67   4.08   35.724
13.67   7.00    0.284    0.325
13.67   7.00    0.609   39.412
13.67   7.00    0.595    0.150   0.609   0.076
13.67   7.00    0.595    0.148   0.609   0.075

13.68   0.00    0.075    0.073   0.032   0.036   0.007   0.000   0.000   0.000   0.000   0.000   0.000 853194000
13.68   4.08   35.722
13.68   7.00    0.284    0.325
13.68   7.00    0.609   39.412
13.68   7.00    0.595    0.150   0.609   0.076
13.68   7.00    0.595    0.148   0.609   0.075

13.69   0.00    0.075    0.073   0.032   0.036   0.007   0.000   0.000   0.000   0.000   0.000   0.000 853817600
13.69   4.08   35.719
13.69   7.00    0.284    0.325
13.69   7.00    0.609   39.413
13.69   7.00    0.595    0.150   0.609   0.076
13.69   7.00    0.595    0.148   0.609   0.075

13.70   0.00    0.075    0.073   0.032   0.036   0.007   0.000   0.000   0.000   0.000   0.000   0.000 854441300
13.70   4.08   35.716
13.70   7.00    0.284    0.325
13.70   7.00    0.609   39.413
13.70   7.00    0.595    0.150   0.609   0.076
13.70   7.00    0.595    0.148   0.609   0.075

13.71   0.00    0.075    0.073   0.032   0.036   0.007   0.000   0.000   0.000   0.000   0.000   0.000 855065000
13.71   4.08   35.713
13.71   7.00    0.284    0.325
13.71   7.00    0.609   39.413
13.71   7.00    0.595    0.150   0.609   0.076
13.71   7.00    0.595    0.148   0.609   0.075

13.72   0.00    0.075    0.073   0.032   0.036   0.007   0.000   0.000   0.000   0.000   0.000   0.000 855688700
13.72   4.08   35.710
13.72   7.00    0.284    0.325
13.72   7.00    0.608   39.413
13.72   7.00    0.595    0.150   0.608   0.076
13.72   7.00    0.595    0.148   0.608   0.075

13.73   0.00    0.075    0.073   0.032   0.036   0.007   0.000   0.000   0.000   0.000   0.000   0.000 856312300
13.73   4.07   35.708
13.73   7.00    0.284    0.325
13.73   7.00    0.608   39.414
13.73   7.00    0.595    0.150   0.608   0.076
13.73   7.00    0.595    0.148   0.608   0.075

13.74   0.00    0.075    0.073   0.032   0.036   0.007   0.000   0.000   0.000   0.000   0.000   0.000 856936000
13.74   4.07   35.705
13.74   7.00    0.284    0.325
13.74   7.00    0.608   39.414
13.74   7.00    0.595    0.150   0.608   0.076
13.74   7.00    0.595    0.148   0.608   0.074

13.75   0.00    0.075    0.073   0.032   0.036   0.007   0.000   0.000   0.000   0.000   0.000   0.000 857559700
13.75   4.07   35.702
13.75   7.00    0.284    0.325
13.75   7.00    0.608   39.414
13.75   7.00    0.594    0.150   0.608   0.076
13.75   7.00    0.595    0.148   0.608   0.074

13.76   0.00    0.075    0.073   0.032   0.036   0.007   0.000   0.000   0.000   0.000   0.000   0.000 858183400
13.76   4.07   35.699
13.76   7.00    0.284    0.325
13.76   7.00    0.608   39.414
13.76   7.00    0.594    0.150   0.608   0.076
13.76   7.00    0.595    0.148   0.608   0.074

13.77   0.00    0.075    0.073   0.032   0.036   0.007   0.000   0.000   0.000   0.000   0.000   0.000 858807100
13.77   4.07   35.697
13.77   7.00    0.284    0.325
13.77   7.00    0.608   39.415
13.77   7.00    0.594    0.150   0.608   0.076
13.77   7.00    0.595    0.148   0.608   0.074

13.78   0.00    0.075    0.073   0.032   0.036   0.007   0.000   0.000   0.000   0.000   0.000   0.000 859430700
13.78   4.07   35.694
13.78   7.00    0.284    0.325
13.78   7.00    0.608   39.415
13.78   7.00    0.594    0.150   0.608   0.076
13.78   7.00    0.594    0.148   0.608   0.074

13.79   0.00    0.075    0.073   0.032   0.036   0.007   0.000   0.000   0.000   0.000   0.000   0.000 860054500
13.79   4.07   35.691
13.79   7.00    0.283    0.325
13.79   7.00    0.608   39.415
13.79   7.00    0.594    0.150   0.608   0.076
13.79   7.00    0.594    0.148   0.608   0.074

13.80   0.00    0.075    0.073   0.032   0.036   0.007   0.000   0.000   0.000   0.000   0.000   0.000 860678100
13.80   4.07   35.688
13.80   7.00    0.283    0.325
13.80   7.00    0.608   39.415
13.80   7.00    0.594    0.150   0.608   0.076
13.80   7.00    0.594    0.148   0.608   0.074

13.81   0.00    0.075    0.073   0.032   0.036   0.007   0.000   0.000   0.000   0.000   0.000   0.000 861301800
13.81   4.07   35.686
13.81   7.00    0.283    0.325
13.81   7.00    0.608   39.416
13.81   7.00    0.594    0.150   0.608   0.076
13.81   7.00    0.594    0.148   0.608   0.074

13.82   0.00    0.075    0.073   0.032   0.036   0.007   0.000   0.000   0.000   0.000   0.000   0.000 861925400
13.82   4.07   35.683
13.82   7.00    0.283    0.325
13.82   7.00    0.608   39.416
13.82   7.00    0.594    0.150   0.608   0.076
13.82   7.00    0.594    0.148   0.608   0.074

13.83   0.00    0.075    0.073   0.032   0.036   0.007   0.000   0.000   0.000   0.000   0.000   0.000 862549200
13.83   4.06   35.680
13.83   7.00    0.283    0.325
13.83   7.00    0.608   39.416
13.83   7.00    0.594    0.150   0.608   0.076
13.83   7.00    0.594    0.148   0.608   0.074

13.84   0.00    0.075    0.073   0.032   0.036   0.007   0.000   0.000   0.000   0.000   0.000   0.000 863172900
13.84   4.06   35.677
13.84   7.00    0.283    0.325
13.84   7.00    0.608   39.416
13.84   7.00    0.594    0.150   0.608   0.076
13.84   7.00    0.594    0.148   0.608   0.074

13.85   0.00    0.075    0.073   0.032   0.036   0.007   0.000   0.000   0.000   0.000   0.000   0.000 863796500
13.85   4.06   35.675
13.85   7.00    0.283    0.325
13.85   7.00    0.608   39.417
13.85   7.00    0.594    0.149   0.608   0.076
13.85   7.00    0.594    0.148   0.608   0.074

13.86   0.00    0.075    0.073   0.032   0.036   0.007   0.000   0.000   0.000   0.000   0.000   0.000 864420200
13.86   4.06   35.672
13.86   7.00    0.283    0.325
13.86   7.00    0.608   39.417
13.86   7.00    0.594    0.149   0.608   0.076
13.86   7.00    0.594    0.148   0.608   0.074

13.87   0.00    0.075    0.073   0.032   0.036   0.007   0.000   0.000   0.000   0.000   0.000   0.000 865043900
13.87   4.06   35.669
13.87   7.00    0.283    0.325
13.87   7.00    0.608   39.417
13.87   7.00    0.594    0.149   0.608   0.076
13.87   7.00    0.594    0.148   0.608   0.074

13.88   0.00    0.075    0.073   0.032   0.036   0.007   0.000   0.000   0.000   0.000   0.000   0.000 865667600
13.88   4.06   35.667
13.88   7.00    0.283    0.325
13.88   7.00    0.607   39.417
13.88   7.00    0.594    0.149   0.607   0.076
13.88   7.00    0.594    0.148   0.607   0.074

13.89   0.00    0.075    0.073   0.032   0.036   0.007   0.000   0.000   0.000   0.000   0.000   0.000 866291300
13.89   4.06   35.664
13.89   7.00    0.283    0.325
13.89   7.00    0.607   39.418
13.89   7.00    0.594    0.149   0.607   0.076
13.89   7.00    0.594    0.148   0.607   0.074

13.90   0.00    0.075    0.073   0.032   0.036   0.007   0.000   0.000   0.000   0.000   0.000   0.000 866914900
13.90   4.06   35.661
13.90   7.00    0.283    0.325
13.90   7.00    0.607   39.418
13.90   7.00    0.594    0.149   0.607   0.076
13.90   7.00    0.594    0.148   0.607   0.074

13.91   0.00    0.075    0.073   0.032   0.036   0.007   0.000   0.000   0.000   0.000   0.000   0.000 867538600
13.91   4.06   35.658
13.91   7.00    0.283    0.325
13.91   7.00    0.607   39.418
13.91   7.00    0.594    0.149   0.607   0.076
13.91   7.00    0.594    0.148   0.607   0.074

13.92   0.00    0.075    0.073   0.032   0.036   0.007   0.000   0.000   0.000   0.000   0.000   0.000 868162300
13.92   4.06   35.656
13.92   7.00    0.283    0.325
13.92   7.00    0.607   39.419
13.92   7.00    0.593    0.149   0.607   0.076
13.92   7.00    0.594    0.148   0.607   0.074

13.93   0.00    0.075    0.073   0.032   0.036   0.007   0.000   0.000   0.000   0.000   0.000   0.000 868786000
13.93   4.05   35.653
13.93   7.00    0.283    0.325
13.93   7.00    0.607   39.419
13.93   7.00    0.593    0.149   0.607   0.076
13.93   7.00    0.594    0.148   0.607   0.074

13.94   0.00    0.075    0.073   0.032   0.036   0.007   0.000   0.000   0.000   0.000   0.000   0.000 869409600
13.94   4.05   35.650
13.94   7.00    0.283    0.325
13.94   7.00    0.607   39.419
13.94   7.00    0.593    0.149   0.607   0.076
13.94   7.00    0.594    0.148   0.607   0.074

13.95   0.00    0.075    0.073   0.032   0.036   0.007   0.000   0.000   0.000   0.000   0.000   0.000 870033300
13.95   4.05   35.648
13.95   7.00    0.282    0.325
13.95   7.00    0.607   39.419
13.95   7.00    0.593    0.149   0.607   0.076
13.95   7.00    0.593    0.148   0.607   0.074

13.96   0.00    0.075    0.073   0.032   0.036   0.007   0.000   0.000   0.000   0.000   0.000   0.000 870657000
13.96   4.05   35.645
13.96   7.00    0.282    0.325
13.96   7.00    0.607   39.420
13.96   7.00    0.593    0.149   0.607   0.076
13.96   7.00    0.593    0.148   0.607   0.074

13.97   0.00    0.075    0.073   0.032   0.036   0.007   0.000   0.000   0.000   0.000   0.000   0.000 871280700
13.97   4.05   35.642
13.97   7.00    0.282    0.325
13.97   7.00    0.607   39.420
13.97   7.00    0.593    0.149   0.607   0.076
13.97   7.00    0.593    0.148   0.607   0.074

13.98   0.00    0.075    0.073   0.032   0.036   0.007   0.000   0.000   0.000   0.000   0.000   0.000 871904300
13.98   4.05   35.640
13.98   7.00    0.282    0.325
13.98   7.00    0.607   39.420
13.98   7.00    0.593    0.149   0.607   0.076
13.98   7.00    0.593    0.148   0.607   0.074

13.99   0.00    0.075    0.073   0.032   0.036   0.007   0.000   0.000   0.000   0.000   0.000   0.000 872528000
13.99   4.05   35.637
13.99   7.00    0.282    0.325
13.99   7.00    0.607   39.420
13.99   7.00    0.593    0.149   0.607   0.076
13.99   7.00    0.593    0.148   0.607   0.074

14.00   0.00    0.075    0.073   0.032   0.036   0.006   0.000   0.000   0.000   0.000   0.000   0.000 873151700
14.00   4.05   35.634
14.00   7.00    0.282    0.325
14.00   7.00    0.607   39.421
14.00   7.00    0.593    0.149   0.607   0.076
14.00   7.00    0.593    0.148   0.607   0.074

14.01   0.00    0.075    0.073   0.032   0.036   0.006   0.000   0.000   0.000   0.000   0.000   0.000 873775400
14.01   4.05   35.632
14.01   7.00    0.282    0.325
14.01   7.00    0.607   39.421
14.01   7.00    0.593    0.149   0.607   0.076
14.01   7.00    0.593    0.148   0.607   0.074

14.02   0.00    0.075    0.073   0.032   0.036   0.006   0.000   0.000   0.000   0.000   0.000   0.000 874399100
14.02   4.05   35.629
14.02   7.00    0.282    0.325
14.02   7.00    0.607   39.421
14.02   7.00    0.593    0.149   0.607   0.076
14.02   7.00    0.593    0.148   0.607   0.074

14.03   0.00    0.075    0.073   0.032   0.036   0.006   0.000   0.000   0.000   0.000   0.000   0.000 875022700
14.03   4.04   35.626
14.03   7.00    0.282    0.325
14.03   7.00    0.607   39.421
14.03   7.00    0.593    0.149   0.607   0.076
14.03   7.00    0.593    0.148   0.607   0.074

14.04   0.00    0.075    0.073   0.032   0.036   0.006   0.000   0.000   0.000   0.000   0.000   0.000 875646500
14.04   4.04   35.624
14.04   7.00    0.282    0.325
14.04   7.00    0.606   39.422
14.04   7.00    0.593    0.149   0.606   0.076
14.04   7.00    0.593    0.148   0.606   0.074

14.05   0.00    0.075    0.073   0.032   0.036   0.006   0.000   0.000   0.000   0.000   0.000   0.000 876270100
14.05   4.04   35.621
14.05   7.00    0.282    0.325
14.05   7.00    0.606   39.422
14.05   7.00    0.593    0.149   0.606   0.076
14.05   7.00    0.593    0.148   0.606   0.074

14.06   0.00    0.075    0.073   0.032   0.036   0.006   0.000   0.000   0.000   0.000   0.000   0.000 876893800
14.06   4.04   35.618
14.06   7.00    0.282    0.325
14.06   7.00    0.606   39.422
14.06   7.00    0.593    0.149   0.606   0.076
14.06   7.00    0.593    0.148   0.606   0.074

14.07   0.00    0.075    0.073   0.032   0.036   0.006   0.000   0.000   0.000   0.000   0.000   0.000 877517400
14.07   4.04   35.616
14.07   7.00    0.282    0.325
14.07   7.00    0.606   39.422
14.07   7.00    0.593    0.149   0.606   0.076
14.07   7.00    0.593    0.148   0.606   0.074

14.08   0.00    0.075    0.073   0.032   0.036   0.006   0.000   0.000   0.000   0.000   0.000   0.000 878141200
14.08   4.04   35.613
14.08   7.00    0.282    0.325
14.08   7.00    0.606   39.423
14.08   7.00    0.593    0.149   0.606   0.076
14.08   7.00    0.593    0.148   0.606   0.074

14.09   0.00    0.075    0.073   0.032   0.036   0.006   0.000   0.000   0.000   0.000   0.000   0.000 878764900
14.09   4.04   35.610
14.09   7.00    0.282    0.325
14.09   7.00    0.606   39.423
14.09   7.00    0.592    0.149   0.606   0.076
14.09   7.00    0.593    0.148   0.606   0.074

14.10   0.00    0.075    0.073   0.032   0.036   0.006   0.000   0.000   0.000   0.000   0.000   0.000 879388500
14.10   4.04   35.608
14.10   7.00    0.282    0.325
14.10   7.00    0.606   39.423
14.10   7.00    0.592    0.149   0.606   0.076
14.10   7.00    0.593    0.148   0.606   0.074

14.11   0.00    0.075    0.073   0.032   0.036   0.006   0.000   0.000   0.000   0.000   0.000   0.000 880012200
14.11   4.04   35.605
14.11   7.00    0.282    0.325
14.11   7.00    0.606   39.423
14.11   7.00    0.592    0.149   0.606   0.076
14.11   7.00    0.593    0.148   0.606   0.074

14.12   0.00    0.075    0.073   0.032   0.036   0.006   0.000   0.000   0.000   0.000   0.000   0.000 880635800
14.12   4.04   35.603
14.12   7.00    0.281    0.325
14.12   7.00    0.606   39.424
14.12   7.00    0.592    0.149   0.606   0.076
14.12   7.00    0.592    0.148   0.606   0.074

14.13   0.00    0.075    0.073   0.032   0.036   0.006   0.000   0.000   0.000   0.000   0.000   0.000 881259600
14.13   4.03   35.600
14.13   7.00    0.281    0.325
14.13   7.00    0.606   39.424
14.13   7.00    0.592    0.149   0.606   0.076
14.13   7.00    0.592    0.147   0.606   0.074

14.14   0.00    0.075    0.073   0.032   0.036   0.006   0.000   0.000   0.000   0.000   0.000   0.000 881883300
14.14   4.03   35.597
14.14   7.00    0.281    0.325
14.14   7.00    0.606   39.424
14.14   7.00    0.592    0.149   0.606   0.076
14.14   7.00    0.592    0.147   0.606   0.074

14.15   0.00    0.075    0.073   0.032   0.036   0.006   0.000   0.000   0.000   0.000   0.000   0.000 882506900
14.15   4.03   35.595
14.15   7.00    0.281    0.325
14.15   7.00    0.606   39.424
14.15   7.00    0.592    0.149   0.606   0.076
14.15   7.00    0.592    0.147   0.606   0.074

14.16   0.00    0.075    0.073   0.032   0.036   0.006   0.000   0.000   0.000   0.000   0.000   0.000 883130600
14.16   4.03   35.592
14.16   7.00    0.281    0.325
14.16   7.00    0.606   39.425
14.16   7.00    0.592    0.149   0.606   0.076
14.16   7.00    0.592    0.147   0.606   0.074

14.17   0.00    0.075    0.073   0.032   0.036   0.006   0.000   0.000   0.000   0.000   0.000   0.000 883754300
14.17   4.03   35.590
14.17   7.00    0.281    0.325
14.17   7.00    0.606   39.425
14.17   7.00    0.592    0.149   0.606   0.076
14.17   7.00    0.592    0.147   0.606   0.074

14.18   0.00    0.075    0.073   0.032   0.036   0.006   0.000   0.000   0.000   0.000   0.000   0.000 884378000
14.18   4.03   35.587
14.18   7.00    0.281    0.325
14.18   7.00    0.606   39.425
14.18   7.00    0.592    0.149   0.606   0.076
14.18   7.00    0.592    0.147   0.606   0.074

14.19   0.00    0.075    0.073   0.032   0.036   0.006   0.000   0.000   0.000   0.000   0.000   0.000 885001600
14.19   4.03   35.584
14.19   7.00    0.281    0.325
14.19   7.00    0.606   39.425
14.19   7.00    0.592    0.149   0.606   0.076
14.19   7.00    0.592    0.147   0.606   0.074

14.20   0.00    0.075    0.073   0.032   0.036   0.006   0.000   0.000   0.000   0.000   0.000   0.000 885625300
14.20   4.03   35.582
14.20   7.00    0.281    0.325
14.20   7.00    0.606   39.426
14.20   7.00    0.592    0.149   0.606   0.076
14.20   7.00    0.592    0.147   0.606   0.074

14.21   0.00    0.075    0.073   0.032   0.036   0.006   0.000   0.000   0.000   0.000   0.000   0.000 886249000
14.21   4.03   35.579
14.21   7.00    0.281    0.325
14.21   7.00    0.605   39.426
14.21   7.00    0.592    0.149   0.605   0.076
14.21   7.00    0.592    0.147   0.605   0.074

14.22   0.00    0.075    0.073   0.032   0.036   0.006   0.000   0.000   0.000   0.000   0.000   0.000 886872700
14.22   4.03   35.577
14.22   7.00    0.281    0.325
14.22   7.00    0.605   39.426
14.22   7.00    0.592    0.149   0.605   0.076
14.22   7.00    0.592    0.147   0.605   0.074

14.23   0.00    0.074    0.073   0.032   0.036   0.006   0.000   0.000   0.000   0.000   0.000   0.000 887496300
14.23   4.02   35.574
14.23   7.00    0.281    0.325
14.23   7.00    0.605   39.426
14.23   7.00    0.592    0.149   0.605   0.076
14.23   7.00    0.592    0.147   0.605   0.074

14.24   0.00    0.074    0.073   0.032   0.036   0.006   0.000   0.000   0.000   0.000   0.000   0.000 888120000
14.24   4.02   35.571
14.24   7.00    0.281    0.325
14.24   7.00    0.605   39.427
14.24   7.00    0.592    0.149   0.605   0.076
14.24   7.00    0.592    0.147   0.605   0.074

14.25   0.00    0.074    0.073   0.032   0.036   0.006   0.000   0.000   0.000   0.000   0.000   0.000 888743700
14.25   4.02   35.569
14.25   7.00    0.281    0.325
14.25   7.00    0.605   39.427
14.25   7.00    0.592    0.149   0.605   0.076
14.25   7.00    0.592    0.147   0.605   0.074

14.26   0.00    0.074    0.073   0.032   0.036   0.006   0.000   0.000   0.000   0.000   0.000   0.000 889367400
14.26   4.02   35.566
14.26   7.00    0.281    0.325
14.26   7.00    0.605   39.427
14.26   7.00    0.591    0.149   0.605   0.076
14.26   7.00    0.592    0.147   0.605   0.074

14.27   0.00    0.074    0.073   0.032   0.036   0.006   0.000   0.000   0.000   0.000   0.000   0.000 889991100
14.27   4.02   35.564
14.27   7.00    0.281    0.325
14.27   7.00    0.605   39.428
14.27   7.00    0.591    0.149   0.605   0.076
14.27   7.00    0.592    0.147   0.605   0.074

14.28   0.00    0.074    0.073   0.032   0.036   0.006   0.000   0.000   0.000   0.000   0.000   0.000 890614700
14.28   4.02   35.561
14.28   7.00    0.281    0.325
14.28   7.00    0.605   39.428
14.28   7.00    0.591    0.149   0.605   0.076
14.28   7.00    0.592    0.147   0.605   0.074

14.29   0.00    0.074    0.073   0.032   0.036   0.006   0.000   0.000   0.000   0.000   0.000   0.000 891238400
14.29   4.02   35.559
14.29   7.00    0.280    0.325
14.29   7.00    0.605   39.428
14.29   7.00    0.591    0.149   0.605   0.076
14.29   7.00    0.591    0.147   0.605   0.074

14.30   0.00    0.074    0.073   0.032   0.036   0.006   0.000   0.000   0.000   0.000   0.000   0.000 891862100
14.30   4.02   35.556
14.30   7.00    0.280    0.325
14.30   7.00    0.605   39.428
14.30   7.00    0.591    0.149   0.605   0.076
14.30   7.00    0.591    0.147   0.605   0.074

14.31   0.00    0.074    0.073   0.032   0.036   0.006   0.000   0.000   0.000   0.000   0.000   0.000 892485800
14.31   4.02   35.554
14.31   7.00    0.280    0.325
14.31   7.00    0.605   39.429
14.31   7.00    0.591    0.149   0.605   0.076
14.31   7.00    0.591    0.147   0.605   0.074

14.32   0.00    0.074    0.073   0.032   0.036   0.006   0.000   0.000   0.000   0.000   0.000   0.000 893109400
14.32   4.02   35.551
14.32   7.00    0.280    0.325
14.32   7.00    0.605   39.429
14.32   7.00    0.591    0.149   0.605   0.076
14.32   7.00    0.591    0.147   0.605   0.074

14.33   0.00    0.074    0.073   0.032   0.036   0.006   0.000   0.000   0.000   0.000   0.000   0.000 893733100
14.33   4.02   35.549
14.33   7.00    0.280    0.325
14.33   7.00    0.605   39.429
14.33   7.00    0.591    0.149   0.605   0.076
14.33   7.00    0.591    0.147   0.605   0.074

14.34   0.00    0.074    0.073   0.032   0.036   0.006   0.000   0.000   0.000   0.000   0.000   0.000 894356900
14.34   4.01   35.546
14.34   7.00    0.280    0.325
14.34   7.00    0.605   39.429
14.34   7.00    0.591    0.149   0.605   0.076
14.34   7.00    0.591    0.147   0.605   0.074

14.35   0.00    0.074    0.073   0.032   0.036   0.006   0.000   0.000   0.000   0.000   0.000   0.000 894980500
14.35   4.01   35.543
14.35   7.00    0.280    0.325
14.35   7.00    0.605   39.430
14.35   7.00    0.591    0.149   0.605   0.076
14.35   7.00    0.591    0.147   0.605   0.074

14.36   0.00    0.074    0.073   0.032   0.036   0.006   0.000   0.000   0.000   0.000   0.000   0.000 895604200
14.36   4.01   35.541
14.36   7.00    0.280    0.325
14.36   7.00    0.605   39.430
14.36   7.00    0.591    0.149   0.605   0.076
14.36   7.00    0.591    0.147   0.605   0.074

14.37   0.00    0.074    0.073   0.032   0.036   0.006   0.000   0.000   0.000   0.000   0.000   0.000 896227800
14.37   4.01   35.538
14.37   7.00    0.280    0.325
14.37   7.00    0.605   39.430
14.37   7.00    0.591    0.149   0.605   0.075
14.37   7.00    0.591    0.147   0.605   0.074

14.38   0.00    0.074    0.073   0.032   0.036   0.006   0.000   0.000   0.000   0.000   0.000   0.000 896851600
14.38   4.01   35.536
14.38   7.00    0.280    0.325
14.38   7.00    0.604   39.430
14.38   7.00    0.591    0.149   0.604   0.075
14.38   7.00    0.591    0.147   0.604   0.074

14.39   0.00    0.074    0.073   0.032   0.036   0.006   0.000   0.000   0.000   0.000   0.000   0.000 897475300
14.39   4.01   35.533
14.39   7.00    0.280    0.325
14.39   7.00    0.604   39.431
14.39   7.00    0.591    0.149   0.604   0.075
14.39   7.00    0.591    0.147   0.604   0.074

14.40   0.00    0.074    0.073   0.032   0.036   0.006   0.000   0.000   0.000   0.000   0.000   0.000 898098900
14.40   4.01   35.531
14.40   7.00    0.280    0.325
14.40   7.00    0.604   39.431
14.40   7.00    0.591    0.149   0.604   0.075
14.40   7.00    0.591    0.147   0.604   0.074

14.41   0.00    0.074    0.073   0.032   0.036   0.006   0.000   0.000   0.000   0.000   0.000   0.000 898722600
14.41   4.01   35.528
14.41   7.00    0.280    0.325
14.41   7.00    0.604   39.431
14.41   7.00    0.591    0.149   0.604   0.075
14.41   7.00    0.591    0.147   0.604   0.074

14.42   0.00    0.074    0.073   0.032   0.036   0.006   0.000   0.000   0.000   0.000   0.000   0.000 899346300
14.42   4.01   35.526
14.42   7.00    0.280    0.325
14.42   7.00    0.604   39.431
14.42   7.00    0.591    0.149   0.604   0.075
14.42   7.00    0.591    0.147   0.604   0.074

14.43   0.00    0.074    0.073   0.032   0.036   0.006   0.000   0.000   0.000   0.000   0.000   0.000 899970000
14.43   4.01   35.523
14.43   7.00    0.280    0.325
14.43   7.00    0.604   39.432
14.43   7.00    0.590    0.149   0.604   0.075
14.43   7.00    0.591    0.147   0.604   0.074

14.44   0.00    0.074    0.073   0.032   0.036   0.006   0.000   0.000   0.000   0.000   0.000   0.000 900593600
14.44   4.01   35.521
14.44   7.00    0.280    0.325
14.44   7.00    0.604   39.432
14.44   7.00    0.590    0.148   0.604   0.075
14.44   7.00    0.591    0.147   0.604   0.074

14.45   0.00    0.074    0.073   0.032   0.036   0.006   0.000   0.000   0.000   0.000   0.000   0.000 901217300
14.45   4.00   35.518
14.45   7.00    0.280    0.325
14.45   7.00    0.604   39.432
14.45   7.00    0.590    0.148   0.604   0.075
14.45   7.00    0.591    0.147   0.604   0.074

14.46   0.00    0.074    0.073   0.032   0.036   0.006   0.000   0.000   0.000   0.000   0.000   0.000 901841000
14.46   4.00   35.516
14.46   7.00    0.279    0.325
14.46   7.00    0.604   39.432
14.46   7.00    0.590    0.148   0.604   0.075
14.46   7.00    0.591    0.147   0.604   0.074

14.47   0.00    0.074    0.073   0.032   0.036   0.006   0.000   0.000   0.000   0.000   0.000   0.000 902464700
14.47   4.00   35.513
14.47   7.00    0.279    0.325
14.47   7.00    0.604   39.433
14.47   7.00    0.590    0.148   0.604   0.075
14.47   7.00    0.590    0.147   0.604   0.074

14.48   0.00    0.074    0.073   0.032   0.036   0.006   0.000   0.000   0.000   0.000   0.000   0.000 903088300
14.48   4.00   35.511
14.48   7.00    0.279    0.325
14.48   7.00    0.604   39.433
14.48   7.00    0.590    0.148   0.604   0.075
14.48   7.00    0.590    0.147   0.604   0.074

14.49   0.00    0.074    0.073   0.032   0.036   0.006   0.000   0.000   0.000   0.000   0.000   0.000 903712000
14.49   4.00   35.509
14.49   7.00    0.279    0.325
14.49   7.00    0.604   39.433
14.49   7.00    0.590    0.148   0.604   0.075
14.49   7.00    0.590    0.147   0.604   0.074

14.50   0.00    0.074    0.073   0.032   0.036   0.006   0.000   0.000   0.000   0.000   0.000   0.000 904335700
14.50   4.00   35.506
14.50   7.00    0.279    0.325
14.50   7.00    0.604   39.433
14.50   7.00    0.590    0.148   0.604   0.075
14.50   7.00    0.590    0.147   0.604   0.074

14.51   0.00    0.074    0.073   0.032   0.036   0.006   0.000   0.000   0.000   0.000   0.000   0.000 904959400
14.51   4.00   35.504
14.51   7.00    0.279    0.325
14.51   7.00    0.604   39.434
14.51   7.00    0.590    0.148   0.604   0.075
14.51   7.00    0.590    0.147   0.604   0.074

14.52   0.00    0.074    0.073   0.032   0.036   0.006   0.000   0.000   0.000   0.000   0.000   0.000 905583100
14.52   4.00   35.501
14.52   7.00    0.279    0.325
14.52   7.00    0.604   39.434
14.52   7.00    0.590    0.148   0.604   0.075
14.52   7.00    0.590    0.147   0.604   0.074

14.53   0.00    0.074    0.073   0.032   0.036   0.006   0.000   0.000   0.000   0.000   0.000   0.000 906206700
14.53   4.00   35.499
14.53   7.00    0.279    0.325
14.53   7.00    0.604   39.434
14.53   7.00    0.590    0.148   0.604   0.075
14.53   7.00    0.590    0.147   0.604   0.074

14.54   0.00    0.074    0.073   0.032   0.036   0.006   0.000   0.000   0.000   0.000   0.000   0.000 906830400
14.54   4.00   35.496
14.54   7.00    0.279    0.325
14.54   7.00    0.604   39.435
14.54   7.00    0.590    0.148   0.604   0.075
14.54   7.00    0.590    0.147   0.604   0.074

14.55   0.00    0.074    0.073   0.032   0.036   0.006   0.000   0.000   0.000   0.000   0.000   0.000 907454100
14.55   3.99   35.494
14.55   7.00    0.279    0.325
14.55   7.00    0.604   39.435
14.55   7.00    0.590    0.148   0.604   0.075
14.55   7.00    0.590    0.147   0.604   0.074

14.56   0.00    0.074    0.073   0.032   0.036   0.006   0.000   0.000   0.000   0.000   0.000   0.000 908077800
14.56   3.99   35.491
14.56   7.00    0.279    0.325
14.56   7.00    0.603   39.435
14.56   7.00    0.590    0.148   0.603   0.075
14.56   7.00    0.590    0.147   0.603   0.074

14.57   0.00    0.074    0.073   0.032   0.036   0.006   0.000   0.000   0.000   0.000   0.000   0.000 908701400
14.57   3.99   35.489
14.57   7.00    0.279    0.325
14.57   7.00    0.603   39.435
14.57   7.00    0.590    0.148   0.603   0.075
14.57   7.00    0.590    0.147   0.603   0.074

14.58   0.00    0.074    0.073   0.032   0.036   0.006   0.000   0.000   0.000   0.000   0.000   0.000 909325100
14.58   3.99   35.487
14.58   7.00    0.279    0.325
14.58   7.00    0.603   39.436
14.58   7.00    0.590    0.148   0.603   0.075
14.58   7.00    0.590    0.147   0.603   0.074

14.59   0.00    0.074    0.073   0.032   0.036   0.006   0.000   0.000   0.000   0.000   0.000   0.000 909948900
14.59   3.99   35.484
14.59   7.00    0.279    0.325
14.59   7.00    0.603   39.436
14.59   7.00    0.590    0.148   0.603   0.075
14.59   7.00    0.590    0.147   0.603   0.074

14.60   0.00    0.074    0.073   0.032   0.036   0.006   0.000   0.000   0.000   0.000   0.000   0.000 910572500
14.60   3.99   35.482
14.60   7.00    0.279    0.325
14.60   7.00    0.603   39.436
14.60   7.00    0.590    0.148   0.603   0.075
14.60   7.00    0.590    0.147   0.603   0.074

14.61   0.00    0.074    0.073   0.032   0.036   0.006   0.000   0.000   0.000   0.000   0.000   0.000 911196200
14.61   3.99   35.479
14.61   7.00    0.279    0.325
14.61   7.00    0.603   39.436
14.61   7.00    0.589    0.148   0.603   0.075
14.61   7.00    0.590    0.147   0.603   0.074

14.62   0.00    0.074    0.073   0.032   0.036   0.006   0.000   0.000   0.000   0.000   0.000   0.000 911819800
14.62   3.99   35.477
14.62   7.00    0.279    0.325
14.62   7.00    0.603   39.437
14.62   7.00    0.589    0.148   0.603   0.075
14.62   7.00    0.590    0.147   0.603   0.074

14.63   0.00    0.074    0.073   0.032   0.036   0.006   0.000   0.000   0.000   0.000   0.000   0.000 912443600
14.63   3.99   35.474
14.63   7.00    0.279    0.325
14.63   7.00    0.603   39.437
14.63   7.00    0.589    0.148   0.603   0.075
14.63   7.00    0.590    0.147   0.603   0.074

14.64   0.00    0.074    0.073   0.032   0.036   0.006   0.000   0.000   0.000   0.000   0.000   0.000 913067300
14.64   3.99   35.472
14.64   7.00    0.278    0.325
14.64   7.00    0.603   39.437
14.64   7.00    0.589    0.148   0.603   0.075
14.64   7.00    0.590    0.147   0.603   0.074

14.65   0.00    0.074    0.073   0.032   0.036   0.006   0.000   0.000   0.000   0.000   0.000   0.000 913690900
14.65   3.99   35.470
14.65   7.00    0.278    0.325
14.65   7.00    0.603   39.437
14.65   7.00    0.589    0.148   0.603   0.075
14.65   7.00    0.589    0.147   0.603   0.074

14.66   0.00    0.074    0.073   0.032   0.036   0.006   0.000   0.000   0.000   0.000   0.000   0.000 914314600
14.66   3.99   35.467
14.66   7.00    0.278    0.325
14.66   7.00    0.603   39.438
14.66   7.00    0.589    0.148   0.603   0.075
14.66   7.00    0.589    0.147   0.603   0.074

14.67   0.00    0.074    0.073   0.032   0.036   0.006   0.000   0.000   0.000   0.000   0.000   0.000 914938200
14.67   3.98   35.465
14.67   7.00    0.278    0.325
14.67   7.00    0.603   39.438
14.67   7.00    0.589    0.148   0.603   0.075
14.67   7.00    0.589    0.147   0.603   0.074

14.68   0.00    0.074    0.073   0.032   0.036   0.006   0.000   0.000   0.000   0.000   0.000   0.000 915562000
14.68   3.98   35.462
14.68   7.00    0.278    0.325
14.68   7.00    0.603   39.438
14.68   7.00    0.589    0.148   0.603   0.075
14.68   7.00    0.589    0.147   0.603   0.074

14.69   0.00    0.074    0.073   0.032   0.036   0.006   0.000   0.000   0.000   0.000   0.000   0.000 916185600
14.69   3.98   35.460
14.69   7.00    0.278    0.325
14.69   7.00    0.603   39.438
14.69   7.00    0.589    0.148   0.603   0.075
14.69   7.00    0.589    0.147   0.603   0.074

14.70   0.00    0.074    0.073   0.032   0.036   0.006   0.000   0.000   0.000   0.000   0.000   0.000 916809300
14.70   3.98   35.458
14.70   7.00    0.278    0.325
14.70   7.00    0.603   39.439
14.70   7.00    0.589    0.148   0.603   0.075
14.70   7.00    0.589    0.147   0.603   0.074

14.71   0.00    0.074    0.073   0.032   0.036   0.006   0.000   0.000   0.000   0.000   0.000   0.000 917433000
14.71   3.98   35.455
14.71   7.00    0.278    0.325
14.71   7.00    0.603   39.439
14.71   7.00    0.589    0.148   0.603   0.075
14.71   7.00    0.589    0.147   0.603   0.074

14.72   0.00    0.074    0.073   0.032   0.036   0.006   0.000   0.000   0.000   0.000   0.000   0.000 918056700
14.72   3.98   35.453
14.72   7.00    0.278    0.325
14.72   7.00    0.603   39.439
14.72   7.00    0.589    0.148   0.603   0.075
14.72   7.00    0.589    0.147   0.603   0.074

14.73   0.00    0.074    0.073   0.032   0.036   0.006   0.000   0.000   0.000   0.000   0.000   0.000 918680300
14.73   3.98   35.451
14.73   7.00    0.278    0.325
14.73   7.00    0.602   39.439
14.73   7.00    0.589    0.148   0.602   0.075
14.73   7.00    0.589    0.147   0.602   0.074

14.74   0.00    0.074    0.073   0.032   0.036   0.006   0.000   0.000   0.000   0.000   0.000   0.000 919304000
14.74   3.98   35.448
14.74   7.00    0.278    0.325
14.74   7.00    0.602   39.440
14.74   7.00    0.589    0.148   0.602   0.075
14.74   7.00    0.589    0.147   0.602   0.074

14.75   0.00    0.074    0.073   0.032   0.036   0.006   0.000   0.000   0.000   0.000   0.000   0.000 919927700
14.75   3.98   35.446
14.75   7.00    0.278    0.325
14.75   7.00    0.602   39.440
14.75   7.00    0.589    0.148   0.602   0.075
14.75   7.00    0.589    0.147   0.602   0.074

14.76   0.00    0.074    0.073   0.032   0.036   0.006   0.000   0.000   0.000   0.000   0.000   0.000 920551400
14.76   3.98   35.443
14.76   7.00    0.278    0.325
14.76   7.00    0.602   39.440
14.76   7.00    0.589    0.148   0.602   0.075
14.76   7.00    0.589    0.147   0.602   0.074

14.77   0.00    0.074    0.073   0.032   0.036   0.006   0.000   0.000   0.000   0.000   0.000   0.000 921175100
14.77   3.98   35.441
14.77   7.00    0.278    0.325
14.77   7.00    0.602   39.440
14.77   7.00    0.589    0.148   0.602   0.075
14.77   7.00    0.589    0.147   0.602   0.074

14.78   0.00    0.074    0.073   0.032   0.036   0.006   0.000   0.000   0.000   0.000   0.000   0.000 921798700
14.78   3.97   35.439
14.78   7.00    0.278    0.325
14.78   7.00    0.602   39.441
14.78   7.00    0.589    0.148   0.602   0.075
14.78   7.00    0.589    0.147   0.602   0.074

14.79   0.00    0.074    0.073   0.032   0.036   0.006   0.000   0.000   0.000   0.000   0.000   0.000 922422400
14.79   3.97   35.436
14.79   7.00    0.278    0.325
14.79   7.00    0.602   39.441
14.79   7.00    0.589    0.148   0.602   0.075
14.79   7.00    0.589    0.147   0.602   0.074

14.80   0.00    0.074    0.073   0.032   0.036   0.006   0.000   0.000   0.000   0.000   0.000   0.000 923046100
14.80   3.97   35.434
14.80   7.00    0.278    0.325
14.80   7.00    0.602   39.441
14.80   7.00    0.588    0.148   0.602   0.075
14.80   7.00    0.589    0.147   0.602   0.074

14.81   0.00    0.074    0.073   0.032   0.036   0.006   0.000   0.000   0.000   0.000   0.000   0.000 923669800
14.81   3.97   35.432
14.81   7.00    0.278    0.325
14.81   7.00    0.602   39.442
14.81   7.00    0.588    0.148   0.602   0.075
14.81   7.00    0.589    0.147   0.602   0.074

14.82   0.00    0.074    0.073   0.032   0.036   0.006   0.000   0.000   0.000   0.000   0.000   0.000 924293400
14.82   3.97   35.429
14.82   7.00    0.277    0.325
14.82   7.00    0.602   39.442
14.82   7.00    0.588    0.148   0.602   0.075
14.82   7.00    0.589    0.147   0.602   0.074

14.83   0.00    0.074    0.073   0.032   0.036   0.006   0.000   0.000   0.000   0.000   0.000   0.000 924917100
14.83   3.97   35.427
14.83   7.00    0.277    0.325
14.83   7.00    0.602   39.442
14.83   7.00    0.588    0.148   0.602   0.075
14.83   7.00    0.588    0.147   0.602   0.074

14.84   0.00    0.074    0.073   0.032   0.036   0.006   0.000   0.000   0.000   0.000   0.000   0.000 925540800
14.84   3.97   35.425
14.84   7.00    0.277    0.325
14.84   7.00    0.602   39.442
14.84   7.00    0.588    0.148   0.602   0.075
14.84   7.00    0.588    0.146   0.602   0.074

14.85   0.00    0.074    0.073   0.032   0.036   0.006   0.000   0.000   0.000   0.000   0.000   0.000 926164500
14.85   3.97   35.422
14.85   7.00    0.277    0.325
14.85   7.00    0.602   39.443
14.85   7.00    0.588    0.148   0.602   0.075
14.85   7.00    0.588    0.146   0.602   0.074

14.86   0.00    0.074    0.073   0.032   0.036   0.006   0.000   0.000   0.000   0.000   0.000   0.000 926788200
14.86   3.97   35.420
14.86   7.00    0.277    0.325
14.86   7.00    0.602   39.443
14.86   7.00    0.588    0.148   0.602   0.075
14.86   7.00    0.588    0.146   0.602   0.074

14.87   0.00    0.074    0.073   0.032   0.036   0.006   0.000   0.000   0.000   0.000   0.000   0.000 927411800
14.87   3.97   35.418
14.87   7.00    0.277    0.325
14.87   7.00    0.602   39.443
14.87   7.00    0.588    0.148   0.602   0.075
14.87   7.00    0.588    0.146   0.602   0.074

14.88   0.00    0.074    0.073   0.032   0.036   0.006   0.000   0.000   0.000   0.000   0.000   0.000 928035500
14.88   3.97   35.415
14.88   7.00    0.277    0.325
14.88   7.00    0.602   39.443
14.88   7.00    0.588    0.148   0.602   0.075
14.88   7.00    0.588    0.146   0.602   0.074

14.89   0.00    0.074    0.073   0.032   0.036   0.006   0.000   0.000   0.000   0.000   0.000   0.000 928659300
14.89   3.96   35.413
14.89   7.00    0.277    0.325
14.89   7.00    0.602   39.444
14.89   7.00    0.588    0.148   0.602   0.075
14.89   7.00    0.588    0.146   0.602   0.074

14.90   0.00    0.074    0.073   0.032   0.036   0.006   0.000   0.000   0.000   0.000   0.000   0.000 929282900
14.90   3.96   35.411
14.90   7.00    0.277    0.325
14.90   7.00    0.602   39.444
14.90   7.00    0.588    0.148   0.602   0.075
14.90   7.00    0.588    0.146   0.602   0.074

14.91   0.00    0.074    0.073   0.032   0.036   0.006   0.000   0.000   0.000   0.000   0.000   0.000 929906600
14.91   3.96   35.409
14.91   7.00    0.277    0.325
14.91   7.00    0.602   39.444
14.91   7.00    0.588    0.148   0.602   0.075
14.91   7.00    0.588    0.146   0.602   0.074

14.92   0.00    0.074    0.073   0.032   0.036   0.006   0.000   0.000   0.000   0.000   0.000   0.000 930530200
14.92   3.96   35.406
14.92   7.00    0.277    0.325
14.92   7.00    0.601   39.444
14.92   7.00    0.588    0.148   0.601   0.075
14.92   7.00    0.588    0.146   0.601   0.074

14.93   0.00    0.074    0.073   0.032   0.036   0.006   0.000   0.000   0.000   0.000   0.000   0.000 931154000
14.93   3.96   35.404
14.93   7.00    0.277    0.325
14.93   7.00    0.601   39.445
14.93   7.00    0.588    0.148   0.601   0.075
14.93   7.00    0.588    0.146   0.601   0.074

14.94   0.00    0.074    0.073   0.032   0.036   0.006   0.000   0.000   0.000   0.000   0.000   0.000 931777600
14.94   3.96   35.402
14.94   7.00    0.277    0.325
14.94   7.00    0.601   39.445
14.94   7.00    0.588    0.148   0.601   0.075
14.94   7.00    0.588    0.146   0.601   0.074

14.95   0.00    0.074    0.073   0.032   0.036   0.006   0.000   0.000   0.000   0.000   0.000   0.000 932401300
14.95   3.96   35.399
14.95   7.00    0.277    0.325
14.95   7.00    0.601   39.445
14.95   7.00    0.588    0.148   0.601   0.075
14.95   7.00    0.588    0.146   0.601   0.074

14.96   0.00    0.074    0.073   0.032   0.036   0.006   0.000   0.000   0.000   0.000   0.000   0.000 933025000
14.96   3.96   35.397
14.96   7.00    0.277    0.325
14.96   7.00    0.601   39.445
14.96   7.00    0.588    0.148   0.601   0.075
14.96   7.00    0.588    0.146   0.601   0.074

14.97   0.00    0.074    0.073   0.032   0.036   0.006   0.000   0.000   0.000   0.000   0.000   0.000 933648700
14.97   3.96   35.395
14.97   7.00    0.277    0.325
14.97   7.00    0.601   39.446
14.97   7.00    0.588    0.148   0.601   0.075
14.97   7.00    0.588    0.146   0.601   0.074

14.98   0.00    0.074    0.073   0.032   0.036   0.006   0.000   0.000   0.000   0.000   0.000   0.000 934272300
14.98   3.96   35.393
14.98   7.00    0.277    0.325
14.98   7.00    0.601   39.446
14.98   7.00    0.588    0.148   0.601   0.075
14.98   7.00    0.588    0.146   0.601   0.074

14.99   0.00    0.074    0.073   0.032   0.036   0.006   0.000   0.000   0.000   0.000   0.000   0.000 934896000
14.99   3.96   35.390
14.99   7.00    0.277    0.325
14.99   7.00    0.601   39.446
14.99   7.00    0.587    0.148   0.601   0.075
14.99   7.00    0.588    0.146   0.601   0.074

15.00   0.00    0.074    0.072   0.032   0.036   0.006   0.000   0.000   0.000   0.000   0.000   0.000 935519700
15.00   3.96   35.388
15.00   7.00    0.276    0.325
15.00   7.00    0.601   39.446
15.00   7.00    0.587    0.148   0.601   0.075
15.00   7.00    0.588    0.146   0.601   0.074

15.01   0.00    0.074    0.072   0.032   0.036   0.006   0.000   0.000   0.000   0.000   0.000   0.000 936143400
15.01   3.95   35.386
15.01   7.00    0.276    0.325
15.01   7.00    0.601   39.447
15.01   7.00    0.587    0.148   0.601   0.075
15.01   7.00    0.588    0.146   0.601   0.074

15.02   0.00    0.074    0.072   0.032   0.036   0.006   0.000   0.000   0.000   0.000   0.000   0.000 936767100
15.02   3.95   35.383
15.02   7.00    0.276    0.325
15.02   7.00    0.601   39.447
15.02   7.00    0.587    0.148   0.601   0.075
15.02   7.00    0.587    0.146   0.601   0.074

15.03   0.00    0.074    0.072   0.032   0.036   0.006   0.000   0.000   0.000   0.000   0.000   0.000 937390700
15.03   3.95   35.381
15.03   7.00    0.276    0.325
15.03   7.00    0.601   39.447
15.03   7.00    0.587    0.148   0.601   0.075
15.03   7.00    0.587    0.146   0.601   0.074

15.04   0.00    0.074    0.072   0.032   0.036   0.006   0.000   0.000   0.000   0.000   0.000   0.000 938014400
15.04   3.95   35.379
15.04   7.00    0.276    0.325
15.04   7.00    0.601   39.448
15.04   7.00    0.587    0.148   0.601   0.075
15.04   7.00    0.587    0.146   0.601   0.074

15.05   0.00    0.074    0.072   0.032   0.036   0.006   0.000   0.000   0.000   0.000   0.000   0.000 938638100
15.05   3.95   35.377
15.05   7.00    0.276    0.325
15.05   7.00    0.601   39.448
15.05   7.00    0.587    0.148   0.601   0.075
15.05   7.00    0.587    0.146   0.601   0.074

15.06   0.00    0.074    0.072   0.032   0.036   0.006   0.000   0.000   0.000   0.000   0.000   0.000 939261800
15.06   3.95   35.374
15.06   7.00    0.276    0.325
15.06   7.00    0.601   39.448
15.06   7.00    0.587    0.148   0.601   0.075
15.06   7.00    0.587    0.146   0.601   0.074

15.07   0.00    0.074    0.072   0.032   0.036   0.006   0.000   0.000   0.000   0.000   0.000   0.000 939885400
15.07   3.95   35.372
15.07   7.00    0.276    0.325
15.07   7.00    0.601   39.448
15.07   7.00    0.587    0.148   0.601   0.075
15.07   7.00    0.587    0.146   0.601   0.074

15.08   0.00    0.074    0.072   0.032   0.036   0.006   0.000   0.000   0.000   0.000   0.000   0.000 940509100
15.08   3.95   35.370
15.08   7.00    0.276    0.325
15.08   7.00    0.601   39.449
15.08   7.00    0.587    0.148   0.601   0.075
15.08   7.00    0.587    0.146   0.601   0.074

15.09   0.00    0.074    0.072   0.032   0.036   0.006   0.000   0.000   0.000   0.000   0.000   0.000 941132800
15.09   3.95   35.368
15.09   7.00    0.276    0.325
15.09   7.00    0.601   39.449
15.09   7.00    0.587    0.148   0.601   0.075
15.09   7.00    0.587    0.146   0.601   0.074

15.10   0.00    0.074    0.072   0.032   0.036   0.006   0.000   0.000   0.000   0.000   0.000   0.000 941756500
15.10   3.95   35.366
15.10   7.00    0.276    0.325
15.10   7.00    0.600   39.449
15.10   7.00    0.587    0.147   0.600   0.075
15.10   7.00    0.587    0.146   0.600   0.074

15.11   0.00    0.074    0.072   0.032   0.036   0.006   0.000   0.000   0.000   0.000   0.000   0.000 942380200
15.11   3.95   35.363
15.11   7.00    0.276    0.325
15.11   7.00    0.600   39.449
15.11   7.00    0.587    0.147   0.600   0.075
15.11   7.00    0.587    0.146   0.600   0.074

15.12   0.00    0.074    0.072   0.032   0.036   0.006   0.000   0.000   0.000   0.000   0.000   0.000 943003800
15.12   3.95   35.361
15.12   7.00    0.276    0.325
15.12   7.00    0.600   39.450
15.12   7.00    0.587    0.147   0.600   0.075
15.12   7.00    0.587    0.146   0.600   0.074

15.13   0.00    0.074    0.072   0.032   0.036   0.006   0.000   0.000   0.000   0.000   0.000   0.000 943627500
15.13   3.94   35.359
15.13   7.00    0.276    0.325
15.13   7.00    0.600   39.450
15.13   7.00    0.587    0.147   0.600   0.075
15.13   7.00    0.587    0.146   0.600   0.074

15.14   0.00    0.074    0.072   0.032   0.036   0.006   0.000   0.000   0.000   0.000   0.000   0.000 944251300
15.14   3.94   35.357
15.14   7.00    0.276    0.325
15.14   7.00    0.600   39.450
15.14   7.00    0.587    0.147   0.600   0.075
15.14   7.00    0.587    0.146   0.600   0.074

15.15   0.00    0.074    0.072   0.032   0.036   0.006   0.000   0.000   0.000   0.000   0.000   0.000 944874900
15.15   3.94   35.354
15.15   7.00    0.276    0.325
15.15   7.00    0.600   39.450
15.15   7.00    0.587    0.147   0.600   0.075
15.15   7.00    0.587    0.146   0.600   0.073

15.16   0.00    0.074    0.072   0.032   0.036   0.006   0.000   0.000   0.000   0.000   0.000   0.000 945498600
15.16   3.94   35.352
15.16   7.00    0.276    0.325
15.16   7.00    0.600   39.451
15.16   7.00    0.587    0.147   0.600   0.075
15.16   7.00    0.587    0.146   0.600   0.073

15.17   0.00    0.074    0.072   0.032   0.036   0.006   0.000   0.000   0.000   0.000   0.000   0.000 946122200
15.17   3.94   35.350
15.17   7.00    0.276    0.325
15.17   7.00    0.600   39.451
15.17   7.00    0.587    0.147   0.600   0.075
15.17   7.00    0.587    0.146   0.600   0.073

15.18   0.00    0.074    0.072   0.032   0.036   0.006   0.000   0.000   0.000   0.000   0.000   0.000 946746000
15.18   3.94   35.348
15.18   7.00    0.276    0.325
15.18   7.00    0.600   39.451
15.18   7.00    0.586    0.147   0.600   0.075
15.18   7.00    0.587    0.146   0.600   0.073

15.19   0.00    0.074    0.072   0.032   0.036   0.006   0.000   0.000   0.000   0.000   0.000   0.000 947369600
15.19   3.94   35.346
15.19   7.00    0.275    0.325
15.19   7.00    0.600   39.451
15.19   7.00    0.586    0.147   0.600   0.075
15.19   7.00    0.587    0.146   0.600   0.073

15.20   0.00    0.074    0.072   0.032   0.036   0.006   0.000   0.000   0.000   0.000   0.000   0.000 947993300
15.20   3.94   35.343
15.20   7.00    0.275    0.325
15.20   7.00    0.600   39.452
15.20   7.00    0.586    0.147   0.600   0.075
15.20   7.00    0.587    0.146   0.600   0.073

15.21   0.00    0.074    0.072   0.032   0.036   0.006   0.000   0.000   0.000   0.000   0.000   0.000 948617000
15.21   3.94   35.341
15.21   7.00    0.275    0.325
15.21   7.00    0.600   39.452
15.21   7.00    0.586    0.147   0.600   0.075
15.21   7.00    0.586    0.146   0.600   0.073

15.22   0.00    0.074    0.072   0.032   0.036   0.006   0.000   0.000   0.000   0.000   0.000   0.000 949240600
15.22   3.94   35.339
15.22   7.00    0.275    0.325
15.22   7.00    0.600   39.452
15.22   7.00    0.586    0.147   0.600   0.075
15.22   7.00    0.586    0.146   0.600   0.073

15.23   0.00    0.074    0.072   0.032   0.036   0.006   0.000   0.000   0.000   0.000   0.000   0.000 949864300
15.23   3.94   35.337
15.23   7.00    0.275    0.325
15.23   7.00    0.600   39.453
15.23   7.00    0.586    0.147   0.600   0.075
15.23   7.00    0.586    0.146   0.600   0.073

15.24   0.00    0.074    0.072   0.032   0.036   0.006   0.000   0.000   0.000   0.000   0.000   0.000 950488000
15.24   3.94   35.335
15.24   7.00    0.275    0.325
15.24   7.00    0.600   39.453
15.24   7.00    0.586    0.147   0.600   0.075
15.24   7.00    0.586    0.146   0.600   0.073

15.25   0.00    0.074    0.072   0.032   0.036   0.006   0.000   0.000   0.000   0.000   0.000   0.000 951111700
15.25   3.93   35.333
15.25   7.00    0.275    0.325
15.25   7.00    0.600   39.453
15.25   7.00    0.586    0.147   0.600   0.075
15.25   7.00    0.586    0.146   0.600   0.073

15.26   0.00    0.074    0.072   0.032   0.036   0.006   0.000   0.000   0.000   0.000   0.000   0.000 951735400
15.26   3.93   35.330
15.26   7.00    0.275    0.325
15.26   7.00    0.600   39.453
15.26   7.00    0.586    0.147   0.600   0.075
15.26   7.00    0.586    0.146   0.600   0.073

15.27   0.00    0.074    0.072   0.032   0.036   0.006   0.000   0.000   0.000   0.000   0.000   0.000 952359100
15.27   3.93   35.328
15.27   7.00    0.275    0.325
15.27   7.00    0.600   39.454
15.27   7.00    0.586    0.147   0.600   0.075
15.27   7.00    0.586    0.146   0.600   0.073

15.28   0.00    0.074    0.072   0.032   0.036   0.005   0.000   0.000   0.000   0.000   0.000   0.000 952982700
15.28   3.93   35.326
15.28   7.00    0.275    0.325
15.28   7.00    0.600   39.454
15.28   7.00    0.586    0.147   0.600   0.075
15.28   7.00    0.586    0.146   0.600   0.073

15.29   0.00    0.074    0.072   0.032   0.036   0.005   0.000   0.000   0.000   0.000   0.000   0.000 953606400
15.29   3.93   35.324
15.29   7.00    0.275    0.325
15.29   7.00    0.599   39.454
15.29   7.00    0.586    0.147   0.599   0.075
15.29   7.00    0.586    0.146   0.599   0.073

15.30   0.00    0.074    0.072   0.032   0.036   0.005   0.000   0.000   0.000   0.000   0.000   0.000 954230100
15.30   3.93   35.322
15.30   7.00    0.275    0.325
15.30   7.00    0.599   39.454
15.30   7.00    0.586    0.147   0.599   0.075
15.30   7.00    0.586    0.146   0.599   0.073

15.31   0.00    0.074    0.072   0.032   0.036   0.005   0.000   0.000   0.000   0.000   0.000   0.000 954853800
15.31   3.93   35.320
15.31   7.00    0.275    0.325
15.31   7.00    0.599   39.455
15.31   7.00    0.586    0.147   0.599   0.075
15.31   7.00    0.586    0.146   0.599   0.073

15.32   0.00    0.074    0.072   0.032   0.036   0.005   0.000   0.000   0.000   0.000   0.000   0.000 955477400
15.32   3.93   35.317
15.32   7.00    0.275    0.325
15.32   7.00    0.599   39.455
15.32   7.00    0.586    0.147   0.599   0.075
15.32   7.00    0.586    0.146   0.599   0.073

15.33   0.00    0.074    0.072   0.032   0.036   0.005   0.000   0.000   0.000   0.000   0.000   0.000 956101100
15.33   3.93   35.315
15.33   7.00    0.275    0.325
15.33   7.00    0.599   39.455
15.33   7.00    0.586    0.147   0.599   0.075
15.33   7.00    0.586    0.146   0.599   0.073

15.34   0.00    0.074    0.072   0.032   0.036   0.005   0.000   0.000   0.000   0.000   0.000   0.000 956724800
15.34   3.93   35.313
15.34   7.00    0.275    0.325
15.34   7.00    0.599   39.455
15.34   7.00    0.586    0.147   0.599   0.075
15.34   7.00    0.586    0.146   0.599   0.073

15.35   0.00    0.074    0.072   0.032   0.036   0.005   0.000   0.000   0.000   0.000   0.000   0.000 957348500
15.35   3.93   35.311
15.35   7.00    0.275    0.325
15.35   7.00    0.599   39.456
15.35   7.00    0.586    0.147   0.599   0.075
15.35   7.00    0.586    0.146   0.599   0.073

15.36   0.00    0.074    0.072   0.032   0.036   0.005   0.000   0.000   0.000   0.000   0.000   0.000 957972200
15.36   3.93   35.309
15.36   7.00    0.275    0.325
15.36   7.00    0.599   39.456
15.36   7.00    0.586    0.147   0.599   0.075
15.36   7.00    0.586    0.146   0.599   0.073

15.37   0.00    0.074    0.072   0.032   0.036   0.005   0.000   0.000   0.000   0.000   0.000   0.000 958595800
15.37   3.92   35.307
15.37   7.00    0.275    0.325
15.37   7.00    0.599   39.456
15.37   7.00    0.585    0.147   0.599   0.075
15.37   7.00    0.586    0.146   0.599   0.073

15.38   0.00    0.074    0.072   0.032   0.036   0.005   0.000   0.000   0.000   0.000   0.000   0.000 959219500
15.38   3.92   35.305
15.38   7.00    0.274    0.325
15.38   7.00    0.599   39.456
15.38   7.00    0.585    0.147   0.599   0.075
15.38   7.00    0.586    0.146   0.599   0.073

15.39   0.00    0.074    0.072   0.032   0.036   0.005   0.000   0.000   0.000   0.000   0.000   0.000 959843300
15.39   3.92   35.303
15.39   7.00    0.274    0.325
15.39   7.00    0.599   39.457
15.39   7.00    0.585    0.147   0.599   0.075
15.39   7.00    0.586    0.146   0.599   0.073

15.40   0.00    0.074    0.072   0.032   0.036   0.005   0.000   0.000   0.000   0.000   0.000   0.000 960466900
15.40   3.92   35.300
15.40   7.00    0.274    0.325
15.40   7.00    0.599   39.457
15.40   7.00    0.585    0.147   0.599   0.075
15.40   7.00    0.586    0.146   0.599   0.073

15.41   0.00    0.074    0.072   0.032   0.036   0.005   0.000   0.000   0.000   0.000   0.000   0.000 961090600
15.41   3.92   35.298
15.41   7.00    0.274    0.325
15.41   7.00    0.599   39.457
15.41   7.00    0.585    0.147   0.599   0.075
15.41   7.00    0.585    0.146   0.599   0.073

15.42   0.00    0.074    0.072   0.032   0.036   0.005   0.000   0.000   0.000   0.000   0.000   0.000 961714200
15.42   3.92   35.296
15.42   7.00    0.274    0.325
15.42   7.00    0.599   39.457
15.42   7.00    0.585    0.147   0.599   0.075
15.42   7.00    0.585    0.146   0.599   0.073

15.43   0.00    0.074    0.072   0.032   0.036   0.005   0.000   0.000   0.000   0.000   0.000   0.000 962337900
15.43   3.92   35.294
15.43   7.00    0.274    0.325
15.43   7.00    0.599   39.458
15.43   7.00    0.585    0.147   0.599   0.075
15.43   7.00    0.585    0.146   0.599   0.073

15.44   0.00    0.074    0.072   0.032   0.036   0.005   0.000   0.000   0.000   0.000   0.000   0.000 962961600
15.44   3.92   35.292
15.44   7.00    0.274    0.325
15.44   7.00    0.599   39.458
15.44   7.00    0.585    0.147   0.599   0.075
15.44   7.00    0.585    0.146   0.599   0.073

15.45   0.00    0.073    0.072   0.032   0.036   0.005   0.000   0.000   0.000   0.000   0.000   0.000 963585300
15.45   3.92   35.290
15.45   7.00    0.274    0.325
15.45   7.00    0.599   39.458
15.45   7.00    0.585    0.147   0.599   0.075
15.45   7.00    0.585    0.146   0.599   0.073

15.46   0.00    0.073    0.072   0.032   0.036   0.005   0.000   0.000   0.000   0.000   0.000   0.000 964209000
15.46   3.92   35.288
15.46   7.00    0.274    0.325
15.46   7.00    0.599   39.459
15.46   7.00    0.585    0.147   0.599   0.075
15.46   7.00    0.585    0.146   0.599   0.073

15.47   0.00    0.073    0.072   0.032   0.036   0.005   0.000   0.000   0.000   0.000   0.000   0.000 964832600
15.47   3.92   35.286
15.47   7.00    0.274    0.325
15.47   7.00    0.599   39.459
15.47   7.00    0.585    0.147   0.599   0.075
15.47   7.00    0.585    0.146   0.599   0.073

15.48   0.00    0.073    0.072   0.032   0.036   0.005   0.000   0.000   0.000   0.000   0.000   0.000 965456300
15.48   3.92   35.284
15.48   7.00    0.274    0.325
15.48   7.00    0.598   39.459
15.48   7.00    0.585    0.147   0.598   0.075
15.48   7.00    0.585    0.146   0.598   0.073

15.49   0.00    0.073    0.072   0.032   0.036   0.005   0.000   0.000   0.000   0.000   0.000   0.000 966080000
15.49   3.92   35.282
15.49   7.00    0.274    0.325
15.49   7.00    0.598   39.459
15.49   7.00    0.585    0.147   0.598   0.075
15.49   7.00    0.585    0.146   0.598   0.073

15.50   0.00    0.073    0.072   0.032   0.036   0.005   0.000   0.000   0.000   0.000   0.000   0.000 966703700
15.50   3.91   35.280
15.50   7.00    0.274    0.325
15.50   7.00    0.598   39.460
15.50   7.00    0.585    0.147   0.598   0.075
15.50   7.00    0.585    0.146   0.598   0.073

15.51   0.00    0.073    0.072   0.032   0.036   0.005   0.000   0.000   0.000   0.000   0.000   0.000 967327400
15.51   3.91   35.277
15.51   7.00    0.274    0.325
15.51   7.00    0.598   39.460
15.51   7.00    0.585    0.147   0.598   0.075
15.51   7.00    0.585    0.146   0.598   0.073

15.52   0.00    0.073    0.072   0.032   0.036   0.005   0.000   0.000   0.000   0.000   0.000   0.000 967951100
15.52   3.91   35.275
15.52   7.00    0.274    0.325
15.52   7.00    0.598   39.460
15.52   7.00    0.585    0.147   0.598   0.075
15.52   7.00    0.585    0.146   0.598   0.073

15.53   0.00    0.073    0.072   0.032   0.036   0.005   0.000   0.000   0.000   0.000   0.000   0.000 968574700
15.53   3.91   35.273
15.53   7.00    0.274    0.325
15.53   7.00    0.598   39.460
15.53   7.00    0.585    0.147   0.598   0.075
15.53   7.00    0.585    0.146   0.598   0.073

15.54   0.00    0.073    0.072   0.032   0.036   0.005   0.000   0.000   0.000   0.000   0.000   0.000 969198400
15.54   3.91   35.271
15.54   7.00    0.274    0.325
15.54   7.00    0.598   39.461
15.54   7.00    0.585    0.147   0.598   0.075
15.54   7.00    0.585    0.146   0.598   0.073

15.55   0.00    0.073    0.072   0.032   0.036   0.005   0.000   0.000   0.000   0.000   0.000   0.000 969822100
15.55   3.91   35.269
15.55   7.00    0.274    0.325
15.55   7.00    0.598   39.461
15.55   7.00    0.585    0.147   0.598   0.075
15.55   7.00    0.585    0.146   0.598   0.073

15.56   0.00    0.073    0.072   0.032   0.036   0.005   0.000   0.000   0.000   0.000   0.000   0.000 970445800
15.56   3.91   35.267
15.56   7.00    0.274    0.325
15.56   7.00    0.598   39.461
15.56   7.00    0.585    0.147   0.598   0.075
15.56   7.00    0.585    0.146   0.598   0.073

15.57   0.00    0.073    0.072   0.032   0.036   0.005   0.000   0.000   0.000   0.000   0.000   0.000 971069400
15.57   3.91   35.265
15.57   7.00    0.273    0.325
15.57   7.00    0.598   39.461
15.57   7.00    0.585    0.147   0.598   0.075
15.57   7.00    0.585    0.146   0.598   0.073

15.58   0.00    0.073    0.072   0.032   0.036   0.005   0.000   0.000   0.000   0.000   0.000   0.000 971693100
15.58   3.91   35.263
15.58   7.00    0.273    0.325
15.58   7.00    0.598   39.462
15.58   7.00    0.584    0.147   0.598   0.075
15.58   7.00    0.585    0.146   0.598   0.073

15.59   0.00    0.073    0.072   0.032   0.036   0.005   0.000   0.000   0.000   0.000   0.000   0.000 972316800
15.59   3.91   35.261
15.59   7.00    0.273    0.325
15.59   7.00    0.598   39.462
15.59   7.00    0.584    0.147   0.598   0.075
15.59   7.00    0.585    0.146   0.598   0.073

15.60   0.00    0.073    0.072   0.032   0.036   0.005   0.000   0.000   0.000   0.000   0.000   0.000 972940500
15.60   3.91   35.259
15.60   7.00    0.273    0.325
15.60   7.00    0.598   39.462
15.60   7.00    0.584    0.147   0.598   0.074
15.60   7.00    0.585    0.146   0.598   0.073

15.61   0.00    0.073    0.072   0.032   0.036   0.005   0.000   0.000   0.000   0.000   0.000   0.000 973564200
15.61   3.91   35.257
15.61   7.00    0.273    0.325
15.61   7.00    0.598   39.462
15.61   7.00    0.584    0.147   0.598   0.074
15.61   7.00    0.584    0.146   0.598   0.073

15.62   0.00    0.073    0.072   0.032   0.036   0.005   0.000   0.000   0.000   0.000   0.000   0.000 974187800
15.62   3.91   35.255
15.62   7.00    0.273    0.325
15.62   7.00    0.598   39.463
15.62   7.00    0.584    0.147   0.598   0.074
15.62   7.00    0.584    0.146   0.598   0.073

15.63   0.00    0.073    0.072   0.032   0.036   0.005   0.000   0.000   0.000   0.000   0.000   0.000 974811500
15.63   3.90   35.253
15.63   7.00    0.273    0.325
15.63   7.00    0.598   39.463
15.63   7.00    0.584    0.147   0.598   0.074
15.63   7.00    0.584    0.146   0.598   0.073

15.64   0.00    0.073    0.072   0.032   0.036   0.005   0.000   0.000   0.000   0.000   0.000   0.000 975435200
15.64   3.90   35.251
15.64   7.00    0.273    0.325
15.64   7.00    0.598   39.463
15.64   7.00    0.584    0.147   0.598   0.074
15.64   7.00    0.584    0.146   0.598   0.073

15.65   0.00    0.073    0.072   0.032   0.036   0.005   0.000   0.000   0.000   0.000   0.000   0.000 976058900
15.65   3.90   35.249
15.65   7.00    0.273    0.325
15.65   7.00    0.598   39.464
15.65   7.00    0.584    0.147   0.598   0.074
15.65   7.00    0.584    0.145   0.598   0.073

15.66   0.00    0.073    0.072   0.032   0.036   0.005   0.000   0.000   0.000   0.000   0.000   0.000 976682600
15.66   3.90   35.247
15.66   7.00    0.273    0.325
15.66   7.00    0.598   39.464
15.66   7.00    0.584    0.147   0.598   0.074
15.66   7.00    0.584    0.145   0.598   0.073

15.67   0.00    0.073    0.072   0.032   0.036   0.005   0.000   0.000   0.000   0.000   0.000   0.000 977306200
15.67   3.90   35.245
15.67   7.00    0.273    0.325
15.67   7.00    0.598   39.464
15.67   7.00    0.584    0.147   0.598   0.074
15.67   7.00    0.584    0.145   0.598   0.073

15.68   0.00    0.073    0.072   0.032   0.036   0.005   0.000   0.000   0.000   0.000   0.000   0.000 977929900
15.68   3.90   35.243
15.68   7.00    0.273    0.325
15.68   7.00    0.597   39.464
15.68   7.00    0.584    0.147   0.597   0.074
15.68   7.00    0.584    0.145   0.597   0.073

15.69   0.00    0.073    0.072   0.032   0.036   0.005   0.000   0.000   0.000   0.000   0.000   0.000 978553600
15.69   3.90   35.241
15.69   7.00    0.273    0.325
15.69   7.00    0.597   39.465
15.69   7.00    0.584    0.147   0.597   0.074
15.69   7.00    0.584    0.145   0.597   0.073

15.70   0.00    0.073    0.072   0.032   0.036   0.005   0.000   0.000   0.000   0.000   0.000   0.000 979177300
15.70   3.90   35.239
15.70   7.00    0.273    0.325
15.70   7.00    0.597   39.465
15.70   7.00    0.584    0.147   0.597   0.074
15.70   7.00    0.584    0.145   0.597   0.073

15.71   0.00    0.073    0.072   0.032   0.036   0.005   0.000   0.000   0.000   0.000   0.000   0.000 979801000
15.71   3.90   35.237
15.71   7.00    0.273    0.325
15.71   7.00    0.597   39.465
15.71   7.00    0.584    0.147   0.597   0.074
15.71   7.00    0.584    0.145   0.597   0.073

15.72   0.00    0.073    0.072   0.032   0.036   0.005   0.000   0.000   0.000   0.000   0.000   0.000 980424600
15.72   3.90   35.235
15.72   7.00    0.273    0.325
15.72   7.00    0.597   39.465
15.72   7.00    0.584    0.147   0.597   0.074
15.72   7.00    0.584    0.145   0.597   0.073

15.73   0.00    0.073    0.072   0.032   0.036   0.005   0.000   0.000   0.000   0.000   0.000   0.000 981048300
15.73   3.90   35.233
15.73   7.00    0.273    0.325
15.73   7.00    0.597   39.466
15.73   7.00    0.584    0.147   0.597   0.074
15.73   7.00    0.584    0.145   0.597   0.073

15.74   0.00    0.073    0.072   0.032   0.036   0.005   0.000   0.000   0.000   0.000   0.000   0.000 981672000
15.74   3.90   35.231
15.74   7.00    0.273    0.325
15.74   7.00    0.597   39.466
15.74   7.00    0.584    0.147   0.597   0.074
15.74   7.00    0.584    0.145   0.597   0.073

15.75   0.00    0.073    0.072   0.032   0.036   0.005   0.000   0.000   0.000   0.000   0.000   0.000 982295700
15.75   3.90   35.229
15.75   7.00    0.273    0.325
15.75   7.00    0.597   39.466
15.75   7.00    0.584    0.147   0.597   0.074
15.75   7.00    0.584    0.145   0.597   0.073

15.76   0.00    0.073    0.072   0.032   0.036   0.005   0.000   0.000   0.000   0.000   0.000   0.000 982919400
15.76   3.89   35.227
15.76   7.00    0.273    0.325
15.76   7.00    0.597   39.466
15.76   7.00    0.584    0.147   0.597   0.074
15.76   7.00    0.584    0.145   0.597   0.073

15.77   0.00    0.073    0.072   0.032   0.036   0.005   0.000   0.000   0.000   0.000   0.000   0.000 983543000
15.77   3.89   35.225
15.77   7.00    0.272    0.325
15.77   7.00    0.597   39.467
15.77   7.00    0.584    0.147   0.597   0.074
15.77   7.00    0.584    0.145   0.597   0.073

15.78   0.00    0.073    0.072   0.032   0.036   0.005   0.000   0.000   0.000   0.000   0.000   0.000 984166700
15.78   3.89   35.223
15.78   7.00    0.272    0.325
15.78   7.00    0.597   39.467
15.78   7.00    0.583    0.147   0.597   0.074
15.78   7.00    0.584    0.145   0.597   0.073

15.79   0.00    0.073    0.072   0.032   0.036   0.005   0.000   0.000   0.000   0.000   0.000   0.000 984790400
15.79   3.89   35.221
15.79   7.00    0.272    0.325
15.79   7.00    0.597   39.467
15.79   7.00    0.583    0.147   0.597   0.074
15.79   7.00    0.584    0.145   0.597   0.073

15.80   0.00    0.073    0.072   0.032   0.036   0.005   0.000   0.000   0.000   0.000   0.000   0.000 985414100
15.80   3.89   35.219
15.80   7.00    0.272    0.325
15.80   7.00    0.597   39.467
15.80   7.00    0.583    0.147   0.597   0.074
15.80   7.00    0.584    0.145   0.597   0.073

15.81   0.00    0.073    0.072   0.032   0.036   0.005   0.000   0.000   0.000   0.000   0.000   0.000 986037800
15.81   3.89   35.217
15.81   7.00    0.272    0.325
15.81   7.00    0.597   39.468
15.81   7.00    0.583    0.147   0.597   0.074
15.81   7.00    0.583    0.145   0.597   0.073

15.82   0.00    0.073    0.072   0.032   0.036   0.005   0.000   0.000   0.000   0.000   0.000   0.000 986661400
15.82   3.89   35.215
15.82   7.00    0.272    0.325
15.82   7.00    0.597   39.468
15.82   7.00    0.583    0.147   0.597   0.074
15.82   7.00    0.583    0.145   0.597   0.073

15.83   0.00    0.073    0.072   0.032   0.036   0.005   0.000   0.000   0.000   0.000   0.000   0.000 987285100
15.83   3.89   35.213
15.83   7.00    0.272    0.325
15.83   7.00    0.597   39.468
15.83   7.00    0.583    0.147   0.597   0.074
15.83   7.00    0.583    0.145   0.597   0.073

15.84   0.00    0.073    0.072   0.032   0.036   0.005   0.000   0.000   0.000   0.000   0.000   0.000 987908800
15.84   3.89   35.211
15.84   7.00    0.272    0.325
15.84   7.00    0.597   39.469
15.84   7.00    0.583    0.146   0.597   0.074
15.84   7.00    0.583    0.145   0.597   0.073

15.85   0.00    0.073    0.072   0.032   0.036   0.005   0.000   0.000   0.000   0.000   0.000   0.000 988532500
15.85   3.89   35.209
15.85   7.00    0.272    0.325
15.85   7.00    0.597   39.469
15.85   7.00    0.583    0.146   0.597   0.074
15.85   7.00    0.583    0.145   0.597   0.073

15.86   0.00    0.073    0.072   0.032   0.036   0.005   0.000   0.000   0.000   0.000   0.000   0.000 989156200
15.86   3.89   35.207
15.86   7.00    0.272    0.325
15.86   7.00    0.597   39.469
15.86   7.00    0.583    0.146   0.597   0.074
15.86   7.00    0.583    0.145   0.597   0.073

15.87   0.00    0.073    0.072   0.032   0.036   0.005   0.000   0.000   0.000   0.000   0.000   0.000 989779800
15.87   3.89   35.205
15.87   7.00    0.272    0.325
15.87   7.00    0.597   39.469
15.87   7.00    0.583    0.146   0.597   0.074
15.87   7.00    0.583    0.145   0.597   0.073

15.88   0.00    0.073    0.072   0.032   0.036   0.005   0.000   0.000   0.000   0.000   0.000   0.000 990403500
15.88   3.89   35.203
15.88   7.00    0.272    0.325
15.88   7.00    0.597   39.470
15.88   7.00    0.583    0.146   0.597   0.074
15.88   7.00    0.583    0.145   0.597   0.073

15.89   0.00    0.073    0.072   0.032   0.036   0.005   0.000   0.000   0.000   0.000   0.000   0.000 991027200
15.89   3.88   35.201
15.89   7.00    0.272    0.325
15.89   7.00    0.596   39.470
15.89   7.00    0.583    0.146   0.596   0.074
15.89   7.00    0.583    0.145   0.596   0.073

15.90   0.00    0.073    0.072   0.032   0.036   0.005   0.000   0.000   0.000   0.000   0.000   0.000 991650900
15.90   3.88   35.199
15.90   7.00    0.272    0.325
15.90   7.00    0.596   39.470
15.90   7.00    0.583    0.146   0.596   0.074
15.90   7.00    0.583    0.145   0.596   0.073

15.91   0.00    0.073    0.072   0.032   0.036   0.005   0.000   0.000   0.000   0.000   0.000   0.000 992274600
15.91   3.88   35.198
15.91   7.00    0.272    0.325
15.91   7.00    0.596   39.470
15.91   7.00    0.583    0.146   0.596   0.074
15.91   7.00    0.583    0.145   0.596   0.073

15.92   0.00    0.073    0.072   0.032   0.036   0.005   0.000   0.000   0.000   0.000   0.000   0.000 992898200
15.92   3.88   35.196
15.92   7.00    0.272    0.325
15.92   7.00    0.596   39.471
15.92   7.00    0.583    0.146   0.596   0.074
15.92   7.00    0.583    0.145   0.596   0.073

15.93   0.00    0.073    0.072   0.032   0.036   0.005   0.000   0.000   0.000   0.000   0.000   0.000 993521900
15.93   3.88   35.194
15.93   7.00    0.272    0.325
15.93   7.00    0.596   39.471
15.93   7.00    0.583    0.146   0.596   0.074
15.93   7.00    0.583    0.145   0.596   0.073

15.94   0.00    0.073    0.072   0.032   0.036   0.005   0.000   0.000   0.000   0.000   0.000   0.000 994145600
15.94   3.88   35.192
15.94   7.00    0.272    0.325
15.94   7.00    0.596   39.471
15.94   7.00    0.583    0.146   0.596   0.074
15.94   7.00    0.583    0.145   0.596   0.073

15.95   0.00    0.073    0.072   0.032   0.036   0.005   0.000   0.000   0.000   0.000   0.000   0.000 994769300
15.95   3.88   35.190
15.95   7.00    0.272    0.325
15.95   7.00    0.596   39.471
15.95   7.00    0.583    0.146   0.596   0.074
15.95   7.00    0.583    0.145   0.596   0.073

15.96   0.00    0.073    0.072   0.032   0.036   0.005   0.000   0.000   0.000   0.000   0.000   0.000 995393000
15.96   3.88   35.188
15.96   7.00    0.272    0.325
15.96   7.00    0.596   39.472
15.96   7.00    0.583    0.146   0.596   0.074
15.96   7.00    0.583    0.145   0.596   0.073

15.97   0.00    0.073    0.072   0.032   0.036   0.005   0.000   0.000   0.000   0.000   0.000   0.000 996016600
15.97   3.88   35.186
15.97   7.00    0.272    0.325
15.97   7.00    0.596   39.472
15.97   7.00    0.583    0.146   0.596   0.074
15.97   7.00    0.583    0.145   0.596   0.073

15.98   0.00    0.073    0.072   0.032   0.036   0.005   0.000   0.000   0.000   0.000   0.000   0.000 996640300
15.98   3.88   35.184
15.98   7.00    0.271    0.325
15.98   7.00    0.596   39.472
15.98   7.00    0.583    0.146   0.596   0.074
15.98   7.00    0.583    0.145   0.596   0.073

15.99   0.00    0.073    0.072   0.032   0.036   0.005   0.000   0.000   0.000   0.000   0.000   0.000 997264000
15.99   3.88   35.182
15.99   7.00    0.271    0.325
15.99   7.00    0.596   39.472
15.99   7.00    0.582    0.146   0.596   0.074
15.99   7.00    0.583    0.145   0.596   0.073

16.00   0.00    0.073    0.072   0.032   0.036   0.005   0.000   0.000   0.000   0.000   0.000   0.000 997887700
16.00   3.88   35.180
16.00   7.00    0.271    0.325
16.00   7.00    0.596   39.473
16.00   7.00    0.582    0.146   0.596   0.074
16.00   7.00    0.583    0.145   0.596   0.073

16.01   0.00    0.073    0.072   0.032   0.036   0.005   0.000   0.000   0.000   0.000   0.000   0.000 998511400
16.01   3.88   35.178
16.01   7.00    0.271    0.325
16.01   7.00    0.596   39.473
16.01   7.00    0.582    0.146   0.596   0.074
16.01   7.00    0.583    0.145   0.596   0.073

16.02   0.00    0.073    0.072   0.032   0.036   0.005   0.000   0.000   0.000   0.000   0.000   0.000 999135000
16.02   3.88   35.177
16.02   7.00    0.271    0.325
16.02   7.00    0.596   39.473
16.02   7.00    0.582    0.146   0.596   0.074
16.02   7.00    0.582    0.145   0.596   0.073

16.03   0.00    0.073    0.072   0.032   0.036   0.005   0.000   0.000   0.000   0.000   0.000   0.000 999758800
16.03   3.87   35.175
16.03   7.00    0.271    0.325
16.03   7.00    0.596   39.474
16.03   7.00    0.582    0.146   0.596   0.074
16.03   7.00    0.582    0.145   0.596   0.073

16.04   0.00    0.073    0.072   0.032   0.036   0.005   0.000   0.000   0.000   0.000   0.000   0.000 1000382000
16.04   3.87   35.173
16.04   7.00    0.271    0.325
16.04   7.00    0.596   39.474
16.04   7.00    0.582    0.146   0.596   0.074
16.04   7.00    0.582    0.145   0.596   0.073

16.05   0.00    0.073    0.072   0.032   0.036   0.005   0.000   0.000   0.000   0.000   0.000   0.000 1001006000
16.05   3.87   35.171
16.05   7.00    0.271    0.325
16.05   7.00    0.596   39.474
16.05   7.00    0.582    0.146   0.596   0.074
16.05   7.00    0.582    0.145   0.596   0.073

16.06   0.00    0.073    0.072   0.032   0.036   0.005   0.000   0.000   0.000   0.000   0.000   0.000 1001630000
16.06   3.87   35.169
16.06   7.00    0.271    0.325
16.06   7.00    0.596   39.474
16.06   7.00    0.582    0.146   0.596   0.074
16.06   7.00    0.582    0.145   0.596   0.073

16.07   0.00    0.073    0.072   0.032   0.036   0.005   0.000   0.000   0.000   0.000   0.000   0.000 1002253000
16.07   3.87   35.167
16.07   7.00    0.271    0.325
16.07   7.00    0.596   39.475
16.07   7.00    0.582    0.146   0.596   0.074
16.07   7.00    0.582    0.145   0.596   0.073

16.08   0.00    0.073    0.072   0.032   0.036   0.005   0.000   0.000   0.000   0.000   0.000   0.000 1002877000
16.08   3.87   35.165
16.08   7.00    0.271    0.325
16.08   7.00    0.596   39.475
16.08   7.00    0.582    0.146   0.596   0.074
16.08   7.00    0.582    0.145   0.596   0.073

16.09   0.00    0.073    0.072   0.032   0.036   0.005   0.000   0.000   0.000   0.000   0.000   0.000 1003501000
16.09   3.87   35.163
16.09   7.00    0.271    0.325
16.09   7.00    0.595   39.475
16.09   7.00    0.582    0.146   0.595   0.074
16.09   7.00    0.582    0.145   0.595   0.073

16.10   0.00    0.073    0.072   0.032   0.036   0.005   0.000   0.000   0.000   0.000   0.000   0.000 1004124000
16.10   3.87   35.162
16.10   7.00    0.271    0.325
16.10   7.00    0.595   39.475
16.10   7.00    0.582    0.146   0.595   0.074
16.10   7.00    0.582    0.145   0.595   0.073

16.11   0.00    0.073    0.072   0.032   0.036   0.005   0.000   0.000   0.000   0.000   0.000   0.000 1004748000
16.11   3.87   35.160
16.11   7.00    0.271    0.325
16.11   7.00    0.595   39.476
16.11   7.00    0.582    0.146   0.595   0.074
16.11   7.00    0.582    0.145   0.595   0.073

16.12   0.00    0.073    0.072   0.032   0.036   0.005   0.000   0.000   0.000   0.000   0.000   0.000 1005372000
16.12   3.87   35.158
16.12   7.00    0.271    0.325
16.12   7.00    0.595   39.476
16.12   7.00    0.582    0.146   0.595   0.074
16.12   7.00    0.582    0.145   0.595   0.073

16.13   0.00    0.073    0.072   0.032   0.036   0.005   0.000   0.000   0.000   0.000   0.000   0.000 1005995000
16.13   3.87   35.156
16.13   7.00    0.271    0.325
16.13   7.00    0.595   39.476
16.13   7.00    0.582    0.146   0.595   0.074
16.13   7.00    0.582    0.145   0.595   0.073

16.14   0.00    0.073    0.072   0.032   0.036   0.005   0.000   0.000   0.000   0.000   0.000   0.000 1006619000
16.14   3.87   35.154
16.14   7.00    0.271    0.325
16.14   7.00    0.595   39.476
16.14   7.00    0.582    0.146   0.595   0.074
16.14   7.00    0.582    0.145   0.595   0.073

16.15   0.00    0.073    0.072   0.032   0.036   0.005   0.000   0.000   0.000   0.000   0.000   0.000 1007243000
16.15   3.87   35.152
16.15   7.00    0.271    0.325
16.15   7.00    0.595   39.477
16.15   7.00    0.582    0.146   0.595   0.074
16.15   7.00    0.582    0.145   0.595   0.073

16.16   0.00    0.073    0.072   0.032   0.036   0.005   0.000   0.000   0.000   0.000   0.000   0.000 1007867000
16.16   3.87   35.150
16.16   7.00    0.271    0.325
16.16   7.00    0.595   39.477
16.16   7.00    0.582    0.146   0.595   0.074
16.16   7.00    0.582    0.145   0.595   0.073

16.17   0.00    0.073    0.072   0.032   0.036   0.005   0.000   0.000   0.000   0.000   0.000   0.000 1008490000
16.17   3.86   35.149
16.17   7.00    0.271    0.325
16.17   7.00    0.595   39.477
16.17   7.00    0.582    0.146   0.595   0.074
16.17   7.00    0.582    0.145   0.595   0.073

16.18   0.00    0.073    0.072   0.032   0.036   0.005   0.000   0.000   0.000   0.000   0.000   0.000 1009114000
16.18   3.86   35.147
16.18   7.00    0.271    0.325
16.18   7.00    0.595   39.477
16.18   7.00    0.582    0.146   0.595   0.074
16.18   7.00    0.582    0.145   0.595   0.073

16.19   0.00    0.073    0.072   0.032   0.036   0.005   0.000   0.000   0.000   0.000   0.000   0.000 1009738000
16.19   3.86   35.145
16.19   7.00    0.270    0.325
16.19   7.00    0.595   39.478
16.19   7.00    0.582    0.146   0.595   0.074
16.19   7.00    0.582    0.145   0.595   0.073

16.20   0.00    0.073    0.072   0.032   0.036   0.005   0.000   0.000   0.000   0.000   0.000   0.000 1010361000
16.20   3.86   35.143
16.20   7.00    0.270    0.325
16.20   7.00    0.595   39.478
16.20   7.00    0.582    0.146   0.595   0.074
16.20   7.00    0.582    0.145   0.595   0.073

16.21   0.00    0.073    0.072   0.032   0.036   0.005   0.000   0.000   0.000   0.000   0.000   0.000 1010985000
16.21   3.86   35.141
16.21   7.00    0.270    0.325
16.21   7.00    0.595   39.478
16.21   7.00    0.581    0.146   0.595   0.074
16.21   7.00    0.582    0.145   0.595   0.073

16.22   0.00    0.073    0.072   0.032   0.036   0.005   0.000   0.000   0.000   0.000   0.000   0.000 1011609000
16.22   3.86   35.139
16.22   7.00    0.270    0.325
16.22   7.00    0.595   39.479
16.22   7.00    0.581    0.146   0.595   0.074
16.22   7.00    0.582    0.145   0.595   0.073

16.23   0.00    0.073    0.072   0.032   0.036   0.005   0.000   0.000   0.000   0.000   0.000   0.000 1012232000
16.23   3.86   35.138
16.23   7.00    0.270    0.325
16.23   7.00    0.595   39.479
16.23   7.00    0.581    0.146   0.595   0.074
16.23   7.00    0.582    0.145   0.595   0.073

16.24   0.00    0.073    0.072   0.032   0.036   0.005   0.000   0.000   0.000   0.000   0.000   0.000 1012856000
16.24   3.86   35.136
16.24   7.00    0.270    0.325
16.24   7.00    0.595   39.479
16.24   7.00    0.581    0.146   0.595   0.074
16.24   7.00    0.581    0.145   0.595   0.073

16.25   0.00    0.073    0.072   0.032   0.036   0.005   0.000   0.000   0.000   0.000   0.000   0.000 1013480000
16.25   3.86   35.134
16.25   7.00    0.270    0.325
16.25   7.00    0.595   39.479
16.25   7.00    0.581    0.146   0.595   0.074
16.25   7.00    0.581    0.145   0.595   0.073

16.26   0.00    0.073    0.072   0.032   0.036   0.005   0.000   0.000   0.000   0.000   0.000   0.000 1014103000
16.26   3.86   35.132
16.26   7.00    0.270    0.325
16.26   7.00    0.595   39.480
16.26   7.00    0.581    0.146   0.595   0.074
16.26   7.00    0.581    0.145   0.595   0.073

16.27   0.00    0.073    0.072   0.032   0.036   0.005   0.000   0.000   0.000   0.000   0.000   0.000 1014727000
16.27   3.86   35.130
16.27   7.00    0.270    0.325
16.27   7.00    0.595   39.480
16.27   7.00    0.581    0.146   0.595   0.074
16.27   7.00    0.581    0.145   0.595   0.073

16.28   0.00    0.073    0.072   0.032   0.036   0.005   0.000   0.000   0.000   0.000   0.000   0.000 1015351000
16.28   3.86   35.129
16.28   7.00    0.270    0.325
16.28   7.00    0.595   39.480
16.28   7.00    0.581    0.146   0.595   0.074
16.28   7.00    0.581    0.145   0.595   0.073

16.29   0.00    0.073    0.072   0.032   0.036   0.005   0.000   0.000   0.000   0.000   0.000   0.000 1015974000
16.29   3.86   35.127
16.29   7.00    0.270    0.325
16.29   7.00    0.595   39.480
16.29   7.00    0.581    0.146   0.595   0.074
16.29   7.00    0.581    0.145   0.595   0.073

16.30   0.00    0.073    0.072   0.032   0.036   0.005   0.000   0.000   0.000   0.000   0.000   0.000 1016598000
16.30   3.86   35.125
16.30   7.00    0.270    0.325
16.30   7.00    0.594   39.481
16.30   7.00    0.581    0.146   0.594   0.074
16.30   7.00    0.581    0.145   0.594   0.073

16.31   0.00    0.073    0.072   0.032   0.036   0.005   0.000   0.000   0.000   0.000   0.000   0.000 1017222000
16.31   3.85   35.123
16.31   7.00    0.270    0.325
16.31   7.00    0.594   39.481
16.31   7.00    0.581    0.146   0.594   0.074
16.31   7.00    0.581    0.145   0.594   0.073

16.32   0.00    0.073    0.072   0.032   0.036   0.005   0.000   0.000   0.000   0.000   0.000   0.000 1017845000
16.32   3.85   35.121
16.32   7.00    0.270    0.325
16.32   7.00    0.594   39.481
16.32   7.00    0.581    0.146   0.594   0.074
16.32   7.00    0.581    0.145   0.594   0.073

16.33   0.00    0.073    0.072   0.032   0.036   0.005   0.000   0.000   0.000   0.000   0.000   0.000 1018469000
16.33   3.85   35.120
16.33   7.00    0.270    0.325
16.33   7.00    0.594   39.481
16.33   7.00    0.581    0.146   0.594   0.074
16.33   7.00    0.581    0.145   0.594   0.073

16.34   0.00    0.073    0.072   0.032   0.036   0.005   0.000   0.000   0.000   0.000   0.000   0.000 1019093000
16.34   3.85   35.118
16.34   7.00    0.270    0.325
16.34   7.00    0.594   39.482
16.34   7.00    0.581    0.146   0.594   0.074
16.34   7.00    0.581    0.145   0.594   0.073

16.35   0.00    0.073    0.072   0.032   0.036   0.005   0.000   0.000   0.000   0.000   0.000   0.000 1019716000
16.35   3.85   35.116
16.35   7.00    0.270    0.325
16.35   7.00    0.594   39.482
16.35   7.00    0.581    0.146   0.594   0.074
16.35   7.00    0.581    0.145   0.594   0.073

16.36   0.00    0.073    0.072   0.032   0.036   0.005   0.000   0.000   0.000   0.000   0.000   0.000 1020340000
16.36   3.85   35.114
16.36   7.00    0.270    0.325
16.36   7.00    0.594   39.482
16.36   7.00    0.581    0.146   0.594   0.074
16.36   7.00    0.581    0.145   0.594   0.073

16.37   0.00    0.073    0.072   0.032   0.036   0.005   0.000   0.000   0.000   0.000   0.000   0.000 1020964000
16.37   3.85   35.113
16.37   7.00    0.270    0.325
16.37   7.00    0.594   39.483
16.37   7.00    0.581    0.146   0.594   0.074
16.37   7.00    0.581    0.145   0.594   0.073

16.38   0.00    0.073    0.072   0.032   0.036   0.005   0.000   0.000   0.000   0.000   0.000   0.000 1021587000
16.38   3.85   35.111
16.38   7.00    0.270    0.325
16.38   7.00    0.594   39.483
16.38   7.00    0.581    0.146   0.594   0.074
16.38   7.00    0.581    0.145   0.594   0.073

16.39   0.00    0.073    0.072   0.032   0.036   0.005   0.000   0.000   0.000   0.000   0.000   0.000 1022211000
16.39   3.85   35.109
16.39   7.00    0.270    0.325
16.39   7.00    0.594   39.483
16.39   7.00    0.581    0.146   0.594   0.074
16.39   7.00    0.581    0.145   0.594   0.073

16.40   0.00    0.073    0.072   0.032   0.036   0.005   0.000   0.000   0.000   0.000   0.000   0.000 1022835000
16.40   3.85   35.107
16.40   7.00    0.269    0.325
16.40   7.00    0.594   39.483
16.40   7.00    0.581    0.146   0.594   0.074
16.40   7.00    0.581    0.145   0.594   0.073

16.41   0.00    0.073    0.072   0.032   0.036   0.005   0.000   0.000   0.000   0.000   0.000   0.000 1023459000
16.41   3.85   35.105
16.41   7.00    0.269    0.325
16.41   7.00    0.594   39.484
16.41   7.00    0.581    0.146   0.594   0.074
16.41   7.00    0.581    0.145   0.594   0.073

16.42   0.00    0.073    0.072   0.032   0.036   0.005   0.000   0.000   0.000   0.000   0.000   0.000 1024082000
16.42   3.85   35.104
16.42   7.00    0.269    0.325
16.42   7.00    0.594   39.484
16.42   7.00    0.581    0.146   0.594   0.074
16.42   7.00    0.581    0.145   0.594   0.073

16.43   0.00    0.073    0.072   0.032   0.036   0.005   0.000   0.000   0.000   0.000   0.000   0.000 1024706000
16.43   3.85   35.102
16.43   7.00    0.269    0.325
16.43   7.00    0.594   39.484
16.43   7.00    0.580    0.146   0.594   0.074
16.43   7.00    0.581    0.145   0.594   0.073

16.44   0.00    0.073    0.072   0.032   0.036   0.005   0.000   0.000   0.000   0.000   0.000   0.000 1025330000
16.44   3.85   35.100
16.44   7.00    0.269    0.325
16.44   7.00    0.594   39.484
16.44   7.00    0.580    0.146   0.594   0.074
16.44   7.00    0.581    0.145   0.594   0.073

16.45   0.00    0.073    0.072   0.032   0.036   0.005   0.000   0.000   0.000   0.000   0.000   0.000 1025953000
16.45   3.85   35.098
16.45   7.00    0.269    0.325
16.45   7.00    0.594   39.485
16.45   7.00    0.580    0.146   0.594   0.074
16.45   7.00    0.581    0.145   0.594   0.073

16.46   0.00    0.073    0.072   0.032   0.036   0.005   0.000   0.000   0.000   0.000   0.000   0.000 1026577000
16.46   3.84   35.097
16.46   7.00    0.269    0.325
16.46   7.00    0.594   39.485
16.46   7.00    0.580    0.146   0.594   0.074
16.46   7.00    0.580    0.145   0.594   0.073

16.47   0.00    0.073    0.072   0.032   0.036   0.005   0.000   0.000   0.000   0.000   0.000   0.000 1027201000
16.47   3.84   35.095
16.47   7.00    0.269    0.325
16.47   7.00    0.594   39.485
16.47   7.00    0.580    0.146   0.594   0.074
16.47   7.00    0.580    0.145   0.594   0.073

16.48   0.00    0.073    0.072   0.032   0.036   0.005   0.000   0.000   0.000   0.000   0.000   0.000 1027824000
16.48   3.84   35.093
16.48   7.00    0.269    0.325
16.48   7.00    0.594   39.485
16.48   7.00    0.580    0.146   0.594   0.074
16.48   7.00    0.580    0.145   0.594   0.073

16.49   0.00    0.073    0.072   0.032   0.036   0.005   0.000   0.000   0.000   0.000   0.000   0.000 1028448000
16.49   3.84   35.092
16.49   7.00    0.269    0.325
16.49   7.00    0.594   39.486
16.49   7.00    0.580    0.146   0.594   0.074
16.49   7.00    0.580    0.145   0.594   0.073

16.50   0.00    0.073    0.072   0.032   0.036   0.005   0.000   0.000   0.000   0.000   0.000   0.000 1029072000
16.50   3.84   35.090
16.50   7.00    0.269    0.325
16.50   7.00    0.594   39.486
16.50   7.00    0.580    0.146   0.594   0.074
16.50   7.00    0.580    0.145   0.594   0.073

16.51   0.00    0.073    0.072   0.032   0.036   0.005   0.000   0.000   0.000   0.000   0.000   0.000 1029695000
16.51   3.84   35.088
16.51   7.00    0.269    0.325
16.51   7.00    0.594   39.486
16.51   7.00    0.580    0.146   0.594   0.074
16.51   7.00    0.580    0.145   0.594   0.073

16.52   0.00    0.073    0.072   0.032   0.036   0.005   0.000   0.000   0.000   0.000   0.000   0.000 1030319000
16.52   3.84   35.086
16.52   7.00    0.269    0.325
16.52   7.00    0.593   39.486
16.52   7.00    0.580    0.146   0.593   0.074
16.52   7.00    0.580    0.145   0.593   0.073

16.53   0.00    0.073    0.072   0.032   0.036   0.005   0.000   0.000   0.000   0.000   0.000   0.000 1030943000
16.53   3.84   35.085
16.53   7.00    0.269    0.325
16.53   7.00    0.593   39.487
16.53   7.00    0.580    0.146   0.593   0.074
16.53   7.00    0.580    0.145   0.593   0.073

16.54   0.00    0.073    0.072   0.032   0.036   0.005   0.000   0.000   0.000   0.000   0.000   0.000 1031566000
16.54   3.84   35.083
16.54   7.00    0.269    0.325
16.54   7.00    0.593   39.487
16.54   7.00    0.580    0.146   0.593   0.074
16.54   7.00    0.580    0.145   0.593   0.073

16.55   0.00    0.073    0.072   0.032   0.036   0.005   0.000   0.000   0.000   0.000   0.000   0.000 1032190000
16.55   3.84   35.081
16.55   7.00    0.269    0.325
16.55   7.00    0.593   39.487
16.55   7.00    0.580    0.146   0.593   0.074
16.55   7.00    0.580    0.145   0.593   0.073

16.56   0.00    0.073    0.072   0.032   0.036   0.005   0.000   0.000   0.000   0.000   0.000   0.000 1032814000
16.56   3.84   35.079
16.56   7.00    0.269    0.325
16.56   7.00    0.593   39.488
16.56   7.00    0.580    0.146   0.593   0.074
16.56   7.00    0.580    0.144   0.593   0.073

16.57   0.00    0.073    0.072   0.032   0.036   0.005   0.000   0.000   0.000   0.000   0.000   0.000 1033437000
16.57   3.84   35.078
16.57   7.00    0.269    0.325
16.57   7.00    0.593   39.488
16.57   7.00    0.580    0.146   0.593   0.074
16.57   7.00    0.580    0.144   0.593   0.073

16.58   0.00    0.073    0.072   0.032   0.036   0.005   0.000   0.000   0.000   0.000   0.000   0.000 1034061000
16.58   3.84   35.076
16.58   7.00    0.269    0.325
16.58   7.00    0.593   39.488
16.58   7.00    0.580    0.146   0.593   0.074
16.58   7.00    0.580    0.144   0.593   0.073

16.59   0.00    0.073    0.072   0.032   0.036   0.005   0.000   0.000   0.000   0.000   0.000   0.000 1034685000
16.59   3.84   35.074
16.59   7.00    0.269    0.325
16.59   7.00    0.593   39.488
16.59   7.00    0.580    0.146   0.593   0.074
16.59   7.00    0.580    0.144   0.593   0.073

16.60   0.00    0.073    0.072   0.032   0.036   0.005   0.000   0.000   0.000   0.000   0.000   0.000 1035308000
16.60   3.84   35.073
16.60   7.00    0.269    0.325
16.60   7.00    0.593   39.489
16.60   7.00    0.580    0.146   0.593   0.074
16.60   7.00    0.580    0.144   0.593   0.073

16.61   0.00    0.073    0.072   0.032   0.036   0.005   0.000   0.000   0.000   0.000   0.000   0.000 1035932000
16.61   3.83   35.071
16.61   7.00    0.269    0.325
16.61   7.00    0.593   39.489
16.61   7.00    0.580    0.146   0.593   0.074
16.61   7.00    0.580    0.144   0.593   0.073

16.62   0.00    0.073    0.072   0.032   0.036   0.005   0.000   0.000   0.000   0.000   0.000   0.000 1036556000
16.62   3.83   35.069
16.62   7.00    0.268    0.325
16.62   7.00    0.593   39.489
16.62   7.00    0.580    0.146   0.593   0.074
16.62   7.00    0.580    0.144   0.593   0.073

16.63   0.00    0.073    0.072   0.032   0.036   0.005   0.000   0.000   0.000   0.000   0.000   0.000 1037179000
16.63   3.83   35.068
16.63   7.00    0.268    0.325
16.63   7.00    0.593   39.489
16.63   7.00    0.580    0.146   0.593   0.074
16.63   7.00    0.580    0.144   0.593   0.073

16.64   0.00    0.073    0.072   0.032   0.036   0.005   0.000   0.000   0.000   0.000   0.000   0.000 1037803000
16.64   3.83   35.066
16.64   7.00    0.268    0.325
16.64   7.00    0.593   39.490
16.64   7.00    0.580    0.146   0.593   0.074
16.64   7.00    0.580    0.144   0.593   0.073

16.65   0.00    0.073    0.072   0.032   0.036   0.005   0.000   0.000   0.000   0.000   0.000   0.000 1038427000
16.65   3.83   35.064
16.65   7.00    0.268    0.325
16.65   7.00    0.593   39.490
16.65   7.00    0.579    0.146   0.593   0.074
16.65   7.00    0.580    0.144   0.593   0.073

16.66   0.00    0.073    0.072   0.032   0.036   0.005   0.000   0.000   0.000   0.000   0.000   0.000 1039051000
16.66   3.83   35.063
16.66   7.00    0.268    0.325
16.66   7.00    0.593   39.490
16.66   7.00    0.579    0.146   0.593   0.074
16.66   7.00    0.580    0.144   0.593   0.073

16.67   0.00    0.073    0.072   0.032   0.036   0.005   0.000   0.000   0.000   0.000   0.000   0.000 1039674000
16.67   3.83   35.061
16.67   7.00    0.268    0.325
16.67   7.00    0.593   39.490
16.67   7.00    0.579    0.145   0.593   0.074
16.67   7.00    0.580    0.144   0.593   0.073

16.68   0.00    0.073    0.072   0.032   0.036   0.005   0.000   0.000   0.000   0.000   0.000   0.000 1040298000
16.68   3.83   35.059
16.68   7.00    0.268    0.325
16.68   7.00    0.593   39.491
16.68   7.00    0.579    0.145   0.593   0.074
16.68   7.00    0.579    0.144   0.593   0.073

16.69   0.00    0.073    0.072   0.032   0.036   0.005   0.000   0.000   0.000   0.000   0.000   0.000 1040922000
16.69   3.83   35.058
16.69   7.00    0.268    0.325
16.69   7.00    0.593   39.491
16.69   7.00    0.579    0.145   0.593   0.074
16.69   7.00    0.579    0.144   0.593   0.073

16.70   0.00    0.073    0.072   0.032   0.036   0.005   0.000   0.000   0.000   0.000   0.000   0.000 1041545000
16.70   3.83   35.056
16.70   7.00    0.268    0.325
16.70   7.00    0.593   39.491
16.70   7.00    0.579    0.145   0.593   0.074
16.70   7.00    0.579    0.144   0.593   0.073

16.71   0.00    0.073    0.072   0.032   0.036   0.005   0.000   0.000   0.000   0.000   0.000   0.000 1042169000
16.71   3.83   35.054
16.71   7.00    0.268    0.325
16.71   7.00    0.593   39.491
16.71   7.00    0.579    0.145   0.593   0.074
16.71   7.00    0.579    0.144   0.593   0.073

16.72   0.00    0.073    0.072   0.032   0.036   0.005   0.000   0.000   0.000   0.000   0.000   0.000 1042793000
16.72   3.83   35.053
16.72   7.00    0.268    0.325
16.72   7.00    0.593   39.492
16.72   7.00    0.579    0.145   0.593   0.074
16.72   7.00    0.579    0.144   0.593   0.073

16.73   0.00    0.073    0.072   0.032   0.036   0.005   0.000   0.000   0.000   0.000   0.000   0.000 1043416000
16.73   3.83   35.051
16.73   7.00    0.268    0.325
16.73   7.00    0.593   39.492
16.73   7.00    0.579    0.145   0.593   0.074
16.73   7.00    0.579    0.144   0.593   0.073

16.74   0.00    0.073    0.072   0.032   0.036   0.005   0.000   0.000   0.000   0.000   0.000   0.000 1044040000
16.74   3.83   35.049
16.74   7.00    0.268    0.325
16.74   7.00    0.592   39.492
16.74   7.00    0.579    0.145   0.592   0.074
16.74   7.00    0.579    0.144   0.592   0.073

16.75   0.00    0.073    0.072   0.032   0.036   0.005   0.000   0.000   0.000   0.000   0.000   0.000 1044664000
16.75   3.83   35.048
16.75   7.00    0.268    0.325
16.75   7.00    0.592   39.493
16.75   7.00    0.579    0.145   0.592   0.074
16.75   7.00    0.579    0.144   0.592   0.073

16.76   0.00    0.073    0.072   0.032   0.036   0.005   0.000   0.000   0.000   0.000   0.000   0.000 1045287000
16.76   3.82   35.046
16.76   7.00    0.268    0.325
16.76   7.00    0.592   39.493
16.76   7.00    0.579    0.145   0.592   0.074
16.76   7.00    0.579    0.144   0.592   0.073

16.77   0.00    0.073    0.072   0.032   0.036   0.005   0.000   0.000   0.000   0.000   0.000   0.000 1045911000
16.77   3.82   35.044
16.77   7.00    0.268    0.325
16.77   7.00    0.592   39.493
16.77   7.00    0.579    0.145   0.592   0.074
16.77   7.00    0.579    0.144   0.592   0.073

16.78   0.00    0.073    0.072   0.032   0.036   0.005   0.000   0.000   0.000   0.000   0.000   0.000 1046535000
16.78   3.82   35.043
16.78   7.00    0.268    0.325
16.78   7.00    0.592   39.493
16.78   7.00    0.579    0.145   0.592   0.074
16.78   7.00    0.579    0.144   0.592   0.073

16.79   0.00    0.073    0.072   0.032   0.036   0.005   0.000   0.000   0.000   0.000   0.000   0.000 1047158000
16.79   3.82   35.041
16.79   7.00    0.268    0.325
16.79   7.00    0.592   39.494
16.79   7.00    0.579    0.145   0.592   0.074
16.79   7.00    0.579    0.144   0.592   0.073

16.80   0.00    0.073    0.072   0.032   0.036   0.005   0.000   0.000   0.000   0.000   0.000   0.000 1047782000
16.80   3.82   35.039
16.80   7.00    0.268    0.325
16.80   7.00    0.592   39.494
16.80   7.00    0.579    0.145   0.592   0.074
16.80   7.00    0.579    0.144   0.592   0.073

16.81   0.00    0.073    0.072   0.032   0.036   0.005   0.000   0.000   0.000   0.000   0.000   0.000 1048406000
16.81   3.82   35.038
16.81   7.00    0.268    0.325
16.81   7.00    0.592   39.494
16.81   7.00    0.579    0.145   0.592   0.074
16.81   7.00    0.579    0.144   0.592   0.073

16.82   0.00    0.073    0.072   0.032   0.036   0.005   0.000   0.000   0.000   0.000   0.000   0.000 1049029000
16.82   3.82   35.036
16.82   7.00    0.268    0.325
16.82   7.00    0.592   39.494
16.82   7.00    0.579    0.145   0.592   0.074
16.82   7.00    0.579    0.144   0.592   0.073

16.83   0.00    0.073    0.072   0.032   0.036   0.005   0.000   0.000   0.000   0.000   0.000   0.000 1049653000
16.83   3.82   35.035
16.83   7.00    0.268    0.325
16.83   7.00    0.592   39.495
16.83   7.00    0.579    0.145   0.592   0.074
16.83   7.00    0.579    0.144   0.592   0.073

16.84   0.00    0.073    0.072   0.032   0.036   0.005   0.000   0.000   0.000   0.000   0.000   0.000 1050277000
16.84   3.82   35.033
16.84   7.00    0.267    0.325
16.84   7.00    0.592   39.495
16.84   7.00    0.579    0.145   0.592   0.074
16.84   7.00    0.579    0.144   0.592   0.073

16.85   0.00    0.073    0.072   0.032   0.036   0.005   0.000   0.000   0.000   0.000   0.000   0.000 1050900000
16.85   3.82   35.031
16.85   7.00    0.267    0.325
16.85   7.00    0.592   39.495
16.85   7.00    0.579    0.145   0.592   0.074
16.85   7.00    0.579    0.144   0.592   0.073

16.86   0.00    0.073    0.072   0.032   0.036   0.005   0.000   0.000   0.000   0.000   0.000   0.000 1051524000
16.86   3.82   35.030
16.86   7.00    0.267    0.325
16.86   7.00    0.592   39.495
16.86   7.00    0.579    0.145   0.592   0.074
16.86   7.00    0.579    0.144   0.592   0.073

16.87   0.00    0.073    0.072   0.032   0.036   0.005   0.000   0.000   0.000   0.000   0.000   0.000 1052148000
16.87   3.82   35.028
16.87   7.00    0.267    0.325
16.87   7.00    0.592   39.496
16.87   7.00    0.579    0.145   0.592   0.074
16.87   7.00    0.579    0.144   0.592   0.073

16.88   0.00    0.073    0.072   0.032   0.036   0.005   0.000   0.000   0.000   0.000   0.000   0.000 1052771000
16.88   3.82   35.026
16.88   7.00    0.267    0.325
16.88   7.00    0.592   39.496
16.88   7.00    0.578    0.145   0.592   0.074
16.88   7.00    0.579    0.144   0.592   0.073

16.89   0.00    0.073    0.072   0.032   0.036   0.005   0.000   0.000   0.000   0.000   0.000   0.000 1053395000
16.89   3.82   35.025
16.89   7.00    0.267    0.325
16.89   7.00    0.592   39.496
16.89   7.00    0.578    0.145   0.592   0.074
16.89   7.00    0.579    0.144   0.592   0.073

16.90   0.00    0.073    0.072   0.032   0.036   0.005   0.000   0.000   0.000   0.000   0.000   0.000 1054019000
16.90   3.82   35.023
16.90   7.00    0.267    0.325
16.90   7.00    0.592   39.496
16.90   7.00    0.578    0.145   0.592   0.074
16.90   7.00    0.579    0.144   0.592   0.073

16.91   0.00    0.073    0.071   0.032   0.036   0.005   0.000   0.000   0.000   0.000   0.000   0.000 1054643000
16.91   3.82   35.022
16.91   7.00    0.267    0.325
16.91   7.00    0.592   39.497
16.91   7.00    0.578    0.145   0.592   0.074
16.91   7.00    0.578    0.144   0.592   0.073

16.92   0.00    0.073    0.071   0.032   0.036   0.005   0.000   0.000   0.000   0.000   0.000   0.000 1055266000
16.92   3.81   35.020
16.92   7.00    0.267    0.325
16.92   7.00    0.592   39.497
16.92   7.00    0.578    0.145   0.592   0.074
16.92   7.00    0.578    0.144   0.592   0.073

16.93   0.00    0.073    0.071   0.032   0.036   0.005   0.000   0.000   0.000   0.000   0.000   0.000 1055890000
16.93   3.81   35.018
16.93   7.00    0.267    0.325
16.93   7.00    0.592   39.497
16.93   7.00    0.578    0.145   0.592   0.074
16.93   7.00    0.578    0.144   0.592   0.073

16.94   0.00    0.073    0.071   0.032   0.036   0.005   0.000   0.000   0.000   0.000   0.000   0.000 1056514000
16.94   3.81   35.017
16.94   7.00    0.267    0.325
16.94   7.00    0.592   39.498
16.94   7.00    0.578    0.145   0.592   0.074
16.94   7.00    0.578    0.144   0.592   0.073

16.95   0.00    0.073    0.071   0.032   0.036   0.005   0.000   0.000   0.000   0.000   0.000   0.000 1057137000
16.95   3.81   35.015
16.95   7.00    0.267    0.325
16.95   7.00    0.592   39.498
16.95   7.00    0.578    0.145   0.592   0.074
16.95   7.00    0.578    0.144   0.592   0.073

16.96   0.00    0.073    0.071   0.032   0.036   0.005   0.000   0.000   0.000   0.000   0.000   0.000 1057761000
16.96   3.81   35.014
16.96   7.00    0.267    0.325
16.96   7.00    0.592   39.498
16.96   7.00    0.578    0.145   0.592   0.074
16.96   7.00    0.578    0.144   0.592   0.073

16.97   0.00    0.073    0.071   0.032   0.036   0.004   0.000   0.000   0.000   0.000   0.000   0.000 1058385000
16.97   3.81   35.012
16.97   7.00    0.267    0.325
16.97   7.00    0.591   39.498
16.97   7.00    0.578    0.145   0.591   0.074
16.97   7.00    0.578    0.144   0.591   0.073

16.98   0.00    0.073    0.071   0.032   0.036   0.004   0.000   0.000   0.000   0.000   0.000   0.000 1059008000
16.98   3.81   35.011
16.98   7.00    0.267    0.325
16.98   7.00    0.591   39.499
16.98   7.00    0.578    0.145   0.591   0.074
16.98   7.00    0.578    0.144   0.591   0.073

16.99   0.00    0.073    0.071   0.032   0.036   0.004   0.000   0.000   0.000   0.000   0.000   0.000 1059632000
16.99   3.81   35.009
16.99   7.00    0.267    0.325
16.99   7.00    0.591   39.499
16.99   7.00    0.578    0.145   0.591   0.074
16.99   7.00    0.578    0.144   0.591   0.073

17.00   0.00    0.073    0.071   0.032   0.036   0.004   0.000   0.000   0.000   0.000   0.000   0.000 1060256000
17.00   3.81   35.007
17.00   7.00    0.267    0.325
17.00   7.00    0.591   39.499
17.00   7.00    0.578    0.145   0.591   0.074
17.00   7.00    0.578    0.144   0.591   0.073

17.01   0.00    0.073    0.071   0.032   0.036   0.004   0.000   0.000   0.000   0.000   0.000   0.000 1060879000
17.01   3.81   35.006
17.01   7.00    0.267    0.325
17.01   7.00    0.591   39.499
17.01   7.00    0.578    0.145   0.591   0.074
17.01   7.00    0.578    0.144   0.591   0.073

17.02   0.00    0.073    0.071   0.032   0.036   0.004   0.000   0.000   0.000   0.000   0.000   0.000 1061503000
17.02   3.81   35.004
17.02   7.00    0.267    0.325
17.02   7.00    0.591   39.500
17.02   7.00    0.578    0.145   0.591   0.074
17.02   7.00    0.578    0.144   0.591   0.073

17.03   0.00    0.073    0.071   0.032   0.036   0.004   0.000   0.000   0.000   0.000   0.000   0.000 1062127000
17.03   3.81   35.003
17.03   7.00    0.267    0.325
17.03   7.00    0.591   39.500
17.03   7.00    0.578    0.145   0.591   0.074
17.03   7.00    0.578    0.144   0.591   0.073

17.04   0.00    0.072    0.071   0.032   0.036   0.004   0.000   0.000   0.000   0.000   0.000   0.000 1062750000
17.04   3.81   35.001
17.04   7.00    0.267    0.325
17.04   7.00    0.591   39.500
17.04   7.00    0.578    0.145   0.591   0.074
17.04   7.00    0.578    0.144   0.591   0.073

17.05   0.00    0.072    0.071   0.032   0.036   0.004   0.000   0.000   0.000   0.000   0.000   0.000 1063374000
17.05   3.81   35.000
17.05   7.00    0.267    0.325
17.05   7.00    0.591   39.500
17.05   7.00    0.578    0.145   0.591   0.074
17.05   7.00    0.578    0.144   0.591   0.073

17.06   0.00    0.072    0.071   0.032   0.036   0.004   0.000   0.000   0.000   0.000   0.000   0.000 1063998000
17.06   3.81   34.998
17.06   7.00    0.267    0.325
17.06   7.00    0.591   39.501
17.06   7.00    0.578    0.145   0.591   0.074
17.06   7.00    0.578    0.144   0.591   0.073

17.07   0.00    0.072    0.071   0.032   0.036   0.004   0.000   0.000   0.000   0.000   0.000   0.000 1064621000
17.07   3.81   34.996
17.07   7.00    0.266    0.325
17.07   7.00    0.591   39.501
17.07   7.00    0.578    0.145   0.591   0.074
17.07   7.00    0.578    0.144   0.591   0.073

17.08   0.00    0.072    0.071   0.032   0.036   0.004   0.000   0.000   0.000   0.000   0.000   0.000 1065245000
17.08   3.80   34.995
17.08   7.00    0.266    0.325
17.08   7.00    0.591   39.501
17.08   7.00    0.578    0.145   0.591   0.074
17.08   7.00    0.578    0.144   0.591   0.073

17.09   0.00    0.072    0.071   0.032   0.036   0.004   0.000   0.000   0.000   0.000   0.000   0.000 1065869000
17.09   3.80   34.993
17.09   7.00    0.266    0.325
17.09   7.00    0.591   39.501
17.09   7.00    0.578    0.145   0.591   0.074
17.09   7.00    0.578    0.144   0.591   0.072

17.10   0.00    0.072    0.071   0.032   0.036   0.004   0.000   0.000   0.000   0.000   0.000   0.000 1066492000
17.10   3.80   34.992
17.10   7.00    0.266    0.325
17.10   7.00    0.591   39.502
17.10   7.00    0.578    0.145   0.591   0.074
17.10   7.00    0.578    0.144   0.591   0.072

17.11   0.00    0.072    0.071   0.032   0.036   0.004   0.000   0.000   0.000   0.000   0.000   0.000 1067116000
17.11   3.80   34.990
17.11   7.00    0.266    0.325
17.11   7.00    0.591   39.502
17.11   7.00    0.578    0.145   0.591   0.074
17.11   7.00    0.578    0.144   0.591   0.072

17.12   0.00    0.072    0.071   0.032   0.036   0.004   0.000   0.000   0.000   0.000   0.000   0.000 1067740000
17.12   3.80   34.989
17.12   7.00    0.266    0.325
17.12   7.00    0.591   39.502
17.12   7.00    0.577    0.145   0.591   0.074
17.12   7.00    0.578    0.144   0.591   0.072

17.13   0.00    0.072    0.071   0.032   0.036   0.004   0.000   0.000   0.000   0.000   0.000   0.000 1068363000
17.13   3.80   34.987
17.13   7.00    0.266    0.325
17.13   7.00    0.591   39.503
17.13   7.00    0.577    0.145   0.591   0.074
17.13   7.00    0.578    0.144   0.591   0.072

17.14   0.00    0.072    0.071   0.032   0.036   0.004   0.000   0.000   0.000   0.000   0.000   0.000 1068987000
17.14   3.80   34.986
17.14   7.00    0.266    0.325
17.14   7.00    0.591   39.503
17.14   7.00    0.577    0.145   0.591   0.074
17.14   7.00    0.578    0.144   0.591   0.072

17.15   0.00    0.072    0.071   0.032   0.036   0.004   0.000   0.000   0.000   0.000   0.000   0.000 1069611000
17.15   3.80   34.984
17.15   7.00    0.266    0.325
17.15   7.00    0.591   39.503
17.15   7.00    0.577    0.145   0.591   0.074
17.15   7.00    0.577    0.144   0.591   0.072

17.16   0.00    0.072    0.071   0.032   0.036   0.004   0.000   0.000   0.000   0.000   0.000   0.000 1070234000
17.16   3.80   34.983
17.16   7.00    0.266    0.325
17.16   7.00    0.591   39.503
17.16   7.00    0.577    0.145   0.591   0.074
17.16   7.00    0.577    0.144   0.591   0.072

17.17   0.00    0.072    0.071   0.032   0.036   0.004   0.000   0.000   0.000   0.000   0.000   0.000 1070858000
17.17   3.80   34.981
17.17   7.00    0.266    0.325
17.17   7.00    0.591   39.504
17.17   7.00    0.577    0.145   0.591   0.074
17.17   7.00    0.577    0.144   0.591   0.072

17.18   0.00    0.072    0.071   0.032   0.036   0.004   0.000   0.000   0.000   0.000   0.000   0.000 1071482000
17.18   3.80   34.980
17.18   7.00    0.266    0.325
17.18   7.00    0.591   39.504
17.18   7.00    0.577    0.145   0.591   0.074
17.18   7.00    0.577    0.144   0.591   0.072

17.19   0.00    0.072    0.071   0.032   0.036   0.004   0.000   0.000   0.000   0.000   0.000   0.000 1072106000
17.19   3.80   34.978
17.19   7.00    0.266    0.325
17.19   7.00    0.591   39.504
17.19   7.00    0.577    0.145   0.591   0.074
17.19   7.00    0.577    0.144   0.591   0.072

17.20   0.00    0.072    0.071   0.032   0.036   0.004   0.000   0.000   0.000   0.000   0.000   0.000 1072729000
17.20   3.80   34.977
17.20   7.00    0.266    0.325
17.20   7.00    0.590   39.504
17.20   7.00    0.577    0.145   0.590   0.074
17.20   7.00    0.577    0.144   0.590   0.072

17.21   0.00    0.072    0.071   0.032   0.036   0.004   0.000   0.000   0.000   0.000   0.000   0.000 1073353000
17.21   3.80   34.975
17.21   7.00    0.266    0.325
17.21   7.00    0.590   39.505
17.21   7.00    0.577    0.145   0.590   0.073
17.21   7.00    0.577    0.144   0.590   0.072

17.22   0.00    0.072    0.071   0.032   0.036   0.004   0.000   0.000   0.000   0.000   0.000   0.000 1073977000
17.22   3.80   34.973
17.22   7.00    0.266    0.325
17.22   7.00    0.590   39.505
17.22   7.00    0.577    0.145   0.590   0.073
17.22   7.00    0.577    0.144   0.590   0.072

17.23   0.00    0.072    0.071   0.032   0.036   0.004   0.000   0.000   0.000   0.000   0.000   0.000 1074600000
17.23   3.80   34.972
17.23   7.00    0.266    0.325
17.23   7.00    0.590   39.505
17.23   7.00    0.577    0.145   0.590   0.073
17.23   7.00    0.577    0.144   0.590   0.072

17.24   0.00    0.072    0.071   0.032   0.036   0.004   0.000   0.000   0.000   0.000   0.000   0.000 1075224000
17.24   3.79   34.970
17.24   7.00    0.266    0.325
17.24   7.00    0.590   39.505
17.24   7.00    0.577    0.145   0.590   0.073
17.24   7.00    0.577    0.144   0.590   0.072

17.25   0.00    0.072    0.071   0.032   0.036   0.004   0.000   0.000   0.000   0.000   0.000   0.000 1075848000
17.25   3.79   34.969
17.25   7.00    0.266    0.325
17.25   7.00    0.590   39.506
17.25   7.00    0.577    0.145   0.590   0.073
17.25   7.00    0.577    0.144   0.590   0.072

17.26   0.00    0.072    0.071   0.032   0.036   0.004   0.000   0.000   0.000   0.000   0.000   0.000 1076471000
17.26   3.79   34.967
17.26   7.00    0.266    0.325
17.26   7.00    0.590   39.506
17.26   7.00    0.577    0.145   0.590   0.073
17.26   7.00    0.577    0.144   0.590   0.072

17.27   0.00    0.072    0.071   0.032   0.036   0.004   0.000   0.000   0.000   0.000   0.000   0.000 1077095000
17.27   3.79   34.966
17.27   7.00    0.266    0.325
17.27   7.00    0.590   39.506
17.27   7.00    0.577    0.145   0.590   0.073
17.27   7.00    0.577    0.144   0.590   0.072

17.28   0.00    0.072    0.071   0.032   0.036   0.004   0.000   0.000   0.000   0.000   0.000   0.000 1077719000
17.28   3.79   34.964
17.28   7.00    0.266    0.325
17.28   7.00    0.590   39.506
17.28   7.00    0.577    0.145   0.590   0.073
17.28   7.00    0.577    0.144   0.590   0.072

17.29   0.00    0.072    0.071   0.032   0.036   0.004   0.000   0.000   0.000   0.000   0.000   0.000 1078342000
17.29   3.79   34.963
17.29   7.00    0.266    0.325
17.29   7.00    0.590   39.507
17.29   7.00    0.577    0.145   0.590   0.073
17.29   7.00    0.577    0.144   0.590   0.072

17.30   0.00    0.072    0.071   0.032   0.036   0.004   0.000   0.000   0.000   0.000   0.000   0.000 1078966000
17.30   3.79   34.962
17.30   7.00    0.266    0.325
17.30   7.00    0.590   39.507
17.30   7.00    0.577    0.145   0.590   0.073
17.30   7.00    0.577    0.144   0.590   0.072

17.31   0.00    0.072    0.071   0.032   0.036   0.004   0.000   0.000   0.000   0.000   0.000   0.000 1079590000
17.31   3.79   34.960
17.31   7.00    0.265    0.325
17.31   7.00    0.590   39.507
17.31   7.00    0.577    0.145   0.590   0.073
17.31   7.00    0.577    0.144   0.590   0.072

17.32   0.00    0.072    0.071   0.032   0.036   0.004   0.000   0.000   0.000   0.000   0.000   0.000 1080213000
17.32   3.79   34.959
17.32   7.00    0.265    0.325
17.32   7.00    0.590   39.508
17.32   7.00    0.577    0.145   0.590   0.073
17.32   7.00    0.577    0.144   0.590   0.072

17.33   0.00    0.072    0.071   0.032   0.036   0.004   0.000   0.000   0.000   0.000   0.000   0.000 1080837000
17.33   3.79   34.957
17.33   7.00    0.265    0.325
17.33   7.00    0.590   39.508
17.33   7.00    0.577    0.145   0.590   0.073
17.33   7.00    0.577    0.144   0.590   0.072

17.34   0.00    0.072    0.071   0.032   0.036   0.004   0.000   0.000   0.000   0.000   0.000   0.000 1081461000
17.34   3.79   34.956
17.34   7.00    0.265    0.325
17.34   7.00    0.590   39.508
17.34   7.00    0.577    0.145   0.590   0.073
17.34   7.00    0.577    0.144   0.590   0.072

17.35   0.00    0.072    0.071   0.032   0.036   0.004   0.000   0.000   0.000   0.000   0.000   0.000 1082084000
17.35   3.79   34.954
17.35   7.00    0.265    0.325
17.35   7.00    0.590   39.508
17.35   7.00    0.577    0.145   0.590   0.073
17.35   7.00    0.577    0.144   0.590   0.072

17.36   0.00    0.072    0.071   0.032   0.036   0.004   0.000   0.000   0.000   0.000   0.000   0.000 1082708000
17.36   3.79   34.953
17.36   7.00    0.265    0.325
17.36   7.00    0.590   39.509
17.36   7.00    0.576    0.145   0.590   0.073
17.36   7.00    0.577    0.144   0.590   0.072

17.37   0.00    0.072    0.071   0.032   0.036   0.004   0.000   0.000   0.000   0.000   0.000   0.000 1083332000
17.37   3.79   34.951
17.37   7.00    0.265    0.325
17.37   7.00    0.590   39.509
17.37   7.00    0.576    0.145   0.590   0.073
17.37   7.00    0.577    0.144   0.590   0.072

17.38   0.00    0.072    0.071   0.032   0.036   0.004   0.000   0.000   0.000   0.000   0.000   0.000 1083955000
17.38   3.79   34.950
17.38   7.00    0.265    0.325
17.38   7.00    0.590   39.509
17.38   7.00    0.576    0.145   0.590   0.073
17.38   7.00    0.577    0.144   0.590   0.072

17.39   0.00    0.072    0.071   0.032   0.036   0.004   0.000   0.000   0.000   0.000   0.000   0.000 1084579000
17.39   3.79   34.948
17.39   7.00    0.265    0.325
17.39   7.00    0.590   39.509
17.39   7.00    0.576    0.145   0.590   0.073
17.39   7.00    0.576    0.144   0.590   0.072

17.40   0.00    0.072    0.071   0.032   0.036   0.004   0.000   0.000   0.000   0.000   0.000   0.000 1085203000
17.40   3.79   34.947
17.40   7.00    0.265    0.325
17.40   7.00    0.590   39.510
17.40   7.00    0.576    0.145   0.590   0.073
17.40   7.00    0.576    0.144   0.590   0.072

17.41   0.00    0.072    0.071   0.032   0.036   0.004   0.000   0.000   0.000   0.000   0.000   0.000 1085827000
17.41   3.78   34.945
17.41   7.00    0.265    0.325
17.41   7.00    0.590   39.510
17.41   7.00    0.576    0.145   0.590   0.073
17.41   7.00    0.576    0.144   0.590   0.072

17.42   0.00    0.072    0.071   0.032   0.036   0.004   0.000   0.000   0.000   0.000   0.000   0.000 1086450000
17.42   3.78   34.944
17.42   7.00    0.265    0.325
17.42   7.00    0.590   39.510
17.42   7.00    0.576    0.145   0.590   0.073
17.42   7.00    0.576    0.144   0.590   0.072

17.43   0.00    0.072    0.071   0.032   0.036   0.004   0.000   0.000   0.000   0.000   0.000   0.000 1087074000
17.43   3.78   34.942
17.43   7.00    0.265    0.325
17.43   7.00    0.590   39.510
17.43   7.00    0.576    0.145   0.590   0.073
17.43   7.00    0.576    0.144   0.590   0.072

17.44   0.00    0.072    0.071   0.032   0.036   0.004   0.000   0.000   0.000   0.000   0.000   0.000 1087698000
17.44   3.78   34.941
17.44   7.00    0.265    0.325
17.44   7.00    0.589   39.511
17.44   7.00    0.576    0.145   0.589   0.073
17.44   7.00    0.576    0.144   0.589   0.072

17.45   0.00    0.072    0.071   0.032   0.036   0.004   0.000   0.000   0.000   0.000   0.000   0.000 1088321000
17.45   3.78   34.940
17.45   7.00    0.265    0.325
17.45   7.00    0.589   39.511
17.45   7.00    0.576    0.145   0.589   0.073
17.45   7.00    0.576    0.144   0.589   0.072

17.46   0.00    0.072    0.071   0.032   0.036   0.004   0.000   0.000   0.000   0.000   0.000   0.000 1088945000
17.46   3.78   34.938
17.46   7.00    0.265    0.325
17.46   7.00    0.589   39.511
17.46   7.00    0.576    0.145   0.589   0.073
17.46   7.00    0.576    0.144   0.589   0.072

17.47   0.00    0.072    0.071   0.032   0.036   0.004   0.000   0.000   0.000   0.000   0.000   0.000 1089569000
17.47   3.78   34.937
17.47   7.00    0.265    0.325
17.47   7.00    0.589   39.511
17.47   7.00    0.576    0.145   0.589   0.073
17.47   7.00    0.576    0.144   0.589   0.072

17.48   0.00    0.072    0.071   0.032   0.036   0.004   0.000   0.000   0.000   0.000   0.000   0.000 1090192000
17.48   3.78   34.935
17.48   7.00    0.265    0.325
17.48   7.00    0.589   39.512
17.48   7.00    0.576    0.145   0.589   0.073
17.48   7.00    0.576    0.144   0.589   0.072

17.49   0.00    0.072    0.071   0.032   0.036   0.004   0.000   0.000   0.000   0.000   0.000   0.000 1090816000
17.49   3.78   34.934
17.49   7.00    0.265    0.325
17.49   7.00    0.589   39.512
17.49   7.00    0.576    0.145   0.589   0.073
17.49   7.00    0.576    0.144   0.589   0.072

17.50   0.00    0.072    0.071   0.032   0.036   0.004   0.000   0.000   0.000   0.000   0.000   0.000 1091440000
17.50   3.78   34.932
17.50   7.00    0.265    0.325
17.50   7.00    0.589   39.512
17.50   7.00    0.576    0.145   0.589   0.073
17.50   7.00    0.576    0.144   0.589   0.072

17.51   0.00    0.072    0.071   0.032   0.036   0.004   0.000   0.000   0.000   0.000   0.000   0.000 1092063000
17.51   3.78   34.931
17.51   7.00    0.265    0.325
17.51   7.00    0.589   39.513
17.51   7.00    0.576    0.145   0.589   0.073
17.51   7.00    0.576    0.144   0.589   0.072

17.52   0.00    0.072    0.071   0.032   0.036   0.004   0.000   0.000   0.000   0.000   0.000   0.000 1092687000
17.52   3.78   34.930
17.52   7.00    0.265    0.325
17.52   7.00    0.589   39.513
17.52   7.00    0.576    0.145   0.589   0.073
17.52   7.00    0.576    0.144   0.589   0.072

17.53   0.00    0.072    0.071   0.032   0.036   0.004   0.000   0.000   0.000   0.000   0.000   0.000 1093311000
17.53   3.78   34.928
17.53   7.00    0.265    0.325
17.53   7.00    0.589   39.513
17.53   7.00    0.576    0.145   0.589   0.073
17.53   7.00    0.576    0.144   0.589   0.072

17.54   0.00    0.072    0.071   0.032   0.036   0.004   0.000   0.000   0.000   0.000   0.000   0.000 1093934000
17.54   3.78   34.927
17.54   7.00    0.265    0.325
17.54   7.00    0.589   39.513
17.54   7.00    0.576    0.145   0.589   0.073
17.54   7.00    0.576    0.144   0.589   0.072

17.55   0.00    0.072    0.071   0.032   0.036   0.004   0.000   0.000   0.000   0.000   0.000   0.000 1094558000
17.55   3.78   34.925
17.55   7.00    0.264    0.325
17.55   7.00    0.589   39.514
17.55   7.00    0.576    0.145   0.589   0.073
17.55   7.00    0.576    0.144   0.589   0.072

17.56   0.00    0.072    0.071   0.032   0.036   0.004   0.000   0.000   0.000   0.000   0.000   0.000 1095182000
17.56   3.78   34.924
17.56   7.00    0.264    0.325
17.56   7.00    0.589   39.514
17.56   7.00    0.576    0.145   0.589   0.073
17.56   7.00    0.576    0.144   0.589   0.072

17.57   0.00    0.072    0.071   0.032   0.036   0.004   0.000   0.000   0.000   0.000   0.000   0.000 1095805000
17.57   3.78   34.922
17.57   7.00    0.264    0.325
17.57   7.00    0.589   39.514
17.57   7.00    0.576    0.145   0.589   0.073
17.57   7.00    0.576    0.144   0.589   0.072

17.58   0.00    0.072    0.071   0.032   0.036   0.004   0.000   0.000   0.000   0.000   0.000   0.000 1096429000
17.58   3.77   34.921
17.58   7.00    0.264    0.325
17.58   7.00    0.589   39.514
17.58   7.00    0.576    0.145   0.589   0.073
17.58   7.00    0.576    0.144   0.589   0.072

17.59   0.00    0.072    0.071   0.032   0.036   0.004   0.000   0.000   0.000   0.000   0.000   0.000 1097053000
17.59   3.77   34.920
17.59   7.00    0.264    0.325
17.59   7.00    0.589   39.515
17.59   7.00    0.576    0.145   0.589   0.073
17.59   7.00    0.576    0.144   0.589   0.072

17.60   0.00    0.072    0.071   0.032   0.036   0.004   0.000   0.000   0.000   0.000   0.000   0.000 1097676000
17.60   3.77   34.918
17.60   7.00    0.264    0.325
17.60   7.00    0.589   39.515
17.60   7.00    0.576    0.145   0.589   0.073
17.60   7.00    0.576    0.144   0.589   0.072

17.61   0.00    0.072    0.071   0.032   0.036   0.004   0.000   0.000   0.000   0.000   0.000   0.000 1098300000
17.61   3.77   34.917
17.61   7.00    0.264    0.325
17.61   7.00    0.589   39.515
17.61   7.00    0.575    0.144   0.589   0.073
17.61   7.00    0.576    0.144   0.589   0.072

17.62   0.00    0.072    0.071   0.032   0.036   0.004   0.000   0.000   0.000   0.000   0.000   0.000 1098924000
17.62   3.77   34.915
17.62   7.00    0.264    0.325
17.62   7.00    0.589   39.515
17.62   7.00    0.575    0.144   0.589   0.073
17.62   7.00    0.576    0.143   0.589   0.072

17.63   0.00    0.072    0.071   0.032   0.036   0.004   0.000   0.000   0.000   0.000   0.000   0.000 1099547000
17.63   3.77   34.914
17.63   7.00    0.264    0.325
17.63   7.00    0.589   39.516
17.63   7.00    0.575    0.144   0.589   0.073
17.63   7.00    0.576    0.143   0.589   0.072

17.64   0.00    0.072    0.071   0.032   0.036   0.004   0.000   0.000   0.000   0.000   0.000   0.000 1100171000
17.64   3.77   34.913
17.64   7.00    0.264    0.325
17.64   7.00    0.589   39.516
17.64   7.00    0.575    0.144   0.589   0.073
17.64   7.00    0.575    0.143   0.589   0.072

17.65   0.00    0.072    0.071   0.032   0.036   0.004   0.000   0.000   0.000   0.000   0.000   0.000 1100795000
17.65   3.77   34.911
17.65   7.00    0.264    0.325
17.65   7.00    0.589   39.516
17.65   7.00    0.575    0.144   0.589   0.073
17.65   7.00    0.575    0.143   0.589   0.072

17.66   0.00    0.072    0.071   0.032   0.036   0.004   0.000   0.000   0.000   0.000   0.000   0.000 1101418000
17.66   3.77   34.910
17.66   7.00    0.264    0.325
17.66   7.00    0.589   39.516
17.66   7.00    0.575    0.144   0.589   0.073
17.66   7.00    0.575    0.143   0.589   0.072

17.67   0.00    0.072    0.071   0.032   0.036   0.004   0.000   0.000   0.000   0.000   0.000   0.000 1102042000
17.67   3.77   34.908
17.67   7.00    0.264    0.325
17.67   7.00    0.589   39.517
17.67   7.00    0.575    0.144   0.589   0.073
17.67   7.00    0.575    0.143   0.589   0.072

17.68   0.00    0.072    0.071   0.032   0.036   0.004   0.000   0.000   0.000   0.000   0.000   0.000 1102666000
17.68   3.77   34.907
17.68   7.00    0.264    0.325
17.68   7.00    0.589   39.517
17.68   7.00    0.575    0.144   0.589   0.073
17.68   7.00    0.575    0.143   0.589   0.072

17.69   0.00    0.072    0.071   0.032   0.036   0.004   0.000   0.000   0.000   0.000   0.000   0.000 1103290000
17.69   3.77   34.906
17.69   7.00    0.264    0.325
17.69   7.00    0.588   39.517
17.69   7.00    0.575    0.144   0.588   0.073
17.69   7.00    0.575    0.143   0.588   0.072

17.70   0.00    0.072    0.071   0.032   0.036   0.004   0.000   0.000   0.000   0.000   0.000   0.000 1103913000
17.70   3.77   34.904
17.70   7.00    0.264    0.325
17.70   7.00    0.588   39.518
17.70   7.00    0.575    0.144   0.588   0.073
17.70   7.00    0.575    0.143   0.588   0.072

17.71   0.00    0.072    0.071   0.032   0.036   0.004   0.000   0.000   0.000   0.000   0.000   0.000 1104537000
17.71   3.77   34.903
17.71   7.00    0.264    0.325
17.71   7.00    0.588   39.518
17.71   7.00    0.575    0.144   0.588   0.073
17.71   7.00    0.575    0.143   0.588   0.072

17.72   0.00    0.072    0.071   0.032   0.036   0.004   0.000   0.000   0.000   0.000   0.000   0.000 1105161000
17.72   3.77   34.902
17.72   7.00    0.264    0.325
17.72   7.00    0.588   39.518
17.72   7.00    0.575    0.144   0.588   0.073
17.72   7.00    0.575    0.143   0.588   0.072

17.73   0.00    0.072    0.071   0.032   0.036   0.004   0.000   0.000   0.000   0.000   0.000   0.000 1105784000
17.73   3.77   34.900
17.73   7.00    0.264    0.325
17.73   7.00    0.588   39.518
17.73   7.00    0.575    0.144   0.588   0.073
17.73   7.00    0.575    0.143   0.588   0.072

17.74   0.00    0.072    0.071   0.032   0.036   0.004   0.000   0.000   0.000   0.000   0.000   0.000 1106408000
17.74   3.77   34.899
17.74   7.00    0.264    0.325
17.74   7.00    0.588   39.519
17.74   7.00    0.575    0.144   0.588   0.073
17.74   7.00    0.575    0.143   0.588   0.072

17.75   0.00    0.072    0.071   0.032   0.036   0.004   0.000   0.000   0.000   0.000   0.000   0.000 1107032000
17.75   3.77   34.897
17.75   7.00    0.264    0.325
17.75   7.00    0.588   39.519
17.75   7.00    0.575    0.144   0.588   0.073
17.75   7.00    0.575    0.143   0.588   0.072

17.76   0.00    0.072    0.071   0.032   0.036   0.004   0.000   0.000   0.000   0.000   0.000   0.000 1107655000
17.76   3.76   34.896
17.76   7.00    0.264    0.325
17.76   7.00    0.588   39.519
17.76   7.00    0.575    0.144   0.588   0.073
17.76   7.00    0.575    0.143   0.588   0.072

17.77   0.00    0.072    0.071   0.032   0.036   0.004   0.000   0.000   0.000   0.000   0.000   0.000 1108279000
17.77   3.76   34.895
17.77   7.00    0.264    0.325
17.77   7.00    0.588   39.519
17.77   7.00    0.575    0.144   0.588   0.073
17.77   7.00    0.575    0.143   0.588   0.072

17.78   0.00    0.072    0.071   0.032   0.036   0.004   0.000   0.000   0.000   0.000   0.000   0.000 1108903000
17.78   3.76   34.893
17.78   7.00    0.264    0.325
17.78   7.00    0.588   39.520
17.78   7.00    0.575    0.144   0.588   0.073
17.78   7.00    0.575    0.143   0.588   0.072

17.79   0.00    0.072    0.071   0.032   0.036   0.004   0.000   0.000   0.000   0.000   0.000   0.000 1109526000
17.79   3.76   34.892
17.79   7.00    0.264    0.325
17.79   7.00    0.588   39.520
17.79   7.00    0.575    0.144   0.588   0.073
17.79   7.00    0.575    0.143   0.588   0.072

17.80   0.00    0.072    0.071   0.032   0.036   0.004   0.000   0.000   0.000   0.000   0.000   0.000 1110150000
17.80   3.76   34.891
17.80   7.00    0.263    0.325
17.80   7.00    0.588   39.520
17.80   7.00    0.575    0.144   0.588   0.073
17.80   7.00    0.575    0.143   0.588   0.072

17.81   0.00    0.072    0.071   0.032   0.036   0.004   0.000   0.000   0.000   0.000   0.000   0.000 1110774000
17.81   3.76   34.889
17.81   7.00    0.263    0.325
17.81   7.00    0.588   39.520
17.81   7.00    0.575    0.144   0.588   0.073
17.81   7.00    0.575    0.143   0.588   0.072

17.82   0.00    0.072    0.071   0.032   0.036   0.004   0.000   0.000   0.000   0.000   0.000   0.000 1111397000
17.82   3.76   34.888
17.82   7.00    0.263    0.325
17.82   7.00    0.588   39.521
17.82   7.00    0.575    0.144   0.588   0.073
17.82   7.00    0.575    0.143   0.588   0.072

17.83   0.00    0.072    0.071   0.032   0.036   0.004   0.000   0.000   0.000   0.000   0.000   0.000 1112021000
17.83   3.76   34.887
17.83   7.00    0.263    0.325
17.83   7.00    0.588   39.521
17.83   7.00    0.575    0.144   0.588   0.073
17.83   7.00    0.575    0.143   0.588   0.072

17.84   0.00    0.072    0.071   0.032   0.036   0.004   0.000   0.000   0.000   0.000   0.000   0.000 1112645000
17.84   3.76   34.885
17.84   7.00    0.263    0.325
17.84   7.00    0.588   39.521
17.84   7.00    0.575    0.144   0.588   0.073
17.84   7.00    0.575    0.143   0.588   0.072

17.85   0.00    0.072    0.071   0.032   0.036   0.004   0.000   0.000   0.000   0.000   0.000   0.000 1113268000
17.85   3.76   34.884
17.85   7.00    0.263    0.325
17.85   7.00    0.588   39.521
17.85   7.00    0.575    0.144   0.588   0.073
17.85   7.00    0.575    0.143   0.588   0.072

17.86   0.00    0.072    0.071   0.032   0.036   0.004   0.000   0.000   0.000   0.000   0.000   0.000 1113892000
17.86   3.76   34.883
17.86   7.00    0.263    0.325
17.86   7.00    0.588   39.522
17.86   7.00    0.574    0.144   0.588   0.073
17.86   7.00    0.575    0.143   0.588   0.072

17.87   0.00    0.072    0.071   0.032   0.036   0.004   0.000   0.000   0.000   0.000   0.000   0.000 1114516000
17.87   3.76   34.881
17.87   7.00    0.263    0.325
17.87   7.00    0.588   39.522
17.87   7.00    0.574    0.144   0.588   0.073
17.87   7.00    0.575    0.143   0.588   0.072

17.88   0.00    0.072    0.071   0.032   0.036   0.004   0.000   0.000   0.000   0.000   0.000   0.000 1115139000
17.88   3.76   34.880
17.88   7.00    0.263    0.325
17.88   7.00    0.588   39.522
17.88   7.00    0.574    0.144   0.588   0.073
17.88   7.00    0.575    0.143   0.588   0.072

17.89   0.00    0.072    0.071   0.032   0.036   0.004   0.000   0.000   0.000   0.000   0.000   0.000 1115763000
17.89   3.76   34.879
17.89   7.00    0.263    0.325
17.89   7.00    0.588   39.523
17.89   7.00    0.574    0.144   0.588   0.073
17.89   7.00    0.574    0.143   0.588   0.072

17.90   0.00    0.072    0.071   0.032   0.036   0.004   0.000   0.000   0.000   0.000   0.000   0.000 1116387000
17.90   3.76   34.877
17.90   7.00    0.263    0.325
17.90   7.00    0.588   39.523
17.90   7.00    0.574    0.144   0.588   0.073
17.90   7.00    0.574    0.143   0.588   0.072

17.91   0.00    0.072    0.071   0.032   0.036   0.004   0.000   0.000   0.000   0.000   0.000   0.000 1117011000
17.91   3.76   34.876
17.91   7.00    0.263    0.325
17.91   7.00    0.588   39.523
17.91   7.00    0.574    0.144   0.588   0.073
17.91   7.00    0.574    0.143   0.588   0.072

17.92   0.00    0.072    0.071   0.032   0.036   0.004   0.000   0.000   0.000   0.000   0.000   0.000 1117634000
17.92   3.76   34.875
17.92   7.00    0.263    0.325
17.92   7.00    0.588   39.523
17.92   7.00    0.574    0.144   0.588   0.073
17.92   7.00    0.574    0.143   0.588   0.072

17.93   0.00    0.072    0.071   0.032   0.036   0.004   0.000   0.000   0.000   0.000   0.000   0.000 1118258000
17.93   3.76   34.873
17.93   7.00    0.263    0.325
17.93   7.00    0.588   39.524
17.93   7.00    0.574    0.144   0.588   0.073
17.93   7.00    0.574    0.143   0.588   0.072

17.94   0.00    0.072    0.071   0.032   0.036   0.004   0.000   0.000   0.000   0.000   0.000   0.000 1118882000
17.94   3.75   34.872
17.94   7.00    0.263    0.325
17.94   7.00    0.587   39.524
17.94   7.00    0.574    0.144   0.587   0.073
17.94   7.00    0.574    0.143   0.587   0.072

17.95   0.00    0.072    0.071   0.032   0.036   0.004   0.000   0.000   0.000   0.000   0.000   0.000 1119505000
17.95   3.75   34.871
17.95   7.00    0.263    0.325
17.95   7.00    0.587   39.524
17.95   7.00    0.574    0.144   0.587   0.073
17.95   7.00    0.574    0.143   0.587   0.072

17.96   0.00    0.072    0.071   0.032   0.036   0.004   0.000   0.000   0.000   0.000   0.000   0.000 1120129000
17.96   3.75   34.869
17.96   7.00    0.263    0.325
17.96   7.00    0.587   39.524
17.96   7.00    0.574    0.144   0.587   0.073
17.96   7.00    0.574    0.143   0.587   0.072

17.97   0.00    0.072    0.071   0.032   0.036   0.004   0.000   0.000   0.000   0.000   0.000   0.000 1120753000
17.97   3.75   34.868
17.97   7.00    0.263    0.325
17.97   7.00    0.587   39.525
17.97   7.00    0.574    0.144   0.587   0.073
17.97   7.00    0.574    0.143   0.587   0.072

17.98   0.00    0.072    0.071   0.032   0.036   0.004   0.000   0.000   0.000   0.000   0.000   0.000 1121376000
17.98   3.75   34.867
17.98   7.00    0.263    0.325
17.98   7.00    0.587   39.525
17.98   7.00    0.574    0.144   0.587   0.073
17.98   7.00    0.574    0.143   0.587   0.072

17.99   0.00    0.072    0.071   0.032   0.036   0.004   0.000   0.000   0.000   0.000   0.000   0.000 1122000000
17.99   3.75   34.865
17.99   7.00    0.263    0.325
17.99   7.00    0.587   39.525
17.99   7.00    0.574    0.144   0.587   0.073
17.99   7.00    0.574    0.143   0.587   0.072

18.00   0.00    0.072    0.071   0.032   0.036   0.004   0.000   0.000   0.000   0.000   0.000   0.000 1122624000
18.00   3.75   34.864
18.00   7.00    0.263    0.325
18.00   7.00    0.587   39.525
18.00   7.00    0.574    0.144   0.587   0.073
18.00   7.00    0.574    0.143   0.587   0.072

18.01   0.00    0.072    0.071   0.032   0.036   0.004   0.000   0.000   0.000   0.000   0.000   0.000 1123247000
18.01   3.75   34.863
18.01   7.00    0.263    0.325
18.01   7.00    0.587   39.526
18.01   7.00    0.574    0.144   0.587   0.073
18.01   7.00    0.574    0.143   0.587   0.072

18.02   0.00    0.072    0.071   0.032   0.036   0.004   0.000   0.000   0.000   0.000   0.000   0.000 1123871000
18.02   3.75   34.861
18.02   7.00    0.263    0.325
18.02   7.00    0.587   39.526
18.02   7.00    0.574    0.144   0.587   0.073
18.02   7.00    0.574    0.143   0.587   0.072

18.03   0.00    0.072    0.071   0.032   0.036   0.004   0.000   0.000   0.000   0.000   0.000   0.000 1124495000
18.03   3.75   34.860
18.03   7.00    0.263    0.325
18.03   7.00    0.587   39.526
18.03   7.00    0.574    0.144   0.587   0.073
18.03   7.00    0.574    0.143   0.587   0.072

18.04   0.00    0.072    0.071   0.032   0.036   0.004   0.000   0.000   0.000   0.000   0.000   0.000 1125118000
18.04   3.75   34.859
18.04   7.00    0.263    0.325
18.04   7.00    0.587   39.526
18.04   7.00    0.574    0.144   0.587   0.073
18.04   7.00    0.574    0.143   0.587   0.072

18.05   0.00    0.072    0.071   0.032   0.036   0.004   0.000   0.000   0.000   0.000   0.000   0.000 1125742000
18.05   3.75   34.858
18.05   7.00    0.262    0.325
18.05   7.00    0.587   39.527
18.05   7.00    0.574    0.144   0.587   0.073
18.05   7.00    0.574    0.143   0.587   0.072

18.06   0.00    0.072    0.071   0.032   0.036   0.004   0.000   0.000   0.000   0.000   0.000   0.000 1126366000
18.06   3.75   34.856
18.06   7.00    0.262    0.325
18.06   7.00    0.587   39.527
18.06   7.00    0.574    0.144   0.587   0.073
18.06   7.00    0.574    0.143   0.587   0.072

18.07   0.00    0.072    0.071   0.032   0.036   0.004   0.000   0.000   0.000   0.000   0.000   0.000 1126989000
18.07   3.75   34.855
18.07   7.00    0.262    0.325
18.07   7.00    0.587   39.527
18.07   7.00    0.574    0.144   0.587   0.073
18.07   7.00    0.574    0.143   0.587   0.072

18.08   0.00    0.072    0.071   0.032   0.036   0.004   0.000   0.000   0.000   0.000   0.000   0.000 1127613000
18.08   3.75   34.854
18.08   7.00    0.262    0.325
18.08   7.00    0.587   39.527
18.08   7.00    0.574    0.144   0.587   0.073
18.08   7.00    0.574    0.143   0.587   0.072

18.09   0.00    0.072    0.071   0.032   0.036   0.004   0.000   0.000   0.000   0.000   0.000   0.000 1128237000
18.09   3.75   34.852
18.09   7.00    0.262    0.325
18.09   7.00    0.587   39.528
18.09   7.00    0.574    0.144   0.587   0.073
18.09   7.00    0.574    0.143   0.587   0.072

18.10   0.00    0.072    0.071   0.032   0.036   0.004   0.000   0.000   0.000   0.000   0.000   0.000 1128860000
18.10   3.75   34.851
18.10   7.00    0.262    0.325
18.10   7.00    0.587   39.528
18.10   7.00    0.574    0.144   0.587   0.073
18.10   7.00    0.574    0.143   0.587   0.072

18.11   0.00    0.072    0.071   0.032   0.036   0.004   0.000   0.000   0.000   0.000   0.000   0.000 1129484000
18.11   3.75   34.850
18.11   7.00    0.262    0.325
18.11   7.00    0.587   39.528
18.11   7.00    0.574    0.144   0.587   0.073
18.11   7.00    0.574    0.143   0.587   0.072

18.12   0.00    0.072    0.071   0.032   0.036   0.004   0.000   0.000   0.000   0.000   0.000   0.000 1130108000
18.12   3.75   34.849
18.12   7.00    0.262    0.325
18.12   7.00    0.587   39.529
18.12   7.00    0.573    0.144   0.587   0.073
18.12   7.00    0.574    0.143   0.587   0.072

18.13   0.00    0.072    0.071   0.032   0.036   0.004   0.000   0.000   0.000   0.000   0.000   0.000 1130731000
18.13   3.74   34.847
18.13   7.00    0.262    0.325
18.13   7.00    0.587   39.529
18.13   7.00    0.573    0.144   0.587   0.073
18.13   7.00    0.574    0.143   0.587   0.072

18.14   0.00    0.072    0.071   0.032   0.036   0.004   0.000   0.000   0.000   0.000   0.000   0.000 1131355000
18.14   3.74   34.846
18.14   7.00    0.262    0.325
18.14   7.00    0.587   39.529
18.14   7.00    0.573    0.144   0.587   0.073
18.14   7.00    0.574    0.143   0.587   0.072

18.15   0.00    0.072    0.071   0.032   0.036   0.004   0.000   0.000   0.000   0.000   0.000   0.000 1131979000
18.15   3.74   34.845
18.15   7.00    0.262    0.325
18.15   7.00    0.587   39.529
18.15   7.00    0.573    0.144   0.587   0.073
18.15   7.00    0.573    0.143   0.587   0.072

18.16   0.00    0.072    0.071   0.032   0.036   0.004   0.000   0.000   0.000   0.000   0.000   0.000 1132602000
18.16   3.74   34.844
18.16   7.00    0.262    0.325
18.16   7.00    0.587   39.530
18.16   7.00    0.573    0.144   0.587   0.073
18.16   7.00    0.573    0.143   0.587   0.072

18.17   0.00    0.072    0.071   0.032   0.036   0.004   0.000   0.000   0.000   0.000   0.000   0.000 1133226000
18.17   3.74   34.842
18.17   7.00    0.262    0.325
18.17   7.00    0.587   39.530
18.17   7.00    0.573    0.144   0.587   0.073
18.17   7.00    0.573    0.143   0.587   0.072

18.18   0.00    0.072    0.071   0.032   0.036   0.004   0.000   0.000   0.000   0.000   0.000   0.000 1133850000
18.18   3.74   34.841
18.18   7.00    0.262    0.325
18.18   7.00    0.587   39.530
18.18   7.00    0.573    0.144   0.587   0.073
18.18   7.00    0.573    0.143   0.587   0.072

18.19   0.00    0.072    0.071   0.032   0.036   0.004   0.000   0.000   0.000   0.000   0.000   0.000 1134474000
18.19   3.74   34.840
18.19   7.00    0.262    0.325
18.19   7.00    0.586   39.530
18.19   7.00    0.573    0.144   0.586   0.073
18.19   7.00    0.573    0.143   0.586   0.072

18.20   0.00    0.072    0.071   0.032   0.036   0.004   0.000   0.000   0.000   0.000   0.000   0.000 1135097000
18.20   3.74   34.838
18.20   7.00    0.262    0.325
18.20   7.00    0.586   39.531
18.20   7.00    0.573    0.144   0.586   0.073
18.20   7.00    0.573    0.143   0.586   0.072

18.21   0.00    0.072    0.071   0.032   0.036   0.004   0.000   0.000   0.000   0.000   0.000   0.000 1135721000
18.21   3.74   34.837
18.21   7.00    0.262    0.325
18.21   7.00    0.586   39.531
18.21   7.00    0.573    0.144   0.586   0.073
18.21   7.00    0.573    0.143   0.586   0.072

18.22   0.00    0.072    0.071   0.032   0.036   0.004   0.000   0.000   0.000   0.000   0.000   0.000 1136345000
18.22   3.74   34.836
18.22   7.00    0.262    0.325
18.22   7.00    0.586   39.531
18.22   7.00    0.573    0.144   0.586   0.073
18.22   7.00    0.573    0.143   0.586   0.072

18.23   0.00    0.072    0.071   0.032   0.036   0.004   0.000   0.000   0.000   0.000   0.000   0.000 1136968000
18.23   3.74   34.835
18.23   7.00    0.262    0.325
18.23   7.00    0.586   39.531
18.23   7.00    0.573    0.144   0.586   0.073
18.23   7.00    0.573    0.143   0.586   0.072

18.24   0.00    0.072    0.071   0.032   0.036   0.004   0.000   0.000   0.000   0.000   0.000   0.000 1137592000
18.24   3.74   34.833
18.24   7.00    0.262    0.325
18.24   7.00    0.586   39.532
18.24   7.00    0.573    0.144   0.586   0.073
18.24   7.00    0.573    0.143   0.586   0.072

18.25   0.00    0.072    0.071   0.032   0.036   0.004   0.000   0.000   0.000   0.000   0.000   0.000 1138216000
18.25   3.74   34.832
18.25   7.00    0.262    0.325
18.25   7.00    0.586   39.532
18.25   7.00    0.573    0.144   0.586   0.073
18.25   7.00    0.573    0.143   0.586   0.072

18.26   0.00    0.072    0.071   0.032   0.036   0.004   0.000   0.000   0.000   0.000   0.000   0.000 1138839000
18.26   3.74   34.831
18.26   7.00    0.262    0.325
18.26   7.00    0.586   39.532
18.26   7.00    0.573    0.144   0.586   0.073
18.26   7.00    0.573    0.143   0.586   0.072

18.27   0.00    0.072    0.071   0.032   0.036   0.004   0.000   0.000   0.000   0.000   0.000   0.000 1139463000
18.27   3.74   34.830
18.27   7.00    0.262    0.325
18.27   7.00    0.586   39.532
18.27   7.00    0.573    0.144   0.586   0.073
18.27   7.00    0.573    0.143   0.586   0.072

18.28   0.00    0.072    0.071   0.032   0.036   0.004   0.000   0.000   0.000   0.000   0.000   0.000 1140087000
18.28   3.74   34.828
18.28   7.00    0.262    0.325
18.28   7.00    0.586   39.533
18.28   7.00    0.573    0.144   0.586   0.073
18.28   7.00    0.573    0.143   0.586   0.072

18.29   0.00    0.072    0.071   0.032   0.036   0.004   0.000   0.000   0.000   0.000   0.000   0.000 1140710000
18.29   3.74   34.827
18.29   7.00    0.262    0.325
18.29   7.00    0.586   39.533
18.29   7.00    0.573    0.144   0.586   0.073
18.29   7.00    0.573    0.143   0.586   0.072

18.30   0.00    0.072    0.071   0.032   0.036   0.004   0.000   0.000   0.000   0.000   0.000   0.000 1141334000
18.30   3.74   34.826
18.30   7.00    0.262    0.325
18.30   7.00    0.586   39.533
18.30   7.00    0.573    0.144   0.586   0.073
18.30   7.00    0.573    0.143   0.586   0.072

18.31   0.00    0.072    0.071   0.032   0.036   0.004   0.000   0.000   0.000   0.000   0.000   0.000 1141958000
18.31   3.74   34.825
18.31   7.00    0.261    0.325
18.31   7.00    0.586   39.533
18.31   7.00    0.573    0.144   0.586   0.073
18.31   7.00    0.573    0.143   0.586   0.072

18.32   0.00    0.072    0.071   0.032   0.036   0.004   0.000   0.000   0.000   0.000   0.000   0.000 1142581000
18.32   3.73   34.824
18.32   7.00    0.261    0.325
18.32   7.00    0.586   39.534
18.32   7.00    0.573    0.144   0.586   0.073
18.32   7.00    0.573    0.143   0.586   0.072

18.33   0.00    0.072    0.071   0.032   0.036   0.004   0.000   0.000   0.000   0.000   0.000   0.000 1143205000
18.33   3.73   34.822
18.33   7.00    0.261    0.325
18.33   7.00    0.586   39.534
18.33   7.00    0.573    0.144   0.586   0.073
18.33   7.00    0.573    0.143   0.586   0.072

18.34   0.00    0.072    0.071   0.032   0.036   0.004   0.000   0.000   0.000   0.000   0.000   0.000 1143829000
18.34   3.73   34.821
18.34   7.00    0.261    0.325
18.34   7.00    0.586   39.534
18.34   7.00    0.573    0.144   0.586   0.073
18.34   7.00    0.573    0.143   0.586   0.072

18.35   0.00    0.072    0.071   0.032   0.036   0.004   0.000   0.000   0.000   0.000   0.000   0.000 1144452000
18.35   3.73   34.820
18.35   7.00    0.261    0.325
18.35   7.00    0.586   39.535
18.35   7.00    0.573    0.144   0.586   0.073
18.35   7.00    0.573    0.143   0.586   0.072

18.36   0.00    0.072    0.071   0.032   0.036   0.004   0.000   0.000   0.000   0.000   0.000   0.000 1145076000
18.36   3.73   34.819
18.36   7.00    0.261    0.325
18.36   7.00    0.586   39.535
18.36   7.00    0.573    0.144   0.586   0.073
18.36   7.00    0.573    0.143   0.586   0.072

18.37   0.00    0.072    0.071   0.032   0.036   0.004   0.000   0.000   0.000   0.000   0.000   0.000 1145700000
18.37   3.73   34.817
18.37   7.00    0.261    0.325
18.37   7.00    0.586   39.535
18.37   7.00    0.573    0.144   0.586   0.073
18.37   7.00    0.573    0.143   0.586   0.072

18.38   0.00    0.072    0.071   0.032   0.036   0.004   0.000   0.000   0.000   0.000   0.000   0.000 1146323000
18.38   3.73   34.816
18.38   7.00    0.261    0.325
18.38   7.00    0.586   39.535
18.38   7.00    0.573    0.144   0.586   0.073
18.38   7.00    0.573    0.143   0.586   0.072

18.39   0.00    0.072    0.071   0.032   0.036   0.004   0.000   0.000   0.000   0.000   0.000   0.000 1146947000
18.39   3.73   34.815
18.39   7.00    0.261    0.325
18.39   7.00    0.586   39.536
18.39   7.00    0.572    0.144   0.586   0.073
18.39   7.00    0.573    0.143   0.586   0.072

18.40   0.00    0.072    0.071   0.032   0.036   0.004   0.000   0.000   0.000   0.000   0.000   0.000 1147571000
18.40   3.73   34.814
18.40   7.00    0.261    0.325
18.40   7.00    0.586   39.536
18.40   7.00    0.572    0.144   0.586   0.073
18.40   7.00    0.573    0.143   0.586   0.072

18.41   0.00    0.072    0.071   0.032   0.036   0.004   0.000   0.000   0.000   0.000   0.000   0.000 1148195000
18.41   3.73   34.813
18.41   7.00    0.261    0.325
18.41   7.00    0.586   39.536
18.41   7.00    0.572    0.144   0.586   0.073
18.41   7.00    0.573    0.143   0.586   0.072

18.42   0.00    0.072    0.071   0.032   0.036   0.004   0.000   0.000   0.000   0.000   0.000   0.000 1148818000
18.42   3.73   34.811
18.42   7.00    0.261    0.325
18.42   7.00    0.586   39.536
18.42   7.00    0.572    0.144   0.586   0.073
18.42   7.00    0.572    0.143   0.586   0.072

18.43   0.00    0.072    0.071   0.032   0.036   0.004   0.000   0.000   0.000   0.000   0.000   0.000 1149442000
18.43   3.73   34.810
18.43   7.00    0.261    0.325
18.43   7.00    0.586   39.537
18.43   7.00    0.572    0.144   0.586   0.073
18.43   7.00    0.572    0.143   0.586   0.072

18.44   0.00    0.072    0.071   0.032   0.036   0.004   0.000   0.000   0.000   0.000   0.000   0.000 1150066000
18.44   3.73   34.809
18.44   7.00    0.261    0.325
18.44   7.00    0.586   39.537
18.44   7.00    0.572    0.144   0.586   0.073
18.44   7.00    0.572    0.143   0.586   0.072

18.45   0.00    0.072    0.071   0.032   0.036   0.004   0.000   0.000   0.000   0.000   0.000   0.000 1150689000
18.45   3.73   34.808
18.45   7.00    0.261    0.325
18.45   7.00    0.586   39.537
18.45   7.00    0.572    0.144   0.586   0.073
18.45   7.00    0.572    0.143   0.586   0.072

18.46   0.00    0.072    0.071   0.032   0.036   0.004   0.000   0.000   0.000   0.000   0.000   0.000 1151313000
18.46   3.73   34.807
18.46   7.00    0.261    0.325
18.46   7.00    0.585   39.537
18.46   7.00    0.572    0.144   0.585   0.073
18.46   7.00    0.572    0.143   0.585   0.072

18.47   0.00    0.072    0.071   0.032   0.036   0.004   0.000   0.000   0.000   0.000   0.000   0.000 1151937000
18.47   3.73   34.805
18.47   7.00    0.261    0.325
18.47   7.00    0.585   39.538
18.47   7.00    0.572    0.144   0.585   0.073
18.47   7.00    0.572    0.143   0.585   0.072

18.48   0.00    0.072    0.071   0.032   0.036   0.004   0.000   0.000   0.000   0.000   0.000   0.000 1152560000
18.48   3.73   34.804
18.48   7.00    0.261    0.325
18.48   7.00    0.585   39.538
18.48   7.00    0.572    0.144   0.585   0.073
18.48   7.00    0.572    0.143   0.585   0.072

18.49   0.00    0.072    0.071   0.032   0.036   0.004   0.000   0.000   0.000   0.000   0.000   0.000 1153184000
18.49   3.73   34.803
18.49   7.00    0.261    0.325
18.49   7.00    0.585   39.538
18.49   7.00    0.572    0.144   0.585   0.073
18.49   7.00    0.572    0.143   0.585   0.072

18.50   0.00    0.072    0.071   0.032   0.036   0.004   0.000   0.000   0.000   0.000   0.000   0.000 1153808000
18.50   3.73   34.802
18.50   7.00    0.261    0.325
18.50   7.00    0.585   39.538
18.50   7.00    0.572    0.144   0.585   0.073
18.50   7.00    0.572    0.143   0.585   0.072

18.51   0.00    0.072    0.071   0.032   0.036   0.004   0.000   0.000   0.000   0.000   0.000   0.000 1154431000
18.51   3.72   34.801
18.51   7.00    0.261    0.325
18.51   7.00    0.585   39.539
18.51   7.00    0.572    0.144   0.585   0.073
18.51   7.00    0.572    0.143   0.585   0.072

18.52   0.00    0.072    0.071   0.032   0.036   0.004   0.000   0.000   0.000   0.000   0.000   0.000 1155055000
18.52   3.72   34.799
18.52   7.00    0.261    0.325
18.52   7.00    0.585   39.539
18.52   7.00    0.572    0.144   0.585   0.073
18.52   7.00    0.572    0.143   0.585   0.072

18.53   0.00    0.072    0.071   0.032   0.036   0.004   0.000   0.000   0.000   0.000   0.000   0.000 1155679000
18.53   3.72   34.798
18.53   7.00    0.261    0.325
18.53   7.00    0.585   39.539
18.53   7.00    0.572    0.144   0.585   0.073
18.53   7.00    0.572    0.143   0.585   0.072

18.54   0.00    0.072    0.071   0.032   0.036   0.004   0.000   0.000   0.000   0.000   0.000   0.000 1156302000
18.54   3.72   34.797
18.54   7.00    0.261    0.325
18.54   7.00    0.585   39.539
18.54   7.00    0.572    0.144   0.585   0.073
18.54   7.00    0.572    0.143   0.585   0.072

18.55   0.00    0.072    0.071   0.032   0.036   0.004   0.000   0.000   0.000   0.000   0.000   0.000 1156926000
18.55   3.72   34.796
18.55   7.00    0.261    0.325
18.55   7.00    0.585   39.540
18.55   7.00    0.572    0.144   0.585   0.073
18.55   7.00    0.572    0.143   0.585   0.072

18.56   0.00    0.072    0.071   0.032   0.036   0.004   0.000   0.000   0.000   0.000   0.000   0.000 1157550000
18.56   3.72   34.795
18.56   7.00    0.261    0.325
18.56   7.00    0.585   39.540
18.56   7.00    0.572    0.144   0.585   0.073
18.56   7.00    0.572    0.143   0.585   0.072

18.57   0.00    0.072    0.071   0.032   0.036   0.004   0.000   0.000   0.000   0.000   0.000   0.000 1158173000
18.57   3.72   34.793
18.57   7.00    0.261    0.325
18.57   7.00    0.585   39.540
18.57   7.00    0.572    0.144   0.585   0.073
18.57   7.00    0.572    0.143   0.585   0.072

18.58   0.00    0.072    0.071   0.032   0.036   0.004   0.000   0.000   0.000   0.000   0.000   0.000 1158797000
18.58   3.72   34.792
18.58   7.00    0.260    0.325
18.58   7.00    0.585   39.540
18.58   7.00    0.572    0.144   0.585   0.073
18.58   7.00    0.572    0.143   0.585   0.072

18.59   0.00    0.072    0.071   0.032   0.036   0.004   0.000   0.000   0.000   0.000   0.000   0.000 1159421000
18.59   3.72   34.791
18.59   7.00    0.260    0.325
18.59   7.00    0.585   39.541
18.59   7.00    0.572    0.144   0.585   0.073
18.59   7.00    0.572    0.143   0.585   0.072

18.60   0.00    0.072    0.071   0.032   0.036   0.004   0.000   0.000   0.000   0.000   0.000   0.000 1160044000
18.60   3.72   34.790
18.60   7.00    0.260    0.325
18.60   7.00    0.585   39.541
18.60   7.00    0.572    0.144   0.585   0.073
18.60   7.00    0.572    0.143   0.585   0.072

18.61   0.00    0.072    0.071   0.032   0.036   0.004   0.000   0.000   0.000   0.000   0.000   0.000 1160668000
18.61   3.72   34.789
18.61   7.00    0.260    0.325
18.61   7.00    0.585   39.541
18.61   7.00    0.572    0.144   0.585   0.073
18.61   7.00    0.572    0.143   0.585   0.072

18.62   0.00    0.072    0.071   0.032   0.036   0.004   0.000   0.000   0.000   0.000   0.000   0.000 1161292000
18.62   3.72   34.788
18.62   7.00    0.260    0.325
18.62   7.00    0.585   39.542
18.62   7.00    0.572    0.144   0.585   0.073
18.62   7.00    0.572    0.143   0.585   0.072

18.63   0.00    0.072    0.071   0.032   0.036   0.004   0.000   0.000   0.000   0.000   0.000   0.000 1161915000
18.63   3.72   34.786
18.63   7.00    0.260    0.325
18.63   7.00    0.585   39.542
18.63   7.00    0.572    0.144   0.585   0.073
18.63   7.00    0.572    0.143   0.585   0.072

18.64   0.00    0.072    0.071   0.032   0.036   0.004   0.000   0.000   0.000   0.000   0.000   0.000 1162539000
18.64   3.72   34.785
18.64   7.00    0.260    0.325
18.64   7.00    0.585   39.542
18.64   7.00    0.572    0.144   0.585   0.073
18.64   7.00    0.572    0.143   0.585   0.072

18.65   0.00    0.072    0.071   0.032   0.036   0.004   0.000   0.000   0.000   0.000   0.000   0.000 1163163000
18.65   3.72   34.784
18.65   7.00    0.260    0.325
18.65   7.00    0.585   39.542
18.65   7.00    0.572    0.144   0.585   0.073
18.65   7.00    0.572    0.143   0.585   0.072

18.66   0.00    0.072    0.071   0.032   0.036   0.004   0.000   0.000   0.000   0.000   0.000   0.000 1163786000
18.66   3.72   34.783
18.66   7.00    0.260    0.325
18.66   7.00    0.585   39.543
18.66   7.00    0.572    0.144   0.585   0.073
18.66   7.00    0.572    0.143   0.585   0.072

18.67   0.00    0.072    0.071   0.032   0.036   0.004   0.000   0.000   0.000   0.000   0.000   0.000 1164410000
18.67   3.72   34.782
18.67   7.00    0.260    0.325
18.67   7.00    0.585   39.543
18.67   7.00    0.571    0.144   0.585   0.073
18.67   7.00    0.572    0.143   0.585   0.072

18.68   0.00    0.072    0.071   0.032   0.036   0.004   0.000   0.000   0.000   0.000   0.000   0.000 1165034000
18.68   3.72   34.781
18.68   7.00    0.260    0.325
18.68   7.00    0.585   39.543
18.68   7.00    0.571    0.144   0.585   0.073
18.68   7.00    0.572    0.143   0.585   0.072

18.69   0.00    0.072    0.071   0.032   0.036   0.004   0.000   0.000   0.000   0.000   0.000   0.000 1165658000
18.69   3.72   34.779
18.69   7.00    0.260    0.325
18.69   7.00    0.585   39.543
18.69   7.00    0.571    0.144   0.585   0.073
18.69   7.00    0.572    0.143   0.585   0.072

18.70   0.00    0.072    0.071   0.032   0.036   0.004   0.000   0.000   0.000   0.000   0.000   0.000 1166281000
18.70   3.72   34.778
18.70   7.00    0.260    0.325
18.70   7.00    0.585   39.544
18.70   7.00    0.571    0.143   0.585   0.073
18.70   7.00    0.571    0.143   0.585   0.072

18.71   0.00    0.072    0.071   0.032   0.036   0.004   0.000   0.000   0.000   0.000   0.000   0.000 1166905000
18.71   3.71   34.777
18.71   7.00    0.260    0.325
18.71   7.00    0.585   39.544
18.71   7.00    0.571    0.143   0.585   0.073
18.71   7.00    0.571    0.143   0.585   0.072

18.72   0.00    0.072    0.071   0.032   0.036   0.004   0.000   0.000   0.000   0.000   0.000   0.000 1167529000
18.72   3.71   34.776
18.72   7.00    0.260    0.325
18.72   7.00    0.585   39.544
18.72   7.00    0.571    0.143   0.585   0.073
18.72   7.00    0.571    0.143   0.585   0.072

18.73   0.00    0.072    0.071   0.032   0.036   0.004   0.000   0.000   0.000   0.000   0.000   0.000 1168152000
18.73   3.71   34.775
18.73   7.00    0.260    0.325
18.73   7.00    0.584   39.544
18.73   7.00    0.571    0.143   0.584   0.073
18.73   7.00    0.571    0.143   0.584   0.072

18.74   0.00    0.072    0.071   0.032   0.036   0.004   0.000   0.000   0.000   0.000   0.000   0.000 1168776000
18.74   3.71   34.774
18.74   7.00    0.260    0.325
18.74   7.00    0.584   39.545
18.74   7.00    0.571    0.143   0.584   0.073
18.74   7.00    0.571    0.143   0.584   0.072

18.75   0.00    0.072    0.071   0.032   0.036   0.004   0.000   0.000   0.000   0.000   0.000   0.000 1169400000
18.75   3.71   34.773
18.75   7.00    0.260    0.325
18.75   7.00    0.584   39.545
18.75   7.00    0.571    0.143   0.584   0.073
18.75   7.00    0.571    0.143   0.584   0.072

18.76   0.00    0.072    0.071   0.032   0.036   0.004   0.000   0.000   0.000   0.000   0.000   0.000 1170023000
18.76   3.71   34.771
18.76   7.00    0.260    0.325
18.76   7.00    0.584   39.545
18.76   7.00    0.571    0.143   0.584   0.073
18.76   7.00    0.571    0.143   0.584   0.072

18.77   0.00    0.072    0.071   0.032   0.036   0.004   0.000   0.000   0.000   0.000   0.000   0.000 1170647000
18.77   3.71   34.770
18.77   7.00    0.260    0.325
18.77   7.00    0.584   39.545
18.77   7.00    0.571    0.143   0.584   0.073
18.77   7.00    0.571    0.143   0.584   0.072

18.78   0.00    0.072    0.071   0.032   0.036   0.004   0.000   0.000   0.000   0.000   0.000   0.000 1171271000
18.78   3.71   34.769
18.78   7.00    0.260    0.325
18.78   7.00    0.584   39.546
18.78   7.00    0.571    0.143   0.584   0.073
18.78   7.00    0.571    0.143   0.584   0.072

18.79   0.00    0.072    0.071   0.032   0.036   0.004   0.000   0.000   0.000   0.000   0.000   0.000 1171894000
18.79   3.71   34.768
18.79   7.00    0.260    0.325
18.79   7.00    0.584   39.546
18.79   7.00    0.571    0.143   0.584   0.073
18.79   7.00    0.571    0.143   0.584   0.072

18.80   0.00    0.072    0.071   0.032   0.036   0.004   0.000   0.000   0.000   0.000   0.000   0.000 1172518000
18.80   3.71   34.767
18.80   7.00    0.260    0.325
18.80   7.00    0.584   39.546
18.80   7.00    0.571    0.143   0.584   0.073
18.80   7.00    0.571    0.143   0.584   0.072

18.81   0.00    0.072    0.071   0.032   0.036   0.004   0.000   0.000   0.000   0.000   0.000   0.000 1173142000
18.81   3.71   34.766
18.81   7.00    0.260    0.325
18.81   7.00    0.584   39.546
18.81   7.00    0.571    0.143   0.584   0.073
18.81   7.00    0.571    0.143   0.584   0.072

18.82   0.00    0.072    0.071   0.032   0.036   0.004   0.000   0.000   0.000   0.000   0.000   0.000 1173765000
18.82   3.71   34.765
18.82   7.00    0.260    0.325
18.82   7.00    0.584   39.547
18.82   7.00    0.571    0.143   0.584   0.073
18.82   7.00    0.571    0.143   0.584   0.072

18.83   0.00    0.072    0.071   0.032   0.036   0.004   0.000   0.000   0.000   0.000   0.000   0.000 1174389000
18.83   3.71   34.763
18.83   7.00    0.260    0.325
18.83   7.00    0.584   39.547
18.83   7.00    0.571    0.143   0.584   0.073
18.83   7.00    0.571    0.143   0.584   0.072

18.84   0.00    0.072    0.071   0.032   0.036   0.004   0.000   0.000   0.000   0.000   0.000   0.000 1175013000
18.84   3.71   34.762
18.84   7.00    0.260    0.325
18.84   7.00    0.584   39.547
18.84   7.00    0.571    0.143   0.584   0.073
18.84   7.00    0.571    0.142   0.584   0.072

18.85   0.00    0.072    0.071   0.032   0.036   0.004   0.000   0.000   0.000   0.000   0.000   0.000 1175636000
18.85   3.71   34.761
18.85   7.00    0.259    0.325
18.85   7.00    0.584   39.547
18.85   7.00    0.571    0.143   0.584   0.073
18.85   7.00    0.571    0.142   0.584   0.072

18.86   0.00    0.072    0.071   0.032   0.036   0.004   0.000   0.000   0.000   0.000   0.000   0.000 1176260000
18.86   3.71   34.760
18.86   7.00    0.259    0.325
18.86   7.00    0.584   39.548
18.86   7.00    0.571    0.143   0.584   0.073
18.86   7.00    0.571    0.142   0.584   0.072

18.87   0.00    0.072    0.071   0.032   0.036   0.004   0.000   0.000   0.000   0.000   0.000   0.000 1176884000
18.87   3.71   34.759
18.87   7.00    0.259    0.325
18.87   7.00    0.584   39.548
18.87   7.00    0.571    0.143   0.584   0.073
18.87   7.00    0.571    0.142   0.584   0.072

18.88   0.00    0.072    0.071   0.032   0.036   0.004   0.000   0.000   0.000   0.000   0.000   0.000 1177507000
18.88   3.71   34.758
18.88   7.00    0.259    0.325
18.88   7.00    0.584   39.548
18.88   7.00    0.571    0.143   0.584   0.073
18.88   7.00    0.571    0.142   0.584   0.072

18.89   0.00    0.072    0.071   0.032   0.036   0.004   0.000   0.000   0.000   0.000   0.000   0.000 1178131000
18.89   3.71   34.757
18.89   7.00    0.259    0.325
18.89   7.00    0.584   39.549
18.89   7.00    0.571    0.143   0.584   0.073
18.89   7.00    0.571    0.142   0.584   0.072

18.90   0.00    0.072    0.071   0.032   0.036   0.004   0.000   0.000   0.000   0.000   0.000   0.000 1178755000
18.90   3.71   34.756
18.90   7.00    0.259    0.325
18.90   7.00    0.584   39.549
18.90   7.00    0.571    0.143   0.584   0.073
18.90   7.00    0.571    0.142   0.584   0.072

18.91   0.00    0.072    0.071   0.032   0.036   0.004   0.000   0.000   0.000   0.000   0.000   0.000 1179378000
18.91   3.71   34.754
18.91   7.00    0.259    0.325
18.91   7.00    0.584   39.549
18.91   7.00    0.571    0.143   0.584   0.073
18.91   7.00    0.571    0.142   0.584   0.072

18.92   0.00    0.072    0.071   0.032   0.036   0.004   0.000   0.000   0.000   0.000   0.000   0.000 1180002000
18.92   3.70   34.753
18.92   7.00    0.259    0.325
18.92   7.00    0.584   39.549
18.92   7.00    0.571    0.143   0.584   0.073
18.92   7.00    0.571    0.142   0.584   0.072

18.93   0.00    0.072    0.071   0.032   0.036   0.004   0.000   0.000   0.000   0.000   0.000   0.000 1180626000
18.93   3.70   34.752
18.93   7.00    0.259    0.325
18.93   7.00    0.584   39.550
18.93   7.00    0.571    0.143   0.584   0.073
18.93   7.00    0.571    0.142   0.584   0.072

18.94   0.00    0.072    0.071   0.032   0.036   0.004   0.000   0.000   0.000   0.000   0.000   0.000 1181250000
18.94   3.70   34.751
18.94   7.00    0.259    0.325
18.94   7.00    0.584   39.550
18.94   7.00    0.571    0.143   0.584   0.073
18.94   7.00    0.571    0.142   0.584   0.072

18.95   0.00    0.072    0.071   0.032   0.036   0.004   0.000   0.000   0.000   0.000   0.000   0.000 1181873000
18.95   3.70   34.750
18.95   7.00    0.259    0.325
18.95   7.00    0.584   39.550
18.95   7.00    0.570    0.143   0.584   0.073
18.95   7.00    0.571    0.142   0.584   0.072

18.96   0.00    0.072    0.071   0.032   0.036   0.004   0.000   0.000   0.000   0.000   0.000   0.000 1182497000
18.96   3.70   34.749
18.96   7.00    0.259    0.325
18.96   7.00    0.584   39.550
18.96   7.00    0.570    0.143   0.584   0.073
18.96   7.00    0.571    0.142   0.584   0.072

18.97   0.00    0.072    0.071   0.032   0.036   0.004   0.000   0.000   0.000   0.000   0.000   0.000 1183121000
18.97   3.70   34.748
18.97   7.00    0.259    0.325
18.97   7.00    0.584   39.551
18.97   7.00    0.570    0.143   0.584   0.073
18.97   7.00    0.571    0.142   0.584   0.072

18.98   0.00    0.072    0.071   0.032   0.036   0.004   0.000   0.000   0.000   0.000   0.000   0.000 1183744000
18.98   3.70   34.747
18.98   7.00    0.259    0.325
18.98   7.00    0.584   39.551
18.98   7.00    0.570    0.143   0.584   0.073
18.98   7.00    0.570    0.142   0.584   0.072

18.99   0.00    0.072    0.071   0.032   0.036   0.004   0.000   0.000   0.000   0.000   0.000   0.000 1184368000
18.99   3.70   34.746
18.99   7.00    0.259    0.325
18.99   7.00    0.584   39.551
18.99   7.00    0.570    0.143   0.584   0.073
18.99   7.00    0.570    0.142   0.584   0.072

19.00   0.00    0.072    0.071   0.032   0.036   0.004   0.000   0.000   0.000   0.000   0.000   0.000 1184992000
19.00   3.70   34.744
19.00   7.00    0.259    0.325
19.00   7.00    0.584   39.551
19.00   7.00    0.570    0.143   0.584   0.073
19.00   7.00    0.570    0.142   0.584   0.072

19.01   0.00    0.072    0.071   0.032   0.036   0.004   0.000   0.000   0.000   0.000   0.000   0.000 1185615000
19.01   3.70   34.743
19.01   7.00    0.259    0.325
19.01   7.00    0.583   39.552
19.01   7.00    0.570    0.143   0.583   0.073
19.01   7.00    0.570    0.142   0.583   0.072

19.02   0.00    0.072    0.071   0.032   0.036   0.004   0.000   0.000   0.000   0.000   0.000   0.000 1186239000
19.02   3.70   34.742
19.02   7.00    0.259    0.325
19.02   7.00    0.583   39.552
19.02   7.00    0.570    0.143   0.583   0.073
19.02   7.00    0.570    0.142   0.583   0.072

19.03   0.00    0.072    0.071   0.032   0.036   0.004   0.000   0.000   0.000   0.000   0.000   0.000 1186863000
19.03   3.70   34.741
19.03   7.00    0.259    0.325
19.03   7.00    0.583   39.552
19.03   7.00    0.570    0.143   0.583   0.073
19.03   7.00    0.570    0.142   0.583   0.072

19.04   0.00    0.072    0.071   0.032   0.036   0.004   0.000   0.000   0.000   0.000   0.000   0.000 1187486000
19.04   3.70   34.740
19.04   7.00    0.259    0.325
19.04   7.00    0.583   39.552
19.04   7.00    0.570    0.143   0.583   0.073
19.04   7.00    0.570    0.142   0.583   0.072

19.05   0.00    0.072    0.071   0.032   0.036   0.004   0.000   0.000   0.000   0.000   0.000   0.000 1188110000
19.05   3.70   34.739
19.05   7.00    0.259    0.325
19.05   7.00    0.583   39.553
19.05   7.00    0.570    0.143   0.583   0.073
19.05   7.00    0.570    0.142   0.583   0.072

19.06   0.00    0.072    0.071   0.032   0.036   0.004   0.000   0.000   0.000   0.000   0.000   0.000 1188734000
19.06   3.70   34.738
19.06   7.00    0.259    0.325
19.06   7.00    0.583   39.553
19.06   7.00    0.570    0.143   0.583   0.073
19.06   7.00    0.570    0.142   0.583   0.072

19.07   0.00    0.072    0.071   0.032   0.036   0.004   0.000   0.000   0.000   0.000   0.000   0.000 1189357000
19.07   3.70   34.737
19.07   7.00    0.259    0.325
19.07   7.00    0.583   39.553
19.07   7.00    0.570    0.143   0.583   0.073
19.07   7.00    0.570    0.142   0.583   0.072

19.08   0.00    0.072    0.071   0.032   0.036   0.004   0.000   0.000   0.000   0.000   0.000   0.000 1189981000
19.08   3.70   34.736
19.08   7.00    0.259    0.325
19.08   7.00    0.583   39.553
19.08   7.00    0.570    0.143   0.583   0.073
19.08   7.00    0.570    0.142   0.583   0.072

19.09   0.00    0.072    0.071   0.032   0.036   0.004   0.000   0.000   0.000   0.000   0.000   0.000 1190605000
19.09   3.70   34.735
19.09   7.00    0.259    0.325
19.09   7.00    0.583   39.554
19.09   7.00    0.570    0.143   0.583   0.073
19.09   7.00    0.570    0.142   0.583   0.072

19.10   0.00    0.072    0.071   0.032   0.036   0.004   0.000   0.000   0.000   0.000   0.000   0.000 1191228000
19.10   3.70   34.734
19.10   7.00    0.259    0.325
19.10   7.00    0.583   39.554
19.10   7.00    0.570    0.143   0.583   0.073
19.10   7.00    0.570    0.142   0.583   0.072

19.11   0.00    0.072    0.071   0.032   0.036   0.004   0.000   0.000   0.000   0.000   0.000   0.000 1191852000
19.11   3.70   34.732
19.11   7.00    0.259    0.325
19.11   7.00    0.583   39.554
19.11   7.00    0.570    0.143   0.583   0.073
19.11   7.00    0.570    0.142   0.583   0.072

19.12   0.00    0.072    0.071   0.032   0.036   0.004   0.000   0.000   0.000   0.000   0.000   0.000 1192476000
19.12   3.70   34.731
19.12   7.00    0.259    0.325
19.12   7.00    0.583   39.554
19.12   7.00    0.570    0.143   0.583   0.073
19.12   7.00    0.570    0.142   0.583   0.072

19.13   0.00    0.072    0.071   0.032   0.036   0.004   0.000   0.000   0.000   0.000   0.000   0.000 1193099000
19.13   3.69   34.730
19.13   7.00    0.259    0.325
19.13   7.00    0.583   39.555
19.13   7.00    0.570    0.143   0.583   0.073
19.13   7.00    0.570    0.142   0.583   0.072

19.14   0.00    0.072    0.071   0.032   0.036   0.004   0.000   0.000   0.000   0.000   0.000   0.000 1193723000
19.14   3.69   34.729
19.14   7.00    0.258    0.325
19.14   7.00    0.583   39.555
19.14   7.00    0.570    0.143   0.583   0.073
19.14   7.00    0.570    0.142   0.583   0.072

19.15   0.00    0.072    0.071   0.032   0.036   0.004   0.000   0.000   0.000   0.000   0.000   0.000 1194347000
19.15   3.69   34.728
19.15   7.00    0.258    0.325
19.15   7.00    0.583   39.555
19.15   7.00    0.570    0.143   0.583   0.073
19.15   7.00    0.570    0.142   0.583   0.072

19.16   0.00    0.072    0.071   0.032   0.036   0.004   0.000   0.000   0.000   0.000   0.000   0.000 1194970000
19.16   3.69   34.727
19.16   7.00    0.258    0.325
19.16   7.00    0.583   39.555
19.16   7.00    0.570    0.143   0.583   0.073
19.16   7.00    0.570    0.142   0.583   0.072

19.17   0.00    0.072    0.071   0.032   0.036   0.004   0.000   0.000   0.000   0.000   0.000   0.000 1195594000
19.17   3.69   34.726
19.17   7.00    0.258    0.325
19.17   7.00    0.583   39.556
19.17   7.00    0.570    0.143   0.583   0.073
19.17   7.00    0.570    0.142   0.583   0.072

19.18   0.00    0.072    0.071   0.032   0.036   0.004   0.000   0.000   0.000   0.000   0.000   0.000 1196218000
19.18   3.69   34.725
19.18   7.00    0.258    0.325
19.18   7.00    0.583   39.556
19.18   7.00    0.570    0.143   0.583   0.073
19.18   7.00    0.570    0.142   0.583   0.072

19.19   0.00    0.072    0.071   0.032   0.036   0.004   0.000   0.000   0.000   0.000   0.000   0.000 1196842000
19.19   3.69   34.724
19.19   7.00    0.258    0.325
19.19   7.00    0.583   39.556
19.19   7.00    0.570    0.143   0.583   0.073
19.19   7.00    0.570    0.142   0.583   0.072

19.20   0.00    0.072    0.071   0.032   0.036   0.004   0.000   0.000   0.000   0.000   0.000   0.000 1197465000
19.20   3.69   34.723
19.20   7.00    0.258    0.325
19.20   7.00    0.583   39.557
19.20   7.00    0.570    0.143   0.583   0.073
19.20   7.00    0.570    0.142   0.583   0.072

19.21   0.00    0.072    0.071   0.032   0.036   0.004   0.000   0.000   0.000   0.000   0.000   0.000 1198089000
19.21   3.69   34.722
19.21   7.00    0.258    0.325
19.21   7.00    0.583   39.557
19.21   7.00    0.570    0.143   0.583   0.073
19.21   7.00    0.570    0.142   0.583   0.072

19.22   0.00    0.072    0.071   0.032   0.036   0.004   0.000   0.000   0.000   0.000   0.000   0.000 1198713000
19.22   3.69   34.721
19.22   7.00    0.258    0.325
19.22   7.00    0.583   39.557
19.22   7.00    0.570    0.143   0.583   0.073
19.22   7.00    0.570    0.142   0.583   0.072

19.23   0.00    0.072    0.071   0.032   0.036   0.004   0.000   0.000   0.000   0.000   0.000   0.000 1199336000
19.23   3.69   34.720
19.23   7.00    0.258    0.325
19.23   7.00    0.583   39.557
19.23   7.00    0.570    0.143   0.583   0.073
19.23   7.00    0.570    0.142   0.583   0.072

19.24   0.00    0.071    0.071   0.032   0.036   0.004   0.000   0.000   0.000   0.000   0.000   0.000 1199960000
19.24   3.69   34.719
19.24   7.00    0.258    0.325
19.24   7.00    0.583   39.558
19.24   7.00    0.569    0.143   0.583   0.073
19.24   7.00    0.570    0.142   0.583   0.072

19.25   0.00    0.071    0.071   0.032   0.036   0.004   0.000   0.000   0.000   0.000   0.000   0.000 1200584000
19.25   3.69   34.718
19.25   7.00    0.258    0.325
19.25   7.00    0.583   39.558
19.25   7.00    0.569    0.143   0.583   0.073
19.25   7.00    0.570    0.142   0.583   0.072

19.26   0.00    0.071    0.071   0.032   0.036   0.004   0.000   0.000   0.000   0.000   0.000   0.000 1201207000
19.26   3.69   34.716
19.26   7.00    0.258    0.325
19.26   7.00    0.583   39.558
19.26   7.00    0.569    0.143   0.583   0.073
19.26   7.00    0.570    0.142   0.583   0.072

19.27   0.00    0.071    0.071   0.032   0.036   0.004   0.000   0.000   0.000   0.000   0.000   0.000 1201831000
19.27   3.69   34.715
19.27   7.00    0.258    0.325
19.27   7.00    0.583   39.558
19.27   7.00    0.569    0.143   0.583   0.073
19.27   7.00    0.569    0.142   0.583   0.072

19.28   0.00    0.071    0.071   0.032   0.036   0.004   0.000   0.000   0.000   0.000   0.000   0.000 1202455000
19.28   3.69   34.714
19.28   7.00    0.258    0.325
19.28   7.00    0.583   39.559
19.28   7.00    0.569    0.143   0.583   0.073
19.28   7.00    0.569    0.142   0.583   0.072

19.29   0.00    0.071    0.071   0.032   0.036   0.004   0.000   0.000   0.000   0.000   0.000   0.000 1203078000
19.29   3.69   34.713
19.29   7.00    0.258    0.325
19.29   7.00    0.582   39.559
19.29   7.00    0.569    0.143   0.582   0.073
19.29   7.00    0.569    0.142   0.582   0.072

19.30   0.00    0.071    0.071   0.032   0.036   0.004   0.000   0.000   0.000   0.000   0.000   0.000 1203702000
19.30   3.69   34.712
19.30   7.00    0.258    0.325
19.30   7.00    0.582   39.559
19.30   7.00    0.569    0.143   0.582   0.073
19.30   7.00    0.569    0.142   0.582   0.072

19.31   0.00    0.071    0.071   0.032   0.036   0.004   0.000   0.000   0.000   0.000   0.000   0.000 1204326000
19.31   3.69   34.711
19.31   7.00    0.258    0.325
19.31   7.00    0.582   39.559
19.31   7.00    0.569    0.143   0.582   0.073
19.31   7.00    0.569    0.142   0.582   0.072

19.32   0.00    0.071    0.071   0.032   0.036   0.004   0.000   0.000   0.000   0.000   0.000   0.000 1204949000
19.32   3.69   34.710
19.32   7.00    0.258    0.325
19.32   7.00    0.582   39.560
19.32   7.00    0.569    0.143   0.582   0.073
19.32   7.00    0.569    0.142   0.582   0.072

19.33   0.00    0.071    0.071   0.032   0.036   0.004   0.000   0.000   0.000   0.000   0.000   0.000 1205573000
19.33   3.69   34.709
19.33   7.00    0.258    0.325
19.33   7.00    0.582   39.560
19.33   7.00    0.569    0.143   0.582   0.073
19.33   7.00    0.569    0.142   0.582   0.072

19.34   0.00    0.071    0.071   0.032   0.036   0.003   0.000   0.000   0.000   0.000   0.000   0.000 1206197000
19.34   3.69   34.708
19.34   7.00    0.258    0.325
19.34   7.00    0.582   39.560
19.34   7.00    0.569    0.143   0.582   0.073
19.34   7.00    0.569    0.142   0.582   0.072

19.35   0.00    0.071    0.071   0.032   0.036   0.003   0.000   0.000   0.000   0.000   0.000   0.000 1206820000
19.35   3.68   34.707
19.35   7.00    0.258    0.325
19.35   7.00    0.582   39.560
19.35   7.00    0.569    0.143   0.582   0.073
19.35   7.00    0.569    0.142   0.582   0.072

19.36   0.00    0.071    0.071   0.032   0.036   0.003   0.000   0.000   0.000   0.000   0.000   0.000 1207444000
19.36   3.68   34.706
19.36   7.00    0.258    0.325
19.36   7.00    0.582   39.561
19.36   7.00    0.569    0.143   0.582   0.073
19.36   7.00    0.569    0.142   0.582   0.072

19.37   0.00    0.071    0.071   0.032   0.036   0.003   0.000   0.000   0.000   0.000   0.000   0.000 1208068000
19.37   3.68   34.705
19.37   7.00    0.258    0.325
19.37   7.00    0.582   39.561
19.37   7.00    0.569    0.143   0.582   0.073
19.37   7.00    0.569    0.142   0.582   0.072

19.38   0.00    0.071    0.071   0.032   0.036   0.003   0.000   0.000   0.000   0.000   0.000   0.000 1208691000
19.38   3.68   34.704
19.38   7.00    0.258    0.325
19.38   7.00    0.582   39.561
19.38   7.00    0.569    0.143   0.582   0.073
19.38   7.00    0.569    0.142   0.582   0.072

19.39   0.00    0.071    0.071   0.032   0.036   0.003   0.000   0.000   0.000   0.000   0.000   0.000 1209315000
19.39   3.68   34.703
19.39   7.00    0.258    0.325
19.39   7.00    0.582   39.561
19.39   7.00    0.569    0.143   0.582   0.073
19.39   7.00    0.569    0.142   0.582   0.072

19.40   0.00    0.071    0.071   0.032   0.036   0.003   0.000   0.000   0.000   0.000   0.000   0.000 1209939000
19.40   3.68   34.702
19.40   7.00    0.258    0.325
19.40   7.00    0.582   39.562
19.40   7.00    0.569    0.143   0.582   0.073
19.40   7.00    0.569    0.142   0.582   0.072

19.41   0.00    0.071    0.071   0.032   0.036   0.003   0.000   0.000   0.000   0.000   0.000   0.000 1210562000
19.41   3.68   34.701
19.41   7.00    0.258    0.325
19.41   7.00    0.582   39.562
19.41   7.00    0.569    0.143   0.582   0.073
19.41   7.00    0.569    0.142   0.582   0.072

19.42   0.00    0.071    0.071   0.032   0.036   0.003   0.000   0.000   0.000   0.000   0.000   0.000 1211186000
19.42   3.68   34.700
19.42   7.00    0.257    0.325
19.42   7.00    0.582   39.562
19.42   7.00    0.569    0.143   0.582   0.073
19.42   7.00    0.569    0.142   0.582   0.072

19.43   0.00    0.071    0.071   0.032   0.036   0.003   0.000   0.000   0.000   0.000   0.000   0.000 1211810000
19.43   3.68   34.699
19.43   7.00    0.257    0.325
19.43   7.00    0.582   39.562
19.43   7.00    0.569    0.143   0.582   0.073
19.43   7.00    0.569    0.142   0.582   0.072

19.44   0.00    0.071    0.071   0.032   0.036   0.003   0.000   0.000   0.000   0.000   0.000   0.000 1212434000
19.44   3.68   34.698
19.44   7.00    0.257    0.325
19.44   7.00    0.582   39.563
19.44   7.00    0.569    0.143   0.582   0.072
19.44   7.00    0.569    0.142   0.582   0.072

19.45   0.00    0.071    0.071   0.032   0.036   0.003   0.000   0.000   0.000   0.000   0.000   0.000 1213057000
19.45   3.68   34.697
19.45   7.00    0.257    0.325
19.45   7.00    0.582   39.563
19.45   7.00    0.569    0.143   0.582   0.072
19.45   7.00    0.569    0.142   0.582   0.072

19.46   0.00    0.071    0.071   0.032   0.036   0.003   0.000   0.000   0.000   0.000   0.000   0.000 1213681000
19.46   3.68   34.696
19.46   7.00    0.257    0.325
19.46   7.00    0.582   39.563
19.46   7.00    0.569    0.143   0.582   0.072
19.46   7.00    0.569    0.142   0.582   0.072

19.47   0.00    0.071    0.071   0.032   0.036   0.003   0.000   0.000   0.000   0.000   0.000   0.000 1214305000
19.47   3.68   34.695
19.47   7.00    0.257    0.325
19.47   7.00    0.582   39.563
19.47   7.00    0.569    0.143   0.582   0.072
19.47   7.00    0.569    0.142   0.582   0.072

19.48   0.00    0.071    0.071   0.032   0.036   0.003   0.000   0.000   0.000   0.000   0.000   0.000 1214928000
19.48   3.68   34.694
19.48   7.00    0.257    0.325
19.48   7.00    0.582   39.564
19.48   7.00    0.569    0.143   0.582   0.072
19.48   7.00    0.569    0.142   0.582   0.072

19.49   0.00    0.071    0.071   0.032   0.036   0.003   0.000   0.000   0.000   0.000   0.000   0.000 1215552000
19.49   3.68   34.693
19.49   7.00    0.257    0.325
19.49   7.00    0.582   39.564
19.49   7.00    0.569    0.143   0.582   0.072
19.49   7.00    0.569    0.142   0.582   0.072

19.50   0.00    0.071    0.071   0.032   0.036   0.003   0.000   0.000   0.000   0.000   0.000   0.000 1216176000
19.50   3.68   34.691
19.50   7.00    0.257    0.325
19.50   7.00    0.582   39.564
19.50   7.00    0.569    0.143   0.582   0.072
19.50   7.00    0.569    0.142   0.582   0.072

19.51   0.00    0.071    0.071   0.032   0.036   0.003   0.000   0.000   0.000   0.000   0.000   0.000 1216799000
19.51   3.68   34.690
19.51   7.00    0.257    0.325
19.51   7.00    0.582   39.564
19.51   7.00    0.569    0.143   0.582   0.072
19.51   7.00    0.569    0.142   0.582   0.072

19.52   0.00    0.071    0.071   0.032   0.036   0.003   0.000   0.000   0.000   0.000   0.000   0.000 1217423000
19.52   3.68   34.689
19.52   7.00    0.257    0.325
19.52   7.00    0.582   39.565
19.52   7.00    0.569    0.143   0.582   0.072
19.52   7.00    0.569    0.142   0.582   0.072

19.53   0.00    0.071    0.071   0.032   0.036   0.003   0.000   0.000   0.000   0.000   0.000   0.000 1218047000
19.53   3.68   34.688
19.53   7.00    0.257    0.325
19.53   7.00    0.582   39.565
19.53   7.00    0.569    0.143   0.582   0.072
19.53   7.00    0.569    0.142   0.582   0.072

19.54   0.00    0.071    0.071   0.032   0.036   0.003   0.000   0.000   0.000   0.000   0.000   0.000 1218670000
19.54   3.68   34.687
19.54   7.00    0.257    0.325
19.54   7.00    0.582   39.565
19.54   7.00    0.568    0.143   0.582   0.072
19.54   7.00    0.569    0.142   0.582   0.072

19.55   0.00    0.071    0.071   0.032   0.036   0.003   0.000   0.000   0.000   0.000   0.000   0.000 1219294000
19.55   3.68   34.686
19.55   7.00    0.257    0.325
19.55   7.00    0.582   39.565
19.55   7.00    0.568    0.143   0.582   0.072
19.55   7.00    0.569    0.142   0.582   0.072

19.56   0.00    0.071    0.071   0.032   0.036   0.003   0.000   0.000   0.000   0.000   0.000   0.000 1219918000
19.56   3.68   34.685
19.56   7.00    0.257    0.325
19.56   7.00    0.582   39.566
19.56   7.00    0.568    0.143   0.582   0.072
19.56   7.00    0.569    0.142   0.582   0.072

19.57   0.00    0.071    0.071   0.032   0.036   0.003   0.000   0.000   0.000   0.000   0.000   0.000 1220541000
19.57   3.67   34.684
19.57   7.00    0.257    0.325
19.57   7.00    0.582   39.566
19.57   7.00    0.568    0.143   0.582   0.072
19.57   7.00    0.568    0.142   0.582   0.072

19.58   0.00    0.071    0.071   0.032   0.036   0.003   0.000   0.000   0.000   0.000   0.000   0.000 1221165000
19.58   3.67   34.683
19.58   7.00    0.257    0.325
19.58   7.00    0.582   39.566
19.58   7.00    0.568    0.143   0.582   0.072
19.58   7.00    0.568    0.142   0.582   0.072

19.59   0.00    0.071    0.071   0.032   0.036   0.003   0.000   0.000   0.000   0.000   0.000   0.000 1221789000
19.59   3.67   34.682
19.59   7.00    0.257    0.325
19.59   7.00    0.581   39.567
19.59   7.00    0.568    0.143   0.581   0.072
19.59   7.00    0.568    0.142   0.581   0.072

19.60   0.00    0.071    0.071   0.032   0.036   0.003   0.000   0.000   0.000   0.000   0.000   0.000 1222412000
19.60   3.67   34.681
19.60   7.00    0.257    0.325
19.60   7.00    0.581   39.567
19.60   7.00    0.568    0.143   0.581   0.072
19.60   7.00    0.568    0.142   0.581   0.072

19.61   0.00    0.071    0.071   0.032   0.036   0.003   0.000   0.000   0.000   0.000   0.000   0.000 1223036000
19.61   3.67   34.680
19.61   7.00    0.257    0.325
19.61   7.00    0.581   39.567
19.61   7.00    0.568    0.143   0.581   0.072
19.61   7.00    0.568    0.142   0.581   0.072

19.62   0.00    0.071    0.071   0.032   0.036   0.003   0.000   0.000   0.000   0.000   0.000   0.000 1223660000
19.62   3.67   34.679
19.62   7.00    0.257    0.325
19.62   7.00    0.581   39.567
19.62   7.00    0.568    0.143   0.581   0.072
19.62   7.00    0.568    0.142   0.581   0.072

19.63   0.00    0.071    0.071   0.032   0.036   0.003   0.000   0.000   0.000   0.000   0.000   0.000 1224283000
19.63   3.67   34.678
19.63   7.00    0.257    0.325
19.63   7.00    0.581   39.568
19.63   7.00    0.568    0.143   0.581   0.072
19.63   7.00    0.568    0.142   0.581   0.072

19.64   0.00    0.071    0.071   0.032   0.036   0.003   0.000   0.000   0.000   0.000   0.000   0.000 1224907000
19.64   3.67   34.677
19.64   7.00    0.257    0.325
19.64   7.00    0.581   39.568
19.64   7.00    0.568    0.143   0.581   0.072
19.64   7.00    0.568    0.142   0.581   0.072

19.65   0.00    0.071    0.071   0.032   0.036   0.003   0.000   0.000   0.000   0.000   0.000   0.000 1225531000
19.65   3.67   34.676
19.65   7.00    0.257    0.325
19.65   7.00    0.581   39.568
19.65   7.00    0.568    0.143   0.581   0.072
19.65   7.00    0.568    0.142   0.581   0.072

19.66   0.00    0.071    0.071   0.032   0.036   0.003   0.000   0.000   0.000   0.000   0.000   0.000 1226154000
19.66   3.67   34.675
19.66   7.00    0.257    0.325
19.66   7.00    0.581   39.568
19.66   7.00    0.568    0.143   0.581   0.072
19.66   7.00    0.568    0.142   0.581   0.072

19.67   0.00    0.071    0.071   0.032   0.036   0.003   0.000   0.000   0.000   0.000   0.000   0.000 1226778000
19.67   3.67   34.674
19.67   7.00    0.257    0.325
19.67   7.00    0.581   39.569
19.67   7.00    0.568    0.143   0.581   0.072
19.67   7.00    0.568    0.142   0.581   0.072

19.68   0.00    0.071    0.071   0.032   0.036   0.003   0.000   0.000   0.000   0.000   0.000   0.000 1227402000
19.68   3.67   34.673
19.68   7.00    0.257    0.325
19.68   7.00    0.581   39.569
19.68   7.00    0.568    0.143   0.581   0.072
19.68   7.00    0.568    0.142   0.581   0.072

19.69   0.00    0.071    0.071   0.032   0.036   0.003   0.000   0.000   0.000   0.000   0.000   0.000 1228026000
19.69   3.67   34.672
19.69   7.00    0.257    0.325
19.69   7.00    0.581   39.569
19.69   7.00    0.568    0.143   0.581   0.072
19.69   7.00    0.568    0.142   0.581   0.072

19.70   0.00    0.071    0.071   0.032   0.036   0.003   0.000   0.000   0.000   0.000   0.000   0.000 1228649000
19.70   3.67   34.671
19.70   7.00    0.257    0.325
19.70   7.00    0.581   39.569
19.70   7.00    0.568    0.143   0.581   0.072
19.70   7.00    0.568    0.142   0.581   0.072

19.71   0.00    0.071    0.071   0.032   0.036   0.003   0.000   0.000   0.000   0.000   0.000   0.000 1229273000
19.71   3.67   34.670
19.71   7.00    0.257    0.325
19.71   7.00    0.581   39.570
19.71   7.00    0.568    0.143   0.581   0.072
19.71   7.00    0.568    0.142   0.581   0.072

19.72   0.00    0.071    0.071   0.032   0.036   0.003   0.000   0.000   0.000   0.000   0.000   0.000 1229897000
19.72   3.67   34.669
19.72   7.00    0.256    0.325
19.72   7.00    0.581   39.570
19.72   7.00    0.568    0.143   0.581   0.072
19.72   7.00    0.568    0.142   0.581   0.072

19.73   0.00    0.071    0.071   0.032   0.036   0.003   0.000   0.000   0.000   0.000   0.000   0.000 1230520000
19.73   3.67   34.668
19.73   7.00    0.256    0.325
19.73   7.00    0.581   39.570
19.73   7.00    0.568    0.143   0.581   0.072
19.73   7.00    0.568    0.142   0.581   0.072

19.74   0.00    0.071    0.071   0.032   0.036   0.003   0.000   0.000   0.000   0.000   0.000   0.000 1231144000
19.74   3.67   34.667
19.74   7.00    0.256    0.325
19.74   7.00    0.581   39.570
19.74   7.00    0.568    0.143   0.581   0.072
19.74   7.00    0.568    0.142   0.581   0.072

19.75   0.00    0.071    0.071   0.032   0.036   0.003   0.000   0.000   0.000   0.000   0.000   0.000 1231768000
19.75   3.67   34.666
19.75   7.00    0.256    0.325
19.75   7.00    0.581   39.571
19.75   7.00    0.568    0.143   0.581   0.072
19.75   7.00    0.568    0.142   0.581   0.072

19.76   0.00    0.071    0.071   0.032   0.036   0.003   0.000   0.000   0.000   0.000   0.000   0.000 1232391000
19.76   3.67   34.665
19.76   7.00    0.256    0.325
19.76   7.00    0.581   39.571
19.76   7.00    0.568    0.143   0.581   0.072
19.76   7.00    0.568    0.142   0.581   0.072

19.77   0.00    0.071    0.071   0.032   0.036   0.003   0.000   0.000   0.000   0.000   0.000   0.000 1233015000
19.77   3.67   34.664
19.77   7.00    0.256    0.325
19.77   7.00    0.581   39.571
19.77   7.00    0.568    0.143   0.581   0.072
19.77   7.00    0.568    0.142   0.581   0.072

19.78   0.00    0.071    0.071   0.032   0.036   0.003   0.000   0.000   0.000   0.000   0.000   0.000 1233639000
19.78   3.67   34.663
19.78   7.00    0.256    0.325
19.78   7.00    0.581   39.571
19.78   7.00    0.568    0.143   0.581   0.072
19.78   7.00    0.568    0.142   0.581   0.072

19.79   0.00    0.071    0.071   0.032   0.036   0.003   0.000   0.000   0.000   0.000   0.000   0.000 1234262000
19.79   3.67   34.662
19.79   7.00    0.256    0.325
19.79   7.00    0.581   39.572
19.79   7.00    0.568    0.143   0.581   0.072
19.79   7.00    0.568    0.142   0.581   0.072

19.80   0.00    0.071    0.071   0.032   0.036   0.003   0.000   0.000   0.000   0.000   0.000   0.000 1234886000
19.80   3.66   34.661
19.80   7.00    0.256    0.325
19.80   7.00    0.581   39.572
19.80   7.00    0.568    0.143   0.581   0.072
19.80   7.00    0.568    0.142   0.581   0.072

19.81   0.00    0.071    0.071   0.032   0.036   0.003   0.000   0.000   0.000   0.000   0.000   0.000 1235510000
19.81   3.66   34.660
19.81   7.00    0.256    0.325
19.81   7.00    0.581   39.572
19.81   7.00    0.568    0.143   0.581   0.072
19.81   7.00    0.568    0.142   0.581   0.072

19.82   0.00    0.071    0.071   0.032   0.036   0.003   0.000   0.000   0.000   0.000   0.000   0.000 1236133000
19.82   3.66   34.659
19.82   7.00    0.256    0.325
19.82   7.00    0.581   39.572
19.82   7.00    0.568    0.143   0.581   0.072
19.82   7.00    0.568    0.142   0.581   0.072

19.83   0.00    0.071    0.070   0.032   0.036   0.003   0.000   0.000   0.000   0.000   0.000   0.000 1236757000
19.83   3.66   34.658
19.83   7.00    0.256    0.325
19.83   7.00    0.581   39.573
19.83   7.00    0.568    0.143   0.581   0.072
19.83   7.00    0.568    0.142   0.581   0.072

19.84   0.00    0.071    0.070   0.032   0.036   0.003   0.000   0.000   0.000   0.000   0.000   0.000 1237381000
19.84   3.66   34.657
19.84   7.00    0.256    0.325
19.84   7.00    0.581   39.573
19.84   7.00    0.567    0.143   0.581   0.072
19.84   7.00    0.568    0.142   0.581   0.072

19.85   0.00    0.071    0.070   0.032   0.036   0.003   0.000   0.000   0.000   0.000   0.000   0.000 1238004000
19.85   3.66   34.656
19.85   7.00    0.256    0.325
19.85   7.00    0.581   39.573
19.85   7.00    0.567    0.143   0.581   0.072
19.85   7.00    0.568    0.142   0.581   0.072

19.86   0.00    0.071    0.070   0.032   0.036   0.003   0.000   0.000   0.000   0.000   0.000   0.000 1238628000
19.86   3.66   34.655
19.86   7.00    0.256    0.325
19.86   7.00    0.581   39.573
19.86   7.00    0.567    0.143   0.581   0.072
19.86   7.00    0.568    0.142   0.581   0.072

19.87   0.00    0.071    0.070   0.032   0.036   0.003   0.000   0.000   0.000   0.000   0.000   0.000 1239252000
19.87   3.66   34.654
19.87   7.00    0.256    0.325
19.87   7.00    0.581   39.574
19.87   7.00    0.567    0.143   0.581   0.072
19.87   7.00    0.567    0.142   0.581   0.072

19.88   0.00    0.071    0.070   0.032   0.036   0.003   0.000   0.000   0.000   0.000   0.000   0.000 1239875000
19.88   3.66   34.653
19.88   7.00    0.256    0.325
19.88   7.00    0.581   39.574
19.88   7.00    0.567    0.143   0.581   0.072
19.88   7.00    0.567    0.142   0.581   0.072

19.89   0.00    0.071    0.070   0.032   0.036   0.003   0.000   0.000   0.000   0.000   0.000   0.000 1240499000
19.89   3.66   34.653
19.89   7.00    0.256    0.325
19.89   7.00    0.580   39.574
19.89   7.00    0.567    0.143   0.580   0.072
19.89   7.00    0.567    0.142   0.580   0.072

19.90   0.00    0.071    0.070   0.032   0.036   0.003   0.000   0.000   0.000   0.000   0.000   0.000 1241123000
19.90   3.66   34.652
19.90   7.00    0.256    0.325
19.90   7.00    0.580   39.574
19.90   7.00    0.567    0.143   0.580   0.072
19.90   7.00    0.567    0.142   0.580   0.072

19.91   0.00    0.071    0.070   0.032   0.036   0.003   0.000   0.000   0.000   0.000   0.000   0.000 1241746000
19.91   3.66   34.651
19.91   7.00    0.256    0.325
19.91   7.00    0.580   39.575
19.91   7.00    0.567    0.143   0.580   0.072
19.91   7.00    0.567    0.142   0.580   0.072

19.92   0.00    0.071    0.070   0.032   0.036   0.003   0.000   0.000   0.000   0.000   0.000   0.000 1242370000
19.92   3.66   34.650
19.92   7.00    0.256    0.325
19.92   7.00    0.580   39.575
19.92   7.00    0.567    0.143   0.580   0.072
19.92   7.00    0.567    0.142   0.580   0.072

19.93   0.00    0.071    0.070   0.032   0.036   0.003   0.000   0.000   0.000   0.000   0.000   0.000 1242994000
19.93   3.66   34.649
19.93   7.00    0.256    0.325
19.93   7.00    0.580   39.575
19.93   7.00    0.567    0.143   0.580   0.072
19.93   7.00    0.567    0.142   0.580   0.072

19.94   0.00    0.071    0.070   0.032   0.036   0.003   0.000   0.000   0.000   0.000   0.000   0.000 1243618000
19.94   3.66   34.648
19.94   7.00    0.256    0.325
19.94   7.00    0.580   39.575
19.94   7.00    0.567    0.143   0.580   0.072
19.94   7.00    0.567    0.142   0.580   0.072

19.95   0.00    0.071    0.070   0.032   0.036   0.003   0.000   0.000   0.000   0.000   0.000   0.000 1244241000
19.95   3.66   34.647
19.95   7.00    0.256    0.325
19.95   7.00    0.580   39.576
19.95   7.00    0.567    0.142   0.580   0.072
19.95   7.00    0.567    0.142   0.580   0.072

19.96   0.00    0.071    0.070   0.032   0.036   0.003   0.000   0.000   0.000   0.000   0.000   0.000 1244865000
19.96   3.66   34.646
19.96   7.00    0.256    0.325
19.96   7.00    0.580   39.576
19.96   7.00    0.567    0.142   0.580   0.072
19.96   7.00    0.567    0.142   0.580   0.072

19.97   0.00    0.071    0.070   0.032   0.036   0.003   0.000   0.000   0.000   0.000   0.000   0.000 1245489000
19.97   3.66   34.645
19.97   7.00    0.256    0.325
19.97   7.00    0.580   39.576
19.97   7.00    0.567    0.142   0.580   0.072
19.97   7.00    0.567    0.142   0.580   0.072

19.98   0.00    0.071    0.070   0.032   0.036   0.003   0.000   0.000   0.000   0.000   0.000   0.000 1246112000
19.98   3.66   34.644
19.98   7.00    0.256    0.325
19.98   7.00    0.580   39.576
19.98   7.00    0.567    0.142   0.580   0.072
19.98   7.00    0.567    0.142   0.580   0.072

19.99   0.00    0.071    0.070   0.032   0.036   0.003   0.000   0.000   0.000   0.000   0.000   0.000 1246736000
19.99   3.66   34.643
19.99   7.00    0.256    0.325
19.99   7.00    0.580   39.577
19.99   7.00    0.567    0.142   0.580   0.072
19.99   7.00    0.567    0.142   0.580   0.072

20.00   0.00    0.071    0.070   0.032   0.036   0.003   0.000   0.000   0.000   0.000   0.000   0.000 1247360000
20.00   3.66   34.642
20.00   7.00    0.256    0.325
20.00   7.00    0.580   39.577
20.00   7.00    0.567    0.142   0.580   0.072
20.00   7.00    0.567    0.142   0.580   0.072

20.01   0.00    0.071    0.070   0.032   0.036   0.003   0.000   0.000   0.000   0.000   0.000   0.000 1247983000
20.01   3.66   34.641
20.01   7.00    0.256    0.325
20.01   7.00    0.580   39.577
20.01   7.00    0.567    0.142   0.580   0.072
20.01   7.00    0.567    0.142   0.580   0.072

20.02   0.00    0.071    0.070   0.032   0.036   0.003   0.000   0.000   0.000   0.000   0.000   0.000 1248607000
20.02   3.66   34.640
20.02   7.00    0.256    0.325
20.02   7.00    0.580   39.577
20.02   7.00    0.567    0.142   0.580   0.072
20.02   7.00    0.567    0.142   0.580   0.072

20.03   0.00    0.071    0.070   0.032   0.036   0.003   0.000   0.000   0.000   0.000   0.000   0.000 1249231000
20.03   3.65   34.639
20.03   7.00    0.255    0.325
20.03   7.00    0.580   39.578
20.03   7.00    0.567    0.142   0.580   0.072
20.03   7.00    0.567    0.142   0.580   0.072

20.04   0.00    0.071    0.070   0.032   0.036   0.003   0.000   0.000   0.000   0.000   0.000   0.000 1249854000
20.04   3.65   34.638
20.04   7.00    0.255    0.325
20.04   7.00    0.580   39.578
20.04   7.00    0.567    0.142   0.580   0.072
20.04   7.00    0.567    0.142   0.580   0.072

20.05   0.00    0.071    0.070   0.032   0.036   0.003   0.000   0.000   0.000   0.000   0.000   0.000 1250478000
20.05   3.65   34.637
20.05   7.00    0.255    0.325
20.05   7.00    0.580   39.578
20.05   7.00    0.567    0.142   0.580   0.072
20.05   7.00    0.567    0.142   0.580   0.072

20.06   0.00    0.071    0.070   0.032   0.036   0.003   0.000   0.000   0.000   0.000   0.000   0.000 1251102000
20.06   3.65   34.636
20.06   7.00    0.255    0.325
20.06   7.00    0.580   39.578
20.06   7.00    0.567    0.142   0.580   0.072
20.06   7.00    0.567    0.142   0.580   0.072

20.07   0.00    0.071    0.070   0.032   0.036   0.003   0.000   0.000   0.000   0.000   0.000   0.000 1251725000
20.07   3.65   34.635
20.07   7.00    0.255    0.325
20.07   7.00    0.580   39.579
20.07   7.00    0.567    0.142   0.580   0.072
20.07   7.00    0.567    0.142   0.580   0.071

20.08   0.00    0.071    0.070   0.032   0.036   0.003   0.000   0.000   0.000   0.000   0.000   0.000 1252349000
20.08   3.65   34.634
20.08   7.00    0.255    0.325
20.08   7.00    0.580   39.579
20.08   7.00    0.567    0.142   0.580   0.072
20.08   7.00    0.567    0.142   0.580   0.071

20.09   0.00    0.071    0.070   0.032   0.036   0.003   0.000   0.000   0.000   0.000   0.000   0.000 1252973000
20.09   3.65   34.633
20.09   7.00    0.255    0.325
20.09   7.00    0.580   39.579
20.09   7.00    0.567    0.142   0.580   0.072
20.09   7.00    0.567    0.142   0.580   0.071

20.10   0.00    0.071    0.070   0.032   0.036   0.003   0.000   0.000   0.000   0.000   0.000   0.000 1253596000
20.10   3.65   34.632
20.10   7.00    0.255    0.325
20.10   7.00    0.580   39.579
20.10   7.00    0.567    0.142   0.580   0.072
20.10   7.00    0.567    0.142   0.580   0.071

20.11   0.00    0.071    0.070   0.032   0.036   0.003   0.000   0.000   0.000   0.000   0.000   0.000 1254220000
20.11   3.65   34.631
20.11   7.00    0.255    0.325
20.11   7.00    0.580   39.580
20.11   7.00    0.567    0.142   0.580   0.072
20.11   7.00    0.567    0.142   0.580   0.071

20.12   0.00    0.071    0.070   0.032   0.036   0.003   0.000   0.000   0.000   0.000   0.000   0.000 1254844000
20.12   3.65   34.630
20.12   7.00    0.255    0.325
20.12   7.00    0.580   39.580
20.12   7.00    0.567    0.142   0.580   0.072
20.12   7.00    0.567    0.142   0.580   0.071

20.13   0.00    0.071    0.070   0.032   0.036   0.003   0.000   0.000   0.000   0.000   0.000   0.000 1255467000
20.13   3.65   34.629
20.13   7.00    0.255    0.325
20.13   7.00    0.580   39.580
20.13   7.00    0.567    0.142   0.580   0.072
20.13   7.00    0.567    0.142   0.580   0.071

20.14   0.00    0.071    0.070   0.032   0.036   0.003   0.000   0.000   0.000   0.000   0.000   0.000 1256091000
20.14   3.65   34.628
20.14   7.00    0.255    0.325
20.14   7.00    0.580   39.580
20.14   7.00    0.567    0.142   0.580   0.072
20.14   7.00    0.567    0.142   0.580   0.071

20.15   0.00    0.071    0.070   0.032   0.036   0.003   0.000   0.000   0.000   0.000   0.000   0.000 1256715000
20.15   3.65   34.627
20.15   7.00    0.255    0.325
20.15   7.00    0.580   39.581
20.15   7.00    0.567    0.142   0.580   0.072
20.15   7.00    0.567    0.142   0.580   0.071

20.16   0.00    0.071    0.070   0.032   0.036   0.003   0.000   0.000   0.000   0.000   0.000   0.000 1257338000
20.16   3.65   34.626
20.16   7.00    0.255    0.325
20.16   7.00    0.580   39.581
20.16   7.00    0.566    0.142   0.580   0.072
20.16   7.00    0.567    0.142   0.580   0.071

20.17   0.00    0.071    0.070   0.032   0.036   0.003   0.000   0.000   0.000   0.000   0.000   0.000 1257962000
20.17   3.65   34.626
20.17   7.00    0.255    0.325
20.17   7.00    0.580   39.581
20.17   7.00    0.566    0.142   0.580   0.072
20.17   7.00    0.567    0.142   0.580   0.071

20.18   0.00    0.071    0.070   0.032   0.036   0.003   0.000   0.000   0.000   0.000   0.000   0.000 1258586000
20.18   3.65   34.625
20.18   7.00    0.255    0.325
20.18   7.00    0.580   39.581
20.18   7.00    0.566    0.142   0.580   0.072
20.18   7.00    0.567    0.142   0.580   0.071

20.19   0.00    0.071    0.070   0.032   0.036   0.003   0.000   0.000   0.000   0.000   0.000   0.000 1259210000
20.19   3.65   34.624
20.19   7.00    0.255    0.325
20.19   7.00    0.580   39.582
20.19   7.00    0.566    0.142   0.580   0.072
20.19   7.00    0.566    0.142   0.580   0.071

20.20   0.00    0.071    0.070   0.032   0.036   0.003   0.000   0.000   0.000   0.000   0.000   0.000 1259833000
20.20   3.65   34.623
20.20   7.00    0.255    0.325
20.20   7.00    0.579   39.582
20.20   7.00    0.566    0.142   0.579   0.072
20.20   7.00    0.566    0.142   0.579   0.071

20.21   0.00    0.071    0.070   0.032   0.036   0.003   0.000   0.000   0.000   0.000   0.000   0.000 1260457000
20.21   3.65   34.622
20.21   7.00    0.255    0.325
20.21   7.00    0.579   39.582
20.21   7.00    0.566    0.142   0.579   0.072
20.21   7.00    0.566    0.142   0.579   0.071

20.22   0.00    0.071    0.070   0.032   0.036   0.003   0.000   0.000   0.000   0.000   0.000   0.000 1261080000
20.22   3.65   34.621
20.22   7.00    0.255    0.325
20.22   7.00    0.579   39.582
20.22   7.00    0.566    0.142   0.579   0.072
20.22   7.00    0.566    0.142   0.579   0.071

20.23   0.00    0.071    0.070   0.032   0.036   0.003   0.000   0.000   0.000   0.000   0.000   0.000 1261704000
20.23   3.65   34.620
20.23   7.00    0.255    0.325
20.23   7.00    0.579   39.583
20.23   7.00    0.566    0.142   0.579   0.072
20.23   7.00    0.566    0.142   0.579   0.071

20.24   0.00    0.071    0.070   0.032   0.036   0.003   0.000   0.000   0.000   0.000   0.000   0.000 1262328000
20.24   3.65   34.619
20.24   7.00    0.255    0.325
20.24   7.00    0.579   39.583
20.24   7.00    0.566    0.142   0.579   0.072
20.24   7.00    0.566    0.142   0.579   0.071

20.25   0.00    0.071    0.070   0.032   0.036   0.003   0.000   0.000   0.000   0.000   0.000   0.000 1262952000
20.25   3.65   34.618
20.25   7.00    0.255    0.325
20.25   7.00    0.579   39.583
20.25   7.00    0.566    0.142   0.579   0.072
20.25   7.00    0.566    0.142   0.579   0.071

20.26   0.00    0.071    0.070   0.032   0.036   0.003   0.000   0.000   0.000   0.000   0.000   0.000 1263575000
20.26   3.65   34.617
20.26   7.00    0.255    0.325
20.26   7.00    0.579   39.584
20.26   7.00    0.566    0.142   0.579   0.072
20.26   7.00    0.566    0.142   0.579   0.071

20.27   0.00    0.071    0.070   0.032   0.036   0.003   0.000   0.000   0.000   0.000   0.000   0.000 1264199000
20.27   3.64   34.616
20.27   7.00    0.255    0.325
20.27   7.00    0.579   39.584
20.27   7.00    0.566    0.142   0.579   0.072
20.27   7.00    0.566    0.142   0.579   0.071

20.28   0.00    0.071    0.070   0.032   0.036   0.003   0.000   0.000   0.000   0.000   0.000   0.000 1264823000
20.28   3.64   34.615
20.28   7.00    0.255    0.325
20.28   7.00    0.579   39.584
20.28   7.00    0.566    0.142   0.579   0.072
20.28   7.00    0.566    0.142   0.579   0.071

20.29   0.00    0.071    0.070   0.032   0.036   0.003   0.000   0.000   0.000   0.000   0.000   0.000 1265446000
20.29   3.64   34.614
20.29   7.00    0.255    0.325
20.29   7.00    0.579   39.584
20.29   7.00    0.566    0.142   0.579   0.072
20.29   7.00    0.566    0.141   0.579   0.071

20.30   0.00    0.071    0.070   0.032   0.036   0.003   0.000   0.000   0.000   0.000   0.000   0.000 1266070000
20.30   3.64   34.613
20.30   7.00    0.255    0.325
20.30   7.00    0.579   39.585
20.30   7.00    0.566    0.142   0.579   0.072
20.30   7.00    0.566    0.141   0.579   0.071

20.31   0.00    0.071    0.070   0.032   0.036   0.003   0.000   0.000   0.000   0.000   0.000   0.000 1266694000
20.31   3.64   34.612
20.31   7.00    0.255    0.325
20.31   7.00    0.579   39.585
20.31   7.00    0.566    0.142   0.579   0.072
20.31   7.00    0.566    0.141   0.579   0.071

20.32   0.00    0.071    0.070   0.032   0.036   0.003   0.000   0.000   0.000   0.000   0.000   0.000 1267317000
20.32   3.64   34.611
20.32   7.00    0.255    0.325
20.32   7.00    0.579   39.585
20.32   7.00    0.566    0.142   0.579   0.072
20.32   7.00    0.566    0.141   0.579   0.071

20.33   0.00    0.071    0.070   0.032   0.036   0.003   0.000   0.000   0.000   0.000   0.000   0.000 1267941000
20.33   3.64   34.610
20.33   7.00    0.255    0.325
20.33   7.00    0.579   39.585
20.33   7.00    0.566    0.142   0.579   0.072
20.33   7.00    0.566    0.141   0.579   0.071

20.34   0.00    0.071    0.070   0.032   0.036   0.003   0.000   0.000   0.000   0.000   0.000   0.000 1268565000
20.34   3.64   34.609
20.34   7.00    0.254    0.325
20.34   7.00    0.579   39.586
20.34   7.00    0.566    0.142   0.579   0.072
20.34   7.00    0.566    0.141   0.579   0.071

20.35   0.00    0.071    0.070   0.032   0.036   0.003   0.000   0.000   0.000   0.000   0.000   0.000 1269188000
20.35   3.64   34.609
20.35   7.00    0.254    0.325
20.35   7.00    0.579   39.586
20.35   7.00    0.566    0.142   0.579   0.072
20.35   7.00    0.566    0.141   0.579   0.071

20.36   0.00    0.071    0.070   0.032   0.036   0.003   0.000   0.000   0.000   0.000   0.000   0.000 1269812000
20.36   3.64   34.608
20.36   7.00    0.254    0.325
20.36   7.00    0.579   39.586
20.36   7.00    0.566    0.142   0.579   0.072
20.36   7.00    0.566    0.141   0.579   0.071

20.37   0.00    0.071    0.070   0.032   0.036   0.003   0.000   0.000   0.000   0.000   0.000   0.000 1270436000
20.37   3.64   34.607
20.37   7.00    0.254    0.325
20.37   7.00    0.579   39.586
20.37   7.00    0.566    0.142   0.579   0.072
20.37   7.00    0.566    0.141   0.579   0.071

20.38   0.00    0.071    0.070   0.032   0.036   0.003   0.000   0.000   0.000   0.000   0.000   0.000 1271059000
20.38   3.64   34.606
20.38   7.00    0.254    0.325
20.38   7.00    0.579   39.587
20.38   7.00    0.566    0.142   0.579   0.072
20.38   7.00    0.566    0.141   0.579   0.071

20.39   0.00    0.071    0.070   0.032   0.036   0.003   0.000   0.000   0.000   0.000   0.000   0.000 1271683000
20.39   3.64   34.605
20.39   7.00    0.254    0.325
20.39   7.00    0.579   39.587
20.39   7.00    0.566    0.142   0.579   0.072
20.39   7.00    0.566    0.141   0.579   0.071

20.40   0.00    0.071    0.070   0.032   0.036   0.003   0.000   0.000   0.000   0.000   0.000   0.000 1272307000
20.40   3.64   34.604
20.40   7.00    0.254    0.325
20.40   7.00    0.579   39.587
20.40   7.00    0.566    0.142   0.579   0.072
20.40   7.00    0.566    0.141   0.579   0.071

20.41   0.00    0.071    0.070   0.032   0.036   0.003   0.000   0.000   0.000   0.000   0.000   0.000 1272930000
20.41   3.64   34.603
20.41   7.00    0.254    0.325
20.41   7.00    0.579   39.587
20.41   7.00    0.566    0.142   0.579   0.072
20.41   7.00    0.566    0.141   0.579   0.071

20.42   0.00    0.071    0.070   0.032   0.036   0.003   0.000   0.000   0.000   0.000   0.000   0.000 1273554000
20.42   3.64   34.602
20.42   7.00    0.254    0.325
20.42   7.00    0.579   39.588
20.42   7.00    0.566    0.142   0.579   0.072
20.42   7.00    0.566    0.141   0.579   0.071

20.43   0.00    0.071    0.070   0.032   0.036   0.003   0.000   0.000   0.000   0.000   0.000   0.000 1274178000
20.43   3.64   34.601
20.43   7.00    0.254    0.325
20.43   7.00    0.579   39.588
20.43   7.00    0.566    0.142   0.579   0.072
20.43   7.00    0.566    0.141   0.579   0.071

20.44   0.00    0.071    0.070   0.032   0.036   0.003   0.000   0.000   0.000   0.000   0.000   0.000 1274802000
20.44   3.64   34.600
20.44   7.00    0.254    0.325
20.44   7.00    0.579   39.588
20.44   7.00    0.566    0.142   0.579   0.072
20.44   7.00    0.566    0.141   0.579   0.071

20.45   0.00    0.071    0.070   0.032   0.036   0.003   0.000   0.000   0.000   0.000   0.000   0.000 1275425000
20.45   3.64   34.599
20.45   7.00    0.254    0.325
20.45   7.00    0.579   39.588
20.45   7.00    0.566    0.142   0.579   0.072
20.45   7.00    0.566    0.141   0.579   0.071

20.46   0.00    0.071    0.070   0.032   0.036   0.003   0.000   0.000   0.000   0.000   0.000   0.000 1276049000
20.46   3.64   34.598
20.46   7.00    0.254    0.325
20.46   7.00    0.579   39.589
20.46   7.00    0.566    0.142   0.579   0.072
20.46   7.00    0.566    0.141   0.579   0.071

20.47   0.00    0.071    0.070   0.032   0.036   0.003   0.000   0.000   0.000   0.000   0.000   0.000 1276673000
20.47   3.64   34.597
20.47   7.00    0.254    0.325
20.47   7.00    0.579   39.589
20.47   7.00    0.566    0.142   0.579   0.072
20.47   7.00    0.566    0.141   0.579   0.071

20.48   0.00    0.071    0.070   0.032   0.036   0.003   0.000   0.000   0.000   0.000   0.000   0.000 1277296000
20.48   3.64   34.596
20.48   7.00    0.254    0.325
20.48   7.00    0.579   39.589
20.48   7.00    0.565    0.142   0.579   0.072
20.48   7.00    0.566    0.141   0.579   0.071

20.49   0.00    0.071    0.070   0.032   0.036   0.003   0.000   0.000   0.000   0.000   0.000   0.000 1277920000
20.49   3.64   34.595
20.49   7.00    0.254    0.325
20.49   7.00    0.579   39.589
20.49   7.00    0.565    0.142   0.579   0.072
20.49   7.00    0.566    0.141   0.579   0.071

20.50   0.00    0.071    0.070   0.032   0.036   0.003   0.000   0.000   0.000   0.000   0.000   0.000 1278544000
20.50   3.64   34.595
20.50   7.00    0.254    0.325
20.50   7.00    0.579   39.590
20.50   7.00    0.565    0.142   0.579   0.072
20.50   7.00    0.566    0.141   0.579   0.071

20.51   0.00    0.071    0.070   0.032   0.036   0.003   0.000   0.000   0.000   0.000   0.000   0.000 1279167000
20.51   3.64   34.594
20.51   7.00    0.254    0.325
20.51   7.00    0.579   39.590
20.51   7.00    0.565    0.142   0.579   0.072
20.51   7.00    0.565    0.141   0.579   0.071

20.52   0.00    0.071    0.070   0.032   0.036   0.003   0.000   0.000   0.000   0.000   0.000   0.000 1279791000
20.52   3.63   34.593
20.52   7.00    0.254    0.325
20.52   7.00    0.578   39.590
20.52   7.00    0.565    0.142   0.578   0.072
20.52   7.00    0.565    0.141   0.578   0.071

20.53   0.00    0.071    0.070   0.032   0.036   0.003   0.000   0.000   0.000   0.000   0.000   0.000 1280415000
20.53   3.63   34.592
20.53   7.00    0.254    0.325
20.53   7.00    0.578   39.590
20.53   7.00    0.565    0.142   0.578   0.072
20.53   7.00    0.565    0.141   0.578   0.071

20.54   0.00    0.071    0.070   0.032   0.036   0.003   0.000   0.000   0.000   0.000   0.000   0.000 1281038000
20.54   3.63   34.591
20.54   7.00    0.254    0.325
20.54   7.00    0.578   39.591
20.54   7.00    0.565    0.142   0.578   0.072
20.54   7.00    0.565    0.141   0.578   0.071

20.55   0.00    0.071    0.070   0.032   0.036   0.003   0.000   0.000   0.000   0.000   0.000   0.000 1281662000
20.55   3.63   34.590
20.55   7.00    0.254    0.325
20.55   7.00    0.578   39.591
20.55   7.00    0.565    0.142   0.578   0.072
20.55   7.00    0.565    0.141   0.578   0.071

20.56   0.00    0.071    0.070   0.032   0.036   0.003   0.000   0.000   0.000   0.000   0.000   0.000 1282286000
20.56   3.63   34.589
20.56   7.00    0.254    0.325
20.56   7.00    0.578   39.591
20.56   7.00    0.565    0.142   0.578   0.072
20.56   7.00    0.565    0.141   0.578   0.071

20.57   0.00    0.071    0.070   0.032   0.036   0.003   0.000   0.000   0.000   0.000   0.000   0.000 1282909000
20.57   3.63   34.588
20.57   7.00    0.254    0.325
20.57   7.00    0.578   39.591
20.57   7.00    0.565    0.142   0.578   0.072
20.57   7.00    0.565    0.141   0.578   0.071

20.58   0.00    0.071    0.070   0.032   0.036   0.003   0.000   0.000   0.000   0.000   0.000   0.000 1283533000
20.58   3.63   34.587
20.58   7.00    0.254    0.325
20.58   7.00    0.578   39.592
20.58   7.00    0.565    0.142   0.578   0.072
20.58   7.00    0.565    0.141   0.578   0.071

20.59   0.00    0.071    0.070   0.032   0.036   0.003   0.000   0.000   0.000   0.000   0.000   0.000 1284157000
20.59   3.63   34.586
20.59   7.00    0.254    0.325
20.59   7.00    0.578   39.592
20.59   7.00    0.565    0.142   0.578   0.072
20.59   7.00    0.565    0.141   0.578   0.071

20.60   0.00    0.071    0.070   0.032   0.036   0.003   0.000   0.000   0.000   0.000   0.000   0.000 1284780000
20.60   3.63   34.585
20.60   7.00    0.254    0.325
20.60   7.00    0.578   39.592
20.60   7.00    0.565    0.142   0.578   0.072
20.60   7.00    0.565    0.141   0.578   0.071

20.61   0.00    0.071    0.070   0.032   0.036   0.003   0.000   0.000   0.000   0.000   0.000   0.000 1285404000
20.61   3.63   34.584
20.61   7.00    0.254    0.325
20.61   7.00    0.578   39.592
20.61   7.00    0.565    0.142   0.578   0.072
20.61   7.00    0.565    0.141   0.578   0.071

20.62   0.00    0.071    0.070   0.032   0.036   0.003   0.000   0.000   0.000   0.000   0.000   0.000 1286028000
20.62   3.63   34.583
20.62   7.00    0.254    0.325
20.62   7.00    0.578   39.593
20.62   7.00    0.565    0.142   0.578   0.072
20.62   7.00    0.565    0.141   0.578   0.071

20.63   0.00    0.071    0.070   0.032   0.036   0.003   0.000   0.000   0.000   0.000   0.000   0.000 1286651000
20.63   3.63   34.583
20.63   7.00    0.254    0.325
20.63   7.00    0.578   39.593
20.63   7.00    0.565    0.142   0.578   0.072
20.63   7.00    0.565    0.141   0.578   0.071

20.64   0.00    0.071    0.070   0.032   0.036   0.003   0.000   0.000   0.000   0.000   0.000   0.000 1287275000
20.64   3.63   34.582
20.64   7.00    0.254    0.325
20.64   7.00    0.578   39.593
20.64   7.00    0.565    0.142   0.578   0.072
20.64   7.00    0.565    0.141   0.578   0.071

20.65   0.00    0.071    0.070   0.032   0.036   0.003   0.000   0.000   0.000   0.000   0.000   0.000 1287899000
20.65   3.63   34.581
20.65   7.00    0.254    0.325
20.65   7.00    0.578   39.593
20.65   7.00    0.565    0.142   0.578   0.072
20.65   7.00    0.565    0.141   0.578   0.071

20.66   0.00    0.071    0.070   0.032   0.036   0.003   0.000   0.000   0.000   0.000   0.000   0.000 1288522000
20.66   3.63   34.580
20.66   7.00    0.253    0.325
20.66   7.00    0.578   39.594
20.66   7.00    0.565    0.142   0.578   0.072
20.66   7.00    0.565    0.141   0.578   0.071

20.67   0.00    0.071    0.070   0.032   0.036   0.003   0.000   0.000   0.000   0.000   0.000   0.000 1289146000
20.67   3.63   34.579
20.67   7.00    0.253    0.325
20.67   7.00    0.578   39.594
20.67   7.00    0.565    0.142   0.578   0.072
20.67   7.00    0.565    0.141   0.578   0.071

20.68   0.00    0.071    0.070   0.032   0.036   0.003   0.000   0.000   0.000   0.000   0.000   0.000 1289770000
20.68   3.63   34.578
20.68   7.00    0.253    0.325
20.68   7.00    0.578   39.594
20.68   7.00    0.565    0.142   0.578   0.072
20.68   7.00    0.565    0.141   0.578   0.071

20.69   0.00    0.071    0.070   0.032   0.036   0.003   0.000   0.000   0.000   0.000   0.000   0.000 1290394000
20.69   3.63   34.577
20.69   7.00    0.253    0.325
20.69   7.00    0.578   39.594
20.69   7.00    0.565    0.142   0.578   0.072
20.69   7.00    0.565    0.141   0.578   0.071

20.70   0.00    0.071    0.070   0.032   0.036   0.003   0.000   0.000   0.000   0.000   0.000   0.000 1291017000
20.70   3.63   34.576
20.70   7.00    0.253    0.325
20.70   7.00    0.578   39.595
20.70   7.00    0.565    0.142   0.578   0.072
20.70   7.00    0.565    0.141   0.578   0.071

20.71   0.00    0.071    0.070   0.032   0.036   0.003   0.000   0.000   0.000   0.000   0.000   0.000 1291641000
20.71   3.63   34.575
20.71   7.00    0.253    0.325
20.71   7.00    0.578   39.595
20.71   7.00    0.565    0.142   0.578   0.072
20.71   7.00    0.565    0.141   0.578   0.071

20.72   0.00    0.071    0.070   0.032   0.036   0.003   0.000   0.000   0.000   0.000   0.000   0.000 1292264000
20.72   3.63   34.574
20.72   7.00    0.253    0.325
20.72   7.00    0.578   39.595
20.72   7.00    0.565    0.142   0.578   0.072
20.72   7.00    0.565    0.141   0.578   0.071

20.73   0.00    0.071    0.070   0.032   0.036   0.003   0.000   0.000   0.000   0.000   0.000   0.000 1292888000
20.73   3.63   34.573
20.73   7.00    0.253    0.325
20.73   7.00    0.578   39.595
20.73   7.00    0.565    0.142   0.578   0.072
20.73   7.00    0.565    0.141   0.578   0.071

20.74   0.00    0.071    0.070   0.032   0.036   0.003   0.000   0.000   0.000   0.000   0.000   0.000 1293512000
20.74   3.63   34.572
20.74   7.00    0.253    0.325
20.74   7.00    0.578   39.596
20.74   7.00    0.565    0.142   0.578   0.072
20.74   7.00    0.565    0.141   0.578   0.071

20.75   0.00    0.071    0.070   0.032   0.036   0.003   0.000   0.000   0.000   0.000   0.000   0.000 1294136000
20.75   3.63   34.572
20.75   7.00    0.253    0.325
20.75   7.00    0.578   39.596
20.75   7.00    0.565    0.142   0.578   0.072
20.75   7.00    0.565    0.141   0.578   0.071

20.76   0.00    0.071    0.070   0.032   0.036   0.003   0.000   0.000   0.000   0.000   0.000   0.000 1294759000
20.76   3.63   34.571
20.76   7.00    0.253    0.325
20.76   7.00    0.578   39.596
20.76   7.00    0.565    0.142   0.578   0.072
20.76   7.00    0.565    0.141   0.578   0.071

20.77   0.00    0.071    0.070   0.032   0.036   0.003   0.000   0.000   0.000   0.000   0.000   0.000 1295383000
20.77   3.62   34.570
20.77   7.00    0.253    0.325
20.77   7.00    0.578   39.596
20.77   7.00    0.565    0.142   0.578   0.072
20.77   7.00    0.565    0.141   0.578   0.071

20.78   0.00    0.071    0.070   0.032   0.036   0.003   0.000   0.000   0.000   0.000   0.000   0.000 1296007000
20.78   3.62   34.569
20.78   7.00    0.253    0.325
20.78   7.00    0.578   39.597
20.78   7.00    0.565    0.142   0.578   0.072
20.78   7.00    0.565    0.141   0.578   0.071

20.79   0.00    0.071    0.070   0.032   0.036   0.003   0.000   0.000   0.000   0.000   0.000   0.000 1296630000
20.79   3.62   34.568
20.79   7.00    0.253    0.325
20.79   7.00    0.578   39.597
20.79   7.00    0.565    0.142   0.578   0.072
20.79   7.00    0.565    0.141   0.578   0.071

20.80   0.00    0.071    0.070   0.032   0.036   0.003   0.000   0.000   0.000   0.000   0.000   0.000 1297254000
20.80   3.62   34.567
20.80   7.00    0.253    0.325
20.80   7.00    0.578   39.597
20.80   7.00    0.565    0.142   0.578   0.072
20.80   7.00    0.565    0.141   0.578   0.071

20.81   0.00    0.071    0.070   0.032   0.036   0.003   0.000   0.000   0.000   0.000   0.000   0.000 1297878000
20.81   3.62   34.566
20.81   7.00    0.253    0.325
20.81   7.00    0.578   39.597
20.81   7.00    0.565    0.142   0.578   0.072
20.81   7.00    0.565    0.141   0.578   0.071

20.82   0.00    0.071    0.070   0.032   0.036   0.003   0.000   0.000   0.000   0.000   0.000   0.000 1298501000
20.82   3.62   34.565
20.82   7.00    0.253    0.325
20.82   7.00    0.578   39.598
20.82   7.00    0.564    0.142   0.578   0.072
20.82   7.00    0.565    0.141   0.578   0.071

20.83   0.00    0.071    0.070   0.032   0.036   0.003   0.000   0.000   0.000   0.000   0.000   0.000 1299125000
20.83   3.62   34.564
20.83   7.00    0.253    0.325
20.83   7.00    0.578   39.598
20.83   7.00    0.564    0.142   0.578   0.072
20.83   7.00    0.565    0.141   0.578   0.071

20.84   0.00    0.071    0.070   0.032   0.036   0.003   0.000   0.000   0.000   0.000   0.000   0.000 1299749000
20.84   3.62   34.563
20.84   7.00    0.253    0.325
20.84   7.00    0.578   39.598
20.84   7.00    0.564    0.142   0.578   0.072
20.84   7.00    0.565    0.141   0.578   0.071

20.85   0.00    0.071    0.070   0.032   0.036   0.003   0.000   0.000   0.000   0.000   0.000   0.000 1300372000
20.85   3.62   34.562
20.85   7.00    0.253    0.325
20.85   7.00    0.577   39.598
20.85   7.00    0.564    0.142   0.577   0.072
20.85   7.00    0.564    0.141   0.577   0.071

20.86   0.00    0.071    0.070   0.032   0.036   0.003   0.000   0.000   0.000   0.000   0.000   0.000 1300996000
20.86   3.62   34.561
20.86   7.00    0.253    0.325
20.86   7.00    0.577   39.599
20.86   7.00    0.564    0.142   0.577   0.072
20.86   7.00    0.564    0.141   0.577   0.071

20.87   0.00    0.071    0.070   0.032   0.036   0.003   0.000   0.000   0.000   0.000   0.000   0.000 1301620000
20.87   3.62   34.561
20.87   7.00    0.253    0.325
20.87   7.00    0.577   39.599
20.87   7.00    0.564    0.142   0.577   0.072
20.87   7.00    0.564    0.141   0.577   0.071

20.88   0.00    0.071    0.070   0.032   0.036   0.003   0.000   0.000   0.000   0.000   0.000   0.000 1302243000
20.88   3.62   34.560
20.88   7.00    0.253    0.325
20.88   7.00    0.577   39.599
20.88   7.00    0.564    0.142   0.577   0.072
20.88   7.00    0.564    0.141   0.577   0.071

20.89   0.00    0.071    0.070   0.032   0.036   0.003   0.000   0.000   0.000   0.000   0.000   0.000 1302867000
20.89   3.62   34.559
20.89   7.00    0.253    0.325
20.89   7.00    0.577   39.599
20.89   7.00    0.564    0.142   0.577   0.072
20.89   7.00    0.564    0.141   0.577   0.071

20.90   0.00    0.071    0.070   0.032   0.036   0.003   0.000   0.000   0.000   0.000   0.000   0.000 1303491000
20.90   3.62   34.558
20.90   7.00    0.253    0.325
20.90   7.00    0.577   39.600
20.90   7.00    0.564    0.142   0.577   0.072
20.90   7.00    0.564    0.141   0.577   0.071

20.91   0.00    0.071    0.070   0.032   0.036   0.003   0.000   0.000   0.000   0.000   0.000   0.000 1304114000
20.91   3.62   34.557
20.91   7.00    0.253    0.325
20.91   7.00    0.577   39.600
20.91   7.00    0.564    0.142   0.577   0.072
20.91   7.00    0.564    0.141   0.577   0.071

20.92   0.00    0.071    0.070   0.032   0.036   0.003   0.000   0.000   0.000   0.000   0.000   0.000 1304738000
20.92   3.62   34.556
20.92   7.00    0.253    0.325
20.92   7.00    0.577   39.600
20.92   7.00    0.564    0.142   0.577   0.072
20.92   7.00    0.564    0.141   0.577   0.071

20.93   0.00    0.071    0.070   0.032   0.036   0.003   0.000   0.000   0.000   0.000   0.000   0.000 1305362000
20.93   3.62   34.555
20.93   7.00    0.253    0.325
20.93   7.00    0.577   39.600
20.93   7.00    0.564    0.142   0.577   0.072
20.93   7.00    0.564    0.141   0.577   0.071

20.94   0.00    0.071    0.070   0.032   0.036   0.003   0.000   0.000   0.000   0.000   0.000   0.000 1305986000
20.94   3.62   34.554
20.94   7.00    0.253    0.325
20.94   7.00    0.577   39.601
20.94   7.00    0.564    0.142   0.577   0.072
20.94   7.00    0.564    0.141   0.577   0.071

20.95   0.00    0.071    0.070   0.032   0.036   0.003   0.000   0.000   0.000   0.000   0.000   0.000 1306609000
20.95   3.62   34.553
20.95   7.00    0.253    0.325
20.95   7.00    0.577   39.601
20.95   7.00    0.564    0.142   0.577   0.072
20.95   7.00    0.564    0.141   0.577   0.071

20.96   0.00    0.071    0.070   0.032   0.036   0.003   0.000   0.000   0.000   0.000   0.000   0.000 1307233000
20.96   3.62   34.552
20.96   7.00    0.253    0.325
20.96   7.00    0.577   39.601
20.96   7.00    0.564    0.142   0.577   0.072
20.96   7.00    0.564    0.141   0.577   0.071

20.97   0.00    0.071    0.070   0.032   0.036   0.003   0.000   0.000   0.000   0.000   0.000   0.000 1307857000
20.97   3.62   34.551
20.97   7.00    0.253    0.325
20.97   7.00    0.577   39.601
20.97   7.00    0.564    0.142   0.577   0.072
20.97   7.00    0.564    0.141   0.577   0.071

20.98   0.00    0.071    0.070   0.032   0.036   0.003   0.000   0.000   0.000   0.000   0.000   0.000 1308480000
20.98   3.62   34.551
20.98   7.00    0.253    0.325
20.98   7.00    0.577   39.601
20.98   7.00    0.564    0.142   0.577   0.072
20.98   7.00    0.564    0.141   0.577   0.071

20.99   0.00    0.071    0.070   0.032   0.036   0.003   0.000   0.000   0.000   0.000   0.000   0.000 1309104000
20.99   3.62   34.550
20.99   7.00    0.253    0.325
20.99   7.00    0.577   39.602
20.99   7.00    0.564    0.142   0.577   0.072
20.99   7.00    0.564    0.141   0.577   0.071

21.00   0.00    0.071    0.070   0.032   0.036   0.003   0.000   0.000   0.000   0.000   0.000   0.000 1309728000
21.00   3.62   34.549
21.00   7.00    0.252    0.325
21.00   7.00    0.577   39.602
21.00   7.00    0.564    0.142   0.577   0.072
21.00   7.00    0.564    0.141   0.577   0.071

21.01   0.00    0.071    0.070   0.032   0.036   0.003   0.000   0.000   0.000   0.000   0.000   0.000 1310351000
21.01   3.62   34.548
21.01   7.00    0.252    0.325
21.01   7.00    0.577   39.602
21.01   7.00    0.564    0.142   0.577   0.072
21.01   7.00    0.564    0.141   0.577   0.071

21.02   0.00    0.071    0.070   0.032   0.036   0.003   0.000   0.000   0.000   0.000   0.000   0.000 1310975000
21.02   3.61   34.547
21.02   7.00    0.252    0.325
21.02   7.00    0.577   39.602
21.02   7.00    0.564    0.142   0.577   0.072
21.02   7.00    0.564    0.141   0.577   0.071

21.03   0.00    0.071    0.070   0.032   0.036   0.003   0.000   0.000   0.000   0.000   0.000   0.000 1311599000
21.03   3.61   34.546
21.03   7.00    0.252    0.325
21.03   7.00    0.577   39.603
21.03   7.00    0.564    0.142   0.577   0.072
21.03   7.00    0.564    0.141   0.577   0.071

21.04   0.00    0.071    0.070   0.032   0.036   0.003   0.000   0.000   0.000   0.000   0.000   0.000 1312222000
21.04   3.61   34.545
21.04   7.00    0.252    0.325
21.04   7.00    0.577   39.603
21.04   7.00    0.564    0.142   0.577   0.072
21.04   7.00    0.564    0.141   0.577   0.071

21.05   0.00    0.071    0.070   0.032   0.036   0.003   0.000   0.000   0.000   0.000   0.000   0.000 1312846000
21.05   3.61   34.544
21.05   7.00    0.252    0.325
21.05   7.00    0.577   39.603
21.05   7.00    0.564    0.142   0.577   0.072
21.05   7.00    0.564    0.141   0.577   0.071

21.06   0.00    0.071    0.070   0.032   0.036   0.003   0.000   0.000   0.000   0.000   0.000   0.000 1313470000
21.06   3.61   34.543
21.06   7.00    0.252    0.325
21.06   7.00    0.577   39.603
21.06   7.00    0.564    0.142   0.577   0.072
21.06   7.00    0.564    0.141   0.577   0.071

21.07   0.00    0.071    0.070   0.032   0.036   0.003   0.000   0.000   0.000   0.000   0.000   0.000 1314093000
21.07   3.61   34.542
21.07   7.00    0.252    0.325
21.07   7.00    0.577   39.604
21.07   7.00    0.564    0.142   0.577   0.072
21.07   7.00    0.564    0.141   0.577   0.071

21.08   0.00    0.071    0.070   0.032   0.036   0.003   0.000   0.000   0.000   0.000   0.000   0.000 1314717000
21.08   3.61   34.541
21.08   7.00    0.252    0.325
21.08   7.00    0.577   39.604
21.08   7.00    0.564    0.142   0.577   0.072
21.08   7.00    0.564    0.141   0.577   0.071

21.09   0.00    0.071    0.070   0.032   0.036   0.003   0.000   0.000   0.000   0.000   0.000   0.000 1315341000
21.09   3.61   34.541
21.09   7.00    0.252    0.325
21.09   7.00    0.577   39.604
21.09   7.00    0.564    0.142   0.577   0.072
21.09   7.00    0.564    0.141   0.577   0.071

21.10   0.00    0.071    0.070   0.032   0.036   0.003   0.000   0.000   0.000   0.000   0.000   0.000 1315964000
21.10   3.61   34.540
21.10   7.00    0.252    0.325
21.10   7.00    0.577   39.604
21.10   7.00    0.564    0.142   0.577   0.072
21.10   7.00    0.564    0.141   0.577   0.071

21.11   0.00    0.071    0.070   0.032   0.036   0.003   0.000   0.000   0.000   0.000   0.000   0.000 1316588000
21.11   3.61   34.539
21.11   7.00    0.252    0.325
21.11   7.00    0.577   39.605
21.11   7.00    0.564    0.142   0.577   0.072
21.11   7.00    0.564    0.141   0.577   0.071

21.12   0.00    0.071    0.070   0.032   0.036   0.003   0.000   0.000   0.000   0.000   0.000   0.000 1317212000
21.12   3.61   34.538
21.12   7.00    0.252    0.325
21.12   7.00    0.577   39.605
21.12   7.00    0.564    0.142   0.577   0.072
21.12   7.00    0.564    0.141   0.577   0.071

21.13   0.00    0.071    0.070   0.032   0.036   0.003   0.000   0.000   0.000   0.000   0.000   0.000 1317835000
21.13   3.61   34.537
21.13   7.00    0.252    0.325
21.13   7.00    0.577   39.605
21.13   7.00    0.564    0.142   0.577   0.072
21.13   7.00    0.564    0.141   0.577   0.071

21.14   0.00    0.071    0.070   0.032   0.036   0.003   0.000   0.000   0.000   0.000   0.000   0.000 1318459000
21.14   3.61   34.536
21.14   7.00    0.252    0.325
21.14   7.00    0.577   39.605
21.14   7.00    0.564    0.142   0.577   0.072
21.14   7.00    0.564    0.141   0.577   0.071

21.15   0.00    0.071    0.070   0.032   0.036   0.003   0.000   0.000   0.000   0.000   0.000   0.000 1319083000
21.15   3.61   34.535
21.15   7.00    0.252    0.325
21.15   7.00    0.577   39.606
21.15   7.00    0.564    0.142   0.577   0.072
21.15   7.00    0.564    0.141   0.577   0.071

21.16   0.00    0.071    0.070   0.032   0.036   0.003   0.000   0.000   0.000   0.000   0.000   0.000 1319706000
21.16   3.61   34.534
21.16   7.00    0.252    0.325
21.16   7.00    0.577   39.606
21.16   7.00    0.563    0.142   0.577   0.072
21.16   7.00    0.564    0.141   0.577   0.071

21.17   0.00    0.071    0.070   0.032   0.036   0.003   0.000   0.000   0.000   0.000   0.000   0.000 1320330000
21.17   3.61   34.533
21.17   7.00    0.252    0.325
21.17   7.00    0.577   39.606
21.17   7.00    0.563    0.142   0.577   0.072
21.17   7.00    0.564    0.141   0.577   0.071

21.18   0.00    0.071    0.070   0.032   0.036   0.003   0.000   0.000   0.000   0.000   0.000   0.000 1320954000
21.18   3.61   34.532
21.18   7.00    0.252    0.325
21.18   7.00    0.576   39.606
21.18   7.00    0.563    0.142   0.576   0.072
21.18   7.00    0.564    0.141   0.576   0.071

21.19   0.00    0.071    0.070   0.032   0.036   0.003   0.000   0.000   0.000   0.000   0.000   0.000 1321577000
21.19   3.61   34.532
21.19   7.00    0.252    0.325
21.19   7.00    0.576   39.607
21.19   7.00    0.563    0.142   0.576   0.072
21.19   7.00    0.563    0.141   0.576   0.071

21.20   0.00    0.071    0.070   0.032   0.036   0.003   0.000   0.000   0.000   0.000   0.000   0.000 1322201000
21.20   3.61   34.531
21.20   7.00    0.252    0.325
21.20   7.00    0.576   39.607
21.20   7.00    0.563    0.142   0.576   0.072
21.20   7.00    0.563    0.141   0.576   0.071

21.21   0.00    0.071    0.070   0.032   0.036   0.003   0.000   0.000   0.000   0.000   0.000   0.000 1322825000
21.21   3.61   34.530
21.21   7.00    0.252    0.325
21.21   7.00    0.576   39.607
21.21   7.00    0.563    0.142   0.576   0.072
21.21   7.00    0.563    0.141   0.576   0.071

21.22   0.00    0.071    0.070   0.032   0.036   0.003   0.000   0.000   0.000   0.000   0.000   0.000 1323448000
21.22   3.61   34.529
21.22   7.00    0.252    0.325
21.22   7.00    0.576   39.607
21.22   7.00    0.563    0.142   0.576   0.072
21.22   7.00    0.563    0.141   0.576   0.071

21.23   0.00    0.071    0.070   0.032   0.036   0.003   0.000   0.000   0.000   0.000   0.000   0.000 1324072000
21.23   3.61   34.528
21.23   7.00    0.252    0.325
21.23   7.00    0.576   39.608
21.23   7.00    0.563    0.142   0.576   0.072
21.23   7.00    0.563    0.141   0.576   0.071

21.24   0.00    0.071    0.070   0.032   0.036   0.003   0.000   0.000   0.000   0.000   0.000   0.000 1324696000
21.24   3.61   34.527
21.24   7.00    0.252    0.325
21.24   7.00    0.576   39.608
21.24   7.00    0.563    0.142   0.576   0.072
21.24   7.00    0.563    0.141   0.576   0.071

21.25   0.00    0.071    0.070   0.032   0.036   0.003   0.000   0.000   0.000   0.000   0.000   0.000 1325320000
21.25   3.61   34.526
21.25   7.00    0.252    0.325
21.25   7.00    0.576   39.608
21.25   7.00    0.563    0.142   0.576   0.072
21.25   7.00    0.563    0.141   0.576   0.071

21.26   0.00    0.071    0.070   0.032   0.036   0.003   0.000   0.000   0.000   0.000   0.000   0.000 1325943000
21.26   3.61   34.525
21.26   7.00    0.252    0.325
21.26   7.00    0.576   39.608
21.26   7.00    0.563    0.142   0.576   0.072
21.26   7.00    0.563    0.141   0.576   0.071

21.27   0.00    0.071    0.070   0.032   0.036   0.003   0.000   0.000   0.000   0.000   0.000   0.000 1326567000
21.27   3.61   34.524
21.27   7.00    0.252    0.325
21.27   7.00    0.576   39.609
21.27   7.00    0.563    0.142   0.576   0.072
21.27   7.00    0.563    0.141   0.576   0.071

21.28   0.00    0.071    0.070   0.032   0.036   0.003   0.000   0.000   0.000   0.000   0.000   0.000 1327191000
21.28   3.60   34.523
21.28   7.00    0.252    0.325
21.28   7.00    0.576   39.609
21.28   7.00    0.563    0.142   0.576   0.072
21.28   7.00    0.563    0.141   0.576   0.071

21.29   0.00    0.071    0.070   0.032   0.036   0.003   0.000   0.000   0.000   0.000   0.000   0.000 1327814000
21.29   3.60   34.522
21.29   7.00    0.252    0.325
21.29   7.00    0.576   39.609
21.29   7.00    0.563    0.142   0.576   0.072
21.29   7.00    0.563    0.141   0.576   0.071

21.30   0.00    0.071    0.070   0.032   0.036   0.003   0.000   0.000   0.000   0.000   0.000   0.000 1328438000
21.30   3.60   34.522
21.30   7.00    0.252    0.325
21.30   7.00    0.576   39.609
21.30   7.00    0.563    0.142   0.576   0.072
21.30   7.00    0.563    0.141   0.576   0.071

21.31   0.00    0.071    0.070   0.032   0.036   0.003   0.000   0.000   0.000   0.000   0.000   0.000 1329062000
21.31   3.60   34.521
21.31   7.00    0.252    0.325
21.31   7.00    0.576   39.610
21.31   7.00    0.563    0.142   0.576   0.072
21.31   7.00    0.563    0.141   0.576   0.071

21.32   0.00    0.071    0.070   0.032   0.036   0.003   0.000   0.000   0.000   0.000   0.000   0.000 1329685000
21.32   3.60   34.520
21.32   7.00    0.252    0.325
21.32   7.00    0.576   39.610
21.32   7.00    0.563    0.142   0.576   0.072
21.32   7.00    0.563    0.141   0.576   0.071

21.33   0.00    0.071    0.070   0.032   0.036   0.003   0.000   0.000   0.000   0.000   0.000   0.000 1330309000
21.33   3.60   34.519
21.33   7.00    0.252    0.325
21.33   7.00    0.576   39.610
21.33   7.00    0.563    0.142   0.576   0.072
21.33   7.00    0.563    0.141   0.576   0.071

21.34   0.00    0.071    0.070   0.032   0.036   0.003   0.000   0.000   0.000   0.000   0.000   0.000 1330933000
21.34   3.60   34.518
21.34   7.00    0.251    0.325
21.34   7.00    0.576   39.610
21.34   7.00    0.563    0.142   0.576   0.072
21.34   7.00    0.563    0.141   0.576   0.071

21.35   0.00    0.071    0.070   0.032   0.036   0.003   0.000   0.000   0.000   0.000   0.000   0.000 1331556000
21.35   3.60   34.517
21.35   7.00    0.251    0.325
21.35   7.00    0.576   39.611
21.35   7.00    0.563    0.142   0.576   0.072
21.35   7.00    0.563    0.141   0.576   0.071

21.36   0.00    0.071    0.070   0.032   0.036   0.003   0.000   0.000   0.000   0.000   0.000   0.000 1332180000
21.36   3.60   34.516
21.36   7.00    0.251    0.325
21.36   7.00    0.576   39.611
21.36   7.00    0.563    0.142   0.576   0.072
21.36   7.00    0.563    0.141   0.576   0.071

21.37   0.00    0.071    0.070   0.032   0.036   0.003   0.000   0.000   0.000   0.000   0.000   0.000 1332804000
21.37   3.60   34.515
21.37   7.00    0.251    0.325
21.37   7.00    0.576   39.611
21.37   7.00    0.563    0.142   0.576   0.072
21.37   7.00    0.563    0.141   0.576   0.071

21.38   0.00    0.071    0.070   0.032   0.036   0.003   0.000   0.000   0.000   0.000   0.000   0.000 1333427000
21.38   3.60   34.514
21.38   7.00    0.251    0.325
21.38   7.00    0.576   39.611
21.38   7.00    0.563    0.142   0.576   0.072
21.38   7.00    0.563    0.141   0.576   0.071

21.39   0.00    0.071    0.070   0.032   0.036   0.003   0.000   0.000   0.000   0.000   0.000   0.000 1334051000
21.39   3.60   34.513
21.39   7.00    0.251    0.325
21.39   7.00    0.576   39.612
21.39   7.00    0.563    0.142   0.576   0.072
21.39   7.00    0.563    0.141   0.576   0.071

21.40   0.00    0.071    0.070   0.032   0.036   0.003   0.000   0.000   0.000   0.000   0.000   0.000 1334675000
21.40   3.60   34.512
21.40   7.00    0.251    0.325
21.40   7.00    0.576   39.612
21.40   7.00    0.563    0.142   0.576   0.072
21.40   7.00    0.563    0.141   0.576   0.071

21.41   0.00    0.071    0.070   0.032   0.036   0.003   0.000   0.000   0.000   0.000   0.000   0.000 1335298000
21.41   3.60   34.512
21.41   7.00    0.251    0.325
21.41   7.00    0.576   39.612
21.41   7.00    0.563    0.142   0.576   0.072
21.41   7.00    0.563    0.141   0.576   0.071

21.42   0.00    0.071    0.070   0.032   0.036   0.003   0.000   0.000   0.000   0.000   0.000   0.000 1335922000
21.42   3.60   34.511
21.42   7.00    0.251    0.325
21.42   7.00    0.576   39.612
21.42   7.00    0.563    0.142   0.576   0.072
21.42   7.00    0.563    0.141   0.576   0.071

21.43   0.00    0.071    0.070   0.032   0.036   0.003   0.000   0.000   0.000   0.000   0.000   0.000 1336546000
21.43   3.60   34.510
21.43   7.00    0.251    0.325
21.43   7.00    0.576   39.613
21.43   7.00    0.563    0.141   0.576   0.072
21.43   7.00    0.563    0.141   0.576   0.071

21.44   0.00    0.071    0.070   0.032   0.036   0.003   0.000   0.000   0.000   0.000   0.000   0.000 1337170000
21.44   3.60   34.509
21.44   7.00    0.251    0.325
21.44   7.00    0.576   39.613
21.44   7.00    0.563    0.141   0.576   0.072
21.44   7.00    0.563    0.141   0.576   0.071

21.45   0.00    0.071    0.070   0.032   0.036   0.003   0.000   0.000   0.000   0.000   0.000   0.000 1337793000
21.45   3.60   34.508
21.45   7.00    0.251    0.325
21.45   7.00    0.576   39.613
21.45   7.00    0.563    0.141   0.576   0.072
21.45   7.00    0.563    0.141   0.576   0.071

21.46   0.00    0.071    0.070   0.032   0.036   0.003   0.000   0.000   0.000   0.000   0.000   0.000 1338417000
21.46   3.60   34.507
21.46   7.00    0.251    0.325
21.46   7.00    0.576   39.613
21.46   7.00    0.563    0.141   0.576   0.072
21.46   7.00    0.563    0.141   0.576   0.071

21.47   0.00    0.071    0.070   0.032   0.036   0.003   0.000   0.000   0.000   0.000   0.000   0.000 1339041000
21.47   3.60   34.506
21.47   7.00    0.251    0.325
21.47   7.00    0.576   39.614
21.47   7.00    0.563    0.141   0.576   0.072
21.47   7.00    0.563    0.141   0.576   0.071

21.48   0.00    0.071    0.070   0.032   0.036   0.003   0.000   0.000   0.000   0.000   0.000   0.000 1339664000
21.48   3.60   34.505
21.48   7.00    0.251    0.325
21.48   7.00    0.576   39.614
21.48   7.00    0.563    0.141   0.576   0.072
21.48   7.00    0.563    0.141   0.576   0.071

21.49   0.00    0.071    0.070   0.032   0.036   0.003   0.000   0.000   0.000   0.000   0.000   0.000 1340288000
21.49   3.60   34.504
21.49   7.00    0.251    0.325
21.49   7.00    0.576   39.614
21.49   7.00    0.563    0.141   0.576   0.072
21.49   7.00    0.563    0.141   0.576   0.071

21.50   0.00    0.071    0.070   0.032   0.036   0.003   0.000   0.000   0.000   0.000   0.000   0.000 1340912000
21.50   3.60   34.503
21.50   7.00    0.251    0.325
21.50   7.00    0.576   39.614
21.50   7.00    0.563    0.141   0.576   0.072
21.50   7.00    0.563    0.141   0.576   0.071

21.51   0.00    0.071    0.070   0.032   0.036   0.003   0.000   0.000   0.000   0.000   0.000   0.000 1341535000
21.51   3.60   34.502
21.51   7.00    0.251    0.325
21.51   7.00    0.576   39.615
21.51   7.00    0.563    0.141   0.576   0.072
21.51   7.00    0.563    0.141   0.576   0.071

21.52   0.00    0.071    0.070   0.032   0.036   0.003   0.000   0.000   0.000   0.000   0.000   0.000 1342159000
21.52   3.60   34.502
21.52   7.00    0.251    0.325
21.52   7.00    0.576   39.615
21.52   7.00    0.562    0.141   0.576   0.072
21.52   7.00    0.563    0.141   0.576   0.071

21.53   0.00    0.071    0.070   0.032   0.036   0.003   0.000   0.000   0.000   0.000   0.000   0.000 1342783000
21.53   3.60   34.501
21.53   7.00    0.251    0.325
21.53   7.00    0.575   39.615
21.53   7.00    0.562    0.141   0.575   0.072
21.53   7.00    0.563    0.141   0.575   0.071

21.54   0.00    0.071    0.070   0.032   0.036   0.003   0.000   0.000   0.000   0.000   0.000   0.000 1343406000
21.54   3.59   34.500
21.54   7.00    0.251    0.325
21.54   7.00    0.575   39.615
21.54   7.00    0.562    0.141   0.575   0.072
21.54   7.00    0.563    0.141   0.575   0.071

21.55   0.00    0.071    0.070   0.032   0.036   0.003   0.000   0.000   0.000   0.000   0.000   0.000 1344030000
21.55   3.59   34.499
21.55   7.00    0.251    0.325
21.55   7.00    0.575   39.616
21.55   7.00    0.562    0.141   0.575   0.072
21.55   7.00    0.562    0.141   0.575   0.071

21.56   0.00    0.071    0.070   0.032   0.036   0.003   0.000   0.000   0.000   0.000   0.000   0.000 1344654000
21.56   3.59   34.498
21.56   7.00    0.251    0.325
21.56   7.00    0.575   39.616
21.56   7.00    0.562    0.141   0.575   0.072
21.56   7.00    0.562    0.141   0.575   0.071

21.57   0.00    0.071    0.070   0.032   0.036   0.003   0.000   0.000   0.000   0.000   0.000   0.000 1345277000
21.57   3.59   34.497
21.57   7.00    0.251    0.325
21.57   7.00    0.575   39.616
21.57   7.00    0.562    0.141   0.575   0.072
21.57   7.00    0.562    0.141   0.575   0.071

21.58   0.00    0.071    0.070   0.032   0.036   0.003   0.000   0.000   0.000   0.000   0.000   0.000 1345901000
21.58   3.59   34.496
21.58   7.00    0.251    0.325
21.58   7.00    0.575   39.616
21.58   7.00    0.562    0.141   0.575   0.072
21.58   7.00    0.562    0.141   0.575   0.071

21.59   0.00    0.071    0.070   0.032   0.036   0.003   0.000   0.000   0.000   0.000   0.000   0.000 1346525000
21.59   3.59   34.495
21.59   7.00    0.251    0.325
21.59   7.00    0.575   39.616
21.59   7.00    0.562    0.141   0.575   0.072
21.59   7.00    0.562    0.141   0.575   0.071

21.60   0.00    0.071    0.070   0.032   0.036   0.003   0.000   0.000   0.000   0.000   0.000   0.000 1347148000
21.60   3.59   34.494
21.60   7.00    0.251    0.325
21.60   7.00    0.575   39.617
21.60   7.00    0.562    0.141   0.575   0.072
21.60   7.00    0.562    0.141   0.575   0.071

21.61   0.00    0.071    0.070   0.032   0.036   0.003   0.000   0.000   0.000   0.000   0.000   0.000 1347772000
21.61   3.59   34.493
21.61   7.00    0.251    0.325
21.61   7.00    0.575   39.617
21.61   7.00    0.562    0.141   0.575   0.072
21.61   7.00    0.562    0.141   0.575   0.071

21.62   0.00    0.071    0.070   0.032   0.036   0.003   0.000   0.000   0.000   0.000   0.000   0.000 1348396000
21.62   3.59   34.492
21.62   7.00    0.251    0.325
21.62   7.00    0.575   39.617
21.62   7.00    0.562    0.141   0.575   0.072
21.62   7.00    0.562    0.141   0.575   0.071

21.63   0.00    0.071    0.070   0.032   0.036   0.003   0.000   0.000   0.000   0.000   0.000   0.000 1349019000
21.63   3.59   34.492
21.63   7.00    0.251    0.325
21.63   7.00    0.575   39.617
21.63   7.00    0.562    0.141   0.575   0.072
21.63   7.00    0.562    0.141   0.575   0.071

21.64   0.00    0.071    0.070   0.032   0.036   0.003   0.000   0.000   0.000   0.000   0.000   0.000 1349643000
21.64   3.59   34.491
21.64   7.00    0.251    0.325
21.64   7.00    0.575   39.618
21.64   7.00    0.562    0.141   0.575   0.072
21.64   7.00    0.562    0.141   0.575   0.071

21.65   0.00    0.071    0.070   0.032   0.036   0.003   0.000   0.000   0.000   0.000   0.000   0.000 1350267000
21.65   3.59   34.490
21.65   7.00    0.251    0.325
21.65   7.00    0.575   39.618
21.65   7.00    0.562    0.141   0.575   0.072
21.65   7.00    0.562    0.141   0.575   0.071

21.66   0.00    0.071    0.070   0.032   0.036   0.003   0.000   0.000   0.000   0.000   0.000   0.000 1350890000
21.66   3.59   34.489
21.66   7.00    0.251    0.325
21.66   7.00    0.575   39.618
21.66   7.00    0.562    0.141   0.575   0.072
21.66   7.00    0.562    0.141   0.575   0.071

21.67   0.00    0.071    0.070   0.032   0.036   0.003   0.000   0.000   0.000   0.000   0.000   0.000 1351514000
21.67   3.59   34.488
21.67   7.00    0.251    0.325
21.67   7.00    0.575   39.618
21.67   7.00    0.562    0.141   0.575   0.072
21.67   7.00    0.562    0.141   0.575   0.071

21.68   0.00    0.071    0.070   0.032   0.036   0.003   0.000   0.000   0.000   0.000   0.000   0.000 1352138000
21.68   3.59   34.487
21.68   7.00    0.251    0.325
21.68   7.00    0.575   39.619
21.68   7.00    0.562    0.141   0.575   0.072
21.68   7.00    0.562    0.141   0.575   0.071

21.69   0.00    0.071    0.070   0.032   0.036   0.003   0.000   0.000   0.000   0.000   0.000   0.000 1352761000
21.69   3.59   34.486
21.69   7.00    0.250    0.325
21.69   7.00    0.575   39.619
21.69   7.00    0.562    0.141   0.575   0.072
21.69   7.00    0.562    0.141   0.575   0.071

21.70   0.00    0.071    0.070   0.032   0.036   0.003   0.000   0.000   0.000   0.000   0.000   0.000 1353385000
21.70   3.59   34.485
21.70   7.00    0.250    0.325
21.70   7.00    0.575   39.619
21.70   7.00    0.562    0.141   0.575   0.072
21.70   7.00    0.562    0.141   0.575   0.071

21.71   0.00    0.071    0.070   0.032   0.036   0.003   0.000   0.000   0.000   0.000   0.000   0.000 1354009000
21.71   3.59   34.484
21.71   7.00    0.250    0.325
21.71   7.00    0.575   39.619
21.71   7.00    0.562    0.141   0.575   0.072
21.71   7.00    0.562    0.141   0.575   0.071

21.72   0.00    0.071    0.070   0.032   0.036   0.003   0.000   0.000   0.000   0.000   0.000   0.000 1354632000
21.72   3.59   34.483
21.72   7.00    0.250    0.325
21.72   7.00    0.575   39.620
21.72   7.00    0.562    0.141   0.575   0.072
21.72   7.00    0.562    0.141   0.575   0.071

21.73   0.00    0.071    0.070   0.032   0.036   0.003   0.000   0.000   0.000   0.000   0.000   0.000 1355256000
21.73   3.59   34.482
21.73   7.00    0.250    0.325
21.73   7.00    0.575   39.620
21.73   7.00    0.562    0.141   0.575   0.072
21.73   7.00    0.562    0.141   0.575   0.071

21.74   0.00    0.071    0.070   0.032   0.036   0.003   0.000   0.000   0.000   0.000   0.000   0.000 1355880000
21.74   3.59   34.481
21.74   7.00    0.250    0.325
21.74   7.00    0.575   39.620
21.74   7.00    0.562    0.141   0.575   0.072
21.74   7.00    0.562    0.141   0.575   0.071

21.75   0.00    0.071    0.070   0.032   0.036   0.003   0.000   0.000   0.000   0.000   0.000   0.000 1356504000
21.75   3.59   34.481
21.75   7.00    0.250    0.325
21.75   7.00    0.575   39.620
21.75   7.00    0.562    0.141   0.575   0.072
21.75   7.00    0.562    0.141   0.575   0.071

21.76   0.00    0.071    0.070   0.032   0.036   0.003   0.000   0.000   0.000   0.000   0.000   0.000 1357127000
21.76   3.59   34.480
21.76   7.00    0.250    0.325
21.76   7.00    0.575   39.621
21.76   7.00    0.562    0.141   0.575   0.072
21.76   7.00    0.562    0.141   0.575   0.071

21.77   0.00    0.071    0.070   0.032   0.036   0.003   0.000   0.000   0.000   0.000   0.000   0.000 1357751000
21.77   3.59   34.479
21.77   7.00    0.250    0.325
21.77   7.00    0.575   39.621
21.77   7.00    0.562    0.141   0.575   0.072
21.77   7.00    0.562    0.141   0.575   0.071

21.78   0.00    0.071    0.070   0.032   0.036   0.003   0.000   0.000   0.000   0.000   0.000   0.000 1358375000
21.78   3.59   34.478
21.78   7.00    0.250    0.325
21.78   7.00    0.575   39.621
21.78   7.00    0.562    0.141   0.575   0.072
21.78   7.00    0.562    0.141   0.575   0.071

21.79   0.00    0.071    0.070   0.032   0.036   0.003   0.000   0.000   0.000   0.000   0.000   0.000 1358998000
21.79   3.59   34.477
21.79   7.00    0.250    0.325
21.79   7.00    0.575   39.621
21.79   7.00    0.562    0.141   0.575   0.072
21.79   7.00    0.562    0.141   0.575   0.071

21.80   0.00    0.071    0.070   0.032   0.036   0.003   0.000   0.000   0.000   0.000   0.000   0.000 1359622000
21.80   3.58   34.476
21.80   7.00    0.250    0.325
21.80   7.00    0.575   39.622
21.80   7.00    0.562    0.141   0.575   0.072
21.80   7.00    0.562    0.141   0.575   0.071

21.81   0.00    0.071    0.070   0.032   0.036   0.003   0.000   0.000   0.000   0.000   0.000   0.000 1360246000
21.81   3.58   34.475
21.81   7.00    0.250    0.325
21.81   7.00    0.575   39.622
21.81   7.00    0.562    0.141   0.575   0.072
21.81   7.00    0.562    0.141   0.575   0.071

21.82   0.00    0.071    0.070   0.032   0.036   0.003   0.000   0.000   0.000   0.000   0.000   0.000 1360869000
21.82   3.58   34.474
21.82   7.00    0.250    0.325
21.82   7.00    0.575   39.622
21.82   7.00    0.562    0.141   0.575   0.072
21.82   7.00    0.562    0.141   0.575   0.071

21.83   0.00    0.071    0.070   0.032   0.036   0.003   0.000   0.000   0.000   0.000   0.000   0.000 1361493000
21.83   3.58   34.473
21.83   7.00    0.250    0.325
21.83   7.00    0.575   39.622
21.83   7.00    0.562    0.141   0.575   0.072
21.83   7.00    0.562    0.141   0.575   0.071

21.84   0.00    0.071    0.070   0.032   0.036   0.003   0.000   0.000   0.000   0.000   0.000   0.000 1362117000
21.84   3.58   34.472
21.84   7.00    0.250    0.325
21.84   7.00    0.575   39.623
21.84   7.00    0.562    0.141   0.575   0.072
21.84   7.00    0.562    0.141   0.575   0.071

21.85   0.00    0.071    0.070   0.032   0.036   0.003   0.000   0.000   0.000   0.000   0.000   0.000 1362740000
21.85   3.58   34.471
21.85   7.00    0.250    0.325
21.85   7.00    0.575   39.623
21.85   7.00    0.562    0.141   0.575   0.072
21.85   7.00    0.562    0.141   0.575   0.071

21.86   0.00    0.071    0.070   0.032   0.036   0.003   0.000   0.000   0.000   0.000   0.000   0.000 1363364000
21.86   3.58   34.470
21.86   7.00    0.250    0.325
21.86   7.00    0.575   39.623
21.86   7.00    0.562    0.141   0.575   0.072
21.86   7.00    0.562    0.141   0.575   0.071

21.87   0.00    0.071    0.070   0.032   0.036   0.003   0.000   0.000   0.000   0.000   0.000   0.000 1363988000
21.87   3.58   34.469
21.87   7.00    0.250    0.325
21.87   7.00    0.575   39.623
21.87   7.00    0.562    0.141   0.575   0.072
21.87   7.00    0.562    0.141   0.575   0.071

21.88   0.00    0.071    0.070   0.032   0.036   0.003   0.000   0.000   0.000   0.000   0.000   0.000 1364611000
21.88   3.58   34.469
21.88   7.00    0.250    0.325
21.88   7.00    0.575   39.624
21.88   7.00    0.561    0.141   0.575   0.072
21.88   7.00    0.562    0.141   0.575   0.071

21.89   0.00    0.071    0.070   0.032   0.036   0.003   0.000   0.000   0.000   0.000   0.000   0.000 1365235000
21.89   3.58   34.468
21.89   7.00    0.250    0.325
21.89   7.00    0.574   39.624
21.89   7.00    0.561    0.141   0.574   0.072
21.89   7.00    0.562    0.141   0.574   0.071

21.90   0.00    0.071    0.070   0.032   0.036   0.003   0.000   0.000   0.000   0.000   0.000   0.000 1365859000
21.90   3.58   34.467
21.90   7.00    0.250    0.325
21.90   7.00    0.574   39.624
21.90   7.00    0.561    0.141   0.574   0.072
21.90   7.00    0.562    0.141   0.574   0.071

21.91   0.00    0.071    0.070   0.032   0.036   0.003   0.000   0.000   0.000   0.000   0.000   0.000 1366482000
21.91   3.58   34.466
21.91   7.00    0.250    0.325
21.91   7.00    0.574   39.624
21.91   7.00    0.561    0.141   0.574   0.072
21.91   7.00    0.561    0.141   0.574   0.071

21.92   0.00    0.071    0.070   0.032   0.036   0.003   0.000   0.000   0.000   0.000   0.000   0.000 1367106000
21.92   3.58   34.465
21.92   7.00    0.250    0.325
21.92   7.00    0.574   39.625
21.92   7.00    0.561    0.141   0.574   0.072
21.92   7.00    0.561    0.141   0.574   0.071

21.93   0.00    0.071    0.070   0.032   0.036   0.003   0.000   0.000   0.000   0.000   0.000   0.000 1367730000
21.93   3.58   34.464
21.93   7.00    0.250    0.325
21.93   7.00    0.574   39.625
21.93   7.00    0.561    0.141   0.574   0.072
21.93   7.00    0.561    0.141   0.574   0.071

21.94   0.00    0.071    0.070   0.032   0.036   0.003   0.000   0.000   0.000   0.000   0.000   0.000 1368354000
21.94   3.58   34.463
21.94   7.00    0.250    0.325
21.94   7.00    0.574   39.625
21.94   7.00    0.561    0.141   0.574   0.072
21.94   7.00    0.561    0.141   0.574   0.071

21.95   0.00    0.071    0.070   0.032   0.036   0.003   0.000   0.000   0.000   0.000   0.000   0.000 1368977000
21.95   3.58   34.462
21.95   7.00    0.250    0.325
21.95   7.00    0.574   39.625
21.95   7.00    0.561    0.141   0.574   0.072
21.95   7.00    0.561    0.141   0.574   0.071

21.96   0.00    0.071    0.070   0.032   0.036   0.003   0.000   0.000   0.000   0.000   0.000   0.000 1369601000
21.96   3.58   34.461
21.96   7.00    0.250    0.325
21.96   7.00    0.574   39.625
21.96   7.00    0.561    0.141   0.574   0.072
21.96   7.00    0.561    0.141   0.574   0.071

21.97   0.00    0.071    0.070   0.032   0.036   0.003   0.000   0.000   0.000   0.000   0.000   0.000 1370225000
21.97   3.58   34.460
21.97   7.00    0.250    0.325
21.97   7.00    0.574   39.626
21.97   7.00    0.561    0.141   0.574   0.072
21.97   7.00    0.561    0.141   0.574   0.071

21.98   0.00    0.071    0.070   0.032   0.036   0.003   0.000   0.000   0.000   0.000   0.000   0.000 1370848000
21.98   3.58   34.459
21.98   7.00    0.250    0.325
21.98   7.00    0.574   39.626
21.98   7.00    0.561    0.141   0.574   0.072
21.98   7.00    0.561    0.141   0.574   0.071

21.99   0.00    0.071    0.070   0.032   0.036   0.003   0.000   0.000   0.000   0.000   0.000   0.000 1371472000
21.99   3.58   34.458
21.99   7.00    0.250    0.325
21.99   7.00    0.574   39.626
21.99   7.00    0.561    0.141   0.574   0.072
21.99   7.00    0.561    0.141   0.574   0.071

22.00   0.00    0.071    0.070   0.032   0.036   0.003   0.000   0.000   0.000   0.000   0.000   0.000 1372096000
22.00   3.58   34.457
22.00   7.00    0.250    0.325
22.00   7.00    0.574   39.626
22.00   7.00    0.561    0.141   0.574   0.072
22.00   7.00    0.561    0.141   0.574   0.071

22.01   0.00    0.071    0.070   0.032   0.036   0.003   0.000   0.000   0.000   0.000   0.000   0.000 1372719000
22.01   3.58   34.456
22.01   7.00    0.250    0.325
22.01   7.00    0.574   39.627
22.01   7.00    0.561    0.141   0.574   0.072
22.01   7.00    0.561    0.140   0.574   0.071

22.02   0.00    0.071    0.070   0.032   0.036   0.003   0.000   0.000   0.000   0.000   0.000   0.000 1373343000
22.02   3.58   34.456
22.02   7.00    0.250    0.325
22.02   7.00    0.574   39.627
22.02   7.00    0.561    0.141   0.574   0.072
22.02   7.00    0.561    0.140   0.574   0.071

22.03   0.00    0.071    0.070   0.032   0.036   0.003   0.000   0.000   0.000   0.000   0.000   0.000 1373967000
22.03   3.58   34.455
22.03   7.00    0.250    0.325
22.03   7.00    0.574   39.627
22.03   7.00    0.561    0.141   0.574   0.072
22.03   7.00    0.561    0.140   0.574   0.071

22.04   0.00    0.071    0.070   0.032   0.036   0.003   0.000   0.000   0.000   0.000   0.000   0.000 1374590000
22.04   3.58   34.454
22.04   7.00    0.250    0.325
22.04   7.00    0.574   39.627
22.04   7.00    0.561    0.141   0.574   0.072
22.04   7.00    0.561    0.140   0.574   0.071

22.05   0.00    0.071    0.070   0.032   0.036   0.003   0.000   0.000   0.000   0.000   0.000   0.000 1375214000
22.05   3.58   34.453
22.05   7.00    0.250    0.325
22.05   7.00    0.574   39.628
22.05   7.00    0.561    0.141   0.574   0.072
22.05   7.00    0.561    0.140   0.574   0.071

22.06   0.00    0.071    0.070   0.032   0.036   0.003   0.000   0.000   0.000   0.000   0.000   0.000 1375838000
22.06   3.57   34.452
22.06   7.00    0.249    0.325
22.06   7.00    0.574   39.628
22.06   7.00    0.561    0.141   0.574   0.072
22.06   7.00    0.561    0.140   0.574   0.071

22.07   0.00    0.071    0.070   0.032   0.036   0.003   0.000   0.000   0.000   0.000   0.000   0.000 1376461000
22.07   3.57   34.451
22.07   7.00    0.249    0.325
22.07   7.00    0.574   39.628
22.07   7.00    0.561    0.141   0.574   0.072
22.07   7.00    0.561    0.140   0.574   0.071

22.08   0.00    0.071    0.070   0.032   0.036   0.003   0.000   0.000   0.000   0.000   0.000   0.000 1377085000
22.08   3.57   34.450
22.08   7.00    0.249    0.325
22.08   7.00    0.574   39.628
22.08   7.00    0.561    0.141   0.574   0.072
22.08   7.00    0.561    0.140   0.574   0.071

22.09   0.00    0.071    0.070   0.032   0.036   0.003   0.000   0.000   0.000   0.000   0.000   0.000 1377709000
22.09   3.57   34.449
22.09   7.00    0.249    0.325
22.09   7.00    0.574   39.629
22.09   7.00    0.561    0.141   0.574   0.072
22.09   7.00    0.561    0.140   0.574   0.071

22.10   0.00    0.071    0.070   0.032   0.036   0.003   0.000   0.000   0.000   0.000   0.000   0.000 1378332000
22.10   3.57   34.448
22.10   7.00    0.249    0.325
22.10   7.00    0.574   39.629
22.10   7.00    0.561    0.141   0.574   0.072
22.10   7.00    0.561    0.140   0.574   0.071

22.11   0.00    0.071    0.070   0.032   0.036   0.003   0.000   0.000   0.000   0.000   0.000   0.000 1378956000
22.11   3.57   34.447
22.11   7.00    0.249    0.325
22.11   7.00    0.574   39.629
22.11   7.00    0.561    0.141   0.574   0.072
22.11   7.00    0.561    0.140   0.574   0.071

22.12   0.00    0.071    0.070   0.032   0.036   0.003   0.000   0.000   0.000   0.000   0.000   0.000 1379580000
22.12   3.57   34.446
22.12   7.00    0.249    0.325
22.12   7.00    0.574   39.629
22.12   7.00    0.561    0.141   0.574   0.072
22.12   7.00    0.561    0.140   0.574   0.071

22.13   0.00    0.071    0.070   0.032   0.036   0.003   0.000   0.000   0.000   0.000   0.000   0.000 1380203000
22.13   3.57   34.445
22.13   7.00    0.249    0.325
22.13   7.00    0.574   39.630
22.13   7.00    0.561    0.141   0.574   0.072
22.13   7.00    0.561    0.140   0.574   0.071

22.14   0.00    0.071    0.070   0.032   0.036   0.003   0.000   0.000   0.000   0.000   0.000   0.000 1380827000
22.14   3.57   34.444
22.14   7.00    0.249    0.325
22.14   7.00    0.574   39.630
22.14   7.00    0.561    0.141   0.574   0.072
22.14   7.00    0.561    0.140   0.574   0.071

22.15   0.00    0.071    0.070   0.032   0.036   0.003   0.000   0.000   0.000   0.000   0.000   0.000 1381451000
22.15   3.57   34.443
22.15   7.00    0.249    0.325
22.15   7.00    0.574   39.630
22.15   7.00    0.561    0.141   0.574   0.072
22.15   7.00    0.561    0.140   0.574   0.071

22.16   0.00    0.071    0.070   0.032   0.036   0.003   0.000   0.000   0.000   0.000   0.000   0.000 1382074000
22.16   3.57   34.442
22.16   7.00    0.249    0.325
22.16   7.00    0.574   39.630
22.16   7.00    0.561    0.141   0.574   0.072
22.16   7.00    0.561    0.140   0.574   0.071

22.17   0.00    0.071    0.070   0.032   0.036   0.003   0.000   0.000   0.000   0.000   0.000   0.000 1382698000
22.17   3.57   34.441
22.17   7.00    0.249    0.325
22.17   7.00    0.574   39.631
22.17   7.00    0.561    0.141   0.574   0.072
22.17   7.00    0.561    0.140   0.574   0.071

22.18   0.00    0.071    0.070   0.032   0.036   0.003   0.000   0.000   0.000   0.000   0.000   0.000 1383322000
22.18   3.57   34.440
22.18   7.00    0.249    0.325
22.18   7.00    0.574   39.631
22.18   7.00    0.561    0.141   0.574   0.072
22.18   7.00    0.561    0.140   0.574   0.071

22.19   0.00    0.071    0.070   0.032   0.036   0.003   0.000   0.000   0.000   0.000   0.000   0.000 1383945000
22.19   3.57   34.440
22.19   7.00    0.249    0.325
22.19   7.00    0.574   39.631
22.19   7.00    0.561    0.141   0.574   0.072
22.19   7.00    0.561    0.140   0.574   0.071

22.20   0.00    0.071    0.070   0.032   0.036   0.003   0.000   0.000   0.000   0.000   0.000   0.000 1384569000
22.20   3.57   34.439
22.20   7.00    0.249    0.325
22.20   7.00    0.574   39.631
22.20   7.00    0.561    0.141   0.574   0.072
22.20   7.00    0.561    0.140   0.574   0.071

22.21   0.00    0.071    0.070   0.032   0.036   0.003   0.000   0.000   0.000   0.000   0.000   0.000 1385193000
22.21   3.57   34.438
22.21   7.00    0.249    0.325
22.21   7.00    0.574   39.632
22.21   7.00    0.561    0.141   0.574   0.072
22.21   7.00    0.561    0.140   0.574   0.071

22.22   0.00    0.071    0.070   0.032   0.036   0.003   0.000   0.000   0.000   0.000   0.000   0.000 1385816000
22.22   3.57   34.437
22.22   7.00    0.249    0.325
22.22   7.00    0.574   39.632
22.22   7.00    0.561    0.141   0.574   0.072
22.22   7.00    0.561    0.140   0.574   0.071

22.23   0.00    0.071    0.070   0.032   0.036   0.003   0.000   0.000   0.000   0.000   0.000   0.000 1386440000
22.23   3.57   34.436
22.23   7.00    0.249    0.325
22.23   7.00    0.574   39.632
22.23   7.00    0.561    0.141   0.574   0.072
22.23   7.00    0.561    0.140   0.574   0.071

22.24   0.00    0.071    0.070   0.032   0.036   0.003   0.000   0.000   0.000   0.000   0.000   0.000 1387064000
22.24   3.57   34.435
22.24   7.00    0.249    0.325
22.24   7.00    0.574   39.632
22.24   7.00    0.561    0.141   0.574   0.072
22.24   7.00    0.561    0.140   0.574   0.071

22.25   0.00    0.071    0.070   0.032   0.036   0.003   0.000   0.000   0.000   0.000   0.000   0.000 1387688000
22.25   3.57   34.434
22.25   7.00    0.249    0.325
22.25   7.00    0.574   39.632
22.25   7.00    0.561    0.141   0.574   0.072
22.25   7.00    0.561    0.140   0.574   0.071

22.26   0.00    0.071    0.070   0.032   0.036   0.003   0.000   0.000   0.000   0.000   0.000   0.000 1388311000
22.26   3.57   34.433
22.26   7.00    0.249    0.325
22.26   7.00    0.573   39.633
22.26   7.00    0.560    0.141   0.573   0.072
22.26   7.00    0.561    0.140   0.573   0.071

22.27   0.00    0.071    0.070   0.032   0.036   0.003   0.000   0.000   0.000   0.000   0.000   0.000 1388935000
22.27   3.57   34.432
22.27   7.00    0.249    0.325
22.27   7.00    0.573   39.633
22.27   7.00    0.560    0.141   0.573   0.072
22.27   7.00    0.561    0.140   0.573   0.071

22.28   0.00    0.071    0.070   0.032   0.036   0.003   0.000   0.000   0.000   0.000   0.000   0.000 1389559000
22.28   3.57   34.431
22.28   7.00    0.249    0.325
22.28   7.00    0.573   39.633
22.28   7.00    0.560    0.141   0.573   0.072
22.28   7.00    0.561    0.140   0.573   0.071

22.29   0.00    0.071    0.070   0.032   0.036   0.003   0.000   0.000   0.000   0.000   0.000   0.000 1390182000
22.29   3.57   34.430
22.29   7.00    0.249    0.325
22.29   7.00    0.573   39.633
22.29   7.00    0.560    0.141   0.573   0.072
22.29   7.00    0.560    0.140   0.573   0.071

22.30   0.00    0.071    0.070   0.032   0.036   0.003   0.000   0.000   0.000   0.000   0.000   0.000 1390806000
22.30   3.57   34.429
22.30   7.00    0.249    0.325
22.30   7.00    0.573   39.634
22.30   7.00    0.560    0.141   0.573   0.072
22.30   7.00    0.560    0.140   0.573   0.071

22.31   0.00    0.071    0.070   0.032   0.036   0.003   0.000   0.000   0.000   0.000   0.000   0.000 1391430000
22.31   3.57   34.428
22.31   7.00    0.249    0.325
22.31   7.00    0.573   39.634
22.31   7.00    0.560    0.141   0.573   0.072
22.31   7.00    0.560    0.140   0.573   0.071

22.32   0.00    0.071    0.070   0.032   0.036   0.003   0.000   0.000   0.000   0.000   0.000   0.000 1392053000
22.32   3.57   34.427
22.32   7.00    0.249    0.325
22.32   7.00    0.573   39.634
22.32   7.00    0.560    0.141   0.573   0.072
22.32   7.00    0.560    0.140   0.573   0.071

22.33   0.00    0.071    0.070   0.032   0.036   0.003   0.000   0.000   0.000   0.000   0.000   0.000 1392677000
22.33   3.56   34.426
22.33   7.00    0.249    0.325
22.33   7.00    0.573   39.634
22.33   7.00    0.560    0.141   0.573   0.072
22.33   7.00    0.560    0.140   0.573   0.071

22.34   0.00    0.071    0.070   0.032   0.036   0.003   0.000   0.000   0.000   0.000   0.000   0.000 1393301000
22.34   3.56   34.425
22.34   7.00    0.249    0.325
22.34   7.00    0.573   39.635
22.34   7.00    0.560    0.141   0.573   0.072
22.34   7.00    0.560    0.140   0.573   0.071

22.35   0.00    0.071    0.070   0.032   0.036   0.003   0.000   0.000   0.000   0.000   0.000   0.000 1393924000
22.35   3.56   34.424
22.35   7.00    0.249    0.325
22.35   7.00    0.573   39.635
22.35   7.00    0.560    0.141   0.573   0.072
22.35   7.00    0.560    0.140   0.573   0.071

22.36   0.00    0.071    0.070   0.032   0.036   0.003   0.000   0.000   0.000   0.000   0.000   0.000 1394548000
22.36   3.56   34.423
22.36   7.00    0.249    0.325
22.36   7.00    0.573   39.635
22.36   7.00    0.560    0.141   0.573   0.072
22.36   7.00    0.560    0.140   0.573   0.071

22.37   0.00    0.071    0.070   0.032   0.036   0.003   0.000   0.000   0.000   0.000   0.000   0.000 1395172000
22.37   3.56   34.422
22.37   7.00    0.249    0.325
22.37   7.00    0.573   39.635
22.37   7.00    0.560    0.141   0.573   0.072
22.37   7.00    0.560    0.140   0.573   0.071

22.38   0.00    0.071    0.070   0.032   0.036   0.003   0.000   0.000   0.000   0.000   0.000   0.000 1395795000
22.38   3.56   34.421
22.38   7.00    0.249    0.325
22.38   7.00    0.573   39.636
22.38   7.00    0.560    0.141   0.573   0.072
22.38   7.00    0.560    0.140   0.573   0.071

22.39   0.00    0.071    0.070   0.032   0.036   0.003   0.000   0.000   0.000   0.000   0.000   0.000 1396419000
22.39   3.56   34.420
22.39   7.00    0.249    0.325
22.39   7.00    0.573   39.636
22.39   7.00    0.560    0.141   0.573   0.072
22.39   7.00    0.560    0.140   0.573   0.071

22.40   0.00    0.071    0.070   0.032   0.036   0.003   0.000   0.000   0.000   0.000   0.000   0.000 1397043000
22.40   3.56   34.419
22.40   7.00    0.249    0.325
22.40   7.00    0.573   39.636
22.40   7.00    0.560    0.141   0.573   0.072
22.40   7.00    0.560    0.140   0.573   0.071

22.41   0.00    0.071    0.070   0.032   0.036   0.003   0.000   0.000   0.000   0.000   0.000   0.000 1397666000
22.41   3.56   34.419
22.41   7.00    0.249    0.325
22.41   7.00    0.573   39.636
22.41   7.00    0.560    0.141   0.573   0.072
22.41   7.00    0.560    0.140   0.573   0.071

22.42   0.00    0.071    0.070   0.032   0.036   0.003   0.000   0.000   0.000   0.000   0.000   0.000 1398290000
22.42   3.56   34.418
22.42   7.00    0.249    0.325
22.42   7.00    0.573   39.637
22.42   7.00    0.560    0.141   0.573   0.072
22.42   7.00    0.560    0.140   0.573   0.071

22.43   0.00    0.071    0.070   0.032   0.036   0.003   0.000   0.000   0.000   0.000   0.000   0.000 1398914000
22.43   3.56   34.417
22.43   7.00    0.248    0.325
22.43   7.00    0.573   39.637
22.43   7.00    0.560    0.141   0.573   0.072
22.43   7.00    0.560    0.140   0.573   0.071

22.44   0.00    0.071    0.070   0.032   0.036   0.003   0.000   0.000   0.000   0.000   0.000   0.000 1399538000
22.44   3.56   34.416
22.44   7.00    0.248    0.325
22.44   7.00    0.573   39.637
22.44   7.00    0.560    0.141   0.573   0.072
22.44   7.00    0.560    0.140   0.573   0.071

22.45   0.00    0.071    0.070   0.032   0.036   0.003   0.000   0.000   0.000   0.000   0.000   0.000 1400161000
22.45   3.56   34.415
22.45   7.00    0.248    0.325
22.45   7.00    0.573   39.637
22.45   7.00    0.560    0.141   0.573   0.072
22.45   7.00    0.560    0.140   0.573   0.071

22.46   0.00    0.071    0.070   0.032   0.036   0.003   0.000   0.000   0.000   0.000   0.000   0.000 1400785000
22.46   3.56   34.414
22.46   7.00    0.248    0.325
22.46   7.00    0.573   39.637
22.46   7.00    0.560    0.141   0.573   0.072
22.46   7.00    0.560    0.140   0.573   0.071

22.47   0.00    0.071    0.070   0.032   0.036   0.003   0.000   0.000   0.000   0.000   0.000   0.000 1401409000
22.47   3.56   34.413
22.47   7.00    0.248    0.325
22.47   7.00    0.573   39.638
22.47   7.00    0.560    0.141   0.573   0.072
22.47   7.00    0.560    0.140   0.573   0.071

22.48   0.00    0.071    0.070   0.032   0.036   0.003   0.000   0.000   0.000   0.000   0.000   0.000 1402032000
22.48   3.56   34.412
22.48   7.00    0.248    0.325
22.48   7.00    0.573   39.638
22.48   7.00    0.560    0.141   0.573   0.072
22.48   7.00    0.560    0.140   0.573   0.071

22.49   0.00    0.071    0.070   0.032   0.036   0.003   0.000   0.000   0.000   0.000   0.000   0.000 1402656000
22.49   3.56   34.411
22.49   7.00    0.248    0.325
22.49   7.00    0.573   39.638
22.49   7.00    0.560    0.141   0.573   0.072
22.49   7.00    0.560    0.140   0.573   0.071

22.50   0.00    0.071    0.070   0.032   0.036   0.003   0.000   0.000   0.000   0.000   0.000   0.000 1403279000
22.50   3.56   34.410
22.50   7.00    0.248    0.325
22.50   7.00    0.573   39.638
22.50   7.00    0.560    0.141   0.573   0.072
22.50   7.00    0.560    0.140   0.573   0.071

22.51   0.00    0.071    0.070   0.032   0.036   0.003   0.000   0.000   0.000   0.000   0.000   0.000 1403903000
22.51   3.56   34.409
22.51   7.00    0.248    0.325
22.51   7.00    0.573   39.639
22.51   7.00    0.560    0.141   0.573   0.072
22.51   7.00    0.560    0.140   0.573   0.071

22.52   0.00    0.071    0.070   0.032   0.036   0.003   0.000   0.000   0.000   0.000   0.000   0.000 1404527000
22.52   3.56   34.408
22.52   7.00    0.248    0.325
22.52   7.00    0.573   39.639
22.52   7.00    0.560    0.141   0.573   0.072
22.52   7.00    0.560    0.140   0.573   0.071

22.53   0.00    0.071    0.070   0.032   0.036   0.003   0.000   0.000   0.000   0.000   0.000   0.000 1405151000
22.53   3.56   34.407
22.53   7.00    0.248    0.325
22.53   7.00    0.573   39.639
22.53   7.00    0.560    0.141   0.573   0.072
22.53   7.00    0.560    0.140   0.573   0.071

22.54   0.00    0.071    0.070   0.032   0.036   0.003   0.000   0.000   0.000   0.000   0.000   0.000 1405774000
22.54   3.56   34.406
22.54   7.00    0.248    0.325
22.54   7.00    0.573   39.639
22.54   7.00    0.560    0.141   0.573   0.072
22.54   7.00    0.560    0.140   0.573   0.071

22.55   0.00    0.071    0.070   0.032   0.036   0.003   0.000   0.000   0.000   0.000   0.000   0.000 1406398000
22.55   3.56   34.405
22.55   7.00    0.248    0.325
22.55   7.00    0.573   39.640
22.55   7.00    0.560    0.141   0.573   0.072
22.55   7.00    0.560    0.140   0.573   0.071

22.56   0.00    0.071    0.070   0.032   0.036   0.003   0.000   0.000   0.000   0.000   0.000   0.000 1407022000
22.56   3.56   34.404
22.56   7.00    0.248    0.325
22.56   7.00    0.573   39.640
22.56   7.00    0.560    0.141   0.573   0.072
22.56   7.00    0.560    0.140   0.573   0.071

22.57   0.00    0.071    0.070   0.032   0.036   0.003   0.000   0.000   0.000   0.000   0.000   0.000 1407645000
22.57   3.56   34.403
22.57   7.00    0.248    0.325
22.57   7.00    0.573   39.640
22.57   7.00    0.560    0.141   0.573   0.072
22.57   7.00    0.560    0.140   0.573   0.071

22.58   0.00    0.071    0.070   0.032   0.036   0.003   0.000   0.000   0.000   0.000   0.000   0.000 1408269000
22.58   3.56   34.402
22.58   7.00    0.248    0.325
22.58   7.00    0.573   39.640
22.58   7.00    0.560    0.141   0.573   0.072
22.58   7.00    0.560    0.140   0.573   0.071

22.59   0.00    0.071    0.070   0.032   0.036   0.003   0.000   0.000   0.000   0.000   0.000   0.000 1408893000
22.59   3.56   34.401
22.59   7.00    0.248    0.325
22.59   7.00    0.573   39.641
22.59   7.00    0.560    0.141   0.573   0.072
22.59   7.00    0.560    0.140   0.573   0.071

22.60   0.00    0.070    0.070   0.032   0.036   0.003   0.000   0.000   0.000   0.000   0.000   0.000 1409516000
22.60   3.55   34.400
22.60   7.00    0.248    0.325
22.60   7.00    0.573   39.641
22.60   7.00    0.560    0.141   0.573   0.072
22.60   7.00    0.560    0.140   0.573   0.071

22.61   0.00    0.070    0.070   0.032   0.036   0.003   0.000   0.000   0.000   0.000   0.000   0.000 1410140000
22.61   3.55   34.399
22.61   7.00    0.248    0.325
22.61   7.00    0.573   39.641
22.61   7.00    0.560    0.141   0.573   0.072
22.61   7.00    0.560    0.140   0.573   0.071

22.62   0.00    0.070    0.070   0.032   0.036   0.003   0.000   0.000   0.000   0.000   0.000   0.000 1410764000
22.62   3.55   34.398
22.62   7.00    0.248    0.325
22.62   7.00    0.573   39.641
22.62   7.00    0.560    0.141   0.573   0.072
22.62   7.00    0.560    0.140   0.573   0.071

22.63   0.00    0.070    0.070   0.032   0.036   0.003   0.000   0.000   0.000   0.000   0.000   0.000 1411387000
22.63   3.55   34.397
22.63   7.00    0.248    0.325
22.63   7.00    0.573   39.642
22.63   7.00    0.560    0.141   0.573   0.072
22.63   7.00    0.560    0.140   0.573   0.071

22.64   0.00    0.070    0.070   0.032   0.036   0.003   0.000   0.000   0.000   0.000   0.000   0.000 1412011000
22.64   3.55   34.396
22.64   7.00    0.248    0.325
22.64   7.00    0.572   39.642
22.64   7.00    0.560    0.141   0.572   0.072
22.64   7.00    0.560    0.140   0.572   0.071

22.65   0.00    0.070    0.070   0.032   0.036   0.003   0.000   0.000   0.000   0.000   0.000   0.000 1412635000
22.65   3.55   34.395
22.65   7.00    0.248    0.325
22.65   7.00    0.572   39.642
22.65   7.00    0.559    0.141   0.572   0.072
22.65   7.00    0.560    0.140   0.572   0.071

22.66   0.00    0.070    0.070   0.032   0.036   0.003   0.000   0.000   0.000   0.000   0.000   0.000 1413258000
22.66   3.55   34.394
22.66   7.00    0.248    0.325
22.66   7.00    0.572   39.642
22.66   7.00    0.559    0.141   0.572   0.072
22.66   7.00    0.560    0.140   0.572   0.071

22.67   0.00    0.070    0.070   0.032   0.036   0.003   0.000   0.000   0.000   0.000   0.000   0.000 1413882000
22.67   3.55   34.393
22.67   7.00    0.248    0.325
22.67   7.00    0.572   39.642
22.67   7.00    0.559    0.141   0.572   0.072
22.67   7.00    0.560    0.140   0.572   0.071

22.68   0.00    0.070    0.070   0.032   0.036   0.003   0.000   0.000   0.000   0.000   0.000   0.000 1414506000
22.68   3.55   34.392
22.68   7.00    0.248    0.325
22.68   7.00    0.572   39.643
22.68   7.00    0.559    0.141   0.572   0.072
22.68   7.00    0.559    0.140   0.572   0.071

22.69   0.00    0.070    0.070   0.032   0.036   0.003   0.000   0.000   0.000   0.000   0.000   0.000 1415129000
22.69   3.55   34.391
22.69   7.00    0.248    0.325
22.69   7.00    0.572   39.643
22.69   7.00    0.559    0.141   0.572   0.072
22.69   7.00    0.559    0.140   0.572   0.071

22.70   0.00    0.070    0.070   0.032   0.036   0.003   0.000   0.000   0.000   0.000   0.000   0.000 1415753000
22.70   3.55   34.390
22.70   7.00    0.248    0.325
22.70   7.00    0.572   39.643
22.70   7.00    0.559    0.141   0.572   0.072
22.70   7.00    0.559    0.140   0.572   0.071

22.71   0.00    0.070    0.070   0.032   0.036   0.003   0.000   0.000   0.000   0.000   0.000   0.000 1416377000
22.71   3.55   34.389
22.71   7.00    0.248    0.325
22.71   7.00    0.572   39.643
22.71   7.00    0.559    0.141   0.572   0.072
22.71   7.00    0.559    0.140   0.572   0.071

22.72   0.00    0.070    0.070   0.032   0.036   0.003   0.000   0.000   0.000   0.000   0.000   0.000 1417000000
22.72   3.55   34.388
22.72   7.00    0.248    0.325
22.72   7.00    0.572   39.644
22.72   7.00    0.559    0.141   0.572   0.072
22.72   7.00    0.559    0.140   0.572   0.071

22.73   0.00    0.070    0.070   0.032   0.036   0.003   0.000   0.000   0.000   0.000   0.000   0.000 1417624000
22.73   3.55   34.387
22.73   7.00    0.248    0.325
22.73   7.00    0.572   39.644
22.73   7.00    0.559    0.141   0.572   0.072
22.73   7.00    0.559    0.140   0.572   0.071

22.74   0.00    0.070    0.070   0.032   0.036   0.003   0.000   0.000   0.000   0.000   0.000   0.000 1418248000
22.74   3.55   34.386
22.74   7.00    0.248    0.325
22.74   7.00    0.572   39.644
22.74   7.00    0.559    0.141   0.572   0.072
22.74   7.00    0.559    0.140   0.572   0.071

22.75   0.00    0.070    0.070   0.032   0.036   0.003   0.000   0.000   0.000   0.000   0.000   0.000 1418872000
22.75   3.55   34.385
22.75   7.00    0.248    0.325
22.75   7.00    0.572   39.644
22.75   7.00    0.559    0.141   0.572   0.072
22.75   7.00    0.559    0.140   0.572   0.071

22.76   0.00    0.070    0.070   0.032   0.036   0.003   0.000   0.000   0.000   0.000   0.000   0.000 1419495000
22.76   3.55   34.384
22.76   7.00    0.248    0.325
22.76   7.00    0.572   39.645
22.76   7.00    0.559    0.141   0.572   0.072
22.76   7.00    0.559    0.140   0.572   0.071

22.77   0.00    0.070    0.070   0.032   0.036   0.003   0.000   0.000   0.000   0.000   0.000   0.000 1420119000
22.77   3.55   34.383
22.77   7.00    0.248    0.325
22.77   7.00    0.572   39.645
22.77   7.00    0.559    0.141   0.572   0.072
22.77   7.00    0.559    0.140   0.572   0.071

22.78   0.00    0.070    0.070   0.032   0.036   0.003   0.000   0.000   0.000   0.000   0.000   0.000 1420743000
22.78   3.55   34.382
22.78   7.00    0.248    0.325
22.78   7.00    0.572   39.645
22.78   7.00    0.559    0.141   0.572   0.072
22.78   7.00    0.559    0.140   0.572   0.071

22.79   0.00    0.070    0.070   0.032   0.036   0.003   0.000   0.000   0.000   0.000   0.000   0.000 1421366000
22.79   3.55   34.381
22.79   7.00    0.248    0.325
22.79   7.00    0.572   39.645
22.79   7.00    0.559    0.141   0.572   0.072
22.79   7.00    0.559    0.140   0.572   0.071

22.80   0.00    0.070    0.070   0.032   0.036   0.003   0.000   0.000   0.000   0.000   0.000   0.000 1421990000
22.80   3.55   34.380
22.80   7.00    0.248    0.325
22.80   7.00    0.572   39.646
22.80   7.00    0.559    0.141   0.572   0.072
22.80   7.00    0.559    0.140   0.572   0.071

22.81   0.00    0.070    0.070   0.032   0.036   0.003   0.000   0.000   0.000   0.000   0.000   0.000 1422614000
22.81   3.55   34.379
22.81   7.00    0.248    0.325
22.81   7.00    0.572   39.646
22.81   7.00    0.559    0.141   0.572   0.072
22.81   7.00    0.559    0.140   0.572   0.071

22.82   0.00    0.070    0.070   0.032   0.036   0.003   0.000   0.000   0.000   0.000   0.000   0.000 1423237000
22.82   3.55   34.378
22.82   7.00    0.247    0.325
22.82   7.00    0.572   39.646
22.82   7.00    0.559    0.141   0.572   0.072
22.82   7.00    0.559    0.140   0.572   0.071

22.83   0.00    0.070    0.070   0.032   0.036   0.003   0.000   0.000   0.000   0.000   0.000   0.000 1423861000
22.83   3.55   34.377
22.83   7.00    0.247    0.325
22.83   7.00    0.572   39.646
22.83   7.00    0.559    0.141   0.572   0.072
22.83   7.00    0.559    0.140   0.572   0.071

22.84   0.00    0.070    0.070   0.032   0.036   0.003   0.000   0.000   0.000   0.000   0.000   0.000 1424485000
22.84   3.55   34.376
22.84   7.00    0.247    0.325
22.84   7.00    0.572   39.646
22.84   7.00    0.559    0.141   0.572   0.072
22.84   7.00    0.559    0.140   0.572   0.071

22.85   0.00    0.070    0.070   0.032   0.036   0.003   0.000   0.000   0.000   0.000   0.000   0.000 1425108000
22.85   3.55   34.375
22.85   7.00    0.247    0.325
22.85   7.00    0.572   39.647
22.85   7.00    0.559    0.141   0.572   0.072
22.85   7.00    0.559    0.140   0.572   0.071

22.86   0.00    0.070    0.070   0.032   0.036   0.003   0.000   0.000   0.000   0.000   0.000   0.000 1425732000
22.86   3.55   34.374
22.86   7.00    0.247    0.325
22.86   7.00    0.572   39.647
22.86   7.00    0.559    0.141   0.572   0.072
22.86   7.00    0.559    0.140   0.572   0.071

22.87   0.00    0.070    0.070   0.032   0.036   0.003   0.000   0.000   0.000   0.000   0.000   0.000 1426356000
22.87   3.54   34.373
22.87   7.00    0.247    0.325
22.87   7.00    0.572   39.647
22.87   7.00    0.559    0.141   0.572   0.071
22.87   7.00    0.559    0.140   0.572   0.071

22.88   0.00    0.070    0.070   0.032   0.036   0.003   0.000   0.000   0.000   0.000   0.000   0.000 1426979000
22.88   3.54   34.372
22.88   7.00    0.247    0.325
22.88   7.00    0.572   39.647
22.88   7.00    0.559    0.141   0.572   0.071
22.88   7.00    0.559    0.140   0.572   0.071

22.89   0.00    0.070    0.070   0.032   0.036   0.003   0.000   0.000   0.000   0.000   0.000   0.000 1427603000
22.89   3.54   34.371
22.89   7.00    0.247    0.325
22.89   7.00    0.572   39.648
22.89   7.00    0.559    0.141   0.572   0.071
22.89   7.00    0.559    0.140   0.572   0.071

22.90   0.00    0.070    0.070   0.032   0.036   0.003   0.000   0.000   0.000   0.000   0.000   0.000 1428227000
22.90   3.54   34.370
22.90   7.00    0.247    0.325
22.90   7.00    0.572   39.648
22.90   7.00    0.559    0.141   0.572   0.071
22.90   7.00    0.559    0.140   0.572   0.071

22.91   0.00    0.070    0.070   0.032   0.036   0.003   0.000   0.000   0.000   0.000   0.000   0.000 1428850000
22.91   3.54   34.369
22.91   7.00    0.247    0.325
22.91   7.00    0.572   39.648
22.91   7.00    0.559    0.141   0.572   0.071
22.91   7.00    0.559    0.140   0.572   0.071

22.92   0.00    0.070    0.070   0.032   0.036   0.003   0.000   0.000   0.000   0.000   0.000   0.000 1429474000
22.92   3.54   34.368
22.92   7.00    0.247    0.325
22.92   7.00    0.572   39.648
22.92   7.00    0.559    0.141   0.572   0.071
22.92   7.00    0.559    0.140   0.572   0.071

22.93   0.00    0.070    0.070   0.032   0.036   0.003   0.000   0.000   0.000   0.000   0.000   0.000 1430098000
22.93   3.54   34.367
22.93   7.00    0.247    0.325
22.93   7.00    0.572   39.649
22.93   7.00    0.559    0.141   0.572   0.071
22.93   7.00    0.559    0.140   0.572   0.071

22.94   0.00    0.070    0.070   0.032   0.036   0.003   0.000   0.000   0.000   0.000   0.000   0.000 1430722000
22.94   3.55   34.391
22.94   7.00    0.247    0.325
22.94   7.00    0.572   39.649
22.94   7.00    0.559    0.141   0.572   0.071
22.94   7.00    0.559    0.140   0.572   0.071

22.95   0.00    0.070    0.070   0.032   0.036   0.003   0.000   0.000   0.000   0.000   0.000   0.000 1431345000
22.95   3.55   34.391
22.95   7.00    0.247    0.325
22.95   7.00    0.572   39.649
22.95   7.00    0.559    0.141   0.572   0.071
22.95   7.00    0.559    0.140   0.572   0.071

22.96   0.00    0.070    0.070   0.032   0.036   0.003   0.000   0.000   0.000   0.000   0.000   0.000 1431969000
22.96   3.55   34.391
22.96   7.00    0.247    0.325
22.96   7.00    0.572   39.649
22.96   7.00    0.559    0.141   0.572   0.071
22.96   7.00    0.559    0.140   0.572   0.071

22.97   0.00    0.070    0.070   0.032   0.036   0.003   0.000   0.000   0.000   0.000   0.000   0.000 1432593000
22.97   3.55   34.391
22.97   7.00    0.247    0.325
22.97   7.00    0.572   39.650
22.97   7.00    0.559    0.141   0.572   0.071
22.97   7.00    0.559    0.140   0.572   0.071

22.98   0.00    0.070    0.070   0.032   0.036   0.003   0.000   0.000   0.000   0.000   0.000   0.000 1433216000
22.98   3.55   34.391
22.98   7.00    0.247    0.325
22.98   7.00    0.572   39.650
22.98   7.00    0.559    0.141   0.572   0.071
22.98   7.00    0.559    0.140   0.572   0.071

22.99   0.00    0.070    0.070   0.032   0.036   0.003   0.000   0.000   0.000   0.000   0.000   0.000 1433840000
22.99   3.55   34.391
22.99   7.00    0.247    0.325
22.99   7.00    0.572   39.650
22.99   7.00    0.559    0.141   0.572   0.071
22.99   7.00    0.559    0.140   0.572   0.071

23.00   0.00    0.070    0.070   0.032   0.036   0.003   0.000   0.000   0.000   0.000   0.000   0.000 1434463000
23.00   3.55   34.391
23.00   7.00    0.247    0.325
23.00   7.00    0.572   39.650
23.00   7.00    0.559    0.141   0.572   0.071
23.00   7.00    0.559    0.140   0.572   0.071

23.01   0.00    0.070    0.070   0.032   0.036   0.002   0.000   0.000   0.000   0.000   0.000   0.000 1435087000
23.01   3.54   34.392
23.01   7.00    0.247    0.325
23.01   7.00    0.572   39.650
23.01   7.00    0.559    0.141   0.572   0.071
23.01   7.00    0.559    0.140   0.572   0.071

23.02   0.00    0.070    0.070   0.032   0.036   0.002   0.000   0.000   0.000   0.000   0.000   0.000 1435711000
23.02   3.54   34.392
23.02   7.00    0.247    0.325
23.02   7.00    0.572   39.651
23.02   7.00    0.559    0.141   0.572   0.071
23.02   7.00    0.559    0.140   0.572   0.071

23.03   0.00    0.070    0.070   0.032   0.036   0.002   0.000   0.000   0.000   0.000   0.000   0.000 1436335000
23.03   3.54   34.392
23.03   7.00    0.247    0.325
23.03   7.00    0.572   39.651
23.03   7.00    0.559    0.141   0.572   0.071
23.03   7.00    0.559    0.140   0.572   0.071

23.04   0.00    0.070    0.070   0.032   0.036   0.002   0.000   0.000   0.000   0.000   0.000   0.000 1436958000
23.04   3.54   34.392
23.04   7.00    0.247    0.325
23.04   7.00    0.571   39.651
23.04   7.00    0.559    0.141   0.571   0.071
23.04   7.00    0.559    0.140   0.571   0.071

23.05   0.00    0.070    0.070   0.032   0.036   0.002   0.000   0.000   0.000   0.000   0.000   0.000 1437582000
23.05   3.54   34.392
23.05   7.00    0.247    0.325
23.05   7.00    0.571   39.651
23.05   7.00    0.558    0.141   0.571   0.071
23.05   7.00    0.559    0.140   0.571   0.071

23.06   0.00    0.070    0.070   0.032   0.036   0.002   0.000   0.000   0.000   0.000   0.000   0.000 1438206000
23.06   3.54   34.392
23.06   7.00    0.247    0.325
23.06   7.00    0.571   39.652
23.06   7.00    0.558    0.141   0.571   0.071
23.06   7.00    0.559    0.140   0.571   0.071

23.07   0.00    0.070    0.070   0.032   0.036   0.002   0.000   0.000   0.000   0.000   0.000   0.000 1438829000
23.07   3.54   34.392
23.07   7.00    0.247    0.325
23.07   7.00    0.571   39.652
23.07   7.00    0.558    0.141   0.571   0.071
23.07   7.00    0.559    0.140   0.571   0.071

23.08   0.00    0.070    0.070   0.032   0.036   0.002   0.000   0.000   0.000   0.000   0.000   0.000 1439453000
23.08   3.54   34.392
23.08   7.00    0.247    0.325
23.08   7.00    0.571   39.652
23.08   7.00    0.558    0.141   0.571   0.071
23.08   7.00    0.558    0.140   0.571   0.071

23.09   0.00    0.070    0.070   0.032   0.036   0.002   0.000   0.000   0.000   0.000   0.000   0.000 1440077000
23.09   3.54   34.392
23.09   7.00    0.247    0.325
23.09   7.00    0.571   39.652
23.09   7.00    0.558    0.141   0.571   0.071
23.09   7.00    0.558    0.140   0.571   0.071

23.10   0.00    0.070    0.070   0.032   0.036   0.002   0.000   0.000   0.000   0.000   0.000   0.000 1440700000
23.10   3.54   34.392
23.10   7.00    0.247    0.325
23.10   7.00    0.571   39.653
23.10   7.00    0.558    0.141   0.571   0.071
23.10   7.00    0.558    0.140   0.571   0.071

23.11   0.00    0.070    0.070   0.032   0.036   0.002   0.000   0.000   0.000   0.000   0.000   0.000 1441324000
23.11   3.54   34.392
23.11   7.00    0.247    0.325
23.11   7.00    0.571   39.653
23.11   7.00    0.558    0.141   0.571   0.071
23.11   7.00    0.558    0.140   0.571   0.071

23.12   0.00    0.070    0.070   0.032   0.036   0.002   0.000   0.000   0.000   0.000   0.000   0.000 1441948000
23.12   3.54   34.392
23.12   7.00    0.247    0.325
23.12   7.00    0.571   39.653
23.12   7.00    0.558    0.141   0.571   0.071
23.12   7.00    0.558    0.140   0.571   0.071

23.13   0.00    0.070    0.070   0.032   0.036   0.002   0.000   0.000   0.000   0.000   0.000   0.000 1442571000
23.13   3.54   34.392
23.13   7.00    0.247    0.325
23.13   7.00    0.571   39.653
23.13   7.00    0.558    0.141   0.571   0.071
23.13   7.00    0.558    0.140   0.571   0.071

23.14   0.00    0.070    0.070   0.032   0.036   0.002   0.000   0.000   0.000   0.000   0.000   0.000 1443195000
23.14   3.54   34.392
23.14   7.00    0.247    0.325
23.14   7.00    0.571   39.654
23.14   7.00    0.558    0.141   0.571   0.071
23.14   7.00    0.558    0.140   0.571   0.071

23.15   0.00    0.070    0.070   0.032   0.036   0.002   0.000   0.000   0.000   0.000   0.000   0.000 1443819000
23.15   3.54   34.392
23.15   7.00    0.247    0.325
23.15   7.00    0.571   39.654
23.15   7.00    0.558    0.141   0.571   0.071
23.15   7.00    0.558    0.140   0.571   0.071

23.16   0.00    0.070    0.070   0.032   0.036   0.002   0.000   0.000   0.000   0.000   0.000   0.000 1444442000
23.16   3.54   34.392
23.16   7.00    0.247    0.325
23.16   7.00    0.571   39.654
23.16   7.00    0.558    0.141   0.571   0.071
23.16   7.00    0.558    0.140   0.571   0.071

23.17   0.00    0.070    0.070   0.032   0.036   0.002   0.000   0.000   0.000   0.000   0.000   0.000 1445066000
23.17   3.54   34.392
23.17   7.00    0.247    0.325
23.17   7.00    0.571   39.654
23.17   7.00    0.558    0.141   0.571   0.071
23.17   7.00    0.558    0.140   0.571   0.071

23.18   0.00    0.070    0.070   0.032   0.036   0.002   0.000   0.000   0.000   0.000   0.000   0.000 1445690000
23.18   3.54   34.392
23.18   7.00    0.247    0.325
23.18   7.00    0.571   39.654
23.18   7.00    0.558    0.141   0.571   0.071
23.18   7.00    0.558    0.140   0.571   0.071

23.19   0.00    0.070    0.070   0.032   0.036   0.002   0.000   0.000   0.000   0.000   0.000   0.000 1446313000
23.19   3.54   34.392
23.19   7.00    0.247    0.325
23.19   7.00    0.571   39.655
23.19   7.00    0.558    0.140   0.571   0.071
23.19   7.00    0.558    0.140   0.571   0.071

23.20   0.00    0.070    0.070   0.032   0.036   0.002   0.000   0.000   0.000   0.000   0.000   0.000 1446937000
23.20   3.54   34.392
23.20   7.00    0.247    0.325
23.20   7.00    0.571   39.655
23.20   7.00    0.558    0.140   0.571   0.071
23.20   7.00    0.558    0.140   0.571   0.071

23.21   0.00    0.070    0.070   0.032   0.036   0.002   0.000   0.000   0.000   0.000   0.000   0.000 1447561000
23.21   3.54   34.392
23.21   7.00    0.247    0.325
23.21   7.00    0.571   39.655
23.21   7.00    0.558    0.140   0.571   0.071
23.21   7.00    0.558    0.140   0.571   0.071

23.22   0.00    0.070    0.070   0.032   0.036   0.002   0.000   0.000   0.000   0.000   0.000   0.000 1448184000
23.22   3.54   34.392
23.22   7.00    0.246    0.325
23.22   7.00    0.571   39.655
23.22   7.00    0.558    0.140   0.571   0.071
23.22   7.00    0.558    0.140   0.571   0.071

23.23   0.00    0.070    0.070   0.032   0.036   0.002   0.000   0.000   0.000   0.000   0.000   0.000 1448808000
23.23   3.54   34.392
23.23   7.00    0.246    0.325
23.23   7.00    0.571   39.656
23.23   7.00    0.558    0.140   0.571   0.071
23.23   7.00    0.558    0.140   0.571   0.071

23.24   0.00    0.070    0.070   0.032   0.036   0.002   0.000   0.000   0.000   0.000   0.000   0.000 1449432000
23.24   3.54   34.392
23.24   7.00    0.246    0.325
23.24   7.00    0.571   39.656
23.24   7.00    0.558    0.140   0.571   0.071
23.24   7.00    0.558    0.140   0.571   0.071

23.25   0.00    0.070    0.070   0.032   0.036   0.002   0.000   0.000   0.000   0.000   0.000   0.000 1450056000
23.25   3.54   34.392
23.25   7.00    0.246    0.325
23.25   7.00    0.571   39.656
23.25   7.00    0.558    0.140   0.571   0.071
23.25   7.00    0.558    0.140   0.571   0.071

23.26   0.00    0.070    0.070   0.032   0.036   0.002   0.000   0.000   0.000   0.000   0.000   0.000 1450679000
23.26   3.54   34.392
23.26   7.00    0.246    0.325
23.26   7.00    0.571   39.656
23.26   7.00    0.558    0.140   0.571   0.071
23.26   7.00    0.558    0.140   0.571   0.071

23.27   0.00    0.070    0.070   0.032   0.036   0.002   0.000   0.000   0.000   0.000   0.000   0.000 1451303000
23.27   3.54   34.392
23.27   7.00    0.246    0.325
23.27   7.00    0.571   39.657
23.27   7.00    0.558    0.140   0.571   0.071
23.27   7.00    0.558    0.140   0.571   0.071

23.28   0.00    0.070    0.070   0.032   0.036   0.002   0.000   0.000   0.000   0.000   0.000   0.000 1451927000
23.28   3.54   34.392
23.28   7.00    0.246    0.325
23.28   7.00    0.571   39.657
23.28   7.00    0.558    0.140   0.571   0.071
23.28   7.00    0.558    0.140   0.571   0.071

23.29   0.00    0.070    0.070   0.032   0.036   0.002   0.000   0.000   0.000   0.000   0.000   0.000 1452550000
23.29   3.54   34.392
23.29   7.00    0.246    0.325
23.29   7.00    0.571   39.657
23.29   7.00    0.558    0.140   0.571   0.071
23.29   7.00    0.558    0.140   0.571   0.071

23.30   0.00    0.070    0.070   0.032   0.036   0.002   0.000   0.000   0.000   0.000   0.000   0.000 1453174000
23.30   3.54   34.392
23.30   7.00    0.246    0.325
23.30   7.00    0.571   39.657
23.30   7.00    0.558    0.140   0.571   0.071
23.30   7.00    0.558    0.140   0.571   0.071

23.31   0.00    0.070    0.070   0.032   0.036   0.002   0.000   0.000   0.000   0.000   0.000   0.000 1453798000
23.31   3.54   34.392
23.31   7.00    0.246    0.325
23.31   7.00    0.571   39.658
23.31   7.00    0.558    0.140   0.571   0.071
23.31   7.00    0.558    0.140   0.571   0.071

23.32   0.00    0.070    0.070   0.032   0.036   0.002   0.000   0.000   0.000   0.000   0.000   0.000 1454421000
23.32   3.54   34.392
23.32   7.00    0.246    0.325
23.32   7.00    0.571   39.658
23.32   7.00    0.558    0.140   0.571   0.071
23.32   7.00    0.558    0.140   0.571   0.071

23.33   0.00    0.070    0.070   0.032   0.036   0.002   0.000   0.000   0.000   0.000   0.000   0.000 1455045000
23.33   3.54   34.392
23.33   7.00    0.246    0.325
23.33   7.00    0.571   39.658
23.33   7.00    0.558    0.140   0.571   0.071
23.33   7.00    0.558    0.140   0.571   0.071

23.34   0.00    0.070    0.070   0.032   0.036   0.002   0.000   0.000   0.000   0.000   0.000   0.000 1455669000
23.34   3.54   34.392
23.34   7.00    0.246    0.325
23.34   7.00    0.571   39.658
23.34   7.00    0.558    0.140   0.571   0.071
23.34   7.00    0.558    0.140   0.571   0.071

23.35   0.00    0.070    0.070   0.032   0.036   0.002   0.000   0.000   0.000   0.000   0.000   0.000 1456292000
23.35   3.54   34.392
23.35   7.00    0.246    0.325
23.35   7.00    0.571   39.658
23.35   7.00    0.558    0.140   0.571   0.071
23.35   7.00    0.558    0.140   0.571   0.071

23.36   0.00    0.070    0.070   0.032   0.036   0.002   0.000   0.000   0.000   0.000   0.000   0.000 1456916000
23.36   3.54   34.392
23.36   7.00    0.246    0.325
23.36   7.00    0.571   39.659
23.36   7.00    0.558    0.140   0.571   0.071
23.36   7.00    0.558    0.140   0.571   0.071

23.37   0.00    0.070    0.070   0.032   0.036   0.002   0.000   0.000   0.000   0.000   0.000   0.000 1457540000
23.37   3.54   34.392
23.37   7.00    0.246    0.325
23.37   7.00    0.571   39.659
23.37   7.00    0.558    0.140   0.571   0.071
23.37   7.00    0.558    0.140   0.571   0.071

23.38   0.00    0.070    0.070   0.032   0.036   0.002   0.000   0.000   0.000   0.000   0.000   0.000 1458163000
23.38   3.54   34.392
23.38   7.00    0.246    0.325
23.38   7.00    0.571   39.659
23.38   7.00    0.558    0.140   0.571   0.071
23.38   7.00    0.558    0.140   0.571   0.071

23.39   0.00    0.070    0.070   0.032   0.036   0.002   0.000   0.000   0.000   0.000   0.000   0.000 1458787000
23.39   3.54   34.392
23.39   7.00    0.246    0.325
23.39   7.00    0.571   39.659
23.39   7.00    0.558    0.140   0.571   0.071
23.39   7.00    0.558    0.140   0.571   0.071

23.40   0.00    0.070    0.070   0.032   0.036   0.002   0.000   0.000   0.000   0.000   0.000   0.000 1459411000
23.40   3.54   34.392
23.40   7.00    0.246    0.325
23.40   7.00    0.571   39.660
23.40   7.00    0.558    0.140   0.571   0.071
23.40   7.00    0.558    0.140   0.571   0.071

23.41   0.00    0.070    0.070   0.032   0.036   0.002   0.000   0.000   0.000   0.000   0.000   0.000 1460034000
23.41   3.54   34.392
23.41   7.00    0.246    0.325
23.41   7.00    0.571   39.660
23.41   7.00    0.558    0.140   0.571   0.071
23.41   7.00    0.558    0.140   0.571   0.071

23.42   0.00    0.070    0.070   0.032   0.036   0.002   0.000   0.000   0.000   0.000   0.000   0.000 1460658000
23.42   3.54   34.392
23.42   7.00    0.246    0.325
23.42   7.00    0.571   39.660
23.42   7.00    0.558    0.140   0.571   0.071
23.42   7.00    0.558    0.140   0.571   0.071

23.43   0.00    0.070    0.070   0.032   0.036   0.002   0.000   0.000   0.000   0.000   0.000   0.000 1461282000
23.43   3.54   34.392
23.43   7.00    0.246    0.325
23.43   7.00    0.571   39.660
23.43   7.00    0.558    0.140   0.571   0.071
23.43   7.00    0.558    0.140   0.571   0.071

23.44   0.00    0.070    0.070   0.032   0.036   0.002   0.000   0.000   0.000   0.000   0.000   0.000 1461906000
23.44   3.54   34.392
23.44   7.00    0.246    0.325
23.44   7.00    0.570   39.661
23.44   7.00    0.558    0.140   0.570   0.071
23.44   7.00    0.558    0.140   0.570   0.071

23.45   0.00    0.070    0.070   0.032   0.036   0.002   0.000   0.000   0.000   0.000   0.000   0.000 1462529000
23.45   3.54   34.392
23.45   7.00    0.246    0.325
23.45   7.00    0.570   39.661
23.45   7.00    0.558    0.140   0.570   0.071
23.45   7.00    0.558    0.140   0.570   0.071

23.46   0.00    0.070    0.070   0.032   0.036   0.002   0.000   0.000   0.000   0.000   0.000   0.000 1463153000
23.46   3.54   34.392
23.46   7.00    0.246    0.325
23.46   7.00    0.570   39.661
23.46   7.00    0.557    0.140   0.570   0.071
23.46   7.00    0.558    0.140   0.570   0.071

23.47   0.00    0.070    0.070   0.032   0.036   0.002   0.000   0.000   0.000   0.000   0.000   0.000 1463776000
23.47   3.54   34.392
23.47   7.00    0.246    0.325
23.47   7.00    0.570   39.661
23.47   7.00    0.557    0.140   0.570   0.071
23.47   7.00    0.558    0.140   0.570   0.071

23.48   0.00    0.070    0.070   0.032   0.036   0.002   0.000   0.000   0.000   0.000   0.000   0.000 1464400000
23.48   3.54   34.392
23.48   7.00    0.246    0.325
23.48   7.00    0.570   39.661
23.48   7.00    0.557    0.140   0.570   0.071
23.48   7.00    0.558    0.140   0.570   0.071

23.49   0.00    0.070    0.070   0.032   0.036   0.002   0.000   0.000   0.000   0.000   0.000   0.000 1465024000
23.49   3.54   34.392
23.49   7.00    0.246    0.325
23.49   7.00    0.570   39.662
23.49   7.00    0.557    0.140   0.570   0.071
23.49   7.00    0.557    0.140   0.570   0.071

23.50   0.00    0.070    0.070   0.032   0.036   0.002   0.000   0.000   0.000   0.000   0.000   0.000 1465647000
23.50   3.53   34.392
23.50   7.00    0.246    0.325
23.50   7.00    0.570   39.662
23.50   7.00    0.557    0.140   0.570   0.071
23.50   7.00    0.557    0.140   0.570   0.071

23.51   0.00    0.070    0.070   0.032   0.036   0.002   0.000   0.000   0.000   0.000   0.000   0.000 1466271000
23.51   3.53   34.392
23.51   7.00    0.246    0.325
23.51   7.00    0.570   39.662
23.51   7.00    0.557    0.140   0.570   0.071
23.51   7.00    0.557    0.140   0.570   0.071

23.52   0.00    0.070    0.070   0.032   0.036   0.002   0.000   0.000   0.000   0.000   0.000   0.000 1466895000
23.52   3.53   34.392
23.52   7.00    0.246    0.325
23.52   7.00    0.570   39.662
23.52   7.00    0.557    0.140   0.570   0.071
23.52   7.00    0.557    0.140   0.570   0.071

23.53   0.00    0.070    0.070   0.032   0.036   0.002   0.000   0.000   0.000   0.000   0.000   0.000 1467519000
23.53   3.53   34.392
23.53   7.00    0.246    0.325
23.53   7.00    0.570   39.663
23.53   7.00    0.557    0.140   0.570   0.071
23.53   7.00    0.557    0.140   0.570   0.071

23.54   0.00    0.070    0.070   0.032   0.036   0.002   0.000   0.000   0.000   0.000   0.000   0.000 1468142000
23.54   3.53   34.392
23.54   7.00    0.246    0.325
23.54   7.00    0.570   39.663
23.54   7.00    0.557    0.140   0.570   0.071
23.54   7.00    0.557    0.140   0.570   0.071

23.55   0.00    0.070    0.070   0.032   0.036   0.002   0.000   0.000   0.000   0.000   0.000   0.000 1468766000
23.55   3.53   34.392
23.55   7.00    0.246    0.325
23.55   7.00    0.570   39.663
23.55   7.00    0.557    0.140   0.570   0.071
23.55   7.00    0.557    0.140   0.570   0.071

23.56   0.00    0.070    0.070   0.032   0.036   0.002   0.000   0.000   0.000   0.000   0.000   0.000 1469390000
23.56   3.53   34.392
23.56   7.00    0.246    0.325
23.56   7.00    0.570   39.663
23.56   7.00    0.557    0.140   0.570   0.071
23.56   7.00    0.557    0.140   0.570   0.071

23.57   0.00    0.070    0.070   0.032   0.036   0.002   0.000   0.000   0.000   0.000   0.000   0.000 1470013000
23.57   3.53   34.392
23.57   7.00    0.246    0.325
23.57   7.00    0.570   39.664
23.57   7.00    0.557    0.140   0.570   0.071
23.57   7.00    0.557    0.140   0.570   0.071

23.58   0.00    0.070    0.070   0.032   0.036   0.002   0.000   0.000   0.000   0.000   0.000   0.000 1470637000
23.58   3.53   34.392
23.58   7.00    0.246    0.325
23.58   7.00    0.570   39.664
23.58   7.00    0.557    0.140   0.570   0.071
23.58   7.00    0.557    0.140   0.570   0.071

23.59   0.00    0.070    0.070   0.032   0.036   0.002   0.000   0.000   0.000   0.000   0.000   0.000 1471261000
23.59   3.53   34.392
23.59   7.00    0.246    0.325
23.59   7.00    0.570   39.664
23.59   7.00    0.557    0.140   0.570   0.071
23.59   7.00    0.557    0.140   0.570   0.071

23.60   0.00    0.070    0.070   0.032   0.036   0.002   0.000   0.000   0.000   0.000   0.000   0.000 1471884000
23.60   3.53   34.392
23.60   7.00    0.246    0.325
23.60   7.00    0.570   39.664
23.60   7.00    0.557    0.140   0.570   0.071
23.60   7.00    0.557    0.140   0.570   0.071

23.61   0.00    0.070    0.070   0.032   0.036   0.002   0.000   0.000   0.000   0.000   0.000   0.000 1472508000
23.61   3.53   34.392
23.61   7.00    0.246    0.325
23.61   7.00    0.570   39.664
23.61   7.00    0.557    0.140   0.570   0.071
23.61   7.00    0.557    0.140   0.570   0.071

23.62   0.00    0.070    0.070   0.032   0.036   0.002   0.000   0.000   0.000   0.000   0.000   0.000 1473132000
23.62   3.53   34.392
23.62   7.00    0.246    0.325
23.62   7.00    0.570   39.665
23.62   7.00    0.557    0.140   0.570   0.071
23.62   7.00    0.557    0.140   0.570   0.071

23.63   0.00    0.070    0.070   0.032   0.036   0.002   0.000   0.000   0.000   0.000   0.000   0.000 1473755000
23.63   3.53   34.392
23.63   7.00    0.245    0.325
23.63   7.00    0.570   39.665
23.63   7.00    0.557    0.140   0.570   0.071
23.63   7.00    0.557    0.140   0.570   0.071

23.64   0.00    0.070    0.070   0.032   0.036   0.002   0.000   0.000   0.000   0.000   0.000   0.000 1474379000
23.64   3.53   34.392
23.64   7.00    0.245    0.325
23.64   7.00    0.570   39.665
23.64   7.00    0.557    0.140   0.570   0.071
23.64   7.00    0.557    0.140   0.570   0.071

23.65   0.00    0.070    0.070   0.032   0.036   0.002   0.000   0.000   0.000   0.000   0.000   0.000 1475003000
23.65   3.53   34.392
23.65   7.00    0.245    0.325
23.65   7.00    0.570   39.665
23.65   7.00    0.557    0.140   0.570   0.071
23.65   7.00    0.557    0.140   0.570   0.071

23.66   0.00    0.070    0.070   0.032   0.036   0.002   0.000   0.000   0.000   0.000   0.000   0.000 1475626000
23.66   3.53   34.392
23.66   7.00    0.245    0.325
23.66   7.00    0.570   39.666
23.66   7.00    0.557    0.140   0.570   0.071
23.66   7.00    0.557    0.140   0.570   0.071

23.67   0.00    0.070    0.070   0.032   0.036   0.002   0.000   0.000   0.000   0.000   0.000   0.000 1476250000
23.67   3.53   34.392
23.67   7.00    0.245    0.325
23.67   7.00    0.570   39.666
23.67   7.00    0.557    0.140   0.570   0.071
23.67   7.00    0.557    0.140   0.570   0.071

23.68   0.00    0.070    0.070   0.032   0.036   0.002   0.000   0.000   0.000   0.000   0.000   0.000 1476874000
23.68   3.53   34.392
23.68   7.00    0.245    0.325
23.68   7.00    0.570   39.666
23.68   7.00    0.557    0.140   0.570   0.071
23.68   7.00    0.557    0.140   0.570   0.071

23.69   0.00    0.070    0.070   0.032   0.036   0.002   0.000   0.000   0.000   0.000   0.000   0.000 1477497000
23.69   3.53   34.392
23.69   7.00    0.245    0.325
23.69   7.00    0.570   39.666
23.69   7.00    0.557    0.140   0.570   0.071
23.69   7.00    0.557    0.140   0.570   0.071

23.70   0.00    0.070    0.070   0.032   0.036   0.002   0.000   0.000   0.000   0.000   0.000   0.000 1478121000
23.70   3.53   34.392
23.70   7.00    0.245    0.325
23.70   7.00    0.570   39.667
23.70   7.00    0.557    0.140   0.570   0.071
23.70   7.00    0.557    0.140   0.570   0.071

23.71   0.00    0.070    0.070   0.032   0.036   0.002   0.000   0.000   0.000   0.000   0.000   0.000 1478745000
23.71   3.53   34.392
23.71   7.00    0.245    0.325
23.71   7.00    0.570   39.667
23.71   7.00    0.557    0.140   0.570   0.071
23.71   7.00    0.557    0.140   0.570   0.071

23.72   0.00    0.070    0.070   0.032   0.036   0.002   0.000   0.000   0.000   0.000   0.000   0.000 1479368000
23.72   3.53   34.392
23.72   7.00    0.245    0.325
23.72   7.00    0.570   39.667
23.72   7.00    0.557    0.140   0.570   0.071
23.72   7.00    0.557    0.140   0.570   0.071

23.73   0.00    0.070    0.070   0.032   0.036   0.002   0.000   0.000   0.000   0.000   0.000   0.000 1479992000
23.73   3.53   34.392
23.73   7.00    0.245    0.325
23.73   7.00    0.570   39.667
23.73   7.00    0.557    0.140   0.570   0.071
23.73   7.00    0.557    0.140   0.570   0.071

23.74   0.00    0.070    0.070   0.032   0.036   0.002   0.000   0.000   0.000   0.000   0.000   0.000 1480616000
23.74   3.53   34.392
23.74   7.00    0.245    0.325
23.74   7.00    0.570   39.667
23.74   7.00    0.557    0.140   0.570   0.071
23.74   7.00    0.557    0.140   0.570   0.071

23.75   0.00    0.070    0.070   0.032   0.036   0.002   0.000   0.000   0.000   0.000   0.000   0.000 1481240000
23.75   3.53   34.392
23.75   7.00    0.245    0.325
23.75   7.00    0.570   39.668
23.75   7.00    0.557    0.140   0.570   0.071
23.75   7.00    0.557    0.140   0.570   0.071

23.76   0.00    0.070    0.070   0.032   0.036   0.002   0.000   0.000   0.000   0.000   0.000   0.000 1481863000
23.76   3.53   34.392
23.76   7.00    0.245    0.325
23.76   7.00    0.570   39.668
23.76   7.00    0.557    0.140   0.570   0.071
23.76   7.00    0.557    0.140   0.570   0.071

23.77   0.00    0.070    0.070   0.032   0.036   0.002   0.000   0.000   0.000   0.000   0.000   0.000 1482487000
23.77   3.53   34.392
23.77   7.00    0.245    0.325
23.77   7.00    0.570   39.668
23.77   7.00    0.557    0.140   0.570   0.071
23.77   7.00    0.557    0.140   0.570   0.071

23.78   0.00    0.070    0.070   0.032   0.036   0.002   0.000   0.000   0.000   0.000   0.000   0.000 1483111000
23.78   3.53   34.392
23.78   7.00    0.245    0.325
23.78   7.00    0.570   39.668
23.78   7.00    0.557    0.140   0.570   0.071
23.78   7.00    0.557    0.140   0.570   0.071

23.79   0.00    0.070    0.070   0.032   0.036   0.002   0.000   0.000   0.000   0.000   0.000   0.000 1483734000
23.79   3.53   34.392
23.79   7.00    0.245    0.325
23.79   7.00    0.570   39.669
23.79   7.00    0.557    0.140   0.570   0.071
23.79   7.00    0.557    0.140   0.570   0.071

23.80   0.00    0.070    0.070   0.032   0.036   0.002   0.000   0.000   0.000   0.000   0.000   0.000 1484358000
23.80   3.53   34.392
23.80   7.00    0.245    0.325
23.80   7.00    0.570   39.669
23.80   7.00    0.557    0.140   0.570   0.071
23.80   7.00    0.557    0.140   0.570   0.071

23.81   0.00    0.070    0.070   0.032   0.036   0.002   0.000   0.000   0.000   0.000   0.000   0.000 1484982000
23.81   3.53   34.392
23.81   7.00    0.245    0.325
23.81   7.00    0.570   39.669
23.81   7.00    0.557    0.140   0.570   0.071
23.81   7.00    0.557    0.140   0.570   0.071

23.82   0.00    0.070    0.070   0.032   0.036   0.002   0.000   0.000   0.000   0.000   0.000   0.000 1485605000
23.82   3.53   34.392
23.82   7.00    0.245    0.325
23.82   7.00    0.570   39.669
23.82   7.00    0.557    0.140   0.570   0.071
23.82   7.00    0.557    0.140   0.570   0.071

23.83   0.00    0.070    0.070   0.032   0.036   0.002   0.000   0.000   0.000   0.000   0.000   0.000 1486229000
23.83   3.53   34.392
23.83   7.00    0.245    0.325
23.83   7.00    0.570   39.670
23.83   7.00    0.557    0.140   0.570   0.071
23.83   7.00    0.557    0.140   0.570   0.071

23.84   0.00    0.070    0.070   0.032   0.036   0.002   0.000   0.000   0.000   0.000   0.000   0.000 1486853000
23.84   3.53   34.392
23.84   7.00    0.245    0.325
23.84   7.00    0.570   39.670
23.84   7.00    0.557    0.140   0.570   0.071
23.84   7.00    0.557    0.140   0.570   0.071

23.85   0.00    0.070    0.070   0.032   0.036   0.002   0.000   0.000   0.000   0.000   0.000   0.000 1487476000
23.85   3.53   34.392
23.85   7.00    0.245    0.325
23.85   7.00    0.570   39.670
23.85   7.00    0.557    0.140   0.570   0.071
23.85   7.00    0.557    0.140   0.570   0.071

23.86   0.00    0.070    0.070   0.032   0.036   0.002   0.000   0.000   0.000   0.000   0.000   0.000 1488100000
23.86   3.53   34.392
23.86   7.00    0.245    0.325
23.86   7.00    0.569   39.670
23.86   7.00    0.557    0.140   0.569   0.071
23.86   7.00    0.557    0.140   0.569   0.071

23.87   0.00    0.070    0.070   0.032   0.036   0.002   0.000   0.000   0.000   0.000   0.000   0.000 1488724000
23.87   3.53   34.392
23.87   7.00    0.245    0.325
23.87   7.00    0.569   39.670
23.87   7.00    0.557    0.140   0.569   0.071
23.87   7.00    0.557    0.140   0.569   0.071

23.88   0.00    0.070    0.070   0.032   0.036   0.002   0.000   0.000   0.000   0.000   0.000   0.000 1489347000
23.88   3.53   34.392
23.88   7.00    0.245    0.325
23.88   7.00    0.569   39.671
23.88   7.00    0.557    0.140   0.569   0.071
23.88   7.00    0.557    0.140   0.569   0.071

23.89   0.00    0.070    0.070   0.032   0.036   0.002   0.000   0.000   0.000   0.000   0.000   0.000 1489971000
23.89   3.53   34.392
23.89   7.00    0.245    0.325
23.89   7.00    0.569   39.671
23.89   7.00    0.556    0.140   0.569   0.071
23.89   7.00    0.557    0.140   0.569   0.071

23.90   0.00    0.070    0.070   0.032   0.036   0.002   0.000   0.000   0.000   0.000   0.000   0.000 1490595000
23.90   3.53   34.392
23.90   7.00    0.245    0.325
23.90   7.00    0.569   39.671
23.90   7.00    0.556    0.140   0.569   0.071
23.90   7.00    0.557    0.140   0.569   0.071

23.91   0.00    0.070    0.070   0.032   0.036   0.002   0.000   0.000   0.000   0.000   0.000   0.000 1491218000
23.91   3.53   34.392
23.91   7.00    0.245    0.325
23.91   7.00    0.569   39.671
23.91   7.00    0.556    0.140   0.569   0.071
23.91   7.00    0.557    0.140   0.569   0.071

23.92   0.00    0.070    0.070   0.032   0.036   0.002   0.000   0.000   0.000   0.000   0.000   0.000 1491842000
23.92   3.53   34.393
23.92   7.00    0.245    0.325
23.92   7.00    0.569   39.672
23.92   7.00    0.556    0.140   0.569   0.071
23.92   7.00    0.556    0.140   0.569   0.071

23.93   0.00    0.070    0.070   0.032   0.036   0.002   0.000   0.000   0.000   0.000   0.000   0.000 1492466000
23.93   3.53   34.393
23.93   7.00    0.245    0.325
23.93   7.00    0.569   39.672
23.93   7.00    0.556    0.140   0.569   0.071
23.93   7.00    0.556    0.140   0.569   0.071

23.94   0.00    0.070    0.070   0.032   0.036   0.002   0.000   0.000   0.000   0.000   0.000   0.000 1493090000
23.94   3.53   34.393
23.94   7.00    0.245    0.325
23.94   7.00    0.569   39.672
23.94   7.00    0.556    0.140   0.569   0.071
23.94   7.00    0.556    0.140   0.569   0.071

23.95   0.00    0.070    0.070   0.032   0.036   0.002   0.000   0.000   0.000   0.000   0.000   0.000 1493713000
23.95   3.53   34.393
23.95   7.00    0.245    0.325
23.95   7.00    0.569   39.672
23.95   7.00    0.556    0.140   0.569   0.071
23.95   7.00    0.556    0.140   0.569   0.071

23.96   0.00    0.070    0.070   0.032   0.036   0.002   0.000   0.000   0.000   0.000   0.000   0.000 1494337000
23.96   3.53   34.393
23.96   7.00    0.245    0.325
23.96   7.00    0.569   39.672
23.96   7.00    0.556    0.140   0.569   0.071
23.96   7.00    0.556    0.140   0.569   0.071

23.97   0.00    0.070    0.070   0.032   0.036   0.002   0.000   0.000   0.000   0.000   0.000   0.000 1494960000
23.97   3.53   34.393
23.97   7.00    0.245    0.325
23.97   7.00    0.569   39.673
23.97   7.00    0.556    0.140   0.569   0.071
23.97   7.00    0.556    0.140   0.569   0.071

23.98   0.00    0.070    0.070   0.032   0.036   0.002   0.000   0.000   0.000   0.000   0.000   0.000 1495584000
23.98   3.53   34.393
23.98   7.00    0.245    0.325
23.98   7.00    0.569   39.673
23.98   7.00    0.556    0.140   0.569   0.071
23.98   7.00    0.556    0.140   0.569   0.071

23.99   0.00    0.070    0.070   0.032   0.036   0.002   0.000   0.000   0.000   0.000   0.000   0.000 1496208000
23.99   3.53   34.393
23.99   7.00    0.245    0.325
23.99   7.00    0.569   39.673
23.99   7.00    0.556    0.140   0.569   0.071
23.99   7.00    0.556    0.140   0.569   0.071

24.00   0.00    0.070    0.070   0.032   0.036   0.002   0.000   0.000   0.000   0.000   0.000   0.000 1496831000
24.00   3.53   34.393
24.00   7.00    0.245    0.325
24.00   7.00    0.569   39.673
24.00   7.00    0.556    0.140   0.569   0.071
24.00   7.00    0.556    0.140   0.569   0.071

24.01   0.00    0.070    0.070   0.032   0.036   0.002   0.000   0.000   0.000   0.000   0.000   0.000 1497455000
24.01   3.53   34.393
24.01   7.00    0.245    0.325
24.01   7.00    0.569   39.674
24.01   7.00    0.556    0.140   0.569   0.071
24.01   7.00    0.556    0.140   0.569   0.071

24.02   0.00    0.070    0.070   0.032   0.036   0.002   0.000   0.000   0.000   0.000   0.000   0.000 1498079000
24.02   3.52   34.393
24.02   7.00    0.245    0.325
24.02   7.00    0.569   39.674
24.02   7.00    0.556    0.140   0.569   0.071
24.02   7.00    0.556    0.140   0.569   0.071

24.03   0.00    0.070    0.070   0.032   0.036   0.002   0.000   0.000   0.000   0.000   0.000   0.000 1498703000
24.03   3.52   34.393
24.03   7.00    0.245    0.325
24.03   7.00    0.569   39.674
24.03   7.00    0.556    0.140   0.569   0.071
24.03   7.00    0.556    0.140   0.569   0.071

24.04   0.00    0.070    0.070   0.032   0.036   0.002   0.000   0.000   0.000   0.000   0.000   0.000 1499326000
24.04   3.52   34.393
24.04   7.00    0.245    0.325
24.04   7.00    0.569   39.674
24.04   7.00    0.556    0.140   0.569   0.071
24.04   7.00    0.556    0.140   0.569   0.071

24.05   0.00    0.070    0.070   0.032   0.036   0.002   0.000   0.000   0.000   0.000   0.000   0.000 1499950000
24.05   3.52   34.393
24.05   7.00    0.245    0.325
24.05   7.00    0.569   39.675
24.05   7.00    0.556    0.140   0.569   0.071
24.05   7.00    0.556    0.140   0.569   0.071

24.06   0.00    0.070    0.070   0.032   0.036   0.002   0.000   0.000   0.000   0.000   0.000   0.000 1500574000
24.06   3.52   34.393
24.06   7.00    0.244    0.325
24.06   7.00    0.569   39.675
24.06   7.00    0.556    0.140   0.569   0.071
24.06   7.00    0.556    0.140   0.569   0.071

24.07   0.00    0.070    0.070   0.032   0.036   0.002   0.000   0.000   0.000   0.000   0.000   0.000 1501197000
24.07   3.52   34.393
24.07   7.00    0.244    0.325
24.07   7.00    0.569   39.675
24.07   7.00    0.556    0.140   0.569   0.071
24.07   7.00    0.556    0.140   0.569   0.071

24.08   0.00    0.070    0.070   0.032   0.036   0.002   0.000   0.000   0.000   0.000   0.000   0.000 1501821000
24.08   3.52   34.393
24.08   7.00    0.244    0.325
24.08   7.00    0.569   39.675
24.08   7.00    0.556    0.140   0.569   0.071
24.08   7.00    0.556    0.140   0.569   0.071

24.09   0.00    0.070    0.070   0.032   0.036   0.002   0.000   0.000   0.000   0.000   0.000   0.000 1502445000
24.09   3.52   34.393
24.09   7.00    0.244    0.325
24.09   7.00    0.569   39.675
24.09   7.00    0.556    0.140   0.569   0.071
24.09   7.00    0.556    0.140   0.569   0.071

24.10   0.00    0.070    0.070   0.032   0.036   0.002   0.000   0.000   0.000   0.000   0.000   0.000 1503068000
24.10   3.52   34.393
24.10   7.00    0.244    0.325
24.10   7.00    0.569   39.676
24.10   7.00    0.556    0.140   0.569   0.071
24.10   7.00    0.556    0.140   0.569   0.071

24.11   0.00    0.070    0.070   0.032   0.036   0.002   0.000   0.000   0.000   0.000   0.000   0.000 1503692000
24.11   3.52   34.393
24.11   7.00    0.244    0.325
24.11   7.00    0.569   39.676
24.11   7.00    0.556    0.140   0.569   0.071
24.11   7.00    0.556    0.140   0.569   0.071

24.12   0.00    0.070    0.070   0.032   0.036   0.002   0.000   0.000   0.000   0.000   0.000   0.000 1504316000
24.12   3.52   34.393
24.12   7.00    0.244    0.325
24.12   7.00    0.569   39.676
24.12   7.00    0.556    0.140   0.569   0.071
24.12   7.00    0.556    0.139   0.569   0.071

24.13   0.00    0.070    0.070   0.032   0.036   0.002   0.000   0.000   0.000   0.000   0.000   0.000 1504939000
24.13   3.52   34.393
24.13   7.00    0.244    0.325
24.13   7.00    0.569   39.676
24.13   7.00    0.556    0.140   0.569   0.071
24.13   7.00    0.556    0.139   0.569   0.071

24.14   0.00    0.070    0.070   0.032   0.036   0.002   0.000   0.000   0.000   0.000   0.000   0.000 1505563000
24.14   3.52   34.393
24.14   7.00    0.244    0.325
24.14   7.00    0.569   39.677
24.14   7.00    0.556    0.140   0.569   0.071
24.14   7.00    0.556    0.139   0.569   0.071

24.15   0.00    0.070    0.070   0.032   0.036   0.002   0.000   0.000   0.000   0.000   0.000   0.000 1506187000
24.15   3.52   34.393
24.15   7.00    0.244    0.325
24.15   7.00    0.569   39.677
24.15   7.00    0.556    0.140   0.569   0.071
24.15   7.00    0.556    0.139   0.569   0.071

24.16   0.00    0.070    0.070   0.032   0.036   0.002   0.000   0.000   0.000   0.000   0.000   0.000 1506810000
24.16   3.52   34.393
24.16   7.00    0.244    0.325
24.16   7.00    0.569   39.677
24.16   7.00    0.556    0.140   0.569   0.071
24.16   7.00    0.556    0.139   0.569   0.071

24.17   0.00    0.070    0.070   0.032   0.036   0.002   0.000   0.000   0.000   0.000   0.000   0.000 1507434000
24.17   3.52   34.393
24.17   7.00    0.244    0.325
24.17   7.00    0.569   39.677
24.17   7.00    0.556    0.140   0.569   0.071
24.17   7.00    0.556    0.139   0.569   0.071

24.18   0.00    0.070    0.070   0.032   0.036   0.002   0.000   0.000   0.000   0.000   0.000   0.000 1508058000
24.18   3.52   34.393
24.18   7.00    0.244    0.325
24.18   7.00    0.569   39.677
24.18   7.00    0.556    0.140   0.569   0.071
24.18   7.00    0.556    0.139   0.569   0.071

24.19   0.00    0.070    0.070   0.032   0.036   0.002   0.000   0.000   0.000   0.000   0.000   0.000 1508681000
24.19   3.52   34.393
24.19   7.00    0.244    0.325
24.19   7.00    0.569   39.678
24.19   7.00    0.556    0.140   0.569   0.071
24.19   7.00    0.556    0.139   0.569   0.071

24.20   0.00    0.070    0.070   0.032   0.036   0.002   0.000   0.000   0.000   0.000   0.000   0.000 1509305000
24.20   3.52   34.393
24.20   7.00    0.244    0.325
24.20   7.00    0.569   39.678
24.20   7.00    0.556    0.140   0.569   0.071
24.20   7.00    0.556    0.139   0.569   0.071

24.21   0.00    0.070    0.070   0.032   0.036   0.002   0.000   0.000   0.000   0.000   0.000   0.000 1509929000
24.21   3.52   34.393
24.21   7.00    0.244    0.325
24.21   7.00    0.569   39.678
24.21   7.00    0.556    0.140   0.569   0.071
24.21   7.00    0.556    0.139   0.569   0.071

24.22   0.00    0.070    0.070   0.032   0.036   0.002   0.000   0.000   0.000   0.000   0.000   0.000 1510552000
24.22   3.52   34.393
24.22   7.00    0.244    0.325
24.22   7.00    0.569   39.678
24.22   7.00    0.556    0.140   0.569   0.071
24.22   7.00    0.556    0.139   0.569   0.071

24.23   0.00    0.070    0.070   0.032   0.036   0.002   0.000   0.000   0.000   0.000   0.000   0.000 1511176000
24.23   3.52   34.393
24.23   7.00    0.244    0.325
24.23   7.00    0.569   39.679
24.23   7.00    0.556    0.140   0.569   0.071
24.23   7.00    0.556    0.139   0.569   0.071

24.24   0.00    0.070    0.070   0.032   0.036   0.002   0.000   0.000   0.000   0.000   0.000   0.000 1511800000
24.24   3.52   34.393
24.24   7.00    0.244    0.325
24.24   7.00    0.569   39.679
24.24   7.00    0.556    0.140   0.569   0.071
24.24   7.00    0.556    0.139   0.569   0.071

24.25   0.00    0.070    0.070   0.032   0.036   0.002   0.000   0.000   0.000   0.000   0.000   0.000 1512424000
24.25   3.52   34.393
24.25   7.00    0.244    0.325
24.25   7.00    0.569   39.679
24.25   7.00    0.556    0.140   0.569   0.071
24.25   7.00    0.556    0.139   0.569   0.071

24.26   0.00    0.070    0.070   0.032   0.036   0.002   0.000   0.000   0.000   0.000   0.000   0.000 1513047000
24.26   3.52   34.393
24.26   7.00    0.244    0.325
24.26   7.00    0.569   39.679
24.26   7.00    0.556    0.140   0.569   0.071
24.26   7.00    0.556    0.139   0.569   0.071

24.27   0.00    0.070    0.070   0.032   0.036   0.002   0.000   0.000   0.000   0.000   0.000   0.000 1513671000
24.27   3.52   34.393
24.27   7.00    0.244    0.325
24.27   7.00    0.569   39.680
24.27   7.00    0.556    0.140   0.569   0.071
24.27   7.00    0.556    0.139   0.569   0.071

24.28   0.00    0.070    0.070   0.032   0.036   0.002   0.000   0.000   0.000   0.000   0.000   0.000 1514295000
24.28   3.52   34.393
24.28   7.00    0.244    0.325
24.28   7.00    0.569   39.680
24.28   7.00    0.556    0.140   0.569   0.071
24.28   7.00    0.556    0.139   0.569   0.071

24.29   0.00    0.070    0.070   0.032   0.036   0.002   0.000   0.000   0.000   0.000   0.000   0.000 1514918000
24.29   3.52   34.393
24.29   7.00    0.244    0.325
24.29   7.00    0.569   39.680
24.29   7.00    0.556    0.140   0.569   0.071
24.29   7.00    0.556    0.139   0.569   0.071

24.30   0.00    0.070    0.070   0.032   0.036   0.002   0.000   0.000   0.000   0.000   0.000   0.000 1515542000
24.30   3.52   34.393
24.30   7.00    0.244    0.325
24.30   7.00    0.568   39.680
24.30   7.00    0.556    0.140   0.568   0.071
24.30   7.00    0.556    0.139   0.568   0.071

24.31   0.00    0.070    0.070   0.032   0.036   0.002   0.000   0.000   0.000   0.000   0.000   0.000 1516166000
24.31   3.52   34.393
24.31   7.00    0.244    0.325
24.31   7.00    0.568   39.680
24.31   7.00    0.556    0.140   0.568   0.071
24.31   7.00    0.556    0.139   0.568   0.071

24.32   0.00    0.070    0.070   0.032   0.036   0.002   0.000   0.000   0.000   0.000   0.000   0.000 1516789000
24.32   3.52   34.393
24.32   7.00    0.244    0.325
24.32   7.00    0.568   39.681
24.32   7.00    0.556    0.140   0.568   0.071
24.32   7.00    0.556    0.139   0.568   0.071

24.33   0.00    0.070    0.070   0.032   0.036   0.002   0.000   0.000   0.000   0.000   0.000   0.000 1517413000
24.33   3.52   34.393
24.33   7.00    0.244    0.325
24.33   7.00    0.568   39.681
24.33   7.00    0.556    0.140   0.568   0.071
24.33   7.00    0.556    0.139   0.568   0.071

24.34   0.00    0.070    0.070   0.032   0.036   0.002   0.000   0.000   0.000   0.000   0.000   0.000 1518037000
24.34   3.52   34.393
24.34   7.00    0.244    0.325
24.34   7.00    0.568   39.681
24.34   7.00    0.555    0.140   0.568   0.071
24.34   7.00    0.556    0.139   0.568   0.071

24.35   0.00    0.070    0.070   0.032   0.036   0.002   0.000   0.000   0.000   0.000   0.000   0.000 1518660000
24.35   3.52   34.393
24.35   7.00    0.244    0.325
24.35   7.00    0.568   39.681
24.35   7.00    0.555    0.140   0.568   0.071
24.35   7.00    0.556    0.139   0.568   0.071

24.36   0.00    0.070    0.070   0.032   0.036   0.002   0.000   0.000   0.000   0.000   0.000   0.000 1519284000
24.36   3.52   34.393
24.36   7.00    0.244    0.325
24.36   7.00    0.568   39.682
24.36   7.00    0.555    0.140   0.568   0.071
24.36   7.00    0.556    0.139   0.568   0.071

24.37   0.00    0.070    0.070   0.032   0.036   0.002   0.000   0.000   0.000   0.000   0.000   0.000 1519908000
24.37   3.52   34.393
24.37   7.00    0.244    0.325
24.37   7.00    0.568   39.682
24.37   7.00    0.555    0.140   0.568   0.071
24.37   7.00    0.555    0.139   0.568   0.071

24.38   0.00    0.070    0.070   0.032   0.036   0.002   0.000   0.000   0.000   0.000   0.000   0.000 1520531000
24.38   3.52   34.393
24.38   7.00    0.244    0.325
24.38   7.00    0.568   39.682
24.38   7.00    0.555    0.140   0.568   0.071
24.38   7.00    0.555    0.139   0.568   0.071

24.39   0.00    0.070    0.070   0.032   0.036   0.002   0.000   0.000   0.000   0.000   0.000   0.000 1521155000
24.39   3.52   34.393
24.39   7.00    0.244    0.325
24.39   7.00    0.568   39.682
24.39   7.00    0.555    0.140   0.568   0.071
24.39   7.00    0.555    0.139   0.568   0.071

24.40   0.00    0.070    0.070   0.032   0.036   0.002   0.000   0.000   0.000   0.000   0.000   0.000 1521779000
24.40   3.52   34.393
24.40   7.00    0.244    0.325
24.40   7.00    0.568   39.682
24.40   7.00    0.555    0.140   0.568   0.071
24.40   7.00    0.555    0.139   0.568   0.071

24.41   0.00    0.070    0.070   0.032   0.036   0.002   0.000   0.000   0.000   0.000   0.000   0.000 1522402000
24.41   3.52   34.393
24.41   7.00    0.244    0.325
24.41   7.00    0.568   39.683
24.41   7.00    0.555    0.140   0.568   0.071
24.41   7.00    0.555    0.139   0.568   0.071

24.42   0.00    0.070    0.070   0.032   0.036   0.002   0.000   0.000   0.000   0.000   0.000   0.000 1523026000
24.42   3.52   34.393
24.42   7.00    0.244    0.325
24.42   7.00    0.568   39.683
24.42   7.00    0.555    0.140   0.568   0.071
24.42   7.00    0.555    0.139   0.568   0.071

24.43   0.00    0.070    0.070   0.032   0.036   0.002   0.000   0.000   0.000   0.000   0.000   0.000 1523650000
24.43   3.52   34.393
24.43   7.00    0.244    0.325
24.43   7.00    0.568   39.683
24.43   7.00    0.555    0.140   0.568   0.071
24.43   7.00    0.555    0.139   0.568   0.071

24.44   0.00    0.070    0.070   0.032   0.036   0.002   0.000   0.000   0.000   0.000   0.000   0.000 1524273000
24.44   3.52   34.394
24.44   7.00    0.244    0.325
24.44   7.00    0.568   39.683
24.44   7.00    0.555    0.140   0.568   0.071
24.44   7.00    0.555    0.139   0.568   0.071

24.45   0.00    0.070    0.070   0.032   0.036   0.002   0.000   0.000   0.000   0.000   0.000   0.000 1524897000
24.45   3.52   34.394
24.45   7.00    0.244    0.325
24.45   7.00    0.568   39.684
24.45   7.00    0.555    0.140   0.568   0.071
24.45   7.00    0.555    0.139   0.568   0.071

24.46   0.00    0.070    0.070   0.032   0.036   0.002   0.000   0.000   0.000   0.000   0.000   0.000 1525521000
24.46   3.52   34.394
24.46   7.00    0.244    0.325
24.46   7.00    0.568   39.684
24.46   7.00    0.555    0.140   0.568   0.071
24.46   7.00    0.555    0.139   0.568   0.071

24.47   0.00    0.070    0.070   0.032   0.036   0.002   0.000   0.000   0.000   0.000   0.000   0.000 1526144000
24.47   3.52   34.394
24.47   7.00    0.244    0.325
24.47   7.00    0.568   39.684
24.47   7.00    0.555    0.140   0.568   0.071
24.47   7.00    0.555    0.139   0.568   0.071

24.48   0.00    0.070    0.070   0.032   0.036   0.002   0.000   0.000   0.000   0.000   0.000   0.000 1526768000
24.48   3.52   34.394
24.48   7.00    0.244    0.325
24.48   7.00    0.568   39.684
24.48   7.00    0.555    0.140   0.568   0.071
24.48   7.00    0.555    0.139   0.568   0.071

24.49   0.00    0.070    0.070   0.032   0.036   0.002   0.000   0.000   0.000   0.000   0.000   0.000 1527392000
24.49   3.52   34.394
24.49   7.00    0.244    0.325
24.49   7.00    0.568   39.684
24.49   7.00    0.555    0.140   0.568   0.071
24.49   7.00    0.555    0.139   0.568   0.071

24.50   0.00    0.070    0.070   0.032   0.036   0.002   0.000   0.000   0.000   0.000   0.000   0.000 1528015000
24.50   3.52   34.394
24.50   7.00    0.243    0.325
24.50   7.00    0.568   39.685
24.50   7.00    0.555    0.140   0.568   0.071
24.50   7.00    0.555    0.139   0.568   0.071

24.51   0.00    0.070    0.070   0.032   0.036   0.002   0.000   0.000   0.000   0.000   0.000   0.000 1528639000
24.51   3.52   34.394
24.51   7.00    0.243    0.325
24.51   7.00    0.568   39.685
24.51   7.00    0.555    0.140   0.568   0.071
24.51   7.00    0.555    0.139   0.568   0.071

24.52   0.00    0.070    0.070   0.032   0.036   0.002   0.000   0.000   0.000   0.000   0.000   0.000 1529263000
24.52   3.52   34.394
24.52   7.00    0.243    0.325
24.52   7.00    0.568   39.685
24.52   7.00    0.555    0.140   0.568   0.071
24.52   7.00    0.555    0.139   0.568   0.071

24.53   0.00    0.070    0.070   0.032   0.036   0.002   0.000   0.000   0.000   0.000   0.000   0.000 1529887000
24.53   3.52   34.394
24.53   7.00    0.243    0.325
24.53   7.00    0.568   39.685
24.53   7.00    0.555    0.140   0.568   0.071
24.53   7.00    0.555    0.139   0.568   0.071

24.54   0.00    0.070    0.070   0.032   0.036   0.002   0.000   0.000   0.000   0.000   0.000   0.000 1530510000
24.54   3.52   34.394
24.54   7.00    0.243    0.325
24.54   7.00    0.568   39.686
24.54   7.00    0.555    0.140   0.568   0.071
24.54   7.00    0.555    0.139   0.568   0.071

24.55   0.00    0.070    0.070   0.032   0.036   0.002   0.000   0.000   0.000   0.000   0.000   0.000 1531134000
24.55   3.52   34.394
24.55   7.00    0.243    0.325
24.55   7.00    0.568   39.686
24.55   7.00    0.555    0.140   0.568   0.071
24.55   7.00    0.555    0.139   0.568   0.071

24.56   0.00    0.070    0.070   0.032   0.036   0.002   0.000   0.000   0.000   0.000   0.000   0.000 1531758000
24.56   3.51   34.394
24.56   7.00    0.243    0.325
24.56   7.00    0.568   39.686
24.56   7.00    0.555    0.140   0.568   0.071
24.56   7.00    0.555    0.139   0.568   0.071

24.57   0.00    0.070    0.070   0.032   0.036   0.002   0.000   0.000   0.000   0.000   0.000   0.000 1532381000
24.57   3.51   34.394
24.57   7.00    0.243    0.325
24.57   7.00    0.568   39.686
24.57   7.00    0.555    0.140   0.568   0.071
24.57   7.00    0.555    0.139   0.568   0.071

24.58   0.00    0.070    0.070   0.032   0.036   0.002   0.000   0.000   0.000   0.000   0.000   0.000 1533005000
24.58   3.51   34.394
24.58   7.00    0.243    0.325
24.58   7.00    0.568   39.686
24.58   7.00    0.555    0.140   0.568   0.071
24.58   7.00    0.555    0.139   0.568   0.071

24.59   0.00    0.070    0.070   0.032   0.036   0.002   0.000   0.000   0.000   0.000   0.000   0.000 1533629000
24.59   3.51   34.394
24.59   7.00    0.243    0.325
24.59   7.00    0.568   39.687
24.59   7.00    0.555    0.140   0.568   0.071
24.59   7.00    0.555    0.139   0.568   0.071

24.60   0.00    0.070    0.070   0.032   0.036   0.002   0.000   0.000   0.000   0.000   0.000   0.000 1534252000
24.60   3.51   34.394
24.60   7.00    0.243    0.325
24.60   7.00    0.568   39.687
24.60   7.00    0.555    0.140   0.568   0.071
24.60   7.00    0.555    0.139   0.568   0.071

24.61   0.00    0.070    0.070   0.032   0.036   0.002   0.000   0.000   0.000   0.000   0.000   0.000 1534876000
24.61   3.51   34.394
24.61   7.00    0.243    0.325
24.61   7.00    0.568   39.687
24.61   7.00    0.555    0.140   0.568   0.071
24.61   7.00    0.555    0.139   0.568   0.071

24.62   0.00    0.070    0.070   0.032   0.036   0.002   0.000   0.000   0.000   0.000   0.000   0.000 1535500000
24.62   3.51   34.394
24.62   7.00    0.243    0.325
24.62   7.00    0.568   39.687
24.62   7.00    0.555    0.140   0.568   0.071
24.62   7.00    0.555    0.139   0.568   0.071

24.63   0.00    0.070    0.070   0.032   0.036   0.002   0.000   0.000   0.000   0.000   0.000   0.000 1536123000
24.63   3.51   34.394
24.63   7.00    0.243    0.325
24.63   7.00    0.568   39.688
24.63   7.00    0.555    0.140   0.568   0.071
24.63   7.00    0.555    0.139   0.568   0.071

24.64   0.00    0.070    0.070   0.032   0.036   0.002   0.000   0.000   0.000   0.000   0.000   0.000 1536747000
24.64   3.51   34.394
24.64   7.00    0.243    0.325
24.64   7.00    0.568   39.688
24.64   7.00    0.555    0.140   0.568   0.071
24.64   7.00    0.555    0.139   0.568   0.071

24.65   0.00    0.070    0.070   0.032   0.036   0.002   0.000   0.000   0.000   0.000   0.000   0.000 1537371000
24.65   3.51   34.394
24.65   7.00    0.243    0.325
24.65   7.00    0.568   39.688
24.65   7.00    0.555    0.140   0.568   0.071
24.65   7.00    0.555    0.139   0.568   0.071

24.66   0.00    0.070    0.070   0.032   0.036   0.002   0.000   0.000   0.000   0.000   0.000   0.000 1537994000
24.66   3.51   34.394
24.66   7.00    0.243    0.325
24.66   7.00    0.568   39.688
24.66   7.00    0.555    0.140   0.568   0.071
24.66   7.00    0.555    0.139   0.568   0.071

24.67   0.00    0.070    0.070   0.032   0.036   0.002   0.000   0.000   0.000   0.000   0.000   0.000 1538618000
24.67   3.51   34.394
24.67   7.00    0.243    0.325
24.67   7.00    0.568   39.689
24.67   7.00    0.555    0.140   0.568   0.071
24.67   7.00    0.555    0.139   0.568   0.071

24.68   0.00    0.070    0.070   0.032   0.036   0.002   0.000   0.000   0.000   0.000   0.000   0.000 1539242000
24.68   3.51   34.394
24.68   7.00    0.243    0.325
24.68   7.00    0.568   39.689
24.68   7.00    0.555    0.140   0.568   0.071
24.68   7.00    0.555    0.139   0.568   0.071

24.69   0.00    0.070    0.070   0.032   0.036   0.002   0.000   0.000   0.000   0.000   0.000   0.000 1539865000
24.69   3.51   34.394
24.69   7.00    0.243    0.325
24.69   7.00    0.568   39.689
24.69   7.00    0.555    0.140   0.568   0.071
24.69   7.00    0.555    0.139   0.568   0.071

24.70   0.00    0.070    0.070   0.032   0.036   0.002   0.000   0.000   0.000   0.000   0.000   0.000 1540489000
24.70   3.51   34.394
24.70   7.00    0.243    0.325
24.70   7.00    0.568   39.689
24.70   7.00    0.555    0.140   0.568   0.071
24.70   7.00    0.555    0.139   0.568   0.071

24.71   0.00    0.070    0.070   0.032   0.036   0.002   0.000   0.000   0.000   0.000   0.000   0.000 1541113000
24.71   3.51   34.394
24.71   7.00    0.243    0.325
24.71   7.00    0.568   39.689
24.71   7.00    0.555    0.140   0.568   0.071
24.71   7.00    0.555    0.139   0.568   0.071

24.72   0.00    0.070    0.070   0.032   0.036   0.002   0.000   0.000   0.000   0.000   0.000   0.000 1541736000
24.72   3.51   34.394
24.72   7.00    0.243    0.325
24.72   7.00    0.568   39.690
24.72   7.00    0.555    0.140   0.568   0.071
24.72   7.00    0.555    0.139   0.568   0.071

24.73   0.00    0.070    0.070   0.032   0.036   0.002   0.000   0.000   0.000   0.000   0.000   0.000 1542360000
24.73   3.51   34.394
24.73   7.00    0.243    0.325
24.73   7.00    0.568   39.690
24.73   7.00    0.555    0.140   0.568   0.071
24.73   7.00    0.555    0.139   0.568   0.071

24.74   0.00    0.070    0.070   0.032   0.036   0.002   0.000   0.000   0.000   0.000   0.000   0.000 1542984000
24.74   3.51   34.394
24.74   7.00    0.243    0.325
24.74   7.00    0.568   39.690
24.74   7.00    0.555    0.140   0.568   0.071
24.74   7.00    0.555    0.139   0.568   0.071

24.75   0.00    0.070    0.070   0.032   0.036   0.002   0.000   0.000   0.000   0.000   0.000   0.000 1543608000
24.75   3.51   34.394
24.75   7.00    0.243    0.325
24.75   7.00    0.567   39.690
24.75   7.00    0.555    0.140   0.567   0.071
24.75   7.00    0.555    0.139   0.567   0.071

24.76   0.00    0.070    0.070   0.032   0.036   0.002   0.000   0.000   0.000   0.000   0.000   0.000 1544231000
24.76   3.51   34.394
24.76   7.00    0.243    0.325
24.76   7.00    0.567   39.691
24.76   7.00    0.555    0.140   0.567   0.071
24.76   7.00    0.555    0.139   0.567   0.071

24.77   0.00    0.070    0.070   0.032   0.036   0.002   0.000   0.000   0.000   0.000   0.000   0.000 1544855000
24.77   3.51   34.394
24.77   7.00    0.243    0.325
24.77   7.00    0.567   39.691
24.77   7.00    0.555    0.140   0.567   0.071
24.77   7.00    0.555    0.139   0.567   0.071

24.78   0.00    0.070    0.070   0.032   0.036   0.002   0.000   0.000   0.000   0.000   0.000   0.000 1545479000
24.78   3.51   34.394
24.78   7.00    0.243    0.325
24.78   7.00    0.567   39.691
24.78   7.00    0.555    0.140   0.567   0.071
24.78   7.00    0.555    0.139   0.567   0.071

24.79   0.00    0.070    0.070   0.032   0.036   0.002   0.000   0.000   0.000   0.000   0.000   0.000 1546102000
24.79   3.51   34.394
24.79   7.00    0.243    0.325
24.79   7.00    0.567   39.691
24.79   7.00    0.554    0.140   0.567   0.071
24.79   7.00    0.555    0.139   0.567   0.071

24.80   0.00    0.070    0.070   0.032   0.036   0.002   0.000   0.000   0.000   0.000   0.000   0.000 1546726000
24.80   3.51   34.394
24.80   7.00    0.243    0.325
24.80   7.00    0.567   39.691
24.80   7.00    0.554    0.140   0.567   0.071
24.80   7.00    0.555    0.139   0.567   0.071

24.81   0.00    0.070    0.070   0.032   0.036   0.002   0.000   0.000   0.000   0.000   0.000   0.000 1547350000
24.81   3.51   34.394
24.81   7.00    0.243    0.325
24.81   7.00    0.567   39.692
24.81   7.00    0.554    0.140   0.567   0.071
24.81   7.00    0.555    0.139   0.567   0.071

24.82   0.00    0.070    0.070   0.032   0.036   0.002   0.000   0.000   0.000   0.000   0.000   0.000 1547973000
24.82   3.51   34.394
24.82   7.00    0.243    0.325
24.82   7.00    0.567   39.692
24.82   7.00    0.554    0.140   0.567   0.071
24.82   7.00    0.554    0.139   0.567   0.071

24.83   0.00    0.070    0.070   0.032   0.036   0.002   0.000   0.000   0.000   0.000   0.000   0.000 1548597000
24.83   3.51   34.394
24.83   7.00    0.243    0.325
24.83   7.00    0.567   39.692
24.83   7.00    0.554    0.140   0.567   0.071
24.83   7.00    0.554    0.139   0.567   0.071

24.84   0.00    0.070    0.070   0.032   0.036   0.002   0.000   0.000   0.000   0.000   0.000   0.000 1549221000
24.84   3.51   34.394
24.84   7.00    0.243    0.325
24.84   7.00    0.567   39.692
24.84   7.00    0.554    0.140   0.567   0.071
24.84   7.00    0.554    0.139   0.567   0.071

24.85   0.00    0.070    0.070   0.032   0.036   0.002   0.000   0.000   0.000   0.000   0.000   0.000 1549844000
24.85   3.51   34.394
24.85   7.00    0.243    0.325
24.85   7.00    0.567   39.693
24.85   7.00    0.554    0.140   0.567   0.071
24.85   7.00    0.554    0.139   0.567   0.071

24.86   0.00    0.070    0.070   0.032   0.036   0.002   0.000   0.000   0.000   0.000   0.000   0.000 1550468000
24.86   3.51   34.394
24.86   7.00    0.243    0.325
24.86   7.00    0.567   39.693
24.86   7.00    0.554    0.140   0.567   0.071
24.86   7.00    0.554    0.139   0.567   0.071

24.87   0.00    0.070    0.070   0.032   0.036   0.002   0.000   0.000   0.000   0.000   0.000   0.000 1551092000
24.87   3.51   34.395
24.87   7.00    0.243    0.325
24.87   7.00    0.567   39.693
24.87   7.00    0.554    0.140   0.567   0.071
24.87   7.00    0.554    0.139   0.567   0.071

24.88   0.00    0.070    0.070   0.032   0.036   0.002   0.000   0.000   0.000   0.000   0.000   0.000 1551715000
24.88   3.51   34.395
24.88   7.00    0.243    0.325
24.88   7.00    0.567   39.693
24.88   7.00    0.554    0.140   0.567   0.071
24.88   7.00    0.554    0.139   0.567   0.071

24.89   0.00    0.070    0.070   0.032   0.036   0.002   0.000   0.000   0.000   0.000   0.000   0.000 1552339000
24.89   3.51   34.395
24.89   7.00    0.243    0.325
24.89   7.00    0.567   39.693
24.89   7.00    0.554    0.140   0.567   0.071
24.89   7.00    0.554    0.139   0.567   0.071

24.90   0.00    0.070    0.070   0.032   0.036   0.002   0.000   0.000   0.000   0.000   0.000   0.000 1552963000
24.90   3.51   34.395
24.90   7.00    0.243    0.325
24.90   7.00    0.567   39.694
24.90   7.00    0.554    0.140   0.567   0.071
24.90   7.00    0.554    0.139   0.567   0.071

24.91   0.00    0.070    0.070   0.032   0.036   0.002   0.000   0.000   0.000   0.000   0.000   0.000 1553586000
24.91   3.51   34.395
24.91   7.00    0.243    0.325
24.91   7.00    0.567   39.694
24.91   7.00    0.554    0.140   0.567   0.071
24.91   7.00    0.554    0.139   0.567   0.071

24.92   0.00    0.070    0.070   0.032   0.036   0.002   0.000   0.000   0.000   0.000   0.000   0.000 1554210000
24.92   3.51   34.395
24.92   7.00    0.243    0.325
24.92   7.00    0.567   39.694
24.92   7.00    0.554    0.140   0.567   0.071
24.92   7.00    0.554    0.139   0.567   0.071

24.93   0.00    0.070    0.070   0.032   0.036   0.002   0.000   0.000   0.000   0.000   0.000   0.000 1554834000
24.93   3.51   34.395
24.93   7.00    0.243    0.325
24.93   7.00    0.567   39.694
24.93   7.00    0.554    0.140   0.567   0.071
24.93   7.00    0.554    0.139   0.567   0.071

24.94   0.00    0.070    0.070   0.032   0.036   0.002   0.000   0.000   0.000   0.000   0.000   0.000 1555457000
24.94   3.51   34.395
24.94   7.00    0.243    0.325
24.94   7.00    0.567   39.695
24.94   7.00    0.554    0.140   0.567   0.071
24.94   7.00    0.554    0.139   0.567   0.071

24.95   0.00    0.070    0.070   0.032   0.036   0.002   0.000   0.000   0.000   0.000   0.000   0.000 1556081000
24.95   3.51   34.395
24.95   7.00    0.242    0.325
24.95   7.00    0.567   39.695
24.95   7.00    0.554    0.140   0.567   0.071
24.95   7.00    0.554    0.139   0.567   0.071

24.96   0.00    0.070    0.070   0.032   0.036   0.002   0.000   0.000   0.000   0.000   0.000   0.000 1556705000
24.96   3.51   34.395
24.96   7.00    0.242    0.325
24.96   7.00    0.567   39.695
24.96   7.00    0.554    0.140   0.567   0.071
24.96   7.00    0.554    0.139   0.567   0.071

24.97   0.00    0.070    0.070   0.032   0.036   0.002   0.000   0.000   0.000   0.000   0.000   0.000 1557328000
24.97   3.51   34.395
24.97   7.00    0.242    0.325
24.97   7.00    0.567   39.695
24.97   7.00    0.554    0.140   0.567   0.071
24.97   7.00    0.554    0.139   0.567   0.071

24.98   0.00    0.070    0.070   0.032   0.036   0.002   0.000   0.000   0.000   0.000   0.000   0.000 1557952000
24.98   3.51   34.395
24.98   7.00    0.242    0.325
24.98   7.00    0.567   39.695
24.98   7.00    0.554    0.140   0.567   0.071
24.98   7.00    0.554    0.139   0.567   0.071

24.99   0.00    0.070    0.070   0.032   0.036   0.002   0.000   0.000   0.000   0.000   0.000   0.000 1558576000
24.99   3.51   34.395
24.99   7.00    0.242    0.325
24.99   7.00    0.567   39.696
24.99   7.00    0.554    0.140   0.567   0.071
24.99   7.00    0.554    0.139   0.567   0.071

25.00   0.00    0.070    0.070   0.032   0.036   0.002   0.000   0.000   0.000   0.000   0.000   0.000 1559199000
25.00   3.51   34.395
25.00   7.00    0.242    0.325
25.00   7.00    0.567   39.696
25.00   7.00    0.554    0.140   0.567   0.071
25.00   7.00    0.554    0.139   0.567   0.071
