
                -------->  BODY TRANSITIONING TO TURBULENT FLOW  <--------

 0.01   0.00    0.396    0.383   0.166   0.010   0.069  0.077   0.075   0.000   0.000     623680
 0.01  14.90   82.389
 0.01   5.00    1.167    0.166
 0.01   5.00    1.333   81.737
 0.01   5.00    1.294    0.514   1.333   0.399
 0.01   5.00    1.295    0.501   1.333   0.386

 0.02   0.00    0.404    0.391   0.224   0.013   0.060  0.054   0.053   0.000   0.000    1247360
 0.02  14.90   82.389
 0.02   5.00    1.167    0.166
 0.02   5.00    1.333   81.737
 0.02   5.00    1.293    0.522   1.333   0.407
 0.02   5.00    1.294    0.509   1.333   0.394

 0.03   0.00    0.395    0.382   0.235   0.014   0.058  0.044   0.043   0.000   0.000    1871039
 0.03  14.90   82.389
 0.03   5.00    1.167    0.166
 0.03   5.00    1.333   81.737
 0.03   5.00    1.294    0.513   1.333   0.398
 0.03   5.00    1.295    0.500   1.333   0.385

 0.04   0.00    0.385    0.372   0.238   0.014   0.058  0.038   0.037   0.000   0.000    2494719
 0.04  14.90   82.389
 0.04   5.00    1.167    0.166
 0.04   5.00    1.333   81.737
 0.04   5.00    1.295    0.503   1.333   0.388
 0.04   5.00    1.296    0.490   1.333   0.375

 0.05   0.00    0.377    0.364   0.237   0.014   0.058  0.034   0.034   0.000   0.000    3118399
 0.05  14.90   82.389
 0.05   5.00    1.167    0.166
 0.05   5.00    1.333   81.737
 0.05   5.00    1.295    0.494   1.333   0.379
 0.05   5.00    1.296    0.481   1.333   0.367

 0.06   0.00    0.374    0.361   0.235   0.014   0.058  0.034   0.033   0.000   0.000    3742079
 0.06  14.90   82.389
 0.06   5.00    1.167    0.166
 0.06   5.00    1.333   81.737
 0.06   5.00    1.295    0.492   1.333   0.377
 0.06   5.00    1.297    0.479   1.333   0.364

 0.07   0.00    0.372    0.359   0.233   0.014   0.058  0.034   0.033   0.000   0.000    4365758
 0.07  14.90   82.389
 0.07   5.00    1.167    0.166
 0.07   5.00    1.333   81.737
 0.07   5.00    1.296    0.490   1.333   0.375
 0.07   5.00    1.297    0.477   1.333   0.362

 0.08   0.00    0.370    0.357   0.231   0.013   0.059  0.034   0.033   0.000   0.000    4989438
 0.08  14.90   82.389
 0.08   5.00    1.167    0.166
 0.08   5.00    1.333   81.737
 0.08   5.00    1.296    0.488   1.333   0.373
 0.08   5.00    1.297    0.475   1.333   0.360

 0.09   0.00    0.368    0.355   0.229   0.013   0.059  0.034   0.033   0.000   0.000    5613118
 0.09  14.90   82.389
 0.09   5.00    1.167    0.166
 0.09   5.00    1.333   81.737
 0.09   5.00    1.296    0.486   1.333   0.371
 0.09   5.00    1.297    0.473   1.333   0.358

 0.10   0.00    0.367    0.355   0.228   0.013   0.059  0.034   0.033   0.000   0.000    6236798
 0.10  14.90   82.389
 0.10   5.00    1.167    0.166
 0.10   5.00    1.333   81.737
 0.10   5.00    1.296    0.485   1.333   0.370
 0.10   5.00    1.297    0.472   1.333   0.357

 0.11   0.00    0.367    0.355   0.228   0.013   0.059  0.034   0.033   0.000   0.000    6860478
 0.11  14.90   82.389
 0.11   5.00    1.167    0.166
 0.11   5.00    1.333   81.737
 0.11   5.00    1.296    0.485   1.333   0.370
 0.11   5.00    1.297    0.472   1.333   0.357

 0.12   0.00    0.367    0.354   0.228   0.013   0.059  0.034   0.033   0.000   0.000    7484158
 0.12  14.90   82.389
 0.12   5.00    1.167    0.166
 0.12   5.00    1.333   81.737
 0.12   5.00    1.296    0.485   1.333   0.370
 0.12   5.00    1.297    0.472   1.333   0.357

 0.13   0.00    0.367    0.354   0.228   0.013   0.059  0.034   0.033   0.000   0.000    8107837
 0.13  14.90   82.389
 0.13   5.00    1.167    0.166
 0.13   5.00    1.333   81.737
 0.13   5.00    1.296    0.485   1.333   0.370
 0.13   5.00    1.297    0.472   1.333   0.357

 0.14   0.00    0.367    0.354   0.228   0.013   0.059  0.034   0.033   0.000   0.000    8731517
 0.14  14.90   82.389
 0.14   5.00    1.167    0.166
 0.14   5.00    1.333   81.737
 0.14   5.00    1.296    0.485   1.333   0.370
 0.14   5.00    1.297    0.472   1.333   0.357

                -------->  FINS TRANSITIONING TO TURBULENT FLOW  <--------

 0.15   0.00    0.367    0.354   0.228   0.013   0.059  0.034   0.033   0.000   0.000    9355197
 0.15  14.90   82.389
 0.15   5.00    1.167    0.166
 0.15   5.00    1.333   81.737
 0.15   5.00    1.296    0.485   1.333   0.370
 0.15   5.00    1.297    0.472   1.333   0.357

 0.16   0.00    0.367    0.354   0.228   0.013   0.059  0.034   0.033   0.000   0.000    9978877
 0.16  14.90   82.389
 0.16   5.00    1.167    0.166
 0.16   5.00    1.333   81.737
 0.16   5.00    1.296    0.485   1.333   0.370
 0.16   5.00    1.297    0.472   1.333   0.357

 0.17   0.00    0.367    0.354   0.228   0.013   0.059  0.034   0.033   0.000   0.000   10602560
 0.17  14.90   82.389
 0.17   5.00    1.167    0.166
 0.17   5.00    1.333   81.737
 0.17   5.00    1.296    0.485   1.333   0.370
 0.17   5.00    1.297    0.472   1.333   0.357

 0.18   0.00    0.367    0.354   0.228   0.013   0.059  0.034   0.033   0.000   0.000   11226240
 0.18  14.90   82.389
 0.18   5.00    1.167    0.166
 0.18   5.00    1.333   81.737
 0.18   5.00    1.296    0.485   1.333   0.370
 0.18   5.00    1.297    0.472   1.333   0.357

 0.19   0.00    0.367    0.354   0.228   0.013   0.059  0.034   0.033   0.000   0.000   11849920
 0.19  14.90   82.389
 0.19   5.00    1.167    0.166
 0.19   5.00    1.333   81.737
 0.19   5.00    1.296    0.485   1.333   0.370
 0.19   5.00    1.297    0.472   1.333   0.357

 0.20   0.00    0.367    0.354   0.228   0.013   0.059  0.034   0.033   0.000   0.000   12473600
 0.20  14.90   82.389
 0.20   5.00    1.167    0.166
 0.20   5.00    1.333   81.737
 0.20   5.00    1.296    0.485   1.333   0.370
 0.20   5.00    1.297    0.472   1.333   0.357

 0.21   0.00    0.367    0.354   0.228   0.013   0.059  0.034   0.033   0.000   0.000   13097280
 0.21  14.90   82.389
 0.21   5.00    1.167    0.166
 0.21   5.00    1.333   81.737
 0.21   5.00    1.296    0.485   1.333   0.370
 0.21   5.00    1.297    0.472   1.333   0.357

 0.22   0.00    0.367    0.354   0.228   0.013   0.059  0.034   0.033   0.000   0.000   13720960
 0.22  14.90   82.389
 0.22   5.00    1.167    0.166
 0.22   5.00    1.333   81.737
 0.22   5.00    1.296    0.485   1.333   0.370
 0.22   5.00    1.297    0.472   1.333   0.357

 0.23   0.00    0.367    0.354   0.228   0.013   0.059  0.034   0.033   0.000   0.000   14344640
 0.23  14.90   82.389
 0.23   5.00    1.167    0.166
 0.23   5.00    1.333   81.737
 0.23   5.00    1.296    0.485   1.333   0.370
 0.23   5.00    1.297    0.472   1.333   0.357

 0.24   0.00    0.367    0.354   0.228   0.013   0.059  0.034   0.033   0.000   0.000   14968320
 0.24  14.90   82.389
 0.24   5.00    1.167    0.166
 0.24   5.00    1.333   81.737
 0.24   5.00    1.296    0.485   1.333   0.370
 0.24   5.00    1.297    0.472   1.333   0.357

 0.25   0.00    0.367    0.354   0.228   0.013   0.059  0.034   0.033   0.000   0.000   15592000
 0.25  14.90   82.389
 0.25   5.00    1.167    0.166
 0.25   5.00    1.333   81.737
 0.25   5.00    1.296    0.485   1.333   0.370
 0.25   5.00    1.297    0.472   1.333   0.357

 0.26   0.00    0.367    0.354   0.228   0.013   0.059  0.034   0.033   0.000   0.000   16215670
 0.26  14.90   82.389
 0.26   5.00    1.167    0.166
 0.26   5.00    1.333   81.737
 0.26   5.00    1.296    0.485   1.333   0.370
 0.26   5.00    1.297    0.472   1.333   0.357

 0.27   0.00    0.367    0.354   0.228   0.013   0.059  0.034   0.033   0.000   0.000   16839360
 0.27  14.90   82.389
 0.27   5.00    1.167    0.166
 0.27   5.00    1.333   81.737
 0.27   5.00    1.296    0.485   1.333   0.370
 0.27   5.00    1.297    0.472   1.333   0.357

 0.28   0.00    0.367    0.354   0.228   0.013   0.059  0.034   0.033   0.000   0.000   17463030
 0.28  14.90   82.389
 0.28   5.00    1.167    0.166
 0.28   5.00    1.333   81.737
 0.28   5.00    1.296    0.485   1.333   0.370
 0.28   5.00    1.297    0.472   1.333   0.357

 0.29   0.00    0.367    0.354   0.228   0.013   0.059  0.034   0.033   0.000   0.000   18086710
 0.29  14.90   82.389
 0.29   5.00    1.167    0.166
 0.29   5.00    1.333   81.737
 0.29   5.00    1.296    0.485   1.333   0.370
 0.29   5.00    1.297    0.472   1.333   0.357

 0.30   0.00    0.367    0.355   0.228   0.013   0.059  0.034   0.033   0.000   0.000   18710390
 0.30  14.90   82.389
 0.30   5.00    1.167    0.166
 0.30   5.00    1.333   81.737
 0.30   5.00    1.296    0.485   1.333   0.370
 0.30   5.00    1.297    0.472   1.333   0.357

 0.31   0.00    0.368    0.355   0.227   0.013   0.059  0.034   0.033   0.000   0.000   19334070
 0.31  14.90   82.389
 0.31   5.00    1.167    0.166
 0.31   5.00    1.333   81.737
 0.31   5.00    1.296    0.485   1.333   0.370
 0.31   5.00    1.297    0.472   1.333   0.357

 0.32   0.00    0.368    0.355   0.227   0.013   0.059  0.034   0.034   0.000   0.000   19957750
 0.32  14.90   82.389
 0.32   5.00    1.167    0.166
 0.32   5.00    1.333   81.737
 0.32   5.00    1.296    0.485   1.333   0.370
 0.32   5.00    1.297    0.472   1.333   0.358

 0.33   0.00    0.368    0.355   0.227   0.013   0.059  0.034   0.034   0.000   0.000   20581430
 0.33  14.90   82.389
 0.33   5.00    1.167    0.166
 0.33   5.00    1.333   81.737
 0.33   5.00    1.296    0.485   1.333   0.371
 0.33   5.00    1.297    0.472   1.333   0.358

 0.34   0.00    0.368    0.355   0.227   0.013   0.059  0.034   0.034   0.000   0.000   21205110
 0.34  14.90   82.389
 0.34   5.00    1.167    0.166
 0.34   5.00    1.333   81.737
 0.34   5.00    1.296    0.486   1.333   0.371
 0.34   5.00    1.297    0.473   1.333   0.358

 0.35   0.00    0.368    0.355   0.227   0.013   0.059  0.035   0.034   0.000   0.000   21828790
 0.35  14.90   82.389
 0.35   5.00    1.167    0.166
 0.35   5.00    1.333   81.737
 0.35   5.00    1.296    0.486   1.333   0.371
 0.35   5.00    1.297    0.473   1.333   0.358

 0.36   0.00    0.368    0.355   0.227   0.013   0.059  0.035   0.034   0.000   0.000   22452470
 0.36  14.90   82.389
 0.36   5.00    1.167    0.166
 0.36   5.00    1.333   81.737
 0.36   5.00    1.296    0.486   1.333   0.371
 0.36   5.00    1.297    0.473   1.333   0.358

 0.37   0.00    0.368    0.355   0.227   0.013   0.059  0.035   0.034   0.000   0.000   23076150
 0.37  14.90   82.389
 0.37   5.00    1.167    0.166
 0.37   5.00    1.333   81.737
 0.37   5.00    1.296    0.486   1.333   0.371
 0.37   5.00    1.297    0.473   1.333   0.358

 0.38   0.00    0.368    0.355   0.227   0.013   0.059  0.035   0.034   0.000   0.000   23699830
 0.38  14.90   82.389
 0.38   5.00    1.167    0.166
 0.38   5.00    1.333   81.737
 0.38   5.00    1.296    0.486   1.333   0.371
 0.38   5.00    1.297    0.473   1.333   0.358

 0.39   0.00    0.368    0.356   0.227   0.013   0.059  0.035   0.034   0.000   0.000   24323510
 0.39  14.90   82.389
 0.39   5.00    1.167    0.166
 0.39   5.00    1.333   81.737
 0.39   5.00    1.296    0.486   1.333   0.371
 0.39   5.00    1.297    0.473   1.333   0.358

 0.40   0.00    0.369    0.356   0.227   0.013   0.059  0.035   0.034   0.000   0.000   24947190
 0.40  14.90   82.389
 0.40   5.00    1.167    0.166
 0.40   5.00    1.333   81.737
 0.40   5.00    1.296    0.486   1.333   0.371
 0.40   5.00    1.297    0.473   1.333   0.358

 0.41   0.00    0.369    0.356   0.227   0.013   0.059  0.035   0.034   0.000   0.000   25570870
 0.41  14.90   82.389
 0.41   5.00    1.167    0.166
 0.41   5.00    1.333   81.737
 0.41   5.00    1.296    0.486   1.333   0.372
 0.41   5.00    1.297    0.473   1.333   0.359

 0.42   0.00    0.369    0.356   0.227   0.013   0.059  0.035   0.034   0.000   0.000   26194550
 0.42  14.90   82.389
 0.42   5.00    1.167    0.166
 0.42   5.00    1.333   81.737
 0.42   5.00    1.296    0.486   1.333   0.372
 0.42   5.00    1.297    0.473   1.333   0.359

 0.43   0.00    0.369    0.356   0.227   0.013   0.059  0.035   0.034   0.000   0.000   26818230
 0.43  14.90   82.389
 0.43   5.00    1.167    0.166
 0.43   5.00    1.333   81.737
 0.43   5.00    1.296    0.487   1.333   0.372
 0.43   5.00    1.297    0.474   1.333   0.359

 0.44   0.00    0.369    0.356   0.227   0.013   0.059  0.035   0.034   0.000   0.000   27441910
 0.44  14.90   82.389
 0.44   5.00    1.167    0.166
 0.44   5.00    1.333   81.737
 0.44   5.00    1.296    0.487   1.333   0.372
 0.44   5.00    1.297    0.474   1.333   0.359

 0.45   0.00    0.369    0.356   0.227   0.013   0.059  0.035   0.035   0.000   0.000   28065590
 0.45  14.90   82.389
 0.45   5.00    1.167    0.166
 0.45   5.00    1.333   81.737
 0.45   5.00    1.296    0.487   1.333   0.372
 0.45   5.00    1.297    0.474   1.333   0.359

 0.46   0.00    0.369    0.356   0.227   0.013   0.059  0.035   0.035   0.000   0.000   28689270
 0.46  14.90   82.389
 0.46   5.00    1.167    0.166
 0.46   5.00    1.333   81.737
 0.46   5.00    1.296    0.487   1.333   0.372
 0.46   5.00    1.297    0.474   1.333   0.359

 0.47   0.00    0.369    0.356   0.227   0.013   0.059  0.035   0.035   0.000   0.000   29312950
 0.47  14.90   82.389
 0.47   5.00    1.167    0.166
 0.47   5.00    1.333   81.737
 0.47   5.00    1.296    0.487   1.333   0.372
 0.47   5.00    1.297    0.474   1.333   0.359

 0.48   0.00    0.369    0.357   0.227   0.013   0.059  0.036   0.035   0.000   0.000   29936630
 0.48  14.90   82.389
 0.48   5.00    1.167    0.166
 0.48   5.00    1.333   81.737
 0.48   5.00    1.296    0.487   1.333   0.372
 0.48   5.00    1.297    0.474   1.333   0.359

 0.49   0.00    0.370    0.357   0.227   0.013   0.059  0.036   0.035   0.000   0.000   30560310
 0.49  14.90   82.389
 0.49   5.00    1.167    0.166
 0.49   5.00    1.333   81.737
 0.49   5.00    1.296    0.487   1.333   0.372
 0.49   5.00    1.297    0.474   1.333   0.359

 0.50   0.00    0.370    0.357   0.227   0.013   0.059  0.036   0.035   0.000   0.000   31183990
 0.50  14.90   82.389
 0.50   5.00    1.167    0.166
 0.50   5.00    1.333   81.737
 0.50   5.00    1.296    0.487   1.333   0.373
 0.50   5.00    1.297    0.474   1.333   0.360

 0.51   0.00    0.370    0.357   0.227   0.013   0.059  0.036   0.035   0.000   0.000   31807670
 0.51  14.90   82.389
 0.51   5.00    1.167    0.166
 0.51   5.00    1.333   81.737
 0.51   5.00    1.296    0.487   1.333   0.373
 0.51   5.00    1.297    0.475   1.333   0.360

 0.52   0.00    0.370    0.357   0.227   0.013   0.059  0.036   0.035   0.000   0.000   32431350
 0.52  14.90   82.389
 0.52   5.00    1.167    0.166
 0.52   5.00    1.333   81.737
 0.52   5.00    1.296    0.488   1.333   0.373
 0.52   5.00    1.297    0.475   1.333   0.360

 0.53   0.00    0.370    0.357   0.227   0.013   0.059  0.036   0.035   0.000   0.000   33055030
 0.53  14.90   82.389
 0.53   5.00    1.167    0.166
 0.53   5.00    1.333   81.737
 0.53   5.00    1.296    0.488   1.333   0.373
 0.53   5.00    1.297    0.475   1.333   0.360

 0.54   0.00    0.370    0.357   0.227   0.013   0.059  0.036   0.035   0.000   0.000   33678710
 0.54  14.90   82.389
 0.54   5.00    1.167    0.166
 0.54   5.00    1.333   81.737
 0.54   5.00    1.296    0.488   1.333   0.373
 0.54   5.00    1.297    0.475   1.333   0.360

 0.55   0.00    0.370    0.357   0.227   0.013   0.059  0.036   0.035   0.000   0.000   34302390
 0.55  14.90   82.389
 0.55   5.00    1.167    0.166
 0.55   5.00    1.333   81.737
 0.55   5.00    1.296    0.488   1.333   0.373
 0.55   5.00    1.297    0.475   1.333   0.360

 0.56   0.00    0.370    0.357   0.227   0.013   0.059  0.036   0.035   0.000   0.000   34926070
 0.56  14.90   82.389
 0.56   5.00    1.167    0.166
 0.56   5.00    1.333   81.737
 0.56   5.00    1.296    0.488   1.333   0.373
 0.56   5.00    1.297    0.475   1.333   0.360

 0.57   0.00    0.370    0.358   0.226   0.013   0.059  0.036   0.035   0.000   0.000   35549750
 0.57  14.90   82.389
 0.57   5.00    1.167    0.166
 0.57   5.00    1.333   81.737
 0.57   5.00    1.296    0.488   1.333   0.373
 0.57   5.00    1.297    0.475   1.333   0.360

 0.58   0.00    0.371    0.358   0.226   0.013   0.059  0.036   0.035   0.000   0.000   36173430
 0.58  14.90   82.389
 0.58   5.00    1.167    0.166
 0.58   5.00    1.333   81.737
 0.58   5.00    1.296    0.488   1.333   0.373
 0.58   5.00    1.297    0.475   1.333   0.360

 0.59   0.00    0.371    0.358   0.226   0.013   0.059  0.036   0.036   0.000   0.000   36797110
 0.59  14.90   82.389
 0.59   5.00    1.167    0.166
 0.59   5.00    1.333   81.737
 0.59   5.00    1.296    0.488   1.333   0.374
 0.59   5.00    1.297    0.475   1.333   0.360

 0.60   0.00    0.371    0.357   0.226   0.013   0.059  0.036   0.036   0.000   0.000   37420790
 0.60  14.90   82.389
 0.60   5.00    1.167    0.166
 0.60   5.00    1.333   81.737
 0.60   5.00    1.296    0.488   1.333   0.374
 0.60   5.00    1.297    0.475   1.333   0.360

 0.61   0.00    0.371    0.358   0.226   0.013   0.059  0.037   0.036   0.000   0.000   38044470
 0.61  14.90   82.389
 0.61   5.00    1.167    0.166
 0.61   5.00    1.333   81.737
 0.61   5.00    1.296    0.489   1.333   0.374
 0.61   5.00    1.297    0.475   1.333   0.360

 0.62   0.00    0.372    0.358   0.226   0.013   0.059  0.037   0.036   0.000   0.000   38668150
 0.62  14.90   82.389
 0.62   5.00    1.167    0.166
 0.62   5.00    1.333   81.737
 0.62   5.00    1.296    0.489   1.333   0.374
 0.62   5.00    1.297    0.475   1.333   0.360

 0.63   0.00    0.372    0.358   0.226   0.013   0.059  0.037   0.036   0.000   0.000   39291830
 0.63  14.90   82.389
 0.63   5.00    1.167    0.166
 0.63   5.00    1.333   81.737
 0.63   5.00    1.296    0.490   1.333   0.375
 0.63   5.00    1.297    0.475   1.333   0.360

 0.64   0.00    0.372    0.358   0.226   0.013   0.059  0.037   0.036   0.000   0.000   39915510
 0.64  14.90   82.389
 0.64   5.00    1.167    0.166
 0.64   5.00    1.333   81.737
 0.64   5.00    1.296    0.490   1.333   0.375
 0.64   5.00    1.297    0.475   1.333   0.361

 0.65   0.00    0.373    0.358   0.226   0.013   0.059  0.037   0.037   0.000   0.000   40539180
 0.65  14.90   82.389
 0.65   5.00    1.167    0.166
 0.65   5.00    1.333   81.737
 0.65   5.00    1.296    0.490   1.333   0.376
 0.65   5.00    1.297    0.476   1.333   0.361

 0.66   0.00    0.373    0.358   0.226   0.013   0.059  0.038   0.037   0.000   0.000   41162870
 0.66  14.90   82.389
 0.66   5.00    1.167    0.166
 0.66   5.00    1.333   81.737
 0.66   5.00    1.296    0.491   1.333   0.376
 0.66   5.00    1.297    0.476   1.333   0.361

 0.67   0.00    0.373    0.358   0.226   0.013   0.059  0.038   0.037   0.000   0.000   41786550
 0.67  14.90   82.389
 0.67   5.00    1.167    0.166
 0.67   5.00    1.333   81.737
 0.67   5.00    1.296    0.491   1.333   0.376
 0.67   5.00    1.297    0.476   1.333   0.361

 0.68   0.00    0.374    0.358   0.226   0.013   0.059  0.038   0.037   0.000   0.000   42410230
 0.68  14.90   82.389
 0.68   5.00    1.167    0.166
 0.68   5.00    1.333   81.737
 0.68   5.00    1.296    0.491   1.333   0.377
 0.68   5.00    1.297    0.476   1.333   0.361

 0.69   0.00    0.374    0.358   0.226   0.013   0.059  0.038   0.037   0.000   0.000   43033900
 0.69  14.90   82.389
 0.69   5.00    1.167    0.166
 0.69   5.00    1.333   81.737
 0.69   5.00    1.295    0.492   1.333   0.377
 0.69   5.00    1.297    0.476   1.333   0.361

 0.70   0.00    0.375    0.359   0.226   0.013   0.059  0.038   0.038   0.000   0.000   43657580
 0.70  14.90   82.389
 0.70   5.00    1.167    0.166
 0.70   5.00    1.333   81.737
 0.70   5.00    1.295    0.492   1.333   0.377
 0.70   5.00    1.297    0.476   1.333   0.361

 0.71   0.00    0.375    0.359   0.226   0.013   0.059  0.039   0.038   0.000   0.000   44281260
 0.71  14.90   82.389
 0.71   5.00    1.167    0.166
 0.71   5.00    1.333   81.737
 0.71   5.00    1.295    0.493   1.333   0.378
 0.71   5.00    1.297    0.476   1.333   0.361

 0.72   0.00    0.375    0.359   0.226   0.013   0.059  0.039   0.038   0.000   0.000   44904950
 0.72  14.90   82.389
 0.72   5.00    1.167    0.166
 0.72   5.00    1.333   81.737
 0.72   5.00    1.295    0.493   1.333   0.378
 0.72   5.00    1.297    0.476   1.333   0.361

 0.73   0.00    0.376    0.359   0.226   0.013   0.059  0.039   0.038   0.000   0.000   45528630
 0.73  14.90   82.389
 0.73   5.00    1.167    0.166
 0.73   5.00    1.333   81.737
 0.73   5.00    1.295    0.493   1.333   0.379
 0.73   5.00    1.297    0.476   1.333   0.362

 0.74   0.00    0.376    0.359   0.226   0.013   0.059  0.039   0.038   0.000   0.000   46152300
 0.74  14.90   82.389
 0.74   5.00    1.167    0.166
 0.74   5.00    1.333   81.737
 0.74   5.00    1.295    0.494   1.333   0.379
 0.74   5.00    1.297    0.477   1.333   0.362

 0.75   0.00    0.376    0.359   0.226   0.013   0.059  0.040   0.039   0.000   0.000   46775980
 0.75  14.90   82.389
 0.75   5.00    1.167    0.166
 0.75   5.00    1.333   81.737
 0.75   5.00    1.295    0.494   1.333   0.379
 0.75   5.00    1.297    0.477   1.333   0.362

 0.76   0.00    0.377    0.359   0.226   0.013   0.059  0.040   0.039   0.000   0.000   47399660
 0.76  14.90   82.389
 0.76   5.00    1.167    0.166
 0.76   5.00    1.333   81.737
 0.76   5.00    1.295    0.494   1.333   0.380
 0.76   5.00    1.297    0.477   1.333   0.362

 0.77   0.00    0.377    0.359   0.226   0.013   0.059  0.040   0.039   0.000   0.000   48023340
 0.77  14.90   82.389
 0.77   5.00    1.167    0.166
 0.77   5.00    1.333   81.737
 0.77   5.00    1.295    0.495   1.333   0.380
 0.77   5.00    1.297    0.477   1.333   0.362

 0.78   0.00    0.378    0.359   0.226   0.013   0.059  0.040   0.039   0.000   0.000   48647020
 0.78  14.90   82.389
 0.78   5.00    1.167    0.166
 0.78   5.00    1.333   81.737
 0.78   5.00    1.295    0.495   1.333   0.380
 0.78   5.00    1.297    0.477   1.333   0.362

 0.79   0.00    0.378    0.359   0.226   0.013   0.059  0.040   0.039   0.000   0.000   49270700
 0.79  14.90   82.389
 0.79   5.00    1.167    0.166
 0.79   5.00    1.333   81.737
 0.79   5.00    1.295    0.496   1.333   0.381
 0.79   5.00    1.297    0.477   1.333   0.362

 0.80   0.00    0.378    0.360   0.226   0.013   0.059  0.041   0.040   0.000   0.000   49894380
 0.80  14.90   82.389
 0.80   5.00    1.167    0.166
 0.80   5.00    1.333   81.737
 0.80   5.00    1.295    0.496   1.333   0.381
 0.80   5.00    1.297    0.477   1.333   0.362

 0.81   0.00    0.379    0.360   0.226   0.013   0.059  0.041   0.040   0.000   0.000   50518060
 0.81  14.90   82.389
 0.81   5.00    1.167    0.166
 0.81   5.00    1.333   81.737
 0.81   5.00    1.295    0.496   1.333   0.382
 0.81   5.00    1.297    0.477   1.333   0.362

 0.82   0.00    0.379    0.360   0.226   0.013   0.059  0.041   0.040   0.000   0.000   51141740
 0.82  14.90   82.389
 0.82   5.00    1.167    0.166
 0.82   5.00    1.333   81.737
 0.82   5.00    1.295    0.497   1.333   0.382
 0.82   5.00    1.297    0.477   1.333   0.363

 0.83   0.00    0.379    0.360   0.226   0.013   0.059  0.041   0.040   0.000   0.000   51765420
 0.83  14.90   82.389
 0.83   5.00    1.167    0.166
 0.83   5.00    1.333   81.737
 0.83   5.00    1.295    0.497   1.333   0.382
 0.83   5.00    1.297    0.478   1.333   0.363

 0.84   0.00    0.380    0.360   0.225   0.013   0.059  0.041   0.040   0.000   0.000   52389100
 0.84  14.90   82.389
 0.84   5.00    1.167    0.166
 0.84   5.00    1.333   81.737
 0.84   5.00    1.295    0.497   1.333   0.383
 0.84   5.00    1.297    0.478   1.333   0.363

 0.85   0.00    0.380    0.360   0.225   0.013   0.059  0.042   0.041   0.000   0.000   53012780
 0.85  14.90   82.389
 0.85   5.00    1.167    0.166
 0.85   5.00    1.333   81.737
 0.85   5.00    1.295    0.498   1.333   0.383
 0.85   5.00    1.297    0.478   1.333   0.363

 0.86   0.00    0.380    0.360   0.225   0.013   0.059  0.042   0.041   0.000   0.000   53636460
 0.86  14.90   82.389
 0.86   5.00    1.167    0.166
 0.86   5.00    1.333   81.737
 0.86   5.00    1.295    0.498   1.333   0.383
 0.86   5.00    1.297    0.478   1.333   0.363

 0.87   0.00    0.381    0.360   0.225   0.013   0.059  0.042   0.041   0.000   0.000   54260140
 0.87  14.90   82.389
 0.87   5.00    1.167    0.166
 0.87   5.00    1.333   81.737
 0.87   5.00    1.295    0.499   1.333   0.384
 0.87   5.00    1.297    0.478   1.333   0.363

 0.88   0.00    0.381    0.360   0.225   0.013   0.059  0.042   0.041   0.000   0.000   54883820
 0.88  14.90   82.389
 0.88   5.00    1.167    0.166
 0.88   5.00    1.333   81.737
 0.88   5.00    1.295    0.499   1.333   0.384
 0.88   5.00    1.297    0.478   1.333   0.363

 0.89   0.00    0.382    0.361   0.225   0.013   0.059  0.042   0.041   0.000   0.000   55507500
 0.89  14.90   82.389
 0.89   5.00    1.167    0.166
 0.89   5.00    1.333   81.737
 0.89   5.00    1.295    0.499   1.333   0.385
 0.89   5.00    1.297    0.478   1.333   0.363

 0.90   0.00    0.382    0.361   0.225   0.013   0.059  0.043   0.042   0.000   0.000   56131180
 0.90  14.90   82.389
 0.90   5.00    1.167    0.166
 0.90   5.00    1.333   81.737
 0.90   5.00    1.295    0.500   1.333   0.385
 0.90   5.00    1.297    0.478   1.333   0.363

 0.91   0.00    0.385    0.363   56754860
 0.91  14.72   82.325
 0.91   5.00    1.151    0.166
 0.91   5.00    1.317   81.665
 0.91   5.00    1.278    0.501   1.317   0.388
 0.91   5.00    1.280    0.479   1.317   0.366

 0.92   0.00    0.392    0.371   57378540
 0.92  14.53   82.261
 0.92   5.00    1.135    0.166
 0.92   5.00    1.301   81.593
 0.92   5.00    1.262    0.507   1.301   0.395
 0.92   5.00    1.264    0.485   1.301   0.373

 0.93   0.00    0.405    0.382   58002220
 0.93  14.35   82.197
 0.93   5.00    1.119    0.166
 0.93   5.00    1.285   81.521
 0.93   5.00    1.245    0.518   1.285   0.408
 0.93   5.00    1.247    0.495   1.285   0.385

 0.94   0.00    0.417    0.393   58625900
 0.94  14.16   82.133
 0.94   5.00    1.103    0.166
 0.94   5.00    1.269   81.450
 0.94   5.00    1.227    0.530   1.269   0.421
 0.94   5.00    1.229    0.505   1.269   0.396

 0.95   0.00    0.430    0.405   59249580
 0.95  13.98   82.069
 0.95   5.00    1.087    0.166
 0.95   5.00    1.253   81.378
 0.95   5.00    1.210    0.541   1.253   0.433
 0.95   5.00    1.212    0.516   1.253   0.408

 0.96   0.00    0.443    0.417   59873260
 0.96  13.79   82.005
 0.96   5.00    1.070    0.166
 0.96   5.00    1.236   81.306
 0.96   5.00    1.193    0.552   1.236   0.446
 0.96   5.00    1.195    0.526   1.236   0.420

 0.97   0.00    0.456    0.428   60496940
 0.97  13.60   81.941
 0.97   5.00    1.054    0.166
 0.97   5.00    1.220   81.235
 0.97   5.00    1.176    0.564   1.220   0.459
 0.97   5.00    1.178    0.536   1.220   0.431

 0.98   0.00    0.468    0.440   61120620
 0.98  13.42   81.877
 0.98   5.00    1.038    0.166
 0.98   5.00    1.204   81.163
 0.98   5.00    1.158    0.575   1.204   0.472
 0.98   5.00    1.161    0.546   1.204   0.443

 0.99   0.00    0.481    0.451   61744300
 0.99  13.23   81.813
 0.99   5.00    1.022    0.166
 0.99   5.00    1.188   81.091
 0.99   5.00    1.141    0.587   1.188   0.485
 0.99   5.00    1.144    0.556   1.188   0.455

 1.00   0.00    0.494    0.463   62367980
 1.00  13.05   81.749
 1.00   5.00    1.006    0.166
 1.00   5.00    1.172   81.020
 1.00   5.00    1.124    0.598   1.172   0.498
 1.00   5.00    1.127    0.567   1.172   0.466

 1.01   0.00    0.507    0.474   62991660
 1.01  12.86   81.685
 1.01   5.00    0.990    0.166
 1.01   5.00    1.156   80.948
 1.01   5.00    1.107    0.609   1.156   0.511
 1.01   5.00    1.110    0.577   1.156   0.478

 1.02   0.00    0.519    0.486   63615340
 1.02  12.68   81.621
 1.02   5.00    0.974    0.166
 1.02   5.00    1.140   80.876
 1.02   5.00    1.090    0.621   1.140   0.523
 1.02   5.00    1.093    0.587   1.140   0.490

 1.03   0.00    0.532    0.497   64239020
 1.03  12.49   81.557
 1.03   5.00    0.957    0.166
 1.03   5.00    1.123   80.805
 1.03   5.00    1.072    0.632   1.123   0.536
 1.03   5.00    1.075    0.597   1.123   0.501

 1.04   0.00    0.545    0.509   64862700
 1.04  12.31   81.493
 1.04   5.00    0.941    0.166
 1.04   5.00    1.107   80.733
 1.04   5.00    1.055    0.643   1.107   0.549
 1.04   5.00    1.058    0.607   1.107   0.513

 1.05   0.00    0.558    0.521   0.221   0.053   0.210   0.037   0.000   0.036   0.000   0.000   0.000  65486380
 1.05  12.12   81.429
 1.05   5.00    0.925    0.166
 1.05   5.00    1.091   80.661
 1.05   5.00    1.038    0.655   1.091   0.562
 1.05   5.00    1.041    0.618   1.091   0.525

 1.06   0.00    0.557    0.520   0.220   0.053   0.210   0.037   0.000   0.036   0.000   0.000   0.000  66110060
 1.06  12.13   81.377
 1.06   5.00    0.926    0.166
 1.06   5.00    1.092   80.611
 1.06   5.00    1.039    0.654   1.092   0.561
 1.06   5.00    1.042    0.617   1.092   0.524

 1.07   0.00    0.556    0.519   0.219   0.053   0.210   0.037   0.000   0.036   0.000   0.000   0.000  66733740
 1.07  12.14   81.329
 1.07   5.00    0.927    0.166
 1.07   5.00    1.093   80.565
 1.07   5.00    1.040    0.653   1.093   0.560
 1.07   5.00    1.043    0.616   1.093   0.523

 1.08   0.00    0.554    0.518   0.218   0.053   0.210   0.037   0.000   0.036   0.000   0.000   0.000  67357420
 1.08  12.15   81.285
 1.08   5.00    0.927    0.166
 1.08   5.00    1.093   80.523
 1.08   5.00    1.041    0.652   1.093   0.559
 1.08   5.00    1.044    0.615   1.093   0.522

 1.09   0.00    0.553    0.517   0.218   0.053   0.210   0.037   0.000   0.036   0.000   0.000   0.000  67981100
 1.09  12.16   81.244
 1.09   5.00    0.928    0.166
 1.09   5.00    1.094   80.484
 1.09   5.00    1.041    0.651   1.094   0.558
 1.09   5.00    1.045    0.614   1.094   0.521

 1.10   0.00    0.552    0.516   0.217   0.053   0.210   0.037   0.000   0.036   0.000   0.000   0.000  68604780
 1.10  12.17   81.206
 1.10   5.00    0.929    0.166
 1.10   5.00    1.095   80.447
 1.10   5.00    1.042    0.650   1.095   0.556
 1.10   5.00    1.045    0.613   1.095   0.520

 1.11   0.00    0.551    0.515   0.216   0.053   0.210   0.037   0.000   0.036   0.000   0.000   0.000  69228460
 1.11  12.17   81.162
 1.11   5.00    0.929    0.166
 1.11   5.00    1.095   80.405
 1.11   5.00    1.042    0.649   1.095   0.555
 1.11   5.00    1.046    0.612   1.095   0.519

 1.12   0.00    0.550    0.514   0.215   0.053   0.210   0.036   0.000   0.036   0.000   0.000   0.000  69852140
 1.12  12.17   81.109
 1.12   5.00    0.929    0.166
 1.12   5.00    1.095   80.354
 1.12   5.00    1.042    0.648   1.095   0.554
 1.12   5.00    1.045    0.612   1.095   0.518

 1.13   0.00    0.549    0.513   0.214   0.053   0.210   0.036   0.000   0.036   0.000   0.000   0.000  70475820
 1.13  12.16   81.059
 1.13   5.00    0.928    0.166
 1.13   5.00    1.094   80.305
 1.13   5.00    1.042    0.647   1.094   0.553
 1.13   5.00    1.045    0.611   1.094   0.517

 1.14   0.00    0.548    0.512   0.214   0.053   0.210   0.036   0.000   0.035   0.000   0.000   0.000  71099500
 1.14  12.16   81.011
 1.14   5.00    0.928    0.166
 1.14   5.00    1.094   80.258
 1.14   5.00    1.042    0.645   1.094   0.552
 1.14   5.00    1.045    0.610   1.094   0.516

 1.15   0.00    0.547    0.511   0.213   0.052   0.210   0.036   0.000   0.035   0.000   0.000   0.000  71723180
 1.15  12.16   80.964
 1.15   5.00    0.928    0.166
 1.15   5.00    1.094   80.217
 1.15   5.00    1.041    0.644   1.094   0.551
 1.15   5.00    1.045    0.609   1.094   0.515

 1.16   0.00    0.545    0.510   0.212   0.052   0.209   0.036   0.000   0.035   0.000   0.000   0.000  72346860
 1.16  12.15   80.919
 1.16   5.00    0.928    0.165
 1.16   5.00    1.093   80.190
 1.16   5.00    1.041    0.642   1.093   0.549
 1.16   5.00    1.044    0.607   1.093   0.514

 1.17   0.00    0.543    0.508   0.211   0.052   0.208   0.036   0.000   0.035   0.000   0.000   0.000  72970540
 1.17  12.15   80.876
 1.17   5.00    0.927    0.164
 1.17   5.00    1.092   80.164
 1.17   5.00    1.040    0.640   1.092   0.547
 1.17   5.00    1.043    0.605   1.092   0.512

 1.18   0.00    0.541    0.506   0.211   0.052   0.207   0.036   0.000   0.035   0.000   0.000   0.000  73594220
 1.18  12.15   80.833
 1.18   5.00    0.927    0.164
 1.18   5.00    1.090   80.140
 1.18   5.00    1.039    0.638   1.090   0.545
 1.18   5.00    1.042    0.603   1.090   0.510

 1.19   0.00    0.539    0.504   0.210   0.052   0.206   0.036   0.000   0.035   0.000   0.000   0.000  74217900
 1.19  12.14   80.792
 1.19   5.00    0.927    0.163
 1.19   5.00    1.089   80.116
 1.19   5.00    1.038    0.636   1.089   0.543
 1.19   5.00    1.041    0.601   1.089   0.508

 1.20   0.00    0.537    0.502   0.209   0.052   0.205   0.036   0.000   0.035   0.000   0.000   0.000  74841580
 1.20  12.14   80.752
 1.20   5.00    0.926    0.162
 1.20   5.00    1.088   80.094
 1.20   5.00    1.037    0.634   1.088   0.541
 1.20   5.00    1.040    0.599   1.088   0.506

 1.21   0.00    0.535    0.500   0.208   0.052   0.205   0.036   0.000   0.035   0.000   0.000   0.000  75465260
 1.21  12.14   80.713
 1.21   5.00    0.926    0.161
 1.21   5.00    1.087   80.072
 1.21   5.00    1.036    0.632   1.087   0.539
 1.21   5.00    1.039    0.597   1.087   0.504

 1.22   0.00    0.533    0.498   0.208   0.052   0.204   0.035   0.000   0.035   0.000   0.000   0.000  76088940
 1.22  12.13   80.675
 1.22   5.00    0.926    0.160
 1.22   5.00    1.086   80.052
 1.22   5.00    1.035    0.630   1.086   0.537
 1.22   5.00    1.038    0.595   1.086   0.502

 1.23   0.00    0.531    0.496   0.207   0.052   0.203   0.035   0.000   0.035   0.000   0.000   0.000  76712620
 1.23  12.13   80.637
 1.23   5.00    0.926    0.160
 1.23   5.00    1.085   80.032
 1.23   5.00    1.034    0.628   1.085   0.535
 1.23   5.00    1.037    0.593   1.085   0.500

 1.24   0.00    0.529    0.495   0.206   0.052   0.202   0.035   0.000   0.035   0.000   0.000   0.000  77336300
 1.24  12.12   80.599
 1.24   5.00    0.925    0.159
 1.24   5.00    1.084   80.011
 1.24   5.00    1.033    0.626   1.084   0.533
 1.24   5.00    1.037    0.591   1.084   0.498

 1.25   0.00    0.527    0.493   0.205   0.052   0.201   0.035   0.000   0.034   0.000   0.000   0.000  77959980
 1.25  12.12   80.561
 1.25   5.00    0.925    0.158
 1.25   5.00    1.083   79.991
 1.25   5.00    1.032    0.624   1.083   0.532
 1.25   5.00    1.036    0.589   1.083   0.496

 1.26   0.00    0.526    0.491   0.205   0.052   0.200   0.035   0.000   0.034   0.000   0.000   0.000  78583660
 1.26  12.12   80.524
 1.26   5.00    0.924    0.157
 1.26   5.00    1.082   79.972
 1.26   5.00    1.032    0.622   1.082   0.530
 1.26   5.00    1.035    0.587   1.082   0.494

 1.27   0.00    0.524    0.489   0.204   0.051   0.199   0.035   0.000   0.034   0.000   0.000   0.000  79207340
 1.27  12.11   80.488
 1.27   5.00    0.924    0.157
 1.27   5.00    1.081   79.953
 1.27   5.00    1.031    0.620   1.081   0.528
 1.27   5.00    1.034    0.585   1.081   0.493

 1.28   0.00    0.522    0.487   0.203   0.051   0.198   0.035   0.000   0.034   0.000   0.000   0.000  79831020
 1.28  12.11   80.453
 1.28   5.00    0.924    0.156
 1.28   5.00    1.080   79.935
 1.28   5.00    1.030    0.618   1.080   0.526
 1.28   5.00    1.033    0.583   1.080   0.491

 1.29   0.00    0.520    0.485   0.202   0.051   0.197   0.035   0.000   0.034   0.000   0.000   0.000  80454690
 1.29  12.10   80.418
 1.29   5.00    0.923    0.155
 1.29   5.00    1.078   79.917
 1.29   5.00    1.029    0.616   1.078   0.524
 1.29   5.00    1.032    0.581   1.078   0.489

 1.30   0.00    0.518    0.483   0.202   0.051   0.197   0.035   0.000   0.034   0.000   0.000   0.000  81078370
 1.30  12.10   80.383
 1.30   5.00    0.923    0.154
 1.30   5.00    1.077   79.901
 1.30   5.00    1.028    0.614   1.077   0.522
 1.30   5.00    1.031    0.579   1.077   0.487

 1.31   0.00    0.516    0.481   0.201   0.051   0.196   0.035   0.000   0.034   0.000   0.000   0.000  81702050
 1.31  12.10   80.350
 1.31   5.00    0.923    0.154
 1.31   5.00    1.076   79.884
 1.31   5.00    1.027    0.612   1.076   0.520
 1.31   5.00    1.030    0.577   1.076   0.485

 1.32   0.00    0.514    0.480   0.200   0.051   0.195   0.035   0.000   0.034   0.000   0.000   0.000  82325740
 1.32  12.09   80.316
 1.32   5.00    0.922    0.153
 1.32   5.00    1.075   79.868
 1.32   5.00    1.026    0.610   1.075   0.518
 1.32   5.00    1.029    0.575   1.075   0.483

 1.33   0.00    0.513    0.478   0.199   0.051   0.194   0.034   0.001   0.034   0.000   0.000   0.000  82949420
 1.33  12.09   80.284
 1.33   5.00    0.922    0.152
 1.33   5.00    1.074   79.853
 1.33   5.00    1.025    0.609   1.074   0.517
 1.33   5.00    1.028    0.574   1.074   0.482

 1.34   0.00    0.512    0.477   0.199   0.051   0.193   0.034   0.001   0.034   0.000   0.000   0.000  83573100
 1.34  12.08   80.251
 1.34   5.00    0.921    0.151
 1.34   5.00    1.073   79.838
 1.34   5.00    1.024    0.607   1.073   0.516
 1.34   5.00    1.027    0.572   1.073   0.480

 1.35   0.00    0.510    0.476   0.198   0.051   0.192   0.034   0.002   0.033   0.000   0.000   0.000  84196780
 1.35  12.08   80.220
 1.35   5.00    0.921    0.151
 1.35   5.00    1.072   79.823
 1.35   5.00    1.023    0.606   1.072   0.514
 1.35   5.00    1.026    0.571   1.072   0.479

 1.36   0.00    0.509    0.474   0.197   0.051   0.191   0.034   0.002   0.033   0.000   0.000   0.000  84820460
 1.36  12.07   80.188
 1.36   5.00    0.921    0.150
 1.36   5.00    1.071   79.809
 1.36   5.00    1.022    0.604   1.071   0.513
 1.36   5.00    1.025    0.570   1.071   0.478

 1.37   0.00    0.508    0.473   0.196   0.051   0.191   0.034   0.003   0.033   0.000   0.000   0.000  85444140
 1.37  12.07   80.157
 1.37   5.00    0.920    0.149
 1.37   5.00    1.069   79.796
 1.37   5.00    1.021    0.603   1.069   0.512
 1.37   5.00    1.024    0.568   1.069   0.477

 1.38   0.00    0.507    0.472   0.196   0.051   0.190   0.034   0.004   0.033   0.000   0.000   0.000  86067810
 1.38  12.07   80.127
 1.38   5.00    0.920    0.148
 1.38   5.00    1.068   79.783
 1.38   5.00    1.020    0.602   1.068   0.511
 1.38   5.00    1.023    0.567   1.068   0.476

 1.39   0.00    0.506    0.471   0.195   0.050   0.189   0.034   0.005   0.033   0.000   0.000   0.000  86691490
 1.39  12.06   80.097
 1.39   5.00    0.920    0.147
 1.39   5.00    1.067   79.770
 1.39   5.00    1.019    0.601   1.067   0.510
 1.39   5.00    1.022    0.566   1.067   0.475

 1.40   0.00    0.505    0.471   0.194   0.050   0.188   0.034   0.006   0.033   0.000   0.000   0.000  87315170
 1.40  12.06   80.067
 1.40   5.00    0.919    0.147
 1.40   5.00    1.066   79.757
 1.40   5.00    1.018    0.600   1.066   0.509
 1.40   5.00    1.021    0.565   1.066   0.474

 1.41   0.00    0.505    0.470   0.194   0.050   0.187   0.034   0.007   0.033   0.000   0.000   0.000  87938850
 1.41  12.05   80.038
 1.41   5.00    0.919    0.146
 1.41   5.00    1.065   79.745
 1.41   5.00    1.017    0.599   1.065   0.509
 1.41   5.00    1.020    0.564   1.065   0.473

 1.42   0.00    0.504    0.469   0.193   0.050   0.186   0.034   0.008   0.033   0.000   0.000   0.000  88562530
 1.42  12.05   80.009
 1.42   5.00    0.919    0.145
 1.42   5.00    1.064   79.733
 1.42   5.00    1.015    0.599   1.064   0.508
 1.42   5.00    1.019    0.564   1.064   0.473

 1.43   0.00    0.503    0.469   0.192   0.050   0.186   0.033   0.009   0.033   0.000   0.000   0.000  89186210
 1.43  12.05   79.980
 1.43   5.00    0.918    0.144
 1.43   5.00    1.063   79.722
 1.43   5.00    1.014    0.598   1.063   0.507
 1.43   5.00    1.017    0.563   1.063   0.472

 1.44   0.00    0.503    0.468   0.191   0.050   0.185   0.033   0.011   0.033   0.000   0.000   0.000  89809900
 1.44  12.04   79.959
 1.44   5.00    0.918    0.144
 1.44   5.00    1.062   79.711
 1.44   5.00    1.013    0.597   1.062   0.507
 1.44   5.00    1.016    0.562   1.062   0.472

 1.45   0.00    0.502    0.468   0.191   0.050   0.184   0.033   0.012   0.033   0.000   0.000   0.000  90433580
 1.45  12.03   79.942
 1.45   5.00    0.918    0.143
 1.45   5.00    1.060   79.700
 1.45   5.00    1.012    0.597   1.060   0.506
 1.45   5.00    1.015    0.562   1.060   0.471

 1.46   0.00    0.502    0.467   0.190   0.050   0.183   0.033   0.013   0.032   0.000   0.000   0.000  91057260
 1.46  12.02   79.925
 1.46   5.00    0.917    0.142
 1.46   5.00    1.059   79.689
 1.46   5.00    1.011    0.596   1.059   0.506
 1.46   5.00    1.014    0.561   1.059   0.471

 1.47   0.00    0.502    0.467   0.189   0.050   0.182   0.033   0.015   0.032   0.000   0.000   0.000  91680940
 1.47  12.01   79.909
 1.47   5.00    0.917    0.141
 1.47   5.00    1.058   79.679
 1.47   5.00    1.010    0.596   1.058   0.505
 1.47   5.00    1.013    0.561   1.058   0.470

 1.48   0.00    0.501    0.466   0.189   0.050   0.182   0.033   0.016   0.032   0.000   0.000   0.000  92304610
 1.48  12.00   79.893
 1.48   5.00    0.916    0.141
 1.48   5.00    1.057   79.669
 1.48   5.00    1.009    0.595   1.057   0.505
 1.48   5.00    1.012    0.560   1.057   0.470

 1.49   0.00    0.501    0.466   0.188   0.050   0.181   0.033   0.018   0.032   0.000   0.000   0.000  92928290
 1.49  11.99   79.877
 1.49   5.00    0.916    0.140
 1.49   5.00    1.056   79.659
 1.49   5.00    1.008    0.595   1.056   0.505
 1.49   5.00    1.011    0.560   1.056   0.470

 1.50   0.00    0.501    0.466   0.187   0.050   0.180   0.033   0.019   0.032   0.000   0.000   0.000  93551970
 1.50  11.98   79.862
 1.50   5.00    0.916    0.139
 1.50   5.00    1.055   79.650
 1.50   5.00    1.007    0.595   1.055   0.505
 1.50   5.00    1.010    0.560   1.055   0.470

 1.51   0.00    0.501    0.466   0.186   0.050   0.179   0.033   0.021   0.032   0.000   0.000   0.000  94175650
 1.51  11.97   79.847
 1.51   5.00    0.915    0.138
 1.51   5.00    1.054   79.641
 1.51   5.00    1.006    0.595   1.054   0.505
 1.51   5.00    1.009    0.560   1.054   0.470

 1.52   0.00    0.501    0.466   0.186   0.049   0.178   0.033   0.023   0.032   0.000   0.000   0.000  94799330
 1.52  11.96   79.832
 1.52   5.00    0.915    0.138
 1.52   5.00    1.053   79.632
 1.52   5.00    1.005    0.594   1.053   0.505
 1.52   5.00    1.008    0.560   1.053   0.470

 1.53   0.00    0.501    0.466   0.185   0.049   0.178   0.033   0.025   0.032   0.000   0.000   0.000  95423010
 1.53  11.95   79.817
 1.53   5.00    0.915    0.137
 1.53   5.00    1.051   79.623
 1.53   5.00    1.003    0.594   1.051   0.505
 1.53   5.00    1.006    0.559   1.051   0.470

 1.54   0.00    0.501    0.466   0.184   0.049   0.177   0.032   0.026   0.032   0.000   0.000   0.000  96046690
 1.54  11.94   79.802
 1.54   5.00    0.914    0.136
 1.54   5.00    1.050   79.615
 1.54   5.00    1.002    0.594   1.050   0.505
 1.54   5.00    1.005    0.559   1.050   0.470

 1.55   0.00    0.501    0.466   0.184   0.049   0.176   0.032   0.028   0.032   0.000   0.000   0.000  96670370
 1.55  11.93   79.788
 1.55   5.00    0.914    0.135
 1.55   5.00    1.049   79.607
 1.55   5.00    1.001    0.594   1.049   0.505
 1.55   5.00    1.004    0.559   1.049   0.470

 1.56   0.00    0.501    0.466   0.183   0.049   0.175   0.032   0.030   0.031   0.000   0.000   0.000  97294050
 1.56  11.92   79.774
 1.56   5.00    0.914    0.134
 1.56   5.00    1.048   79.599
 1.56   5.00    1.000    0.595   1.048   0.505
 1.56   5.00    1.003    0.560   1.048   0.470

 1.57   0.00    0.502    0.467   0.182   0.049   0.174   0.032   0.032   0.031   0.000   0.000   0.000  97917730
 1.57  11.91   79.760
 1.57   5.00    0.913    0.134
 1.57   5.00    1.047   79.591
 1.57   5.00    0.999    0.595   1.047   0.505
 1.57   5.00    1.002    0.560   1.047   0.470

 1.58   0.00    0.502    0.467   0.182   0.049   0.174   0.032   0.034   0.031   0.000   0.000   0.000  98541410
 1.58  11.90   79.747
 1.58   5.00    0.913    0.133
 1.58   5.00    1.046   79.584
 1.58   5.00    0.998    0.595   1.046   0.506
 1.58   5.00    1.001    0.560   1.046   0.471

 1.59   0.00    0.502    0.467   0.181   0.049   0.173   0.032   0.036   0.031   0.000   0.000   0.000  99165090
 1.59  11.89   79.733
 1.59   5.00    0.912    0.132
 1.59   5.00    1.045   79.577
 1.59   5.00    0.997    0.595   1.045   0.506
 1.59   5.00    1.000    0.560   1.045   0.471

 1.60   0.00    0.503    0.468   0.180   0.049   0.172   0.032   0.039   0.031   0.000   0.000   0.000  99788770
 1.60  11.88   79.720
 1.60   5.00    0.912    0.131
 1.60   5.00    1.044   79.570
 1.60   5.00    0.995    0.596   1.044   0.507
 1.60   5.00    0.998    0.561   1.044   0.472

 1.61   0.00    0.503    0.468   0.180   0.049   0.171   0.032   0.041   0.031   0.000   0.000   0.000 100412400
 1.61  11.87   79.707
 1.61   5.00    0.912    0.131
 1.61   5.00    1.042   79.563
 1.61   5.00    0.994    0.596   1.042   0.507
 1.61   5.00    0.997    0.561   1.042   0.472

 1.62   0.00    0.504    0.469   0.179   0.049   0.171   0.032   0.043   0.031   0.000   0.000   0.000 101036100
 1.62  11.86   79.695
 1.62   5.00    0.911    0.130
 1.62   5.00    1.041   79.556
 1.62   5.00    0.993    0.597   1.041   0.508
 1.62   5.00    0.996    0.562   1.041   0.473

 1.63   0.00    0.505    0.470   0.178   0.049   0.170   0.032   0.045   0.031   0.000   0.000   0.000 101659800
 1.63  11.85   79.682
 1.63   5.00    0.911    0.129
 1.63   5.00    1.040   79.550
 1.63   5.00    0.992    0.597   1.040   0.508
 1.63   5.00    0.995    0.562   1.040   0.473

 1.64   0.00    0.505    0.470   0.177   0.049   0.169   0.031   0.048   0.031   0.000   0.000   0.000 102283500
 1.64  11.84   79.670
 1.64   5.00    0.911    0.128
 1.64   5.00    1.039   79.544
 1.64   5.00    0.991    0.598   1.039   0.509
 1.64   5.00    0.994    0.563   1.039   0.474

 1.65   0.00    0.506    0.471   0.177   0.049   0.168   0.031   0.050   0.031   0.000   0.000   0.000 102907200
 1.65  11.83   79.658
 1.65   5.00    0.910    0.128
 1.65   5.00    1.038   79.538
 1.65   5.00    0.989    0.598   1.038   0.510
 1.65   5.00    0.993    0.563   1.038   0.475

 1.66   0.00    0.507    0.472   0.176   0.049   0.168   0.031   0.053   0.031   0.000   0.000   0.000 103530800
 1.66  11.82   79.646
 1.66   5.00    0.910    0.127
 1.66   5.00    1.037   79.532
 1.66   5.00    0.988    0.599   1.037   0.511
 1.66   5.00    0.991    0.564   1.037   0.476

 1.67   0.00    0.508    0.473   0.175   0.048   0.167   0.031   0.055   0.030   0.000   0.000   0.000 104154500
 1.67  11.81   79.634
 1.67   5.00    0.910    0.126
 1.67   5.00    1.036   79.526
 1.67   5.00    0.987    0.600   1.036   0.512
 1.67   5.00    0.990    0.565   1.036   0.476

 1.68   0.00    0.509    0.474   0.175   0.048   0.166   0.031   0.058   0.030   0.000   0.000   0.000 104778200
 1.68  11.80   79.623
 1.68   5.00    0.909    0.125
 1.68   5.00    1.034   79.521
 1.68   5.00    0.986    0.601   1.034   0.513
 1.68   5.00    0.989    0.566   1.034   0.477

 1.69   0.00    0.510    0.475   0.174   0.048   0.165   0.031   0.060   0.030   0.000   0.000   0.000 105401900
 1.69  11.79   79.611
 1.69   5.00    0.909    0.125
 1.69   5.00    1.033   79.516
 1.69   5.00    0.985    0.602   1.033   0.514
 1.69   5.00    0.988    0.567   1.033   0.478

 1.70   0.00    0.511    0.476   0.173   0.048   0.165   0.031   0.063   0.030   0.000   0.000   0.000 106025600
 1.70  11.78   79.600
 1.70   5.00    0.908    0.124
 1.70   5.00    1.032   79.511
 1.70   5.00    0.983    0.603   1.032   0.515
 1.70   5.00    0.986    0.568   1.032   0.479

 1.71   0.00    0.512    0.477   0.173   0.048   0.164   0.031   0.066   0.030   0.000   0.000   0.000 106649200
 1.71  11.77   79.589
 1.71   5.00    0.908    0.123
 1.71   5.00    1.031   79.506
 1.71   5.00    0.982    0.604   1.031   0.516
 1.71   5.00    0.985    0.569   1.031   0.481

 1.72   0.00    0.513    0.478   0.172   0.048   0.163   0.031   0.069   0.030   0.000   0.000   0.000 107272900
 1.72  11.76   79.578
 1.72   5.00    0.908    0.122
 1.72   5.00    1.030   79.501
 1.72   5.00    0.981    0.605   1.030   0.517
 1.72   5.00    0.984    0.570   1.030   0.482

 1.73   0.00    0.514    0.479   0.171   0.048   0.163   0.031   0.072   0.030   0.000   0.000   0.000 107896600
 1.73  11.75   79.568
 1.73   5.00    0.907    0.122
 1.73   5.00    1.029   79.497
 1.73   5.00    0.980    0.606   1.029   0.518
 1.73   5.00    0.983    0.571   1.029   0.483

 1.74   0.00    0.516    0.481   0.171   0.048   0.162   0.030   0.075   0.030   0.000   0.000   0.000 108520300
 1.74  11.74   79.557
 1.74   5.00    0.907    0.121
 1.74   5.00    1.028   79.493
 1.74   5.00    0.978    0.607   1.028   0.520
 1.74   5.00    0.982    0.572   1.028   0.484

 1.75   0.00    0.517    0.482   0.170   0.048   0.161   0.030   0.078   0.030   0.000   0.000   0.000 109144000
 1.75  11.73   79.547
 1.75   5.00    0.907    0.120
 1.75   5.00    1.026   79.488
 1.75   5.00    0.977    0.608   1.026   0.521
 1.75   5.00    0.980    0.573   1.026   0.486

 1.76   0.00    0.518    0.484   0.169   0.048   0.160   0.030   0.081   0.030   0.000   0.000   0.000 109767600
 1.76  11.72   79.537
 1.76   5.00    0.906    0.119
 1.76   5.00    1.025   79.485
 1.76   5.00    0.976    0.610   1.025   0.522
 1.76   5.00    0.979    0.575   1.025   0.487

 1.77   0.00    0.520    0.485   0.169   0.048   0.160   0.030   0.084   0.030   0.000   0.000   0.000 110391300
 1.77  11.71   79.526
 1.77   5.00    0.906    0.118
 1.77   5.00    1.024   79.481
 1.77   5.00    0.975    0.611   1.024   0.524
 1.77   5.00    0.978    0.576   1.024   0.489

 1.78   0.00    0.521    0.487   0.168   0.048   0.159   0.030   0.087   0.029   0.000   0.000   0.000 111015000
 1.78  11.70   79.517
 1.78   5.00    0.905    0.118
 1.78   5.00    1.023   79.477
 1.78   5.00    0.973    0.613   1.023   0.525
 1.78   5.00    0.976    0.578   1.023   0.490

 1.79   0.00    0.523    0.488   0.167   0.048   0.158   0.030   0.090   0.029   0.000   0.000   0.000 111638700
 1.79  11.69   79.507
 1.79   5.00    0.905    0.117
 1.79   5.00    1.022   79.474
 1.79   5.00    0.972    0.614   1.022   0.527
 1.79   5.00    0.975    0.579   1.022   0.492

 1.80   0.00    0.525    0.490   0.167   0.048   0.158   0.030   0.093   0.029   0.000   0.000   0.000 112262400
 1.80  11.68   79.497
 1.80   5.00    0.905    0.116
 1.80   5.00    1.021   79.470
 1.80   5.00    0.971    0.616   1.021   0.529
 1.80   5.00    0.974    0.581   1.021   0.494

 1.81   0.00    0.526    0.492   0.166   0.048   0.157   0.030   0.097   0.029   0.000   0.000   0.000 112886000
 1.81  11.67   79.488
 1.81   5.00    0.904    0.115
 1.81   5.00    1.020   79.467
 1.81   5.00    0.970    0.617   1.020   0.530
 1.81   5.00    0.973    0.582   1.020   0.495

 1.82   0.00    0.528    0.493   0.166   0.048   0.156   0.030   0.100   0.029   0.000   0.000   0.000 113509700
 1.82  11.66   79.479
 1.82   5.00    0.904    0.115
 1.82   5.00    1.018   79.464
 1.82   5.00    0.968    0.619   1.018   0.532
 1.82   5.00    0.971    0.584   1.018   0.497

 1.83   0.00    0.530    0.495   0.165   0.048   0.156   0.030   0.104   0.029   0.000   0.000   0.000 114133400
 1.83  11.65   79.470
 1.83   5.00    0.903    0.114
 1.83   5.00    1.017   79.462
 1.83   5.00    0.967    0.621   1.017   0.534
 1.83   5.00    0.970    0.586   1.017   0.499

 1.84   0.00    0.532    0.497   0.164   0.048   0.155   0.030   0.107   0.029   0.000   0.000   0.000 114757100
 1.84  11.64   79.461
 1.84   5.00    0.903    0.113
 1.84   5.00    1.016   79.459
 1.84   5.00    0.966    0.623   1.016   0.536
 1.84   5.00    0.969    0.588   1.016   0.501

 1.85   0.00    0.534    0.499   0.164   0.047   0.154   0.029   0.111   0.029   0.000   0.000   0.000 115380800
 1.85  11.63   79.452
 1.85   5.00    0.903    0.112
 1.85   5.00    1.015   79.456
 1.85   5.00    0.964    0.625   1.015   0.538
 1.85   5.00    0.967    0.590   1.015   0.503

 1.86   0.00    0.536    0.501   0.163   0.047   0.153   0.029   0.114   0.029   0.000   0.000   0.000 116004400
 1.86  11.62   79.443
 1.86   5.00    0.902    0.112
 1.86   5.00    1.014   79.454
 1.86   5.00    0.963    0.627   1.014   0.540
 1.86   5.00    0.966    0.592   1.014   0.505

 1.87   0.00    0.538    0.503   0.162   0.047   0.153   0.029   0.118   0.029   0.000   0.000   0.000 116628100
 1.87  11.61   79.435
 1.87   5.00    0.902    0.111
 1.87   5.00    1.013   79.452
 1.87   5.00    0.962    0.629   1.013   0.542
 1.87   5.00    0.965    0.594   1.013   0.507

 1.88   0.00    0.540    0.506   0.162   0.047   0.152   0.029   0.122   0.028   0.000   0.000   0.000 117251800
 1.88  11.60   79.427
 1.88   5.00    0.902    0.110
 1.88   5.00    1.012   79.450
 1.88   5.00    0.960    0.631   1.012   0.545
 1.88   5.00    0.963    0.596   1.012   0.509

 1.89   0.00    0.543    0.508   0.161   0.047   0.151   0.029   0.126   0.028   0.000   0.000   0.000 117875500
 1.89  11.59   79.418
 1.89   5.00    0.901    0.109
 1.89   5.00    1.010   79.448
 1.89   5.00    0.959    0.633   1.010   0.547
 1.89   5.00    0.962    0.598   1.010   0.512

 1.90   0.00    0.545    0.510   0.160   0.047   0.151   0.029   0.129   0.028   0.000   0.000   0.000 118499200
 1.90  11.58   79.410
 1.90   5.00    0.901    0.109
 1.90   5.00    1.009   79.446
 1.90   5.00    0.958    0.635   1.009   0.549
 1.90   5.00    0.961    0.600   1.009   0.514

 1.91   0.00    0.547    0.513   0.160   0.047   0.150   0.029   0.133   0.028   0.000   0.000   0.000 119122800
 1.91  11.57   79.402
 1.91   5.00    0.900    0.108
 1.91   5.00    1.008   79.445
 1.91   5.00    0.956    0.637   1.008   0.552
 1.91   5.00    0.959    0.602   1.008   0.516

 1.92   0.00    0.550    0.515   0.159   0.047   0.149   0.029   0.137   0.028   0.000   0.000   0.000 119746500
 1.92  11.56   79.394
 1.92   5.00    0.900    0.107
 1.92   5.00    1.007   79.443
 1.92   5.00    0.955    0.640   1.007   0.554
 1.92   5.00    0.958    0.605   1.007   0.519

 1.93   0.00    0.552    0.518   0.158   0.047   0.149   0.029   0.141   0.028   0.000   0.000   0.000 120370200
 1.93  11.55   79.387
 1.93   5.00    0.900    0.106
 1.93   5.00    1.006   79.442
 1.93   5.00    0.953    0.642   1.006   0.557
 1.93   5.00    0.957    0.607   1.006   0.521

 1.94   0.00    0.555    0.520   0.158   0.047   0.148   0.029   0.146   0.028   0.000   0.000   0.000 120993900
 1.94  11.54   79.379
 1.94   5.00    0.899    0.105
 1.94   5.00    1.005   79.441
 1.94   5.00    0.952    0.645   1.005   0.559
 1.94   5.00    0.955    0.610   1.005   0.524

 1.95   0.00    0.558    0.523   0.157   0.047   0.148   0.028   0.150   0.028   0.000   0.000   0.000 121617600
 1.95  11.53   79.372
 1.95   5.00    0.899    0.105
 1.95   5.00    1.003   79.440
 1.95   5.00    0.951    0.647   1.003   0.562
 1.95   5.00    0.954    0.612   1.003   0.527

 1.96   0.00    0.560    0.525   0.157   0.047   0.147   0.028   0.154   0.028   0.000   0.000   0.000 122241200
 1.96  11.52   79.365
 1.96   5.00    0.898    0.104
 1.96   5.00    1.002   79.439
 1.96   5.00    0.949    0.650   1.002   0.565
 1.96   5.00    0.952    0.615   1.002   0.529

 1.97   0.00    0.563    0.528   0.156   0.047   0.146   0.028   0.158   0.028   0.000   0.000   0.000 122864900
 1.97  11.51   79.358
 1.97   5.00    0.898    0.103
 1.97   5.00    1.001   79.439
 1.97   5.00    0.948    0.652   1.001   0.567
 1.97   5.00    0.951    0.617   1.001   0.532

 1.98   0.00    0.566    0.531   0.155   0.047   0.146   0.028   0.163   0.028   0.000   0.000   0.000 123488600
 1.98  11.50   79.351
 1.98   5.00    0.898    0.102
 1.98   5.00    1.000   79.438
 1.98   5.00    0.947    0.655   1.000   0.570
 1.98   5.00    0.950    0.620   1.000   0.535

 1.99   0.00    0.569    0.534   0.155   0.047   0.145   0.028   0.167   0.027   0.000   0.000   0.000 124112300
 1.99  11.49   79.344
 1.99   5.00    0.897    0.102
 1.99   5.00    0.999   79.438
 1.99   5.00    0.945    0.658   0.999   0.573
 1.99   5.00    0.948    0.623   0.999   0.538

 2.00   0.00    0.572    0.537   0.154   0.047   0.144   0.028   0.171   0.027   0.000   0.000   0.000 124736000
 2.00  11.48   79.337
 2.00   5.00    0.897    0.101
 2.00   5.00    0.998   79.437
 2.00   5.00    0.944    0.661   0.998   0.576
 2.00   5.00    0.947    0.626   0.998   0.541

 2.01   0.00    0.575    0.540   0.153   0.047   0.144   0.028   0.176   0.027   0.000   0.000   0.000 125359600
 2.01  11.47   79.330
 2.01   5.00    0.896    0.100
 2.01   5.00    0.997   79.437
 2.01   5.00    0.942    0.664   0.997   0.579
 2.01   5.00    0.945    0.629   0.997   0.544

 2.02   0.00    0.578    0.543   0.153   0.047   0.143   0.028   0.181   0.027   0.000   0.000   0.000 125983300
 2.02  11.46   79.324
 2.02   5.00    0.896    0.099
 2.02   5.00    0.995   79.437
 2.02   5.00    0.941    0.667   0.995   0.583
 2.02   5.00    0.944    0.632   0.995   0.547

 2.03   0.00    0.581    0.546   0.152   0.047   0.142   0.028   0.185   0.027   0.000   0.000   0.000 126607000
 2.03  11.45   79.318
 2.03   5.00    0.896    0.099
 2.03   5.00    0.994   79.437
 2.03   5.00    0.939    0.670   0.994   0.586
 2.03   5.00    0.942    0.635   0.994   0.550

 2.04   0.00    0.585    0.549   0.152   0.046   0.142   0.028   0.190   0.027   0.000   0.000   0.000 127230700
 2.04  11.44   79.311
 2.04   5.00    0.895    0.098
 2.04   5.00    0.993   79.438
 2.04   5.00    0.938    0.674   0.993   0.589
 2.04   5.00    0.941    0.638   0.993   0.554

 2.05   0.00    0.588    0.553   0.151   0.046   0.141   0.028   0.195   0.027   0.000   0.000   0.000 127854400
 2.05  11.43   79.305
 2.05   5.00    0.895    0.097
 2.05   5.00    0.992   79.438
 2.05   5.00    0.936    0.677   0.992   0.593
 2.05   5.00    0.940    0.641   0.992   0.557

 2.06   0.00    0.592    0.556   0.151   0.046   0.141   0.028   0.200   0.027   0.000   0.000   0.000 128478000
 2.06  11.42   79.299
 2.06   5.00    0.894    0.096
 2.06   5.00    0.991   79.439
 2.06   5.00    0.935    0.680   0.991   0.596
 2.06   5.00    0.938    0.645   0.991   0.560

 2.07   0.00    0.595    0.560   0.150   0.046   0.140   0.028   0.204   0.027   0.000   0.000   0.000 129101700
 2.07  11.41   79.293
 2.07   5.00    0.894    0.096
 2.07   5.00    0.989   79.439
 2.07   5.00    0.933    0.684   0.989   0.600
 2.07   5.00    0.937    0.648   0.989   0.564

 2.08   0.00    0.599    0.563   0.150   0.046   0.139   0.027   0.209   0.027   0.000   0.000   0.000 129725400
 2.08  11.40   79.288
 2.08   5.00    0.894    0.095
 2.08   5.00    0.988   79.440
 2.08   5.00    0.932    0.688   0.988   0.604
 2.08   5.00    0.935    0.652   0.988   0.568

 2.09   0.00    0.603    0.567   0.149   0.046   0.139   0.027   0.214   0.027   0.000   0.000   0.000 130349100
 2.09  11.39   79.282
 2.09   5.00    0.893    0.094
 2.09   5.00    0.987   79.441
 2.09   5.00    0.930    0.691   0.987   0.607
 2.09   5.00    0.934    0.655   0.987   0.571

 2.10   0.00    0.607    0.571   0.149   0.046   0.138   0.027   0.220   0.027   0.000   0.000   0.000 130972800
 2.10  11.38   79.277
 2.10   5.00    0.893    0.093
 2.10   5.00    0.986   79.442
 2.10   5.00    0.929    0.695   0.986   0.611
 2.10   5.00    0.932    0.659   0.986   0.575

 2.11   0.00    0.610    0.574   0.148   0.046   0.138   0.027   0.225   0.027   0.000   0.000   0.000 131596400
 2.11  11.37   79.271
 2.11   5.00    0.892    0.092
 2.11   5.00    0.985   79.444
 2.11   5.00    0.927    0.699   0.985   0.615
 2.11   5.00    0.931    0.662   0.985   0.579

 2.12   0.00    0.614    0.578   0.148   0.046   0.137   0.027   0.230   0.027   0.000   0.000   0.000 132220100
 2.12  11.36   79.266
 2.12   5.00    0.892    0.092
 2.12   5.00    0.984   79.445
 2.12   5.00    0.926    0.702   0.984   0.619
 2.12   5.00    0.929    0.666   0.984   0.583

 2.13   0.00    0.618    0.582   0.147   0.046   0.136   0.027   0.235   0.027   0.000   0.000   0.000 132843800
 2.13  11.35   79.261
 2.13   5.00    0.891    0.091
 2.13   5.00    0.982   79.447
 2.13   5.00    0.924    0.706   0.982   0.623
 2.13   5.00    0.928    0.670   0.982   0.587

 2.14   0.00    0.623    0.586   0.147   0.046   0.136   0.027   0.241   0.026   0.000   0.000   0.000 133467500
 2.14  11.34   79.256
 2.14   5.00    0.891    0.090
 2.14   5.00    0.981   79.448
 2.14   5.00    0.923    0.710   0.981   0.627
 2.14   5.00    0.926    0.674   0.981   0.591

 2.15   0.00    0.627    0.590   0.146   0.046   0.135   0.027   0.246   0.026   0.000   0.000   0.000 134091200
 2.15  11.33   79.251
 2.15   5.00    0.891    0.089
 2.15   5.00    0.980   79.450
 2.15   5.00    0.921    0.714   0.980   0.631
 2.15   5.00    0.925    0.678   0.980   0.595

                              -------->  FIN LEADING EDGE SUPERSONIC  <--------

 2.16   0.00    0.625    0.588   0.146   0.046   0.135   0.027   0.246   0.026   0.000   0.000   0.000 134714800
 2.16  11.30   79.220
 2.16   5.00    0.889    0.089
 2.16   5.00    0.978   79.425
 2.16   5.00    0.919    0.712   0.978   0.630
 2.16   5.00    0.922    0.676   0.978   0.593

 2.17   0.00    0.622    0.586   0.145   0.046   0.134   0.027   0.244   0.026   0.000   0.000   0.000 135338500
 2.17  11.28   79.183
 2.17   5.00    0.887    0.088
 2.17   5.00    0.975   79.395
 2.17   5.00    0.917    0.710   0.975   0.627
 2.17   5.00    0.920    0.673   0.975   0.590

 2.18   0.00    0.619    0.583   0.145   0.046   0.133   0.027   0.243   0.026   0.000   0.000   0.000 135962200
 2.18  11.25   79.145
 2.18   5.00    0.886    0.087
 2.18   5.00    0.973   79.364
 2.18   5.00    0.915    0.707   0.973   0.624
 2.18   5.00    0.918    0.670   0.973   0.587

 2.19   0.00    0.617    0.580   0.144   0.046   0.133   0.027   0.241   0.026   0.000   0.000   0.000 136585900
 2.19  11.23   79.107
 2.19   5.00    0.884    0.086
 2.19   5.00    0.970   79.332
 2.19   5.00    0.912    0.704   0.970   0.622
 2.19   5.00    0.915    0.667   0.970   0.584

 2.20   0.00    0.614    0.577   0.144   0.046   0.132   0.027   0.240   0.026   0.000   0.000   0.000 137209600
 2.20  11.20   79.067
 2.20   5.00    0.882    0.086
 2.20   5.00    0.967   79.300
 2.20   5.00    0.910    0.701   0.967   0.619
 2.20   5.00    0.913    0.664   0.967   0.582

 2.21   0.00    0.612    0.575   0.143   0.046   0.132   0.027   0.239   0.026   0.000   0.000   0.000 137833200
 2.21  11.17   79.027
 2.21   5.00    0.880    0.085
 2.21   5.00    0.965   79.266
 2.21   5.00    0.907    0.698   0.965   0.616
 2.21   5.00    0.911    0.661   0.965   0.579

 2.22   0.00    0.609    0.572   0.143   0.046   0.131   0.027   0.237   0.026   0.000   0.000   0.000 138456900
 2.22  11.14   78.986
 2.22   5.00    0.878    0.084
 2.22   5.00    0.962   79.232
 2.22   5.00    0.905    0.695   0.962   0.614
 2.22   5.00    0.908    0.658   0.962   0.576

 2.23   0.00    0.606    0.569   0.142   0.046   0.131   0.026   0.236   0.026   0.000   0.000   0.000 139080600
 2.23  11.12   78.944
 2.23   5.00    0.876    0.083
 2.23   5.00    0.959   79.196
 2.23   5.00    0.902    0.692   0.959   0.611
 2.23   5.00    0.906    0.655   0.959   0.574

 2.24   0.00    0.604    0.567   0.142   0.046   0.130   0.026   0.235   0.026   0.000   0.000   0.000 139704300
 2.24  11.09   78.901
 2.24   5.00    0.874    0.083
 2.24   5.00    0.957   79.160
 2.24   5.00    0.900    0.690   0.957   0.609
 2.24   5.00    0.903    0.652   0.957   0.571

 2.25   0.00    0.601    0.564   0.141   0.046   0.129   0.026   0.233   0.026   0.000   0.000   0.000 140328000
 2.25  11.06   78.858
 2.25   5.00    0.872    0.082
 2.25   5.00    0.954   79.124
 2.25   5.00    0.897    0.687   0.954   0.606
 2.25   5.00    0.901    0.649   0.954   0.568

 2.26   0.00    0.599    0.561   0.141   0.046   0.129   0.026   0.232   0.026   0.000   0.000   0.000 140951600
 2.26  11.03   78.814
 2.26   5.00    0.870    0.081
 2.26   5.00    0.951   79.087
 2.26   5.00    0.895    0.684   0.951   0.603
 2.26   5.00    0.898    0.647   0.951   0.566

 2.27   0.00    0.596    0.559   0.140   0.045   0.128   0.026   0.231   0.026   0.000   0.000   0.000 141575300
 2.27  11.00   78.769
 2.27   5.00    0.868    0.080
 2.27   5.00    0.948   79.049
 2.27   5.00    0.892    0.681   0.948   0.601
 2.27   5.00    0.896    0.644   0.948   0.563

 2.28   0.00    0.594    0.556   0.140   0.045   0.128   0.026   0.229   0.026   0.000   0.000   0.000 142199000
 2.28  10.97   78.724
 2.28   5.00    0.866    0.080
 2.28   5.00    0.945   79.011
 2.28   5.00    0.890    0.679   0.945   0.599
 2.28   5.00    0.893    0.641   0.945   0.561

 2.29   0.00    0.592    0.554   0.139   0.045   0.127   0.026   0.228   0.026   0.000   0.000   0.000 142822700
 2.29  10.94   78.665
 2.29   5.00    0.864    0.079
 2.29   5.00    0.943   78.958
 2.29   5.00    0.887    0.676   0.943   0.596
 2.29   5.00    0.891    0.638   0.943   0.558

 2.30   0.00    0.589    0.551   0.139   0.045   0.127   0.026   0.227   0.025   0.000   0.000   0.000 143446400
 2.30  10.92   78.596
 2.30   5.00    0.863    0.078
 2.30   5.00    0.941   78.896
 2.30   5.00    0.885    0.673   0.941   0.594
 2.30   5.00    0.889    0.635   0.941   0.556

 2.31   0.00    0.587    0.549   0.138   0.045   0.126   0.026   0.226   0.025   0.000   0.000   0.000 144070000
 2.31  10.90   78.527
 2.31   5.00    0.861    0.077
 2.31   5.00    0.938   78.833
 2.31   5.00    0.883    0.671   0.938   0.591
 2.31   5.00    0.886    0.633   0.938   0.553

 2.32   0.00    0.584    0.546   0.138   0.045   0.126   0.026   0.225   0.025   0.000   0.000   0.000 144693700
 2.32  10.87   78.458
 2.32   5.00    0.859    0.076
 2.32   5.00    0.936   78.770
 2.32   5.00    0.881    0.668   0.936   0.589
 2.32   5.00    0.884    0.630   0.936   0.551

 2.33   0.00    0.582    0.544   0.137   0.045   0.125   0.026   0.223   0.025   0.000   0.000   0.000 145317400
 2.33  10.85   78.388
 2.33   5.00    0.858    0.076
 2.33   5.00    0.933   78.707
 2.33   5.00    0.879    0.666   0.933   0.586
 2.33   5.00    0.882    0.627   0.933   0.548

 2.34   0.00    0.580    0.542   0.137   0.045   0.125   0.026   0.222   0.025   0.000   0.000   0.000 145941100
 2.34  10.82   78.318
 2.34   5.00    0.856    0.075
 2.34   5.00    0.931   78.644
 2.34   5.00    0.876    0.663   0.931   0.584
 2.34   5.00    0.880    0.625   0.931   0.546

 2.35   0.00    0.577    0.539   0.136   0.045   0.124   0.026   0.221   0.025   0.000   0.000   0.000 146564800
 2.35  10.80   78.248
 2.35   5.00    0.854    0.074
 2.35   5.00    0.928   78.580
 2.35   5.00    0.874    0.661   0.928   0.582
 2.35   5.00    0.878    0.622   0.928   0.543

 2.36   0.00    0.575    0.537   0.136   0.045   0.124   0.026   0.220   0.025   0.000   0.000   0.000 147188400
 2.36  10.77   78.177
 2.36   5.00    0.853    0.073
 2.36   5.00    0.926   78.515
 2.36   5.00    0.872    0.658   0.926   0.580
 2.36   5.00    0.875    0.620   0.926   0.541

 2.37   0.00    0.573    0.534   0.135   0.045   0.123   0.026   0.219   0.025   0.000   0.000   0.000 147812100
 2.37  10.75   78.106
 2.37   5.00    0.851    0.073
 2.37   5.00    0.924   78.451
 2.37   5.00    0.870    0.656   0.924   0.577
 2.37   5.00    0.873    0.617   0.924   0.539

 2.38   0.00    0.571    0.532   0.135   0.045   0.122   0.026   0.218   0.025   0.000   0.000   0.000 148435800
 2.38  10.72   78.035
 2.38   5.00    0.849    0.072
 2.38   5.00    0.921   78.386
 2.38   5.00    0.868    0.653   0.921   0.575
 2.38   5.00    0.871    0.614   0.921   0.536

 2.39   0.00    0.568    0.530   0.134   0.045   0.122   0.025   0.217   0.025   0.000   0.000   0.000 149059500
 2.39  10.70   77.964
 2.39   5.00    0.848    0.071
 2.39   5.00    0.919   78.321
 2.39   5.00    0.865    0.651   0.919   0.573
 2.39   5.00    0.869    0.612   0.919   0.534

 2.40   0.00    0.566    0.527   0.134   0.045   0.121   0.025   0.215   0.025   0.000   0.000   0.000 149683200
 2.40  10.67   77.892
 2.40   5.00    0.846    0.070
 2.40   5.00    0.916   78.255
 2.40   5.00    0.863    0.648   0.916   0.570
 2.40   5.00    0.866    0.609   0.916   0.531

 2.41   0.00    0.564    0.525   0.134   0.045   0.121   0.025   0.214   0.025   0.000   0.000   0.000 150306800
 2.41  10.65   77.820
 2.41   5.00    0.844    0.070
 2.41   5.00    0.914   78.190
 2.41   5.00    0.861    0.646   0.914   0.568
 2.41   5.00    0.864    0.607   0.914   0.529

 2.42   0.00    0.562    0.523   0.133   0.045   0.120   0.025   0.213   0.025   0.000   0.000   0.000 150930500
 2.42  10.62   77.748
 2.42   5.00    0.843    0.069
 2.42   5.00    0.911   78.124
 2.42   5.00    0.859    0.643   0.911   0.566
 2.42   5.00    0.862    0.604   0.911   0.527

 2.43   0.00    0.560    0.521   0.133   0.045   0.120   0.025   0.212   0.025   0.000   0.000   0.000 151554200
 2.43  10.60   77.676
 2.43   5.00    0.841    0.068
 2.43   5.00    0.909   78.058
 2.43   5.00    0.856    0.641   0.909   0.564
 2.43   5.00    0.860    0.602   0.909   0.525

 2.44   0.00    0.557    0.518   0.132   0.045   0.119   0.025   0.211   0.025   0.000   0.000   0.000 152177900
 2.44  10.57   77.604
 2.44   5.00    0.839    0.067
 2.44   5.00    0.906   77.992
 2.44   5.00    0.854    0.639   0.906   0.562
 2.44   5.00    0.857    0.599   0.906   0.522

 2.45   0.00    0.555    0.516   0.132   0.045   0.119   0.025   0.210   0.025   0.000   0.000   0.000 152801600
 2.45  10.55   77.531
 2.45   5.00    0.837    0.067
 2.45   5.00    0.904   77.926
 2.45   5.00    0.852    0.636   0.904   0.560
 2.45   5.00    0.855    0.597   0.904   0.520

 2.46   0.00    0.553    0.514   0.131   0.045   0.118   0.025   0.209   0.024   0.000   0.000   0.000 153425200
 2.46  10.52   77.459
 2.46   5.00    0.836    0.066
 2.46   5.00    0.901   77.860
 2.46   5.00    0.849    0.634   0.901   0.557
 2.46   5.00    0.853    0.595   0.901   0.518

 2.47   0.00    0.551    0.512   0.131   0.045   0.118   0.025   0.208   0.024   0.000   0.000   0.000 154048900
 2.47  10.50   77.386
 2.47   5.00    0.834    0.065
 2.47   5.00    0.899   77.793
 2.47   5.00    0.847    0.631   0.899   0.555
 2.47   5.00    0.851    0.593   0.899   0.516

 2.48   0.00    0.549    0.510   0.130   0.045   0.117   0.025   0.207   0.024   0.000   0.000   0.000 154672600
 2.48  10.47   77.314
 2.48   5.00    0.832    0.064
 2.48   5.00    0.897   77.727
 2.48   5.00    0.845    0.629   0.897   0.553
 2.48   5.00    0.848    0.590   0.897   0.514

 2.49   0.00    0.547    0.508   0.130   0.045   0.117   0.025   0.206   0.024   0.000   0.000   0.000 155296300
 2.49  10.45   77.241
 2.49   5.00    0.831    0.063
 2.49   5.00    0.894   77.660
 2.49   5.00    0.843    0.627   0.894   0.551
 2.49   5.00    0.846    0.588   0.894   0.512

 2.50   0.00    0.545    0.507   0.130   0.045   0.116   0.025   0.205   0.024   0.000   0.000   0.000 155920000
 2.50  10.42   77.168
 2.50   5.00    0.829    0.063
 2.50   5.00    0.892   77.594
 2.50   5.00    0.840    0.625   0.892   0.549
 2.50   5.00    0.844    0.586   0.892   0.510

 2.51   0.00    0.543    0.505   0.129   0.045   0.116   0.025   0.204   0.024   0.000   0.000   0.000 156543600
 2.51  10.40   77.095
 2.51   5.00    0.827    0.062
 2.51   5.00    0.889   77.527
 2.51   5.00    0.838    0.622   0.889   0.547
 2.51   5.00    0.841    0.584   0.889   0.509

 2.52   0.00    0.541    0.503   0.129   0.045   0.115   0.025   0.203   0.024   0.000   0.000   0.000 157167300
 2.52  10.37   77.022
 2.52   5.00    0.826    0.061
 2.52   5.00    0.887   77.460
 2.52   5.00    0.836    0.620   0.887   0.545
 2.52   5.00    0.839    0.582   0.887   0.507

 2.53   0.00    0.539    0.501   0.128   0.045   0.115   0.025   0.202   0.024   0.000   0.000   0.000 157791000
 2.53  10.35   76.949
 2.53   5.00    0.824    0.060
 2.53   5.00    0.884   77.393
 2.53   5.00    0.834    0.618   0.884   0.543
 2.53   5.00    0.837    0.580   0.884   0.505

 2.54   0.00    0.537    0.499   0.128   0.044   0.114   0.025   0.201   0.024   0.000   0.000   0.000 158414700
 2.54  10.32   76.876
 2.54   5.00    0.822    0.060
 2.54   5.00    0.882   77.327
 2.54   5.00    0.831    0.616   0.882   0.541
 2.54   5.00    0.835    0.578   0.882   0.503

 2.55   0.00    0.535    0.497   0.128   0.044   0.114   0.024   0.200   0.024   0.000   0.000   0.000 159038400
 2.55  10.30   76.803
 2.55   5.00    0.820    0.059
 2.55   5.00    0.879   77.260
 2.55   5.00    0.829    0.613   0.879   0.539
 2.55   5.00    0.832    0.576   0.879   0.501

 2.56   0.00    0.533    0.496   0.127   0.044   0.113   0.024   0.199   0.024   0.000   0.000   0.000 159662000
 2.56  10.27   76.730
 2.56   5.00    0.819    0.058
 2.56   5.00    0.877   77.193
 2.56   5.00    0.827    0.611   0.877   0.537
 2.56   5.00    0.830    0.574   0.877   0.499

 2.57   0.00    0.531    0.494   0.127   0.044   0.113   0.024   0.199   0.024   0.000   0.000   0.000 160285700
 2.57  10.25   76.657
 2.57   5.00    0.817    0.057
 2.57   5.00    0.874   77.126
 2.57   5.00    0.825    0.609   0.874   0.535
 2.57   5.00    0.828    0.572   0.874   0.498

 2.58   0.00    0.529    0.492   0.126   0.044   0.113   0.024   0.198   0.024   0.000   0.000   0.000 160909400
 2.58  10.22   76.585
 2.58   5.00    0.815    0.057
 2.58   5.00    0.872   77.059
 2.58   5.00    0.822    0.607   0.872   0.533
 2.58   5.00    0.825    0.570   0.872   0.496

 2.59   0.00    0.527    0.490   0.126   0.044   0.112   0.024   0.197   0.024   0.000   0.000   0.000 161533100
 2.59  10.20   76.512
 2.59   5.00    0.814    0.056
 2.59   5.00    0.870   76.992
 2.59   5.00    0.820    0.605   0.870   0.531
 2.59   5.00    0.823    0.568   0.870   0.494

 2.60   0.00    0.525    0.489   0.125   0.044   0.112   0.024   0.196   0.024   0.000   0.000   0.000 162156700
 2.60  10.18   76.439
 2.60   5.00    0.812    0.055
 2.60   5.00    0.867   76.926
 2.60   5.00    0.818    0.603   0.867   0.529
 2.60   5.00    0.821    0.566   0.867   0.492

 2.61   0.00    0.523    0.487   0.125   0.044   0.111   0.024   0.195   0.024   0.000   0.000   0.000 162780400
 2.61  10.15   76.366
 2.61   5.00    0.810    0.054
 2.61   5.00    0.865   76.859
 2.61   5.00    0.816    0.600   0.865   0.527
 2.61   5.00    0.819    0.564   0.865   0.491

 2.62   0.00    0.521    0.485   0.125   0.044   0.111   0.024   0.194   0.024   0.000   0.000   0.000 163404100
 2.62  10.13   76.293
 2.62   5.00    0.809    0.054
 2.62   5.00    0.862   76.792
 2.62   5.00    0.813    0.598   0.862   0.525
 2.62   5.00    0.816    0.562   0.862   0.489

 2.63   0.00    0.519    0.483   0.124   0.044   0.110   0.024   0.193   0.023   0.000   0.000   0.000 164027800
 2.63  10.10   76.221
 2.63   5.00    0.807    0.053
 2.63   5.00    0.860   76.726
 2.63   5.00    0.811    0.596   0.860   0.523
 2.63   5.00    0.814    0.560   0.860   0.487

 2.64   0.00    0.517    0.482   0.124   0.044   0.110   0.024   0.192   0.023   0.000   0.000   0.000 164651500
 2.64  10.08   76.148
 2.64   5.00    0.806    0.052
 2.64   5.00    0.858   76.659
 2.64   5.00    0.809    0.594   0.858   0.521
 2.64   5.00    0.812    0.558   0.858   0.485

 2.65   0.00    0.516    0.480   0.123   0.044   0.109   0.024   0.192   0.023   0.000   0.000   0.000 165275200
 2.65  10.05   76.076
 2.65   5.00    0.804    0.051
 2.65   5.00    0.855   76.593
 2.65   5.00    0.807    0.592   0.855   0.520
 2.65   5.00    0.810    0.557   0.855   0.484

 2.66   0.00    0.514    0.478   0.123   0.044   0.109   0.024   0.191   0.023   0.000   0.000   0.000 165898800
 2.66  10.03   76.003
 2.66   5.00    0.802    0.050
 2.66   5.00    0.853   76.526
 2.66   5.00    0.804    0.590   0.853   0.518
 2.66   5.00    0.808    0.555   0.853   0.482

 2.67   0.00    0.512    0.477   0.123   0.044   0.108   0.024   0.190   0.023   0.000   0.000   0.000 166522500
 2.67  10.01   75.931
 2.67   5.00    0.801    0.050
 2.67   5.00    0.850   76.460
 2.67   5.00    0.802    0.588   0.850   0.516
 2.67   5.00    0.805    0.553   0.850   0.480

 2.68   0.00    0.510    0.475   0.122   0.044   0.108   0.024   0.189   0.023   0.000   0.000   0.000 167146200
 2.68   9.98   75.859
 2.68   5.00    0.799    0.049
 2.68   5.00    0.848   76.394
 2.68   5.00    0.800    0.586   0.848   0.514
 2.68   5.00    0.803    0.551   0.848   0.479

 2.69   0.00    0.508    0.474   0.122   0.044   0.108   0.024   0.188   0.023   0.000   0.000   0.000 167769900
 2.69   9.96   75.787
 2.69   5.00    0.798    0.048
 2.69   5.00    0.846   76.328
 2.69   5.00    0.798    0.584   0.846   0.512
 2.69   5.00    0.801    0.549   0.846   0.477

 2.70   0.00    0.507    0.472   0.121   0.044   0.107   0.024   0.187   0.023   0.000   0.000   0.000 168393600
 2.70   9.93   75.715
 2.70   5.00    0.796    0.047
 2.70   5.00    0.843   76.262
 2.70   5.00    0.796    0.582   0.843   0.510
 2.70   5.00    0.799    0.547   0.843   0.476

 2.71   0.00    0.505    0.470   0.121   0.044   0.107   0.024   0.187   0.023   0.000   0.000   0.000 169017200
 2.71   9.91   75.643
 2.71   5.00    0.794    0.047
 2.71   5.00    0.841   76.196
 2.71   5.00    0.793    0.580   0.841   0.509
 2.71   5.00    0.797    0.545   0.841   0.474

 2.72   0.00    0.503    0.469   0.121   0.044   0.106   0.023   0.186   0.023   0.000   0.000   0.000 169640900
 2.72   9.89   75.571
 2.72   5.00    0.793    0.046
 2.72   5.00    0.839   76.130
 2.72   5.00    0.791    0.578   0.839   0.507
 2.72   5.00    0.794    0.544   0.839   0.472

 2.73   0.00    0.501    0.467   0.120   0.044   0.106   0.023   0.185   0.023   0.000   0.000   0.000 170264600
 2.73   9.86   75.500
 2.73   5.00    0.791    0.045
 2.73   5.00    0.836   76.064
 2.73   5.00    0.789    0.576   0.836   0.505
 2.73   5.00    0.792    0.542   0.836   0.471

 2.74   0.00    0.500    0.466   0.120   0.044   0.105   0.023   0.184   0.023   0.000   0.000   0.000 170888300
 2.74   9.84   75.429
 2.74   5.00    0.790    0.044
 2.74   5.00    0.834   75.999
 2.74   5.00    0.787    0.574   0.834   0.503
 2.74   5.00    0.790    0.540   0.834   0.469

 2.75   0.00    0.498    0.464   0.119   0.044   0.105   0.023   0.183   0.023   0.000   0.000   0.000 171512000
 2.75   9.82   75.357
 2.75   5.00    0.788    0.044
 2.75   5.00    0.832   75.933
 2.75   5.00    0.785    0.572   0.832   0.502
 2.75   5.00    0.788    0.538   0.832   0.468

 2.76   0.00    0.496    0.463   0.119   0.044   0.104   0.023   0.183   0.023   0.000   0.000   0.000 172135600
 2.76   9.79   75.286
 2.76   5.00    0.787    0.043
 2.76   5.00    0.829   75.868
 2.76   5.00    0.783    0.570   0.829   0.500
 2.76   5.00    0.786    0.537   0.829   0.466

 2.77   0.00    0.494    0.461   0.119   0.044   0.104   0.023   0.182   0.023   0.000   0.000   0.000 172759300
 2.77   9.77   75.215
 2.77   5.00    0.785    0.042
 2.77   5.00    0.827   75.803
 2.77   5.00    0.781    0.568   0.827   0.498
 2.77   5.00    0.784    0.535   0.827   0.465

 2.78   0.00    0.493    0.460   0.118   0.044   0.104   0.023   0.181   0.023   0.000   0.000   0.000 173383000
 2.78   9.75   75.144
 2.78   5.00    0.784    0.041
 2.78   5.00    0.825   75.738
 2.78   5.00    0.778    0.566   0.825   0.496
 2.78   5.00    0.781    0.533   0.825   0.463

 2.79   0.00    0.491    0.458   0.118   0.044   0.103   0.023   0.180   0.023   0.000   0.000   0.000 174006700
 2.79   9.72   75.074
 2.79   5.00    0.782    0.041
 2.79   5.00    0.823   75.673
 2.79   5.00    0.776    0.565   0.823   0.495
 2.79   5.00    0.779    0.531   0.823   0.462

 2.80   0.00    0.489    0.457   0.118   0.044   0.103   0.023   0.180   0.023   0.000   0.000   0.000 174630300
 2.80   9.70   75.003
 2.80   5.00    0.781    0.040
 2.80   5.00    0.820   75.608
 2.80   5.00    0.774    0.563   0.820   0.493
 2.80   5.00    0.777    0.530   0.820   0.460

 2.81   0.00    0.488    0.455   0.117   0.044   0.102   0.023   0.179   0.022   0.000   0.000   0.000 175254000
 2.81   9.68   74.933
 2.81   5.00    0.779    0.039
 2.81   5.00    0.818   75.543
 2.81   5.00    0.772    0.561   0.818   0.491
 2.81   5.00    0.775    0.528   0.818   0.459

 2.82   0.00    0.486    0.454   0.117   0.044   0.102   0.023   0.178   0.022   0.000   0.000   0.000 175877700
 2.82   9.66   74.863
 2.82   5.00    0.778    0.038
 2.82   5.00    0.816   75.479
 2.82   5.00    0.770    0.559   0.816   0.490
 2.82   5.00    0.773    0.526   0.816   0.457

 2.83   0.00    0.484    0.452   0.116   0.044   0.102   0.023   0.178   0.022   0.000   0.000   0.000 176501400
 2.83   9.63   74.793
 2.83   5.00    0.776    0.038
 2.83   5.00    0.814   75.415
 2.83   5.00    0.768    0.557   0.814   0.488
 2.83   5.00    0.771    0.525   0.814   0.456

 2.84   0.00    0.483    0.451   0.116   0.044   0.101   0.023   0.177   0.022   0.000   0.000   0.000 177125100
 2.84   9.61   74.723
 2.84   5.00    0.775    0.037
 2.84   5.00    0.811   75.351
 2.84   5.00    0.766    0.555   0.811   0.486
 2.84   5.00    0.769    0.523   0.811   0.454

 2.85   0.00    0.481    0.449   0.116   0.044   0.101   0.023   0.176   0.022   0.000   0.000   0.000 177748700
 2.85   9.59   74.654
 2.85   5.00    0.773    0.036
 2.85   5.00    0.809   75.287
 2.85   5.00    0.764    0.553   0.809   0.485
 2.85   5.00    0.767    0.521   0.809   0.453

 2.86   0.00    0.480    0.448   0.115   0.044   0.100   0.023   0.175   0.022   0.000   0.000   0.000 178372400
 2.86   9.57   74.584
 2.86   5.00    0.772    0.035
 2.86   5.00    0.807   75.223
 2.86   5.00    0.762    0.552   0.807   0.483
 2.86   5.00    0.764    0.520   0.807   0.451

 2.87   0.00    0.478    0.446   0.115   0.044   0.100   0.023   0.175   0.022   0.000   0.000   0.000 178996100
 2.87   9.54   74.515
 2.87   5.00    0.770    0.035
 2.87   5.00    0.805   75.157
 2.87   5.00    0.760    0.550   0.805   0.482
 2.87   5.00    0.763    0.518   0.805   0.450

 2.88   0.00    0.476    0.445   0.115   0.043   0.100   0.023   0.174   0.022   0.000   0.000   0.000 179619800
 2.88   9.52   74.446
 2.88   5.00    0.769    0.035
 2.88   5.00    0.803   75.075
 2.88   5.00    0.758    0.548   0.803   0.480
 2.88   5.00    0.761    0.517   0.803   0.448

 2.89   0.00    0.475    0.444   0.114   0.043   0.099   0.023   0.173   0.022   0.000   0.000   0.000 180243500
 2.89   9.50   74.377
 2.89   5.00    0.767    0.035
 2.89   5.00    0.802   74.994
 2.89   5.00    0.757    0.546   0.802   0.478
 2.89   5.00    0.760    0.515   0.802   0.447

 2.90   0.00    0.473    0.442   0.114   0.043   0.099   0.022   0.173   0.022   0.000   0.000   0.000 180867200
 2.90   9.48   74.308
 2.90   5.00    0.766    0.035
 2.90   5.00    0.801   74.913
 2.90   5.00    0.756    0.545   0.801   0.477
 2.90   5.00    0.759    0.514   0.801   0.446

 2.91   0.00    0.472    0.441   0.114   0.043   0.098   0.022   0.172   0.022   0.000   0.000   0.000 181490800
 2.91   9.46   74.240
 2.91   5.00    0.765    0.035
 2.91   5.00    0.799   74.832
 2.91   5.00    0.755    0.543   0.799   0.475
 2.91   5.00    0.757    0.512   0.799   0.444

 2.92   0.00    0.470    0.439   0.113   0.043   0.098   0.022   0.171   0.022   0.000   0.000   0.000 182114500
 2.92   9.43   74.172
 2.92   5.00    0.763    0.035
 2.92   5.00    0.798   74.752
 2.92   5.00    0.753    0.541   0.798   0.474
 2.92   5.00    0.756    0.511   0.798   0.443

 2.93   0.00    0.469    0.438   0.113   0.043   0.098   0.022   0.171   0.022   0.000   0.000   0.000 182738200
 2.93   9.41   74.104
 2.93   5.00    0.762    0.035
 2.93   5.00    0.796   74.672
 2.93   5.00    0.752    0.540   0.796   0.472
 2.93   5.00    0.755    0.509   0.796   0.441

 2.94   0.00    0.467    0.437   0.113   0.043   0.097   0.022   0.170   0.022   0.000   0.000   0.000 183361900
 2.94   9.39   74.036
 2.94   5.00    0.760    0.035
 2.94   5.00    0.795   74.592
 2.94   5.00    0.751    0.538   0.795   0.471
 2.94   5.00    0.754    0.508   0.795   0.440

 2.95   0.00    0.465    0.435   0.112   0.043   0.097   0.022   0.169   0.022   0.000   0.000   0.000 183985500
 2.95   9.37   73.969
 2.95   5.00    0.759    0.035
 2.95   5.00    0.794   74.512
 2.95   5.00    0.750    0.536   0.794   0.469
 2.95   5.00    0.752    0.506   0.794   0.439

 2.96   0.00    0.464    0.434   0.112   0.043   0.096   0.022   0.169   0.022   0.000   0.000   0.000 184609200
 2.96   9.35   73.901
 2.96   5.00    0.758    0.035
 2.96   5.00    0.792   74.432
 2.96   5.00    0.748    0.535   0.792   0.468
 2.96   5.00    0.751    0.505   0.792   0.437

 2.97   0.00    0.462    0.433   0.111   0.043   0.096   0.022   0.168   0.022   0.000   0.000   0.000 185232900
 2.97   9.33   73.834
 2.97   5.00    0.756    0.035
 2.97   5.00    0.791   74.353
 2.97   5.00    0.747    0.533   0.791   0.466
 2.97   5.00    0.750    0.503   0.791   0.436

 2.98   0.00    0.461    0.431   0.111   0.043   0.096   0.022   0.167   0.022   0.000   0.000   0.000 185856600
 2.98   9.31   73.767
 2.98   5.00    0.755    0.035
 2.98   5.00    0.789   74.274
 2.98   5.00    0.746    0.532   0.789   0.464
 2.98   5.00    0.749    0.502   0.789   0.435

 2.99   0.00    0.459    0.430   0.111   0.043   0.095   0.022   0.167   0.021   0.000   0.000   0.000 186480300
 2.99   9.29   73.700
 2.99   5.00    0.754    0.035
 2.99   5.00    0.788   74.196
 2.99   5.00    0.745    0.530   0.788   0.463
 2.99   5.00    0.747    0.501   0.788   0.433

 3.00   0.00    0.458    0.429   0.110   0.043   0.095   0.022   0.166   0.021   0.000   0.000   0.000 187103900
 3.00   9.26   73.634
 3.00   5.00    0.752    0.035
 3.00   5.00    0.787   74.117
 3.00   5.00    0.744    0.528   0.787   0.462
 3.00   5.00    0.746    0.499   0.787   0.432

 3.01   0.00    0.457    0.428   0.110   0.043   0.095   0.022   0.166   0.021   0.000   0.000   0.000 187727600
 3.01   9.24   73.568
 3.01   5.00    0.751    0.035
 3.01   5.00    0.785   74.039
 3.01   5.00    0.742    0.527   0.785   0.460
 3.01   5.00    0.745    0.498   0.785   0.431

 3.02   0.00    0.455    0.426   0.110   0.043   0.094   0.022   0.165   0.021   0.000   0.000   0.000 188351300
 3.02   9.22   73.502
 3.02   5.00    0.750    0.035
 3.02   5.00    0.784   73.961
 3.02   5.00    0.741    0.525   0.784   0.459
 3.02   5.00    0.744    0.496   0.784   0.430

 3.03   0.00    0.454    0.425   0.110   0.043   0.094   0.022   0.164   0.021   0.000   0.000   0.000 188975000
 3.03   9.20   73.436
 3.03   5.00    0.748    0.035
 3.03   5.00    0.783   73.884
 3.03   5.00    0.740    0.524   0.783   0.457
 3.03   5.00    0.743    0.495   0.783   0.428

 3.04   0.00    0.452    0.424   0.109   0.043   0.093   0.022   0.164   0.021   0.000   0.000   0.000 189598700
 3.04   9.18   73.370
 3.04   5.00    0.747    0.035
 3.04   5.00    0.782   73.806
 3.04   5.00    0.739    0.522   0.782   0.456
 3.04   5.00    0.741    0.493   0.782   0.427

 3.05   0.00    0.451    0.422   0.109   0.043   0.093   0.022   0.163   0.021   0.000   0.000   0.000 190222300
 3.05   9.16   73.305
 3.05   5.00    0.746    0.035
 3.05   5.00    0.780   73.729
 3.05   5.00    0.738    0.521   0.780   0.455
 3.05   5.00    0.740    0.492   0.780   0.426

 3.06   0.00    0.450    0.421   0.109   0.043   0.093   0.022   0.163   0.021   0.000   0.000   0.000 190846000
 3.06   9.14   73.240
 3.06   5.00    0.744    0.035
 3.06   5.00    0.779   73.653
 3.06   5.00    0.737    0.519   0.779   0.453
 3.06   5.00    0.739    0.491   0.779   0.424

 3.07   0.00    0.448    0.420   0.109   0.043   0.092   0.022   0.162   0.021   0.000   0.000   0.000 191469700
 3.07   9.12   73.175
 3.07   5.00    0.743    0.035
 3.07   5.00    0.778   73.576
 3.07   5.00    0.735    0.518   0.778   0.452
 3.07   5.00    0.738    0.489   0.778   0.423

 3.08   0.00    0.447    0.419   0.108   0.043   0.092   0.021   0.161   0.021   0.000   0.000   0.000 192093400
 3.08   9.10   73.111
 3.08   5.00    0.742    0.035
 3.08   5.00    0.776   73.500
 3.08   5.00    0.734    0.516   0.776   0.451
 3.08   5.00    0.737    0.488   0.776   0.422

 3.09   0.00    0.446    0.417   0.108   0.043   0.092   0.021   0.161   0.021   0.000   0.000   0.000 192717100
 3.09   9.08   73.046
 3.09   5.00    0.741    0.035
 3.09   5.00    0.775   73.424
 3.09   5.00    0.733    0.515   0.775   0.449
 3.09   5.00    0.736    0.487   0.775   0.421

 3.10   0.00    0.444    0.416   0.108   0.043   0.091   0.021   0.160   0.021   0.000   0.000   0.000 193340700
 3.10   9.06   72.982
 3.10   5.00    0.739    0.035
 3.10   5.00    0.774   73.348
 3.10   5.00    0.732    0.514   0.774   0.448
 3.10   5.00    0.734    0.485   0.774   0.419

 3.11   0.00    0.443    0.415   0.108   0.043   0.091   0.021   0.160   0.021   0.000   0.000   0.000 193964400
 3.11   9.04   72.918
 3.11   5.00    0.738    0.035
 3.11   5.00    0.773   73.273
 3.11   5.00    0.731    0.512   0.773   0.447
 3.11   5.00    0.733    0.484   0.773   0.418

 3.12   0.00    0.442    0.414   0.107   0.043   0.091   0.021   0.159   0.021   0.000   0.000   0.000 194588100
 3.12   9.02   72.855
 3.12   5.00    0.737    0.035
 3.12   5.00    0.771   73.198
 3.12   5.00    0.730    0.511   0.771   0.445
 3.12   5.00    0.732    0.483   0.771   0.417

 3.13   0.00    0.441    0.413   0.107   0.043   0.090   0.021   0.158   0.021   0.000   0.000   0.000 195211800
 3.13   9.00   72.791
 3.13   5.00    0.736    0.035
 3.13   5.00    0.770   73.123
 3.13   5.00    0.729    0.509   0.770   0.444
 3.13   5.00    0.731    0.481   0.770   0.416

 3.14   0.00    0.439    0.411   0.107   0.043   0.090   0.021   0.158   0.021   0.000   0.000   0.000 195835500
 3.14   8.98   72.728
 3.14   5.00    0.734    0.035
 3.14   5.00    0.769   73.049
 3.14   5.00    0.728    0.508   0.769   0.443
 3.14   5.00    0.730    0.480   0.769   0.415

 3.15   0.00    0.438    0.410   0.106   0.043   0.090   0.021   0.157   0.021   0.000   0.000   0.000 196459100
 3.15   8.96   72.665
 3.15   5.00    0.733    0.035
 3.15   5.00    0.768   72.975
 3.15   5.00    0.726    0.507   0.768   0.441
 3.15   5.00    0.729    0.479   0.768   0.413

 3.16   0.00    0.437    0.409   0.106   0.043   0.089   0.021   0.157   0.021   0.000   0.000   0.000 197082800
 3.16   8.94   72.603
 3.16   5.00    0.732    0.035
 3.16   5.00    0.767   72.901
 3.16   5.00    0.725    0.505   0.767   0.440
 3.16   5.00    0.728    0.477   0.767   0.412

 3.17   0.00    0.435    0.408   0.106   0.043   0.089   0.021   0.156   0.021   0.000   0.000   0.000 197706500
 3.17   8.92   72.540
 3.17   5.00    0.731    0.035
 3.17   5.00    0.765   72.827
 3.17   5.00    0.724    0.504   0.765   0.439
 3.17   5.00    0.727    0.476   0.765   0.411

 3.18   0.00    0.434    0.407   0.106   0.043   0.089   0.021   0.156   0.021   0.000   0.000   0.000 198330200
 3.18   8.90   72.478
 3.18   5.00    0.730    0.035
 3.18   5.00    0.764   72.754
 3.18   5.00    0.723    0.502   0.764   0.437
 3.18   5.00    0.726    0.475   0.764   0.410

 3.19   0.00    0.433    0.406   0.105   0.043   0.088   0.021   0.155   0.020   0.000   0.000   0.000 198953900
 3.19   8.89   72.416
 3.19   5.00    0.728    0.035
 3.19   5.00    0.763   72.681
 3.19   5.00    0.722    0.501   0.763   0.436
 3.19   5.00    0.725    0.474   0.763   0.409

 3.20   0.00    0.432    0.404   0.105   0.043   0.088   0.021   0.155   0.020   0.000   0.000   0.000 199577500
 3.20   8.87   72.355
 3.20   5.00    0.727    0.035
 3.20   5.00    0.762   72.608
 3.20   5.00    0.721    0.500   0.762   0.435
 3.20   5.00    0.723    0.472   0.762   0.407

 3.21   0.00    0.430    0.403   0.105   0.043   0.088   0.021   0.154   0.020   0.000   0.000   0.000 200201200
 3.21   8.85   72.293
 3.21   5.00    0.726    0.035
 3.21   5.00    0.761   72.536
 3.21   5.00    0.720    0.498   0.761   0.434
 3.21   5.00    0.722    0.471   0.761   0.406

 3.22   0.00    0.429    0.402   0.105   0.043   0.087   0.021   0.154   0.020   0.000   0.000   0.000 200824900
 3.22   8.83   72.232
 3.22   5.00    0.725    0.035
 3.22   5.00    0.760   72.464
 3.22   5.00    0.719    0.497   0.760   0.432
 3.22   5.00    0.721    0.470   0.760   0.405

 3.23   0.00    0.428    0.401   0.104   0.043   0.087   0.021   0.153   0.020   0.000   0.000   0.000 201448600
 3.23   8.81   72.171
 3.23   5.00    0.724    0.035
 3.23   5.00    0.758   72.392
 3.23   5.00    0.718    0.496   0.758   0.431
 3.23   5.00    0.720    0.469   0.758   0.404

 3.24   0.00    0.427    0.400   0.104   0.043   0.087   0.021   0.153   0.020   0.000   0.000   0.000 202072300
 3.24   8.79   72.111
 3.24   5.00    0.723    0.035
 3.24   5.00    0.757   72.321
 3.24   5.00    0.717    0.494   0.757   0.430
 3.24   5.00    0.719    0.467   0.757   0.403

 3.25   0.00    0.425    0.399   0.104   0.043   0.086   0.021   0.152   0.020   0.000   0.000   0.000 202695900
 3.25   8.77   72.050
 3.25   5.00    0.722    0.035
 3.25   5.00    0.756   72.249
 3.25   5.00    0.716    0.493   0.756   0.429
 3.25   5.00    0.718    0.466   0.756   0.402

 3.26   0.00    0.424    0.398   0.104   0.043   0.086   0.021   0.151   0.020   0.000   0.000   0.000 203319600
 3.26   8.75   71.990
 3.26   5.00    0.720    0.035
 3.26   5.00    0.755   72.179
 3.26   5.00    0.715    0.492   0.755   0.428
 3.26   5.00    0.717    0.465   0.755   0.401

 3.27   0.00    0.423    0.396   0.103   0.043   0.086   0.021   0.151   0.020   0.000   0.000   0.000 203943300
 3.27   8.74   71.930
 3.27   5.00    0.719    0.035
 3.27   5.00    0.754   72.108
 3.27   5.00    0.714    0.490   0.754   0.426
 3.27   5.00    0.716    0.464   0.754   0.399

 3.28   0.00    0.422    0.395   0.103   0.043   0.085   0.020   0.150   0.020   0.000   0.000   0.000 204567000
 3.28   8.72   71.871
 3.28   5.00    0.718    0.035
 3.28   5.00    0.753   72.038
 3.28   5.00    0.713    0.489   0.753   0.425
 3.28   5.00    0.715    0.462   0.753   0.398

 3.29   0.00    0.421    0.394   0.103   0.042   0.085   0.020   0.150   0.020   0.000   0.000   0.000 205190700
 3.29   8.70   71.811
 3.29   5.00    0.717    0.035
 3.29   5.00    0.752   71.968
 3.29   5.00    0.712    0.488   0.752   0.424
 3.29   5.00    0.714    0.461   0.752   0.397

 3.30   0.00    0.419    0.393   0.103   0.042   0.085   0.020   0.149   0.020   0.000   0.000   0.000 205814300
 3.30   8.68   71.752
 3.30   5.00    0.716    0.035
 3.30   5.00    0.751   71.898
 3.30   5.00    0.711    0.487   0.751   0.423
 3.30   5.00    0.713    0.460   0.751   0.396

 3.31   0.00    0.418    0.392   0.102   0.042   0.084   0.020   0.149   0.020   0.000   0.000   0.000 206438000
 3.31   8.66   71.693
 3.31   5.00    0.715    0.035
 3.31   5.00    0.750   71.829
 3.31   5.00    0.710    0.485   0.750   0.422
 3.31   5.00    0.712    0.459   0.750   0.395

 3.32   0.00    0.417    0.391   0.102   0.042   0.084   0.020   0.148   0.020   0.000   0.000   0.000 207061700
 3.32   8.65   71.635
 3.32   5.00    0.714    0.035
 3.32   5.00    0.748   71.760
 3.32   5.00    0.709    0.484   0.748   0.420
 3.32   5.00    0.711    0.458   0.748   0.394

 3.33   0.00    0.416    0.390   0.102   0.042   0.084   0.020   0.148   0.020   0.000   0.000   0.000 207685400
 3.33   8.63   71.577
 3.33   5.00    0.713    0.035
 3.33   5.00    0.747   71.691
 3.33   5.00    0.708    0.483   0.747   0.419
 3.33   5.00    0.710    0.457   0.747   0.393

 3.34   0.00    0.415    0.389   0.102   0.042   0.083   0.020   0.147   0.020   0.000   0.000   0.000 208309000
 3.34   8.61   71.519
 3.34   5.00    0.712    0.035
 3.34   5.00    0.746   71.623
 3.34   5.00    0.707    0.481   0.746   0.418
 3.34   5.00    0.709    0.455   0.746   0.392

 3.35   0.00    0.414    0.388   0.101   0.042   0.083   0.020   0.147   0.020   0.000   0.000   0.000 208932700
 3.35   8.59   71.461
 3.35   5.00    0.711    0.035
 3.35   5.00    0.745   71.555
 3.35   5.00    0.706    0.480   0.745   0.417
 3.35   5.00    0.708    0.454   0.745   0.391

 3.36   0.00    0.413    0.387   0.101   0.042   0.083   0.020   0.147   0.020   0.000   0.000   0.000 209556400
 3.36   8.57   71.403
 3.36   5.00    0.710    0.035
 3.36   5.00    0.744   71.487
 3.36   5.00    0.705    0.479   0.744   0.416
 3.36   5.00    0.707    0.453   0.744   0.390

 3.37   0.00    0.411    0.386   0.101   0.042   0.082   0.020   0.146   0.020   0.000   0.000   0.000 210180100
 3.37   8.56   71.346
 3.37   5.00    0.709    0.035
 3.37   5.00    0.743   71.420
 3.37   5.00    0.704    0.478   0.743   0.415
 3.37   5.00    0.706    0.452   0.743   0.389

 3.38   0.00    0.410    0.385   0.101   0.042   0.082   0.020   0.146   0.020   0.000   0.000   0.000 210803800
 3.38   8.54   71.289
 3.38   5.00    0.707    0.035
 3.38   5.00    0.742   71.352
 3.38   5.00    0.703    0.477   0.742   0.413
 3.38   5.00    0.705    0.451   0.742   0.388

 3.39   0.00    0.409    0.384   0.100   0.042   0.082   0.020   0.145   0.019   0.000   0.000   0.000 211427500
 3.39   8.52   71.233
 3.39   5.00    0.706    0.035
 3.39   5.00    0.741   71.286
 3.39   5.00    0.702    0.475   0.741   0.412
 3.39   5.00    0.705    0.450   0.741   0.387

 3.40   0.00    0.408    0.383   0.100   0.042   0.082   0.020   0.145   0.019   0.000   0.000   0.000 212051100
 3.40   8.50   71.176
 3.40   5.00    0.705    0.035
 3.40   5.00    0.740   71.219
 3.40   5.00    0.701    0.474   0.740   0.411
 3.40   5.00    0.704    0.449   0.740   0.386

 3.41   0.00    0.407    0.382   0.100   0.042   0.081   0.020   0.144   0.019   0.000   0.000   0.000 212674800
 3.41   8.49   71.120
 3.41   5.00    0.704    0.035
 3.41   5.00    0.739   71.153
 3.41   5.00    0.700    0.473   0.739   0.410
 3.41   5.00    0.703    0.447   0.739   0.385

 3.42   0.00    0.406    0.381   0.100   0.042   0.081   0.020   0.144   0.019   0.000   0.000   0.000 213298500
 3.42   8.47   71.064
 3.42   5.00    0.703    0.035
 3.42   5.00    0.738   71.087
 3.42   5.00    0.700    0.472   0.738   0.409
 3.42   5.00    0.702    0.446   0.738   0.384

 3.43   0.00    0.405    0.380   0.100   0.042   0.081   0.020   0.143   0.019   0.000   0.000   0.000 213922200
 3.43   8.45   71.008
 3.43   5.00    0.702    0.035
 3.43   5.00    0.737   71.021
 3.43   5.00    0.699    0.470   0.737   0.408
 3.43   5.00    0.701    0.445   0.737   0.382

 3.44   0.00    0.404    0.379   0.099   0.042   0.080   0.020   0.143   0.019   0.000   0.000   0.000 214545900
 3.44   8.44   70.952
 3.44   5.00    0.702    0.035
 3.44   5.00    0.736   70.955
 3.44   5.00    0.698    0.469   0.736   0.407
 3.44   5.00    0.700    0.444   0.736   0.381

 3.45   0.00    0.403    0.378   0.099   0.042   0.080   0.020   0.142   0.019   0.000   0.000   0.000 215169500
 3.45   8.42   70.891
 3.45   5.00    0.701    0.035
 3.45   5.00    0.735   70.884
 3.45   5.00    0.697    0.468   0.735   0.406
 3.45   5.00    0.699    0.443   0.735   0.380

 3.46   0.00    0.401    0.377   0.099   0.042   0.080   0.020   0.142   0.019   0.000   0.000   0.000 215793200
 3.46   8.41   70.831
 3.46   5.00    0.700    0.035
 3.46   5.00    0.734   70.814
 3.46   5.00    0.696    0.467   0.734   0.405
 3.46   5.00    0.698    0.442   0.734   0.379

 3.47   0.00    0.400    0.376   0.099   0.042   0.080   0.020   0.141   0.019   0.000   0.000   0.000 216416900
 3.47   8.39   70.771
 3.47   5.00    0.699    0.035
 3.47   5.00    0.733   70.745
 3.47   5.00    0.695    0.466   0.733   0.403
 3.47   5.00    0.698    0.441   0.733   0.378

 3.48   0.00    0.399    0.375   0.098   0.042   0.079   0.020   0.141   0.019   0.000   0.000   0.000 217040600
 3.48   8.37   70.711
 3.48   5.00    0.698    0.035
 3.48   5.00    0.733   70.675
 3.48   5.00    0.695    0.465   0.733   0.402
 3.48   5.00    0.697    0.440   0.733   0.377

 3.49   0.00    0.398    0.374   0.098   0.042   0.079   0.019   0.141   0.019   0.000   0.000   0.000 217664300
 3.49   8.36   70.652
 3.49   5.00    0.697    0.035
 3.49   5.00    0.732   70.606
 3.49   5.00    0.694    0.464   0.732   0.401
 3.49   5.00    0.696    0.439   0.732   0.377

 3.50   0.00    0.397    0.373   0.098   0.042   0.079   0.019   0.140   0.019   0.000   0.000   0.000 218287900
 3.50   8.34   70.592
 3.50   5.00    0.696    0.035
 3.50   5.00    0.731   70.537
 3.50   5.00    0.693    0.462   0.731   0.400
 3.50   5.00    0.695    0.438   0.731   0.376

 3.51   0.00    0.396    0.372   0.098   0.042   0.078   0.019   0.140   0.019   0.000   0.000   0.000 218911600
 3.51   8.33   70.533
 3.51   5.00    0.695    0.035
 3.51   5.00    0.730   70.468
 3.51   5.00    0.692    0.461   0.730   0.399
 3.51   5.00    0.694    0.437   0.730   0.375

 3.52   0.00    0.395    0.371   0.097   0.042   0.078   0.019   0.139   0.019   0.000   0.000   0.000 219535300
 3.52   8.31   70.474
 3.52   5.00    0.694    0.035
 3.52   5.00    0.729   70.399
 3.52   5.00    0.692    0.460   0.729   0.398
 3.52   5.00    0.694    0.436   0.729   0.374

 3.53   0.00    0.394    0.370   0.097   0.042   0.078   0.019   0.139   0.019   0.000   0.000   0.000 220159000
 3.53   8.30   70.415
 3.53   5.00    0.694    0.035
 3.53   5.00    0.728   70.331
 3.53   5.00    0.691    0.459   0.728   0.397
 3.53   5.00    0.693    0.435   0.728   0.373

 3.54   0.00    0.393    0.369   0.097   0.042   0.078   0.019   0.138   0.019   0.000   0.000   0.000 220782600
 3.54   8.28   70.356
 3.54   5.00    0.693    0.035
 3.54   5.00    0.727   70.263
 3.54   5.00    0.690    0.458   0.727   0.396
 3.54   5.00    0.692    0.434   0.727   0.372

 3.55   0.00    0.392    0.368   0.097   0.042   0.077   0.019   0.138   0.019   0.000   0.000   0.000 221406300
 3.55   8.27   70.297
 3.55   5.00    0.692    0.035
 3.55   5.00    0.727   70.195
 3.55   5.00    0.689    0.457   0.727   0.395
 3.55   5.00    0.691    0.433   0.727   0.371

 3.56   0.00    0.391    0.367   0.097   0.042   0.077   0.019   0.138   0.019   0.000   0.000   0.000 222030000
 3.56   8.25   70.239
 3.56   5.00    0.691    0.035
 3.56   5.00    0.726   70.128
 3.56   5.00    0.689    0.456   0.726   0.394
 3.56   5.00    0.691    0.432   0.726   0.370

 3.57   0.00    0.390    0.366   0.096   0.042   0.077   0.019   0.137   0.019   0.000   0.000   0.000 222653700
 3.57   8.24   70.181
 3.57   5.00    0.690    0.035
 3.57   5.00    0.725   70.060
 3.57   5.00    0.688    0.455   0.725   0.393
 3.57   5.00    0.690    0.431   0.725   0.369

 3.58   0.00    0.389    0.365   0.096   0.042   0.076   0.019   0.137   0.019   0.000   0.000   0.000 223277400
 3.58   8.22   70.123
 3.58   5.00    0.689    0.035
 3.58   5.00    0.724   69.993
 3.58   5.00    0.687    0.453   0.724   0.392
 3.58   5.00    0.689    0.430   0.724   0.368

 3.59   0.00    0.388    0.364   0.096   0.042   0.076   0.019   0.136   0.019   0.000   0.000   0.000 223901000
 3.59   8.21   70.059
 3.59   5.00    0.689    0.035
 3.59   5.00    0.723   69.926
 3.59   5.00    0.686    0.452   0.723   0.391
 3.59   5.00    0.689    0.429   0.723   0.367

 3.60   0.00    0.387    0.363   0.096   0.042   0.076   0.019   0.136   0.019   0.000   0.000   0.000 224524700
 3.60   8.20   69.992
 3.60   5.00    0.688    0.035
 3.60   5.00    0.722   69.860
 3.60   5.00    0.686    0.451   0.722   0.390
 3.60   5.00    0.688    0.428   0.722   0.366

 3.61   0.00    0.386    0.362   0.095   0.042   0.076   0.019   0.136   0.019   0.000   0.000   0.000 225148400
 3.61   8.19   69.925
 3.61   5.00    0.687    0.035
 3.61   5.00    0.722   69.793
 3.61   5.00    0.685    0.450   0.722   0.389
 3.61   5.00    0.687    0.427   0.722   0.365

 3.62   0.00    0.385    0.361   0.095   0.042   0.075   0.019   0.135   0.018   0.000   0.000   0.000 225772100
 3.62   8.18   69.859
 3.62   5.00    0.686    0.035
 3.62   5.00    0.721   69.727
 3.62   5.00    0.684    0.449   0.721   0.388
 3.62   5.00    0.686    0.426   0.721   0.364

 3.63   0.00    0.384    0.361   0.095   0.042   0.075   0.019   0.135   0.018   0.000   0.000   0.000 226395800
 3.63   8.17   69.792
 3.63   5.00    0.686    0.035
 3.63   5.00    0.720   69.661
 3.63   5.00    0.684    0.448   0.720   0.387
 3.63   5.00    0.686    0.425   0.720   0.363

 3.64   0.00    0.383    0.360   0.095   0.042   0.075   0.019   0.134   0.018   0.000   0.000   0.000 227019500
 3.64   8.16   69.726
 3.64   5.00    0.685    0.035
 3.64   5.00    0.719   69.596
 3.64   5.00    0.683    0.447   0.719   0.386
 3.64   5.00    0.685    0.424   0.719   0.362

 3.65   0.00    0.382    0.359   0.094   0.042   0.075   0.019   0.134   0.018   0.000   0.000   0.000 227643100
 3.65   8.15   69.660
 3.65   5.00    0.684    0.035
 3.65   5.00    0.719   69.530
 3.65   5.00    0.682    0.446   0.719   0.385
 3.65   5.00    0.684    0.423   0.719   0.362

 3.66   0.00    0.381    0.358   0.094   0.042   0.074   0.019   0.134   0.018   0.000   0.000   0.000 228266800
 3.66   8.15   69.595
 3.66   5.00    0.683    0.035
 3.66   5.00    0.718   69.465
 3.66   5.00    0.682    0.445   0.718   0.384
 3.66   5.00    0.684    0.422   0.718   0.361

 3.67   0.00    0.380    0.357   0.094   0.042   0.074   0.019   0.133   0.018   0.000   0.000   0.000 228890500
 3.67   8.14   69.529
 3.67   5.00    0.682    0.035
 3.67   5.00    0.717   69.400
 3.67   5.00    0.681    0.444   0.717   0.383
 3.67   5.00    0.683    0.421   0.717   0.360

 3.68   0.00    0.379    0.356   0.094   0.042   0.074   0.019   0.133   0.018   0.000   0.000   0.000 229514200
 3.68   8.13   69.464
 3.68   5.00    0.682    0.035
 3.68   5.00    0.716   69.335
 3.68   5.00    0.680    0.443   0.716   0.382
 3.68   5.00    0.682    0.420   0.716   0.359

 3.69   0.00    0.378    0.355   0.094   0.042   0.074   0.019   0.132   0.018   0.000   0.000   0.000 230137900
 3.69   8.12   69.399
 3.69   5.00    0.681    0.035
 3.69   5.00    0.716   69.271
 3.69   5.00    0.680    0.442   0.716   0.381
 3.69   5.00    0.682    0.419   0.716   0.358

 3.70   0.00    0.377    0.354   0.093   0.042   0.073   0.019   0.132   0.018   0.000   0.000   0.000 230761500
 3.70   8.11   69.334
 3.70   5.00    0.680    0.035
 3.70   5.00    0.715   69.207
 3.70   5.00    0.679    0.441   0.715   0.380
 3.70   5.00    0.681    0.418   0.715   0.357

 3.71   0.00    0.376    0.354   0.093   0.042   0.073   0.018   0.132   0.018   0.000   0.000   0.000 231385200
 3.71   8.10   69.270
 3.71   5.00    0.679    0.035
 3.71   5.00    0.714   69.143
 3.71   5.00    0.678    0.440   0.714   0.379
 3.71   5.00    0.680    0.417   0.714   0.356

 3.72   0.00    0.375    0.353   0.093   0.042   0.073   0.018   0.131   0.018   0.000   0.000   0.000 232008900
 3.72   8.10   69.206
 3.72   5.00    0.679    0.035
 3.72   5.00    0.713   69.079
 3.72   5.00    0.678    0.439   0.713   0.378
 3.72   5.00    0.680    0.416   0.713   0.355

 3.73   0.00    0.374    0.352   0.093   0.042   0.073   0.018   0.131   0.018   0.000   0.000   0.000 232632600
 3.73   8.09   69.142
 3.73   5.00    0.678    0.035
 3.73   5.00    0.713   69.016
 3.73   5.00    0.677    0.438   0.713   0.377
 3.73   5.00    0.679    0.415   0.713   0.355

 3.74   0.00    0.373    0.351   0.093   0.042   0.072   0.018   0.130   0.018   0.000   0.000   0.000 233256200
 3.74   8.08   69.078
 3.74   5.00    0.677    0.035
 3.74   5.00    0.712   68.953
 3.74   5.00    0.676    0.437   0.712   0.376
 3.74   5.00    0.678    0.414   0.712   0.354

 3.75   0.00    0.372    0.350   0.092   0.042   0.072   0.018   0.130   0.018   0.000   0.000   0.000 233879900
 3.75   8.07   69.015
 3.75   5.00    0.677    0.035
 3.75   5.00    0.711   68.890
 3.75   5.00    0.676    0.436   0.711   0.375
 3.75   5.00    0.678    0.414   0.711   0.353

 3.76   0.00    0.371    0.349   0.092   0.042   0.072   0.018   0.130   0.018   0.000   0.000   0.000 234503600
 3.76   8.06   68.952
 3.76   5.00    0.676    0.035
 3.76   5.00    0.711   68.827
 3.76   5.00    0.675    0.435   0.711   0.374
 3.76   5.00    0.677    0.413   0.711   0.352

 3.77   0.00    0.370    0.349   0.092   0.042   0.072   0.018   0.129   0.018   0.000   0.000   0.000 235127300
 3.77   8.06   68.889
 3.77   5.00    0.675    0.035
 3.77   5.00    0.710   68.764
 3.77   5.00    0.675    0.434   0.710   0.373
 3.77   5.00    0.677    0.412   0.710   0.351

 3.78   0.00    0.370    0.348   0.092   0.042   0.071   0.018   0.129   0.018   0.000   0.000   0.000 235751000
 3.78   8.05   68.826
 3.78   5.00    0.675    0.035
 3.78   5.00    0.709   68.702
 3.78   5.00    0.674    0.433   0.709   0.372
 3.78   5.00    0.676    0.411   0.709   0.350

 3.79   0.00    0.369    0.347   0.091   0.042   0.071   0.018   0.129   0.018   0.000   0.000   0.000 236374600
 3.79   8.04   68.764
 3.79   5.00    0.674    0.035
 3.79   5.00    0.708   68.640
 3.79   5.00    0.673    0.432   0.708   0.371
 3.79   5.00    0.675    0.410   0.708   0.350

 3.80   0.00    0.368    0.346   0.091   0.042   0.071   0.018   0.128   0.018   0.000   0.000   0.000 236998300
 3.80   8.03   68.701
 3.80   5.00    0.673    0.035
 3.80   5.00    0.708   68.579
 3.80   5.00    0.673    0.431   0.708   0.371
 3.80   5.00    0.675    0.409   0.708   0.349

 3.81   0.00    0.367    0.345   0.091   0.041   0.071   0.018   0.128   0.018   0.000   0.000   0.000 237622000
 3.81   8.02   68.639
 3.81   5.00    0.673    0.035
 3.81   5.00    0.707   68.517
 3.81   5.00    0.672    0.430   0.707   0.370
 3.81   5.00    0.674    0.408   0.707   0.348

 3.82   0.00    0.366    0.344   0.091   0.041   0.070   0.018   0.127   0.018   0.000   0.000   0.000 238245700
 3.82   8.02   68.578
 3.82   5.00    0.672    0.035
 3.82   5.00    0.706   68.456
 3.82   5.00    0.672    0.429   0.706   0.369
 3.82   5.00    0.674    0.407   0.706   0.347

 3.83   0.00    0.365    0.344   0.091   0.041   0.070   0.018   0.127   0.018   0.000   0.000   0.000 238869400
 3.83   8.01   68.516
 3.83   5.00    0.671    0.035
 3.83   5.00    0.706   68.395
 3.83   5.00    0.671    0.428   0.706   0.368
 3.83   5.00    0.673    0.406   0.706   0.346

 3.84   0.00    0.364    0.343   0.090   0.041   0.070   0.018   0.127   0.018   0.000   0.000   0.000 239493000
 3.84   8.00   68.455
 3.84   5.00    0.671    0.035
 3.84   5.00    0.705   68.334
 3.84   5.00    0.670    0.427   0.705   0.367
 3.84   5.00    0.672    0.406   0.705   0.345

 3.85   0.00    0.363    0.342   0.090   0.041   0.070   0.018   0.126   0.017   0.000   0.000   0.000 240116700
 3.85   7.99   68.394
 3.85   5.00    0.670    0.035
 3.85   5.00    0.705   68.274
 3.85   5.00    0.670    0.426   0.705   0.366
 3.85   5.00    0.672    0.405   0.705   0.345

 3.86   0.00    0.362    0.341   0.090   0.041   0.070   0.018   0.126   0.017   0.000   0.000   0.000 240740400
 3.86   7.99   68.334
 3.86   5.00    0.669    0.035
 3.86   5.00    0.704   68.214
 3.86   5.00    0.669    0.425   0.704   0.365
 3.86   5.00    0.671    0.404   0.704   0.344

 3.87   0.00    0.361    0.340   0.090   0.041   0.069   0.018   0.126   0.017   0.000   0.000   0.000 241364100
 3.87   7.98   68.273
 3.87   5.00    0.669    0.035
 3.87   5.00    0.703   68.154
 3.87   5.00    0.669    0.424   0.703   0.364
 3.87   5.00    0.671    0.403   0.703   0.343

 3.88   0.00    0.361    0.340   0.090   0.041   0.069   0.018   0.125   0.017   0.000   0.000   0.000 241987800
 3.88   7.97   68.213
 3.88   5.00    0.668    0.035
 3.88   5.00    0.703   68.094
 3.88   5.00    0.668    0.423   0.703   0.363
 3.88   5.00    0.670    0.402   0.703   0.342

 3.89   0.00    0.360    0.339   0.089   0.041   0.069   0.018   0.125   0.017   0.000   0.000   0.000 242611500
 3.89   7.97   68.153
 3.89   5.00    0.667    0.035
 3.89   5.00    0.702   68.035
 3.89   5.00    0.668    0.422   0.702   0.362
 3.89   5.00    0.670    0.401   0.702   0.341

 3.90   0.00    0.359    0.338   0.089   0.041   0.069   0.018   0.125   0.017   0.000   0.000   0.000 243235100
 3.90   7.96   68.093
 3.90   5.00    0.667    0.035
 3.90   5.00    0.701   67.975
 3.90   5.00    0.667    0.421   0.701   0.362
 3.90   5.00    0.669    0.400   0.701   0.341

 3.91   0.00    0.358    0.337   0.089   0.041   0.068   0.018   0.124   0.017   0.000   0.000   0.000 243858800
 3.91   7.95   68.034
 3.91   5.00    0.666    0.035
 3.91   5.00    0.701   67.916
 3.91   5.00    0.667    0.420   0.701   0.361
 3.91   5.00    0.668    0.400   0.701   0.340

 3.92   0.00    0.357    0.336   0.089   0.041   0.068   0.018   0.124   0.017   0.000   0.000   0.000 244482500
 3.92   7.94   67.975
 3.92   5.00    0.666    0.035
 3.92   5.00    0.700   67.858
 3.92   5.00    0.666    0.420   0.700   0.360
 3.92   5.00    0.668    0.399   0.700   0.339

 3.93   0.00    0.356    0.336   0.089   0.041   0.068   0.018   0.124   0.017   0.000   0.000   0.000 245106200
 3.93   7.94   67.916
 3.93   5.00    0.665    0.035
 3.93   5.00    0.700   67.799
 3.93   5.00    0.666    0.419   0.700   0.359
 3.93   5.00    0.667    0.398   0.700   0.338

 3.94   0.00    0.355    0.335   0.088   0.041   0.068   0.018   0.123   0.017   0.000   0.000   0.000 245729800
 3.94   7.93   67.857
 3.94   5.00    0.664    0.035
 3.94   5.00    0.699   67.741
 3.94   5.00    0.665    0.418   0.699   0.358
 3.94   5.00    0.667    0.397   0.699   0.337

 3.95   0.00    0.355    0.334   0.088   0.041   0.068   0.017   0.123   0.017   0.000   0.000   0.000 246353500
 3.95   7.92   67.799
 3.95   5.00    0.664    0.035
 3.95   5.00    0.698   67.683
 3.95   5.00    0.665    0.417   0.698   0.357
 3.95   5.00    0.666    0.396   0.698   0.337

 3.96   0.00    0.354    0.333   0.088   0.041   0.067   0.017   0.123   0.017   0.000   0.000   0.000 246977200
 3.96   7.92   67.740
 3.96   5.00    0.663    0.035
 3.96   5.00    0.698   67.625
 3.96   5.00    0.664    0.416   0.698   0.356
 3.96   5.00    0.666    0.395   0.698   0.336

 3.97   0.00    0.353    0.332   0.088   0.041   0.067   0.017   0.122   0.017   0.000   0.000   0.000 247600900
 3.97   7.91   67.682
 3.97   5.00    0.663    0.035
 3.97   5.00    0.697   67.568
 3.97   5.00    0.664    0.415   0.697   0.356
 3.97   5.00    0.665    0.394   0.697   0.335

 3.98   0.00    0.352    0.332   0.088   0.041   0.067   0.017   0.122   0.017   0.000   0.000   0.000 248224600
 3.98   7.90   67.625
 3.98   5.00    0.662    0.035
 3.98   5.00    0.697   67.511
 3.98   5.00    0.663    0.414   0.697   0.355
 3.98   5.00    0.665    0.394   0.697   0.334

 3.99   0.00    0.351    0.331   0.087   0.041   0.067   0.017   0.122   0.017   0.000   0.000   0.000 248848200
 3.99   7.90   67.567
 3.99   5.00    0.661    0.035
 3.99   5.00    0.696   67.454
 3.99   5.00    0.663    0.413   0.696   0.354
 3.99   5.00    0.664    0.393   0.696   0.333

 4.00   0.00    0.350    0.330   0.087   0.041   0.067   0.017   0.121   0.017   0.000   0.000   0.000 249471900
 4.00   7.89   67.510
 4.00   5.00    0.661    0.035
 4.00   5.00    0.696   67.397
 4.00   5.00    0.662    0.412   0.696   0.353
 4.00   5.00    0.664    0.392   0.696   0.333

 4.01   0.00    0.350    0.329   0.087   0.041   0.066   0.017   0.121   0.017   0.000   0.000   0.000 250095600
 4.01   7.88   67.453
 4.01   5.00    0.660    0.035
 4.01   5.00    0.695   67.341
 4.01   5.00    0.662    0.412   0.695   0.352
 4.01   5.00    0.663    0.391   0.695   0.332

 4.02   0.00    0.349    0.329   0.087   0.041   0.066   0.017   0.121   0.017   0.000   0.000   0.000 250719300
 4.02   7.88   67.396
 4.02   5.00    0.660    0.035
 4.02   5.00    0.694   67.284
 4.02   5.00    0.661    0.411   0.694   0.351
 4.02   5.00    0.663    0.390   0.694   0.331

 4.03   0.00    0.348    0.328   0.087   0.041   0.066   0.017   0.120   0.017   0.000   0.000   0.000 251343000
 4.03   7.87   67.340
 4.03   5.00    0.659    0.035
 4.03   5.00    0.694   67.228
 4.03   5.00    0.661    0.410   0.694   0.351
 4.03   5.00    0.662    0.390   0.694   0.330

 4.04   0.00    0.347    0.327   0.086   0.041   0.066   0.017   0.120   0.017   0.000   0.000   0.000 251966600
 4.04   7.87   67.284
 4.04   5.00    0.659    0.035
 4.04   5.00    0.693   67.173
 4.04   5.00    0.660    0.409   0.693   0.350
 4.04   5.00    0.662    0.389   0.693   0.330

 4.05   0.00    0.346    0.326   0.086   0.041   0.065   0.017   0.120   0.017   0.000   0.000   0.000 252590300
 4.05   7.86   67.228
 4.05   5.00    0.658    0.035
 4.05   5.00    0.693   67.117
 4.05   5.00    0.660    0.408   0.693   0.349
 4.05   5.00    0.661    0.388   0.693   0.329

 4.06   0.00    0.346    0.326   0.086   0.041   0.065   0.017   0.119   0.017   0.000   0.000   0.000 253214000
 4.06   7.85   67.172
 4.06   5.00    0.658    0.035
 4.06   5.00    0.692   67.062
 4.06   5.00    0.659    0.407   0.692   0.348
 4.06   5.00    0.661    0.387   0.692   0.328

 4.07   0.00    0.345    0.325   0.086   0.041   0.065   0.017   0.119   0.017   0.000   0.000   0.000 253837700
 4.07   7.85   67.117
 4.07   5.00    0.657    0.035
 4.07   5.00    0.692   67.007
 4.07   5.00    0.659    0.406   0.692   0.347
 4.07   5.00    0.661    0.386   0.692   0.327

 4.08   0.00    0.344    0.324   0.086   0.041   0.065   0.017   0.119   0.017   0.000   0.000   0.000 254461400
 4.08   7.84   67.062
 4.08   5.00    0.657    0.035
 4.08   5.00    0.691   66.952
 4.08   5.00    0.658    0.406   0.691   0.347
 4.08   5.00    0.660    0.386   0.691   0.327

 4.09   0.00    0.343    0.323   0.085   0.041   0.065   0.017   0.119   0.017   0.000   0.000   0.000 255085000
 4.09   7.84   67.007
 4.09   5.00    0.656    0.035
 4.09   5.00    0.691   66.898
 4.09   5.00    0.658    0.405   0.691   0.346
 4.09   5.00    0.660    0.385   0.691   0.326

 4.10   0.00    0.342    0.323   0.085   0.041   0.064   0.017   0.118   0.017   0.000   0.000   0.000 255708700
 4.10   7.83   66.952
 4.10   5.00    0.656    0.035
 4.10   5.00    0.690   66.844
 4.10   5.00    0.657    0.404   0.690   0.345
 4.10   5.00    0.659    0.384   0.690   0.325

 4.11   0.00    0.342    0.322   0.085   0.041   0.064   0.017   0.118   0.016   0.000   0.000   0.000 256332400
 4.11   7.82   66.897
 4.11   5.00    0.655    0.035
 4.11   5.00    0.690   66.790
 4.11   5.00    0.657    0.403   0.690   0.344
 4.11   5.00    0.659    0.383   0.690   0.324

 4.12   0.00    0.341    0.321   0.085   0.041   0.064   0.017   0.118   0.016   0.000   0.000   0.000 256956100
 4.12   7.82   66.843
 4.12   5.00    0.655    0.035
 4.12   5.00    0.689   66.736
 4.12   5.00    0.657    0.402   0.689   0.343
 4.12   5.00    0.658    0.383   0.689   0.324

 4.13   0.00    0.340    0.321   0.085   0.041   0.064   0.017   0.117   0.016   0.000   0.000   0.000 257579800
 4.13   7.81   66.789
 4.13   5.00    0.654    0.035
 4.13   5.00    0.689   66.682
 4.13   5.00    0.656    0.401   0.689   0.343
 4.13   5.00    0.658    0.382   0.689   0.323

 4.14   0.00    0.339    0.320   0.084   0.041   0.064   0.017   0.117   0.016   0.000   0.000   0.000 258203400
 4.14   7.81   66.736
 4.14   5.00    0.654    0.035
 4.14   5.00    0.688   66.629
 4.14   5.00    0.656    0.401   0.688   0.342
 4.14   5.00    0.657    0.381   0.688   0.322

 4.15   0.00    0.338    0.319   0.084   0.041   0.063   0.017   0.117   0.016   0.000   0.000   0.000 258827100
 4.15   7.80   66.682
 4.15   5.00    0.653    0.035
 4.15   5.00    0.688   66.576
 4.15   5.00    0.655    0.400   0.688   0.341
 4.15   5.00    0.657    0.380   0.688   0.322

 4.16   0.00    0.338    0.318   0.084   0.041   0.063   0.017   0.116   0.016   0.000   0.000   0.000 259450800
 4.16   7.80   66.629
 4.16   5.00    0.653    0.035
 4.16   5.00    0.687   66.523
 4.16   5.00    0.655    0.399   0.687   0.340
 4.16   5.00    0.657    0.379   0.687   0.321

 4.17   0.00    0.337    0.318   0.084   0.041   0.063   0.017   0.116   0.016   0.000   0.000   0.000 260074500
 4.17   7.79   66.576
 4.17   5.00    0.652    0.035
 4.17   5.00    0.687   66.471
 4.17   5.00    0.655    0.398   0.687   0.340
 4.17   5.00    0.656    0.379   0.687   0.320

 4.18   0.00    0.336    0.317   0.084   0.041   0.063   0.017   0.116   0.016   0.000   0.000   0.000 260698100
 4.18   7.78   66.523
 4.18   5.00    0.652    0.035
 4.18   5.00    0.686   66.419
 4.18   5.00    0.654    0.397   0.686   0.339
 4.18   5.00    0.656    0.378   0.686   0.319

 4.19   0.00    0.335    0.316   0.084   0.041   0.063   0.017   0.116   0.016   0.000   0.000   0.000 261321800
 4.19   7.78   66.471
 4.19   5.00    0.651    0.035
 4.19   5.00    0.686   66.367
 4.19   5.00    0.654    0.396   0.686   0.338
 4.19   5.00    0.655    0.377   0.686   0.319

 4.20   0.00    0.335    0.316   0.083   0.041   0.063   0.017   0.115   0.016   0.000   0.000   0.000 261945500
 4.20   7.77   66.419
 4.20   5.00    0.651    0.035
 4.20   5.00    0.685   66.315
 4.20   5.00    0.653    0.396   0.685   0.337
 4.20   5.00    0.655    0.377   0.685   0.318

 4.21   0.00    0.334    0.315   0.083   0.041   0.062   0.016   0.115   0.016   0.000   0.000   0.000 262569200
 4.21   7.77   66.367
 4.21   5.00    0.650    0.035
 4.21   5.00    0.685   66.263
 4.21   5.00    0.653    0.395   0.685   0.336
 4.21   5.00    0.655    0.376   0.685   0.317

 4.22   0.00    0.333    0.314   0.083   0.041   0.062   0.016   0.115   0.016   0.000   0.000   0.000 263192900
 4.22   7.76   66.315
 4.22   5.00    0.650    0.035
 4.22   5.00    0.684   66.212
 4.22   5.00    0.653    0.394   0.684   0.336
 4.22   5.00    0.654    0.375   0.684   0.317

 4.23   0.00    0.332    0.314   0.083   0.041   0.062   0.016   0.114   0.016   0.000   0.000   0.000 263816600
 4.23   7.76   66.267
 4.23   5.00    0.649    0.035
 4.23   5.00    0.684   66.164
 4.23   5.00    0.652    0.393   0.684   0.335
 4.23   5.00    0.654    0.374   0.684   0.316

 4.24   0.00    0.332    0.313   0.083   0.041   0.062   0.016   0.114   0.016   0.000   0.000   0.000 264440200
 4.24   7.75   66.238
 4.24   5.00    0.648    0.035
 4.24   5.00    0.683   66.135
 4.24   5.00    0.651    0.392   0.683   0.334
 4.24   5.00    0.653    0.374   0.683   0.315

 4.25   0.00    0.331    0.312   0.082   0.041   0.062   0.016   0.114   0.016   0.000   0.000   0.000 265063900
 4.25   7.73   66.209
 4.25   5.00    0.647    0.035
 4.25   5.00    0.682   66.107
 4.25   5.00    0.650    0.392   0.682   0.333
 4.25   5.00    0.652    0.373   0.682   0.315

 4.26   0.00    0.330    0.311   0.082   0.041   0.061   0.016   0.114   0.016   0.000   0.000   0.000 265687600
 4.26   7.72   66.180
 4.26   5.00    0.646    0.035
 4.26   5.00    0.681   66.078
 4.26   5.00    0.649    0.391   0.681   0.333
 4.26   5.00    0.651    0.372   0.681   0.314

 4.27   0.00    0.329    0.311   0.082   0.041   0.061   0.016   0.113   0.016   0.000   0.000   0.000 266311300
 4.27   7.71   66.151
 4.27   5.00    0.645    0.035
 4.27   5.00    0.680   66.049
 4.27   5.00    0.648    0.390   0.680   0.332
 4.27   5.00    0.650    0.371   0.680   0.313

 4.28   0.00    0.329    0.310   0.082   0.041   0.061   0.016   0.113   0.016   0.000   0.000   0.000 266935000
 4.28   7.70   66.122
 4.28   5.00    0.644    0.035
 4.28   5.00    0.679   66.020
 4.28   5.00    0.647    0.389   0.679   0.331
 4.28   5.00    0.649    0.370   0.679   0.313

 4.29   0.00    0.328    0.309   0.082   0.041   0.061   0.016   0.113   0.016   0.000   0.000   0.000 267558600
 4.29   7.69   66.093
 4.29   5.00    0.643    0.035
 4.29   5.00    0.678   65.991
 4.29   5.00    0.646    0.388   0.678   0.331
 4.29   5.00    0.648    0.370   0.678   0.312

 4.30   0.00    0.327    0.309   0.082   0.041   0.061   0.016   0.112   0.016   0.000   0.000   0.000 268182300
 4.30   7.68   66.064
 4.30   5.00    0.642    0.035
 4.30   5.00    0.677   65.963
 4.30   5.00    0.645    0.388   0.677   0.330
 4.30   5.00    0.647    0.369   0.677   0.311

 4.31   0.00    0.327    0.308   0.081   0.041   0.060   0.016   0.112   0.016   0.000   0.000   0.000 268806000
 4.31   7.66   66.035
 4.31   5.00    0.641    0.035
 4.31   5.00    0.676   65.934
 4.31   5.00    0.644    0.387   0.676   0.329
 4.31   5.00    0.646    0.368   0.676   0.311

 4.32   0.00    0.326    0.307   0.081   0.041   0.060   0.016   0.112   0.016   0.000   0.000   0.000 269429700
 4.32   7.65   66.007
 4.32   5.00    0.640    0.035
 4.32   5.00    0.675   65.905
 4.32   5.00    0.643    0.386   0.675   0.328
 4.32   5.00    0.645    0.367   0.675   0.310

 4.33   0.00    0.325    0.307   0.081   0.041   0.060   0.016   0.112   0.016   0.000   0.000   0.000 270053300
 4.33   7.64   65.978
 4.33   5.00    0.639    0.035
 4.33   5.00    0.674   65.877
 4.33   5.00    0.643    0.385   0.674   0.328
 4.33   5.00    0.644    0.367   0.674   0.309

 4.34   0.00    0.324    0.306   0.081   0.041   0.060   0.016   0.111   0.016   0.000   0.000   0.000 270677100
 4.34   7.63   65.949
 4.34   5.00    0.638    0.035
 4.34   5.00    0.673   65.848
 4.34   5.00    0.642    0.384   0.673   0.327
 4.34   5.00    0.643    0.366   0.673   0.309

 4.35   0.00    0.324    0.306   0.081   0.041   0.060   0.016   0.111   0.016   0.000   0.000   0.000 271300700
 4.35   7.62   65.921
 4.35   5.00    0.637    0.035
 4.35   5.00    0.672   65.820
 4.35   5.00    0.641    0.384   0.672   0.326
 4.35   5.00    0.642    0.365   0.672   0.308

 4.36   0.00    0.323    0.305   0.080   0.041   0.060   0.016   0.111   0.016   0.000   0.000   0.000 271924400
 4.36   7.61   65.892
 4.36   5.00    0.636    0.035
 4.36   5.00    0.671   65.791
 4.36   5.00    0.640    0.383   0.671   0.326
 4.36   5.00    0.641    0.365   0.671   0.307

 4.37   0.00    0.322    0.304   0.080   0.041   0.059   0.016   0.110   0.016   0.000   0.000   0.000 272548100
 4.37   7.60   65.863
 4.37   5.00    0.635    0.035
 4.37   5.00    0.670   65.763
 4.37   5.00    0.639    0.382   0.670   0.325
 4.37   5.00    0.640    0.364   0.670   0.307

 4.38   0.00    0.322    0.304   0.080   0.041   0.059   0.016   0.110   0.016   0.000   0.000   0.000 273171700
 4.38   7.58   65.835
 4.38   5.00    0.634    0.035
 4.38   5.00    0.669   65.734
 4.38   5.00    0.638    0.381   0.669   0.324
 4.38   5.00    0.640    0.363   0.669   0.306

 4.39   0.00    0.321    0.303   0.080   0.041   0.059   0.016   0.110   0.016   0.000   0.000   0.000 273795400
 4.39   7.57   65.806
 4.39   5.00    0.633    0.035
 4.39   5.00    0.668   65.706
 4.39   5.00    0.637    0.380   0.668   0.323
 4.39   5.00    0.639    0.362   0.668   0.305

 4.40   0.00    0.320    0.302   0.080   0.041   0.059   0.016   0.110   0.015   0.000   0.000   0.000 274419100
 4.40   7.56   65.777
 4.40   5.00    0.632    0.035
 4.40   5.00    0.667   65.677
 4.40   5.00    0.636    0.380   0.667   0.323
 4.40   5.00    0.638    0.362   0.667   0.305

 4.41   0.00    0.320    0.302   0.080   0.041   0.059   0.016   0.109   0.015   0.000   0.000   0.000 275042800
 4.41   7.55   65.749
 4.41   5.00    0.631    0.035
 4.41   5.00    0.666   65.649
 4.41   5.00    0.635    0.379   0.666   0.322
 4.41   5.00    0.637    0.361   0.666   0.304

 4.42   0.00    0.319    0.301   0.079   0.041   0.059   0.016   0.109   0.015   0.000   0.000   0.000 275666500
 4.42   7.54   65.720
 4.42   5.00    0.630    0.035
 4.42   5.00    0.665   65.621
 4.42   5.00    0.634    0.378   0.665   0.321
 4.42   5.00    0.636    0.360   0.665   0.304

 4.43   0.00    0.318    0.301   0.079   0.041   0.058   0.016   0.109   0.015   0.000   0.000   0.000 276290100
 4.43   7.53   65.692
 4.43   5.00    0.629    0.035
 4.43   5.00    0.664   65.592
 4.43   5.00    0.633    0.377   0.664   0.321
 4.43   5.00    0.635    0.360   0.664   0.303

 4.44   0.00    0.318    0.300   0.079   0.041   0.058   0.016   0.109   0.015   0.000   0.000   0.000 276913800
 4.44   7.52   65.663
 4.44   5.00    0.628    0.035
 4.44   5.00    0.663   65.564
 4.44   5.00    0.633    0.377   0.663   0.320
 4.44   5.00    0.634    0.359   0.663   0.302

 4.45   0.00    0.317    0.299   0.079   0.041   0.058   0.016   0.108   0.015   0.000   0.000   0.000 277537500
 4.45   7.51   65.635
 4.45   5.00    0.627    0.035
 4.45   5.00    0.662   65.536
 4.45   5.00    0.632    0.376   0.662   0.319
 4.45   5.00    0.633    0.358   0.662   0.302

 4.46   0.00    0.316    0.299   0.079   0.041   0.058   0.016   0.108   0.015   0.000   0.000   0.000 278161200
 4.46   7.50   65.607
 4.46   5.00    0.626    0.035
 4.46   5.00    0.661   65.508
 4.46   5.00    0.631    0.375   0.661   0.319
 4.46   5.00    0.632    0.358   0.661   0.301

 4.47   0.00    0.316    0.298   0.079   0.041   0.058   0.016   0.108   0.015   0.000   0.000   0.000 278784900
 4.47   7.49   65.578
 4.47   5.00    0.626    0.035
 4.47   5.00    0.660   65.479
 4.47   5.00    0.630    0.374   0.660   0.318
 4.47   5.00    0.631    0.357   0.660   0.301

 4.48   0.00    0.315    0.298   0.078   0.041   0.058   0.016   0.108   0.015   0.000   0.000   0.000 279408500
 4.48   7.47   65.550
 4.48   5.00    0.625    0.035
 4.48   5.00    0.659   65.451
 4.48   5.00    0.629    0.373   0.659   0.317
 4.48   5.00    0.630    0.356   0.659   0.300

 4.49   0.00    0.314    0.297   0.078   0.041   0.057   0.016   0.107   0.015   0.000   0.000   0.000 280032200
 4.49   7.46   65.522
 4.49   5.00    0.624    0.035
 4.49   5.00    0.658   65.423
 4.49   5.00    0.628    0.373   0.658   0.317
 4.49   5.00    0.630    0.356   0.658   0.299

 4.50   0.00    0.314    0.296   0.078   0.041   0.057   0.015   0.107   0.015   0.000   0.000   0.000 280655900
 4.50   7.45   65.493
 4.50   5.00    0.623    0.035
 4.50   5.00    0.657   65.395
 4.50   5.00    0.627    0.372   0.657   0.316
 4.50   5.00    0.629    0.355   0.657   0.299

 4.51   0.00    0.313    0.296   0.078   0.040   0.057   0.015   0.107   0.015   0.000   0.000   0.000 281279600
 4.51   7.44   65.465
 4.51   5.00    0.622    0.035
 4.51   5.00    0.656   65.367
 4.51   5.00    0.626    0.371   0.656   0.315
 4.51   5.00    0.628    0.354   0.656   0.298

 4.52   0.00    0.312    0.295   0.078   0.040   0.057   0.015   0.107   0.015   0.000   0.000   0.000 281903300
 4.52   7.43   65.437
 4.52   5.00    0.621    0.035
 4.52   5.00    0.655   65.339
 4.52   5.00    0.625    0.371   0.655   0.315
 4.52   5.00    0.627    0.354   0.655   0.298

 4.53   0.00    0.312    0.295   0.078   0.040   0.057   0.015   0.106   0.015   0.000   0.000   0.000 282527000
 4.53   7.42   65.409
 4.53   5.00    0.620    0.035
 4.53   5.00    0.654   65.311
 4.53   5.00    0.625    0.370   0.654   0.314
 4.53   5.00    0.626    0.353   0.654   0.297

 4.54   0.00    0.311    0.294   0.077   0.040   0.057   0.015   0.106   0.015   0.000   0.000   0.000 283150600
 4.54   7.41   65.381
 4.54   5.00    0.619    0.035
 4.54   5.00    0.654   65.283
 4.54   5.00    0.624    0.369   0.654   0.313
 4.54   5.00    0.625    0.352   0.654   0.296

 4.55   0.00    0.310    0.294   0.077   0.040   0.056   0.015   0.106   0.015   0.000   0.000   0.000 283774300
 4.55   7.40   65.352
 4.55   5.00    0.618    0.035
 4.55   5.00    0.653   65.255
 4.55   5.00    0.623    0.368   0.653   0.313
 4.55   5.00    0.624    0.352   0.653   0.296

 4.56   0.00    0.310    0.293   0.077   0.040   0.056   0.015   0.106   0.015   0.000   0.000   0.000 284398000
 4.56   7.39   65.324
 4.56   5.00    0.617    0.035
 4.56   5.00    0.652   65.227
 4.56   5.00    0.622    0.368   0.652   0.312
 4.56   5.00    0.623    0.351   0.652   0.295

 4.57   0.00    0.309    0.292   0.077   0.040   0.056   0.015   0.105   0.015   0.000   0.000   0.000 285021700
 4.57   7.38   65.296
 4.57   5.00    0.616    0.035
 4.57   5.00    0.651   65.199
 4.57   5.00    0.621    0.367   0.651   0.311
 4.57   5.00    0.623    0.350   0.651   0.295

 4.58   0.00    0.308    0.292   0.077   0.040   0.056   0.015   0.105   0.015   0.000   0.000   0.000 285645300
 4.58   7.37   65.268
 4.58   5.00    0.615    0.035
 4.58   5.00    0.650   65.171
 4.58   5.00    0.620    0.366   0.650   0.311
 4.58   5.00    0.622    0.350   0.650   0.294

 4.59   0.00    0.308    0.291   0.077   0.040   0.056   0.015   0.105   0.015   0.000   0.000   0.000 286269000
 4.59   7.36   65.240
 4.59   5.00    0.614    0.035
 4.59   5.00    0.649   65.142
 4.59   5.00    0.620    0.365   0.649   0.310
 4.59   5.00    0.621    0.349   0.649   0.294

 4.60   0.00    0.307    0.291   0.076   0.040   0.056   0.015   0.105   0.015   0.000   0.000   0.000 286892700
 4.60   7.35   65.212
 4.60   5.00    0.613    0.036
 4.60   5.00    0.649   65.096
 4.60   5.00    0.620    0.365   0.649   0.309
 4.60   5.00    0.621    0.348   0.649   0.293

 4.61   0.00    0.306    0.290   0.076   0.040   0.055   0.015   0.104   0.015   0.000   0.000   0.000 287516400
 4.61   7.34   65.184
 4.61   5.00    0.613    0.037
 4.61   5.00    0.650   65.050
 4.61   5.00    0.621    0.364   0.650   0.309
 4.61   5.00    0.622    0.348   0.650   0.292

 4.62   0.00    0.306    0.290   0.076   0.040   0.055   0.015   0.104   0.015   0.000   0.000   0.000 288140100
 4.62   7.33   65.156
 4.62   5.00    0.612    0.039
 4.62   5.00    0.650   65.004
 4.62   5.00    0.621    0.364   0.650   0.308
 4.62   5.00    0.622    0.347   0.650   0.292

 4.63   0.00    0.305    0.289   0.076   0.040   0.055   0.015   0.104   0.015   0.000   0.000   0.000 288763700
 4.63   7.32   65.128
 4.63   5.00    0.611    0.040
 4.63   5.00    0.651   64.958
 4.63   5.00    0.622    0.363   0.651   0.307
 4.63   5.00    0.623    0.347   0.651   0.291

 4.64   0.00    0.304    0.289   0.076   0.040   0.055   0.015   0.104   0.015   0.000   0.000   0.000 289387400
 4.64   7.31   65.101
 4.64   5.00    0.610    0.041
 4.64   5.00    0.651   64.912
 4.64   5.00    0.622    0.362   0.651   0.307
 4.64   5.00    0.623    0.346   0.651   0.291

 4.65   0.00    0.304    0.288   0.076   0.040   0.055   0.015   0.104   0.015   0.000   0.000   0.000 290011100
 4.65   7.30   65.073
 4.65   5.00    0.609    0.043
 4.65   5.00    0.652   64.867
 4.65   5.00    0.623    0.362   0.652   0.306
 4.65   5.00    0.624    0.346   0.652   0.290

 4.66   0.00    0.303    0.287   0.075   0.040   0.055   0.015   0.103   0.015   0.000   0.000   0.000 290634800
 4.66   7.29   65.045
 4.66   5.00    0.608    0.044
 4.66   5.00    0.652   64.821
 4.66   5.00    0.623    0.361   0.652   0.306
 4.66   5.00    0.624    0.345   0.652   0.290

 4.67   0.00    0.303    0.287   0.075   0.040   0.054   0.015   0.103   0.015   0.000   0.000   0.000 291258500
 4.67   7.28   65.017
 4.67   5.00    0.607    0.045
 4.67   5.00    0.653   64.776
 4.67   5.00    0.624    0.361   0.653   0.305
 4.67   5.00    0.625    0.345   0.653   0.289

 4.68   0.00    0.302    0.286   0.075   0.040   0.054   0.015   0.103   0.015   0.000   0.000   0.000 291882100
 4.68   7.27   64.989
 4.68   5.00    0.606    0.047
 4.68   5.00    0.653   64.731
 4.68   5.00    0.624    0.360   0.653   0.304
 4.68   5.00    0.625    0.344   0.653   0.289

 4.69   0.00    0.301    0.286   0.075   0.040   0.054   0.015   0.103   0.015   0.000   0.000   0.000 292505800
 4.69   7.26   64.962
 4.69   5.00    0.606    0.048
 4.69   5.00    0.653   64.686
 4.69   5.00    0.625    0.359   0.653   0.304
 4.69   5.00    0.626    0.344   0.653   0.288

 4.70   0.00    0.301    0.285   0.075   0.040   0.054   0.015   0.102   0.015   0.000   0.000   0.000 293129500
 4.70   7.25   64.934
 4.70   5.00    0.605    0.049
 4.70   5.00    0.654   64.642
 4.70   5.00    0.625    0.359   0.654   0.303
 4.70   5.00    0.626    0.343   0.654   0.287

 4.71   0.00    0.300    0.285   0.075   0.040   0.054   0.015   0.102   0.014   0.000   0.000   0.000 293753200
 4.71   7.24   64.906
 4.71   5.00    0.604    0.051
 4.71   5.00    0.654   64.597
 4.71   5.00    0.626    0.358   0.654   0.302
 4.71   5.00    0.627    0.343   0.654   0.287

 4.72   0.00    0.300    0.284   0.074   0.040   0.054   0.015   0.102   0.014   0.000   0.000   0.000 294376900
 4.72   7.23   64.879
 4.72   5.00    0.603    0.052
 4.72   5.00    0.655   64.553
 4.72   5.00    0.626    0.358   0.655   0.302
 4.72   5.00    0.627    0.342   0.655   0.286

 4.73   0.00    0.299    0.284   0.074   0.040   0.054   0.015   0.102   0.014   0.000   0.000   0.000 295000500
 4.73   7.22   64.851
 4.73   5.00    0.602    0.053
 4.73   5.00    0.655   64.509
 4.73   5.00    0.627    0.357   0.655   0.301
 4.73   5.00    0.628    0.342   0.655   0.286

 4.74   0.00    0.298    0.283   0.074   0.040   0.053   0.015   0.101   0.014   0.000   0.000   0.000 295624200
 4.74   7.21   64.824
 4.74   5.00    0.601    0.055
 4.74   5.00    0.656   64.465
 4.74   5.00    0.627    0.357   0.656   0.301
 4.74   5.00    0.628    0.341   0.656   0.285

 4.75   0.00    0.298    0.283   0.074   0.040   0.053   0.015   0.101   0.014   0.000   0.000   0.000 296247900
 4.75   7.20   64.796
 4.75   5.00    0.600    0.056
 4.75   5.00    0.656   64.421
 4.75   5.00    0.628    0.356   0.656   0.300
 4.75   5.00    0.629    0.341   0.656   0.285

 4.76   0.00    0.297    0.282   0.074   0.040   0.053   0.015   0.101   0.014   0.000   0.000   0.000 296871600
 4.76   7.19   64.769
 4.76   5.00    0.599    0.057
 4.76   5.00    0.657   64.377
 4.76   5.00    0.628    0.356   0.657   0.299
 4.76   5.00    0.630    0.340   0.657   0.284

 4.77   0.00    0.297    0.282   0.074   0.040   0.053   0.015   0.101   0.014   0.000   0.000   0.000 297495300
 4.77   7.18   64.741
 4.77   5.00    0.599    0.059
 4.77   5.00    0.657   64.334
 4.77   5.00    0.629    0.355   0.657   0.299
 4.77   5.00    0.630    0.340   0.657   0.284

 4.78   0.00    0.296    0.281   0.074   0.040   0.053   0.015   0.101   0.014   0.000   0.000   0.000 298118900
 4.78   7.17   64.714
 4.78   5.00    0.598    0.060
 4.78   5.00    0.658   64.290
 4.78   5.00    0.629    0.354   0.658   0.298
 4.78   5.00    0.631    0.339   0.658   0.283

 4.79   0.00    0.295    0.280   0.073   0.040   0.053   0.015   0.100   0.014   0.000   0.000   0.000 298742600
 4.79   7.16   64.686
 4.79   5.00    0.597    0.061
 4.79   5.00    0.658   64.247
 4.79   5.00    0.630    0.354   0.658   0.298
 4.79   5.00    0.631    0.339   0.658   0.283

 4.80   0.00    0.295    0.280   0.073   0.040   0.052   0.015   0.100   0.014   0.000   0.000   0.000 299366300
 4.80   7.15   64.659
 4.80   5.00    0.596    0.063
 4.80   5.00    0.659   64.204
 4.80   5.00    0.630    0.353   0.659   0.297
 4.80   5.00    0.632    0.338   0.659   0.282

 4.81   0.00    0.294    0.279   0.073   0.040   0.052   0.015   0.100   0.014   0.000   0.000   0.000 299990000
 4.81   7.14   64.632
 4.81   5.00    0.595    0.064
 4.81   5.00    0.659   64.161
 4.81   5.00    0.631    0.353   0.659   0.296
 4.81   5.00    0.632    0.338   0.659   0.282

 4.82   0.00    0.294    0.279   0.073   0.040   0.052   0.014   0.100   0.014   0.000   0.000   0.000 300613700
 4.82   7.13   64.604
 4.82   5.00    0.594    0.065
 4.82   5.00    0.660   64.119
 4.82   5.00    0.631    0.352   0.660   0.296
 4.82   5.00    0.633    0.337   0.660   0.281

 4.83   0.00    0.293    0.278   0.073   0.040   0.052   0.014   0.099   0.014   0.000   0.000   0.000 301237300
 4.83   7.12   64.577
 4.83   5.00    0.594    0.067
 4.83   5.00    0.660   64.076
 4.83   5.00    0.632    0.352   0.660   0.295
 4.83   5.00    0.633    0.337   0.660   0.281

 4.84   0.00    0.292    0.278   0.073   0.040   0.052   0.014   0.099   0.014   0.000   0.000   0.000 301861000
 4.84   7.11   64.550
 4.84   5.00    0.593    0.068
 4.84   5.00    0.661   64.034
 4.84   5.00    0.633    0.351   0.661   0.295
 4.84   5.00    0.634    0.337   0.661   0.280

 4.85   0.00    0.292    0.277   0.072   0.040   0.052   0.014   0.099   0.014   0.000   0.000   0.000 302484700
 4.85   7.10   64.522
 4.85   5.00    0.592    0.069
 4.85   5.00    0.661   63.992
 4.85   5.00    0.633    0.351   0.661   0.294
 4.85   5.00    0.634    0.336   0.661   0.279

 4.86   0.00    0.291    0.277   0.072   0.040   0.052   0.014   0.099   0.014   0.000   0.000   0.000 303108400
 4.86   7.09   64.495
 4.86   5.00    0.591    0.071
 4.86   5.00    0.662   63.950
 4.86   5.00    0.634    0.350   0.662   0.293
 4.86   5.00    0.635    0.336   0.662   0.279

 4.87   0.00    0.291    0.276   0.072   0.040   0.051   0.014   0.099   0.014   0.000   0.000   0.000 303732100
 4.87   7.08   64.468
 4.87   5.00    0.590    0.072
 4.87   5.00    0.662   63.908
 4.87   5.00    0.634    0.349   0.662   0.293
 4.87   5.00    0.635    0.335   0.662   0.278

 4.88   0.00    0.290    0.276   0.072   0.040   0.051   0.014   0.098   0.014   0.000   0.000   0.000 304355700
 4.88   7.07   64.441
 4.88   5.00    0.589    0.073
 4.88   5.00    0.663   63.866
 4.88   5.00    0.635    0.349   0.663   0.292
 4.88   5.00    0.636    0.335   0.663   0.278

 4.89   0.00    0.290    0.275   0.072   0.040   0.051   0.014   0.098   0.014   0.000   0.000   0.000 304979400
 4.89   7.06   64.414
 4.89   5.00    0.589    0.075
 4.89   5.00    0.663   63.825
 4.89   5.00    0.635    0.348   0.663   0.292
 4.89   5.00    0.637    0.334   0.663   0.277

 4.90   0.00    0.289    0.275   0.072   0.040   0.051   0.014   0.098   0.014   0.000   0.000   0.000 305603100
 4.90   7.05   64.387
 4.90   5.00    0.588    0.076
 4.90   5.00    0.664   63.783
 4.90   5.00    0.636    0.348   0.664   0.291
 4.90   5.00    0.637    0.334   0.664   0.277

 4.91   0.00    0.288    0.274   0.072   0.040   0.051   0.014   0.098   0.014   0.000   0.000   0.000 306226800
 4.91   7.04   64.360
 4.91   5.00    0.587    0.077
 4.91   5.00    0.664   63.742
 4.91   5.00    0.637    0.347   0.664   0.291
 4.91   5.00    0.638    0.333   0.664   0.276

 4.92   0.00    0.288    0.274   0.071   0.040   0.051   0.014   0.098   0.014   0.000   0.000   0.000 306850500
 4.92   7.03   64.333
 4.92   5.00    0.586    0.079
 4.92   5.00    0.665   63.701
 4.92   5.00    0.637    0.347   0.665   0.290
 4.92   5.00    0.638    0.333   0.665   0.276

 4.93   0.00    0.287    0.273   0.071   0.040   0.051   0.014   0.097   0.014   0.000   0.000   0.000 307474100
 4.93   7.03   64.306
 4.93   5.00    0.585    0.080
 4.93   5.00    0.665   63.660
 4.93   5.00    0.638    0.346   0.665   0.289
 4.93   5.00    0.639    0.332   0.665   0.275

 4.94   0.00    0.287    0.273   0.071   0.040   0.050   0.014   0.097   0.014   0.000   0.000   0.000 308097800
 4.94   7.02   64.279
 4.94   5.00    0.585    0.081
 4.94   5.00    0.666   63.620
 4.94   5.00    0.638    0.346   0.666   0.289
 4.94   5.00    0.639    0.332   0.666   0.275

 4.95   0.00    0.286    0.272   0.071   0.040   0.050   0.014   0.097   0.014   0.000   0.000   0.000 308721500
 4.95   7.01   64.252
 4.95   5.00    0.584    0.083
 4.95   5.00    0.666   63.579
 4.95   5.00    0.639    0.345   0.666   0.288
 4.95   5.00    0.640    0.331   0.666   0.274

 4.96   0.00    0.286    0.272   0.071   0.040   0.050   0.014   0.097   0.014   0.000   0.000   0.000 309345200
 4.96   7.00   64.225
 4.96   5.00    0.583    0.084
 4.96   5.00    0.667   63.539
 4.96   5.00    0.639    0.345   0.667   0.288
 4.96   5.00    0.641    0.331   0.667   0.274

 4.97   0.00    0.285    0.271   0.071   0.040   0.050   0.014   0.097   0.014   0.000   0.000   0.000 309968800
 4.97   6.99   64.198
 4.97   5.00    0.582    0.085
 4.97   5.00    0.668   63.498
 4.97   5.00    0.640    0.344   0.668   0.287
 4.97   5.00    0.641    0.331   0.668   0.273

 4.98   0.00    0.284    0.271   0.071   0.040   0.050   0.014   0.096   0.014   0.000   0.000   0.000 310592500
 4.98   6.98   64.171
 4.98   5.00    0.581    0.087
 4.98   5.00    0.668   63.458
 4.98   5.00    0.641    0.344   0.668   0.287
 4.98   5.00    0.642    0.330   0.668   0.273

 4.99   0.00    0.284    0.270   0.070   0.040   0.050   0.014   0.096   0.014   0.000   0.000   0.000 311216200
 4.99   6.97   64.144
 4.99   5.00    0.581    0.088
 4.99   5.00    0.669   63.418
 4.99   5.00    0.641    0.343   0.669   0.286
 4.99   5.00    0.642    0.330   0.669   0.272

 5.00   0.00    0.283    0.270   0.070   0.040   0.050   0.014   0.096   0.014   0.000   0.000   0.000 311839900
 5.00   6.96   64.118
 5.00   5.00    0.580    0.089
 5.00   5.00    0.669   63.379
 5.00   5.00    0.642    0.343   0.669   0.285
 5.00   5.00    0.643    0.329   0.669   0.272

 5.01   0.00    0.283    0.269   0.070   0.040   0.049   0.014   0.096   0.014   0.000   0.000   0.000 312463600
 5.01   6.95   64.091
 5.01   5.00    0.579    0.091
 5.01   5.00    0.670   63.339
 5.01   5.00    0.642    0.342   0.670   0.285
 5.01   5.00    0.644    0.329   0.670   0.271

 5.02   0.00    0.282    0.269   0.070   0.040   0.049   0.014   0.096   0.014   0.000   0.000   0.000 313087300
 5.02   6.94   64.064
 5.02   5.00    0.578    0.092
 5.02   5.00    0.670   63.300
 5.02   5.00    0.643    0.342   0.670   0.284
 5.02   5.00    0.644    0.328   0.670   0.271

 5.03   0.00    0.282    0.268   0.070   0.040   0.049   0.014   0.095   0.014   0.000   0.000   0.000 313710900
 5.03   6.93   64.038
 5.03   5.00    0.577    0.093
 5.03   5.00    0.671   63.260
 5.03   5.00    0.644    0.341   0.671   0.284
 5.03   5.00    0.645    0.328   0.671   0.270

 5.04   0.00    0.281    0.268   0.070   0.040   0.049   0.014   0.095   0.014   0.000   0.000   0.000 314334600
 5.04   6.93   64.011
 5.04   5.00    0.577    0.095
 5.04   5.00    0.671   63.221
 5.04   5.00    0.644    0.341   0.671   0.283
 5.04   5.00    0.645    0.327   0.671   0.270

 5.05   0.00    0.281    0.267   0.070   0.040   0.049   0.014   0.095   0.013   0.000   0.000   0.000 314958300
 5.05   6.92   63.984
 5.05   5.00    0.576    0.096
 5.05   5.00    0.672   63.182
 5.05   5.00    0.645    0.340   0.672   0.283
 5.05   5.00    0.646    0.327   0.672   0.269

 5.06   0.00    0.280    0.267   0.069   0.040   0.049   0.014   0.095   0.013   0.000   0.000   0.000 315582000
 5.06   6.91   63.958
 5.06   5.00    0.575    0.097
 5.06   5.00    0.673   63.143
 5.06   5.00    0.645    0.340   0.673   0.282
 5.06   5.00    0.647    0.326   0.673   0.269

 5.07   0.00    0.279    0.266   0.069   0.040   0.049   0.014   0.095   0.013   0.000   0.000   0.000 316205700
 5.07   6.90   63.931
 5.07   5.00    0.574    0.099
 5.07   5.00    0.673   63.105
 5.07   5.00    0.646    0.339   0.673   0.282
 5.07   5.00    0.647    0.326   0.673   0.268

 5.08   0.00    0.279    0.266   0.069   0.040   0.048   0.014   0.094   0.013   0.000   0.000   0.000 316829300
 5.08   6.89   63.905
 5.08   5.00    0.574    0.100
 5.08   5.00    0.674   63.066
 5.08   5.00    0.647    0.339   0.674   0.281
 5.08   5.00    0.648    0.326   0.674   0.268

 5.09   0.00    0.278    0.265   0.069   0.040   0.048   0.014   0.094   0.013   0.000   0.000   0.000 317453000
 5.09   6.88   63.878
 5.09   5.00    0.573    0.101
 5.09   5.00    0.674   63.028
 5.09   5.00    0.647    0.338   0.674   0.281
 5.09   5.00    0.648    0.325   0.674   0.267

 5.10   0.00    0.278    0.265   0.069   0.040   0.048   0.014   0.094   0.013   0.000   0.000   0.000 318076700
 5.10   6.87   63.852
 5.10   5.00    0.572    0.103
 5.10   5.00    0.675   62.990
 5.10   5.00    0.648    0.338   0.675   0.280
 5.10   5.00    0.649    0.325   0.675   0.267

 5.11   0.00    0.277    0.264   0.069   0.040   0.048   0.014   0.094   0.013   0.000   0.000   0.000 318700400
 5.11   6.86   63.825
 5.11   5.00    0.571    0.104
 5.11   5.00    0.675   62.952
 5.11   5.00    0.648    0.337   0.675   0.279
 5.11   5.00    0.650    0.324   0.675   0.266

 5.12   0.00    0.277    0.264   0.069   0.040   0.048   0.014   0.094   0.013   0.000   0.000   0.000 319324100
 5.12   6.86   63.799
 5.12   5.00    0.571    0.105
 5.12   5.00    0.676   62.914
 5.12   5.00    0.649    0.337   0.676   0.279
 5.12   5.00    0.650    0.324   0.676   0.266

 5.13   0.00    0.276    0.263   0.068   0.040   0.048   0.014   0.093   0.013   0.000   0.000   0.000 319947700
 5.13   6.85   63.773
 5.13   5.00    0.570    0.107
 5.13   5.00    0.677   62.876
 5.13   5.00    0.650    0.336   0.677   0.278
 5.13   5.00    0.651    0.323   0.677   0.266

 5.14   0.00    0.276    0.263   0.068   0.040   0.048   0.014   0.093   0.013   0.000   0.000   0.000 320571400
 5.14   6.84   63.746
 5.14   5.00    0.569    0.108
 5.14   5.00    0.677   62.839
 5.14   5.00    0.650    0.336   0.677   0.278
 5.14   5.00    0.651    0.323   0.677   0.265

 5.15   0.00    0.275    0.263   0.068   0.040   0.047   0.014   0.093   0.013   0.000   0.000   0.000 321195100
 5.15   6.83   63.720
 5.15   5.00    0.568    0.109
 5.15   5.00    0.678   62.801
 5.15   5.00    0.651    0.335   0.678   0.277
 5.15   5.00    0.652    0.323   0.678   0.265

 5.16   0.00    0.275    0.262   0.068   0.040   0.047   0.014   0.093   0.013   0.000   0.000   0.000 321818800
 5.16   6.82   63.694
 5.16   5.00    0.568    0.111
 5.16   5.00    0.678   62.764
 5.16   5.00    0.652    0.335   0.678   0.277
 5.16   5.00    0.653    0.322   0.678   0.264

 5.17   0.00    0.274    0.262   0.068   0.040   0.047   0.013   0.093   0.013   0.000   0.000   0.000 322442500
 5.17   6.81   63.667
 5.17   5.00    0.567    0.112
 5.17   5.00    0.679   62.727
 5.17   5.00    0.652    0.334   0.679   0.276
 5.17   5.00    0.653    0.322   0.679   0.264

 5.18   0.00    0.274    0.261   0.068   0.040   0.047   0.013   0.092   0.013   0.000   0.000   0.000 323066100
 5.18   6.80   63.641
 5.18   5.00    0.566    0.113
 5.18   5.00    0.680   62.690
 5.18   5.00    0.653    0.334   0.680   0.276
 5.18   5.00    0.654    0.321   0.680   0.263

 5.19   0.00    0.273    0.261   0.068   0.040   0.047   0.013   0.092   0.013   0.000   0.000   0.000 323689800
 5.19   6.80   63.615
 5.19   5.00    0.565    0.115
 5.19   5.00    0.680   62.653
 5.19   5.00    0.654    0.333   0.680   0.275
 5.19   5.00    0.655    0.321   0.680   0.263

 5.20   0.00    0.273    0.260   0.068   0.040   0.047   0.013   0.092   0.013   0.000   0.000   0.000 324313500
 5.20   6.79   63.589
 5.20   5.00    0.565    0.116
 5.20   5.00    0.681   62.617
 5.20   5.00    0.654    0.333   0.681   0.275
 5.20   5.00    0.655    0.321   0.681   0.262

 5.21   0.00    0.272    0.260   0.067   0.040   0.047   0.013   0.092   0.013   0.000   0.000   0.000 324937200
 5.21   6.78   63.563
 5.21   5.00    0.564    0.117
 5.21   5.00    0.681   62.580
 5.21   5.00    0.655    0.332   0.681   0.274
 5.21   5.00    0.656    0.320   0.681   0.262

 5.22   0.00    0.272    0.259   0.067   0.040   0.046   0.013   0.092   0.013   0.000   0.000   0.000 325560800
 5.22   6.77   63.537
 5.22   5.00    0.563    0.119
 5.22   5.00    0.682   62.544
 5.22   5.00    0.656    0.332   0.682   0.274
 5.22   5.00    0.657    0.320   0.682   0.261

 5.23   0.00    0.271    0.259   0.067   0.040   0.046   0.013   0.092   0.013   0.000   0.000   0.000 326184500
 5.23   6.76   63.511
 5.23   5.00    0.562    0.120
 5.23   5.00    0.683   62.508
 5.23   5.00    0.656    0.332   0.683   0.273
 5.23   5.00    0.657    0.319   0.683   0.261

 5.24   0.00    0.270    0.258   0.067   0.040   0.046   0.013   0.091   0.013   0.000   0.000   0.000 326808200
 5.24   6.75   63.485
 5.24   5.00    0.562    0.121
 5.24   5.00    0.683   62.472
 5.24   5.00    0.657    0.331   0.683   0.273
 5.24   5.00    0.658    0.319   0.683   0.260

 5.25   0.00    0.270    0.258   0.067   0.040   0.046   0.013   0.091   0.013   0.000   0.000   0.000 327431900
 5.25   6.75   63.459
 5.25   5.00    0.561    0.123
 5.25   5.00    0.684   62.436
 5.25   5.00    0.657    0.331   0.684   0.272
 5.25   5.00    0.659    0.318   0.684   0.260

 5.26   0.00    0.269    0.257   0.067   0.040   0.046   0.013   0.091   0.013   0.000   0.000   0.000 328055600
 5.26   6.74   63.433
 5.26   5.00    0.560    0.124
 5.26   5.00    0.684   62.400
 5.26   5.00    0.658    0.330   0.684   0.272
 5.26   5.00    0.659    0.318   0.684   0.259

 5.27   0.00    0.269    0.257   0.067   0.040   0.046   0.013   0.091   0.013   0.000   0.000   0.000 328679300
 5.27   6.73   63.407
 5.27   5.00    0.560    0.125
 5.27   5.00    0.685   62.364
 5.27   5.00    0.659    0.330   0.685   0.271
 5.27   5.00    0.660    0.318   0.685   0.259

 5.28   0.00    0.268    0.256   0.066   0.040   0.046   0.013   0.091   0.013   0.000   0.000   0.000 329302900
 5.28   6.72   63.381
 5.28   5.00    0.559    0.127
 5.28   5.00    0.686   62.329
 5.28   5.00    0.659    0.329   0.686   0.270
 5.28   5.00    0.660    0.317   0.686   0.258

 5.29   0.00    0.268    0.256   0.066   0.040   0.045   0.013   0.090   0.013   0.000   0.000   0.000 329926600
 5.29   6.71   63.355
 5.29   5.00    0.558    0.128
 5.29   5.00    0.686   62.294
 5.29   5.00    0.660    0.329   0.686   0.270
 5.29   5.00    0.661    0.317   0.686   0.258

 5.30   0.00    0.267    0.256   0.066   0.040   0.045   0.013   0.090   0.013   0.000   0.000   0.000 330550300
 5.30   6.71   63.329
 5.30   5.00    0.557    0.129
 5.30   5.00    0.687   62.259
 5.30   5.00    0.661    0.328   0.687   0.269
 5.30   5.00    0.662    0.316   0.687   0.258

 5.31   0.00    0.267    0.255   0.066   0.040   0.045   0.013   0.090   0.013   0.000   0.000   0.000 331174000
 5.31   6.70   63.303
 5.31   5.00    0.557    0.131
 5.31   5.00    0.687   62.223
 5.31   5.00    0.661    0.328   0.687   0.269
 5.31   5.00    0.662    0.316   0.687   0.257

 5.32   0.00    0.266    0.255   0.066   0.040   0.045   0.013   0.090   0.013   0.000   0.000   0.000 331797700
 5.32   6.69   63.278
 5.32   5.00    0.556    0.132
 5.32   5.00    0.688   62.189
 5.32   5.00    0.662    0.327   0.688   0.268
 5.32   5.00    0.663    0.316   0.688   0.257

 5.33   0.00    0.266    0.254   0.066   0.040   0.045   0.013   0.090   0.013   0.000   0.000   0.000 332421300
 5.33   6.68   63.252
 5.33   5.00    0.555    0.133
 5.33   5.00    0.689   62.154
 5.33   5.00    0.663    0.327   0.689   0.268
 5.33   5.00    0.664    0.315   0.689   0.256

 5.34   0.00    0.265    0.254   0.066   0.040   0.045   0.013   0.090   0.013   0.000   0.000   0.000 333045000
 5.34   6.67   63.226
 5.34   5.00    0.555    0.135
 5.34   5.00    0.689   62.119
 5.34   5.00    0.663    0.326   0.689   0.267
 5.34   5.00    0.664    0.315   0.689   0.256

 5.35   0.00    0.265    0.253   0.066   0.040   0.045   0.013   0.089   0.013   0.000   0.000   0.000 333668700
 5.35   6.67   63.201
 5.35   5.00    0.554    0.136
 5.35   5.00    0.690   62.085
 5.35   5.00    0.664    0.326   0.690   0.267
 5.35   5.00    0.665    0.314   0.690   0.255

 5.36   0.00    0.264    0.253   0.065   0.040   0.044   0.013   0.089   0.013   0.000   0.000   0.000 334292400
 5.36   6.66   63.175
 5.36   5.00    0.553    0.137
 5.36   5.00    0.691   62.051
 5.36   5.00    0.665    0.326   0.691   0.266
 5.36   5.00    0.666    0.314   0.691   0.255

 5.37   0.00    0.264    0.252   0.065   0.040   0.044   0.013   0.089   0.013   0.000   0.000   0.000 334916000
 5.37   6.65   63.149
 5.37   5.00    0.553    0.139
 5.37   5.00    0.691   62.017
 5.37   5.00    0.665    0.325   0.691   0.266
 5.37   5.00    0.667    0.314   0.691   0.254

 5.38   0.00    0.263    0.252   0.065   0.040   0.044   0.013   0.089   0.013   0.000   0.000   0.000 335539700
 5.38   6.64   63.124
 5.38   5.00    0.552    0.140
 5.38   5.00    0.692   61.983
 5.38   5.00    0.666    0.325   0.692   0.265
 5.38   5.00    0.667    0.313   0.692   0.254

 5.39   0.00    0.263    0.251   0.065   0.040   0.044   0.013   0.089   0.013   0.000   0.000   0.000 336163400
 5.39   6.63   63.098
 5.39   5.00    0.551    0.141
 5.39   5.00    0.693   61.949
 5.39   5.00    0.667    0.324   0.693   0.265
 5.39   5.00    0.668    0.313   0.693   0.253

 5.40   0.00    0.262    0.251   0.065   0.040   0.044   0.013   0.089   0.013   0.000   0.000   0.000 336787100
 5.40   6.63   63.073
 5.40   5.00    0.550    0.143
 5.40   5.00    0.693   61.915
 5.40   5.00    0.668    0.324   0.693   0.264
 5.40   5.00    0.669    0.312   0.693   0.253

 5.41   0.00    0.262    0.251   0.065   0.040   0.044   0.013   0.088   0.013   0.000   0.000   0.000 337410800
 5.41   6.62   63.047
 5.41   5.00    0.550    0.144
 5.41   5.00    0.694   61.882
 5.41   5.00    0.668    0.323   0.694   0.264
 5.41   5.00    0.669    0.312   0.694   0.252

 5.42   0.00    0.261    0.250   0.065   0.040   0.044   0.013   0.088   0.013   0.000   0.000   0.000 338034500
 5.42   6.61   63.022
 5.42   5.00    0.549    0.145
 5.42   5.00    0.695   61.848
 5.42   5.00    0.669    0.323   0.695   0.263
 5.42   5.00    0.670    0.312   0.695   0.252

 5.43   0.00    0.261    0.250   0.065   0.040   0.043   0.013   0.088   0.013   0.000   0.000   0.000 338658100
 5.43   6.60   62.996
 5.43   5.00    0.548    0.147
 5.43   5.00    0.695   61.815
 5.43   5.00    0.670    0.322   0.695   0.263
 5.43   5.00    0.671    0.311   0.695   0.252

 5.44   0.00    0.260    0.249   0.064   0.040   0.043   0.013   0.088   0.012   0.000   0.000   0.000 339281800
 5.44   6.59   62.971
 5.44   5.00    0.548    0.148
 5.44   5.00    0.696   61.782
 5.44   5.00    0.670    0.322   0.696   0.262
 5.44   5.00    0.671    0.311   0.696   0.251

 5.45   0.00    0.260    0.249   0.064   0.040   0.043   0.013   0.088   0.012   0.000   0.000   0.000 339905500
 5.45   6.59   62.945
 5.45   5.00    0.547    0.149
 5.45   5.00    0.697   61.749
 5.45   5.00    0.671    0.322   0.697   0.262
 5.45   5.00    0.672    0.310   0.697   0.251

 5.46   0.00    0.259    0.248   0.064   0.040   0.043   0.013   0.088   0.012   0.000   0.000   0.000 340529200
 5.46   6.58   62.920
 5.46   5.00    0.546    0.151
 5.46   5.00    0.697   61.716
 5.46   5.00    0.672    0.321   0.697   0.261
 5.46   5.00    0.673    0.310   0.697   0.250

 5.47   0.00    0.259    0.248   0.064   0.040   0.043   0.013   0.087   0.012   0.000   0.000   0.000 341152800
 5.47   6.57   62.895
 5.47   5.00    0.546    0.152
 5.47   5.00    0.698   61.683
 5.47   5.00    0.672    0.321   0.698   0.261
 5.47   5.00    0.673    0.310   0.698   0.250

 5.48   0.00    0.258    0.247   0.064   0.039   0.043   0.013   0.087   0.012   0.000   0.000   0.000 341776500
 5.48   6.56   62.870
 5.48   5.00    0.545    0.153
 5.48   5.00    0.698   61.651
 5.48   5.00    0.673    0.320   0.698   0.260
 5.48   5.00    0.674    0.309   0.698   0.249

 5.49   0.00    0.258    0.247   0.064   0.039   0.043   0.013   0.087   0.012   0.000   0.000   0.000 342400200
 5.49   6.56   62.844
 5.49   5.00    0.544    0.155
 5.49   5.00    0.699   61.618
 5.49   5.00    0.674    0.320   0.699   0.260
 5.49   5.00    0.675    0.309   0.699   0.249

 5.50   0.00    0.257    0.247   0.064   0.039   0.042   0.013   0.087   0.012   0.000   0.000   0.000 343023900
 5.50   6.55   62.819
 5.50   5.00    0.544    0.156
 5.50   5.00    0.700   61.586
 5.50   5.00    0.675    0.319   0.700   0.259
 5.50   5.00    0.676    0.308   0.700   0.248

 5.51   0.00    0.257    0.246   0.064   0.039   0.042   0.013   0.087   0.012   0.000   0.000   0.000 343647600
 5.51   6.54   62.794
 5.51   5.00    0.543    0.157
 5.51   5.00    0.700   61.554
 5.51   5.00    0.675    0.319   0.700   0.259
 5.51   5.00    0.676    0.308   0.700   0.248

 5.52   0.00    0.256    0.246   0.063   0.039   0.042   0.013   0.087   0.012   0.000   0.000   0.000 344271200
 5.52   6.53   62.769
 5.52   5.00    0.542    0.159
 5.52   5.00    0.701   61.522
 5.52   5.00    0.676    0.319   0.701   0.258
 5.52   5.00    0.677    0.308   0.701   0.248

 5.53   0.00    0.256    0.245   0.063   0.039   0.042   0.013   0.086   0.012   0.000   0.000   0.000 344894900
 5.53   6.53   62.744
 5.53   5.00    0.542    0.160
 5.53   5.00    0.702   61.490
 5.53   5.00    0.677    0.318   0.702   0.258
 5.53   5.00    0.678    0.307   0.702   0.247

 5.54   0.00    0.255    0.245   0.063   0.039   0.042   0.013   0.086   0.012   0.000   0.000   0.000 345518600
 5.54   6.52   62.719
 5.54   5.00    0.541    0.161
 5.54   5.00    0.703   61.458
 5.54   5.00    0.677    0.318   0.703   0.257
 5.54   5.00    0.678    0.307   0.703   0.247

 5.55   0.00    0.255    0.244   0.063   0.039   0.042   0.013   0.086   0.012   0.000   0.000   0.000 346142300
 5.55   6.51   62.693
 5.55   5.00    0.540    0.163
 5.55   5.00    0.703   61.427
 5.55   5.00    0.678    0.317   0.703   0.257
 5.55   5.00    0.679    0.307   0.703   0.246

 5.56   0.00    0.254    0.244   0.063   0.039   0.041   0.012   0.086   0.012   0.000   0.000   0.000 346766000
 5.56   6.50   62.668
 5.56   5.00    0.540    0.164
 5.56   5.00    0.704   61.395
 5.56   5.00    0.679    0.317   0.704   0.256
 5.56   5.00    0.680    0.306   0.704   0.246

 5.57   0.00    0.254    0.243   0.063   0.039   0.041   0.012   0.086   0.012   0.000   0.000   0.000 347389700
 5.57   6.50   62.643
 5.57   5.00    0.539    0.165
 5.57   5.00    0.705   61.364
 5.57   5.00    0.680    0.316   0.705   0.256
 5.57   5.00    0.681    0.306   0.705   0.245

 5.58   0.00    0.254    0.243   0.063   0.039   0.041   0.012   0.086   0.012   0.000   0.000   0.000 348013300
 5.58   6.49   62.619
 5.58   5.00    0.538    0.167
 5.58   5.00    0.705   61.333
 5.58   5.00    0.680    0.316   0.705   0.255
 5.58   5.00    0.681    0.305   0.705   0.245

 5.59   0.00    0.253    0.243   0.063   0.039   0.041   0.012   0.085   0.012   0.000   0.000   0.000 348637000
 5.59   6.48   62.594
 5.59   5.00    0.538    0.168
 5.59   5.00    0.706   61.302
 5.59   5.00    0.681    0.316   0.706   0.255
 5.59   5.00    0.682    0.305   0.706   0.244

 5.60   0.00    0.253    0.242   0.062   0.039   0.041   0.012   0.085   0.012   0.000   0.000   0.000 349260700
 5.60   6.47   62.569
 5.60   5.00    0.537    0.169
 5.60   5.00    0.707   61.271
 5.60   5.00    0.682    0.315   0.707   0.254
 5.60   5.00    0.683    0.305   0.707   0.244

 5.61   0.00    0.252    0.242   0.062   0.039   0.041   0.012   0.085   0.012   0.000   0.000   0.000 349884400
 5.61   6.47   62.544
 5.61   5.00    0.537    0.171
 5.61   5.00    0.707   61.240
 5.61   5.00    0.682    0.315   0.707   0.254
 5.61   5.00    0.683    0.304   0.707   0.244

 5.62   0.00    0.252    0.241   0.062   0.039   0.041   0.012   0.085   0.012   0.000   0.000   0.000 350508000
 5.62   6.46   62.519
 5.62   5.00    0.536    0.172
 5.62   5.00    0.708   61.209
 5.62   5.00    0.683    0.314   0.708   0.254
 5.62   5.00    0.684    0.304   0.708   0.243

 5.63   0.00    0.251    0.241   0.062   0.039   0.040   0.012   0.085   0.012   0.000   0.000   0.000 351131700
 5.63   6.45   62.494
 5.63   5.00    0.535    0.173
 5.63   5.00    0.709   61.179
 5.63   5.00    0.684    0.314   0.709   0.253
 5.63   5.00    0.685    0.304   0.709   0.243

 5.64   0.00    0.251    0.240   0.062   0.039   0.040   0.012   0.085   0.012   0.000   0.000   0.000 351755400
 5.64   6.44   62.469
 5.64   5.00    0.535    0.175
 5.64   5.00    0.709   61.148
 5.64   5.00    0.685    0.313   0.709   0.253
 5.64   5.00    0.686    0.303   0.709   0.242

 5.65   0.00    0.250    0.240   0.062   0.039   0.040   0.012   0.085   0.012   0.000   0.000   0.000 352379100
 5.65   6.44   62.445
 5.65   5.00    0.534    0.176
 5.65   5.00    0.710   61.118
 5.65   5.00    0.685    0.313   0.710   0.252
 5.65   5.00    0.686    0.303   0.710   0.242

 5.66   0.00    0.250    0.240   0.062   0.039   0.040   0.012   0.084   0.012   0.000   0.000   0.000 353002800
 5.66   6.43   62.420
 5.66   5.00    0.533    0.177
 5.66   5.00    0.711   61.088
 5.66   5.00    0.686    0.313   0.711   0.252
 5.66   5.00    0.687    0.302   0.711   0.241

 5.67   0.00    0.249    0.239   0.062   0.039   0.040   0.012   0.084   0.012   0.000   0.000   0.000 353626500
 5.67   6.42   62.395
 5.67   5.00    0.533    0.179
 5.67   5.00    0.712   61.058
 5.67   5.00    0.687    0.312   0.712   0.251
 5.67   5.00    0.688    0.302   0.712   0.241

 5.68   0.00    0.249    0.239   0.062   0.039   0.040   0.012   0.084   0.012   0.000   0.000   0.000 354250100
 5.68   6.41   62.371
 5.68   5.00    0.532    0.180
 5.68   5.00    0.712   61.028
 5.68   5.00    0.688    0.312   0.712   0.251
 5.68   5.00    0.689    0.302   0.712   0.240

 5.69   0.00    0.248    0.238   0.061   0.039   0.040   0.012   0.084   0.012   0.000   0.000   0.000 354873800
 5.69   6.41   62.346
 5.69   5.00    0.531    0.181
 5.69   5.00    0.713   60.998
 5.69   5.00    0.688    0.311   0.713   0.250
 5.69   5.00    0.689    0.301   0.713   0.240

 5.70   0.00    0.248    0.238   0.061   0.039   0.039   0.012   0.084   0.012   0.000   0.000   0.000 355497500
 5.70   6.40   62.321
 5.70   5.00    0.531    0.183
 5.70   5.00    0.714   60.969
 5.70   5.00    0.689    0.311   0.714   0.250
 5.70   5.00    0.690    0.301   0.714   0.240

 5.71   0.00    0.247    0.237   0.061   0.039   0.039   0.012   0.084   0.012   0.000   0.000   0.000 356121200
 5.71   6.39   62.297
 5.71   5.00    0.530    0.184
 5.71   5.00    0.714   60.939
 5.71   5.00    0.690    0.311   0.714   0.249
 5.71   5.00    0.691    0.301   0.714   0.239

 5.72   0.00    0.247    0.237   0.061   0.039   0.039   0.012   0.083   0.012   0.000   0.000   0.000 356744800
 5.72   6.39   62.272
 5.72   5.00    0.530    0.185
 5.72   5.00    0.715   60.910
 5.72   5.00    0.691    0.310   0.715   0.249
 5.72   5.00    0.692    0.300   0.715   0.239

 5.73   0.00    0.246    0.236   0.061   0.039   0.039   0.012   0.083   0.012   0.000   0.000   0.000 357368500
 5.73   6.38   62.248
 5.73   5.00    0.529    0.187
 5.73   5.00    0.716   60.881
 5.73   5.00    0.691    0.310   0.716   0.248
 5.73   5.00    0.692    0.300   0.716   0.238

 5.74   0.00    0.246    0.236   0.061   0.039   0.039   0.012   0.083   0.012   0.000   0.000   0.000 357992200
 5.74   6.38   62.218
 5.74   5.00    0.528    0.188
 5.74   5.00    0.716   60.854
 5.74   5.00    0.692    0.309   0.716   0.248
 5.74   5.00    0.693    0.299   0.716   0.238

 5.75   0.00    0.245    0.236   0.061   0.039   0.039   0.012   0.083   0.012   0.000   0.000   0.000 358615900
 5.75   6.38   62.184
 5.75   5.00    0.528    0.188
 5.75   5.00    0.716   60.833
 5.75   5.00    0.691    0.309   0.716   0.247
 5.75   5.00    0.692    0.299   0.716   0.237

 5.76   0.00    0.245    0.235   0.061   0.039   0.038   0.012   0.083   0.012   0.000   0.000   0.000 359239600
 5.76   6.38   62.150
 5.76   5.00    0.527    0.188
 5.76   5.00    0.715   60.812
 5.76   5.00    0.691    0.308   0.715   0.247
 5.76   5.00    0.692    0.298   0.715   0.237

 5.77   0.00    0.244    0.235   0.061   0.039   0.038   0.012   0.083   0.012   0.000   0.000   0.000 359863200
 5.77   6.39   62.117
 5.77   5.00    0.527    0.188
 5.77   5.00    0.715   60.791
 5.77   5.00    0.691    0.308   0.715   0.246
 5.77   5.00    0.691    0.298   0.715   0.237

 5.78   0.00    0.244    0.234   0.060   0.039   0.038   0.012   0.083   0.012   0.000   0.000   0.000 360486900
 5.78   6.39   62.083
 5.78   5.00    0.526    0.188
 5.78   5.00    0.714   60.770
 5.78   5.00    0.690    0.307   0.714   0.246
 5.78   5.00    0.691    0.297   0.714   0.236

 5.79   0.00    0.244    0.234   0.060   0.039   0.038   0.012   0.082   0.012   0.000   0.000   0.000 361110600
 5.79   6.39   62.050
 5.79   5.00    0.525    0.189
 5.79   5.00    0.714   60.749
 5.79   5.00    0.690    0.307   0.714   0.245
 5.79   5.00    0.691    0.297   0.714   0.236

 5.80   0.00    0.243    0.233   0.060   0.039   0.038   0.012   0.082   0.012   0.000   0.000   0.000 361734300
 5.80   6.39   62.017
 5.80   5.00    0.525    0.189
 5.80   5.00    0.713   60.728
 5.80   5.00    0.689    0.306   0.713   0.245
 5.80   5.00    0.690    0.297   0.713   0.235

 5.81   0.00    0.243    0.233   0.060   0.039   0.038   0.012   0.082   0.012   0.000   0.000   0.000 362358000
 5.81   6.40   61.984
 5.81   5.00    0.524    0.189
 5.81   5.00    0.713   60.707
 5.81   5.00    0.689    0.306   0.713   0.244
 5.81   5.00    0.690    0.296   0.713   0.235

 5.82   0.00    0.242    0.233   0.060   0.039   0.037   0.012   0.082   0.012   0.000   0.000   0.000 362981700
 5.82   6.40   61.951
 5.82   5.00    0.523    0.189
 5.82   5.00    0.712   60.686
 5.82   5.00    0.688    0.305   0.712   0.244
 5.82   5.00    0.689    0.296   0.712   0.234

 5.83   0.00    0.242    0.232   0.060   0.039   0.037   0.012   0.082   0.012   0.000   0.000   0.000 363605300
 5.83   6.40   61.918
 5.83   5.00    0.523    0.189
 5.83   5.00    0.712   60.665
 5.83   5.00    0.688    0.305   0.712   0.243
 5.83   5.00    0.689    0.295   0.712   0.234

 5.84   0.00    0.241    0.232   0.060   0.039   0.037   0.012   0.082   0.012   0.000   0.000   0.000 364229000
 5.84   6.41   61.885
 5.84   5.00    0.522    0.189
 5.84   5.00    0.712   60.644
 5.84   5.00    0.688    0.304   0.712   0.243
 5.84   5.00    0.688    0.295   0.712   0.234

 5.85   0.00    0.241    0.231   0.060   0.039   0.037   0.012   0.082   0.012   0.000   0.000   0.000 364852700
 5.85   6.41   61.852
 5.85   5.00    0.522    0.189
 5.85   5.00    0.711   60.624
 5.85   5.00    0.687    0.304   0.711   0.243
 5.85   5.00    0.688    0.294   0.711   0.233

 5.86   0.00    0.240    0.231   0.059   0.039   0.037   0.012   0.081   0.012   0.000   0.000   0.000 365476400
 5.86   6.41   61.820
 5.86   5.00    0.521    0.190
 5.86   5.00    0.711   60.603
 5.86   5.00    0.687    0.303   0.711   0.242
 5.86   5.00    0.688    0.294   0.711   0.233

 5.87   0.00    0.240    0.231   0.059   0.039   0.037   0.012   0.081   0.012   0.000   0.000   0.000 366100000
 5.87   6.41   61.787
 5.87   5.00    0.520    0.190
 5.87   5.00    0.710   60.582
 5.87   5.00    0.686    0.303   0.710   0.242
 5.87   5.00    0.687    0.293   0.710   0.232

 5.88   0.00    0.240    0.230   0.059   0.039   0.036   0.012   0.081   0.012   0.000   0.000   0.000 366723700
 5.88   6.42   61.755
 5.88   5.00    0.520    0.190
 5.88   5.00    0.710   60.562
 5.88   5.00    0.686    0.302   0.710   0.241
 5.88   5.00    0.687    0.293   0.710   0.232

 5.89   0.00    0.239    0.230   0.059   0.039   0.036   0.012   0.081   0.011   0.000   0.000   0.000 367347400
 5.89   6.42   61.723
 5.89   5.00    0.519    0.190
 5.89   5.00    0.709   60.541
 5.89   5.00    0.686    0.302   0.709   0.241
 5.89   5.00    0.686    0.293   0.709   0.232

 5.90   0.00    0.239    0.230   0.059   0.039   0.036   0.012   0.081   0.011   0.000   0.000   0.000 367971100
 5.90   6.42   61.691
 5.90   5.00    0.519    0.190
 5.90   5.00    0.709   60.521
 5.90   5.00    0.685    0.302   0.709   0.241
 5.90   5.00    0.686    0.292   0.709   0.231

 5.91   0.00    0.239    0.229   0.059   0.039   0.036   0.012   0.081   0.011   0.000   0.000   0.000 368594800
 5.91   6.43   61.659
 5.91   5.00    0.518    0.190
 5.91   5.00    0.708   60.500
 5.91   5.00    0.685    0.301   0.708   0.240
 5.91   5.00    0.686    0.292   0.708   0.231

 5.92   0.00    0.238    0.229   0.059   0.039   0.036   0.012   0.081   0.011   0.000   0.000   0.000 369218400
 5.92   6.43   61.627
 5.92   5.00    0.518    0.190
 5.92   5.00    0.708   60.480
 5.92   5.00    0.684    0.301   0.708   0.240
 5.92   5.00    0.685    0.292   0.708   0.231

 5.93   0.00    0.238    0.229   0.059   0.039   0.036   0.012   0.081   0.011   0.000   0.000   0.000 369842100
 5.93   6.43   61.595
 5.93   5.00    0.517    0.191
 5.93   5.00    0.708   60.459
 5.93   5.00    0.684    0.301   0.708   0.240
 5.93   5.00    0.685    0.291   0.708   0.231

 5.94   0.00    0.238    0.229   0.059   0.039   0.035   0.012   0.081   0.011   0.000   0.000   0.000 370465800
 5.94   6.44   61.563
 5.94   5.00    0.516    0.191
 5.94   5.00    0.707   60.439
 5.94   5.00    0.684    0.300   0.707   0.239
 5.94   5.00    0.684    0.291   0.707   0.230

 5.95   0.00    0.237    0.228   0.059   0.039   0.035   0.012   0.081   0.011   0.000   0.000   0.000 371089500
 5.95   6.44   61.532
 5.95   5.00    0.516    0.191
 5.95   5.00    0.707   60.418
 5.95   5.00    0.683    0.300   0.707   0.239
 5.95   5.00    0.684    0.291   0.707   0.230

 5.96   0.00    0.237    0.228   0.058   0.039   0.035   0.012   0.081   0.011   0.000   0.000   0.000 371713200
 5.96   6.44   61.500
 5.96   5.00    0.515    0.191
 5.96   5.00    0.706   60.398
 5.96   5.00    0.683    0.299   0.706   0.239
 5.96   5.00    0.684    0.290   0.706   0.230

 5.97   0.00    0.237    0.228   0.058   0.039   0.035   0.012   0.081   0.011   0.000   0.000   0.000 372336800
 5.97   6.45   61.469
 5.97   5.00    0.515    0.191
 5.97   5.00    0.706   60.378
 5.97   5.00    0.682    0.299   0.706   0.238
 5.97   5.00    0.683    0.290   0.706   0.229

 5.98   0.00    0.236    0.227   0.058   0.039   0.035   0.012   0.081   0.011   0.000   0.000   0.000 372960500
 5.98   6.45   61.438
 5.98   5.00    0.514    0.191
 5.98   5.00    0.706   60.358
 5.98   5.00    0.682    0.299   0.706   0.238
 5.98   5.00    0.683    0.290   0.706   0.229

 5.99   0.00    0.236    0.227   0.058   0.039   0.035   0.012   0.081   0.011   0.000   0.000   0.000 373584200
 5.99   6.45   61.406
 5.99   5.00    0.514    0.192
 5.99   5.00    0.705   60.337
 5.99   5.00    0.682    0.298   0.705   0.238
 5.99   5.00    0.682    0.289   0.705   0.229

 6.00   0.00    0.236    0.227   0.058   0.039   0.034   0.012   0.081   0.011   0.000   0.000   0.000 374207900
 6.00   6.46   61.375
 6.00   5.00    0.513    0.192
 6.00   5.00    0.705   60.317
 6.00   5.00    0.681    0.298   0.705   0.237
 6.00   5.00    0.682    0.289   0.705   0.229

 6.01   0.00    0.235    0.227   0.058   0.039   0.034   0.011   0.081   0.011   0.000   0.000   0.000 374831600
 6.01   6.46   61.344
 6.01   5.00    0.512    0.192
 6.01   5.00    0.704   60.297
 6.01   5.00    0.681    0.298   0.704   0.237
 6.01   5.00    0.682    0.289   0.704   0.228

 6.02   0.00    0.235    0.226   0.058   0.039   0.034   0.011   0.081   0.011   0.000   0.000   0.000 375455200
 6.02   6.46   61.314
 6.02   5.00    0.512    0.192
 6.02   5.00    0.704   60.277
 6.02   5.00    0.681    0.297   0.704   0.237
 6.02   5.00    0.681    0.289   0.704   0.228

 6.03   0.00    0.235    0.226   0.058   0.039   0.034   0.011   0.081   0.011   0.000   0.000   0.000 376078900
 6.03   6.47   61.283
 6.03   5.00    0.511    0.192
 6.03   5.00    0.703   60.257
 6.03   5.00    0.680    0.297   0.703   0.237
 6.03   5.00    0.681    0.288   0.703   0.228

 6.04   0.00    0.235    0.226   0.058   0.039   0.034   0.011   0.081   0.011   0.000   0.000   0.000 376702600
 6.04   6.47   61.252
 6.04   5.00    0.511    0.192
 6.04   5.00    0.703   60.237
 6.04   5.00    0.680    0.297   0.703   0.236
 6.04   5.00    0.681    0.288   0.703   0.228

 6.05   0.00    0.234    0.226   0.057   0.039   0.034   0.011   0.081   0.011   0.000   0.000   0.000 377326300
 6.05   6.47   61.222
 6.05   5.00    0.510    0.193
 6.05   5.00    0.703   60.217
 6.05   5.00    0.679    0.296   0.703   0.236
 6.05   5.00    0.680    0.288   0.703   0.227

 6.06   0.00    0.234    0.225   0.057   0.039   0.034   0.011   0.081   0.011   0.000   0.000   0.000 377950000
 6.06   6.48   61.192
 6.06   5.00    0.510    0.193
 6.06   5.00    0.702   60.197
 6.06   5.00    0.679    0.296   0.702   0.236
 6.06   5.00    0.680    0.288   0.702   0.227

 6.07   0.00    0.234    0.225   0.057   0.039   0.034   0.011   0.081   0.011   0.000   0.000   0.000 378573700
 6.07   6.48   61.161
 6.07   5.00    0.509    0.193
 6.07   5.00    0.702   60.177
 6.07   5.00    0.679    0.296   0.702   0.236
 6.07   5.00    0.679    0.287   0.702   0.227

 6.08   0.00    0.234    0.225   0.057   0.039   0.034   0.011   0.081   0.011   0.000   0.000   0.000 379197300
 6.08   6.48   61.131
 6.08   5.00    0.508    0.193
 6.08   5.00    0.701   60.157
 6.08   5.00    0.678    0.296   0.701   0.235
 6.08   5.00    0.679    0.287   0.701   0.227

 6.09   0.00    0.233    0.225   0.057   0.039   0.033   0.011   0.081   0.011   0.000   0.000   0.000 379821000
 6.09   6.49   61.101
 6.09   5.00    0.508    0.193
 6.09   5.00    0.701   60.137
 6.09   5.00    0.678    0.295   0.701   0.235
 6.09   5.00    0.679    0.287   0.701   0.227

 6.10   0.00    0.233    0.225   0.057   0.039   0.033   0.011   0.081   0.011   0.000   0.000   0.000 380444700
 6.10   6.49   61.071
 6.10   5.00    0.507    0.193
 6.10   5.00    0.701   60.117
 6.10   5.00    0.678    0.295   0.701   0.235
 6.10   5.00    0.678    0.287   0.701   0.226

 6.11   0.00    0.233    0.224   0.057   0.039   0.033   0.011   0.081   0.011   0.000   0.000   0.000 381068400
 6.11   6.49   61.041
 6.11   5.00    0.507    0.194
 6.11   5.00    0.700   60.098
 6.11   5.00    0.677    0.295   0.700   0.235
 6.11   5.00    0.678    0.286   0.700   0.226

 6.12   0.00    0.233    0.224   0.057   0.039   0.033   0.011   0.081   0.011   0.000   0.000   0.000 381692000
 6.12   6.50   61.011
 6.12   5.00    0.506    0.194
 6.12   5.00    0.700   60.078
 6.12   5.00    0.677    0.294   0.700   0.234
 6.12   5.00    0.678    0.286   0.700   0.226

 6.13   0.00    0.232    0.224   0.057   0.039   0.033   0.011   0.081   0.011   0.000   0.000   0.000 382315700
 6.13   6.50   60.982
 6.13   5.00    0.506    0.194
 6.13   5.00    0.700   60.058
 6.13   5.00    0.676    0.294   0.700   0.234
 6.13   5.00    0.677    0.286   0.700   0.226

 6.14   0.00    0.232    0.224   0.057   0.039   0.033   0.011   0.081   0.011   0.000   0.000   0.000 382939400
 6.14   6.50   60.952
 6.14   5.00    0.505    0.194
 6.14   5.00    0.699   60.039
 6.14   5.00    0.676    0.294   0.699   0.234
 6.14   5.00    0.677    0.285   0.699   0.225

 6.15   0.00    0.232    0.223   0.056   0.039   0.033   0.011   0.081   0.011   0.000   0.000   0.000 383563100
 6.15   6.51   60.923
 6.15   5.00    0.505    0.194
 6.15   5.00    0.699   60.019
 6.15   5.00    0.676    0.294   0.699   0.234
 6.15   5.00    0.676    0.285   0.699   0.225

 6.16   0.00    0.232    0.223   0.056   0.039   0.033   0.011   0.081   0.011   0.000   0.000   0.000 384186800
 6.16   6.51   60.894
 6.16   5.00    0.504    0.194
 6.16   5.00    0.698   59.999
 6.16   5.00    0.675    0.293   0.698   0.233
 6.16   5.00    0.676    0.285   0.698   0.225

 6.17   0.00    0.231    0.223   0.056   0.039   0.033   0.011   0.081   0.011   0.000   0.000   0.000 384810400
 6.17   6.51   60.864
 6.17   5.00    0.503    0.195
 6.17   5.00    0.698   59.980
 6.17   5.00    0.675    0.293   0.698   0.233
 6.17   5.00    0.676    0.285   0.698   0.225

 6.18   0.00    0.231    0.223   0.056   0.039   0.032   0.011   0.081   0.011   0.000   0.000   0.000 385434100
 6.18   6.52   60.835
 6.18   5.00    0.503    0.195
 6.18   5.00    0.698   59.960
 6.18   5.00    0.675    0.293   0.698   0.233
 6.18   5.00    0.675    0.284   0.698   0.225

 6.19   0.00    0.231    0.223   0.056   0.039   0.032   0.011   0.081   0.011   0.000   0.000   0.000 386057800
 6.19   6.52   60.806
 6.19   5.00    0.502    0.195
 6.19   5.00    0.697   59.941
 6.19   5.00    0.674    0.292   0.697   0.233
 6.19   5.00    0.675    0.284   0.697   0.224

 6.20   0.00    0.231    0.222   0.056   0.039   0.032   0.011   0.081   0.011   0.000   0.000   0.000 386681500
 6.20   6.52   60.777
 6.20   5.00    0.502    0.195
 6.20   5.00    0.697   59.921
 6.20   5.00    0.674    0.292   0.697   0.232
 6.20   5.00    0.675    0.284   0.697   0.224

 6.21   0.00    0.230    0.222   0.056   0.039   0.032   0.011   0.081   0.011   0.000   0.000   0.000 387305200
 6.21   6.53   60.749
 6.21   5.00    0.501    0.195
 6.21   5.00    0.697   59.902
 6.21   5.00    0.674    0.292   0.697   0.232
 6.21   5.00    0.674    0.284   0.697   0.224

 6.22   0.00    0.230    0.222   0.056   0.039   0.032   0.011   0.081   0.011   0.000   0.000   0.000 387928800
 6.22   6.53   60.720
 6.22   5.00    0.501    0.195
 6.22   5.00    0.696   59.883
 6.22   5.00    0.673    0.292   0.696   0.232
 6.22   5.00    0.674    0.283   0.696   0.224

 6.23   0.00    0.230    0.222   0.056   0.039   0.032   0.011   0.081   0.011   0.000   0.000   0.000 388552500
 6.23   6.54   60.691
 6.23   5.00    0.500    0.196
 6.23   5.00    0.696   59.863
 6.23   5.00    0.673    0.291   0.696   0.232
 6.23   5.00    0.674    0.283   0.696   0.223

 6.24   0.00    0.230    0.222   0.056   0.039   0.032   0.011   0.081   0.011   0.000   0.000   0.000 389176200
 6.24   6.54   60.663
 6.24   5.00    0.500    0.196
 6.24   5.00    0.695   59.844
 6.24   5.00    0.673    0.291   0.695   0.231
 6.24   5.00    0.673    0.283   0.695   0.223

 6.25   0.00    0.229    0.221   0.055   0.039   0.032   0.011   0.081   0.011   0.000   0.000   0.000 389799900
 6.25   6.54   60.634
 6.25   5.00    0.499    0.196
 6.25   5.00    0.695   59.825
 6.25   5.00    0.672    0.291   0.695   0.231
 6.25   5.00    0.673    0.283   0.695   0.223

 6.26   0.00    0.229    0.221   0.055   0.039   0.032   0.011   0.081   0.011   0.000   0.000   0.000 390423600
 6.26   6.55   60.606
 6.26   5.00    0.499    0.196
 6.26   5.00    0.695   59.806
 6.26   5.00    0.672    0.290   0.695   0.231
 6.26   5.00    0.673    0.282   0.695   0.223

 6.27   0.00    0.229    0.221   0.055   0.039   0.031   0.011   0.081   0.011   0.000   0.000   0.000 391047200
 6.27   6.55   60.578
 6.27   5.00    0.498    0.196
 6.27   5.00    0.694   59.786
 6.27   5.00    0.672    0.290   0.694   0.231
 6.27   5.00    0.672    0.282   0.694   0.223

 6.28   0.00    0.229    0.221   0.055   0.039   0.031   0.011   0.081   0.011   0.000   0.000   0.000 391670900
 6.28   6.55   60.550
 6.28   5.00    0.498    0.196
 6.28   5.00    0.694   59.767
 6.28   5.00    0.671    0.290   0.694   0.230
 6.28   5.00    0.672    0.282   0.694   0.222

 6.29   0.00    0.228    0.220   0.055   0.039   0.031   0.011   0.081   0.011   0.000   0.000   0.000 392294600
 6.29   6.56   60.522
 6.29   5.00    0.497    0.197
 6.29   5.00    0.694   59.748
 6.29   5.00    0.671    0.290   0.694   0.230
 6.29   5.00    0.672    0.282   0.694   0.222

 6.30   0.00    0.228    0.220   0.055   0.039   0.031   0.011   0.081   0.011   0.000   0.000   0.000 392918300
 6.30   6.56   60.494
 6.30   5.00    0.497    0.197
 6.30   5.00    0.693   59.729
 6.30   5.00    0.671    0.289   0.693   0.230
 6.30   5.00    0.671    0.282   0.693   0.222

 6.31   0.00    0.228    0.220   0.055   0.039   0.031   0.011   0.081   0.011   0.000   0.000   0.000 393542000
 6.31   6.57   60.466
 6.31   5.00    0.496    0.197
 6.31   5.00    0.693   59.710
 6.31   5.00    0.670    0.289   0.693   0.230
 6.31   5.00    0.671    0.281   0.693   0.222

 6.32   0.00    0.228    0.220   0.055   0.039   0.031   0.011   0.081   0.011   0.000   0.000   0.000 394165600
 6.32   6.57   60.439
 6.32   5.00    0.496    0.197
 6.32   5.00    0.693   59.691
 6.32   5.00    0.670    0.289   0.693   0.229
 6.32   5.00    0.671    0.281   0.693   0.221

 6.33   0.00    0.227    0.220   0.055   0.039   0.031   0.011   0.081   0.011   0.000   0.000   0.000 394789300
 6.33   6.57   60.411
 6.33   5.00    0.495    0.197
 6.33   5.00    0.692   59.672
 6.33   5.00    0.670    0.289   0.692   0.229
 6.33   5.00    0.670    0.281   0.692   0.221

 6.34   0.00    0.227    0.219   0.055   0.039   0.031   0.011   0.081   0.011   0.000   0.000   0.000 395413000
 6.34   6.58   60.383
 6.34   5.00    0.494    0.197
 6.34   5.00    0.692   59.653
 6.34   5.00    0.669    0.288   0.692   0.229
 6.34   5.00    0.670    0.281   0.692   0.221

 6.35   0.00    0.227    0.219   0.054   0.039   0.031   0.011   0.081   0.011   0.000   0.000   0.000 396036700
 6.35   6.58   60.356
 6.35   5.00    0.494    0.198
 6.35   5.00    0.692   59.634
 6.35   5.00    0.669    0.288   0.692   0.229
 6.35   5.00    0.670    0.280   0.692   0.221

 6.36   0.00    0.227    0.219   0.054   0.039   0.031   0.011   0.081   0.011   0.000   0.000   0.000 396660400
 6.36   6.59   60.329
 6.36   5.00    0.493    0.198
 6.36   5.00    0.691   59.615
 6.36   5.00    0.669    0.288   0.691   0.228
 6.36   5.00    0.669    0.280   0.691   0.221

 6.37   0.00    0.226    0.219   0.054   0.039   0.030   0.011   0.081   0.011   0.000   0.000   0.000 397284000
 6.37   6.59   60.302
 6.37   5.00    0.493    0.198
 6.37   5.00    0.691   59.597
 6.37   5.00    0.668    0.287   0.691   0.228
 6.37   5.00    0.669    0.280   0.691   0.220

 6.38   0.00    0.226    0.219   0.054   0.039   0.030   0.011   0.081   0.011   0.000   0.000   0.000 397907700
 6.38   6.59   60.275
 6.38   5.00    0.492    0.198
 6.38   5.00    0.691   59.578
 6.38   5.00    0.668    0.287   0.691   0.228
 6.38   5.00    0.669    0.280   0.691   0.220

 6.39   0.00    0.226    0.218   0.054   0.039   0.030   0.011   0.082   0.010   0.000   0.000   0.000 398531400
 6.39   6.60   60.248
 6.39   5.00    0.492    0.198
 6.39   5.00    0.690   59.559
 6.39   5.00    0.668    0.287   0.690   0.228
 6.39   5.00    0.668    0.279   0.690   0.220

 6.40   0.00    0.226    0.218   0.054   0.039   0.030   0.011   0.082   0.010   0.000   0.000   0.000 399155100
 6.40   6.60   60.221
 6.40   5.00    0.491    0.198
 6.40   5.00    0.690   59.540
 6.40   5.00    0.667    0.287   0.690   0.227
 6.40   5.00    0.668    0.279   0.690   0.220

 6.41   0.00    0.225    0.218   0.054   0.039   0.030   0.011   0.082   0.010   0.000   0.000   0.000 399778800
 6.41   6.61   60.194
 6.41   5.00    0.491    0.199
 6.41   5.00    0.690   59.522
 6.41   5.00    0.667    0.286   0.690   0.227
 6.41   5.00    0.668    0.279   0.690   0.220

 6.42   0.00    0.225    0.218   0.054   0.039   0.030   0.011   0.082   0.010   0.000   0.000   0.000 400402400
 6.42   6.61   60.167
 6.42   5.00    0.490    0.199
 6.42   5.00    0.689   59.503
 6.42   5.00    0.667    0.286   0.689   0.227
 6.42   5.00    0.668    0.279   0.689   0.219

 6.43   0.00    0.225    0.217   0.054   0.039   0.030   0.011   0.082   0.010   0.000   0.000   0.000 401026100
 6.43   6.61   60.141
 6.43   5.00    0.490    0.199
 6.43   5.00    0.689   59.485
 6.43   5.00    0.667    0.286   0.689   0.227
 6.43   5.00    0.667    0.278   0.689   0.219

 6.44   0.00    0.225    0.217   0.054   0.039   0.030   0.011   0.082   0.010   0.000   0.000   0.000 401649800
 6.44   6.62   60.114
 6.44   5.00    0.489    0.199
 6.44   5.00    0.689   59.466
 6.44   5.00    0.666    0.286   0.689   0.226
 6.44   5.00    0.667    0.278   0.689   0.219

 6.45   0.00    0.224    0.217   0.054   0.039   0.030   0.011   0.082   0.010   0.000   0.000   0.000 402273500
 6.45   6.62   60.088
 6.45   5.00    0.489    0.199
 6.45   5.00    0.688   59.448
 6.45   5.00    0.666    0.285   0.688   0.226
 6.45   5.00    0.667    0.278   0.688   0.219

 6.46   0.00    0.224    0.217   0.053   0.039   0.029   0.011   0.082   0.010   0.000   0.000   0.000 402897200
 6.46   6.63   60.061
 6.46   5.00    0.488    0.200
 6.46   5.00    0.688   59.429
 6.46   5.00    0.666    0.285   0.688   0.226
 6.46   5.00    0.666    0.278   0.688   0.218

 6.47   0.00    0.224    0.217   0.053   0.039   0.029   0.011   0.082   0.010   0.000   0.000   0.000 403520800
 6.47   6.63   60.035
 6.47   5.00    0.488    0.200
 6.47   5.00    0.688   59.411
 6.47   5.00    0.665    0.285   0.688   0.226
 6.47   5.00    0.666    0.277   0.688   0.218

 6.48   0.00    0.224    0.216   0.053   0.039   0.029   0.011   0.082   0.010   0.000   0.000   0.000 404144500
 6.48   6.63   60.009
 6.48   5.00    0.487    0.200
 6.48   5.00    0.687   59.392
 6.48   5.00    0.665    0.284   0.687   0.225
 6.48   5.00    0.666    0.277   0.687   0.218

 6.49   0.00    0.223    0.216   0.053   0.039   0.029   0.011   0.082   0.010   0.000   0.000   0.000 404768200
 6.49   6.64   59.983
 6.49   5.00    0.487    0.200
 6.49   5.00    0.687   59.374
 6.49   5.00    0.665    0.284   0.687   0.225
 6.49   5.00    0.665    0.277   0.687   0.218

 6.50   0.00    0.223    0.216   0.053   0.039   0.029   0.011   0.082   0.010   0.000   0.000   0.000 405391900
 6.50   6.64   59.957
 6.50   5.00    0.486    0.200
 6.50   5.00    0.687   59.355
 6.50   5.00    0.664    0.284   0.687   0.225
 6.50   5.00    0.665    0.277   0.687   0.218

 6.51   0.00    0.223    0.216   0.053   0.039   0.029   0.011   0.082   0.010   0.000   0.000   0.000 406015600
 6.51   6.65   59.931
 6.51   5.00    0.486    0.200
 6.51   5.00    0.686   59.337
 6.51   5.00    0.664    0.284   0.686   0.225
 6.51   5.00    0.665    0.276   0.686   0.217

 6.52   0.00    0.223    0.216   0.053   0.039   0.029   0.010   0.082   0.010   0.000   0.000   0.000 406639200
 6.52   6.65   59.906
 6.52   5.00    0.485    0.201
 6.52   5.00    0.686   59.319
 6.52   5.00    0.664    0.283   0.686   0.224
 6.52   5.00    0.665    0.276   0.686   0.217

 6.53   0.00    0.222    0.215   0.053   0.039   0.029   0.010   0.082   0.010   0.000   0.000   0.000 407262900
 6.53   6.65   59.880
 6.53   5.00    0.485    0.201
 6.53   5.00    0.686   59.301
 6.53   5.00    0.664    0.283   0.686   0.224
 6.53   5.00    0.664    0.276   0.686   0.217

 6.54   0.00    0.222    0.215   0.053   0.039   0.029   0.010   0.082   0.010   0.000   0.000   0.000 407886600
 6.54   6.66   59.855
 6.54   5.00    0.484    0.201
 6.54   5.00    0.685   59.282
 6.54   5.00    0.663    0.283   0.685   0.224
 6.54   5.00    0.664    0.276   0.685   0.217

 6.55   0.00    0.222    0.215   0.053   0.039   0.028   0.010   0.082   0.010   0.000   0.000   0.000 408510300
 6.55   6.66   59.829
 6.55   5.00    0.484    0.201
 6.55   5.00    0.685   59.264
 6.55   5.00    0.663    0.283   0.685   0.224
 6.55   5.00    0.664    0.275   0.685   0.217

 6.56   0.00    0.222    0.215   0.053   0.039   0.028   0.010   0.082   0.010   0.000   0.000   0.000 409134000
 6.56   6.67   59.804
 6.56   5.00    0.483    0.201
 6.56   5.00    0.685   59.246
 6.56   5.00    0.663    0.282   0.685   0.223
 6.56   5.00    0.663    0.275   0.685   0.216

 6.57   0.00    0.222    0.215   0.052   0.039   0.028   0.010   0.082   0.010   0.000   0.000   0.000 409757600
 6.57   6.67   59.779
 6.57   5.00    0.483    0.202
 6.57   5.00    0.685   59.228
 6.57   5.00    0.663    0.282   0.685   0.223
 6.57   5.00    0.663    0.275   0.685   0.216

 6.58   0.00    0.221    0.214   0.052   0.039   0.028   0.010   0.082   0.010   0.000   0.000   0.000 410381300
 6.58   6.68   59.753
 6.58   5.00    0.483    0.202
 6.58   5.00    0.684   59.210
 6.58   5.00    0.662    0.282   0.684   0.223
 6.58   5.00    0.663    0.275   0.684   0.216

 6.59   0.00    0.221    0.214   0.052   0.039   0.028   0.010   0.082   0.010   0.000   0.000   0.000 411005000
 6.59   6.68   59.728
 6.59   5.00    0.482    0.202
 6.59   5.00    0.684   59.192
 6.59   5.00    0.662    0.282   0.684   0.223
 6.59   5.00    0.663    0.275   0.684   0.216

 6.60   0.00    0.221    0.214   0.052   0.039   0.028   0.010   0.082   0.010   0.000   0.000   0.000 411628700
 6.60   6.68   59.703
 6.60   5.00    0.482    0.202
 6.60   5.00    0.684   59.174
 6.60   5.00    0.662    0.281   0.684   0.223
 6.60   5.00    0.662    0.274   0.684   0.216

 6.61   0.00    0.221    0.214   0.052   0.039   0.028   0.010   0.082   0.010   0.000   0.000   0.000 412252400
 6.61   6.69   59.679
 6.61   5.00    0.481    0.202
 6.61   5.00    0.683   59.156
 6.61   5.00    0.661    0.281   0.683   0.222
 6.61   5.00    0.662    0.274   0.683   0.215

 6.62   0.00    0.220    0.213   0.052   0.039   0.028   0.010   0.082   0.010   0.000   0.000   0.000 412876000
 6.62   6.69   59.654
 6.62   5.00    0.481    0.203
 6.62   5.00    0.683   59.138
 6.62   5.00    0.661    0.281   0.683   0.222
 6.62   5.00    0.662    0.274   0.683   0.215

 6.63   0.00    0.220    0.213   0.052   0.039   0.028   0.010   0.082   0.010   0.000   0.000   0.000 413499700
 6.63   6.70   59.629
 6.63   5.00    0.480    0.203
 6.63   5.00    0.683   59.120
 6.63   5.00    0.661    0.280   0.683   0.222
 6.63   5.00    0.661    0.274   0.683   0.215

 6.64   0.00    0.220    0.213   0.052   0.039   0.027   0.010   0.082   0.010   0.000   0.000   0.000 414123400
 6.64   6.70   59.604
 6.64   5.00    0.480    0.203
 6.64   5.00    0.683   59.102
 6.64   5.00    0.661    0.280   0.683   0.222
 6.64   5.00    0.661    0.273   0.683   0.215

 6.65   0.00    0.220    0.213   0.052   0.039   0.027   0.010   0.082   0.010   0.000   0.000   0.000 414747100
 6.65   6.71   59.580
 6.65   5.00    0.479    0.203
 6.65   5.00    0.682   59.085
 6.65   5.00    0.660    0.280   0.682   0.221
 6.65   5.00    0.661    0.273   0.682   0.214

 6.66   0.00    0.219    0.213   0.052   0.039   0.027   0.010   0.082   0.010   0.000   0.000   0.000 415370800
 6.66   6.71   59.556
 6.66   5.00    0.479    0.203
 6.66   5.00    0.682   59.067
 6.66   5.00    0.660    0.280   0.682   0.221
 6.66   5.00    0.661    0.273   0.682   0.214

 6.67   0.00    0.219    0.212   0.052   0.039   0.027   0.010   0.082   0.010   0.000   0.000   0.000 415994400
 6.67   6.71   59.531
 6.67   5.00    0.478    0.203
 6.67   5.00    0.682   59.049
 6.67   5.00    0.660    0.279   0.682   0.221
 6.67   5.00    0.660    0.273   0.682   0.214

 6.68   0.00    0.219    0.212   0.051   0.039   0.027   0.010   0.082   0.010   0.000   0.000   0.000 416618100
 6.68   6.72   59.507
 6.68   5.00    0.478    0.204
 6.68   5.00    0.681   59.031
 6.68   5.00    0.660    0.279   0.681   0.221
 6.68   5.00    0.660    0.272   0.681   0.214

 6.69   0.00    0.219    0.212   0.051   0.039   0.027   0.010   0.082   0.010   0.000   0.000   0.000 417241800
 6.69   6.72   59.483
 6.69   5.00    0.477    0.204
 6.69   5.00    0.681   59.014
 6.69   5.00    0.659    0.279   0.681   0.220
 6.69   5.00    0.660    0.272   0.681   0.214

 6.70   0.00    0.218    0.212   0.051   0.039   0.027   0.010   0.082   0.010   0.000   0.000   0.000 417865400
 6.70   6.73   59.459
 6.70   5.00    0.477    0.204
 6.70   5.00    0.681   58.996
 6.70   5.00    0.659    0.279   0.681   0.220
 6.70   5.00    0.660    0.272   0.681   0.213

 6.71   0.00    0.218    0.212   0.051   0.039   0.027   0.010   0.082   0.010   0.000   0.000   0.000 418489200
 6.71   6.73   59.435
 6.71   5.00    0.476    0.204
 6.71   5.00    0.681   58.979
 6.71   5.00    0.659    0.278   0.681   0.220
 6.71   5.00    0.659    0.272   0.681   0.213

 6.72   0.00    0.218    0.211   0.051   0.039   0.027   0.010   0.082   0.010   0.000   0.000   0.000 419112800
 6.72   6.74   59.411
 6.72   5.00    0.476    0.204
 6.72   5.00    0.680   58.961
 6.72   5.00    0.659    0.278   0.680   0.220
 6.72   5.00    0.659    0.272   0.680   0.213

 6.73   0.00    0.218    0.211   0.051   0.039   0.027   0.010   0.082   0.010   0.000   0.000   0.000 419736500
 6.73   6.74   59.387
 6.73   5.00    0.475    0.205
 6.73   5.00    0.680   58.944
 6.73   5.00    0.658    0.278   0.680   0.219
 6.73   5.00    0.659    0.271   0.680   0.213

 6.74   0.00    0.218    0.211   0.051   0.039   0.026   0.010   0.082   0.010   0.000   0.000   0.000 420360200
 6.74   6.75   59.364
 6.74   5.00    0.475    0.205
 6.74   5.00    0.680   58.926
 6.74   5.00    0.658    0.278   0.680   0.219
 6.74   5.00    0.659    0.271   0.680   0.213

 6.75   0.00    0.217    0.211   0.051   0.039   0.026   0.010   0.082   0.010   0.000   0.000   0.000 420983900
 6.75   6.75   59.340
 6.75   5.00    0.474    0.205
 6.75   5.00    0.679   58.909
 6.75   5.00    0.658    0.277   0.679   0.219
 6.75   5.00    0.658    0.271   0.679   0.212

 6.76   0.00    0.217    0.211   0.051   0.039   0.026   0.010   0.082   0.010   0.000   0.000   0.000 421607600
 6.76   6.75   59.316
 6.76   5.00    0.474    0.205
 6.76   5.00    0.679   58.891
 6.76   5.00    0.658    0.277   0.679   0.219
 6.76   5.00    0.658    0.271   0.679   0.212

 6.77   0.00    0.217    0.210   0.051   0.039   0.026   0.010   0.082   0.010   0.000   0.000   0.000 422231200
 6.77   6.76   59.293
 6.77   5.00    0.474    0.205
 6.77   5.00    0.679   58.874
 6.77   5.00    0.657    0.277   0.679   0.219
 6.77   5.00    0.658    0.270   0.679   0.212

 6.78   0.00    0.217    0.210   0.051   0.039   0.026   0.010   0.082   0.010   0.000   0.000   0.000 422854900
 6.78   6.76   59.270
 6.78   5.00    0.473    0.206
 6.78   5.00    0.679   58.856
 6.78   5.00    0.657    0.277   0.679   0.218
 6.78   5.00    0.658    0.270   0.679   0.212

 6.79   0.00    0.216    0.210   0.051   0.039   0.026   0.010   0.082   0.010   0.000   0.000   0.000 423478600
 6.79   6.77   59.246
 6.79   5.00    0.473    0.206
 6.79   5.00    0.678   58.839
 6.79   5.00    0.657    0.276   0.678   0.218
 6.79   5.00    0.657    0.270   0.678   0.212

 6.80   0.00    0.216    0.210   0.050   0.039   0.026   0.010   0.082   0.010   0.000   0.000   0.000 424102300
 6.80   6.77   59.223
 6.80   5.00    0.472    0.206
 6.80   5.00    0.678   58.822
 6.80   5.00    0.657    0.276   0.678   0.218
 6.80   5.00    0.657    0.270   0.678   0.211

 6.81   0.00    0.216    0.210   0.050   0.039   0.026   0.010   0.082   0.010   0.000   0.000   0.000 424726000
 6.81   6.78   59.200
 6.81   5.00    0.472    0.206
 6.81   5.00    0.678   58.805
 6.81   5.00    0.656    0.276   0.678   0.218
 6.81   5.00    0.657    0.269   0.678   0.211

 6.82   0.00    0.216    0.209   0.050   0.039   0.026   0.010   0.082   0.010   0.000   0.000   0.000 425349600
 6.82   6.78   59.177
 6.82   5.00    0.471    0.206
 6.82   5.00    0.678   58.787
 6.82   5.00    0.656    0.276   0.678   0.217
 6.82   5.00    0.657    0.269   0.678   0.211

 6.83   0.00    0.216    0.209   0.050   0.039   0.025   0.010   0.082   0.010   0.000   0.000   0.000 425973300
 6.83   6.79   59.154
 6.83   5.00    0.471    0.207
 6.83   5.00    0.677   58.770
 6.83   5.00    0.656    0.275   0.677   0.217
 6.83   5.00    0.656    0.269   0.677   0.211

 6.84   0.00    0.215    0.209   0.050   0.039   0.025   0.010   0.082   0.010   0.000   0.000   0.000 426597000
 6.84   6.79   59.132
 6.84   5.00    0.470    0.207
 6.84   5.00    0.677   58.753
 6.84   5.00    0.656    0.275   0.677   0.217
 6.84   5.00    0.656    0.269   0.677   0.211

 6.85   0.00    0.215    0.209   0.050   0.039   0.025   0.010   0.082   0.010   0.000   0.000   0.000 427220700
 6.85   6.80   59.109
 6.85   5.00    0.470    0.207
 6.85   5.00    0.677   58.736
 6.85   5.00    0.655    0.275   0.677   0.217
 6.85   5.00    0.656    0.269   0.677   0.210

 6.86   0.00    0.215    0.209   0.050   0.039   0.025   0.010   0.082   0.010   0.000   0.000   0.000 427844400
 6.86   6.80   59.086
 6.86   5.00    0.469    0.207
 6.86   5.00    0.677   58.719
 6.86   5.00    0.655    0.275   0.677   0.216
 6.86   5.00    0.656    0.268   0.677   0.210

 6.87   0.00    0.215    0.208   0.050   0.039   0.025   0.010   0.082   0.010   0.000   0.000   0.000 428468000
 6.87   6.81   59.064
 6.87   5.00    0.469    0.207
 6.87   5.00    0.676   58.702
 6.87   5.00    0.655    0.274   0.676   0.216
 6.87   5.00    0.656    0.268   0.676   0.210

 6.88   0.00    0.214    0.208   0.050   0.039   0.025   0.010   0.082   0.010   0.000   0.000   0.000 429091700
 6.88   6.81   59.041
 6.88   5.00    0.469    0.208
 6.88   5.00    0.676   58.685
 6.88   5.00    0.655    0.274   0.676   0.216
 6.88   5.00    0.655    0.268   0.676   0.210

 6.89   0.00    0.214    0.208   0.050   0.039   0.025   0.010   0.082   0.010   0.000   0.000   0.000 429715400
 6.89   6.81   59.019
 6.89   5.00    0.468    0.207
 6.89   5.00    0.676   58.669
 6.89   5.00    0.654    0.274   0.676   0.216
 6.89   5.00    0.655    0.268   0.676   0.210

 6.90   0.00    0.214    0.208   0.050   0.039   0.025   0.010   0.082   0.010   0.000   0.000   0.000 430339100
 6.90   6.82   58.997
 6.90   5.00    0.468    0.207
 6.90   5.00    0.675   58.653
 6.90   5.00    0.654    0.274   0.675   0.216
 6.90   5.00    0.654    0.267   0.675   0.209

 6.91   0.00    0.214    0.208   0.050   0.039   0.025   0.010   0.082   0.010   0.000   0.000   0.000 430962700
 6.91   6.82   58.974
 6.91   5.00    0.467    0.207
 6.91   5.00    0.675   58.637
 6.91   5.00    0.653    0.273   0.675   0.215
 6.91   5.00    0.654    0.267   0.675   0.209

 6.92   0.00    0.213    0.207   0.049   0.038   0.024   0.010   0.082   0.010   0.000   0.000   0.000 431586400
 6.92   6.83   58.952
 6.92   5.00    0.467    0.207
 6.92   5.00    0.674   58.621
 6.92   5.00    0.653    0.273   0.674   0.215
 6.92   5.00    0.654    0.267   0.674   0.209

 6.93   0.00    0.213    0.207   0.049   0.038   0.024   0.010   0.082   0.010   0.000   0.000   0.000 432210100
 6.93   6.83   58.930
 6.93   5.00    0.466    0.207
 6.93   5.00    0.674   58.604
 6.93   5.00    0.653    0.273   0.674   0.215
 6.93   5.00    0.653    0.267   0.674   0.209

 6.94   0.00    0.213    0.207   0.049   0.038   0.024   0.010   0.082   0.010   0.000   0.000   0.000 432833800
 6.94   6.84   58.908
 6.94   5.00    0.466    0.207
 6.94   5.00    0.673   58.588
 6.94   5.00    0.652    0.273   0.673   0.215
 6.94   5.00    0.653    0.266   0.673   0.209

 6.95   0.00    0.213    0.207   0.049   0.038   0.024   0.010   0.082   0.010   0.000   0.000   0.000 433457400
 6.95   6.84   58.886
 6.95   5.00    0.465    0.207
 6.95   5.00    0.673   58.572
 6.95   5.00    0.652    0.272   0.673   0.214
 6.95   5.00    0.652    0.266   0.673   0.208

 6.96   0.00    0.213    0.207   0.049   0.038   0.024   0.010   0.082   0.010   0.000   0.000   0.000 434081200
 6.96   6.85   58.865
 6.96   5.00    0.465    0.207
 6.96   5.00    0.673   58.556
 6.96   5.00    0.651    0.272   0.673   0.214
 6.96   5.00    0.652    0.266   0.673   0.208

 6.97   0.00    0.212    0.206   0.049   0.038   0.024   0.010   0.082   0.010   0.000   0.000   0.000 434704800
 6.97   6.85   58.843
 6.97   5.00    0.465    0.207
 6.97   5.00    0.672   58.540
 6.97   5.00    0.651    0.272   0.672   0.214
 6.97   5.00    0.651    0.266   0.672   0.208

 6.98   0.00    0.212    0.206   0.049   0.038   0.024   0.010   0.082   0.010   0.000   0.000   0.000 435328500
 6.98   6.86   58.821
 6.98   5.00    0.464    0.207
 6.98   5.00    0.672   58.524
 6.98   5.00    0.650    0.271   0.672   0.214
 6.98   5.00    0.651    0.265   0.672   0.208

 6.99   0.00    0.212    0.206   0.049   0.038   0.024   0.010   0.082   0.009   0.000   0.000   0.000 435952200
 6.99   6.86   58.800
 6.99   5.00    0.464    0.207
 6.99   5.00    0.671   58.508
 6.99   5.00    0.650    0.271   0.671   0.214
 6.99   5.00    0.651    0.265   0.671   0.208

 7.00   0.00    0.212    0.206   0.049   0.038   0.024   0.010   0.082   0.009   0.000   0.000   0.000 436575900
 7.00   6.87   58.778
 7.00   5.00    0.463    0.207
 7.00   5.00    0.671   58.493
 7.00   5.00    0.650    0.271   0.671   0.213
 7.00   5.00    0.650    0.265   0.671   0.207

 7.01   0.00    0.212    0.206   0.049   0.038   0.024   0.010   0.082   0.009   0.000   0.000   0.000 437199600
 7.01   6.87   58.757
 7.01   5.00    0.463    0.207
 7.01   5.00    0.670   58.477
 7.01   5.00    0.649    0.271   0.670   0.213
 7.01   5.00    0.650    0.265   0.670   0.207

 7.02   0.00    0.211    0.205   0.049   0.038   0.023   0.010   0.082   0.009   0.000   0.000   0.000 437823200
 7.02   6.88   58.736
 7.02   5.00    0.462    0.207
 7.02   5.00    0.670   58.461
 7.02   5.00    0.649    0.271   0.670   0.213
 7.02   5.00    0.649    0.265   0.670   0.207

 7.03   0.00    0.211    0.205   0.049   0.038   0.023   0.010   0.082   0.009   0.000   0.000   0.000 438446900
 7.03   6.88   58.714
 7.03   5.00    0.462    0.207
 7.03   5.00    0.670   58.445
 7.03   5.00    0.648    0.270   0.670   0.213
 7.03   5.00    0.649    0.264   0.670   0.207

 7.04   0.00    0.211    0.205   0.049   0.038   0.023   0.010   0.082   0.009   0.000   0.000   0.000 439070600
 7.04   6.89   58.693
 7.04   5.00    0.462    0.207
 7.04   5.00    0.669   58.429
 7.04   5.00    0.648    0.270   0.669   0.213
 7.04   5.00    0.649    0.264   0.669   0.207

 7.05   0.00    0.211    0.205   0.048   0.038   0.023   0.010   0.082   0.009   0.000   0.000   0.000 439694300
 7.05   6.89   58.672
 7.05   5.00    0.461    0.207
 7.05   5.00    0.669   58.413
 7.05   5.00    0.648    0.270   0.669   0.212
 7.05   5.00    0.648    0.264   0.669   0.207

 7.06   0.00    0.211    0.205   0.048   0.038   0.023   0.010   0.082   0.009   0.000   0.000   0.000 440317900
 7.06   6.90   58.651
 7.06   5.00    0.461    0.207
 7.06   5.00    0.668   58.398
 7.06   5.00    0.647    0.270   0.668   0.212
 7.06   5.00    0.648    0.264   0.668   0.206

 7.07   0.00    0.210    0.205   0.048   0.038   0.023   0.010   0.082   0.009   0.000   0.000   0.000 440941600
 7.07   6.90   58.630
 7.07   5.00    0.460    0.207
 7.07   5.00    0.668   58.382
 7.07   5.00    0.647    0.270   0.668   0.212
 7.07   5.00    0.647    0.264   0.668   0.206

 7.08   0.00    0.210    0.205   0.048   0.038   0.023   0.010   0.082   0.009   0.000   0.000   0.000 441565300
 7.08   6.91   58.610
 7.08   5.00    0.460    0.207
 7.08   5.00    0.667   58.366
 7.08   5.00    0.646    0.269   0.667   0.212
 7.08   5.00    0.647    0.264   0.667   0.206

 7.09   0.00    0.210    0.204   0.048   0.038   0.023   0.010   0.082   0.009   0.000   0.000   0.000 442189000
 7.09   6.91   58.589
 7.09   5.00    0.459    0.207
 7.09   5.00    0.667   58.351
 7.09   5.00    0.646    0.269   0.667   0.212
 7.09   5.00    0.646    0.263   0.667   0.206

 7.10   0.00    0.210    0.204   0.048   0.038   0.023   0.010   0.082   0.009   0.000   0.000   0.000 442812600
 7.10   6.92   58.568
 7.10   5.00    0.459    0.207
 7.10   5.00    0.667   58.335
 7.10   5.00    0.646    0.269   0.667   0.212
 7.10   5.00    0.646    0.263   0.667   0.206

 7.11   0.00    0.210    0.204   0.048   0.038   0.023   0.010   0.082   0.009   0.000   0.000   0.000 443436400
 7.11   6.92   58.548
 7.11   5.00    0.459    0.207
 7.11   5.00    0.666   58.319
 7.11   5.00    0.645    0.269   0.666   0.211
 7.11   5.00    0.646    0.263   0.666   0.206

 7.12   0.00    0.210    0.204   0.048   0.038   0.023   0.010   0.082   0.009   0.000   0.000   0.000 444060000
 7.12   6.93   58.527
 7.12   5.00    0.458    0.207
 7.12   5.00    0.666   58.304
 7.12   5.00    0.645    0.268   0.666   0.211
 7.12   5.00    0.645    0.263   0.666   0.206

 7.13   0.00    0.209    0.204   0.048   0.038   0.023   0.009   0.082   0.009   0.000   0.000   0.000 444683700
 7.13   6.93   58.507
 7.13   5.00    0.458    0.207
 7.13   5.00    0.665   58.288
 7.13   5.00    0.644    0.268   0.665   0.211
 7.13   5.00    0.645    0.263   0.665   0.205

 7.14   0.00    0.209    0.204   0.048   0.038   0.023   0.009   0.082   0.009   0.000   0.000   0.000 445307400
 7.14   6.94   58.487
 7.14   5.00    0.457    0.207
 7.14   5.00    0.665   58.273
 7.14   5.00    0.644    0.268   0.665   0.211
 7.14   5.00    0.644    0.262   0.665   0.205

 7.15   0.00    0.209    0.204   0.048   0.038   0.023   0.009   0.082   0.009   0.000   0.000   0.000 445931100
 7.15   6.94   58.466
 7.15   5.00    0.457    0.207
 7.15   5.00    0.664   58.257
 7.15   5.00    0.644    0.268   0.664   0.211
 7.15   5.00    0.644    0.262   0.664   0.205

 7.16   0.00    0.209    0.203   0.048   0.038   0.023   0.009   0.082   0.009   0.000   0.000   0.000 446554700
 7.16   6.95   58.446
 7.16   5.00    0.457    0.207
 7.16   5.00    0.664   58.242
 7.16   5.00    0.643    0.268   0.664   0.211
 7.16   5.00    0.644    0.262   0.664   0.205

 7.17   0.00    0.209    0.203   0.048   0.038   0.023   0.009   0.082   0.009   0.000   0.000   0.000 447178400
 7.17   6.95   58.427
 7.17   5.00    0.456    0.207
 7.17   5.00    0.664   58.226
 7.17   5.00    0.643    0.267   0.664   0.210
 7.17   5.00    0.643    0.262   0.664   0.205

 7.18   0.00    0.209    0.203   0.047   0.038   0.023   0.009   0.082   0.009   0.000   0.000   0.000 447802100
 7.18   6.95   58.410
 7.18   5.00    0.456    0.207
 7.18   5.00    0.663   58.211
 7.18   5.00    0.642    0.267   0.663   0.210
 7.18   5.00    0.643    0.262   0.663   0.205

 7.19   0.00    0.208    0.203   0.047   0.038   0.022   0.009   0.082   0.009   0.000   0.000   0.000 448425800
 7.19   6.94   58.392
 7.19   5.00    0.455    0.207
 7.19   5.00    0.663   58.195
 7.19   5.00    0.642    0.267   0.663   0.210
 7.19   5.00    0.642    0.261   0.663   0.205

 7.20   0.00    0.208    0.203   0.047   0.038   0.022   0.009   0.082   0.009   0.000   0.000   0.000 449049400
 7.20   6.94   58.375
 7.20   5.00    0.455    0.207
 7.20   5.00    0.662   58.180
 7.20   5.00    0.642    0.267   0.662   0.210
 7.20   5.00    0.642    0.261   0.662   0.204

 7.21   0.00    0.208    0.203   0.047   0.038   0.022   0.009   0.082   0.009   0.000   0.000   0.000 449673200
 7.21   6.94   58.358
 7.21   5.00    0.454    0.207
 7.21   5.00    0.662   58.165
 7.21   5.00    0.641    0.267   0.662   0.210
 7.21   5.00    0.642    0.261   0.662   0.204

 7.22   0.00    0.208    0.203   0.047   0.038   0.022   0.009   0.082   0.009   0.000   0.000   0.000 450296800
 7.22   6.93   58.341
 7.22   5.00    0.454    0.207
 7.22   5.00    0.662   58.149
 7.22   5.00    0.641    0.266   0.662   0.210
 7.22   5.00    0.641    0.261   0.662   0.204

 7.23   0.00    0.208    0.202   0.047   0.038   0.022   0.009   0.082   0.009   0.000   0.000   0.000 450920500
 7.23   6.93   58.324
 7.23   5.00    0.454    0.207
 7.23   5.00    0.661   58.134
 7.23   5.00    0.640    0.266   0.661   0.209
 7.23   5.00    0.641    0.261   0.661   0.204

 7.24   0.00    0.208    0.202   0.047   0.038   0.022   0.009   0.082   0.009   0.000   0.000   0.000 451544200
 7.24   6.92   58.307
 7.24   5.00    0.453    0.207
 7.24   5.00    0.661   58.119
 7.24   5.00    0.640    0.266   0.661   0.209
 7.24   5.00    0.640    0.261   0.661   0.204

 7.25   0.00    0.207    0.202   0.047   0.038   0.022   0.009   0.082   0.009   0.000   0.000   0.000 452167800
 7.25   6.92   58.291
 7.25   5.00    0.453    0.207
 7.25   5.00    0.660   58.103
 7.25   5.00    0.640    0.266   0.660   0.209
 7.25   5.00    0.640    0.260   0.660   0.204

 7.26   0.00    0.207    0.202   0.047   0.038   0.022   0.009   0.082   0.009   0.000   0.000   0.000 452791600
 7.26   6.92   58.274
 7.26   5.00    0.452    0.207
 7.26   5.00    0.660   58.088
 7.26   5.00    0.639    0.266   0.660   0.209
 7.26   5.00    0.640    0.260   0.660   0.204

 7.27   0.00    0.207    0.202   0.047   0.038   0.022   0.009   0.082   0.009   0.000   0.000   0.000 453415200
 7.27   6.91   58.257
 7.27   5.00    0.452    0.207
 7.27   5.00    0.660   58.073
 7.27   5.00    0.639    0.265   0.660   0.209
 7.27   5.00    0.639    0.260   0.660   0.203

 7.28   0.00    0.207    0.202   0.047   0.038   0.022   0.009   0.082   0.009   0.000   0.000   0.000 454038900
 7.28   6.91   58.240
 7.28   5.00    0.452    0.207
 7.28   5.00    0.659   58.058
 7.28   5.00    0.638    0.265   0.659   0.209
 7.28   5.00    0.639    0.260   0.659   0.203

 7.29   0.00    0.207    0.202   0.047   0.038   0.022   0.009   0.082   0.009   0.000   0.000   0.000 454662600
 7.29   6.91   58.223
 7.29   5.00    0.451    0.207
 7.29   5.00    0.659   58.043
 7.29   5.00    0.638    0.265   0.659   0.208
 7.29   5.00    0.639    0.260   0.659   0.203

 7.30   0.00    0.207    0.201   0.047   0.038   0.022   0.009   0.082   0.009   0.000   0.000   0.000 455286300
 7.30   6.90   58.206
 7.30   5.00    0.451    0.207
 7.30   5.00    0.658   58.028
 7.30   5.00    0.638    0.265   0.658   0.208
 7.30   5.00    0.638    0.260   0.658   0.203

 7.31   0.00    0.207    0.201   0.046   0.038   0.022   0.009   0.082   0.009   0.000   0.000   0.000 455909900
 7.31   6.90   58.190
 7.31   5.00    0.450    0.207
 7.31   5.00    0.658   58.012
 7.31   5.00    0.637    0.265   0.658   0.208
 7.31   5.00    0.638    0.259   0.658   0.203

 7.32   0.00    0.206    0.201   0.046   0.038   0.022   0.009   0.082   0.009   0.000   0.000   0.000 456533600
 7.32   6.90   58.173
 7.32   5.00    0.450    0.207
 7.32   5.00    0.658   57.997
 7.32   5.00    0.637    0.264   0.658   0.208
 7.32   5.00    0.637    0.259   0.658   0.203

 7.33   0.00    0.206    0.201   0.046   0.038   0.022   0.009   0.082   0.009   0.000   0.000   0.000 457157300
 7.33   6.89   58.156
 7.33   5.00    0.450    0.207
 7.33   5.00    0.657   57.982
 7.33   5.00    0.637    0.264   0.657   0.208
 7.33   5.00    0.637    0.259   0.657   0.203

 7.34   0.00    0.206    0.201   0.046   0.038   0.022   0.009   0.082   0.009   0.000   0.000   0.000 457781000
 7.34   6.89   58.140
 7.34   5.00    0.449    0.207
 7.34   5.00    0.657   57.967
 7.34   5.00    0.636    0.264   0.657   0.208
 7.34   5.00    0.637    0.259   0.657   0.202

 7.35   0.00    0.206    0.201   0.046   0.038   0.022   0.009   0.082   0.009   0.000   0.000   0.000 458404600
 7.35   6.89   58.123
 7.35   5.00    0.449    0.207
 7.35   5.00    0.656   57.952
 7.35   5.00    0.636    0.264   0.656   0.207
 7.35   5.00    0.636    0.259   0.656   0.202

 7.36   0.00    0.206    0.201   0.046   0.038   0.022   0.009   0.082   0.009   0.000   0.000   0.000 459028400
 7.36   6.88   58.107
 7.36   5.00    0.448    0.207
 7.36   5.00    0.656   57.937
 7.36   5.00    0.635    0.264   0.656   0.207
 7.36   5.00    0.636    0.258   0.656   0.202

 7.37   0.00    0.206    0.200   0.046   0.038   0.022   0.009   0.082   0.009   0.000   0.000   0.000 459652000
 7.37   6.88   58.090
 7.37   5.00    0.448    0.207
 7.37   5.00    0.656   57.922
 7.37   5.00    0.635    0.264   0.656   0.207
 7.37   5.00    0.635    0.258   0.656   0.202

 7.38   0.00    0.205    0.200   0.046   0.038   0.021   0.009   0.082   0.009   0.000   0.000   0.000 460275700
 7.38   6.88   58.073
 7.38   5.00    0.448    0.207
 7.38   5.00    0.655   57.907
 7.38   5.00    0.635    0.263   0.655   0.207
 7.38   5.00    0.635    0.258   0.655   0.202

 7.39   0.00    0.205    0.200   0.046   0.038   0.021   0.009   0.082   0.009   0.000   0.000   0.000 460899400
 7.39   6.87   58.057
 7.39   5.00    0.447    0.207
 7.39   5.00    0.655   57.892
 7.39   5.00    0.634    0.263   0.655   0.207
 7.39   5.00    0.635    0.258   0.655   0.202

 7.40   0.00    0.205    0.200   0.046   0.038   0.021   0.009   0.082   0.009   0.000   0.000   0.000 461523100
 7.40   6.87   58.040
 7.40   5.00    0.447    0.207
 7.40   5.00    0.654   57.877
 7.40   5.00    0.634    0.263   0.654   0.207
 7.40   5.00    0.634    0.258   0.654   0.202

 7.41   0.00    0.205    0.200   0.046   0.038   0.021   0.009   0.082   0.009   0.000   0.000   0.000 462146700
 7.41   6.87   58.024
 7.41   5.00    0.447    0.207
 7.41   5.00    0.654   57.863
 7.41   5.00    0.634    0.263   0.654   0.207
 7.41   5.00    0.634    0.258   0.654   0.201

 7.42   0.00    0.205    0.200   0.046   0.038   0.021   0.009   0.082   0.009   0.000   0.000   0.000 462770400
 7.42   6.86   58.008
 7.42   5.00    0.446    0.207
 7.42   5.00    0.654   57.848
 7.42   5.00    0.633    0.263   0.654   0.206
 7.42   5.00    0.634    0.257   0.654   0.201

 7.43   0.00    0.205    0.200   0.046   0.038   0.021   0.009   0.082   0.009   0.000   0.000   0.000 463394100
 7.43   6.86   57.991
 7.43   5.00    0.446    0.207
 7.43   5.00    0.653   57.833
 7.43   5.00    0.633    0.262   0.653   0.206
 7.43   5.00    0.633    0.257   0.653   0.201

 7.44   0.00    0.204    0.199   0.046   0.038   0.021   0.009   0.082   0.009   0.000   0.000   0.000 464017800
 7.44   6.86   57.975
 7.44   5.00    0.445    0.207
 7.44   5.00    0.653   57.818
 7.44   5.00    0.632    0.262   0.653   0.206
 7.44   5.00    0.633    0.257   0.653   0.201

 7.45   0.00    0.204    0.199   0.045   0.038   0.021   0.009   0.082   0.009   0.000   0.000   0.000 464641400
 7.45   6.85   57.959
 7.45   5.00    0.445    0.207
 7.45   5.00    0.652   57.803
 7.45   5.00    0.632    0.262   0.652   0.206
 7.45   5.00    0.632    0.257   0.652   0.201

 7.46   0.00    0.204    0.199   0.045   0.038   0.021   0.009   0.082   0.009   0.000   0.000   0.000 465265100
 7.46   6.85   57.942
 7.46   5.00    0.445    0.207
 7.46   5.00    0.652   57.789
 7.46   5.00    0.632    0.262   0.652   0.206
 7.46   5.00    0.632    0.257   0.652   0.201

 7.47   0.00    0.204    0.199   0.045   0.038   0.021   0.009   0.082   0.009   0.000   0.000   0.000 465888800
 7.47   6.85   57.926
 7.47   5.00    0.444    0.207
 7.47   5.00    0.652   57.774
 7.47   5.00    0.631    0.262   0.652   0.206
 7.47   5.00    0.632    0.257   0.652   0.201

 7.48   0.00    0.204    0.199   0.045   0.038   0.021   0.009   0.082   0.009   0.000   0.000   0.000 466512500
 7.48   6.84   57.910
 7.48   5.00    0.444    0.207
 7.48   5.00    0.651   57.759
 7.48   5.00    0.631    0.261   0.651   0.205
 7.48   5.00    0.631    0.256   0.651   0.200

 7.49   0.00    0.204    0.199   0.045   0.038   0.021   0.009   0.082   0.009   0.000   0.000   0.000 467136200
 7.49   6.84   57.894
 7.49   5.00    0.443    0.207
 7.49   5.00    0.651   57.745
 7.49   5.00    0.631    0.261   0.651   0.205
 7.49   5.00    0.631    0.256   0.651   0.200

 7.50   0.00    0.204    0.199   0.045   0.038   0.021   0.009   0.082   0.009   0.000   0.000   0.000 467759800
 7.50   6.84   57.877
 7.50   5.00    0.443    0.207
 7.50   5.00    0.651   57.730
 7.50   5.00    0.630    0.261   0.651   0.205
 7.50   5.00    0.631    0.256   0.651   0.200

 7.51   0.00    0.203    0.199   0.045   0.038   0.021   0.009   0.082   0.009   0.000   0.000   0.000 468383600
 7.51   6.83   57.861
 7.51   5.00    0.443    0.207
 7.51   5.00    0.650   57.715
 7.51   5.00    0.630    0.261   0.650   0.205
 7.51   5.00    0.630    0.256   0.650   0.200

 7.52   0.00    0.203    0.198   0.045   0.038   0.021   0.009   0.082   0.009   0.000   0.000   0.000 469007200
 7.52   6.83   57.845
 7.52   5.00    0.442    0.207
 7.52   5.00    0.650   57.701
 7.52   5.00    0.629    0.261   0.650   0.205
 7.52   5.00    0.630    0.256   0.650   0.200

 7.53   0.00    0.203    0.198   0.045   0.038   0.021   0.009   0.082   0.009   0.000   0.000   0.000 469630900
 7.53   6.83   57.829
 7.53   5.00    0.442    0.207
 7.53   5.00    0.649   57.686
 7.53   5.00    0.629    0.260   0.649   0.205
 7.53   5.00    0.630    0.256   0.649   0.200

 7.54   0.00    0.203    0.198   0.045   0.038   0.021   0.009   0.082   0.009   0.000   0.000   0.000 470254600
 7.54   6.82   57.813
 7.54   5.00    0.442    0.207
 7.54   5.00    0.649   57.672
 7.54   5.00    0.629    0.260   0.649   0.205
 7.54   5.00    0.629    0.255   0.649   0.200

 7.55   0.00    0.203    0.198   0.045   0.038   0.021   0.009   0.082   0.009   0.000   0.000   0.000 470878300
 7.55   6.82   57.797
 7.55   5.00    0.441    0.207
 7.55   5.00    0.649   57.657
 7.55   5.00    0.628    0.260   0.649   0.204
 7.55   5.00    0.629    0.255   0.649   0.199

 7.56   0.00    0.203    0.198   0.045   0.038   0.021   0.009   0.082   0.009   0.000   0.000   0.000 471501900
 7.56   6.82   57.781
 7.56   5.00    0.441    0.207
 7.56   5.00    0.648   57.643
 7.56   5.00    0.628    0.260   0.648   0.204
 7.56   5.00    0.628    0.255   0.648   0.199

 7.57   0.00    0.203    0.198   0.045   0.038   0.020   0.009   0.082   0.009   0.000   0.000   0.000 472125600
 7.57   6.81   57.765
 7.57   5.00    0.440    0.207
 7.57   5.00    0.648   57.628
 7.57   5.00    0.628    0.260   0.648   0.204
 7.57   5.00    0.628    0.255   0.648   0.199

 7.58   0.00    0.202    0.198   0.045   0.038   0.020   0.009   0.082   0.009   0.000   0.000   0.000 472749300
 7.58   6.81   57.749
 7.58   5.00    0.440    0.207
 7.58   5.00    0.648   57.614
 7.58   5.00    0.627    0.260   0.648   0.204
 7.58   5.00    0.628    0.255   0.648   0.199

 7.59   0.00    0.202    0.197   0.044   0.038   0.020   0.009   0.082   0.009   0.000   0.000   0.000 473373000
 7.59   6.81   57.733
 7.59   5.00    0.440    0.207
 7.59   5.00    0.647   57.599
 7.59   5.00    0.627    0.259   0.647   0.204
 7.59   5.00    0.627    0.255   0.647   0.199

 7.60   0.00    0.202    0.197   0.044   0.038   0.020   0.009   0.082   0.009   0.000   0.000   0.000 473996600
 7.60   6.81   57.717
 7.60   5.00    0.439    0.207
 7.60   5.00    0.647   57.585
 7.60   5.00    0.627    0.259   0.647   0.204
 7.60   5.00    0.627    0.254   0.647   0.199

 7.61   0.00    0.202    0.197   0.044   0.038   0.020   0.009   0.082   0.009   0.000   0.000   0.000 474620300
 7.61   6.80   57.701
 7.61   5.00    0.439    0.207
 7.61   5.00    0.646   57.570
 7.61   5.00    0.626    0.259   0.646   0.203
 7.61   5.00    0.627    0.254   0.646   0.199

 7.62   0.00    0.202    0.197   0.044   0.038   0.020   0.009   0.082   0.009   0.000   0.000   0.000 475244000
 7.62   6.80   57.685
 7.62   5.00    0.439    0.207
 7.62   5.00    0.646   57.556
 7.62   5.00    0.626    0.259   0.646   0.203
 7.62   5.00    0.626    0.254   0.646   0.198

 7.63   0.00    0.202    0.197   0.044   0.038   0.020   0.009   0.082   0.009   0.000   0.000   0.000 475867700
 7.63   6.80   57.670
 7.63   5.00    0.438    0.207
 7.63   5.00    0.646   57.542
 7.63   5.00    0.626    0.259   0.646   0.203
 7.63   5.00    0.626    0.254   0.646   0.198

 7.64   0.00    0.201    0.197   0.044   0.038   0.020   0.009   0.082   0.009   0.000   0.000   0.000 476491400
 7.64   6.79   57.654
 7.64   5.00    0.438    0.207
 7.64   5.00    0.645   57.527
 7.64   5.00    0.625    0.258   0.645   0.203
 7.64   5.00    0.626    0.254   0.645   0.198

 7.65   0.00    0.201    0.197   0.044   0.038   0.020   0.009   0.082   0.009   0.000   0.000   0.000 477115000
 7.65   6.79   57.638
 7.65   5.00    0.437    0.207
 7.65   5.00    0.645   57.513
 7.65   5.00    0.625    0.258   0.645   0.203
 7.65   5.00    0.625    0.254   0.645   0.198

 7.66   0.00    0.201    0.196   0.044   0.038   0.020   0.009   0.082   0.009   0.000   0.000   0.000 477738700
 7.66   6.79   57.622
 7.66   5.00    0.437    0.207
 7.66   5.00    0.645   57.499
 7.66   5.00    0.624    0.258   0.645   0.203
 7.66   5.00    0.625    0.253   0.645   0.198

 7.67   0.00    0.201    0.196   0.044   0.038   0.020   0.009   0.082   0.009   0.000   0.000   0.000 478362400
 7.67   6.78   57.607
 7.67   5.00    0.437    0.207
 7.67   5.00    0.644   57.485
 7.67   5.00    0.624    0.258   0.644   0.203
 7.67   5.00    0.625    0.253   0.644   0.198

 7.68   0.00    0.201    0.196   0.044   0.038   0.020   0.009   0.082   0.009   0.000   0.000   0.000 478986100
 7.68   6.78   57.591
 7.68   5.00    0.436    0.207
 7.68   5.00    0.644   57.470
 7.68   5.00    0.624    0.258   0.644   0.202
 7.68   5.00    0.624    0.253   0.644   0.198

 7.69   0.00    0.201    0.196   0.044   0.038   0.020   0.009   0.082   0.009   0.000   0.000   0.000 479609800
 7.69   6.78   57.575
 7.69   5.00    0.436    0.207
 7.69   5.00    0.643   57.456
 7.69   5.00    0.623    0.258   0.643   0.202
 7.69   5.00    0.624    0.253   0.643   0.198

 7.70   0.00    0.201    0.196   0.044   0.038   0.020   0.009   0.082   0.008   0.000   0.000   0.000 480233400
 7.70   6.78   57.560
 7.70   5.00    0.436    0.207
 7.70   5.00    0.643   57.442
 7.70   5.00    0.623    0.257   0.643   0.202
 7.70   5.00    0.623    0.253   0.643   0.197

 7.71   0.00    0.200    0.196   0.044   0.038   0.020   0.009   0.082   0.008   0.000   0.000   0.000 480857100
 7.71   6.77   57.544
 7.71   5.00    0.435    0.207
 7.71   5.00    0.643   57.428
 7.71   5.00    0.623    0.257   0.643   0.202
 7.71   5.00    0.623    0.253   0.643   0.197

 7.72   0.00    0.200    0.196   0.044   0.038   0.020   0.009   0.082   0.008   0.000   0.000   0.000 481480800
 7.72   6.77   57.528
 7.72   5.00    0.435    0.207
 7.72   5.00    0.642   57.414
 7.72   5.00    0.622    0.257   0.642   0.202
 7.72   5.00    0.623    0.252   0.642   0.197

 7.73   0.00    0.200    0.195   0.044   0.038   0.020   0.009   0.082   0.008   0.000   0.000   0.000 482104500
 7.73   6.77   57.513
 7.73   5.00    0.435    0.207
 7.73   5.00    0.642   57.399
 7.73   5.00    0.622    0.257   0.642   0.202
 7.73   5.00    0.622    0.252   0.642   0.197

 7.74   0.00    0.200    0.195   0.043   0.038   0.020   0.009   0.082   0.008   0.000   0.000   0.000 482728200
 7.74   6.76   57.497
 7.74   5.00    0.434    0.207
 7.74   5.00    0.642   57.385
 7.74   5.00    0.622    0.257   0.642   0.202
 7.74   5.00    0.622    0.252   0.642   0.197

 7.75   0.00    0.200    0.195   0.043   0.038   0.020   0.009   0.082   0.008   0.000   0.000   0.000 483351800
 7.75   6.76   57.482
 7.75   5.00    0.434    0.207
 7.75   5.00    0.641   57.371
 7.75   5.00    0.621    0.257   0.641   0.201
 7.75   5.00    0.622    0.252   0.641   0.197

 7.76   0.00    0.200    0.195   0.043   0.038   0.020   0.009   0.082   0.008   0.000   0.000   0.000 483975600
 7.76   6.76   57.467
 7.76   5.00    0.433    0.207
 7.76   5.00    0.641   57.357
 7.76   5.00    0.621    0.256   0.641   0.201
 7.76   5.00    0.621    0.252   0.641   0.197

 7.77   0.00    0.200    0.195   0.043   0.038   0.020   0.009   0.082   0.008   0.000   0.000   0.000 484599200
 7.77   6.76   57.451
 7.77   5.00    0.433    0.207
 7.77   5.00    0.641   57.343
 7.77   5.00    0.621    0.256   0.641   0.201
 7.77   5.00    0.621    0.252   0.641   0.196

 7.78   0.00    0.199    0.195   0.043   0.038   0.019   0.009   0.082   0.008   0.000   0.000   0.000 485222900
 7.78   6.75   57.436
 7.78   5.00    0.433    0.207
 7.78   5.00    0.640   57.329
 7.78   5.00    0.620    0.256   0.640   0.201
 7.78   5.00    0.621    0.251   0.640   0.196

 7.79   0.00    0.199    0.195   0.043   0.038   0.019   0.009   0.082   0.008   0.000   0.000   0.000 485846600
 7.79   6.75   57.420
 7.79   5.00    0.432    0.207
 7.79   5.00    0.640   57.315
 7.79   5.00    0.620    0.256   0.640   0.201
 7.79   5.00    0.620    0.251   0.640   0.196

 7.80   0.00    0.199    0.195   0.043   0.038   0.019   0.009   0.082   0.008   0.000   0.000   0.000 486470200
 7.80   6.75   57.405
 7.80   5.00    0.432    0.207
 7.80   5.00    0.640   57.301
 7.80   5.00    0.620    0.256   0.640   0.201
 7.80   5.00    0.620    0.251   0.640   0.196

 7.81   0.00    0.199    0.194   0.043   0.038   0.019   0.009   0.082   0.008   0.000   0.000   0.000 487093900
 7.81   6.74   57.390
 7.81   5.00    0.432    0.207
 7.81   5.00    0.639   57.287
 7.81   5.00    0.619    0.255   0.639   0.201
 7.81   5.00    0.620    0.251   0.639   0.196

 7.82   0.00    0.199    0.194   0.043   0.038   0.019   0.009   0.082   0.008   0.000   0.000   0.000 487717600
 7.82   6.74   57.374
 7.82   5.00    0.431    0.207
 7.82   5.00    0.639   57.273
 7.82   5.00    0.619    0.255   0.639   0.200
 7.82   5.00    0.619    0.251   0.639   0.196

 7.83   0.00    0.199    0.194   0.043   0.038   0.019   0.009   0.082   0.008   0.000   0.000   0.000 488341300
 7.83   6.74   57.359
 7.83   5.00    0.431    0.207
 7.83   5.00    0.638   57.260
 7.83   5.00    0.619    0.255   0.638   0.200
 7.83   5.00    0.619    0.251   0.638   0.196

 7.84   0.00    0.199    0.194   0.043   0.038   0.019   0.009   0.082   0.008   0.000   0.000   0.000 488965000
 7.84   6.74   57.344
 7.84   5.00    0.431    0.207
 7.84   5.00    0.638   57.246
 7.84   5.00    0.618    0.255   0.638   0.200
 7.84   5.00    0.619    0.250   0.638   0.196

 7.85   0.00    0.198    0.194   0.043   0.038   0.019   0.008   0.082   0.008   0.000   0.000   0.000 489588600
 7.85   6.73   57.329
 7.85   5.00    0.430    0.207
 7.85   5.00    0.638   57.232
 7.85   5.00    0.618    0.255   0.638   0.200
 7.85   5.00    0.618    0.250   0.638   0.195

 7.86   0.00    0.198    0.194   0.043   0.038   0.019   0.008   0.082   0.008   0.000   0.000   0.000 490212300
 7.86   6.73   57.313
 7.86   5.00    0.430    0.207
 7.86   5.00    0.637   57.218
 7.86   5.00    0.618    0.255   0.637   0.200
 7.86   5.00    0.618    0.250   0.637   0.195

 7.87   0.00    0.198    0.194   0.043   0.038   0.019   0.008   0.082   0.008   0.000   0.000   0.000 490836000
 7.87   6.73   57.298
 7.87   5.00    0.430    0.207
 7.87   5.00    0.637   57.204
 7.87   5.00    0.617    0.254   0.637   0.200
 7.87   5.00    0.618    0.250   0.637   0.195

 7.88   0.00    0.198    0.194   0.043   0.038   0.019   0.008   0.082   0.008   0.000   0.000   0.000 491459700
 7.88   6.72   57.283
 7.88   5.00    0.429    0.207
 7.88   5.00    0.637   57.190
 7.88   5.00    0.617    0.254   0.637   0.200
 7.88   5.00    0.617    0.250   0.637   0.195

 7.89   0.00    0.198    0.193   0.043   0.038   0.019   0.008   0.082   0.008   0.000   0.000   0.000 492083400
 7.89   6.72   57.268
 7.89   5.00    0.429    0.207
 7.89   5.00    0.636   57.177
 7.89   5.00    0.617    0.254   0.636   0.199
 7.89   5.00    0.617    0.250   0.636   0.195

 7.90   0.00    0.198    0.193   0.042   0.038   0.019   0.008   0.082   0.008   0.000   0.000   0.000 492707000
 7.90   6.72   57.253
 7.90   5.00    0.429    0.207
 7.90   5.00    0.636   57.163
 7.90   5.00    0.616    0.254   0.636   0.199
 7.90   5.00    0.617    0.249   0.636   0.195

 7.91   0.00    0.198    0.193   0.042   0.038   0.019   0.008   0.082   0.008   0.000   0.000   0.000 493330700
 7.91   6.72   57.238
 7.91   5.00    0.428    0.207
 7.91   5.00    0.636   57.149
 7.91   5.00    0.616    0.254   0.636   0.199
 7.91   5.00    0.616    0.249   0.636   0.195

 7.92   0.00    0.197    0.193   0.042   0.038   0.019   0.008   0.082   0.008   0.000   0.000   0.000 493954400
 7.92   6.71   57.223
 7.92   5.00    0.428    0.207
 7.92   5.00    0.635   57.135
 7.92   5.00    0.616    0.254   0.635   0.199
 7.92   5.00    0.616    0.249   0.635   0.195

 7.93   0.00    0.197    0.193   0.042   0.038   0.019   0.008   0.082   0.008   0.000   0.000   0.000 494578100
 7.93   6.71   57.208
 7.93   5.00    0.428    0.207
 7.93   5.00    0.635   57.122
 7.93   5.00    0.615    0.253   0.635   0.199
 7.93   5.00    0.616    0.249   0.635   0.194

 7.94   0.00    0.197    0.193   0.042   0.038   0.019   0.008   0.082   0.008   0.000   0.000   0.000 495201800
 7.94   6.71   57.193
 7.94   5.00    0.427    0.207
 7.94   5.00    0.635   57.108
 7.94   5.00    0.615    0.253   0.635   0.199
 7.94   5.00    0.615    0.249   0.635   0.194

 7.95   0.00    0.197    0.193   0.042   0.038   0.019   0.008   0.082   0.008   0.000   0.000   0.000 495825400
 7.95   6.71   57.178
 7.95   5.00    0.427    0.207
 7.95   5.00    0.634   57.095
 7.95   5.00    0.615    0.253   0.634   0.199
 7.95   5.00    0.615    0.249   0.634   0.194

 7.96   0.00    0.197    0.193   0.042   0.038   0.019   0.008   0.082   0.008   0.000   0.000   0.000 496449100
 7.96   6.70   57.163
 7.96   5.00    0.426    0.207
 7.96   5.00    0.634   57.081
 7.96   5.00    0.614    0.253   0.634   0.198
 7.96   5.00    0.615    0.249   0.634   0.194

 7.97   0.00    0.197    0.192   0.042   0.038   0.019   0.008   0.082   0.008   0.000   0.000   0.000 497072800
 7.97   6.70   57.148
 7.97   5.00    0.426    0.207
 7.97   5.00    0.634   57.067
 7.97   5.00    0.614    0.253   0.634   0.198
 7.97   5.00    0.614    0.248   0.634   0.194

 7.98   0.00    0.197    0.192   0.042   0.038   0.019   0.008   0.082   0.008   0.000   0.000   0.000 497696500
 7.98   6.70   57.133
 7.98   5.00    0.426    0.207
 7.98   5.00    0.633   57.054
 7.98   5.00    0.614    0.253   0.633   0.198
 7.98   5.00    0.614    0.248   0.633   0.194

 7.99   0.00    0.197    0.192   0.042   0.038   0.019   0.008   0.082   0.008   0.000   0.000   0.000 498320200
 7.99   6.70   57.119
 7.99   5.00    0.425    0.207
 7.99   5.00    0.633   57.040
 7.99   5.00    0.613    0.252   0.633   0.198
 7.99   5.00    0.614    0.248   0.633   0.194

 8.00   0.00    0.196    0.192   0.042   0.038   0.019   0.008   0.082   0.008   0.000   0.000   0.000 498943800
 8.00   6.69   57.104
 8.00   5.00    0.425    0.207
 8.00   5.00    0.633   57.027
 8.00   5.00    0.613    0.252   0.633   0.198
 8.00   5.00    0.613    0.248   0.633   0.194

 8.01   0.00    0.196    0.192   0.042   0.038   0.018   0.008   0.082   0.008   0.000   0.000   0.000 499567500
 8.01   6.69   57.089
 8.01   5.00    0.425    0.207
 8.01   5.00    0.632   57.013
 8.01   5.00    0.613    0.252   0.632   0.198
 8.01   5.00    0.613    0.248   0.632   0.193

 8.02   0.00    0.196    0.192   0.042   0.038   0.018   0.008   0.082   0.008   0.000   0.000   0.000 500191200
 8.02   6.69   57.074
 8.02   5.00    0.424    0.207
 8.02   5.00    0.632   57.000
 8.02   5.00    0.612    0.252   0.632   0.198
 8.02   5.00    0.613    0.248   0.632   0.193

 8.03   0.00    0.196    0.192   0.042   0.038   0.018   0.008   0.082   0.008   0.000   0.000   0.000 500814800
 8.03   6.69   57.060
 8.03   5.00    0.424    0.207
 8.03   5.00    0.632   56.986
 8.03   5.00    0.612    0.252   0.632   0.197
 8.03   5.00    0.612    0.247   0.632   0.193

 8.04   0.00    0.196    0.192   0.042   0.038   0.018   0.008   0.082   0.008   0.000   0.000   0.000 501438600
 8.04   6.68   57.045
 8.04   5.00    0.424    0.207
 8.04   5.00    0.631   56.973
 8.04   5.00    0.612    0.252   0.631   0.197
 8.04   5.00    0.612    0.247   0.631   0.193

 8.05   0.00    0.196    0.191   0.042   0.038   0.018   0.008   0.082   0.008   0.000   0.000   0.000 502062200
 8.05   6.68   57.030
 8.05   5.00    0.423    0.207
 8.05   5.00    0.631   56.959
 8.05   5.00    0.611    0.251   0.631   0.197
 8.05   5.00    0.612    0.247   0.631   0.193

 8.06   0.00    0.196    0.191   0.041   0.038   0.018   0.008   0.082   0.008   0.000   0.000   0.000 502686000
 8.06   6.68   57.016
 8.06   5.00    0.423    0.207
 8.06   5.00    0.631   56.946
 8.06   5.00    0.611    0.251   0.631   0.197
 8.06   5.00    0.611    0.247   0.631   0.193

 8.07   0.00    0.195    0.191   0.041   0.038   0.018   0.008   0.082   0.008   0.000   0.000   0.000 503309600
 8.07   6.68   57.001
 8.07   5.00    0.423    0.207
 8.07   5.00    0.630   56.933
 8.07   5.00    0.611    0.251   0.630   0.197
 8.07   5.00    0.611    0.247   0.630   0.193

 8.08   0.00    0.195    0.191   0.041   0.038   0.018   0.008   0.082   0.008   0.000   0.000   0.000 503933300
 8.08   6.67   56.986
 8.08   5.00    0.422    0.207
 8.08   5.00    0.630   56.919
 8.08   5.00    0.610    0.251   0.630   0.197
 8.08   5.00    0.611    0.247   0.630   0.193

 8.09   0.00    0.195    0.191   0.041   0.038   0.018   0.008   0.082   0.008   0.000   0.000   0.000 504557000
 8.09   6.67   56.972
 8.09   5.00    0.422    0.207
 8.09   5.00    0.630   56.906
 8.09   5.00    0.610    0.251   0.630   0.197
 8.09   5.00    0.610    0.247   0.630   0.192

 8.10   0.00    0.195    0.191   0.041   0.038   0.018   0.008   0.082   0.008   0.000   0.000   0.000 505180700
 8.10   6.67   56.957
 8.10   5.00    0.422    0.207
 8.10   5.00    0.629   56.893
 8.10   5.00    0.610    0.251   0.629   0.197
 8.10   5.00    0.610    0.246   0.629   0.192

 8.11   0.00    0.195    0.191   0.041   0.038   0.018   0.008   0.082   0.008   0.000   0.000   0.000 505804300
 8.11   6.67   56.943
 8.11   5.00    0.421    0.207
 8.11   5.00    0.629   56.879
 8.11   5.00    0.609    0.251   0.629   0.196
 8.11   5.00    0.610    0.246   0.629   0.192

 8.12   0.00    0.195    0.191   0.041   0.038   0.018   0.008   0.082   0.008   0.000   0.000   0.000 506428000
 8.12   6.66   56.928
 8.12   5.00    0.421    0.207
 8.12   5.00    0.629   56.866
 8.12   5.00    0.609    0.250   0.629   0.196
 8.12   5.00    0.609    0.246   0.629   0.192

 8.13   0.00    0.195    0.190   0.041   0.038   0.018   0.008   0.082   0.008   0.000   0.000   0.000 507051700
 8.13   6.66   56.914
 8.13   5.00    0.421    0.207
 8.13   5.00    0.628   56.853
 8.13   5.00    0.609    0.250   0.628   0.196
 8.13   5.00    0.609    0.246   0.628   0.192

 8.14   0.00    0.195    0.190   0.041   0.038   0.018   0.008   0.082   0.008   0.000   0.000   0.000 507675400
 8.14   6.66   56.899
 8.14   5.00    0.420    0.207
 8.14   5.00    0.628   56.840
 8.14   5.00    0.608    0.250   0.628   0.196
 8.14   5.00    0.609    0.246   0.628   0.192

 8.15   0.00    0.194    0.190   0.041   0.038   0.018   0.008   0.082   0.008   0.000   0.000   0.000 508299000
 8.15   6.66   56.885
 8.15   5.00    0.420    0.207
 8.15   5.00    0.628   56.826
 8.15   5.00    0.608    0.250   0.628   0.196
 8.15   5.00    0.609    0.246   0.628   0.192

 8.16   0.00    0.194    0.190   0.041   0.038   0.018   0.008   0.082   0.008   0.000   0.000   0.000 508922700
 8.16   6.65   56.871
 8.16   5.00    0.420    0.207
 8.16   5.00    0.627   56.813
 8.16   5.00    0.608    0.250   0.627   0.196
 8.16   5.00    0.608    0.246   0.627   0.192

 8.17   0.00    0.194    0.190   0.041   0.038   0.018   0.008   0.082   0.008   0.000   0.000   0.000 509546400
 8.17   6.65   56.856
 8.17   5.00    0.419    0.207
 8.17   5.00    0.627   56.800
 8.17   5.00    0.608    0.250   0.627   0.196
 8.17   5.00    0.608    0.245   0.627   0.191

 8.18   0.00    0.194    0.190   0.041   0.038   0.018   0.008   0.082   0.008   0.000   0.000   0.000 510170100
 8.18   6.65   56.842
 8.18   5.00    0.419    0.207
 8.18   5.00    0.627   56.787
 8.18   5.00    0.607    0.249   0.627   0.196
 8.18   5.00    0.608    0.245   0.627   0.191

 8.19   0.00    0.194    0.190   0.041   0.038   0.018   0.008   0.082   0.008   0.000   0.000   0.000 510793700
 8.19   6.65   56.828
 8.19   5.00    0.419    0.207
 8.19   5.00    0.626   56.774
 8.19   5.00    0.607    0.249   0.626   0.195
 8.19   5.00    0.607    0.245   0.626   0.191

 8.20   0.00    0.194    0.190   0.041   0.038   0.018   0.008   0.082   0.008   0.000   0.000   0.000 511417400
 8.20   6.64   56.813
 8.20   5.00    0.419    0.207
 8.20   5.00    0.626   56.761
 8.20   5.00    0.607    0.249   0.626   0.195
 8.20   5.00    0.607    0.245   0.626   0.191

 8.21   0.00    0.194    0.190   0.041   0.038   0.018   0.008   0.082   0.008   0.000   0.000   0.000 512041100
 8.21   6.64   56.799
 8.21   5.00    0.418    0.207
 8.21   5.00    0.626   56.747
 8.21   5.00    0.606    0.249   0.626   0.195
 8.21   5.00    0.607    0.245   0.626   0.191

 8.22   0.00    0.194    0.189   0.041   0.038   0.018   0.008   0.082   0.008   0.000   0.000   0.000 512664800
 8.22   6.64   56.785
 8.22   5.00    0.418    0.207
 8.22   5.00    0.625   56.734
 8.22   5.00    0.606    0.249   0.625   0.195
 8.22   5.00    0.606    0.245   0.625   0.191

 8.23   0.00    0.193    0.189   0.040   0.038   0.018   0.008   0.082   0.008   0.000   0.000   0.000 513288400
 8.23   6.64   56.771
 8.23   5.00    0.418    0.207
 8.23   5.00    0.625   56.721
 8.23   5.00    0.606    0.249   0.625   0.195
 8.23   5.00    0.606    0.244   0.625   0.191

 8.24   0.00    0.193    0.189   0.040   0.038   0.018   0.008   0.082   0.008   0.000   0.000   0.000 513912100
 8.24   6.64   56.756
 8.24   5.00    0.417    0.207
 8.24   5.00    0.625   56.708
 8.24   5.00    0.605    0.248   0.625   0.195
 8.24   5.00    0.606    0.244   0.625   0.191

 8.25   0.00    0.193    0.189   0.040   0.038   0.017   0.008   0.082   0.008   0.000   0.000   0.000 514535800
 8.25   6.63   56.742
 8.25   5.00    0.417    0.207
 8.25   5.00    0.624   56.695
 8.25   5.00    0.605    0.248   0.624   0.195
 8.25   5.00    0.605    0.244   0.624   0.191

 8.26   0.00    0.193    0.189   0.040   0.038   0.017   0.008   0.082   0.008   0.000   0.000   0.000 515159500
 8.26   6.63   56.728
 8.26   5.00    0.417    0.207
 8.26   5.00    0.624   56.682
 8.26   5.00    0.605    0.248   0.624   0.195
 8.26   5.00    0.605    0.244   0.624   0.190

 8.27   0.00    0.193    0.189   0.040   0.038   0.017   0.008   0.082   0.008   0.000   0.000   0.000 515783200
 8.27   6.63   56.714
 8.27   5.00    0.416    0.207
 8.27   5.00    0.624   56.669
 8.27   5.00    0.604    0.248   0.624   0.194
 8.27   5.00    0.605    0.244   0.624   0.190

 8.28   0.00    0.193    0.189   0.040   0.038   0.017   0.008   0.082   0.008   0.000   0.000   0.000 516406800
 8.28   6.63   56.700
 8.28   5.00    0.416    0.207
 8.28   5.00    0.623   56.656
 8.28   5.00    0.604    0.248   0.623   0.194
 8.28   5.00    0.605    0.244   0.623   0.190

 8.29   0.00    0.193    0.189   0.040   0.038   0.017   0.008   0.082   0.008   0.000   0.000   0.000 517030600
 8.29   6.62   56.686
 8.29   5.00    0.416    0.207
 8.29   5.00    0.623   56.643
 8.29   5.00    0.604    0.248   0.623   0.194
 8.29   5.00    0.604    0.244   0.623   0.190

 8.30   0.00    0.193    0.188   0.040   0.038   0.017   0.008   0.082   0.008   0.000   0.000   0.000 517654200
 8.30   6.62   56.672
 8.30   5.00    0.415    0.207
 8.30   5.00    0.623   56.631
 8.30   5.00    0.604    0.248   0.623   0.194
 8.30   5.00    0.604    0.243   0.623   0.190

 8.31   0.00    0.192    0.188   0.040   0.038   0.017   0.008   0.082   0.008   0.000   0.000   0.000 518278000
 8.31   6.62   56.658
 8.31   5.00    0.415    0.207
 8.31   5.00    0.623   56.618
 8.31   5.00    0.603    0.247   0.623   0.194
 8.31   5.00    0.604    0.243   0.623   0.190

 8.32   0.00    0.192    0.188   0.040   0.038   0.017   0.008   0.082   0.008   0.000   0.000   0.000 518901600
 8.32   6.62   56.644
 8.32   5.00    0.415    0.207
 8.32   5.00    0.622   56.605
 8.32   5.00    0.603    0.247   0.622   0.194
 8.32   5.00    0.603    0.243   0.622   0.190

 8.33   0.00    0.192    0.188   0.040   0.038   0.017   0.008   0.082   0.008   0.000   0.000   0.000 519525300
 8.33   6.62   56.630
 8.33   5.00    0.414    0.207
 8.33   5.00    0.622   56.592
 8.33   5.00    0.603    0.247   0.622   0.194
 8.33   5.00    0.603    0.243   0.622   0.190

 8.34   0.00    0.192    0.188   0.040   0.038   0.017   0.008   0.082   0.008   0.000   0.000   0.000 520149000
 8.34   6.61   56.616
 8.34   5.00    0.414    0.207
 8.34   5.00    0.622   56.579
 8.34   5.00    0.602    0.247   0.622   0.194
 8.34   5.00    0.603    0.243   0.622   0.189

 8.35   0.00    0.192    0.188   0.040   0.038   0.017   0.008   0.082   0.008   0.000   0.000   0.000 520772700
 8.35   6.61   56.602
 8.35   5.00    0.414    0.207
 8.35   5.00    0.621   56.566
 8.35   5.00    0.602    0.247   0.621   0.193
 8.35   5.00    0.602    0.243   0.621   0.189

 8.36   0.00    0.192    0.188   0.040   0.038   0.017   0.008   0.082   0.008   0.000   0.000   0.000 521396300
 8.36   6.61   56.588
 8.36   5.00    0.413    0.207
 8.36   5.00    0.621   56.554
 8.36   5.00    0.602    0.247   0.621   0.193
 8.36   5.00    0.602    0.243   0.621   0.189

 8.37   0.00    0.192    0.188   0.040   0.038   0.017   0.008   0.082   0.008   0.000   0.000   0.000 522020000
 8.37   6.61   56.575
 8.37   5.00    0.413    0.207
 8.37   5.00    0.621   56.541
 8.37   5.00    0.601    0.247   0.621   0.193
 8.37   5.00    0.602    0.243   0.621   0.189

 8.38   0.00    0.192    0.188   0.040   0.038   0.017   0.008   0.082   0.008   0.000   0.000   0.000 522643700
 8.38   6.60   56.561
 8.38   5.00    0.413    0.207
 8.38   5.00    0.620   56.528
 8.38   5.00    0.601    0.246   0.620   0.193
 8.38   5.00    0.601    0.242   0.620   0.189

 8.39   0.00    0.191    0.187   0.040   0.038   0.017   0.008   0.082   0.008   0.000   0.000   0.000 523267400
 8.39   6.60   56.547
 8.39   5.00    0.413    0.207
 8.39   5.00    0.620   56.515
 8.39   5.00    0.601    0.246   0.620   0.193
 8.39   5.00    0.601    0.242   0.620   0.189

 8.40   0.00    0.191    0.187   0.040   0.038   0.017   0.008   0.082   0.008   0.000   0.000   0.000 523891000
 8.40   6.60   56.533
 8.40   5.00    0.412    0.207
 8.40   5.00    0.620   56.503
 8.40   5.00    0.601    0.246   0.620   0.193
 8.40   5.00    0.601    0.242   0.620   0.189

 8.41   0.00    0.191    0.187   0.039   0.038   0.017   0.008   0.082   0.008   0.000   0.000   0.000 524514700
 8.41   6.60   56.520
 8.41   5.00    0.412    0.207
 8.41   5.00    0.619   56.490
 8.41   5.00    0.600    0.246   0.619   0.193
 8.41   5.00    0.601    0.242   0.619   0.189

 8.42   0.00    0.191    0.187   0.039   0.038   0.017   0.008   0.082   0.008   0.000   0.000   0.000 525138400
 8.42   6.60   56.506
 8.42   5.00    0.412    0.207
 8.42   5.00    0.619   56.477
 8.42   5.00    0.600    0.246   0.619   0.193
 8.42   5.00    0.600    0.242   0.619   0.189

 8.43   0.00    0.191    0.187   0.039   0.038   0.017   0.008   0.082   0.008   0.000   0.000   0.000 525762100
 8.43   6.59   56.492
 8.43   5.00    0.411    0.207
 8.43   5.00    0.619   56.465
 8.43   5.00    0.600    0.246   0.619   0.192
 8.43   5.00    0.600    0.242   0.619   0.188

 8.44   0.00    0.191    0.187   0.039   0.038   0.017   0.008   0.082   0.008   0.000   0.000   0.000 526385700
 8.44   6.59   56.478
 8.44   5.00    0.411    0.207
 8.44   5.00    0.618   56.452
 8.44   5.00    0.599    0.246   0.618   0.192
 8.44   5.00    0.600    0.242   0.618   0.188

 8.45   0.00    0.191    0.187   0.039   0.038   0.017   0.008   0.082   0.008   0.000   0.000   0.000 527009400
 8.45   6.59   56.465
 8.45   5.00    0.411    0.207
 8.45   5.00    0.618   56.439
 8.45   5.00    0.599    0.245   0.618   0.192
 8.45   5.00    0.599    0.241   0.618   0.188

 8.46   0.00    0.191    0.187   0.039   0.038   0.017   0.008   0.082   0.008   0.000   0.000   0.000 527633100
 8.46   6.59   56.451
 8.46   5.00    0.410    0.207
 8.46   5.00    0.618   56.427
 8.46   5.00    0.599    0.245   0.618   0.192
 8.46   5.00    0.599    0.241   0.618   0.188

 8.47   0.00    0.191    0.187   0.039   0.038   0.017   0.008   0.082   0.008   0.000   0.000   0.000 528256800
 8.47   6.59   56.438
 8.47   5.00    0.410    0.207
 8.47   5.00    0.618   56.414
 8.47   5.00    0.598    0.245   0.618   0.192
 8.47   5.00    0.599    0.241   0.618   0.188

 8.48   0.00    0.190    0.186   0.039   0.038   0.017   0.008   0.082   0.008   0.000   0.000   0.000 528880400
 8.48   6.58   56.424
 8.48   5.00    0.410    0.207
 8.48   5.00    0.617   56.402
 8.48   5.00    0.598    0.245   0.617   0.192
 8.48   5.00    0.599    0.241   0.617   0.188

 8.49   0.00    0.190    0.186   0.039   0.038   0.017   0.008   0.082   0.008   0.000   0.000   0.000 529504100
 8.49   6.58   56.411
 8.49   5.00    0.409    0.207
 8.49   5.00    0.617   56.389
 8.49   5.00    0.598    0.245   0.617   0.192
 8.49   5.00    0.598    0.241   0.617   0.188

 8.50   0.00    0.190    0.186   0.039   0.038   0.017   0.008   0.082   0.008   0.000   0.000   0.000 530127800
 8.50   6.58   56.397
 8.50   5.00    0.409    0.207
 8.50   5.00    0.617   56.377
 8.50   5.00    0.598    0.245   0.617   0.192
 8.50   5.00    0.598    0.241   0.617   0.188

 8.51   0.00    0.190    0.186   0.039   0.038   0.017   0.008   0.082   0.008   0.000   0.000   0.000 530751500
 8.51   6.58   56.384
 8.51   5.00    0.409    0.207
 8.51   5.00    0.616   56.364
 8.51   5.00    0.597    0.245   0.616   0.192
 8.51   5.00    0.598    0.241   0.616   0.188

 8.52   0.00    0.190    0.186   0.039   0.037   0.016   0.008   0.082   0.008   0.000   0.000   0.000 531375200
 8.52   6.58   56.370
 8.52   5.00    0.409    0.207
 8.52   5.00    0.616   56.352
 8.52   5.00    0.597    0.244   0.616   0.191
 8.52   5.00    0.597    0.240   0.616   0.187

 8.53   0.00    0.190    0.186   0.039   0.037   0.016   0.008   0.082   0.008   0.000   0.000   0.000 531998800
 8.53   6.57   56.357
 8.53   5.00    0.408    0.207
 8.53   5.00    0.616   56.339
 8.53   5.00    0.597    0.244   0.616   0.191
 8.53   5.00    0.597    0.240   0.616   0.187

 8.54   0.00    0.190    0.186   0.039   0.037   0.016   0.008   0.082   0.008   0.000   0.000   0.000 532622600
 8.54   6.57   56.343
 8.54   5.00    0.408    0.207
 8.54   5.00    0.615   56.327
 8.54   5.00    0.596    0.244   0.615   0.191
 8.54   5.00    0.597    0.240   0.615   0.187

 8.55   0.00    0.190    0.186   0.039   0.037   0.016   0.008   0.082   0.008   0.000   0.000   0.000 533246200
 8.55   6.57   56.330
 8.55   5.00    0.408    0.207
 8.55   5.00    0.615   56.314
 8.55   5.00    0.596    0.244   0.615   0.191
 8.55   5.00    0.596    0.240   0.615   0.187

 8.56   0.00    0.189    0.186   0.039   0.037   0.016   0.008   0.082   0.007   0.000   0.000   0.000 533869900
 8.56   6.57   56.317
 8.56   5.00    0.407    0.207
 8.56   5.00    0.615   56.302
 8.56   5.00    0.596    0.244   0.615   0.191
 8.56   5.00    0.596    0.240   0.615   0.187

 8.57   0.00    0.189    0.186   0.039   0.037   0.016   0.008   0.082   0.007   0.000   0.000   0.000 534493600
 8.57   6.57   56.303
 8.57   5.00    0.407    0.207
 8.57   5.00    0.615   56.289
 8.57   5.00    0.596    0.244   0.615   0.191
 8.57   5.00    0.596    0.240   0.615   0.187

 8.58   0.00    0.189    0.185   0.039   0.037   0.016   0.008   0.082   0.007   0.000   0.000   0.000 535117200
 8.58   6.56   56.290
 8.58   5.00    0.407    0.207
 8.58   5.00    0.614   56.277
 8.58   5.00    0.595    0.244   0.614   0.191
 8.58   5.00    0.596    0.240   0.614   0.187

 8.59   0.00    0.189    0.185   0.038   0.037   0.016   0.008   0.082   0.007   0.000   0.000   0.000 535741000
 8.59   6.56   56.277
 8.59   5.00    0.406    0.207
 8.59   5.00    0.614   56.265
 8.59   5.00    0.595    0.243   0.614   0.191
 8.59   5.00    0.595    0.240   0.614   0.187

 8.60   0.00    0.189    0.185   0.038   0.037   0.016   0.008   0.082   0.007   0.000   0.000   0.000 536364600
 8.60   6.56   56.263
 8.60   5.00    0.406    0.207
 8.60   5.00    0.614   56.252
 8.60   5.00    0.595    0.243   0.614   0.190
 8.60   5.00    0.595    0.239   0.614   0.187

 8.61   0.00    0.189    0.185   0.038   0.037   0.016   0.008   0.082   0.007   0.000   0.000   0.000 536988300
 8.61   6.55   56.250
 8.61   5.00    0.406    0.207
 8.61   5.00    0.613   56.240
 8.61   5.00    0.594    0.243   0.613   0.190
 8.61   5.00    0.595    0.239   0.613   0.187

 8.62   0.00    0.189    0.185   0.038   0.037   0.016   0.008   0.082   0.007   0.000   0.000   0.000 537612000
 8.62   6.55   56.237
 8.62   5.00    0.406    0.207
 8.62   5.00    0.613   56.228
 8.62   5.00    0.594    0.243   0.613   0.190
 8.62   5.00    0.594    0.239   0.613   0.186

 8.63   0.00    0.189    0.185   0.038   0.037   0.016   0.008   0.082   0.007   0.000   0.000   0.000 538235600
 8.63   6.55   56.224
 8.63   5.00    0.405    0.207
 8.63   5.00    0.613   56.215
 8.63   5.00    0.594    0.243   0.613   0.190
 8.63   5.00    0.594    0.239   0.613   0.186

 8.64   0.00    0.189    0.185   0.038   0.037   0.016   0.008   0.082   0.007   0.000   0.000   0.000 538859400
 8.64   6.54   56.211
 8.64   5.00    0.405    0.207
 8.64   5.00    0.612   56.203
 8.64   5.00    0.594    0.243   0.612   0.190
 8.64   5.00    0.594    0.239   0.612   0.186

 8.65   0.00    0.188    0.185   0.038   0.037   0.016   0.008   0.082   0.007   0.000   0.000   0.000 539483000
 8.65   6.54   56.198
 8.65   5.00    0.405    0.207
 8.65   5.00    0.612   56.191
 8.65   5.00    0.593    0.243   0.612   0.190
 8.65   5.00    0.594    0.239   0.612   0.186

 8.66   0.00    0.188    0.185   0.038   0.037   0.016   0.008   0.082   0.007   0.000   0.000   0.000 540106700
 8.66   6.54   56.185
 8.66   5.00    0.404    0.207
 8.66   5.00    0.612   56.179
 8.66   5.00    0.593    0.242   0.612   0.190
 8.66   5.00    0.593    0.239   0.612   0.186

 8.67   0.00    0.188    0.184   0.038   0.037   0.016   0.008   0.082   0.007   0.000   0.000   0.000 540730400
 8.67   6.53   56.171
 8.67   5.00    0.404    0.207
 8.67   5.00    0.612   56.167
 8.67   5.00    0.593    0.242   0.612   0.190
 8.67   5.00    0.593    0.238   0.612   0.186

 8.68   0.00    0.188    0.184   0.038   0.037   0.016   0.008   0.082   0.007   0.000   0.000   0.000 541354100
 8.68   6.53   56.158
 8.68   5.00    0.404    0.207
 8.68   5.00    0.611   56.154
 8.68   5.00    0.592    0.242   0.611   0.190
 8.68   5.00    0.593    0.238   0.611   0.186

 8.69   0.00    0.188    0.184   0.038   0.037   0.016   0.008   0.082   0.007   0.000   0.000   0.000 541977700
 8.69   6.53   56.145
 8.69   5.00    0.404    0.207
 8.69   5.00    0.611   56.142
 8.69   5.00    0.592    0.242   0.611   0.189
 8.69   5.00    0.593    0.238   0.611   0.186

 8.70   0.00    0.188    0.184   0.038   0.037   0.016   0.008   0.082   0.007   0.000   0.000   0.000 542601400
 8.70   6.52   56.132
 8.70   5.00    0.403    0.207
 8.70   5.00    0.611   56.130
 8.70   5.00    0.592    0.242   0.611   0.189
 8.70   5.00    0.592    0.238   0.611   0.186

 8.71   0.00    0.188    0.184   0.038   0.037   0.016   0.008   0.082   0.007   0.000   0.000   0.000 543225100
 8.71   6.52   56.119
 8.71   5.00    0.403    0.207
 8.71   5.00    0.610   56.118
 8.71   5.00    0.592    0.242   0.610   0.189
 8.71   5.00    0.592    0.238   0.610   0.185

 8.72   0.00    0.188    0.184   0.038   0.037   0.016   0.007   0.082   0.007   0.000   0.000   0.000 543848800
 8.72   6.52   56.106
 8.72   5.00    0.403    0.207
 8.72   5.00    0.610   56.106
 8.72   5.00    0.591    0.242   0.610   0.189
 8.72   5.00    0.592    0.238   0.610   0.185

 8.73   0.00    0.188    0.184   0.038   0.037   0.016   0.007   0.082   0.007   0.000   0.000   0.000 544472400
 8.73   6.51   56.093
 8.73   5.00    0.402    0.207
 8.73   5.00    0.610   56.094
 8.73   5.00    0.591    0.241   0.610   0.189
 8.73   5.00    0.591    0.238   0.610   0.185

 8.74   0.00    0.187    0.184   0.038   0.037   0.016   0.007   0.082   0.007   0.000   0.000   0.000 545096100
 8.74   6.51   56.080
 8.74   5.00    0.402    0.207
 8.74   5.00    0.610   56.082
 8.74   5.00    0.591    0.241   0.610   0.189
 8.74   5.00    0.591    0.238   0.610   0.185

 8.75   0.00    0.187    0.184   0.038   0.037   0.016   0.007   0.082   0.007   0.000   0.000   0.000 545719800
 8.75   6.51   56.067
 8.75   5.00    0.402    0.207
 8.75   5.00    0.609   56.070
 8.75   5.00    0.591    0.241   0.609   0.189
 8.75   5.00    0.591    0.237   0.609   0.185

 8.76   0.00    0.187    0.184   0.038   0.037   0.016   0.007   0.082   0.007   0.000   0.000   0.000 546343500
 8.76   6.51   56.055
 8.76   5.00    0.402    0.207
 8.76   5.00    0.609   56.057
 8.76   5.00    0.590    0.241   0.609   0.189
 8.76   5.00    0.591    0.237   0.609   0.185

 8.77   0.00    0.187    0.183   0.038   0.037   0.016   0.007   0.082   0.007   0.000   0.000   0.000 546967200
 8.77   6.50   56.042
 8.77   5.00    0.401    0.207
 8.77   5.00    0.609   56.045
 8.77   5.00    0.590    0.241   0.609   0.189
 8.77   5.00    0.590    0.237   0.609   0.185

 8.78   0.00    0.187    0.183   0.037   0.037   0.016   0.007   0.082   0.007   0.000   0.000   0.000 547590800
 8.78   6.50   56.029
 8.78   5.00    0.401    0.207
 8.78   5.00    0.608   56.033
 8.78   5.00    0.590    0.241   0.608   0.188
 8.78   5.00    0.590    0.237   0.608   0.185

 8.79   0.00    0.187    0.183   0.037   0.037   0.016   0.007   0.082   0.007   0.000   0.000   0.000 548214500
 8.79   6.50   56.016
 8.79   5.00    0.401    0.207
 8.79   5.00    0.608   56.021
 8.79   5.00    0.589    0.241   0.608   0.188
 8.79   5.00    0.590    0.237   0.608   0.185

 8.80   0.00    0.187    0.183   0.037   0.037   0.016   0.007   0.082   0.007   0.000   0.000   0.000 548838200
 8.80   6.49   56.003
 8.80   5.00    0.400    0.207
 8.80   5.00    0.608   56.010
 8.80   5.00    0.589    0.241   0.608   0.188
 8.80   5.00    0.589    0.237   0.608   0.185

 8.81   0.00    0.187    0.183   0.037   0.037   0.015   0.007   0.082   0.007   0.000   0.000   0.000 549462000
 8.81   6.49   55.990
 8.81   5.00    0.400    0.207
 8.81   5.00    0.608   55.998
 8.81   5.00    0.589    0.240   0.608   0.188
 8.81   5.00    0.589    0.237   0.608   0.184

 8.82   0.00    0.187    0.183   0.037   0.037   0.015   0.007   0.082   0.007   0.000   0.000   0.000 550085600
 8.82   6.49   55.977
 8.82   5.00    0.400    0.207
 8.82   5.00    0.607   55.986
 8.82   5.00    0.589    0.240   0.607   0.188
 8.82   5.00    0.589    0.237   0.607   0.184

 8.83   0.00    0.187    0.183   0.037   0.037   0.015   0.007   0.082   0.007   0.000   0.000   0.000 550709200
 8.83   6.48   55.965
 8.83   5.00    0.400    0.207
 8.83   5.00    0.607   55.974
 8.83   5.00    0.588    0.240   0.607   0.188
 8.83   5.00    0.589    0.236   0.607   0.184

 8.84   0.00    0.186    0.183   0.037   0.037   0.015   0.007   0.082   0.007   0.000   0.000   0.000 551332900
 8.84   6.48   55.952
 8.84   5.00    0.399    0.207
 8.84   5.00    0.607   55.962
 8.84   5.00    0.588    0.240   0.607   0.188
 8.84   5.00    0.588    0.236   0.607   0.184

 8.85   0.00    0.186    0.183   0.037   0.037   0.015   0.007   0.082   0.007   0.000   0.000   0.000 551956700
 8.85   6.48   55.939
 8.85   5.00    0.399    0.207
 8.85   5.00    0.606   55.950
 8.85   5.00    0.588    0.240   0.606   0.188
 8.85   5.00    0.588    0.236   0.606   0.184

 8.86   0.00    0.186    0.183   0.037   0.037   0.015   0.007   0.082   0.007   0.000   0.000   0.000 552580300
 8.86   6.47   55.926
 8.86   5.00    0.399    0.207
 8.86   5.00    0.606   55.938
 8.86   5.00    0.588    0.240   0.606   0.188
 8.86   5.00    0.588    0.236   0.606   0.184

 8.87   0.00    0.186    0.182   0.037   0.037   0.015   0.007   0.082   0.007   0.000   0.000   0.000 553204000
 8.87   6.47   55.914
 8.87   5.00    0.398    0.207
 8.87   5.00    0.606   55.926
 8.87   5.00    0.587    0.240   0.606   0.188
 8.87   5.00    0.588    0.236   0.606   0.184

 8.88   0.00    0.186    0.182   0.037   0.037   0.015   0.007   0.082   0.007   0.000   0.000   0.000 553827600
 8.88   6.47   55.901
 8.88   5.00    0.398    0.207
 8.88   5.00    0.606   55.914
 8.88   5.00    0.587    0.239   0.606   0.187
 8.88   5.00    0.587    0.236   0.606   0.184

 8.89   0.00    0.186    0.182   0.037   0.037   0.015   0.007   0.082   0.007   0.000   0.000   0.000 554451400
 8.89   6.46   55.888
 8.89   5.00    0.398    0.207
 8.89   5.00    0.605   55.903
 8.89   5.00    0.587    0.239   0.605   0.187
 8.89   5.00    0.587    0.236   0.605   0.184

 8.90   0.00    0.186    0.182   0.037   0.037   0.015   0.007   0.082   0.007   0.000   0.000   0.000 555075000
 8.90   6.46   55.876
 8.90   5.00    0.398    0.207
 8.90   5.00    0.605   55.891
 8.90   5.00    0.586    0.239   0.605   0.187
 8.90   5.00    0.587    0.236   0.605   0.184

 8.91   0.00    0.186    0.182   0.037   0.037   0.015   0.007   0.082   0.007   0.000   0.000   0.000 555698700
 8.91   6.46   55.863
 8.91   5.00    0.397    0.207
 8.91   5.00    0.605   55.879
 8.91   5.00    0.586    0.239   0.605   0.187
 8.91   5.00    0.587    0.236   0.605   0.183

 8.92   0.00    0.186    0.182   0.037   0.037   0.015   0.007   0.082   0.007   0.000   0.000   0.000 556322400
 8.92   6.45   55.850
 8.92   5.00    0.397    0.207
 8.92   5.00    0.605   55.867
 8.92   5.00    0.586    0.239   0.605   0.187
 8.92   5.00    0.586    0.235   0.605   0.183

 8.93   0.00    0.185    0.182   0.037   0.037   0.015   0.007   0.082   0.007   0.000   0.000   0.000 556946000
 8.93   6.45   55.838
 8.93   5.00    0.397    0.207
 8.93   5.00    0.604   55.856
 8.93   5.00    0.586    0.239   0.604   0.187
 8.93   5.00    0.586    0.235   0.604   0.183

 8.94   0.00    0.185    0.182   0.037   0.037   0.015   0.007   0.082   0.007   0.000   0.000   0.000 557569700
 8.94   6.45   55.825
 8.94   5.00    0.396    0.207
 8.94   5.00    0.604   55.844
 8.94   5.00    0.585    0.239   0.604   0.187
 8.94   5.00    0.586    0.235   0.604   0.183

 8.95   0.00    0.185    0.182   0.037   0.037   0.015   0.007   0.082   0.007   0.000   0.000   0.000 558193400
 8.95   6.44   55.812
 8.95   5.00    0.396    0.207
 8.95   5.00    0.604   55.832
 8.95   5.00    0.585    0.239   0.604   0.187
 8.95   5.00    0.585    0.235   0.604   0.183

 8.96   0.00    0.185    0.182   0.037   0.037   0.015   0.007   0.082   0.007   0.000   0.000   0.000 558817100
 8.96   6.44   55.800
 8.96   5.00    0.396    0.207
 8.96   5.00    0.603   55.820
 8.96   5.00    0.585    0.238   0.603   0.187
 8.96   5.00    0.585    0.235   0.603   0.183

 8.97   0.00    0.185    0.182   0.037   0.037   0.015   0.007   0.082   0.007   0.000   0.000   0.000 559440800
 8.97   6.44   55.787
 8.97   5.00    0.396    0.207
 8.97   5.00    0.603   55.809
 8.97   5.00    0.585    0.238   0.603   0.186
 8.97   5.00    0.585    0.235   0.603   0.183

 8.98   0.00    0.185    0.181   0.036   0.037   0.015   0.007   0.082   0.007   0.000   0.000   0.000 560064400
 8.98   6.43   55.775
 8.98   5.00    0.395    0.207
 8.98   5.00    0.603   55.797
 8.98   5.00    0.584    0.238   0.603   0.186
 8.98   5.00    0.585    0.235   0.603   0.183

 8.99   0.00    0.185    0.181   0.036   0.037   0.015   0.007   0.082   0.007   0.000   0.000   0.000 560688100
 8.99   6.43   55.762
 8.99   5.00    0.395    0.207
 8.99   5.00    0.603   55.785
 8.99   5.00    0.584    0.238   0.603   0.186
 8.99   5.00    0.584    0.235   0.603   0.183

 9.00   0.00    0.185    0.181   0.036   0.037   0.015   0.007   0.082   0.007   0.000   0.000   0.000 561311800
 9.00   6.43   55.750
 9.00   5.00    0.395    0.207
 9.00   5.00    0.602   55.774
 9.00   5.00    0.584    0.238   0.602   0.186
 9.00   5.00    0.584    0.234   0.602   0.183

 9.01   0.00    0.185    0.181   0.036   0.037   0.015   0.007   0.082   0.007   0.000   0.000   0.000 561935500
 9.01   6.43   55.737
 9.01   5.00    0.395    0.207
 9.01   5.00    0.602   55.762
 9.01   5.00    0.584    0.238   0.602   0.186
 9.01   5.00    0.584    0.234   0.602   0.183

 9.02   0.00    0.185    0.181   0.036   0.037   0.015   0.007   0.082   0.007   0.000   0.000   0.000 562559200
 9.02   6.42   55.725
 9.02   5.00    0.394    0.207
 9.02   5.00    0.602   55.751
 9.02   5.00    0.583    0.238   0.602   0.186
 9.02   5.00    0.584    0.234   0.602   0.182

 9.03   0.00    0.184    0.181   0.036   0.037   0.015   0.007   0.082   0.007   0.000   0.000   0.000 563182800
 9.03   6.42   55.712
 9.03   5.00    0.394    0.207
 9.03   5.00    0.602   55.739
 9.03   5.00    0.583    0.238   0.602   0.186
 9.03   5.00    0.583    0.234   0.602   0.182

 9.04   0.00    0.184    0.181   0.036   0.037   0.015   0.007   0.082   0.007   0.000   0.000   0.000 563806500
 9.04   6.42   55.700
 9.04   5.00    0.394    0.207
 9.04   5.00    0.601   55.727
 9.04   5.00    0.583    0.237   0.601   0.186
 9.04   5.00    0.583    0.234   0.601   0.182

 9.05   0.00    0.184    0.181   0.036   0.037   0.015   0.007   0.082   0.007   0.000   0.000   0.000 564430200
 9.05   6.41   55.688
 9.05   5.00    0.393    0.207
 9.05   5.00    0.601   55.716
 9.05   5.00    0.583    0.237   0.601   0.186
 9.05   5.00    0.583    0.234   0.601   0.182

 9.06   0.00    0.184    0.181   0.036   0.037   0.015   0.007   0.082   0.007   0.000   0.000   0.000 565054000
 9.06   6.41   55.675
 9.06   5.00    0.393    0.207
 9.06   5.00    0.601   55.704
 9.06   5.00    0.582    0.237   0.601   0.186
 9.06   5.00    0.583    0.234   0.601   0.182

 9.07   0.00    0.184    0.181   0.036   0.037   0.015   0.007   0.082   0.007   0.000   0.000   0.000 565677600
 9.07   6.41   55.663
 9.07   5.00    0.393    0.207
 9.07   5.00    0.600   55.693
 9.07   5.00    0.582    0.237   0.600   0.185
 9.07   5.00    0.582    0.234   0.600   0.182

 9.08   0.00    0.184    0.180   0.036   0.037   0.015   0.007   0.082   0.007   0.000   0.000   0.000 566301200
 9.08   6.40   55.651
 9.08   5.00    0.393    0.207
 9.08   5.00    0.600   55.681
 9.08   5.00    0.582    0.237   0.600   0.185
 9.08   5.00    0.582    0.233   0.600   0.182

 9.09   0.00    0.184    0.180   0.036   0.037   0.015   0.007   0.082   0.007   0.000   0.000   0.000 566924900
 9.09   6.40   55.638
 9.09   5.00    0.392    0.207
 9.09   5.00    0.600   55.670
 9.09   5.00    0.581    0.237   0.600   0.185
 9.09   5.00    0.582    0.233   0.600   0.182

 9.10   0.00    0.184    0.180   0.036   0.037   0.015   0.007   0.082   0.007   0.000   0.000   0.000 567548700
 9.10   6.40   55.626
 9.10   5.00    0.392    0.207
 9.10   5.00    0.600   55.659
 9.10   5.00    0.581    0.237   0.600   0.185
 9.10   5.00    0.582    0.233   0.600   0.182

 9.11   0.00    0.184    0.180   0.036   0.037   0.015   0.007   0.082   0.007   0.000   0.000   0.000 568172300
 9.11   6.39   55.614
 9.11   5.00    0.392    0.207
 9.11   5.00    0.599   55.647
 9.11   5.00    0.581    0.237   0.599   0.185
 9.11   5.00    0.581    0.233   0.599   0.182

 9.12   0.00    0.184    0.180   0.036   0.037   0.015   0.007   0.082   0.007   0.000   0.000   0.000 568796000
 9.12   6.39   55.601
 9.12   5.00    0.392    0.207
 9.12   5.00    0.599   55.636
 9.12   5.00    0.581    0.236   0.599   0.185
 9.12   5.00    0.581    0.233   0.599   0.181

 9.13   0.00    0.183    0.180   0.036   0.037   0.015   0.007   0.082   0.007   0.000   0.000   0.000 569419600
 9.13   6.39   55.589
 9.13   5.00    0.391    0.207
 9.13   5.00    0.599   55.624
 9.13   5.00    0.580    0.236   0.599   0.185
 9.13   5.00    0.581    0.233   0.599   0.181

 9.14   0.00    0.183    0.180   0.036   0.037   0.014   0.007   0.082   0.007   0.000   0.000   0.000 570043300
 9.14   6.39   55.577
 9.14   5.00    0.391    0.207
 9.14   5.00    0.599   55.613
 9.14   5.00    0.580    0.236   0.599   0.185
 9.14   5.00    0.581    0.233   0.599   0.181

 9.15   0.00    0.183    0.180   0.036   0.037   0.014   0.007   0.082   0.007   0.000   0.000   0.000 570667000
 9.15   6.38   55.565
 9.15   5.00    0.391    0.207
 9.15   5.00    0.598   55.602
 9.15   5.00    0.580    0.236   0.598   0.185
 9.15   5.00    0.580    0.233   0.598   0.181

 9.16   0.00    0.183    0.180   0.036   0.037   0.014   0.007   0.082   0.007   0.000   0.000   0.000 571290700
 9.16   6.38   55.552
 9.16   5.00    0.391    0.207
 9.16   5.00    0.598   55.590
 9.16   5.00    0.580    0.236   0.598   0.185
 9.16   5.00    0.580    0.233   0.598   0.181

 9.17   0.00    0.183    0.180   0.036   0.037   0.014   0.007   0.082   0.007   0.000   0.000   0.000 571914400
 9.17   6.38   55.540
 9.17   5.00    0.390    0.207
 9.17   5.00    0.598   55.579
 9.17   5.00    0.579    0.236   0.598   0.184
 9.17   5.00    0.580    0.232   0.598   0.181

 9.18   0.00    0.183    0.180   0.036   0.037   0.014   0.007   0.082   0.007   0.000   0.000   0.000 572538000
 9.18   6.37   55.528
 9.18   5.00    0.390    0.207
 9.18   5.00    0.597   55.567
 9.18   5.00    0.579    0.236   0.597   0.184
 9.18   5.00    0.579    0.232   0.597   0.181

 9.19   0.00    0.183    0.179   0.035   0.037   0.014   0.007   0.082   0.007   0.000   0.000   0.000 573161700
 9.19   6.37   55.519
 9.19   5.00    0.390    0.207
 9.19   5.00    0.597   55.558
 9.19   5.00    0.578    0.236   0.597   0.184
 9.19   5.00    0.578    0.232   0.597   0.181

 9.20   0.00    0.183    0.179   0.035   0.037   0.014   0.007   0.082   0.007   0.000   0.000   0.000 573785400
 9.20   6.37   55.507
 9.20   5.00    0.390    0.207
 9.20   5.00    0.596   55.547
 9.20   5.00    0.578    0.235   0.596   0.184
 9.20   5.00    0.578    0.232   0.596   0.181

 9.21   0.00    0.183    0.179   0.035   0.037   0.014   0.007   0.082   0.007   0.000   0.000   0.000 574409100
 9.21   6.36   55.494
 9.21   5.00    0.389    0.207
 9.21   5.00    0.596   55.535
 9.21   5.00    0.577    0.235   0.596   0.184
 9.21   5.00    0.578    0.232   0.596   0.181

 9.22   0.00    0.183    0.179   0.035   0.037   0.014   0.007   0.082   0.007   0.000   0.000   0.000 575032800
 9.22   6.36   55.482
 9.22   5.00    0.389    0.206
 9.22   5.00    0.595   55.524
 9.22   5.00    0.577    0.235   0.595   0.184
 9.22   5.00    0.577    0.232   0.595   0.181

 9.23   0.00    0.182    0.179   0.035   0.037   0.014   0.007   0.082   0.007   0.000   0.000   0.000 575656400
 9.23   6.36   55.470
 9.23   5.00    0.389    0.206
 9.23   5.00    0.595   55.513
 9.23   5.00    0.577    0.235   0.595   0.184
 9.23   5.00    0.577    0.232   0.595   0.180

 9.24   0.00    0.182    0.179   0.035   0.037   0.014   0.007   0.082   0.007   0.000   0.000   0.000 576280100
 9.24   6.36   55.458
 9.24   5.00    0.388    0.206
 9.24   5.00    0.595   55.501
 9.24   5.00    0.576    0.235   0.595   0.184
 9.24   5.00    0.577    0.232   0.595   0.180

 9.25   0.00    0.182    0.179   0.035   0.037   0.014   0.007   0.082   0.007   0.000   0.000   0.000 576903800
 9.25   6.35   55.446
 9.25   5.00    0.388    0.206
 9.25   5.00    0.594   55.490
 9.25   5.00    0.576    0.235   0.594   0.184
 9.25   5.00    0.576    0.231   0.594   0.180

 9.26   0.00    0.182    0.179   0.035   0.037   0.014   0.007   0.082   0.007   0.000   0.000   0.000 577527500
 9.26   6.35   55.434
 9.26   5.00    0.388    0.206
 9.26   5.00    0.594   55.478
 9.26   5.00    0.576    0.235   0.594   0.184
 9.26   5.00    0.576    0.231   0.594   0.180

 9.27   0.00    0.182    0.179   0.035   0.037   0.014   0.007   0.082   0.007   0.000   0.000   0.000 578151200
 9.27   6.35   55.422
 9.27   5.00    0.388    0.206
 9.27   5.00    0.594   55.467
 9.27   5.00    0.575    0.235   0.594   0.183
 9.27   5.00    0.576    0.231   0.594   0.180

 9.28   0.00    0.182    0.179   0.035   0.037   0.014   0.007   0.082   0.007   0.000   0.000   0.000 578774800
 9.28   6.34   55.410
 9.28   5.00    0.387    0.206
 9.28   5.00    0.593   55.456
 9.28   5.00    0.575    0.234   0.593   0.183
 9.28   5.00    0.575    0.231   0.593   0.180

 9.29   0.00    0.182    0.179   0.035   0.037   0.014   0.007   0.082   0.007   0.000   0.000   0.000 579398500
 9.29   6.34   55.398
 9.29   5.00    0.387    0.206
 9.29   5.00    0.593   55.444
 9.29   5.00    0.575    0.234   0.593   0.183
 9.29   5.00    0.575    0.231   0.593   0.180

 9.30   0.00    0.182    0.179   0.035   0.037   0.014   0.007   0.082   0.007   0.000   0.000   0.000 580022200
 9.30   6.34   55.385
 9.30   5.00    0.387    0.206
 9.30   5.00    0.593   55.433
 9.30   5.00    0.574    0.234   0.593   0.183
 9.30   5.00    0.575    0.231   0.593   0.180

 9.31   0.00    0.182    0.178   0.035   0.037   0.014   0.007   0.082   0.007   0.000   0.000   0.000 580645900
 9.31   6.33   55.373
 9.31   5.00    0.387    0.205
 9.31   5.00    0.592   55.422
 9.31   5.00    0.574    0.234   0.592   0.183
 9.31   5.00    0.574    0.231   0.592   0.180

 9.32   0.00    0.182    0.178   0.035   0.037   0.014   0.007   0.082   0.007   0.000   0.000   0.000 581269600
 9.32   6.33   55.361
 9.32   5.00    0.386    0.205
 9.32   5.00    0.592   55.410
 9.32   5.00    0.574    0.234   0.592   0.183
 9.32   5.00    0.574    0.231   0.592   0.180

 9.33   0.00    0.182    0.178   0.035   0.037   0.014   0.007   0.082   0.007   0.000   0.000   0.000 581893200
 9.33   6.33   55.349
 9.33   5.00    0.386    0.205
 9.33   5.00    0.591   55.399
 9.33   5.00    0.573    0.234   0.591   0.183
 9.33   5.00    0.574    0.230   0.591   0.180

 9.34   0.00    0.181    0.178   0.035   0.037   0.014   0.007   0.082   0.007   0.000   0.000   0.000 582516900
 9.34   6.33   55.337
 9.34   5.00    0.386    0.205
 9.34   5.00    0.591   55.388
 9.34   5.00    0.573    0.234   0.591   0.183
 9.34   5.00    0.573    0.230   0.591   0.180

 9.35   0.00    0.181    0.178   0.035   0.037   0.014   0.007   0.082   0.007   0.000   0.000   0.000 583140600
 9.35   6.32   55.326
 9.35   5.00    0.386    0.205
 9.35   5.00    0.591   55.376
 9.35   5.00    0.573    0.234   0.591   0.183
 9.35   5.00    0.573    0.230   0.591   0.179

 9.36   0.00    0.181    0.178   0.035   0.037   0.014   0.007   0.082   0.007   0.000   0.000   0.000 583764300
 9.36   6.32   55.314
 9.36   5.00    0.385    0.205
 9.36   5.00    0.590   55.365
 9.36   5.00    0.572    0.233   0.590   0.183
 9.36   5.00    0.572    0.230   0.590   0.179

 9.37   0.00    0.181    0.178   0.035   0.037   0.014   0.007   0.082   0.007   0.000   0.000   0.000 584388000
 9.37   6.32   55.302
 9.37   5.00    0.385    0.205
 9.37   5.00    0.590   55.354
 9.37   5.00    0.572    0.233   0.590   0.183
 9.37   5.00    0.572    0.230   0.590   0.179

 9.38   0.00    0.181    0.178   0.035   0.037   0.014   0.007   0.082   0.007   0.000   0.000   0.000 585011600
 9.38   6.31   55.290
 9.38   5.00    0.385    0.205
 9.38   5.00    0.590   55.343
 9.38   5.00    0.572    0.233   0.590   0.182
 9.38   5.00    0.572    0.230   0.590   0.179

 9.39   0.00    0.181    0.178   0.035   0.037   0.014   0.007   0.082   0.007   0.000   0.000   0.000 585635300
 9.39   6.31   55.278
 9.39   5.00    0.385    0.205
 9.39   5.00    0.589   55.331
 9.39   5.00    0.571    0.233   0.589   0.182
 9.39   5.00    0.571    0.230   0.589   0.179

 9.40   0.00    0.181    0.178   0.035   0.037   0.014   0.007   0.082   0.007   0.000   0.000   0.000 586259000
 9.40   6.31   55.266
 9.40   5.00    0.384    0.205
 9.40   5.00    0.589   55.320
 9.40   5.00    0.571    0.233   0.589   0.182
 9.40   5.00    0.571    0.230   0.589   0.179

 9.41   0.00    0.181    0.178   0.034   0.037   0.014   0.007   0.082   0.007   0.000   0.000   0.000 586882700
 9.41   6.31   55.254
 9.41   5.00    0.384    0.204
 9.41   5.00    0.589   55.309
 9.41   5.00    0.570    0.233   0.589   0.182
 9.41   5.00    0.571    0.230   0.589   0.179

 9.42   0.00    0.181    0.177   0.034   0.037   0.014   0.007   0.082   0.007   0.000   0.000   0.000 587506400
 9.42   6.30   55.242
 9.42   5.00    0.384    0.204
 9.42   5.00    0.588   55.298
 9.42   5.00    0.570    0.233   0.588   0.182
 9.42   5.00    0.570    0.229   0.588   0.179

 9.43   0.00    0.181    0.177   0.034   0.037   0.014   0.007   0.082   0.007   0.000   0.000   0.000 588130000
 9.43   6.30   55.230
 9.43   5.00    0.384    0.204
 9.43   5.00    0.588   55.287
 9.43   5.00    0.570    0.233   0.588   0.182
 9.43   5.00    0.570    0.229   0.588   0.179

 9.44   0.00    0.181    0.177   0.034   0.037   0.014   0.007   0.082   0.007   0.000   0.000   0.000 588753700
 9.44   6.30   55.219
 9.44   5.00    0.383    0.204
 9.44   5.00    0.588   55.276
 9.44   5.00    0.569    0.232   0.588   0.182
 9.44   5.00    0.570    0.229   0.588   0.179

 9.45   0.00    0.180    0.177   0.034   0.037   0.014   0.007   0.082   0.007   0.000   0.000   0.000 589377400
 9.45   6.29   55.207
 9.45   5.00    0.383    0.204
 9.45   5.00    0.587   55.264
 9.45   5.00    0.569    0.232   0.587   0.182
 9.45   5.00    0.569    0.229   0.587   0.179

 9.46   0.00    0.180    0.177   0.034   0.037   0.014   0.007   0.082   0.007   0.000   0.000   0.000 590001100
 9.46   6.29   55.195
 9.46   5.00    0.383    0.204
 9.46   5.00    0.587   55.253
 9.46   5.00    0.569    0.232   0.587   0.182
 9.46   5.00    0.569    0.229   0.587   0.178

 9.47   0.00    0.180    0.177   0.034   0.037   0.014   0.007   0.082   0.007   0.000   0.000   0.000 590624800
 9.47   6.29   55.183
 9.47   5.00    0.383    0.204
 9.47   5.00    0.587   55.242
 9.47   5.00    0.568    0.232   0.587   0.182
 9.47   5.00    0.569    0.229   0.587   0.178

 9.48   0.00    0.180    0.177   0.034   0.037   0.014   0.007   0.082   0.007   0.000   0.000   0.000 591248400
 9.48   6.29   55.172
 9.48   5.00    0.382    0.204
 9.48   5.00    0.586   55.231
 9.48   5.00    0.568    0.232   0.586   0.182
 9.48   5.00    0.568    0.229   0.586   0.178

 9.49   0.00    0.180    0.177   0.034   0.037   0.013   0.007   0.082   0.007   0.000   0.000   0.000 591872100
 9.49   6.28   55.160
 9.49   5.00    0.382    0.204
 9.49   5.00    0.586   55.220
 9.49   5.00    0.568    0.232   0.586   0.181
 9.49   5.00    0.568    0.229   0.586   0.178

 9.50   0.00    0.180    0.177   0.034   0.037   0.013   0.007   0.082   0.007   0.000   0.000   0.000 592495800
 9.50   6.28   55.148
 9.50   5.00    0.382    0.204
 9.50   5.00    0.585   55.209
 9.50   5.00    0.567    0.232   0.585   0.181
 9.50   5.00    0.568    0.228   0.585   0.178

 9.51   0.00    0.180    0.177   0.034   0.037   0.013   0.007   0.082   0.007   0.000   0.000   0.000 593119500
 9.51   6.28   55.136
 9.51   5.00    0.382    0.203
 9.51   5.00    0.585   55.198
 9.51   5.00    0.567    0.232   0.585   0.181
 9.51   5.00    0.567    0.228   0.585   0.178

 9.52   0.00    0.180    0.177   0.034   0.037   0.013   0.007   0.082   0.007   0.000   0.000   0.000 593743200
 9.52   6.27   55.125
 9.52   5.00    0.381    0.203
 9.52   5.00    0.585   55.187
 9.52   5.00    0.567    0.231   0.585   0.181
 9.52   5.00    0.567    0.228   0.585   0.178

 9.53   0.00    0.180    0.177   0.034   0.037   0.013   0.007   0.082   0.007   0.000   0.000   0.000 594366800
 9.53   6.27   55.113
 9.53   5.00    0.381    0.203
 9.53   5.00    0.584   55.176
 9.53   5.00    0.566    0.231   0.584   0.181
 9.53   5.00    0.567    0.228   0.584   0.178

 9.54   0.00    0.180    0.176   0.034   0.037   0.013   0.007   0.082   0.007   0.000   0.000   0.000 594990500
 9.54   6.27   55.101
 9.54   5.00    0.381    0.203
 9.54   5.00    0.584   55.165
 9.54   5.00    0.566    0.231   0.584   0.181
 9.54   5.00    0.566    0.228   0.584   0.178

 9.55   0.00    0.180    0.176   0.034   0.037   0.013   0.007   0.082   0.007   0.000   0.000   0.000 595614200
 9.55   6.27   55.090
 9.55   5.00    0.381    0.203
 9.55   5.00    0.584   55.153
 9.55   5.00    0.566    0.231   0.584   0.181
 9.55   5.00    0.566    0.228   0.584   0.178

 9.56   0.00    0.179    0.176   0.034   0.037   0.013   0.007   0.082   0.007   0.000   0.000   0.000 596237900
 9.56   6.26   55.078
 9.56   5.00    0.380    0.203
 9.56   5.00    0.583   55.142
 9.56   5.00    0.565    0.231   0.583   0.181
 9.56   5.00    0.566    0.228   0.583   0.178

 9.57   0.00    0.179    0.176   0.034   0.037   0.013   0.007   0.082   0.007   0.000   0.000   0.000 596861600
 9.57   6.26   55.067
 9.57   5.00    0.380    0.203
 9.57   5.00    0.583   55.131
 9.57   5.00    0.565    0.231   0.583   0.181
 9.57   5.00    0.565    0.228   0.583   0.178

 9.58   0.00    0.179    0.176   0.034   0.037   0.013   0.007   0.082   0.007   0.000   0.000   0.000 597485200
 9.58   6.26   55.055
 9.58   5.00    0.380    0.203
 9.58   5.00    0.583   55.120
 9.58   5.00    0.565    0.231   0.583   0.181
 9.58   5.00    0.565    0.228   0.583   0.177

 9.59   0.00    0.179    0.176   0.034   0.037   0.013   0.007   0.082   0.007   0.000   0.000   0.000 598108900
 9.59   6.26   55.043
 9.59   5.00    0.380    0.203
 9.59   5.00    0.582   55.109
 9.59   5.00    0.564    0.231   0.582   0.181
 9.59   5.00    0.565    0.227   0.582   0.177

 9.60   0.00    0.179    0.176   0.034   0.037   0.013   0.007   0.082   0.007   0.000   0.000   0.000 598732600
 9.60   6.25   55.032
 9.60   5.00    0.380    0.203
 9.60   5.00    0.582   55.099
 9.60   5.00    0.564    0.230   0.582   0.180
 9.60   5.00    0.564    0.227   0.582   0.177

 9.61   0.00    0.179    0.176   0.034   0.037   0.013   0.007   0.082   0.007   0.000   0.000   0.000 599356300
 9.61   6.25   55.020
 9.61   5.00    0.379    0.202
 9.61   5.00    0.582   55.088
 9.61   5.00    0.564    0.230   0.582   0.180
 9.61   5.00    0.564    0.227   0.582   0.177

 9.62   0.00    0.179    0.176   0.034   0.037   0.013   0.007   0.082   0.007   0.000   0.000   0.000 599980000
 9.62   6.25   55.009
 9.62   5.00    0.379    0.202
 9.62   5.00    0.581   55.077
 9.62   5.00    0.563    0.230   0.581   0.180
 9.62   5.00    0.564    0.227   0.581   0.177

 9.63   0.00    0.179    0.176   0.034   0.037   0.013   0.007   0.082   0.007   0.000   0.000   0.000 600603600
 9.63   6.24   54.997
 9.63   5.00    0.379    0.202
 9.63   5.00    0.581   55.066
 9.63   5.00    0.563    0.230   0.581   0.180
 9.63   5.00    0.563    0.227   0.581   0.177

 9.64   0.00    0.179    0.176   0.034   0.037   0.013   0.007   0.082   0.007   0.000   0.000   0.000 601227300
 9.64   6.24   54.986
 9.64   5.00    0.379    0.202
 9.64   5.00    0.581   55.055
 9.64   5.00    0.563    0.230   0.581   0.180
 9.64   5.00    0.563    0.227   0.581   0.177

 9.65   0.00    0.179    0.176   0.033   0.037   0.013   0.007   0.082   0.006   0.000   0.000   0.000 601851000
 9.65   6.24   54.974
 9.65   5.00    0.378    0.202
 9.65   5.00    0.580   55.044
 9.65   5.00    0.562    0.230   0.580   0.180
 9.65   5.00    0.563    0.227   0.580   0.177

 9.66   0.00    0.179    0.175   0.033   0.037   0.013   0.007   0.082   0.006   0.000   0.000   0.000 602474700
 9.66   6.24   54.963
 9.66   5.00    0.378    0.202
 9.66   5.00    0.580   55.033
 9.66   5.00    0.562    0.230   0.580   0.180
 9.66   5.00    0.562    0.227   0.580   0.177

 9.67   0.00    0.178    0.175   0.033   0.037   0.013   0.007   0.082   0.006   0.000   0.000   0.000 603098400
 9.67   6.23   54.951
 9.67   5.00    0.378    0.202
 9.67   5.00    0.580   55.022
 9.67   5.00    0.562    0.230   0.580   0.180
 9.67   5.00    0.562    0.227   0.580   0.177

 9.68   0.00    0.178    0.175   0.033   0.037   0.013   0.007   0.082   0.006   0.000   0.000   0.000 603722000
 9.68   6.23   54.940
 9.68   5.00    0.378    0.202
 9.68   5.00    0.579   55.011
 9.68   5.00    0.561    0.230   0.579   0.180
 9.68   5.00    0.562    0.226   0.579   0.177

 9.69   0.00    0.178    0.175   0.033   0.037   0.013   0.007   0.082   0.006   0.000   0.000   0.000 604345700
 9.69   6.23   54.928
 9.69   5.00    0.377    0.202
 9.69   5.00    0.579   55.000
 9.69   5.00    0.561    0.229   0.579   0.180
 9.69   5.00    0.561    0.226   0.579   0.177

 9.70   0.00    0.178    0.175   0.033   0.037   0.013   0.007   0.082   0.006   0.000   0.000   0.000 604969400
 9.70   6.23   54.917
 9.70   5.00    0.377    0.202
 9.70   5.00    0.579   54.989
 9.70   5.00    0.561    0.229   0.579   0.180
 9.70   5.00    0.561    0.226   0.579   0.177

 9.71   0.00    0.178    0.175   0.033   0.037   0.013   0.007   0.082   0.006   0.000   0.000   0.000 605593100
 9.71   6.22   54.906
 9.71   5.00    0.377    0.201
 9.71   5.00    0.578   54.979
 9.71   5.00    0.561    0.229   0.578   0.179
 9.71   5.00    0.561    0.226   0.578   0.176

 9.72   0.00    0.178    0.175   0.033   0.037   0.013   0.007   0.082   0.006   0.000   0.000   0.000 606216800
 9.72   6.22   54.894
 9.72   5.00    0.377    0.201
 9.72   5.00    0.578   54.968
 9.72   5.00    0.560    0.229   0.578   0.179
 9.72   5.00    0.560    0.226   0.578   0.176

 9.73   0.00    0.178    0.175   0.033   0.037   0.013   0.007   0.082   0.006   0.000   0.000   0.000 606840400
 9.73   6.22   54.883
 9.73   5.00    0.376    0.201
 9.73   5.00    0.578   54.957
 9.73   5.00    0.560    0.229   0.578   0.179
 9.73   5.00    0.560    0.226   0.578   0.176

 9.74   0.00    0.178    0.175   0.033   0.037   0.013   0.007   0.082   0.006   0.000   0.000   0.000 607464100
 9.74   6.21   54.872
 9.74   5.00    0.376    0.201
 9.74   5.00    0.577   54.946
 9.74   5.00    0.560    0.229   0.577   0.179
 9.74   5.00    0.560    0.226   0.577   0.176

 9.75   0.00    0.178    0.175   0.033   0.037   0.013   0.007   0.082   0.006   0.000   0.000   0.000 608087800
 9.75   6.21   54.860
 9.75   5.00    0.376    0.201
 9.75   5.00    0.577   54.935
 9.75   5.00    0.559    0.229   0.577   0.179
 9.75   5.00    0.560    0.226   0.577   0.176

 9.76   0.00    0.178    0.175   0.033   0.037   0.013   0.007   0.082   0.006   0.000   0.000   0.000 608711500
 9.76   6.21   54.849
 9.76   5.00    0.376    0.201
 9.76   5.00    0.577   54.924
 9.76   5.00    0.559    0.229   0.577   0.179
 9.76   5.00    0.559    0.226   0.577   0.176

 9.77   0.00    0.178    0.175   0.033   0.037   0.013   0.007   0.082   0.006   0.000   0.000   0.000 609335200
 9.77   6.21   54.838
 9.77   5.00    0.375    0.201
 9.77   5.00    0.576   54.914
 9.77   5.00    0.559    0.229   0.576   0.179
 9.77   5.00    0.559    0.226   0.576   0.176

 9.78   0.00    0.178    0.175   0.033   0.037   0.013   0.007   0.082   0.006   0.000   0.000   0.000 609958800
 9.78   6.20   54.826
 9.78   5.00    0.375    0.201
 9.78   5.00    0.576   54.903
 9.78   5.00    0.558    0.228   0.576   0.179
 9.78   5.00    0.559    0.225   0.576   0.176

 9.79   0.00    0.177    0.174   0.033   0.037   0.013   0.007   0.082   0.006   0.000   0.000   0.000 610582500
 9.79   6.20   54.815
 9.79   5.00    0.375    0.201
 9.79   5.00    0.576   54.892
 9.79   5.00    0.558    0.228   0.576   0.179
 9.79   5.00    0.558    0.225   0.576   0.176

 9.80   0.00    0.177    0.174   0.033   0.037   0.013   0.007   0.082   0.006   0.000   0.000   0.000 611206200
 9.80   6.20   54.804
 9.80   5.00    0.375    0.201
 9.80   5.00    0.575   54.881
 9.80   5.00    0.558    0.228   0.575   0.179
 9.80   5.00    0.558    0.225   0.575   0.176

 9.81   0.00    0.177    0.174   0.033   0.037   0.013   0.007   0.082   0.006   0.000   0.000   0.000 611829900
 9.81   6.20   54.793
 9.81   5.00    0.375    0.201
 9.81   5.00    0.575   54.871
 9.81   5.00    0.557    0.228   0.575   0.179
 9.81   5.00    0.558    0.225   0.575   0.176

 9.82   0.00    0.177    0.174   0.033   0.037   0.013   0.007   0.082   0.006   0.000   0.000   0.000 612453600
 9.82   6.19   54.781
 9.82   5.00    0.374    0.200
 9.82   5.00    0.575   54.860
 9.82   5.00    0.557    0.228   0.575   0.179
 9.82   5.00    0.557    0.225   0.575   0.176

 9.83   0.00    0.177    0.174   0.033   0.037   0.013   0.006   0.082   0.006   0.000   0.000   0.000 613077200
 9.83   6.19   54.770
 9.83   5.00    0.374    0.200
 9.83   5.00    0.574   54.849
 9.83   5.00    0.557    0.228   0.574   0.178
 9.83   5.00    0.557    0.225   0.574   0.175

 9.84   0.00    0.177    0.174   0.033   0.037   0.013   0.006   0.082   0.006   0.000   0.000   0.000 613700900
 9.84   6.19   54.759
 9.84   5.00    0.374    0.200
 9.84   5.00    0.574   54.839
 9.84   5.00    0.556    0.228   0.574   0.178
 9.84   5.00    0.557    0.225   0.574   0.175

 9.85   0.00    0.177    0.174   0.033   0.037   0.013   0.006   0.082   0.006   0.000   0.000   0.000 614324600
 9.85   6.19   54.748
 9.85   5.00    0.374    0.200
 9.85   5.00    0.574   54.828
 9.85   5.00    0.556    0.228   0.574   0.178
 9.85   5.00    0.556    0.225   0.574   0.175

 9.86   0.00    0.177    0.174   0.033   0.037   0.013   0.006   0.082   0.006   0.000   0.000   0.000 614948300
 9.86   6.18   54.737
 9.86   5.00    0.373    0.200
 9.86   5.00    0.573   54.817
 9.86   5.00    0.556    0.228   0.573   0.178
 9.86   5.00    0.556    0.225   0.573   0.175

 9.87   0.00    0.177    0.174   0.033   0.037   0.013   0.006   0.082   0.006   0.000   0.000   0.000 615572000
 9.87   6.18   54.725
 9.87   5.00    0.373    0.200
 9.87   5.00    0.573   54.807
 9.87   5.00    0.555    0.227   0.573   0.178
 9.87   5.00    0.556    0.224   0.573   0.175

 9.88   0.00    0.177    0.174   0.033   0.037   0.013   0.006   0.082   0.006   0.000   0.000   0.000 616195600
 9.88   6.18   54.714
 9.88   5.00    0.373    0.200
 9.88   5.00    0.573   54.796
 9.88   5.00    0.555    0.227   0.573   0.178
 9.88   5.00    0.555    0.224   0.573   0.175

 9.89   0.00    0.177    0.174   0.032   0.037   0.012   0.006   0.082   0.006   0.000   0.000   0.000 616819300
 9.89   6.17   54.703
 9.89   5.00    0.373    0.200
 9.89   5.00    0.573   54.785
 9.89   5.00    0.555    0.227   0.573   0.178
 9.89   5.00    0.555    0.224   0.573   0.175

 9.90   0.00    0.177    0.174   0.032   0.037   0.012   0.006   0.082   0.006   0.000   0.000   0.000 617443000
 9.90   6.17   54.692
 9.90   5.00    0.372    0.200
 9.90   5.00    0.572   54.775
 9.90   5.00    0.555    0.227   0.572   0.178
 9.90   5.00    0.555    0.224   0.572   0.175

 9.91   0.00    0.176    0.174   0.032   0.037   0.012   0.006   0.082   0.006   0.000   0.000   0.000 618066700
 9.91   6.17   54.681
 9.91   5.00    0.372    0.200
 9.91   5.00    0.572   54.764
 9.91   5.00    0.554    0.227   0.572   0.178
 9.91   5.00    0.554    0.224   0.572   0.175

 9.92   0.00    0.176    0.173   0.032   0.037   0.012   0.006   0.082   0.006   0.000   0.000   0.000 618690400
 9.92   6.17   54.670
 9.92   5.00    0.372    0.200
 9.92   5.00    0.572   54.753
 9.92   5.00    0.554    0.227   0.572   0.178
 9.92   5.00    0.554    0.224   0.572   0.175

 9.93   0.00    0.176    0.173   0.032   0.037   0.012   0.006   0.082   0.006   0.000   0.000   0.000 619314000
 9.93   6.16   54.659
 9.93   5.00    0.372    0.199
 9.93   5.00    0.571   54.743
 9.93   5.00    0.554    0.227   0.571   0.178
 9.93   5.00    0.554    0.224   0.571   0.175

 9.94   0.00    0.176    0.173   0.032   0.037   0.012   0.006   0.082   0.006   0.000   0.000   0.000 619937700
 9.94   6.16   54.648
 9.94   5.00    0.372    0.199
 9.94   5.00    0.571   54.732
 9.94   5.00    0.553    0.227   0.571   0.178
 9.94   5.00    0.554    0.224   0.571   0.175

 9.95   0.00    0.176    0.173   0.032   0.037   0.012   0.006   0.082   0.006   0.000   0.000   0.000 620561400
 9.95   6.16   54.637
 9.95   5.00    0.371    0.199
 9.95   5.00    0.571   54.722
 9.95   5.00    0.553    0.227   0.571   0.177
 9.95   5.00    0.553    0.224   0.571   0.175

 9.96   0.00    0.176    0.173   0.032   0.037   0.012   0.006   0.082   0.006   0.000   0.000   0.000 621185100
 9.96   6.16   54.626
 9.96   5.00    0.371    0.199
 9.96   5.00    0.570   54.711
 9.96   5.00    0.553    0.226   0.570   0.177
 9.96   5.00    0.553    0.224   0.570   0.174

 9.97   0.00    0.176    0.173   0.032   0.037   0.012   0.006   0.082   0.006   0.000   0.000   0.000 621808800
 9.97   6.15   54.615
 9.97   5.00    0.371    0.199
 9.97   5.00    0.570   54.700
 9.97   5.00    0.552    0.226   0.570   0.177
 9.97   5.00    0.553    0.223   0.570   0.174

 9.98   0.00    0.176    0.173   0.032   0.037   0.012   0.006   0.082   0.006   0.000   0.000   0.000 622432400
 9.98   6.15   54.604
 9.98   5.00    0.371    0.199
 9.98   5.00    0.570   54.690
 9.98   5.00    0.552    0.226   0.570   0.177
 9.98   5.00    0.552    0.223   0.570   0.174

 9.99   0.00    0.176    0.173   0.032   0.037   0.012   0.006   0.082   0.006   0.000   0.000   0.000 623056100
 9.99   6.15   54.593
 9.99   5.00    0.370    0.199
 9.99   5.00    0.569   54.679
 9.99   5.00    0.552    0.226   0.569   0.177
 9.99   5.00    0.552    0.223   0.569   0.174

10.00   0.00    0.176    0.173   0.032   0.037   0.012   0.006   0.082   0.006   0.000   0.000   0.000 623679800
10.00   6.15   54.582
10.00   5.00    0.370    0.199
10.00   5.00    0.569   54.669
10.00   5.00    0.551    0.226   0.569   0.177
10.00   5.00    0.552    0.223   0.569   0.174

10.01   0.00    0.176    0.173   0.032   0.037   0.012   0.006   0.082   0.006   0.000   0.000   0.000 624303500
10.01   6.14   54.571
10.01   5.00    0.370    0.199
10.01   5.00    0.569   54.658
10.01   5.00    0.551    0.226   0.569   0.177
10.01   5.00    0.551    0.223   0.569   0.174

10.02   0.00    0.176    0.173   0.032   0.037   0.012   0.006   0.082   0.006   0.000   0.000   0.000 624927200
10.02   6.14   54.560
10.02   5.00    0.370    0.199
10.02   5.00    0.568   54.648
10.02   5.00    0.551    0.226   0.568   0.177
10.02   5.00    0.551    0.223   0.568   0.174

10.03   0.00    0.176    0.173   0.032   0.037   0.012   0.006   0.082   0.006   0.000   0.000   0.000 625550800
10.03   6.14   54.549
10.03   5.00    0.370    0.199
10.03   5.00    0.568   54.637
10.03   5.00    0.551    0.226   0.568   0.177
10.03   5.00    0.551    0.223   0.568   0.174

10.04   0.00    0.176    0.173   0.032   0.037   0.012   0.006   0.082   0.006   0.000   0.000   0.000 626174500
10.04   6.14   54.538
10.04   5.00    0.369    0.198
10.04   5.00    0.568   54.627
10.04   5.00    0.550    0.226   0.568   0.177
10.04   5.00    0.550    0.223   0.568   0.174

10.05   0.00    0.176    0.173   0.032   0.037   0.012   0.006   0.082   0.006   0.000   0.000   0.000 626798200
10.05   6.13   54.527
10.05   5.00    0.369    0.198
10.05   5.00    0.567   54.616
10.05   5.00    0.550    0.226   0.567   0.177
10.05   5.00    0.550    0.223   0.567   0.174

10.06   0.00    0.176    0.173   0.032   0.037   0.012   0.006   0.082   0.006   0.000   0.000   0.000 627421900
10.06   6.13   54.516
10.06   5.00    0.369    0.198
10.06   5.00    0.567   54.606
10.06   5.00    0.550    0.226   0.567   0.177
10.06   5.00    0.550    0.223   0.567   0.174

10.07   0.00    0.176    0.173   0.032   0.037   0.012   0.006   0.082   0.006   0.000   0.000   0.000 628045600
10.07   6.13   54.505
10.07   5.00    0.369    0.198
10.07   5.00    0.567   54.596
10.07   5.00    0.549    0.226   0.567   0.177
10.07   5.00    0.550    0.223   0.567   0.174

10.08   0.00    0.176    0.173   0.032   0.037   0.012   0.006   0.082   0.006   0.000   0.000   0.000 628669200
10.08   6.13   54.495
10.08   5.00    0.368    0.198
10.08   5.00    0.567   54.585
10.08   5.00    0.549    0.226   0.567   0.177
10.08   5.00    0.549    0.223   0.567   0.174

10.09   0.00    0.176    0.173   0.032   0.037   0.012   0.006   0.082   0.006   0.000   0.000   0.000 629292900
10.09   6.12   54.484
10.09   5.00    0.368    0.198
10.09   5.00    0.566   54.575
10.09   5.00    0.549    0.226   0.566   0.177
10.09   5.00    0.549    0.223   0.566   0.174

10.10   0.00    0.176    0.173   0.032   0.037   0.012   0.006   0.082   0.006   0.000   0.000   0.000 629916600
10.10   6.12   54.473
10.10   5.00    0.368    0.198
10.10   5.00    0.566   54.564
10.10   5.00    0.548    0.225   0.566   0.177
10.10   5.00    0.549    0.223   0.566   0.174

10.11   0.00    0.175    0.173   0.032   0.037   0.012   0.006   0.082   0.006   0.000   0.000   0.000 630540200
10.11   6.12   54.462
10.11   5.00    0.368    0.198
10.11   5.00    0.566   54.554
10.11   5.00    0.548    0.225   0.566   0.177
10.11   5.00    0.548    0.223   0.566   0.174

10.12   0.00    0.175    0.173   0.032   0.037   0.012   0.006   0.082   0.006   0.000   0.000   0.000 631164000
10.12   6.12   54.451
10.12   5.00    0.368    0.198
10.12   5.00    0.565   54.543
10.12   5.00    0.548    0.225   0.565   0.177
10.12   5.00    0.548    0.223   0.565   0.174

10.13   0.00    0.175    0.173   0.032   0.037   0.012   0.006   0.082   0.006   0.000   0.000   0.000 631787600
10.13   6.11   54.441
10.13   5.00    0.367    0.198
10.13   5.00    0.565   54.533
10.13   5.00    0.547    0.225   0.565   0.177
10.13   5.00    0.548    0.223   0.565   0.174

10.14   0.00    0.175    0.173   0.032   0.037   0.012   0.006   0.082   0.006   0.000   0.000   0.000 632411300
10.14   6.11   54.430
10.14   5.00    0.367    0.198
10.14   5.00    0.565   54.523
10.14   5.00    0.547    0.225   0.565   0.177
10.14   5.00    0.547    0.222   0.565   0.174

10.15   0.00    0.175    0.173   0.032   0.037   0.012   0.006   0.082   0.006   0.000   0.000   0.000 633034900
10.15   6.11   54.419
10.15   5.00    0.367    0.197
10.15   5.00    0.564   54.512
10.15   5.00    0.547    0.225   0.564   0.177
10.15   5.00    0.547    0.222   0.564   0.174

10.16   0.00    0.175    0.173   0.032   0.037   0.012   0.006   0.082   0.006   0.000   0.000   0.000 633658700
10.16   6.11   54.408
10.16   5.00    0.367    0.197
10.16   5.00    0.564   54.502
10.16   5.00    0.547    0.225   0.564   0.177
10.16   5.00    0.547    0.222   0.564   0.174

10.17   0.00    0.175    0.173   0.032   0.037   0.012   0.006   0.082   0.006   0.000   0.000   0.000 634282400
10.17   6.10   54.398
10.17   5.00    0.367    0.197
10.17   5.00    0.564   54.492
10.17   5.00    0.546    0.225   0.564   0.177
10.17   5.00    0.547    0.222   0.564   0.174

10.18   0.00    0.175    0.173   0.032   0.037   0.012   0.006   0.082   0.006   0.000   0.000   0.000 634906000
10.18   6.10   54.387
10.18   5.00    0.366    0.197
10.18   5.00    0.564   54.481
10.18   5.00    0.546    0.225   0.564   0.177
10.18   5.00    0.546    0.222   0.564   0.174

10.19   0.00    0.175    0.172   0.032   0.037   0.012   0.006   0.082   0.006   0.000   0.000   0.000 635529700
10.19   6.10   54.376
10.19   5.00    0.366    0.197
10.19   5.00    0.563   54.471
10.19   5.00    0.546    0.225   0.563   0.177
10.19   5.00    0.546    0.222   0.563   0.174

10.20   0.00    0.175    0.172   0.032   0.037   0.012   0.006   0.082   0.006   0.000   0.000   0.000 636153400
10.20   6.10   54.366
10.20   5.00    0.366    0.197
10.20   5.00    0.563   54.461
10.20   5.00    0.545    0.225   0.563   0.177
10.20   5.00    0.546    0.222   0.563   0.174

10.21   0.00    0.175    0.172   0.032   0.037   0.012   0.006   0.082   0.006   0.000   0.000   0.000 636777100
10.21   6.09   54.355
10.21   5.00    0.366    0.197
10.21   5.00    0.563   54.450
10.21   5.00    0.545    0.225   0.563   0.177
10.21   5.00    0.545    0.222   0.563   0.174

10.22   0.00    0.175    0.172   0.032   0.037   0.012   0.006   0.082   0.006   0.000   0.000   0.000 637400800
10.22   6.09   54.344
10.22   5.00    0.365    0.197
10.22   5.00    0.562   54.440
10.22   5.00    0.545    0.225   0.562   0.177
10.22   5.00    0.545    0.222   0.562   0.174

10.23   0.00    0.175    0.172   0.032   0.037   0.012   0.006   0.082   0.006   0.000   0.000   0.000 638024400
10.23   6.09   54.334
10.23   5.00    0.365    0.197
10.23   5.00    0.562   54.430
10.23   5.00    0.544    0.225   0.562   0.177
10.23   5.00    0.545    0.222   0.562   0.174

10.24   0.00    0.175    0.172   0.032   0.037   0.012   0.006   0.082   0.006   0.000   0.000   0.000 638648100
10.24   6.09   54.323
10.24   5.00    0.365    0.197
10.24   5.00    0.562   54.420
10.24   5.00    0.544    0.225   0.562   0.177
10.24   5.00    0.544    0.222   0.562   0.174

10.25   0.00    0.175    0.172   0.032   0.037   0.012   0.006   0.082   0.006   0.000   0.000   0.000 639271800
10.25   6.08   54.312
10.25   5.00    0.365    0.197
10.25   5.00    0.561   54.409
10.25   5.00    0.544    0.225   0.561   0.176
10.25   5.00    0.544    0.222   0.561   0.174

10.26   0.00    0.175    0.172   0.032   0.037   0.012   0.006   0.082   0.006   0.000   0.000   0.000 639895500
10.26   6.08   54.302
10.26   5.00    0.365    0.197
10.26   5.00    0.561   54.399
10.26   5.00    0.544    0.225   0.561   0.176
10.26   5.00    0.544    0.222   0.561   0.174

10.27   0.00    0.175    0.172   0.032   0.037   0.012   0.006   0.082   0.006   0.000   0.000   0.000 640519200
10.27   6.08   54.291
10.27   5.00    0.364    0.196
10.27   5.00    0.561   54.389
10.27   5.00    0.543    0.225   0.561   0.176
10.27   5.00    0.544    0.222   0.561   0.174

10.28   0.00    0.175    0.172   0.032   0.037   0.012   0.006   0.082   0.006   0.000   0.000   0.000 641142800
10.28   6.08   54.281
10.28   5.00    0.364    0.196
10.28   5.00    0.561   54.379
10.28   5.00    0.543    0.225   0.561   0.176
10.28   5.00    0.543    0.222   0.561   0.174

10.29   0.00    0.175    0.172   0.032   0.037   0.012   0.006   0.082   0.006   0.000   0.000   0.000 641766500
10.29   6.07   54.270
10.29   5.00    0.364    0.196
10.29   5.00    0.560   54.368
10.29   5.00    0.543    0.225   0.560   0.176
10.29   5.00    0.543    0.222   0.560   0.174

10.30   0.00    0.175    0.172   0.032   0.037   0.012   0.006   0.082   0.006   0.000   0.000   0.000 642390200
10.30   6.07   54.259
10.30   5.00    0.364    0.196
10.30   5.00    0.560   54.358
10.30   5.00    0.542    0.224   0.560   0.176
10.30   5.00    0.543    0.222   0.560   0.174

10.31   0.00    0.175    0.172   0.032   0.037   0.012   0.006   0.082   0.006   0.000   0.000   0.000 643013900
10.31   6.07   54.249
10.31   5.00    0.364    0.196
10.31   5.00    0.560   54.348
10.31   5.00    0.542    0.224   0.560   0.176
10.31   5.00    0.542    0.222   0.560   0.174

10.32   0.00    0.175    0.172   0.032   0.037   0.012   0.006   0.082   0.006   0.000   0.000   0.000 643637500
10.32   6.07   54.238
10.32   5.00    0.363    0.196
10.32   5.00    0.559   54.338
10.32   5.00    0.542    0.224   0.559   0.176
10.32   5.00    0.542    0.222   0.559   0.174

10.33   0.00    0.175    0.172   0.032   0.037   0.012   0.006   0.082   0.006   0.000   0.000   0.000 644261200
10.33   6.06   54.228
10.33   5.00    0.363    0.196
10.33   5.00    0.559   54.328
10.33   5.00    0.542    0.224   0.559   0.176
10.33   5.00    0.542    0.222   0.559   0.174

10.34   0.00    0.175    0.172   0.032   0.037   0.012   0.006   0.082   0.006   0.000   0.000   0.000 644884900
10.34   6.06   54.217
10.34   5.00    0.363    0.196
10.34   5.00    0.559   54.318
10.34   5.00    0.541    0.224   0.559   0.176
10.34   5.00    0.542    0.222   0.559   0.174

10.35   0.00    0.175    0.172   0.032   0.037   0.011   0.006   0.082   0.006   0.000   0.000   0.000 645508600
10.35   6.06   54.207
10.35   5.00    0.363    0.196
10.35   5.00    0.558   54.307
10.35   5.00    0.541    0.224   0.558   0.176
10.35   5.00    0.541    0.222   0.558   0.174

10.36   0.00    0.175    0.172   0.032   0.037   0.011   0.006   0.082   0.006   0.000   0.000   0.000 646132200
10.36   6.06   54.197
10.36   5.00    0.362    0.196
10.36   5.00    0.558   54.297
10.36   5.00    0.541    0.224   0.558   0.176
10.36   5.00    0.541    0.221   0.558   0.174

10.37   0.00    0.175    0.172   0.032   0.037   0.011   0.006   0.082   0.006   0.000   0.000   0.000 646756000
10.37   6.06   54.186
10.37   5.00    0.362    0.196
10.37   5.00    0.558   54.287
10.37   5.00    0.540    0.224   0.558   0.176
10.37   5.00    0.541    0.221   0.558   0.173

10.38   0.00    0.175    0.172   0.032   0.037   0.011   0.006   0.082   0.006   0.000   0.000   0.000 647379600
10.38   6.05   54.176
10.38   5.00    0.362    0.196
10.38   5.00    0.558   54.277
10.38   5.00    0.540    0.224   0.558   0.176
10.38   5.00    0.540    0.221   0.558   0.173

10.39   0.00    0.175    0.172   0.032   0.037   0.011   0.006   0.082   0.006   0.000   0.000   0.000 648003300
10.39   6.05   54.165
10.39   5.00    0.362    0.195
10.39   5.00    0.557   54.267
10.39   5.00    0.540    0.224   0.557   0.176
10.39   5.00    0.540    0.221   0.557   0.173

10.40   0.00    0.175    0.172   0.032   0.037   0.011   0.006   0.082   0.006   0.000   0.000   0.000 648626900
10.40   6.05   54.155
10.40   5.00    0.362    0.195
10.40   5.00    0.557   54.257
10.40   5.00    0.540    0.224   0.557   0.176
10.40   5.00    0.540    0.221   0.557   0.173

10.41   0.00    0.175    0.172   0.032   0.037   0.011   0.006   0.082   0.006   0.000   0.000   0.000 649250700
10.41   6.05   54.144
10.41   5.00    0.361    0.195
10.41   5.00    0.557   54.247
10.41   5.00    0.539    0.224   0.557   0.176
10.41   5.00    0.540    0.221   0.557   0.173

10.42   0.00    0.175    0.172   0.032   0.037   0.011   0.006   0.082   0.006   0.000   0.000   0.000 649874400
10.42   6.04   54.134
10.42   5.00    0.361    0.195
10.42   5.00    0.556   54.237
10.42   5.00    0.539    0.224   0.556   0.176
10.42   5.00    0.539    0.221   0.556   0.173

10.43   0.00    0.175    0.172   0.032   0.037   0.011   0.006   0.082   0.006   0.000   0.000   0.000 650498000
10.43   6.04   54.124
10.43   5.00    0.361    0.195
10.43   5.00    0.556   54.227
10.43   5.00    0.539    0.224   0.556   0.176
10.43   5.00    0.539    0.221   0.556   0.173

10.44   0.00    0.175    0.172   0.032   0.037   0.011   0.006   0.082   0.006   0.000   0.000   0.000 651121700
10.44   6.04   54.113
10.44   5.00    0.361    0.195
10.44   5.00    0.556   54.217
10.44   5.00    0.538    0.224   0.556   0.176
10.44   5.00    0.539    0.221   0.556   0.173

10.45   0.00    0.175    0.172   0.032   0.037   0.011   0.006   0.082   0.006   0.000   0.000   0.000 651745400
10.45   6.04   54.103
10.45   5.00    0.361    0.195
10.45   5.00    0.556   54.207
10.45   5.00    0.538    0.224   0.556   0.176
10.45   5.00    0.538    0.221   0.556   0.173

10.46   0.00    0.175    0.172   0.032   0.037   0.011   0.006   0.082   0.006   0.000   0.000   0.000 652369100
10.46   6.03   54.093
10.46   5.00    0.360    0.195
10.46   5.00    0.555   54.196
10.46   5.00    0.538    0.224   0.555   0.176
10.46   5.00    0.538    0.221   0.555   0.173

10.47   0.00    0.175    0.172   0.032   0.037   0.011   0.006   0.082   0.006   0.000   0.000   0.000 652992800
10.47   6.03   54.082
10.47   5.00    0.360    0.195
10.47   5.00    0.555   54.186
10.47   5.00    0.538    0.224   0.555   0.176
10.47   5.00    0.538    0.221   0.555   0.173

10.48   0.00    0.175    0.172   0.032   0.037   0.011   0.006   0.082   0.006   0.000   0.000   0.000 653616400
10.48   6.03   54.072
10.48   5.00    0.360    0.195
10.48   5.00    0.555   54.176
10.48   5.00    0.537    0.224   0.555   0.176
10.48   5.00    0.538    0.221   0.555   0.173

10.49   0.00    0.175    0.172   0.032   0.037   0.011   0.006   0.082   0.006   0.000   0.000   0.000 654240100
10.49   6.03   54.062
10.49   5.00    0.360    0.195
10.49   5.00    0.554   54.166
10.49   5.00    0.537    0.224   0.554   0.176
10.49   5.00    0.537    0.221   0.554   0.173

10.50   0.00    0.175    0.172   0.032   0.037   0.011   0.006   0.082   0.006   0.000   0.000   0.000 654863800
10.50   6.02   54.051
10.50   5.00    0.360    0.195
10.50   5.00    0.554   54.156
10.50   5.00    0.537    0.224   0.554   0.176
10.50   5.00    0.537    0.221   0.554   0.173

10.51   0.00    0.175    0.172   0.032   0.037   0.011   0.006   0.082   0.006   0.000   0.000   0.000 655487500
10.51   6.02   54.041
10.51   5.00    0.359    0.194
10.51   5.00    0.554   54.146
10.51   5.00    0.536    0.223   0.554   0.176
10.51   5.00    0.537    0.221   0.554   0.173

10.52   0.00    0.175    0.172   0.032   0.037   0.011   0.006   0.082   0.006   0.000   0.000   0.000 656111200
10.52   6.02   54.031
10.52   5.00    0.359    0.194
10.52   5.00    0.554   54.137
10.52   5.00    0.536    0.223   0.554   0.176
10.52   5.00    0.536    0.221   0.554   0.173

10.53   0.00    0.175    0.172   0.032   0.037   0.011   0.006   0.082   0.006   0.000   0.000   0.000 656734800
10.53   6.02   54.021
10.53   5.00    0.359    0.194
10.53   5.00    0.553   54.127
10.53   5.00    0.536    0.223   0.553   0.176
10.53   5.00    0.536    0.221   0.553   0.173

10.54   0.00    0.174    0.172   0.032   0.037   0.011   0.006   0.082   0.006   0.000   0.000   0.000 657358500
10.54   6.02   54.010
10.54   5.00    0.359    0.194
10.54   5.00    0.553   54.117
10.54   5.00    0.536    0.223   0.553   0.176
10.54   5.00    0.536    0.221   0.553   0.173

10.55   0.00    0.174    0.172   0.032   0.037   0.011   0.006   0.082   0.006   0.000   0.000   0.000 657982200
10.55   6.01   54.000
10.55   5.00    0.359    0.194
10.55   5.00    0.553   54.107
10.55   5.00    0.535    0.223   0.553   0.176
10.55   5.00    0.536    0.221   0.553   0.173

10.56   0.00    0.174    0.172   0.032   0.037   0.011   0.006   0.082   0.006   0.000   0.000   0.000 658605900
10.56   6.01   53.990
10.56   5.00    0.358    0.194
10.56   5.00    0.552   54.097
10.56   5.00    0.535    0.223   0.552   0.176
10.56   5.00    0.535    0.221   0.552   0.173

10.57   0.00    0.174    0.172   0.032   0.037   0.011   0.006   0.082   0.006   0.000   0.000   0.000 659229500
10.57   6.01   53.980
10.57   5.00    0.358    0.194
10.57   5.00    0.552   54.087
10.57   5.00    0.535    0.223   0.552   0.176
10.57   5.00    0.535    0.221   0.552   0.173

10.58   0.00    0.174    0.172   0.032   0.037   0.011   0.006   0.082   0.006   0.000   0.000   0.000 659853200
10.58   6.01   53.970
10.58   5.00    0.358    0.194
10.58   5.00    0.552   54.077
10.58   5.00    0.534    0.223   0.552   0.176
10.58   5.00    0.535    0.221   0.552   0.173

10.59   0.00    0.174    0.172   0.032   0.037   0.011   0.006   0.082   0.006   0.000   0.000   0.000 660476900
10.59   6.00   53.960
10.59   5.00    0.358    0.194
10.59   5.00    0.552   54.067
10.59   5.00    0.534    0.223   0.552   0.176
10.59   5.00    0.534    0.221   0.552   0.173

10.60   0.00    0.174    0.172   0.032   0.037   0.011   0.006   0.082   0.006   0.000   0.000   0.000 661100600
10.60   6.00   53.949
10.60   5.00    0.358    0.194
10.60   5.00    0.551   54.057
10.60   5.00    0.534    0.223   0.551   0.176
10.60   5.00    0.534    0.220   0.551   0.173

10.61   0.00    0.174    0.172   0.032   0.037   0.011   0.006   0.082   0.006   0.000   0.000   0.000 661724200
10.61   6.00   53.939
10.61   5.00    0.357    0.194
10.61   5.00    0.551   54.047
10.61   5.00    0.534    0.223   0.551   0.176
10.61   5.00    0.534    0.220   0.551   0.173

10.62   0.00    0.174    0.172   0.032   0.037   0.011   0.006   0.082   0.006   0.000   0.000   0.000 662348000
10.62   6.00   53.929
10.62   5.00    0.357    0.194
10.62   5.00    0.551   54.037
10.62   5.00    0.533    0.223   0.551   0.176
10.62   5.00    0.534    0.220   0.551   0.173

10.63   0.00    0.174    0.172   0.032   0.037   0.011   0.006   0.082   0.006   0.000   0.000   0.000 662971600
10.63   5.99   53.919
10.63   5.00    0.357    0.194
10.63   5.00    0.551   54.028
10.63   5.00    0.533    0.223   0.551   0.176
10.63   5.00    0.533    0.220   0.551   0.173

10.64   0.00    0.174    0.172   0.032   0.037   0.011   0.006   0.082   0.006   0.000   0.000   0.000 663595300
10.64   5.99   53.909
10.64   5.00    0.357    0.193
10.64   5.00    0.550   54.018
10.64   5.00    0.533    0.223   0.550   0.176
10.64   5.00    0.533    0.220   0.550   0.173

10.65   0.00    0.174    0.172   0.032   0.037   0.011   0.006   0.082   0.006   0.000   0.000   0.000 664218900
10.65   5.99   53.899
10.65   5.00    0.357    0.193
10.65   5.00    0.550   54.008
10.65   5.00    0.533    0.223   0.550   0.176
10.65   5.00    0.533    0.220   0.550   0.173

10.66   0.00    0.174    0.172   0.032   0.037   0.011   0.006   0.082   0.006   0.000   0.000   0.000 664842700
10.66   5.99   53.889
10.66   5.00    0.356    0.193
10.66   5.00    0.550   53.998
10.66   5.00    0.532    0.223   0.550   0.176
10.66   5.00    0.533    0.220   0.550   0.173

10.67   0.00    0.174    0.172   0.032   0.037   0.011   0.006   0.082   0.006   0.000   0.000   0.000 665466400
10.67   5.99   53.879
10.67   5.00    0.356    0.193
10.67   5.00    0.549   53.988
10.67   5.00    0.532    0.223   0.549   0.176
10.67   5.00    0.532    0.220   0.549   0.173

10.68   0.00    0.174    0.172   0.032   0.037   0.011   0.006   0.082   0.006   0.000   0.000   0.000 666090000
10.68   5.98   53.869
10.68   5.00    0.356    0.193
10.68   5.00    0.549   53.978
10.68   5.00    0.532    0.223   0.549   0.176
10.68   5.00    0.532    0.220   0.549   0.173

10.69   0.00    0.174    0.172   0.032   0.037   0.011   0.006   0.082   0.006   0.000   0.000   0.000 666713700
10.69   5.98   53.859
10.69   5.00    0.356    0.193
10.69   5.00    0.549   53.969
10.69   5.00    0.531    0.223   0.549   0.175
10.69   5.00    0.532    0.220   0.549   0.173

10.70   0.00    0.174    0.172   0.032   0.037   0.011   0.006   0.082   0.006   0.000   0.000   0.000 667337300
10.70   5.98   53.849
10.70   5.00    0.356    0.193
10.70   5.00    0.549   53.959
10.70   5.00    0.531    0.223   0.549   0.175
10.70   5.00    0.531    0.220   0.549   0.173

10.71   0.00    0.174    0.172   0.032   0.037   0.011   0.006   0.082   0.006   0.000   0.000   0.000 667961100
10.71   5.98   53.839
10.71   5.00    0.355    0.193
10.71   5.00    0.548   53.949
10.71   5.00    0.531    0.223   0.548   0.175
10.71   5.00    0.531    0.220   0.548   0.173

10.72   0.00    0.174    0.172   0.032   0.037   0.011   0.006   0.082   0.006   0.000   0.000   0.000 668584800
10.72   5.97   53.829
10.72   5.00    0.355    0.193
10.72   5.00    0.548   53.939
10.72   5.00    0.531    0.223   0.548   0.175
10.72   5.00    0.531    0.220   0.548   0.173

10.73   0.00    0.174    0.172   0.032   0.037   0.011   0.006   0.082   0.006   0.000   0.000   0.000 669208400
10.73   5.97   53.819
10.73   5.00    0.355    0.193
10.73   5.00    0.548   53.929
10.73   5.00    0.530    0.222   0.548   0.175
10.73   5.00    0.531    0.220   0.548   0.173

10.74   0.00    0.174    0.172   0.032   0.037   0.011   0.006   0.082   0.006   0.000   0.000   0.000 669832100
10.74   5.97   53.809
10.74   5.00    0.355    0.193
10.74   5.00    0.548   53.920
10.74   5.00    0.530    0.222   0.548   0.175
10.74   5.00    0.530    0.220   0.548   0.173

10.75   0.00    0.174    0.172   0.032   0.037   0.011   0.006   0.082   0.006   0.000   0.000   0.000 670455800
10.75   5.97   53.799
10.75   5.00    0.355    0.193
10.75   5.00    0.547   53.910
10.75   5.00    0.530    0.222   0.547   0.175
10.75   5.00    0.530    0.220   0.547   0.173

10.76   0.00    0.174    0.172   0.032   0.037   0.011   0.006   0.082   0.006   0.000   0.000   0.000 671079500
10.76   5.97   53.789
10.76   5.00    0.354    0.193
10.76   5.00    0.547   53.900
10.76   5.00    0.530    0.222   0.547   0.175
10.76   5.00    0.530    0.220   0.547   0.173

10.77   0.00    0.174    0.171   0.032   0.037   0.011   0.006   0.082   0.006   0.000   0.000   0.000 671703200
10.77   5.96   53.779
10.77   5.00    0.354    0.192
10.77   5.00    0.547   53.891
10.77   5.00    0.529    0.222   0.547   0.175
10.77   5.00    0.530    0.220   0.547   0.173

10.78   0.00    0.174    0.171   0.032   0.037   0.011   0.006   0.082   0.006   0.000   0.000   0.000 672326800
10.78   5.96   53.769
10.78   5.00    0.354    0.192
10.78   5.00    0.546   53.881
10.78   5.00    0.529    0.222   0.546   0.175
10.78   5.00    0.529    0.220   0.546   0.173

10.79   0.00    0.174    0.171   0.032   0.037   0.011   0.006   0.082   0.006   0.000   0.000   0.000 672950500
10.79   5.96   53.759
10.79   5.00    0.354    0.192
10.79   5.00    0.546   53.871
10.79   5.00    0.529    0.222   0.546   0.175
10.79   5.00    0.529    0.220   0.546   0.173

10.80   0.00    0.174    0.171   0.032   0.037   0.011   0.006   0.082   0.006   0.000   0.000   0.000 673574200
10.80   5.96   53.749
10.80   5.00    0.354    0.192
10.80   5.00    0.546   53.861
10.80   5.00    0.529    0.222   0.546   0.175
10.80   5.00    0.529    0.220   0.546   0.173

10.81   0.00    0.174    0.171   0.032   0.037   0.011   0.006   0.082   0.006   0.000   0.000   0.000 674197900
10.81   5.95   53.739
10.81   5.00    0.353    0.192
10.81   5.00    0.546   53.852
10.81   5.00    0.528    0.222   0.546   0.175
10.81   5.00    0.529    0.220   0.546   0.173

10.82   0.00    0.174    0.171   0.032   0.037   0.011   0.006   0.082   0.006   0.000   0.000   0.000 674821500
10.82   5.95   53.729
10.82   5.00    0.353    0.192
10.82   5.00    0.545   53.842
10.82   5.00    0.528    0.222   0.545   0.175
10.82   5.00    0.528    0.220   0.545   0.173

10.83   0.00    0.174    0.171   0.032   0.037   0.011   0.006   0.082   0.006   0.000   0.000   0.000 675445200
10.83   5.95   53.719
10.83   5.00    0.353    0.192
10.83   5.00    0.545   53.832
10.83   5.00    0.528    0.222   0.545   0.175
10.83   5.00    0.528    0.220   0.545   0.173

10.84   0.00    0.174    0.171   0.032   0.037   0.011   0.006   0.082   0.006   0.000   0.000   0.000 676068900
10.84   5.95   53.710
10.84   5.00    0.353    0.192
10.84   5.00    0.545   53.823
10.84   5.00    0.527    0.222   0.545   0.175
10.84   5.00    0.528    0.220   0.545   0.173

10.85   0.00    0.174    0.171   0.032   0.037   0.011   0.006   0.082   0.006   0.000   0.000   0.000 676692600
10.85   5.95   53.700
10.85   5.00    0.353    0.192
10.85   5.00    0.545   53.813
10.85   5.00    0.527    0.222   0.545   0.175
10.85   5.00    0.527    0.219   0.545   0.173

10.86   0.00    0.174    0.171   0.032   0.037   0.010   0.006   0.082   0.006   0.000   0.000   0.000 677316200
10.86   5.94   53.690
10.86   5.00    0.352    0.192
10.86   5.00    0.544   53.803
10.86   5.00    0.527    0.222   0.544   0.175
10.86   5.00    0.527    0.219   0.544   0.173

10.87   0.00    0.174    0.171   0.032   0.037   0.010   0.006   0.082   0.006   0.000   0.000   0.000 677939900
10.87   5.94   53.680
10.87   5.00    0.352    0.192
10.87   5.00    0.544   53.794
10.87   5.00    0.527    0.222   0.544   0.175
10.87   5.00    0.527    0.219   0.544   0.173

10.88   0.00    0.174    0.171   0.032   0.037   0.010   0.006   0.082   0.006   0.000   0.000   0.000 678563600
10.88   5.94   53.670
10.88   5.00    0.352    0.192
10.88   5.00    0.544   53.784
10.88   5.00    0.526    0.222   0.544   0.175
10.88   5.00    0.527    0.219   0.544   0.173

10.89   0.00    0.174    0.171   0.032   0.037   0.010   0.006   0.082   0.006   0.000   0.000   0.000 679187300
10.89   5.94   53.661
10.89   5.00    0.352    0.192
10.89   5.00    0.544   53.775
10.89   5.00    0.526    0.222   0.544   0.175
10.89   5.00    0.526    0.219   0.544   0.173

10.90   0.00    0.174    0.171   0.032   0.037   0.010   0.006   0.082   0.006   0.000   0.000   0.000 679810900
10.90   5.93   53.651
10.90   5.00    0.352    0.192
10.90   5.00    0.543   53.765
10.90   5.00    0.526    0.222   0.543   0.175
10.90   5.00    0.526    0.219   0.543   0.173

10.91   0.00    0.174    0.171   0.032   0.037   0.010   0.006   0.082   0.006   0.000   0.000   0.000 680434600
10.91   5.93   53.641
10.91   5.00    0.352    0.191
10.91   5.00    0.543   53.756
10.91   5.00    0.526    0.222   0.543   0.175
10.91   5.00    0.526    0.219   0.543   0.173

10.92   0.00    0.174    0.171   0.032   0.037   0.010   0.006   0.082   0.006   0.000   0.000   0.000 681058400
10.92   5.93   53.631
10.92   5.00    0.351    0.191
10.92   5.00    0.543   53.746
10.92   5.00    0.525    0.222   0.543   0.175
10.92   5.00    0.526    0.219   0.543   0.173

10.93   0.00    0.174    0.171   0.032   0.037   0.010   0.006   0.082   0.006   0.000   0.000   0.000 681682000
10.93   5.93   53.621
10.93   5.00    0.351    0.191
10.93   5.00    0.542   53.736
10.93   5.00    0.525    0.222   0.542   0.175
10.93   5.00    0.525    0.219   0.542   0.173

10.94   0.00    0.174    0.171   0.032   0.037   0.010   0.006   0.082   0.006   0.000   0.000   0.000 682305700
10.94   5.93   53.612
10.94   5.00    0.351    0.191
10.94   5.00    0.542   53.727
10.94   5.00    0.525    0.222   0.542   0.175
10.94   5.00    0.525    0.219   0.542   0.173

10.95   0.00    0.174    0.171   0.032   0.037   0.010   0.006   0.082   0.006   0.000   0.000   0.000 682929300
10.95   5.92   53.602
10.95   5.00    0.351    0.191
10.95   5.00    0.542   53.717
10.95   5.00    0.525    0.222   0.542   0.175
10.95   5.00    0.525    0.219   0.542   0.173

10.96   0.00    0.174    0.171   0.032   0.037   0.010   0.006   0.082   0.006   0.000   0.000   0.000 683553100
10.96   5.92   53.592
10.96   5.00    0.351    0.191
10.96   5.00    0.542   53.708
10.96   5.00    0.524    0.221   0.542   0.175
10.96   5.00    0.525    0.219   0.542   0.172

10.97   0.00    0.174    0.171   0.032   0.037   0.010   0.006   0.082   0.006   0.000   0.000   0.000 684176800
10.97   5.92   53.583
10.97   5.00    0.350    0.191
10.97   5.00    0.541   53.698
10.97   5.00    0.524    0.221   0.541   0.175
10.97   5.00    0.524    0.219   0.541   0.172

10.98   0.00    0.174    0.171   0.032   0.037   0.010   0.006   0.082   0.006   0.000   0.000   0.000 684800400
10.98   5.92   53.573
10.98   5.00    0.350    0.191
10.98   5.00    0.541   53.689
10.98   5.00    0.524    0.221   0.541   0.175
10.98   5.00    0.524    0.219   0.541   0.172

10.99   0.00    0.174    0.171   0.032   0.037   0.010   0.006   0.082   0.006   0.000   0.000   0.000 685424100
10.99   5.92   53.563
10.99   5.00    0.350    0.191
10.99   5.00    0.541   53.679
10.99   5.00    0.524    0.221   0.541   0.175
10.99   5.00    0.524    0.219   0.541   0.172

11.00   0.00    0.174    0.171   0.032   0.037   0.010   0.006   0.082   0.006   0.000   0.000   0.000 686047800
11.00   5.91   53.554
11.00   5.00    0.350    0.191
11.00   5.00    0.541   53.670
11.00   5.00    0.523    0.221   0.541   0.175
11.00   5.00    0.524    0.219   0.541   0.172

11.01   0.00    0.174    0.171   0.032   0.037   0.010   0.006   0.082   0.006   0.000   0.000   0.000 686671500
11.01   5.91   53.544
11.01   5.00    0.350    0.191
11.01   5.00    0.540   53.660
11.01   5.00    0.523    0.221   0.540   0.175
11.01   5.00    0.523    0.219   0.540   0.172

11.02   0.00    0.174    0.171   0.032   0.037   0.010   0.006   0.082   0.006   0.000   0.000   0.000 687295200
11.02   5.91   53.534
11.02   5.00    0.349    0.191
11.02   5.00    0.540   53.651
11.02   5.00    0.523    0.221   0.540   0.175
11.02   5.00    0.523    0.219   0.540   0.172

11.03   0.00    0.173    0.171   0.032   0.037   0.010   0.006   0.082   0.006   0.000   0.000   0.000 687918800
11.03   5.91   53.525
11.03   5.00    0.349    0.191
11.03   5.00    0.540   53.641
11.03   5.00    0.523    0.221   0.540   0.175
11.03   5.00    0.523    0.219   0.540   0.172

11.04   0.00    0.173    0.171   0.032   0.037   0.010   0.006   0.082   0.006   0.000   0.000   0.000 688542500
11.04   5.90   53.515
11.04   5.00    0.349    0.191
11.04   5.00    0.540   53.632
11.04   5.00    0.522    0.221   0.540   0.175
11.04   5.00    0.523    0.219   0.540   0.172

11.05   0.00    0.173    0.171   0.032   0.037   0.010   0.006   0.082   0.006   0.000   0.000   0.000 689166200
11.05   5.90   53.506
11.05   5.00    0.349    0.190
11.05   5.00    0.539   53.622
11.05   5.00    0.522    0.221   0.539   0.175
11.05   5.00    0.522    0.219   0.539   0.172

11.06   0.00    0.173    0.171   0.032   0.037   0.010   0.006   0.082   0.006   0.000   0.000   0.000 689789900
11.06   5.90   53.496
11.06   5.00    0.349    0.190
11.06   5.00    0.539   53.613
11.06   5.00    0.522    0.221   0.539   0.175
11.06   5.00    0.522    0.219   0.539   0.172

11.07   0.00    0.173    0.171   0.032   0.037   0.010   0.006   0.082   0.006   0.000   0.000   0.000 690413500
11.07   5.90   53.486
11.07   5.00    0.349    0.190
11.07   5.00    0.539   53.603
11.07   5.00    0.522    0.221   0.539   0.175
11.07   5.00    0.522    0.219   0.539   0.172

11.08   0.00    0.173    0.171   0.032   0.037   0.010   0.006   0.082   0.006   0.000   0.000   0.000 691037200
11.08   5.90   53.477
11.08   5.00    0.348    0.190
11.08   5.00    0.539   53.594
11.08   5.00    0.521    0.221   0.539   0.175
11.08   5.00    0.522    0.219   0.539   0.172

11.09   0.00    0.173    0.171   0.032   0.037   0.010   0.006   0.082   0.006   0.000   0.000   0.000 691660900
11.09   5.89   53.467
11.09   5.00    0.348    0.190
11.09   5.00    0.538   53.585
11.09   5.00    0.521    0.221   0.538   0.175
11.09   5.00    0.521    0.219   0.538   0.172

11.10   0.00    0.173    0.171   0.032   0.037   0.010   0.006   0.082   0.006   0.000   0.000   0.000 692284600
11.10   5.89   53.458
11.10   5.00    0.348    0.190
11.10   5.00    0.538   53.575
11.10   5.00    0.521    0.221   0.538   0.175
11.10   5.00    0.521    0.219   0.538   0.172

11.11   0.00    0.173    0.171   0.032   0.037   0.010   0.006   0.082   0.006   0.000   0.000   0.000 692908200
11.11   5.89   53.448
11.11   5.00    0.348    0.190
11.11   5.00    0.538   53.566
11.11   5.00    0.521    0.221   0.538   0.175
11.11   5.00    0.521    0.218   0.538   0.172

11.12   0.00    0.173    0.171   0.032   0.037   0.010   0.006   0.082   0.006   0.000   0.000   0.000 693531900
11.12   5.89   53.439
11.12   5.00    0.348    0.190
11.12   5.00    0.538   53.557
11.12   5.00    0.520    0.221   0.538   0.175
11.12   5.00    0.521    0.218   0.538   0.172

11.13   0.00    0.173    0.171   0.032   0.037   0.010   0.006   0.082   0.006   0.000   0.000   0.000 694155600
11.13   5.89   53.429
11.13   5.00    0.347    0.190
11.13   5.00    0.537   53.547
11.13   5.00    0.520    0.221   0.537   0.175
11.13   5.00    0.520    0.218   0.537   0.172

11.14   0.00    0.173    0.171   0.032   0.037   0.010   0.006   0.082   0.006   0.000   0.000   0.000 694779300
11.14   5.88   53.420
11.14   5.00    0.347    0.190
11.14   5.00    0.537   53.538
11.14   5.00    0.520    0.221   0.537   0.175
11.14   5.00    0.520    0.218   0.537   0.172

11.15   0.00    0.173    0.171   0.032   0.037   0.010   0.006   0.082   0.006   0.000   0.000   0.000 695402900
11.15   5.88   53.410
11.15   5.00    0.347    0.190
11.15   5.00    0.537   53.528
11.15   5.00    0.520    0.221   0.537   0.175
11.15   5.00    0.520    0.218   0.537   0.172

11.16   0.00    0.173    0.171   0.032   0.037   0.010   0.006   0.082   0.006   0.000   0.000   0.000 696026600
11.16   5.88   53.401
11.16   5.00    0.347    0.190
11.16   5.00    0.537   53.519
11.16   5.00    0.519    0.221   0.537   0.175
11.16   5.00    0.520    0.218   0.537   0.172

11.17   0.00    0.173    0.171   0.032   0.037   0.010   0.006   0.082   0.006   0.000   0.000   0.000 696650400
11.17   5.88   53.391
11.17   5.00    0.347    0.190
11.17   5.00    0.536   53.510
11.17   5.00    0.519    0.221   0.536   0.175
11.17   5.00    0.519    0.218   0.536   0.172

11.18   0.00    0.173    0.171   0.032   0.037   0.010   0.006   0.082   0.006   0.000   0.000   0.000 697274000
11.18   5.88   53.382
11.18   5.00    0.347    0.190
11.18   5.00    0.536   53.500
11.18   5.00    0.519    0.221   0.536   0.175
11.18   5.00    0.519    0.218   0.536   0.172

11.19   0.00    0.173    0.171   0.032   0.037   0.010   0.006   0.082   0.006   0.000   0.000   0.000 697897700
11.19   5.87   53.372
11.19   5.00    0.346    0.189
11.19   5.00    0.536   53.491
11.19   5.00    0.519    0.221   0.536   0.175
11.19   5.00    0.519    0.218   0.536   0.172

11.20   0.00    0.173    0.171   0.032   0.037   0.010   0.006   0.082   0.006   0.000   0.000   0.000 698521300
11.20   5.87   53.363
11.20   5.00    0.346    0.189
11.20   5.00    0.536   53.482
11.20   5.00    0.518    0.221   0.536   0.174
11.20   5.00    0.519    0.218   0.536   0.172

11.21   0.00    0.173    0.171   0.032   0.037   0.010   0.006   0.082   0.006   0.000   0.000   0.000 699145100
11.21   5.87   53.354
11.21   5.00    0.346    0.189
11.21   5.00    0.535   53.473
11.21   5.00    0.518    0.220   0.535   0.174
11.21   5.00    0.518    0.218   0.535   0.172

11.22   0.00    0.173    0.171   0.032   0.037   0.010   0.006   0.082   0.006   0.000   0.000   0.000 699768800
11.22   5.87   53.344
11.22   5.00    0.346    0.189
11.22   5.00    0.535   53.463
11.22   5.00    0.518    0.220   0.535   0.174
11.22   5.00    0.518    0.218   0.535   0.172

11.23   0.00    0.173    0.171   0.032   0.037   0.010   0.006   0.082   0.006   0.000   0.000   0.000 700392400
11.23   5.86   53.335
11.23   5.00    0.346    0.189
11.23   5.00    0.535   53.454
11.23   5.00    0.518    0.220   0.535   0.174
11.23   5.00    0.518    0.218   0.535   0.172

11.24   0.00    0.173    0.171   0.032   0.037   0.010   0.006   0.082   0.006   0.000   0.000   0.000 701016100
11.24   5.86   53.325
11.24   5.00    0.345    0.189
11.24   5.00    0.535   53.445
11.24   5.00    0.517    0.220   0.535   0.174
11.24   5.00    0.518    0.218   0.535   0.172

11.25   0.00    0.173    0.171   0.032   0.037   0.010   0.006   0.082   0.006   0.000   0.000   0.000 701639700
11.25   5.86   53.316
11.25   5.00    0.345    0.189
11.25   5.00    0.534   53.435
11.25   5.00    0.517    0.220   0.534   0.174
11.25   5.00    0.517    0.218   0.534   0.172

11.26   0.00    0.173    0.171   0.032   0.037   0.010   0.006   0.082   0.006   0.000   0.000   0.000 702263500
11.26   5.86   53.307
11.26   5.00    0.345    0.189
11.26   5.00    0.534   53.426
11.26   5.00    0.517    0.220   0.534   0.174
11.26   5.00    0.517    0.218   0.534   0.172

11.27   0.00    0.173    0.171   0.032   0.037   0.010   0.006   0.082   0.006   0.000   0.000   0.000 702887200
11.27   5.86   53.297
11.27   5.00    0.345    0.189
11.27   5.00    0.534   53.417
11.27   5.00    0.517    0.220   0.534   0.174
11.27   5.00    0.517    0.218   0.534   0.172

11.28   0.00    0.173    0.171   0.032   0.037   0.010   0.006   0.082   0.006   0.000   0.000   0.000 703510800
11.28   5.85   53.288
11.28   5.00    0.345    0.189
11.28   5.00    0.534   53.408
11.28   5.00    0.516    0.220   0.534   0.174
11.28   5.00    0.517    0.218   0.534   0.172

11.29   0.00    0.173    0.171   0.032   0.037   0.010   0.006   0.082   0.006   0.000   0.000   0.000 704134500
11.29   5.85   53.279
11.29   5.00    0.345    0.189
11.29   5.00    0.533   53.398
11.29   5.00    0.516    0.220   0.533   0.174
11.29   5.00    0.516    0.218   0.533   0.172

11.30   0.00    0.173    0.171   0.032   0.037   0.010   0.006   0.082   0.006   0.000   0.000   0.000 704758200
11.30   5.85   53.269
11.30   5.00    0.344    0.189
11.30   5.00    0.533   53.389
11.30   5.00    0.516    0.220   0.533   0.174
11.30   5.00    0.516    0.218   0.533   0.172

11.31   0.00    0.173    0.171   0.032   0.037   0.010   0.006   0.082   0.006   0.000   0.000   0.000 705381900
11.31   5.85   53.260
11.31   5.00    0.344    0.189
11.31   5.00    0.533   53.380
11.31   5.00    0.516    0.220   0.533   0.174
11.31   5.00    0.516    0.218   0.533   0.172

11.32   0.00    0.173    0.171   0.032   0.037   0.010   0.006   0.082   0.006   0.000   0.000   0.000 706005500
11.32   5.85   53.251
11.32   5.00    0.344    0.189
11.32   5.00    0.533   53.371
11.32   5.00    0.515    0.220   0.533   0.174
11.32   5.00    0.516    0.218   0.533   0.172

11.33   0.00    0.173    0.171   0.032   0.037   0.010   0.006   0.082   0.006   0.000   0.000   0.000 706629200
11.33   5.84   53.241
11.33   5.00    0.344    0.189
11.33   5.00    0.532   53.362
11.33   5.00    0.515    0.220   0.532   0.174
11.33   5.00    0.515    0.218   0.532   0.172

11.34   0.00    0.173    0.171   0.032   0.037   0.010   0.006   0.082   0.006   0.000   0.000   0.000 707252900
11.34   5.84   53.232
11.34   5.00    0.344    0.188
11.34   5.00    0.532   53.353
11.34   5.00    0.515    0.220   0.532   0.174
11.34   5.00    0.515    0.218   0.532   0.172

11.35   0.00    0.173    0.171   0.032   0.037   0.010   0.006   0.082   0.006   0.000   0.000   0.000 707876600
11.35   5.84   53.223
11.35   5.00    0.344    0.188
11.35   5.00    0.532   53.343
11.35   5.00    0.515    0.220   0.532   0.174
11.35   5.00    0.515    0.218   0.532   0.172

11.36   0.00    0.173    0.171   0.032   0.037   0.010   0.006   0.082   0.006   0.000   0.000   0.000 708500200
11.36   5.84   53.214
11.36   5.00    0.343    0.188
11.36   5.00    0.532   53.334
11.36   5.00    0.514    0.220   0.532   0.174
11.36   5.00    0.515    0.218   0.532   0.172

11.37   0.00    0.173    0.171   0.032   0.037   0.010   0.006   0.082   0.006   0.000   0.000   0.000 709123900
11.37   5.84   53.204
11.37   5.00    0.343    0.188
11.37   5.00    0.531   53.325
11.37   5.00    0.514    0.220   0.531   0.174
11.37   5.00    0.514    0.218   0.531   0.172

11.38   0.00    0.173    0.171   0.032   0.037   0.010   0.006   0.082   0.006   0.000   0.000   0.000 709747600
11.38   5.83   53.195
11.38   5.00    0.343    0.188
11.38   5.00    0.531   53.316
11.38   5.00    0.514    0.220   0.531   0.174
11.38   5.00    0.514    0.218   0.531   0.172

11.39   0.00    0.173    0.171   0.032   0.037   0.010   0.006   0.082   0.006   0.000   0.000   0.000 710371300
11.39   5.83   53.186
11.39   5.00    0.343    0.188
11.39   5.00    0.531   53.307
11.39   5.00    0.514    0.220   0.531   0.174
11.39   5.00    0.514    0.217   0.531   0.172

11.40   0.00    0.173    0.171   0.032   0.037   0.010   0.006   0.082   0.006   0.000   0.000   0.000 710994900
11.40   5.83   53.177
11.40   5.00    0.343    0.188
11.40   5.00    0.531   53.298
11.40   5.00    0.514    0.220   0.531   0.174
11.40   5.00    0.514    0.217   0.531   0.172

11.41   0.00    0.173    0.171   0.032   0.037   0.010   0.006   0.082   0.006   0.000   0.000   0.000 711618600
11.41   5.83   53.168
11.41   5.00    0.342    0.188
11.41   5.00    0.530   53.289
11.41   5.00    0.513    0.220   0.530   0.174
11.41   5.00    0.513    0.217   0.530   0.172

11.42   0.00    0.173    0.171   0.032   0.037   0.010   0.006   0.082   0.006   0.000   0.000   0.000 712242300
11.42   5.83   53.159
11.42   5.00    0.342    0.188
11.42   5.00    0.530   53.279
11.42   5.00    0.513    0.220   0.530   0.174
11.42   5.00    0.513    0.217   0.530   0.172

11.43   0.00    0.173    0.171   0.032   0.037   0.010   0.006   0.082   0.006   0.000   0.000   0.000 712866000
11.43   5.82   53.149
11.43   5.00    0.342    0.188
11.43   5.00    0.530   53.270
11.43   5.00    0.513    0.220   0.530   0.174
11.43   5.00    0.513    0.217   0.530   0.172

11.44   0.00    0.173    0.171   0.032   0.037   0.010   0.006   0.082   0.006   0.000   0.000   0.000 713489700
11.44   5.82   53.140
11.44   5.00    0.342    0.188
11.44   5.00    0.530   53.261
11.44   5.00    0.513    0.220   0.530   0.174
11.44   5.00    0.513    0.217   0.530   0.172

11.45   0.00    0.173    0.170   0.032   0.037   0.009   0.006   0.082   0.006   0.000   0.000   0.000 714113300
11.45   5.82   53.131
11.45   5.00    0.342    0.188
11.45   5.00    0.530   53.252
11.45   5.00    0.512    0.220   0.530   0.174
11.45   5.00    0.513    0.217   0.530   0.172

11.46   0.00    0.173    0.170   0.032   0.037   0.009   0.006   0.082   0.006   0.000   0.000   0.000 714737000
11.46   5.82   53.122
11.46   5.00    0.342    0.188
11.46   5.00    0.529   53.243
11.46   5.00    0.512    0.220   0.529   0.174
11.46   5.00    0.512    0.217   0.529   0.172

11.47   0.00    0.173    0.170   0.032   0.037   0.009   0.006   0.082   0.006   0.000   0.000   0.000 715360800
11.47   5.81   53.110
11.47   5.00    0.341    0.188
11.47   5.00    0.529   53.234
11.47   5.00    0.512    0.219   0.529   0.174
11.47   5.00    0.512    0.217   0.529   0.172

11.48   0.00    0.173    0.170   0.032   0.037   0.009   0.006   0.082   0.006   0.000   0.000   0.000 715984400
11.48   5.81   53.100
11.48   5.00    0.341    0.188
11.48   5.00    0.529   53.225
11.48   5.00    0.512    0.219   0.529   0.174
11.48   5.00    0.512    0.217   0.529   0.172

11.49   0.00    0.173    0.170   0.032   0.037   0.009   0.006   0.082   0.006   0.000   0.000   0.000 716608100
11.49   5.80   53.091
11.49   5.00    0.341    0.188
11.49   5.00    0.529   53.216
11.49   5.00    0.511    0.219   0.529   0.174
11.49   5.00    0.512    0.217   0.529   0.172

11.50   0.00    0.173    0.170   0.032   0.037   0.009   0.006   0.082   0.006   0.000   0.000   0.000 717231700
11.50   5.80   53.081
11.50   5.00    0.341    0.187
11.50   5.00    0.528   53.207
11.50   5.00    0.511    0.219   0.528   0.174
11.50   5.00    0.511    0.217   0.528   0.172

11.51   0.00    0.173    0.170   0.032   0.037   0.009   0.006   0.082   0.006   0.000   0.000   0.000 717855500
11.51   5.80   53.072
11.51   5.00    0.341    0.187
11.51   5.00    0.528   53.198
11.51   5.00    0.511    0.219   0.528   0.174
11.51   5.00    0.511    0.217   0.528   0.172

11.52   0.00    0.173    0.170   0.032   0.037   0.009   0.006   0.082   0.006   0.000   0.000   0.000 718479200
11.52   5.80   53.062
11.52   5.00    0.341    0.187
11.52   5.00    0.528   53.189
11.52   5.00    0.511    0.219   0.528   0.174
11.52   5.00    0.511    0.217   0.528   0.172

11.53   0.00    0.173    0.170   0.032   0.037   0.009   0.006   0.082   0.006   0.000   0.000   0.000 719102800
11.53   5.79   53.053
11.53   5.00    0.340    0.187
11.53   5.00    0.528   53.180
11.53   5.00    0.510    0.219   0.528   0.174
11.53   5.00    0.511    0.217   0.528   0.172

11.54   0.00    0.173    0.170   0.032   0.037   0.009   0.006   0.082   0.006   0.000   0.000   0.000 719726500
11.54   5.79   53.043
11.54   5.00    0.340    0.187
11.54   5.00    0.527   53.171
11.54   5.00    0.510    0.219   0.527   0.174
11.54   5.00    0.510    0.217   0.527   0.172

11.55   0.00    0.173    0.170   0.032   0.037   0.009   0.006   0.082   0.006   0.000   0.000   0.000 720350200
11.55   5.79   53.034
11.55   5.00    0.340    0.187
11.55   5.00    0.527   53.162
11.55   5.00    0.510    0.219   0.527   0.174
11.55   5.00    0.510    0.217   0.527   0.172

11.56   0.00    0.173    0.170   0.032   0.036   0.009   0.006   0.082   0.006   0.000   0.000   0.000 720973900
11.56   5.79   53.024
11.56   5.00    0.340    0.187
11.56   5.00    0.527   53.153
11.56   5.00    0.510    0.219   0.527   0.174
11.56   5.00    0.510    0.217   0.527   0.172

11.57   0.00    0.173    0.170   0.032   0.036   0.009   0.006   0.082   0.006   0.000   0.000   0.000 721597500
11.57   5.78   53.015
11.57   5.00    0.340    0.187
11.57   5.00    0.527   53.144
11.57   5.00    0.510    0.219   0.527   0.174
11.57   5.00    0.510    0.217   0.527   0.172

11.58   0.00    0.173    0.170   0.032   0.036   0.009   0.006   0.082   0.006   0.000   0.000   0.000 722221200
11.58   5.78   53.005
11.58   5.00    0.340    0.187
11.58   5.00    0.527   53.135
11.58   5.00    0.509    0.219   0.527   0.174
11.58   5.00    0.510    0.217   0.527   0.172

11.59   0.00    0.172    0.170   0.032   0.036   0.009   0.006   0.082   0.006   0.000   0.000   0.000 722844900
11.59   5.78   52.996
11.59   5.00    0.339    0.187
11.59   5.00    0.526   53.126
11.59   5.00    0.509    0.219   0.526   0.174
11.59   5.00    0.509    0.217   0.526   0.172

11.60   0.00    0.172    0.170   0.032   0.036   0.009   0.006   0.082   0.006   0.000   0.000   0.000 723468600
11.60   5.77   52.987
11.60   5.00    0.339    0.187
11.60   5.00    0.526   53.117
11.60   5.00    0.509    0.219   0.526   0.174
11.60   5.00    0.509    0.217   0.526   0.172

11.61   0.00    0.172    0.170   0.032   0.036   0.009   0.006   0.082   0.006   0.000   0.000   0.000 724092200
11.61   5.77   52.977
11.61   5.00    0.339    0.187
11.61   5.00    0.526   53.108
11.61   5.00    0.509    0.219   0.526   0.174
11.61   5.00    0.509    0.217   0.526   0.172

11.62   0.00    0.172    0.170   0.032   0.036   0.009   0.006   0.082   0.006   0.000   0.000   0.000 724715900
11.62   5.77   52.968
11.62   5.00    0.339    0.187
11.62   5.00    0.526   53.099
11.62   5.00    0.508    0.219   0.526   0.174
11.62   5.00    0.509    0.217   0.526   0.172

11.63   0.00    0.172    0.170   0.032   0.036   0.009   0.006   0.082   0.006   0.000   0.000   0.000 725339600
11.63   5.77   52.958
11.63   5.00    0.339    0.187
11.63   5.00    0.525   53.090
11.63   5.00    0.508    0.219   0.525   0.174
11.63   5.00    0.508    0.217   0.525   0.172

11.64   0.00    0.172    0.170   0.032   0.036   0.009   0.006   0.082   0.006   0.000   0.000   0.000 725963300
11.64   5.76   52.949
11.64   5.00    0.339    0.187
11.64   5.00    0.525   53.081
11.64   5.00    0.508    0.219   0.525   0.174
11.64   5.00    0.508    0.217   0.525   0.172

11.65   0.00    0.172    0.170   0.032   0.036   0.009   0.006   0.082   0.006   0.000   0.000   0.000 726586900
11.65   5.76   52.940
11.65   5.00    0.338    0.187
11.65   5.00    0.525   53.073
11.65   5.00    0.508    0.219   0.525   0.174
11.65   5.00    0.508    0.217   0.525   0.172

11.66   0.00    0.172    0.170   0.032   0.036   0.009   0.006   0.082   0.006   0.000   0.000   0.000 727210600
11.66   5.76   52.930
11.66   5.00    0.338    0.186
11.66   5.00    0.525   53.064
11.66   5.00    0.508    0.219   0.525   0.174
11.66   5.00    0.508    0.217   0.525   0.172

11.67   0.00    0.172    0.170   0.032   0.036   0.009   0.006   0.082   0.006   0.000   0.000   0.000 727834300
11.67   5.76   52.921
11.67   5.00    0.338    0.186
11.67   5.00    0.524   53.055
11.67   5.00    0.507    0.219   0.524   0.174
11.67   5.00    0.507    0.217   0.524   0.172

11.68   0.00    0.172    0.170   0.032   0.036   0.009   0.006   0.082   0.006   0.000   0.000   0.000 728458000
11.68   5.75   52.911
11.68   5.00    0.338    0.186
11.68   5.00    0.524   53.046
11.68   5.00    0.507    0.219   0.524   0.174
11.68   5.00    0.507    0.217   0.524   0.171

11.69   0.00    0.172    0.170   0.032   0.036   0.009   0.006   0.082   0.006   0.000   0.000   0.000 729081700
11.69   5.75   52.902
11.69   5.00    0.338    0.186
11.69   5.00    0.524   53.037
11.69   5.00    0.507    0.219   0.524   0.174
11.69   5.00    0.507    0.216   0.524   0.171

11.70   0.00    0.172    0.170   0.032   0.036   0.009   0.006   0.082   0.006   0.000   0.000   0.000 729705300
11.70   5.75   52.893
11.70   5.00    0.338    0.186
11.70   5.00    0.524   53.028
11.70   5.00    0.507    0.219   0.524   0.174
11.70   5.00    0.507    0.216   0.524   0.171

11.71   0.00    0.172    0.170   0.032   0.036   0.009   0.006   0.082   0.006   0.000   0.000   0.000 730329000
11.71   5.75   52.883
11.71   5.00    0.337    0.186
11.71   5.00    0.524   53.019
11.71   5.00    0.506    0.219   0.524   0.174
11.71   5.00    0.507    0.216   0.524   0.171

11.72   0.00    0.172    0.170   0.032   0.036   0.009   0.006   0.082   0.006   0.000   0.000   0.000 730952800
11.72   5.74   52.874
11.72   5.00    0.337    0.186
11.72   5.00    0.523   53.011
11.72   5.00    0.506    0.219   0.523   0.174
11.72   5.00    0.506    0.216   0.523   0.171

11.73   0.00    0.172    0.170   0.032   0.036   0.009   0.006   0.082   0.006   0.000   0.000   0.000 731576400
11.73   5.74   52.865
11.73   5.00    0.337    0.186
11.73   5.00    0.523   53.002
11.73   5.00    0.506    0.219   0.523   0.174
11.73   5.00    0.506    0.216   0.523   0.171

11.74   0.00    0.172    0.170   0.032   0.036   0.009   0.006   0.082   0.006   0.000   0.000   0.000 732200100
11.74   5.74   52.855
11.74   5.00    0.337    0.186
11.74   5.00    0.523   52.993
11.74   5.00    0.506    0.218   0.523   0.174
11.74   5.00    0.506    0.216   0.523   0.171

11.75   0.00    0.172    0.170   0.032   0.036   0.009   0.006   0.082   0.006   0.000   0.000   0.000 732823700
11.75   5.73   52.846
11.75   5.00    0.337    0.186
11.75   5.00    0.523   52.984
11.75   5.00    0.506    0.218   0.523   0.174
11.75   5.00    0.506    0.216   0.523   0.171

11.76   0.00    0.172    0.170   0.032   0.036   0.009   0.006   0.082   0.006   0.000   0.000   0.000 733447500
11.76   5.73   52.837
11.76   5.00    0.337    0.186
11.76   5.00    0.522   52.975
11.76   5.00    0.505    0.218   0.522   0.174
11.76   5.00    0.505    0.216   0.522   0.171

11.77   0.00    0.172    0.170   0.032   0.036   0.009   0.006   0.082   0.006   0.000   0.000   0.000 734071200
11.77   5.73   52.828
11.77   5.00    0.336    0.186
11.77   5.00    0.522   52.967
11.77   5.00    0.505    0.218   0.522   0.174
11.77   5.00    0.505    0.216   0.522   0.171

11.78   0.00    0.172    0.170   0.032   0.036   0.009   0.006   0.082   0.006   0.000   0.000   0.000 734694800
11.78   5.73   52.818
11.78   5.00    0.336    0.186
11.78   5.00    0.522   52.958
11.78   5.00    0.505    0.218   0.522   0.174
11.78   5.00    0.505    0.216   0.522   0.171

11.79   0.00    0.172    0.170   0.032   0.036   0.009   0.006   0.082   0.006   0.000   0.000   0.000 735318500
11.79   5.72   52.809
11.79   5.00    0.336    0.186
11.79   5.00    0.522   52.949
11.79   5.00    0.505    0.218   0.522   0.173
11.79   5.00    0.505    0.216   0.522   0.171

11.80   0.00    0.172    0.170   0.032   0.036   0.009   0.006   0.082   0.006   0.000   0.000   0.000 735942100
11.80   5.72   52.800
11.80   5.00    0.336    0.186
11.80   5.00    0.522   52.940
11.80   5.00    0.504    0.218   0.522   0.173
11.80   5.00    0.505    0.216   0.522   0.171

11.81   0.00    0.172    0.170   0.032   0.036   0.009   0.006   0.082   0.006   0.000   0.000   0.000 736565900
11.81   5.72   52.791
11.81   5.00    0.336    0.186
11.81   5.00    0.521   52.931
11.81   5.00    0.504    0.218   0.521   0.173
11.81   5.00    0.504    0.216   0.521   0.171

11.82   0.00    0.172    0.170   0.032   0.036   0.009   0.006   0.082   0.006   0.000   0.000   0.000 737189500
11.82   5.72   52.781
11.82   5.00    0.336    0.186
11.82   5.00    0.521   52.923
11.82   5.00    0.504    0.218   0.521   0.173
11.82   5.00    0.504    0.216   0.521   0.171

11.83   0.00    0.172    0.170   0.032   0.036   0.009   0.006   0.082   0.006   0.000   0.000   0.000 737813200
11.83   5.71   52.772
11.83   5.00    0.335    0.185
11.83   5.00    0.521   52.914
11.83   5.00    0.504    0.218   0.521   0.173
11.83   5.00    0.504    0.216   0.521   0.171

11.84   0.00    0.172    0.170   0.032   0.036   0.009   0.006   0.082   0.006   0.000   0.000   0.000 738436900
11.84   5.71   52.763
11.84   5.00    0.335    0.185
11.84   5.00    0.521   52.905
11.84   5.00    0.504    0.218   0.521   0.173
11.84   5.00    0.504    0.216   0.521   0.171

11.85   0.00    0.172    0.170   0.032   0.036   0.009   0.006   0.082   0.006   0.000   0.000   0.000 739060600
11.85   5.71   52.754
11.85   5.00    0.335    0.185
11.85   5.00    0.520   52.897
11.85   5.00    0.503    0.218   0.520   0.173
11.85   5.00    0.504    0.216   0.520   0.171

11.86   0.00    0.172    0.170   0.032   0.036   0.009   0.006   0.082   0.006   0.000   0.000   0.000 739684200
11.86   5.71   52.744
11.86   5.00    0.335    0.185
11.86   5.00    0.520   52.888
11.86   5.00    0.503    0.218   0.520   0.173
11.86   5.00    0.503    0.216   0.520   0.171

11.87   0.00    0.172    0.170   0.032   0.036   0.009   0.006   0.082   0.006   0.000   0.000   0.000 740307900
11.87   5.70   52.735
11.87   5.00    0.335    0.185
11.87   5.00    0.520   52.879
11.87   5.00    0.503    0.218   0.520   0.173
11.87   5.00    0.503    0.216   0.520   0.171

11.88   0.00    0.172    0.170   0.032   0.036   0.009   0.006   0.082   0.006   0.000   0.000   0.000 740931600
11.88   5.70   52.726
11.88   5.00    0.335    0.185
11.88   5.00    0.520   52.870
11.88   5.00    0.503    0.218   0.520   0.173
11.88   5.00    0.503    0.216   0.520   0.171

11.89   0.00    0.172    0.170   0.032   0.036   0.009   0.006   0.082   0.006   0.000   0.000   0.000 741555300
11.89   5.70   52.717
11.89   5.00    0.334    0.185
11.89   5.00    0.520   52.862
11.89   5.00    0.502    0.218   0.520   0.173
11.89   5.00    0.503    0.216   0.520   0.171

11.90   0.00    0.172    0.170   0.032   0.036   0.009   0.006   0.082   0.006   0.000   0.000   0.000 742178900
11.90   5.70   52.708
11.90   5.00    0.334    0.185
11.90   5.00    0.519   52.853
11.90   5.00    0.502    0.218   0.519   0.173
11.90   5.00    0.502    0.216   0.519   0.171

11.91   0.00    0.172    0.170   0.032   0.036   0.009   0.006   0.082   0.006   0.000   0.000   0.000 742802600
11.91   5.69   52.699
11.91   5.00    0.334    0.185
11.91   5.00    0.519   52.844
11.91   5.00    0.502    0.218   0.519   0.173
11.91   5.00    0.502    0.216   0.519   0.171

11.92   0.00    0.172    0.170   0.032   0.036   0.009   0.006   0.082   0.006   0.000   0.000   0.000 743426300
11.92   5.69   52.689
11.92   5.00    0.334    0.185
11.92   5.00    0.519   52.836
11.92   5.00    0.502    0.218   0.519   0.173
11.92   5.00    0.502    0.216   0.519   0.171

11.93   0.00    0.172    0.170   0.032   0.036   0.009   0.006   0.082   0.006   0.000   0.000   0.000 744050000
11.93   5.69   52.680
11.93   5.00    0.334    0.185
11.93   5.00    0.519   52.827
11.93   5.00    0.502    0.218   0.519   0.173
11.93   5.00    0.502    0.216   0.519   0.171

11.94   0.00    0.172    0.170   0.032   0.036   0.009   0.006   0.082   0.006   0.000   0.000   0.000 744673700
11.94   5.69   52.671
11.94   5.00    0.334    0.185
11.94   5.00    0.518   52.819
11.94   5.00    0.501    0.218   0.518   0.173
11.94   5.00    0.502    0.216   0.518   0.171

11.95   0.00    0.172    0.170   0.032   0.036   0.009   0.006   0.082   0.006   0.000   0.000   0.000 745297300
11.95   5.68   52.662
11.95   5.00    0.333    0.185
11.95   5.00    0.518   52.810
11.95   5.00    0.501    0.218   0.518   0.173
11.95   5.00    0.501    0.216   0.518   0.171

11.96   0.00    0.172    0.170   0.032   0.036   0.009   0.006   0.082   0.006   0.000   0.000   0.000 745921000
11.96   5.68   52.653
11.96   5.00    0.333    0.185
11.96   5.00    0.518   52.801
11.96   5.00    0.501    0.218   0.518   0.173
11.96   5.00    0.501    0.216   0.518   0.171

11.97   0.00    0.172    0.170   0.032   0.036   0.009   0.006   0.082   0.006   0.000   0.000   0.000 746544800
11.97   5.68   52.644
11.97   5.00    0.333    0.185
11.97   5.00    0.518   52.793
11.97   5.00    0.501    0.218   0.518   0.173
11.97   5.00    0.501    0.216   0.518   0.171

11.98   0.00    0.172    0.170   0.032   0.036   0.009   0.006   0.082   0.006   0.000   0.000   0.000 747168400
11.98   5.68   52.635
11.98   5.00    0.333    0.185
11.98   5.00    0.518   52.784
11.98   5.00    0.501    0.218   0.518   0.173
11.98   5.00    0.501    0.216   0.518   0.171

11.99   0.00    0.172    0.170   0.032   0.036   0.009   0.006   0.082   0.006   0.000   0.000   0.000 747792100
11.99   5.67   52.626
11.99   5.00    0.333    0.185
11.99   5.00    0.517   52.775
11.99   5.00    0.500    0.218   0.517   0.173
11.99   5.00    0.501    0.216   0.517   0.171

12.00   0.00    0.172    0.170   0.032   0.036   0.009   0.006   0.082   0.006   0.000   0.000   0.000 748415700
12.00   5.67   52.616
12.00   5.00    0.333    0.184
12.00   5.00    0.517   52.767
12.00   5.00    0.500    0.218   0.517   0.173
12.00   5.00    0.500    0.216   0.517   0.171

12.01   0.00    0.172    0.170   0.032   0.036   0.009   0.006   0.082   0.006   0.000   0.000   0.000 749039400
12.01   5.67   52.607
12.01   5.00    0.333    0.184
12.01   5.00    0.517   52.758
12.01   5.00    0.500    0.218   0.517   0.173
12.01   5.00    0.500    0.215   0.517   0.171

12.02   0.00    0.172    0.170   0.032   0.036   0.009   0.006   0.082   0.006   0.000   0.000   0.000 749663200
12.02   5.67   52.598
12.02   5.00    0.332    0.184
12.02   5.00    0.517   52.750
12.02   5.00    0.500    0.218   0.517   0.173
12.02   5.00    0.500    0.215   0.517   0.171

12.03   0.00    0.172    0.170   0.032   0.036   0.009   0.006   0.082   0.006   0.000   0.000   0.000 750286800
12.03   5.66   52.589
12.03   5.00    0.332    0.184
12.03   5.00    0.517   52.741
12.03   5.00    0.499    0.217   0.517   0.173
12.03   5.00    0.500    0.215   0.517   0.171

12.04   0.00    0.172    0.170   0.032   0.036   0.009   0.006   0.082   0.006   0.000   0.000   0.000 750910500
12.04   5.66   52.580
12.04   5.00    0.332    0.184
12.04   5.00    0.516   52.733
12.04   5.00    0.499    0.217   0.516   0.173
12.04   5.00    0.499    0.215   0.516   0.171

12.05   0.00    0.172    0.170   0.032   0.036   0.009   0.006   0.082   0.006   0.000   0.000   0.000 751534100
12.05   5.66   52.571
12.05   5.00    0.332    0.184
12.05   5.00    0.516   52.724
12.05   5.00    0.499    0.217   0.516   0.173
12.05   5.00    0.499    0.215   0.516   0.171

12.06   0.00    0.172    0.170   0.032   0.036   0.009   0.006   0.082   0.006   0.000   0.000   0.000 752157900
12.06   5.66   52.562
12.06   5.00    0.332    0.184
12.06   5.00    0.516   52.715
12.06   5.00    0.499    0.217   0.516   0.173
12.06   5.00    0.499    0.215   0.516   0.171

12.07   0.00    0.172    0.170   0.032   0.036   0.009   0.006   0.082   0.006   0.000   0.000   0.000 752781500
12.07   5.65   52.553
12.07   5.00    0.332    0.184
12.07   5.00    0.516   52.707
12.07   5.00    0.499    0.217   0.516   0.173
12.07   5.00    0.499    0.215   0.516   0.171

12.08   0.00    0.172    0.170   0.032   0.036   0.009   0.006   0.082   0.006   0.000   0.000   0.000 753405200
12.08   5.65   52.544
12.08   5.00    0.331    0.184
12.08   5.00    0.515   52.698
12.08   5.00    0.498    0.217   0.515   0.173
12.08   5.00    0.499    0.215   0.515   0.171

12.09   0.00    0.172    0.170   0.032   0.036   0.009   0.006   0.082   0.006   0.000   0.000   0.000 754028900
12.09   5.65   52.535
12.09   5.00    0.331    0.184
12.09   5.00    0.515   52.690
12.09   5.00    0.498    0.217   0.515   0.173
12.09   5.00    0.498    0.215   0.515   0.171

12.10   0.00    0.172    0.170   0.032   0.036   0.009   0.006   0.082   0.006   0.000   0.000   0.000 754652600
12.10   5.65   52.526
12.10   5.00    0.331    0.184
12.10   5.00    0.515   52.681
12.10   5.00    0.498    0.217   0.515   0.173
12.10   5.00    0.498    0.215   0.515   0.171

12.11   0.00    0.172    0.170   0.032   0.036   0.009   0.006   0.082   0.006   0.000   0.000   0.000 755276200
12.11   5.64   52.517
12.11   5.00    0.331    0.184
12.11   5.00    0.515   52.673
12.11   5.00    0.498    0.217   0.515   0.173
12.11   5.00    0.498    0.215   0.515   0.171

12.12   0.00    0.172    0.170   0.032   0.036   0.009   0.006   0.082   0.006   0.000   0.000   0.000 755899900
12.12   5.64   52.508
12.12   5.00    0.331    0.184
12.12   5.00    0.515   52.664
12.12   5.00    0.498    0.217   0.515   0.173
12.12   5.00    0.498    0.215   0.515   0.171

12.13   0.00    0.172    0.170   0.032   0.036   0.009   0.006   0.082   0.006   0.000   0.000   0.000 756523600
12.13   5.64   52.499
12.13   5.00    0.331    0.184
12.13   5.00    0.514   52.656
12.13   5.00    0.497    0.217   0.514   0.173
12.13   5.00    0.498    0.215   0.514   0.171

12.14   0.00    0.172    0.170   0.032   0.036   0.009   0.006   0.082   0.006   0.000   0.000   0.000 757147300
12.14   5.64   52.490
12.14   5.00    0.331    0.184
12.14   5.00    0.514   52.647
12.14   5.00    0.497    0.217   0.514   0.173
12.14   5.00    0.497    0.215   0.514   0.171

12.15   0.00    0.172    0.170   0.032   0.036   0.008   0.006   0.082   0.006   0.000   0.000   0.000 757770900
12.15   5.63   52.481
12.15   5.00    0.330    0.184
12.15   5.00    0.514   52.639
12.15   5.00    0.497    0.217   0.514   0.173
12.15   5.00    0.497    0.215   0.514   0.171

12.16   0.00    0.172    0.170   0.032   0.036   0.008   0.006   0.082   0.006   0.000   0.000   0.000 758394600
12.16   5.63   52.472
12.16   5.00    0.330    0.184
12.16   5.00    0.514   52.631
12.16   5.00    0.497    0.217   0.514   0.173
12.16   5.00    0.497    0.215   0.514   0.171

12.17   0.00    0.172    0.170   0.032   0.036   0.008   0.006   0.082   0.006   0.000   0.000   0.000 759018300
12.17   5.63   52.463
12.17   5.00    0.330    0.184
12.17   5.00    0.514   52.622
12.17   5.00    0.497    0.217   0.514   0.173
12.17   5.00    0.497    0.215   0.514   0.171

12.18   0.00    0.172    0.170   0.032   0.036   0.008   0.006   0.082   0.006   0.000   0.000   0.000 759642000
12.18   5.63   52.454
12.18   5.00    0.330    0.184
12.18   5.00    0.513   52.614
12.18   5.00    0.496    0.217   0.513   0.173
12.18   5.00    0.497    0.215   0.513   0.171

12.19   0.00    0.172    0.170   0.032   0.036   0.008   0.006   0.082   0.006   0.000   0.000   0.000 760265700
12.19   5.62   52.445
12.19   5.00    0.330    0.183
12.19   5.00    0.513   52.605
12.19   5.00    0.496    0.217   0.513   0.173
12.19   5.00    0.496    0.215   0.513   0.171

12.20   0.00    0.172    0.170   0.032   0.036   0.008   0.006   0.082   0.006   0.000   0.000   0.000 760889300
12.20   5.62   52.436
12.20   5.00    0.330    0.183
12.20   5.00    0.513   52.597
12.20   5.00    0.496    0.217   0.513   0.173
12.20   5.00    0.496    0.215   0.513   0.171

12.21   0.00    0.172    0.170   0.032   0.036   0.008   0.006   0.082   0.006   0.000   0.000   0.000 761513000
12.21   5.62   52.427
12.21   5.00    0.329    0.183
12.21   5.00    0.513   52.588
12.21   5.00    0.496    0.217   0.513   0.173
12.21   5.00    0.496    0.215   0.513   0.171

12.22   0.00    0.172    0.170   0.032   0.036   0.008   0.006   0.082   0.006   0.000   0.000   0.000 762136700
12.22   5.62   52.419
12.22   5.00    0.329    0.183
12.22   5.00    0.513   52.580
12.22   5.00    0.496    0.217   0.513   0.173
12.22   5.00    0.496    0.215   0.513   0.171

12.23   0.00    0.172    0.170   0.032   0.036   0.008   0.006   0.082   0.006   0.000   0.000   0.000 762760400
12.23   5.61   52.410
12.23   5.00    0.329    0.183
12.23   5.00    0.512   52.572
12.23   5.00    0.495    0.217   0.512   0.173
12.23   5.00    0.496    0.215   0.512   0.171

12.24   0.00    0.171    0.170   0.032   0.036   0.008   0.006   0.082   0.006   0.000   0.000   0.000 763384100
12.24   5.61   52.401
12.24   5.00    0.329    0.183
12.24   5.00    0.512   52.563
12.24   5.00    0.495    0.217   0.512   0.173
12.24   5.00    0.495    0.215   0.512   0.171

12.25   0.00    0.171    0.170   0.032   0.036   0.008   0.006   0.082   0.006   0.000   0.000   0.000 764007700
12.25   5.61   52.392
12.25   5.00    0.329    0.183
12.25   5.00    0.512   52.555
12.25   5.00    0.495    0.217   0.512   0.173
12.25   5.00    0.495    0.215   0.512   0.171

12.26   0.00    0.171    0.170   0.032   0.036   0.008   0.006   0.082   0.006   0.000   0.000   0.000 764631400
12.26   5.61   52.383
12.26   5.00    0.329    0.183
12.26   5.00    0.512   52.546
12.26   5.00    0.495    0.217   0.512   0.173
12.26   5.00    0.495    0.215   0.512   0.171

12.27   0.00    0.171    0.169   0.032   0.036   0.008   0.006   0.082   0.006   0.000   0.000   0.000 765255200
12.27   5.60   52.374
12.27   5.00    0.329    0.183
12.27   5.00    0.512   52.538
12.27   5.00    0.495    0.217   0.512   0.173
12.27   5.00    0.495    0.215   0.512   0.171

12.28   0.00    0.171    0.169   0.032   0.036   0.008   0.006   0.082   0.006   0.000   0.000   0.000 765878800
12.28   5.60   52.365
12.28   5.00    0.328    0.183
12.28   5.00    0.511   52.530
12.28   5.00    0.494    0.217   0.511   0.173
12.28   5.00    0.495    0.215   0.511   0.171

12.29   0.00    0.171    0.169   0.032   0.036   0.008   0.006   0.082   0.006   0.000   0.000   0.000 766502500
12.29   5.60   52.356
12.29   5.00    0.328    0.183
12.29   5.00    0.511   52.521
12.29   5.00    0.494    0.217   0.511   0.173
12.29   5.00    0.494    0.215   0.511   0.171

12.30   0.00    0.171    0.169   0.032   0.036   0.008   0.006   0.082   0.006   0.000   0.000   0.000 767126100
12.30   5.60   52.347
12.30   5.00    0.328    0.183
12.30   5.00    0.511   52.513
12.30   5.00    0.494    0.217   0.511   0.173
12.30   5.00    0.494    0.215   0.511   0.171

12.31   0.00    0.171    0.169   0.032   0.036   0.008   0.006   0.082   0.006   0.000   0.000   0.000 767749900
12.31   5.59   52.339
12.31   5.00    0.328    0.183
12.31   5.00    0.511   52.505
12.31   5.00    0.494    0.217   0.511   0.173
12.31   5.00    0.494    0.215   0.511   0.171

12.32   0.00    0.171    0.169   0.032   0.036   0.008   0.006   0.082   0.006   0.000   0.000   0.000 768373500
12.32   5.59   52.330
12.32   5.00    0.328    0.183
12.32   5.00    0.511   52.496
12.32   5.00    0.494    0.217   0.511   0.173
12.32   5.00    0.494    0.215   0.511   0.171

12.33   0.00    0.171    0.169   0.032   0.036   0.008   0.006   0.082   0.006   0.000   0.000   0.000 768997200
12.33   5.59   52.321
12.33   5.00    0.328    0.183
12.33   5.00    0.510   52.488
12.33   5.00    0.493    0.217   0.510   0.173
12.33   5.00    0.494    0.215   0.510   0.171

12.34   0.00    0.171    0.169   0.032   0.036   0.008   0.006   0.082   0.006   0.000   0.000   0.000 769620900
12.34   5.59   52.312
12.34   5.00    0.327    0.183
12.34   5.00    0.510   52.480
12.34   5.00    0.493    0.216   0.510   0.173
12.34   5.00    0.493    0.215   0.510   0.171

12.35   0.00    0.171    0.169   0.032   0.036   0.008   0.006   0.082   0.006   0.000   0.000   0.000 770244500
12.35   5.58   52.303
12.35   5.00    0.327    0.183
12.35   5.00    0.510   52.471
12.35   5.00    0.493    0.216   0.510   0.173
12.35   5.00    0.493    0.214   0.510   0.171

12.36   0.00    0.171    0.169   0.032   0.036   0.008   0.006   0.082   0.006   0.000   0.000   0.000 770868200
12.36   5.58   52.295
12.36   5.00    0.327    0.183
12.36   5.00    0.510   52.463
12.36   5.00    0.493    0.216   0.510   0.173
12.36   5.00    0.493    0.214   0.510   0.171

12.37   0.00    0.171    0.169   0.032   0.036   0.008   0.006   0.082   0.006   0.000   0.000   0.000 771491900
12.37   5.58   52.286
12.37   5.00    0.327    0.183
12.37   5.00    0.510   52.455
12.37   5.00    0.493    0.216   0.510   0.173
12.37   5.00    0.493    0.214   0.510   0.171

12.38   0.00    0.171    0.169   0.032   0.036   0.008   0.006   0.082   0.006   0.000   0.000   0.000 772115600
12.38   5.58   52.277
12.38   5.00    0.327    0.182
12.38   5.00    0.509   52.447
12.38   5.00    0.492    0.216   0.509   0.173
12.38   5.00    0.493    0.214   0.509   0.171

12.39   0.00    0.171    0.169   0.032   0.036   0.008   0.006   0.082   0.006   0.000   0.000   0.000 772739300
12.39   5.57   52.268
12.39   5.00    0.327    0.182
12.39   5.00    0.509   52.438
12.39   5.00    0.492    0.216   0.509   0.173
12.39   5.00    0.492    0.214   0.509   0.171

12.40   0.00    0.171    0.169   0.032   0.036   0.008   0.006   0.082   0.006   0.000   0.000   0.000 773362900
12.40   5.57   52.259
12.40   5.00    0.327    0.182
12.40   5.00    0.509   52.430
12.40   5.00    0.492    0.216   0.509   0.173
12.40   5.00    0.492    0.214   0.509   0.171

12.41   0.00    0.171    0.169   0.032   0.036   0.008   0.006   0.082   0.006   0.000   0.000   0.000 773986600
12.41   5.57   52.251
12.41   5.00    0.326    0.182
12.41   5.00    0.509   52.422
12.41   5.00    0.492    0.216   0.509   0.173
12.41   5.00    0.492    0.214   0.509   0.171

12.42   0.00    0.171    0.169   0.032   0.036   0.008   0.006   0.082   0.006   0.000   0.000   0.000 774610300
12.42   5.57   52.242
12.42   5.00    0.326    0.182
12.42   5.00    0.509   52.414
12.42   5.00    0.492    0.216   0.509   0.173
12.42   5.00    0.492    0.214   0.509   0.171

12.43   0.00    0.171    0.169   0.032   0.036   0.008   0.006   0.082   0.006   0.000   0.000   0.000 775234000
12.43   5.57   52.233
12.43   5.00    0.326    0.182
12.43   5.00    0.508   52.405
12.43   5.00    0.491    0.216   0.508   0.173
12.43   5.00    0.492    0.214   0.508   0.171

12.44   0.00    0.171    0.169   0.032   0.036   0.008   0.006   0.082   0.006   0.000   0.000   0.000 775857700
12.44   5.56   52.224
12.44   5.00    0.326    0.182
12.44   5.00    0.508   52.397
12.44   5.00    0.491    0.216   0.508   0.173
12.44   5.00    0.491    0.214   0.508   0.171

12.45   0.00    0.171    0.169   0.032   0.036   0.008   0.006   0.082   0.006   0.000   0.000   0.000 776481300
12.45   5.56   52.216
12.45   5.00    0.326    0.182
12.45   5.00    0.508   52.389
12.45   5.00    0.491    0.216   0.508   0.173
12.45   5.00    0.491    0.214   0.508   0.171

12.46   0.00    0.171    0.169   0.032   0.036   0.008   0.006   0.082   0.006   0.000   0.000   0.000 777105000
12.46   5.56   52.207
12.46   5.00    0.326    0.182
12.46   5.00    0.508   52.381
12.46   5.00    0.491    0.216   0.508   0.173
12.46   5.00    0.491    0.214   0.508   0.171

12.47   0.00    0.171    0.169   0.032   0.036   0.008   0.006   0.082   0.006   0.000   0.000   0.000 777728700
12.47   5.56   52.198
12.47   5.00    0.326    0.182
12.47   5.00    0.508   52.373
12.47   5.00    0.491    0.216   0.508   0.172
12.47   5.00    0.491    0.214   0.508   0.171

12.48   0.00    0.171    0.169   0.032   0.036   0.008   0.006   0.082   0.006   0.000   0.000   0.000 778352400
12.48   5.55   52.189
12.48   5.00    0.325    0.182
12.48   5.00    0.507   52.364
12.48   5.00    0.490    0.216   0.507   0.172
12.48   5.00    0.491    0.214   0.507   0.171

12.49   0.00    0.171    0.169   0.032   0.036   0.008   0.006   0.082   0.006   0.000   0.000   0.000 778976100
12.49   5.55   52.181
12.49   5.00    0.325    0.182
12.49   5.00    0.507   52.356
12.49   5.00    0.490    0.216   0.507   0.172
12.49   5.00    0.490    0.214   0.507   0.171

12.50   0.00    0.171    0.169   0.032   0.036   0.008   0.006   0.082   0.006   0.000   0.000   0.000 779599700
12.50   5.55   52.172
12.50   5.00    0.325    0.182
12.50   5.00    0.507   52.348
12.50   5.00    0.490    0.216   0.507   0.172
12.50   5.00    0.490    0.214   0.507   0.171

12.51   0.00    0.171    0.169   0.032   0.036   0.008   0.006   0.082   0.006   0.000   0.000   0.000 780223400
12.51   5.55   52.163
12.51   5.00    0.325    0.182
12.51   5.00    0.507   52.340
12.51   5.00    0.490    0.216   0.507   0.172
12.51   5.00    0.490    0.214   0.507   0.171

12.52   0.00    0.171    0.169   0.032   0.036   0.008   0.006   0.082   0.006   0.000   0.000   0.000 780847200
12.52   5.54   52.155
12.52   5.00    0.325    0.182
12.52   5.00    0.507   52.332
12.52   5.00    0.490    0.216   0.507   0.172
12.52   5.00    0.490    0.214   0.507   0.171

12.53   0.00    0.171    0.169   0.032   0.036   0.008   0.006   0.082   0.006   0.000   0.000   0.000 781470800
12.53   5.54   52.146
12.53   5.00    0.325    0.182
12.53   5.00    0.506   52.324
12.53   5.00    0.489    0.216   0.506   0.172
12.53   5.00    0.490    0.214   0.506   0.171

12.54   0.00    0.171    0.169   0.032   0.036   0.008   0.006   0.082   0.006   0.000   0.000   0.000 782094500
12.54   5.54   52.137
12.54   5.00    0.325    0.182
12.54   5.00    0.506   52.315
12.54   5.00    0.489    0.216   0.506   0.172
12.54   5.00    0.489    0.214   0.506   0.171

12.55   0.00    0.171    0.169   0.032   0.036   0.008   0.006   0.082   0.006   0.000   0.000   0.000 782718100
12.55   5.54   52.129
12.55   5.00    0.324    0.182
12.55   5.00    0.506   52.307
12.55   5.00    0.489    0.216   0.506   0.172
12.55   5.00    0.489    0.214   0.506   0.170

12.56   0.00    0.171    0.169   0.032   0.036   0.008   0.006   0.082   0.006   0.000   0.000   0.000 783341800
12.56   5.54   52.120
12.56   5.00    0.324    0.182
12.56   5.00    0.506   52.299
12.56   5.00    0.489    0.216   0.506   0.172
12.56   5.00    0.489    0.214   0.506   0.170

12.57   0.00    0.171    0.169   0.032   0.036   0.008   0.006   0.082   0.006   0.000   0.000   0.000 783965500
12.57   5.53   52.111
12.57   5.00    0.324    0.182
12.57   5.00    0.506   52.291
12.57   5.00    0.489    0.216   0.506   0.172
12.57   5.00    0.489    0.214   0.506   0.170

12.58   0.00    0.171    0.169   0.032   0.036   0.008   0.006   0.082   0.006   0.000   0.000   0.000 784589200
12.58   5.53   52.103
12.58   5.00    0.324    0.181
12.58   5.00    0.505   52.283
12.58   5.00    0.488    0.216   0.505   0.172
12.58   5.00    0.489    0.214   0.505   0.170

12.59   0.00    0.171    0.169   0.032   0.036   0.008   0.006   0.082   0.006   0.000   0.000   0.000 785212900
12.59   5.53   52.094
12.59   5.00    0.324    0.181
12.59   5.00    0.505   52.275
12.59   5.00    0.488    0.216   0.505   0.172
12.59   5.00    0.488    0.214   0.505   0.170

12.60   0.00    0.171    0.169   0.032   0.036   0.008   0.006   0.082   0.006   0.000   0.000   0.000 785836500
12.60   5.53   52.086
12.60   5.00    0.324    0.181
12.60   5.00    0.505   52.267
12.60   5.00    0.488    0.216   0.505   0.172
12.60   5.00    0.488    0.214   0.505   0.170

12.61   0.00    0.171    0.169   0.032   0.036   0.008   0.006   0.082   0.006   0.000   0.000   0.000 786460200
12.61   5.52   52.077
12.61   5.00    0.323    0.181
12.61   5.00    0.505   52.259
12.61   5.00    0.488    0.216   0.505   0.172
12.61   5.00    0.488    0.214   0.505   0.170

12.62   0.00    0.171    0.169   0.032   0.036   0.008   0.006   0.082   0.006   0.000   0.000   0.000 787083900
12.62   5.52   52.068
12.62   5.00    0.323    0.181
12.62   5.00    0.505   52.251
12.62   5.00    0.488    0.216   0.505   0.172
12.62   5.00    0.488    0.214   0.505   0.170

12.63   0.00    0.171    0.169   0.032   0.036   0.008   0.006   0.082   0.006   0.000   0.000   0.000 787707600
12.63   5.52   52.060
12.63   5.00    0.323    0.181
12.63   5.00    0.504   52.242
12.63   5.00    0.488    0.216   0.504   0.172
12.63   5.00    0.488    0.214   0.504   0.170

12.64   0.00    0.171    0.169   0.032   0.036   0.008   0.006   0.082   0.006   0.000   0.000   0.000 788331300
12.64   5.52   52.051
12.64   5.00    0.323    0.181
12.64   5.00    0.504   52.234
12.64   5.00    0.487    0.216   0.504   0.172
12.64   5.00    0.487    0.214   0.504   0.170

12.65   0.00    0.171    0.169   0.032   0.036   0.008   0.006   0.082   0.006   0.000   0.000   0.000 788954900
12.65   5.51   52.043
12.65   5.00    0.323    0.181
12.65   5.00    0.504   52.226
12.65   5.00    0.487    0.216   0.504   0.172
12.65   5.00    0.487    0.214   0.504   0.170

12.66   0.00    0.171    0.169   0.032   0.036   0.008   0.006   0.082   0.006   0.000   0.000   0.000 789578600
12.66   5.51   52.034
12.66   5.00    0.323    0.181
12.66   5.00    0.504   52.218
12.66   5.00    0.487    0.216   0.504   0.172
12.66   5.00    0.487    0.214   0.504   0.170

12.67   0.00    0.171    0.169   0.032   0.036   0.008   0.006   0.082   0.006   0.000   0.000   0.000 790202300
12.67   5.51   52.025
12.67   5.00    0.323    0.181
12.67   5.00    0.504   52.210
12.67   5.00    0.487    0.215   0.504   0.172
12.67   5.00    0.487    0.214   0.504   0.170

12.68   0.00    0.171    0.169   0.032   0.036   0.008   0.006   0.082   0.006   0.000   0.000   0.000 790826000
12.68   5.51   52.017
12.68   5.00    0.322    0.181
12.68   5.00    0.503   52.202
12.68   5.00    0.487    0.215   0.503   0.172
12.68   5.00    0.487    0.214   0.503   0.170

12.69   0.00    0.171    0.169   0.032   0.036   0.008   0.006   0.082   0.006   0.000   0.000   0.000 791449700
12.69   5.51   52.008
12.69   5.00    0.322    0.181
12.69   5.00    0.503   52.194
12.69   5.00    0.486    0.215   0.503   0.172
12.69   5.00    0.487    0.214   0.503   0.170

12.70   0.00    0.171    0.169   0.032   0.036   0.008   0.006   0.082   0.006   0.000   0.000   0.000 792073300
12.70   5.50   52.000
12.70   5.00    0.322    0.181
12.70   5.00    0.503   52.186
12.70   5.00    0.486    0.215   0.503   0.172
12.70   5.00    0.486    0.214   0.503   0.170

12.71   0.00    0.171    0.169   0.032   0.036   0.008   0.006   0.082   0.006   0.000   0.000   0.000 792697000
12.71   5.50   51.991
12.71   5.00    0.322    0.181
12.71   5.00    0.503   52.178
12.71   5.00    0.486    0.215   0.503   0.172
12.71   5.00    0.486    0.214   0.503   0.170

12.72   0.00    0.171    0.169   0.032   0.036   0.008   0.006   0.082   0.006   0.000   0.000   0.000 793320700
12.72   5.50   51.983
12.72   5.00    0.322    0.181
12.72   5.00    0.503   52.170
12.72   5.00    0.486    0.215   0.503   0.172
12.72   5.00    0.486    0.213   0.503   0.170

12.73   0.00    0.171    0.169   0.032   0.036   0.008   0.006   0.082   0.006   0.000   0.000   0.000 793944400
12.73   5.50   51.974
12.73   5.00    0.322    0.181
12.73   5.00    0.503   52.162
12.73   5.00    0.486    0.215   0.503   0.172
12.73   5.00    0.486    0.213   0.503   0.170

12.74   0.00    0.171    0.169   0.032   0.036   0.008   0.006   0.082   0.006   0.000   0.000   0.000 794568100
12.74   5.49   51.966
12.74   5.00    0.322    0.181
12.74   5.00    0.502   52.154
12.74   5.00    0.485    0.215   0.502   0.172
12.74   5.00    0.486    0.213   0.502   0.170

12.75   0.00    0.171    0.169   0.032   0.036   0.008   0.006   0.082   0.006   0.000   0.000   0.000 795191700
12.75   5.49   51.957
12.75   5.00    0.321    0.181
12.75   5.00    0.502   52.146
12.75   5.00    0.485    0.215   0.502   0.172
12.75   5.00    0.485    0.213   0.502   0.170

12.76   0.00    0.171    0.169   0.032   0.036   0.008   0.006   0.082   0.006   0.000   0.000   0.000 795815400
12.76   5.49   51.949
12.76   5.00    0.321    0.181
12.76   5.00    0.502   52.138
12.76   5.00    0.485    0.215   0.502   0.172
12.76   5.00    0.485    0.213   0.502   0.170

12.77   0.00    0.171    0.169   0.032   0.036   0.008   0.006   0.082   0.006   0.000   0.000   0.000 796439100
12.77   5.49   51.940
12.77   5.00    0.321    0.181
12.77   5.00    0.502   52.130
12.77   5.00    0.485    0.215   0.502   0.172
12.77   5.00    0.485    0.213   0.502   0.170

12.78   0.00    0.171    0.169   0.032   0.036   0.008   0.006   0.082   0.006   0.000   0.000   0.000 797062800
12.78   5.49   51.932
12.78   5.00    0.321    0.181
12.78   5.00    0.502   52.122
12.78   5.00    0.485    0.215   0.502   0.172
12.78   5.00    0.485    0.213   0.502   0.170

12.79   0.00    0.171    0.169   0.032   0.036   0.008   0.006   0.082   0.006   0.000   0.000   0.000 797686500
12.79   5.48   51.923
12.79   5.00    0.321    0.181
12.79   5.00    0.501   52.114
12.79   5.00    0.485    0.215   0.501   0.172
12.79   5.00    0.485    0.213   0.501   0.170

12.80   0.00    0.171    0.169   0.032   0.036   0.008   0.006   0.082   0.006   0.000   0.000   0.000 798310100
12.80   5.48   51.915
12.80   5.00    0.321    0.180
12.80   5.00    0.501   52.106
12.80   5.00    0.484    0.215   0.501   0.172
12.80   5.00    0.485    0.213   0.501   0.170

12.81   0.00    0.171    0.169   0.032   0.036   0.008   0.006   0.082   0.006   0.000   0.000   0.000 798933800
12.81   5.48   51.906
12.81   5.00    0.321    0.180
12.81   5.00    0.501   52.099
12.81   5.00    0.484    0.215   0.501   0.172
12.81   5.00    0.484    0.213   0.501   0.170

12.82   0.00    0.171    0.169   0.032   0.036   0.008   0.006   0.082   0.006   0.000   0.000   0.000 799557500
12.82   5.48   51.898
12.82   5.00    0.321    0.180
12.82   5.00    0.501   52.091
12.82   5.00    0.484    0.215   0.501   0.172
12.82   5.00    0.484    0.213   0.501   0.170

12.83   0.00    0.171    0.169   0.032   0.036   0.008   0.006   0.082   0.006   0.000   0.000   0.000 800181200
12.83   5.47   51.889
12.83   5.00    0.320    0.180
12.83   5.00    0.501   52.083
12.83   5.00    0.484    0.215   0.501   0.172
12.83   5.00    0.484    0.213   0.501   0.170

12.84   0.00    0.171    0.169   0.032   0.036   0.008   0.006   0.082   0.006   0.000   0.000   0.000 800804900
12.84   5.47   51.881
12.84   5.00    0.320    0.180
12.84   5.00    0.501   52.075
12.84   5.00    0.484    0.215   0.501   0.172
12.84   5.00    0.484    0.213   0.501   0.170

12.85   0.00    0.171    0.169   0.032   0.036   0.008   0.006   0.082   0.006   0.000   0.000   0.000 801428500
12.85   5.47   51.872
12.85   5.00    0.320    0.180
12.85   5.00    0.500   52.067
12.85   5.00    0.483    0.215   0.500   0.172
12.85   5.00    0.484    0.213   0.500   0.170

12.86   0.00    0.171    0.169   0.032   0.036   0.008   0.006   0.082   0.006   0.000   0.000   0.000 802052200
12.86   5.47   51.864
12.86   5.00    0.320    0.180
12.86   5.00    0.500   52.059
12.86   5.00    0.483    0.215   0.500   0.172
12.86   5.00    0.483    0.213   0.500   0.170

12.87   0.00    0.171    0.169   0.032   0.036   0.008   0.006   0.082   0.006   0.000   0.000   0.000 802675900
12.87   5.47   51.856
12.87   5.00    0.320    0.180
12.87   5.00    0.500   52.051
12.87   5.00    0.483    0.215   0.500   0.172
12.87   5.00    0.483    0.213   0.500   0.170

12.88   0.00    0.171    0.169   0.032   0.036   0.008   0.006   0.082   0.006   0.000   0.000   0.000 803299600
12.88   5.46   51.847
12.88   5.00    0.320    0.180
12.88   5.00    0.500   52.043
12.88   5.00    0.483    0.215   0.500   0.172
12.88   5.00    0.483    0.213   0.500   0.170

12.89   0.00    0.171    0.169   0.032   0.036   0.008   0.006   0.082   0.006   0.000   0.000   0.000 803923300
12.89   5.46   51.839
12.89   5.00    0.320    0.180
12.89   5.00    0.500   52.035
12.89   5.00    0.483    0.215   0.500   0.172
12.89   5.00    0.483    0.213   0.500   0.170

12.90   0.00    0.171    0.169   0.032   0.036   0.008   0.006   0.082   0.006   0.000   0.000   0.000 804546900
12.90   5.46   51.830
12.90   5.00    0.319    0.180
12.90   5.00    0.499   52.027
12.90   5.00    0.483    0.215   0.499   0.172
12.90   5.00    0.483    0.213   0.499   0.170

12.91   0.00    0.171    0.169   0.032   0.036   0.008   0.006   0.082   0.006   0.000   0.000   0.000 805170600
12.91   5.46   51.822
12.91   5.00    0.319    0.180
12.91   5.00    0.499   52.020
12.91   5.00    0.482    0.215   0.499   0.172
12.91   5.00    0.483    0.213   0.499   0.170

12.92   0.00    0.171    0.169   0.032   0.036   0.008   0.006   0.082   0.006   0.000   0.000   0.000 805794300
12.92   5.45   51.814
12.92   5.00    0.319    0.180
12.92   5.00    0.499   52.012
12.92   5.00    0.482    0.215   0.499   0.172
12.92   5.00    0.482    0.213   0.499   0.170

12.93   0.00    0.171    0.169   0.032   0.036   0.008   0.006   0.082   0.006   0.000   0.000   0.000 806418000
12.93   5.45   51.805
12.93   5.00    0.319    0.180
12.93   5.00    0.499   52.004
12.93   5.00    0.482    0.215   0.499   0.172
12.93   5.00    0.482    0.213   0.499   0.170

12.94   0.00    0.171    0.169   0.032   0.036   0.008   0.006   0.082   0.006   0.000   0.000   0.000 807041700
12.94   5.45   51.797
12.94   5.00    0.319    0.180
12.94   5.00    0.499   51.996
12.94   5.00    0.482    0.215   0.499   0.172
12.94   5.00    0.482    0.213   0.499   0.170

12.95   0.00    0.171    0.169   0.032   0.036   0.008   0.006   0.082   0.006   0.000   0.000   0.000 807665300
12.95   5.45   51.788
12.95   5.00    0.319    0.180
12.95   5.00    0.499   51.988
12.95   5.00    0.482    0.215   0.499   0.172
12.95   5.00    0.482    0.213   0.499   0.170

12.96   0.00    0.171    0.169   0.032   0.036   0.008   0.006   0.082   0.006   0.000   0.000   0.000 808289000
12.96   5.45   51.780
12.96   5.00    0.319    0.180
12.96   5.00    0.498   51.980
12.96   5.00    0.481    0.215   0.498   0.172
12.96   5.00    0.482    0.213   0.498   0.170

12.97   0.00    0.171    0.169   0.032   0.036   0.008   0.006   0.082   0.006   0.000   0.000   0.000 808912700
12.97   5.44   51.772
12.97   5.00    0.318    0.180
12.97   5.00    0.498   51.973
12.97   5.00    0.481    0.215   0.498   0.172
12.97   5.00    0.481    0.213   0.498   0.170

12.98   0.00    0.171    0.169   0.032   0.036   0.007   0.006   0.082   0.006   0.000   0.000   0.000 809536300
12.98   5.44   51.763
12.98   5.00    0.318    0.180
12.98   5.00    0.498   51.965
12.98   5.00    0.481    0.215   0.498   0.172
12.98   5.00    0.481    0.213   0.498   0.170

12.99   0.00    0.171    0.169   0.032   0.036   0.007   0.006   0.082   0.006   0.000   0.000   0.000 810160100
12.99   5.44   51.755
12.99   5.00    0.318    0.180
12.99   5.00    0.498   51.957
12.99   5.00    0.481    0.215   0.498   0.172
12.99   5.00    0.481    0.213   0.498   0.170

13.00   0.00    0.171    0.169   0.032   0.036   0.007   0.006   0.082   0.006   0.000   0.000   0.000 810783700
13.00   5.44   51.747
13.00   5.00    0.318    0.180
13.00   5.00    0.498   51.949
13.00   5.00    0.481    0.215   0.498   0.172
13.00   5.00    0.481    0.213   0.498   0.170

13.01   0.00    0.171    0.169   0.032   0.036   0.007   0.006   0.082   0.006   0.000   0.000   0.000 811407400
13.01   5.43   51.738
13.01   5.00    0.318    0.180
13.01   5.00    0.497   51.942
13.01   5.00    0.481    0.215   0.497   0.172
13.01   5.00    0.481    0.213   0.497   0.170

13.02   0.00    0.170    0.169   0.032   0.036   0.007   0.006   0.082   0.006   0.000   0.000   0.000 812031100
13.02   5.43   51.730
13.02   5.00    0.318    0.179
13.02   5.00    0.497   51.934
13.02   5.00    0.480    0.214   0.497   0.172
13.02   5.00    0.481    0.213   0.497   0.170

13.03   0.00    0.170    0.169   0.032   0.036   0.007   0.006   0.082   0.006   0.000   0.000   0.000 812654800
13.03   5.43   51.722
13.03   5.00    0.318    0.179
13.03   5.00    0.497   51.926
13.03   5.00    0.480    0.214   0.497   0.172
13.03   5.00    0.480    0.213   0.497   0.170

13.04   0.00    0.170    0.169   0.032   0.036   0.007   0.006   0.082   0.006   0.000   0.000   0.000 813278500
13.04   5.43   51.714
13.04   5.00    0.317    0.179
13.04   5.00    0.497   51.918
13.04   5.00    0.480    0.214   0.497   0.172
13.04   5.00    0.480    0.213   0.497   0.170

13.05   0.00    0.170    0.169   0.032   0.036   0.007   0.006   0.082   0.006   0.000   0.000   0.000 813902100
13.05   5.43   51.705
13.05   5.00    0.317    0.179
13.05   5.00    0.497   51.910
13.05   5.00    0.480    0.214   0.497   0.172
13.05   5.00    0.480    0.213   0.497   0.170

13.06   0.00    0.170    0.169   0.032   0.036   0.007   0.006   0.082   0.006   0.000   0.000   0.000 814525800
13.06   5.42   51.697
13.06   5.00    0.317    0.179
13.06   5.00    0.497   51.903
13.06   5.00    0.480    0.214   0.497   0.172
13.06   5.00    0.480    0.213   0.497   0.170

13.07   0.00    0.170    0.169   0.032   0.036   0.007   0.006   0.082   0.006   0.000   0.000   0.000 815149500
13.07   5.42   51.689
13.07   5.00    0.317    0.179
13.07   5.00    0.496   51.895
13.07   5.00    0.480    0.214   0.496   0.172
13.07   5.00    0.480    0.213   0.496   0.170

13.08   0.00    0.170    0.169   0.032   0.036   0.007   0.006   0.082   0.006   0.000   0.000   0.000 815773200
13.08   5.42   51.680
13.08   5.00    0.317    0.179
13.08   5.00    0.496   51.887
13.08   5.00    0.479    0.214   0.496   0.172
13.08   5.00    0.479    0.213   0.496   0.170

13.09   0.00    0.170    0.169   0.032   0.036   0.007   0.006   0.082   0.006   0.000   0.000   0.000 816396900
13.09   5.42   51.672
13.09   5.00    0.317    0.179
13.09   5.00    0.496   51.880
13.09   5.00    0.479    0.214   0.496   0.172
13.09   5.00    0.479    0.213   0.496   0.170

13.10   0.00    0.170    0.169   0.032   0.036   0.007   0.006   0.082   0.006   0.000   0.000   0.000 817020500
13.10   5.42   51.664
13.10   5.00    0.317    0.179
13.10   5.00    0.496   51.872
13.10   5.00    0.479    0.214   0.496   0.172
13.10   5.00    0.479    0.213   0.496   0.170

13.11   0.00    0.170    0.169   0.032   0.036   0.007   0.006   0.082   0.006   0.000   0.000   0.000 817644200
13.11   5.41   51.656
13.11   5.00    0.317    0.179
13.11   5.00    0.496   51.864
13.11   5.00    0.479    0.214   0.496   0.172
13.11   5.00    0.479    0.213   0.496   0.170

13.12   0.00    0.170    0.169   0.032   0.036   0.007   0.006   0.082   0.006   0.000   0.000   0.000 818267900
13.12   5.41   51.647
13.12   5.00    0.316    0.179
13.12   5.00    0.495   51.856
13.12   5.00    0.479    0.214   0.495   0.172
13.12   5.00    0.479    0.212   0.495   0.170

13.13   0.00    0.170    0.169   0.032   0.036   0.007   0.006   0.082   0.006   0.000   0.000   0.000 818891600
13.13   5.41   51.639
13.13   5.00    0.316    0.179
13.13   5.00    0.495   51.849
13.13   5.00    0.478    0.214   0.495   0.172
13.13   5.00    0.479    0.212   0.495   0.170

13.14   0.00    0.170    0.169   0.032   0.036   0.007   0.006   0.082   0.006   0.000   0.000   0.000 819515300
13.14   5.41   51.631
13.14   5.00    0.316    0.179
13.14   5.00    0.495   51.841
13.14   5.00    0.478    0.214   0.495   0.172
13.14   5.00    0.478    0.212   0.495   0.170

13.15   0.00    0.170    0.169   0.032   0.036   0.007   0.006   0.082   0.006   0.000   0.000   0.000 820138900
13.15   5.40   51.623
13.15   5.00    0.316    0.179
13.15   5.00    0.495   51.833
13.15   5.00    0.478    0.214   0.495   0.172
13.15   5.00    0.478    0.212   0.495   0.170

13.16   0.00    0.170    0.169   0.032   0.036   0.007   0.006   0.082   0.006   0.000   0.000   0.000 820762600
13.16   5.40   51.614
13.16   5.00    0.316    0.179
13.16   5.00    0.495   51.826
13.16   5.00    0.478    0.214   0.495   0.172
13.16   5.00    0.478    0.212   0.495   0.170

13.17   0.00    0.170    0.169   0.032   0.036   0.007   0.006   0.082   0.006   0.000   0.000   0.000 821386300
13.17   5.40   51.606
13.17   5.00    0.316    0.179
13.17   5.00    0.495   51.818
13.17   5.00    0.478    0.214   0.495   0.172
13.17   5.00    0.478    0.212   0.495   0.170

13.18   0.00    0.170    0.169   0.032   0.036   0.007   0.006   0.082   0.006   0.000   0.000   0.000 822010000
13.18   5.40   51.598
13.18   5.00    0.316    0.179
13.18   5.00    0.494   51.810
13.18   5.00    0.478    0.214   0.494   0.172
13.18   5.00    0.478    0.212   0.494   0.170

13.19   0.00    0.170    0.169   0.032   0.036   0.007   0.006   0.082   0.006   0.000   0.000   0.000 822633600
13.19   5.40   51.590
13.19   5.00    0.315    0.179
13.19   5.00    0.494   51.803
13.19   5.00    0.477    0.214   0.494   0.172
13.19   5.00    0.478    0.212   0.494   0.170

13.20   0.00    0.170    0.169   0.032   0.036   0.007   0.006   0.082   0.006   0.000   0.000   0.000 823257300
13.20   5.39   51.582
13.20   5.00    0.315    0.179
13.20   5.00    0.494   51.795
13.20   5.00    0.477    0.214   0.494   0.172
13.20   5.00    0.477    0.212   0.494   0.170

13.21   0.00    0.170    0.169   0.032   0.036   0.007   0.006   0.082   0.006   0.000   0.000   0.000 823881000
13.21   5.39   51.574
13.21   5.00    0.315    0.179
13.21   5.00    0.494   51.788
13.21   5.00    0.477    0.214   0.494   0.172
13.21   5.00    0.477    0.212   0.494   0.170

13.22   0.00    0.170    0.169   0.032   0.036   0.007   0.006   0.082   0.006   0.000   0.000   0.000 824504700
13.22   5.39   51.565
13.22   5.00    0.315    0.179
13.22   5.00    0.494   51.780
13.22   5.00    0.477    0.214   0.494   0.172
13.22   5.00    0.477    0.212   0.494   0.170

13.23   0.00    0.170    0.169   0.032   0.036   0.007   0.006   0.082   0.006   0.000   0.000   0.000 825128300
13.23   5.39   51.557
13.23   5.00    0.315    0.179
13.23   5.00    0.494   51.772
13.23   5.00    0.477    0.214   0.494   0.172
13.23   5.00    0.477    0.212   0.494   0.170

13.24   0.00    0.170    0.169   0.032   0.036   0.007   0.006   0.082   0.006   0.000   0.000   0.000 825752100
13.24   5.39   51.549
13.24   5.00    0.315    0.179
13.24   5.00    0.493   51.765
13.24   5.00    0.477    0.214   0.493   0.172
13.24   5.00    0.477    0.212   0.493   0.170

13.25   0.00    0.170    0.169   0.032   0.036   0.007   0.006   0.082   0.006   0.000   0.000   0.000 826375700
13.25   5.38   51.541
13.25   5.00    0.315    0.179
13.25   5.00    0.493   51.757
13.25   5.00    0.476    0.214   0.493   0.172
13.25   5.00    0.477    0.212   0.493   0.170

13.26   0.00    0.170    0.169   0.032   0.036   0.007   0.006   0.082   0.006   0.000   0.000   0.000 826999400
13.26   5.38   51.533
13.26   5.00    0.315    0.178
13.26   5.00    0.493   51.750
13.26   5.00    0.476    0.214   0.493   0.172
13.26   5.00    0.476    0.212   0.493   0.170

13.27   0.00    0.170    0.169   0.032   0.036   0.007   0.006   0.082   0.006   0.000   0.000   0.000 827623100
13.27   5.38   51.525
13.27   5.00    0.314    0.178
13.27   5.00    0.493   51.742
13.27   5.00    0.476    0.214   0.493   0.172
13.27   5.00    0.476    0.212   0.493   0.170

13.28   0.00    0.170    0.169   0.032   0.036   0.007   0.006   0.082   0.006   0.000   0.000   0.000 828246800
13.28   5.38   51.516
13.28   5.00    0.314    0.178
13.28   5.00    0.493   51.734
13.28   5.00    0.476    0.214   0.493   0.172
13.28   5.00    0.476    0.212   0.493   0.170

13.29   0.00    0.170    0.168   0.032   0.036   0.007   0.006   0.082   0.006   0.000   0.000   0.000 828870500
13.29   5.38   51.508
13.29   5.00    0.314    0.178
13.29   5.00    0.493   51.727
13.29   5.00    0.476    0.214   0.493   0.171
13.29   5.00    0.476    0.212   0.493   0.170

13.30   0.00    0.170    0.168   0.032   0.036   0.007   0.006   0.082   0.006   0.000   0.000   0.000 829494100
13.30   5.37   51.500
13.30   5.00    0.314    0.178
13.30   5.00    0.492   51.719
13.30   5.00    0.476    0.214   0.492   0.171
13.30   5.00    0.476    0.212   0.492   0.170

13.31   0.00    0.170    0.168   0.032   0.036   0.007   0.006   0.082   0.006   0.000   0.000   0.000 830117800
13.31   5.37   51.492
13.31   5.00    0.314    0.178
13.31   5.00    0.492   51.712
13.31   5.00    0.475    0.214   0.492   0.171
13.31   5.00    0.476    0.212   0.492   0.170

13.32   0.00    0.170    0.168   0.032   0.036   0.007   0.006   0.082   0.006   0.000   0.000   0.000 830741500
13.32   5.37   51.484
13.32   5.00    0.314    0.178
13.32   5.00    0.492   51.704
13.32   5.00    0.475    0.214   0.492   0.171
13.32   5.00    0.475    0.212   0.492   0.170

13.33   0.00    0.170    0.168   0.032   0.036   0.007   0.006   0.082   0.006   0.000   0.000   0.000 831365200
13.33   5.37   51.476
13.33   5.00    0.314    0.178
13.33   5.00    0.492   51.697
13.33   5.00    0.475    0.214   0.492   0.171
13.33   5.00    0.475    0.212   0.492   0.170

13.34   0.00    0.170    0.168   0.032   0.036   0.007   0.006   0.082   0.006   0.000   0.000   0.000 831988900
13.34   5.37   51.468
13.34   5.00    0.314    0.178
13.34   5.00    0.492   51.689
13.34   5.00    0.475    0.214   0.492   0.171
13.34   5.00    0.475    0.212   0.492   0.170

13.35   0.00    0.170    0.168   0.032   0.036   0.007   0.006   0.082   0.006   0.000   0.000   0.000 832612500
13.35   5.36   51.460
13.35   5.00    0.313    0.178
13.35   5.00    0.492   51.682
13.35   5.00    0.475    0.214   0.492   0.171
13.35   5.00    0.475    0.212   0.492   0.170

13.36   0.00    0.170    0.168   0.032   0.036   0.007   0.006   0.082   0.006   0.000   0.000   0.000 833236200
13.36   5.36   51.452
13.36   5.00    0.313    0.178
13.36   5.00    0.491   51.674
13.36   5.00    0.475    0.214   0.491   0.171
13.36   5.00    0.475    0.212   0.491   0.170

13.37   0.00    0.170    0.168   0.032   0.036   0.007   0.006   0.082   0.006   0.000   0.000   0.000 833859900
13.37   5.36   51.444
13.37   5.00    0.313    0.178
13.37   5.00    0.491   51.667
13.37   5.00    0.474    0.214   0.491   0.171
13.37   5.00    0.475    0.212   0.491   0.170

13.38   0.00    0.170    0.168   0.032   0.036   0.007   0.006   0.082   0.006   0.000   0.000   0.000 834483600
13.38   5.36   51.436
13.38   5.00    0.313    0.178
13.38   5.00    0.491   51.659
13.38   5.00    0.474    0.214   0.491   0.171
13.38   5.00    0.474    0.212   0.491   0.170

13.39   0.00    0.170    0.168   0.032   0.036   0.007   0.006   0.082   0.006   0.000   0.000   0.000 835107300
13.39   5.36   51.428
13.39   5.00    0.313    0.178
13.39   5.00    0.491   51.652
13.39   5.00    0.474    0.214   0.491   0.171
13.39   5.00    0.474    0.212   0.491   0.170

13.40   0.00    0.170    0.168   0.032   0.036   0.007   0.006   0.082   0.006   0.000   0.000   0.000 835730900
13.40   5.35   51.419
13.40   5.00    0.313    0.178
13.40   5.00    0.491   51.644
13.40   5.00    0.474    0.213   0.491   0.171
13.40   5.00    0.474    0.212   0.491   0.170

13.41   0.00    0.170    0.168   0.032   0.036   0.007   0.006   0.082   0.006   0.000   0.000   0.000 836354600
13.41   5.35   51.411
13.41   5.00    0.313    0.178
13.41   5.00    0.491   51.637
13.41   5.00    0.474    0.213   0.491   0.171
13.41   5.00    0.474    0.212   0.491   0.170

13.42   0.00    0.170    0.168   0.032   0.036   0.007   0.006   0.082   0.006   0.000   0.000   0.000 836978300
13.42   5.35   51.403
13.42   5.00    0.313    0.178
13.42   5.00    0.490   51.629
13.42   5.00    0.474    0.213   0.490   0.171
13.42   5.00    0.474    0.212   0.490   0.170

13.43   0.00    0.170    0.168   0.032   0.036   0.007   0.006   0.082   0.006   0.000   0.000   0.000 837602000
13.43   5.35   51.395
13.43   5.00    0.312    0.178
13.43   5.00    0.490   51.622
13.43   5.00    0.473    0.213   0.490   0.171
13.43   5.00    0.474    0.212   0.490   0.170

13.44   0.00    0.170    0.168   0.032   0.036   0.007   0.006   0.082   0.006   0.000   0.000   0.000 838225600
13.44   5.35   51.387
13.44   5.00    0.312    0.178
13.44   5.00    0.490   51.614
13.44   5.00    0.473    0.213   0.490   0.171
13.44   5.00    0.473    0.212   0.490   0.170

13.45   0.00    0.170    0.168   0.032   0.036   0.007   0.006   0.082   0.006   0.000   0.000   0.000 838849300
13.45   5.34   51.379
13.45   5.00    0.312    0.178
13.45   5.00    0.490   51.607
13.45   5.00    0.473    0.213   0.490   0.171
13.45   5.00    0.473    0.212   0.490   0.170

13.46   0.00    0.170    0.168   0.032   0.036   0.007   0.006   0.082   0.006   0.000   0.000   0.000 839473000
13.46   5.34   51.371
13.46   5.00    0.312    0.178
13.46   5.00    0.490   51.599
13.46   5.00    0.473    0.213   0.490   0.171
13.46   5.00    0.473    0.212   0.490   0.170

13.47   0.00    0.170    0.168   0.032   0.036   0.007   0.006   0.082   0.006   0.000   0.000   0.000 840096700
13.47   5.34   51.363
13.47   5.00    0.312    0.178
13.47   5.00    0.490   51.592
13.47   5.00    0.473    0.213   0.490   0.171
13.47   5.00    0.473    0.212   0.490   0.170

13.48   0.00    0.170    0.168   0.032   0.036   0.007   0.006   0.082   0.006   0.000   0.000   0.000 840720300
13.48   5.34   51.355
13.48   5.00    0.312    0.178
13.48   5.00    0.489   51.584
13.48   5.00    0.473    0.213   0.489   0.171
13.48   5.00    0.473    0.212   0.489   0.170

13.49   0.00    0.170    0.168   0.032   0.036   0.007   0.006   0.082   0.006   0.000   0.000   0.000 841344100
13.49   5.34   51.347
13.49   5.00    0.312    0.178
13.49   5.00    0.489   51.577
13.49   5.00    0.472    0.213   0.489   0.171
13.49   5.00    0.473    0.212   0.489   0.170

13.50   0.00    0.170    0.168   0.032   0.036   0.007   0.006   0.082   0.006   0.000   0.000   0.000 841967700
13.50   5.33   51.339
13.50   5.00    0.311    0.178
13.50   5.00    0.489   51.570
13.50   5.00    0.472    0.213   0.489   0.171
13.50   5.00    0.472    0.212   0.489   0.170

13.51   0.00    0.170    0.168   0.032   0.036   0.007   0.006   0.082   0.006   0.000   0.000   0.000 842591400
13.51   5.33   51.331
13.51   5.00    0.311    0.178
13.51   5.00    0.489   51.562
13.51   5.00    0.472    0.213   0.489   0.171
13.51   5.00    0.472    0.212   0.489   0.170

13.52   0.00    0.170    0.168   0.032   0.036   0.007   0.006   0.082   0.006   0.000   0.000   0.000 843215100
13.52   5.33   51.323
13.52   5.00    0.311    0.177
13.52   5.00    0.489   51.555
13.52   5.00    0.472    0.213   0.489   0.171
13.52   5.00    0.472    0.212   0.489   0.170

13.53   0.00    0.170    0.168   0.032   0.036   0.007   0.006   0.082   0.006   0.000   0.000   0.000 843838700
13.53   5.33   51.316
13.53   5.00    0.311    0.177
13.53   5.00    0.489   51.547
13.53   5.00    0.472    0.213   0.489   0.171
13.53   5.00    0.472    0.212   0.489   0.170

13.54   0.00    0.170    0.168   0.032   0.036   0.007   0.006   0.082   0.006   0.000   0.000   0.000 844462500
13.54   5.33   51.308
13.54   5.00    0.311    0.177
13.54   5.00    0.488   51.540
13.54   5.00    0.472    0.213   0.488   0.171
13.54   5.00    0.472    0.211   0.488   0.170

13.55   0.00    0.170    0.168   0.032   0.036   0.007   0.006   0.082   0.006   0.000   0.000   0.000 845086100
13.55   5.32   51.300
13.55   5.00    0.311    0.177
13.55   5.00    0.488   51.533
13.55   5.00    0.471    0.213   0.488   0.171
13.55   5.00    0.472    0.211   0.488   0.170

13.56   0.00    0.170    0.168   0.032   0.036   0.007   0.006   0.082   0.006   0.000   0.000   0.000 845709800
13.56   5.32   51.292
13.56   5.00    0.311    0.177
13.56   5.00    0.488   51.525
13.56   5.00    0.471    0.213   0.488   0.171
13.56   5.00    0.471    0.211   0.488   0.170

13.57   0.00    0.170    0.168   0.032   0.036   0.007   0.006   0.082   0.006   0.000   0.000   0.000 846333400
13.57   5.32   51.284
13.57   5.00    0.311    0.177
13.57   5.00    0.488   51.518
13.57   5.00    0.471    0.213   0.488   0.171
13.57   5.00    0.471    0.211   0.488   0.170

13.58   0.00    0.170    0.168   0.032   0.036   0.007   0.006   0.082   0.006   0.000   0.000   0.000 846957200
13.58   5.32   51.276
13.58   5.00    0.310    0.177
13.58   5.00    0.488   51.510
13.58   5.00    0.471    0.213   0.488   0.171
13.58   5.00    0.471    0.211   0.488   0.170

13.59   0.00    0.170    0.168   0.032   0.036   0.007   0.006   0.082   0.006   0.000   0.000   0.000 847580900
13.59   5.32   51.268
13.59   5.00    0.310    0.177
13.59   5.00    0.488   51.503
13.59   5.00    0.471    0.213   0.488   0.171
13.59   5.00    0.471    0.211   0.488   0.170

13.60   0.00    0.170    0.168   0.032   0.036   0.007   0.006   0.082   0.006   0.000   0.000   0.000 848204500
13.60   5.31   51.260
13.60   5.00    0.310    0.177
13.60   5.00    0.487   51.496
13.60   5.00    0.471    0.213   0.487   0.171
13.60   5.00    0.471    0.211   0.487   0.170

13.61   0.00    0.170    0.168   0.032   0.036   0.007   0.006   0.082   0.006   0.000   0.000   0.000 848828200
13.61   5.31   51.252
13.61   5.00    0.310    0.177
13.61   5.00    0.487   51.488
13.61   5.00    0.470    0.213   0.487   0.171
13.61   5.00    0.471    0.211   0.487   0.170

13.62   0.00    0.170    0.168   0.032   0.036   0.007   0.006   0.082   0.006   0.000   0.000   0.000 849451900
13.62   5.31   51.244
13.62   5.00    0.310    0.177
13.62   5.00    0.487   51.481
13.62   5.00    0.470    0.213   0.487   0.171
13.62   5.00    0.470    0.211   0.487   0.170

13.63   0.00    0.170    0.168   0.032   0.036   0.007   0.006   0.082   0.006   0.000   0.000   0.000 850075600
13.63   5.31   51.236
13.63   5.00    0.310    0.177
13.63   5.00    0.487   51.474
13.63   5.00    0.470    0.213   0.487   0.171
13.63   5.00    0.470    0.211   0.487   0.170

13.64   0.00    0.170    0.168   0.032   0.036   0.007   0.006   0.082   0.006   0.000   0.000   0.000 850699300
13.64   5.31   51.228
13.64   5.00    0.310    0.177
13.64   5.00    0.487   51.466
13.64   5.00    0.470    0.213   0.487   0.171
13.64   5.00    0.470    0.211   0.487   0.169

13.65   0.00    0.170    0.168   0.032   0.036   0.007   0.006   0.082   0.006   0.000   0.000   0.000 851322900
13.65   5.30   51.221
13.65   5.00    0.310    0.177
13.65   5.00    0.487   51.459
13.65   5.00    0.470    0.213   0.487   0.171
13.65   5.00    0.470    0.211   0.487   0.169

13.66   0.00    0.170    0.168   0.032   0.036   0.007   0.006   0.082   0.006   0.000   0.000   0.000 851946600
13.66   5.30   51.213
13.66   5.00    0.309    0.177
13.66   5.00    0.486   51.452
13.66   5.00    0.470    0.213   0.486   0.171
13.66   5.00    0.470    0.211   0.486   0.169

13.67   0.00    0.170    0.168   0.032   0.036   0.007   0.006   0.082   0.006   0.000   0.000   0.000 852570300
13.67   5.30   51.205
13.67   5.00    0.309    0.177
13.67   5.00    0.486   51.445
13.67   5.00    0.470    0.213   0.486   0.171
13.67   5.00    0.470    0.211   0.486   0.169

13.68   0.00    0.170    0.168   0.032   0.036   0.007   0.006   0.082   0.006   0.000   0.000   0.000 853194000
13.68   5.30   51.197
13.68   5.00    0.309    0.177
13.68   5.00    0.486   51.437
13.68   5.00    0.469    0.213   0.486   0.171
13.68   5.00    0.470    0.211   0.486   0.169

13.69   0.00    0.170    0.168   0.032   0.036   0.007   0.006   0.082   0.006   0.000   0.000   0.000 853817600
13.69   5.30   51.189
13.69   5.00    0.309    0.177
13.69   5.00    0.486   51.430
13.69   5.00    0.469    0.213   0.486   0.171
13.69   5.00    0.469    0.211   0.486   0.169

13.70   0.00    0.170    0.168   0.032   0.036   0.007   0.006   0.082   0.006   0.000   0.000   0.000 854441300
13.70   5.29   51.181
13.70   5.00    0.309    0.177
13.70   5.00    0.486   51.423
13.70   5.00    0.469    0.213   0.486   0.171
13.70   5.00    0.469    0.211   0.486   0.169

13.71   0.00    0.170    0.168   0.032   0.036   0.007   0.006   0.082   0.006   0.000   0.000   0.000 855065000
13.71   5.29   51.173
13.71   5.00    0.309    0.177
13.71   5.00    0.486   51.415
13.71   5.00    0.469    0.213   0.486   0.171
13.71   5.00    0.469    0.211   0.486   0.169

13.72   0.00    0.170    0.168   0.032   0.036   0.007   0.006   0.082   0.006   0.000   0.000   0.000 855688700
13.72   5.29   51.166
13.72   5.00    0.309    0.177
13.72   5.00    0.486   51.408
13.72   5.00    0.469    0.213   0.486   0.171
13.72   5.00    0.469    0.211   0.486   0.169

13.73   0.00    0.170    0.168   0.032   0.036   0.007   0.006   0.082   0.006   0.000   0.000   0.000 856312300
13.73   5.29   51.158
13.73   5.00    0.309    0.177
13.73   5.00    0.485   51.401
13.73   5.00    0.469    0.213   0.485   0.171
13.73   5.00    0.469    0.211   0.485   0.169

13.74   0.00    0.170    0.168   0.032   0.036   0.007   0.006   0.082   0.006   0.000   0.000   0.000 856936000
13.74   5.29   51.150
13.74   5.00    0.309    0.177
13.74   5.00    0.485   51.394
13.74   5.00    0.468    0.213   0.485   0.171
13.74   5.00    0.469    0.211   0.485   0.169

13.75   0.00    0.170    0.168   0.032   0.036   0.007   0.006   0.082   0.006   0.000   0.000   0.000 857559700
13.75   5.28   51.142
13.75   5.00    0.308    0.177
13.75   5.00    0.485   51.386
13.75   5.00    0.468    0.213   0.485   0.171
13.75   5.00    0.468    0.211   0.485   0.169

13.76   0.00    0.170    0.168   0.032   0.036   0.007   0.006   0.082   0.006   0.000   0.000   0.000 858183400
13.76   5.28   51.134
13.76   5.00    0.308    0.177
13.76   5.00    0.485   51.379
13.76   5.00    0.468    0.213   0.485   0.171
13.76   5.00    0.468    0.211   0.485   0.169

13.77   0.00    0.170    0.168   0.032   0.036   0.007   0.006   0.082   0.006   0.000   0.000   0.000 858807100
13.77   5.28   51.127
13.77   5.00    0.308    0.177
13.77   5.00    0.485   51.372
13.77   5.00    0.468    0.213   0.485   0.171
13.77   5.00    0.468    0.211   0.485   0.169

13.78   0.00    0.170    0.168   0.032   0.036   0.007   0.006   0.082   0.006   0.000   0.000   0.000 859430700
13.78   5.28   51.119
13.78   5.00    0.308    0.177
13.78   5.00    0.485   51.365
13.78   5.00    0.468    0.213   0.485   0.171
13.78   5.00    0.468    0.211   0.485   0.169

13.79   0.00    0.170    0.168   0.032   0.036   0.007   0.006   0.082   0.006   0.000   0.000   0.000 860054500
13.79   5.28   51.111
13.79   5.00    0.308    0.177
13.79   5.00    0.484   51.358
13.79   5.00    0.468    0.213   0.484   0.171
13.79   5.00    0.468    0.211   0.484   0.169

13.80   0.00    0.170    0.168   0.032   0.036   0.007   0.006   0.082   0.006   0.000   0.000   0.000 860678100
13.80   5.27   51.103
13.80   5.00    0.308    0.176
13.80   5.00    0.484   51.350
13.80   5.00    0.468    0.213   0.484   0.171
13.80   5.00    0.468    0.211   0.484   0.169

13.81   0.00    0.170    0.168   0.032   0.036   0.007   0.006   0.082   0.006   0.000   0.000   0.000 861301800
13.81   5.27   51.095
13.81   5.00    0.308    0.176
13.81   5.00    0.484   51.343
13.81   5.00    0.467    0.212   0.484   0.171
13.81   5.00    0.467    0.211   0.484   0.169

13.82   0.00    0.170    0.168   0.032   0.036   0.007   0.006   0.082   0.006   0.000   0.000   0.000 861925400
13.82   5.27   51.088
13.82   5.00    0.308    0.176
13.82   5.00    0.484   51.336
13.82   5.00    0.467    0.212   0.484   0.171
13.82   5.00    0.467    0.211   0.484   0.169

13.83   0.00    0.170    0.168   0.032   0.036   0.007   0.006   0.082   0.006   0.000   0.000   0.000 862549200
13.83   5.27   51.080
13.83   5.00    0.307    0.176
13.83   5.00    0.484   51.329
13.83   5.00    0.467    0.212   0.484   0.171
13.83   5.00    0.467    0.211   0.484   0.169

13.84   0.00    0.170    0.168   0.032   0.036   0.007   0.006   0.082   0.006   0.000   0.000   0.000 863172900
13.84   5.27   51.072
13.84   5.00    0.307    0.176
13.84   5.00    0.484   51.322
13.84   5.00    0.467    0.212   0.484   0.171
13.84   5.00    0.467    0.211   0.484   0.169

13.85   0.00    0.170    0.168   0.032   0.036   0.007   0.006   0.082   0.006   0.000   0.000   0.000 863796500
13.85   5.27   51.064
13.85   5.00    0.307    0.176
13.85   5.00    0.483   51.314
13.85   5.00    0.467    0.212   0.483   0.171
13.85   5.00    0.467    0.211   0.483   0.169

13.86   0.00    0.170    0.168   0.032   0.036   0.007   0.006   0.082   0.006   0.000   0.000   0.000 864420200
13.86   5.26   51.057
13.86   5.00    0.307    0.176
13.86   5.00    0.483   51.307
13.86   5.00    0.467    0.212   0.483   0.171
13.86   5.00    0.467    0.211   0.483   0.169

13.87   0.00    0.170    0.168   0.032   0.036   0.007   0.006   0.082   0.006   0.000   0.000   0.000 865043900
13.87   5.26   51.049
13.87   5.00    0.307    0.176
13.87   5.00    0.483   51.300
13.87   5.00    0.466    0.212   0.483   0.171
13.87   5.00    0.467    0.211   0.483   0.169

13.88   0.00    0.170    0.168   0.032   0.036   0.007   0.006   0.082   0.006   0.000   0.000   0.000 865667600
13.88   5.26   51.041
13.88   5.00    0.307    0.176
13.88   5.00    0.483   51.293
13.88   5.00    0.466    0.212   0.483   0.171
13.88   5.00    0.466    0.211   0.483   0.169

13.89   0.00    0.170    0.168   0.032   0.036   0.007   0.006   0.082   0.006   0.000   0.000   0.000 866291300
13.89   5.26   51.034
13.89   5.00    0.307    0.176
13.89   5.00    0.483   51.286
13.89   5.00    0.466    0.212   0.483   0.171
13.89   5.00    0.466    0.211   0.483   0.169

13.90   0.00    0.170    0.168   0.032   0.036   0.007   0.006   0.082   0.006   0.000   0.000   0.000 866914900
13.90   5.26   51.026
13.90   5.00    0.307    0.176
13.90   5.00    0.483   51.279
13.90   5.00    0.466    0.212   0.483   0.171
13.90   5.00    0.466    0.211   0.483   0.169

13.91   0.00    0.170    0.168   0.032   0.036   0.007   0.006   0.082   0.006   0.000   0.000   0.000 867538600
13.91   5.25   51.018
13.91   5.00    0.306    0.176
13.91   5.00    0.483   51.272
13.91   5.00    0.466    0.212   0.483   0.171
13.91   5.00    0.466    0.211   0.483   0.169

13.92   0.00    0.170    0.168   0.032   0.036   0.007   0.006   0.082   0.006   0.000   0.000   0.000 868162300
13.92   5.25   51.010
13.92   5.00    0.306    0.176
13.92   5.00    0.482   51.264
13.92   5.00    0.466    0.212   0.482   0.171
13.92   5.00    0.466    0.211   0.482   0.169

13.93   0.00    0.170    0.168   0.032   0.036   0.007   0.006   0.082   0.006   0.000   0.000   0.000 868786000
13.93   5.25   51.003
13.93   5.00    0.306    0.176
13.93   5.00    0.482   51.257
13.93   5.00    0.466    0.212   0.482   0.171
13.93   5.00    0.466    0.211   0.482   0.169

13.94   0.00    0.170    0.168   0.032   0.036   0.007   0.006   0.082   0.006   0.000   0.000   0.000 869409600
13.94   5.25   50.995
13.94   5.00    0.306    0.176
13.94   5.00    0.482   51.250
13.94   5.00    0.465    0.212   0.482   0.171
13.94   5.00    0.466    0.211   0.482   0.169

13.95   0.00    0.170    0.168   0.032   0.036   0.007   0.006   0.082   0.006   0.000   0.000   0.000 870033300
13.95   5.25   50.987
13.95   5.00    0.306    0.176
13.95   5.00    0.482   51.243
13.95   5.00    0.465    0.212   0.482   0.171
13.95   5.00    0.465    0.211   0.482   0.169

13.96   0.00    0.169    0.168   0.032   0.036   0.007   0.006   0.082   0.006   0.000   0.000   0.000 870657000
13.96   5.24   50.980
13.96   5.00    0.306    0.176
13.96   5.00    0.482   51.236
13.96   5.00    0.465    0.212   0.482   0.171
13.96   5.00    0.465    0.211   0.482   0.169

13.97   0.00    0.169    0.168   0.032   0.036   0.007   0.006   0.082   0.006   0.000   0.000   0.000 871280700
13.97   5.24   50.972
13.97   5.00    0.306    0.176
13.97   5.00    0.482   51.229
13.97   5.00    0.465    0.212   0.482   0.171
13.97   5.00    0.465    0.211   0.482   0.169

13.98   0.00    0.169    0.168   0.032   0.036   0.007   0.006   0.082   0.006   0.000   0.000   0.000 871904300
13.98   5.24   50.964
13.98   5.00    0.306    0.176
13.98   5.00    0.481   51.222
13.98   5.00    0.465    0.212   0.481   0.171
13.98   5.00    0.465    0.211   0.481   0.169

13.99   0.00    0.169    0.168   0.032   0.036   0.007   0.006   0.082   0.006   0.000   0.000   0.000 872528000
13.99   5.24   50.957
13.99   5.00    0.305    0.176
13.99   5.00    0.481   51.215
13.99   5.00    0.465    0.212   0.481   0.171
13.99   5.00    0.465    0.211   0.481   0.169

14.00   0.00    0.169    0.168   0.032   0.036   0.006   0.006   0.082   0.006   0.000   0.000   0.000 873151700
14.00   5.24   50.949
14.00   5.00    0.305    0.176
14.00   5.00    0.481   51.208
14.00   5.00    0.464    0.212   0.481   0.171
14.00   5.00    0.465    0.211   0.481   0.169

14.01   0.00    0.169    0.168   0.032   0.036   0.006   0.006   0.082   0.006   0.000   0.000   0.000 873775400
14.01   5.24   50.941
14.01   5.00    0.305    0.176
14.01   5.00    0.481   51.201
14.01   5.00    0.464    0.212   0.481   0.171
14.01   5.00    0.464    0.210   0.481   0.169

14.02   0.00    0.169    0.168   0.032   0.036   0.006   0.006   0.082   0.006   0.000   0.000   0.000 874399100
14.02   5.23   50.934
14.02   5.00    0.305    0.176
14.02   5.00    0.481   51.194
14.02   5.00    0.464    0.212   0.481   0.171
14.02   5.00    0.464    0.210   0.481   0.169

14.03   0.00    0.169    0.168   0.032   0.036   0.006   0.006   0.082   0.006   0.000   0.000   0.000 875022700
14.03   5.23   50.926
14.03   5.00    0.305    0.176
14.03   5.00    0.481   51.187
14.03   5.00    0.464    0.212   0.481   0.171
14.03   5.00    0.464    0.210   0.481   0.169

14.04   0.00    0.169    0.168   0.032   0.036   0.006   0.006   0.082   0.006   0.000   0.000   0.000 875646500
14.04   5.23   50.919
14.04   5.00    0.305    0.176
14.04   5.00    0.481   51.179
14.04   5.00    0.464    0.212   0.481   0.171
14.04   5.00    0.464    0.210   0.481   0.169

14.05   0.00    0.169    0.168   0.032   0.036   0.006   0.006   0.082   0.006   0.000   0.000   0.000 876270100
14.05   5.23   50.911
14.05   5.00    0.305    0.176
14.05   5.00    0.480   51.172
14.05   5.00    0.464    0.212   0.480   0.171
14.05   5.00    0.464    0.210   0.480   0.169

14.06   0.00    0.169    0.168   0.032   0.036   0.006   0.006   0.082   0.006   0.000   0.000   0.000 876893800
14.06   5.23   50.903
14.06   5.00    0.305    0.176
14.06   5.00    0.480   51.165
14.06   5.00    0.464    0.212   0.480   0.171
14.06   5.00    0.464    0.210   0.480   0.169

14.07   0.00    0.169    0.168   0.032   0.036   0.006   0.006   0.082   0.006   0.000   0.000   0.000 877517400
14.07   5.22   50.896
14.07   5.00    0.305    0.176
14.07   5.00    0.480   51.158
14.07   5.00    0.463    0.212   0.480   0.171
14.07   5.00    0.464    0.210   0.480   0.169

14.08   0.00    0.169    0.168   0.032   0.036   0.006   0.006   0.082   0.006   0.000   0.000   0.000 878141200
14.08   5.22   50.888
14.08   5.00    0.304    0.176
14.08   5.00    0.480   51.151
14.08   5.00    0.463    0.212   0.480   0.171
14.08   5.00    0.463    0.210   0.480   0.169

14.09   0.00    0.169    0.168   0.032   0.036   0.006   0.006   0.082   0.006   0.000   0.000   0.000 878764900
14.09   5.22   50.881
14.09   5.00    0.304    0.176
14.09   5.00    0.480   51.144
14.09   5.00    0.463    0.212   0.480   0.171
14.09   5.00    0.463    0.210   0.480   0.169

14.10   0.00    0.169    0.168   0.032   0.036   0.006   0.006   0.082   0.006   0.000   0.000   0.000 879388500
14.10   5.22   50.873
14.10   5.00    0.304    0.175
14.10   5.00    0.480   51.137
14.10   5.00    0.463    0.212   0.480   0.171
14.10   5.00    0.463    0.210   0.480   0.169

14.11   0.00    0.169    0.168   0.032   0.036   0.006   0.006   0.082   0.006   0.000   0.000   0.000 880012200
14.11   5.22   50.865
14.11   5.00    0.304    0.175
14.11   5.00    0.480   51.130
14.11   5.00    0.463    0.212   0.480   0.171
14.11   5.00    0.463    0.210   0.480   0.169

14.12   0.00    0.169    0.168   0.032   0.036   0.006   0.006   0.082   0.006   0.000   0.000   0.000 880635800
14.12   5.22   50.858
14.12   5.00    0.304    0.175
14.12   5.00    0.479   51.123
14.12   5.00    0.463    0.212   0.479   0.171
14.12   5.00    0.463    0.210   0.479   0.169

14.13   0.00    0.169    0.168   0.032   0.036   0.006   0.006   0.082   0.006   0.000   0.000   0.000 881259600
14.13   5.21   50.850
14.13   5.00    0.304    0.175
14.13   5.00    0.479   51.116
14.13   5.00    0.463    0.212   0.479   0.171
14.13   5.00    0.463    0.210   0.479   0.169

14.14   0.00    0.169    0.168   0.032   0.036   0.006   0.006   0.082   0.006   0.000   0.000   0.000 881883300
14.14   5.21   50.843
14.14   5.00    0.304    0.175
14.14   5.00    0.479   51.109
14.14   5.00    0.462    0.212   0.479   0.171
14.14   5.00    0.463    0.210   0.479   0.169

14.15   0.00    0.169    0.168   0.032   0.036   0.006   0.006   0.082   0.006   0.000   0.000   0.000 882506900
14.15   5.21   50.835
14.15   5.00    0.304    0.175
14.15   5.00    0.479   51.102
14.15   5.00    0.462    0.212   0.479   0.171
14.15   5.00    0.462    0.210   0.479   0.169

14.16   0.00    0.169    0.168   0.032   0.036   0.006   0.006   0.082   0.006   0.000   0.000   0.000 883130600
14.16   5.21   50.828
14.16   5.00    0.304    0.175
14.16   5.00    0.479   51.095
14.16   5.00    0.462    0.212   0.479   0.171
14.16   5.00    0.462    0.210   0.479   0.169

14.17   0.00    0.169    0.168   0.032   0.036   0.006   0.006   0.082   0.006   0.000   0.000   0.000 883754300
14.17   5.21   50.820
14.17   5.00    0.303    0.175
14.17   5.00    0.479   51.089
14.17   5.00    0.462    0.212   0.479   0.171
14.17   5.00    0.462    0.210   0.479   0.169

14.18   0.00    0.169    0.168   0.032   0.036   0.006   0.006   0.082   0.006   0.000   0.000   0.000 884378000
14.18   5.20   50.813
14.18   5.00    0.303    0.175
14.18   5.00    0.479   51.082
14.18   5.00    0.462    0.212   0.479   0.171
14.18   5.00    0.462    0.210   0.479   0.169

14.19   0.00    0.169    0.168   0.032   0.036   0.006   0.006   0.082   0.006   0.000   0.000   0.000 885001600
14.19   5.20   50.805
14.19   5.00    0.303    0.175
14.19   5.00    0.478   51.075
14.19   5.00    0.462    0.212   0.478   0.171
14.19   5.00    0.462    0.210   0.478   0.169

14.20   0.00    0.169    0.168   0.032   0.036   0.006   0.006   0.082   0.006   0.000   0.000   0.000 885625300
14.20   5.20   50.798
14.20   5.00    0.303    0.175
14.20   5.00    0.478   51.068
14.20   5.00    0.462    0.212   0.478   0.171
14.20   5.00    0.462    0.210   0.478   0.169

14.21   0.00    0.169    0.168   0.032   0.036   0.006   0.006   0.082   0.006   0.000   0.000   0.000 886249000
14.21   5.20   50.790
14.21   5.00    0.303    0.175
14.21   5.00    0.478   51.061
14.21   5.00    0.461    0.212   0.478   0.171
14.21   5.00    0.462    0.210   0.478   0.169

14.22   0.00    0.169    0.168   0.032   0.036   0.006   0.006   0.082   0.006   0.000   0.000   0.000 886872700
14.22   5.20   50.783
14.22   5.00    0.303    0.175
14.22   5.00    0.478   51.054
14.22   5.00    0.461    0.212   0.478   0.171
14.22   5.00    0.461    0.210   0.478   0.169

14.23   0.00    0.169    0.168   0.032   0.036   0.006   0.006   0.082   0.006   0.000   0.000   0.000 887496300
14.23   5.20   50.775
14.23   5.00    0.303    0.175
14.23   5.00    0.478   51.047
14.23   5.00    0.461    0.212   0.478   0.171
14.23   5.00    0.461    0.210   0.478   0.169

14.24   0.00    0.169    0.168   0.032   0.036   0.006   0.006   0.082   0.006   0.000   0.000   0.000 888120000
14.24   5.19   50.768
14.24   5.00    0.303    0.175
14.24   5.00    0.478   51.040
14.24   5.00    0.461    0.212   0.478   0.171
14.24   5.00    0.461    0.210   0.478   0.169

14.25   0.00    0.169    0.168   0.032   0.036   0.006   0.006   0.082   0.006   0.000   0.000   0.000 888743700
14.25   5.19   50.760
14.25   5.00    0.302    0.175
14.25   5.00    0.477   51.033
14.25   5.00    0.461    0.211   0.477   0.171
14.25   5.00    0.461    0.210   0.477   0.169

14.26   0.00    0.169    0.168   0.032   0.036   0.006   0.006   0.082   0.006   0.000   0.000   0.000 889367400
14.26   5.19   50.753
14.26   5.00    0.302    0.175
14.26   5.00    0.477   51.026
14.26   5.00    0.461    0.211   0.477   0.171
14.26   5.00    0.461    0.210   0.477   0.169

14.27   0.00    0.169    0.168   0.032   0.036   0.006   0.006   0.082   0.006   0.000   0.000   0.000 889991100
14.27   5.19   50.745
14.27   5.00    0.302    0.175
14.27   5.00    0.477   51.019
14.27   5.00    0.461    0.211   0.477   0.171
14.27   5.00    0.461    0.210   0.477   0.169

14.28   0.00    0.169    0.168   0.032   0.036   0.006   0.006   0.082   0.006   0.000   0.000   0.000 890614700
14.28   5.19   50.738
14.28   5.00    0.302    0.175
14.28   5.00    0.477   51.012
14.28   5.00    0.460    0.211   0.477   0.170
14.28   5.00    0.461    0.210   0.477   0.169

14.29   0.00    0.169    0.168   0.032   0.036   0.006   0.006   0.082   0.006   0.000   0.000   0.000 891238400
14.29   5.18   50.730
14.29   5.00    0.302    0.175
14.29   5.00    0.477   51.006
14.29   5.00    0.460    0.211   0.477   0.170
14.29   5.00    0.460    0.210   0.477   0.169

14.30   0.00    0.169    0.168   0.032   0.036   0.006   0.006   0.082   0.006   0.000   0.000   0.000 891862100
14.30   5.18   50.723
14.30   5.00    0.302    0.175
14.30   5.00    0.477   50.999
14.30   5.00    0.460    0.211   0.477   0.170
14.30   5.00    0.460    0.210   0.477   0.169

14.31   0.00    0.169    0.168   0.032   0.036   0.006   0.006   0.082   0.006   0.000   0.000   0.000 892485800
14.31   5.18   50.715
14.31   5.00    0.302    0.175
14.31   5.00    0.477   50.992
14.31   5.00    0.460    0.211   0.477   0.170
14.31   5.00    0.460    0.210   0.477   0.169

14.32   0.00    0.169    0.168   0.032   0.036   0.006   0.006   0.082   0.006   0.000   0.000   0.000 893109400
14.32   5.18   50.708
14.32   5.00    0.302    0.175
14.32   5.00    0.476   50.985
14.32   5.00    0.460    0.211   0.476   0.170
14.32   5.00    0.460    0.210   0.476   0.169

14.33   0.00    0.169    0.168   0.032   0.036   0.006   0.006   0.082   0.006   0.000   0.000   0.000 893733100
14.33   5.18   50.700
14.33   5.00    0.302    0.175
14.33   5.00    0.476   50.978
14.33   5.00    0.460    0.211   0.476   0.170
14.33   5.00    0.460    0.210   0.476   0.169

14.34   0.00    0.169    0.168   0.032   0.036   0.006   0.006   0.082   0.006   0.000   0.000   0.000 894356900
14.34   5.18   50.693
14.34   5.00    0.301    0.175
14.34   5.00    0.476   50.971
14.34   5.00    0.460    0.211   0.476   0.170
14.34   5.00    0.460    0.210   0.476   0.169

14.35   0.00    0.169    0.168   0.032   0.036   0.006   0.006   0.082   0.006   0.000   0.000   0.000 894980500
14.35   5.17   50.686
14.35   5.00    0.301    0.175
14.35   5.00    0.476   50.964
14.35   5.00    0.459    0.211   0.476   0.170
14.35   5.00    0.460    0.210   0.476   0.169

14.36   0.00    0.169    0.168   0.032   0.036   0.006   0.006   0.082   0.006   0.000   0.000   0.000 895604200
14.36   5.17   50.678
14.36   5.00    0.301    0.175
14.36   5.00    0.476   50.958
14.36   5.00    0.459    0.211   0.476   0.170
14.36   5.00    0.459    0.210   0.476   0.169

14.37   0.00    0.169    0.168   0.032   0.036   0.006   0.006   0.082   0.006   0.000   0.000   0.000 896227800
14.37   5.17   50.671
14.37   5.00    0.301    0.175
14.37   5.00    0.476   50.951
14.37   5.00    0.459    0.211   0.476   0.170
14.37   5.00    0.459    0.210   0.476   0.169

14.38   0.00    0.169    0.168   0.032   0.036   0.006   0.006   0.082   0.006   0.000   0.000   0.000 896851600
14.38   5.17   50.663
14.38   5.00    0.301    0.175
14.38   5.00    0.476   50.944
14.38   5.00    0.459    0.211   0.476   0.170
14.38   5.00    0.459    0.210   0.476   0.169

14.39   0.00    0.169    0.168   0.032   0.036   0.006   0.006   0.082   0.006   0.000   0.000   0.000 897475300
14.39   5.17   50.656
14.39   5.00    0.301    0.175
14.39   5.00    0.475   50.937
14.39   5.00    0.459    0.211   0.475   0.170
14.39   5.00    0.459    0.210   0.475   0.169

14.40   0.00    0.169    0.168   0.032   0.036   0.006   0.006   0.082   0.006   0.000   0.000   0.000 898098900
14.40   5.17   50.649
14.40   5.00    0.301    0.175
14.40   5.00    0.475   50.930
14.40   5.00    0.459    0.211   0.475   0.170
14.40   5.00    0.459    0.210   0.475   0.169

14.41   0.00    0.169    0.168   0.032   0.036   0.006   0.006   0.082   0.006   0.000   0.000   0.000 898722600
14.41   5.16   50.641
14.41   5.00    0.301    0.175
14.41   5.00    0.475   50.924
14.41   5.00    0.459    0.211   0.475   0.170
14.41   5.00    0.459    0.210   0.475   0.169

14.42   0.00    0.169    0.168   0.032   0.036   0.006   0.006   0.082   0.006   0.000   0.000   0.000 899346300
14.42   5.16   50.634
14.42   5.00    0.301    0.174
14.42   5.00    0.475   50.917
14.42   5.00    0.458    0.211   0.475   0.170
14.42   5.00    0.459    0.210   0.475   0.169

14.43   0.00    0.169    0.168   0.032   0.036   0.006   0.006   0.082   0.006   0.000   0.000   0.000 899970000
14.43   5.16   50.626
14.43   5.00    0.300    0.174
14.43   5.00    0.475   50.910
14.43   5.00    0.458    0.211   0.475   0.170
14.43   5.00    0.458    0.210   0.475   0.169

14.44   0.00    0.169    0.168   0.032   0.036   0.006   0.006   0.082   0.006   0.000   0.000   0.000 900593600
14.44   5.16   50.619
14.44   5.00    0.300    0.174
14.44   5.00    0.475   50.903
14.44   5.00    0.458    0.211   0.475   0.170
14.44   5.00    0.458    0.210   0.475   0.169

14.45   0.00    0.169    0.168   0.032   0.036   0.006   0.006   0.082   0.006   0.000   0.000   0.000 901217300
14.45   5.16   50.612
14.45   5.00    0.300    0.174
14.45   5.00    0.475   50.896
14.45   5.00    0.458    0.211   0.475   0.170
14.45   5.00    0.458    0.210   0.475   0.169

14.46   0.00    0.169    0.168   0.032   0.036   0.006   0.006   0.082   0.006   0.000   0.000   0.000 901841000
14.46   5.15   50.604
14.46   5.00    0.300    0.174
14.46   5.00    0.474   50.890
14.46   5.00    0.458    0.211   0.474   0.170
14.46   5.00    0.458    0.210   0.474   0.169

14.47   0.00    0.169    0.168   0.032   0.036   0.006   0.006   0.082   0.006   0.000   0.000   0.000 902464700
14.47   5.15   50.597
14.47   5.00    0.300    0.174
14.47   5.00    0.474   50.883
14.47   5.00    0.458    0.211   0.474   0.170
14.47   5.00    0.458    0.210   0.474   0.169

14.48   0.00    0.169    0.168   0.032   0.036   0.006   0.006   0.082   0.006   0.000   0.000   0.000 903088300
14.48   5.15   50.590
14.48   5.00    0.300    0.174
14.48   5.00    0.474   50.876
14.48   5.00    0.458    0.211   0.474   0.170
14.48   5.00    0.458    0.210   0.474   0.169

14.49   0.00    0.169    0.168   0.032   0.036   0.006   0.006   0.082   0.006   0.000   0.000   0.000 903712000
14.49   5.15   50.582
14.49   5.00    0.300    0.174
14.49   5.00    0.474   50.869
14.49   5.00    0.457    0.211   0.474   0.170
14.49   5.00    0.458    0.210   0.474   0.169

14.50   0.00    0.169    0.168   0.032   0.036   0.006   0.006   0.082   0.006   0.000   0.000   0.000 904335700
14.50   5.15   50.575
14.50   5.00    0.300    0.174
14.50   5.00    0.474   50.863
14.50   5.00    0.457    0.211   0.474   0.170
14.50   5.00    0.457    0.210   0.474   0.169

14.51   0.00    0.169    0.168   0.032   0.036   0.006   0.006   0.082   0.006   0.000   0.000   0.000 904959400
14.51   5.15   50.568
14.51   5.00    0.300    0.174
14.51   5.00    0.474   50.856
14.51   5.00    0.457    0.211   0.474   0.170
14.51   5.00    0.457    0.210   0.474   0.169

14.52   0.00    0.169    0.168   0.032   0.036   0.006   0.006   0.082   0.006   0.000   0.000   0.000 905583100
14.52   5.14   50.560
14.52   5.00    0.299    0.174
14.52   5.00    0.474   50.849
14.52   5.00    0.457    0.211   0.474   0.170
14.52   5.00    0.457    0.209   0.474   0.169

14.53   0.00    0.169    0.168   0.032   0.036   0.006   0.006   0.082   0.006   0.000   0.000   0.000 906206700
14.53   5.14   50.553
14.53   5.00    0.299    0.174
14.53   5.00    0.474   50.842
14.53   5.00    0.457    0.211   0.474   0.170
14.53   5.00    0.457    0.209   0.474   0.169

14.54   0.00    0.169    0.168   0.032   0.036   0.006   0.006   0.082   0.006   0.000   0.000   0.000 906830400
14.54   5.14   50.546
14.54   5.00    0.299    0.174
14.54   5.00    0.473   50.836
14.54   5.00    0.457    0.211   0.473   0.170
14.54   5.00    0.457    0.209   0.473   0.169

14.55   0.00    0.169    0.168   0.032   0.036   0.006   0.006   0.082   0.006   0.000   0.000   0.000 907454100
14.55   5.14   50.538
14.55   5.00    0.299    0.174
14.55   5.00    0.473   50.829
14.55   5.00    0.457    0.211   0.473   0.170
14.55   5.00    0.457    0.209   0.473   0.169

14.56   0.00    0.169    0.168   0.032   0.036   0.006   0.006   0.082   0.006   0.000   0.000   0.000 908077800
14.56   5.14   50.531
14.56   5.00    0.299    0.174
14.56   5.00    0.473   50.822
14.56   5.00    0.456    0.211   0.473   0.170
14.56   5.00    0.457    0.209   0.473   0.169

14.57   0.00    0.169    0.168   0.032   0.036   0.006   0.006   0.082   0.006   0.000   0.000   0.000 908701400
14.57   5.14   50.524
14.57   5.00    0.299    0.174
14.57   5.00    0.473   50.816
14.57   5.00    0.456    0.211   0.473   0.170
14.57   5.00    0.456    0.209   0.473   0.169

14.58   0.00    0.169    0.168   0.032   0.036   0.006   0.006   0.082   0.006   0.000   0.000   0.000 909325100
14.58   5.13   50.517
14.58   5.00    0.299    0.174
14.58   5.00    0.473   50.809
14.58   5.00    0.456    0.211   0.473   0.170
14.58   5.00    0.456    0.209   0.473   0.169

14.59   0.00    0.169    0.168   0.032   0.036   0.006   0.006   0.082   0.006   0.000   0.000   0.000 909948900
14.59   5.13   50.509
14.59   5.00    0.299    0.174
14.59   5.00    0.473   50.802
14.59   5.00    0.456    0.211   0.473   0.170
14.59   5.00    0.456    0.209   0.473   0.169

14.60   0.00    0.169    0.168   0.032   0.036   0.006   0.006   0.082   0.006   0.000   0.000   0.000 910572500
14.60   5.13   50.502
14.60   5.00    0.299    0.174
14.60   5.00    0.473   50.795
14.60   5.00    0.456    0.211   0.473   0.170
14.60   5.00    0.456    0.209   0.473   0.169

14.61   0.00    0.169    0.168   0.032   0.036   0.006   0.006   0.082   0.006   0.000   0.000   0.000 911196200
14.61   5.13   50.495
14.61   5.00    0.298    0.174
14.61   5.00    0.472   50.789
14.61   5.00    0.456    0.211   0.472   0.170
14.61   5.00    0.456    0.209   0.472   0.169

14.62   0.00    0.169    0.168   0.032   0.036   0.006   0.006   0.082   0.006   0.000   0.000   0.000 911819800
14.62   5.13   50.487
14.62   5.00    0.298    0.174
14.62   5.00    0.472   50.782
14.62   5.00    0.456    0.211   0.472   0.170
14.62   5.00    0.456    0.209   0.472   0.169

14.63   0.00    0.169    0.167   0.032   0.036   0.006   0.006   0.082   0.006   0.000   0.000   0.000 912443600
14.63   5.13   50.480
14.63   5.00    0.298    0.174
14.63   5.00    0.472   50.775
14.63   5.00    0.456    0.211   0.472   0.170
14.63   5.00    0.456    0.209   0.472   0.169

14.64   0.00    0.169    0.167   0.032   0.036   0.006   0.006   0.082   0.006   0.000   0.000   0.000 913067300
14.64   5.12   50.473
14.64   5.00    0.298    0.174
14.64   5.00    0.472   50.769
14.64   5.00    0.455    0.211   0.472   0.170
14.64   5.00    0.455    0.209   0.472   0.169

14.65   0.00    0.169    0.167   0.032   0.036   0.006   0.006   0.082   0.006   0.000   0.000   0.000 913690900
14.65   5.12   50.466
14.65   5.00    0.298    0.174
14.65   5.00    0.472   50.762
14.65   5.00    0.455    0.211   0.472   0.170
14.65   5.00    0.455    0.209   0.472   0.169

14.66   0.00    0.169    0.167   0.032   0.036   0.006   0.006   0.082   0.006   0.000   0.000   0.000 914314600
14.66   5.12   50.459
14.66   5.00    0.298    0.174
14.66   5.00    0.472   50.756
14.66   5.00    0.455    0.211   0.472   0.170
14.66   5.00    0.455    0.209   0.472   0.169

14.67   0.00    0.169    0.167   0.032   0.036   0.006   0.006   0.082   0.006   0.000   0.000   0.000 914938200
14.67   5.12   50.451
14.67   5.00    0.298    0.174
14.67   5.00    0.472   50.749
14.67   5.00    0.455    0.211   0.472   0.170
14.67   5.00    0.455    0.209   0.472   0.169

14.68   0.00    0.169    0.167   0.032   0.036   0.006   0.006   0.082   0.006   0.000   0.000   0.000 915562000
14.68   5.12   50.444
14.68   5.00    0.298    0.174
14.68   5.00    0.471   50.742
14.68   5.00    0.455    0.211   0.471   0.170
14.68   5.00    0.455    0.209   0.471   0.169

14.69   0.00    0.169    0.167   0.032   0.036   0.006   0.006   0.082   0.006   0.000   0.000   0.000 916185600
14.69   5.12   50.437
14.69   5.00    0.298    0.174
14.69   5.00    0.471   50.736
14.69   5.00    0.455    0.211   0.471   0.170
14.69   5.00    0.455    0.209   0.471   0.169

14.70   0.00    0.169    0.167   0.032   0.036   0.006   0.006   0.082   0.006   0.000   0.000   0.000 916809300
14.70   5.11   50.430
14.70   5.00    0.298    0.174
14.70   5.00    0.471   50.729
14.70   5.00    0.455    0.211   0.471   0.170
14.70   5.00    0.455    0.209   0.471   0.169

14.71   0.00    0.169    0.167   0.032   0.036   0.006   0.006   0.082   0.006   0.000   0.000   0.000 917433000
14.71   5.11   50.422
14.71   5.00    0.297    0.174
14.71   5.00    0.471   50.722
14.71   5.00    0.454    0.211   0.471   0.170
14.71   5.00    0.455    0.209   0.471   0.169

14.72   0.00    0.169    0.167   0.032   0.036   0.006   0.006   0.082   0.006   0.000   0.000   0.000 918056700
14.72   5.11   50.415
14.72   5.00    0.297    0.174
14.72   5.00    0.471   50.716
14.72   5.00    0.454    0.211   0.471   0.170
14.72   5.00    0.454    0.209   0.471   0.169

14.73   0.00    0.169    0.167   0.032   0.036   0.006   0.006   0.082   0.006   0.000   0.000   0.000 918680300
14.73   5.11   50.408
14.73   5.00    0.297    0.174
14.73   5.00    0.471   50.709
14.73   5.00    0.454    0.210   0.471   0.170
14.73   5.00    0.454    0.209   0.471   0.169

14.74   0.00    0.169    0.167   0.032   0.036   0.006   0.006   0.082   0.006   0.000   0.000   0.000 919304000
14.74   5.11   50.401
14.74   5.00    0.297    0.174
14.74   5.00    0.471   50.703
14.74   5.00    0.454    0.210   0.471   0.170
14.74   5.00    0.454    0.209   0.471   0.169

14.75   0.00    0.169    0.167   0.032   0.036   0.006   0.006   0.082   0.006   0.000   0.000   0.000 919927700
14.75   5.11   50.394
14.75   5.00    0.297    0.174
14.75   5.00    0.471   50.696
14.75   5.00    0.454    0.210   0.471   0.170
14.75   5.00    0.454    0.209   0.471   0.169

14.76   0.00    0.169    0.167   0.032   0.036   0.006   0.006   0.082   0.006   0.000   0.000   0.000 920551400
14.76   5.10   50.387
14.76   5.00    0.297    0.174
14.76   5.00    0.470   50.689
14.76   5.00    0.454    0.210   0.470   0.170
14.76   5.00    0.454    0.209   0.470   0.169

14.77   0.00    0.169    0.167   0.032   0.036   0.006   0.006   0.082   0.006   0.000   0.000   0.000 921175100
14.77   5.10   50.379
14.77   5.00    0.297    0.173
14.77   5.00    0.470   50.683
14.77   5.00    0.454    0.210   0.470   0.170
14.77   5.00    0.454    0.209   0.470   0.169

14.78   0.00    0.169    0.167   0.032   0.036   0.006   0.006   0.082   0.006   0.000   0.000   0.000 921798700
14.78   5.10   50.372
14.78   5.00    0.297    0.173
14.78   5.00    0.470   50.676
14.78   5.00    0.453    0.210   0.470   0.170
14.78   5.00    0.454    0.209   0.470   0.169

14.79   0.00    0.169    0.167   0.032   0.036   0.006   0.006   0.082   0.006   0.000   0.000   0.000 922422400
14.79   5.10   50.365
14.79   5.00    0.297    0.173
14.79   5.00    0.470   50.670
14.79   5.00    0.453    0.210   0.470   0.170
14.79   5.00    0.453    0.209   0.470   0.169

14.80   0.00    0.169    0.167   0.032   0.036   0.006   0.006   0.082   0.006   0.000   0.000   0.000 923046100
14.80   5.10   50.358
14.80   5.00    0.296    0.173
14.80   5.00    0.470   50.663
14.80   5.00    0.453    0.210   0.470   0.170
14.80   5.00    0.453    0.209   0.470   0.169

14.81   0.00    0.169    0.167   0.032   0.036   0.006   0.006   0.082   0.006   0.000   0.000   0.000 923669800
14.81   5.10   50.351
14.81   5.00    0.296    0.173
14.81   5.00    0.470   50.657
14.81   5.00    0.453    0.210   0.470   0.170
14.81   5.00    0.453    0.209   0.470   0.169

14.82   0.00    0.169    0.167   0.032   0.036   0.006   0.006   0.082   0.006   0.000   0.000   0.000 924293400
14.82   5.09   50.344
14.82   5.00    0.296    0.173
14.82   5.00    0.470   50.650
14.82   5.00    0.453    0.210   0.470   0.170
14.82   5.00    0.453    0.209   0.470   0.169

14.83   0.00    0.169    0.167   0.032   0.036   0.006   0.006   0.082   0.006   0.000   0.000   0.000 924917100
14.83   5.09   50.337
14.83   5.00    0.296    0.173
14.83   5.00    0.469   50.643
14.83   5.00    0.453    0.210   0.469   0.170
14.83   5.00    0.453    0.209   0.469   0.169

14.84   0.00    0.169    0.167   0.032   0.036   0.006   0.006   0.082   0.006   0.000   0.000   0.000 925540800
14.84   5.09   50.329
14.84   5.00    0.296    0.173
14.84   5.00    0.469   50.637
14.84   5.00    0.453    0.210   0.469   0.170
14.84   5.00    0.453    0.209   0.469   0.169

14.85   0.00    0.169    0.167   0.032   0.036   0.006   0.006   0.082   0.006   0.000   0.000   0.000 926164500
14.85   5.09   50.322
14.85   5.00    0.296    0.173
14.85   5.00    0.469   50.630
14.85   5.00    0.453    0.210   0.469   0.170
14.85   5.00    0.453    0.209   0.469   0.169

14.86   0.00    0.169    0.167   0.032   0.036   0.006   0.006   0.082   0.006   0.000   0.000   0.000 926788200
14.86   5.09   50.315
14.86   5.00    0.296    0.173
14.86   5.00    0.469   50.624
14.86   5.00    0.452    0.210   0.469   0.170
14.86   5.00    0.453    0.209   0.469   0.169

14.87   0.00    0.169    0.167   0.032   0.036   0.006   0.006   0.082   0.006   0.000   0.000   0.000 927411800
14.87   5.09   50.308
14.87   5.00    0.296    0.173
14.87   5.00    0.469   50.617
14.87   5.00    0.452    0.210   0.469   0.170
14.87   5.00    0.452    0.209   0.469   0.169

14.88   0.00    0.169    0.167   0.032   0.036   0.006   0.006   0.082   0.006   0.000   0.000   0.000 928035500
14.88   5.08   50.301
14.88   5.00    0.296    0.173
14.88   5.00    0.469   50.611
14.88   5.00    0.452    0.210   0.469   0.170
14.88   5.00    0.452    0.209   0.469   0.169

14.89   0.00    0.169    0.167   0.032   0.036   0.006   0.006   0.082   0.006   0.000   0.000   0.000 928659300
14.89   5.08   50.294
14.89   5.00    0.295    0.173
14.89   5.00    0.469   50.604
14.89   5.00    0.452    0.210   0.469   0.170
14.89   5.00    0.452    0.209   0.469   0.169

14.90   0.00    0.169    0.167   0.032   0.036   0.006   0.006   0.082   0.006   0.000   0.000   0.000 929282900
14.90   5.08   50.287
14.90   5.00    0.295    0.173
14.90   5.00    0.469   50.598
14.90   5.00    0.452    0.210   0.469   0.170
14.90   5.00    0.452    0.209   0.469   0.169

14.91   0.00    0.169    0.167   0.032   0.036   0.006   0.006   0.082   0.006   0.000   0.000   0.000 929906600
14.91   5.08   50.280
14.91   5.00    0.295    0.173
14.91   5.00    0.468   50.591
14.91   5.00    0.452    0.210   0.468   0.170
14.91   5.00    0.452    0.209   0.468   0.169

14.92   0.00    0.169    0.167   0.032   0.036   0.006   0.006   0.082   0.006   0.000   0.000   0.000 930530200
14.92   5.08   50.273
14.92   5.00    0.295    0.173
14.92   5.00    0.468   50.585
14.92   5.00    0.452    0.210   0.468   0.170
14.92   5.00    0.452    0.209   0.468   0.169

14.93   0.00    0.169    0.167   0.032   0.036   0.006   0.006   0.082   0.006   0.000   0.000   0.000 931154000
14.93   5.08   50.266
14.93   5.00    0.295    0.173
14.93   5.00    0.468   50.578
14.93   5.00    0.452    0.210   0.468   0.170
14.93   5.00    0.452    0.209   0.468   0.169

14.94   0.00    0.169    0.167   0.032   0.036   0.006   0.006   0.082   0.006   0.000   0.000   0.000 931777600
14.94   5.07   50.258
14.94   5.00    0.295    0.173
14.94   5.00    0.468   50.572
14.94   5.00    0.451    0.210   0.468   0.170
14.94   5.00    0.452    0.209   0.468   0.169

14.95   0.00    0.169    0.167   0.032   0.036   0.006   0.006   0.082   0.006   0.000   0.000   0.000 932401300
14.95   5.07   50.251
14.95   5.00    0.295    0.173
14.95   5.00    0.468   50.565
14.95   5.00    0.451    0.210   0.468   0.170
14.95   5.00    0.451    0.209   0.468   0.169

14.96   0.00    0.169    0.167   0.032   0.036   0.006   0.006   0.082   0.006   0.000   0.000   0.000 933025000
14.96   5.07   50.244
14.96   5.00    0.295    0.173
14.96   5.00    0.468   50.559
14.96   5.00    0.451    0.210   0.468   0.170
14.96   5.00    0.451    0.209   0.468   0.169

14.97   0.00    0.169    0.167   0.032   0.036   0.006   0.006   0.082   0.006   0.000   0.000   0.000 933648700
14.97   5.07   50.237
14.97   5.00    0.295    0.173
14.97   5.00    0.468   50.553
14.97   5.00    0.451    0.210   0.468   0.170
14.97   5.00    0.451    0.209   0.468   0.169

14.98   0.00    0.169    0.167   0.032   0.036   0.006   0.006   0.082   0.006   0.000   0.000   0.000 934272300
14.98   5.07   50.230
14.98   5.00    0.295    0.173
14.98   5.00    0.467   50.546
14.98   5.00    0.451    0.210   0.467   0.170
14.98   5.00    0.451    0.209   0.467   0.169

14.99   0.00    0.169    0.167   0.032   0.036   0.006   0.006   0.082   0.006   0.000   0.000   0.000 934896000
14.99   5.07   50.223
14.99   5.00    0.294    0.173
14.99   5.00    0.467   50.540
14.99   5.00    0.451    0.210   0.467   0.170
14.99   5.00    0.451    0.209   0.467   0.169

15.00   0.00    0.169    0.167   0.032   0.036   0.006   0.006   0.082   0.006   0.000   0.000   0.000 935519700
15.00   5.07   50.216
15.00   5.00    0.294    0.173
15.00   5.00    0.467   50.533
15.00   5.00    0.451    0.210   0.467   0.170
15.00   5.00    0.451    0.209   0.467   0.169

15.01   0.00    0.169    0.167   0.032   0.036   0.006   0.006   0.082   0.006   0.000   0.000   0.000 936143400
15.01   5.06   50.209
15.01   5.00    0.294    0.173
15.01   5.00    0.467   50.527
15.01   5.00    0.450    0.210   0.467   0.170
15.01   5.00    0.451    0.209   0.467   0.169

15.02   0.00    0.169    0.167   0.032   0.036   0.006   0.006   0.082   0.006   0.000   0.000   0.000 936767100
15.02   5.06   50.202
15.02   5.00    0.294    0.173
15.02   5.00    0.467   50.520
15.02   5.00    0.450    0.210   0.467   0.170
15.02   5.00    0.450    0.209   0.467   0.169

15.03   0.00    0.169    0.167   0.032   0.036   0.006   0.006   0.082   0.006   0.000   0.000   0.000 937390700
15.03   5.06   50.195
15.03   5.00    0.294    0.173
15.03   5.00    0.467   50.514
15.03   5.00    0.450    0.210   0.467   0.170
15.03   5.00    0.450    0.209   0.467   0.169

15.04   0.00    0.169    0.167   0.032   0.036   0.006   0.006   0.082   0.006   0.000   0.000   0.000 938014400
15.04   5.06   50.188
15.04   5.00    0.294    0.173
15.04   5.00    0.467   50.507
15.04   5.00    0.450    0.210   0.467   0.170
15.04   5.00    0.450    0.209   0.467   0.169

15.05   0.00    0.169    0.167   0.032   0.036   0.006   0.006   0.082   0.006   0.000   0.000   0.000 938638100
15.05   5.06   50.181
15.05   5.00    0.294    0.173
15.05   5.00    0.467   50.501
15.05   5.00    0.450    0.210   0.467   0.170
15.05   5.00    0.450    0.209   0.467   0.169

15.06   0.00    0.169    0.167   0.032   0.036   0.006   0.006   0.082   0.006   0.000   0.000   0.000 939261800
15.06   5.06   50.174
15.06   5.00    0.294    0.173
15.06   5.00    0.466   50.495
15.06   5.00    0.450    0.210   0.466   0.170
15.06   5.00    0.450    0.209   0.466   0.169

15.07   0.00    0.169    0.167   0.032   0.036   0.006   0.006   0.082   0.006   0.000   0.000   0.000 939885400
15.07   5.05   50.167
15.07   5.00    0.294    0.173
15.07   5.00    0.466   50.488
15.07   5.00    0.450    0.210   0.466   0.170
15.07   5.00    0.450    0.209   0.466   0.169

15.08   0.00    0.169    0.167   0.032   0.036   0.006   0.006   0.082   0.006   0.000   0.000   0.000 940509100
15.08   5.05   50.160
15.08   5.00    0.294    0.173
15.08   5.00    0.466   50.482
15.08   5.00    0.450    0.210   0.466   0.170
15.08   5.00    0.450    0.208   0.466   0.168

15.09   0.00    0.169    0.167   0.032   0.036   0.006   0.006   0.082   0.006   0.000   0.000   0.000 941132800
15.09   5.05   50.153
15.09   5.00    0.293    0.173
15.09   5.00    0.466   50.475
15.09   5.00    0.449    0.210   0.466   0.170
15.09   5.00    0.450    0.208   0.466   0.168

15.10   0.00    0.169    0.167   0.032   0.036   0.006   0.006   0.082   0.006   0.000   0.000   0.000 941756500
15.10   5.05   50.146
15.10   5.00    0.293    0.173
15.10   5.00    0.466   50.469
15.10   5.00    0.449    0.210   0.466   0.170
15.10   5.00    0.449    0.208   0.466   0.168

15.11   0.00    0.169    0.167   0.032   0.036   0.006   0.006   0.082   0.006   0.000   0.000   0.000 942380200
15.11   5.05   50.139
15.11   5.00    0.293    0.173
15.11   5.00    0.466   50.463
15.11   5.00    0.449    0.210   0.466   0.170
15.11   5.00    0.449    0.208   0.466   0.168

15.12   0.00    0.169    0.167   0.032   0.036   0.006   0.006   0.082   0.006   0.000   0.000   0.000 943003800
15.12   5.05   50.132
15.12   5.00    0.293    0.173
15.12   5.00    0.466   50.456
15.12   5.00    0.449    0.210   0.466   0.170
15.12   5.00    0.449    0.208   0.466   0.168

15.13   0.00    0.169    0.167   0.032   0.036   0.006   0.006   0.082   0.006   0.000   0.000   0.000 943627500
15.13   5.04   50.125
15.13   5.00    0.293    0.173
15.13   5.00    0.466   50.450
15.13   5.00    0.449    0.210   0.466   0.170
15.13   5.00    0.449    0.208   0.466   0.168

15.14   0.00    0.168    0.167   0.032   0.036   0.006   0.006   0.082   0.006   0.000   0.000   0.000 944251300
15.14   5.04   50.118
15.14   5.00    0.293    0.173
15.14   5.00    0.465   50.444
15.14   5.00    0.449    0.210   0.465   0.170
15.14   5.00    0.449    0.208   0.465   0.168

15.15   0.00    0.168    0.167   0.032   0.036   0.006   0.006   0.082   0.006   0.000   0.000   0.000 944874900
15.15   5.04   50.111
15.15   5.00    0.293    0.172
15.15   5.00    0.465   50.437
15.15   5.00    0.449    0.210   0.465   0.170
15.15   5.00    0.449    0.208   0.465   0.168

15.16   0.00    0.168    0.167   0.032   0.036   0.006   0.006   0.082   0.006   0.000   0.000   0.000 945498600
15.16   5.04   50.105
15.16   5.00    0.293    0.172
15.16   5.00    0.465   50.431
15.16   5.00    0.449    0.210   0.465   0.170
15.16   5.00    0.449    0.208   0.465   0.168

15.17   0.00    0.168    0.167   0.032   0.036   0.006   0.006   0.082   0.006   0.000   0.000   0.000 946122200
15.17   5.04   50.098
15.17   5.00    0.293    0.172
15.17   5.00    0.465   50.425
15.17   5.00    0.448    0.210   0.465   0.170
15.17   5.00    0.449    0.208   0.465   0.168

15.18   0.00    0.168    0.167   0.032   0.036   0.006   0.006   0.082   0.006   0.000   0.000   0.000 946746000
15.18   5.04   50.091
15.18   5.00    0.293    0.172
15.18   5.00    0.465   50.418
15.18   5.00    0.448    0.210   0.465   0.170
15.18   5.00    0.448    0.208   0.465   0.168

15.19   0.00    0.168    0.167   0.032   0.036   0.006   0.006   0.082   0.006   0.000   0.000   0.000 947369600
15.19   5.04   50.084
15.19   5.00    0.292    0.172
15.19   5.00    0.465   50.412
15.19   5.00    0.448    0.210   0.465   0.170
15.19   5.00    0.448    0.208   0.465   0.168

15.20   0.00    0.168    0.167   0.032   0.036   0.006   0.006   0.082   0.006   0.000   0.000   0.000 947993300
15.20   5.03   50.077
15.20   5.00    0.292    0.172
15.20   5.00    0.465   50.406
15.20   5.00    0.448    0.210   0.465   0.170
15.20   5.00    0.448    0.208   0.465   0.168

15.21   0.00    0.168    0.167   0.032   0.036   0.006   0.006   0.082   0.006   0.000   0.000   0.000 948617000
15.21   5.03   50.070
15.21   5.00    0.292    0.172
15.21   5.00    0.465   50.399
15.21   5.00    0.448    0.210   0.465   0.170
15.21   5.00    0.448    0.208   0.465   0.168

15.22   0.00    0.168    0.167   0.032   0.036   0.006   0.006   0.082   0.006   0.000   0.000   0.000 949240600
15.22   5.03   50.063
15.22   5.00    0.292    0.172
15.22   5.00    0.464   50.393
15.22   5.00    0.448    0.210   0.464   0.170
15.22   5.00    0.448    0.208   0.464   0.168

15.23   0.00    0.168    0.167   0.032   0.036   0.006   0.006   0.082   0.006   0.000   0.000   0.000 949864300
15.23   5.03   50.056
15.23   5.00    0.292    0.172
15.23   5.00    0.464   50.387
15.23   5.00    0.448    0.210   0.464   0.170
15.23   5.00    0.448    0.208   0.464   0.168

15.24   0.00    0.168    0.167   0.032   0.036   0.006   0.006   0.082   0.006   0.000   0.000   0.000 950488000
15.24   5.03   50.049
15.24   5.00    0.292    0.172
15.24   5.00    0.464   50.380
15.24   5.00    0.448    0.210   0.464   0.170
15.24   5.00    0.448    0.208   0.464   0.168

15.25   0.00    0.168    0.167   0.032   0.036   0.006   0.006   0.082   0.006   0.000   0.000   0.000 951111700
15.25   5.03   50.042
15.25   5.00    0.292    0.172
15.25   5.00    0.464   50.374
15.25   5.00    0.447    0.210   0.464   0.170
15.25   5.00    0.448    0.208   0.464   0.168

15.26   0.00    0.168    0.167   0.032   0.036   0.006   0.006   0.082   0.006   0.000   0.000   0.000 951735400
15.26   5.02   50.036
15.26   5.00    0.292    0.172
15.26   5.00    0.464   50.368
15.26   5.00    0.447    0.209   0.464   0.170
15.26   5.00    0.447    0.208   0.464   0.168

15.27   0.00    0.168    0.167   0.032   0.036   0.006   0.006   0.082   0.006   0.000   0.000   0.000 952359100
15.27   5.02   50.029
15.27   5.00    0.292    0.172
15.27   5.00    0.464   50.361
15.27   5.00    0.447    0.209   0.464   0.170
15.27   5.00    0.447    0.208   0.464   0.168

15.28   0.00    0.168    0.167   0.032   0.036   0.005   0.006   0.082   0.006   0.000   0.000   0.000 952982700
15.28   5.02   50.022
15.28   5.00    0.291    0.172
15.28   5.00    0.464   50.355
15.28   5.00    0.447    0.209   0.464   0.170
15.28   5.00    0.447    0.208   0.464   0.168

15.29   0.00    0.168    0.167   0.032   0.036   0.005   0.006   0.082   0.006   0.000   0.000   0.000 953606400
15.29   5.02   50.015
15.29   5.00    0.291    0.172
15.29   5.00    0.464   50.349
15.29   5.00    0.447    0.209   0.464   0.170
15.29   5.00    0.447    0.208   0.464   0.168

15.30   0.00    0.168    0.167   0.032   0.036   0.005   0.006   0.082   0.006   0.000   0.000   0.000 954230100
15.30   5.02   50.008
15.30   5.00    0.291    0.172
15.30   5.00    0.463   50.343
15.30   5.00    0.447    0.209   0.463   0.170
15.30   5.00    0.447    0.208   0.463   0.168

15.31   0.00    0.168    0.167   0.032   0.036   0.005   0.006   0.082   0.006   0.000   0.000   0.000 954853800
15.31   5.02   50.001
15.31   5.00    0.291    0.172
15.31   5.00    0.463   50.336
15.31   5.00    0.447    0.209   0.463   0.170
15.31   5.00    0.447    0.208   0.463   0.168

15.32   0.00    0.168    0.167   0.032   0.036   0.005   0.006   0.082   0.006   0.000   0.000   0.000 955477400
15.32   5.02   49.994
15.32   5.00    0.291    0.172
15.32   5.00    0.463   50.330
15.32   5.00    0.447    0.209   0.463   0.170
15.32   5.00    0.447    0.208   0.463   0.168

15.33   0.00    0.168    0.167   0.032   0.036   0.005   0.006   0.082   0.006   0.000   0.000   0.000 956101100
15.33   5.01   49.988
15.33   5.00    0.291    0.172
15.33   5.00    0.463   50.324
15.33   5.00    0.446    0.209   0.463   0.170
15.33   5.00    0.447    0.208   0.463   0.168

15.34   0.00    0.168    0.167   0.032   0.036   0.005   0.006   0.082   0.006   0.000   0.000   0.000 956724800
15.34   5.01   49.981
15.34   5.00    0.291    0.172
15.34   5.00    0.463   50.318
15.34   5.00    0.446    0.209   0.463   0.170
15.34   5.00    0.446    0.208   0.463   0.168

15.35   0.00    0.168    0.167   0.032   0.036   0.005   0.006   0.082   0.006   0.000   0.000   0.000 957348500
15.35   5.01   49.974
15.35   5.00    0.291    0.172
15.35   5.00    0.463   50.311
15.35   5.00    0.446    0.209   0.463   0.170
15.35   5.00    0.446    0.208   0.463   0.168

15.36   0.00    0.168    0.167   0.032   0.036   0.005   0.006   0.082   0.006   0.000   0.000   0.000 957972200
15.36   5.01   49.967
15.36   5.00    0.291    0.172
15.36   5.00    0.463   50.305
15.36   5.00    0.446    0.209   0.463   0.170
15.36   5.00    0.446    0.208   0.463   0.168

15.37   0.00    0.168    0.167   0.032   0.036   0.005   0.006   0.082   0.006   0.000   0.000   0.000 958595800
15.37   5.01   49.960
15.37   5.00    0.291    0.172
15.37   5.00    0.463   50.299
15.37   5.00    0.446    0.209   0.463   0.170
15.37   5.00    0.446    0.208   0.463   0.168

15.38   0.00    0.168    0.167   0.032   0.036   0.005   0.006   0.082   0.006   0.000   0.000   0.000 959219500
15.38   5.01   49.953
15.38   5.00    0.291    0.172
15.38   5.00    0.462   50.293
15.38   5.00    0.446    0.209   0.462   0.170
15.38   5.00    0.446    0.208   0.462   0.168

15.39   0.00    0.168    0.167   0.032   0.036   0.005   0.006   0.082   0.006   0.000   0.000   0.000 959843300
15.39   5.01   49.947
15.39   5.00    0.290    0.172
15.39   5.00    0.462   50.286
15.39   5.00    0.446    0.209   0.462   0.170
15.39   5.00    0.446    0.208   0.462   0.168

15.40   0.00    0.168    0.167   0.032   0.036   0.005   0.006   0.082   0.006   0.000   0.000   0.000 960466900
15.40   5.00   49.940
15.40   5.00    0.290    0.172
15.40   5.00    0.462   50.280
15.40   5.00    0.446    0.209   0.462   0.170
15.40   5.00    0.446    0.208   0.462   0.168

15.41   0.00    0.168    0.167   0.032   0.036   0.005   0.006   0.082   0.006   0.000   0.000   0.000 961090600
15.41   5.00   49.933
15.41   5.00    0.290    0.172
15.41   5.00    0.462   50.274
15.41   5.00    0.446    0.209   0.462   0.170
15.41   5.00    0.446    0.208   0.462   0.168

15.42   0.00    0.168    0.167   0.032   0.036   0.005   0.006   0.082   0.006   0.000   0.000   0.000 961714200
15.42   5.00   49.926
15.42   5.00    0.290    0.172
15.42   5.00    0.462   50.268
15.42   5.00    0.445    0.209   0.462   0.170
15.42   5.00    0.446    0.208   0.462   0.168

15.43   0.00    0.168    0.167   0.032   0.036   0.005   0.006   0.082   0.006   0.000   0.000   0.000 962337900
15.43   5.00   49.919
15.43   5.00    0.290    0.172
15.43   5.00    0.462   50.262
15.43   5.00    0.445    0.209   0.462   0.170
15.43   5.00    0.445    0.208   0.462   0.168

15.44   0.00    0.168    0.167   0.032   0.036   0.005   0.006   0.082   0.006   0.000   0.000   0.000 962961600
15.44   5.00   49.913
15.44   5.00    0.290    0.172
15.44   5.00    0.462   50.255
15.44   5.00    0.445    0.209   0.462   0.170
15.44   5.00    0.445    0.208   0.462   0.168

15.45   0.00    0.168    0.167   0.032   0.036   0.005   0.006   0.082   0.006   0.000   0.000   0.000 963585300
15.45   5.00   49.906
15.45   5.00    0.290    0.172
15.45   5.00    0.462   50.249
15.45   5.00    0.445    0.209   0.462   0.170
15.45   5.00    0.445    0.208   0.462   0.168

15.46   0.00    0.168    0.167   0.032   0.036   0.005   0.006   0.082   0.006   0.000   0.000   0.000 964209000
15.46   4.99   49.899
15.46   5.00    0.290    0.172
15.46   5.00    0.461   50.243
15.46   5.00    0.445    0.209   0.461   0.170
15.46   5.00    0.445    0.208   0.461   0.168

15.47   0.00    0.168    0.167   0.032   0.036   0.005   0.006   0.082   0.006   0.000   0.000   0.000 964832600
15.47   4.99   49.892
15.47   5.00    0.290    0.172
15.47   5.00    0.461   50.237
15.47   5.00    0.445    0.209   0.461   0.170
15.47   5.00    0.445    0.208   0.461   0.168

15.48   0.00    0.168    0.167   0.032   0.036   0.005   0.006   0.082   0.006   0.000   0.000   0.000 965456300
15.48   4.99   49.886
15.48   5.00    0.290    0.172
15.48   5.00    0.461   50.231
15.48   5.00    0.445    0.209   0.461   0.170
15.48   5.00    0.445    0.208   0.461   0.168

15.49   0.00    0.168    0.167   0.032   0.036   0.005   0.006   0.082   0.006   0.000   0.000   0.000 966080000
15.49   4.99   49.879
15.49   5.00    0.289    0.172
15.49   5.00    0.461   50.225
15.49   5.00    0.445    0.209   0.461   0.170
15.49   5.00    0.445    0.208   0.461   0.168

15.50   0.00    0.168    0.167   0.032   0.036   0.005   0.006   0.082   0.006   0.000   0.000   0.000 966703700
15.50   4.99   49.872
15.50   5.00    0.289    0.172
15.50   5.00    0.461   50.218
15.50   5.00    0.444    0.209   0.461   0.170
15.50   5.00    0.445    0.208   0.461   0.168

15.51   0.00    0.168    0.167   0.032   0.036   0.005   0.006   0.082   0.006   0.000   0.000   0.000 967327400
15.51   4.99   49.865
15.51   5.00    0.289    0.172
15.51   5.00    0.461   50.212
15.51   5.00    0.444    0.209   0.461   0.170
15.51   5.00    0.444    0.208   0.461   0.168

15.52   0.00    0.168    0.167   0.032   0.036   0.005   0.006   0.082   0.006   0.000   0.000   0.000 967951100
15.52   4.99   49.859
15.52   5.00    0.289    0.172
15.52   5.00    0.461   50.206
15.52   5.00    0.444    0.209   0.461   0.170
15.52   5.00    0.444    0.208   0.461   0.168

15.53   0.00    0.168    0.167   0.032   0.036   0.005   0.006   0.082   0.006   0.000   0.000   0.000 968574700
15.53   4.98   49.852
15.53   5.00    0.289    0.172
15.53   5.00    0.461   50.200
15.53   5.00    0.444    0.209   0.461   0.170
15.53   5.00    0.444    0.208   0.461   0.168

15.54   0.00    0.168    0.167   0.032   0.036   0.005   0.006   0.082   0.006   0.000   0.000   0.000 969198400
15.54   4.98   49.845
15.54   5.00    0.289    0.172
15.54   5.00    0.460   50.194
15.54   5.00    0.444    0.209   0.460   0.169
15.54   5.00    0.444    0.208   0.460   0.168

15.55   0.00    0.168    0.167   0.032   0.036   0.005   0.006   0.082   0.006   0.000   0.000   0.000 969822100
15.55   4.98   49.839
15.55   5.00    0.289    0.172
15.55   5.00    0.460   50.188
15.55   5.00    0.444    0.209   0.460   0.169
15.55   5.00    0.444    0.208   0.460   0.168

15.56   0.00    0.168    0.167   0.032   0.036   0.005   0.006   0.082   0.006   0.000   0.000   0.000 970445800
15.56   4.98   49.832
15.56   5.00    0.289    0.171
15.56   5.00    0.460   50.182
15.56   5.00    0.444    0.209   0.460   0.169
15.56   5.00    0.444    0.208   0.460   0.168

15.57   0.00    0.168    0.167   0.032   0.036   0.005   0.006   0.082   0.006   0.000   0.000   0.000 971069400
15.57   4.98   49.825
15.57   5.00    0.289    0.171
15.57   5.00    0.460   50.175
15.57   5.00    0.444    0.209   0.460   0.169
15.57   5.00    0.444    0.208   0.460   0.168

15.58   0.00    0.168    0.167   0.032   0.036   0.005   0.006   0.082   0.006   0.000   0.000   0.000 971693100
15.58   4.98   49.818
15.58   5.00    0.289    0.171
15.58   5.00    0.460   50.169
15.58   5.00    0.443    0.209   0.460   0.169
15.58   5.00    0.444    0.208   0.460   0.168

15.59   0.00    0.168    0.167   0.032   0.036   0.005   0.006   0.082   0.006   0.000   0.000   0.000 972316800
15.59   4.98   49.812
15.59   5.00    0.288    0.171
15.59   5.00    0.460   50.163
15.59   5.00    0.443    0.209   0.460   0.169
15.59   5.00    0.443    0.208   0.460   0.168

15.60   0.00    0.168    0.167   0.032   0.036   0.005   0.006   0.082   0.006   0.000   0.000   0.000 972940500
15.60   4.97   49.805
15.60   5.00    0.288    0.171
15.60   5.00    0.460   50.157
15.60   5.00    0.443    0.209   0.460   0.169
15.60   5.00    0.443    0.208   0.460   0.168

15.61   0.00    0.168    0.167   0.032   0.036   0.005   0.006   0.082   0.006   0.000   0.000   0.000 973564200
15.61   4.97   49.798
15.61   5.00    0.288    0.171
15.61   5.00    0.460   50.151
15.61   5.00    0.443    0.209   0.460   0.169
15.61   5.00    0.443    0.208   0.460   0.168

15.62   0.00    0.168    0.167   0.032   0.036   0.005   0.006   0.082   0.006   0.000   0.000   0.000 974187800
15.62   4.97   49.792
15.62   5.00    0.288    0.171
15.62   5.00    0.460   50.145
15.62   5.00    0.443    0.209   0.460   0.169
15.62   5.00    0.443    0.208   0.460   0.168

15.63   0.00    0.168    0.167   0.032   0.036   0.005   0.006   0.082   0.006   0.000   0.000   0.000 974811500
15.63   4.97   49.785
15.63   5.00    0.288    0.171
15.63   5.00    0.459   50.139
15.63   5.00    0.443    0.209   0.459   0.169
15.63   5.00    0.443    0.208   0.459   0.168

15.64   0.00    0.168    0.167   0.032   0.036   0.005   0.006   0.082   0.006   0.000   0.000   0.000 975435200
15.64   4.97   49.778
15.64   5.00    0.288    0.171
15.64   5.00    0.459   50.133
15.64   5.00    0.443    0.209   0.459   0.169
15.64   5.00    0.443    0.208   0.459   0.168

15.65   0.00    0.168    0.167   0.032   0.036   0.005   0.006   0.082   0.006   0.000   0.000   0.000 976058900
15.65   4.97   49.772
15.65   5.00    0.288    0.171
15.65   5.00    0.459   50.127
15.65   5.00    0.443    0.209   0.459   0.169
15.65   5.00    0.443    0.208   0.459   0.168

15.66   0.00    0.168    0.167   0.032   0.036   0.005   0.006   0.082   0.006   0.000   0.000   0.000 976682600
15.66   4.97   49.765
15.66   5.00    0.288    0.171
15.66   5.00    0.459   50.121
15.66   5.00    0.443    0.209   0.459   0.169
15.66   5.00    0.443    0.208   0.459   0.168

15.67   0.00    0.168    0.167   0.032   0.036   0.005   0.006   0.082   0.006   0.000   0.000   0.000 977306200
15.67   4.96   49.758
15.67   5.00    0.288    0.171
15.67   5.00    0.459   50.114
15.67   5.00    0.442    0.209   0.459   0.169
15.67   5.00    0.443    0.208   0.459   0.168

15.68   0.00    0.168    0.167   0.032   0.036   0.005   0.006   0.082   0.006   0.000   0.000   0.000 977929900
15.68   4.96   49.752
15.68   5.00    0.288    0.171
15.68   5.00    0.459   50.108
15.68   5.00    0.442    0.209   0.459   0.169
15.68   5.00    0.442    0.208   0.459   0.168

15.69   0.00    0.168    0.167   0.032   0.036   0.005   0.006   0.082   0.006   0.000   0.000   0.000 978553600
15.69   4.96   49.745
15.69   5.00    0.288    0.171
15.69   5.00    0.459   50.102
15.69   5.00    0.442    0.209   0.459   0.169
15.69   5.00    0.442    0.207   0.459   0.168

15.70   0.00    0.168    0.167   0.032   0.036   0.005   0.006   0.082   0.006   0.000   0.000   0.000 979177300
15.70   4.96   49.738
15.70   5.00    0.287    0.171
15.70   5.00    0.459   50.096
15.70   5.00    0.442    0.209   0.459   0.169
15.70   5.00    0.442    0.207   0.459   0.168

15.71   0.00    0.168    0.167   0.032   0.036   0.005   0.006   0.082   0.006   0.000   0.000   0.000 979801000
15.71   4.96   49.732
15.71   5.00    0.287    0.171
15.71   5.00    0.458   50.090
15.71   5.00    0.442    0.209   0.458   0.169
15.71   5.00    0.442    0.207   0.458   0.168

15.72   0.00    0.168    0.167   0.032   0.036   0.005   0.006   0.082   0.006   0.000   0.000   0.000 980424600
15.72   4.96   49.725
15.72   5.00    0.287    0.171
15.72   5.00    0.458   50.084
15.72   5.00    0.442    0.209   0.458   0.169
15.72   5.00    0.442    0.207   0.458   0.168

15.73   0.00    0.168    0.167   0.032   0.036   0.005   0.006   0.082   0.006   0.000   0.000   0.000 981048300
15.73   4.96   49.719
15.73   5.00    0.287    0.171
15.73   5.00    0.458   50.078
15.73   5.00    0.442    0.209   0.458   0.169
15.73   5.00    0.442    0.207   0.458   0.168

15.74   0.00    0.168    0.167   0.032   0.036   0.005   0.006   0.082   0.006   0.000   0.000   0.000 981672000
15.74   4.95   49.712
15.74   5.00    0.287    0.171
15.74   5.00    0.458   50.072
15.74   5.00    0.442    0.209   0.458   0.169
15.74   5.00    0.442    0.207   0.458   0.168

15.75   0.00    0.168    0.167   0.032   0.036   0.005   0.006   0.082   0.006   0.000   0.000   0.000 982295700
15.75   4.95   49.705
15.75   5.00    0.287    0.171
15.75   5.00    0.458   50.066
15.75   5.00    0.441    0.209   0.458   0.169
15.75   5.00    0.442    0.207   0.458   0.168

15.76   0.00    0.168    0.167   0.032   0.036   0.005   0.006   0.082   0.006   0.000   0.000   0.000 982919400
15.76   4.95   49.699
15.76   5.00    0.287    0.171
15.76   5.00    0.458   50.060
15.76   5.00    0.441    0.209   0.458   0.169
15.76   5.00    0.441    0.207   0.458   0.168

15.77   0.00    0.168    0.167   0.032   0.036   0.005   0.006   0.082   0.006   0.000   0.000   0.000 983543000
15.77   4.95   49.692
15.77   5.00    0.287    0.171
15.77   5.00    0.458   50.054
15.77   5.00    0.441    0.209   0.458   0.169
15.77   5.00    0.441    0.207   0.458   0.168

15.78   0.00    0.168    0.167   0.032   0.036   0.005   0.006   0.082   0.006   0.000   0.000   0.000 984166700
15.78   4.95   49.686
15.78   5.00    0.287    0.171
15.78   5.00    0.458   50.048
15.78   5.00    0.441    0.209   0.458   0.169
15.78   5.00    0.441    0.207   0.458   0.168

15.79   0.00    0.168    0.167   0.032   0.036   0.005   0.006   0.082   0.006   0.000   0.000   0.000 984790400
15.79   4.95   49.679
15.79   5.00    0.287    0.171
15.79   5.00    0.458   50.042
15.79   5.00    0.441    0.209   0.458   0.169
15.79   5.00    0.441    0.207   0.458   0.168

15.80   0.00    0.168    0.167   0.032   0.036   0.005   0.006   0.082   0.006   0.000   0.000   0.000 985414100
15.80   4.95   49.672
15.80   5.00    0.286    0.171
15.80   5.00    0.457   50.036
15.80   5.00    0.441    0.209   0.457   0.169
15.80   5.00    0.441    0.207   0.457   0.168

15.81   0.00    0.168    0.167   0.032   0.036   0.005   0.006   0.082   0.006   0.000   0.000   0.000 986037800
15.81   4.94   49.666
15.81   5.00    0.286    0.171
15.81   5.00    0.457   50.030
15.81   5.00    0.441    0.209   0.457   0.169
15.81   5.00    0.441    0.207   0.457   0.168

15.82   0.00    0.168    0.167   0.032   0.036   0.005   0.006   0.082   0.006   0.000   0.000   0.000 986661400
15.82   4.94   49.659
15.82   5.00    0.286    0.171
15.82   5.00    0.457   50.024
15.82   5.00    0.441    0.209   0.457   0.169
15.82   5.00    0.441    0.207   0.457   0.168

15.83   0.00    0.168    0.167   0.032   0.036   0.005   0.006   0.082   0.006   0.000   0.000   0.000 987285100
15.83   4.94   49.653
15.83   5.00    0.286    0.171
15.83   5.00    0.457   50.018
15.83   5.00    0.441    0.208   0.457   0.169
15.83   5.00    0.441    0.207   0.457   0.168

15.84   0.00    0.168    0.167   0.032   0.036   0.005   0.006   0.082   0.006   0.000   0.000   0.000 987908800
15.84   4.94   49.646
15.84   5.00    0.286    0.171
15.84   5.00    0.457   50.012
15.84   5.00    0.440    0.208   0.457   0.169
15.84   5.00    0.441    0.207   0.457   0.168

15.85   0.00    0.168    0.167   0.032   0.036   0.005   0.006   0.082   0.006   0.000   0.000   0.000 988532500
15.85   4.94   49.640
15.85   5.00    0.286    0.171
15.85   5.00    0.457   50.006
15.85   5.00    0.440    0.208   0.457   0.169
15.85   5.00    0.440    0.207   0.457   0.168

15.86   0.00    0.168    0.167   0.032   0.036   0.005   0.006   0.082   0.006   0.000   0.000   0.000 989156200
15.86   4.94   49.633
15.86   5.00    0.286    0.171
15.86   5.00    0.457   50.000
15.86   5.00    0.440    0.208   0.457   0.169
15.86   5.00    0.440    0.207   0.457   0.168

15.87   0.00    0.168    0.167   0.032   0.036   0.005   0.006   0.082   0.006   0.000   0.000   0.000 989779800
15.87   4.94   49.627
15.87   5.00    0.286    0.171
15.87   5.00    0.457   49.994
15.87   5.00    0.440    0.208   0.457   0.169
15.87   5.00    0.440    0.207   0.457   0.168

15.88   0.00    0.168    0.167   0.032   0.036   0.005   0.006   0.082   0.006   0.000   0.000   0.000 990403500
15.88   4.93   49.620
15.88   5.00    0.286    0.171
15.88   5.00    0.456   49.988
15.88   5.00    0.440    0.208   0.456   0.169
15.88   5.00    0.440    0.207   0.456   0.168

15.89   0.00    0.168    0.167   0.032   0.036   0.005   0.006   0.082   0.006   0.000   0.000   0.000 991027200
15.89   4.93   49.613
15.89   5.00    0.286    0.171
15.89   5.00    0.456   49.982
15.89   5.00    0.440    0.208   0.456   0.169
15.89   5.00    0.440    0.207   0.456   0.168

15.90   0.00    0.168    0.167   0.032   0.036   0.005   0.006   0.082   0.006   0.000   0.000   0.000 991650900
15.90   4.93   49.607
15.90   5.00    0.286    0.171
15.90   5.00    0.456   49.976
15.90   5.00    0.440    0.208   0.456   0.169
15.90   5.00    0.440    0.207   0.456   0.168

15.91   0.00    0.168    0.167   0.032   0.036   0.005   0.006   0.082   0.006   0.000   0.000   0.000 992274600
15.91   4.93   49.600
15.91   5.00    0.285    0.171
15.91   5.00    0.456   49.970
15.91   5.00    0.440    0.208   0.456   0.169
15.91   5.00    0.440    0.207   0.456   0.168

15.92   0.00    0.168    0.167   0.032   0.036   0.005   0.006   0.082   0.006   0.000   0.000   0.000 992898200
15.92   4.93   49.594
15.92   5.00    0.285    0.171
15.92   5.00    0.456   49.964
15.92   5.00    0.440    0.208   0.456   0.169
15.92   5.00    0.440    0.207   0.456   0.168

15.93   0.00    0.168    0.167   0.032   0.036   0.005   0.006   0.082   0.006   0.000   0.000   0.000 993521900
15.93   4.93   49.587
15.93   5.00    0.285    0.171
15.93   5.00    0.456   49.958
15.93   5.00    0.439    0.208   0.456   0.169
15.93   5.00    0.440    0.207   0.456   0.168

15.94   0.00    0.168    0.167   0.032   0.036   0.005   0.006   0.082   0.006   0.000   0.000   0.000 994145600
15.94   4.93   49.581
15.94   5.00    0.285    0.171
15.94   5.00    0.456   49.952
15.94   5.00    0.439    0.208   0.456   0.169
15.94   5.00    0.439    0.207   0.456   0.168

15.95   0.00    0.168    0.167   0.032   0.036   0.005   0.006   0.082   0.006   0.000   0.000   0.000 994769300
15.95   4.92   49.574
15.95   5.00    0.285    0.171
15.95   5.00    0.456   49.947
15.95   5.00    0.439    0.208   0.456   0.169
15.95   5.00    0.439    0.207   0.456   0.168

15.96   0.00    0.168    0.167   0.032   0.036   0.005   0.006   0.082   0.006   0.000   0.000   0.000 995393000
15.96   4.92   49.568
15.96   5.00    0.285    0.171
15.96   5.00    0.456   49.941
15.96   5.00    0.439    0.208   0.456   0.169
15.96   5.00    0.439    0.207   0.456   0.168

15.97   0.00    0.168    0.167   0.032   0.036   0.005   0.006   0.082   0.006   0.000   0.000   0.000 996016600
15.97   4.92   49.561
15.97   5.00    0.285    0.171
15.97   5.00    0.455   49.935
15.97   5.00    0.439    0.208   0.455   0.169
15.97   5.00    0.439    0.207   0.455   0.168

15.98   0.00    0.168    0.167   0.032   0.036   0.005   0.006   0.082   0.006   0.000   0.000   0.000 996640300
15.98   4.92   49.555
15.98   5.00    0.285    0.171
15.98   5.00    0.455   49.929
15.98   5.00    0.439    0.208   0.455   0.169
15.98   5.00    0.439    0.207   0.455   0.168

15.99   0.00    0.168    0.167   0.032   0.036   0.005   0.006   0.082   0.006   0.000   0.000   0.000 997264000
15.99   4.92   49.548
15.99   5.00    0.285    0.171
15.99   5.00    0.455   49.923
15.99   5.00    0.439    0.208   0.455   0.169
15.99   5.00    0.439    0.207   0.455   0.168

16.00   0.00    0.168    0.167   0.032   0.036   0.005   0.006   0.082   0.006   0.000   0.000   0.000 997887700
16.00   4.92   49.542
16.00   5.00    0.285    0.171
16.00   5.00    0.455   49.917
16.00   5.00    0.439    0.208   0.455   0.169
16.00   5.00    0.439    0.207   0.455   0.168

16.01   0.00    0.168    0.167   0.032   0.036   0.005   0.006   0.082   0.006   0.000   0.000   0.000 998511400
16.01   4.92   49.536
16.01   5.00    0.285    0.170
16.01   5.00    0.455   49.911
16.01   5.00    0.439    0.208   0.455   0.169
16.01   5.00    0.439    0.207   0.455   0.168

16.02   0.00    0.168    0.167   0.032   0.036   0.005   0.006   0.082   0.006   0.000   0.000   0.000 999135000
16.02   4.91   49.529
16.02   5.00    0.284    0.170
16.02   5.00    0.455   49.905
16.02   5.00    0.438    0.208   0.455   0.169
16.02   5.00    0.439    0.207   0.455   0.168

16.03   0.00    0.168    0.167   0.032   0.036   0.005   0.006   0.082   0.006   0.000   0.000   0.000 999758800
16.03   4.91   49.523
16.03   5.00    0.284    0.170
16.03   5.00    0.455   49.899
16.03   5.00    0.438    0.208   0.455   0.169
16.03   5.00    0.438    0.207   0.455   0.168

16.04   0.00    0.168    0.167   0.032   0.036   0.005   0.006   0.082   0.006   0.000   0.000   0.000 1000382000
16.04   4.91   49.516
16.04   5.00    0.284    0.170
16.04   5.00    0.455   49.893
16.04   5.00    0.438    0.208   0.455   0.169
16.04   5.00    0.438    0.207   0.455   0.168

16.05   0.00    0.168    0.167   0.032   0.036   0.005   0.006   0.082   0.006   0.000   0.000   0.000 1001006000
16.05   4.91   49.510
16.05   5.00    0.284    0.170
16.05   5.00    0.455   49.888
16.05   5.00    0.438    0.208   0.455   0.169
16.05   5.00    0.438    0.207   0.455   0.168

16.06   0.00    0.168    0.167   0.032   0.036   0.005   0.006   0.082   0.006   0.000   0.000   0.000 1001630000
16.06   4.91   49.503
16.06   5.00    0.284    0.170
16.06   5.00    0.454   49.882
16.06   5.00    0.438    0.208   0.454   0.169
16.06   5.00    0.438    0.207   0.454   0.168

16.07   0.00    0.168    0.167   0.032   0.036   0.005   0.006   0.082   0.006   0.000   0.000   0.000 1002253000
16.07   4.91   49.497
16.07   5.00    0.284    0.170
16.07   5.00    0.454   49.876
16.07   5.00    0.438    0.208   0.454   0.169
16.07   5.00    0.438    0.207   0.454   0.168

16.08   0.00    0.168    0.167   0.032   0.036   0.005   0.006   0.082   0.006   0.000   0.000   0.000 1002877000
16.08   4.91   49.490
16.08   5.00    0.284    0.170
16.08   5.00    0.454   49.870
16.08   5.00    0.438    0.208   0.454   0.169
16.08   5.00    0.438    0.207   0.454   0.168

16.09   0.00    0.168    0.167   0.032   0.036   0.005   0.006   0.082   0.006   0.000   0.000   0.000 1003501000
16.09   4.90   49.484
16.09   5.00    0.284    0.170
16.09   5.00    0.454   49.864
16.09   5.00    0.438    0.208   0.454   0.169
16.09   5.00    0.438    0.207   0.454   0.168

16.10   0.00    0.168    0.167   0.032   0.036   0.005   0.006   0.082   0.006   0.000   0.000   0.000 1004124000
16.10   4.90   49.478
16.10   5.00    0.284    0.170
16.10   5.00    0.454   49.858
16.10   5.00    0.438    0.208   0.454   0.169
16.10   5.00    0.438    0.207   0.454   0.168

16.11   0.00    0.168    0.167   0.032   0.036   0.005   0.006   0.082   0.006   0.000   0.000   0.000 1004748000
16.11   4.90   49.471
16.11   5.00    0.284    0.170
16.11   5.00    0.454   49.852
16.11   5.00    0.437    0.208   0.454   0.169
16.11   5.00    0.438    0.207   0.454   0.168

16.12   0.00    0.168    0.167   0.032   0.036   0.005   0.006   0.082   0.006   0.000   0.000   0.000 1005372000
16.12   4.90   49.465
16.12   5.00    0.284    0.170
16.12   5.00    0.454   49.847
16.12   5.00    0.437    0.208   0.454   0.169
16.12   5.00    0.437    0.207   0.454   0.168

16.13   0.00    0.168    0.167   0.032   0.036   0.005   0.006   0.082   0.006   0.000   0.000   0.000 1005995000
16.13   4.90   49.458
16.13   5.00    0.283    0.170
16.13   5.00    0.454   49.841
16.13   5.00    0.437    0.208   0.454   0.169
16.13   5.00    0.437    0.207   0.454   0.168

16.14   0.00    0.168    0.167   0.032   0.036   0.005   0.006   0.082   0.006   0.000   0.000   0.000 1006619000
16.14   4.90   49.452
16.14   5.00    0.283    0.170
16.14   5.00    0.454   49.835
16.14   5.00    0.437    0.208   0.454   0.169
16.14   5.00    0.437    0.207   0.454   0.168

16.15   0.00    0.168    0.167   0.032   0.036   0.005   0.006   0.082   0.006   0.000   0.000   0.000 1007243000
16.15   4.90   49.446
16.15   5.00    0.283    0.170
16.15   5.00    0.453   49.829
16.15   5.00    0.437    0.208   0.453   0.169
16.15   5.00    0.437    0.207   0.453   0.168

16.16   0.00    0.168    0.167   0.032   0.036   0.005   0.006   0.082   0.006   0.000   0.000   0.000 1007867000
16.16   4.90   49.439
16.16   5.00    0.283    0.170
16.16   5.00    0.453   49.823
16.16   5.00    0.437    0.208   0.453   0.169
16.16   5.00    0.437    0.207   0.453   0.168

16.17   0.00    0.168    0.167   0.032   0.036   0.005   0.006   0.082   0.006   0.000   0.000   0.000 1008490000
16.17   4.89   49.433
16.17   5.00    0.283    0.170
16.17   5.00    0.453   49.817
16.17   5.00    0.437    0.208   0.453   0.169
16.17   5.00    0.437    0.207   0.453   0.168

16.18   0.00    0.168    0.167   0.032   0.036   0.005   0.006   0.082   0.006   0.000   0.000   0.000 1009114000
16.18   4.89   49.426
16.18   5.00    0.283    0.170
16.18   5.00    0.453   49.812
16.18   5.00    0.437    0.208   0.453   0.169
16.18   5.00    0.437    0.207   0.453   0.168

16.19   0.00    0.168    0.167   0.032   0.036   0.005   0.006   0.082   0.006   0.000   0.000   0.000 1009738000
16.19   4.89   49.420
16.19   5.00    0.283    0.170
16.19   5.00    0.453   49.806
16.19   5.00    0.437    0.208   0.453   0.169
16.19   5.00    0.437    0.207   0.453   0.168

16.20   0.00    0.168    0.167   0.032   0.036   0.005   0.006   0.082   0.006   0.000   0.000   0.000 1010361000
16.20   4.89   49.414
16.20   5.00    0.283    0.170
16.20   5.00    0.453   49.800
16.20   5.00    0.436    0.208   0.453   0.169
16.20   5.00    0.437    0.207   0.453   0.168

16.21   0.00    0.168    0.167   0.032   0.036   0.005   0.006   0.082   0.006   0.000   0.000   0.000 1010985000
16.21   4.89   49.407
16.21   5.00    0.283    0.170
16.21   5.00    0.453   49.794
16.21   5.00    0.436    0.208   0.453   0.169
16.21   5.00    0.436    0.207   0.453   0.168

16.22   0.00    0.168    0.167   0.032   0.036   0.005   0.006   0.082   0.006   0.000   0.000   0.000 1011609000
16.22   4.89   49.401
16.22   5.00    0.283    0.170
16.22   5.00    0.453   49.788
16.22   5.00    0.436    0.208   0.453   0.169
16.22   5.00    0.436    0.207   0.453   0.168

16.23   0.00    0.168    0.167   0.032   0.036   0.005   0.006   0.082   0.006   0.000   0.000   0.000 1012232000
16.23   4.89   49.395
16.23   5.00    0.283    0.170
16.23   5.00    0.453   49.783
16.23   5.00    0.436    0.208   0.453   0.169
16.23   5.00    0.436    0.207   0.453   0.168

16.24   0.00    0.168    0.167   0.032   0.036   0.005   0.006   0.082   0.006   0.000   0.000   0.000 1012856000
16.24   4.88   49.388
16.24   5.00    0.282    0.170
16.24   5.00    0.452   49.777
16.24   5.00    0.436    0.208   0.452   0.169
16.24   5.00    0.436    0.207   0.452   0.168

16.25   0.00    0.168    0.167   0.032   0.036   0.005   0.006   0.082   0.006   0.000   0.000   0.000 1013480000
16.25   4.88   49.382
16.25   5.00    0.282    0.170
16.25   5.00    0.452   49.771
16.25   5.00    0.436    0.208   0.452   0.169
16.25   5.00    0.436    0.207   0.452   0.168

16.26   0.00    0.168    0.167   0.032   0.036   0.005   0.006   0.082   0.006   0.000   0.000   0.000 1014103000
16.26   4.88   49.376
16.26   5.00    0.282    0.170
16.26   5.00    0.452   49.765
16.26   5.00    0.436    0.208   0.452   0.169
16.26   5.00    0.436    0.207   0.452   0.168

16.27   0.00    0.168    0.167   0.032   0.036   0.005   0.006   0.082   0.006   0.000   0.000   0.000 1014727000
16.27   4.88   49.369
16.27   5.00    0.282    0.170
16.27   5.00    0.452   49.759
16.27   5.00    0.436    0.208   0.452   0.169
16.27   5.00    0.436    0.207   0.452   0.168

16.28   0.00    0.168    0.167   0.032   0.036   0.005   0.006   0.082   0.006   0.000   0.000   0.000 1015351000
16.28   4.88   49.363
16.28   5.00    0.282    0.170
16.28   5.00    0.452   49.754
16.28   5.00    0.436    0.208   0.452   0.169
16.28   5.00    0.436    0.207   0.452   0.168

16.29   0.00    0.168    0.167   0.032   0.036   0.005   0.006   0.082   0.006   0.000   0.000   0.000 1015974000
16.29   4.88   49.357
16.29   5.00    0.282    0.170
16.29   5.00    0.452   49.748
16.29   5.00    0.435    0.208   0.452   0.169
16.29   5.00    0.436    0.207   0.452   0.168

16.30   0.00    0.168    0.167   0.032   0.036   0.005   0.006   0.082   0.006   0.000   0.000   0.000 1016598000
16.30   4.88   49.350
16.30   5.00    0.282    0.170
16.30   5.00    0.452   49.742
16.30   5.00    0.435    0.208   0.452   0.169
16.30   5.00    0.435    0.207   0.452   0.168

16.31   0.00    0.168    0.167   0.032   0.036   0.005   0.006   0.082   0.006   0.000   0.000   0.000 1017222000
16.31   4.88   49.344
16.31   5.00    0.282    0.170
16.31   5.00    0.452   49.736
16.31   5.00    0.435    0.208   0.452   0.169
16.31   5.00    0.435    0.207   0.452   0.168

16.32   0.00    0.168    0.167   0.032   0.036   0.005   0.006   0.082   0.006   0.000   0.000   0.000 1017845000
16.32   4.87   49.338
16.32   5.00    0.282    0.170
16.32   5.00    0.452   49.731
16.32   5.00    0.435    0.208   0.452   0.169
16.32   5.00    0.435    0.207   0.452   0.168

16.33   0.00    0.168    0.167   0.032   0.036   0.005   0.006   0.082   0.006   0.000   0.000   0.000 1018469000
16.33   4.87   49.331
16.33   5.00    0.282    0.170
16.33   5.00    0.451   49.725
16.33   5.00    0.435    0.208   0.451   0.169
16.33   5.00    0.435    0.207   0.451   0.168

16.34   0.00    0.168    0.167   0.032   0.036   0.005   0.006   0.082   0.006   0.000   0.000   0.000 1019093000
16.34   4.87   49.325
16.34   5.00    0.282    0.170
16.34   5.00    0.451   49.719
16.34   5.00    0.435    0.208   0.451   0.169
16.34   5.00    0.435    0.207   0.451   0.168

16.35   0.00    0.168    0.167   0.032   0.036   0.005   0.006   0.082   0.006   0.000   0.000   0.000 1019716000
16.35   4.87   49.319
16.35   5.00    0.281    0.170
16.35   5.00    0.451   49.713
16.35   5.00    0.435    0.208   0.451   0.169
16.35   5.00    0.435    0.207   0.451   0.168

16.36   0.00    0.168    0.167   0.032   0.036   0.005   0.006   0.082   0.006   0.000   0.000   0.000 1020340000
16.36   4.87   49.313
16.36   5.00    0.281    0.170
16.36   5.00    0.451   49.708
16.36   5.00    0.435    0.208   0.451   0.169
16.36   5.00    0.435    0.206   0.451   0.168

16.37   0.00    0.168    0.167   0.032   0.036   0.005   0.006   0.082   0.006   0.000   0.000   0.000 1020964000
16.37   4.87   49.306
16.37   5.00    0.281    0.170
16.37   5.00    0.451   49.702
16.37   5.00    0.435    0.208   0.451   0.169
16.37   5.00    0.435    0.206   0.451   0.168

16.38   0.00    0.168    0.167   0.032   0.036   0.005   0.006   0.082   0.006   0.000   0.000   0.000 1021587000
16.38   4.87   49.300
16.38   5.00    0.281    0.170
16.38   5.00    0.451   49.696
16.38   5.00    0.434    0.208   0.451   0.169
16.38   5.00    0.435    0.206   0.451   0.168

16.39   0.00    0.168    0.167   0.032   0.036   0.005   0.006   0.082   0.006   0.000   0.000   0.000 1022211000
16.39   4.86   49.294
16.39   5.00    0.281    0.170
16.39   5.00    0.451   49.690
16.39   5.00    0.434    0.208   0.451   0.169
16.39   5.00    0.434    0.206   0.451   0.168

16.40   0.00    0.168    0.167   0.032   0.036   0.005   0.006   0.082   0.006   0.000   0.000   0.000 1022835000
16.40   4.86   49.288
16.40   5.00    0.281    0.170
16.40   5.00    0.451   49.685
16.40   5.00    0.434    0.208   0.451   0.169
16.40   5.00    0.434    0.206   0.451   0.168

16.41   0.00    0.168    0.167   0.032   0.036   0.005   0.006   0.082   0.006   0.000   0.000   0.000 1023459000
16.41   4.86   49.281
16.41   5.00    0.281    0.170
16.41   5.00    0.451   49.679
16.41   5.00    0.434    0.208   0.451   0.169
16.41   5.00    0.434    0.206   0.451   0.168

16.42   0.00    0.168    0.167   0.032   0.036   0.005   0.006   0.082   0.006   0.000   0.000   0.000 1024082000
16.42   4.86   49.275
16.42   5.00    0.281    0.170
16.42   5.00    0.450   49.673
16.42   5.00    0.434    0.208   0.450   0.169
16.42   5.00    0.434    0.206   0.450   0.168

16.43   0.00    0.168    0.167   0.032   0.036   0.005   0.006   0.082   0.006   0.000   0.000   0.000 1024706000
16.43   4.86   49.269
16.43   5.00    0.281    0.170
16.43   5.00    0.450   49.668
16.43   5.00    0.434    0.208   0.450   0.169
16.43   5.00    0.434    0.206   0.450   0.168

16.44   0.00    0.168    0.167   0.032   0.036   0.005   0.006   0.082   0.006   0.000   0.000   0.000 1025330000
16.44   4.86   49.263
16.44   5.00    0.281    0.170
16.44   5.00    0.450   49.662
16.44   5.00    0.434    0.208   0.450   0.169
16.44   5.00    0.434    0.206   0.450   0.168

16.45   0.00    0.168    0.167   0.032   0.036   0.005   0.006   0.082   0.006   0.000   0.000   0.000 1025953000
16.45   4.86   49.256
16.45   5.00    0.281    0.170
16.45   5.00    0.450   49.656
16.45   5.00    0.434    0.208   0.450   0.169
16.45   5.00    0.434    0.206   0.450   0.168

16.46   0.00    0.168    0.166   0.032   0.036   0.005   0.006   0.082   0.006   0.000   0.000   0.000 1026577000
16.46   4.86   49.250
16.46   5.00    0.281    0.170
16.46   5.00    0.450   49.651
16.46   5.00    0.434    0.207   0.450   0.169
16.46   5.00    0.434    0.206   0.450   0.168

16.47   0.00    0.168    0.166   0.032   0.036   0.005   0.006   0.082   0.006   0.000   0.000   0.000 1027201000
16.47   4.85   49.244
16.47   5.00    0.280    0.170
16.47   5.00    0.450   49.645
16.47   5.00    0.434    0.207   0.450   0.169
16.47   5.00    0.434    0.206   0.450   0.168

16.48   0.00    0.168    0.166   0.032   0.036   0.005   0.006   0.082   0.006   0.000   0.000   0.000 1027824000
16.48   4.85   49.238
16.48   5.00    0.280    0.169
16.48   5.00    0.450   49.639
16.48   5.00    0.433    0.207   0.450   0.169
16.48   5.00    0.434    0.206   0.450   0.168

16.49   0.00    0.168    0.166   0.032   0.036   0.005   0.006   0.082   0.006   0.000   0.000   0.000 1028448000
16.49   4.85   49.231
16.49   5.00    0.280    0.169
16.49   5.00    0.450   49.634
16.49   5.00    0.433    0.207   0.450   0.169
16.49   5.00    0.433    0.206   0.450   0.168

16.50   0.00    0.168    0.166   0.032   0.036   0.005   0.006   0.082   0.006   0.000   0.000   0.000 1029072000
16.50   4.85   49.225
16.50   5.00    0.280    0.169
16.50   5.00    0.450   49.628
16.50   5.00    0.433    0.207   0.450   0.169
16.50   5.00    0.433    0.206   0.450   0.168

16.51   0.00    0.168    0.166   0.032   0.036   0.005   0.006   0.082   0.006   0.000   0.000   0.000 1029695000
16.51   4.85   49.219
16.51   5.00    0.280    0.169
16.51   5.00    0.450   49.622
16.51   5.00    0.433    0.207   0.450   0.169
16.51   5.00    0.433    0.206   0.450   0.168

16.52   0.00    0.168    0.166   0.032   0.036   0.005   0.006   0.082   0.006   0.000   0.000   0.000 1030319000
16.52   4.85   49.213
16.52   5.00    0.280    0.169
16.52   5.00    0.449   49.617
16.52   5.00    0.433    0.207   0.449   0.169
16.52   5.00    0.433    0.206   0.449   0.168

16.53   0.00    0.168    0.166   0.032   0.036   0.005   0.006   0.082   0.006   0.000   0.000   0.000 1030943000
16.53   4.85   49.207
16.53   5.00    0.280    0.169
16.53   5.00    0.449   49.611
16.53   5.00    0.433    0.207   0.449   0.169
16.53   5.00    0.433    0.206   0.449   0.168

16.54   0.00    0.168    0.166   0.032   0.036   0.005   0.006   0.082   0.006   0.000   0.000   0.000 1031566000
16.54   4.85   49.200
16.54   5.00    0.280    0.169
16.54   5.00    0.449   49.605
16.54   5.00    0.433    0.207   0.449   0.169
16.54   5.00    0.433    0.206   0.449   0.168

16.55   0.00    0.168    0.166   0.032   0.036   0.005   0.006   0.082   0.006   0.000   0.000   0.000 1032190000
16.55   4.84   49.194
16.55   5.00    0.280    0.169
16.55   5.00    0.449   49.600
16.55   5.00    0.433    0.207   0.449   0.169
16.55   5.00    0.433    0.206   0.449   0.168

16.56   0.00    0.168    0.166   0.032   0.036   0.005   0.006   0.082   0.006   0.000   0.000   0.000 1032814000
16.56   4.84   49.188
16.56   5.00    0.280    0.169
16.56   5.00    0.449   49.594
16.56   5.00    0.433    0.207   0.449   0.169
16.56   5.00    0.433    0.206   0.449   0.168

16.57   0.00    0.168    0.166   0.032   0.036   0.005   0.006   0.082   0.006   0.000   0.000   0.000 1033437000
16.57   4.84   49.182
16.57   5.00    0.280    0.169
16.57   5.00    0.449   49.588
16.57   5.00    0.432    0.207   0.449   0.169
16.57   5.00    0.433    0.206   0.449   0.168

16.58   0.00    0.168    0.166   0.032   0.036   0.005   0.006   0.082   0.006   0.000   0.000   0.000 1034061000
16.58   4.84   49.176
16.58   5.00    0.280    0.169
16.58   5.00    0.449   49.583
16.58   5.00    0.432    0.207   0.449   0.169
16.58   5.00    0.432    0.206   0.449   0.168

16.59   0.00    0.168    0.166   0.032   0.036   0.005   0.006   0.082   0.006   0.000   0.000   0.000 1034685000
16.59   4.84   49.170
16.59   5.00    0.279    0.169
16.59   5.00    0.449   49.577
16.59   5.00    0.432    0.207   0.449   0.169
16.59   5.00    0.432    0.206   0.449   0.168

16.60   0.00    0.168    0.166   0.032   0.036   0.005   0.006   0.082   0.006   0.000   0.000   0.000 1035308000
16.60   4.84   49.163
16.60   5.00    0.279    0.169
16.60   5.00    0.449   49.571
16.60   5.00    0.432    0.207   0.449   0.169
16.60   5.00    0.432    0.206   0.449   0.168

16.61   0.00    0.168    0.166   0.032   0.036   0.005   0.006   0.082   0.006   0.000   0.000   0.000 1035932000
16.61   4.84   49.157
16.61   5.00    0.279    0.169
16.61   5.00    0.448   49.566
16.61   5.00    0.432    0.207   0.448   0.169
16.61   5.00    0.432    0.206   0.448   0.168

16.62   0.00    0.168    0.166   0.032   0.036   0.005   0.006   0.082   0.006   0.000   0.000   0.000 1036556000
16.62   4.84   49.151
16.62   5.00    0.279    0.169
16.62   5.00    0.448   49.560
16.62   5.00    0.432    0.207   0.448   0.169
16.62   5.00    0.432    0.206   0.448   0.168

16.63   0.00    0.168    0.166   0.032   0.036   0.005   0.006   0.082   0.006   0.000   0.000   0.000 1037179000
16.63   4.83   49.145
16.63   5.00    0.279    0.169
16.63   5.00    0.448   49.555
16.63   5.00    0.432    0.207   0.448   0.169
16.63   5.00    0.432    0.206   0.448   0.168

16.64   0.00    0.168    0.166   0.032   0.036   0.005   0.006   0.082   0.006   0.000   0.000   0.000 1037803000
16.64   4.83   49.139
16.64   5.00    0.279    0.169
16.64   5.00    0.448   49.549
16.64   5.00    0.432    0.207   0.448   0.169
16.64   5.00    0.432    0.206   0.448   0.168

16.65   0.00    0.168    0.166   0.032   0.036   0.005   0.006   0.082   0.006   0.000   0.000   0.000 1038427000
16.65   4.83   49.133
16.65   5.00    0.279    0.169
16.65   5.00    0.448   49.543
16.65   5.00    0.432    0.207   0.448   0.169
16.65   5.00    0.432    0.206   0.448   0.168

16.66   0.00    0.168    0.166   0.032   0.036   0.005   0.006   0.082   0.006   0.000   0.000   0.000 1039051000
16.66   4.83   49.126
16.66   5.00    0.279    0.169
16.66   5.00    0.448   49.538
16.66   5.00    0.432    0.207   0.448   0.169
16.66   5.00    0.432    0.206   0.448   0.168

16.67   0.00    0.167    0.166   0.032   0.036   0.005   0.006   0.082   0.006   0.000   0.000   0.000 1039674000
16.67   4.83   49.120
16.67   5.00    0.279    0.169
16.67   5.00    0.448   49.532
16.67   5.00    0.431    0.207   0.448   0.169
16.67   5.00    0.432    0.206   0.448   0.168

16.68   0.00    0.167    0.166   0.032   0.036   0.005   0.006   0.082   0.006   0.000   0.000   0.000 1040298000
16.68   4.83   49.114
16.68   5.00    0.279    0.169
16.68   5.00    0.448   49.527
16.68   5.00    0.431    0.207   0.448   0.169
16.68   5.00    0.431    0.206   0.448   0.168

16.69   0.00    0.167    0.166   0.032   0.036   0.005   0.006   0.082   0.006   0.000   0.000   0.000 1040922000
16.69   4.83   49.108
16.69   5.00    0.279    0.169
16.69   5.00    0.448   49.521
16.69   5.00    0.431    0.207   0.448   0.169
16.69   5.00    0.431    0.206   0.448   0.168

16.70   0.00    0.167    0.166   0.032   0.036   0.005   0.006   0.082   0.006   0.000   0.000   0.000 1041545000
16.70   4.83   49.102
16.70   5.00    0.278    0.169
16.70   5.00    0.448   49.515
16.70   5.00    0.431    0.207   0.448   0.169
16.70   5.00    0.431    0.206   0.448   0.168

16.71   0.00    0.167    0.166   0.032   0.036   0.005   0.006   0.082   0.006   0.000   0.000   0.000 1042169000
16.71   4.82   49.096
16.71   5.00    0.278    0.169
16.71   5.00    0.447   49.510
16.71   5.00    0.431    0.207   0.447   0.169
16.71   5.00    0.431    0.206   0.447   0.168

16.72   0.00    0.167    0.166   0.032   0.036   0.005   0.006   0.082   0.006   0.000   0.000   0.000 1042793000
16.72   4.82   49.090
16.72   5.00    0.278    0.169
16.72   5.00    0.447   49.504
16.72   5.00    0.431    0.207   0.447   0.169
16.72   5.00    0.431    0.206   0.447   0.168

16.73   0.00    0.167    0.166   0.032   0.036   0.005   0.006   0.082   0.006   0.000   0.000   0.000 1043416000
16.73   4.82   49.084
16.73   5.00    0.278    0.169
16.73   5.00    0.447   49.499
16.73   5.00    0.431    0.207   0.447   0.169
16.73   5.00    0.431    0.206   0.447   0.168

16.74   0.00    0.167    0.166   0.032   0.036   0.005   0.006   0.082   0.006   0.000   0.000   0.000 1044040000
16.74   4.82   49.078
16.74   5.00    0.278    0.169
16.74   5.00    0.447   49.493
16.74   5.00    0.431    0.207   0.447   0.169
16.74   5.00    0.431    0.206   0.447   0.168

16.75   0.00    0.167    0.166   0.032   0.036   0.005   0.006   0.082   0.006   0.000   0.000   0.000 1044664000
16.75   4.82   49.072
16.75   5.00    0.278    0.169
16.75   5.00    0.447   49.488
16.75   5.00    0.431    0.207   0.447   0.169
16.75   5.00    0.431    0.206   0.447   0.168

16.76   0.00    0.167    0.166   0.032   0.036   0.005   0.006   0.082   0.006   0.000   0.000   0.000 1045287000
16.76   4.82   49.065
16.76   5.00    0.278    0.169
16.76   5.00    0.447   49.482
16.76   5.00    0.430    0.207   0.447   0.169
16.76   5.00    0.431    0.206   0.447   0.168

16.77   0.00    0.167    0.166   0.032   0.036   0.005   0.006   0.082   0.006   0.000   0.000   0.000 1045911000
16.77   4.82   49.059
16.77   5.00    0.278    0.169
16.77   5.00    0.447   49.476
16.77   5.00    0.430    0.207   0.447   0.169
16.77   5.00    0.430    0.206   0.447   0.168

16.78   0.00    0.167    0.166   0.032   0.036   0.005   0.006   0.082   0.006   0.000   0.000   0.000 1046535000
16.78   4.82   49.053
16.78   5.00    0.278    0.169
16.78   5.00    0.447   49.471
16.78   5.00    0.430    0.207   0.447   0.169
16.78   5.00    0.430    0.206   0.447   0.168

16.79   0.00    0.167    0.166   0.032   0.036   0.005   0.006   0.082   0.006   0.000   0.000   0.000 1047158000
16.79   4.81   49.047
16.79   5.00    0.278    0.169
16.79   5.00    0.447   49.465
16.79   5.00    0.430    0.207   0.447   0.169
16.79   5.00    0.430    0.206   0.447   0.168

16.80   0.00    0.167    0.166   0.032   0.036   0.005   0.006   0.082   0.006   0.000   0.000   0.000 1047782000
16.80   4.81   49.041
16.80   5.00    0.278    0.169
16.80   5.00    0.446   49.460
16.80   5.00    0.430    0.207   0.446   0.169
16.80   5.00    0.430    0.206   0.446   0.168

16.81   0.00    0.167    0.166   0.032   0.036   0.005   0.006   0.082   0.006   0.000   0.000   0.000 1048406000
16.81   4.81   49.035
16.81   5.00    0.278    0.169
16.81   5.00    0.446   49.454
16.81   5.00    0.430    0.207   0.446   0.169
16.81   5.00    0.430    0.206   0.446   0.168

16.82   0.00    0.167    0.166   0.032   0.036   0.005   0.006   0.082   0.006   0.000   0.000   0.000 1049029000
16.82   4.81   49.029
16.82   5.00    0.277    0.169
16.82   5.00    0.446   49.449
16.82   5.00    0.430    0.207   0.446   0.169
16.82   5.00    0.430    0.206   0.446   0.168

16.83   0.00    0.167    0.166   0.032   0.036   0.005   0.006   0.082   0.006   0.000   0.000   0.000 1049653000
16.83   4.81   49.023
16.83   5.00    0.277    0.169
16.83   5.00    0.446   49.443
16.83   5.00    0.430    0.207   0.446   0.169
16.83   5.00    0.430    0.206   0.446   0.168

16.84   0.00    0.167    0.166   0.032   0.036   0.005   0.006   0.082   0.006   0.000   0.000   0.000 1050277000
16.84   4.81   49.017
16.84   5.00    0.277    0.169
16.84   5.00    0.446   49.438
16.84   5.00    0.430    0.207   0.446   0.169
16.84   5.00    0.430    0.206   0.446   0.168

16.85   0.00    0.167    0.166   0.032   0.036   0.005   0.006   0.082   0.006   0.000   0.000   0.000 1050900000
16.85   4.81   49.011
16.85   5.00    0.277    0.169
16.85   5.00    0.446   49.432
16.85   5.00    0.430    0.207   0.446   0.169
16.85   5.00    0.430    0.206   0.446   0.168

16.86   0.00    0.167    0.166   0.032   0.036   0.005   0.006   0.082   0.006   0.000   0.000   0.000 1051524000
16.86   4.81   49.005
16.86   5.00    0.277    0.169
16.86   5.00    0.446   49.427
16.86   5.00    0.429    0.207   0.446   0.169
16.86   5.00    0.430    0.206   0.446   0.168

16.87   0.00    0.167    0.166   0.032   0.036   0.005   0.006   0.082   0.006   0.000   0.000   0.000 1052148000
16.87   4.80   48.999
16.87   5.00    0.277    0.169
16.87   5.00    0.446   49.421
16.87   5.00    0.429    0.207   0.446   0.169
16.87   5.00    0.429    0.206   0.446   0.168

16.88   0.00    0.167    0.166   0.032   0.036   0.005   0.006   0.082   0.006   0.000   0.000   0.000 1052771000
16.88   4.80   48.993
16.88   5.00    0.277    0.169
16.88   5.00    0.446   49.416
16.88   5.00    0.429    0.207   0.446   0.169
16.88   5.00    0.429    0.206   0.446   0.168

16.89   0.00    0.167    0.166   0.032   0.036   0.005   0.006   0.082   0.006   0.000   0.000   0.000 1053395000
16.89   4.80   48.987
16.89   5.00    0.277    0.169
16.89   5.00    0.446   49.410
16.89   5.00    0.429    0.207   0.446   0.169
16.89   5.00    0.429    0.206   0.446   0.168

16.90   0.00    0.167    0.166   0.032   0.036   0.005   0.006   0.082   0.006   0.000   0.000   0.000 1054019000
16.90   4.80   48.981
16.90   5.00    0.277    0.169
16.90   5.00    0.445   49.405
16.90   5.00    0.429    0.207   0.445   0.169
16.90   5.00    0.429    0.206   0.445   0.168

16.91   0.00    0.167    0.166   0.032   0.036   0.005   0.006   0.082   0.006   0.000   0.000   0.000 1054643000
16.91   4.80   48.975
16.91   5.00    0.277    0.169
16.91   5.00    0.445   49.399
16.91   5.00    0.429    0.207   0.445   0.169
16.91   5.00    0.429    0.206   0.445   0.168

16.92   0.00    0.167    0.166   0.032   0.036   0.005   0.006   0.082   0.006   0.000   0.000   0.000 1055266000
16.92   4.80   48.969
16.92   5.00    0.277    0.169
16.92   5.00    0.445   49.394
16.92   5.00    0.429    0.207   0.445   0.169
16.92   5.00    0.429    0.206   0.445   0.168

16.93   0.00    0.167    0.166   0.032   0.036   0.005   0.006   0.082   0.006   0.000   0.000   0.000 1055890000
16.93   4.80   48.963
16.93   5.00    0.277    0.169
16.93   5.00    0.445   49.388
16.93   5.00    0.429    0.207   0.445   0.169
16.93   5.00    0.429    0.206   0.445   0.168

16.94   0.00    0.167    0.166   0.032   0.036   0.005   0.006   0.082   0.006   0.000   0.000   0.000 1056514000
16.94   4.80   48.957
16.94   5.00    0.276    0.169
16.94   5.00    0.445   49.383
16.94   5.00    0.429    0.207   0.445   0.169
16.94   5.00    0.429    0.206   0.445   0.168

16.95   0.00    0.167    0.166   0.032   0.036   0.005   0.006   0.082   0.006   0.000   0.000   0.000 1057137000
16.95   4.79   48.951
16.95   5.00    0.276    0.169
16.95   5.00    0.445   49.377
16.95   5.00    0.429    0.207   0.445   0.169
16.95   5.00    0.429    0.206   0.445   0.168

16.96   0.00    0.167    0.166   0.032   0.036   0.005   0.006   0.082   0.006   0.000   0.000   0.000 1057761000
16.96   4.79   48.945
16.96   5.00    0.276    0.169
16.96   5.00    0.445   49.372
16.96   5.00    0.428    0.207   0.445   0.169
16.96   5.00    0.429    0.206   0.445   0.168

16.97   0.00    0.167    0.166   0.032   0.036   0.004   0.006   0.082   0.006   0.000   0.000   0.000 1058385000
16.97   4.79   48.939
16.97   5.00    0.276    0.168
16.97   5.00    0.445   49.366
16.97   5.00    0.428    0.207   0.445   0.169
16.97   5.00    0.428    0.206   0.445   0.168

16.98   0.00    0.167    0.166   0.032   0.036   0.004   0.006   0.082   0.006   0.000   0.000   0.000 1059008000
16.98   4.79   48.933
16.98   5.00    0.276    0.168
16.98   5.00    0.445   49.361
16.98   5.00    0.428    0.207   0.445   0.169
16.98   5.00    0.428    0.206   0.445   0.168

16.99   0.00    0.167    0.166   0.032   0.036   0.004   0.006   0.082   0.006   0.000   0.000   0.000 1059632000
16.99   4.79   48.927
16.99   5.00    0.276    0.168
16.99   5.00    0.445   49.355
16.99   5.00    0.428    0.207   0.445   0.169
16.99   5.00    0.428    0.206   0.445   0.168

17.00   0.00    0.167    0.166   0.032   0.036   0.004   0.006   0.082   0.006   0.000   0.000   0.000 1060256000
17.00   4.79   48.921
17.00   5.00    0.276    0.168
17.00   5.00    0.444   49.350
17.00   5.00    0.428    0.207   0.444   0.169
17.00   5.00    0.428    0.206   0.444   0.168

17.01   0.00    0.167    0.166   0.032   0.036   0.004   0.006   0.082   0.006   0.000   0.000   0.000 1060879000
17.01   4.79   48.915
17.01   5.00    0.276    0.168
17.01   5.00    0.444   49.344
17.01   5.00    0.428    0.207   0.444   0.169
17.01   5.00    0.428    0.206   0.444   0.168

17.02   0.00    0.167    0.166   0.032   0.036   0.004   0.006   0.082   0.006   0.000   0.000   0.000 1061503000
17.02   4.79   48.909
17.02   5.00    0.276    0.168
17.02   5.00    0.444   49.339
17.02   5.00    0.428    0.207   0.444   0.169
17.02   5.00    0.428    0.206   0.444   0.168

17.03   0.00    0.167    0.166   0.032   0.036   0.004   0.006   0.082   0.006   0.000   0.000   0.000 1062127000
17.03   4.78   48.903
17.03   5.00    0.276    0.168
17.03   5.00    0.444   49.334
17.03   5.00    0.428    0.207   0.444   0.169
17.03   5.00    0.428    0.206   0.444   0.168

17.04   0.00    0.167    0.166   0.032   0.036   0.004   0.006   0.082   0.006   0.000   0.000   0.000 1062750000
17.04   4.78   48.897
17.04   5.00    0.276    0.168
17.04   5.00    0.444   49.328
17.04   5.00    0.428    0.207   0.444   0.169
17.04   5.00    0.428    0.206   0.444   0.168

17.05   0.00    0.167    0.166   0.032   0.036   0.004   0.006   0.082   0.006   0.000   0.000   0.000 1063374000
17.05   4.78   48.891
17.05   5.00    0.276    0.168
17.05   5.00    0.444   49.323
17.05   5.00    0.428    0.207   0.444   0.169
17.05   5.00    0.428    0.206   0.444   0.168

17.06   0.00    0.167    0.166   0.032   0.036   0.004   0.006   0.082   0.006   0.000   0.000   0.000 1063998000
17.06   4.78   48.885
17.06   5.00    0.276    0.168
17.06   5.00    0.444   49.317
17.06   5.00    0.427    0.207   0.444   0.169
17.06   5.00    0.428    0.206   0.444   0.168

17.07   0.00    0.167    0.166   0.032   0.036   0.004   0.006   0.082   0.006   0.000   0.000   0.000 1064621000
17.07   4.78   48.879
17.07   5.00    0.275    0.168
17.07   5.00    0.444   49.312
17.07   5.00    0.427    0.207   0.444   0.169
17.07   5.00    0.427    0.206   0.444   0.168

17.08   0.00    0.167    0.166   0.032   0.036   0.004   0.006   0.082   0.006   0.000   0.000   0.000 1065245000
17.08   4.78   48.873
17.08   5.00    0.275    0.168
17.08   5.00    0.444   49.306
17.08   5.00    0.427    0.207   0.444   0.169
17.08   5.00    0.427    0.206   0.444   0.168

17.09   0.00    0.167    0.166   0.032   0.036   0.004   0.006   0.082   0.006   0.000   0.000   0.000 1065869000
17.09   4.78   48.868
17.09   5.00    0.275    0.168
17.09   5.00    0.444   49.301
17.09   5.00    0.427    0.207   0.444   0.169
17.09   5.00    0.427    0.206   0.444   0.167

17.10   0.00    0.167    0.166   0.032   0.036   0.004   0.006   0.082   0.006   0.000   0.000   0.000 1066492000
17.10   4.78   48.862
17.10   5.00    0.275    0.168
17.10   5.00    0.443   49.295
17.10   5.00    0.427    0.207   0.443   0.169
17.10   5.00    0.427    0.206   0.443   0.167

17.11   0.00    0.167    0.166   0.032   0.036   0.004   0.006   0.082   0.006   0.000   0.000   0.000 1067116000
17.11   4.78   48.856
17.11   5.00    0.275    0.168
17.11   5.00    0.443   49.290
17.11   5.00    0.427    0.207   0.443   0.169
17.11   5.00    0.427    0.205   0.443   0.167

17.12   0.00    0.167    0.166   0.032   0.036   0.004   0.006   0.082   0.006   0.000   0.000   0.000 1067740000
17.12   4.77   48.850
17.12   5.00    0.275    0.168
17.12   5.00    0.443   49.285
17.12   5.00    0.427    0.207   0.443   0.169
17.12   5.00    0.427    0.205   0.443   0.167

17.13   0.00    0.167    0.166   0.032   0.036   0.004   0.006   0.082   0.006   0.000   0.000   0.000 1068363000
17.13   4.77   48.844
17.13   5.00    0.275    0.168
17.13   5.00    0.443   49.279
17.13   5.00    0.427    0.207   0.443   0.169
17.13   5.00    0.427    0.205   0.443   0.167

17.14   0.00    0.167    0.166   0.032   0.036   0.004   0.006   0.082   0.006   0.000   0.000   0.000 1068987000
17.14   4.77   48.838
17.14   5.00    0.275    0.168
17.14   5.00    0.443   49.274
17.14   5.00    0.427    0.206   0.443   0.169
17.14   5.00    0.427    0.205   0.443   0.167

17.15   0.00    0.167    0.166   0.032   0.036   0.004   0.006   0.082   0.006   0.000   0.000   0.000 1069611000
17.15   4.77   48.832
17.15   5.00    0.275    0.168
17.15   5.00    0.443   49.268
17.15   5.00    0.427    0.206   0.443   0.169
17.15   5.00    0.427    0.205   0.443   0.167

17.16   0.00    0.167    0.166   0.032   0.036   0.004   0.006   0.082   0.006   0.000   0.000   0.000 1070234000
17.16   4.77   48.826
17.16   5.00    0.275    0.168
17.16   5.00    0.443   49.263
17.16   5.00    0.426    0.206   0.443   0.169
17.16   5.00    0.427    0.205   0.443   0.167

17.17   0.00    0.167    0.166   0.032   0.036   0.004   0.006   0.082   0.006   0.000   0.000   0.000 1070858000
17.17   4.77   48.820
17.17   5.00    0.275    0.168
17.17   5.00    0.443   49.258
17.17   5.00    0.426    0.206   0.443   0.169
17.17   5.00    0.426    0.205   0.443   0.167

17.18   0.00    0.167    0.166   0.032   0.036   0.004   0.006   0.082   0.006   0.000   0.000   0.000 1071482000
17.18   4.77   48.814
17.18   5.00    0.275    0.168
17.18   5.00    0.443   49.252
17.18   5.00    0.426    0.206   0.443   0.169
17.18   5.00    0.426    0.205   0.443   0.167

17.19   0.00    0.167    0.166   0.032   0.036   0.004   0.006   0.082   0.006   0.000   0.000   0.000 1072106000
17.19   4.77   48.809
17.19   5.00    0.274    0.168
17.19   5.00    0.443   49.247
17.19   5.00    0.426    0.206   0.443   0.168
17.19   5.00    0.426    0.205   0.443   0.167

17.20   0.00    0.167    0.166   0.032   0.036   0.004   0.006   0.082   0.006   0.000   0.000   0.000 1072729000
17.20   4.76   48.803
17.20   5.00    0.274    0.168
17.20   5.00    0.442   49.241
17.20   5.00    0.426    0.206   0.442   0.168
17.20   5.00    0.426    0.205   0.442   0.167

17.21   0.00    0.167    0.166   0.032   0.036   0.004   0.006   0.082   0.006   0.000   0.000   0.000 1073353000
17.21   4.76   48.797
17.21   5.00    0.274    0.168
17.21   5.00    0.442   49.236
17.21   5.00    0.426    0.206   0.442   0.168
17.21   5.00    0.426    0.205   0.442   0.167

17.22   0.00    0.167    0.166   0.032   0.036   0.004   0.006   0.082   0.006   0.000   0.000   0.000 1073977000
17.22   4.76   48.791
17.22   5.00    0.274    0.168
17.22   5.00    0.442   49.231
17.22   5.00    0.426    0.206   0.442   0.168
17.22   5.00    0.426    0.205   0.442   0.167

17.23   0.00    0.167    0.166   0.032   0.036   0.004   0.006   0.082   0.006   0.000   0.000   0.000 1074600000
17.23   4.76   48.785
17.23   5.00    0.274    0.168
17.23   5.00    0.442   49.225
17.23   5.00    0.426    0.206   0.442   0.168
17.23   5.00    0.426    0.205   0.442   0.167

17.24   0.00    0.167    0.166   0.032   0.036   0.004   0.006   0.082   0.006   0.000   0.000   0.000 1075224000
17.24   4.76   48.779
17.24   5.00    0.274    0.168
17.24   5.00    0.442   49.220
17.24   5.00    0.426    0.206   0.442   0.168
17.24   5.00    0.426    0.205   0.442   0.167

17.25   0.00    0.167    0.166   0.032   0.036   0.004   0.006   0.082   0.006   0.000   0.000   0.000 1075848000
17.25   4.76   48.773
17.25   5.00    0.274    0.168
17.25   5.00    0.442   49.215
17.25   5.00    0.426    0.206   0.442   0.168
17.25   5.00    0.426    0.205   0.442   0.167

17.26   0.00    0.167    0.166   0.032   0.036   0.004   0.006   0.082   0.006   0.000   0.000   0.000 1076471000
17.26   4.76   48.768
17.26   5.00    0.274    0.168
17.26   5.00    0.442   49.209
17.26   5.00    0.425    0.206   0.442   0.168
17.26   5.00    0.426    0.205   0.442   0.167

17.27   0.00    0.167    0.166   0.032   0.036   0.004   0.006   0.082   0.006   0.000   0.000   0.000 1077095000
17.27   4.76   48.762
17.27   5.00    0.274    0.168
17.27   5.00    0.442   49.204
17.27   5.00    0.425    0.206   0.442   0.168
17.27   5.00    0.425    0.205   0.442   0.167

17.28   0.00    0.167    0.166   0.032   0.036   0.004   0.006   0.082   0.006   0.000   0.000   0.000 1077719000
17.28   4.76   48.756
17.28   5.00    0.274    0.168
17.28   5.00    0.442   49.199
17.28   5.00    0.425    0.206   0.442   0.168
17.28   5.00    0.425    0.205   0.442   0.167

17.29   0.00    0.167    0.166   0.032   0.036   0.004   0.006   0.082   0.006   0.000   0.000   0.000 1078342000
17.29   4.75   48.750
17.29   5.00    0.274    0.168
17.29   5.00    0.442   49.193
17.29   5.00    0.425    0.206   0.442   0.168
17.29   5.00    0.425    0.205   0.442   0.167

17.30   0.00    0.167    0.166   0.032   0.036   0.004   0.006   0.082   0.006   0.000   0.000   0.000 1078966000
17.30   4.75   48.744
17.30   5.00    0.274    0.168
17.30   5.00    0.441   49.188
17.30   5.00    0.425    0.206   0.441   0.168
17.30   5.00    0.425    0.205   0.441   0.167

17.31   0.00    0.167    0.166   0.032   0.036   0.004   0.006   0.082   0.006   0.000   0.000   0.000 1079590000
17.31   4.75   48.738
17.31   5.00    0.274    0.168
17.31   5.00    0.441   49.183
17.31   5.00    0.425    0.206   0.441   0.168
17.31   5.00    0.425    0.205   0.441   0.167

17.32   0.00    0.167    0.166   0.032   0.036   0.004   0.006   0.082   0.006   0.000   0.000   0.000 1080213000
17.32   4.75   48.733
17.32   5.00    0.273    0.168
17.32   5.00    0.441   49.177
17.32   5.00    0.425    0.206   0.441   0.168
17.32   5.00    0.425    0.205   0.441   0.167

17.33   0.00    0.167    0.166   0.032   0.036   0.004   0.006   0.082   0.006   0.000   0.000   0.000 1080837000
17.33   4.75   48.727
17.33   5.00    0.273    0.168
17.33   5.00    0.441   49.172
17.33   5.00    0.425    0.206   0.441   0.168
17.33   5.00    0.425    0.205   0.441   0.167

17.34   0.00    0.167    0.166   0.032   0.036   0.004   0.006   0.082   0.006   0.000   0.000   0.000 1081461000
17.34   4.75   48.721
17.34   5.00    0.273    0.168
17.34   5.00    0.441   49.167
17.34   5.00    0.425    0.206   0.441   0.168
17.34   5.00    0.425    0.205   0.441   0.167

17.35   0.00    0.167    0.166   0.032   0.036   0.004   0.006   0.082   0.006   0.000   0.000   0.000 1082084000
17.35   4.75   48.715
17.35   5.00    0.273    0.168
17.35   5.00    0.441   49.161
17.35   5.00    0.425    0.206   0.441   0.168
17.35   5.00    0.425    0.205   0.441   0.167

17.36   0.00    0.167    0.166   0.032   0.036   0.004   0.006   0.082   0.006   0.000   0.000   0.000 1082708000
17.36   4.75   48.709
17.36   5.00    0.273    0.168
17.36   5.00    0.441   49.156
17.36   5.00    0.424    0.206   0.441   0.168
17.36   5.00    0.425    0.205   0.441   0.167

17.37   0.00    0.167    0.166   0.032   0.036   0.004   0.006   0.082   0.006   0.000   0.000   0.000 1083332000
17.37   4.75   48.704
17.37   5.00    0.273    0.168
17.37   5.00    0.441   49.151
17.37   5.00    0.424    0.206   0.441   0.168
17.37   5.00    0.424    0.205   0.441   0.167

17.38   0.00    0.167    0.166   0.032   0.036   0.004   0.006   0.082   0.006   0.000   0.000   0.000 1083955000
17.38   4.74   48.698
17.38   5.00    0.273    0.168
17.38   5.00    0.441   49.145
17.38   5.00    0.424    0.206   0.441   0.168
17.38   5.00    0.424    0.205   0.441   0.167

17.39   0.00    0.167    0.166   0.032   0.036   0.004   0.006   0.082   0.006   0.000   0.000   0.000 1084579000
17.39   4.74   48.692
17.39   5.00    0.273    0.168
17.39   5.00    0.441   49.140
17.39   5.00    0.424    0.206   0.441   0.168
17.39   5.00    0.424    0.205   0.441   0.167

17.40   0.00    0.167    0.166   0.032   0.036   0.004   0.006   0.082   0.006   0.000   0.000   0.000 1085203000
17.40   4.74   48.686
17.40   5.00    0.273    0.168
17.40   5.00    0.440   49.135
17.40   5.00    0.424    0.206   0.440   0.168
17.40   5.00    0.424    0.205   0.440   0.167

17.41   0.00    0.167    0.166   0.032   0.036   0.004   0.006   0.082   0.006   0.000   0.000   0.000 1085827000
17.41   4.74   48.681
17.41   5.00    0.273    0.168
17.41   5.00    0.440   49.129
17.41   5.00    0.424    0.206   0.440   0.168
17.41   5.00    0.424    0.205   0.440   0.167

17.42   0.00    0.167    0.166   0.032   0.036   0.004   0.006   0.082   0.006   0.000   0.000   0.000 1086450000
17.42   4.74   48.675
17.42   5.00    0.273    0.168
17.42   5.00    0.440   49.124
17.42   5.00    0.424    0.206   0.440   0.168
17.42   5.00    0.424    0.205   0.440   0.167

17.43   0.00    0.167    0.166   0.032   0.036   0.004   0.006   0.082   0.006   0.000   0.000   0.000 1087074000
17.43   4.74   48.669
17.43   5.00    0.273    0.168
17.43   5.00    0.440   49.119
17.43   5.00    0.424    0.206   0.440   0.168
17.43   5.00    0.424    0.205   0.440   0.167

17.44   0.00    0.167    0.166   0.032   0.036   0.004   0.006   0.082   0.006   0.000   0.000   0.000 1087698000
17.44   4.74   48.663
17.44   5.00    0.273    0.168
17.44   5.00    0.440   49.113
17.44   5.00    0.424    0.206   0.440   0.168
17.44   5.00    0.424    0.205   0.440   0.167

17.45   0.00    0.167    0.166   0.032   0.036   0.004   0.006   0.082   0.006   0.000   0.000   0.000 1088321000
17.45   4.74   48.657
17.45   5.00    0.272    0.168
17.45   5.00    0.440   49.108
17.45   5.00    0.424    0.206   0.440   0.168
17.45   5.00    0.424    0.205   0.440   0.167

17.46   0.00    0.167    0.166   0.032   0.036   0.004   0.006   0.082   0.006   0.000   0.000   0.000 1088945000
17.46   4.73   48.652
17.46   5.00    0.272    0.167
17.46   5.00    0.440   49.103
17.46   5.00    0.423    0.206   0.440   0.168
17.46   5.00    0.424    0.205   0.440   0.167

17.47   0.00    0.167    0.166   0.032   0.036   0.004   0.006   0.082   0.006   0.000   0.000   0.000 1089569000
17.47   4.73   48.646
17.47   5.00    0.272    0.167
17.47   5.00    0.440   49.098
17.47   5.00    0.423    0.206   0.440   0.168
17.47   5.00    0.423    0.205   0.440   0.167

17.48   0.00    0.167    0.166   0.032   0.036   0.004   0.006   0.082   0.006   0.000   0.000   0.000 1090192000
17.48   4.73   48.640
17.48   5.00    0.272    0.167
17.48   5.00    0.440   49.092
17.48   5.00    0.423    0.206   0.440   0.168
17.48   5.00    0.423    0.205   0.440   0.167

17.49   0.00    0.167    0.166   0.032   0.036   0.004   0.006   0.082   0.006   0.000   0.000   0.000 1090816000
17.49   4.73   48.635
17.49   5.00    0.272    0.167
17.49   5.00    0.440   49.087
17.49   5.00    0.423    0.206   0.440   0.168
17.49   5.00    0.423    0.205   0.440   0.167

17.50   0.00    0.167    0.166   0.032   0.036   0.004   0.006   0.082   0.006   0.000   0.000   0.000 1091440000
17.50   4.73   48.629
17.50   5.00    0.272    0.167
17.50   5.00    0.439   49.082
17.50   5.00    0.423    0.206   0.439   0.168
17.50   5.00    0.423    0.205   0.439   0.167

17.51   0.00    0.167    0.166   0.032   0.036   0.004   0.006   0.082   0.006   0.000   0.000   0.000 1092063000
17.51   4.73   48.623
17.51   5.00    0.272    0.167
17.51   5.00    0.439   49.076
17.51   5.00    0.423    0.206   0.439   0.168
17.51   5.00    0.423    0.205   0.439   0.167

17.52   0.00    0.167    0.166   0.032   0.036   0.004   0.006   0.082   0.006   0.000   0.000   0.000 1092687000
17.52   4.73   48.617
17.52   5.00    0.272    0.167
17.52   5.00    0.439   49.071
17.52   5.00    0.423    0.206   0.439   0.168
17.52   5.00    0.423    0.205   0.439   0.167

17.53   0.00    0.167    0.166   0.032   0.036   0.004   0.006   0.082   0.006   0.000   0.000   0.000 1093311000
17.53   4.73   48.612
17.53   5.00    0.272    0.167
17.53   5.00    0.439   49.066
17.53   5.00    0.423    0.206   0.439   0.168
17.53   5.00    0.423    0.205   0.439   0.167

17.54   0.00    0.167    0.166   0.032   0.036   0.004   0.006   0.082   0.006   0.000   0.000   0.000 1093934000
17.54   4.73   48.606
17.54   5.00    0.272    0.167
17.54   5.00    0.439   49.061
17.54   5.00    0.423    0.206   0.439   0.168
17.54   5.00    0.423    0.205   0.439   0.167

17.55   0.00    0.167    0.166   0.032   0.036   0.004   0.006   0.082   0.006   0.000   0.000   0.000 1094558000
17.55   4.72   48.600
17.55   5.00    0.272    0.167
17.55   5.00    0.439   49.055
17.55   5.00    0.423    0.206   0.439   0.168
17.55   5.00    0.423    0.205   0.439   0.167

17.56   0.00    0.167    0.166   0.032   0.036   0.004   0.006   0.082   0.006   0.000   0.000   0.000 1095182000
17.56   4.72   48.595
17.56   5.00    0.272    0.167
17.56   5.00    0.439   49.050
17.56   5.00    0.423    0.206   0.439   0.168
17.56   5.00    0.423    0.205   0.439   0.167

17.57   0.00    0.167    0.166   0.032   0.036   0.004   0.006   0.082   0.006   0.000   0.000   0.000 1095805000
17.57   4.72   48.589
17.57   5.00    0.272    0.167
17.57   5.00    0.439   49.045
17.57   5.00    0.422    0.206   0.439   0.168
17.57   5.00    0.423    0.205   0.439   0.167

17.58   0.00    0.167    0.166   0.032   0.036   0.004   0.006   0.082   0.006   0.000   0.000   0.000 1096429000
17.58   4.72   48.583
17.58   5.00    0.271    0.167
17.58   5.00    0.439   49.040
17.58   5.00    0.422    0.206   0.439   0.168
17.58   5.00    0.422    0.205   0.439   0.167

17.59   0.00    0.167    0.166   0.032   0.036   0.004   0.006   0.082   0.006   0.000   0.000   0.000 1097053000
17.59   4.72   48.577
17.59   5.00    0.271    0.167
17.59   5.00    0.439   49.034
17.59   5.00    0.422    0.206   0.439   0.168
17.59   5.00    0.422    0.205   0.439   0.167

17.60   0.00    0.167    0.166   0.032   0.036   0.004   0.006   0.082   0.006   0.000   0.000   0.000 1097676000
17.60   4.72   48.572
17.60   5.00    0.271    0.167
17.60   5.00    0.438   49.029
17.60   5.00    0.422    0.206   0.438   0.168
17.60   5.00    0.422    0.205   0.438   0.167

17.61   0.00    0.167    0.166   0.032   0.036   0.004   0.006   0.082   0.006   0.000   0.000   0.000 1098300000
17.61   4.72   48.566
17.61   5.00    0.271    0.167
17.61   5.00    0.438   49.024
17.61   5.00    0.422    0.206   0.438   0.168
17.61   5.00    0.422    0.205   0.438   0.167

17.62   0.00    0.167    0.166   0.032   0.036   0.004   0.006   0.082   0.006   0.000   0.000   0.000 1098924000
17.62   4.72   48.560
17.62   5.00    0.271    0.167
17.62   5.00    0.438   49.019
17.62   5.00    0.422    0.206   0.438   0.168
17.62   5.00    0.422    0.205   0.438   0.167

17.63   0.00    0.167    0.166   0.032   0.036   0.004   0.006   0.082   0.006   0.000   0.000   0.000 1099547000
17.63   4.72   48.555
17.63   5.00    0.271    0.167
17.63   5.00    0.438   49.013
17.63   5.00    0.422    0.206   0.438   0.168
17.63   5.00    0.422    0.205   0.438   0.167

17.64   0.00    0.167    0.166   0.032   0.036   0.004   0.006   0.082   0.006   0.000   0.000   0.000 1100171000
17.64   4.71   48.549
17.64   5.00    0.271    0.167
17.64   5.00    0.438   49.008
17.64   5.00    0.422    0.206   0.438   0.168
17.64   5.00    0.422    0.205   0.438   0.167

17.65   0.00    0.167    0.166   0.032   0.036   0.004   0.006   0.082   0.006   0.000   0.000   0.000 1100795000
17.65   4.71   48.543
17.65   5.00    0.271    0.167
17.65   5.00    0.438   49.003
17.65   5.00    0.422    0.206   0.438   0.168
17.65   5.00    0.422    0.205   0.438   0.167

17.66   0.00    0.167    0.166   0.032   0.036   0.004   0.006   0.082   0.006   0.000   0.000   0.000 1101418000
17.66   4.71   48.538
17.66   5.00    0.271    0.167
17.66   5.00    0.438   48.998
17.66   5.00    0.422    0.206   0.438   0.168
17.66   5.00    0.422    0.205   0.438   0.167

17.67   0.00    0.167    0.166   0.032   0.036   0.004   0.006   0.082   0.006   0.000   0.000   0.000 1102042000
17.67   4.71   48.532
17.67   5.00    0.271    0.167
17.67   5.00    0.438   48.993
17.67   5.00    0.421    0.206   0.438   0.168
17.67   5.00    0.422    0.205   0.438   0.167

17.68   0.00    0.167    0.166   0.032   0.036   0.004   0.006   0.082   0.006   0.000   0.000   0.000 1102666000
17.68   4.71   48.526
17.68   5.00    0.271    0.167
17.68   5.00    0.438   48.987
17.68   5.00    0.421    0.206   0.438   0.168
17.68   5.00    0.421    0.205   0.438   0.167

17.69   0.00    0.167    0.166   0.032   0.036   0.004   0.006   0.082   0.006   0.000   0.000   0.000 1103290000
17.69   4.71   48.521
17.69   5.00    0.271    0.167
17.69   5.00    0.438   48.982
17.69   5.00    0.421    0.206   0.438   0.168
17.69   5.00    0.421    0.205   0.438   0.167

17.70   0.00    0.167    0.166   0.032   0.036   0.004   0.006   0.082   0.006   0.000   0.000   0.000 1103913000
17.70   4.71   48.515
17.70   5.00    0.271    0.167
17.70   5.00    0.438   48.977
17.70   5.00    0.421    0.206   0.438   0.168
17.70   5.00    0.421    0.205   0.438   0.167

17.71   0.00    0.167    0.166   0.032   0.036   0.004   0.006   0.082   0.006   0.000   0.000   0.000 1104537000
17.71   4.71   48.509
17.71   5.00    0.270    0.167
17.71   5.00    0.437   48.972
17.71   5.00    0.421    0.206   0.437   0.168
17.71   5.00    0.421    0.205   0.437   0.167

17.72   0.00    0.167    0.166   0.032   0.036   0.004   0.006   0.082   0.006   0.000   0.000   0.000 1105161000
17.72   4.71   48.504
17.72   5.00    0.270    0.167
17.72   5.00    0.437   48.967
17.72   5.00    0.421    0.206   0.437   0.168
17.72   5.00    0.421    0.205   0.437   0.167

17.73   0.00    0.167    0.166   0.032   0.036   0.004   0.006   0.082   0.006   0.000   0.000   0.000 1105784000
17.73   4.70   48.498
17.73   5.00    0.270    0.167
17.73   5.00    0.437   48.961
17.73   5.00    0.421    0.206   0.437   0.168
17.73   5.00    0.421    0.205   0.437   0.167

17.74   0.00    0.167    0.166   0.032   0.036   0.004   0.006   0.082   0.006   0.000   0.000   0.000 1106408000
17.74   4.70   48.493
17.74   5.00    0.270    0.167
17.74   5.00    0.437   48.956
17.74   5.00    0.421    0.206   0.437   0.168
17.74   5.00    0.421    0.205   0.437   0.167

17.75   0.00    0.167    0.166   0.032   0.036   0.004   0.006   0.082   0.006   0.000   0.000   0.000 1107032000
17.75   4.70   48.487
17.75   5.00    0.270    0.167
17.75   5.00    0.437   48.951
17.75   5.00    0.421    0.206   0.437   0.168
17.75   5.00    0.421    0.205   0.437   0.167

17.76   0.00    0.167    0.166   0.032   0.036   0.004   0.006   0.082   0.006   0.000   0.000   0.000 1107655000
17.76   4.70   48.481
17.76   5.00    0.270    0.167
17.76   5.00    0.437   48.946
17.76   5.00    0.421    0.206   0.437   0.168
17.76   5.00    0.421    0.205   0.437   0.167

17.77   0.00    0.167    0.166   0.032   0.036   0.004   0.006   0.082   0.006   0.000   0.000   0.000 1108279000
17.77   4.70   48.476
17.77   5.00    0.270    0.167
17.77   5.00    0.437   48.941
17.77   5.00    0.421    0.206   0.437   0.168
17.77   5.00    0.421    0.205   0.437   0.167

17.78   0.00    0.167    0.166   0.032   0.036   0.004   0.006   0.082   0.006   0.000   0.000   0.000 1108903000
17.78   4.70   48.470
17.78   5.00    0.270    0.167
17.78   5.00    0.437   48.935
17.78   5.00    0.420    0.206   0.437   0.168
17.78   5.00    0.421    0.205   0.437   0.167

17.79   0.00    0.167    0.166   0.032   0.036   0.004   0.006   0.082   0.006   0.000   0.000   0.000 1109526000
17.79   4.70   48.465
17.79   5.00    0.270    0.167
17.79   5.00    0.437   48.930
17.79   5.00    0.420    0.206   0.437   0.168
17.79   5.00    0.420    0.205   0.437   0.167

17.80   0.00    0.167    0.166   0.032   0.036   0.004   0.006   0.082   0.006   0.000   0.000   0.000 1110150000
17.80   4.70   48.459
17.80   5.00    0.270    0.167
17.80   5.00    0.437   48.925
17.80   5.00    0.420    0.206   0.437   0.168
17.80   5.00    0.420    0.205   0.437   0.167

17.81   0.00    0.167    0.166   0.032   0.036   0.004   0.006   0.082   0.006   0.000   0.000   0.000 1110774000
17.81   4.70   48.453
17.81   5.00    0.270    0.167
17.81   5.00    0.436   48.920
17.81   5.00    0.420    0.206   0.436   0.168
17.81   5.00    0.420    0.205   0.436   0.167

17.82   0.00    0.167    0.166   0.032   0.036   0.004   0.006   0.082   0.006   0.000   0.000   0.000 1111397000
17.82   4.70   48.448
17.82   5.00    0.270    0.167
17.82   5.00    0.436   48.915
17.82   5.00    0.420    0.206   0.436   0.168
17.82   5.00    0.420    0.205   0.436   0.167

17.83   0.00    0.167    0.166   0.032   0.036   0.004   0.006   0.082   0.006   0.000   0.000   0.000 1112021000
17.83   4.69   48.442
17.83   5.00    0.270    0.167
17.83   5.00    0.436   48.910
17.83   5.00    0.420    0.206   0.436   0.168
17.83   5.00    0.420    0.205   0.436   0.167

17.84   0.00    0.167    0.166   0.032   0.036   0.004   0.006   0.082   0.006   0.000   0.000   0.000 1112645000
17.84   4.69   48.437
17.84   5.00    0.269    0.167
17.84   5.00    0.436   48.904
17.84   5.00    0.420    0.206   0.436   0.168
17.84   5.00    0.420    0.205   0.436   0.167

17.85   0.00    0.167    0.166   0.032   0.036   0.004   0.006   0.082   0.006   0.000   0.000   0.000 1113268000
17.85   4.69   48.431
17.85   5.00    0.269    0.167
17.85   5.00    0.436   48.899
17.85   5.00    0.420    0.206   0.436   0.168
17.85   5.00    0.420    0.205   0.436   0.167

17.86   0.00    0.167    0.166   0.032   0.036   0.004   0.006   0.082   0.006   0.000   0.000   0.000 1113892000
17.86   4.69   48.425
17.86   5.00    0.269    0.167
17.86   5.00    0.436   48.894
17.86   5.00    0.420    0.206   0.436   0.168
17.86   5.00    0.420    0.205   0.436   0.167

17.87   0.00    0.167    0.166   0.032   0.036   0.004   0.006   0.082   0.006   0.000   0.000   0.000 1114516000
17.87   4.69   48.420
17.87   5.00    0.269    0.167
17.87   5.00    0.436   48.889
17.87   5.00    0.420    0.206   0.436   0.168
17.87   5.00    0.420    0.205   0.436   0.167

17.88   0.00    0.167    0.166   0.032   0.036   0.004   0.006   0.082   0.006   0.000   0.000   0.000 1115139000
17.88   4.69   48.414
17.88   5.00    0.269    0.167
17.88   5.00    0.436   48.884
17.88   5.00    0.419    0.206   0.436   0.168
17.88   5.00    0.420    0.205   0.436   0.167

17.89   0.00    0.167    0.166   0.032   0.036   0.004   0.006   0.082   0.006   0.000   0.000   0.000 1115763000
17.89   4.69   48.409
17.89   5.00    0.269    0.167
17.89   5.00    0.436   48.879
17.89   5.00    0.419    0.205   0.436   0.168
17.89   5.00    0.419    0.205   0.436   0.167

17.90   0.00    0.167    0.166   0.032   0.036   0.004   0.006   0.082   0.006   0.000   0.000   0.000 1116387000
17.90   4.69   48.403
17.90   5.00    0.269    0.167
17.90   5.00    0.436   48.873
17.90   5.00    0.419    0.205   0.436   0.168
17.90   5.00    0.419    0.205   0.436   0.167

17.91   0.00    0.167    0.166   0.032   0.036   0.004   0.006   0.082   0.006   0.000   0.000   0.000 1117011000
17.91   4.69   48.398
17.91   5.00    0.269    0.167
17.91   5.00    0.436   48.868
17.91   5.00    0.419    0.205   0.436   0.168
17.91   5.00    0.419    0.205   0.436   0.167

17.92   0.00    0.167    0.166   0.032   0.036   0.004   0.006   0.082   0.006   0.000   0.000   0.000 1117634000
17.92   4.68   48.392
17.92   5.00    0.269    0.167
17.92   5.00    0.435   48.863
17.92   5.00    0.419    0.205   0.435   0.168
17.92   5.00    0.419    0.204   0.435   0.167

17.93   0.00    0.167    0.166   0.032   0.036   0.004   0.006   0.082   0.006   0.000   0.000   0.000 1118258000
17.93   4.68   48.387
17.93   5.00    0.269    0.166
17.93   5.00    0.435   48.858
17.93   5.00    0.419    0.205   0.435   0.168
17.93   5.00    0.419    0.204   0.435   0.167

17.94   0.00    0.167    0.166   0.032   0.036   0.004   0.006   0.082   0.006   0.000   0.000   0.000 1118882000
17.94   4.68   48.381
17.94   5.00    0.269    0.166
17.94   5.00    0.435   48.853
17.94   5.00    0.419    0.205   0.435   0.168
17.94   5.00    0.419    0.204   0.435   0.167

17.95   0.00    0.167    0.166   0.032   0.036   0.004   0.006   0.082   0.006   0.000   0.000   0.000 1119505000
17.95   4.68   48.376
17.95   5.00    0.269    0.166
17.95   5.00    0.435   48.848
17.95   5.00    0.419    0.205   0.435   0.168
17.95   5.00    0.419    0.204   0.435   0.167

17.96   0.00    0.167    0.166   0.032   0.036   0.004   0.006   0.082   0.006   0.000   0.000   0.000 1120129000
17.96   4.68   48.370
17.96   5.00    0.269    0.166
17.96   5.00    0.435   48.843
17.96   5.00    0.419    0.205   0.435   0.168
17.96   5.00    0.419    0.204   0.435   0.167

17.97   0.00    0.167    0.166   0.032   0.036   0.004   0.006   0.082   0.006   0.000   0.000   0.000 1120753000
17.97   4.68   48.365
17.97   5.00    0.269    0.166
17.97   5.00    0.435   48.838
17.97   5.00    0.419    0.205   0.435   0.168
17.97   5.00    0.419    0.204   0.435   0.167

17.98   0.00    0.167    0.166   0.032   0.036   0.004   0.006   0.082   0.006   0.000   0.000   0.000 1121376000
17.98   4.68   48.359
17.98   5.00    0.268    0.166
17.98   5.00    0.435   48.832
17.98   5.00    0.419    0.205   0.435   0.168
17.98   5.00    0.419    0.204   0.435   0.167

17.99   0.00    0.167    0.166   0.032   0.036   0.004   0.006   0.082   0.006   0.000   0.000   0.000 1122000000
17.99   4.68   48.353
17.99   5.00    0.268    0.166
17.99   5.00    0.435   48.827
17.99   5.00    0.418    0.205   0.435   0.168
17.99   5.00    0.419    0.204   0.435   0.167

18.00   0.00    0.167    0.166   0.032   0.036   0.004   0.006   0.082   0.006   0.000   0.000   0.000 1122624000
18.00   4.68   48.348
18.00   5.00    0.268    0.166
18.00   5.00    0.435   48.822
18.00   5.00    0.418    0.205   0.435   0.168
18.00   5.00    0.418    0.204   0.435   0.167

18.01   0.00    0.167    0.166   0.032   0.036   0.004   0.006   0.082   0.006   0.000   0.000   0.000 1123247000
18.01   4.67   48.342
18.01   5.00    0.268    0.166
18.01   5.00    0.435   48.817
18.01   5.00    0.418    0.205   0.435   0.168
18.01   5.00    0.418    0.204   0.435   0.167

18.02   0.00    0.167    0.166   0.032   0.036   0.004   0.006   0.082   0.006   0.000   0.000   0.000 1123871000
18.02   4.67   48.337
18.02   5.00    0.268    0.166
18.02   5.00    0.434   48.812
18.02   5.00    0.418    0.205   0.434   0.168
18.02   5.00    0.418    0.204   0.434   0.167

18.03   0.00    0.167    0.166   0.032   0.036   0.004   0.006   0.082   0.006   0.000   0.000   0.000 1124495000
18.03   4.67   48.331
18.03   5.00    0.268    0.166
18.03   5.00    0.434   48.807
18.03   5.00    0.418    0.205   0.434   0.168
18.03   5.00    0.418    0.204   0.434   0.167

18.04   0.00    0.167    0.166   0.032   0.036   0.004   0.006   0.082   0.006   0.000   0.000   0.000 1125118000
18.04   4.67   48.326
18.04   5.00    0.268    0.166
18.04   5.00    0.434   48.802
18.04   5.00    0.418    0.205   0.434   0.168
18.04   5.00    0.418    0.204   0.434   0.167

18.05   0.00    0.167    0.166   0.032   0.036   0.004   0.006   0.082   0.006   0.000   0.000   0.000 1125742000
18.05   4.67   48.320
18.05   5.00    0.268    0.166
18.05   5.00    0.434   48.797
18.05   5.00    0.418    0.205   0.434   0.168
18.05   5.00    0.418    0.204   0.434   0.167

18.06   0.00    0.167    0.166   0.032   0.036   0.004   0.006   0.082   0.006   0.000   0.000   0.000 1126366000
18.06   4.67   48.315
18.06   5.00    0.268    0.166
18.06   5.00    0.434   48.792
18.06   5.00    0.418    0.205   0.434   0.168
18.06   5.00    0.418    0.204   0.434   0.167

18.07   0.00    0.167    0.166   0.032   0.036   0.004   0.006   0.082   0.006   0.000   0.000   0.000 1126989000
18.07   4.67   48.309
18.07   5.00    0.268    0.166
18.07   5.00    0.434   48.786
18.07   5.00    0.418    0.205   0.434   0.168
18.07   5.00    0.418    0.204   0.434   0.167

18.08   0.00    0.167    0.166   0.032   0.036   0.004   0.006   0.082   0.006   0.000   0.000   0.000 1127613000
18.08   4.67   48.304
18.08   5.00    0.268    0.166
18.08   5.00    0.434   48.781
18.08   5.00    0.418    0.205   0.434   0.168
18.08   5.00    0.418    0.204   0.434   0.167

18.09   0.00    0.167    0.166   0.032   0.036   0.004   0.006   0.082   0.006   0.000   0.000   0.000 1128237000
18.09   4.67   48.299
18.09   5.00    0.268    0.166
18.09   5.00    0.434   48.776
18.09   5.00    0.418    0.205   0.434   0.168
18.09   5.00    0.418    0.204   0.434   0.167

18.10   0.00    0.167    0.166   0.032   0.036   0.004   0.006   0.082   0.006   0.000   0.000   0.000 1128860000
18.10   4.67   48.293
18.10   5.00    0.268    0.166
18.10   5.00    0.434   48.771
18.10   5.00    0.417    0.205   0.434   0.168
18.10   5.00    0.417    0.204   0.434   0.167

18.11   0.00    0.167    0.166   0.032   0.036   0.004   0.006   0.082   0.006   0.000   0.000   0.000 1129484000
18.11   4.66   48.288
18.11   5.00    0.268    0.166
18.11   5.00    0.434   48.766
18.11   5.00    0.417    0.205   0.434   0.168
18.11   5.00    0.417    0.204   0.434   0.167

18.12   0.00    0.167    0.166   0.032   0.036   0.004   0.006   0.082   0.006   0.000   0.000   0.000 1130108000
18.12   4.66   48.282
18.12   5.00    0.267    0.166
18.12   5.00    0.434   48.761
18.12   5.00    0.417    0.205   0.434   0.168
18.12   5.00    0.417    0.204   0.434   0.167

18.13   0.00    0.167    0.166   0.032   0.036   0.004   0.006   0.082   0.006   0.000   0.000   0.000 1130731000
18.13   4.66   48.277
18.13   5.00    0.267    0.166
18.13   5.00    0.433   48.756
18.13   5.00    0.417    0.205   0.433   0.168
18.13   5.00    0.417    0.204   0.433   0.167

18.14   0.00    0.167    0.166   0.032   0.036   0.004   0.006   0.082   0.006   0.000   0.000   0.000 1131355000
18.14   4.66   48.271
18.14   5.00    0.267    0.166
18.14   5.00    0.433   48.751
18.14   5.00    0.417    0.205   0.433   0.168
18.14   5.00    0.417    0.204   0.433   0.167

18.15   0.00    0.167    0.166   0.032   0.036   0.004   0.006   0.082   0.006   0.000   0.000   0.000 1131979000
18.15   4.66   48.266
18.15   5.00    0.267    0.166
18.15   5.00    0.433   48.746
18.15   5.00    0.417    0.205   0.433   0.168
18.15   5.00    0.417    0.204   0.433   0.167

18.16   0.00    0.167    0.166   0.032   0.036   0.004   0.006   0.082   0.006   0.000   0.000   0.000 1132602000
18.16   4.66   48.260
18.16   5.00    0.267    0.166
18.16   5.00    0.433   48.741
18.16   5.00    0.417    0.205   0.433   0.168
18.16   5.00    0.417    0.204   0.433   0.167

18.17   0.00    0.167    0.166   0.032   0.036   0.004   0.006   0.082   0.006   0.000   0.000   0.000 1133226000
18.17   4.66   48.255
18.17   5.00    0.267    0.166
18.17   5.00    0.433   48.736
18.17   5.00    0.417    0.205   0.433   0.168
18.17   5.00    0.417    0.204   0.433   0.167

18.18   0.00    0.167    0.166   0.032   0.036   0.004   0.006   0.082   0.006   0.000   0.000   0.000 1133850000
18.18   4.66   48.249
18.18   5.00    0.267    0.166
18.18   5.00    0.433   48.731
18.18   5.00    0.417    0.205   0.433   0.168
18.18   5.00    0.417    0.204   0.433   0.167

18.19   0.00    0.167    0.166   0.032   0.036   0.004   0.006   0.082   0.006   0.000   0.000   0.000 1134474000
18.19   4.66   48.244
18.19   5.00    0.267    0.166
18.19   5.00    0.433   48.725
18.19   5.00    0.417    0.205   0.433   0.168
18.19   5.00    0.417    0.204   0.433   0.167

18.20   0.00    0.167    0.166   0.032   0.036   0.004   0.006   0.082   0.006   0.000   0.000   0.000 1135097000
18.20   4.66   48.239
18.20   5.00    0.267    0.166
18.20   5.00    0.433   48.720
18.20   5.00    0.416    0.205   0.433   0.168
18.20   5.00    0.417    0.204   0.433   0.167

18.21   0.00    0.167    0.166   0.032   0.036   0.004   0.006   0.082   0.006   0.000   0.000   0.000 1135721000
18.21   4.65   48.233
18.21   5.00    0.267    0.166
18.21   5.00    0.433   48.715
18.21   5.00    0.416    0.205   0.433   0.168
18.21   5.00    0.416    0.204   0.433   0.167

18.22   0.00    0.167    0.166   0.032   0.036   0.004   0.006   0.082   0.006   0.000   0.000   0.000 1136345000
18.22   4.65   48.228
18.22   5.00    0.267    0.166
18.22   5.00    0.433   48.710
18.22   5.00    0.416    0.205   0.433   0.168
18.22   5.00    0.416    0.204   0.433   0.167

18.23   0.00    0.167    0.166   0.032   0.036   0.004   0.006   0.082   0.006   0.000   0.000   0.000 1136968000
18.23   4.65   48.222
18.23   5.00    0.267    0.166
18.23   5.00    0.432   48.705
18.23   5.00    0.416    0.205   0.432   0.168
18.23   5.00    0.416    0.204   0.432   0.167

18.24   0.00    0.167    0.166   0.032   0.036   0.004   0.006   0.082   0.006   0.000   0.000   0.000 1137592000
18.24   4.65   48.217
18.24   5.00    0.267    0.166
18.24   5.00    0.432   48.700
18.24   5.00    0.416    0.205   0.432   0.168
18.24   5.00    0.416    0.204   0.432   0.167

18.25   0.00    0.167    0.166   0.032   0.036   0.004   0.006   0.082   0.006   0.000   0.000   0.000 1138216000
18.25   4.65   48.212
18.25   5.00    0.267    0.166
18.25   5.00    0.432   48.695
18.25   5.00    0.416    0.205   0.432   0.168
18.25   5.00    0.416    0.204   0.432   0.167

18.26   0.00    0.167    0.166   0.032   0.036   0.004   0.006   0.082   0.006   0.000   0.000   0.000 1138839000
18.26   4.65   48.206
18.26   5.00    0.266    0.166
18.26   5.00    0.432   48.690
18.26   5.00    0.416    0.205   0.432   0.168
18.26   5.00    0.416    0.204   0.432   0.167

18.27   0.00    0.167    0.166   0.032   0.036   0.004   0.006   0.082   0.006   0.000   0.000   0.000 1139463000
18.27   4.65   48.201
18.27   5.00    0.266    0.166
18.27   5.00    0.432   48.685
18.27   5.00    0.416    0.205   0.432   0.168
18.27   5.00    0.416    0.204   0.432   0.167

18.28   0.00    0.167    0.166   0.032   0.036   0.004   0.006   0.082   0.006   0.000   0.000   0.000 1140087000
18.28   4.65   48.195
18.28   5.00    0.266    0.166
18.28   5.00    0.432   48.680
18.28   5.00    0.416    0.205   0.432   0.168
18.28   5.00    0.416    0.204   0.432   0.167

18.29   0.00    0.167    0.166   0.032   0.036   0.004   0.006   0.082   0.006   0.000   0.000   0.000 1140710000
18.29   4.65   48.190
18.29   5.00    0.266    0.166
18.29   5.00    0.432   48.675
18.29   5.00    0.416    0.205   0.432   0.168
18.29   5.00    0.416    0.204   0.432   0.167

18.30   0.00    0.167    0.166   0.032   0.036   0.004   0.006   0.082   0.006   0.000   0.000   0.000 1141334000
18.30   4.64   48.185
18.30   5.00    0.266    0.166
18.30   5.00    0.432   48.670
18.30   5.00    0.416    0.205   0.432   0.168
18.30   5.00    0.416    0.204   0.432   0.167

18.31   0.00    0.167    0.166   0.032   0.036   0.004   0.006   0.082   0.006   0.000   0.000   0.000 1141958000
18.31   4.64   48.179
18.31   5.00    0.266    0.166
18.31   5.00    0.432   48.665
18.31   5.00    0.415    0.205   0.432   0.168
18.31   5.00    0.416    0.204   0.432   0.167

18.32   0.00    0.167    0.166   0.032   0.036   0.004   0.006   0.082   0.006   0.000   0.000   0.000 1142581000
18.32   4.64   48.174
18.32   5.00    0.266    0.166
18.32   5.00    0.432   48.660
18.32   5.00    0.415    0.205   0.432   0.168
18.32   5.00    0.415    0.204   0.432   0.167

18.33   0.00    0.167    0.166   0.032   0.036   0.004   0.006   0.082   0.006   0.000   0.000   0.000 1143205000
18.33   4.64   48.169
18.33   5.00    0.266    0.166
18.33   5.00    0.432   48.655
18.33   5.00    0.415    0.205   0.432   0.168
18.33   5.00    0.415    0.204   0.432   0.167

18.34   0.00    0.167    0.166   0.032   0.036   0.004   0.006   0.082   0.006   0.000   0.000   0.000 1143829000
18.34   4.64   48.163
18.34   5.00    0.266    0.166
18.34   5.00    0.431   48.650
18.34   5.00    0.415    0.205   0.431   0.168
18.34   5.00    0.415    0.204   0.431   0.167

18.35   0.00    0.167    0.166   0.032   0.036   0.004   0.006   0.082   0.006   0.000   0.000   0.000 1144452000
18.35   4.64   48.158
18.35   5.00    0.266    0.166
18.35   5.00    0.431   48.645
18.35   5.00    0.415    0.205   0.431   0.168
18.35   5.00    0.415    0.204   0.431   0.167

18.36   0.00    0.167    0.166   0.032   0.036   0.004   0.006   0.082   0.006   0.000   0.000   0.000 1145076000
18.36   4.64   48.152
18.36   5.00    0.266    0.166
18.36   5.00    0.432   48.648
18.36   5.00    0.415    0.205   0.432   0.168
18.36   5.00    0.416    0.204   0.432   0.167

18.37   0.00    0.167    0.166   0.032   0.036   0.004   0.006   0.082   0.006   0.000   0.000   0.000 1145700000
18.37   4.64   48.147
18.37   5.00    0.266    0.166
18.37   5.00    0.432   48.643
18.37   5.00    0.415    0.205   0.432   0.168
18.37   5.00    0.415    0.204   0.432   0.167

18.38   0.00    0.167    0.166   0.032   0.036   0.004   0.006   0.082   0.006   0.000   0.000   0.000 1146323000
18.38   4.64   48.142
18.38   5.00    0.266    0.166
18.38   5.00    0.432   48.639
18.38   5.00    0.415    0.205   0.432   0.168
18.38   5.00    0.415    0.204   0.432   0.167

18.39   0.00    0.167    0.166   0.032   0.036   0.004   0.006   0.082   0.006   0.000   0.000   0.000 1146947000
18.39   4.64   48.136
18.39   5.00    0.266    0.166
18.39   5.00    0.432   48.634
18.39   5.00    0.415    0.205   0.432   0.168
18.39   5.00    0.415    0.204   0.432   0.167

18.40   0.00    0.167    0.166   0.032   0.036   0.004   0.006   0.082   0.006   0.000   0.000   0.000 1147571000
18.40   4.63   48.131
18.40   5.00    0.265    0.166
18.40   5.00    0.431   48.629
18.40   5.00    0.415    0.205   0.431   0.168
18.40   5.00    0.415    0.204   0.431   0.167

18.41   0.00    0.167    0.166   0.032   0.036   0.004   0.006   0.082   0.006   0.000   0.000   0.000 1148195000
18.41   4.63   48.126
18.41   5.00    0.265    0.166
18.41   5.00    0.431   48.625
18.41   5.00    0.415    0.205   0.431   0.168
18.41   5.00    0.415    0.204   0.431   0.167

18.42   0.00    0.167    0.166   0.032   0.036   0.004   0.006   0.082   0.006   0.000   0.000   0.000 1148818000
18.42   4.63   48.120
18.42   5.00    0.265    0.166
18.42   5.00    0.431   48.620
18.42   5.00    0.415    0.205   0.431   0.168
18.42   5.00    0.415    0.204   0.431   0.167

18.43   0.00    0.167    0.166   0.032   0.036   0.004   0.006   0.082   0.006   0.000   0.000   0.000 1149442000
18.43   4.63   48.115
18.43   5.00    0.265    0.166
18.43   5.00    0.431   48.616
18.43   5.00    0.415    0.205   0.431   0.168
18.43   5.00    0.415    0.204   0.431   0.167

18.44   0.00    0.167    0.166   0.032   0.036   0.004   0.006   0.082   0.006   0.000   0.000   0.000 1150066000
18.44   4.63   48.110
18.44   5.00    0.265    0.166
18.44   5.00    0.431   48.611
18.44   5.00    0.415    0.205   0.431   0.168
18.44   5.00    0.415    0.204   0.431   0.167

18.45   0.00    0.167    0.166   0.032   0.036   0.004   0.006   0.082   0.006   0.000   0.000   0.000 1150689000
18.45   4.63   48.104
18.45   5.00    0.265    0.166
18.45   5.00    0.431   48.606
18.45   5.00    0.415    0.205   0.431   0.168
18.45   5.00    0.415    0.204   0.431   0.167

18.46   0.00    0.167    0.166   0.032   0.036   0.004   0.006   0.082   0.006   0.000   0.000   0.000 1151313000
18.46   4.63   48.099
18.46   5.00    0.265    0.166
18.46   5.00    0.431   48.602
18.46   5.00    0.415    0.205   0.431   0.168
18.46   5.00    0.415    0.204   0.431   0.167

18.47   0.00    0.167    0.166   0.032   0.036   0.004   0.006   0.082   0.006   0.000   0.000   0.000 1151937000
18.47   4.63   48.094
18.47   5.00    0.265    0.166
18.47   5.00    0.431   48.597
18.47   5.00    0.415    0.205   0.431   0.168
18.47   5.00    0.415    0.204   0.431   0.167

18.48   0.00    0.167    0.166   0.032   0.036   0.004   0.006   0.082   0.006   0.000   0.000   0.000 1152560000
18.48   4.63   48.088
18.48   5.00    0.265    0.166
18.48   5.00    0.431   48.593
18.48   5.00    0.415    0.205   0.431   0.168
18.48   5.00    0.415    0.204   0.431   0.167

18.49   0.00    0.167    0.166   0.032   0.036   0.004   0.006   0.082   0.006   0.000   0.000   0.000 1153184000
18.49   4.63   48.083
18.49   5.00    0.265    0.166
18.49   5.00    0.431   48.588
18.49   5.00    0.415    0.205   0.431   0.168
18.49   5.00    0.415    0.204   0.431   0.167

18.50   0.00    0.167    0.166   0.032   0.036   0.004   0.006   0.082   0.006   0.000   0.000   0.000 1153808000
18.50   4.62   48.078
18.50   5.00    0.265    0.166
18.50   5.00    0.431   48.584
18.50   5.00    0.414    0.205   0.431   0.168
18.50   5.00    0.415    0.204   0.431   0.167

18.51   0.00    0.167    0.166   0.032   0.036   0.004   0.006   0.082   0.006   0.000   0.000   0.000 1154431000
18.51   4.62   48.073
18.51   5.00    0.265    0.166
18.51   5.00    0.431   48.579
18.51   5.00    0.414    0.205   0.431   0.168
18.51   5.00    0.414    0.204   0.431   0.167

18.52   0.00    0.167    0.166   0.032   0.036   0.004   0.006   0.082   0.006   0.000   0.000   0.000 1155055000
18.52   4.62   48.067
18.52   5.00    0.265    0.166
18.52   5.00    0.431   48.574
18.52   5.00    0.414    0.205   0.431   0.168
18.52   5.00    0.414    0.204   0.431   0.167

18.53   0.00    0.167    0.166   0.032   0.036   0.004   0.006   0.082   0.006   0.000   0.000   0.000 1155679000
18.53   4.62   48.062
18.53   5.00    0.265    0.166
18.53   5.00    0.431   48.570
18.53   5.00    0.414    0.205   0.431   0.168
18.53   5.00    0.414    0.204   0.431   0.167

18.54   0.00    0.167    0.166   0.032   0.036   0.004   0.006   0.082   0.006   0.000   0.000   0.000 1156302000
18.54   4.62   48.057
18.54   5.00    0.264    0.166
18.54   5.00    0.430   48.565
18.54   5.00    0.414    0.205   0.430   0.168
18.54   5.00    0.414    0.204   0.430   0.167

18.55   0.00    0.167    0.166   0.032   0.036   0.004   0.006   0.082   0.006   0.000   0.000   0.000 1156926000
18.55   4.62   48.051
18.55   5.00    0.264    0.166
18.55   5.00    0.430   48.561
18.55   5.00    0.414    0.205   0.430   0.168
18.55   5.00    0.414    0.204   0.430   0.167

18.56   0.00    0.167    0.166   0.032   0.036   0.004   0.006   0.082   0.006   0.000   0.000   0.000 1157550000
18.56   4.62   48.046
18.56   5.00    0.264    0.166
18.56   5.00    0.430   48.556
18.56   5.00    0.414    0.205   0.430   0.168
18.56   5.00    0.414    0.204   0.430   0.167

18.57   0.00    0.167    0.166   0.032   0.036   0.004   0.006   0.082   0.006   0.000   0.000   0.000 1158173000
18.57   4.62   48.041
18.57   5.00    0.264    0.166
18.57   5.00    0.430   48.552
18.57   5.00    0.414    0.205   0.430   0.168
18.57   5.00    0.414    0.204   0.430   0.167

18.58   0.00    0.167    0.166   0.032   0.036   0.004   0.006   0.082   0.006   0.000   0.000   0.000 1158797000
18.58   4.62   48.036
18.58   5.00    0.264    0.166
18.58   5.00    0.430   48.547
18.58   5.00    0.414    0.205   0.430   0.168
18.58   5.00    0.414    0.204   0.430   0.167

18.59   0.00    0.167    0.166   0.032   0.036   0.004   0.006   0.082   0.006   0.000   0.000   0.000 1159421000
18.59   4.62   48.030
18.59   5.00    0.264    0.166
18.59   5.00    0.430   48.543
18.59   5.00    0.414    0.205   0.430   0.168
18.59   5.00    0.414    0.204   0.430   0.167

18.60   0.00    0.167    0.166   0.032   0.036   0.004   0.006   0.082   0.006   0.000   0.000   0.000 1160044000
18.60   4.62   48.025
18.60   5.00    0.264    0.166
18.60   5.00    0.430   48.538
18.60   5.00    0.414    0.205   0.430   0.168
18.60   5.00    0.414    0.204   0.430   0.167

18.61   0.00    0.167    0.166   0.032   0.036   0.004   0.006   0.082   0.006   0.000   0.000   0.000 1160668000
18.61   4.61   48.020
18.61   5.00    0.264    0.166
18.61   5.00    0.430   48.534
18.61   5.00    0.414    0.205   0.430   0.168
18.61   5.00    0.414    0.204   0.430   0.167

18.62   0.00    0.167    0.166   0.032   0.036   0.004   0.006   0.082   0.006   0.000   0.000   0.000 1161292000
18.62   4.61   48.015
18.62   5.00    0.264    0.166
18.62   5.00    0.430   48.529
18.62   5.00    0.414    0.205   0.430   0.168
18.62   5.00    0.414    0.204   0.430   0.167

18.63   0.00    0.167    0.166   0.032   0.036   0.004   0.006   0.082   0.006   0.000   0.000   0.000 1161915000
18.63   4.61   48.009
18.63   5.00    0.264    0.166
18.63   5.00    0.430   48.525
18.63   5.00    0.414    0.205   0.430   0.168
18.63   5.00    0.414    0.204   0.430   0.167

18.64   0.00    0.167    0.166   0.032   0.036   0.004   0.006   0.082   0.006   0.000   0.000   0.000 1162539000
18.64   4.61   48.004
18.64   5.00    0.264    0.166
18.64   5.00    0.430   48.520
18.64   5.00    0.414    0.205   0.430   0.168
18.64   5.00    0.414    0.204   0.430   0.167

18.65   0.00    0.167    0.166   0.032   0.036   0.004   0.006   0.082   0.006   0.000   0.000   0.000 1163163000
18.65   4.61   47.999
18.65   5.00    0.264    0.166
18.65   5.00    0.430   48.516
18.65   5.00    0.413    0.205   0.430   0.168
18.65   5.00    0.414    0.204   0.430   0.167

18.66   0.00    0.167    0.166   0.032   0.036   0.004   0.006   0.082   0.006   0.000   0.000   0.000 1163786000
18.66   4.61   47.994
18.66   5.00    0.264    0.166
18.66   5.00    0.430   48.511
18.66   5.00    0.413    0.205   0.430   0.168
18.66   5.00    0.413    0.204   0.430   0.167

18.67   0.00    0.167    0.166   0.032   0.036   0.004   0.006   0.082   0.006   0.000   0.000   0.000 1164410000
18.67   4.61   47.988
18.67   5.00    0.264    0.166
18.67   5.00    0.430   48.507
18.67   5.00    0.413    0.205   0.430   0.168
18.67   5.00    0.413    0.204   0.430   0.167

18.68   0.00    0.167    0.166   0.032   0.036   0.004   0.006   0.082   0.006   0.000   0.000   0.000 1165034000
18.68   4.61   47.983
18.68   5.00    0.264    0.166
18.68   5.00    0.430   48.502
18.68   5.00    0.413    0.205   0.430   0.168
18.68   5.00    0.413    0.204   0.430   0.167

18.69   0.00    0.167    0.166   0.032   0.036   0.004   0.006   0.082   0.006   0.000   0.000   0.000 1165658000
18.69   4.61   47.978
18.69   5.00    0.263    0.166
18.69   5.00    0.429   48.498
18.69   5.00    0.413    0.205   0.429   0.168
18.69   5.00    0.413    0.204   0.429   0.167

18.70   0.00    0.167    0.166   0.032   0.036   0.004   0.006   0.082   0.006   0.000   0.000   0.000 1166281000
18.70   4.61   47.973
18.70   5.00    0.263    0.166
18.70   5.00    0.429   48.493
18.70   5.00    0.413    0.205   0.429   0.168
18.70   5.00    0.413    0.204   0.429   0.167

18.71   0.00    0.167    0.166   0.032   0.036   0.004   0.006   0.082   0.006   0.000   0.000   0.000 1166905000
18.71   4.60   47.967
18.71   5.00    0.263    0.166
18.71   5.00    0.429   48.489
18.71   5.00    0.413    0.205   0.429   0.168
18.71   5.00    0.413    0.204   0.429   0.167

18.72   0.00    0.167    0.166   0.032   0.036   0.004   0.006   0.082   0.006   0.000   0.000   0.000 1167529000
18.72   4.60   47.962
18.72   5.00    0.263    0.166
18.72   5.00    0.429   48.484
18.72   5.00    0.413    0.205   0.429   0.168
18.72   5.00    0.413    0.204   0.429   0.167

18.73   0.00    0.167    0.166   0.032   0.036   0.004   0.006   0.082   0.006   0.000   0.000   0.000 1168152000
18.73   4.60   47.957
18.73   5.00    0.263    0.166
18.73   5.00    0.429   48.480
18.73   5.00    0.413    0.205   0.429   0.168
18.73   5.00    0.413    0.204   0.429   0.167

18.74   0.00    0.167    0.166   0.032   0.036   0.004   0.006   0.082   0.006   0.000   0.000   0.000 1168776000
18.74   4.60   47.952
18.74   5.00    0.263    0.166
18.74   5.00    0.429   48.475
18.74   5.00    0.413    0.205   0.429   0.168
18.74   5.00    0.413    0.204   0.429   0.167

18.75   0.00    0.167    0.166   0.032   0.036   0.004   0.006   0.082   0.006   0.000   0.000   0.000 1169400000
18.75   4.60   47.947
18.75   5.00    0.263    0.166
18.75   5.00    0.429   48.471
18.75   5.00    0.413    0.205   0.429   0.168
18.75   5.00    0.413    0.204   0.429   0.167

18.76   0.00    0.167    0.166   0.032   0.036   0.004   0.006   0.082   0.006   0.000   0.000   0.000 1170023000
18.76   4.60   47.941
18.76   5.00    0.263    0.166
18.76   5.00    0.429   48.466
18.76   5.00    0.413    0.205   0.429   0.168
18.76   5.00    0.413    0.204   0.429   0.167

18.77   0.00    0.167    0.166   0.032   0.036   0.004   0.006   0.082   0.006   0.000   0.000   0.000 1170647000
18.77   4.60   47.936
18.77   5.00    0.263    0.166
18.77   5.00    0.429   48.462
18.77   5.00    0.413    0.205   0.429   0.168
18.77   5.00    0.413    0.204   0.429   0.167

18.78   0.00    0.166    0.166   0.032   0.036   0.004   0.006   0.082   0.006   0.000   0.000   0.000 1171271000
18.78   4.60   47.931
18.78   5.00    0.263    0.166
18.78   5.00    0.429   48.457
18.78   5.00    0.413    0.205   0.429   0.168
18.78   5.00    0.413    0.204   0.429   0.167

18.79   0.00    0.166    0.166   0.032   0.036   0.004   0.006   0.082   0.006   0.000   0.000   0.000 1171894000
18.79   4.60   47.926
18.79   5.00    0.263    0.166
18.79   5.00    0.429   48.453
18.79   5.00    0.413    0.205   0.429   0.168
18.79   5.00    0.413    0.204   0.429   0.167

18.80   0.00    0.166    0.166   0.032   0.036   0.004   0.006   0.082   0.006   0.000   0.000   0.000 1172518000
18.80   4.60   47.921
18.80   5.00    0.263    0.166
18.80   5.00    0.429   48.448
18.80   5.00    0.412    0.204   0.429   0.168
18.80   5.00    0.413    0.204   0.429   0.167

18.81   0.00    0.166    0.166   0.032   0.036   0.004   0.006   0.082   0.006   0.000   0.000   0.000 1173142000
18.81   4.59   47.915
18.81   5.00    0.263    0.166
18.81   5.00    0.429   48.444
18.81   5.00    0.412    0.204   0.429   0.168
18.81   5.00    0.412    0.204   0.429   0.167

18.82   0.00    0.166    0.166   0.032   0.036   0.004   0.006   0.082   0.006   0.000   0.000   0.000 1173765000
18.82   4.59   47.910
18.82   5.00    0.263    0.166
18.82   5.00    0.429   48.439
18.82   5.00    0.412    0.204   0.429   0.168
18.82   5.00    0.412    0.204   0.429   0.167

18.83   0.00    0.166    0.166   0.032   0.036   0.004   0.006   0.082   0.006   0.000   0.000   0.000 1174389000
18.83   4.59   47.905
18.83   5.00    0.263    0.166
18.83   5.00    0.429   48.435
18.83   5.00    0.412    0.204   0.429   0.168
18.83   5.00    0.412    0.204   0.429   0.167

18.84   0.00    0.166    0.166   0.032   0.036   0.004   0.006   0.082   0.006   0.000   0.000   0.000 1175013000
18.84   4.59   47.900
18.84   5.00    0.262    0.166
18.84   5.00    0.428   48.431
18.84   5.00    0.412    0.204   0.428   0.168
18.84   5.00    0.412    0.204   0.428   0.167

18.85   0.00    0.166    0.166   0.032   0.036   0.004   0.006   0.082   0.006   0.000   0.000   0.000 1175636000
18.85   4.59   47.895
18.85   5.00    0.262    0.166
18.85   5.00    0.428   48.426
18.85   5.00    0.412    0.204   0.428   0.168
18.85   5.00    0.412    0.204   0.428   0.167

18.86   0.00    0.166    0.166   0.032   0.036   0.004   0.006   0.082   0.006   0.000   0.000   0.000 1176260000
18.86   4.59   47.890
18.86   5.00    0.262    0.166
18.86   5.00    0.428   48.422
18.86   5.00    0.412    0.204   0.428   0.168
18.86   5.00    0.412    0.204   0.428   0.167

18.87   0.00    0.166    0.166   0.032   0.036   0.004   0.006   0.082   0.006   0.000   0.000   0.000 1176884000
18.87   4.59   47.884
18.87   5.00    0.262    0.166
18.87   5.00    0.428   48.417
18.87   5.00    0.412    0.204   0.428   0.168
18.87   5.00    0.412    0.204   0.428   0.167

18.88   0.00    0.166    0.166   0.032   0.036   0.004   0.006   0.082   0.006   0.000   0.000   0.000 1177507000
18.88   4.59   47.879
18.88   5.00    0.262    0.166
18.88   5.00    0.428   48.413
18.88   5.00    0.412    0.204   0.428   0.168
18.88   5.00    0.412    0.204   0.428   0.167

18.89   0.00    0.166    0.166   0.032   0.036   0.004   0.006   0.082   0.006   0.000   0.000   0.000 1178131000
18.89   4.59   47.874
18.89   5.00    0.262    0.166
18.89   5.00    0.428   48.408
18.89   5.00    0.412    0.204   0.428   0.168
18.89   5.00    0.412    0.204   0.428   0.167

18.90   0.00    0.166    0.166   0.032   0.036   0.004   0.006   0.082   0.006   0.000   0.000   0.000 1178755000
18.90   4.59   47.869
18.90   5.00    0.262    0.166
18.90   5.00    0.428   48.404
18.90   5.00    0.412    0.204   0.428   0.168
18.90   5.00    0.412    0.204   0.428   0.167

18.91   0.00    0.166    0.166   0.032   0.036   0.004   0.006   0.082   0.006   0.000   0.000   0.000 1179378000
18.91   4.59   47.864
18.91   5.00    0.262    0.166
18.91   5.00    0.428   48.400
18.91   5.00    0.412    0.204   0.428   0.168
18.91   5.00    0.412    0.204   0.428   0.167

18.92   0.00    0.166    0.166   0.032   0.036   0.004   0.006   0.082   0.006   0.000   0.000   0.000 1180002000
18.92   4.58   47.859
18.92   5.00    0.262    0.166
18.92   5.00    0.428   48.395
18.92   5.00    0.412    0.204   0.428   0.168
18.92   5.00    0.412    0.204   0.428   0.167

18.93   0.00    0.166    0.166   0.032   0.036   0.004   0.006   0.082   0.006   0.000   0.000   0.000 1180626000
18.93   4.58   47.854
18.93   5.00    0.262    0.166
18.93   5.00    0.428   48.391
18.93   5.00    0.412    0.204   0.428   0.168
18.93   5.00    0.412    0.204   0.428   0.167

18.94   0.00    0.166    0.166   0.032   0.036   0.004   0.006   0.082   0.006   0.000   0.000   0.000 1181250000
18.94   4.58   47.848
18.94   5.00    0.262    0.166
18.94   5.00    0.428   48.386
18.94   5.00    0.412    0.204   0.428   0.168
18.94   5.00    0.412    0.203   0.428   0.167

18.95   0.00    0.166    0.166   0.032   0.036   0.004   0.006   0.082   0.006   0.000   0.000   0.000 1181873000
18.95   4.58   47.843
18.95   5.00    0.262    0.166
18.95   5.00    0.428   48.382
18.95   5.00    0.411    0.204   0.428   0.168
18.95   5.00    0.412    0.203   0.428   0.167

18.96   0.00    0.166    0.166   0.032   0.036   0.004   0.006   0.082   0.006   0.000   0.000   0.000 1182497000
18.96   4.58   47.838
18.96   5.00    0.262    0.166
18.96   5.00    0.428   48.378
18.96   5.00    0.411    0.204   0.428   0.168
18.96   5.00    0.411    0.203   0.428   0.167

18.97   0.00    0.166    0.166   0.032   0.036   0.004   0.006   0.082   0.006   0.000   0.000   0.000 1183121000
18.97   4.58   47.833
18.97   5.00    0.262    0.166
18.97   5.00    0.428   48.373
18.97   5.00    0.411    0.204   0.428   0.168
18.97   5.00    0.411    0.203   0.428   0.167

18.98   0.00    0.166    0.166   0.032   0.036   0.004   0.006   0.082   0.006   0.000   0.000   0.000 1183744000
18.98   4.58   47.828
18.98   5.00    0.262    0.166
18.98   5.00    0.428   48.369
18.98   5.00    0.411    0.204   0.428   0.168
18.98   5.00    0.411    0.203   0.428   0.167

18.99   0.00    0.166    0.166   0.032   0.036   0.004   0.006   0.082   0.006   0.000   0.000   0.000 1184368000
18.99   4.58   47.823
18.99   5.00    0.261    0.166
18.99   5.00    0.427   48.364
18.99   5.00    0.411    0.204   0.427   0.168
18.99   5.00    0.411    0.203   0.427   0.167

19.00   0.00    0.166    0.166   0.032   0.036   0.004   0.006   0.082   0.006   0.000   0.000   0.000 1184992000
19.00   4.58   47.818
19.00   5.00    0.261    0.166
19.00   5.00    0.427   48.360
19.00   5.00    0.411    0.204   0.427   0.168
19.00   5.00    0.411    0.203   0.427   0.167

19.01   0.00    0.166    0.166   0.032   0.036   0.004   0.006   0.082   0.006   0.000   0.000   0.000 1185615000
19.01   4.58   47.813
19.01   5.00    0.261    0.166
19.01   5.00    0.427   48.356
19.01   5.00    0.411    0.204   0.427   0.168
19.01   5.00    0.411    0.203   0.427   0.167

19.02   0.00    0.166    0.166   0.032   0.036   0.004   0.006   0.082   0.006   0.000   0.000   0.000 1186239000
19.02   4.57   47.808
19.02   5.00    0.261    0.166
19.02   5.00    0.427   48.351
19.02   5.00    0.411    0.204   0.427   0.168
19.02   5.00    0.411    0.203   0.427   0.167

19.03   0.00    0.166    0.166   0.032   0.036   0.004   0.006   0.082   0.006   0.000   0.000   0.000 1186863000
19.03   4.57   47.802
19.03   5.00    0.261    0.166
19.03   5.00    0.427   48.347
19.03   5.00    0.411    0.204   0.427   0.168
19.03   5.00    0.411    0.203   0.427   0.167

19.04   0.00    0.166    0.166   0.032   0.036   0.004   0.006   0.082   0.006   0.000   0.000   0.000 1187486000
19.04   4.57   47.797
19.04   5.00    0.261    0.166
19.04   5.00    0.427   48.343
19.04   5.00    0.411    0.204   0.427   0.168
19.04   5.00    0.411    0.203   0.427   0.167

19.05   0.00    0.166    0.166   0.032   0.036   0.004   0.006   0.082   0.006   0.000   0.000   0.000 1188110000
19.05   4.57   47.792
19.05   5.00    0.261    0.166
19.05   5.00    0.427   48.338
19.05   5.00    0.411    0.204   0.427   0.168
19.05   5.00    0.411    0.203   0.427   0.167

19.06   0.00    0.166    0.166   0.032   0.036   0.004   0.006   0.082   0.006   0.000   0.000   0.000 1188734000
19.06   4.57   47.787
19.06   5.00    0.261    0.166
19.06   5.00    0.427   48.334
19.06   5.00    0.411    0.204   0.427   0.168
19.06   5.00    0.411    0.203   0.427   0.167

19.07   0.00    0.166    0.166   0.032   0.036   0.004   0.006   0.082   0.006   0.000   0.000   0.000 1189357000
19.07   4.57   47.782
19.07   5.00    0.261    0.166
19.07   5.00    0.427   48.330
19.07   5.00    0.411    0.204   0.427   0.168
19.07   5.00    0.411    0.203   0.427   0.167

19.08   0.00    0.166    0.166   0.032   0.036   0.004   0.006   0.082   0.006   0.000   0.000   0.000 1189981000
19.08   4.57   47.777
19.08   5.00    0.261    0.166
19.08   5.00    0.427   48.325
19.08   5.00    0.411    0.204   0.427   0.168
19.08   5.00    0.411    0.203   0.427   0.167

19.09   0.00    0.166    0.166   0.032   0.036   0.004   0.006   0.082   0.006   0.000   0.000   0.000 1190605000
19.09   4.57   47.772
19.09   5.00    0.261    0.166
19.09   5.00    0.427   48.321
19.09   5.00    0.411    0.204   0.427   0.168
19.09   5.00    0.411    0.203   0.427   0.167

19.10   0.00    0.166    0.166   0.032   0.036   0.004   0.006   0.082   0.006   0.000   0.000   0.000 1191228000
19.10   4.57   47.767
19.10   5.00    0.261    0.166
19.10   5.00    0.427   48.317
19.10   5.00    0.411    0.204   0.427   0.168
19.10   5.00    0.411    0.203   0.427   0.167

19.11   0.00    0.166    0.166   0.032   0.036   0.004   0.006   0.082   0.006   0.000   0.000   0.000 1191852000
19.11   4.57   47.762
19.11   5.00    0.261    0.166
19.11   5.00    0.427   48.312
19.11   5.00    0.410    0.204   0.427   0.168
19.11   5.00    0.411    0.203   0.427   0.167

19.12   0.00    0.166    0.166   0.032   0.036   0.004   0.006   0.082   0.006   0.000   0.000   0.000 1192476000
19.12   4.57   47.757
19.12   5.00    0.261    0.166
19.12   5.00    0.427   48.308
19.12   5.00    0.410    0.204   0.427   0.168
19.12   5.00    0.410    0.203   0.427   0.167

19.13   0.00    0.166    0.166   0.032   0.036   0.004   0.006   0.082   0.006   0.000   0.000   0.000 1193099000
19.13   4.56   47.752
19.13   5.00    0.261    0.166
19.13   5.00    0.427   48.303
19.13   5.00    0.410    0.204   0.427   0.168
19.13   5.00    0.410    0.203   0.427   0.167

19.14   0.00    0.166    0.166   0.032   0.036   0.004   0.006   0.082   0.006   0.000   0.000   0.000 1193723000
19.14   4.56   47.747
19.14   5.00    0.260    0.166
19.14   5.00    0.426   48.299
19.14   5.00    0.410    0.204   0.426   0.168
19.14   5.00    0.410    0.203   0.426   0.167

19.15   0.00    0.166    0.166   0.032   0.036   0.004   0.006   0.082   0.006   0.000   0.000   0.000 1194347000
19.15   4.56   47.742
19.15   5.00    0.260    0.166
19.15   5.00    0.426   48.295
19.15   5.00    0.410    0.204   0.426   0.168
19.15   5.00    0.410    0.203   0.426   0.167

19.16   0.00    0.166    0.166   0.032   0.036   0.004   0.006   0.082   0.006   0.000   0.000   0.000 1194970000
19.16   4.56   47.737
19.16   5.00    0.260    0.166
19.16   5.00    0.426   48.291
19.16   5.00    0.410    0.204   0.426   0.168
19.16   5.00    0.410    0.203   0.426   0.167

19.17   0.00    0.166    0.166   0.032   0.036   0.004   0.006   0.082   0.006   0.000   0.000   0.000 1195594000
19.17   4.56   47.732
19.17   5.00    0.260    0.166
19.17   5.00    0.426   48.286
19.17   5.00    0.410    0.204   0.426   0.168
19.17   5.00    0.410    0.203   0.426   0.167

19.18   0.00    0.166    0.166   0.032   0.036   0.004   0.006   0.082   0.006   0.000   0.000   0.000 1196218000
19.18   4.56   47.726
19.18   5.00    0.260    0.166
19.18   5.00    0.426   48.282
19.18   5.00    0.410    0.204   0.426   0.168
19.18   5.00    0.410    0.203   0.426   0.167

19.19   0.00    0.166    0.166   0.032   0.036   0.004   0.006   0.082   0.006   0.000   0.000   0.000 1196842000
19.19   4.56   47.721
19.19   5.00    0.260    0.166
19.19   5.00    0.426   48.278
19.19   5.00    0.410    0.204   0.426   0.168
19.19   5.00    0.410    0.203   0.426   0.167

19.20   0.00    0.166    0.166   0.032   0.036   0.004   0.006   0.082   0.006   0.000   0.000   0.000 1197465000
19.20   4.56   47.716
19.20   5.00    0.260    0.166
19.20   5.00    0.426   48.273
19.20   5.00    0.410    0.204   0.426   0.168
19.20   5.00    0.410    0.203   0.426   0.167

19.21   0.00    0.166    0.165   0.032   0.036   0.004   0.006   0.082   0.006   0.000   0.000   0.000 1198089000
19.21   4.56   47.711
19.21   5.00    0.260    0.166
19.21   5.00    0.426   48.269
19.21   5.00    0.410    0.204   0.426   0.168
19.21   5.00    0.410    0.203   0.426   0.167

19.22   0.00    0.166    0.165   0.032   0.036   0.004   0.006   0.082   0.006   0.000   0.000   0.000 1198713000
19.22   4.56   47.706
19.22   5.00    0.260    0.166
19.22   5.00    0.426   48.265
19.22   5.00    0.410    0.204   0.426   0.168
19.22   5.00    0.410    0.203   0.426   0.167

19.23   0.00    0.166    0.165   0.032   0.036   0.004   0.006   0.082   0.006   0.000   0.000   0.000 1199336000
19.23   4.56   47.701
19.23   5.00    0.260    0.166
19.23   5.00    0.426   48.260
19.23   5.00    0.410    0.204   0.426   0.168
19.23   5.00    0.410    0.203   0.426   0.167

19.24   0.00    0.166    0.165   0.032   0.036   0.004   0.006   0.082   0.006   0.000   0.000   0.000 1199960000
19.24   4.55   47.696
19.24   5.00    0.260    0.166
19.24   5.00    0.426   48.256
19.24   5.00    0.410    0.204   0.426   0.168
19.24   5.00    0.410    0.203   0.426   0.167

19.25   0.00    0.166    0.165   0.032   0.036   0.004   0.006   0.082   0.006   0.000   0.000   0.000 1200584000
19.25   4.55   47.691
19.25   5.00    0.260    0.166
19.25   5.00    0.426   48.252
19.25   5.00    0.410    0.204   0.426   0.168
19.25   5.00    0.410    0.203   0.426   0.167

19.26   0.00    0.166    0.165   0.032   0.036   0.004   0.006   0.082   0.006   0.000   0.000   0.000 1201207000
19.26   4.55   47.686
19.26   5.00    0.260    0.166
19.26   5.00    0.426   48.247
19.26   5.00    0.409    0.204   0.426   0.168
19.26   5.00    0.410    0.203   0.426   0.167

19.27   0.00    0.166    0.165   0.032   0.036   0.004   0.006   0.082   0.006   0.000   0.000   0.000 1201831000
19.27   4.55   47.681
19.27   5.00    0.260    0.166
19.27   5.00    0.426   48.243
19.27   5.00    0.409    0.204   0.426   0.168
19.27   5.00    0.409    0.203   0.426   0.167

19.28   0.00    0.166    0.165   0.032   0.036   0.004   0.006   0.082   0.006   0.000   0.000   0.000 1202455000
19.28   4.55   47.676
19.28   5.00    0.260    0.166
19.28   5.00    0.426   48.239
19.28   5.00    0.409    0.204   0.426   0.168
19.28   5.00    0.409    0.203   0.426   0.167

19.29   0.00    0.166    0.165   0.032   0.036   0.004   0.006   0.082   0.006   0.000   0.000   0.000 1203078000
19.29   4.55   47.671
19.29   5.00    0.260    0.166
19.29   5.00    0.426   48.235
19.29   5.00    0.409    0.204   0.426   0.168
19.29   5.00    0.409    0.203   0.426   0.167

19.30   0.00    0.166    0.165   0.032   0.036   0.004   0.006   0.082   0.006   0.000   0.000   0.000 1203702000
19.30   4.55   47.666
19.30   5.00    0.259    0.166
19.30   5.00    0.425   48.230
19.30   5.00    0.409    0.204   0.425   0.168
19.30   5.00    0.409    0.203   0.425   0.167

19.31   0.00    0.166    0.165   0.032   0.036   0.004   0.006   0.082   0.006   0.000   0.000   0.000 1204326000
19.31   4.55   47.661
19.31   5.00    0.259    0.166
19.31   5.00    0.425   48.226
19.31   5.00    0.409    0.204   0.425   0.168
19.31   5.00    0.409    0.203   0.425   0.167

19.32   0.00    0.166    0.165   0.032   0.036   0.004   0.006   0.082   0.006   0.000   0.000   0.000 1204949000
19.32   4.55   47.656
19.32   5.00    0.259    0.166
19.32   5.00    0.425   48.222
19.32   5.00    0.409    0.204   0.425   0.168
19.32   5.00    0.409    0.203   0.425   0.167

19.33   0.00    0.166    0.165   0.032   0.036   0.004   0.006   0.082   0.006   0.000   0.000   0.000 1205573000
19.33   4.55   47.651
19.33   5.00    0.259    0.166
19.33   5.00    0.425   48.218
19.33   5.00    0.409    0.204   0.425   0.168
19.33   5.00    0.409    0.203   0.425   0.167

19.34   0.00    0.166    0.165   0.032   0.036   0.003   0.006   0.082   0.006   0.000   0.000   0.000 1206197000
19.34   4.55   47.646
19.34   5.00    0.259    0.166
19.34   5.00    0.425   48.213
19.34   5.00    0.409    0.204   0.425   0.168
19.34   5.00    0.409    0.203   0.425   0.167

19.35   0.00    0.166    0.165   0.032   0.036   0.003   0.006   0.082   0.006   0.000   0.000   0.000 1206820000
19.35   4.54   47.641
19.35   5.00    0.259    0.166
19.35   5.00    0.425   48.209
19.35   5.00    0.409    0.204   0.425   0.168
19.35   5.00    0.409    0.203   0.425   0.167

19.36   0.00    0.166    0.165   0.032   0.036   0.003   0.006   0.082   0.006   0.000   0.000   0.000 1207444000
19.36   4.54   47.636
19.36   5.00    0.259    0.166
19.36   5.00    0.425   48.205
19.36   5.00    0.409    0.204   0.425   0.168
19.36   5.00    0.409    0.203   0.425   0.167

19.37   0.00    0.166    0.165   0.032   0.036   0.003   0.006   0.082   0.006   0.000   0.000   0.000 1208068000
19.37   4.54   47.631
19.37   5.00    0.259    0.166
19.37   5.00    0.425   48.200
19.37   5.00    0.409    0.204   0.425   0.168
19.37   5.00    0.409    0.203   0.425   0.167

19.38   0.00    0.166    0.165   0.032   0.036   0.003   0.006   0.082   0.006   0.000   0.000   0.000 1208691000
19.38   4.54   47.626
19.38   5.00    0.259    0.166
19.38   5.00    0.425   48.196
19.38   5.00    0.409    0.204   0.425   0.168
19.38   5.00    0.409    0.203   0.425   0.167

19.39   0.00    0.166    0.165   0.032   0.036   0.003   0.006   0.082   0.006   0.000   0.000   0.000 1209315000
19.39   4.54   47.621
19.39   5.00    0.259    0.166
19.39   5.00    0.425   48.192
19.39   5.00    0.409    0.204   0.425   0.168
19.39   5.00    0.409    0.203   0.425   0.167

19.40   0.00    0.166    0.165   0.032   0.036   0.003   0.006   0.082   0.006   0.000   0.000   0.000 1209939000
19.40   4.54   47.617
19.40   5.00    0.259    0.166
19.40   5.00    0.425   48.188
19.40   5.00    0.409    0.204   0.425   0.168
19.40   5.00    0.409    0.203   0.425   0.167

19.41   0.00    0.166    0.165   0.032   0.036   0.003   0.006   0.082   0.006   0.000   0.000   0.000 1210562000
19.41   4.54   47.612
19.41   5.00    0.259    0.166
19.41   5.00    0.425   48.184
19.41   5.00    0.409    0.204   0.425   0.168
19.41   5.00    0.409    0.203   0.425   0.167

19.42   0.00    0.166    0.165   0.032   0.036   0.003   0.006   0.082   0.006   0.000   0.000   0.000 1211186000
19.42   4.54   47.607
19.42   5.00    0.259    0.166
19.42   5.00    0.425   48.179
19.42   5.00    0.408    0.204   0.425   0.168
19.42   5.00    0.409    0.203   0.425   0.167

19.43   0.00    0.166    0.165   0.032   0.036   0.003   0.006   0.082   0.006   0.000   0.000   0.000 1211810000
19.43   4.54   47.602
19.43   5.00    0.259    0.166
19.43   5.00    0.425   48.175
19.43   5.00    0.408    0.204   0.425   0.168
19.43   5.00    0.408    0.203   0.425   0.167

19.44   0.00    0.166    0.165   0.032   0.036   0.003   0.006   0.082   0.006   0.000   0.000   0.000 1212434000
19.44   4.54   47.597
19.44   5.00    0.259    0.166
19.44   5.00    0.425   48.171
19.44   5.00    0.408    0.204   0.425   0.168
19.44   5.00    0.408    0.203   0.425   0.167

19.45   0.00    0.166    0.165   0.032   0.036   0.003   0.006   0.082   0.006   0.000   0.000   0.000 1213057000
19.45   4.54   47.592
19.45   5.00    0.259    0.166
19.45   5.00    0.425   48.167
19.45   5.00    0.408    0.204   0.425   0.168
19.45   5.00    0.408    0.203   0.425   0.167

19.46   0.00    0.166    0.165   0.032   0.036   0.003   0.006   0.082   0.006   0.000   0.000   0.000 1213681000
19.46   4.53   47.587
19.46   5.00    0.258    0.166
19.46   5.00    0.424   48.162
19.46   5.00    0.408    0.204   0.424   0.168
19.46   5.00    0.408    0.203   0.424   0.167

19.47   0.00    0.166    0.165   0.032   0.036   0.003   0.006   0.082   0.006   0.000   0.000   0.000 1214305000
19.47   4.53   47.582
19.47   5.00    0.258    0.166
19.47   5.00    0.424   48.158
19.47   5.00    0.408    0.204   0.424   0.168
19.47   5.00    0.408    0.203   0.424   0.167

19.48   0.00    0.166    0.165   0.032   0.036   0.003   0.006   0.082   0.006   0.000   0.000   0.000 1214928000
19.48   4.53   47.577
19.48   5.00    0.258    0.166
19.48   5.00    0.424   48.154
19.48   5.00    0.408    0.204   0.424   0.168
19.48   5.00    0.408    0.203   0.424   0.167

19.49   0.00    0.166    0.165   0.032   0.036   0.003   0.006   0.082   0.006   0.000   0.000   0.000 1215552000
19.49   4.53   47.572
19.49   5.00    0.258    0.166
19.49   5.00    0.424   48.150
19.49   5.00    0.408    0.204   0.424   0.168
19.49   5.00    0.408    0.203   0.424   0.167

19.50   0.00    0.166    0.165   0.032   0.036   0.003   0.006   0.082   0.006   0.000   0.000   0.000 1216176000
19.50   4.53   47.567
19.50   5.00    0.258    0.166
19.50   5.00    0.424   48.146
19.50   5.00    0.408    0.204   0.424   0.168
19.50   5.00    0.408    0.203   0.424   0.167

19.51   0.00    0.166    0.165   0.032   0.036   0.003   0.006   0.082   0.006   0.000   0.000   0.000 1216799000
19.51   4.53   47.562
19.51   5.00    0.258    0.166
19.51   5.00    0.424   48.141
19.51   5.00    0.408    0.204   0.424   0.167
19.51   5.00    0.408    0.203   0.424   0.167

19.52   0.00    0.166    0.165   0.032   0.036   0.003   0.006   0.082   0.006   0.000   0.000   0.000 1217423000
19.52   4.53   47.557
19.52   5.00    0.258    0.166
19.52   5.00    0.424   48.137
19.52   5.00    0.408    0.204   0.424   0.167
19.52   5.00    0.408    0.203   0.424   0.167

19.53   0.00    0.166    0.165   0.032   0.036   0.003   0.006   0.082   0.006   0.000   0.000   0.000 1218047000
19.53   4.53   47.552
19.53   5.00    0.258    0.166
19.53   5.00    0.424   48.133
19.53   5.00    0.408    0.204   0.424   0.167
19.53   5.00    0.408    0.203   0.424   0.167

19.54   0.00    0.166    0.165   0.032   0.036   0.003   0.006   0.082   0.006   0.000   0.000   0.000 1218670000
19.54   4.53   47.547
19.54   5.00    0.258    0.166
19.54   5.00    0.424   48.129
19.54   5.00    0.408    0.204   0.424   0.167
19.54   5.00    0.408    0.203   0.424   0.167

19.55   0.00    0.166    0.165   0.032   0.036   0.003   0.006   0.082   0.006   0.000   0.000   0.000 1219294000
19.55   4.53   47.543
19.55   5.00    0.258    0.166
19.55   5.00    0.424   48.125
19.55   5.00    0.408    0.204   0.424   0.167
19.55   5.00    0.408    0.203   0.424   0.167

19.56   0.00    0.166    0.165   0.032   0.036   0.003   0.006   0.082   0.006   0.000   0.000   0.000 1219918000
19.56   4.53   47.538
19.56   5.00    0.258    0.166
19.56   5.00    0.424   48.120
19.56   5.00    0.408    0.204   0.424   0.167
19.56   5.00    0.408    0.203   0.424   0.167

19.57   0.00    0.166    0.165   0.032   0.036   0.003   0.006   0.082   0.006   0.000   0.000   0.000 1220541000
19.57   4.53   47.533
19.57   5.00    0.258    0.166
19.57   5.00    0.424   48.116
19.57   5.00    0.408    0.204   0.424   0.167
19.57   5.00    0.408    0.203   0.424   0.167

19.58   0.00    0.166    0.165   0.032   0.036   0.003   0.006   0.082   0.006   0.000   0.000   0.000 1221165000
19.58   4.52   47.528
19.58   5.00    0.258    0.166
19.58   5.00    0.424   48.112
19.58   5.00    0.407    0.204   0.424   0.167
19.58   5.00    0.408    0.203   0.424   0.167

19.59   0.00    0.166    0.165   0.032   0.036   0.003   0.006   0.082   0.006   0.000   0.000   0.000 1221789000
19.59   4.52   47.523
19.59   5.00    0.258    0.166
19.59   5.00    0.424   48.108
19.59   5.00    0.407    0.204   0.424   0.167
19.59   5.00    0.407    0.203   0.424   0.167

19.60   0.00    0.166    0.165   0.032   0.036   0.003   0.006   0.082   0.006   0.000   0.000   0.000 1222412000
19.60   4.52   47.518
19.60   5.00    0.258    0.166
19.60   5.00    0.424   48.104
19.60   5.00    0.407    0.204   0.424   0.167
19.60   5.00    0.407    0.203   0.424   0.167

19.61   0.00    0.166    0.165   0.032   0.036   0.003   0.006   0.082   0.006   0.000   0.000   0.000 1223036000
19.61   4.52   47.513
19.61   5.00    0.258    0.166
19.61   5.00    0.424   48.099
19.61   5.00    0.407    0.204   0.424   0.167
19.61   5.00    0.407    0.203   0.424   0.167

19.62   0.00    0.166    0.165   0.032   0.036   0.003   0.006   0.082   0.006   0.000   0.000   0.000 1223660000
19.62   4.52   47.508
19.62   5.00    0.257    0.166
19.62   5.00    0.423   48.095
19.62   5.00    0.407    0.204   0.423   0.167
19.62   5.00    0.407    0.203   0.423   0.167

19.63   0.00    0.166    0.165   0.032   0.036   0.003   0.006   0.082   0.006   0.000   0.000   0.000 1224283000
19.63   4.52   47.503
19.63   5.00    0.257    0.166
19.63   5.00    0.423   48.091
19.63   5.00    0.407    0.204   0.423   0.167
19.63   5.00    0.407    0.203   0.423   0.167

19.64   0.00    0.166    0.165   0.032   0.036   0.003   0.006   0.082   0.006   0.000   0.000   0.000 1224907000
19.64   4.52   47.499
19.64   5.00    0.257    0.166
19.64   5.00    0.423   48.087
19.64   5.00    0.407    0.204   0.423   0.167
19.64   5.00    0.407    0.203   0.423   0.167

19.65   0.00    0.166    0.165   0.032   0.036   0.003   0.006   0.082   0.006   0.000   0.000   0.000 1225531000
19.65   4.52   47.494
19.65   5.00    0.257    0.166
19.65   5.00    0.423   48.083
19.65   5.00    0.407    0.204   0.423   0.167
19.65   5.00    0.407    0.203   0.423   0.167

19.66   0.00    0.166    0.165   0.032   0.036   0.003   0.006   0.082   0.006   0.000   0.000   0.000 1226154000
19.66   4.52   47.489
19.66   5.00    0.257    0.166
19.66   5.00    0.423   48.079
19.66   5.00    0.407    0.204   0.423   0.167
19.66   5.00    0.407    0.203   0.423   0.167

19.67   0.00    0.166    0.165   0.032   0.036   0.003   0.006   0.082   0.006   0.000   0.000   0.000 1226778000
19.67   4.52   47.484
19.67   5.00    0.257    0.166
19.67   5.00    0.423   48.074
19.67   5.00    0.407    0.204   0.423   0.167
19.67   5.00    0.407    0.203   0.423   0.167

19.68   0.00    0.166    0.165   0.032   0.036   0.003   0.006   0.082   0.006   0.000   0.000   0.000 1227402000
19.68   4.52   47.479
19.68   5.00    0.257    0.166
19.68   5.00    0.423   48.070
19.68   5.00    0.407    0.204   0.423   0.167
19.68   5.00    0.407    0.203   0.423   0.167

19.69   0.00    0.166    0.165   0.032   0.036   0.003   0.006   0.082   0.006   0.000   0.000   0.000 1228026000
19.69   4.51   47.474
19.69   5.00    0.257    0.166
19.69   5.00    0.423   48.066
19.69   5.00    0.407    0.204   0.423   0.167
19.69   5.00    0.407    0.203   0.423   0.167

19.70   0.00    0.166    0.165   0.032   0.036   0.003   0.006   0.082   0.006   0.000   0.000   0.000 1228649000
19.70   4.51   47.469
19.70   5.00    0.257    0.166
19.70   5.00    0.423   48.062
19.70   5.00    0.407    0.204   0.423   0.167
19.70   5.00    0.407    0.203   0.423   0.167

19.71   0.00    0.166    0.165   0.032   0.036   0.003   0.006   0.082   0.006   0.000   0.000   0.000 1229273000
19.71   4.51   47.464
19.71   5.00    0.257    0.166
19.71   5.00    0.423   48.058
19.71   5.00    0.407    0.204   0.423   0.167
19.71   5.00    0.407    0.203   0.423   0.167

19.72   0.00    0.166    0.165   0.032   0.036   0.003   0.006   0.082   0.006   0.000   0.000   0.000 1229897000
19.72   4.51   47.460
19.72   5.00    0.257    0.166
19.72   5.00    0.423   48.054
19.72   5.00    0.407    0.204   0.423   0.167
19.72   5.00    0.407    0.203   0.423   0.167

19.73   0.00    0.166    0.165   0.032   0.036   0.003   0.006   0.082   0.006   0.000   0.000   0.000 1230520000
19.73   4.51   47.455
19.73   5.00    0.257    0.166
19.73   5.00    0.423   48.050
19.73   5.00    0.407    0.204   0.423   0.167
19.73   5.00    0.407    0.203   0.423   0.167

19.74   0.00    0.166    0.165   0.032   0.036   0.003   0.006   0.082   0.006   0.000   0.000   0.000 1231144000
19.74   4.51   47.450
19.74   5.00    0.257    0.166
19.74   5.00    0.423   48.046
19.74   5.00    0.407    0.204   0.423   0.167
19.74   5.00    0.407    0.203   0.423   0.167

19.75   0.00    0.166    0.165   0.032   0.036   0.003   0.006   0.082   0.006   0.000   0.000   0.000 1231768000
19.75   4.51   47.445
19.75   5.00    0.257    0.166
19.75   5.00    0.423   48.041
19.75   5.00    0.406    0.204   0.423   0.167
19.75   5.00    0.407    0.203   0.423   0.167

19.76   0.00    0.166    0.165   0.032   0.036   0.003   0.006   0.082   0.006   0.000   0.000   0.000 1232391000
19.76   4.51   47.440
19.76   5.00    0.257    0.166
19.76   5.00    0.423   48.037
19.76   5.00    0.406    0.204   0.423   0.167
19.76   5.00    0.406    0.203   0.423   0.167

19.77   0.00    0.166    0.165   0.032   0.036   0.003   0.006   0.082   0.006   0.000   0.000   0.000 1233015000
19.77   4.51   47.435
19.77   5.00    0.257    0.166
19.77   5.00    0.423   48.033
19.77   5.00    0.406    0.204   0.423   0.167
19.77   5.00    0.406    0.203   0.423   0.167

19.78   0.00    0.166    0.165   0.032   0.036   0.003   0.006   0.082   0.006   0.000   0.000   0.000 1233639000
19.78   4.51   47.431
19.78   5.00    0.256    0.166
19.78   5.00    0.422   48.029
19.78   5.00    0.406    0.204   0.422   0.167
19.78   5.00    0.406    0.203   0.422   0.167

19.79   0.00    0.166    0.165   0.032   0.036   0.003   0.006   0.082   0.006   0.000   0.000   0.000 1234262000
19.79   4.51   47.426
19.79   5.00    0.256    0.166
19.79   5.00    0.422   48.025
19.79   5.00    0.406    0.204   0.422   0.167
19.79   5.00    0.406    0.203   0.422   0.167

19.80   0.00    0.166    0.165   0.032   0.036   0.003   0.006   0.082   0.006   0.000   0.000   0.000 1234886000
19.80   4.51   47.421
19.80   5.00    0.256    0.166
19.80   5.00    0.422   48.021
19.80   5.00    0.406    0.204   0.422   0.167
19.80   5.00    0.406    0.203   0.422   0.167

19.81   0.00    0.166    0.165   0.032   0.036   0.003   0.006   0.082   0.006   0.000   0.000   0.000 1235510000
19.81   4.50   47.416
19.81   5.00    0.256    0.166
19.81   5.00    0.422   48.017
19.81   5.00    0.406    0.204   0.422   0.167
19.81   5.00    0.406    0.203   0.422   0.167

19.82   0.00    0.166    0.165   0.032   0.036   0.003   0.006   0.082   0.006   0.000   0.000   0.000 1236133000
19.82   4.50   47.411
19.82   5.00    0.256    0.166
19.82   5.00    0.422   48.013
19.82   5.00    0.406    0.204   0.422   0.167
19.82   5.00    0.406    0.203   0.422   0.167

19.83   0.00    0.166    0.165   0.032   0.036   0.003   0.006   0.082   0.006   0.000   0.000   0.000 1236757000
19.83   4.50   47.407
19.83   5.00    0.256    0.166
19.83   5.00    0.422   48.009
19.83   5.00    0.406    0.204   0.422   0.167
19.83   5.00    0.406    0.203   0.422   0.167

19.84   0.00    0.166    0.165   0.032   0.036   0.003   0.006   0.082   0.006   0.000   0.000   0.000 1237381000
19.84   4.50   47.402
19.84   5.00    0.256    0.166
19.84   5.00    0.422   48.004
19.84   5.00    0.406    0.204   0.422   0.167
19.84   5.00    0.406    0.203   0.422   0.167

19.85   0.00    0.166    0.165   0.032   0.036   0.003   0.006   0.082   0.006   0.000   0.000   0.000 1238004000
19.85   4.50   47.397
19.85   5.00    0.256    0.166
19.85   5.00    0.422   48.000
19.85   5.00    0.406    0.204   0.422   0.167
19.85   5.00    0.406    0.203   0.422   0.167

19.86   0.00    0.166    0.165   0.032   0.036   0.003   0.006   0.082   0.006   0.000   0.000   0.000 1238628000
19.86   4.50   47.392
19.86   5.00    0.256    0.166
19.86   5.00    0.422   47.996
19.86   5.00    0.406    0.204   0.422   0.167
19.86   5.00    0.406    0.203   0.422   0.167

19.87   0.00    0.166    0.165   0.032   0.036   0.003   0.006   0.082   0.006   0.000   0.000   0.000 1239252000
19.87   4.50   47.387
19.87   5.00    0.256    0.166
19.87   5.00    0.422   47.992
19.87   5.00    0.406    0.204   0.422   0.167
19.87   5.00    0.406    0.203   0.422   0.167

19.88   0.00    0.166    0.165   0.032   0.036   0.003   0.006   0.082   0.006   0.000   0.000   0.000 1239875000
19.88   4.50   47.383
19.88   5.00    0.256    0.166
19.88   5.00    0.422   47.988
19.88   5.00    0.406    0.204   0.422   0.167
19.88   5.00    0.406    0.203   0.422   0.167

19.89   0.00    0.166    0.165   0.032   0.036   0.003   0.006   0.082   0.006   0.000   0.000   0.000 1240499000
19.89   4.50   47.378
19.89   5.00    0.256    0.166
19.89   5.00    0.422   47.984
19.89   5.00    0.406    0.203   0.422   0.167
19.89   5.00    0.406    0.203   0.422   0.167

19.90   0.00    0.166    0.165   0.032   0.036   0.003   0.006   0.082   0.006   0.000   0.000   0.000 1241123000
19.90   4.50   47.373
19.90   5.00    0.256    0.166
19.90   5.00    0.422   47.980
19.90   5.00    0.406    0.203   0.422   0.167
19.90   5.00    0.406    0.203   0.422   0.167

19.91   0.00    0.166    0.165   0.032   0.036   0.003   0.006   0.082   0.006   0.000   0.000   0.000 1241746000
19.91   4.50   47.368
19.91   5.00    0.256    0.166
19.91   5.00    0.422   47.976
19.91   5.00    0.405    0.203   0.422   0.167
19.91   5.00    0.406    0.203   0.422   0.167

19.92   0.00    0.166    0.165   0.032   0.036   0.003   0.006   0.082   0.006   0.000   0.000   0.000 1242370000
19.92   4.49   47.363
19.92   5.00    0.256    0.166
19.92   5.00    0.422   47.972
19.92   5.00    0.405    0.203   0.422   0.167
19.92   5.00    0.405    0.203   0.422   0.167

19.93   0.00    0.166    0.165   0.032   0.036   0.003   0.006   0.082   0.006   0.000   0.000   0.000 1242994000
19.93   4.49   47.359
19.93   5.00    0.256    0.166
19.93   5.00    0.422   47.968
19.93   5.00    0.405    0.203   0.422   0.167
19.93   5.00    0.405    0.203   0.422   0.167

19.94   0.00    0.166    0.165   0.032   0.036   0.003   0.006   0.082   0.006   0.000   0.000   0.000 1243618000
19.94   4.49   47.354
19.94   5.00    0.256    0.166
19.94   5.00    0.422   47.964
19.94   5.00    0.405    0.203   0.422   0.167
19.94   5.00    0.405    0.203   0.422   0.167

19.95   0.00    0.166    0.165   0.032   0.036   0.003   0.006   0.082   0.006   0.000   0.000   0.000 1244241000
19.95   4.49   47.349
19.95   5.00    0.255    0.166
19.95   5.00    0.421   47.960
19.95   5.00    0.405    0.203   0.421   0.167
19.95   5.00    0.405    0.203   0.421   0.167

19.96   0.00    0.166    0.165   0.032   0.036   0.003   0.006   0.082   0.006   0.000   0.000   0.000 1244865000
19.96   4.49   47.344
19.96   5.00    0.255    0.166
19.96   5.00    0.421   47.955
19.96   5.00    0.405    0.203   0.421   0.167
19.96   5.00    0.405    0.203   0.421   0.167

19.97   0.00    0.166    0.165   0.032   0.036   0.003   0.006   0.082   0.006   0.000   0.000   0.000 1245489000
19.97   4.49   47.340
19.97   5.00    0.255    0.166
19.97   5.00    0.421   47.951
19.97   5.00    0.405    0.203   0.421   0.167
19.97   5.00    0.405    0.203   0.421   0.167

19.98   0.00    0.166    0.165   0.032   0.036   0.003   0.006   0.082   0.006   0.000   0.000   0.000 1246112000
19.98   4.49   47.335
19.98   5.00    0.255    0.166
19.98   5.00    0.421   47.947
19.98   5.00    0.405    0.203   0.421   0.167
19.98   5.00    0.405    0.203   0.421   0.167

19.99   0.00    0.166    0.165   0.032   0.036   0.003   0.006   0.082   0.006   0.000   0.000   0.000 1246736000
19.99   4.49   47.330
19.99   5.00    0.255    0.166
19.99   5.00    0.421   47.943
19.99   5.00    0.405    0.203   0.421   0.167
19.99   5.00    0.405    0.203   0.421   0.167

20.00   0.00    0.166    0.165   0.032   0.036   0.003   0.006   0.082   0.006   0.000   0.000   0.000 1247360000
20.00   4.49   47.325
20.00   5.00    0.255    0.166
20.00   5.00    0.421   47.939
20.00   5.00    0.405    0.203   0.421   0.167
20.00   5.00    0.405    0.203   0.421   0.167

20.01   0.00    0.166    0.165   0.032   0.036   0.003   0.006   0.082   0.006   0.000   0.000   0.000 1247983000
20.01   4.49   47.320
20.01   5.00    0.255    0.166
20.01   5.00    0.421   47.935
20.01   5.00    0.405    0.203   0.421   0.167
20.01   5.00    0.405    0.203   0.421   0.167

20.02   0.00    0.166    0.165   0.032   0.036   0.003   0.006   0.082   0.006   0.000   0.000   0.000 1248607000
20.02   4.49   47.316
20.02   5.00    0.255    0.166
20.02   5.00    0.421   47.931
20.02   5.00    0.405    0.203   0.421   0.167
20.02   5.00    0.405    0.203   0.421   0.167

20.03   0.00    0.166    0.165   0.032   0.036   0.003   0.006   0.082   0.006   0.000   0.000   0.000 1249231000
20.03   4.49   47.311
20.03   5.00    0.255    0.166
20.03   5.00    0.421   47.927
20.03   5.00    0.405    0.203   0.421   0.167
20.03   5.00    0.405    0.203   0.421   0.167

20.04   0.00    0.166    0.165   0.032   0.036   0.003   0.006   0.082   0.006   0.000   0.000   0.000 1249854000
20.04   4.48   47.306
20.04   5.00    0.255    0.166
20.04   5.00    0.421   47.923
20.04   5.00    0.405    0.203   0.421   0.167
20.04   5.00    0.405    0.203   0.421   0.167

20.05   0.00    0.166    0.165   0.032   0.036   0.003   0.006   0.082   0.006   0.000   0.000   0.000 1250478000
20.05   4.48   47.301
20.05   5.00    0.255    0.166
20.05   5.00    0.421   47.919
20.05   5.00    0.405    0.203   0.421   0.167
20.05   5.00    0.405    0.203   0.421   0.167

20.06   0.00    0.166    0.165   0.032   0.036   0.003   0.006   0.082   0.006   0.000   0.000   0.000 1251102000
20.06   4.48   47.297
20.06   5.00    0.255    0.166
20.06   5.00    0.421   47.915
20.06   5.00    0.405    0.203   0.421   0.167
20.06   5.00    0.405    0.203   0.421   0.167

20.07   0.00    0.166    0.165   0.032   0.036   0.003   0.006   0.082   0.006   0.000   0.000   0.000 1251725000
20.07   4.48   47.292
20.07   5.00    0.255    0.166
20.07   5.00    0.421   47.911
20.07   5.00    0.405    0.203   0.421   0.167
20.07   5.00    0.405    0.203   0.421   0.167

20.08   0.00    0.166    0.165   0.032   0.036   0.003   0.006   0.082   0.006   0.000   0.000   0.000 1252349000
20.08   4.48   47.287
20.08   5.00    0.255    0.166
20.08   5.00    0.421   47.907
20.08   5.00    0.404    0.203   0.421   0.167
20.08   5.00    0.405    0.203   0.421   0.167

20.09   0.00    0.166    0.165   0.032   0.036   0.003   0.006   0.082   0.006   0.000   0.000   0.000 1252973000
20.09   4.48   47.283
20.09   5.00    0.255    0.166
20.09   5.00    0.421   47.903
20.09   5.00    0.404    0.203   0.421   0.167
20.09   5.00    0.404    0.203   0.421   0.167

20.10   0.00    0.166    0.165   0.032   0.036   0.003   0.006   0.082   0.006   0.000   0.000   0.000 1253596000
20.10   4.48   47.278
20.10   5.00    0.255    0.166
20.10   5.00    0.421   47.899
20.10   5.00    0.404    0.203   0.421   0.167
20.10   5.00    0.404    0.203   0.421   0.167

20.11   0.00    0.166    0.165   0.032   0.036   0.003   0.006   0.082   0.006   0.000   0.000   0.000 1254220000
20.11   4.48   47.273
20.11   5.00    0.255    0.166
20.11   5.00    0.420   47.895
20.11   5.00    0.404    0.203   0.420   0.167
20.11   5.00    0.404    0.203   0.420   0.167

20.12   0.00    0.166    0.165   0.032   0.036   0.003   0.006   0.082   0.006   0.000   0.000   0.000 1254844000
20.12   4.48   47.268
20.12   5.00    0.254    0.166
20.12   5.00    0.420   47.891
20.12   5.00    0.404    0.203   0.420   0.167
20.12   5.00    0.404    0.203   0.420   0.167

20.13   0.00    0.166    0.165   0.032   0.036   0.003   0.006   0.082   0.006   0.000   0.000   0.000 1255467000
20.13   4.48   47.264
20.13   5.00    0.254    0.166
20.13   5.00    0.420   47.887
20.13   5.00    0.404    0.203   0.420   0.167
20.13   5.00    0.404    0.203   0.420   0.167

20.14   0.00    0.166    0.165   0.032   0.036   0.003   0.006   0.082   0.006   0.000   0.000   0.000 1256091000
20.14   4.48   47.259
20.14   5.00    0.254    0.166
20.14   5.00    0.420   47.883
20.14   5.00    0.404    0.203   0.420   0.167
20.14   5.00    0.404    0.203   0.420   0.167

20.15   0.00    0.166    0.165   0.032   0.036   0.003   0.006   0.082   0.006   0.000   0.000   0.000 1256715000
20.15   4.48   47.254
20.15   5.00    0.254    0.166
20.15   5.00    0.420   47.879
20.15   5.00    0.404    0.203   0.420   0.167
20.15   5.00    0.404    0.203   0.420   0.167

20.16   0.00    0.166    0.165   0.032   0.036   0.003   0.006   0.082   0.006   0.000   0.000   0.000 1257338000
20.16   4.47   47.250
20.16   5.00    0.254    0.166
20.16   5.00    0.420   47.875
20.16   5.00    0.404    0.203   0.420   0.167
20.16   5.00    0.404    0.203   0.420   0.167

20.17   0.00    0.166    0.165   0.032   0.036   0.003   0.006   0.082   0.006   0.000   0.000   0.000 1257962000
20.17   4.47   47.245
20.17   5.00    0.254    0.166
20.17   5.00    0.420   47.871
20.17   5.00    0.404    0.203   0.420   0.167
20.17   5.00    0.404    0.202   0.420   0.167

20.18   0.00    0.166    0.165   0.032   0.036   0.003   0.006   0.082   0.006   0.000   0.000   0.000 1258586000
20.18   4.47   47.240
20.18   5.00    0.254    0.166
20.18   5.00    0.420   47.867
20.18   5.00    0.404    0.203   0.420   0.167
20.18   5.00    0.404    0.202   0.420   0.167

20.19   0.00    0.166    0.165   0.032   0.036   0.003   0.006   0.082   0.006   0.000   0.000   0.000 1259210000
20.19   4.47   47.235
20.19   5.00    0.254    0.166
20.19   5.00    0.420   47.863
20.19   5.00    0.404    0.203   0.420   0.167
20.19   5.00    0.404    0.202   0.420   0.167

20.20   0.00    0.166    0.165   0.032   0.036   0.003   0.006   0.082   0.006   0.000   0.000   0.000 1259833000
20.20   4.47   47.231
20.20   5.00    0.254    0.166
20.20   5.00    0.420   47.859
20.20   5.00    0.404    0.203   0.420   0.167
20.20   5.00    0.404    0.202   0.420   0.167

20.21   0.00    0.166    0.165   0.032   0.036   0.003   0.006   0.082   0.006   0.000   0.000   0.000 1260457000
20.21   4.47   47.226
20.21   5.00    0.254    0.166
20.21   5.00    0.420   47.855
20.21   5.00    0.404    0.203   0.420   0.167
20.21   5.00    0.404    0.202   0.420   0.166

20.22   0.00    0.166    0.165   0.032   0.036   0.003   0.006   0.082   0.006   0.000   0.000   0.000 1261080000
20.22   4.47   47.221
20.22   5.00    0.254    0.166
20.22   5.00    0.420   47.851
20.22   5.00    0.404    0.203   0.420   0.167
20.22   5.00    0.404    0.202   0.420   0.166

20.23   0.00    0.166    0.165   0.032   0.036   0.003   0.006   0.082   0.006   0.000   0.000   0.000 1261704000
20.23   4.47   47.217
20.23   5.00    0.254    0.166
20.23   5.00    0.420   47.847
20.23   5.00    0.404    0.203   0.420   0.167
20.23   5.00    0.404    0.202   0.420   0.166

20.24   0.00    0.166    0.165   0.032   0.036   0.003   0.006   0.082   0.006   0.000   0.000   0.000 1262328000
20.24   4.47   47.212
20.24   5.00    0.254    0.166
20.24   5.00    0.420   47.843
20.24   5.00    0.404    0.203   0.420   0.167
20.24   5.00    0.404    0.202   0.420   0.166

20.25   0.00    0.166    0.165   0.032   0.036   0.003   0.006   0.082   0.006   0.000   0.000   0.000 1262952000
20.25   4.47   47.207
20.25   5.00    0.254    0.166
20.25   5.00    0.420   47.839
20.25   5.00    0.404    0.203   0.420   0.167
20.25   5.00    0.404    0.202   0.420   0.166

20.26   0.00    0.166    0.165   0.032   0.036   0.003   0.006   0.082   0.006   0.000   0.000   0.000 1263575000
20.26   4.47   47.203
20.26   5.00    0.254    0.166
20.26   5.00    0.420   47.835
20.26   5.00    0.403    0.203   0.420   0.167
20.26   5.00    0.404    0.202   0.420   0.166

20.27   0.00    0.166    0.165   0.032   0.036   0.003   0.006   0.082   0.006   0.000   0.000   0.000 1264199000
20.27   4.47   47.198
20.27   5.00    0.254    0.166
20.27   5.00    0.420   47.831
20.27   5.00    0.403    0.203   0.420   0.167
20.27   5.00    0.403    0.202   0.420   0.166

20.28   0.00    0.166    0.165   0.032   0.036   0.003   0.006   0.082   0.006   0.000   0.000   0.000 1264823000
20.28   4.46   47.193
20.28   5.00    0.254    0.166
20.28   5.00    0.420   47.827
20.28   5.00    0.403    0.203   0.420   0.167
20.28   5.00    0.403    0.202   0.420   0.166

20.29   0.00    0.166    0.165   0.032   0.036   0.003   0.006   0.082   0.006   0.000   0.000   0.000 1265446000
20.29   4.46   47.189
20.29   5.00    0.253    0.166
20.29   5.00    0.419   47.823
20.29   5.00    0.403    0.203   0.419   0.167
20.29   5.00    0.403    0.202   0.419   0.166

20.30   0.00    0.166    0.165   0.032   0.036   0.003   0.006   0.082   0.006   0.000   0.000   0.000 1266070000
20.30   4.46   47.184
20.30   5.00    0.253    0.166
20.30   5.00    0.419   47.819
20.30   5.00    0.403    0.203   0.419   0.167
20.30   5.00    0.403    0.202   0.419   0.166

20.31   0.00    0.166    0.165   0.032   0.036   0.003   0.006   0.082   0.006   0.000   0.000   0.000 1266694000
20.31   4.46   47.179
20.31   5.00    0.253    0.166
20.31   5.00    0.419   47.815
20.31   5.00    0.403    0.203   0.419   0.167
20.31   5.00    0.403    0.202   0.419   0.166

20.32   0.00    0.166    0.165   0.032   0.036   0.003   0.006   0.082   0.006   0.000   0.000   0.000 1267317000
20.32   4.46   47.175
20.32   5.00    0.253    0.166
20.32   5.00    0.419   47.811
20.32   5.00    0.403    0.203   0.419   0.167
20.32   5.00    0.403    0.202   0.419   0.166

20.33   0.00    0.166    0.165   0.032   0.036   0.003   0.006   0.082   0.006   0.000   0.000   0.000 1267941000
20.33   4.46   47.170
20.33   5.00    0.253    0.166
20.33   5.00    0.419   47.807
20.33   5.00    0.403    0.203   0.419   0.167
20.33   5.00    0.403    0.202   0.419   0.166

20.34   0.00    0.166    0.165   0.032   0.036   0.003   0.006   0.082   0.006   0.000   0.000   0.000 1268565000
20.34   4.46   47.165
20.34   5.00    0.253    0.166
20.34   5.00    0.419   47.804
20.34   5.00    0.403    0.203   0.419   0.167
20.34   5.00    0.403    0.202   0.419   0.166

20.35   0.00    0.166    0.165   0.032   0.036   0.003   0.006   0.082   0.006   0.000   0.000   0.000 1269188000
20.35   4.46   47.161
20.35   5.00    0.253    0.166
20.35   5.00    0.419   47.800
20.35   5.00    0.403    0.203   0.419   0.167
20.35   5.00    0.403    0.202   0.419   0.166

20.36   0.00    0.166    0.165   0.032   0.036   0.003   0.006   0.082   0.006   0.000   0.000   0.000 1269812000
20.36   4.46   47.156
20.36   5.00    0.253    0.166
20.36   5.00    0.419   47.796
20.36   5.00    0.403    0.203   0.419   0.167
20.36   5.00    0.403    0.202   0.419   0.166

20.37   0.00    0.166    0.165   0.032   0.036   0.003   0.006   0.082   0.006   0.000   0.000   0.000 1270436000
20.37   4.46   47.151
20.37   5.00    0.253    0.166
20.37   5.00    0.419   47.792
20.37   5.00    0.403    0.203   0.419   0.167
20.37   5.00    0.403    0.202   0.419   0.166

20.38   0.00    0.166    0.165   0.032   0.036   0.003   0.006   0.082   0.006   0.000   0.000   0.000 1271059000
20.38   4.46   47.147
20.38   5.00    0.253    0.166
20.38   5.00    0.419   47.788
20.38   5.00    0.403    0.203   0.419   0.167
20.38   5.00    0.403    0.202   0.419   0.166

20.39   0.00    0.166    0.165   0.032   0.036   0.003   0.006   0.082   0.006   0.000   0.000   0.000 1271683000
20.39   4.46   47.142
20.39   5.00    0.253    0.166
20.39   5.00    0.419   47.784
20.39   5.00    0.403    0.203   0.419   0.167
20.39   5.00    0.403    0.202   0.419   0.166

20.40   0.00    0.166    0.165   0.032   0.036   0.003   0.006   0.082   0.006   0.000   0.000   0.000 1272307000
20.40   4.46   47.138
20.40   5.00    0.253    0.166
20.40   5.00    0.419   47.780
20.40   5.00    0.403    0.203   0.419   0.167
20.40   5.00    0.403    0.202   0.419   0.166

20.41   0.00    0.166    0.165   0.032   0.036   0.003   0.006   0.082   0.006   0.000   0.000   0.000 1272930000
20.41   4.45   47.133
20.41   5.00    0.253    0.166
20.41   5.00    0.419   47.776
20.41   5.00    0.403    0.203   0.419   0.167
20.41   5.00    0.403    0.202   0.419   0.166

20.42   0.00    0.166    0.165   0.032   0.036   0.003   0.006   0.082   0.006   0.000   0.000   0.000 1273554000
20.42   4.45   47.128
20.42   5.00    0.253    0.166
20.42   5.00    0.419   47.772
20.42   5.00    0.403    0.203   0.419   0.167
20.42   5.00    0.403    0.202   0.419   0.166

20.43   0.00    0.166    0.165   0.032   0.036   0.003   0.006   0.082   0.006   0.000   0.000   0.000 1274178000
20.43   4.45   47.124
20.43   5.00    0.253    0.166
20.43   5.00    0.419   47.768
20.43   5.00    0.402    0.203   0.419   0.167
20.43   5.00    0.403    0.202   0.419   0.166

20.44   0.00    0.166    0.165   0.032   0.036   0.003   0.006   0.082   0.006   0.000   0.000   0.000 1274802000
20.44   4.45   47.119
20.44   5.00    0.253    0.166
20.44   5.00    0.419   47.764
20.44   5.00    0.402    0.203   0.419   0.167
20.44   5.00    0.402    0.202   0.419   0.166

20.45   0.00    0.166    0.165   0.032   0.036   0.003   0.006   0.082   0.006   0.000   0.000   0.000 1275425000
20.45   4.45   47.114
20.45   5.00    0.253    0.166
20.45   5.00    0.419   47.760
20.45   5.00    0.402    0.203   0.419   0.167
20.45   5.00    0.402    0.202   0.419   0.166

20.46   0.00    0.166    0.165   0.032   0.036   0.003   0.006   0.082   0.006   0.000   0.000   0.000 1276049000
20.46   4.45   47.110
20.46   5.00    0.252    0.166
20.46   5.00    0.418   47.756
20.46   5.00    0.402    0.203   0.418   0.167
20.46   5.00    0.402    0.202   0.418   0.166

20.47   0.00    0.166    0.165   0.032   0.036   0.003   0.006   0.082   0.006   0.000   0.000   0.000 1276673000
20.47   4.45   47.105
20.47   5.00    0.252    0.166
20.47   5.00    0.418   47.753
20.47   5.00    0.402    0.203   0.418   0.167
20.47   5.00    0.402    0.202   0.418   0.166

20.48   0.00    0.166    0.165   0.032   0.036   0.003   0.006   0.082   0.006   0.000   0.000   0.000 1277296000
20.48   4.45   47.101
20.48   5.00    0.252    0.166
20.48   5.00    0.418   47.749
20.48   5.00    0.402    0.203   0.418   0.167
20.48   5.00    0.402    0.202   0.418   0.166

20.49   0.00    0.166    0.165   0.032   0.036   0.003   0.006   0.082   0.006   0.000   0.000   0.000 1277920000
20.49   4.45   47.096
20.49   5.00    0.252    0.166
20.49   5.00    0.418   47.745
20.49   5.00    0.402    0.203   0.418   0.167
20.49   5.00    0.402    0.202   0.418   0.166

20.50   0.00    0.166    0.165   0.032   0.036   0.003   0.006   0.082   0.006   0.000   0.000   0.000 1278544000
20.50   4.45   47.091
20.50   5.00    0.252    0.166
20.50   5.00    0.418   47.741
20.50   5.00    0.402    0.203   0.418   0.167
20.50   5.00    0.402    0.202   0.418   0.166

20.51   0.00    0.166    0.165   0.032   0.036   0.003   0.006   0.082   0.006   0.000   0.000   0.000 1279167000
20.51   4.45   47.087
20.51   5.00    0.252    0.166
20.51   5.00    0.418   47.737
20.51   5.00    0.402    0.203   0.418   0.167
20.51   5.00    0.402    0.202   0.418   0.166

20.52   0.00    0.166    0.165   0.032   0.036   0.003   0.006   0.082   0.006   0.000   0.000   0.000 1279791000
20.52   4.45   47.082
20.52   5.00    0.252    0.166
20.52   5.00    0.418   47.733
20.52   5.00    0.402    0.203   0.418   0.167
20.52   5.00    0.402    0.202   0.418   0.166

20.53   0.00    0.166    0.165   0.032   0.036   0.003   0.006   0.082   0.006   0.000   0.000   0.000 1280415000
20.53   4.44   47.078
20.53   5.00    0.252    0.166
20.53   5.00    0.418   47.729
20.53   5.00    0.402    0.203   0.418   0.167
20.53   5.00    0.402    0.202   0.418   0.166

20.54   0.00    0.166    0.165   0.032   0.036   0.003   0.006   0.082   0.006   0.000   0.000   0.000 1281038000
20.54   4.44   47.073
20.54   5.00    0.252    0.166
20.54   5.00    0.418   47.725
20.54   5.00    0.402    0.203   0.418   0.167
20.54   5.00    0.402    0.202   0.418   0.166

20.55   0.00    0.166    0.165   0.032   0.036   0.003   0.006   0.082   0.006   0.000   0.000   0.000 1281662000
20.55   4.44   47.068
20.55   5.00    0.252    0.166
20.55   5.00    0.418   47.721
20.55   5.00    0.402    0.203   0.418   0.167
20.55   5.00    0.402    0.202   0.418   0.166

20.56   0.00    0.166    0.165   0.032   0.036   0.003   0.006   0.082   0.006   0.000   0.000   0.000 1282286000
20.56   4.44   47.064
20.56   5.00    0.252    0.166
20.56   5.00    0.418   47.718
20.56   5.00    0.402    0.203   0.418   0.167
20.56   5.00    0.402    0.202   0.418   0.166

20.57   0.00    0.166    0.165   0.032   0.036   0.003   0.006   0.082   0.006   0.000   0.000   0.000 1282909000
20.57   4.44   47.059
20.57   5.00    0.252    0.166
20.57   5.00    0.418   47.714
20.57   5.00    0.402    0.203   0.418   0.167
20.57   5.00    0.402    0.202   0.418   0.166

20.58   0.00    0.166    0.165   0.032   0.036   0.003   0.006   0.082   0.006   0.000   0.000   0.000 1283533000
20.58   4.44   47.055
20.58   5.00    0.252    0.166
20.58   5.00    0.418   47.710
20.58   5.00    0.402    0.203   0.418   0.167
20.58   5.00    0.402    0.202   0.418   0.166

20.59   0.00    0.166    0.165   0.032   0.036   0.003   0.006   0.082   0.006   0.000   0.000   0.000 1284157000
20.59   4.44   47.050
20.59   5.00    0.252    0.166
20.59   5.00    0.418   47.706
20.59   5.00    0.402    0.203   0.418   0.167
20.59   5.00    0.402    0.202   0.418   0.166

20.60   0.00    0.166    0.165   0.032   0.036   0.003   0.006   0.082   0.006   0.000   0.000   0.000 1284780000
20.60   4.44   47.046
20.60   5.00    0.252    0.166
20.60   5.00    0.418   47.702
20.60   5.00    0.402    0.203   0.418   0.167
20.60   5.00    0.402    0.202   0.418   0.166

20.61   0.00    0.166    0.165   0.032   0.036   0.003   0.006   0.082   0.006   0.000   0.000   0.000 1285404000
20.61   4.44   47.041
20.61   5.00    0.252    0.166
20.61   5.00    0.418   47.698
20.61   5.00    0.401    0.203   0.418   0.167
20.61   5.00    0.402    0.202   0.418   0.166

20.62   0.00    0.166    0.165   0.032   0.036   0.003   0.006   0.082   0.006   0.000   0.000   0.000 1286028000
20.62   4.44   47.036
20.62   5.00    0.252    0.166
20.62   5.00    0.418   47.694
20.62   5.00    0.401    0.203   0.418   0.167
20.62   5.00    0.401    0.202   0.418   0.166

20.63   0.00    0.166    0.165   0.032   0.036   0.003   0.006   0.082   0.006   0.000   0.000   0.000 1286651000
20.63   4.44   47.032
20.63   5.00    0.252    0.166
20.63   5.00    0.418   47.690
20.63   5.00    0.401    0.203   0.418   0.167
20.63   5.00    0.401    0.202   0.418   0.166

20.64   0.00    0.166    0.165   0.032   0.036   0.003   0.006   0.082   0.006   0.000   0.000   0.000 1287275000
20.64   4.44   47.027
20.64   5.00    0.251    0.166
20.64   5.00    0.417   47.687
20.64   5.00    0.401    0.203   0.417   0.167
20.64   5.00    0.401    0.202   0.417   0.166

20.65   0.00    0.166    0.165   0.032   0.036   0.003   0.006   0.082   0.006   0.000   0.000   0.000 1287899000
20.65   4.44   47.023
20.65   5.00    0.251    0.166
20.65   5.00    0.417   47.683
20.65   5.00    0.401    0.203   0.417   0.167
20.65   5.00    0.401    0.202   0.417   0.166

20.66   0.00    0.166    0.165   0.032   0.036   0.003   0.006   0.082   0.006   0.000   0.000   0.000 1288522000
20.66   4.43   47.018
20.66   5.00    0.251    0.166
20.66   5.00    0.417   47.679
20.66   5.00    0.401    0.203   0.417   0.167
20.66   5.00    0.401    0.202   0.417   0.166

20.67   0.00    0.166    0.165   0.032   0.036   0.003   0.006   0.082   0.006   0.000   0.000   0.000 1289146000
20.67   4.43   47.014
20.67   5.00    0.251    0.166
20.67   5.00    0.417   47.675
20.67   5.00    0.401    0.203   0.417   0.167
20.67   5.00    0.401    0.202   0.417   0.166

20.68   0.00    0.166    0.165   0.032   0.036   0.003   0.006   0.082   0.006   0.000   0.000   0.000 1289770000
20.68   4.43   47.009
20.68   5.00    0.251    0.166
20.68   5.00    0.417   47.671
20.68   5.00    0.401    0.203   0.417   0.167
20.68   5.00    0.401    0.202   0.417   0.166

20.69   0.00    0.166    0.165   0.032   0.036   0.003   0.006   0.082   0.006   0.000   0.000   0.000 1290394000
20.69   4.43   47.005
20.69   5.00    0.251    0.166
20.69   5.00    0.417   47.667
20.69   5.00    0.401    0.203   0.417   0.167
20.69   5.00    0.401    0.202   0.417   0.166

20.70   0.00    0.166    0.165   0.032   0.036   0.003   0.006   0.082   0.006   0.000   0.000   0.000 1291017000
20.70   4.43   47.000
20.70   5.00    0.251    0.166
20.70   5.00    0.417   47.664
20.70   5.00    0.401    0.203   0.417   0.167
20.70   5.00    0.401    0.202   0.417   0.166

20.71   0.00    0.166    0.165   0.032   0.036   0.003   0.006   0.082   0.006   0.000   0.000   0.000 1291641000
20.71   4.43   46.995
20.71   5.00    0.251    0.166
20.71   5.00    0.417   47.660
20.71   5.00    0.401    0.203   0.417   0.167
20.71   5.00    0.401    0.202   0.417   0.166

20.72   0.00    0.166    0.165   0.032   0.036   0.003   0.006   0.082   0.006   0.000   0.000   0.000 1292264000
20.72   4.43   46.991
20.72   5.00    0.251    0.166
20.72   5.00    0.417   47.656
20.72   5.00    0.401    0.203   0.417   0.167
20.72   5.00    0.401    0.202   0.417   0.166

20.73   0.00    0.166    0.165   0.032   0.036   0.003   0.006   0.082   0.006   0.000   0.000   0.000 1292888000
20.73   4.43   46.986
20.73   5.00    0.251    0.166
20.73   5.00    0.417   47.652
20.73   5.00    0.401    0.203   0.417   0.167
20.73   5.00    0.401    0.202   0.417   0.166

20.74   0.00    0.166    0.165   0.032   0.036   0.003   0.006   0.082   0.006   0.000   0.000   0.000 1293512000
20.74   4.43   46.982
20.74   5.00    0.251    0.166
20.74   5.00    0.417   47.648
20.74   5.00    0.401    0.203   0.417   0.167
20.74   5.00    0.401    0.202   0.417   0.166

20.75   0.00    0.166    0.165   0.032   0.036   0.003   0.006   0.082   0.006   0.000   0.000   0.000 1294136000
20.75   4.43   46.977
20.75   5.00    0.251    0.166
20.75   5.00    0.417   47.644
20.75   5.00    0.401    0.203   0.417   0.167
20.75   5.00    0.401    0.202   0.417   0.166

20.76   0.00    0.166    0.165   0.032   0.036   0.003   0.006   0.082   0.006   0.000   0.000   0.000 1294759000
20.76   4.43   46.973
20.76   5.00    0.251    0.166
20.76   5.00    0.417   47.641
20.76   5.00    0.401    0.203   0.417   0.167
20.76   5.00    0.401    0.202   0.417   0.166

20.77   0.00    0.166    0.165   0.032   0.036   0.003   0.006   0.082   0.006   0.000   0.000   0.000 1295383000
20.77   4.43   46.968
20.77   5.00    0.251    0.166
20.77   5.00    0.417   47.637
20.77   5.00    0.401    0.203   0.417   0.167
20.77   5.00    0.401    0.202   0.417   0.166

20.78   0.00    0.166    0.165   0.032   0.036   0.003   0.006   0.082   0.006   0.000   0.000   0.000 1296007000
20.78   4.42   46.964
20.78   5.00    0.251    0.166
20.78   5.00    0.417   47.633
20.78   5.00    0.401    0.203   0.417   0.167
20.78   5.00    0.401    0.202   0.417   0.166

20.79   0.00    0.166    0.165   0.032   0.036   0.003   0.006   0.082   0.006   0.000   0.000   0.000 1296630000
20.79   4.42   46.959
20.79   5.00    0.251    0.166
20.79   5.00    0.417   47.629
20.79   5.00    0.400    0.203   0.417   0.167
20.79   5.00    0.401    0.202   0.417   0.166

20.80   0.00    0.166    0.165   0.032   0.036   0.003   0.006   0.082   0.006   0.000   0.000   0.000 1297254000
20.80   4.42   46.955
20.80   5.00    0.251    0.166
20.80   5.00    0.417   47.625
20.80   5.00    0.400    0.203   0.417   0.167
20.80   5.00    0.400    0.202   0.417   0.166

20.81   0.00    0.166    0.165   0.032   0.036   0.003   0.006   0.082   0.006   0.000   0.000   0.000 1297878000
20.81   4.42   46.950
20.81   5.00    0.251    0.166
20.81   5.00    0.417   47.622
20.81   5.00    0.400    0.203   0.417   0.167
20.81   5.00    0.400    0.202   0.417   0.166

20.82   0.00    0.166    0.165   0.032   0.036   0.003   0.006   0.082   0.006   0.000   0.000   0.000 1298501000
20.82   4.42   46.946
20.82   5.00    0.250    0.166
20.82   5.00    0.416   47.618
20.82   5.00    0.400    0.203   0.416   0.167
20.82   5.00    0.400    0.202   0.416   0.166

20.83   0.00    0.166    0.165   0.032   0.036   0.003   0.006   0.082   0.006   0.000   0.000   0.000 1299125000
20.83   4.42   46.941
20.83   5.00    0.250    0.166
20.83   5.00    0.416   47.614
20.83   5.00    0.400    0.203   0.416   0.167
20.83   5.00    0.400    0.202   0.416   0.166

20.84   0.00    0.166    0.165   0.032   0.036   0.003   0.006   0.082   0.006   0.000   0.000   0.000 1299749000
20.84   4.42   46.937
20.84   5.00    0.250    0.166
20.84   5.00    0.416   47.610
20.84   5.00    0.400    0.203   0.416   0.167
20.84   5.00    0.400    0.202   0.416   0.166

20.85   0.00    0.166    0.165   0.032   0.036   0.003   0.006   0.082   0.006   0.000   0.000   0.000 1300372000
20.85   4.42   46.932
20.85   5.00    0.250    0.166
20.85   5.00    0.416   47.606
20.85   5.00    0.400    0.203   0.416   0.167
20.85   5.00    0.400    0.202   0.416   0.166

20.86   0.00    0.166    0.165   0.032   0.036   0.003   0.006   0.082   0.006   0.000   0.000   0.000 1300996000
20.86   4.42   46.928
20.86   5.00    0.250    0.166
20.86   5.00    0.416   47.603
20.86   5.00    0.400    0.203   0.416   0.167
20.86   5.00    0.400    0.202   0.416   0.166

20.87   0.00    0.166    0.165   0.032   0.036   0.003   0.006   0.082   0.006   0.000   0.000   0.000 1301620000
20.87   4.42   46.923
20.87   5.00    0.250    0.166
20.87   5.00    0.416   47.599
20.87   5.00    0.400    0.203   0.416   0.167
20.87   5.00    0.400    0.202   0.416   0.166

20.88   0.00    0.166    0.165   0.032   0.036   0.003   0.006   0.082   0.006   0.000   0.000   0.000 1302243000
20.88   4.42   46.919
20.88   5.00    0.250    0.166
20.88   5.00    0.416   47.595
20.88   5.00    0.400    0.203   0.416   0.167
20.88   5.00    0.400    0.202   0.416   0.166

20.89   0.00    0.166    0.165   0.032   0.036   0.003   0.006   0.082   0.006   0.000   0.000   0.000 1302867000
20.89   4.42   46.914
20.89   5.00    0.250    0.166
20.89   5.00    0.416   47.591
20.89   5.00    0.400    0.203   0.416   0.167
20.89   5.00    0.400    0.202   0.416   0.166

20.90   0.00    0.166    0.165   0.032   0.036   0.003   0.006   0.082   0.006   0.000   0.000   0.000 1303491000
20.90   4.42   46.910
20.90   5.00    0.250    0.166
20.90   5.00    0.416   47.587
20.90   5.00    0.400    0.203   0.416   0.167
20.90   5.00    0.400    0.202   0.416   0.166

20.91   0.00    0.166    0.165   0.032   0.036   0.003   0.006   0.082   0.006   0.000   0.000   0.000 1304114000
20.91   4.41   46.905
20.91   5.00    0.250    0.166
20.91   5.00    0.416   47.584
20.91   5.00    0.400    0.203   0.416   0.167
20.91   5.00    0.400    0.202   0.416   0.166

20.92   0.00    0.166    0.165   0.032   0.036   0.003   0.006   0.082   0.006   0.000   0.000   0.000 1304738000
20.92   4.41   46.901
20.92   5.00    0.250    0.166
20.92   5.00    0.416   47.580
20.92   5.00    0.400    0.203   0.416   0.167
20.92   5.00    0.400    0.202   0.416   0.166

20.93   0.00    0.166    0.165   0.032   0.036   0.003   0.006   0.082   0.006   0.000   0.000   0.000 1305362000
20.93   4.41   46.896
20.93   5.00    0.250    0.166
20.93   5.00    0.416   47.576
20.93   5.00    0.400    0.203   0.416   0.167
20.93   5.00    0.400    0.202   0.416   0.166

20.94   0.00    0.166    0.165   0.032   0.036   0.003   0.006   0.082   0.006   0.000   0.000   0.000 1305986000
20.94   4.41   46.892
20.94   5.00    0.250    0.166
20.94   5.00    0.416   47.572
20.94   5.00    0.400    0.203   0.416   0.167
20.94   5.00    0.400    0.202   0.416   0.166

20.95   0.00    0.166    0.165   0.032   0.036   0.003   0.006   0.082   0.006   0.000   0.000   0.000 1306609000
20.95   4.41   46.887
20.95   5.00    0.250    0.166
20.95   5.00    0.416   47.569
20.95   5.00    0.400    0.203   0.416   0.167
20.95   5.00    0.400    0.202   0.416   0.166

20.96   0.00    0.166    0.165   0.032   0.036   0.003   0.006   0.082   0.006   0.000   0.000   0.000 1307233000
20.96   4.41   46.883
20.96   5.00    0.250    0.166
20.96   5.00    0.416   47.565
20.96   5.00    0.400    0.203   0.416   0.167
20.96   5.00    0.400    0.202   0.416   0.166

20.97   0.00    0.166    0.165   0.032   0.036   0.003   0.006   0.082   0.006   0.000   0.000   0.000 1307857000
20.97   4.41   46.878
20.97   5.00    0.250    0.166
20.97   5.00    0.416   47.561
20.97   5.00    0.399    0.203   0.416   0.167
20.97   5.00    0.400    0.202   0.416   0.166

20.98   0.00    0.166    0.165   0.032   0.036   0.003   0.006   0.082   0.006   0.000   0.000   0.000 1308480000
20.98   4.41   46.874
20.98   5.00    0.250    0.166
20.98   5.00    0.416   47.557
20.98   5.00    0.399    0.203   0.416   0.167
20.98   5.00    0.400    0.202   0.416   0.166

20.99   0.00    0.166    0.165   0.032   0.036   0.003   0.006   0.082   0.006   0.000   0.000   0.000 1309104000
20.99   4.41   46.869
20.99   5.00    0.250    0.166
20.99   5.00    0.416   47.554
20.99   5.00    0.399    0.203   0.416   0.167
20.99   5.00    0.399    0.202   0.416   0.166

21.00   0.00    0.166    0.165   0.032   0.036   0.003   0.006   0.082   0.006   0.000   0.000   0.000 1309728000
21.00   4.41   46.865
21.00   5.00    0.249    0.166
21.00   5.00    0.415   47.550
21.00   5.00    0.399    0.203   0.415   0.167
21.00   5.00    0.399    0.202   0.415   0.166

21.01   0.00    0.166    0.165   0.032   0.036   0.003   0.006   0.082   0.006   0.000   0.000   0.000 1310351000
21.01   4.41   46.860
21.01   5.00    0.249    0.166
21.01   5.00    0.415   47.546
21.01   5.00    0.399    0.203   0.415   0.167
21.01   5.00    0.399    0.202   0.415   0.166

21.02   0.00    0.166    0.165   0.032   0.036   0.003   0.006   0.082   0.006   0.000   0.000   0.000 1310975000
21.02   4.41   46.856
21.02   5.00    0.249    0.166
21.02   5.00    0.415   47.542
21.02   5.00    0.399    0.203   0.415   0.167
21.02   5.00    0.399    0.202   0.415   0.166

21.03   0.00    0.166    0.165   0.032   0.036   0.003   0.006   0.082   0.006   0.000   0.000   0.000 1311599000
21.03   4.41   46.852
21.03   5.00    0.249    0.166
21.03   5.00    0.415   47.539
21.03   5.00    0.399    0.203   0.415   0.167
21.03   5.00    0.399    0.202   0.415   0.166

21.04   0.00    0.166    0.165   0.032   0.036   0.003   0.006   0.082   0.006   0.000   0.000   0.000 1312222000
21.04   4.40   46.847
21.04   5.00    0.249    0.166
21.04   5.00    0.415   47.535
21.04   5.00    0.399    0.203   0.415   0.167
21.04   5.00    0.399    0.202   0.415   0.166

21.05   0.00    0.166    0.165   0.032   0.036   0.003   0.006   0.082   0.006   0.000   0.000   0.000 1312846000
21.05   4.40   46.843
21.05   5.00    0.249    0.166
21.05   5.00    0.415   47.531
21.05   5.00    0.399    0.203   0.415   0.167
21.05   5.00    0.399    0.202   0.415   0.166

21.06   0.00    0.166    0.165   0.032   0.036   0.003   0.006   0.082   0.006   0.000   0.000   0.000 1313470000
21.06   4.40   46.838
21.06   5.00    0.249    0.166
21.06   5.00    0.415   47.527
21.06   5.00    0.399    0.203   0.415   0.167
21.06   5.00    0.399    0.202   0.415   0.166

21.07   0.00    0.166    0.165   0.032   0.036   0.003   0.006   0.082   0.006   0.000   0.000   0.000 1314093000
21.07   4.40   46.834
21.07   5.00    0.249    0.166
21.07   5.00    0.415   47.524
21.07   5.00    0.399    0.203   0.415   0.167
21.07   5.00    0.399    0.202   0.415   0.166

21.08   0.00    0.166    0.165   0.032   0.036   0.003   0.006   0.082   0.006   0.000   0.000   0.000 1314717000
21.08   4.40   46.829
21.08   5.00    0.249    0.166
21.08   5.00    0.415   47.520
21.08   5.00    0.399    0.203   0.415   0.167
21.08   5.00    0.399    0.202   0.415   0.166

21.09   0.00    0.166    0.165   0.032   0.036   0.003   0.006   0.082   0.006   0.000   0.000   0.000 1315341000
21.09   4.40   46.825
21.09   5.00    0.249    0.166
21.09   5.00    0.415   47.516
21.09   5.00    0.399    0.203   0.415   0.167
21.09   5.00    0.399    0.202   0.415   0.166

21.10   0.00    0.166    0.165   0.032   0.036   0.003   0.006   0.082   0.006   0.000   0.000   0.000 1315964000
21.10   4.40   46.820
21.10   5.00    0.249    0.166
21.10   5.00    0.415   47.512
21.10   5.00    0.399    0.203   0.415   0.167
21.10   5.00    0.399    0.202   0.415   0.166

21.11   0.00    0.166    0.165   0.032   0.036   0.003   0.006   0.082   0.006   0.000   0.000   0.000 1316588000
21.11   4.40   46.816
21.11   5.00    0.249    0.166
21.11   5.00    0.415   47.509
21.11   5.00    0.399    0.203   0.415   0.167
21.11   5.00    0.399    0.202   0.415   0.166

21.12   0.00    0.166    0.165   0.032   0.036   0.003   0.006   0.082   0.006   0.000   0.000   0.000 1317212000
21.12   4.40   46.812
21.12   5.00    0.249    0.166
21.12   5.00    0.415   47.505
21.12   5.00    0.399    0.203   0.415   0.167
21.12   5.00    0.399    0.202   0.415   0.166

21.13   0.00    0.166    0.165   0.032   0.036   0.003   0.006   0.082   0.006   0.000   0.000   0.000 1317835000
21.13   4.40   46.807
21.13   5.00    0.249    0.166
21.13   5.00    0.415   47.501
21.13   5.00    0.399    0.203   0.415   0.167
21.13   5.00    0.399    0.202   0.415   0.166

21.14   0.00    0.166    0.165   0.032   0.036   0.003   0.006   0.082   0.006   0.000   0.000   0.000 1318459000
21.14   4.40   46.803
21.14   5.00    0.249    0.166
21.14   5.00    0.415   47.498
21.14   5.00    0.399    0.202   0.415   0.167
21.14   5.00    0.399    0.202   0.415   0.166

21.15   0.00    0.166    0.165   0.032   0.036   0.003   0.006   0.082   0.006   0.000   0.000   0.000 1319083000
21.15   4.40   46.798
21.15   5.00    0.249    0.166
21.15   5.00    0.415   47.494
21.15   5.00    0.399    0.202   0.415   0.167
21.15   5.00    0.399    0.202   0.415   0.166

21.16   0.00    0.166    0.165   0.032   0.036   0.003   0.006   0.082   0.006   0.000   0.000   0.000 1319706000
21.16   4.40   46.794
21.16   5.00    0.249    0.166
21.16   5.00    0.415   47.490
21.16   5.00    0.398    0.202   0.415   0.167
21.16   5.00    0.399    0.202   0.415   0.166

21.17   0.00    0.166    0.165   0.032   0.036   0.003   0.006   0.082   0.006   0.000   0.000   0.000 1320330000
21.17   4.39   46.789
21.17   5.00    0.249    0.166
21.17   5.00    0.415   47.486
21.17   5.00    0.398    0.202   0.415   0.167
21.17   5.00    0.398    0.202   0.415   0.166

21.18   0.00    0.166    0.165   0.032   0.036   0.003   0.006   0.082   0.006   0.000   0.000   0.000 1320954000
21.18   4.39   46.785
21.18   5.00    0.249    0.166
21.18   5.00    0.415   47.483
21.18   5.00    0.398    0.202   0.415   0.167
21.18   5.00    0.398    0.202   0.415   0.166

21.19   0.00    0.166    0.165   0.032   0.036   0.003   0.006   0.082   0.006   0.000   0.000   0.000 1321577000
21.19   4.39   46.781
21.19   5.00    0.248    0.166
21.19   5.00    0.414   47.479
21.19   5.00    0.398    0.202   0.414   0.167
21.19   5.00    0.398    0.202   0.414   0.166

21.20   0.00    0.166    0.165   0.032   0.036   0.003   0.006   0.082   0.006   0.000   0.000   0.000 1322201000
21.20   4.39   46.776
21.20   5.00    0.248    0.166
21.20   5.00    0.414   47.475
21.20   5.00    0.398    0.202   0.414   0.167
21.20   5.00    0.398    0.202   0.414   0.166

21.21   0.00    0.166    0.165   0.032   0.036   0.003   0.006   0.082   0.006   0.000   0.000   0.000 1322825000
21.21   4.39   46.772
21.21   5.00    0.248    0.166
21.21   5.00    0.414   47.472
21.21   5.00    0.398    0.202   0.414   0.167
21.21   5.00    0.398    0.202   0.414   0.166

21.22   0.00    0.166    0.165   0.032   0.036   0.003   0.006   0.082   0.006   0.000   0.000   0.000 1323448000
21.22   4.39   46.767
21.22   5.00    0.248    0.166
21.22   5.00    0.414   47.468
21.22   5.00    0.398    0.202   0.414   0.167
21.22   5.00    0.398    0.202   0.414   0.166

21.23   0.00    0.166    0.165   0.032   0.036   0.003   0.006   0.082   0.006   0.000   0.000   0.000 1324072000
21.23   4.39   46.763
21.23   5.00    0.248    0.166
21.23   5.00    0.414   47.464
21.23   5.00    0.398    0.202   0.414   0.167
21.23   5.00    0.398    0.202   0.414   0.166

21.24   0.00    0.166    0.165   0.032   0.036   0.003   0.006   0.082   0.006   0.000   0.000   0.000 1324696000
21.24   4.39   46.759
21.24   5.00    0.248    0.166
21.24   5.00    0.414   47.461
21.24   5.00    0.398    0.202   0.414   0.167
21.24   5.00    0.398    0.202   0.414   0.166

21.25   0.00    0.166    0.165   0.032   0.036   0.003   0.006   0.082   0.006   0.000   0.000   0.000 1325320000
21.25   4.39   46.754
21.25   5.00    0.248    0.166
21.25   5.00    0.414   47.457
21.25   5.00    0.398    0.202   0.414   0.167
21.25   5.00    0.398    0.202   0.414   0.166

21.26   0.00    0.166    0.165   0.032   0.036   0.003   0.006   0.082   0.006   0.000   0.000   0.000 1325943000
21.26   4.39   46.750
21.26   5.00    0.248    0.166
21.26   5.00    0.414   47.453
21.26   5.00    0.398    0.202   0.414   0.167
21.26   5.00    0.398    0.202   0.414   0.166

21.27   0.00    0.166    0.165   0.032   0.036   0.003   0.006   0.082   0.006   0.000   0.000   0.000 1326567000
21.27   4.39   46.745
21.27   5.00    0.248    0.166
21.27   5.00    0.414   47.450
21.27   5.00    0.398    0.202   0.414   0.167
21.27   5.00    0.398    0.202   0.414   0.166

21.28   0.00    0.166    0.165   0.032   0.036   0.003   0.006   0.082   0.006   0.000   0.000   0.000 1327191000
21.28   4.39   46.741
21.28   5.00    0.248    0.166
21.28   5.00    0.414   47.446
21.28   5.00    0.398    0.202   0.414   0.167
21.28   5.00    0.398    0.202   0.414   0.166

21.29   0.00    0.166    0.165   0.032   0.036   0.003   0.006   0.082   0.006   0.000   0.000   0.000 1327814000
21.29   4.39   46.737
21.29   5.00    0.248    0.166
21.29   5.00    0.414   47.442
21.29   5.00    0.398    0.202   0.414   0.167
21.29   5.00    0.398    0.202   0.414   0.166

21.30   0.00    0.166    0.165   0.032   0.036   0.003   0.006   0.082   0.006   0.000   0.000   0.000 1328438000
21.30   4.39   46.732
21.30   5.00    0.248    0.166
21.30   5.00    0.414   47.439
21.30   5.00    0.398    0.202   0.414   0.167
21.30   5.00    0.398    0.202   0.414   0.166

21.31   0.00    0.166    0.165   0.032   0.036   0.003   0.006   0.082   0.006   0.000   0.000   0.000 1329062000
21.31   4.38   46.728
21.31   5.00    0.248    0.166
21.31   5.00    0.414   47.435
21.31   5.00    0.398    0.202   0.414   0.167
21.31   5.00    0.398    0.202   0.414   0.166

21.32   0.00    0.166    0.165   0.032   0.036   0.003   0.006   0.082   0.006   0.000   0.000   0.000 1329685000
21.32   4.38   46.724
21.32   5.00    0.248    0.166
21.32   5.00    0.414   47.431
21.32   5.00    0.398    0.202   0.414   0.167
21.32   5.00    0.398    0.202   0.414   0.166

21.33   0.00    0.166    0.165   0.032   0.036   0.003   0.006   0.082   0.006   0.000   0.000   0.000 1330309000
21.33   4.38   46.719
21.33   5.00    0.248    0.166
21.33   5.00    0.414   47.428
21.33   5.00    0.398    0.202   0.414   0.167
21.33   5.00    0.398    0.202   0.414   0.166

21.34   0.00    0.166    0.165   0.032   0.036   0.003   0.006   0.082   0.006   0.000   0.000   0.000 1330933000
21.34   4.38   46.715
21.34   5.00    0.248    0.166
21.34   5.00    0.414   47.424
21.34   5.00    0.398    0.202   0.414   0.167
21.34   5.00    0.398    0.202   0.414   0.166

21.35   0.00    0.166    0.165   0.032   0.036   0.003   0.006   0.082   0.006   0.000   0.000   0.000 1331556000
21.35   4.38   46.710
21.35   5.00    0.248    0.166
21.35   5.00    0.414   47.420
21.35   5.00    0.397    0.202   0.414   0.167
21.35   5.00    0.398    0.202   0.414   0.166

21.36   0.00    0.166    0.165   0.032   0.036   0.003   0.006   0.082   0.006   0.000   0.000   0.000 1332180000
21.36   4.38   46.706
21.36   5.00    0.248    0.166
21.36   5.00    0.414   47.417
21.36   5.00    0.397    0.202   0.414   0.167
21.36   5.00    0.397    0.202   0.414   0.166

21.37   0.00    0.166    0.165   0.032   0.036   0.003   0.006   0.082   0.006   0.000   0.000   0.000 1332804000
21.37   4.38   46.702
21.37   5.00    0.248    0.166
21.37   5.00    0.414   47.413
21.37   5.00    0.397    0.202   0.414   0.167
21.37   5.00    0.397    0.202   0.414   0.166

21.38   0.00    0.166    0.165   0.032   0.036   0.003   0.006   0.082   0.006   0.000   0.000   0.000 1333427000
21.38   4.38   46.697
21.38   5.00    0.247    0.166
21.38   5.00    0.413   47.409
21.38   5.00    0.397    0.202   0.413   0.167
21.38   5.00    0.397    0.202   0.413   0.166

21.39   0.00    0.166    0.165   0.032   0.036   0.003   0.006   0.082   0.006   0.000   0.000   0.000 1334051000
21.39   4.38   46.693
21.39   5.00    0.247    0.166
21.39   5.00    0.413   47.406
21.39   5.00    0.397    0.202   0.413   0.167
21.39   5.00    0.397    0.202   0.413   0.166

21.40   0.00    0.166    0.165   0.032   0.036   0.003   0.006   0.082   0.006   0.000   0.000   0.000 1334675000
21.40   4.38   46.689
21.40   5.00    0.247    0.166
21.40   5.00    0.413   47.402
21.40   5.00    0.397    0.202   0.413   0.167
21.40   5.00    0.397    0.202   0.413   0.166

21.41   0.00    0.166    0.165   0.032   0.036   0.003   0.006   0.082   0.006   0.000   0.000   0.000 1335298000
21.41   4.38   46.684
21.41   5.00    0.247    0.166
21.41   5.00    0.413   47.398
21.41   5.00    0.397    0.202   0.413   0.167
21.41   5.00    0.397    0.202   0.413   0.166

21.42   0.00    0.166    0.165   0.032   0.036   0.003   0.006   0.082   0.006   0.000   0.000   0.000 1335922000
21.42   4.38   46.680
21.42   5.00    0.247    0.166
21.42   5.00    0.413   47.395
21.42   5.00    0.397    0.202   0.413   0.167
21.42   5.00    0.397    0.202   0.413   0.166

21.43   0.00    0.166    0.165   0.032   0.036   0.003   0.006   0.082   0.006   0.000   0.000   0.000 1336546000
21.43   4.38   46.676
21.43   5.00    0.247    0.166
21.43   5.00    0.413   47.391
21.43   5.00    0.397    0.202   0.413   0.167
21.43   5.00    0.397    0.202   0.413   0.166

21.44   0.00    0.166    0.165   0.032   0.036   0.003   0.006   0.082   0.006   0.000   0.000   0.000 1337170000
21.44   4.37   46.671
21.44   5.00    0.247    0.166
21.44   5.00    0.413   47.388
21.44   5.00    0.397    0.202   0.413   0.167
21.44   5.00    0.397    0.202   0.413   0.166

21.45   0.00    0.166    0.165   0.032   0.036   0.003   0.006   0.082   0.006   0.000   0.000   0.000 1337793000
21.45   4.37   46.667
21.45   5.00    0.247    0.166
21.45   5.00    0.413   47.384
21.45   5.00    0.397    0.202   0.413   0.167
21.45   5.00    0.397    0.202   0.413   0.166

21.46   0.00    0.166    0.165   0.032   0.036   0.003   0.006   0.082   0.006   0.000   0.000   0.000 1338417000
21.46   4.37   46.663
21.46   5.00    0.247    0.166
21.46   5.00    0.413   47.380
21.46   5.00    0.397    0.202   0.413   0.167
21.46   5.00    0.397    0.202   0.413   0.166

21.47   0.00    0.166    0.165   0.032   0.036   0.003   0.006   0.082   0.006   0.000   0.000   0.000 1339041000
21.47   4.37   46.658
21.47   5.00    0.247    0.166
21.47   5.00    0.413   47.377
21.47   5.00    0.397    0.202   0.413   0.167
21.47   5.00    0.397    0.202   0.413   0.166

21.48   0.00    0.166    0.165   0.032   0.036   0.003   0.006   0.082   0.006   0.000   0.000   0.000 1339664000
21.48   4.37   46.654
21.48   5.00    0.247    0.166
21.48   5.00    0.413   47.373
21.48   5.00    0.397    0.202   0.413   0.167
21.48   5.00    0.397    0.202   0.413   0.166

21.49   0.00    0.166    0.165   0.032   0.036   0.003   0.006   0.082   0.006   0.000   0.000   0.000 1340288000
21.49   4.37   46.649
21.49   5.00    0.247    0.166
21.49   5.00    0.413   47.369
21.49   5.00    0.397    0.202   0.413   0.167
21.49   5.00    0.397    0.202   0.413   0.166

21.50   0.00    0.166    0.165   0.032   0.036   0.003   0.006   0.082   0.006   0.000   0.000   0.000 1340912000
21.50   4.37   46.645
21.50   5.00    0.247    0.166
21.50   5.00    0.413   47.366
21.50   5.00    0.397    0.202   0.413   0.167
21.50   5.00    0.397    0.202   0.413   0.166

21.51   0.00    0.166    0.165   0.032   0.036   0.003   0.006   0.082   0.006   0.000   0.000   0.000 1341535000
21.51   4.37   46.641
21.51   5.00    0.247    0.166
21.51   5.00    0.413   47.362
21.51   5.00    0.397    0.202   0.413   0.167
21.51   5.00    0.397    0.202   0.413   0.166

21.52   0.00    0.166    0.165   0.032   0.036   0.003   0.006   0.082   0.006   0.000   0.000   0.000 1342159000
21.52   4.37   46.636
21.52   5.00    0.247    0.166
21.52   5.00    0.413   47.359
21.52   5.00    0.397    0.202   0.413   0.167
21.52   5.00    0.397    0.202   0.413   0.166

21.53   0.00    0.166    0.165   0.032   0.036   0.003   0.006   0.082   0.006   0.000   0.000   0.000 1342783000
21.53   4.37   46.632
21.53   5.00    0.247    0.166
21.53   5.00    0.413   47.355
21.53   5.00    0.397    0.202   0.413   0.167
21.53   5.00    0.397    0.202   0.413   0.166

21.54   0.00    0.166    0.165   0.032   0.036   0.003   0.006   0.082   0.006   0.000   0.000   0.000 1343406000
21.54   4.37   46.628
21.54   5.00    0.247    0.166
21.54   5.00    0.413   47.351
21.54   5.00    0.397    0.202   0.413   0.167
21.54   5.00    0.397    0.202   0.413   0.166

21.55   0.00    0.166    0.165   0.032   0.036   0.003   0.006   0.082   0.006   0.000   0.000   0.000 1344030000
21.55   4.37   46.624
21.55   5.00    0.247    0.166
21.55   5.00    0.413   47.348
21.55   5.00    0.396    0.202   0.413   0.167
21.55   5.00    0.397    0.202   0.413   0.166

21.56   0.00    0.166    0.165   0.032   0.036   0.003   0.006   0.082   0.006   0.000   0.000   0.000 1344654000
21.56   4.37   46.619
21.56   5.00    0.247    0.166
21.56   5.00    0.413   47.344
21.56   5.00    0.396    0.202   0.413   0.167
21.56   5.00    0.396    0.202   0.413   0.166

21.57   0.00    0.166    0.165   0.032   0.036   0.003   0.006   0.082   0.006   0.000   0.000   0.000 1345277000
21.57   4.36   46.615
21.57   5.00    0.246    0.166
21.57   5.00    0.412   47.341
21.57   5.00    0.396    0.202   0.412   0.167
21.57   5.00    0.396    0.202   0.412   0.166

21.58   0.00    0.166    0.165   0.032   0.036   0.003   0.006   0.082   0.006   0.000   0.000   0.000 1345901000
21.58   4.36   46.611
21.58   5.00    0.246    0.166
21.58   5.00    0.412   47.337
21.58   5.00    0.396    0.202   0.412   0.167
21.58   5.00    0.396    0.202   0.412   0.166

21.59   0.00    0.166    0.165   0.032   0.036   0.003   0.006   0.082   0.006   0.000   0.000   0.000 1346525000
21.59   4.36   46.606
21.59   5.00    0.246    0.166
21.59   5.00    0.412   47.333
21.59   5.00    0.396    0.202   0.412   0.167
21.59   5.00    0.396    0.202   0.412   0.166

21.60   0.00    0.166    0.165   0.032   0.036   0.003   0.006   0.082   0.006   0.000   0.000   0.000 1347148000
21.60   4.36   46.602
21.60   5.00    0.246    0.166
21.60   5.00    0.412   47.330
21.60   5.00    0.396    0.202   0.412   0.167
21.60   5.00    0.396    0.201   0.412   0.166

21.61   0.00    0.166    0.165   0.032   0.036   0.003   0.006   0.082   0.006   0.000   0.000   0.000 1347772000
21.61   4.36   46.598
21.61   5.00    0.246    0.166
21.61   5.00    0.412   47.326
21.61   5.00    0.396    0.202   0.412   0.167
21.61   5.00    0.396    0.201   0.412   0.166

21.62   0.00    0.166    0.165   0.032   0.036   0.003   0.006   0.082   0.006   0.000   0.000   0.000 1348396000
21.62   4.36   46.593
21.62   5.00    0.246    0.166
21.62   5.00    0.412   47.323
21.62   5.00    0.396    0.202   0.412   0.167
21.62   5.00    0.396    0.201   0.412   0.166

21.63   0.00    0.166    0.165   0.032   0.036   0.003   0.006   0.082   0.006   0.000   0.000   0.000 1349019000
21.63   4.36   46.589
21.63   5.00    0.246    0.166
21.63   5.00    0.412   47.319
21.63   5.00    0.396    0.202   0.412   0.167
21.63   5.00    0.396    0.201   0.412   0.166

21.64   0.00    0.166    0.165   0.032   0.036   0.003   0.006   0.082   0.006   0.000   0.000   0.000 1349643000
21.64   4.36   46.585
21.64   5.00    0.246    0.166
21.64   5.00    0.412   47.315
21.64   5.00    0.396    0.202   0.412   0.167
21.64   5.00    0.396    0.201   0.412   0.166

21.65   0.00    0.166    0.165   0.032   0.036   0.003   0.006   0.082   0.006   0.000   0.000   0.000 1350267000
21.65   4.36   46.580
21.65   5.00    0.246    0.166
21.65   5.00    0.412   47.312
21.65   5.00    0.396    0.202   0.412   0.167
21.65   5.00    0.396    0.201   0.412   0.166

21.66   0.00    0.166    0.165   0.032   0.036   0.003   0.006   0.082   0.006   0.000   0.000   0.000 1350890000
21.66   4.36   46.576
21.66   5.00    0.246    0.166
21.66   5.00    0.412   47.308
21.66   5.00    0.396    0.202   0.412   0.167
21.66   5.00    0.396    0.201   0.412   0.166

21.67   0.00    0.166    0.165   0.032   0.036   0.003   0.006   0.082   0.006   0.000   0.000   0.000 1351514000
21.67   4.36   46.572
21.67   5.00    0.246    0.166
21.67   5.00    0.412   47.305
21.67   5.00    0.396    0.202   0.412   0.167
21.67   5.00    0.396    0.201   0.412   0.166

21.68   0.00    0.166    0.165   0.032   0.036   0.003   0.006   0.082   0.006   0.000   0.000   0.000 1352138000
21.68   4.36   46.568
21.68   5.00    0.246    0.166
21.68   5.00    0.412   47.301
21.68   5.00    0.396    0.202   0.412   0.167
21.68   5.00    0.396    0.201   0.412   0.166

21.69   0.00    0.166    0.165   0.032   0.036   0.003   0.006   0.082   0.006   0.000   0.000   0.000 1352761000
21.69   4.36   46.563
21.69   5.00    0.246    0.166
21.69   5.00    0.412   47.298
21.69   5.00    0.396    0.202   0.412   0.167
21.69   5.00    0.396    0.201   0.412   0.166

21.70   0.00    0.166    0.165   0.032   0.036   0.003   0.006   0.082   0.006   0.000   0.000   0.000 1353385000
21.70   4.36   46.559
21.70   5.00    0.246    0.166
21.70   5.00    0.412   47.294
21.70   5.00    0.396    0.202   0.412   0.167
21.70   5.00    0.396    0.201   0.412   0.166

21.71   0.00    0.166    0.165   0.032   0.036   0.003   0.006   0.082   0.006   0.000   0.000   0.000 1354009000
21.71   4.35   46.555
21.71   5.00    0.246    0.166
21.71   5.00    0.412   47.290
21.71   5.00    0.396    0.202   0.412   0.167
21.71   5.00    0.396    0.201   0.412   0.166

21.72   0.00    0.166    0.165   0.032   0.036   0.003   0.006   0.082   0.006   0.000   0.000   0.000 1354632000
21.72   4.35   46.550
21.72   5.00    0.246    0.166
21.72   5.00    0.412   47.287
21.72   5.00    0.396    0.202   0.412   0.167
21.72   5.00    0.396    0.201   0.412   0.166

21.73   0.00    0.166    0.165   0.032   0.036   0.003   0.006   0.082   0.006   0.000   0.000   0.000 1355256000
21.73   4.35   46.546
21.73   5.00    0.246    0.166
21.73   5.00    0.412   47.283
21.73   5.00    0.396    0.202   0.412   0.167
21.73   5.00    0.396    0.201   0.412   0.166

21.74   0.00    0.166    0.165   0.032   0.036   0.003   0.006   0.082   0.006   0.000   0.000   0.000 1355880000
21.74   4.35   46.542
21.74   5.00    0.246    0.166
21.74   5.00    0.412   47.280
21.74   5.00    0.395    0.202   0.412   0.167
21.74   5.00    0.396    0.201   0.412   0.166

21.75   0.00    0.166    0.165   0.032   0.036   0.003   0.006   0.082   0.006   0.000   0.000   0.000 1356504000
21.75   4.35   46.538
21.75   5.00    0.246    0.166
21.75   5.00    0.412   47.276
21.75   5.00    0.395    0.202   0.412   0.167
21.75   5.00    0.396    0.201   0.412   0.166

21.76   0.00    0.166    0.165   0.032   0.036   0.003   0.006   0.082   0.006   0.000   0.000   0.000 1357127000
21.76   4.35   46.533
21.76   5.00    0.246    0.166
21.76   5.00    0.412   47.273
21.76   5.00    0.395    0.202   0.412   0.167
21.76   5.00    0.395    0.201   0.412   0.166

21.77   0.00    0.166    0.165   0.032   0.036   0.003   0.006   0.082   0.006   0.000   0.000   0.000 1357751000
21.77   4.35   46.529
21.77   5.00    0.245    0.166
21.77   5.00    0.411   47.269
21.77   5.00    0.395    0.202   0.411   0.167
21.77   5.00    0.395    0.201   0.411   0.166

21.78   0.00    0.166    0.165   0.032   0.036   0.003   0.006   0.082   0.006   0.000   0.000   0.000 1358375000
21.78   4.35   46.525
21.78   5.00    0.245    0.166
21.78   5.00    0.411   47.266
21.78   5.00    0.395    0.202   0.411   0.167
21.78   5.00    0.395    0.201   0.411   0.166

21.79   0.00    0.166    0.165   0.032   0.036   0.003   0.006   0.082   0.006   0.000   0.000   0.000 1358998000
21.79   4.35   46.520
21.79   5.00    0.245    0.166
21.79   5.00    0.411   47.262
21.79   5.00    0.395    0.202   0.411   0.167
21.79   5.00    0.395    0.201   0.411   0.166

21.80   0.00    0.166    0.165   0.032   0.036   0.003   0.006   0.082   0.006   0.000   0.000   0.000 1359622000
21.80   4.35   46.516
21.80   5.00    0.245    0.166
21.80   5.00    0.411   47.259
21.80   5.00    0.395    0.202   0.411   0.167
21.80   5.00    0.395    0.201   0.411   0.166

21.81   0.00    0.166    0.165   0.032   0.036   0.003   0.006   0.082   0.006   0.000   0.000   0.000 1360246000
21.81   4.35   46.512
21.81   5.00    0.245    0.166
21.81   5.00    0.411   47.255
21.81   5.00    0.395    0.202   0.411   0.167
21.81   5.00    0.395    0.201   0.411   0.166

21.82   0.00    0.166    0.165   0.032   0.036   0.003   0.006   0.082   0.006   0.000   0.000   0.000 1360869000
21.82   4.35   46.508
21.82   5.00    0.245    0.166
21.82   5.00    0.411   47.251
21.82   5.00    0.395    0.202   0.411   0.167
21.82   5.00    0.395    0.201   0.411   0.166

21.83   0.00    0.166    0.165   0.032   0.036   0.003   0.006   0.082   0.006   0.000   0.000   0.000 1361493000
21.83   4.35   46.503
21.83   5.00    0.245    0.166
21.83   5.00    0.411   47.248
21.83   5.00    0.395    0.202   0.411   0.167
21.83   5.00    0.395    0.201   0.411   0.166

21.84   0.00    0.166    0.165   0.032   0.036   0.003   0.006   0.082   0.006   0.000   0.000   0.000 1362117000
21.84   4.35   46.499
21.84   5.00    0.245    0.166
21.84   5.00    0.411   47.244
21.84   5.00    0.395    0.202   0.411   0.167
21.84   5.00    0.395    0.201   0.411   0.166

21.85   0.00    0.166    0.165   0.032   0.036   0.003   0.006   0.082   0.006   0.000   0.000   0.000 1362740000
21.85   4.34   46.495
21.85   5.00    0.245    0.166
21.85   5.00    0.411   47.241
21.85   5.00    0.395    0.202   0.411   0.167
21.85   5.00    0.395    0.201   0.411   0.166

21.86   0.00    0.166    0.165   0.032   0.036   0.003   0.006   0.082   0.006   0.000   0.000   0.000 1363364000
21.86   4.34   46.491
21.86   5.00    0.245    0.166
21.86   5.00    0.411   47.237
21.86   5.00    0.395    0.202   0.411   0.167
21.86   5.00    0.395    0.201   0.411   0.166

21.87   0.00    0.166    0.165   0.032   0.036   0.003   0.006   0.082   0.006   0.000   0.000   0.000 1363988000
21.87   4.34   46.486
21.87   5.00    0.245    0.166
21.87   5.00    0.411   47.234
21.87   5.00    0.395    0.202   0.411   0.167
21.87   5.00    0.395    0.201   0.411   0.166

21.88   0.00    0.166    0.165   0.032   0.036   0.003   0.006   0.082   0.006   0.000   0.000   0.000 1364611000
21.88   4.34   46.482
21.88   5.00    0.245    0.166
21.88   5.00    0.411   47.230
21.88   5.00    0.395    0.202   0.411   0.167
21.88   5.00    0.395    0.201   0.411   0.166

21.89   0.00    0.166    0.165   0.032   0.036   0.003   0.006   0.082   0.006   0.000   0.000   0.000 1365235000
21.89   4.34   46.478
21.89   5.00    0.245    0.166
21.89   5.00    0.411   47.227
21.89   5.00    0.395    0.202   0.411   0.167
21.89   5.00    0.395    0.201   0.411   0.166

21.90   0.00    0.166    0.165   0.032   0.036   0.003   0.006   0.082   0.006   0.000   0.000   0.000 1365859000
21.90   4.34   46.474
21.90   5.00    0.245    0.166
21.90   5.00    0.411   47.223
21.90   5.00    0.395    0.202   0.411   0.167
21.90   5.00    0.395    0.201   0.411   0.166

21.91   0.00    0.166    0.165   0.032   0.036   0.003   0.006   0.082   0.006   0.000   0.000   0.000 1366482000
21.91   4.34   46.469
21.91   5.00    0.245    0.166
21.91   5.00    0.411   47.220
21.91   5.00    0.395    0.202   0.411   0.167
21.91   5.00    0.395    0.201   0.411   0.166

21.92   0.00    0.166    0.165   0.032   0.036   0.003   0.006   0.082   0.006   0.000   0.000   0.000 1367106000
21.92   4.34   46.465
21.92   5.00    0.245    0.166
21.92   5.00    0.411   47.216
21.92   5.00    0.395    0.202   0.411   0.167
21.92   5.00    0.395    0.201   0.411   0.166

21.93   0.00    0.166    0.165   0.032   0.036   0.003   0.006   0.082   0.006   0.000   0.000   0.000 1367730000
21.93   4.34   46.461
21.93   5.00    0.245    0.166
21.93   5.00    0.411   47.213
21.93   5.00    0.395    0.202   0.411   0.167
21.93   5.00    0.395    0.201   0.411   0.166

21.94   0.00    0.166    0.165   0.032   0.036   0.003   0.006   0.082   0.006   0.000   0.000   0.000 1368354000
21.94   4.34   46.457
21.94   5.00    0.245    0.166
21.94   5.00    0.411   47.209
21.94   5.00    0.395    0.202   0.411   0.167
21.94   5.00    0.395    0.201   0.411   0.166

21.95   0.00    0.166    0.165   0.032   0.036   0.003   0.006   0.082   0.006   0.000   0.000   0.000 1368977000
21.95   4.34   46.452
21.95   5.00    0.245    0.166
21.95   5.00    0.411   47.206
21.95   5.00    0.394    0.202   0.411   0.167
21.95   5.00    0.395    0.201   0.411   0.166

21.96   0.00    0.166    0.165   0.032   0.036   0.003   0.006   0.082   0.006   0.000   0.000   0.000 1369601000
21.96   4.34   46.448
21.96   5.00    0.245    0.166
21.96   5.00    0.411   47.202
21.96   5.00    0.394    0.202   0.411   0.167
21.96   5.00    0.394    0.201   0.411   0.166

21.97   0.00    0.166    0.165   0.032   0.036   0.003   0.006   0.082   0.006   0.000   0.000   0.000 1370225000
21.97   4.34   46.444
21.97   5.00    0.244    0.166
21.97   5.00    0.410   47.199
21.97   5.00    0.394    0.202   0.410   0.167
21.97   5.00    0.394    0.201   0.410   0.166

21.98   0.00    0.165    0.165   0.032   0.036   0.003   0.006   0.082   0.006   0.000   0.000   0.000 1370848000
21.98   4.33   46.440
21.98   5.00    0.244    0.166
21.98   5.00    0.410   47.195
21.98   5.00    0.394    0.202   0.410   0.167
21.98   5.00    0.394    0.201   0.410   0.166

21.99   0.00    0.165    0.165   0.032   0.036   0.003   0.006   0.082   0.006   0.000   0.000   0.000 1371472000
21.99   4.33   46.436
21.99   5.00    0.244    0.166
21.99   5.00    0.410   47.192
21.99   5.00    0.394    0.202   0.410   0.167
21.99   5.00    0.394    0.201   0.410   0.166

22.00   0.00    0.165    0.165   0.032   0.036   0.003   0.006   0.082   0.006   0.000   0.000   0.000 1372096000
22.00   4.33   46.431
22.00   5.00    0.244    0.166
22.00   5.00    0.410   47.188
22.00   5.00    0.394    0.202   0.410   0.167
22.00   5.00    0.394    0.201   0.410   0.166

22.01   0.00    0.165    0.165   0.032   0.036   0.003   0.006   0.082   0.006   0.000   0.000   0.000 1372719000
22.01   4.33   46.427
22.01   5.00    0.244    0.166
22.01   5.00    0.410   47.185
22.01   5.00    0.394    0.202   0.410   0.167
22.01   5.00    0.394    0.201   0.410   0.166

22.02   0.00    0.165    0.165   0.032   0.036   0.003   0.006   0.082   0.006   0.000   0.000   0.000 1373343000
22.02   4.33   46.423
22.02   5.00    0.244    0.166
22.02   5.00    0.410   47.181
22.02   5.00    0.394    0.202   0.410   0.167
22.02   5.00    0.394    0.201   0.410   0.166

22.03   0.00    0.165    0.165   0.032   0.036   0.003   0.006   0.082   0.006   0.000   0.000   0.000 1373967000
22.03   4.33   46.419
22.03   5.00    0.244    0.166
22.03   5.00    0.410   47.178
22.03   5.00    0.394    0.202   0.410   0.167
22.03   5.00    0.394    0.201   0.410   0.166

22.04   0.00    0.165    0.165   0.032   0.036   0.003   0.006   0.082   0.006   0.000   0.000   0.000 1374590000
22.04   4.33   46.414
22.04   5.00    0.244    0.166
22.04   5.00    0.410   47.174
22.04   5.00    0.394    0.202   0.410   0.167
22.04   5.00    0.394    0.201   0.410   0.166

22.05   0.00    0.165    0.165   0.032   0.036   0.003   0.006   0.082   0.006   0.000   0.000   0.000 1375214000
22.05   4.33   46.410
22.05   5.00    0.244    0.166
22.05   5.00    0.410   47.171
22.05   5.00    0.394    0.202   0.410   0.167
22.05   5.00    0.394    0.201   0.410   0.166

22.06   0.00    0.165    0.165   0.032   0.036   0.003   0.006   0.082   0.006   0.000   0.000   0.000 1375838000
22.06   4.33   46.406
22.06   5.00    0.244    0.166
22.06   5.00    0.410   47.167
22.06   5.00    0.394    0.202   0.410   0.167
22.06   5.00    0.394    0.201   0.410   0.166

22.07   0.00    0.165    0.165   0.032   0.036   0.003   0.006   0.082   0.006   0.000   0.000   0.000 1376461000
22.07   4.33   46.402
22.07   5.00    0.244    0.166
22.07   5.00    0.410   47.164
22.07   5.00    0.394    0.202   0.410   0.167
22.07   5.00    0.394    0.201   0.410   0.166

22.08   0.00    0.165    0.165   0.032   0.036   0.003   0.006   0.082   0.006   0.000   0.000   0.000 1377085000
22.08   4.33   46.398
22.08   5.00    0.244    0.166
22.08   5.00    0.410   47.161
22.08   5.00    0.394    0.202   0.410   0.167
22.08   5.00    0.394    0.201   0.410   0.166

22.09   0.00    0.165    0.165   0.032   0.036   0.003   0.006   0.082   0.006   0.000   0.000   0.000 1377709000
22.09   4.33   46.393
22.09   5.00    0.244    0.166
22.09   5.00    0.410   47.157
22.09   5.00    0.394    0.202   0.410   0.167
22.09   5.00    0.394    0.201   0.410   0.166

22.10   0.00    0.165    0.165   0.032   0.036   0.003   0.006   0.082   0.006   0.000   0.000   0.000 1378332000
22.10   4.33   46.389
22.10   5.00    0.244    0.166
22.10   5.00    0.410   47.154
22.10   5.00    0.394    0.202   0.410   0.167
22.10   5.00    0.394    0.201   0.410   0.166

22.11   0.00    0.165    0.165   0.032   0.036   0.003   0.006   0.082   0.006   0.000   0.000   0.000 1378956000
22.11   4.33   46.385
22.11   5.00    0.244    0.166
22.11   5.00    0.410   47.150
22.11   5.00    0.394    0.202   0.410   0.167
22.11   5.00    0.394    0.201   0.410   0.166

22.12   0.00    0.165    0.165   0.032   0.036   0.003   0.006   0.082   0.006   0.000   0.000   0.000 1379580000
22.12   4.32   46.381
22.12   5.00    0.244    0.166
22.12   5.00    0.410   47.147
22.12   5.00    0.394    0.202   0.410   0.167
22.12   5.00    0.394    0.201   0.410   0.166

22.13   0.00    0.165    0.165   0.032   0.036   0.003   0.006   0.082   0.006   0.000   0.000   0.000 1380203000
22.13   4.32   46.377
22.13   5.00    0.244    0.166
22.13   5.00    0.410   47.143
22.13   5.00    0.394    0.202   0.410   0.167
22.13   5.00    0.394    0.201   0.410   0.166

22.14   0.00    0.165    0.165   0.032   0.036   0.003   0.006   0.082   0.006   0.000   0.000   0.000 1380827000
22.14   4.32   46.372
22.14   5.00    0.244    0.166
22.14   5.00    0.410   47.140
22.14   5.00    0.394    0.202   0.410   0.167
22.14   5.00    0.394    0.201   0.410   0.166

22.15   0.00    0.165    0.165   0.032   0.036   0.003   0.006   0.082   0.006   0.000   0.000   0.000 1381451000
22.15   4.32   46.368
22.15   5.00    0.244    0.166
22.15   5.00    0.410   47.136
22.15   5.00    0.393    0.202   0.410   0.167
22.15   5.00    0.394    0.201   0.410   0.166

22.16   0.00    0.165    0.165   0.032   0.036   0.003   0.006   0.082   0.006   0.000   0.000   0.000 1382074000
22.16   4.32   46.364
22.16   5.00    0.244    0.166
22.16   5.00    0.410   47.133
22.16   5.00    0.393    0.202   0.410   0.167
22.16   5.00    0.393    0.201   0.410   0.166

22.17   0.00    0.165    0.165   0.032   0.036   0.003   0.006   0.082   0.006   0.000   0.000   0.000 1382698000
22.17   4.32   46.360
22.17   5.00    0.243    0.166
22.17   5.00    0.409   47.129
22.17   5.00    0.393    0.202   0.409   0.167
22.17   5.00    0.393    0.201   0.409   0.166

22.18   0.00    0.165    0.165   0.032   0.036   0.003   0.006   0.082   0.006   0.000   0.000   0.000 1383322000
22.18   4.32   46.356
22.18   5.00    0.243    0.166
22.18   5.00    0.409   47.126
22.18   5.00    0.393    0.202   0.409   0.167
22.18   5.00    0.393    0.201   0.409   0.166

22.19   0.00    0.165    0.165   0.032   0.036   0.003   0.006   0.082   0.006   0.000   0.000   0.000 1383945000
22.19   4.32   46.351
22.19   5.00    0.243    0.166
22.19   5.00    0.409   47.123
22.19   5.00    0.393    0.202   0.409   0.167
22.19   5.00    0.393    0.201   0.409   0.166

22.20   0.00    0.165    0.165   0.032   0.036   0.003   0.006   0.082   0.006   0.000   0.000   0.000 1384569000
22.20   4.32   46.347
22.20   5.00    0.243    0.166
22.20   5.00    0.409   47.119
22.20   5.00    0.393    0.202   0.409   0.167
22.20   5.00    0.393    0.201   0.409   0.166

22.21   0.00    0.165    0.165   0.032   0.036   0.003   0.006   0.082   0.006   0.000   0.000   0.000 1385193000
22.21   4.32   46.343
22.21   5.00    0.243    0.166
22.21   5.00    0.409   47.116
22.21   5.00    0.393    0.202   0.409   0.167
22.21   5.00    0.393    0.201   0.409   0.166

22.22   0.00    0.165    0.165   0.032   0.036   0.003   0.006   0.082   0.006   0.000   0.000   0.000 1385816000
22.22   4.32   46.339
22.22   5.00    0.243    0.166
22.22   5.00    0.409   47.112
22.22   5.00    0.393    0.202   0.409   0.167
22.22   5.00    0.393    0.201   0.409   0.166

22.23   0.00    0.165    0.165   0.032   0.036   0.003   0.006   0.082   0.006   0.000   0.000   0.000 1386440000
22.23   4.32   46.335
22.23   5.00    0.243    0.166
22.23   5.00    0.409   47.109
22.23   5.00    0.393    0.202   0.409   0.167
22.23   5.00    0.393    0.201   0.409   0.166

22.24   0.00    0.165    0.165   0.032   0.036   0.003   0.006   0.082   0.006   0.000   0.000   0.000 1387064000
22.24   4.32   46.331
22.24   5.00    0.243    0.166
22.24   5.00    0.409   47.105
22.24   5.00    0.393    0.202   0.409   0.167
22.24   5.00    0.393    0.201   0.409   0.166

22.25   0.00    0.165    0.165   0.032   0.036   0.003   0.006   0.082   0.006   0.000   0.000   0.000 1387688000
22.25   4.32   46.326
22.25   5.00    0.243    0.166
22.25   5.00    0.409   47.102
22.25   5.00    0.393    0.202   0.409   0.167
22.25   5.00    0.393    0.201   0.409   0.166

22.26   0.00    0.165    0.165   0.032   0.036   0.003   0.006   0.082   0.006   0.000   0.000   0.000 1388311000
22.26   4.31   46.322
22.26   5.00    0.243    0.166
22.26   5.00    0.409   47.099
22.26   5.00    0.393    0.202   0.409   0.167
22.26   5.00    0.393    0.201   0.409   0.166

22.27   0.00    0.165    0.165   0.032   0.036   0.003   0.006   0.082   0.006   0.000   0.000   0.000 1388935000
22.27   4.31   46.318
22.27   5.00    0.243    0.166
22.27   5.00    0.409   47.095
22.27   5.00    0.393    0.202   0.409   0.167
22.27   5.00    0.393    0.201   0.409   0.166

22.28   0.00    0.165    0.165   0.032   0.036   0.003   0.006   0.082   0.006   0.000   0.000   0.000 1389559000
22.28   4.31   46.314
22.28   5.00    0.243    0.166
22.28   5.00    0.409   47.092
22.28   5.00    0.393    0.202   0.409   0.167
22.28   5.00    0.393    0.201   0.409   0.166

22.29   0.00    0.165    0.165   0.032   0.036   0.003   0.006   0.082   0.006   0.000   0.000   0.000 1390182000
22.29   4.31   46.310
22.29   5.00    0.243    0.166
22.29   5.00    0.409   47.088
22.29   5.00    0.393    0.202   0.409   0.167
22.29   5.00    0.393    0.201   0.409   0.166

22.30   0.00    0.165    0.165   0.032   0.036   0.003   0.006   0.082   0.006   0.000   0.000   0.000 1390806000
22.30   4.31   46.306
22.30   5.00    0.243    0.166
22.30   5.00    0.409   47.085
22.30   5.00    0.393    0.202   0.409   0.167
22.30   5.00    0.393    0.201   0.409   0.166

22.31   0.00    0.165    0.165   0.032   0.036   0.003   0.006   0.082   0.006   0.000   0.000   0.000 1391430000
22.31   4.31   46.301
22.31   5.00    0.243    0.166
22.31   5.00    0.409   47.082
22.31   5.00    0.393    0.202   0.409   0.167
22.31   5.00    0.393    0.201   0.409   0.166

22.32   0.00    0.165    0.165   0.032   0.036   0.003   0.006   0.082   0.006   0.000   0.000   0.000 1392053000
22.32   4.31   46.297
22.32   5.00    0.243    0.166
22.32   5.00    0.409   47.078
22.32   5.00    0.393    0.202   0.409   0.167
22.32   5.00    0.393    0.201   0.409   0.166

22.33   0.00    0.165    0.165   0.032   0.036   0.003   0.006   0.082   0.006   0.000   0.000   0.000 1392677000
22.33   4.31   46.293
22.33   5.00    0.243    0.166
22.33   5.00    0.409   47.075
22.33   5.00    0.393    0.202   0.409   0.167
22.33   5.00    0.393    0.201   0.409   0.166

22.34   0.00    0.165    0.165   0.032   0.036   0.003   0.006   0.082   0.006   0.000   0.000   0.000 1393301000
22.34   4.31   46.289
22.34   5.00    0.243    0.166
22.34   5.00    0.409   47.071
22.34   5.00    0.393    0.202   0.409   0.167
22.34   5.00    0.393    0.201   0.409   0.166

22.35   0.00    0.165    0.165   0.032   0.036   0.003   0.006   0.082   0.006   0.000   0.000   0.000 1393924000
22.35   4.31   46.285
22.35   5.00    0.243    0.166
22.35   5.00    0.409   47.068
22.35   5.00    0.393    0.202   0.409   0.167
22.35   5.00    0.393    0.201   0.409   0.166

22.36   0.00    0.165    0.165   0.032   0.036   0.003   0.006   0.082   0.006   0.000   0.000   0.000 1394548000
22.36   4.31   46.281
22.36   5.00    0.243    0.166
22.36   5.00    0.409   47.064
22.36   5.00    0.392    0.202   0.409   0.167
22.36   5.00    0.393    0.201   0.409   0.166

22.37   0.00    0.165    0.165   0.032   0.036   0.003   0.006   0.082   0.006   0.000   0.000   0.000 1395172000
22.37   4.31   46.276
22.37   5.00    0.243    0.166
22.37   5.00    0.409   47.061
22.37   5.00    0.392    0.202   0.409   0.167
22.37   5.00    0.392    0.201   0.409   0.166

22.38   0.00    0.165    0.165   0.032   0.036   0.003   0.006   0.082   0.006   0.000   0.000   0.000 1395795000
22.38   4.31   46.272
22.38   5.00    0.242    0.166
22.38   5.00    0.408   47.058
22.38   5.00    0.392    0.202   0.408   0.167
22.38   5.00    0.392    0.201   0.408   0.166

22.39   0.00    0.165    0.165   0.032   0.036   0.003   0.006   0.082   0.006   0.000   0.000   0.000 1396419000
22.39   4.31   46.268
22.39   5.00    0.242    0.166
22.39   5.00    0.408   47.054
22.39   5.00    0.392    0.202   0.408   0.167
22.39   5.00    0.392    0.201   0.408   0.166

22.40   0.00    0.165    0.165   0.032   0.036   0.003   0.006   0.082   0.006   0.000   0.000   0.000 1397043000
22.40   4.31   46.264
22.40   5.00    0.242    0.166
22.40   5.00    0.408   47.051
22.40   5.00    0.392    0.202   0.408   0.167
22.40   5.00    0.392    0.201   0.408   0.166

22.41   0.00    0.165    0.165   0.032   0.036   0.003   0.006   0.082   0.006   0.000   0.000   0.000 1397666000
22.41   4.30   46.260
22.41   5.00    0.242    0.166
22.41   5.00    0.408   47.048
22.41   5.00    0.392    0.202   0.408   0.167
22.41   5.00    0.392    0.201   0.408   0.166

22.42   0.00    0.165    0.165   0.032   0.036   0.003   0.006   0.082   0.006   0.000   0.000   0.000 1398290000
22.42   4.30   46.256
22.42   5.00    0.242    0.166
22.42   5.00    0.408   47.044
22.42   5.00    0.392    0.202   0.408   0.167
22.42   5.00    0.392    0.201   0.408   0.166

22.43   0.00    0.165    0.165   0.032   0.036   0.003   0.006   0.082   0.006   0.000   0.000   0.000 1398914000
22.43   4.30   46.252
22.43   5.00    0.242    0.166
22.43   5.00    0.408   47.041
22.43   5.00    0.392    0.202   0.408   0.167
22.43   5.00    0.392    0.201   0.408   0.166

22.44   0.00    0.165    0.165   0.032   0.036   0.003   0.006   0.082   0.006   0.000   0.000   0.000 1399538000
22.44   4.30   46.247
22.44   5.00    0.242    0.166
22.44   5.00    0.408   47.037
22.44   5.00    0.392    0.202   0.408   0.167
22.44   5.00    0.392    0.201   0.408   0.166

22.45   0.00    0.165    0.165   0.032   0.036   0.003   0.006   0.082   0.006   0.000   0.000   0.000 1400161000
22.45   4.30   46.243
22.45   5.00    0.242    0.166
22.45   5.00    0.408   47.034
22.45   5.00    0.392    0.202   0.408   0.167
22.45   5.00    0.392    0.201   0.408   0.166

22.46   0.00    0.165    0.165   0.032   0.036   0.003   0.006   0.082   0.006   0.000   0.000   0.000 1400785000
22.46   4.30   46.239
22.46   5.00    0.242    0.166
22.46   5.00    0.408   47.031
22.46   5.00    0.392    0.202   0.408   0.167
22.46   5.00    0.392    0.201   0.408   0.166

22.47   0.00    0.165    0.165   0.032   0.036   0.003   0.006   0.082   0.006   0.000   0.000   0.000 1401409000
22.47   4.30   46.235
22.47   5.00    0.242    0.166
22.47   5.00    0.408   47.027
22.47   5.00    0.392    0.202   0.408   0.167
22.47   5.00    0.392    0.201   0.408   0.166

22.48   0.00    0.165    0.165   0.032   0.036   0.003   0.006   0.082   0.006   0.000   0.000   0.000 1402032000
22.48   4.30   46.231
22.48   5.00    0.242    0.166
22.48   5.00    0.408   47.024
22.48   5.00    0.392    0.202   0.408   0.167
22.48   5.00    0.392    0.201   0.408   0.166

22.49   0.00    0.165    0.165   0.032   0.036   0.003   0.006   0.082   0.006   0.000   0.000   0.000 1402656000
22.49   4.30   46.227
22.49   5.00    0.242    0.166
22.49   5.00    0.408   47.021
22.49   5.00    0.392    0.202   0.408   0.167
22.49   5.00    0.392    0.201   0.408   0.166

22.50   0.00    0.165    0.165   0.032   0.036   0.003   0.006   0.082   0.006   0.000   0.000   0.000 1403279000
22.50   4.30   46.223
22.50   5.00    0.242    0.166
22.50   5.00    0.408   47.017
22.50   5.00    0.392    0.202   0.408   0.167
22.50   5.00    0.392    0.201   0.408   0.166

22.51   0.00    0.165    0.165   0.032   0.036   0.003   0.006   0.082   0.006   0.000   0.000   0.000 1403903000
22.51   4.30   46.219
22.51   5.00    0.242    0.166
22.51   5.00    0.408   47.014
22.51   5.00    0.392    0.202   0.408   0.167
22.51   5.00    0.392    0.201   0.408   0.166

22.52   0.00    0.165    0.165   0.032   0.036   0.003   0.006   0.082   0.006   0.000   0.000   0.000 1404527000
22.52   4.30   46.214
22.52   5.00    0.242    0.166
22.52   5.00    0.408   47.010
22.52   5.00    0.392    0.202   0.408   0.167
22.52   5.00    0.392    0.201   0.408   0.166

22.53   0.00    0.165    0.165   0.032   0.036   0.003   0.006   0.082   0.006   0.000   0.000   0.000 1405151000
22.53   4.30   46.210
22.53   5.00    0.242    0.166
22.53   5.00    0.408   47.007
22.53   5.00    0.392    0.202   0.408   0.167
22.53   5.00    0.392    0.201   0.408   0.166

22.54   0.00    0.165    0.165   0.032   0.036   0.003   0.006   0.082   0.006   0.000   0.000   0.000 1405774000
22.54   4.30   46.206
22.54   5.00    0.242    0.166
22.54   5.00    0.408   47.004
22.54   5.00    0.392    0.202   0.408   0.167
22.54   5.00    0.392    0.201   0.408   0.166

22.55   0.00    0.165    0.165   0.032   0.036   0.003   0.006   0.082   0.006   0.000   0.000   0.000 1406398000
22.55   4.29   46.202
22.55   5.00    0.242    0.166
22.55   5.00    0.408   47.000
22.55   5.00    0.392    0.202   0.408   0.167
22.55   5.00    0.392    0.201   0.408   0.166

22.56   0.00    0.165    0.165   0.032   0.036   0.003   0.006   0.082   0.006   0.000   0.000   0.000 1407022000
22.56   4.29   46.198
22.56   5.00    0.242    0.166
22.56   5.00    0.408   46.997
22.56   5.00    0.392    0.202   0.408   0.167
22.56   5.00    0.392    0.201   0.408   0.166

22.57   0.00    0.165    0.165   0.032   0.036   0.003   0.006   0.082   0.006   0.000   0.000   0.000 1407645000
22.57   4.29   46.194
22.57   5.00    0.242    0.166
22.57   5.00    0.408   46.994
22.57   5.00    0.391    0.202   0.408   0.167
22.57   5.00    0.392    0.201   0.408   0.166

22.58   0.00    0.165    0.165   0.032   0.036   0.003   0.006   0.082   0.006   0.000   0.000   0.000 1408269000
22.58   4.29   46.190
22.58   5.00    0.242    0.166
22.58   5.00    0.408   46.990
22.58   5.00    0.391    0.202   0.408   0.167
22.58   5.00    0.391    0.201   0.408   0.166

22.59   0.00    0.165    0.165   0.032   0.036   0.003   0.006   0.082   0.006   0.000   0.000   0.000 1408893000
22.59   4.29   46.186
22.59   5.00    0.241    0.166
22.59   5.00    0.407   46.987
22.59   5.00    0.391    0.201   0.407   0.167
22.59   5.00    0.391    0.201   0.407   0.166

22.60   0.00    0.165    0.165   0.032   0.036   0.003   0.006   0.082   0.006   0.000   0.000   0.000 1409516000
22.60   4.29   46.181
22.60   5.00    0.241    0.166
22.60   5.00    0.407   46.984
22.60   5.00    0.391    0.201   0.407   0.167
22.60   5.00    0.391    0.201   0.407   0.166

22.61   0.00    0.165    0.165   0.032   0.036   0.003   0.006   0.082   0.006   0.000   0.000   0.000 1410140000
22.61   4.29   46.177
22.61   5.00    0.241    0.166
22.61   5.00    0.407   46.980
22.61   5.00    0.391    0.201   0.407   0.167
22.61   5.00    0.391    0.201   0.407   0.166

22.62   0.00    0.165    0.165   0.032   0.036   0.003   0.006   0.082   0.006   0.000   0.000   0.000 1410764000
22.62   4.29   46.173
22.62   5.00    0.241    0.166
22.62   5.00    0.407   46.977
22.62   5.00    0.391    0.201   0.407   0.167
22.62   5.00    0.391    0.201   0.407   0.166

22.63   0.00    0.165    0.165   0.032   0.036   0.003   0.006   0.082   0.006   0.000   0.000   0.000 1411387000
22.63   4.29   46.169
22.63   5.00    0.241    0.166
22.63   5.00    0.407   46.974
22.63   5.00    0.391    0.201   0.407   0.167
22.63   5.00    0.391    0.201   0.407   0.166

22.64   0.00    0.165    0.165   0.032   0.036   0.003   0.006   0.082   0.006   0.000   0.000   0.000 1412011000
22.64   4.29   46.165
22.64   5.00    0.241    0.166
22.64   5.00    0.407   46.970
22.64   5.00    0.391    0.201   0.407   0.167
22.64   5.00    0.391    0.201   0.407   0.166

22.65   0.00    0.165    0.165   0.032   0.036   0.003   0.006   0.082   0.006   0.000   0.000   0.000 1412635000
22.65   4.29   46.161
22.65   5.00    0.241    0.166
22.65   5.00    0.407   46.967
22.65   5.00    0.391    0.201   0.407   0.167
22.65   5.00    0.391    0.201   0.407   0.166

22.66   0.00    0.165    0.165   0.032   0.036   0.003   0.006   0.082   0.006   0.000   0.000   0.000 1413258000
22.66   4.29   46.157
22.66   5.00    0.241    0.166
22.66   5.00    0.407   46.964
22.66   5.00    0.391    0.201   0.407   0.167
22.66   5.00    0.391    0.201   0.407   0.166

22.67   0.00    0.165    0.165   0.032   0.036   0.003   0.006   0.082   0.006   0.000   0.000   0.000 1413882000
22.67   4.29   46.153
22.67   5.00    0.241    0.166
22.67   5.00    0.407   46.960
22.67   5.00    0.391    0.201   0.407   0.167
22.67   5.00    0.391    0.201   0.407   0.166

22.68   0.00    0.165    0.165   0.032   0.036   0.003   0.006   0.082   0.006   0.000   0.000   0.000 1414506000
22.68   4.29   46.149
22.68   5.00    0.241    0.166
22.68   5.00    0.407   46.957
22.68   5.00    0.391    0.201   0.407   0.167
22.68   5.00    0.391    0.201   0.407   0.166

22.69   0.00    0.165    0.165   0.032   0.036   0.003   0.006   0.082   0.006   0.000   0.000   0.000 1415129000
22.69   4.28   46.145
22.69   5.00    0.241    0.166
22.69   5.00    0.407   46.954
22.69   5.00    0.391    0.201   0.407   0.167
22.69   5.00    0.391    0.201   0.407   0.166

22.70   0.00    0.165    0.165   0.032   0.036   0.003   0.006   0.082   0.006   0.000   0.000   0.000 1415753000
22.70   4.28   46.140
22.70   5.00    0.241    0.166
22.70   5.00    0.407   46.950
22.70   5.00    0.391    0.201   0.407   0.167
22.70   5.00    0.391    0.201   0.407   0.166

22.71   0.00    0.165    0.165   0.032   0.036   0.003   0.006   0.082   0.006   0.000   0.000   0.000 1416377000
22.71   4.28   46.136
22.71   5.00    0.241    0.166
22.71   5.00    0.407   46.947
22.71   5.00    0.391    0.201   0.407   0.167
22.71   5.00    0.391    0.201   0.407   0.166

22.72   0.00    0.165    0.165   0.032   0.036   0.003   0.006   0.082   0.006   0.000   0.000   0.000 1417000000
22.72   4.28   46.132
22.72   5.00    0.241    0.166
22.72   5.00    0.407   46.944
22.72   5.00    0.391    0.201   0.407   0.167
22.72   5.00    0.391    0.201   0.407   0.166

22.73   0.00    0.165    0.165   0.032   0.036   0.003   0.006   0.082   0.006   0.000   0.000   0.000 1417624000
22.73   4.28   46.128
22.73   5.00    0.241    0.166
22.73   5.00    0.407   46.940
22.73   5.00    0.391    0.201   0.407   0.167
22.73   5.00    0.391    0.201   0.407   0.166

22.74   0.00    0.165    0.165   0.032   0.036   0.003   0.006   0.082   0.006   0.000   0.000   0.000 1418248000
22.74   4.28   46.124
22.74   5.00    0.241    0.166
22.74   5.00    0.407   46.937
22.74   5.00    0.391    0.201   0.407   0.167
22.74   5.00    0.391    0.201   0.407   0.166

22.75   0.00    0.165    0.165   0.032   0.036   0.003   0.006   0.082   0.006   0.000   0.000   0.000 1418872000
22.75   4.28   46.120
22.75   5.00    0.241    0.166
22.75   5.00    0.407   46.934
22.75   5.00    0.391    0.201   0.407   0.167
22.75   5.00    0.391    0.201   0.407   0.166

22.76   0.00    0.165    0.165   0.032   0.036   0.003   0.006   0.082   0.006   0.000   0.000   0.000 1419495000
22.76   4.28   46.116
22.76   5.00    0.241    0.166
22.76   5.00    0.407   46.930
22.76   5.00    0.391    0.201   0.407   0.167
22.76   5.00    0.391    0.201   0.407   0.166

22.77   0.00    0.165    0.165   0.032   0.036   0.003   0.006   0.082   0.006   0.000   0.000   0.000 1420119000
22.77   4.28   46.112
22.77   5.00    0.241    0.166
22.77   5.00    0.407   46.927
22.77   5.00    0.391    0.201   0.407   0.167
22.77   5.00    0.391    0.201   0.407   0.166

22.78   0.00    0.165    0.165   0.032   0.036   0.003   0.006   0.082   0.006   0.000   0.000   0.000 1420743000
22.78   4.28   46.108
22.78   5.00    0.241    0.166
22.78   5.00    0.407   46.924
22.78   5.00    0.391    0.201   0.407   0.167
22.78   5.00    0.391    0.201   0.407   0.166

22.79   0.00    0.165    0.165   0.032   0.036   0.003   0.006   0.082   0.006   0.000   0.000   0.000 1421366000
22.79   4.28   46.104
22.79   5.00    0.241    0.166
22.79   5.00    0.407   46.921
22.79   5.00    0.390    0.201   0.407   0.167
22.79   5.00    0.391    0.201   0.407   0.166

22.80   0.00    0.165    0.165   0.032   0.036   0.003   0.006   0.082   0.006   0.000   0.000   0.000 1421990000
22.80   4.28   46.100
22.80   5.00    0.240    0.166
22.80   5.00    0.406   46.917
22.80   5.00    0.390    0.201   0.406   0.167
22.80   5.00    0.390    0.201   0.406   0.166

22.81   0.00    0.165    0.165   0.032   0.036   0.003   0.006   0.082   0.006   0.000   0.000   0.000 1422614000
22.81   4.28   46.096
22.81   5.00    0.240    0.166
22.81   5.00    0.406   46.914
22.81   5.00    0.390    0.201   0.406   0.167
22.81   5.00    0.390    0.201   0.406   0.166

22.82   0.00    0.165    0.165   0.032   0.036   0.003   0.006   0.082   0.006   0.000   0.000   0.000 1423237000
22.82   4.28   46.091
22.82   5.00    0.240    0.166
22.82   5.00    0.406   46.911
22.82   5.00    0.390    0.201   0.406   0.167
22.82   5.00    0.390    0.201   0.406   0.166

22.83   0.00    0.165    0.165   0.032   0.036   0.003   0.006   0.082   0.006   0.000   0.000   0.000 1423861000
22.83   4.27   46.087
22.83   5.00    0.240    0.166
22.83   5.00    0.406   46.907
22.83   5.00    0.390    0.201   0.406   0.167
22.83   5.00    0.390    0.201   0.406   0.166

22.84   0.00    0.165    0.165   0.032   0.036   0.003   0.006   0.082   0.006   0.000   0.000   0.000 1424485000
22.84   4.27   46.083
22.84   5.00    0.240    0.166
22.84   5.00    0.406   46.904
22.84   5.00    0.390    0.201   0.406   0.167
22.84   5.00    0.390    0.201   0.406   0.166

22.85   0.00    0.165    0.165   0.032   0.036   0.003   0.006   0.082   0.006   0.000   0.000   0.000 1425108000
22.85   4.27   46.079
22.85   5.00    0.240    0.166
22.85   5.00    0.406   46.901
22.85   5.00    0.390    0.201   0.406   0.167
22.85   5.00    0.390    0.201   0.406   0.166

22.86   0.00    0.165    0.165   0.032   0.036   0.003   0.006   0.082   0.006   0.000   0.000   0.000 1425732000
22.86   4.27   46.075
22.86   5.00    0.240    0.166
22.86   5.00    0.406   46.898
22.86   5.00    0.390    0.201   0.406   0.167
22.86   5.00    0.390    0.201   0.406   0.166

22.87   0.00    0.165    0.165   0.032   0.036   0.003   0.006   0.082   0.006   0.000   0.000   0.000 1426356000
22.87   4.27   46.071
22.87   5.00    0.240    0.166
22.87   5.00    0.406   46.894
22.87   5.00    0.390    0.201   0.406   0.167
22.87   5.00    0.390    0.201   0.406   0.166

22.88   0.00    0.165    0.165   0.032   0.036   0.003   0.006   0.082   0.006   0.000   0.000   0.000 1426979000
22.88   4.27   46.067
22.88   5.00    0.240    0.166
22.88   5.00    0.406   46.891
22.88   5.00    0.390    0.201   0.406   0.167
22.88   5.00    0.390    0.201   0.406   0.166

22.89   0.00    0.165    0.165   0.032   0.036   0.003   0.006   0.082   0.006   0.000   0.000   0.000 1427603000
22.89   4.27   46.063
22.89   5.00    0.240    0.166
22.89   5.00    0.406   46.888
22.89   5.00    0.390    0.201   0.406   0.167
22.89   5.00    0.390    0.201   0.406   0.166

22.90   0.00    0.165    0.165   0.032   0.036   0.003   0.006   0.082   0.006   0.000   0.000   0.000 1428227000
22.90   4.27   46.059
22.90   5.00    0.240    0.166
22.90   5.00    0.406   46.884
22.90   5.00    0.390    0.201   0.406   0.167
22.90   5.00    0.390    0.201   0.406   0.166

22.91   0.00    0.165    0.165   0.032   0.036   0.003   0.006   0.082   0.006   0.000   0.000   0.000 1428850000
22.91   4.27   46.055
22.91   5.00    0.240    0.166
22.91   5.00    0.406   46.881
22.91   5.00    0.390    0.201   0.406   0.167
22.91   5.00    0.390    0.201   0.406   0.166

22.92   0.00    0.165    0.165   0.032   0.036   0.003   0.006   0.082   0.006   0.000   0.000   0.000 1429474000
22.92   4.27   46.051
22.92   5.00    0.240    0.166
22.92   5.00    0.406   46.878
22.92   5.00    0.390    0.201   0.406   0.167
22.92   5.00    0.390    0.201   0.406   0.166

22.93   0.00    0.165    0.165   0.032   0.036   0.003   0.006   0.082   0.006   0.000   0.000   0.000 1430098000
22.93   4.27   46.047
22.93   5.00    0.240    0.166
22.93   5.00    0.406   46.875
22.93   5.00    0.390    0.201   0.406   0.167
22.93   5.00    0.390    0.201   0.406   0.166

22.94   0.00    0.165    0.165   0.032   0.036   0.003   0.006   0.082   0.006   0.000   0.000   0.000 1430722000
22.94   4.27   46.053
22.94   5.00    0.240    0.166
22.94   5.00    0.406   46.871
22.94   5.00    0.390    0.201   0.406   0.167
22.94   5.00    0.390    0.201   0.406   0.166

22.95   0.00    0.165    0.165   0.032   0.036   0.003   0.006   0.082   0.006   0.000   0.000   0.000 1431345000
22.95   4.27   46.049
22.95   5.00    0.240    0.166
22.95   5.00    0.406   46.868
22.95   5.00    0.390    0.201   0.406   0.167
22.95   5.00    0.390    0.201   0.406   0.166

22.96   0.00    0.165    0.165   0.032   0.036   0.003   0.006   0.082   0.006   0.000   0.000   0.000 1431969000
22.96   4.27   46.045
22.96   5.00    0.240    0.166
22.96   5.00    0.406   46.865
22.96   5.00    0.390    0.201   0.406   0.167
22.96   5.00    0.390    0.201   0.406   0.166

22.97   0.00    0.165    0.165   0.032   0.036   0.003   0.006   0.082   0.006   0.000   0.000   0.000 1432593000
22.97   4.27   46.042
22.97   5.00    0.240    0.166
22.97   5.00    0.406   46.862
22.97   5.00    0.390    0.201   0.406   0.167
22.97   5.00    0.390    0.201   0.406   0.166

22.98   0.00    0.165    0.165   0.032   0.036   0.003   0.006   0.082   0.006   0.000   0.000   0.000 1433216000
22.98   4.27   46.038
22.98   5.00    0.240    0.166
22.98   5.00    0.406   46.858
22.98   5.00    0.390    0.201   0.406   0.167
22.98   5.00    0.390    0.201   0.406   0.166

22.99   0.00    0.165    0.165   0.032   0.036   0.003   0.006   0.082   0.006   0.000   0.000   0.000 1433840000
22.99   4.27   46.034
22.99   5.00    0.240    0.166
22.99   5.00    0.406   46.855
22.99   5.00    0.390    0.201   0.406   0.167
22.99   5.00    0.390    0.201   0.406   0.166

23.00   0.00    0.165    0.165   0.032   0.036   0.003   0.006   0.082   0.006   0.000   0.000   0.000 1434463000
23.00   4.27   46.031
23.00   5.00    0.240    0.166
23.00   5.00    0.406   46.852
23.00   5.00    0.390    0.201   0.406   0.167
23.00   5.00    0.390    0.201   0.406   0.166

23.01   0.00    0.165    0.165   0.032   0.036   0.002   0.006   0.082   0.006   0.000   0.000   0.000 1435087000
23.01   4.27   46.027
23.01   5.00    0.240    0.166
23.01   5.00    0.406   46.849
23.01   5.00    0.389    0.201   0.406   0.167
23.01   5.00    0.390    0.201   0.406   0.166

23.02   0.00    0.165    0.165   0.032   0.036   0.002   0.006   0.082   0.006   0.000   0.000   0.000 1435711000
23.02   4.27   46.024
23.02   5.00    0.239    0.166
23.02   5.00    0.405   46.845
23.02   5.00    0.389    0.201   0.405   0.167
23.02   5.00    0.389    0.201   0.405   0.166

23.03   0.00    0.165    0.165   0.032   0.036   0.002   0.006   0.082   0.006   0.000   0.000   0.000 1436335000
23.03   4.27   46.020
23.03   5.00    0.239    0.166
23.03   5.00    0.405   46.842
23.03   5.00    0.389    0.201   0.405   0.167
23.03   5.00    0.389    0.201   0.405   0.166

23.04   0.00    0.165    0.165   0.032   0.036   0.002   0.006   0.082   0.006   0.000   0.000   0.000 1436958000
23.04   4.27   46.016
23.04   5.00    0.239    0.166
23.04   5.00    0.405   46.839
23.04   5.00    0.389    0.201   0.405   0.167
23.04   5.00    0.389    0.201   0.405   0.166

23.05   0.00    0.165    0.165   0.032   0.036   0.002   0.006   0.082   0.006   0.000   0.000   0.000 1437582000
23.05   4.27   46.013
23.05   5.00    0.239    0.166
23.05   5.00    0.405   46.836
23.05   5.00    0.389    0.201   0.405   0.167
23.05   5.00    0.389    0.201   0.405   0.166

23.06   0.00    0.165    0.165   0.032   0.036   0.002   0.006   0.082   0.006   0.000   0.000   0.000 1438206000
23.06   4.27   46.009
23.06   5.00    0.239    0.166
23.06   5.00    0.405   46.832
23.06   5.00    0.389    0.201   0.405   0.167
23.06   5.00    0.389    0.201   0.405   0.166

23.07   0.00    0.165    0.165   0.032   0.036   0.002   0.006   0.082   0.006   0.000   0.000   0.000 1438829000
23.07   4.26   46.005
23.07   5.00    0.239    0.166
23.07   5.00    0.405   46.829
23.07   5.00    0.389    0.201   0.405   0.167
23.07   5.00    0.389    0.201   0.405   0.166

23.08   0.00    0.165    0.165   0.032   0.036   0.002   0.006   0.082   0.006   0.000   0.000   0.000 1439453000
23.08   4.26   46.002
23.08   5.00    0.239    0.166
23.08   5.00    0.405   46.826
23.08   5.00    0.389    0.201   0.405   0.167
23.08   5.00    0.389    0.201   0.405   0.166

23.09   0.00    0.165    0.165   0.032   0.036   0.002   0.006   0.082   0.006   0.000   0.000   0.000 1440077000
23.09   4.26   45.998
23.09   5.00    0.239    0.166
23.09   5.00    0.405   46.823
23.09   5.00    0.389    0.201   0.405   0.167
23.09   5.00    0.389    0.201   0.405   0.166

23.10   0.00    0.165    0.165   0.032   0.036   0.002   0.006   0.082   0.006   0.000   0.000   0.000 1440700000
23.10   4.26   45.995
23.10   5.00    0.239    0.166
23.10   5.00    0.405   46.820
23.10   5.00    0.389    0.201   0.405   0.167
23.10   5.00    0.389    0.201   0.405   0.166

23.11   0.00    0.165    0.165   0.032   0.036   0.002   0.006   0.082   0.006   0.000   0.000   0.000 1441324000
23.11   4.26   45.991
23.11   5.00    0.239    0.166
23.11   5.00    0.405   46.816
23.11   5.00    0.389    0.201   0.405   0.167
23.11   5.00    0.389    0.201   0.405   0.166

23.12   0.00    0.165    0.165   0.032   0.036   0.002   0.006   0.082   0.006   0.000   0.000   0.000 1441948000
23.12   4.26   45.987
23.12   5.00    0.239    0.166
23.12   5.00    0.405   46.813
23.12   5.00    0.389    0.201   0.405   0.167
23.12   5.00    0.389    0.201   0.405   0.166

23.13   0.00    0.165    0.165   0.032   0.036   0.002   0.006   0.082   0.006   0.000   0.000   0.000 1442571000
23.13   4.26   45.984
23.13   5.00    0.239    0.166
23.13   5.00    0.405   46.810
23.13   5.00    0.389    0.201   0.405   0.167
23.13   5.00    0.389    0.201   0.405   0.166

23.14   0.00    0.165    0.165   0.032   0.036   0.002   0.006   0.082   0.006   0.000   0.000   0.000 1443195000
23.14   4.26   45.980
23.14   5.00    0.239    0.166
23.14   5.00    0.405   46.807
23.14   5.00    0.389    0.201   0.405   0.166
23.14   5.00    0.389    0.201   0.405   0.166

23.15   0.00    0.165    0.165   0.032   0.036   0.002   0.006   0.082   0.006   0.000   0.000   0.000 1443819000
23.15   4.26   45.977
23.15   5.00    0.239    0.166
23.15   5.00    0.405   46.803
23.15   5.00    0.389    0.201   0.405   0.166
23.15   5.00    0.389    0.201   0.405   0.166

23.16   0.00    0.165    0.165   0.032   0.036   0.002   0.006   0.082   0.006   0.000   0.000   0.000 1444442000
23.16   4.26   45.973
23.16   5.00    0.239    0.166
23.16   5.00    0.405   46.800
23.16   5.00    0.389    0.201   0.405   0.166
23.16   5.00    0.389    0.201   0.405   0.166

23.17   0.00    0.165    0.165   0.032   0.036   0.002   0.006   0.082   0.006   0.000   0.000   0.000 1445066000
23.17   4.26   45.969
23.17   5.00    0.239    0.166
23.17   5.00    0.405   46.797
23.17   5.00    0.389    0.201   0.405   0.166
23.17   5.00    0.389    0.201   0.405   0.166

23.18   0.00    0.165    0.165   0.032   0.036   0.002   0.006   0.082   0.006   0.000   0.000   0.000 1445690000
23.18   4.26   45.966
23.18   5.00    0.239    0.166
23.18   5.00    0.405   46.794
23.18   5.00    0.389    0.201   0.405   0.166
23.18   5.00    0.389    0.201   0.405   0.166

23.19   0.00    0.165    0.165   0.032   0.036   0.002   0.006   0.082   0.006   0.000   0.000   0.000 1446313000
23.19   4.26   45.962
23.19   5.00    0.239    0.166
23.19   5.00    0.405   46.791
23.19   5.00    0.389    0.201   0.405   0.166
23.19   5.00    0.389    0.201   0.405   0.166

23.20   0.00    0.165    0.165   0.032   0.036   0.002   0.006   0.082   0.006   0.000   0.000   0.000 1446937000
23.20   4.26   45.959
23.20   5.00    0.239    0.166
23.20   5.00    0.405   46.787
23.20   5.00    0.389    0.201   0.405   0.166
23.20   5.00    0.389    0.201   0.405   0.166

23.21   0.00    0.165    0.165   0.032   0.036   0.002   0.006   0.082   0.006   0.000   0.000   0.000 1447561000
23.21   4.26   45.955
23.21   5.00    0.239    0.166
23.21   5.00    0.405   46.784
23.21   5.00    0.389    0.201   0.405   0.166
23.21   5.00    0.389    0.201   0.405   0.166

23.22   0.00    0.165    0.165   0.032   0.036   0.002   0.006   0.082   0.006   0.000   0.000   0.000 1448184000
23.22   4.26   45.951
23.22   5.00    0.239    0.166
23.22   5.00    0.405   46.781
23.22   5.00    0.389    0.201   0.405   0.166
23.22   5.00    0.389    0.201   0.405   0.166

23.23   0.00    0.165    0.165   0.032   0.036   0.002   0.006   0.082   0.006   0.000   0.000   0.000 1448808000
23.23   4.26   45.948
23.23   5.00    0.239    0.166
23.23   5.00    0.405   46.778
23.23   5.00    0.388    0.201   0.405   0.166
23.23   5.00    0.389    0.201   0.405   0.166

23.24   0.00    0.165    0.165   0.032   0.036   0.002   0.006   0.082   0.006   0.000   0.000   0.000 1449432000
23.24   4.26   45.944
23.24   5.00    0.239    0.166
23.24   5.00    0.404   46.775
23.24   5.00    0.388    0.201   0.404   0.166
23.24   5.00    0.388    0.201   0.404   0.166

23.25   0.00    0.165    0.165   0.032   0.036   0.002   0.006   0.082   0.006   0.000   0.000   0.000 1450056000
23.25   4.26   45.941
23.25   5.00    0.238    0.166
23.25   5.00    0.404   46.771
23.25   5.00    0.388    0.201   0.404   0.166
23.25   5.00    0.388    0.201   0.404   0.166

23.26   0.00    0.165    0.165   0.032   0.036   0.002   0.006   0.082   0.006   0.000   0.000   0.000 1450679000
23.26   4.26   45.937
23.26   5.00    0.238    0.166
23.26   5.00    0.404   46.768
23.26   5.00    0.388    0.201   0.404   0.166
23.26   5.00    0.388    0.201   0.404   0.166

23.27   0.00    0.165    0.165   0.032   0.036   0.002   0.006   0.082   0.006   0.000   0.000   0.000 1451303000
23.27   4.25   45.933
23.27   5.00    0.238    0.166
23.27   5.00    0.404   46.765
23.27   5.00    0.388    0.201   0.404   0.166
23.27   5.00    0.388    0.201   0.404   0.166

23.28   0.00    0.165    0.165   0.032   0.036   0.002   0.006   0.082   0.006   0.000   0.000   0.000 1451927000
23.28   4.25   45.930
23.28   5.00    0.238    0.166
23.28   5.00    0.404   46.762
23.28   5.00    0.388    0.201   0.404   0.166
23.28   5.00    0.388    0.200   0.404   0.166

23.29   0.00    0.165    0.165   0.032   0.036   0.002   0.006   0.082   0.006   0.000   0.000   0.000 1452550000
23.29   4.25   45.926
23.29   5.00    0.238    0.166
23.29   5.00    0.404   46.759
23.29   5.00    0.388    0.201   0.404   0.166
23.29   5.00    0.388    0.200   0.404   0.166

23.30   0.00    0.165    0.165   0.032   0.036   0.002   0.006   0.082   0.006   0.000   0.000   0.000 1453174000
23.30   4.25   45.923
23.30   5.00    0.238    0.166
23.30   5.00    0.404   46.755
23.30   5.00    0.388    0.201   0.404   0.166
23.30   5.00    0.388    0.200   0.404   0.166

23.31   0.00    0.165    0.165   0.032   0.036   0.002   0.006   0.082   0.006   0.000   0.000   0.000 1453798000
23.31   4.25   45.919
23.31   5.00    0.238    0.166
23.31   5.00    0.404   46.752
23.31   5.00    0.388    0.201   0.404   0.166
23.31   5.00    0.388    0.200   0.404   0.166

23.32   0.00    0.165    0.165   0.032   0.036   0.002   0.006   0.082   0.006   0.000   0.000   0.000 1454421000
23.32   4.25   45.916
23.32   5.00    0.238    0.166
23.32   5.00    0.404   46.749
23.32   5.00    0.388    0.201   0.404   0.166
23.32   5.00    0.388    0.200   0.404   0.166

23.33   0.00    0.165    0.165   0.032   0.036   0.002   0.006   0.082   0.006   0.000   0.000   0.000 1455045000
23.33   4.25   45.912
23.33   5.00    0.238    0.166
23.33   5.00    0.404   46.746
23.33   5.00    0.388    0.201   0.404   0.166
23.33   5.00    0.388    0.200   0.404   0.166

23.34   0.00    0.165    0.165   0.032   0.036   0.002   0.006   0.082   0.006   0.000   0.000   0.000 1455669000
23.34   4.25   45.909
23.34   5.00    0.238    0.166
23.34   5.00    0.404   46.743
23.34   5.00    0.388    0.201   0.404   0.166
23.34   5.00    0.388    0.200   0.404   0.166

23.35   0.00    0.165    0.165   0.032   0.036   0.002   0.006   0.082   0.006   0.000   0.000   0.000 1456292000
23.35   4.25   45.905
23.35   5.00    0.238    0.166
23.35   5.00    0.404   46.740
23.35   5.00    0.388    0.201   0.404   0.166
23.35   5.00    0.388    0.200   0.404   0.166

23.36   0.00    0.165    0.165   0.032   0.036   0.002   0.006   0.082   0.006   0.000   0.000   0.000 1456916000
23.36   4.25   45.901
23.36   5.00    0.238    0.166
23.36   5.00    0.404   46.736
23.36   5.00    0.388    0.201   0.404   0.166
23.36   5.00    0.388    0.200   0.404   0.166

23.37   0.00    0.165    0.165   0.032   0.036   0.002   0.006   0.082   0.006   0.000   0.000   0.000 1457540000
23.37   4.25   45.898
23.37   5.00    0.238    0.166
23.37   5.00    0.404   46.733
23.37   5.00    0.388    0.201   0.404   0.166
23.37   5.00    0.388    0.200   0.404   0.166

23.38   0.00    0.165    0.165   0.032   0.036   0.002   0.006   0.082   0.006   0.000   0.000   0.000 1458163000
23.38   4.25   45.894
23.38   5.00    0.238    0.166
23.38   5.00    0.404   46.730
23.38   5.00    0.388    0.201   0.404   0.166
23.38   5.00    0.388    0.200   0.404   0.166

23.39   0.00    0.165    0.165   0.032   0.036   0.002   0.006   0.082   0.006   0.000   0.000   0.000 1458787000
23.39   4.25   45.891
23.39   5.00    0.238    0.166
23.39   5.00    0.404   46.727
23.39   5.00    0.388    0.201   0.404   0.166
23.39   5.00    0.388    0.200   0.404   0.166

23.40   0.00    0.165    0.165   0.032   0.036   0.002   0.006   0.082   0.006   0.000   0.000   0.000 1459411000
23.40   4.25   45.887
23.40   5.00    0.238    0.166
23.40   5.00    0.404   46.724
23.40   5.00    0.388    0.201   0.404   0.166
23.40   5.00    0.388    0.200   0.404   0.166

23.41   0.00    0.165    0.165   0.032   0.036   0.002   0.006   0.082   0.006   0.000   0.000   0.000 1460034000
23.41   4.25   45.884
23.41   5.00    0.238    0.166
23.41   5.00    0.404   46.721
23.41   5.00    0.388    0.201   0.404   0.166
23.41   5.00    0.388    0.200   0.404   0.166

23.42   0.00    0.165    0.165   0.032   0.036   0.002   0.006   0.082   0.006   0.000   0.000   0.000 1460658000
23.42   4.25   45.880
23.42   5.00    0.238    0.166
23.42   5.00    0.404   46.717
23.42   5.00    0.388    0.201   0.404   0.166
23.42   5.00    0.388    0.200   0.404   0.166

23.43   0.00    0.165    0.165   0.032   0.036   0.002   0.006   0.082   0.006   0.000   0.000   0.000 1461282000
23.43   4.25   45.877
23.43   5.00    0.238    0.166
23.43   5.00    0.404   46.714
23.43   5.00    0.388    0.201   0.404   0.166
23.43   5.00    0.388    0.200   0.404   0.166

23.44   0.00    0.165    0.165   0.032   0.036   0.002   0.006   0.082   0.006   0.000   0.000   0.000 1461906000
23.44   4.25   45.873
23.44   5.00    0.238    0.166
23.44   5.00    0.404   46.711
23.44   5.00    0.388    0.201   0.404   0.166
23.44   5.00    0.388    0.200   0.404   0.166

23.45   0.00    0.165    0.165   0.032   0.036   0.002   0.006   0.082   0.006   0.000   0.000   0.000 1462529000
23.45   4.25   45.870
23.45   5.00    0.238    0.166
23.45   5.00    0.404   46.708
23.45   5.00    0.388    0.201   0.404   0.166
23.45   5.00    0.388    0.200   0.404   0.166

23.46   0.00    0.165    0.165   0.032   0.036   0.002   0.006   0.082   0.006   0.000   0.000   0.000 1463153000
23.46   4.25   45.866
23.46   5.00    0.238    0.166
23.46   5.00    0.404   46.705
23.46   5.00    0.387    0.201   0.404   0.166
23.46   5.00    0.388    0.200   0.404   0.166

23.47   0.00    0.165    0.165   0.032   0.036   0.002   0.006   0.082   0.006   0.000   0.000   0.000 1463776000
23.47   4.24   45.862
23.47   5.00    0.237    0.166
23.47   5.00    0.403   46.702
23.47   5.00    0.387    0.201   0.403   0.166
23.47   5.00    0.387    0.200   0.403   0.166

23.48   0.00    0.165    0.165   0.032   0.036   0.002   0.006   0.082   0.006   0.000   0.000   0.000 1464400000
23.48   4.24   45.859
23.48   5.00    0.237    0.166
23.48   5.00    0.403   46.698
23.48   5.00    0.387    0.201   0.403   0.166
23.48   5.00    0.387    0.200   0.403   0.166

23.49   0.00    0.165    0.165   0.032   0.036   0.002   0.006   0.082   0.006   0.000   0.000   0.000 1465024000
23.49   4.24   45.855
23.49   5.00    0.237    0.166
23.49   5.00    0.403   46.695
23.49   5.00    0.387    0.201   0.403   0.166
23.49   5.00    0.387    0.200   0.403   0.166

23.50   0.00    0.165    0.165   0.032   0.036   0.002   0.006   0.082   0.006   0.000   0.000   0.000 1465647000
23.50   4.24   45.852
23.50   5.00    0.237    0.166
23.50   5.00    0.403   46.692
23.50   5.00    0.387    0.201   0.403   0.166
23.50   5.00    0.387    0.200   0.403   0.166

23.51   0.00    0.165    0.165   0.032   0.036   0.002   0.006   0.082   0.006   0.000   0.000   0.000 1466271000
23.51   4.24   45.848
23.51   5.00    0.237    0.166
23.51   5.00    0.403   46.689
23.51   5.00    0.387    0.201   0.403   0.166
23.51   5.00    0.387    0.200   0.403   0.166

23.52   0.00    0.165    0.165   0.032   0.036   0.002   0.006   0.082   0.006   0.000   0.000   0.000 1466895000
23.52   4.24   45.845
23.52   5.00    0.237    0.166
23.52   5.00    0.403   46.686
23.52   5.00    0.387    0.201   0.403   0.166
23.52   5.00    0.387    0.200   0.403   0.166

23.53   0.00    0.165    0.165   0.032   0.036   0.002   0.006   0.082   0.006   0.000   0.000   0.000 1467519000
23.53   4.24   45.841
23.53   5.00    0.237    0.166
23.53   5.00    0.403   46.683
23.53   5.00    0.387    0.201   0.403   0.166
23.53   5.00    0.387    0.200   0.403   0.166

23.54   0.00    0.165    0.165   0.032   0.036   0.002   0.006   0.082   0.006   0.000   0.000   0.000 1468142000
23.54   4.24   45.838
23.54   5.00    0.237    0.166
23.54   5.00    0.403   46.680
23.54   5.00    0.387    0.201   0.403   0.166
23.54   5.00    0.387    0.200   0.403   0.166

23.55   0.00    0.165    0.165   0.032   0.036   0.002   0.006   0.082   0.006   0.000   0.000   0.000 1468766000
23.55   4.24   45.834
23.55   5.00    0.237    0.166
23.55   5.00    0.403   46.677
23.55   5.00    0.387    0.201   0.403   0.166
23.55   5.00    0.387    0.200   0.403   0.166

23.56   0.00    0.165    0.165   0.032   0.036   0.002   0.006   0.082   0.006   0.000   0.000   0.000 1469390000
23.56   4.24   45.831
23.56   5.00    0.237    0.166
23.56   5.00    0.403   46.673
23.56   5.00    0.387    0.201   0.403   0.166
23.56   5.00    0.387    0.200   0.403   0.166

23.57   0.00    0.165    0.165   0.032   0.036   0.002   0.006   0.082   0.006   0.000   0.000   0.000 1470013000
23.57   4.24   45.827
23.57   5.00    0.237    0.166
23.57   5.00    0.403   46.670
23.57   5.00    0.387    0.201   0.403   0.166
23.57   5.00    0.387    0.200   0.403   0.166

23.58   0.00    0.165    0.165   0.032   0.036   0.002   0.006   0.082   0.006   0.000   0.000   0.000 1470637000
23.58   4.24   45.824
23.58   5.00    0.237    0.166
23.58   5.00    0.403   46.667
23.58   5.00    0.387    0.201   0.403   0.166
23.58   5.00    0.387    0.200   0.403   0.166

23.59   0.00    0.165    0.165   0.032   0.036   0.002   0.006   0.082   0.006   0.000   0.000   0.000 1471261000
23.59   4.24   45.820
23.59   5.00    0.237    0.166
23.59   5.00    0.403   46.664
23.59   5.00    0.387    0.201   0.403   0.166
23.59   5.00    0.387    0.200   0.403   0.166

23.60   0.00    0.165    0.165   0.032   0.036   0.002   0.006   0.082   0.006   0.000   0.000   0.000 1471884000
23.60   4.24   45.817
23.60   5.00    0.237    0.166
23.60   5.00    0.403   46.661
23.60   5.00    0.387    0.201   0.403   0.166
23.60   5.00    0.387    0.200   0.403   0.166

23.61   0.00    0.165    0.165   0.032   0.036   0.002   0.006   0.082   0.006   0.000   0.000   0.000 1472508000
23.61   4.24   45.813
23.61   5.00    0.237    0.166
23.61   5.00    0.403   46.658
23.61   5.00    0.387    0.201   0.403   0.166
23.61   5.00    0.387    0.200   0.403   0.166

23.62   0.00    0.165    0.165   0.032   0.036   0.002   0.006   0.082   0.006   0.000   0.000   0.000 1473132000
23.62   4.24   45.810
23.62   5.00    0.237    0.166
23.62   5.00    0.403   46.655
23.62   5.00    0.387    0.201   0.403   0.166
23.62   5.00    0.387    0.200   0.403   0.166

23.63   0.00    0.165    0.165   0.032   0.036   0.002   0.006   0.082   0.006   0.000   0.000   0.000 1473755000
23.63   4.24   45.806
23.63   5.00    0.237    0.166
23.63   5.00    0.403   46.652
23.63   5.00    0.387    0.201   0.403   0.166
23.63   5.00    0.387    0.200   0.403   0.166

23.64   0.00    0.165    0.165   0.032   0.036   0.002   0.006   0.082   0.006   0.000   0.000   0.000 1474379000
23.64   4.24   45.803
23.64   5.00    0.237    0.166
23.64   5.00    0.403   46.648
23.64   5.00    0.387    0.201   0.403   0.166
23.64   5.00    0.387    0.200   0.403   0.166

23.65   0.00    0.165    0.165   0.032   0.036   0.002   0.006   0.082   0.006   0.000   0.000   0.000 1475003000
23.65   4.24   45.799
23.65   5.00    0.237    0.166
23.65   5.00    0.403   46.645
23.65   5.00    0.387    0.201   0.403   0.166
23.65   5.00    0.387    0.200   0.403   0.166

23.66   0.00    0.165    0.165   0.032   0.036   0.002   0.006   0.082   0.006   0.000   0.000   0.000 1475626000
23.66   4.24   45.796
23.66   5.00    0.237    0.166
23.66   5.00    0.403   46.642
23.66   5.00    0.387    0.201   0.403   0.166
23.66   5.00    0.387    0.200   0.403   0.166

23.67   0.00    0.165    0.165   0.032   0.036   0.002   0.006   0.082   0.006   0.000   0.000   0.000 1476250000
23.67   4.23   45.792
23.67   5.00    0.237    0.166
23.67   5.00    0.403   46.639
23.67   5.00    0.387    0.201   0.403   0.166
23.67   5.00    0.387    0.200   0.403   0.166

23.68   0.00    0.165    0.165   0.032   0.036   0.002   0.006   0.082   0.006   0.000   0.000   0.000 1476874000
23.68   4.23   45.789
23.68   5.00    0.237    0.166
23.68   5.00    0.403   46.636
23.68   5.00    0.387    0.201   0.403   0.166
23.68   5.00    0.387    0.200   0.403   0.166

23.69   0.00    0.165    0.165   0.032   0.036   0.002   0.006   0.082   0.006   0.000   0.000   0.000 1477497000
23.69   4.23   45.785
23.69   5.00    0.237    0.166
23.69   5.00    0.403   46.633
23.69   5.00    0.386    0.201   0.403   0.166
23.69   5.00    0.387    0.200   0.403   0.166

23.70   0.00    0.165    0.165   0.032   0.036   0.002   0.006   0.082   0.006   0.000   0.000   0.000 1478121000
23.70   4.23   45.782
23.70   5.00    0.236    0.166
23.70   5.00    0.402   46.630
23.70   5.00    0.386    0.201   0.402   0.166
23.70   5.00    0.387    0.200   0.402   0.166

23.71   0.00    0.165    0.165   0.032   0.036   0.002   0.006   0.082   0.006   0.000   0.000   0.000 1478745000
23.71   4.23   45.779
23.71   5.00    0.236    0.166
23.71   5.00    0.402   46.627
23.71   5.00    0.386    0.201   0.402   0.166
23.71   5.00    0.386    0.200   0.402   0.166

23.72   0.00    0.165    0.165   0.032   0.036   0.002   0.006   0.082   0.006   0.000   0.000   0.000 1479368000
23.72   4.23   45.775
23.72   5.00    0.236    0.166
23.72   5.00    0.402   46.624
23.72   5.00    0.386    0.201   0.402   0.166
23.72   5.00    0.386    0.200   0.402   0.166

23.73   0.00    0.165    0.165   0.032   0.036   0.002   0.006   0.082   0.006   0.000   0.000   0.000 1479992000
23.73   4.23   45.772
23.73   5.00    0.236    0.166
23.73   5.00    0.402   46.621
23.73   5.00    0.386    0.201   0.402   0.166
23.73   5.00    0.386    0.200   0.402   0.166

23.74   0.00    0.165    0.165   0.032   0.036   0.002   0.006   0.082   0.006   0.000   0.000   0.000 1480616000
23.74   4.23   45.768
23.74   5.00    0.236    0.166
23.74   5.00    0.402   46.617
23.74   5.00    0.386    0.201   0.402   0.166
23.74   5.00    0.386    0.200   0.402   0.166

23.75   0.00    0.165    0.165   0.032   0.036   0.002   0.006   0.082   0.006   0.000   0.000   0.000 1481240000
23.75   4.23   45.765
23.75   5.00    0.236    0.166
23.75   5.00    0.402   46.614
23.75   5.00    0.386    0.201   0.402   0.166
23.75   5.00    0.386    0.200   0.402   0.166

23.76   0.00    0.165    0.165   0.032   0.036   0.002   0.006   0.082   0.006   0.000   0.000   0.000 1481863000
23.76   4.23   45.761
23.76   5.00    0.236    0.166
23.76   5.00    0.402   46.611
23.76   5.00    0.386    0.201   0.402   0.166
23.76   5.00    0.386    0.200   0.402   0.166

23.77   0.00    0.165    0.165   0.032   0.036   0.002   0.006   0.082   0.006   0.000   0.000   0.000 1482487000
23.77   4.23   45.758
23.77   5.00    0.236    0.166
23.77   5.00    0.402   46.608
23.77   5.00    0.386    0.201   0.402   0.166
23.77   5.00    0.386    0.200   0.402   0.166

23.78   0.00    0.165    0.165   0.032   0.036   0.002   0.006   0.082   0.006   0.000   0.000   0.000 1483111000
23.78   4.23   45.754
23.78   5.00    0.236    0.166
23.78   5.00    0.402   46.605
23.78   5.00    0.386    0.201   0.402   0.166
23.78   5.00    0.386    0.200   0.402   0.166

23.79   0.00    0.165    0.165   0.032   0.036   0.002   0.006   0.082   0.006   0.000   0.000   0.000 1483734000
23.79   4.23   45.751
23.79   5.00    0.236    0.166
23.79   5.00    0.402   46.602
23.79   5.00    0.386    0.201   0.402   0.166
23.79   5.00    0.386    0.200   0.402   0.166

23.80   0.00    0.165    0.165   0.032   0.036   0.002   0.006   0.082   0.006   0.000   0.000   0.000 1484358000
23.80   4.23   45.747
23.80   5.00    0.236    0.166
23.80   5.00    0.402   46.599
23.80   5.00    0.386    0.201   0.402   0.166
23.80   5.00    0.386    0.200   0.402   0.166

23.81   0.00    0.165    0.165   0.032   0.036   0.002   0.006   0.082   0.006   0.000   0.000   0.000 1484982000
23.81   4.23   45.744
23.81   5.00    0.236    0.166
23.81   5.00    0.402   46.596
23.81   5.00    0.386    0.201   0.402   0.166
23.81   5.00    0.386    0.200   0.402   0.166

23.82   0.00    0.165    0.165   0.032   0.036   0.002   0.006   0.082   0.006   0.000   0.000   0.000 1485605000
23.82   4.23   45.741
23.82   5.00    0.236    0.166
23.82   5.00    0.402   46.593
23.82   5.00    0.386    0.201   0.402   0.166
23.82   5.00    0.386    0.200   0.402   0.166

23.83   0.00    0.165    0.165   0.032   0.036   0.002   0.006   0.082   0.006   0.000   0.000   0.000 1486229000
23.83   4.23   45.737
23.83   5.00    0.236    0.166
23.83   5.00    0.402   46.590
23.83   5.00    0.386    0.201   0.402   0.166
23.83   5.00    0.386    0.200   0.402   0.166

23.84   0.00    0.165    0.165   0.032   0.036   0.002   0.006   0.082   0.006   0.000   0.000   0.000 1486853000
23.84   4.23   45.734
23.84   5.00    0.236    0.166
23.84   5.00    0.402   46.587
23.84   5.00    0.386    0.201   0.402   0.166
23.84   5.00    0.386    0.200   0.402   0.166

23.85   0.00    0.165    0.165   0.032   0.036   0.002   0.006   0.082   0.006   0.000   0.000   0.000 1487476000
23.85   4.23   45.730
23.85   5.00    0.236    0.166
23.85   5.00    0.402   46.584
23.85   5.00    0.386    0.201   0.402   0.166
23.85   5.00    0.386    0.200   0.402   0.166

23.86   0.00    0.165    0.165   0.032   0.036   0.002   0.006   0.082   0.006   0.000   0.000   0.000 1488100000
23.86   4.23   45.727
23.86   5.00    0.236    0.166
23.86   5.00    0.402   46.581
23.86   5.00    0.386    0.201   0.402   0.166
23.86   5.00    0.386    0.200   0.402   0.166

23.87   0.00    0.165    0.165   0.032   0.036   0.002   0.006   0.082   0.006   0.000   0.000   0.000 1488724000
23.87   4.22   45.723
23.87   5.00    0.236    0.166
23.87   5.00    0.402   46.578
23.87   5.00    0.386    0.201   0.402   0.166
23.87   5.00    0.386    0.200   0.402   0.166

23.88   0.00    0.165    0.165   0.032   0.036   0.002   0.006   0.082   0.006   0.000   0.000   0.000 1489347000
23.88   4.22   45.720
23.88   5.00    0.236    0.166
23.88   5.00    0.402   46.574
23.88   5.00    0.386    0.201   0.402   0.166
23.88   5.00    0.386    0.200   0.402   0.166

23.89   0.00    0.165    0.165   0.032   0.036   0.002   0.006   0.082   0.006   0.000   0.000   0.000 1489971000
23.89   4.22   45.716
23.89   5.00    0.236    0.166
23.89   5.00    0.402   46.571
23.89   5.00    0.386    0.201   0.402   0.166
23.89   5.00    0.386    0.200   0.402   0.166

23.90   0.00    0.165    0.165   0.032   0.036   0.002   0.006   0.082   0.006   0.000   0.000   0.000 1490595000
23.90   4.22   45.713
23.90   5.00    0.236    0.166
23.90   5.00    0.402   46.568
23.90   5.00    0.386    0.201   0.402   0.166
23.90   5.00    0.386    0.200   0.402   0.166

23.91   0.00    0.165    0.165   0.032   0.036   0.002   0.006   0.082   0.006   0.000   0.000   0.000 1491218000
23.91   4.22   45.710
23.91   5.00    0.236    0.166
23.91   5.00    0.402   46.565
23.91   5.00    0.386    0.201   0.402   0.166
23.91   5.00    0.386    0.200   0.402   0.166

23.92   0.00    0.165    0.165   0.032   0.036   0.002   0.006   0.082   0.006   0.000   0.000   0.000 1491842000
23.92   4.22   45.706
23.92   5.00    0.236    0.166
23.92   5.00    0.402   46.562
23.92   5.00    0.386    0.201   0.402   0.166
23.92   5.00    0.386    0.200   0.402   0.166

23.93   0.00    0.165    0.165   0.032   0.036   0.002   0.006   0.082   0.006   0.000   0.000   0.000 1492466000
23.93   4.22   45.703
23.93   5.00    0.236    0.166
23.93   5.00    0.402   46.559
23.93   5.00    0.385    0.201   0.402   0.166
23.93   5.00    0.386    0.200   0.402   0.166

23.94   0.00    0.165    0.165   0.032   0.036   0.002   0.006   0.082   0.006   0.000   0.000   0.000 1493090000
23.94   4.22   45.699
23.94   5.00    0.235    0.166
23.94   5.00    0.401   46.556
23.94   5.00    0.385    0.201   0.401   0.166
23.94   5.00    0.385    0.200   0.401   0.166

23.95   0.00    0.165    0.165   0.032   0.036   0.002   0.006   0.082   0.006   0.000   0.000   0.000 1493713000
23.95   4.22   45.696
23.95   5.00    0.235    0.166
23.95   5.00    0.401   46.553
23.95   5.00    0.385    0.201   0.401   0.166
23.95   5.00    0.385    0.200   0.401   0.166

23.96   0.00    0.165    0.165   0.032   0.036   0.002   0.006   0.082   0.006   0.000   0.000   0.000 1494337000
23.96   4.22   45.692
23.96   5.00    0.235    0.166
23.96   5.00    0.401   46.550
23.96   5.00    0.385    0.201   0.401   0.166
23.96   5.00    0.385    0.200   0.401   0.166

23.97   0.00    0.165    0.165   0.032   0.036   0.002   0.006   0.082   0.006   0.000   0.000   0.000 1494960000
23.97   4.22   45.689
23.97   5.00    0.235    0.166
23.97   5.00    0.401   46.547
23.97   5.00    0.385    0.201   0.401   0.166
23.97   5.00    0.385    0.200   0.401   0.166

23.98   0.00    0.165    0.165   0.032   0.036   0.002   0.006   0.082   0.006   0.000   0.000   0.000 1495584000
23.98   4.22   45.686
23.98   5.00    0.235    0.166
23.98   5.00    0.401   46.544
23.98   5.00    0.385    0.201   0.401   0.166
23.98   5.00    0.385    0.200   0.401   0.166

23.99   0.00    0.165    0.165   0.032   0.036   0.002   0.006   0.082   0.006   0.000   0.000   0.000 1496208000
23.99   4.22   45.682
23.99   5.00    0.235    0.166
23.99   5.00    0.401   46.541
23.99   5.00    0.385    0.201   0.401   0.166
23.99   5.00    0.385    0.200   0.401   0.166

24.00   0.00    0.165    0.165   0.032   0.036   0.002   0.006   0.082   0.006   0.000   0.000   0.000 1496831000
24.00   4.22   45.679
24.00   5.00    0.235    0.166
24.00   5.00    0.401   46.538
24.00   5.00    0.385    0.201   0.401   0.166
24.00   5.00    0.385    0.200   0.401   0.166

24.01   0.00    0.165    0.165   0.032   0.036   0.002   0.006   0.082   0.006   0.000   0.000   0.000 1497455000
24.01   4.22   45.675
24.01   5.00    0.235    0.166
24.01   5.00    0.401   46.535
24.01   5.00    0.385    0.201   0.401   0.166
24.01   5.00    0.385    0.200   0.401   0.166

24.02   0.00    0.165    0.165   0.032   0.036   0.002   0.006   0.082   0.006   0.000   0.000   0.000 1498079000
24.02   4.22   45.672
24.02   5.00    0.235    0.166
24.02   5.00    0.401   46.532
24.02   5.00    0.385    0.201   0.401   0.166
24.02   5.00    0.385    0.200   0.401   0.166

24.03   0.00    0.165    0.165   0.032   0.036   0.002   0.006   0.082   0.006   0.000   0.000   0.000 1498703000
24.03   4.22   45.669
24.03   5.00    0.235    0.166
24.03   5.00    0.401   46.529
24.03   5.00    0.385    0.201   0.401   0.166
24.03   5.00    0.385    0.200   0.401   0.166

24.04   0.00    0.165    0.165   0.032   0.036   0.002   0.006   0.082   0.006   0.000   0.000   0.000 1499326000
24.04   4.22   45.665
24.04   5.00    0.235    0.166
24.04   5.00    0.401   46.526
24.04   5.00    0.385    0.201   0.401   0.166
24.04   5.00    0.385    0.200   0.401   0.166

24.05   0.00    0.165    0.165   0.032   0.036   0.002   0.006   0.082   0.006   0.000   0.000   0.000 1499950000
24.05   4.22   45.662
24.05   5.00    0.235    0.166
24.05   5.00    0.401   46.523
24.05   5.00    0.385    0.201   0.401   0.166
24.05   5.00    0.385    0.200   0.401   0.166

24.06   0.00    0.165    0.165   0.032   0.036   0.002   0.006   0.082   0.006   0.000   0.000   0.000 1500574000
24.06   4.22   45.658
24.06   5.00    0.235    0.166
24.06   5.00    0.401   46.520
24.06   5.00    0.385    0.201   0.401   0.166
24.06   5.00    0.385    0.200   0.401   0.166

24.07   0.00    0.165    0.165   0.032   0.036   0.002   0.006   0.082   0.006   0.000   0.000   0.000 1501197000
24.07   4.22   45.655
24.07   5.00    0.235    0.166
24.07   5.00    0.401   46.517
24.07   5.00    0.385    0.201   0.401   0.166
24.07   5.00    0.385    0.200   0.401   0.166

24.08   0.00    0.165    0.165   0.032   0.036   0.002   0.006   0.082   0.006   0.000   0.000   0.000 1501821000
24.08   4.21   45.652
24.08   5.00    0.235    0.166
24.08   5.00    0.401   46.514
24.08   5.00    0.385    0.201   0.401   0.166
24.08   5.00    0.385    0.200   0.401   0.166

24.09   0.00    0.165    0.165   0.032   0.036   0.002   0.006   0.082   0.006   0.000   0.000   0.000 1502445000
24.09   4.21   45.648
24.09   5.00    0.235    0.166
24.09   5.00    0.401   46.511
24.09   5.00    0.385    0.201   0.401   0.166
24.09   5.00    0.385    0.200   0.401   0.166

24.10   0.00    0.165    0.165   0.032   0.036   0.002   0.006   0.082   0.006   0.000   0.000   0.000 1503068000
24.10   4.21   45.645
24.10   5.00    0.235    0.166
24.10   5.00    0.401   46.508
24.10   5.00    0.385    0.201   0.401   0.166
24.10   5.00    0.385    0.200   0.401   0.166

24.11   0.00    0.165    0.165   0.032   0.036   0.002   0.006   0.082   0.006   0.000   0.000   0.000 1503692000
24.11   4.21   45.642
24.11   5.00    0.235    0.166
24.11   5.00    0.401   46.505
24.11   5.00    0.385    0.201   0.401   0.166
24.11   5.00    0.385    0.200   0.401   0.166

24.12   0.00    0.165    0.165   0.032   0.036   0.002   0.006   0.082   0.006   0.000   0.000   0.000 1504316000
24.12   4.21   45.638
24.12   5.00    0.235    0.166
24.12   5.00    0.401   46.502
24.12   5.00    0.385    0.201   0.401   0.166
24.12   5.00    0.385    0.200   0.401   0.166

24.13   0.00    0.165    0.165   0.032   0.036   0.002   0.006   0.082   0.006   0.000   0.000   0.000 1504939000
24.13   4.21   45.635
24.13   5.00    0.235    0.166
24.13   5.00    0.401   46.499
24.13   5.00    0.385    0.201   0.401   0.166
24.13   5.00    0.385    0.200   0.401   0.166

24.14   0.00    0.165    0.165   0.032   0.036   0.002   0.006   0.082   0.006   0.000   0.000   0.000 1505563000
24.14   4.21   45.631
24.14   5.00    0.235    0.166
24.14   5.00    0.401   46.496
24.14   5.00    0.385    0.201   0.401   0.166
24.14   5.00    0.385    0.200   0.401   0.166

24.15   0.00    0.165    0.164   0.032   0.036   0.002   0.006   0.082   0.006   0.000   0.000   0.000 1506187000
24.15   4.21   45.628
24.15   5.00    0.235    0.166
24.15   5.00    0.401   46.493
24.15   5.00    0.385    0.201   0.401   0.166
24.15   5.00    0.385    0.200   0.401   0.166

24.16   0.00    0.165    0.164   0.032   0.036   0.002   0.006   0.082   0.006   0.000   0.000   0.000 1506810000
24.16   4.21   45.625
24.16   5.00    0.235    0.166
24.16   5.00    0.401   46.490
24.16   5.00    0.385    0.201   0.401   0.166
24.16   5.00    0.385    0.200   0.401   0.166

24.17   0.00    0.165    0.164   0.032   0.036   0.002   0.006   0.082   0.006   0.000   0.000   0.000 1507434000
24.17   4.21   45.621
24.17   5.00    0.235    0.166
24.17   5.00    0.401   46.487
24.17   5.00    0.384    0.201   0.401   0.166
24.17   5.00    0.385    0.200   0.401   0.166

24.18   0.00    0.165    0.164   0.032   0.036   0.002   0.006   0.082   0.006   0.000   0.000   0.000 1508058000
24.18   4.21   45.618
24.18   5.00    0.234    0.166
24.18   5.00    0.400   46.484
24.18   5.00    0.384    0.201   0.400   0.166
24.18   5.00    0.385    0.200   0.400   0.166

24.19   0.00    0.165    0.164   0.032   0.036   0.002   0.006   0.082   0.006   0.000   0.000   0.000 1508681000
24.19   4.21   45.615
24.19   5.00    0.234    0.166
24.19   5.00    0.400   46.481
24.19   5.00    0.384    0.201   0.400   0.166
24.19   5.00    0.384    0.200   0.400   0.166

24.20   0.00    0.165    0.164   0.032   0.036   0.002   0.006   0.082   0.006   0.000   0.000   0.000 1509305000
24.20   4.21   45.611
24.20   5.00    0.234    0.166
24.20   5.00    0.400   46.478
24.20   5.00    0.384    0.201   0.400   0.166
24.20   5.00    0.384    0.200   0.400   0.166

24.21   0.00    0.165    0.164   0.032   0.036   0.002   0.006   0.082   0.006   0.000   0.000   0.000 1509929000
24.21   4.21   45.608
24.21   5.00    0.234    0.166
24.21   5.00    0.400   46.475
24.21   5.00    0.384    0.201   0.400   0.166
24.21   5.00    0.384    0.200   0.400   0.166

24.22   0.00    0.165    0.164   0.032   0.036   0.002   0.006   0.082   0.006   0.000   0.000   0.000 1510552000
24.22   4.21   45.604
24.22   5.00    0.234    0.166
24.22   5.00    0.400   46.472
24.22   5.00    0.384    0.201   0.400   0.166
24.22   5.00    0.384    0.200   0.400   0.166

24.23   0.00    0.165    0.164   0.032   0.036   0.002   0.006   0.082   0.006   0.000   0.000   0.000 1511176000
24.23   4.21   45.601
24.23   5.00    0.234    0.166
24.23   5.00    0.400   46.469
24.23   5.00    0.384    0.201   0.400   0.166
24.23   5.00    0.384    0.200   0.400   0.166

24.24   0.00    0.165    0.164   0.032   0.036   0.002   0.006   0.082   0.006   0.000   0.000   0.000 1511800000
24.24   4.21   45.598
24.24   5.00    0.234    0.166
24.24   5.00    0.400   46.466
24.24   5.00    0.384    0.201   0.400   0.166
24.24   5.00    0.384    0.200   0.400   0.166

24.25   0.00    0.165    0.164   0.032   0.036   0.002   0.006   0.082   0.006   0.000   0.000   0.000 1512424000
24.25   4.21   45.594
24.25   5.00    0.234    0.166
24.25   5.00    0.400   46.463
24.25   5.00    0.384    0.201   0.400   0.166
24.25   5.00    0.384    0.200   0.400   0.166

24.26   0.00    0.165    0.164   0.032   0.036   0.002   0.006   0.082   0.006   0.000   0.000   0.000 1513047000
24.26   4.21   45.591
24.26   5.00    0.234    0.166
24.26   5.00    0.400   46.460
24.26   5.00    0.384    0.201   0.400   0.166
24.26   5.00    0.384    0.200   0.400   0.166

24.27   0.00    0.165    0.164   0.032   0.036   0.002   0.006   0.082   0.006   0.000   0.000   0.000 1513671000
24.27   4.21   45.588
24.27   5.00    0.234    0.166
24.27   5.00    0.400   46.457
24.27   5.00    0.384    0.201   0.400   0.166
24.27   5.00    0.384    0.200   0.400   0.166

24.28   0.00    0.165    0.164   0.032   0.036   0.002   0.006   0.082   0.006   0.000   0.000   0.000 1514295000
24.28   4.21   45.584
24.28   5.00    0.234    0.166
24.28   5.00    0.400   46.454
24.28   5.00    0.384    0.201   0.400   0.166
24.28   5.00    0.384    0.200   0.400   0.166

24.29   0.00    0.165    0.164   0.032   0.036   0.002   0.006   0.082   0.006   0.000   0.000   0.000 1514918000
24.29   4.20   45.581
24.29   5.00    0.234    0.166
24.29   5.00    0.400   46.451
24.29   5.00    0.384    0.201   0.400   0.166
24.29   5.00    0.384    0.200   0.400   0.166

24.30   0.00    0.165    0.164   0.032   0.036   0.002   0.006   0.082   0.006   0.000   0.000   0.000 1515542000
24.30   4.20   45.578
24.30   5.00    0.234    0.166
24.30   5.00    0.400   46.448
24.30   5.00    0.384    0.200   0.400   0.166
24.30   5.00    0.384    0.200   0.400   0.166

24.31   0.00    0.165    0.164   0.032   0.036   0.002   0.006   0.082   0.006   0.000   0.000   0.000 1516166000
24.31   4.20   45.574
24.31   5.00    0.234    0.166
24.31   5.00    0.400   46.445
24.31   5.00    0.384    0.200   0.400   0.166
24.31   5.00    0.384    0.200   0.400   0.166

24.32   0.00    0.165    0.164   0.032   0.036   0.002   0.006   0.082   0.006   0.000   0.000   0.000 1516789000
24.32   4.20   45.571
24.32   5.00    0.234    0.166
24.32   5.00    0.400   46.442
24.32   5.00    0.384    0.200   0.400   0.166
24.32   5.00    0.384    0.200   0.400   0.166

24.33   0.00    0.165    0.164   0.032   0.036   0.002   0.006   0.082   0.006   0.000   0.000   0.000 1517413000
24.33   4.20   45.568
24.33   5.00    0.234    0.166
24.33   5.00    0.400   46.439
24.33   5.00    0.384    0.200   0.400   0.166
24.33   5.00    0.384    0.200   0.400   0.166

24.34   0.00    0.165    0.164   0.032   0.036   0.002   0.006   0.082   0.006   0.000   0.000   0.000 1518037000
24.34   4.20   45.564
24.34   5.00    0.234    0.166
24.34   5.00    0.400   46.436
24.34   5.00    0.384    0.200   0.400   0.166
24.34   5.00    0.384    0.200   0.400   0.166

24.35   0.00    0.165    0.164   0.032   0.036   0.002   0.006   0.082   0.006   0.000   0.000   0.000 1518660000
24.35   4.20   45.561
24.35   5.00    0.234    0.166
24.35   5.00    0.400   46.433
24.35   5.00    0.384    0.200   0.400   0.166
24.35   5.00    0.384    0.200   0.400   0.166

24.36   0.00    0.165    0.164   0.032   0.036   0.002   0.006   0.082   0.006   0.000   0.000   0.000 1519284000
24.36   4.20   45.558
24.36   5.00    0.234    0.166
24.36   5.00    0.400   46.430
24.36   5.00    0.384    0.200   0.400   0.166
24.36   5.00    0.384    0.200   0.400   0.166

24.37   0.00    0.165    0.164   0.032   0.036   0.002   0.006   0.082   0.006   0.000   0.000   0.000 1519908000
24.37   4.20   45.554
24.37   5.00    0.234    0.166
24.37   5.00    0.400   46.427
24.37   5.00    0.384    0.200   0.400   0.166
24.37   5.00    0.384    0.200   0.400   0.166

24.38   0.00    0.165    0.164   0.032   0.036   0.002   0.006   0.082   0.006   0.000   0.000   0.000 1520531000
24.38   4.20   45.551
24.38   5.00    0.234    0.166
24.38   5.00    0.400   46.424
24.38   5.00    0.384    0.200   0.400   0.166
24.38   5.00    0.384    0.200   0.400   0.166

24.39   0.00    0.165    0.164   0.032   0.036   0.002   0.006   0.082   0.006   0.000   0.000   0.000 1521155000
24.39   4.20   45.548
24.39   5.00    0.234    0.166
24.39   5.00    0.400   46.421
24.39   5.00    0.384    0.200   0.400   0.166
24.39   5.00    0.384    0.200   0.400   0.166

24.40   0.00    0.165    0.164   0.032   0.036   0.002   0.006   0.082   0.006   0.000   0.000   0.000 1521779000
24.40   4.20   45.544
24.40   5.00    0.234    0.166
24.40   5.00    0.400   46.418
24.40   5.00    0.384    0.200   0.400   0.166
24.40   5.00    0.384    0.200   0.400   0.166

24.41   0.00    0.165    0.164   0.032   0.036   0.002   0.006   0.082   0.006   0.000   0.000   0.000 1522402000
24.41   4.20   45.541
24.41   5.00    0.234    0.166
24.41   5.00    0.400   46.415
24.41   5.00    0.384    0.200   0.400   0.166
24.41   5.00    0.384    0.200   0.400   0.166

24.42   0.00    0.165    0.164   0.032   0.036   0.002   0.006   0.082   0.006   0.000   0.000   0.000 1523026000
24.42   4.20   45.538
24.42   5.00    0.234    0.166
24.42   5.00    0.399   46.412
24.42   5.00    0.383    0.200   0.399   0.166
24.42   5.00    0.384    0.200   0.399   0.166

24.43   0.00    0.165    0.164   0.032   0.036   0.002   0.006   0.082   0.006   0.000   0.000   0.000 1523650000
24.43   4.20   45.534
24.43   5.00    0.233    0.166
24.43   5.00    0.399   46.409
24.43   5.00    0.383    0.200   0.399   0.166
24.43   5.00    0.383    0.200   0.399   0.166

24.44   0.00    0.165    0.164   0.032   0.036   0.002   0.006   0.082   0.006   0.000   0.000   0.000 1524273000
24.44   4.20   45.531
24.44   5.00    0.233    0.166
24.44   5.00    0.399   46.406
24.44   5.00    0.383    0.200   0.399   0.166
24.44   5.00    0.383    0.200   0.399   0.166

24.45   0.00    0.165    0.164   0.032   0.036   0.002   0.006   0.082   0.006   0.000   0.000   0.000 1524897000
24.45   4.20   45.528
24.45   5.00    0.233    0.166
24.45   5.00    0.399   46.403
24.45   5.00    0.383    0.200   0.399   0.166
24.45   5.00    0.383    0.200   0.399   0.166

24.46   0.00    0.165    0.164   0.032   0.036   0.002   0.006   0.082   0.006   0.000   0.000   0.000 1525521000
24.46   4.20   45.524
24.46   5.00    0.233    0.166
24.46   5.00    0.399   46.400
24.46   5.00    0.383    0.200   0.399   0.166
24.46   5.00    0.383    0.200   0.399   0.166

24.47   0.00    0.165    0.164   0.032   0.036   0.002   0.006   0.082   0.006   0.000   0.000   0.000 1526144000
24.47   4.20   45.521
24.47   5.00    0.233    0.166
24.47   5.00    0.399   46.397
24.47   5.00    0.383    0.200   0.399   0.166
24.47   5.00    0.383    0.200   0.399   0.166

24.48   0.00    0.165    0.164   0.032   0.036   0.002   0.006   0.082   0.006   0.000   0.000   0.000 1526768000
24.48   4.20   45.518
24.48   5.00    0.233    0.166
24.48   5.00    0.399   46.394
24.48   5.00    0.383    0.200   0.399   0.166
24.48   5.00    0.383    0.200   0.399   0.166

24.49   0.00    0.165    0.164   0.032   0.036   0.002   0.006   0.082   0.006   0.000   0.000   0.000 1527392000
24.49   4.20   45.515
24.49   5.00    0.233    0.166
24.49   5.00    0.399   46.392
24.49   5.00    0.383    0.200   0.399   0.166
24.49   5.00    0.383    0.200   0.399   0.166

24.50   0.00    0.165    0.164   0.032   0.036   0.002   0.006   0.082   0.006   0.000   0.000   0.000 1528015000
24.50   4.20   45.511
24.50   5.00    0.233    0.166
24.50   5.00    0.399   46.389
24.50   5.00    0.383    0.200   0.399   0.166
24.50   5.00    0.383    0.200   0.399   0.166

24.51   0.00    0.165    0.164   0.032   0.036   0.002   0.006   0.082   0.006   0.000   0.000   0.000 1528639000
24.51   4.19   45.508
24.51   5.00    0.233    0.166
24.51   5.00    0.399   46.386
24.51   5.00    0.383    0.200   0.399   0.166
24.51   5.00    0.383    0.200   0.399   0.166

24.52   0.00    0.165    0.164   0.032   0.036   0.002   0.006   0.082   0.006   0.000   0.000   0.000 1529263000
24.52   4.19   45.505
24.52   5.00    0.233    0.166
24.52   5.00    0.399   46.383
24.52   5.00    0.383    0.200   0.399   0.166
24.52   5.00    0.383    0.200   0.399   0.166

24.53   0.00    0.165    0.164   0.032   0.036   0.002   0.006   0.082   0.006   0.000   0.000   0.000 1529887000
24.53   4.19   45.501
24.53   5.00    0.233    0.166
24.53   5.00    0.399   46.380
24.53   5.00    0.383    0.200   0.399   0.166
24.53   5.00    0.383    0.200   0.399   0.166

24.54   0.00    0.165    0.164   0.032   0.036   0.002   0.006   0.082   0.006   0.000   0.000   0.000 1530510000
24.54   4.19   45.498
24.54   5.00    0.233    0.166
24.54   5.00    0.399   46.377
24.54   5.00    0.383    0.200   0.399   0.166
24.54   5.00    0.383    0.200   0.399   0.166

24.55   0.00    0.165    0.164   0.032   0.036   0.002   0.006   0.082   0.006   0.000   0.000   0.000 1531134000
24.55   4.19   45.495
24.55   5.00    0.233    0.166
24.55   5.00    0.399   46.374
24.55   5.00    0.383    0.200   0.399   0.166
24.55   5.00    0.383    0.200   0.399   0.166

24.56   0.00    0.165    0.164   0.032   0.036   0.002   0.006   0.082   0.006   0.000   0.000   0.000 1531758000
24.56   4.19   45.492
24.56   5.00    0.233    0.166
24.56   5.00    0.399   46.371
24.56   5.00    0.383    0.200   0.399   0.166
24.56   5.00    0.383    0.200   0.399   0.166

24.57   0.00    0.165    0.164   0.032   0.036   0.002   0.006   0.082   0.006   0.000   0.000   0.000 1532381000
24.57   4.19   45.488
24.57   5.00    0.233    0.166
24.57   5.00    0.399   46.368
24.57   5.00    0.383    0.200   0.399   0.166
24.57   5.00    0.383    0.200   0.399   0.166

24.58   0.00    0.165    0.164   0.032   0.036   0.002   0.006   0.082   0.006   0.000   0.000   0.000 1533005000
24.58   4.19   45.485
24.58   5.00    0.233    0.166
24.58   5.00    0.399   46.365
24.58   5.00    0.383    0.200   0.399   0.166
24.58   5.00    0.383    0.200   0.399   0.166

24.59   0.00    0.165    0.164   0.032   0.036   0.002   0.006   0.082   0.006   0.000   0.000   0.000 1533629000
24.59   4.19   45.482
24.59   5.00    0.233    0.166
24.59   5.00    0.399   46.362
24.59   5.00    0.383    0.200   0.399   0.166
24.59   5.00    0.383    0.200   0.399   0.166

24.60   0.00    0.165    0.164   0.032   0.036   0.002   0.006   0.082   0.006   0.000   0.000   0.000 1534252000
24.60   4.19   45.478
24.60   5.00    0.233    0.166
24.60   5.00    0.399   46.359
24.60   5.00    0.383    0.200   0.399   0.166
24.60   5.00    0.383    0.200   0.399   0.166

24.61   0.00    0.165    0.164   0.032   0.036   0.002   0.006   0.082   0.006   0.000   0.000   0.000 1534876000
24.61   4.19   45.475
24.61   5.00    0.233    0.166
24.61   5.00    0.399   46.356
24.61   5.00    0.383    0.200   0.399   0.166
24.61   5.00    0.383    0.200   0.399   0.166

24.62   0.00    0.165    0.164   0.032   0.036   0.002   0.006   0.082   0.006   0.000   0.000   0.000 1535500000
24.62   4.19   45.472
24.62   5.00    0.233    0.166
24.62   5.00    0.399   46.353
24.62   5.00    0.383    0.200   0.399   0.166
24.62   5.00    0.383    0.200   0.399   0.166

24.63   0.00    0.165    0.164   0.032   0.036   0.002   0.006   0.082   0.006   0.000   0.000   0.000 1536123000
24.63   4.19   45.469
24.63   5.00    0.233    0.166
24.63   5.00    0.399   46.351
24.63   5.00    0.383    0.200   0.399   0.166
24.63   5.00    0.383    0.200   0.399   0.166

24.64   0.00    0.165    0.164   0.032   0.036   0.002   0.006   0.082   0.006   0.000   0.000   0.000 1536747000
24.64   4.19   45.465
24.64   5.00    0.233    0.166
24.64   5.00    0.399   46.348
24.64   5.00    0.383    0.200   0.399   0.166
24.64   5.00    0.383    0.200   0.399   0.166

24.65   0.00    0.165    0.164   0.032   0.036   0.002   0.006   0.082   0.006   0.000   0.000   0.000 1537371000
24.65   4.19   45.462
24.65   5.00    0.233    0.166
24.65   5.00    0.399   46.345
24.65   5.00    0.383    0.200   0.399   0.166
24.65   5.00    0.383    0.200   0.399   0.166

24.66   0.00    0.165    0.164   0.032   0.036   0.002   0.006   0.082   0.006   0.000   0.000   0.000 1537994000
24.66   4.19   45.459
24.66   5.00    0.233    0.166
24.66   5.00    0.399   46.342
24.66   5.00    0.383    0.200   0.399   0.166
24.66   5.00    0.383    0.200   0.399   0.166

24.67   0.00    0.165    0.164   0.032   0.036   0.002   0.006   0.082   0.006   0.000   0.000   0.000 1538618000
24.67   4.19   45.456
24.67   5.00    0.233    0.166
24.67   5.00    0.398   46.339
24.67   5.00    0.382    0.200   0.398   0.166
24.67   5.00    0.383    0.200   0.398   0.166

24.68   0.00    0.165    0.164   0.032   0.036   0.002   0.006   0.082   0.006   0.000   0.000   0.000 1539242000
24.68   4.19   45.452
24.68   5.00    0.232    0.166
24.68   5.00    0.398   46.336
24.68   5.00    0.382    0.200   0.398   0.166
24.68   5.00    0.383    0.200   0.398   0.166

24.69   0.00    0.165    0.164   0.032   0.036   0.002   0.006   0.082   0.006   0.000   0.000   0.000 1539865000
24.69   4.19   45.449
24.69   5.00    0.232    0.166
24.69   5.00    0.398   46.333
24.69   5.00    0.382    0.200   0.398   0.166
24.69   5.00    0.382    0.200   0.398   0.166

24.70   0.00    0.165    0.164   0.032   0.036   0.002   0.006   0.082   0.006   0.000   0.000   0.000 1540489000
24.70   4.19   45.446
24.70   5.00    0.232    0.166
24.70   5.00    0.398   46.330
24.70   5.00    0.382    0.200   0.398   0.166
24.70   5.00    0.382    0.200   0.398   0.166

24.71   0.00    0.165    0.164   0.032   0.036   0.002   0.006   0.082   0.006   0.000   0.000   0.000 1541113000
24.71   4.19   45.442
24.71   5.00    0.232    0.166
24.71   5.00    0.398   46.327
24.71   5.00    0.382    0.200   0.398   0.166
24.71   5.00    0.382    0.200   0.398   0.166

24.72   0.00    0.165    0.164   0.032   0.036   0.002   0.006   0.082   0.006   0.000   0.000   0.000 1541736000
24.72   4.19   45.439
24.72   5.00    0.232    0.166
24.72   5.00    0.398   46.324
24.72   5.00    0.382    0.200   0.398   0.166
24.72   5.00    0.382    0.200   0.398   0.166

24.73   0.00    0.165    0.164   0.032   0.036   0.002   0.006   0.082   0.006   0.000   0.000   0.000 1542360000
24.73   4.18   45.436
24.73   5.00    0.232    0.166
24.73   5.00    0.398   46.322
24.73   5.00    0.382    0.200   0.398   0.166
24.73   5.00    0.382    0.200   0.398   0.166

24.74   0.00    0.165    0.164   0.032   0.036   0.002   0.006   0.082   0.006   0.000   0.000   0.000 1542984000
24.74   4.18   45.433
24.74   5.00    0.232    0.166
24.74   5.00    0.398   46.319
24.74   5.00    0.382    0.200   0.398   0.166
24.74   5.00    0.382    0.200   0.398   0.166

24.75   0.00    0.165    0.164   0.032   0.036   0.002   0.006   0.082   0.006   0.000   0.000   0.000 1543608000
24.75   4.18   45.429
24.75   5.00    0.232    0.166
24.75   5.00    0.398   46.316
24.75   5.00    0.382    0.200   0.398   0.166
24.75   5.00    0.382    0.200   0.398   0.166

24.76   0.00    0.165    0.164   0.032   0.036   0.002   0.006   0.082   0.006   0.000   0.000   0.000 1544231000
24.76   4.18   45.426
24.76   5.00    0.232    0.166
24.76   5.00    0.398   46.313
24.76   5.00    0.382    0.200   0.398   0.166
24.76   5.00    0.382    0.200   0.398   0.166

24.77   0.00    0.165    0.164   0.032   0.036   0.002   0.006   0.082   0.006   0.000   0.000   0.000 1544855000
24.77   4.18   45.423
24.77   5.00    0.232    0.166
24.77   5.00    0.398   46.310
24.77   5.00    0.382    0.200   0.398   0.166
24.77   5.00    0.382    0.200   0.398   0.166

24.78   0.00    0.165    0.164   0.032   0.036   0.002   0.006   0.082   0.006   0.000   0.000   0.000 1545479000
24.78   4.18   45.420
24.78   5.00    0.232    0.166
24.78   5.00    0.398   46.307
24.78   5.00    0.382    0.200   0.398   0.166
24.78   5.00    0.382    0.200   0.398   0.166

24.79   0.00    0.165    0.164   0.032   0.036   0.002   0.006   0.082   0.006   0.000   0.000   0.000 1546102000
24.79   4.18   45.417
24.79   5.00    0.232    0.166
24.79   5.00    0.398   46.304
24.79   5.00    0.382    0.200   0.398   0.166
24.79   5.00    0.382    0.200   0.398   0.166

24.80   0.00    0.165    0.164   0.032   0.036   0.002   0.006   0.082   0.006   0.000   0.000   0.000 1546726000
24.80   4.18   45.413
24.80   5.00    0.232    0.166
24.80   5.00    0.398   46.301
24.80   5.00    0.382    0.200   0.398   0.166
24.80   5.00    0.382    0.200   0.398   0.166

24.81   0.00    0.165    0.164   0.032   0.036   0.002   0.006   0.082   0.006   0.000   0.000   0.000 1547350000
24.81   4.18   45.410
24.81   5.00    0.232    0.166
24.81   5.00    0.398   46.298
24.81   5.00    0.382    0.200   0.398   0.166
24.81   5.00    0.382    0.200   0.398   0.166

24.82   0.00    0.165    0.164   0.032   0.036   0.002   0.006   0.082   0.006   0.000   0.000   0.000 1547973000
24.82   4.18   45.407
24.82   5.00    0.232    0.166
24.82   5.00    0.398   46.296
24.82   5.00    0.382    0.200   0.398   0.166
24.82   5.00    0.382    0.200   0.398   0.166

24.83   0.00    0.165    0.164   0.032   0.036   0.002   0.006   0.082   0.006   0.000   0.000   0.000 1548597000
24.83   4.18   45.404
24.83   5.00    0.232    0.166
24.83   5.00    0.398   46.293
24.83   5.00    0.382    0.200   0.398   0.166
24.83   5.00    0.382    0.200   0.398   0.166

24.84   0.00    0.165    0.164   0.032   0.036   0.002   0.006   0.082   0.006   0.000   0.000   0.000 1549221000
24.84   4.18   45.400
24.84   5.00    0.232    0.166
24.84   5.00    0.398   46.290
24.84   5.00    0.382    0.200   0.398   0.166
24.84   5.00    0.382    0.200   0.398   0.166

24.85   0.00    0.165    0.164   0.032   0.036   0.002   0.006   0.082   0.006   0.000   0.000   0.000 1549844000
24.85   4.18   45.397
24.85   5.00    0.232    0.166
24.85   5.00    0.398   46.287
24.85   5.00    0.382    0.200   0.398   0.166
24.85   5.00    0.382    0.200   0.398   0.166

24.86   0.00    0.165    0.164   0.032   0.036   0.002   0.006   0.082   0.006   0.000   0.000   0.000 1550468000
24.86   4.18   45.394
24.86   5.00    0.232    0.166
24.86   5.00    0.398   46.284
24.86   5.00    0.382    0.200   0.398   0.166
24.86   5.00    0.382    0.200   0.398   0.166

24.87   0.00    0.165    0.164   0.032   0.036   0.002   0.006   0.082   0.006   0.000   0.000   0.000 1551092000
24.87   4.18   45.391
24.87   5.00    0.232    0.166
24.87   5.00    0.398   46.281
24.87   5.00    0.382    0.200   0.398   0.166
24.87   5.00    0.382    0.200   0.398   0.166

24.88   0.00    0.165    0.164   0.032   0.036   0.002   0.006   0.082   0.006   0.000   0.000   0.000 1551715000
24.88   4.18   45.387
24.88   5.00    0.232    0.166
24.88   5.00    0.398   46.278
24.88   5.00    0.382    0.200   0.398   0.166
24.88   5.00    0.382    0.200   0.398   0.166

24.89   0.00    0.165    0.164   0.032   0.036   0.002   0.006   0.082   0.006   0.000   0.000   0.000 1552339000
24.89   4.18   45.384
24.89   5.00    0.232    0.166
24.89   5.00    0.398   46.276
24.89   5.00    0.382    0.200   0.398   0.166
24.89   5.00    0.382    0.200   0.398   0.166

24.90   0.00    0.165    0.164   0.032   0.036   0.002   0.006   0.082   0.006   0.000   0.000   0.000 1552963000
24.90   4.18   45.381
24.90   5.00    0.232    0.166
24.90   5.00    0.398   46.273
24.90   5.00    0.382    0.200   0.398   0.166
24.90   5.00    0.382    0.200   0.398   0.166

24.91   0.00    0.165    0.164   0.032   0.036   0.002   0.006   0.082   0.006   0.000   0.000   0.000 1553586000
24.91   4.18   45.378
24.91   5.00    0.232    0.166
24.91   5.00    0.398   46.270
24.91   5.00    0.382    0.200   0.398   0.166
24.91   5.00    0.382    0.200   0.398   0.166

24.92   0.00    0.165    0.164   0.032   0.036   0.002   0.006   0.082   0.006   0.000   0.000   0.000 1554210000
24.92   4.18   45.375
24.92   5.00    0.232    0.166
24.92   5.00    0.398   46.267
24.92   5.00    0.382    0.200   0.398   0.166
24.92   5.00    0.382    0.200   0.398   0.166

24.93   0.00    0.165    0.164   0.032   0.036   0.002   0.006   0.082   0.006   0.000   0.000   0.000 1554834000
24.93   4.18   45.371
24.93   5.00    0.231    0.166
24.93   5.00    0.397   46.264
24.93   5.00    0.381    0.200   0.397   0.166
24.93   5.00    0.382    0.200   0.397   0.166

24.94   0.00    0.165    0.164   0.032   0.036   0.002   0.006   0.082   0.006   0.000   0.000   0.000 1555457000
24.94   4.18   45.368
24.94   5.00    0.231    0.166
24.94   5.00    0.397   46.261
24.94   5.00    0.381    0.200   0.397   0.166
24.94   5.00    0.381    0.200   0.397   0.166

24.95   0.00    0.165    0.164   0.032   0.036   0.002   0.006   0.082   0.006   0.000   0.000   0.000 1556081000
24.95   4.17   45.365
24.95   5.00    0.231    0.166
24.95   5.00    0.397   46.258
24.95   5.00    0.381    0.200   0.397   0.166
24.95   5.00    0.381    0.200   0.397   0.166

24.96   0.00    0.165    0.164   0.032   0.036   0.002   0.006   0.082   0.006   0.000   0.000   0.000 1556705000
24.96   4.17   45.362
24.96   5.00    0.231    0.166
24.96   5.00    0.397   46.256
24.96   5.00    0.381    0.200   0.397   0.166
24.96   5.00    0.381    0.200   0.397   0.166

24.97   0.00    0.165    0.164   0.032   0.036   0.002   0.006   0.082   0.006   0.000   0.000   0.000 1557328000
24.97   4.17   45.359
24.97   5.00    0.231    0.166
24.97   5.00    0.397   46.253
24.97   5.00    0.381    0.200   0.397   0.166
24.97   5.00    0.381    0.200   0.397   0.166

24.98   0.00    0.165    0.164   0.032   0.036   0.002   0.006   0.082   0.006   0.000   0.000   0.000 1557952000
24.98   4.17   45.355
24.98   5.00    0.231    0.166
24.98   5.00    0.397   46.250
24.98   5.00    0.381    0.200   0.397   0.166
24.98   5.00    0.381    0.200   0.397   0.166

24.99   0.00    0.165    0.164   0.032   0.036   0.002   0.006   0.082   0.006   0.000   0.000   0.000 1558576000
24.99   4.17   45.352
24.99   5.00    0.231    0.166
24.99   5.00    0.397   46.247
24.99   5.00    0.381    0.200   0.397   0.166
24.99   5.00    0.381    0.200   0.397   0.166

25.00   0.00    0.165    0.164   0.032   0.036   0.002   0.006   0.082   0.006   0.000   0.000   0.000 1559199000
25.00   4.17   45.349
25.00   5.00    0.231    0.166
25.00   5.00    0.397   46.244
25.00   5.00    0.381    0.200   0.397   0.166
25.00   5.00    0.381    0.200   0.397   0.166
